Datetime,Open,High,Low,Close,Volume
2011-06-01 00:00:00,1.4424,1.44249,1.4422,1.4422,1572799987.7929688
2011-06-01 00:01:00,1.44219,1.44262,1.44218,1.44256,1998000030.5175781
2011-06-01 00:02:00,1.44256,1.44287,1.44256,1.44273,1473800048.828125
2011-06-01 00:03:00,1.44274,1.44274,1.4424,1.44244,1622299957.2753906
2011-06-01 00:04:00,1.44242,1.44256,1.44239,1.44244,1103300018.3105469
2011-06-01 00:05:00,1.44243,1.44243,1.44205,1.44229,2901099853.515625
2011-06-01 00:06:00,1.4423,1.4424,1.44177,1.44177,2286799926.7578125
2011-06-01 00:07:00,1.44174,1.44186,1.44152,1.44172,1903899993.8964844
2011-06-01 00:08:00,1.44171,1.44179,1.44156,1.44159,1006399993.8964844
2011-06-01 00:09:00,1.44156,1.4417,1.44144,1.4417,1271399993.8964844
2011-06-01 00:10:00,1.4417,1.442,1.4417,1.4419,836299972.5341797
2011-06-01 00:11:00,1.44191,1.44195,1.44176,1.44184,1065000000.0
2011-06-01 00:12:00,1.44186,1.44188,1.4417,1.44171,787300033.5693359
2011-06-01 00:13:00,1.44169,1.44183,1.44161,1.44183,882099990.8447266
2011-06-01 00:14:00,1.44183,1.44183,1.44158,1.44159,736500015.2587891
2011-06-01 00:15:00,1.44161,1.44174,1.44161,1.44165,727500000.0
2011-06-01 00:16:00,1.44166,1.4417,1.44152,1.44161,802500000.0
2011-06-01 00:17:00,1.4416,1.44192,1.44156,1.4419,1095000000.0
2011-06-01 00:18:00,1.4419,1.44216,1.4419,1.44203,856699981.6894531
2011-06-01 00:19:00,1.44205,1.44225,1.44199,1.4421,1511000061.0351562
2011-06-01 00:20:00,1.44208,1.44208,1.44151,1.44173,2292500000.0
2011-06-01 00:21:00,1.44173,1.44173,1.44146,1.44147,1709299926.7578125
2011-06-01 00:22:00,1.44145,1.44145,1.44131,1.44133,788300018.3105469
2011-06-01 00:23:00,1.44135,1.44139,1.44121,1.44139,1058300018.3105469
2011-06-01 00:24:00,1.44138,1.44138,1.44108,1.44108,1245000000.0
2011-06-01 00:25:00,1.44102,1.44121,1.44102,1.44121,710999984.7412109
2011-06-01 00:26:00,1.4412,1.44146,1.4412,1.44136,1226999969.4824219
2011-06-01 00:27:00,1.44136,1.44166,1.44136,1.44154,997500000.0
2011-06-01 00:28:00,1.44153,1.44174,1.44153,1.44163,878399963.3789062
2011-06-01 00:29:00,1.44162,1.44162,1.44139,1.44144,683199996.9482422
2011-06-01 00:30:00,1.44143,1.44143,1.44122,1.44125,688499984.7412109
2011-06-01 00:31:00,1.44125,1.4413,1.44124,1.44127,285000000.0
2011-06-01 00:32:00,1.44128,1.44146,1.44128,1.44135,487500000.0
2011-06-01 00:33:00,1.44135,1.4414,1.44117,1.44135,592500000.0
2011-06-01 00:34:00,1.44134,1.44148,1.44131,1.44143,922500000.0
2011-06-01 00:35:00,1.44143,1.44146,1.44137,1.44138,277500000.0
2011-06-01 00:36:00,1.44137,1.44145,1.44133,1.44133,562500000.0
2011-06-01 00:37:00,1.44133,1.44133,1.44102,1.44115,1185999984.741211
2011-06-01 00:38:00,1.44115,1.44164,1.44115,1.44154,1050000000.0
2011-06-01 00:39:00,1.44149,1.44155,1.44146,1.44153,382500000.0
2011-06-01 00:40:00,1.44153,1.44156,1.44152,1.44152,141000003.81469727
2011-06-01 00:41:00,1.44152,1.44162,1.44152,1.44156,407999992.37060547
2011-06-01 00:42:00,1.44156,1.44156,1.44143,1.44146,332999992.37060547
2011-06-01 00:43:00,1.44145,1.44146,1.44107,1.44128,1797200012.2070312
2011-06-01 00:44:00,1.44127,1.44135,1.44109,1.44129,1050000000.0
2011-06-01 00:45:00,1.4413,1.4413,1.44072,1.44075,1684700012.2070312
2011-06-01 00:46:00,1.44074,1.44099,1.4406,1.44097,1413899993.8964844
2011-06-01 00:47:00,1.44097,1.44112,1.44077,1.44109,936399993.8964844
2011-06-01 00:48:00,1.44107,1.44113,1.44096,1.44096,548300018.3105469
2011-06-01 00:49:00,1.44096,1.44106,1.44096,1.44106,523800010.68115234
2011-06-01 00:50:00,1.44105,1.44129,1.44085,1.44127,1517100067.1386719
2011-06-01 00:51:00,1.44127,1.44135,1.44125,1.44132,552099990.8447266
2011-06-01 00:52:00,1.44134,1.4415,1.44134,1.44141,693799972.5341797
2011-06-01 00:53:00,1.44143,1.44144,1.44123,1.44129,1351699981.6894531
2011-06-01 00:54:00,1.44129,1.44139,1.44122,1.44125,1378000030.5175781
2011-06-01 00:55:00,1.44129,1.44131,1.44089,1.44096,1978899993.8964844
2011-06-01 00:56:00,1.44095,1.44095,1.44075,1.4408,976500015.2587891
2011-06-01 00:57:00,1.4408,1.4408,1.44067,1.44074,720000000.0
2011-06-01 00:58:00,1.44074,1.4408,1.44066,1.44074,1198499984.741211
2011-06-01 00:59:00,1.44073,1.44073,1.44022,1.44031,1946399993.8964844
2011-06-01 01:00:00,1.44033,1.44125,1.44033,1.44122,2736000061.0351562
2011-06-01 01:01:00,1.44124,1.44124,1.44084,1.44099,3014599914.5507812
2011-06-01 01:02:00,1.44097,1.44112,1.44092,1.44111,1807500000.0
2011-06-01 01:03:00,1.44111,1.44118,1.44071,1.44071,1357599945.0683594
2011-06-01 01:04:00,1.44071,1.44092,1.44071,1.44074,742500000.0
2011-06-01 01:05:00,1.44074,1.4409,1.44055,1.44055,1357500000.0
2011-06-01 01:06:00,1.44055,1.44105,1.44053,1.44103,1414499969.4824219
2011-06-01 01:07:00,1.44101,1.44129,1.441,1.44109,1335000000.0
2011-06-01 01:08:00,1.44111,1.44138,1.44101,1.44119,2002599945.0683594
2011-06-01 01:09:00,1.4412,1.44124,1.44107,1.44117,1082799987.7929688
2011-06-01 01:10:00,1.44118,1.44127,1.44109,1.44123,761999969.4824219
2011-06-01 01:11:00,1.44127,1.44142,1.44127,1.44128,926399993.8964844
2011-06-01 01:12:00,1.44126,1.44139,1.44125,1.44134,703499984.7412109
2011-06-01 01:13:00,1.44134,1.44134,1.44113,1.44114,620999984.7412109
2011-06-01 01:14:00,1.44115,1.44125,1.44115,1.44122,690000000.0
2011-06-01 01:15:00,1.4412,1.44129,1.44103,1.44105,1500099945.0683594
2011-06-01 01:16:00,1.4411,1.4411,1.44081,1.4409,620999984.7412109
2011-06-01 01:17:00,1.44091,1.44114,1.44087,1.44089,1689299926.7578125
2011-06-01 01:18:00,1.44089,1.44096,1.44083,1.44087,982600021.3623047
2011-06-01 01:19:00,1.4409,1.4411,1.4409,1.44105,1243300018.3105469
2011-06-01 01:20:00,1.44105,1.44118,1.44094,1.44113,435800018.3105469
2011-06-01 01:21:00,1.44115,1.4412,1.44105,1.44112,1199499969.4824219
2011-06-01 01:22:00,1.44111,1.44111,1.44078,1.44078,897799987.7929688
2011-06-01 01:23:00,1.4408,1.4409,1.4408,1.44081,576800003.0517578
2011-06-01 01:24:00,1.44081,1.44102,1.4408,1.44102,541500015.2587891
2011-06-01 01:25:00,1.44102,1.44102,1.44072,1.44072,804000015.2587891
2011-06-01 01:26:00,1.4407,1.44081,1.44068,1.44068,1224000015.258789
2011-06-01 01:27:00,1.44066,1.44069,1.44061,1.44066,495000000.0
2011-06-01 01:28:00,1.44069,1.44082,1.44062,1.44064,994499969.4824219
2011-06-01 01:29:00,1.44063,1.44098,1.44063,1.44092,1460299987.7929688
2011-06-01 01:30:00,1.44093,1.44154,1.44077,1.44149,3214500122.0703125
2011-06-01 01:31:00,1.44141,1.44153,1.44109,1.44153,1526300048.828125
2011-06-01 01:32:00,1.44153,1.44189,1.44153,1.44189,1153499984.741211
2011-06-01 01:33:00,1.44189,1.44199,1.44184,1.44184,875999984.7412109
2011-06-01 01:34:00,1.4418,1.44183,1.44151,1.44151,1680000000.0
2011-06-01 01:35:00,1.44151,1.44169,1.44145,1.44149,1308099975.5859375
2011-06-01 01:36:00,1.44153,1.44159,1.44138,1.44147,1639600067.1386719
2011-06-01 01:37:00,1.44148,1.44166,1.44148,1.44166,1057500000.0
2011-06-01 01:38:00,1.44169,1.44177,1.44151,1.44177,1194800033.569336
2011-06-01 01:39:00,1.44175,1.44177,1.44139,1.44163,1900500030.5175781
2011-06-01 01:40:00,1.44162,1.44175,1.44152,1.44166,1151999969.4824219
2011-06-01 01:41:00,1.44164,1.44167,1.44146,1.44146,1006500015.2587891
2011-06-01 01:42:00,1.44144,1.44144,1.44114,1.4413,1341000061.0351562
2011-06-01 01:43:00,1.44129,1.4413,1.44106,1.44106,2240299987.7929688
2011-06-01 01:44:00,1.44106,1.44107,1.44081,1.44091,1425000000.0
2011-06-01 01:45:00,1.44089,1.44129,1.44082,1.441,1648600006.1035156
2011-06-01 01:46:00,1.44099,1.44106,1.44089,1.44096,877500000.0
2011-06-01 01:47:00,1.44098,1.44144,1.44098,1.44116,1792500000.0
2011-06-01 01:48:00,1.44116,1.44128,1.44108,1.44127,457500000.0
2011-06-01 01:49:00,1.44125,1.44125,1.44114,1.44115,525000000.0
2011-06-01 01:50:00,1.44115,1.44115,1.44111,1.44113,397500000.0
2011-06-01 01:51:00,1.44114,1.44117,1.44113,1.44115,397500000.0
2011-06-01 01:52:00,1.44115,1.4412,1.44112,1.44119,360000000.0
2011-06-01 01:53:00,1.44119,1.44135,1.44119,1.44135,1133300018.3105469
2011-06-01 01:54:00,1.44134,1.44156,1.44134,1.44147,1504199981.6894531
2011-06-01 01:55:00,1.44148,1.4415,1.44135,1.4415,1174499969.4824219
2011-06-01 01:56:00,1.44153,1.44159,1.4415,1.44159,207000007.62939453
2011-06-01 01:57:00,1.44157,1.44158,1.44145,1.44158,847500000.0
2011-06-01 01:58:00,1.44157,1.44164,1.44155,1.44155,1143799972.5341797
2011-06-01 01:59:00,1.44163,1.44173,1.44142,1.4415,815999984.7412109
2011-06-01 02:00:00,1.4415,1.44171,1.44143,1.44165,1330399932.8613281
2011-06-01 02:01:00,1.44165,1.4422,1.44165,1.44218,1589799957.2753906
2011-06-01 02:02:00,1.44216,1.4422,1.44204,1.4421,1198499984.741211
2011-06-01 02:03:00,1.44208,1.44222,1.44195,1.44195,1545800018.3105469
2011-06-01 02:04:00,1.44198,1.44205,1.44194,1.442,1065000000.0
2011-06-01 02:05:00,1.44199,1.44203,1.44163,1.44163,1297500000.0
2011-06-01 02:06:00,1.44166,1.44184,1.44136,1.44136,864000015.2587891
2011-06-01 02:07:00,1.44136,1.44157,1.44136,1.44141,787500000.0
2011-06-01 02:08:00,1.44139,1.44139,1.4412,1.44135,825000000.0
2011-06-01 02:09:00,1.44135,1.44136,1.44123,1.44133,1189499969.4824219
2011-06-01 02:10:00,1.44131,1.44145,1.44124,1.44136,656999969.4824219
2011-06-01 02:11:00,1.44134,1.44159,1.44125,1.44159,815999984.7412109
2011-06-01 02:12:00,1.44163,1.4417,1.44163,1.44166,470999984.74121094
2011-06-01 02:13:00,1.44167,1.4419,1.44167,1.44186,740299987.7929688
2011-06-01 02:14:00,1.44186,1.44189,1.44174,1.44187,1029000015.2587891
2011-06-01 02:15:00,1.44186,1.44203,1.44176,1.44203,1583999938.9648438
2011-06-01 02:16:00,1.44199,1.44204,1.44194,1.44198,727500000.0
2011-06-01 02:17:00,1.44198,1.44199,1.44185,1.44187,834000015.2587891
2011-06-01 02:18:00,1.44187,1.44187,1.44179,1.44179,166499996.18530273
2011-06-01 02:19:00,1.4418,1.44194,1.44164,1.44174,1087500000.0
2011-06-01 02:20:00,1.44175,1.44187,1.44172,1.44172,1030699996.9482422
2011-06-01 02:21:00,1.44171,1.44172,1.4417,1.4417,1155000000.0
2011-06-01 02:22:00,1.44172,1.44192,1.4417,1.44189,568600006.1035156
2011-06-01 02:23:00,1.44189,1.44202,1.44186,1.44197,686999969.4824219
2011-06-01 02:24:00,1.44197,1.44203,1.44195,1.44196,232500000.0
2011-06-01 02:25:00,1.44197,1.44207,1.44196,1.44204,495000000.0
2011-06-01 02:26:00,1.44202,1.44208,1.44198,1.44205,397500000.0
2011-06-01 02:27:00,1.44206,1.44206,1.4419,1.44194,774599990.8447266
2011-06-01 02:28:00,1.44193,1.44195,1.44187,1.44188,285000000.0
2011-06-01 02:29:00,1.44188,1.44201,1.44186,1.44201,262500000.0
2011-06-01 02:30:00,1.44201,1.4424,1.44201,1.44237,1965000000.0
2011-06-01 02:31:00,1.44236,1.4426,1.44236,1.44258,990100021.3623047
2011-06-01 02:32:00,1.44258,1.44264,1.44224,1.44224,1665800018.3105469
2011-06-01 02:33:00,1.44221,1.4423,1.44216,1.4423,619500007.6293945
2011-06-01 02:34:00,1.4423,1.4423,1.44209,1.44218,620999984.7412109
2011-06-01 02:35:00,1.44215,1.44241,1.44214,1.4423,815999984.7412109
2011-06-01 02:36:00,1.44229,1.44229,1.44214,1.44214,315000000.0
2011-06-01 02:37:00,1.44214,1.44229,1.44211,1.44229,397500000.0
2011-06-01 02:38:00,1.44231,1.44255,1.44231,1.44236,643499984.7412109
2011-06-01 02:39:00,1.44238,1.44238,1.44233,1.44236,127500000.0
2011-06-01 02:40:00,1.44236,1.44236,1.442,1.44217,828799972.5341797
2011-06-01 02:41:00,1.44215,1.44223,1.44214,1.4422,277500000.0
2011-06-01 02:42:00,1.44219,1.4422,1.44219,1.4422,165000000.0
2011-06-01 02:43:00,1.4422,1.44226,1.44209,1.44226,418400001.5258789
2011-06-01 02:44:00,1.44227,1.44228,1.44204,1.44221,1004800033.5693359
2011-06-01 02:45:00,1.44221,1.44221,1.44206,1.44208,487500000.0
2011-06-01 02:46:00,1.44207,1.44207,1.44191,1.44193,540000000.0
2011-06-01 02:47:00,1.44195,1.44195,1.4419,1.44195,473699989.31884766
2011-06-01 02:48:00,1.44195,1.44232,1.44195,1.44212,692399978.6376953
2011-06-01 02:49:00,1.4421,1.44221,1.44208,1.44219,510000000.0
2011-06-01 02:50:00,1.44219,1.44224,1.44199,1.44211,934499969.4824219
2011-06-01 02:51:00,1.4421,1.4421,1.44183,1.44186,1043300018.3105469
2011-06-01 02:52:00,1.44187,1.4419,1.44186,1.4419,330000000.0
2011-06-01 02:53:00,1.44188,1.4419,1.4417,1.44179,825000000.0
2011-06-01 02:54:00,1.44182,1.44202,1.44181,1.44191,645000000.0
2011-06-01 02:55:00,1.44191,1.44193,1.44174,1.44179,776999969.4824219
2011-06-01 02:56:00,1.44179,1.44179,1.44159,1.44163,380999984.74121094
2011-06-01 02:57:00,1.44163,1.44178,1.44163,1.44178,60000000.0
2011-06-01 02:58:00,1.44178,1.44185,1.44163,1.44185,592500000.0
2011-06-01 02:59:00,1.44186,1.44198,1.44167,1.44178,1237200012.2070312
2011-06-01 03:00:00,1.44178,1.44189,1.44163,1.44169,1033600006.1035156
2011-06-01 03:01:00,1.44169,1.44172,1.44154,1.44158,712500000.0
2011-06-01 03:02:00,1.44156,1.44164,1.44151,1.4416,660500030.5175781
2011-06-01 03:03:00,1.4416,1.4416,1.44154,1.44154,97500000.0
2011-06-01 03:04:00,1.44155,1.44158,1.44152,1.44152,442500000.0
2011-06-01 03:05:00,1.44151,1.44151,1.44151,1.44151,60000000.0
2011-06-01 03:06:00,1.44151,1.44151,1.44126,1.44136,563300018.3105469
2011-06-01 03:07:00,1.44134,1.4414,1.4413,1.44132,334500007.62939453
2011-06-01 03:08:00,1.44129,1.44133,1.44092,1.44099,1717799987.7929688
2011-06-01 03:09:00,1.44101,1.44107,1.44087,1.44098,862099990.8447266
2011-06-01 03:10:00,1.44098,1.44114,1.44097,1.44113,515999984.74121094
2011-06-01 03:11:00,1.44113,1.44118,1.44112,1.44113,686999969.4824219
2011-06-01 03:12:00,1.44113,1.44113,1.44113,1.44113,165000000.0
2011-06-01 03:13:00,1.44114,1.44114,1.44111,1.44111,106899995.80383301
2011-06-01 03:14:00,1.44112,1.44146,1.44112,1.44146,604500007.6293945
2011-06-01 03:15:00,1.44146,1.44158,1.44144,1.44152,750000000.0
2011-06-01 03:16:00,1.44148,1.44176,1.44139,1.44161,1399499969.4824219
2011-06-01 03:17:00,1.44161,1.44182,1.44143,1.44146,1181999969.4824219
2011-06-01 03:18:00,1.44145,1.44155,1.44145,1.44152,420000000.0
2011-06-01 03:19:00,1.44151,1.44163,1.44151,1.44163,262500000.0
2011-06-01 03:20:00,1.44166,1.44201,1.44166,1.44192,2425299987.7929688
2011-06-01 03:21:00,1.44193,1.44205,1.44176,1.44189,1842400054.9316406
2011-06-01 03:22:00,1.44189,1.44207,1.44185,1.44202,1461300048.828125
2011-06-01 03:23:00,1.44209,1.4421,1.4419,1.44192,793499984.7412109
2011-06-01 03:24:00,1.44191,1.44201,1.44189,1.44201,410999984.74121094
2011-06-01 03:25:00,1.44203,1.4422,1.44199,1.44219,1264599990.8447266
2011-06-01 03:26:00,1.4422,1.44226,1.44209,1.44223,1987500000.0
2011-06-01 03:27:00,1.44223,1.44242,1.44219,1.4423,1566000061.0351562
2011-06-01 03:28:00,1.4423,1.44239,1.44206,1.44209,1665000000.0
2011-06-01 03:29:00,1.44208,1.44227,1.44204,1.44227,1237500000.0
2011-06-01 03:30:00,1.44232,1.44232,1.44216,1.44225,2237299957.2753906
2011-06-01 03:31:00,1.44225,1.4424,1.44221,1.44233,1698800048.828125
2011-06-01 03:32:00,1.44236,1.44252,1.44236,1.44248,1395000000.0
2011-06-01 03:33:00,1.44247,1.44302,1.44247,1.4429,1687500000.0
2011-06-01 03:34:00,1.4429,1.4429,1.44254,1.44264,1402599945.0683594
2011-06-01 03:35:00,1.44266,1.44282,1.44264,1.44265,1352299957.2753906
2011-06-01 03:36:00,1.44265,1.44283,1.44264,1.44275,1358999938.9648438
2011-06-01 03:37:00,1.44276,1.44281,1.44266,1.44281,1005000000.0
2011-06-01 03:38:00,1.44282,1.44291,1.44271,1.44274,2025000000.0
2011-06-01 03:39:00,1.44276,1.44299,1.44273,1.44298,1185000000.0
2011-06-01 03:40:00,1.44299,1.44299,1.44258,1.44261,2172100067.138672
2011-06-01 03:41:00,1.44261,1.44261,1.44234,1.44237,1989299926.7578125
2011-06-01 03:42:00,1.44237,1.44247,1.44235,1.44237,1267500000.0
2011-06-01 03:43:00,1.44237,1.44244,1.4421,1.44215,2276999969.482422
2011-06-01 03:44:00,1.44219,1.4422,1.4419,1.44194,1512100067.1386719
2011-06-01 03:45:00,1.44194,1.44206,1.44193,1.44204,452299995.4223633
2011-06-01 03:46:00,1.44208,1.44208,1.44202,1.44204,425999984.74121094
2011-06-01 03:47:00,1.44204,1.44213,1.44201,1.44211,1066500015.2587891
2011-06-01 03:48:00,1.44211,1.44216,1.4421,1.44216,232500000.0
2011-06-01 03:49:00,1.4421,1.44235,1.44209,1.44233,1220400009.1552734
2011-06-01 03:50:00,1.44233,1.44241,1.44223,1.44227,1153600006.1035156
2011-06-01 03:51:00,1.44229,1.44233,1.44221,1.44221,412500000.0
2011-06-01 03:52:00,1.4422,1.44221,1.44189,1.44195,885000000.0
2011-06-01 03:53:00,1.44195,1.44202,1.44182,1.44194,1562799987.7929688
2011-06-01 03:54:00,1.44193,1.44202,1.44185,1.44187,780000000.0
2011-06-01 03:55:00,1.44191,1.44193,1.44185,1.44189,570000000.0
2011-06-01 03:56:00,1.44189,1.44189,1.44186,1.44186,225000000.0
2011-06-01 03:57:00,1.44185,1.44191,1.44181,1.44183,549700012.2070312
2011-06-01 03:58:00,1.44185,1.44191,1.44182,1.44185,780000000.0
2011-06-01 03:59:00,1.44183,1.44216,1.4418,1.44211,1117500000.0
2011-06-01 04:00:00,1.44212,1.44214,1.44206,1.44214,551300010.6811523
2011-06-01 04:01:00,1.44216,1.44241,1.44216,1.44241,487500000.0
2011-06-01 04:02:00,1.44241,1.44241,1.44222,1.44225,795000000.0
2011-06-01 04:03:00,1.44225,1.44228,1.44225,1.44227,330000000.0
2011-06-01 04:04:00,1.4423,1.4424,1.4423,1.44239,382500000.0
2011-06-01 04:05:00,1.44237,1.44247,1.44233,1.44246,1022300033.5693359
2011-06-01 04:06:00,1.44244,1.44247,1.44234,1.44235,832500000.0
2011-06-01 04:07:00,1.44235,1.44242,1.44227,1.44227,990000000.0
2011-06-01 04:08:00,1.44226,1.44227,1.44224,1.44227,772500000.0
2011-06-01 04:09:00,1.44227,1.44229,1.44227,1.44228,240000000.0
2011-06-01 04:10:00,1.44228,1.44245,1.44226,1.44236,637500000.0
2011-06-01 04:11:00,1.44236,1.44242,1.44234,1.44242,330000000.0
2011-06-01 04:12:00,1.44244,1.44244,1.44235,1.44235,160499992.37060547
2011-06-01 04:13:00,1.44234,1.44236,1.44234,1.44236,81000003.81469727
2011-06-01 04:14:00,1.44236,1.44244,1.44232,1.44237,814499969.4824219
2011-06-01 04:15:00,1.44238,1.44238,1.44231,1.44232,298500003.81469727
2011-06-01 04:16:00,1.44232,1.44237,1.44221,1.44226,1368800048.828125
2011-06-01 04:17:00,1.44227,1.44235,1.44218,1.44233,1398800048.828125
2011-06-01 04:18:00,1.44232,1.44247,1.44231,1.44242,1215000000.0
2011-06-01 04:19:00,1.4424,1.44264,1.44234,1.4426,2587900085.4492188
2011-06-01 04:20:00,1.4426,1.44261,1.44251,1.44256,2490800018.310547
2011-06-01 04:21:00,1.44258,1.4431,1.44249,1.44304,2621000061.0351562
2011-06-01 04:22:00,1.44302,1.44309,1.4429,1.4429,1402500000.0
2011-06-01 04:23:00,1.44289,1.44289,1.44245,1.4426,2100099945.0683594
2011-06-01 04:24:00,1.4426,1.44268,1.44254,1.44267,600000000.0
2011-06-01 04:25:00,1.44266,1.44286,1.44265,1.44281,585099983.215332
2011-06-01 04:26:00,1.44278,1.44278,1.44242,1.44251,870100021.3623047
2011-06-01 04:27:00,1.4425,1.44256,1.44236,1.44256,680299987.7929688
2011-06-01 04:28:00,1.44257,1.44279,1.44246,1.44257,1337299957.2753906
2011-06-01 04:29:00,1.44257,1.44267,1.44252,1.44256,517500000.0
2011-06-01 04:30:00,1.44258,1.44263,1.44241,1.4426,980999984.7412109
2011-06-01 04:31:00,1.44261,1.44273,1.44255,1.44261,1993699951.171875
2011-06-01 04:32:00,1.44261,1.44269,1.4425,1.44253,788700027.4658203
2011-06-01 04:33:00,1.44255,1.44265,1.44255,1.44256,714800033.5693359
2011-06-01 04:34:00,1.44257,1.44261,1.44251,1.44252,337500000.0
2011-06-01 04:35:00,1.44253,1.44258,1.44247,1.44253,578300018.3105469
2011-06-01 04:36:00,1.44252,1.44255,1.4424,1.4424,750000000.0
2011-06-01 04:37:00,1.44241,1.44241,1.44239,1.4424,97500000.0
2011-06-01 04:38:00,1.4424,1.4426,1.4424,1.44257,778499984.7412109
2011-06-01 04:39:00,1.44257,1.44257,1.44246,1.44249,195000000.0
2011-06-01 04:40:00,1.44249,1.4426,1.44249,1.44254,300000000.0
2011-06-01 04:41:00,1.44254,1.4426,1.44254,1.4426,292500000.0
2011-06-01 04:42:00,1.4426,1.4427,1.44255,1.44267,650999984.7412109
2011-06-01 04:43:00,1.44273,1.44303,1.44273,1.44295,1102500000.0
2011-06-01 04:44:00,1.44296,1.44306,1.4429,1.44292,660000000.0
2011-06-01 04:45:00,1.44291,1.44291,1.44264,1.44266,1048499984.7412109
2011-06-01 04:46:00,1.44264,1.44297,1.44262,1.44288,720100021.3623047
2011-06-01 04:47:00,1.44288,1.44295,1.44281,1.44281,697500000.0
2011-06-01 04:48:00,1.44281,1.4431,1.4428,1.4431,1886300048.828125
2011-06-01 04:49:00,1.44315,1.44345,1.44315,1.44338,1392200012.2070312
2011-06-01 04:50:00,1.44338,1.44352,1.44323,1.44329,2591499938.9648438
2011-06-01 04:51:00,1.44329,1.44337,1.44327,1.44329,1758000030.5175781
2011-06-01 04:52:00,1.44329,1.44339,1.44329,1.44334,1313999938.9648438
2011-06-01 04:53:00,1.44334,1.44345,1.44323,1.44344,1031299972.5341797
2011-06-01 04:54:00,1.44343,1.44348,1.44335,1.44339,890800018.3105469
2011-06-01 04:55:00,1.44338,1.44362,1.44338,1.44361,562500000.0
2011-06-01 04:56:00,1.4436,1.44366,1.44349,1.44359,1067300033.5693359
2011-06-01 04:57:00,1.4436,1.44365,1.44338,1.44347,1204499969.4824219
2011-06-01 04:58:00,1.44349,1.44355,1.44335,1.44339,1018700027.4658203
2011-06-01 04:59:00,1.44339,1.4434,1.44326,1.44335,521399993.8964844
2011-06-01 05:00:00,1.44332,1.44349,1.44328,1.44343,866299972.5341797
2011-06-01 05:01:00,1.44342,1.44345,1.4433,1.44333,1323800048.828125
2011-06-01 05:02:00,1.44335,1.44342,1.44328,1.44336,1403999938.9648438
2011-06-01 05:03:00,1.44336,1.44341,1.44325,1.44325,1277799987.7929688
2011-06-01 05:04:00,1.44324,1.44336,1.44322,1.44329,859599990.8447266
2011-06-01 05:05:00,1.44329,1.44334,1.44322,1.44324,978799972.5341797
2011-06-01 05:06:00,1.44325,1.44334,1.44324,1.44331,1117500000.0
2011-06-01 05:07:00,1.44333,1.4434,1.44319,1.44319,923300018.3105469
2011-06-01 05:08:00,1.4432,1.44321,1.44315,1.44315,202500000.0
2011-06-01 05:09:00,1.44316,1.44321,1.44315,1.44319,420000000.0
2011-06-01 05:10:00,1.44319,1.44328,1.44313,1.44316,549799995.4223633
2011-06-01 05:11:00,1.44316,1.44321,1.4429,1.44303,1503099975.5859375
2011-06-01 05:12:00,1.44304,1.44305,1.44297,1.44297,1093499984.741211
2011-06-01 05:13:00,1.44296,1.44296,1.44252,1.44259,2017400054.9316406
2011-06-01 05:14:00,1.44259,1.44284,1.44256,1.44282,1206800003.0517578
2011-06-01 05:15:00,1.44282,1.44284,1.44261,1.44265,1016999969.4824219
2011-06-01 05:16:00,1.44266,1.44286,1.44266,1.44286,671100006.1035156
2011-06-01 05:17:00,1.44285,1.44312,1.44284,1.44311,967600021.3623047
2011-06-01 05:18:00,1.44314,1.44328,1.44314,1.44317,390000000.0
2011-06-01 05:19:00,1.4432,1.4432,1.44291,1.44301,832500000.0
2011-06-01 05:20:00,1.44306,1.44311,1.44304,1.44311,390000000.0
2011-06-01 05:21:00,1.44308,1.44321,1.44303,1.4432,1185000000.0
2011-06-01 05:22:00,1.4432,1.44325,1.44272,1.44272,1966999969.4824219
2011-06-01 05:23:00,1.44276,1.44296,1.44269,1.44278,1331300048.828125
2011-06-01 05:24:00,1.44274,1.44294,1.44274,1.44281,1822500000.0
2011-06-01 05:25:00,1.44281,1.44305,1.44271,1.443,1654499969.4824219
2011-06-01 05:26:00,1.44301,1.44301,1.44264,1.44274,1124000015.258789
2011-06-01 05:27:00,1.44274,1.44277,1.44266,1.44269,1162500000.0
2011-06-01 05:28:00,1.44268,1.44281,1.44265,1.44273,826500015.2587891
2011-06-01 05:29:00,1.4427,1.44273,1.44263,1.44267,577500000.0
2011-06-01 05:30:00,1.44267,1.44274,1.44256,1.44256,1178199996.9482422
2011-06-01 05:31:00,1.44255,1.44255,1.44212,1.44237,1622100067.1386719
2011-06-01 05:32:00,1.44237,1.44263,1.44237,1.44262,667600021.3623047
2011-06-01 05:33:00,1.44262,1.44264,1.44238,1.44238,949300003.0517578
2011-06-01 05:34:00,1.44238,1.44247,1.44231,1.44247,990000000.0
2011-06-01 05:35:00,1.44247,1.44253,1.44222,1.44222,1286300048.828125
2011-06-01 05:36:00,1.44224,1.44239,1.44215,1.44239,1032900009.1552734
2011-06-01 05:37:00,1.44241,1.44253,1.44238,1.44238,805100021.3623047
2011-06-01 05:38:00,1.44238,1.44243,1.44227,1.44242,1010299987.7929688
2011-06-01 05:39:00,1.44243,1.44273,1.44239,1.44266,538499984.7412109
2011-06-01 05:40:00,1.44265,1.44265,1.44244,1.44254,716299972.5341797
2011-06-01 05:41:00,1.44252,1.44269,1.44235,1.44265,1140800018.3105469
2011-06-01 05:42:00,1.44265,1.44271,1.44246,1.4426,1282599945.0683594
2011-06-01 05:43:00,1.4426,1.4426,1.44242,1.44252,1155000000.0
2011-06-01 05:44:00,1.4425,1.44269,1.44249,1.44268,543899993.8964844
2011-06-01 05:45:00,1.44267,1.44267,1.44239,1.44239,1610299987.7929688
2011-06-01 05:46:00,1.44241,1.44264,1.4424,1.44256,1517299957.2753906
2011-06-01 05:47:00,1.44256,1.44258,1.44248,1.44258,618800010.6811523
2011-06-01 05:48:00,1.4426,1.44264,1.4426,1.44261,90000000.0
2011-06-01 05:49:00,1.44259,1.44281,1.44259,1.44281,315000000.0
2011-06-01 05:50:00,1.44279,1.44313,1.44279,1.4428,1185100021.3623047
2011-06-01 05:51:00,1.44283,1.44308,1.44283,1.44301,1430800018.3105469
2011-06-01 05:52:00,1.44301,1.44351,1.443,1.44351,2013999938.9648438
2011-06-01 05:53:00,1.44351,1.4442,1.44345,1.44407,3282900085.4492188
2011-06-01 05:54:00,1.44405,1.44421,1.4438,1.4441,1732200012.2070312
2011-06-01 05:55:00,1.4441,1.44421,1.44383,1.44383,2822999877.9296875
2011-06-01 05:56:00,1.44383,1.44384,1.4437,1.44372,1736300048.828125
2011-06-01 05:57:00,1.44372,1.44378,1.44358,1.44373,1930399932.8613281
2011-06-01 05:58:00,1.44369,1.44377,1.4436,1.44367,1370299987.7929688
2011-06-01 05:59:00,1.44363,1.44387,1.44361,1.44386,1681600036.6210938
2011-06-01 06:00:00,1.44388,1.44397,1.44351,1.44351,2523099975.5859375
2011-06-01 06:01:00,1.44354,1.44374,1.4434,1.44366,1778600006.1035156
2011-06-01 06:02:00,1.44364,1.44373,1.44336,1.4434,1547400054.9316406
2011-06-01 06:03:00,1.44341,1.44406,1.44341,1.44398,2421199951.171875
2011-06-01 06:04:00,1.444,1.44422,1.44399,1.44399,1949499969.4824219
2011-06-01 06:05:00,1.44402,1.44402,1.44362,1.44368,1390599975.5859375
2011-06-01 06:06:00,1.44368,1.4438,1.44368,1.44378,1055999984.7412109
2011-06-01 06:07:00,1.44378,1.44405,1.44371,1.44371,2604599914.5507812
2011-06-01 06:08:00,1.4437,1.4437,1.44312,1.44314,2104600067.1386719
2011-06-01 06:09:00,1.44314,1.44336,1.44314,1.44331,2115899963.3789062
2011-06-01 06:10:00,1.44331,1.44347,1.44318,1.44341,1389700012.2070312
2011-06-01 06:11:00,1.4434,1.44356,1.44303,1.44307,1391999969.4824219
2011-06-01 06:12:00,1.44308,1.44336,1.44302,1.44326,1305599975.5859375
2011-06-01 06:13:00,1.44326,1.44338,1.44318,1.44326,915000000.0
2011-06-01 06:14:00,1.44331,1.44334,1.44319,1.44332,1074800033.569336
2011-06-01 06:15:00,1.44335,1.44376,1.44335,1.44355,1541799926.7578125
2011-06-01 06:16:00,1.44359,1.4437,1.44347,1.44358,1484400024.4140625
2011-06-01 06:17:00,1.44358,1.44362,1.44353,1.44355,1145999984.741211
2011-06-01 06:18:00,1.44353,1.44353,1.4431,1.44335,1669100036.6210938
2011-06-01 06:19:00,1.44333,1.44333,1.44309,1.44333,1050000000.0
2011-06-01 06:20:00,1.44339,1.44339,1.4432,1.44329,1237600021.3623047
2011-06-01 06:21:00,1.4433,1.44344,1.44324,1.44343,1346199951.171875
2011-06-01 06:22:00,1.44346,1.44354,1.44331,1.44333,1224199981.6894531
2011-06-01 06:23:00,1.44333,1.44351,1.44323,1.44331,1472200012.2070312
2011-06-01 06:24:00,1.44331,1.44341,1.44324,1.44341,592500000.0
2011-06-01 06:25:00,1.44343,1.44379,1.44343,1.44358,1515800018.3105469
2011-06-01 06:26:00,1.44358,1.4436,1.44327,1.44346,1247399978.6376953
2011-06-01 06:27:00,1.44349,1.44367,1.44349,1.44357,1136999969.4824219
2011-06-01 06:28:00,1.44357,1.44372,1.44336,1.44347,1496300048.828125
2011-06-01 06:29:00,1.44349,1.44422,1.44349,1.44407,1829900054.9316406
2011-06-01 06:30:00,1.44407,1.44407,1.44246,1.44246,3789700012.2070312
2011-06-01 06:31:00,1.44245,1.44247,1.44021,1.44021,5819099731.4453125
2011-06-01 06:32:00,1.44015,1.44033,1.4396,1.44008,3715799865.7226562
2011-06-01 06:33:00,1.44009,1.44137,1.44009,1.44137,3824500122.0703125
2011-06-01 06:34:00,1.44135,1.44159,1.4406,1.44119,3709200134.2773438
2011-06-01 06:35:00,1.44119,1.44122,1.43985,1.44007,3105199890.1367188
2011-06-01 06:36:00,1.44007,1.4401,1.43932,1.43994,3761900024.4140625
2011-06-01 06:37:00,1.43993,1.44013,1.43938,1.44008,4097099914.5507812
2011-06-01 06:38:00,1.44007,1.44089,1.43983,1.44079,5030899963.378906
2011-06-01 06:39:00,1.4408,1.44181,1.4408,1.44156,4035199890.1367188
2011-06-01 06:40:00,1.44158,1.4421,1.44158,1.44185,3515299987.7929688
2011-06-01 06:41:00,1.44185,1.44257,1.44185,1.44202,3883299865.7226562
2011-06-01 06:42:00,1.44205,1.44274,1.44196,1.44253,3127699890.1367188
2011-06-01 06:43:00,1.44253,1.44299,1.44248,1.44272,2858999938.9648438
2011-06-01 06:44:00,1.44274,1.44277,1.44231,1.44231,1986000061.0351562
2011-06-01 06:45:00,1.44229,1.44233,1.44183,1.442,2345500030.517578
2011-06-01 06:46:00,1.44194,1.4422,1.4418,1.4422,2265299987.7929688
2011-06-01 06:47:00,1.4422,1.4422,1.44166,1.44173,1484400024.4140625
2011-06-01 06:48:00,1.44174,1.44191,1.44174,1.44187,1635000000.0
2011-06-01 06:49:00,1.44187,1.44198,1.44152,1.44159,1189499969.4824219
2011-06-01 06:50:00,1.44156,1.44188,1.44156,1.44184,2016199951.171875
2011-06-01 06:51:00,1.44182,1.44241,1.44181,1.4424,1867500000.0
2011-06-01 06:52:00,1.44241,1.44246,1.44189,1.44197,1638800048.828125
2011-06-01 06:53:00,1.44197,1.44224,1.44181,1.44223,1696600036.6210938
2011-06-01 06:54:00,1.44224,1.44257,1.44224,1.44257,2140800018.3105469
2011-06-01 06:55:00,1.44255,1.44285,1.4425,1.4427,2008699951.171875
2011-06-01 06:56:00,1.44269,1.44269,1.44228,1.44234,1676000061.0351562
2011-06-01 06:57:00,1.44238,1.44247,1.44221,1.44245,2539299926.7578125
2011-06-01 06:58:00,1.44245,1.44305,1.44245,1.44303,2465899963.3789062
2011-06-01 06:59:00,1.44301,1.44301,1.44275,1.44288,1899499969.4824219
2011-06-01 07:00:00,1.44286,1.44292,1.44247,1.44252,2312100067.138672
2011-06-01 07:01:00,1.4425,1.44252,1.44228,1.44232,1825399932.8613281
2011-06-01 07:02:00,1.44229,1.44249,1.44201,1.44201,2037100067.1386719
2011-06-01 07:03:00,1.44202,1.4423,1.44202,1.44229,1702299957.2753906
2011-06-01 07:04:00,1.44229,1.4425,1.44229,1.44237,1837799987.7929688
2011-06-01 07:05:00,1.44238,1.44256,1.44231,1.4425,1808899993.8964844
2011-06-01 07:06:00,1.44249,1.44265,1.44212,1.44212,2387299957.2753906
2011-06-01 07:07:00,1.44212,1.44238,1.44212,1.44233,1943399963.3789062
2011-06-01 07:08:00,1.44232,1.44233,1.44216,1.44231,1160299987.7929688
2011-06-01 07:09:00,1.44231,1.44232,1.44178,1.4418,1549600067.1386719
2011-06-01 07:10:00,1.4418,1.44182,1.44166,1.44171,1731999969.4824219
2011-06-01 07:11:00,1.4417,1.44231,1.4417,1.4423,2442100067.138672
2011-06-01 07:12:00,1.44231,1.44234,1.44191,1.44206,2221799926.7578125
2011-06-01 07:13:00,1.44205,1.44268,1.44203,1.44261,2874200134.2773438
2011-06-01 07:14:00,1.4426,1.4426,1.44222,1.4423,1884199981.6894531
2011-06-01 07:15:00,1.44229,1.44247,1.4421,1.44234,2863999938.9648438
2011-06-01 07:16:00,1.44234,1.44243,1.44212,1.44238,2849100036.6210938
2011-06-01 07:17:00,1.44237,1.44327,1.44224,1.44322,3513900146.484375
2011-06-01 07:18:00,1.44322,1.4438,1.44321,1.44368,3977200012.2070312
2011-06-01 07:19:00,1.44368,1.44435,1.44361,1.44435,3636900024.4140625
2011-06-01 07:20:00,1.44437,1.44439,1.44383,1.44413,3530100097.65625
2011-06-01 07:21:00,1.44412,1.44441,1.4439,1.44441,2320599975.5859375
2011-06-01 07:22:00,1.44442,1.44474,1.4444,1.4444,2999500122.0703125
2011-06-01 07:23:00,1.44444,1.44453,1.44405,1.44431,3238200073.2421875
2011-06-01 07:24:00,1.44433,1.44443,1.44414,1.44424,2496499938.9648438
2011-06-01 07:25:00,1.44422,1.44442,1.44422,1.44439,1365800018.3105469
2011-06-01 07:26:00,1.44439,1.44439,1.44398,1.44404,2072100067.1386719
2011-06-01 07:27:00,1.44405,1.4442,1.444,1.444,2166900024.4140625
2011-06-01 07:28:00,1.44399,1.44406,1.44376,1.44382,2210500030.517578
2011-06-01 07:29:00,1.44382,1.44382,1.44364,1.44365,2065000000.0
2011-06-01 07:30:00,1.44365,1.44421,1.44365,1.44419,2117200012.2070312
2011-06-01 07:31:00,1.44419,1.44432,1.44408,1.44425,2097599945.0683594
2011-06-01 07:32:00,1.44424,1.44431,1.44397,1.44407,1773800048.828125
2011-06-01 07:33:00,1.44407,1.4441,1.44381,1.44381,1544900054.9316406
2011-06-01 07:34:00,1.44381,1.44396,1.44368,1.44393,1319900054.9316406
2011-06-01 07:35:00,1.44391,1.44401,1.44372,1.44386,1498500061.0351562
2011-06-01 07:36:00,1.44387,1.44404,1.44374,1.44378,2086399993.8964844
2011-06-01 07:37:00,1.4438,1.44407,1.4438,1.44388,1848899993.8964844
2011-06-01 07:38:00,1.44388,1.44393,1.44372,1.44389,1938200073.2421875
2011-06-01 07:39:00,1.44389,1.4439,1.4436,1.44375,1586900024.4140625
2011-06-01 07:40:00,1.44377,1.4438,1.44367,1.44372,1009599990.8447266
2011-06-01 07:41:00,1.44373,1.44375,1.4436,1.44371,889700012.2070312
2011-06-01 07:42:00,1.44371,1.44378,1.44358,1.44373,1681000061.0351562
2011-06-01 07:43:00,1.44372,1.44372,1.44358,1.4437,1736600036.6210938
2011-06-01 07:44:00,1.44372,1.44379,1.4429,1.44302,2291600036.6210938
2011-06-01 07:45:00,1.44307,1.44315,1.44275,1.44311,2324299926.7578125
2011-06-01 07:46:00,1.44311,1.44323,1.44302,1.44315,1597599945.0683594
2011-06-01 07:47:00,1.44311,1.44322,1.44299,1.44322,1976799926.7578125
2011-06-01 07:48:00,1.44322,1.44322,1.44306,1.44318,1327200012.2070312
2011-06-01 07:49:00,1.44319,1.44321,1.44308,1.44318,1282500000.0
2011-06-01 07:50:00,1.44317,1.44317,1.44292,1.44303,1686199951.171875
2011-06-01 07:51:00,1.44303,1.44308,1.44277,1.44278,1927500000.0
2011-06-01 07:52:00,1.44277,1.44291,1.44261,1.4429,2015500030.5175781
2011-06-01 07:53:00,1.4429,1.44296,1.44261,1.44263,2466000061.0351562
2011-06-01 07:54:00,1.44262,1.44262,1.4423,1.4425,2072100067.1386719
2011-06-01 07:55:00,1.4425,1.44257,1.44229,1.44229,1624600067.1386719
2011-06-01 07:56:00,1.44229,1.4423,1.4421,1.4422,1875899963.3789062
2011-06-01 07:57:00,1.4422,1.44239,1.44163,1.44171,3048500061.0351562
2011-06-01 07:58:00,1.44169,1.44184,1.44138,1.44173,2746099853.515625
2011-06-01 07:59:00,1.44174,1.44197,1.44164,1.44189,2528099975.5859375
2011-06-01 08:00:00,1.44189,1.44223,1.44181,1.44208,3511099853.515625
2011-06-01 08:01:00,1.44215,1.4422,1.44198,1.44209,2083300018.3105469
2011-06-01 08:02:00,1.44209,1.4421,1.44145,1.44158,2133099975.5859375
2011-06-01 08:03:00,1.44156,1.44177,1.44156,1.44169,1710200042.7246094
2011-06-01 08:04:00,1.44169,1.4419,1.44153,1.4419,1871300048.828125
2011-06-01 08:05:00,1.44189,1.44224,1.44186,1.44199,1330599975.5859375
2011-06-01 08:06:00,1.44199,1.44229,1.44199,1.44222,1748000030.5175781
2011-06-01 08:07:00,1.44222,1.44222,1.4419,1.44197,1718999938.9648438
2011-06-01 08:08:00,1.44197,1.44238,1.44197,1.44232,1550299987.7929688
2011-06-01 08:09:00,1.44232,1.44247,1.4422,1.44222,1848099975.5859375
2011-06-01 08:10:00,1.44222,1.44241,1.44201,1.44227,1817100067.1386719
2011-06-01 08:11:00,1.44228,1.44259,1.4422,1.44251,1626000061.0351562
2011-06-01 08:12:00,1.44255,1.4428,1.4425,1.4428,2002899932.8613281
2011-06-01 08:13:00,1.44281,1.4429,1.44265,1.44265,1880200042.7246094
2011-06-01 08:14:00,1.4426,1.44279,1.44252,1.44252,1305299987.7929688
2011-06-01 08:15:00,1.44251,1.44262,1.44247,1.44259,2101699981.6894531
2011-06-01 08:16:00,1.44259,1.44267,1.44245,1.44257,877699966.4306641
2011-06-01 08:17:00,1.44257,1.44313,1.44248,1.44282,1677400054.9316406
2011-06-01 08:18:00,1.44285,1.44297,1.44269,1.44269,2037100067.1386719
2011-06-01 08:19:00,1.44265,1.44271,1.44258,1.44261,1029800033.5693359
2011-06-01 08:20:00,1.44261,1.44292,1.44259,1.44285,1262500000.0
2011-06-01 08:21:00,1.44283,1.44286,1.44268,1.44271,1305000000.0
2011-06-01 08:22:00,1.44269,1.44271,1.44236,1.44247,1322299957.2753906
2011-06-01 08:23:00,1.44247,1.44273,1.44244,1.44263,1428800048.828125
2011-06-01 08:24:00,1.44266,1.4428,1.44247,1.44248,979700012.2070312
2011-06-01 08:25:00,1.44249,1.44299,1.44246,1.44283,1268300018.3105469
2011-06-01 08:26:00,1.44283,1.44294,1.44273,1.44293,1701900024.4140625
2011-06-01 08:27:00,1.44293,1.4431,1.44275,1.44275,2151199951.171875
2011-06-01 08:28:00,1.44273,1.44301,1.44249,1.44294,2540899963.3789062
2011-06-01 08:29:00,1.44294,1.44308,1.44262,1.44263,2424100036.6210938
2011-06-01 08:30:00,1.44261,1.44261,1.44221,1.44232,2943999938.9648438
2011-06-01 08:31:00,1.44232,1.44232,1.4421,1.4421,1581799926.7578125
2011-06-01 08:32:00,1.4421,1.4425,1.44208,1.4424,1986300048.828125
2011-06-01 08:33:00,1.44248,1.4426,1.44227,1.44255,2196600036.6210938
2011-06-01 08:34:00,1.44255,1.44284,1.44236,1.44274,2958299865.7226562
2011-06-01 08:35:00,1.44272,1.44328,1.44264,1.44311,3448800048.828125
2011-06-01 08:36:00,1.4431,1.44318,1.4429,1.44307,3106600036.6210938
2011-06-01 08:37:00,1.44307,1.44312,1.44279,1.44287,2537299957.2753906
2011-06-01 08:38:00,1.44287,1.44331,1.44287,1.44328,1508600006.1035156
2011-06-01 08:39:00,1.44327,1.44327,1.44309,1.44312,1508300018.3105469
2011-06-01 08:40:00,1.44314,1.4432,1.443,1.44303,1610800018.3105469
2011-06-01 08:41:00,1.44303,1.44303,1.44224,1.44231,2003999938.9648438
2011-06-01 08:42:00,1.44231,1.44251,1.44217,1.44221,1597599945.0683594
2011-06-01 08:43:00,1.44221,1.44222,1.44203,1.44217,1329799957.2753906
2011-06-01 08:44:00,1.44216,1.44222,1.44161,1.44171,2596499938.9648438
2011-06-01 08:45:00,1.44171,1.44189,1.4415,1.4418,2417299957.2753906
2011-06-01 08:46:00,1.44179,1.44224,1.44177,1.44211,2161600036.6210938
2011-06-01 08:47:00,1.44211,1.44231,1.44201,1.44231,1057500000.0
2011-06-01 08:48:00,1.44232,1.4425,1.44202,1.44202,1660399932.8613281
2011-06-01 08:49:00,1.44203,1.44203,1.44152,1.44161,2226100006.1035156
2011-06-01 08:50:00,1.44161,1.44182,1.44127,1.44127,2285399932.861328
2011-06-01 08:51:00,1.44125,1.44125,1.44052,1.4407,2803800048.828125
2011-06-01 08:52:00,1.4407,1.44103,1.4407,1.44094,2070899963.3789062
2011-06-01 08:53:00,1.44092,1.441,1.4408,1.44091,1842299957.2753906
2011-06-01 08:54:00,1.44093,1.441,1.44087,1.44091,1391100006.1035156
2011-06-01 08:55:00,1.4409,1.44099,1.44081,1.44099,1558500061.0351562
2011-06-01 08:56:00,1.44097,1.44106,1.44092,1.44104,2003300018.3105469
2011-06-01 08:57:00,1.44103,1.44109,1.44089,1.441,2207200012.2070312
2011-06-01 08:58:00,1.441,1.441,1.44081,1.44091,1605200042.7246094
2011-06-01 08:59:00,1.44092,1.44095,1.44049,1.44056,1958200073.2421875
2011-06-01 09:00:00,1.44055,1.44066,1.44005,1.44011,2701799926.7578125
2011-06-01 09:01:00,1.44016,1.44021,1.43977,1.4401,3019400024.4140625
2011-06-01 09:02:00,1.44013,1.4403,1.44007,1.4402,2470899963.3789062
2011-06-01 09:03:00,1.44021,1.44035,1.43999,1.44027,2255899963.3789062
2011-06-01 09:04:00,1.44027,1.44053,1.44021,1.44041,1515000000.0
2011-06-01 09:05:00,1.44041,1.44047,1.4399,1.44001,2529400024.4140625
2011-06-01 09:06:00,1.44,1.44031,1.43997,1.44026,2817000122.0703125
2011-06-01 09:07:00,1.44028,1.4405,1.44022,1.44047,2478000030.517578
2011-06-01 09:08:00,1.44048,1.44076,1.44044,1.44071,1930299987.7929688
2011-06-01 09:09:00,1.44072,1.44082,1.44044,1.4405,2838699951.171875
2011-06-01 09:10:00,1.44046,1.44067,1.4404,1.44061,1595299987.7929688
2011-06-01 09:11:00,1.44061,1.44073,1.44061,1.44073,1569799957.2753906
2011-06-01 09:12:00,1.44072,1.44101,1.44067,1.441,1855099945.0683594
2011-06-01 09:13:00,1.44107,1.44126,1.44086,1.44089,2023500061.0351562
2011-06-01 09:14:00,1.4409,1.4409,1.44051,1.44053,1555599975.5859375
2011-06-01 09:15:00,1.44055,1.44055,1.44021,1.44035,2202299957.2753906
2011-06-01 09:16:00,1.44035,1.44085,1.44035,1.44085,1729199981.6894531
2011-06-01 09:17:00,1.44087,1.44093,1.44052,1.44052,1703300018.3105469
2011-06-01 09:18:00,1.44052,1.44074,1.44043,1.44073,948799972.5341797
2011-06-01 09:19:00,1.44071,1.44085,1.44071,1.44085,1484400024.4140625
2011-06-01 09:20:00,1.44085,1.44112,1.44069,1.44112,1883300018.3105469
2011-06-01 09:21:00,1.44111,1.44121,1.44073,1.44081,2859899902.34375
2011-06-01 09:22:00,1.44082,1.44083,1.44033,1.44039,1955500030.5175781
2011-06-01 09:23:00,1.44039,1.44056,1.44025,1.44052,1429499969.4824219
2011-06-01 09:24:00,1.4405,1.4406,1.44031,1.44041,1830299987.7929688
2011-06-01 09:25:00,1.4404,1.441,1.4404,1.44096,3127000122.0703125
2011-06-01 09:26:00,1.44096,1.44149,1.44095,1.44122,2850400085.4492188
2011-06-01 09:27:00,1.44119,1.44137,1.44112,1.44123,2434700012.2070312
2011-06-01 09:28:00,1.44123,1.44136,1.44103,1.44126,2161699981.689453
2011-06-01 09:29:00,1.44125,1.44125,1.44091,1.44113,1653000030.5175781
2011-06-01 09:30:00,1.44113,1.44119,1.441,1.44103,1526000061.0351562
2011-06-01 09:31:00,1.44101,1.44116,1.44083,1.44116,1458600006.1035156
2011-06-01 09:32:00,1.44117,1.44156,1.44113,1.44149,2075299987.7929688
2011-06-01 09:33:00,1.44143,1.44151,1.44118,1.44126,1635399932.8613281
2011-06-01 09:34:00,1.44125,1.44125,1.44065,1.44092,2208600006.1035156
2011-06-01 09:35:00,1.44092,1.44138,1.44068,1.44123,2280899963.3789062
2011-06-01 09:36:00,1.4412,1.44141,1.44105,1.44124,1789499969.4824219
2011-06-01 09:37:00,1.44126,1.44138,1.44116,1.44138,1300299987.7929688
2011-06-01 09:38:00,1.44137,1.44153,1.44131,1.44137,1062200012.2070312
2011-06-01 09:39:00,1.44137,1.44156,1.44122,1.44155,1531300048.828125
2011-06-01 09:40:00,1.44158,1.44206,1.44157,1.44165,3475700073.2421875
2011-06-01 09:41:00,1.44164,1.44167,1.44129,1.44157,1965599975.5859375
2011-06-01 09:42:00,1.44156,1.44156,1.441,1.44122,2597500000.0
2011-06-01 09:43:00,1.44121,1.44121,1.44102,1.44112,2262799987.7929688
2011-06-01 09:44:00,1.44113,1.4414,1.44113,1.44125,2320500030.517578
2011-06-01 09:45:00,1.44125,1.44141,1.44123,1.44128,1525500030.5175781
2011-06-01 09:46:00,1.44127,1.4413,1.44117,1.4413,1628600006.1035156
2011-06-01 09:47:00,1.44131,1.44169,1.44131,1.44133,2216999969.482422
2011-06-01 09:48:00,1.44127,1.44169,1.44125,1.44149,2511900024.4140625
2011-06-01 09:49:00,1.4415,1.4418,1.44141,1.44145,3101099853.515625
2011-06-01 09:50:00,1.44145,1.44169,1.44136,1.44166,2248300018.310547
2011-06-01 09:51:00,1.44167,1.44181,1.44144,1.44154,2365399932.861328
2011-06-01 09:52:00,1.44155,1.44189,1.4414,1.44182,2850499877.9296875
2011-06-01 09:53:00,1.44182,1.44182,1.44143,1.44155,2217400054.9316406
2011-06-01 09:54:00,1.44154,1.44161,1.44126,1.44128,2405299987.7929688
2011-06-01 09:55:00,1.44127,1.44139,1.44116,1.44117,1287100067.1386719
2011-06-01 09:56:00,1.44117,1.4412,1.44106,1.44114,2516600036.6210938
2011-06-01 09:57:00,1.44114,1.44147,1.44106,1.44135,2529400024.4140625
2011-06-01 09:58:00,1.44135,1.44154,1.44112,1.44143,2749200134.2773438
2011-06-01 09:59:00,1.44143,1.44151,1.44124,1.44151,2482899932.861328
2011-06-01 10:00:00,1.44151,1.44151,1.44122,1.44127,2452700042.7246094
2011-06-01 10:01:00,1.44127,1.44165,1.44124,1.44155,2235299987.7929688
2011-06-01 10:02:00,1.44155,1.44167,1.44139,1.44152,1952299957.2753906
2011-06-01 10:03:00,1.44147,1.44147,1.44122,1.44138,1323800048.828125
2011-06-01 10:04:00,1.44138,1.44164,1.44132,1.44156,1378399963.3789062
2011-06-01 10:05:00,1.44156,1.44162,1.4414,1.44151,1633500061.0351562
2011-06-01 10:06:00,1.4415,1.44169,1.4415,1.44169,1303999938.9648438
2011-06-01 10:07:00,1.4417,1.44183,1.44154,1.44156,1583800048.828125
2011-06-01 10:08:00,1.44156,1.44158,1.44129,1.4413,1703999938.9648438
2011-06-01 10:09:00,1.44132,1.44144,1.44117,1.44124,1982299957.2753906
2011-06-01 10:10:00,1.44124,1.44155,1.44123,1.44152,2073899993.8964844
2011-06-01 10:11:00,1.44151,1.44153,1.44132,1.44148,1437200012.2070312
2011-06-01 10:12:00,1.44148,1.4416,1.44138,1.44138,1667100067.1386719
2011-06-01 10:13:00,1.44138,1.44141,1.44128,1.44133,1078399963.3789062
2011-06-01 10:14:00,1.44132,1.44132,1.44114,1.44125,1610399932.8613281
2011-06-01 10:15:00,1.44125,1.44164,1.4412,1.44147,2127599945.0683594
2011-06-01 10:16:00,1.44147,1.44147,1.44116,1.4414,1490299987.7929688
2011-06-01 10:17:00,1.44141,1.44145,1.44116,1.44136,2160800018.310547
2011-06-01 10:18:00,1.44135,1.44151,1.44118,1.44124,1643099975.5859375
2011-06-01 10:19:00,1.44125,1.44142,1.44108,1.44108,1775299987.7929688
2011-06-01 10:20:00,1.44107,1.44119,1.4404,1.44059,3424200134.2773438
2011-06-01 10:21:00,1.44055,1.44055,1.4399,1.44036,2910899963.3789062
2011-06-01 10:22:00,1.44035,1.44047,1.44017,1.44031,1886900024.4140625
2011-06-01 10:23:00,1.44031,1.44037,1.44001,1.44033,2682799987.7929688
2011-06-01 10:24:00,1.44033,1.44033,1.44014,1.44019,1810500030.5175781
2011-06-01 10:25:00,1.44018,1.44029,1.43999,1.44,2356999969.482422
2011-06-01 10:26:00,1.44003,1.44023,1.44002,1.44012,1627899932.8613281
2011-06-01 10:27:00,1.44013,1.44013,1.43939,1.43941,2113099975.5859375
2011-06-01 10:28:00,1.43937,1.43944,1.43904,1.43936,2383099975.5859375
2011-06-01 10:29:00,1.43937,1.43951,1.43919,1.43951,2148099975.5859375
2011-06-01 10:30:00,1.43951,1.43963,1.43906,1.43906,2321399993.8964844
2011-06-01 10:31:00,1.43908,1.43915,1.43858,1.43913,2617600097.65625
2011-06-01 10:32:00,1.43913,1.4392,1.43886,1.43907,2216799926.7578125
2011-06-01 10:33:00,1.43905,1.43919,1.4387,1.43897,2595000000.0
2011-06-01 10:34:00,1.43895,1.43928,1.43882,1.43924,2278999938.9648438
2011-06-01 10:35:00,1.43924,1.43929,1.43904,1.43911,1949499969.4824219
2011-06-01 10:36:00,1.43911,1.43941,1.43903,1.43934,1866799926.7578125
2011-06-01 10:37:00,1.43933,1.43964,1.43916,1.43963,1816499938.9648438
2011-06-01 10:38:00,1.4396,1.43964,1.43931,1.43933,2141999969.4824219
2011-06-01 10:39:00,1.43932,1.43969,1.43931,1.43957,2040599975.5859375
2011-06-01 10:40:00,1.43957,1.43963,1.4395,1.4395,1404199981.6894531
2011-06-01 10:41:00,1.43949,1.43949,1.43883,1.43883,3372300109.8632812
2011-06-01 10:42:00,1.43883,1.43892,1.43861,1.43861,2658800048.828125
2011-06-01 10:43:00,1.43862,1.4389,1.43853,1.43883,2191600036.6210938
2011-06-01 10:44:00,1.43882,1.43882,1.43841,1.43843,1723500061.0351562
2011-06-01 10:45:00,1.43844,1.43892,1.43844,1.4389,1695899963.3789062
2011-06-01 10:46:00,1.43888,1.43895,1.43865,1.43873,1563500061.0351562
2011-06-01 10:47:00,1.43873,1.43891,1.43852,1.43889,2060299987.7929688
2011-06-01 10:48:00,1.43889,1.43937,1.43889,1.43932,1691600036.6210938
2011-06-01 10:49:00,1.43932,1.43964,1.4392,1.43953,1766000061.0351562
2011-06-01 10:50:00,1.43954,1.43978,1.43952,1.43967,1181399993.8964844
2011-06-01 10:51:00,1.43968,1.4397,1.43955,1.43969,1191999969.4824219
2011-06-01 10:52:00,1.43969,1.43983,1.43956,1.43969,1203099975.5859375
2011-06-01 10:53:00,1.43968,1.43971,1.43939,1.43942,1110000000.0
2011-06-01 10:54:00,1.43942,1.4395,1.43931,1.43949,829499969.4824219
2011-06-01 10:55:00,1.43949,1.43949,1.43922,1.43924,1273600006.1035156
2011-06-01 10:56:00,1.43924,1.43941,1.43924,1.43936,649599990.8447266
2011-06-01 10:57:00,1.43929,1.43932,1.43919,1.43922,761299972.5341797
2011-06-01 10:58:00,1.43921,1.43958,1.4391,1.43956,1334499969.4824219
2011-06-01 10:59:00,1.43958,1.43978,1.43939,1.43962,2044600067.1386719
2011-06-01 11:00:00,1.4396,1.4396,1.43932,1.43942,2158000030.517578
2011-06-01 11:01:00,1.43944,1.43944,1.43935,1.43939,555000000.0
2011-06-01 11:02:00,1.43937,1.43946,1.4393,1.43941,1192500000.0
2011-06-01 11:03:00,1.43941,1.43941,1.43917,1.43917,1149000015.258789
2011-06-01 11:04:00,1.43917,1.43917,1.43898,1.439,1149000015.258789
2011-06-01 11:05:00,1.43901,1.43926,1.43901,1.43922,1009599990.8447266
2011-06-01 11:06:00,1.43921,1.43962,1.43915,1.43962,1946999969.4824219
2011-06-01 11:07:00,1.43961,1.43985,1.43953,1.43975,1612400054.9316406
2011-06-01 11:08:00,1.43974,1.4398,1.43952,1.43952,2559600067.138672
2011-06-01 11:09:00,1.43952,1.43973,1.43948,1.43962,1378800048.828125
2011-06-01 11:10:00,1.43961,1.43979,1.4396,1.43977,1081600036.6210938
2011-06-01 11:11:00,1.43977,1.44,1.43965,1.43994,1850500030.5175781
2011-06-01 11:12:00,1.43994,1.44011,1.43985,1.43994,2318300018.310547
2011-06-01 11:13:00,1.43994,1.44022,1.43994,1.4402,3218200073.2421875
2011-06-01 11:14:00,1.4402,1.4402,1.43971,1.4398,2118600006.1035156
2011-06-01 11:15:00,1.43982,1.44018,1.43972,1.43977,3072999877.9296875
2011-06-01 11:16:00,1.43976,1.43979,1.43952,1.43961,1453600006.1035156
2011-06-01 11:17:00,1.43961,1.43965,1.43933,1.43933,1293099975.5859375
2011-06-01 11:18:00,1.43936,1.43953,1.43936,1.43952,1684499969.4824219
2011-06-01 11:19:00,1.43951,1.43957,1.43921,1.43946,1943300018.3105469
2011-06-01 11:20:00,1.43947,1.43949,1.43909,1.43941,2565000000.0
2011-06-01 11:21:00,1.43943,1.43959,1.43928,1.4393,1376399993.8964844
2011-06-01 11:22:00,1.43931,1.43931,1.43902,1.43913,1224100036.6210938
2011-06-01 11:23:00,1.43914,1.43937,1.43912,1.43934,1399499969.4824219
2011-06-01 11:24:00,1.43934,1.43941,1.43933,1.4394,1501499938.9648438
2011-06-01 11:25:00,1.43941,1.43988,1.4394,1.43972,1280299987.7929688
2011-06-01 11:26:00,1.43971,1.43991,1.43966,1.43974,2634200134.2773438
2011-06-01 11:27:00,1.43973,1.43991,1.43973,1.43983,1439199981.6894531
2011-06-01 11:28:00,1.43988,1.43992,1.43957,1.43961,1303999938.9648438
2011-06-01 11:29:00,1.4396,1.44033,1.43957,1.44033,1699700012.2070312
2011-06-01 11:30:00,1.44034,1.44111,1.44034,1.4407,3389200134.2773438
2011-06-01 11:31:00,1.44069,1.44081,1.44064,1.4408,1611000061.0351562
2011-06-01 11:32:00,1.44082,1.44105,1.44082,1.44092,1747299957.2753906
2011-06-01 11:33:00,1.4409,1.44094,1.44039,1.44039,1470899963.3789062
2011-06-01 11:34:00,1.4404,1.44066,1.44032,1.44061,1336600036.6210938
2011-06-01 11:35:00,1.44059,1.44061,1.44044,1.44055,1696499938.9648438
2011-06-01 11:36:00,1.44054,1.44058,1.44043,1.44047,1190299987.7929688
2011-06-01 11:37:00,1.44046,1.4405,1.44039,1.4404,885800018.3105469
2011-06-01 11:38:00,1.44037,1.4404,1.44028,1.44034,1899199981.6894531
2011-06-01 11:39:00,1.44033,1.44053,1.44033,1.44047,1457500000.0
2011-06-01 11:40:00,1.44048,1.44064,1.44043,1.44064,1265999984.741211
2011-06-01 11:41:00,1.44065,1.44072,1.44049,1.44058,953399963.3789062
2011-06-01 11:42:00,1.44057,1.44057,1.44037,1.44037,1110800018.3105469
2011-06-01 11:43:00,1.4404,1.44075,1.44038,1.44073,1431000061.0351562
2011-06-01 11:44:00,1.44072,1.44081,1.44068,1.44069,1023000030.5175781
2011-06-01 11:45:00,1.44071,1.44081,1.44069,1.44076,1336199951.171875
2011-06-01 11:46:00,1.44076,1.44122,1.44073,1.44109,2274799957.2753906
2011-06-01 11:47:00,1.4411,1.44147,1.4411,1.44144,1657599945.0683594
2011-06-01 11:48:00,1.44143,1.44151,1.4413,1.44137,1976499938.9648438
2011-06-01 11:49:00,1.44139,1.44148,1.44135,1.44141,1401999969.4824219
2011-06-01 11:50:00,1.44141,1.44149,1.44128,1.4413,1061999969.4824219
2011-06-01 11:51:00,1.44129,1.44139,1.4411,1.44125,1768099975.5859375
2011-06-01 11:52:00,1.44124,1.44138,1.44123,1.44126,1067099990.8447266
2011-06-01 11:53:00,1.44127,1.44135,1.44122,1.44132,602299995.4223633
2011-06-01 11:54:00,1.44133,1.44141,1.44126,1.44133,937500000.0
2011-06-01 11:55:00,1.44132,1.44162,1.44132,1.44161,1058499984.7412109
2011-06-01 11:56:00,1.44161,1.44165,1.44141,1.44144,1046699981.6894531
2011-06-01 11:57:00,1.44147,1.44158,1.44146,1.44146,1028600006.1035156
2011-06-01 11:58:00,1.44151,1.44152,1.4412,1.44133,1429499969.4824219
2011-06-01 11:59:00,1.44133,1.44133,1.44105,1.44121,1687899932.8613281
2011-06-01 12:00:00,1.44121,1.44144,1.44121,1.44135,1799199981.6894531
2011-06-01 12:01:00,1.44137,1.44192,1.44137,1.44184,1740800018.3105469
2011-06-01 12:02:00,1.44184,1.44185,1.4417,1.4417,1251100006.1035156
2011-06-01 12:03:00,1.44167,1.44176,1.44162,1.44171,1302799987.7929688
2011-06-01 12:04:00,1.44171,1.44172,1.44143,1.44148,1480500030.5175781
2011-06-01 12:05:00,1.44148,1.44172,1.44146,1.44147,1642700042.7246094
2011-06-01 12:06:00,1.44146,1.44154,1.4413,1.44132,1405599975.5859375
2011-06-01 12:07:00,1.44132,1.44133,1.44125,1.44131,750400009.1552734
2011-06-01 12:08:00,1.44131,1.44131,1.44083,1.44091,2040099945.0683594
2011-06-01 12:09:00,1.44092,1.44096,1.44068,1.44081,1448300018.3105469
2011-06-01 12:10:00,1.44081,1.44152,1.44079,1.4414,1598399963.3789062
2011-06-01 12:11:00,1.4414,1.44147,1.44128,1.44131,1721300048.828125
2011-06-01 12:12:00,1.4413,1.44138,1.44097,1.44097,1943300018.3105469
2011-06-01 12:13:00,1.44097,1.44097,1.44081,1.4409,1312500000.0
2011-06-01 12:14:00,1.4409,1.44099,1.44065,1.44071,1947299957.2753906
2011-06-01 12:15:00,1.4407,1.44191,1.44069,1.44191,4354100036.621094
2011-06-01 12:16:00,1.4419,1.44239,1.44169,1.44175,5055000000.0
2011-06-01 12:17:00,1.44175,1.44181,1.44133,1.44172,3282600097.65625
2011-06-01 12:18:00,1.44173,1.44209,1.44163,1.44191,3552300109.8632812
2011-06-01 12:19:00,1.44192,1.44256,1.44189,1.44256,3252999877.9296875
2011-06-01 12:20:00,1.44257,1.44326,1.44256,1.44273,4123200073.2421875
2011-06-01 12:21:00,1.44275,1.44281,1.44241,1.44249,2552599945.0683594
2011-06-01 12:22:00,1.44248,1.4425,1.44213,1.44229,2252500000.0
2011-06-01 12:23:00,1.44229,1.44261,1.44209,1.44212,2319100036.6210938
2011-06-01 12:24:00,1.44209,1.4421,1.44171,1.44179,3083500061.0351562
2011-06-01 12:25:00,1.44174,1.44218,1.44165,1.44208,2990700073.2421875
2011-06-01 12:26:00,1.44208,1.44212,1.44171,1.44192,2017299957.2753906
2011-06-01 12:27:00,1.44199,1.44252,1.44183,1.44252,2672000122.0703125
2011-06-01 12:28:00,1.44252,1.44317,1.44247,1.44312,3168399963.3789062
2011-06-01 12:29:00,1.44316,1.4436,1.44299,1.44307,3413500061.0351562
2011-06-01 12:30:00,1.44309,1.44317,1.44239,1.44239,2790400085.4492188
2011-06-01 12:31:00,1.44239,1.44255,1.44231,1.44237,2593599853.515625
2011-06-01 12:32:00,1.44239,1.44248,1.44194,1.44211,2496799926.7578125
2011-06-01 12:33:00,1.4421,1.4421,1.44137,1.44154,2905599975.5859375
2011-06-01 12:34:00,1.44154,1.44208,1.44154,1.44192,2540399932.861328
2011-06-01 12:35:00,1.44193,1.44231,1.44134,1.44222,3200100097.65625
2011-06-01 12:36:00,1.44223,1.44223,1.44152,1.44156,2930400085.4492188
2011-06-01 12:37:00,1.44156,1.44169,1.44119,1.44139,2376900024.4140625
2011-06-01 12:38:00,1.44139,1.44146,1.44085,1.44113,2632099914.5507812
2011-06-01 12:39:00,1.44112,1.44121,1.44091,1.44091,1922599945.0683594
2011-06-01 12:40:00,1.44091,1.44119,1.44081,1.4411,2334199981.689453
2011-06-01 12:41:00,1.44109,1.44113,1.44091,1.44102,2076399993.8964844
2011-06-01 12:42:00,1.44103,1.44131,1.44087,1.44131,1773899993.8964844
2011-06-01 12:43:00,1.44131,1.44151,1.44131,1.44136,2021699981.6894531
2011-06-01 12:44:00,1.44138,1.44151,1.44123,1.44128,1930700073.2421875
2011-06-01 12:45:00,1.44125,1.44146,1.44112,1.44133,2196600036.6210938
2011-06-01 12:46:00,1.44133,1.44133,1.44081,1.44112,2504299926.7578125
2011-06-01 12:47:00,1.44111,1.44174,1.44099,1.44174,2653999938.9648438
2011-06-01 12:48:00,1.44173,1.44193,1.44144,1.44171,2615400085.4492188
2011-06-01 12:49:00,1.44171,1.44191,1.44171,1.44175,1595399932.8613281
2011-06-01 12:50:00,1.44174,1.44187,1.44162,1.44185,1496999969.4824219
2011-06-01 12:51:00,1.44184,1.44197,1.44165,1.44175,2105299987.7929688
2011-06-01 12:52:00,1.4418,1.44186,1.44142,1.44143,1761600036.6210938
2011-06-01 12:53:00,1.44141,1.4415,1.4411,1.4411,3604800109.8632812
2011-06-01 12:54:00,1.4411,1.44131,1.44071,1.44124,2486600036.6210938
2011-06-01 12:55:00,1.44122,1.44153,1.44099,1.44127,2508699951.171875
2011-06-01 12:56:00,1.44128,1.44161,1.44128,1.44135,2637900085.4492188
2011-06-01 12:57:00,1.44134,1.44134,1.44103,1.44103,2200800018.310547
2011-06-01 12:58:00,1.44104,1.44125,1.44104,1.44121,3101000061.0351562
2011-06-01 12:59:00,1.44121,1.44143,1.4412,1.4414,2001900024.4140625
2011-06-01 13:00:00,1.44144,1.44153,1.44091,1.44091,2704100036.6210938
2011-06-01 13:01:00,1.44091,1.44091,1.44049,1.44063,3134400024.4140625
2011-06-01 13:02:00,1.44063,1.44063,1.44,1.44004,2923099975.5859375
2011-06-01 13:03:00,1.44003,1.44072,1.43994,1.44062,3289200134.2773438
2011-06-01 13:04:00,1.44061,1.44061,1.43979,1.43985,3322300109.8632812
2011-06-01 13:05:00,1.43985,1.44017,1.43984,1.44,2991600036.6210938
2011-06-01 13:06:00,1.43999,1.43999,1.43938,1.43975,3467200012.2070312
2011-06-01 13:07:00,1.43976,1.44024,1.43971,1.44013,3163200073.2421875
2011-06-01 13:08:00,1.44013,1.44042,1.44005,1.44036,2402599945.0683594
2011-06-01 13:09:00,1.44036,1.44036,1.44011,1.44017,2427100067.138672
2011-06-01 13:10:00,1.44017,1.44027,1.43995,1.44002,1920399932.8613281
2011-06-01 13:11:00,1.44009,1.44041,1.43995,1.44038,2658800048.828125
2011-06-01 13:12:00,1.44036,1.44083,1.44035,1.44071,2583800048.828125
2011-06-01 13:13:00,1.44071,1.44102,1.44071,1.441,2225299987.7929688
2011-06-01 13:14:00,1.441,1.44103,1.44059,1.44061,2306600036.6210938
2011-06-01 13:15:00,1.44061,1.44089,1.44051,1.44089,1901300048.828125
2011-06-01 13:16:00,1.44089,1.44157,1.44086,1.4414,2287500000.0
2011-06-01 13:17:00,1.44141,1.4415,1.44123,1.4414,2039299926.7578125
2011-06-01 13:18:00,1.44141,1.4415,1.44107,1.44142,2274799957.2753906
2011-06-01 13:19:00,1.44143,1.4415,1.44123,1.44125,1565399932.8613281
2011-06-01 13:20:00,1.44126,1.44153,1.44114,1.44153,2237599945.0683594
2011-06-01 13:21:00,1.44152,1.4421,1.4415,1.44205,2586499938.9648438
2011-06-01 13:22:00,1.44205,1.44253,1.44205,1.44229,2996700134.2773438
2011-06-01 13:23:00,1.44229,1.44269,1.44222,1.4425,2801499938.9648438
2011-06-01 13:24:00,1.44249,1.44249,1.44221,1.44226,2703099975.5859375
2011-06-01 13:25:00,1.44229,1.44236,1.4421,1.44233,1365800018.3105469
2011-06-01 13:26:00,1.44232,1.44239,1.44207,1.44209,1578000030.5175781
2011-06-01 13:27:00,1.44209,1.4423,1.44207,1.44209,1570599975.5859375
2011-06-01 13:28:00,1.44209,1.44237,1.44208,1.44231,1646999969.4824219
2011-06-01 13:29:00,1.44231,1.44235,1.44201,1.44212,1591499938.9648438
2011-06-01 13:30:00,1.44216,1.44265,1.44216,1.44254,3037300109.8632812
2011-06-01 13:31:00,1.44252,1.44252,1.44224,1.44224,1825099945.0683594
2011-06-01 13:32:00,1.44223,1.44233,1.44202,1.44202,1938099975.5859375
2011-06-01 13:33:00,1.44202,1.44243,1.44202,1.4424,1972599945.0683594
2011-06-01 13:34:00,1.44238,1.44251,1.44222,1.44222,1632299957.2753906
2011-06-01 13:35:00,1.44221,1.44231,1.44191,1.442,2698800048.828125
2011-06-01 13:36:00,1.44195,1.44211,1.44181,1.4419,2230700073.2421875
2011-06-01 13:37:00,1.44192,1.44211,1.44183,1.44202,2083099975.5859375
2011-06-01 13:38:00,1.44202,1.44203,1.44166,1.44166,2454799957.2753906
2011-06-01 13:39:00,1.44159,1.44181,1.44142,1.44181,2514900054.9316406
2011-06-01 13:40:00,1.4418,1.44192,1.44159,1.44174,3102500000.0
2011-06-01 13:41:00,1.44173,1.44201,1.44167,1.44201,2162500000.0
2011-06-01 13:42:00,1.442,1.442,1.44129,1.44151,2895299987.7929688
2011-06-01 13:43:00,1.44151,1.44162,1.44122,1.44123,2346999969.482422
2011-06-01 13:44:00,1.44124,1.4416,1.44116,1.44133,2461799926.7578125
2011-06-01 13:45:00,1.44133,1.44171,1.44123,1.44163,2479600067.138672
2011-06-01 13:46:00,1.44165,1.44171,1.44144,1.44152,2809800109.8632812
2011-06-01 13:47:00,1.44153,1.4417,1.44146,1.4417,1288500061.0351562
2011-06-01 13:48:00,1.44169,1.44179,1.44149,1.44159,2860000000.0
2011-06-01 13:49:00,1.44159,1.4416,1.44099,1.44099,2005000000.0
2011-06-01 13:50:00,1.44099,1.44114,1.44081,1.44094,2383600006.1035156
2011-06-01 13:51:00,1.44095,1.44122,1.44081,1.4409,2815000000.0
2011-06-01 13:52:00,1.44089,1.44099,1.44072,1.44078,1752100067.1386719
2011-06-01 13:53:00,1.44078,1.44078,1.44049,1.44063,2075800018.3105469
2011-06-01 13:54:00,1.44062,1.44102,1.44061,1.44102,1769299926.7578125
2011-06-01 13:55:00,1.44103,1.44113,1.4409,1.441,1861100006.1035156
2011-06-01 13:56:00,1.44097,1.44109,1.44091,1.44098,1519499969.4824219
2011-06-01 13:57:00,1.44097,1.44101,1.44074,1.44091,2055299987.7929688
2011-06-01 13:58:00,1.44091,1.44111,1.44089,1.44111,1797100067.1386719
2011-06-01 13:59:00,1.44114,1.44152,1.44085,1.44095,4101900024.4140625
2011-06-01 14:00:00,1.44097,1.44183,1.4408,1.44135,4053999938.9648438
2011-06-01 14:01:00,1.44139,1.44175,1.44104,1.44132,4160000000.0
2011-06-01 14:02:00,1.44135,1.44145,1.4403,1.44072,4513500061.035156
2011-06-01 14:03:00,1.44074,1.44125,1.44073,1.44125,3593200073.2421875
2011-06-01 14:04:00,1.44123,1.44133,1.44061,1.44086,3940799865.7226562
2011-06-01 14:05:00,1.44087,1.44102,1.44051,1.44068,4316300048.828125
2011-06-01 14:06:00,1.4407,1.44268,1.4407,1.44261,4389500122.0703125
2011-06-01 14:07:00,1.44261,1.44288,1.44243,1.44264,3830199890.1367188
2011-06-01 14:08:00,1.44265,1.44377,1.4425,1.44332,4991199951.171875
2011-06-01 14:09:00,1.44333,1.44347,1.44281,1.44288,2980400085.4492188
2011-06-01 14:10:00,1.4429,1.44319,1.44247,1.44275,3179299926.7578125
2011-06-01 14:11:00,1.44273,1.44277,1.44179,1.44188,3102600097.65625
2011-06-01 14:12:00,1.44189,1.44196,1.44127,1.44183,3505700073.2421875
2011-06-01 14:13:00,1.4419,1.44211,1.44122,1.44128,4114800109.8632812
2011-06-01 14:14:00,1.44127,1.44149,1.44077,1.44147,3710899963.3789062
2011-06-01 14:15:00,1.44148,1.44213,1.44126,1.44202,2788299865.7226562
2011-06-01 14:16:00,1.44202,1.44202,1.44148,1.44171,2933099975.5859375
2011-06-01 14:17:00,1.44171,1.44229,1.44166,1.44197,3475000000.0
2011-06-01 14:18:00,1.44198,1.44209,1.44169,1.44205,2636099853.515625
2011-06-01 14:19:00,1.44205,1.44207,1.4416,1.44198,2665499877.9296875
2011-06-01 14:20:00,1.44196,1.44211,1.44171,1.44205,2599100036.6210938
2011-06-01 14:21:00,1.44203,1.44263,1.44191,1.44262,2813500061.0351562
2011-06-01 14:22:00,1.44262,1.44301,1.44246,1.44292,3329200134.2773438
2011-06-01 14:23:00,1.44291,1.44299,1.44269,1.4429,2724299926.7578125
2011-06-01 14:24:00,1.44288,1.44288,1.44239,1.4426,4271900024.4140625
2011-06-01 14:25:00,1.44263,1.44273,1.44213,1.44221,2771199951.171875
2011-06-01 14:26:00,1.44223,1.44251,1.44222,1.44244,2407200012.2070312
2011-06-01 14:27:00,1.44244,1.44257,1.44224,1.44252,2630400085.4492188
2011-06-01 14:28:00,1.44252,1.44312,1.44252,1.44312,2681199951.171875
2011-06-01 14:29:00,1.44314,1.44342,1.44312,1.44317,3223299865.7226562
2011-06-01 14:30:00,1.44317,1.44441,1.44307,1.44441,4205700073.2421875
2011-06-01 14:31:00,1.44441,1.44456,1.44348,1.44405,3870599975.5859375
2011-06-01 14:32:00,1.44405,1.44474,1.44383,1.44383,3409400024.4140625
2011-06-01 14:33:00,1.44382,1.44421,1.44377,1.44388,3944700012.2070312
2011-06-01 14:34:00,1.44389,1.4439,1.44339,1.4435,3236000061.0351562
2011-06-01 14:35:00,1.44351,1.4439,1.4435,1.44389,3134200134.2773438
2011-06-01 14:36:00,1.44389,1.44391,1.44336,1.44336,2745700073.2421875
2011-06-01 14:37:00,1.44336,1.44353,1.44298,1.4433,2913399963.3789062
2011-06-01 14:38:00,1.4433,1.44332,1.44305,1.44321,2544799957.2753906
2011-06-01 14:39:00,1.44319,1.44322,1.44292,1.44303,2299799957.2753906
2011-06-01 14:40:00,1.44303,1.44317,1.44265,1.44289,2858699951.171875
2011-06-01 14:41:00,1.44292,1.44394,1.44283,1.44394,3903299865.7226562
2011-06-01 14:42:00,1.44393,1.44393,1.44351,1.44373,2712799987.7929688
2011-06-01 14:43:00,1.44375,1.44397,1.44323,1.44332,3389500122.0703125
2011-06-01 14:44:00,1.44331,1.44345,1.44288,1.44308,2900199890.1367188
2011-06-01 14:45:00,1.44308,1.44321,1.44286,1.44307,3097699890.1367188
2011-06-01 14:46:00,1.44308,1.4432,1.44268,1.44268,2984500122.0703125
2011-06-01 14:47:00,1.44264,1.44264,1.44219,1.44239,3158099975.5859375
2011-06-01 14:48:00,1.44239,1.4427,1.44228,1.44252,2592699890.1367188
2011-06-01 14:49:00,1.44251,1.44252,1.44214,1.44227,3051499938.9648438
2011-06-01 14:50:00,1.44222,1.44241,1.44189,1.44189,2649899902.34375
2011-06-01 14:51:00,1.44191,1.44227,1.44184,1.44221,2992900085.4492188
2011-06-01 14:52:00,1.44221,1.44231,1.44175,1.4419,3451300048.828125
2011-06-01 14:53:00,1.44188,1.44229,1.4418,1.44225,2838099975.5859375
2011-06-01 14:54:00,1.44225,1.44271,1.44215,1.44263,2742999877.9296875
2011-06-01 14:55:00,1.44263,1.44276,1.44231,1.44233,2303399963.3789062
2011-06-01 14:56:00,1.44232,1.44232,1.44212,1.44223,3387999877.9296875
2011-06-01 14:57:00,1.44225,1.44249,1.44218,1.44237,2496100006.1035156
2011-06-01 14:58:00,1.44237,1.44289,1.44237,1.44277,3092799987.7929688
2011-06-01 14:59:00,1.44278,1.44279,1.44234,1.44251,3325100097.65625
2011-06-01 15:00:00,1.44252,1.44289,1.44251,1.44272,2710799865.7226562
2011-06-01 15:01:00,1.44271,1.44279,1.44242,1.44278,2720400085.4492188
2011-06-01 15:02:00,1.44279,1.44321,1.44269,1.44316,3136900024.4140625
2011-06-01 15:03:00,1.44316,1.4432,1.44276,1.44283,1876900024.4140625
2011-06-01 15:04:00,1.44282,1.44339,1.44282,1.44339,2221000061.0351562
2011-06-01 15:05:00,1.44337,1.44372,1.44323,1.44364,2314100036.6210938
2011-06-01 15:06:00,1.44364,1.4441,1.44363,1.44373,2847999877.9296875
2011-06-01 15:07:00,1.44373,1.44374,1.44328,1.44369,1639600067.1386719
2011-06-01 15:08:00,1.4437,1.4439,1.44342,1.4439,2509299926.7578125
2011-06-01 15:09:00,1.44391,1.44474,1.44389,1.4442,4271900024.4140625
2011-06-01 15:10:00,1.44427,1.44435,1.44341,1.4436,3664500122.0703125
2011-06-01 15:11:00,1.44358,1.44362,1.44342,1.44362,2373500061.0351562
2011-06-01 15:12:00,1.44363,1.44376,1.44331,1.44349,2805100097.65625
2011-06-01 15:13:00,1.44348,1.44351,1.44315,1.4432,2792799987.7929688
2011-06-01 15:14:00,1.44321,1.44356,1.44321,1.44331,2416199951.171875
2011-06-01 15:15:00,1.44331,1.44337,1.44301,1.4431,2238800048.828125
2011-06-01 15:16:00,1.44309,1.44373,1.44309,1.44373,2131699981.6894531
2011-06-01 15:17:00,1.44375,1.4438,1.4433,1.4433,2036100006.1035156
2011-06-01 15:18:00,1.4433,1.44339,1.44313,1.44315,2180200042.7246094
2011-06-01 15:19:00,1.44314,1.44317,1.4428,1.4429,1922400054.9316406
2011-06-01 15:20:00,1.4429,1.44342,1.44286,1.44342,2542899932.861328
2011-06-01 15:21:00,1.44342,1.44342,1.4431,1.44337,1612299957.2753906
2011-06-01 15:22:00,1.44336,1.4437,1.44331,1.44355,1943999938.9648438
2011-06-01 15:23:00,1.44356,1.44356,1.4432,1.44335,1814499969.4824219
2011-06-01 15:24:00,1.44336,1.4442,1.44336,1.4442,1798399963.3789062
2011-06-01 15:25:00,1.44424,1.44445,1.44389,1.44389,2888800048.828125
2011-06-01 15:26:00,1.44388,1.44454,1.44387,1.44431,3051099853.515625
2011-06-01 15:27:00,1.44429,1.44518,1.44425,1.4448,4771099853.515625
2011-06-01 15:28:00,1.44478,1.44571,1.44471,1.44542,3810799865.7226562
2011-06-01 15:29:00,1.44547,1.44583,1.4452,1.4457,3497500000.0
2011-06-01 15:30:00,1.4457,1.44584,1.44518,1.44519,2633699951.171875
2011-06-01 15:31:00,1.44518,1.44541,1.4451,1.44526,3433900146.484375
2011-06-01 15:32:00,1.44523,1.44531,1.44497,1.4451,2188999938.9648438
2011-06-01 15:33:00,1.4451,1.44532,1.44487,1.44487,1598200073.2421875
2011-06-01 15:34:00,1.44481,1.44483,1.44456,1.44477,2009900054.9316406
2011-06-01 15:35:00,1.44477,1.44479,1.4442,1.44431,2297100067.138672
2011-06-01 15:36:00,1.44431,1.44469,1.44431,1.44445,1963000030.5175781
2011-06-01 15:37:00,1.44444,1.44447,1.44432,1.44439,2036199951.171875
2011-06-01 15:38:00,1.44439,1.44453,1.44402,1.44402,2257400054.9316406
2011-06-01 15:39:00,1.44401,1.4442,1.44389,1.44389,2505599975.5859375
2011-06-01 15:40:00,1.44388,1.44403,1.44381,1.44383,1520200042.7246094
2011-06-01 15:41:00,1.44387,1.44397,1.44386,1.44393,1062600021.3623047
2011-06-01 15:42:00,1.44391,1.44413,1.44384,1.44412,1549499969.4824219
2011-06-01 15:43:00,1.44415,1.44476,1.44398,1.44413,2827000122.0703125
2011-06-01 15:44:00,1.44409,1.44447,1.44409,1.44418,2344799957.2753906
2011-06-01 15:45:00,1.44415,1.44441,1.44408,1.4443,1889499969.4824219
2011-06-01 15:46:00,1.4443,1.44433,1.44405,1.44405,1555099945.0683594
2011-06-01 15:47:00,1.44403,1.44403,1.44356,1.44364,1552599945.0683594
2011-06-01 15:48:00,1.44363,1.44363,1.4431,1.44316,1456199951.171875
2011-06-01 15:49:00,1.44317,1.44333,1.44305,1.4431,2230899963.3789062
2011-06-01 15:50:00,1.44312,1.44335,1.44311,1.44335,1090299987.7929688
2011-06-01 15:51:00,1.44343,1.44347,1.44269,1.44274,1685099945.0683594
2011-06-01 15:52:00,1.44272,1.44336,1.44271,1.44322,2467400054.9316406
2011-06-01 15:53:00,1.44322,1.44323,1.44306,1.44313,1580899963.3789062
2011-06-01 15:54:00,1.44315,1.44322,1.44283,1.44291,1236100006.1035156
2011-06-01 15:55:00,1.44291,1.4431,1.44283,1.44302,1866600036.6210938
2011-06-01 15:56:00,1.44303,1.44308,1.4428,1.44291,1952299957.2753906
2011-06-01 15:57:00,1.4429,1.44319,1.44283,1.44319,1865299987.7929688
2011-06-01 15:58:00,1.44319,1.44321,1.44282,1.44304,1512299957.2753906
2011-06-01 15:59:00,1.44306,1.44312,1.4429,1.443,2176399993.8964844
2011-06-01 16:00:00,1.44297,1.44404,1.44282,1.44401,3255799865.7226562
2011-06-01 16:01:00,1.44402,1.44402,1.44363,1.44364,2396499938.9648438
2011-06-01 16:02:00,1.44364,1.44373,1.4435,1.44361,1607599945.0683594
2011-06-01 16:03:00,1.44361,1.44362,1.44327,1.44331,1673000030.5175781
2011-06-01 16:04:00,1.44332,1.44343,1.4433,1.44342,720000000.0
2011-06-01 16:05:00,1.44341,1.44341,1.44286,1.4429,1685299987.7929688
2011-06-01 16:06:00,1.44289,1.443,1.4425,1.44252,2843699951.171875
2011-06-01 16:07:00,1.44251,1.44264,1.44229,1.44241,2162400054.9316406
2011-06-01 16:08:00,1.44238,1.44251,1.44232,1.44244,2379799957.2753906
2011-06-01 16:09:00,1.44243,1.44252,1.44228,1.44233,1516199951.171875
2011-06-01 16:10:00,1.44232,1.44232,1.4417,1.44179,2275500030.517578
2011-06-01 16:11:00,1.44179,1.44183,1.44111,1.44111,3055499877.9296875
2011-06-01 16:12:00,1.4411,1.44131,1.4411,1.44112,2201600036.6210938
2011-06-01 16:13:00,1.44112,1.44141,1.44089,1.44137,3182399902.34375
2011-06-01 16:14:00,1.44138,1.44175,1.44134,1.44151,2348300018.310547
2011-06-01 16:15:00,1.44151,1.44153,1.44119,1.4413,2483500061.0351562
2011-06-01 16:16:00,1.4413,1.44155,1.44104,1.44105,1883300018.3105469
2011-06-01 16:17:00,1.44106,1.4413,1.44092,1.44115,1805099945.0683594
2011-06-01 16:18:00,1.44121,1.44148,1.4403,1.44039,3601700134.2773438
2011-06-01 16:19:00,1.44037,1.44068,1.44033,1.44045,3118500061.0351562
2011-06-01 16:20:00,1.44049,1.44062,1.44024,1.44024,2851400146.484375
2011-06-01 16:21:00,1.4402,1.4408,1.43998,1.44079,2656099853.515625
2011-06-01 16:22:00,1.44079,1.44102,1.4406,1.44089,2183999938.9648438
2011-06-01 16:23:00,1.4409,1.44101,1.44081,1.44084,2150700073.2421875
2011-06-01 16:24:00,1.44082,1.44111,1.44081,1.441,2025800018.3105469
2011-06-01 16:25:00,1.44098,1.44109,1.4405,1.44061,2109799957.2753906
2011-06-01 16:26:00,1.44061,1.44082,1.44053,1.44082,1402200012.2070312
2011-06-01 16:27:00,1.44083,1.44102,1.44082,1.44085,1388999938.9648438
2011-06-01 16:28:00,1.44085,1.44109,1.44046,1.44062,2293500061.0351562
2011-06-01 16:29:00,1.44061,1.44061,1.44044,1.44048,1510200042.7246094
2011-06-01 16:30:00,1.4405,1.4408,1.44046,1.44072,2523200073.2421875
2011-06-01 16:31:00,1.44072,1.44105,1.44072,1.44099,1904100036.6210938
2011-06-01 16:32:00,1.44095,1.44109,1.44089,1.44104,1337500000.0
2011-06-01 16:33:00,1.44106,1.44119,1.44101,1.44119,1361600036.6210938
2011-06-01 16:34:00,1.4412,1.4414,1.441,1.44102,2526499938.9648438
2011-06-01 16:35:00,1.44102,1.44125,1.44098,1.44113,1886999969.4824219
2011-06-01 16:36:00,1.44113,1.44141,1.44113,1.44141,1718699951.171875
2011-06-01 16:37:00,1.44141,1.44157,1.44133,1.44154,1371699981.6894531
2011-06-01 16:38:00,1.44155,1.44162,1.44145,1.44151,1560000000.0
2011-06-01 16:39:00,1.44149,1.44151,1.44136,1.44149,1417500000.0
2011-06-01 16:40:00,1.44148,1.44183,1.4414,1.44164,2190200042.7246094
2011-06-01 16:41:00,1.44163,1.4417,1.44139,1.44139,2107400054.9316406
2011-06-01 16:42:00,1.44138,1.44142,1.44089,1.4411,1837599945.0683594
2011-06-01 16:43:00,1.4411,1.4411,1.44071,1.44078,911299972.5341797
2011-06-01 16:44:00,1.44079,1.44089,1.44071,1.44074,1199199981.6894531
2011-06-01 16:45:00,1.44075,1.4409,1.44075,1.4408,897900009.1552734
2011-06-01 16:46:00,1.4408,1.44081,1.44059,1.44066,2120700073.2421875
2011-06-01 16:47:00,1.44067,1.44079,1.44066,1.4407,1322299957.2753906
2011-06-01 16:48:00,1.44069,1.44079,1.44062,1.44074,1010999984.7412109
2011-06-01 16:49:00,1.44074,1.44088,1.44069,1.44088,1035000000.0
2011-06-01 16:50:00,1.4409,1.44099,1.4408,1.4409,1182900009.1552734
2011-06-01 16:51:00,1.44086,1.44086,1.44042,1.44043,1965200042.7246094
2011-06-01 16:52:00,1.44042,1.44066,1.44041,1.44061,1061699981.6894531
2011-06-01 16:53:00,1.44061,1.44061,1.44012,1.44042,2234799957.2753906
2011-06-01 16:54:00,1.44044,1.44071,1.44044,1.44049,1179800033.569336
2011-06-01 16:55:00,1.44049,1.44053,1.44014,1.44015,1656000061.0351562
2011-06-01 16:56:00,1.44015,1.44021,1.43989,1.44013,2036000061.0351562
2011-06-01 16:57:00,1.44012,1.44032,1.43959,1.43966,2648699951.171875
2011-06-01 16:58:00,1.43963,1.43972,1.4393,1.43969,2406799926.7578125
2011-06-01 16:59:00,1.43968,1.43968,1.43906,1.43929,2785599975.5859375
2011-06-01 17:00:00,1.43931,1.4398,1.4393,1.43977,2834500122.0703125
2011-06-01 17:01:00,1.43975,1.43983,1.43952,1.43983,1718399963.3789062
2011-06-01 17:02:00,1.43983,1.43989,1.43949,1.43952,2572500000.0
2011-06-01 17:03:00,1.43958,1.43981,1.43956,1.43981,1534499969.4824219
2011-06-01 17:04:00,1.43981,1.44004,1.43955,1.43961,2133899993.8964844
2011-06-01 17:05:00,1.43957,1.43989,1.43957,1.43967,2328600006.1035156
2011-06-01 17:06:00,1.43968,1.43981,1.43944,1.43948,1601999969.4824219
2011-06-01 17:07:00,1.43948,1.4396,1.43922,1.43924,2193899993.8964844
2011-06-01 17:08:00,1.43925,1.43936,1.43913,1.43914,2250099945.0683594
2011-06-01 17:09:00,1.43914,1.43928,1.43912,1.43928,2503200073.2421875
2011-06-01 17:10:00,1.43928,1.43928,1.43877,1.43881,1985099945.0683594
2011-06-01 17:11:00,1.43881,1.43881,1.4382,1.4382,2883200073.2421875
2011-06-01 17:12:00,1.43819,1.43819,1.43719,1.43756,3559100036.6210938
2011-06-01 17:13:00,1.43758,1.43766,1.43729,1.43742,2796099853.515625
2011-06-01 17:14:00,1.43739,1.43782,1.43719,1.43773,2679100036.6210938
2011-06-01 17:15:00,1.43773,1.43773,1.43709,1.43721,2981499938.9648438
2011-06-01 17:16:00,1.43727,1.43785,1.43727,1.43776,2308000030.517578
2011-06-01 17:17:00,1.43776,1.43783,1.43759,1.43761,1752599945.0683594
2011-06-01 17:18:00,1.43758,1.43803,1.43746,1.43781,2466000061.0351562
2011-06-01 17:19:00,1.43781,1.4381,1.43778,1.43784,2307500000.0
2011-06-01 17:20:00,1.43784,1.43801,1.43747,1.43801,2793200073.2421875
2011-06-01 17:21:00,1.43801,1.43838,1.43801,1.43838,2076300048.828125
2011-06-01 17:22:00,1.43838,1.43846,1.43762,1.43781,2715499877.9296875
2011-06-01 17:23:00,1.43784,1.43813,1.43773,1.43775,2955899963.3789062
2011-06-01 17:24:00,1.43774,1.43844,1.43772,1.4384,2190500030.517578
2011-06-01 17:25:00,1.43841,1.43853,1.438,1.43833,2106199951.171875
2011-06-01 17:26:00,1.43833,1.43854,1.43816,1.43824,2451900024.4140625
2011-06-01 17:27:00,1.43823,1.43825,1.43802,1.43811,1081500015.258789
2011-06-01 17:28:00,1.4381,1.43812,1.43711,1.43721,3457600097.65625
2011-06-01 17:29:00,1.43721,1.43817,1.43721,1.43809,3515400085.4492188
2011-06-01 17:30:00,1.43808,1.43808,1.43735,1.43772,2121499938.9648438
2011-06-01 17:31:00,1.43771,1.4381,1.4376,1.43767,2881600036.6210938
2011-06-01 17:32:00,1.43773,1.43807,1.4377,1.43799,2312100067.138672
2011-06-01 17:33:00,1.43799,1.43842,1.43797,1.4384,1474600067.1386719
2011-06-01 17:34:00,1.4384,1.43843,1.43821,1.4383,1878800048.828125
2011-06-01 17:35:00,1.43829,1.43849,1.4382,1.4382,1804499969.4824219
2011-06-01 17:36:00,1.4382,1.43831,1.43797,1.43811,1819199981.6894531
2011-06-01 17:37:00,1.43814,1.43843,1.43814,1.43843,1115800018.3105469
2011-06-01 17:38:00,1.43843,1.4389,1.43835,1.4389,1747200012.2070312
2011-06-01 17:39:00,1.4389,1.43898,1.4386,1.4386,2061199951.171875
2011-06-01 17:40:00,1.4386,1.43868,1.43831,1.43839,2051999969.4824219
2011-06-01 17:41:00,1.43838,1.4387,1.43822,1.4387,1887100067.1386719
2011-06-01 17:42:00,1.4387,1.4387,1.43858,1.43858,1612599945.0683594
2011-06-01 17:43:00,1.43858,1.4386,1.43841,1.43859,1242300033.569336
2011-06-01 17:44:00,1.43859,1.43901,1.43851,1.43899,1573200073.2421875
2011-06-01 17:45:00,1.43897,1.4392,1.43881,1.43901,2557899932.861328
2011-06-01 17:46:00,1.43901,1.43909,1.43879,1.43882,1493399963.3789062
2011-06-01 17:47:00,1.43886,1.43907,1.43886,1.43893,1440099945.0683594
2011-06-01 17:48:00,1.43895,1.4393,1.43893,1.4393,1641199951.171875
2011-06-01 17:49:00,1.4393,1.43938,1.43901,1.43901,1685399932.8613281
2011-06-01 17:50:00,1.43906,1.43906,1.43872,1.4389,1486900024.4140625
2011-06-01 17:51:00,1.43889,1.43918,1.43883,1.43912,1509900054.9316406
2011-06-01 17:52:00,1.43915,1.43925,1.43905,1.4392,1353099975.5859375
2011-06-01 17:53:00,1.43919,1.43931,1.43911,1.43917,1438600006.1035156
2011-06-01 17:54:00,1.43918,1.43931,1.43907,1.43931,1470200042.7246094
2011-06-01 17:55:00,1.43931,1.43931,1.43899,1.43904,2396300048.828125
2011-06-01 17:56:00,1.43906,1.43972,1.43906,1.43962,1686000061.0351562
2011-06-01 17:57:00,1.43969,1.43969,1.43953,1.43958,1828200073.2421875
2011-06-01 17:58:00,1.43958,1.43968,1.43952,1.43963,1531499938.9648438
2011-06-01 17:59:00,1.43962,1.44006,1.43962,1.43988,1999600067.1386719
2011-06-01 18:00:00,1.43988,1.43988,1.43957,1.43965,2064100036.6210938
2011-06-01 18:01:00,1.43968,1.43974,1.43955,1.43968,1818699951.171875
2011-06-01 18:02:00,1.43969,1.43975,1.43946,1.43969,2093999938.9648438
2011-06-01 18:03:00,1.43969,1.43971,1.43949,1.43951,1133199996.9482422
2011-06-01 18:04:00,1.43952,1.43972,1.4395,1.43961,1815000000.0
2011-06-01 18:05:00,1.4396,1.43974,1.4396,1.43961,1081900024.4140625
2011-06-01 18:06:00,1.43961,1.43961,1.43942,1.43944,1228000030.5175781
2011-06-01 18:07:00,1.43943,1.43962,1.43943,1.43951,1485099945.0683594
2011-06-01 18:08:00,1.43955,1.43962,1.43951,1.43952,1160999984.741211
2011-06-01 18:09:00,1.43951,1.43951,1.43931,1.43934,1235000000.0
2011-06-01 18:10:00,1.43934,1.43947,1.43932,1.43939,1171500015.258789
2011-06-01 18:11:00,1.43943,1.43951,1.43941,1.43949,1618399963.3789062
2011-06-01 18:12:00,1.43949,1.4396,1.4394,1.43942,1583600006.1035156
2011-06-01 18:13:00,1.43941,1.43941,1.43908,1.43908,1727799987.7929688
2011-06-01 18:14:00,1.43907,1.43908,1.43887,1.43907,1529400024.4140625
2011-06-01 18:15:00,1.43907,1.43911,1.43877,1.4388,1554199981.6894531
2011-06-01 18:16:00,1.4388,1.43917,1.4388,1.43903,1990299987.7929688
2011-06-01 18:17:00,1.43899,1.43907,1.43872,1.43872,793499984.7412109
2011-06-01 18:18:00,1.43872,1.43929,1.43872,1.43917,1343000030.5175781
2011-06-01 18:19:00,1.43914,1.43936,1.43912,1.43927,1657599945.0683594
2011-06-01 18:20:00,1.43929,1.4397,1.43929,1.43969,1546199951.171875
2011-06-01 18:21:00,1.4397,1.4397,1.43928,1.43929,1671799926.7578125
2011-06-01 18:22:00,1.43929,1.43948,1.43928,1.43939,1152300033.569336
2011-06-01 18:23:00,1.4394,1.43949,1.43927,1.43937,1018499984.7412109
2011-06-01 18:24:00,1.43935,1.43941,1.43935,1.4394,555000000.0
2011-06-01 18:25:00,1.4394,1.43949,1.43915,1.43927,1417599945.0683594
2011-06-01 18:26:00,1.43926,1.43943,1.43922,1.4394,1496300048.828125
2011-06-01 18:27:00,1.43941,1.43951,1.43923,1.43923,1136999969.4824219
2011-06-01 18:28:00,1.43925,1.43943,1.43925,1.43939,877600021.3623047
2011-06-01 18:29:00,1.43939,1.4394,1.4389,1.4389,1801100006.1035156
2011-06-01 18:30:00,1.4389,1.439,1.43842,1.43871,2336000061.0351562
2011-06-01 18:31:00,1.43871,1.43872,1.43853,1.43865,1503099975.5859375
2011-06-01 18:32:00,1.43863,1.43876,1.43849,1.4386,2441699981.689453
2011-06-01 18:33:00,1.4386,1.43872,1.43839,1.43848,2059900054.9316406
2011-06-01 18:34:00,1.43848,1.43861,1.43841,1.4386,1428699951.171875
2011-06-01 18:35:00,1.43858,1.43858,1.43813,1.43829,2320500030.517578
2011-06-01 18:36:00,1.43829,1.43839,1.43825,1.43837,1016999969.4824219
2011-06-01 18:37:00,1.43835,1.43837,1.43785,1.43791,2335000000.0
2011-06-01 18:38:00,1.43789,1.43809,1.43771,1.43802,1618899993.8964844
2011-06-01 18:39:00,1.438,1.4383,1.43798,1.43823,1296000061.0351562
2011-06-01 18:40:00,1.43822,1.43826,1.43801,1.43802,1471499938.9648438
2011-06-01 18:41:00,1.43803,1.43808,1.43788,1.43797,1897500000.0
2011-06-01 18:42:00,1.43799,1.43804,1.43772,1.43787,1732700042.7246094
2011-06-01 18:43:00,1.43787,1.43791,1.43779,1.43791,1451999969.4824219
2011-06-01 18:44:00,1.43789,1.43811,1.43786,1.4381,870500030.5175781
2011-06-01 18:45:00,1.43811,1.4383,1.43808,1.43808,1887799987.7929688
2011-06-01 18:46:00,1.43808,1.43811,1.438,1.43811,867799987.7929688
2011-06-01 18:47:00,1.43811,1.43811,1.43738,1.43738,2477700042.7246094
2011-06-01 18:48:00,1.43737,1.43791,1.43709,1.43756,3123699951.171875
2011-06-01 18:49:00,1.43756,1.43767,1.43675,1.43711,2807200012.2070312
2011-06-01 18:50:00,1.43711,1.43716,1.4364,1.43683,2785299987.7929688
2011-06-01 18:51:00,1.43682,1.4373,1.43673,1.43724,2291000061.0351562
2011-06-01 18:52:00,1.43721,1.43725,1.43683,1.43683,1875599975.5859375
2011-06-01 18:53:00,1.43682,1.43687,1.43659,1.43678,1449100036.6210938
2011-06-01 18:54:00,1.43679,1.43709,1.43677,1.43709,2150000000.0
2011-06-01 18:55:00,1.43711,1.43711,1.43674,1.43697,2081000061.0351562
2011-06-01 18:56:00,1.43702,1.43722,1.43676,1.43676,1813099975.5859375
2011-06-01 18:57:00,1.43676,1.43695,1.4366,1.43689,2471699981.689453
2011-06-01 18:58:00,1.43689,1.43733,1.43687,1.43733,2124499969.4824219
2011-06-01 18:59:00,1.43733,1.43733,1.43709,1.43717,1935000000.0
2011-06-01 19:00:00,1.43718,1.43735,1.43698,1.43727,1726699981.6894531
2011-06-01 19:01:00,1.43727,1.43737,1.43725,1.43734,1110299987.7929688
2011-06-01 19:02:00,1.43731,1.43766,1.4373,1.43766,1882500000.0
2011-06-01 19:03:00,1.43765,1.43787,1.43762,1.4377,1493500061.0351562
2011-06-01 19:04:00,1.43771,1.43778,1.4374,1.43741,2078699951.171875
2011-06-01 19:05:00,1.43741,1.43747,1.43712,1.43715,2488699951.171875
2011-06-01 19:06:00,1.43716,1.4373,1.43703,1.43707,2158800048.828125
2011-06-01 19:07:00,1.43709,1.43743,1.43707,1.43737,1582200012.2070312
2011-06-01 19:08:00,1.43741,1.43778,1.43738,1.43756,1622400054.9316406
2011-06-01 19:09:00,1.43756,1.43767,1.43733,1.43733,1458200073.2421875
2011-06-01 19:10:00,1.43729,1.43742,1.43716,1.4374,1455500030.5175781
2011-06-01 19:11:00,1.43742,1.43749,1.43722,1.43734,1412299957.2753906
2011-06-01 19:12:00,1.43727,1.4374,1.43726,1.4374,765000000.0
2011-06-01 19:13:00,1.43739,1.43739,1.43707,1.43713,1454100036.6210938
2011-06-01 19:14:00,1.43712,1.43713,1.43661,1.43668,1712400054.9316406
2011-06-01 19:15:00,1.43665,1.43671,1.43632,1.43642,2150800018.310547
2011-06-01 19:16:00,1.4364,1.43659,1.43629,1.4365,1767899932.8613281
2011-06-01 19:17:00,1.4365,1.4366,1.43626,1.43627,1750299987.7929688
2011-06-01 19:18:00,1.43627,1.43653,1.43626,1.43631,1287500000.0
2011-06-01 19:19:00,1.43634,1.43641,1.43622,1.43622,1633600006.1035156
2011-06-01 19:20:00,1.43622,1.43635,1.43615,1.43616,1541399993.8964844
2011-06-01 19:21:00,1.43619,1.43658,1.43618,1.43648,2017299957.2753906
2011-06-01 19:22:00,1.43648,1.43659,1.43631,1.43639,2155700073.2421875
2011-06-01 19:23:00,1.43632,1.43632,1.4359,1.4359,1927599945.0683594
2011-06-01 19:24:00,1.43592,1.43603,1.4353,1.43538,3095599975.5859375
2011-06-01 19:25:00,1.43538,1.43598,1.43537,1.43598,2151100006.1035156
2011-06-01 19:26:00,1.43598,1.43599,1.43526,1.43528,3129100036.6210938
2011-06-01 19:27:00,1.43526,1.43539,1.43499,1.43535,2937000122.0703125
2011-06-01 19:28:00,1.43534,1.4354,1.43508,1.43511,3026900024.4140625
2011-06-01 19:29:00,1.43514,1.43529,1.43498,1.43511,2143999938.9648438
2011-06-01 19:30:00,1.4351,1.4355,1.4351,1.43547,2456100006.1035156
2011-06-01 19:31:00,1.43541,1.43552,1.4353,1.43552,1415700073.2421875
2011-06-01 19:32:00,1.43554,1.43579,1.43554,1.43579,1808999938.9648438
2011-06-01 19:33:00,1.43577,1.43581,1.43541,1.43541,2044299926.7578125
2011-06-01 19:34:00,1.43541,1.43551,1.43538,1.43548,1012500000.0
2011-06-01 19:35:00,1.43549,1.4355,1.43509,1.43516,1373000030.5175781
2011-06-01 19:36:00,1.43516,1.43541,1.43503,1.43541,1581000061.0351562
2011-06-01 19:37:00,1.43542,1.43548,1.4353,1.43545,1158799972.5341797
2011-06-01 19:38:00,1.43546,1.43546,1.43507,1.43527,1963200073.2421875
2011-06-01 19:39:00,1.43526,1.43533,1.43511,1.43516,1114499969.4824219
2011-06-01 19:40:00,1.43516,1.43516,1.43419,1.4342,2770100097.65625
2011-06-01 19:41:00,1.43419,1.43458,1.43407,1.4343,2939800109.8632812
2011-06-01 19:42:00,1.4343,1.43462,1.43413,1.43456,2119199981.6894531
2011-06-01 19:43:00,1.43455,1.4346,1.4345,1.43459,1603300018.3105469
2011-06-01 19:44:00,1.43459,1.43468,1.43431,1.43435,1656699981.6894531
2011-06-01 19:45:00,1.43432,1.43432,1.43379,1.43413,3038699951.171875
2011-06-01 19:46:00,1.43415,1.43418,1.43373,1.43382,2234900054.9316406
2011-06-01 19:47:00,1.4338,1.4338,1.43311,1.43352,2831799926.7578125
2011-06-01 19:48:00,1.43358,1.4339,1.43301,1.43302,3002200012.2070312
2011-06-01 19:49:00,1.43303,1.43303,1.43254,1.43261,2070299987.7929688
2011-06-01 19:50:00,1.43258,1.433,1.43236,1.43296,2962099914.5507812
2011-06-01 19:51:00,1.43295,1.43321,1.43267,1.43314,2563599853.515625
2011-06-01 19:52:00,1.43314,1.43339,1.4331,1.43337,2439100036.6210938
2011-06-01 19:53:00,1.43337,1.43388,1.43335,1.43382,3159500122.0703125
2011-06-01 19:54:00,1.4338,1.4344,1.4338,1.43434,1766699981.6894531
2011-06-01 19:55:00,1.43434,1.43437,1.43398,1.43411,4799899902.34375
2011-06-01 19:56:00,1.43411,1.43411,1.43391,1.43405,2909400024.4140625
2011-06-01 19:57:00,1.43406,1.43419,1.43406,1.43419,1876499938.9648438
2011-06-01 19:58:00,1.4342,1.43434,1.4342,1.43434,1568000030.5175781
2011-06-01 19:59:00,1.43435,1.43454,1.43397,1.43397,2382200012.2070312
2011-06-01 20:00:00,1.43395,1.43398,1.43348,1.43348,1916900024.4140625
2011-06-01 20:01:00,1.43347,1.43347,1.43311,1.43311,1164899978.6376953
2011-06-01 20:02:00,1.43311,1.43316,1.43268,1.433,2497500000.0
2011-06-01 20:03:00,1.43302,1.4331,1.43293,1.43308,1549900054.9316406
2011-06-01 20:04:00,1.4331,1.43319,1.43293,1.43293,2014499969.4824219
2011-06-01 20:05:00,1.43295,1.43316,1.43247,1.43268,3844700012.2070312
2011-06-01 20:06:00,1.43278,1.43278,1.43208,1.43222,2796199951.171875
2011-06-01 20:07:00,1.43224,1.43259,1.43213,1.43259,1714199981.6894531
2011-06-01 20:08:00,1.43262,1.4328,1.43236,1.43279,2051600036.6210938
2011-06-01 20:09:00,1.43276,1.43311,1.43258,1.43285,1843399963.3789062
2011-06-01 20:10:00,1.43288,1.43301,1.43259,1.43259,1778399963.3789062
2011-06-01 20:11:00,1.43259,1.43285,1.43242,1.4328,1212799987.7929688
2011-06-01 20:12:00,1.43282,1.4329,1.43278,1.43281,990000000.0
2011-06-01 20:13:00,1.43285,1.43307,1.43278,1.43278,1111999969.4824219
2011-06-01 20:14:00,1.43279,1.43308,1.43278,1.43308,910500030.5175781
2011-06-01 20:15:00,1.43309,1.43309,1.4328,1.4328,1338500061.0351562
2011-06-01 20:16:00,1.4328,1.43287,1.43272,1.43279,864300003.0517578
2011-06-01 20:17:00,1.43281,1.43283,1.43253,1.43259,1644400024.4140625
2011-06-01 20:18:00,1.43257,1.4326,1.43225,1.43246,1098099975.5859375
2011-06-01 20:19:00,1.43246,1.43255,1.43238,1.43244,920699996.9482422
2011-06-01 20:20:00,1.43245,1.43258,1.4324,1.43256,1343899993.8964844
2011-06-01 20:21:00,1.43255,1.43271,1.43254,1.43264,746699981.6894531
2011-06-01 20:22:00,1.43264,1.43279,1.43262,1.43266,995800018.3105469
2011-06-01 20:23:00,1.43266,1.43304,1.43266,1.43279,1568399963.3789062
2011-06-01 20:24:00,1.43281,1.43302,1.43277,1.43302,1749600067.1386719
2011-06-01 20:25:00,1.43303,1.43313,1.43292,1.43297,829000015.2587891
2011-06-01 20:26:00,1.43297,1.43303,1.43293,1.43297,537799987.7929688
2011-06-01 20:27:00,1.43296,1.43304,1.43291,1.43304,796500015.2587891
2011-06-01 20:28:00,1.43304,1.43331,1.43304,1.4332,712500000.0
2011-06-01 20:29:00,1.43324,1.43332,1.43317,1.43317,435099983.21533203
2011-06-01 20:30:00,1.43317,1.43337,1.43313,1.43337,1202699966.430664
2011-06-01 20:31:00,1.43335,1.43335,1.43305,1.4332,1772799987.7929688
2011-06-01 20:32:00,1.4332,1.4332,1.43312,1.43315,325600013.73291016
2011-06-01 20:33:00,1.43317,1.4332,1.43315,1.4332,435000000.0
2011-06-01 20:34:00,1.43321,1.43331,1.43313,1.43317,784499969.4824219
2011-06-01 20:35:00,1.43315,1.43315,1.43299,1.43304,993000030.5175781
2011-06-01 20:36:00,1.43304,1.43309,1.43291,1.43291,800299987.7929688
2011-06-01 20:37:00,1.43293,1.43306,1.43293,1.43306,763499984.7412109
2011-06-01 20:38:00,1.43307,1.43319,1.43305,1.43308,545999984.7412109
2011-06-01 20:39:00,1.43309,1.43319,1.43308,1.43317,475499992.37060547
2011-06-01 20:40:00,1.43317,1.43325,1.4331,1.43324,287999992.37060547
2011-06-01 20:41:00,1.43321,1.43321,1.43304,1.43315,459399986.26708984
2011-06-01 20:42:00,1.43315,1.43319,1.43311,1.43311,285000000.0
2011-06-01 20:43:00,1.43309,1.4331,1.43307,1.4331,180000000.0
2011-06-01 20:44:00,1.4331,1.43332,1.4331,1.43328,1344900054.9316406
2011-06-01 20:45:00,1.43328,1.43347,1.43316,1.4334,912600021.3623047
2011-06-01 20:46:00,1.43341,1.43352,1.43315,1.43317,1276299972.5341797
2011-06-01 20:47:00,1.43321,1.43326,1.43309,1.43318,480000000.0
2011-06-01 20:48:00,1.43317,1.43317,1.43301,1.43308,353400001.5258789
2011-06-01 20:49:00,1.4331,1.4331,1.433,1.433,352500000.0
2011-06-01 20:50:00,1.433,1.43301,1.4329,1.43298,816800003.0517578
2011-06-01 20:51:00,1.433,1.4332,1.433,1.4332,510000000.0
2011-06-01 20:52:00,1.43321,1.43329,1.43316,1.43321,246000003.81469727
2011-06-01 20:53:00,1.4332,1.43329,1.43311,1.43324,507799987.79296875
2011-06-01 20:54:00,1.43324,1.43331,1.43324,1.43324,367500000.0
2011-06-01 20:55:00,1.43324,1.4334,1.43323,1.43334,554300003.0517578
2011-06-01 20:56:00,1.43334,1.43336,1.43327,1.43336,433499984.74121094
2011-06-01 20:57:00,1.43335,1.43335,1.43321,1.43331,381800003.0517578
2011-06-01 20:58:00,1.43331,1.43332,1.43318,1.43318,661999969.4824219
2011-06-01 20:59:00,1.43309,1.43319,1.4327,1.43272,695599975.5859375
2011-06-01 21:00:00,1.43274,1.43274,1.4325,1.43258,1246500015.258789
2011-06-01 21:01:00,1.43258,1.43258,1.43253,1.43253,187500000.0
2011-06-01 21:02:00,1.43258,1.43269,1.43254,1.43257,1050000000.0
2011-06-01 21:03:00,1.4326,1.4326,1.43235,1.4326,570000000.0
2011-06-01 21:04:00,1.4327,1.4327,1.43245,1.43251,1481999969.4824219
2011-06-01 21:05:00,1.43249,1.43263,1.43228,1.43232,907600021.3623047
2011-06-01 21:06:00,1.43232,1.43244,1.43166,1.43183,1637500000.0
2011-06-01 21:07:00,1.43187,1.43198,1.4317,1.43185,370999984.74121094
2011-06-01 21:08:00,1.43184,1.43213,1.4318,1.43213,292099990.84472656
2011-06-01 21:09:00,1.43215,1.43227,1.43199,1.43199,684899978.6376953
2011-06-01 21:10:00,1.43199,1.43212,1.43161,1.43182,1606600036.6210938
2011-06-01 21:11:00,1.43182,1.43185,1.4312,1.43145,1168600006.1035156
2011-06-01 21:12:00,1.43145,1.43145,1.43077,1.43086,1342599945.0683594
2011-06-01 21:13:00,1.43083,1.43099,1.43082,1.43087,334500007.62939453
2011-06-01 21:14:00,1.43087,1.43098,1.43077,1.43092,1312899932.8613281
2011-06-01 21:15:00,1.4309,1.43115,1.43086,1.43115,570000000.0
2011-06-01 21:16:00,1.43118,1.43133,1.43118,1.43133,210000000.0
2011-06-01 21:17:00,1.43138,1.43138,1.4313,1.43133,153800001.14440918
2011-06-01 21:18:00,1.43137,1.43161,1.43137,1.43153,525000000.0
2011-06-01 21:19:00,1.43152,1.43152,1.43124,1.43125,622700004.5776367
2011-06-01 21:20:00,1.4312,1.43146,1.43091,1.43146,1291499938.9648438
2011-06-01 21:21:00,1.43148,1.43163,1.43143,1.43156,448499984.74121094
2011-06-01 21:22:00,1.43156,1.4316,1.4315,1.4316,499500007.62939453
2011-06-01 21:23:00,1.43158,1.43158,1.43146,1.43149,210000000.0
2011-06-01 21:24:00,1.43153,1.4316,1.4315,1.4316,195000000.0
2011-06-01 21:25:00,1.4316,1.43181,1.4316,1.43176,525000000.0
2011-06-01 21:26:00,1.43176,1.43181,1.43153,1.43178,554399986.2670898
2011-06-01 21:27:00,1.43178,1.43178,1.43157,1.43172,669899978.6376953
2011-06-01 21:28:00,1.43176,1.43183,1.43176,1.4318,202500000.0
2011-06-01 21:29:00,1.4318,1.43232,1.4318,1.43209,1293300018.3105469
2011-06-01 21:30:00,1.43211,1.43227,1.43209,1.43224,1199300003.0517578
2011-06-01 21:31:00,1.4322,1.43225,1.43184,1.43195,872099990.8447266
2011-06-01 21:32:00,1.43193,1.4321,1.4319,1.43206,480000000.0
2011-06-01 21:33:00,1.43208,1.43209,1.43208,1.43209,225000000.0
2011-06-01 21:34:00,1.43211,1.43211,1.43205,1.4321,427500000.0
2011-06-01 21:35:00,1.43216,1.43255,1.43201,1.43255,1329799957.2753906
2011-06-01 21:36:00,1.43255,1.43258,1.43193,1.43195,945500030.5175781
2011-06-01 21:37:00,1.43202,1.43202,1.43174,1.432,1062900009.1552734
2011-06-01 21:38:00,1.43208,1.43236,1.43204,1.43236,1180299987.7929688
2011-06-01 21:39:00,1.43238,1.4324,1.43213,1.43219,645000000.0
2011-06-01 21:40:00,1.43217,1.43229,1.43217,1.43227,552000007.6293945
2011-06-01 21:41:00,1.43222,1.43232,1.43222,1.43232,307500000.0
2011-06-01 21:42:00,1.43233,1.43247,1.43233,1.43244,210000000.0
2011-06-01 21:43:00,1.43245,1.43268,1.43245,1.43248,665699996.9482422
2011-06-01 21:44:00,1.43254,1.43265,1.43254,1.43265,262500000.0
2011-06-01 21:45:00,1.43264,1.43272,1.43263,1.43266,258799991.60766602
2011-06-01 21:46:00,1.43267,1.4327,1.43265,1.43266,349500007.62939453
2011-06-01 21:47:00,1.43264,1.43264,1.43259,1.43259,221299991.60766602
2011-06-01 21:48:00,1.43259,1.43261,1.43233,1.4325,465099983.21533203
2011-06-01 21:49:00,1.4325,1.4325,1.43233,1.43234,292500000.0
2011-06-01 21:50:00,1.43233,1.43243,1.43233,1.43239,272999992.37060547
2011-06-01 21:51:00,1.43239,1.43239,1.43239,1.43239,15000000.0
2011-06-01 21:52:00,1.43238,1.43244,1.43238,1.43239,116300001.14440918
2011-06-01 21:53:00,1.43241,1.43263,1.43241,1.43263,307500000.0
2011-06-01 21:54:00,1.43264,1.43271,1.43263,1.43267,262500000.0
2011-06-01 21:55:00,1.43266,1.43268,1.43261,1.43261,163500003.81469727
2011-06-01 21:56:00,1.4326,1.43273,1.43253,1.43273,361899986.26708984
2011-06-01 21:57:00,1.43274,1.43297,1.4327,1.43293,588400001.5258789
2011-06-01 21:58:00,1.43294,1.43296,1.43279,1.43279,405000000.0
2011-06-01 21:59:00,1.43275,1.43288,1.43275,1.43288,427799987.79296875
2011-06-01 22:00:00,1.4329,1.43302,1.4328,1.43282,1477500000.0
2011-06-01 22:01:00,1.43282,1.43302,1.4328,1.43299,1282500000.0
2011-06-01 22:02:00,1.433,1.43307,1.43263,1.43263,858199996.9482422
2011-06-01 22:03:00,1.43263,1.43263,1.43245,1.43263,759599990.8447266
2011-06-01 22:04:00,1.43263,1.4327,1.4326,1.43269,367700004.5776367
2011-06-01 22:05:00,1.4327,1.43288,1.43269,1.43287,457400016.78466797
2011-06-01 22:06:00,1.43287,1.43305,1.43259,1.43268,1540899963.3789062
2011-06-01 22:07:00,1.4327,1.43284,1.43261,1.43261,280599994.6594238
2011-06-01 22:08:00,1.43261,1.43266,1.43258,1.43265,515400009.15527344
2011-06-01 22:09:00,1.43265,1.43286,1.43263,1.43286,502799987.79296875
2011-06-01 22:10:00,1.43284,1.43284,1.43271,1.43271,487599983.21533203
2011-06-01 22:11:00,1.43271,1.43278,1.4326,1.43261,692600021.3623047
2011-06-01 22:12:00,1.43264,1.43279,1.43264,1.43279,199899997.71118164
2011-06-01 22:13:00,1.43269,1.4327,1.43266,1.43268,303299999.23706055
2011-06-01 22:14:00,1.43268,1.43269,1.43268,1.43269,160200004.57763672
2011-06-01 22:15:00,1.43269,1.4328,1.4326,1.4326,597700004.5776367
2011-06-01 22:16:00,1.43263,1.43279,1.43263,1.43279,388699989.31884766
2011-06-01 22:17:00,1.43277,1.43321,1.43277,1.43318,592000007.6293945
2011-06-01 22:18:00,1.43311,1.43311,1.43288,1.43289,397000007.62939453
2011-06-01 22:19:00,1.43293,1.43306,1.43287,1.43291,798399963.3789062
2011-06-01 22:20:00,1.4329,1.43305,1.4329,1.43302,719700012.2070312
2011-06-01 22:21:00,1.43301,1.43314,1.43294,1.43295,622700004.5776367
2011-06-01 22:22:00,1.43299,1.43309,1.43299,1.43308,244500007.62939453
2011-06-01 22:23:00,1.43308,1.43315,1.43302,1.43309,753799972.5341797
2011-06-01 22:24:00,1.43309,1.43327,1.43306,1.43306,529599990.84472656
2011-06-01 22:25:00,1.43306,1.43308,1.43305,1.43306,352099990.84472656
2011-06-01 22:26:00,1.43306,1.4333,1.43306,1.43329,562700004.5776367
2011-06-01 22:27:00,1.43329,1.43335,1.43319,1.43329,516199989.31884766
2011-06-01 22:28:00,1.43327,1.43337,1.4331,1.43314,924700012.2070312
2011-06-01 22:29:00,1.43313,1.4334,1.43313,1.4334,572400016.784668
2011-06-01 22:30:00,1.4334,1.43351,1.4333,1.43335,588100013.7329102
2011-06-01 22:31:00,1.43336,1.43338,1.43336,1.43338,147899999.61853027
2011-06-01 22:32:00,1.43337,1.43357,1.43336,1.43348,397599983.21533203
2011-06-01 22:33:00,1.4335,1.43369,1.43337,1.43365,829000015.2587891
2011-06-01 22:34:00,1.43364,1.43366,1.43347,1.43357,774800033.5693359
2011-06-01 22:35:00,1.43357,1.43373,1.43357,1.43367,315000000.0
2011-06-01 22:36:00,1.43367,1.43384,1.43367,1.43383,863300018.3105469
2011-06-01 22:37:00,1.43382,1.43407,1.43377,1.43387,793099975.5859375
2011-06-01 22:38:00,1.43386,1.434,1.43386,1.43395,847500000.0
2011-06-01 22:39:00,1.43396,1.43397,1.43383,1.43385,485800018.3105469
2011-06-01 22:40:00,1.43386,1.43394,1.43381,1.43381,562500000.0
2011-06-01 22:41:00,1.43385,1.43386,1.43384,1.43386,195000000.0
2011-06-01 22:42:00,1.43386,1.43387,1.4335,1.43354,667600021.3623047
2011-06-01 22:43:00,1.43355,1.43376,1.43355,1.43374,232500000.0
2011-06-01 22:44:00,1.43374,1.43376,1.43374,1.43375,165000000.0
2011-06-01 22:45:00,1.43375,1.43376,1.43373,1.43373,187500000.0
2011-06-01 22:46:00,1.43371,1.43373,1.43371,1.43371,60000000.0
2011-06-01 22:47:00,1.4337,1.43374,1.43369,1.43369,112500000.0
2011-06-01 22:48:00,1.4337,1.43375,1.43362,1.43375,420000000.0
2011-06-01 22:49:00,1.43376,1.43401,1.43371,1.43373,637500000.0
2011-06-01 22:50:00,1.43373,1.43373,1.43373,1.43373,15000000.0
2011-06-01 22:51:00,1.43374,1.43375,1.4337,1.43374,333800010.68115234
2011-06-01 22:52:00,1.43373,1.43374,1.43361,1.43361,277500000.0
2011-06-01 22:53:00,1.43361,1.43373,1.43361,1.43373,315000000.0
2011-06-01 22:54:00,1.43367,1.43369,1.43365,1.43367,150000000.0
2011-06-01 22:55:00,1.43365,1.43368,1.43364,1.43368,255000000.0
2011-06-01 22:56:00,1.43368,1.43368,1.43368,1.43368,105000000.0
2011-06-01 22:57:00,1.4337,1.43407,1.4337,1.43407,453899993.8964844
2011-06-01 22:58:00,1.43408,1.43434,1.43397,1.43407,1090599975.5859375
2011-06-01 22:59:00,1.4341,1.43435,1.43407,1.43421,1150599975.5859375
2011-06-01 23:00:00,1.43421,1.4345,1.43421,1.43442,1073399963.3789062
2011-06-01 23:01:00,1.43441,1.43455,1.43422,1.43428,1065199966.4306641
2011-06-01 23:02:00,1.43428,1.43447,1.43415,1.43447,717799987.7929688
2011-06-01 23:03:00,1.43444,1.43459,1.43439,1.43439,535000000.0
2011-06-01 23:04:00,1.43439,1.43441,1.43418,1.43422,603199996.9482422
2011-06-01 23:05:00,1.4342,1.43431,1.43408,1.4341,907699966.4306641
2011-06-01 23:06:00,1.43406,1.43413,1.43386,1.43413,695999984.7412109
2011-06-01 23:07:00,1.43412,1.43416,1.43389,1.4341,682500000.0
2011-06-01 23:08:00,1.43408,1.43417,1.43379,1.43401,873099975.5859375
2011-06-01 23:09:00,1.43403,1.4344,1.43388,1.43434,1297799987.7929688
2011-06-01 23:10:00,1.43434,1.43435,1.43411,1.43431,709700012.2070312
2011-06-01 23:11:00,1.43429,1.43429,1.4341,1.43417,1113899993.8964844
2011-06-01 23:12:00,1.43414,1.43418,1.43403,1.43412,570000000.0
2011-06-01 23:13:00,1.43411,1.43412,1.43385,1.43385,930899963.3789062
2011-06-01 23:14:00,1.43385,1.43385,1.43366,1.43369,757600021.3623047
2011-06-01 23:15:00,1.43368,1.43368,1.43347,1.43357,1128000030.5175781
2011-06-01 23:16:00,1.43352,1.43367,1.43349,1.43365,478499984.74121094
2011-06-01 23:17:00,1.43365,1.43378,1.43362,1.43378,395999984.74121094
2011-06-01 23:18:00,1.43374,1.43377,1.43366,1.43366,278999996.18530273
2011-06-01 23:19:00,1.43366,1.43393,1.43366,1.43389,1080000000.0
2011-06-01 23:20:00,1.43386,1.43397,1.43369,1.43371,1237500000.0
2011-06-01 23:21:00,1.43372,1.43375,1.43364,1.43364,572999992.3706055
2011-06-01 23:22:00,1.43364,1.43365,1.4336,1.4336,555099983.215332
2011-06-01 23:23:00,1.4336,1.43364,1.43359,1.43363,242299995.42236328
2011-06-01 23:24:00,1.43366,1.43372,1.43362,1.43365,885800018.3105469
2011-06-01 23:25:00,1.43362,1.43389,1.43361,1.43389,488300018.3105469
2011-06-01 23:26:00,1.4339,1.43413,1.4339,1.43413,290300006.8664551
2011-06-01 23:27:00,1.43418,1.4342,1.43406,1.4342,425999984.74121094
2011-06-01 23:28:00,1.43419,1.43438,1.43418,1.43421,568600006.1035156
2011-06-01 23:29:00,1.43419,1.43419,1.43391,1.43391,549799995.4223633
2011-06-01 23:30:00,1.43389,1.43425,1.43385,1.43425,532500000.0
2011-06-01 23:31:00,1.43425,1.43438,1.43425,1.43434,604700012.2070312
2011-06-01 23:32:00,1.43434,1.43434,1.43409,1.43425,715599975.5859375
2011-06-01 23:33:00,1.43425,1.43445,1.43425,1.43438,818799972.5341797
2011-06-01 23:34:00,1.43438,1.43455,1.43433,1.43454,577500000.0
2011-06-01 23:35:00,1.43454,1.43466,1.43446,1.43455,564199981.6894531
2011-06-01 23:36:00,1.43453,1.43458,1.43453,1.43454,345000000.0
2011-06-01 23:37:00,1.43457,1.43459,1.43435,1.43457,1380099945.0683594
2011-06-01 23:38:00,1.43455,1.43455,1.43433,1.43435,994599990.8447266
2011-06-01 23:39:00,1.43439,1.43446,1.43429,1.43429,435000000.0
2011-06-01 23:40:00,1.4343,1.4344,1.43421,1.4344,1114499969.4824219
2011-06-01 23:41:00,1.43441,1.43477,1.43441,1.43477,1271800003.0517578
2011-06-01 23:42:00,1.43477,1.43477,1.43473,1.43476,180000000.0
2011-06-01 23:43:00,1.43474,1.43474,1.4345,1.43466,741100006.1035156
2011-06-01 23:44:00,1.43462,1.43467,1.43445,1.4345,1294799957.2753906
2011-06-01 23:45:00,1.43451,1.43461,1.43439,1.43459,937600021.3623047
2011-06-01 23:46:00,1.43455,1.43502,1.43452,1.43502,1390500030.5175781
2011-06-01 23:47:00,1.43505,1.43538,1.43502,1.43526,1763300018.3105469
2011-06-01 23:48:00,1.43524,1.43524,1.43488,1.43489,1166299972.5341797
2011-06-01 23:49:00,1.43489,1.43493,1.43466,1.43466,883499984.7412109
2011-06-01 23:50:00,1.43466,1.43479,1.43458,1.43478,817500000.0
2011-06-01 23:51:00,1.43477,1.43477,1.43458,1.4347,656999969.4824219
2011-06-01 23:52:00,1.43474,1.43479,1.43455,1.43469,1013300018.3105469
2011-06-01 23:53:00,1.43469,1.43477,1.43463,1.43464,661600036.6210938
2011-06-01 23:54:00,1.43464,1.43468,1.43454,1.43461,945000000.0
2011-06-01 23:55:00,1.43461,1.43479,1.43461,1.43461,313500003.81469727
2011-06-01 23:56:00,1.43462,1.43467,1.43462,1.43467,60000000.0
2011-06-01 23:57:00,1.43468,1.43506,1.43468,1.43497,700500030.5175781
2011-06-01 23:58:00,1.43503,1.43504,1.43477,1.43481,864000015.2587891
2011-06-01 23:59:00,1.43482,1.43482,1.43448,1.43448,821999969.4824219
2011-06-02 00:00:00,1.43448,1.43456,1.43432,1.43436,2067500000.0
2011-06-02 00:01:00,1.43436,1.43475,1.43434,1.43475,1697799987.7929688
2011-06-02 00:02:00,1.43478,1.43489,1.43455,1.43457,1891499938.9648438
2011-06-02 00:03:00,1.43456,1.43476,1.43441,1.43446,1256500015.258789
2011-06-02 00:04:00,1.43445,1.43475,1.43435,1.43446,1950399932.8613281
2011-06-02 00:05:00,1.43446,1.43446,1.43361,1.43364,2724899902.34375
2011-06-02 00:06:00,1.43363,1.43408,1.43359,1.43372,2412100067.138672
2011-06-02 00:07:00,1.43372,1.43431,1.43372,1.43412,1587799987.7929688
2011-06-02 00:08:00,1.43414,1.43426,1.43402,1.43411,888000030.5175781
2011-06-02 00:09:00,1.43412,1.43421,1.4341,1.43421,858000030.5175781
2011-06-02 00:10:00,1.43421,1.43425,1.43361,1.43361,1246500015.258789
2011-06-02 00:11:00,1.43361,1.43366,1.43327,1.43356,1898999938.9648438
2011-06-02 00:12:00,1.43357,1.43368,1.43314,1.43324,1508000030.5175781
2011-06-02 00:13:00,1.43324,1.43324,1.43279,1.43285,2136100006.1035156
2011-06-02 00:14:00,1.43286,1.43292,1.43255,1.43292,1653800048.828125
2011-06-02 00:15:00,1.43294,1.43339,1.43293,1.43308,1140000000.0
2011-06-02 00:16:00,1.43309,1.43344,1.43309,1.43312,1244300003.0517578
2011-06-02 00:17:00,1.43313,1.43343,1.43313,1.43337,1066500015.2587891
2011-06-02 00:18:00,1.43337,1.43339,1.43322,1.43328,300000000.0
2011-06-02 00:19:00,1.43329,1.43351,1.43329,1.43334,454500007.62939453
2011-06-02 00:20:00,1.43335,1.43343,1.43306,1.43335,1521000061.0351562
2011-06-02 00:21:00,1.43333,1.43344,1.43316,1.43325,776999969.4824219
2011-06-02 00:22:00,1.43325,1.43368,1.43325,1.4336,1473800048.828125
2011-06-02 00:23:00,1.43362,1.43373,1.43357,1.43357,900000000.0
2011-06-02 00:24:00,1.43357,1.4336,1.43329,1.43342,1028300018.3105469
2011-06-02 00:25:00,1.4334,1.4337,1.43307,1.4337,2157799987.7929688
2011-06-02 00:26:00,1.43373,1.43383,1.43344,1.43365,2043399963.3789062
2011-06-02 00:27:00,1.43363,1.43364,1.43321,1.43324,791399993.8964844
2011-06-02 00:28:00,1.43322,1.43322,1.4327,1.43274,1748399963.3789062
2011-06-02 00:29:00,1.43274,1.43327,1.43271,1.43325,1691000061.0351562
2011-06-02 00:30:00,1.43325,1.43348,1.43321,1.43329,1677799987.7929688
2011-06-02 00:31:00,1.43328,1.43355,1.43321,1.43347,2177700042.7246094
2011-06-02 00:32:00,1.43348,1.43386,1.43339,1.43375,963799972.5341797
2011-06-02 00:33:00,1.43373,1.43376,1.43358,1.43358,708099975.5859375
2011-06-02 00:34:00,1.43358,1.43372,1.43347,1.43369,1264599990.8447266
2011-06-02 00:35:00,1.43367,1.43378,1.43352,1.43355,843799972.5341797
2011-06-02 00:36:00,1.43355,1.4337,1.43351,1.43355,903000030.5175781
2011-06-02 00:37:00,1.43357,1.43386,1.43357,1.43386,507000007.62939453
2011-06-02 00:38:00,1.43386,1.43457,1.43386,1.43399,2082899932.8613281
2011-06-02 00:39:00,1.43407,1.43418,1.43396,1.43407,1031999969.4824219
2011-06-02 00:40:00,1.43407,1.43409,1.4338,1.43386,1201500015.258789
2011-06-02 00:41:00,1.43386,1.43425,1.43386,1.43416,1035000000.0
2011-06-02 00:42:00,1.43415,1.43438,1.43413,1.43433,793600006.1035156
2011-06-02 00:43:00,1.43435,1.43435,1.43428,1.43428,360000000.0
2011-06-02 00:44:00,1.43427,1.43432,1.43407,1.43415,898499984.7412109
2011-06-02 00:45:00,1.43414,1.43471,1.43414,1.43471,1397400054.9316406
2011-06-02 00:46:00,1.43471,1.43471,1.43439,1.43455,1035899963.3789062
2011-06-02 00:47:00,1.43454,1.43468,1.4343,1.4343,1112300033.569336
2011-06-02 00:48:00,1.4343,1.43479,1.43429,1.43476,1326000061.0351562
2011-06-02 00:49:00,1.43475,1.43499,1.43473,1.43499,1404100036.6210938
2011-06-02 00:50:00,1.43498,1.43503,1.43493,1.43494,810000000.0
2011-06-02 00:51:00,1.43493,1.43521,1.43491,1.43501,927200012.2070312
2011-06-02 00:52:00,1.43502,1.43509,1.43478,1.43489,742500000.0
2011-06-02 00:53:00,1.4349,1.4349,1.43477,1.43479,451500015.25878906
2011-06-02 00:54:00,1.43477,1.43477,1.43442,1.43445,1234400024.4140625
2011-06-02 00:55:00,1.43443,1.43481,1.4343,1.43474,1612700042.7246094
2011-06-02 00:56:00,1.43474,1.43499,1.43463,1.43479,1500800018.3105469
2011-06-02 00:57:00,1.43479,1.43486,1.43477,1.4348,804000015.2587891
2011-06-02 00:58:00,1.43479,1.4353,1.43479,1.43514,1149899978.6376953
2011-06-02 00:59:00,1.43513,1.43559,1.43497,1.43556,1861900024.4140625
2011-06-02 01:00:00,1.43556,1.43582,1.4355,1.43582,1262399978.6376953
2011-06-02 01:01:00,1.43583,1.43598,1.43553,1.43597,2339900054.9316406
2011-06-02 01:02:00,1.43599,1.4363,1.43599,1.43614,1878200073.2421875
2011-06-02 01:03:00,1.43614,1.43638,1.43611,1.43613,1641600036.6210938
2011-06-02 01:04:00,1.43611,1.4363,1.43587,1.43619,2114299926.7578125
2011-06-02 01:05:00,1.43619,1.4363,1.43607,1.43607,1055199966.4306641
2011-06-02 01:06:00,1.43607,1.43632,1.43606,1.43622,1575800018.3105469
2011-06-02 01:07:00,1.43622,1.43644,1.43609,1.43644,1183700027.4658203
2011-06-02 01:08:00,1.43644,1.43647,1.4362,1.43628,1425399932.8613281
2011-06-02 01:09:00,1.43628,1.43628,1.43602,1.43623,871500015.2587891
2011-06-02 01:10:00,1.43619,1.43625,1.43589,1.43596,1543300018.3105469
2011-06-02 01:11:00,1.43596,1.43601,1.43575,1.43592,2107899932.8613281
2011-06-02 01:12:00,1.43592,1.43599,1.43575,1.43584,944499969.4824219
2011-06-02 01:13:00,1.43584,1.43601,1.43583,1.43586,696800003.0517578
2011-06-02 01:14:00,1.43585,1.43599,1.43575,1.43575,1090599975.5859375
2011-06-02 01:15:00,1.43575,1.43586,1.43567,1.43567,2207299957.2753906
2011-06-02 01:16:00,1.43566,1.43566,1.43497,1.43505,2386699981.689453
2011-06-02 01:17:00,1.43504,1.43519,1.43492,1.43503,2649200134.2773438
2011-06-02 01:18:00,1.43501,1.43514,1.43499,1.43511,1132500000.0
2011-06-02 01:19:00,1.43511,1.43534,1.43511,1.43534,1311100006.1035156
2011-06-02 01:20:00,1.43535,1.43547,1.43526,1.43547,1282500000.0
2011-06-02 01:21:00,1.43547,1.4355,1.4354,1.4355,1019300003.0517578
2011-06-02 01:22:00,1.4355,1.4355,1.43519,1.43525,1153600006.1035156
2011-06-02 01:23:00,1.43525,1.43565,1.43525,1.43542,1190299987.7929688
2011-06-02 01:24:00,1.43543,1.43545,1.43532,1.43532,853600006.1035156
2011-06-02 01:25:00,1.43532,1.43533,1.43521,1.43531,817500000.0
2011-06-02 01:26:00,1.43531,1.43543,1.43531,1.4354,1220400009.1552734
2011-06-02 01:27:00,1.43539,1.43588,1.43532,1.43564,1500599975.5859375
2011-06-02 01:28:00,1.43565,1.43565,1.43531,1.43544,796500015.2587891
2011-06-02 01:29:00,1.43544,1.43546,1.43521,1.43521,822300033.5693359
2011-06-02 01:30:00,1.43521,1.43592,1.43521,1.43573,2508800048.828125
2011-06-02 01:31:00,1.43576,1.43582,1.43561,1.43576,1187799987.7929688
2011-06-02 01:32:00,1.43575,1.43584,1.43552,1.43574,2915700073.2421875
2011-06-02 01:33:00,1.43575,1.43584,1.43532,1.43539,1730500030.5175781
2011-06-02 01:34:00,1.43539,1.43557,1.43528,1.43533,1197799987.7929688
2011-06-02 01:35:00,1.43535,1.43535,1.43509,1.43509,1956199951.171875
2011-06-02 01:36:00,1.43503,1.43553,1.43502,1.43553,978899993.8964844
2011-06-02 01:37:00,1.43558,1.43563,1.43538,1.43549,769599990.8447266
2011-06-02 01:38:00,1.43549,1.43559,1.43543,1.43558,911299972.5341797
2011-06-02 01:39:00,1.43557,1.43576,1.43548,1.43553,1195599975.5859375
2011-06-02 01:40:00,1.43552,1.43556,1.43527,1.43547,757600021.3623047
2011-06-02 01:41:00,1.43549,1.43575,1.43534,1.43572,1662599945.0683594
2011-06-02 01:42:00,1.43572,1.43584,1.43561,1.43564,615000000.0
2011-06-02 01:43:00,1.43563,1.43583,1.43563,1.4357,816399993.8964844
2011-06-02 01:44:00,1.4357,1.43607,1.4357,1.43607,847799987.7929688
2011-06-02 01:45:00,1.43606,1.43611,1.43586,1.43611,813899993.8964844
2011-06-02 01:46:00,1.43611,1.43624,1.43609,1.43615,977500000.0
2011-06-02 01:47:00,1.43615,1.43615,1.43597,1.43607,1098099975.5859375
2011-06-02 01:48:00,1.43604,1.43605,1.43587,1.43593,670599975.5859375
2011-06-02 01:49:00,1.43594,1.43614,1.43581,1.43609,1347500000.0
2011-06-02 01:50:00,1.43611,1.43614,1.43599,1.43603,1079800033.569336
2011-06-02 01:51:00,1.43604,1.43621,1.43599,1.43612,1046999969.4824219
2011-06-02 01:52:00,1.43615,1.43629,1.43609,1.4362,1550899963.3789062
2011-06-02 01:53:00,1.4362,1.43626,1.4362,1.43625,440999984.74121094
2011-06-02 01:54:00,1.43625,1.43625,1.43612,1.43612,575999984.7412109
2011-06-02 01:55:00,1.43611,1.43611,1.43581,1.43581,1520299987.7929688
2011-06-02 01:56:00,1.43584,1.43596,1.43575,1.43587,860500030.5175781
2011-06-02 01:57:00,1.43587,1.43603,1.43587,1.43592,403499984.74121094
2011-06-02 01:58:00,1.43593,1.43593,1.43579,1.43586,421500015.25878906
2011-06-02 01:59:00,1.43586,1.43592,1.43582,1.43587,519000015.25878906
2011-06-02 02:00:00,1.43586,1.43586,1.43569,1.43575,572999992.3706055
2011-06-02 02:01:00,1.43574,1.43574,1.4356,1.43565,1130999984.741211
2011-06-02 02:02:00,1.43565,1.43565,1.43532,1.43536,1010999984.7412109
2011-06-02 02:03:00,1.43535,1.43555,1.43534,1.43534,923300018.3105469
2011-06-02 02:04:00,1.43532,1.43538,1.43529,1.43536,1008799972.5341797
2011-06-02 02:05:00,1.43536,1.4356,1.43531,1.4356,781500015.2587891
2011-06-02 02:06:00,1.43566,1.43567,1.43538,1.43557,1444600067.1386719
2011-06-02 02:07:00,1.43556,1.43556,1.43548,1.43548,217500000.0
2011-06-02 02:08:00,1.43547,1.43547,1.43523,1.43527,915000000.0
2011-06-02 02:09:00,1.43524,1.43533,1.43512,1.43528,1123499984.741211
2011-06-02 02:10:00,1.43528,1.43566,1.43528,1.4356,923399963.3789062
2011-06-02 02:11:00,1.43559,1.43559,1.43522,1.43522,495000000.0
2011-06-02 02:12:00,1.43522,1.43522,1.43499,1.43504,878300018.3105469
2011-06-02 02:13:00,1.43507,1.43514,1.43489,1.43491,1153499984.741211
2011-06-02 02:14:00,1.43489,1.43491,1.4347,1.43473,892500000.0
2011-06-02 02:15:00,1.43473,1.43475,1.4345,1.43456,822799987.7929688
2011-06-02 02:16:00,1.43456,1.43471,1.43456,1.43471,652500000.0
2011-06-02 02:17:00,1.43471,1.43471,1.43455,1.43455,476300010.68115234
2011-06-02 02:18:00,1.43456,1.43462,1.43453,1.43458,390000000.0
2011-06-02 02:19:00,1.43458,1.43468,1.43458,1.43467,367500000.0
2011-06-02 02:20:00,1.43465,1.43465,1.43457,1.43457,270000000.0
2011-06-02 02:21:00,1.43457,1.43458,1.43451,1.43451,753899993.8964844
2011-06-02 02:22:00,1.43451,1.43469,1.43451,1.43466,920999984.7412109
2011-06-02 02:23:00,1.43466,1.43476,1.43458,1.4346,623300018.3105469
2011-06-02 02:24:00,1.43461,1.43475,1.4345,1.43475,937600021.3623047
2011-06-02 02:25:00,1.43474,1.43474,1.43464,1.43466,750899963.3789062
2011-06-02 02:26:00,1.43467,1.43473,1.43467,1.43473,127500000.0
2011-06-02 02:27:00,1.43473,1.43473,1.43465,1.43465,300100002.28881836
2011-06-02 02:28:00,1.43465,1.43504,1.43465,1.43503,595600013.7329102
2011-06-02 02:29:00,1.43501,1.43508,1.43501,1.43508,348800010.68115234
2011-06-02 02:30:00,1.43509,1.43512,1.43503,1.43507,436500015.25878906
2011-06-02 02:31:00,1.43505,1.43509,1.43505,1.43509,172500000.0
2011-06-02 02:32:00,1.43509,1.4351,1.43505,1.4351,377299995.4223633
2011-06-02 02:33:00,1.43514,1.43536,1.43514,1.43515,555099983.215332
2011-06-02 02:34:00,1.43514,1.43517,1.43485,1.435,1003600006.1035156
2011-06-02 02:35:00,1.43499,1.43508,1.4347,1.43486,1708099975.5859375
2011-06-02 02:36:00,1.43486,1.43486,1.43471,1.43479,838499984.7412109
2011-06-02 02:37:00,1.43479,1.43488,1.43479,1.43488,329300003.0517578
2011-06-02 02:38:00,1.43488,1.43531,1.43486,1.43531,992300033.5693359
2011-06-02 02:39:00,1.43533,1.43556,1.43529,1.43537,592500000.0
2011-06-02 02:40:00,1.43537,1.43561,1.43536,1.43538,1207500000.0
2011-06-02 02:41:00,1.43541,1.43543,1.43539,1.43539,360000000.0
2011-06-02 02:42:00,1.43539,1.43539,1.43537,1.43539,255000000.0
2011-06-02 02:43:00,1.43539,1.43539,1.43537,1.43539,105000000.0
2011-06-02 02:44:00,1.43539,1.43554,1.43539,1.43554,655500030.5175781
2011-06-02 02:45:00,1.43554,1.43598,1.43554,1.43598,774800033.5693359
2011-06-02 02:46:00,1.436,1.43614,1.43583,1.43605,1914799957.2753906
2011-06-02 02:47:00,1.43605,1.43606,1.4357,1.43579,775599975.5859375
2011-06-02 02:48:00,1.43578,1.43579,1.43561,1.43564,983300018.3105469
2011-06-02 02:49:00,1.43565,1.43565,1.43555,1.43555,235499992.37060547
2011-06-02 02:50:00,1.43554,1.43555,1.43554,1.43555,331599998.4741211
2011-06-02 02:51:00,1.43555,1.43567,1.43555,1.43567,815899963.3789062
2011-06-02 02:52:00,1.43567,1.43568,1.43566,1.43568,187500000.0
2011-06-02 02:53:00,1.43568,1.43568,1.43561,1.43562,550499992.3706055
2011-06-02 02:54:00,1.43562,1.4357,1.43543,1.43543,412500000.0
2011-06-02 02:55:00,1.43544,1.43545,1.43541,1.43542,257999992.37060547
2011-06-02 02:56:00,1.43545,1.43557,1.43545,1.43551,500299987.79296875
2011-06-02 02:57:00,1.43552,1.43577,1.43552,1.43567,839499969.4824219
2011-06-02 02:58:00,1.43567,1.43568,1.43563,1.43564,262500000.0
2011-06-02 02:59:00,1.43563,1.43566,1.43563,1.43565,288500003.81469727
2011-06-02 03:00:00,1.43565,1.43565,1.43523,1.43535,1005000000.0
2011-06-02 03:01:00,1.43535,1.43539,1.43526,1.43529,1053799972.5341797
2011-06-02 03:02:00,1.43529,1.43544,1.43529,1.43535,435000000.0
2011-06-02 03:03:00,1.43535,1.43577,1.43535,1.43576,802600021.3623047
2011-06-02 03:04:00,1.43577,1.43586,1.43564,1.43566,547500000.0
2011-06-02 03:05:00,1.43566,1.43566,1.43566,1.43566,45000000.0
2011-06-02 03:06:00,1.43567,1.43582,1.43565,1.43575,492000007.62939453
2011-06-02 03:07:00,1.43575,1.43578,1.43552,1.43552,916600036.6210938
2011-06-02 03:08:00,1.43552,1.43572,1.43552,1.43564,495000000.0
2011-06-02 03:09:00,1.43563,1.43567,1.43553,1.43562,605999984.7412109
2011-06-02 03:10:00,1.43564,1.43583,1.43564,1.43583,337500000.0
2011-06-02 03:11:00,1.43583,1.43583,1.43575,1.43576,300000000.0
2011-06-02 03:12:00,1.43578,1.43614,1.43578,1.43604,630000000.0
2011-06-02 03:13:00,1.43602,1.43607,1.43594,1.43594,600000000.0
2011-06-02 03:14:00,1.43594,1.43596,1.43576,1.43576,337500000.0
2011-06-02 03:15:00,1.43576,1.43576,1.43544,1.43551,852200012.2070312
2011-06-02 03:16:00,1.4355,1.43553,1.43532,1.43535,1083000030.5175781
2011-06-02 03:17:00,1.43535,1.43552,1.43535,1.43546,584300003.0517578
2011-06-02 03:18:00,1.43548,1.43556,1.43548,1.43555,234099998.4741211
2011-06-02 03:19:00,1.43555,1.43555,1.43544,1.43544,500299987.79296875
2011-06-02 03:20:00,1.43543,1.43549,1.43523,1.43523,789899978.6376953
2011-06-02 03:21:00,1.43525,1.43527,1.43522,1.43522,135000000.0
2011-06-02 03:22:00,1.43522,1.43524,1.43473,1.43483,1427400054.9316406
2011-06-02 03:23:00,1.43484,1.43509,1.43484,1.435,1023099975.5859375
2011-06-02 03:24:00,1.435,1.435,1.43475,1.4348,626300010.6811523
2011-06-02 03:25:00,1.43479,1.43479,1.43464,1.43469,1051500015.2587891
2011-06-02 03:26:00,1.43471,1.43482,1.43466,1.43482,645000000.0
2011-06-02 03:27:00,1.43483,1.43526,1.43476,1.43494,1343300018.3105469
2011-06-02 03:28:00,1.43495,1.43505,1.43495,1.43498,637500000.0
2011-06-02 03:29:00,1.43497,1.4352,1.43495,1.43503,819100036.6210938
2011-06-02 03:30:00,1.43503,1.43505,1.43491,1.43503,710999984.7412109
2011-06-02 03:31:00,1.43509,1.43528,1.43505,1.43523,937500000.0
2011-06-02 03:32:00,1.43523,1.4354,1.43505,1.43522,1191100006.1035156
2011-06-02 03:33:00,1.43525,1.43525,1.43505,1.43512,1236900024.4140625
2011-06-02 03:34:00,1.43513,1.43526,1.4349,1.43526,1686999969.4824219
2011-06-02 03:35:00,1.43526,1.43542,1.43526,1.4354,519900016.78466797
2011-06-02 03:36:00,1.43539,1.43566,1.43535,1.43564,682600021.3623047
2011-06-02 03:37:00,1.43564,1.43565,1.4356,1.43561,447799987.79296875
2011-06-02 03:38:00,1.43562,1.43568,1.43551,1.43554,742500000.0
2011-06-02 03:39:00,1.43552,1.43555,1.43539,1.43549,461300010.68115234
2011-06-02 03:40:00,1.4355,1.43566,1.4355,1.43566,745500030.5175781
2011-06-02 03:41:00,1.43566,1.43566,1.43566,1.43566,75000000.0
2011-06-02 03:42:00,1.43566,1.43602,1.43566,1.4359,656999969.4824219
2011-06-02 03:43:00,1.43588,1.43588,1.43569,1.43571,627000007.6293945
2011-06-02 03:44:00,1.43569,1.43574,1.43569,1.43572,529599990.84472656
2011-06-02 03:45:00,1.43569,1.43569,1.43557,1.43564,405099983.21533203
2011-06-02 03:46:00,1.43564,1.43566,1.43556,1.43564,481699981.6894531
2011-06-02 03:47:00,1.43567,1.43614,1.43567,1.43604,1822200012.2070312
2011-06-02 03:48:00,1.43604,1.43639,1.43595,1.4362,2326000061.0351562
2011-06-02 03:49:00,1.43618,1.43624,1.43582,1.43598,1907299957.2753906
2011-06-02 03:50:00,1.43598,1.43598,1.43562,1.43578,2663999938.9648438
2011-06-02 03:51:00,1.43578,1.43586,1.43545,1.43551,1058499984.7412109
2011-06-02 03:52:00,1.43545,1.43557,1.43541,1.43553,694499969.4824219
2011-06-02 03:53:00,1.43556,1.43572,1.43555,1.43564,504000015.25878906
2011-06-02 03:54:00,1.43564,1.43567,1.43553,1.43555,675800018.3105469
2011-06-02 03:55:00,1.43556,1.43567,1.43546,1.43567,1227799987.7929688
2011-06-02 03:56:00,1.43569,1.43585,1.43569,1.43582,957200012.2070312
2011-06-02 03:57:00,1.43583,1.43584,1.43566,1.43572,802500000.0
2011-06-02 03:58:00,1.43572,1.43576,1.43551,1.43551,1239800033.569336
2011-06-02 03:59:00,1.43556,1.43576,1.43556,1.43565,922600021.3623047
2011-06-02 04:00:00,1.43565,1.43576,1.43558,1.43563,888799972.5341797
2011-06-02 04:01:00,1.43563,1.43569,1.43561,1.43568,495000000.0
2011-06-02 04:02:00,1.43567,1.43585,1.43565,1.43573,1200000000.0
2011-06-02 04:03:00,1.43574,1.43586,1.43572,1.43573,902500000.0
2011-06-02 04:04:00,1.43574,1.43576,1.43552,1.43552,585000000.0
2011-06-02 04:05:00,1.43549,1.43561,1.43526,1.43548,1232300033.569336
2011-06-02 04:06:00,1.43548,1.43559,1.43544,1.43548,495000000.0
2011-06-02 04:07:00,1.43546,1.43554,1.43539,1.43547,602299995.4223633
2011-06-02 04:08:00,1.43546,1.43581,1.43546,1.43574,994499969.4824219
2011-06-02 04:09:00,1.43575,1.43585,1.43574,1.43583,765000000.0
2011-06-02 04:10:00,1.43582,1.43583,1.43579,1.43583,202500000.0
2011-06-02 04:11:00,1.43583,1.4359,1.4358,1.43588,339799995.4223633
2011-06-02 04:12:00,1.43588,1.436,1.43588,1.436,326399993.8964844
2011-06-02 04:13:00,1.43599,1.43599,1.43576,1.43576,375000000.0
2011-06-02 04:14:00,1.43577,1.43577,1.43538,1.43546,896299972.5341797
2011-06-02 04:15:00,1.43546,1.43569,1.43544,1.43569,637500000.0
2011-06-02 04:16:00,1.4357,1.43589,1.4357,1.43586,455999984.74121094
2011-06-02 04:17:00,1.43585,1.43585,1.43566,1.43584,656999969.4824219
2011-06-02 04:18:00,1.43584,1.43589,1.43583,1.43583,222099990.84472656
2011-06-02 04:19:00,1.43583,1.4359,1.43576,1.43587,1117500000.0
2011-06-02 04:20:00,1.43587,1.43593,1.43584,1.43584,686299972.5341797
2011-06-02 04:21:00,1.43584,1.43592,1.43577,1.43584,865199966.4306641
2011-06-02 04:22:00,1.43585,1.43588,1.43577,1.43588,1132500000.0
2011-06-02 04:23:00,1.43588,1.43589,1.43574,1.43589,547700004.5776367
2011-06-02 04:24:00,1.43586,1.43589,1.43578,1.43587,525000000.0
2011-06-02 04:25:00,1.43585,1.43615,1.43583,1.43614,795000000.0
2011-06-02 04:26:00,1.43613,1.43634,1.43599,1.43607,1558000030.5175781
2011-06-02 04:27:00,1.43607,1.43629,1.43607,1.43625,828000030.5175781
2011-06-02 04:28:00,1.43624,1.43629,1.43608,1.43617,2296199951.171875
2011-06-02 04:29:00,1.43617,1.43622,1.43608,1.43615,898499984.7412109
2011-06-02 04:30:00,1.43614,1.43615,1.43605,1.4361,800299987.7929688
2011-06-02 04:31:00,1.43615,1.43617,1.43611,1.43612,596300010.6811523
2011-06-02 04:32:00,1.43614,1.43628,1.4361,1.43617,950400009.1552734
2011-06-02 04:33:00,1.43618,1.43629,1.43615,1.4362,986299972.5341797
2011-06-02 04:34:00,1.4362,1.43625,1.43619,1.43619,180000000.0
2011-06-02 04:35:00,1.4362,1.43624,1.43611,1.43617,832500000.0
2011-06-02 04:36:00,1.43618,1.4362,1.4361,1.43617,630000000.0
2011-06-02 04:37:00,1.43613,1.43662,1.43613,1.43661,1332700042.7246094
2011-06-02 04:38:00,1.43667,1.43671,1.43645,1.43648,923300018.3105469
2011-06-02 04:39:00,1.43646,1.43669,1.43642,1.43653,1199400024.4140625
2011-06-02 04:40:00,1.43654,1.43656,1.43635,1.43645,592599983.215332
2011-06-02 04:41:00,1.43648,1.43652,1.43637,1.43645,952500000.0
2011-06-02 04:42:00,1.43645,1.43645,1.43629,1.43636,630000000.0
2011-06-02 04:43:00,1.43637,1.43644,1.43637,1.43643,315000000.0
2011-06-02 04:44:00,1.43642,1.4366,1.4364,1.43644,633100013.7329102
2011-06-02 04:45:00,1.43644,1.43647,1.43644,1.43645,157500000.0
2011-06-02 04:46:00,1.43645,1.43647,1.43645,1.43647,322500000.0
2011-06-02 04:47:00,1.43646,1.43646,1.4364,1.43643,273799991.607666
2011-06-02 04:48:00,1.43643,1.43643,1.43628,1.43635,774000015.2587891
2011-06-02 04:49:00,1.43636,1.43648,1.43636,1.43639,437299995.4223633
2011-06-02 04:50:00,1.43641,1.43641,1.43631,1.43638,972099990.8447266
2011-06-02 04:51:00,1.43638,1.43671,1.43638,1.43671,835500030.5175781
2011-06-02 04:52:00,1.4367,1.43679,1.43664,1.43664,1148399963.3789062
2011-06-02 04:53:00,1.43662,1.43672,1.43654,1.43669,1108499984.741211
2011-06-02 04:54:00,1.43669,1.43669,1.43655,1.43662,568499984.7412109
2011-06-02 04:55:00,1.43661,1.43662,1.43653,1.43657,652500000.0
2011-06-02 04:56:00,1.43657,1.43666,1.43657,1.43666,270000000.0
2011-06-02 04:57:00,1.4367,1.43673,1.43665,1.43669,429000015.25878906
2011-06-02 04:58:00,1.43668,1.4367,1.43655,1.43665,517500000.0
2011-06-02 04:59:00,1.43665,1.43667,1.43659,1.43661,465000000.0
2011-06-02 05:00:00,1.43658,1.43665,1.43651,1.43659,877699966.4306641
2011-06-02 05:01:00,1.43657,1.4366,1.43655,1.43657,408800010.68115234
2011-06-02 05:02:00,1.43657,1.43671,1.43657,1.43671,300000000.0
2011-06-02 05:03:00,1.43671,1.43671,1.43658,1.43658,414000015.25878906
2011-06-02 05:04:00,1.43658,1.43662,1.43638,1.43647,809800033.5693359
2011-06-02 05:05:00,1.43648,1.43649,1.43644,1.43645,337500000.0
2011-06-02 05:06:00,1.43645,1.43663,1.4363,1.43652,1370299987.7929688
2011-06-02 05:07:00,1.43653,1.43664,1.43646,1.43647,1102799987.7929688
2011-06-02 05:08:00,1.43647,1.43651,1.43632,1.43632,763499984.7412109
2011-06-02 05:09:00,1.43632,1.43646,1.43619,1.43627,1177600021.3623047
2011-06-02 05:10:00,1.43628,1.4364,1.43623,1.43623,1276800003.0517578
2011-06-02 05:11:00,1.43625,1.43637,1.43619,1.4362,922500000.0
2011-06-02 05:12:00,1.4362,1.43623,1.43595,1.43595,1587500000.0
2011-06-02 05:13:00,1.43593,1.43593,1.43547,1.43547,1784799957.2753906
2011-06-02 05:14:00,1.43546,1.43571,1.43543,1.43556,1375500030.5175781
2011-06-02 05:15:00,1.43558,1.43574,1.43556,1.43562,1006500015.2587891
2011-06-02 05:16:00,1.43561,1.43568,1.43561,1.43566,618899993.8964844
2011-06-02 05:17:00,1.43568,1.43585,1.43566,1.43584,1427200012.2070312
2011-06-02 05:18:00,1.43584,1.4359,1.43577,1.43584,654800033.5693359
2011-06-02 05:19:00,1.4358,1.4358,1.43566,1.43567,395999984.74121094
2011-06-02 05:20:00,1.43567,1.43573,1.43567,1.43569,348800010.68115234
2011-06-02 05:21:00,1.43568,1.43568,1.43532,1.43542,1226999969.4824219
2011-06-02 05:22:00,1.4354,1.43542,1.43501,1.43501,1440000000.0
2011-06-02 05:23:00,1.43501,1.43541,1.43489,1.43535,1422899932.8613281
2011-06-02 05:24:00,1.43536,1.43538,1.43502,1.43526,1416999969.4824219
2011-06-02 05:25:00,1.43524,1.43528,1.43509,1.43524,1245000000.0
2011-06-02 05:26:00,1.43524,1.43542,1.43524,1.43534,630000000.0
2011-06-02 05:27:00,1.43532,1.43539,1.43517,1.43527,881999969.4824219
2011-06-02 05:28:00,1.4353,1.43554,1.43528,1.43554,585000000.0
2011-06-02 05:29:00,1.43554,1.43602,1.43554,1.43591,1130299987.7929688
2011-06-02 05:30:00,1.43591,1.43645,1.43591,1.43629,1899100036.6210938
2011-06-02 05:31:00,1.4363,1.43634,1.43608,1.43613,919499969.4824219
2011-06-02 05:32:00,1.43613,1.43625,1.43604,1.43615,935299987.7929688
2011-06-02 05:33:00,1.43614,1.43614,1.43596,1.43602,805500030.5175781
2011-06-02 05:34:00,1.43602,1.43602,1.43583,1.43587,1042500000.0
2011-06-02 05:35:00,1.43588,1.43602,1.43583,1.43596,1882500000.0
2011-06-02 05:36:00,1.43596,1.43652,1.43596,1.43649,1417700042.7246094
2011-06-02 05:37:00,1.4365,1.43651,1.43637,1.43639,1560099945.0683594
2011-06-02 05:38:00,1.43636,1.43637,1.4363,1.4363,424500007.62939453
2011-06-02 05:39:00,1.43629,1.43635,1.43629,1.43635,507799987.79296875
2011-06-02 05:40:00,1.43635,1.43649,1.43623,1.43649,976200027.4658203
2011-06-02 05:41:00,1.43652,1.43657,1.43641,1.4365,1116299972.5341797
2011-06-02 05:42:00,1.4365,1.4365,1.43633,1.43638,665999984.7412109
2011-06-02 05:43:00,1.43637,1.43637,1.43606,1.43606,1200000000.0
2011-06-02 05:44:00,1.43613,1.43626,1.43607,1.4362,1911000061.0351562
2011-06-02 05:45:00,1.43622,1.43647,1.43622,1.43643,1307700042.7246094
2011-06-02 05:46:00,1.43643,1.43643,1.43605,1.4361,1318000030.5175781
2011-06-02 05:47:00,1.4361,1.43627,1.43606,1.43624,1456499938.9648438
2011-06-02 05:48:00,1.43629,1.43635,1.43612,1.43612,1298500061.0351562
2011-06-02 05:49:00,1.43614,1.43633,1.43614,1.43633,484500007.62939453
2011-06-02 05:50:00,1.43631,1.43632,1.43629,1.43629,157500000.0
2011-06-02 05:51:00,1.43627,1.43633,1.43626,1.43633,297000007.62939453
2011-06-02 05:52:00,1.43633,1.43644,1.43622,1.43626,1657500000.0
2011-06-02 05:53:00,1.4363,1.43638,1.4363,1.43637,1275000000.0
2011-06-02 05:54:00,1.43637,1.43645,1.43624,1.43631,946500015.2587891
2011-06-02 05:55:00,1.43631,1.43638,1.43626,1.43631,1121999969.4824219
2011-06-02 05:56:00,1.43631,1.43646,1.43631,1.43633,1203000030.5175781
2011-06-02 05:57:00,1.43633,1.43643,1.43631,1.43643,952200012.2070312
2011-06-02 05:58:00,1.43643,1.43646,1.43621,1.43629,1199300003.0517578
2011-06-02 05:59:00,1.43629,1.43642,1.43629,1.43635,997500000.0
2011-06-02 06:00:00,1.43634,1.43691,1.43631,1.4368,1998800048.828125
2011-06-02 06:01:00,1.43679,1.43691,1.4367,1.43685,1537500000.0
2011-06-02 06:02:00,1.43685,1.4375,1.43685,1.43721,2061100006.1035156
2011-06-02 06:03:00,1.43723,1.43756,1.43723,1.43737,2966400146.484375
2011-06-02 06:04:00,1.43739,1.43756,1.43733,1.43748,1374799957.2753906
2011-06-02 06:05:00,1.43748,1.4375,1.43712,1.4374,1482899932.8613281
2011-06-02 06:06:00,1.43738,1.43743,1.4372,1.43739,2331300048.828125
2011-06-02 06:07:00,1.43742,1.4375,1.43723,1.43735,1292299957.2753906
2011-06-02 06:08:00,1.43736,1.43749,1.43732,1.43745,1234899978.6376953
2011-06-02 06:09:00,1.43745,1.43746,1.43722,1.43728,1053000030.5175781
2011-06-02 06:10:00,1.4373,1.43746,1.43713,1.43729,2267100067.138672
2011-06-02 06:11:00,1.4373,1.4373,1.43706,1.43712,1615700073.2421875
2011-06-02 06:12:00,1.43711,1.43711,1.43679,1.43694,1532700042.7246094
2011-06-02 06:13:00,1.43693,1.43722,1.4368,1.43721,1551799926.7578125
2011-06-02 06:14:00,1.43721,1.43752,1.43703,1.43742,2455899963.3789062
2011-06-02 06:15:00,1.43743,1.43761,1.43739,1.43761,1262399978.6376953
2011-06-02 06:16:00,1.43759,1.43759,1.43725,1.43725,1443099975.5859375
2011-06-02 06:17:00,1.43725,1.43735,1.43709,1.43725,1500899963.3789062
2011-06-02 06:18:00,1.43727,1.43749,1.43706,1.43728,2155000000.0
2011-06-02 06:19:00,1.43727,1.43729,1.43702,1.43728,1597700042.7246094
2011-06-02 06:20:00,1.43727,1.43727,1.43692,1.43703,1637599945.0683594
2011-06-02 06:21:00,1.43707,1.43707,1.43655,1.43657,3066300048.828125
2011-06-02 06:22:00,1.43654,1.43681,1.43652,1.43666,2281699981.689453
2011-06-02 06:23:00,1.43666,1.43687,1.43661,1.43682,1128899993.8964844
2011-06-02 06:24:00,1.43685,1.43696,1.43663,1.43675,1853399963.3789062
2011-06-02 06:25:00,1.43682,1.43702,1.43675,1.43693,1374799957.2753906
2011-06-02 06:26:00,1.43695,1.43705,1.43646,1.43659,1951300048.828125
2011-06-02 06:27:00,1.4366,1.43688,1.4366,1.43675,1358999938.9648438
2011-06-02 06:28:00,1.43673,1.43678,1.4365,1.43668,1510500030.5175781
2011-06-02 06:29:00,1.4367,1.4371,1.43669,1.4371,2194499969.482422
2011-06-02 06:30:00,1.4371,1.43745,1.43697,1.43743,1871100006.1035156
2011-06-02 06:31:00,1.43743,1.43757,1.43734,1.43735,1662100067.1386719
2011-06-02 06:32:00,1.43735,1.43735,1.43712,1.43725,1663500061.0351562
2011-06-02 06:33:00,1.43724,1.43746,1.4372,1.43742,1959799957.2753906
2011-06-02 06:34:00,1.43744,1.43753,1.4373,1.43733,1599100036.6210938
2011-06-02 06:35:00,1.43734,1.43754,1.4372,1.43749,1689900054.9316406
2011-06-02 06:36:00,1.43749,1.43751,1.43724,1.43726,1882100067.1386719
2011-06-02 06:37:00,1.43725,1.43736,1.43714,1.43721,2577900085.4492188
2011-06-02 06:38:00,1.43721,1.43751,1.43721,1.43733,2088800048.828125
2011-06-02 06:39:00,1.43733,1.43733,1.4371,1.43714,1466100006.1035156
2011-06-02 06:40:00,1.43714,1.43721,1.43696,1.43718,1337299957.2753906
2011-06-02 06:41:00,1.43718,1.4373,1.43709,1.43719,1544700012.2070312
2011-06-02 06:42:00,1.43719,1.43748,1.43719,1.43741,1078399963.3789062
2011-06-02 06:43:00,1.43741,1.43741,1.43725,1.4373,1053099975.5859375
2011-06-02 06:44:00,1.4373,1.43776,1.43722,1.43775,1585200042.7246094
2011-06-02 06:45:00,1.43775,1.43786,1.43772,1.43773,1670700073.2421875
2011-06-02 06:46:00,1.43777,1.43792,1.43763,1.43791,1913200073.2421875
2011-06-02 06:47:00,1.43791,1.43826,1.43791,1.43791,2801400146.484375
2011-06-02 06:48:00,1.43797,1.4382,1.43791,1.43817,1425000000.0
2011-06-02 06:49:00,1.43817,1.43817,1.43781,1.438,1987700042.7246094
2011-06-02 06:50:00,1.43801,1.43822,1.43792,1.43818,1633600006.1035156
2011-06-02 06:51:00,1.43822,1.43823,1.43766,1.43775,2034299926.7578125
2011-06-02 06:52:00,1.43776,1.4378,1.4376,1.43767,2080700073.2421875
2011-06-02 06:53:00,1.43767,1.43783,1.4376,1.43765,1052300033.5693359
2011-06-02 06:54:00,1.43766,1.43771,1.43762,1.43762,470099983.21533203
2011-06-02 06:55:00,1.43761,1.43763,1.4373,1.43731,1396499938.9648438
2011-06-02 06:56:00,1.43732,1.43734,1.43709,1.43711,1357700042.7246094
2011-06-02 06:57:00,1.43712,1.43759,1.43712,1.43754,2188800048.828125
2011-06-02 06:58:00,1.43753,1.43753,1.43723,1.4373,1396499938.9648438
2011-06-02 06:59:00,1.43731,1.43772,1.43731,1.43757,1444600067.1386719
2011-06-02 07:00:00,1.43755,1.43755,1.43729,1.4373,1735500030.5175781
2011-06-02 07:01:00,1.4373,1.4373,1.43704,1.4371,1783500061.0351562
2011-06-02 07:02:00,1.43708,1.43727,1.4368,1.43725,2036699981.6894531
2011-06-02 07:03:00,1.43724,1.43727,1.43691,1.43703,2263600006.1035156
2011-06-02 07:04:00,1.43707,1.43732,1.43702,1.43702,2553200073.2421875
2011-06-02 07:05:00,1.43701,1.43725,1.43689,1.43699,2580899963.3789062
2011-06-02 07:06:00,1.43699,1.43699,1.43665,1.43694,2364100036.6210938
2011-06-02 07:07:00,1.43695,1.43752,1.43694,1.43742,2592399902.34375
2011-06-02 07:08:00,1.43743,1.43781,1.43743,1.43778,2113300018.3105469
2011-06-02 07:09:00,1.43777,1.43801,1.43756,1.43756,2060700073.2421875
2011-06-02 07:10:00,1.43755,1.43765,1.43731,1.43737,2393300018.310547
2011-06-02 07:11:00,1.43737,1.43749,1.43731,1.43731,1597599945.0683594
2011-06-02 07:12:00,1.43729,1.43759,1.43711,1.43756,2706400146.484375
2011-06-02 07:13:00,1.43754,1.4381,1.43751,1.43805,2212200012.2070312
2011-06-02 07:14:00,1.43805,1.43805,1.43756,1.43793,2503399963.3789062
2011-06-02 07:15:00,1.43795,1.43821,1.43791,1.43804,3663599853.515625
2011-06-02 07:16:00,1.43803,1.43804,1.43769,1.43795,2347599945.0683594
2011-06-02 07:17:00,1.43799,1.43818,1.43775,1.43803,3439200134.2773438
2011-06-02 07:18:00,1.43805,1.43805,1.43739,1.43751,2815700073.2421875
2011-06-02 07:19:00,1.43753,1.43763,1.4373,1.43737,2341000061.0351562
2011-06-02 07:20:00,1.43734,1.43748,1.43725,1.43745,2391499938.9648438
2011-06-02 07:21:00,1.43746,1.43778,1.43714,1.43721,3212399902.34375
2011-06-02 07:22:00,1.43719,1.43765,1.43717,1.43756,1491100006.1035156
2011-06-02 07:23:00,1.43757,1.43769,1.43729,1.43729,2316900024.4140625
2011-06-02 07:24:00,1.4373,1.43746,1.43719,1.4373,1998099975.5859375
2011-06-02 07:25:00,1.4373,1.4376,1.43715,1.4376,1966199951.171875
2011-06-02 07:26:00,1.4376,1.4378,1.4376,1.43775,2301100006.1035156
2011-06-02 07:27:00,1.43774,1.43776,1.43761,1.43764,1639799957.2753906
2011-06-02 07:28:00,1.43765,1.43804,1.43754,1.43804,1700599975.5859375
2011-06-02 07:29:00,1.43802,1.43809,1.43785,1.43789,1522700042.7246094
2011-06-02 07:30:00,1.43789,1.43837,1.43783,1.43831,2538399963.3789062
2011-06-02 07:31:00,1.4383,1.43867,1.43825,1.43827,3002600097.65625
2011-06-02 07:32:00,1.43825,1.43825,1.43788,1.43793,2405500030.517578
2011-06-02 07:33:00,1.43796,1.43812,1.43793,1.43806,2366399993.8964844
2011-06-02 07:34:00,1.43805,1.43805,1.43751,1.43753,1716600036.6210938
2011-06-02 07:35:00,1.43755,1.43761,1.43725,1.43741,2387700042.7246094
2011-06-02 07:36:00,1.43741,1.43773,1.43725,1.43762,1975700073.2421875
2011-06-02 07:37:00,1.43763,1.43763,1.43739,1.43741,1745399932.8613281
2011-06-02 07:38:00,1.4374,1.43777,1.43734,1.43769,1615200042.7246094
2011-06-02 07:39:00,1.43767,1.43798,1.43767,1.43786,2320599975.5859375
2011-06-02 07:40:00,1.43786,1.43803,1.43786,1.43799,1299100036.6210938
2011-06-02 07:41:00,1.43799,1.43803,1.43762,1.43765,1558600006.1035156
2011-06-02 07:42:00,1.43765,1.43803,1.43765,1.43801,1720500030.5175781
2011-06-02 07:43:00,1.43802,1.43821,1.43782,1.43817,2225000000.0
2011-06-02 07:44:00,1.43818,1.43832,1.43816,1.43824,2492799987.7929688
2011-06-02 07:45:00,1.43823,1.43836,1.43801,1.43801,1467799987.7929688
2011-06-02 07:46:00,1.43801,1.43809,1.43787,1.43799,1824600067.1386719
2011-06-02 07:47:00,1.43799,1.43842,1.43789,1.43828,2369600067.138672
2011-06-02 07:48:00,1.43829,1.43832,1.4382,1.43824,926299972.5341797
2011-06-02 07:49:00,1.43824,1.43881,1.43824,1.43867,2311000061.0351562
2011-06-02 07:50:00,1.43866,1.43896,1.43853,1.43867,3075000000.0
2011-06-02 07:51:00,1.43864,1.43865,1.43839,1.43839,1407100067.1386719
2011-06-02 07:52:00,1.43839,1.43875,1.43839,1.43854,1649700012.2070312
2011-06-02 07:53:00,1.43852,1.43859,1.43829,1.43831,1209000015.258789
2011-06-02 07:54:00,1.43833,1.43833,1.43801,1.43821,2241799926.7578125
2011-06-02 07:55:00,1.4382,1.4382,1.438,1.43809,1592400054.9316406
2011-06-02 07:56:00,1.43809,1.43821,1.43809,1.43821,1252500000.0
2011-06-02 07:57:00,1.43821,1.43844,1.43811,1.4382,2563900146.484375
2011-06-02 07:58:00,1.4382,1.43832,1.43813,1.43831,1308000030.5175781
2011-06-02 07:59:00,1.43831,1.43903,1.43831,1.43902,2139600067.1386719
2011-06-02 08:00:00,1.43909,1.43929,1.439,1.4392,2149499969.482422
2011-06-02 08:01:00,1.43919,1.43919,1.43893,1.43901,2016699981.6894531
2011-06-02 08:02:00,1.43908,1.43925,1.43904,1.43922,1302899932.8613281
2011-06-02 08:03:00,1.43921,1.43921,1.4388,1.4388,2238200073.2421875
2011-06-02 08:04:00,1.43873,1.43893,1.43863,1.4389,987300033.5693359
2011-06-02 08:05:00,1.43889,1.43895,1.43879,1.4388,1428000030.5175781
2011-06-02 08:06:00,1.4388,1.4388,1.4386,1.43863,1274400024.4140625
2011-06-02 08:07:00,1.43864,1.43867,1.43837,1.43849,2345599975.5859375
2011-06-02 08:08:00,1.43849,1.43905,1.43848,1.43902,2645400085.4492188
2011-06-02 08:09:00,1.43894,1.43924,1.43875,1.43881,1957799987.7929688
2011-06-02 08:10:00,1.43881,1.43904,1.43878,1.43878,1513300018.3105469
2011-06-02 08:11:00,1.43877,1.43901,1.43871,1.43901,2163600006.1035156
2011-06-02 08:12:00,1.43907,1.43936,1.4388,1.43935,3260899963.3789062
2011-06-02 08:13:00,1.43935,1.43977,1.43932,1.43977,2557299957.2753906
2011-06-02 08:14:00,1.43978,1.4398,1.43941,1.43941,2366699981.689453
2011-06-02 08:15:00,1.43942,1.43948,1.4393,1.43933,1602100067.1386719
2011-06-02 08:16:00,1.43933,1.43949,1.43927,1.43928,1710099945.0683594
2011-06-02 08:17:00,1.43928,1.43931,1.43922,1.4393,1361999969.4824219
2011-06-02 08:18:00,1.4393,1.4393,1.43909,1.43909,1609600067.1386719
2011-06-02 08:19:00,1.43906,1.43916,1.43891,1.43901,1544499969.4824219
2011-06-02 08:20:00,1.43901,1.43902,1.43851,1.43859,2051100006.1035156
2011-06-02 08:21:00,1.43859,1.43871,1.43859,1.43861,1749100036.6210938
2011-06-02 08:22:00,1.43862,1.43884,1.43862,1.43874,1260100021.3623047
2011-06-02 08:23:00,1.43875,1.43885,1.43841,1.43841,1103300018.3105469
2011-06-02 08:24:00,1.43842,1.43855,1.43822,1.43843,1493600006.1035156
2011-06-02 08:25:00,1.43844,1.43873,1.43844,1.4386,1823500061.0351562
2011-06-02 08:26:00,1.43858,1.43875,1.43855,1.43872,1495500030.5175781
2011-06-02 08:27:00,1.43871,1.43902,1.43871,1.43888,1983500061.0351562
2011-06-02 08:28:00,1.43887,1.4389,1.43853,1.43861,2094799957.2753906
2011-06-02 08:29:00,1.43861,1.43861,1.43841,1.43846,1986799926.7578125
2011-06-02 08:30:00,1.43846,1.43883,1.43846,1.43871,2520800018.310547
2011-06-02 08:31:00,1.43871,1.43886,1.43852,1.43852,2190800018.310547
2011-06-02 08:32:00,1.43854,1.43879,1.43852,1.4387,1917799987.7929688
2011-06-02 08:33:00,1.4387,1.4387,1.43855,1.43861,1378600006.1035156
2011-06-02 08:34:00,1.43862,1.43871,1.43856,1.43871,1282500000.0
2011-06-02 08:35:00,1.43871,1.43877,1.43862,1.43872,1357500000.0
2011-06-02 08:36:00,1.43874,1.43931,1.43873,1.43931,2274799957.2753906
2011-06-02 08:37:00,1.4393,1.43932,1.4389,1.43899,2208800048.828125
2011-06-02 08:38:00,1.43902,1.43921,1.43892,1.4391,1811300048.828125
2011-06-02 08:39:00,1.43911,1.43935,1.43909,1.43911,2157400054.9316406
2011-06-02 08:40:00,1.4391,1.43989,1.4391,1.43989,2040000000.0
2011-06-02 08:41:00,1.4399,1.44031,1.43981,1.43994,3616799926.7578125
2011-06-02 08:42:00,1.44001,1.44005,1.43976,1.43979,2509100036.6210938
2011-06-02 08:43:00,1.43979,1.44024,1.43978,1.43982,3147000122.0703125
2011-06-02 08:44:00,1.43984,1.44002,1.43964,1.44002,1901300048.828125
2011-06-02 08:45:00,1.44002,1.44023,1.43989,1.44011,2078300018.3105469
2011-06-02 08:46:00,1.4401,1.44027,1.43991,1.44027,1299199981.6894531
2011-06-02 08:47:00,1.44028,1.44122,1.44028,1.44105,3813699951.171875
2011-06-02 08:48:00,1.44106,1.44119,1.44091,1.44103,3740400085.4492188
2011-06-02 08:49:00,1.44104,1.44108,1.44083,1.4409,2566199951.171875
2011-06-02 08:50:00,1.44089,1.44098,1.44061,1.44094,2139900054.9316406
2011-06-02 08:51:00,1.44095,1.44104,1.44081,1.44089,1590899963.3789062
2011-06-02 08:52:00,1.44087,1.4412,1.44075,1.44117,2209700012.2070312
2011-06-02 08:53:00,1.44116,1.44116,1.4408,1.44082,2507899932.861328
2011-06-02 08:54:00,1.44082,1.44107,1.44082,1.44101,2105299987.7929688
2011-06-02 08:55:00,1.44101,1.44126,1.44097,1.44106,2142799987.7929688
2011-06-02 08:56:00,1.44106,1.44116,1.44086,1.44103,2005399932.8613281
2011-06-02 08:57:00,1.44102,1.44105,1.44071,1.44076,1971100006.1035156
2011-06-02 08:58:00,1.44075,1.44083,1.44063,1.44076,1585500030.5175781
2011-06-02 08:59:00,1.44078,1.44113,1.44073,1.44083,2426499938.9648438
2011-06-02 09:00:00,1.44082,1.44088,1.4406,1.44062,2145800018.3105469
2011-06-02 09:01:00,1.44062,1.44093,1.44062,1.44071,1740899963.3789062
2011-06-02 09:02:00,1.44071,1.4411,1.44069,1.4411,1887700042.7246094
2011-06-02 09:03:00,1.44117,1.44141,1.44112,1.44138,2456300048.828125
2011-06-02 09:04:00,1.44137,1.44138,1.44094,1.44102,1755399932.8613281
2011-06-02 09:05:00,1.441,1.44125,1.44091,1.44103,2815199890.1367188
2011-06-02 09:06:00,1.44103,1.44127,1.44092,1.44122,1128499984.741211
2011-06-02 09:07:00,1.44123,1.4417,1.44123,1.44169,1923899993.8964844
2011-06-02 09:08:00,1.44169,1.44189,1.44163,1.44181,3121000061.0351562
2011-06-02 09:09:00,1.44174,1.44175,1.44152,1.44161,2666799926.7578125
2011-06-02 09:10:00,1.44163,1.44184,1.44145,1.44157,3217200012.2070312
2011-06-02 09:11:00,1.44155,1.44161,1.44139,1.44161,1872100067.1386719
2011-06-02 09:12:00,1.44161,1.44161,1.44139,1.44142,1719799957.2753906
2011-06-02 09:13:00,1.44141,1.44144,1.44124,1.44125,1354600067.1386719
2011-06-02 09:14:00,1.44126,1.4415,1.44126,1.4415,1379299926.7578125
2011-06-02 09:15:00,1.4415,1.44151,1.44133,1.44133,718899993.8964844
2011-06-02 09:16:00,1.44132,1.44134,1.44101,1.44102,1756000061.0351562
2011-06-02 09:17:00,1.44101,1.44109,1.4409,1.44108,1893200073.2421875
2011-06-02 09:18:00,1.44105,1.44122,1.44094,1.44101,1388800048.828125
2011-06-02 09:19:00,1.44099,1.44122,1.44089,1.44122,1478399963.3789062
2011-06-02 09:20:00,1.4412,1.44122,1.44111,1.44112,1022300033.5693359
2011-06-02 09:21:00,1.44111,1.44153,1.4411,1.44143,1576399993.8964844
2011-06-02 09:22:00,1.44143,1.44177,1.44143,1.44173,1032300033.5693359
2011-06-02 09:23:00,1.44172,1.44175,1.44132,1.4416,2029100036.6210938
2011-06-02 09:24:00,1.44163,1.44203,1.44148,1.44194,2685700073.2421875
2011-06-02 09:25:00,1.44195,1.44225,1.44183,1.44191,2428600006.1035156
2011-06-02 09:26:00,1.44189,1.44202,1.44174,1.44182,1594600067.1386719
2011-06-02 09:27:00,1.44183,1.44189,1.4417,1.44175,1569900054.9316406
2011-06-02 09:28:00,1.44174,1.4418,1.44161,1.44177,1177900009.1552734
2011-06-02 09:29:00,1.44175,1.44191,1.44175,1.44184,804800033.5693359
2011-06-02 09:30:00,1.44184,1.44206,1.44164,1.44171,1886900024.4140625
2011-06-02 09:31:00,1.4417,1.4417,1.44136,1.44145,1251299972.5341797
2011-06-02 09:32:00,1.44146,1.44233,1.44146,1.44225,2638800048.828125
2011-06-02 09:33:00,1.44229,1.44237,1.44211,1.44225,1761100006.1035156
2011-06-02 09:34:00,1.44225,1.44281,1.44225,1.44281,1863500061.0351562
2011-06-02 09:35:00,1.44282,1.44313,1.44279,1.44303,3663599853.515625
2011-06-02 09:36:00,1.44303,1.44306,1.44283,1.44301,1467400054.9316406
2011-06-02 09:37:00,1.44297,1.44329,1.4429,1.44309,1869900054.9316406
2011-06-02 09:38:00,1.4431,1.44323,1.44308,1.4432,1947200012.2070312
2011-06-02 09:39:00,1.4432,1.44354,1.4432,1.4434,2977399902.34375
2011-06-02 09:40:00,1.44338,1.44338,1.44297,1.44297,2634800109.8632812
2011-06-02 09:41:00,1.44295,1.4431,1.44288,1.44295,1661600036.6210938
2011-06-02 09:42:00,1.44296,1.44334,1.44291,1.4432,2332299957.2753906
2011-06-02 09:43:00,1.44321,1.44351,1.44312,1.44323,2020299987.7929688
2011-06-02 09:44:00,1.44327,1.44357,1.44327,1.44349,2082200012.2070312
2011-06-02 09:45:00,1.44346,1.4438,1.44325,1.4438,2205800018.310547
2011-06-02 09:46:00,1.44381,1.44406,1.44361,1.44361,2169700012.2070312
2011-06-02 09:47:00,1.44361,1.44361,1.44338,1.44351,1150500030.5175781
2011-06-02 09:48:00,1.44352,1.44372,1.44344,1.44363,1393999938.9648438
2011-06-02 09:49:00,1.44363,1.44363,1.44323,1.44341,1961199951.171875
2011-06-02 09:50:00,1.44343,1.44347,1.44327,1.4434,1723300018.3105469
2011-06-02 09:51:00,1.4434,1.44351,1.44331,1.44344,1552200012.2070312
2011-06-02 09:52:00,1.44345,1.44371,1.44336,1.4437,1139300003.0517578
2011-06-02 09:53:00,1.44371,1.44468,1.44366,1.44431,3961400146.484375
2011-06-02 09:54:00,1.44432,1.44533,1.44432,1.44494,3671799926.7578125
2011-06-02 09:55:00,1.44492,1.44499,1.4447,1.44474,2381600036.6210938
2011-06-02 09:56:00,1.44474,1.44474,1.44451,1.44457,1982899932.8613281
2011-06-02 09:57:00,1.44457,1.44474,1.44441,1.44449,1704799957.2753906
2011-06-02 09:58:00,1.44447,1.44447,1.44419,1.44422,1614900054.9316406
2011-06-02 09:59:00,1.44421,1.44545,1.44421,1.44545,2989800109.8632812
2011-06-02 10:00:00,1.44549,1.44569,1.44535,1.44545,3672399902.34375
2011-06-02 10:01:00,1.44549,1.44551,1.44512,1.44527,2557299957.2753906
2011-06-02 10:02:00,1.44527,1.44537,1.4449,1.4449,2005599975.5859375
2011-06-02 10:03:00,1.44489,1.44525,1.44483,1.44512,1634400024.4140625
2011-06-02 10:04:00,1.44511,1.44563,1.44509,1.44558,2486300048.828125
2011-06-02 10:05:00,1.4456,1.44779,1.4456,1.44764,5555499877.9296875
2011-06-02 10:06:00,1.44767,1.44774,1.44719,1.44734,4862500000.0
2011-06-02 10:07:00,1.44731,1.44742,1.44701,1.44723,3017500000.0
2011-06-02 10:08:00,1.44723,1.44728,1.44682,1.44703,2416799926.7578125
2011-06-02 10:09:00,1.44702,1.44858,1.44702,1.44829,3807200012.2070312
2011-06-02 10:10:00,1.44828,1.44836,1.44796,1.44796,3457500000.0
2011-06-02 10:11:00,1.44796,1.44801,1.44761,1.44768,2893699951.171875
2011-06-02 10:12:00,1.44768,1.44781,1.44727,1.44781,2343099975.5859375
2011-06-02 10:13:00,1.44783,1.44798,1.4473,1.44747,3128500061.0351562
2011-06-02 10:14:00,1.44744,1.4475,1.44699,1.44731,2421999969.482422
2011-06-02 10:15:00,1.44732,1.44855,1.44732,1.44811,3471799926.7578125
2011-06-02 10:16:00,1.44811,1.44811,1.4477,1.44785,2194400024.4140625
2011-06-02 10:17:00,1.44785,1.44785,1.44748,1.44748,1606199951.171875
2011-06-02 10:18:00,1.44747,1.44759,1.44729,1.44741,2736199951.171875
2011-06-02 10:19:00,1.44741,1.44743,1.44729,1.44738,1833099975.5859375
2011-06-02 10:20:00,1.44737,1.44752,1.44722,1.44744,2140000000.0
2011-06-02 10:21:00,1.44744,1.44748,1.44731,1.44744,1946799926.7578125
2011-06-02 10:22:00,1.44744,1.44797,1.44744,1.44781,3273800048.828125
2011-06-02 10:23:00,1.44784,1.44819,1.44777,1.44818,2450700073.2421875
2011-06-02 10:24:00,1.44817,1.44818,1.44775,1.44782,2775100097.65625
2011-06-02 10:25:00,1.44781,1.44799,1.4476,1.44774,2304400024.4140625
2011-06-02 10:26:00,1.44776,1.44779,1.44756,1.44772,1218899993.8964844
2011-06-02 10:27:00,1.4477,1.44807,1.44761,1.44789,3638800048.828125
2011-06-02 10:28:00,1.44791,1.44802,1.44759,1.44778,2048300018.3105469
2011-06-02 10:29:00,1.44778,1.44793,1.44778,1.44781,1544499969.4824219
2011-06-02 10:30:00,1.44781,1.44826,1.4478,1.44814,2810000000.0
2011-06-02 10:31:00,1.44821,1.44825,1.44772,1.44775,1838099975.5859375
2011-06-02 10:32:00,1.44776,1.44791,1.44774,1.44782,1539100036.6210938
2011-06-02 10:33:00,1.44781,1.44789,1.44745,1.44751,2020599975.5859375
2011-06-02 10:34:00,1.4475,1.4476,1.4473,1.44731,1824700012.2070312
2011-06-02 10:35:00,1.44729,1.44733,1.44691,1.44703,2693900146.484375
2011-06-02 10:36:00,1.44703,1.44752,1.4469,1.44752,1965899963.3789062
2011-06-02 10:37:00,1.44752,1.44761,1.44743,1.44761,1248000030.5175781
2011-06-02 10:38:00,1.44759,1.44768,1.4471,1.44721,1256600036.6210938
2011-06-02 10:39:00,1.44717,1.44726,1.44697,1.44708,1657500000.0
2011-06-02 10:40:00,1.44712,1.4472,1.44695,1.44695,1145299987.7929688
2011-06-02 10:41:00,1.44695,1.44704,1.44674,1.44703,1818099975.5859375
2011-06-02 10:42:00,1.44701,1.44702,1.44663,1.44663,1668699951.171875
2011-06-02 10:43:00,1.44663,1.44699,1.44649,1.44699,2276600036.6210938
2011-06-02 10:44:00,1.44697,1.44719,1.44694,1.44695,1533200073.2421875
2011-06-02 10:45:00,1.44696,1.44696,1.44682,1.44689,662799987.7929688
2011-06-02 10:46:00,1.44691,1.44692,1.44675,1.44679,858099975.5859375
2011-06-02 10:47:00,1.44679,1.44688,1.44675,1.44682,1305099945.0683594
2011-06-02 10:48:00,1.44682,1.44699,1.44668,1.44669,904499969.4824219
2011-06-02 10:49:00,1.44669,1.44675,1.44659,1.44669,1418399963.3789062
2011-06-02 10:50:00,1.44671,1.44676,1.44654,1.44664,1433399963.3789062
2011-06-02 10:51:00,1.44664,1.44673,1.44661,1.44671,950999984.7412109
2011-06-02 10:52:00,1.44671,1.44677,1.44661,1.44663,867900009.1552734
2011-06-02 10:53:00,1.44663,1.44667,1.44659,1.44667,982099990.8447266
2011-06-02 10:54:00,1.44669,1.44679,1.44659,1.44679,1607799987.7929688
2011-06-02 10:55:00,1.44678,1.44694,1.44678,1.44682,1947599945.0683594
2011-06-02 10:56:00,1.44683,1.4469,1.44681,1.44682,886500015.2587891
2011-06-02 10:57:00,1.44684,1.44728,1.44664,1.44728,2405200042.7246094
2011-06-02 10:58:00,1.44728,1.44729,1.44675,1.44675,2352100067.138672
2011-06-02 10:59:00,1.44676,1.44722,1.44676,1.44714,1853300018.3105469
2011-06-02 11:00:00,1.44713,1.4473,1.44708,1.44709,2049799957.2753906
2011-06-02 11:01:00,1.44709,1.4472,1.44688,1.4469,1841300048.828125
2011-06-02 11:02:00,1.44689,1.4472,1.44689,1.44719,1238899993.8964844
2011-06-02 11:03:00,1.44718,1.44727,1.44709,1.4472,1140400009.1552734
2011-06-02 11:04:00,1.44719,1.44719,1.44681,1.44701,1469400024.4140625
2011-06-02 11:05:00,1.44701,1.44701,1.44672,1.44672,1957500000.0
2011-06-02 11:06:00,1.44672,1.44682,1.4464,1.44651,2175700073.2421875
2011-06-02 11:07:00,1.4465,1.44674,1.4465,1.44668,1754700012.2070312
2011-06-02 11:08:00,1.44668,1.4468,1.44668,1.4468,1182099990.8447266
2011-06-02 11:09:00,1.4468,1.44694,1.44671,1.44675,1784299926.7578125
2011-06-02 11:10:00,1.44676,1.44679,1.44661,1.44668,1541499938.9648438
2011-06-02 11:11:00,1.44668,1.44668,1.44637,1.44654,2155000000.0
2011-06-02 11:12:00,1.44653,1.44671,1.44617,1.44617,3623500061.0351562
2011-06-02 11:13:00,1.44617,1.44637,1.446,1.44619,3166700134.2773438
2011-06-02 11:14:00,1.44619,1.44652,1.44619,1.44643,2030899963.3789062
2011-06-02 11:15:00,1.44645,1.44653,1.44638,1.44649,1361300048.828125
2011-06-02 11:16:00,1.44653,1.44658,1.44647,1.44651,1080000000.0
2011-06-02 11:17:00,1.44651,1.44675,1.4465,1.44669,1891900024.4140625
2011-06-02 11:18:00,1.44671,1.44671,1.44659,1.4466,1088700027.4658203
2011-06-02 11:19:00,1.44656,1.4466,1.44651,1.44651,824300003.0517578
2011-06-02 11:20:00,1.44656,1.44664,1.44651,1.44653,763300018.3105469
2011-06-02 11:21:00,1.44653,1.44671,1.44653,1.44671,600000000.0
2011-06-02 11:22:00,1.44671,1.44672,1.44656,1.44672,813099975.5859375
2011-06-02 11:23:00,1.44673,1.44696,1.44672,1.44696,936900024.4140625
2011-06-02 11:24:00,1.44697,1.44729,1.44697,1.44709,1703500061.0351562
2011-06-02 11:25:00,1.44717,1.44719,1.44661,1.44667,1680899963.3789062
2011-06-02 11:26:00,1.44667,1.44702,1.44666,1.4469,1436300048.828125
2011-06-02 11:27:00,1.44691,1.44705,1.44685,1.44689,1539600067.1386719
2011-06-02 11:28:00,1.44687,1.44719,1.44685,1.44701,1365000000.0
2011-06-02 11:29:00,1.44701,1.44739,1.44701,1.44736,1493999938.9648438
2011-06-02 11:30:00,1.44734,1.44734,1.44716,1.44725,942099990.8447266
2011-06-02 11:31:00,1.44725,1.44738,1.4471,1.44738,1602799987.7929688
2011-06-02 11:32:00,1.44738,1.4474,1.4472,1.44721,1930700073.2421875
2011-06-02 11:33:00,1.44719,1.44719,1.44665,1.44668,1622299957.2753906
2011-06-02 11:34:00,1.44668,1.44677,1.44661,1.44663,1479799957.2753906
2011-06-02 11:35:00,1.44662,1.44667,1.4464,1.44645,1706499938.9648438
2011-06-02 11:36:00,1.44643,1.44643,1.44606,1.44631,1859299926.7578125
2011-06-02 11:37:00,1.44633,1.44633,1.44611,1.44611,1483200073.2421875
2011-06-02 11:38:00,1.44611,1.44634,1.4461,1.44631,1503000030.5175781
2011-06-02 11:39:00,1.44631,1.44638,1.44619,1.44619,945800018.3105469
2011-06-02 11:40:00,1.44618,1.44618,1.4459,1.44595,1703699951.171875
2011-06-02 11:41:00,1.44595,1.44637,1.44595,1.44636,1837500000.0
2011-06-02 11:42:00,1.44636,1.44653,1.44627,1.4463,1447299957.2753906
2011-06-02 11:43:00,1.44631,1.44652,1.4463,1.44643,1306900024.4140625
2011-06-02 11:44:00,1.44642,1.44649,1.4464,1.44645,1010999984.7412109
2011-06-02 11:45:00,1.44649,1.44681,1.44649,1.44681,1725899963.3789062
2011-06-02 11:46:00,1.44679,1.44714,1.44679,1.44701,1803099975.5859375
2011-06-02 11:47:00,1.44706,1.4471,1.44701,1.44706,1789499969.4824219
2011-06-02 11:48:00,1.44706,1.44712,1.44693,1.44712,1926799926.7578125
2011-06-02 11:49:00,1.44715,1.44722,1.44687,1.44688,1419499969.4824219
2011-06-02 11:50:00,1.44688,1.447,1.4467,1.44677,1144300003.0517578
2011-06-02 11:51:00,1.44678,1.44683,1.4465,1.44683,1249599990.8447266
2011-06-02 11:52:00,1.44686,1.44703,1.4468,1.44689,965999984.7412109
2011-06-02 11:53:00,1.4469,1.44698,1.44679,1.4469,1218799972.5341797
2011-06-02 11:54:00,1.44689,1.44701,1.44622,1.44622,2111000061.0351562
2011-06-02 11:55:00,1.44622,1.44641,1.44621,1.44629,1144199981.6894531
2011-06-02 11:56:00,1.44631,1.44657,1.44631,1.44657,1330599975.5859375
2011-06-02 11:57:00,1.44656,1.44656,1.44621,1.44627,1218799972.5341797
2011-06-02 11:58:00,1.44627,1.44632,1.44623,1.44629,1040999984.7412109
2011-06-02 11:59:00,1.44629,1.44629,1.44561,1.44568,1689900054.9316406
2011-06-02 12:00:00,1.44565,1.44593,1.44565,1.44571,2117700042.7246094
2011-06-02 12:01:00,1.44569,1.44583,1.44564,1.44581,1647299957.2753906
2011-06-02 12:02:00,1.44581,1.44619,1.44581,1.44619,1709499969.4824219
2011-06-02 12:03:00,1.44619,1.44621,1.44612,1.44613,1461000061.0351562
2011-06-02 12:04:00,1.44613,1.44618,1.44612,1.44617,943499984.7412109
2011-06-02 12:05:00,1.44617,1.44661,1.44612,1.44661,1666000061.0351562
2011-06-02 12:06:00,1.4466,1.44669,1.44646,1.44658,1714100036.6210938
2011-06-02 12:07:00,1.44666,1.44668,1.44649,1.44649,1458000030.5175781
2011-06-02 12:08:00,1.44651,1.44651,1.44587,1.44602,1604400024.4140625
2011-06-02 12:09:00,1.44604,1.44605,1.44572,1.4459,2149600067.138672
2011-06-02 12:10:00,1.44591,1.44597,1.44573,1.4458,1410099945.0683594
2011-06-02 12:11:00,1.44581,1.446,1.44581,1.44591,1275000000.0
2011-06-02 12:12:00,1.4459,1.44612,1.44581,1.44609,1710000000.0
2011-06-02 12:13:00,1.44607,1.44633,1.44599,1.44599,2549700012.2070312
2011-06-02 12:14:00,1.44599,1.44621,1.44567,1.44586,2618800048.828125
2011-06-02 12:15:00,1.44586,1.44599,1.44566,1.44581,2097899932.8613281
2011-06-02 12:16:00,1.44581,1.44602,1.44575,1.44601,1982500000.0
2011-06-02 12:17:00,1.44601,1.44606,1.44585,1.44592,1730599975.5859375
2011-06-02 12:18:00,1.44592,1.446,1.44578,1.4458,1423000030.5175781
2011-06-02 12:19:00,1.44579,1.44607,1.44579,1.44606,1570500030.5175781
2011-06-02 12:20:00,1.44605,1.4462,1.44593,1.44619,2380599975.5859375
2011-06-02 12:21:00,1.44619,1.44635,1.44601,1.44631,1646300048.828125
2011-06-02 12:22:00,1.44631,1.44631,1.44606,1.44606,1496999969.4824219
2011-06-02 12:23:00,1.44604,1.44604,1.44571,1.44578,1733300018.3105469
2011-06-02 12:24:00,1.44577,1.44577,1.44561,1.44576,1146100006.1035156
2011-06-02 12:25:00,1.44578,1.44592,1.44571,1.44571,1489499969.4824219
2011-06-02 12:26:00,1.44571,1.44589,1.44571,1.44581,1210699996.9482422
2011-06-02 12:27:00,1.44582,1.44586,1.44563,1.44571,1551000061.0351562
2011-06-02 12:28:00,1.44571,1.44601,1.44571,1.44593,2009199981.6894531
2011-06-02 12:29:00,1.44592,1.44602,1.44591,1.44597,1398800048.828125
2011-06-02 12:30:00,1.44595,1.44662,1.44588,1.44662,2899800109.8632812
2011-06-02 12:31:00,1.44662,1.44707,1.44662,1.44701,2778399963.3789062
2011-06-02 12:32:00,1.447,1.44701,1.44678,1.4468,2261999969.482422
2011-06-02 12:33:00,1.44679,1.44679,1.44625,1.44645,2960899963.3789062
2011-06-02 12:34:00,1.44641,1.4467,1.44627,1.44627,2883500061.0351562
2011-06-02 12:35:00,1.44626,1.4466,1.44612,1.44635,2031699981.6894531
2011-06-02 12:36:00,1.44633,1.44637,1.44549,1.44551,2395700073.2421875
2011-06-02 12:37:00,1.44549,1.44552,1.4452,1.44549,2891499938.9648438
2011-06-02 12:38:00,1.4455,1.4459,1.44549,1.44584,1528099975.5859375
2011-06-02 12:39:00,1.44583,1.44584,1.44551,1.44559,1770500030.5175781
2011-06-02 12:40:00,1.4456,1.44569,1.44511,1.44511,1594199981.6894531
2011-06-02 12:41:00,1.44512,1.44533,1.445,1.44533,1739499969.4824219
2011-06-02 12:42:00,1.44536,1.44538,1.44508,1.4451,1869799957.2753906
2011-06-02 12:43:00,1.4451,1.44531,1.44501,1.44517,2515700073.2421875
2011-06-02 12:44:00,1.44517,1.44541,1.4451,1.44539,1455899963.3789062
2011-06-02 12:45:00,1.44541,1.44577,1.4454,1.44553,2443999938.9648438
2011-06-02 12:46:00,1.44554,1.44571,1.44542,1.4457,1415299987.7929688
2011-06-02 12:47:00,1.44569,1.44576,1.44561,1.44571,1267500000.0
2011-06-02 12:48:00,1.44571,1.44583,1.44544,1.44545,1950200042.7246094
2011-06-02 12:49:00,1.44544,1.44582,1.44544,1.44574,1935500030.5175781
2011-06-02 12:50:00,1.44573,1.44609,1.44562,1.44596,1777599945.0683594
2011-06-02 12:51:00,1.44602,1.44638,1.44599,1.44626,2068800048.828125
2011-06-02 12:52:00,1.44631,1.44631,1.446,1.44613,2021999969.4824219
2011-06-02 12:53:00,1.44614,1.44634,1.44613,1.44619,1551799926.7578125
2011-06-02 12:54:00,1.44623,1.44631,1.44569,1.44586,1993699951.171875
2011-06-02 12:55:00,1.44588,1.4459,1.44544,1.44546,1766199951.171875
2011-06-02 12:56:00,1.44547,1.44555,1.4454,1.44551,1575899963.3789062
2011-06-02 12:57:00,1.4455,1.44571,1.44535,1.44547,1874499969.4824219
2011-06-02 12:58:00,1.44547,1.44549,1.44512,1.44513,1693899993.8964844
2011-06-02 12:59:00,1.44511,1.44531,1.44481,1.44486,2417299957.2753906
2011-06-02 13:00:00,1.44485,1.44541,1.4448,1.44541,2359600067.138672
2011-06-02 13:01:00,1.44539,1.44576,1.44537,1.44548,1857899932.8613281
2011-06-02 13:02:00,1.44546,1.44551,1.44523,1.44523,1974299926.7578125
2011-06-02 13:03:00,1.44522,1.44592,1.44521,1.44592,2136799926.7578125
2011-06-02 13:04:00,1.44592,1.44592,1.44545,1.44545,2708900146.484375
2011-06-02 13:05:00,1.44543,1.44554,1.44527,1.4453,1832100067.1386719
2011-06-02 13:06:00,1.4453,1.44551,1.44519,1.44533,1440099945.0683594
2011-06-02 13:07:00,1.44536,1.44587,1.44534,1.44569,1743600006.1035156
2011-06-02 13:08:00,1.44568,1.44568,1.44539,1.44546,2077799987.7929688
2011-06-02 13:09:00,1.44546,1.44546,1.44498,1.44529,2044600067.1386719
2011-06-02 13:10:00,1.44529,1.44534,1.44503,1.4451,1704799957.2753906
2011-06-02 13:11:00,1.4451,1.44523,1.44482,1.44483,1351600036.6210938
2011-06-02 13:12:00,1.44483,1.44497,1.44465,1.44472,2497599945.0683594
2011-06-02 13:13:00,1.44471,1.44479,1.44416,1.4442,2117799987.7929688
2011-06-02 13:14:00,1.44422,1.44451,1.4442,1.4443,2226600036.6210938
2011-06-02 13:15:00,1.44431,1.4444,1.44393,1.44419,2443800048.828125
2011-06-02 13:16:00,1.44419,1.44422,1.44409,1.44415,1558600006.1035156
2011-06-02 13:17:00,1.44414,1.44459,1.44411,1.44459,1179000015.258789
2011-06-02 13:18:00,1.44457,1.44479,1.44451,1.44463,1998000030.5175781
2011-06-02 13:19:00,1.44461,1.44461,1.44434,1.44434,1563000030.5175781
2011-06-02 13:20:00,1.44434,1.44451,1.44424,1.44451,2538200073.2421875
2011-06-02 13:21:00,1.44451,1.44509,1.44449,1.44506,2017400054.9316406
2011-06-02 13:22:00,1.44506,1.44543,1.44506,1.44511,2732300109.8632812
2011-06-02 13:23:00,1.4451,1.44529,1.44502,1.44508,1681600036.6210938
2011-06-02 13:24:00,1.44511,1.44521,1.4451,1.44512,995999984.7412109
2011-06-02 13:25:00,1.44513,1.44531,1.44482,1.44482,1432799987.7929688
2011-06-02 13:26:00,1.44484,1.44484,1.44445,1.4445,1544199981.6894531
2011-06-02 13:27:00,1.44447,1.44472,1.4444,1.44463,1671199951.171875
2011-06-02 13:28:00,1.44465,1.44529,1.44462,1.44529,1918500061.0351562
2011-06-02 13:29:00,1.44537,1.44543,1.44516,1.44533,1521100006.1035156
2011-06-02 13:30:00,1.44531,1.44542,1.44513,1.44542,1722599945.0683594
2011-06-02 13:31:00,1.44543,1.44555,1.44533,1.44551,1448200073.2421875
2011-06-02 13:32:00,1.44547,1.44599,1.44534,1.44592,2107899932.8613281
2011-06-02 13:33:00,1.44589,1.44675,1.44573,1.4466,3530299987.7929688
2011-06-02 13:34:00,1.44659,1.44682,1.44657,1.4467,2501000061.0351562
2011-06-02 13:35:00,1.44669,1.4468,1.44651,1.44674,2539799957.2753906
2011-06-02 13:36:00,1.44674,1.44713,1.44663,1.44695,2470200042.7246094
2011-06-02 13:37:00,1.44693,1.44693,1.44615,1.44615,2875599975.5859375
2011-06-02 13:38:00,1.44615,1.44651,1.44606,1.44642,2530000000.0
2011-06-02 13:39:00,1.4464,1.4464,1.4455,1.44561,3205199890.1367188
2011-06-02 13:40:00,1.4456,1.4457,1.44498,1.44498,2640100097.65625
2011-06-02 13:41:00,1.44499,1.44561,1.44493,1.44504,3104100036.6210938
2011-06-02 13:42:00,1.44505,1.4454,1.44477,1.44477,2773299865.7226562
2011-06-02 13:43:00,1.44475,1.44476,1.44372,1.44403,3645799865.7226562
2011-06-02 13:44:00,1.44404,1.44444,1.44391,1.4443,3122300109.8632812
2011-06-02 13:45:00,1.4443,1.44434,1.44377,1.44412,3270799865.7226562
2011-06-02 13:46:00,1.44412,1.44424,1.44359,1.44421,3191600036.6210938
2011-06-02 13:47:00,1.44419,1.44431,1.44293,1.44306,3507799987.7929688
2011-06-02 13:48:00,1.44309,1.44371,1.44294,1.44318,3826600036.6210938
2011-06-02 13:49:00,1.44314,1.44342,1.4429,1.44341,3324200134.2773438
2011-06-02 13:50:00,1.44339,1.44397,1.44291,1.44397,3329500122.0703125
2011-06-02 13:51:00,1.44395,1.44431,1.44365,1.44425,3874700012.2070312
2011-06-02 13:52:00,1.44425,1.44428,1.4438,1.4439,2621000061.0351562
2011-06-02 13:53:00,1.4439,1.44409,1.44366,1.4437,2896700134.2773438
2011-06-02 13:54:00,1.44373,1.44406,1.44356,1.44405,4016499938.9648438
2011-06-02 13:55:00,1.44405,1.44471,1.44405,1.44449,4877000122.0703125
2011-06-02 13:56:00,1.44449,1.44457,1.44424,1.44431,2727200012.2070312
2011-06-02 13:57:00,1.44429,1.44508,1.44429,1.44508,2561300048.828125
2011-06-02 13:58:00,1.4451,1.44528,1.44479,1.44491,2635499877.9296875
2011-06-02 13:59:00,1.44491,1.44507,1.44479,1.44483,2238800048.828125
2011-06-02 14:00:00,1.44485,1.44522,1.4448,1.4448,3952099914.5507812
2011-06-02 14:01:00,1.4448,1.44483,1.44439,1.44452,1973500061.0351562
2011-06-02 14:02:00,1.44453,1.44507,1.44391,1.44404,3313399963.3789062
2011-06-02 14:03:00,1.44402,1.44431,1.44382,1.4439,2831300048.828125
2011-06-02 14:04:00,1.44391,1.44475,1.44383,1.44474,3055299987.7929688
2011-06-02 14:05:00,1.44476,1.44538,1.44476,1.44502,3463699951.171875
2011-06-02 14:06:00,1.44501,1.44542,1.44486,1.44541,2582500000.0
2011-06-02 14:07:00,1.44541,1.44547,1.44488,1.44488,2433699951.171875
2011-06-02 14:08:00,1.44487,1.44488,1.44434,1.44474,2806400146.484375
2011-06-02 14:09:00,1.44475,1.44496,1.4446,1.44463,2157700042.7246094
2011-06-02 14:10:00,1.44464,1.44523,1.44464,1.4452,2301000061.0351562
2011-06-02 14:11:00,1.44521,1.44551,1.44501,1.44536,2848699951.171875
2011-06-02 14:12:00,1.44538,1.44556,1.4449,1.4449,2562200012.2070312
2011-06-02 14:13:00,1.44491,1.44512,1.44479,1.44487,2917300109.8632812
2011-06-02 14:14:00,1.44486,1.44505,1.44459,1.44504,2278899993.8964844
2011-06-02 14:15:00,1.44504,1.44504,1.44414,1.44422,3140299987.7929688
2011-06-02 14:16:00,1.44422,1.44434,1.44395,1.44423,2766000061.0351562
2011-06-02 14:17:00,1.44424,1.44445,1.44424,1.44441,2359499969.482422
2011-06-02 14:18:00,1.4444,1.44463,1.44406,1.44419,2683599853.515625
2011-06-02 14:19:00,1.44418,1.44466,1.44404,1.44423,2657600097.65625
2011-06-02 14:20:00,1.44423,1.4444,1.44392,1.4441,3172900085.4492188
2011-06-02 14:21:00,1.44412,1.44442,1.444,1.44418,3292500000.0
2011-06-02 14:22:00,1.4442,1.44459,1.44412,1.44412,3434400024.4140625
2011-06-02 14:23:00,1.44411,1.44416,1.44393,1.44393,2254799957.2753906
2011-06-02 14:24:00,1.44389,1.44403,1.44365,1.44385,2720100097.65625
2011-06-02 14:25:00,1.44381,1.44415,1.44374,1.44415,2438399963.3789062
2011-06-02 14:26:00,1.44422,1.44463,1.44422,1.44454,2585700073.2421875
2011-06-02 14:27:00,1.44454,1.44454,1.44379,1.44413,2493800048.828125
2011-06-02 14:28:00,1.44414,1.44431,1.44409,1.44413,2130099945.0683594
2011-06-02 14:29:00,1.44415,1.44456,1.44411,1.44455,1881100006.1035156
2011-06-02 14:30:00,1.44455,1.44459,1.44429,1.44455,2399900054.9316406
2011-06-02 14:31:00,1.44455,1.44465,1.44411,1.44458,2064299926.7578125
2011-06-02 14:32:00,1.44456,1.44499,1.44448,1.44471,2889899902.34375
2011-06-02 14:33:00,1.44468,1.44531,1.44458,1.44522,2287200012.2070312
2011-06-02 14:34:00,1.44524,1.44554,1.44505,1.44535,2434499969.482422
2011-06-02 14:35:00,1.4453,1.44533,1.445,1.44529,2697099914.5507812
2011-06-02 14:36:00,1.44528,1.44531,1.44504,1.44515,2597399902.34375
2011-06-02 14:37:00,1.44514,1.44531,1.4449,1.44511,2095599975.5859375
2011-06-02 14:38:00,1.44509,1.44571,1.44504,1.4457,2200700073.2421875
2011-06-02 14:39:00,1.44567,1.44572,1.44556,1.4457,1575299987.7929688
2011-06-02 14:40:00,1.4457,1.4457,1.44533,1.44555,2724899902.34375
2011-06-02 14:41:00,1.44554,1.44583,1.44543,1.44583,1862500000.0
2011-06-02 14:42:00,1.44589,1.44606,1.44554,1.44555,2957999877.9296875
2011-06-02 14:43:00,1.44558,1.44558,1.44504,1.44512,2689899902.34375
2011-06-02 14:44:00,1.44513,1.44535,1.44506,1.4453,2362500000.0
2011-06-02 14:45:00,1.44524,1.4453,1.44509,1.44524,1841300048.828125
2011-06-02 14:46:00,1.44523,1.44564,1.44523,1.44564,2321300048.828125
2011-06-02 14:47:00,1.44564,1.446,1.44559,1.4456,2295299987.7929688
2011-06-02 14:48:00,1.44558,1.44561,1.44509,1.44514,1305099945.0683594
2011-06-02 14:49:00,1.44514,1.44542,1.44509,1.44532,2343500061.0351562
2011-06-02 14:50:00,1.44532,1.44534,1.44503,1.44506,2402299957.2753906
2011-06-02 14:51:00,1.44507,1.44526,1.44489,1.44489,1868300018.3105469
2011-06-02 14:52:00,1.44484,1.4449,1.4445,1.44468,2832500000.0
2011-06-02 14:53:00,1.4447,1.44482,1.44454,1.44481,2133099975.5859375
2011-06-02 14:54:00,1.44481,1.44491,1.44474,1.44489,1842299957.2753906
2011-06-02 14:55:00,1.44486,1.44495,1.44467,1.44482,1795500030.5175781
2011-06-02 14:56:00,1.4448,1.44494,1.44472,1.44473,1466999969.4824219
2011-06-02 14:57:00,1.44477,1.44486,1.4443,1.44442,2165500030.517578
2011-06-02 14:58:00,1.44442,1.44447,1.44422,1.44445,2463699951.171875
2011-06-02 14:59:00,1.44444,1.44444,1.44388,1.44392,2757699890.1367188
2011-06-02 15:00:00,1.44393,1.44402,1.44372,1.44392,2444199981.689453
2011-06-02 15:01:00,1.44392,1.44426,1.4439,1.44423,3038999938.9648438
2011-06-02 15:02:00,1.44423,1.44443,1.44392,1.44392,2430800018.310547
2011-06-02 15:03:00,1.44392,1.44419,1.44379,1.44419,2044499969.4824219
2011-06-02 15:04:00,1.4442,1.44452,1.44417,1.44444,2333800048.828125
2011-06-02 15:05:00,1.4444,1.44454,1.44403,1.44405,2648599853.515625
2011-06-02 15:06:00,1.44409,1.44415,1.44369,1.44394,2929200134.2773438
2011-06-02 15:07:00,1.44393,1.44395,1.44321,1.44333,2265099945.0683594
2011-06-02 15:08:00,1.44337,1.44352,1.44303,1.44323,2426999969.482422
2011-06-02 15:09:00,1.44327,1.44351,1.44311,1.44341,2280099945.0683594
2011-06-02 15:10:00,1.44342,1.44372,1.44342,1.4435,2464199981.689453
2011-06-02 15:11:00,1.44343,1.4435,1.44278,1.44282,2541600036.6210938
2011-06-02 15:12:00,1.44282,1.44303,1.44263,1.44298,2768699951.171875
2011-06-02 15:13:00,1.443,1.4432,1.44257,1.44294,4045400085.4492188
2011-06-02 15:14:00,1.44298,1.44336,1.44294,1.44336,2888099975.5859375
2011-06-02 15:15:00,1.44335,1.44335,1.44296,1.44296,2023099975.5859375
2011-06-02 15:16:00,1.44295,1.44314,1.44256,1.44302,3155100097.65625
2011-06-02 15:17:00,1.44302,1.44302,1.44192,1.44192,3293800048.828125
2011-06-02 15:18:00,1.44195,1.44233,1.4419,1.4421,2358200073.2421875
2011-06-02 15:19:00,1.44211,1.44237,1.44204,1.44237,1782899932.8613281
2011-06-02 15:20:00,1.44245,1.44264,1.44222,1.44253,3162399902.34375
2011-06-02 15:21:00,1.44254,1.44262,1.44215,1.44241,2699400024.4140625
2011-06-02 15:22:00,1.44241,1.44268,1.44233,1.44235,2621400146.484375
2011-06-02 15:23:00,1.44234,1.44241,1.44182,1.44189,2429299926.7578125
2011-06-02 15:24:00,1.44191,1.44242,1.44175,1.44224,3115700073.2421875
2011-06-02 15:25:00,1.44224,1.44253,1.44212,1.44222,2161199951.171875
2011-06-02 15:26:00,1.44222,1.44224,1.44191,1.44201,1981600036.6210938
2011-06-02 15:27:00,1.44201,1.44213,1.44181,1.44191,1716100006.1035156
2011-06-02 15:28:00,1.44195,1.44196,1.44123,1.44128,3328099975.5859375
2011-06-02 15:29:00,1.44133,1.4414,1.44079,1.44103,4398299865.722656
2011-06-02 15:30:00,1.44106,1.44121,1.44092,1.44106,3136600036.6210938
2011-06-02 15:31:00,1.44104,1.44112,1.44073,1.44107,2542299957.2753906
2011-06-02 15:32:00,1.44111,1.44163,1.44111,1.44153,2380500030.517578
2011-06-02 15:33:00,1.44153,1.44153,1.44031,1.44045,3060199890.1367188
2011-06-02 15:34:00,1.44049,1.44087,1.44043,1.44081,2259700012.2070312
2011-06-02 15:35:00,1.44084,1.44121,1.44074,1.44113,2275500030.517578
2011-06-02 15:36:00,1.44117,1.44127,1.44104,1.44109,2553099975.5859375
2011-06-02 15:37:00,1.44107,1.44134,1.44106,1.44133,1820700073.2421875
2011-06-02 15:38:00,1.44138,1.44147,1.44116,1.44116,2185299987.7929688
2011-06-02 15:39:00,1.44116,1.44116,1.44084,1.44093,2287599945.0683594
2011-06-02 15:40:00,1.44096,1.44109,1.4405,1.44063,2858399963.3789062
2011-06-02 15:41:00,1.44069,1.44161,1.44069,1.4416,2802799987.7929688
2011-06-02 15:42:00,1.4416,1.44172,1.4415,1.44162,2129299926.7578125
2011-06-02 15:43:00,1.44162,1.44162,1.44125,1.44151,1914900054.9316406
2011-06-02 15:44:00,1.44151,1.44211,1.44151,1.442,2421799926.7578125
2011-06-02 15:45:00,1.44202,1.44217,1.4417,1.4417,2085700073.2421875
2011-06-02 15:46:00,1.4417,1.44193,1.44161,1.44173,1979600067.1386719
2011-06-02 15:47:00,1.44175,1.44188,1.4409,1.4409,2776000061.0351562
2011-06-02 15:48:00,1.4409,1.44093,1.44074,1.44084,1958999938.9648438
2011-06-02 15:49:00,1.44084,1.4415,1.44072,1.4415,2571900024.4140625
2011-06-02 15:50:00,1.44151,1.44176,1.44144,1.44164,2204299926.7578125
2011-06-02 15:51:00,1.44165,1.44166,1.4413,1.44152,1886300048.828125
2011-06-02 15:52:00,1.44154,1.44206,1.44142,1.44185,2705299987.7929688
2011-06-02 15:53:00,1.44186,1.44202,1.4418,1.4418,1479100036.6210938
2011-06-02 15:54:00,1.44179,1.44201,1.44172,1.44193,1732500000.0
2011-06-02 15:55:00,1.4419,1.44251,1.44175,1.44245,2332899932.861328
2011-06-02 15:56:00,1.44249,1.44259,1.44234,1.44242,1566399993.8964844
2011-06-02 15:57:00,1.44242,1.44261,1.44239,1.44243,1579499969.4824219
2011-06-02 15:58:00,1.44245,1.44268,1.44233,1.44266,1866000061.0351562
2011-06-02 15:59:00,1.44266,1.44291,1.44239,1.44241,2276999969.482422
2011-06-02 16:00:00,1.44242,1.44259,1.44225,1.44225,2458699951.171875
2011-06-02 16:01:00,1.44223,1.44242,1.44219,1.44235,2207299957.2753906
2011-06-02 16:02:00,1.44235,1.4427,1.44224,1.4427,1725800018.3105469
2011-06-02 16:03:00,1.44272,1.44281,1.44258,1.44259,1630500030.5175781
2011-06-02 16:04:00,1.44259,1.44281,1.44229,1.44279,2425500030.517578
2011-06-02 16:05:00,1.44279,1.44288,1.44262,1.44262,1694299926.7578125
2011-06-02 16:06:00,1.44261,1.44281,1.44254,1.44266,2436900024.4140625
2011-06-02 16:07:00,1.44266,1.44275,1.44246,1.44253,1663399963.3789062
2011-06-02 16:08:00,1.44253,1.4427,1.44251,1.4427,1293000030.5175781
2011-06-02 16:09:00,1.4427,1.4427,1.44243,1.44251,1744499969.4824219
2011-06-02 16:10:00,1.44252,1.4427,1.4425,1.44254,1768500061.0351562
2011-06-02 16:11:00,1.44259,1.44284,1.44252,1.4427,1553399963.3789062
2011-06-02 16:12:00,1.4427,1.44288,1.44248,1.44248,1615500030.5175781
2011-06-02 16:13:00,1.4425,1.44254,1.44239,1.44246,1681499938.9648438
2011-06-02 16:14:00,1.44245,1.44288,1.44242,1.44287,1577700042.7246094
2011-06-02 16:15:00,1.44288,1.44333,1.44288,1.44306,2234799957.2753906
2011-06-02 16:16:00,1.44308,1.44393,1.44308,1.4437,2515700073.2421875
2011-06-02 16:17:00,1.4437,1.44418,1.44361,1.44373,2488200073.2421875
2011-06-02 16:18:00,1.44372,1.44387,1.44361,1.44387,2130099945.0683594
2011-06-02 16:19:00,1.44387,1.4441,1.44374,1.44398,2248899993.8964844
2011-06-02 16:20:00,1.44399,1.44442,1.44378,1.44438,2622500000.0
2011-06-02 16:21:00,1.44438,1.44438,1.44412,1.4442,1929799957.2753906
2011-06-02 16:22:00,1.44418,1.44436,1.44402,1.44434,1456600036.6210938
2011-06-02 16:23:00,1.44433,1.44433,1.44389,1.44389,1729100036.6210938
2011-06-02 16:24:00,1.44383,1.44402,1.44381,1.44386,1158000030.5175781
2011-06-02 16:25:00,1.44385,1.44396,1.44375,1.44379,1355399932.8613281
2011-06-02 16:26:00,1.44379,1.44401,1.44361,1.4438,1929199981.6894531
2011-06-02 16:27:00,1.44377,1.44385,1.44365,1.44368,1178300018.3105469
2011-06-02 16:28:00,1.44368,1.4439,1.44365,1.44388,1618999938.9648438
2011-06-02 16:29:00,1.4439,1.44399,1.44373,1.44383,1785800018.3105469
2011-06-02 16:30:00,1.44383,1.44391,1.44344,1.4436,2054299926.7578125
2011-06-02 16:31:00,1.4436,1.4437,1.44353,1.44354,1267600021.3623047
2011-06-02 16:32:00,1.44354,1.44369,1.4435,1.44351,1283600006.1035156
2011-06-02 16:33:00,1.4435,1.44361,1.44317,1.44322,1688300018.3105469
2011-06-02 16:34:00,1.44322,1.44341,1.44316,1.44332,1575099945.0683594
2011-06-02 16:35:00,1.44338,1.44362,1.44333,1.44354,1204300003.0517578
2011-06-02 16:36:00,1.44353,1.44354,1.44346,1.44351,636100006.1035156
2011-06-02 16:37:00,1.44351,1.44351,1.4428,1.4428,1753800048.828125
2011-06-02 16:38:00,1.44283,1.44299,1.4428,1.44293,1492200012.2070312
2011-06-02 16:39:00,1.44295,1.44329,1.44295,1.4432,1866900024.4140625
2011-06-02 16:40:00,1.4432,1.4432,1.44288,1.44291,889000015.2587891
2011-06-02 16:41:00,1.4429,1.44317,1.44269,1.44314,2075399932.8613281
2011-06-02 16:42:00,1.44316,1.44335,1.44316,1.44332,442500000.0
2011-06-02 16:43:00,1.44332,1.4438,1.44332,1.44372,1950800018.3105469
2011-06-02 16:44:00,1.44372,1.44552,1.4437,1.44529,5139099731.4453125
2011-06-02 16:45:00,1.44531,1.44589,1.44531,1.44557,3342200012.2070312
2011-06-02 16:46:00,1.44558,1.44562,1.44518,1.44529,2621000061.0351562
2011-06-02 16:47:00,1.44532,1.44668,1.44531,1.44664,4371099853.515625
2011-06-02 16:48:00,1.44664,1.44664,1.44611,1.44634,2765799865.7226562
2011-06-02 16:49:00,1.44639,1.44719,1.44632,1.44719,3168900146.484375
2011-06-02 16:50:00,1.44719,1.44808,1.44713,1.44774,3884200134.2773438
2011-06-02 16:51:00,1.44773,1.44773,1.44706,1.44729,2472100067.138672
2011-06-02 16:52:00,1.44725,1.44758,1.44707,1.44712,3159899902.34375
2011-06-02 16:53:00,1.44712,1.44721,1.44699,1.44708,2749400024.4140625
2011-06-02 16:54:00,1.44708,1.44717,1.44681,1.44717,3197999877.9296875
2011-06-02 16:55:00,1.44717,1.44718,1.4469,1.4469,1787400054.9316406
2011-06-02 16:56:00,1.44693,1.44699,1.44673,1.44674,3030599975.5859375
2011-06-02 16:57:00,1.44675,1.44675,1.44641,1.44648,2179199981.689453
2011-06-02 16:58:00,1.44648,1.44733,1.44648,1.4469,3096400146.484375
2011-06-02 16:59:00,1.44691,1.44701,1.44661,1.44666,3041300048.828125
2011-06-02 17:00:00,1.44666,1.44782,1.44666,1.44759,2577600097.65625
2011-06-02 17:01:00,1.44763,1.4481,1.44762,1.44769,2448899993.8964844
2011-06-02 17:02:00,1.44771,1.44793,1.4475,1.44792,2655000000.0
2011-06-02 17:03:00,1.44793,1.44812,1.4476,1.44781,2746600036.6210938
2011-06-02 17:04:00,1.44783,1.44816,1.44768,1.44793,1995200042.7246094
2011-06-02 17:05:00,1.44794,1.44868,1.44783,1.44814,2578599853.515625
2011-06-02 17:06:00,1.44815,1.44851,1.44815,1.44843,3343200073.2421875
2011-06-02 17:07:00,1.44846,1.44869,1.44834,1.44836,3911300048.828125
2011-06-02 17:08:00,1.44834,1.44834,1.44786,1.4479,2319700012.2070312
2011-06-02 17:09:00,1.44789,1.44832,1.44789,1.44811,1931300048.828125
2011-06-02 17:10:00,1.44812,1.4482,1.44798,1.44819,1803099975.5859375
2011-06-02 17:11:00,1.44821,1.44825,1.44802,1.44813,1055299987.7929688
2011-06-02 17:12:00,1.44814,1.44849,1.44814,1.44816,2265399932.861328
2011-06-02 17:13:00,1.44815,1.44815,1.44753,1.44755,3117999877.9296875
2011-06-02 17:14:00,1.44755,1.44837,1.44755,1.44832,2104499969.4824219
2011-06-02 17:15:00,1.44827,1.44871,1.44821,1.44868,2557599945.0683594
2011-06-02 17:16:00,1.44868,1.44888,1.44829,1.44839,3069299926.7578125
2011-06-02 17:17:00,1.44841,1.44883,1.4484,1.44861,1959700012.2070312
2011-06-02 17:18:00,1.4486,1.44881,1.44838,1.44866,2258000030.517578
2011-06-02 17:19:00,1.44867,1.44887,1.44851,1.44883,2626000061.0351562
2011-06-02 17:20:00,1.44881,1.4489,1.44876,1.44878,1651600036.6210938
2011-06-02 17:21:00,1.44878,1.44878,1.44851,1.44861,1371000061.0351562
2011-06-02 17:22:00,1.44857,1.44887,1.44851,1.44862,1760200042.7246094
2011-06-02 17:23:00,1.44861,1.44872,1.44841,1.44852,1897799987.7929688
2011-06-02 17:24:00,1.4485,1.44874,1.44838,1.44846,2041600036.6210938
2011-06-02 17:25:00,1.44847,1.44901,1.44841,1.44895,2287700042.7246094
2011-06-02 17:26:00,1.44893,1.44893,1.44842,1.44849,1956100006.1035156
2011-06-02 17:27:00,1.44855,1.44879,1.44849,1.44876,2034799957.2753906
2011-06-02 17:28:00,1.44876,1.44901,1.44863,1.449,1942100067.1386719
2011-06-02 17:29:00,1.44899,1.44901,1.44862,1.44882,2567099914.5507812
2011-06-02 17:30:00,1.44883,1.44892,1.44837,1.44873,2993800048.828125
2011-06-02 17:31:00,1.44872,1.45038,1.44871,1.45038,4029400024.4140625
2011-06-02 17:32:00,1.45039,1.45119,1.45038,1.4509,4888699951.171875
2011-06-02 17:33:00,1.45089,1.45089,1.45041,1.45041,2596300048.828125
2011-06-02 17:34:00,1.45041,1.45073,1.45041,1.45046,3153699951.171875
2011-06-02 17:35:00,1.45046,1.45051,1.45004,1.45009,1956999969.4824219
2011-06-02 17:36:00,1.45008,1.45028,1.44995,1.45028,1840700073.2421875
2011-06-02 17:37:00,1.45032,1.4504,1.44999,1.45013,2202200012.2070312
2011-06-02 17:38:00,1.45012,1.45013,1.4497,1.4497,2070200042.7246094
2011-06-02 17:39:00,1.44969,1.44977,1.44949,1.44959,2726400146.484375
2011-06-02 17:40:00,1.44957,1.44994,1.44957,1.44985,1269000015.258789
2011-06-02 17:41:00,1.44985,1.44999,1.4497,1.44991,1656799926.7578125
2011-06-02 17:42:00,1.44992,1.45028,1.44992,1.45002,953600006.1035156
2011-06-02 17:43:00,1.45004,1.45031,1.44989,1.45031,1806199951.171875
2011-06-02 17:44:00,1.45031,1.45037,1.45019,1.45022,1164000015.258789
2011-06-02 17:45:00,1.45023,1.45023,1.44982,1.44982,1316999969.4824219
2011-06-02 17:46:00,1.44982,1.45015,1.44982,1.4501,1242799987.7929688
2011-06-02 17:47:00,1.45009,1.45009,1.4496,1.44961,2156199951.171875
2011-06-02 17:48:00,1.44961,1.44968,1.4493,1.44934,1740899963.3789062
2011-06-02 17:49:00,1.44935,1.44935,1.44918,1.44922,1887400054.9316406
2011-06-02 17:50:00,1.44919,1.44925,1.44893,1.44896,1595800018.3105469
2011-06-02 17:51:00,1.44895,1.44909,1.44892,1.44903,1997500000.0
2011-06-02 17:52:00,1.44903,1.4492,1.44891,1.4492,1939799957.2753906
2011-06-02 17:53:00,1.44919,1.44931,1.4491,1.4491,1367899932.8613281
2011-06-02 17:54:00,1.44912,1.44929,1.44901,1.44909,1818000030.5175781
2011-06-02 17:55:00,1.44905,1.44939,1.44899,1.44939,1279499969.4824219
2011-06-02 17:56:00,1.4494,1.44999,1.4494,1.44994,1676000061.0351562
2011-06-02 17:57:00,1.44995,1.4502,1.44983,1.45003,1498500061.0351562
2011-06-02 17:58:00,1.45004,1.45037,1.45001,1.45001,2354799957.2753906
2011-06-02 17:59:00,1.45001,1.45009,1.44984,1.44998,1733399963.3789062
2011-06-02 18:00:00,1.44999,1.44999,1.44968,1.44969,2422599945.0683594
2011-06-02 18:01:00,1.44969,1.45039,1.44969,1.4501,1724299926.7578125
2011-06-02 18:02:00,1.45008,1.45018,1.44992,1.44992,1351499938.9648438
2011-06-02 18:03:00,1.44992,1.45004,1.44978,1.44994,1517299957.2753906
2011-06-02 18:04:00,1.44995,1.45002,1.44982,1.44983,1280299987.7929688
2011-06-02 18:05:00,1.44984,1.44996,1.44954,1.44959,1442599945.0683594
2011-06-02 18:06:00,1.44961,1.44973,1.44953,1.44954,1026600036.6210938
2011-06-02 18:07:00,1.44952,1.44952,1.44926,1.44941,1608200073.2421875
2011-06-02 18:08:00,1.4494,1.44944,1.4493,1.44933,1318600006.1035156
2011-06-02 18:09:00,1.44932,1.44933,1.44922,1.44927,991800003.0517578
2011-06-02 18:10:00,1.44928,1.4496,1.44928,1.44958,1408800048.828125
2011-06-02 18:11:00,1.44958,1.44966,1.44942,1.44961,1706300048.828125
2011-06-02 18:12:00,1.4496,1.44973,1.44951,1.44973,1024100036.6210938
2011-06-02 18:13:00,1.44973,1.44987,1.44973,1.44987,500999984.74121094
2011-06-02 18:14:00,1.44986,1.45001,1.44978,1.44978,1466499938.9648438
2011-06-02 18:15:00,1.44978,1.44999,1.44978,1.44999,1035000000.0
2011-06-02 18:16:00,1.45001,1.4501,1.44949,1.44949,2120700073.2421875
2011-06-02 18:17:00,1.44948,1.44948,1.44719,1.44719,4864200134.277344
2011-06-02 18:18:00,1.44718,1.44718,1.44621,1.44665,3462099914.5507812
2011-06-02 18:19:00,1.44661,1.44712,1.4464,1.4464,2632600097.65625
2011-06-02 18:20:00,1.4464,1.4464,1.44567,1.44626,3531700134.2773438
2011-06-02 18:21:00,1.44626,1.44653,1.44598,1.4465,2598599853.515625
2011-06-02 18:22:00,1.44647,1.44666,1.44628,1.4463,1923500061.0351562
2011-06-02 18:23:00,1.44633,1.44663,1.44633,1.44641,1809400024.4140625
2011-06-02 18:24:00,1.44646,1.44647,1.44595,1.44619,2106600036.6210938
2011-06-02 18:25:00,1.44612,1.44664,1.4458,1.44664,2774700012.2070312
2011-06-02 18:26:00,1.44664,1.4469,1.44642,1.44645,2058800048.828125
2011-06-02 18:27:00,1.44645,1.44679,1.44641,1.44679,2077799987.7929688
2011-06-02 18:28:00,1.44678,1.4469,1.44671,1.4468,1130999984.741211
2011-06-02 18:29:00,1.44681,1.44691,1.44635,1.44671,2003300018.3105469
2011-06-02 18:30:00,1.44673,1.44674,1.44642,1.44661,1323800048.828125
2011-06-02 18:31:00,1.44661,1.44661,1.44631,1.4465,1079700012.2070312
2011-06-02 18:32:00,1.44652,1.44725,1.44652,1.44721,1653399963.3789062
2011-06-02 18:33:00,1.4472,1.44733,1.44706,1.44729,2769800109.8632812
2011-06-02 18:34:00,1.44731,1.44734,1.44717,1.44731,1601300048.828125
2011-06-02 18:35:00,1.44729,1.44746,1.44722,1.44746,1613300018.3105469
2011-06-02 18:36:00,1.44747,1.44777,1.44742,1.44747,2489299926.7578125
2011-06-02 18:37:00,1.44747,1.44747,1.44705,1.44709,1798699951.171875
2011-06-02 18:38:00,1.44711,1.4472,1.44709,1.44712,974100036.6210938
2011-06-02 18:39:00,1.44712,1.44725,1.44703,1.44713,1937299957.2753906
2011-06-02 18:40:00,1.44715,1.44782,1.44709,1.44779,2133099975.5859375
2011-06-02 18:41:00,1.4478,1.44783,1.44747,1.44752,1848899993.8964844
2011-06-02 18:42:00,1.44754,1.44762,1.4473,1.44733,685000000.0
2011-06-02 18:43:00,1.44733,1.44761,1.4473,1.44755,1545099945.0683594
2011-06-02 18:44:00,1.44754,1.44759,1.44735,1.4474,1151299972.5341797
2011-06-02 18:45:00,1.44739,1.44739,1.44697,1.44713,1753699951.171875
2011-06-02 18:46:00,1.44715,1.44726,1.44706,1.44711,1189000015.258789
2011-06-02 18:47:00,1.44711,1.44757,1.44707,1.44751,1628699951.171875
2011-06-02 18:48:00,1.44751,1.44772,1.44738,1.44772,1203799972.5341797
2011-06-02 18:49:00,1.44772,1.44779,1.44753,1.44769,1211399993.8964844
2011-06-02 18:50:00,1.44771,1.44791,1.44759,1.44782,2144299926.7578125
2011-06-02 18:51:00,1.44783,1.44795,1.4477,1.44777,1309499969.4824219
2011-06-02 18:52:00,1.44777,1.44785,1.44775,1.44781,898499984.7412109
2011-06-02 18:53:00,1.44779,1.44791,1.44766,1.44789,1158000030.5175781
2011-06-02 18:54:00,1.44785,1.44789,1.4478,1.44789,774100036.6210938
2011-06-02 18:55:00,1.44787,1.44794,1.44771,1.44771,1115999984.741211
2011-06-02 18:56:00,1.44771,1.44781,1.44771,1.44773,442500000.0
2011-06-02 18:57:00,1.44773,1.44806,1.44773,1.44804,1296900024.4140625
2011-06-02 18:58:00,1.44801,1.44828,1.44799,1.44805,1750099945.0683594
2011-06-02 18:59:00,1.44805,1.44834,1.44799,1.44834,1273600006.1035156
2011-06-02 19:00:00,1.44834,1.4485,1.44831,1.44842,1465500030.5175781
2011-06-02 19:01:00,1.4484,1.4484,1.44813,1.44822,1299799957.2753906
2011-06-02 19:02:00,1.44824,1.44824,1.44773,1.44791,2004799957.2753906
2011-06-02 19:03:00,1.44791,1.44795,1.44781,1.44793,1404100036.6210938
2011-06-02 19:04:00,1.44793,1.44835,1.44791,1.44821,927099990.8447266
2011-06-02 19:05:00,1.44821,1.44838,1.44811,1.44837,1158499984.741211
2011-06-02 19:06:00,1.44835,1.44841,1.44831,1.44837,1593899993.8964844
2011-06-02 19:07:00,1.44836,1.44837,1.44809,1.44821,1168499984.741211
2011-06-02 19:08:00,1.4482,1.44822,1.44811,1.44821,594799995.4223633
2011-06-02 19:09:00,1.4482,1.4482,1.44768,1.44772,1513500061.0351562
2011-06-02 19:10:00,1.44778,1.44779,1.44767,1.44775,907500000.0
2011-06-02 19:11:00,1.44774,1.44813,1.44774,1.44803,1177500000.0
2011-06-02 19:12:00,1.44803,1.44836,1.44803,1.44813,1273499984.741211
2011-06-02 19:13:00,1.44812,1.44812,1.44789,1.44801,838499984.7412109
2011-06-02 19:14:00,1.44799,1.44804,1.44789,1.44796,679499969.4824219
2011-06-02 19:15:00,1.44795,1.44803,1.44792,1.44801,380999984.74121094
2011-06-02 19:16:00,1.44801,1.44819,1.4479,1.4479,1103399963.3789062
2011-06-02 19:17:00,1.44794,1.44794,1.44789,1.4479,660000000.0
2011-06-02 19:18:00,1.44791,1.44805,1.44791,1.44802,627000007.6293945
2011-06-02 19:19:00,1.44801,1.44801,1.44761,1.44762,1127300033.569336
2011-06-02 19:20:00,1.44762,1.44792,1.4476,1.44782,806999969.4824219
2011-06-02 19:21:00,1.44781,1.44813,1.44781,1.44809,1325299987.7929688
2011-06-02 19:22:00,1.4481,1.4481,1.44791,1.44795,815299987.7929688
2011-06-02 19:23:00,1.44797,1.44801,1.44797,1.448,382500000.0
2011-06-02 19:24:00,1.44799,1.44814,1.44791,1.44812,845999984.7412109
2011-06-02 19:25:00,1.44811,1.44811,1.44789,1.44791,1275800018.3105469
2011-06-02 19:26:00,1.44792,1.44812,1.44792,1.44802,600000000.0
2011-06-02 19:27:00,1.44802,1.44802,1.44792,1.44796,630000000.0
2011-06-02 19:28:00,1.44797,1.44808,1.44797,1.44808,547500000.0
2011-06-02 19:29:00,1.44809,1.44818,1.44799,1.448,1491799926.7578125
2011-06-02 19:30:00,1.44802,1.44826,1.44802,1.4481,2218000030.517578
2011-06-02 19:31:00,1.4481,1.44821,1.44807,1.4482,463499984.74121094
2011-06-02 19:32:00,1.4482,1.4482,1.44799,1.44802,1258499984.741211
2011-06-02 19:33:00,1.44802,1.44815,1.44795,1.4481,1807100067.1386719
2011-06-02 19:34:00,1.44807,1.44812,1.448,1.44812,884300003.0517578
2011-06-02 19:35:00,1.44815,1.44825,1.44811,1.44821,1091999969.4824219
2011-06-02 19:36:00,1.44821,1.44831,1.44807,1.44821,853799972.5341797
2011-06-02 19:37:00,1.44821,1.44821,1.44812,1.44813,855400009.1552734
2011-06-02 19:38:00,1.44813,1.44841,1.44811,1.44841,1024499969.4824219
2011-06-02 19:39:00,1.4484,1.44841,1.4482,1.44823,803300018.3105469
2011-06-02 19:40:00,1.44823,1.44842,1.44821,1.44842,942099990.8447266
2011-06-02 19:41:00,1.44843,1.4485,1.44822,1.44823,556599998.4741211
2011-06-02 19:42:00,1.44824,1.44853,1.44823,1.44851,1062099990.8447266
2011-06-02 19:43:00,1.4485,1.44853,1.44839,1.44839,1126500015.258789
2011-06-02 19:44:00,1.4484,1.44845,1.44832,1.44841,778499984.7412109
2011-06-02 19:45:00,1.44844,1.44853,1.44834,1.4485,762799987.7929688
2011-06-02 19:46:00,1.4485,1.44853,1.44839,1.44849,1110000000.0
2011-06-02 19:47:00,1.44849,1.44854,1.44849,1.44853,485999984.74121094
2011-06-02 19:48:00,1.44852,1.44855,1.44848,1.44855,445499992.37060547
2011-06-02 19:49:00,1.44853,1.44855,1.44835,1.4485,1001999969.4824219
2011-06-02 19:50:00,1.44852,1.44852,1.44829,1.44829,1131900024.4140625
2011-06-02 19:51:00,1.44829,1.44834,1.44826,1.44829,555800018.3105469
2011-06-02 19:52:00,1.44829,1.4483,1.44817,1.44829,1270500030.5175781
2011-06-02 19:53:00,1.44831,1.44834,1.44812,1.44817,1360500030.5175781
2011-06-02 19:54:00,1.44818,1.44831,1.44811,1.44831,768899993.8964844
2011-06-02 19:55:00,1.44829,1.44836,1.44821,1.44834,1447500000.0
2011-06-02 19:56:00,1.44834,1.44856,1.44834,1.44856,1427200012.2070312
2011-06-02 19:57:00,1.44855,1.44861,1.44852,1.44854,499500007.62939453
2011-06-02 19:58:00,1.44854,1.44887,1.44849,1.44887,1353500061.0351562
2011-06-02 19:59:00,1.44889,1.44909,1.44888,1.44893,1977500000.0
2011-06-02 20:00:00,1.44894,1.44939,1.4489,1.44923,2020700073.2421875
2011-06-02 20:01:00,1.4492,1.44937,1.44913,1.44935,1525700073.2421875
2011-06-02 20:02:00,1.44937,1.44937,1.44922,1.44922,1286499938.9648438
2011-06-02 20:03:00,1.44921,1.44939,1.44914,1.44939,1329100036.6210938
2011-06-02 20:04:00,1.44939,1.44939,1.44925,1.4493,783099975.5859375
2011-06-02 20:05:00,1.4493,1.4493,1.44918,1.44928,1023799972.5341797
2011-06-02 20:06:00,1.44927,1.44935,1.44924,1.44927,1245000000.0
2011-06-02 20:07:00,1.44926,1.44927,1.44912,1.44912,772500000.0
2011-06-02 20:08:00,1.44911,1.44911,1.44896,1.44897,547500000.0
2011-06-02 20:09:00,1.44897,1.44903,1.44897,1.44902,325499992.37060547
2011-06-02 20:10:00,1.44901,1.44902,1.44885,1.44885,711299972.5341797
2011-06-02 20:11:00,1.44885,1.44887,1.44879,1.44887,630299987.7929688
2011-06-02 20:12:00,1.44887,1.44922,1.44887,1.44922,591100006.1035156
2011-06-02 20:13:00,1.44922,1.44948,1.44922,1.44946,1380599975.5859375
2011-06-02 20:14:00,1.44946,1.44955,1.44936,1.44943,1132500000.0
2011-06-02 20:15:00,1.44943,1.44951,1.44934,1.44939,634900016.784668
2011-06-02 20:16:00,1.44937,1.44961,1.44937,1.44955,878000030.5175781
2011-06-02 20:17:00,1.44954,1.44969,1.44949,1.44949,1359600067.1386719
2011-06-02 20:18:00,1.44951,1.44952,1.44948,1.44948,352500000.0
2011-06-02 20:19:00,1.44946,1.44946,1.44919,1.44919,1436699981.6894531
2011-06-02 20:20:00,1.44921,1.44933,1.44917,1.44933,1128600006.1035156
2011-06-02 20:21:00,1.44934,1.44938,1.44921,1.44936,1519199981.6894531
2011-06-02 20:22:00,1.44936,1.44945,1.44926,1.44929,1189899978.6376953
2011-06-02 20:23:00,1.44929,1.44929,1.44909,1.44909,1894700012.2070312
2011-06-02 20:24:00,1.44911,1.44922,1.44894,1.44902,1833800048.828125
2011-06-02 20:25:00,1.44902,1.44912,1.44897,1.44906,1268300018.3105469
2011-06-02 20:26:00,1.44907,1.44923,1.44907,1.44909,1643800048.828125
2011-06-02 20:27:00,1.44908,1.44928,1.44905,1.44924,1192500000.0
2011-06-02 20:28:00,1.44921,1.44922,1.44913,1.44921,926699981.6894531
2011-06-02 20:29:00,1.44922,1.44922,1.44909,1.44911,660000000.0
2011-06-02 20:30:00,1.4491,1.44922,1.44907,1.44917,649700012.2070312
2011-06-02 20:31:00,1.44918,1.44926,1.44917,1.44919,433600006.1035156
2011-06-02 20:32:00,1.44919,1.44924,1.44905,1.44907,1009599990.8447266
2011-06-02 20:33:00,1.44907,1.44931,1.44907,1.44929,707300033.5693359
2011-06-02 20:34:00,1.44927,1.44939,1.44925,1.44937,996100006.1035156
2011-06-02 20:35:00,1.44937,1.44954,1.44931,1.44954,1048199996.9482422
2011-06-02 20:36:00,1.44953,1.44954,1.44946,1.44946,487500000.0
2011-06-02 20:37:00,1.44947,1.44947,1.44937,1.44939,209400005.34057617
2011-06-02 20:38:00,1.4494,1.44948,1.44928,1.44928,1106299972.5341797
2011-06-02 20:39:00,1.4493,1.44937,1.44917,1.44917,585000000.0
2011-06-02 20:40:00,1.44917,1.44939,1.44917,1.44935,648000030.5175781
2011-06-02 20:41:00,1.44935,1.4494,1.44931,1.44935,348899993.8964844
2011-06-02 20:42:00,1.44935,1.44938,1.44932,1.44936,180000000.0
2011-06-02 20:43:00,1.44936,1.44936,1.44929,1.44929,157500000.0
2011-06-02 20:44:00,1.44934,1.44938,1.44922,1.44929,291900005.3405762
2011-06-02 20:45:00,1.44929,1.44935,1.44925,1.44935,496500015.25878906
2011-06-02 20:46:00,1.44935,1.44938,1.4493,1.44933,563300018.3105469
2011-06-02 20:47:00,1.44933,1.44937,1.44923,1.44924,342799987.79296875
2011-06-02 20:48:00,1.44924,1.4493,1.44923,1.44925,1171399993.8964844
2011-06-02 20:49:00,1.44922,1.44925,1.44915,1.44925,342400016.78466797
2011-06-02 20:50:00,1.44925,1.44928,1.44919,1.44919,573300018.3105469
2011-06-02 20:51:00,1.44919,1.44922,1.44902,1.44908,822099990.8447266
2011-06-02 20:52:00,1.44906,1.44918,1.44906,1.44911,378800010.68115234
2011-06-02 20:53:00,1.44912,1.44928,1.44908,1.44919,297199993.1335449
2011-06-02 20:54:00,1.44919,1.44923,1.44899,1.44903,634599990.8447266
2011-06-02 20:55:00,1.44903,1.44903,1.44872,1.44877,850199966.4306641
2011-06-02 20:56:00,1.44878,1.44882,1.44856,1.44858,1021500015.2587891
2011-06-02 20:57:00,1.44856,1.4488,1.44854,1.4488,731200027.4658203
2011-06-02 20:58:00,1.44874,1.4491,1.44874,1.44885,1238499984.741211
2011-06-02 20:59:00,1.44885,1.44911,1.44885,1.44888,1131100006.1035156
2011-06-02 21:00:00,1.4489,1.44912,1.44882,1.44882,1095000000.0
2011-06-02 21:01:00,1.44889,1.44909,1.44889,1.44899,1890000000.0
2011-06-02 21:02:00,1.44909,1.44919,1.44909,1.44919,907500000.0
2011-06-02 21:03:00,1.44919,1.44919,1.44908,1.44919,202500000.0
2011-06-02 21:04:00,1.44919,1.44948,1.44909,1.44948,1585500030.5175781
2011-06-02 21:05:00,1.44948,1.44958,1.44942,1.44953,306900005.3405762
2011-06-02 21:06:00,1.44957,1.44957,1.44914,1.44914,672099990.8447266
2011-06-02 21:07:00,1.44917,1.44928,1.44917,1.44928,56999998.09265137
2011-06-02 21:08:00,1.44928,1.44928,1.44919,1.44919,48000001.90734863
2011-06-02 21:09:00,1.44913,1.44913,1.44904,1.44904,109499998.09265137
2011-06-02 21:10:00,1.44905,1.44905,1.44874,1.44888,464300003.0517578
2011-06-02 21:11:00,1.44885,1.44885,1.44872,1.44874,207800006.86645508
2011-06-02 21:12:00,1.44874,1.44896,1.44874,1.44896,262500000.0
2011-06-02 21:13:00,1.44896,1.44905,1.44896,1.44905,223500003.81469727
2011-06-02 21:14:00,1.44909,1.44923,1.44905,1.44909,433499984.74121094
2011-06-02 21:15:00,1.44909,1.44911,1.44909,1.44909,165000000.0
2011-06-02 21:16:00,1.44909,1.44909,1.4489,1.44899,292500000.0
2011-06-02 21:17:00,1.449,1.449,1.44882,1.44894,586699981.6894531
2011-06-02 21:18:00,1.44895,1.44907,1.44889,1.44893,604500007.6293945
2011-06-02 21:19:00,1.44894,1.44897,1.44885,1.44885,399000015.25878906
2011-06-02 21:20:00,1.44885,1.44885,1.4486,1.44876,649499969.4824219
2011-06-02 21:21:00,1.44878,1.44899,1.44878,1.44895,367500000.0
2011-06-02 21:22:00,1.44897,1.44897,1.44889,1.4489,262500000.0
2011-06-02 21:23:00,1.44892,1.44894,1.44892,1.44894,30000000.0
2011-06-02 21:24:00,1.44894,1.44894,1.44894,1.44894,15000000.0
2011-06-02 21:25:00,1.44894,1.44896,1.4489,1.44891,98999996.18530273
2011-06-02 21:26:00,1.44889,1.44889,1.44878,1.44889,403499984.74121094
2011-06-02 21:27:00,1.44889,1.44889,1.44889,1.44889,98999996.18530273
2011-06-02 21:28:00,1.44889,1.44889,1.44864,1.44864,472500000.0
2011-06-02 21:29:00,1.44861,1.44861,1.44853,1.44853,160499992.37060547
2011-06-02 21:30:00,1.44853,1.44882,1.44853,1.44879,350999984.74121094
2011-06-02 21:31:00,1.44879,1.44879,1.44863,1.44875,344300003.0517578
2011-06-02 21:32:00,1.44875,1.4488,1.44867,1.4488,363800010.68115234
2011-06-02 21:33:00,1.4488,1.4488,1.4487,1.44874,220499992.37060547
2011-06-02 21:34:00,1.44874,1.44874,1.44869,1.44869,157500000.0
2011-06-02 21:35:00,1.44871,1.44883,1.44871,1.44883,286499996.18530273
2011-06-02 21:36:00,1.4489,1.4489,1.44879,1.44888,256499996.18530273
2011-06-02 21:37:00,1.4489,1.44899,1.44884,1.44889,905999984.7412109
2011-06-02 21:38:00,1.44891,1.44915,1.44891,1.4491,455999984.74121094
2011-06-02 21:39:00,1.4491,1.44916,1.44907,1.44908,270000000.0
2011-06-02 21:40:00,1.44909,1.44911,1.44909,1.44911,165000000.0
2011-06-02 21:41:00,1.44911,1.44912,1.44911,1.44911,75000000.0
2011-06-02 21:42:00,1.44912,1.44921,1.44902,1.44913,403499984.74121094
2011-06-02 21:43:00,1.44913,1.44913,1.44913,1.44913,15000000.0
2011-06-02 21:44:00,1.44913,1.44913,1.44913,1.44913,60000000.0
2011-06-02 21:45:00,1.44913,1.44913,1.44913,1.44913,52500000.0
2011-06-02 21:46:00,1.44913,1.44913,1.44907,1.44907,105000000.0
2011-06-02 21:47:00,1.44907,1.44909,1.44907,1.44908,127500000.0
2011-06-02 21:48:00,1.44908,1.44908,1.44908,1.44908,22500000.0
2011-06-02 21:49:00,1.44908,1.44908,1.44907,1.44908,127500000.0
2011-06-02 21:50:00,1.44907,1.44907,1.44907,1.44907,52500000.0
2011-06-02 21:51:00,1.44907,1.44907,1.44897,1.44897,232500000.0
2011-06-02 21:52:00,1.44898,1.4491,1.44897,1.44908,371300010.68115234
2011-06-02 21:53:00,1.44908,1.44909,1.44898,1.44902,300100002.28881836
2011-06-02 21:54:00,1.44903,1.44907,1.44902,1.44902,127500000.0
2011-06-02 21:55:00,1.44902,1.44902,1.44893,1.44894,120100002.28881836
2011-06-02 21:56:00,1.44893,1.44901,1.44883,1.44901,266299991.60766602
2011-06-02 21:57:00,1.44902,1.44927,1.449,1.44921,753799972.5341797
2011-06-02 21:58:00,1.44921,1.44922,1.44906,1.44907,523699989.31884766
2011-06-02 21:59:00,1.44907,1.44907,1.44906,1.44906,75000000.0
2011-06-02 22:00:00,1.44908,1.44912,1.44895,1.44904,1002099990.8447266
2011-06-02 22:01:00,1.44904,1.44905,1.44898,1.44898,375000000.0
2011-06-02 22:02:00,1.44897,1.44897,1.44881,1.44889,432099990.84472656
2011-06-02 22:03:00,1.44889,1.44894,1.44888,1.44893,202500000.0
2011-06-02 22:04:00,1.44894,1.44901,1.4489,1.44893,423100013.73291016
2011-06-02 22:05:00,1.44891,1.44891,1.44883,1.44883,285000000.0
2011-06-02 22:06:00,1.44882,1.44893,1.44882,1.44892,330000000.0
2011-06-02 22:07:00,1.44892,1.44896,1.4489,1.4489,870000000.0
2011-06-02 22:08:00,1.4489,1.44894,1.4489,1.44893,547500000.0
2011-06-02 22:09:00,1.44893,1.44895,1.44893,1.44895,105000000.0
2011-06-02 22:10:00,1.44894,1.44894,1.44892,1.44892,120000000.0
2011-06-02 22:11:00,1.44891,1.44893,1.44891,1.44893,82500000.0
2011-06-02 22:12:00,1.44892,1.44893,1.44892,1.44893,37500000.0
2011-06-02 22:13:00,1.44891,1.44893,1.44891,1.44893,75000000.0
2011-06-02 22:14:00,1.44892,1.44892,1.44892,1.44892,15000000.0
2011-06-02 22:15:00,1.44893,1.44893,1.44892,1.44892,112500000.0
2011-06-02 22:16:00,1.44892,1.44892,1.44884,1.4489,660000000.0
2011-06-02 22:17:00,1.4489,1.44891,1.44883,1.44887,397500000.0
2011-06-02 22:18:00,1.44887,1.44891,1.44881,1.44881,446300010.68115234
2011-06-02 22:19:00,1.44881,1.44881,1.44835,1.44849,1174599990.8447266
2011-06-02 22:20:00,1.44846,1.44878,1.44835,1.44878,732500000.0
2011-06-02 22:21:00,1.44878,1.44882,1.44863,1.4488,473300018.3105469
2011-06-02 22:22:00,1.44878,1.44883,1.44878,1.44881,303799991.607666
2011-06-02 22:23:00,1.44881,1.44881,1.44859,1.44863,1082600021.3623047
2011-06-02 22:24:00,1.44862,1.44863,1.44846,1.44856,676600036.6210938
2011-06-02 22:25:00,1.44858,1.44878,1.44858,1.44862,957399978.6376953
2011-06-02 22:26:00,1.44856,1.44861,1.44848,1.44861,318899993.8964844
2011-06-02 22:27:00,1.44863,1.44868,1.44863,1.44868,101300001.14440918
2011-06-02 22:28:00,1.4487,1.44872,1.44864,1.44864,296299991.607666
2011-06-02 22:29:00,1.44864,1.44864,1.44849,1.44849,266299991.60766602
2011-06-02 22:30:00,1.44849,1.44868,1.44849,1.44868,465000000.0
2011-06-02 22:31:00,1.44867,1.44867,1.4485,1.44852,330000000.0
2011-06-02 22:32:00,1.44851,1.44852,1.44816,1.4483,585000000.0
2011-06-02 22:33:00,1.44829,1.44835,1.44825,1.44831,465000000.0
2011-06-02 22:34:00,1.4483,1.44843,1.4483,1.44837,442500000.0
2011-06-02 22:35:00,1.44837,1.44849,1.44837,1.44849,337500000.0
2011-06-02 22:36:00,1.44848,1.44848,1.44823,1.44823,258899993.89648438
2011-06-02 22:37:00,1.44824,1.44824,1.44793,1.44799,937699966.4306641
2011-06-02 22:38:00,1.44798,1.44802,1.44795,1.44797,371300010.68115234
2011-06-02 22:39:00,1.44796,1.44809,1.44796,1.44809,397500000.0
2011-06-02 22:40:00,1.44811,1.44817,1.44811,1.44815,543800010.6811523
2011-06-02 22:41:00,1.44815,1.44834,1.44815,1.44823,217500000.0
2011-06-02 22:42:00,1.44822,1.44822,1.44816,1.44816,187500000.0
2011-06-02 22:43:00,1.44814,1.44814,1.44806,1.44806,251299991.60766602
2011-06-02 22:44:00,1.44805,1.44815,1.44802,1.44807,607500000.0
2011-06-02 22:45:00,1.44807,1.44812,1.44802,1.44812,228799991.60766602
2011-06-02 22:46:00,1.44813,1.44847,1.44813,1.44844,987900009.1552734
2011-06-02 22:47:00,1.44844,1.44849,1.44823,1.44837,1129599990.8447266
2011-06-02 22:48:00,1.44837,1.44855,1.4482,1.44845,1095100021.3623047
2011-06-02 22:49:00,1.44845,1.44849,1.44822,1.44825,907600021.3623047
2011-06-02 22:50:00,1.44825,1.4485,1.4482,1.4484,908300018.3105469
2011-06-02 22:51:00,1.44838,1.44853,1.44831,1.44831,1351300048.828125
2011-06-02 22:52:00,1.4483,1.44838,1.44818,1.44818,1479799957.2753906
2011-06-02 22:53:00,1.44816,1.44827,1.448,1.44827,1516799926.7578125
2011-06-02 22:54:00,1.44824,1.44833,1.44806,1.44813,1211399993.8964844
2011-06-02 22:55:00,1.44813,1.44849,1.44809,1.44837,1114100036.6210938
2011-06-02 22:56:00,1.44834,1.44851,1.44821,1.44845,949599990.8447266
2011-06-02 22:57:00,1.44845,1.44845,1.44821,1.44838,1057500000.0
2011-06-02 22:58:00,1.4484,1.44867,1.44824,1.44847,1012600021.3623047
2011-06-02 22:59:00,1.44847,1.44856,1.44819,1.44823,1350099945.0683594
2011-06-02 23:00:00,1.44822,1.44862,1.44821,1.44843,1500299987.7929688
2011-06-02 23:01:00,1.44842,1.44857,1.44842,1.4485,522299995.4223633
2011-06-02 23:02:00,1.44852,1.44877,1.44834,1.44834,1102600021.3623047
2011-06-02 23:03:00,1.44836,1.44851,1.44792,1.44816,2286399993.8964844
2011-06-02 23:04:00,1.44812,1.44816,1.44791,1.44816,1110000000.0
2011-06-02 23:05:00,1.44814,1.44825,1.44803,1.44815,907500000.0
2011-06-02 23:06:00,1.44813,1.44814,1.44807,1.44813,307500000.0
2011-06-02 23:07:00,1.44813,1.44857,1.4481,1.4481,1733800048.828125
2011-06-02 23:08:00,1.44809,1.44849,1.44805,1.44815,1315500030.5175781
2011-06-02 23:09:00,1.44818,1.44829,1.44813,1.44815,795800018.3105469
2011-06-02 23:10:00,1.44816,1.44823,1.44815,1.44815,307500000.0
2011-06-02 23:11:00,1.44815,1.44818,1.44814,1.44817,232500000.0
2011-06-02 23:12:00,1.44818,1.44822,1.44811,1.44822,203299999.23706055
2011-06-02 23:13:00,1.44822,1.44822,1.44821,1.44821,28499999.046325684
2011-06-02 23:14:00,1.44821,1.44825,1.44815,1.44821,396800003.0517578
2011-06-02 23:15:00,1.4482,1.4482,1.44815,1.44817,315000000.0
2011-06-02 23:16:00,1.44815,1.44815,1.44813,1.44815,450000000.0
2011-06-02 23:17:00,1.44815,1.44817,1.44815,1.44817,75000000.0
2011-06-02 23:18:00,1.44814,1.44814,1.44808,1.44811,187500000.0
2011-06-02 23:19:00,1.44812,1.44815,1.44811,1.44811,405000000.0
2011-06-02 23:20:00,1.44811,1.44835,1.44811,1.4482,585000000.0
2011-06-02 23:21:00,1.4482,1.4483,1.4482,1.44825,365999984.74121094
2011-06-02 23:22:00,1.44824,1.44839,1.44823,1.44826,906100006.1035156
2011-06-02 23:23:00,1.44826,1.44828,1.44823,1.44825,450000000.0
2011-06-02 23:24:00,1.44825,1.44841,1.44824,1.44841,674199981.6894531
2011-06-02 23:25:00,1.4484,1.4484,1.44827,1.44831,797200012.2070312
2011-06-02 23:26:00,1.44831,1.44831,1.44823,1.44823,286599998.4741211
2011-06-02 23:27:00,1.44823,1.44823,1.44817,1.44823,397500000.0
2011-06-02 23:28:00,1.44823,1.44829,1.44819,1.44827,799499969.4824219
2011-06-02 23:29:00,1.44827,1.44827,1.44824,1.44825,127500000.0
2011-06-02 23:30:00,1.44824,1.44826,1.44812,1.44817,874499969.4824219
2011-06-02 23:31:00,1.44817,1.44829,1.44816,1.44829,544500007.6293945
2011-06-02 23:32:00,1.4483,1.4483,1.44821,1.44824,322500000.0
2011-06-02 23:33:00,1.44824,1.44827,1.44822,1.44824,555000000.0
2011-06-02 23:34:00,1.44824,1.44829,1.44823,1.44823,337500000.0
2011-06-02 23:35:00,1.44825,1.4484,1.44823,1.44839,472000007.62939453
2011-06-02 23:36:00,1.44839,1.44839,1.44824,1.44824,590999984.7412109
2011-06-02 23:37:00,1.44823,1.44833,1.44822,1.44833,523699989.31884766
2011-06-02 23:38:00,1.44833,1.44835,1.44833,1.44835,195000000.0
2011-06-02 23:39:00,1.44835,1.44835,1.44835,1.44835,150000000.0
2011-06-02 23:40:00,1.44835,1.44835,1.44822,1.44834,552799987.7929688
2011-06-02 23:41:00,1.44834,1.44835,1.44822,1.44826,395999984.74121094
2011-06-02 23:42:00,1.44826,1.44844,1.44826,1.4484,570000000.0
2011-06-02 23:43:00,1.4484,1.44867,1.4484,1.44854,432000007.62939453
2011-06-02 23:44:00,1.44854,1.44857,1.44853,1.44853,202500000.0
2011-06-02 23:45:00,1.44856,1.44892,1.44856,1.44892,817600021.3623047
2011-06-02 23:46:00,1.44892,1.44923,1.44891,1.44915,2407500000.0
2011-06-02 23:47:00,1.44915,1.44918,1.44904,1.44904,810000000.0
2011-06-02 23:48:00,1.44902,1.44902,1.44882,1.44899,573800010.6811523
2011-06-02 23:49:00,1.449,1.44907,1.449,1.44906,90000000.0
2011-06-02 23:50:00,1.44905,1.44905,1.44864,1.44869,735000000.0
2011-06-02 23:51:00,1.44868,1.44894,1.44864,1.44869,1187300033.569336
2011-06-02 23:52:00,1.44873,1.44892,1.44873,1.44884,555000000.0
2011-06-02 23:53:00,1.44883,1.44889,1.44858,1.44858,896399993.8964844
2011-06-02 23:54:00,1.44858,1.44859,1.44821,1.44835,1503800048.828125
2011-06-02 23:55:00,1.44834,1.44862,1.44834,1.44858,964499969.4824219
2011-06-02 23:56:00,1.44865,1.44879,1.44859,1.4487,586699981.6894531
2011-06-02 23:57:00,1.44869,1.44877,1.44854,1.44875,876900024.4140625
2011-06-02 23:58:00,1.44871,1.44886,1.44856,1.44876,990100021.3623047
2011-06-02 23:59:00,1.44877,1.44897,1.44858,1.44864,864899978.6376953
2011-06-03 00:00:00,1.44864,1.44878,1.44835,1.44835,901600036.6210938
2011-06-03 00:01:00,1.44834,1.44857,1.44822,1.44846,747799987.7929688
2011-06-03 00:02:00,1.4485,1.44856,1.4482,1.44826,1176100006.1035156
2011-06-03 00:03:00,1.44825,1.44846,1.44819,1.44846,655000000.0
2011-06-03 00:04:00,1.44846,1.44873,1.44833,1.44853,1863699951.171875
2011-06-03 00:05:00,1.44854,1.4486,1.44835,1.4486,1546600036.6210938
2011-06-03 00:06:00,1.44859,1.44886,1.44832,1.44885,1693600006.1035156
2011-06-03 00:07:00,1.44885,1.44888,1.44871,1.44887,950999984.7412109
2011-06-03 00:08:00,1.44889,1.44906,1.44882,1.44896,1646499938.9648438
2011-06-03 00:09:00,1.44896,1.44918,1.44896,1.44901,738799972.5341797
2011-06-03 00:10:00,1.44901,1.44912,1.44893,1.44894,1047099990.8447266
2011-06-03 00:11:00,1.44889,1.44924,1.44889,1.44912,1101800003.0517578
2011-06-03 00:12:00,1.44912,1.44922,1.44912,1.44916,465000000.0
2011-06-03 00:13:00,1.44917,1.44924,1.44916,1.44921,915000000.0
2011-06-03 00:14:00,1.44925,1.44963,1.44925,1.44959,1596900024.4140625
2011-06-03 00:15:00,1.44957,1.44995,1.44957,1.44962,2117899932.8613281
2011-06-03 00:16:00,1.44961,1.44996,1.4496,1.44983,1606600036.6210938
2011-06-03 00:17:00,1.44986,1.4501,1.44976,1.45005,1583099975.5859375
2011-06-03 00:18:00,1.45003,1.45033,1.45001,1.45027,1384700012.2070312
2011-06-03 00:19:00,1.45026,1.45026,1.44982,1.44992,1507599945.0683594
2011-06-03 00:20:00,1.44993,1.45007,1.44965,1.44965,1241299972.5341797
2011-06-03 00:21:00,1.44965,1.44997,1.44961,1.44989,1194800033.569336
2011-06-03 00:22:00,1.44988,1.45033,1.44984,1.44993,1550599975.5859375
2011-06-03 00:23:00,1.44991,1.45021,1.44972,1.45009,2006199951.171875
2011-06-03 00:24:00,1.45009,1.45019,1.44985,1.44987,1200100021.3623047
2011-06-03 00:25:00,1.44987,1.44999,1.44984,1.44993,1055999984.7412109
2011-06-03 00:26:00,1.44991,1.44999,1.44982,1.44999,1254800033.569336
2011-06-03 00:27:00,1.44999,1.44999,1.44967,1.44975,1293300018.3105469
2011-06-03 00:28:00,1.44976,1.44997,1.44976,1.44995,1327599945.0683594
2011-06-03 00:29:00,1.44994,1.44994,1.44963,1.44963,1715000000.0
2011-06-03 00:30:00,1.44963,1.44968,1.44959,1.44968,415600013.73291016
2011-06-03 00:31:00,1.44968,1.44978,1.44959,1.44977,1470099945.0683594
2011-06-03 00:32:00,1.44977,1.45071,1.44974,1.45064,1970599975.5859375
2011-06-03 00:33:00,1.45062,1.45103,1.45054,1.45091,1894900054.9316406
2011-06-03 00:34:00,1.45091,1.45103,1.45071,1.45084,1631999969.4824219
2011-06-03 00:35:00,1.45084,1.45099,1.4507,1.45089,1383000030.5175781
2011-06-03 00:36:00,1.45088,1.45093,1.4506,1.45073,926299972.5341797
2011-06-03 00:37:00,1.45075,1.45137,1.45075,1.45137,2008699951.171875
2011-06-03 00:38:00,1.45139,1.45156,1.4512,1.4512,1550599975.5859375
2011-06-03 00:39:00,1.45122,1.45122,1.45092,1.45108,1306600036.6210938
2011-06-03 00:40:00,1.45102,1.45124,1.45102,1.45105,1558000030.5175781
2011-06-03 00:41:00,1.4511,1.45123,1.45099,1.45103,774499969.4824219
2011-06-03 00:42:00,1.45102,1.45102,1.45076,1.45084,1187300033.569336
2011-06-03 00:43:00,1.45083,1.45083,1.4506,1.45063,1110000000.0
2011-06-03 00:44:00,1.45063,1.45065,1.45054,1.45056,738000030.5175781
2011-06-03 00:45:00,1.45056,1.45064,1.45051,1.45053,619000015.2587891
2011-06-03 00:46:00,1.45051,1.45051,1.45043,1.45049,502500000.0
2011-06-03 00:47:00,1.45048,1.45086,1.45042,1.45078,1235299987.7929688
2011-06-03 00:48:00,1.45077,1.45083,1.45041,1.45043,998000030.5175781
2011-06-03 00:49:00,1.45041,1.45041,1.44962,1.45001,2416999969.482422
2011-06-03 00:50:00,1.45,1.45018,1.44999,1.45018,1185299987.7929688
2011-06-03 00:51:00,1.45019,1.4502,1.44993,1.44995,1691300048.828125
2011-06-03 00:52:00,1.44995,1.45016,1.44992,1.45013,993799972.5341797
2011-06-03 00:53:00,1.45013,1.45013,1.44961,1.44961,1652500000.0
2011-06-03 00:54:00,1.44966,1.45021,1.44964,1.45021,1200000000.0
2011-06-03 00:55:00,1.45021,1.45021,1.44982,1.44985,1395800018.3105469
2011-06-03 00:56:00,1.44993,1.44997,1.44955,1.44965,1263799972.5341797
2011-06-03 00:57:00,1.44968,1.44996,1.44966,1.44986,1055999984.7412109
2011-06-03 00:58:00,1.44985,1.45005,1.44972,1.44972,1622400054.9316406
2011-06-03 00:59:00,1.44971,1.44971,1.44929,1.44938,1922299957.2753906
2011-06-03 01:00:00,1.4494,1.44981,1.44939,1.44981,1108600006.1035156
2011-06-03 01:01:00,1.44981,1.44981,1.44959,1.44972,1442100067.1386719
2011-06-03 01:02:00,1.44973,1.44975,1.44947,1.4497,1043300018.3105469
2011-06-03 01:03:00,1.44969,1.44969,1.44946,1.44953,750000000.0
2011-06-03 01:04:00,1.44954,1.44962,1.4495,1.4495,622500000.0
2011-06-03 01:05:00,1.44952,1.44954,1.44937,1.44941,994499969.4824219
2011-06-03 01:06:00,1.44942,1.44963,1.44938,1.44952,1218000030.5175781
2011-06-03 01:07:00,1.44945,1.44957,1.44895,1.44897,1884799957.2753906
2011-06-03 01:08:00,1.44897,1.449,1.44863,1.44869,1125899963.3789062
2011-06-03 01:09:00,1.44869,1.44875,1.44856,1.44871,1706999969.4824219
2011-06-03 01:10:00,1.44869,1.44877,1.44867,1.44877,498800010.68115234
2011-06-03 01:11:00,1.44877,1.44905,1.44877,1.449,1745399932.8613281
2011-06-03 01:12:00,1.449,1.44915,1.449,1.44904,637500000.0
2011-06-03 01:13:00,1.44905,1.44905,1.44897,1.449,487500000.0
2011-06-03 01:14:00,1.449,1.44928,1.449,1.44928,740500030.5175781
2011-06-03 01:15:00,1.44929,1.4495,1.44926,1.44926,730500030.5175781
2011-06-03 01:16:00,1.44927,1.44927,1.44914,1.44924,435000000.0
2011-06-03 01:17:00,1.44919,1.4492,1.44876,1.44893,1344799957.2753906
2011-06-03 01:18:00,1.44894,1.44907,1.44891,1.449,810000000.0
2011-06-03 01:19:00,1.449,1.449,1.44882,1.44882,450000000.0
2011-06-03 01:20:00,1.44881,1.44881,1.44853,1.44853,885000000.0
2011-06-03 01:21:00,1.44853,1.44876,1.44853,1.44867,952699966.4306641
2011-06-03 01:22:00,1.44867,1.44872,1.44861,1.44864,571500015.2587891
2011-06-03 01:23:00,1.44864,1.44881,1.44864,1.44881,592500000.0
2011-06-03 01:24:00,1.44883,1.4489,1.44874,1.44875,340499992.37060547
2011-06-03 01:25:00,1.44875,1.44919,1.44875,1.44919,607500000.0
2011-06-03 01:26:00,1.44916,1.44917,1.44889,1.44889,948799972.5341797
2011-06-03 01:27:00,1.44889,1.44889,1.44855,1.44855,592500000.0
2011-06-03 01:28:00,1.44855,1.44857,1.4485,1.4485,555000000.0
2011-06-03 01:29:00,1.4485,1.44852,1.4481,1.4481,1168600006.1035156
2011-06-03 01:30:00,1.44809,1.44856,1.44809,1.44842,1343800048.828125
2011-06-03 01:31:00,1.44844,1.44878,1.44844,1.44867,791699981.6894531
2011-06-03 01:32:00,1.44867,1.44867,1.44836,1.44843,1366999969.4824219
2011-06-03 01:33:00,1.44844,1.44872,1.44828,1.44858,2307200012.2070312
2011-06-03 01:34:00,1.44859,1.44878,1.44843,1.44857,2085399932.8613281
2011-06-03 01:35:00,1.44859,1.44871,1.4485,1.44864,1624499969.4824219
2011-06-03 01:36:00,1.44865,1.44881,1.44854,1.44866,1567500000.0
2011-06-03 01:37:00,1.44866,1.44868,1.44855,1.44856,313500003.81469727
2011-06-03 01:38:00,1.44856,1.44866,1.44837,1.44856,1058399963.3789062
2011-06-03 01:39:00,1.44856,1.44884,1.44854,1.44857,1369900054.9316406
2011-06-03 01:40:00,1.44857,1.44869,1.44851,1.44855,574799995.4223633
2011-06-03 01:41:00,1.44854,1.44868,1.44842,1.44852,1769799957.2753906
2011-06-03 01:42:00,1.44857,1.44866,1.44851,1.44854,1653800048.828125
2011-06-03 01:43:00,1.44852,1.44855,1.44828,1.44854,1624700012.2070312
2011-06-03 01:44:00,1.44854,1.44871,1.44837,1.44858,1305000000.0
2011-06-03 01:45:00,1.44858,1.44881,1.44858,1.44879,1075699996.9482422
2011-06-03 01:46:00,1.44878,1.44892,1.44872,1.44885,592500000.0
2011-06-03 01:47:00,1.44885,1.44902,1.44885,1.449,352500000.0
2011-06-03 01:48:00,1.449,1.4491,1.44892,1.44909,493499984.74121094
2011-06-03 01:49:00,1.44907,1.44923,1.44903,1.4492,898600006.1035156
2011-06-03 01:50:00,1.4492,1.44924,1.44912,1.44914,746299972.5341797
2011-06-03 01:51:00,1.44919,1.4493,1.44915,1.44917,582000007.6293945
2011-06-03 01:52:00,1.44916,1.44929,1.44915,1.44918,904599990.8447266
2011-06-03 01:53:00,1.44917,1.44936,1.44916,1.44916,675800018.3105469
2011-06-03 01:54:00,1.44915,1.44915,1.44879,1.44885,1121299972.5341797
2011-06-03 01:55:00,1.44885,1.44885,1.44871,1.4488,487500000.0
2011-06-03 01:56:00,1.4488,1.44896,1.4488,1.44896,510000000.0
2011-06-03 01:57:00,1.44896,1.44901,1.44892,1.44892,232500000.0
2011-06-03 01:58:00,1.44892,1.44925,1.44888,1.44915,758300018.3105469
2011-06-03 01:59:00,1.44913,1.44916,1.4491,1.44913,427500000.0
2011-06-03 02:00:00,1.44911,1.44911,1.44881,1.44881,885000000.0
2011-06-03 02:01:00,1.44882,1.44888,1.44881,1.44888,322500000.0
2011-06-03 02:02:00,1.44887,1.44905,1.44885,1.44889,848399963.3789062
2011-06-03 02:03:00,1.44889,1.44895,1.44885,1.44893,188700008.39233398
2011-06-03 02:04:00,1.44893,1.449,1.44893,1.44899,187500000.0
2011-06-03 02:05:00,1.44899,1.44917,1.44899,1.44908,647099990.8447266
2011-06-03 02:06:00,1.44906,1.4492,1.44905,1.44908,573800010.6811523
2011-06-03 02:07:00,1.44911,1.44916,1.44907,1.44916,330000000.0
2011-06-03 02:08:00,1.44916,1.44916,1.44903,1.44906,540000000.0
2011-06-03 02:09:00,1.44903,1.44903,1.44881,1.44881,405000000.0
2011-06-03 02:10:00,1.44886,1.44893,1.44879,1.4488,450900001.5258789
2011-06-03 02:11:00,1.44879,1.44879,1.4487,1.44874,377299995.4223633
2011-06-03 02:12:00,1.44875,1.44875,1.44874,1.44874,30000000.0
2011-06-03 02:13:00,1.44871,1.44874,1.44858,1.44858,570000000.0
2011-06-03 02:14:00,1.44858,1.44874,1.44858,1.44865,577500000.0
2011-06-03 02:15:00,1.44865,1.44867,1.44865,1.44866,240000000.0
2011-06-03 02:16:00,1.44864,1.44864,1.44841,1.44855,1026100006.1035156
2011-06-03 02:17:00,1.44855,1.44866,1.44852,1.44866,845999984.7412109
2011-06-03 02:18:00,1.44867,1.44874,1.44856,1.44862,586500015.2587891
2011-06-03 02:19:00,1.44861,1.44865,1.44856,1.44858,537000007.6293945
2011-06-03 02:20:00,1.44856,1.44858,1.44835,1.44843,1044499969.4824219
2011-06-03 02:21:00,1.44843,1.44843,1.44835,1.44835,555000000.0
2011-06-03 02:22:00,1.44835,1.44845,1.44822,1.44845,375000000.0
2011-06-03 02:23:00,1.44845,1.44846,1.44836,1.44836,540000000.0
2011-06-03 02:24:00,1.44836,1.44854,1.44836,1.44847,607500000.0
2011-06-03 02:25:00,1.44844,1.44867,1.44843,1.44865,915000000.0
2011-06-03 02:26:00,1.44865,1.44865,1.44861,1.44864,262500000.0
2011-06-03 02:27:00,1.44864,1.44864,1.44861,1.44862,141000003.81469727
2011-06-03 02:28:00,1.44861,1.44867,1.4486,1.44867,192000007.62939453
2011-06-03 02:29:00,1.44865,1.44868,1.44865,1.44868,90000000.0
2011-06-03 02:30:00,1.44868,1.44869,1.4486,1.44866,217500000.0
2011-06-03 02:31:00,1.44866,1.44866,1.44856,1.44857,363800010.68115234
2011-06-03 02:32:00,1.44857,1.44858,1.44855,1.44855,210000000.0
2011-06-03 02:33:00,1.44857,1.44859,1.4484,1.44843,637500000.0
2011-06-03 02:34:00,1.44844,1.44854,1.44844,1.44854,201000003.81469727
2011-06-03 02:35:00,1.44857,1.44869,1.44851,1.44868,680699996.9482422
2011-06-03 02:36:00,1.44867,1.44877,1.44865,1.44867,923300018.3105469
2011-06-03 02:37:00,1.44867,1.44869,1.44844,1.44848,1117500000.0
2011-06-03 02:38:00,1.44846,1.44846,1.44824,1.44824,742500000.0
2011-06-03 02:39:00,1.44824,1.44824,1.44812,1.44815,565800018.3105469
2011-06-03 02:40:00,1.44814,1.44814,1.44794,1.44802,1039499969.4824219
2011-06-03 02:41:00,1.44803,1.44826,1.44803,1.44815,690000000.0
2011-06-03 02:42:00,1.4481,1.44826,1.4481,1.44815,690000000.0
2011-06-03 02:43:00,1.44817,1.44836,1.44817,1.44829,750000000.0
2011-06-03 02:44:00,1.44832,1.44836,1.44826,1.44835,847500000.0
2011-06-03 02:45:00,1.44832,1.44865,1.44827,1.44851,1025000000.0
2011-06-03 02:46:00,1.44851,1.44857,1.44834,1.44839,727500000.0
2011-06-03 02:47:00,1.4484,1.44848,1.44825,1.44837,656999969.4824219
2011-06-03 02:48:00,1.44834,1.44844,1.44816,1.44831,1177600021.3623047
2011-06-03 02:49:00,1.44832,1.4484,1.44832,1.44832,547799987.7929688
2011-06-03 02:50:00,1.44833,1.44833,1.44814,1.44814,743300018.3105469
2011-06-03 02:51:00,1.44814,1.44843,1.44814,1.44831,847500000.0
2011-06-03 02:52:00,1.44831,1.44847,1.44831,1.44839,661600036.6210938
2011-06-03 02:53:00,1.44839,1.44839,1.4482,1.44826,525000000.0
2011-06-03 02:54:00,1.44826,1.4485,1.44826,1.4485,435000000.0
2011-06-03 02:55:00,1.44848,1.44868,1.44845,1.4486,823499984.7412109
2011-06-03 02:56:00,1.44862,1.44863,1.44852,1.44854,615000000.0
2011-06-03 02:57:00,1.44854,1.44854,1.44842,1.44851,750000000.0
2011-06-03 02:58:00,1.44851,1.44851,1.44844,1.44844,495000000.0
2011-06-03 02:59:00,1.44844,1.44851,1.44842,1.44845,615000000.0
2011-06-03 03:00:00,1.44848,1.4487,1.44848,1.4487,1079300003.0517578
2011-06-03 03:01:00,1.44872,1.44879,1.44871,1.44873,488300018.3105469
2011-06-03 03:02:00,1.44873,1.44873,1.44869,1.44869,162800006.86645508
2011-06-03 03:03:00,1.4487,1.44872,1.4487,1.44872,172500000.0
2011-06-03 03:04:00,1.44872,1.44872,1.44864,1.44871,570000000.0
2011-06-03 03:05:00,1.44871,1.44875,1.44869,1.44875,210000000.0
2011-06-03 03:06:00,1.44877,1.4489,1.44877,1.44887,681900024.4140625
2011-06-03 03:07:00,1.44885,1.44888,1.44882,1.44882,255000000.0
2011-06-03 03:08:00,1.4488,1.4488,1.44879,1.44879,37500000.0
2011-06-03 03:09:00,1.44878,1.44885,1.44877,1.44882,423800010.68115234
2011-06-03 03:10:00,1.44883,1.44941,1.44883,1.44941,1701000061.0351562
2011-06-03 03:11:00,1.44945,1.44958,1.4494,1.4495,1703699951.171875
2011-06-03 03:12:00,1.44949,1.44952,1.44936,1.4494,2125500030.5175781
2011-06-03 03:13:00,1.44941,1.44949,1.4493,1.4493,1395099945.0683594
2011-06-03 03:14:00,1.44931,1.44947,1.44924,1.44929,1568699951.171875
2011-06-03 03:15:00,1.44931,1.4495,1.44931,1.44944,744000015.2587891
2011-06-03 03:16:00,1.44942,1.44942,1.44926,1.44931,1615599975.5859375
2011-06-03 03:17:00,1.4493,1.4493,1.44889,1.44893,1656399993.8964844
2011-06-03 03:18:00,1.44895,1.44933,1.44895,1.44929,883499984.7412109
2011-06-03 03:19:00,1.44929,1.44929,1.44898,1.44898,735100021.3623047
2011-06-03 03:20:00,1.44896,1.4491,1.44893,1.44904,795000000.0
2011-06-03 03:21:00,1.44902,1.44927,1.44901,1.44926,635999984.7412109
2011-06-03 03:22:00,1.44924,1.44939,1.44921,1.44922,575999984.7412109
2011-06-03 03:23:00,1.44918,1.44929,1.44915,1.44915,958600006.1035156
2011-06-03 03:24:00,1.44914,1.44931,1.44912,1.44912,637500000.0
2011-06-03 03:25:00,1.4491,1.44926,1.4491,1.44923,774000015.2587891
2011-06-03 03:26:00,1.44921,1.44921,1.449,1.44903,1017799987.7929688
2011-06-03 03:27:00,1.449,1.44912,1.449,1.44911,341300010.68115234
2011-06-03 03:28:00,1.44911,1.44926,1.44905,1.4491,1145999984.741211
2011-06-03 03:29:00,1.4491,1.4491,1.44904,1.44904,195000000.0
2011-06-03 03:30:00,1.44904,1.44928,1.44904,1.44913,823499984.7412109
2011-06-03 03:31:00,1.44916,1.44929,1.44915,1.44926,739499969.4824219
2011-06-03 03:32:00,1.44932,1.44939,1.44914,1.44924,1314799957.2753906
2011-06-03 03:33:00,1.44923,1.44923,1.44916,1.44916,120000000.0
2011-06-03 03:34:00,1.44914,1.44914,1.44909,1.44912,150000000.0
2011-06-03 03:35:00,1.44912,1.44913,1.449,1.4491,568499984.7412109
2011-06-03 03:36:00,1.44911,1.44916,1.44906,1.44908,472500000.0
2011-06-03 03:37:00,1.44908,1.44908,1.44903,1.44904,277500000.0
2011-06-03 03:38:00,1.44903,1.44906,1.44895,1.449,560999984.7412109
2011-06-03 03:39:00,1.449,1.44901,1.44899,1.44899,271499996.18530273
2011-06-03 03:40:00,1.449,1.449,1.449,1.449,30000000.0
2011-06-03 03:41:00,1.449,1.44901,1.44887,1.4489,442500000.0
2011-06-03 03:42:00,1.4489,1.44893,1.44889,1.44889,466500015.25878906
2011-06-03 03:43:00,1.44892,1.44899,1.44891,1.44895,830999984.7412109
2011-06-03 03:44:00,1.44894,1.4491,1.44891,1.44891,1044899978.6376953
2011-06-03 03:45:00,1.4489,1.44906,1.44885,1.44894,748199996.9482422
2011-06-03 03:46:00,1.44896,1.44896,1.44889,1.4489,247500000.0
2011-06-03 03:47:00,1.44889,1.44889,1.44882,1.44885,438100013.73291016
2011-06-03 03:48:00,1.44886,1.44886,1.4488,1.44884,585000000.0
2011-06-03 03:49:00,1.44883,1.44906,1.44883,1.44902,465000000.0
2011-06-03 03:50:00,1.44904,1.44911,1.449,1.449,697500000.0
2011-06-03 03:51:00,1.449,1.449,1.44879,1.4488,870000000.0
2011-06-03 03:52:00,1.44879,1.44879,1.44861,1.44868,1548800048.828125
2011-06-03 03:53:00,1.44867,1.44867,1.44856,1.4486,645000000.0
2011-06-03 03:54:00,1.4486,1.44861,1.44837,1.44837,1003600006.1035156
2011-06-03 03:55:00,1.44836,1.44845,1.44834,1.44839,480000000.0
2011-06-03 03:56:00,1.44841,1.44841,1.44837,1.44839,306000003.81469727
2011-06-03 03:57:00,1.44839,1.44843,1.44839,1.4484,412500000.0
2011-06-03 03:58:00,1.44839,1.44886,1.44839,1.44885,820599975.5859375
2011-06-03 03:59:00,1.44886,1.44886,1.44867,1.44867,420000000.0
2011-06-03 04:00:00,1.44866,1.44876,1.44862,1.44866,517500000.0
2011-06-03 04:01:00,1.44866,1.44866,1.44854,1.44856,591800003.0517578
2011-06-03 04:02:00,1.44855,1.44863,1.44852,1.44863,630000000.0
2011-06-03 04:03:00,1.44863,1.44863,1.44855,1.44855,255000000.0
2011-06-03 04:04:00,1.44855,1.44855,1.44855,1.44855,30000000.0
2011-06-03 04:05:00,1.44855,1.44866,1.44855,1.44863,295499992.37060547
2011-06-03 04:06:00,1.44862,1.44863,1.44847,1.44856,532500000.0
2011-06-03 04:07:00,1.44859,1.44865,1.44821,1.44826,1622500000.0
2011-06-03 04:08:00,1.44826,1.44856,1.44823,1.4485,963799972.5341797
2011-06-03 04:09:00,1.4485,1.44852,1.44828,1.44837,733499984.7412109
2011-06-03 04:10:00,1.44837,1.44846,1.44834,1.44839,671999969.4824219
2011-06-03 04:11:00,1.44837,1.44842,1.44837,1.44842,148500003.81469727
2011-06-03 04:12:00,1.44841,1.44864,1.4484,1.44856,1326799926.7578125
2011-06-03 04:13:00,1.44857,1.44863,1.44853,1.44854,475499992.37060547
2011-06-03 04:14:00,1.44857,1.44861,1.44851,1.44861,306000003.81469727
2011-06-03 04:15:00,1.44859,1.44859,1.44832,1.44835,1136999969.4824219
2011-06-03 04:16:00,1.44836,1.44875,1.44836,1.44875,762900009.1552734
2011-06-03 04:17:00,1.44875,1.44883,1.44873,1.44883,322500000.0
2011-06-03 04:18:00,1.44884,1.4489,1.44879,1.44882,1153600006.1035156
2011-06-03 04:19:00,1.44883,1.44887,1.44869,1.44869,594799995.4223633
2011-06-03 04:20:00,1.44869,1.44869,1.44849,1.44854,1568300018.3105469
2011-06-03 04:21:00,1.44855,1.44866,1.44852,1.44857,892500000.0
2011-06-03 04:22:00,1.44857,1.44868,1.44845,1.44857,937500000.0
2011-06-03 04:23:00,1.44856,1.44865,1.44842,1.44843,951100006.1035156
2011-06-03 04:24:00,1.44843,1.44856,1.44835,1.44855,990299987.7929688
2011-06-03 04:25:00,1.44851,1.44859,1.44846,1.44848,435000000.0
2011-06-03 04:26:00,1.44848,1.44851,1.44824,1.44837,1245100021.3623047
2011-06-03 04:27:00,1.44837,1.44844,1.4482,1.44843,556500015.2587891
2011-06-03 04:28:00,1.44848,1.44857,1.44845,1.44855,612000007.6293945
2011-06-03 04:29:00,1.44856,1.44859,1.4485,1.44854,806299972.5341797
2011-06-03 04:30:00,1.44856,1.44856,1.44828,1.44834,664499969.4824219
2011-06-03 04:31:00,1.44829,1.44838,1.44825,1.44838,809400024.4140625
2011-06-03 04:32:00,1.44839,1.44839,1.44835,1.44836,367500000.0
2011-06-03 04:33:00,1.44836,1.44842,1.44835,1.44839,510000000.0
2011-06-03 04:34:00,1.4484,1.44851,1.44806,1.44808,1153899993.8964844
2011-06-03 04:35:00,1.44808,1.44815,1.44802,1.44803,1252699966.430664
2011-06-03 04:36:00,1.44803,1.4482,1.44802,1.44819,477000007.62939453
2011-06-03 04:37:00,1.44819,1.44826,1.44819,1.44826,334500007.62939453
2011-06-03 04:38:00,1.44824,1.4485,1.44824,1.44848,520499992.37060547
2011-06-03 04:39:00,1.44847,1.44849,1.4483,1.44844,925599975.5859375
2011-06-03 04:40:00,1.44844,1.44849,1.44838,1.44847,511500015.25878906
2011-06-03 04:41:00,1.44846,1.44848,1.44842,1.44842,334599990.84472656
2011-06-03 04:42:00,1.44845,1.44846,1.44845,1.44846,75000000.0
2011-06-03 04:43:00,1.44847,1.44872,1.44847,1.44859,848399963.3789062
2011-06-03 04:44:00,1.4486,1.44869,1.4486,1.44868,171000003.81469727
2011-06-03 04:45:00,1.44869,1.44875,1.44845,1.44845,1046299972.5341797
2011-06-03 04:46:00,1.44845,1.44845,1.44838,1.44843,892500000.0
2011-06-03 04:47:00,1.44843,1.44849,1.44838,1.44843,526500015.25878906
2011-06-03 04:48:00,1.44844,1.44849,1.44838,1.44844,361899986.26708984
2011-06-03 04:49:00,1.44842,1.44844,1.44833,1.44833,637500000.0
2011-06-03 04:50:00,1.44832,1.44832,1.44806,1.44817,1667299957.2753906
2011-06-03 04:51:00,1.44821,1.44833,1.44814,1.44832,1111900024.4140625
2011-06-03 04:52:00,1.4483,1.44851,1.44825,1.44836,1203799972.5341797
2011-06-03 04:53:00,1.44836,1.44867,1.44834,1.44843,1393800048.828125
2011-06-03 04:54:00,1.44841,1.44855,1.44835,1.44844,1009499969.4824219
2011-06-03 04:55:00,1.44844,1.44846,1.44819,1.44843,1144000015.258789
2011-06-03 04:56:00,1.44843,1.44847,1.44824,1.44826,1074899978.6376953
2011-06-03 04:57:00,1.44825,1.44843,1.44814,1.44823,967799987.7929688
2011-06-03 04:58:00,1.44825,1.44842,1.44825,1.44835,622900009.1552734
2011-06-03 04:59:00,1.44837,1.4485,1.44834,1.44849,1005000000.0
2011-06-03 05:00:00,1.4485,1.44862,1.44832,1.44832,1316399993.8964844
2011-06-03 05:01:00,1.44832,1.44832,1.44808,1.4482,1179100036.6210938
2011-06-03 05:02:00,1.44819,1.44835,1.44815,1.44828,1304299926.7578125
2011-06-03 05:03:00,1.44829,1.44852,1.44815,1.44832,1230000000.0
2011-06-03 05:04:00,1.44832,1.44837,1.44826,1.44837,300000000.0
2011-06-03 05:05:00,1.44837,1.44837,1.44827,1.44833,472500000.0
2011-06-03 05:06:00,1.44829,1.44847,1.44828,1.44847,397500000.0
2011-06-03 05:07:00,1.44847,1.44856,1.44832,1.44832,951100006.1035156
2011-06-03 05:08:00,1.44832,1.44835,1.44832,1.44833,144899997.71118164
2011-06-03 05:09:00,1.44833,1.44835,1.44825,1.44825,211499996.18530273
2011-06-03 05:10:00,1.44826,1.44831,1.44821,1.44824,722300033.5693359
2011-06-03 05:11:00,1.44825,1.44827,1.44812,1.44813,432200012.20703125
2011-06-03 05:12:00,1.44818,1.44829,1.44818,1.44822,671299972.5341797
2011-06-03 05:13:00,1.44822,1.44839,1.44822,1.4483,632299995.4223633
2011-06-03 05:14:00,1.44831,1.44853,1.44831,1.44834,972099990.8447266
2011-06-03 05:15:00,1.44838,1.44848,1.44823,1.44838,1541499938.9648438
2011-06-03 05:16:00,1.44838,1.44853,1.4481,1.44819,1573699951.171875
2011-06-03 05:17:00,1.4482,1.44823,1.44795,1.44805,1356799926.7578125
2011-06-03 05:18:00,1.44806,1.44813,1.44805,1.44806,697500000.0
2011-06-03 05:19:00,1.44806,1.44807,1.44794,1.44807,975000000.0
2011-06-03 05:20:00,1.44807,1.44811,1.44801,1.44804,615000000.0
2011-06-03 05:21:00,1.44804,1.44835,1.44801,1.44823,1959900054.9316406
2011-06-03 05:22:00,1.44824,1.44835,1.44821,1.44835,1166299972.5341797
2011-06-03 05:23:00,1.44833,1.44834,1.44823,1.44826,397500000.0
2011-06-03 05:24:00,1.44826,1.4484,1.44826,1.4484,360000000.0
2011-06-03 05:25:00,1.44837,1.44844,1.44836,1.4484,393800010.68115234
2011-06-03 05:26:00,1.4484,1.44851,1.44829,1.44832,819000015.2587891
2011-06-03 05:27:00,1.44833,1.44851,1.44821,1.44825,828799972.5341797
2011-06-03 05:28:00,1.44823,1.44829,1.44821,1.44826,528800010.68115234
2011-06-03 05:29:00,1.44824,1.44858,1.44824,1.44851,1289299926.7578125
2011-06-03 05:30:00,1.44849,1.44853,1.44831,1.44837,1697500000.0
2011-06-03 05:31:00,1.44838,1.44843,1.44824,1.4483,936200027.4658203
2011-06-03 05:32:00,1.44832,1.44841,1.44819,1.44819,796100006.1035156
2011-06-03 05:33:00,1.44821,1.44832,1.44811,1.44812,1452100067.1386719
2011-06-03 05:34:00,1.44812,1.4482,1.44808,1.4482,932300033.5693359
2011-06-03 05:35:00,1.44821,1.44826,1.44817,1.44818,506399993.8964844
2011-06-03 05:36:00,1.44818,1.44834,1.44812,1.44834,1503899993.8964844
2011-06-03 05:37:00,1.44831,1.44842,1.44826,1.44831,691500015.2587891
2011-06-03 05:38:00,1.44832,1.44836,1.44823,1.44823,612900009.1552734
2011-06-03 05:39:00,1.44823,1.44843,1.44819,1.44824,697500000.0
2011-06-03 05:40:00,1.44825,1.44832,1.44818,1.44828,832500000.0
2011-06-03 05:41:00,1.44827,1.44844,1.44819,1.44838,534900016.78466797
2011-06-03 05:42:00,1.44838,1.44852,1.44838,1.44844,798799972.5341797
2011-06-03 05:43:00,1.44845,1.44845,1.44821,1.44821,755999984.7412109
2011-06-03 05:44:00,1.44821,1.44839,1.4482,1.44835,1661399993.8964844
2011-06-03 05:45:00,1.44835,1.44835,1.44827,1.4483,772500000.0
2011-06-03 05:46:00,1.44832,1.44834,1.44825,1.44827,405800018.3105469
2011-06-03 05:47:00,1.4483,1.4486,1.4483,1.4486,729000015.2587891
2011-06-03 05:48:00,1.44857,1.44881,1.44856,1.44872,1348500061.0351562
2011-06-03 05:49:00,1.44874,1.44874,1.44837,1.44848,632999992.3706055
2011-06-03 05:50:00,1.44846,1.44853,1.44829,1.44845,885800018.3105469
2011-06-03 05:51:00,1.44845,1.44845,1.44835,1.44837,645000000.0
2011-06-03 05:52:00,1.44837,1.44855,1.44832,1.44832,738000030.5175781
2011-06-03 05:53:00,1.44833,1.44838,1.44812,1.44812,1930500030.5175781
2011-06-03 05:54:00,1.44814,1.44829,1.44812,1.44823,1318500061.0351562
2011-06-03 05:55:00,1.44828,1.44832,1.44801,1.44807,1789199981.6894531
2011-06-03 05:56:00,1.44807,1.44819,1.44792,1.44802,1136999969.4824219
2011-06-03 05:57:00,1.44801,1.44801,1.44788,1.44792,1740800018.3105469
2011-06-03 05:58:00,1.44789,1.4479,1.44741,1.44741,2728999938.9648438
2011-06-03 05:59:00,1.44743,1.44759,1.44728,1.44738,2358500061.0351562
2011-06-03 06:00:00,1.44744,1.44782,1.44744,1.4477,1093300018.3105469
2011-06-03 06:01:00,1.44769,1.44773,1.44749,1.44749,1574299926.7578125
2011-06-03 06:02:00,1.44749,1.44749,1.44691,1.44697,2559299926.7578125
2011-06-03 06:03:00,1.44694,1.447,1.4467,1.44678,1841699981.6894531
2011-06-03 06:04:00,1.44678,1.44698,1.44678,1.44695,1319600067.1386719
2011-06-03 06:05:00,1.44695,1.44695,1.44672,1.44674,843499984.7412109
2011-06-03 06:06:00,1.44679,1.4469,1.4464,1.4464,1713200073.2421875
2011-06-03 06:07:00,1.44639,1.44649,1.44631,1.44636,1360200042.7246094
2011-06-03 06:08:00,1.44634,1.44681,1.44634,1.44673,2172799987.7929688
2011-06-03 06:09:00,1.44673,1.44679,1.4466,1.44674,744000015.2587891
2011-06-03 06:10:00,1.44677,1.44696,1.4466,1.44677,2460899963.3789062
2011-06-03 06:11:00,1.44678,1.44685,1.44661,1.44681,1919900054.9316406
2011-06-03 06:12:00,1.44682,1.44702,1.44682,1.44699,1834900054.9316406
2011-06-03 06:13:00,1.44699,1.44699,1.44679,1.44683,1744799957.2753906
2011-06-03 06:14:00,1.44687,1.44697,1.44672,1.44693,1138600006.1035156
2011-06-03 06:15:00,1.44693,1.44699,1.44676,1.44682,1216600036.6210938
2011-06-03 06:16:00,1.44681,1.44681,1.44637,1.44666,2480299987.7929688
2011-06-03 06:17:00,1.44667,1.44691,1.44661,1.44675,1891600036.6210938
2011-06-03 06:18:00,1.44675,1.44695,1.4467,1.44689,1742100067.1386719
2011-06-03 06:19:00,1.44689,1.44703,1.44686,1.44696,1279499969.4824219
2011-06-03 06:20:00,1.44697,1.44729,1.44697,1.44715,1800800018.3105469
2011-06-03 06:21:00,1.44716,1.4475,1.44714,1.44742,1590000000.0
2011-06-03 06:22:00,1.44741,1.44755,1.4474,1.44753,1773899993.8964844
2011-06-03 06:23:00,1.44755,1.44755,1.44718,1.44718,1606999969.4824219
2011-06-03 06:24:00,1.44716,1.44716,1.44691,1.44702,1661300048.828125
2011-06-03 06:25:00,1.44705,1.44723,1.44705,1.44715,1415700073.2421875
2011-06-03 06:26:00,1.44713,1.44713,1.44671,1.44677,1404900054.9316406
2011-06-03 06:27:00,1.44682,1.44712,1.44674,1.44711,1225699996.9482422
2011-06-03 06:28:00,1.44711,1.44726,1.44685,1.44726,1384100036.6210938
2011-06-03 06:29:00,1.44727,1.44729,1.44697,1.44697,1301799926.7578125
2011-06-03 06:30:00,1.44694,1.44708,1.44683,1.44695,1422200012.2070312
2011-06-03 06:31:00,1.44699,1.4471,1.44684,1.44685,764100036.6210938
2011-06-03 06:32:00,1.44684,1.44753,1.44683,1.44752,1588600006.1035156
2011-06-03 06:33:00,1.4475,1.44757,1.44737,1.44751,1076299972.5341797
2011-06-03 06:34:00,1.44751,1.44765,1.44724,1.44763,1732500000.0
2011-06-03 06:35:00,1.44764,1.44767,1.44743,1.44743,975100021.3623047
2011-06-03 06:36:00,1.44743,1.44744,1.44714,1.44732,1209100036.6210938
2011-06-03 06:37:00,1.4473,1.44737,1.44726,1.44735,1779799957.2753906
2011-06-03 06:38:00,1.44735,1.44763,1.44731,1.44759,1383800048.828125
2011-06-03 06:39:00,1.4476,1.44826,1.4476,1.44792,2560499877.9296875
2011-06-03 06:40:00,1.44791,1.44815,1.44789,1.44805,1637299957.2753906
2011-06-03 06:41:00,1.44805,1.44812,1.44784,1.44791,1745700073.2421875
2011-06-03 06:42:00,1.44794,1.44804,1.44791,1.448,1196999969.4824219
2011-06-03 06:43:00,1.44801,1.44803,1.44781,1.44787,1237500000.0
2011-06-03 06:44:00,1.44787,1.44789,1.4477,1.44775,1089000015.258789
2011-06-03 06:45:00,1.44774,1.44792,1.44774,1.44791,732799987.7929688
2011-06-03 06:46:00,1.44791,1.44793,1.44763,1.44763,1168499984.741211
2011-06-03 06:47:00,1.4476,1.44761,1.4475,1.44752,1014000015.2587891
2011-06-03 06:48:00,1.44753,1.44769,1.44741,1.44768,1333500061.0351562
2011-06-03 06:49:00,1.44768,1.4479,1.4475,1.44789,1549700012.2070312
2011-06-03 06:50:00,1.44785,1.44851,1.44785,1.44838,1738500061.0351562
2011-06-03 06:51:00,1.44839,1.44839,1.44818,1.4482,960199966.4306641
2011-06-03 06:52:00,1.44821,1.44823,1.44801,1.44819,1402799987.7929688
2011-06-03 06:53:00,1.44819,1.44823,1.44812,1.44823,736500015.2587891
2011-06-03 06:54:00,1.44822,1.44868,1.44822,1.44843,1760500030.5175781
2011-06-03 06:55:00,1.44843,1.44843,1.44829,1.44831,696600036.6210938
2011-06-03 06:56:00,1.44831,1.44831,1.44807,1.44812,849000015.2587891
2011-06-03 06:57:00,1.44812,1.44835,1.44812,1.44831,1072500000.0
2011-06-03 06:58:00,1.44831,1.44849,1.44826,1.44846,1680399932.8613281
2011-06-03 06:59:00,1.4485,1.44853,1.44835,1.44839,1331999969.4824219
2011-06-03 07:00:00,1.44839,1.44845,1.44759,1.44767,2506799926.7578125
2011-06-03 07:01:00,1.44769,1.44802,1.44769,1.44791,2091000061.0351562
2011-06-03 07:02:00,1.44791,1.44791,1.44751,1.4477,1302200012.2070312
2011-06-03 07:03:00,1.44771,1.44781,1.44743,1.44743,2025099945.0683594
2011-06-03 07:04:00,1.44743,1.44743,1.44699,1.44712,2533000030.517578
2011-06-03 07:05:00,1.44712,1.44716,1.447,1.44714,2033600006.1035156
2011-06-03 07:06:00,1.44716,1.44723,1.44706,1.44715,2168999938.9648438
2011-06-03 07:07:00,1.44715,1.44715,1.44671,1.44708,2458399963.3789062
2011-06-03 07:08:00,1.44707,1.44774,1.44707,1.44774,2708699951.171875
2011-06-03 07:09:00,1.44775,1.44778,1.44728,1.44752,2575400085.4492188
2011-06-03 07:10:00,1.44754,1.44763,1.44724,1.44733,2950000000.0
2011-06-03 07:11:00,1.44733,1.44765,1.44729,1.44753,2859599914.5507812
2011-06-03 07:12:00,1.44752,1.44765,1.44717,1.44765,2663500061.0351562
2011-06-03 07:13:00,1.44766,1.44792,1.44692,1.44692,3896199951.171875
2011-06-03 07:14:00,1.44694,1.44735,1.44683,1.44721,2962900085.4492188
2011-06-03 07:15:00,1.44724,1.44745,1.44721,1.44729,2408300018.310547
2011-06-03 07:16:00,1.44729,1.44751,1.44709,1.4471,3427799987.7929688
2011-06-03 07:17:00,1.44705,1.4471,1.44682,1.44692,2230200042.7246094
2011-06-03 07:18:00,1.44693,1.4471,1.44689,1.44693,1916100006.1035156
2011-06-03 07:19:00,1.44692,1.44696,1.4465,1.44674,2539700012.2070312
2011-06-03 07:20:00,1.44672,1.44672,1.4461,1.44622,3503699951.171875
2011-06-03 07:21:00,1.44622,1.44658,1.44621,1.44649,2415200042.7246094
2011-06-03 07:22:00,1.44651,1.44669,1.44637,1.44666,2457200012.2070312
2011-06-03 07:23:00,1.44664,1.44689,1.44662,1.44689,2294499969.482422
2011-06-03 07:24:00,1.44686,1.44722,1.44686,1.44705,2376900024.4140625
2011-06-03 07:25:00,1.44704,1.44704,1.44664,1.44685,2246799926.7578125
2011-06-03 07:26:00,1.44686,1.4472,1.44686,1.44707,1483099975.5859375
2011-06-03 07:27:00,1.44707,1.4471,1.44685,1.44691,2141499938.9648438
2011-06-03 07:28:00,1.44694,1.44713,1.44694,1.44707,2078300018.3105469
2011-06-03 07:29:00,1.44709,1.44709,1.44639,1.44649,2773500061.0351562
2011-06-03 07:30:00,1.44649,1.44713,1.44649,1.44712,2609899902.34375
2011-06-03 07:31:00,1.44713,1.44731,1.4468,1.44704,2666000061.0351562
2011-06-03 07:32:00,1.44705,1.44721,1.44694,1.44718,1695800018.3105469
2011-06-03 07:33:00,1.44718,1.44728,1.4471,1.44716,1801699981.6894531
2011-06-03 07:34:00,1.44717,1.44749,1.44717,1.44745,2103200073.2421875
2011-06-03 07:35:00,1.44746,1.44754,1.44721,1.44736,2671799926.7578125
2011-06-03 07:36:00,1.44735,1.44748,1.44715,1.44745,2572500000.0
2011-06-03 07:37:00,1.44744,1.44756,1.44727,1.44733,2454799957.2753906
2011-06-03 07:38:00,1.44734,1.44753,1.44715,1.44753,2406199951.171875
2011-06-03 07:39:00,1.44751,1.44751,1.44726,1.44739,2168300018.310547
2011-06-03 07:40:00,1.44739,1.44751,1.44724,1.44741,1847299957.2753906
2011-06-03 07:41:00,1.4474,1.4474,1.44724,1.44737,1759799957.2753906
2011-06-03 07:42:00,1.44734,1.4474,1.4472,1.44721,2352200012.2070312
2011-06-03 07:43:00,1.44721,1.44731,1.44711,1.44729,1337400054.9316406
2011-06-03 07:44:00,1.44729,1.44755,1.44729,1.44746,2268899993.8964844
2011-06-03 07:45:00,1.44745,1.44771,1.44732,1.44759,2011600036.6210938
2011-06-03 07:46:00,1.44759,1.44769,1.44749,1.44762,2113800048.828125
2011-06-03 07:47:00,1.44762,1.44782,1.4476,1.44775,2585400085.4492188
2011-06-03 07:48:00,1.44777,1.44809,1.44752,1.44773,2882000122.0703125
2011-06-03 07:49:00,1.44779,1.44789,1.44761,1.44776,2460500030.517578
2011-06-03 07:50:00,1.44774,1.44774,1.4473,1.44766,2002700042.7246094
2011-06-03 07:51:00,1.44764,1.44782,1.44763,1.44775,2098200073.2421875
2011-06-03 07:52:00,1.44776,1.4479,1.44767,1.44782,2810299987.7929688
2011-06-03 07:53:00,1.4478,1.44834,1.44775,1.44792,3240599975.5859375
2011-06-03 07:54:00,1.44793,1.44796,1.44782,1.44785,1421300048.828125
2011-06-03 07:55:00,1.44785,1.44785,1.44754,1.44774,1878200073.2421875
2011-06-03 07:56:00,1.44775,1.44779,1.44762,1.44769,1635800018.3105469
2011-06-03 07:57:00,1.4477,1.44809,1.4477,1.44808,2524900054.9316406
2011-06-03 07:58:00,1.4481,1.44856,1.4481,1.4484,3152999877.9296875
2011-06-03 07:59:00,1.44839,1.44839,1.44799,1.44799,1530099945.0683594
2011-06-03 08:00:00,1.44799,1.44817,1.44799,1.44804,2378099975.5859375
2011-06-03 08:01:00,1.44804,1.44807,1.44779,1.44796,1757400054.9316406
2011-06-03 08:02:00,1.44794,1.44819,1.44793,1.44803,2292299957.2753906
2011-06-03 08:03:00,1.44803,1.44803,1.44776,1.44776,1454299926.7578125
2011-06-03 08:04:00,1.44774,1.44774,1.44751,1.44755,1917799987.7929688
2011-06-03 08:05:00,1.44753,1.44764,1.44739,1.44742,2082100067.1386719
2011-06-03 08:06:00,1.44741,1.44773,1.44736,1.44766,1481000061.0351562
2011-06-03 08:07:00,1.44769,1.44769,1.44743,1.44749,2337799987.7929688
2011-06-03 08:08:00,1.44749,1.44753,1.4472,1.4472,1104100036.6210938
2011-06-03 08:09:00,1.44722,1.44769,1.44722,1.44756,2081399993.8964844
2011-06-03 08:10:00,1.44755,1.44775,1.44751,1.4476,1732599945.0683594
2011-06-03 08:11:00,1.4476,1.44761,1.44748,1.4475,843899993.8964844
2011-06-03 08:12:00,1.44756,1.44757,1.4472,1.44739,1978099975.5859375
2011-06-03 08:13:00,1.44737,1.44761,1.44725,1.44755,2053600006.1035156
2011-06-03 08:14:00,1.44755,1.44764,1.44736,1.44743,2110500030.5175781
2011-06-03 08:15:00,1.44742,1.44775,1.44726,1.44759,1930000000.0
2011-06-03 08:16:00,1.44757,1.44784,1.44736,1.44781,1302899932.8613281
2011-06-03 08:17:00,1.44779,1.44789,1.44767,1.44782,2516399993.8964844
2011-06-03 08:18:00,1.44781,1.44788,1.4476,1.44776,1506000061.0351562
2011-06-03 08:19:00,1.44776,1.44783,1.4474,1.4474,1320800018.3105469
2011-06-03 08:20:00,1.4474,1.44771,1.44729,1.44771,2136100006.1035156
2011-06-03 08:21:00,1.44771,1.44771,1.44739,1.44741,997300033.5693359
2011-06-03 08:22:00,1.4474,1.44761,1.4474,1.44761,1303500061.0351562
2011-06-03 08:23:00,1.44761,1.44771,1.44745,1.44766,1463500061.0351562
2011-06-03 08:24:00,1.44767,1.44769,1.44749,1.4476,1081299972.5341797
2011-06-03 08:25:00,1.44758,1.44771,1.44757,1.44759,1144700012.2070312
2011-06-03 08:26:00,1.4476,1.44775,1.44758,1.44758,1113799972.5341797
2011-06-03 08:27:00,1.44758,1.44761,1.44749,1.4475,1672400054.9316406
2011-06-03 08:28:00,1.44749,1.44749,1.44719,1.44731,2205000000.0
2011-06-03 08:29:00,1.44736,1.44758,1.44728,1.44729,1595399932.8613281
2011-06-03 08:30:00,1.44729,1.4477,1.44727,1.44762,1121299972.5341797
2011-06-03 08:31:00,1.44761,1.44813,1.44758,1.44796,2040899963.3789062
2011-06-03 08:32:00,1.44796,1.44799,1.44772,1.44781,1698800048.828125
2011-06-03 08:33:00,1.4478,1.44793,1.44777,1.44793,1290800018.3105469
2011-06-03 08:34:00,1.44794,1.44839,1.44794,1.44836,1637400054.9316406
2011-06-03 08:35:00,1.44834,1.44842,1.44823,1.44842,1671999969.4824219
2011-06-03 08:36:00,1.44841,1.44841,1.44829,1.44839,936900024.4140625
2011-06-03 08:37:00,1.44841,1.4487,1.44832,1.4486,2130800018.3105469
2011-06-03 08:38:00,1.44859,1.44859,1.44809,1.44829,2275599975.5859375
2011-06-03 08:39:00,1.44829,1.44835,1.44805,1.44815,2120399932.8613281
2011-06-03 08:40:00,1.44813,1.44837,1.44812,1.4483,1644900054.9316406
2011-06-03 08:41:00,1.44831,1.4488,1.44824,1.44856,1568300018.3105469
2011-06-03 08:42:00,1.44856,1.44876,1.44855,1.44859,2081399993.8964844
2011-06-03 08:43:00,1.44867,1.4487,1.44835,1.4484,2092599945.0683594
2011-06-03 08:44:00,1.44839,1.44851,1.44829,1.44851,1458200073.2421875
2011-06-03 08:45:00,1.44851,1.44897,1.44851,1.44897,1512299957.2753906
2011-06-03 08:46:00,1.44899,1.44932,1.44894,1.44921,3209400024.4140625
2011-06-03 08:47:00,1.44921,1.44925,1.449,1.44917,1431799926.7578125
2011-06-03 08:48:00,1.44918,1.4493,1.44913,1.44929,1791600036.6210938
2011-06-03 08:49:00,1.44932,1.44976,1.4493,1.44943,3156600036.6210938
2011-06-03 08:50:00,1.44943,1.44972,1.44928,1.44954,2468999938.9648438
2011-06-03 08:51:00,1.44955,1.44963,1.44945,1.44959,1031999969.4824219
2011-06-03 08:52:00,1.44959,1.44978,1.44954,1.44959,1556399993.8964844
2011-06-03 08:53:00,1.44959,1.44965,1.44921,1.44924,2221799926.7578125
2011-06-03 08:54:00,1.44923,1.44928,1.44904,1.44918,1468600006.1035156
2011-06-03 08:55:00,1.44924,1.44937,1.44913,1.44935,1382299957.2753906
2011-06-03 08:56:00,1.44935,1.4494,1.44929,1.4493,1055299987.7929688
2011-06-03 08:57:00,1.44927,1.44954,1.44927,1.44951,1915899963.3789062
2011-06-03 08:58:00,1.44951,1.44959,1.44941,1.44952,1869100036.6210938
2011-06-03 08:59:00,1.4495,1.44952,1.44919,1.44919,1491199951.171875
2011-06-03 09:00:00,1.44919,1.44919,1.44881,1.44885,2207899932.861328
2011-06-03 09:01:00,1.44884,1.4491,1.4486,1.44861,2283800048.828125
2011-06-03 09:02:00,1.44861,1.44879,1.44857,1.44879,1368699951.171875
2011-06-03 09:03:00,1.44877,1.44901,1.44865,1.44895,2234400024.4140625
2011-06-03 09:04:00,1.44893,1.449,1.44871,1.44898,1673500061.0351562
2011-06-03 09:05:00,1.44896,1.44901,1.44874,1.44893,1674100036.6210938
2011-06-03 09:06:00,1.44894,1.44906,1.44894,1.44903,1167799987.7929688
2011-06-03 09:07:00,1.44902,1.44945,1.44902,1.44945,2060099945.0683594
2011-06-03 09:08:00,1.44945,1.4496,1.4494,1.44952,2225200042.7246094
2011-06-03 09:09:00,1.44952,1.44959,1.44937,1.44939,2486999969.482422
2011-06-03 09:10:00,1.44942,1.44954,1.4493,1.44939,2149600067.138672
2011-06-03 09:11:00,1.44941,1.44953,1.44936,1.4494,1378500061.0351562
2011-06-03 09:12:00,1.44942,1.4497,1.44941,1.44952,1979600067.1386719
2011-06-03 09:13:00,1.44957,1.4496,1.4492,1.44928,1766999969.4824219
2011-06-03 09:14:00,1.44928,1.44964,1.44925,1.44961,1607299957.2753906
2011-06-03 09:15:00,1.44963,1.45,1.44961,1.44988,1913600006.1035156
2011-06-03 09:16:00,1.44989,1.45012,1.44942,1.44965,2036600036.6210938
2011-06-03 09:17:00,1.44967,1.45003,1.44963,1.45,1830099945.0683594
2011-06-03 09:18:00,1.45,1.45006,1.44965,1.44974,1923200073.2421875
2011-06-03 09:19:00,1.44975,1.44989,1.44959,1.44962,1767400054.9316406
2011-06-03 09:20:00,1.44963,1.44976,1.44945,1.44972,2246999969.482422
2011-06-03 09:21:00,1.44975,1.44975,1.44951,1.4496,1421999969.4824219
2011-06-03 09:22:00,1.44959,1.44971,1.44951,1.44969,1275000000.0
2011-06-03 09:23:00,1.44968,1.44994,1.44968,1.44994,1361999969.4824219
2011-06-03 09:24:00,1.44993,1.44998,1.44971,1.44973,2176600036.6210938
2011-06-03 09:25:00,1.44979,1.44981,1.4493,1.44939,3010000000.0
2011-06-03 09:26:00,1.44938,1.44951,1.44928,1.44936,1580500030.5175781
2011-06-03 09:27:00,1.44941,1.44953,1.44932,1.44933,1807200012.2070312
2011-06-03 09:28:00,1.44932,1.44933,1.44917,1.44933,1225000000.0
2011-06-03 09:29:00,1.44932,1.44953,1.44929,1.44952,1024499969.4824219
2011-06-03 09:30:00,1.44951,1.44951,1.4491,1.44914,1643999938.9648438
2011-06-03 09:31:00,1.44912,1.44935,1.4491,1.44913,2010000000.0
2011-06-03 09:32:00,1.44913,1.4493,1.44912,1.44919,1725700073.2421875
2011-06-03 09:33:00,1.44919,1.44919,1.44903,1.4491,981800003.0517578
2011-06-03 09:34:00,1.4491,1.44944,1.4491,1.44942,1999499969.4824219
2011-06-03 09:35:00,1.44943,1.44973,1.44943,1.4496,1581199951.171875
2011-06-03 09:36:00,1.44959,1.44961,1.4493,1.4493,1629199981.6894531
2011-06-03 09:37:00,1.4493,1.44988,1.4493,1.44983,2045800018.3105469
2011-06-03 09:38:00,1.44983,1.45007,1.44973,1.44973,1865299987.7929688
2011-06-03 09:39:00,1.44965,1.4498,1.44953,1.44961,1417200012.2070312
2011-06-03 09:40:00,1.44961,1.44966,1.4495,1.44961,1381100006.1035156
2011-06-03 09:41:00,1.44961,1.44991,1.44961,1.44988,1613300018.3105469
2011-06-03 09:42:00,1.44987,1.44987,1.44954,1.44973,1734799957.2753906
2011-06-03 09:43:00,1.44974,1.44974,1.44915,1.44918,1875099945.0683594
2011-06-03 09:44:00,1.44918,1.4493,1.44914,1.44917,1060599975.5859375
2011-06-03 09:45:00,1.44917,1.44917,1.44903,1.44907,1430700073.2421875
2011-06-03 09:46:00,1.44907,1.44922,1.44907,1.44914,1014100036.6210938
2011-06-03 09:47:00,1.44915,1.44915,1.4489,1.44896,2403099975.5859375
2011-06-03 09:48:00,1.44897,1.44903,1.44872,1.44874,1708600006.1035156
2011-06-03 09:49:00,1.44875,1.44882,1.44847,1.44852,2096499938.9648438
2011-06-03 09:50:00,1.44852,1.44866,1.4483,1.44866,1652400054.9316406
2011-06-03 09:51:00,1.44868,1.44874,1.44852,1.44861,1605099945.0683594
2011-06-03 09:52:00,1.44865,1.44872,1.44851,1.44854,1614799957.2753906
2011-06-03 09:53:00,1.44854,1.44868,1.44851,1.44851,1408699951.171875
2011-06-03 09:54:00,1.44851,1.4486,1.44849,1.44856,1566799926.7578125
2011-06-03 09:55:00,1.44857,1.44881,1.44854,1.44877,1543500061.0351562
2011-06-03 09:56:00,1.44877,1.44915,1.44874,1.44912,1647799987.7929688
2011-06-03 09:57:00,1.4491,1.4491,1.44874,1.4488,1641600036.6210938
2011-06-03 09:58:00,1.44881,1.44952,1.44881,1.44934,2097799987.7929688
2011-06-03 09:59:00,1.44935,1.44964,1.44929,1.44929,1975399932.8613281
2011-06-03 10:00:00,1.44928,1.44928,1.44909,1.44912,1641100006.1035156
2011-06-03 10:01:00,1.44912,1.4492,1.449,1.44917,1219599990.8447266
2011-06-03 10:02:00,1.44917,1.44947,1.44915,1.44929,1766900024.4140625
2011-06-03 10:03:00,1.44926,1.44935,1.44919,1.44923,1336600036.6210938
2011-06-03 10:04:00,1.44922,1.44928,1.4492,1.44922,1084499969.4824219
2011-06-03 10:05:00,1.44923,1.44923,1.4491,1.44919,1461799926.7578125
2011-06-03 10:06:00,1.44919,1.44931,1.44913,1.44913,1331300048.828125
2011-06-03 10:07:00,1.44919,1.44949,1.44915,1.44949,1206800003.0517578
2011-06-03 10:08:00,1.4495,1.44968,1.4493,1.4494,2127799987.7929688
2011-06-03 10:09:00,1.44939,1.44951,1.44898,1.449,1978500061.0351562
2011-06-03 10:10:00,1.449,1.44909,1.44887,1.44891,1263000030.5175781
2011-06-03 10:11:00,1.44891,1.44891,1.44861,1.44883,1471900024.4140625
2011-06-03 10:12:00,1.44882,1.44882,1.44851,1.44851,1356100006.1035156
2011-06-03 10:13:00,1.44851,1.44872,1.44841,1.44871,1435599975.5859375
2011-06-03 10:14:00,1.44869,1.4489,1.44867,1.4489,1710800018.3105469
2011-06-03 10:15:00,1.44892,1.44892,1.44859,1.44882,1393500061.0351562
2011-06-03 10:16:00,1.44879,1.44907,1.44875,1.44903,1164800033.569336
2011-06-03 10:17:00,1.44902,1.44907,1.44888,1.44888,1149800033.569336
2011-06-03 10:18:00,1.44887,1.44887,1.44842,1.44842,1664199981.6894531
2011-06-03 10:19:00,1.44841,1.4486,1.44841,1.4486,1600500030.5175781
2011-06-03 10:20:00,1.4486,1.44887,1.44851,1.44877,1118300018.3105469
2011-06-03 10:21:00,1.44877,1.44899,1.44859,1.44889,1755299987.7929688
2011-06-03 10:22:00,1.44889,1.44892,1.44871,1.44873,1791799926.7578125
2011-06-03 10:23:00,1.44873,1.44877,1.44871,1.44873,416699981.6894531
2011-06-03 10:24:00,1.44873,1.44883,1.44871,1.44873,1076699981.6894531
2011-06-03 10:25:00,1.44873,1.44881,1.44864,1.4488,1286399993.8964844
2011-06-03 10:26:00,1.44879,1.44892,1.44873,1.4489,1155000000.0
2011-06-03 10:27:00,1.44891,1.44911,1.44891,1.4491,1076299972.5341797
2011-06-03 10:28:00,1.44911,1.44911,1.44884,1.44902,2533699951.171875
2011-06-03 10:29:00,1.44899,1.44901,1.44884,1.44884,1696499938.9648438
2011-06-03 10:30:00,1.44884,1.4489,1.44877,1.44885,1473800048.828125
2011-06-03 10:31:00,1.44886,1.44895,1.44877,1.44895,1376399993.8964844
2011-06-03 10:32:00,1.44898,1.44931,1.44898,1.44918,1780700073.2421875
2011-06-03 10:33:00,1.44919,1.44921,1.44889,1.44895,1552200012.2070312
2011-06-03 10:34:00,1.44896,1.44909,1.44887,1.44906,1008799972.5341797
2011-06-03 10:35:00,1.44904,1.44906,1.4488,1.44881,832500000.0
2011-06-03 10:36:00,1.44881,1.44886,1.44871,1.44871,915100021.3623047
2011-06-03 10:37:00,1.4487,1.44882,1.4486,1.44882,635999984.7412109
2011-06-03 10:38:00,1.4488,1.4489,1.44871,1.4489,768000030.5175781
2011-06-03 10:39:00,1.44891,1.44918,1.44891,1.44918,1408500061.0351562
2011-06-03 10:40:00,1.44919,1.4492,1.4491,1.4491,782399978.6376953
2011-06-03 10:41:00,1.4491,1.44911,1.44883,1.44883,1211299972.5341797
2011-06-03 10:42:00,1.44885,1.4491,1.44885,1.4491,1476799926.7578125
2011-06-03 10:43:00,1.4491,1.44911,1.44898,1.44906,1122099990.8447266
2011-06-03 10:44:00,1.44907,1.44915,1.44902,1.44902,903199996.9482422
2011-06-03 10:45:00,1.44902,1.44914,1.44899,1.44902,1150500030.5175781
2011-06-03 10:46:00,1.44902,1.44908,1.44887,1.44887,1034100036.6210938
2011-06-03 10:47:00,1.44887,1.44889,1.44871,1.44872,639000015.2587891
2011-06-03 10:48:00,1.44873,1.44897,1.44873,1.44883,1379299926.7578125
2011-06-03 10:49:00,1.44888,1.44911,1.44888,1.44911,1441600036.6210938
2011-06-03 10:50:00,1.44911,1.44911,1.44887,1.4489,1147500000.0
2011-06-03 10:51:00,1.4489,1.4489,1.44872,1.44873,1167900009.1552734
2011-06-03 10:52:00,1.44873,1.44873,1.4486,1.44866,870000000.0
2011-06-03 10:53:00,1.44867,1.44873,1.44859,1.44859,963000030.5175781
2011-06-03 10:54:00,1.44859,1.4489,1.44859,1.4489,1418999938.9648438
2011-06-03 10:55:00,1.44889,1.44915,1.44876,1.44911,1361999969.4824219
2011-06-03 10:56:00,1.4491,1.44918,1.44889,1.44893,1641100006.1035156
2011-06-03 10:57:00,1.44894,1.44905,1.44881,1.44896,1493999938.9648438
2011-06-03 10:58:00,1.44896,1.44901,1.44885,1.44892,1775299987.7929688
2011-06-03 10:59:00,1.44893,1.44911,1.44882,1.44891,1730299987.7929688
2011-06-03 11:00:00,1.44892,1.4491,1.44883,1.44898,1416300048.828125
2011-06-03 11:01:00,1.44899,1.44904,1.44891,1.44893,1579499969.4824219
2011-06-03 11:02:00,1.44893,1.44904,1.44879,1.44901,1421300048.828125
2011-06-03 11:03:00,1.44901,1.44929,1.44901,1.44922,765800018.3105469
2011-06-03 11:04:00,1.44921,1.44929,1.44921,1.44929,450000000.0
2011-06-03 11:05:00,1.44927,1.4493,1.44901,1.44929,942699966.4306641
2011-06-03 11:06:00,1.44926,1.44961,1.44924,1.44958,1254499969.4824219
2011-06-03 11:07:00,1.44958,1.44958,1.44923,1.44923,1903600006.1035156
2011-06-03 11:08:00,1.44924,1.44943,1.44924,1.44929,1260199966.430664
2011-06-03 11:09:00,1.44927,1.4493,1.44912,1.44912,771800003.0517578
2011-06-03 11:10:00,1.44913,1.44921,1.44901,1.44911,907500000.0
2011-06-03 11:11:00,1.4491,1.44914,1.44903,1.44903,738799972.5341797
2011-06-03 11:12:00,1.44902,1.44922,1.44902,1.4492,867799987.7929688
2011-06-03 11:13:00,1.4492,1.44932,1.44919,1.4492,999000015.2587891
2011-06-03 11:14:00,1.44919,1.44922,1.44911,1.44919,1003499984.7412109
2011-06-03 11:15:00,1.4492,1.4493,1.44902,1.4491,1388699951.171875
2011-06-03 11:16:00,1.4491,1.44916,1.44892,1.44911,1149100036.6210938
2011-06-03 11:17:00,1.44909,1.44929,1.44903,1.4492,1949299926.7578125
2011-06-03 11:18:00,1.4492,1.44931,1.4491,1.4493,1303500061.0351562
2011-06-03 11:19:00,1.44929,1.44945,1.44929,1.44943,816999969.4824219
2011-06-03 11:20:00,1.44945,1.44945,1.44931,1.44934,1046299972.5341797
2011-06-03 11:21:00,1.44934,1.44941,1.44933,1.44934,652500000.0
2011-06-03 11:22:00,1.44937,1.44943,1.44933,1.44938,710500030.5175781
2011-06-03 11:23:00,1.44938,1.44942,1.44932,1.44932,735000000.0
2011-06-03 11:24:00,1.44933,1.44945,1.44926,1.44932,1101500015.258789
2011-06-03 11:25:00,1.44933,1.44938,1.44924,1.44933,885800018.3105469
2011-06-03 11:26:00,1.44933,1.44963,1.44931,1.44951,1702700042.7246094
2011-06-03 11:27:00,1.44951,1.44959,1.44945,1.44955,1705800018.3105469
2011-06-03 11:28:00,1.4495,1.44971,1.44948,1.44956,1278300018.3105469
2011-06-03 11:29:00,1.44955,1.44955,1.44941,1.44944,1159700012.2070312
2011-06-03 11:30:00,1.44943,1.44963,1.44933,1.44963,1357100067.1386719
2011-06-03 11:31:00,1.44963,1.44971,1.44949,1.44953,1483899993.8964844
2011-06-03 11:32:00,1.44953,1.44959,1.44927,1.44927,1561499938.9648438
2011-06-03 11:33:00,1.44927,1.44944,1.44923,1.44923,1311799926.7578125
2011-06-03 11:34:00,1.44919,1.4493,1.44901,1.44907,1734900054.9316406
2011-06-03 11:35:00,1.44908,1.44918,1.44901,1.44904,1047200012.2070312
2011-06-03 11:36:00,1.44905,1.44919,1.44905,1.44919,489799995.4223633
2011-06-03 11:37:00,1.44921,1.44928,1.44911,1.44924,1226299972.5341797
2011-06-03 11:38:00,1.44923,1.44927,1.44911,1.44914,1224199981.6894531
2011-06-03 11:39:00,1.44915,1.44938,1.4491,1.4493,1855599975.5859375
2011-06-03 11:40:00,1.4493,1.4493,1.44912,1.44921,1160299987.7929688
2011-06-03 11:41:00,1.44921,1.44933,1.44921,1.44927,1093499984.741211
2011-06-03 11:42:00,1.44927,1.44951,1.44912,1.44913,1666499938.9648438
2011-06-03 11:43:00,1.44913,1.44941,1.44912,1.44939,1130999984.741211
2011-06-03 11:44:00,1.44939,1.4496,1.44933,1.44944,1856300048.828125
2011-06-03 11:45:00,1.44944,1.44949,1.44922,1.44926,1798500061.0351562
2011-06-03 11:46:00,1.44929,1.44935,1.44925,1.4493,706500015.2587891
2011-06-03 11:47:00,1.44931,1.44972,1.44931,1.44961,1538300018.3105469
2011-06-03 11:48:00,1.44961,1.44976,1.44945,1.4495,1962899932.8613281
2011-06-03 11:49:00,1.44948,1.44951,1.4493,1.44943,1369100036.6210938
2011-06-03 11:50:00,1.44944,1.44952,1.44928,1.4495,1244199981.6894531
2011-06-03 11:51:00,1.4495,1.45001,1.44949,1.44993,2508300018.310547
2011-06-03 11:52:00,1.44993,1.44999,1.44984,1.44991,2235800018.310547
2011-06-03 11:53:00,1.44993,1.45027,1.44983,1.45018,2229799957.2753906
2011-06-03 11:54:00,1.45018,1.45025,1.45,1.45001,1561199951.171875
2011-06-03 11:55:00,1.45001,1.45012,1.44994,1.4501,1781300048.828125
2011-06-03 11:56:00,1.45009,1.45013,1.45,1.45005,847500000.0
2011-06-03 11:57:00,1.45005,1.45005,1.4497,1.44983,976500015.2587891
2011-06-03 11:58:00,1.44983,1.44995,1.44977,1.44995,770999984.7412109
2011-06-03 11:59:00,1.44995,1.45002,1.44991,1.44999,735000000.0
2011-06-03 12:00:00,1.44997,1.44998,1.44982,1.44987,945000000.0
2011-06-03 12:01:00,1.44987,1.44993,1.44981,1.4499,985899963.3789062
2011-06-03 12:02:00,1.4499,1.4499,1.44966,1.44966,783600006.1035156
2011-06-03 12:03:00,1.44965,1.4497,1.4495,1.44955,1413800048.828125
2011-06-03 12:04:00,1.44955,1.44966,1.44931,1.44931,1856399993.8964844
2011-06-03 12:05:00,1.44931,1.44936,1.44911,1.44919,2080299987.7929688
2011-06-03 12:06:00,1.44918,1.44933,1.44914,1.44914,1522599945.0683594
2011-06-03 12:07:00,1.44915,1.44931,1.44911,1.44931,1107099990.8447266
2011-06-03 12:08:00,1.44932,1.44932,1.44909,1.44914,1592200012.2070312
2011-06-03 12:09:00,1.44914,1.4495,1.44914,1.44934,1842200012.2070312
2011-06-03 12:10:00,1.4493,1.44949,1.44922,1.44922,1487299957.2753906
2011-06-03 12:11:00,1.44923,1.44923,1.44908,1.44915,1383999938.9648438
2011-06-03 12:12:00,1.44916,1.44922,1.44911,1.44911,577500000.0
2011-06-03 12:13:00,1.44912,1.44912,1.4489,1.44895,1196600036.6210938
2011-06-03 12:14:00,1.44893,1.44904,1.44865,1.4488,2388999938.9648438
2011-06-03 12:15:00,1.44878,1.44886,1.4486,1.44884,2508800048.828125
2011-06-03 12:16:00,1.44887,1.44892,1.44865,1.44873,2074400024.4140625
2011-06-03 12:17:00,1.44869,1.44916,1.44866,1.44912,2011499938.9648438
2011-06-03 12:18:00,1.44912,1.44912,1.44897,1.44897,1213600006.1035156
2011-06-03 12:19:00,1.44897,1.44908,1.44879,1.44908,1503300018.3105469
2011-06-03 12:20:00,1.44908,1.44915,1.44892,1.44908,1769299926.7578125
2011-06-03 12:21:00,1.44908,1.44916,1.44879,1.44879,2071100006.1035156
2011-06-03 12:22:00,1.4488,1.44901,1.44879,1.44893,1364299926.7578125
2011-06-03 12:23:00,1.44895,1.4491,1.44881,1.44895,1605500030.5175781
2011-06-03 12:24:00,1.44896,1.44909,1.44891,1.44903,1839299926.7578125
2011-06-03 12:25:00,1.44906,1.4492,1.44901,1.44919,1669799957.2753906
2011-06-03 12:26:00,1.44919,1.44949,1.4491,1.44913,3024599914.5507812
2011-06-03 12:27:00,1.44913,1.44915,1.44873,1.44876,1512100067.1386719
2011-06-03 12:28:00,1.44879,1.44975,1.44879,1.44975,2146600036.6210938
2011-06-03 12:29:00,1.44973,1.44977,1.44916,1.44946,4161199951.171875
2011-06-03 12:30:00,1.44948,1.45106,1.44948,1.44989,5111199951.171875
2011-06-03 12:31:00,1.4499,1.45132,1.4498,1.45087,5269299926.7578125
2011-06-03 12:32:00,1.45084,1.4515,1.45044,1.4515,4818599853.515625
2011-06-03 12:33:00,1.45151,1.4527,1.45151,1.4526,4659299926.7578125
2011-06-03 12:34:00,1.45259,1.45263,1.45186,1.45243,4414400024.4140625
2011-06-03 12:35:00,1.45241,1.45241,1.45046,1.45048,5541900024.4140625
2011-06-03 12:36:00,1.45047,1.45095,1.45011,1.45088,5520399780.2734375
2011-06-03 12:37:00,1.45087,1.45132,1.4506,1.45088,4365599975.5859375
2011-06-03 12:38:00,1.45089,1.45089,1.4493,1.4493,3902200012.2070312
2011-06-03 12:39:00,1.4493,1.44941,1.44868,1.44932,3797399902.34375
2011-06-03 12:40:00,1.44933,1.44933,1.44804,1.44805,3561300048.828125
2011-06-03 12:41:00,1.44806,1.44825,1.44759,1.44807,4211499938.9648438
2011-06-03 12:42:00,1.44807,1.44807,1.44728,1.44741,4748900146.484375
2011-06-03 12:43:00,1.44733,1.44873,1.44732,1.44839,4470100097.65625
2011-06-03 12:44:00,1.44838,1.44838,1.44759,1.44759,4463399963.378906
2011-06-03 12:45:00,1.44759,1.44771,1.44689,1.44721,4588800048.828125
2011-06-03 12:46:00,1.44724,1.44738,1.4465,1.4467,4296799926.7578125
2011-06-03 12:47:00,1.44671,1.44676,1.4457,1.44638,4716000061.035156
2011-06-03 12:48:00,1.44638,1.44651,1.44581,1.44588,3897200012.2070312
2011-06-03 12:49:00,1.44589,1.44602,1.44548,1.44593,4141799926.7578125
2011-06-03 12:50:00,1.44594,1.44711,1.44594,1.44641,3860700073.2421875
2011-06-03 12:51:00,1.44641,1.44711,1.44641,1.44662,3523699951.171875
2011-06-03 12:52:00,1.44666,1.44712,1.44666,1.44693,2437100067.138672
2011-06-03 12:53:00,1.44694,1.44739,1.44694,1.44712,2776000061.0351562
2011-06-03 12:54:00,1.44712,1.44742,1.44689,1.44689,2470000000.0
2011-06-03 12:55:00,1.44687,1.44687,1.44626,1.44641,3788500061.0351562
2011-06-03 12:56:00,1.4464,1.4464,1.44581,1.44618,3637799987.7929688
2011-06-03 12:57:00,1.44617,1.44701,1.44617,1.44688,2142799987.7929688
2011-06-03 12:58:00,1.44687,1.44763,1.44683,1.44762,3230499877.9296875
2011-06-03 12:59:00,1.44757,1.44757,1.44701,1.44729,3037900085.4492188
2011-06-03 13:00:00,1.44728,1.44728,1.44659,1.44711,3380100097.65625
2011-06-03 13:01:00,1.44712,1.44759,1.44712,1.44759,2383600006.1035156
2011-06-03 13:02:00,1.44759,1.44785,1.44751,1.44768,2578699951.171875
2011-06-03 13:03:00,1.44765,1.44787,1.4471,1.44715,3128299865.7226562
2011-06-03 13:04:00,1.44721,1.44772,1.44713,1.44767,3276099853.515625
2011-06-03 13:05:00,1.44766,1.44811,1.44761,1.448,3748599853.515625
2011-06-03 13:06:00,1.44801,1.44924,1.44791,1.44913,2771199951.171875
2011-06-03 13:07:00,1.44911,1.44911,1.44863,1.44881,3333900146.484375
2011-06-03 13:08:00,1.44884,1.45,1.44882,1.4499,3360299987.7929688
2011-06-03 13:09:00,1.4499,1.45147,1.44989,1.45147,4454599914.550781
2011-06-03 13:10:00,1.45149,1.45318,1.45149,1.45272,5807600097.65625
2011-06-03 13:11:00,1.45269,1.45307,1.45224,1.45269,4207600097.65625
2011-06-03 13:12:00,1.4527,1.4527,1.4517,1.45193,4159299926.7578125
2011-06-03 13:13:00,1.45192,1.45257,1.45192,1.45255,3651600036.6210938
2011-06-03 13:14:00,1.45256,1.45259,1.45162,1.4517,4113699951.171875
2011-06-03 13:15:00,1.45169,1.45226,1.45159,1.45211,3495599975.5859375
2011-06-03 13:16:00,1.45211,1.45216,1.45151,1.45157,3024500122.0703125
2011-06-03 13:17:00,1.45155,1.45155,1.45067,1.45079,3328900146.484375
2011-06-03 13:18:00,1.4508,1.4513,1.45079,1.45089,3917099914.5507812
2011-06-03 13:19:00,1.45089,1.45117,1.45041,1.45055,2978900146.484375
2011-06-03 13:20:00,1.45057,1.45171,1.45057,1.45166,3389800109.8632812
2011-06-03 13:21:00,1.45163,1.45217,1.45138,1.45191,3670100097.65625
2011-06-03 13:22:00,1.45191,1.45259,1.45191,1.45259,3688900146.484375
2011-06-03 13:23:00,1.45259,1.45272,1.4523,1.4523,3392999877.9296875
2011-06-03 13:24:00,1.45235,1.45235,1.45189,1.45227,3753399963.3789062
2011-06-03 13:25:00,1.45227,1.45275,1.45227,1.4526,3431900024.4140625
2011-06-03 13:26:00,1.45259,1.45262,1.45233,1.45233,2920499877.9296875
2011-06-03 13:27:00,1.45231,1.45231,1.45156,1.4519,2619500122.0703125
2011-06-03 13:28:00,1.4519,1.45192,1.45169,1.45192,1443099975.5859375
2011-06-03 13:29:00,1.45191,1.45244,1.45183,1.45221,2447599945.0683594
2011-06-03 13:30:00,1.45223,1.45229,1.45175,1.45186,3723200073.2421875
2011-06-03 13:31:00,1.45187,1.45187,1.45135,1.45151,2892600097.65625
2011-06-03 13:32:00,1.45151,1.45223,1.45136,1.45195,2952799987.7929688
2011-06-03 13:33:00,1.45196,1.45204,1.45172,1.45203,2474700012.2070312
2011-06-03 13:34:00,1.45201,1.45274,1.45185,1.45259,3496099853.515625
2011-06-03 13:35:00,1.45258,1.45306,1.45248,1.45254,3296799926.7578125
2011-06-03 13:36:00,1.45254,1.45254,1.45175,1.45175,3872600097.65625
2011-06-03 13:37:00,1.45172,1.45186,1.45087,1.45089,3507399902.34375
2011-06-03 13:38:00,1.45089,1.4522,1.45089,1.45204,5288400268.5546875
2011-06-03 13:39:00,1.45202,1.4527,1.45192,1.4527,4716000061.035156
2011-06-03 13:40:00,1.45273,1.45335,1.45209,1.45212,5643599853.515625
2011-06-03 13:41:00,1.45214,1.45262,1.45197,1.45229,3350199890.1367188
2011-06-03 13:42:00,1.4523,1.45275,1.4523,1.45268,3122600097.65625
2011-06-03 13:43:00,1.45269,1.45287,1.45225,1.45283,3816000061.0351562
2011-06-03 13:44:00,1.45284,1.45408,1.45284,1.4534,5081600036.621094
2011-06-03 13:45:00,1.4534,1.45437,1.4534,1.45416,3916700134.2773438
2011-06-03 13:46:00,1.45418,1.4547,1.45418,1.4547,3880599975.5859375
2011-06-03 13:47:00,1.45471,1.45477,1.45435,1.45461,3099200134.2773438
2011-06-03 13:48:00,1.45459,1.45518,1.45459,1.45494,4015799865.7226562
2011-06-03 13:49:00,1.45491,1.45491,1.45405,1.45433,3303500061.0351562
2011-06-03 13:50:00,1.45435,1.45516,1.45433,1.45515,3317699890.1367188
2011-06-03 13:51:00,1.45518,1.4558,1.45517,1.45518,3414800109.8632812
2011-06-03 13:52:00,1.45516,1.45552,1.45511,1.45551,3629500122.0703125
2011-06-03 13:53:00,1.45552,1.45561,1.45469,1.45473,3504500122.0703125
2011-06-03 13:54:00,1.45472,1.45491,1.45437,1.45437,3105899963.3789062
2011-06-03 13:55:00,1.45438,1.45441,1.45406,1.45411,2220299987.7929688
2011-06-03 13:56:00,1.45411,1.45469,1.45411,1.4545,2350500030.517578
2011-06-03 13:57:00,1.45449,1.45449,1.45429,1.45432,1958099975.5859375
2011-06-03 13:58:00,1.45433,1.45439,1.45412,1.45429,2411999969.482422
2011-06-03 13:59:00,1.45429,1.45454,1.45414,1.45422,3671700134.2773438
2011-06-03 14:00:00,1.45421,1.45503,1.45383,1.45383,3726199951.171875
2011-06-03 14:01:00,1.45383,1.45403,1.45367,1.45403,2765199890.1367188
2011-06-03 14:02:00,1.45404,1.45413,1.45359,1.45394,3141400146.484375
2011-06-03 14:03:00,1.45396,1.4542,1.45358,1.45415,3316600036.6210938
2011-06-03 14:04:00,1.45417,1.45545,1.45417,1.45519,3464200134.2773438
2011-06-03 14:05:00,1.45518,1.45518,1.45451,1.45481,3468399963.3789062
2011-06-03 14:06:00,1.45481,1.45489,1.4539,1.45397,3202699890.1367188
2011-06-03 14:07:00,1.45396,1.45458,1.45365,1.45458,3809299926.7578125
2011-06-03 14:08:00,1.4546,1.45533,1.45449,1.45533,3816099853.515625
2011-06-03 14:09:00,1.45536,1.45556,1.45507,1.45536,3823900146.484375
2011-06-03 14:10:00,1.45535,1.45615,1.4551,1.45604,3530000000.0
2011-06-03 14:11:00,1.45604,1.4561,1.45565,1.45592,4044500122.0703125
2011-06-03 14:12:00,1.45595,1.4561,1.45529,1.4554,3940799865.7226562
2011-06-03 14:13:00,1.45541,1.45561,1.455,1.455,2730899963.3789062
2011-06-03 14:14:00,1.45497,1.45546,1.45495,1.45512,3665499877.9296875
2011-06-03 14:15:00,1.45518,1.45578,1.45515,1.45573,3428200073.2421875
2011-06-03 14:16:00,1.45571,1.45579,1.4551,1.45544,3694299926.7578125
2011-06-03 14:17:00,1.45544,1.4558,1.45544,1.4558,2616199951.171875
2011-06-03 14:18:00,1.4558,1.4561,1.45571,1.45601,2616400146.484375
2011-06-03 14:19:00,1.45601,1.45613,1.45559,1.45575,3122399902.34375
2011-06-03 14:20:00,1.45575,1.45584,1.45556,1.45576,2742600097.65625
2011-06-03 14:21:00,1.45575,1.45575,1.45536,1.45566,3115199890.1367188
2011-06-03 14:22:00,1.45565,1.45597,1.45545,1.45596,2891499938.9648438
2011-06-03 14:23:00,1.45596,1.45623,1.45575,1.45581,3452799987.7929688
2011-06-03 14:24:00,1.45582,1.45621,1.4558,1.45615,2601499938.9648438
2011-06-03 14:25:00,1.45617,1.45654,1.45581,1.4564,3786499938.9648438
2011-06-03 14:26:00,1.45641,1.45732,1.45626,1.45728,3302200012.2070312
2011-06-03 14:27:00,1.45723,1.45772,1.45716,1.45754,5405000000.0
2011-06-03 14:28:00,1.45756,1.45765,1.45732,1.45732,3703299865.7226562
2011-06-03 14:29:00,1.45734,1.45804,1.45722,1.45733,4192000122.0703125
2011-06-03 14:30:00,1.45735,1.45771,1.457,1.45763,3927200012.2070312
2011-06-03 14:31:00,1.45762,1.45833,1.45748,1.4577,4053500061.0351562
2011-06-03 14:32:00,1.4577,1.45787,1.45742,1.45742,3203099975.5859375
2011-06-03 14:33:00,1.45741,1.45763,1.45709,1.45735,3537399902.34375
2011-06-03 14:34:00,1.45732,1.45758,1.45724,1.45743,2904200134.2773438
2011-06-03 14:35:00,1.45749,1.45777,1.45741,1.45741,2871000061.0351562
2011-06-03 14:36:00,1.4574,1.4574,1.45689,1.4569,3234599914.5507812
2011-06-03 14:37:00,1.45691,1.45691,1.45649,1.45678,2319199981.689453
2011-06-03 14:38:00,1.45678,1.45719,1.45678,1.45681,2735100097.65625
2011-06-03 14:39:00,1.4568,1.45706,1.45673,1.45688,2585599975.5859375
2011-06-03 14:40:00,1.45687,1.45718,1.45669,1.4571,3231700134.2773438
2011-06-03 14:41:00,1.45711,1.45732,1.45681,1.45715,2659100036.6210938
2011-06-03 14:42:00,1.45709,1.45718,1.45687,1.45709,2418999938.9648438
2011-06-03 14:43:00,1.45709,1.45752,1.45706,1.4573,2179799957.2753906
2011-06-03 14:44:00,1.4573,1.4575,1.45699,1.45705,2412400054.9316406
2011-06-03 14:45:00,1.45703,1.45771,1.45696,1.45759,2351499938.9648438
2011-06-03 14:46:00,1.45757,1.45757,1.45717,1.45731,2588399963.3789062
2011-06-03 14:47:00,1.4573,1.45733,1.45673,1.45694,1910800018.3105469
2011-06-03 14:48:00,1.45695,1.45695,1.45669,1.45669,2450500030.517578
2011-06-03 14:49:00,1.45671,1.45684,1.45638,1.45661,3023599853.515625
2011-06-03 14:50:00,1.45661,1.4569,1.45658,1.45677,2277100067.138672
2011-06-03 14:51:00,1.45679,1.45711,1.45665,1.45669,2888099975.5859375
2011-06-03 14:52:00,1.45669,1.45698,1.45644,1.45694,2413800048.828125
2011-06-03 14:53:00,1.45693,1.45694,1.45643,1.45656,2558000030.517578
2011-06-03 14:54:00,1.45655,1.45661,1.45611,1.45637,2929800109.8632812
2011-06-03 14:55:00,1.45638,1.45698,1.45638,1.45681,2643900146.484375
2011-06-03 14:56:00,1.45681,1.45687,1.45658,1.45687,1681900024.4140625
2011-06-03 14:57:00,1.45687,1.45699,1.45639,1.4564,3672000122.0703125
2011-06-03 14:58:00,1.45641,1.45642,1.45621,1.45628,2266900024.4140625
2011-06-03 14:59:00,1.45629,1.45664,1.45623,1.45649,2338999938.9648438
2011-06-03 15:00:00,1.45649,1.4571,1.45649,1.45699,2296699981.689453
2011-06-03 15:01:00,1.457,1.45739,1.457,1.45729,2190399932.861328
2011-06-03 15:02:00,1.45729,1.45771,1.45729,1.45731,2873099975.5859375
2011-06-03 15:03:00,1.45732,1.45753,1.45724,1.45753,2433600006.1035156
2011-06-03 15:04:00,1.45754,1.4578,1.45741,1.45763,2653699951.171875
2011-06-03 15:05:00,1.45764,1.45769,1.4569,1.45691,3900899963.3789062
2011-06-03 15:06:00,1.45692,1.45706,1.45656,1.45678,2482299957.2753906
2011-06-03 15:07:00,1.45678,1.4572,1.4567,1.45714,1763300018.3105469
2011-06-03 15:08:00,1.45711,1.45711,1.45648,1.45656,2607300109.8632812
2011-06-03 15:09:00,1.45657,1.45697,1.45648,1.4569,2445500030.517578
2011-06-03 15:10:00,1.45688,1.4569,1.45664,1.45666,1676300048.828125
2011-06-03 15:11:00,1.45665,1.45677,1.45663,1.45668,1523999938.9648438
2011-06-03 15:12:00,1.45669,1.45669,1.45629,1.45658,2054600067.1386719
2011-06-03 15:13:00,1.45658,1.45676,1.45652,1.45656,2407799987.7929688
2011-06-03 15:14:00,1.45656,1.45669,1.45653,1.45656,1894900054.9316406
2011-06-03 15:15:00,1.45656,1.45683,1.45652,1.45656,2184900054.9316406
2011-06-03 15:16:00,1.45654,1.45661,1.45621,1.45651,2684400024.4140625
2011-06-03 15:17:00,1.4565,1.4567,1.45633,1.45637,2038200073.2421875
2011-06-03 15:18:00,1.45637,1.45703,1.45635,1.45703,1663500061.0351562
2011-06-03 15:19:00,1.45704,1.45757,1.45686,1.45708,4022799987.7929688
2011-06-03 15:20:00,1.45707,1.45767,1.45685,1.45767,4222300109.8632812
2011-06-03 15:21:00,1.45767,1.4583,1.45767,1.45803,4040899963.3789062
2011-06-03 15:22:00,1.45802,1.45811,1.45771,1.45772,3102000122.0703125
2011-06-03 15:23:00,1.45772,1.45871,1.45765,1.45844,3060899963.3789062
2011-06-03 15:24:00,1.45843,1.45843,1.45735,1.45739,2877600097.65625
2011-06-03 15:25:00,1.45735,1.45792,1.45733,1.45756,2981700134.2773438
2011-06-03 15:26:00,1.45751,1.45761,1.45726,1.45739,1727200012.2070312
2011-06-03 15:27:00,1.45738,1.45738,1.45689,1.45696,2432700042.7246094
2011-06-03 15:28:00,1.45698,1.45702,1.45648,1.45649,2925100097.65625
2011-06-03 15:29:00,1.4565,1.45709,1.4565,1.45689,2901600036.6210938
2011-06-03 15:30:00,1.45687,1.45777,1.45686,1.45773,3732600097.65625
2011-06-03 15:31:00,1.45772,1.45817,1.45752,1.45771,2878999938.9648438
2011-06-03 15:32:00,1.45771,1.45811,1.45769,1.4581,3014500122.0703125
2011-06-03 15:33:00,1.4581,1.45822,1.45789,1.45801,2116799926.7578125
2011-06-03 15:34:00,1.45801,1.45813,1.45767,1.4577,1775500030.5175781
2011-06-03 15:35:00,1.45771,1.45775,1.45749,1.45762,1523600006.1035156
2011-06-03 15:36:00,1.45763,1.45869,1.45763,1.45867,3178299865.7226562
2011-06-03 15:37:00,1.45865,1.45873,1.45791,1.45791,3325700073.2421875
2011-06-03 15:38:00,1.45791,1.45848,1.45784,1.45796,2736000061.0351562
2011-06-03 15:39:00,1.45796,1.45837,1.45779,1.45782,2630199890.1367188
2011-06-03 15:40:00,1.45782,1.45798,1.45754,1.45798,2471999969.482422
2011-06-03 15:41:00,1.45799,1.45907,1.45787,1.45895,3413200073.2421875
2011-06-03 15:42:00,1.45894,1.45894,1.45866,1.45874,2706400146.484375
2011-06-03 15:43:00,1.45878,1.45887,1.45849,1.45853,2143600006.1035156
2011-06-03 15:44:00,1.45856,1.45876,1.45841,1.4587,2501300048.828125
2011-06-03 15:45:00,1.4587,1.45896,1.45848,1.45888,1676300048.828125
2011-06-03 15:46:00,1.45889,1.45891,1.45851,1.4587,2256399993.8964844
2011-06-03 15:47:00,1.45872,1.4591,1.45868,1.45908,2519299926.7578125
2011-06-03 15:48:00,1.45907,1.45929,1.45893,1.459,2792000122.0703125
2011-06-03 15:49:00,1.45902,1.45937,1.45902,1.45914,3392600097.65625
2011-06-03 15:50:00,1.45913,1.45932,1.45903,1.45932,1956799926.7578125
2011-06-03 15:51:00,1.45931,1.45944,1.45922,1.45933,1623500061.0351562
2011-06-03 15:52:00,1.45931,1.45952,1.45925,1.45947,1802700042.7246094
2011-06-03 15:53:00,1.45948,1.45964,1.45945,1.45958,1729499969.4824219
2011-06-03 15:54:00,1.45958,1.45986,1.45941,1.45986,2574899902.34375
2011-06-03 15:55:00,1.45987,1.45999,1.45979,1.45985,3336900024.4140625
2011-06-03 15:56:00,1.45982,1.46003,1.45958,1.45986,2595799865.7226562
2011-06-03 15:57:00,1.45986,1.46019,1.45979,1.45982,3164100036.6210938
2011-06-03 15:58:00,1.45983,1.4602,1.45983,1.46018,2699299926.7578125
2011-06-03 15:59:00,1.46018,1.46037,1.46012,1.46029,2407799987.7929688
2011-06-03 16:00:00,1.46029,1.4606,1.46021,1.46027,2381000061.0351562
2011-06-03 16:01:00,1.46026,1.46048,1.46009,1.46019,2647099914.5507812
2011-06-03 16:02:00,1.46019,1.46019,1.46,1.46012,1786600036.6210938
2011-06-03 16:03:00,1.46012,1.46047,1.46012,1.46031,1841300048.828125
2011-06-03 16:04:00,1.46031,1.46031,1.45982,1.45991,2029600067.1386719
2011-06-03 16:05:00,1.45992,1.45996,1.4594,1.4595,2533500061.0351562
2011-06-03 16:06:00,1.45951,1.45969,1.45951,1.45958,2687799987.7929688
2011-06-03 16:07:00,1.45958,1.45965,1.45947,1.45958,1657500000.0
2011-06-03 16:08:00,1.45958,1.45976,1.45942,1.45969,2653999938.9648438
2011-06-03 16:09:00,1.45968,1.45979,1.45958,1.45958,2091499938.9648438
2011-06-03 16:10:00,1.4596,1.45967,1.45943,1.45957,1585500030.5175781
2011-06-03 16:11:00,1.45958,1.45978,1.4595,1.45978,1753600006.1035156
2011-06-03 16:12:00,1.45978,1.46001,1.45978,1.45984,2095099945.0683594
2011-06-03 16:13:00,1.45984,1.45988,1.45966,1.45978,1649499969.4824219
2011-06-03 16:14:00,1.45979,1.45987,1.45959,1.45959,2140399932.8613281
2011-06-03 16:15:00,1.45966,1.45998,1.45956,1.45993,1708600006.1035156
2011-06-03 16:16:00,1.45992,1.46007,1.45984,1.46004,2588200073.2421875
2011-06-03 16:17:00,1.46005,1.46028,1.46005,1.46017,2548500061.0351562
2011-06-03 16:18:00,1.46018,1.46067,1.46018,1.46067,2793999938.9648438
2011-06-03 16:19:00,1.46068,1.4608,1.46047,1.4608,2520500030.517578
2011-06-03 16:20:00,1.4608,1.46188,1.46074,1.46183,3387200012.2070312
2011-06-03 16:21:00,1.46182,1.4621,1.46161,1.46206,4038399963.3789062
2011-06-03 16:22:00,1.46207,1.46279,1.46207,1.46259,4951199951.171875
2011-06-03 16:23:00,1.4626,1.46318,1.46222,1.46303,3333800048.828125
2011-06-03 16:24:00,1.46303,1.46316,1.46281,1.463,2564899902.34375
2011-06-03 16:25:00,1.46299,1.46315,1.46269,1.46315,2883900146.484375
2011-06-03 16:26:00,1.46319,1.46348,1.46317,1.46337,3434899902.34375
2011-06-03 16:27:00,1.46337,1.46355,1.4632,1.46328,3132000122.0703125
2011-06-03 16:28:00,1.46327,1.4634,1.46315,1.46337,2913399963.3789062
2011-06-03 16:29:00,1.46339,1.46356,1.46319,1.4633,2657000122.0703125
2011-06-03 16:30:00,1.4633,1.46388,1.46315,1.46365,3384400024.4140625
2011-06-03 16:31:00,1.46362,1.46366,1.46325,1.46327,2562799987.7929688
2011-06-03 16:32:00,1.46329,1.46338,1.46306,1.46307,1955500030.5175781
2011-06-03 16:33:00,1.46307,1.46334,1.46305,1.46325,1402500000.0
2011-06-03 16:34:00,1.46324,1.46335,1.46316,1.4632,1876100006.1035156
2011-06-03 16:35:00,1.46325,1.46325,1.46297,1.463,1870299987.7929688
2011-06-03 16:36:00,1.463,1.46317,1.46297,1.46312,2599599914.5507812
2011-06-03 16:37:00,1.4631,1.4636,1.4631,1.46358,2431499938.9648438
2011-06-03 16:38:00,1.46357,1.46388,1.46344,1.46345,1739900054.9316406
2011-06-03 16:39:00,1.4635,1.46357,1.46341,1.46342,2254499969.482422
2011-06-03 16:40:00,1.46347,1.46367,1.4634,1.4636,1067399978.6376953
2011-06-03 16:41:00,1.4636,1.46363,1.46339,1.46355,1622500000.0
2011-06-03 16:42:00,1.46356,1.46366,1.46315,1.46315,2667300109.8632812
2011-06-03 16:43:00,1.46316,1.46316,1.46279,1.46284,2708800048.828125
2011-06-03 16:44:00,1.46286,1.46311,1.46286,1.4631,991500015.2587891
2011-06-03 16:45:00,1.4631,1.46368,1.4631,1.46367,1805899963.3789062
2011-06-03 16:46:00,1.46367,1.46386,1.46326,1.46327,1632100067.1386719
2011-06-03 16:47:00,1.46327,1.46351,1.46316,1.46337,1581100006.1035156
2011-06-03 16:48:00,1.46336,1.46351,1.46323,1.46344,2020599975.5859375
2011-06-03 16:49:00,1.46346,1.46403,1.46345,1.46403,2777399902.34375
2011-06-03 16:50:00,1.46403,1.46403,1.46355,1.46369,2241300048.828125
2011-06-03 16:51:00,1.46369,1.46386,1.46347,1.46363,1406199951.171875
2011-06-03 16:52:00,1.46363,1.4637,1.46333,1.46333,1273499984.741211
2011-06-03 16:53:00,1.46333,1.46336,1.46313,1.46327,1516600036.6210938
2011-06-03 16:54:00,1.46329,1.46349,1.46314,1.46349,2098500061.0351562
2011-06-03 16:55:00,1.46356,1.46358,1.46333,1.46337,2184100036.6210938
2011-06-03 16:56:00,1.46334,1.46334,1.46309,1.46311,823399963.3789062
2011-06-03 16:57:00,1.46311,1.46325,1.46307,1.46317,1368099975.5859375
2011-06-03 16:58:00,1.46317,1.46336,1.46301,1.46327,1784900054.9316406
2011-06-03 16:59:00,1.46328,1.46333,1.46286,1.46298,3036799926.7578125
2011-06-03 17:00:00,1.46298,1.46305,1.46269,1.4627,1800000000.0
2011-06-03 17:01:00,1.4627,1.46299,1.46267,1.46287,1290000000.0
2011-06-03 17:02:00,1.46288,1.4629,1.46268,1.46275,950699996.9482422
2011-06-03 17:03:00,1.46277,1.46277,1.46266,1.46276,1359299926.7578125
2011-06-03 17:04:00,1.46275,1.46309,1.46267,1.46309,1107799987.7929688
2011-06-03 17:05:00,1.46308,1.46308,1.46292,1.46302,1190999984.741211
2011-06-03 17:06:00,1.463,1.46307,1.46285,1.46298,913499984.7412109
2011-06-03 17:07:00,1.46299,1.46317,1.46286,1.46299,892500000.0
2011-06-03 17:08:00,1.46292,1.46298,1.46282,1.46293,937500000.0
2011-06-03 17:09:00,1.46294,1.46303,1.46274,1.46276,427500000.0
2011-06-03 17:10:00,1.46275,1.46275,1.46238,1.46238,1637299957.2753906
2011-06-03 17:11:00,1.46238,1.46249,1.46235,1.46238,1175999984.741211
2011-06-03 17:12:00,1.46238,1.4627,1.46238,1.46269,1107900009.1552734
2011-06-03 17:13:00,1.4627,1.4629,1.46269,1.46269,1164700012.2070312
2011-06-03 17:14:00,1.46268,1.4627,1.4626,1.46261,1108499984.741211
2011-06-03 17:15:00,1.46261,1.46288,1.4626,1.46281,1259199981.6894531
2011-06-03 17:16:00,1.46281,1.4629,1.46281,1.46289,787399978.6376953
2011-06-03 17:17:00,1.4629,1.4629,1.46262,1.46266,945000000.0
2011-06-03 17:18:00,1.46265,1.46265,1.46257,1.46261,573699989.3188477
2011-06-03 17:19:00,1.46266,1.46272,1.46259,1.4626,889599990.8447266
2011-06-03 17:20:00,1.46261,1.46268,1.46259,1.46259,420000000.0
2011-06-03 17:21:00,1.46259,1.46278,1.46249,1.46278,855000000.0
2011-06-03 17:22:00,1.46278,1.46279,1.46245,1.46245,1117500000.0
2011-06-03 17:23:00,1.46245,1.46245,1.46216,1.46223,1625899963.3789062
2011-06-03 17:24:00,1.46223,1.46227,1.46214,1.46222,1155699996.9482422
2011-06-03 17:25:00,1.46222,1.46226,1.46211,1.46211,1443000030.5175781
2011-06-03 17:26:00,1.46212,1.46221,1.46211,1.46216,761299972.5341797
2011-06-03 17:27:00,1.46216,1.46229,1.46183,1.46229,2181100006.1035156
2011-06-03 17:28:00,1.46231,1.46242,1.46198,1.46202,1386000061.0351562
2011-06-03 17:29:00,1.46201,1.46229,1.46197,1.46225,1249499969.4824219
2011-06-03 17:30:00,1.46225,1.46239,1.46225,1.46232,1311000061.0351562
2011-06-03 17:31:00,1.46232,1.46233,1.46216,1.46216,1080000000.0
2011-06-03 17:32:00,1.46214,1.46221,1.46204,1.46221,711100006.1035156
2011-06-03 17:33:00,1.46226,1.46229,1.46216,1.46216,967500000.0
2011-06-03 17:34:00,1.46213,1.46226,1.46207,1.46216,942600021.3623047
2011-06-03 17:35:00,1.46214,1.46214,1.46188,1.46207,787500000.0
2011-06-03 17:36:00,1.46207,1.46207,1.46194,1.46198,711699981.6894531
2011-06-03 17:37:00,1.46199,1.46204,1.46197,1.46204,555000000.0
2011-06-03 17:38:00,1.46204,1.4622,1.46203,1.46213,1207500000.0
2011-06-03 17:39:00,1.46213,1.46218,1.46201,1.46212,1450500030.5175781
2011-06-03 17:40:00,1.46214,1.46222,1.46214,1.46222,660000000.0
2011-06-03 17:41:00,1.46222,1.46269,1.46221,1.46269,1665200042.7246094
2011-06-03 17:42:00,1.46269,1.46279,1.46259,1.46265,1089700012.2070312
2011-06-03 17:43:00,1.46264,1.4627,1.46246,1.46249,2227500000.0
2011-06-03 17:44:00,1.4625,1.46251,1.46239,1.46248,808499984.7412109
2011-06-03 17:45:00,1.46249,1.46249,1.46235,1.4624,320999984.74121094
2011-06-03 17:46:00,1.46247,1.4625,1.46237,1.46249,804700012.2070312
2011-06-03 17:47:00,1.4625,1.46256,1.46244,1.46251,763499984.7412109
2011-06-03 17:48:00,1.46249,1.46331,1.46249,1.46316,2394900054.9316406
2011-06-03 17:49:00,1.46316,1.46338,1.46313,1.46327,1830299987.7929688
2011-06-03 17:50:00,1.46326,1.46329,1.46306,1.46309,925599975.5859375
2011-06-03 17:51:00,1.46307,1.4632,1.46307,1.46307,1078399963.3789062
2011-06-03 17:52:00,1.4631,1.46332,1.4631,1.46328,841500015.2587891
2011-06-03 17:53:00,1.46327,1.46328,1.46317,1.46326,532000007.62939453
2011-06-03 17:54:00,1.46324,1.4635,1.46324,1.46337,1458899993.8964844
2011-06-03 17:55:00,1.46338,1.46343,1.46334,1.46339,810000000.0
2011-06-03 17:56:00,1.4634,1.46349,1.46331,1.46331,502500000.0
2011-06-03 17:57:00,1.46331,1.46331,1.46301,1.46315,1132900009.1552734
2011-06-03 17:58:00,1.46313,1.46318,1.46309,1.46316,845999984.7412109
2011-06-03 17:59:00,1.46315,1.46323,1.46301,1.46323,1581399993.8964844
2011-06-03 18:00:00,1.46321,1.46324,1.46286,1.46309,1277500000.0
2011-06-03 18:01:00,1.46306,1.46307,1.46287,1.46287,466500015.25878906
2011-06-03 18:02:00,1.46286,1.46288,1.4627,1.46283,1281799926.7578125
2011-06-03 18:03:00,1.46283,1.46285,1.46253,1.46258,949599990.8447266
2011-06-03 18:04:00,1.46258,1.46258,1.46235,1.46251,1165100021.3623047
2011-06-03 18:05:00,1.46252,1.46257,1.46236,1.46238,924599990.8447266
2011-06-03 18:06:00,1.46238,1.4626,1.46236,1.46258,957099990.8447266
2011-06-03 18:07:00,1.46257,1.46287,1.46254,1.46285,1073300018.3105469
2011-06-03 18:08:00,1.46285,1.46308,1.46265,1.46298,2218000030.517578
2011-06-03 18:09:00,1.46291,1.46292,1.4629,1.4629,97500000.0
2011-06-03 18:10:00,1.46291,1.46311,1.46291,1.46311,799499969.4824219
2011-06-03 18:11:00,1.46311,1.46348,1.46311,1.46335,2344199981.689453
2011-06-03 18:12:00,1.46334,1.46334,1.46306,1.46307,1604499969.4824219
2011-06-03 18:13:00,1.46308,1.4631,1.46271,1.46279,1297599945.0683594
2011-06-03 18:14:00,1.4628,1.46337,1.4628,1.4631,2207899932.861328
2011-06-03 18:15:00,1.46309,1.46347,1.46309,1.46336,1733999938.9648438
2011-06-03 18:16:00,1.46334,1.46341,1.46323,1.46325,2699299926.7578125
2011-06-03 18:17:00,1.46326,1.46352,1.46323,1.46346,1592899932.8613281
2011-06-03 18:18:00,1.46345,1.46349,1.46328,1.46333,1315500030.5175781
2011-06-03 18:19:00,1.46339,1.46341,1.46331,1.46331,1145999984.741211
2011-06-03 18:20:00,1.46331,1.46339,1.46329,1.46339,1308000030.5175781
2011-06-03 18:21:00,1.46339,1.46342,1.46329,1.46329,960000000.0
2011-06-03 18:22:00,1.4633,1.4633,1.46309,1.46317,1594600067.1386719
2011-06-03 18:23:00,1.46317,1.46352,1.46316,1.46343,1168499984.741211
2011-06-03 18:24:00,1.46342,1.46342,1.46318,1.46333,1120599975.5859375
2011-06-03 18:25:00,1.46333,1.4634,1.4633,1.46331,964499969.4824219
2011-06-03 18:26:00,1.46332,1.4634,1.46331,1.4634,916500015.2587891
2011-06-03 18:27:00,1.46339,1.46388,1.46338,1.46376,1665000000.0
2011-06-03 18:28:00,1.46378,1.46409,1.46378,1.46402,1369499969.4824219
2011-06-03 18:29:00,1.46404,1.46411,1.46389,1.46397,1363999938.9648438
2011-06-03 18:30:00,1.46395,1.46395,1.46368,1.46394,1596000061.0351562
2011-06-03 18:31:00,1.46394,1.46399,1.46385,1.46386,853700027.4658203
2011-06-03 18:32:00,1.46386,1.46391,1.46383,1.46389,1276699981.6894531
2011-06-03 18:33:00,1.46389,1.46391,1.46373,1.46377,885800018.3105469
2011-06-03 18:34:00,1.46375,1.46386,1.46361,1.46381,1264599990.8447266
2011-06-03 18:35:00,1.46381,1.46399,1.46381,1.46397,1567500000.0
2011-06-03 18:36:00,1.46397,1.464,1.46377,1.46386,850500030.5175781
2011-06-03 18:37:00,1.46387,1.46388,1.46366,1.46368,1332500000.0
2011-06-03 18:38:00,1.46368,1.46369,1.46366,1.46368,474099998.4741211
2011-06-03 18:39:00,1.46367,1.46368,1.46357,1.46368,562500000.0
2011-06-03 18:40:00,1.46368,1.46377,1.46343,1.46355,1341199951.171875
2011-06-03 18:41:00,1.46355,1.46369,1.46349,1.46359,1421000061.0351562
2011-06-03 18:42:00,1.46365,1.46376,1.46365,1.4637,892500000.0
2011-06-03 18:43:00,1.4637,1.46385,1.4637,1.46377,943600006.1035156
2011-06-03 18:44:00,1.46379,1.46387,1.46374,1.46385,1728000030.5175781
2011-06-03 18:45:00,1.46386,1.46399,1.46379,1.46397,877900009.1552734
2011-06-03 18:46:00,1.46397,1.46397,1.46368,1.46376,1521199951.171875
2011-06-03 18:47:00,1.46376,1.464,1.46376,1.46393,1758000030.5175781
2011-06-03 18:48:00,1.46394,1.46419,1.46393,1.46414,3656199951.171875
2011-06-03 18:49:00,1.46413,1.46423,1.46403,1.46417,1059700012.2070312
2011-06-03 18:50:00,1.46417,1.46419,1.46409,1.46415,747699966.4306641
2011-06-03 18:51:00,1.4641,1.4641,1.46352,1.46355,1745899963.3789062
2011-06-03 18:52:00,1.46355,1.46366,1.46345,1.46349,1137099990.8447266
2011-06-03 18:53:00,1.46348,1.46368,1.46345,1.46368,1287299957.2753906
2011-06-03 18:54:00,1.46368,1.46368,1.4632,1.4632,1818899993.8964844
2011-06-03 18:55:00,1.4632,1.46333,1.46313,1.46332,936200027.4658203
2011-06-03 18:56:00,1.46332,1.46346,1.46319,1.46319,1477500000.0
2011-06-03 18:57:00,1.46319,1.46319,1.46297,1.46297,733499984.7412109
2011-06-03 18:58:00,1.46291,1.46299,1.46279,1.46282,1682299957.2753906
2011-06-03 18:59:00,1.46281,1.46281,1.46224,1.4623,2143500061.0351562
2011-06-03 19:00:00,1.46231,1.46233,1.46202,1.46223,1876799926.7578125
2011-06-03 19:01:00,1.46223,1.46238,1.46217,1.46231,1512799987.7929688
2011-06-03 19:02:00,1.46231,1.46249,1.4623,1.46241,949899978.6376953
2011-06-03 19:03:00,1.46241,1.46255,1.46217,1.46246,1413399963.3789062
2011-06-03 19:04:00,1.46245,1.46279,1.46245,1.46252,1479100036.6210938
2011-06-03 19:05:00,1.46251,1.46251,1.46224,1.46231,1548800048.828125
2011-06-03 19:06:00,1.4623,1.46241,1.46197,1.46201,1693600006.1035156
2011-06-03 19:07:00,1.46201,1.4623,1.462,1.46222,1239000015.258789
2011-06-03 19:08:00,1.46222,1.46233,1.46221,1.46231,372000007.62939453
2011-06-03 19:09:00,1.46231,1.46231,1.46201,1.46203,907500000.0
2011-06-03 19:10:00,1.46203,1.46225,1.46201,1.46206,1011100006.1035156
2011-06-03 19:11:00,1.46205,1.46211,1.46172,1.46178,1470899963.3789062
2011-06-03 19:12:00,1.46179,1.46198,1.46177,1.46188,1644100036.6210938
2011-06-03 19:13:00,1.46187,1.46188,1.46168,1.46177,1350800018.3105469
2011-06-03 19:14:00,1.46177,1.4619,1.46171,1.4618,838499984.7412109
2011-06-03 19:15:00,1.46181,1.46207,1.46179,1.46206,980999984.7412109
2011-06-03 19:16:00,1.4621,1.46232,1.4621,1.46222,1045199966.4306641
2011-06-03 19:17:00,1.46226,1.46231,1.46213,1.46214,575999984.7412109
2011-06-03 19:18:00,1.46214,1.4622,1.46187,1.46188,847500000.0
2011-06-03 19:19:00,1.46187,1.46201,1.46187,1.46194,901600036.6210938
2011-06-03 19:20:00,1.46194,1.46239,1.4619,1.46227,1840500030.5175781
2011-06-03 19:21:00,1.46227,1.46251,1.46227,1.46249,677900009.1552734
2011-06-03 19:22:00,1.46251,1.46251,1.46247,1.46249,348699989.31884766
2011-06-03 19:23:00,1.46249,1.4629,1.46249,1.46276,1608500061.0351562
2011-06-03 19:24:00,1.46276,1.46276,1.46246,1.46246,760999984.7412109
2011-06-03 19:25:00,1.46246,1.46253,1.46244,1.46248,914300003.0517578
2011-06-03 19:26:00,1.46248,1.46248,1.4622,1.46225,837399978.6376953
2011-06-03 19:27:00,1.46224,1.46225,1.46196,1.46209,1448000030.5175781
2011-06-03 19:28:00,1.46208,1.46229,1.46207,1.46215,1239800033.569336
2011-06-03 19:29:00,1.46215,1.46237,1.46206,1.46228,946600036.6210938
2011-06-03 19:30:00,1.46229,1.46239,1.46227,1.46235,730599975.5859375
2011-06-03 19:31:00,1.46235,1.46239,1.46203,1.46212,1089100036.6210938
2011-06-03 19:32:00,1.46212,1.46217,1.46187,1.4621,937900009.1552734
2011-06-03 19:33:00,1.46213,1.46236,1.46213,1.46234,687699966.4306641
2011-06-03 19:34:00,1.46234,1.4626,1.46233,1.46246,906399993.8964844
2011-06-03 19:35:00,1.46246,1.46287,1.46232,1.46287,933099975.5859375
2011-06-03 19:36:00,1.46286,1.46287,1.4624,1.46242,1545000000.0
2011-06-03 19:37:00,1.46243,1.46298,1.46242,1.46288,1578699951.171875
2011-06-03 19:38:00,1.46288,1.46294,1.46288,1.46291,1220199966.430664
2011-06-03 19:39:00,1.46289,1.4629,1.4628,1.46287,733499984.7412109
2011-06-03 19:40:00,1.46286,1.46298,1.46286,1.4629,1406900024.4140625
2011-06-03 19:41:00,1.46291,1.46292,1.46274,1.46286,1408500061.0351562
2011-06-03 19:42:00,1.46286,1.46299,1.46282,1.4629,735000000.0
2011-06-03 19:43:00,1.46291,1.46291,1.46268,1.46272,795000000.0
2011-06-03 19:44:00,1.46271,1.46274,1.46264,1.46271,570000000.0
2011-06-03 19:45:00,1.46271,1.46271,1.46259,1.46262,592500000.0
2011-06-03 19:46:00,1.46262,1.46262,1.46247,1.46261,1190999984.741211
2011-06-03 19:47:00,1.46262,1.46273,1.46257,1.46271,1022500000.0
2011-06-03 19:48:00,1.46271,1.46301,1.46271,1.4629,1507500000.0
2011-06-03 19:49:00,1.46291,1.46294,1.46279,1.46287,2436799926.7578125
2011-06-03 19:50:00,1.46287,1.46309,1.46284,1.46305,1511699981.6894531
2011-06-03 19:51:00,1.46308,1.46312,1.46302,1.46312,922600021.3623047
2011-06-03 19:52:00,1.46316,1.4632,1.46307,1.4632,1619299926.7578125
2011-06-03 19:53:00,1.46317,1.46319,1.4629,1.46292,1256999969.4824219
2011-06-03 19:54:00,1.46292,1.46292,1.46246,1.46246,1446199951.171875
2011-06-03 19:55:00,1.46247,1.46299,1.46246,1.46286,1868200073.2421875
2011-06-03 19:56:00,1.46286,1.46317,1.46286,1.46308,1377799987.7929688
2011-06-03 19:57:00,1.46307,1.46316,1.46299,1.46305,986299972.5341797
2011-06-03 19:58:00,1.46305,1.46341,1.46305,1.46341,791399993.8964844
2011-06-03 19:59:00,1.46342,1.46345,1.46321,1.46333,1222300033.569336
2011-06-03 20:00:00,1.46336,1.4634,1.4631,1.46321,1375399932.8613281
2011-06-03 20:01:00,1.46321,1.46331,1.46319,1.46328,813799972.5341797
2011-06-03 20:02:00,1.46331,1.46355,1.4633,1.46355,745000000.0
2011-06-03 20:03:00,1.46357,1.46372,1.46346,1.46346,1132500000.0
2011-06-03 20:04:00,1.46351,1.46369,1.46338,1.46362,1300000000.0
2011-06-03 20:05:00,1.46363,1.46369,1.46351,1.46368,911200027.4658203
2011-06-03 20:06:00,1.46368,1.46387,1.46367,1.46383,798000030.5175781
2011-06-03 20:07:00,1.46382,1.46396,1.46381,1.46381,685400009.1552734
2011-06-03 20:08:00,1.46381,1.46391,1.4637,1.4639,964800033.5693359
2011-06-03 20:09:00,1.46389,1.46415,1.46389,1.46411,1207600021.3623047
2011-06-03 20:10:00,1.46408,1.46409,1.46368,1.4637,813099975.5859375
2011-06-03 20:11:00,1.46373,1.46387,1.46361,1.46371,1313999938.9648438
2011-06-03 20:12:00,1.46371,1.46371,1.46359,1.46369,847399978.6376953
2011-06-03 20:13:00,1.46369,1.46387,1.46369,1.46372,690000000.0
2011-06-03 20:14:00,1.46372,1.46372,1.46331,1.46335,1043700027.4658203
2011-06-03 20:15:00,1.46337,1.46361,1.46337,1.46348,652500000.0
2011-06-03 20:16:00,1.46348,1.46353,1.46333,1.46338,455999984.74121094
2011-06-03 20:17:00,1.46338,1.46338,1.46318,1.46324,939700012.2070312
2011-06-03 20:18:00,1.46325,1.46329,1.4632,1.46322,470999984.74121094
2011-06-03 20:19:00,1.46321,1.46341,1.46318,1.46339,534000015.25878906
2011-06-03 20:20:00,1.4634,1.46347,1.46335,1.46347,557900009.1552734
2011-06-03 20:21:00,1.46345,1.46345,1.4631,1.46313,589500007.6293945
2011-06-03 20:22:00,1.46313,1.46315,1.463,1.46313,397500000.0
2011-06-03 20:23:00,1.46314,1.46323,1.46314,1.4632,120000000.0
2011-06-03 20:24:00,1.46322,1.46339,1.46322,1.46335,352500000.0
2011-06-03 20:25:00,1.46335,1.46352,1.46333,1.4634,585600013.7329102
2011-06-03 20:26:00,1.46341,1.46351,1.46338,1.46338,457500000.0
2011-06-03 20:27:00,1.46341,1.46342,1.46321,1.46323,520600013.73291016
2011-06-03 20:28:00,1.46314,1.46323,1.46312,1.46321,362200012.20703125
2011-06-03 20:29:00,1.46322,1.46338,1.4632,1.46331,562500000.0
2011-06-03 20:30:00,1.46331,1.4634,1.4632,1.4634,1162500000.0
2011-06-03 20:31:00,1.4634,1.4635,1.4634,1.46349,452999992.37060547
2011-06-03 20:32:00,1.46348,1.46353,1.46347,1.46353,435000000.0
2011-06-03 20:33:00,1.46353,1.46354,1.4635,1.46354,180000000.0
2011-06-03 20:34:00,1.46354,1.46357,1.46352,1.46357,330000000.0
2011-06-03 20:35:00,1.46356,1.46358,1.46352,1.46355,315000000.0
2011-06-03 20:36:00,1.46353,1.46369,1.46349,1.46363,313500003.81469727
2011-06-03 20:37:00,1.46365,1.46369,1.46361,1.46363,195599994.65942383
2011-06-03 20:38:00,1.46363,1.4637,1.46359,1.46359,302199993.1335449
2011-06-03 20:39:00,1.46357,1.46361,1.46356,1.46359,142500000.0
2011-06-03 20:40:00,1.46359,1.46377,1.46355,1.46377,307500000.0
2011-06-03 20:41:00,1.46376,1.46391,1.46363,1.46389,445400009.15527344
2011-06-03 20:42:00,1.46391,1.46392,1.46387,1.46392,179200000.76293945
2011-06-03 20:43:00,1.46394,1.46407,1.46394,1.464,285000000.0
2011-06-03 20:44:00,1.46402,1.46402,1.46392,1.46397,148500003.81469727
2011-06-03 20:45:00,1.46396,1.46413,1.46396,1.46409,628499984.7412109
2011-06-03 20:46:00,1.46408,1.46408,1.46398,1.46399,120000000.0
2011-06-03 20:47:00,1.46399,1.46403,1.46381,1.46383,244500007.62939453
2011-06-03 20:48:00,1.46383,1.46388,1.4638,1.46387,145799999.23706055
2011-06-03 20:49:00,1.46392,1.46405,1.46372,1.46372,599399986.2670898
2011-06-03 20:50:00,1.46372,1.46377,1.46372,1.46377,90000000.0
2011-06-03 20:51:00,1.46383,1.46383,1.46372,1.46381,127500000.0
2011-06-03 20:52:00,1.46387,1.46387,1.46351,1.46357,574500007.6293945
2011-06-03 20:53:00,1.46359,1.46363,1.46353,1.46353,307600002.28881836
2011-06-03 20:54:00,1.46353,1.46359,1.46353,1.46359,60000000.0
2011-06-03 20:55:00,1.46355,1.46358,1.46349,1.46349,232600002.28881836
2011-06-03 20:56:00,1.46343,1.46347,1.46317,1.46331,678600006.1035156
2011-06-03 20:57:00,1.46331,1.46331,1.46293,1.46311,840299987.7929688
2011-06-03 20:58:00,1.46311,1.46325,1.46291,1.46314,719700012.2070312
2011-06-03 20:59:00,1.46301,1.46348,1.463,1.46348,987799987.7929688
2011-06-03 21:00:00,1.46348,1.46348,1.46348,1.46348,0.0
2011-06-03 21:01:00,1.46348,1.46348,1.46348,1.46348,0.0
2011-06-03 21:02:00,1.46348,1.46348,1.46348,1.46348,0.0
2011-06-03 21:03:00,1.46348,1.46348,1.46348,1.46348,0.0
2011-06-03 21:04:00,1.46348,1.46348,1.46348,1.46348,0.0
2011-06-03 21:05:00,1.46348,1.46348,1.46348,1.46348,0.0
2011-06-03 21:06:00,1.46348,1.46348,1.46348,1.46348,0.0
2011-06-03 21:07:00,1.46348,1.46348,1.46348,1.46348,0.0
2011-06-03 21:08:00,1.46348,1.46348,1.46348,1.46348,0.0
2011-06-03 21:09:00,1.46348,1.46348,1.46348,1.46348,0.0
2011-06-03 21:10:00,1.46348,1.46348,1.46348,1.46348,0.0
2011-06-03 21:11:00,1.46348,1.46348,1.46348,1.46348,0.0
2011-06-03 21:12:00,1.46348,1.46348,1.46348,1.46348,0.0
2011-06-03 21:13:00,1.46348,1.46348,1.46348,1.46348,0.0
2011-06-03 21:14:00,1.46348,1.46348,1.46348,1.46348,0.0
2011-06-03 21:15:00,1.46348,1.46348,1.46348,1.46348,0.0
2011-06-03 21:16:00,1.46348,1.46348,1.46348,1.46348,0.0
2011-06-03 21:17:00,1.46348,1.46348,1.46348,1.46348,0.0
2011-06-03 21:18:00,1.46348,1.46348,1.46348,1.46348,0.0
2011-06-03 21:19:00,1.46348,1.46348,1.46348,1.46348,0.0
2011-06-03 21:20:00,1.46348,1.46348,1.46348,1.46348,0.0
2011-06-03 21:21:00,1.46348,1.46348,1.46348,1.46348,0.0
2011-06-03 21:22:00,1.46348,1.46348,1.46348,1.46348,0.0
2011-06-03 21:23:00,1.46348,1.46348,1.46348,1.46348,0.0
2011-06-03 21:24:00,1.46348,1.46348,1.46348,1.46348,0.0
2011-06-03 21:25:00,1.46348,1.46348,1.46348,1.46348,0.0
2011-06-03 21:26:00,1.46348,1.46348,1.46348,1.46348,0.0
2011-06-03 21:27:00,1.46348,1.46348,1.46348,1.46348,0.0
2011-06-03 21:28:00,1.46348,1.46348,1.46348,1.46348,0.0
2011-06-03 21:29:00,1.46348,1.46348,1.46348,1.46348,0.0
2011-06-03 21:30:00,1.46348,1.46348,1.46348,1.46348,0.0
2011-06-03 21:31:00,1.46348,1.46348,1.46348,1.46348,0.0
2011-06-03 21:32:00,1.46348,1.46348,1.46348,1.46348,0.0
2011-06-03 21:33:00,1.46348,1.46348,1.46348,1.46348,0.0
2011-06-03 21:34:00,1.46348,1.46348,1.46348,1.46348,0.0
2011-06-03 21:35:00,1.46348,1.46348,1.46348,1.46348,0.0
2011-06-03 21:36:00,1.46348,1.46348,1.46348,1.46348,0.0
2011-06-03 21:37:00,1.46348,1.46348,1.46348,1.46348,0.0
2011-06-03 21:38:00,1.46348,1.46348,1.46348,1.46348,0.0
2011-06-03 21:39:00,1.46348,1.46348,1.46348,1.46348,0.0
2011-06-03 21:40:00,1.46348,1.46348,1.46348,1.46348,0.0
2011-06-03 21:41:00,1.46348,1.46348,1.46348,1.46348,0.0
2011-06-03 21:42:00,1.46348,1.46348,1.46348,1.46348,0.0
2011-06-03 21:43:00,1.46348,1.46348,1.46348,1.46348,0.0
2011-06-03 21:44:00,1.46348,1.46348,1.46348,1.46348,0.0
2011-06-03 21:45:00,1.46348,1.46348,1.46348,1.46348,0.0
2011-06-03 21:46:00,1.46348,1.46348,1.46348,1.46348,0.0
2011-06-03 21:47:00,1.46348,1.46348,1.46348,1.46348,0.0
2011-06-03 21:48:00,1.46348,1.46348,1.46348,1.46348,0.0
2011-06-03 21:49:00,1.46348,1.46348,1.46348,1.46348,0.0
2011-06-03 21:50:00,1.46348,1.46348,1.46348,1.46348,0.0
2011-06-03 21:51:00,1.46348,1.46348,1.46348,1.46348,0.0
2011-06-03 21:52:00,1.46348,1.46348,1.46348,1.46348,0.0
2011-06-03 21:53:00,1.46348,1.46348,1.46348,1.46348,0.0
2011-06-03 21:54:00,1.46348,1.46348,1.46348,1.46348,0.0
2011-06-03 21:55:00,1.46348,1.46348,1.46348,1.46348,0.0
2011-06-03 21:56:00,1.46348,1.46348,1.46348,1.46348,0.0
2011-06-03 21:57:00,1.46348,1.46348,1.46348,1.46348,0.0
2011-06-03 21:58:00,1.46348,1.46348,1.46348,1.46348,0.0
2011-06-03 21:59:00,1.46348,1.46348,1.46348,1.46348,0.0
2011-06-03 22:00:00,1.46348,1.46348,1.46348,1.46348,0.0
2011-06-03 22:01:00,1.46348,1.46348,1.46348,1.46348,0.0
2011-06-03 22:02:00,1.46348,1.46348,1.46348,1.46348,0.0
2011-06-03 22:03:00,1.46348,1.46348,1.46348,1.46348,0.0
2011-06-03 22:04:00,1.46348,1.46348,1.46348,1.46348,0.0
2011-06-03 22:05:00,1.46348,1.46348,1.46348,1.46348,0.0
2011-06-03 22:06:00,1.46348,1.46348,1.46348,1.46348,0.0
2011-06-03 22:07:00,1.46348,1.46348,1.46348,1.46348,0.0
2011-06-03 22:08:00,1.46348,1.46348,1.46348,1.46348,0.0
2011-06-03 22:09:00,1.46348,1.46348,1.46348,1.46348,0.0
2011-06-03 22:10:00,1.46348,1.46348,1.46348,1.46348,0.0
2011-06-03 22:11:00,1.46348,1.46348,1.46348,1.46348,0.0
2011-06-03 22:12:00,1.46348,1.46348,1.46348,1.46348,0.0
2011-06-03 22:13:00,1.46348,1.46348,1.46348,1.46348,0.0
2011-06-03 22:14:00,1.46348,1.46348,1.46348,1.46348,0.0
2011-06-03 22:15:00,1.46348,1.46348,1.46348,1.46348,0.0
2011-06-03 22:16:00,1.46348,1.46348,1.46348,1.46348,0.0
2011-06-03 22:17:00,1.46348,1.46348,1.46348,1.46348,0.0
2011-06-03 22:18:00,1.46348,1.46348,1.46348,1.46348,0.0
2011-06-03 22:19:00,1.46348,1.46348,1.46348,1.46348,0.0
2011-06-03 22:20:00,1.46348,1.46348,1.46348,1.46348,0.0
2011-06-03 22:21:00,1.46348,1.46348,1.46348,1.46348,0.0
2011-06-03 22:22:00,1.46348,1.46348,1.46348,1.46348,0.0
2011-06-03 22:23:00,1.46348,1.46348,1.46348,1.46348,0.0
2011-06-03 22:24:00,1.46348,1.46348,1.46348,1.46348,0.0
2011-06-03 22:25:00,1.46348,1.46348,1.46348,1.46348,0.0
2011-06-03 22:26:00,1.46348,1.46348,1.46348,1.46348,0.0
2011-06-03 22:27:00,1.46348,1.46348,1.46348,1.46348,0.0
2011-06-03 22:28:00,1.46348,1.46348,1.46348,1.46348,0.0
2011-06-03 22:29:00,1.46348,1.46348,1.46348,1.46348,0.0
2011-06-03 22:30:00,1.46348,1.46348,1.46348,1.46348,0.0
2011-06-03 22:31:00,1.46348,1.46348,1.46348,1.46348,0.0
2011-06-03 22:32:00,1.46348,1.46348,1.46348,1.46348,0.0
2011-06-03 22:33:00,1.46348,1.46348,1.46348,1.46348,0.0
2011-06-03 22:34:00,1.46348,1.46348,1.46348,1.46348,0.0
2011-06-03 22:35:00,1.46348,1.46348,1.46348,1.46348,0.0
2011-06-03 22:36:00,1.46348,1.46348,1.46348,1.46348,0.0
2011-06-03 22:37:00,1.46348,1.46348,1.46348,1.46348,0.0
2011-06-03 22:38:00,1.46348,1.46348,1.46348,1.46348,0.0
2011-06-03 22:39:00,1.46348,1.46348,1.46348,1.46348,0.0
2011-06-03 22:40:00,1.46348,1.46348,1.46348,1.46348,0.0
2011-06-03 22:41:00,1.46348,1.46348,1.46348,1.46348,0.0
2011-06-03 22:42:00,1.46348,1.46348,1.46348,1.46348,0.0
2011-06-03 22:43:00,1.46348,1.46348,1.46348,1.46348,0.0
2011-06-03 22:44:00,1.46348,1.46348,1.46348,1.46348,0.0
2011-06-03 22:45:00,1.46348,1.46348,1.46348,1.46348,0.0
2011-06-03 22:46:00,1.46348,1.46348,1.46348,1.46348,0.0
2011-06-03 22:47:00,1.46348,1.46348,1.46348,1.46348,0.0
2011-06-03 22:48:00,1.46348,1.46348,1.46348,1.46348,0.0
2011-06-03 22:49:00,1.46348,1.46348,1.46348,1.46348,0.0
2011-06-03 22:50:00,1.46348,1.46348,1.46348,1.46348,0.0
2011-06-03 22:51:00,1.46348,1.46348,1.46348,1.46348,0.0
2011-06-03 22:52:00,1.46348,1.46348,1.46348,1.46348,0.0
2011-06-03 22:53:00,1.46348,1.46348,1.46348,1.46348,0.0
2011-06-03 22:54:00,1.46348,1.46348,1.46348,1.46348,0.0
2011-06-03 22:55:00,1.46348,1.46348,1.46348,1.46348,0.0
2011-06-03 22:56:00,1.46348,1.46348,1.46348,1.46348,0.0
2011-06-03 22:57:00,1.46348,1.46348,1.46348,1.46348,0.0
2011-06-03 22:58:00,1.46348,1.46348,1.46348,1.46348,0.0
2011-06-03 22:59:00,1.46348,1.46348,1.46348,1.46348,0.0
2011-06-03 23:00:00,1.46348,1.46348,1.46348,1.46348,0.0
2011-06-03 23:01:00,1.46348,1.46348,1.46348,1.46348,0.0
2011-06-03 23:02:00,1.46348,1.46348,1.46348,1.46348,0.0
2011-06-03 23:03:00,1.46348,1.46348,1.46348,1.46348,0.0
2011-06-03 23:04:00,1.46348,1.46348,1.46348,1.46348,0.0
2011-06-03 23:05:00,1.46348,1.46348,1.46348,1.46348,0.0
2011-06-03 23:06:00,1.46348,1.46348,1.46348,1.46348,0.0
2011-06-03 23:07:00,1.46348,1.46348,1.46348,1.46348,0.0
2011-06-03 23:08:00,1.46348,1.46348,1.46348,1.46348,0.0
2011-06-03 23:09:00,1.46348,1.46348,1.46348,1.46348,0.0
2011-06-03 23:10:00,1.46348,1.46348,1.46348,1.46348,0.0
2011-06-03 23:11:00,1.46348,1.46348,1.46348,1.46348,0.0
2011-06-03 23:12:00,1.46348,1.46348,1.46348,1.46348,0.0
2011-06-03 23:13:00,1.46348,1.46348,1.46348,1.46348,0.0
2011-06-03 23:14:00,1.46348,1.46348,1.46348,1.46348,0.0
2011-06-03 23:15:00,1.46348,1.46348,1.46348,1.46348,0.0
2011-06-03 23:16:00,1.46348,1.46348,1.46348,1.46348,0.0
2011-06-03 23:17:00,1.46348,1.46348,1.46348,1.46348,0.0
2011-06-03 23:18:00,1.46348,1.46348,1.46348,1.46348,0.0
2011-06-03 23:19:00,1.46348,1.46348,1.46348,1.46348,0.0
2011-06-03 23:20:00,1.46348,1.46348,1.46348,1.46348,0.0
2011-06-03 23:21:00,1.46348,1.46348,1.46348,1.46348,0.0
2011-06-03 23:22:00,1.46348,1.46348,1.46348,1.46348,0.0
2011-06-03 23:23:00,1.46348,1.46348,1.46348,1.46348,0.0
2011-06-03 23:24:00,1.46348,1.46348,1.46348,1.46348,0.0
2011-06-03 23:25:00,1.46348,1.46348,1.46348,1.46348,0.0
2011-06-03 23:26:00,1.46348,1.46348,1.46348,1.46348,0.0
2011-06-03 23:27:00,1.46348,1.46348,1.46348,1.46348,0.0
2011-06-03 23:28:00,1.46348,1.46348,1.46348,1.46348,0.0
2011-06-03 23:29:00,1.46348,1.46348,1.46348,1.46348,0.0
2011-06-03 23:30:00,1.46348,1.46348,1.46348,1.46348,0.0
2011-06-03 23:31:00,1.46348,1.46348,1.46348,1.46348,0.0
2011-06-03 23:32:00,1.46348,1.46348,1.46348,1.46348,0.0
2011-06-03 23:33:00,1.46348,1.46348,1.46348,1.46348,0.0
2011-06-03 23:34:00,1.46348,1.46348,1.46348,1.46348,0.0
2011-06-03 23:35:00,1.46348,1.46348,1.46348,1.46348,0.0
2011-06-03 23:36:00,1.46348,1.46348,1.46348,1.46348,0.0
2011-06-03 23:37:00,1.46348,1.46348,1.46348,1.46348,0.0
2011-06-03 23:38:00,1.46348,1.46348,1.46348,1.46348,0.0
2011-06-03 23:39:00,1.46348,1.46348,1.46348,1.46348,0.0
2011-06-03 23:40:00,1.46348,1.46348,1.46348,1.46348,0.0
2011-06-03 23:41:00,1.46348,1.46348,1.46348,1.46348,0.0
2011-06-03 23:42:00,1.46348,1.46348,1.46348,1.46348,0.0
2011-06-03 23:43:00,1.46348,1.46348,1.46348,1.46348,0.0
2011-06-03 23:44:00,1.46348,1.46348,1.46348,1.46348,0.0
2011-06-03 23:45:00,1.46348,1.46348,1.46348,1.46348,0.0
2011-06-03 23:46:00,1.46348,1.46348,1.46348,1.46348,0.0
2011-06-03 23:47:00,1.46348,1.46348,1.46348,1.46348,0.0
2011-06-03 23:48:00,1.46348,1.46348,1.46348,1.46348,0.0
2011-06-03 23:49:00,1.46348,1.46348,1.46348,1.46348,0.0
2011-06-03 23:50:00,1.46348,1.46348,1.46348,1.46348,0.0
2011-06-03 23:51:00,1.46348,1.46348,1.46348,1.46348,0.0
2011-06-03 23:52:00,1.46348,1.46348,1.46348,1.46348,0.0
2011-06-03 23:53:00,1.46348,1.46348,1.46348,1.46348,0.0
2011-06-03 23:54:00,1.46348,1.46348,1.46348,1.46348,0.0
2011-06-03 23:55:00,1.46348,1.46348,1.46348,1.46348,0.0
2011-06-03 23:56:00,1.46348,1.46348,1.46348,1.46348,0.0
2011-06-03 23:57:00,1.46348,1.46348,1.46348,1.46348,0.0
2011-06-03 23:58:00,1.46348,1.46348,1.46348,1.46348,0.0
2011-06-03 23:59:00,1.46348,1.46348,1.46348,1.46348,0.0
2011-06-04 00:00:00,1.46355,1.46355,1.46355,1.46355,0.0
2011-06-04 00:01:00,1.46355,1.46355,1.46355,1.46355,0.0
2011-06-04 00:02:00,1.46355,1.46355,1.46355,1.46355,0.0
2011-06-04 00:03:00,1.46355,1.46355,1.46355,1.46355,0.0
2011-06-04 00:04:00,1.46355,1.46355,1.46355,1.46355,0.0
2011-06-04 00:05:00,1.46355,1.46355,1.46355,1.46355,0.0
2011-06-04 00:06:00,1.46355,1.46355,1.46355,1.46355,0.0
2011-06-04 00:07:00,1.46355,1.46355,1.46355,1.46355,0.0
2011-06-04 00:08:00,1.46355,1.46355,1.46355,1.46355,0.0
2011-06-04 00:09:00,1.46355,1.46355,1.46355,1.46355,0.0
2011-06-04 00:10:00,1.46355,1.46355,1.46355,1.46355,0.0
2011-06-04 00:11:00,1.46355,1.46355,1.46355,1.46355,0.0
2011-06-04 00:12:00,1.46355,1.46355,1.46355,1.46355,0.0
2011-06-04 00:13:00,1.46355,1.46355,1.46355,1.46355,0.0
2011-06-04 00:14:00,1.46355,1.46355,1.46355,1.46355,0.0
2011-06-04 00:15:00,1.46355,1.46355,1.46355,1.46355,0.0
2011-06-04 00:16:00,1.46355,1.46355,1.46355,1.46355,0.0
2011-06-04 00:17:00,1.46355,1.46355,1.46355,1.46355,0.0
2011-06-04 00:18:00,1.46355,1.46355,1.46355,1.46355,0.0
2011-06-04 00:19:00,1.46355,1.46355,1.46355,1.46355,0.0
2011-06-04 00:20:00,1.46355,1.46355,1.46355,1.46355,0.0
2011-06-04 00:21:00,1.46355,1.46355,1.46355,1.46355,0.0
2011-06-04 00:22:00,1.46355,1.46355,1.46355,1.46355,0.0
2011-06-04 00:23:00,1.46355,1.46355,1.46355,1.46355,0.0
2011-06-04 00:24:00,1.46355,1.46355,1.46355,1.46355,0.0
2011-06-04 00:25:00,1.46355,1.46355,1.46355,1.46355,0.0
2011-06-04 00:26:00,1.46355,1.46355,1.46355,1.46355,0.0
2011-06-04 00:27:00,1.46355,1.46355,1.46355,1.46355,0.0
2011-06-04 00:28:00,1.46355,1.46355,1.46355,1.46355,0.0
2011-06-04 00:29:00,1.46355,1.46355,1.46355,1.46355,0.0
2011-06-04 00:30:00,1.46355,1.46355,1.46355,1.46355,0.0
2011-06-04 00:31:00,1.46355,1.46355,1.46355,1.46355,0.0
2011-06-04 00:32:00,1.46355,1.46355,1.46355,1.46355,0.0
2011-06-04 00:33:00,1.46355,1.46355,1.46355,1.46355,0.0
2011-06-04 00:34:00,1.46355,1.46355,1.46355,1.46355,0.0
2011-06-04 00:35:00,1.46355,1.46355,1.46355,1.46355,0.0
2011-06-04 00:36:00,1.46355,1.46355,1.46355,1.46355,0.0
2011-06-04 00:37:00,1.46355,1.46355,1.46355,1.46355,0.0
2011-06-04 00:38:00,1.46355,1.46355,1.46355,1.46355,0.0
2011-06-04 00:39:00,1.46355,1.46355,1.46355,1.46355,0.0
2011-06-04 00:40:00,1.46355,1.46355,1.46355,1.46355,0.0
2011-06-04 00:41:00,1.46355,1.46355,1.46355,1.46355,0.0
2011-06-04 00:42:00,1.46355,1.46355,1.46355,1.46355,0.0
2011-06-04 00:43:00,1.46355,1.46355,1.46355,1.46355,0.0
2011-06-04 00:44:00,1.46355,1.46355,1.46355,1.46355,0.0
2011-06-04 00:45:00,1.46355,1.46355,1.46355,1.46355,0.0
2011-06-04 00:46:00,1.46355,1.46355,1.46355,1.46355,0.0
2011-06-04 00:47:00,1.46355,1.46355,1.46355,1.46355,0.0
2011-06-04 00:48:00,1.46355,1.46355,1.46355,1.46355,0.0
2011-06-04 00:49:00,1.46355,1.46355,1.46355,1.46355,0.0
2011-06-04 00:50:00,1.46355,1.46355,1.46355,1.46355,0.0
2011-06-04 00:51:00,1.46355,1.46355,1.46355,1.46355,0.0
2011-06-04 00:52:00,1.46355,1.46355,1.46355,1.46355,0.0
2011-06-04 00:53:00,1.46355,1.46355,1.46355,1.46355,0.0
2011-06-04 00:54:00,1.46355,1.46355,1.46355,1.46355,0.0
2011-06-04 00:55:00,1.46355,1.46355,1.46355,1.46355,0.0
2011-06-04 00:56:00,1.46355,1.46355,1.46355,1.46355,0.0
2011-06-04 00:57:00,1.46355,1.46355,1.46355,1.46355,0.0
2011-06-04 00:58:00,1.46355,1.46355,1.46355,1.46355,0.0
2011-06-04 00:59:00,1.46355,1.46355,1.46355,1.46355,0.0
2011-06-04 01:00:00,1.46355,1.46355,1.46355,1.46355,0.0
2011-06-04 01:01:00,1.46355,1.46355,1.46355,1.46355,0.0
2011-06-04 01:02:00,1.46355,1.46355,1.46355,1.46355,0.0
2011-06-04 01:03:00,1.46355,1.46355,1.46355,1.46355,0.0
2011-06-04 01:04:00,1.46355,1.46355,1.46355,1.46355,0.0
2011-06-04 01:05:00,1.46355,1.46355,1.46355,1.46355,0.0
2011-06-04 01:06:00,1.46355,1.46355,1.46355,1.46355,0.0
2011-06-04 01:07:00,1.46355,1.46355,1.46355,1.46355,0.0
2011-06-04 01:08:00,1.46355,1.46355,1.46355,1.46355,0.0
2011-06-04 01:09:00,1.46355,1.46355,1.46355,1.46355,0.0
2011-06-04 01:10:00,1.46355,1.46355,1.46355,1.46355,0.0
2011-06-04 01:11:00,1.46355,1.46355,1.46355,1.46355,0.0
2011-06-04 01:12:00,1.46355,1.46355,1.46355,1.46355,0.0
2011-06-04 01:13:00,1.46355,1.46355,1.46355,1.46355,0.0
2011-06-04 01:14:00,1.46355,1.46355,1.46355,1.46355,0.0
2011-06-04 01:15:00,1.46355,1.46355,1.46355,1.46355,0.0
2011-06-04 01:16:00,1.46355,1.46355,1.46355,1.46355,0.0
2011-06-04 01:17:00,1.46355,1.46355,1.46355,1.46355,0.0
2011-06-04 01:18:00,1.46355,1.46355,1.46355,1.46355,0.0
2011-06-04 01:19:00,1.46355,1.46355,1.46355,1.46355,0.0
2011-06-04 01:20:00,1.46355,1.46355,1.46355,1.46355,0.0
2011-06-04 01:21:00,1.46355,1.46355,1.46355,1.46355,0.0
2011-06-04 01:22:00,1.46355,1.46355,1.46355,1.46355,0.0
2011-06-04 01:23:00,1.46355,1.46355,1.46355,1.46355,0.0
2011-06-04 01:24:00,1.46355,1.46355,1.46355,1.46355,0.0
2011-06-04 01:25:00,1.46355,1.46355,1.46355,1.46355,0.0
2011-06-04 01:26:00,1.46355,1.46355,1.46355,1.46355,0.0
2011-06-04 01:27:00,1.46355,1.46355,1.46355,1.46355,0.0
2011-06-04 01:28:00,1.46355,1.46355,1.46355,1.46355,0.0
2011-06-04 01:29:00,1.46355,1.46355,1.46355,1.46355,0.0
2011-06-04 01:30:00,1.46355,1.46355,1.46355,1.46355,0.0
2011-06-04 01:31:00,1.46355,1.46355,1.46355,1.46355,0.0
2011-06-04 01:32:00,1.46355,1.46355,1.46355,1.46355,0.0
2011-06-04 01:33:00,1.46355,1.46355,1.46355,1.46355,0.0
2011-06-04 01:34:00,1.46355,1.46355,1.46355,1.46355,0.0
2011-06-04 01:35:00,1.46355,1.46355,1.46355,1.46355,0.0
2011-06-04 01:36:00,1.46355,1.46355,1.46355,1.46355,0.0
2011-06-04 01:37:00,1.46355,1.46355,1.46355,1.46355,0.0
2011-06-04 01:38:00,1.46355,1.46355,1.46355,1.46355,0.0
2011-06-04 01:39:00,1.46355,1.46355,1.46355,1.46355,0.0
2011-06-04 01:40:00,1.46355,1.46355,1.46355,1.46355,0.0
2011-06-04 01:41:00,1.46355,1.46355,1.46355,1.46355,0.0
2011-06-04 01:42:00,1.46355,1.46355,1.46355,1.46355,0.0
2011-06-04 01:43:00,1.46355,1.46355,1.46355,1.46355,0.0
2011-06-04 01:44:00,1.46355,1.46355,1.46355,1.46355,0.0
2011-06-04 01:45:00,1.46355,1.46355,1.46355,1.46355,0.0
2011-06-04 01:46:00,1.46355,1.46355,1.46355,1.46355,0.0
2011-06-04 01:47:00,1.46355,1.46355,1.46355,1.46355,0.0
2011-06-04 01:48:00,1.46355,1.46355,1.46355,1.46355,0.0
2011-06-04 01:49:00,1.46355,1.46355,1.46355,1.46355,0.0
2011-06-04 01:50:00,1.46355,1.46355,1.46355,1.46355,0.0
2011-06-04 01:51:00,1.46355,1.46355,1.46355,1.46355,0.0
2011-06-04 01:52:00,1.46355,1.46355,1.46355,1.46355,0.0
2011-06-04 01:53:00,1.46355,1.46355,1.46355,1.46355,0.0
2011-06-04 01:54:00,1.46355,1.46355,1.46355,1.46355,0.0
2011-06-04 01:55:00,1.46355,1.46355,1.46355,1.46355,0.0
2011-06-04 01:56:00,1.46355,1.46355,1.46355,1.46355,0.0
2011-06-04 01:57:00,1.46355,1.46355,1.46355,1.46355,0.0
2011-06-04 01:58:00,1.46355,1.46355,1.46355,1.46355,0.0
2011-06-04 01:59:00,1.46355,1.46355,1.46355,1.46355,0.0
2011-06-04 02:00:00,1.46355,1.46355,1.46355,1.46355,0.0
2011-06-04 02:01:00,1.46355,1.46355,1.46355,1.46355,0.0
2011-06-04 02:02:00,1.46355,1.46355,1.46355,1.46355,0.0
2011-06-04 02:03:00,1.46355,1.46355,1.46355,1.46355,0.0
2011-06-04 02:04:00,1.46355,1.46355,1.46355,1.46355,0.0
2011-06-04 02:05:00,1.46355,1.46355,1.46355,1.46355,0.0
2011-06-04 02:06:00,1.46355,1.46355,1.46355,1.46355,0.0
2011-06-04 02:07:00,1.46355,1.46355,1.46355,1.46355,0.0
2011-06-04 02:08:00,1.46355,1.46355,1.46355,1.46355,0.0
2011-06-04 02:09:00,1.46355,1.46355,1.46355,1.46355,0.0
2011-06-04 02:10:00,1.46355,1.46355,1.46355,1.46355,0.0
2011-06-04 02:11:00,1.46355,1.46355,1.46355,1.46355,0.0
2011-06-04 02:12:00,1.46355,1.46355,1.46355,1.46355,0.0
2011-06-04 02:13:00,1.46355,1.46355,1.46355,1.46355,0.0
2011-06-04 02:14:00,1.46355,1.46355,1.46355,1.46355,0.0
2011-06-04 02:15:00,1.46355,1.46355,1.46355,1.46355,0.0
2011-06-04 02:16:00,1.46355,1.46355,1.46355,1.46355,0.0
2011-06-04 02:17:00,1.46355,1.46355,1.46355,1.46355,0.0
2011-06-04 02:18:00,1.46355,1.46355,1.46355,1.46355,0.0
2011-06-04 02:19:00,1.46355,1.46355,1.46355,1.46355,0.0
2011-06-04 02:20:00,1.46355,1.46355,1.46355,1.46355,0.0
2011-06-04 02:21:00,1.46355,1.46355,1.46355,1.46355,0.0
2011-06-04 02:22:00,1.46355,1.46355,1.46355,1.46355,0.0
2011-06-04 02:23:00,1.46355,1.46355,1.46355,1.46355,0.0
2011-06-04 02:24:00,1.46355,1.46355,1.46355,1.46355,0.0
2011-06-04 02:25:00,1.46355,1.46355,1.46355,1.46355,0.0
2011-06-04 02:26:00,1.46355,1.46355,1.46355,1.46355,0.0
2011-06-04 02:27:00,1.46355,1.46355,1.46355,1.46355,0.0
2011-06-04 02:28:00,1.46355,1.46355,1.46355,1.46355,0.0
2011-06-04 02:29:00,1.46355,1.46355,1.46355,1.46355,0.0
2011-06-04 02:30:00,1.46355,1.46355,1.46355,1.46355,0.0
2011-06-04 02:31:00,1.46355,1.46355,1.46355,1.46355,0.0
2011-06-04 02:32:00,1.46355,1.46355,1.46355,1.46355,0.0
2011-06-04 02:33:00,1.46355,1.46355,1.46355,1.46355,0.0
2011-06-04 02:34:00,1.46355,1.46355,1.46355,1.46355,0.0
2011-06-04 02:35:00,1.46355,1.46355,1.46355,1.46355,0.0
2011-06-04 02:36:00,1.46355,1.46355,1.46355,1.46355,0.0
2011-06-04 02:37:00,1.46355,1.46355,1.46355,1.46355,0.0
2011-06-04 02:38:00,1.46355,1.46355,1.46355,1.46355,0.0
2011-06-04 02:39:00,1.46355,1.46355,1.46355,1.46355,0.0
2011-06-04 02:40:00,1.46355,1.46355,1.46355,1.46355,0.0
2011-06-04 02:41:00,1.46355,1.46355,1.46355,1.46355,0.0
2011-06-04 02:42:00,1.46355,1.46355,1.46355,1.46355,0.0
2011-06-04 02:43:00,1.46355,1.46355,1.46355,1.46355,0.0
2011-06-04 02:44:00,1.46355,1.46355,1.46355,1.46355,0.0
2011-06-04 02:45:00,1.46355,1.46355,1.46355,1.46355,0.0
2011-06-04 02:46:00,1.46355,1.46355,1.46355,1.46355,0.0
2011-06-04 02:47:00,1.46355,1.46355,1.46355,1.46355,0.0
2011-06-04 02:48:00,1.46355,1.46355,1.46355,1.46355,0.0
2011-06-04 02:49:00,1.46355,1.46355,1.46355,1.46355,0.0
2011-06-04 02:50:00,1.46355,1.46355,1.46355,1.46355,0.0
2011-06-04 02:51:00,1.46355,1.46355,1.46355,1.46355,0.0
2011-06-04 02:52:00,1.46355,1.46355,1.46355,1.46355,0.0
2011-06-04 02:53:00,1.46355,1.46355,1.46355,1.46355,0.0
2011-06-04 02:54:00,1.46355,1.46355,1.46355,1.46355,0.0
2011-06-04 02:55:00,1.46355,1.46355,1.46355,1.46355,0.0
2011-06-04 02:56:00,1.46355,1.46355,1.46355,1.46355,0.0
2011-06-04 02:57:00,1.46355,1.46355,1.46355,1.46355,0.0
2011-06-04 02:58:00,1.46355,1.46355,1.46355,1.46355,0.0
2011-06-04 02:59:00,1.46355,1.46355,1.46355,1.46355,0.0
2011-06-04 03:00:00,1.46355,1.46355,1.46355,1.46355,0.0
2011-06-04 03:01:00,1.46355,1.46355,1.46355,1.46355,0.0
2011-06-04 03:02:00,1.46355,1.46355,1.46355,1.46355,0.0
2011-06-04 03:03:00,1.46355,1.46355,1.46355,1.46355,0.0
2011-06-04 03:04:00,1.46355,1.46355,1.46355,1.46355,0.0
2011-06-04 03:05:00,1.46355,1.46355,1.46355,1.46355,0.0
2011-06-04 03:06:00,1.46355,1.46355,1.46355,1.46355,0.0
2011-06-04 03:07:00,1.46355,1.46355,1.46355,1.46355,0.0
2011-06-04 03:08:00,1.46355,1.46355,1.46355,1.46355,0.0
2011-06-04 03:09:00,1.46355,1.46355,1.46355,1.46355,0.0
2011-06-04 03:10:00,1.46355,1.46355,1.46355,1.46355,0.0
2011-06-04 03:11:00,1.46355,1.46355,1.46355,1.46355,0.0
2011-06-04 03:12:00,1.46355,1.46355,1.46355,1.46355,0.0
2011-06-04 03:13:00,1.46355,1.46355,1.46355,1.46355,0.0
2011-06-04 03:14:00,1.46355,1.46355,1.46355,1.46355,0.0
2011-06-04 03:15:00,1.46355,1.46355,1.46355,1.46355,0.0
2011-06-04 03:16:00,1.46355,1.46355,1.46355,1.46355,0.0
2011-06-04 03:17:00,1.46355,1.46355,1.46355,1.46355,0.0
2011-06-04 03:18:00,1.46355,1.46355,1.46355,1.46355,0.0
2011-06-04 03:19:00,1.46355,1.46355,1.46355,1.46355,0.0
2011-06-04 03:20:00,1.46355,1.46355,1.46355,1.46355,0.0
2011-06-04 03:21:00,1.46355,1.46355,1.46355,1.46355,0.0
2011-06-04 03:22:00,1.46355,1.46355,1.46355,1.46355,0.0
2011-06-04 03:23:00,1.46355,1.46355,1.46355,1.46355,0.0
2011-06-04 03:24:00,1.46355,1.46355,1.46355,1.46355,0.0
2011-06-04 03:25:00,1.46355,1.46355,1.46355,1.46355,0.0
2011-06-04 03:26:00,1.46355,1.46355,1.46355,1.46355,0.0
2011-06-04 03:27:00,1.46355,1.46355,1.46355,1.46355,0.0
2011-06-04 03:28:00,1.46355,1.46355,1.46355,1.46355,0.0
2011-06-04 03:29:00,1.46355,1.46355,1.46355,1.46355,0.0
2011-06-04 03:30:00,1.46355,1.46355,1.46355,1.46355,0.0
2011-06-04 03:31:00,1.46355,1.46355,1.46355,1.46355,0.0
2011-06-04 03:32:00,1.46355,1.46355,1.46355,1.46355,0.0
2011-06-04 03:33:00,1.46355,1.46355,1.46355,1.46355,0.0
2011-06-04 03:34:00,1.46355,1.46355,1.46355,1.46355,0.0
2011-06-04 03:35:00,1.46355,1.46355,1.46355,1.46355,0.0
2011-06-04 03:36:00,1.46355,1.46355,1.46355,1.46355,0.0
2011-06-04 03:37:00,1.46355,1.46355,1.46355,1.46355,0.0
2011-06-04 03:38:00,1.46355,1.46355,1.46355,1.46355,0.0
2011-06-04 03:39:00,1.46355,1.46355,1.46355,1.46355,0.0
2011-06-04 03:40:00,1.46355,1.46355,1.46355,1.46355,0.0
2011-06-04 03:41:00,1.46355,1.46355,1.46355,1.46355,0.0
2011-06-04 03:42:00,1.46355,1.46355,1.46355,1.46355,0.0
2011-06-04 03:43:00,1.46355,1.46355,1.46355,1.46355,0.0
2011-06-04 03:44:00,1.46355,1.46355,1.46355,1.46355,0.0
2011-06-04 03:45:00,1.46355,1.46355,1.46355,1.46355,0.0
2011-06-04 03:46:00,1.46355,1.46355,1.46355,1.46355,0.0
2011-06-04 03:47:00,1.46355,1.46355,1.46355,1.46355,0.0
2011-06-04 03:48:00,1.46355,1.46355,1.46355,1.46355,0.0
2011-06-04 03:49:00,1.46355,1.46355,1.46355,1.46355,0.0
2011-06-04 03:50:00,1.46355,1.46355,1.46355,1.46355,0.0
2011-06-04 03:51:00,1.46355,1.46355,1.46355,1.46355,0.0
2011-06-04 03:52:00,1.46355,1.46355,1.46355,1.46355,0.0
2011-06-04 03:53:00,1.46355,1.46355,1.46355,1.46355,0.0
2011-06-04 03:54:00,1.46355,1.46355,1.46355,1.46355,0.0
2011-06-04 03:55:00,1.46355,1.46355,1.46355,1.46355,0.0
2011-06-04 03:56:00,1.46355,1.46355,1.46355,1.46355,0.0
2011-06-04 03:57:00,1.46355,1.46355,1.46355,1.46355,0.0
2011-06-04 03:58:00,1.46355,1.46355,1.46355,1.46355,0.0
2011-06-04 03:59:00,1.46355,1.46355,1.46355,1.46355,0.0
2011-06-04 04:00:00,1.46355,1.46355,1.46355,1.46355,0.0
2011-06-04 04:01:00,1.46355,1.46355,1.46355,1.46355,0.0
2011-06-04 04:02:00,1.46355,1.46355,1.46355,1.46355,0.0
2011-06-04 04:03:00,1.46355,1.46355,1.46355,1.46355,0.0
2011-06-04 04:04:00,1.46355,1.46355,1.46355,1.46355,0.0
2011-06-04 04:05:00,1.46355,1.46355,1.46355,1.46355,0.0
2011-06-04 04:06:00,1.46355,1.46355,1.46355,1.46355,0.0
2011-06-04 04:07:00,1.46355,1.46355,1.46355,1.46355,0.0
2011-06-04 04:08:00,1.46355,1.46355,1.46355,1.46355,0.0
2011-06-04 04:09:00,1.46355,1.46355,1.46355,1.46355,0.0
2011-06-04 04:10:00,1.46355,1.46355,1.46355,1.46355,0.0
2011-06-04 04:11:00,1.46355,1.46355,1.46355,1.46355,0.0
2011-06-04 04:12:00,1.46355,1.46355,1.46355,1.46355,0.0
2011-06-04 04:13:00,1.46355,1.46355,1.46355,1.46355,0.0
2011-06-04 04:14:00,1.46355,1.46355,1.46355,1.46355,0.0
2011-06-04 04:15:00,1.46355,1.46355,1.46355,1.46355,0.0
2011-06-04 04:16:00,1.46355,1.46355,1.46355,1.46355,0.0
2011-06-04 04:17:00,1.46355,1.46355,1.46355,1.46355,0.0
2011-06-04 04:18:00,1.46355,1.46355,1.46355,1.46355,0.0
2011-06-04 04:19:00,1.46355,1.46355,1.46355,1.46355,0.0
2011-06-04 04:20:00,1.46355,1.46355,1.46355,1.46355,0.0
2011-06-04 04:21:00,1.46355,1.46355,1.46355,1.46355,0.0
2011-06-04 04:22:00,1.46355,1.46355,1.46355,1.46355,0.0
2011-06-04 04:23:00,1.46355,1.46355,1.46355,1.46355,0.0
2011-06-04 04:24:00,1.46355,1.46355,1.46355,1.46355,0.0
2011-06-04 04:25:00,1.46355,1.46355,1.46355,1.46355,0.0
2011-06-04 04:26:00,1.46355,1.46355,1.46355,1.46355,0.0
2011-06-04 04:27:00,1.46355,1.46355,1.46355,1.46355,0.0
2011-06-04 04:28:00,1.46355,1.46355,1.46355,1.46355,0.0
2011-06-04 04:29:00,1.46355,1.46355,1.46355,1.46355,0.0
2011-06-04 04:30:00,1.46355,1.46355,1.46355,1.46355,0.0
2011-06-04 04:31:00,1.46355,1.46355,1.46355,1.46355,0.0
2011-06-04 04:32:00,1.46355,1.46355,1.46355,1.46355,0.0
2011-06-04 04:33:00,1.46355,1.46355,1.46355,1.46355,0.0
2011-06-04 04:34:00,1.46355,1.46355,1.46355,1.46355,0.0
2011-06-04 04:35:00,1.46355,1.46355,1.46355,1.46355,0.0
2011-06-04 04:36:00,1.46355,1.46355,1.46355,1.46355,0.0
2011-06-04 04:37:00,1.46355,1.46355,1.46355,1.46355,0.0
2011-06-04 04:38:00,1.46355,1.46355,1.46355,1.46355,0.0
2011-06-04 04:39:00,1.46355,1.46355,1.46355,1.46355,0.0
2011-06-04 04:40:00,1.46355,1.46355,1.46355,1.46355,0.0
2011-06-04 04:41:00,1.46355,1.46355,1.46355,1.46355,0.0
2011-06-04 04:42:00,1.46355,1.46355,1.46355,1.46355,0.0
2011-06-04 04:43:00,1.46355,1.46355,1.46355,1.46355,0.0
2011-06-04 04:44:00,1.46355,1.46355,1.46355,1.46355,0.0
2011-06-04 04:45:00,1.46355,1.46355,1.46355,1.46355,0.0
2011-06-04 04:46:00,1.46355,1.46355,1.46355,1.46355,0.0
2011-06-04 04:47:00,1.46355,1.46355,1.46355,1.46355,0.0
2011-06-04 04:48:00,1.46355,1.46355,1.46355,1.46355,0.0
2011-06-04 04:49:00,1.46355,1.46355,1.46355,1.46355,0.0
2011-06-04 04:50:00,1.46355,1.46355,1.46355,1.46355,0.0
2011-06-04 04:51:00,1.46355,1.46355,1.46355,1.46355,0.0
2011-06-04 04:52:00,1.46355,1.46355,1.46355,1.46355,0.0
2011-06-04 04:53:00,1.46355,1.46355,1.46355,1.46355,0.0
2011-06-04 04:54:00,1.46355,1.46355,1.46355,1.46355,0.0
2011-06-04 04:55:00,1.46355,1.46355,1.46355,1.46355,0.0
2011-06-04 04:56:00,1.46355,1.46355,1.46355,1.46355,0.0
2011-06-04 04:57:00,1.46355,1.46355,1.46355,1.46355,0.0
2011-06-04 04:58:00,1.46355,1.46355,1.46355,1.46355,0.0
2011-06-04 04:59:00,1.46355,1.46355,1.46355,1.46355,0.0
2011-06-04 05:00:00,1.46355,1.46355,1.46355,1.46355,0.0
2011-06-04 05:01:00,1.46355,1.46355,1.46355,1.46355,0.0
2011-06-04 05:02:00,1.46355,1.46355,1.46355,1.46355,0.0
2011-06-04 05:03:00,1.46355,1.46355,1.46355,1.46355,0.0
2011-06-04 05:04:00,1.46355,1.46355,1.46355,1.46355,0.0
2011-06-04 05:05:00,1.46355,1.46355,1.46355,1.46355,0.0
2011-06-04 05:06:00,1.46355,1.46355,1.46355,1.46355,0.0
2011-06-04 05:07:00,1.46355,1.46355,1.46355,1.46355,0.0
2011-06-04 05:08:00,1.46355,1.46355,1.46355,1.46355,0.0
2011-06-04 05:09:00,1.46355,1.46355,1.46355,1.46355,0.0
2011-06-04 05:10:00,1.46355,1.46355,1.46355,1.46355,0.0
2011-06-04 05:11:00,1.46355,1.46355,1.46355,1.46355,0.0
2011-06-04 05:12:00,1.46355,1.46355,1.46355,1.46355,0.0
2011-06-04 05:13:00,1.46355,1.46355,1.46355,1.46355,0.0
2011-06-04 05:14:00,1.46355,1.46355,1.46355,1.46355,0.0
2011-06-04 05:15:00,1.46355,1.46355,1.46355,1.46355,0.0
2011-06-04 05:16:00,1.46355,1.46355,1.46355,1.46355,0.0
2011-06-04 05:17:00,1.46355,1.46355,1.46355,1.46355,0.0
2011-06-04 05:18:00,1.46355,1.46355,1.46355,1.46355,0.0
2011-06-04 05:19:00,1.46355,1.46355,1.46355,1.46355,0.0
2011-06-04 05:20:00,1.46355,1.46355,1.46355,1.46355,0.0
2011-06-04 05:21:00,1.46355,1.46355,1.46355,1.46355,0.0
2011-06-04 05:22:00,1.46355,1.46355,1.46355,1.46355,0.0
2011-06-04 05:23:00,1.46355,1.46355,1.46355,1.46355,0.0
2011-06-04 05:24:00,1.46355,1.46355,1.46355,1.46355,0.0
2011-06-04 05:25:00,1.46355,1.46355,1.46355,1.46355,0.0
2011-06-04 05:26:00,1.46355,1.46355,1.46355,1.46355,0.0
2011-06-04 05:27:00,1.46355,1.46355,1.46355,1.46355,0.0
2011-06-04 05:28:00,1.46355,1.46355,1.46355,1.46355,0.0
2011-06-04 05:29:00,1.46355,1.46355,1.46355,1.46355,0.0
2011-06-04 05:30:00,1.46355,1.46355,1.46355,1.46355,0.0
2011-06-04 05:31:00,1.46355,1.46355,1.46355,1.46355,0.0
2011-06-04 05:32:00,1.46355,1.46355,1.46355,1.46355,0.0
2011-06-04 05:33:00,1.46355,1.46355,1.46355,1.46355,0.0
2011-06-04 05:34:00,1.46355,1.46355,1.46355,1.46355,0.0
2011-06-04 05:35:00,1.46355,1.46355,1.46355,1.46355,0.0
2011-06-04 05:36:00,1.46355,1.46355,1.46355,1.46355,0.0
2011-06-04 05:37:00,1.46355,1.46355,1.46355,1.46355,0.0
2011-06-04 05:38:00,1.46355,1.46355,1.46355,1.46355,0.0
2011-06-04 05:39:00,1.46355,1.46355,1.46355,1.46355,0.0
2011-06-04 05:40:00,1.46355,1.46355,1.46355,1.46355,0.0
2011-06-04 05:41:00,1.46355,1.46355,1.46355,1.46355,0.0
2011-06-04 05:42:00,1.46355,1.46355,1.46355,1.46355,0.0
2011-06-04 05:43:00,1.46355,1.46355,1.46355,1.46355,0.0
2011-06-04 05:44:00,1.46355,1.46355,1.46355,1.46355,0.0
2011-06-04 05:45:00,1.46355,1.46355,1.46355,1.46355,0.0
2011-06-04 05:46:00,1.46355,1.46355,1.46355,1.46355,0.0
2011-06-04 05:47:00,1.46355,1.46355,1.46355,1.46355,0.0
2011-06-04 05:48:00,1.46355,1.46355,1.46355,1.46355,0.0
2011-06-04 05:49:00,1.46355,1.46355,1.46355,1.46355,0.0
2011-06-04 05:50:00,1.46355,1.46355,1.46355,1.46355,0.0
2011-06-04 05:51:00,1.46355,1.46355,1.46355,1.46355,0.0
2011-06-04 05:52:00,1.46355,1.46355,1.46355,1.46355,0.0
2011-06-04 05:53:00,1.46355,1.46355,1.46355,1.46355,0.0
2011-06-04 05:54:00,1.46355,1.46355,1.46355,1.46355,0.0
2011-06-04 05:55:00,1.46355,1.46355,1.46355,1.46355,0.0
2011-06-04 05:56:00,1.46355,1.46355,1.46355,1.46355,0.0
2011-06-04 05:57:00,1.46355,1.46355,1.46355,1.46355,0.0
2011-06-04 05:58:00,1.46355,1.46355,1.46355,1.46355,0.0
2011-06-04 05:59:00,1.46355,1.46355,1.46355,1.46355,0.0
2011-06-04 06:00:00,1.46355,1.46355,1.46355,1.46355,0.0
2011-06-04 06:01:00,1.46355,1.46355,1.46355,1.46355,0.0
2011-06-04 06:02:00,1.46355,1.46355,1.46355,1.46355,0.0
2011-06-04 06:03:00,1.46355,1.46355,1.46355,1.46355,0.0
2011-06-04 06:04:00,1.46355,1.46355,1.46355,1.46355,0.0
2011-06-04 06:05:00,1.46355,1.46355,1.46355,1.46355,0.0
2011-06-04 06:06:00,1.46355,1.46355,1.46355,1.46355,0.0
2011-06-04 06:07:00,1.46355,1.46355,1.46355,1.46355,0.0
2011-06-04 06:08:00,1.46355,1.46355,1.46355,1.46355,0.0
2011-06-04 06:09:00,1.46355,1.46355,1.46355,1.46355,0.0
2011-06-04 06:10:00,1.46355,1.46355,1.46355,1.46355,0.0
2011-06-04 06:11:00,1.46355,1.46355,1.46355,1.46355,0.0
2011-06-04 06:12:00,1.46355,1.46355,1.46355,1.46355,0.0
2011-06-04 06:13:00,1.46355,1.46355,1.46355,1.46355,0.0
2011-06-04 06:14:00,1.46355,1.46355,1.46355,1.46355,0.0
2011-06-04 06:15:00,1.46355,1.46355,1.46355,1.46355,0.0
2011-06-04 06:16:00,1.46355,1.46355,1.46355,1.46355,0.0
2011-06-04 06:17:00,1.46355,1.46355,1.46355,1.46355,0.0
2011-06-04 06:18:00,1.46355,1.46355,1.46355,1.46355,0.0
2011-06-04 06:19:00,1.46355,1.46355,1.46355,1.46355,0.0
2011-06-04 06:20:00,1.46355,1.46355,1.46355,1.46355,0.0
2011-06-04 06:21:00,1.46355,1.46355,1.46355,1.46355,0.0
2011-06-04 06:22:00,1.46355,1.46355,1.46355,1.46355,0.0
2011-06-04 06:23:00,1.46355,1.46355,1.46355,1.46355,0.0
2011-06-04 06:24:00,1.46355,1.46355,1.46355,1.46355,0.0
2011-06-04 06:25:00,1.46355,1.46355,1.46355,1.46355,0.0
2011-06-04 06:26:00,1.46355,1.46355,1.46355,1.46355,0.0
2011-06-04 06:27:00,1.46355,1.46355,1.46355,1.46355,0.0
2011-06-04 06:28:00,1.46355,1.46355,1.46355,1.46355,0.0
2011-06-04 06:29:00,1.46355,1.46355,1.46355,1.46355,0.0
2011-06-04 06:30:00,1.46355,1.46355,1.46355,1.46355,0.0
2011-06-04 06:31:00,1.46355,1.46355,1.46355,1.46355,0.0
2011-06-04 06:32:00,1.46355,1.46355,1.46355,1.46355,0.0
2011-06-04 06:33:00,1.46355,1.46355,1.46355,1.46355,0.0
2011-06-04 06:34:00,1.46355,1.46355,1.46355,1.46355,0.0
2011-06-04 06:35:00,1.46355,1.46355,1.46355,1.46355,0.0
2011-06-04 06:36:00,1.46355,1.46355,1.46355,1.46355,0.0
2011-06-04 06:37:00,1.46355,1.46355,1.46355,1.46355,0.0
2011-06-04 06:38:00,1.46355,1.46355,1.46355,1.46355,0.0
2011-06-04 06:39:00,1.46355,1.46355,1.46355,1.46355,0.0
2011-06-04 06:40:00,1.46355,1.46355,1.46355,1.46355,0.0
2011-06-04 06:41:00,1.46355,1.46355,1.46355,1.46355,0.0
2011-06-04 06:42:00,1.46355,1.46355,1.46355,1.46355,0.0
2011-06-04 06:43:00,1.46355,1.46355,1.46355,1.46355,0.0
2011-06-04 06:44:00,1.46355,1.46355,1.46355,1.46355,0.0
2011-06-04 06:45:00,1.46355,1.46355,1.46355,1.46355,0.0
2011-06-04 06:46:00,1.46355,1.46355,1.46355,1.46355,0.0
2011-06-04 06:47:00,1.46355,1.46355,1.46355,1.46355,0.0
2011-06-04 06:48:00,1.46355,1.46355,1.46355,1.46355,0.0
2011-06-04 06:49:00,1.46355,1.46355,1.46355,1.46355,0.0
2011-06-04 06:50:00,1.46355,1.46355,1.46355,1.46355,0.0
2011-06-04 06:51:00,1.46355,1.46355,1.46355,1.46355,0.0
2011-06-04 06:52:00,1.46355,1.46355,1.46355,1.46355,0.0
2011-06-04 06:53:00,1.46355,1.46355,1.46355,1.46355,0.0
2011-06-04 06:54:00,1.46355,1.46355,1.46355,1.46355,0.0
2011-06-04 06:55:00,1.46355,1.46355,1.46355,1.46355,0.0
2011-06-04 06:56:00,1.46355,1.46355,1.46355,1.46355,0.0
2011-06-04 06:57:00,1.46355,1.46355,1.46355,1.46355,0.0
2011-06-04 06:58:00,1.46355,1.46355,1.46355,1.46355,0.0
2011-06-04 06:59:00,1.46355,1.46355,1.46355,1.46355,0.0
2011-06-04 07:00:00,1.46355,1.46355,1.46355,1.46355,0.0
2011-06-04 07:01:00,1.46355,1.46355,1.46355,1.46355,0.0
2011-06-04 07:02:00,1.46355,1.46355,1.46355,1.46355,0.0
2011-06-04 07:03:00,1.46355,1.46355,1.46355,1.46355,0.0
2011-06-04 07:04:00,1.46355,1.46355,1.46355,1.46355,0.0
2011-06-04 07:05:00,1.46355,1.46355,1.46355,1.46355,0.0
2011-06-04 07:06:00,1.46355,1.46355,1.46355,1.46355,0.0
2011-06-04 07:07:00,1.46355,1.46355,1.46355,1.46355,0.0
2011-06-04 07:08:00,1.46355,1.46355,1.46355,1.46355,0.0
2011-06-04 07:09:00,1.46355,1.46355,1.46355,1.46355,0.0
2011-06-04 07:10:00,1.46355,1.46355,1.46355,1.46355,0.0
2011-06-04 07:11:00,1.46355,1.46355,1.46355,1.46355,0.0
2011-06-04 07:12:00,1.46355,1.46355,1.46355,1.46355,0.0
2011-06-04 07:13:00,1.46355,1.46355,1.46355,1.46355,0.0
2011-06-04 07:14:00,1.46355,1.46355,1.46355,1.46355,0.0
2011-06-04 07:15:00,1.46355,1.46355,1.46355,1.46355,0.0
2011-06-04 07:16:00,1.46355,1.46355,1.46355,1.46355,0.0
2011-06-04 07:17:00,1.46355,1.46355,1.46355,1.46355,0.0
2011-06-04 07:18:00,1.46355,1.46355,1.46355,1.46355,0.0
2011-06-04 07:19:00,1.46355,1.46355,1.46355,1.46355,0.0
2011-06-04 07:20:00,1.46355,1.46355,1.46355,1.46355,0.0
2011-06-04 07:21:00,1.46355,1.46355,1.46355,1.46355,0.0
2011-06-04 07:22:00,1.46355,1.46355,1.46355,1.46355,0.0
2011-06-04 07:23:00,1.46355,1.46355,1.46355,1.46355,0.0
2011-06-04 07:24:00,1.46355,1.46355,1.46355,1.46355,0.0
2011-06-04 07:25:00,1.46355,1.46355,1.46355,1.46355,0.0
2011-06-04 07:26:00,1.46355,1.46355,1.46355,1.46355,0.0
2011-06-04 07:27:00,1.46355,1.46355,1.46355,1.46355,0.0
2011-06-04 07:28:00,1.46355,1.46355,1.46355,1.46355,0.0
2011-06-04 07:29:00,1.46355,1.46355,1.46355,1.46355,0.0
2011-06-04 07:30:00,1.46355,1.46355,1.46355,1.46355,0.0
2011-06-04 07:31:00,1.46355,1.46355,1.46355,1.46355,0.0
2011-06-04 07:32:00,1.46355,1.46355,1.46355,1.46355,0.0
2011-06-04 07:33:00,1.46355,1.46355,1.46355,1.46355,0.0
2011-06-04 07:34:00,1.46355,1.46355,1.46355,1.46355,0.0
2011-06-04 07:35:00,1.46355,1.46355,1.46355,1.46355,0.0
2011-06-04 07:36:00,1.46355,1.46355,1.46355,1.46355,0.0
2011-06-04 07:37:00,1.46355,1.46355,1.46355,1.46355,0.0
2011-06-04 07:38:00,1.46355,1.46355,1.46355,1.46355,0.0
2011-06-04 07:39:00,1.46355,1.46355,1.46355,1.46355,0.0
2011-06-04 07:40:00,1.46355,1.46355,1.46355,1.46355,0.0
2011-06-04 07:41:00,1.46355,1.46355,1.46355,1.46355,0.0
2011-06-04 07:42:00,1.46355,1.46355,1.46355,1.46355,0.0
2011-06-04 07:43:00,1.46355,1.46355,1.46355,1.46355,0.0
2011-06-04 07:44:00,1.46355,1.46355,1.46355,1.46355,0.0
2011-06-04 07:45:00,1.46355,1.46355,1.46355,1.46355,0.0
2011-06-04 07:46:00,1.46355,1.46355,1.46355,1.46355,0.0
2011-06-04 07:47:00,1.46355,1.46355,1.46355,1.46355,0.0
2011-06-04 07:48:00,1.46355,1.46355,1.46355,1.46355,0.0
2011-06-04 07:49:00,1.46355,1.46355,1.46355,1.46355,0.0
2011-06-04 07:50:00,1.46355,1.46355,1.46355,1.46355,0.0
2011-06-04 07:51:00,1.46355,1.46355,1.46355,1.46355,0.0
2011-06-04 07:52:00,1.46355,1.46355,1.46355,1.46355,0.0
2011-06-04 07:53:00,1.46355,1.46355,1.46355,1.46355,0.0
2011-06-04 07:54:00,1.46355,1.46355,1.46355,1.46355,0.0
2011-06-04 07:55:00,1.46355,1.46355,1.46355,1.46355,0.0
2011-06-04 07:56:00,1.46355,1.46355,1.46355,1.46355,0.0
2011-06-04 07:57:00,1.46355,1.46355,1.46355,1.46355,0.0
2011-06-04 07:58:00,1.46355,1.46355,1.46355,1.46355,0.0
2011-06-04 07:59:00,1.46355,1.46355,1.46355,1.46355,0.0
2011-06-04 08:00:00,1.46355,1.46355,1.46355,1.46355,0.0
2011-06-04 08:01:00,1.46355,1.46355,1.46355,1.46355,0.0
2011-06-04 08:02:00,1.46355,1.46355,1.46355,1.46355,0.0
2011-06-04 08:03:00,1.46355,1.46355,1.46355,1.46355,0.0
2011-06-04 08:04:00,1.46355,1.46355,1.46355,1.46355,0.0
2011-06-04 08:05:00,1.46355,1.46355,1.46355,1.46355,0.0
2011-06-04 08:06:00,1.46355,1.46355,1.46355,1.46355,0.0
2011-06-04 08:07:00,1.46355,1.46355,1.46355,1.46355,0.0
2011-06-04 08:08:00,1.46355,1.46355,1.46355,1.46355,0.0
2011-06-04 08:09:00,1.46355,1.46355,1.46355,1.46355,0.0
2011-06-04 08:10:00,1.46355,1.46355,1.46355,1.46355,0.0
2011-06-04 08:11:00,1.46355,1.46355,1.46355,1.46355,0.0
2011-06-04 08:12:00,1.46355,1.46355,1.46355,1.46355,0.0
2011-06-04 08:13:00,1.46355,1.46355,1.46355,1.46355,0.0
2011-06-04 08:14:00,1.46355,1.46355,1.46355,1.46355,0.0
2011-06-04 08:15:00,1.46355,1.46355,1.46355,1.46355,0.0
2011-06-04 08:16:00,1.46355,1.46355,1.46355,1.46355,0.0
2011-06-04 08:17:00,1.46355,1.46355,1.46355,1.46355,0.0
2011-06-04 08:18:00,1.46355,1.46355,1.46355,1.46355,0.0
2011-06-04 08:19:00,1.46355,1.46355,1.46355,1.46355,0.0
2011-06-04 08:20:00,1.46355,1.46355,1.46355,1.46355,0.0
2011-06-04 08:21:00,1.46355,1.46355,1.46355,1.46355,0.0
2011-06-04 08:22:00,1.46355,1.46355,1.46355,1.46355,0.0
2011-06-04 08:23:00,1.46355,1.46355,1.46355,1.46355,0.0
2011-06-04 08:24:00,1.46355,1.46355,1.46355,1.46355,0.0
2011-06-04 08:25:00,1.46355,1.46355,1.46355,1.46355,0.0
2011-06-04 08:26:00,1.46355,1.46355,1.46355,1.46355,0.0
2011-06-04 08:27:00,1.46355,1.46355,1.46355,1.46355,0.0
2011-06-04 08:28:00,1.46355,1.46355,1.46355,1.46355,0.0
2011-06-04 08:29:00,1.46355,1.46355,1.46355,1.46355,0.0
2011-06-04 08:30:00,1.46355,1.46355,1.46355,1.46355,0.0
2011-06-04 08:31:00,1.46355,1.46355,1.46355,1.46355,0.0
2011-06-04 08:32:00,1.46355,1.46355,1.46355,1.46355,0.0
2011-06-04 08:33:00,1.46355,1.46355,1.46355,1.46355,0.0
2011-06-04 08:34:00,1.46355,1.46355,1.46355,1.46355,0.0
2011-06-04 08:35:00,1.46355,1.46355,1.46355,1.46355,0.0
2011-06-04 08:36:00,1.46355,1.46355,1.46355,1.46355,0.0
2011-06-04 08:37:00,1.46355,1.46355,1.46355,1.46355,0.0
2011-06-04 08:38:00,1.46355,1.46355,1.46355,1.46355,0.0
2011-06-04 08:39:00,1.46355,1.46355,1.46355,1.46355,0.0
2011-06-04 08:40:00,1.46355,1.46355,1.46355,1.46355,0.0
2011-06-04 08:41:00,1.46355,1.46355,1.46355,1.46355,0.0
2011-06-04 08:42:00,1.46355,1.46355,1.46355,1.46355,0.0
2011-06-04 08:43:00,1.46355,1.46355,1.46355,1.46355,0.0
2011-06-04 08:44:00,1.46355,1.46355,1.46355,1.46355,0.0
2011-06-04 08:45:00,1.46355,1.46355,1.46355,1.46355,0.0
2011-06-04 08:46:00,1.46355,1.46355,1.46355,1.46355,0.0
2011-06-04 08:47:00,1.46355,1.46355,1.46355,1.46355,0.0
2011-06-04 08:48:00,1.46355,1.46355,1.46355,1.46355,0.0
2011-06-04 08:49:00,1.46355,1.46355,1.46355,1.46355,0.0
2011-06-04 08:50:00,1.46355,1.46355,1.46355,1.46355,0.0
2011-06-04 08:51:00,1.46355,1.46355,1.46355,1.46355,0.0
2011-06-04 08:52:00,1.46355,1.46355,1.46355,1.46355,0.0
2011-06-04 08:53:00,1.46355,1.46355,1.46355,1.46355,0.0
2011-06-04 08:54:00,1.46355,1.46355,1.46355,1.46355,0.0
2011-06-04 08:55:00,1.46355,1.46355,1.46355,1.46355,0.0
2011-06-04 08:56:00,1.46355,1.46355,1.46355,1.46355,0.0
2011-06-04 08:57:00,1.46355,1.46355,1.46355,1.46355,0.0
2011-06-04 08:58:00,1.46355,1.46355,1.46355,1.46355,0.0
2011-06-04 08:59:00,1.46355,1.46355,1.46355,1.46355,0.0
2011-06-04 09:00:00,1.46355,1.46355,1.46355,1.46355,0.0
2011-06-04 09:01:00,1.46355,1.46355,1.46355,1.46355,0.0
2011-06-04 09:02:00,1.46355,1.46355,1.46355,1.46355,0.0
2011-06-04 09:03:00,1.46355,1.46355,1.46355,1.46355,0.0
2011-06-04 09:04:00,1.46355,1.46355,1.46355,1.46355,0.0
2011-06-04 09:05:00,1.46355,1.46355,1.46355,1.46355,0.0
2011-06-04 09:06:00,1.46355,1.46355,1.46355,1.46355,0.0
2011-06-04 09:07:00,1.46355,1.46355,1.46355,1.46355,0.0
2011-06-04 09:08:00,1.46355,1.46355,1.46355,1.46355,0.0
2011-06-04 09:09:00,1.46355,1.46355,1.46355,1.46355,0.0
2011-06-04 09:10:00,1.46355,1.46355,1.46355,1.46355,0.0
2011-06-04 09:11:00,1.46355,1.46355,1.46355,1.46355,0.0
2011-06-04 09:12:00,1.46355,1.46355,1.46355,1.46355,0.0
2011-06-04 09:13:00,1.46355,1.46355,1.46355,1.46355,0.0
2011-06-04 09:14:00,1.46355,1.46355,1.46355,1.46355,0.0
2011-06-04 09:15:00,1.46355,1.46355,1.46355,1.46355,0.0
2011-06-04 09:16:00,1.46355,1.46355,1.46355,1.46355,0.0
2011-06-04 09:17:00,1.46355,1.46355,1.46355,1.46355,0.0
2011-06-04 09:18:00,1.46355,1.46355,1.46355,1.46355,0.0
2011-06-04 09:19:00,1.46355,1.46355,1.46355,1.46355,0.0
2011-06-04 09:20:00,1.46355,1.46355,1.46355,1.46355,0.0
2011-06-04 09:21:00,1.46355,1.46355,1.46355,1.46355,0.0
2011-06-04 09:22:00,1.46355,1.46355,1.46355,1.46355,0.0
2011-06-04 09:23:00,1.46355,1.46355,1.46355,1.46355,0.0
2011-06-04 09:24:00,1.46355,1.46355,1.46355,1.46355,0.0
2011-06-04 09:25:00,1.46355,1.46355,1.46355,1.46355,0.0
2011-06-04 09:26:00,1.46355,1.46355,1.46355,1.46355,0.0
2011-06-04 09:27:00,1.46355,1.46355,1.46355,1.46355,0.0
2011-06-04 09:28:00,1.46355,1.46355,1.46355,1.46355,0.0
2011-06-04 09:29:00,1.46355,1.46355,1.46355,1.46355,0.0
2011-06-04 09:30:00,1.46355,1.46355,1.46355,1.46355,0.0
2011-06-04 09:31:00,1.46355,1.46355,1.46355,1.46355,0.0
2011-06-04 09:32:00,1.46355,1.46355,1.46355,1.46355,0.0
2011-06-04 09:33:00,1.46355,1.46355,1.46355,1.46355,0.0
2011-06-04 09:34:00,1.46355,1.46355,1.46355,1.46355,0.0
2011-06-04 09:35:00,1.46355,1.46355,1.46355,1.46355,0.0
2011-06-04 09:36:00,1.46355,1.46355,1.46355,1.46355,0.0
2011-06-04 09:37:00,1.46355,1.46355,1.46355,1.46355,0.0
2011-06-04 09:38:00,1.46355,1.46355,1.46355,1.46355,0.0
2011-06-04 09:39:00,1.46355,1.46355,1.46355,1.46355,0.0
2011-06-04 09:40:00,1.46355,1.46355,1.46355,1.46355,0.0
2011-06-04 09:41:00,1.46355,1.46355,1.46355,1.46355,0.0
2011-06-04 09:42:00,1.46355,1.46355,1.46355,1.46355,0.0
2011-06-04 09:43:00,1.46355,1.46355,1.46355,1.46355,0.0
2011-06-04 09:44:00,1.46355,1.46355,1.46355,1.46355,0.0
2011-06-04 09:45:00,1.46355,1.46355,1.46355,1.46355,0.0
2011-06-04 09:46:00,1.46355,1.46355,1.46355,1.46355,0.0
2011-06-04 09:47:00,1.46355,1.46355,1.46355,1.46355,0.0
2011-06-04 09:48:00,1.46355,1.46355,1.46355,1.46355,0.0
2011-06-04 09:49:00,1.46355,1.46355,1.46355,1.46355,0.0
2011-06-04 09:50:00,1.46355,1.46355,1.46355,1.46355,0.0
2011-06-04 09:51:00,1.46355,1.46355,1.46355,1.46355,0.0
2011-06-04 09:52:00,1.46355,1.46355,1.46355,1.46355,0.0
2011-06-04 09:53:00,1.46355,1.46355,1.46355,1.46355,0.0
2011-06-04 09:54:00,1.46355,1.46355,1.46355,1.46355,0.0
2011-06-04 09:55:00,1.46355,1.46355,1.46355,1.46355,0.0
2011-06-04 09:56:00,1.46355,1.46355,1.46355,1.46355,0.0
2011-06-04 09:57:00,1.46355,1.46355,1.46355,1.46355,0.0
2011-06-04 09:58:00,1.46355,1.46355,1.46355,1.46355,0.0
2011-06-04 09:59:00,1.46355,1.46355,1.46355,1.46355,0.0
2011-06-04 10:00:00,1.46355,1.46355,1.46355,1.46355,0.0
2011-06-04 10:01:00,1.46355,1.46355,1.46355,1.46355,0.0
2011-06-04 10:02:00,1.46355,1.46355,1.46355,1.46355,0.0
2011-06-04 10:03:00,1.46355,1.46355,1.46355,1.46355,0.0
2011-06-04 10:04:00,1.46355,1.46355,1.46355,1.46355,0.0
2011-06-04 10:05:00,1.46355,1.46355,1.46355,1.46355,0.0
2011-06-04 10:06:00,1.46355,1.46355,1.46355,1.46355,0.0
2011-06-04 10:07:00,1.46355,1.46355,1.46355,1.46355,0.0
2011-06-04 10:08:00,1.46355,1.46355,1.46355,1.46355,0.0
2011-06-04 10:09:00,1.46355,1.46355,1.46355,1.46355,0.0
2011-06-04 10:10:00,1.46355,1.46355,1.46355,1.46355,0.0
2011-06-04 10:11:00,1.46355,1.46355,1.46355,1.46355,0.0
2011-06-04 10:12:00,1.46355,1.46355,1.46355,1.46355,0.0
2011-06-04 10:13:00,1.46355,1.46355,1.46355,1.46355,0.0
2011-06-04 10:14:00,1.46355,1.46355,1.46355,1.46355,0.0
2011-06-04 10:15:00,1.46355,1.46355,1.46355,1.46355,0.0
2011-06-04 10:16:00,1.46355,1.46355,1.46355,1.46355,0.0
2011-06-04 10:17:00,1.46355,1.46355,1.46355,1.46355,0.0
2011-06-04 10:18:00,1.46355,1.46355,1.46355,1.46355,0.0
2011-06-04 10:19:00,1.46355,1.46355,1.46355,1.46355,0.0
2011-06-04 10:20:00,1.46355,1.46355,1.46355,1.46355,0.0
2011-06-04 10:21:00,1.46355,1.46355,1.46355,1.46355,0.0
2011-06-04 10:22:00,1.46355,1.46355,1.46355,1.46355,0.0
2011-06-04 10:23:00,1.46355,1.46355,1.46355,1.46355,0.0
2011-06-04 10:24:00,1.46355,1.46355,1.46355,1.46355,0.0
2011-06-04 10:25:00,1.46355,1.46355,1.46355,1.46355,0.0
2011-06-04 10:26:00,1.46355,1.46355,1.46355,1.46355,0.0
2011-06-04 10:27:00,1.46355,1.46355,1.46355,1.46355,0.0
2011-06-04 10:28:00,1.46355,1.46355,1.46355,1.46355,0.0
2011-06-04 10:29:00,1.46355,1.46355,1.46355,1.46355,0.0
2011-06-04 10:30:00,1.46355,1.46355,1.46355,1.46355,0.0
2011-06-04 10:31:00,1.46355,1.46355,1.46355,1.46355,0.0
2011-06-04 10:32:00,1.46355,1.46355,1.46355,1.46355,0.0
2011-06-04 10:33:00,1.46355,1.46355,1.46355,1.46355,0.0
2011-06-04 10:34:00,1.46355,1.46355,1.46355,1.46355,0.0
2011-06-04 10:35:00,1.46355,1.46355,1.46355,1.46355,0.0
2011-06-04 10:36:00,1.46355,1.46355,1.46355,1.46355,0.0
2011-06-04 10:37:00,1.46355,1.46355,1.46355,1.46355,0.0
2011-06-04 10:38:00,1.46355,1.46355,1.46355,1.46355,0.0
2011-06-04 10:39:00,1.46355,1.46355,1.46355,1.46355,0.0
2011-06-04 10:40:00,1.46355,1.46355,1.46355,1.46355,0.0
2011-06-04 10:41:00,1.46355,1.46355,1.46355,1.46355,0.0
2011-06-04 10:42:00,1.46355,1.46355,1.46355,1.46355,0.0
2011-06-04 10:43:00,1.46355,1.46355,1.46355,1.46355,0.0
2011-06-04 10:44:00,1.46355,1.46355,1.46355,1.46355,0.0
2011-06-04 10:45:00,1.46355,1.46355,1.46355,1.46355,0.0
2011-06-04 10:46:00,1.46355,1.46355,1.46355,1.46355,0.0
2011-06-04 10:47:00,1.46355,1.46355,1.46355,1.46355,0.0
2011-06-04 10:48:00,1.46355,1.46355,1.46355,1.46355,0.0
2011-06-04 10:49:00,1.46355,1.46355,1.46355,1.46355,0.0
2011-06-04 10:50:00,1.46355,1.46355,1.46355,1.46355,0.0
2011-06-04 10:51:00,1.46355,1.46355,1.46355,1.46355,0.0
2011-06-04 10:52:00,1.46355,1.46355,1.46355,1.46355,0.0
2011-06-04 10:53:00,1.46355,1.46355,1.46355,1.46355,0.0
2011-06-04 10:54:00,1.46355,1.46355,1.46355,1.46355,0.0
2011-06-04 10:55:00,1.46355,1.46355,1.46355,1.46355,0.0
2011-06-04 10:56:00,1.46355,1.46355,1.46355,1.46355,0.0
2011-06-04 10:57:00,1.46355,1.46355,1.46355,1.46355,0.0
2011-06-04 10:58:00,1.46355,1.46355,1.46355,1.46355,0.0
2011-06-04 10:59:00,1.46355,1.46355,1.46355,1.46355,0.0
2011-06-04 11:00:00,1.46355,1.46355,1.46355,1.46355,0.0
2011-06-04 11:01:00,1.46355,1.46355,1.46355,1.46355,0.0
2011-06-04 11:02:00,1.46355,1.46355,1.46355,1.46355,0.0
2011-06-04 11:03:00,1.46355,1.46355,1.46355,1.46355,0.0
2011-06-04 11:04:00,1.46355,1.46355,1.46355,1.46355,0.0
2011-06-04 11:05:00,1.46355,1.46355,1.46355,1.46355,0.0
2011-06-04 11:06:00,1.46355,1.46355,1.46355,1.46355,0.0
2011-06-04 11:07:00,1.46355,1.46355,1.46355,1.46355,0.0
2011-06-04 11:08:00,1.46355,1.46355,1.46355,1.46355,0.0
2011-06-04 11:09:00,1.46355,1.46355,1.46355,1.46355,0.0
2011-06-04 11:10:00,1.46355,1.46355,1.46355,1.46355,0.0
2011-06-04 11:11:00,1.46355,1.46355,1.46355,1.46355,0.0
2011-06-04 11:12:00,1.46355,1.46355,1.46355,1.46355,0.0
2011-06-04 11:13:00,1.46355,1.46355,1.46355,1.46355,0.0
2011-06-04 11:14:00,1.46355,1.46355,1.46355,1.46355,0.0
2011-06-04 11:15:00,1.46355,1.46355,1.46355,1.46355,0.0
2011-06-04 11:16:00,1.46355,1.46355,1.46355,1.46355,0.0
2011-06-04 11:17:00,1.46355,1.46355,1.46355,1.46355,0.0
2011-06-04 11:18:00,1.46355,1.46355,1.46355,1.46355,0.0
2011-06-04 11:19:00,1.46355,1.46355,1.46355,1.46355,0.0
2011-06-04 11:20:00,1.46355,1.46355,1.46355,1.46355,0.0
2011-06-04 11:21:00,1.46355,1.46355,1.46355,1.46355,0.0
2011-06-04 11:22:00,1.46355,1.46355,1.46355,1.46355,0.0
2011-06-04 11:23:00,1.46355,1.46355,1.46355,1.46355,0.0
2011-06-04 11:24:00,1.46355,1.46355,1.46355,1.46355,0.0
2011-06-04 11:25:00,1.46355,1.46355,1.46355,1.46355,0.0
2011-06-04 11:26:00,1.46355,1.46355,1.46355,1.46355,0.0
2011-06-04 11:27:00,1.46355,1.46355,1.46355,1.46355,0.0
2011-06-04 11:28:00,1.46355,1.46355,1.46355,1.46355,0.0
2011-06-04 11:29:00,1.46355,1.46355,1.46355,1.46355,0.0
2011-06-04 11:30:00,1.46355,1.46355,1.46355,1.46355,0.0
2011-06-04 11:31:00,1.46355,1.46355,1.46355,1.46355,0.0
2011-06-04 11:32:00,1.46355,1.46355,1.46355,1.46355,0.0
2011-06-04 11:33:00,1.46355,1.46355,1.46355,1.46355,0.0
2011-06-04 11:34:00,1.46355,1.46355,1.46355,1.46355,0.0
2011-06-04 11:35:00,1.46355,1.46355,1.46355,1.46355,0.0
2011-06-04 11:36:00,1.46355,1.46355,1.46355,1.46355,0.0
2011-06-04 11:37:00,1.46355,1.46355,1.46355,1.46355,0.0
2011-06-04 11:38:00,1.46355,1.46355,1.46355,1.46355,0.0
2011-06-04 11:39:00,1.46355,1.46355,1.46355,1.46355,0.0
2011-06-04 11:40:00,1.46355,1.46355,1.46355,1.46355,0.0
2011-06-04 11:41:00,1.46355,1.46355,1.46355,1.46355,0.0
2011-06-04 11:42:00,1.46355,1.46355,1.46355,1.46355,0.0
2011-06-04 11:43:00,1.46355,1.46355,1.46355,1.46355,0.0
2011-06-04 11:44:00,1.46355,1.46355,1.46355,1.46355,0.0
2011-06-04 11:45:00,1.46355,1.46355,1.46355,1.46355,0.0
2011-06-04 11:46:00,1.46355,1.46355,1.46355,1.46355,0.0
2011-06-04 11:47:00,1.46355,1.46355,1.46355,1.46355,0.0
2011-06-04 11:48:00,1.46355,1.46355,1.46355,1.46355,0.0
2011-06-04 11:49:00,1.46355,1.46355,1.46355,1.46355,0.0
2011-06-04 11:50:00,1.46355,1.46355,1.46355,1.46355,0.0
2011-06-04 11:51:00,1.46355,1.46355,1.46355,1.46355,0.0
2011-06-04 11:52:00,1.46355,1.46355,1.46355,1.46355,0.0
2011-06-04 11:53:00,1.46355,1.46355,1.46355,1.46355,0.0
2011-06-04 11:54:00,1.46355,1.46355,1.46355,1.46355,0.0
2011-06-04 11:55:00,1.46355,1.46355,1.46355,1.46355,0.0
2011-06-04 11:56:00,1.46355,1.46355,1.46355,1.46355,0.0
2011-06-04 11:57:00,1.46355,1.46355,1.46355,1.46355,0.0
2011-06-04 11:58:00,1.46355,1.46355,1.46355,1.46355,0.0
2011-06-04 11:59:00,1.46355,1.46355,1.46355,1.46355,0.0
2011-06-04 12:00:00,1.46355,1.46355,1.46355,1.46355,0.0
2011-06-04 12:01:00,1.46355,1.46355,1.46355,1.46355,0.0
2011-06-04 12:02:00,1.46355,1.46355,1.46355,1.46355,0.0
2011-06-04 12:03:00,1.46355,1.46355,1.46355,1.46355,0.0
2011-06-04 12:04:00,1.46355,1.46355,1.46355,1.46355,0.0
2011-06-04 12:05:00,1.46355,1.46355,1.46355,1.46355,0.0
2011-06-04 12:06:00,1.46355,1.46355,1.46355,1.46355,0.0
2011-06-04 12:07:00,1.46355,1.46355,1.46355,1.46355,0.0
2011-06-04 12:08:00,1.46355,1.46355,1.46355,1.46355,0.0
2011-06-04 12:09:00,1.46355,1.46355,1.46355,1.46355,0.0
2011-06-04 12:10:00,1.46355,1.46355,1.46355,1.46355,0.0
2011-06-04 12:11:00,1.46355,1.46355,1.46355,1.46355,0.0
2011-06-04 12:12:00,1.46355,1.46355,1.46355,1.46355,0.0
2011-06-04 12:13:00,1.46355,1.46355,1.46355,1.46355,0.0
2011-06-04 12:14:00,1.46355,1.46355,1.46355,1.46355,0.0
2011-06-04 12:15:00,1.46355,1.46355,1.46355,1.46355,0.0
2011-06-04 12:16:00,1.46355,1.46355,1.46355,1.46355,0.0
2011-06-04 12:17:00,1.46355,1.46355,1.46355,1.46355,0.0
2011-06-04 12:18:00,1.46355,1.46355,1.46355,1.46355,0.0
2011-06-04 12:19:00,1.46355,1.46355,1.46355,1.46355,0.0
2011-06-04 12:20:00,1.46355,1.46355,1.46355,1.46355,0.0
2011-06-04 12:21:00,1.46355,1.46355,1.46355,1.46355,0.0
2011-06-04 12:22:00,1.46355,1.46355,1.46355,1.46355,0.0
2011-06-04 12:23:00,1.46355,1.46355,1.46355,1.46355,0.0
2011-06-04 12:24:00,1.46355,1.46355,1.46355,1.46355,0.0
2011-06-04 12:25:00,1.46355,1.46355,1.46355,1.46355,0.0
2011-06-04 12:26:00,1.46355,1.46355,1.46355,1.46355,0.0
2011-06-04 12:27:00,1.46355,1.46355,1.46355,1.46355,0.0
2011-06-04 12:28:00,1.46355,1.46355,1.46355,1.46355,0.0
2011-06-04 12:29:00,1.46355,1.46355,1.46355,1.46355,0.0
2011-06-04 12:30:00,1.46355,1.46355,1.46355,1.46355,0.0
2011-06-04 12:31:00,1.46355,1.46355,1.46355,1.46355,0.0
2011-06-04 12:32:00,1.46355,1.46355,1.46355,1.46355,0.0
2011-06-04 12:33:00,1.46355,1.46355,1.46355,1.46355,0.0
2011-06-04 12:34:00,1.46355,1.46355,1.46355,1.46355,0.0
2011-06-04 12:35:00,1.46355,1.46355,1.46355,1.46355,0.0
2011-06-04 12:36:00,1.46355,1.46355,1.46355,1.46355,0.0
2011-06-04 12:37:00,1.46355,1.46355,1.46355,1.46355,0.0
2011-06-04 12:38:00,1.46355,1.46355,1.46355,1.46355,0.0
2011-06-04 12:39:00,1.46355,1.46355,1.46355,1.46355,0.0
2011-06-04 12:40:00,1.46355,1.46355,1.46355,1.46355,0.0
2011-06-04 12:41:00,1.46355,1.46355,1.46355,1.46355,0.0
2011-06-04 12:42:00,1.46355,1.46355,1.46355,1.46355,0.0
2011-06-04 12:43:00,1.46355,1.46355,1.46355,1.46355,0.0
2011-06-04 12:44:00,1.46355,1.46355,1.46355,1.46355,0.0
2011-06-04 12:45:00,1.46355,1.46355,1.46355,1.46355,0.0
2011-06-04 12:46:00,1.46355,1.46355,1.46355,1.46355,0.0
2011-06-04 12:47:00,1.46355,1.46355,1.46355,1.46355,0.0
2011-06-04 12:48:00,1.46355,1.46355,1.46355,1.46355,0.0
2011-06-04 12:49:00,1.46355,1.46355,1.46355,1.46355,0.0
2011-06-04 12:50:00,1.46355,1.46355,1.46355,1.46355,0.0
2011-06-04 12:51:00,1.46355,1.46355,1.46355,1.46355,0.0
2011-06-04 12:52:00,1.46355,1.46355,1.46355,1.46355,0.0
2011-06-04 12:53:00,1.46355,1.46355,1.46355,1.46355,0.0
2011-06-04 12:54:00,1.46355,1.46355,1.46355,1.46355,0.0
2011-06-04 12:55:00,1.46355,1.46355,1.46355,1.46355,0.0
2011-06-04 12:56:00,1.46355,1.46355,1.46355,1.46355,0.0
2011-06-04 12:57:00,1.46355,1.46355,1.46355,1.46355,0.0
2011-06-04 12:58:00,1.46355,1.46355,1.46355,1.46355,0.0
2011-06-04 12:59:00,1.46355,1.46355,1.46355,1.46355,0.0
2011-06-04 13:00:00,1.46355,1.46355,1.46355,1.46355,0.0
2011-06-04 13:01:00,1.46355,1.46355,1.46355,1.46355,0.0
2011-06-04 13:02:00,1.46355,1.46355,1.46355,1.46355,0.0
2011-06-04 13:03:00,1.46355,1.46355,1.46355,1.46355,0.0
2011-06-04 13:04:00,1.46355,1.46355,1.46355,1.46355,0.0
2011-06-04 13:05:00,1.46355,1.46355,1.46355,1.46355,0.0
2011-06-04 13:06:00,1.46355,1.46355,1.46355,1.46355,0.0
2011-06-04 13:07:00,1.46355,1.46355,1.46355,1.46355,0.0
2011-06-04 13:08:00,1.46355,1.46355,1.46355,1.46355,0.0
2011-06-04 13:09:00,1.46355,1.46355,1.46355,1.46355,0.0
2011-06-04 13:10:00,1.46355,1.46355,1.46355,1.46355,0.0
2011-06-04 13:11:00,1.46355,1.46355,1.46355,1.46355,0.0
2011-06-04 13:12:00,1.46355,1.46355,1.46355,1.46355,0.0
2011-06-04 13:13:00,1.46355,1.46355,1.46355,1.46355,0.0
2011-06-04 13:14:00,1.46355,1.46355,1.46355,1.46355,0.0
2011-06-04 13:15:00,1.46355,1.46355,1.46355,1.46355,0.0
2011-06-04 13:16:00,1.46355,1.46355,1.46355,1.46355,0.0
2011-06-04 13:17:00,1.46355,1.46355,1.46355,1.46355,0.0
2011-06-04 13:18:00,1.46355,1.46355,1.46355,1.46355,0.0
2011-06-04 13:19:00,1.46355,1.46355,1.46355,1.46355,0.0
2011-06-04 13:20:00,1.46355,1.46355,1.46355,1.46355,0.0
2011-06-04 13:21:00,1.46355,1.46355,1.46355,1.46355,0.0
2011-06-04 13:22:00,1.46355,1.46355,1.46355,1.46355,0.0
2011-06-04 13:23:00,1.46355,1.46355,1.46355,1.46355,0.0
2011-06-04 13:24:00,1.46355,1.46355,1.46355,1.46355,0.0
2011-06-04 13:25:00,1.46355,1.46355,1.46355,1.46355,0.0
2011-06-04 13:26:00,1.46355,1.46355,1.46355,1.46355,0.0
2011-06-04 13:27:00,1.46355,1.46355,1.46355,1.46355,0.0
2011-06-04 13:28:00,1.46355,1.46355,1.46355,1.46355,0.0
2011-06-04 13:29:00,1.46355,1.46355,1.46355,1.46355,0.0
2011-06-04 13:30:00,1.46355,1.46355,1.46355,1.46355,0.0
2011-06-04 13:31:00,1.46355,1.46355,1.46355,1.46355,0.0
2011-06-04 13:32:00,1.46355,1.46355,1.46355,1.46355,0.0
2011-06-04 13:33:00,1.46355,1.46355,1.46355,1.46355,0.0
2011-06-04 13:34:00,1.46355,1.46355,1.46355,1.46355,0.0
2011-06-04 13:35:00,1.46355,1.46355,1.46355,1.46355,0.0
2011-06-04 13:36:00,1.46355,1.46355,1.46355,1.46355,0.0
2011-06-04 13:37:00,1.46355,1.46355,1.46355,1.46355,0.0
2011-06-04 13:38:00,1.46355,1.46355,1.46355,1.46355,0.0
2011-06-04 13:39:00,1.46355,1.46355,1.46355,1.46355,0.0
2011-06-04 13:40:00,1.46355,1.46355,1.46355,1.46355,0.0
2011-06-04 13:41:00,1.46355,1.46355,1.46355,1.46355,0.0
2011-06-04 13:42:00,1.46355,1.46355,1.46355,1.46355,0.0
2011-06-04 13:43:00,1.46355,1.46355,1.46355,1.46355,0.0
2011-06-04 13:44:00,1.46355,1.46355,1.46355,1.46355,0.0
2011-06-04 13:45:00,1.46355,1.46355,1.46355,1.46355,0.0
2011-06-04 13:46:00,1.46355,1.46355,1.46355,1.46355,0.0
2011-06-04 13:47:00,1.46355,1.46355,1.46355,1.46355,0.0
2011-06-04 13:48:00,1.46355,1.46355,1.46355,1.46355,0.0
2011-06-04 13:49:00,1.46355,1.46355,1.46355,1.46355,0.0
2011-06-04 13:50:00,1.46355,1.46355,1.46355,1.46355,0.0
2011-06-04 13:51:00,1.46355,1.46355,1.46355,1.46355,0.0
2011-06-04 13:52:00,1.46355,1.46355,1.46355,1.46355,0.0
2011-06-04 13:53:00,1.46355,1.46355,1.46355,1.46355,0.0
2011-06-04 13:54:00,1.46355,1.46355,1.46355,1.46355,0.0
2011-06-04 13:55:00,1.46355,1.46355,1.46355,1.46355,0.0
2011-06-04 13:56:00,1.46355,1.46355,1.46355,1.46355,0.0
2011-06-04 13:57:00,1.46355,1.46355,1.46355,1.46355,0.0
2011-06-04 13:58:00,1.46355,1.46355,1.46355,1.46355,0.0
2011-06-04 13:59:00,1.46355,1.46355,1.46355,1.46355,0.0
2011-06-04 14:00:00,1.46355,1.46355,1.46355,1.46355,0.0
2011-06-04 14:01:00,1.46355,1.46355,1.46355,1.46355,0.0
2011-06-04 14:02:00,1.46355,1.46355,1.46355,1.46355,0.0
2011-06-04 14:03:00,1.46355,1.46355,1.46355,1.46355,0.0
2011-06-04 14:04:00,1.46355,1.46355,1.46355,1.46355,0.0
2011-06-04 14:05:00,1.46355,1.46355,1.46355,1.46355,0.0
2011-06-04 14:06:00,1.46355,1.46355,1.46355,1.46355,0.0
2011-06-04 14:07:00,1.46355,1.46355,1.46355,1.46355,0.0
2011-06-04 14:08:00,1.46355,1.46355,1.46355,1.46355,0.0
2011-06-04 14:09:00,1.46355,1.46355,1.46355,1.46355,0.0
2011-06-04 14:10:00,1.46355,1.46355,1.46355,1.46355,0.0
2011-06-04 14:11:00,1.46355,1.46355,1.46355,1.46355,0.0
2011-06-04 14:12:00,1.46355,1.46355,1.46355,1.46355,0.0
2011-06-04 14:13:00,1.46355,1.46355,1.46355,1.46355,0.0
2011-06-04 14:14:00,1.46355,1.46355,1.46355,1.46355,0.0
2011-06-04 14:15:00,1.46355,1.46355,1.46355,1.46355,0.0
2011-06-04 14:16:00,1.46355,1.46355,1.46355,1.46355,0.0
2011-06-04 14:17:00,1.46355,1.46355,1.46355,1.46355,0.0
2011-06-04 14:18:00,1.46355,1.46355,1.46355,1.46355,0.0
2011-06-04 14:19:00,1.46355,1.46355,1.46355,1.46355,0.0
2011-06-04 14:20:00,1.46355,1.46355,1.46355,1.46355,0.0
2011-06-04 14:21:00,1.46355,1.46355,1.46355,1.46355,0.0
2011-06-04 14:22:00,1.46355,1.46355,1.46355,1.46355,0.0
2011-06-04 14:23:00,1.46355,1.46355,1.46355,1.46355,0.0
2011-06-04 14:24:00,1.46355,1.46355,1.46355,1.46355,0.0
2011-06-04 14:25:00,1.46355,1.46355,1.46355,1.46355,0.0
2011-06-04 14:26:00,1.46355,1.46355,1.46355,1.46355,0.0
2011-06-04 14:27:00,1.46355,1.46355,1.46355,1.46355,0.0
2011-06-04 14:28:00,1.46355,1.46355,1.46355,1.46355,0.0
2011-06-04 14:29:00,1.46355,1.46355,1.46355,1.46355,0.0
2011-06-04 14:30:00,1.46355,1.46355,1.46355,1.46355,0.0
2011-06-04 14:31:00,1.46355,1.46355,1.46355,1.46355,0.0
2011-06-04 14:32:00,1.46355,1.46355,1.46355,1.46355,0.0
2011-06-04 14:33:00,1.46355,1.46355,1.46355,1.46355,0.0
2011-06-04 14:34:00,1.46355,1.46355,1.46355,1.46355,0.0
2011-06-04 14:35:00,1.46355,1.46355,1.46355,1.46355,0.0
2011-06-04 14:36:00,1.46355,1.46355,1.46355,1.46355,0.0
2011-06-04 14:37:00,1.46355,1.46355,1.46355,1.46355,0.0
2011-06-04 14:38:00,1.46355,1.46355,1.46355,1.46355,0.0
2011-06-04 14:39:00,1.46355,1.46355,1.46355,1.46355,0.0
2011-06-04 14:40:00,1.46355,1.46355,1.46355,1.46355,0.0
2011-06-04 14:41:00,1.46355,1.46355,1.46355,1.46355,0.0
2011-06-04 14:42:00,1.46355,1.46355,1.46355,1.46355,0.0
2011-06-04 14:43:00,1.46355,1.46355,1.46355,1.46355,0.0
2011-06-04 14:44:00,1.46355,1.46355,1.46355,1.46355,0.0
2011-06-04 14:45:00,1.46355,1.46355,1.46355,1.46355,0.0
2011-06-04 14:46:00,1.46355,1.46355,1.46355,1.46355,0.0
2011-06-04 14:47:00,1.46355,1.46355,1.46355,1.46355,0.0
2011-06-04 14:48:00,1.46355,1.46355,1.46355,1.46355,0.0
2011-06-04 14:49:00,1.46355,1.46355,1.46355,1.46355,0.0
2011-06-04 14:50:00,1.46355,1.46355,1.46355,1.46355,0.0
2011-06-04 14:51:00,1.46355,1.46355,1.46355,1.46355,0.0
2011-06-04 14:52:00,1.46355,1.46355,1.46355,1.46355,0.0
2011-06-04 14:53:00,1.46355,1.46355,1.46355,1.46355,0.0
2011-06-04 14:54:00,1.46355,1.46355,1.46355,1.46355,0.0
2011-06-04 14:55:00,1.46355,1.46355,1.46355,1.46355,0.0
2011-06-04 14:56:00,1.46355,1.46355,1.46355,1.46355,0.0
2011-06-04 14:57:00,1.46355,1.46355,1.46355,1.46355,0.0
2011-06-04 14:58:00,1.46355,1.46355,1.46355,1.46355,0.0
2011-06-04 14:59:00,1.46355,1.46355,1.46355,1.46355,0.0
2011-06-04 15:00:00,1.46355,1.46355,1.46355,1.46355,0.0
2011-06-04 15:01:00,1.46355,1.46355,1.46355,1.46355,0.0
2011-06-04 15:02:00,1.46355,1.46355,1.46355,1.46355,0.0
2011-06-04 15:03:00,1.46355,1.46355,1.46355,1.46355,0.0
2011-06-04 15:04:00,1.46355,1.46355,1.46355,1.46355,0.0
2011-06-04 15:05:00,1.46355,1.46355,1.46355,1.46355,0.0
2011-06-04 15:06:00,1.46355,1.46355,1.46355,1.46355,0.0
2011-06-04 15:07:00,1.46355,1.46355,1.46355,1.46355,0.0
2011-06-04 15:08:00,1.46355,1.46355,1.46355,1.46355,0.0
2011-06-04 15:09:00,1.46355,1.46355,1.46355,1.46355,0.0
2011-06-04 15:10:00,1.46355,1.46355,1.46355,1.46355,0.0
2011-06-04 15:11:00,1.46355,1.46355,1.46355,1.46355,0.0
2011-06-04 15:12:00,1.46355,1.46355,1.46355,1.46355,0.0
2011-06-04 15:13:00,1.46355,1.46355,1.46355,1.46355,0.0
2011-06-04 15:14:00,1.46355,1.46355,1.46355,1.46355,0.0
2011-06-04 15:15:00,1.46355,1.46355,1.46355,1.46355,0.0
2011-06-04 15:16:00,1.46355,1.46355,1.46355,1.46355,0.0
2011-06-04 15:17:00,1.46355,1.46355,1.46355,1.46355,0.0
2011-06-04 15:18:00,1.46355,1.46355,1.46355,1.46355,0.0
2011-06-04 15:19:00,1.46355,1.46355,1.46355,1.46355,0.0
2011-06-04 15:20:00,1.46355,1.46355,1.46355,1.46355,0.0
2011-06-04 15:21:00,1.46355,1.46355,1.46355,1.46355,0.0
2011-06-04 15:22:00,1.46355,1.46355,1.46355,1.46355,0.0
2011-06-04 15:23:00,1.46355,1.46355,1.46355,1.46355,0.0
2011-06-04 15:24:00,1.46355,1.46355,1.46355,1.46355,0.0
2011-06-04 15:25:00,1.46355,1.46355,1.46355,1.46355,0.0
2011-06-04 15:26:00,1.46355,1.46355,1.46355,1.46355,0.0
2011-06-04 15:27:00,1.46355,1.46355,1.46355,1.46355,0.0
2011-06-04 15:28:00,1.46355,1.46355,1.46355,1.46355,0.0
2011-06-04 15:29:00,1.46355,1.46355,1.46355,1.46355,0.0
2011-06-04 15:30:00,1.46355,1.46355,1.46355,1.46355,0.0
2011-06-04 15:31:00,1.46355,1.46355,1.46355,1.46355,0.0
2011-06-04 15:32:00,1.46355,1.46355,1.46355,1.46355,0.0
2011-06-04 15:33:00,1.46355,1.46355,1.46355,1.46355,0.0
2011-06-04 15:34:00,1.46355,1.46355,1.46355,1.46355,0.0
2011-06-04 15:35:00,1.46355,1.46355,1.46355,1.46355,0.0
2011-06-04 15:36:00,1.46355,1.46355,1.46355,1.46355,0.0
2011-06-04 15:37:00,1.46355,1.46355,1.46355,1.46355,0.0
2011-06-04 15:38:00,1.46355,1.46355,1.46355,1.46355,0.0
2011-06-04 15:39:00,1.46355,1.46355,1.46355,1.46355,0.0
2011-06-04 15:40:00,1.46355,1.46355,1.46355,1.46355,0.0
2011-06-04 15:41:00,1.46355,1.46355,1.46355,1.46355,0.0
2011-06-04 15:42:00,1.46355,1.46355,1.46355,1.46355,0.0
2011-06-04 15:43:00,1.46355,1.46355,1.46355,1.46355,0.0
2011-06-04 15:44:00,1.46355,1.46355,1.46355,1.46355,0.0
2011-06-04 15:45:00,1.46355,1.46355,1.46355,1.46355,0.0
2011-06-04 15:46:00,1.46355,1.46355,1.46355,1.46355,0.0
2011-06-04 15:47:00,1.46355,1.46355,1.46355,1.46355,0.0
2011-06-04 15:48:00,1.46355,1.46355,1.46355,1.46355,0.0
2011-06-04 15:49:00,1.46355,1.46355,1.46355,1.46355,0.0
2011-06-04 15:50:00,1.46355,1.46355,1.46355,1.46355,0.0
2011-06-04 15:51:00,1.46355,1.46355,1.46355,1.46355,0.0
2011-06-04 15:52:00,1.46355,1.46355,1.46355,1.46355,0.0
2011-06-04 15:53:00,1.46355,1.46355,1.46355,1.46355,0.0
2011-06-04 15:54:00,1.46355,1.46355,1.46355,1.46355,0.0
2011-06-04 15:55:00,1.46355,1.46355,1.46355,1.46355,0.0
2011-06-04 15:56:00,1.46355,1.46355,1.46355,1.46355,0.0
2011-06-04 15:57:00,1.46355,1.46355,1.46355,1.46355,0.0
2011-06-04 15:58:00,1.46355,1.46355,1.46355,1.46355,0.0
2011-06-04 15:59:00,1.46355,1.46355,1.46355,1.46355,0.0
2011-06-04 16:00:00,1.46355,1.46355,1.46355,1.46355,0.0
2011-06-04 16:01:00,1.46355,1.46355,1.46355,1.46355,0.0
2011-06-04 16:02:00,1.46355,1.46355,1.46355,1.46355,0.0
2011-06-04 16:03:00,1.46355,1.46355,1.46355,1.46355,0.0
2011-06-04 16:04:00,1.46355,1.46355,1.46355,1.46355,0.0
2011-06-04 16:05:00,1.46355,1.46355,1.46355,1.46355,0.0
2011-06-04 16:06:00,1.46355,1.46355,1.46355,1.46355,0.0
2011-06-04 16:07:00,1.46355,1.46355,1.46355,1.46355,0.0
2011-06-04 16:08:00,1.46355,1.46355,1.46355,1.46355,0.0
2011-06-04 16:09:00,1.46355,1.46355,1.46355,1.46355,0.0
2011-06-04 16:10:00,1.46355,1.46355,1.46355,1.46355,0.0
2011-06-04 16:11:00,1.46355,1.46355,1.46355,1.46355,0.0
2011-06-04 16:12:00,1.46355,1.46355,1.46355,1.46355,0.0
2011-06-04 16:13:00,1.46355,1.46355,1.46355,1.46355,0.0
2011-06-04 16:14:00,1.46355,1.46355,1.46355,1.46355,0.0
2011-06-04 16:15:00,1.46355,1.46355,1.46355,1.46355,0.0
2011-06-04 16:16:00,1.46355,1.46355,1.46355,1.46355,0.0
2011-06-04 16:17:00,1.46355,1.46355,1.46355,1.46355,0.0
2011-06-04 16:18:00,1.46355,1.46355,1.46355,1.46355,0.0
2011-06-04 16:19:00,1.46355,1.46355,1.46355,1.46355,0.0
2011-06-04 16:20:00,1.46355,1.46355,1.46355,1.46355,0.0
2011-06-04 16:21:00,1.46355,1.46355,1.46355,1.46355,0.0
2011-06-04 16:22:00,1.46355,1.46355,1.46355,1.46355,0.0
2011-06-04 16:23:00,1.46355,1.46355,1.46355,1.46355,0.0
2011-06-04 16:24:00,1.46355,1.46355,1.46355,1.46355,0.0
2011-06-04 16:25:00,1.46355,1.46355,1.46355,1.46355,0.0
2011-06-04 16:26:00,1.46355,1.46355,1.46355,1.46355,0.0
2011-06-04 16:27:00,1.46355,1.46355,1.46355,1.46355,0.0
2011-06-04 16:28:00,1.46355,1.46355,1.46355,1.46355,0.0
2011-06-04 16:29:00,1.46355,1.46355,1.46355,1.46355,0.0
2011-06-04 16:30:00,1.46355,1.46355,1.46355,1.46355,0.0
2011-06-04 16:31:00,1.46355,1.46355,1.46355,1.46355,0.0
2011-06-04 16:32:00,1.46355,1.46355,1.46355,1.46355,0.0
2011-06-04 16:33:00,1.46355,1.46355,1.46355,1.46355,0.0
2011-06-04 16:34:00,1.46355,1.46355,1.46355,1.46355,0.0
2011-06-04 16:35:00,1.46355,1.46355,1.46355,1.46355,0.0
2011-06-04 16:36:00,1.46355,1.46355,1.46355,1.46355,0.0
2011-06-04 16:37:00,1.46355,1.46355,1.46355,1.46355,0.0
2011-06-04 16:38:00,1.46355,1.46355,1.46355,1.46355,0.0
2011-06-04 16:39:00,1.46355,1.46355,1.46355,1.46355,0.0
2011-06-04 16:40:00,1.46355,1.46355,1.46355,1.46355,0.0
2011-06-04 16:41:00,1.46355,1.46355,1.46355,1.46355,0.0
2011-06-04 16:42:00,1.46355,1.46355,1.46355,1.46355,0.0
2011-06-04 16:43:00,1.46355,1.46355,1.46355,1.46355,0.0
2011-06-04 16:44:00,1.46355,1.46355,1.46355,1.46355,0.0
2011-06-04 16:45:00,1.46355,1.46355,1.46355,1.46355,0.0
2011-06-04 16:46:00,1.46355,1.46355,1.46355,1.46355,0.0
2011-06-04 16:47:00,1.46355,1.46355,1.46355,1.46355,0.0
2011-06-04 16:48:00,1.46355,1.46355,1.46355,1.46355,0.0
2011-06-04 16:49:00,1.46355,1.46355,1.46355,1.46355,0.0
2011-06-04 16:50:00,1.46355,1.46355,1.46355,1.46355,0.0
2011-06-04 16:51:00,1.46355,1.46355,1.46355,1.46355,0.0
2011-06-04 16:52:00,1.46355,1.46355,1.46355,1.46355,0.0
2011-06-04 16:53:00,1.46355,1.46355,1.46355,1.46355,0.0
2011-06-04 16:54:00,1.46355,1.46355,1.46355,1.46355,0.0
2011-06-04 16:55:00,1.46355,1.46355,1.46355,1.46355,0.0
2011-06-04 16:56:00,1.46355,1.46355,1.46355,1.46355,0.0
2011-06-04 16:57:00,1.46355,1.46355,1.46355,1.46355,0.0
2011-06-04 16:58:00,1.46355,1.46355,1.46355,1.46355,0.0
2011-06-04 16:59:00,1.46355,1.46355,1.46355,1.46355,0.0
2011-06-04 17:00:00,1.46355,1.46355,1.46355,1.46355,0.0
2011-06-04 17:01:00,1.46355,1.46355,1.46355,1.46355,0.0
2011-06-04 17:02:00,1.46355,1.46355,1.46355,1.46355,0.0
2011-06-04 17:03:00,1.46355,1.46355,1.46355,1.46355,0.0
2011-06-04 17:04:00,1.46355,1.46355,1.46355,1.46355,0.0
2011-06-04 17:05:00,1.46355,1.46355,1.46355,1.46355,0.0
2011-06-04 17:06:00,1.46355,1.46355,1.46355,1.46355,0.0
2011-06-04 17:07:00,1.46355,1.46355,1.46355,1.46355,0.0
2011-06-04 17:08:00,1.46355,1.46355,1.46355,1.46355,0.0
2011-06-04 17:09:00,1.46355,1.46355,1.46355,1.46355,0.0
2011-06-04 17:10:00,1.46355,1.46355,1.46355,1.46355,0.0
2011-06-04 17:11:00,1.46355,1.46355,1.46355,1.46355,0.0
2011-06-04 17:12:00,1.46355,1.46355,1.46355,1.46355,0.0
2011-06-04 17:13:00,1.46355,1.46355,1.46355,1.46355,0.0
2011-06-04 17:14:00,1.46355,1.46355,1.46355,1.46355,0.0
2011-06-04 17:15:00,1.46355,1.46355,1.46355,1.46355,0.0
2011-06-04 17:16:00,1.46355,1.46355,1.46355,1.46355,0.0
2011-06-04 17:17:00,1.46355,1.46355,1.46355,1.46355,0.0
2011-06-04 17:18:00,1.46355,1.46355,1.46355,1.46355,0.0
2011-06-04 17:19:00,1.46355,1.46355,1.46355,1.46355,0.0
2011-06-04 17:20:00,1.46355,1.46355,1.46355,1.46355,0.0
2011-06-04 17:21:00,1.46355,1.46355,1.46355,1.46355,0.0
2011-06-04 17:22:00,1.46355,1.46355,1.46355,1.46355,0.0
2011-06-04 17:23:00,1.46355,1.46355,1.46355,1.46355,0.0
2011-06-04 17:24:00,1.46355,1.46355,1.46355,1.46355,0.0
2011-06-04 17:25:00,1.46355,1.46355,1.46355,1.46355,0.0
2011-06-04 17:26:00,1.46355,1.46355,1.46355,1.46355,0.0
2011-06-04 17:27:00,1.46355,1.46355,1.46355,1.46355,0.0
2011-06-04 17:28:00,1.46355,1.46355,1.46355,1.46355,0.0
2011-06-04 17:29:00,1.46355,1.46355,1.46355,1.46355,0.0
2011-06-04 17:30:00,1.46355,1.46355,1.46355,1.46355,0.0
2011-06-04 17:31:00,1.46355,1.46355,1.46355,1.46355,0.0
2011-06-04 17:32:00,1.46355,1.46355,1.46355,1.46355,0.0
2011-06-04 17:33:00,1.46355,1.46355,1.46355,1.46355,0.0
2011-06-04 17:34:00,1.46355,1.46355,1.46355,1.46355,0.0
2011-06-04 17:35:00,1.46355,1.46355,1.46355,1.46355,0.0
2011-06-04 17:36:00,1.46355,1.46355,1.46355,1.46355,0.0
2011-06-04 17:37:00,1.46355,1.46355,1.46355,1.46355,0.0
2011-06-04 17:38:00,1.46355,1.46355,1.46355,1.46355,0.0
2011-06-04 17:39:00,1.46355,1.46355,1.46355,1.46355,0.0
2011-06-04 17:40:00,1.46355,1.46355,1.46355,1.46355,0.0
2011-06-04 17:41:00,1.46355,1.46355,1.46355,1.46355,0.0
2011-06-04 17:42:00,1.46355,1.46355,1.46355,1.46355,0.0
2011-06-04 17:43:00,1.46355,1.46355,1.46355,1.46355,0.0
2011-06-04 17:44:00,1.46355,1.46355,1.46355,1.46355,0.0
2011-06-04 17:45:00,1.46355,1.46355,1.46355,1.46355,0.0
2011-06-04 17:46:00,1.46355,1.46355,1.46355,1.46355,0.0
2011-06-04 17:47:00,1.46355,1.46355,1.46355,1.46355,0.0
2011-06-04 17:48:00,1.46355,1.46355,1.46355,1.46355,0.0
2011-06-04 17:49:00,1.46355,1.46355,1.46355,1.46355,0.0
2011-06-04 17:50:00,1.46355,1.46355,1.46355,1.46355,0.0
2011-06-04 17:51:00,1.46355,1.46355,1.46355,1.46355,0.0
2011-06-04 17:52:00,1.46355,1.46355,1.46355,1.46355,0.0
2011-06-04 17:53:00,1.46355,1.46355,1.46355,1.46355,0.0
2011-06-04 17:54:00,1.46355,1.46355,1.46355,1.46355,0.0
2011-06-04 17:55:00,1.46355,1.46355,1.46355,1.46355,0.0
2011-06-04 17:56:00,1.46355,1.46355,1.46355,1.46355,0.0
2011-06-04 17:57:00,1.46355,1.46355,1.46355,1.46355,0.0
2011-06-04 17:58:00,1.46355,1.46355,1.46355,1.46355,0.0
2011-06-04 17:59:00,1.46355,1.46355,1.46355,1.46355,0.0
2011-06-04 18:00:00,1.46355,1.46355,1.46355,1.46355,0.0
2011-06-04 18:01:00,1.46355,1.46355,1.46355,1.46355,0.0
2011-06-04 18:02:00,1.46355,1.46355,1.46355,1.46355,0.0
2011-06-04 18:03:00,1.46355,1.46355,1.46355,1.46355,0.0
2011-06-04 18:04:00,1.46355,1.46355,1.46355,1.46355,0.0
2011-06-04 18:05:00,1.46355,1.46355,1.46355,1.46355,0.0
2011-06-04 18:06:00,1.46355,1.46355,1.46355,1.46355,0.0
2011-06-04 18:07:00,1.46355,1.46355,1.46355,1.46355,0.0
2011-06-04 18:08:00,1.46355,1.46355,1.46355,1.46355,0.0
2011-06-04 18:09:00,1.46355,1.46355,1.46355,1.46355,0.0
2011-06-04 18:10:00,1.46355,1.46355,1.46355,1.46355,0.0
2011-06-04 18:11:00,1.46355,1.46355,1.46355,1.46355,0.0
2011-06-04 18:12:00,1.46355,1.46355,1.46355,1.46355,0.0
2011-06-04 18:13:00,1.46355,1.46355,1.46355,1.46355,0.0
2011-06-04 18:14:00,1.46355,1.46355,1.46355,1.46355,0.0
2011-06-04 18:15:00,1.46355,1.46355,1.46355,1.46355,0.0
2011-06-04 18:16:00,1.46355,1.46355,1.46355,1.46355,0.0
2011-06-04 18:17:00,1.46355,1.46355,1.46355,1.46355,0.0
2011-06-04 18:18:00,1.46355,1.46355,1.46355,1.46355,0.0
2011-06-04 18:19:00,1.46355,1.46355,1.46355,1.46355,0.0
2011-06-04 18:20:00,1.46355,1.46355,1.46355,1.46355,0.0
2011-06-04 18:21:00,1.46355,1.46355,1.46355,1.46355,0.0
2011-06-04 18:22:00,1.46355,1.46355,1.46355,1.46355,0.0
2011-06-04 18:23:00,1.46355,1.46355,1.46355,1.46355,0.0
2011-06-04 18:24:00,1.46355,1.46355,1.46355,1.46355,0.0
2011-06-04 18:25:00,1.46355,1.46355,1.46355,1.46355,0.0
2011-06-04 18:26:00,1.46355,1.46355,1.46355,1.46355,0.0
2011-06-04 18:27:00,1.46355,1.46355,1.46355,1.46355,0.0
2011-06-04 18:28:00,1.46355,1.46355,1.46355,1.46355,0.0
2011-06-04 18:29:00,1.46355,1.46355,1.46355,1.46355,0.0
2011-06-04 18:30:00,1.46355,1.46355,1.46355,1.46355,0.0
2011-06-04 18:31:00,1.46355,1.46355,1.46355,1.46355,0.0
2011-06-04 18:32:00,1.46355,1.46355,1.46355,1.46355,0.0
2011-06-04 18:33:00,1.46355,1.46355,1.46355,1.46355,0.0
2011-06-04 18:34:00,1.46355,1.46355,1.46355,1.46355,0.0
2011-06-04 18:35:00,1.46355,1.46355,1.46355,1.46355,0.0
2011-06-04 18:36:00,1.46355,1.46355,1.46355,1.46355,0.0
2011-06-04 18:37:00,1.46355,1.46355,1.46355,1.46355,0.0
2011-06-04 18:38:00,1.46355,1.46355,1.46355,1.46355,0.0
2011-06-04 18:39:00,1.46355,1.46355,1.46355,1.46355,0.0
2011-06-04 18:40:00,1.46355,1.46355,1.46355,1.46355,0.0
2011-06-04 18:41:00,1.46355,1.46355,1.46355,1.46355,0.0
2011-06-04 18:42:00,1.46355,1.46355,1.46355,1.46355,0.0
2011-06-04 18:43:00,1.46355,1.46355,1.46355,1.46355,0.0
2011-06-04 18:44:00,1.46355,1.46355,1.46355,1.46355,0.0
2011-06-04 18:45:00,1.46355,1.46355,1.46355,1.46355,0.0
2011-06-04 18:46:00,1.46355,1.46355,1.46355,1.46355,0.0
2011-06-04 18:47:00,1.46355,1.46355,1.46355,1.46355,0.0
2011-06-04 18:48:00,1.46355,1.46355,1.46355,1.46355,0.0
2011-06-04 18:49:00,1.46355,1.46355,1.46355,1.46355,0.0
2011-06-04 18:50:00,1.46355,1.46355,1.46355,1.46355,0.0
2011-06-04 18:51:00,1.46355,1.46355,1.46355,1.46355,0.0
2011-06-04 18:52:00,1.46355,1.46355,1.46355,1.46355,0.0
2011-06-04 18:53:00,1.46355,1.46355,1.46355,1.46355,0.0
2011-06-04 18:54:00,1.46355,1.46355,1.46355,1.46355,0.0
2011-06-04 18:55:00,1.46355,1.46355,1.46355,1.46355,0.0
2011-06-04 18:56:00,1.46355,1.46355,1.46355,1.46355,0.0
2011-06-04 18:57:00,1.46355,1.46355,1.46355,1.46355,0.0
2011-06-04 18:58:00,1.46355,1.46355,1.46355,1.46355,0.0
2011-06-04 18:59:00,1.46355,1.46355,1.46355,1.46355,0.0
2011-06-04 19:00:00,1.46355,1.46355,1.46355,1.46355,0.0
2011-06-04 19:01:00,1.46355,1.46355,1.46355,1.46355,0.0
2011-06-04 19:02:00,1.46355,1.46355,1.46355,1.46355,0.0
2011-06-04 19:03:00,1.46355,1.46355,1.46355,1.46355,0.0
2011-06-04 19:04:00,1.46355,1.46355,1.46355,1.46355,0.0
2011-06-04 19:05:00,1.46355,1.46355,1.46355,1.46355,0.0
2011-06-04 19:06:00,1.46355,1.46355,1.46355,1.46355,0.0
2011-06-04 19:07:00,1.46355,1.46355,1.46355,1.46355,0.0
2011-06-04 19:08:00,1.46355,1.46355,1.46355,1.46355,0.0
2011-06-04 19:09:00,1.46355,1.46355,1.46355,1.46355,0.0
2011-06-04 19:10:00,1.46355,1.46355,1.46355,1.46355,0.0
2011-06-04 19:11:00,1.46355,1.46355,1.46355,1.46355,0.0
2011-06-04 19:12:00,1.46355,1.46355,1.46355,1.46355,0.0
2011-06-04 19:13:00,1.46355,1.46355,1.46355,1.46355,0.0
2011-06-04 19:14:00,1.46355,1.46355,1.46355,1.46355,0.0
2011-06-04 19:15:00,1.46355,1.46355,1.46355,1.46355,0.0
2011-06-04 19:16:00,1.46355,1.46355,1.46355,1.46355,0.0
2011-06-04 19:17:00,1.46355,1.46355,1.46355,1.46355,0.0
2011-06-04 19:18:00,1.46355,1.46355,1.46355,1.46355,0.0
2011-06-04 19:19:00,1.46355,1.46355,1.46355,1.46355,0.0
2011-06-04 19:20:00,1.46355,1.46355,1.46355,1.46355,0.0
2011-06-04 19:21:00,1.46355,1.46355,1.46355,1.46355,0.0
2011-06-04 19:22:00,1.46355,1.46355,1.46355,1.46355,0.0
2011-06-04 19:23:00,1.46355,1.46355,1.46355,1.46355,0.0
2011-06-04 19:24:00,1.46355,1.46355,1.46355,1.46355,0.0
2011-06-04 19:25:00,1.46355,1.46355,1.46355,1.46355,0.0
2011-06-04 19:26:00,1.46355,1.46355,1.46355,1.46355,0.0
2011-06-04 19:27:00,1.46355,1.46355,1.46355,1.46355,0.0
2011-06-04 19:28:00,1.46355,1.46355,1.46355,1.46355,0.0
2011-06-04 19:29:00,1.46355,1.46355,1.46355,1.46355,0.0
2011-06-04 19:30:00,1.46355,1.46355,1.46355,1.46355,0.0
2011-06-04 19:31:00,1.46355,1.46355,1.46355,1.46355,0.0
2011-06-04 19:32:00,1.46355,1.46355,1.46355,1.46355,0.0
2011-06-04 19:33:00,1.46355,1.46355,1.46355,1.46355,0.0
2011-06-04 19:34:00,1.46355,1.46355,1.46355,1.46355,0.0
2011-06-04 19:35:00,1.46355,1.46355,1.46355,1.46355,0.0
2011-06-04 19:36:00,1.46355,1.46355,1.46355,1.46355,0.0
2011-06-04 19:37:00,1.46355,1.46355,1.46355,1.46355,0.0
2011-06-04 19:38:00,1.46355,1.46355,1.46355,1.46355,0.0
2011-06-04 19:39:00,1.46355,1.46355,1.46355,1.46355,0.0
2011-06-04 19:40:00,1.46355,1.46355,1.46355,1.46355,0.0
2011-06-04 19:41:00,1.46355,1.46355,1.46355,1.46355,0.0
2011-06-04 19:42:00,1.46355,1.46355,1.46355,1.46355,0.0
2011-06-04 19:43:00,1.46355,1.46355,1.46355,1.46355,0.0
2011-06-04 19:44:00,1.46355,1.46355,1.46355,1.46355,0.0
2011-06-04 19:45:00,1.46355,1.46355,1.46355,1.46355,0.0
2011-06-04 19:46:00,1.46355,1.46355,1.46355,1.46355,0.0
2011-06-04 19:47:00,1.46355,1.46355,1.46355,1.46355,0.0
2011-06-04 19:48:00,1.46355,1.46355,1.46355,1.46355,0.0
2011-06-04 19:49:00,1.46355,1.46355,1.46355,1.46355,0.0
2011-06-04 19:50:00,1.46355,1.46355,1.46355,1.46355,0.0
2011-06-04 19:51:00,1.46355,1.46355,1.46355,1.46355,0.0
2011-06-04 19:52:00,1.46355,1.46355,1.46355,1.46355,0.0
2011-06-04 19:53:00,1.46355,1.46355,1.46355,1.46355,0.0
2011-06-04 19:54:00,1.46355,1.46355,1.46355,1.46355,0.0
2011-06-04 19:55:00,1.46355,1.46355,1.46355,1.46355,0.0
2011-06-04 19:56:00,1.46355,1.46355,1.46355,1.46355,0.0
2011-06-04 19:57:00,1.46355,1.46355,1.46355,1.46355,0.0
2011-06-04 19:58:00,1.46355,1.46355,1.46355,1.46355,0.0
2011-06-04 19:59:00,1.46355,1.46355,1.46355,1.46355,0.0
2011-06-04 20:00:00,1.46355,1.46355,1.46355,1.46355,0.0
2011-06-04 20:01:00,1.46355,1.46355,1.46355,1.46355,0.0
2011-06-04 20:02:00,1.46355,1.46355,1.46355,1.46355,0.0
2011-06-04 20:03:00,1.46355,1.46355,1.46355,1.46355,0.0
2011-06-04 20:04:00,1.46355,1.46355,1.46355,1.46355,0.0
2011-06-04 20:05:00,1.46355,1.46355,1.46355,1.46355,0.0
2011-06-04 20:06:00,1.46355,1.46355,1.46355,1.46355,0.0
2011-06-04 20:07:00,1.46355,1.46355,1.46355,1.46355,0.0
2011-06-04 20:08:00,1.46355,1.46355,1.46355,1.46355,0.0
2011-06-04 20:09:00,1.46355,1.46355,1.46355,1.46355,0.0
2011-06-04 20:10:00,1.46355,1.46355,1.46355,1.46355,0.0
2011-06-04 20:11:00,1.46355,1.46355,1.46355,1.46355,0.0
2011-06-04 20:12:00,1.46355,1.46355,1.46355,1.46355,0.0
2011-06-04 20:13:00,1.46355,1.46355,1.46355,1.46355,0.0
2011-06-04 20:14:00,1.46355,1.46355,1.46355,1.46355,0.0
2011-06-04 20:15:00,1.46355,1.46355,1.46355,1.46355,0.0
2011-06-04 20:16:00,1.46355,1.46355,1.46355,1.46355,0.0
2011-06-04 20:17:00,1.46355,1.46355,1.46355,1.46355,0.0
2011-06-04 20:18:00,1.46355,1.46355,1.46355,1.46355,0.0
2011-06-04 20:19:00,1.46355,1.46355,1.46355,1.46355,0.0
2011-06-04 20:20:00,1.46355,1.46355,1.46355,1.46355,0.0
2011-06-04 20:21:00,1.46355,1.46355,1.46355,1.46355,0.0
2011-06-04 20:22:00,1.46355,1.46355,1.46355,1.46355,0.0
2011-06-04 20:23:00,1.46355,1.46355,1.46355,1.46355,0.0
2011-06-04 20:24:00,1.46355,1.46355,1.46355,1.46355,0.0
2011-06-04 20:25:00,1.46355,1.46355,1.46355,1.46355,0.0
2011-06-04 20:26:00,1.46355,1.46355,1.46355,1.46355,0.0
2011-06-04 20:27:00,1.46355,1.46355,1.46355,1.46355,0.0
2011-06-04 20:28:00,1.46355,1.46355,1.46355,1.46355,0.0
2011-06-04 20:29:00,1.46355,1.46355,1.46355,1.46355,0.0
2011-06-04 20:30:00,1.46355,1.46355,1.46355,1.46355,0.0
2011-06-04 20:31:00,1.46355,1.46355,1.46355,1.46355,0.0
2011-06-04 20:32:00,1.46355,1.46355,1.46355,1.46355,0.0
2011-06-04 20:33:00,1.46355,1.46355,1.46355,1.46355,0.0
2011-06-04 20:34:00,1.46355,1.46355,1.46355,1.46355,0.0
2011-06-04 20:35:00,1.46355,1.46355,1.46355,1.46355,0.0
2011-06-04 20:36:00,1.46355,1.46355,1.46355,1.46355,0.0
2011-06-04 20:37:00,1.46355,1.46355,1.46355,1.46355,0.0
2011-06-04 20:38:00,1.46355,1.46355,1.46355,1.46355,0.0
2011-06-04 20:39:00,1.46355,1.46355,1.46355,1.46355,0.0
2011-06-04 20:40:00,1.46355,1.46355,1.46355,1.46355,0.0
2011-06-04 20:41:00,1.46355,1.46355,1.46355,1.46355,0.0
2011-06-04 20:42:00,1.46355,1.46355,1.46355,1.46355,0.0
2011-06-04 20:43:00,1.46355,1.46355,1.46355,1.46355,0.0
2011-06-04 20:44:00,1.46355,1.46355,1.46355,1.46355,0.0
2011-06-04 20:45:00,1.46355,1.46355,1.46355,1.46355,0.0
2011-06-04 20:46:00,1.46355,1.46355,1.46355,1.46355,0.0
2011-06-04 20:47:00,1.46355,1.46355,1.46355,1.46355,0.0
2011-06-04 20:48:00,1.46355,1.46355,1.46355,1.46355,0.0
2011-06-04 20:49:00,1.46355,1.46355,1.46355,1.46355,0.0
2011-06-04 20:50:00,1.46355,1.46355,1.46355,1.46355,0.0
2011-06-04 20:51:00,1.46355,1.46355,1.46355,1.46355,0.0
2011-06-04 20:52:00,1.46355,1.46355,1.46355,1.46355,0.0
2011-06-04 20:53:00,1.46355,1.46355,1.46355,1.46355,0.0
2011-06-04 20:54:00,1.46355,1.46355,1.46355,1.46355,0.0
2011-06-04 20:55:00,1.46355,1.46355,1.46355,1.46355,0.0
2011-06-04 20:56:00,1.46355,1.46355,1.46355,1.46355,0.0
2011-06-04 20:57:00,1.46355,1.46355,1.46355,1.46355,0.0
2011-06-04 20:58:00,1.46355,1.46355,1.46355,1.46355,0.0
2011-06-04 20:59:00,1.46355,1.46355,1.46355,1.46355,0.0
2011-06-04 21:00:00,1.46355,1.46355,1.46355,1.46355,0.0
2011-06-04 21:01:00,1.46355,1.46355,1.46355,1.46355,0.0
2011-06-04 21:02:00,1.46355,1.46355,1.46355,1.46355,0.0
2011-06-04 21:03:00,1.46355,1.46355,1.46355,1.46355,0.0
2011-06-04 21:04:00,1.46355,1.46355,1.46355,1.46355,0.0
2011-06-04 21:05:00,1.46355,1.46355,1.46355,1.46355,0.0
2011-06-04 21:06:00,1.46355,1.46355,1.46355,1.46355,0.0
2011-06-04 21:07:00,1.46355,1.46355,1.46355,1.46355,0.0
2011-06-04 21:08:00,1.46355,1.46355,1.46355,1.46355,0.0
2011-06-04 21:09:00,1.46355,1.46355,1.46355,1.46355,0.0
2011-06-04 21:10:00,1.46355,1.46355,1.46355,1.46355,0.0
2011-06-04 21:11:00,1.46355,1.46355,1.46355,1.46355,0.0
2011-06-04 21:12:00,1.46355,1.46355,1.46355,1.46355,0.0
2011-06-04 21:13:00,1.46355,1.46355,1.46355,1.46355,0.0
2011-06-04 21:14:00,1.46355,1.46355,1.46355,1.46355,0.0
2011-06-04 21:15:00,1.46355,1.46355,1.46355,1.46355,0.0
2011-06-04 21:16:00,1.46355,1.46355,1.46355,1.46355,0.0
2011-06-04 21:17:00,1.46355,1.46355,1.46355,1.46355,0.0
2011-06-04 21:18:00,1.46355,1.46355,1.46355,1.46355,0.0
2011-06-04 21:19:00,1.46355,1.46355,1.46355,1.46355,0.0
2011-06-04 21:20:00,1.46355,1.46355,1.46355,1.46355,0.0
2011-06-04 21:21:00,1.46355,1.46355,1.46355,1.46355,0.0
2011-06-04 21:22:00,1.46355,1.46355,1.46355,1.46355,0.0
2011-06-04 21:23:00,1.46355,1.46355,1.46355,1.46355,0.0
2011-06-04 21:24:00,1.46355,1.46355,1.46355,1.46355,0.0
2011-06-04 21:25:00,1.46355,1.46355,1.46355,1.46355,0.0
2011-06-04 21:26:00,1.46355,1.46355,1.46355,1.46355,0.0
2011-06-04 21:27:00,1.46355,1.46355,1.46355,1.46355,0.0
2011-06-04 21:28:00,1.46355,1.46355,1.46355,1.46355,0.0
2011-06-04 21:29:00,1.46355,1.46355,1.46355,1.46355,0.0
2011-06-04 21:30:00,1.46355,1.46355,1.46355,1.46355,0.0
2011-06-04 21:31:00,1.46355,1.46355,1.46355,1.46355,0.0
2011-06-04 21:32:00,1.46355,1.46355,1.46355,1.46355,0.0
2011-06-04 21:33:00,1.46355,1.46355,1.46355,1.46355,0.0
2011-06-04 21:34:00,1.46355,1.46355,1.46355,1.46355,0.0
2011-06-04 21:35:00,1.46355,1.46355,1.46355,1.46355,0.0
2011-06-04 21:36:00,1.46355,1.46355,1.46355,1.46355,0.0
2011-06-04 21:37:00,1.46355,1.46355,1.46355,1.46355,0.0
2011-06-04 21:38:00,1.46355,1.46355,1.46355,1.46355,0.0
2011-06-04 21:39:00,1.46355,1.46355,1.46355,1.46355,0.0
2011-06-04 21:40:00,1.46355,1.46355,1.46355,1.46355,0.0
2011-06-04 21:41:00,1.46355,1.46355,1.46355,1.46355,0.0
2011-06-04 21:42:00,1.46355,1.46355,1.46355,1.46355,0.0
2011-06-04 21:43:00,1.46355,1.46355,1.46355,1.46355,0.0
2011-06-04 21:44:00,1.46355,1.46355,1.46355,1.46355,0.0
2011-06-04 21:45:00,1.46355,1.46355,1.46355,1.46355,0.0
2011-06-04 21:46:00,1.46355,1.46355,1.46355,1.46355,0.0
2011-06-04 21:47:00,1.46355,1.46355,1.46355,1.46355,0.0
2011-06-04 21:48:00,1.46355,1.46355,1.46355,1.46355,0.0
2011-06-04 21:49:00,1.46355,1.46355,1.46355,1.46355,0.0
2011-06-04 21:50:00,1.46355,1.46355,1.46355,1.46355,0.0
2011-06-04 21:51:00,1.46355,1.46355,1.46355,1.46355,0.0
2011-06-04 21:52:00,1.46355,1.46355,1.46355,1.46355,0.0
2011-06-04 21:53:00,1.46355,1.46355,1.46355,1.46355,0.0
2011-06-04 21:54:00,1.46355,1.46355,1.46355,1.46355,0.0
2011-06-04 21:55:00,1.46355,1.46355,1.46355,1.46355,0.0
2011-06-04 21:56:00,1.46355,1.46355,1.46355,1.46355,0.0
2011-06-04 21:57:00,1.46355,1.46355,1.46355,1.46355,0.0
2011-06-04 21:58:00,1.46355,1.46355,1.46355,1.46355,0.0
2011-06-04 21:59:00,1.46355,1.46355,1.46355,1.46355,0.0
2011-06-04 22:00:00,1.46355,1.46355,1.46355,1.46355,0.0
2011-06-04 22:01:00,1.46355,1.46355,1.46355,1.46355,0.0
2011-06-04 22:02:00,1.46355,1.46355,1.46355,1.46355,0.0
2011-06-04 22:03:00,1.46355,1.46355,1.46355,1.46355,0.0
2011-06-04 22:04:00,1.46355,1.46355,1.46355,1.46355,0.0
2011-06-04 22:05:00,1.46355,1.46355,1.46355,1.46355,0.0
2011-06-04 22:06:00,1.46355,1.46355,1.46355,1.46355,0.0
2011-06-04 22:07:00,1.46355,1.46355,1.46355,1.46355,0.0
2011-06-04 22:08:00,1.46355,1.46355,1.46355,1.46355,0.0
2011-06-04 22:09:00,1.46355,1.46355,1.46355,1.46355,0.0
2011-06-04 22:10:00,1.46355,1.46355,1.46355,1.46355,0.0
2011-06-04 22:11:00,1.46355,1.46355,1.46355,1.46355,0.0
2011-06-04 22:12:00,1.46355,1.46355,1.46355,1.46355,0.0
2011-06-04 22:13:00,1.46355,1.46355,1.46355,1.46355,0.0
2011-06-04 22:14:00,1.46355,1.46355,1.46355,1.46355,0.0
2011-06-04 22:15:00,1.46355,1.46355,1.46355,1.46355,0.0
2011-06-04 22:16:00,1.46355,1.46355,1.46355,1.46355,0.0
2011-06-04 22:17:00,1.46355,1.46355,1.46355,1.46355,0.0
2011-06-04 22:18:00,1.46355,1.46355,1.46355,1.46355,0.0
2011-06-04 22:19:00,1.46355,1.46355,1.46355,1.46355,0.0
2011-06-04 22:20:00,1.46355,1.46355,1.46355,1.46355,0.0
2011-06-04 22:21:00,1.46355,1.46355,1.46355,1.46355,0.0
2011-06-04 22:22:00,1.46355,1.46355,1.46355,1.46355,0.0
2011-06-04 22:23:00,1.46355,1.46355,1.46355,1.46355,0.0
2011-06-04 22:24:00,1.46355,1.46355,1.46355,1.46355,0.0
2011-06-04 22:25:00,1.46355,1.46355,1.46355,1.46355,0.0
2011-06-04 22:26:00,1.46355,1.46355,1.46355,1.46355,0.0
2011-06-04 22:27:00,1.46355,1.46355,1.46355,1.46355,0.0
2011-06-04 22:28:00,1.46355,1.46355,1.46355,1.46355,0.0
2011-06-04 22:29:00,1.46355,1.46355,1.46355,1.46355,0.0
2011-06-04 22:30:00,1.46355,1.46355,1.46355,1.46355,0.0
2011-06-04 22:31:00,1.46355,1.46355,1.46355,1.46355,0.0
2011-06-04 22:32:00,1.46355,1.46355,1.46355,1.46355,0.0
2011-06-04 22:33:00,1.46355,1.46355,1.46355,1.46355,0.0
2011-06-04 22:34:00,1.46355,1.46355,1.46355,1.46355,0.0
2011-06-04 22:35:00,1.46355,1.46355,1.46355,1.46355,0.0
2011-06-04 22:36:00,1.46355,1.46355,1.46355,1.46355,0.0
2011-06-04 22:37:00,1.46355,1.46355,1.46355,1.46355,0.0
2011-06-04 22:38:00,1.46355,1.46355,1.46355,1.46355,0.0
2011-06-04 22:39:00,1.46355,1.46355,1.46355,1.46355,0.0
2011-06-04 22:40:00,1.46355,1.46355,1.46355,1.46355,0.0
2011-06-04 22:41:00,1.46355,1.46355,1.46355,1.46355,0.0
2011-06-04 22:42:00,1.46355,1.46355,1.46355,1.46355,0.0
2011-06-04 22:43:00,1.46355,1.46355,1.46355,1.46355,0.0
2011-06-04 22:44:00,1.46355,1.46355,1.46355,1.46355,0.0
2011-06-04 22:45:00,1.46355,1.46355,1.46355,1.46355,0.0
2011-06-04 22:46:00,1.46355,1.46355,1.46355,1.46355,0.0
2011-06-04 22:47:00,1.46355,1.46355,1.46355,1.46355,0.0
2011-06-04 22:48:00,1.46355,1.46355,1.46355,1.46355,0.0
2011-06-04 22:49:00,1.46355,1.46355,1.46355,1.46355,0.0
2011-06-04 22:50:00,1.46355,1.46355,1.46355,1.46355,0.0
2011-06-04 22:51:00,1.46355,1.46355,1.46355,1.46355,0.0
2011-06-04 22:52:00,1.46355,1.46355,1.46355,1.46355,0.0
2011-06-04 22:53:00,1.46355,1.46355,1.46355,1.46355,0.0
2011-06-04 22:54:00,1.46355,1.46355,1.46355,1.46355,0.0
2011-06-04 22:55:00,1.46355,1.46355,1.46355,1.46355,0.0
2011-06-04 22:56:00,1.46355,1.46355,1.46355,1.46355,0.0
2011-06-04 22:57:00,1.46355,1.46355,1.46355,1.46355,0.0
2011-06-04 22:58:00,1.46355,1.46355,1.46355,1.46355,0.0
2011-06-04 22:59:00,1.46355,1.46355,1.46355,1.46355,0.0
2011-06-04 23:00:00,1.46355,1.46355,1.46355,1.46355,0.0
2011-06-04 23:01:00,1.46355,1.46355,1.46355,1.46355,0.0
2011-06-04 23:02:00,1.46355,1.46355,1.46355,1.46355,0.0
2011-06-04 23:03:00,1.46355,1.46355,1.46355,1.46355,0.0
2011-06-04 23:04:00,1.46355,1.46355,1.46355,1.46355,0.0
2011-06-04 23:05:00,1.46355,1.46355,1.46355,1.46355,0.0
2011-06-04 23:06:00,1.46355,1.46355,1.46355,1.46355,0.0
2011-06-04 23:07:00,1.46355,1.46355,1.46355,1.46355,0.0
2011-06-04 23:08:00,1.46355,1.46355,1.46355,1.46355,0.0
2011-06-04 23:09:00,1.46355,1.46355,1.46355,1.46355,0.0
2011-06-04 23:10:00,1.46355,1.46355,1.46355,1.46355,0.0
2011-06-04 23:11:00,1.46355,1.46355,1.46355,1.46355,0.0
2011-06-04 23:12:00,1.46355,1.46355,1.46355,1.46355,0.0
2011-06-04 23:13:00,1.46355,1.46355,1.46355,1.46355,0.0
2011-06-04 23:14:00,1.46355,1.46355,1.46355,1.46355,0.0
2011-06-04 23:15:00,1.46355,1.46355,1.46355,1.46355,0.0
2011-06-04 23:16:00,1.46355,1.46355,1.46355,1.46355,0.0
2011-06-04 23:17:00,1.46355,1.46355,1.46355,1.46355,0.0
2011-06-04 23:18:00,1.46355,1.46355,1.46355,1.46355,0.0
2011-06-04 23:19:00,1.46355,1.46355,1.46355,1.46355,0.0
2011-06-04 23:20:00,1.46355,1.46355,1.46355,1.46355,0.0
2011-06-04 23:21:00,1.46355,1.46355,1.46355,1.46355,0.0
2011-06-04 23:22:00,1.46355,1.46355,1.46355,1.46355,0.0
2011-06-04 23:23:00,1.46355,1.46355,1.46355,1.46355,0.0
2011-06-04 23:24:00,1.46355,1.46355,1.46355,1.46355,0.0
2011-06-04 23:25:00,1.46355,1.46355,1.46355,1.46355,0.0
2011-06-04 23:26:00,1.46355,1.46355,1.46355,1.46355,0.0
2011-06-04 23:27:00,1.46355,1.46355,1.46355,1.46355,0.0
2011-06-04 23:28:00,1.46355,1.46355,1.46355,1.46355,0.0
2011-06-04 23:29:00,1.46355,1.46355,1.46355,1.46355,0.0
2011-06-04 23:30:00,1.46355,1.46355,1.46355,1.46355,0.0
2011-06-04 23:31:00,1.46355,1.46355,1.46355,1.46355,0.0
2011-06-04 23:32:00,1.46355,1.46355,1.46355,1.46355,0.0
2011-06-04 23:33:00,1.46355,1.46355,1.46355,1.46355,0.0
2011-06-04 23:34:00,1.46355,1.46355,1.46355,1.46355,0.0
2011-06-04 23:35:00,1.46355,1.46355,1.46355,1.46355,0.0
2011-06-04 23:36:00,1.46355,1.46355,1.46355,1.46355,0.0
2011-06-04 23:37:00,1.46355,1.46355,1.46355,1.46355,0.0
2011-06-04 23:38:00,1.46355,1.46355,1.46355,1.46355,0.0
2011-06-04 23:39:00,1.46355,1.46355,1.46355,1.46355,0.0
2011-06-04 23:40:00,1.46355,1.46355,1.46355,1.46355,0.0
2011-06-04 23:41:00,1.46355,1.46355,1.46355,1.46355,0.0
2011-06-04 23:42:00,1.46355,1.46355,1.46355,1.46355,0.0
2011-06-04 23:43:00,1.46355,1.46355,1.46355,1.46355,0.0
2011-06-04 23:44:00,1.46355,1.46355,1.46355,1.46355,0.0
2011-06-04 23:45:00,1.46355,1.46355,1.46355,1.46355,0.0
2011-06-04 23:46:00,1.46355,1.46355,1.46355,1.46355,0.0
2011-06-04 23:47:00,1.46355,1.46355,1.46355,1.46355,0.0
2011-06-04 23:48:00,1.46355,1.46355,1.46355,1.46355,0.0
2011-06-04 23:49:00,1.46355,1.46355,1.46355,1.46355,0.0
2011-06-04 23:50:00,1.46355,1.46355,1.46355,1.46355,0.0
2011-06-04 23:51:00,1.46355,1.46355,1.46355,1.46355,0.0
2011-06-04 23:52:00,1.46355,1.46355,1.46355,1.46355,0.0
2011-06-04 23:53:00,1.46355,1.46355,1.46355,1.46355,0.0
2011-06-04 23:54:00,1.46355,1.46355,1.46355,1.46355,0.0
2011-06-04 23:55:00,1.46355,1.46355,1.46355,1.46355,0.0
2011-06-04 23:56:00,1.46355,1.46355,1.46355,1.46355,0.0
2011-06-04 23:57:00,1.46355,1.46355,1.46355,1.46355,0.0
2011-06-04 23:58:00,1.46355,1.46355,1.46355,1.46355,0.0
2011-06-04 23:59:00,1.46355,1.46355,1.46355,1.46355,0.0
2011-06-05 00:00:00,1.46355,1.46355,1.46355,1.46355,0.0
2011-06-05 00:01:00,1.46355,1.46355,1.46355,1.46355,0.0
2011-06-05 00:02:00,1.46355,1.46355,1.46355,1.46355,0.0
2011-06-05 00:03:00,1.46355,1.46355,1.46355,1.46355,0.0
2011-06-05 00:04:00,1.46355,1.46355,1.46355,1.46355,0.0
2011-06-05 00:05:00,1.46355,1.46355,1.46355,1.46355,0.0
2011-06-05 00:06:00,1.46355,1.46355,1.46355,1.46355,0.0
2011-06-05 00:07:00,1.46355,1.46355,1.46355,1.46355,0.0
2011-06-05 00:08:00,1.46355,1.46355,1.46355,1.46355,0.0
2011-06-05 00:09:00,1.46355,1.46355,1.46355,1.46355,0.0
2011-06-05 00:10:00,1.46355,1.46355,1.46355,1.46355,0.0
2011-06-05 00:11:00,1.46355,1.46355,1.46355,1.46355,0.0
2011-06-05 00:12:00,1.46355,1.46355,1.46355,1.46355,0.0
2011-06-05 00:13:00,1.46355,1.46355,1.46355,1.46355,0.0
2011-06-05 00:14:00,1.46355,1.46355,1.46355,1.46355,0.0
2011-06-05 00:15:00,1.46355,1.46355,1.46355,1.46355,0.0
2011-06-05 00:16:00,1.46355,1.46355,1.46355,1.46355,0.0
2011-06-05 00:17:00,1.46355,1.46355,1.46355,1.46355,0.0
2011-06-05 00:18:00,1.46355,1.46355,1.46355,1.46355,0.0
2011-06-05 00:19:00,1.46355,1.46355,1.46355,1.46355,0.0
2011-06-05 00:20:00,1.46355,1.46355,1.46355,1.46355,0.0
2011-06-05 00:21:00,1.46355,1.46355,1.46355,1.46355,0.0
2011-06-05 00:22:00,1.46355,1.46355,1.46355,1.46355,0.0
2011-06-05 00:23:00,1.46355,1.46355,1.46355,1.46355,0.0
2011-06-05 00:24:00,1.46355,1.46355,1.46355,1.46355,0.0
2011-06-05 00:25:00,1.46355,1.46355,1.46355,1.46355,0.0
2011-06-05 00:26:00,1.46355,1.46355,1.46355,1.46355,0.0
2011-06-05 00:27:00,1.46355,1.46355,1.46355,1.46355,0.0
2011-06-05 00:28:00,1.46355,1.46355,1.46355,1.46355,0.0
2011-06-05 00:29:00,1.46355,1.46355,1.46355,1.46355,0.0
2011-06-05 00:30:00,1.46355,1.46355,1.46355,1.46355,0.0
2011-06-05 00:31:00,1.46355,1.46355,1.46355,1.46355,0.0
2011-06-05 00:32:00,1.46355,1.46355,1.46355,1.46355,0.0
2011-06-05 00:33:00,1.46355,1.46355,1.46355,1.46355,0.0
2011-06-05 00:34:00,1.46355,1.46355,1.46355,1.46355,0.0
2011-06-05 00:35:00,1.46355,1.46355,1.46355,1.46355,0.0
2011-06-05 00:36:00,1.46355,1.46355,1.46355,1.46355,0.0
2011-06-05 00:37:00,1.46355,1.46355,1.46355,1.46355,0.0
2011-06-05 00:38:00,1.46355,1.46355,1.46355,1.46355,0.0
2011-06-05 00:39:00,1.46355,1.46355,1.46355,1.46355,0.0
2011-06-05 00:40:00,1.46355,1.46355,1.46355,1.46355,0.0
2011-06-05 00:41:00,1.46355,1.46355,1.46355,1.46355,0.0
2011-06-05 00:42:00,1.46355,1.46355,1.46355,1.46355,0.0
2011-06-05 00:43:00,1.46355,1.46355,1.46355,1.46355,0.0
2011-06-05 00:44:00,1.46355,1.46355,1.46355,1.46355,0.0
2011-06-05 00:45:00,1.46355,1.46355,1.46355,1.46355,0.0
2011-06-05 00:46:00,1.46355,1.46355,1.46355,1.46355,0.0
2011-06-05 00:47:00,1.46355,1.46355,1.46355,1.46355,0.0
2011-06-05 00:48:00,1.46355,1.46355,1.46355,1.46355,0.0
2011-06-05 00:49:00,1.46355,1.46355,1.46355,1.46355,0.0
2011-06-05 00:50:00,1.46355,1.46355,1.46355,1.46355,0.0
2011-06-05 00:51:00,1.46355,1.46355,1.46355,1.46355,0.0
2011-06-05 00:52:00,1.46355,1.46355,1.46355,1.46355,0.0
2011-06-05 00:53:00,1.46355,1.46355,1.46355,1.46355,0.0
2011-06-05 00:54:00,1.46355,1.46355,1.46355,1.46355,0.0
2011-06-05 00:55:00,1.46355,1.46355,1.46355,1.46355,0.0
2011-06-05 00:56:00,1.46355,1.46355,1.46355,1.46355,0.0
2011-06-05 00:57:00,1.46355,1.46355,1.46355,1.46355,0.0
2011-06-05 00:58:00,1.46355,1.46355,1.46355,1.46355,0.0
2011-06-05 00:59:00,1.46355,1.46355,1.46355,1.46355,0.0
2011-06-05 01:00:00,1.46355,1.46355,1.46355,1.46355,0.0
2011-06-05 01:01:00,1.46355,1.46355,1.46355,1.46355,0.0
2011-06-05 01:02:00,1.46355,1.46355,1.46355,1.46355,0.0
2011-06-05 01:03:00,1.46355,1.46355,1.46355,1.46355,0.0
2011-06-05 01:04:00,1.46355,1.46355,1.46355,1.46355,0.0
2011-06-05 01:05:00,1.46355,1.46355,1.46355,1.46355,0.0
2011-06-05 01:06:00,1.46355,1.46355,1.46355,1.46355,0.0
2011-06-05 01:07:00,1.46355,1.46355,1.46355,1.46355,0.0
2011-06-05 01:08:00,1.46355,1.46355,1.46355,1.46355,0.0
2011-06-05 01:09:00,1.46355,1.46355,1.46355,1.46355,0.0
2011-06-05 01:10:00,1.46355,1.46355,1.46355,1.46355,0.0
2011-06-05 01:11:00,1.46355,1.46355,1.46355,1.46355,0.0
2011-06-05 01:12:00,1.46355,1.46355,1.46355,1.46355,0.0
2011-06-05 01:13:00,1.46355,1.46355,1.46355,1.46355,0.0
2011-06-05 01:14:00,1.46355,1.46355,1.46355,1.46355,0.0
2011-06-05 01:15:00,1.46355,1.46355,1.46355,1.46355,0.0
2011-06-05 01:16:00,1.46355,1.46355,1.46355,1.46355,0.0
2011-06-05 01:17:00,1.46355,1.46355,1.46355,1.46355,0.0
2011-06-05 01:18:00,1.46355,1.46355,1.46355,1.46355,0.0
2011-06-05 01:19:00,1.46355,1.46355,1.46355,1.46355,0.0
2011-06-05 01:20:00,1.46355,1.46355,1.46355,1.46355,0.0
2011-06-05 01:21:00,1.46355,1.46355,1.46355,1.46355,0.0
2011-06-05 01:22:00,1.46355,1.46355,1.46355,1.46355,0.0
2011-06-05 01:23:00,1.46355,1.46355,1.46355,1.46355,0.0
2011-06-05 01:24:00,1.46355,1.46355,1.46355,1.46355,0.0
2011-06-05 01:25:00,1.46355,1.46355,1.46355,1.46355,0.0
2011-06-05 01:26:00,1.46355,1.46355,1.46355,1.46355,0.0
2011-06-05 01:27:00,1.46355,1.46355,1.46355,1.46355,0.0
2011-06-05 01:28:00,1.46355,1.46355,1.46355,1.46355,0.0
2011-06-05 01:29:00,1.46355,1.46355,1.46355,1.46355,0.0
2011-06-05 01:30:00,1.46355,1.46355,1.46355,1.46355,0.0
2011-06-05 01:31:00,1.46355,1.46355,1.46355,1.46355,0.0
2011-06-05 01:32:00,1.46355,1.46355,1.46355,1.46355,0.0
2011-06-05 01:33:00,1.46355,1.46355,1.46355,1.46355,0.0
2011-06-05 01:34:00,1.46355,1.46355,1.46355,1.46355,0.0
2011-06-05 01:35:00,1.46355,1.46355,1.46355,1.46355,0.0
2011-06-05 01:36:00,1.46355,1.46355,1.46355,1.46355,0.0
2011-06-05 01:37:00,1.46355,1.46355,1.46355,1.46355,0.0
2011-06-05 01:38:00,1.46355,1.46355,1.46355,1.46355,0.0
2011-06-05 01:39:00,1.46355,1.46355,1.46355,1.46355,0.0
2011-06-05 01:40:00,1.46355,1.46355,1.46355,1.46355,0.0
2011-06-05 01:41:00,1.46355,1.46355,1.46355,1.46355,0.0
2011-06-05 01:42:00,1.46355,1.46355,1.46355,1.46355,0.0
2011-06-05 01:43:00,1.46355,1.46355,1.46355,1.46355,0.0
2011-06-05 01:44:00,1.46355,1.46355,1.46355,1.46355,0.0
2011-06-05 01:45:00,1.46355,1.46355,1.46355,1.46355,0.0
2011-06-05 01:46:00,1.46355,1.46355,1.46355,1.46355,0.0
2011-06-05 01:47:00,1.46355,1.46355,1.46355,1.46355,0.0
2011-06-05 01:48:00,1.46355,1.46355,1.46355,1.46355,0.0
2011-06-05 01:49:00,1.46355,1.46355,1.46355,1.46355,0.0
2011-06-05 01:50:00,1.46355,1.46355,1.46355,1.46355,0.0
2011-06-05 01:51:00,1.46355,1.46355,1.46355,1.46355,0.0
2011-06-05 01:52:00,1.46355,1.46355,1.46355,1.46355,0.0
2011-06-05 01:53:00,1.46355,1.46355,1.46355,1.46355,0.0
2011-06-05 01:54:00,1.46355,1.46355,1.46355,1.46355,0.0
2011-06-05 01:55:00,1.46355,1.46355,1.46355,1.46355,0.0
2011-06-05 01:56:00,1.46355,1.46355,1.46355,1.46355,0.0
2011-06-05 01:57:00,1.46355,1.46355,1.46355,1.46355,0.0
2011-06-05 01:58:00,1.46355,1.46355,1.46355,1.46355,0.0
2011-06-05 01:59:00,1.46355,1.46355,1.46355,1.46355,0.0
2011-06-05 02:00:00,1.46355,1.46355,1.46355,1.46355,0.0
2011-06-05 02:01:00,1.46355,1.46355,1.46355,1.46355,0.0
2011-06-05 02:02:00,1.46355,1.46355,1.46355,1.46355,0.0
2011-06-05 02:03:00,1.46355,1.46355,1.46355,1.46355,0.0
2011-06-05 02:04:00,1.46355,1.46355,1.46355,1.46355,0.0
2011-06-05 02:05:00,1.46355,1.46355,1.46355,1.46355,0.0
2011-06-05 02:06:00,1.46355,1.46355,1.46355,1.46355,0.0
2011-06-05 02:07:00,1.46355,1.46355,1.46355,1.46355,0.0
2011-06-05 02:08:00,1.46355,1.46355,1.46355,1.46355,0.0
2011-06-05 02:09:00,1.46355,1.46355,1.46355,1.46355,0.0
2011-06-05 02:10:00,1.46355,1.46355,1.46355,1.46355,0.0
2011-06-05 02:11:00,1.46355,1.46355,1.46355,1.46355,0.0
2011-06-05 02:12:00,1.46355,1.46355,1.46355,1.46355,0.0
2011-06-05 02:13:00,1.46355,1.46355,1.46355,1.46355,0.0
2011-06-05 02:14:00,1.46355,1.46355,1.46355,1.46355,0.0
2011-06-05 02:15:00,1.46355,1.46355,1.46355,1.46355,0.0
2011-06-05 02:16:00,1.46355,1.46355,1.46355,1.46355,0.0
2011-06-05 02:17:00,1.46355,1.46355,1.46355,1.46355,0.0
2011-06-05 02:18:00,1.46355,1.46355,1.46355,1.46355,0.0
2011-06-05 02:19:00,1.46355,1.46355,1.46355,1.46355,0.0
2011-06-05 02:20:00,1.46355,1.46355,1.46355,1.46355,0.0
2011-06-05 02:21:00,1.46355,1.46355,1.46355,1.46355,0.0
2011-06-05 02:22:00,1.46355,1.46355,1.46355,1.46355,0.0
2011-06-05 02:23:00,1.46355,1.46355,1.46355,1.46355,0.0
2011-06-05 02:24:00,1.46355,1.46355,1.46355,1.46355,0.0
2011-06-05 02:25:00,1.46355,1.46355,1.46355,1.46355,0.0
2011-06-05 02:26:00,1.46355,1.46355,1.46355,1.46355,0.0
2011-06-05 02:27:00,1.46355,1.46355,1.46355,1.46355,0.0
2011-06-05 02:28:00,1.46355,1.46355,1.46355,1.46355,0.0
2011-06-05 02:29:00,1.46355,1.46355,1.46355,1.46355,0.0
2011-06-05 02:30:00,1.46355,1.46355,1.46355,1.46355,0.0
2011-06-05 02:31:00,1.46355,1.46355,1.46355,1.46355,0.0
2011-06-05 02:32:00,1.46355,1.46355,1.46355,1.46355,0.0
2011-06-05 02:33:00,1.46355,1.46355,1.46355,1.46355,0.0
2011-06-05 02:34:00,1.46355,1.46355,1.46355,1.46355,0.0
2011-06-05 02:35:00,1.46355,1.46355,1.46355,1.46355,0.0
2011-06-05 02:36:00,1.46355,1.46355,1.46355,1.46355,0.0
2011-06-05 02:37:00,1.46355,1.46355,1.46355,1.46355,0.0
2011-06-05 02:38:00,1.46355,1.46355,1.46355,1.46355,0.0
2011-06-05 02:39:00,1.46355,1.46355,1.46355,1.46355,0.0
2011-06-05 02:40:00,1.46355,1.46355,1.46355,1.46355,0.0
2011-06-05 02:41:00,1.46355,1.46355,1.46355,1.46355,0.0
2011-06-05 02:42:00,1.46355,1.46355,1.46355,1.46355,0.0
2011-06-05 02:43:00,1.46355,1.46355,1.46355,1.46355,0.0
2011-06-05 02:44:00,1.46355,1.46355,1.46355,1.46355,0.0
2011-06-05 02:45:00,1.46355,1.46355,1.46355,1.46355,0.0
2011-06-05 02:46:00,1.46355,1.46355,1.46355,1.46355,0.0
2011-06-05 02:47:00,1.46355,1.46355,1.46355,1.46355,0.0
2011-06-05 02:48:00,1.46355,1.46355,1.46355,1.46355,0.0
2011-06-05 02:49:00,1.46355,1.46355,1.46355,1.46355,0.0
2011-06-05 02:50:00,1.46355,1.46355,1.46355,1.46355,0.0
2011-06-05 02:51:00,1.46355,1.46355,1.46355,1.46355,0.0
2011-06-05 02:52:00,1.46355,1.46355,1.46355,1.46355,0.0
2011-06-05 02:53:00,1.46355,1.46355,1.46355,1.46355,0.0
2011-06-05 02:54:00,1.46355,1.46355,1.46355,1.46355,0.0
2011-06-05 02:55:00,1.46355,1.46355,1.46355,1.46355,0.0
2011-06-05 02:56:00,1.46355,1.46355,1.46355,1.46355,0.0
2011-06-05 02:57:00,1.46355,1.46355,1.46355,1.46355,0.0
2011-06-05 02:58:00,1.46355,1.46355,1.46355,1.46355,0.0
2011-06-05 02:59:00,1.46355,1.46355,1.46355,1.46355,0.0
2011-06-05 03:00:00,1.46355,1.46355,1.46355,1.46355,0.0
2011-06-05 03:01:00,1.46355,1.46355,1.46355,1.46355,0.0
2011-06-05 03:02:00,1.46355,1.46355,1.46355,1.46355,0.0
2011-06-05 03:03:00,1.46355,1.46355,1.46355,1.46355,0.0
2011-06-05 03:04:00,1.46355,1.46355,1.46355,1.46355,0.0
2011-06-05 03:05:00,1.46355,1.46355,1.46355,1.46355,0.0
2011-06-05 03:06:00,1.46355,1.46355,1.46355,1.46355,0.0
2011-06-05 03:07:00,1.46355,1.46355,1.46355,1.46355,0.0
2011-06-05 03:08:00,1.46355,1.46355,1.46355,1.46355,0.0
2011-06-05 03:09:00,1.46355,1.46355,1.46355,1.46355,0.0
2011-06-05 03:10:00,1.46355,1.46355,1.46355,1.46355,0.0
2011-06-05 03:11:00,1.46355,1.46355,1.46355,1.46355,0.0
2011-06-05 03:12:00,1.46355,1.46355,1.46355,1.46355,0.0
2011-06-05 03:13:00,1.46355,1.46355,1.46355,1.46355,0.0
2011-06-05 03:14:00,1.46355,1.46355,1.46355,1.46355,0.0
2011-06-05 03:15:00,1.46355,1.46355,1.46355,1.46355,0.0
2011-06-05 03:16:00,1.46355,1.46355,1.46355,1.46355,0.0
2011-06-05 03:17:00,1.46355,1.46355,1.46355,1.46355,0.0
2011-06-05 03:18:00,1.46355,1.46355,1.46355,1.46355,0.0
2011-06-05 03:19:00,1.46355,1.46355,1.46355,1.46355,0.0
2011-06-05 03:20:00,1.46355,1.46355,1.46355,1.46355,0.0
2011-06-05 03:21:00,1.46355,1.46355,1.46355,1.46355,0.0
2011-06-05 03:22:00,1.46355,1.46355,1.46355,1.46355,0.0
2011-06-05 03:23:00,1.46355,1.46355,1.46355,1.46355,0.0
2011-06-05 03:24:00,1.46355,1.46355,1.46355,1.46355,0.0
2011-06-05 03:25:00,1.46355,1.46355,1.46355,1.46355,0.0
2011-06-05 03:26:00,1.46355,1.46355,1.46355,1.46355,0.0
2011-06-05 03:27:00,1.46355,1.46355,1.46355,1.46355,0.0
2011-06-05 03:28:00,1.46355,1.46355,1.46355,1.46355,0.0
2011-06-05 03:29:00,1.46355,1.46355,1.46355,1.46355,0.0
2011-06-05 03:30:00,1.46355,1.46355,1.46355,1.46355,0.0
2011-06-05 03:31:00,1.46355,1.46355,1.46355,1.46355,0.0
2011-06-05 03:32:00,1.46355,1.46355,1.46355,1.46355,0.0
2011-06-05 03:33:00,1.46355,1.46355,1.46355,1.46355,0.0
2011-06-05 03:34:00,1.46355,1.46355,1.46355,1.46355,0.0
2011-06-05 03:35:00,1.46355,1.46355,1.46355,1.46355,0.0
2011-06-05 03:36:00,1.46355,1.46355,1.46355,1.46355,0.0
2011-06-05 03:37:00,1.46355,1.46355,1.46355,1.46355,0.0
2011-06-05 03:38:00,1.46355,1.46355,1.46355,1.46355,0.0
2011-06-05 03:39:00,1.46355,1.46355,1.46355,1.46355,0.0
2011-06-05 03:40:00,1.46355,1.46355,1.46355,1.46355,0.0
2011-06-05 03:41:00,1.46355,1.46355,1.46355,1.46355,0.0
2011-06-05 03:42:00,1.46355,1.46355,1.46355,1.46355,0.0
2011-06-05 03:43:00,1.46355,1.46355,1.46355,1.46355,0.0
2011-06-05 03:44:00,1.46355,1.46355,1.46355,1.46355,0.0
2011-06-05 03:45:00,1.46355,1.46355,1.46355,1.46355,0.0
2011-06-05 03:46:00,1.46355,1.46355,1.46355,1.46355,0.0
2011-06-05 03:47:00,1.46355,1.46355,1.46355,1.46355,0.0
2011-06-05 03:48:00,1.46355,1.46355,1.46355,1.46355,0.0
2011-06-05 03:49:00,1.46355,1.46355,1.46355,1.46355,0.0
2011-06-05 03:50:00,1.46355,1.46355,1.46355,1.46355,0.0
2011-06-05 03:51:00,1.46355,1.46355,1.46355,1.46355,0.0
2011-06-05 03:52:00,1.46355,1.46355,1.46355,1.46355,0.0
2011-06-05 03:53:00,1.46355,1.46355,1.46355,1.46355,0.0
2011-06-05 03:54:00,1.46355,1.46355,1.46355,1.46355,0.0
2011-06-05 03:55:00,1.46355,1.46355,1.46355,1.46355,0.0
2011-06-05 03:56:00,1.46355,1.46355,1.46355,1.46355,0.0
2011-06-05 03:57:00,1.46355,1.46355,1.46355,1.46355,0.0
2011-06-05 03:58:00,1.46355,1.46355,1.46355,1.46355,0.0
2011-06-05 03:59:00,1.46355,1.46355,1.46355,1.46355,0.0
2011-06-05 04:00:00,1.46355,1.46355,1.46355,1.46355,0.0
2011-06-05 04:01:00,1.46355,1.46355,1.46355,1.46355,0.0
2011-06-05 04:02:00,1.46355,1.46355,1.46355,1.46355,0.0
2011-06-05 04:03:00,1.46355,1.46355,1.46355,1.46355,0.0
2011-06-05 04:04:00,1.46355,1.46355,1.46355,1.46355,0.0
2011-06-05 04:05:00,1.46355,1.46355,1.46355,1.46355,0.0
2011-06-05 04:06:00,1.46355,1.46355,1.46355,1.46355,0.0
2011-06-05 04:07:00,1.46355,1.46355,1.46355,1.46355,0.0
2011-06-05 04:08:00,1.46355,1.46355,1.46355,1.46355,0.0
2011-06-05 04:09:00,1.46355,1.46355,1.46355,1.46355,0.0
2011-06-05 04:10:00,1.46355,1.46355,1.46355,1.46355,0.0
2011-06-05 04:11:00,1.46355,1.46355,1.46355,1.46355,0.0
2011-06-05 04:12:00,1.46355,1.46355,1.46355,1.46355,0.0
2011-06-05 04:13:00,1.46355,1.46355,1.46355,1.46355,0.0
2011-06-05 04:14:00,1.46355,1.46355,1.46355,1.46355,0.0
2011-06-05 04:15:00,1.46355,1.46355,1.46355,1.46355,0.0
2011-06-05 04:16:00,1.46355,1.46355,1.46355,1.46355,0.0
2011-06-05 04:17:00,1.46355,1.46355,1.46355,1.46355,0.0
2011-06-05 04:18:00,1.46355,1.46355,1.46355,1.46355,0.0
2011-06-05 04:19:00,1.46355,1.46355,1.46355,1.46355,0.0
2011-06-05 04:20:00,1.46355,1.46355,1.46355,1.46355,0.0
2011-06-05 04:21:00,1.46355,1.46355,1.46355,1.46355,0.0
2011-06-05 04:22:00,1.46355,1.46355,1.46355,1.46355,0.0
2011-06-05 04:23:00,1.46355,1.46355,1.46355,1.46355,0.0
2011-06-05 04:24:00,1.46355,1.46355,1.46355,1.46355,0.0
2011-06-05 04:25:00,1.46355,1.46355,1.46355,1.46355,0.0
2011-06-05 04:26:00,1.46355,1.46355,1.46355,1.46355,0.0
2011-06-05 04:27:00,1.46355,1.46355,1.46355,1.46355,0.0
2011-06-05 04:28:00,1.46355,1.46355,1.46355,1.46355,0.0
2011-06-05 04:29:00,1.46355,1.46355,1.46355,1.46355,0.0
2011-06-05 04:30:00,1.46355,1.46355,1.46355,1.46355,0.0
2011-06-05 04:31:00,1.46355,1.46355,1.46355,1.46355,0.0
2011-06-05 04:32:00,1.46355,1.46355,1.46355,1.46355,0.0
2011-06-05 04:33:00,1.46355,1.46355,1.46355,1.46355,0.0
2011-06-05 04:34:00,1.46355,1.46355,1.46355,1.46355,0.0
2011-06-05 04:35:00,1.46355,1.46355,1.46355,1.46355,0.0
2011-06-05 04:36:00,1.46355,1.46355,1.46355,1.46355,0.0
2011-06-05 04:37:00,1.46355,1.46355,1.46355,1.46355,0.0
2011-06-05 04:38:00,1.46355,1.46355,1.46355,1.46355,0.0
2011-06-05 04:39:00,1.46355,1.46355,1.46355,1.46355,0.0
2011-06-05 04:40:00,1.46355,1.46355,1.46355,1.46355,0.0
2011-06-05 04:41:00,1.46355,1.46355,1.46355,1.46355,0.0
2011-06-05 04:42:00,1.46355,1.46355,1.46355,1.46355,0.0
2011-06-05 04:43:00,1.46355,1.46355,1.46355,1.46355,0.0
2011-06-05 04:44:00,1.46355,1.46355,1.46355,1.46355,0.0
2011-06-05 04:45:00,1.46355,1.46355,1.46355,1.46355,0.0
2011-06-05 04:46:00,1.46355,1.46355,1.46355,1.46355,0.0
2011-06-05 04:47:00,1.46355,1.46355,1.46355,1.46355,0.0
2011-06-05 04:48:00,1.46355,1.46355,1.46355,1.46355,0.0
2011-06-05 04:49:00,1.46355,1.46355,1.46355,1.46355,0.0
2011-06-05 04:50:00,1.46355,1.46355,1.46355,1.46355,0.0
2011-06-05 04:51:00,1.46355,1.46355,1.46355,1.46355,0.0
2011-06-05 04:52:00,1.46355,1.46355,1.46355,1.46355,0.0
2011-06-05 04:53:00,1.46355,1.46355,1.46355,1.46355,0.0
2011-06-05 04:54:00,1.46355,1.46355,1.46355,1.46355,0.0
2011-06-05 04:55:00,1.46355,1.46355,1.46355,1.46355,0.0
2011-06-05 04:56:00,1.46355,1.46355,1.46355,1.46355,0.0
2011-06-05 04:57:00,1.46355,1.46355,1.46355,1.46355,0.0
2011-06-05 04:58:00,1.46355,1.46355,1.46355,1.46355,0.0
2011-06-05 04:59:00,1.46355,1.46355,1.46355,1.46355,0.0
2011-06-05 05:00:00,1.46355,1.46355,1.46355,1.46355,0.0
2011-06-05 05:01:00,1.46355,1.46355,1.46355,1.46355,0.0
2011-06-05 05:02:00,1.46355,1.46355,1.46355,1.46355,0.0
2011-06-05 05:03:00,1.46355,1.46355,1.46355,1.46355,0.0
2011-06-05 05:04:00,1.46355,1.46355,1.46355,1.46355,0.0
2011-06-05 05:05:00,1.46355,1.46355,1.46355,1.46355,0.0
2011-06-05 05:06:00,1.46355,1.46355,1.46355,1.46355,0.0
2011-06-05 05:07:00,1.46355,1.46355,1.46355,1.46355,0.0
2011-06-05 05:08:00,1.46355,1.46355,1.46355,1.46355,0.0
2011-06-05 05:09:00,1.46355,1.46355,1.46355,1.46355,0.0
2011-06-05 05:10:00,1.46355,1.46355,1.46355,1.46355,0.0
2011-06-05 05:11:00,1.46355,1.46355,1.46355,1.46355,0.0
2011-06-05 05:12:00,1.46355,1.46355,1.46355,1.46355,0.0
2011-06-05 05:13:00,1.46355,1.46355,1.46355,1.46355,0.0
2011-06-05 05:14:00,1.46355,1.46355,1.46355,1.46355,0.0
2011-06-05 05:15:00,1.46355,1.46355,1.46355,1.46355,0.0
2011-06-05 05:16:00,1.46355,1.46355,1.46355,1.46355,0.0
2011-06-05 05:17:00,1.46355,1.46355,1.46355,1.46355,0.0
2011-06-05 05:18:00,1.46355,1.46355,1.46355,1.46355,0.0
2011-06-05 05:19:00,1.46355,1.46355,1.46355,1.46355,0.0
2011-06-05 05:20:00,1.46355,1.46355,1.46355,1.46355,0.0
2011-06-05 05:21:00,1.46355,1.46355,1.46355,1.46355,0.0
2011-06-05 05:22:00,1.46355,1.46355,1.46355,1.46355,0.0
2011-06-05 05:23:00,1.46355,1.46355,1.46355,1.46355,0.0
2011-06-05 05:24:00,1.46355,1.46355,1.46355,1.46355,0.0
2011-06-05 05:25:00,1.46355,1.46355,1.46355,1.46355,0.0
2011-06-05 05:26:00,1.46355,1.46355,1.46355,1.46355,0.0
2011-06-05 05:27:00,1.46355,1.46355,1.46355,1.46355,0.0
2011-06-05 05:28:00,1.46355,1.46355,1.46355,1.46355,0.0
2011-06-05 05:29:00,1.46355,1.46355,1.46355,1.46355,0.0
2011-06-05 05:30:00,1.46355,1.46355,1.46355,1.46355,0.0
2011-06-05 05:31:00,1.46355,1.46355,1.46355,1.46355,0.0
2011-06-05 05:32:00,1.46355,1.46355,1.46355,1.46355,0.0
2011-06-05 05:33:00,1.46355,1.46355,1.46355,1.46355,0.0
2011-06-05 05:34:00,1.46355,1.46355,1.46355,1.46355,0.0
2011-06-05 05:35:00,1.46355,1.46355,1.46355,1.46355,0.0
2011-06-05 05:36:00,1.46355,1.46355,1.46355,1.46355,0.0
2011-06-05 05:37:00,1.46355,1.46355,1.46355,1.46355,0.0
2011-06-05 05:38:00,1.46355,1.46355,1.46355,1.46355,0.0
2011-06-05 05:39:00,1.46355,1.46355,1.46355,1.46355,0.0
2011-06-05 05:40:00,1.46355,1.46355,1.46355,1.46355,0.0
2011-06-05 05:41:00,1.46355,1.46355,1.46355,1.46355,0.0
2011-06-05 05:42:00,1.46355,1.46355,1.46355,1.46355,0.0
2011-06-05 05:43:00,1.46355,1.46355,1.46355,1.46355,0.0
2011-06-05 05:44:00,1.46355,1.46355,1.46355,1.46355,0.0
2011-06-05 05:45:00,1.46355,1.46355,1.46355,1.46355,0.0
2011-06-05 05:46:00,1.46355,1.46355,1.46355,1.46355,0.0
2011-06-05 05:47:00,1.46355,1.46355,1.46355,1.46355,0.0
2011-06-05 05:48:00,1.46355,1.46355,1.46355,1.46355,0.0
2011-06-05 05:49:00,1.46355,1.46355,1.46355,1.46355,0.0
2011-06-05 05:50:00,1.46355,1.46355,1.46355,1.46355,0.0
2011-06-05 05:51:00,1.46355,1.46355,1.46355,1.46355,0.0
2011-06-05 05:52:00,1.46355,1.46355,1.46355,1.46355,0.0
2011-06-05 05:53:00,1.46355,1.46355,1.46355,1.46355,0.0
2011-06-05 05:54:00,1.46355,1.46355,1.46355,1.46355,0.0
2011-06-05 05:55:00,1.46355,1.46355,1.46355,1.46355,0.0
2011-06-05 05:56:00,1.46355,1.46355,1.46355,1.46355,0.0
2011-06-05 05:57:00,1.46355,1.46355,1.46355,1.46355,0.0
2011-06-05 05:58:00,1.46355,1.46355,1.46355,1.46355,0.0
2011-06-05 05:59:00,1.46355,1.46355,1.46355,1.46355,0.0
2011-06-05 06:00:00,1.46355,1.46355,1.46355,1.46355,0.0
2011-06-05 06:01:00,1.46355,1.46355,1.46355,1.46355,0.0
2011-06-05 06:02:00,1.46355,1.46355,1.46355,1.46355,0.0
2011-06-05 06:03:00,1.46355,1.46355,1.46355,1.46355,0.0
2011-06-05 06:04:00,1.46355,1.46355,1.46355,1.46355,0.0
2011-06-05 06:05:00,1.46355,1.46355,1.46355,1.46355,0.0
2011-06-05 06:06:00,1.46355,1.46355,1.46355,1.46355,0.0
2011-06-05 06:07:00,1.46355,1.46355,1.46355,1.46355,0.0
2011-06-05 06:08:00,1.46355,1.46355,1.46355,1.46355,0.0
2011-06-05 06:09:00,1.46355,1.46355,1.46355,1.46355,0.0
2011-06-05 06:10:00,1.46355,1.46355,1.46355,1.46355,0.0
2011-06-05 06:11:00,1.46355,1.46355,1.46355,1.46355,0.0
2011-06-05 06:12:00,1.46355,1.46355,1.46355,1.46355,0.0
2011-06-05 06:13:00,1.46355,1.46355,1.46355,1.46355,0.0
2011-06-05 06:14:00,1.46355,1.46355,1.46355,1.46355,0.0
2011-06-05 06:15:00,1.46355,1.46355,1.46355,1.46355,0.0
2011-06-05 06:16:00,1.46355,1.46355,1.46355,1.46355,0.0
2011-06-05 06:17:00,1.46355,1.46355,1.46355,1.46355,0.0
2011-06-05 06:18:00,1.46355,1.46355,1.46355,1.46355,0.0
2011-06-05 06:19:00,1.46355,1.46355,1.46355,1.46355,0.0
2011-06-05 06:20:00,1.46355,1.46355,1.46355,1.46355,0.0
2011-06-05 06:21:00,1.46355,1.46355,1.46355,1.46355,0.0
2011-06-05 06:22:00,1.46355,1.46355,1.46355,1.46355,0.0
2011-06-05 06:23:00,1.46355,1.46355,1.46355,1.46355,0.0
2011-06-05 06:24:00,1.46355,1.46355,1.46355,1.46355,0.0
2011-06-05 06:25:00,1.46355,1.46355,1.46355,1.46355,0.0
2011-06-05 06:26:00,1.46355,1.46355,1.46355,1.46355,0.0
2011-06-05 06:27:00,1.46355,1.46355,1.46355,1.46355,0.0
2011-06-05 06:28:00,1.46355,1.46355,1.46355,1.46355,0.0
2011-06-05 06:29:00,1.46355,1.46355,1.46355,1.46355,0.0
2011-06-05 06:30:00,1.46355,1.46355,1.46355,1.46355,0.0
2011-06-05 06:31:00,1.46355,1.46355,1.46355,1.46355,0.0
2011-06-05 06:32:00,1.46355,1.46355,1.46355,1.46355,0.0
2011-06-05 06:33:00,1.46355,1.46355,1.46355,1.46355,0.0
2011-06-05 06:34:00,1.46355,1.46355,1.46355,1.46355,0.0
2011-06-05 06:35:00,1.46355,1.46355,1.46355,1.46355,0.0
2011-06-05 06:36:00,1.46355,1.46355,1.46355,1.46355,0.0
2011-06-05 06:37:00,1.46355,1.46355,1.46355,1.46355,0.0
2011-06-05 06:38:00,1.46355,1.46355,1.46355,1.46355,0.0
2011-06-05 06:39:00,1.46355,1.46355,1.46355,1.46355,0.0
2011-06-05 06:40:00,1.46355,1.46355,1.46355,1.46355,0.0
2011-06-05 06:41:00,1.46355,1.46355,1.46355,1.46355,0.0
2011-06-05 06:42:00,1.46355,1.46355,1.46355,1.46355,0.0
2011-06-05 06:43:00,1.46355,1.46355,1.46355,1.46355,0.0
2011-06-05 06:44:00,1.46355,1.46355,1.46355,1.46355,0.0
2011-06-05 06:45:00,1.46355,1.46355,1.46355,1.46355,0.0
2011-06-05 06:46:00,1.46355,1.46355,1.46355,1.46355,0.0
2011-06-05 06:47:00,1.46355,1.46355,1.46355,1.46355,0.0
2011-06-05 06:48:00,1.46355,1.46355,1.46355,1.46355,0.0
2011-06-05 06:49:00,1.46355,1.46355,1.46355,1.46355,0.0
2011-06-05 06:50:00,1.46355,1.46355,1.46355,1.46355,0.0
2011-06-05 06:51:00,1.46355,1.46355,1.46355,1.46355,0.0
2011-06-05 06:52:00,1.46355,1.46355,1.46355,1.46355,0.0
2011-06-05 06:53:00,1.46355,1.46355,1.46355,1.46355,0.0
2011-06-05 06:54:00,1.46355,1.46355,1.46355,1.46355,0.0
2011-06-05 06:55:00,1.46355,1.46355,1.46355,1.46355,0.0
2011-06-05 06:56:00,1.46355,1.46355,1.46355,1.46355,0.0
2011-06-05 06:57:00,1.46355,1.46355,1.46355,1.46355,0.0
2011-06-05 06:58:00,1.46355,1.46355,1.46355,1.46355,0.0
2011-06-05 06:59:00,1.46355,1.46355,1.46355,1.46355,0.0
2011-06-05 07:00:00,1.46355,1.46355,1.46355,1.46355,0.0
2011-06-05 07:01:00,1.46355,1.46355,1.46355,1.46355,0.0
2011-06-05 07:02:00,1.46355,1.46355,1.46355,1.46355,0.0
2011-06-05 07:03:00,1.46355,1.46355,1.46355,1.46355,0.0
2011-06-05 07:04:00,1.46355,1.46355,1.46355,1.46355,0.0
2011-06-05 07:05:00,1.46355,1.46355,1.46355,1.46355,0.0
2011-06-05 07:06:00,1.46355,1.46355,1.46355,1.46355,0.0
2011-06-05 07:07:00,1.46355,1.46355,1.46355,1.46355,0.0
2011-06-05 07:08:00,1.46355,1.46355,1.46355,1.46355,0.0
2011-06-05 07:09:00,1.46355,1.46355,1.46355,1.46355,0.0
2011-06-05 07:10:00,1.46355,1.46355,1.46355,1.46355,0.0
2011-06-05 07:11:00,1.46355,1.46355,1.46355,1.46355,0.0
2011-06-05 07:12:00,1.46355,1.46355,1.46355,1.46355,0.0
2011-06-05 07:13:00,1.46355,1.46355,1.46355,1.46355,0.0
2011-06-05 07:14:00,1.46355,1.46355,1.46355,1.46355,0.0
2011-06-05 07:15:00,1.46355,1.46355,1.46355,1.46355,0.0
2011-06-05 07:16:00,1.46355,1.46355,1.46355,1.46355,0.0
2011-06-05 07:17:00,1.46355,1.46355,1.46355,1.46355,0.0
2011-06-05 07:18:00,1.46355,1.46355,1.46355,1.46355,0.0
2011-06-05 07:19:00,1.46355,1.46355,1.46355,1.46355,0.0
2011-06-05 07:20:00,1.46355,1.46355,1.46355,1.46355,0.0
2011-06-05 07:21:00,1.46355,1.46355,1.46355,1.46355,0.0
2011-06-05 07:22:00,1.46355,1.46355,1.46355,1.46355,0.0
2011-06-05 07:23:00,1.46355,1.46355,1.46355,1.46355,0.0
2011-06-05 07:24:00,1.46355,1.46355,1.46355,1.46355,0.0
2011-06-05 07:25:00,1.46355,1.46355,1.46355,1.46355,0.0
2011-06-05 07:26:00,1.46355,1.46355,1.46355,1.46355,0.0
2011-06-05 07:27:00,1.46355,1.46355,1.46355,1.46355,0.0
2011-06-05 07:28:00,1.46355,1.46355,1.46355,1.46355,0.0
2011-06-05 07:29:00,1.46355,1.46355,1.46355,1.46355,0.0
2011-06-05 07:30:00,1.46355,1.46355,1.46355,1.46355,0.0
2011-06-05 07:31:00,1.46355,1.46355,1.46355,1.46355,0.0
2011-06-05 07:32:00,1.46355,1.46355,1.46355,1.46355,0.0
2011-06-05 07:33:00,1.46355,1.46355,1.46355,1.46355,0.0
2011-06-05 07:34:00,1.46355,1.46355,1.46355,1.46355,0.0
2011-06-05 07:35:00,1.46355,1.46355,1.46355,1.46355,0.0
2011-06-05 07:36:00,1.46355,1.46355,1.46355,1.46355,0.0
2011-06-05 07:37:00,1.46355,1.46355,1.46355,1.46355,0.0
2011-06-05 07:38:00,1.46355,1.46355,1.46355,1.46355,0.0
2011-06-05 07:39:00,1.46355,1.46355,1.46355,1.46355,0.0
2011-06-05 07:40:00,1.46355,1.46355,1.46355,1.46355,0.0
2011-06-05 07:41:00,1.46355,1.46355,1.46355,1.46355,0.0
2011-06-05 07:42:00,1.46355,1.46355,1.46355,1.46355,0.0
2011-06-05 07:43:00,1.46355,1.46355,1.46355,1.46355,0.0
2011-06-05 07:44:00,1.46355,1.46355,1.46355,1.46355,0.0
2011-06-05 07:45:00,1.46355,1.46355,1.46355,1.46355,0.0
2011-06-05 07:46:00,1.46355,1.46355,1.46355,1.46355,0.0
2011-06-05 07:47:00,1.46355,1.46355,1.46355,1.46355,0.0
2011-06-05 07:48:00,1.46355,1.46355,1.46355,1.46355,0.0
2011-06-05 07:49:00,1.46355,1.46355,1.46355,1.46355,0.0
2011-06-05 07:50:00,1.46355,1.46355,1.46355,1.46355,0.0
2011-06-05 07:51:00,1.46355,1.46355,1.46355,1.46355,0.0
2011-06-05 07:52:00,1.46355,1.46355,1.46355,1.46355,0.0
2011-06-05 07:53:00,1.46355,1.46355,1.46355,1.46355,0.0
2011-06-05 07:54:00,1.46355,1.46355,1.46355,1.46355,0.0
2011-06-05 07:55:00,1.46355,1.46355,1.46355,1.46355,0.0
2011-06-05 07:56:00,1.46355,1.46355,1.46355,1.46355,0.0
2011-06-05 07:57:00,1.46355,1.46355,1.46355,1.46355,0.0
2011-06-05 07:58:00,1.46355,1.46355,1.46355,1.46355,0.0
2011-06-05 07:59:00,1.46355,1.46355,1.46355,1.46355,0.0
2011-06-05 08:00:00,1.46355,1.46355,1.46355,1.46355,0.0
2011-06-05 08:01:00,1.46355,1.46355,1.46355,1.46355,0.0
2011-06-05 08:02:00,1.46355,1.46355,1.46355,1.46355,0.0
2011-06-05 08:03:00,1.46355,1.46355,1.46355,1.46355,0.0
2011-06-05 08:04:00,1.46355,1.46355,1.46355,1.46355,0.0
2011-06-05 08:05:00,1.46355,1.46355,1.46355,1.46355,0.0
2011-06-05 08:06:00,1.46355,1.46355,1.46355,1.46355,0.0
2011-06-05 08:07:00,1.46355,1.46355,1.46355,1.46355,0.0
2011-06-05 08:08:00,1.46355,1.46355,1.46355,1.46355,0.0
2011-06-05 08:09:00,1.46355,1.46355,1.46355,1.46355,0.0
2011-06-05 08:10:00,1.46355,1.46355,1.46355,1.46355,0.0
2011-06-05 08:11:00,1.46355,1.46355,1.46355,1.46355,0.0
2011-06-05 08:12:00,1.46355,1.46355,1.46355,1.46355,0.0
2011-06-05 08:13:00,1.46355,1.46355,1.46355,1.46355,0.0
2011-06-05 08:14:00,1.46355,1.46355,1.46355,1.46355,0.0
2011-06-05 08:15:00,1.46355,1.46355,1.46355,1.46355,0.0
2011-06-05 08:16:00,1.46355,1.46355,1.46355,1.46355,0.0
2011-06-05 08:17:00,1.46355,1.46355,1.46355,1.46355,0.0
2011-06-05 08:18:00,1.46355,1.46355,1.46355,1.46355,0.0
2011-06-05 08:19:00,1.46355,1.46355,1.46355,1.46355,0.0
2011-06-05 08:20:00,1.46355,1.46355,1.46355,1.46355,0.0
2011-06-05 08:21:00,1.46355,1.46355,1.46355,1.46355,0.0
2011-06-05 08:22:00,1.46355,1.46355,1.46355,1.46355,0.0
2011-06-05 08:23:00,1.46355,1.46355,1.46355,1.46355,0.0
2011-06-05 08:24:00,1.46355,1.46355,1.46355,1.46355,0.0
2011-06-05 08:25:00,1.46355,1.46355,1.46355,1.46355,0.0
2011-06-05 08:26:00,1.46355,1.46355,1.46355,1.46355,0.0
2011-06-05 08:27:00,1.46355,1.46355,1.46355,1.46355,0.0
2011-06-05 08:28:00,1.46355,1.46355,1.46355,1.46355,0.0
2011-06-05 08:29:00,1.46355,1.46355,1.46355,1.46355,0.0
2011-06-05 08:30:00,1.46355,1.46355,1.46355,1.46355,0.0
2011-06-05 08:31:00,1.46355,1.46355,1.46355,1.46355,0.0
2011-06-05 08:32:00,1.46355,1.46355,1.46355,1.46355,0.0
2011-06-05 08:33:00,1.46355,1.46355,1.46355,1.46355,0.0
2011-06-05 08:34:00,1.46355,1.46355,1.46355,1.46355,0.0
2011-06-05 08:35:00,1.46355,1.46355,1.46355,1.46355,0.0
2011-06-05 08:36:00,1.46355,1.46355,1.46355,1.46355,0.0
2011-06-05 08:37:00,1.46355,1.46355,1.46355,1.46355,0.0
2011-06-05 08:38:00,1.46355,1.46355,1.46355,1.46355,0.0
2011-06-05 08:39:00,1.46355,1.46355,1.46355,1.46355,0.0
2011-06-05 08:40:00,1.46355,1.46355,1.46355,1.46355,0.0
2011-06-05 08:41:00,1.46355,1.46355,1.46355,1.46355,0.0
2011-06-05 08:42:00,1.46355,1.46355,1.46355,1.46355,0.0
2011-06-05 08:43:00,1.46355,1.46355,1.46355,1.46355,0.0
2011-06-05 08:44:00,1.46355,1.46355,1.46355,1.46355,0.0
2011-06-05 08:45:00,1.46355,1.46355,1.46355,1.46355,0.0
2011-06-05 08:46:00,1.46355,1.46355,1.46355,1.46355,0.0
2011-06-05 08:47:00,1.46355,1.46355,1.46355,1.46355,0.0
2011-06-05 08:48:00,1.46355,1.46355,1.46355,1.46355,0.0
2011-06-05 08:49:00,1.46355,1.46355,1.46355,1.46355,0.0
2011-06-05 08:50:00,1.46355,1.46355,1.46355,1.46355,0.0
2011-06-05 08:51:00,1.46355,1.46355,1.46355,1.46355,0.0
2011-06-05 08:52:00,1.46355,1.46355,1.46355,1.46355,0.0
2011-06-05 08:53:00,1.46355,1.46355,1.46355,1.46355,0.0
2011-06-05 08:54:00,1.46355,1.46355,1.46355,1.46355,0.0
2011-06-05 08:55:00,1.46355,1.46355,1.46355,1.46355,0.0
2011-06-05 08:56:00,1.46355,1.46355,1.46355,1.46355,0.0
2011-06-05 08:57:00,1.46355,1.46355,1.46355,1.46355,0.0
2011-06-05 08:58:00,1.46355,1.46355,1.46355,1.46355,0.0
2011-06-05 08:59:00,1.46355,1.46355,1.46355,1.46355,0.0
2011-06-05 09:00:00,1.46355,1.46355,1.46355,1.46355,0.0
2011-06-05 09:01:00,1.46355,1.46355,1.46355,1.46355,0.0
2011-06-05 09:02:00,1.46355,1.46355,1.46355,1.46355,0.0
2011-06-05 09:03:00,1.46355,1.46355,1.46355,1.46355,0.0
2011-06-05 09:04:00,1.46355,1.46355,1.46355,1.46355,0.0
2011-06-05 09:05:00,1.46355,1.46355,1.46355,1.46355,0.0
2011-06-05 09:06:00,1.46355,1.46355,1.46355,1.46355,0.0
2011-06-05 09:07:00,1.46355,1.46355,1.46355,1.46355,0.0
2011-06-05 09:08:00,1.46355,1.46355,1.46355,1.46355,0.0
2011-06-05 09:09:00,1.46355,1.46355,1.46355,1.46355,0.0
2011-06-05 09:10:00,1.46355,1.46355,1.46355,1.46355,0.0
2011-06-05 09:11:00,1.46355,1.46355,1.46355,1.46355,0.0
2011-06-05 09:12:00,1.46355,1.46355,1.46355,1.46355,0.0
2011-06-05 09:13:00,1.46355,1.46355,1.46355,1.46355,0.0
2011-06-05 09:14:00,1.46355,1.46355,1.46355,1.46355,0.0
2011-06-05 09:15:00,1.46355,1.46355,1.46355,1.46355,0.0
2011-06-05 09:16:00,1.46355,1.46355,1.46355,1.46355,0.0
2011-06-05 09:17:00,1.46355,1.46355,1.46355,1.46355,0.0
2011-06-05 09:18:00,1.46355,1.46355,1.46355,1.46355,0.0
2011-06-05 09:19:00,1.46355,1.46355,1.46355,1.46355,0.0
2011-06-05 09:20:00,1.46355,1.46355,1.46355,1.46355,0.0
2011-06-05 09:21:00,1.46355,1.46355,1.46355,1.46355,0.0
2011-06-05 09:22:00,1.46355,1.46355,1.46355,1.46355,0.0
2011-06-05 09:23:00,1.46355,1.46355,1.46355,1.46355,0.0
2011-06-05 09:24:00,1.46355,1.46355,1.46355,1.46355,0.0
2011-06-05 09:25:00,1.46355,1.46355,1.46355,1.46355,0.0
2011-06-05 09:26:00,1.46355,1.46355,1.46355,1.46355,0.0
2011-06-05 09:27:00,1.46355,1.46355,1.46355,1.46355,0.0
2011-06-05 09:28:00,1.46355,1.46355,1.46355,1.46355,0.0
2011-06-05 09:29:00,1.46355,1.46355,1.46355,1.46355,0.0
2011-06-05 09:30:00,1.46355,1.46355,1.46355,1.46355,0.0
2011-06-05 09:31:00,1.46355,1.46355,1.46355,1.46355,0.0
2011-06-05 09:32:00,1.46355,1.46355,1.46355,1.46355,0.0
2011-06-05 09:33:00,1.46355,1.46355,1.46355,1.46355,0.0
2011-06-05 09:34:00,1.46355,1.46355,1.46355,1.46355,0.0
2011-06-05 09:35:00,1.46355,1.46355,1.46355,1.46355,0.0
2011-06-05 09:36:00,1.46355,1.46355,1.46355,1.46355,0.0
2011-06-05 09:37:00,1.46355,1.46355,1.46355,1.46355,0.0
2011-06-05 09:38:00,1.46355,1.46355,1.46355,1.46355,0.0
2011-06-05 09:39:00,1.46355,1.46355,1.46355,1.46355,0.0
2011-06-05 09:40:00,1.46355,1.46355,1.46355,1.46355,0.0
2011-06-05 09:41:00,1.46355,1.46355,1.46355,1.46355,0.0
2011-06-05 09:42:00,1.46355,1.46355,1.46355,1.46355,0.0
2011-06-05 09:43:00,1.46355,1.46355,1.46355,1.46355,0.0
2011-06-05 09:44:00,1.46355,1.46355,1.46355,1.46355,0.0
2011-06-05 09:45:00,1.46355,1.46355,1.46355,1.46355,0.0
2011-06-05 09:46:00,1.46355,1.46355,1.46355,1.46355,0.0
2011-06-05 09:47:00,1.46355,1.46355,1.46355,1.46355,0.0
2011-06-05 09:48:00,1.46355,1.46355,1.46355,1.46355,0.0
2011-06-05 09:49:00,1.46355,1.46355,1.46355,1.46355,0.0
2011-06-05 09:50:00,1.46355,1.46355,1.46355,1.46355,0.0
2011-06-05 09:51:00,1.46355,1.46355,1.46355,1.46355,0.0
2011-06-05 09:52:00,1.46355,1.46355,1.46355,1.46355,0.0
2011-06-05 09:53:00,1.46355,1.46355,1.46355,1.46355,0.0
2011-06-05 09:54:00,1.46355,1.46355,1.46355,1.46355,0.0
2011-06-05 09:55:00,1.46355,1.46355,1.46355,1.46355,0.0
2011-06-05 09:56:00,1.46355,1.46355,1.46355,1.46355,0.0
2011-06-05 09:57:00,1.46355,1.46355,1.46355,1.46355,0.0
2011-06-05 09:58:00,1.46355,1.46355,1.46355,1.46355,0.0
2011-06-05 09:59:00,1.46355,1.46355,1.46355,1.46355,0.0
2011-06-05 10:00:00,1.46355,1.46355,1.46355,1.46355,0.0
2011-06-05 10:01:00,1.46355,1.46355,1.46355,1.46355,0.0
2011-06-05 10:02:00,1.46355,1.46355,1.46355,1.46355,0.0
2011-06-05 10:03:00,1.46355,1.46355,1.46355,1.46355,0.0
2011-06-05 10:04:00,1.46355,1.46355,1.46355,1.46355,0.0
2011-06-05 10:05:00,1.46355,1.46355,1.46355,1.46355,0.0
2011-06-05 10:06:00,1.46355,1.46355,1.46355,1.46355,0.0
2011-06-05 10:07:00,1.46355,1.46355,1.46355,1.46355,0.0
2011-06-05 10:08:00,1.46355,1.46355,1.46355,1.46355,0.0
2011-06-05 10:09:00,1.46355,1.46355,1.46355,1.46355,0.0
2011-06-05 10:10:00,1.46355,1.46355,1.46355,1.46355,0.0
2011-06-05 10:11:00,1.46355,1.46355,1.46355,1.46355,0.0
2011-06-05 10:12:00,1.46355,1.46355,1.46355,1.46355,0.0
2011-06-05 10:13:00,1.46355,1.46355,1.46355,1.46355,0.0
2011-06-05 10:14:00,1.46355,1.46355,1.46355,1.46355,0.0
2011-06-05 10:15:00,1.46355,1.46355,1.46355,1.46355,0.0
2011-06-05 10:16:00,1.46355,1.46355,1.46355,1.46355,0.0
2011-06-05 10:17:00,1.46355,1.46355,1.46355,1.46355,0.0
2011-06-05 10:18:00,1.46355,1.46355,1.46355,1.46355,0.0
2011-06-05 10:19:00,1.46355,1.46355,1.46355,1.46355,0.0
2011-06-05 10:20:00,1.46355,1.46355,1.46355,1.46355,0.0
2011-06-05 10:21:00,1.46355,1.46355,1.46355,1.46355,0.0
2011-06-05 10:22:00,1.46355,1.46355,1.46355,1.46355,0.0
2011-06-05 10:23:00,1.46355,1.46355,1.46355,1.46355,0.0
2011-06-05 10:24:00,1.46355,1.46355,1.46355,1.46355,0.0
2011-06-05 10:25:00,1.46355,1.46355,1.46355,1.46355,0.0
2011-06-05 10:26:00,1.46355,1.46355,1.46355,1.46355,0.0
2011-06-05 10:27:00,1.46355,1.46355,1.46355,1.46355,0.0
2011-06-05 10:28:00,1.46355,1.46355,1.46355,1.46355,0.0
2011-06-05 10:29:00,1.46355,1.46355,1.46355,1.46355,0.0
2011-06-05 10:30:00,1.46355,1.46355,1.46355,1.46355,0.0
2011-06-05 10:31:00,1.46355,1.46355,1.46355,1.46355,0.0
2011-06-05 10:32:00,1.46355,1.46355,1.46355,1.46355,0.0
2011-06-05 10:33:00,1.46355,1.46355,1.46355,1.46355,0.0
2011-06-05 10:34:00,1.46355,1.46355,1.46355,1.46355,0.0
2011-06-05 10:35:00,1.46355,1.46355,1.46355,1.46355,0.0
2011-06-05 10:36:00,1.46355,1.46355,1.46355,1.46355,0.0
2011-06-05 10:37:00,1.46355,1.46355,1.46355,1.46355,0.0
2011-06-05 10:38:00,1.46355,1.46355,1.46355,1.46355,0.0
2011-06-05 10:39:00,1.46355,1.46355,1.46355,1.46355,0.0
2011-06-05 10:40:00,1.46355,1.46355,1.46355,1.46355,0.0
2011-06-05 10:41:00,1.46355,1.46355,1.46355,1.46355,0.0
2011-06-05 10:42:00,1.46355,1.46355,1.46355,1.46355,0.0
2011-06-05 10:43:00,1.46355,1.46355,1.46355,1.46355,0.0
2011-06-05 10:44:00,1.46355,1.46355,1.46355,1.46355,0.0
2011-06-05 10:45:00,1.46355,1.46355,1.46355,1.46355,0.0
2011-06-05 10:46:00,1.46355,1.46355,1.46355,1.46355,0.0
2011-06-05 10:47:00,1.46355,1.46355,1.46355,1.46355,0.0
2011-06-05 10:48:00,1.46355,1.46355,1.46355,1.46355,0.0
2011-06-05 10:49:00,1.46355,1.46355,1.46355,1.46355,0.0
2011-06-05 10:50:00,1.46355,1.46355,1.46355,1.46355,0.0
2011-06-05 10:51:00,1.46355,1.46355,1.46355,1.46355,0.0
2011-06-05 10:52:00,1.46355,1.46355,1.46355,1.46355,0.0
2011-06-05 10:53:00,1.46355,1.46355,1.46355,1.46355,0.0
2011-06-05 10:54:00,1.46355,1.46355,1.46355,1.46355,0.0
2011-06-05 10:55:00,1.46355,1.46355,1.46355,1.46355,0.0
2011-06-05 10:56:00,1.46355,1.46355,1.46355,1.46355,0.0
2011-06-05 10:57:00,1.46355,1.46355,1.46355,1.46355,0.0
2011-06-05 10:58:00,1.46355,1.46355,1.46355,1.46355,0.0
2011-06-05 10:59:00,1.46355,1.46355,1.46355,1.46355,0.0
2011-06-05 11:00:00,1.46355,1.46355,1.46355,1.46355,0.0
2011-06-05 11:01:00,1.46355,1.46355,1.46355,1.46355,0.0
2011-06-05 11:02:00,1.46355,1.46355,1.46355,1.46355,0.0
2011-06-05 11:03:00,1.46355,1.46355,1.46355,1.46355,0.0
2011-06-05 11:04:00,1.46355,1.46355,1.46355,1.46355,0.0
2011-06-05 11:05:00,1.46355,1.46355,1.46355,1.46355,0.0
2011-06-05 11:06:00,1.46355,1.46355,1.46355,1.46355,0.0
2011-06-05 11:07:00,1.46355,1.46355,1.46355,1.46355,0.0
2011-06-05 11:08:00,1.46355,1.46355,1.46355,1.46355,0.0
2011-06-05 11:09:00,1.46355,1.46355,1.46355,1.46355,0.0
2011-06-05 11:10:00,1.46355,1.46355,1.46355,1.46355,0.0
2011-06-05 11:11:00,1.46355,1.46355,1.46355,1.46355,0.0
2011-06-05 11:12:00,1.46355,1.46355,1.46355,1.46355,0.0
2011-06-05 11:13:00,1.46355,1.46355,1.46355,1.46355,0.0
2011-06-05 11:14:00,1.46355,1.46355,1.46355,1.46355,0.0
2011-06-05 11:15:00,1.46355,1.46355,1.46355,1.46355,0.0
2011-06-05 11:16:00,1.46355,1.46355,1.46355,1.46355,0.0
2011-06-05 11:17:00,1.46355,1.46355,1.46355,1.46355,0.0
2011-06-05 11:18:00,1.46355,1.46355,1.46355,1.46355,0.0
2011-06-05 11:19:00,1.46355,1.46355,1.46355,1.46355,0.0
2011-06-05 11:20:00,1.46355,1.46355,1.46355,1.46355,0.0
2011-06-05 11:21:00,1.46355,1.46355,1.46355,1.46355,0.0
2011-06-05 11:22:00,1.46355,1.46355,1.46355,1.46355,0.0
2011-06-05 11:23:00,1.46355,1.46355,1.46355,1.46355,0.0
2011-06-05 11:24:00,1.46355,1.46355,1.46355,1.46355,0.0
2011-06-05 11:25:00,1.46355,1.46355,1.46355,1.46355,0.0
2011-06-05 11:26:00,1.46355,1.46355,1.46355,1.46355,0.0
2011-06-05 11:27:00,1.46355,1.46355,1.46355,1.46355,0.0
2011-06-05 11:28:00,1.46355,1.46355,1.46355,1.46355,0.0
2011-06-05 11:29:00,1.46355,1.46355,1.46355,1.46355,0.0
2011-06-05 11:30:00,1.46355,1.46355,1.46355,1.46355,0.0
2011-06-05 11:31:00,1.46355,1.46355,1.46355,1.46355,0.0
2011-06-05 11:32:00,1.46355,1.46355,1.46355,1.46355,0.0
2011-06-05 11:33:00,1.46355,1.46355,1.46355,1.46355,0.0
2011-06-05 11:34:00,1.46355,1.46355,1.46355,1.46355,0.0
2011-06-05 11:35:00,1.46355,1.46355,1.46355,1.46355,0.0
2011-06-05 11:36:00,1.46355,1.46355,1.46355,1.46355,0.0
2011-06-05 11:37:00,1.46355,1.46355,1.46355,1.46355,0.0
2011-06-05 11:38:00,1.46355,1.46355,1.46355,1.46355,0.0
2011-06-05 11:39:00,1.46355,1.46355,1.46355,1.46355,0.0
2011-06-05 11:40:00,1.46355,1.46355,1.46355,1.46355,0.0
2011-06-05 11:41:00,1.46355,1.46355,1.46355,1.46355,0.0
2011-06-05 11:42:00,1.46355,1.46355,1.46355,1.46355,0.0
2011-06-05 11:43:00,1.46355,1.46355,1.46355,1.46355,0.0
2011-06-05 11:44:00,1.46355,1.46355,1.46355,1.46355,0.0
2011-06-05 11:45:00,1.46355,1.46355,1.46355,1.46355,0.0
2011-06-05 11:46:00,1.46355,1.46355,1.46355,1.46355,0.0
2011-06-05 11:47:00,1.46355,1.46355,1.46355,1.46355,0.0
2011-06-05 11:48:00,1.46355,1.46355,1.46355,1.46355,0.0
2011-06-05 11:49:00,1.46355,1.46355,1.46355,1.46355,0.0
2011-06-05 11:50:00,1.46355,1.46355,1.46355,1.46355,0.0
2011-06-05 11:51:00,1.46355,1.46355,1.46355,1.46355,0.0
2011-06-05 11:52:00,1.46355,1.46355,1.46355,1.46355,0.0
2011-06-05 11:53:00,1.46355,1.46355,1.46355,1.46355,0.0
2011-06-05 11:54:00,1.46355,1.46355,1.46355,1.46355,0.0
2011-06-05 11:55:00,1.46355,1.46355,1.46355,1.46355,0.0
2011-06-05 11:56:00,1.46355,1.46355,1.46355,1.46355,0.0
2011-06-05 11:57:00,1.46355,1.46355,1.46355,1.46355,0.0
2011-06-05 11:58:00,1.46355,1.46355,1.46355,1.46355,0.0
2011-06-05 11:59:00,1.46355,1.46355,1.46355,1.46355,0.0
2011-06-05 12:00:00,1.46355,1.46355,1.46355,1.46355,0.0
2011-06-05 12:01:00,1.46355,1.46355,1.46355,1.46355,0.0
2011-06-05 12:02:00,1.46355,1.46355,1.46355,1.46355,0.0
2011-06-05 12:03:00,1.46355,1.46355,1.46355,1.46355,0.0
2011-06-05 12:04:00,1.46355,1.46355,1.46355,1.46355,0.0
2011-06-05 12:05:00,1.46355,1.46355,1.46355,1.46355,0.0
2011-06-05 12:06:00,1.46355,1.46355,1.46355,1.46355,0.0
2011-06-05 12:07:00,1.46355,1.46355,1.46355,1.46355,0.0
2011-06-05 12:08:00,1.46355,1.46355,1.46355,1.46355,0.0
2011-06-05 12:09:00,1.46355,1.46355,1.46355,1.46355,0.0
2011-06-05 12:10:00,1.46355,1.46355,1.46355,1.46355,0.0
2011-06-05 12:11:00,1.46355,1.46355,1.46355,1.46355,0.0
2011-06-05 12:12:00,1.46355,1.46355,1.46355,1.46355,0.0
2011-06-05 12:13:00,1.46355,1.46355,1.46355,1.46355,0.0
2011-06-05 12:14:00,1.46355,1.46355,1.46355,1.46355,0.0
2011-06-05 12:15:00,1.46355,1.46355,1.46355,1.46355,0.0
2011-06-05 12:16:00,1.46355,1.46355,1.46355,1.46355,0.0
2011-06-05 12:17:00,1.46355,1.46355,1.46355,1.46355,0.0
2011-06-05 12:18:00,1.46355,1.46355,1.46355,1.46355,0.0
2011-06-05 12:19:00,1.46355,1.46355,1.46355,1.46355,0.0
2011-06-05 12:20:00,1.46355,1.46355,1.46355,1.46355,0.0
2011-06-05 12:21:00,1.46355,1.46355,1.46355,1.46355,0.0
2011-06-05 12:22:00,1.46355,1.46355,1.46355,1.46355,0.0
2011-06-05 12:23:00,1.46355,1.46355,1.46355,1.46355,0.0
2011-06-05 12:24:00,1.46355,1.46355,1.46355,1.46355,0.0
2011-06-05 12:25:00,1.46355,1.46355,1.46355,1.46355,0.0
2011-06-05 12:26:00,1.46355,1.46355,1.46355,1.46355,0.0
2011-06-05 12:27:00,1.46355,1.46355,1.46355,1.46355,0.0
2011-06-05 12:28:00,1.46355,1.46355,1.46355,1.46355,0.0
2011-06-05 12:29:00,1.46355,1.46355,1.46355,1.46355,0.0
2011-06-05 12:30:00,1.46355,1.46355,1.46355,1.46355,0.0
2011-06-05 12:31:00,1.46355,1.46355,1.46355,1.46355,0.0
2011-06-05 12:32:00,1.46355,1.46355,1.46355,1.46355,0.0
2011-06-05 12:33:00,1.46355,1.46355,1.46355,1.46355,0.0
2011-06-05 12:34:00,1.46355,1.46355,1.46355,1.46355,0.0
2011-06-05 12:35:00,1.46355,1.46355,1.46355,1.46355,0.0
2011-06-05 12:36:00,1.46355,1.46355,1.46355,1.46355,0.0
2011-06-05 12:37:00,1.46355,1.46355,1.46355,1.46355,0.0
2011-06-05 12:38:00,1.46355,1.46355,1.46355,1.46355,0.0
2011-06-05 12:39:00,1.46355,1.46355,1.46355,1.46355,0.0
2011-06-05 12:40:00,1.46355,1.46355,1.46355,1.46355,0.0
2011-06-05 12:41:00,1.46355,1.46355,1.46355,1.46355,0.0
2011-06-05 12:42:00,1.46355,1.46355,1.46355,1.46355,0.0
2011-06-05 12:43:00,1.46355,1.46355,1.46355,1.46355,0.0
2011-06-05 12:44:00,1.46355,1.46355,1.46355,1.46355,0.0
2011-06-05 12:45:00,1.46355,1.46355,1.46355,1.46355,0.0
2011-06-05 12:46:00,1.46355,1.46355,1.46355,1.46355,0.0
2011-06-05 12:47:00,1.46355,1.46355,1.46355,1.46355,0.0
2011-06-05 12:48:00,1.46355,1.46355,1.46355,1.46355,0.0
2011-06-05 12:49:00,1.46355,1.46355,1.46355,1.46355,0.0
2011-06-05 12:50:00,1.46355,1.46355,1.46355,1.46355,0.0
2011-06-05 12:51:00,1.46355,1.46355,1.46355,1.46355,0.0
2011-06-05 12:52:00,1.46355,1.46355,1.46355,1.46355,0.0
2011-06-05 12:53:00,1.46355,1.46355,1.46355,1.46355,0.0
2011-06-05 12:54:00,1.46355,1.46355,1.46355,1.46355,0.0
2011-06-05 12:55:00,1.46355,1.46355,1.46355,1.46355,0.0
2011-06-05 12:56:00,1.46355,1.46355,1.46355,1.46355,0.0
2011-06-05 12:57:00,1.46355,1.46355,1.46355,1.46355,0.0
2011-06-05 12:58:00,1.46355,1.46355,1.46355,1.46355,0.0
2011-06-05 12:59:00,1.46355,1.46355,1.46355,1.46355,0.0
2011-06-05 13:00:00,1.46355,1.46355,1.46355,1.46355,0.0
2011-06-05 13:01:00,1.46355,1.46355,1.46355,1.46355,0.0
2011-06-05 13:02:00,1.46355,1.46355,1.46355,1.46355,0.0
2011-06-05 13:03:00,1.46355,1.46355,1.46355,1.46355,0.0
2011-06-05 13:04:00,1.46355,1.46355,1.46355,1.46355,0.0
2011-06-05 13:05:00,1.46355,1.46355,1.46355,1.46355,0.0
2011-06-05 13:06:00,1.46355,1.46355,1.46355,1.46355,0.0
2011-06-05 13:07:00,1.46355,1.46355,1.46355,1.46355,0.0
2011-06-05 13:08:00,1.46355,1.46355,1.46355,1.46355,0.0
2011-06-05 13:09:00,1.46355,1.46355,1.46355,1.46355,0.0
2011-06-05 13:10:00,1.46355,1.46355,1.46355,1.46355,0.0
2011-06-05 13:11:00,1.46355,1.46355,1.46355,1.46355,0.0
2011-06-05 13:12:00,1.46355,1.46355,1.46355,1.46355,0.0
2011-06-05 13:13:00,1.46355,1.46355,1.46355,1.46355,0.0
2011-06-05 13:14:00,1.46355,1.46355,1.46355,1.46355,0.0
2011-06-05 13:15:00,1.46355,1.46355,1.46355,1.46355,0.0
2011-06-05 13:16:00,1.46355,1.46355,1.46355,1.46355,0.0
2011-06-05 13:17:00,1.46355,1.46355,1.46355,1.46355,0.0
2011-06-05 13:18:00,1.46355,1.46355,1.46355,1.46355,0.0
2011-06-05 13:19:00,1.46355,1.46355,1.46355,1.46355,0.0
2011-06-05 13:20:00,1.46355,1.46355,1.46355,1.46355,0.0
2011-06-05 13:21:00,1.46355,1.46355,1.46355,1.46355,0.0
2011-06-05 13:22:00,1.46355,1.46355,1.46355,1.46355,0.0
2011-06-05 13:23:00,1.46355,1.46355,1.46355,1.46355,0.0
2011-06-05 13:24:00,1.46355,1.46355,1.46355,1.46355,0.0
2011-06-05 13:25:00,1.46355,1.46355,1.46355,1.46355,0.0
2011-06-05 13:26:00,1.46355,1.46355,1.46355,1.46355,0.0
2011-06-05 13:27:00,1.46355,1.46355,1.46355,1.46355,0.0
2011-06-05 13:28:00,1.46355,1.46355,1.46355,1.46355,0.0
2011-06-05 13:29:00,1.46355,1.46355,1.46355,1.46355,0.0
2011-06-05 13:30:00,1.46355,1.46355,1.46355,1.46355,0.0
2011-06-05 13:31:00,1.46355,1.46355,1.46355,1.46355,0.0
2011-06-05 13:32:00,1.46355,1.46355,1.46355,1.46355,0.0
2011-06-05 13:33:00,1.46355,1.46355,1.46355,1.46355,0.0
2011-06-05 13:34:00,1.46355,1.46355,1.46355,1.46355,0.0
2011-06-05 13:35:00,1.46355,1.46355,1.46355,1.46355,0.0
2011-06-05 13:36:00,1.46355,1.46355,1.46355,1.46355,0.0
2011-06-05 13:37:00,1.46355,1.46355,1.46355,1.46355,0.0
2011-06-05 13:38:00,1.46355,1.46355,1.46355,1.46355,0.0
2011-06-05 13:39:00,1.46355,1.46355,1.46355,1.46355,0.0
2011-06-05 13:40:00,1.46355,1.46355,1.46355,1.46355,0.0
2011-06-05 13:41:00,1.46355,1.46355,1.46355,1.46355,0.0
2011-06-05 13:42:00,1.46355,1.46355,1.46355,1.46355,0.0
2011-06-05 13:43:00,1.46355,1.46355,1.46355,1.46355,0.0
2011-06-05 13:44:00,1.46355,1.46355,1.46355,1.46355,0.0
2011-06-05 13:45:00,1.46355,1.46355,1.46355,1.46355,0.0
2011-06-05 13:46:00,1.46355,1.46355,1.46355,1.46355,0.0
2011-06-05 13:47:00,1.46355,1.46355,1.46355,1.46355,0.0
2011-06-05 13:48:00,1.46355,1.46355,1.46355,1.46355,0.0
2011-06-05 13:49:00,1.46355,1.46355,1.46355,1.46355,0.0
2011-06-05 13:50:00,1.46355,1.46355,1.46355,1.46355,0.0
2011-06-05 13:51:00,1.46355,1.46355,1.46355,1.46355,0.0
2011-06-05 13:52:00,1.46355,1.46355,1.46355,1.46355,0.0
2011-06-05 13:53:00,1.46355,1.46355,1.46355,1.46355,0.0
2011-06-05 13:54:00,1.46355,1.46355,1.46355,1.46355,0.0
2011-06-05 13:55:00,1.46355,1.46355,1.46355,1.46355,0.0
2011-06-05 13:56:00,1.46355,1.46355,1.46355,1.46355,0.0
2011-06-05 13:57:00,1.46355,1.46355,1.46355,1.46355,0.0
2011-06-05 13:58:00,1.46355,1.46355,1.46355,1.46355,0.0
2011-06-05 13:59:00,1.46355,1.46355,1.46355,1.46355,0.0
2011-06-05 14:00:00,1.46355,1.46355,1.46355,1.46355,0.0
2011-06-05 14:01:00,1.46355,1.46355,1.46355,1.46355,0.0
2011-06-05 14:02:00,1.46355,1.46355,1.46355,1.46355,0.0
2011-06-05 14:03:00,1.46355,1.46355,1.46355,1.46355,0.0
2011-06-05 14:04:00,1.46355,1.46355,1.46355,1.46355,0.0
2011-06-05 14:05:00,1.46355,1.46355,1.46355,1.46355,0.0
2011-06-05 14:06:00,1.46355,1.46355,1.46355,1.46355,0.0
2011-06-05 14:07:00,1.46355,1.46355,1.46355,1.46355,0.0
2011-06-05 14:08:00,1.46355,1.46355,1.46355,1.46355,0.0
2011-06-05 14:09:00,1.46355,1.46355,1.46355,1.46355,0.0
2011-06-05 14:10:00,1.46355,1.46355,1.46355,1.46355,0.0
2011-06-05 14:11:00,1.46355,1.46355,1.46355,1.46355,0.0
2011-06-05 14:12:00,1.46355,1.46355,1.46355,1.46355,0.0
2011-06-05 14:13:00,1.46355,1.46355,1.46355,1.46355,0.0
2011-06-05 14:14:00,1.46355,1.46355,1.46355,1.46355,0.0
2011-06-05 14:15:00,1.46355,1.46355,1.46355,1.46355,0.0
2011-06-05 14:16:00,1.46355,1.46355,1.46355,1.46355,0.0
2011-06-05 14:17:00,1.46355,1.46355,1.46355,1.46355,0.0
2011-06-05 14:18:00,1.46355,1.46355,1.46355,1.46355,0.0
2011-06-05 14:19:00,1.46355,1.46355,1.46355,1.46355,0.0
2011-06-05 14:20:00,1.46355,1.46355,1.46355,1.46355,0.0
2011-06-05 14:21:00,1.46355,1.46355,1.46355,1.46355,0.0
2011-06-05 14:22:00,1.46355,1.46355,1.46355,1.46355,0.0
2011-06-05 14:23:00,1.46355,1.46355,1.46355,1.46355,0.0
2011-06-05 14:24:00,1.46355,1.46355,1.46355,1.46355,0.0
2011-06-05 14:25:00,1.46355,1.46355,1.46355,1.46355,0.0
2011-06-05 14:26:00,1.46355,1.46355,1.46355,1.46355,0.0
2011-06-05 14:27:00,1.46355,1.46355,1.46355,1.46355,0.0
2011-06-05 14:28:00,1.46355,1.46355,1.46355,1.46355,0.0
2011-06-05 14:29:00,1.46355,1.46355,1.46355,1.46355,0.0
2011-06-05 14:30:00,1.46355,1.46355,1.46355,1.46355,0.0
2011-06-05 14:31:00,1.46355,1.46355,1.46355,1.46355,0.0
2011-06-05 14:32:00,1.46355,1.46355,1.46355,1.46355,0.0
2011-06-05 14:33:00,1.46355,1.46355,1.46355,1.46355,0.0
2011-06-05 14:34:00,1.46355,1.46355,1.46355,1.46355,0.0
2011-06-05 14:35:00,1.46355,1.46355,1.46355,1.46355,0.0
2011-06-05 14:36:00,1.46355,1.46355,1.46355,1.46355,0.0
2011-06-05 14:37:00,1.46355,1.46355,1.46355,1.46355,0.0
2011-06-05 14:38:00,1.46355,1.46355,1.46355,1.46355,0.0
2011-06-05 14:39:00,1.46355,1.46355,1.46355,1.46355,0.0
2011-06-05 14:40:00,1.46355,1.46355,1.46355,1.46355,0.0
2011-06-05 14:41:00,1.46355,1.46355,1.46355,1.46355,0.0
2011-06-05 14:42:00,1.46355,1.46355,1.46355,1.46355,0.0
2011-06-05 14:43:00,1.46355,1.46355,1.46355,1.46355,0.0
2011-06-05 14:44:00,1.46355,1.46355,1.46355,1.46355,0.0
2011-06-05 14:45:00,1.46355,1.46355,1.46355,1.46355,0.0
2011-06-05 14:46:00,1.46355,1.46355,1.46355,1.46355,0.0
2011-06-05 14:47:00,1.46355,1.46355,1.46355,1.46355,0.0
2011-06-05 14:48:00,1.46355,1.46355,1.46355,1.46355,0.0
2011-06-05 14:49:00,1.46355,1.46355,1.46355,1.46355,0.0
2011-06-05 14:50:00,1.46355,1.46355,1.46355,1.46355,0.0
2011-06-05 14:51:00,1.46355,1.46355,1.46355,1.46355,0.0
2011-06-05 14:52:00,1.46355,1.46355,1.46355,1.46355,0.0
2011-06-05 14:53:00,1.46355,1.46355,1.46355,1.46355,0.0
2011-06-05 14:54:00,1.46355,1.46355,1.46355,1.46355,0.0
2011-06-05 14:55:00,1.46355,1.46355,1.46355,1.46355,0.0
2011-06-05 14:56:00,1.46355,1.46355,1.46355,1.46355,0.0
2011-06-05 14:57:00,1.46355,1.46355,1.46355,1.46355,0.0
2011-06-05 14:58:00,1.46355,1.46355,1.46355,1.46355,0.0
2011-06-05 14:59:00,1.46355,1.46355,1.46355,1.46355,0.0
2011-06-05 15:00:00,1.46355,1.46355,1.46355,1.46355,0.0
2011-06-05 15:01:00,1.46355,1.46355,1.46355,1.46355,0.0
2011-06-05 15:02:00,1.46355,1.46355,1.46355,1.46355,0.0
2011-06-05 15:03:00,1.46355,1.46355,1.46355,1.46355,0.0
2011-06-05 15:04:00,1.46355,1.46355,1.46355,1.46355,0.0
2011-06-05 15:05:00,1.46355,1.46355,1.46355,1.46355,0.0
2011-06-05 15:06:00,1.46355,1.46355,1.46355,1.46355,0.0
2011-06-05 15:07:00,1.46355,1.46355,1.46355,1.46355,0.0
2011-06-05 15:08:00,1.46355,1.46355,1.46355,1.46355,0.0
2011-06-05 15:09:00,1.46355,1.46355,1.46355,1.46355,0.0
2011-06-05 15:10:00,1.46355,1.46355,1.46355,1.46355,0.0
2011-06-05 15:11:00,1.46355,1.46355,1.46355,1.46355,0.0
2011-06-05 15:12:00,1.46355,1.46355,1.46355,1.46355,0.0
2011-06-05 15:13:00,1.46355,1.46355,1.46355,1.46355,0.0
2011-06-05 15:14:00,1.46355,1.46355,1.46355,1.46355,0.0
2011-06-05 15:15:00,1.46355,1.46355,1.46355,1.46355,0.0
2011-06-05 15:16:00,1.46355,1.46355,1.46355,1.46355,0.0
2011-06-05 15:17:00,1.46355,1.46355,1.46355,1.46355,0.0
2011-06-05 15:18:00,1.46355,1.46355,1.46355,1.46355,0.0
2011-06-05 15:19:00,1.46355,1.46355,1.46355,1.46355,0.0
2011-06-05 15:20:00,1.46355,1.46355,1.46355,1.46355,0.0
2011-06-05 15:21:00,1.46355,1.46355,1.46355,1.46355,0.0
2011-06-05 15:22:00,1.46355,1.46355,1.46355,1.46355,0.0
2011-06-05 15:23:00,1.46355,1.46355,1.46355,1.46355,0.0
2011-06-05 15:24:00,1.46355,1.46355,1.46355,1.46355,0.0
2011-06-05 15:25:00,1.46355,1.46355,1.46355,1.46355,0.0
2011-06-05 15:26:00,1.46355,1.46355,1.46355,1.46355,0.0
2011-06-05 15:27:00,1.46355,1.46355,1.46355,1.46355,0.0
2011-06-05 15:28:00,1.46355,1.46355,1.46355,1.46355,0.0
2011-06-05 15:29:00,1.46355,1.46355,1.46355,1.46355,0.0
2011-06-05 15:30:00,1.46355,1.46355,1.46355,1.46355,0.0
2011-06-05 15:31:00,1.46355,1.46355,1.46355,1.46355,0.0
2011-06-05 15:32:00,1.46355,1.46355,1.46355,1.46355,0.0
2011-06-05 15:33:00,1.46355,1.46355,1.46355,1.46355,0.0
2011-06-05 15:34:00,1.46355,1.46355,1.46355,1.46355,0.0
2011-06-05 15:35:00,1.46355,1.46355,1.46355,1.46355,0.0
2011-06-05 15:36:00,1.46355,1.46355,1.46355,1.46355,0.0
2011-06-05 15:37:00,1.46355,1.46355,1.46355,1.46355,0.0
2011-06-05 15:38:00,1.46355,1.46355,1.46355,1.46355,0.0
2011-06-05 15:39:00,1.46355,1.46355,1.46355,1.46355,0.0
2011-06-05 15:40:00,1.46355,1.46355,1.46355,1.46355,0.0
2011-06-05 15:41:00,1.46355,1.46355,1.46355,1.46355,0.0
2011-06-05 15:42:00,1.46355,1.46355,1.46355,1.46355,0.0
2011-06-05 15:43:00,1.46355,1.46355,1.46355,1.46355,0.0
2011-06-05 15:44:00,1.46355,1.46355,1.46355,1.46355,0.0
2011-06-05 15:45:00,1.46355,1.46355,1.46355,1.46355,0.0
2011-06-05 15:46:00,1.46355,1.46355,1.46355,1.46355,0.0
2011-06-05 15:47:00,1.46355,1.46355,1.46355,1.46355,0.0
2011-06-05 15:48:00,1.46355,1.46355,1.46355,1.46355,0.0
2011-06-05 15:49:00,1.46355,1.46355,1.46355,1.46355,0.0
2011-06-05 15:50:00,1.46355,1.46355,1.46355,1.46355,0.0
2011-06-05 15:51:00,1.46355,1.46355,1.46355,1.46355,0.0
2011-06-05 15:52:00,1.46355,1.46355,1.46355,1.46355,0.0
2011-06-05 15:53:00,1.46355,1.46355,1.46355,1.46355,0.0
2011-06-05 15:54:00,1.46355,1.46355,1.46355,1.46355,0.0
2011-06-05 15:55:00,1.46355,1.46355,1.46355,1.46355,0.0
2011-06-05 15:56:00,1.46355,1.46355,1.46355,1.46355,0.0
2011-06-05 15:57:00,1.46355,1.46355,1.46355,1.46355,0.0
2011-06-05 15:58:00,1.46355,1.46355,1.46355,1.46355,0.0
2011-06-05 15:59:00,1.46355,1.46355,1.46355,1.46355,0.0
2011-06-05 16:00:00,1.46355,1.46355,1.46355,1.46355,0.0
2011-06-05 16:01:00,1.46355,1.46355,1.46355,1.46355,0.0
2011-06-05 16:02:00,1.46355,1.46355,1.46355,1.46355,0.0
2011-06-05 16:03:00,1.46355,1.46355,1.46355,1.46355,0.0
2011-06-05 16:04:00,1.46355,1.46355,1.46355,1.46355,0.0
2011-06-05 16:05:00,1.46355,1.46355,1.46355,1.46355,0.0
2011-06-05 16:06:00,1.46355,1.46355,1.46355,1.46355,0.0
2011-06-05 16:07:00,1.46355,1.46355,1.46355,1.46355,0.0
2011-06-05 16:08:00,1.46355,1.46355,1.46355,1.46355,0.0
2011-06-05 16:09:00,1.46355,1.46355,1.46355,1.46355,0.0
2011-06-05 16:10:00,1.46355,1.46355,1.46355,1.46355,0.0
2011-06-05 16:11:00,1.46355,1.46355,1.46355,1.46355,0.0
2011-06-05 16:12:00,1.46355,1.46355,1.46355,1.46355,0.0
2011-06-05 16:13:00,1.46355,1.46355,1.46355,1.46355,0.0
2011-06-05 16:14:00,1.46355,1.46355,1.46355,1.46355,0.0
2011-06-05 16:15:00,1.46355,1.46355,1.46355,1.46355,0.0
2011-06-05 16:16:00,1.46355,1.46355,1.46355,1.46355,0.0
2011-06-05 16:17:00,1.46355,1.46355,1.46355,1.46355,0.0
2011-06-05 16:18:00,1.46355,1.46355,1.46355,1.46355,0.0
2011-06-05 16:19:00,1.46355,1.46355,1.46355,1.46355,0.0
2011-06-05 16:20:00,1.46355,1.46355,1.46355,1.46355,0.0
2011-06-05 16:21:00,1.46355,1.46355,1.46355,1.46355,0.0
2011-06-05 16:22:00,1.46355,1.46355,1.46355,1.46355,0.0
2011-06-05 16:23:00,1.46355,1.46355,1.46355,1.46355,0.0
2011-06-05 16:24:00,1.46355,1.46355,1.46355,1.46355,0.0
2011-06-05 16:25:00,1.46355,1.46355,1.46355,1.46355,0.0
2011-06-05 16:26:00,1.46355,1.46355,1.46355,1.46355,0.0
2011-06-05 16:27:00,1.46355,1.46355,1.46355,1.46355,0.0
2011-06-05 16:28:00,1.46355,1.46355,1.46355,1.46355,0.0
2011-06-05 16:29:00,1.46355,1.46355,1.46355,1.46355,0.0
2011-06-05 16:30:00,1.46355,1.46355,1.46355,1.46355,0.0
2011-06-05 16:31:00,1.46355,1.46355,1.46355,1.46355,0.0
2011-06-05 16:32:00,1.46355,1.46355,1.46355,1.46355,0.0
2011-06-05 16:33:00,1.46355,1.46355,1.46355,1.46355,0.0
2011-06-05 16:34:00,1.46355,1.46355,1.46355,1.46355,0.0
2011-06-05 16:35:00,1.46355,1.46355,1.46355,1.46355,0.0
2011-06-05 16:36:00,1.46355,1.46355,1.46355,1.46355,0.0
2011-06-05 16:37:00,1.46355,1.46355,1.46355,1.46355,0.0
2011-06-05 16:38:00,1.46355,1.46355,1.46355,1.46355,0.0
2011-06-05 16:39:00,1.46355,1.46355,1.46355,1.46355,0.0
2011-06-05 16:40:00,1.46355,1.46355,1.46355,1.46355,0.0
2011-06-05 16:41:00,1.46355,1.46355,1.46355,1.46355,0.0
2011-06-05 16:42:00,1.46355,1.46355,1.46355,1.46355,0.0
2011-06-05 16:43:00,1.46355,1.46355,1.46355,1.46355,0.0
2011-06-05 16:44:00,1.46355,1.46355,1.46355,1.46355,0.0
2011-06-05 16:45:00,1.46355,1.46355,1.46355,1.46355,0.0
2011-06-05 16:46:00,1.46355,1.46355,1.46355,1.46355,0.0
2011-06-05 16:47:00,1.46355,1.46355,1.46355,1.46355,0.0
2011-06-05 16:48:00,1.46355,1.46355,1.46355,1.46355,0.0
2011-06-05 16:49:00,1.46355,1.46355,1.46355,1.46355,0.0
2011-06-05 16:50:00,1.46355,1.46355,1.46355,1.46355,0.0
2011-06-05 16:51:00,1.46355,1.46355,1.46355,1.46355,0.0
2011-06-05 16:52:00,1.46355,1.46355,1.46355,1.46355,0.0
2011-06-05 16:53:00,1.46355,1.46355,1.46355,1.46355,0.0
2011-06-05 16:54:00,1.46355,1.46355,1.46355,1.46355,0.0
2011-06-05 16:55:00,1.46355,1.46355,1.46355,1.46355,0.0
2011-06-05 16:56:00,1.46355,1.46355,1.46355,1.46355,0.0
2011-06-05 16:57:00,1.46355,1.46355,1.46355,1.46355,0.0
2011-06-05 16:58:00,1.46355,1.46355,1.46355,1.46355,0.0
2011-06-05 16:59:00,1.46355,1.46355,1.46355,1.46355,0.0
2011-06-05 17:00:00,1.46355,1.46355,1.46355,1.46355,0.0
2011-06-05 17:01:00,1.46355,1.46355,1.46355,1.46355,0.0
2011-06-05 17:02:00,1.46355,1.46355,1.46355,1.46355,0.0
2011-06-05 17:03:00,1.46355,1.46355,1.46355,1.46355,0.0
2011-06-05 17:04:00,1.46355,1.46355,1.46355,1.46355,0.0
2011-06-05 17:05:00,1.46355,1.46355,1.46355,1.46355,0.0
2011-06-05 17:06:00,1.46355,1.46355,1.46355,1.46355,0.0
2011-06-05 17:07:00,1.46355,1.46355,1.46355,1.46355,0.0
2011-06-05 17:08:00,1.46355,1.46355,1.46355,1.46355,0.0
2011-06-05 17:09:00,1.46355,1.46355,1.46355,1.46355,0.0
2011-06-05 17:10:00,1.46355,1.46355,1.46355,1.46355,0.0
2011-06-05 17:11:00,1.46355,1.46355,1.46355,1.46355,0.0
2011-06-05 17:12:00,1.46355,1.46355,1.46355,1.46355,0.0
2011-06-05 17:13:00,1.46355,1.46355,1.46355,1.46355,0.0
2011-06-05 17:14:00,1.46355,1.46355,1.46355,1.46355,0.0
2011-06-05 17:15:00,1.46355,1.46355,1.46355,1.46355,0.0
2011-06-05 17:16:00,1.46355,1.46355,1.46355,1.46355,0.0
2011-06-05 17:17:00,1.46355,1.46355,1.46355,1.46355,0.0
2011-06-05 17:18:00,1.46355,1.46355,1.46355,1.46355,0.0
2011-06-05 17:19:00,1.46355,1.46355,1.46355,1.46355,0.0
2011-06-05 17:20:00,1.46355,1.46355,1.46355,1.46355,0.0
2011-06-05 17:21:00,1.46355,1.46355,1.46355,1.46355,0.0
2011-06-05 17:22:00,1.46355,1.46355,1.46355,1.46355,0.0
2011-06-05 17:23:00,1.46355,1.46355,1.46355,1.46355,0.0
2011-06-05 17:24:00,1.46355,1.46355,1.46355,1.46355,0.0
2011-06-05 17:25:00,1.46355,1.46355,1.46355,1.46355,0.0
2011-06-05 17:26:00,1.46355,1.46355,1.46355,1.46355,0.0
2011-06-05 17:27:00,1.46355,1.46355,1.46355,1.46355,0.0
2011-06-05 17:28:00,1.46355,1.46355,1.46355,1.46355,0.0
2011-06-05 17:29:00,1.46355,1.46355,1.46355,1.46355,0.0
2011-06-05 17:30:00,1.46355,1.46355,1.46355,1.46355,0.0
2011-06-05 17:31:00,1.46355,1.46355,1.46355,1.46355,0.0
2011-06-05 17:32:00,1.46355,1.46355,1.46355,1.46355,0.0
2011-06-05 17:33:00,1.46355,1.46355,1.46355,1.46355,0.0
2011-06-05 17:34:00,1.46355,1.46355,1.46355,1.46355,0.0
2011-06-05 17:35:00,1.46355,1.46355,1.46355,1.46355,0.0
2011-06-05 17:36:00,1.46355,1.46355,1.46355,1.46355,0.0
2011-06-05 17:37:00,1.46355,1.46355,1.46355,1.46355,0.0
2011-06-05 17:38:00,1.46355,1.46355,1.46355,1.46355,0.0
2011-06-05 17:39:00,1.46355,1.46355,1.46355,1.46355,0.0
2011-06-05 17:40:00,1.46355,1.46355,1.46355,1.46355,0.0
2011-06-05 17:41:00,1.46355,1.46355,1.46355,1.46355,0.0
2011-06-05 17:42:00,1.46355,1.46355,1.46355,1.46355,0.0
2011-06-05 17:43:00,1.46355,1.46355,1.46355,1.46355,0.0
2011-06-05 17:44:00,1.46355,1.46355,1.46355,1.46355,0.0
2011-06-05 17:45:00,1.46355,1.46355,1.46355,1.46355,0.0
2011-06-05 17:46:00,1.46355,1.46355,1.46355,1.46355,0.0
2011-06-05 17:47:00,1.46355,1.46355,1.46355,1.46355,0.0
2011-06-05 17:48:00,1.46355,1.46355,1.46355,1.46355,0.0
2011-06-05 17:49:00,1.46355,1.46355,1.46355,1.46355,0.0
2011-06-05 17:50:00,1.46355,1.46355,1.46355,1.46355,0.0
2011-06-05 17:51:00,1.46355,1.46355,1.46355,1.46355,0.0
2011-06-05 17:52:00,1.46355,1.46355,1.46355,1.46355,0.0
2011-06-05 17:53:00,1.46355,1.46355,1.46355,1.46355,0.0
2011-06-05 17:54:00,1.46355,1.46355,1.46355,1.46355,0.0
2011-06-05 17:55:00,1.46355,1.46355,1.46355,1.46355,0.0
2011-06-05 17:56:00,1.46355,1.46355,1.46355,1.46355,0.0
2011-06-05 17:57:00,1.46355,1.46355,1.46355,1.46355,0.0
2011-06-05 17:58:00,1.46355,1.46355,1.46355,1.46355,0.0
2011-06-05 17:59:00,1.46355,1.46355,1.46355,1.46355,0.0
2011-06-05 18:00:00,1.46355,1.46355,1.46355,1.46355,0.0
2011-06-05 18:01:00,1.46355,1.46355,1.46355,1.46355,0.0
2011-06-05 18:02:00,1.46355,1.46355,1.46355,1.46355,0.0
2011-06-05 18:03:00,1.46355,1.46355,1.46355,1.46355,0.0
2011-06-05 18:04:00,1.46355,1.46355,1.46355,1.46355,0.0
2011-06-05 18:05:00,1.46355,1.46355,1.46355,1.46355,0.0
2011-06-05 18:06:00,1.46355,1.46355,1.46355,1.46355,0.0
2011-06-05 18:07:00,1.46355,1.46355,1.46355,1.46355,0.0
2011-06-05 18:08:00,1.46355,1.46355,1.46355,1.46355,0.0
2011-06-05 18:09:00,1.46355,1.46355,1.46355,1.46355,0.0
2011-06-05 18:10:00,1.46355,1.46355,1.46355,1.46355,0.0
2011-06-05 18:11:00,1.46355,1.46355,1.46355,1.46355,0.0
2011-06-05 18:12:00,1.46355,1.46355,1.46355,1.46355,0.0
2011-06-05 18:13:00,1.46355,1.46355,1.46355,1.46355,0.0
2011-06-05 18:14:00,1.46355,1.46355,1.46355,1.46355,0.0
2011-06-05 18:15:00,1.46355,1.46355,1.46355,1.46355,0.0
2011-06-05 18:16:00,1.46355,1.46355,1.46355,1.46355,0.0
2011-06-05 18:17:00,1.46355,1.46355,1.46355,1.46355,0.0
2011-06-05 18:18:00,1.46355,1.46355,1.46355,1.46355,0.0
2011-06-05 18:19:00,1.46355,1.46355,1.46355,1.46355,0.0
2011-06-05 18:20:00,1.46355,1.46355,1.46355,1.46355,0.0
2011-06-05 18:21:00,1.46355,1.46355,1.46355,1.46355,0.0
2011-06-05 18:22:00,1.46355,1.46355,1.46355,1.46355,0.0
2011-06-05 18:23:00,1.46355,1.46355,1.46355,1.46355,0.0
2011-06-05 18:24:00,1.46355,1.46355,1.46355,1.46355,0.0
2011-06-05 18:25:00,1.46355,1.46355,1.46355,1.46355,0.0
2011-06-05 18:26:00,1.46355,1.46355,1.46355,1.46355,0.0
2011-06-05 18:27:00,1.46355,1.46355,1.46355,1.46355,0.0
2011-06-05 18:28:00,1.46355,1.46355,1.46355,1.46355,0.0
2011-06-05 18:29:00,1.46355,1.46355,1.46355,1.46355,0.0
2011-06-05 18:30:00,1.46355,1.46355,1.46355,1.46355,0.0
2011-06-05 18:31:00,1.46355,1.46355,1.46355,1.46355,0.0
2011-06-05 18:32:00,1.46355,1.46355,1.46355,1.46355,0.0
2011-06-05 18:33:00,1.46355,1.46355,1.46355,1.46355,0.0
2011-06-05 18:34:00,1.46355,1.46355,1.46355,1.46355,0.0
2011-06-05 18:35:00,1.46355,1.46355,1.46355,1.46355,0.0
2011-06-05 18:36:00,1.46355,1.46355,1.46355,1.46355,0.0
2011-06-05 18:37:00,1.46355,1.46355,1.46355,1.46355,0.0
2011-06-05 18:38:00,1.46355,1.46355,1.46355,1.46355,0.0
2011-06-05 18:39:00,1.46355,1.46355,1.46355,1.46355,0.0
2011-06-05 18:40:00,1.46355,1.46355,1.46355,1.46355,0.0
2011-06-05 18:41:00,1.46355,1.46355,1.46355,1.46355,0.0
2011-06-05 18:42:00,1.46355,1.46355,1.46355,1.46355,0.0
2011-06-05 18:43:00,1.46355,1.46355,1.46355,1.46355,0.0
2011-06-05 18:44:00,1.46355,1.46355,1.46355,1.46355,0.0
2011-06-05 18:45:00,1.46355,1.46355,1.46355,1.46355,0.0
2011-06-05 18:46:00,1.46355,1.46355,1.46355,1.46355,0.0
2011-06-05 18:47:00,1.46355,1.46355,1.46355,1.46355,0.0
2011-06-05 18:48:00,1.46355,1.46355,1.46355,1.46355,0.0
2011-06-05 18:49:00,1.46355,1.46355,1.46355,1.46355,0.0
2011-06-05 18:50:00,1.46355,1.46355,1.46355,1.46355,0.0
2011-06-05 18:51:00,1.46355,1.46355,1.46355,1.46355,0.0
2011-06-05 18:52:00,1.46355,1.46355,1.46355,1.46355,0.0
2011-06-05 18:53:00,1.46355,1.46355,1.46355,1.46355,0.0
2011-06-05 18:54:00,1.46355,1.46355,1.46355,1.46355,0.0
2011-06-05 18:55:00,1.46355,1.46355,1.46355,1.46355,0.0
2011-06-05 18:56:00,1.46355,1.46355,1.46355,1.46355,0.0
2011-06-05 18:57:00,1.46355,1.46355,1.46355,1.46355,0.0
2011-06-05 18:58:00,1.46355,1.46355,1.46355,1.46355,0.0
2011-06-05 18:59:00,1.46355,1.46355,1.46355,1.46355,0.0
2011-06-05 19:00:00,1.46355,1.46355,1.46355,1.46355,0.0
2011-06-05 19:01:00,1.46355,1.46355,1.46355,1.46355,0.0
2011-06-05 19:02:00,1.46355,1.46355,1.46355,1.46355,0.0
2011-06-05 19:03:00,1.46355,1.46355,1.46355,1.46355,0.0
2011-06-05 19:04:00,1.46355,1.46355,1.46355,1.46355,0.0
2011-06-05 19:05:00,1.46355,1.46355,1.46355,1.46355,0.0
2011-06-05 19:06:00,1.46355,1.46355,1.46355,1.46355,0.0
2011-06-05 19:07:00,1.46355,1.46355,1.46355,1.46355,0.0
2011-06-05 19:08:00,1.46355,1.46355,1.46355,1.46355,0.0
2011-06-05 19:09:00,1.46355,1.46355,1.46355,1.46355,0.0
2011-06-05 19:10:00,1.46355,1.46355,1.46355,1.46355,0.0
2011-06-05 19:11:00,1.46355,1.46355,1.46355,1.46355,0.0
2011-06-05 19:12:00,1.46355,1.46355,1.46355,1.46355,0.0
2011-06-05 19:13:00,1.46355,1.46355,1.46355,1.46355,0.0
2011-06-05 19:14:00,1.46355,1.46355,1.46355,1.46355,0.0
2011-06-05 19:15:00,1.46355,1.46355,1.46355,1.46355,0.0
2011-06-05 19:16:00,1.46355,1.46355,1.46355,1.46355,0.0
2011-06-05 19:17:00,1.46355,1.46355,1.46355,1.46355,0.0
2011-06-05 19:18:00,1.46355,1.46355,1.46355,1.46355,0.0
2011-06-05 19:19:00,1.46355,1.46355,1.46355,1.46355,0.0
2011-06-05 19:20:00,1.46355,1.46355,1.46355,1.46355,0.0
2011-06-05 19:21:00,1.46355,1.46355,1.46355,1.46355,0.0
2011-06-05 19:22:00,1.46355,1.46355,1.46355,1.46355,0.0
2011-06-05 19:23:00,1.46355,1.46355,1.46355,1.46355,0.0
2011-06-05 19:24:00,1.46355,1.46355,1.46355,1.46355,0.0
2011-06-05 19:25:00,1.46355,1.46355,1.46355,1.46355,0.0
2011-06-05 19:26:00,1.46355,1.46355,1.46355,1.46355,0.0
2011-06-05 19:27:00,1.46355,1.46355,1.46355,1.46355,0.0
2011-06-05 19:28:00,1.46355,1.46355,1.46355,1.46355,0.0
2011-06-05 19:29:00,1.46355,1.46355,1.46355,1.46355,0.0
2011-06-05 19:30:00,1.46355,1.46355,1.46355,1.46355,0.0
2011-06-05 19:31:00,1.46355,1.46355,1.46355,1.46355,0.0
2011-06-05 19:32:00,1.46355,1.46355,1.46355,1.46355,0.0
2011-06-05 19:33:00,1.46355,1.46355,1.46355,1.46355,0.0
2011-06-05 19:34:00,1.46355,1.46355,1.46355,1.46355,0.0
2011-06-05 19:35:00,1.46355,1.46355,1.46355,1.46355,0.0
2011-06-05 19:36:00,1.46355,1.46355,1.46355,1.46355,0.0
2011-06-05 19:37:00,1.46355,1.46355,1.46355,1.46355,0.0
2011-06-05 19:38:00,1.46355,1.46355,1.46355,1.46355,0.0
2011-06-05 19:39:00,1.46355,1.46355,1.46355,1.46355,0.0
2011-06-05 19:40:00,1.46355,1.46355,1.46355,1.46355,0.0
2011-06-05 19:41:00,1.46355,1.46355,1.46355,1.46355,0.0
2011-06-05 19:42:00,1.46355,1.46355,1.46355,1.46355,0.0
2011-06-05 19:43:00,1.46355,1.46355,1.46355,1.46355,0.0
2011-06-05 19:44:00,1.46355,1.46355,1.46355,1.46355,0.0
2011-06-05 19:45:00,1.46355,1.46355,1.46355,1.46355,0.0
2011-06-05 19:46:00,1.46355,1.46355,1.46355,1.46355,0.0
2011-06-05 19:47:00,1.46355,1.46355,1.46355,1.46355,0.0
2011-06-05 19:48:00,1.46355,1.46355,1.46355,1.46355,0.0
2011-06-05 19:49:00,1.46355,1.46355,1.46355,1.46355,0.0
2011-06-05 19:50:00,1.46355,1.46355,1.46355,1.46355,0.0
2011-06-05 19:51:00,1.46355,1.46355,1.46355,1.46355,0.0
2011-06-05 19:52:00,1.46355,1.46355,1.46355,1.46355,0.0
2011-06-05 19:53:00,1.46355,1.46355,1.46355,1.46355,0.0
2011-06-05 19:54:00,1.46355,1.46355,1.46355,1.46355,0.0
2011-06-05 19:55:00,1.46355,1.46355,1.46355,1.46355,0.0
2011-06-05 19:56:00,1.46355,1.46355,1.46355,1.46355,0.0
2011-06-05 19:57:00,1.46355,1.46355,1.46355,1.46355,0.0
2011-06-05 19:58:00,1.46355,1.46355,1.46355,1.46355,0.0
2011-06-05 19:59:00,1.46355,1.46355,1.46355,1.46355,0.0
2011-06-05 20:00:00,1.46355,1.46355,1.46355,1.46355,0.0
2011-06-05 20:01:00,1.46355,1.46355,1.46355,1.46355,0.0
2011-06-05 20:02:00,1.46355,1.46355,1.46355,1.46355,0.0
2011-06-05 20:03:00,1.46355,1.46355,1.46355,1.46355,0.0
2011-06-05 20:04:00,1.46355,1.46355,1.46355,1.46355,0.0
2011-06-05 20:05:00,1.46355,1.46355,1.46355,1.46355,0.0
2011-06-05 20:06:00,1.46355,1.46355,1.46355,1.46355,0.0
2011-06-05 20:07:00,1.46355,1.46355,1.46355,1.46355,0.0
2011-06-05 20:08:00,1.46355,1.46355,1.46355,1.46355,0.0
2011-06-05 20:09:00,1.46355,1.46355,1.46355,1.46355,0.0
2011-06-05 20:10:00,1.46355,1.46355,1.46355,1.46355,0.0
2011-06-05 20:11:00,1.46355,1.46355,1.46355,1.46355,0.0
2011-06-05 20:12:00,1.46355,1.46355,1.46355,1.46355,0.0
2011-06-05 20:13:00,1.46355,1.46355,1.46355,1.46355,0.0
2011-06-05 20:14:00,1.46355,1.46355,1.46355,1.46355,0.0
2011-06-05 20:15:00,1.46355,1.46355,1.46355,1.46355,0.0
2011-06-05 20:16:00,1.46355,1.46355,1.46355,1.46355,0.0
2011-06-05 20:17:00,1.46355,1.46355,1.46355,1.46355,0.0
2011-06-05 20:18:00,1.46355,1.46355,1.46355,1.46355,0.0
2011-06-05 20:19:00,1.46355,1.46355,1.46355,1.46355,0.0
2011-06-05 20:20:00,1.46355,1.46355,1.46355,1.46355,0.0
2011-06-05 20:21:00,1.46355,1.46355,1.46355,1.46355,0.0
2011-06-05 20:22:00,1.46355,1.46355,1.46355,1.46355,0.0
2011-06-05 20:23:00,1.46355,1.46355,1.46355,1.46355,0.0
2011-06-05 20:24:00,1.46355,1.46355,1.46355,1.46355,0.0
2011-06-05 20:25:00,1.46355,1.46355,1.46355,1.46355,0.0
2011-06-05 20:26:00,1.46355,1.46355,1.46355,1.46355,0.0
2011-06-05 20:27:00,1.46355,1.46355,1.46355,1.46355,0.0
2011-06-05 20:28:00,1.46355,1.46355,1.46355,1.46355,0.0
2011-06-05 20:29:00,1.46355,1.46355,1.46355,1.46355,0.0
2011-06-05 20:30:00,1.46355,1.46355,1.46355,1.46355,0.0
2011-06-05 20:31:00,1.46355,1.46355,1.46355,1.46355,0.0
2011-06-05 20:32:00,1.46355,1.46355,1.46355,1.46355,0.0
2011-06-05 20:33:00,1.46355,1.46355,1.46355,1.46355,0.0
2011-06-05 20:34:00,1.46355,1.46355,1.46355,1.46355,0.0
2011-06-05 20:35:00,1.46355,1.46355,1.46355,1.46355,0.0
2011-06-05 20:36:00,1.46355,1.46355,1.46355,1.46355,0.0
2011-06-05 20:37:00,1.46355,1.46355,1.46355,1.46355,0.0
2011-06-05 20:38:00,1.46355,1.46355,1.46355,1.46355,0.0
2011-06-05 20:39:00,1.46355,1.46355,1.46355,1.46355,0.0
2011-06-05 20:40:00,1.46355,1.46355,1.46355,1.46355,0.0
2011-06-05 20:41:00,1.46355,1.46355,1.46355,1.46355,0.0
2011-06-05 20:42:00,1.46355,1.46355,1.46355,1.46355,0.0
2011-06-05 20:43:00,1.46355,1.46355,1.46355,1.46355,0.0
2011-06-05 20:44:00,1.46355,1.46355,1.46355,1.46355,0.0
2011-06-05 20:45:00,1.46355,1.46355,1.46355,1.46355,0.0
2011-06-05 20:46:00,1.46355,1.46355,1.46355,1.46355,0.0
2011-06-05 20:47:00,1.46355,1.46355,1.46355,1.46355,0.0
2011-06-05 20:48:00,1.46355,1.46355,1.46355,1.46355,0.0
2011-06-05 20:49:00,1.46355,1.46355,1.46355,1.46355,0.0
2011-06-05 20:50:00,1.46355,1.46355,1.46355,1.46355,0.0
2011-06-05 20:51:00,1.46355,1.46355,1.46355,1.46355,0.0
2011-06-05 20:52:00,1.46355,1.46355,1.46355,1.46355,0.0
2011-06-05 20:53:00,1.46355,1.46355,1.46355,1.46355,0.0
2011-06-05 20:54:00,1.46355,1.46355,1.46355,1.46355,0.0
2011-06-05 20:55:00,1.46355,1.46355,1.46355,1.46355,0.0
2011-06-05 20:56:00,1.46355,1.46355,1.46355,1.46355,0.0
2011-06-05 20:57:00,1.46355,1.46355,1.46355,1.46355,0.0
2011-06-05 20:58:00,1.46355,1.46355,1.46355,1.46355,0.0
2011-06-05 20:59:00,1.46355,1.46355,1.46355,1.46355,0.0
2011-06-05 21:00:00,1.46068,1.46081,1.46068,1.46081,135000000.0
2011-06-05 21:01:00,1.46082,1.46089,1.46057,1.46083,187500000.0
2011-06-05 21:02:00,1.46084,1.46084,1.46073,1.46074,60000000.0
2011-06-05 21:03:00,1.46075,1.46075,1.46075,1.46075,15000000.0
2011-06-05 21:04:00,1.46079,1.46108,1.46079,1.46081,150000000.0
2011-06-05 21:05:00,1.46087,1.46121,1.46086,1.46121,217500000.0
2011-06-05 21:06:00,1.46118,1.46139,1.46094,1.46126,358699989.31884766
2011-06-05 21:07:00,1.4613,1.46137,1.46124,1.46135,185300006.86645508
2011-06-05 21:08:00,1.46147,1.46147,1.46147,1.46147,15000000.0
2011-06-05 21:09:00,1.46157,1.4621,1.46157,1.46204,2489299926.7578125
2011-06-05 21:10:00,1.46195,1.46202,1.46189,1.46202,154499998.09265137
2011-06-05 21:11:00,1.46199,1.46205,1.46195,1.46199,120000000.0
2011-06-05 21:12:00,1.46194,1.46206,1.46179,1.46199,245900001.5258789
2011-06-05 21:13:00,1.46212,1.46212,1.4618,1.46195,1732500000.0
2011-06-05 21:14:00,1.46179,1.46184,1.46179,1.46184,41999998.09265137
2011-06-05 21:15:00,1.46197,1.46203,1.46188,1.46198,2421100006.1035156
2011-06-05 21:16:00,1.46193,1.46198,1.46184,1.46189,2095099945.0683594
2011-06-05 21:17:00,1.46171,1.46188,1.4617,1.46188,69800000.19073486
2011-06-05 21:18:00,1.46195,1.46195,1.46188,1.46189,75100002.28881836
2011-06-05 21:19:00,1.46186,1.46199,1.46185,1.46199,116599998.4741211
2011-06-05 21:20:00,1.46211,1.46211,1.46184,1.46199,186900005.34057617
2011-06-05 21:21:00,1.46206,1.46206,1.46199,1.46199,30000000.0
2011-06-05 21:22:00,1.46215,1.46215,1.46182,1.46191,1566399993.8964844
2011-06-05 21:23:00,1.46195,1.46197,1.46179,1.46195,1763099975.5859375
2011-06-05 21:24:00,1.46195,1.46201,1.46187,1.46195,1765599975.5859375
2011-06-05 21:25:00,1.46199,1.46201,1.46182,1.46201,799899978.6376953
2011-06-05 21:26:00,1.46186,1.46189,1.46186,1.46187,46100001.33514404
2011-06-05 21:27:00,1.46187,1.46213,1.46184,1.462,376300010.68115234
2011-06-05 21:28:00,1.46204,1.46211,1.46198,1.46203,1238399963.3789062
2011-06-05 21:29:00,1.462,1.46219,1.46198,1.46202,2309799957.2753906
2011-06-05 21:30:00,1.46201,1.46201,1.46187,1.46198,1921600036.6210938
2011-06-05 21:31:00,1.46191,1.46192,1.46191,1.46192,30000000.0
2011-06-05 21:32:00,1.46195,1.46196,1.46195,1.46196,30000000.0
2011-06-05 21:33:00,1.46199,1.46209,1.46199,1.46209,60000000.0
2011-06-05 21:34:00,1.4621,1.46215,1.4621,1.4621,165000000.0
2011-06-05 21:35:00,1.46219,1.46224,1.4621,1.46224,168799991.60766602
2011-06-05 21:36:00,1.46229,1.46233,1.46212,1.46223,1528600006.1035156
2011-06-05 21:37:00,1.46215,1.46217,1.46207,1.46217,507099990.84472656
2011-06-05 21:38:00,1.46215,1.46216,1.46204,1.46213,924800033.5693359
2011-06-05 21:39:00,1.46211,1.46217,1.46208,1.46216,127500000.0
2011-06-05 21:40:00,1.46216,1.46222,1.46205,1.46222,300000000.0
2011-06-05 21:41:00,1.46219,1.4623,1.46216,1.4623,90000000.0
2011-06-05 21:42:00,1.46229,1.46229,1.46222,1.46227,90000000.0
2011-06-05 21:43:00,1.46241,1.46242,1.46221,1.46221,1095000000.0
2011-06-05 21:44:00,1.46221,1.46256,1.46221,1.46248,1621499938.9648438
2011-06-05 21:45:00,1.46239,1.46239,1.46239,1.46239,15000000.0
2011-06-05 21:46:00,1.46258,1.46262,1.46246,1.46249,417000007.62939453
2011-06-05 21:47:00,1.4625,1.46297,1.4625,1.46291,378800010.68115234
2011-06-05 21:48:00,1.46295,1.46295,1.46282,1.46295,187600002.28881836
2011-06-05 21:49:00,1.46295,1.46297,1.4629,1.46295,127500000.0
2011-06-05 21:50:00,1.46293,1.46298,1.46293,1.46298,202500000.0
2011-06-05 21:51:00,1.463,1.463,1.46278,1.46278,2375500030.517578
2011-06-05 21:52:00,1.46283,1.46297,1.46283,1.4629,2317100067.138672
2011-06-05 21:53:00,1.46289,1.46289,1.46287,1.46287,37500000.0
2011-06-05 21:54:00,1.46288,1.46296,1.46287,1.46296,254300003.0517578
2011-06-05 21:55:00,1.46297,1.46297,1.46297,1.46297,30000000.0
2011-06-05 21:56:00,1.46297,1.46297,1.46297,1.46297,45000000.0
2011-06-05 21:57:00,1.46296,1.46325,1.46293,1.46318,543899993.8964844
2011-06-05 21:58:00,1.46315,1.46338,1.46305,1.46308,556800003.0517578
2011-06-05 21:59:00,1.46311,1.46312,1.46276,1.46278,442599983.21533203
2011-06-05 22:00:00,1.46282,1.46305,1.46279,1.46305,905500030.5175781
2011-06-05 22:01:00,1.46306,1.46337,1.46305,1.46324,926699981.6894531
2011-06-05 22:02:00,1.46324,1.46386,1.46323,1.46369,1291900024.4140625
2011-06-05 22:03:00,1.46369,1.46415,1.46369,1.46409,1335299987.7929688
2011-06-05 22:04:00,1.46407,1.46408,1.46347,1.4635,857099990.8447266
2011-06-05 22:05:00,1.46349,1.46365,1.4634,1.46348,636300010.6811523
2011-06-05 22:06:00,1.46346,1.46347,1.46342,1.46342,186100006.10351562
2011-06-05 22:07:00,1.46342,1.46342,1.46335,1.46336,142500000.0
2011-06-05 22:08:00,1.46336,1.46336,1.46334,1.46334,79499998.09265137
2011-06-05 22:09:00,1.46337,1.46348,1.46335,1.46335,528100013.73291016
2011-06-05 22:10:00,1.46332,1.46332,1.46309,1.46313,425999984.74121094
2011-06-05 22:11:00,1.46319,1.46326,1.46314,1.46318,503300018.3105469
2011-06-05 22:12:00,1.46319,1.46326,1.46312,1.46318,472500000.0
2011-06-05 22:13:00,1.46316,1.46327,1.46314,1.46323,347299995.4223633
2011-06-05 22:14:00,1.46322,1.46328,1.46321,1.46323,262500000.0
2011-06-05 22:15:00,1.46318,1.4632,1.463,1.46305,456300010.68115234
2011-06-05 22:16:00,1.46304,1.46304,1.46304,1.46304,30000000.0
2011-06-05 22:17:00,1.46304,1.4631,1.46304,1.46307,225799999.23706055
2011-06-05 22:18:00,1.4631,1.46316,1.46307,1.46314,549300003.0517578
2011-06-05 22:19:00,1.46313,1.46323,1.46308,1.4632,424700012.20703125
2011-06-05 22:20:00,1.4632,1.46322,1.46315,1.46318,466599998.4741211
2011-06-05 22:21:00,1.46317,1.46317,1.46313,1.46315,288999996.18530273
2011-06-05 22:22:00,1.46317,1.46354,1.46317,1.4634,892500000.0
2011-06-05 22:23:00,1.4634,1.46348,1.46331,1.46331,707300033.5693359
2011-06-05 22:24:00,1.46328,1.4635,1.46328,1.4635,600000000.0
2011-06-05 22:25:00,1.46349,1.46349,1.46339,1.46341,232500000.0
2011-06-05 22:26:00,1.46343,1.46346,1.46334,1.46334,532500000.0
2011-06-05 22:27:00,1.46337,1.46337,1.46329,1.46332,292500000.0
2011-06-05 22:28:00,1.46332,1.46332,1.46329,1.46329,142500000.0
2011-06-05 22:29:00,1.46331,1.46332,1.46331,1.46331,97500000.0
2011-06-05 22:30:00,1.46331,1.46333,1.4633,1.46333,270000000.0
2011-06-05 22:31:00,1.46333,1.46333,1.46328,1.46333,300000000.0
2011-06-05 22:32:00,1.46334,1.46334,1.46334,1.46334,45000000.0
2011-06-05 22:33:00,1.46334,1.46334,1.46331,1.46331,150000000.0
2011-06-05 22:34:00,1.46331,1.46332,1.46331,1.46332,97500000.0
2011-06-05 22:35:00,1.46332,1.46345,1.4633,1.46338,555000000.0
2011-06-05 22:36:00,1.46343,1.46347,1.46334,1.4634,993499984.7412109
2011-06-05 22:37:00,1.46338,1.46357,1.46338,1.46343,945000000.0
2011-06-05 22:38:00,1.46343,1.46396,1.46338,1.46396,1126900024.4140625
2011-06-05 22:39:00,1.46396,1.46409,1.46376,1.46396,1028199996.9482422
2011-06-05 22:40:00,1.46397,1.46417,1.46391,1.46408,1037300033.5693359
2011-06-05 22:41:00,1.46405,1.46412,1.46403,1.46412,195000000.0
2011-06-05 22:42:00,1.46419,1.46423,1.46415,1.46419,332299995.4223633
2011-06-05 22:43:00,1.46418,1.4642,1.46405,1.46409,553600006.1035156
2011-06-05 22:44:00,1.46409,1.46418,1.46409,1.46416,315000000.0
2011-06-05 22:45:00,1.46413,1.46431,1.46413,1.46429,372000007.62939453
2011-06-05 22:46:00,1.4643,1.46436,1.46425,1.46434,419300003.0517578
2011-06-05 22:47:00,1.46436,1.46456,1.46434,1.46451,674499969.4824219
2011-06-05 22:48:00,1.46451,1.46463,1.46451,1.46459,395999984.74121094
2011-06-05 22:49:00,1.46458,1.46458,1.46433,1.46456,731399993.8964844
2011-06-05 22:50:00,1.46455,1.46459,1.4643,1.46445,731299972.5341797
2011-06-05 22:51:00,1.46448,1.46459,1.46448,1.46459,302299995.4223633
2011-06-05 22:52:00,1.46459,1.46459,1.46444,1.4645,956999969.4824219
2011-06-05 22:53:00,1.4645,1.46511,1.4645,1.46502,1239100036.6210938
2011-06-05 22:54:00,1.46501,1.46566,1.46501,1.46561,1871100006.1035156
2011-06-05 22:55:00,1.4656,1.46563,1.46532,1.46539,1022799987.7929688
2011-06-05 22:56:00,1.46539,1.46546,1.46511,1.46518,859000015.2587891
2011-06-05 22:57:00,1.46518,1.46533,1.46518,1.46532,937500000.0
2011-06-05 22:58:00,1.46532,1.46532,1.4652,1.46528,523499984.74121094
2011-06-05 22:59:00,1.46528,1.46545,1.46518,1.46535,1198399963.3789062
2011-06-05 23:00:00,1.46537,1.4656,1.46527,1.46544,1314900054.9316406
2011-06-05 23:01:00,1.46542,1.46545,1.46519,1.46521,1190899963.3789062
2011-06-05 23:02:00,1.46528,1.4653,1.46482,1.4649,1591499938.9648438
2011-06-05 23:03:00,1.4649,1.46503,1.46484,1.46501,900199966.4306641
2011-06-05 23:04:00,1.46501,1.46501,1.46485,1.46486,408800010.68115234
2011-06-05 23:05:00,1.46486,1.46531,1.46484,1.46488,1407400054.9316406
2011-06-05 23:06:00,1.46489,1.46501,1.46489,1.46493,547500000.0
2011-06-05 23:07:00,1.46493,1.46501,1.46493,1.465,521300010.68115234
2011-06-05 23:08:00,1.46499,1.46499,1.46468,1.46468,877500000.0
2011-06-05 23:09:00,1.46469,1.46473,1.46461,1.46472,582799987.7929688
2011-06-05 23:10:00,1.46471,1.46505,1.46471,1.46505,728499984.7412109
2011-06-05 23:11:00,1.46501,1.46501,1.46486,1.46486,392299995.4223633
2011-06-05 23:12:00,1.46487,1.46518,1.46485,1.46518,595499992.3706055
2011-06-05 23:13:00,1.46518,1.46518,1.46501,1.46507,613499984.7412109
2011-06-05 23:14:00,1.46511,1.46511,1.46486,1.46487,345000000.0
2011-06-05 23:15:00,1.46487,1.46506,1.46486,1.46486,431300010.68115234
2011-06-05 23:16:00,1.46488,1.46502,1.46488,1.46502,585800018.3105469
2011-06-05 23:17:00,1.46507,1.46539,1.46505,1.46533,502500000.0
2011-06-05 23:18:00,1.46535,1.4655,1.46528,1.46533,907500000.0
2011-06-05 23:19:00,1.46539,1.46539,1.46523,1.46523,422299995.4223633
2011-06-05 23:20:00,1.46523,1.46533,1.46506,1.46533,935999984.7412109
2011-06-05 23:21:00,1.46528,1.46552,1.46521,1.46543,1011900024.4140625
2011-06-05 23:22:00,1.46543,1.46565,1.46528,1.46536,1036500015.2587891
2011-06-05 23:23:00,1.46535,1.46541,1.46511,1.46513,735000000.0
2011-06-05 23:24:00,1.46514,1.46516,1.46466,1.46467,1044100036.6210938
2011-06-05 23:25:00,1.46466,1.46466,1.46441,1.46446,761299972.5341797
2011-06-05 23:26:00,1.46444,1.4645,1.46435,1.4645,739499969.4824219
2011-06-05 23:27:00,1.4645,1.4645,1.46411,1.46411,1458300018.3105469
2011-06-05 23:28:00,1.46418,1.46452,1.46418,1.46436,686399993.8964844
2011-06-05 23:29:00,1.46435,1.46454,1.46432,1.46438,748499984.7412109
2011-06-05 23:30:00,1.46439,1.46442,1.46405,1.46422,1161800003.0517578
2011-06-05 23:31:00,1.46422,1.46436,1.46413,1.46435,775899963.3789062
2011-06-05 23:32:00,1.46434,1.46444,1.46428,1.4644,1173300018.3105469
2011-06-05 23:33:00,1.46441,1.46442,1.46429,1.46434,922500000.0
2011-06-05 23:34:00,1.46432,1.46457,1.46431,1.46453,572400016.784668
2011-06-05 23:35:00,1.46453,1.4646,1.46444,1.46456,547500000.0
2011-06-05 23:36:00,1.46456,1.46459,1.46452,1.46455,311299991.607666
2011-06-05 23:37:00,1.46457,1.46458,1.46451,1.46451,331500015.25878906
2011-06-05 23:38:00,1.46447,1.46447,1.46413,1.46418,508600006.1035156
2011-06-05 23:39:00,1.46419,1.46427,1.46417,1.46418,539900016.784668
2011-06-05 23:40:00,1.46418,1.46422,1.46418,1.46422,135000000.0
2011-06-05 23:41:00,1.46423,1.4645,1.46423,1.4645,638300018.3105469
2011-06-05 23:42:00,1.46449,1.46518,1.46449,1.46518,1055500030.5175781
2011-06-05 23:43:00,1.46519,1.46524,1.46511,1.46511,435800018.3105469
2011-06-05 23:44:00,1.46507,1.46527,1.46498,1.46525,534000015.25878906
2011-06-05 23:45:00,1.46525,1.46532,1.4651,1.46523,1447700042.7246094
2011-06-05 23:46:00,1.46523,1.46545,1.46518,1.46537,1596100006.1035156
2011-06-05 23:47:00,1.46534,1.46544,1.46525,1.46542,1241500015.258789
2011-06-05 23:48:00,1.46546,1.46557,1.46523,1.46538,1309900054.9316406
2011-06-05 23:49:00,1.46542,1.46542,1.46513,1.46522,1273399963.3789062
2011-06-05 23:50:00,1.46528,1.46535,1.46503,1.46508,1482899932.8613281
2011-06-05 23:51:00,1.46511,1.46535,1.4651,1.46532,472200012.20703125
2011-06-05 23:52:00,1.46533,1.46533,1.46494,1.46494,1371799926.7578125
2011-06-05 23:53:00,1.46494,1.46516,1.46481,1.46485,1792400054.9316406
2011-06-05 23:54:00,1.46485,1.46496,1.46466,1.46466,680999984.7412109
2011-06-05 23:55:00,1.46465,1.46488,1.46447,1.46488,1362200012.2070312
2011-06-05 23:56:00,1.46488,1.46488,1.4646,1.46461,955500030.5175781
2011-06-05 23:57:00,1.46461,1.46477,1.46449,1.46472,923499984.7412109
2011-06-05 23:58:00,1.46472,1.46488,1.46467,1.46476,960400009.1552734
2011-06-05 23:59:00,1.46477,1.46526,1.46476,1.46522,1396699981.6894531
2011-06-06 00:00:00,1.46534,1.46536,1.46401,1.46409,3217000122.0703125
2011-06-06 00:01:00,1.46413,1.46415,1.46381,1.46394,2022899932.8613281
2011-06-06 00:02:00,1.46394,1.46394,1.46338,1.46338,3066799926.7578125
2011-06-06 00:03:00,1.46341,1.46359,1.46319,1.46343,2666499938.9648438
2011-06-06 00:04:00,1.46348,1.46356,1.46328,1.46342,1606999969.4824219
2011-06-06 00:05:00,1.46342,1.46385,1.46342,1.46385,1991799926.7578125
2011-06-06 00:06:00,1.46389,1.46415,1.46381,1.4641,1623999938.9648438
2011-06-06 00:07:00,1.46407,1.46438,1.46403,1.46433,1219199981.6894531
2011-06-06 00:08:00,1.46434,1.46436,1.46387,1.46388,1382299957.2753906
2011-06-06 00:09:00,1.46388,1.46393,1.46372,1.4638,913499984.7412109
2011-06-06 00:10:00,1.4638,1.4639,1.46366,1.46374,854300003.0517578
2011-06-06 00:11:00,1.46374,1.46401,1.46369,1.46369,1648500061.0351562
2011-06-06 00:12:00,1.46369,1.46374,1.4636,1.46362,865500030.5175781
2011-06-06 00:13:00,1.46362,1.46389,1.46362,1.46372,1072500000.0
2011-06-06 00:14:00,1.4637,1.4639,1.46369,1.46381,711100006.1035156
2011-06-06 00:15:00,1.46381,1.46389,1.46372,1.46372,713700027.4658203
2011-06-06 00:16:00,1.46372,1.46376,1.46363,1.46363,1433999938.9648438
2011-06-06 00:17:00,1.46363,1.46375,1.46344,1.46346,1708600006.1035156
2011-06-06 00:18:00,1.46347,1.46376,1.46341,1.46345,1633000030.5175781
2011-06-06 00:19:00,1.46348,1.46364,1.46334,1.46357,1126600036.6210938
2011-06-06 00:20:00,1.46356,1.46374,1.46355,1.46364,938099975.5859375
2011-06-06 00:21:00,1.46363,1.46378,1.46356,1.46371,1126600036.6210938
2011-06-06 00:22:00,1.46371,1.46371,1.46355,1.46359,632299995.4223633
2011-06-06 00:23:00,1.46359,1.4636,1.46314,1.46338,2052799987.7929688
2011-06-06 00:24:00,1.46339,1.46372,1.46339,1.46362,1647200012.2070312
2011-06-06 00:25:00,1.46363,1.46365,1.46356,1.46365,515999984.74121094
2011-06-06 00:26:00,1.46365,1.46392,1.46365,1.46377,1017799987.7929688
2011-06-06 00:27:00,1.46377,1.46412,1.46377,1.4641,434399986.26708984
2011-06-06 00:28:00,1.46408,1.46408,1.46406,1.46407,120000000.0
2011-06-06 00:29:00,1.46408,1.46422,1.46402,1.46422,929000015.2587891
2011-06-06 00:30:00,1.46422,1.46447,1.46422,1.46446,1136800003.0517578
2011-06-06 00:31:00,1.46447,1.46474,1.46435,1.46469,1125800018.3105469
2011-06-06 00:32:00,1.4647,1.46471,1.46421,1.46443,2058099975.5859375
2011-06-06 00:33:00,1.46442,1.46468,1.46441,1.46467,1499400024.4140625
2011-06-06 00:34:00,1.46471,1.46527,1.46471,1.46489,1661100006.1035156
2011-06-06 00:35:00,1.46489,1.46503,1.46479,1.4648,1195800018.3105469
2011-06-06 00:36:00,1.46474,1.46488,1.46466,1.4647,1053799972.5341797
2011-06-06 00:37:00,1.4647,1.4647,1.46443,1.46457,1009000015.2587891
2011-06-06 00:38:00,1.46457,1.46503,1.46457,1.465,1172799987.7929688
2011-06-06 00:39:00,1.465,1.46518,1.465,1.46514,1079300003.0517578
2011-06-06 00:40:00,1.46517,1.46517,1.46462,1.46469,2040000000.0
2011-06-06 00:41:00,1.46469,1.46511,1.46469,1.4651,1133300018.3105469
2011-06-06 00:42:00,1.46509,1.46531,1.46507,1.46511,867799987.7929688
2011-06-06 00:43:00,1.46511,1.46527,1.46511,1.46527,714800033.5693359
2011-06-06 00:44:00,1.46527,1.46539,1.46513,1.46539,1517299957.2753906
2011-06-06 00:45:00,1.46539,1.46545,1.46482,1.46486,2169100036.6210938
2011-06-06 00:46:00,1.46484,1.4649,1.46471,1.46479,1972599945.0683594
2011-06-06 00:47:00,1.46478,1.46501,1.46469,1.46494,1556999969.4824219
2011-06-06 00:48:00,1.46496,1.46505,1.46488,1.46493,1620000000.0
2011-06-06 00:49:00,1.46495,1.46507,1.46491,1.46499,1185899963.3789062
2011-06-06 00:50:00,1.46499,1.46512,1.46489,1.46494,1560000000.0
2011-06-06 00:51:00,1.46492,1.46513,1.46489,1.46498,1556999969.4824219
2011-06-06 00:52:00,1.46496,1.4651,1.46484,1.46502,1374799957.2753906
2011-06-06 00:53:00,1.46503,1.4652,1.46503,1.46513,791999969.4824219
2011-06-06 00:54:00,1.46512,1.46518,1.46501,1.46503,1280399932.8613281
2011-06-06 00:55:00,1.46506,1.46531,1.46506,1.46516,1946000061.0351562
2011-06-06 00:56:00,1.46514,1.46516,1.46508,1.4651,1159499969.4824219
2011-06-06 00:57:00,1.4651,1.46529,1.46501,1.46517,1129499969.4824219
2011-06-06 00:58:00,1.46518,1.46551,1.46518,1.46541,1677799987.7929688
2011-06-06 00:59:00,1.46541,1.46541,1.46515,1.46528,1553999938.9648438
2011-06-06 01:00:00,1.46529,1.46537,1.46528,1.46536,918099975.5859375
2011-06-06 01:01:00,1.46534,1.46538,1.46517,1.46522,1294499969.4824219
2011-06-06 01:02:00,1.46526,1.46526,1.46512,1.46522,1031399993.8964844
2011-06-06 01:03:00,1.46524,1.46527,1.46517,1.46518,1350000000.0
2011-06-06 01:04:00,1.46521,1.46529,1.46515,1.46521,1209000015.258789
2011-06-06 01:05:00,1.46521,1.46523,1.46494,1.46494,923399963.3789062
2011-06-06 01:06:00,1.46494,1.46506,1.46494,1.46498,1520399932.8613281
2011-06-06 01:07:00,1.46498,1.46506,1.46493,1.46494,926399993.8964844
2011-06-06 01:08:00,1.46493,1.46496,1.46467,1.46479,2752300109.8632812
2011-06-06 01:09:00,1.46479,1.46479,1.46439,1.46445,1103399963.3789062
2011-06-06 01:10:00,1.46444,1.46465,1.4643,1.4643,1747500000.0
2011-06-06 01:11:00,1.4643,1.46455,1.46428,1.4644,1388999938.9648438
2011-06-06 01:12:00,1.46439,1.46455,1.46419,1.46443,1713300018.3105469
2011-06-06 01:13:00,1.46445,1.46459,1.46432,1.46442,1651499938.9648438
2011-06-06 01:14:00,1.46442,1.46447,1.46399,1.46401,2457200012.2070312
2011-06-06 01:15:00,1.464,1.46427,1.46386,1.46422,1586699981.6894531
2011-06-06 01:16:00,1.46419,1.46425,1.46382,1.46384,1925500030.5175781
2011-06-06 01:17:00,1.46384,1.46408,1.46377,1.46399,1579700012.2070312
2011-06-06 01:18:00,1.46396,1.46396,1.46341,1.46353,2350299987.7929688
2011-06-06 01:19:00,1.46355,1.4638,1.46341,1.46362,2669599914.5507812
2011-06-06 01:20:00,1.46362,1.46376,1.46361,1.46363,1815899963.3789062
2011-06-06 01:21:00,1.46361,1.46367,1.46337,1.46361,1523999938.9648438
2011-06-06 01:22:00,1.46359,1.46379,1.4635,1.46367,1068000030.5175781
2011-06-06 01:23:00,1.46367,1.46413,1.46363,1.46411,786200027.4658203
2011-06-06 01:24:00,1.46411,1.46411,1.46394,1.46394,1033300018.3105469
2011-06-06 01:25:00,1.46394,1.46395,1.46368,1.46368,631399993.8964844
2011-06-06 01:26:00,1.46367,1.46367,1.46305,1.46315,1679100036.6210938
2011-06-06 01:27:00,1.46319,1.46333,1.46317,1.46333,1611300048.828125
2011-06-06 01:28:00,1.46336,1.4634,1.46329,1.46336,1056800003.0517578
2011-06-06 01:29:00,1.46336,1.46339,1.46331,1.46333,652500000.0
2011-06-06 01:30:00,1.46333,1.4634,1.46328,1.46335,950999984.7412109
2011-06-06 01:31:00,1.46334,1.46338,1.46332,1.46332,497999992.37060547
2011-06-06 01:32:00,1.46333,1.46333,1.4632,1.46325,1512799987.7929688
2011-06-06 01:33:00,1.46327,1.46333,1.46315,1.46329,1494700012.2070312
2011-06-06 01:34:00,1.46329,1.46329,1.46316,1.46321,472500000.0
2011-06-06 01:35:00,1.46321,1.46326,1.46292,1.46292,1375599975.5859375
2011-06-06 01:36:00,1.46291,1.46291,1.4624,1.4625,2386799926.7578125
2011-06-06 01:37:00,1.4625,1.4627,1.46238,1.46238,2042799987.7929688
2011-06-06 01:38:00,1.46239,1.46264,1.46239,1.46255,1069599990.8447266
2011-06-06 01:39:00,1.46255,1.46272,1.46237,1.46255,1839600067.1386719
2011-06-06 01:40:00,1.46255,1.4628,1.46255,1.46268,1355000000.0
2011-06-06 01:41:00,1.46268,1.4629,1.46265,1.46266,1212200012.2070312
2011-06-06 01:42:00,1.46264,1.46273,1.46254,1.46268,806399993.8964844
2011-06-06 01:43:00,1.46267,1.46277,1.46259,1.46277,855199966.4306641
2011-06-06 01:44:00,1.46279,1.46291,1.46274,1.46274,1220599975.5859375
2011-06-06 01:45:00,1.46275,1.46291,1.46272,1.46272,810199966.4306641
2011-06-06 01:46:00,1.46271,1.46278,1.46268,1.46274,1218199996.9482422
2011-06-06 01:47:00,1.46274,1.4629,1.46272,1.46285,734700012.2070312
2011-06-06 01:48:00,1.46285,1.46311,1.4628,1.46288,1044199981.6894531
2011-06-06 01:49:00,1.4629,1.46295,1.46279,1.46288,736699981.6894531
2011-06-06 01:50:00,1.46288,1.4629,1.46277,1.4628,876699981.6894531
2011-06-06 01:51:00,1.46287,1.46294,1.46287,1.46294,726699981.6894531
2011-06-06 01:52:00,1.46294,1.46303,1.46276,1.46279,1442799987.7929688
2011-06-06 01:53:00,1.46279,1.46296,1.46274,1.46277,952300033.5693359
2011-06-06 01:54:00,1.4628,1.46284,1.4627,1.46283,579000015.2587891
2011-06-06 01:55:00,1.46283,1.46287,1.46271,1.46284,861500015.2587891
2011-06-06 01:56:00,1.46284,1.46291,1.46277,1.46281,862200012.2070312
2011-06-06 01:57:00,1.46284,1.46291,1.46278,1.46289,839000015.2587891
2011-06-06 01:58:00,1.4629,1.4633,1.4629,1.46328,1346199951.171875
2011-06-06 01:59:00,1.4633,1.46338,1.46321,1.46326,768799972.5341797
2011-06-06 02:00:00,1.46326,1.46328,1.46311,1.46324,1117500000.0
2011-06-06 02:01:00,1.46325,1.46333,1.46325,1.46328,666999969.4824219
2011-06-06 02:02:00,1.46328,1.46359,1.46322,1.46358,2530299987.7929688
2011-06-06 02:03:00,1.46359,1.46363,1.46353,1.46353,1121600036.6210938
2011-06-06 02:04:00,1.46354,1.46364,1.46352,1.46359,1173899993.8964844
2011-06-06 02:05:00,1.46359,1.46367,1.46359,1.46359,854800033.5693359
2011-06-06 02:06:00,1.46359,1.46369,1.46343,1.46367,643700027.4658203
2011-06-06 02:07:00,1.46365,1.46383,1.46349,1.46373,1488999938.9648438
2011-06-06 02:08:00,1.46372,1.46398,1.4637,1.46384,1403200073.2421875
2011-06-06 02:09:00,1.46384,1.46393,1.46375,1.4638,859599990.8447266
2011-06-06 02:10:00,1.46381,1.46405,1.46381,1.46401,764800033.5693359
2011-06-06 02:11:00,1.464,1.46406,1.46399,1.46399,675000000.0
2011-06-06 02:12:00,1.464,1.46405,1.46382,1.46395,1020800018.3105469
2011-06-06 02:13:00,1.46395,1.46398,1.46389,1.46389,298500003.81469727
2011-06-06 02:14:00,1.46388,1.46389,1.46371,1.46373,409599990.84472656
2011-06-06 02:15:00,1.46373,1.46374,1.46349,1.46349,902600021.3623047
2011-06-06 02:16:00,1.46348,1.46354,1.46333,1.46344,1343600006.1035156
2011-06-06 02:17:00,1.46344,1.4635,1.46344,1.46349,502500000.0
2011-06-06 02:18:00,1.46349,1.46391,1.46349,1.46387,1152200012.2070312
2011-06-06 02:19:00,1.46387,1.46399,1.46383,1.46393,733700027.4658203
2011-06-06 02:20:00,1.46393,1.46393,1.46371,1.46374,529000015.25878906
2011-06-06 02:21:00,1.46374,1.46374,1.46369,1.46374,461399993.8964844
2011-06-06 02:22:00,1.46374,1.46378,1.46369,1.46377,880299987.7929688
2011-06-06 02:23:00,1.46378,1.46413,1.46378,1.46413,1185000000.0
2011-06-06 02:24:00,1.46412,1.46458,1.46405,1.46451,1776900024.4140625
2011-06-06 02:25:00,1.46451,1.46451,1.46399,1.46418,1377599945.0683594
2011-06-06 02:26:00,1.46416,1.46419,1.46409,1.46413,525000000.0
2011-06-06 02:27:00,1.46413,1.46418,1.46413,1.46413,265499992.37060547
2011-06-06 02:28:00,1.46415,1.46434,1.46399,1.46409,1037399978.6376953
2011-06-06 02:29:00,1.4641,1.46412,1.464,1.46409,1130299987.7929688
2011-06-06 02:30:00,1.46406,1.46409,1.46398,1.46409,465299987.79296875
2011-06-06 02:31:00,1.46411,1.46442,1.46411,1.46435,1080100021.3623047
2011-06-06 02:32:00,1.46435,1.46448,1.46433,1.4644,1344400024.4140625
2011-06-06 02:33:00,1.4644,1.4644,1.46427,1.46428,247500000.0
2011-06-06 02:34:00,1.46426,1.46426,1.46414,1.46414,277500000.0
2011-06-06 02:35:00,1.46414,1.46429,1.46414,1.46425,282099990.84472656
2011-06-06 02:36:00,1.46426,1.46432,1.46415,1.46415,768000030.5175781
2011-06-06 02:37:00,1.46415,1.46431,1.46415,1.46417,750800018.3105469
2011-06-06 02:38:00,1.46416,1.46416,1.46403,1.46412,500400009.15527344
2011-06-06 02:39:00,1.46413,1.46419,1.46406,1.46412,798799972.5341797
2011-06-06 02:40:00,1.46412,1.46426,1.46412,1.46426,778499984.7412109
2011-06-06 02:41:00,1.46426,1.46428,1.46405,1.46408,1746499938.9648438
2011-06-06 02:42:00,1.46406,1.46415,1.46395,1.46399,1055400009.1552734
2011-06-06 02:43:00,1.46399,1.4641,1.46393,1.4641,1390500030.5175781
2011-06-06 02:44:00,1.46409,1.46409,1.46408,1.46409,90000000.0
2011-06-06 02:45:00,1.46409,1.46409,1.46402,1.46403,457500000.0
2011-06-06 02:46:00,1.46403,1.46413,1.46398,1.46399,901500015.2587891
2011-06-06 02:47:00,1.46399,1.46412,1.46399,1.46402,667500000.0
2011-06-06 02:48:00,1.46401,1.46413,1.46399,1.46412,387000007.62939453
2011-06-06 02:49:00,1.46412,1.46412,1.46403,1.46403,266299991.60766602
2011-06-06 02:50:00,1.46405,1.46405,1.46388,1.46397,634500007.6293945
2011-06-06 02:51:00,1.46398,1.46404,1.46388,1.4639,877200012.2070312
2011-06-06 02:52:00,1.46389,1.46401,1.46383,1.464,538499984.7412109
2011-06-06 02:53:00,1.46399,1.46404,1.46391,1.46394,437999992.37060547
2011-06-06 02:54:00,1.46395,1.46401,1.46375,1.46399,929300003.0517578
2011-06-06 02:55:00,1.46398,1.46399,1.46378,1.46382,1129499969.4824219
2011-06-06 02:56:00,1.46382,1.46394,1.46374,1.46374,1458000030.5175781
2011-06-06 02:57:00,1.46377,1.46383,1.46369,1.46372,564099998.4741211
2011-06-06 02:58:00,1.46373,1.46401,1.46369,1.46387,1014199981.6894531
2011-06-06 02:59:00,1.46385,1.46406,1.46384,1.46395,1396499938.9648438
2011-06-06 03:00:00,1.46395,1.46405,1.46395,1.46404,570299987.7929688
2011-06-06 03:01:00,1.46402,1.46415,1.464,1.4641,703499984.7412109
2011-06-06 03:02:00,1.46409,1.46409,1.46388,1.46396,542999992.3706055
2011-06-06 03:03:00,1.46396,1.46421,1.46388,1.46388,915800018.3105469
2011-06-06 03:04:00,1.46391,1.46404,1.46371,1.46373,889599990.8447266
2011-06-06 03:05:00,1.46375,1.46402,1.46375,1.46402,770400009.1552734
2011-06-06 03:06:00,1.46403,1.46427,1.46403,1.46405,612099990.8447266
2011-06-06 03:07:00,1.46405,1.46422,1.46403,1.46405,457500000.0
2011-06-06 03:08:00,1.46404,1.46427,1.46404,1.46404,594799995.4223633
2011-06-06 03:09:00,1.46404,1.46407,1.46401,1.46404,311299991.607666
2011-06-06 03:10:00,1.46404,1.46404,1.46404,1.46404,45000000.0
2011-06-06 03:11:00,1.46402,1.46432,1.464,1.46429,795000000.0
2011-06-06 03:12:00,1.46428,1.46457,1.4642,1.46454,1120699996.9482422
2011-06-06 03:13:00,1.46457,1.46466,1.46442,1.46444,1051600036.6210938
2011-06-06 03:14:00,1.46444,1.46444,1.46432,1.46437,532599983.21533203
2011-06-06 03:15:00,1.46435,1.4645,1.46435,1.4645,945800018.3105469
2011-06-06 03:16:00,1.4645,1.4645,1.46431,1.46431,286499996.18530273
2011-06-06 03:17:00,1.46433,1.46454,1.46421,1.46421,1080000000.0
2011-06-06 03:18:00,1.46422,1.46437,1.46389,1.46401,1440899963.3789062
2011-06-06 03:19:00,1.464,1.46414,1.46382,1.46399,1021500015.2587891
2011-06-06 03:20:00,1.46392,1.46392,1.46389,1.46391,151499996.18530273
2011-06-06 03:21:00,1.46391,1.46393,1.4639,1.46393,49499998.09265137
2011-06-06 03:22:00,1.46394,1.46396,1.46379,1.46382,920999984.7412109
2011-06-06 03:23:00,1.46382,1.46398,1.46382,1.46398,380999984.74121094
2011-06-06 03:24:00,1.46398,1.464,1.46398,1.464,67500000.0
2011-06-06 03:25:00,1.46399,1.46403,1.46399,1.46403,127500000.0
2011-06-06 03:26:00,1.46404,1.46421,1.46404,1.46416,669000015.2587891
2011-06-06 03:27:00,1.46417,1.46423,1.46417,1.46417,193500003.81469727
2011-06-06 03:28:00,1.46415,1.46415,1.46415,1.46415,37500000.0
2011-06-06 03:29:00,1.46415,1.46415,1.46379,1.4638,1268300018.3105469
2011-06-06 03:30:00,1.46379,1.46415,1.46369,1.46415,1413099975.5859375
2011-06-06 03:31:00,1.46416,1.46416,1.46395,1.46404,1337299957.2753906
2011-06-06 03:32:00,1.46405,1.4642,1.46404,1.4642,487500000.0
2011-06-06 03:33:00,1.46421,1.46436,1.46414,1.46416,1046999969.4824219
2011-06-06 03:34:00,1.46416,1.46445,1.46416,1.46435,1315500030.5175781
2011-06-06 03:35:00,1.46436,1.46438,1.46419,1.46425,1001299972.5341797
2011-06-06 03:36:00,1.46423,1.46426,1.46414,1.46414,307500000.0
2011-06-06 03:37:00,1.46414,1.46419,1.46384,1.46392,993799972.5341797
2011-06-06 03:38:00,1.46394,1.46408,1.46389,1.46391,718499984.7412109
2011-06-06 03:39:00,1.46391,1.46416,1.46391,1.46416,697500000.0
2011-06-06 03:40:00,1.46417,1.46418,1.46384,1.4639,1181299972.5341797
2011-06-06 03:41:00,1.46395,1.464,1.46385,1.46388,508499984.74121094
2011-06-06 03:42:00,1.46389,1.464,1.46389,1.464,263999996.18530273
2011-06-06 03:43:00,1.46401,1.46401,1.4639,1.4639,242999992.37060547
2011-06-06 03:44:00,1.46391,1.46397,1.4639,1.46395,634500007.6293945
2011-06-06 03:45:00,1.46395,1.46395,1.46384,1.46386,435000000.0
2011-06-06 03:46:00,1.46389,1.46414,1.46389,1.46413,888000030.5175781
2011-06-06 03:47:00,1.46413,1.46416,1.46388,1.46389,1054700012.2070312
2011-06-06 03:48:00,1.46389,1.46406,1.46389,1.46393,730500030.5175781
2011-06-06 03:49:00,1.46393,1.46423,1.46393,1.46423,1331999969.4824219
2011-06-06 03:50:00,1.46423,1.46423,1.46367,1.46403,1564499969.4824219
2011-06-06 03:51:00,1.46403,1.46405,1.46359,1.46367,1891600036.6210938
2011-06-06 03:52:00,1.46367,1.46385,1.46359,1.4637,968499984.7412109
2011-06-06 03:53:00,1.4637,1.4637,1.46348,1.4635,903000030.5175781
2011-06-06 03:54:00,1.46353,1.46365,1.46346,1.46356,852799987.7929688
2011-06-06 03:55:00,1.46356,1.46386,1.46356,1.46386,412500000.0
2011-06-06 03:56:00,1.46386,1.46402,1.46386,1.46393,913000030.5175781
2011-06-06 03:57:00,1.46398,1.46409,1.46379,1.46389,1392799987.7929688
2011-06-06 03:58:00,1.46389,1.46389,1.46345,1.46347,756800003.0517578
2011-06-06 03:59:00,1.46347,1.46365,1.46342,1.46365,489799995.4223633
2011-06-06 04:00:00,1.46366,1.46374,1.46344,1.46362,1788399963.3789062
2011-06-06 04:01:00,1.46365,1.46375,1.46345,1.46372,978799972.5341797
2011-06-06 04:02:00,1.46375,1.46399,1.46361,1.46399,1053799972.5341797
2011-06-06 04:03:00,1.46399,1.46399,1.46372,1.46375,1246500015.258789
2011-06-06 04:04:00,1.46375,1.46393,1.46349,1.4636,1210100021.3623047
2011-06-06 04:05:00,1.46361,1.46372,1.46357,1.46361,879800033.5693359
2011-06-06 04:06:00,1.4636,1.4637,1.46352,1.46369,577500000.0
2011-06-06 04:07:00,1.4637,1.4639,1.46354,1.46374,1269800033.569336
2011-06-06 04:08:00,1.46375,1.46395,1.46374,1.4639,716999969.4824219
2011-06-06 04:09:00,1.46388,1.46392,1.46361,1.46368,1124300003.0517578
2011-06-06 04:10:00,1.46371,1.46392,1.46363,1.46371,1225500030.5175781
2011-06-06 04:11:00,1.46373,1.46387,1.46367,1.46379,1386799926.7578125
2011-06-06 04:12:00,1.46377,1.46378,1.4636,1.46366,1189599990.8447266
2011-06-06 04:13:00,1.46366,1.46372,1.46361,1.46369,642799987.7929688
2011-06-06 04:14:00,1.46368,1.46369,1.46362,1.46367,694599990.8447266
2011-06-06 04:15:00,1.46367,1.46367,1.4636,1.46366,337500000.0
2011-06-06 04:16:00,1.46366,1.46373,1.46348,1.46352,571500015.2587891
2011-06-06 04:17:00,1.46355,1.4639,1.46349,1.46387,918000030.5175781
2011-06-06 04:18:00,1.46387,1.46387,1.46363,1.46373,922600021.3623047
2011-06-06 04:19:00,1.46372,1.46372,1.46332,1.46335,1421699981.6894531
2011-06-06 04:20:00,1.46335,1.46346,1.46335,1.46346,247500000.0
2011-06-06 04:21:00,1.46346,1.4635,1.46332,1.46337,847500000.0
2011-06-06 04:22:00,1.46337,1.46355,1.46328,1.4635,1744400024.4140625
2011-06-06 04:23:00,1.4635,1.4635,1.46331,1.46335,877399978.6376953
2011-06-06 04:24:00,1.46336,1.46344,1.46332,1.46344,282000007.62939453
2011-06-06 04:25:00,1.46344,1.46374,1.46342,1.46372,1471699981.6894531
2011-06-06 04:26:00,1.46372,1.46398,1.4636,1.4636,905299987.7929688
2011-06-06 04:27:00,1.46361,1.46382,1.46361,1.46367,1609700012.2070312
2011-06-06 04:28:00,1.46371,1.46389,1.46361,1.4638,2310800018.310547
2011-06-06 04:29:00,1.4638,1.46409,1.46377,1.46391,1813800048.828125
2011-06-06 04:30:00,1.46391,1.46401,1.46369,1.46369,1389400024.4140625
2011-06-06 04:31:00,1.46362,1.46368,1.46357,1.46362,613499984.7412109
2011-06-06 04:32:00,1.46364,1.46378,1.46353,1.46374,1165000000.0
2011-06-06 04:33:00,1.46371,1.46391,1.46367,1.46385,583499984.7412109
2011-06-06 04:34:00,1.46385,1.46392,1.46363,1.46363,905999984.7412109
2011-06-06 04:35:00,1.46364,1.46376,1.46361,1.46365,936100006.1035156
2011-06-06 04:36:00,1.46364,1.4639,1.4636,1.46382,667500000.0
2011-06-06 04:37:00,1.46382,1.46407,1.46382,1.46391,753000030.5175781
2011-06-06 04:38:00,1.46391,1.46404,1.46383,1.46404,775500030.5175781
2011-06-06 04:39:00,1.46402,1.4641,1.46386,1.46394,1489499969.4824219
2011-06-06 04:40:00,1.46394,1.46409,1.4639,1.46405,735000000.0
2011-06-06 04:41:00,1.46405,1.46405,1.46381,1.4639,1180500030.5175781
2011-06-06 04:42:00,1.46391,1.464,1.46388,1.46396,740999984.7412109
2011-06-06 04:43:00,1.46397,1.46409,1.4638,1.46394,871500015.2587891
2011-06-06 04:44:00,1.46394,1.46404,1.46394,1.46402,457500000.0
2011-06-06 04:45:00,1.46402,1.4641,1.46396,1.46409,829499969.4824219
2011-06-06 04:46:00,1.46409,1.46411,1.46391,1.46401,724499969.4824219
2011-06-06 04:47:00,1.46401,1.46402,1.46393,1.46393,470999984.74121094
2011-06-06 04:48:00,1.46401,1.46427,1.46401,1.46411,800999984.7412109
2011-06-06 04:49:00,1.46411,1.46415,1.46387,1.46388,948899993.8964844
2011-06-06 04:50:00,1.46389,1.46412,1.46389,1.46399,866999969.4824219
2011-06-06 04:51:00,1.46399,1.46399,1.46399,1.46399,101999998.09265137
2011-06-06 04:52:00,1.46399,1.46407,1.46388,1.46388,894000015.2587891
2011-06-06 04:53:00,1.46388,1.4639,1.46384,1.4639,692300033.5693359
2011-06-06 04:54:00,1.46389,1.46394,1.46385,1.46393,510099983.21533203
2011-06-06 04:55:00,1.46391,1.46392,1.46391,1.46392,165000000.0
2011-06-06 04:56:00,1.46388,1.46394,1.46384,1.46388,1033000030.5175781
2011-06-06 04:57:00,1.46389,1.46405,1.46389,1.46398,798000030.5175781
2011-06-06 04:58:00,1.46399,1.46399,1.46389,1.4639,567000007.6293945
2011-06-06 04:59:00,1.46391,1.46392,1.46379,1.46382,1143000030.5175781
2011-06-06 05:00:00,1.4638,1.46385,1.46373,1.46374,1309499969.4824219
2011-06-06 05:01:00,1.46374,1.46378,1.46363,1.46365,768099975.5859375
2011-06-06 05:02:00,1.46365,1.46366,1.46349,1.46352,1504700012.2070312
2011-06-06 05:03:00,1.46352,1.46353,1.46341,1.46346,1470099945.0683594
2011-06-06 05:04:00,1.46346,1.46351,1.46341,1.46341,885400009.1552734
2011-06-06 05:05:00,1.46341,1.46354,1.46338,1.46344,1328999938.9648438
2011-06-06 05:06:00,1.46344,1.46344,1.46339,1.46344,558800010.6811523
2011-06-06 05:07:00,1.46344,1.46369,1.46344,1.46349,995999984.7412109
2011-06-06 05:08:00,1.46349,1.46377,1.46348,1.46377,898700027.4658203
2011-06-06 05:09:00,1.46374,1.46374,1.46365,1.4637,986999969.4824219
2011-06-06 05:10:00,1.46369,1.4637,1.46354,1.46367,411100006.1035156
2011-06-06 05:11:00,1.4637,1.46376,1.4637,1.46374,120000000.0
2011-06-06 05:12:00,1.46374,1.46375,1.46356,1.46359,612000007.6293945
2011-06-06 05:13:00,1.46357,1.46361,1.46352,1.4636,630000000.0
2011-06-06 05:14:00,1.46359,1.46367,1.46347,1.46349,705000000.0
2011-06-06 05:15:00,1.46349,1.46357,1.46349,1.46352,859499969.4824219
2011-06-06 05:16:00,1.46353,1.46364,1.46353,1.46364,786800003.0517578
2011-06-06 05:17:00,1.46362,1.46363,1.46343,1.46347,967600021.3623047
2011-06-06 05:18:00,1.46345,1.46348,1.46341,1.46348,412500000.0
2011-06-06 05:19:00,1.46348,1.46348,1.46324,1.46329,973700027.4658203
2011-06-06 05:20:00,1.46328,1.46328,1.4629,1.46311,1754299926.7578125
2011-06-06 05:21:00,1.46311,1.46338,1.46311,1.46337,905500030.5175781
2011-06-06 05:22:00,1.46337,1.46337,1.46326,1.46332,286499996.18530273
2011-06-06 05:23:00,1.46332,1.46335,1.46325,1.46325,238500003.81469727
2011-06-06 05:24:00,1.46323,1.46325,1.46321,1.46321,202500000.0
2011-06-06 05:25:00,1.46321,1.46333,1.46321,1.46333,240000000.0
2011-06-06 05:26:00,1.46332,1.46338,1.46332,1.46338,390000000.0
2011-06-06 05:27:00,1.46337,1.46349,1.46331,1.46349,923199996.9482422
2011-06-06 05:28:00,1.46348,1.4635,1.46345,1.46345,336100006.1035156
2011-06-06 05:29:00,1.46344,1.46344,1.46334,1.46334,450000000.0
2011-06-06 05:30:00,1.46332,1.46356,1.46331,1.46356,1070000000.0
2011-06-06 05:31:00,1.46358,1.46362,1.46358,1.4636,426100006.1035156
2011-06-06 05:32:00,1.4636,1.46372,1.46359,1.46371,1680000000.0
2011-06-06 05:33:00,1.46371,1.46389,1.46363,1.46389,851999969.4824219
2011-06-06 05:34:00,1.46387,1.46396,1.46383,1.46383,754499969.4824219
2011-06-06 05:35:00,1.46382,1.46391,1.46371,1.46371,560999984.7412109
2011-06-06 05:36:00,1.46371,1.46371,1.46337,1.46341,1017900009.1552734
2011-06-06 05:37:00,1.46341,1.46355,1.46341,1.46351,499500007.62939453
2011-06-06 05:38:00,1.46351,1.46358,1.4635,1.46356,255000000.0
2011-06-06 05:39:00,1.46356,1.46373,1.46356,1.4636,790599975.5859375
2011-06-06 05:40:00,1.46362,1.46382,1.46362,1.46375,763499984.7412109
2011-06-06 05:41:00,1.46375,1.46381,1.46361,1.46369,667799987.7929688
2011-06-06 05:42:00,1.46371,1.46396,1.46367,1.46376,1083000030.5175781
2011-06-06 05:43:00,1.46378,1.46419,1.46378,1.46419,1581000061.0351562
2011-06-06 05:44:00,1.46418,1.46453,1.46418,1.4643,3971600036.6210938
2011-06-06 05:45:00,1.46431,1.46437,1.46396,1.46424,2364700012.2070312
2011-06-06 05:46:00,1.46421,1.46431,1.46416,1.46416,862500000.0
2011-06-06 05:47:00,1.46416,1.46443,1.46415,1.4644,577500000.0
2011-06-06 05:48:00,1.4644,1.46443,1.46409,1.46412,915000000.0
2011-06-06 05:49:00,1.46415,1.46431,1.46415,1.46429,502500000.0
2011-06-06 05:50:00,1.46429,1.46429,1.464,1.46402,834000015.2587891
2011-06-06 05:51:00,1.46402,1.46402,1.464,1.46402,502500000.0
2011-06-06 05:52:00,1.46403,1.4641,1.46402,1.46408,400600013.73291016
2011-06-06 05:53:00,1.46408,1.46452,1.46404,1.4645,1883399963.3789062
2011-06-06 05:54:00,1.46452,1.46452,1.46406,1.46416,1260500030.5175781
2011-06-06 05:55:00,1.46415,1.46423,1.46412,1.46418,732099990.8447266
2011-06-06 05:56:00,1.46421,1.46445,1.46421,1.46439,1368000030.5175781
2011-06-06 05:57:00,1.46437,1.46445,1.46433,1.46444,733600006.1035156
2011-06-06 05:58:00,1.46445,1.46465,1.46441,1.46463,1539400024.4140625
2011-06-06 05:59:00,1.46467,1.46478,1.46434,1.46447,3381600036.6210938
2011-06-06 06:00:00,1.46446,1.46452,1.46413,1.46422,3347799987.7929688
2011-06-06 06:01:00,1.46424,1.46451,1.46424,1.46426,1277300033.569336
2011-06-06 06:02:00,1.46426,1.4643,1.46386,1.46387,1372400054.9316406
2011-06-06 06:03:00,1.46388,1.46388,1.4636,1.46372,1298800048.828125
2011-06-06 06:04:00,1.46374,1.46395,1.46359,1.46361,2160899963.3789062
2011-06-06 06:05:00,1.46361,1.46361,1.46341,1.46341,1821300048.828125
2011-06-06 06:06:00,1.4634,1.46348,1.46319,1.4633,1696000061.0351562
2011-06-06 06:07:00,1.46331,1.4637,1.46328,1.46354,1815700073.2421875
2011-06-06 06:08:00,1.46352,1.4636,1.46331,1.46357,1100500030.5175781
2011-06-06 06:09:00,1.46358,1.46373,1.46344,1.46359,1977799987.7929688
2011-06-06 06:10:00,1.46358,1.464,1.46352,1.46389,2081699981.6894531
2011-06-06 06:11:00,1.46392,1.46432,1.46392,1.4641,2089499969.4824219
2011-06-06 06:12:00,1.46409,1.4644,1.46408,1.46437,1309600067.1386719
2011-06-06 06:13:00,1.46437,1.46443,1.46426,1.46432,886399993.8964844
2011-06-06 06:14:00,1.46429,1.46448,1.46425,1.46448,851299972.5341797
2011-06-06 06:15:00,1.46454,1.46455,1.46421,1.46423,1030500030.5175781
2011-06-06 06:16:00,1.46424,1.46425,1.464,1.46416,1191100006.1035156
2011-06-06 06:17:00,1.46416,1.46422,1.464,1.464,960000000.0
2011-06-06 06:18:00,1.464,1.46413,1.46377,1.46378,1006999969.4824219
2011-06-06 06:19:00,1.46373,1.4638,1.46356,1.46375,1114300003.0517578
2011-06-06 06:20:00,1.46368,1.46413,1.46366,1.46413,1948099975.5859375
2011-06-06 06:21:00,1.46415,1.46427,1.46411,1.46419,1476100006.1035156
2011-06-06 06:22:00,1.46409,1.46415,1.46377,1.46389,1584400024.4140625
2011-06-06 06:23:00,1.46389,1.46396,1.46377,1.46378,1518099975.5859375
2011-06-06 06:24:00,1.46376,1.46409,1.46376,1.46405,1652400054.9316406
2011-06-06 06:25:00,1.46405,1.46418,1.46405,1.46411,1394299926.7578125
2011-06-06 06:26:00,1.46411,1.46448,1.46411,1.46446,1988699951.171875
2011-06-06 06:27:00,1.46448,1.4647,1.46446,1.46449,2296300048.828125
2011-06-06 06:28:00,1.46451,1.4646,1.46419,1.46422,2280500030.517578
2011-06-06 06:29:00,1.46421,1.46432,1.46386,1.46418,2336100006.1035156
2011-06-06 06:30:00,1.46418,1.46426,1.46418,1.46422,911299972.5341797
2011-06-06 06:31:00,1.46421,1.46445,1.46403,1.46443,2227100067.138672
2011-06-06 06:32:00,1.46441,1.46468,1.46434,1.46444,1653500061.0351562
2011-06-06 06:33:00,1.46444,1.46461,1.46433,1.46441,1221100006.1035156
2011-06-06 06:34:00,1.46443,1.46455,1.4644,1.4644,641299972.5341797
2011-06-06 06:35:00,1.46439,1.46476,1.46433,1.46474,2351499938.9648438
2011-06-06 06:36:00,1.46475,1.46516,1.46475,1.46508,2935199890.1367188
2011-06-06 06:37:00,1.4651,1.46536,1.46508,1.46517,2329400024.4140625
2011-06-06 06:38:00,1.46516,1.46533,1.46511,1.46533,1230800018.3105469
2011-06-06 06:39:00,1.46533,1.46545,1.46518,1.46518,2453300018.310547
2011-06-06 06:40:00,1.46518,1.46544,1.46516,1.46528,1493999938.9648438
2011-06-06 06:41:00,1.46527,1.4655,1.46524,1.46544,1916399993.8964844
2011-06-06 06:42:00,1.46547,1.46569,1.46524,1.46557,2106799926.7578125
2011-06-06 06:43:00,1.46557,1.46576,1.46553,1.46555,1877100067.1386719
2011-06-06 06:44:00,1.46555,1.4656,1.46538,1.4655,1754900054.9316406
2011-06-06 06:45:00,1.4655,1.46551,1.4653,1.46533,1743800048.828125
2011-06-06 06:46:00,1.46531,1.46549,1.46526,1.46547,1545000000.0
2011-06-06 06:47:00,1.46547,1.4657,1.46547,1.46561,2086000061.0351562
2011-06-06 06:48:00,1.46562,1.46571,1.46531,1.46537,909199981.6894531
2011-06-06 06:49:00,1.46538,1.46563,1.46535,1.46551,1653200073.2421875
2011-06-06 06:50:00,1.4655,1.46551,1.46537,1.46543,1944799957.2753906
2011-06-06 06:51:00,1.46541,1.46547,1.46527,1.4653,1774499969.4824219
2011-06-06 06:52:00,1.4653,1.46552,1.46529,1.46552,1170800018.3105469
2011-06-06 06:53:00,1.46552,1.46552,1.46524,1.46524,963799972.5341797
2011-06-06 06:54:00,1.46522,1.46557,1.46519,1.46555,1571999969.4824219
2011-06-06 06:55:00,1.46558,1.46568,1.46537,1.46566,1320899963.3789062
2011-06-06 06:56:00,1.46568,1.46575,1.4654,1.46559,1897599945.0683594
2011-06-06 06:57:00,1.46559,1.46559,1.4655,1.46557,1037399978.6376953
2011-06-06 06:58:00,1.46556,1.46556,1.46531,1.46532,1301300048.828125
2011-06-06 06:59:00,1.46532,1.46547,1.46519,1.46538,1406399993.8964844
2011-06-06 07:00:00,1.46535,1.46539,1.46491,1.46505,2355299987.7929688
2011-06-06 07:01:00,1.4651,1.4652,1.46493,1.4652,1747899932.8613281
2011-06-06 07:02:00,1.4652,1.46521,1.46471,1.4648,1608200073.2421875
2011-06-06 07:03:00,1.46479,1.46499,1.4646,1.46482,1969600067.1386719
2011-06-06 07:04:00,1.46482,1.46519,1.46473,1.46486,1698999938.9648438
2011-06-06 07:05:00,1.46486,1.46489,1.4644,1.46467,2286199951.171875
2011-06-06 07:06:00,1.46463,1.46479,1.4645,1.46479,2106199951.171875
2011-06-06 07:07:00,1.46479,1.4651,1.46449,1.4651,2711499938.9648438
2011-06-06 07:08:00,1.4651,1.46529,1.46501,1.46517,2646099853.515625
2011-06-06 07:09:00,1.46515,1.46543,1.46495,1.46539,2197599945.0683594
2011-06-06 07:10:00,1.46537,1.46537,1.46493,1.46493,2124799957.2753906
2011-06-06 07:11:00,1.46493,1.46516,1.46482,1.46514,1534600067.1386719
2011-06-06 07:12:00,1.46512,1.46538,1.46495,1.46538,2390200042.7246094
2011-06-06 07:13:00,1.46538,1.46567,1.46538,1.46552,2024400024.4140625
2011-06-06 07:14:00,1.46552,1.46569,1.46527,1.46536,2068099975.5859375
2011-06-06 07:15:00,1.46536,1.46541,1.46522,1.46532,2338500061.0351562
2011-06-06 07:16:00,1.46534,1.46534,1.46455,1.46463,2630899963.3789062
2011-06-06 07:17:00,1.46463,1.46482,1.46448,1.46458,2902900085.4492188
2011-06-06 07:18:00,1.46458,1.46512,1.46458,1.46494,2983900146.484375
2011-06-06 07:19:00,1.46489,1.4651,1.46465,1.46478,2130000000.0
2011-06-06 07:20:00,1.46479,1.46487,1.46424,1.46428,2483899993.8964844
2011-06-06 07:21:00,1.46434,1.46459,1.46423,1.46453,2152200012.2070312
2011-06-06 07:22:00,1.46452,1.46463,1.46436,1.46439,2423399963.3789062
2011-06-06 07:23:00,1.46439,1.46442,1.4643,1.46435,1335000000.0
2011-06-06 07:24:00,1.46437,1.46481,1.46429,1.46462,2966799926.7578125
2011-06-06 07:25:00,1.46462,1.46471,1.46444,1.46448,2574899902.34375
2011-06-06 07:26:00,1.46448,1.46448,1.46425,1.46431,1693500061.0351562
2011-06-06 07:27:00,1.46429,1.46431,1.46407,1.46422,2325899963.3789062
2011-06-06 07:28:00,1.4642,1.4643,1.46409,1.46417,3435100097.65625
2011-06-06 07:29:00,1.46418,1.4642,1.4641,1.46416,1354900054.9316406
2011-06-06 07:30:00,1.46415,1.46446,1.46414,1.46435,1461000061.0351562
2011-06-06 07:31:00,1.46433,1.46447,1.46412,1.46416,2481999969.482422
2011-06-06 07:32:00,1.46417,1.46462,1.46416,1.46442,2962000122.0703125
2011-06-06 07:33:00,1.46442,1.46455,1.46427,1.46439,2067100067.1386719
2011-06-06 07:34:00,1.46441,1.46448,1.46438,1.46447,1089700012.2070312
2011-06-06 07:35:00,1.46446,1.46446,1.46378,1.46378,2637799987.7929688
2011-06-06 07:36:00,1.46378,1.46387,1.46341,1.46352,1940700073.2421875
2011-06-06 07:37:00,1.46352,1.46365,1.4632,1.46321,2409900054.9316406
2011-06-06 07:38:00,1.46325,1.46357,1.4631,1.4635,2424199981.689453
2011-06-06 07:39:00,1.46351,1.46366,1.46322,1.4633,2141499938.9648438
2011-06-06 07:40:00,1.46329,1.46329,1.46269,1.46269,2481999969.482422
2011-06-06 07:41:00,1.46271,1.46289,1.46241,1.46266,3328800048.828125
2011-06-06 07:42:00,1.46267,1.46299,1.46262,1.46269,3415599975.5859375
2011-06-06 07:43:00,1.46271,1.46298,1.46271,1.46281,2694899902.34375
2011-06-06 07:44:00,1.46281,1.46311,1.46272,1.46299,2040599975.5859375
2011-06-06 07:45:00,1.46299,1.46304,1.4626,1.46262,2154400024.4140625
2011-06-06 07:46:00,1.46261,1.46269,1.46247,1.46262,2076999969.4824219
2011-06-06 07:47:00,1.46262,1.46302,1.46256,1.46277,1869799957.2753906
2011-06-06 07:48:00,1.46276,1.4629,1.46262,1.46289,1581000061.0351562
2011-06-06 07:49:00,1.46289,1.46302,1.4627,1.4627,1808999938.9648438
2011-06-06 07:50:00,1.46271,1.46311,1.46271,1.46296,2238999938.9648438
2011-06-06 07:51:00,1.46289,1.4632,1.46275,1.4632,1922599945.0683594
2011-06-06 07:52:00,1.46321,1.46335,1.46313,1.46315,1739199981.6894531
2011-06-06 07:53:00,1.46316,1.46318,1.46275,1.46281,1986399993.8964844
2011-06-06 07:54:00,1.46281,1.46295,1.46256,1.46282,2719800109.8632812
2011-06-06 07:55:00,1.46281,1.46282,1.46254,1.46256,1453500061.0351562
2011-06-06 07:56:00,1.46255,1.46277,1.46242,1.46277,1463099975.5859375
2011-06-06 07:57:00,1.46277,1.46287,1.46233,1.46235,3059500122.0703125
2011-06-06 07:58:00,1.46233,1.46233,1.46166,1.46195,2511000061.0351562
2011-06-06 07:59:00,1.46194,1.4622,1.46186,1.46207,2600100097.65625
2011-06-06 08:00:00,1.46207,1.46236,1.46191,1.46232,2869599914.5507812
2011-06-06 08:01:00,1.46231,1.46233,1.46206,1.46227,2665299987.7929688
2011-06-06 08:02:00,1.46227,1.46257,1.46223,1.46233,2185599975.5859375
2011-06-06 08:03:00,1.46233,1.46239,1.46205,1.46209,2512100067.138672
2011-06-06 08:04:00,1.4621,1.46243,1.46182,1.46243,2027400054.9316406
2011-06-06 08:05:00,1.46244,1.46259,1.46206,1.46215,3030899963.3789062
2011-06-06 08:06:00,1.46217,1.46258,1.46217,1.46251,2468600006.1035156
2011-06-06 08:07:00,1.46246,1.46272,1.46242,1.46272,3142999877.9296875
2011-06-06 08:08:00,1.46279,1.46279,1.46208,1.46245,2810100097.65625
2011-06-06 08:09:00,1.46249,1.46277,1.4623,1.46268,3040799865.7226562
2011-06-06 08:10:00,1.46269,1.46281,1.46237,1.46281,2802300109.8632812
2011-06-06 08:11:00,1.46282,1.46301,1.46268,1.46286,2138500061.0351562
2011-06-06 08:12:00,1.46285,1.46288,1.46268,1.4627,2062799987.7929688
2011-06-06 08:13:00,1.46278,1.46287,1.46265,1.46271,1481999969.4824219
2011-06-06 08:14:00,1.46271,1.4628,1.46245,1.46257,1430399932.8613281
2011-06-06 08:15:00,1.46256,1.46256,1.4617,1.46208,3021099853.515625
2011-06-06 08:16:00,1.46206,1.46206,1.46175,1.46187,3140599975.5859375
2011-06-06 08:17:00,1.46187,1.46195,1.46165,1.46193,2165099945.0683594
2011-06-06 08:18:00,1.46193,1.4622,1.46189,1.46191,2295700073.2421875
2011-06-06 08:19:00,1.46196,1.46222,1.46196,1.46209,2010299987.7929688
2011-06-06 08:20:00,1.46208,1.4624,1.46184,1.46238,2184799957.2753906
2011-06-06 08:21:00,1.46239,1.4624,1.46199,1.46205,2751799926.7578125
2011-06-06 08:22:00,1.46205,1.46215,1.46175,1.46194,2505200042.7246094
2011-06-06 08:23:00,1.46192,1.46207,1.46166,1.46207,2612900085.4492188
2011-06-06 08:24:00,1.46208,1.4623,1.46199,1.46214,2544100036.6210938
2011-06-06 08:25:00,1.46211,1.46211,1.46176,1.46176,1781999969.4824219
2011-06-06 08:26:00,1.46177,1.46218,1.46174,1.46214,2245500030.517578
2011-06-06 08:27:00,1.46214,1.4623,1.46191,1.4623,1901799926.7578125
2011-06-06 08:28:00,1.4623,1.4623,1.46185,1.46192,2321100006.1035156
2011-06-06 08:29:00,1.46191,1.46215,1.46183,1.46213,2129400024.4140625
2011-06-06 08:30:00,1.46217,1.46221,1.46173,1.4618,2716400146.484375
2011-06-06 08:31:00,1.46181,1.46243,1.4618,1.46239,3080499877.9296875
2011-06-06 08:32:00,1.46239,1.46259,1.4622,1.4622,2961099853.515625
2011-06-06 08:33:00,1.46221,1.46261,1.46221,1.46253,2341000061.0351562
2011-06-06 08:34:00,1.46253,1.46271,1.46248,1.4627,1894700012.2070312
2011-06-06 08:35:00,1.46267,1.46291,1.46265,1.46291,1676999969.4824219
2011-06-06 08:36:00,1.46291,1.46299,1.46266,1.46271,1511300048.828125
2011-06-06 08:37:00,1.4627,1.46278,1.46246,1.46249,1035299987.7929688
2011-06-06 08:38:00,1.4625,1.46301,1.46241,1.46294,2584700012.2070312
2011-06-06 08:39:00,1.46293,1.46336,1.46292,1.46328,2766000061.0351562
2011-06-06 08:40:00,1.46329,1.4637,1.46328,1.46361,2967200012.2070312
2011-06-06 08:41:00,1.46361,1.46364,1.4635,1.4635,2257899932.861328
2011-06-06 08:42:00,1.4635,1.46358,1.46319,1.46339,1626000061.0351562
2011-06-06 08:43:00,1.46339,1.46364,1.46339,1.46364,1654700012.2070312
2011-06-06 08:44:00,1.46364,1.4637,1.46359,1.4637,1519100036.6210938
2011-06-06 08:45:00,1.4637,1.46383,1.46369,1.46383,1929400024.4140625
2011-06-06 08:46:00,1.46382,1.46382,1.46343,1.46349,2426399993.8964844
2011-06-06 08:47:00,1.46349,1.46361,1.46343,1.4635,1833099975.5859375
2011-06-06 08:48:00,1.4635,1.46424,1.4635,1.46423,2386000061.0351562
2011-06-06 08:49:00,1.46422,1.46432,1.46399,1.46401,2529199981.689453
2011-06-06 08:50:00,1.46402,1.46417,1.46396,1.46404,2578800048.828125
2011-06-06 08:51:00,1.46404,1.4642,1.46394,1.46394,1744600067.1386719
2011-06-06 08:52:00,1.46395,1.46405,1.46349,1.46349,1941199951.171875
2011-06-06 08:53:00,1.46349,1.46355,1.46335,1.46355,2035800018.3105469
2011-06-06 08:54:00,1.46355,1.46389,1.46355,1.46389,1650000000.0
2011-06-06 08:55:00,1.46389,1.46407,1.46379,1.46381,1756600036.6210938
2011-06-06 08:56:00,1.46382,1.46398,1.46371,1.46383,1281999969.4824219
2011-06-06 08:57:00,1.46383,1.46387,1.46358,1.46378,1288500061.0351562
2011-06-06 08:58:00,1.46381,1.46382,1.4636,1.4636,654400024.4140625
2011-06-06 08:59:00,1.4636,1.46366,1.46339,1.46355,2091300048.828125
2011-06-06 09:00:00,1.46355,1.46386,1.46355,1.46386,2767799987.7929688
2011-06-06 09:01:00,1.46388,1.46397,1.46352,1.46367,2392700042.7246094
2011-06-06 09:02:00,1.46365,1.46409,1.46354,1.46407,2240500030.517578
2011-06-06 09:03:00,1.46409,1.46439,1.46409,1.46425,2536600036.6210938
2011-06-06 09:04:00,1.46426,1.46431,1.46399,1.46408,2117500000.0
2011-06-06 09:05:00,1.46409,1.46422,1.46391,1.46405,1756000061.0351562
2011-06-06 09:06:00,1.46411,1.46461,1.46411,1.46457,1926900024.4140625
2011-06-06 09:07:00,1.46458,1.46477,1.46433,1.46475,2675799865.7226562
2011-06-06 09:08:00,1.46475,1.46523,1.46475,1.46508,3398599853.515625
2011-06-06 09:09:00,1.46508,1.46509,1.46473,1.46483,2680599975.5859375
2011-06-06 09:10:00,1.46483,1.46512,1.46476,1.46481,2270700073.2421875
2011-06-06 09:11:00,1.46484,1.46521,1.46484,1.46516,2430800018.310547
2011-06-06 09:12:00,1.46515,1.4652,1.46497,1.46497,2143699951.171875
2011-06-06 09:13:00,1.465,1.46512,1.46497,1.46507,1528099975.5859375
2011-06-06 09:14:00,1.46507,1.46507,1.46477,1.46489,1566799926.7578125
2011-06-06 09:15:00,1.46489,1.465,1.4647,1.46471,1650299987.7929688
2011-06-06 09:16:00,1.46475,1.46484,1.4647,1.4647,1377500000.0
2011-06-06 09:17:00,1.46472,1.46479,1.46457,1.46464,1825200042.7246094
2011-06-06 09:18:00,1.46463,1.46468,1.46457,1.4646,991999969.4824219
2011-06-06 09:19:00,1.4646,1.46468,1.46459,1.46467,892799987.7929688
2011-06-06 09:20:00,1.46467,1.46467,1.46355,1.46377,2916099853.515625
2011-06-06 09:21:00,1.46378,1.46419,1.46378,1.46401,1638600006.1035156
2011-06-06 09:22:00,1.46402,1.46412,1.46382,1.46399,956299972.5341797
2011-06-06 09:23:00,1.464,1.46414,1.46383,1.46383,1988000030.5175781
2011-06-06 09:24:00,1.46384,1.46398,1.46382,1.46385,920999984.7412109
2011-06-06 09:25:00,1.46385,1.46385,1.46331,1.46356,1835000000.0
2011-06-06 09:26:00,1.46355,1.46373,1.46346,1.46349,1180100021.3623047
2011-06-06 09:27:00,1.46353,1.4636,1.46352,1.46359,1369499969.4824219
2011-06-06 09:28:00,1.46358,1.4637,1.4631,1.4631,1980899963.3789062
2011-06-06 09:29:00,1.4631,1.46323,1.4631,1.46319,1671799926.7578125
2011-06-06 09:30:00,1.4632,1.46347,1.46315,1.46336,1722599945.0683594
2011-06-06 09:31:00,1.46335,1.46351,1.46329,1.46333,1755000000.0
2011-06-06 09:32:00,1.46334,1.46335,1.4625,1.46277,2573999938.9648438
2011-06-06 09:33:00,1.46276,1.46306,1.46271,1.46291,2644800109.8632812
2011-06-06 09:34:00,1.46293,1.46295,1.46273,1.46273,2001799926.7578125
2011-06-06 09:35:00,1.46271,1.4632,1.46263,1.46306,2652000122.0703125
2011-06-06 09:36:00,1.46307,1.46364,1.46307,1.46351,2952799987.7929688
2011-06-06 09:37:00,1.46352,1.46363,1.4634,1.46345,2237899932.861328
2011-06-06 09:38:00,1.46346,1.46347,1.463,1.46338,2396699981.689453
2011-06-06 09:39:00,1.46341,1.4637,1.46332,1.46332,1661999969.4824219
2011-06-06 09:40:00,1.46329,1.46353,1.46315,1.46335,2831900024.4140625
2011-06-06 09:41:00,1.46336,1.46361,1.46335,1.46354,2043000030.5175781
2011-06-06 09:42:00,1.46355,1.46368,1.46333,1.46335,1790299987.7929688
2011-06-06 09:43:00,1.46335,1.46341,1.46316,1.4634,1406300048.828125
2011-06-06 09:44:00,1.46341,1.46362,1.46335,1.46356,2076300048.828125
2011-06-06 09:45:00,1.46355,1.46356,1.46334,1.46337,1515000000.0
2011-06-06 09:46:00,1.46341,1.46341,1.46317,1.46319,923300018.3105469
2011-06-06 09:47:00,1.46319,1.4632,1.46296,1.46298,1496999969.4824219
2011-06-06 09:48:00,1.46297,1.46309,1.46297,1.46299,1346300048.828125
2011-06-06 09:49:00,1.46298,1.46302,1.46266,1.46277,2363200073.2421875
2011-06-06 09:50:00,1.46275,1.46285,1.46266,1.4628,1796999969.4824219
2011-06-06 09:51:00,1.46278,1.46298,1.46255,1.46255,2440000000.0
2011-06-06 09:52:00,1.46253,1.46253,1.46137,1.46161,4705599975.5859375
2011-06-06 09:53:00,1.46161,1.46205,1.46161,1.4619,3120199890.1367188
2011-06-06 09:54:00,1.46188,1.4619,1.46148,1.4618,2751900024.4140625
2011-06-06 09:55:00,1.4618,1.46232,1.46172,1.46217,2971799926.7578125
2011-06-06 09:56:00,1.46217,1.46217,1.46166,1.46192,2497799987.7929688
2011-06-06 09:57:00,1.46193,1.46219,1.46193,1.46206,3382099914.5507812
2011-06-06 09:58:00,1.46205,1.46233,1.46174,1.4621,2754800109.8632812
2011-06-06 09:59:00,1.46209,1.46213,1.46143,1.46151,2028600006.1035156
2011-06-06 10:00:00,1.4615,1.46159,1.46111,1.46123,2448099975.5859375
2011-06-06 10:01:00,1.46119,1.46188,1.46117,1.46173,2788399963.3789062
2011-06-06 10:02:00,1.4617,1.46208,1.46166,1.46193,2008600006.1035156
2011-06-06 10:03:00,1.46198,1.46198,1.46068,1.46071,3511799926.7578125
2011-06-06 10:04:00,1.46071,1.46103,1.46068,1.46097,2530200042.7246094
2011-06-06 10:05:00,1.46099,1.46139,1.46099,1.46129,2838200073.2421875
2011-06-06 10:06:00,1.46128,1.46139,1.46112,1.46129,2367299957.2753906
2011-06-06 10:07:00,1.46126,1.46147,1.46121,1.46139,2063999938.9648438
2011-06-06 10:08:00,1.46139,1.46145,1.46122,1.46125,1547299957.2753906
2011-06-06 10:09:00,1.46124,1.46151,1.46114,1.46151,1342599945.0683594
2011-06-06 10:10:00,1.46151,1.46189,1.46151,1.4617,2100000000.0
2011-06-06 10:11:00,1.4617,1.46191,1.4617,1.46178,1485500030.5175781
2011-06-06 10:12:00,1.46176,1.46176,1.46149,1.46159,1736399993.8964844
2011-06-06 10:13:00,1.46159,1.46159,1.46127,1.46138,1782100067.1386719
2011-06-06 10:14:00,1.46135,1.4617,1.46135,1.46165,1608800048.828125
2011-06-06 10:15:00,1.46162,1.46169,1.4615,1.46159,1164800033.569336
2011-06-06 10:16:00,1.4616,1.46171,1.46158,1.46162,1418300018.3105469
2011-06-06 10:17:00,1.46162,1.46217,1.4616,1.46203,2268000030.517578
2011-06-06 10:18:00,1.46209,1.46245,1.462,1.46244,2589700012.2070312
2011-06-06 10:19:00,1.46244,1.46249,1.46229,1.46241,1868800048.828125
2011-06-06 10:20:00,1.46239,1.46244,1.46237,1.46242,1084599990.8447266
2011-06-06 10:21:00,1.46241,1.46241,1.46178,1.46179,1911000061.0351562
2011-06-06 10:22:00,1.46179,1.46212,1.46178,1.46199,1833899993.8964844
2011-06-06 10:23:00,1.46199,1.46199,1.46155,1.46166,1696799926.7578125
2011-06-06 10:24:00,1.46164,1.46171,1.46142,1.46153,1473800048.828125
2011-06-06 10:25:00,1.46155,1.46175,1.46143,1.46145,1693500061.0351562
2011-06-06 10:26:00,1.46145,1.46145,1.46126,1.46139,1579499969.4824219
2011-06-06 10:27:00,1.46139,1.46152,1.46125,1.46129,1678500061.0351562
2011-06-06 10:28:00,1.46129,1.4613,1.46065,1.46086,2541399993.8964844
2011-06-06 10:29:00,1.46087,1.46117,1.46085,1.46108,2018800048.828125
2011-06-06 10:30:00,1.4611,1.46137,1.46105,1.46119,1728099975.5859375
2011-06-06 10:31:00,1.46118,1.46135,1.46099,1.46131,1727100067.1386719
2011-06-06 10:32:00,1.4613,1.46133,1.4612,1.46131,1333600006.1035156
2011-06-06 10:33:00,1.46131,1.4614,1.46126,1.46131,1265299987.7929688
2011-06-06 10:34:00,1.46131,1.46131,1.46099,1.4612,1972100067.1386719
2011-06-06 10:35:00,1.46119,1.46122,1.46072,1.46082,1580500030.5175781
2011-06-06 10:36:00,1.46081,1.46088,1.4603,1.46047,2350800018.310547
2011-06-06 10:37:00,1.46046,1.4608,1.46036,1.46063,2043600006.1035156
2011-06-06 10:38:00,1.46063,1.46069,1.46041,1.46055,1842799987.7929688
2011-06-06 10:39:00,1.46056,1.46086,1.46051,1.46079,1522500000.0
2011-06-06 10:40:00,1.46079,1.46083,1.46067,1.46074,1683000030.5175781
2011-06-06 10:41:00,1.46074,1.46098,1.46069,1.46092,1930500030.5175781
2011-06-06 10:42:00,1.46092,1.46129,1.46089,1.46129,1526999969.4824219
2011-06-06 10:43:00,1.4613,1.46134,1.46111,1.46111,1565299987.7929688
2011-06-06 10:44:00,1.46108,1.46109,1.46071,1.46087,2226499938.9648438
2011-06-06 10:45:00,1.46088,1.4609,1.4606,1.4606,1234100036.6210938
2011-06-06 10:46:00,1.4606,1.46078,1.4605,1.46077,2209100036.6210938
2011-06-06 10:47:00,1.46077,1.46089,1.46076,1.46076,1346300048.828125
2011-06-06 10:48:00,1.46075,1.46083,1.46053,1.46057,1586999969.4824219
2011-06-06 10:49:00,1.46057,1.46059,1.46045,1.46046,2159600067.138672
2011-06-06 10:50:00,1.46046,1.46049,1.46033,1.46039,1051600036.6210938
2011-06-06 10:51:00,1.46039,1.46039,1.46,1.46012,2575599975.5859375
2011-06-06 10:52:00,1.46013,1.46021,1.46006,1.46013,1465299987.7929688
2011-06-06 10:53:00,1.46015,1.46038,1.46014,1.46037,1860500030.5175781
2011-06-06 10:54:00,1.46037,1.46037,1.4599,1.46003,2109499969.4824219
2011-06-06 10:55:00,1.46003,1.46015,1.45988,1.46008,2256900024.4140625
2011-06-06 10:56:00,1.46008,1.46025,1.46001,1.46015,2443000030.517578
2011-06-06 10:57:00,1.46015,1.46045,1.46013,1.46029,2732399902.34375
2011-06-06 10:58:00,1.46034,1.46035,1.46024,1.46033,1597500000.0
2011-06-06 10:59:00,1.46038,1.46074,1.46023,1.46051,1448399963.3789062
2011-06-06 11:00:00,1.4605,1.46077,1.46049,1.46059,2115000000.0
2011-06-06 11:01:00,1.46059,1.46059,1.46032,1.46051,1861999969.4824219
2011-06-06 11:02:00,1.4605,1.46111,1.4605,1.4611,2234400024.4140625
2011-06-06 11:03:00,1.46111,1.46113,1.46102,1.46109,1524299926.7578125
2011-06-06 11:04:00,1.46109,1.46112,1.46083,1.46087,2415000000.0
2011-06-06 11:05:00,1.46088,1.4609,1.46054,1.46073,1916999969.4824219
2011-06-06 11:06:00,1.46073,1.46079,1.46031,1.46041,1828000030.5175781
2011-06-06 11:07:00,1.4604,1.46093,1.46039,1.46093,1744900054.9316406
2011-06-06 11:08:00,1.46096,1.46112,1.46086,1.46106,1250500030.5175781
2011-06-06 11:09:00,1.46107,1.46122,1.46099,1.46107,1122300033.569336
2011-06-06 11:10:00,1.46107,1.46125,1.46099,1.46118,1706499938.9648438
2011-06-06 11:11:00,1.46123,1.46159,1.46121,1.46132,2222500000.0
2011-06-06 11:12:00,1.4613,1.46152,1.46127,1.46147,1729499969.4824219
2011-06-06 11:13:00,1.46149,1.46149,1.46109,1.46119,1277399978.6376953
2011-06-06 11:14:00,1.46116,1.46118,1.46087,1.46088,1042699966.4306641
2011-06-06 11:15:00,1.46088,1.46103,1.46062,1.461,1225500030.5175781
2011-06-06 11:16:00,1.46101,1.4612,1.46091,1.46091,1132500000.0
2011-06-06 11:17:00,1.46091,1.46092,1.4607,1.46071,898600006.1035156
2011-06-06 11:18:00,1.4607,1.46089,1.4606,1.46089,877500000.0
2011-06-06 11:19:00,1.4609,1.4609,1.4606,1.46065,1181299972.5341797
2011-06-06 11:20:00,1.46064,1.46064,1.46034,1.46046,1378000030.5175781
2011-06-06 11:21:00,1.46047,1.46068,1.46043,1.46062,937500000.0
2011-06-06 11:22:00,1.46062,1.46093,1.46059,1.46065,1776100006.1035156
2011-06-06 11:23:00,1.46065,1.46088,1.46065,1.46083,1043399963.3789062
2011-06-06 11:24:00,1.46082,1.4609,1.4608,1.46087,465000000.0
2011-06-06 11:25:00,1.46087,1.46089,1.46049,1.4607,1613399963.3789062
2011-06-06 11:26:00,1.4607,1.46091,1.46066,1.46088,840000000.0
2011-06-06 11:27:00,1.46094,1.4612,1.46077,1.46081,2160200042.7246094
2011-06-06 11:28:00,1.46082,1.46091,1.46071,1.46091,1531199951.171875
2011-06-06 11:29:00,1.46091,1.46123,1.46089,1.46093,1842799987.7929688
2011-06-06 11:30:00,1.46094,1.46105,1.46081,1.46081,1487400054.9316406
2011-06-06 11:31:00,1.46081,1.46085,1.46051,1.46051,995400009.1552734
2011-06-06 11:32:00,1.46052,1.4609,1.46052,1.46087,1375500030.5175781
2011-06-06 11:33:00,1.46088,1.46121,1.46082,1.46106,2139299926.7578125
2011-06-06 11:34:00,1.46108,1.46113,1.46091,1.46094,860999984.7412109
2011-06-06 11:35:00,1.46096,1.46101,1.46071,1.46087,1524100036.6210938
2011-06-06 11:36:00,1.46087,1.46097,1.46075,1.46075,900100021.3623047
2011-06-06 11:37:00,1.46074,1.46077,1.46057,1.46063,903099975.5859375
2011-06-06 11:38:00,1.46062,1.46081,1.46056,1.46072,1167900009.1552734
2011-06-06 11:39:00,1.46071,1.46071,1.46054,1.46054,965299987.7929688
2011-06-06 11:40:00,1.46053,1.46054,1.46028,1.46042,1686199951.171875
2011-06-06 11:41:00,1.46042,1.46051,1.46036,1.46042,1315599975.5859375
2011-06-06 11:42:00,1.46043,1.46055,1.46042,1.46049,920199966.4306641
2011-06-06 11:43:00,1.46048,1.46069,1.46047,1.46061,1139300003.0517578
2011-06-06 11:44:00,1.46061,1.46067,1.46057,1.4606,983300018.3105469
2011-06-06 11:45:00,1.46059,1.46059,1.46041,1.46041,515299987.79296875
2011-06-06 11:46:00,1.46041,1.46059,1.46038,1.46055,1181399993.8964844
2011-06-06 11:47:00,1.46055,1.46061,1.46042,1.46051,955500030.5175781
2011-06-06 11:48:00,1.46051,1.46067,1.46051,1.46059,889499969.4824219
2011-06-06 11:49:00,1.46061,1.46067,1.46056,1.46056,662300033.5693359
2011-06-06 11:50:00,1.46055,1.46056,1.46016,1.46021,793600006.1035156
2011-06-06 11:51:00,1.46021,1.46028,1.45989,1.46009,2748500061.0351562
2011-06-06 11:52:00,1.46011,1.4602,1.45997,1.46016,1964600067.1386719
2011-06-06 11:53:00,1.46017,1.46029,1.46017,1.46023,1118099975.5859375
2011-06-06 11:54:00,1.46023,1.46031,1.46011,1.46031,1029899978.6376953
2011-06-06 11:55:00,1.46029,1.46031,1.4602,1.46026,1123600006.1035156
2011-06-06 11:56:00,1.46027,1.46028,1.46001,1.46009,1061999969.4824219
2011-06-06 11:57:00,1.46007,1.46008,1.45965,1.45976,1513600006.1035156
2011-06-06 11:58:00,1.45976,1.46007,1.45971,1.45998,1903699951.171875
2011-06-06 11:59:00,1.45997,1.45997,1.45955,1.45961,2294400024.4140625
2011-06-06 12:00:00,1.45961,1.4599,1.45954,1.4598,2210399932.861328
2011-06-06 12:01:00,1.4598,1.46007,1.4598,1.46003,2258399963.3789062
2011-06-06 12:02:00,1.46005,1.46021,1.45984,1.45984,2541799926.7578125
2011-06-06 12:03:00,1.45984,1.46023,1.45984,1.46016,1591499938.9648438
2011-06-06 12:04:00,1.46016,1.4604,1.46016,1.46038,1968800048.828125
2011-06-06 12:05:00,1.46037,1.46045,1.46017,1.46025,1619700012.2070312
2011-06-06 12:06:00,1.46025,1.46049,1.46021,1.46039,1477500000.0
2011-06-06 12:07:00,1.46039,1.4604,1.46023,1.46037,1140000000.0
2011-06-06 12:08:00,1.46037,1.46037,1.46019,1.46027,1285899963.3789062
2011-06-06 12:09:00,1.46027,1.4605,1.46027,1.4605,1521199951.171875
2011-06-06 12:10:00,1.4605,1.4605,1.46029,1.46032,1568999938.9648438
2011-06-06 12:11:00,1.46033,1.46033,1.45989,1.45991,1652500000.0
2011-06-06 12:12:00,1.45991,1.45991,1.45964,1.45974,2098200073.2421875
2011-06-06 12:13:00,1.45971,1.45979,1.4595,1.45979,2007100067.1386719
2011-06-06 12:14:00,1.45979,1.45979,1.45957,1.45963,2640199890.1367188
2011-06-06 12:15:00,1.45961,1.45981,1.45945,1.45981,2757799987.7929688
2011-06-06 12:16:00,1.45978,1.45989,1.45954,1.45956,1758899993.8964844
2011-06-06 12:17:00,1.45951,1.45955,1.45929,1.45939,1784900054.9316406
2011-06-06 12:18:00,1.45936,1.45981,1.45936,1.45971,1223300018.3105469
2011-06-06 12:19:00,1.45971,1.45989,1.45968,1.45982,1524799957.2753906
2011-06-06 12:20:00,1.4599,1.46001,1.4598,1.45983,1783600006.1035156
2011-06-06 12:21:00,1.45983,1.45987,1.45959,1.45968,1463999938.9648438
2011-06-06 12:22:00,1.45968,1.45978,1.45931,1.45939,1306600036.6210938
2011-06-06 12:23:00,1.45939,1.4595,1.45932,1.45949,1697500000.0
2011-06-06 12:24:00,1.45951,1.45999,1.45951,1.45971,1680500030.5175781
2011-06-06 12:25:00,1.45975,1.4599,1.45956,1.4599,1604799957.2753906
2011-06-06 12:26:00,1.45989,1.46001,1.4596,1.45995,2053300018.3105469
2011-06-06 12:27:00,1.45995,1.46029,1.45987,1.46023,2095299987.7929688
2011-06-06 12:28:00,1.46024,1.46038,1.46019,1.46035,2036999969.4824219
2011-06-06 12:29:00,1.46035,1.46062,1.46032,1.46058,2335299987.7929688
2011-06-06 12:30:00,1.46055,1.46055,1.46019,1.46051,2451799926.7578125
2011-06-06 12:31:00,1.46051,1.46069,1.46029,1.46069,1641000061.0351562
2011-06-06 12:32:00,1.4607,1.46081,1.46057,1.46059,2650299987.7929688
2011-06-06 12:33:00,1.46056,1.46057,1.46027,1.4604,2379799957.2753906
2011-06-06 12:34:00,1.46038,1.46042,1.46031,1.46031,616500015.2587891
2011-06-06 12:35:00,1.46032,1.46067,1.46032,1.46053,2154100036.6210938
2011-06-06 12:36:00,1.46047,1.46101,1.46046,1.46077,2951400146.484375
2011-06-06 12:37:00,1.46077,1.46116,1.46077,1.46095,3375199890.1367188
2011-06-06 12:38:00,1.46094,1.46129,1.46086,1.46102,2595000000.0
2011-06-06 12:39:00,1.46102,1.46129,1.46102,1.46112,2296799926.7578125
2011-06-06 12:40:00,1.46112,1.46136,1.46112,1.46125,1995000000.0
2011-06-06 12:41:00,1.46117,1.46133,1.46097,1.46119,2516799926.7578125
2011-06-06 12:42:00,1.46118,1.46139,1.46098,1.46133,2812000122.0703125
2011-06-06 12:43:00,1.46133,1.46133,1.46087,1.46126,1964299926.7578125
2011-06-06 12:44:00,1.46125,1.46125,1.46067,1.46068,1441999969.4824219
2011-06-06 12:45:00,1.46067,1.46091,1.46067,1.46071,1968899993.8964844
2011-06-06 12:46:00,1.46069,1.46077,1.46057,1.46071,1870599975.5859375
2011-06-06 12:47:00,1.46072,1.46104,1.46071,1.46104,1646100006.1035156
2011-06-06 12:48:00,1.46107,1.46155,1.46106,1.46155,1785899963.3789062
2011-06-06 12:49:00,1.46155,1.4618,1.4615,1.46175,2956799926.7578125
2011-06-06 12:50:00,1.46175,1.46175,1.46138,1.46138,1455800018.3105469
2011-06-06 12:51:00,1.46136,1.46143,1.46115,1.46127,1507400054.9316406
2011-06-06 12:52:00,1.46128,1.46139,1.461,1.46106,1858899993.8964844
2011-06-06 12:53:00,1.46107,1.46117,1.46073,1.46076,1314600067.1386719
2011-06-06 12:54:00,1.46073,1.46107,1.46067,1.46099,2189600067.138672
2011-06-06 12:55:00,1.46098,1.46098,1.4606,1.46072,1579100036.6210938
2011-06-06 12:56:00,1.46071,1.46085,1.4606,1.46072,1618800048.828125
2011-06-06 12:57:00,1.46072,1.46099,1.46063,1.46066,1666100006.1035156
2011-06-06 12:58:00,1.46066,1.46072,1.46045,1.46069,2258399963.3789062
2011-06-06 12:59:00,1.4607,1.46079,1.46058,1.46075,2196499938.9648438
2011-06-06 13:00:00,1.46075,1.46077,1.4604,1.4604,2675299987.7929688
2011-06-06 13:01:00,1.46039,1.46049,1.46029,1.46043,1441000061.0351562
2011-06-06 13:02:00,1.46043,1.46044,1.4601,1.46014,1263000030.5175781
2011-06-06 13:03:00,1.46014,1.46069,1.4601,1.46047,2056000061.0351562
2011-06-06 13:04:00,1.46045,1.4606,1.46031,1.46039,2460299987.7929688
2011-06-06 13:05:00,1.46039,1.46062,1.46039,1.46054,1521999969.4824219
2011-06-06 13:06:00,1.46057,1.46092,1.46049,1.46092,1408800048.828125
2011-06-06 13:07:00,1.46094,1.46102,1.46079,1.46082,1436900024.4140625
2011-06-06 13:08:00,1.46081,1.46098,1.46071,1.46071,1726900024.4140625
2011-06-06 13:09:00,1.46069,1.46103,1.46059,1.46103,3031099853.515625
2011-06-06 13:10:00,1.46102,1.46105,1.46067,1.46067,1347700042.7246094
2011-06-06 13:11:00,1.46071,1.46086,1.46052,1.46056,1877200012.2070312
2011-06-06 13:12:00,1.46056,1.46071,1.46052,1.46065,1734299926.7578125
2011-06-06 13:13:00,1.46067,1.46087,1.46059,1.46075,1164800033.569336
2011-06-06 13:14:00,1.46072,1.46091,1.46067,1.46077,1831699981.6894531
2011-06-06 13:15:00,1.46077,1.46077,1.46054,1.46071,1703899993.8964844
2011-06-06 13:16:00,1.46071,1.46078,1.46051,1.46062,1617599945.0683594
2011-06-06 13:17:00,1.46062,1.46072,1.46058,1.46064,1384799957.2753906
2011-06-06 13:18:00,1.46058,1.46064,1.46041,1.46041,1238899993.8964844
2011-06-06 13:19:00,1.46041,1.46068,1.46041,1.46067,874700012.2070312
2011-06-06 13:20:00,1.46067,1.46079,1.46052,1.46069,1335800018.3105469
2011-06-06 13:21:00,1.4607,1.46089,1.46069,1.46089,1102500000.0
2011-06-06 13:22:00,1.46092,1.4611,1.46087,1.46109,1467400054.9316406
2011-06-06 13:23:00,1.46107,1.4613,1.461,1.4613,1452899932.8613281
2011-06-06 13:24:00,1.46133,1.46159,1.46133,1.46144,2511199951.171875
2011-06-06 13:25:00,1.46144,1.46183,1.46138,1.46177,1727700042.7246094
2011-06-06 13:26:00,1.4618,1.4621,1.46176,1.46203,3149200134.2773438
2011-06-06 13:27:00,1.46204,1.46246,1.462,1.462,2853900146.484375
2011-06-06 13:28:00,1.462,1.4625,1.46189,1.46248,1860399932.8613281
2011-06-06 13:29:00,1.46246,1.46247,1.46215,1.46229,2117899932.8613281
2011-06-06 13:30:00,1.46232,1.46237,1.46203,1.46228,2369900054.9316406
2011-06-06 13:31:00,1.4623,1.46283,1.4623,1.46282,2325899963.3789062
2011-06-06 13:32:00,1.46281,1.46282,1.46253,1.46273,2308099975.5859375
2011-06-06 13:33:00,1.46273,1.46287,1.4625,1.46259,2449600067.138672
2011-06-06 13:34:00,1.46256,1.46256,1.46185,1.46224,2543999938.9648438
2011-06-06 13:35:00,1.46226,1.46243,1.46207,1.46243,2781499938.9648438
2011-06-06 13:36:00,1.46245,1.46272,1.46238,1.46242,2960299987.7929688
2011-06-06 13:37:00,1.46242,1.46258,1.46235,1.46257,2390399932.861328
2011-06-06 13:38:00,1.46255,1.46255,1.46217,1.46231,2260899963.3789062
2011-06-06 13:39:00,1.46233,1.46236,1.46215,1.46227,1869799957.2753906
2011-06-06 13:40:00,1.46228,1.46271,1.46216,1.46267,2571000061.0351562
2011-06-06 13:41:00,1.46266,1.46266,1.46224,1.46235,1886999969.4824219
2011-06-06 13:42:00,1.46237,1.46267,1.46215,1.46216,2581799926.7578125
2011-06-06 13:43:00,1.46215,1.46215,1.46173,1.46174,2514400024.4140625
2011-06-06 13:44:00,1.46175,1.46221,1.46175,1.46217,3004800109.8632812
2011-06-06 13:45:00,1.46221,1.46234,1.46176,1.46208,3688299865.7226562
2011-06-06 13:46:00,1.46206,1.46228,1.46189,1.46203,2854100036.6210938
2011-06-06 13:47:00,1.46203,1.46219,1.46178,1.46203,3485899963.3789062
2011-06-06 13:48:00,1.46205,1.46223,1.46186,1.4619,2791900024.4140625
2011-06-06 13:49:00,1.46189,1.46197,1.4616,1.46178,3274899902.34375
2011-06-06 13:50:00,1.46177,1.46188,1.46161,1.46166,2382299957.2753906
2011-06-06 13:51:00,1.46167,1.46169,1.46113,1.46116,2876499938.9648438
2011-06-06 13:52:00,1.46113,1.46158,1.46112,1.46138,3434500122.0703125
2011-06-06 13:53:00,1.46138,1.46149,1.46104,1.46148,2272400054.9316406
2011-06-06 13:54:00,1.46147,1.46148,1.46116,1.46118,2145000000.0
2011-06-06 13:55:00,1.46118,1.46131,1.46105,1.46118,2083099975.5859375
2011-06-06 13:56:00,1.46118,1.46119,1.46093,1.46093,1252099990.8447266
2011-06-06 13:57:00,1.46093,1.46128,1.46085,1.4612,2331399993.8964844
2011-06-06 13:58:00,1.4612,1.46151,1.4612,1.46141,2104799957.2753906
2011-06-06 13:59:00,1.46139,1.4618,1.46123,1.46168,2527799987.7929688
2011-06-06 14:00:00,1.46168,1.46181,1.46155,1.46175,2575299987.7929688
2011-06-06 14:01:00,1.46175,1.46175,1.46128,1.46149,2006000061.0351562
2011-06-06 14:02:00,1.46149,1.46205,1.4614,1.46203,3311199951.171875
2011-06-06 14:03:00,1.46209,1.4622,1.46151,1.46161,2962600097.65625
2011-06-06 14:04:00,1.46159,1.46196,1.46152,1.46171,3236099853.515625
2011-06-06 14:05:00,1.4617,1.46199,1.46162,1.46167,2675000000.0
2011-06-06 14:06:00,1.46167,1.46171,1.46084,1.46089,3116000061.0351562
2011-06-06 14:07:00,1.46089,1.46107,1.46062,1.46067,2093699951.171875
2011-06-06 14:08:00,1.46067,1.46078,1.46058,1.46067,2591099853.515625
2011-06-06 14:09:00,1.46067,1.46067,1.45999,1.46,2084700012.2070312
2011-06-06 14:10:00,1.46004,1.46035,1.46004,1.46023,2742399902.34375
2011-06-06 14:11:00,1.46023,1.46048,1.46021,1.46022,1666999969.4824219
2011-06-06 14:12:00,1.46022,1.46022,1.45972,1.46008,3436499938.9648438
2011-06-06 14:13:00,1.46008,1.46041,1.45995,1.46024,2596099853.515625
2011-06-06 14:14:00,1.46024,1.46068,1.46024,1.46057,2012500000.0
2011-06-06 14:15:00,1.46058,1.46059,1.46011,1.46029,1991499938.9648438
2011-06-06 14:16:00,1.46028,1.46038,1.46017,1.46019,2180500030.517578
2011-06-06 14:17:00,1.46017,1.46031,1.45989,1.46023,3331400146.484375
2011-06-06 14:18:00,1.46023,1.46042,1.45999,1.46005,3288599853.515625
2011-06-06 14:19:00,1.46003,1.46036,1.45989,1.46,3074500122.0703125
2011-06-06 14:20:00,1.46002,1.46003,1.45942,1.45972,3341000061.0351562
2011-06-06 14:21:00,1.45971,1.45991,1.45965,1.45979,1933200073.2421875
2011-06-06 14:22:00,1.45981,1.46021,1.45963,1.45992,2916400146.484375
2011-06-06 14:23:00,1.45992,1.4604,1.45978,1.46031,2780199890.1367188
2011-06-06 14:24:00,1.46031,1.46057,1.46022,1.46049,2610899963.3789062
2011-06-06 14:25:00,1.46049,1.46049,1.46018,1.46022,1540399932.8613281
2011-06-06 14:26:00,1.46022,1.46078,1.46022,1.46077,2665000000.0
2011-06-06 14:27:00,1.46078,1.46092,1.46078,1.4609,1814299926.7578125
2011-06-06 14:28:00,1.4609,1.461,1.46067,1.46071,2328200073.2421875
2011-06-06 14:29:00,1.46068,1.46087,1.46063,1.4607,2360000000.0
2011-06-06 14:30:00,1.4607,1.46099,1.46051,1.46097,2294400024.4140625
2011-06-06 14:31:00,1.46097,1.46124,1.46082,1.46097,2737399902.34375
2011-06-06 14:32:00,1.46096,1.46096,1.46071,1.46072,2579500122.0703125
2011-06-06 14:33:00,1.46076,1.46106,1.46064,1.46106,2937799987.7929688
2011-06-06 14:34:00,1.46109,1.46124,1.46081,1.4609,1811699981.6894531
2011-06-06 14:35:00,1.4609,1.46111,1.46075,1.46101,1977200012.2070312
2011-06-06 14:36:00,1.46104,1.46115,1.46089,1.46103,2352700042.7246094
2011-06-06 14:37:00,1.46102,1.46111,1.46087,1.46087,1913000030.5175781
2011-06-06 14:38:00,1.46087,1.46091,1.4606,1.46069,2146199951.171875
2011-06-06 14:39:00,1.4607,1.46081,1.46061,1.46063,1817400054.9316406
2011-06-06 14:40:00,1.46061,1.46084,1.46059,1.4608,1742400054.9316406
2011-06-06 14:41:00,1.46078,1.46079,1.46054,1.46057,1656799926.7578125
2011-06-06 14:42:00,1.46057,1.46071,1.46027,1.46067,2351999969.482422
2011-06-06 14:43:00,1.46068,1.46068,1.46008,1.46048,2941400146.484375
2011-06-06 14:44:00,1.46048,1.46064,1.46037,1.46052,2639400024.4140625
2011-06-06 14:45:00,1.46051,1.46061,1.46022,1.46026,2158000030.517578
2011-06-06 14:46:00,1.46025,1.46026,1.45973,1.45981,2847600097.65625
2011-06-06 14:47:00,1.4598,1.46003,1.4596,1.46003,2907999877.9296875
2011-06-06 14:48:00,1.4601,1.46015,1.45988,1.45991,2109299926.7578125
2011-06-06 14:49:00,1.45991,1.46013,1.45989,1.46012,1755399932.8613281
2011-06-06 14:50:00,1.46012,1.46037,1.46011,1.46032,2038600006.1035156
2011-06-06 14:51:00,1.46031,1.46041,1.46,1.46007,1761499938.9648438
2011-06-06 14:52:00,1.46006,1.4602,1.45975,1.4602,1804299926.7578125
2011-06-06 14:53:00,1.46021,1.46058,1.4602,1.4604,2330899963.3789062
2011-06-06 14:54:00,1.4604,1.4604,1.45999,1.46001,1663600006.1035156
2011-06-06 14:55:00,1.46,1.46024,1.45973,1.45988,2570499877.9296875
2011-06-06 14:56:00,1.45989,1.46009,1.45965,1.45975,1518200073.2421875
2011-06-06 14:57:00,1.45977,1.46011,1.45974,1.46001,2281600036.6210938
2011-06-06 14:58:00,1.46004,1.46029,1.45982,1.46029,1981199951.171875
2011-06-06 14:59:00,1.46034,1.46049,1.46019,1.4604,2462100067.138672
2011-06-06 15:00:00,1.4604,1.4605,1.46019,1.46029,3232699890.1367188
2011-06-06 15:01:00,1.46027,1.46069,1.46025,1.46069,2779200134.2773438
2011-06-06 15:02:00,1.46064,1.46064,1.4603,1.46038,2882799987.7929688
2011-06-06 15:03:00,1.46038,1.46049,1.46024,1.46047,2416000061.0351562
2011-06-06 15:04:00,1.46046,1.46058,1.46034,1.46055,2353099975.5859375
2011-06-06 15:05:00,1.46057,1.46082,1.46057,1.46079,1936100006.1035156
2011-06-06 15:06:00,1.46083,1.46085,1.4607,1.46079,1854900054.9316406
2011-06-06 15:07:00,1.46079,1.46089,1.46071,1.46072,2410399932.861328
2011-06-06 15:08:00,1.46073,1.46082,1.46061,1.46071,2160899963.3789062
2011-06-06 15:09:00,1.46071,1.46088,1.46062,1.46081,1773999938.9648438
2011-06-06 15:10:00,1.46081,1.46092,1.46069,1.46089,2336000061.0351562
2011-06-06 15:11:00,1.46089,1.46132,1.46088,1.4613,2103500061.0351562
2011-06-06 15:12:00,1.46127,1.46129,1.46099,1.4612,2979700012.2070312
2011-06-06 15:13:00,1.46121,1.46145,1.46098,1.46101,2119700012.2070312
2011-06-06 15:14:00,1.46101,1.46129,1.46101,1.46113,1511000061.0351562
2011-06-06 15:15:00,1.46116,1.46152,1.46111,1.46146,2124299926.7578125
2011-06-06 15:16:00,1.46148,1.4616,1.46121,1.46141,1847599945.0683594
2011-06-06 15:17:00,1.4614,1.46147,1.46114,1.46147,1372700042.7246094
2011-06-06 15:18:00,1.46146,1.46154,1.46131,1.46148,2044600067.1386719
2011-06-06 15:19:00,1.46145,1.4615,1.46121,1.46124,1581900024.4140625
2011-06-06 15:20:00,1.46127,1.46138,1.46113,1.46117,1856100006.1035156
2011-06-06 15:21:00,1.46117,1.46149,1.46117,1.46144,1445500030.5175781
2011-06-06 15:22:00,1.46142,1.46185,1.46137,1.46178,2370700073.2421875
2011-06-06 15:23:00,1.46177,1.46177,1.46142,1.46144,2079799957.2753906
2011-06-06 15:24:00,1.46144,1.46181,1.46144,1.46167,1348699951.171875
2011-06-06 15:25:00,1.46173,1.46179,1.46135,1.46137,1824100036.6210938
2011-06-06 15:26:00,1.46136,1.46151,1.46133,1.46145,1057900009.1552734
2011-06-06 15:27:00,1.46147,1.46157,1.46136,1.46156,1455599975.5859375
2011-06-06 15:28:00,1.46158,1.46158,1.46144,1.46154,790699996.9482422
2011-06-06 15:29:00,1.46156,1.46158,1.46139,1.46156,1219800033.569336
2011-06-06 15:30:00,1.46156,1.46156,1.46115,1.46135,1551100006.1035156
2011-06-06 15:31:00,1.46136,1.46151,1.46121,1.46127,1310099945.0683594
2011-06-06 15:32:00,1.46126,1.46127,1.46095,1.46119,2188300018.310547
2011-06-06 15:33:00,1.4612,1.46139,1.46116,1.46124,1318000030.5175781
2011-06-06 15:34:00,1.46123,1.46152,1.46123,1.46148,1798200073.2421875
2011-06-06 15:35:00,1.46147,1.46242,1.46147,1.4624,2324100036.6210938
2011-06-06 15:36:00,1.46238,1.46238,1.46205,1.46215,2068200073.2421875
2011-06-06 15:37:00,1.46213,1.4622,1.46175,1.46189,1518000030.5175781
2011-06-06 15:38:00,1.46188,1.46204,1.46177,1.46177,1213899993.8964844
2011-06-06 15:39:00,1.46177,1.46188,1.46177,1.46177,1046200027.4658203
2011-06-06 15:40:00,1.46178,1.46199,1.46178,1.46186,1309700012.2070312
2011-06-06 15:41:00,1.46186,1.46191,1.46136,1.46142,1747299957.2753906
2011-06-06 15:42:00,1.4614,1.4616,1.46135,1.46155,1442700042.7246094
2011-06-06 15:43:00,1.46156,1.46166,1.46139,1.46166,1690299987.7929688
2011-06-06 15:44:00,1.46165,1.46167,1.4611,1.46125,1391600036.6210938
2011-06-06 15:45:00,1.46125,1.46131,1.46115,1.46117,1642899932.8613281
2011-06-06 15:46:00,1.46117,1.46148,1.46117,1.46143,734199981.6894531
2011-06-06 15:47:00,1.46143,1.46147,1.46135,1.4614,1236900024.4140625
2011-06-06 15:48:00,1.4614,1.46156,1.46132,1.46151,1097099990.8447266
2011-06-06 15:49:00,1.4615,1.46152,1.46127,1.46129,1027500000.0
2011-06-06 15:50:00,1.46124,1.46129,1.46091,1.46121,1788699951.171875
2011-06-06 15:51:00,1.46121,1.46126,1.46106,1.46117,1038899993.8964844
2011-06-06 15:52:00,1.46117,1.46119,1.46105,1.46105,863899993.8964844
2011-06-06 15:53:00,1.46105,1.46109,1.46095,1.46105,1145999984.741211
2011-06-06 15:54:00,1.46105,1.46161,1.46105,1.46156,1626399993.8964844
2011-06-06 15:55:00,1.46155,1.46187,1.46155,1.46185,1336300048.828125
2011-06-06 15:56:00,1.46185,1.46197,1.46178,1.46188,1367599945.0683594
2011-06-06 15:57:00,1.46186,1.46202,1.46154,1.46195,1712200012.2070312
2011-06-06 15:58:00,1.46195,1.46247,1.46194,1.46195,2661600036.6210938
2011-06-06 15:59:00,1.46196,1.4622,1.46191,1.46193,2154400024.4140625
2011-06-06 16:00:00,1.46191,1.46194,1.4614,1.46153,3099500122.0703125
2011-06-06 16:01:00,1.46154,1.4617,1.46141,1.4617,1826999969.4824219
2011-06-06 16:02:00,1.46172,1.46174,1.4614,1.46146,1910500030.5175781
2011-06-06 16:03:00,1.46146,1.46146,1.46135,1.46139,920199966.4306641
2011-06-06 16:04:00,1.46141,1.46152,1.46111,1.46111,913000030.5175781
2011-06-06 16:05:00,1.46109,1.46109,1.46067,1.46079,1377100067.1386719
2011-06-06 16:06:00,1.46079,1.46116,1.46079,1.46105,1521799926.7578125
2011-06-06 16:07:00,1.46103,1.46107,1.46078,1.46089,1483099975.5859375
2011-06-06 16:08:00,1.46089,1.461,1.46076,1.46098,857600021.3623047
2011-06-06 16:09:00,1.46097,1.46151,1.46097,1.46151,1071299972.5341797
2011-06-06 16:10:00,1.46152,1.46167,1.46136,1.46136,1209400024.4140625
2011-06-06 16:11:00,1.46133,1.46134,1.46098,1.46099,1620800018.3105469
2011-06-06 16:12:00,1.46098,1.46108,1.46096,1.461,1038000030.5175781
2011-06-06 16:13:00,1.46101,1.46127,1.46101,1.46113,1391199951.171875
2011-06-06 16:14:00,1.46113,1.46128,1.46113,1.46126,1459299926.7578125
2011-06-06 16:15:00,1.46125,1.46128,1.46114,1.46119,743199996.9482422
2011-06-06 16:16:00,1.46115,1.46115,1.46095,1.46098,1029100036.6210938
2011-06-06 16:17:00,1.46098,1.46098,1.46076,1.46077,878099975.5859375
2011-06-06 16:18:00,1.4608,1.46092,1.4605,1.46051,1232099990.8447266
2011-06-06 16:19:00,1.46054,1.46066,1.46048,1.46051,1224499969.4824219
2011-06-06 16:20:00,1.46051,1.46074,1.46038,1.46069,1089599990.8447266
2011-06-06 16:21:00,1.46069,1.46083,1.46052,1.46052,1850599975.5859375
2011-06-06 16:22:00,1.46053,1.46059,1.46039,1.46051,1710599975.5859375
2011-06-06 16:23:00,1.46049,1.46051,1.46041,1.46051,870899963.3789062
2011-06-06 16:24:00,1.46051,1.46073,1.4605,1.46069,1188899993.8964844
2011-06-06 16:25:00,1.46069,1.46079,1.46068,1.46068,733499984.7412109
2011-06-06 16:26:00,1.46068,1.46068,1.4604,1.46041,808799972.5341797
2011-06-06 16:27:00,1.46042,1.46073,1.46042,1.46071,1259199981.6894531
2011-06-06 16:28:00,1.4607,1.46107,1.46065,1.461,1712400054.9316406
2011-06-06 16:29:00,1.46101,1.46101,1.46043,1.46054,1669900054.9316406
2011-06-06 16:30:00,1.46059,1.46065,1.46041,1.46041,1763500061.0351562
2011-06-06 16:31:00,1.46041,1.4606,1.46034,1.46052,980999984.7412109
2011-06-06 16:32:00,1.46051,1.46052,1.46035,1.46039,846900024.4140625
2011-06-06 16:33:00,1.46039,1.46039,1.46021,1.46036,1171999969.4824219
2011-06-06 16:34:00,1.4604,1.46043,1.45984,1.45986,2567000122.0703125
2011-06-06 16:35:00,1.45983,1.45985,1.4595,1.45958,1978699951.171875
2011-06-06 16:36:00,1.45958,1.45979,1.45935,1.45969,1940899963.3789062
2011-06-06 16:37:00,1.45969,1.46008,1.45965,1.45981,1924700012.2070312
2011-06-06 16:38:00,1.45979,1.45989,1.45967,1.45979,1334499969.4824219
2011-06-06 16:39:00,1.45979,1.45999,1.45977,1.45991,1090199966.430664
2011-06-06 16:40:00,1.4599,1.46001,1.45977,1.45978,1283300018.3105469
2011-06-06 16:41:00,1.45978,1.4598,1.45924,1.45924,1696699981.6894531
2011-06-06 16:42:00,1.45924,1.45924,1.45898,1.45908,1810399932.8613281
2011-06-06 16:43:00,1.45908,1.45949,1.45905,1.45947,1793500061.0351562
2011-06-06 16:44:00,1.45945,1.45958,1.45939,1.45949,1337400054.9316406
2011-06-06 16:45:00,1.45951,1.45951,1.45937,1.45938,1030100021.3623047
2011-06-06 16:46:00,1.45937,1.45948,1.45937,1.45942,1300800018.3105469
2011-06-06 16:47:00,1.45942,1.45945,1.45929,1.45931,1463999938.9648438
2011-06-06 16:48:00,1.45932,1.45947,1.45932,1.45944,716399993.8964844
2011-06-06 16:49:00,1.45944,1.45946,1.4593,1.45934,880400009.1552734
2011-06-06 16:50:00,1.45935,1.45963,1.45935,1.45949,1629499969.4824219
2011-06-06 16:51:00,1.45949,1.45967,1.45948,1.45966,1154199981.6894531
2011-06-06 16:52:00,1.45965,1.45965,1.45939,1.45939,833600006.1035156
2011-06-06 16:53:00,1.45938,1.45968,1.45937,1.45968,945199966.4306641
2011-06-06 16:54:00,1.45967,1.45988,1.45959,1.45988,1354600067.1386719
2011-06-06 16:55:00,1.4599,1.46021,1.45987,1.45998,1414600067.1386719
2011-06-06 16:56:00,1.45998,1.46,1.45976,1.45978,1514700012.2070312
2011-06-06 16:57:00,1.45976,1.45993,1.45962,1.45988,1612700042.7246094
2011-06-06 16:58:00,1.45988,1.46021,1.45987,1.46013,1378099975.5859375
2011-06-06 16:59:00,1.46014,1.46049,1.46011,1.46044,1274000015.258789
2011-06-06 17:00:00,1.46045,1.46061,1.46005,1.46011,1968899993.8964844
2011-06-06 17:01:00,1.46012,1.46021,1.45997,1.46009,1491000061.0351562
2011-06-06 17:02:00,1.46011,1.46018,1.45999,1.46018,1550299987.7929688
2011-06-06 17:03:00,1.46018,1.46019,1.45983,1.45995,1764299926.7578125
2011-06-06 17:04:00,1.45992,1.45995,1.45953,1.45965,1503399963.3789062
2011-06-06 17:05:00,1.45965,1.45983,1.45957,1.4598,1822299957.2753906
2011-06-06 17:06:00,1.45976,1.45997,1.45972,1.45997,1286399993.8964844
2011-06-06 17:07:00,1.45998,1.46029,1.45998,1.46019,1320200042.7246094
2011-06-06 17:08:00,1.46022,1.4603,1.46,1.46006,1060100021.3623047
2011-06-06 17:09:00,1.46006,1.46006,1.45989,1.45989,943499984.7412109
2011-06-06 17:10:00,1.45988,1.46033,1.45984,1.46033,1620399932.8613281
2011-06-06 17:11:00,1.46033,1.4605,1.46016,1.46017,1354499969.4824219
2011-06-06 17:12:00,1.46018,1.4604,1.46011,1.46036,1081600036.6210938
2011-06-06 17:13:00,1.46034,1.46035,1.45999,1.46002,1281999969.4824219
2011-06-06 17:14:00,1.46002,1.46036,1.46001,1.46035,938700027.4658203
2011-06-06 17:15:00,1.46035,1.4608,1.46034,1.46077,1373600006.1035156
2011-06-06 17:16:00,1.46077,1.46077,1.46049,1.4606,2098099975.5859375
2011-06-06 17:17:00,1.46061,1.4607,1.46045,1.46048,957600021.3623047
2011-06-06 17:18:00,1.46049,1.46057,1.4603,1.46031,912300033.5693359
2011-06-06 17:19:00,1.46029,1.46061,1.46029,1.46051,1135800018.3105469
2011-06-06 17:20:00,1.46051,1.46055,1.46032,1.46041,1610099945.0683594
2011-06-06 17:21:00,1.46041,1.46042,1.46021,1.46021,1006200027.4658203
2011-06-06 17:22:00,1.46021,1.46049,1.4601,1.46048,1473800048.828125
2011-06-06 17:23:00,1.4605,1.46053,1.46029,1.46032,1527899932.8613281
2011-06-06 17:24:00,1.4603,1.46051,1.46019,1.46051,1311799926.7578125
2011-06-06 17:25:00,1.46052,1.46052,1.45996,1.45996,1009800033.5693359
2011-06-06 17:26:00,1.45996,1.4603,1.45995,1.46025,1289400024.4140625
2011-06-06 17:27:00,1.46025,1.46032,1.46019,1.46026,975000000.0
2011-06-06 17:28:00,1.46028,1.46031,1.46016,1.46031,955899963.3789062
2011-06-06 17:29:00,1.46031,1.46042,1.46031,1.46031,652500000.0
2011-06-06 17:30:00,1.46031,1.46038,1.46027,1.4603,707300033.5693359
2011-06-06 17:31:00,1.46031,1.46049,1.46027,1.46048,1146399993.8964844
2011-06-06 17:32:00,1.46049,1.46052,1.4603,1.46042,641299972.5341797
2011-06-06 17:33:00,1.46042,1.46042,1.46002,1.46028,1601600036.6210938
2011-06-06 17:34:00,1.46032,1.46032,1.45976,1.45986,1437899932.8613281
2011-06-06 17:35:00,1.45986,1.46013,1.45986,1.46013,1086299972.5341797
2011-06-06 17:36:00,1.46013,1.46026,1.46001,1.46018,1493399963.3789062
2011-06-06 17:37:00,1.46018,1.46042,1.46017,1.46032,1264800033.569336
2011-06-06 17:38:00,1.46034,1.46035,1.46009,1.46014,1117200012.2070312
2011-06-06 17:39:00,1.46013,1.46025,1.46001,1.46009,1340599975.5859375
2011-06-06 17:40:00,1.46008,1.46009,1.45976,1.45989,1297799987.7929688
2011-06-06 17:41:00,1.45987,1.45994,1.45981,1.45988,1152600021.3623047
2011-06-06 17:42:00,1.45988,1.45988,1.45969,1.45977,1503800048.828125
2011-06-06 17:43:00,1.45978,1.46001,1.45972,1.45994,1401000061.0351562
2011-06-06 17:44:00,1.45995,1.45995,1.45962,1.45962,1460399932.8613281
2011-06-06 17:45:00,1.4596,1.4596,1.45918,1.4592,2628500061.0351562
2011-06-06 17:46:00,1.45918,1.45929,1.459,1.45918,1808999938.9648438
2011-06-06 17:47:00,1.45919,1.4597,1.45915,1.45968,2568299865.7226562
2011-06-06 17:48:00,1.45965,1.45965,1.4593,1.45954,2816600036.6210938
2011-06-06 17:49:00,1.45954,1.45963,1.45939,1.45939,1202099990.8447266
2011-06-06 17:50:00,1.45933,1.45943,1.45924,1.45927,1686600036.6210938
2011-06-06 17:51:00,1.45927,1.45955,1.45927,1.45937,1556600036.6210938
2011-06-06 17:52:00,1.45939,1.45948,1.45929,1.45939,1394100036.6210938
2011-06-06 17:53:00,1.45938,1.45951,1.45926,1.45945,1449700012.2070312
2011-06-06 17:54:00,1.45951,1.45963,1.45925,1.4594,1881000061.0351562
2011-06-06 17:55:00,1.45939,1.45957,1.45939,1.45949,561599998.4741211
2011-06-06 17:56:00,1.45949,1.45951,1.45917,1.45917,938300018.3105469
2011-06-06 17:57:00,1.45915,1.45948,1.45905,1.45948,1993800048.828125
2011-06-06 17:58:00,1.45948,1.4595,1.45926,1.45945,1439100036.6210938
2011-06-06 17:59:00,1.45944,1.45945,1.45926,1.45936,1179000015.258789
2011-06-06 18:00:00,1.45936,1.45968,1.45935,1.45966,1743800048.828125
2011-06-06 18:01:00,1.45969,1.46003,1.45967,1.45999,1740500030.5175781
2011-06-06 18:02:00,1.45998,1.46,1.45969,1.45973,1348600006.1035156
2011-06-06 18:03:00,1.45971,1.45981,1.45962,1.45967,1373600006.1035156
2011-06-06 18:04:00,1.45969,1.45979,1.45959,1.45968,1508999938.9648438
2011-06-06 18:05:00,1.45967,1.45989,1.45967,1.45977,586800003.0517578
2011-06-06 18:06:00,1.45976,1.45982,1.45949,1.45949,1801100006.1035156
2011-06-06 18:07:00,1.45948,1.45957,1.45936,1.45938,1258600006.1035156
2011-06-06 18:08:00,1.45937,1.45987,1.45933,1.45987,1941600036.6210938
2011-06-06 18:09:00,1.45986,1.46025,1.45986,1.46009,1394600067.1386719
2011-06-06 18:10:00,1.46009,1.46021,1.45984,1.45989,1268899993.8964844
2011-06-06 18:11:00,1.45993,1.46004,1.45982,1.45995,1658200073.2421875
2011-06-06 18:12:00,1.45997,1.4601,1.45982,1.45991,1551900024.4140625
2011-06-06 18:13:00,1.4599,1.4599,1.45966,1.45969,1383200073.2421875
2011-06-06 18:14:00,1.45969,1.45988,1.45969,1.4598,1251299972.5341797
2011-06-06 18:15:00,1.4598,1.45985,1.45961,1.45963,861100006.1035156
2011-06-06 18:16:00,1.45963,1.45967,1.45946,1.45955,1092300033.569336
2011-06-06 18:17:00,1.45955,1.45968,1.45955,1.45967,1248799972.5341797
2011-06-06 18:18:00,1.45966,1.45972,1.45957,1.45971,652500000.0
2011-06-06 18:19:00,1.45972,1.45989,1.45963,1.45987,939300003.0517578
2011-06-06 18:20:00,1.45989,1.46028,1.45978,1.46023,1199899978.6376953
2011-06-06 18:21:00,1.46025,1.4604,1.46023,1.46023,1005000000.0
2011-06-06 18:22:00,1.46022,1.46022,1.46006,1.46006,1483999938.9648438
2011-06-06 18:23:00,1.46005,1.46015,1.46004,1.46004,1080800018.3105469
2011-06-06 18:24:00,1.46007,1.46018,1.45985,1.45986,1777500000.0
2011-06-06 18:25:00,1.45984,1.45988,1.45978,1.45987,551300010.6811523
2011-06-06 18:26:00,1.45987,1.45991,1.45955,1.45963,1088399963.3789062
2011-06-06 18:27:00,1.45962,1.45962,1.45886,1.45891,2348300018.310547
2011-06-06 18:28:00,1.45892,1.45929,1.45887,1.45929,1243799972.5341797
2011-06-06 18:29:00,1.45929,1.45929,1.45903,1.45915,1087500000.0
2011-06-06 18:30:00,1.45915,1.45927,1.45906,1.45906,991699981.6894531
2011-06-06 18:31:00,1.45905,1.45906,1.45865,1.45879,1468200073.2421875
2011-06-06 18:32:00,1.45878,1.45879,1.45868,1.45877,943799972.5341797
2011-06-06 18:33:00,1.45877,1.45889,1.45873,1.45884,1176200027.4658203
2011-06-06 18:34:00,1.45884,1.45898,1.45878,1.45878,1106299972.5341797
2011-06-06 18:35:00,1.4588,1.45891,1.45873,1.45881,1629799957.2753906
2011-06-06 18:36:00,1.45881,1.45887,1.45874,1.45887,810000000.0
2011-06-06 18:37:00,1.45887,1.45887,1.45843,1.45847,1640399932.8613281
2011-06-06 18:38:00,1.45847,1.45881,1.45846,1.45864,1637899932.8613281
2011-06-06 18:39:00,1.45868,1.45871,1.45858,1.45864,996399993.8964844
2011-06-06 18:40:00,1.45864,1.45869,1.4584,1.45846,1117500000.0
2011-06-06 18:41:00,1.45847,1.45857,1.45842,1.45845,1222799987.7929688
2011-06-06 18:42:00,1.45845,1.45845,1.45829,1.45834,1459499969.4824219
2011-06-06 18:43:00,1.45834,1.45859,1.45831,1.45858,1662799987.7929688
2011-06-06 18:44:00,1.45859,1.4587,1.45842,1.45846,1550599975.5859375
2011-06-06 18:45:00,1.45846,1.45864,1.45846,1.4585,1067900009.1552734
2011-06-06 18:46:00,1.45849,1.4586,1.45845,1.4586,1218099975.5859375
2011-06-06 18:47:00,1.4586,1.45862,1.45857,1.45859,487500000.0
2011-06-06 18:48:00,1.45859,1.4586,1.4584,1.45842,912300033.5693359
2011-06-06 18:49:00,1.45842,1.45847,1.45795,1.45806,1866499938.9648438
2011-06-06 18:50:00,1.45811,1.4583,1.45797,1.45801,2275099945.0683594
2011-06-06 18:51:00,1.45801,1.45827,1.45801,1.4581,1678099975.5859375
2011-06-06 18:52:00,1.4581,1.45831,1.458,1.45822,1788300018.3105469
2011-06-06 18:53:00,1.45822,1.45827,1.45791,1.45799,2033800048.828125
2011-06-06 18:54:00,1.45799,1.45806,1.45779,1.45781,1505599975.5859375
2011-06-06 18:55:00,1.45781,1.45788,1.45756,1.45766,3442600097.65625
2011-06-06 18:56:00,1.45767,1.45767,1.45738,1.45747,3316900024.4140625
2011-06-06 18:57:00,1.45748,1.45779,1.45746,1.4577,2261399993.8964844
2011-06-06 18:58:00,1.4577,1.45781,1.45757,1.45781,1532400054.9316406
2011-06-06 18:59:00,1.45782,1.45863,1.45778,1.45851,2944299926.7578125
2011-06-06 19:00:00,1.45849,1.45859,1.45848,1.45856,1568699951.171875
2011-06-06 19:01:00,1.45857,1.4589,1.45857,1.4588,1523699951.171875
2011-06-06 19:02:00,1.45879,1.4589,1.45872,1.45876,1820000000.0
2011-06-06 19:03:00,1.45875,1.45889,1.45875,1.45879,787500000.0
2011-06-06 19:04:00,1.4588,1.45884,1.45847,1.45847,1775399932.8613281
2011-06-06 19:05:00,1.4585,1.4586,1.45841,1.45848,1168399963.3789062
2011-06-06 19:06:00,1.45848,1.4586,1.45816,1.45817,1617500000.0
2011-06-06 19:07:00,1.45817,1.45818,1.4578,1.45811,2231699981.689453
2011-06-06 19:08:00,1.4581,1.45811,1.45768,1.45774,2396000061.0351562
2011-06-06 19:09:00,1.45775,1.45778,1.45765,1.4577,1136299972.5341797
2011-06-06 19:10:00,1.4577,1.45779,1.45734,1.45758,2449799957.2753906
2011-06-06 19:11:00,1.45756,1.45761,1.45723,1.45735,2411100006.1035156
2011-06-06 19:12:00,1.45734,1.45755,1.4563,1.45636,3390199890.1367188
2011-06-06 19:13:00,1.45635,1.45673,1.45618,1.45625,3185299987.7929688
2011-06-06 19:14:00,1.45625,1.45689,1.45625,1.45684,2372400054.9316406
2011-06-06 19:15:00,1.45683,1.45695,1.45676,1.45677,1935200042.7246094
2011-06-06 19:16:00,1.45677,1.4569,1.45667,1.45676,2522899932.861328
2011-06-06 19:17:00,1.45673,1.45679,1.45651,1.4567,1430000000.0
2011-06-06 19:18:00,1.45667,1.4571,1.45667,1.45689,2304700012.2070312
2011-06-06 19:19:00,1.45688,1.45688,1.45668,1.45685,1003499984.7412109
2011-06-06 19:20:00,1.45685,1.45699,1.45643,1.45651,2115399932.8613281
2011-06-06 19:21:00,1.45651,1.45666,1.45573,1.45591,2596900024.4140625
2011-06-06 19:22:00,1.45591,1.45603,1.4558,1.45592,2146499938.9648438
2011-06-06 19:23:00,1.45592,1.45609,1.45588,1.456,1451300048.828125
2011-06-06 19:24:00,1.456,1.4566,1.456,1.45644,1751799926.7578125
2011-06-06 19:25:00,1.45644,1.45683,1.45644,1.45668,1610099945.0683594
2011-06-06 19:26:00,1.45669,1.45669,1.45637,1.45665,1882500000.0
2011-06-06 19:27:00,1.45667,1.45693,1.45657,1.45687,1657599945.0683594
2011-06-06 19:28:00,1.45696,1.45696,1.45678,1.45678,1441999969.4824219
2011-06-06 19:29:00,1.45681,1.45683,1.45661,1.45673,1567599945.0683594
2011-06-06 19:30:00,1.45673,1.45685,1.45668,1.4568,1159499969.4824219
2011-06-06 19:31:00,1.4568,1.45719,1.45671,1.45709,1184100036.6210938
2011-06-06 19:32:00,1.45709,1.45716,1.45696,1.45716,821399993.8964844
2011-06-06 19:33:00,1.45716,1.45748,1.45716,1.45736,783799972.5341797
2011-06-06 19:34:00,1.4574,1.45763,1.45736,1.45761,1676000061.0351562
2011-06-06 19:35:00,1.45761,1.45761,1.45712,1.45712,1526300048.828125
2011-06-06 19:36:00,1.45711,1.45733,1.45707,1.45732,992200012.2070312
2011-06-06 19:37:00,1.45732,1.45733,1.45712,1.45712,1521900024.4140625
2011-06-06 19:38:00,1.45712,1.45733,1.45704,1.45733,1725899963.3789062
2011-06-06 19:39:00,1.45732,1.45738,1.45701,1.45701,1844700012.2070312
2011-06-06 19:40:00,1.45701,1.45739,1.45701,1.45737,1541399993.8964844
2011-06-06 19:41:00,1.45737,1.45739,1.45712,1.4572,1102500000.0
2011-06-06 19:42:00,1.4572,1.45744,1.4572,1.45742,810000000.0
2011-06-06 19:43:00,1.45746,1.45749,1.45708,1.45708,1302100067.1386719
2011-06-06 19:44:00,1.45706,1.45713,1.4569,1.4571,1588699951.171875
2011-06-06 19:45:00,1.45709,1.45709,1.45669,1.4568,1215899963.3789062
2011-06-06 19:46:00,1.45678,1.45687,1.45671,1.45681,833300018.3105469
2011-06-06 19:47:00,1.45686,1.45703,1.45679,1.45679,1331699981.6894531
2011-06-06 19:48:00,1.45679,1.45694,1.45676,1.45681,825000000.0
2011-06-06 19:49:00,1.45682,1.45687,1.4568,1.45682,515999984.74121094
2011-06-06 19:50:00,1.45682,1.45685,1.45649,1.45651,1113199996.9482422
2011-06-06 19:51:00,1.45651,1.45679,1.45651,1.45671,1344299926.7578125
2011-06-06 19:52:00,1.45671,1.45671,1.45649,1.45653,1158000030.5175781
2011-06-06 19:53:00,1.45656,1.45701,1.45656,1.45695,1116900024.4140625
2011-06-06 19:54:00,1.45695,1.45719,1.45681,1.45684,2390599975.5859375
2011-06-06 19:55:00,1.45686,1.45689,1.45662,1.45671,954000015.2587891
2011-06-06 19:56:00,1.45671,1.4568,1.45659,1.45669,1392799987.7929688
2011-06-06 19:57:00,1.45669,1.45669,1.45651,1.45651,1607100067.1386719
2011-06-06 19:58:00,1.45651,1.45662,1.45642,1.45649,876100006.1035156
2011-06-06 19:59:00,1.45648,1.45649,1.45628,1.45643,1370299987.7929688
2011-06-06 20:00:00,1.45647,1.45672,1.45626,1.45672,1919100036.6210938
2011-06-06 20:01:00,1.4567,1.45689,1.4567,1.4567,1389100036.6210938
2011-06-06 20:02:00,1.45672,1.45679,1.4566,1.45676,975899963.3789062
2011-06-06 20:03:00,1.45676,1.45676,1.45667,1.45668,520000000.0
2011-06-06 20:04:00,1.45669,1.45675,1.45667,1.4567,249799995.42236328
2011-06-06 20:05:00,1.45675,1.45691,1.45668,1.45684,1268199996.9482422
2011-06-06 20:06:00,1.45682,1.45689,1.45677,1.45677,776999969.4824219
2011-06-06 20:07:00,1.45677,1.45688,1.4567,1.45686,1318300018.3105469
2011-06-06 20:08:00,1.45686,1.45693,1.45681,1.45685,1316999969.4824219
2011-06-06 20:09:00,1.45684,1.45703,1.45679,1.45703,455999984.74121094
2011-06-06 20:10:00,1.45699,1.45706,1.45691,1.45698,787500000.0
2011-06-06 20:11:00,1.45692,1.45698,1.45678,1.45686,969000015.2587891
2011-06-06 20:12:00,1.45688,1.45691,1.45677,1.45677,489799995.4223633
2011-06-06 20:13:00,1.45675,1.45704,1.45675,1.45694,678799972.5341797
2011-06-06 20:14:00,1.45693,1.45698,1.45681,1.45688,906900024.4140625
2011-06-06 20:15:00,1.45689,1.45722,1.45689,1.45713,1077799987.7929688
2011-06-06 20:16:00,1.45711,1.45712,1.45695,1.45695,1512700042.7246094
2011-06-06 20:17:00,1.45694,1.45713,1.45693,1.457,793600006.1035156
2011-06-06 20:18:00,1.45696,1.45697,1.45685,1.45689,762799987.7929688
2011-06-06 20:19:00,1.45689,1.45696,1.45689,1.4569,578300018.3105469
2011-06-06 20:20:00,1.45692,1.45701,1.45685,1.45696,943300018.3105469
2011-06-06 20:21:00,1.45695,1.45695,1.45677,1.4568,645100021.3623047
2011-06-06 20:22:00,1.45684,1.45695,1.45684,1.4569,586500015.2587891
2011-06-06 20:23:00,1.4569,1.45702,1.45681,1.45701,651100006.1035156
2011-06-06 20:24:00,1.45698,1.457,1.45687,1.45696,607799987.7929688
2011-06-06 20:25:00,1.45698,1.45706,1.45698,1.45701,413300018.3105469
2011-06-06 20:26:00,1.45701,1.45707,1.45698,1.45702,433499984.74121094
2011-06-06 20:27:00,1.45704,1.45709,1.45695,1.45701,658799972.5341797
2011-06-06 20:28:00,1.45699,1.45727,1.45699,1.45725,692699966.4306641
2011-06-06 20:29:00,1.45724,1.45737,1.45718,1.45727,1364199981.6894531
2011-06-06 20:30:00,1.45727,1.45729,1.45714,1.45725,1174199981.6894531
2011-06-06 20:31:00,1.45725,1.45741,1.45725,1.45741,532500000.0
2011-06-06 20:32:00,1.45741,1.45765,1.45732,1.45732,1307799987.7929688
2011-06-06 20:33:00,1.4573,1.45749,1.45712,1.45744,1210000000.0
2011-06-06 20:34:00,1.45746,1.4575,1.45722,1.4574,784400024.4140625
2011-06-06 20:35:00,1.4574,1.4574,1.45729,1.4573,341300010.68115234
2011-06-06 20:36:00,1.45731,1.45732,1.45729,1.4573,161299991.60766602
2011-06-06 20:37:00,1.45732,1.45732,1.45725,1.45726,646100006.1035156
2011-06-06 20:38:00,1.45729,1.4574,1.45726,1.45726,585299987.7929688
2011-06-06 20:39:00,1.45721,1.45721,1.45715,1.45716,171000003.81469727
2011-06-06 20:40:00,1.45715,1.45719,1.45711,1.45719,172500000.0
2011-06-06 20:41:00,1.45719,1.45723,1.45719,1.45723,97500000.0
2011-06-06 20:42:00,1.45721,1.45737,1.45721,1.45734,375000000.0
2011-06-06 20:43:00,1.45734,1.45739,1.4573,1.45735,349099998.4741211
2011-06-06 20:44:00,1.45734,1.45749,1.45733,1.45745,255300006.86645508
2011-06-06 20:45:00,1.45747,1.45774,1.45745,1.4577,823899993.8964844
2011-06-06 20:46:00,1.45769,1.45769,1.45754,1.45767,501800003.0517578
2011-06-06 20:47:00,1.45765,1.45769,1.45752,1.45767,419199981.6894531
2011-06-06 20:48:00,1.45767,1.4577,1.45757,1.45764,525000000.0
2011-06-06 20:49:00,1.45764,1.45771,1.45759,1.45764,660599975.5859375
2011-06-06 20:50:00,1.45762,1.45779,1.45758,1.45772,1076500015.258789
2011-06-06 20:51:00,1.45772,1.45786,1.45761,1.45773,870000000.0
2011-06-06 20:52:00,1.45775,1.45775,1.45761,1.45766,508699989.31884766
2011-06-06 20:53:00,1.45767,1.4577,1.45766,1.4577,678300018.3105469
2011-06-06 20:54:00,1.45767,1.45782,1.45767,1.45773,448499984.74121094
2011-06-06 20:55:00,1.45773,1.4578,1.45773,1.45776,240000000.0
2011-06-06 20:56:00,1.45775,1.45779,1.45769,1.45777,382799987.79296875
2011-06-06 20:57:00,1.45777,1.45777,1.45765,1.45765,360299987.79296875
2011-06-06 20:58:00,1.4576,1.45764,1.45756,1.45756,811200027.4658203
2011-06-06 20:59:00,1.45756,1.4576,1.45746,1.45749,1465899963.3789062
2011-06-06 21:00:00,1.45747,1.45747,1.45723,1.45723,947699966.4306641
2011-06-06 21:01:00,1.45721,1.45727,1.45721,1.45727,720000000.0
2011-06-06 21:02:00,1.45729,1.45739,1.45729,1.45735,397500000.0
2011-06-06 21:03:00,1.45729,1.45729,1.45721,1.45721,675000000.0
2011-06-06 21:04:00,1.45726,1.45729,1.45714,1.45725,804800033.5693359
2011-06-06 21:05:00,1.45736,1.45737,1.45726,1.45726,368600006.1035156
2011-06-06 21:06:00,1.45726,1.45732,1.45718,1.45727,191299991.60766602
2011-06-06 21:07:00,1.45728,1.45732,1.45728,1.45731,105000000.0
2011-06-06 21:08:00,1.45724,1.45744,1.45724,1.45744,123000001.90734863
2011-06-06 21:09:00,1.4574,1.45744,1.45737,1.45739,195000000.0
2011-06-06 21:10:00,1.45739,1.45745,1.45739,1.45744,210000000.0
2011-06-06 21:11:00,1.45744,1.45752,1.45744,1.45749,262500000.0
2011-06-06 21:12:00,1.45749,1.4575,1.45746,1.45748,90000000.0
2011-06-06 21:13:00,1.45746,1.45746,1.45742,1.45742,60000000.0
2011-06-06 21:14:00,1.45742,1.45742,1.45732,1.45737,285000000.0
2011-06-06 21:15:00,1.45738,1.45741,1.45734,1.45739,292500000.0
2011-06-06 21:16:00,1.45735,1.45739,1.45734,1.45739,82500000.0
2011-06-06 21:17:00,1.45739,1.45739,1.45739,1.45739,30000000.0
2011-06-06 21:18:00,1.45736,1.45739,1.45736,1.45739,60000000.0
2011-06-06 21:19:00,1.45744,1.45744,1.45739,1.45741,142500000.0
2011-06-06 21:20:00,1.45741,1.45744,1.4574,1.45744,75000000.0
2011-06-06 21:21:00,1.45744,1.45753,1.45742,1.45753,157500000.0
2011-06-06 21:22:00,1.45753,1.45766,1.45751,1.45751,438199996.9482422
2011-06-06 21:23:00,1.45751,1.45751,1.45751,1.45751,15000000.0
2011-06-06 21:24:00,1.45751,1.45756,1.45751,1.45756,150000000.0
2011-06-06 21:25:00,1.45757,1.45761,1.45757,1.4576,180000000.0
2011-06-06 21:26:00,1.45761,1.45761,1.45761,1.45761,150000000.0
2011-06-06 21:27:00,1.45761,1.45761,1.45761,1.45761,60000000.0
2011-06-06 21:28:00,1.45761,1.45769,1.45761,1.45769,150000000.0
2011-06-06 21:29:00,1.45771,1.45784,1.45762,1.45762,330000000.0
2011-06-06 21:30:00,1.45762,1.45764,1.4575,1.45764,627299995.4223633
2011-06-06 21:31:00,1.45767,1.4577,1.45759,1.4577,367799987.79296875
2011-06-06 21:32:00,1.45769,1.45778,1.45769,1.45778,252000007.62939453
2011-06-06 21:33:00,1.45778,1.45783,1.45778,1.45783,199500007.62939453
2011-06-06 21:34:00,1.45781,1.45788,1.45767,1.45768,316599998.4741211
2011-06-06 21:35:00,1.45767,1.45788,1.45767,1.45778,382500000.0
2011-06-06 21:36:00,1.45778,1.45778,1.45775,1.45778,172500000.0
2011-06-06 21:37:00,1.45778,1.45782,1.4577,1.45782,538499984.7412109
2011-06-06 21:38:00,1.45784,1.45801,1.45784,1.45798,525000000.0
2011-06-06 21:39:00,1.45798,1.45813,1.45798,1.45813,337500000.0
2011-06-06 21:40:00,1.45814,1.45814,1.4579,1.45794,548300018.3105469
2011-06-06 21:41:00,1.45794,1.45817,1.45794,1.45817,217500000.0
2011-06-06 21:42:00,1.45817,1.45835,1.45802,1.45812,883899993.8964844
2011-06-06 21:43:00,1.45814,1.45821,1.45814,1.45821,384000015.25878906
2011-06-06 21:44:00,1.45824,1.45827,1.45807,1.45807,352500000.0
2011-06-06 21:45:00,1.45807,1.45814,1.45803,1.45804,396800003.0517578
2011-06-06 21:46:00,1.45804,1.45815,1.45804,1.45815,163500003.81469727
2011-06-06 21:47:00,1.45817,1.45817,1.45771,1.45772,772799987.7929688
2011-06-06 21:48:00,1.4577,1.45778,1.45766,1.45771,617700004.5776367
2011-06-06 21:49:00,1.45773,1.45773,1.4577,1.45772,193500003.81469727
2011-06-06 21:50:00,1.45771,1.45771,1.4577,1.4577,157500000.0
2011-06-06 21:51:00,1.45767,1.45767,1.45751,1.45755,1333300018.3105469
2011-06-06 21:52:00,1.45755,1.45759,1.45755,1.45759,240000000.0
2011-06-06 21:53:00,1.4576,1.45761,1.45757,1.45757,232099990.84472656
2011-06-06 21:54:00,1.45755,1.4576,1.45744,1.45747,651800003.0517578
2011-06-06 21:55:00,1.45744,1.45744,1.45725,1.45733,124499998.09265137
2011-06-06 21:56:00,1.45732,1.45765,1.45732,1.45765,594099998.4741211
2011-06-06 21:57:00,1.45765,1.45772,1.4576,1.45772,292500000.0
2011-06-06 21:58:00,1.45774,1.4579,1.45774,1.4578,247500000.0
2011-06-06 21:59:00,1.45778,1.45784,1.45768,1.45772,633100013.7329102
2011-06-06 22:00:00,1.4578,1.45787,1.45774,1.45783,814300003.0517578
2011-06-06 22:01:00,1.45781,1.45785,1.45777,1.45784,367599983.21533203
2011-06-06 22:02:00,1.45784,1.45791,1.45782,1.45788,258799991.60766602
2011-06-06 22:03:00,1.45787,1.45788,1.45787,1.45788,41300001.14440918
2011-06-06 22:04:00,1.45788,1.45794,1.45788,1.45791,337599983.21533203
2011-06-06 22:05:00,1.4579,1.45793,1.4579,1.45791,615000000.0
2011-06-06 22:06:00,1.45791,1.45794,1.45789,1.45789,416300010.68115234
2011-06-06 22:07:00,1.45791,1.45791,1.45788,1.45789,483800010.68115234
2011-06-06 22:08:00,1.45791,1.45791,1.45791,1.45791,412500000.0
2011-06-06 22:09:00,1.45791,1.45791,1.45752,1.45752,769300003.0517578
2011-06-06 22:10:00,1.45752,1.45752,1.45742,1.45744,520499992.37060547
2011-06-06 22:11:00,1.45746,1.45749,1.45736,1.45745,756299972.5341797
2011-06-06 22:12:00,1.45745,1.45748,1.4574,1.45743,388499984.74121094
2011-06-06 22:13:00,1.45743,1.4575,1.45742,1.4575,217500000.0
2011-06-06 22:14:00,1.45748,1.45758,1.45735,1.45758,1561699981.6894531
2011-06-06 22:15:00,1.4576,1.45762,1.45732,1.45749,991399993.8964844
2011-06-06 22:16:00,1.45749,1.45749,1.45742,1.45742,97500000.0
2011-06-06 22:17:00,1.45742,1.45742,1.45723,1.45726,444000015.25878906
2011-06-06 22:18:00,1.45727,1.45732,1.45727,1.45732,298600006.1035156
2011-06-06 22:19:00,1.45734,1.45735,1.45733,1.45735,63899998.66485596
2011-06-06 22:20:00,1.45733,1.45739,1.45724,1.45738,333100013.73291016
2011-06-06 22:21:00,1.45738,1.45739,1.45731,1.45738,330000000.0
2011-06-06 22:22:00,1.45737,1.45751,1.45736,1.45751,255000000.0
2011-06-06 22:23:00,1.4575,1.4575,1.45737,1.45743,453800010.68115234
2011-06-06 22:24:00,1.45741,1.45748,1.45737,1.45743,262500000.0
2011-06-06 22:25:00,1.45745,1.45778,1.4573,1.45778,686299972.5341797
2011-06-06 22:26:00,1.45778,1.45778,1.45766,1.45766,272999992.37060547
2011-06-06 22:27:00,1.45766,1.45771,1.45766,1.45771,90000000.0
2011-06-06 22:28:00,1.45771,1.45771,1.45769,1.45769,112500000.0
2011-06-06 22:29:00,1.4577,1.4577,1.45768,1.45769,102299995.42236328
2011-06-06 22:30:00,1.4577,1.45771,1.4577,1.45771,60000000.0
2011-06-06 22:31:00,1.45772,1.458,1.45772,1.458,448699989.31884766
2011-06-06 22:32:00,1.45799,1.45807,1.45796,1.45805,471800003.0517578
2011-06-06 22:33:00,1.45804,1.45806,1.45804,1.45804,146300001.14440918
2011-06-06 22:34:00,1.45801,1.45801,1.45798,1.45798,82500000.0
2011-06-06 22:35:00,1.458,1.458,1.45797,1.45797,85699996.94824219
2011-06-06 22:36:00,1.45793,1.45798,1.45786,1.45792,573899993.8964844
2011-06-06 22:37:00,1.45793,1.45799,1.45781,1.45786,1037300033.5693359
2011-06-06 22:38:00,1.45785,1.45785,1.45761,1.45776,1260100021.3623047
2011-06-06 22:39:00,1.45774,1.45805,1.45774,1.45805,528499984.74121094
2011-06-06 22:40:00,1.45807,1.45826,1.45807,1.45818,924100036.6210938
2011-06-06 22:41:00,1.45817,1.45817,1.45802,1.45803,602099990.8447266
2011-06-06 22:42:00,1.45804,1.45808,1.45804,1.45804,142500000.0
2011-06-06 22:43:00,1.45804,1.45804,1.45788,1.45793,571500015.2587891
2011-06-06 22:44:00,1.45793,1.45793,1.45791,1.45791,67500000.0
2011-06-06 22:45:00,1.45789,1.45789,1.45774,1.45783,700500030.5175781
2011-06-06 22:46:00,1.45783,1.45783,1.45782,1.45782,52500000.0
2011-06-06 22:47:00,1.45782,1.45791,1.45782,1.45791,133500003.81469727
2011-06-06 22:48:00,1.45792,1.45804,1.45784,1.45797,887699966.4306641
2011-06-06 22:49:00,1.45795,1.45795,1.4579,1.4579,133500003.81469727
2011-06-06 22:50:00,1.45797,1.45799,1.4578,1.45787,639000015.2587891
2011-06-06 22:51:00,1.45787,1.45789,1.45787,1.45789,45000000.0
2011-06-06 22:52:00,1.45789,1.4579,1.45787,1.4579,105000000.0
2011-06-06 22:53:00,1.45789,1.45795,1.45787,1.45791,195000000.0
2011-06-06 22:54:00,1.45791,1.45817,1.45791,1.45804,614900016.784668
2011-06-06 22:55:00,1.45804,1.45806,1.4579,1.458,416300010.68115234
2011-06-06 22:56:00,1.458,1.45806,1.458,1.45806,285200004.5776367
2011-06-06 22:57:00,1.45806,1.4581,1.458,1.458,156899995.803833
2011-06-06 22:58:00,1.458,1.458,1.45797,1.458,75000000.0
2011-06-06 22:59:00,1.45795,1.45795,1.45766,1.45775,1404799957.2753906
2011-06-06 23:00:00,1.45777,1.45799,1.45777,1.45799,352500000.0
2011-06-06 23:01:00,1.45799,1.45951,1.45799,1.45951,3059800109.8632812
2011-06-06 23:02:00,1.45954,1.46007,1.4595,1.45983,2768500061.0351562
2011-06-06 23:03:00,1.45981,1.45981,1.45855,1.45855,2359400024.4140625
2011-06-06 23:04:00,1.45854,1.45859,1.45785,1.45816,2550200042.7246094
2011-06-06 23:05:00,1.45816,1.4585,1.45816,1.4584,1486499938.9648438
2011-06-06 23:06:00,1.45836,1.45846,1.45736,1.45742,2423099975.5859375
2011-06-06 23:07:00,1.45742,1.45777,1.45729,1.45772,1707700042.7246094
2011-06-06 23:08:00,1.45771,1.45771,1.45766,1.45771,375000000.0
2011-06-06 23:09:00,1.45771,1.45793,1.45771,1.4579,785400009.1552734
2011-06-06 23:10:00,1.4579,1.45818,1.4579,1.45818,596300010.6811523
2011-06-06 23:11:00,1.45818,1.45839,1.45818,1.45838,517500000.0
2011-06-06 23:12:00,1.45837,1.45861,1.45836,1.45853,1114499969.4824219
2011-06-06 23:13:00,1.45856,1.45908,1.45856,1.45886,1593699951.171875
2011-06-06 23:14:00,1.45885,1.45885,1.45855,1.45873,1069599990.8447266
2011-06-06 23:15:00,1.45874,1.45896,1.45868,1.45891,862500000.0
2011-06-06 23:16:00,1.45893,1.459,1.4585,1.45852,1896499938.9648438
2011-06-06 23:17:00,1.45856,1.45866,1.45848,1.4586,772500000.0
2011-06-06 23:18:00,1.45861,1.45903,1.45853,1.45869,2001100006.1035156
2011-06-06 23:19:00,1.45863,1.45895,1.45859,1.4589,1177399978.6376953
2011-06-06 23:20:00,1.4589,1.45995,1.45861,1.45995,3195100097.65625
2011-06-06 23:21:00,1.46001,1.46014,1.45975,1.45989,3686499938.9648438
2011-06-06 23:22:00,1.45991,1.45991,1.45908,1.45947,2836600036.6210938
2011-06-06 23:23:00,1.45944,1.45944,1.45865,1.45865,2552299957.2753906
2011-06-06 23:24:00,1.45866,1.45866,1.45803,1.45803,3105499877.9296875
2011-06-06 23:25:00,1.45802,1.45855,1.45802,1.45854,1379600067.1386719
2011-06-06 23:26:00,1.45851,1.45857,1.45838,1.45857,738000030.5175781
2011-06-06 23:27:00,1.45858,1.45866,1.45822,1.45822,1583300018.3105469
2011-06-06 23:28:00,1.4582,1.45853,1.45811,1.45853,1072500000.0
2011-06-06 23:29:00,1.45852,1.45863,1.45835,1.45861,779300003.0517578
2011-06-06 23:30:00,1.45861,1.45894,1.45859,1.45873,1065000000.0
2011-06-06 23:31:00,1.45876,1.45968,1.45876,1.45959,2497400054.9316406
2011-06-06 23:32:00,1.45958,1.45966,1.45947,1.45956,2101499938.9648438
2011-06-06 23:33:00,1.45954,1.45959,1.45932,1.45935,1508999938.9648438
2011-06-06 23:34:00,1.45935,1.45935,1.45905,1.45905,510000000.0
2011-06-06 23:35:00,1.45902,1.45902,1.45849,1.45887,1539799957.2753906
2011-06-06 23:36:00,1.4589,1.45894,1.45881,1.45882,770899963.3789062
2011-06-06 23:37:00,1.45886,1.45888,1.45874,1.45882,435000000.0
2011-06-06 23:38:00,1.45884,1.45894,1.45874,1.45887,675000000.0
2011-06-06 23:39:00,1.45888,1.45889,1.45888,1.45888,90000000.0
2011-06-06 23:40:00,1.45888,1.45891,1.45888,1.45891,90000000.0
2011-06-06 23:41:00,1.45889,1.45893,1.45885,1.45888,225000000.0
2011-06-06 23:42:00,1.45888,1.45912,1.45864,1.45898,1798500061.0351562
2011-06-06 23:43:00,1.45899,1.45931,1.45898,1.45907,1393500061.0351562
2011-06-06 23:44:00,1.45906,1.45913,1.45897,1.45897,487500000.0
2011-06-06 23:45:00,1.45895,1.45895,1.45876,1.45882,397500000.0
2011-06-06 23:46:00,1.45881,1.4593,1.4588,1.45914,767600021.3623047
2011-06-06 23:47:00,1.45913,1.45916,1.45894,1.45894,808499984.7412109
2011-06-06 23:48:00,1.45893,1.45893,1.4586,1.4588,1338099975.5859375
2011-06-06 23:49:00,1.4588,1.45931,1.45854,1.4591,2129299926.7578125
2011-06-06 23:50:00,1.45909,1.45909,1.4588,1.45902,1380800018.3105469
2011-06-06 23:51:00,1.45903,1.45916,1.45898,1.45911,858099975.5859375
2011-06-06 23:52:00,1.45915,1.45926,1.45898,1.45898,533300018.3105469
2011-06-06 23:53:00,1.45898,1.45908,1.45889,1.45906,858099975.5859375
2011-06-06 23:54:00,1.45904,1.45906,1.45892,1.45899,337500000.0
2011-06-06 23:55:00,1.45897,1.45901,1.45894,1.45901,307500000.0
2011-06-06 23:56:00,1.459,1.45921,1.459,1.45921,495000000.0
2011-06-06 23:57:00,1.45921,1.45922,1.45915,1.45916,517500000.0
2011-06-06 23:58:00,1.45914,1.45917,1.45914,1.45914,375000000.0
2011-06-06 23:59:00,1.45915,1.45917,1.45901,1.45901,397500000.0
2011-06-07 00:00:00,1.45907,1.4591,1.45879,1.45899,1619299926.7578125
2011-06-07 00:01:00,1.45899,1.45907,1.45862,1.45866,1391999969.4824219
2011-06-07 00:02:00,1.45865,1.45866,1.45814,1.45842,1703500061.0351562
2011-06-07 00:03:00,1.45842,1.45872,1.45842,1.45871,1200100021.3623047
2011-06-07 00:04:00,1.45871,1.45875,1.45861,1.45865,766500015.2587891
2011-06-07 00:05:00,1.45866,1.45878,1.45846,1.45848,1150599975.5859375
2011-06-07 00:06:00,1.45848,1.45868,1.45819,1.45867,1955200042.7246094
2011-06-07 00:07:00,1.45865,1.45906,1.4586,1.45906,686600036.6210938
2011-06-07 00:08:00,1.45905,1.45905,1.45865,1.45873,709499969.4824219
2011-06-07 00:09:00,1.45873,1.45873,1.45859,1.45866,547599983.215332
2011-06-07 00:10:00,1.4586,1.4586,1.45829,1.45835,1203899993.8964844
2011-06-07 00:11:00,1.45835,1.45843,1.45831,1.45842,320999984.74121094
2011-06-07 00:12:00,1.45842,1.45876,1.45836,1.45876,711800003.0517578
2011-06-07 00:13:00,1.45876,1.45876,1.45843,1.45862,971999969.4824219
2011-06-07 00:14:00,1.45862,1.45879,1.45857,1.45858,1059000015.2587891
2011-06-07 00:15:00,1.45857,1.45873,1.45838,1.45857,1056600036.6210938
2011-06-07 00:16:00,1.45856,1.4587,1.45839,1.45848,1911999969.4824219
2011-06-07 00:17:00,1.45848,1.45883,1.45847,1.45866,1077399978.6376953
2011-06-07 00:18:00,1.45865,1.45875,1.45842,1.45843,590999984.7412109
2011-06-07 00:19:00,1.45842,1.45869,1.45839,1.45859,967600021.3623047
2011-06-07 00:20:00,1.45859,1.4586,1.4584,1.45844,754300003.0517578
2011-06-07 00:21:00,1.45845,1.45856,1.45827,1.45832,973899993.8964844
2011-06-07 00:22:00,1.45833,1.45841,1.45825,1.45841,766500015.2587891
2011-06-07 00:23:00,1.45843,1.4587,1.45843,1.4587,1184300003.0517578
2011-06-07 00:24:00,1.45868,1.45873,1.45855,1.45864,564799995.4223633
2011-06-07 00:25:00,1.45862,1.45862,1.45851,1.45851,358499984.74121094
2011-06-07 00:26:00,1.4585,1.4585,1.45843,1.45843,225000000.0
2011-06-07 00:27:00,1.45842,1.45846,1.45837,1.45843,382500000.0
2011-06-07 00:28:00,1.45843,1.45849,1.4583,1.45844,784599990.8447266
2011-06-07 00:29:00,1.45844,1.45854,1.45842,1.45853,586599998.4741211
2011-06-07 00:30:00,1.45849,1.45857,1.45849,1.45856,291000003.81469727
2011-06-07 00:31:00,1.45853,1.45853,1.45831,1.4585,850500030.5175781
2011-06-07 00:32:00,1.45851,1.45868,1.45834,1.45839,996900024.4140625
2011-06-07 00:33:00,1.4584,1.45844,1.45833,1.45834,285100002.28881836
2011-06-07 00:34:00,1.45835,1.45853,1.45833,1.45852,411399993.8964844
2011-06-07 00:35:00,1.45852,1.45853,1.45829,1.45841,529500007.62939453
2011-06-07 00:36:00,1.45841,1.45845,1.45836,1.45842,607700004.5776367
2011-06-07 00:37:00,1.4584,1.45842,1.45834,1.45834,193799991.60766602
2011-06-07 00:38:00,1.45833,1.45833,1.45819,1.45824,760599975.5859375
2011-06-07 00:39:00,1.45826,1.45852,1.45822,1.45838,607700004.5776367
2011-06-07 00:40:00,1.45837,1.45844,1.4582,1.45839,797200012.2070312
2011-06-07 00:41:00,1.45837,1.45858,1.45827,1.45836,1114899978.6376953
2011-06-07 00:42:00,1.45836,1.4587,1.45829,1.4585,975800018.3105469
2011-06-07 00:43:00,1.4585,1.45858,1.45838,1.45839,432200012.20703125
2011-06-07 00:44:00,1.45838,1.45863,1.45837,1.45853,546699981.6894531
2011-06-07 00:45:00,1.45853,1.45882,1.45845,1.45882,1630099945.0683594
2011-06-07 00:46:00,1.45882,1.45882,1.4584,1.45845,1785399932.8613281
2011-06-07 00:47:00,1.45847,1.45879,1.45847,1.45875,1438500061.0351562
2011-06-07 00:48:00,1.45876,1.45886,1.45865,1.45886,1267699966.430664
2011-06-07 00:49:00,1.45886,1.45899,1.4588,1.45896,870199966.4306641
2011-06-07 00:50:00,1.45896,1.45896,1.45859,1.45877,804800033.5693359
2011-06-07 00:51:00,1.45877,1.45895,1.45871,1.45884,744499969.4824219
2011-06-07 00:52:00,1.45882,1.45885,1.45869,1.45878,943600006.1035156
2011-06-07 00:53:00,1.45877,1.45877,1.45854,1.4586,613800010.6811523
2011-06-07 00:54:00,1.45859,1.45861,1.45825,1.45825,1390899963.3789062
2011-06-07 00:55:00,1.45825,1.45834,1.45799,1.45814,3468500061.0351562
2011-06-07 00:56:00,1.45817,1.45849,1.45817,1.45842,2601499938.9648438
2011-06-07 00:57:00,1.4584,1.45851,1.45821,1.45821,2346699981.689453
2011-06-07 00:58:00,1.45823,1.45847,1.45817,1.45843,2132299957.2753906
2011-06-07 00:59:00,1.45843,1.4585,1.45831,1.45845,1758200073.2421875
2011-06-07 01:00:00,1.45845,1.45854,1.45833,1.45833,1420599975.5859375
2011-06-07 01:01:00,1.45833,1.45842,1.45831,1.45841,1141100006.1035156
2011-06-07 01:02:00,1.45841,1.45853,1.45839,1.45844,585000000.0
2011-06-07 01:03:00,1.45843,1.45846,1.45835,1.45835,622700004.5776367
2011-06-07 01:04:00,1.45834,1.45842,1.45834,1.45842,575999984.7412109
2011-06-07 01:05:00,1.45841,1.45846,1.45841,1.45846,150000000.0
2011-06-07 01:06:00,1.45851,1.45856,1.4583,1.45832,447999992.37060547
2011-06-07 01:07:00,1.45838,1.45877,1.45838,1.45872,584300003.0517578
2011-06-07 01:08:00,1.45875,1.4588,1.45873,1.4588,462099990.84472656
2011-06-07 01:09:00,1.4588,1.45886,1.45859,1.45859,816800003.0517578
2011-06-07 01:10:00,1.45859,1.45861,1.45842,1.45847,839199981.6894531
2011-06-07 01:11:00,1.45845,1.45845,1.45816,1.45821,1038000030.5175781
2011-06-07 01:12:00,1.45818,1.45818,1.45768,1.45777,2123899993.8964844
2011-06-07 01:13:00,1.45778,1.45778,1.45747,1.4575,2323999938.9648438
2011-06-07 01:14:00,1.45749,1.45769,1.45749,1.45768,1986900024.4140625
2011-06-07 01:15:00,1.45766,1.45797,1.4576,1.45787,1522599945.0683594
2011-06-07 01:16:00,1.45787,1.45793,1.4578,1.45791,1140000000.0
2011-06-07 01:17:00,1.45789,1.45807,1.45774,1.45799,1711499938.9648438
2011-06-07 01:18:00,1.458,1.458,1.45756,1.45757,894700012.2070312
2011-06-07 01:19:00,1.45757,1.45771,1.45756,1.45756,1131800003.0517578
2011-06-07 01:20:00,1.45756,1.45756,1.45677,1.45688,2452500000.0
2011-06-07 01:21:00,1.45688,1.45705,1.45678,1.45685,1308500061.0351562
2011-06-07 01:22:00,1.45683,1.45707,1.45681,1.45702,1256299972.5341797
2011-06-07 01:23:00,1.45702,1.45724,1.45685,1.45685,1482100067.1386719
2011-06-07 01:24:00,1.45685,1.45686,1.45637,1.45645,1180299987.7929688
2011-06-07 01:25:00,1.45645,1.45679,1.45642,1.45676,1665700073.2421875
2011-06-07 01:26:00,1.45678,1.45681,1.45661,1.45672,1852500000.0
2011-06-07 01:27:00,1.45675,1.45685,1.45661,1.45677,1407299957.2753906
2011-06-07 01:28:00,1.45678,1.45678,1.45653,1.45659,1147799987.7929688
2011-06-07 01:29:00,1.45656,1.45691,1.45654,1.45691,1397299957.2753906
2011-06-07 01:30:00,1.45691,1.45734,1.45684,1.45729,1578099975.5859375
2011-06-07 01:31:00,1.45729,1.45739,1.45723,1.45739,1008099975.5859375
2011-06-07 01:32:00,1.45736,1.45741,1.45721,1.45732,619599990.8447266
2011-06-07 01:33:00,1.45732,1.45743,1.45729,1.4574,536300010.68115234
2011-06-07 01:34:00,1.4574,1.45744,1.45729,1.45741,394500007.62939453
2011-06-07 01:35:00,1.45744,1.45764,1.45744,1.4576,952900009.1552734
2011-06-07 01:36:00,1.4576,1.4576,1.45744,1.45749,474000015.25878906
2011-06-07 01:37:00,1.4575,1.45764,1.45749,1.45762,427500000.0
2011-06-07 01:38:00,1.45762,1.45762,1.45718,1.45721,1531499938.9648438
2011-06-07 01:39:00,1.45721,1.45733,1.45719,1.45728,546800003.0517578
2011-06-07 01:40:00,1.45728,1.45728,1.45667,1.45678,1743600006.1035156
2011-06-07 01:41:00,1.45679,1.45692,1.45679,1.45682,957300033.5693359
2011-06-07 01:42:00,1.45677,1.45706,1.45661,1.45706,1391100006.1035156
2011-06-07 01:43:00,1.45706,1.45721,1.45706,1.4572,428300018.3105469
2011-06-07 01:44:00,1.45716,1.45725,1.45667,1.45677,1069300003.0517578
2011-06-07 01:45:00,1.45676,1.4569,1.45676,1.45689,283600006.1035156
2011-06-07 01:46:00,1.45691,1.45723,1.45691,1.45702,649599990.8447266
2011-06-07 01:47:00,1.45702,1.4571,1.45671,1.45679,1257900009.1552734
2011-06-07 01:48:00,1.45685,1.45718,1.45685,1.45715,681800003.0517578
2011-06-07 01:49:00,1.45716,1.4572,1.45685,1.45685,1072699966.4306641
2011-06-07 01:50:00,1.45685,1.4569,1.45633,1.45655,1497299957.2753906
2011-06-07 01:51:00,1.45655,1.45686,1.45649,1.45675,1971000061.0351562
2011-06-07 01:52:00,1.45669,1.45711,1.45669,1.45706,931500015.2587891
2011-06-07 01:53:00,1.45706,1.45725,1.45705,1.45722,846699981.6894531
2011-06-07 01:54:00,1.45722,1.4574,1.45722,1.45732,858300018.3105469
2011-06-07 01:55:00,1.4573,1.45768,1.45728,1.45766,1411499938.9648438
2011-06-07 01:56:00,1.45766,1.45766,1.45737,1.45739,781500015.2587891
2011-06-07 01:57:00,1.45739,1.4574,1.45724,1.45725,420000000.0
2011-06-07 01:58:00,1.45726,1.45746,1.45726,1.45744,686999969.4824219
2011-06-07 01:59:00,1.45749,1.45757,1.45746,1.45752,348100013.73291016
2011-06-07 02:00:00,1.45755,1.4576,1.45743,1.45755,1173799972.5341797
2011-06-07 02:01:00,1.45755,1.45755,1.45738,1.45738,310699996.9482422
2011-06-07 02:02:00,1.45738,1.45744,1.4573,1.4573,491399993.8964844
2011-06-07 02:03:00,1.45731,1.45732,1.45695,1.45695,847500000.0
2011-06-07 02:04:00,1.45698,1.45721,1.45698,1.45702,798499984.7412109
2011-06-07 02:05:00,1.45702,1.45703,1.45697,1.45697,221299991.60766602
2011-06-07 02:06:00,1.45697,1.45702,1.45685,1.45702,576899986.2670898
2011-06-07 02:07:00,1.45701,1.45707,1.457,1.45706,305100002.28881836
2011-06-07 02:08:00,1.45706,1.45739,1.45704,1.45739,418499984.74121094
2011-06-07 02:09:00,1.4574,1.45781,1.4574,1.45762,945899963.3789062
2011-06-07 02:10:00,1.45763,1.4577,1.45754,1.45762,862900009.1552734
2011-06-07 02:11:00,1.45768,1.45773,1.45752,1.45759,965899963.3789062
2011-06-07 02:12:00,1.45759,1.45771,1.45758,1.45759,1096999969.4824219
2011-06-07 02:13:00,1.4576,1.45763,1.45751,1.45753,570800018.3105469
2011-06-07 02:14:00,1.45756,1.45758,1.45731,1.45731,574500007.6293945
2011-06-07 02:15:00,1.45731,1.45744,1.45711,1.45735,1458800048.828125
2011-06-07 02:16:00,1.45735,1.45758,1.45735,1.45758,708000030.5175781
2011-06-07 02:17:00,1.45757,1.45757,1.45738,1.45747,508499984.74121094
2011-06-07 02:18:00,1.45749,1.45782,1.45749,1.45769,864400024.4140625
2011-06-07 02:19:00,1.45772,1.45822,1.45769,1.45816,1462400054.9316406
2011-06-07 02:20:00,1.4582,1.4583,1.45812,1.45825,1247600021.3623047
2011-06-07 02:21:00,1.45828,1.45833,1.45791,1.45793,644300003.0517578
2011-06-07 02:22:00,1.45795,1.45798,1.45781,1.45783,415499992.37060547
2011-06-07 02:23:00,1.45784,1.45814,1.45784,1.45813,1043300018.3105469
2011-06-07 02:24:00,1.45813,1.45816,1.45782,1.45784,1003799972.5341797
2011-06-07 02:25:00,1.45785,1.45804,1.45785,1.45803,222000007.62939453
2011-06-07 02:26:00,1.45802,1.45803,1.45793,1.45798,256499996.18530273
2011-06-07 02:27:00,1.45798,1.458,1.45796,1.458,217500000.0
2011-06-07 02:28:00,1.458,1.45821,1.45792,1.45795,873899993.8964844
2011-06-07 02:29:00,1.45796,1.45828,1.45796,1.45817,960400009.1552734
2011-06-07 02:30:00,1.45817,1.45831,1.45817,1.45823,582000007.6293945
2011-06-07 02:31:00,1.45823,1.45827,1.45822,1.45827,226100006.10351562
2011-06-07 02:32:00,1.45826,1.45833,1.45788,1.45796,544599990.8447266
2011-06-07 02:33:00,1.45796,1.45805,1.45793,1.45799,987500000.0
2011-06-07 02:34:00,1.45799,1.45811,1.45794,1.45801,510400009.15527344
2011-06-07 02:35:00,1.45799,1.45799,1.45774,1.45775,400999984.74121094
2011-06-07 02:36:00,1.45779,1.45786,1.45777,1.45786,306000003.81469727
2011-06-07 02:37:00,1.45786,1.45792,1.45786,1.45791,203999996.18530273
2011-06-07 02:38:00,1.45796,1.45799,1.45792,1.45793,250499992.37060547
2011-06-07 02:39:00,1.45793,1.45795,1.45793,1.45795,82500000.0
2011-06-07 02:40:00,1.45798,1.458,1.45793,1.45795,350999984.74121094
2011-06-07 02:41:00,1.45793,1.45804,1.45782,1.45797,991900024.4140625
2011-06-07 02:42:00,1.45796,1.45796,1.45778,1.45788,1102500000.0
2011-06-07 02:43:00,1.45788,1.45835,1.45787,1.45821,1382100067.1386719
2011-06-07 02:44:00,1.45821,1.45853,1.45811,1.45851,832500000.0
2011-06-07 02:45:00,1.45851,1.45867,1.45842,1.45848,1172300033.569336
2011-06-07 02:46:00,1.45849,1.45861,1.45835,1.45852,639099998.4741211
2011-06-07 02:47:00,1.45853,1.45871,1.45851,1.45866,1130100021.3623047
2011-06-07 02:48:00,1.45864,1.4587,1.45853,1.45861,1065500030.5175781
2011-06-07 02:49:00,1.45863,1.45863,1.4585,1.4585,405800018.3105469
2011-06-07 02:50:00,1.45849,1.45853,1.45835,1.45835,955500030.5175781
2011-06-07 02:51:00,1.45835,1.45869,1.45832,1.45859,996100006.1035156
2011-06-07 02:52:00,1.45859,1.4587,1.45859,1.45862,1415000000.0
2011-06-07 02:53:00,1.45863,1.45871,1.45856,1.45856,564599990.8447266
2011-06-07 02:54:00,1.45858,1.45864,1.45851,1.45851,1593600006.1035156
2011-06-07 02:55:00,1.45851,1.45866,1.45851,1.45856,528300018.3105469
2011-06-07 02:56:00,1.45859,1.45861,1.45851,1.45855,424500007.62939453
2011-06-07 02:57:00,1.45857,1.45858,1.45841,1.45847,515999984.74121094
2011-06-07 02:58:00,1.45842,1.45866,1.45842,1.45845,853099975.5859375
2011-06-07 02:59:00,1.45849,1.45872,1.45848,1.45851,830100021.3623047
2011-06-07 03:00:00,1.45851,1.4586,1.45844,1.45859,420000000.0
2011-06-07 03:01:00,1.45861,1.45863,1.45831,1.45837,605999984.7412109
2011-06-07 03:02:00,1.45835,1.45835,1.45829,1.45829,246000003.81469727
2011-06-07 03:03:00,1.45827,1.45827,1.45808,1.45817,489799995.4223633
2011-06-07 03:04:00,1.45813,1.45818,1.45797,1.45799,578300018.3105469
2011-06-07 03:05:00,1.45801,1.45811,1.45782,1.45811,1320000000.0
2011-06-07 03:06:00,1.45811,1.4583,1.45797,1.45804,899899978.6376953
2011-06-07 03:07:00,1.45804,1.45808,1.45773,1.45787,1296799926.7578125
2011-06-07 03:08:00,1.45787,1.45793,1.45774,1.45784,986399993.8964844
2011-06-07 03:09:00,1.45782,1.45807,1.4578,1.45801,505499992.37060547
2011-06-07 03:10:00,1.458,1.458,1.45779,1.45792,885800018.3105469
2011-06-07 03:11:00,1.4579,1.4579,1.45776,1.45778,370499992.37060547
2011-06-07 03:12:00,1.4578,1.45786,1.45773,1.45778,555000000.0
2011-06-07 03:13:00,1.45778,1.45807,1.45778,1.45792,1057500000.0
2011-06-07 03:14:00,1.4579,1.45795,1.4578,1.45789,385499992.37060547
2011-06-07 03:15:00,1.4579,1.45806,1.4579,1.45802,262500000.0
2011-06-07 03:16:00,1.45803,1.45804,1.45801,1.45801,332999992.37060547
2011-06-07 03:17:00,1.458,1.45801,1.45773,1.45775,1045500030.5175781
2011-06-07 03:18:00,1.45778,1.45789,1.45776,1.45777,549500007.6293945
2011-06-07 03:19:00,1.45781,1.45801,1.45777,1.45777,771100006.1035156
2011-06-07 03:20:00,1.45779,1.45796,1.45765,1.45796,725599975.5859375
2011-06-07 03:21:00,1.45795,1.45796,1.4578,1.45796,1057500000.0
2011-06-07 03:22:00,1.45795,1.45795,1.45776,1.45788,808499984.7412109
2011-06-07 03:23:00,1.45789,1.45813,1.45779,1.45799,1415200042.7246094
2011-06-07 03:24:00,1.45802,1.45809,1.45802,1.45803,408300018.3105469
2011-06-07 03:25:00,1.45803,1.45809,1.45795,1.45809,587400016.784668
2011-06-07 03:26:00,1.45807,1.45813,1.45797,1.45809,614300003.0517578
2011-06-07 03:27:00,1.45808,1.45812,1.45808,1.45808,120000000.0
2011-06-07 03:28:00,1.45808,1.45827,1.45806,1.45821,480600013.73291016
2011-06-07 03:29:00,1.45818,1.4584,1.45818,1.4584,298500003.81469727
2011-06-07 03:30:00,1.45845,1.4585,1.45835,1.45845,625499992.3706055
2011-06-07 03:31:00,1.45845,1.4585,1.45838,1.45849,630000000.0
2011-06-07 03:32:00,1.45849,1.45855,1.45845,1.45851,271499996.18530273
2011-06-07 03:33:00,1.4585,1.45856,1.4585,1.45856,436800003.0517578
2011-06-07 03:34:00,1.45854,1.45854,1.45836,1.45843,739800033.5693359
2011-06-07 03:35:00,1.4584,1.45844,1.45833,1.45837,530999984.74121094
2011-06-07 03:36:00,1.45837,1.45843,1.45837,1.45842,210000000.0
2011-06-07 03:37:00,1.45842,1.45856,1.45842,1.45856,244599990.84472656
2011-06-07 03:38:00,1.45859,1.45872,1.45853,1.45861,782699966.4306641
2011-06-07 03:39:00,1.45861,1.45861,1.45861,1.45861,30000000.0
2011-06-07 03:40:00,1.45857,1.45857,1.45837,1.45844,690100021.3623047
2011-06-07 03:41:00,1.45843,1.45864,1.45834,1.45864,714899978.6376953
2011-06-07 03:42:00,1.45862,1.45864,1.45847,1.45855,668600006.1035156
2011-06-07 03:43:00,1.45855,1.45864,1.45855,1.45858,177000007.62939453
2011-06-07 03:44:00,1.45858,1.4587,1.45858,1.45865,397400016.78466797
2011-06-07 03:45:00,1.4587,1.45887,1.45857,1.45887,486100006.1035156
2011-06-07 03:46:00,1.45889,1.45927,1.45889,1.45926,1244100036.6210938
2011-06-07 03:47:00,1.45926,1.45926,1.45919,1.45922,277500000.0
2011-06-07 03:48:00,1.45926,1.45927,1.45916,1.45923,484500007.62939453
2011-06-07 03:49:00,1.45926,1.45932,1.45921,1.45932,579799995.4223633
2011-06-07 03:50:00,1.45931,1.45941,1.45931,1.45935,742500000.0
2011-06-07 03:51:00,1.45936,1.45966,1.45931,1.45951,1365000000.0
2011-06-07 03:52:00,1.45951,1.45975,1.45948,1.45967,1437799987.7929688
2011-06-07 03:53:00,1.45963,1.45963,1.45939,1.45954,1128600006.1035156
2011-06-07 03:54:00,1.45951,1.45958,1.45948,1.45958,283500003.81469727
2011-06-07 03:55:00,1.4596,1.45979,1.45955,1.45975,955899963.3789062
2011-06-07 03:56:00,1.45975,1.45988,1.45965,1.45974,1326000061.0351562
2011-06-07 03:57:00,1.45975,1.45982,1.4597,1.45976,703499984.7412109
2011-06-07 03:58:00,1.45974,1.46008,1.45971,1.46,1079000015.258789
2011-06-07 03:59:00,1.46002,1.46009,1.4599,1.45992,1378500061.0351562
2011-06-07 04:00:00,1.45992,1.45997,1.45971,1.45973,964400024.4140625
2011-06-07 04:01:00,1.45973,1.45986,1.45966,1.45979,999899978.6376953
2011-06-07 04:02:00,1.45977,1.45989,1.45969,1.45987,460099983.21533203
2011-06-07 04:03:00,1.45986,1.45988,1.45969,1.45983,790100021.3623047
2011-06-07 04:04:00,1.4598,1.45983,1.45968,1.45975,592500000.0
2011-06-07 04:05:00,1.45977,1.4598,1.4597,1.4597,428400001.5258789
2011-06-07 04:06:00,1.45969,1.45972,1.4596,1.45972,602299995.4223633
2011-06-07 04:07:00,1.45972,1.45972,1.45969,1.4597,106499996.18530273
2011-06-07 04:08:00,1.45969,1.45969,1.4595,1.45951,663300018.3105469
2011-06-07 04:09:00,1.45951,1.45974,1.45951,1.45972,690000000.0
2011-06-07 04:10:00,1.45972,1.45975,1.45969,1.45971,322500000.0
2011-06-07 04:11:00,1.45972,1.4599,1.45972,1.4599,646500015.2587891
2011-06-07 04:12:00,1.45985,1.45989,1.45975,1.45979,766500015.2587891
2011-06-07 04:13:00,1.45974,1.4598,1.45973,1.45975,424500007.62939453
2011-06-07 04:14:00,1.45977,1.45981,1.45976,1.4598,202500000.0
2011-06-07 04:15:00,1.45981,1.45999,1.45981,1.45989,775500030.5175781
2011-06-07 04:16:00,1.45987,1.45987,1.45984,1.45984,232500000.0
2011-06-07 04:17:00,1.45984,1.45984,1.45975,1.45977,455999984.74121094
2011-06-07 04:18:00,1.45978,1.45985,1.45977,1.45983,703499984.7412109
2011-06-07 04:19:00,1.45983,1.45991,1.45972,1.45983,1359799957.2753906
2011-06-07 04:20:00,1.45987,1.45994,1.45982,1.45991,654000015.2587891
2011-06-07 04:21:00,1.45989,1.45989,1.45987,1.45987,133500003.81469727
2011-06-07 04:22:00,1.45983,1.45983,1.45975,1.45981,657799987.7929688
2011-06-07 04:23:00,1.45982,1.45999,1.45974,1.45982,640999984.7412109
2011-06-07 04:24:00,1.45982,1.46033,1.45982,1.46019,1266200027.4658203
2011-06-07 04:25:00,1.46019,1.46032,1.46009,1.46031,1232399978.6376953
2011-06-07 04:26:00,1.46032,1.46044,1.4603,1.46038,1214400024.4140625
2011-06-07 04:27:00,1.4604,1.46095,1.46039,1.46091,2105899963.3789062
2011-06-07 04:28:00,1.4609,1.46146,1.4609,1.46115,2279900054.9316406
2011-06-07 04:29:00,1.46118,1.46118,1.46099,1.46109,1880000000.0
2011-06-07 04:30:00,1.46106,1.4612,1.46049,1.46054,3674400024.4140625
2011-06-07 04:31:00,1.46057,1.46122,1.46047,1.461,2707999877.9296875
2011-06-07 04:32:00,1.46095,1.461,1.46045,1.46046,2286999969.482422
2011-06-07 04:33:00,1.46048,1.46058,1.46023,1.46025,1768800048.828125
2011-06-07 04:34:00,1.46026,1.46052,1.46024,1.46045,1828699951.171875
2011-06-07 04:35:00,1.46044,1.46051,1.46042,1.46047,742600021.3623047
2011-06-07 04:36:00,1.46047,1.4606,1.46044,1.46057,848099975.5859375
2011-06-07 04:37:00,1.46058,1.46061,1.46026,1.46032,1330700073.2421875
2011-06-07 04:38:00,1.46034,1.46046,1.4603,1.46044,1275000000.0
2011-06-07 04:39:00,1.46043,1.46045,1.46032,1.46043,1069800033.5693359
2011-06-07 04:40:00,1.46043,1.46068,1.46043,1.46055,1671100006.1035156
2011-06-07 04:41:00,1.46053,1.46057,1.46045,1.46048,1336300048.828125
2011-06-07 04:42:00,1.46047,1.4606,1.46036,1.4606,1008899993.8964844
2011-06-07 04:43:00,1.46059,1.46087,1.46055,1.46062,1800800018.3105469
2011-06-07 04:44:00,1.46065,1.46072,1.46037,1.46037,1056900024.4140625
2011-06-07 04:45:00,1.46036,1.46038,1.45989,1.46016,1355899963.3789062
2011-06-07 04:46:00,1.46015,1.46062,1.46011,1.46046,1730700073.2421875
2011-06-07 04:47:00,1.46046,1.46052,1.46034,1.46051,1051399993.8964844
2011-06-07 04:48:00,1.46053,1.46093,1.46053,1.46086,1417700042.7246094
2011-06-07 04:49:00,1.46088,1.46102,1.46079,1.46083,1409199981.6894531
2011-06-07 04:50:00,1.46085,1.46107,1.46085,1.46099,971900024.4140625
2011-06-07 04:51:00,1.46096,1.461,1.46073,1.4608,1029199981.6894531
2011-06-07 04:52:00,1.4608,1.4608,1.4601,1.46032,1918600006.1035156
2011-06-07 04:53:00,1.46034,1.46055,1.46034,1.46048,706500015.2587891
2011-06-07 04:54:00,1.46048,1.46054,1.46048,1.46052,919800033.5693359
2011-06-07 04:55:00,1.46053,1.4607,1.46053,1.4607,600000000.0
2011-06-07 04:56:00,1.4607,1.4608,1.46055,1.46056,935999984.7412109
2011-06-07 04:57:00,1.46057,1.46075,1.46052,1.46069,883499984.7412109
2011-06-07 04:58:00,1.46068,1.46094,1.46067,1.4608,952500000.0
2011-06-07 04:59:00,1.46082,1.46096,1.46076,1.46089,1019300003.0517578
2011-06-07 05:00:00,1.4609,1.4609,1.46077,1.46088,959100036.6210938
2011-06-07 05:01:00,1.46085,1.4609,1.46049,1.46068,1382400054.9316406
2011-06-07 05:02:00,1.46066,1.46066,1.46046,1.4606,1049800033.5693359
2011-06-07 05:03:00,1.4606,1.46065,1.46045,1.46052,666800003.0517578
2011-06-07 05:04:00,1.46052,1.46096,1.46052,1.46094,1255500030.5175781
2011-06-07 05:05:00,1.46093,1.46107,1.46083,1.46101,1499600067.1386719
2011-06-07 05:06:00,1.46099,1.461,1.46076,1.46086,1994400024.4140625
2011-06-07 05:07:00,1.4609,1.46098,1.46068,1.4608,1038000030.5175781
2011-06-07 05:08:00,1.46084,1.46086,1.46041,1.46066,1038600006.1035156
2011-06-07 05:09:00,1.46066,1.46087,1.46064,1.46071,1925599975.5859375
2011-06-07 05:10:00,1.46071,1.46079,1.46045,1.4605,1465500030.5175781
2011-06-07 05:11:00,1.46047,1.46057,1.46033,1.46054,1742100067.1386719
2011-06-07 05:12:00,1.46054,1.4606,1.46037,1.46041,1198499984.741211
2011-06-07 05:13:00,1.46039,1.46057,1.46031,1.46053,804000015.2587891
2011-06-07 05:14:00,1.46054,1.46082,1.46054,1.46076,1059599990.8447266
2011-06-07 05:15:00,1.46077,1.46077,1.4606,1.4607,615000000.0
2011-06-07 05:16:00,1.4607,1.4608,1.46061,1.46069,1213600006.1035156
2011-06-07 05:17:00,1.4607,1.46097,1.46062,1.46091,1031999969.4824219
2011-06-07 05:18:00,1.46092,1.46117,1.46087,1.46105,1161999969.4824219
2011-06-07 05:19:00,1.46102,1.46102,1.46072,1.46081,1486499938.9648438
2011-06-07 05:20:00,1.4608,1.461,1.46066,1.461,1136900024.4140625
2011-06-07 05:21:00,1.46101,1.4612,1.46101,1.4611,1041800003.0517578
2011-06-07 05:22:00,1.46107,1.46112,1.46095,1.46095,521300010.68115234
2011-06-07 05:23:00,1.46094,1.46094,1.46068,1.4608,1402500000.0
2011-06-07 05:24:00,1.4608,1.46087,1.46055,1.46064,1626300048.828125
2011-06-07 05:25:00,1.46068,1.46086,1.4606,1.46068,1119800033.569336
2011-06-07 05:26:00,1.46069,1.46079,1.46056,1.46064,1315500030.5175781
2011-06-07 05:27:00,1.46063,1.46103,1.46063,1.46101,1135999984.741211
2011-06-07 05:28:00,1.46101,1.46135,1.46101,1.46112,1052300033.5693359
2011-06-07 05:29:00,1.46111,1.46119,1.46105,1.46112,909599990.8447266
2011-06-07 05:30:00,1.46113,1.46122,1.46109,1.46119,705199966.4306641
2011-06-07 05:31:00,1.46116,1.4613,1.46115,1.46128,819000015.2587891
2011-06-07 05:32:00,1.46128,1.46128,1.4612,1.46125,328499984.74121094
2011-06-07 05:33:00,1.46122,1.46122,1.46099,1.46102,487500000.0
2011-06-07 05:34:00,1.46102,1.46107,1.46086,1.46096,1401799926.7578125
2011-06-07 05:35:00,1.46094,1.46094,1.46076,1.46085,1299900054.9316406
2011-06-07 05:36:00,1.46084,1.46084,1.46078,1.46079,435499992.37060547
2011-06-07 05:37:00,1.46078,1.46078,1.46062,1.46064,971999969.4824219
2011-06-07 05:38:00,1.46064,1.46068,1.46064,1.46068,501899986.26708984
2011-06-07 05:39:00,1.46066,1.46089,1.46064,1.46069,1313899993.8964844
2011-06-07 05:40:00,1.46069,1.46069,1.46063,1.46067,310499992.37060547
2011-06-07 05:41:00,1.46072,1.4609,1.46071,1.46071,1023000030.5175781
2011-06-07 05:42:00,1.46072,1.46075,1.46069,1.46071,386399993.8964844
2011-06-07 05:43:00,1.4607,1.46071,1.4606,1.46064,806299972.5341797
2011-06-07 05:44:00,1.46065,1.4607,1.46062,1.4607,188999996.18530273
2011-06-07 05:45:00,1.46071,1.46073,1.4606,1.46073,600900001.5258789
2011-06-07 05:46:00,1.46074,1.46093,1.46074,1.46089,1008000030.5175781
2011-06-07 05:47:00,1.46091,1.46117,1.46091,1.46106,534799995.4223633
2011-06-07 05:48:00,1.46106,1.46113,1.46094,1.46104,638300018.3105469
2011-06-07 05:49:00,1.46103,1.46103,1.46089,1.4609,424500007.62939453
2011-06-07 05:50:00,1.46091,1.461,1.46089,1.46096,740999984.7412109
2011-06-07 05:51:00,1.46095,1.46103,1.46077,1.46078,1076600036.6210938
2011-06-07 05:52:00,1.46078,1.46093,1.46078,1.46085,631800003.0517578
2011-06-07 05:53:00,1.46085,1.46094,1.4607,1.46094,1111699981.6894531
2011-06-07 05:54:00,1.46096,1.46114,1.46093,1.46097,1192500000.0
2011-06-07 05:55:00,1.461,1.46105,1.4609,1.46092,695299987.7929688
2011-06-07 05:56:00,1.46092,1.46106,1.46092,1.46099,501100006.1035156
2011-06-07 05:57:00,1.46099,1.46102,1.46094,1.46099,493499984.74121094
2011-06-07 05:58:00,1.46099,1.46101,1.46096,1.461,307500000.0
2011-06-07 05:59:00,1.46107,1.46124,1.46102,1.46124,1045000000.0
2011-06-07 06:00:00,1.46125,1.46125,1.46114,1.46119,924499969.4824219
2011-06-07 06:01:00,1.46119,1.46197,1.46119,1.46197,1917500000.0
2011-06-07 06:02:00,1.46193,1.46279,1.46188,1.46265,2494199981.689453
2011-06-07 06:03:00,1.46266,1.4627,1.46241,1.46241,2085299987.7929688
2011-06-07 06:04:00,1.46241,1.46261,1.46233,1.4626,1469799957.2753906
2011-06-07 06:05:00,1.4626,1.46344,1.4626,1.46307,3216400146.484375
2011-06-07 06:06:00,1.46305,1.46309,1.46268,1.46274,1967100067.1386719
2011-06-07 06:07:00,1.46278,1.46305,1.46271,1.463,1248499984.741211
2011-06-07 06:08:00,1.46298,1.46299,1.46269,1.46275,1538300018.3105469
2011-06-07 06:09:00,1.46274,1.46312,1.46271,1.46309,2068600006.1035156
2011-06-07 06:10:00,1.46309,1.46372,1.46303,1.46369,2459199981.689453
2011-06-07 06:11:00,1.46367,1.46398,1.4635,1.46362,1969799957.2753906
2011-06-07 06:12:00,1.46361,1.46374,1.46311,1.46314,1700099945.0683594
2011-06-07 06:13:00,1.46315,1.46339,1.46313,1.46313,1371799926.7578125
2011-06-07 06:14:00,1.46313,1.4634,1.46308,1.46308,1100000000.0
2011-06-07 06:15:00,1.46304,1.46312,1.46284,1.46292,2352799987.7929688
2011-06-07 06:16:00,1.46291,1.46325,1.4629,1.46309,1322299957.2753906
2011-06-07 06:17:00,1.46308,1.46313,1.46301,1.46308,1271600036.6210938
2011-06-07 06:18:00,1.46308,1.46313,1.4629,1.46294,1102500000.0
2011-06-07 06:19:00,1.46294,1.46299,1.46294,1.46294,1011699981.6894531
2011-06-07 06:20:00,1.46293,1.46293,1.46275,1.46279,1186900024.4140625
2011-06-07 06:21:00,1.4628,1.46301,1.46279,1.463,1514299926.7578125
2011-06-07 06:22:00,1.463,1.46328,1.46291,1.46323,1660700073.2421875
2011-06-07 06:23:00,1.46323,1.46334,1.46313,1.46322,911399993.8964844
2011-06-07 06:24:00,1.46321,1.46348,1.46317,1.46329,1683300018.3105469
2011-06-07 06:25:00,1.46329,1.46409,1.46326,1.464,2794400024.4140625
2011-06-07 06:26:00,1.46398,1.4641,1.46373,1.46389,2183099975.5859375
2011-06-07 06:27:00,1.46392,1.46394,1.46369,1.46389,3321900024.4140625
2011-06-07 06:28:00,1.46389,1.46402,1.46369,1.46389,2302299957.2753906
2011-06-07 06:29:00,1.46388,1.46431,1.46388,1.46402,2172500000.0
2011-06-07 06:30:00,1.46402,1.46414,1.46393,1.464,2066399993.8964844
2011-06-07 06:31:00,1.464,1.46401,1.46351,1.46361,2051199951.171875
2011-06-07 06:32:00,1.46362,1.46394,1.46361,1.46386,1556499938.9648438
2011-06-07 06:33:00,1.46386,1.46395,1.46379,1.46388,1860200042.7246094
2011-06-07 06:34:00,1.46386,1.46387,1.46354,1.46368,2090200042.7246094
2011-06-07 06:35:00,1.46368,1.46368,1.46341,1.46352,1336300048.828125
2011-06-07 06:36:00,1.46352,1.46364,1.46336,1.46363,1624900054.9316406
2011-06-07 06:37:00,1.46363,1.46363,1.46314,1.46321,1788500061.0351562
2011-06-07 06:38:00,1.46322,1.46341,1.4631,1.4631,930100021.3623047
2011-06-07 06:39:00,1.4631,1.4632,1.46291,1.46311,1918699951.171875
2011-06-07 06:40:00,1.46311,1.4634,1.46309,1.46331,1553300018.3105469
2011-06-07 06:41:00,1.46334,1.46337,1.4629,1.46295,2078699951.171875
2011-06-07 06:42:00,1.46295,1.46298,1.46274,1.46286,1296499938.9648438
2011-06-07 06:43:00,1.46287,1.46316,1.46287,1.46316,999800033.5693359
2011-06-07 06:44:00,1.46317,1.46333,1.46307,1.46311,1561100006.1035156
2011-06-07 06:45:00,1.46312,1.46316,1.46285,1.46289,1578800048.828125
2011-06-07 06:46:00,1.46289,1.46314,1.46285,1.46313,1345500030.5175781
2011-06-07 06:47:00,1.46314,1.46319,1.46309,1.46319,863300018.3105469
2011-06-07 06:48:00,1.46316,1.46334,1.46307,1.46334,1978699951.171875
2011-06-07 06:49:00,1.46338,1.46338,1.46317,1.46321,1559299926.7578125
2011-06-07 06:50:00,1.46322,1.46355,1.46322,1.46355,2139100036.6210938
2011-06-07 06:51:00,1.46354,1.46368,1.46349,1.46359,1953000030.5175781
2011-06-07 06:52:00,1.46357,1.46385,1.46355,1.46385,2220899963.3789062
2011-06-07 06:53:00,1.46385,1.46422,1.46384,1.4641,2674599914.5507812
2011-06-07 06:54:00,1.4641,1.46413,1.46384,1.46395,2222299957.2753906
2011-06-07 06:55:00,1.46396,1.46453,1.46394,1.46453,2534299926.7578125
2011-06-07 06:56:00,1.46453,1.46465,1.46439,1.46439,3489100036.6210938
2011-06-07 06:57:00,1.46438,1.46477,1.46438,1.46447,2591199951.171875
2011-06-07 06:58:00,1.46451,1.46451,1.46411,1.46411,1934600067.1386719
2011-06-07 06:59:00,1.46411,1.46446,1.46408,1.46437,2134900054.9316406
2011-06-07 07:00:00,1.46435,1.4644,1.46401,1.4641,2300399932.861328
2011-06-07 07:01:00,1.46409,1.46429,1.46397,1.46429,1936199951.171875
2011-06-07 07:02:00,1.46429,1.46437,1.46399,1.46399,1668000030.5175781
2011-06-07 07:03:00,1.46399,1.46437,1.46399,1.46434,1634199981.6894531
2011-06-07 07:04:00,1.46435,1.46458,1.46411,1.46416,2290099945.0683594
2011-06-07 07:05:00,1.46416,1.46416,1.4632,1.46327,2993200073.2421875
2011-06-07 07:06:00,1.46326,1.46341,1.4629,1.46334,2898200073.2421875
2011-06-07 07:07:00,1.46335,1.4638,1.46314,1.46376,2914400024.4140625
2011-06-07 07:08:00,1.46374,1.46385,1.46361,1.46375,1569700012.2070312
2011-06-07 07:09:00,1.46374,1.46411,1.46374,1.46408,1650800018.3105469
2011-06-07 07:10:00,1.46411,1.4644,1.46393,1.46397,3977500000.0
2011-06-07 07:11:00,1.46399,1.46416,1.46377,1.46416,2690700073.2421875
2011-06-07 07:12:00,1.46422,1.46438,1.4639,1.46391,2413600006.1035156
2011-06-07 07:13:00,1.46391,1.46404,1.46376,1.46376,2224100036.6210938
2011-06-07 07:14:00,1.46374,1.46423,1.46373,1.46409,2139199981.6894531
2011-06-07 07:15:00,1.4641,1.46467,1.4641,1.46447,2628500061.0351562
2011-06-07 07:16:00,1.46447,1.46491,1.46429,1.46481,3055499877.9296875
2011-06-07 07:17:00,1.46481,1.4651,1.46472,1.46488,3400400085.4492188
2011-06-07 07:18:00,1.46488,1.46488,1.46421,1.46432,2183500061.0351562
2011-06-07 07:19:00,1.46432,1.46444,1.46422,1.46439,1709600067.1386719
2011-06-07 07:20:00,1.46439,1.46454,1.46399,1.46451,2874200134.2773438
2011-06-07 07:21:00,1.46451,1.46471,1.4644,1.46447,2400099945.0683594
2011-06-07 07:22:00,1.46445,1.46449,1.46416,1.46437,1955000000.0
2011-06-07 07:23:00,1.46438,1.46447,1.46415,1.4642,2516900024.4140625
2011-06-07 07:24:00,1.46419,1.46432,1.46399,1.46428,2100899963.3789062
2011-06-07 07:25:00,1.46427,1.46429,1.46395,1.46401,1996699981.6894531
2011-06-07 07:26:00,1.46401,1.4643,1.46401,1.46412,1608899993.8964844
2011-06-07 07:27:00,1.46412,1.46412,1.4639,1.46397,1911600036.6210938
2011-06-07 07:28:00,1.46395,1.46396,1.46359,1.46383,1718399963.3789062
2011-06-07 07:29:00,1.46381,1.46382,1.46341,1.46343,1654400024.4140625
2011-06-07 07:30:00,1.46343,1.46364,1.46337,1.46348,1736000061.0351562
2011-06-07 07:31:00,1.46349,1.46392,1.46347,1.46375,2668599853.515625
2011-06-07 07:32:00,1.46368,1.46398,1.46362,1.46372,2657000122.0703125
2011-06-07 07:33:00,1.46368,1.46377,1.46348,1.46377,1416000061.0351562
2011-06-07 07:34:00,1.46379,1.46384,1.46353,1.46353,2120800018.3105469
2011-06-07 07:35:00,1.46352,1.46368,1.4632,1.4632,2115899963.3789062
2011-06-07 07:36:00,1.46318,1.46359,1.46313,1.46359,2127200012.2070312
2011-06-07 07:37:00,1.4636,1.46361,1.46319,1.4634,1840399932.8613281
2011-06-07 07:38:00,1.4634,1.46379,1.4634,1.46357,2231100006.1035156
2011-06-07 07:39:00,1.46364,1.46381,1.4636,1.46365,1946799926.7578125
2011-06-07 07:40:00,1.46365,1.46365,1.46319,1.46329,1678999938.9648438
2011-06-07 07:41:00,1.46327,1.46327,1.46271,1.46271,2631400146.484375
2011-06-07 07:42:00,1.4627,1.46288,1.46247,1.46266,3384500122.0703125
2011-06-07 07:43:00,1.46267,1.46311,1.46267,1.46311,2351499938.9648438
2011-06-07 07:44:00,1.4631,1.46418,1.46278,1.46402,4275700073.2421875
2011-06-07 07:45:00,1.46401,1.46459,1.46372,1.4645,4125899963.3789062
2011-06-07 07:46:00,1.46444,1.46444,1.46409,1.46428,2742200012.2070312
2011-06-07 07:47:00,1.4643,1.46467,1.46417,1.46463,3283999938.9648438
2011-06-07 07:48:00,1.46465,1.46532,1.4646,1.46532,3674800109.8632812
2011-06-07 07:49:00,1.46539,1.46635,1.46533,1.4659,6431099853.515625
2011-06-07 07:50:00,1.46591,1.46604,1.46556,1.46571,3257200012.2070312
2011-06-07 07:51:00,1.46571,1.46581,1.46542,1.46563,2724700012.2070312
2011-06-07 07:52:00,1.46562,1.46562,1.46503,1.46521,3203699951.171875
2011-06-07 07:53:00,1.4652,1.46557,1.46518,1.46544,2572300109.8632812
2011-06-07 07:54:00,1.46544,1.46562,1.46535,1.46535,1776900024.4140625
2011-06-07 07:55:00,1.46533,1.4655,1.46508,1.46536,2172400054.9316406
2011-06-07 07:56:00,1.46537,1.4655,1.46516,1.46526,1573800048.828125
2011-06-07 07:57:00,1.46525,1.46568,1.46523,1.46565,2057500000.0
2011-06-07 07:58:00,1.46564,1.46621,1.46552,1.46615,3089899902.34375
2011-06-07 07:59:00,1.46615,1.46621,1.46577,1.46589,3092000122.0703125
2011-06-07 08:00:00,1.46589,1.46592,1.46559,1.46579,3006300048.828125
2011-06-07 08:01:00,1.46577,1.46581,1.46559,1.46559,1796199951.171875
2011-06-07 08:02:00,1.46559,1.46559,1.46528,1.4655,2122500000.0
2011-06-07 08:03:00,1.4655,1.46553,1.46519,1.46531,2211100006.1035156
2011-06-07 08:04:00,1.4653,1.4656,1.46527,1.4655,1919100036.6210938
2011-06-07 08:05:00,1.4655,1.46561,1.46484,1.4655,3882500000.0
2011-06-07 08:06:00,1.46551,1.46583,1.46537,1.46548,4212500000.0
2011-06-07 08:07:00,1.46548,1.46571,1.46525,1.46526,2612500000.0
2011-06-07 08:08:00,1.46524,1.46524,1.46491,1.46506,3003999938.9648438
2011-06-07 08:09:00,1.46505,1.46523,1.46493,1.46506,1804799957.2753906
2011-06-07 08:10:00,1.46506,1.4653,1.465,1.46513,2224600067.138672
2011-06-07 08:11:00,1.46513,1.46547,1.46509,1.46527,2228800048.828125
2011-06-07 08:12:00,1.46523,1.46533,1.46497,1.46497,1863699951.171875
2011-06-07 08:13:00,1.46496,1.46496,1.46464,1.46478,2143200073.2421875
2011-06-07 08:14:00,1.46481,1.46517,1.46476,1.46517,1984299926.7578125
2011-06-07 08:15:00,1.46518,1.46519,1.46469,1.46473,2055800018.3105469
2011-06-07 08:16:00,1.46473,1.46488,1.46441,1.46441,1913099975.5859375
2011-06-07 08:17:00,1.46439,1.4645,1.46432,1.46447,2299799957.2753906
2011-06-07 08:18:00,1.46447,1.46462,1.46442,1.46461,1490899963.3789062
2011-06-07 08:19:00,1.46461,1.46472,1.46451,1.46463,2303999938.9648438
2011-06-07 08:20:00,1.46463,1.46463,1.46432,1.46447,1659900054.9316406
2011-06-07 08:21:00,1.46444,1.46457,1.46436,1.46454,1285800018.3105469
2011-06-07 08:22:00,1.46454,1.46484,1.46454,1.46473,1778200073.2421875
2011-06-07 08:23:00,1.46475,1.4648,1.46459,1.46469,1714400024.4140625
2011-06-07 08:24:00,1.4647,1.46498,1.46467,1.46476,1842700042.7246094
2011-06-07 08:25:00,1.46476,1.46487,1.4647,1.46475,1137099990.8447266
2011-06-07 08:26:00,1.46474,1.46474,1.4646,1.46467,1680800018.3105469
2011-06-07 08:27:00,1.46468,1.46487,1.46465,1.46469,1177600021.3623047
2011-06-07 08:28:00,1.46469,1.46488,1.46469,1.46488,960800018.3105469
2011-06-07 08:29:00,1.46489,1.46517,1.46478,1.46516,2101199951.171875
2011-06-07 08:30:00,1.46516,1.46563,1.46515,1.46551,3351400146.484375
2011-06-07 08:31:00,1.46552,1.46583,1.46543,1.46569,2441300048.828125
2011-06-07 08:32:00,1.46572,1.46593,1.46555,1.46592,2617900085.4492188
2011-06-07 08:33:00,1.4659,1.4659,1.46572,1.4658,1356300048.828125
2011-06-07 08:34:00,1.4658,1.46665,1.46579,1.46643,3196900024.4140625
2011-06-07 08:35:00,1.46642,1.46656,1.46621,1.46629,3485700073.2421875
2011-06-07 08:36:00,1.46628,1.4666,1.46625,1.46658,2263300018.310547
2011-06-07 08:37:00,1.46658,1.46658,1.46582,1.46582,2310899963.3789062
2011-06-07 08:38:00,1.46582,1.46582,1.4649,1.46491,3567600097.65625
2011-06-07 08:39:00,1.46489,1.46566,1.46479,1.46566,2553300018.310547
2011-06-07 08:40:00,1.46567,1.46591,1.46552,1.46586,2063699951.171875
2011-06-07 08:41:00,1.46588,1.46601,1.46572,1.46587,2474799957.2753906
2011-06-07 08:42:00,1.46587,1.46668,1.46585,1.4666,3205799865.7226562
2011-06-07 08:43:00,1.46662,1.46715,1.46641,1.46707,4686199951.171875
2011-06-07 08:44:00,1.46705,1.4671,1.46672,1.46684,2762900085.4492188
2011-06-07 08:45:00,1.46683,1.46709,1.46673,1.46696,3171400146.484375
2011-06-07 08:46:00,1.46695,1.46717,1.46665,1.46711,3188500061.0351562
2011-06-07 08:47:00,1.46707,1.46785,1.46701,1.46759,4158099975.5859375
2011-06-07 08:48:00,1.46756,1.46767,1.46742,1.46761,3551199951.171875
2011-06-07 08:49:00,1.46764,1.46766,1.46741,1.46756,1610299987.7929688
2011-06-07 08:50:00,1.46756,1.46801,1.46746,1.46786,2949800109.8632812
2011-06-07 08:51:00,1.46787,1.46789,1.46765,1.46773,1279899978.6376953
2011-06-07 08:52:00,1.46773,1.46773,1.46739,1.46739,1515700073.2421875
2011-06-07 08:53:00,1.46737,1.46756,1.46727,1.46737,1545200042.7246094
2011-06-07 08:54:00,1.46737,1.46765,1.46732,1.46756,3004700012.2070312
2011-06-07 08:55:00,1.46757,1.46759,1.4674,1.4674,1792299957.2753906
2011-06-07 08:56:00,1.46741,1.46773,1.46741,1.46761,2543300018.310547
2011-06-07 08:57:00,1.46761,1.46762,1.46749,1.46762,1460200042.7246094
2011-06-07 08:58:00,1.46761,1.46789,1.46746,1.46781,1996300048.828125
2011-06-07 08:59:00,1.46781,1.46806,1.46776,1.46797,2590199890.1367188
2011-06-07 09:00:00,1.46795,1.46818,1.4674,1.4674,4333900146.484375
2011-06-07 09:01:00,1.4674,1.46799,1.4674,1.46768,2928299865.7226562
2011-06-07 09:02:00,1.46768,1.46787,1.46757,1.46763,2463200073.2421875
2011-06-07 09:03:00,1.46763,1.46788,1.46757,1.46781,2211900024.4140625
2011-06-07 09:04:00,1.46779,1.4678,1.46736,1.46737,2262500000.0
2011-06-07 09:05:00,1.46739,1.46756,1.46727,1.46738,2061600036.6210938
2011-06-07 09:06:00,1.46736,1.46737,1.4671,1.46719,2295099945.0683594
2011-06-07 09:07:00,1.46719,1.46732,1.46711,1.46716,1449900054.9316406
2011-06-07 09:08:00,1.46715,1.46764,1.46699,1.46759,1982299957.2753906
2011-06-07 09:09:00,1.46758,1.46773,1.46753,1.46763,2138200073.2421875
2011-06-07 09:10:00,1.46763,1.46765,1.46733,1.46744,1962200012.2070312
2011-06-07 09:11:00,1.46742,1.4675,1.46707,1.46721,2089400024.4140625
2011-06-07 09:12:00,1.46718,1.4672,1.46711,1.46712,2224100036.6210938
2011-06-07 09:13:00,1.46712,1.46714,1.46694,1.46712,1620200042.7246094
2011-06-07 09:14:00,1.46712,1.4672,1.46695,1.46704,1654499969.4824219
2011-06-07 09:15:00,1.46705,1.46724,1.46703,1.46707,1623699951.171875
2011-06-07 09:16:00,1.46708,1.46739,1.46704,1.46723,1613899993.8964844
2011-06-07 09:17:00,1.46723,1.46723,1.46679,1.46683,2213200073.2421875
2011-06-07 09:18:00,1.46683,1.46714,1.46683,1.467,2761300048.828125
2011-06-07 09:19:00,1.467,1.46711,1.46685,1.46685,1862400054.9316406
2011-06-07 09:20:00,1.46686,1.46703,1.46677,1.467,1571499938.9648438
2011-06-07 09:21:00,1.467,1.46701,1.46688,1.46688,892699966.4306641
2011-06-07 09:22:00,1.46686,1.46698,1.46685,1.46689,1327299957.2753906
2011-06-07 09:23:00,1.46689,1.46696,1.46685,1.46692,779499969.4824219
2011-06-07 09:24:00,1.46693,1.46712,1.46693,1.46712,781399993.8964844
2011-06-07 09:25:00,1.46711,1.46737,1.46703,1.4673,1722799987.7929688
2011-06-07 09:26:00,1.4673,1.4673,1.46711,1.46712,1472599945.0683594
2011-06-07 09:27:00,1.46713,1.4672,1.46706,1.46714,1150000000.0
2011-06-07 09:28:00,1.46715,1.46723,1.46705,1.46714,1148099975.5859375
2011-06-07 09:29:00,1.46717,1.46751,1.46715,1.46736,2285500030.517578
2011-06-07 09:30:00,1.46736,1.46747,1.4673,1.46735,1360000000.0
2011-06-07 09:31:00,1.46736,1.46737,1.46686,1.46688,1619900054.9316406
2011-06-07 09:32:00,1.46686,1.46696,1.46674,1.46677,1546799926.7578125
2011-06-07 09:33:00,1.46675,1.46692,1.46657,1.46676,2089100036.6210938
2011-06-07 09:34:00,1.46678,1.46679,1.46654,1.46665,1680099945.0683594
2011-06-07 09:35:00,1.46666,1.46672,1.46655,1.46664,1692299957.2753906
2011-06-07 09:36:00,1.46665,1.46668,1.4665,1.46656,935299987.7929688
2011-06-07 09:37:00,1.46656,1.46663,1.46652,1.46659,1282400054.9316406
2011-06-07 09:38:00,1.4666,1.46679,1.46654,1.46678,1344199981.6894531
2011-06-07 09:39:00,1.46678,1.46719,1.46678,1.46713,2181000061.0351562
2011-06-07 09:40:00,1.46715,1.46736,1.46682,1.46682,1775700073.2421875
2011-06-07 09:41:00,1.46682,1.46691,1.46667,1.46691,1729600067.1386719
2011-06-07 09:42:00,1.46691,1.46727,1.46691,1.46705,2003000030.5175781
2011-06-07 09:43:00,1.46709,1.46709,1.46672,1.46691,1572299957.2753906
2011-06-07 09:44:00,1.4669,1.46744,1.46689,1.46737,2377200012.2070312
2011-06-07 09:45:00,1.46737,1.46776,1.46729,1.46765,2184499969.482422
2011-06-07 09:46:00,1.46768,1.46771,1.46715,1.46719,1702700042.7246094
2011-06-07 09:47:00,1.4672,1.46738,1.46719,1.46733,1556300048.828125
2011-06-07 09:48:00,1.46733,1.46741,1.4673,1.46736,1814900054.9316406
2011-06-07 09:49:00,1.46737,1.46738,1.46706,1.46729,1987299957.2753906
2011-06-07 09:50:00,1.46728,1.46731,1.46719,1.46726,1102699966.430664
2011-06-07 09:51:00,1.46723,1.46723,1.46687,1.46693,1545200042.7246094
2011-06-07 09:52:00,1.46692,1.46725,1.4669,1.46713,1703399963.3789062
2011-06-07 09:53:00,1.4671,1.46713,1.46662,1.46683,2155099945.0683594
2011-06-07 09:54:00,1.46683,1.46698,1.46683,1.46698,1115999984.741211
2011-06-07 09:55:00,1.46697,1.46697,1.46665,1.46665,1533899993.8964844
2011-06-07 09:56:00,1.46663,1.46681,1.46661,1.46681,1328800048.828125
2011-06-07 09:57:00,1.46682,1.46706,1.46671,1.46686,1327500000.0
2011-06-07 09:58:00,1.46691,1.46691,1.46661,1.46667,1714199981.6894531
2011-06-07 09:59:00,1.46667,1.46668,1.46656,1.46662,1361699981.6894531
2011-06-07 10:00:00,1.46662,1.46755,1.46662,1.46742,3123599853.515625
2011-06-07 10:01:00,1.46743,1.46786,1.46743,1.4678,3051600036.6210938
2011-06-07 10:02:00,1.4678,1.4678,1.46745,1.46746,2101499938.9648438
2011-06-07 10:03:00,1.46746,1.46754,1.46717,1.46717,1908000030.5175781
2011-06-07 10:04:00,1.46717,1.46758,1.46706,1.46721,2051699981.6894531
2011-06-07 10:05:00,1.46718,1.46719,1.46698,1.46713,1726399993.8964844
2011-06-07 10:06:00,1.46711,1.46711,1.46671,1.4668,1491100006.1035156
2011-06-07 10:07:00,1.4668,1.4671,1.46677,1.46709,1273799972.5341797
2011-06-07 10:08:00,1.46708,1.46708,1.46691,1.46697,1143600006.1035156
2011-06-07 10:09:00,1.46694,1.46703,1.4668,1.46692,1551300048.828125
2011-06-07 10:10:00,1.46693,1.46694,1.46673,1.46679,815599975.5859375
2011-06-07 10:11:00,1.46679,1.46679,1.46659,1.46664,1687500000.0
2011-06-07 10:12:00,1.46663,1.46692,1.46663,1.46673,1636600036.6210938
2011-06-07 10:13:00,1.46673,1.46691,1.46673,1.4668,991999969.4824219
2011-06-07 10:14:00,1.46677,1.46677,1.46662,1.46669,592500000.0
2011-06-07 10:15:00,1.46669,1.4672,1.46667,1.46714,1512400054.9316406
2011-06-07 10:16:00,1.4672,1.46738,1.46717,1.4673,1479400024.4140625
2011-06-07 10:17:00,1.46734,1.46737,1.46722,1.46725,784599990.8447266
2011-06-07 10:18:00,1.46725,1.46745,1.46723,1.4674,747600021.3623047
2011-06-07 10:19:00,1.46737,1.4677,1.46729,1.4675,1449499969.4824219
2011-06-07 10:20:00,1.46751,1.46774,1.46745,1.46761,1697100067.1386719
2011-06-07 10:21:00,1.46762,1.46764,1.46726,1.46755,1647899932.8613281
2011-06-07 10:22:00,1.46752,1.46752,1.46721,1.46734,1785899963.3789062
2011-06-07 10:23:00,1.46736,1.46739,1.46721,1.46721,1231200027.4658203
2011-06-07 10:24:00,1.46721,1.46723,1.4672,1.46723,262900009.15527344
2011-06-07 10:25:00,1.46723,1.46735,1.46721,1.46734,816500015.2587891
2011-06-07 10:26:00,1.46735,1.46735,1.46711,1.46719,1192900009.1552734
2011-06-07 10:27:00,1.46719,1.46729,1.46715,1.46721,1498699951.171875
2011-06-07 10:28:00,1.4672,1.46724,1.4671,1.4671,788600006.1035156
2011-06-07 10:29:00,1.4671,1.46723,1.4671,1.46721,756800003.0517578
2011-06-07 10:30:00,1.46722,1.46743,1.46707,1.46707,1338399963.3789062
2011-06-07 10:31:00,1.46704,1.46718,1.4669,1.46716,1222900009.1552734
2011-06-07 10:32:00,1.46713,1.46717,1.46696,1.4671,1608200073.2421875
2011-06-07 10:33:00,1.4671,1.46711,1.46693,1.46698,940500030.5175781
2011-06-07 10:34:00,1.46698,1.46707,1.4669,1.46699,1609600067.1386719
2011-06-07 10:35:00,1.46699,1.46721,1.46691,1.46708,1190899963.3789062
2011-06-07 10:36:00,1.46715,1.46727,1.46696,1.46705,1464400024.4140625
2011-06-07 10:37:00,1.46704,1.46713,1.46697,1.46711,797600021.3623047
2011-06-07 10:38:00,1.46711,1.46727,1.46698,1.46718,1240199966.430664
2011-06-07 10:39:00,1.46718,1.46718,1.46703,1.46706,1254000015.258789
2011-06-07 10:40:00,1.46708,1.46729,1.46707,1.46729,660899963.3789062
2011-06-07 10:41:00,1.46727,1.46729,1.4671,1.4671,954899978.6376953
2011-06-07 10:42:00,1.4671,1.4671,1.46691,1.46695,1341399993.8964844
2011-06-07 10:43:00,1.46696,1.46716,1.46692,1.46697,1967500000.0
2011-06-07 10:44:00,1.46696,1.46702,1.46687,1.46691,732300033.5693359
2011-06-07 10:45:00,1.4669,1.4669,1.46669,1.46673,642200012.2070312
2011-06-07 10:46:00,1.46673,1.46699,1.46673,1.46683,1696300048.828125
2011-06-07 10:47:00,1.46683,1.46684,1.46645,1.46647,1773999938.9648438
2011-06-07 10:48:00,1.4664,1.46642,1.46619,1.46637,1994499969.4824219
2011-06-07 10:49:00,1.46637,1.46667,1.46635,1.4666,1788699951.171875
2011-06-07 10:50:00,1.46659,1.46678,1.46647,1.46675,1509900054.9316406
2011-06-07 10:51:00,1.46675,1.46686,1.46667,1.46671,1044800033.5693359
2011-06-07 10:52:00,1.4667,1.4672,1.46667,1.4672,1580700073.2421875
2011-06-07 10:53:00,1.46719,1.46719,1.46675,1.46705,2535000000.0
2011-06-07 10:54:00,1.46702,1.46729,1.46701,1.4672,1415000000.0
2011-06-07 10:55:00,1.4672,1.46724,1.46691,1.46691,1233300018.3105469
2011-06-07 10:56:00,1.46691,1.46704,1.46677,1.46703,860199966.4306641
2011-06-07 10:57:00,1.46703,1.46703,1.46678,1.46678,1456900024.4140625
2011-06-07 10:58:00,1.46678,1.46685,1.46667,1.46673,864800033.5693359
2011-06-07 10:59:00,1.46676,1.46678,1.46652,1.46661,941299972.5341797
2011-06-07 11:00:00,1.46659,1.46662,1.4665,1.46661,932099990.8447266
2011-06-07 11:01:00,1.46659,1.46678,1.46659,1.46671,1053799972.5341797
2011-06-07 11:02:00,1.46671,1.46696,1.46671,1.46683,1240800018.3105469
2011-06-07 11:03:00,1.46684,1.46684,1.46651,1.46651,1074000015.258789
2011-06-07 11:04:00,1.46651,1.4667,1.46647,1.46666,1237699966.430664
2011-06-07 11:05:00,1.46666,1.46669,1.46651,1.4666,1327599945.0683594
2011-06-07 11:06:00,1.46662,1.46699,1.46662,1.46698,1323800048.828125
2011-06-07 11:07:00,1.46699,1.4671,1.46672,1.46681,1602599945.0683594
2011-06-07 11:08:00,1.4668,1.4668,1.46652,1.4666,1024700012.2070312
2011-06-07 11:09:00,1.46662,1.4667,1.46654,1.46661,975400009.1552734
2011-06-07 11:10:00,1.46661,1.46661,1.46654,1.46657,941299972.5341797
2011-06-07 11:11:00,1.46657,1.46668,1.46656,1.46657,1245199966.430664
2011-06-07 11:12:00,1.46657,1.4666,1.46644,1.46655,1392100067.1386719
2011-06-07 11:13:00,1.46656,1.46659,1.4665,1.4665,553600006.1035156
2011-06-07 11:14:00,1.4665,1.46657,1.46641,1.4665,1165800018.3105469
2011-06-07 11:15:00,1.4665,1.4665,1.46631,1.46632,732600021.3623047
2011-06-07 11:16:00,1.46639,1.46639,1.4663,1.46631,890999984.7412109
2011-06-07 11:17:00,1.46632,1.46638,1.46624,1.46629,1521900024.4140625
2011-06-07 11:18:00,1.46627,1.46631,1.4662,1.46621,579099998.4741211
2011-06-07 11:19:00,1.46621,1.46622,1.46595,1.46601,1050299987.7929688
2011-06-07 11:20:00,1.46603,1.46629,1.46603,1.46629,2051999969.4824219
2011-06-07 11:21:00,1.46628,1.46639,1.46608,1.46613,1922299957.2753906
2011-06-07 11:22:00,1.46612,1.46613,1.4659,1.46606,1312899932.8613281
2011-06-07 11:23:00,1.46604,1.46615,1.46594,1.466,1710200042.7246094
2011-06-07 11:24:00,1.466,1.4661,1.46583,1.466,1417400054.9316406
2011-06-07 11:25:00,1.466,1.46609,1.46592,1.46592,1096399993.8964844
2011-06-07 11:26:00,1.46591,1.46598,1.46565,1.46576,2194400024.4140625
2011-06-07 11:27:00,1.46577,1.46579,1.46571,1.46571,1596199951.171875
2011-06-07 11:28:00,1.46571,1.46591,1.46571,1.46589,1883699951.171875
2011-06-07 11:29:00,1.46588,1.4661,1.46588,1.46604,1756399993.8964844
2011-06-07 11:30:00,1.46604,1.46608,1.46597,1.46599,622000007.6293945
2011-06-07 11:31:00,1.46598,1.46605,1.4657,1.46577,2027100067.1386719
2011-06-07 11:32:00,1.46577,1.46581,1.46572,1.4658,851399993.8964844
2011-06-07 11:33:00,1.46581,1.46589,1.46579,1.46584,922099990.8447266
2011-06-07 11:34:00,1.46584,1.46584,1.46571,1.46572,993099975.5859375
2011-06-07 11:35:00,1.46574,1.46607,1.46574,1.46592,1265400009.1552734
2011-06-07 11:36:00,1.46591,1.46594,1.46574,1.46587,1834799957.2753906
2011-06-07 11:37:00,1.46587,1.46603,1.46586,1.46603,1492799987.7929688
2011-06-07 11:38:00,1.46604,1.46622,1.46604,1.46618,1128000030.5175781
2011-06-07 11:39:00,1.46618,1.46629,1.46609,1.46627,1153199996.9482422
2011-06-07 11:40:00,1.46627,1.46636,1.46614,1.46614,1078099975.5859375
2011-06-07 11:41:00,1.46616,1.4663,1.46616,1.4662,984800033.5693359
2011-06-07 11:42:00,1.46619,1.46632,1.46605,1.46615,1274300003.0517578
2011-06-07 11:43:00,1.46615,1.46637,1.46607,1.46637,1869900054.9316406
2011-06-07 11:44:00,1.46637,1.46649,1.46635,1.46645,634599990.8447266
2011-06-07 11:45:00,1.46647,1.46649,1.46621,1.46637,1691999969.4824219
2011-06-07 11:46:00,1.46638,1.4665,1.46635,1.46641,1534400024.4140625
2011-06-07 11:47:00,1.46644,1.46647,1.46641,1.46641,612099990.8447266
2011-06-07 11:48:00,1.46641,1.46641,1.46612,1.46617,1095299987.7929688
2011-06-07 11:49:00,1.46619,1.46623,1.46606,1.46621,1051100006.1035156
2011-06-07 11:50:00,1.46621,1.46644,1.4662,1.46632,1356300048.828125
2011-06-07 11:51:00,1.46634,1.46652,1.46626,1.46629,1736900024.4140625
2011-06-07 11:52:00,1.46626,1.46632,1.46615,1.46625,1196500015.258789
2011-06-07 11:53:00,1.46624,1.46655,1.46622,1.46626,1824700012.2070312
2011-06-07 11:54:00,1.46627,1.46648,1.46623,1.46635,1356499938.9648438
2011-06-07 11:55:00,1.46635,1.46635,1.46583,1.46586,1485399932.8613281
2011-06-07 11:56:00,1.46591,1.46601,1.46589,1.46599,1227600021.3623047
2011-06-07 11:57:00,1.46598,1.46618,1.46597,1.46606,569700012.2070312
2011-06-07 11:58:00,1.46606,1.46618,1.466,1.46615,1207799987.7929688
2011-06-07 11:59:00,1.46615,1.46637,1.46613,1.46628,670500030.5175781
2011-06-07 12:00:00,1.46627,1.46629,1.46517,1.46519,3722399902.34375
2011-06-07 12:01:00,1.4652,1.46537,1.46507,1.46529,2593900146.484375
2011-06-07 12:02:00,1.46529,1.46563,1.46513,1.46519,3292799987.7929688
2011-06-07 12:03:00,1.4652,1.46535,1.465,1.46519,2181699981.689453
2011-06-07 12:04:00,1.46519,1.4652,1.4649,1.46513,1848300018.3105469
2011-06-07 12:05:00,1.4652,1.46539,1.46508,1.46519,1531499938.9648438
2011-06-07 12:06:00,1.46517,1.4652,1.46502,1.46517,1821799926.7578125
2011-06-07 12:07:00,1.46516,1.46527,1.4651,1.46523,1467400054.9316406
2011-06-07 12:08:00,1.46523,1.46532,1.46505,1.46508,1716499938.9648438
2011-06-07 12:09:00,1.46507,1.46529,1.46502,1.46511,2002899932.8613281
2011-06-07 12:10:00,1.46511,1.46551,1.46511,1.4653,1984499969.4824219
2011-06-07 12:11:00,1.4653,1.46552,1.4653,1.4653,1735599975.5859375
2011-06-07 12:12:00,1.46529,1.46533,1.46509,1.46509,1682700042.7246094
2011-06-07 12:13:00,1.46505,1.46513,1.46488,1.46488,2442100067.138672
2011-06-07 12:14:00,1.46489,1.46517,1.46486,1.46497,2471499938.9648438
2011-06-07 12:15:00,1.46498,1.4653,1.46498,1.46521,3411900024.4140625
2011-06-07 12:16:00,1.46521,1.46541,1.46518,1.46537,2282799987.7929688
2011-06-07 12:17:00,1.46539,1.46541,1.46518,1.46529,1784100036.6210938
2011-06-07 12:18:00,1.46529,1.46538,1.46521,1.46523,2005099945.0683594
2011-06-07 12:19:00,1.46523,1.46523,1.46503,1.46506,1261399993.8964844
2011-06-07 12:20:00,1.46506,1.46537,1.46506,1.46519,1992899932.8613281
2011-06-07 12:21:00,1.46517,1.46527,1.46513,1.46525,1075100021.3623047
2011-06-07 12:22:00,1.46525,1.46533,1.4652,1.46526,1017300033.5693359
2011-06-07 12:23:00,1.46527,1.46568,1.46526,1.46565,1645500030.5175781
2011-06-07 12:24:00,1.46566,1.46587,1.46557,1.46587,1294799957.2753906
2011-06-07 12:25:00,1.46587,1.46588,1.46569,1.46577,1993200073.2421875
2011-06-07 12:26:00,1.46576,1.4658,1.46567,1.46579,1208099975.5859375
2011-06-07 12:27:00,1.4658,1.4659,1.46565,1.46587,1606600036.6210938
2011-06-07 12:28:00,1.46587,1.46589,1.46579,1.46586,1302899932.8613281
2011-06-07 12:29:00,1.46588,1.46598,1.46571,1.46598,1869199981.6894531
2011-06-07 12:30:00,1.46599,1.46623,1.46599,1.46615,1508999938.9648438
2011-06-07 12:31:00,1.46615,1.46619,1.46556,1.46559,1987899932.8613281
2011-06-07 12:32:00,1.46558,1.46597,1.46556,1.46597,2094900054.9316406
2011-06-07 12:33:00,1.46595,1.46604,1.46589,1.46589,1679600067.1386719
2011-06-07 12:34:00,1.46588,1.46605,1.46581,1.46589,1541900024.4140625
2011-06-07 12:35:00,1.46587,1.46599,1.46584,1.46596,1632799987.7929688
2011-06-07 12:36:00,1.46595,1.46599,1.46555,1.46555,2200299987.7929688
2011-06-07 12:37:00,1.46557,1.46605,1.4655,1.46598,1809199981.6894531
2011-06-07 12:38:00,1.46601,1.46609,1.46584,1.46584,969400024.4140625
2011-06-07 12:39:00,1.46584,1.46599,1.46575,1.46598,1944799957.2753906
2011-06-07 12:40:00,1.46598,1.46598,1.46579,1.46583,1355399932.8613281
2011-06-07 12:41:00,1.46583,1.46583,1.46545,1.46545,2486799926.7578125
2011-06-07 12:42:00,1.46545,1.46551,1.46537,1.46551,1970200042.7246094
2011-06-07 12:43:00,1.46553,1.4657,1.46545,1.46559,2852200012.2070312
2011-06-07 12:44:00,1.4656,1.4657,1.46552,1.46563,2373399963.3789062
2011-06-07 12:45:00,1.46569,1.46574,1.46558,1.46564,1603899993.8964844
2011-06-07 12:46:00,1.46565,1.46599,1.46561,1.46588,2424700012.2070312
2011-06-07 12:47:00,1.46588,1.46604,1.46578,1.4658,2158699951.171875
2011-06-07 12:48:00,1.46581,1.46599,1.46581,1.46583,1632500000.0
2011-06-07 12:49:00,1.46582,1.46589,1.46559,1.46589,1317899932.8613281
2011-06-07 12:50:00,1.4659,1.46599,1.46573,1.46586,1739700012.2070312
2011-06-07 12:51:00,1.46583,1.46612,1.46572,1.46612,2814200134.2773438
2011-06-07 12:52:00,1.4661,1.46636,1.4661,1.46631,1982400054.9316406
2011-06-07 12:53:00,1.46634,1.46659,1.46625,1.46656,2897099914.5507812
2011-06-07 12:54:00,1.46653,1.46655,1.46628,1.46628,1936000061.0351562
2011-06-07 12:55:00,1.46629,1.46644,1.46629,1.46631,1475000000.0
2011-06-07 12:56:00,1.46632,1.46633,1.46595,1.46606,1643699951.171875
2011-06-07 12:57:00,1.46611,1.46688,1.46597,1.46672,2905100097.65625
2011-06-07 12:58:00,1.46672,1.4671,1.46669,1.4671,2654400024.4140625
2011-06-07 12:59:00,1.46712,1.46759,1.46703,1.46736,3973999938.9648438
2011-06-07 13:00:00,1.46728,1.46749,1.46728,1.46738,2641499938.9648438
2011-06-07 13:01:00,1.46738,1.46745,1.4672,1.46727,2197400054.9316406
2011-06-07 13:02:00,1.46727,1.46768,1.46727,1.46765,3407300109.8632812
2011-06-07 13:03:00,1.46765,1.46782,1.46748,1.46758,3476499938.9648438
2011-06-07 13:04:00,1.46759,1.46759,1.46741,1.46752,1793999938.9648438
2011-06-07 13:05:00,1.46752,1.46794,1.46748,1.46778,2970000000.0
2011-06-07 13:06:00,1.4678,1.46783,1.46738,1.46748,1896199951.171875
2011-06-07 13:07:00,1.46747,1.46758,1.4672,1.46752,2134900054.9316406
2011-06-07 13:08:00,1.46752,1.46752,1.46735,1.46744,1268899993.8964844
2011-06-07 13:09:00,1.46743,1.46743,1.4668,1.46687,2198099975.5859375
2011-06-07 13:10:00,1.46686,1.46698,1.46673,1.46678,2653800048.828125
2011-06-07 13:11:00,1.46677,1.46715,1.46669,1.46697,2281900024.4140625
2011-06-07 13:12:00,1.46697,1.46702,1.46687,1.46689,1266200027.4658203
2011-06-07 13:13:00,1.4669,1.46691,1.46665,1.46669,1361199951.171875
2011-06-07 13:14:00,1.46669,1.46698,1.46666,1.46689,1750800018.3105469
2011-06-07 13:15:00,1.46691,1.46735,1.46691,1.46729,2102400054.9316406
2011-06-07 13:16:00,1.46725,1.46729,1.46696,1.46707,1787400054.9316406
2011-06-07 13:17:00,1.46707,1.46716,1.46686,1.46687,1311100006.1035156
2011-06-07 13:18:00,1.46687,1.467,1.46686,1.46688,1392299957.2753906
2011-06-07 13:19:00,1.46687,1.46688,1.46671,1.46674,1050800018.3105469
2011-06-07 13:20:00,1.46678,1.46719,1.46678,1.46715,1997500000.0
2011-06-07 13:21:00,1.46715,1.46716,1.46682,1.46715,1576000061.0351562
2011-06-07 13:22:00,1.46715,1.46716,1.46688,1.46693,1423699951.171875
2011-06-07 13:23:00,1.46691,1.46698,1.46674,1.46678,1163399963.3789062
2011-06-07 13:24:00,1.46679,1.46691,1.46634,1.46639,2438500061.0351562
2011-06-07 13:25:00,1.46641,1.46655,1.46633,1.46655,1996600036.6210938
2011-06-07 13:26:00,1.46655,1.46679,1.46655,1.46667,1298500061.0351562
2011-06-07 13:27:00,1.46667,1.46677,1.46655,1.46655,1530299987.7929688
2011-06-07 13:28:00,1.46653,1.46663,1.46633,1.4666,1563800048.828125
2011-06-07 13:29:00,1.4666,1.46666,1.46615,1.46624,2164700012.2070312
2011-06-07 13:30:00,1.46624,1.46624,1.46583,1.46607,2586499938.9648438
2011-06-07 13:31:00,1.46607,1.46621,1.46603,1.46604,1728300018.3105469
2011-06-07 13:32:00,1.46599,1.4662,1.46586,1.4662,1876699981.6894531
2011-06-07 13:33:00,1.46621,1.4666,1.46608,1.4666,2426600036.6210938
2011-06-07 13:34:00,1.46668,1.46672,1.46646,1.46657,1553200073.2421875
2011-06-07 13:35:00,1.46657,1.46657,1.46612,1.4662,2528200073.2421875
2011-06-07 13:36:00,1.46616,1.4665,1.46587,1.46638,2813800048.828125
2011-06-07 13:37:00,1.46637,1.4665,1.46631,1.46634,2029499969.4824219
2011-06-07 13:38:00,1.46637,1.46653,1.46626,1.46652,2902699890.1367188
2011-06-07 13:39:00,1.46653,1.46698,1.46653,1.46693,2617300109.8632812
2011-06-07 13:40:00,1.4669,1.4672,1.46679,1.46708,2855899963.3789062
2011-06-07 13:41:00,1.46711,1.4672,1.46688,1.46691,2623800048.828125
2011-06-07 13:42:00,1.46689,1.46737,1.46688,1.467,2272500000.0
2011-06-07 13:43:00,1.46699,1.46699,1.4666,1.46689,2485800018.310547
2011-06-07 13:44:00,1.46692,1.46708,1.46639,1.4664,3710599975.5859375
2011-06-07 13:45:00,1.46639,1.46639,1.46571,1.46595,3741400146.484375
2011-06-07 13:46:00,1.46595,1.46633,1.46578,1.46633,3126600036.6210938
2011-06-07 13:47:00,1.46634,1.46638,1.46576,1.46589,2655499877.9296875
2011-06-07 13:48:00,1.46591,1.46602,1.46576,1.46597,2889400024.4140625
2011-06-07 13:49:00,1.46598,1.46601,1.46542,1.46543,3412000122.0703125
2011-06-07 13:50:00,1.46541,1.46557,1.4652,1.46524,3026300048.828125
2011-06-07 13:51:00,1.46527,1.46547,1.46504,1.46538,3460199890.1367188
2011-06-07 13:52:00,1.46536,1.46576,1.46525,1.4653,2473699951.171875
2011-06-07 13:53:00,1.46533,1.46549,1.46513,1.46541,2440299987.7929688
2011-06-07 13:54:00,1.46543,1.46567,1.46534,1.46536,2220099945.0683594
2011-06-07 13:55:00,1.46537,1.46554,1.46517,1.4652,2470099945.0683594
2011-06-07 13:56:00,1.46519,1.46519,1.46483,1.46491,3673399963.3789062
2011-06-07 13:57:00,1.4649,1.46537,1.4649,1.46534,3591700134.2773438
2011-06-07 13:58:00,1.46535,1.46535,1.46506,1.4652,2332700042.7246094
2011-06-07 13:59:00,1.46521,1.46564,1.46514,1.46531,3781700134.2773438
2011-06-07 14:00:00,1.46532,1.46583,1.46532,1.46571,4670100097.65625
2011-06-07 14:01:00,1.46577,1.46659,1.46577,1.46655,4844100036.621094
2011-06-07 14:02:00,1.46652,1.46675,1.4665,1.46651,2572099914.5507812
2011-06-07 14:03:00,1.46651,1.46674,1.46641,1.46661,2653299865.7226562
2011-06-07 14:04:00,1.46661,1.46666,1.46635,1.46636,2268399963.3789062
2011-06-07 14:05:00,1.46638,1.46704,1.46638,1.46704,3136000061.0351562
2011-06-07 14:06:00,1.46704,1.46719,1.46681,1.4669,3026199951.171875
2011-06-07 14:07:00,1.4669,1.46711,1.46679,1.46687,2417400054.9316406
2011-06-07 14:08:00,1.46694,1.46779,1.46688,1.46751,3363999938.9648438
2011-06-07 14:09:00,1.46751,1.4676,1.46737,1.46741,2602200012.2070312
2011-06-07 14:10:00,1.46741,1.46741,1.46701,1.4671,2504700012.2070312
2011-06-07 14:11:00,1.46716,1.4677,1.46716,1.46746,2018600006.1035156
2011-06-07 14:12:00,1.46747,1.46751,1.46686,1.46696,2299199981.689453
2011-06-07 14:13:00,1.46694,1.46708,1.46688,1.46695,2148899993.8964844
2011-06-07 14:14:00,1.46695,1.46698,1.46654,1.46698,2422100067.138672
2011-06-07 14:15:00,1.46701,1.46775,1.46701,1.46761,3647099914.5507812
2011-06-07 14:16:00,1.46759,1.46769,1.46741,1.46757,2505899963.3789062
2011-06-07 14:17:00,1.46757,1.46796,1.46751,1.46779,2780199890.1367188
2011-06-07 14:18:00,1.46779,1.46792,1.46747,1.46748,2055800018.3105469
2011-06-07 14:19:00,1.46748,1.46754,1.4673,1.46734,2506799926.7578125
2011-06-07 14:20:00,1.46734,1.46757,1.467,1.46709,2053399963.3789062
2011-06-07 14:21:00,1.46706,1.46747,1.46705,1.4673,2122700042.7246094
2011-06-07 14:22:00,1.46732,1.46743,1.46723,1.46741,1832700042.7246094
2011-06-07 14:23:00,1.46741,1.46766,1.46721,1.46727,2939200134.2773438
2011-06-07 14:24:00,1.46728,1.4675,1.46723,1.46728,1736399993.8964844
2011-06-07 14:25:00,1.46727,1.46762,1.46717,1.46762,2381999969.482422
2011-06-07 14:26:00,1.46764,1.46769,1.46739,1.4674,2239900054.9316406
2011-06-07 14:27:00,1.46737,1.46737,1.46694,1.467,1845700073.2421875
2011-06-07 14:28:00,1.46696,1.46741,1.46696,1.46724,1616100006.1035156
2011-06-07 14:29:00,1.46725,1.46728,1.46707,1.46725,2038200073.2421875
2011-06-07 14:30:00,1.46727,1.46769,1.46727,1.46752,2570599975.5859375
2011-06-07 14:31:00,1.46753,1.4676,1.46719,1.46728,2315700073.2421875
2011-06-07 14:32:00,1.46728,1.46749,1.46724,1.46729,1991100006.1035156
2011-06-07 14:33:00,1.46729,1.4675,1.46714,1.46717,2123000030.5175781
2011-06-07 14:34:00,1.46717,1.46759,1.46717,1.46738,1949299926.7578125
2011-06-07 14:35:00,1.46738,1.46847,1.46738,1.46822,3783800048.828125
2011-06-07 14:36:00,1.46821,1.46842,1.46798,1.46822,3084100036.6210938
2011-06-07 14:37:00,1.46822,1.46849,1.46803,1.46828,2681300048.828125
2011-06-07 14:38:00,1.46826,1.46852,1.46817,1.46847,2462299957.2753906
2011-06-07 14:39:00,1.4685,1.46852,1.46827,1.4684,3212600097.65625
2011-06-07 14:40:00,1.4684,1.46853,1.46813,1.46847,2955899963.3789062
2011-06-07 14:41:00,1.46847,1.46849,1.46792,1.46818,2659100036.6210938
2011-06-07 14:42:00,1.46818,1.46849,1.46801,1.46841,2078000030.5175781
2011-06-07 14:43:00,1.46842,1.46877,1.46832,1.46837,3892000122.0703125
2011-06-07 14:44:00,1.46837,1.46849,1.4682,1.46842,2375800018.310547
2011-06-07 14:45:00,1.46842,1.46863,1.46837,1.46859,1622599945.0683594
2011-06-07 14:46:00,1.4686,1.46873,1.46857,1.46867,2303000030.517578
2011-06-07 14:47:00,1.46865,1.46876,1.46844,1.46868,2047899932.8613281
2011-06-07 14:48:00,1.46871,1.46904,1.46871,1.46899,3469100036.6210938
2011-06-07 14:49:00,1.46899,1.46907,1.46885,1.46898,2413800048.828125
2011-06-07 14:50:00,1.469,1.46902,1.46882,1.46889,1809700012.2070312
2011-06-07 14:51:00,1.46888,1.46921,1.46888,1.46912,2065800018.3105469
2011-06-07 14:52:00,1.46906,1.46907,1.46868,1.46906,2346000061.0351562
2011-06-07 14:53:00,1.46907,1.46916,1.46851,1.46851,2819599914.5507812
2011-06-07 14:54:00,1.46849,1.46889,1.46848,1.46877,3896799926.7578125
2011-06-07 14:55:00,1.46877,1.46903,1.46859,1.46898,2830599975.5859375
2011-06-07 14:56:00,1.46897,1.46899,1.46862,1.46869,2446699981.689453
2011-06-07 14:57:00,1.46869,1.46879,1.46827,1.46832,2111699981.6894531
2011-06-07 14:58:00,1.46832,1.46881,1.46832,1.46864,2178999938.9648438
2011-06-07 14:59:00,1.46862,1.46862,1.46808,1.46821,2992900085.4492188
2011-06-07 15:00:00,1.46821,1.4683,1.46811,1.46821,1881600036.6210938
2011-06-07 15:01:00,1.4682,1.46827,1.46774,1.46774,1983099975.5859375
2011-06-07 15:02:00,1.46774,1.46807,1.4676,1.46787,2475800018.310547
2011-06-07 15:03:00,1.4678,1.4678,1.46741,1.46761,2187200012.2070312
2011-06-07 15:04:00,1.46768,1.46789,1.46751,1.46761,2172799987.7929688
2011-06-07 15:05:00,1.46757,1.46798,1.46756,1.46789,2778399963.3789062
2011-06-07 15:06:00,1.46789,1.46789,1.46772,1.46782,1765000000.0
2011-06-07 15:07:00,1.46782,1.4682,1.46781,1.4682,1850200042.7246094
2011-06-07 15:08:00,1.46818,1.46832,1.46799,1.46832,2403000030.517578
2011-06-07 15:09:00,1.46833,1.46842,1.46812,1.46818,2482200012.2070312
2011-06-07 15:10:00,1.46819,1.46821,1.46762,1.46763,2061999969.4824219
2011-06-07 15:11:00,1.46761,1.46762,1.46719,1.46719,2046699981.6894531
2011-06-07 15:12:00,1.46719,1.46738,1.46715,1.46723,1589799957.2753906
2011-06-07 15:13:00,1.46722,1.46728,1.467,1.46708,1616699981.6894531
2011-06-07 15:14:00,1.46708,1.46721,1.46676,1.46682,2268699951.171875
2011-06-07 15:15:00,1.46685,1.46698,1.46671,1.46691,2080399932.8613281
2011-06-07 15:16:00,1.4669,1.4671,1.46679,1.46681,1918899993.8964844
2011-06-07 15:17:00,1.46684,1.4669,1.46661,1.46668,1345500030.5175781
2011-06-07 15:18:00,1.46668,1.46688,1.46665,1.46678,2094400024.4140625
2011-06-07 15:19:00,1.46678,1.46699,1.46668,1.46695,2016300048.828125
2011-06-07 15:20:00,1.46691,1.46713,1.46669,1.46699,2060099945.0683594
2011-06-07 15:21:00,1.46701,1.4672,1.46686,1.46709,1818500061.0351562
2011-06-07 15:22:00,1.46709,1.46713,1.46691,1.46698,2016499938.9648438
2011-06-07 15:23:00,1.46699,1.467,1.46684,1.46685,1407200012.2070312
2011-06-07 15:24:00,1.46685,1.46687,1.46661,1.46676,1458099975.5859375
2011-06-07 15:25:00,1.46678,1.46683,1.46662,1.46683,941600036.6210938
2011-06-07 15:26:00,1.46679,1.46694,1.46675,1.46683,1125299987.7929688
2011-06-07 15:27:00,1.46679,1.46687,1.46662,1.46687,1086600036.6210938
2011-06-07 15:28:00,1.46687,1.46699,1.46672,1.46695,1153399963.3789062
2011-06-07 15:29:00,1.46699,1.46699,1.4667,1.46671,1530099945.0683594
2011-06-07 15:30:00,1.46671,1.46671,1.46614,1.46614,1599400024.4140625
2011-06-07 15:31:00,1.46617,1.46657,1.46617,1.46651,2017599945.0683594
2011-06-07 15:32:00,1.46648,1.46662,1.46641,1.46648,2008000030.5175781
2011-06-07 15:33:00,1.46647,1.46668,1.46641,1.4666,2186000061.0351562
2011-06-07 15:34:00,1.4666,1.46664,1.46632,1.4665,2114900054.9316406
2011-06-07 15:35:00,1.46649,1.46657,1.46618,1.46629,2141799926.7578125
2011-06-07 15:36:00,1.46627,1.46638,1.46619,1.46637,1996399993.8964844
2011-06-07 15:37:00,1.46638,1.46669,1.46636,1.46668,1303399963.3789062
2011-06-07 15:38:00,1.46668,1.46681,1.46653,1.46658,1301000061.0351562
2011-06-07 15:39:00,1.4666,1.46675,1.46637,1.46656,2148500061.0351562
2011-06-07 15:40:00,1.46655,1.46671,1.46649,1.46671,580699996.9482422
2011-06-07 15:41:00,1.46672,1.46716,1.46672,1.46706,2089299926.7578125
2011-06-07 15:42:00,1.46709,1.46712,1.46675,1.46675,1626000061.0351562
2011-06-07 15:43:00,1.46675,1.46694,1.46675,1.46689,1833099975.5859375
2011-06-07 15:44:00,1.46688,1.46707,1.46684,1.46707,1257399978.6376953
2011-06-07 15:45:00,1.46708,1.46745,1.46708,1.46732,2084700012.2070312
2011-06-07 15:46:00,1.46732,1.46743,1.46721,1.46725,1479600067.1386719
2011-06-07 15:47:00,1.46724,1.46737,1.46719,1.46733,1368200073.2421875
2011-06-07 15:48:00,1.46733,1.46746,1.46726,1.46726,1253000030.5175781
2011-06-07 15:49:00,1.46725,1.46732,1.46717,1.46727,1142500000.0
2011-06-07 15:50:00,1.46727,1.46735,1.46716,1.46733,1289499969.4824219
2011-06-07 15:51:00,1.46731,1.46739,1.46712,1.46736,1534799957.2753906
2011-06-07 15:52:00,1.46737,1.46738,1.46715,1.46737,1459799957.2753906
2011-06-07 15:53:00,1.46737,1.4674,1.46723,1.46727,1017900009.1552734
2011-06-07 15:54:00,1.46728,1.46754,1.46705,1.46705,1762799987.7929688
2011-06-07 15:55:00,1.46709,1.46725,1.46708,1.46723,1454100036.6210938
2011-06-07 15:56:00,1.46723,1.46723,1.46676,1.46679,1545299987.7929688
2011-06-07 15:57:00,1.4668,1.46706,1.4668,1.46703,1813600006.1035156
2011-06-07 15:58:00,1.46705,1.46725,1.46705,1.46714,1039400024.4140625
2011-06-07 15:59:00,1.46716,1.46743,1.46694,1.46741,2473500061.0351562
2011-06-07 16:00:00,1.46744,1.46747,1.46727,1.4674,1620899963.3789062
2011-06-07 16:01:00,1.46742,1.46779,1.46734,1.46739,2312899932.861328
2011-06-07 16:02:00,1.46745,1.46751,1.46734,1.46735,1797899932.8613281
2011-06-07 16:03:00,1.46735,1.46741,1.46723,1.46736,1392500000.0
2011-06-07 16:04:00,1.46737,1.46737,1.4672,1.4672,1513500061.0351562
2011-06-07 16:05:00,1.46721,1.46731,1.46717,1.46721,1228899993.8964844
2011-06-07 16:06:00,1.4672,1.46749,1.46705,1.46748,1413399963.3789062
2011-06-07 16:07:00,1.46748,1.46768,1.46745,1.46757,1761600036.6210938
2011-06-07 16:08:00,1.46756,1.46756,1.46735,1.46743,1403200073.2421875
2011-06-07 16:09:00,1.46743,1.46765,1.46733,1.4674,1691399993.8964844
2011-06-07 16:10:00,1.4674,1.46773,1.46738,1.46773,1325700073.2421875
2011-06-07 16:11:00,1.46774,1.46774,1.46756,1.46756,1301600036.6210938
2011-06-07 16:12:00,1.46755,1.46755,1.46727,1.46737,1910299987.7929688
2011-06-07 16:13:00,1.46738,1.4676,1.4673,1.46732,1655299987.7929688
2011-06-07 16:14:00,1.46732,1.46768,1.46732,1.4676,1344900054.9316406
2011-06-07 16:15:00,1.46757,1.46757,1.4672,1.46738,1789700012.2070312
2011-06-07 16:16:00,1.46738,1.46739,1.4673,1.46733,1063199996.9482422
2011-06-07 16:17:00,1.46733,1.46769,1.46733,1.46767,1550700073.2421875
2011-06-07 16:18:00,1.46765,1.46767,1.46748,1.46758,1371999969.4824219
2011-06-07 16:19:00,1.46757,1.46759,1.4675,1.46752,1144599990.8447266
2011-06-07 16:20:00,1.46753,1.4679,1.46752,1.4679,1930000000.0
2011-06-07 16:21:00,1.46789,1.46789,1.46744,1.46754,1211600036.6210938
2011-06-07 16:22:00,1.46756,1.46807,1.46756,1.46789,2219199981.689453
2011-06-07 16:23:00,1.46791,1.46805,1.46788,1.46803,1419900054.9316406
2011-06-07 16:24:00,1.46802,1.46823,1.46802,1.4682,1573600006.1035156
2011-06-07 16:25:00,1.46823,1.46829,1.46807,1.46818,1974299926.7578125
2011-06-07 16:26:00,1.46818,1.46819,1.46804,1.46811,819400024.4140625
2011-06-07 16:27:00,1.46812,1.46812,1.46784,1.46788,1054899978.6376953
2011-06-07 16:28:00,1.46787,1.46787,1.46759,1.46765,798799972.5341797
2011-06-07 16:29:00,1.46765,1.46769,1.46765,1.46769,637599983.215332
2011-06-07 16:30:00,1.46769,1.46827,1.46769,1.4682,1362799987.7929688
2011-06-07 16:31:00,1.46817,1.46817,1.46776,1.46792,1916600036.6210938
2011-06-07 16:32:00,1.46793,1.46793,1.46774,1.46786,1304400024.4140625
2011-06-07 16:33:00,1.46786,1.4681,1.46785,1.46795,1201699981.6894531
2011-06-07 16:34:00,1.46793,1.46796,1.46769,1.46786,1687899932.8613281
2011-06-07 16:35:00,1.46785,1.46786,1.4677,1.46784,1001399993.8964844
2011-06-07 16:36:00,1.46784,1.46786,1.46771,1.46773,1301399993.8964844
2011-06-07 16:37:00,1.46774,1.46801,1.46774,1.46792,1079300003.0517578
2011-06-07 16:38:00,1.46791,1.46791,1.46767,1.46769,547999992.3706055
2011-06-07 16:39:00,1.46769,1.4678,1.46761,1.46778,1213700027.4658203
2011-06-07 16:40:00,1.46778,1.46779,1.46752,1.46756,1935299987.7929688
2011-06-07 16:41:00,1.46755,1.46761,1.46742,1.46748,1170100021.3623047
2011-06-07 16:42:00,1.46748,1.46786,1.46746,1.46775,1855099945.0683594
2011-06-07 16:43:00,1.46775,1.46775,1.46745,1.46745,1086100006.1035156
2011-06-07 16:44:00,1.46744,1.46769,1.46744,1.46756,1384299926.7578125
2011-06-07 16:45:00,1.46757,1.46758,1.46735,1.46738,921100006.1035156
2011-06-07 16:46:00,1.46741,1.46767,1.46737,1.46766,1564600067.1386719
2011-06-07 16:47:00,1.46766,1.46782,1.46765,1.46766,1528699951.171875
2011-06-07 16:48:00,1.46765,1.46769,1.46746,1.46761,1498999938.9648438
2011-06-07 16:49:00,1.46761,1.4677,1.4675,1.46766,1252500000.0
2011-06-07 16:50:00,1.46766,1.46778,1.46761,1.46771,1268399963.3789062
2011-06-07 16:51:00,1.46771,1.46788,1.46771,1.46787,1152600021.3623047
2011-06-07 16:52:00,1.46787,1.46799,1.46787,1.46791,889100036.6210938
2011-06-07 16:53:00,1.46789,1.46794,1.46786,1.46786,898600006.1035156
2011-06-07 16:54:00,1.46786,1.46788,1.46781,1.46781,754100036.6210938
2011-06-07 16:55:00,1.46779,1.46782,1.46767,1.46772,1191699981.6894531
2011-06-07 16:56:00,1.46774,1.46782,1.46767,1.46781,1098300018.3105469
2011-06-07 16:57:00,1.46781,1.46804,1.46781,1.46789,1108600006.1035156
2011-06-07 16:58:00,1.46795,1.46797,1.46776,1.46793,1273099975.5859375
2011-06-07 16:59:00,1.46794,1.46802,1.46778,1.46789,1690899963.3789062
2011-06-07 17:00:00,1.46788,1.46813,1.46787,1.46791,2146600036.6210938
2011-06-07 17:01:00,1.4679,1.46796,1.46776,1.46788,1408999938.9648438
2011-06-07 17:02:00,1.46789,1.46792,1.46776,1.46783,958600006.1035156
2011-06-07 17:03:00,1.46784,1.46795,1.46783,1.46789,855000000.0
2011-06-07 17:04:00,1.46789,1.46793,1.46786,1.46787,1070999984.7412109
2011-06-07 17:05:00,1.46787,1.468,1.46781,1.4679,836800003.0517578
2011-06-07 17:06:00,1.46789,1.46792,1.46784,1.46785,823600006.1035156
2011-06-07 17:07:00,1.46785,1.46805,1.46785,1.46795,1306999969.4824219
2011-06-07 17:08:00,1.46793,1.46795,1.46776,1.46786,1925500030.5175781
2011-06-07 17:09:00,1.46787,1.468,1.46778,1.46795,1269899978.6376953
2011-06-07 17:10:00,1.46794,1.46809,1.46786,1.468,1211299972.5341797
2011-06-07 17:11:00,1.46801,1.46825,1.46801,1.46813,1393300018.3105469
2011-06-07 17:12:00,1.46812,1.46826,1.46789,1.46792,1537299957.2753906
2011-06-07 17:13:00,1.46791,1.46793,1.4678,1.46781,1182399978.6376953
2011-06-07 17:14:00,1.46781,1.4679,1.46771,1.46771,1260500030.5175781
2011-06-07 17:15:00,1.4677,1.4679,1.46761,1.46784,1440200042.7246094
2011-06-07 17:16:00,1.46784,1.46791,1.46772,1.4678,1080000000.0
2011-06-07 17:17:00,1.4678,1.46793,1.46773,1.46781,967600021.3623047
2011-06-07 17:18:00,1.46785,1.46808,1.4678,1.46802,967500000.0
2011-06-07 17:19:00,1.46801,1.46823,1.468,1.46819,1286999969.4824219
2011-06-07 17:20:00,1.46819,1.46819,1.4681,1.46813,553499984.7412109
2011-06-07 17:21:00,1.46813,1.46817,1.46811,1.46816,835500030.5175781
2011-06-07 17:22:00,1.46816,1.46816,1.46792,1.46801,1288999938.9648438
2011-06-07 17:23:00,1.46802,1.46811,1.46802,1.46808,501899986.26708984
2011-06-07 17:24:00,1.46806,1.46806,1.46772,1.46775,1541300048.828125
2011-06-07 17:25:00,1.46775,1.46792,1.46774,1.46789,1726100006.1035156
2011-06-07 17:26:00,1.46789,1.46808,1.46789,1.46795,957200012.2070312
2011-06-07 17:27:00,1.46796,1.468,1.46774,1.46795,1811399993.8964844
2011-06-07 17:28:00,1.46794,1.46798,1.46786,1.46797,1388300018.3105469
2011-06-07 17:29:00,1.468,1.46809,1.46785,1.46787,1410000000.0
2011-06-07 17:30:00,1.46785,1.46807,1.46785,1.46807,743399963.3789062
2011-06-07 17:31:00,1.46807,1.46829,1.46796,1.46828,1348600006.1035156
2011-06-07 17:32:00,1.46827,1.46828,1.46794,1.46806,1599100036.6210938
2011-06-07 17:33:00,1.46808,1.46815,1.46796,1.46797,1132500000.0
2011-06-07 17:34:00,1.46797,1.46827,1.46792,1.46822,1686499938.9648438
2011-06-07 17:35:00,1.46823,1.46825,1.46793,1.4681,2897300109.8632812
2011-06-07 17:36:00,1.46809,1.46814,1.46798,1.46813,1414700012.2070312
2011-06-07 17:37:00,1.46812,1.46832,1.46796,1.46796,2111600036.6210938
2011-06-07 17:38:00,1.46794,1.46809,1.46762,1.46808,3355799865.7226562
2011-06-07 17:39:00,1.46809,1.46841,1.46805,1.46821,2445299987.7929688
2011-06-07 17:40:00,1.46821,1.46849,1.46816,1.46848,1894799957.2753906
2011-06-07 17:41:00,1.46849,1.46849,1.46818,1.46829,1608500061.0351562
2011-06-07 17:42:00,1.46829,1.46829,1.46818,1.46827,1050000000.0
2011-06-07 17:43:00,1.46826,1.46826,1.46809,1.46818,1097399978.6376953
2011-06-07 17:44:00,1.46816,1.46828,1.46816,1.46825,620999984.7412109
2011-06-07 17:45:00,1.46825,1.46831,1.46808,1.46825,1830200042.7246094
2011-06-07 17:46:00,1.46824,1.46829,1.46819,1.46829,1033700027.4658203
2011-06-07 17:47:00,1.46829,1.46841,1.46829,1.46835,628499984.7412109
2011-06-07 17:48:00,1.46835,1.4685,1.46833,1.46848,1256600036.6210938
2011-06-07 17:49:00,1.46848,1.46848,1.4681,1.46818,1983999938.9648438
2011-06-07 17:50:00,1.46819,1.46831,1.46819,1.46828,1399600067.1386719
2011-06-07 17:51:00,1.46828,1.46841,1.46822,1.46827,1083799972.5341797
2011-06-07 17:52:00,1.46828,1.46847,1.46822,1.46836,1434100036.6210938
2011-06-07 17:53:00,1.46835,1.46847,1.46828,1.46828,1604400024.4140625
2011-06-07 17:54:00,1.46827,1.46828,1.46826,1.46828,840000000.0
2011-06-07 17:55:00,1.46831,1.46839,1.46825,1.46833,1202600021.3623047
2011-06-07 17:56:00,1.46836,1.46846,1.46828,1.46828,1249000015.258789
2011-06-07 17:57:00,1.46829,1.46837,1.46829,1.46837,493499984.74121094
2011-06-07 17:58:00,1.46837,1.46847,1.46828,1.46843,1264499969.4824219
2011-06-07 17:59:00,1.46841,1.46843,1.46826,1.4683,1282500000.0
2011-06-07 18:00:00,1.46836,1.46855,1.46834,1.4684,1404900054.9316406
2011-06-07 18:01:00,1.46838,1.46859,1.46838,1.46859,1183499984.741211
2011-06-07 18:02:00,1.46858,1.46892,1.46849,1.46892,1711900024.4140625
2011-06-07 18:03:00,1.46891,1.46892,1.4688,1.4688,1535299987.7929688
2011-06-07 18:04:00,1.46879,1.46879,1.46862,1.46871,1721999969.4824219
2011-06-07 18:05:00,1.4687,1.46872,1.46866,1.46869,939800033.5693359
2011-06-07 18:06:00,1.46868,1.46874,1.46863,1.46871,1466399993.8964844
2011-06-07 18:07:00,1.46871,1.46885,1.46867,1.46876,1110000000.0
2011-06-07 18:08:00,1.46875,1.46879,1.46867,1.46877,1070999984.7412109
2011-06-07 18:09:00,1.46877,1.46886,1.46873,1.46885,1027600021.3623047
2011-06-07 18:10:00,1.46884,1.46888,1.46873,1.46885,999899978.6376953
2011-06-07 18:11:00,1.46887,1.46913,1.46885,1.46892,1275999984.741211
2011-06-07 18:12:00,1.46894,1.46894,1.46875,1.46889,1531600036.6210938
2011-06-07 18:13:00,1.46889,1.46921,1.46889,1.46914,1503000030.5175781
2011-06-07 18:14:00,1.46915,1.46924,1.46896,1.46905,1620800018.3105469
2011-06-07 18:15:00,1.46906,1.46911,1.46885,1.46894,1942500000.0
2011-06-07 18:16:00,1.46896,1.46908,1.46888,1.46905,1529299926.7578125
2011-06-07 18:17:00,1.46906,1.46907,1.46881,1.46885,1322599945.0683594
2011-06-07 18:18:00,1.46885,1.46913,1.46874,1.46889,2192700042.7246094
2011-06-07 18:19:00,1.46889,1.46897,1.4688,1.46882,1258700027.4658203
2011-06-07 18:20:00,1.46884,1.4691,1.46884,1.46889,924100036.6210938
2011-06-07 18:21:00,1.4689,1.46894,1.46869,1.46877,949599990.8447266
2011-06-07 18:22:00,1.46876,1.46879,1.4686,1.46865,1749799957.2753906
2011-06-07 18:23:00,1.46866,1.4688,1.46866,1.46867,1162600021.3623047
2011-06-07 18:24:00,1.46867,1.46873,1.46858,1.46866,1255100021.3623047
2011-06-07 18:25:00,1.46865,1.46875,1.46862,1.46865,1029599990.8447266
2011-06-07 18:26:00,1.46866,1.46875,1.46856,1.46875,1857799987.7929688
2011-06-07 18:27:00,1.46876,1.46894,1.46869,1.46894,1762599945.0683594
2011-06-07 18:28:00,1.46893,1.46897,1.46885,1.46895,869400024.4140625
2011-06-07 18:29:00,1.46897,1.46898,1.46894,1.46894,406899986.26708984
2011-06-07 18:30:00,1.46894,1.46897,1.46869,1.46887,1850399932.8613281
2011-06-07 18:31:00,1.46887,1.46887,1.46871,1.46875,1249199981.6894531
2011-06-07 18:32:00,1.46875,1.4688,1.46865,1.46874,1413899993.8964844
2011-06-07 18:33:00,1.46874,1.46897,1.46874,1.46888,1740299987.7929688
2011-06-07 18:34:00,1.46888,1.46894,1.46882,1.46886,991500015.2587891
2011-06-07 18:35:00,1.46887,1.46892,1.46884,1.46892,925500030.5175781
2011-06-07 18:36:00,1.46891,1.46897,1.46886,1.46891,1132500000.0
2011-06-07 18:37:00,1.46891,1.46891,1.46877,1.46888,658499984.7412109
2011-06-07 18:38:00,1.4689,1.46896,1.46889,1.46895,481500015.25878906
2011-06-07 18:39:00,1.46896,1.46898,1.46881,1.46887,701399993.8964844
2011-06-07 18:40:00,1.46887,1.46918,1.46887,1.46902,900800018.3105469
2011-06-07 18:41:00,1.46902,1.46918,1.46902,1.46906,1204499969.4824219
2011-06-07 18:42:00,1.46905,1.4692,1.46892,1.46917,1157099990.8447266
2011-06-07 18:43:00,1.46914,1.46916,1.46907,1.46913,427500000.0
2011-06-07 18:44:00,1.46913,1.46925,1.46913,1.46917,682500000.0
2011-06-07 18:45:00,1.46917,1.46939,1.46917,1.46933,1334299926.7578125
2011-06-07 18:46:00,1.46931,1.46931,1.46919,1.46921,722300033.5693359
2011-06-07 18:47:00,1.46924,1.46937,1.46924,1.46936,2333500061.0351562
2011-06-07 18:48:00,1.46937,1.46939,1.46935,1.46937,1761000061.0351562
2011-06-07 18:49:00,1.46937,1.46937,1.46935,1.46937,175200004.57763672
2011-06-07 18:50:00,1.46935,1.46935,1.46916,1.46916,779400024.4140625
2011-06-07 18:51:00,1.46916,1.4692,1.46908,1.46909,1014000015.2587891
2011-06-07 18:52:00,1.46909,1.46923,1.46898,1.46922,1017799987.7929688
2011-06-07 18:53:00,1.46922,1.46939,1.46921,1.46936,670800018.3105469
2011-06-07 18:54:00,1.46934,1.4694,1.46928,1.46929,990100021.3623047
2011-06-07 18:55:00,1.4693,1.46946,1.4693,1.46945,932399978.6376953
2011-06-07 18:56:00,1.46944,1.46946,1.46926,1.46927,1684700012.2070312
2011-06-07 18:57:00,1.46927,1.46929,1.46907,1.46917,1218199996.9482422
2011-06-07 18:58:00,1.46919,1.46922,1.46902,1.46919,1138499984.741211
2011-06-07 18:59:00,1.4692,1.4694,1.46919,1.4694,1316999969.4824219
2011-06-07 19:00:00,1.4694,1.46951,1.46935,1.46942,2485399932.861328
2011-06-07 19:01:00,1.46942,1.46946,1.46936,1.46945,2384600067.138672
2011-06-07 19:02:00,1.46947,1.46949,1.46929,1.46944,1625700073.2421875
2011-06-07 19:03:00,1.46942,1.46942,1.46908,1.4692,1210500030.5175781
2011-06-07 19:04:00,1.46921,1.46933,1.46908,1.46927,1008799972.5341797
2011-06-07 19:05:00,1.46927,1.46942,1.46927,1.46936,1214300003.0517578
2011-06-07 19:06:00,1.46937,1.46956,1.46936,1.46946,1721600036.6210938
2011-06-07 19:07:00,1.46946,1.46946,1.46895,1.46899,1937500000.0
2011-06-07 19:08:00,1.46899,1.46917,1.46899,1.46917,1321600036.6210938
2011-06-07 19:09:00,1.46917,1.46932,1.46897,1.46897,2250899963.3789062
2011-06-07 19:10:00,1.46896,1.46918,1.46896,1.46909,1011900024.4140625
2011-06-07 19:11:00,1.46911,1.46925,1.46905,1.46906,1233700027.4658203
2011-06-07 19:12:00,1.46906,1.46921,1.46893,1.46893,1589700012.2070312
2011-06-07 19:13:00,1.46892,1.46905,1.46892,1.46901,1384100036.6210938
2011-06-07 19:14:00,1.46902,1.46908,1.46891,1.46893,1631799926.7578125
2011-06-07 19:15:00,1.46895,1.46899,1.46889,1.46898,1316999969.4824219
2011-06-07 19:16:00,1.46897,1.46897,1.4689,1.46895,783000030.5175781
2011-06-07 19:17:00,1.46896,1.46899,1.46888,1.46889,2555700073.2421875
2011-06-07 19:18:00,1.46888,1.46889,1.46869,1.46884,1650899963.3789062
2011-06-07 19:19:00,1.46883,1.46907,1.46879,1.46887,1840500030.5175781
2011-06-07 19:20:00,1.46889,1.46897,1.46882,1.46893,1011500015.2587891
2011-06-07 19:21:00,1.46893,1.46893,1.46867,1.46867,1402899932.8613281
2011-06-07 19:22:00,1.46866,1.46866,1.4684,1.46846,1572299957.2753906
2011-06-07 19:23:00,1.46846,1.46862,1.4684,1.4684,1190999984.741211
2011-06-07 19:24:00,1.4684,1.4685,1.46817,1.46846,2547500000.0
2011-06-07 19:25:00,1.46847,1.46879,1.46837,1.46865,1962799987.7929688
2011-06-07 19:26:00,1.46864,1.4688,1.46862,1.46874,1392799987.7929688
2011-06-07 19:27:00,1.46873,1.46879,1.46865,1.46868,772500000.0
2011-06-07 19:28:00,1.46869,1.4687,1.46856,1.4686,879000015.2587891
2011-06-07 19:29:00,1.4686,1.4686,1.46848,1.46849,865999984.7412109
2011-06-07 19:30:00,1.46849,1.46849,1.46829,1.46829,1158000030.5175781
2011-06-07 19:31:00,1.46833,1.46834,1.46821,1.46828,770999984.7412109
2011-06-07 19:32:00,1.46827,1.46833,1.46815,1.46821,1552400054.9316406
2011-06-07 19:33:00,1.46819,1.46822,1.46797,1.46817,1773899993.8964844
2011-06-07 19:34:00,1.46817,1.46828,1.46797,1.46798,1148399963.3789062
2011-06-07 19:35:00,1.46799,1.46828,1.46795,1.46795,1135500030.5175781
2011-06-07 19:36:00,1.46798,1.46803,1.46788,1.46793,1045899963.3789062
2011-06-07 19:37:00,1.46794,1.46823,1.46794,1.46817,1400099945.0683594
2011-06-07 19:38:00,1.46818,1.46837,1.46814,1.46814,1683600006.1035156
2011-06-07 19:39:00,1.46814,1.46824,1.46809,1.46813,1344400024.4140625
2011-06-07 19:40:00,1.46818,1.46818,1.46796,1.4681,1734799957.2753906
2011-06-07 19:41:00,1.46813,1.46831,1.46803,1.46803,1497799987.7929688
2011-06-07 19:42:00,1.46803,1.4682,1.46768,1.46771,2545599975.5859375
2011-06-07 19:43:00,1.46771,1.46799,1.46769,1.46797,1859299926.7578125
2011-06-07 19:44:00,1.46797,1.46801,1.46773,1.46798,1269400024.4140625
2011-06-07 19:45:00,1.46799,1.46914,1.46795,1.46864,4278500061.0351562
2011-06-07 19:46:00,1.46863,1.46903,1.46848,1.46903,2567099914.5507812
2011-06-07 19:47:00,1.46903,1.46919,1.46856,1.46856,2713200073.2421875
2011-06-07 19:48:00,1.46855,1.46856,1.46807,1.46811,2292400054.9316406
2011-06-07 19:49:00,1.46811,1.46819,1.46754,1.46807,2819400024.4140625
2011-06-07 19:50:00,1.46809,1.46851,1.46789,1.46802,2346100006.1035156
2011-06-07 19:51:00,1.46807,1.46841,1.46761,1.4677,3031700134.2773438
2011-06-07 19:52:00,1.46771,1.46816,1.46771,1.46788,2037100067.1386719
2011-06-07 19:53:00,1.46792,1.46854,1.46785,1.46836,2043999938.9648438
2011-06-07 19:54:00,1.46835,1.46863,1.46828,1.46863,2003800048.828125
2011-06-07 19:55:00,1.46863,1.469,1.4686,1.46883,2149199981.689453
2011-06-07 19:56:00,1.46879,1.46895,1.46854,1.46857,1672299957.2753906
2011-06-07 19:57:00,1.46855,1.4688,1.46848,1.46877,945199966.4306641
2011-06-07 19:58:00,1.46876,1.46876,1.46841,1.46841,1288699951.171875
2011-06-07 19:59:00,1.46841,1.46841,1.46796,1.46802,2105500030.5175781
2011-06-07 20:00:00,1.46802,1.46827,1.46801,1.46811,2368300018.310547
2011-06-07 20:01:00,1.46811,1.46834,1.46806,1.46821,1391399993.8964844
2011-06-07 20:02:00,1.46827,1.46845,1.46813,1.46817,1646600036.6210938
2011-06-07 20:03:00,1.46816,1.46829,1.46806,1.46829,892500000.0
2011-06-07 20:04:00,1.4683,1.46831,1.46801,1.46801,1038799972.5341797
2011-06-07 20:05:00,1.46801,1.46806,1.46792,1.46797,1162600021.3623047
2011-06-07 20:06:00,1.46798,1.46804,1.46793,1.46803,1432500000.0
2011-06-07 20:07:00,1.46804,1.46805,1.46795,1.46795,822900009.1552734
2011-06-07 20:08:00,1.46796,1.4681,1.46796,1.46801,1213399963.3789062
2011-06-07 20:09:00,1.468,1.46805,1.46795,1.46801,653499984.7412109
2011-06-07 20:10:00,1.46799,1.46806,1.46791,1.46806,943600006.1035156
2011-06-07 20:11:00,1.46807,1.46812,1.46806,1.46812,300000000.0
2011-06-07 20:12:00,1.46812,1.46854,1.46807,1.46847,2145399932.8613281
2011-06-07 20:13:00,1.46847,1.46851,1.46842,1.46851,577999992.3706055
2011-06-07 20:14:00,1.46851,1.46865,1.46848,1.46865,1224199981.6894531
2011-06-07 20:15:00,1.46864,1.46886,1.46861,1.46883,1080800018.3105469
2011-06-07 20:16:00,1.46884,1.46902,1.46881,1.4689,1260800018.3105469
2011-06-07 20:17:00,1.46889,1.46894,1.46884,1.46894,862600021.3623047
2011-06-07 20:18:00,1.46894,1.46909,1.4689,1.46901,1093600006.1035156
2011-06-07 20:19:00,1.46903,1.46904,1.46891,1.469,1125199966.430664
2011-06-07 20:20:00,1.46897,1.46907,1.46897,1.46899,450000000.0
2011-06-07 20:21:00,1.46898,1.46902,1.46877,1.46888,1465800018.3105469
2011-06-07 20:22:00,1.46884,1.46884,1.46868,1.46871,623499984.7412109
2011-06-07 20:23:00,1.46871,1.4688,1.46853,1.46873,1521300048.828125
2011-06-07 20:24:00,1.46875,1.46885,1.46874,1.46885,549199981.6894531
2011-06-07 20:25:00,1.4688,1.46883,1.46865,1.46872,804800033.5693359
2011-06-07 20:26:00,1.46872,1.46879,1.46864,1.46865,769899978.6376953
2011-06-07 20:27:00,1.46865,1.46879,1.46865,1.4687,1404199981.6894531
2011-06-07 20:28:00,1.46871,1.46873,1.46863,1.46865,268600006.1035156
2011-06-07 20:29:00,1.46865,1.46887,1.46864,1.46885,690800018.3105469
2011-06-07 20:30:00,1.46881,1.46881,1.4686,1.4687,731399993.8964844
2011-06-07 20:31:00,1.46871,1.46891,1.46868,1.46868,803799972.5341797
2011-06-07 20:32:00,1.46869,1.46882,1.46865,1.46882,1549400024.4140625
2011-06-07 20:33:00,1.46884,1.46893,1.46876,1.4689,983099975.5859375
2011-06-07 20:34:00,1.46887,1.4689,1.46879,1.4689,564799995.4223633
2011-06-07 20:35:00,1.4689,1.4689,1.46876,1.46879,1116699981.6894531
2011-06-07 20:36:00,1.46879,1.46881,1.46875,1.46879,700999984.7412109
2011-06-07 20:37:00,1.46881,1.46906,1.46881,1.46898,1074199981.6894531
2011-06-07 20:38:00,1.46897,1.46915,1.46895,1.46901,951299972.5341797
2011-06-07 20:39:00,1.46905,1.46907,1.46888,1.46895,543199996.9482422
2011-06-07 20:40:00,1.46895,1.46901,1.46891,1.469,690400009.1552734
2011-06-07 20:41:00,1.469,1.469,1.46898,1.469,165000000.0
2011-06-07 20:42:00,1.469,1.46905,1.46899,1.46905,285000000.0
2011-06-07 20:43:00,1.46906,1.46915,1.46899,1.46901,1057600021.3623047
2011-06-07 20:44:00,1.46903,1.46909,1.46898,1.46907,924100036.6210938
2011-06-07 20:45:00,1.46907,1.46907,1.46899,1.46905,157500000.0
2011-06-07 20:46:00,1.46904,1.4692,1.46896,1.46918,463499984.74121094
2011-06-07 20:47:00,1.46917,1.46919,1.46901,1.46902,435000000.0
2011-06-07 20:48:00,1.46902,1.46906,1.46901,1.46901,412500000.0
2011-06-07 20:49:00,1.46903,1.46903,1.46899,1.46899,369500007.62939453
2011-06-07 20:50:00,1.46903,1.46903,1.46892,1.46897,966900024.4140625
2011-06-07 20:51:00,1.46899,1.46908,1.46899,1.46905,300300006.8664551
2011-06-07 20:52:00,1.46902,1.46909,1.46899,1.46905,622400016.784668
2011-06-07 20:53:00,1.46905,1.4691,1.469,1.46905,392500000.0
2011-06-07 20:54:00,1.46907,1.46925,1.46905,1.46919,846399993.8964844
2011-06-07 20:55:00,1.46917,1.46928,1.46913,1.46927,594399986.2670898
2011-06-07 20:56:00,1.46928,1.46928,1.46904,1.46915,923799972.5341797
2011-06-07 20:57:00,1.46915,1.46915,1.46903,1.46913,379799995.4223633
2011-06-07 20:58:00,1.46908,1.46908,1.46898,1.46898,634599990.8447266
2011-06-07 20:59:00,1.46898,1.46908,1.46897,1.46908,1079000015.258789
2011-06-07 21:00:00,1.469,1.46904,1.46898,1.46904,411199989.31884766
2011-06-07 21:01:00,1.46898,1.46907,1.46898,1.46906,585000000.0
2011-06-07 21:02:00,1.46913,1.46915,1.46897,1.46915,1215000000.0
2011-06-07 21:03:00,1.46914,1.46929,1.46914,1.46929,843799972.5341797
2011-06-07 21:04:00,1.46926,1.46926,1.46908,1.46913,1048499984.7412109
2011-06-07 21:05:00,1.46913,1.46939,1.46913,1.46929,659300003.0517578
2011-06-07 21:06:00,1.46929,1.46934,1.46924,1.46925,294799995.4223633
2011-06-07 21:07:00,1.46929,1.46929,1.46919,1.4692,242999992.37060547
2011-06-07 21:08:00,1.4692,1.46923,1.46914,1.46916,367700004.5776367
2011-06-07 21:09:00,1.46914,1.46914,1.46914,1.46914,41999998.09265137
2011-06-07 21:10:00,1.46908,1.46929,1.46908,1.46925,482999992.37060547
2011-06-07 21:11:00,1.46925,1.46925,1.46908,1.4691,651600036.6210938
2011-06-07 21:12:00,1.4691,1.46917,1.46894,1.46904,883499984.7412109
2011-06-07 21:13:00,1.46907,1.46911,1.46902,1.4691,352500000.0
2011-06-07 21:14:00,1.4691,1.46911,1.46885,1.46889,797600021.3623047
2011-06-07 21:15:00,1.46896,1.46897,1.46877,1.46877,524300003.0517578
2011-06-07 21:16:00,1.46875,1.46888,1.4687,1.4688,377999992.37060547
2011-06-07 21:17:00,1.46885,1.469,1.46868,1.46875,1384299926.7578125
2011-06-07 21:18:00,1.46873,1.46883,1.46868,1.46882,487700004.5776367
2011-06-07 21:19:00,1.46883,1.46883,1.46868,1.46868,519399986.26708984
2011-06-07 21:20:00,1.46867,1.46881,1.46867,1.46872,700100021.3623047
2011-06-07 21:21:00,1.46873,1.46877,1.46866,1.46866,418499984.74121094
2011-06-07 21:22:00,1.46867,1.46876,1.46867,1.46873,242299995.42236328
2011-06-07 21:23:00,1.46873,1.46877,1.46873,1.46877,60000000.0
2011-06-07 21:24:00,1.46875,1.46876,1.46866,1.46876,354900016.78466797
2011-06-07 21:25:00,1.46876,1.46876,1.46867,1.46873,233299999.23706055
2011-06-07 21:26:00,1.46873,1.46876,1.4686,1.46869,757699966.4306641
2011-06-07 21:27:00,1.46871,1.46875,1.46858,1.46865,824000015.2587891
2011-06-07 21:28:00,1.46859,1.46875,1.46859,1.46873,348899993.8964844
2011-06-07 21:29:00,1.46871,1.46877,1.46871,1.46875,263400001.5258789
2011-06-07 21:30:00,1.46876,1.46876,1.46862,1.46867,246000003.81469727
2011-06-07 21:31:00,1.46866,1.46875,1.46866,1.46873,211499996.18530273
2011-06-07 21:32:00,1.46873,1.46876,1.46873,1.46874,213799991.60766602
2011-06-07 21:33:00,1.46875,1.46876,1.46867,1.46876,461500015.25878906
2011-06-07 21:34:00,1.46874,1.46875,1.46861,1.46861,601599998.4741211
2011-06-07 21:35:00,1.46864,1.46864,1.4686,1.46861,116999998.09265137
2011-06-07 21:36:00,1.46861,1.46866,1.46841,1.46847,502000007.62939453
2011-06-07 21:37:00,1.46846,1.46856,1.46846,1.46856,127500000.0
2011-06-07 21:38:00,1.46858,1.46878,1.46857,1.46875,828199996.9482422
2011-06-07 21:39:00,1.46875,1.46893,1.46863,1.46893,910800018.3105469
2011-06-07 21:40:00,1.46888,1.4691,1.46875,1.46898,1252799987.7929688
2011-06-07 21:41:00,1.469,1.46906,1.46885,1.46902,336800003.0517578
2011-06-07 21:42:00,1.46905,1.46909,1.46889,1.46895,726900024.4140625
2011-06-07 21:43:00,1.46895,1.46909,1.46895,1.46905,399000015.25878906
2011-06-07 21:44:00,1.46907,1.46911,1.469,1.46906,362999992.37060547
2011-06-07 21:45:00,1.46908,1.46915,1.46895,1.46897,645899963.3789062
2011-06-07 21:46:00,1.46899,1.4692,1.46892,1.46892,1084199981.6894531
2011-06-07 21:47:00,1.46899,1.469,1.4687,1.4688,531800003.0517578
2011-06-07 21:48:00,1.46884,1.46899,1.46884,1.46898,397500000.0
2011-06-07 21:49:00,1.46903,1.46903,1.46893,1.46897,429799995.4223633
2011-06-07 21:50:00,1.46897,1.46905,1.46889,1.46892,345000000.0
2011-06-07 21:51:00,1.46891,1.46891,1.46891,1.46891,15000000.0
2011-06-07 21:52:00,1.46894,1.46895,1.46868,1.46868,387799987.79296875
2011-06-07 21:53:00,1.46867,1.4687,1.46857,1.46862,437999992.37060547
2011-06-07 21:54:00,1.46862,1.46862,1.4684,1.46851,678000030.5175781
2011-06-07 21:55:00,1.46849,1.46859,1.46849,1.46851,193500003.81469727
2011-06-07 21:56:00,1.46852,1.46852,1.46852,1.46852,15000000.0
2011-06-07 21:57:00,1.46852,1.46871,1.46852,1.46868,482999992.37060547
2011-06-07 21:58:00,1.46868,1.46868,1.46868,1.46868,15000000.0
2011-06-07 21:59:00,1.46861,1.4687,1.46861,1.4687,307500000.0
2011-06-07 22:00:00,1.46871,1.46896,1.46871,1.46885,1151299972.5341797
2011-06-07 22:01:00,1.46891,1.46899,1.46874,1.46891,761399993.8964844
2011-06-07 22:02:00,1.46889,1.46889,1.4687,1.46879,378800010.68115234
2011-06-07 22:03:00,1.46881,1.46901,1.46881,1.46894,538600006.1035156
2011-06-07 22:04:00,1.46896,1.46904,1.46896,1.46904,202500000.0
2011-06-07 22:05:00,1.46901,1.46901,1.46895,1.46895,210000000.0
2011-06-07 22:06:00,1.46895,1.46895,1.46881,1.46881,498800010.68115234
2011-06-07 22:07:00,1.46876,1.46879,1.46875,1.46879,187500000.0
2011-06-07 22:08:00,1.46879,1.46884,1.46877,1.46877,322500000.0
2011-06-07 22:09:00,1.46877,1.46877,1.46856,1.46867,287299995.4223633
2011-06-07 22:10:00,1.46864,1.46871,1.46856,1.46856,447799987.79296875
2011-06-07 22:11:00,1.46856,1.46887,1.46855,1.46887,567799987.7929688
2011-06-07 22:12:00,1.46887,1.46891,1.46883,1.46888,352500000.0
2011-06-07 22:13:00,1.46888,1.46888,1.46883,1.46886,157500000.0
2011-06-07 22:14:00,1.46886,1.46886,1.46884,1.46884,162700004.57763672
2011-06-07 22:15:00,1.46885,1.46886,1.46884,1.46886,69000000.95367432
2011-06-07 22:16:00,1.46888,1.46901,1.46886,1.46886,530299987.79296875
2011-06-07 22:17:00,1.46885,1.46885,1.46879,1.46879,346500015.25878906
2011-06-07 22:18:00,1.46879,1.46893,1.46879,1.46893,453100013.73291016
2011-06-07 22:19:00,1.46893,1.46893,1.46893,1.46893,135000000.0
2011-06-07 22:20:00,1.46893,1.46893,1.46867,1.46867,264799995.42236328
2011-06-07 22:21:00,1.46867,1.46874,1.46867,1.46874,247500000.0
2011-06-07 22:22:00,1.46874,1.46874,1.46873,1.46873,165000000.0
2011-06-07 22:23:00,1.46873,1.4688,1.46873,1.46873,403499984.74121094
2011-06-07 22:24:00,1.46873,1.46874,1.4687,1.4687,261000003.81469727
2011-06-07 22:25:00,1.46871,1.46874,1.46871,1.46874,142500000.0
2011-06-07 22:26:00,1.46874,1.46874,1.4687,1.4687,415499992.37060547
2011-06-07 22:27:00,1.46873,1.46874,1.46857,1.46861,388499984.74121094
2011-06-07 22:28:00,1.46859,1.46859,1.46849,1.46857,342799987.79296875
2011-06-07 22:29:00,1.4686,1.4688,1.4686,1.46879,379000015.25878906
2011-06-07 22:30:00,1.46879,1.46882,1.46869,1.46878,390900001.5258789
2011-06-07 22:31:00,1.46882,1.4689,1.46881,1.46881,292500000.0
2011-06-07 22:32:00,1.46886,1.46893,1.46886,1.46891,250599994.65942383
2011-06-07 22:33:00,1.46891,1.469,1.46887,1.46897,941299972.5341797
2011-06-07 22:34:00,1.46896,1.46899,1.46889,1.4689,890299987.7929688
2011-06-07 22:35:00,1.46889,1.46896,1.4688,1.46888,556899986.2670898
2011-06-07 22:36:00,1.46888,1.46888,1.46882,1.46885,435099983.21533203
2011-06-07 22:37:00,1.46886,1.46899,1.46883,1.46893,630200004.5776367
2011-06-07 22:38:00,1.46893,1.46908,1.4689,1.46898,662399978.6376953
2011-06-07 22:39:00,1.46899,1.46914,1.46897,1.46897,697500000.0
2011-06-07 22:40:00,1.46898,1.46905,1.46885,1.46885,681100006.1035156
2011-06-07 22:41:00,1.46885,1.46891,1.46882,1.46891,172500000.0
2011-06-07 22:42:00,1.46891,1.46895,1.46887,1.46887,356300010.68115234
2011-06-07 22:43:00,1.46887,1.46913,1.46887,1.4691,830400009.1552734
2011-06-07 22:44:00,1.46909,1.46931,1.46909,1.46913,1059899978.6376953
2011-06-07 22:45:00,1.46913,1.46919,1.46887,1.46898,1233199996.9482422
2011-06-07 22:46:00,1.46897,1.46911,1.4689,1.46905,812799987.7929688
2011-06-07 22:47:00,1.46905,1.46905,1.469,1.46901,247500000.0
2011-06-07 22:48:00,1.46901,1.46901,1.46896,1.46898,345000000.0
2011-06-07 22:49:00,1.46895,1.46895,1.46873,1.46873,652500000.0
2011-06-07 22:50:00,1.46873,1.46875,1.46863,1.46872,458300018.3105469
2011-06-07 22:51:00,1.46872,1.46879,1.46862,1.46862,315799999.23706055
2011-06-07 22:52:00,1.46862,1.46873,1.46855,1.46855,632299995.4223633
2011-06-07 22:53:00,1.46854,1.46856,1.46854,1.46856,39800000.19073486
2011-06-07 22:54:00,1.46856,1.46856,1.46856,1.46856,15800000.429153442
2011-06-07 22:55:00,1.46859,1.4686,1.46845,1.46852,577500000.0
2011-06-07 22:56:00,1.4685,1.4685,1.4684,1.4684,210000000.0
2011-06-07 22:57:00,1.4684,1.46843,1.4684,1.4684,135000000.0
2011-06-07 22:58:00,1.46839,1.46839,1.46837,1.46837,97500000.0
2011-06-07 22:59:00,1.46837,1.46862,1.46837,1.46862,360000000.0
2011-06-07 23:00:00,1.46862,1.46863,1.46842,1.46842,503300018.3105469
2011-06-07 23:01:00,1.46844,1.46844,1.46835,1.46835,281299991.607666
2011-06-07 23:02:00,1.46835,1.46838,1.46826,1.46838,284400005.3405762
2011-06-07 23:03:00,1.46836,1.46838,1.46829,1.46829,437299995.4223633
2011-06-07 23:04:00,1.4683,1.4683,1.46737,1.46743,3546600036.6210938
2011-06-07 23:05:00,1.46745,1.46797,1.46735,1.46791,1628300018.3105469
2011-06-07 23:06:00,1.46791,1.46801,1.46782,1.46801,1039800033.5693359
2011-06-07 23:07:00,1.46801,1.46866,1.46801,1.46859,2515700073.2421875
2011-06-07 23:08:00,1.46861,1.46908,1.46858,1.46903,3449500122.0703125
2011-06-07 23:09:00,1.46902,1.46904,1.46844,1.46844,1064599990.8447266
2011-06-07 23:10:00,1.46844,1.46844,1.46808,1.46823,1362299957.2753906
2011-06-07 23:11:00,1.46821,1.46838,1.46817,1.46821,615000000.0
2011-06-07 23:12:00,1.46824,1.46836,1.46821,1.46821,916500015.2587891
2011-06-07 23:13:00,1.46821,1.46823,1.4681,1.46814,679000015.2587891
2011-06-07 23:14:00,1.46815,1.46836,1.46815,1.46818,636800003.0517578
2011-06-07 23:15:00,1.4682,1.46825,1.46816,1.46824,218999996.18530273
2011-06-07 23:16:00,1.46828,1.46837,1.46827,1.46836,240000000.0
2011-06-07 23:17:00,1.46835,1.46841,1.46818,1.46818,450000000.0
2011-06-07 23:18:00,1.4682,1.46833,1.4682,1.46833,408800010.68115234
2011-06-07 23:19:00,1.46833,1.46836,1.46827,1.46828,382500000.0
2011-06-07 23:20:00,1.46828,1.46828,1.46815,1.46821,564799995.4223633
2011-06-07 23:21:00,1.46819,1.46819,1.46816,1.46818,249099998.4741211
2011-06-07 23:22:00,1.46819,1.46821,1.46818,1.46819,155299997.3297119
2011-06-07 23:23:00,1.46815,1.46815,1.46789,1.46793,799499969.4824219
2011-06-07 23:24:00,1.46794,1.46799,1.46783,1.46796,582000007.6293945
2011-06-07 23:25:00,1.46793,1.46804,1.46786,1.46801,815999984.7412109
2011-06-07 23:26:00,1.46804,1.46808,1.468,1.46808,695999984.7412109
2011-06-07 23:27:00,1.46808,1.46811,1.46808,1.46809,172500000.0
2011-06-07 23:28:00,1.4681,1.46816,1.4681,1.46816,157500000.0
2011-06-07 23:29:00,1.46816,1.46817,1.46815,1.46816,113699998.85559082
2011-06-07 23:30:00,1.46812,1.46888,1.46811,1.46861,1726799926.7578125
2011-06-07 23:31:00,1.4686,1.46867,1.46836,1.46839,937600021.3623047
2011-06-07 23:32:00,1.46839,1.46845,1.46826,1.46826,821999969.4824219
2011-06-07 23:33:00,1.46824,1.46828,1.46797,1.46797,595499992.3706055
2011-06-07 23:34:00,1.46797,1.46814,1.46797,1.46809,1026800003.0517578
2011-06-07 23:35:00,1.46808,1.46809,1.46794,1.46798,333800010.68115234
2011-06-07 23:36:00,1.46797,1.46809,1.46789,1.46805,557299995.4223633
2011-06-07 23:37:00,1.46809,1.46828,1.46793,1.46828,1567500000.0
2011-06-07 23:38:00,1.46828,1.46863,1.4682,1.4685,1533600006.1035156
2011-06-07 23:39:00,1.4685,1.4685,1.46819,1.4683,1163300018.3105469
2011-06-07 23:40:00,1.4683,1.46851,1.4683,1.46849,327000007.62939453
2011-06-07 23:41:00,1.46849,1.4685,1.46844,1.46844,262500000.0
2011-06-07 23:42:00,1.46846,1.4685,1.46832,1.46832,539300003.0517578
2011-06-07 23:43:00,1.46831,1.46831,1.46805,1.46805,564000015.2587891
2011-06-07 23:44:00,1.46805,1.46824,1.46804,1.46809,1051500015.2587891
2011-06-07 23:45:00,1.46809,1.46811,1.46809,1.4681,135000000.0
2011-06-07 23:46:00,1.4681,1.46811,1.46801,1.46805,562500000.0
2011-06-07 23:47:00,1.46805,1.46805,1.46792,1.46793,382500000.0
2011-06-07 23:48:00,1.46794,1.46812,1.46794,1.46801,470999984.74121094
2011-06-07 23:49:00,1.46799,1.46815,1.4679,1.46815,435000000.0
2011-06-07 23:50:00,1.46816,1.46833,1.46816,1.46833,446300010.68115234
2011-06-07 23:51:00,1.46832,1.46834,1.46829,1.46833,322500000.0
2011-06-07 23:52:00,1.46835,1.4684,1.4682,1.4682,705000000.0
2011-06-07 23:53:00,1.4682,1.46824,1.4682,1.46823,150000000.0
2011-06-07 23:54:00,1.46823,1.46827,1.46822,1.46827,277500000.0
2011-06-07 23:55:00,1.46829,1.46832,1.46821,1.46822,367500000.0
2011-06-07 23:56:00,1.46819,1.46819,1.46807,1.46807,277500000.0
2011-06-07 23:57:00,1.46807,1.46808,1.46771,1.46796,1338800048.828125
2011-06-07 23:58:00,1.46795,1.46803,1.46793,1.46793,648000030.5175781
2011-06-07 23:59:00,1.46791,1.46798,1.46779,1.46786,1388300018.3105469
2011-06-08 00:00:00,1.46802,1.46828,1.46795,1.46828,791900024.4140625
2011-06-08 00:01:00,1.46833,1.4684,1.46824,1.46828,358499984.74121094
2011-06-08 00:02:00,1.4683,1.46855,1.4683,1.46855,1363000030.5175781
2011-06-08 00:03:00,1.46854,1.46854,1.46831,1.46831,594199981.6894531
2011-06-08 00:04:00,1.46831,1.46846,1.46831,1.46846,358499984.74121094
2011-06-08 00:05:00,1.46846,1.46847,1.4684,1.46847,410999984.74121094
2011-06-08 00:06:00,1.46847,1.4686,1.46847,1.46852,1075899963.3789062
2011-06-08 00:07:00,1.46852,1.46862,1.46839,1.4684,1020100021.3623047
2011-06-08 00:08:00,1.4684,1.46855,1.4684,1.46842,828099975.5859375
2011-06-08 00:09:00,1.46842,1.46845,1.46841,1.46841,592500000.0
2011-06-08 00:10:00,1.46847,1.46847,1.46841,1.46842,257999992.37060547
2011-06-08 00:11:00,1.46842,1.46845,1.4684,1.4684,890999984.7412109
2011-06-08 00:12:00,1.46842,1.46864,1.4684,1.46862,785999984.7412109
2011-06-08 00:13:00,1.46862,1.4687,1.46847,1.46847,1200000000.0
2011-06-08 00:14:00,1.46848,1.46863,1.46848,1.46862,845999984.7412109
2011-06-08 00:15:00,1.46864,1.4689,1.46861,1.4687,739499969.4824219
2011-06-08 00:16:00,1.46869,1.46871,1.4686,1.46868,367500000.0
2011-06-08 00:17:00,1.46866,1.46876,1.46863,1.46876,292500000.0
2011-06-08 00:18:00,1.46876,1.46877,1.46872,1.46874,138800001.14440918
2011-06-08 00:19:00,1.46874,1.46874,1.46869,1.46869,198799991.60766602
2011-06-08 00:20:00,1.46869,1.4687,1.46841,1.46849,1021699981.6894531
2011-06-08 00:21:00,1.4685,1.46862,1.46844,1.46862,443300018.3105469
2011-06-08 00:22:00,1.46861,1.46865,1.46856,1.46858,705000000.0
2011-06-08 00:23:00,1.46856,1.46873,1.46844,1.46849,877500000.0
2011-06-08 00:24:00,1.46848,1.46848,1.46825,1.46834,988499984.7412109
2011-06-08 00:25:00,1.4683,1.46837,1.46822,1.46826,653300018.3105469
2011-06-08 00:26:00,1.46826,1.46832,1.46811,1.46811,654000015.2587891
2011-06-08 00:27:00,1.46811,1.46819,1.46804,1.46804,437999992.37060547
2011-06-08 00:28:00,1.46802,1.46808,1.468,1.468,669000015.2587891
2011-06-08 00:29:00,1.46793,1.46794,1.46757,1.46775,2642399902.34375
2011-06-08 00:30:00,1.46775,1.4678,1.46752,1.4676,2309799957.2753906
2011-06-08 00:31:00,1.46761,1.46773,1.46752,1.4677,1541999969.4824219
2011-06-08 00:32:00,1.4677,1.46811,1.46759,1.46795,1978500061.0351562
2011-06-08 00:33:00,1.46794,1.46794,1.46757,1.46761,1720700073.2421875
2011-06-08 00:34:00,1.46762,1.46785,1.46762,1.46771,1809799957.2753906
2011-06-08 00:35:00,1.46774,1.46786,1.46751,1.46776,1678500061.0351562
2011-06-08 00:36:00,1.46776,1.4678,1.46751,1.46754,867799987.7929688
2011-06-08 00:37:00,1.46754,1.46769,1.46736,1.46749,1727400054.9316406
2011-06-08 00:38:00,1.46751,1.4676,1.46741,1.46755,1236900024.4140625
2011-06-08 00:39:00,1.46751,1.46751,1.46727,1.46729,595600013.7329102
2011-06-08 00:40:00,1.46729,1.46739,1.46717,1.46717,1893099975.5859375
2011-06-08 00:41:00,1.4671,1.46717,1.46699,1.46713,945699996.9482422
2011-06-08 00:42:00,1.46709,1.46714,1.46692,1.46702,1611100006.1035156
2011-06-08 00:43:00,1.46702,1.46728,1.467,1.46721,1081600036.6210938
2011-06-08 00:44:00,1.46724,1.46729,1.46716,1.46729,1459799957.2753906
2011-06-08 00:45:00,1.46731,1.46732,1.46716,1.46729,1065000000.0
2011-06-08 00:46:00,1.46729,1.46751,1.4672,1.46728,1383099975.5859375
2011-06-08 00:47:00,1.46729,1.4674,1.46689,1.4669,1458399963.3789062
2011-06-08 00:48:00,1.46691,1.46709,1.4668,1.46682,1073499984.7412109
2011-06-08 00:49:00,1.46681,1.46702,1.46681,1.46702,610499992.3706055
2011-06-08 00:50:00,1.46706,1.46709,1.4669,1.46703,854400024.4140625
2011-06-08 00:51:00,1.46703,1.46703,1.46692,1.46692,621100006.1035156
2011-06-08 00:52:00,1.46691,1.46692,1.4666,1.46679,1775599975.5859375
2011-06-08 00:53:00,1.46679,1.46681,1.4667,1.46677,859800033.5693359
2011-06-08 00:54:00,1.46675,1.46685,1.46665,1.46684,910100021.3623047
2011-06-08 00:55:00,1.46685,1.46703,1.46681,1.46699,1974199981.6894531
2011-06-08 00:56:00,1.46697,1.4671,1.46684,1.467,1683500061.0351562
2011-06-08 00:57:00,1.467,1.46711,1.46686,1.46697,1041800003.0517578
2011-06-08 00:58:00,1.46698,1.46709,1.46681,1.46695,2106300048.828125
2011-06-08 00:59:00,1.46695,1.46707,1.46675,1.46707,938300018.3105469
2011-06-08 01:00:00,1.46707,1.46721,1.46698,1.46712,2004900054.9316406
2011-06-08 01:01:00,1.46712,1.4672,1.46699,1.467,1246600036.6210938
2011-06-08 01:02:00,1.46699,1.46721,1.46682,1.46682,1481399993.8964844
2011-06-08 01:03:00,1.46684,1.4673,1.46684,1.4673,1635099945.0683594
2011-06-08 01:04:00,1.4673,1.46791,1.46723,1.46742,2699899902.34375
2011-06-08 01:05:00,1.4674,1.4674,1.46703,1.46721,2796400146.484375
2011-06-08 01:06:00,1.46721,1.46742,1.46719,1.46728,1533099975.5859375
2011-06-08 01:07:00,1.46724,1.46747,1.46721,1.46721,1655899963.3789062
2011-06-08 01:08:00,1.46725,1.46726,1.46652,1.46658,2329799957.2753906
2011-06-08 01:09:00,1.46664,1.46676,1.46601,1.46605,3277200012.2070312
2011-06-08 01:10:00,1.46605,1.46616,1.466,1.46607,1962100067.1386719
2011-06-08 01:11:00,1.46607,1.46651,1.46606,1.46636,1538300018.3105469
2011-06-08 01:12:00,1.46638,1.4666,1.46625,1.46641,1625700073.2421875
2011-06-08 01:13:00,1.46641,1.46669,1.46641,1.46667,939300003.0517578
2011-06-08 01:14:00,1.46666,1.46672,1.46614,1.46614,2131799926.7578125
2011-06-08 01:15:00,1.46613,1.46622,1.46588,1.46592,2027799987.7929688
2011-06-08 01:16:00,1.4659,1.46681,1.4659,1.46663,2061199951.171875
2011-06-08 01:17:00,1.46667,1.46683,1.4666,1.46671,1293099975.5859375
2011-06-08 01:18:00,1.46672,1.46685,1.46662,1.46666,1193799972.5341797
2011-06-08 01:19:00,1.46666,1.46667,1.46637,1.46639,1306499938.9648438
2011-06-08 01:20:00,1.46639,1.46643,1.46626,1.4663,1128000030.5175781
2011-06-08 01:21:00,1.46629,1.46635,1.46625,1.46627,1175400009.1552734
2011-06-08 01:22:00,1.46627,1.46636,1.46611,1.4663,890000000.0
2011-06-08 01:23:00,1.4663,1.46636,1.46604,1.46604,2028899993.8964844
2011-06-08 01:24:00,1.46604,1.46626,1.4659,1.46626,1564499969.4824219
2011-06-08 01:25:00,1.46627,1.46628,1.46606,1.46606,816999969.4824219
2011-06-08 01:26:00,1.46606,1.46631,1.46604,1.46629,830999984.7412109
2011-06-08 01:27:00,1.4663,1.46656,1.46617,1.46649,956999969.4824219
2011-06-08 01:28:00,1.46648,1.46676,1.46648,1.46668,1365099945.0683594
2011-06-08 01:29:00,1.46669,1.46674,1.46659,1.46668,1308200073.2421875
2011-06-08 01:30:00,1.46668,1.46691,1.46657,1.46683,1680099945.0683594
2011-06-08 01:31:00,1.46685,1.46719,1.46682,1.46698,1358200073.2421875
2011-06-08 01:32:00,1.46697,1.467,1.46685,1.46687,1068899993.8964844
2011-06-08 01:33:00,1.46686,1.46689,1.46671,1.46679,851999969.4824219
2011-06-08 01:34:00,1.46679,1.4668,1.46635,1.46637,1352599945.0683594
2011-06-08 01:35:00,1.46635,1.46637,1.46596,1.46605,1910000000.0
2011-06-08 01:36:00,1.46602,1.46602,1.46571,1.46586,2563099975.5859375
2011-06-08 01:37:00,1.46586,1.46632,1.46586,1.46619,1930000000.0
2011-06-08 01:38:00,1.46615,1.46643,1.46607,1.46641,1383999938.9648438
2011-06-08 01:39:00,1.46642,1.46653,1.46632,1.46652,1066600036.6210938
2011-06-08 01:40:00,1.46651,1.4667,1.46646,1.46656,889499969.4824219
2011-06-08 01:41:00,1.46656,1.4666,1.46654,1.46659,562500000.0
2011-06-08 01:42:00,1.46658,1.46666,1.46632,1.46647,1971799926.7578125
2011-06-08 01:43:00,1.46647,1.46664,1.46637,1.46664,1247300033.569336
2011-06-08 01:44:00,1.46664,1.4667,1.46659,1.46669,590999984.7412109
2011-06-08 01:45:00,1.46666,1.46666,1.4664,1.46654,369000015.25878906
2011-06-08 01:46:00,1.46654,1.46654,1.46642,1.46647,532700004.5776367
2011-06-08 01:47:00,1.46647,1.46663,1.46638,1.46638,988399963.3789062
2011-06-08 01:48:00,1.4664,1.46654,1.46621,1.46621,1265999984.741211
2011-06-08 01:49:00,1.46621,1.46621,1.46577,1.46591,1680000000.0
2011-06-08 01:50:00,1.46592,1.466,1.46582,1.46588,953000030.5175781
2011-06-08 01:51:00,1.46588,1.46602,1.46583,1.46584,1308999938.9648438
2011-06-08 01:52:00,1.46584,1.46621,1.46584,1.46621,1531699981.6894531
2011-06-08 01:53:00,1.46621,1.46621,1.46585,1.46611,1690599975.5859375
2011-06-08 01:54:00,1.46611,1.46611,1.46586,1.46586,1659100036.6210938
2011-06-08 01:55:00,1.46586,1.46616,1.46586,1.4659,1996600036.6210938
2011-06-08 01:56:00,1.46589,1.46612,1.46589,1.46607,2556799926.7578125
2011-06-08 01:57:00,1.46604,1.46609,1.46592,1.46599,1323999938.9648438
2011-06-08 01:58:00,1.466,1.46604,1.46583,1.46594,1878999938.9648438
2011-06-08 01:59:00,1.46599,1.46611,1.4656,1.46564,2038999938.9648438
2011-06-08 02:00:00,1.46564,1.46579,1.46539,1.46539,2554499969.482422
2011-06-08 02:01:00,1.46541,1.46555,1.4654,1.46544,1100999984.741211
2011-06-08 02:02:00,1.46544,1.46556,1.46536,1.46538,743199996.9482422
2011-06-08 02:03:00,1.46538,1.46553,1.46531,1.46536,1589499969.4824219
2011-06-08 02:04:00,1.4654,1.46559,1.4653,1.46555,2195399932.861328
2011-06-08 02:05:00,1.46554,1.46565,1.46539,1.46565,2058200073.2421875
2011-06-08 02:06:00,1.46566,1.46582,1.46565,1.46569,1620800018.3105469
2011-06-08 02:07:00,1.4657,1.46582,1.46565,1.46566,1433999938.9648438
2011-06-08 02:08:00,1.46566,1.46573,1.46561,1.46565,1456499938.9648438
2011-06-08 02:09:00,1.46566,1.46588,1.46555,1.46581,1636499938.9648438
2011-06-08 02:10:00,1.46581,1.46584,1.46568,1.46572,1583300018.3105469
2011-06-08 02:11:00,1.46573,1.46575,1.46563,1.46567,1313999938.9648438
2011-06-08 02:12:00,1.46567,1.46579,1.46567,1.46567,660000000.0
2011-06-08 02:13:00,1.46567,1.46575,1.46567,1.46575,390000000.0
2011-06-08 02:14:00,1.46574,1.4663,1.46571,1.46629,1288600006.1035156
2011-06-08 02:15:00,1.46629,1.46629,1.46603,1.46617,935999984.7412109
2011-06-08 02:16:00,1.46617,1.46623,1.46606,1.4661,1006500015.2587891
2011-06-08 02:17:00,1.46609,1.46609,1.46605,1.46606,90000000.0
2011-06-08 02:18:00,1.46603,1.46603,1.46571,1.46584,1374799957.2753906
2011-06-08 02:19:00,1.46583,1.46589,1.4658,1.46585,926500015.2587891
2011-06-08 02:20:00,1.46585,1.46588,1.46571,1.46572,668399963.3789062
2011-06-08 02:21:00,1.46573,1.46574,1.46559,1.46563,555000000.0
2011-06-08 02:22:00,1.46562,1.46566,1.4655,1.46557,1130400009.1552734
2011-06-08 02:23:00,1.46559,1.46561,1.4655,1.46553,804000015.2587891
2011-06-08 02:24:00,1.46552,1.46552,1.46524,1.46541,1383200073.2421875
2011-06-08 02:25:00,1.46541,1.4655,1.46525,1.46539,1060500030.5175781
2011-06-08 02:26:00,1.4654,1.4656,1.46529,1.46549,1102600021.3623047
2011-06-08 02:27:00,1.46549,1.46561,1.46526,1.46545,1432500000.0
2011-06-08 02:28:00,1.46545,1.46545,1.46513,1.46513,1410899963.3789062
2011-06-08 02:29:00,1.4651,1.46512,1.46499,1.465,1275800018.3105469
2011-06-08 02:30:00,1.46498,1.46502,1.46484,1.4649,1366499938.9648438
2011-06-08 02:31:00,1.4649,1.46507,1.46485,1.465,1348500061.0351562
2011-06-08 02:32:00,1.46499,1.46505,1.46469,1.46469,1729499969.4824219
2011-06-08 02:33:00,1.4647,1.46488,1.4647,1.46479,744000015.2587891
2011-06-08 02:34:00,1.46479,1.46479,1.46462,1.46462,814700012.2070312
2011-06-08 02:35:00,1.46464,1.46471,1.4646,1.46471,837500000.0
2011-06-08 02:36:00,1.46473,1.46473,1.46429,1.46435,1276500015.258789
2011-06-08 02:37:00,1.46431,1.46482,1.46431,1.4648,1359499969.4824219
2011-06-08 02:38:00,1.4648,1.465,1.46471,1.46478,1388999938.9648438
2011-06-08 02:39:00,1.46477,1.46485,1.46464,1.4647,1293000030.5175781
2011-06-08 02:40:00,1.4647,1.46486,1.46468,1.46484,989000015.2587891
2011-06-08 02:41:00,1.46484,1.46484,1.46471,1.46473,675000000.0
2011-06-08 02:42:00,1.46473,1.46496,1.4647,1.46494,720000000.0
2011-06-08 02:43:00,1.46496,1.465,1.4649,1.46491,963099975.5859375
2011-06-08 02:44:00,1.4649,1.46499,1.4649,1.46494,660800018.3105469
2011-06-08 02:45:00,1.46494,1.46494,1.46472,1.46491,1161800003.0517578
2011-06-08 02:46:00,1.46489,1.46515,1.46488,1.46506,713300018.3105469
2011-06-08 02:47:00,1.4651,1.4652,1.46505,1.46516,1197900009.1552734
2011-06-08 02:48:00,1.46519,1.4652,1.46494,1.4651,1118000030.5175781
2011-06-08 02:49:00,1.46509,1.46533,1.46509,1.46529,792799987.7929688
2011-06-08 02:50:00,1.46529,1.46533,1.46502,1.46517,1522599945.0683594
2011-06-08 02:51:00,1.46517,1.46525,1.46517,1.46521,543800010.6811523
2011-06-08 02:52:00,1.4652,1.46522,1.46518,1.46522,56999998.09265137
2011-06-08 02:53:00,1.46521,1.46526,1.46509,1.46521,1190199966.430664
2011-06-08 02:54:00,1.46523,1.46534,1.46522,1.46522,608600006.1035156
2011-06-08 02:55:00,1.46522,1.46531,1.46506,1.46524,693000030.5175781
2011-06-08 02:56:00,1.46519,1.46535,1.46514,1.46524,941299972.5341797
2011-06-08 02:57:00,1.46526,1.4653,1.46522,1.46522,397500000.0
2011-06-08 02:58:00,1.46522,1.46529,1.46519,1.46525,784000015.2587891
2011-06-08 02:59:00,1.46526,1.46541,1.4652,1.46533,853600006.1035156
2011-06-08 03:00:00,1.46531,1.46532,1.46515,1.4652,709100036.6210938
2011-06-08 03:01:00,1.4652,1.46535,1.4652,1.46531,487500000.0
2011-06-08 03:02:00,1.46531,1.4654,1.4652,1.46529,1104000015.258789
2011-06-08 03:03:00,1.46527,1.46539,1.46524,1.46536,974300003.0517578
2011-06-08 03:04:00,1.46536,1.46541,1.46525,1.46537,472500000.0
2011-06-08 03:05:00,1.46537,1.46547,1.46531,1.46545,360000000.0
2011-06-08 03:06:00,1.46547,1.46564,1.46547,1.4656,930100021.3623047
2011-06-08 03:07:00,1.4656,1.46567,1.46537,1.4654,918000030.5175781
2011-06-08 03:08:00,1.4654,1.46562,1.46532,1.46552,799499969.4824219
2011-06-08 03:09:00,1.46553,1.46559,1.46547,1.46554,322500000.0
2011-06-08 03:10:00,1.46551,1.46563,1.46546,1.4656,1225500030.5175781
2011-06-08 03:11:00,1.4656,1.46562,1.46555,1.46558,653300018.3105469
2011-06-08 03:12:00,1.4656,1.46566,1.46554,1.4656,517500000.0
2011-06-08 03:13:00,1.46559,1.46564,1.46555,1.46559,838600006.1035156
2011-06-08 03:14:00,1.46559,1.46568,1.46559,1.46568,277500000.0
2011-06-08 03:15:00,1.46565,1.46577,1.46557,1.46557,1188300018.3105469
2011-06-08 03:16:00,1.46557,1.46569,1.46557,1.46564,401300010.68115234
2011-06-08 03:17:00,1.46565,1.46575,1.46556,1.46556,982200012.2070312
2011-06-08 03:18:00,1.46556,1.4658,1.46555,1.4658,1007399978.6376953
2011-06-08 03:19:00,1.46586,1.46594,1.46563,1.46571,1451300048.828125
2011-06-08 03:20:00,1.46569,1.46569,1.46557,1.46568,582099990.8447266
2011-06-08 03:21:00,1.46567,1.46571,1.46561,1.46571,543199996.9482422
2011-06-08 03:22:00,1.46576,1.46579,1.46558,1.46567,1270400009.1552734
2011-06-08 03:23:00,1.46567,1.46583,1.46561,1.46578,1008499984.7412109
2011-06-08 03:24:00,1.46585,1.46602,1.46566,1.46598,1254800033.569336
2011-06-08 03:25:00,1.46598,1.46603,1.46586,1.46586,963799972.5341797
2011-06-08 03:26:00,1.46585,1.466,1.46567,1.46596,1126399993.8964844
2011-06-08 03:27:00,1.46596,1.46596,1.46569,1.46587,1287500000.0
2011-06-08 03:28:00,1.46587,1.46587,1.46567,1.46569,255000000.0
2011-06-08 03:29:00,1.4657,1.46587,1.4657,1.46587,362900009.15527344
2011-06-08 03:30:00,1.46588,1.46628,1.46588,1.46616,1477500000.0
2011-06-08 03:31:00,1.46615,1.46617,1.46606,1.46617,422999992.37060547
2011-06-08 03:32:00,1.46617,1.4662,1.4661,1.46612,489000015.25878906
2011-06-08 03:33:00,1.46612,1.46618,1.46609,1.46616,360000000.0
2011-06-08 03:34:00,1.46616,1.46627,1.46616,1.46627,310499992.37060547
2011-06-08 03:35:00,1.46631,1.46654,1.4663,1.46647,1664600067.1386719
2011-06-08 03:36:00,1.46643,1.46646,1.46627,1.46642,1574100036.6210938
2011-06-08 03:37:00,1.4664,1.46647,1.46629,1.46631,765800018.3105469
2011-06-08 03:38:00,1.46628,1.46633,1.4662,1.46622,825100021.3623047
2011-06-08 03:39:00,1.46621,1.46629,1.46621,1.46628,210000000.0
2011-06-08 03:40:00,1.46627,1.46627,1.46605,1.46607,661500015.2587891
2011-06-08 03:41:00,1.46605,1.46611,1.46594,1.46594,664599990.8447266
2011-06-08 03:42:00,1.46594,1.46594,1.46577,1.46577,853499984.7412109
2011-06-08 03:43:00,1.46577,1.46594,1.46576,1.46592,604599990.8447266
2011-06-08 03:44:00,1.46587,1.46594,1.46587,1.46594,514500007.62939453
2011-06-08 03:45:00,1.46594,1.466,1.4659,1.466,180000000.0
2011-06-08 03:46:00,1.466,1.466,1.46587,1.46591,538499984.7412109
2011-06-08 03:47:00,1.46592,1.46603,1.46592,1.46603,277500000.0
2011-06-08 03:48:00,1.46605,1.46607,1.46574,1.46588,782300033.5693359
2011-06-08 03:49:00,1.46588,1.46588,1.46574,1.46574,210000000.0
2011-06-08 03:50:00,1.46573,1.46576,1.46552,1.46554,993000030.5175781
2011-06-08 03:51:00,1.46554,1.46564,1.46538,1.46547,970800018.3105469
2011-06-08 03:52:00,1.46546,1.46558,1.46544,1.46544,630000000.0
2011-06-08 03:53:00,1.46544,1.46549,1.46536,1.46549,1298500061.0351562
2011-06-08 03:54:00,1.46548,1.46549,1.4654,1.46545,1045500030.5175781
2011-06-08 03:55:00,1.46548,1.46548,1.46541,1.46546,452999992.37060547
2011-06-08 03:56:00,1.46547,1.46549,1.46539,1.46542,576100006.1035156
2011-06-08 03:57:00,1.46542,1.46545,1.46534,1.46538,347299995.4223633
2011-06-08 03:58:00,1.4654,1.46545,1.46536,1.46542,1005199966.4306641
2011-06-08 03:59:00,1.46543,1.46545,1.46537,1.46539,270000000.0
2011-06-08 04:00:00,1.4654,1.46549,1.4654,1.46549,502500000.0
2011-06-08 04:01:00,1.46549,1.46571,1.46549,1.4657,595499992.3706055
2011-06-08 04:02:00,1.46571,1.46577,1.46558,1.46572,1259000015.258789
2011-06-08 04:03:00,1.46572,1.46572,1.4656,1.4656,395999984.74121094
2011-06-08 04:04:00,1.4656,1.46583,1.46559,1.46576,695999984.7412109
2011-06-08 04:05:00,1.46576,1.46586,1.46564,1.46582,892500000.0
2011-06-08 04:06:00,1.46582,1.46586,1.46568,1.46577,538499984.7412109
2011-06-08 04:07:00,1.46579,1.46592,1.46576,1.46576,386300010.68115234
2011-06-08 04:08:00,1.46576,1.46601,1.46576,1.46577,886900024.4140625
2011-06-08 04:09:00,1.46577,1.46592,1.46574,1.46591,602299995.4223633
2011-06-08 04:10:00,1.46592,1.46619,1.46592,1.46599,693000030.5175781
2011-06-08 04:11:00,1.46599,1.46601,1.46579,1.46581,461300010.68115234
2011-06-08 04:12:00,1.4658,1.46592,1.46572,1.46579,1015500030.5175781
2011-06-08 04:13:00,1.46579,1.46586,1.46574,1.46581,1023000030.5175781
2011-06-08 04:14:00,1.46581,1.46581,1.46574,1.4658,708000030.5175781
2011-06-08 04:15:00,1.46581,1.46587,1.46573,1.46573,856800003.0517578
2011-06-08 04:16:00,1.46576,1.46579,1.46565,1.4657,534900016.78466797
2011-06-08 04:17:00,1.46567,1.46567,1.46541,1.46559,913799972.5341797
2011-06-08 04:18:00,1.4656,1.4656,1.46537,1.46541,592500000.0
2011-06-08 04:19:00,1.46542,1.46551,1.46542,1.46548,330000000.0
2011-06-08 04:20:00,1.46548,1.46553,1.46542,1.46542,710299987.7929688
2011-06-08 04:21:00,1.46541,1.46551,1.46541,1.4655,334000015.25878906
2011-06-08 04:22:00,1.46549,1.46556,1.46547,1.4655,219799995.42236328
2011-06-08 04:23:00,1.46552,1.46552,1.46546,1.46549,195000000.0
2011-06-08 04:24:00,1.4655,1.4657,1.4655,1.46555,529500007.62939453
2011-06-08 04:25:00,1.46554,1.46557,1.46551,1.46557,195000000.0
2011-06-08 04:26:00,1.46554,1.46557,1.46552,1.46552,157500000.0
2011-06-08 04:27:00,1.46552,1.46552,1.46545,1.46548,373499984.74121094
2011-06-08 04:28:00,1.46549,1.46556,1.46549,1.46551,448499984.74121094
2011-06-08 04:29:00,1.46551,1.46554,1.46545,1.46545,322500000.0
2011-06-08 04:30:00,1.46546,1.46546,1.46541,1.46544,358499984.74121094
2011-06-08 04:31:00,1.46544,1.46544,1.46544,1.46544,45000000.0
2011-06-08 04:32:00,1.46542,1.46551,1.4654,1.46547,705000000.0
2011-06-08 04:33:00,1.46547,1.46552,1.46547,1.46547,157500000.0
2011-06-08 04:34:00,1.46547,1.46547,1.46521,1.46542,1020100021.3623047
2011-06-08 04:35:00,1.46542,1.46549,1.46542,1.46547,480000000.0
2011-06-08 04:36:00,1.46547,1.46552,1.46542,1.46552,474900016.78466797
2011-06-08 04:37:00,1.46552,1.46562,1.46547,1.46561,885000000.0
2011-06-08 04:38:00,1.46561,1.46563,1.46547,1.46563,631500015.2587891
2011-06-08 04:39:00,1.46564,1.46571,1.46551,1.46564,495000000.0
2011-06-08 04:40:00,1.46564,1.46572,1.46561,1.46568,819800033.5693359
2011-06-08 04:41:00,1.46567,1.46572,1.46566,1.46571,435000000.0
2011-06-08 04:42:00,1.46572,1.46579,1.46572,1.46578,255000000.0
2011-06-08 04:43:00,1.46577,1.46584,1.46575,1.46584,165000000.0
2011-06-08 04:44:00,1.46583,1.46595,1.46576,1.46589,614000015.2587891
2011-06-08 04:45:00,1.46589,1.46591,1.46589,1.4659,82500000.0
2011-06-08 04:46:00,1.46591,1.46601,1.46591,1.46601,538499984.7412109
2011-06-08 04:47:00,1.46601,1.46609,1.46601,1.46606,624799995.4223633
2011-06-08 04:48:00,1.46604,1.46627,1.46602,1.46623,568600006.1035156
2011-06-08 04:49:00,1.46622,1.46625,1.4662,1.46621,195000000.0
2011-06-08 04:50:00,1.46619,1.46619,1.4661,1.46616,448499984.74121094
2011-06-08 04:51:00,1.46616,1.46619,1.46616,1.46619,150000000.0
2011-06-08 04:52:00,1.46619,1.46619,1.46604,1.46611,534799995.4223633
2011-06-08 04:53:00,1.46614,1.46614,1.46595,1.46599,388800010.68115234
2011-06-08 04:54:00,1.46599,1.46606,1.46586,1.46601,429900016.78466797
2011-06-08 04:55:00,1.46602,1.46641,1.46602,1.46633,1367599945.0683594
2011-06-08 04:56:00,1.46632,1.46634,1.4662,1.4662,920299987.7929688
2011-06-08 04:57:00,1.46621,1.46629,1.4662,1.4662,440999984.74121094
2011-06-08 04:58:00,1.46619,1.46621,1.46601,1.4662,982200012.2070312
2011-06-08 04:59:00,1.4662,1.4662,1.46605,1.46619,521500015.25878906
2011-06-08 05:00:00,1.4662,1.46642,1.46618,1.46625,906900024.4140625
2011-06-08 05:01:00,1.46627,1.46635,1.46617,1.46621,646100006.1035156
2011-06-08 05:02:00,1.4662,1.46624,1.46618,1.46623,337599983.21533203
2011-06-08 05:03:00,1.46622,1.46663,1.46608,1.46613,2064400024.4140625
2011-06-08 05:04:00,1.46617,1.46653,1.46616,1.46648,1473000030.5175781
2011-06-08 05:05:00,1.46646,1.46651,1.46629,1.46648,1533000030.5175781
2011-06-08 05:06:00,1.46651,1.46677,1.4665,1.46656,1306499938.9648438
2011-06-08 05:07:00,1.46658,1.46668,1.46656,1.46664,1217799987.7929688
2011-06-08 05:08:00,1.46662,1.46686,1.46662,1.46681,821299972.5341797
2011-06-08 05:09:00,1.46677,1.46682,1.46674,1.46676,656999969.4824219
2011-06-08 05:10:00,1.46678,1.4676,1.46678,1.4676,1762700042.7246094
2011-06-08 05:11:00,1.46758,1.46759,1.46736,1.46745,2012200012.2070312
2011-06-08 05:12:00,1.46745,1.46746,1.46732,1.4674,1098000030.5175781
2011-06-08 05:13:00,1.4674,1.46745,1.46722,1.46727,757600021.3623047
2011-06-08 05:14:00,1.46727,1.46727,1.46698,1.46699,877500000.0
2011-06-08 05:15:00,1.46699,1.46705,1.46687,1.46687,1519600067.1386719
2011-06-08 05:16:00,1.46687,1.46705,1.46687,1.46702,382500000.0
2011-06-08 05:17:00,1.46703,1.46705,1.46692,1.46695,978000030.5175781
2011-06-08 05:18:00,1.46695,1.46712,1.46684,1.46707,1066500015.2587891
2011-06-08 05:19:00,1.46708,1.46716,1.46704,1.46708,700500030.5175781
2011-06-08 05:20:00,1.46706,1.46713,1.46691,1.46708,1320000000.0
2011-06-08 05:21:00,1.46706,1.46706,1.46685,1.46696,903000030.5175781
2011-06-08 05:22:00,1.46699,1.46706,1.46688,1.46697,1072500000.0
2011-06-08 05:23:00,1.46695,1.46698,1.46685,1.46687,322500000.0
2011-06-08 05:24:00,1.46688,1.46693,1.46682,1.46686,447000007.62939453
2011-06-08 05:25:00,1.46686,1.4671,1.46686,1.46708,815999984.7412109
2011-06-08 05:26:00,1.46706,1.46711,1.46689,1.46699,516199989.31884766
2011-06-08 05:27:00,1.46696,1.46699,1.4669,1.46699,463499984.74121094
2011-06-08 05:28:00,1.46698,1.46698,1.46677,1.4668,1320000000.0
2011-06-08 05:29:00,1.46682,1.46686,1.46677,1.46686,997500000.0
2011-06-08 05:30:00,1.46686,1.46704,1.46684,1.46701,1135599975.5859375
2011-06-08 05:31:00,1.46701,1.46701,1.46681,1.46682,1388999938.9648438
2011-06-08 05:32:00,1.4668,1.46701,1.4668,1.46701,985500030.5175781
2011-06-08 05:33:00,1.46705,1.4672,1.46703,1.46711,1480500030.5175781
2011-06-08 05:34:00,1.46712,1.4672,1.46705,1.46717,964499969.4824219
2011-06-08 05:35:00,1.46719,1.46723,1.46707,1.46715,538499984.7412109
2011-06-08 05:36:00,1.46715,1.46724,1.46712,1.46716,677699966.4306641
2011-06-08 05:37:00,1.46711,1.46727,1.46711,1.46719,1056100006.1035156
2011-06-08 05:38:00,1.46719,1.46727,1.46718,1.46725,1181299972.5341797
2011-06-08 05:39:00,1.46725,1.46731,1.4672,1.46731,729800033.5693359
2011-06-08 05:40:00,1.46729,1.46729,1.46719,1.46719,772600021.3623047
2011-06-08 05:41:00,1.46717,1.46746,1.46716,1.46739,1192399978.6376953
2011-06-08 05:42:00,1.46739,1.46751,1.46737,1.46739,1054599990.8447266
2011-06-08 05:43:00,1.46737,1.4675,1.46723,1.46741,1279499969.4824219
2011-06-08 05:44:00,1.46744,1.46765,1.46741,1.46765,1020800018.3105469
2011-06-08 05:45:00,1.46765,1.46783,1.46764,1.46775,2368200073.2421875
2011-06-08 05:46:00,1.46777,1.46783,1.4677,1.46773,1821100006.1035156
2011-06-08 05:47:00,1.46775,1.46783,1.46749,1.4675,1433600006.1035156
2011-06-08 05:48:00,1.46751,1.46773,1.46744,1.4677,1411499938.9648438
2011-06-08 05:49:00,1.46771,1.46775,1.46768,1.4677,1688999938.9648438
2011-06-08 05:50:00,1.46771,1.46781,1.46769,1.46778,1290599975.5859375
2011-06-08 05:51:00,1.46778,1.46795,1.46774,1.46781,1969600067.1386719
2011-06-08 05:52:00,1.4678,1.46787,1.46775,1.46776,1322799987.7929688
2011-06-08 05:53:00,1.46776,1.46779,1.46761,1.46761,1642500000.0
2011-06-08 05:54:00,1.4676,1.4676,1.4675,1.46756,960000000.0
2011-06-08 05:55:00,1.46756,1.4676,1.4674,1.46748,1548000030.5175781
2011-06-08 05:56:00,1.46748,1.4675,1.46747,1.46747,626300010.6811523
2011-06-08 05:57:00,1.46747,1.46747,1.46732,1.46739,949499969.4824219
2011-06-08 05:58:00,1.46739,1.46739,1.4672,1.4672,1016999969.4824219
2011-06-08 05:59:00,1.46721,1.46727,1.467,1.46705,2044799957.2753906
2011-06-08 06:00:00,1.4671,1.4671,1.46671,1.46709,2459400024.4140625
2011-06-08 06:01:00,1.46705,1.46729,1.46701,1.4672,2121499938.9648438
2011-06-08 06:02:00,1.46727,1.4676,1.46722,1.4676,1530000000.0
2011-06-08 06:03:00,1.46759,1.46766,1.46757,1.46762,1220999984.741211
2011-06-08 06:04:00,1.46762,1.46762,1.46749,1.46752,1234499969.4824219
2011-06-08 06:05:00,1.46748,1.46752,1.46728,1.4673,2624400024.4140625
2011-06-08 06:06:00,1.4673,1.46737,1.46708,1.46708,1253300018.3105469
2011-06-08 06:07:00,1.46706,1.46709,1.46694,1.46698,1624499969.4824219
2011-06-08 06:08:00,1.46699,1.46703,1.46694,1.46701,1486499938.9648438
2011-06-08 06:09:00,1.46701,1.46705,1.46684,1.46691,1569600067.1386719
2011-06-08 06:10:00,1.46691,1.46717,1.4669,1.46694,1193199996.9482422
2011-06-08 06:11:00,1.46693,1.46699,1.46684,1.46695,1458000030.5175781
2011-06-08 06:12:00,1.46696,1.4671,1.46693,1.4671,1551000061.0351562
2011-06-08 06:13:00,1.4671,1.46722,1.46705,1.46722,1741499938.9648438
2011-06-08 06:14:00,1.46722,1.46731,1.46716,1.46719,976500015.2587891
2011-06-08 06:15:00,1.46717,1.46732,1.4671,1.46729,1846499938.9648438
2011-06-08 06:16:00,1.46729,1.46756,1.46724,1.46756,1487299957.2753906
2011-06-08 06:17:00,1.46758,1.4683,1.46758,1.4682,1961300048.828125
2011-06-08 06:18:00,1.46822,1.46828,1.46808,1.46825,1393899993.8964844
2011-06-08 06:19:00,1.46825,1.46825,1.46812,1.46821,1393099975.5859375
2011-06-08 06:20:00,1.4682,1.4682,1.468,1.46819,1260800018.3105469
2011-06-08 06:21:00,1.46818,1.46832,1.46814,1.46832,1239199981.6894531
2011-06-08 06:22:00,1.46836,1.46882,1.46836,1.46863,2480200042.7246094
2011-06-08 06:23:00,1.46866,1.46866,1.46815,1.46818,1664199981.6894531
2011-06-08 06:24:00,1.4682,1.4682,1.46765,1.46787,2746099853.515625
2011-06-08 06:25:00,1.46785,1.46805,1.46781,1.46801,1414600067.1386719
2011-06-08 06:26:00,1.46801,1.46804,1.46779,1.46783,1629900054.9316406
2011-06-08 06:27:00,1.46784,1.46784,1.46741,1.46757,2298399963.3789062
2011-06-08 06:28:00,1.46757,1.46807,1.46757,1.46796,1858300018.3105469
2011-06-08 06:29:00,1.46797,1.46805,1.46784,1.46789,1402200012.2070312
2011-06-08 06:30:00,1.46788,1.46796,1.46761,1.46764,1515099945.0683594
2011-06-08 06:31:00,1.46767,1.46775,1.46739,1.46742,1402500000.0
2011-06-08 06:32:00,1.46743,1.46765,1.46735,1.46757,1452700042.7246094
2011-06-08 06:33:00,1.46757,1.4677,1.4674,1.46766,1091299972.5341797
2011-06-08 06:34:00,1.46767,1.46767,1.46743,1.46753,1063099975.5859375
2011-06-08 06:35:00,1.46751,1.46779,1.46751,1.46777,1609499969.4824219
2011-06-08 06:36:00,1.46776,1.4678,1.46746,1.46761,1402799987.7929688
2011-06-08 06:37:00,1.46762,1.46765,1.467,1.467,2104299926.7578125
2011-06-08 06:38:00,1.46701,1.46709,1.46685,1.467,3117900085.4492188
2011-06-08 06:39:00,1.46697,1.46733,1.46694,1.46713,1851900024.4140625
2011-06-08 06:40:00,1.46715,1.46726,1.46704,1.46704,1687700042.7246094
2011-06-08 06:41:00,1.46701,1.46713,1.46685,1.46712,1580000000.0
2011-06-08 06:42:00,1.46712,1.46712,1.46685,1.46698,985899963.3789062
2011-06-08 06:43:00,1.46697,1.46722,1.46697,1.46706,607599983.215332
2011-06-08 06:44:00,1.46705,1.4672,1.46698,1.46716,1275999984.741211
2011-06-08 06:45:00,1.46717,1.46746,1.46717,1.46739,1140100021.3623047
2011-06-08 06:46:00,1.46739,1.46739,1.4671,1.46723,1540399932.8613281
2011-06-08 06:47:00,1.46725,1.46727,1.4671,1.46717,1200000000.0
2011-06-08 06:48:00,1.46719,1.46719,1.46659,1.4666,1989100036.6210938
2011-06-08 06:49:00,1.46659,1.46672,1.46651,1.46656,1610899963.3789062
2011-06-08 06:50:00,1.46655,1.46656,1.46635,1.46637,1907299957.2753906
2011-06-08 06:51:00,1.46638,1.46641,1.46617,1.46638,1914499969.4824219
2011-06-08 06:52:00,1.46639,1.46684,1.46633,1.46676,1481300048.828125
2011-06-08 06:53:00,1.46678,1.46683,1.46624,1.46624,1599299926.7578125
2011-06-08 06:54:00,1.46624,1.46624,1.46556,1.46567,4357699890.136719
2011-06-08 06:55:00,1.46568,1.46631,1.46568,1.46605,2690899963.3789062
2011-06-08 06:56:00,1.46611,1.46652,1.46611,1.46625,2888999938.9648438
2011-06-08 06:57:00,1.46623,1.46649,1.46613,1.46649,2404600067.138672
2011-06-08 06:58:00,1.46649,1.46689,1.46637,1.46685,2313099975.5859375
2011-06-08 06:59:00,1.46687,1.46711,1.46682,1.46691,2802900085.4492188
2011-06-08 07:00:00,1.46697,1.46725,1.46666,1.46696,2031399993.8964844
2011-06-08 07:01:00,1.46696,1.46745,1.46696,1.46711,3107300109.8632812
2011-06-08 07:02:00,1.46711,1.46751,1.46711,1.46735,2630799865.7226562
2011-06-08 07:03:00,1.46737,1.46799,1.46737,1.46789,2987099914.5507812
2011-06-08 07:04:00,1.46787,1.46808,1.46781,1.46782,3293200073.2421875
2011-06-08 07:05:00,1.46781,1.46807,1.4677,1.46789,3098399963.3789062
2011-06-08 07:06:00,1.46789,1.46798,1.46785,1.46792,1514400024.4140625
2011-06-08 07:07:00,1.46792,1.46802,1.46772,1.4678,2531300048.828125
2011-06-08 07:08:00,1.46779,1.46795,1.46776,1.46792,1641100006.1035156
2011-06-08 07:09:00,1.46791,1.46826,1.46791,1.46796,2887500000.0
2011-06-08 07:10:00,1.46796,1.46822,1.4679,1.46817,1846399993.8964844
2011-06-08 07:11:00,1.46816,1.46816,1.46772,1.46779,2074799957.2753906
2011-06-08 07:12:00,1.46782,1.46807,1.46782,1.46793,1898300018.3105469
2011-06-08 07:13:00,1.46794,1.46797,1.46761,1.46779,2558200073.2421875
2011-06-08 07:14:00,1.46779,1.46798,1.46775,1.46798,1598200073.2421875
2011-06-08 07:15:00,1.46793,1.46796,1.46752,1.4676,1723300018.3105469
2011-06-08 07:16:00,1.46759,1.46772,1.46743,1.46755,1941900024.4140625
2011-06-08 07:17:00,1.46755,1.46758,1.46701,1.46701,2948599853.515625
2011-06-08 07:18:00,1.467,1.46748,1.46693,1.46729,2901199951.171875
2011-06-08 07:19:00,1.46724,1.46761,1.46704,1.46733,3656700134.2773438
2011-06-08 07:20:00,1.46736,1.4676,1.46694,1.46757,3307799987.7929688
2011-06-08 07:21:00,1.46754,1.46771,1.46745,1.4677,3154299926.7578125
2011-06-08 07:22:00,1.4677,1.46822,1.4677,1.46791,3660199890.1367188
2011-06-08 07:23:00,1.46792,1.46826,1.46782,1.46819,2378000030.517578
2011-06-08 07:24:00,1.46816,1.46823,1.46764,1.46773,2275399932.861328
2011-06-08 07:25:00,1.46773,1.46777,1.46741,1.4676,2096600036.6210938
2011-06-08 07:26:00,1.46763,1.46819,1.46763,1.46805,3188500061.0351562
2011-06-08 07:27:00,1.46805,1.46824,1.46778,1.46818,2617300109.8632812
2011-06-08 07:28:00,1.46818,1.46854,1.46804,1.46839,2716000061.0351562
2011-06-08 07:29:00,1.46839,1.46853,1.46811,1.46818,3681400146.484375
2011-06-08 07:30:00,1.46821,1.46827,1.46809,1.46811,1886000061.0351562
2011-06-08 07:31:00,1.46809,1.46833,1.46789,1.46819,2156699981.689453
2011-06-08 07:32:00,1.46819,1.46819,1.46791,1.46807,2899500122.0703125
2011-06-08 07:33:00,1.46807,1.46815,1.46786,1.46793,1804100036.6210938
2011-06-08 07:34:00,1.4679,1.46791,1.46702,1.46702,3389400024.4140625
2011-06-08 07:35:00,1.46701,1.46736,1.46687,1.46729,2840100097.65625
2011-06-08 07:36:00,1.46729,1.46739,1.46711,1.46739,2228200073.2421875
2011-06-08 07:37:00,1.46739,1.46741,1.4668,1.46709,3350400085.4492188
2011-06-08 07:38:00,1.46709,1.46711,1.46671,1.46689,2883999938.9648438
2011-06-08 07:39:00,1.46689,1.46711,1.46663,1.46711,2963699951.171875
2011-06-08 07:40:00,1.46712,1.46744,1.4671,1.46727,2841000061.0351562
2011-06-08 07:41:00,1.46733,1.46736,1.4671,1.46722,1745200042.7246094
2011-06-08 07:42:00,1.46722,1.46741,1.46709,1.46734,2081300048.828125
2011-06-08 07:43:00,1.46734,1.46761,1.46731,1.46759,1612200012.2070312
2011-06-08 07:44:00,1.4676,1.46783,1.46754,1.46756,2257799987.7929688
2011-06-08 07:45:00,1.46755,1.46756,1.4671,1.46711,2501499938.9648438
2011-06-08 07:46:00,1.4671,1.46735,1.4671,1.46735,1319299926.7578125
2011-06-08 07:47:00,1.46735,1.46749,1.46721,1.46723,1885899963.3789062
2011-06-08 07:48:00,1.46723,1.46781,1.4672,1.46781,1904100036.6210938
2011-06-08 07:49:00,1.46782,1.46834,1.46781,1.46798,2186699981.689453
2011-06-08 07:50:00,1.46796,1.46796,1.46734,1.46746,2234400024.4140625
2011-06-08 07:51:00,1.46746,1.4675,1.4671,1.46732,2253099975.5859375
2011-06-08 07:52:00,1.46738,1.46742,1.46715,1.46735,2346699981.689453
2011-06-08 07:53:00,1.46732,1.46732,1.46693,1.46701,2548500061.0351562
2011-06-08 07:54:00,1.467,1.46709,1.4667,1.46709,2529100036.6210938
2011-06-08 07:55:00,1.46707,1.46709,1.46669,1.46681,1885200042.7246094
2011-06-08 07:56:00,1.46685,1.46702,1.46677,1.46693,2386999969.482422
2011-06-08 07:57:00,1.46695,1.4672,1.46691,1.46704,3015700073.2421875
2011-06-08 07:58:00,1.46703,1.46713,1.46696,1.46702,2734700012.2070312
2011-06-08 07:59:00,1.46701,1.46701,1.46629,1.4664,2968699951.171875
2011-06-08 08:00:00,1.46642,1.46668,1.46635,1.46662,3261700134.2773438
2011-06-08 08:01:00,1.4666,1.46671,1.46635,1.46643,2602300109.8632812
2011-06-08 08:02:00,1.46643,1.46663,1.4664,1.46647,2744400024.4140625
2011-06-08 08:03:00,1.46647,1.46647,1.46605,1.46637,2283999938.9648438
2011-06-08 08:04:00,1.46641,1.46647,1.46613,1.46613,3082000122.0703125
2011-06-08 08:05:00,1.46614,1.46662,1.46614,1.46661,2865899963.3789062
2011-06-08 08:06:00,1.46661,1.46681,1.46661,1.46667,2549100036.6210938
2011-06-08 08:07:00,1.46667,1.46671,1.46655,1.46665,1514900054.9316406
2011-06-08 08:08:00,1.46669,1.4667,1.46651,1.46658,2611099853.515625
2011-06-08 08:09:00,1.46656,1.46705,1.46652,1.46705,2300200042.7246094
2011-06-08 08:10:00,1.46706,1.46716,1.46686,1.46694,2458099975.5859375
2011-06-08 08:11:00,1.46692,1.46715,1.46675,1.46684,2224100036.6210938
2011-06-08 08:12:00,1.4668,1.46685,1.46651,1.46674,2056499938.9648438
2011-06-08 08:13:00,1.46673,1.46681,1.46641,1.46655,2108899993.8964844
2011-06-08 08:14:00,1.46655,1.46695,1.46652,1.46693,1677899932.8613281
2011-06-08 08:15:00,1.46687,1.46697,1.46616,1.46619,2707000122.0703125
2011-06-08 08:16:00,1.46617,1.46646,1.46617,1.46621,1709100036.6210938
2011-06-08 08:17:00,1.46621,1.46635,1.46618,1.46627,2325599975.5859375
2011-06-08 08:18:00,1.46629,1.46631,1.46579,1.46585,3184700012.2070312
2011-06-08 08:19:00,1.46586,1.4664,1.46586,1.46626,2854400024.4140625
2011-06-08 08:20:00,1.46626,1.46626,1.4653,1.46541,3119700012.2070312
2011-06-08 08:21:00,1.46538,1.46549,1.46475,1.46484,3492999877.9296875
2011-06-08 08:22:00,1.46488,1.46503,1.46455,1.46501,4048200073.2421875
2011-06-08 08:23:00,1.46503,1.46513,1.46482,1.46491,3166199951.171875
2011-06-08 08:24:00,1.46491,1.46516,1.46485,1.46515,3070799865.7226562
2011-06-08 08:25:00,1.46514,1.46524,1.465,1.46515,2566000061.0351562
2011-06-08 08:26:00,1.46515,1.46538,1.46504,1.46506,2653200073.2421875
2011-06-08 08:27:00,1.46506,1.46525,1.465,1.46525,2311600036.6210938
2011-06-08 08:28:00,1.46532,1.46546,1.46521,1.46528,1904600067.1386719
2011-06-08 08:29:00,1.46528,1.46558,1.46524,1.46557,1942599945.0683594
2011-06-08 08:30:00,1.46555,1.46556,1.46516,1.46516,1701600036.6210938
2011-06-08 08:31:00,1.46517,1.46525,1.4649,1.46496,2811499938.9648438
2011-06-08 08:32:00,1.46495,1.46502,1.46466,1.465,2321399993.8964844
2011-06-08 08:33:00,1.46501,1.46501,1.46465,1.46471,2285399932.861328
2011-06-08 08:34:00,1.46472,1.4648,1.46466,1.46471,1347700042.7246094
2011-06-08 08:35:00,1.46471,1.46482,1.46454,1.46456,1811300048.828125
2011-06-08 08:36:00,1.46456,1.4648,1.4645,1.46473,2544700012.2070312
2011-06-08 08:37:00,1.46476,1.46503,1.46474,1.46498,1569499969.4824219
2011-06-08 08:38:00,1.46497,1.46497,1.46465,1.46481,2221000061.0351562
2011-06-08 08:39:00,1.46481,1.46481,1.46463,1.46471,2026900024.4140625
2011-06-08 08:40:00,1.46471,1.46475,1.46417,1.46456,2719299926.7578125
2011-06-08 08:41:00,1.46457,1.46461,1.46423,1.46446,2351000061.0351562
2011-06-08 08:42:00,1.46445,1.46458,1.46429,1.46457,2601700134.2773438
2011-06-08 08:43:00,1.46457,1.46459,1.46431,1.46448,2282500000.0
2011-06-08 08:44:00,1.46448,1.46456,1.46434,1.46451,2679800109.8632812
2011-06-08 08:45:00,1.46451,1.46479,1.46447,1.46479,1938800048.828125
2011-06-08 08:46:00,1.46477,1.46479,1.46459,1.46478,2125000000.0
2011-06-08 08:47:00,1.46479,1.46494,1.46467,1.46485,1998300018.3105469
2011-06-08 08:48:00,1.46485,1.46524,1.46482,1.46523,2042799987.7929688
2011-06-08 08:49:00,1.46523,1.46529,1.46505,1.46521,2166699981.689453
2011-06-08 08:50:00,1.46521,1.4654,1.46512,1.46537,1746399993.8964844
2011-06-08 08:51:00,1.46537,1.46539,1.46525,1.46538,1544799957.2753906
2011-06-08 08:52:00,1.46538,1.46538,1.46503,1.4651,1767400054.9316406
2011-06-08 08:53:00,1.46509,1.46534,1.46505,1.46521,1801499938.9648438
2011-06-08 08:54:00,1.46521,1.46538,1.46521,1.46528,2240099945.0683594
2011-06-08 08:55:00,1.46527,1.46548,1.46516,1.46548,2162200012.2070312
2011-06-08 08:56:00,1.46548,1.46557,1.46541,1.46555,1309199981.6894531
2011-06-08 08:57:00,1.46554,1.46595,1.46554,1.46584,2290000000.0
2011-06-08 08:58:00,1.46583,1.46583,1.46553,1.46559,1272200012.2070312
2011-06-08 08:59:00,1.46559,1.46577,1.46559,1.46571,1290700073.2421875
2011-06-08 09:00:00,1.46568,1.46602,1.46564,1.466,1626199951.171875
2011-06-08 09:01:00,1.46601,1.46632,1.46598,1.46603,2615899963.3789062
2011-06-08 09:02:00,1.4661,1.46625,1.46603,1.46614,1574600067.1386719
2011-06-08 09:03:00,1.46615,1.46622,1.46614,1.4662,1418399963.3789062
2011-06-08 09:04:00,1.46621,1.46641,1.46621,1.46621,1547700042.7246094
2011-06-08 09:05:00,1.46621,1.46628,1.46608,1.46616,2581199951.171875
2011-06-08 09:06:00,1.46616,1.46625,1.46587,1.46597,2130299987.7929688
2011-06-08 09:07:00,1.46596,1.46598,1.46561,1.46567,1582299957.2753906
2011-06-08 09:08:00,1.46568,1.46577,1.46546,1.46553,1615700073.2421875
2011-06-08 09:09:00,1.46553,1.46567,1.46545,1.46557,1781900024.4140625
2011-06-08 09:10:00,1.46557,1.46578,1.46546,1.46572,1603000030.5175781
2011-06-08 09:11:00,1.46574,1.46587,1.46571,1.46573,1526900024.4140625
2011-06-08 09:12:00,1.46573,1.46599,1.46565,1.46592,1726499938.9648438
2011-06-08 09:13:00,1.46592,1.46611,1.46587,1.46587,1012099990.8447266
2011-06-08 09:14:00,1.46586,1.46632,1.46576,1.46619,1941300048.828125
2011-06-08 09:15:00,1.46622,1.46628,1.46592,1.46599,1659799957.2753906
2011-06-08 09:16:00,1.46599,1.46601,1.46581,1.46585,1377299957.2753906
2011-06-08 09:17:00,1.46584,1.46596,1.46575,1.46586,1372799987.7929688
2011-06-08 09:18:00,1.46585,1.46601,1.46571,1.46576,1930599975.5859375
2011-06-08 09:19:00,1.46576,1.46577,1.46561,1.46561,1458899993.8964844
2011-06-08 09:20:00,1.46563,1.4657,1.46541,1.46569,1215899963.3789062
2011-06-08 09:21:00,1.46569,1.46569,1.46555,1.46561,1508999938.9648438
2011-06-08 09:22:00,1.4656,1.46566,1.46557,1.46559,995400009.1552734
2011-06-08 09:23:00,1.46561,1.46586,1.46551,1.46552,1675200042.7246094
2011-06-08 09:24:00,1.46551,1.46551,1.46503,1.46505,2289900054.9316406
2011-06-08 09:25:00,1.46503,1.46507,1.46469,1.46487,2019900054.9316406
2011-06-08 09:26:00,1.46487,1.46489,1.46457,1.46485,1604799957.2753906
2011-06-08 09:27:00,1.46483,1.4652,1.46479,1.46519,2105299987.7929688
2011-06-08 09:28:00,1.4652,1.46529,1.46515,1.46517,1525899963.3789062
2011-06-08 09:29:00,1.46519,1.46539,1.46516,1.46517,1994700012.2070312
2011-06-08 09:30:00,1.46514,1.46533,1.46514,1.46529,1308300018.3105469
2011-06-08 09:31:00,1.46529,1.46542,1.46516,1.46536,2521999969.482422
2011-06-08 09:32:00,1.46536,1.46543,1.46525,1.46525,1698699951.171875
2011-06-08 09:33:00,1.46525,1.46529,1.46503,1.46525,1832200012.2070312
2011-06-08 09:34:00,1.46526,1.46541,1.46518,1.46537,1401100006.1035156
2011-06-08 09:35:00,1.46537,1.46605,1.46531,1.46571,2078099975.5859375
2011-06-08 09:36:00,1.46569,1.46579,1.46537,1.46572,2669700012.2070312
2011-06-08 09:37:00,1.46573,1.46602,1.46571,1.46593,1549299926.7578125
2011-06-08 09:38:00,1.46595,1.46599,1.46559,1.46577,2735299987.7929688
2011-06-08 09:39:00,1.46577,1.46589,1.46564,1.46577,1535299987.7929688
2011-06-08 09:40:00,1.46578,1.46608,1.46578,1.4658,2130899963.3789062
2011-06-08 09:41:00,1.4658,1.46608,1.4658,1.46597,2959500122.0703125
2011-06-08 09:42:00,1.46596,1.46638,1.46596,1.4663,2236900024.4140625
2011-06-08 09:43:00,1.4663,1.46701,1.46622,1.46696,3031499938.9648438
2011-06-08 09:44:00,1.46697,1.46721,1.4667,1.46705,2519700012.2070312
2011-06-08 09:45:00,1.46703,1.46738,1.46689,1.46718,2973200073.2421875
2011-06-08 09:46:00,1.46718,1.46769,1.46718,1.4673,2990199890.1367188
2011-06-08 09:47:00,1.4673,1.46733,1.46706,1.46709,2930100097.65625
2011-06-08 09:48:00,1.4671,1.46719,1.46691,1.46703,1821199951.171875
2011-06-08 09:49:00,1.46703,1.46719,1.46671,1.46685,2489900054.9316406
2011-06-08 09:50:00,1.46685,1.46736,1.46685,1.46724,2110700073.2421875
2011-06-08 09:51:00,1.46724,1.46725,1.46685,1.46706,2001699981.6894531
2011-06-08 09:52:00,1.46705,1.46729,1.46703,1.46712,1557799987.7929688
2011-06-08 09:53:00,1.46713,1.46713,1.46685,1.46701,1613000030.5175781
2011-06-08 09:54:00,1.467,1.46718,1.46697,1.46709,1468800048.828125
2011-06-08 09:55:00,1.46709,1.46711,1.46697,1.46708,1918099975.5859375
2011-06-08 09:56:00,1.46708,1.46711,1.46696,1.46699,1425200042.7246094
2011-06-08 09:57:00,1.46697,1.46705,1.46671,1.46685,1677700042.7246094
2011-06-08 09:58:00,1.46685,1.46689,1.46659,1.46669,1885599975.5859375
2011-06-08 09:59:00,1.46669,1.46682,1.46652,1.46663,1601900024.4140625
2011-06-08 10:00:00,1.46661,1.46661,1.46597,1.46627,3383399963.3789062
2011-06-08 10:01:00,1.46626,1.46645,1.46618,1.46625,2229700012.2070312
2011-06-08 10:02:00,1.46625,1.46655,1.46617,1.46642,1891000061.0351562
2011-06-08 10:03:00,1.46643,1.46657,1.46632,1.46635,1286699981.6894531
2011-06-08 10:04:00,1.46636,1.46655,1.46636,1.46638,1260500030.5175781
2011-06-08 10:05:00,1.46638,1.46649,1.46631,1.46638,1704100036.6210938
2011-06-08 10:06:00,1.46641,1.46677,1.46639,1.46667,1965800018.3105469
2011-06-08 10:07:00,1.46665,1.46665,1.46632,1.46633,1632599945.0683594
2011-06-08 10:08:00,1.46632,1.46639,1.46613,1.4663,1831999969.4824219
2011-06-08 10:09:00,1.46631,1.46643,1.46623,1.46635,1245500030.5175781
2011-06-08 10:10:00,1.46634,1.46637,1.46612,1.46615,1018399963.3789062
2011-06-08 10:11:00,1.46616,1.46617,1.46596,1.46597,1982200012.2070312
2011-06-08 10:12:00,1.46597,1.46597,1.46559,1.46559,1970700073.2421875
2011-06-08 10:13:00,1.46558,1.4656,1.46537,1.46537,1411100006.1035156
2011-06-08 10:14:00,1.46538,1.46554,1.46528,1.46554,1791199951.171875
2011-06-08 10:15:00,1.46558,1.46571,1.46536,1.46551,2062400054.9316406
2011-06-08 10:16:00,1.46551,1.46559,1.4653,1.4653,1887200012.2070312
2011-06-08 10:17:00,1.46527,1.46536,1.4651,1.46511,2095800018.3105469
2011-06-08 10:18:00,1.4651,1.46522,1.46506,1.46517,1774299926.7578125
2011-06-08 10:19:00,1.46516,1.46516,1.46487,1.46491,1816799926.7578125
2011-06-08 10:20:00,1.46491,1.46525,1.46491,1.46513,1898999938.9648438
2011-06-08 10:21:00,1.46511,1.46545,1.46494,1.46541,2309600067.138672
2011-06-08 10:22:00,1.46546,1.46561,1.46537,1.46546,2051699981.6894531
2011-06-08 10:23:00,1.46546,1.46547,1.46502,1.46502,1539900054.9316406
2011-06-08 10:24:00,1.46505,1.46518,1.46486,1.46486,2533999938.9648438
2011-06-08 10:25:00,1.46487,1.46489,1.46439,1.46449,1888000030.5175781
2011-06-08 10:26:00,1.46449,1.46488,1.46439,1.46448,2434299926.7578125
2011-06-08 10:27:00,1.46449,1.46469,1.46443,1.46447,1988800048.828125
2011-06-08 10:28:00,1.46447,1.46478,1.46443,1.46468,2100700073.2421875
2011-06-08 10:29:00,1.46469,1.46497,1.46431,1.46435,1992700042.7246094
2011-06-08 10:30:00,1.46435,1.46438,1.464,1.46404,3170400085.4492188
2011-06-08 10:31:00,1.46405,1.46412,1.4636,1.46397,2896700134.2773438
2011-06-08 10:32:00,1.46397,1.46399,1.46334,1.46353,3378500061.0351562
2011-06-08 10:33:00,1.46354,1.46375,1.46342,1.46345,3090799865.7226562
2011-06-08 10:34:00,1.46345,1.46349,1.4627,1.46276,4843999938.964844
2011-06-08 10:35:00,1.46277,1.46292,1.46235,1.46291,3962399902.34375
2011-06-08 10:36:00,1.46291,1.46295,1.46264,1.4627,2739899902.34375
2011-06-08 10:37:00,1.46265,1.46268,1.46238,1.46267,2561700134.2773438
2011-06-08 10:38:00,1.46268,1.46296,1.46263,1.46294,3320299987.7929688
2011-06-08 10:39:00,1.46294,1.46299,1.46281,1.46297,2405200042.7246094
2011-06-08 10:40:00,1.46297,1.46318,1.46274,1.46279,2405599975.5859375
2011-06-08 10:41:00,1.46278,1.46289,1.46255,1.46255,2697500000.0
2011-06-08 10:42:00,1.46254,1.4627,1.46232,1.46268,2681600036.6210938
2011-06-08 10:43:00,1.46268,1.4627,1.46239,1.46239,2011000061.0351562
2011-06-08 10:44:00,1.46239,1.46239,1.4619,1.462,2167700042.7246094
2011-06-08 10:45:00,1.46199,1.462,1.4615,1.46167,3528099975.5859375
2011-06-08 10:46:00,1.46168,1.46179,1.46161,1.46171,2368399963.3789062
2011-06-08 10:47:00,1.46172,1.46227,1.46172,1.46221,3438599853.515625
2011-06-08 10:48:00,1.46221,1.46239,1.46202,1.46233,2245700073.2421875
2011-06-08 10:49:00,1.46235,1.46241,1.46203,1.46209,2450599975.5859375
2011-06-08 10:50:00,1.46209,1.4624,1.46209,1.46221,1963800048.828125
2011-06-08 10:51:00,1.46222,1.46231,1.46154,1.46175,2262799987.7929688
2011-06-08 10:52:00,1.46177,1.46198,1.46167,1.46172,2565400085.4492188
2011-06-08 10:53:00,1.46171,1.46211,1.46171,1.46189,2115000000.0
2011-06-08 10:54:00,1.46189,1.4622,1.46187,1.46214,1906999969.4824219
2011-06-08 10:55:00,1.46213,1.4623,1.46202,1.46227,1885000000.0
2011-06-08 10:56:00,1.46229,1.46262,1.46229,1.4624,1718200073.2421875
2011-06-08 10:57:00,1.46241,1.4625,1.46236,1.46243,1755200042.7246094
2011-06-08 10:58:00,1.46243,1.46247,1.46232,1.46245,1555500030.5175781
2011-06-08 10:59:00,1.46246,1.4625,1.46231,1.46234,1450800018.3105469
2011-06-08 11:00:00,1.46234,1.4624,1.46201,1.4624,1536900024.4140625
2011-06-08 11:01:00,1.46237,1.46242,1.4621,1.4624,2089900054.9316406
2011-06-08 11:02:00,1.46241,1.4625,1.46235,1.46242,1731300048.828125
2011-06-08 11:03:00,1.46239,1.46249,1.46224,1.4624,1903800048.828125
2011-06-08 11:04:00,1.46242,1.46246,1.46225,1.46229,1650099945.0683594
2011-06-08 11:05:00,1.4623,1.46262,1.46229,1.46261,1497899932.8613281
2011-06-08 11:06:00,1.46261,1.46274,1.46252,1.4626,1788999938.9648438
2011-06-08 11:07:00,1.46259,1.4626,1.46241,1.46256,1662899932.8613281
2011-06-08 11:08:00,1.46254,1.46256,1.46238,1.46255,1144300003.0517578
2011-06-08 11:09:00,1.46253,1.46271,1.46252,1.46267,1090500030.5175781
2011-06-08 11:10:00,1.46265,1.4629,1.46262,1.46282,1924600067.1386719
2011-06-08 11:11:00,1.46284,1.46301,1.46282,1.46287,3112799987.7929688
2011-06-08 11:12:00,1.46287,1.46292,1.46275,1.46289,1767100067.1386719
2011-06-08 11:13:00,1.46291,1.46291,1.4627,1.46281,2031199951.171875
2011-06-08 11:14:00,1.46282,1.46298,1.46272,1.46292,1588000030.5175781
2011-06-08 11:15:00,1.46292,1.46292,1.46263,1.46287,1480099945.0683594
2011-06-08 11:16:00,1.46288,1.463,1.46278,1.46279,1571799926.7578125
2011-06-08 11:17:00,1.4628,1.46289,1.46277,1.46281,1279100036.6210938
2011-06-08 11:18:00,1.46282,1.46283,1.46257,1.46259,1335299987.7929688
2011-06-08 11:19:00,1.46259,1.46268,1.46247,1.46259,1451699981.6894531
2011-06-08 11:20:00,1.46261,1.46279,1.46261,1.46279,1981699981.6894531
2011-06-08 11:21:00,1.46278,1.46278,1.46261,1.46271,1826100006.1035156
2011-06-08 11:22:00,1.46271,1.46279,1.46261,1.46263,1508999938.9648438
2011-06-08 11:23:00,1.46265,1.4628,1.46262,1.46269,1226699981.6894531
2011-06-08 11:24:00,1.4627,1.46299,1.4627,1.46298,1788999938.9648438
2011-06-08 11:25:00,1.46297,1.46298,1.46268,1.46268,1469799957.2753906
2011-06-08 11:26:00,1.46268,1.46271,1.46222,1.46258,1919400024.4140625
2011-06-08 11:27:00,1.46259,1.46262,1.46249,1.46258,1454299926.7578125
2011-06-08 11:28:00,1.46256,1.46259,1.46236,1.46239,1976999969.4824219
2011-06-08 11:29:00,1.46238,1.46269,1.46231,1.46267,1830200042.7246094
2011-06-08 11:30:00,1.46267,1.46299,1.46267,1.46292,1963399963.3789062
2011-06-08 11:31:00,1.46292,1.46312,1.46272,1.46312,1768600006.1035156
2011-06-08 11:32:00,1.46315,1.46338,1.46305,1.46338,2761099853.515625
2011-06-08 11:33:00,1.46337,1.46361,1.46333,1.4634,2125099945.0683594
2011-06-08 11:34:00,1.4634,1.46359,1.46314,1.46328,1780099945.0683594
2011-06-08 11:35:00,1.46328,1.46334,1.46318,1.46318,1537299957.2753906
2011-06-08 11:36:00,1.46318,1.46331,1.46295,1.463,1520000000.0
2011-06-08 11:37:00,1.463,1.46321,1.46275,1.46321,1546399993.8964844
2011-06-08 11:38:00,1.46321,1.46321,1.46283,1.46283,1674299926.7578125
2011-06-08 11:39:00,1.46283,1.46307,1.46283,1.46307,1627100067.1386719
2011-06-08 11:40:00,1.46306,1.46333,1.46304,1.46307,1978600006.1035156
2011-06-08 11:41:00,1.46307,1.46321,1.46287,1.46312,1795500030.5175781
2011-06-08 11:42:00,1.46311,1.46319,1.46279,1.46287,1393000030.5175781
2011-06-08 11:43:00,1.46288,1.46292,1.46262,1.46262,1660500030.5175781
2011-06-08 11:44:00,1.46264,1.4627,1.46251,1.46263,1773200073.2421875
2011-06-08 11:45:00,1.46264,1.46264,1.46213,1.46224,1509199981.6894531
2011-06-08 11:46:00,1.46221,1.46221,1.46193,1.46211,2124199981.6894531
2011-06-08 11:47:00,1.46211,1.46218,1.462,1.462,1218799972.5341797
2011-06-08 11:48:00,1.462,1.4623,1.46189,1.4623,1437599945.0683594
2011-06-08 11:49:00,1.4623,1.46235,1.46218,1.46227,1189000015.258789
2011-06-08 11:50:00,1.46227,1.46231,1.4621,1.4621,1237600021.3623047
2011-06-08 11:51:00,1.4621,1.46231,1.46204,1.46225,2034799957.2753906
2011-06-08 11:52:00,1.46225,1.46265,1.46221,1.46257,2158899993.8964844
2011-06-08 11:53:00,1.46257,1.46287,1.46257,1.46273,1624299926.7578125
2011-06-08 11:54:00,1.46275,1.46288,1.46257,1.46257,1992700042.7246094
2011-06-08 11:55:00,1.46256,1.46263,1.46253,1.46261,795000000.0
2011-06-08 11:56:00,1.46261,1.46291,1.46254,1.46287,1743399963.3789062
2011-06-08 11:57:00,1.46287,1.46289,1.46267,1.46277,1032099990.8447266
2011-06-08 11:58:00,1.46274,1.46279,1.46269,1.46271,852799987.7929688
2011-06-08 11:59:00,1.46271,1.46277,1.46261,1.46263,1719900054.9316406
2011-06-08 12:00:00,1.46263,1.4628,1.46261,1.46272,1618600006.1035156
2011-06-08 12:01:00,1.46272,1.46279,1.46242,1.46246,1616100006.1035156
2011-06-08 12:02:00,1.46247,1.46247,1.46222,1.46225,1578600006.1035156
2011-06-08 12:03:00,1.46225,1.46233,1.46205,1.46205,859599990.8447266
2011-06-08 12:04:00,1.46205,1.46221,1.46183,1.46208,1780099945.0683594
2011-06-08 12:05:00,1.46208,1.46214,1.46188,1.46197,1374100036.6210938
2011-06-08 12:06:00,1.46199,1.46229,1.46199,1.46201,1566799926.7578125
2011-06-08 12:07:00,1.46201,1.46201,1.4616,1.46179,1761300048.828125
2011-06-08 12:08:00,1.4618,1.46198,1.4618,1.46198,1538399963.3789062
2011-06-08 12:09:00,1.46199,1.46211,1.46161,1.46173,1562700042.7246094
2011-06-08 12:10:00,1.46172,1.46192,1.46164,1.46192,1335299987.7929688
2011-06-08 12:11:00,1.46192,1.46192,1.4614,1.46149,2095899963.3789062
2011-06-08 12:12:00,1.46148,1.46149,1.46089,1.46091,2570499877.9296875
2011-06-08 12:13:00,1.46091,1.46092,1.46067,1.46085,2275500030.517578
2011-06-08 12:14:00,1.46079,1.46079,1.4605,1.4607,2078800048.828125
2011-06-08 12:15:00,1.4607,1.4608,1.46065,1.46075,2515200042.7246094
2011-06-08 12:16:00,1.46074,1.46082,1.46045,1.46061,2633399963.3789062
2011-06-08 12:17:00,1.46065,1.4608,1.46045,1.46079,2546699981.689453
2011-06-08 12:18:00,1.46079,1.46115,1.46079,1.46109,1901499938.9648438
2011-06-08 12:19:00,1.46109,1.46135,1.46109,1.46131,2141999969.4824219
2011-06-08 12:20:00,1.46131,1.46135,1.46109,1.46124,2008200073.2421875
2011-06-08 12:21:00,1.46124,1.46162,1.46123,1.46159,2513399963.3789062
2011-06-08 12:22:00,1.46159,1.46161,1.46137,1.46145,2091300048.828125
2011-06-08 12:23:00,1.46145,1.46171,1.46139,1.46166,1717700042.7246094
2011-06-08 12:24:00,1.46167,1.46192,1.46161,1.46187,2070899963.3789062
2011-06-08 12:25:00,1.46185,1.4619,1.46175,1.46189,2194199981.689453
2011-06-08 12:26:00,1.46188,1.46191,1.46149,1.46165,2302899932.861328
2011-06-08 12:27:00,1.46164,1.46169,1.46126,1.4613,2140700073.2421875
2011-06-08 12:28:00,1.46131,1.46131,1.46088,1.46088,2350399932.861328
2011-06-08 12:29:00,1.46087,1.46087,1.4604,1.46059,2613500061.0351562
2011-06-08 12:30:00,1.46058,1.46059,1.46004,1.46021,3702000122.0703125
2011-06-08 12:31:00,1.46021,1.46042,1.46019,1.4602,1596999969.4824219
2011-06-08 12:32:00,1.4602,1.46062,1.4602,1.46048,2107500000.0
2011-06-08 12:33:00,1.46053,1.46055,1.46019,1.46044,2188399963.3789062
2011-06-08 12:34:00,1.46041,1.46047,1.46,1.46,2561900024.4140625
2011-06-08 12:35:00,1.45995,1.46038,1.45995,1.46038,2996600036.6210938
2011-06-08 12:36:00,1.4604,1.46063,1.46038,1.46049,2040099945.0683594
2011-06-08 12:37:00,1.46049,1.46071,1.46049,1.46068,1455599975.5859375
2011-06-08 12:38:00,1.46071,1.46091,1.46054,1.46074,1803899993.8964844
2011-06-08 12:39:00,1.46075,1.46099,1.46062,1.46092,1732500000.0
2011-06-08 12:40:00,1.46092,1.46137,1.4609,1.4613,2708699951.171875
2011-06-08 12:41:00,1.46131,1.46135,1.46093,1.46107,2644200134.2773438
2011-06-08 12:42:00,1.46105,1.46123,1.46086,1.46096,1971199951.171875
2011-06-08 12:43:00,1.46096,1.46096,1.46065,1.46079,1273000030.5175781
2011-06-08 12:44:00,1.46079,1.46099,1.46058,1.46076,1925399932.8613281
2011-06-08 12:45:00,1.46073,1.46111,1.46067,1.4611,1673300018.3105469
2011-06-08 12:46:00,1.46109,1.46125,1.46102,1.46103,1998200073.2421875
2011-06-08 12:47:00,1.46104,1.46119,1.46089,1.46101,2255200042.7246094
2011-06-08 12:48:00,1.46101,1.4612,1.46089,1.46116,1813200073.2421875
2011-06-08 12:49:00,1.46113,1.46159,1.46112,1.46159,2305399932.861328
2011-06-08 12:50:00,1.46159,1.46166,1.46118,1.4614,1792400054.9316406
2011-06-08 12:51:00,1.4614,1.4614,1.46091,1.46094,2033399963.3789062
2011-06-08 12:52:00,1.46094,1.46098,1.46066,1.4608,1631000061.0351562
2011-06-08 12:53:00,1.46083,1.46108,1.46071,1.46073,2247299957.2753906
2011-06-08 12:54:00,1.46071,1.46125,1.46069,1.4612,1650200042.7246094
2011-06-08 12:55:00,1.46121,1.46129,1.46096,1.46101,1908699951.171875
2011-06-08 12:56:00,1.46101,1.46108,1.4609,1.46105,1726300048.828125
2011-06-08 12:57:00,1.46105,1.46139,1.46105,1.46133,1751499938.9648438
2011-06-08 12:58:00,1.46137,1.4615,1.46135,1.46137,1477700042.7246094
2011-06-08 12:59:00,1.46137,1.46151,1.46117,1.46125,2250099945.0683594
2011-06-08 13:00:00,1.46125,1.46125,1.46101,1.46121,2014600067.1386719
2011-06-08 13:01:00,1.46121,1.46134,1.46118,1.46133,1020899963.3789062
2011-06-08 13:02:00,1.46133,1.46149,1.46133,1.46135,937699966.4306641
2011-06-08 13:03:00,1.46134,1.46135,1.46099,1.46104,1746100006.1035156
2011-06-08 13:04:00,1.46108,1.4612,1.46103,1.46117,1740200042.7246094
2011-06-08 13:05:00,1.46117,1.46144,1.46117,1.46135,2424400024.4140625
2011-06-08 13:06:00,1.46135,1.46158,1.46119,1.46153,1461399993.8964844
2011-06-08 13:07:00,1.46154,1.46154,1.46118,1.46121,1335099945.0683594
2011-06-08 13:08:00,1.46121,1.46144,1.46121,1.4613,1449299926.7578125
2011-06-08 13:09:00,1.4613,1.46152,1.46127,1.46141,1355599975.5859375
2011-06-08 13:10:00,1.46141,1.46141,1.46127,1.46137,1463699951.171875
2011-06-08 13:11:00,1.46137,1.46149,1.46137,1.46144,1711199951.171875
2011-06-08 13:12:00,1.46144,1.46145,1.46101,1.46108,1896199951.171875
2011-06-08 13:13:00,1.46108,1.46109,1.4608,1.46081,1819400024.4140625
2011-06-08 13:14:00,1.46082,1.46131,1.46082,1.46128,1935700073.2421875
2011-06-08 13:15:00,1.46135,1.46176,1.46135,1.4617,2303999938.9648438
2011-06-08 13:16:00,1.4617,1.46232,1.4617,1.46201,2992500000.0
2011-06-08 13:17:00,1.46201,1.4623,1.46197,1.4622,1842200012.2070312
2011-06-08 13:18:00,1.4622,1.46259,1.46216,1.46229,2550000000.0
2011-06-08 13:19:00,1.46229,1.46249,1.46207,1.46249,2957399902.34375
2011-06-08 13:20:00,1.46248,1.46272,1.46234,1.46258,3443099975.5859375
2011-06-08 13:21:00,1.46258,1.46267,1.46237,1.46244,1750700073.2421875
2011-06-08 13:22:00,1.46242,1.46299,1.4624,1.46293,3099899902.34375
2011-06-08 13:23:00,1.46292,1.46307,1.46283,1.46307,2406399993.8964844
2011-06-08 13:24:00,1.46306,1.46306,1.46257,1.4626,2241999969.482422
2011-06-08 13:25:00,1.4626,1.46286,1.46255,1.46282,2301300048.828125
2011-06-08 13:26:00,1.46282,1.46289,1.46245,1.46249,2099400024.4140625
2011-06-08 13:27:00,1.46248,1.46271,1.46248,1.46257,2502899932.861328
2011-06-08 13:28:00,1.46257,1.46269,1.46251,1.46268,1790099945.0683594
2011-06-08 13:29:00,1.46267,1.46272,1.46259,1.46261,1583699951.171875
2011-06-08 13:30:00,1.46263,1.46283,1.4626,1.46281,2311499938.9648438
2011-06-08 13:31:00,1.46281,1.46332,1.46281,1.46332,2321300048.828125
2011-06-08 13:32:00,1.46332,1.46383,1.46332,1.46341,3320599975.5859375
2011-06-08 13:33:00,1.46338,1.46351,1.4633,1.46341,2847399902.34375
2011-06-08 13:34:00,1.46341,1.46373,1.46335,1.46335,2092700042.7246094
2011-06-08 13:35:00,1.46336,1.46348,1.4632,1.46322,2730799865.7226562
2011-06-08 13:36:00,1.46323,1.46359,1.46323,1.46357,2592799987.7929688
2011-06-08 13:37:00,1.46358,1.46389,1.46353,1.46373,3063099975.5859375
2011-06-08 13:38:00,1.46373,1.46373,1.46335,1.46347,2441199951.171875
2011-06-08 13:39:00,1.46351,1.4636,1.46321,1.46336,3036199951.171875
2011-06-08 13:40:00,1.46341,1.46358,1.46326,1.46358,2891000061.0351562
2011-06-08 13:41:00,1.46359,1.46373,1.46345,1.46369,2338699951.171875
2011-06-08 13:42:00,1.46369,1.46371,1.46298,1.46308,2901900024.4140625
2011-06-08 13:43:00,1.46308,1.4634,1.46302,1.46331,1729100036.6210938
2011-06-08 13:44:00,1.4633,1.4633,1.46289,1.46296,2942500000.0
2011-06-08 13:45:00,1.46295,1.46305,1.4628,1.46288,2032599945.0683594
2011-06-08 13:46:00,1.46289,1.46289,1.46249,1.46249,1790700073.2421875
2011-06-08 13:47:00,1.46247,1.46278,1.46238,1.46269,2138500061.0351562
2011-06-08 13:48:00,1.46271,1.4629,1.46271,1.4628,1741100006.1035156
2011-06-08 13:49:00,1.46279,1.46304,1.46273,1.46287,1649600067.1386719
2011-06-08 13:50:00,1.46289,1.46291,1.46269,1.46276,2102299957.2753906
2011-06-08 13:51:00,1.46283,1.46319,1.46279,1.46289,2246399993.8964844
2011-06-08 13:52:00,1.46289,1.46292,1.4627,1.46275,1536799926.7578125
2011-06-08 13:53:00,1.46272,1.46353,1.46272,1.46349,2346199951.171875
2011-06-08 13:54:00,1.46349,1.46349,1.46302,1.46302,2031499938.9648438
2011-06-08 13:55:00,1.46301,1.46303,1.4619,1.46216,4017399902.34375
2011-06-08 13:56:00,1.46215,1.46225,1.46186,1.46186,3215400085.4492188
2011-06-08 13:57:00,1.46189,1.46221,1.46162,1.46191,3346799926.7578125
2011-06-08 13:58:00,1.46191,1.46209,1.46152,1.46159,2987500000.0
2011-06-08 13:59:00,1.46159,1.46159,1.46112,1.46116,3675199890.1367188
2011-06-08 14:00:00,1.46115,1.46143,1.46081,1.46104,3547799987.7929688
2011-06-08 14:01:00,1.46108,1.46139,1.46089,1.46139,2906300048.828125
2011-06-08 14:02:00,1.46137,1.46147,1.46099,1.46147,2593399963.3789062
2011-06-08 14:03:00,1.46148,1.46161,1.4609,1.46111,4100599975.5859375
2011-06-08 14:04:00,1.46113,1.46178,1.46113,1.46165,2900199890.1367188
2011-06-08 14:05:00,1.46162,1.46178,1.4615,1.46169,2515399932.861328
2011-06-08 14:06:00,1.46171,1.46202,1.46168,1.46185,2671799926.7578125
2011-06-08 14:07:00,1.46186,1.46215,1.46184,1.46212,2406900024.4140625
2011-06-08 14:08:00,1.46212,1.46293,1.46212,1.46293,2798099975.5859375
2011-06-08 14:09:00,1.46294,1.46309,1.46259,1.46276,2935599975.5859375
2011-06-08 14:10:00,1.46274,1.46279,1.46249,1.46252,2804299926.7578125
2011-06-08 14:11:00,1.46251,1.46309,1.46242,1.4629,2677799987.7929688
2011-06-08 14:12:00,1.4629,1.46308,1.46281,1.46281,2515800018.310547
2011-06-08 14:13:00,1.46282,1.46309,1.46273,1.46309,2289299926.7578125
2011-06-08 14:14:00,1.46308,1.46331,1.46289,1.46289,2570899963.3789062
2011-06-08 14:15:00,1.46287,1.46329,1.46282,1.46329,2234499969.482422
2011-06-08 14:16:00,1.4633,1.4633,1.46288,1.46308,3009500122.0703125
2011-06-08 14:17:00,1.4631,1.46322,1.46293,1.46314,2413099975.5859375
2011-06-08 14:18:00,1.46314,1.4632,1.46299,1.46317,2579400024.4140625
2011-06-08 14:19:00,1.46318,1.46318,1.46285,1.46286,1853000030.5175781
2011-06-08 14:20:00,1.46286,1.46303,1.46277,1.46302,2725599975.5859375
2011-06-08 14:21:00,1.46305,1.46305,1.46272,1.46281,2436100006.1035156
2011-06-08 14:22:00,1.46281,1.46281,1.46248,1.46263,1419199981.6894531
2011-06-08 14:23:00,1.46261,1.46269,1.46249,1.46258,2467299957.2753906
2011-06-08 14:24:00,1.46258,1.46263,1.4625,1.46257,1644600067.1386719
2011-06-08 14:25:00,1.46257,1.46257,1.46214,1.46238,2046600036.6210938
2011-06-08 14:26:00,1.46241,1.46262,1.4621,1.46229,2468500061.0351562
2011-06-08 14:27:00,1.4623,1.46251,1.46216,1.46249,1995299987.7929688
2011-06-08 14:28:00,1.46247,1.4625,1.46234,1.46234,1802599945.0683594
2011-06-08 14:29:00,1.46228,1.46266,1.46228,1.46247,2121499938.9648438
2011-06-08 14:30:00,1.46248,1.46289,1.46248,1.46259,2979899902.34375
2011-06-08 14:31:00,1.46259,1.46285,1.46233,1.4628,1918500061.0351562
2011-06-08 14:32:00,1.46279,1.46302,1.46262,1.46289,2687699890.1367188
2011-06-08 14:33:00,1.46289,1.4629,1.46225,1.46244,2954400024.4140625
2011-06-08 14:34:00,1.46238,1.46241,1.46147,1.46161,2564700012.2070312
2011-06-08 14:35:00,1.46162,1.46208,1.46162,1.46207,2721300048.828125
2011-06-08 14:36:00,1.46209,1.4623,1.46194,1.46206,3657600097.65625
2011-06-08 14:37:00,1.46207,1.46242,1.46194,1.46229,3234599914.5507812
2011-06-08 14:38:00,1.46229,1.46241,1.46221,1.46237,2374799957.2753906
2011-06-08 14:39:00,1.46235,1.46236,1.4617,1.46176,2454199981.689453
2011-06-08 14:40:00,1.4617,1.46174,1.46133,1.46162,3225700073.2421875
2011-06-08 14:41:00,1.46165,1.46179,1.46152,1.46158,2551799926.7578125
2011-06-08 14:42:00,1.46163,1.46168,1.46126,1.4614,3509500122.0703125
2011-06-08 14:43:00,1.46138,1.46141,1.4612,1.46135,2364299926.7578125
2011-06-08 14:44:00,1.46137,1.46148,1.46129,1.46139,2494799957.2753906
2011-06-08 14:45:00,1.46139,1.46181,1.46132,1.46181,2131100006.1035156
2011-06-08 14:46:00,1.46186,1.46208,1.46177,1.46207,2578200073.2421875
2011-06-08 14:47:00,1.46207,1.46207,1.46165,1.46169,2577600097.65625
2011-06-08 14:48:00,1.46167,1.46167,1.46126,1.46137,2473999938.9648438
2011-06-08 14:49:00,1.46138,1.46161,1.46138,1.46155,1648800048.828125
2011-06-08 14:50:00,1.46154,1.46159,1.46109,1.46109,2570599975.5859375
2011-06-08 14:51:00,1.46108,1.46123,1.46094,1.46106,2627000122.0703125
2011-06-08 14:52:00,1.46104,1.46117,1.46095,1.46097,2386699981.689453
2011-06-08 14:53:00,1.46099,1.46132,1.46071,1.46131,2820199890.1367188
2011-06-08 14:54:00,1.46131,1.4615,1.46117,1.46124,2161100006.1035156
2011-06-08 14:55:00,1.46122,1.46148,1.46122,1.46139,2447700042.7246094
2011-06-08 14:56:00,1.46139,1.46158,1.46122,1.46125,2604100036.6210938
2011-06-08 14:57:00,1.46123,1.46123,1.46066,1.46071,1845200042.7246094
2011-06-08 14:58:00,1.4607,1.46109,1.46057,1.46109,2711600036.6210938
2011-06-08 14:59:00,1.46109,1.46119,1.46054,1.46064,2201300048.828125
2011-06-08 15:00:00,1.46064,1.46095,1.46054,1.46093,2664800109.8632812
2011-06-08 15:01:00,1.46094,1.46127,1.46093,1.46127,2819700012.2070312
2011-06-08 15:02:00,1.46127,1.46169,1.46105,1.46155,3073099975.5859375
2011-06-08 15:03:00,1.46155,1.46175,1.46148,1.46168,2151699981.689453
2011-06-08 15:04:00,1.46165,1.46165,1.46132,1.46136,2393500061.0351562
2011-06-08 15:05:00,1.46137,1.46149,1.46091,1.46093,2522200012.2070312
2011-06-08 15:06:00,1.46094,1.46099,1.4609,1.46096,1508800048.828125
2011-06-08 15:07:00,1.46097,1.46122,1.4609,1.46114,1871799926.7578125
2011-06-08 15:08:00,1.46114,1.46124,1.4604,1.4604,2363000030.517578
2011-06-08 15:09:00,1.46039,1.4604,1.4598,1.45991,2307700042.7246094
2011-06-08 15:10:00,1.45995,1.45995,1.4592,1.4592,2529600067.138672
2011-06-08 15:11:00,1.45922,1.45922,1.45877,1.45896,3480000000.0
2011-06-08 15:12:00,1.45896,1.45905,1.45881,1.45895,2724899902.34375
2011-06-08 15:13:00,1.45895,1.45895,1.45803,1.45811,3213099975.5859375
2011-06-08 15:14:00,1.4581,1.45844,1.45808,1.45821,3234599914.5507812
2011-06-08 15:15:00,1.45821,1.45821,1.45759,1.4581,2915100097.65625
2011-06-08 15:16:00,1.45811,1.45826,1.45786,1.45819,2547799987.7929688
2011-06-08 15:17:00,1.4582,1.45837,1.45803,1.45837,2969700012.2070312
2011-06-08 15:18:00,1.45837,1.45844,1.45811,1.45831,2046300048.828125
2011-06-08 15:19:00,1.45831,1.45841,1.45801,1.45829,2255500030.517578
2011-06-08 15:20:00,1.45829,1.45829,1.45756,1.45785,2715899963.3789062
2011-06-08 15:21:00,1.45783,1.45795,1.4577,1.45775,1978300018.3105469
2011-06-08 15:22:00,1.45778,1.4581,1.45778,1.45791,2470599975.5859375
2011-06-08 15:23:00,1.45792,1.45825,1.45781,1.45818,1477500000.0
2011-06-08 15:24:00,1.45822,1.45861,1.45821,1.45861,2001399993.8964844
2011-06-08 15:25:00,1.45861,1.45877,1.45818,1.45818,2115399932.8613281
2011-06-08 15:26:00,1.45819,1.4582,1.45784,1.45784,1949600067.1386719
2011-06-08 15:27:00,1.45782,1.45782,1.45684,1.45752,3141600036.6210938
2011-06-08 15:28:00,1.45753,1.4576,1.45729,1.4573,1961300048.828125
2011-06-08 15:29:00,1.45729,1.45729,1.45697,1.45709,2395099945.0683594
2011-06-08 15:30:00,1.4571,1.4575,1.45706,1.45747,2599200134.2773438
2011-06-08 15:31:00,1.45748,1.45773,1.45748,1.45758,2507700042.7246094
2011-06-08 15:32:00,1.45759,1.45772,1.45747,1.45771,1754600067.1386719
2011-06-08 15:33:00,1.45769,1.45769,1.45719,1.45751,2141100006.1035156
2011-06-08 15:34:00,1.4575,1.45781,1.45736,1.4578,1508399963.3789062
2011-06-08 15:35:00,1.45784,1.45827,1.45784,1.45823,2011900024.4140625
2011-06-08 15:36:00,1.45824,1.45828,1.45809,1.45813,1700200042.7246094
2011-06-08 15:37:00,1.45812,1.45823,1.4581,1.45819,1565099945.0683594
2011-06-08 15:38:00,1.45817,1.45832,1.4581,1.45832,1322299957.2753906
2011-06-08 15:39:00,1.45832,1.45832,1.45763,1.45765,2232799987.7929688
2011-06-08 15:40:00,1.45759,1.4576,1.45716,1.45721,1743000030.5175781
2011-06-08 15:41:00,1.45721,1.4574,1.45707,1.45722,1610399932.8613281
2011-06-08 15:42:00,1.45722,1.45782,1.45722,1.45782,2226300048.828125
2011-06-08 15:43:00,1.4578,1.4578,1.45744,1.45751,2317200012.2070312
2011-06-08 15:44:00,1.4575,1.45768,1.45731,1.45753,2190800018.310547
2011-06-08 15:45:00,1.45753,1.45799,1.45753,1.4576,2185000000.0
2011-06-08 15:46:00,1.45763,1.45811,1.45763,1.45809,2264100036.6210938
2011-06-08 15:47:00,1.45808,1.4581,1.45797,1.45804,2206499938.9648438
2011-06-08 15:48:00,1.45804,1.45815,1.45764,1.45767,1986000061.0351562
2011-06-08 15:49:00,1.45766,1.45767,1.45711,1.45729,2429700012.2070312
2011-06-08 15:50:00,1.4573,1.45735,1.45718,1.45731,1080000000.0
2011-06-08 15:51:00,1.45731,1.45791,1.45731,1.45761,2424199981.689453
2011-06-08 15:52:00,1.45759,1.45794,1.45749,1.45768,1894600067.1386719
2011-06-08 15:53:00,1.45766,1.45831,1.45761,1.45829,1810700073.2421875
2011-06-08 15:54:00,1.45829,1.45829,1.4577,1.45788,2090700073.2421875
2011-06-08 15:55:00,1.45789,1.4581,1.45751,1.45767,2109100036.6210938
2011-06-08 15:56:00,1.45768,1.45802,1.45757,1.45801,1812799987.7929688
2011-06-08 15:57:00,1.45801,1.45846,1.45797,1.45836,3468999938.9648438
2011-06-08 15:58:00,1.45836,1.45876,1.45829,1.45848,2332500000.0
2011-06-08 15:59:00,1.45848,1.45876,1.45832,1.45867,2391999969.482422
2011-06-08 16:00:00,1.45867,1.45878,1.45835,1.45872,2270700073.2421875
2011-06-08 16:01:00,1.45871,1.45878,1.45859,1.45876,1698300018.3105469
2011-06-08 16:02:00,1.45878,1.45902,1.4587,1.4588,1715299987.7929688
2011-06-08 16:03:00,1.45878,1.45878,1.4584,1.45861,1964600067.1386719
2011-06-08 16:04:00,1.45861,1.45888,1.4585,1.45878,1998899993.8964844
2011-06-08 16:05:00,1.45879,1.45882,1.45864,1.45879,1259400024.4140625
2011-06-08 16:06:00,1.45877,1.45877,1.45846,1.45861,1401900024.4140625
2011-06-08 16:07:00,1.45861,1.45869,1.45854,1.45858,1408600006.1035156
2011-06-08 16:08:00,1.45858,1.45895,1.45858,1.45889,1653000030.5175781
2011-06-08 16:09:00,1.45888,1.45915,1.45858,1.45908,3249800109.8632812
2011-06-08 16:10:00,1.45907,1.45957,1.45907,1.45952,2517500000.0
2011-06-08 16:11:00,1.45952,1.45962,1.45922,1.45933,2501199951.171875
2011-06-08 16:12:00,1.45928,1.45934,1.45882,1.45892,1929600067.1386719
2011-06-08 16:13:00,1.4589,1.45902,1.45868,1.45898,1878899993.8964844
2011-06-08 16:14:00,1.45901,1.45902,1.45878,1.45878,1702500000.0
2011-06-08 16:15:00,1.45878,1.45891,1.45873,1.45879,1254800033.569336
2011-06-08 16:16:00,1.45879,1.45896,1.45869,1.45869,969800033.5693359
2011-06-08 16:17:00,1.4587,1.45883,1.45863,1.45866,1464799957.2753906
2011-06-08 16:18:00,1.45866,1.45909,1.45866,1.45895,2159299926.7578125
2011-06-08 16:19:00,1.45894,1.45894,1.45881,1.45883,1168499984.741211
2011-06-08 16:20:00,1.45882,1.4591,1.45874,1.4591,1217699966.430664
2011-06-08 16:21:00,1.45913,1.45931,1.45911,1.45931,1147500000.0
2011-06-08 16:22:00,1.45932,1.45947,1.45901,1.45902,1736999969.4824219
2011-06-08 16:23:00,1.45903,1.45903,1.45851,1.45852,2034100036.6210938
2011-06-08 16:24:00,1.45856,1.45856,1.45817,1.45826,1537500000.0
2011-06-08 16:25:00,1.45825,1.45851,1.45825,1.45847,1743300018.3105469
2011-06-08 16:26:00,1.45847,1.4586,1.4583,1.45839,1707500000.0
2011-06-08 16:27:00,1.45837,1.45837,1.45779,1.45788,1632899932.8613281
2011-06-08 16:28:00,1.45784,1.45784,1.45737,1.45761,2428000030.517578
2011-06-08 16:29:00,1.45762,1.45785,1.45752,1.45775,1674199981.6894531
2011-06-08 16:30:00,1.45775,1.45781,1.45767,1.45781,1089499969.4824219
2011-06-08 16:31:00,1.45781,1.45799,1.45767,1.45798,1209100036.6210938
2011-06-08 16:32:00,1.45797,1.458,1.45771,1.45773,1865299987.7929688
2011-06-08 16:33:00,1.45771,1.45813,1.45761,1.45812,1453800048.828125
2011-06-08 16:34:00,1.45809,1.4581,1.45794,1.45809,974100036.6210938
2011-06-08 16:35:00,1.45811,1.45815,1.45774,1.45787,1323699951.171875
2011-06-08 16:36:00,1.45788,1.45804,1.45788,1.45801,1214400024.4140625
2011-06-08 16:37:00,1.45802,1.45812,1.45789,1.45791,1566000061.0351562
2011-06-08 16:38:00,1.45789,1.45821,1.4578,1.45821,1576799926.7578125
2011-06-08 16:39:00,1.4582,1.45855,1.4582,1.45851,1777100067.1386719
2011-06-08 16:40:00,1.45851,1.45853,1.45832,1.45852,1162200012.2070312
2011-06-08 16:41:00,1.45852,1.45881,1.45841,1.45879,1369199981.6894531
2011-06-08 16:42:00,1.45879,1.45892,1.4586,1.45892,2158399963.3789062
2011-06-08 16:43:00,1.4589,1.45911,1.4589,1.45902,1473500061.0351562
2011-06-08 16:44:00,1.45902,1.45911,1.45877,1.45879,1806799926.7578125
2011-06-08 16:45:00,1.45879,1.45891,1.45873,1.45881,861100006.1035156
2011-06-08 16:46:00,1.45882,1.45891,1.45869,1.45878,1273000030.5175781
2011-06-08 16:47:00,1.45879,1.45927,1.45879,1.45901,1469400024.4140625
2011-06-08 16:48:00,1.459,1.459,1.45871,1.45899,1902599945.0683594
2011-06-08 16:49:00,1.45899,1.45904,1.45861,1.4587,1423999938.9648438
2011-06-08 16:50:00,1.45872,1.45904,1.45872,1.45904,1898500061.0351562
2011-06-08 16:51:00,1.45901,1.45911,1.45893,1.45895,929599990.8447266
2011-06-08 16:52:00,1.45895,1.45926,1.45895,1.45919,1429499969.4824219
2011-06-08 16:53:00,1.45919,1.45959,1.45918,1.45946,1599199981.6894531
2011-06-08 16:54:00,1.45943,1.45951,1.45921,1.45929,1861699981.6894531
2011-06-08 16:55:00,1.4593,1.45949,1.45919,1.45929,1585599975.5859375
2011-06-08 16:56:00,1.45928,1.45982,1.45928,1.45982,1743699951.171875
2011-06-08 16:57:00,1.45981,1.45989,1.45969,1.45981,2082599945.0683594
2011-06-08 16:58:00,1.45986,1.46014,1.45982,1.46012,1300099945.0683594
2011-06-08 16:59:00,1.46011,1.4605,1.46011,1.46049,2209400024.4140625
2011-06-08 17:00:00,1.4605,1.4605,1.45991,1.45992,1853099975.5859375
2011-06-08 17:01:00,1.45992,1.46004,1.45976,1.46004,1789600067.1386719
2011-06-08 17:02:00,1.46005,1.46032,1.45996,1.46021,1582500000.0
2011-06-08 17:03:00,1.4602,1.46023,1.45997,1.4601,1069000015.2587891
2011-06-08 17:04:00,1.46011,1.46019,1.4601,1.46016,785100021.3623047
2011-06-08 17:05:00,1.46016,1.46021,1.4601,1.46019,1260000000.0
2011-06-08 17:06:00,1.46021,1.46063,1.46008,1.46063,1666000061.0351562
2011-06-08 17:07:00,1.4607,1.46128,1.46055,1.46127,3125700073.2421875
2011-06-08 17:08:00,1.46127,1.46149,1.46102,1.46112,2433399963.3789062
2011-06-08 17:09:00,1.46112,1.46117,1.46087,1.4609,1219800033.569336
2011-06-08 17:10:00,1.46089,1.4611,1.46078,1.46105,885000000.0
2011-06-08 17:11:00,1.46104,1.4611,1.46088,1.4611,1551799926.7578125
2011-06-08 17:12:00,1.46109,1.46109,1.46047,1.46055,1627400054.9316406
2011-06-08 17:13:00,1.46055,1.46058,1.46029,1.46058,1746900024.4140625
2011-06-08 17:14:00,1.46058,1.46072,1.46042,1.46062,1323000030.5175781
2011-06-08 17:15:00,1.4606,1.46069,1.46029,1.46068,1538999938.9648438
2011-06-08 17:16:00,1.46068,1.46085,1.4606,1.46079,1273300018.3105469
2011-06-08 17:17:00,1.46084,1.46099,1.46084,1.46089,1121999969.4824219
2011-06-08 17:18:00,1.46088,1.46096,1.46073,1.46088,1241999969.4824219
2011-06-08 17:19:00,1.46088,1.46095,1.46081,1.46086,1408000030.5175781
2011-06-08 17:20:00,1.46084,1.46092,1.46048,1.4606,1263000030.5175781
2011-06-08 17:21:00,1.46058,1.46071,1.46051,1.46065,1289100036.6210938
2011-06-08 17:22:00,1.46065,1.46083,1.4605,1.46069,1909400024.4140625
2011-06-08 17:23:00,1.46068,1.46094,1.46061,1.46063,1622100067.1386719
2011-06-08 17:24:00,1.46065,1.4607,1.46047,1.46052,1426600036.6210938
2011-06-08 17:25:00,1.46054,1.46096,1.46054,1.46092,1290000000.0
2011-06-08 17:26:00,1.46088,1.4609,1.46052,1.46053,1558600006.1035156
2011-06-08 17:27:00,1.46055,1.46058,1.46005,1.4601,1749299926.7578125
2011-06-08 17:28:00,1.4601,1.46029,1.46004,1.46024,1702500000.0
2011-06-08 17:29:00,1.46024,1.46045,1.46012,1.46043,1220999984.741211
2011-06-08 17:30:00,1.46041,1.46049,1.45954,1.45961,1758099975.5859375
2011-06-08 17:31:00,1.45961,1.45987,1.45937,1.45977,2126799926.7578125
2011-06-08 17:32:00,1.45979,1.45979,1.45947,1.45947,1519700012.2070312
2011-06-08 17:33:00,1.45947,1.45951,1.45931,1.45933,918000030.5175781
2011-06-08 17:34:00,1.45932,1.45935,1.45905,1.45919,1650399932.8613281
2011-06-08 17:35:00,1.45912,1.45945,1.45912,1.45919,2250700073.2421875
2011-06-08 17:36:00,1.45914,1.45914,1.45869,1.45879,1852400054.9316406
2011-06-08 17:37:00,1.45881,1.45932,1.45881,1.45931,2146499938.9648438
2011-06-08 17:38:00,1.4593,1.45961,1.45917,1.4596,1466999969.4824219
2011-06-08 17:39:00,1.45959,1.45959,1.45915,1.45915,1627500000.0
2011-06-08 17:40:00,1.45912,1.45913,1.45891,1.45906,1027500000.0
2011-06-08 17:41:00,1.45906,1.45918,1.459,1.45914,1003499984.7412109
2011-06-08 17:42:00,1.45914,1.45928,1.45871,1.4588,1860800018.3105469
2011-06-08 17:43:00,1.45879,1.45894,1.45878,1.45891,2070000000.0
2011-06-08 17:44:00,1.45891,1.45919,1.45877,1.45916,1721300048.828125
2011-06-08 17:45:00,1.45916,1.45944,1.45911,1.4594,1245000000.0
2011-06-08 17:46:00,1.4594,1.45964,1.4593,1.45959,1241999969.4824219
2011-06-08 17:47:00,1.45961,1.45968,1.45948,1.45948,1350899963.3789062
2011-06-08 17:48:00,1.45947,1.45972,1.45947,1.45956,1092600021.3623047
2011-06-08 17:49:00,1.45955,1.4598,1.45944,1.45951,1338000030.5175781
2011-06-08 17:50:00,1.4595,1.4595,1.4592,1.45935,1438600006.1035156
2011-06-08 17:51:00,1.45933,1.4594,1.45927,1.45929,810000000.0
2011-06-08 17:52:00,1.45928,1.45931,1.459,1.45909,1493999938.9648438
2011-06-08 17:53:00,1.4591,1.4591,1.45881,1.45892,1623500061.0351562
2011-06-08 17:54:00,1.45893,1.45923,1.45887,1.45922,1172300033.569336
2011-06-08 17:55:00,1.45921,1.45921,1.45889,1.45892,1473800048.828125
2011-06-08 17:56:00,1.45892,1.459,1.4588,1.45883,1768000030.5175781
2011-06-08 17:57:00,1.45882,1.45882,1.45858,1.45864,2446699981.689453
2011-06-08 17:58:00,1.45864,1.4589,1.45861,1.45861,1491000061.0351562
2011-06-08 17:59:00,1.45869,1.45902,1.45867,1.45895,1290000000.0
2011-06-08 18:00:00,1.45896,1.45901,1.45869,1.45899,1757500000.0
2011-06-08 18:01:00,1.45899,1.45903,1.45881,1.45894,1605899963.3789062
2011-06-08 18:02:00,1.45894,1.45911,1.45884,1.45884,1140000000.0
2011-06-08 18:03:00,1.45882,1.45914,1.4588,1.45914,763700027.4658203
2011-06-08 18:04:00,1.45914,1.45914,1.45875,1.45884,1398500061.0351562
2011-06-08 18:05:00,1.45882,1.45888,1.45856,1.45873,1622299957.2753906
2011-06-08 18:06:00,1.45873,1.4589,1.45867,1.45871,1336600036.6210938
2011-06-08 18:07:00,1.45871,1.45876,1.45861,1.45869,1138499984.741211
2011-06-08 18:08:00,1.45868,1.45874,1.4584,1.4584,1137799987.7929688
2011-06-08 18:09:00,1.45838,1.45847,1.45825,1.45846,1923899993.8964844
2011-06-08 18:10:00,1.45847,1.45868,1.45842,1.45868,1455000000.0
2011-06-08 18:11:00,1.45868,1.45869,1.45798,1.45804,2211100006.1035156
2011-06-08 18:12:00,1.45805,1.45832,1.45802,1.45832,2168999938.9648438
2011-06-08 18:13:00,1.45832,1.45839,1.45809,1.45822,2151000061.0351562
2011-06-08 18:14:00,1.45821,1.45857,1.45811,1.45841,1464900054.9316406
2011-06-08 18:15:00,1.45841,1.45842,1.45812,1.45822,1196999969.4824219
2011-06-08 18:16:00,1.45822,1.45869,1.45819,1.45869,1630500030.5175781
2011-06-08 18:17:00,1.45876,1.45877,1.45809,1.45819,2031100006.1035156
2011-06-08 18:18:00,1.45819,1.45827,1.45815,1.45822,1339499969.4824219
2011-06-08 18:19:00,1.45824,1.45872,1.45824,1.4587,1773999938.9648438
2011-06-08 18:20:00,1.4587,1.4587,1.45802,1.45804,1047799987.7929688
2011-06-08 18:21:00,1.458,1.45805,1.45732,1.45758,2573500061.0351562
2011-06-08 18:22:00,1.45758,1.45758,1.45686,1.45739,2327700042.7246094
2011-06-08 18:23:00,1.45741,1.45769,1.45739,1.45769,686299972.5341797
2011-06-08 18:24:00,1.4577,1.45797,1.45758,1.45769,1962799987.7929688
2011-06-08 18:25:00,1.4577,1.45784,1.45751,1.45769,1893200073.2421875
2011-06-08 18:26:00,1.45767,1.45767,1.4573,1.45738,1679299926.7578125
2011-06-08 18:27:00,1.45738,1.45781,1.45737,1.45769,1883500061.0351562
2011-06-08 18:28:00,1.45769,1.45769,1.45722,1.4573,1913000030.5175781
2011-06-08 18:29:00,1.4573,1.4573,1.45688,1.4572,1622299957.2753906
2011-06-08 18:30:00,1.45719,1.45744,1.45699,1.45743,1747599945.0683594
2011-06-08 18:31:00,1.45744,1.4576,1.45714,1.4576,1818099975.5859375
2011-06-08 18:32:00,1.45761,1.45822,1.45761,1.45822,1532299957.2753906
2011-06-08 18:33:00,1.45822,1.45827,1.45817,1.45821,1160199966.430664
2011-06-08 18:34:00,1.45821,1.45823,1.45815,1.4582,553499984.7412109
2011-06-08 18:35:00,1.45821,1.45859,1.45817,1.45859,1646100006.1035156
2011-06-08 18:36:00,1.45858,1.45893,1.45849,1.4586,2990899963.3789062
2011-06-08 18:37:00,1.4586,1.45876,1.45858,1.45858,1353000030.5175781
2011-06-08 18:38:00,1.45859,1.45867,1.45828,1.45831,1317400054.9316406
2011-06-08 18:39:00,1.45831,1.4585,1.4583,1.4584,1280299987.7929688
2011-06-08 18:40:00,1.45841,1.4586,1.4584,1.45859,975000000.0
2011-06-08 18:41:00,1.4586,1.45867,1.45832,1.45841,1320000000.0
2011-06-08 18:42:00,1.45841,1.45859,1.45832,1.4585,1147500000.0
2011-06-08 18:43:00,1.45848,1.45865,1.45846,1.45855,1230100021.3623047
2011-06-08 18:44:00,1.45855,1.45856,1.45833,1.45835,636899986.2670898
2011-06-08 18:45:00,1.4584,1.45842,1.45824,1.45824,908099975.5859375
2011-06-08 18:46:00,1.45824,1.45824,1.45751,1.45751,1713800048.828125
2011-06-08 18:47:00,1.45749,1.45756,1.45739,1.45741,1470099945.0683594
2011-06-08 18:48:00,1.45739,1.45755,1.45728,1.45745,1925099945.0683594
2011-06-08 18:49:00,1.45745,1.45751,1.45731,1.45751,1401100006.1035156
2011-06-08 18:50:00,1.4575,1.45758,1.45696,1.45708,1972500000.0
2011-06-08 18:51:00,1.45706,1.45725,1.45704,1.45725,1425899963.3789062
2011-06-08 18:52:00,1.45724,1.45734,1.45718,1.45733,1473099975.5859375
2011-06-08 18:53:00,1.45732,1.45782,1.45729,1.45782,1313399963.3789062
2011-06-08 18:54:00,1.45785,1.45789,1.45765,1.4577,1455000000.0
2011-06-08 18:55:00,1.4577,1.45773,1.45763,1.45763,778499984.7412109
2011-06-08 18:56:00,1.45763,1.45795,1.45763,1.45791,1747500000.0
2011-06-08 18:57:00,1.45791,1.4581,1.45775,1.45802,1863800048.828125
2011-06-08 18:58:00,1.45801,1.45817,1.45799,1.45811,1642500000.0
2011-06-08 18:59:00,1.45811,1.45811,1.45763,1.45771,1934700012.2070312
2011-06-08 19:00:00,1.45772,1.45778,1.45747,1.45751,1242799987.7929688
2011-06-08 19:01:00,1.45749,1.45751,1.45711,1.45727,1949700012.2070312
2011-06-08 19:02:00,1.45728,1.45729,1.45701,1.45719,2235299987.7929688
2011-06-08 19:03:00,1.45717,1.45717,1.45666,1.45669,2163099975.5859375
2011-06-08 19:04:00,1.45672,1.45712,1.45667,1.45701,1730399932.8613281
2011-06-08 19:05:00,1.45701,1.4572,1.45692,1.45718,1365800018.3105469
2011-06-08 19:06:00,1.45719,1.45743,1.45719,1.4574,1277300033.569336
2011-06-08 19:07:00,1.4574,1.45756,1.4574,1.45749,1071800003.0517578
2011-06-08 19:08:00,1.45748,1.45751,1.4574,1.4574,752300033.5693359
2011-06-08 19:09:00,1.45742,1.45745,1.45737,1.45745,1224300003.0517578
2011-06-08 19:10:00,1.45745,1.45757,1.45739,1.45757,1296699981.6894531
2011-06-08 19:11:00,1.45755,1.45759,1.45733,1.45734,1607299957.2753906
2011-06-08 19:12:00,1.45733,1.45733,1.45689,1.45689,1988399963.3789062
2011-06-08 19:13:00,1.45688,1.45701,1.45666,1.45701,1573600006.1035156
2011-06-08 19:14:00,1.45703,1.45738,1.45703,1.45736,1926799926.7578125
2011-06-08 19:15:00,1.45736,1.45737,1.45706,1.45709,1165500030.5175781
2011-06-08 19:16:00,1.45705,1.45705,1.45681,1.45689,1197200012.2070312
2011-06-08 19:17:00,1.4569,1.45727,1.4569,1.45703,1493399963.3789062
2011-06-08 19:18:00,1.45696,1.45733,1.4569,1.45711,1346499938.9648438
2011-06-08 19:19:00,1.45717,1.45732,1.45711,1.45729,1309499969.4824219
2011-06-08 19:20:00,1.45728,1.45728,1.45692,1.45705,1384499969.4824219
2011-06-08 19:21:00,1.45704,1.45704,1.45691,1.45691,774199981.6894531
2011-06-08 19:22:00,1.45688,1.45741,1.45671,1.45737,2295399932.861328
2011-06-08 19:23:00,1.45737,1.45741,1.45715,1.45737,2268099975.5859375
2011-06-08 19:24:00,1.45739,1.45742,1.45719,1.45721,1635000000.0
2011-06-08 19:25:00,1.45721,1.45734,1.45711,1.45733,1363600006.1035156
2011-06-08 19:26:00,1.45732,1.45756,1.45732,1.45739,1107099990.8447266
2011-06-08 19:27:00,1.45738,1.45738,1.45682,1.45693,1635899963.3789062
2011-06-08 19:28:00,1.45693,1.45715,1.4569,1.45709,1643300018.3105469
2011-06-08 19:29:00,1.4571,1.45711,1.45696,1.45698,871399993.8964844
2011-06-08 19:30:00,1.45701,1.45749,1.45691,1.45738,2198999938.9648438
2011-06-08 19:31:00,1.45738,1.45751,1.45727,1.45727,1574100036.6210938
2011-06-08 19:32:00,1.45726,1.45729,1.45708,1.45726,2306999969.482422
2011-06-08 19:33:00,1.45726,1.4575,1.45718,1.45718,1851000061.0351562
2011-06-08 19:34:00,1.45718,1.45719,1.45699,1.45706,1198499984.741211
2011-06-08 19:35:00,1.45707,1.45721,1.45671,1.45702,1816100006.1035156
2011-06-08 19:36:00,1.45703,1.4571,1.45684,1.4571,1770000000.0
2011-06-08 19:37:00,1.45712,1.45723,1.45694,1.45699,1373300018.3105469
2011-06-08 19:38:00,1.45699,1.45717,1.45696,1.45716,1003000030.5175781
2011-06-08 19:39:00,1.45719,1.45719,1.45701,1.45701,1081600036.6210938
2011-06-08 19:40:00,1.45701,1.45705,1.4568,1.45703,770999984.7412109
2011-06-08 19:41:00,1.45704,1.45717,1.45699,1.45699,1247799987.7929688
2011-06-08 19:42:00,1.45697,1.45716,1.45697,1.45716,956999969.4824219
2011-06-08 19:43:00,1.45713,1.45733,1.45705,1.45712,1304299926.7578125
2011-06-08 19:44:00,1.45712,1.4574,1.45712,1.45733,1118300018.3105469
2011-06-08 19:45:00,1.45742,1.45752,1.45741,1.4575,1233600006.1035156
2011-06-08 19:46:00,1.45749,1.45757,1.45741,1.45745,1593800048.828125
2011-06-08 19:47:00,1.45743,1.45745,1.45731,1.45731,1061999969.4824219
2011-06-08 19:48:00,1.45731,1.45761,1.45725,1.45761,1434499969.4824219
2011-06-08 19:49:00,1.45761,1.45762,1.45748,1.4575,1916999969.4824219
2011-06-08 19:50:00,1.45749,1.45753,1.45707,1.45724,1718399963.3789062
2011-06-08 19:51:00,1.45724,1.45731,1.45714,1.45724,991800003.0517578
2011-06-08 19:52:00,1.45724,1.45725,1.45706,1.45707,1065000000.0
2011-06-08 19:53:00,1.45707,1.45711,1.45691,1.45692,673499984.7412109
2011-06-08 19:54:00,1.45693,1.457,1.45689,1.45693,1241600036.6210938
2011-06-08 19:55:00,1.45693,1.45735,1.45693,1.45731,1352400054.9316406
2011-06-08 19:56:00,1.45733,1.45733,1.45723,1.45731,480000000.0
2011-06-08 19:57:00,1.45732,1.45736,1.45719,1.45721,976600036.6210938
2011-06-08 19:58:00,1.4572,1.4572,1.45698,1.45703,1062900009.1552734
2011-06-08 19:59:00,1.45702,1.45702,1.45674,1.45701,1343399963.3789062
2011-06-08 20:00:00,1.457,1.45711,1.45692,1.45694,933300018.3105469
2011-06-08 20:01:00,1.45692,1.45694,1.45667,1.4567,1108600006.1035156
2011-06-08 20:02:00,1.45673,1.45687,1.45667,1.45677,1430399932.8613281
2011-06-08 20:03:00,1.45679,1.45691,1.45677,1.4569,697500000.0
2011-06-08 20:04:00,1.4569,1.45697,1.45685,1.45694,942900009.1552734
2011-06-08 20:05:00,1.45694,1.45695,1.45671,1.45671,892500000.0
2011-06-08 20:06:00,1.45677,1.45684,1.45672,1.45676,892799987.7929688
2011-06-08 20:07:00,1.45674,1.45702,1.45673,1.45702,1069499969.4824219
2011-06-08 20:08:00,1.45701,1.45703,1.45686,1.45686,442500000.0
2011-06-08 20:09:00,1.45685,1.45685,1.45682,1.45683,120000000.0
2011-06-08 20:10:00,1.45683,1.45691,1.45683,1.4569,373199996.9482422
2011-06-08 20:11:00,1.45692,1.45692,1.45674,1.45674,888899993.8964844
2011-06-08 20:12:00,1.45675,1.45677,1.4565,1.45651,699100036.6210938
2011-06-08 20:13:00,1.45651,1.45657,1.45639,1.45649,1140100021.3623047
2011-06-08 20:14:00,1.45649,1.45658,1.45649,1.45658,932300033.5693359
2011-06-08 20:15:00,1.45657,1.45674,1.45657,1.45669,1207500000.0
2011-06-08 20:16:00,1.45672,1.45689,1.45672,1.45689,671299972.5341797
2011-06-08 20:17:00,1.45689,1.45711,1.45689,1.45702,562500000.0
2011-06-08 20:18:00,1.45702,1.4571,1.45691,1.4571,292500000.0
2011-06-08 20:19:00,1.45711,1.45718,1.45703,1.45707,898499984.7412109
2011-06-08 20:20:00,1.45706,1.45712,1.45704,1.45704,471100006.1035156
2011-06-08 20:21:00,1.45703,1.45706,1.45702,1.45702,452999992.37060547
2011-06-08 20:22:00,1.45703,1.45709,1.45703,1.45709,336199989.31884766
2011-06-08 20:23:00,1.45709,1.45713,1.45708,1.45708,251399993.89648438
2011-06-08 20:24:00,1.45708,1.45708,1.45703,1.45703,166200008.39233398
2011-06-08 20:25:00,1.45703,1.45709,1.45699,1.45701,710400009.1552734
2011-06-08 20:26:00,1.45703,1.45703,1.45701,1.45702,280499992.37060547
2011-06-08 20:27:00,1.45702,1.45723,1.45702,1.45718,597900009.1552734
2011-06-08 20:28:00,1.45718,1.4575,1.45718,1.45743,1338099975.5859375
2011-06-08 20:29:00,1.45743,1.45758,1.45742,1.45755,1050000000.0
2011-06-08 20:30:00,1.45755,1.45755,1.45736,1.45748,1589100036.6210938
2011-06-08 20:31:00,1.45748,1.45772,1.45748,1.45767,1451199951.171875
2011-06-08 20:32:00,1.45766,1.45767,1.4575,1.45758,1071200027.4658203
2011-06-08 20:33:00,1.45757,1.45757,1.45745,1.4575,2190500030.517578
2011-06-08 20:34:00,1.4575,1.4576,1.4575,1.45758,1230100021.3623047
2011-06-08 20:35:00,1.45758,1.45766,1.45748,1.45759,1253300018.3105469
2011-06-08 20:36:00,1.45758,1.4576,1.45747,1.45757,785899963.3789062
2011-06-08 20:37:00,1.45758,1.4578,1.45758,1.45778,726999969.4824219
2011-06-08 20:38:00,1.45775,1.4578,1.45766,1.45768,795100021.3623047
2011-06-08 20:39:00,1.45768,1.45778,1.45766,1.45777,326300010.68115234
2011-06-08 20:40:00,1.45777,1.45777,1.45769,1.45769,232500000.0
2011-06-08 20:41:00,1.45767,1.45771,1.45764,1.45764,465000000.0
2011-06-08 20:42:00,1.45764,1.4577,1.45756,1.45756,596300010.6811523
2011-06-08 20:43:00,1.45757,1.45757,1.45742,1.45748,996299972.5341797
2011-06-08 20:44:00,1.45749,1.45761,1.45748,1.45757,573899993.8964844
2011-06-08 20:45:00,1.45757,1.45759,1.45746,1.45746,408800010.68115234
2011-06-08 20:46:00,1.45746,1.45767,1.45739,1.45766,754000015.2587891
2011-06-08 20:47:00,1.45762,1.45774,1.45758,1.45773,513100013.73291016
2011-06-08 20:48:00,1.45771,1.45777,1.4575,1.45753,723899993.8964844
2011-06-08 20:49:00,1.45752,1.45797,1.45752,1.45787,1241999969.4824219
2011-06-08 20:50:00,1.4579,1.45797,1.45778,1.45788,1190500030.5175781
2011-06-08 20:51:00,1.45786,1.45801,1.45782,1.45801,935100021.3623047
2011-06-08 20:52:00,1.45799,1.45816,1.45798,1.45801,528899993.8964844
2011-06-08 20:53:00,1.45804,1.45819,1.45804,1.45814,655800018.3105469
2011-06-08 20:54:00,1.45819,1.45824,1.45813,1.45822,617900009.1552734
2011-06-08 20:55:00,1.45822,1.45822,1.45807,1.4581,626300010.6811523
2011-06-08 20:56:00,1.45809,1.45819,1.45809,1.45819,161299991.60766602
2011-06-08 20:57:00,1.45817,1.45817,1.45809,1.45812,277500000.0
2011-06-08 20:58:00,1.45809,1.45817,1.45809,1.45817,125299997.32971191
2011-06-08 20:59:00,1.45815,1.45826,1.45815,1.45816,438300018.3105469
2011-06-08 21:00:00,1.45807,1.45829,1.45807,1.45819,675100021.3623047
2011-06-08 21:01:00,1.45819,1.45828,1.45818,1.45828,195000000.0
2011-06-08 21:02:00,1.45829,1.45834,1.45829,1.45834,75000000.0
2011-06-08 21:03:00,1.45846,1.45853,1.45829,1.45853,1005000000.0
2011-06-08 21:04:00,1.45855,1.45863,1.45834,1.4584,1622299957.2753906
2011-06-08 21:05:00,1.45846,1.4586,1.45841,1.45841,753000030.5175781
2011-06-08 21:06:00,1.45835,1.45853,1.45817,1.45822,794400024.4140625
2011-06-08 21:07:00,1.45819,1.45823,1.4578,1.4578,708700027.4658203
2011-06-08 21:08:00,1.45778,1.45799,1.45778,1.45788,895599975.5859375
2011-06-08 21:09:00,1.45788,1.45788,1.45788,1.45788,980999984.7412109
2011-06-08 21:10:00,1.45789,1.45791,1.45782,1.45782,505499992.37060547
2011-06-08 21:11:00,1.45774,1.45802,1.45771,1.45802,600000000.0
2011-06-08 21:12:00,1.45799,1.45799,1.45785,1.45789,634500007.6293945
2011-06-08 21:13:00,1.45794,1.45797,1.45767,1.45767,526500015.25878906
2011-06-08 21:14:00,1.45772,1.45772,1.45759,1.45769,282000007.62939453
2011-06-08 21:15:00,1.45771,1.45778,1.45761,1.45761,261000003.81469727
2011-06-08 21:16:00,1.45764,1.45771,1.45762,1.45771,187500000.0
2011-06-08 21:17:00,1.45771,1.45778,1.45761,1.45765,286499996.18530273
2011-06-08 21:18:00,1.45762,1.45778,1.45762,1.45775,192000007.62939453
2011-06-08 21:19:00,1.4577,1.45786,1.45765,1.45783,173999996.18530273
2011-06-08 21:20:00,1.45783,1.45786,1.45774,1.45783,190499992.37060547
2011-06-08 21:21:00,1.45785,1.45792,1.45774,1.45783,270000000.0
2011-06-08 21:22:00,1.45791,1.45801,1.45782,1.45782,575999984.7412109
2011-06-08 21:23:00,1.4577,1.45837,1.4577,1.4583,1378500061.0351562
2011-06-08 21:24:00,1.45837,1.45837,1.45797,1.45797,735000000.0
2011-06-08 21:25:00,1.45812,1.45837,1.45795,1.45795,778499984.7412109
2011-06-08 21:26:00,1.45793,1.45809,1.45776,1.4579,620999984.7412109
2011-06-08 21:27:00,1.45804,1.45809,1.458,1.458,210000000.0
2011-06-08 21:28:00,1.45805,1.45828,1.4578,1.4578,627000007.6293945
2011-06-08 21:29:00,1.45779,1.4578,1.45779,1.4578,75000000.0
2011-06-08 21:30:00,1.45782,1.458,1.45781,1.458,218700008.39233398
2011-06-08 21:31:00,1.458,1.45824,1.458,1.4582,332700004.5776367
2011-06-08 21:32:00,1.45819,1.45823,1.4581,1.4581,448499984.74121094
2011-06-08 21:33:00,1.4581,1.45815,1.45802,1.45812,432000007.62939453
2011-06-08 21:34:00,1.45815,1.45815,1.45805,1.45806,220499992.37060547
2011-06-08 21:35:00,1.4581,1.45812,1.4581,1.45812,100500001.90734863
2011-06-08 21:36:00,1.45812,1.45812,1.45812,1.45812,135000000.0
2011-06-08 21:37:00,1.45812,1.45812,1.45812,1.45812,30000000.0
2011-06-08 21:38:00,1.45812,1.45813,1.45781,1.45781,332999992.37060547
2011-06-08 21:39:00,1.4578,1.4578,1.45774,1.45778,229500007.62939453
2011-06-08 21:40:00,1.45778,1.45778,1.45767,1.45768,321800003.0517578
2011-06-08 21:41:00,1.45767,1.45791,1.4576,1.45791,716999969.4824219
2011-06-08 21:42:00,1.45791,1.45791,1.45763,1.45779,362999992.37060547
2011-06-08 21:43:00,1.45778,1.45778,1.45764,1.45764,150000000.0
2011-06-08 21:44:00,1.45764,1.45771,1.45764,1.45771,82500000.0
2011-06-08 21:45:00,1.45775,1.45775,1.45763,1.45769,285000000.0
2011-06-08 21:46:00,1.45769,1.45769,1.45745,1.45757,372099990.84472656
2011-06-08 21:47:00,1.45755,1.45783,1.45755,1.45779,710299987.7929688
2011-06-08 21:48:00,1.45781,1.45782,1.45764,1.45765,625499992.3706055
2011-06-08 21:49:00,1.45765,1.45804,1.45765,1.45784,909899978.6376953
2011-06-08 21:50:00,1.45786,1.45806,1.45785,1.45785,751699981.6894531
2011-06-08 21:51:00,1.45784,1.45794,1.4578,1.45794,318899993.8964844
2011-06-08 21:52:00,1.45794,1.45794,1.45794,1.45794,75000000.0
2011-06-08 21:53:00,1.45793,1.45793,1.45777,1.45779,525499992.37060547
2011-06-08 21:54:00,1.45787,1.45794,1.45776,1.45785,427500000.0
2011-06-08 21:55:00,1.45784,1.45785,1.45779,1.45785,90000000.0
2011-06-08 21:56:00,1.45785,1.45785,1.4578,1.4578,45000000.0
2011-06-08 21:57:00,1.4578,1.45781,1.45746,1.45761,928799972.5341797
2011-06-08 21:58:00,1.45769,1.45776,1.45746,1.45759,729499969.4824219
2011-06-08 21:59:00,1.45761,1.45777,1.45761,1.45777,115000000.0
2011-06-08 22:00:00,1.4578,1.45796,1.4578,1.45796,251800003.0517578
2011-06-08 22:01:00,1.45797,1.45798,1.45787,1.45792,270499992.37060547
2011-06-08 22:02:00,1.45792,1.45833,1.45792,1.45808,841999969.4824219
2011-06-08 22:03:00,1.45809,1.45821,1.45809,1.45818,395299987.79296875
2011-06-08 22:04:00,1.45818,1.45825,1.45818,1.45825,217299995.42236328
2011-06-08 22:05:00,1.45825,1.45852,1.45825,1.4583,691299972.5341797
2011-06-08 22:06:00,1.45834,1.45836,1.45815,1.45824,433300018.3105469
2011-06-08 22:07:00,1.45826,1.45835,1.45818,1.45822,779199981.6894531
2011-06-08 22:08:00,1.45824,1.45842,1.45823,1.45833,690299987.7929688
2011-06-08 22:09:00,1.45836,1.45837,1.45811,1.45822,373499984.74121094
2011-06-08 22:10:00,1.4583,1.45859,1.45819,1.45858,877699966.4306641
2011-06-08 22:11:00,1.45863,1.45863,1.45835,1.45859,851900024.4140625
2011-06-08 22:12:00,1.45863,1.45866,1.45859,1.45861,315100002.28881836
2011-06-08 22:13:00,1.45861,1.45861,1.45849,1.45858,333800010.68115234
2011-06-08 22:14:00,1.4586,1.45861,1.45856,1.45861,300000000.0
2011-06-08 22:15:00,1.45859,1.45869,1.45856,1.45862,611300010.6811523
2011-06-08 22:16:00,1.45865,1.45871,1.45865,1.4587,217000007.62939453
2011-06-08 22:17:00,1.4587,1.45897,1.4587,1.45875,730400009.1552734
2011-06-08 22:18:00,1.45876,1.45914,1.45876,1.45914,1655700073.2421875
2011-06-08 22:19:00,1.45909,1.45915,1.45894,1.45909,903000030.5175781
2011-06-08 22:20:00,1.45905,1.45911,1.45881,1.45895,952699966.4306641
2011-06-08 22:21:00,1.45895,1.459,1.45895,1.45895,240100002.28881836
2011-06-08 22:22:00,1.45895,1.45915,1.45895,1.45907,446300010.68115234
2011-06-08 22:23:00,1.45907,1.45918,1.45907,1.45912,512099990.84472656
2011-06-08 22:24:00,1.45912,1.45918,1.45912,1.45918,216000003.81469727
2011-06-08 22:25:00,1.45918,1.45918,1.4591,1.45913,296100006.1035156
2011-06-08 22:26:00,1.45913,1.45919,1.45907,1.45915,436199989.31884766
2011-06-08 22:27:00,1.45915,1.45915,1.45904,1.45909,506800003.0517578
2011-06-08 22:28:00,1.45909,1.45909,1.45904,1.45904,262600002.28881836
2011-06-08 22:29:00,1.45904,1.45914,1.45899,1.45911,347400016.78466797
2011-06-08 22:30:00,1.45911,1.45911,1.45878,1.45889,1130800018.3105469
2011-06-08 22:31:00,1.4589,1.45903,1.45888,1.4589,705400009.1552734
2011-06-08 22:32:00,1.45886,1.459,1.45872,1.4589,1100999984.741211
2011-06-08 22:33:00,1.45889,1.45889,1.45861,1.45872,825000000.0
2011-06-08 22:34:00,1.45872,1.45909,1.45872,1.45903,1070999984.7412109
2011-06-08 22:35:00,1.45904,1.45906,1.45885,1.45904,652500000.0
2011-06-08 22:36:00,1.45903,1.45919,1.45901,1.45913,515999984.74121094
2011-06-08 22:37:00,1.45913,1.45919,1.459,1.45905,570000000.0
2011-06-08 22:38:00,1.45905,1.45917,1.45905,1.45917,222000007.62939453
2011-06-08 22:39:00,1.45915,1.45934,1.45915,1.45931,484500007.62939453
2011-06-08 22:40:00,1.45932,1.45934,1.45903,1.45916,545999984.7412109
2011-06-08 22:41:00,1.45922,1.45927,1.45915,1.45927,450000000.0
2011-06-08 22:42:00,1.45927,1.45927,1.4592,1.45923,307500000.0
2011-06-08 22:43:00,1.45923,1.45928,1.4591,1.4592,873799972.5341797
2011-06-08 22:44:00,1.45924,1.45946,1.45921,1.4594,547500000.0
2011-06-08 22:45:00,1.4594,1.45945,1.45932,1.45934,390000000.0
2011-06-08 22:46:00,1.45933,1.45936,1.45929,1.45934,217500000.0
2011-06-08 22:47:00,1.45934,1.45946,1.45934,1.45944,427500000.0
2011-06-08 22:48:00,1.45944,1.45944,1.45932,1.45933,210000000.0
2011-06-08 22:49:00,1.45934,1.45934,1.45914,1.45923,851999969.4824219
2011-06-08 22:50:00,1.45923,1.45938,1.45921,1.45937,487500000.0
2011-06-08 22:51:00,1.45938,1.45938,1.45929,1.45936,201000003.81469727
2011-06-08 22:52:00,1.45934,1.45939,1.45922,1.45935,617999992.3706055
2011-06-08 22:53:00,1.45936,1.45936,1.45934,1.45935,60000000.0
2011-06-08 22:54:00,1.45936,1.45945,1.45936,1.45945,60000000.0
2011-06-08 22:55:00,1.45945,1.45954,1.45945,1.45952,337500000.0
2011-06-08 22:56:00,1.45953,1.45967,1.45953,1.45954,844000015.2587891
2011-06-08 22:57:00,1.45954,1.45958,1.45954,1.45958,45000000.0
2011-06-08 22:58:00,1.45958,1.45964,1.45955,1.45955,367500000.0
2011-06-08 22:59:00,1.45955,1.46009,1.45952,1.46009,1402500000.0
2011-06-08 23:00:00,1.46009,1.46009,1.45975,1.45978,1270199966.430664
2011-06-08 23:01:00,1.45978,1.45978,1.45969,1.45971,712500000.0
2011-06-08 23:02:00,1.45966,1.45969,1.45938,1.45958,1387500000.0
2011-06-08 23:03:00,1.45956,1.45964,1.45941,1.45941,1016299972.5341797
2011-06-08 23:04:00,1.45943,1.45956,1.45932,1.45933,911299972.5341797
2011-06-08 23:05:00,1.45932,1.45942,1.45931,1.45942,285000000.0
2011-06-08 23:06:00,1.45938,1.45943,1.45918,1.45936,856100006.1035156
2011-06-08 23:07:00,1.45934,1.45934,1.45929,1.45929,180000000.0
2011-06-08 23:08:00,1.45928,1.45929,1.45919,1.45922,547500000.0
2011-06-08 23:09:00,1.45928,1.45949,1.4592,1.45924,984899978.6376953
2011-06-08 23:10:00,1.45923,1.45923,1.45923,1.45923,30000000.0
2011-06-08 23:11:00,1.45919,1.45924,1.45918,1.45919,262500000.0
2011-06-08 23:12:00,1.45918,1.45918,1.45909,1.45915,176299991.60766602
2011-06-08 23:13:00,1.45915,1.45915,1.4589,1.45907,795899963.3789062
2011-06-08 23:14:00,1.45908,1.45928,1.45905,1.45921,1200800018.3105469
2011-06-08 23:15:00,1.4592,1.45933,1.4592,1.45931,223500003.81469727
2011-06-08 23:16:00,1.4593,1.4593,1.45897,1.45916,1097300033.569336
2011-06-08 23:17:00,1.45918,1.45941,1.45918,1.45937,640000000.0
2011-06-08 23:18:00,1.45939,1.45947,1.45919,1.45947,955599975.5859375
2011-06-08 23:19:00,1.45945,1.45948,1.45934,1.45945,701999969.4824219
2011-06-08 23:20:00,1.45947,1.4595,1.45946,1.4595,75000000.0
2011-06-08 23:21:00,1.4595,1.45955,1.4595,1.45951,180000000.0
2011-06-08 23:22:00,1.45951,1.45951,1.4595,1.4595,60000000.0
2011-06-08 23:23:00,1.45951,1.45973,1.45951,1.45967,1127300033.569336
2011-06-08 23:24:00,1.45966,1.45984,1.45966,1.45969,1001999969.4824219
2011-06-08 23:25:00,1.4597,1.45985,1.45965,1.45979,1325399932.8613281
2011-06-08 23:26:00,1.45979,1.45988,1.45975,1.45975,577500000.0
2011-06-08 23:27:00,1.45973,1.45975,1.45961,1.45971,954000015.2587891
2011-06-08 23:28:00,1.45971,1.45987,1.4597,1.45987,404300003.0517578
2011-06-08 23:29:00,1.45986,1.45986,1.45971,1.45978,471800003.0517578
2011-06-08 23:30:00,1.45983,1.45983,1.45964,1.45967,616500015.2587891
2011-06-08 23:31:00,1.45967,1.4597,1.45967,1.4597,135000000.0
2011-06-08 23:32:00,1.45966,1.45972,1.45959,1.4597,621500015.2587891
2011-06-08 23:33:00,1.45974,1.4599,1.45972,1.4599,180000000.0
2011-06-08 23:34:00,1.4599,1.46003,1.45981,1.45995,904499969.4824219
2011-06-08 23:35:00,1.45995,1.46015,1.45995,1.46012,831200027.4658203
2011-06-08 23:36:00,1.46013,1.46021,1.46009,1.46021,472500000.0
2011-06-08 23:37:00,1.46021,1.46031,1.46011,1.46011,1125000000.0
2011-06-08 23:38:00,1.46012,1.46029,1.46012,1.46025,384000015.25878906
2011-06-08 23:39:00,1.46023,1.46024,1.46001,1.46005,495000000.0
2011-06-08 23:40:00,1.46003,1.46005,1.45999,1.45999,452999992.37060547
2011-06-08 23:41:00,1.45999,1.45999,1.45965,1.45966,1429600067.1386719
2011-06-08 23:42:00,1.45964,1.45964,1.45948,1.45953,966100006.1035156
2011-06-08 23:43:00,1.45953,1.45975,1.45953,1.45975,366100006.1035156
2011-06-08 23:44:00,1.45974,1.45984,1.45953,1.45962,1027500000.0
2011-06-08 23:45:00,1.45963,1.45969,1.4595,1.45953,723000030.5175781
2011-06-08 23:46:00,1.45954,1.45956,1.45938,1.45951,1061299972.5341797
2011-06-08 23:47:00,1.45951,1.45974,1.45946,1.45946,1013300018.3105469
2011-06-08 23:48:00,1.45944,1.45944,1.459,1.45914,893300018.3105469
2011-06-08 23:49:00,1.45914,1.45935,1.45911,1.45911,1272900009.1552734
2011-06-08 23:50:00,1.45911,1.45947,1.45911,1.45922,1055299987.7929688
2011-06-08 23:51:00,1.45919,1.45925,1.45901,1.45925,727500000.0
2011-06-08 23:52:00,1.45924,1.45932,1.45922,1.45922,352500000.0
2011-06-08 23:53:00,1.45921,1.45931,1.4592,1.45922,410999984.74121094
2011-06-08 23:54:00,1.45923,1.45926,1.45913,1.45915,1005000000.0
2011-06-08 23:55:00,1.45916,1.45919,1.45911,1.45919,240000000.0
2011-06-08 23:56:00,1.45919,1.45922,1.45915,1.45915,375000000.0
2011-06-08 23:57:00,1.45913,1.45917,1.45902,1.45909,971399993.8964844
2011-06-08 23:58:00,1.45912,1.45917,1.45909,1.45909,442500000.0
2011-06-08 23:59:00,1.45909,1.45919,1.45909,1.45918,526500015.25878906
2011-06-09 00:00:00,1.45918,1.45921,1.45917,1.45921,240000000.0
2011-06-09 00:01:00,1.45922,1.4595,1.45918,1.45918,1523999938.9648438
2011-06-09 00:02:00,1.45918,1.45922,1.45893,1.45895,1395800018.3105469
2011-06-09 00:03:00,1.45895,1.4592,1.45893,1.45916,705100021.3623047
2011-06-09 00:04:00,1.45917,1.45928,1.45917,1.45924,650999984.7412109
2011-06-09 00:05:00,1.45925,1.45925,1.45868,1.45876,1338899993.8964844
2011-06-09 00:06:00,1.45879,1.45913,1.45871,1.4589,1461799926.7578125
2011-06-09 00:07:00,1.4589,1.45913,1.45882,1.45911,1384499969.4824219
2011-06-09 00:08:00,1.45911,1.45944,1.45881,1.45944,2050500030.5175781
2011-06-09 00:09:00,1.45944,1.45986,1.45944,1.45982,1383800048.828125
2011-06-09 00:10:00,1.4598,1.45994,1.45975,1.45993,782300033.5693359
2011-06-09 00:11:00,1.45994,1.46045,1.45994,1.46026,2149499969.482422
2011-06-09 00:12:00,1.46023,1.46043,1.46017,1.46026,1494799957.2753906
2011-06-09 00:13:00,1.46025,1.46029,1.46011,1.46028,1055899963.3789062
2011-06-09 00:14:00,1.46029,1.46055,1.46028,1.46041,870899963.3789062
2011-06-09 00:15:00,1.46042,1.46054,1.46029,1.46049,1405000000.0
2011-06-09 00:16:00,1.46052,1.46058,1.46029,1.4604,1384700012.2070312
2011-06-09 00:17:00,1.46039,1.46044,1.4603,1.46042,1533300018.3105469
2011-06-09 00:18:00,1.46041,1.46052,1.4604,1.46043,1232300033.569336
2011-06-09 00:19:00,1.46041,1.46047,1.46027,1.46046,939000015.2587891
2011-06-09 00:20:00,1.46045,1.46084,1.46045,1.46084,1528800048.828125
2011-06-09 00:21:00,1.46086,1.46091,1.46062,1.4609,1990700073.2421875
2011-06-09 00:22:00,1.4609,1.46092,1.46066,1.46092,1604600067.1386719
2011-06-09 00:23:00,1.4609,1.4611,1.4609,1.46092,869300003.0517578
2011-06-09 00:24:00,1.46089,1.46089,1.46051,1.46066,1666100006.1035156
2011-06-09 00:25:00,1.46073,1.46073,1.46053,1.46054,1237500000.0
2011-06-09 00:26:00,1.46059,1.46068,1.46058,1.4606,825000000.0
2011-06-09 00:27:00,1.46065,1.46088,1.4606,1.46084,1000599975.5859375
2011-06-09 00:28:00,1.46083,1.46083,1.46057,1.46075,853499984.7412109
2011-06-09 00:29:00,1.4608,1.46089,1.46066,1.46066,688499984.7412109
2011-06-09 00:30:00,1.46067,1.46079,1.4606,1.46064,921200027.4658203
2011-06-09 00:31:00,1.46062,1.46075,1.4606,1.46065,695299987.7929688
2011-06-09 00:32:00,1.46064,1.46084,1.46064,1.46075,893300018.3105469
2011-06-09 00:33:00,1.46077,1.46079,1.4605,1.46052,629399986.2670898
2011-06-09 00:34:00,1.46051,1.46059,1.45999,1.46009,1657799987.7929688
2011-06-09 00:35:00,1.46009,1.46028,1.45993,1.46004,2087200012.2070312
2011-06-09 00:36:00,1.46006,1.46013,1.46,1.46006,1504400024.4140625
2011-06-09 00:37:00,1.46006,1.46014,1.45988,1.46014,1294400024.4140625
2011-06-09 00:38:00,1.46012,1.46021,1.46004,1.4602,1083000030.5175781
2011-06-09 00:39:00,1.4602,1.46025,1.46002,1.46008,538499984.7412109
2011-06-09 00:40:00,1.4601,1.4603,1.4601,1.46021,1282500000.0
2011-06-09 00:41:00,1.46023,1.46029,1.46015,1.46018,1308000030.5175781
2011-06-09 00:42:00,1.46022,1.46038,1.46022,1.46038,588800010.6811523
2011-06-09 00:43:00,1.46036,1.46058,1.46036,1.46043,1363500061.0351562
2011-06-09 00:44:00,1.46043,1.46047,1.46022,1.46043,1214400024.4140625
2011-06-09 00:45:00,1.46043,1.46058,1.46041,1.46057,405000000.0
2011-06-09 00:46:00,1.46055,1.46063,1.46025,1.46029,995299987.7929688
2011-06-09 00:47:00,1.46031,1.46066,1.46031,1.4606,667500000.0
2011-06-09 00:48:00,1.46059,1.46059,1.46029,1.46029,641999969.4824219
2011-06-09 00:49:00,1.46031,1.46051,1.46031,1.46043,776299972.5341797
2011-06-09 00:50:00,1.46043,1.46055,1.46032,1.46055,802500000.0
2011-06-09 00:51:00,1.46054,1.4606,1.46045,1.46056,819800033.5693359
2011-06-09 00:52:00,1.46056,1.46058,1.46053,1.46053,556500015.2587891
2011-06-09 00:53:00,1.46053,1.46054,1.46042,1.46044,457500000.0
2011-06-09 00:54:00,1.46044,1.46051,1.46031,1.46049,1578099975.5859375
2011-06-09 00:55:00,1.46048,1.46077,1.46046,1.46062,1661999969.4824219
2011-06-09 00:56:00,1.46062,1.46079,1.46061,1.46079,784499969.4824219
2011-06-09 00:57:00,1.46079,1.46081,1.46071,1.46073,632999992.3706055
2011-06-09 00:58:00,1.46076,1.46135,1.46076,1.46125,1891000061.0351562
2011-06-09 00:59:00,1.46124,1.46133,1.46122,1.46124,1079400024.4140625
2011-06-09 01:00:00,1.46123,1.4613,1.46105,1.46127,1438500061.0351562
2011-06-09 01:01:00,1.46125,1.46148,1.46108,1.46138,1823999938.9648438
2011-06-09 01:02:00,1.46139,1.46141,1.46126,1.4613,2106699981.6894531
2011-06-09 01:03:00,1.46131,1.46138,1.46104,1.46104,2804100036.6210938
2011-06-09 01:04:00,1.46104,1.46139,1.46094,1.4613,2128000030.5175781
2011-06-09 01:05:00,1.46135,1.4615,1.4613,1.46148,1291699981.6894531
2011-06-09 01:06:00,1.46149,1.46161,1.46133,1.46135,1615899963.3789062
2011-06-09 01:07:00,1.46139,1.4619,1.46124,1.46184,2121600036.6210938
2011-06-09 01:08:00,1.46184,1.46214,1.46165,1.46212,2042700042.7246094
2011-06-09 01:09:00,1.46211,1.46249,1.46211,1.46229,2291100006.1035156
2011-06-09 01:10:00,1.4623,1.46238,1.46209,1.46224,1822100067.1386719
2011-06-09 01:11:00,1.46224,1.46231,1.46212,1.46223,1270599975.5859375
2011-06-09 01:12:00,1.46227,1.46256,1.46226,1.46248,2418999938.9648438
2011-06-09 01:13:00,1.46248,1.4625,1.46212,1.46219,1410399932.8613281
2011-06-09 01:14:00,1.46219,1.4623,1.46208,1.46208,789000015.2587891
2011-06-09 01:15:00,1.46208,1.46212,1.4619,1.46193,1898500061.0351562
2011-06-09 01:16:00,1.46197,1.46225,1.46197,1.46199,1236200027.4658203
2011-06-09 01:17:00,1.46199,1.46211,1.46191,1.46209,1340099945.0683594
2011-06-09 01:18:00,1.46209,1.46225,1.46206,1.46211,1360500030.5175781
2011-06-09 01:19:00,1.46213,1.4623,1.46199,1.46229,1611999969.4824219
2011-06-09 01:20:00,1.46229,1.46261,1.46228,1.46255,1420700073.2421875
2011-06-09 01:21:00,1.46255,1.46255,1.46226,1.46233,1347899932.8613281
2011-06-09 01:22:00,1.46232,1.46234,1.46203,1.46218,1562599945.0683594
2011-06-09 01:23:00,1.46215,1.46239,1.46204,1.46239,1061500015.2587891
2011-06-09 01:24:00,1.46236,1.46236,1.46227,1.46232,565499992.3706055
2011-06-09 01:25:00,1.46232,1.46236,1.46209,1.46235,1865700073.2421875
2011-06-09 01:26:00,1.46232,1.46237,1.46218,1.46221,1234800033.569336
2011-06-09 01:27:00,1.46224,1.4623,1.46213,1.4622,1071399993.8964844
2011-06-09 01:28:00,1.46219,1.46231,1.46212,1.46231,1009499969.4824219
2011-06-09 01:29:00,1.46231,1.46231,1.46214,1.4622,909199981.6894531
2011-06-09 01:30:00,1.4622,1.4622,1.46147,1.4617,2200800018.310547
2011-06-09 01:31:00,1.46169,1.46169,1.46107,1.46125,2438200073.2421875
2011-06-09 01:32:00,1.46123,1.46188,1.46123,1.46178,2907500000.0
2011-06-09 01:33:00,1.46182,1.4619,1.4616,1.46175,2358800048.828125
2011-06-09 01:34:00,1.46175,1.4618,1.46154,1.46154,1448300018.3105469
2011-06-09 01:35:00,1.46154,1.46163,1.46128,1.4614,1345500030.5175781
2011-06-09 01:36:00,1.46138,1.46151,1.46131,1.46144,1098199996.9482422
2011-06-09 01:37:00,1.46145,1.46209,1.46144,1.46207,1725399932.8613281
2011-06-09 01:38:00,1.46207,1.46207,1.46179,1.46187,1828099975.5859375
2011-06-09 01:39:00,1.46189,1.4621,1.46188,1.462,1462299957.2753906
2011-06-09 01:40:00,1.46199,1.46233,1.4618,1.46231,1496399993.8964844
2011-06-09 01:41:00,1.46231,1.46239,1.46222,1.46239,838499984.7412109
2011-06-09 01:42:00,1.46241,1.46271,1.46238,1.46269,1495800018.3105469
2011-06-09 01:43:00,1.46263,1.46278,1.46254,1.46263,2168600006.1035156
2011-06-09 01:44:00,1.46263,1.46278,1.4626,1.4627,1374400024.4140625
2011-06-09 01:45:00,1.46268,1.46273,1.46259,1.4626,1234499969.4824219
2011-06-09 01:46:00,1.46258,1.46259,1.46205,1.46226,2094499969.4824219
2011-06-09 01:47:00,1.46225,1.46244,1.46217,1.46231,1597799987.7929688
2011-06-09 01:48:00,1.46231,1.46254,1.46231,1.46238,783099975.5859375
2011-06-09 01:49:00,1.46238,1.46249,1.46237,1.46242,730699996.9482422
2011-06-09 01:50:00,1.46242,1.46264,1.46242,1.46264,762099990.8447266
2011-06-09 01:51:00,1.46263,1.46269,1.46232,1.46241,1331399993.8964844
2011-06-09 01:52:00,1.46241,1.4625,1.46227,1.46234,1149899978.6376953
2011-06-09 01:53:00,1.46234,1.46262,1.46234,1.46249,1056200027.4658203
2011-06-09 01:54:00,1.4625,1.46255,1.46224,1.46231,1564799957.2753906
2011-06-09 01:55:00,1.4623,1.46251,1.4623,1.46245,810800018.3105469
2011-06-09 01:56:00,1.46248,1.46248,1.4623,1.4624,637500000.0
2011-06-09 01:57:00,1.4624,1.46245,1.46221,1.46221,1465500030.5175781
2011-06-09 01:58:00,1.46221,1.46221,1.4617,1.46196,2211100006.1035156
2011-06-09 01:59:00,1.46195,1.46219,1.46186,1.46219,1722799987.7929688
2011-06-09 02:00:00,1.46221,1.46267,1.4622,1.46257,1650599975.5859375
2011-06-09 02:01:00,1.46256,1.46281,1.46236,1.46244,2251999969.482422
2011-06-09 02:02:00,1.46245,1.46269,1.46245,1.46261,1476100006.1035156
2011-06-09 02:03:00,1.46259,1.46268,1.46233,1.46238,1091299972.5341797
2011-06-09 02:04:00,1.4624,1.46242,1.46221,1.46237,988499984.7412109
2011-06-09 02:05:00,1.46235,1.46241,1.46219,1.46224,695999984.7412109
2011-06-09 02:06:00,1.46224,1.46239,1.46205,1.46209,1089899978.6376953
2011-06-09 02:07:00,1.46213,1.46224,1.46195,1.46199,1640299987.7929688
2011-06-09 02:08:00,1.46201,1.4621,1.46148,1.46155,2640400085.4492188
2011-06-09 02:09:00,1.46152,1.46179,1.4615,1.46163,2290899963.3789062
2011-06-09 02:10:00,1.4616,1.46183,1.46158,1.46183,1448999938.9648438
2011-06-09 02:11:00,1.46182,1.46204,1.46182,1.46203,728300018.3105469
2011-06-09 02:12:00,1.46199,1.46205,1.46178,1.46179,1476100006.1035156
2011-06-09 02:13:00,1.46184,1.46186,1.46169,1.4617,1113099975.5859375
2011-06-09 02:14:00,1.46169,1.46197,1.46166,1.46192,2261300048.828125
2011-06-09 02:15:00,1.4619,1.4619,1.46153,1.46173,1410800018.3105469
2011-06-09 02:16:00,1.46173,1.46187,1.46154,1.46164,1619299926.7578125
2011-06-09 02:17:00,1.46164,1.46197,1.46164,1.46182,1632899932.8613281
2011-06-09 02:18:00,1.4618,1.46193,1.46169,1.46192,1155899963.3789062
2011-06-09 02:19:00,1.46192,1.46197,1.46181,1.46192,1671999969.4824219
2011-06-09 02:20:00,1.46199,1.46199,1.46186,1.46188,960100021.3623047
2011-06-09 02:21:00,1.46188,1.46188,1.46178,1.46181,956999969.4824219
2011-06-09 02:22:00,1.46182,1.46199,1.46182,1.46197,748499984.7412109
2011-06-09 02:23:00,1.46197,1.462,1.46182,1.46185,1137399978.6376953
2011-06-09 02:24:00,1.46183,1.46189,1.46169,1.46183,1395899963.3789062
2011-06-09 02:25:00,1.46184,1.46185,1.46162,1.46175,980999984.7412109
2011-06-09 02:26:00,1.46174,1.46174,1.4616,1.4616,387000007.62939453
2011-06-09 02:27:00,1.4616,1.4616,1.4616,1.4616,120000000.0
2011-06-09 02:28:00,1.4616,1.46179,1.4616,1.46178,615900001.5258789
2011-06-09 02:29:00,1.46173,1.46186,1.46173,1.46186,439500007.62939453
2011-06-09 02:30:00,1.46184,1.46188,1.46162,1.46169,969400024.4140625
2011-06-09 02:31:00,1.46169,1.46184,1.46166,1.46166,969100036.6210938
2011-06-09 02:32:00,1.46166,1.46182,1.46166,1.46182,934899978.6376953
2011-06-09 02:33:00,1.46182,1.46193,1.46181,1.46189,427500000.0
2011-06-09 02:34:00,1.46189,1.46205,1.46189,1.46197,693000030.5175781
2011-06-09 02:35:00,1.46195,1.46218,1.46195,1.46214,637599983.215332
2011-06-09 02:36:00,1.46215,1.46217,1.46196,1.46212,1570500030.5175781
2011-06-09 02:37:00,1.46213,1.4622,1.46213,1.46214,272999992.37060547
2011-06-09 02:38:00,1.46213,1.46218,1.46192,1.46194,1286300048.828125
2011-06-09 02:39:00,1.46194,1.46201,1.46191,1.46199,1057500000.0
2011-06-09 02:40:00,1.46196,1.46197,1.46191,1.46195,504000015.25878906
2011-06-09 02:41:00,1.46195,1.46199,1.46194,1.46194,328499984.74121094
2011-06-09 02:42:00,1.46195,1.46198,1.46195,1.46195,315000000.0
2011-06-09 02:43:00,1.46196,1.46196,1.46196,1.46196,227500000.0
2011-06-09 02:44:00,1.46196,1.46201,1.4619,1.4619,772500000.0
2011-06-09 02:45:00,1.46192,1.46201,1.46192,1.46201,97500000.0
2011-06-09 02:46:00,1.46202,1.46207,1.46197,1.46206,210000000.0
2011-06-09 02:47:00,1.46202,1.46228,1.46199,1.46227,1617100067.1386719
2011-06-09 02:48:00,1.46228,1.46237,1.46226,1.46233,743499984.7412109
2011-06-09 02:49:00,1.46233,1.46253,1.46233,1.46252,598499984.7412109
2011-06-09 02:50:00,1.46253,1.46258,1.46253,1.46258,539700012.2070312
2011-06-09 02:51:00,1.46258,1.46287,1.46258,1.46278,1209800033.569336
2011-06-09 02:52:00,1.46278,1.46278,1.46257,1.46257,744800033.5693359
2011-06-09 02:53:00,1.46264,1.46267,1.46253,1.46264,719300003.0517578
2011-06-09 02:54:00,1.46265,1.46293,1.46265,1.46291,1566999969.4824219
2011-06-09 02:55:00,1.46291,1.46309,1.46291,1.46305,1386100006.1035156
2011-06-09 02:56:00,1.46304,1.46304,1.46299,1.46299,373499984.74121094
2011-06-09 02:57:00,1.46297,1.46297,1.46252,1.46255,1740200042.7246094
2011-06-09 02:58:00,1.46255,1.46276,1.46253,1.46275,1004300003.0517578
2011-06-09 02:59:00,1.46276,1.46277,1.46258,1.46258,971399993.8964844
2011-06-09 03:00:00,1.46258,1.46258,1.4625,1.46252,696100006.1035156
2011-06-09 03:01:00,1.4625,1.46269,1.4625,1.46269,916500015.2587891
2011-06-09 03:02:00,1.46269,1.4628,1.46259,1.46274,957799987.7929688
2011-06-09 03:03:00,1.46274,1.46294,1.4627,1.46284,1391999969.4824219
2011-06-09 03:04:00,1.46285,1.46302,1.46285,1.46302,928199996.9482422
2011-06-09 03:05:00,1.46302,1.46302,1.46263,1.46286,2583099975.5859375
2011-06-09 03:06:00,1.46278,1.46307,1.46278,1.463,2113500061.0351562
2011-06-09 03:07:00,1.463,1.46303,1.46271,1.46277,1629100036.6210938
2011-06-09 03:08:00,1.46276,1.46285,1.46273,1.4628,643499984.7412109
2011-06-09 03:09:00,1.4628,1.4628,1.46269,1.46275,807600021.3623047
2011-06-09 03:10:00,1.46273,1.46279,1.46273,1.46275,829400024.4140625
2011-06-09 03:11:00,1.46274,1.46278,1.4627,1.4627,502500000.0
2011-06-09 03:12:00,1.46271,1.46285,1.46271,1.46278,532500000.0
2011-06-09 03:13:00,1.4628,1.46284,1.46279,1.46282,382599983.21533203
2011-06-09 03:14:00,1.46282,1.46289,1.46276,1.46286,772600021.3623047
2011-06-09 03:15:00,1.46289,1.46314,1.46285,1.46311,1525700073.2421875
2011-06-09 03:16:00,1.46313,1.46314,1.46275,1.46294,1464799957.2753906
2011-06-09 03:17:00,1.46294,1.46296,1.4624,1.4624,1140100021.3623047
2011-06-09 03:18:00,1.46239,1.46259,1.46239,1.46257,645000000.0
2011-06-09 03:19:00,1.4626,1.46285,1.4626,1.46284,808499984.7412109
2011-06-09 03:20:00,1.46284,1.46285,1.46256,1.46265,1273600006.1035156
2011-06-09 03:21:00,1.46264,1.4627,1.46259,1.4627,936800003.0517578
2011-06-09 03:22:00,1.46271,1.46271,1.46249,1.46254,820500030.5175781
2011-06-09 03:23:00,1.46257,1.46266,1.46248,1.4626,845999984.7412109
2011-06-09 03:24:00,1.46257,1.46263,1.46244,1.46263,566599998.4741211
2011-06-09 03:25:00,1.4627,1.4627,1.46247,1.46262,587999992.3706055
2011-06-09 03:26:00,1.46265,1.46269,1.46252,1.46259,417000007.62939453
2011-06-09 03:27:00,1.46262,1.46268,1.46262,1.46268,247500000.0
2011-06-09 03:28:00,1.46268,1.4628,1.46268,1.46275,381899986.26708984
2011-06-09 03:29:00,1.46275,1.46279,1.46273,1.46275,682600021.3623047
2011-06-09 03:30:00,1.46273,1.46279,1.46254,1.46255,522999992.37060547
2011-06-09 03:31:00,1.46254,1.46258,1.46228,1.46249,1082799987.7929688
2011-06-09 03:32:00,1.46248,1.46253,1.46232,1.46238,780899963.3789062
2011-06-09 03:33:00,1.46239,1.46244,1.46237,1.46241,277500000.0
2011-06-09 03:34:00,1.46244,1.46245,1.46234,1.46241,485999984.74121094
2011-06-09 03:35:00,1.46242,1.46251,1.46241,1.46251,330000000.0
2011-06-09 03:36:00,1.46254,1.46259,1.46253,1.46255,300000000.0
2011-06-09 03:37:00,1.46254,1.46254,1.46236,1.46245,565499992.3706055
2011-06-09 03:38:00,1.46243,1.46246,1.46231,1.46231,247500000.0
2011-06-09 03:39:00,1.46231,1.46239,1.46222,1.46227,1077099990.8447266
2011-06-09 03:40:00,1.46227,1.46231,1.46207,1.46207,927099990.8447266
2011-06-09 03:41:00,1.46207,1.46224,1.462,1.46209,1743000030.5175781
2011-06-09 03:42:00,1.46209,1.46216,1.46206,1.46209,602999992.3706055
2011-06-09 03:43:00,1.46212,1.46215,1.4621,1.46215,247500000.0
2011-06-09 03:44:00,1.46215,1.46215,1.46209,1.46214,362500000.0
2011-06-09 03:45:00,1.46214,1.46225,1.46209,1.46219,753000030.5175781
2011-06-09 03:46:00,1.46222,1.46235,1.46222,1.46224,744000015.2587891
2011-06-09 03:47:00,1.46223,1.4623,1.46223,1.46227,308999996.18530273
2011-06-09 03:48:00,1.46224,1.46231,1.46202,1.46203,1783500061.0351562
2011-06-09 03:49:00,1.46206,1.46209,1.46172,1.46175,1572799987.7929688
2011-06-09 03:50:00,1.46174,1.46206,1.46174,1.46202,1055999984.7412109
2011-06-09 03:51:00,1.46202,1.46204,1.46195,1.46202,435000000.0
2011-06-09 03:52:00,1.46203,1.46211,1.46197,1.46199,817500000.0
2011-06-09 03:53:00,1.46199,1.46203,1.4619,1.46194,743399963.3789062
2011-06-09 03:54:00,1.46195,1.46197,1.46173,1.46173,916600036.6210938
2011-06-09 03:55:00,1.46172,1.46185,1.46169,1.46184,1014000015.2587891
2011-06-09 03:56:00,1.46186,1.46208,1.46186,1.46207,283500003.81469727
2011-06-09 03:57:00,1.46204,1.46217,1.46204,1.46217,342000007.62939453
2011-06-09 03:58:00,1.46217,1.46217,1.46182,1.46192,2019799957.2753906
2011-06-09 03:59:00,1.46192,1.46199,1.46171,1.46184,1590899963.3789062
2011-06-09 04:00:00,1.46184,1.46185,1.46155,1.46165,1565500030.5175781
2011-06-09 04:01:00,1.46165,1.46167,1.46159,1.46159,452099990.84472656
2011-06-09 04:02:00,1.46162,1.46164,1.46144,1.46151,1215800018.3105469
2011-06-09 04:03:00,1.46151,1.4618,1.46151,1.46179,883499984.7412109
2011-06-09 04:04:00,1.46178,1.46193,1.46177,1.46179,694400024.4140625
2011-06-09 04:05:00,1.46178,1.4619,1.4616,1.4616,1175299987.7929688
2011-06-09 04:06:00,1.46166,1.4617,1.46147,1.46151,1060100021.3623047
2011-06-09 04:07:00,1.46151,1.46159,1.46133,1.46136,781600036.6210938
2011-06-09 04:08:00,1.46134,1.46143,1.46132,1.46142,1208799972.5341797
2011-06-09 04:09:00,1.46147,1.46152,1.46147,1.46152,498899993.8964844
2011-06-09 04:10:00,1.46149,1.46152,1.46136,1.4615,956399993.8964844
2011-06-09 04:11:00,1.4615,1.46164,1.46142,1.46164,506800003.0517578
2011-06-09 04:12:00,1.46164,1.4617,1.46153,1.46158,1026999969.4824219
2011-06-09 04:13:00,1.46155,1.46161,1.46144,1.46153,395900001.5258789
2011-06-09 04:14:00,1.46152,1.46159,1.46144,1.46144,454599990.84472656
2011-06-09 04:15:00,1.46143,1.4616,1.46143,1.46152,679700012.2070312
2011-06-09 04:16:00,1.46152,1.46154,1.46144,1.46148,657799987.7929688
2011-06-09 04:17:00,1.46147,1.46167,1.46139,1.46152,1102099990.8447266
2011-06-09 04:18:00,1.46152,1.46164,1.46137,1.46157,1918699951.171875
2011-06-09 04:19:00,1.46156,1.46175,1.46142,1.46155,1608300018.3105469
2011-06-09 04:20:00,1.46156,1.46162,1.46156,1.46161,102100000.38146973
2011-06-09 04:21:00,1.46162,1.46178,1.46152,1.46177,478600006.1035156
2011-06-09 04:22:00,1.46179,1.46179,1.46145,1.46155,1070899963.3789062
2011-06-09 04:23:00,1.46153,1.46167,1.46152,1.46167,1043799972.5341797
2011-06-09 04:24:00,1.46168,1.46181,1.46167,1.46181,514199981.6894531
2011-06-09 04:25:00,1.46182,1.46182,1.46155,1.46155,835599975.5859375
2011-06-09 04:26:00,1.46156,1.46178,1.46156,1.46166,973099975.5859375
2011-06-09 04:27:00,1.46164,1.46164,1.46124,1.46141,1257300033.569336
2011-06-09 04:28:00,1.46142,1.46151,1.46128,1.46135,1071699981.6894531
2011-06-09 04:29:00,1.46135,1.46151,1.46125,1.46146,1030899963.3789062
2011-06-09 04:30:00,1.46146,1.46151,1.46128,1.4613,1376699981.6894531
2011-06-09 04:31:00,1.46131,1.4615,1.46131,1.46136,819800033.5693359
2011-06-09 04:32:00,1.46136,1.46139,1.46132,1.46139,403899993.8964844
2011-06-09 04:33:00,1.46139,1.46147,1.46139,1.46145,182099990.84472656
2011-06-09 04:34:00,1.46145,1.46167,1.46145,1.46153,751100006.1035156
2011-06-09 04:35:00,1.46152,1.46158,1.46152,1.46152,296700000.76293945
2011-06-09 04:36:00,1.46152,1.46167,1.46152,1.46158,670699996.9482422
2011-06-09 04:37:00,1.46152,1.46159,1.46147,1.46154,754899978.6376953
2011-06-09 04:38:00,1.46154,1.46168,1.46153,1.46167,389500007.62939453
2011-06-09 04:39:00,1.46168,1.46186,1.46165,1.46169,722900009.1552734
2011-06-09 04:40:00,1.46169,1.4618,1.46169,1.46175,583499984.7412109
2011-06-09 04:41:00,1.46174,1.46187,1.46166,1.4617,1205100021.3623047
2011-06-09 04:42:00,1.46173,1.46173,1.46164,1.46164,246100006.10351562
2011-06-09 04:43:00,1.46163,1.46175,1.46159,1.46172,407799987.79296875
2011-06-09 04:44:00,1.46172,1.46186,1.46169,1.46184,703000030.5175781
2011-06-09 04:45:00,1.46181,1.46188,1.46158,1.46166,1125899963.3789062
2011-06-09 04:46:00,1.46167,1.4619,1.46167,1.4618,1422700042.7246094
2011-06-09 04:47:00,1.46179,1.46181,1.46163,1.4617,899300003.0517578
2011-06-09 04:48:00,1.4617,1.4618,1.46165,1.46167,1209300003.0517578
2011-06-09 04:49:00,1.46166,1.46174,1.46151,1.46152,923899993.8964844
2011-06-09 04:50:00,1.46153,1.46172,1.46153,1.46166,497099990.84472656
2011-06-09 04:51:00,1.46165,1.46167,1.46165,1.46167,130600004.19616699
2011-06-09 04:52:00,1.46166,1.4617,1.46142,1.46157,985400009.1552734
2011-06-09 04:53:00,1.46155,1.4616,1.46152,1.46156,529000015.25878906
2011-06-09 04:54:00,1.46156,1.46182,1.46156,1.4618,607099990.8447266
2011-06-09 04:55:00,1.46177,1.46188,1.46171,1.46177,1702500000.0
2011-06-09 04:56:00,1.46176,1.462,1.46173,1.46194,1406600036.6210938
2011-06-09 04:57:00,1.46194,1.4621,1.46185,1.4621,1567200012.2070312
2011-06-09 04:58:00,1.46212,1.46249,1.46208,1.46244,1605299987.7929688
2011-06-09 04:59:00,1.46246,1.46259,1.46238,1.46248,1893699951.171875
2011-06-09 05:00:00,1.46248,1.46262,1.46238,1.46254,1939799957.2753906
2011-06-09 05:01:00,1.46249,1.46253,1.46239,1.46244,1433200073.2421875
2011-06-09 05:02:00,1.46244,1.46267,1.46243,1.46264,996399993.8964844
2011-06-09 05:03:00,1.46265,1.46268,1.46239,1.46262,1115000000.0
2011-06-09 05:04:00,1.46262,1.4627,1.46246,1.46255,982300033.5693359
2011-06-09 05:05:00,1.46256,1.46256,1.46238,1.46245,1011999969.4824219
2011-06-09 05:06:00,1.46243,1.4625,1.46237,1.46245,1252500000.0
2011-06-09 05:07:00,1.46246,1.46257,1.46236,1.46255,1727299957.2753906
2011-06-09 05:08:00,1.46255,1.46267,1.46239,1.46251,2211100006.1035156
2011-06-09 05:09:00,1.46251,1.46258,1.46244,1.46248,644599990.8447266
2011-06-09 05:10:00,1.4625,1.4625,1.46239,1.46242,493800010.68115234
2011-06-09 05:11:00,1.46243,1.46243,1.46229,1.46236,448100013.73291016
2011-06-09 05:12:00,1.46236,1.4625,1.46234,1.46244,517299995.4223633
2011-06-09 05:13:00,1.46244,1.46244,1.46231,1.46239,635099983.215332
2011-06-09 05:14:00,1.46239,1.46239,1.46223,1.4623,735100021.3623047
2011-06-09 05:15:00,1.4623,1.4623,1.46214,1.46223,1208000030.5175781
2011-06-09 05:16:00,1.46221,1.46222,1.46219,1.46219,159499998.09265137
2011-06-09 05:17:00,1.46219,1.46224,1.4621,1.46219,802300033.5693359
2011-06-09 05:18:00,1.46217,1.46247,1.46217,1.46245,734199981.6894531
2011-06-09 05:19:00,1.46246,1.4626,1.46245,1.46259,646800003.0517578
2011-06-09 05:20:00,1.46257,1.46257,1.46232,1.46256,674300003.0517578
2011-06-09 05:21:00,1.46258,1.46269,1.46235,1.46251,955100021.3623047
2011-06-09 05:22:00,1.46248,1.46256,1.46218,1.46256,1352500000.0
2011-06-09 05:23:00,1.46252,1.46254,1.46234,1.46236,1922100067.1386719
2011-06-09 05:24:00,1.46238,1.4625,1.46237,1.46246,2046799926.7578125
2011-06-09 05:25:00,1.4625,1.46253,1.46237,1.46253,732099990.8447266
2011-06-09 05:26:00,1.46253,1.46267,1.46249,1.46265,497099990.84472656
2011-06-09 05:27:00,1.46266,1.46273,1.46241,1.46241,2046999969.4824219
2011-06-09 05:28:00,1.4624,1.4625,1.46214,1.46215,1382599945.0683594
2011-06-09 05:29:00,1.46217,1.46249,1.46217,1.46241,1219300003.0517578
2011-06-09 05:30:00,1.46242,1.46257,1.4624,1.46257,440900001.5258789
2011-06-09 05:31:00,1.46257,1.46273,1.46254,1.46264,1618500061.0351562
2011-06-09 05:32:00,1.46265,1.46268,1.46259,1.46265,578300018.3105469
2011-06-09 05:33:00,1.46265,1.46297,1.46265,1.46294,1035800018.3105469
2011-06-09 05:34:00,1.46294,1.46299,1.46281,1.46281,1112600021.3623047
2011-06-09 05:35:00,1.46282,1.46283,1.46266,1.46267,1141800003.0517578
2011-06-09 05:36:00,1.46268,1.46279,1.46265,1.46273,1272799987.7929688
2011-06-09 05:37:00,1.46278,1.4629,1.46271,1.46281,653399963.3789062
2011-06-09 05:38:00,1.46282,1.46288,1.46269,1.46277,1206699981.6894531
2011-06-09 05:39:00,1.46278,1.46282,1.46278,1.46279,101300001.14440918
2011-06-09 05:40:00,1.46276,1.46283,1.46272,1.46276,803399963.3789062
2011-06-09 05:41:00,1.46276,1.46297,1.46266,1.46294,1286999969.4824219
2011-06-09 05:42:00,1.46294,1.46301,1.4626,1.4626,2259199981.689453
2011-06-09 05:43:00,1.46261,1.46267,1.46216,1.46216,1736999969.4824219
2011-06-09 05:44:00,1.4621,1.46232,1.4621,1.46215,2032299957.2753906
2011-06-09 05:45:00,1.46211,1.46211,1.46161,1.46179,2453000030.517578
2011-06-09 05:46:00,1.46177,1.46177,1.46144,1.46147,1606900024.4140625
2011-06-09 05:47:00,1.46145,1.46164,1.46145,1.46164,887600021.3623047
2011-06-09 05:48:00,1.46166,1.46193,1.46166,1.46179,1211200027.4658203
2011-06-09 05:49:00,1.46181,1.46183,1.46181,1.46183,289099998.4741211
2011-06-09 05:50:00,1.46183,1.46214,1.46183,1.46213,1169700012.2070312
2011-06-09 05:51:00,1.46212,1.46212,1.46194,1.46194,840500030.5175781
2011-06-09 05:52:00,1.46194,1.46196,1.46164,1.46164,1305200042.7246094
2011-06-09 05:53:00,1.46162,1.46162,1.46131,1.46145,974599990.8447266
2011-06-09 05:54:00,1.46145,1.46153,1.46134,1.46142,2075599975.5859375
2011-06-09 05:55:00,1.46142,1.46158,1.46137,1.46157,1708800048.828125
2011-06-09 05:56:00,1.46155,1.46155,1.46138,1.46138,666299972.5341797
2011-06-09 05:57:00,1.46136,1.46159,1.46136,1.46158,1775899963.3789062
2011-06-09 05:58:00,1.46158,1.46178,1.46158,1.46171,381399993.8964844
2011-06-09 05:59:00,1.46171,1.46177,1.46161,1.46165,514099998.4741211
2011-06-09 06:00:00,1.46167,1.46172,1.4616,1.46161,1294400024.4140625
2011-06-09 06:01:00,1.46161,1.46186,1.4615,1.46186,1459700012.2070312
2011-06-09 06:02:00,1.4618,1.46201,1.46173,1.46201,1844499969.4824219
2011-06-09 06:03:00,1.46201,1.46243,1.46201,1.46234,1655299987.7929688
2011-06-09 06:04:00,1.46237,1.46247,1.46227,1.46242,1401100006.1035156
2011-06-09 06:05:00,1.46247,1.4625,1.46227,1.4624,1557500000.0
2011-06-09 06:06:00,1.4624,1.46242,1.46228,1.46231,747300033.5693359
2011-06-09 06:07:00,1.46232,1.4624,1.46221,1.46235,1222099990.8447266
2011-06-09 06:08:00,1.46238,1.46241,1.46227,1.46238,1280800018.3105469
2011-06-09 06:09:00,1.46238,1.4625,1.46234,1.46249,807900009.1552734
2011-06-09 06:10:00,1.46249,1.46249,1.46236,1.46237,986299972.5341797
2011-06-09 06:11:00,1.46237,1.46243,1.46233,1.46233,913499984.7412109
2011-06-09 06:12:00,1.46233,1.46242,1.46232,1.46238,965699996.9482422
2011-06-09 06:13:00,1.46236,1.46246,1.46224,1.46232,1439700012.2070312
2011-06-09 06:14:00,1.46233,1.46242,1.46219,1.46232,1973300018.3105469
2011-06-09 06:15:00,1.46232,1.46238,1.46227,1.46231,1127900009.1552734
2011-06-09 06:16:00,1.46229,1.46241,1.46227,1.46227,975999984.7412109
2011-06-09 06:17:00,1.46226,1.46242,1.46226,1.46238,1591300048.828125
2011-06-09 06:18:00,1.46241,1.46269,1.4624,1.46267,1443999938.9648438
2011-06-09 06:19:00,1.46261,1.46292,1.46255,1.46279,1702700042.7246094
2011-06-09 06:20:00,1.46279,1.4628,1.4626,1.46262,2310500030.517578
2011-06-09 06:21:00,1.46266,1.46287,1.46266,1.46269,2002599945.0683594
2011-06-09 06:22:00,1.46269,1.4627,1.46223,1.46241,2470099945.0683594
2011-06-09 06:23:00,1.46241,1.46249,1.46215,1.46238,2149900054.9316406
2011-06-09 06:24:00,1.46242,1.46242,1.46225,1.46228,935400009.1552734
2011-06-09 06:25:00,1.46227,1.4623,1.46199,1.46199,1443300018.3105469
2011-06-09 06:26:00,1.46199,1.4621,1.46183,1.46183,1474799957.2753906
2011-06-09 06:27:00,1.46182,1.46191,1.46155,1.4619,1601699981.6894531
2011-06-09 06:28:00,1.46191,1.46221,1.46189,1.46206,1967700042.7246094
2011-06-09 06:29:00,1.46204,1.46229,1.46191,1.46229,1951199951.171875
2011-06-09 06:30:00,1.46228,1.46228,1.46189,1.46214,1865000000.0
2011-06-09 06:31:00,1.46213,1.46229,1.46205,1.46225,1765599975.5859375
2011-06-09 06:32:00,1.46225,1.46238,1.46211,1.46215,1269199981.6894531
2011-06-09 06:33:00,1.46215,1.46242,1.46206,1.46241,1239499969.4824219
2011-06-09 06:34:00,1.4624,1.46266,1.46227,1.46264,2003800048.828125
2011-06-09 06:35:00,1.46264,1.46278,1.46243,1.46275,2350500030.517578
2011-06-09 06:36:00,1.46275,1.46276,1.46202,1.46211,2269900054.9316406
2011-06-09 06:37:00,1.46211,1.46211,1.46186,1.46195,1591100006.1035156
2011-06-09 06:38:00,1.46196,1.46221,1.46195,1.46212,1308999938.9648438
2011-06-09 06:39:00,1.46213,1.46214,1.46196,1.46203,1351799926.7578125
2011-06-09 06:40:00,1.46203,1.46203,1.46183,1.46197,1453899993.8964844
2011-06-09 06:41:00,1.46197,1.46198,1.4615,1.46159,1390700073.2421875
2011-06-09 06:42:00,1.46163,1.46179,1.4616,1.46168,1327200012.2070312
2011-06-09 06:43:00,1.46167,1.46168,1.4615,1.4615,1303399963.3789062
2011-06-09 06:44:00,1.46149,1.4618,1.46149,1.46179,1706000061.0351562
2011-06-09 06:45:00,1.46177,1.46187,1.4613,1.4614,2672200012.2070312
2011-06-09 06:46:00,1.46141,1.46154,1.46136,1.46149,1997599945.0683594
2011-06-09 06:47:00,1.46149,1.46149,1.46064,1.4607,1911699981.6894531
2011-06-09 06:48:00,1.46075,1.46094,1.46071,1.46093,1946199951.171875
2011-06-09 06:49:00,1.46095,1.46123,1.46083,1.46088,1986000061.0351562
2011-06-09 06:50:00,1.46087,1.46098,1.46073,1.46089,2012500000.0
2011-06-09 06:51:00,1.46085,1.46118,1.46075,1.46109,1498300018.3105469
2011-06-09 06:52:00,1.4611,1.46115,1.461,1.46111,1171299972.5341797
2011-06-09 06:53:00,1.4611,1.4611,1.4608,1.46081,1125599975.5859375
2011-06-09 06:54:00,1.46081,1.46098,1.46063,1.46091,2144799957.2753906
2011-06-09 06:55:00,1.46091,1.46091,1.46064,1.46074,1895399932.8613281
2011-06-09 06:56:00,1.46075,1.46107,1.46075,1.46107,1092900009.1552734
2011-06-09 06:57:00,1.46107,1.46141,1.46107,1.4614,2366000061.0351562
2011-06-09 06:58:00,1.4614,1.46189,1.4614,1.46183,2200399932.861328
2011-06-09 06:59:00,1.46182,1.46223,1.46178,1.46209,1985800018.3105469
2011-06-09 07:00:00,1.46209,1.46253,1.46209,1.4624,3271900024.4140625
2011-06-09 07:01:00,1.4624,1.46261,1.46218,1.46252,2123600006.1035156
2011-06-09 07:02:00,1.46252,1.46277,1.46219,1.46225,3538299865.7226562
2011-06-09 07:03:00,1.46225,1.46264,1.46225,1.46246,2770499877.9296875
2011-06-09 07:04:00,1.46246,1.46246,1.46225,1.46236,2773800048.828125
2011-06-09 07:05:00,1.46238,1.46345,1.46238,1.46329,4148800048.828125
2011-06-09 07:06:00,1.46325,1.4636,1.46323,1.46343,3681499938.9648438
2011-06-09 07:07:00,1.46343,1.46348,1.46329,1.4633,1568800048.828125
2011-06-09 07:08:00,1.46334,1.46388,1.46333,1.46368,2201799926.7578125
2011-06-09 07:09:00,1.46368,1.46389,1.46368,1.46377,2417599945.0683594
2011-06-09 07:10:00,1.46377,1.46426,1.46375,1.46403,3290700073.2421875
2011-06-09 07:11:00,1.46401,1.46409,1.46378,1.46387,2092400054.9316406
2011-06-09 07:12:00,1.46388,1.46412,1.46387,1.46398,2387799987.7929688
2011-06-09 07:13:00,1.46398,1.46426,1.46391,1.46391,2546399993.8964844
2011-06-09 07:14:00,1.46393,1.46439,1.46388,1.4643,2419299926.7578125
2011-06-09 07:15:00,1.46431,1.46455,1.46423,1.46455,1658999938.9648438
2011-06-09 07:16:00,1.46455,1.46457,1.46421,1.46421,2442899932.861328
2011-06-09 07:17:00,1.46421,1.46428,1.46401,1.46422,1843699951.171875
2011-06-09 07:18:00,1.46422,1.46423,1.4639,1.46395,1322500000.0
2011-06-09 07:19:00,1.46396,1.46405,1.4639,1.46395,1208000030.5175781
2011-06-09 07:20:00,1.46394,1.46399,1.46379,1.46391,1458999938.9648438
2011-06-09 07:21:00,1.46391,1.46402,1.46381,1.46397,1510700073.2421875
2011-06-09 07:22:00,1.46396,1.46421,1.46389,1.46421,1636699981.6894531
2011-06-09 07:23:00,1.46421,1.46431,1.46409,1.46409,1395399932.8613281
2011-06-09 07:24:00,1.46411,1.46415,1.46395,1.46399,1490200042.7246094
2011-06-09 07:25:00,1.46401,1.46402,1.46382,1.46387,1756499938.9648438
2011-06-09 07:26:00,1.46388,1.46388,1.4637,1.46371,1417599945.0683594
2011-06-09 07:27:00,1.46371,1.46391,1.4636,1.4638,1578399963.3789062
2011-06-09 07:28:00,1.46384,1.464,1.46374,1.464,1878300018.3105469
2011-06-09 07:29:00,1.46398,1.46405,1.46366,1.46383,2260000000.0
2011-06-09 07:30:00,1.46383,1.46387,1.46345,1.46352,2416699981.689453
2011-06-09 07:31:00,1.46352,1.46364,1.46337,1.46348,1302599945.0683594
2011-06-09 07:32:00,1.46348,1.46371,1.46341,1.46354,2142200012.2070312
2011-06-09 07:33:00,1.46353,1.46368,1.4634,1.46341,1681100006.1035156
2011-06-09 07:34:00,1.4634,1.46378,1.46338,1.46364,2369400024.4140625
2011-06-09 07:35:00,1.46366,1.46375,1.46355,1.46373,1739499969.4824219
2011-06-09 07:36:00,1.46373,1.46379,1.46353,1.46353,1575500030.5175781
2011-06-09 07:37:00,1.46356,1.46363,1.46353,1.46356,1643200073.2421875
2011-06-09 07:38:00,1.46358,1.46381,1.46356,1.46375,1296499938.9648438
2011-06-09 07:39:00,1.46373,1.46375,1.46346,1.46346,1183000030.5175781
2011-06-09 07:40:00,1.46345,1.46351,1.46337,1.46339,1824600067.1386719
2011-06-09 07:41:00,1.4634,1.46373,1.46332,1.46361,2148399963.3789062
2011-06-09 07:42:00,1.46361,1.46377,1.46351,1.46377,2179299926.7578125
2011-06-09 07:43:00,1.46377,1.46389,1.46361,1.46389,2118500061.0351562
2011-06-09 07:44:00,1.46386,1.46412,1.46386,1.46411,1803899993.8964844
2011-06-09 07:45:00,1.46412,1.4645,1.46411,1.46428,2311600036.6210938
2011-06-09 07:46:00,1.46428,1.46428,1.46374,1.46392,2941499938.9648438
2011-06-09 07:47:00,1.4639,1.4639,1.46355,1.46359,1587899932.8613281
2011-06-09 07:48:00,1.46359,1.46362,1.46347,1.46357,1677500000.0
2011-06-09 07:49:00,1.46359,1.46372,1.46351,1.46368,1965599975.5859375
2011-06-09 07:50:00,1.46367,1.46374,1.46362,1.46369,1501699981.6894531
2011-06-09 07:51:00,1.46371,1.46371,1.4634,1.46343,2055700073.2421875
2011-06-09 07:52:00,1.46345,1.46358,1.46335,1.46355,1556000061.0351562
2011-06-09 07:53:00,1.46354,1.46362,1.46331,1.46334,2143099975.5859375
2011-06-09 07:54:00,1.46336,1.46337,1.46315,1.46321,1951499938.9648438
2011-06-09 07:55:00,1.46319,1.4634,1.46319,1.4634,1786600036.6210938
2011-06-09 07:56:00,1.4634,1.46344,1.46332,1.46334,1432700042.7246094
2011-06-09 07:57:00,1.46334,1.4634,1.46315,1.46333,1390599975.5859375
2011-06-09 07:58:00,1.46333,1.46334,1.46308,1.4632,2307400054.9316406
2011-06-09 07:59:00,1.46319,1.46328,1.46304,1.46304,1574100036.6210938
2011-06-09 08:00:00,1.46304,1.46304,1.46276,1.46286,2001799926.7578125
2011-06-09 08:01:00,1.46286,1.46291,1.46249,1.46261,1691100006.1035156
2011-06-09 08:02:00,1.46259,1.46279,1.46258,1.46264,1236299972.5341797
2011-06-09 08:03:00,1.46264,1.46282,1.46258,1.46259,1787299957.2753906
2011-06-09 08:04:00,1.46261,1.46271,1.4626,1.4626,1003899993.8964844
2011-06-09 08:05:00,1.46261,1.4628,1.4626,1.4628,1744799957.2753906
2011-06-09 08:06:00,1.4628,1.4628,1.46266,1.46271,819300003.0517578
2011-06-09 08:07:00,1.46272,1.46299,1.46272,1.46291,1174499969.4824219
2011-06-09 08:08:00,1.46291,1.46328,1.46291,1.46297,1985000000.0
2011-06-09 08:09:00,1.46296,1.46296,1.46264,1.46265,1576999969.4824219
2011-06-09 08:10:00,1.46265,1.46308,1.46264,1.46304,1873300018.3105469
2011-06-09 08:11:00,1.46303,1.46306,1.46285,1.46304,1892500000.0
2011-06-09 08:12:00,1.46304,1.46316,1.46293,1.46309,1485800018.3105469
2011-06-09 08:13:00,1.46306,1.46309,1.46293,1.46303,1023199996.9482422
2011-06-09 08:14:00,1.46304,1.46318,1.46281,1.46287,2416399993.8964844
2011-06-09 08:15:00,1.46287,1.46298,1.46271,1.46289,1876100006.1035156
2011-06-09 08:16:00,1.46289,1.46295,1.46274,1.46286,1414499969.4824219
2011-06-09 08:17:00,1.46286,1.46291,1.46263,1.46269,1507100067.1386719
2011-06-09 08:18:00,1.46268,1.46288,1.46258,1.46263,1969400024.4140625
2011-06-09 08:19:00,1.46265,1.46265,1.4622,1.4623,2758599853.515625
2011-06-09 08:20:00,1.46231,1.46269,1.46231,1.46264,1777899932.8613281
2011-06-09 08:21:00,1.46265,1.46269,1.46247,1.46247,1134300003.0517578
2011-06-09 08:22:00,1.46247,1.46247,1.46231,1.46237,1508000030.5175781
2011-06-09 08:23:00,1.46237,1.46251,1.46225,1.46225,1647400054.9316406
2011-06-09 08:24:00,1.46225,1.46231,1.46208,1.4622,1714400024.4140625
2011-06-09 08:25:00,1.46219,1.4624,1.46209,1.46239,1635899963.3789062
2011-06-09 08:26:00,1.46239,1.46239,1.4622,1.46237,2001100006.1035156
2011-06-09 08:27:00,1.46237,1.46259,1.46227,1.46259,1298300018.3105469
2011-06-09 08:28:00,1.46258,1.46272,1.46246,1.46247,1680399932.8613281
2011-06-09 08:29:00,1.46248,1.46258,1.46244,1.46253,1376199951.171875
2011-06-09 08:30:00,1.46255,1.46272,1.46254,1.46261,1418200073.2421875
2011-06-09 08:31:00,1.46261,1.46299,1.46261,1.46288,1452400054.9316406
2011-06-09 08:32:00,1.46288,1.46298,1.46268,1.46268,917500000.0
2011-06-09 08:33:00,1.46267,1.46276,1.46255,1.46268,1930000000.0
2011-06-09 08:34:00,1.46267,1.46309,1.46267,1.463,2449799957.2753906
2011-06-09 08:35:00,1.46302,1.46314,1.46299,1.46312,691800003.0517578
2011-06-09 08:36:00,1.46312,1.46351,1.46309,1.46342,1936699981.6894531
2011-06-09 08:37:00,1.4634,1.46351,1.4633,1.46351,1585899963.3789062
2011-06-09 08:38:00,1.4635,1.4635,1.46311,1.46325,2448699951.171875
2011-06-09 08:39:00,1.46325,1.4634,1.4632,1.46321,1499100036.6210938
2011-06-09 08:40:00,1.46321,1.46336,1.46314,1.46323,1717700042.7246094
2011-06-09 08:41:00,1.46323,1.46329,1.46301,1.46302,1501399993.8964844
2011-06-09 08:42:00,1.46302,1.46302,1.46251,1.46252,2633200073.2421875
2011-06-09 08:43:00,1.46252,1.46292,1.46252,1.46286,1211600036.6210938
2011-06-09 08:44:00,1.4628,1.46282,1.46229,1.46239,1552400054.9316406
2011-06-09 08:45:00,1.46239,1.46264,1.46225,1.46254,2643399963.3789062
2011-06-09 08:46:00,1.46253,1.46253,1.46208,1.46224,2685899963.3789062
2011-06-09 08:47:00,1.46224,1.46232,1.4621,1.46213,1706799926.7578125
2011-06-09 08:48:00,1.46213,1.46269,1.46213,1.46256,1126399993.8964844
2011-06-09 08:49:00,1.46252,1.46269,1.46235,1.46247,1985500030.5175781
2011-06-09 08:50:00,1.46249,1.4627,1.46245,1.4625,1559700012.2070312
2011-06-09 08:51:00,1.46248,1.46254,1.4623,1.46251,1783899993.8964844
2011-06-09 08:52:00,1.46251,1.46253,1.46228,1.46238,1761100006.1035156
2011-06-09 08:53:00,1.46237,1.4624,1.46208,1.46222,2596099853.515625
2011-06-09 08:54:00,1.46222,1.46235,1.46211,1.46227,2147599945.0683594
2011-06-09 08:55:00,1.46226,1.46242,1.46216,1.46242,1966999969.4824219
2011-06-09 08:56:00,1.46243,1.46266,1.46241,1.46252,2158899993.8964844
2011-06-09 08:57:00,1.46255,1.46285,1.46252,1.46283,2059600067.1386719
2011-06-09 08:58:00,1.46284,1.46292,1.46272,1.46273,1750899963.3789062
2011-06-09 08:59:00,1.46271,1.46278,1.4624,1.46273,2701400146.484375
2011-06-09 09:00:00,1.46269,1.46275,1.46237,1.46256,2201900024.4140625
2011-06-09 09:01:00,1.46256,1.46268,1.46256,1.46267,1676399993.8964844
2011-06-09 09:02:00,1.46267,1.46269,1.4626,1.46263,906100006.1035156
2011-06-09 09:03:00,1.46263,1.46271,1.46235,1.46255,2361199951.171875
2011-06-09 09:04:00,1.46253,1.46253,1.46164,1.46172,2192200012.2070312
2011-06-09 09:05:00,1.46171,1.46191,1.46149,1.46149,2372100067.138672
2011-06-09 09:06:00,1.46149,1.46169,1.46122,1.46143,2830100097.65625
2011-06-09 09:07:00,1.46144,1.46162,1.46131,1.46148,2496600036.6210938
2011-06-09 09:08:00,1.4615,1.4618,1.46146,1.4618,2090700073.2421875
2011-06-09 09:09:00,1.46178,1.46193,1.46161,1.46164,1956300048.828125
2011-06-09 09:10:00,1.46165,1.46168,1.46136,1.46149,1961699981.6894531
2011-06-09 09:11:00,1.46148,1.46179,1.46143,1.46177,2159100036.6210938
2011-06-09 09:12:00,1.46177,1.46187,1.46165,1.46186,1425599975.5859375
2011-06-09 09:13:00,1.46188,1.46212,1.46188,1.46212,1185899963.3789062
2011-06-09 09:14:00,1.46215,1.46227,1.46165,1.46188,2053399963.3789062
2011-06-09 09:15:00,1.46187,1.46198,1.46162,1.46163,1705899963.3789062
2011-06-09 09:16:00,1.46166,1.46187,1.46163,1.46183,1210800018.3105469
2011-06-09 09:17:00,1.4618,1.4618,1.46133,1.46137,2747500000.0
2011-06-09 09:18:00,1.46135,1.46186,1.46134,1.46181,2517100067.138672
2011-06-09 09:19:00,1.46181,1.46199,1.4617,1.4617,1829499969.4824219
2011-06-09 09:20:00,1.46171,1.46171,1.46097,1.46135,2777699890.1367188
2011-06-09 09:21:00,1.46133,1.46144,1.46123,1.4614,1506999969.4824219
2011-06-09 09:22:00,1.46141,1.46148,1.46135,1.46142,2012299957.2753906
2011-06-09 09:23:00,1.46145,1.4616,1.46142,1.46148,1322299957.2753906
2011-06-09 09:24:00,1.4615,1.46159,1.46142,1.4615,1543300018.3105469
2011-06-09 09:25:00,1.46148,1.4615,1.46089,1.46089,2706799926.7578125
2011-06-09 09:26:00,1.46089,1.46126,1.46085,1.46114,3154200134.2773438
2011-06-09 09:27:00,1.46116,1.46143,1.46102,1.46139,1746699981.6894531
2011-06-09 09:28:00,1.46139,1.4614,1.46116,1.46139,1661900024.4140625
2011-06-09 09:29:00,1.4614,1.46157,1.46137,1.46137,1268300018.3105469
2011-06-09 09:30:00,1.46137,1.46142,1.46106,1.46107,1454900054.9316406
2011-06-09 09:31:00,1.46107,1.46121,1.46101,1.46121,1357799987.7929688
2011-06-09 09:32:00,1.46121,1.46121,1.46109,1.46119,861900024.4140625
2011-06-09 09:33:00,1.4612,1.46121,1.4607,1.46097,2300599975.5859375
2011-06-09 09:34:00,1.46099,1.46113,1.46092,1.4611,1496900024.4140625
2011-06-09 09:35:00,1.46111,1.46145,1.46109,1.46113,1919100036.6210938
2011-06-09 09:36:00,1.46114,1.46153,1.46114,1.4615,1887299957.2753906
2011-06-09 09:37:00,1.4615,1.46161,1.46133,1.46141,1472899932.8613281
2011-06-09 09:38:00,1.46141,1.46149,1.46139,1.46149,1886999969.4824219
2011-06-09 09:39:00,1.46149,1.4616,1.46147,1.46159,1245899963.3789062
2011-06-09 09:40:00,1.46159,1.46168,1.46159,1.46165,1150599975.5859375
2011-06-09 09:41:00,1.46168,1.46201,1.46157,1.46163,2615599975.5859375
2011-06-09 09:42:00,1.46162,1.4618,1.46142,1.46179,1636999969.4824219
2011-06-09 09:43:00,1.46179,1.46196,1.46178,1.46195,1913399963.3789062
2011-06-09 09:44:00,1.46199,1.46201,1.4619,1.46195,1295700073.2421875
2011-06-09 09:45:00,1.46195,1.462,1.46172,1.46176,1736300048.828125
2011-06-09 09:46:00,1.46177,1.46201,1.46173,1.46186,2191399993.8964844
2011-06-09 09:47:00,1.46187,1.46193,1.46169,1.46188,1853600006.1035156
2011-06-09 09:48:00,1.46188,1.46219,1.46185,1.46216,1617200012.2070312
2011-06-09 09:49:00,1.46214,1.46217,1.4619,1.46191,1439400024.4140625
2011-06-09 09:50:00,1.46191,1.46209,1.46182,1.46182,1794900054.9316406
2011-06-09 09:51:00,1.46181,1.4619,1.46164,1.46179,2028500061.0351562
2011-06-09 09:52:00,1.4618,1.462,1.46173,1.46187,1301000061.0351562
2011-06-09 09:53:00,1.46183,1.46217,1.46172,1.462,1594499969.4824219
2011-06-09 09:54:00,1.462,1.46201,1.46169,1.4617,2133300018.3105469
2011-06-09 09:55:00,1.4617,1.46173,1.46144,1.46147,1896199951.171875
2011-06-09 09:56:00,1.46144,1.46146,1.46132,1.46133,1361199951.171875
2011-06-09 09:57:00,1.46133,1.46156,1.46116,1.46155,1361900024.4140625
2011-06-09 09:58:00,1.46161,1.46173,1.4614,1.46159,1408000030.5175781
2011-06-09 09:59:00,1.46159,1.46173,1.46155,1.46157,974700012.2070312
2011-06-09 10:00:00,1.46156,1.46159,1.4614,1.46151,1527299957.2753906
2011-06-09 10:01:00,1.46151,1.46151,1.4614,1.4615,1090299987.7929688
2011-06-09 10:02:00,1.4615,1.46163,1.46142,1.46159,1409499969.4824219
2011-06-09 10:03:00,1.46159,1.46159,1.46151,1.46154,631800003.0517578
2011-06-09 10:04:00,1.46153,1.46165,1.46132,1.46132,1433500061.0351562
2011-06-09 10:05:00,1.46133,1.46134,1.46102,1.46107,1702700042.7246094
2011-06-09 10:06:00,1.46107,1.46119,1.46093,1.46119,1124599990.8447266
2011-06-09 10:07:00,1.46117,1.46118,1.46075,1.46079,1442700042.7246094
2011-06-09 10:08:00,1.46081,1.46082,1.4607,1.46075,1221800003.0517578
2011-06-09 10:09:00,1.46074,1.46082,1.4605,1.46073,1446999969.4824219
2011-06-09 10:10:00,1.46072,1.46098,1.4607,1.46093,1695099945.0683594
2011-06-09 10:11:00,1.46091,1.46096,1.4608,1.4609,1435299987.7929688
2011-06-09 10:12:00,1.46085,1.4609,1.4608,1.4608,1042799987.7929688
2011-06-09 10:13:00,1.46077,1.4609,1.46069,1.46071,1368899993.8964844
2011-06-09 10:14:00,1.46071,1.46096,1.4607,1.46091,1705800018.3105469
2011-06-09 10:15:00,1.4609,1.46121,1.46085,1.46121,2179100036.6210938
2011-06-09 10:16:00,1.46121,1.4613,1.46102,1.46128,2077400054.9316406
2011-06-09 10:17:00,1.46128,1.46141,1.46116,1.4613,2123800048.828125
2011-06-09 10:18:00,1.46133,1.46136,1.46096,1.46115,1488300018.3105469
2011-06-09 10:19:00,1.46111,1.46122,1.46093,1.46109,1669499969.4824219
2011-06-09 10:20:00,1.4611,1.4611,1.46062,1.46068,1677100067.1386719
2011-06-09 10:21:00,1.46067,1.46099,1.46067,1.46091,2204799957.2753906
2011-06-09 10:22:00,1.46092,1.461,1.46084,1.46099,1842200012.2070312
2011-06-09 10:23:00,1.46102,1.46131,1.46093,1.46128,1739199981.6894531
2011-06-09 10:24:00,1.4613,1.4613,1.46082,1.46102,1934600067.1386719
2011-06-09 10:25:00,1.461,1.4611,1.46062,1.46062,1728999938.9648438
2011-06-09 10:26:00,1.46062,1.46079,1.46052,1.46075,2199600067.138672
2011-06-09 10:27:00,1.46079,1.46109,1.46063,1.46091,1818500061.0351562
2011-06-09 10:28:00,1.46088,1.46095,1.46051,1.46059,2424799957.2753906
2011-06-09 10:29:00,1.46059,1.46075,1.46012,1.46023,2491000061.0351562
2011-06-09 10:30:00,1.46023,1.46023,1.45987,1.46019,1841300048.828125
2011-06-09 10:31:00,1.4602,1.46041,1.46013,1.46039,1994100036.6210938
2011-06-09 10:32:00,1.4604,1.46042,1.46014,1.46026,1354799957.2753906
2011-06-09 10:33:00,1.46033,1.46049,1.46021,1.46036,1413399963.3789062
2011-06-09 10:34:00,1.46035,1.46036,1.45993,1.45999,1966000061.0351562
2011-06-09 10:35:00,1.46,1.46,1.45968,1.45977,2952600097.65625
2011-06-09 10:36:00,1.45977,1.46035,1.45974,1.46004,2785899963.3789062
2011-06-09 10:37:00,1.46002,1.4603,1.46,1.4603,2429400024.4140625
2011-06-09 10:38:00,1.4603,1.4603,1.46006,1.46013,2214199981.689453
2011-06-09 10:39:00,1.46011,1.4603,1.46011,1.46019,1912899932.8613281
2011-06-09 10:40:00,1.46019,1.46031,1.46014,1.46028,1409100036.6210938
2011-06-09 10:41:00,1.46028,1.46042,1.46022,1.46027,1264000015.258789
2011-06-09 10:42:00,1.46028,1.46031,1.46025,1.46028,762099990.8447266
2011-06-09 10:43:00,1.46029,1.46035,1.46012,1.46012,1424199981.6894531
2011-06-09 10:44:00,1.46009,1.46009,1.45991,1.45997,1027799987.7929688
2011-06-09 10:45:00,1.45997,1.45998,1.45973,1.45996,1885700073.2421875
2011-06-09 10:46:00,1.45996,1.46002,1.45943,1.45943,1440500030.5175781
2011-06-09 10:47:00,1.45941,1.45941,1.45908,1.45935,1946699981.6894531
2011-06-09 10:48:00,1.45937,1.45942,1.45913,1.45913,1468099975.5859375
2011-06-09 10:49:00,1.45912,1.45923,1.45885,1.45908,2326999969.482422
2011-06-09 10:50:00,1.45908,1.45908,1.45881,1.45897,1515099945.0683594
2011-06-09 10:51:00,1.45898,1.45924,1.45898,1.45921,2170500030.517578
2011-06-09 10:52:00,1.45922,1.4593,1.45918,1.45927,1654900054.9316406
2011-06-09 10:53:00,1.45926,1.4593,1.45918,1.45924,1246200027.4658203
2011-06-09 10:54:00,1.45923,1.45943,1.45923,1.4594,480299987.79296875
2011-06-09 10:55:00,1.4594,1.4597,1.45934,1.45966,1533800048.828125
2011-06-09 10:56:00,1.45965,1.45966,1.45936,1.4595,1542200012.2070312
2011-06-09 10:57:00,1.45949,1.45979,1.45949,1.45962,1953000030.5175781
2011-06-09 10:58:00,1.4596,1.45982,1.45959,1.45968,1081100006.1035156
2011-06-09 10:59:00,1.45969,1.45977,1.45949,1.45957,1606900024.4140625
2011-06-09 11:00:00,1.45961,1.45961,1.45931,1.45947,1899199981.6894531
2011-06-09 11:01:00,1.45947,1.45947,1.45909,1.4592,1133499984.741211
2011-06-09 11:02:00,1.45921,1.4593,1.45911,1.45927,1128799972.5341797
2011-06-09 11:03:00,1.45929,1.45944,1.45923,1.45928,1262799987.7929688
2011-06-09 11:04:00,1.45928,1.45928,1.45912,1.4592,1389100036.6210938
2011-06-09 11:05:00,1.45919,1.45956,1.4591,1.45951,1708399963.3789062
2011-06-09 11:06:00,1.45952,1.45964,1.45951,1.45964,1324100036.6210938
2011-06-09 11:07:00,1.45965,1.45983,1.45965,1.45974,1206900024.4140625
2011-06-09 11:08:00,1.45973,1.4599,1.45971,1.45983,1275000000.0
2011-06-09 11:09:00,1.45983,1.46021,1.45983,1.46001,2161100006.1035156
2011-06-09 11:10:00,1.46001,1.46011,1.45997,1.46005,1122300033.569336
2011-06-09 11:11:00,1.46005,1.4601,1.45997,1.46009,924100036.6210938
2011-06-09 11:12:00,1.46008,1.46011,1.45998,1.45998,1227500000.0
2011-06-09 11:13:00,1.45996,1.46011,1.45991,1.46005,1413699951.171875
2011-06-09 11:14:00,1.46008,1.46028,1.46001,1.46021,1864100036.6210938
2011-06-09 11:15:00,1.46021,1.46027,1.46011,1.46021,1331699981.6894531
2011-06-09 11:16:00,1.46021,1.46031,1.46019,1.46031,1182799987.7929688
2011-06-09 11:17:00,1.46031,1.46044,1.46029,1.46041,1203300018.3105469
2011-06-09 11:18:00,1.46038,1.46038,1.46025,1.46031,904700012.2070312
2011-06-09 11:19:00,1.4603,1.46052,1.4603,1.46051,592500000.0
2011-06-09 11:20:00,1.46051,1.46061,1.46039,1.46061,1287799987.7929688
2011-06-09 11:21:00,1.4606,1.46061,1.46037,1.46041,1760200042.7246094
2011-06-09 11:22:00,1.46041,1.46056,1.46041,1.46056,1333600006.1035156
2011-06-09 11:23:00,1.46056,1.46103,1.46054,1.46103,1913399963.3789062
2011-06-09 11:24:00,1.46105,1.46109,1.46081,1.46089,1859400024.4140625
2011-06-09 11:25:00,1.46089,1.46089,1.4606,1.46061,1133399963.3789062
2011-06-09 11:26:00,1.46059,1.46082,1.46059,1.46079,1393200073.2421875
2011-06-09 11:27:00,1.46079,1.46095,1.46072,1.46085,1837299957.2753906
2011-06-09 11:28:00,1.46086,1.46102,1.46085,1.46097,1398200073.2421875
2011-06-09 11:29:00,1.46095,1.46095,1.46071,1.46071,1307799987.7929688
2011-06-09 11:30:00,1.46071,1.46071,1.46039,1.46042,604399986.2670898
2011-06-09 11:31:00,1.46043,1.46054,1.46037,1.46054,782399978.6376953
2011-06-09 11:32:00,1.46055,1.46061,1.46052,1.46059,1348899993.8964844
2011-06-09 11:33:00,1.4606,1.46124,1.4606,1.46124,1643600006.1035156
2011-06-09 11:34:00,1.46122,1.46166,1.46121,1.4615,2219499969.482422
2011-06-09 11:35:00,1.46149,1.46168,1.46113,1.46113,1900899963.3789062
2011-06-09 11:36:00,1.46113,1.46137,1.46112,1.46123,1225800018.3105469
2011-06-09 11:37:00,1.46123,1.46149,1.46121,1.46149,1256699981.6894531
2011-06-09 11:38:00,1.46149,1.46164,1.46139,1.46161,1722899932.8613281
2011-06-09 11:39:00,1.46163,1.46199,1.46161,1.46193,2594400024.4140625
2011-06-09 11:40:00,1.46192,1.46194,1.46169,1.46172,1434600067.1386719
2011-06-09 11:41:00,1.4617,1.46179,1.46157,1.46159,1884900054.9316406
2011-06-09 11:42:00,1.46158,1.46169,1.4615,1.46166,1151999969.4824219
2011-06-09 11:43:00,1.4617,1.46209,1.46158,1.46207,2381799926.7578125
2011-06-09 11:44:00,1.46209,1.46212,1.46185,1.46192,2596400146.484375
2011-06-09 11:45:00,1.46185,1.46203,1.46166,1.46202,2754700012.2070312
2011-06-09 11:46:00,1.46206,1.4625,1.46206,1.46229,2252700042.7246094
2011-06-09 11:47:00,1.46228,1.46229,1.46187,1.46187,2088600006.1035156
2011-06-09 11:48:00,1.46187,1.46187,1.4613,1.46152,1882100067.1386719
2011-06-09 11:49:00,1.46157,1.46162,1.4614,1.4614,1632400054.9316406
2011-06-09 11:50:00,1.46141,1.46141,1.4613,1.46132,1371900024.4140625
2011-06-09 11:51:00,1.46132,1.46154,1.46131,1.46132,1241500015.258789
2011-06-09 11:52:00,1.46132,1.46149,1.46131,1.46133,2211399993.8964844
2011-06-09 11:53:00,1.46134,1.46143,1.4613,1.46133,1131900024.4140625
2011-06-09 11:54:00,1.46133,1.46182,1.46131,1.46145,2687000122.0703125
2011-06-09 11:55:00,1.46145,1.46157,1.46129,1.46139,1715700073.2421875
2011-06-09 11:56:00,1.46137,1.46151,1.46131,1.46131,1508999938.9648438
2011-06-09 11:57:00,1.46124,1.46139,1.46124,1.46138,985999984.7412109
2011-06-09 11:58:00,1.46139,1.46178,1.46139,1.46152,1827400054.9316406
2011-06-09 11:59:00,1.46152,1.46191,1.46152,1.46181,1325899963.3789062
2011-06-09 12:00:00,1.46179,1.46191,1.46172,1.46182,2018899993.8964844
2011-06-09 12:01:00,1.46181,1.46188,1.4618,1.46182,564799995.4223633
2011-06-09 12:02:00,1.46182,1.46182,1.46139,1.46139,1217200012.2070312
2011-06-09 12:03:00,1.46139,1.4614,1.4612,1.4614,1552899932.8613281
2011-06-09 12:04:00,1.46141,1.46169,1.46137,1.46165,1378099975.5859375
2011-06-09 12:05:00,1.46166,1.46204,1.46166,1.46199,1768000030.5175781
2011-06-09 12:06:00,1.46199,1.46199,1.46148,1.46151,1184199981.6894531
2011-06-09 12:07:00,1.46152,1.46169,1.46152,1.46156,893600006.1035156
2011-06-09 12:08:00,1.46151,1.46178,1.46138,1.46138,2035899963.3789062
2011-06-09 12:09:00,1.46139,1.46171,1.46139,1.46169,1933500061.0351562
2011-06-09 12:10:00,1.46169,1.46175,1.46149,1.46151,1163099975.5859375
2011-06-09 12:11:00,1.4615,1.4615,1.46096,1.4611,1885099945.0683594
2011-06-09 12:12:00,1.46109,1.46109,1.46093,1.46101,1513899993.8964844
2011-06-09 12:13:00,1.46101,1.46142,1.46101,1.4613,2046699981.6894531
2011-06-09 12:14:00,1.4613,1.4614,1.46118,1.4614,1367799987.7929688
2011-06-09 12:15:00,1.46139,1.4618,1.4613,1.46169,1884700012.2070312
2011-06-09 12:16:00,1.46171,1.46177,1.46141,1.46144,2120700073.2421875
2011-06-09 12:17:00,1.46144,1.46157,1.46138,1.46141,1176200027.4658203
2011-06-09 12:18:00,1.46141,1.46154,1.4614,1.46154,895599975.5859375
2011-06-09 12:19:00,1.46153,1.46155,1.46142,1.46151,880699996.9482422
2011-06-09 12:20:00,1.46155,1.46189,1.46155,1.46178,1984400024.4140625
2011-06-09 12:21:00,1.46179,1.46186,1.46164,1.46169,1538800048.828125
2011-06-09 12:22:00,1.46169,1.46169,1.46146,1.4615,963199996.9482422
2011-06-09 12:23:00,1.4615,1.46173,1.4615,1.46166,1309400024.4140625
2011-06-09 12:24:00,1.46165,1.46188,1.46159,1.46183,1660899963.3789062
2011-06-09 12:25:00,1.46183,1.46191,1.46176,1.46185,1968800048.828125
2011-06-09 12:26:00,1.46185,1.46193,1.46161,1.46165,1628099975.5859375
2011-06-09 12:27:00,1.46164,1.46167,1.46144,1.46151,1574900054.9316406
2011-06-09 12:28:00,1.46151,1.46171,1.46144,1.46167,1666900024.4140625
2011-06-09 12:29:00,1.46166,1.46166,1.46125,1.4613,2110899963.3789062
2011-06-09 12:30:00,1.4613,1.4613,1.46022,1.46024,3106199951.171875
2011-06-09 12:31:00,1.4603,1.46188,1.46024,1.46167,3515599975.5859375
2011-06-09 12:32:00,1.46166,1.46198,1.46133,1.46196,3178200073.2421875
2011-06-09 12:33:00,1.46199,1.4627,1.46199,1.4623,3899100036.6210938
2011-06-09 12:34:00,1.4623,1.46318,1.46215,1.46278,3780499877.9296875
2011-06-09 12:35:00,1.46274,1.46363,1.46239,1.46242,5362899780.2734375
2011-06-09 12:36:00,1.46239,1.4624,1.46113,1.46113,5000700073.2421875
2011-06-09 12:37:00,1.46112,1.46114,1.46001,1.46006,4798800048.828125
2011-06-09 12:38:00,1.46005,1.4604,1.45929,1.46006,5818200073.2421875
2011-06-09 12:39:00,1.46006,1.46087,1.45975,1.46075,5463599853.515625
2011-06-09 12:40:00,1.4608,1.46161,1.46078,1.46115,5342500000.0
2011-06-09 12:41:00,1.46114,1.46127,1.46067,1.46125,3543399963.3789062
2011-06-09 12:42:00,1.46123,1.46123,1.45891,1.45891,5998099975.5859375
2011-06-09 12:43:00,1.45893,1.45893,1.45706,1.45717,4682099914.550781
2011-06-09 12:44:00,1.45717,1.45765,1.45677,1.45719,4520700073.2421875
2011-06-09 12:45:00,1.45719,1.45719,1.45426,1.45428,5829600219.7265625
2011-06-09 12:46:00,1.45426,1.45473,1.45336,1.45362,5007300109.863281
2011-06-09 12:47:00,1.45365,1.45515,1.45365,1.45502,4693500061.035156
2011-06-09 12:48:00,1.45509,1.45516,1.45398,1.45431,5352800292.96875
2011-06-09 12:49:00,1.45432,1.45451,1.45395,1.45412,4337500000.0
2011-06-09 12:50:00,1.45412,1.4542,1.45304,1.45304,4582699890.136719
2011-06-09 12:51:00,1.45303,1.45369,1.45261,1.45369,4181000061.0351562
2011-06-09 12:52:00,1.45375,1.45442,1.4537,1.45419,4121799926.7578125
2011-06-09 12:53:00,1.45419,1.45454,1.45373,1.45441,3761900024.4140625
2011-06-09 12:54:00,1.45442,1.45453,1.45369,1.45369,4827000122.0703125
2011-06-09 12:55:00,1.45368,1.45368,1.45263,1.45321,4401900024.4140625
2011-06-09 12:56:00,1.45322,1.45384,1.45313,1.45363,3771900024.4140625
2011-06-09 12:57:00,1.45367,1.45434,1.45362,1.45398,3834100036.6210938
2011-06-09 12:58:00,1.45396,1.45396,1.45344,1.45344,3715599975.5859375
2011-06-09 12:59:00,1.45341,1.45345,1.45289,1.45331,3720799865.7226562
2011-06-09 13:00:00,1.45331,1.45352,1.45222,1.45222,4122799987.7929688
2011-06-09 13:01:00,1.45221,1.45261,1.45198,1.45211,3913800048.828125
2011-06-09 13:02:00,1.45211,1.45323,1.45211,1.45323,4131400146.484375
2011-06-09 13:03:00,1.45324,1.45387,1.45324,1.45383,3573800048.828125
2011-06-09 13:04:00,1.45383,1.45386,1.45333,1.45381,2868699951.171875
2011-06-09 13:05:00,1.45382,1.45426,1.45369,1.45371,3975000000.0
2011-06-09 13:06:00,1.45371,1.45393,1.45339,1.45392,3107300109.8632812
2011-06-09 13:07:00,1.45391,1.4541,1.45344,1.45344,2665899963.3789062
2011-06-09 13:08:00,1.45346,1.45382,1.45325,1.45378,3249299926.7578125
2011-06-09 13:09:00,1.45379,1.45407,1.45325,1.45331,3567900085.4492188
2011-06-09 13:10:00,1.45336,1.45339,1.45266,1.45281,3274100036.6210938
2011-06-09 13:11:00,1.45284,1.45312,1.45262,1.45262,4062500000.0
2011-06-09 13:12:00,1.45263,1.45263,1.45202,1.45262,3861400146.484375
2011-06-09 13:13:00,1.45262,1.45262,1.45179,1.45228,3366700134.2773438
2011-06-09 13:14:00,1.45227,1.45231,1.45179,1.45179,2286600036.6210938
2011-06-09 13:15:00,1.45183,1.45247,1.4513,1.45242,4663200073.2421875
2011-06-09 13:16:00,1.45241,1.45271,1.45208,1.4522,4118999938.9648438
2011-06-09 13:17:00,1.4522,1.4522,1.45156,1.45156,3067600097.65625
2011-06-09 13:18:00,1.45155,1.45155,1.45056,1.45056,4587600097.65625
2011-06-09 13:19:00,1.45054,1.45054,1.44985,1.44985,5498300170.8984375
2011-06-09 13:20:00,1.44982,1.45053,1.44978,1.45053,4348999938.964844
2011-06-09 13:21:00,1.4506,1.4506,1.44988,1.45016,3393500061.0351562
2011-06-09 13:22:00,1.45016,1.45066,1.45007,1.45064,3485700073.2421875
2011-06-09 13:23:00,1.45067,1.45067,1.44937,1.44993,3471000061.0351562
2011-06-09 13:24:00,1.44993,1.45008,1.44923,1.44939,3713299865.7226562
2011-06-09 13:25:00,1.44934,1.4494,1.4487,1.4487,3647200012.2070312
2011-06-09 13:26:00,1.44868,1.44876,1.4482,1.4482,3772099914.5507812
2011-06-09 13:27:00,1.44824,1.4489,1.44793,1.4489,3554700012.2070312
2011-06-09 13:28:00,1.44892,1.44909,1.44873,1.44903,3313099975.5859375
2011-06-09 13:29:00,1.44901,1.44904,1.4485,1.44853,2881700134.2773438
2011-06-09 13:30:00,1.44852,1.44852,1.44793,1.44821,3794500122.0703125
2011-06-09 13:31:00,1.44823,1.44912,1.44819,1.44911,3982399902.34375
2011-06-09 13:32:00,1.44914,1.44928,1.4489,1.44909,4965799865.722656
2011-06-09 13:33:00,1.44907,1.44907,1.44857,1.44891,4275899963.3789062
2011-06-09 13:34:00,1.44887,1.44887,1.44793,1.44838,3361900024.4140625
2011-06-09 13:35:00,1.44837,1.44848,1.44803,1.44835,3470799865.7226562
2011-06-09 13:36:00,1.44838,1.44881,1.44828,1.44842,3554599914.5507812
2011-06-09 13:37:00,1.44841,1.4487,1.44811,1.44811,3546700134.2773438
2011-06-09 13:38:00,1.44805,1.44849,1.44782,1.44839,4482999877.9296875
2011-06-09 13:39:00,1.44838,1.44875,1.44825,1.44869,2811900024.4140625
2011-06-09 13:40:00,1.4487,1.44937,1.4487,1.44914,3297600097.65625
2011-06-09 13:41:00,1.44916,1.44983,1.4491,1.44965,3673099975.5859375
2011-06-09 13:42:00,1.44966,1.44984,1.44916,1.44924,3517000122.0703125
2011-06-09 13:43:00,1.44924,1.44963,1.44903,1.44953,2387500000.0
2011-06-09 13:44:00,1.44953,1.4497,1.44937,1.44942,2298899993.8964844
2011-06-09 13:45:00,1.44941,1.4499,1.44941,1.44966,3586300048.828125
2011-06-09 13:46:00,1.44973,1.45013,1.4496,1.45013,2808800048.828125
2011-06-09 13:47:00,1.45015,1.45031,1.44986,1.45027,4117300109.8632812
2011-06-09 13:48:00,1.45025,1.4505,1.45021,1.45033,3176199951.171875
2011-06-09 13:49:00,1.45032,1.45088,1.45032,1.45088,2992200012.2070312
2011-06-09 13:50:00,1.4509,1.45095,1.45066,1.45069,3207699890.1367188
2011-06-09 13:51:00,1.45069,1.4507,1.44993,1.45001,3903699951.171875
2011-06-09 13:52:00,1.45007,1.45017,1.44974,1.44991,2997600097.65625
2011-06-09 13:53:00,1.44987,1.45031,1.44985,1.45011,2471100006.1035156
2011-06-09 13:54:00,1.45011,1.45019,1.44979,1.44986,2600400085.4492188
2011-06-09 13:55:00,1.44987,1.45055,1.44974,1.45053,3759700012.2070312
2011-06-09 13:56:00,1.45052,1.45073,1.4503,1.45034,2533600006.1035156
2011-06-09 13:57:00,1.45034,1.45034,1.44994,1.45024,1972700042.7246094
2011-06-09 13:58:00,1.45026,1.45063,1.45023,1.45061,2194100036.6210938
2011-06-09 13:59:00,1.45061,1.45061,1.45007,1.45021,2003399963.3789062
2011-06-09 14:00:00,1.45023,1.45067,1.45008,1.45061,3077799987.7929688
2011-06-09 14:01:00,1.45063,1.45102,1.45061,1.45061,3503500061.0351562
2011-06-09 14:02:00,1.45059,1.45089,1.45056,1.45062,2541600036.6210938
2011-06-09 14:03:00,1.45062,1.45095,1.45062,1.45067,2117500000.0
2011-06-09 14:04:00,1.4507,1.4513,1.45069,1.45107,2993200073.2421875
2011-06-09 14:05:00,1.45106,1.45127,1.4509,1.45109,3287099914.5507812
2011-06-09 14:06:00,1.4511,1.45145,1.45103,1.45143,2256799926.7578125
2011-06-09 14:07:00,1.45141,1.45156,1.45122,1.45124,3156499938.9648438
2011-06-09 14:08:00,1.45127,1.45137,1.45104,1.45105,2505800018.310547
2011-06-09 14:09:00,1.45105,1.45128,1.45085,1.4511,2469900054.9316406
2011-06-09 14:10:00,1.45112,1.45115,1.45069,1.45104,3008200073.2421875
2011-06-09 14:11:00,1.45104,1.45169,1.45104,1.4513,3337000122.0703125
2011-06-09 14:12:00,1.45125,1.45148,1.45104,1.45107,3301700134.2773438
2011-06-09 14:13:00,1.45108,1.45146,1.45073,1.45076,3342399902.34375
2011-06-09 14:14:00,1.45078,1.45111,1.45073,1.45076,2370200042.7246094
2011-06-09 14:15:00,1.45076,1.45076,1.44998,1.44998,3519800109.8632812
2011-06-09 14:16:00,1.44994,1.45023,1.44991,1.45021,2336600036.6210938
2011-06-09 14:17:00,1.45019,1.45024,1.45003,1.45015,2003699951.171875
2011-06-09 14:18:00,1.45016,1.45041,1.45014,1.45021,2375599975.5859375
2011-06-09 14:19:00,1.45022,1.45032,1.45001,1.45031,1973099975.5859375
2011-06-09 14:20:00,1.45034,1.45049,1.45015,1.45015,2737999877.9296875
2011-06-09 14:21:00,1.45015,1.45028,1.45002,1.45014,1940299987.7929688
2011-06-09 14:22:00,1.45013,1.45015,1.44975,1.44981,1988399963.3789062
2011-06-09 14:23:00,1.44983,1.45014,1.44983,1.45011,1410000000.0
2011-06-09 14:24:00,1.45011,1.45015,1.44987,1.44997,2418500061.0351562
2011-06-09 14:25:00,1.44996,1.45029,1.4499,1.45015,2325000000.0
2011-06-09 14:26:00,1.45015,1.4502,1.44975,1.44978,2568599853.515625
2011-06-09 14:27:00,1.44979,1.44995,1.44974,1.44981,2345000000.0
2011-06-09 14:28:00,1.44981,1.44982,1.4493,1.44954,2637300109.8632812
2011-06-09 14:29:00,1.44954,1.44961,1.44941,1.44961,1645099945.0683594
2011-06-09 14:30:00,1.44963,1.44995,1.44932,1.4498,2774299926.7578125
2011-06-09 14:31:00,1.44978,1.45024,1.44971,1.45023,2711600036.6210938
2011-06-09 14:32:00,1.45023,1.45079,1.45023,1.45061,2241900024.4140625
2011-06-09 14:33:00,1.45061,1.45091,1.45054,1.45086,3118699951.171875
2011-06-09 14:34:00,1.45084,1.45087,1.45068,1.45072,1845899963.3789062
2011-06-09 14:35:00,1.45072,1.45096,1.45072,1.45094,1530899963.3789062
2011-06-09 14:36:00,1.45093,1.4513,1.45084,1.45124,2012899932.8613281
2011-06-09 14:37:00,1.45124,1.45124,1.45087,1.45102,2498000030.517578
2011-06-09 14:38:00,1.451,1.45129,1.45093,1.4511,2124199981.6894531
2011-06-09 14:39:00,1.45113,1.45166,1.45113,1.45161,2702999877.9296875
2011-06-09 14:40:00,1.45161,1.45182,1.45156,1.45169,2059100036.6210938
2011-06-09 14:41:00,1.45168,1.4517,1.45139,1.45143,2782799987.7929688
2011-06-09 14:42:00,1.45146,1.4517,1.45146,1.45162,2209799957.2753906
2011-06-09 14:43:00,1.45162,1.45171,1.45149,1.45149,1575399932.8613281
2011-06-09 14:44:00,1.45149,1.4515,1.45098,1.45098,1826499938.9648438
2011-06-09 14:45:00,1.45097,1.45101,1.45036,1.45062,2667399902.34375
2011-06-09 14:46:00,1.45061,1.4507,1.45031,1.45049,2620499877.9296875
2011-06-09 14:47:00,1.45046,1.45067,1.45039,1.45058,1903999938.9648438
2011-06-09 14:48:00,1.45055,1.45079,1.45055,1.45068,2092799987.7929688
2011-06-09 14:49:00,1.45069,1.45128,1.45069,1.45117,2597699890.1367188
2011-06-09 14:50:00,1.45117,1.45146,1.45082,1.45082,3142300109.8632812
2011-06-09 14:51:00,1.45081,1.45104,1.45077,1.45083,2001799926.7578125
2011-06-09 14:52:00,1.45083,1.451,1.45051,1.45051,1750000000.0
2011-06-09 14:53:00,1.45051,1.45071,1.45046,1.45067,1351900024.4140625
2011-06-09 14:54:00,1.45068,1.45082,1.45054,1.45066,1498800048.828125
2011-06-09 14:55:00,1.45065,1.45075,1.4502,1.45044,2505399932.861328
2011-06-09 14:56:00,1.45044,1.45045,1.45025,1.45038,1845599975.5859375
2011-06-09 14:57:00,1.45042,1.45079,1.45042,1.45069,1581300048.828125
2011-06-09 14:58:00,1.45071,1.45073,1.45051,1.45067,1845399932.8613281
2011-06-09 14:59:00,1.45069,1.45089,1.45066,1.45066,1849799957.2753906
2011-06-09 15:00:00,1.45062,1.45072,1.45044,1.45044,1978099975.5859375
2011-06-09 15:01:00,1.45037,1.45046,1.45029,1.45031,2141900024.4140625
2011-06-09 15:02:00,1.45029,1.45043,1.45018,1.45043,1809199981.6894531
2011-06-09 15:03:00,1.45041,1.4506,1.45035,1.4506,1662100067.1386719
2011-06-09 15:04:00,1.4506,1.45063,1.45022,1.45031,2033300018.3105469
2011-06-09 15:05:00,1.45035,1.45069,1.45026,1.45067,1941399993.8964844
2011-06-09 15:06:00,1.45071,1.45084,1.45046,1.45046,2397599945.0683594
2011-06-09 15:07:00,1.45048,1.45053,1.45018,1.45018,1771399993.8964844
2011-06-09 15:08:00,1.45018,1.45032,1.45003,1.45008,1899299926.7578125
2011-06-09 15:09:00,1.45008,1.45023,1.4499,1.45001,2087500000.0
2011-06-09 15:10:00,1.45002,1.45063,1.45002,1.45057,2319299926.7578125
2011-06-09 15:11:00,1.45057,1.45071,1.45049,1.45071,1713600006.1035156
2011-06-09 15:12:00,1.45073,1.45109,1.45065,1.45102,2347799987.7929688
2011-06-09 15:13:00,1.45103,1.45129,1.451,1.45103,2928900146.484375
2011-06-09 15:14:00,1.45103,1.45117,1.45084,1.45113,1987899932.8613281
2011-06-09 15:15:00,1.45112,1.45136,1.45091,1.45131,1743500061.0351562
2011-06-09 15:16:00,1.45134,1.45143,1.45118,1.45126,2152400054.9316406
2011-06-09 15:17:00,1.45126,1.45141,1.45104,1.45135,2335399932.861328
2011-06-09 15:18:00,1.45127,1.45139,1.45119,1.45122,1515899963.3789062
2011-06-09 15:19:00,1.45122,1.45153,1.45122,1.45152,1834700012.2070312
2011-06-09 15:20:00,1.45158,1.45158,1.45127,1.45139,1909299926.7578125
2011-06-09 15:21:00,1.45143,1.45184,1.45143,1.45175,2299499969.482422
2011-06-09 15:22:00,1.45176,1.45176,1.45137,1.45137,1646100006.1035156
2011-06-09 15:23:00,1.45136,1.45142,1.45126,1.4513,1580899963.3789062
2011-06-09 15:24:00,1.4513,1.4513,1.45083,1.45101,2025899963.3789062
2011-06-09 15:25:00,1.45097,1.45108,1.4508,1.45106,2054100036.6210938
2011-06-09 15:26:00,1.45106,1.45107,1.45076,1.45081,2193699951.171875
2011-06-09 15:27:00,1.45079,1.45089,1.45077,1.45089,1292500000.0
2011-06-09 15:28:00,1.45089,1.4511,1.45082,1.45094,1585899963.3789062
2011-06-09 15:29:00,1.45092,1.45111,1.45081,1.45104,1351000061.0351562
2011-06-09 15:30:00,1.45102,1.45122,1.45094,1.45112,1271200027.4658203
2011-06-09 15:31:00,1.45112,1.45161,1.4511,1.45161,1233799972.5341797
2011-06-09 15:32:00,1.45159,1.45185,1.45153,1.45177,2231900024.4140625
2011-06-09 15:33:00,1.45171,1.45182,1.45151,1.45158,1764499969.4824219
2011-06-09 15:34:00,1.45161,1.45161,1.45127,1.45127,1392200012.2070312
2011-06-09 15:35:00,1.45128,1.45159,1.45128,1.45151,1185199966.430664
2011-06-09 15:36:00,1.45151,1.45189,1.45151,1.45172,1425099945.0683594
2011-06-09 15:37:00,1.45172,1.45221,1.45168,1.45218,2066100006.1035156
2011-06-09 15:38:00,1.45219,1.45246,1.45219,1.45243,2007599945.0683594
2011-06-09 15:39:00,1.45242,1.45271,1.45229,1.45252,1981699981.6894531
2011-06-09 15:40:00,1.4525,1.45269,1.4525,1.45269,1893300018.3105469
2011-06-09 15:41:00,1.45269,1.45269,1.45232,1.45232,931100006.1035156
2011-06-09 15:42:00,1.45231,1.45247,1.4523,1.45239,1209199981.6894531
2011-06-09 15:43:00,1.45239,1.45239,1.4523,1.45232,1435700073.2421875
2011-06-09 15:44:00,1.45232,1.45269,1.45232,1.45266,1743999938.9648438
2011-06-09 15:45:00,1.45261,1.45269,1.45256,1.45262,2078500061.0351562
2011-06-09 15:46:00,1.4526,1.45269,1.45239,1.45253,1341300048.828125
2011-06-09 15:47:00,1.45252,1.45291,1.45249,1.4528,2035500030.5175781
2011-06-09 15:48:00,1.45277,1.45286,1.45263,1.45279,1700200042.7246094
2011-06-09 15:49:00,1.45281,1.45309,1.45271,1.4529,1925200042.7246094
2011-06-09 15:50:00,1.45292,1.45337,1.45291,1.45337,2511799926.7578125
2011-06-09 15:51:00,1.45337,1.45337,1.45312,1.45314,1725000000.0
2011-06-09 15:52:00,1.45314,1.45341,1.45311,1.45339,1700800018.3105469
2011-06-09 15:53:00,1.4534,1.45363,1.4531,1.45321,2247599945.0683594
2011-06-09 15:54:00,1.45325,1.45352,1.45314,1.45328,2000099945.0683594
2011-06-09 15:55:00,1.45327,1.4534,1.45319,1.45339,1080800018.3105469
2011-06-09 15:56:00,1.45342,1.45369,1.45342,1.45365,1266800003.0517578
2011-06-09 15:57:00,1.45365,1.45381,1.45351,1.4536,1982599945.0683594
2011-06-09 15:58:00,1.45358,1.45358,1.45335,1.45341,1853000030.5175781
2011-06-09 15:59:00,1.45339,1.45353,1.45312,1.45318,1702400054.9316406
2011-06-09 16:00:00,1.45318,1.45338,1.45289,1.45297,2955599975.5859375
2011-06-09 16:01:00,1.45297,1.45297,1.45251,1.45282,2242200012.2070312
2011-06-09 16:02:00,1.45283,1.45301,1.45278,1.45287,2009499969.4824219
2011-06-09 16:03:00,1.45285,1.45298,1.45271,1.45291,2083999938.9648438
2011-06-09 16:04:00,1.45291,1.45321,1.45271,1.45321,1970899963.3789062
2011-06-09 16:05:00,1.45324,1.45357,1.45318,1.45325,1599499969.4824219
2011-06-09 16:06:00,1.45325,1.45352,1.45324,1.45351,1663899993.8964844
2011-06-09 16:07:00,1.4535,1.45369,1.45335,1.45339,1853999938.9648438
2011-06-09 16:08:00,1.4534,1.45341,1.45324,1.4533,1418999938.9648438
2011-06-09 16:09:00,1.45331,1.45382,1.4533,1.45373,2188200073.2421875
2011-06-09 16:10:00,1.45372,1.45391,1.4536,1.4536,1592599945.0683594
2011-06-09 16:11:00,1.45356,1.45366,1.4532,1.4532,2122200012.2070312
2011-06-09 16:12:00,1.4532,1.45361,1.4532,1.45349,2677799987.7929688
2011-06-09 16:13:00,1.45351,1.45355,1.45311,1.45341,1599400024.4140625
2011-06-09 16:14:00,1.4534,1.4534,1.45265,1.45285,2188399963.3789062
2011-06-09 16:15:00,1.45287,1.45301,1.45257,1.45262,2430299987.7929688
2011-06-09 16:16:00,1.45261,1.45291,1.45244,1.45254,1993000030.5175781
2011-06-09 16:17:00,1.45252,1.45267,1.4523,1.45242,2231600036.6210938
2011-06-09 16:18:00,1.4524,1.45284,1.45233,1.45263,2146199951.171875
2011-06-09 16:19:00,1.45265,1.45289,1.45263,1.45286,1748099975.5859375
2011-06-09 16:20:00,1.45286,1.45291,1.45261,1.45263,1491600036.6210938
2011-06-09 16:21:00,1.45263,1.45265,1.45259,1.45261,915199966.4306641
2011-06-09 16:22:00,1.45261,1.45261,1.45231,1.45234,1465000000.0
2011-06-09 16:23:00,1.45234,1.45237,1.4521,1.45229,1399600067.1386719
2011-06-09 16:24:00,1.4523,1.45241,1.45227,1.45235,1951999969.4824219
2011-06-09 16:25:00,1.45233,1.45268,1.45233,1.45257,1197500000.0
2011-06-09 16:26:00,1.45256,1.45256,1.45228,1.45228,833000030.5175781
2011-06-09 16:27:00,1.45226,1.45233,1.45217,1.4523,795100021.3623047
2011-06-09 16:28:00,1.45231,1.45257,1.45231,1.45241,1103499984.741211
2011-06-09 16:29:00,1.45241,1.45268,1.45241,1.45252,1211500015.258789
2011-06-09 16:30:00,1.45252,1.45262,1.45249,1.45261,677900009.1552734
2011-06-09 16:31:00,1.45261,1.45271,1.45251,1.45251,652799987.7929688
2011-06-09 16:32:00,1.45251,1.45251,1.45225,1.4523,1120500030.5175781
2011-06-09 16:33:00,1.45229,1.45257,1.45223,1.45256,695400009.1552734
2011-06-09 16:34:00,1.45258,1.45263,1.45237,1.4524,1640299987.7929688
2011-06-09 16:35:00,1.45239,1.45242,1.45216,1.45219,1674199981.6894531
2011-06-09 16:36:00,1.45219,1.45262,1.45218,1.45255,1416499938.9648438
2011-06-09 16:37:00,1.45255,1.45255,1.45214,1.45219,1358800048.828125
2011-06-09 16:38:00,1.45221,1.4523,1.45214,1.45221,1324700012.2070312
2011-06-09 16:39:00,1.45221,1.45258,1.45221,1.45253,1327799987.7929688
2011-06-09 16:40:00,1.4525,1.45252,1.45238,1.45247,981699981.6894531
2011-06-09 16:41:00,1.45244,1.45253,1.45237,1.45251,667500000.0
2011-06-09 16:42:00,1.45252,1.45262,1.45235,1.45259,766200027.4658203
2011-06-09 16:43:00,1.4526,1.45261,1.45229,1.45229,697200012.2070312
2011-06-09 16:44:00,1.45235,1.45249,1.45219,1.4523,1730800018.3105469
2011-06-09 16:45:00,1.4523,1.45244,1.45217,1.45243,1106699981.6894531
2011-06-09 16:46:00,1.45241,1.45259,1.45238,1.45259,1054199981.6894531
2011-06-09 16:47:00,1.4526,1.45262,1.45239,1.45255,1179400024.4140625
2011-06-09 16:48:00,1.45255,1.45284,1.45242,1.45284,1783399963.3789062
2011-06-09 16:49:00,1.45289,1.45289,1.45251,1.45263,2626499938.9648438
2011-06-09 16:50:00,1.45263,1.45278,1.45258,1.45267,1728000030.5175781
2011-06-09 16:51:00,1.4527,1.45279,1.45261,1.45279,1603300018.3105469
2011-06-09 16:52:00,1.45279,1.45288,1.45263,1.4528,1397599945.0683594
2011-06-09 16:53:00,1.45273,1.45285,1.45241,1.45242,2049700012.2070312
2011-06-09 16:54:00,1.45238,1.45242,1.45215,1.4523,1670000000.0
2011-06-09 16:55:00,1.45229,1.45243,1.45221,1.45223,1502700042.7246094
2011-06-09 16:56:00,1.45223,1.45229,1.4519,1.45193,2020800018.3105469
2011-06-09 16:57:00,1.45197,1.45217,1.45192,1.45209,1661399993.8964844
2011-06-09 16:58:00,1.45214,1.45229,1.45197,1.45218,1502599945.0683594
2011-06-09 16:59:00,1.4522,1.45284,1.4522,1.45281,1917400054.9316406
2011-06-09 17:00:00,1.45281,1.45289,1.45252,1.45259,1983699951.171875
2011-06-09 17:01:00,1.4526,1.45261,1.45226,1.45242,2213600006.1035156
2011-06-09 17:02:00,1.45244,1.45252,1.4523,1.45247,2339400024.4140625
2011-06-09 17:03:00,1.45248,1.4527,1.45228,1.45228,1480599975.5859375
2011-06-09 17:04:00,1.45229,1.45231,1.45206,1.45214,1470099945.0683594
2011-06-09 17:05:00,1.45214,1.45222,1.45211,1.45215,933000030.5175781
2011-06-09 17:06:00,1.45217,1.45223,1.45172,1.45182,1744700012.2070312
2011-06-09 17:07:00,1.45181,1.45181,1.45125,1.45147,1881900024.4140625
2011-06-09 17:08:00,1.45149,1.4515,1.4513,1.4515,1809900054.9316406
2011-06-09 17:09:00,1.45148,1.45148,1.45111,1.4513,1176299972.5341797
2011-06-09 17:10:00,1.4513,1.45143,1.4513,1.45135,1200000000.0
2011-06-09 17:11:00,1.45135,1.45135,1.45068,1.45074,1863200073.2421875
2011-06-09 17:12:00,1.45074,1.45094,1.45072,1.45084,1957599945.0683594
2011-06-09 17:13:00,1.45088,1.45117,1.45079,1.45102,2103200073.2421875
2011-06-09 17:14:00,1.45102,1.45109,1.45055,1.45098,3385700073.2421875
2011-06-09 17:15:00,1.45098,1.45105,1.4507,1.4507,1650200042.7246094
2011-06-09 17:16:00,1.4507,1.45117,1.4507,1.45115,1377100067.1386719
2011-06-09 17:17:00,1.45116,1.45146,1.45115,1.45146,1195599975.5859375
2011-06-09 17:18:00,1.45143,1.45143,1.45093,1.45096,2024499969.4824219
2011-06-09 17:19:00,1.45095,1.45096,1.45061,1.45069,2300399932.861328
2011-06-09 17:20:00,1.45068,1.45077,1.4504,1.45063,1817500000.0
2011-06-09 17:21:00,1.45062,1.45069,1.45027,1.45027,1957200012.2070312
2011-06-09 17:22:00,1.45023,1.45034,1.45007,1.45032,1712599945.0683594
2011-06-09 17:23:00,1.45031,1.45049,1.45029,1.45044,1187300033.569336
2011-06-09 17:24:00,1.45044,1.4508,1.4504,1.45079,1236800003.0517578
2011-06-09 17:25:00,1.45079,1.4508,1.45065,1.45065,1098000030.5175781
2011-06-09 17:26:00,1.45064,1.45067,1.45023,1.4503,1560000000.0
2011-06-09 17:27:00,1.45031,1.45037,1.45025,1.45032,1267500000.0
2011-06-09 17:28:00,1.45032,1.45057,1.45029,1.45056,645899963.3789062
2011-06-09 17:29:00,1.45055,1.45087,1.45048,1.45058,1846600036.6210938
2011-06-09 17:30:00,1.45059,1.45067,1.45043,1.45051,1207600021.3623047
2011-06-09 17:31:00,1.45054,1.45082,1.4505,1.45074,1489499969.4824219
2011-06-09 17:32:00,1.45075,1.45115,1.4506,1.45107,2641099853.515625
2011-06-09 17:33:00,1.45107,1.45122,1.45101,1.4511,2078500061.0351562
2011-06-09 17:34:00,1.45111,1.4514,1.45111,1.45136,1306699981.6894531
2011-06-09 17:35:00,1.45136,1.4514,1.4512,1.45123,999100036.6210938
2011-06-09 17:36:00,1.45125,1.45132,1.45096,1.45106,1413000030.5175781
2011-06-09 17:37:00,1.45107,1.45122,1.45101,1.45109,1657599945.0683594
2011-06-09 17:38:00,1.4511,1.45115,1.45095,1.451,2043800048.828125
2011-06-09 17:39:00,1.451,1.451,1.45084,1.45099,1020000000.0
2011-06-09 17:40:00,1.451,1.4512,1.45093,1.45097,1471600036.6210938
2011-06-09 17:41:00,1.451,1.45113,1.45098,1.451,941299972.5341797
2011-06-09 17:42:00,1.451,1.45108,1.45083,1.45103,1200100021.3623047
2011-06-09 17:43:00,1.45102,1.45115,1.45097,1.45113,832500000.0
2011-06-09 17:44:00,1.45112,1.45113,1.45088,1.45089,1020000000.0
2011-06-09 17:45:00,1.45088,1.45092,1.45082,1.45085,1237600021.3623047
2011-06-09 17:46:00,1.45085,1.45085,1.45061,1.45072,872300033.5693359
2011-06-09 17:47:00,1.45071,1.45071,1.45062,1.45063,743300018.3105469
2011-06-09 17:48:00,1.45064,1.45081,1.45064,1.45081,306000003.81469727
2011-06-09 17:49:00,1.45082,1.45082,1.4505,1.45051,765999984.7412109
2011-06-09 17:50:00,1.45051,1.45114,1.4505,1.45099,1542200012.2070312
2011-06-09 17:51:00,1.45099,1.45118,1.45097,1.45098,1401900024.4140625
2011-06-09 17:52:00,1.45102,1.45117,1.45102,1.45114,1626100006.1035156
2011-06-09 17:53:00,1.45115,1.45134,1.45113,1.4512,1128799972.5341797
2011-06-09 17:54:00,1.4512,1.45134,1.45119,1.45134,1446199951.171875
2011-06-09 17:55:00,1.45135,1.45155,1.45135,1.45151,1628999938.9648438
2011-06-09 17:56:00,1.4515,1.4515,1.45134,1.45134,875999984.7412109
2011-06-09 17:57:00,1.45135,1.4514,1.45126,1.45128,1470000000.0
2011-06-09 17:58:00,1.4513,1.45143,1.451,1.45105,2850100097.65625
2011-06-09 17:59:00,1.45103,1.45117,1.45101,1.4511,2466000061.0351562
2011-06-09 18:00:00,1.4511,1.4511,1.45069,1.45071,1175500030.5175781
2011-06-09 18:01:00,1.45071,1.45072,1.45057,1.45072,1251800003.0517578
2011-06-09 18:02:00,1.45073,1.45092,1.45071,1.45092,1293099975.5859375
2011-06-09 18:03:00,1.45095,1.4511,1.45087,1.45102,1475500030.5175781
2011-06-09 18:04:00,1.45102,1.45105,1.45086,1.451,1087600021.3623047
2011-06-09 18:05:00,1.45102,1.45102,1.45078,1.45078,1012500000.0
2011-06-09 18:06:00,1.45077,1.4509,1.45064,1.4509,814499969.4824219
2011-06-09 18:07:00,1.45091,1.45091,1.45081,1.45083,492000007.62939453
2011-06-09 18:08:00,1.45083,1.4509,1.4508,1.45081,358499984.74121094
2011-06-09 18:09:00,1.45083,1.45085,1.45069,1.4508,588800010.6811523
2011-06-09 18:10:00,1.4508,1.4509,1.45069,1.45069,870199966.4306641
2011-06-09 18:11:00,1.45071,1.45088,1.45066,1.4507,856600036.6210938
2011-06-09 18:12:00,1.45071,1.45071,1.45031,1.45063,1584900054.9316406
2011-06-09 18:13:00,1.45063,1.45072,1.45052,1.45054,967500000.0
2011-06-09 18:14:00,1.45054,1.45064,1.45032,1.45054,1336499938.9648438
2011-06-09 18:15:00,1.45054,1.45072,1.45047,1.45068,1260000000.0
2011-06-09 18:16:00,1.45068,1.45068,1.45053,1.4506,403499984.74121094
2011-06-09 18:17:00,1.45063,1.45082,1.45063,1.45082,490499992.37060547
2011-06-09 18:18:00,1.45083,1.45085,1.45062,1.45083,1112500000.0
2011-06-09 18:19:00,1.45085,1.45109,1.45084,1.451,536899986.2670898
2011-06-09 18:20:00,1.45107,1.45157,1.45098,1.45136,2061799926.7578125
2011-06-09 18:21:00,1.45136,1.45184,1.45136,1.45184,2807300109.8632812
2011-06-09 18:22:00,1.45186,1.45197,1.45156,1.45163,3986400146.484375
2011-06-09 18:23:00,1.4516,1.45162,1.45143,1.45156,2217200012.2070312
2011-06-09 18:24:00,1.45156,1.45183,1.45156,1.45173,1010999984.7412109
2011-06-09 18:25:00,1.45173,1.45177,1.45158,1.4516,943499984.7412109
2011-06-09 18:26:00,1.45161,1.45172,1.45147,1.45147,1117500000.0
2011-06-09 18:27:00,1.45147,1.45159,1.45144,1.4515,1057500000.0
2011-06-09 18:28:00,1.45149,1.45151,1.45131,1.45147,1037300033.5693359
2011-06-09 18:29:00,1.45148,1.4516,1.45139,1.45156,898499984.7412109
2011-06-09 18:30:00,1.45155,1.45157,1.4514,1.45149,1477500000.0
2011-06-09 18:31:00,1.4515,1.45167,1.45145,1.45145,1025999984.7412109
2011-06-09 18:32:00,1.45144,1.45144,1.4513,1.45135,980500030.5175781
2011-06-09 18:33:00,1.45135,1.4514,1.4513,1.4513,678799972.5341797
2011-06-09 18:34:00,1.45135,1.4514,1.45128,1.45129,688499984.7412109
2011-06-09 18:35:00,1.45129,1.45131,1.45126,1.45128,540000000.0
2011-06-09 18:36:00,1.45128,1.45138,1.45123,1.45124,1194000015.258789
2011-06-09 18:37:00,1.45122,1.45123,1.45103,1.45117,1260800018.3105469
2011-06-09 18:38:00,1.45117,1.45117,1.45102,1.45106,270000000.0
2011-06-09 18:39:00,1.45108,1.45111,1.45101,1.45104,1007300033.5693359
2011-06-09 18:40:00,1.45103,1.45121,1.45101,1.45121,590999984.7412109
2011-06-09 18:41:00,1.4512,1.45129,1.45111,1.45129,1083300018.3105469
2011-06-09 18:42:00,1.45129,1.45135,1.45126,1.4513,603800010.6811523
2011-06-09 18:43:00,1.45128,1.45128,1.45115,1.45117,757500000.0
2011-06-09 18:44:00,1.45117,1.45128,1.45112,1.45121,945500030.5175781
2011-06-09 18:45:00,1.45121,1.45132,1.45121,1.45131,879800033.5693359
2011-06-09 18:46:00,1.45134,1.45149,1.45133,1.45136,1285700073.2421875
2011-06-09 18:47:00,1.45137,1.45143,1.45129,1.45135,738799972.5341797
2011-06-09 18:48:00,1.45134,1.45134,1.45126,1.45129,382500000.0
2011-06-09 18:49:00,1.45129,1.4513,1.45106,1.45106,911999969.4824219
2011-06-09 18:50:00,1.45107,1.45135,1.45107,1.45112,1485899963.3789062
2011-06-09 18:51:00,1.45113,1.4515,1.45112,1.45149,1732899932.8613281
2011-06-09 18:52:00,1.45149,1.45158,1.45143,1.45156,632299995.4223633
2011-06-09 18:53:00,1.45156,1.4516,1.45156,1.45159,375000000.0
2011-06-09 18:54:00,1.45159,1.45159,1.45153,1.45153,611399993.8964844
2011-06-09 18:55:00,1.45153,1.45154,1.45101,1.45108,2256100006.1035156
2011-06-09 18:56:00,1.45106,1.45106,1.45064,1.45067,1282599945.0683594
2011-06-09 18:57:00,1.45068,1.45127,1.45064,1.45123,1528500061.0351562
2011-06-09 18:58:00,1.45123,1.45135,1.45081,1.45081,1686799926.7578125
2011-06-09 18:59:00,1.45082,1.45097,1.45081,1.45085,1382400054.9316406
2011-06-09 19:00:00,1.45085,1.4512,1.45081,1.45117,1644100036.6210938
2011-06-09 19:01:00,1.45117,1.45143,1.45117,1.45139,1034599990.8447266
2011-06-09 19:02:00,1.45139,1.45144,1.45125,1.4514,2370000000.0
2011-06-09 19:03:00,1.45141,1.45171,1.45141,1.4515,2583800048.828125
2011-06-09 19:04:00,1.45151,1.45151,1.45137,1.45142,1202099990.8447266
2011-06-09 19:05:00,1.45142,1.45151,1.45139,1.45151,844499969.4824219
2011-06-09 19:06:00,1.45152,1.45164,1.45142,1.45163,1099499969.4824219
2011-06-09 19:07:00,1.45164,1.45169,1.45157,1.45158,847500000.0
2011-06-09 19:08:00,1.4516,1.4517,1.4516,1.45164,693799972.5341797
2011-06-09 19:09:00,1.45163,1.45182,1.45162,1.45177,773300018.3105469
2011-06-09 19:10:00,1.45177,1.45178,1.45174,1.45178,442500000.0
2011-06-09 19:11:00,1.45178,1.45197,1.45178,1.45194,840000000.0
2011-06-09 19:12:00,1.45194,1.45196,1.45179,1.45185,1135500030.5175781
2011-06-09 19:13:00,1.45187,1.45218,1.45187,1.45218,1307299957.2753906
2011-06-09 19:14:00,1.45218,1.45219,1.45201,1.45202,973000030.5175781
2011-06-09 19:15:00,1.45204,1.45214,1.4519,1.4519,1521000061.0351562
2011-06-09 19:16:00,1.4519,1.45191,1.45172,1.45172,969800033.5693359
2011-06-09 19:17:00,1.45172,1.45172,1.45153,1.45156,885800018.3105469
2011-06-09 19:18:00,1.45156,1.45156,1.4515,1.45154,705899963.3789062
2011-06-09 19:19:00,1.45154,1.45157,1.45141,1.45141,683300018.3105469
2011-06-09 19:20:00,1.4514,1.4514,1.45122,1.45129,934599990.8447266
2011-06-09 19:21:00,1.45128,1.45156,1.45127,1.45153,1128899993.8964844
2011-06-09 19:22:00,1.45153,1.45153,1.45139,1.45146,1098000030.5175781
2011-06-09 19:23:00,1.45147,1.45153,1.45141,1.45153,696699981.6894531
2011-06-09 19:24:00,1.45152,1.4516,1.45152,1.45159,301599998.4741211
2011-06-09 19:25:00,1.4516,1.45165,1.45159,1.45162,555000000.0
2011-06-09 19:26:00,1.45161,1.45161,1.45148,1.45149,1605000000.0
2011-06-09 19:27:00,1.45149,1.45159,1.45146,1.45147,1029100036.6210938
2011-06-09 19:28:00,1.45147,1.45159,1.45147,1.45151,1033499984.7412109
2011-06-09 19:29:00,1.45151,1.45157,1.45145,1.45157,1749799957.2753906
2011-06-09 19:30:00,1.45159,1.4517,1.45149,1.45165,1283999938.9648438
2011-06-09 19:31:00,1.45165,1.45172,1.45153,1.4516,1327500000.0
2011-06-09 19:32:00,1.45159,1.45171,1.45159,1.45163,701299972.5341797
2011-06-09 19:33:00,1.45165,1.45172,1.45161,1.45162,615000000.0
2011-06-09 19:34:00,1.45164,1.45165,1.45122,1.45134,1106999969.4824219
2011-06-09 19:35:00,1.45134,1.45164,1.45131,1.45159,1763999938.9648438
2011-06-09 19:36:00,1.45159,1.45166,1.45141,1.45163,1507500000.0
2011-06-09 19:37:00,1.45163,1.45182,1.45157,1.45181,1190800018.3105469
2011-06-09 19:38:00,1.45181,1.45187,1.45175,1.45186,1033499984.7412109
2011-06-09 19:39:00,1.45185,1.45205,1.4518,1.45182,1384499969.4824219
2011-06-09 19:40:00,1.45182,1.45195,1.45181,1.45193,847500000.0
2011-06-09 19:41:00,1.45193,1.45195,1.45179,1.45184,1168600006.1035156
2011-06-09 19:42:00,1.45187,1.45188,1.45173,1.45186,1328600006.1035156
2011-06-09 19:43:00,1.45186,1.45201,1.45185,1.452,1194000015.258789
2011-06-09 19:44:00,1.45201,1.45206,1.4517,1.4517,925599975.5859375
2011-06-09 19:45:00,1.45166,1.45183,1.45159,1.45165,2349100036.6210938
2011-06-09 19:46:00,1.45163,1.45163,1.45137,1.45152,1275000000.0
2011-06-09 19:47:00,1.45152,1.45161,1.45136,1.45141,1236800003.0517578
2011-06-09 19:48:00,1.45139,1.45169,1.45139,1.45151,1122200012.2070312
2011-06-09 19:49:00,1.45151,1.45154,1.45122,1.45154,1549600067.1386719
2011-06-09 19:50:00,1.45151,1.45153,1.45122,1.45122,1539499969.4824219
2011-06-09 19:51:00,1.45122,1.45129,1.45091,1.45094,1528500061.0351562
2011-06-09 19:52:00,1.45094,1.45122,1.45093,1.45108,2108399963.3789062
2011-06-09 19:53:00,1.45109,1.45118,1.45103,1.45115,1357500000.0
2011-06-09 19:54:00,1.45115,1.45129,1.45113,1.45129,1102500000.0
2011-06-09 19:55:00,1.45131,1.45144,1.45127,1.45143,913499984.7412109
2011-06-09 19:56:00,1.45143,1.45143,1.45134,1.45134,555000000.0
2011-06-09 19:57:00,1.45133,1.45137,1.45113,1.45119,1562500000.0
2011-06-09 19:58:00,1.45119,1.45135,1.45117,1.45123,928099975.5859375
2011-06-09 19:59:00,1.45125,1.45125,1.45092,1.45102,1673300018.3105469
2011-06-09 20:00:00,1.45107,1.45125,1.45107,1.45125,980999984.7412109
2011-06-09 20:01:00,1.45127,1.45131,1.45117,1.45123,599300003.0517578
2011-06-09 20:02:00,1.4512,1.45123,1.45118,1.45121,630000000.0
2011-06-09 20:03:00,1.45122,1.45122,1.45111,1.45111,640500030.5175781
2011-06-09 20:04:00,1.45111,1.4512,1.4511,1.45119,615000000.0
2011-06-09 20:05:00,1.4512,1.45122,1.45114,1.45119,720699996.9482422
2011-06-09 20:06:00,1.45119,1.45119,1.45101,1.45102,901500015.2587891
2011-06-09 20:07:00,1.45103,1.45103,1.45087,1.45089,461300010.68115234
2011-06-09 20:08:00,1.45089,1.45105,1.45089,1.45103,667500000.0
2011-06-09 20:09:00,1.45103,1.45106,1.45101,1.45102,348100013.73291016
2011-06-09 20:10:00,1.45101,1.4511,1.45098,1.45105,637500000.0
2011-06-09 20:11:00,1.45105,1.45106,1.45104,1.45106,191499996.18530273
2011-06-09 20:12:00,1.45106,1.45119,1.45103,1.45114,732099990.8447266
2011-06-09 20:13:00,1.4511,1.45113,1.45095,1.45099,793799972.5341797
2011-06-09 20:14:00,1.45098,1.45104,1.45086,1.45086,795100021.3623047
2011-06-09 20:15:00,1.45087,1.45095,1.45087,1.45094,667500000.0
2011-06-09 20:16:00,1.45097,1.451,1.45093,1.45097,765000000.0
2011-06-09 20:17:00,1.45097,1.45097,1.45087,1.45088,213799991.60766602
2011-06-09 20:18:00,1.45088,1.45095,1.45084,1.45091,982799987.7929688
2011-06-09 20:19:00,1.45088,1.45098,1.45083,1.45095,532500000.0
2011-06-09 20:20:00,1.45095,1.45102,1.45093,1.45098,472500000.0
2011-06-09 20:21:00,1.45095,1.45097,1.45081,1.45088,900000000.0
2011-06-09 20:22:00,1.45089,1.45093,1.45065,1.45077,1280700073.2421875
2011-06-09 20:23:00,1.45078,1.45083,1.45059,1.45071,1774400024.4140625
2011-06-09 20:24:00,1.45069,1.4508,1.45062,1.45068,1499700012.2070312
2011-06-09 20:25:00,1.45067,1.4507,1.45054,1.45066,616599998.4741211
2011-06-09 20:26:00,1.45067,1.4507,1.45063,1.45067,367500000.0
2011-06-09 20:27:00,1.45067,1.45071,1.45063,1.4507,382500000.0
2011-06-09 20:28:00,1.4507,1.4507,1.45061,1.45061,403499984.74121094
2011-06-09 20:29:00,1.45058,1.45061,1.45054,1.45061,210000000.0
2011-06-09 20:30:00,1.45061,1.45069,1.4506,1.45061,714800033.5693359
2011-06-09 20:31:00,1.45061,1.45064,1.4506,1.45061,202500000.0
2011-06-09 20:32:00,1.4506,1.45091,1.4506,1.45073,1354499969.4824219
2011-06-09 20:33:00,1.45073,1.45091,1.45072,1.45089,1059199981.6894531
2011-06-09 20:34:00,1.45088,1.4509,1.45083,1.4509,187500000.0
2011-06-09 20:35:00,1.45091,1.451,1.45074,1.45077,844599990.8447266
2011-06-09 20:36:00,1.45077,1.45081,1.4507,1.45077,915999984.7412109
2011-06-09 20:37:00,1.45077,1.45082,1.45073,1.4508,345000000.0
2011-06-09 20:38:00,1.45079,1.45079,1.45054,1.45057,738000030.5175781
2011-06-09 20:39:00,1.45055,1.45068,1.45055,1.45064,571500015.2587891
2011-06-09 20:40:00,1.45063,1.45073,1.45058,1.45071,315000000.0
2011-06-09 20:41:00,1.45071,1.45075,1.45063,1.45069,676699981.6894531
2011-06-09 20:42:00,1.45069,1.45073,1.45066,1.45067,285000000.0
2011-06-09 20:43:00,1.45067,1.45077,1.45063,1.45077,528199996.9482422
2011-06-09 20:44:00,1.45077,1.45077,1.45067,1.45067,505000000.0
2011-06-09 20:45:00,1.45067,1.45089,1.45061,1.45074,797300033.5693359
2011-06-09 20:46:00,1.45073,1.45074,1.45055,1.45055,417799987.79296875
2011-06-09 20:47:00,1.45058,1.45062,1.45043,1.45051,944599990.8447266
2011-06-09 20:48:00,1.45049,1.45061,1.45044,1.45044,862200012.2070312
2011-06-09 20:49:00,1.45045,1.45049,1.45037,1.45049,318999996.18530273
2011-06-09 20:50:00,1.45048,1.4507,1.45048,1.45057,1176200027.4658203
2011-06-09 20:51:00,1.45056,1.451,1.45037,1.45092,1938399963.3789062
2011-06-09 20:52:00,1.45099,1.4511,1.45094,1.45103,888700027.4658203
2011-06-09 20:53:00,1.45102,1.45119,1.45097,1.45099,591100006.1035156
2011-06-09 20:54:00,1.45099,1.45099,1.45068,1.45074,835999984.7412109
2011-06-09 20:55:00,1.45074,1.45115,1.45071,1.451,1166800003.0517578
2011-06-09 20:56:00,1.45096,1.45115,1.45085,1.45112,953899993.8964844
2011-06-09 20:57:00,1.45111,1.45112,1.45102,1.45102,285000000.0
2011-06-09 20:58:00,1.45102,1.45102,1.4508,1.45096,933300018.3105469
2011-06-09 20:59:00,1.45095,1.45105,1.45081,1.45087,1652200012.2070312
2011-06-09 21:00:00,1.45081,1.45094,1.45061,1.45061,1061299972.5341797
2011-06-09 21:01:00,1.45061,1.45111,1.45061,1.45085,1162500000.0
2011-06-09 21:02:00,1.45089,1.4511,1.45066,1.45066,1185000000.0
2011-06-09 21:03:00,1.45064,1.45072,1.45064,1.45072,367500000.0
2011-06-09 21:04:00,1.45072,1.45085,1.45065,1.45072,920999984.7412109
2011-06-09 21:05:00,1.45094,1.45126,1.4507,1.45126,1271600036.6210938
2011-06-09 21:06:00,1.45126,1.45126,1.45081,1.45097,561800003.0517578
2011-06-09 21:07:00,1.45093,1.45093,1.45054,1.4506,691100006.1035156
2011-06-09 21:08:00,1.4506,1.45065,1.4506,1.45065,30000000.0
2011-06-09 21:09:00,1.45066,1.45074,1.45062,1.45064,345000000.0
2011-06-09 21:10:00,1.45069,1.45075,1.4506,1.4506,320299987.79296875
2011-06-09 21:11:00,1.45066,1.45071,1.45066,1.45071,90000000.0
2011-06-09 21:12:00,1.45075,1.45075,1.45071,1.45071,88500003.81469727
2011-06-09 21:13:00,1.45064,1.45068,1.45064,1.45066,195000000.0
2011-06-09 21:14:00,1.45062,1.45068,1.4506,1.45061,342000007.62939453
2011-06-09 21:15:00,1.4506,1.45061,1.45058,1.45061,138000001.90734863
2011-06-09 21:16:00,1.45059,1.45061,1.45059,1.45061,105000000.0
2011-06-09 21:17:00,1.45058,1.45066,1.45058,1.45066,150000000.0
2011-06-09 21:18:00,1.45064,1.45064,1.4506,1.4506,135000000.0
2011-06-09 21:19:00,1.45055,1.45055,1.45045,1.45053,368300018.3105469
2011-06-09 21:20:00,1.45053,1.45061,1.45051,1.45061,465000000.0
2011-06-09 21:21:00,1.45061,1.45061,1.45056,1.45056,202500000.0
2011-06-09 21:22:00,1.45056,1.45069,1.45051,1.45069,385499992.37060547
2011-06-09 21:23:00,1.45069,1.45069,1.45056,1.4506,313500003.81469727
2011-06-09 21:24:00,1.4506,1.45084,1.4506,1.45079,484500007.62939453
2011-06-09 21:25:00,1.45074,1.45078,1.45074,1.45078,97500000.0
2011-06-09 21:26:00,1.4508,1.45084,1.45079,1.45084,282000007.62939453
2011-06-09 21:27:00,1.45084,1.45086,1.4507,1.4507,434500007.62939453
2011-06-09 21:28:00,1.4507,1.4507,1.45067,1.45067,282000007.62939453
2011-06-09 21:29:00,1.45067,1.45069,1.45062,1.45067,142600002.28881836
2011-06-09 21:30:00,1.4507,1.45074,1.4507,1.45074,126000003.81469727
2011-06-09 21:31:00,1.45074,1.45079,1.45072,1.45072,180000000.0
2011-06-09 21:32:00,1.45074,1.45077,1.45071,1.45073,220499992.37060547
2011-06-09 21:33:00,1.45077,1.45077,1.45053,1.45066,597000007.6293945
2011-06-09 21:34:00,1.45065,1.45066,1.45062,1.45062,186000003.81469727
2011-06-09 21:35:00,1.45062,1.45065,1.4506,1.45065,97500000.0
2011-06-09 21:36:00,1.45067,1.45067,1.4506,1.4506,53299999.23706055
2011-06-09 21:37:00,1.45062,1.45065,1.45062,1.45065,93800001.14440918
2011-06-09 21:38:00,1.45062,1.45065,1.45062,1.45065,203500003.81469727
2011-06-09 21:39:00,1.45062,1.45075,1.45062,1.45075,120000000.0
2011-06-09 21:40:00,1.45077,1.45079,1.45077,1.45077,56300001.14440918
2011-06-09 21:41:00,1.45076,1.45076,1.45064,1.4507,178500003.81469727
2011-06-09 21:42:00,1.45075,1.45082,1.45073,1.4508,471899986.26708984
2011-06-09 21:43:00,1.4508,1.45081,1.45062,1.45062,237900009.15527344
2011-06-09 21:44:00,1.45063,1.45101,1.45061,1.45098,519900016.78466797
2011-06-09 21:45:00,1.45101,1.45106,1.45099,1.45104,322599983.21533203
2011-06-09 21:46:00,1.45105,1.45109,1.45096,1.451,660899963.3789062
2011-06-09 21:47:00,1.45101,1.45105,1.45101,1.45105,127500000.0
2011-06-09 21:48:00,1.45104,1.45108,1.45068,1.45071,716399993.8964844
2011-06-09 21:49:00,1.45072,1.45079,1.45072,1.45079,193500003.81469727
2011-06-09 21:50:00,1.4508,1.45083,1.4508,1.45083,105000000.0
2011-06-09 21:51:00,1.45085,1.45101,1.45085,1.45101,270000000.0
2011-06-09 21:52:00,1.45108,1.45116,1.45104,1.45113,298500003.81469727
2011-06-09 21:53:00,1.45113,1.45113,1.45108,1.45112,166499996.18530273
2011-06-09 21:54:00,1.45111,1.45116,1.45111,1.45113,97500000.0
2011-06-09 21:55:00,1.45113,1.45113,1.45113,1.45113,30000000.0
2011-06-09 21:56:00,1.45112,1.45135,1.45111,1.45132,658899993.8964844
2011-06-09 21:57:00,1.45131,1.45142,1.45122,1.45134,884700012.2070312
2011-06-09 21:58:00,1.45134,1.45135,1.45115,1.45124,462799987.79296875
2011-06-09 21:59:00,1.45124,1.45124,1.45114,1.45121,163500003.81469727
2011-06-09 22:00:00,1.4512,1.45139,1.45105,1.45114,639799995.4223633
2011-06-09 22:01:00,1.45113,1.45117,1.45113,1.45117,96000003.81469727
2011-06-09 22:02:00,1.45119,1.45119,1.45119,1.45119,75000000.0
2011-06-09 22:03:00,1.4512,1.4512,1.45117,1.45117,112700004.57763672
2011-06-09 22:04:00,1.45119,1.45125,1.45118,1.45125,155299997.3297119
2011-06-09 22:05:00,1.45125,1.45125,1.45098,1.45113,825899963.3789062
2011-06-09 22:06:00,1.45113,1.45126,1.45113,1.45126,411399993.8964844
2011-06-09 22:07:00,1.45126,1.45126,1.45116,1.4512,285000000.0
2011-06-09 22:08:00,1.4512,1.4512,1.45108,1.45115,225499992.37060547
2011-06-09 22:09:00,1.45113,1.45114,1.45108,1.4511,291100006.1035156
2011-06-09 22:10:00,1.45112,1.45112,1.4511,1.45112,145399999.61853027
2011-06-09 22:11:00,1.45115,1.45123,1.45114,1.45122,437299995.4223633
2011-06-09 22:12:00,1.45124,1.45128,1.45116,1.45128,342099990.84472656
2011-06-09 22:13:00,1.45126,1.45133,1.45126,1.45126,174799995.42236328
2011-06-09 22:14:00,1.45127,1.45132,1.45127,1.45129,141199998.85559082
2011-06-09 22:15:00,1.45128,1.45128,1.45124,1.45127,325600013.73291016
2011-06-09 22:16:00,1.45127,1.4515,1.45127,1.4515,359399986.26708984
2011-06-09 22:17:00,1.4515,1.45166,1.4515,1.45166,582099990.8447266
2011-06-09 22:18:00,1.45166,1.45166,1.45145,1.45145,722399978.6376953
2011-06-09 22:19:00,1.45145,1.45158,1.45141,1.45158,561899986.2670898
2011-06-09 22:20:00,1.45158,1.45166,1.45158,1.45159,168799991.60766602
2011-06-09 22:21:00,1.45158,1.45174,1.45158,1.45173,353300018.3105469
2011-06-09 22:22:00,1.45173,1.45173,1.45165,1.45166,220599994.65942383
2011-06-09 22:23:00,1.45159,1.45159,1.45153,1.45154,182299995.42236328
2011-06-09 22:24:00,1.45155,1.45156,1.45154,1.45155,112500000.0
2011-06-09 22:25:00,1.45155,1.45157,1.45155,1.45157,225000000.0
2011-06-09 22:26:00,1.45163,1.45167,1.45156,1.45167,354300003.0517578
2011-06-09 22:27:00,1.45169,1.45185,1.45166,1.45181,682500000.0
2011-06-09 22:28:00,1.4518,1.45183,1.4518,1.45181,202500000.0
2011-06-09 22:29:00,1.45182,1.45188,1.45181,1.45184,262500000.0
2011-06-09 22:30:00,1.45184,1.45184,1.45152,1.45154,953300018.3105469
2011-06-09 22:31:00,1.45154,1.45158,1.45154,1.45157,405000000.0
2011-06-09 22:32:00,1.45161,1.45161,1.45147,1.45149,207800006.86645508
2011-06-09 22:33:00,1.45151,1.45161,1.45151,1.45152,373499984.74121094
2011-06-09 22:34:00,1.45151,1.45153,1.45148,1.45153,367500000.0
2011-06-09 22:35:00,1.45153,1.45159,1.45147,1.45148,379500007.62939453
2011-06-09 22:36:00,1.45148,1.45158,1.45132,1.45145,1173000030.5175781
2011-06-09 22:37:00,1.45137,1.45148,1.45137,1.4514,315000000.0
2011-06-09 22:38:00,1.45141,1.45141,1.4514,1.4514,118500003.81469727
2011-06-09 22:39:00,1.4514,1.45152,1.4514,1.45147,195000000.0
2011-06-09 22:40:00,1.45146,1.45146,1.45144,1.45144,45000000.0
2011-06-09 22:41:00,1.45142,1.45142,1.45129,1.45129,171000003.81469727
2011-06-09 22:42:00,1.45129,1.45133,1.45122,1.45122,297000007.62939453
2011-06-09 22:43:00,1.45123,1.45124,1.45121,1.45124,142500000.0
2011-06-09 22:44:00,1.45124,1.45126,1.45107,1.45107,255000000.0
2011-06-09 22:45:00,1.45107,1.45108,1.45107,1.45108,82500000.0
2011-06-09 22:46:00,1.45108,1.45112,1.45108,1.45112,45000000.0
2011-06-09 22:47:00,1.45112,1.45114,1.45112,1.45114,67500000.0
2011-06-09 22:48:00,1.45115,1.45117,1.4511,1.45117,202500000.0
2011-06-09 22:49:00,1.45117,1.45117,1.45105,1.45112,386300010.68115234
2011-06-09 22:50:00,1.45112,1.45118,1.45111,1.45111,345000000.0
2011-06-09 22:51:00,1.45111,1.45133,1.45111,1.45126,273799991.607666
2011-06-09 22:52:00,1.45127,1.45128,1.45126,1.45127,90000000.0
2011-06-09 22:53:00,1.45128,1.4513,1.45127,1.45128,210000000.0
2011-06-09 22:54:00,1.4513,1.4513,1.4513,1.4513,45000000.0
2011-06-09 22:55:00,1.45125,1.4513,1.45125,1.45125,127500000.0
2011-06-09 22:56:00,1.45125,1.45125,1.45125,1.45125,37500000.0
2011-06-09 22:57:00,1.45124,1.45145,1.45124,1.45145,225000000.0
2011-06-09 22:58:00,1.45145,1.45162,1.45135,1.45151,890999984.7412109
2011-06-09 22:59:00,1.45152,1.4516,1.45124,1.45124,776999969.4824219
2011-06-09 23:00:00,1.45125,1.45125,1.45097,1.45106,615000000.0
2011-06-09 23:01:00,1.45106,1.45115,1.45101,1.45113,757500000.0
2011-06-09 23:02:00,1.45113,1.45121,1.45095,1.45116,1292500000.0
2011-06-09 23:03:00,1.45117,1.45118,1.45105,1.45111,604700012.2070312
2011-06-09 23:04:00,1.4511,1.45115,1.4511,1.45114,267900009.15527344
2011-06-09 23:05:00,1.45114,1.45125,1.45103,1.45121,685100021.3623047
2011-06-09 23:06:00,1.45121,1.45121,1.45102,1.45107,1185800018.3105469
2011-06-09 23:07:00,1.45108,1.45115,1.45108,1.45115,262500000.0
2011-06-09 23:08:00,1.45121,1.45152,1.45117,1.45144,600000000.0
2011-06-09 23:09:00,1.45144,1.45144,1.45118,1.45123,705000000.0
2011-06-09 23:10:00,1.45125,1.45129,1.45121,1.45128,240799999.23706055
2011-06-09 23:11:00,1.45126,1.45126,1.45102,1.45102,336599998.4741211
2011-06-09 23:12:00,1.45102,1.45118,1.45092,1.4511,1170000000.0
2011-06-09 23:13:00,1.45109,1.45109,1.45098,1.45105,362299995.4223633
2011-06-09 23:14:00,1.45104,1.45114,1.45103,1.45106,564799995.4223633
2011-06-09 23:15:00,1.45106,1.45117,1.45106,1.45112,390000000.0
2011-06-09 23:16:00,1.45108,1.45114,1.45105,1.45114,337500000.0
2011-06-09 23:17:00,1.45113,1.45113,1.45111,1.45112,60000000.0
2011-06-09 23:18:00,1.45112,1.45112,1.45109,1.45109,300000000.0
2011-06-09 23:19:00,1.45109,1.45115,1.45106,1.45115,262500000.0
2011-06-09 23:20:00,1.45115,1.45116,1.45112,1.45113,193500003.81469727
2011-06-09 23:21:00,1.45115,1.45121,1.4511,1.45121,285000000.0
2011-06-09 23:22:00,1.45121,1.45121,1.45115,1.45115,112500000.0
2011-06-09 23:23:00,1.45115,1.4513,1.45115,1.45125,277500000.0
2011-06-09 23:24:00,1.45128,1.45149,1.45126,1.45143,1248899993.8964844
2011-06-09 23:25:00,1.45143,1.45143,1.45124,1.45124,446300010.68115234
2011-06-09 23:26:00,1.45124,1.45155,1.45124,1.45155,274500007.62939453
2011-06-09 23:27:00,1.45156,1.45177,1.45156,1.45175,628699989.3188477
2011-06-09 23:28:00,1.45176,1.45179,1.45176,1.45179,185300006.86645508
2011-06-09 23:29:00,1.45178,1.45187,1.45156,1.45156,823700027.4658203
2011-06-09 23:30:00,1.45154,1.45164,1.45149,1.45152,567000007.6293945
2011-06-09 23:31:00,1.45157,1.45162,1.45151,1.45161,414099998.4741211
2011-06-09 23:32:00,1.4516,1.4516,1.4515,1.45152,232500000.0
2011-06-09 23:33:00,1.45151,1.45154,1.45138,1.45145,585900001.5258789
2011-06-09 23:34:00,1.45145,1.45162,1.45141,1.45158,997500000.0
2011-06-09 23:35:00,1.45155,1.45158,1.45142,1.45142,800999984.7412109
2011-06-09 23:36:00,1.45137,1.45144,1.45137,1.45144,216000003.81469727
2011-06-09 23:37:00,1.45144,1.45161,1.45143,1.45161,228799991.60766602
2011-06-09 23:38:00,1.45159,1.45161,1.45142,1.45161,828899993.8964844
2011-06-09 23:39:00,1.45161,1.45164,1.4516,1.45164,227999992.37060547
2011-06-09 23:40:00,1.45164,1.45164,1.45157,1.45163,222000007.62939453
2011-06-09 23:41:00,1.45164,1.45199,1.45157,1.45192,1060500030.5175781
2011-06-09 23:42:00,1.4519,1.45194,1.45183,1.45185,558800010.6811523
2011-06-09 23:43:00,1.45184,1.45189,1.45172,1.45185,1179899978.6376953
2011-06-09 23:44:00,1.45185,1.45232,1.45185,1.45221,1543200073.2421875
2011-06-09 23:45:00,1.45221,1.45234,1.45215,1.45234,1749600067.1386719
2011-06-09 23:46:00,1.4523,1.4523,1.45217,1.45224,484500007.62939453
2011-06-09 23:47:00,1.45225,1.45249,1.45219,1.45248,590299987.7929688
2011-06-09 23:48:00,1.45248,1.45254,1.45245,1.45245,280499992.37060547
2011-06-09 23:49:00,1.45242,1.45242,1.45215,1.45225,571699981.6894531
2011-06-09 23:50:00,1.45226,1.45254,1.45221,1.45241,1028300018.3105469
2011-06-09 23:51:00,1.4524,1.45254,1.4524,1.45254,1089899978.6376953
2011-06-09 23:52:00,1.45254,1.4529,1.45254,1.45289,771100006.1035156
2011-06-09 23:53:00,1.45289,1.45321,1.45288,1.45311,1899100036.6210938
2011-06-09 23:54:00,1.45312,1.45312,1.45291,1.45296,1206299972.5341797
2011-06-09 23:55:00,1.45295,1.45333,1.45292,1.45327,1620000000.0
2011-06-09 23:56:00,1.45325,1.45354,1.45315,1.45335,1420500030.5175781
2011-06-09 23:57:00,1.45333,1.45336,1.45322,1.45334,1237600021.3623047
2011-06-09 23:58:00,1.45334,1.45358,1.45332,1.45358,1383300018.3105469
2011-06-09 23:59:00,1.45356,1.45395,1.45353,1.45367,2649599914.5507812
2011-06-10 00:00:00,1.45367,1.45404,1.45356,1.45391,2108699951.171875
2011-06-10 00:01:00,1.4539,1.45429,1.45387,1.45428,2649100036.6210938
2011-06-10 00:02:00,1.45424,1.45424,1.45389,1.45395,2686400146.484375
2011-06-10 00:03:00,1.45394,1.45401,1.45367,1.45372,2938800048.828125
2011-06-10 00:04:00,1.45372,1.45372,1.45339,1.45346,1948000030.5175781
2011-06-10 00:05:00,1.45346,1.45351,1.45341,1.45342,618800010.6811523
2011-06-10 00:06:00,1.4534,1.45345,1.45337,1.45342,409799995.4223633
2011-06-10 00:07:00,1.45345,1.45345,1.45326,1.45343,1350200042.7246094
2011-06-10 00:08:00,1.45343,1.45363,1.45343,1.45362,745599975.5859375
2011-06-10 00:09:00,1.45364,1.45388,1.45364,1.45387,492799987.79296875
2011-06-10 00:10:00,1.45387,1.45388,1.45377,1.45388,939300003.0517578
2011-06-10 00:11:00,1.45387,1.45388,1.45382,1.45388,282000007.62939453
2011-06-10 00:12:00,1.45387,1.4539,1.45383,1.4539,722300033.5693359
2011-06-10 00:13:00,1.45389,1.45396,1.45384,1.45393,768799972.5341797
2011-06-10 00:14:00,1.45395,1.45397,1.45383,1.45383,939000015.2587891
2011-06-10 00:15:00,1.45383,1.45389,1.45356,1.45358,1264599990.8447266
2011-06-10 00:16:00,1.45358,1.45384,1.45358,1.45384,1456799926.7578125
2011-06-10 00:17:00,1.45384,1.45387,1.45351,1.45355,1548800048.828125
2011-06-10 00:18:00,1.45355,1.45366,1.45348,1.45357,1598999938.9648438
2011-06-10 00:19:00,1.45355,1.45362,1.45349,1.45349,891800003.0517578
2011-06-10 00:20:00,1.45354,1.45354,1.45322,1.45322,1830500030.5175781
2011-06-10 00:21:00,1.45322,1.45346,1.4532,1.45328,2020000000.0
2011-06-10 00:22:00,1.45329,1.45332,1.45326,1.45328,925500030.5175781
2011-06-10 00:23:00,1.45328,1.45333,1.45328,1.4533,930999984.7412109
2011-06-10 00:24:00,1.4533,1.45337,1.45317,1.45323,1194400024.4140625
2011-06-10 00:25:00,1.45323,1.45346,1.45323,1.4534,565200004.5776367
2011-06-10 00:26:00,1.4534,1.45359,1.45334,1.45338,820500030.5175781
2011-06-10 00:27:00,1.45338,1.4535,1.45338,1.4535,378899993.8964844
2011-06-10 00:28:00,1.45349,1.45358,1.45342,1.45354,746299972.5341797
2011-06-10 00:29:00,1.45352,1.45352,1.45334,1.45334,877799987.7929688
2011-06-10 00:30:00,1.45334,1.45334,1.45334,1.45334,49499998.09265137
2011-06-10 00:31:00,1.45334,1.45334,1.45334,1.45334,20000000.0
2011-06-10 00:32:00,1.45334,1.45334,1.45304,1.45304,1084599990.8447266
2011-06-10 00:33:00,1.45302,1.45307,1.45274,1.45276,1071299972.5341797
2011-06-10 00:34:00,1.45272,1.45285,1.45259,1.45277,1270599975.5859375
2011-06-10 00:35:00,1.45277,1.45289,1.45263,1.45289,1459600067.1386719
2011-06-10 00:36:00,1.45291,1.45332,1.45291,1.45324,1046999969.4824219
2011-06-10 00:37:00,1.45324,1.45329,1.45321,1.45329,253500003.81469727
2011-06-10 00:38:00,1.45329,1.45333,1.45308,1.45309,682600021.3623047
2011-06-10 00:39:00,1.45307,1.45317,1.45288,1.45317,2142100067.1386719
2011-06-10 00:40:00,1.45319,1.45327,1.45271,1.45291,1499499969.4824219
2011-06-10 00:41:00,1.45294,1.45301,1.45282,1.45284,1066600036.6210938
2011-06-10 00:42:00,1.45284,1.45286,1.45281,1.45285,289500007.62939453
2011-06-10 00:43:00,1.45285,1.45289,1.45272,1.45279,777300033.5693359
2011-06-10 00:44:00,1.45279,1.45318,1.4527,1.45318,1674799957.2753906
2011-06-10 00:45:00,1.45321,1.45333,1.45313,1.45325,938300018.3105469
2011-06-10 00:46:00,1.45325,1.45325,1.45291,1.45297,1799700012.2070312
2011-06-10 00:47:00,1.45299,1.45307,1.45286,1.45297,1504700012.2070312
2011-06-10 00:48:00,1.45291,1.45321,1.45289,1.45314,1139400024.4140625
2011-06-10 00:49:00,1.45314,1.45349,1.45309,1.45343,1416100006.1035156
2011-06-10 00:50:00,1.45344,1.45385,1.45344,1.45355,2076499938.9648438
2011-06-10 00:51:00,1.45356,1.45365,1.45356,1.4536,469500007.62939453
2011-06-10 00:52:00,1.4536,1.45365,1.45359,1.45359,439500007.62939453
2011-06-10 00:53:00,1.45358,1.45363,1.45341,1.45363,988600006.1035156
2011-06-10 00:54:00,1.45363,1.45384,1.45363,1.45375,1241999969.4824219
2011-06-10 00:55:00,1.45372,1.45372,1.45342,1.45366,1401799926.7578125
2011-06-10 00:56:00,1.45368,1.45376,1.45359,1.45366,1433999938.9648438
2011-06-10 00:57:00,1.45367,1.45369,1.45361,1.45365,585800018.3105469
2011-06-10 00:58:00,1.45366,1.45367,1.45342,1.45354,1780700073.2421875
2011-06-10 00:59:00,1.45354,1.45368,1.45354,1.45365,622500000.0
2011-06-10 01:00:00,1.45365,1.45374,1.45365,1.4537,2254700012.2070312
2011-06-10 01:01:00,1.4537,1.4537,1.45355,1.4536,710299987.7929688
2011-06-10 01:02:00,1.45354,1.45354,1.4535,1.4535,666800003.0517578
2011-06-10 01:03:00,1.45351,1.45359,1.45351,1.45357,595499992.3706055
2011-06-10 01:04:00,1.45356,1.45366,1.45342,1.45349,1922200012.2070312
2011-06-10 01:05:00,1.45349,1.45354,1.45339,1.45341,2350700073.2421875
2011-06-10 01:06:00,1.45339,1.45345,1.45322,1.45334,1398899993.8964844
2011-06-10 01:07:00,1.45333,1.45359,1.45328,1.45344,2179600067.138672
2011-06-10 01:08:00,1.45344,1.45353,1.45339,1.45352,885800018.3105469
2011-06-10 01:09:00,1.45351,1.45357,1.45343,1.45355,1335000000.0
2011-06-10 01:10:00,1.45354,1.45356,1.45348,1.45349,480000000.0
2011-06-10 01:11:00,1.45349,1.45357,1.45348,1.45349,977600021.3623047
2011-06-10 01:12:00,1.45349,1.45349,1.45337,1.45337,1090500030.5175781
2011-06-10 01:13:00,1.45338,1.45357,1.45336,1.45354,1020100021.3623047
2011-06-10 01:14:00,1.45353,1.4536,1.45344,1.45351,1126500015.258789
2011-06-10 01:15:00,1.45351,1.45351,1.45338,1.45339,830999984.7412109
2011-06-10 01:16:00,1.45339,1.45363,1.45339,1.45358,1373300018.3105469
2011-06-10 01:17:00,1.45358,1.45369,1.45349,1.4535,809300003.0517578
2011-06-10 01:18:00,1.4535,1.45362,1.45344,1.45348,798099975.5859375
2011-06-10 01:19:00,1.45348,1.45377,1.45347,1.45377,1120599975.5859375
2011-06-10 01:20:00,1.4538,1.45457,1.4538,1.45437,2798200073.2421875
2011-06-10 01:21:00,1.45437,1.45439,1.45386,1.45386,1960000000.0
2011-06-10 01:22:00,1.45389,1.45414,1.45389,1.45401,2072500000.0
2011-06-10 01:23:00,1.45402,1.45436,1.45402,1.45432,1413899993.8964844
2011-06-10 01:24:00,1.45432,1.45449,1.4543,1.45438,2765499877.9296875
2011-06-10 01:25:00,1.45438,1.45478,1.45438,1.45473,1708500061.0351562
2011-06-10 01:26:00,1.45471,1.455,1.45469,1.45479,2776300048.828125
2011-06-10 01:27:00,1.45478,1.45481,1.45447,1.45451,1965099945.0683594
2011-06-10 01:28:00,1.45451,1.45464,1.45445,1.4545,1576799926.7578125
2011-06-10 01:29:00,1.45454,1.45454,1.45447,1.45449,609000015.2587891
2011-06-10 01:30:00,1.45449,1.45449,1.45411,1.45431,2673200073.2421875
2011-06-10 01:31:00,1.45431,1.45431,1.45386,1.45388,1766799926.7578125
2011-06-10 01:32:00,1.45388,1.45416,1.45385,1.45399,2996400146.484375
2011-06-10 01:33:00,1.45399,1.45422,1.45392,1.45398,2920100097.65625
2011-06-10 01:34:00,1.45399,1.45399,1.45383,1.45393,1581999969.4824219
2011-06-10 01:35:00,1.45394,1.4541,1.4539,1.4539,881299972.5341797
2011-06-10 01:36:00,1.45392,1.45411,1.45386,1.45405,1445399932.8613281
2011-06-10 01:37:00,1.45405,1.45421,1.45405,1.45407,1165199966.430664
2011-06-10 01:38:00,1.45407,1.45431,1.45399,1.45408,1537500000.0
2011-06-10 01:39:00,1.45408,1.45416,1.45398,1.45411,1761100006.1035156
2011-06-10 01:40:00,1.45411,1.45411,1.45391,1.45392,1578000030.5175781
2011-06-10 01:41:00,1.45392,1.45415,1.45392,1.45412,973499984.7412109
2011-06-10 01:42:00,1.45416,1.45418,1.45406,1.45406,815999984.7412109
2011-06-10 01:43:00,1.45406,1.45411,1.4539,1.45392,1574299926.7578125
2011-06-10 01:44:00,1.4539,1.45397,1.4538,1.45387,996100006.1035156
2011-06-10 01:45:00,1.45383,1.45388,1.45383,1.45384,744000015.2587891
2011-06-10 01:46:00,1.45383,1.45384,1.45382,1.45383,969000015.2587891
2011-06-10 01:47:00,1.45384,1.45411,1.45383,1.45407,2018600006.1035156
2011-06-10 01:48:00,1.45408,1.45438,1.45408,1.45436,1083199996.9482422
2011-06-10 01:49:00,1.45436,1.45439,1.45407,1.45413,1476999969.4824219
2011-06-10 01:50:00,1.45413,1.45413,1.45382,1.45385,1607400054.9316406
2011-06-10 01:51:00,1.45385,1.4541,1.45381,1.45405,1391799926.7578125
2011-06-10 01:52:00,1.45407,1.45449,1.45403,1.45429,1828800048.828125
2011-06-10 01:53:00,1.45428,1.45444,1.45405,1.45414,2576700134.2773438
2011-06-10 01:54:00,1.45414,1.45426,1.454,1.454,1645800018.3105469
2011-06-10 01:55:00,1.454,1.454,1.45377,1.45391,1566699981.6894531
2011-06-10 01:56:00,1.45388,1.45388,1.45349,1.45349,2049900054.9316406
2011-06-10 01:57:00,1.45348,1.45348,1.4532,1.45331,1869900054.9316406
2011-06-10 01:58:00,1.45331,1.45336,1.45322,1.45322,694599990.8447266
2011-06-10 01:59:00,1.45319,1.45337,1.45317,1.45335,1018499984.7412109
2011-06-10 02:00:00,1.45335,1.45335,1.45331,1.45331,552000007.6293945
2011-06-10 02:01:00,1.45332,1.4535,1.45318,1.45341,1360000000.0
2011-06-10 02:02:00,1.45342,1.45351,1.45296,1.45296,1851300048.828125
2011-06-10 02:03:00,1.45297,1.45299,1.45257,1.45277,2613200073.2421875
2011-06-10 02:04:00,1.45275,1.45289,1.45269,1.45282,2280399932.861328
2011-06-10 02:05:00,1.45282,1.45285,1.45279,1.4528,952300033.5693359
2011-06-10 02:06:00,1.45285,1.45288,1.4527,1.4527,1300000000.0
2011-06-10 02:07:00,1.45269,1.45269,1.45256,1.45257,1196299972.5341797
2011-06-10 02:08:00,1.45257,1.45279,1.4525,1.45276,2116600036.6210938
2011-06-10 02:09:00,1.45275,1.45281,1.45273,1.45281,373499984.74121094
2011-06-10 02:10:00,1.45281,1.45289,1.45279,1.45286,924000015.2587891
2011-06-10 02:11:00,1.45286,1.4529,1.45281,1.45285,598499984.7412109
2011-06-10 02:12:00,1.45284,1.45284,1.45274,1.45274,907500000.0
2011-06-10 02:13:00,1.45274,1.45276,1.45249,1.45269,2180299987.7929688
2011-06-10 02:14:00,1.4527,1.45291,1.45267,1.45291,1006500015.2587891
2011-06-10 02:15:00,1.45291,1.45291,1.45283,1.45283,662600021.3623047
2011-06-10 02:16:00,1.45283,1.45292,1.45283,1.45283,487000007.62939453
2011-06-10 02:17:00,1.45283,1.45287,1.45275,1.45285,856999969.4824219
2011-06-10 02:18:00,1.45285,1.45287,1.4528,1.45284,356500015.25878906
2011-06-10 02:19:00,1.45284,1.45294,1.45283,1.4529,714000015.2587891
2011-06-10 02:20:00,1.4529,1.453,1.45268,1.45276,1016100006.1035156
2011-06-10 02:21:00,1.45276,1.45276,1.45254,1.45264,1043300018.3105469
2011-06-10 02:22:00,1.45264,1.45264,1.4524,1.45243,1911900024.4140625
2011-06-10 02:23:00,1.45244,1.4526,1.45241,1.4526,1367799987.7929688
2011-06-10 02:24:00,1.4526,1.45316,1.4526,1.45313,1153300018.3105469
2011-06-10 02:25:00,1.45317,1.45326,1.45303,1.45321,994899978.6376953
2011-06-10 02:26:00,1.4532,1.4532,1.4531,1.4532,591100006.1035156
2011-06-10 02:27:00,1.4532,1.45326,1.45303,1.45307,1274300003.0517578
2011-06-10 02:28:00,1.45307,1.45318,1.45307,1.45317,380600013.73291016
2011-06-10 02:29:00,1.45316,1.45319,1.45316,1.45318,410999984.74121094
2011-06-10 02:30:00,1.45318,1.4532,1.45306,1.45311,909499969.4824219
2011-06-10 02:31:00,1.45311,1.45321,1.45311,1.45316,1413099975.5859375
2011-06-10 02:32:00,1.45313,1.45323,1.45313,1.4532,438800010.68115234
2011-06-10 02:33:00,1.45318,1.45324,1.45316,1.45324,583499984.7412109
2011-06-10 02:34:00,1.45322,1.45328,1.45322,1.45328,217199993.13354492
2011-06-10 02:35:00,1.45325,1.45325,1.45321,1.45322,456899986.26708984
2011-06-10 02:36:00,1.45324,1.45326,1.45322,1.45324,963600006.1035156
2011-06-10 02:37:00,1.45326,1.45326,1.45323,1.45323,360000000.0
2011-06-10 02:38:00,1.45323,1.45323,1.45311,1.45311,468800010.68115234
2011-06-10 02:39:00,1.45311,1.45311,1.45269,1.45272,952500000.0
2011-06-10 02:40:00,1.45272,1.45283,1.45269,1.45279,809899978.6376953
2011-06-10 02:41:00,1.45276,1.4528,1.45272,1.4528,465000000.0
2011-06-10 02:42:00,1.45281,1.45295,1.45281,1.45293,915199966.4306641
2011-06-10 02:43:00,1.45294,1.45298,1.45276,1.45276,1017799987.7929688
2011-06-10 02:44:00,1.45276,1.45276,1.45276,1.45276,210000000.0
2011-06-10 02:45:00,1.45276,1.45303,1.45274,1.453,1303500061.0351562
2011-06-10 02:46:00,1.453,1.453,1.45295,1.45296,384500007.62939453
2011-06-10 02:47:00,1.45297,1.45298,1.45295,1.45296,200000000.0
2011-06-10 02:48:00,1.45297,1.45309,1.45297,1.45307,688499984.7412109
2011-06-10 02:49:00,1.45308,1.45308,1.45286,1.45286,443600006.1035156
2011-06-10 02:50:00,1.45286,1.4529,1.45285,1.45287,322500000.0
2011-06-10 02:51:00,1.45286,1.45289,1.45286,1.45286,82500000.0
2011-06-10 02:52:00,1.45286,1.45286,1.45272,1.45281,580600013.7329102
2011-06-10 02:53:00,1.45281,1.45292,1.45281,1.45288,420000000.0
2011-06-10 02:54:00,1.45288,1.45307,1.45288,1.45302,518300018.3105469
2011-06-10 02:55:00,1.45301,1.45322,1.45301,1.45322,354000015.25878906
2011-06-10 02:56:00,1.45323,1.45323,1.45292,1.45293,515400009.15527344
2011-06-10 02:57:00,1.45294,1.45304,1.45292,1.45295,957799987.7929688
2011-06-10 02:58:00,1.45297,1.45299,1.45288,1.4529,1062099990.8447266
2011-06-10 02:59:00,1.45292,1.45294,1.45281,1.45281,1214499969.4824219
2011-06-10 03:00:00,1.45276,1.45284,1.45266,1.45283,2015399932.8613281
2011-06-10 03:01:00,1.45283,1.45322,1.45282,1.4532,1898399963.3789062
2011-06-10 03:02:00,1.4532,1.4532,1.4532,1.4532,547500000.0
2011-06-10 03:03:00,1.4532,1.45324,1.45314,1.4532,832500000.0
2011-06-10 03:04:00,1.4532,1.45331,1.45316,1.45331,701999969.4824219
2011-06-10 03:05:00,1.45333,1.45336,1.4533,1.45333,643499984.7412109
2011-06-10 03:06:00,1.45333,1.4535,1.4533,1.45349,1075500030.5175781
2011-06-10 03:07:00,1.45354,1.45356,1.45336,1.45342,1283300018.3105469
2011-06-10 03:08:00,1.45342,1.45342,1.45331,1.45331,586500015.2587891
2011-06-10 03:09:00,1.45331,1.45332,1.45321,1.45322,1020100021.3623047
2011-06-10 03:10:00,1.4532,1.45321,1.45308,1.4531,1256299972.5341797
2011-06-10 03:11:00,1.45312,1.45319,1.4531,1.45319,664499969.4824219
2011-06-10 03:12:00,1.45317,1.45329,1.45313,1.45327,512999992.37060547
2011-06-10 03:13:00,1.45327,1.4533,1.45324,1.4533,320999984.74121094
2011-06-10 03:14:00,1.45333,1.45356,1.45333,1.45346,1488099975.5859375
2011-06-10 03:15:00,1.45347,1.45366,1.45347,1.45363,629300003.0517578
2011-06-10 03:16:00,1.45363,1.45366,1.45359,1.45365,318199996.9482422
2011-06-10 03:17:00,1.45365,1.45366,1.45361,1.45366,549199981.6894531
2011-06-10 03:18:00,1.4537,1.45388,1.4537,1.45381,830299987.7929688
2011-06-10 03:19:00,1.45381,1.4539,1.45378,1.45389,832500000.0
2011-06-10 03:20:00,1.45389,1.45389,1.45362,1.45362,1220699996.9482422
2011-06-10 03:21:00,1.45363,1.45373,1.45362,1.45364,474799995.4223633
2011-06-10 03:22:00,1.45364,1.45364,1.45353,1.45353,214500007.62939453
2011-06-10 03:23:00,1.45355,1.45355,1.45352,1.45352,166499996.18530273
2011-06-10 03:24:00,1.45356,1.45359,1.45352,1.45359,177000007.62939453
2011-06-10 03:25:00,1.45358,1.45359,1.45351,1.45359,208500003.81469727
2011-06-10 03:26:00,1.45357,1.45364,1.45352,1.45352,180000000.0
2011-06-10 03:27:00,1.45353,1.45353,1.45353,1.45353,15000000.0
2011-06-10 03:28:00,1.45353,1.45353,1.45353,1.45353,60000000.0
2011-06-10 03:29:00,1.45349,1.45354,1.45333,1.45337,835500030.5175781
2011-06-10 03:30:00,1.45337,1.45337,1.45329,1.45332,462000007.62939453
2011-06-10 03:31:00,1.45333,1.45337,1.45331,1.45331,850500030.5175781
2011-06-10 03:32:00,1.45332,1.45349,1.45332,1.45349,212999992.37060547
2011-06-10 03:33:00,1.45349,1.45349,1.45325,1.4534,637500000.0
2011-06-10 03:34:00,1.45342,1.4535,1.45342,1.4535,135000000.0
2011-06-10 03:35:00,1.45349,1.4535,1.45328,1.45345,610600013.7329102
2011-06-10 03:36:00,1.45344,1.45345,1.45333,1.45335,333100013.73291016
2011-06-10 03:37:00,1.45333,1.45336,1.45318,1.45326,766500015.2587891
2011-06-10 03:38:00,1.45326,1.45327,1.45326,1.45327,90000000.0
2011-06-10 03:39:00,1.45327,1.45353,1.45327,1.45339,1192300033.569336
2011-06-10 03:40:00,1.4534,1.45344,1.45339,1.45339,547099990.8447266
2011-06-10 03:41:00,1.45339,1.4534,1.4532,1.45327,673899993.8964844
2011-06-10 03:42:00,1.45327,1.45329,1.45327,1.45327,75000000.0
2011-06-10 03:43:00,1.45327,1.45327,1.45314,1.45316,456199989.31884766
2011-06-10 03:44:00,1.4532,1.45326,1.4532,1.45324,639000015.2587891
2011-06-10 03:45:00,1.45325,1.45333,1.45318,1.45327,1226299972.5341797
2011-06-10 03:46:00,1.45327,1.4533,1.45322,1.45327,669000015.2587891
2011-06-10 03:47:00,1.45327,1.45333,1.45321,1.4533,442500000.0
2011-06-10 03:48:00,1.45328,1.45328,1.45317,1.45317,595499992.3706055
2011-06-10 03:49:00,1.45317,1.45329,1.45314,1.45321,881999969.4824219
2011-06-10 03:50:00,1.4532,1.45321,1.45318,1.4532,433499984.74121094
2011-06-10 03:51:00,1.4532,1.4532,1.45305,1.4531,850500030.5175781
2011-06-10 03:52:00,1.4531,1.4531,1.4527,1.4527,740299987.7929688
2011-06-10 03:53:00,1.45271,1.45272,1.45252,1.45255,1578800048.828125
2011-06-10 03:54:00,1.45256,1.45256,1.45201,1.45214,2939700012.2070312
2011-06-10 03:55:00,1.45215,1.45221,1.45169,1.45171,1915800018.3105469
2011-06-10 03:56:00,1.45171,1.4518,1.45164,1.45167,1615200042.7246094
2011-06-10 03:57:00,1.45167,1.45182,1.45156,1.45171,1878200073.2421875
2011-06-10 03:58:00,1.45171,1.45183,1.45121,1.45124,1807599945.0683594
2011-06-10 03:59:00,1.45127,1.45137,1.45122,1.45135,1481300048.828125
2011-06-10 04:00:00,1.45135,1.45164,1.45134,1.45155,1333500061.0351562
2011-06-10 04:01:00,1.45155,1.45164,1.45137,1.45137,1317799987.7929688
2011-06-10 04:02:00,1.45142,1.45164,1.4514,1.45156,1711699981.6894531
2011-06-10 04:03:00,1.45152,1.45164,1.45141,1.45141,1230299987.7929688
2011-06-10 04:04:00,1.45143,1.45156,1.45141,1.45154,1278799972.5341797
2011-06-10 04:05:00,1.45155,1.45164,1.45146,1.45153,1711499938.9648438
2011-06-10 04:06:00,1.45153,1.45155,1.45136,1.45144,1359799957.2753906
2011-06-10 04:07:00,1.45142,1.45153,1.45127,1.45127,1116600036.6210938
2011-06-10 04:08:00,1.45125,1.45125,1.45049,1.45063,2221300048.828125
2011-06-10 04:09:00,1.45064,1.45078,1.45041,1.45074,3483500061.0351562
2011-06-10 04:10:00,1.45075,1.45094,1.45053,1.45068,1979799957.2753906
2011-06-10 04:11:00,1.45064,1.45076,1.45058,1.45074,1764799957.2753906
2011-06-10 04:12:00,1.45077,1.45086,1.45071,1.45082,1284799957.2753906
2011-06-10 04:13:00,1.45082,1.45091,1.45052,1.45055,1171699981.6894531
2011-06-10 04:14:00,1.45052,1.45064,1.44984,1.44984,1866000061.0351562
2011-06-10 04:15:00,1.44982,1.4501,1.44936,1.44989,3525299987.7929688
2011-06-10 04:16:00,1.4499,1.45005,1.44981,1.45001,2478500061.0351562
2011-06-10 04:17:00,1.45001,1.45016,1.44979,1.44983,1658500061.0351562
2011-06-10 04:18:00,1.44983,1.44987,1.44958,1.44967,2393399963.3789062
2011-06-10 04:19:00,1.44967,1.44989,1.44966,1.44985,887300033.5693359
2011-06-10 04:20:00,1.44985,1.4501,1.44985,1.45003,1136999969.4824219
2011-06-10 04:21:00,1.45009,1.45009,1.44982,1.44993,1928300018.3105469
2011-06-10 04:22:00,1.44997,1.45012,1.44992,1.44992,1177500000.0
2011-06-10 04:23:00,1.44992,1.45013,1.44991,1.45003,853600006.1035156
2011-06-10 04:24:00,1.45003,1.45003,1.44996,1.44996,583499984.7412109
2011-06-10 04:25:00,1.44996,1.45005,1.44996,1.45,619500007.6293945
2011-06-10 04:26:00,1.45001,1.45001,1.44991,1.44992,474000015.25878906
2011-06-10 04:27:00,1.44991,1.44996,1.4499,1.44992,292500000.0
2011-06-10 04:28:00,1.44991,1.44993,1.4495,1.44962,1416799926.7578125
2011-06-10 04:29:00,1.44962,1.44973,1.44957,1.44958,1011299972.5341797
2011-06-10 04:30:00,1.44958,1.44962,1.44939,1.44946,1124100036.6210938
2011-06-10 04:31:00,1.44947,1.44951,1.44929,1.4493,1399600067.1386719
2011-06-10 04:32:00,1.4493,1.44932,1.44885,1.44903,3834800109.8632812
2011-06-10 04:33:00,1.44903,1.44914,1.44896,1.44914,1687500000.0
2011-06-10 04:34:00,1.44914,1.4492,1.44913,1.4492,510000000.0
2011-06-10 04:35:00,1.44919,1.44929,1.44916,1.44919,1461100006.1035156
2011-06-10 04:36:00,1.44919,1.44919,1.44898,1.44898,1070299987.7929688
2011-06-10 04:37:00,1.44898,1.44898,1.44879,1.44879,1161299972.5341797
2011-06-10 04:38:00,1.44879,1.44889,1.44868,1.44888,2106100006.1035156
2011-06-10 04:39:00,1.44887,1.44913,1.44887,1.44913,1397500000.0
2011-06-10 04:40:00,1.44913,1.44913,1.44901,1.44903,1661600036.6210938
2011-06-10 04:41:00,1.44902,1.44942,1.44902,1.44928,1263099975.5859375
2011-06-10 04:42:00,1.44931,1.44955,1.44931,1.4495,1720700073.2421875
2011-06-10 04:43:00,1.44949,1.44957,1.44939,1.44957,1032099990.8447266
2011-06-10 04:44:00,1.44955,1.44955,1.44949,1.44949,444199981.6894531
2011-06-10 04:45:00,1.44948,1.44949,1.44933,1.44935,975999984.7412109
2011-06-10 04:46:00,1.44935,1.44939,1.44932,1.44932,678799972.5341797
2011-06-10 04:47:00,1.44929,1.4493,1.44887,1.44887,1557100067.1386719
2011-06-10 04:48:00,1.44887,1.44909,1.44883,1.44903,1999100036.6210938
2011-06-10 04:49:00,1.44903,1.44913,1.44903,1.44908,834199981.6894531
2011-06-10 04:50:00,1.44907,1.44922,1.44905,1.44914,1572799987.7929688
2011-06-10 04:51:00,1.44914,1.44917,1.44913,1.44917,261800003.0517578
2011-06-10 04:52:00,1.44917,1.44917,1.449,1.44917,858399963.3789062
2011-06-10 04:53:00,1.44917,1.44919,1.44884,1.44884,1404400024.4140625
2011-06-10 04:54:00,1.44883,1.44903,1.4487,1.44901,1790599975.5859375
2011-06-10 04:55:00,1.44897,1.44901,1.44882,1.44885,1281799926.7578125
2011-06-10 04:56:00,1.44893,1.44895,1.44866,1.44875,2218600006.1035156
2011-06-10 04:57:00,1.44875,1.44893,1.44863,1.44863,1605800018.3105469
2011-06-10 04:58:00,1.44863,1.44867,1.44841,1.44851,2446100006.1035156
2011-06-10 04:59:00,1.44851,1.44866,1.44845,1.44865,1533999938.9648438
2011-06-10 05:00:00,1.44864,1.44902,1.44857,1.449,1806900024.4140625
2011-06-10 05:01:00,1.44901,1.44905,1.44891,1.44898,1315800018.3105469
2011-06-10 05:02:00,1.44898,1.44903,1.44894,1.44902,596300010.6811523
2011-06-10 05:03:00,1.44902,1.44904,1.44889,1.44898,855800018.3105469
2011-06-10 05:04:00,1.44898,1.44898,1.44885,1.44898,1008000030.5175781
2011-06-10 05:05:00,1.44902,1.44919,1.44901,1.44903,1117600021.3623047
2011-06-10 05:06:00,1.44903,1.44915,1.44901,1.44909,1373300018.3105469
2011-06-10 05:07:00,1.44907,1.44912,1.44903,1.44907,903000030.5175781
2011-06-10 05:08:00,1.44907,1.44909,1.449,1.44905,1339499969.4824219
2011-06-10 05:09:00,1.44905,1.44909,1.44886,1.44886,1042500000.0
2011-06-10 05:10:00,1.44893,1.44909,1.44889,1.44909,1504700012.2070312
2011-06-10 05:11:00,1.44909,1.44927,1.44909,1.44922,859499969.4824219
2011-06-10 05:12:00,1.44919,1.4495,1.44919,1.4495,1609600067.1386719
2011-06-10 05:13:00,1.44951,1.45,1.44951,1.44993,2618399963.3789062
2011-06-10 05:14:00,1.44993,1.45,1.44971,1.44973,1625000000.0
2011-06-10 05:15:00,1.44973,1.44981,1.44959,1.44964,1373300018.3105469
2011-06-10 05:16:00,1.44964,1.44964,1.44958,1.44961,780000000.0
2011-06-10 05:17:00,1.44961,1.4497,1.44953,1.4497,822200012.2070312
2011-06-10 05:18:00,1.4497,1.44979,1.44956,1.44973,1696499938.9648438
2011-06-10 05:19:00,1.44978,1.44978,1.4496,1.44963,1897500000.0
2011-06-10 05:20:00,1.44967,1.44973,1.44938,1.44945,1500099945.0683594
2011-06-10 05:21:00,1.44944,1.44944,1.44915,1.44919,942300033.5693359
2011-06-10 05:22:00,1.44917,1.44939,1.44917,1.44939,582799987.7929688
2011-06-10 05:23:00,1.44938,1.44939,1.44933,1.44935,353300018.3105469
2011-06-10 05:24:00,1.44935,1.44956,1.44935,1.44956,352500000.0
2011-06-10 05:25:00,1.44956,1.4497,1.44943,1.44966,875299987.7929688
2011-06-10 05:26:00,1.44967,1.44977,1.44953,1.44953,727600021.3623047
2011-06-10 05:27:00,1.44954,1.44954,1.44935,1.44941,733600006.1035156
2011-06-10 05:28:00,1.4494,1.44973,1.44939,1.44973,497500000.0
2011-06-10 05:29:00,1.44973,1.44978,1.4497,1.44977,360800018.3105469
2011-06-10 05:30:00,1.44975,1.44975,1.44924,1.44931,1333699951.171875
2011-06-10 05:31:00,1.44933,1.44943,1.44932,1.44934,791999969.4824219
2011-06-10 05:32:00,1.44935,1.44969,1.44935,1.44969,738099975.5859375
2011-06-10 05:33:00,1.44969,1.44969,1.44953,1.44953,449300003.0517578
2011-06-10 05:34:00,1.44952,1.44972,1.44952,1.44972,355600013.73291016
2011-06-10 05:35:00,1.4497,1.44974,1.44947,1.44952,729800033.5693359
2011-06-10 05:36:00,1.44955,1.44989,1.44955,1.44989,679499969.4824219
2011-06-10 05:37:00,1.44988,1.45008,1.44984,1.45003,1292500000.0
2011-06-10 05:38:00,1.45005,1.45026,1.4499,1.45019,898600006.1035156
2011-06-10 05:39:00,1.45016,1.45022,1.4501,1.4501,432000007.62939453
2011-06-10 05:40:00,1.45009,1.45023,1.45008,1.45015,1118499984.741211
2011-06-10 05:41:00,1.45013,1.45013,1.4499,1.44994,529700012.20703125
2011-06-10 05:42:00,1.4499,1.44992,1.44987,1.44987,420000000.0
2011-06-10 05:43:00,1.44987,1.44989,1.4498,1.44982,679100036.6210938
2011-06-10 05:44:00,1.44982,1.44988,1.44975,1.44985,1123700027.4658203
2011-06-10 05:45:00,1.44986,1.45006,1.44975,1.45005,1508500061.0351562
2011-06-10 05:46:00,1.45004,1.4501,1.44983,1.45002,1990700073.2421875
2011-06-10 05:47:00,1.45001,1.45003,1.44969,1.4497,1373999938.9648438
2011-06-10 05:48:00,1.44969,1.4497,1.44926,1.44933,1461799926.7578125
2011-06-10 05:49:00,1.44928,1.44963,1.44928,1.44961,1331999969.4824219
2011-06-10 05:50:00,1.44965,1.44968,1.44952,1.4496,1078600006.1035156
2011-06-10 05:51:00,1.44958,1.44958,1.44928,1.44936,1569799957.2753906
2011-06-10 05:52:00,1.44935,1.44935,1.44921,1.44926,694499969.4824219
2011-06-10 05:53:00,1.44926,1.44938,1.44926,1.44937,615000000.0
2011-06-10 05:54:00,1.44938,1.44953,1.44938,1.44945,650999984.7412109
2011-06-10 05:55:00,1.44946,1.44953,1.44941,1.44943,1677500000.0
2011-06-10 05:56:00,1.44942,1.4495,1.44939,1.4495,460499992.37060547
2011-06-10 05:57:00,1.4495,1.4495,1.44934,1.4494,1413800048.828125
2011-06-10 05:58:00,1.4494,1.44952,1.4493,1.44944,886500015.2587891
2011-06-10 05:59:00,1.44944,1.44957,1.44939,1.44956,922600021.3623047
2011-06-10 06:00:00,1.44956,1.44956,1.44898,1.44898,2837799987.7929688
2011-06-10 06:01:00,1.44898,1.44898,1.44831,1.44859,2596700134.2773438
2011-06-10 06:02:00,1.44862,1.44868,1.4484,1.44849,1359100036.6210938
2011-06-10 06:03:00,1.44849,1.44867,1.44837,1.44849,1897599945.0683594
2011-06-10 06:04:00,1.44847,1.44859,1.4484,1.44859,1984700012.2070312
2011-06-10 06:05:00,1.44861,1.44876,1.4486,1.44876,1618000030.5175781
2011-06-10 06:06:00,1.44878,1.44885,1.44862,1.44863,1020100021.3623047
2011-06-10 06:07:00,1.44863,1.44869,1.44853,1.44856,1072799987.7929688
2011-06-10 06:08:00,1.44856,1.4488,1.44855,1.4486,909400024.4140625
2011-06-10 06:09:00,1.4486,1.44869,1.44844,1.44869,1497200012.2070312
2011-06-10 06:10:00,1.44869,1.44869,1.44845,1.44854,2063300018.3105469
2011-06-10 06:11:00,1.44854,1.44855,1.44785,1.44793,2647500000.0
2011-06-10 06:12:00,1.44791,1.44797,1.44723,1.44723,2692699890.1367188
2011-06-10 06:13:00,1.44721,1.44722,1.44671,1.44691,3817699890.1367188
2011-06-10 06:14:00,1.44691,1.44692,1.44649,1.44682,3104100036.6210938
2011-06-10 06:15:00,1.44682,1.4471,1.44662,1.4467,2458200073.2421875
2011-06-10 06:16:00,1.44671,1.447,1.44671,1.44693,1703300018.3105469
2011-06-10 06:17:00,1.44693,1.44744,1.44691,1.44729,1528899993.8964844
2011-06-10 06:18:00,1.44724,1.44751,1.44723,1.4475,1902899932.8613281
2011-06-10 06:19:00,1.44751,1.4476,1.44737,1.44743,1671399993.8964844
2011-06-10 06:20:00,1.44742,1.4475,1.4467,1.44701,2523800048.828125
2011-06-10 06:21:00,1.44701,1.44734,1.44688,1.44729,1980899963.3789062
2011-06-10 06:22:00,1.44729,1.44735,1.44712,1.44712,1240599975.5859375
2011-06-10 06:23:00,1.44712,1.44741,1.44692,1.44741,1227099990.8447266
2011-06-10 06:24:00,1.44741,1.44752,1.4473,1.44746,1110000000.0
2011-06-10 06:25:00,1.44746,1.4475,1.44726,1.44735,1410000000.0
2011-06-10 06:26:00,1.44738,1.44749,1.44719,1.44737,1573600006.1035156
2011-06-10 06:27:00,1.44737,1.4476,1.44737,1.4476,1221900024.4140625
2011-06-10 06:28:00,1.44762,1.44768,1.44754,1.44762,1353999938.9648438
2011-06-10 06:29:00,1.44762,1.44764,1.4473,1.44747,1384799957.2753906
2011-06-10 06:30:00,1.44747,1.44748,1.44712,1.44715,1890200042.7246094
2011-06-10 06:31:00,1.44719,1.4476,1.44719,1.44738,2052899932.8613281
2011-06-10 06:32:00,1.44737,1.44762,1.44734,1.44757,1332899932.8613281
2011-06-10 06:33:00,1.44757,1.4476,1.44727,1.44729,1688999938.9648438
2011-06-10 06:34:00,1.44727,1.44781,1.44727,1.44781,2400200042.7246094
2011-06-10 06:35:00,1.44778,1.44783,1.44762,1.44769,1703099975.5859375
2011-06-10 06:36:00,1.44767,1.44785,1.44763,1.44784,1286699981.6894531
2011-06-10 06:37:00,1.44783,1.44822,1.44782,1.44819,2154600067.138672
2011-06-10 06:38:00,1.44819,1.44844,1.44819,1.44844,2196799926.7578125
2011-06-10 06:39:00,1.44845,1.44861,1.44838,1.44842,1631999969.4824219
2011-06-10 06:40:00,1.44841,1.44845,1.44825,1.44831,1668000030.5175781
2011-06-10 06:41:00,1.4483,1.44831,1.44822,1.44824,1084499969.4824219
2011-06-10 06:42:00,1.44824,1.44828,1.44784,1.44784,1816799926.7578125
2011-06-10 06:43:00,1.44785,1.44812,1.44771,1.44812,1892299957.2753906
2011-06-10 06:44:00,1.44812,1.44823,1.44812,1.4482,1212099990.8447266
2011-06-10 06:45:00,1.44822,1.44822,1.44769,1.44788,2870400085.4492188
2011-06-10 06:46:00,1.44787,1.44812,1.44784,1.44802,1599100036.6210938
2011-06-10 06:47:00,1.44802,1.44807,1.44757,1.44762,1854100036.6210938
2011-06-10 06:48:00,1.44763,1.44773,1.44755,1.44756,1286300048.828125
2011-06-10 06:49:00,1.44752,1.44771,1.4474,1.4475,2076499938.9648438
2011-06-10 06:50:00,1.4475,1.44765,1.44741,1.44763,1500000000.0
2011-06-10 06:51:00,1.44766,1.44812,1.44766,1.44805,2011799926.7578125
2011-06-10 06:52:00,1.44803,1.44836,1.44798,1.44833,1845000000.0
2011-06-10 06:53:00,1.44832,1.44854,1.44822,1.44851,2483000030.517578
2011-06-10 06:54:00,1.44851,1.44852,1.44828,1.44828,1741000061.0351562
2011-06-10 06:55:00,1.44827,1.44911,1.44824,1.44908,2424400024.4140625
2011-06-10 06:56:00,1.44909,1.4492,1.44885,1.44919,2921799926.7578125
2011-06-10 06:57:00,1.44919,1.44948,1.44915,1.44928,2179199981.689453
2011-06-10 06:58:00,1.44928,1.4498,1.44913,1.44968,2697099914.5507812
2011-06-10 06:59:00,1.44968,1.44973,1.44957,1.44959,1402599945.0683594
2011-06-10 07:00:00,1.44958,1.44959,1.44927,1.44939,2263699951.171875
2011-06-10 07:01:00,1.44941,1.44947,1.4491,1.4491,1254599990.8447266
2011-06-10 07:02:00,1.4491,1.44932,1.44908,1.44922,2271499938.9648438
2011-06-10 07:03:00,1.44922,1.4493,1.44898,1.44902,2015500030.5175781
2011-06-10 07:04:00,1.44903,1.44903,1.44876,1.44876,1967100067.1386719
2011-06-10 07:05:00,1.44876,1.44876,1.44807,1.44835,3064599914.5507812
2011-06-10 07:06:00,1.44837,1.44837,1.44811,1.44823,1848399963.3789062
2011-06-10 07:07:00,1.44821,1.44821,1.44785,1.44794,2390899963.3789062
2011-06-10 07:08:00,1.44792,1.4481,1.44764,1.44799,2165899963.3789062
2011-06-10 07:09:00,1.44799,1.4484,1.44792,1.44828,1729700012.2070312
2011-06-10 07:10:00,1.44829,1.44841,1.44817,1.44828,1259199981.6894531
2011-06-10 07:11:00,1.44827,1.4483,1.44745,1.44753,1980500030.5175781
2011-06-10 07:12:00,1.44758,1.44779,1.44736,1.4475,1991399993.8964844
2011-06-10 07:13:00,1.44751,1.44766,1.44732,1.4475,2212100067.138672
2011-06-10 07:14:00,1.44751,1.44801,1.44749,1.448,2452599945.0683594
2011-06-10 07:15:00,1.44799,1.44819,1.44772,1.44772,2001699981.6894531
2011-06-10 07:16:00,1.44771,1.44789,1.44681,1.44681,2779800109.8632812
2011-06-10 07:17:00,1.44681,1.44681,1.44613,1.44649,3157699890.1367188
2011-06-10 07:18:00,1.44649,1.44671,1.44618,1.44629,2290700073.2421875
2011-06-10 07:19:00,1.4463,1.44639,1.44559,1.44609,3251199951.171875
2011-06-10 07:20:00,1.44609,1.44609,1.4455,1.44565,3077699890.1367188
2011-06-10 07:21:00,1.44567,1.44606,1.44547,1.44575,2935599975.5859375
2011-06-10 07:22:00,1.44576,1.4462,1.44573,1.44609,2661900024.4140625
2011-06-10 07:23:00,1.44608,1.44616,1.44584,1.44584,2233099975.5859375
2011-06-10 07:24:00,1.44583,1.44583,1.44525,1.44568,3233099975.5859375
2011-06-10 07:25:00,1.44567,1.4457,1.44496,1.44514,3512600097.65625
2011-06-10 07:26:00,1.44513,1.44559,1.44513,1.44557,2412299957.2753906
2011-06-10 07:27:00,1.44555,1.44555,1.44448,1.44452,3620000000.0
2011-06-10 07:28:00,1.4445,1.44506,1.44446,1.44502,3348599853.515625
2011-06-10 07:29:00,1.44502,1.44552,1.445,1.44549,2992200012.2070312
2011-06-10 07:30:00,1.44554,1.44579,1.44545,1.44554,2564899902.34375
2011-06-10 07:31:00,1.44554,1.44561,1.44518,1.44539,3111300048.828125
2011-06-10 07:32:00,1.44539,1.44569,1.44539,1.4455,2858800048.828125
2011-06-10 07:33:00,1.44553,1.4456,1.44526,1.44543,2504900054.9316406
2011-06-10 07:34:00,1.4454,1.4456,1.44461,1.44462,3092500000.0
2011-06-10 07:35:00,1.44462,1.44495,1.44462,1.44491,2298300018.310547
2011-06-10 07:36:00,1.44491,1.445,1.44467,1.44469,2217599945.0683594
2011-06-10 07:37:00,1.44474,1.44514,1.44451,1.44503,3388800048.828125
2011-06-10 07:38:00,1.44503,1.44503,1.4446,1.44472,3026300048.828125
2011-06-10 07:39:00,1.44471,1.44529,1.44471,1.44521,2229600067.138672
2011-06-10 07:40:00,1.44522,1.44531,1.44501,1.44501,1599600067.1386719
2011-06-10 07:41:00,1.44501,1.44525,1.44479,1.44481,2188099975.5859375
2011-06-10 07:42:00,1.44481,1.44518,1.44481,1.44516,2361499938.9648438
2011-06-10 07:43:00,1.44517,1.44569,1.44513,1.44554,1647799987.7929688
2011-06-10 07:44:00,1.44555,1.44572,1.44539,1.44572,2319799957.2753906
2011-06-10 07:45:00,1.44573,1.44593,1.44556,1.44586,2189900054.9316406
2011-06-10 07:46:00,1.44583,1.44596,1.44549,1.44549,2092500000.0
2011-06-10 07:47:00,1.44549,1.4455,1.44501,1.4452,2407700042.7246094
2011-06-10 07:48:00,1.44521,1.44548,1.44518,1.44537,1975200042.7246094
2011-06-10 07:49:00,1.44543,1.44549,1.44541,1.44545,1216600036.6210938
2011-06-10 07:50:00,1.44544,1.44571,1.44537,1.44548,2055200042.7246094
2011-06-10 07:51:00,1.44549,1.44549,1.44515,1.44525,1944400024.4140625
2011-06-10 07:52:00,1.44525,1.44601,1.44525,1.4459,2883200073.2421875
2011-06-10 07:53:00,1.44592,1.44619,1.4459,1.44616,2074700012.2070312
2011-06-10 07:54:00,1.44616,1.44641,1.44615,1.44631,2704299926.7578125
2011-06-10 07:55:00,1.4463,1.4463,1.44578,1.44601,1891999969.4824219
2011-06-10 07:56:00,1.44599,1.446,1.44545,1.44558,2813800048.828125
2011-06-10 07:57:00,1.44557,1.44581,1.44537,1.44581,2439400024.4140625
2011-06-10 07:58:00,1.4458,1.44612,1.44571,1.44589,1810000000.0
2011-06-10 07:59:00,1.44589,1.44597,1.44563,1.44574,1941300048.828125
2011-06-10 08:00:00,1.44573,1.44573,1.44525,1.44537,1792100067.1386719
2011-06-10 08:01:00,1.44536,1.44577,1.44524,1.44565,1822700042.7246094
2011-06-10 08:02:00,1.44565,1.44575,1.4454,1.44556,2331699981.689453
2011-06-10 08:03:00,1.44556,1.44559,1.44541,1.44553,1986600036.6210938
2011-06-10 08:04:00,1.44551,1.44557,1.44532,1.44544,2442100067.138672
2011-06-10 08:05:00,1.44544,1.44552,1.44522,1.44523,2185200042.7246094
2011-06-10 08:06:00,1.44521,1.44541,1.44494,1.445,1933099975.5859375
2011-06-10 08:07:00,1.44498,1.44512,1.44496,1.44511,2327299957.2753906
2011-06-10 08:08:00,1.44511,1.44561,1.44511,1.44557,3727900085.4492188
2011-06-10 08:09:00,1.44557,1.44565,1.44548,1.44551,1935599975.5859375
2011-06-10 08:10:00,1.44552,1.44586,1.44552,1.44554,2031399993.8964844
2011-06-10 08:11:00,1.44554,1.44584,1.44553,1.44564,2254299926.7578125
2011-06-10 08:12:00,1.44564,1.44584,1.44548,1.44565,2417400054.9316406
2011-06-10 08:13:00,1.44564,1.44589,1.44559,1.44587,1333300018.3105469
2011-06-10 08:14:00,1.44586,1.44605,1.44586,1.44602,1300700073.2421875
2011-06-10 08:15:00,1.44598,1.44633,1.44597,1.44633,1731199951.171875
2011-06-10 08:16:00,1.44634,1.44652,1.44616,1.44648,2911799926.7578125
2011-06-10 08:17:00,1.44649,1.44666,1.44648,1.44661,2391999969.482422
2011-06-10 08:18:00,1.4466,1.4466,1.44606,1.44629,2046499938.9648438
2011-06-10 08:19:00,1.44628,1.44639,1.4461,1.44629,2081799926.7578125
2011-06-10 08:20:00,1.44627,1.44666,1.44627,1.44649,2046900024.4140625
2011-06-10 08:21:00,1.44648,1.44658,1.44622,1.44639,2288399963.3789062
2011-06-10 08:22:00,1.44634,1.4466,1.44629,1.44643,1848099975.5859375
2011-06-10 08:23:00,1.44644,1.44663,1.44644,1.44655,1345099945.0683594
2011-06-10 08:24:00,1.44654,1.44654,1.44621,1.44625,1684199981.6894531
2011-06-10 08:25:00,1.44625,1.44674,1.44625,1.44674,1499900054.9316406
2011-06-10 08:26:00,1.4467,1.44704,1.44663,1.44686,2776000061.0351562
2011-06-10 08:27:00,1.44686,1.44692,1.44673,1.44673,1321300048.828125
2011-06-10 08:28:00,1.44672,1.44672,1.44654,1.44669,1425200042.7246094
2011-06-10 08:29:00,1.4467,1.44678,1.44665,1.44673,1226299972.5341797
2011-06-10 08:30:00,1.44679,1.4468,1.44657,1.44679,2091199951.171875
2011-06-10 08:31:00,1.44678,1.44678,1.44665,1.44677,1282700042.7246094
2011-06-10 08:32:00,1.44677,1.44723,1.44677,1.4472,2616900024.4140625
2011-06-10 08:33:00,1.4472,1.44729,1.44716,1.44729,2348699951.171875
2011-06-10 08:34:00,1.4473,1.44732,1.44706,1.4472,2177100067.138672
2011-06-10 08:35:00,1.4472,1.44723,1.4469,1.44699,1717799987.7929688
2011-06-10 08:36:00,1.44697,1.44697,1.44672,1.44672,1698899993.8964844
2011-06-10 08:37:00,1.44666,1.44683,1.44653,1.44672,2060800018.3105469
2011-06-10 08:38:00,1.44673,1.44673,1.44656,1.44671,862799987.7929688
2011-06-10 08:39:00,1.44671,1.44725,1.44667,1.44722,1477500000.0
2011-06-10 08:40:00,1.44722,1.44722,1.44704,1.4472,1866100006.1035156
2011-06-10 08:41:00,1.4472,1.4472,1.44683,1.44685,1805399932.8613281
2011-06-10 08:42:00,1.44686,1.44697,1.44632,1.44641,2159100036.6210938
2011-06-10 08:43:00,1.44641,1.44667,1.44635,1.44662,2123500061.0351562
2011-06-10 08:44:00,1.44661,1.44661,1.44635,1.44645,1583600006.1035156
2011-06-10 08:45:00,1.44645,1.4465,1.44615,1.44615,1192200012.2070312
2011-06-10 08:46:00,1.4461,1.44612,1.4459,1.44595,1990399932.8613281
2011-06-10 08:47:00,1.44598,1.44607,1.4457,1.44603,2141499938.9648438
2011-06-10 08:48:00,1.44603,1.44632,1.44603,1.44623,1605800018.3105469
2011-06-10 08:49:00,1.44623,1.44637,1.44623,1.4463,1188899993.8964844
2011-06-10 08:50:00,1.44629,1.44655,1.44596,1.44655,2250099945.0683594
2011-06-10 08:51:00,1.44656,1.44875,1.44654,1.44875,3715199890.1367188
2011-06-10 08:52:00,1.44878,1.44898,1.44842,1.44873,3964700012.2070312
2011-06-10 08:53:00,1.44874,1.44888,1.44828,1.44828,2763800048.828125
2011-06-10 08:54:00,1.44828,1.44845,1.448,1.44802,2617600097.65625
2011-06-10 08:55:00,1.44802,1.44846,1.44802,1.44813,3184700012.2070312
2011-06-10 08:56:00,1.44815,1.44832,1.44791,1.44799,2250299987.7929688
2011-06-10 08:57:00,1.448,1.44801,1.44761,1.44772,2307700042.7246094
2011-06-10 08:58:00,1.44771,1.44802,1.44756,1.44791,2768200073.2421875
2011-06-10 08:59:00,1.44794,1.44817,1.44789,1.44806,3053900146.484375
2011-06-10 09:00:00,1.44804,1.44889,1.448,1.4485,3872000122.0703125
2011-06-10 09:01:00,1.44851,1.44865,1.44822,1.44826,3115100097.65625
2011-06-10 09:02:00,1.44825,1.44829,1.44801,1.44826,1977799987.7929688
2011-06-10 09:03:00,1.44826,1.44881,1.44825,1.44877,2521999969.482422
2011-06-10 09:04:00,1.44877,1.44883,1.44851,1.44876,2482100067.138672
2011-06-10 09:05:00,1.44876,1.44878,1.44853,1.44855,2062400054.9316406
2011-06-10 09:06:00,1.44855,1.44896,1.44845,1.44889,3047500000.0
2011-06-10 09:07:00,1.44889,1.449,1.44858,1.44869,2664100036.6210938
2011-06-10 09:08:00,1.44869,1.44877,1.44857,1.44858,2881099853.515625
2011-06-10 09:09:00,1.44857,1.4486,1.44806,1.44807,2966000061.0351562
2011-06-10 09:10:00,1.44808,1.44809,1.44786,1.44791,1632899932.8613281
2011-06-10 09:11:00,1.44791,1.44795,1.4478,1.44795,1875599975.5859375
2011-06-10 09:12:00,1.44794,1.44838,1.44793,1.44833,2380800018.310547
2011-06-10 09:13:00,1.44836,1.44849,1.44819,1.44847,1499600067.1386719
2011-06-10 09:14:00,1.44845,1.44858,1.44832,1.44832,1723699951.171875
2011-06-10 09:15:00,1.44832,1.44877,1.44832,1.44862,2100299987.7929688
2011-06-10 09:16:00,1.44866,1.44901,1.44865,1.44898,2114499969.4824219
2011-06-10 09:17:00,1.44898,1.44898,1.44882,1.44891,1586300048.828125
2011-06-10 09:18:00,1.44891,1.44948,1.44886,1.44947,3045499877.9296875
2011-06-10 09:19:00,1.44946,1.44946,1.44888,1.44902,2507899932.861328
2011-06-10 09:20:00,1.44902,1.44902,1.4484,1.4484,2672600097.65625
2011-06-10 09:21:00,1.44839,1.4485,1.44823,1.4485,1818200073.2421875
2011-06-10 09:22:00,1.4485,1.44875,1.44831,1.44849,3630700073.2421875
2011-06-10 09:23:00,1.44844,1.44902,1.44836,1.44886,2337299957.2753906
2011-06-10 09:24:00,1.44887,1.44887,1.44829,1.44831,2084700012.2070312
2011-06-10 09:25:00,1.44831,1.4489,1.44826,1.44883,2210500030.517578
2011-06-10 09:26:00,1.44885,1.44896,1.44885,1.44891,933799972.5341797
2011-06-10 09:27:00,1.44892,1.44898,1.44865,1.44866,1593800048.828125
2011-06-10 09:28:00,1.44865,1.44874,1.44856,1.44864,1710099945.0683594
2011-06-10 09:29:00,1.44864,1.44864,1.44812,1.44834,2005299987.7929688
2011-06-10 09:30:00,1.44839,1.44841,1.44791,1.44791,1551699981.6894531
2011-06-10 09:31:00,1.44793,1.448,1.4474,1.44746,2025399932.8613281
2011-06-10 09:32:00,1.44747,1.44797,1.44747,1.44797,2203899993.8964844
2011-06-10 09:33:00,1.44799,1.44804,1.44778,1.44789,1403500061.0351562
2011-06-10 09:34:00,1.44786,1.44799,1.44775,1.44796,1773099975.5859375
2011-06-10 09:35:00,1.44799,1.44799,1.44774,1.44782,2364700012.2070312
2011-06-10 09:36:00,1.44781,1.44807,1.44775,1.44797,1417100067.1386719
2011-06-10 09:37:00,1.44799,1.44826,1.44792,1.44814,2360899963.3789062
2011-06-10 09:38:00,1.44814,1.44815,1.44779,1.44801,2580499877.9296875
2011-06-10 09:39:00,1.44802,1.4482,1.44771,1.44771,2441000061.0351562
2011-06-10 09:40:00,1.44771,1.44772,1.44744,1.44754,2022100067.1386719
2011-06-10 09:41:00,1.44755,1.44822,1.44755,1.44817,2350000000.0
2011-06-10 09:42:00,1.44816,1.44826,1.44802,1.44818,2183300018.310547
2011-06-10 09:43:00,1.44817,1.44831,1.44792,1.44798,3240400085.4492188
2011-06-10 09:44:00,1.44797,1.44807,1.44793,1.44794,1546499938.9648438
2011-06-10 09:45:00,1.44792,1.44802,1.44774,1.44784,2849700012.2070312
2011-06-10 09:46:00,1.44783,1.44823,1.44781,1.4479,2512100067.138672
2011-06-10 09:47:00,1.4479,1.44809,1.44786,1.44796,1277300033.569336
2011-06-10 09:48:00,1.44796,1.44806,1.44762,1.44782,2076000061.0351562
2011-06-10 09:49:00,1.44783,1.44786,1.44754,1.44767,2323000030.517578
2011-06-10 09:50:00,1.4477,1.44786,1.44763,1.44767,1848300018.3105469
2011-06-10 09:51:00,1.44768,1.44769,1.4474,1.44755,1611699981.6894531
2011-06-10 09:52:00,1.44757,1.44797,1.44754,1.44792,1590099945.0683594
2011-06-10 09:53:00,1.44793,1.44811,1.4479,1.44811,1276200027.4658203
2011-06-10 09:54:00,1.44811,1.44833,1.44792,1.44833,1367500000.0
2011-06-10 09:55:00,1.44834,1.44841,1.44804,1.44804,1841100006.1035156
2011-06-10 09:56:00,1.44804,1.44836,1.44804,1.44831,1332100067.1386719
2011-06-10 09:57:00,1.44833,1.44842,1.44811,1.44834,2260299987.7929688
2011-06-10 09:58:00,1.44834,1.44839,1.44826,1.44833,1225899963.3789062
2011-06-10 09:59:00,1.44832,1.44839,1.44812,1.44816,1630500030.5175781
2011-06-10 10:00:00,1.44817,1.44821,1.4477,1.44795,1711199951.171875
2011-06-10 10:01:00,1.44795,1.44795,1.44753,1.44757,2393800048.828125
2011-06-10 10:02:00,1.44755,1.44763,1.4473,1.44757,2187400054.9316406
2011-06-10 10:03:00,1.44757,1.44758,1.44729,1.44738,2232100067.138672
2011-06-10 10:04:00,1.44738,1.44765,1.44738,1.44761,1182099990.8447266
2011-06-10 10:05:00,1.44761,1.44778,1.44751,1.44767,1732200012.2070312
2011-06-10 10:06:00,1.44765,1.44771,1.44745,1.4475,1807899932.8613281
2011-06-10 10:07:00,1.44751,1.44752,1.44741,1.44749,2169600067.138672
2011-06-10 10:08:00,1.44749,1.4476,1.44744,1.44749,1072500000.0
2011-06-10 10:09:00,1.4475,1.44803,1.4475,1.44793,1742700042.7246094
2011-06-10 10:10:00,1.44794,1.44797,1.44753,1.44755,1356499938.9648438
2011-06-10 10:11:00,1.44755,1.44762,1.44736,1.44737,1860899963.3789062
2011-06-10 10:12:00,1.44739,1.44741,1.44683,1.447,2039299926.7578125
2011-06-10 10:13:00,1.44702,1.4472,1.44702,1.44711,1358899993.8964844
2011-06-10 10:14:00,1.44711,1.44734,1.44692,1.44696,1125000000.0
2011-06-10 10:15:00,1.44693,1.44702,1.44681,1.44687,1429100036.6210938
2011-06-10 10:16:00,1.44689,1.44709,1.44689,1.44705,1463399963.3789062
2011-06-10 10:17:00,1.4471,1.44718,1.44687,1.44687,2266399993.8964844
2011-06-10 10:18:00,1.44686,1.44686,1.44645,1.44652,1320200042.7246094
2011-06-10 10:19:00,1.44652,1.44662,1.44644,1.4466,1347400054.9316406
2011-06-10 10:20:00,1.44659,1.44682,1.44658,1.44664,1525099945.0683594
2011-06-10 10:21:00,1.44668,1.4468,1.44665,1.44673,1717700042.7246094
2011-06-10 10:22:00,1.44673,1.44703,1.44673,1.44701,2055500030.5175781
2011-06-10 10:23:00,1.44702,1.44707,1.44684,1.44707,1724600067.1386719
2011-06-10 10:24:00,1.44711,1.44749,1.44711,1.44719,2416300048.828125
2011-06-10 10:25:00,1.44718,1.44718,1.44686,1.44686,1498600006.1035156
2011-06-10 10:26:00,1.44687,1.4469,1.44652,1.44678,1847500000.0
2011-06-10 10:27:00,1.44677,1.44682,1.44656,1.44669,1453099975.5859375
2011-06-10 10:28:00,1.44669,1.44686,1.44659,1.44683,1960700073.2421875
2011-06-10 10:29:00,1.44683,1.44693,1.4467,1.44693,1504199981.6894531
2011-06-10 10:30:00,1.44693,1.44709,1.44682,1.44682,1594799957.2753906
2011-06-10 10:31:00,1.44681,1.44685,1.44664,1.44664,954899978.6376953
2011-06-10 10:32:00,1.44666,1.44671,1.44663,1.44671,945800018.3105469
2011-06-10 10:33:00,1.44671,1.44678,1.44621,1.44625,2133600006.1035156
2011-06-10 10:34:00,1.44622,1.44627,1.44571,1.44571,3243399963.3789062
2011-06-10 10:35:00,1.44574,1.44598,1.4456,1.44572,2592999877.9296875
2011-06-10 10:36:00,1.44572,1.44619,1.44571,1.44612,2580700073.2421875
2011-06-10 10:37:00,1.44612,1.44631,1.4461,1.44627,2451699981.689453
2011-06-10 10:38:00,1.44627,1.44685,1.44627,1.44684,2637200012.2070312
2011-06-10 10:39:00,1.44683,1.44692,1.44633,1.44637,2292799987.7929688
2011-06-10 10:40:00,1.44633,1.44633,1.44515,1.44537,4170400085.4492188
2011-06-10 10:41:00,1.44533,1.44571,1.44505,1.4455,3780100097.65625
2011-06-10 10:42:00,1.44552,1.44565,1.44545,1.44549,2405200042.7246094
2011-06-10 10:43:00,1.44548,1.44568,1.44534,1.44559,2026199951.171875
2011-06-10 10:44:00,1.44559,1.44579,1.44554,1.4457,2410700073.2421875
2011-06-10 10:45:00,1.44568,1.44568,1.44522,1.44522,2830100097.65625
2011-06-10 10:46:00,1.44525,1.44543,1.4447,1.4448,3187900085.4492188
2011-06-10 10:47:00,1.44482,1.44524,1.44478,1.44505,2556600036.6210938
2011-06-10 10:48:00,1.44505,1.4452,1.44493,1.44507,2253200073.2421875
2011-06-10 10:49:00,1.44505,1.44517,1.44505,1.44513,1799900054.9316406
2011-06-10 10:50:00,1.44513,1.4452,1.44497,1.44507,2558000030.517578
2011-06-10 10:51:00,1.44506,1.44522,1.44468,1.44472,3259599914.5507812
2011-06-10 10:52:00,1.44472,1.44489,1.44435,1.44489,4045799865.7226562
2011-06-10 10:53:00,1.4449,1.44569,1.44485,1.44569,3708200073.2421875
2011-06-10 10:54:00,1.44572,1.44577,1.44554,1.44561,2272400054.9316406
2011-06-10 10:55:00,1.44561,1.44597,1.44549,1.44564,2325500030.517578
2011-06-10 10:56:00,1.44565,1.44599,1.44554,1.44595,2676400146.484375
2011-06-10 10:57:00,1.44595,1.44616,1.44588,1.44611,1605200042.7246094
2011-06-10 10:58:00,1.44617,1.44621,1.44577,1.44577,2102599945.0683594
2011-06-10 10:59:00,1.44577,1.44588,1.44564,1.44583,1626199951.171875
2011-06-10 11:00:00,1.44585,1.44628,1.44585,1.44612,2213500061.0351562
2011-06-10 11:01:00,1.44609,1.44632,1.44609,1.44632,1500200042.7246094
2011-06-10 11:02:00,1.44635,1.44657,1.44635,1.44654,2461699981.689453
2011-06-10 11:03:00,1.44654,1.44659,1.44644,1.44656,2061600036.6210938
2011-06-10 11:04:00,1.44656,1.44703,1.44655,1.44676,2129499969.4824219
2011-06-10 11:05:00,1.44679,1.44689,1.44657,1.44657,2077599945.0683594
2011-06-10 11:06:00,1.44659,1.4466,1.44596,1.44598,2024299926.7578125
2011-06-10 11:07:00,1.44597,1.44637,1.44595,1.44635,2744400024.4140625
2011-06-10 11:08:00,1.44636,1.4466,1.44632,1.44655,2010899963.3789062
2011-06-10 11:09:00,1.44655,1.44655,1.44637,1.4464,1042600021.3623047
2011-06-10 11:10:00,1.44639,1.44649,1.44627,1.44646,2027599945.0683594
2011-06-10 11:11:00,1.44648,1.44684,1.44648,1.44683,1266200027.4658203
2011-06-10 11:12:00,1.44686,1.44689,1.44657,1.44659,1705700073.2421875
2011-06-10 11:13:00,1.44655,1.44685,1.44642,1.44677,1936300048.828125
2011-06-10 11:14:00,1.44677,1.44703,1.44672,1.44674,1713300018.3105469
2011-06-10 11:15:00,1.4467,1.44671,1.44657,1.44657,1534700012.2070312
2011-06-10 11:16:00,1.44655,1.44725,1.44643,1.44723,2479400024.4140625
2011-06-10 11:17:00,1.44723,1.44723,1.4468,1.44685,2144900054.9316406
2011-06-10 11:18:00,1.44686,1.44689,1.44676,1.4468,930199966.4306641
2011-06-10 11:19:00,1.4468,1.4468,1.44634,1.44639,1417500000.0
2011-06-10 11:20:00,1.44637,1.44656,1.44623,1.44623,2148300018.310547
2011-06-10 11:21:00,1.44623,1.44629,1.44613,1.44617,1507400054.9316406
2011-06-10 11:22:00,1.44617,1.44621,1.44615,1.44617,831800003.0517578
2011-06-10 11:23:00,1.44617,1.44635,1.44595,1.446,1678600006.1035156
2011-06-10 11:24:00,1.446,1.44633,1.44573,1.44627,1933999938.9648438
2011-06-10 11:25:00,1.44629,1.44629,1.44576,1.44576,2510599975.5859375
2011-06-10 11:26:00,1.44577,1.44597,1.44574,1.44594,918300018.3105469
2011-06-10 11:27:00,1.44593,1.44621,1.44593,1.4462,961500015.2587891
2011-06-10 11:28:00,1.4462,1.4463,1.44596,1.44623,1996100006.1035156
2011-06-10 11:29:00,1.44623,1.44643,1.44608,1.44624,2203600006.1035156
2011-06-10 11:30:00,1.44624,1.44661,1.44621,1.44645,1761600036.6210938
2011-06-10 11:31:00,1.44647,1.44657,1.44626,1.44655,1436699981.6894531
2011-06-10 11:32:00,1.44656,1.4468,1.44656,1.44668,951200027.4658203
2011-06-10 11:33:00,1.4467,1.44686,1.44663,1.44665,2011999969.4824219
2011-06-10 11:34:00,1.44665,1.4467,1.44661,1.44667,1427200012.2070312
2011-06-10 11:35:00,1.44666,1.44666,1.44628,1.44644,1693600006.1035156
2011-06-10 11:36:00,1.44639,1.44647,1.44628,1.44628,1992100067.1386719
2011-06-10 11:37:00,1.44625,1.44641,1.44606,1.44611,2485099945.0683594
2011-06-10 11:38:00,1.44609,1.44621,1.44592,1.44615,1773999938.9648438
2011-06-10 11:39:00,1.44615,1.44645,1.4461,1.44641,1492799987.7929688
2011-06-10 11:40:00,1.44638,1.44647,1.44627,1.44641,1843800048.828125
2011-06-10 11:41:00,1.44642,1.44646,1.44633,1.44641,1335899963.3789062
2011-06-10 11:42:00,1.44641,1.44652,1.44636,1.44649,1052399978.6376953
2011-06-10 11:43:00,1.44652,1.44719,1.44652,1.44711,3030700073.2421875
2011-06-10 11:44:00,1.44711,1.4474,1.44711,1.44724,2779200134.2773438
2011-06-10 11:45:00,1.44724,1.44764,1.44714,1.44716,2710599975.5859375
2011-06-10 11:46:00,1.44716,1.44724,1.44705,1.4471,1240899963.3789062
2011-06-10 11:47:00,1.44714,1.44725,1.44694,1.44699,1228700027.4658203
2011-06-10 11:48:00,1.44699,1.4472,1.44694,1.44696,1596799926.7578125
2011-06-10 11:49:00,1.44697,1.44703,1.44685,1.44685,781500015.2587891
2011-06-10 11:50:00,1.44686,1.44702,1.44683,1.44696,1398099975.5859375
2011-06-10 11:51:00,1.44696,1.44723,1.44695,1.44723,1200000000.0
2011-06-10 11:52:00,1.44723,1.44765,1.44723,1.44762,2278600006.1035156
2011-06-10 11:53:00,1.44766,1.44769,1.44735,1.44745,2328899993.8964844
2011-06-10 11:54:00,1.44743,1.44746,1.44723,1.44728,1620099945.0683594
2011-06-10 11:55:00,1.44728,1.44753,1.44727,1.44744,1654700012.2070312
2011-06-10 11:56:00,1.44745,1.44765,1.4474,1.4476,1865500030.5175781
2011-06-10 11:57:00,1.44759,1.44778,1.44753,1.44756,2029299926.7578125
2011-06-10 11:58:00,1.44757,1.4481,1.44747,1.44779,2351399993.8964844
2011-06-10 11:59:00,1.44777,1.44777,1.44745,1.44749,1290299987.7929688
2011-06-10 12:00:00,1.44749,1.44774,1.44749,1.44767,1515500030.5175781
2011-06-10 12:01:00,1.44769,1.44829,1.44769,1.44816,1991900024.4140625
2011-06-10 12:02:00,1.44816,1.44851,1.44815,1.44851,1872200012.2070312
2011-06-10 12:03:00,1.44851,1.44855,1.44836,1.44839,1999100036.6210938
2011-06-10 12:04:00,1.44839,1.44858,1.44832,1.44842,1858200073.2421875
2011-06-10 12:05:00,1.44842,1.44862,1.44839,1.44847,2110899963.3789062
2011-06-10 12:06:00,1.44841,1.44873,1.44841,1.44857,2059900054.9316406
2011-06-10 12:07:00,1.44857,1.44872,1.44855,1.4487,1065999984.7412109
2011-06-10 12:08:00,1.44869,1.44876,1.44852,1.4487,1748899993.8964844
2011-06-10 12:09:00,1.4487,1.4487,1.44856,1.44865,1155800018.3105469
2011-06-10 12:10:00,1.44865,1.44874,1.44852,1.44852,1301799926.7578125
2011-06-10 12:11:00,1.44851,1.44851,1.44814,1.44825,2083699951.171875
2011-06-10 12:12:00,1.44824,1.44854,1.44823,1.44844,1896699981.6894531
2011-06-10 12:13:00,1.44845,1.44875,1.44845,1.44855,2061900024.4140625
2011-06-10 12:14:00,1.44854,1.44872,1.44851,1.44853,1730800018.3105469
2011-06-10 12:15:00,1.44853,1.44856,1.44811,1.44821,2570799865.7226562
2011-06-10 12:16:00,1.44819,1.44833,1.44815,1.44823,2244900054.9316406
2011-06-10 12:17:00,1.44821,1.44829,1.44813,1.44817,1301499938.9648438
2011-06-10 12:18:00,1.44816,1.44816,1.44784,1.44794,1812599945.0683594
2011-06-10 12:19:00,1.44792,1.44792,1.44718,1.44752,2548999938.9648438
2011-06-10 12:20:00,1.44753,1.44767,1.44735,1.44742,1713200073.2421875
2011-06-10 12:21:00,1.44743,1.44757,1.4473,1.44753,2121600036.6210938
2011-06-10 12:22:00,1.44751,1.44777,1.44739,1.44752,2692200012.2070312
2011-06-10 12:23:00,1.44752,1.44761,1.44737,1.44743,2023200073.2421875
2011-06-10 12:24:00,1.44746,1.44758,1.44734,1.44735,1549299926.7578125
2011-06-10 12:25:00,1.44734,1.44738,1.44715,1.44728,1796399993.8964844
2011-06-10 12:26:00,1.44728,1.44735,1.44617,1.44617,3222900085.4492188
2011-06-10 12:27:00,1.44617,1.44693,1.446,1.44663,4497900085.449219
2011-06-10 12:28:00,1.44659,1.44682,1.44645,1.44664,2790599975.5859375
2011-06-10 12:29:00,1.44665,1.44675,1.44636,1.44647,2777099914.5507812
2011-06-10 12:30:00,1.44645,1.44669,1.44641,1.44651,1942599945.0683594
2011-06-10 12:31:00,1.44649,1.44649,1.44599,1.44599,3047000122.0703125
2011-06-10 12:32:00,1.44598,1.44604,1.44526,1.44538,4736799926.7578125
2011-06-10 12:33:00,1.44542,1.44579,1.4454,1.44565,2789599914.5507812
2011-06-10 12:34:00,1.44563,1.44609,1.44551,1.446,2528800048.828125
2011-06-10 12:35:00,1.44598,1.44604,1.44553,1.44577,3610599975.5859375
2011-06-10 12:36:00,1.44576,1.44591,1.44559,1.44591,2463399963.3789062
2011-06-10 12:37:00,1.44591,1.44654,1.44585,1.44643,2959899902.34375
2011-06-10 12:38:00,1.44643,1.44653,1.44621,1.44633,2829800109.8632812
2011-06-10 12:39:00,1.44635,1.44642,1.44617,1.44626,2046000061.0351562
2011-06-10 12:40:00,1.44624,1.44627,1.44574,1.44587,3032799987.7929688
2011-06-10 12:41:00,1.44587,1.44625,1.44587,1.4461,2403000030.517578
2011-06-10 12:42:00,1.4461,1.44623,1.44601,1.44615,1485500030.5175781
2011-06-10 12:43:00,1.44616,1.4465,1.44615,1.44623,2232400054.9316406
2011-06-10 12:44:00,1.44623,1.44623,1.44578,1.4458,1718399963.3789062
2011-06-10 12:45:00,1.44579,1.44587,1.44549,1.4455,2591300048.828125
2011-06-10 12:46:00,1.44548,1.44589,1.44541,1.44567,2574599914.5507812
2011-06-10 12:47:00,1.44569,1.44581,1.44549,1.44567,2813800048.828125
2011-06-10 12:48:00,1.4457,1.44596,1.44557,1.44594,3205400085.4492188
2011-06-10 12:49:00,1.44597,1.44623,1.44597,1.44609,2047299957.2753906
2011-06-10 12:50:00,1.44608,1.44625,1.44601,1.44615,1950200042.7246094
2011-06-10 12:51:00,1.44615,1.44638,1.44604,1.44619,1774600067.1386719
2011-06-10 12:52:00,1.44621,1.44636,1.44605,1.44633,2534400024.4140625
2011-06-10 12:53:00,1.44633,1.44652,1.44619,1.4462,2677200012.2070312
2011-06-10 12:54:00,1.44624,1.44648,1.44615,1.44615,1866900024.4140625
2011-06-10 12:55:00,1.44614,1.44618,1.44604,1.44611,1657599945.0683594
2011-06-10 12:56:00,1.44612,1.44626,1.44597,1.44622,1650800018.3105469
2011-06-10 12:57:00,1.44623,1.44647,1.44614,1.44623,2307799987.7929688
2011-06-10 12:58:00,1.44623,1.44623,1.44598,1.44599,1456000061.0351562
2011-06-10 12:59:00,1.44599,1.44621,1.44598,1.44598,1668000030.5175781
2011-06-10 13:00:00,1.44598,1.44638,1.44589,1.44624,1958000030.5175781
2011-06-10 13:01:00,1.44628,1.44646,1.44625,1.44643,1455299987.7929688
2011-06-10 13:02:00,1.44643,1.44692,1.44643,1.44673,1728999938.9648438
2011-06-10 13:03:00,1.44672,1.44672,1.44643,1.44649,2795299987.7929688
2011-06-10 13:04:00,1.44649,1.44655,1.44639,1.44641,1574600067.1386719
2011-06-10 13:05:00,1.44641,1.44657,1.44634,1.44648,1787500000.0
2011-06-10 13:06:00,1.44648,1.44657,1.44633,1.44641,1285599975.5859375
2011-06-10 13:07:00,1.44642,1.44648,1.44625,1.44629,1542299957.2753906
2011-06-10 13:08:00,1.44628,1.44637,1.44609,1.44619,1836499938.9648438
2011-06-10 13:09:00,1.44616,1.44617,1.44587,1.44601,1807500000.0
2011-06-10 13:10:00,1.44602,1.44615,1.44586,1.44589,2173300018.310547
2011-06-10 13:11:00,1.44588,1.44588,1.44536,1.44555,2813800048.828125
2011-06-10 13:12:00,1.44556,1.44569,1.44546,1.44546,1679299926.7578125
2011-06-10 13:13:00,1.44551,1.44552,1.44512,1.44513,1771499938.9648438
2011-06-10 13:14:00,1.44512,1.4452,1.44481,1.4451,2982200012.2070312
2011-06-10 13:15:00,1.4451,1.4451,1.44439,1.44471,3273099975.5859375
2011-06-10 13:16:00,1.44471,1.44514,1.44467,1.44513,2371000061.0351562
2011-06-10 13:17:00,1.44511,1.44518,1.44476,1.44478,2578800048.828125
2011-06-10 13:18:00,1.44478,1.44516,1.44476,1.44497,2488200073.2421875
2011-06-10 13:19:00,1.44495,1.44521,1.44491,1.44504,2393999938.9648438
2011-06-10 13:20:00,1.44506,1.44539,1.44505,1.44534,2954299926.7578125
2011-06-10 13:21:00,1.44535,1.44571,1.44535,1.44563,2003699951.171875
2011-06-10 13:22:00,1.44563,1.44576,1.44545,1.44567,2603099975.5859375
2011-06-10 13:23:00,1.44569,1.44574,1.44549,1.44549,1258099975.5859375
2011-06-10 13:24:00,1.44549,1.44562,1.44547,1.44554,1376900024.4140625
2011-06-10 13:25:00,1.44552,1.44571,1.4455,1.44556,1400500030.5175781
2011-06-10 13:26:00,1.44557,1.44571,1.44543,1.44566,1179800033.569336
2011-06-10 13:27:00,1.44566,1.44576,1.44547,1.44558,1284100036.6210938
2011-06-10 13:28:00,1.44556,1.4458,1.44552,1.4456,1443500061.0351562
2011-06-10 13:29:00,1.4456,1.44564,1.44553,1.4456,1659100036.6210938
2011-06-10 13:30:00,1.44557,1.44622,1.44555,1.44585,4142300109.8632812
2011-06-10 13:31:00,1.44588,1.44601,1.44556,1.44561,2513699951.171875
2011-06-10 13:32:00,1.44559,1.44574,1.44545,1.44562,1551100006.1035156
2011-06-10 13:33:00,1.44563,1.44563,1.44509,1.44509,1838899993.8964844
2011-06-10 13:34:00,1.44512,1.44554,1.44512,1.44543,2078500061.0351562
2011-06-10 13:35:00,1.44543,1.4455,1.44504,1.44523,2888299865.7226562
2011-06-10 13:36:00,1.44523,1.44523,1.44453,1.44454,3666799926.7578125
2011-06-10 13:37:00,1.44454,1.44463,1.44364,1.44376,4175599975.5859375
2011-06-10 13:38:00,1.44375,1.44376,1.44284,1.44298,3586700134.2773438
2011-06-10 13:39:00,1.44292,1.44325,1.44288,1.4431,3199700012.2070312
2011-06-10 13:40:00,1.4431,1.4432,1.4426,1.4429,3748500061.0351562
2011-06-10 13:41:00,1.44291,1.44322,1.44282,1.44322,3628900146.484375
2011-06-10 13:42:00,1.44319,1.44353,1.44319,1.44341,2480399932.861328
2011-06-10 13:43:00,1.44339,1.44339,1.44262,1.44276,3699299926.7578125
2011-06-10 13:44:00,1.44274,1.44291,1.4426,1.44261,2921199951.171875
2011-06-10 13:45:00,1.4426,1.4426,1.44214,1.44214,3726300048.828125
2011-06-10 13:46:00,1.44213,1.4425,1.44213,1.44236,3389899902.34375
2011-06-10 13:47:00,1.44231,1.44282,1.44225,1.44253,3185599975.5859375
2011-06-10 13:48:00,1.44255,1.44293,1.44251,1.44266,3919599914.5507812
2011-06-10 13:49:00,1.44263,1.44288,1.44224,1.44232,2997300109.8632812
2011-06-10 13:50:00,1.44232,1.44232,1.4419,1.442,3130299987.7929688
2011-06-10 13:51:00,1.44196,1.44215,1.44186,1.44199,3183900146.484375
2011-06-10 13:52:00,1.44198,1.44198,1.44133,1.44161,3485700073.2421875
2011-06-10 13:53:00,1.44162,1.44163,1.44089,1.44102,3942999877.9296875
2011-06-10 13:54:00,1.44101,1.44102,1.44069,1.44093,3769800109.8632812
2011-06-10 13:55:00,1.44092,1.4412,1.44091,1.441,3800599975.5859375
2011-06-10 13:56:00,1.441,1.44104,1.44053,1.44053,3255499877.9296875
2011-06-10 13:57:00,1.44053,1.44097,1.44053,1.44091,3741600036.6210938
2011-06-10 13:58:00,1.44091,1.44094,1.44015,1.44026,4201000061.0351562
2011-06-10 13:59:00,1.44029,1.4409,1.44024,1.44084,3223500061.0351562
2011-06-10 14:00:00,1.44084,1.44119,1.44051,1.44116,3790899963.3789062
2011-06-10 14:01:00,1.44116,1.4414,1.44105,1.4412,3334299926.7578125
2011-06-10 14:02:00,1.44121,1.4414,1.44071,1.44072,4357300109.863281
2011-06-10 14:03:00,1.44069,1.44091,1.44063,1.44079,2847900085.4492188
2011-06-10 14:04:00,1.4408,1.44122,1.4408,1.44097,3647099914.5507812
2011-06-10 14:05:00,1.44095,1.44095,1.44043,1.44082,3054400024.4140625
2011-06-10 14:06:00,1.44082,1.44104,1.43992,1.43997,3780899963.3789062
2011-06-10 14:07:00,1.43994,1.44031,1.43983,1.43989,3486000061.0351562
2011-06-10 14:08:00,1.43988,1.44013,1.4396,1.44006,3929700012.2070312
2011-06-10 14:09:00,1.44009,1.44024,1.43984,1.43986,3035799865.7226562
2011-06-10 14:10:00,1.43984,1.44031,1.43974,1.44021,3213500061.0351562
2011-06-10 14:11:00,1.4402,1.44064,1.44008,1.44064,2180399932.861328
2011-06-10 14:12:00,1.44063,1.44069,1.44042,1.44059,3078099975.5859375
2011-06-10 14:13:00,1.44056,1.44056,1.44031,1.44041,3196300048.828125
2011-06-10 14:14:00,1.44042,1.44084,1.44042,1.4407,2521300048.828125
2011-06-10 14:15:00,1.44069,1.44069,1.44031,1.44056,2872300109.8632812
2011-06-10 14:16:00,1.44059,1.44061,1.44042,1.4405,1969299926.7578125
2011-06-10 14:17:00,1.4405,1.44081,1.44033,1.44065,3551000061.0351562
2011-06-10 14:18:00,1.44064,1.44089,1.44052,1.44069,2977900085.4492188
2011-06-10 14:19:00,1.4407,1.44132,1.4407,1.44115,4110400085.4492188
2011-06-10 14:20:00,1.44118,1.4413,1.44089,1.44097,3863399963.3789062
2011-06-10 14:21:00,1.441,1.44123,1.4409,1.44101,2471699981.689453
2011-06-10 14:22:00,1.44099,1.441,1.4407,1.44077,2634800109.8632812
2011-06-10 14:23:00,1.44079,1.44079,1.4402,1.4402,2912500000.0
2011-06-10 14:24:00,1.44014,1.44041,1.44,1.4403,3564599914.5507812
2011-06-10 14:25:00,1.4403,1.4403,1.43951,1.43992,4298299865.722656
2011-06-10 14:26:00,1.43992,1.44011,1.43983,1.44009,3266900024.4140625
2011-06-10 14:27:00,1.44011,1.44027,1.43975,1.43993,3007799987.7929688
2011-06-10 14:28:00,1.43993,1.44032,1.43981,1.44032,2322599945.0683594
2011-06-10 14:29:00,1.44032,1.44056,1.44002,1.44031,2946900024.4140625
2011-06-10 14:30:00,1.44033,1.4405,1.44003,1.44007,2369600067.138672
2011-06-10 14:31:00,1.44007,1.44007,1.43881,1.43881,3804700012.2070312
2011-06-10 14:32:00,1.4388,1.43885,1.43827,1.43875,3782099914.5507812
2011-06-10 14:33:00,1.43876,1.43897,1.43863,1.43881,3616499938.9648438
2011-06-10 14:34:00,1.43882,1.43921,1.43874,1.43894,3797300109.8632812
2011-06-10 14:35:00,1.43895,1.43924,1.43885,1.43891,3829500122.0703125
2011-06-10 14:36:00,1.43891,1.43917,1.43861,1.43892,3453800048.828125
2011-06-10 14:37:00,1.43893,1.43907,1.43834,1.43879,3761000061.0351562
2011-06-10 14:38:00,1.43885,1.43899,1.4385,1.43878,3412799987.7929688
2011-06-10 14:39:00,1.43877,1.43902,1.43859,1.43878,3365700073.2421875
2011-06-10 14:40:00,1.43877,1.43877,1.43791,1.43793,3733500061.0351562
2011-06-10 14:41:00,1.43792,1.43811,1.43771,1.43807,3843099975.5859375
2011-06-10 14:42:00,1.43808,1.43827,1.43771,1.43771,3310299987.7929688
2011-06-10 14:43:00,1.43776,1.43799,1.43733,1.43749,3422399902.34375
2011-06-10 14:44:00,1.4375,1.43811,1.4375,1.43801,2651400146.484375
2011-06-10 14:45:00,1.43801,1.43803,1.43731,1.43737,3875000000.0
2011-06-10 14:46:00,1.43736,1.43768,1.4373,1.43762,3123599853.515625
2011-06-10 14:47:00,1.43762,1.43762,1.43705,1.43725,2679700012.2070312
2011-06-10 14:48:00,1.43724,1.43773,1.43718,1.43771,2097500000.0
2011-06-10 14:49:00,1.43771,1.43811,1.43756,1.43804,3471000061.0351562
2011-06-10 14:50:00,1.43804,1.43813,1.43781,1.43793,2478899993.8964844
2011-06-10 14:51:00,1.43799,1.43799,1.43699,1.43701,3388099975.5859375
2011-06-10 14:52:00,1.437,1.43711,1.4366,1.43705,3261199951.171875
2011-06-10 14:53:00,1.43706,1.4376,1.43705,1.43739,2902900085.4492188
2011-06-10 14:54:00,1.4374,1.4374,1.43683,1.43683,3684800109.8632812
2011-06-10 14:55:00,1.43682,1.43718,1.43664,1.43669,2634500122.0703125
2011-06-10 14:56:00,1.4367,1.4368,1.43641,1.43663,2909899902.34375
2011-06-10 14:57:00,1.43661,1.43674,1.43604,1.43609,3386400146.484375
2011-06-10 14:58:00,1.43611,1.4364,1.4357,1.43586,3945700073.2421875
2011-06-10 14:59:00,1.43587,1.43618,1.43572,1.43583,3307600097.65625
2011-06-10 15:00:00,1.43581,1.43597,1.43564,1.4359,3516799926.7578125
2011-06-10 15:01:00,1.43589,1.436,1.43538,1.43539,2819400024.4140625
2011-06-10 15:02:00,1.43542,1.43587,1.43539,1.43585,3155100097.65625
2011-06-10 15:03:00,1.43585,1.43624,1.43585,1.43624,3176300048.828125
2011-06-10 15:04:00,1.4362,1.43641,1.43609,1.43611,3400100097.65625
2011-06-10 15:05:00,1.43611,1.43611,1.43556,1.4356,2544299926.7578125
2011-06-10 15:06:00,1.43567,1.43586,1.43553,1.43574,2590599975.5859375
2011-06-10 15:07:00,1.43573,1.43602,1.43555,1.4358,2727900085.4492188
2011-06-10 15:08:00,1.4358,1.43581,1.4353,1.43552,2654400024.4140625
2011-06-10 15:09:00,1.43555,1.43579,1.43543,1.43564,3017900085.4492188
2011-06-10 15:10:00,1.43564,1.43577,1.43534,1.43551,2853500061.0351562
2011-06-10 15:11:00,1.43551,1.43606,1.43551,1.43585,2225000000.0
2011-06-10 15:12:00,1.43588,1.43591,1.43551,1.43561,2933999938.9648438
2011-06-10 15:13:00,1.43561,1.43579,1.43543,1.43573,2462500000.0
2011-06-10 15:14:00,1.43573,1.4359,1.43555,1.43564,2241300048.828125
2011-06-10 15:15:00,1.43564,1.43632,1.43564,1.43627,2930299987.7929688
2011-06-10 15:16:00,1.43625,1.43641,1.43611,1.43622,2439100036.6210938
2011-06-10 15:17:00,1.43622,1.43637,1.43604,1.43629,2008300018.3105469
2011-06-10 15:18:00,1.43631,1.43652,1.43621,1.43644,2157599945.0683594
2011-06-10 15:19:00,1.43645,1.43672,1.43641,1.43672,2923599853.515625
2011-06-10 15:20:00,1.43666,1.4368,1.4366,1.43671,2610299987.7929688
2011-06-10 15:21:00,1.43669,1.43672,1.43655,1.43661,2292799987.7929688
2011-06-10 15:22:00,1.43661,1.43665,1.43624,1.43648,2362299957.2753906
2011-06-10 15:23:00,1.43647,1.43676,1.43647,1.43665,2655199890.1367188
2011-06-10 15:24:00,1.43666,1.43676,1.43653,1.43657,2365299987.7929688
2011-06-10 15:25:00,1.43656,1.43669,1.43647,1.43652,2416399993.8964844
2011-06-10 15:26:00,1.43655,1.43708,1.43652,1.43705,2148800048.828125
2011-06-10 15:27:00,1.43704,1.43704,1.43666,1.43672,3194700012.2070312
2011-06-10 15:28:00,1.43673,1.43679,1.43631,1.43651,2097500000.0
2011-06-10 15:29:00,1.43651,1.43667,1.43646,1.43653,1250699996.9482422
2011-06-10 15:30:00,1.43653,1.43656,1.43603,1.43625,1950000000.0
2011-06-10 15:31:00,1.43624,1.43633,1.43599,1.43633,2287200012.2070312
2011-06-10 15:32:00,1.43632,1.43635,1.4357,1.43582,2068000030.5175781
2011-06-10 15:33:00,1.43582,1.43641,1.43581,1.43641,3568500061.0351562
2011-06-10 15:34:00,1.43641,1.43653,1.43622,1.43641,3163800048.828125
2011-06-10 15:35:00,1.43642,1.43659,1.43632,1.43653,1934100036.6210938
2011-06-10 15:36:00,1.43654,1.43704,1.43651,1.43699,2314100036.6210938
2011-06-10 15:37:00,1.43699,1.43709,1.43672,1.43693,2298300018.310547
2011-06-10 15:38:00,1.43693,1.43693,1.43639,1.43654,1883999938.9648438
2011-06-10 15:39:00,1.43655,1.43666,1.43623,1.43637,2629800109.8632812
2011-06-10 15:40:00,1.43639,1.43647,1.43571,1.43574,1931600036.6210938
2011-06-10 15:41:00,1.43574,1.43605,1.43573,1.43605,1822899932.8613281
2011-06-10 15:42:00,1.43606,1.4362,1.43593,1.4362,1357799987.7929688
2011-06-10 15:43:00,1.43623,1.43675,1.43613,1.43672,2110200042.7246094
2011-06-10 15:44:00,1.43677,1.43684,1.43651,1.43653,2377599945.0683594
2011-06-10 15:45:00,1.43655,1.43697,1.43647,1.43681,2191799926.7578125
2011-06-10 15:46:00,1.43677,1.43679,1.43633,1.4364,2121600036.6210938
2011-06-10 15:47:00,1.43641,1.4367,1.43636,1.43662,2081000061.0351562
2011-06-10 15:48:00,1.43662,1.43686,1.43644,1.43677,1907599945.0683594
2011-06-10 15:49:00,1.43679,1.43703,1.4367,1.4368,1983800048.828125
2011-06-10 15:50:00,1.4368,1.43701,1.43653,1.43655,2367200012.2070312
2011-06-10 15:51:00,1.43653,1.43654,1.4362,1.4365,2283300018.310547
2011-06-10 15:52:00,1.43646,1.43654,1.43625,1.43626,1436100006.1035156
2011-06-10 15:53:00,1.43627,1.43645,1.43627,1.43628,1688800048.828125
2011-06-10 15:54:00,1.43633,1.43644,1.43629,1.43642,1541799926.7578125
2011-06-10 15:55:00,1.43645,1.43654,1.43626,1.43634,1458200073.2421875
2011-06-10 15:56:00,1.43633,1.4365,1.4362,1.43632,2656099853.515625
2011-06-10 15:57:00,1.43634,1.43634,1.43622,1.43633,1567799987.7929688
2011-06-10 15:58:00,1.43635,1.43654,1.43635,1.43645,1732599945.0683594
2011-06-10 15:59:00,1.43646,1.43652,1.43631,1.43642,1521799926.7578125
2011-06-10 16:00:00,1.43643,1.43663,1.43631,1.4366,1523399963.3789062
2011-06-10 16:01:00,1.43661,1.43685,1.43643,1.43673,2354100036.6210938
2011-06-10 16:02:00,1.43673,1.43673,1.4362,1.4363,1893800048.828125
2011-06-10 16:03:00,1.43627,1.43633,1.43621,1.43631,1296000061.0351562
2011-06-10 16:04:00,1.43631,1.43642,1.4361,1.4361,1389900054.9316406
2011-06-10 16:05:00,1.43603,1.43603,1.4358,1.43583,1460399932.8613281
2011-06-10 16:06:00,1.43581,1.43598,1.43581,1.43598,1559700012.2070312
2011-06-10 16:07:00,1.436,1.43618,1.43587,1.43587,3272300109.8632812
2011-06-10 16:08:00,1.43588,1.43588,1.43563,1.43576,2430099945.0683594
2011-06-10 16:09:00,1.43576,1.43603,1.43576,1.43603,1922599945.0683594
2011-06-10 16:10:00,1.43603,1.43604,1.43549,1.43566,1838600006.1035156
2011-06-10 16:11:00,1.43565,1.43581,1.43562,1.4357,1659199981.6894531
2011-06-10 16:12:00,1.4357,1.43581,1.4357,1.43576,628499984.7412109
2011-06-10 16:13:00,1.43577,1.43591,1.43562,1.43562,963899993.8964844
2011-06-10 16:14:00,1.43562,1.43572,1.43541,1.43548,1637599945.0683594
2011-06-10 16:15:00,1.43547,1.43549,1.43509,1.43514,2188699951.171875
2011-06-10 16:16:00,1.43516,1.43523,1.43498,1.43503,1352799987.7929688
2011-06-10 16:17:00,1.435,1.43511,1.43472,1.43502,2698200073.2421875
2011-06-10 16:18:00,1.43501,1.43536,1.43501,1.4352,1507599945.0683594
2011-06-10 16:19:00,1.4352,1.43561,1.4352,1.43561,1822700042.7246094
2011-06-10 16:20:00,1.43561,1.4357,1.43548,1.43562,1244499969.4824219
2011-06-10 16:21:00,1.43562,1.43574,1.4355,1.43574,1035699996.9482422
2011-06-10 16:22:00,1.43578,1.43591,1.43571,1.43575,1195699996.9482422
2011-06-10 16:23:00,1.43574,1.43591,1.43571,1.4359,1361199951.171875
2011-06-10 16:24:00,1.43591,1.43591,1.4357,1.43579,986100006.1035156
2011-06-10 16:25:00,1.43575,1.43592,1.43559,1.43567,1656999969.4824219
2011-06-10 16:26:00,1.43567,1.43611,1.43559,1.43606,1757400054.9316406
2011-06-10 16:27:00,1.43605,1.43609,1.43589,1.43591,1518000030.5175781
2011-06-10 16:28:00,1.4359,1.43596,1.4357,1.4357,1382400054.9316406
2011-06-10 16:29:00,1.43569,1.43587,1.43563,1.43585,1628500061.0351562
2011-06-10 16:30:00,1.43585,1.4361,1.43574,1.4361,1918300018.3105469
2011-06-10 16:31:00,1.43606,1.43633,1.43601,1.43629,1668999938.9648438
2011-06-10 16:32:00,1.4363,1.43635,1.4362,1.43632,985000000.0
2011-06-10 16:33:00,1.43632,1.4366,1.43632,1.43658,1727799987.7929688
2011-06-10 16:34:00,1.43654,1.43662,1.43629,1.43635,2096799926.7578125
2011-06-10 16:35:00,1.43635,1.43638,1.43602,1.43637,2255899963.3789062
2011-06-10 16:36:00,1.43636,1.43653,1.43636,1.4365,968499984.7412109
2011-06-10 16:37:00,1.4365,1.43661,1.4364,1.43653,1363999938.9648438
2011-06-10 16:38:00,1.43657,1.43661,1.43646,1.43648,1016600036.6210938
2011-06-10 16:39:00,1.43647,1.4366,1.43643,1.43653,971399993.8964844
2011-06-10 16:40:00,1.43652,1.43657,1.43629,1.43631,1230100021.3623047
2011-06-10 16:41:00,1.43631,1.43662,1.43631,1.43651,1453999938.9648438
2011-06-10 16:42:00,1.43651,1.43655,1.43622,1.43632,1090000000.0
2011-06-10 16:43:00,1.43632,1.43674,1.43632,1.43671,1237699966.430664
2011-06-10 16:44:00,1.43671,1.43672,1.43649,1.43653,926399993.8964844
2011-06-10 16:45:00,1.43651,1.4367,1.43643,1.43666,1504799957.2753906
2011-06-10 16:46:00,1.43664,1.43681,1.43661,1.43674,1701399993.8964844
2011-06-10 16:47:00,1.43673,1.43679,1.43644,1.43649,2014100036.6210938
2011-06-10 16:48:00,1.4365,1.43652,1.43622,1.43622,1155899963.3789062
2011-06-10 16:49:00,1.4362,1.43633,1.43619,1.43624,1211399993.8964844
2011-06-10 16:50:00,1.43624,1.43664,1.43624,1.43654,1271299972.5341797
2011-06-10 16:51:00,1.43654,1.43673,1.43652,1.43672,1419299926.7578125
2011-06-10 16:52:00,1.4367,1.43692,1.43669,1.43682,825100021.3623047
2011-06-10 16:53:00,1.43682,1.43682,1.4365,1.43673,1560000000.0
2011-06-10 16:54:00,1.43673,1.43689,1.43672,1.43684,1472400054.9316406
2011-06-10 16:55:00,1.43689,1.43694,1.43681,1.4369,1137699966.430664
2011-06-10 16:56:00,1.4369,1.43721,1.4369,1.43712,1468999938.9648438
2011-06-10 16:57:00,1.43712,1.43738,1.43702,1.43733,2103099975.5859375
2011-06-10 16:58:00,1.43733,1.43745,1.43717,1.43735,2467500000.0
2011-06-10 16:59:00,1.43734,1.43757,1.43724,1.4375,2892399902.34375
2011-06-10 17:00:00,1.4375,1.43759,1.43718,1.43731,1936900024.4140625
2011-06-10 17:01:00,1.43731,1.43733,1.43719,1.43726,1327299957.2753906
2011-06-10 17:02:00,1.43727,1.43728,1.43701,1.43711,1408200073.2421875
2011-06-10 17:03:00,1.43709,1.43709,1.43691,1.43693,1545200042.7246094
2011-06-10 17:04:00,1.43692,1.43692,1.43675,1.43689,850899963.3789062
2011-06-10 17:05:00,1.43695,1.437,1.43689,1.43694,930000000.0
2011-06-10 17:06:00,1.43696,1.43705,1.43689,1.43702,1110800018.3105469
2011-06-10 17:07:00,1.43701,1.43718,1.43701,1.43701,1072500000.0
2011-06-10 17:08:00,1.43701,1.4371,1.437,1.437,568499984.7412109
2011-06-10 17:09:00,1.43702,1.43709,1.43677,1.43678,1060599975.5859375
2011-06-10 17:10:00,1.43678,1.43678,1.43641,1.43649,1280299987.7929688
2011-06-10 17:11:00,1.43649,1.43649,1.43624,1.4363,885000000.0
2011-06-10 17:12:00,1.4363,1.43642,1.43606,1.43613,1297500000.0
2011-06-10 17:13:00,1.43613,1.43633,1.43612,1.43632,1109300003.0517578
2011-06-10 17:14:00,1.43631,1.43651,1.43618,1.43639,1650099945.0683594
2011-06-10 17:15:00,1.43639,1.43643,1.43609,1.43609,1507500000.0
2011-06-10 17:16:00,1.43607,1.43607,1.43592,1.43597,1164199981.6894531
2011-06-10 17:17:00,1.43599,1.43609,1.43599,1.43605,1284799957.2753906
2011-06-10 17:18:00,1.43606,1.4364,1.43604,1.43626,784700012.2070312
2011-06-10 17:19:00,1.43626,1.43629,1.43601,1.43601,799400024.4140625
2011-06-10 17:20:00,1.43601,1.43615,1.43599,1.43608,664499969.4824219
2011-06-10 17:21:00,1.43606,1.43623,1.43603,1.43615,868499984.7412109
2011-06-10 17:22:00,1.43614,1.43627,1.43601,1.43601,1639600067.1386719
2011-06-10 17:23:00,1.43601,1.43607,1.43598,1.43603,757500000.0
2011-06-10 17:24:00,1.43605,1.43607,1.43539,1.43549,1167699966.430664
2011-06-10 17:25:00,1.4355,1.43555,1.43521,1.43529,1893899993.8964844
2011-06-10 17:26:00,1.43529,1.43558,1.43519,1.43558,1306799926.7578125
2011-06-10 17:27:00,1.43556,1.43571,1.43546,1.43557,1496499938.9648438
2011-06-10 17:28:00,1.43559,1.43562,1.43523,1.43529,1492100067.1386719
2011-06-10 17:29:00,1.43529,1.43547,1.43529,1.43533,618800010.6811523
2011-06-10 17:30:00,1.43534,1.43547,1.43522,1.43531,1316900024.4140625
2011-06-10 17:31:00,1.43527,1.43538,1.43521,1.43532,1573600006.1035156
2011-06-10 17:32:00,1.43532,1.43553,1.43529,1.43529,1453500061.0351562
2011-06-10 17:33:00,1.43529,1.43531,1.43516,1.4353,1128000030.5175781
2011-06-10 17:34:00,1.4353,1.43531,1.43447,1.43449,1888200073.2421875
2011-06-10 17:35:00,1.43449,1.43449,1.43381,1.43399,2271499938.9648438
2011-06-10 17:36:00,1.434,1.43421,1.43397,1.43398,2035000000.0
2011-06-10 17:37:00,1.43397,1.43403,1.43348,1.4335,2330700073.2421875
2011-06-10 17:38:00,1.43353,1.4337,1.43351,1.43363,1916999969.4824219
2011-06-10 17:39:00,1.43359,1.43383,1.43292,1.43293,2518200073.2421875
2011-06-10 17:40:00,1.43289,1.43353,1.43289,1.43345,1804799957.2753906
2011-06-10 17:41:00,1.43344,1.43355,1.4333,1.43343,2149900054.9316406
2011-06-10 17:42:00,1.43343,1.43344,1.43256,1.43295,3074800109.8632812
2011-06-10 17:43:00,1.43295,1.43336,1.43293,1.43316,2176499938.9648438
2011-06-10 17:44:00,1.43316,1.4333,1.43297,1.43298,2288200073.2421875
2011-06-10 17:45:00,1.43297,1.43297,1.43231,1.43247,2701700134.2773438
2011-06-10 17:46:00,1.43255,1.43292,1.43253,1.43292,2137500000.0
2011-06-10 17:47:00,1.43292,1.43293,1.43222,1.43245,2964800109.8632812
2011-06-10 17:48:00,1.43243,1.43312,1.43239,1.43312,2062700042.7246094
2011-06-10 17:49:00,1.43312,1.43322,1.43291,1.43301,1481300048.828125
2011-06-10 17:50:00,1.43303,1.4332,1.43287,1.43302,1678399963.3789062
2011-06-10 17:51:00,1.43305,1.43305,1.43259,1.43259,1580299987.7929688
2011-06-10 17:52:00,1.4326,1.43263,1.4324,1.43261,1318600006.1035156
2011-06-10 17:53:00,1.43261,1.43319,1.4326,1.43312,1601300048.828125
2011-06-10 17:54:00,1.43312,1.4334,1.43312,1.43331,1056500015.2587891
2011-06-10 17:55:00,1.43331,1.43333,1.43294,1.43294,2352799987.7929688
2011-06-10 17:56:00,1.43293,1.43303,1.43279,1.43284,1432100067.1386719
2011-06-10 17:57:00,1.43286,1.43321,1.43286,1.43321,1349299926.7578125
2011-06-10 17:58:00,1.43321,1.43335,1.43319,1.43322,851500015.2587891
2011-06-10 17:59:00,1.4332,1.43339,1.4331,1.43335,1545000000.0
2011-06-10 18:00:00,1.43335,1.43373,1.43333,1.43371,1434900054.9316406
2011-06-10 18:01:00,1.43369,1.43369,1.43329,1.43347,1960000000.0
2011-06-10 18:02:00,1.43349,1.43369,1.43346,1.43355,1996799926.7578125
2011-06-10 18:03:00,1.43354,1.43361,1.43339,1.43357,1570599975.5859375
2011-06-10 18:04:00,1.43357,1.43392,1.43357,1.43382,1705000000.0
2011-06-10 18:05:00,1.43381,1.43382,1.4335,1.43358,1817599945.0683594
2011-06-10 18:06:00,1.43359,1.43388,1.43358,1.43382,1448300018.3105469
2011-06-10 18:07:00,1.43382,1.43426,1.43376,1.43395,2312700042.7246094
2011-06-10 18:08:00,1.43396,1.43427,1.43396,1.43408,2707099914.5507812
2011-06-10 18:09:00,1.43407,1.43411,1.43385,1.43405,2528300018.310547
2011-06-10 18:10:00,1.43405,1.43422,1.434,1.43411,1147600021.3623047
2011-06-10 18:11:00,1.43412,1.43419,1.43367,1.43372,1779900054.9316406
2011-06-10 18:12:00,1.43372,1.43421,1.43372,1.434,1933999938.9648438
2011-06-10 18:13:00,1.434,1.43428,1.43396,1.43428,1741699981.6894531
2011-06-10 18:14:00,1.43428,1.43459,1.43428,1.43459,2196999969.482422
2011-06-10 18:15:00,1.43457,1.4346,1.4342,1.43432,2571600036.6210938
2011-06-10 18:16:00,1.43432,1.43449,1.43415,1.43432,2173699951.171875
2011-06-10 18:17:00,1.43431,1.43445,1.43424,1.43436,1785000000.0
2011-06-10 18:18:00,1.43435,1.43461,1.43435,1.4345,1472299957.2753906
2011-06-10 18:19:00,1.4345,1.4346,1.43436,1.43442,1591600036.6210938
2011-06-10 18:20:00,1.43443,1.43452,1.43419,1.4343,1857100067.1386719
2011-06-10 18:21:00,1.43429,1.4346,1.43418,1.43457,2093300018.3105469
2011-06-10 18:22:00,1.43459,1.43459,1.4337,1.4339,2319299926.7578125
2011-06-10 18:23:00,1.4339,1.4343,1.43389,1.4343,2694299926.7578125
2011-06-10 18:24:00,1.43429,1.4343,1.43403,1.43404,1599799957.2753906
2011-06-10 18:25:00,1.43403,1.43438,1.43403,1.43438,1715700073.2421875
2011-06-10 18:26:00,1.43438,1.43453,1.43416,1.43418,1443099975.5859375
2011-06-10 18:27:00,1.43419,1.43438,1.43416,1.43434,1394199981.6894531
2011-06-10 18:28:00,1.43433,1.4344,1.43423,1.4344,1389199981.6894531
2011-06-10 18:29:00,1.43439,1.43441,1.43409,1.43416,2403800048.828125
2011-06-10 18:30:00,1.43417,1.43453,1.43414,1.43442,2037799987.7929688
2011-06-10 18:31:00,1.43442,1.43443,1.43417,1.43428,2015000000.0
2011-06-10 18:32:00,1.43429,1.43448,1.43419,1.43431,1425099945.0683594
2011-06-10 18:33:00,1.43434,1.43435,1.43423,1.43427,1447500000.0
2011-06-10 18:34:00,1.43427,1.43442,1.4342,1.43427,1495000000.0
2011-06-10 18:35:00,1.43428,1.43449,1.43418,1.4344,1484299926.7578125
2011-06-10 18:36:00,1.43441,1.43455,1.4344,1.43446,1012500000.0
2011-06-10 18:37:00,1.43444,1.4349,1.43439,1.43471,2139900054.9316406
2011-06-10 18:38:00,1.43471,1.4348,1.43451,1.43457,1551000061.0351562
2011-06-10 18:39:00,1.43457,1.43468,1.43452,1.43455,1406300048.828125
2011-06-10 18:40:00,1.43453,1.43488,1.43451,1.43456,2177100067.138672
2011-06-10 18:41:00,1.43456,1.43467,1.4342,1.43427,1578300018.3105469
2011-06-10 18:42:00,1.43427,1.43428,1.43402,1.43406,1312200012.2070312
2011-06-10 18:43:00,1.43406,1.43409,1.43379,1.43379,1460500030.5175781
2011-06-10 18:44:00,1.43379,1.43393,1.4337,1.43384,1378000030.5175781
2011-06-10 18:45:00,1.43384,1.43438,1.43384,1.43428,1884900054.9316406
2011-06-10 18:46:00,1.43428,1.43428,1.43386,1.43392,1371000061.0351562
2011-06-10 18:47:00,1.43393,1.43419,1.43393,1.43417,1316399993.8964844
2011-06-10 18:48:00,1.43416,1.43443,1.43415,1.43437,1356799926.7578125
2011-06-10 18:49:00,1.43435,1.43435,1.43391,1.4343,1897899932.8613281
2011-06-10 18:50:00,1.43431,1.43482,1.43431,1.43475,1626199951.171875
2011-06-10 18:51:00,1.43475,1.43479,1.43459,1.43459,1507500000.0
2011-06-10 18:52:00,1.43459,1.43461,1.43448,1.43451,1498999938.9648438
2011-06-10 18:53:00,1.43452,1.43481,1.43451,1.43476,1689900054.9316406
2011-06-10 18:54:00,1.43477,1.4348,1.43466,1.43479,1639199981.6894531
2011-06-10 18:55:00,1.43482,1.43499,1.43479,1.43481,1313800048.828125
2011-06-10 18:56:00,1.43481,1.43498,1.43479,1.43493,986999969.4824219
2011-06-10 18:57:00,1.43493,1.4355,1.43491,1.43548,1489600067.1386719
2011-06-10 18:58:00,1.43548,1.43548,1.43523,1.43528,1192500000.0
2011-06-10 18:59:00,1.43529,1.4354,1.4352,1.43524,1724499969.4824219
2011-06-10 19:00:00,1.43524,1.43561,1.43521,1.43541,2420299987.7929688
2011-06-10 19:01:00,1.43539,1.4354,1.43515,1.43533,1443200073.2421875
2011-06-10 19:02:00,1.43531,1.43532,1.43497,1.435,931600036.6210938
2011-06-10 19:03:00,1.435,1.43532,1.435,1.43532,765000000.0
2011-06-10 19:04:00,1.43532,1.43542,1.43519,1.43528,1581399993.8964844
2011-06-10 19:05:00,1.43531,1.43539,1.43513,1.43513,1807500000.0
2011-06-10 19:06:00,1.43511,1.43519,1.43498,1.43511,975000000.0
2011-06-10 19:07:00,1.43511,1.43511,1.4348,1.43504,1174000015.258789
2011-06-10 19:08:00,1.43503,1.43506,1.43475,1.4349,1620000000.0
2011-06-10 19:09:00,1.43494,1.43501,1.4347,1.43501,1264599990.8447266
2011-06-10 19:10:00,1.43501,1.43519,1.43497,1.43519,624599990.8447266
2011-06-10 19:11:00,1.43519,1.43519,1.43449,1.43449,1039100036.6210938
2011-06-10 19:12:00,1.43449,1.43488,1.43449,1.43463,1686399993.8964844
2011-06-10 19:13:00,1.43462,1.43482,1.43462,1.43478,1253499984.741211
2011-06-10 19:14:00,1.43478,1.43478,1.43463,1.4347,1138499984.741211
2011-06-10 19:15:00,1.43471,1.43479,1.43443,1.43455,1693099975.5859375
2011-06-10 19:16:00,1.43455,1.43481,1.43455,1.43481,744800033.5693359
2011-06-10 19:17:00,1.43481,1.43486,1.43462,1.43476,918799972.5341797
2011-06-10 19:18:00,1.43475,1.43489,1.43471,1.43479,1033600006.1035156
2011-06-10 19:19:00,1.43479,1.4348,1.43451,1.43472,1456100006.1035156
2011-06-10 19:20:00,1.43473,1.43489,1.43463,1.43479,1313099975.5859375
2011-06-10 19:21:00,1.43479,1.43489,1.43479,1.43482,684899978.6376953
2011-06-10 19:22:00,1.43482,1.43486,1.43471,1.43485,903799972.5341797
2011-06-10 19:23:00,1.43487,1.4349,1.43471,1.43471,382500000.0
2011-06-10 19:24:00,1.43472,1.43493,1.43461,1.43493,607500000.0
2011-06-10 19:25:00,1.43492,1.4351,1.43492,1.43509,696299972.5341797
2011-06-10 19:26:00,1.4351,1.43533,1.43507,1.4353,1012500000.0
2011-06-10 19:27:00,1.4353,1.43531,1.43496,1.43496,840000000.0
2011-06-10 19:28:00,1.43493,1.43505,1.4348,1.43496,1162500000.0
2011-06-10 19:29:00,1.43496,1.43519,1.43494,1.43519,928499984.7412109
2011-06-10 19:30:00,1.43519,1.43542,1.43513,1.43537,1329299926.7578125
2011-06-10 19:31:00,1.43536,1.43542,1.43505,1.43507,606399993.8964844
2011-06-10 19:32:00,1.43506,1.43515,1.43486,1.43515,1695800018.3105469
2011-06-10 19:33:00,1.43516,1.43521,1.43491,1.43495,1175500030.5175781
2011-06-10 19:34:00,1.43495,1.4352,1.43491,1.4352,853499984.7412109
2011-06-10 19:35:00,1.4352,1.43529,1.4351,1.43526,1286999969.4824219
2011-06-10 19:36:00,1.43526,1.43526,1.43471,1.43473,1517599945.0683594
2011-06-10 19:37:00,1.43473,1.4348,1.43458,1.43458,936500015.2587891
2011-06-10 19:38:00,1.43456,1.43457,1.43441,1.43446,1007900009.1552734
2011-06-10 19:39:00,1.43448,1.43469,1.43448,1.4346,955699996.9482422
2011-06-10 19:40:00,1.43461,1.43469,1.43457,1.43464,1102500000.0
2011-06-10 19:41:00,1.43463,1.43463,1.43428,1.43429,1162699966.430664
2011-06-10 19:42:00,1.43429,1.43433,1.4342,1.43429,967500000.0
2011-06-10 19:43:00,1.43429,1.43436,1.43421,1.43421,1185000000.0
2011-06-10 19:44:00,1.43421,1.43423,1.43385,1.43393,1051399993.8964844
2011-06-10 19:45:00,1.43393,1.43393,1.43362,1.43376,2163899993.8964844
2011-06-10 19:46:00,1.43375,1.43399,1.43374,1.43374,1029300003.0517578
2011-06-10 19:47:00,1.43373,1.43387,1.43373,1.43381,1964299926.7578125
2011-06-10 19:48:00,1.43382,1.43392,1.43368,1.4337,1311000061.0351562
2011-06-10 19:49:00,1.4337,1.43398,1.43367,1.43392,1305000000.0
2011-06-10 19:50:00,1.43392,1.43392,1.43354,1.43356,1763099975.5859375
2011-06-10 19:51:00,1.43356,1.43361,1.43332,1.43341,1938899993.8964844
2011-06-10 19:52:00,1.43341,1.43341,1.43328,1.43333,1312500000.0
2011-06-10 19:53:00,1.43334,1.43339,1.43326,1.43331,1963600006.1035156
2011-06-10 19:54:00,1.43331,1.43333,1.4331,1.43311,1596999969.4824219
2011-06-10 19:55:00,1.43311,1.43322,1.43302,1.43302,1494799957.2753906
2011-06-10 19:56:00,1.43303,1.4331,1.43299,1.43304,892099990.8447266
2011-06-10 19:57:00,1.43305,1.43308,1.433,1.43304,943799972.5341797
2011-06-10 19:58:00,1.43304,1.43327,1.43284,1.4329,1771499938.9648438
2011-06-10 19:59:00,1.43288,1.43346,1.43286,1.43344,1670200042.7246094
2011-06-10 20:00:00,1.43344,1.43362,1.43314,1.43316,1447599945.0683594
2011-06-10 20:01:00,1.43315,1.43326,1.43313,1.4332,1378899993.8964844
2011-06-10 20:02:00,1.43321,1.43333,1.4332,1.43325,1050100021.3623047
2011-06-10 20:03:00,1.43323,1.43333,1.43323,1.43333,405099983.21533203
2011-06-10 20:04:00,1.43335,1.43345,1.43334,1.43345,610200004.5776367
2011-06-10 20:05:00,1.43347,1.43398,1.43347,1.43395,1031900024.4140625
2011-06-10 20:06:00,1.43392,1.43431,1.43392,1.43414,1050699996.9482422
2011-06-10 20:07:00,1.43413,1.43414,1.43386,1.43389,446300010.68115234
2011-06-10 20:08:00,1.43389,1.43389,1.43386,1.43389,90000000.0
2011-06-10 20:09:00,1.43389,1.43399,1.43361,1.43361,955000000.0
2011-06-10 20:10:00,1.43363,1.43379,1.43363,1.43369,585000000.0
2011-06-10 20:11:00,1.43371,1.43407,1.43361,1.43407,1186100006.1035156
2011-06-10 20:12:00,1.43407,1.43443,1.43407,1.43443,671299972.5341797
2011-06-10 20:13:00,1.43443,1.43453,1.4344,1.43449,478899993.8964844
2011-06-10 20:14:00,1.43449,1.43449,1.43437,1.43442,870000000.0
2011-06-10 20:15:00,1.43442,1.43444,1.4344,1.43443,262500000.0
2011-06-10 20:16:00,1.43443,1.43444,1.43434,1.43441,381300010.68115234
2011-06-10 20:17:00,1.43443,1.43468,1.43443,1.43456,865100021.3623047
2011-06-10 20:18:00,1.43456,1.43456,1.43446,1.43453,420000000.0
2011-06-10 20:19:00,1.43454,1.43458,1.43454,1.43455,371399993.8964844
2011-06-10 20:20:00,1.43454,1.43463,1.43449,1.4345,901399993.8964844
2011-06-10 20:21:00,1.4345,1.4346,1.43447,1.43451,637700004.5776367
2011-06-10 20:22:00,1.43451,1.43451,1.43441,1.43441,360800018.3105469
2011-06-10 20:23:00,1.43443,1.43443,1.43434,1.4344,307600002.28881836
2011-06-10 20:24:00,1.43441,1.43455,1.43431,1.43455,814700012.2070312
2011-06-10 20:25:00,1.43456,1.4348,1.43456,1.43466,1223199996.9482422
2011-06-10 20:26:00,1.43466,1.4347,1.43441,1.43464,966399993.8964844
2011-06-10 20:27:00,1.43464,1.43473,1.43462,1.43463,625000000.0
2011-06-10 20:28:00,1.43465,1.4348,1.43462,1.4348,774899978.6376953
2011-06-10 20:29:00,1.43481,1.43515,1.43481,1.43495,897300033.5693359
2011-06-10 20:30:00,1.43495,1.43505,1.43493,1.43495,360299987.79296875
2011-06-10 20:31:00,1.43495,1.43495,1.43492,1.43493,157500000.0
2011-06-10 20:32:00,1.43493,1.43495,1.43492,1.43493,247500000.0
2011-06-10 20:33:00,1.43492,1.43509,1.43492,1.43507,702900009.1552734
2011-06-10 20:34:00,1.43505,1.43505,1.43504,1.43504,187500000.0
2011-06-10 20:35:00,1.43504,1.43506,1.43503,1.43504,240200004.57763672
2011-06-10 20:36:00,1.43503,1.43509,1.4349,1.43494,1045899963.3789062
2011-06-10 20:37:00,1.43496,1.43496,1.43462,1.4347,947699966.4306641
2011-06-10 20:38:00,1.43474,1.43492,1.4347,1.4347,586699981.6894531
2011-06-10 20:39:00,1.43471,1.43472,1.43459,1.43461,406899986.26708984
2011-06-10 20:40:00,1.43462,1.43467,1.43456,1.43456,367799987.79296875
2011-06-10 20:41:00,1.43457,1.43463,1.43444,1.43451,694800033.5693359
2011-06-10 20:42:00,1.43449,1.43465,1.43429,1.43465,690999984.7412109
2011-06-10 20:43:00,1.43461,1.43461,1.43441,1.43443,536699981.6894531
2011-06-10 20:44:00,1.43443,1.43483,1.43439,1.43465,972500000.0
2011-06-10 20:45:00,1.43458,1.43458,1.43425,1.43425,428699989.31884766
2011-06-10 20:46:00,1.43425,1.43426,1.43396,1.43406,701299972.5341797
2011-06-10 20:47:00,1.43397,1.43444,1.43397,1.43427,642200012.2070312
2011-06-10 20:48:00,1.43427,1.43429,1.43405,1.43405,442000007.62939453
2011-06-10 20:49:00,1.43405,1.43422,1.43345,1.43372,1594100036.6210938
2011-06-10 20:50:00,1.43372,1.43407,1.43346,1.43406,1119700012.2070312
2011-06-10 20:51:00,1.43408,1.43455,1.43408,1.43433,1027799987.7929688
2011-06-10 20:52:00,1.4344,1.43459,1.43438,1.43458,346699981.6894531
2011-06-10 20:53:00,1.43451,1.43464,1.43445,1.43451,362500000.0
2011-06-10 20:54:00,1.43446,1.43469,1.43445,1.43459,450900001.5258789
2011-06-10 20:55:00,1.43464,1.43467,1.43458,1.43467,248099994.65942383
2011-06-10 20:56:00,1.43467,1.43468,1.43458,1.43458,440099983.21533203
2011-06-10 20:57:00,1.43467,1.43476,1.43467,1.43467,82799997.32971191
2011-06-10 20:58:00,1.43463,1.43485,1.43459,1.43465,406800003.0517578
2011-06-10 20:59:00,1.43464,1.43495,1.43446,1.43468,423400001.5258789
2011-06-10 21:00:00,1.43468,1.43468,1.43468,1.43468,0.0
2011-06-10 21:01:00,1.43468,1.43468,1.43468,1.43468,0.0
2011-06-10 21:02:00,1.43468,1.43468,1.43468,1.43468,0.0
2011-06-10 21:03:00,1.43468,1.43468,1.43468,1.43468,0.0
2011-06-10 21:04:00,1.43468,1.43468,1.43468,1.43468,0.0
2011-06-10 21:05:00,1.43468,1.43468,1.43468,1.43468,0.0
2011-06-10 21:06:00,1.43468,1.43468,1.43468,1.43468,0.0
2011-06-10 21:07:00,1.43468,1.43468,1.43468,1.43468,0.0
2011-06-10 21:08:00,1.43468,1.43468,1.43468,1.43468,0.0
2011-06-10 21:09:00,1.43468,1.43468,1.43468,1.43468,0.0
2011-06-10 21:10:00,1.43468,1.43468,1.43468,1.43468,0.0
2011-06-10 21:11:00,1.43468,1.43468,1.43468,1.43468,0.0
2011-06-10 21:12:00,1.43468,1.43468,1.43468,1.43468,0.0
2011-06-10 21:13:00,1.43468,1.43468,1.43468,1.43468,0.0
2011-06-10 21:14:00,1.43468,1.43468,1.43468,1.43468,0.0
2011-06-10 21:15:00,1.43468,1.43468,1.43468,1.43468,0.0
2011-06-10 21:16:00,1.43468,1.43468,1.43468,1.43468,0.0
2011-06-10 21:17:00,1.43468,1.43468,1.43468,1.43468,0.0
2011-06-10 21:18:00,1.43468,1.43468,1.43468,1.43468,0.0
2011-06-10 21:19:00,1.43468,1.43468,1.43468,1.43468,0.0
2011-06-10 21:20:00,1.43468,1.43468,1.43468,1.43468,0.0
2011-06-10 21:21:00,1.43468,1.43468,1.43468,1.43468,0.0
2011-06-10 21:22:00,1.43468,1.43468,1.43468,1.43468,0.0
2011-06-10 21:23:00,1.43468,1.43468,1.43468,1.43468,0.0
2011-06-10 21:24:00,1.43468,1.43468,1.43468,1.43468,0.0
2011-06-10 21:25:00,1.43468,1.43468,1.43468,1.43468,0.0
2011-06-10 21:26:00,1.43468,1.43468,1.43468,1.43468,0.0
2011-06-10 21:27:00,1.43468,1.43468,1.43468,1.43468,0.0
2011-06-10 21:28:00,1.43468,1.43468,1.43468,1.43468,0.0
2011-06-10 21:29:00,1.43468,1.43468,1.43468,1.43468,0.0
2011-06-10 21:30:00,1.43468,1.43468,1.43468,1.43468,0.0
2011-06-10 21:31:00,1.43468,1.43468,1.43468,1.43468,0.0
2011-06-10 21:32:00,1.43468,1.43468,1.43468,1.43468,0.0
2011-06-10 21:33:00,1.43468,1.43468,1.43468,1.43468,0.0
2011-06-10 21:34:00,1.43468,1.43468,1.43468,1.43468,0.0
2011-06-10 21:35:00,1.43468,1.43468,1.43468,1.43468,0.0
2011-06-10 21:36:00,1.43468,1.43468,1.43468,1.43468,0.0
2011-06-10 21:37:00,1.43468,1.43468,1.43468,1.43468,0.0
2011-06-10 21:38:00,1.43468,1.43468,1.43468,1.43468,0.0
2011-06-10 21:39:00,1.43468,1.43468,1.43468,1.43468,0.0
2011-06-10 21:40:00,1.43468,1.43468,1.43468,1.43468,0.0
2011-06-10 21:41:00,1.43468,1.43468,1.43468,1.43468,0.0
2011-06-10 21:42:00,1.43468,1.43468,1.43468,1.43468,0.0
2011-06-10 21:43:00,1.43468,1.43468,1.43468,1.43468,0.0
2011-06-10 21:44:00,1.43468,1.43468,1.43468,1.43468,0.0
2011-06-10 21:45:00,1.43468,1.43468,1.43468,1.43468,0.0
2011-06-10 21:46:00,1.43468,1.43468,1.43468,1.43468,0.0
2011-06-10 21:47:00,1.43468,1.43468,1.43468,1.43468,0.0
2011-06-10 21:48:00,1.43468,1.43468,1.43468,1.43468,0.0
2011-06-10 21:49:00,1.43468,1.43468,1.43468,1.43468,0.0
2011-06-10 21:50:00,1.43468,1.43468,1.43468,1.43468,0.0
2011-06-10 21:51:00,1.43468,1.43468,1.43468,1.43468,0.0
2011-06-10 21:52:00,1.43468,1.43468,1.43468,1.43468,0.0
2011-06-10 21:53:00,1.43468,1.43468,1.43468,1.43468,0.0
2011-06-10 21:54:00,1.43468,1.43468,1.43468,1.43468,0.0
2011-06-10 21:55:00,1.43468,1.43468,1.43468,1.43468,0.0
2011-06-10 21:56:00,1.43468,1.43468,1.43468,1.43468,0.0
2011-06-10 21:57:00,1.43468,1.43468,1.43468,1.43468,0.0
2011-06-10 21:58:00,1.43468,1.43468,1.43468,1.43468,0.0
2011-06-10 21:59:00,1.43468,1.43468,1.43468,1.43468,0.0
2011-06-10 22:00:00,1.43468,1.43468,1.43468,1.43468,0.0
2011-06-10 22:01:00,1.43468,1.43468,1.43468,1.43468,0.0
2011-06-10 22:02:00,1.43468,1.43468,1.43468,1.43468,0.0
2011-06-10 22:03:00,1.43468,1.43468,1.43468,1.43468,0.0
2011-06-10 22:04:00,1.43468,1.43468,1.43468,1.43468,0.0
2011-06-10 22:05:00,1.43468,1.43468,1.43468,1.43468,0.0
2011-06-10 22:06:00,1.43468,1.43468,1.43468,1.43468,0.0
2011-06-10 22:07:00,1.43468,1.43468,1.43468,1.43468,0.0
2011-06-10 22:08:00,1.43468,1.43468,1.43468,1.43468,0.0
2011-06-10 22:09:00,1.43468,1.43468,1.43468,1.43468,0.0
2011-06-10 22:10:00,1.43468,1.43468,1.43468,1.43468,0.0
2011-06-10 22:11:00,1.43468,1.43468,1.43468,1.43468,0.0
2011-06-10 22:12:00,1.43468,1.43468,1.43468,1.43468,0.0
2011-06-10 22:13:00,1.43468,1.43468,1.43468,1.43468,0.0
2011-06-10 22:14:00,1.43468,1.43468,1.43468,1.43468,0.0
2011-06-10 22:15:00,1.43468,1.43468,1.43468,1.43468,0.0
2011-06-10 22:16:00,1.43468,1.43468,1.43468,1.43468,0.0
2011-06-10 22:17:00,1.43468,1.43468,1.43468,1.43468,0.0
2011-06-10 22:18:00,1.43468,1.43468,1.43468,1.43468,0.0
2011-06-10 22:19:00,1.43468,1.43468,1.43468,1.43468,0.0
2011-06-10 22:20:00,1.43468,1.43468,1.43468,1.43468,0.0
2011-06-10 22:21:00,1.43468,1.43468,1.43468,1.43468,0.0
2011-06-10 22:22:00,1.43468,1.43468,1.43468,1.43468,0.0
2011-06-10 22:23:00,1.43468,1.43468,1.43468,1.43468,0.0
2011-06-10 22:24:00,1.43468,1.43468,1.43468,1.43468,0.0
2011-06-10 22:25:00,1.43468,1.43468,1.43468,1.43468,0.0
2011-06-10 22:26:00,1.43468,1.43468,1.43468,1.43468,0.0
2011-06-10 22:27:00,1.43468,1.43468,1.43468,1.43468,0.0
2011-06-10 22:28:00,1.43468,1.43468,1.43468,1.43468,0.0
2011-06-10 22:29:00,1.43468,1.43468,1.43468,1.43468,0.0
2011-06-10 22:30:00,1.43468,1.43468,1.43468,1.43468,0.0
2011-06-10 22:31:00,1.43468,1.43468,1.43468,1.43468,0.0
2011-06-10 22:32:00,1.43468,1.43468,1.43468,1.43468,0.0
2011-06-10 22:33:00,1.43468,1.43468,1.43468,1.43468,0.0
2011-06-10 22:34:00,1.43468,1.43468,1.43468,1.43468,0.0
2011-06-10 22:35:00,1.43468,1.43468,1.43468,1.43468,0.0
2011-06-10 22:36:00,1.43468,1.43468,1.43468,1.43468,0.0
2011-06-10 22:37:00,1.43468,1.43468,1.43468,1.43468,0.0
2011-06-10 22:38:00,1.43468,1.43468,1.43468,1.43468,0.0
2011-06-10 22:39:00,1.43468,1.43468,1.43468,1.43468,0.0
2011-06-10 22:40:00,1.43468,1.43468,1.43468,1.43468,0.0
2011-06-10 22:41:00,1.43468,1.43468,1.43468,1.43468,0.0
2011-06-10 22:42:00,1.43468,1.43468,1.43468,1.43468,0.0
2011-06-10 22:43:00,1.43468,1.43468,1.43468,1.43468,0.0
2011-06-10 22:44:00,1.43468,1.43468,1.43468,1.43468,0.0
2011-06-10 22:45:00,1.43468,1.43468,1.43468,1.43468,0.0
2011-06-10 22:46:00,1.43468,1.43468,1.43468,1.43468,0.0
2011-06-10 22:47:00,1.43468,1.43468,1.43468,1.43468,0.0
2011-06-10 22:48:00,1.43468,1.43468,1.43468,1.43468,0.0
2011-06-10 22:49:00,1.43468,1.43468,1.43468,1.43468,0.0
2011-06-10 22:50:00,1.43468,1.43468,1.43468,1.43468,0.0
2011-06-10 22:51:00,1.43468,1.43468,1.43468,1.43468,0.0
2011-06-10 22:52:00,1.43468,1.43468,1.43468,1.43468,0.0
2011-06-10 22:53:00,1.43468,1.43468,1.43468,1.43468,0.0
2011-06-10 22:54:00,1.43468,1.43468,1.43468,1.43468,0.0
2011-06-10 22:55:00,1.43468,1.43468,1.43468,1.43468,0.0
2011-06-10 22:56:00,1.43468,1.43468,1.43468,1.43468,0.0
2011-06-10 22:57:00,1.43468,1.43468,1.43468,1.43468,0.0
2011-06-10 22:58:00,1.43468,1.43468,1.43468,1.43468,0.0
2011-06-10 22:59:00,1.43468,1.43468,1.43468,1.43468,0.0
2011-06-10 23:00:00,1.43468,1.43468,1.43468,1.43468,0.0
2011-06-10 23:01:00,1.43468,1.43468,1.43468,1.43468,0.0
2011-06-10 23:02:00,1.43468,1.43468,1.43468,1.43468,0.0
2011-06-10 23:03:00,1.43468,1.43468,1.43468,1.43468,0.0
2011-06-10 23:04:00,1.43468,1.43468,1.43468,1.43468,0.0
2011-06-10 23:05:00,1.43468,1.43468,1.43468,1.43468,0.0
2011-06-10 23:06:00,1.43468,1.43468,1.43468,1.43468,0.0
2011-06-10 23:07:00,1.43468,1.43468,1.43468,1.43468,0.0
2011-06-10 23:08:00,1.43468,1.43468,1.43468,1.43468,0.0
2011-06-10 23:09:00,1.43468,1.43468,1.43468,1.43468,0.0
2011-06-10 23:10:00,1.43468,1.43468,1.43468,1.43468,0.0
2011-06-10 23:11:00,1.43468,1.43468,1.43468,1.43468,0.0
2011-06-10 23:12:00,1.43468,1.43468,1.43468,1.43468,0.0
2011-06-10 23:13:00,1.43468,1.43468,1.43468,1.43468,0.0
2011-06-10 23:14:00,1.43468,1.43468,1.43468,1.43468,0.0
2011-06-10 23:15:00,1.43468,1.43468,1.43468,1.43468,0.0
2011-06-10 23:16:00,1.43468,1.43468,1.43468,1.43468,0.0
2011-06-10 23:17:00,1.43468,1.43468,1.43468,1.43468,0.0
2011-06-10 23:18:00,1.43468,1.43468,1.43468,1.43468,0.0
2011-06-10 23:19:00,1.43468,1.43468,1.43468,1.43468,0.0
2011-06-10 23:20:00,1.43468,1.43468,1.43468,1.43468,0.0
2011-06-10 23:21:00,1.43468,1.43468,1.43468,1.43468,0.0
2011-06-10 23:22:00,1.43468,1.43468,1.43468,1.43468,0.0
2011-06-10 23:23:00,1.43468,1.43468,1.43468,1.43468,0.0
2011-06-10 23:24:00,1.43468,1.43468,1.43468,1.43468,0.0
2011-06-10 23:25:00,1.43468,1.43468,1.43468,1.43468,0.0
2011-06-10 23:26:00,1.43468,1.43468,1.43468,1.43468,0.0
2011-06-10 23:27:00,1.43468,1.43468,1.43468,1.43468,0.0
2011-06-10 23:28:00,1.43468,1.43468,1.43468,1.43468,0.0
2011-06-10 23:29:00,1.43468,1.43468,1.43468,1.43468,0.0
2011-06-10 23:30:00,1.43468,1.43468,1.43468,1.43468,0.0
2011-06-10 23:31:00,1.43468,1.43468,1.43468,1.43468,0.0
2011-06-10 23:32:00,1.43468,1.43468,1.43468,1.43468,0.0
2011-06-10 23:33:00,1.43468,1.43468,1.43468,1.43468,0.0
2011-06-10 23:34:00,1.43468,1.43468,1.43468,1.43468,0.0
2011-06-10 23:35:00,1.43468,1.43468,1.43468,1.43468,0.0
2011-06-10 23:36:00,1.43468,1.43468,1.43468,1.43468,0.0
2011-06-10 23:37:00,1.43468,1.43468,1.43468,1.43468,0.0
2011-06-10 23:38:00,1.43468,1.43468,1.43468,1.43468,0.0
2011-06-10 23:39:00,1.43468,1.43468,1.43468,1.43468,0.0
2011-06-10 23:40:00,1.43468,1.43468,1.43468,1.43468,0.0
2011-06-10 23:41:00,1.43468,1.43468,1.43468,1.43468,0.0
2011-06-10 23:42:00,1.43468,1.43468,1.43468,1.43468,0.0
2011-06-10 23:43:00,1.43468,1.43468,1.43468,1.43468,0.0
2011-06-10 23:44:00,1.43468,1.43468,1.43468,1.43468,0.0
2011-06-10 23:45:00,1.43468,1.43468,1.43468,1.43468,0.0
2011-06-10 23:46:00,1.43468,1.43468,1.43468,1.43468,0.0
2011-06-10 23:47:00,1.43468,1.43468,1.43468,1.43468,0.0
2011-06-10 23:48:00,1.43468,1.43468,1.43468,1.43468,0.0
2011-06-10 23:49:00,1.43468,1.43468,1.43468,1.43468,0.0
2011-06-10 23:50:00,1.43468,1.43468,1.43468,1.43468,0.0
2011-06-10 23:51:00,1.43468,1.43468,1.43468,1.43468,0.0
2011-06-10 23:52:00,1.43468,1.43468,1.43468,1.43468,0.0
2011-06-10 23:53:00,1.43468,1.43468,1.43468,1.43468,0.0
2011-06-10 23:54:00,1.43468,1.43468,1.43468,1.43468,0.0
2011-06-10 23:55:00,1.43468,1.43468,1.43468,1.43468,0.0
2011-06-10 23:56:00,1.43468,1.43468,1.43468,1.43468,0.0
2011-06-10 23:57:00,1.43468,1.43468,1.43468,1.43468,0.0
2011-06-10 23:58:00,1.43468,1.43468,1.43468,1.43468,0.0
2011-06-10 23:59:00,1.43468,1.43468,1.43468,1.43468,0.0
2011-06-11 00:00:00,1.43454,1.43454,1.43454,1.43454,0.0
2011-06-11 00:01:00,1.43454,1.43454,1.43454,1.43454,0.0
2011-06-11 00:02:00,1.43454,1.43454,1.43454,1.43454,0.0
2011-06-11 00:03:00,1.43454,1.43454,1.43454,1.43454,0.0
2011-06-11 00:04:00,1.43454,1.43454,1.43454,1.43454,0.0
2011-06-11 00:05:00,1.43454,1.43454,1.43454,1.43454,0.0
2011-06-11 00:06:00,1.43454,1.43454,1.43454,1.43454,0.0
2011-06-11 00:07:00,1.43454,1.43454,1.43454,1.43454,0.0
2011-06-11 00:08:00,1.43454,1.43454,1.43454,1.43454,0.0
2011-06-11 00:09:00,1.43454,1.43454,1.43454,1.43454,0.0
2011-06-11 00:10:00,1.43454,1.43454,1.43454,1.43454,0.0
2011-06-11 00:11:00,1.43454,1.43454,1.43454,1.43454,0.0
2011-06-11 00:12:00,1.43454,1.43454,1.43454,1.43454,0.0
2011-06-11 00:13:00,1.43454,1.43454,1.43454,1.43454,0.0
2011-06-11 00:14:00,1.43454,1.43454,1.43454,1.43454,0.0
2011-06-11 00:15:00,1.43454,1.43454,1.43454,1.43454,0.0
2011-06-11 00:16:00,1.43454,1.43454,1.43454,1.43454,0.0
2011-06-11 00:17:00,1.43454,1.43454,1.43454,1.43454,0.0
2011-06-11 00:18:00,1.43454,1.43454,1.43454,1.43454,0.0
2011-06-11 00:19:00,1.43454,1.43454,1.43454,1.43454,0.0
2011-06-11 00:20:00,1.43454,1.43454,1.43454,1.43454,0.0
2011-06-11 00:21:00,1.43454,1.43454,1.43454,1.43454,0.0
2011-06-11 00:22:00,1.43454,1.43454,1.43454,1.43454,0.0
2011-06-11 00:23:00,1.43454,1.43454,1.43454,1.43454,0.0
2011-06-11 00:24:00,1.43454,1.43454,1.43454,1.43454,0.0
2011-06-11 00:25:00,1.43454,1.43454,1.43454,1.43454,0.0
2011-06-11 00:26:00,1.43454,1.43454,1.43454,1.43454,0.0
2011-06-11 00:27:00,1.43454,1.43454,1.43454,1.43454,0.0
2011-06-11 00:28:00,1.43454,1.43454,1.43454,1.43454,0.0
2011-06-11 00:29:00,1.43454,1.43454,1.43454,1.43454,0.0
2011-06-11 00:30:00,1.43454,1.43454,1.43454,1.43454,0.0
2011-06-11 00:31:00,1.43454,1.43454,1.43454,1.43454,0.0
2011-06-11 00:32:00,1.43454,1.43454,1.43454,1.43454,0.0
2011-06-11 00:33:00,1.43454,1.43454,1.43454,1.43454,0.0
2011-06-11 00:34:00,1.43454,1.43454,1.43454,1.43454,0.0
2011-06-11 00:35:00,1.43454,1.43454,1.43454,1.43454,0.0
2011-06-11 00:36:00,1.43454,1.43454,1.43454,1.43454,0.0
2011-06-11 00:37:00,1.43454,1.43454,1.43454,1.43454,0.0
2011-06-11 00:38:00,1.43454,1.43454,1.43454,1.43454,0.0
2011-06-11 00:39:00,1.43454,1.43454,1.43454,1.43454,0.0
2011-06-11 00:40:00,1.43454,1.43454,1.43454,1.43454,0.0
2011-06-11 00:41:00,1.43454,1.43454,1.43454,1.43454,0.0
2011-06-11 00:42:00,1.43454,1.43454,1.43454,1.43454,0.0
2011-06-11 00:43:00,1.43454,1.43454,1.43454,1.43454,0.0
2011-06-11 00:44:00,1.43454,1.43454,1.43454,1.43454,0.0
2011-06-11 00:45:00,1.43454,1.43454,1.43454,1.43454,0.0
2011-06-11 00:46:00,1.43454,1.43454,1.43454,1.43454,0.0
2011-06-11 00:47:00,1.43454,1.43454,1.43454,1.43454,0.0
2011-06-11 00:48:00,1.43454,1.43454,1.43454,1.43454,0.0
2011-06-11 00:49:00,1.43454,1.43454,1.43454,1.43454,0.0
2011-06-11 00:50:00,1.43454,1.43454,1.43454,1.43454,0.0
2011-06-11 00:51:00,1.43454,1.43454,1.43454,1.43454,0.0
2011-06-11 00:52:00,1.43454,1.43454,1.43454,1.43454,0.0
2011-06-11 00:53:00,1.43454,1.43454,1.43454,1.43454,0.0
2011-06-11 00:54:00,1.43454,1.43454,1.43454,1.43454,0.0
2011-06-11 00:55:00,1.43454,1.43454,1.43454,1.43454,0.0
2011-06-11 00:56:00,1.43454,1.43454,1.43454,1.43454,0.0
2011-06-11 00:57:00,1.43454,1.43454,1.43454,1.43454,0.0
2011-06-11 00:58:00,1.43454,1.43454,1.43454,1.43454,0.0
2011-06-11 00:59:00,1.43454,1.43454,1.43454,1.43454,0.0
2011-06-11 01:00:00,1.43454,1.43454,1.43454,1.43454,0.0
2011-06-11 01:01:00,1.43454,1.43454,1.43454,1.43454,0.0
2011-06-11 01:02:00,1.43454,1.43454,1.43454,1.43454,0.0
2011-06-11 01:03:00,1.43454,1.43454,1.43454,1.43454,0.0
2011-06-11 01:04:00,1.43454,1.43454,1.43454,1.43454,0.0
2011-06-11 01:05:00,1.43454,1.43454,1.43454,1.43454,0.0
2011-06-11 01:06:00,1.43454,1.43454,1.43454,1.43454,0.0
2011-06-11 01:07:00,1.43454,1.43454,1.43454,1.43454,0.0
2011-06-11 01:08:00,1.43454,1.43454,1.43454,1.43454,0.0
2011-06-11 01:09:00,1.43454,1.43454,1.43454,1.43454,0.0
2011-06-11 01:10:00,1.43454,1.43454,1.43454,1.43454,0.0
2011-06-11 01:11:00,1.43454,1.43454,1.43454,1.43454,0.0
2011-06-11 01:12:00,1.43454,1.43454,1.43454,1.43454,0.0
2011-06-11 01:13:00,1.43454,1.43454,1.43454,1.43454,0.0
2011-06-11 01:14:00,1.43454,1.43454,1.43454,1.43454,0.0
2011-06-11 01:15:00,1.43454,1.43454,1.43454,1.43454,0.0
2011-06-11 01:16:00,1.43454,1.43454,1.43454,1.43454,0.0
2011-06-11 01:17:00,1.43454,1.43454,1.43454,1.43454,0.0
2011-06-11 01:18:00,1.43454,1.43454,1.43454,1.43454,0.0
2011-06-11 01:19:00,1.43454,1.43454,1.43454,1.43454,0.0
2011-06-11 01:20:00,1.43454,1.43454,1.43454,1.43454,0.0
2011-06-11 01:21:00,1.43454,1.43454,1.43454,1.43454,0.0
2011-06-11 01:22:00,1.43454,1.43454,1.43454,1.43454,0.0
2011-06-11 01:23:00,1.43454,1.43454,1.43454,1.43454,0.0
2011-06-11 01:24:00,1.43454,1.43454,1.43454,1.43454,0.0
2011-06-11 01:25:00,1.43454,1.43454,1.43454,1.43454,0.0
2011-06-11 01:26:00,1.43454,1.43454,1.43454,1.43454,0.0
2011-06-11 01:27:00,1.43454,1.43454,1.43454,1.43454,0.0
2011-06-11 01:28:00,1.43454,1.43454,1.43454,1.43454,0.0
2011-06-11 01:29:00,1.43454,1.43454,1.43454,1.43454,0.0
2011-06-11 01:30:00,1.43454,1.43454,1.43454,1.43454,0.0
2011-06-11 01:31:00,1.43454,1.43454,1.43454,1.43454,0.0
2011-06-11 01:32:00,1.43454,1.43454,1.43454,1.43454,0.0
2011-06-11 01:33:00,1.43454,1.43454,1.43454,1.43454,0.0
2011-06-11 01:34:00,1.43454,1.43454,1.43454,1.43454,0.0
2011-06-11 01:35:00,1.43454,1.43454,1.43454,1.43454,0.0
2011-06-11 01:36:00,1.43454,1.43454,1.43454,1.43454,0.0
2011-06-11 01:37:00,1.43454,1.43454,1.43454,1.43454,0.0
2011-06-11 01:38:00,1.43454,1.43454,1.43454,1.43454,0.0
2011-06-11 01:39:00,1.43454,1.43454,1.43454,1.43454,0.0
2011-06-11 01:40:00,1.43454,1.43454,1.43454,1.43454,0.0
2011-06-11 01:41:00,1.43454,1.43454,1.43454,1.43454,0.0
2011-06-11 01:42:00,1.43454,1.43454,1.43454,1.43454,0.0
2011-06-11 01:43:00,1.43454,1.43454,1.43454,1.43454,0.0
2011-06-11 01:44:00,1.43454,1.43454,1.43454,1.43454,0.0
2011-06-11 01:45:00,1.43454,1.43454,1.43454,1.43454,0.0
2011-06-11 01:46:00,1.43454,1.43454,1.43454,1.43454,0.0
2011-06-11 01:47:00,1.43454,1.43454,1.43454,1.43454,0.0
2011-06-11 01:48:00,1.43454,1.43454,1.43454,1.43454,0.0
2011-06-11 01:49:00,1.43454,1.43454,1.43454,1.43454,0.0
2011-06-11 01:50:00,1.43454,1.43454,1.43454,1.43454,0.0
2011-06-11 01:51:00,1.43454,1.43454,1.43454,1.43454,0.0
2011-06-11 01:52:00,1.43454,1.43454,1.43454,1.43454,0.0
2011-06-11 01:53:00,1.43454,1.43454,1.43454,1.43454,0.0
2011-06-11 01:54:00,1.43454,1.43454,1.43454,1.43454,0.0
2011-06-11 01:55:00,1.43454,1.43454,1.43454,1.43454,0.0
2011-06-11 01:56:00,1.43454,1.43454,1.43454,1.43454,0.0
2011-06-11 01:57:00,1.43454,1.43454,1.43454,1.43454,0.0
2011-06-11 01:58:00,1.43454,1.43454,1.43454,1.43454,0.0
2011-06-11 01:59:00,1.43454,1.43454,1.43454,1.43454,0.0
2011-06-11 02:00:00,1.43454,1.43454,1.43454,1.43454,0.0
2011-06-11 02:01:00,1.43454,1.43454,1.43454,1.43454,0.0
2011-06-11 02:02:00,1.43454,1.43454,1.43454,1.43454,0.0
2011-06-11 02:03:00,1.43454,1.43454,1.43454,1.43454,0.0
2011-06-11 02:04:00,1.43454,1.43454,1.43454,1.43454,0.0
2011-06-11 02:05:00,1.43454,1.43454,1.43454,1.43454,0.0
2011-06-11 02:06:00,1.43454,1.43454,1.43454,1.43454,0.0
2011-06-11 02:07:00,1.43454,1.43454,1.43454,1.43454,0.0
2011-06-11 02:08:00,1.43454,1.43454,1.43454,1.43454,0.0
2011-06-11 02:09:00,1.43454,1.43454,1.43454,1.43454,0.0
2011-06-11 02:10:00,1.43454,1.43454,1.43454,1.43454,0.0
2011-06-11 02:11:00,1.43454,1.43454,1.43454,1.43454,0.0
2011-06-11 02:12:00,1.43454,1.43454,1.43454,1.43454,0.0
2011-06-11 02:13:00,1.43454,1.43454,1.43454,1.43454,0.0
2011-06-11 02:14:00,1.43454,1.43454,1.43454,1.43454,0.0
2011-06-11 02:15:00,1.43454,1.43454,1.43454,1.43454,0.0
2011-06-11 02:16:00,1.43454,1.43454,1.43454,1.43454,0.0
2011-06-11 02:17:00,1.43454,1.43454,1.43454,1.43454,0.0
2011-06-11 02:18:00,1.43454,1.43454,1.43454,1.43454,0.0
2011-06-11 02:19:00,1.43454,1.43454,1.43454,1.43454,0.0
2011-06-11 02:20:00,1.43454,1.43454,1.43454,1.43454,0.0
2011-06-11 02:21:00,1.43454,1.43454,1.43454,1.43454,0.0
2011-06-11 02:22:00,1.43454,1.43454,1.43454,1.43454,0.0
2011-06-11 02:23:00,1.43454,1.43454,1.43454,1.43454,0.0
2011-06-11 02:24:00,1.43454,1.43454,1.43454,1.43454,0.0
2011-06-11 02:25:00,1.43454,1.43454,1.43454,1.43454,0.0
2011-06-11 02:26:00,1.43454,1.43454,1.43454,1.43454,0.0
2011-06-11 02:27:00,1.43454,1.43454,1.43454,1.43454,0.0
2011-06-11 02:28:00,1.43454,1.43454,1.43454,1.43454,0.0
2011-06-11 02:29:00,1.43454,1.43454,1.43454,1.43454,0.0
2011-06-11 02:30:00,1.43454,1.43454,1.43454,1.43454,0.0
2011-06-11 02:31:00,1.43454,1.43454,1.43454,1.43454,0.0
2011-06-11 02:32:00,1.43454,1.43454,1.43454,1.43454,0.0
2011-06-11 02:33:00,1.43454,1.43454,1.43454,1.43454,0.0
2011-06-11 02:34:00,1.43454,1.43454,1.43454,1.43454,0.0
2011-06-11 02:35:00,1.43454,1.43454,1.43454,1.43454,0.0
2011-06-11 02:36:00,1.43454,1.43454,1.43454,1.43454,0.0
2011-06-11 02:37:00,1.43454,1.43454,1.43454,1.43454,0.0
2011-06-11 02:38:00,1.43454,1.43454,1.43454,1.43454,0.0
2011-06-11 02:39:00,1.43454,1.43454,1.43454,1.43454,0.0
2011-06-11 02:40:00,1.43454,1.43454,1.43454,1.43454,0.0
2011-06-11 02:41:00,1.43454,1.43454,1.43454,1.43454,0.0
2011-06-11 02:42:00,1.43454,1.43454,1.43454,1.43454,0.0
2011-06-11 02:43:00,1.43454,1.43454,1.43454,1.43454,0.0
2011-06-11 02:44:00,1.43454,1.43454,1.43454,1.43454,0.0
2011-06-11 02:45:00,1.43454,1.43454,1.43454,1.43454,0.0
2011-06-11 02:46:00,1.43454,1.43454,1.43454,1.43454,0.0
2011-06-11 02:47:00,1.43454,1.43454,1.43454,1.43454,0.0
2011-06-11 02:48:00,1.43454,1.43454,1.43454,1.43454,0.0
2011-06-11 02:49:00,1.43454,1.43454,1.43454,1.43454,0.0
2011-06-11 02:50:00,1.43454,1.43454,1.43454,1.43454,0.0
2011-06-11 02:51:00,1.43454,1.43454,1.43454,1.43454,0.0
2011-06-11 02:52:00,1.43454,1.43454,1.43454,1.43454,0.0
2011-06-11 02:53:00,1.43454,1.43454,1.43454,1.43454,0.0
2011-06-11 02:54:00,1.43454,1.43454,1.43454,1.43454,0.0
2011-06-11 02:55:00,1.43454,1.43454,1.43454,1.43454,0.0
2011-06-11 02:56:00,1.43454,1.43454,1.43454,1.43454,0.0
2011-06-11 02:57:00,1.43454,1.43454,1.43454,1.43454,0.0
2011-06-11 02:58:00,1.43454,1.43454,1.43454,1.43454,0.0
2011-06-11 02:59:00,1.43454,1.43454,1.43454,1.43454,0.0
2011-06-11 03:00:00,1.43454,1.43454,1.43454,1.43454,0.0
2011-06-11 03:01:00,1.43454,1.43454,1.43454,1.43454,0.0
2011-06-11 03:02:00,1.43454,1.43454,1.43454,1.43454,0.0
2011-06-11 03:03:00,1.43454,1.43454,1.43454,1.43454,0.0
2011-06-11 03:04:00,1.43454,1.43454,1.43454,1.43454,0.0
2011-06-11 03:05:00,1.43454,1.43454,1.43454,1.43454,0.0
2011-06-11 03:06:00,1.43454,1.43454,1.43454,1.43454,0.0
2011-06-11 03:07:00,1.43454,1.43454,1.43454,1.43454,0.0
2011-06-11 03:08:00,1.43454,1.43454,1.43454,1.43454,0.0
2011-06-11 03:09:00,1.43454,1.43454,1.43454,1.43454,0.0
2011-06-11 03:10:00,1.43454,1.43454,1.43454,1.43454,0.0
2011-06-11 03:11:00,1.43454,1.43454,1.43454,1.43454,0.0
2011-06-11 03:12:00,1.43454,1.43454,1.43454,1.43454,0.0
2011-06-11 03:13:00,1.43454,1.43454,1.43454,1.43454,0.0
2011-06-11 03:14:00,1.43454,1.43454,1.43454,1.43454,0.0
2011-06-11 03:15:00,1.43454,1.43454,1.43454,1.43454,0.0
2011-06-11 03:16:00,1.43454,1.43454,1.43454,1.43454,0.0
2011-06-11 03:17:00,1.43454,1.43454,1.43454,1.43454,0.0
2011-06-11 03:18:00,1.43454,1.43454,1.43454,1.43454,0.0
2011-06-11 03:19:00,1.43454,1.43454,1.43454,1.43454,0.0
2011-06-11 03:20:00,1.43454,1.43454,1.43454,1.43454,0.0
2011-06-11 03:21:00,1.43454,1.43454,1.43454,1.43454,0.0
2011-06-11 03:22:00,1.43454,1.43454,1.43454,1.43454,0.0
2011-06-11 03:23:00,1.43454,1.43454,1.43454,1.43454,0.0
2011-06-11 03:24:00,1.43454,1.43454,1.43454,1.43454,0.0
2011-06-11 03:25:00,1.43454,1.43454,1.43454,1.43454,0.0
2011-06-11 03:26:00,1.43454,1.43454,1.43454,1.43454,0.0
2011-06-11 03:27:00,1.43454,1.43454,1.43454,1.43454,0.0
2011-06-11 03:28:00,1.43454,1.43454,1.43454,1.43454,0.0
2011-06-11 03:29:00,1.43454,1.43454,1.43454,1.43454,0.0
2011-06-11 03:30:00,1.43454,1.43454,1.43454,1.43454,0.0
2011-06-11 03:31:00,1.43454,1.43454,1.43454,1.43454,0.0
2011-06-11 03:32:00,1.43454,1.43454,1.43454,1.43454,0.0
2011-06-11 03:33:00,1.43454,1.43454,1.43454,1.43454,0.0
2011-06-11 03:34:00,1.43454,1.43454,1.43454,1.43454,0.0
2011-06-11 03:35:00,1.43454,1.43454,1.43454,1.43454,0.0
2011-06-11 03:36:00,1.43454,1.43454,1.43454,1.43454,0.0
2011-06-11 03:37:00,1.43454,1.43454,1.43454,1.43454,0.0
2011-06-11 03:38:00,1.43454,1.43454,1.43454,1.43454,0.0
2011-06-11 03:39:00,1.43454,1.43454,1.43454,1.43454,0.0
2011-06-11 03:40:00,1.43454,1.43454,1.43454,1.43454,0.0
2011-06-11 03:41:00,1.43454,1.43454,1.43454,1.43454,0.0
2011-06-11 03:42:00,1.43454,1.43454,1.43454,1.43454,0.0
2011-06-11 03:43:00,1.43454,1.43454,1.43454,1.43454,0.0
2011-06-11 03:44:00,1.43454,1.43454,1.43454,1.43454,0.0
2011-06-11 03:45:00,1.43454,1.43454,1.43454,1.43454,0.0
2011-06-11 03:46:00,1.43454,1.43454,1.43454,1.43454,0.0
2011-06-11 03:47:00,1.43454,1.43454,1.43454,1.43454,0.0
2011-06-11 03:48:00,1.43454,1.43454,1.43454,1.43454,0.0
2011-06-11 03:49:00,1.43454,1.43454,1.43454,1.43454,0.0
2011-06-11 03:50:00,1.43454,1.43454,1.43454,1.43454,0.0
2011-06-11 03:51:00,1.43454,1.43454,1.43454,1.43454,0.0
2011-06-11 03:52:00,1.43454,1.43454,1.43454,1.43454,0.0
2011-06-11 03:53:00,1.43454,1.43454,1.43454,1.43454,0.0
2011-06-11 03:54:00,1.43454,1.43454,1.43454,1.43454,0.0
2011-06-11 03:55:00,1.43454,1.43454,1.43454,1.43454,0.0
2011-06-11 03:56:00,1.43454,1.43454,1.43454,1.43454,0.0
2011-06-11 03:57:00,1.43454,1.43454,1.43454,1.43454,0.0
2011-06-11 03:58:00,1.43454,1.43454,1.43454,1.43454,0.0
2011-06-11 03:59:00,1.43454,1.43454,1.43454,1.43454,0.0
2011-06-11 04:00:00,1.43454,1.43454,1.43454,1.43454,0.0
2011-06-11 04:01:00,1.43454,1.43454,1.43454,1.43454,0.0
2011-06-11 04:02:00,1.43454,1.43454,1.43454,1.43454,0.0
2011-06-11 04:03:00,1.43454,1.43454,1.43454,1.43454,0.0
2011-06-11 04:04:00,1.43454,1.43454,1.43454,1.43454,0.0
2011-06-11 04:05:00,1.43454,1.43454,1.43454,1.43454,0.0
2011-06-11 04:06:00,1.43454,1.43454,1.43454,1.43454,0.0
2011-06-11 04:07:00,1.43454,1.43454,1.43454,1.43454,0.0
2011-06-11 04:08:00,1.43454,1.43454,1.43454,1.43454,0.0
2011-06-11 04:09:00,1.43454,1.43454,1.43454,1.43454,0.0
2011-06-11 04:10:00,1.43454,1.43454,1.43454,1.43454,0.0
2011-06-11 04:11:00,1.43454,1.43454,1.43454,1.43454,0.0
2011-06-11 04:12:00,1.43454,1.43454,1.43454,1.43454,0.0
2011-06-11 04:13:00,1.43454,1.43454,1.43454,1.43454,0.0
2011-06-11 04:14:00,1.43454,1.43454,1.43454,1.43454,0.0
2011-06-11 04:15:00,1.43454,1.43454,1.43454,1.43454,0.0
2011-06-11 04:16:00,1.43454,1.43454,1.43454,1.43454,0.0
2011-06-11 04:17:00,1.43454,1.43454,1.43454,1.43454,0.0
2011-06-11 04:18:00,1.43454,1.43454,1.43454,1.43454,0.0
2011-06-11 04:19:00,1.43454,1.43454,1.43454,1.43454,0.0
2011-06-11 04:20:00,1.43454,1.43454,1.43454,1.43454,0.0
2011-06-11 04:21:00,1.43454,1.43454,1.43454,1.43454,0.0
2011-06-11 04:22:00,1.43454,1.43454,1.43454,1.43454,0.0
2011-06-11 04:23:00,1.43454,1.43454,1.43454,1.43454,0.0
2011-06-11 04:24:00,1.43454,1.43454,1.43454,1.43454,0.0
2011-06-11 04:25:00,1.43454,1.43454,1.43454,1.43454,0.0
2011-06-11 04:26:00,1.43454,1.43454,1.43454,1.43454,0.0
2011-06-11 04:27:00,1.43454,1.43454,1.43454,1.43454,0.0
2011-06-11 04:28:00,1.43454,1.43454,1.43454,1.43454,0.0
2011-06-11 04:29:00,1.43454,1.43454,1.43454,1.43454,0.0
2011-06-11 04:30:00,1.43454,1.43454,1.43454,1.43454,0.0
2011-06-11 04:31:00,1.43454,1.43454,1.43454,1.43454,0.0
2011-06-11 04:32:00,1.43454,1.43454,1.43454,1.43454,0.0
2011-06-11 04:33:00,1.43454,1.43454,1.43454,1.43454,0.0
2011-06-11 04:34:00,1.43454,1.43454,1.43454,1.43454,0.0
2011-06-11 04:35:00,1.43454,1.43454,1.43454,1.43454,0.0
2011-06-11 04:36:00,1.43454,1.43454,1.43454,1.43454,0.0
2011-06-11 04:37:00,1.43454,1.43454,1.43454,1.43454,0.0
2011-06-11 04:38:00,1.43454,1.43454,1.43454,1.43454,0.0
2011-06-11 04:39:00,1.43454,1.43454,1.43454,1.43454,0.0
2011-06-11 04:40:00,1.43454,1.43454,1.43454,1.43454,0.0
2011-06-11 04:41:00,1.43454,1.43454,1.43454,1.43454,0.0
2011-06-11 04:42:00,1.43454,1.43454,1.43454,1.43454,0.0
2011-06-11 04:43:00,1.43454,1.43454,1.43454,1.43454,0.0
2011-06-11 04:44:00,1.43454,1.43454,1.43454,1.43454,0.0
2011-06-11 04:45:00,1.43454,1.43454,1.43454,1.43454,0.0
2011-06-11 04:46:00,1.43454,1.43454,1.43454,1.43454,0.0
2011-06-11 04:47:00,1.43454,1.43454,1.43454,1.43454,0.0
2011-06-11 04:48:00,1.43454,1.43454,1.43454,1.43454,0.0
2011-06-11 04:49:00,1.43454,1.43454,1.43454,1.43454,0.0
2011-06-11 04:50:00,1.43454,1.43454,1.43454,1.43454,0.0
2011-06-11 04:51:00,1.43454,1.43454,1.43454,1.43454,0.0
2011-06-11 04:52:00,1.43454,1.43454,1.43454,1.43454,0.0
2011-06-11 04:53:00,1.43454,1.43454,1.43454,1.43454,0.0
2011-06-11 04:54:00,1.43454,1.43454,1.43454,1.43454,0.0
2011-06-11 04:55:00,1.43454,1.43454,1.43454,1.43454,0.0
2011-06-11 04:56:00,1.43454,1.43454,1.43454,1.43454,0.0
2011-06-11 04:57:00,1.43454,1.43454,1.43454,1.43454,0.0
2011-06-11 04:58:00,1.43454,1.43454,1.43454,1.43454,0.0
2011-06-11 04:59:00,1.43454,1.43454,1.43454,1.43454,0.0
2011-06-11 05:00:00,1.43454,1.43454,1.43454,1.43454,0.0
2011-06-11 05:01:00,1.43454,1.43454,1.43454,1.43454,0.0
2011-06-11 05:02:00,1.43454,1.43454,1.43454,1.43454,0.0
2011-06-11 05:03:00,1.43454,1.43454,1.43454,1.43454,0.0
2011-06-11 05:04:00,1.43454,1.43454,1.43454,1.43454,0.0
2011-06-11 05:05:00,1.43454,1.43454,1.43454,1.43454,0.0
2011-06-11 05:06:00,1.43454,1.43454,1.43454,1.43454,0.0
2011-06-11 05:07:00,1.43454,1.43454,1.43454,1.43454,0.0
2011-06-11 05:08:00,1.43454,1.43454,1.43454,1.43454,0.0
2011-06-11 05:09:00,1.43454,1.43454,1.43454,1.43454,0.0
2011-06-11 05:10:00,1.43454,1.43454,1.43454,1.43454,0.0
2011-06-11 05:11:00,1.43454,1.43454,1.43454,1.43454,0.0
2011-06-11 05:12:00,1.43454,1.43454,1.43454,1.43454,0.0
2011-06-11 05:13:00,1.43454,1.43454,1.43454,1.43454,0.0
2011-06-11 05:14:00,1.43454,1.43454,1.43454,1.43454,0.0
2011-06-11 05:15:00,1.43454,1.43454,1.43454,1.43454,0.0
2011-06-11 05:16:00,1.43454,1.43454,1.43454,1.43454,0.0
2011-06-11 05:17:00,1.43454,1.43454,1.43454,1.43454,0.0
2011-06-11 05:18:00,1.43454,1.43454,1.43454,1.43454,0.0
2011-06-11 05:19:00,1.43454,1.43454,1.43454,1.43454,0.0
2011-06-11 05:20:00,1.43454,1.43454,1.43454,1.43454,0.0
2011-06-11 05:21:00,1.43454,1.43454,1.43454,1.43454,0.0
2011-06-11 05:22:00,1.43454,1.43454,1.43454,1.43454,0.0
2011-06-11 05:23:00,1.43454,1.43454,1.43454,1.43454,0.0
2011-06-11 05:24:00,1.43454,1.43454,1.43454,1.43454,0.0
2011-06-11 05:25:00,1.43454,1.43454,1.43454,1.43454,0.0
2011-06-11 05:26:00,1.43454,1.43454,1.43454,1.43454,0.0
2011-06-11 05:27:00,1.43454,1.43454,1.43454,1.43454,0.0
2011-06-11 05:28:00,1.43454,1.43454,1.43454,1.43454,0.0
2011-06-11 05:29:00,1.43454,1.43454,1.43454,1.43454,0.0
2011-06-11 05:30:00,1.43454,1.43454,1.43454,1.43454,0.0
2011-06-11 05:31:00,1.43454,1.43454,1.43454,1.43454,0.0
2011-06-11 05:32:00,1.43454,1.43454,1.43454,1.43454,0.0
2011-06-11 05:33:00,1.43454,1.43454,1.43454,1.43454,0.0
2011-06-11 05:34:00,1.43454,1.43454,1.43454,1.43454,0.0
2011-06-11 05:35:00,1.43454,1.43454,1.43454,1.43454,0.0
2011-06-11 05:36:00,1.43454,1.43454,1.43454,1.43454,0.0
2011-06-11 05:37:00,1.43454,1.43454,1.43454,1.43454,0.0
2011-06-11 05:38:00,1.43454,1.43454,1.43454,1.43454,0.0
2011-06-11 05:39:00,1.43454,1.43454,1.43454,1.43454,0.0
2011-06-11 05:40:00,1.43454,1.43454,1.43454,1.43454,0.0
2011-06-11 05:41:00,1.43454,1.43454,1.43454,1.43454,0.0
2011-06-11 05:42:00,1.43454,1.43454,1.43454,1.43454,0.0
2011-06-11 05:43:00,1.43454,1.43454,1.43454,1.43454,0.0
2011-06-11 05:44:00,1.43454,1.43454,1.43454,1.43454,0.0
2011-06-11 05:45:00,1.43454,1.43454,1.43454,1.43454,0.0
2011-06-11 05:46:00,1.43454,1.43454,1.43454,1.43454,0.0
2011-06-11 05:47:00,1.43454,1.43454,1.43454,1.43454,0.0
2011-06-11 05:48:00,1.43454,1.43454,1.43454,1.43454,0.0
2011-06-11 05:49:00,1.43454,1.43454,1.43454,1.43454,0.0
2011-06-11 05:50:00,1.43454,1.43454,1.43454,1.43454,0.0
2011-06-11 05:51:00,1.43454,1.43454,1.43454,1.43454,0.0
2011-06-11 05:52:00,1.43454,1.43454,1.43454,1.43454,0.0
2011-06-11 05:53:00,1.43454,1.43454,1.43454,1.43454,0.0
2011-06-11 05:54:00,1.43454,1.43454,1.43454,1.43454,0.0
2011-06-11 05:55:00,1.43454,1.43454,1.43454,1.43454,0.0
2011-06-11 05:56:00,1.43454,1.43454,1.43454,1.43454,0.0
2011-06-11 05:57:00,1.43454,1.43454,1.43454,1.43454,0.0
2011-06-11 05:58:00,1.43454,1.43454,1.43454,1.43454,0.0
2011-06-11 05:59:00,1.43454,1.43454,1.43454,1.43454,0.0
2011-06-11 06:00:00,1.43454,1.43454,1.43454,1.43454,0.0
2011-06-11 06:01:00,1.43454,1.43454,1.43454,1.43454,0.0
2011-06-11 06:02:00,1.43454,1.43454,1.43454,1.43454,0.0
2011-06-11 06:03:00,1.43454,1.43454,1.43454,1.43454,0.0
2011-06-11 06:04:00,1.43454,1.43454,1.43454,1.43454,0.0
2011-06-11 06:05:00,1.43454,1.43454,1.43454,1.43454,0.0
2011-06-11 06:06:00,1.43454,1.43454,1.43454,1.43454,0.0
2011-06-11 06:07:00,1.43454,1.43454,1.43454,1.43454,0.0
2011-06-11 06:08:00,1.43454,1.43454,1.43454,1.43454,0.0
2011-06-11 06:09:00,1.43454,1.43454,1.43454,1.43454,0.0
2011-06-11 06:10:00,1.43454,1.43454,1.43454,1.43454,0.0
2011-06-11 06:11:00,1.43454,1.43454,1.43454,1.43454,0.0
2011-06-11 06:12:00,1.43454,1.43454,1.43454,1.43454,0.0
2011-06-11 06:13:00,1.43454,1.43454,1.43454,1.43454,0.0
2011-06-11 06:14:00,1.43454,1.43454,1.43454,1.43454,0.0
2011-06-11 06:15:00,1.43454,1.43454,1.43454,1.43454,0.0
2011-06-11 06:16:00,1.43454,1.43454,1.43454,1.43454,0.0
2011-06-11 06:17:00,1.43454,1.43454,1.43454,1.43454,0.0
2011-06-11 06:18:00,1.43454,1.43454,1.43454,1.43454,0.0
2011-06-11 06:19:00,1.43454,1.43454,1.43454,1.43454,0.0
2011-06-11 06:20:00,1.43454,1.43454,1.43454,1.43454,0.0
2011-06-11 06:21:00,1.43454,1.43454,1.43454,1.43454,0.0
2011-06-11 06:22:00,1.43454,1.43454,1.43454,1.43454,0.0
2011-06-11 06:23:00,1.43454,1.43454,1.43454,1.43454,0.0
2011-06-11 06:24:00,1.43454,1.43454,1.43454,1.43454,0.0
2011-06-11 06:25:00,1.43454,1.43454,1.43454,1.43454,0.0
2011-06-11 06:26:00,1.43454,1.43454,1.43454,1.43454,0.0
2011-06-11 06:27:00,1.43454,1.43454,1.43454,1.43454,0.0
2011-06-11 06:28:00,1.43454,1.43454,1.43454,1.43454,0.0
2011-06-11 06:29:00,1.43454,1.43454,1.43454,1.43454,0.0
2011-06-11 06:30:00,1.43454,1.43454,1.43454,1.43454,0.0
2011-06-11 06:31:00,1.43454,1.43454,1.43454,1.43454,0.0
2011-06-11 06:32:00,1.43454,1.43454,1.43454,1.43454,0.0
2011-06-11 06:33:00,1.43454,1.43454,1.43454,1.43454,0.0
2011-06-11 06:34:00,1.43454,1.43454,1.43454,1.43454,0.0
2011-06-11 06:35:00,1.43454,1.43454,1.43454,1.43454,0.0
2011-06-11 06:36:00,1.43454,1.43454,1.43454,1.43454,0.0
2011-06-11 06:37:00,1.43454,1.43454,1.43454,1.43454,0.0
2011-06-11 06:38:00,1.43454,1.43454,1.43454,1.43454,0.0
2011-06-11 06:39:00,1.43454,1.43454,1.43454,1.43454,0.0
2011-06-11 06:40:00,1.43454,1.43454,1.43454,1.43454,0.0
2011-06-11 06:41:00,1.43454,1.43454,1.43454,1.43454,0.0
2011-06-11 06:42:00,1.43454,1.43454,1.43454,1.43454,0.0
2011-06-11 06:43:00,1.43454,1.43454,1.43454,1.43454,0.0
2011-06-11 06:44:00,1.43454,1.43454,1.43454,1.43454,0.0
2011-06-11 06:45:00,1.43454,1.43454,1.43454,1.43454,0.0
2011-06-11 06:46:00,1.43454,1.43454,1.43454,1.43454,0.0
2011-06-11 06:47:00,1.43454,1.43454,1.43454,1.43454,0.0
2011-06-11 06:48:00,1.43454,1.43454,1.43454,1.43454,0.0
2011-06-11 06:49:00,1.43454,1.43454,1.43454,1.43454,0.0
2011-06-11 06:50:00,1.43454,1.43454,1.43454,1.43454,0.0
2011-06-11 06:51:00,1.43454,1.43454,1.43454,1.43454,0.0
2011-06-11 06:52:00,1.43454,1.43454,1.43454,1.43454,0.0
2011-06-11 06:53:00,1.43454,1.43454,1.43454,1.43454,0.0
2011-06-11 06:54:00,1.43454,1.43454,1.43454,1.43454,0.0
2011-06-11 06:55:00,1.43454,1.43454,1.43454,1.43454,0.0
2011-06-11 06:56:00,1.43454,1.43454,1.43454,1.43454,0.0
2011-06-11 06:57:00,1.43454,1.43454,1.43454,1.43454,0.0
2011-06-11 06:58:00,1.43454,1.43454,1.43454,1.43454,0.0
2011-06-11 06:59:00,1.43454,1.43454,1.43454,1.43454,0.0
2011-06-11 07:00:00,1.43454,1.43454,1.43454,1.43454,0.0
2011-06-11 07:01:00,1.43454,1.43454,1.43454,1.43454,0.0
2011-06-11 07:02:00,1.43454,1.43454,1.43454,1.43454,0.0
2011-06-11 07:03:00,1.43454,1.43454,1.43454,1.43454,0.0
2011-06-11 07:04:00,1.43454,1.43454,1.43454,1.43454,0.0
2011-06-11 07:05:00,1.43454,1.43454,1.43454,1.43454,0.0
2011-06-11 07:06:00,1.43454,1.43454,1.43454,1.43454,0.0
2011-06-11 07:07:00,1.43454,1.43454,1.43454,1.43454,0.0
2011-06-11 07:08:00,1.43454,1.43454,1.43454,1.43454,0.0
2011-06-11 07:09:00,1.43454,1.43454,1.43454,1.43454,0.0
2011-06-11 07:10:00,1.43454,1.43454,1.43454,1.43454,0.0
2011-06-11 07:11:00,1.43454,1.43454,1.43454,1.43454,0.0
2011-06-11 07:12:00,1.43454,1.43454,1.43454,1.43454,0.0
2011-06-11 07:13:00,1.43454,1.43454,1.43454,1.43454,0.0
2011-06-11 07:14:00,1.43454,1.43454,1.43454,1.43454,0.0
2011-06-11 07:15:00,1.43454,1.43454,1.43454,1.43454,0.0
2011-06-11 07:16:00,1.43454,1.43454,1.43454,1.43454,0.0
2011-06-11 07:17:00,1.43454,1.43454,1.43454,1.43454,0.0
2011-06-11 07:18:00,1.43454,1.43454,1.43454,1.43454,0.0
2011-06-11 07:19:00,1.43454,1.43454,1.43454,1.43454,0.0
2011-06-11 07:20:00,1.43454,1.43454,1.43454,1.43454,0.0
2011-06-11 07:21:00,1.43454,1.43454,1.43454,1.43454,0.0
2011-06-11 07:22:00,1.43454,1.43454,1.43454,1.43454,0.0
2011-06-11 07:23:00,1.43454,1.43454,1.43454,1.43454,0.0
2011-06-11 07:24:00,1.43454,1.43454,1.43454,1.43454,0.0
2011-06-11 07:25:00,1.43454,1.43454,1.43454,1.43454,0.0
2011-06-11 07:26:00,1.43454,1.43454,1.43454,1.43454,0.0
2011-06-11 07:27:00,1.43454,1.43454,1.43454,1.43454,0.0
2011-06-11 07:28:00,1.43454,1.43454,1.43454,1.43454,0.0
2011-06-11 07:29:00,1.43454,1.43454,1.43454,1.43454,0.0
2011-06-11 07:30:00,1.43454,1.43454,1.43454,1.43454,0.0
2011-06-11 07:31:00,1.43454,1.43454,1.43454,1.43454,0.0
2011-06-11 07:32:00,1.43454,1.43454,1.43454,1.43454,0.0
2011-06-11 07:33:00,1.43454,1.43454,1.43454,1.43454,0.0
2011-06-11 07:34:00,1.43454,1.43454,1.43454,1.43454,0.0
2011-06-11 07:35:00,1.43454,1.43454,1.43454,1.43454,0.0
2011-06-11 07:36:00,1.43454,1.43454,1.43454,1.43454,0.0
2011-06-11 07:37:00,1.43454,1.43454,1.43454,1.43454,0.0
2011-06-11 07:38:00,1.43454,1.43454,1.43454,1.43454,0.0
2011-06-11 07:39:00,1.43454,1.43454,1.43454,1.43454,0.0
2011-06-11 07:40:00,1.43454,1.43454,1.43454,1.43454,0.0
2011-06-11 07:41:00,1.43454,1.43454,1.43454,1.43454,0.0
2011-06-11 07:42:00,1.43454,1.43454,1.43454,1.43454,0.0
2011-06-11 07:43:00,1.43454,1.43454,1.43454,1.43454,0.0
2011-06-11 07:44:00,1.43454,1.43454,1.43454,1.43454,0.0
2011-06-11 07:45:00,1.43454,1.43454,1.43454,1.43454,0.0
2011-06-11 07:46:00,1.43454,1.43454,1.43454,1.43454,0.0
2011-06-11 07:47:00,1.43454,1.43454,1.43454,1.43454,0.0
2011-06-11 07:48:00,1.43454,1.43454,1.43454,1.43454,0.0
2011-06-11 07:49:00,1.43454,1.43454,1.43454,1.43454,0.0
2011-06-11 07:50:00,1.43454,1.43454,1.43454,1.43454,0.0
2011-06-11 07:51:00,1.43454,1.43454,1.43454,1.43454,0.0
2011-06-11 07:52:00,1.43454,1.43454,1.43454,1.43454,0.0
2011-06-11 07:53:00,1.43454,1.43454,1.43454,1.43454,0.0
2011-06-11 07:54:00,1.43454,1.43454,1.43454,1.43454,0.0
2011-06-11 07:55:00,1.43454,1.43454,1.43454,1.43454,0.0
2011-06-11 07:56:00,1.43454,1.43454,1.43454,1.43454,0.0
2011-06-11 07:57:00,1.43454,1.43454,1.43454,1.43454,0.0
2011-06-11 07:58:00,1.43454,1.43454,1.43454,1.43454,0.0
2011-06-11 07:59:00,1.43454,1.43454,1.43454,1.43454,0.0
2011-06-11 08:00:00,1.43454,1.43454,1.43454,1.43454,0.0
2011-06-11 08:01:00,1.43454,1.43454,1.43454,1.43454,0.0
2011-06-11 08:02:00,1.43454,1.43454,1.43454,1.43454,0.0
2011-06-11 08:03:00,1.43454,1.43454,1.43454,1.43454,0.0
2011-06-11 08:04:00,1.43454,1.43454,1.43454,1.43454,0.0
2011-06-11 08:05:00,1.43454,1.43454,1.43454,1.43454,0.0
2011-06-11 08:06:00,1.43454,1.43454,1.43454,1.43454,0.0
2011-06-11 08:07:00,1.43454,1.43454,1.43454,1.43454,0.0
2011-06-11 08:08:00,1.43454,1.43454,1.43454,1.43454,0.0
2011-06-11 08:09:00,1.43454,1.43454,1.43454,1.43454,0.0
2011-06-11 08:10:00,1.43454,1.43454,1.43454,1.43454,0.0
2011-06-11 08:11:00,1.43454,1.43454,1.43454,1.43454,0.0
2011-06-11 08:12:00,1.43454,1.43454,1.43454,1.43454,0.0
2011-06-11 08:13:00,1.43454,1.43454,1.43454,1.43454,0.0
2011-06-11 08:14:00,1.43454,1.43454,1.43454,1.43454,0.0
2011-06-11 08:15:00,1.43454,1.43454,1.43454,1.43454,0.0
2011-06-11 08:16:00,1.43454,1.43454,1.43454,1.43454,0.0
2011-06-11 08:17:00,1.43454,1.43454,1.43454,1.43454,0.0
2011-06-11 08:18:00,1.43454,1.43454,1.43454,1.43454,0.0
2011-06-11 08:19:00,1.43454,1.43454,1.43454,1.43454,0.0
2011-06-11 08:20:00,1.43454,1.43454,1.43454,1.43454,0.0
2011-06-11 08:21:00,1.43454,1.43454,1.43454,1.43454,0.0
2011-06-11 08:22:00,1.43454,1.43454,1.43454,1.43454,0.0
2011-06-11 08:23:00,1.43454,1.43454,1.43454,1.43454,0.0
2011-06-11 08:24:00,1.43454,1.43454,1.43454,1.43454,0.0
2011-06-11 08:25:00,1.43454,1.43454,1.43454,1.43454,0.0
2011-06-11 08:26:00,1.43454,1.43454,1.43454,1.43454,0.0
2011-06-11 08:27:00,1.43454,1.43454,1.43454,1.43454,0.0
2011-06-11 08:28:00,1.43454,1.43454,1.43454,1.43454,0.0
2011-06-11 08:29:00,1.43454,1.43454,1.43454,1.43454,0.0
2011-06-11 08:30:00,1.43454,1.43454,1.43454,1.43454,0.0
2011-06-11 08:31:00,1.43454,1.43454,1.43454,1.43454,0.0
2011-06-11 08:32:00,1.43454,1.43454,1.43454,1.43454,0.0
2011-06-11 08:33:00,1.43454,1.43454,1.43454,1.43454,0.0
2011-06-11 08:34:00,1.43454,1.43454,1.43454,1.43454,0.0
2011-06-11 08:35:00,1.43454,1.43454,1.43454,1.43454,0.0
2011-06-11 08:36:00,1.43454,1.43454,1.43454,1.43454,0.0
2011-06-11 08:37:00,1.43454,1.43454,1.43454,1.43454,0.0
2011-06-11 08:38:00,1.43454,1.43454,1.43454,1.43454,0.0
2011-06-11 08:39:00,1.43454,1.43454,1.43454,1.43454,0.0
2011-06-11 08:40:00,1.43454,1.43454,1.43454,1.43454,0.0
2011-06-11 08:41:00,1.43454,1.43454,1.43454,1.43454,0.0
2011-06-11 08:42:00,1.43454,1.43454,1.43454,1.43454,0.0
2011-06-11 08:43:00,1.43454,1.43454,1.43454,1.43454,0.0
2011-06-11 08:44:00,1.43454,1.43454,1.43454,1.43454,0.0
2011-06-11 08:45:00,1.43454,1.43454,1.43454,1.43454,0.0
2011-06-11 08:46:00,1.43454,1.43454,1.43454,1.43454,0.0
2011-06-11 08:47:00,1.43454,1.43454,1.43454,1.43454,0.0
2011-06-11 08:48:00,1.43454,1.43454,1.43454,1.43454,0.0
2011-06-11 08:49:00,1.43454,1.43454,1.43454,1.43454,0.0
2011-06-11 08:50:00,1.43454,1.43454,1.43454,1.43454,0.0
2011-06-11 08:51:00,1.43454,1.43454,1.43454,1.43454,0.0
2011-06-11 08:52:00,1.43454,1.43454,1.43454,1.43454,0.0
2011-06-11 08:53:00,1.43454,1.43454,1.43454,1.43454,0.0
2011-06-11 08:54:00,1.43454,1.43454,1.43454,1.43454,0.0
2011-06-11 08:55:00,1.43454,1.43454,1.43454,1.43454,0.0
2011-06-11 08:56:00,1.43454,1.43454,1.43454,1.43454,0.0
2011-06-11 08:57:00,1.43454,1.43454,1.43454,1.43454,0.0
2011-06-11 08:58:00,1.43454,1.43454,1.43454,1.43454,0.0
2011-06-11 08:59:00,1.43454,1.43454,1.43454,1.43454,0.0
2011-06-11 09:00:00,1.43454,1.43454,1.43454,1.43454,0.0
2011-06-11 09:01:00,1.43454,1.43454,1.43454,1.43454,0.0
2011-06-11 09:02:00,1.43454,1.43454,1.43454,1.43454,0.0
2011-06-11 09:03:00,1.43454,1.43454,1.43454,1.43454,0.0
2011-06-11 09:04:00,1.43454,1.43454,1.43454,1.43454,0.0
2011-06-11 09:05:00,1.43454,1.43454,1.43454,1.43454,0.0
2011-06-11 09:06:00,1.43454,1.43454,1.43454,1.43454,0.0
2011-06-11 09:07:00,1.43454,1.43454,1.43454,1.43454,0.0
2011-06-11 09:08:00,1.43454,1.43454,1.43454,1.43454,0.0
2011-06-11 09:09:00,1.43454,1.43454,1.43454,1.43454,0.0
2011-06-11 09:10:00,1.43454,1.43454,1.43454,1.43454,0.0
2011-06-11 09:11:00,1.43454,1.43454,1.43454,1.43454,0.0
2011-06-11 09:12:00,1.43454,1.43454,1.43454,1.43454,0.0
2011-06-11 09:13:00,1.43454,1.43454,1.43454,1.43454,0.0
2011-06-11 09:14:00,1.43454,1.43454,1.43454,1.43454,0.0
2011-06-11 09:15:00,1.43454,1.43454,1.43454,1.43454,0.0
2011-06-11 09:16:00,1.43454,1.43454,1.43454,1.43454,0.0
2011-06-11 09:17:00,1.43454,1.43454,1.43454,1.43454,0.0
2011-06-11 09:18:00,1.43454,1.43454,1.43454,1.43454,0.0
2011-06-11 09:19:00,1.43454,1.43454,1.43454,1.43454,0.0
2011-06-11 09:20:00,1.43454,1.43454,1.43454,1.43454,0.0
2011-06-11 09:21:00,1.43454,1.43454,1.43454,1.43454,0.0
2011-06-11 09:22:00,1.43454,1.43454,1.43454,1.43454,0.0
2011-06-11 09:23:00,1.43454,1.43454,1.43454,1.43454,0.0
2011-06-11 09:24:00,1.43454,1.43454,1.43454,1.43454,0.0
2011-06-11 09:25:00,1.43454,1.43454,1.43454,1.43454,0.0
2011-06-11 09:26:00,1.43454,1.43454,1.43454,1.43454,0.0
2011-06-11 09:27:00,1.43454,1.43454,1.43454,1.43454,0.0
2011-06-11 09:28:00,1.43454,1.43454,1.43454,1.43454,0.0
2011-06-11 09:29:00,1.43454,1.43454,1.43454,1.43454,0.0
2011-06-11 09:30:00,1.43454,1.43454,1.43454,1.43454,0.0
2011-06-11 09:31:00,1.43454,1.43454,1.43454,1.43454,0.0
2011-06-11 09:32:00,1.43454,1.43454,1.43454,1.43454,0.0
2011-06-11 09:33:00,1.43454,1.43454,1.43454,1.43454,0.0
2011-06-11 09:34:00,1.43454,1.43454,1.43454,1.43454,0.0
2011-06-11 09:35:00,1.43454,1.43454,1.43454,1.43454,0.0
2011-06-11 09:36:00,1.43454,1.43454,1.43454,1.43454,0.0
2011-06-11 09:37:00,1.43454,1.43454,1.43454,1.43454,0.0
2011-06-11 09:38:00,1.43454,1.43454,1.43454,1.43454,0.0
2011-06-11 09:39:00,1.43454,1.43454,1.43454,1.43454,0.0
2011-06-11 09:40:00,1.43454,1.43454,1.43454,1.43454,0.0
2011-06-11 09:41:00,1.43454,1.43454,1.43454,1.43454,0.0
2011-06-11 09:42:00,1.43454,1.43454,1.43454,1.43454,0.0
2011-06-11 09:43:00,1.43454,1.43454,1.43454,1.43454,0.0
2011-06-11 09:44:00,1.43454,1.43454,1.43454,1.43454,0.0
2011-06-11 09:45:00,1.43454,1.43454,1.43454,1.43454,0.0
2011-06-11 09:46:00,1.43454,1.43454,1.43454,1.43454,0.0
2011-06-11 09:47:00,1.43454,1.43454,1.43454,1.43454,0.0
2011-06-11 09:48:00,1.43454,1.43454,1.43454,1.43454,0.0
2011-06-11 09:49:00,1.43454,1.43454,1.43454,1.43454,0.0
2011-06-11 09:50:00,1.43454,1.43454,1.43454,1.43454,0.0
2011-06-11 09:51:00,1.43454,1.43454,1.43454,1.43454,0.0
2011-06-11 09:52:00,1.43454,1.43454,1.43454,1.43454,0.0
2011-06-11 09:53:00,1.43454,1.43454,1.43454,1.43454,0.0
2011-06-11 09:54:00,1.43454,1.43454,1.43454,1.43454,0.0
2011-06-11 09:55:00,1.43454,1.43454,1.43454,1.43454,0.0
2011-06-11 09:56:00,1.43454,1.43454,1.43454,1.43454,0.0
2011-06-11 09:57:00,1.43454,1.43454,1.43454,1.43454,0.0
2011-06-11 09:58:00,1.43454,1.43454,1.43454,1.43454,0.0
2011-06-11 09:59:00,1.43454,1.43454,1.43454,1.43454,0.0
2011-06-11 10:00:00,1.43454,1.43454,1.43454,1.43454,0.0
2011-06-11 10:01:00,1.43454,1.43454,1.43454,1.43454,0.0
2011-06-11 10:02:00,1.43454,1.43454,1.43454,1.43454,0.0
2011-06-11 10:03:00,1.43454,1.43454,1.43454,1.43454,0.0
2011-06-11 10:04:00,1.43454,1.43454,1.43454,1.43454,0.0
2011-06-11 10:05:00,1.43454,1.43454,1.43454,1.43454,0.0
2011-06-11 10:06:00,1.43454,1.43454,1.43454,1.43454,0.0
2011-06-11 10:07:00,1.43454,1.43454,1.43454,1.43454,0.0
2011-06-11 10:08:00,1.43454,1.43454,1.43454,1.43454,0.0
2011-06-11 10:09:00,1.43454,1.43454,1.43454,1.43454,0.0
2011-06-11 10:10:00,1.43454,1.43454,1.43454,1.43454,0.0
2011-06-11 10:11:00,1.43454,1.43454,1.43454,1.43454,0.0
2011-06-11 10:12:00,1.43454,1.43454,1.43454,1.43454,0.0
2011-06-11 10:13:00,1.43454,1.43454,1.43454,1.43454,0.0
2011-06-11 10:14:00,1.43454,1.43454,1.43454,1.43454,0.0
2011-06-11 10:15:00,1.43454,1.43454,1.43454,1.43454,0.0
2011-06-11 10:16:00,1.43454,1.43454,1.43454,1.43454,0.0
2011-06-11 10:17:00,1.43454,1.43454,1.43454,1.43454,0.0
2011-06-11 10:18:00,1.43454,1.43454,1.43454,1.43454,0.0
2011-06-11 10:19:00,1.43454,1.43454,1.43454,1.43454,0.0
2011-06-11 10:20:00,1.43454,1.43454,1.43454,1.43454,0.0
2011-06-11 10:21:00,1.43454,1.43454,1.43454,1.43454,0.0
2011-06-11 10:22:00,1.43454,1.43454,1.43454,1.43454,0.0
2011-06-11 10:23:00,1.43454,1.43454,1.43454,1.43454,0.0
2011-06-11 10:24:00,1.43454,1.43454,1.43454,1.43454,0.0
2011-06-11 10:25:00,1.43454,1.43454,1.43454,1.43454,0.0
2011-06-11 10:26:00,1.43454,1.43454,1.43454,1.43454,0.0
2011-06-11 10:27:00,1.43454,1.43454,1.43454,1.43454,0.0
2011-06-11 10:28:00,1.43454,1.43454,1.43454,1.43454,0.0
2011-06-11 10:29:00,1.43454,1.43454,1.43454,1.43454,0.0
2011-06-11 10:30:00,1.43454,1.43454,1.43454,1.43454,0.0
2011-06-11 10:31:00,1.43454,1.43454,1.43454,1.43454,0.0
2011-06-11 10:32:00,1.43454,1.43454,1.43454,1.43454,0.0
2011-06-11 10:33:00,1.43454,1.43454,1.43454,1.43454,0.0
2011-06-11 10:34:00,1.43454,1.43454,1.43454,1.43454,0.0
2011-06-11 10:35:00,1.43454,1.43454,1.43454,1.43454,0.0
2011-06-11 10:36:00,1.43454,1.43454,1.43454,1.43454,0.0
2011-06-11 10:37:00,1.43454,1.43454,1.43454,1.43454,0.0
2011-06-11 10:38:00,1.43454,1.43454,1.43454,1.43454,0.0
2011-06-11 10:39:00,1.43454,1.43454,1.43454,1.43454,0.0
2011-06-11 10:40:00,1.43454,1.43454,1.43454,1.43454,0.0
2011-06-11 10:41:00,1.43454,1.43454,1.43454,1.43454,0.0
2011-06-11 10:42:00,1.43454,1.43454,1.43454,1.43454,0.0
2011-06-11 10:43:00,1.43454,1.43454,1.43454,1.43454,0.0
2011-06-11 10:44:00,1.43454,1.43454,1.43454,1.43454,0.0
2011-06-11 10:45:00,1.43454,1.43454,1.43454,1.43454,0.0
2011-06-11 10:46:00,1.43454,1.43454,1.43454,1.43454,0.0
2011-06-11 10:47:00,1.43454,1.43454,1.43454,1.43454,0.0
2011-06-11 10:48:00,1.43454,1.43454,1.43454,1.43454,0.0
2011-06-11 10:49:00,1.43454,1.43454,1.43454,1.43454,0.0
2011-06-11 10:50:00,1.43454,1.43454,1.43454,1.43454,0.0
2011-06-11 10:51:00,1.43454,1.43454,1.43454,1.43454,0.0
2011-06-11 10:52:00,1.43454,1.43454,1.43454,1.43454,0.0
2011-06-11 10:53:00,1.43454,1.43454,1.43454,1.43454,0.0
2011-06-11 10:54:00,1.43454,1.43454,1.43454,1.43454,0.0
2011-06-11 10:55:00,1.43454,1.43454,1.43454,1.43454,0.0
2011-06-11 10:56:00,1.43454,1.43454,1.43454,1.43454,0.0
2011-06-11 10:57:00,1.43454,1.43454,1.43454,1.43454,0.0
2011-06-11 10:58:00,1.43454,1.43454,1.43454,1.43454,0.0
2011-06-11 10:59:00,1.43454,1.43454,1.43454,1.43454,0.0
2011-06-11 11:00:00,1.43454,1.43454,1.43454,1.43454,0.0
2011-06-11 11:01:00,1.43454,1.43454,1.43454,1.43454,0.0
2011-06-11 11:02:00,1.43454,1.43454,1.43454,1.43454,0.0
2011-06-11 11:03:00,1.43454,1.43454,1.43454,1.43454,0.0
2011-06-11 11:04:00,1.43454,1.43454,1.43454,1.43454,0.0
2011-06-11 11:05:00,1.43454,1.43454,1.43454,1.43454,0.0
2011-06-11 11:06:00,1.43454,1.43454,1.43454,1.43454,0.0
2011-06-11 11:07:00,1.43454,1.43454,1.43454,1.43454,0.0
2011-06-11 11:08:00,1.43454,1.43454,1.43454,1.43454,0.0
2011-06-11 11:09:00,1.43454,1.43454,1.43454,1.43454,0.0
2011-06-11 11:10:00,1.43454,1.43454,1.43454,1.43454,0.0
2011-06-11 11:11:00,1.43454,1.43454,1.43454,1.43454,0.0
2011-06-11 11:12:00,1.43454,1.43454,1.43454,1.43454,0.0
2011-06-11 11:13:00,1.43454,1.43454,1.43454,1.43454,0.0
2011-06-11 11:14:00,1.43454,1.43454,1.43454,1.43454,0.0
2011-06-11 11:15:00,1.43454,1.43454,1.43454,1.43454,0.0
2011-06-11 11:16:00,1.43454,1.43454,1.43454,1.43454,0.0
2011-06-11 11:17:00,1.43454,1.43454,1.43454,1.43454,0.0
2011-06-11 11:18:00,1.43454,1.43454,1.43454,1.43454,0.0
2011-06-11 11:19:00,1.43454,1.43454,1.43454,1.43454,0.0
2011-06-11 11:20:00,1.43454,1.43454,1.43454,1.43454,0.0
2011-06-11 11:21:00,1.43454,1.43454,1.43454,1.43454,0.0
2011-06-11 11:22:00,1.43454,1.43454,1.43454,1.43454,0.0
2011-06-11 11:23:00,1.43454,1.43454,1.43454,1.43454,0.0
2011-06-11 11:24:00,1.43454,1.43454,1.43454,1.43454,0.0
2011-06-11 11:25:00,1.43454,1.43454,1.43454,1.43454,0.0
2011-06-11 11:26:00,1.43454,1.43454,1.43454,1.43454,0.0
2011-06-11 11:27:00,1.43454,1.43454,1.43454,1.43454,0.0
2011-06-11 11:28:00,1.43454,1.43454,1.43454,1.43454,0.0
2011-06-11 11:29:00,1.43454,1.43454,1.43454,1.43454,0.0
2011-06-11 11:30:00,1.43454,1.43454,1.43454,1.43454,0.0
2011-06-11 11:31:00,1.43454,1.43454,1.43454,1.43454,0.0
2011-06-11 11:32:00,1.43454,1.43454,1.43454,1.43454,0.0
2011-06-11 11:33:00,1.43454,1.43454,1.43454,1.43454,0.0
2011-06-11 11:34:00,1.43454,1.43454,1.43454,1.43454,0.0
2011-06-11 11:35:00,1.43454,1.43454,1.43454,1.43454,0.0
2011-06-11 11:36:00,1.43454,1.43454,1.43454,1.43454,0.0
2011-06-11 11:37:00,1.43454,1.43454,1.43454,1.43454,0.0
2011-06-11 11:38:00,1.43454,1.43454,1.43454,1.43454,0.0
2011-06-11 11:39:00,1.43454,1.43454,1.43454,1.43454,0.0
2011-06-11 11:40:00,1.43454,1.43454,1.43454,1.43454,0.0
2011-06-11 11:41:00,1.43454,1.43454,1.43454,1.43454,0.0
2011-06-11 11:42:00,1.43454,1.43454,1.43454,1.43454,0.0
2011-06-11 11:43:00,1.43454,1.43454,1.43454,1.43454,0.0
2011-06-11 11:44:00,1.43454,1.43454,1.43454,1.43454,0.0
2011-06-11 11:45:00,1.43454,1.43454,1.43454,1.43454,0.0
2011-06-11 11:46:00,1.43454,1.43454,1.43454,1.43454,0.0
2011-06-11 11:47:00,1.43454,1.43454,1.43454,1.43454,0.0
2011-06-11 11:48:00,1.43454,1.43454,1.43454,1.43454,0.0
2011-06-11 11:49:00,1.43454,1.43454,1.43454,1.43454,0.0
2011-06-11 11:50:00,1.43454,1.43454,1.43454,1.43454,0.0
2011-06-11 11:51:00,1.43454,1.43454,1.43454,1.43454,0.0
2011-06-11 11:52:00,1.43454,1.43454,1.43454,1.43454,0.0
2011-06-11 11:53:00,1.43454,1.43454,1.43454,1.43454,0.0
2011-06-11 11:54:00,1.43454,1.43454,1.43454,1.43454,0.0
2011-06-11 11:55:00,1.43454,1.43454,1.43454,1.43454,0.0
2011-06-11 11:56:00,1.43454,1.43454,1.43454,1.43454,0.0
2011-06-11 11:57:00,1.43454,1.43454,1.43454,1.43454,0.0
2011-06-11 11:58:00,1.43454,1.43454,1.43454,1.43454,0.0
2011-06-11 11:59:00,1.43454,1.43454,1.43454,1.43454,0.0
2011-06-11 12:00:00,1.43454,1.43454,1.43454,1.43454,0.0
2011-06-11 12:01:00,1.43454,1.43454,1.43454,1.43454,0.0
2011-06-11 12:02:00,1.43454,1.43454,1.43454,1.43454,0.0
2011-06-11 12:03:00,1.43454,1.43454,1.43454,1.43454,0.0
2011-06-11 12:04:00,1.43454,1.43454,1.43454,1.43454,0.0
2011-06-11 12:05:00,1.43454,1.43454,1.43454,1.43454,0.0
2011-06-11 12:06:00,1.43454,1.43454,1.43454,1.43454,0.0
2011-06-11 12:07:00,1.43454,1.43454,1.43454,1.43454,0.0
2011-06-11 12:08:00,1.43454,1.43454,1.43454,1.43454,0.0
2011-06-11 12:09:00,1.43454,1.43454,1.43454,1.43454,0.0
2011-06-11 12:10:00,1.43454,1.43454,1.43454,1.43454,0.0
2011-06-11 12:11:00,1.43454,1.43454,1.43454,1.43454,0.0
2011-06-11 12:12:00,1.43454,1.43454,1.43454,1.43454,0.0
2011-06-11 12:13:00,1.43454,1.43454,1.43454,1.43454,0.0
2011-06-11 12:14:00,1.43454,1.43454,1.43454,1.43454,0.0
2011-06-11 12:15:00,1.43454,1.43454,1.43454,1.43454,0.0
2011-06-11 12:16:00,1.43454,1.43454,1.43454,1.43454,0.0
2011-06-11 12:17:00,1.43454,1.43454,1.43454,1.43454,0.0
2011-06-11 12:18:00,1.43454,1.43454,1.43454,1.43454,0.0
2011-06-11 12:19:00,1.43454,1.43454,1.43454,1.43454,0.0
2011-06-11 12:20:00,1.43454,1.43454,1.43454,1.43454,0.0
2011-06-11 12:21:00,1.43454,1.43454,1.43454,1.43454,0.0
2011-06-11 12:22:00,1.43454,1.43454,1.43454,1.43454,0.0
2011-06-11 12:23:00,1.43454,1.43454,1.43454,1.43454,0.0
2011-06-11 12:24:00,1.43454,1.43454,1.43454,1.43454,0.0
2011-06-11 12:25:00,1.43454,1.43454,1.43454,1.43454,0.0
2011-06-11 12:26:00,1.43454,1.43454,1.43454,1.43454,0.0
2011-06-11 12:27:00,1.43454,1.43454,1.43454,1.43454,0.0
2011-06-11 12:28:00,1.43454,1.43454,1.43454,1.43454,0.0
2011-06-11 12:29:00,1.43454,1.43454,1.43454,1.43454,0.0
2011-06-11 12:30:00,1.43454,1.43454,1.43454,1.43454,0.0
2011-06-11 12:31:00,1.43454,1.43454,1.43454,1.43454,0.0
2011-06-11 12:32:00,1.43454,1.43454,1.43454,1.43454,0.0
2011-06-11 12:33:00,1.43454,1.43454,1.43454,1.43454,0.0
2011-06-11 12:34:00,1.43454,1.43454,1.43454,1.43454,0.0
2011-06-11 12:35:00,1.43454,1.43454,1.43454,1.43454,0.0
2011-06-11 12:36:00,1.43454,1.43454,1.43454,1.43454,0.0
2011-06-11 12:37:00,1.43454,1.43454,1.43454,1.43454,0.0
2011-06-11 12:38:00,1.43454,1.43454,1.43454,1.43454,0.0
2011-06-11 12:39:00,1.43454,1.43454,1.43454,1.43454,0.0
2011-06-11 12:40:00,1.43454,1.43454,1.43454,1.43454,0.0
2011-06-11 12:41:00,1.43454,1.43454,1.43454,1.43454,0.0
2011-06-11 12:42:00,1.43454,1.43454,1.43454,1.43454,0.0
2011-06-11 12:43:00,1.43454,1.43454,1.43454,1.43454,0.0
2011-06-11 12:44:00,1.43454,1.43454,1.43454,1.43454,0.0
2011-06-11 12:45:00,1.43454,1.43454,1.43454,1.43454,0.0
2011-06-11 12:46:00,1.43454,1.43454,1.43454,1.43454,0.0
2011-06-11 12:47:00,1.43454,1.43454,1.43454,1.43454,0.0
2011-06-11 12:48:00,1.43454,1.43454,1.43454,1.43454,0.0
2011-06-11 12:49:00,1.43454,1.43454,1.43454,1.43454,0.0
2011-06-11 12:50:00,1.43454,1.43454,1.43454,1.43454,0.0
2011-06-11 12:51:00,1.43454,1.43454,1.43454,1.43454,0.0
2011-06-11 12:52:00,1.43454,1.43454,1.43454,1.43454,0.0
2011-06-11 12:53:00,1.43454,1.43454,1.43454,1.43454,0.0
2011-06-11 12:54:00,1.43454,1.43454,1.43454,1.43454,0.0
2011-06-11 12:55:00,1.43454,1.43454,1.43454,1.43454,0.0
2011-06-11 12:56:00,1.43454,1.43454,1.43454,1.43454,0.0
2011-06-11 12:57:00,1.43454,1.43454,1.43454,1.43454,0.0
2011-06-11 12:58:00,1.43454,1.43454,1.43454,1.43454,0.0
2011-06-11 12:59:00,1.43454,1.43454,1.43454,1.43454,0.0
2011-06-11 13:00:00,1.43454,1.43454,1.43454,1.43454,0.0
2011-06-11 13:01:00,1.43454,1.43454,1.43454,1.43454,0.0
2011-06-11 13:02:00,1.43454,1.43454,1.43454,1.43454,0.0
2011-06-11 13:03:00,1.43454,1.43454,1.43454,1.43454,0.0
2011-06-11 13:04:00,1.43454,1.43454,1.43454,1.43454,0.0
2011-06-11 13:05:00,1.43454,1.43454,1.43454,1.43454,0.0
2011-06-11 13:06:00,1.43454,1.43454,1.43454,1.43454,0.0
2011-06-11 13:07:00,1.43454,1.43454,1.43454,1.43454,0.0
2011-06-11 13:08:00,1.43454,1.43454,1.43454,1.43454,0.0
2011-06-11 13:09:00,1.43454,1.43454,1.43454,1.43454,0.0
2011-06-11 13:10:00,1.43454,1.43454,1.43454,1.43454,0.0
2011-06-11 13:11:00,1.43454,1.43454,1.43454,1.43454,0.0
2011-06-11 13:12:00,1.43454,1.43454,1.43454,1.43454,0.0
2011-06-11 13:13:00,1.43454,1.43454,1.43454,1.43454,0.0
2011-06-11 13:14:00,1.43454,1.43454,1.43454,1.43454,0.0
2011-06-11 13:15:00,1.43454,1.43454,1.43454,1.43454,0.0
2011-06-11 13:16:00,1.43454,1.43454,1.43454,1.43454,0.0
2011-06-11 13:17:00,1.43454,1.43454,1.43454,1.43454,0.0
2011-06-11 13:18:00,1.43454,1.43454,1.43454,1.43454,0.0
2011-06-11 13:19:00,1.43454,1.43454,1.43454,1.43454,0.0
2011-06-11 13:20:00,1.43454,1.43454,1.43454,1.43454,0.0
2011-06-11 13:21:00,1.43454,1.43454,1.43454,1.43454,0.0
2011-06-11 13:22:00,1.43454,1.43454,1.43454,1.43454,0.0
2011-06-11 13:23:00,1.43454,1.43454,1.43454,1.43454,0.0
2011-06-11 13:24:00,1.43454,1.43454,1.43454,1.43454,0.0
2011-06-11 13:25:00,1.43454,1.43454,1.43454,1.43454,0.0
2011-06-11 13:26:00,1.43454,1.43454,1.43454,1.43454,0.0
2011-06-11 13:27:00,1.43454,1.43454,1.43454,1.43454,0.0
2011-06-11 13:28:00,1.43454,1.43454,1.43454,1.43454,0.0
2011-06-11 13:29:00,1.43454,1.43454,1.43454,1.43454,0.0
2011-06-11 13:30:00,1.43454,1.43454,1.43454,1.43454,0.0
2011-06-11 13:31:00,1.43454,1.43454,1.43454,1.43454,0.0
2011-06-11 13:32:00,1.43454,1.43454,1.43454,1.43454,0.0
2011-06-11 13:33:00,1.43454,1.43454,1.43454,1.43454,0.0
2011-06-11 13:34:00,1.43454,1.43454,1.43454,1.43454,0.0
2011-06-11 13:35:00,1.43454,1.43454,1.43454,1.43454,0.0
2011-06-11 13:36:00,1.43454,1.43454,1.43454,1.43454,0.0
2011-06-11 13:37:00,1.43454,1.43454,1.43454,1.43454,0.0
2011-06-11 13:38:00,1.43454,1.43454,1.43454,1.43454,0.0
2011-06-11 13:39:00,1.43454,1.43454,1.43454,1.43454,0.0
2011-06-11 13:40:00,1.43454,1.43454,1.43454,1.43454,0.0
2011-06-11 13:41:00,1.43454,1.43454,1.43454,1.43454,0.0
2011-06-11 13:42:00,1.43454,1.43454,1.43454,1.43454,0.0
2011-06-11 13:43:00,1.43454,1.43454,1.43454,1.43454,0.0
2011-06-11 13:44:00,1.43454,1.43454,1.43454,1.43454,0.0
2011-06-11 13:45:00,1.43454,1.43454,1.43454,1.43454,0.0
2011-06-11 13:46:00,1.43454,1.43454,1.43454,1.43454,0.0
2011-06-11 13:47:00,1.43454,1.43454,1.43454,1.43454,0.0
2011-06-11 13:48:00,1.43454,1.43454,1.43454,1.43454,0.0
2011-06-11 13:49:00,1.43454,1.43454,1.43454,1.43454,0.0
2011-06-11 13:50:00,1.43454,1.43454,1.43454,1.43454,0.0
2011-06-11 13:51:00,1.43454,1.43454,1.43454,1.43454,0.0
2011-06-11 13:52:00,1.43454,1.43454,1.43454,1.43454,0.0
2011-06-11 13:53:00,1.43454,1.43454,1.43454,1.43454,0.0
2011-06-11 13:54:00,1.43454,1.43454,1.43454,1.43454,0.0
2011-06-11 13:55:00,1.43454,1.43454,1.43454,1.43454,0.0
2011-06-11 13:56:00,1.43454,1.43454,1.43454,1.43454,0.0
2011-06-11 13:57:00,1.43454,1.43454,1.43454,1.43454,0.0
2011-06-11 13:58:00,1.43454,1.43454,1.43454,1.43454,0.0
2011-06-11 13:59:00,1.43454,1.43454,1.43454,1.43454,0.0
2011-06-11 14:00:00,1.43454,1.43454,1.43454,1.43454,0.0
2011-06-11 14:01:00,1.43454,1.43454,1.43454,1.43454,0.0
2011-06-11 14:02:00,1.43454,1.43454,1.43454,1.43454,0.0
2011-06-11 14:03:00,1.43454,1.43454,1.43454,1.43454,0.0
2011-06-11 14:04:00,1.43454,1.43454,1.43454,1.43454,0.0
2011-06-11 14:05:00,1.43454,1.43454,1.43454,1.43454,0.0
2011-06-11 14:06:00,1.43454,1.43454,1.43454,1.43454,0.0
2011-06-11 14:07:00,1.43454,1.43454,1.43454,1.43454,0.0
2011-06-11 14:08:00,1.43454,1.43454,1.43454,1.43454,0.0
2011-06-11 14:09:00,1.43454,1.43454,1.43454,1.43454,0.0
2011-06-11 14:10:00,1.43454,1.43454,1.43454,1.43454,0.0
2011-06-11 14:11:00,1.43454,1.43454,1.43454,1.43454,0.0
2011-06-11 14:12:00,1.43454,1.43454,1.43454,1.43454,0.0
2011-06-11 14:13:00,1.43454,1.43454,1.43454,1.43454,0.0
2011-06-11 14:14:00,1.43454,1.43454,1.43454,1.43454,0.0
2011-06-11 14:15:00,1.43454,1.43454,1.43454,1.43454,0.0
2011-06-11 14:16:00,1.43454,1.43454,1.43454,1.43454,0.0
2011-06-11 14:17:00,1.43454,1.43454,1.43454,1.43454,0.0
2011-06-11 14:18:00,1.43454,1.43454,1.43454,1.43454,0.0
2011-06-11 14:19:00,1.43454,1.43454,1.43454,1.43454,0.0
2011-06-11 14:20:00,1.43454,1.43454,1.43454,1.43454,0.0
2011-06-11 14:21:00,1.43454,1.43454,1.43454,1.43454,0.0
2011-06-11 14:22:00,1.43454,1.43454,1.43454,1.43454,0.0
2011-06-11 14:23:00,1.43454,1.43454,1.43454,1.43454,0.0
2011-06-11 14:24:00,1.43454,1.43454,1.43454,1.43454,0.0
2011-06-11 14:25:00,1.43454,1.43454,1.43454,1.43454,0.0
2011-06-11 14:26:00,1.43454,1.43454,1.43454,1.43454,0.0
2011-06-11 14:27:00,1.43454,1.43454,1.43454,1.43454,0.0
2011-06-11 14:28:00,1.43454,1.43454,1.43454,1.43454,0.0
2011-06-11 14:29:00,1.43454,1.43454,1.43454,1.43454,0.0
2011-06-11 14:30:00,1.43454,1.43454,1.43454,1.43454,0.0
2011-06-11 14:31:00,1.43454,1.43454,1.43454,1.43454,0.0
2011-06-11 14:32:00,1.43454,1.43454,1.43454,1.43454,0.0
2011-06-11 14:33:00,1.43454,1.43454,1.43454,1.43454,0.0
2011-06-11 14:34:00,1.43454,1.43454,1.43454,1.43454,0.0
2011-06-11 14:35:00,1.43454,1.43454,1.43454,1.43454,0.0
2011-06-11 14:36:00,1.43454,1.43454,1.43454,1.43454,0.0
2011-06-11 14:37:00,1.43454,1.43454,1.43454,1.43454,0.0
2011-06-11 14:38:00,1.43454,1.43454,1.43454,1.43454,0.0
2011-06-11 14:39:00,1.43454,1.43454,1.43454,1.43454,0.0
2011-06-11 14:40:00,1.43454,1.43454,1.43454,1.43454,0.0
2011-06-11 14:41:00,1.43454,1.43454,1.43454,1.43454,0.0
2011-06-11 14:42:00,1.43454,1.43454,1.43454,1.43454,0.0
2011-06-11 14:43:00,1.43454,1.43454,1.43454,1.43454,0.0
2011-06-11 14:44:00,1.43454,1.43454,1.43454,1.43454,0.0
2011-06-11 14:45:00,1.43454,1.43454,1.43454,1.43454,0.0
2011-06-11 14:46:00,1.43454,1.43454,1.43454,1.43454,0.0
2011-06-11 14:47:00,1.43454,1.43454,1.43454,1.43454,0.0
2011-06-11 14:48:00,1.43454,1.43454,1.43454,1.43454,0.0
2011-06-11 14:49:00,1.43454,1.43454,1.43454,1.43454,0.0
2011-06-11 14:50:00,1.43454,1.43454,1.43454,1.43454,0.0
2011-06-11 14:51:00,1.43454,1.43454,1.43454,1.43454,0.0
2011-06-11 14:52:00,1.43454,1.43454,1.43454,1.43454,0.0
2011-06-11 14:53:00,1.43454,1.43454,1.43454,1.43454,0.0
2011-06-11 14:54:00,1.43454,1.43454,1.43454,1.43454,0.0
2011-06-11 14:55:00,1.43454,1.43454,1.43454,1.43454,0.0
2011-06-11 14:56:00,1.43454,1.43454,1.43454,1.43454,0.0
2011-06-11 14:57:00,1.43454,1.43454,1.43454,1.43454,0.0
2011-06-11 14:58:00,1.43454,1.43454,1.43454,1.43454,0.0
2011-06-11 14:59:00,1.43454,1.43454,1.43454,1.43454,0.0
2011-06-11 15:00:00,1.43454,1.43454,1.43454,1.43454,0.0
2011-06-11 15:01:00,1.43454,1.43454,1.43454,1.43454,0.0
2011-06-11 15:02:00,1.43454,1.43454,1.43454,1.43454,0.0
2011-06-11 15:03:00,1.43454,1.43454,1.43454,1.43454,0.0
2011-06-11 15:04:00,1.43454,1.43454,1.43454,1.43454,0.0
2011-06-11 15:05:00,1.43454,1.43454,1.43454,1.43454,0.0
2011-06-11 15:06:00,1.43454,1.43454,1.43454,1.43454,0.0
2011-06-11 15:07:00,1.43454,1.43454,1.43454,1.43454,0.0
2011-06-11 15:08:00,1.43454,1.43454,1.43454,1.43454,0.0
2011-06-11 15:09:00,1.43454,1.43454,1.43454,1.43454,0.0
2011-06-11 15:10:00,1.43454,1.43454,1.43454,1.43454,0.0
2011-06-11 15:11:00,1.43454,1.43454,1.43454,1.43454,0.0
2011-06-11 15:12:00,1.43454,1.43454,1.43454,1.43454,0.0
2011-06-11 15:13:00,1.43454,1.43454,1.43454,1.43454,0.0
2011-06-11 15:14:00,1.43454,1.43454,1.43454,1.43454,0.0
2011-06-11 15:15:00,1.43454,1.43454,1.43454,1.43454,0.0
2011-06-11 15:16:00,1.43454,1.43454,1.43454,1.43454,0.0
2011-06-11 15:17:00,1.43454,1.43454,1.43454,1.43454,0.0
2011-06-11 15:18:00,1.43454,1.43454,1.43454,1.43454,0.0
2011-06-11 15:19:00,1.43454,1.43454,1.43454,1.43454,0.0
2011-06-11 15:20:00,1.43454,1.43454,1.43454,1.43454,0.0
2011-06-11 15:21:00,1.43454,1.43454,1.43454,1.43454,0.0
2011-06-11 15:22:00,1.43454,1.43454,1.43454,1.43454,0.0
2011-06-11 15:23:00,1.43454,1.43454,1.43454,1.43454,0.0
2011-06-11 15:24:00,1.43454,1.43454,1.43454,1.43454,0.0
2011-06-11 15:25:00,1.43454,1.43454,1.43454,1.43454,0.0
2011-06-11 15:26:00,1.43454,1.43454,1.43454,1.43454,0.0
2011-06-11 15:27:00,1.43454,1.43454,1.43454,1.43454,0.0
2011-06-11 15:28:00,1.43454,1.43454,1.43454,1.43454,0.0
2011-06-11 15:29:00,1.43454,1.43454,1.43454,1.43454,0.0
2011-06-11 15:30:00,1.43454,1.43454,1.43454,1.43454,0.0
2011-06-11 15:31:00,1.43454,1.43454,1.43454,1.43454,0.0
2011-06-11 15:32:00,1.43454,1.43454,1.43454,1.43454,0.0
2011-06-11 15:33:00,1.43454,1.43454,1.43454,1.43454,0.0
2011-06-11 15:34:00,1.43454,1.43454,1.43454,1.43454,0.0
2011-06-11 15:35:00,1.43454,1.43454,1.43454,1.43454,0.0
2011-06-11 15:36:00,1.43454,1.43454,1.43454,1.43454,0.0
2011-06-11 15:37:00,1.43454,1.43454,1.43454,1.43454,0.0
2011-06-11 15:38:00,1.43454,1.43454,1.43454,1.43454,0.0
2011-06-11 15:39:00,1.43454,1.43454,1.43454,1.43454,0.0
2011-06-11 15:40:00,1.43454,1.43454,1.43454,1.43454,0.0
2011-06-11 15:41:00,1.43454,1.43454,1.43454,1.43454,0.0
2011-06-11 15:42:00,1.43454,1.43454,1.43454,1.43454,0.0
2011-06-11 15:43:00,1.43454,1.43454,1.43454,1.43454,0.0
2011-06-11 15:44:00,1.43454,1.43454,1.43454,1.43454,0.0
2011-06-11 15:45:00,1.43454,1.43454,1.43454,1.43454,0.0
2011-06-11 15:46:00,1.43454,1.43454,1.43454,1.43454,0.0
2011-06-11 15:47:00,1.43454,1.43454,1.43454,1.43454,0.0
2011-06-11 15:48:00,1.43454,1.43454,1.43454,1.43454,0.0
2011-06-11 15:49:00,1.43454,1.43454,1.43454,1.43454,0.0
2011-06-11 15:50:00,1.43454,1.43454,1.43454,1.43454,0.0
2011-06-11 15:51:00,1.43454,1.43454,1.43454,1.43454,0.0
2011-06-11 15:52:00,1.43454,1.43454,1.43454,1.43454,0.0
2011-06-11 15:53:00,1.43454,1.43454,1.43454,1.43454,0.0
2011-06-11 15:54:00,1.43454,1.43454,1.43454,1.43454,0.0
2011-06-11 15:55:00,1.43454,1.43454,1.43454,1.43454,0.0
2011-06-11 15:56:00,1.43454,1.43454,1.43454,1.43454,0.0
2011-06-11 15:57:00,1.43454,1.43454,1.43454,1.43454,0.0
2011-06-11 15:58:00,1.43454,1.43454,1.43454,1.43454,0.0
2011-06-11 15:59:00,1.43454,1.43454,1.43454,1.43454,0.0
2011-06-11 16:00:00,1.43454,1.43454,1.43454,1.43454,0.0
2011-06-11 16:01:00,1.43454,1.43454,1.43454,1.43454,0.0
2011-06-11 16:02:00,1.43454,1.43454,1.43454,1.43454,0.0
2011-06-11 16:03:00,1.43454,1.43454,1.43454,1.43454,0.0
2011-06-11 16:04:00,1.43454,1.43454,1.43454,1.43454,0.0
2011-06-11 16:05:00,1.43454,1.43454,1.43454,1.43454,0.0
2011-06-11 16:06:00,1.43454,1.43454,1.43454,1.43454,0.0
2011-06-11 16:07:00,1.43454,1.43454,1.43454,1.43454,0.0
2011-06-11 16:08:00,1.43454,1.43454,1.43454,1.43454,0.0
2011-06-11 16:09:00,1.43454,1.43454,1.43454,1.43454,0.0
2011-06-11 16:10:00,1.43454,1.43454,1.43454,1.43454,0.0
2011-06-11 16:11:00,1.43454,1.43454,1.43454,1.43454,0.0
2011-06-11 16:12:00,1.43454,1.43454,1.43454,1.43454,0.0
2011-06-11 16:13:00,1.43454,1.43454,1.43454,1.43454,0.0
2011-06-11 16:14:00,1.43454,1.43454,1.43454,1.43454,0.0
2011-06-11 16:15:00,1.43454,1.43454,1.43454,1.43454,0.0
2011-06-11 16:16:00,1.43454,1.43454,1.43454,1.43454,0.0
2011-06-11 16:17:00,1.43454,1.43454,1.43454,1.43454,0.0
2011-06-11 16:18:00,1.43454,1.43454,1.43454,1.43454,0.0
2011-06-11 16:19:00,1.43454,1.43454,1.43454,1.43454,0.0
2011-06-11 16:20:00,1.43454,1.43454,1.43454,1.43454,0.0
2011-06-11 16:21:00,1.43454,1.43454,1.43454,1.43454,0.0
2011-06-11 16:22:00,1.43454,1.43454,1.43454,1.43454,0.0
2011-06-11 16:23:00,1.43454,1.43454,1.43454,1.43454,0.0
2011-06-11 16:24:00,1.43454,1.43454,1.43454,1.43454,0.0
2011-06-11 16:25:00,1.43454,1.43454,1.43454,1.43454,0.0
2011-06-11 16:26:00,1.43454,1.43454,1.43454,1.43454,0.0
2011-06-11 16:27:00,1.43454,1.43454,1.43454,1.43454,0.0
2011-06-11 16:28:00,1.43454,1.43454,1.43454,1.43454,0.0
2011-06-11 16:29:00,1.43454,1.43454,1.43454,1.43454,0.0
2011-06-11 16:30:00,1.43454,1.43454,1.43454,1.43454,0.0
2011-06-11 16:31:00,1.43454,1.43454,1.43454,1.43454,0.0
2011-06-11 16:32:00,1.43454,1.43454,1.43454,1.43454,0.0
2011-06-11 16:33:00,1.43454,1.43454,1.43454,1.43454,0.0
2011-06-11 16:34:00,1.43454,1.43454,1.43454,1.43454,0.0
2011-06-11 16:35:00,1.43454,1.43454,1.43454,1.43454,0.0
2011-06-11 16:36:00,1.43454,1.43454,1.43454,1.43454,0.0
2011-06-11 16:37:00,1.43454,1.43454,1.43454,1.43454,0.0
2011-06-11 16:38:00,1.43454,1.43454,1.43454,1.43454,0.0
2011-06-11 16:39:00,1.43454,1.43454,1.43454,1.43454,0.0
2011-06-11 16:40:00,1.43454,1.43454,1.43454,1.43454,0.0
2011-06-11 16:41:00,1.43454,1.43454,1.43454,1.43454,0.0
2011-06-11 16:42:00,1.43454,1.43454,1.43454,1.43454,0.0
2011-06-11 16:43:00,1.43454,1.43454,1.43454,1.43454,0.0
2011-06-11 16:44:00,1.43454,1.43454,1.43454,1.43454,0.0
2011-06-11 16:45:00,1.43454,1.43454,1.43454,1.43454,0.0
2011-06-11 16:46:00,1.43454,1.43454,1.43454,1.43454,0.0
2011-06-11 16:47:00,1.43454,1.43454,1.43454,1.43454,0.0
2011-06-11 16:48:00,1.43454,1.43454,1.43454,1.43454,0.0
2011-06-11 16:49:00,1.43454,1.43454,1.43454,1.43454,0.0
2011-06-11 16:50:00,1.43454,1.43454,1.43454,1.43454,0.0
2011-06-11 16:51:00,1.43454,1.43454,1.43454,1.43454,0.0
2011-06-11 16:52:00,1.43454,1.43454,1.43454,1.43454,0.0
2011-06-11 16:53:00,1.43454,1.43454,1.43454,1.43454,0.0
2011-06-11 16:54:00,1.43454,1.43454,1.43454,1.43454,0.0
2011-06-11 16:55:00,1.43454,1.43454,1.43454,1.43454,0.0
2011-06-11 16:56:00,1.43454,1.43454,1.43454,1.43454,0.0
2011-06-11 16:57:00,1.43454,1.43454,1.43454,1.43454,0.0
2011-06-11 16:58:00,1.43454,1.43454,1.43454,1.43454,0.0
2011-06-11 16:59:00,1.43454,1.43454,1.43454,1.43454,0.0
2011-06-11 17:00:00,1.43454,1.43454,1.43454,1.43454,0.0
2011-06-11 17:01:00,1.43454,1.43454,1.43454,1.43454,0.0
2011-06-11 17:02:00,1.43454,1.43454,1.43454,1.43454,0.0
2011-06-11 17:03:00,1.43454,1.43454,1.43454,1.43454,0.0
2011-06-11 17:04:00,1.43454,1.43454,1.43454,1.43454,0.0
2011-06-11 17:05:00,1.43454,1.43454,1.43454,1.43454,0.0
2011-06-11 17:06:00,1.43454,1.43454,1.43454,1.43454,0.0
2011-06-11 17:07:00,1.43454,1.43454,1.43454,1.43454,0.0
2011-06-11 17:08:00,1.43454,1.43454,1.43454,1.43454,0.0
2011-06-11 17:09:00,1.43454,1.43454,1.43454,1.43454,0.0
2011-06-11 17:10:00,1.43454,1.43454,1.43454,1.43454,0.0
2011-06-11 17:11:00,1.43454,1.43454,1.43454,1.43454,0.0
2011-06-11 17:12:00,1.43454,1.43454,1.43454,1.43454,0.0
2011-06-11 17:13:00,1.43454,1.43454,1.43454,1.43454,0.0
2011-06-11 17:14:00,1.43454,1.43454,1.43454,1.43454,0.0
2011-06-11 17:15:00,1.43454,1.43454,1.43454,1.43454,0.0
2011-06-11 17:16:00,1.43454,1.43454,1.43454,1.43454,0.0
2011-06-11 17:17:00,1.43454,1.43454,1.43454,1.43454,0.0
2011-06-11 17:18:00,1.43454,1.43454,1.43454,1.43454,0.0
2011-06-11 17:19:00,1.43454,1.43454,1.43454,1.43454,0.0
2011-06-11 17:20:00,1.43454,1.43454,1.43454,1.43454,0.0
2011-06-11 17:21:00,1.43454,1.43454,1.43454,1.43454,0.0
2011-06-11 17:22:00,1.43454,1.43454,1.43454,1.43454,0.0
2011-06-11 17:23:00,1.43454,1.43454,1.43454,1.43454,0.0
2011-06-11 17:24:00,1.43454,1.43454,1.43454,1.43454,0.0
2011-06-11 17:25:00,1.43454,1.43454,1.43454,1.43454,0.0
2011-06-11 17:26:00,1.43454,1.43454,1.43454,1.43454,0.0
2011-06-11 17:27:00,1.43454,1.43454,1.43454,1.43454,0.0
2011-06-11 17:28:00,1.43454,1.43454,1.43454,1.43454,0.0
2011-06-11 17:29:00,1.43454,1.43454,1.43454,1.43454,0.0
2011-06-11 17:30:00,1.43454,1.43454,1.43454,1.43454,0.0
2011-06-11 17:31:00,1.43454,1.43454,1.43454,1.43454,0.0
2011-06-11 17:32:00,1.43454,1.43454,1.43454,1.43454,0.0
2011-06-11 17:33:00,1.43454,1.43454,1.43454,1.43454,0.0
2011-06-11 17:34:00,1.43454,1.43454,1.43454,1.43454,0.0
2011-06-11 17:35:00,1.43454,1.43454,1.43454,1.43454,0.0
2011-06-11 17:36:00,1.43454,1.43454,1.43454,1.43454,0.0
2011-06-11 17:37:00,1.43454,1.43454,1.43454,1.43454,0.0
2011-06-11 17:38:00,1.43454,1.43454,1.43454,1.43454,0.0
2011-06-11 17:39:00,1.43454,1.43454,1.43454,1.43454,0.0
2011-06-11 17:40:00,1.43454,1.43454,1.43454,1.43454,0.0
2011-06-11 17:41:00,1.43454,1.43454,1.43454,1.43454,0.0
2011-06-11 17:42:00,1.43454,1.43454,1.43454,1.43454,0.0
2011-06-11 17:43:00,1.43454,1.43454,1.43454,1.43454,0.0
2011-06-11 17:44:00,1.43454,1.43454,1.43454,1.43454,0.0
2011-06-11 17:45:00,1.43454,1.43454,1.43454,1.43454,0.0
2011-06-11 17:46:00,1.43454,1.43454,1.43454,1.43454,0.0
2011-06-11 17:47:00,1.43454,1.43454,1.43454,1.43454,0.0
2011-06-11 17:48:00,1.43454,1.43454,1.43454,1.43454,0.0
2011-06-11 17:49:00,1.43454,1.43454,1.43454,1.43454,0.0
2011-06-11 17:50:00,1.43454,1.43454,1.43454,1.43454,0.0
2011-06-11 17:51:00,1.43454,1.43454,1.43454,1.43454,0.0
2011-06-11 17:52:00,1.43454,1.43454,1.43454,1.43454,0.0
2011-06-11 17:53:00,1.43454,1.43454,1.43454,1.43454,0.0
2011-06-11 17:54:00,1.43454,1.43454,1.43454,1.43454,0.0
2011-06-11 17:55:00,1.43454,1.43454,1.43454,1.43454,0.0
2011-06-11 17:56:00,1.43454,1.43454,1.43454,1.43454,0.0
2011-06-11 17:57:00,1.43454,1.43454,1.43454,1.43454,0.0
2011-06-11 17:58:00,1.43454,1.43454,1.43454,1.43454,0.0
2011-06-11 17:59:00,1.43454,1.43454,1.43454,1.43454,0.0
2011-06-11 18:00:00,1.43454,1.43454,1.43454,1.43454,0.0
2011-06-11 18:01:00,1.43454,1.43454,1.43454,1.43454,0.0
2011-06-11 18:02:00,1.43454,1.43454,1.43454,1.43454,0.0
2011-06-11 18:03:00,1.43454,1.43454,1.43454,1.43454,0.0
2011-06-11 18:04:00,1.43454,1.43454,1.43454,1.43454,0.0
2011-06-11 18:05:00,1.43454,1.43454,1.43454,1.43454,0.0
2011-06-11 18:06:00,1.43454,1.43454,1.43454,1.43454,0.0
2011-06-11 18:07:00,1.43454,1.43454,1.43454,1.43454,0.0
2011-06-11 18:08:00,1.43454,1.43454,1.43454,1.43454,0.0
2011-06-11 18:09:00,1.43454,1.43454,1.43454,1.43454,0.0
2011-06-11 18:10:00,1.43454,1.43454,1.43454,1.43454,0.0
2011-06-11 18:11:00,1.43454,1.43454,1.43454,1.43454,0.0
2011-06-11 18:12:00,1.43454,1.43454,1.43454,1.43454,0.0
2011-06-11 18:13:00,1.43454,1.43454,1.43454,1.43454,0.0
2011-06-11 18:14:00,1.43454,1.43454,1.43454,1.43454,0.0
2011-06-11 18:15:00,1.43454,1.43454,1.43454,1.43454,0.0
2011-06-11 18:16:00,1.43454,1.43454,1.43454,1.43454,0.0
2011-06-11 18:17:00,1.43454,1.43454,1.43454,1.43454,0.0
2011-06-11 18:18:00,1.43454,1.43454,1.43454,1.43454,0.0
2011-06-11 18:19:00,1.43454,1.43454,1.43454,1.43454,0.0
2011-06-11 18:20:00,1.43454,1.43454,1.43454,1.43454,0.0
2011-06-11 18:21:00,1.43454,1.43454,1.43454,1.43454,0.0
2011-06-11 18:22:00,1.43454,1.43454,1.43454,1.43454,0.0
2011-06-11 18:23:00,1.43454,1.43454,1.43454,1.43454,0.0
2011-06-11 18:24:00,1.43454,1.43454,1.43454,1.43454,0.0
2011-06-11 18:25:00,1.43454,1.43454,1.43454,1.43454,0.0
2011-06-11 18:26:00,1.43454,1.43454,1.43454,1.43454,0.0
2011-06-11 18:27:00,1.43454,1.43454,1.43454,1.43454,0.0
2011-06-11 18:28:00,1.43454,1.43454,1.43454,1.43454,0.0
2011-06-11 18:29:00,1.43454,1.43454,1.43454,1.43454,0.0
2011-06-11 18:30:00,1.43454,1.43454,1.43454,1.43454,0.0
2011-06-11 18:31:00,1.43454,1.43454,1.43454,1.43454,0.0
2011-06-11 18:32:00,1.43454,1.43454,1.43454,1.43454,0.0
2011-06-11 18:33:00,1.43454,1.43454,1.43454,1.43454,0.0
2011-06-11 18:34:00,1.43454,1.43454,1.43454,1.43454,0.0
2011-06-11 18:35:00,1.43454,1.43454,1.43454,1.43454,0.0
2011-06-11 18:36:00,1.43454,1.43454,1.43454,1.43454,0.0
2011-06-11 18:37:00,1.43454,1.43454,1.43454,1.43454,0.0
2011-06-11 18:38:00,1.43454,1.43454,1.43454,1.43454,0.0
2011-06-11 18:39:00,1.43454,1.43454,1.43454,1.43454,0.0
2011-06-11 18:40:00,1.43454,1.43454,1.43454,1.43454,0.0
2011-06-11 18:41:00,1.43454,1.43454,1.43454,1.43454,0.0
2011-06-11 18:42:00,1.43454,1.43454,1.43454,1.43454,0.0
2011-06-11 18:43:00,1.43454,1.43454,1.43454,1.43454,0.0
2011-06-11 18:44:00,1.43454,1.43454,1.43454,1.43454,0.0
2011-06-11 18:45:00,1.43454,1.43454,1.43454,1.43454,0.0
2011-06-11 18:46:00,1.43454,1.43454,1.43454,1.43454,0.0
2011-06-11 18:47:00,1.43454,1.43454,1.43454,1.43454,0.0
2011-06-11 18:48:00,1.43454,1.43454,1.43454,1.43454,0.0
2011-06-11 18:49:00,1.43454,1.43454,1.43454,1.43454,0.0
2011-06-11 18:50:00,1.43454,1.43454,1.43454,1.43454,0.0
2011-06-11 18:51:00,1.43454,1.43454,1.43454,1.43454,0.0
2011-06-11 18:52:00,1.43454,1.43454,1.43454,1.43454,0.0
2011-06-11 18:53:00,1.43454,1.43454,1.43454,1.43454,0.0
2011-06-11 18:54:00,1.43454,1.43454,1.43454,1.43454,0.0
2011-06-11 18:55:00,1.43454,1.43454,1.43454,1.43454,0.0
2011-06-11 18:56:00,1.43454,1.43454,1.43454,1.43454,0.0
2011-06-11 18:57:00,1.43454,1.43454,1.43454,1.43454,0.0
2011-06-11 18:58:00,1.43454,1.43454,1.43454,1.43454,0.0
2011-06-11 18:59:00,1.43454,1.43454,1.43454,1.43454,0.0
2011-06-11 19:00:00,1.43454,1.43454,1.43454,1.43454,0.0
2011-06-11 19:01:00,1.43454,1.43454,1.43454,1.43454,0.0
2011-06-11 19:02:00,1.43454,1.43454,1.43454,1.43454,0.0
2011-06-11 19:03:00,1.43454,1.43454,1.43454,1.43454,0.0
2011-06-11 19:04:00,1.43454,1.43454,1.43454,1.43454,0.0
2011-06-11 19:05:00,1.43454,1.43454,1.43454,1.43454,0.0
2011-06-11 19:06:00,1.43454,1.43454,1.43454,1.43454,0.0
2011-06-11 19:07:00,1.43454,1.43454,1.43454,1.43454,0.0
2011-06-11 19:08:00,1.43454,1.43454,1.43454,1.43454,0.0
2011-06-11 19:09:00,1.43454,1.43454,1.43454,1.43454,0.0
2011-06-11 19:10:00,1.43454,1.43454,1.43454,1.43454,0.0
2011-06-11 19:11:00,1.43454,1.43454,1.43454,1.43454,0.0
2011-06-11 19:12:00,1.43454,1.43454,1.43454,1.43454,0.0
2011-06-11 19:13:00,1.43454,1.43454,1.43454,1.43454,0.0
2011-06-11 19:14:00,1.43454,1.43454,1.43454,1.43454,0.0
2011-06-11 19:15:00,1.43454,1.43454,1.43454,1.43454,0.0
2011-06-11 19:16:00,1.43454,1.43454,1.43454,1.43454,0.0
2011-06-11 19:17:00,1.43454,1.43454,1.43454,1.43454,0.0
2011-06-11 19:18:00,1.43454,1.43454,1.43454,1.43454,0.0
2011-06-11 19:19:00,1.43454,1.43454,1.43454,1.43454,0.0
2011-06-11 19:20:00,1.43454,1.43454,1.43454,1.43454,0.0
2011-06-11 19:21:00,1.43454,1.43454,1.43454,1.43454,0.0
2011-06-11 19:22:00,1.43454,1.43454,1.43454,1.43454,0.0
2011-06-11 19:23:00,1.43454,1.43454,1.43454,1.43454,0.0
2011-06-11 19:24:00,1.43454,1.43454,1.43454,1.43454,0.0
2011-06-11 19:25:00,1.43454,1.43454,1.43454,1.43454,0.0
2011-06-11 19:26:00,1.43454,1.43454,1.43454,1.43454,0.0
2011-06-11 19:27:00,1.43454,1.43454,1.43454,1.43454,0.0
2011-06-11 19:28:00,1.43454,1.43454,1.43454,1.43454,0.0
2011-06-11 19:29:00,1.43454,1.43454,1.43454,1.43454,0.0
2011-06-11 19:30:00,1.43454,1.43454,1.43454,1.43454,0.0
2011-06-11 19:31:00,1.43454,1.43454,1.43454,1.43454,0.0
2011-06-11 19:32:00,1.43454,1.43454,1.43454,1.43454,0.0
2011-06-11 19:33:00,1.43454,1.43454,1.43454,1.43454,0.0
2011-06-11 19:34:00,1.43454,1.43454,1.43454,1.43454,0.0
2011-06-11 19:35:00,1.43454,1.43454,1.43454,1.43454,0.0
2011-06-11 19:36:00,1.43454,1.43454,1.43454,1.43454,0.0
2011-06-11 19:37:00,1.43454,1.43454,1.43454,1.43454,0.0
2011-06-11 19:38:00,1.43454,1.43454,1.43454,1.43454,0.0
2011-06-11 19:39:00,1.43454,1.43454,1.43454,1.43454,0.0
2011-06-11 19:40:00,1.43454,1.43454,1.43454,1.43454,0.0
2011-06-11 19:41:00,1.43454,1.43454,1.43454,1.43454,0.0
2011-06-11 19:42:00,1.43454,1.43454,1.43454,1.43454,0.0
2011-06-11 19:43:00,1.43454,1.43454,1.43454,1.43454,0.0
2011-06-11 19:44:00,1.43454,1.43454,1.43454,1.43454,0.0
2011-06-11 19:45:00,1.43454,1.43454,1.43454,1.43454,0.0
2011-06-11 19:46:00,1.43454,1.43454,1.43454,1.43454,0.0
2011-06-11 19:47:00,1.43454,1.43454,1.43454,1.43454,0.0
2011-06-11 19:48:00,1.43454,1.43454,1.43454,1.43454,0.0
2011-06-11 19:49:00,1.43454,1.43454,1.43454,1.43454,0.0
2011-06-11 19:50:00,1.43454,1.43454,1.43454,1.43454,0.0
2011-06-11 19:51:00,1.43454,1.43454,1.43454,1.43454,0.0
2011-06-11 19:52:00,1.43454,1.43454,1.43454,1.43454,0.0
2011-06-11 19:53:00,1.43454,1.43454,1.43454,1.43454,0.0
2011-06-11 19:54:00,1.43454,1.43454,1.43454,1.43454,0.0
2011-06-11 19:55:00,1.43454,1.43454,1.43454,1.43454,0.0
2011-06-11 19:56:00,1.43454,1.43454,1.43454,1.43454,0.0
2011-06-11 19:57:00,1.43454,1.43454,1.43454,1.43454,0.0
2011-06-11 19:58:00,1.43454,1.43454,1.43454,1.43454,0.0
2011-06-11 19:59:00,1.43454,1.43454,1.43454,1.43454,0.0
2011-06-11 20:00:00,1.43454,1.43454,1.43454,1.43454,0.0
2011-06-11 20:01:00,1.43454,1.43454,1.43454,1.43454,0.0
2011-06-11 20:02:00,1.43454,1.43454,1.43454,1.43454,0.0
2011-06-11 20:03:00,1.43454,1.43454,1.43454,1.43454,0.0
2011-06-11 20:04:00,1.43454,1.43454,1.43454,1.43454,0.0
2011-06-11 20:05:00,1.43454,1.43454,1.43454,1.43454,0.0
2011-06-11 20:06:00,1.43454,1.43454,1.43454,1.43454,0.0
2011-06-11 20:07:00,1.43454,1.43454,1.43454,1.43454,0.0
2011-06-11 20:08:00,1.43454,1.43454,1.43454,1.43454,0.0
2011-06-11 20:09:00,1.43454,1.43454,1.43454,1.43454,0.0
2011-06-11 20:10:00,1.43454,1.43454,1.43454,1.43454,0.0
2011-06-11 20:11:00,1.43454,1.43454,1.43454,1.43454,0.0
2011-06-11 20:12:00,1.43454,1.43454,1.43454,1.43454,0.0
2011-06-11 20:13:00,1.43454,1.43454,1.43454,1.43454,0.0
2011-06-11 20:14:00,1.43454,1.43454,1.43454,1.43454,0.0
2011-06-11 20:15:00,1.43454,1.43454,1.43454,1.43454,0.0
2011-06-11 20:16:00,1.43454,1.43454,1.43454,1.43454,0.0
2011-06-11 20:17:00,1.43454,1.43454,1.43454,1.43454,0.0
2011-06-11 20:18:00,1.43454,1.43454,1.43454,1.43454,0.0
2011-06-11 20:19:00,1.43454,1.43454,1.43454,1.43454,0.0
2011-06-11 20:20:00,1.43454,1.43454,1.43454,1.43454,0.0
2011-06-11 20:21:00,1.43454,1.43454,1.43454,1.43454,0.0
2011-06-11 20:22:00,1.43454,1.43454,1.43454,1.43454,0.0
2011-06-11 20:23:00,1.43454,1.43454,1.43454,1.43454,0.0
2011-06-11 20:24:00,1.43454,1.43454,1.43454,1.43454,0.0
2011-06-11 20:25:00,1.43454,1.43454,1.43454,1.43454,0.0
2011-06-11 20:26:00,1.43454,1.43454,1.43454,1.43454,0.0
2011-06-11 20:27:00,1.43454,1.43454,1.43454,1.43454,0.0
2011-06-11 20:28:00,1.43454,1.43454,1.43454,1.43454,0.0
2011-06-11 20:29:00,1.43454,1.43454,1.43454,1.43454,0.0
2011-06-11 20:30:00,1.43454,1.43454,1.43454,1.43454,0.0
2011-06-11 20:31:00,1.43454,1.43454,1.43454,1.43454,0.0
2011-06-11 20:32:00,1.43454,1.43454,1.43454,1.43454,0.0
2011-06-11 20:33:00,1.43454,1.43454,1.43454,1.43454,0.0
2011-06-11 20:34:00,1.43454,1.43454,1.43454,1.43454,0.0
2011-06-11 20:35:00,1.43454,1.43454,1.43454,1.43454,0.0
2011-06-11 20:36:00,1.43454,1.43454,1.43454,1.43454,0.0
2011-06-11 20:37:00,1.43454,1.43454,1.43454,1.43454,0.0
2011-06-11 20:38:00,1.43454,1.43454,1.43454,1.43454,0.0
2011-06-11 20:39:00,1.43454,1.43454,1.43454,1.43454,0.0
2011-06-11 20:40:00,1.43454,1.43454,1.43454,1.43454,0.0
2011-06-11 20:41:00,1.43454,1.43454,1.43454,1.43454,0.0
2011-06-11 20:42:00,1.43454,1.43454,1.43454,1.43454,0.0
2011-06-11 20:43:00,1.43454,1.43454,1.43454,1.43454,0.0
2011-06-11 20:44:00,1.43454,1.43454,1.43454,1.43454,0.0
2011-06-11 20:45:00,1.43454,1.43454,1.43454,1.43454,0.0
2011-06-11 20:46:00,1.43454,1.43454,1.43454,1.43454,0.0
2011-06-11 20:47:00,1.43454,1.43454,1.43454,1.43454,0.0
2011-06-11 20:48:00,1.43454,1.43454,1.43454,1.43454,0.0
2011-06-11 20:49:00,1.43454,1.43454,1.43454,1.43454,0.0
2011-06-11 20:50:00,1.43454,1.43454,1.43454,1.43454,0.0
2011-06-11 20:51:00,1.43454,1.43454,1.43454,1.43454,0.0
2011-06-11 20:52:00,1.43454,1.43454,1.43454,1.43454,0.0
2011-06-11 20:53:00,1.43454,1.43454,1.43454,1.43454,0.0
2011-06-11 20:54:00,1.43454,1.43454,1.43454,1.43454,0.0
2011-06-11 20:55:00,1.43454,1.43454,1.43454,1.43454,0.0
2011-06-11 20:56:00,1.43454,1.43454,1.43454,1.43454,0.0
2011-06-11 20:57:00,1.43454,1.43454,1.43454,1.43454,0.0
2011-06-11 20:58:00,1.43454,1.43454,1.43454,1.43454,0.0
2011-06-11 20:59:00,1.43454,1.43454,1.43454,1.43454,0.0
2011-06-11 21:00:00,1.43454,1.43454,1.43454,1.43454,0.0
2011-06-11 21:01:00,1.43454,1.43454,1.43454,1.43454,0.0
2011-06-11 21:02:00,1.43454,1.43454,1.43454,1.43454,0.0
2011-06-11 21:03:00,1.43454,1.43454,1.43454,1.43454,0.0
2011-06-11 21:04:00,1.43454,1.43454,1.43454,1.43454,0.0
2011-06-11 21:05:00,1.43454,1.43454,1.43454,1.43454,0.0
2011-06-11 21:06:00,1.43454,1.43454,1.43454,1.43454,0.0
2011-06-11 21:07:00,1.43454,1.43454,1.43454,1.43454,0.0
2011-06-11 21:08:00,1.43454,1.43454,1.43454,1.43454,0.0
2011-06-11 21:09:00,1.43454,1.43454,1.43454,1.43454,0.0
2011-06-11 21:10:00,1.43454,1.43454,1.43454,1.43454,0.0
2011-06-11 21:11:00,1.43454,1.43454,1.43454,1.43454,0.0
2011-06-11 21:12:00,1.43454,1.43454,1.43454,1.43454,0.0
2011-06-11 21:13:00,1.43454,1.43454,1.43454,1.43454,0.0
2011-06-11 21:14:00,1.43454,1.43454,1.43454,1.43454,0.0
2011-06-11 21:15:00,1.43454,1.43454,1.43454,1.43454,0.0
2011-06-11 21:16:00,1.43454,1.43454,1.43454,1.43454,0.0
2011-06-11 21:17:00,1.43454,1.43454,1.43454,1.43454,0.0
2011-06-11 21:18:00,1.43454,1.43454,1.43454,1.43454,0.0
2011-06-11 21:19:00,1.43454,1.43454,1.43454,1.43454,0.0
2011-06-11 21:20:00,1.43454,1.43454,1.43454,1.43454,0.0
2011-06-11 21:21:00,1.43454,1.43454,1.43454,1.43454,0.0
2011-06-11 21:22:00,1.43454,1.43454,1.43454,1.43454,0.0
2011-06-11 21:23:00,1.43454,1.43454,1.43454,1.43454,0.0
2011-06-11 21:24:00,1.43454,1.43454,1.43454,1.43454,0.0
2011-06-11 21:25:00,1.43454,1.43454,1.43454,1.43454,0.0
2011-06-11 21:26:00,1.43454,1.43454,1.43454,1.43454,0.0
2011-06-11 21:27:00,1.43454,1.43454,1.43454,1.43454,0.0
2011-06-11 21:28:00,1.43454,1.43454,1.43454,1.43454,0.0
2011-06-11 21:29:00,1.43454,1.43454,1.43454,1.43454,0.0
2011-06-11 21:30:00,1.43454,1.43454,1.43454,1.43454,0.0
2011-06-11 21:31:00,1.43454,1.43454,1.43454,1.43454,0.0
2011-06-11 21:32:00,1.43454,1.43454,1.43454,1.43454,0.0
2011-06-11 21:33:00,1.43454,1.43454,1.43454,1.43454,0.0
2011-06-11 21:34:00,1.43454,1.43454,1.43454,1.43454,0.0
2011-06-11 21:35:00,1.43454,1.43454,1.43454,1.43454,0.0
2011-06-11 21:36:00,1.43454,1.43454,1.43454,1.43454,0.0
2011-06-11 21:37:00,1.43454,1.43454,1.43454,1.43454,0.0
2011-06-11 21:38:00,1.43454,1.43454,1.43454,1.43454,0.0
2011-06-11 21:39:00,1.43454,1.43454,1.43454,1.43454,0.0
2011-06-11 21:40:00,1.43454,1.43454,1.43454,1.43454,0.0
2011-06-11 21:41:00,1.43454,1.43454,1.43454,1.43454,0.0
2011-06-11 21:42:00,1.43454,1.43454,1.43454,1.43454,0.0
2011-06-11 21:43:00,1.43454,1.43454,1.43454,1.43454,0.0
2011-06-11 21:44:00,1.43454,1.43454,1.43454,1.43454,0.0
2011-06-11 21:45:00,1.43454,1.43454,1.43454,1.43454,0.0
2011-06-11 21:46:00,1.43454,1.43454,1.43454,1.43454,0.0
2011-06-11 21:47:00,1.43454,1.43454,1.43454,1.43454,0.0
2011-06-11 21:48:00,1.43454,1.43454,1.43454,1.43454,0.0
2011-06-11 21:49:00,1.43454,1.43454,1.43454,1.43454,0.0
2011-06-11 21:50:00,1.43454,1.43454,1.43454,1.43454,0.0
2011-06-11 21:51:00,1.43454,1.43454,1.43454,1.43454,0.0
2011-06-11 21:52:00,1.43454,1.43454,1.43454,1.43454,0.0
2011-06-11 21:53:00,1.43454,1.43454,1.43454,1.43454,0.0
2011-06-11 21:54:00,1.43454,1.43454,1.43454,1.43454,0.0
2011-06-11 21:55:00,1.43454,1.43454,1.43454,1.43454,0.0
2011-06-11 21:56:00,1.43454,1.43454,1.43454,1.43454,0.0
2011-06-11 21:57:00,1.43454,1.43454,1.43454,1.43454,0.0
2011-06-11 21:58:00,1.43454,1.43454,1.43454,1.43454,0.0
2011-06-11 21:59:00,1.43454,1.43454,1.43454,1.43454,0.0
2011-06-11 22:00:00,1.43454,1.43454,1.43454,1.43454,0.0
2011-06-11 22:01:00,1.43454,1.43454,1.43454,1.43454,0.0
2011-06-11 22:02:00,1.43454,1.43454,1.43454,1.43454,0.0
2011-06-11 22:03:00,1.43454,1.43454,1.43454,1.43454,0.0
2011-06-11 22:04:00,1.43454,1.43454,1.43454,1.43454,0.0
2011-06-11 22:05:00,1.43454,1.43454,1.43454,1.43454,0.0
2011-06-11 22:06:00,1.43454,1.43454,1.43454,1.43454,0.0
2011-06-11 22:07:00,1.43454,1.43454,1.43454,1.43454,0.0
2011-06-11 22:08:00,1.43454,1.43454,1.43454,1.43454,0.0
2011-06-11 22:09:00,1.43454,1.43454,1.43454,1.43454,0.0
2011-06-11 22:10:00,1.43454,1.43454,1.43454,1.43454,0.0
2011-06-11 22:11:00,1.43454,1.43454,1.43454,1.43454,0.0
2011-06-11 22:12:00,1.43454,1.43454,1.43454,1.43454,0.0
2011-06-11 22:13:00,1.43454,1.43454,1.43454,1.43454,0.0
2011-06-11 22:14:00,1.43454,1.43454,1.43454,1.43454,0.0
2011-06-11 22:15:00,1.43454,1.43454,1.43454,1.43454,0.0
2011-06-11 22:16:00,1.43454,1.43454,1.43454,1.43454,0.0
2011-06-11 22:17:00,1.43454,1.43454,1.43454,1.43454,0.0
2011-06-11 22:18:00,1.43454,1.43454,1.43454,1.43454,0.0
2011-06-11 22:19:00,1.43454,1.43454,1.43454,1.43454,0.0
2011-06-11 22:20:00,1.43454,1.43454,1.43454,1.43454,0.0
2011-06-11 22:21:00,1.43454,1.43454,1.43454,1.43454,0.0
2011-06-11 22:22:00,1.43454,1.43454,1.43454,1.43454,0.0
2011-06-11 22:23:00,1.43454,1.43454,1.43454,1.43454,0.0
2011-06-11 22:24:00,1.43454,1.43454,1.43454,1.43454,0.0
2011-06-11 22:25:00,1.43454,1.43454,1.43454,1.43454,0.0
2011-06-11 22:26:00,1.43454,1.43454,1.43454,1.43454,0.0
2011-06-11 22:27:00,1.43454,1.43454,1.43454,1.43454,0.0
2011-06-11 22:28:00,1.43454,1.43454,1.43454,1.43454,0.0
2011-06-11 22:29:00,1.43454,1.43454,1.43454,1.43454,0.0
2011-06-11 22:30:00,1.43454,1.43454,1.43454,1.43454,0.0
2011-06-11 22:31:00,1.43454,1.43454,1.43454,1.43454,0.0
2011-06-11 22:32:00,1.43454,1.43454,1.43454,1.43454,0.0
2011-06-11 22:33:00,1.43454,1.43454,1.43454,1.43454,0.0
2011-06-11 22:34:00,1.43454,1.43454,1.43454,1.43454,0.0
2011-06-11 22:35:00,1.43454,1.43454,1.43454,1.43454,0.0
2011-06-11 22:36:00,1.43454,1.43454,1.43454,1.43454,0.0
2011-06-11 22:37:00,1.43454,1.43454,1.43454,1.43454,0.0
2011-06-11 22:38:00,1.43454,1.43454,1.43454,1.43454,0.0
2011-06-11 22:39:00,1.43454,1.43454,1.43454,1.43454,0.0
2011-06-11 22:40:00,1.43454,1.43454,1.43454,1.43454,0.0
2011-06-11 22:41:00,1.43454,1.43454,1.43454,1.43454,0.0
2011-06-11 22:42:00,1.43454,1.43454,1.43454,1.43454,0.0
2011-06-11 22:43:00,1.43454,1.43454,1.43454,1.43454,0.0
2011-06-11 22:44:00,1.43454,1.43454,1.43454,1.43454,0.0
2011-06-11 22:45:00,1.43454,1.43454,1.43454,1.43454,0.0
2011-06-11 22:46:00,1.43454,1.43454,1.43454,1.43454,0.0
2011-06-11 22:47:00,1.43454,1.43454,1.43454,1.43454,0.0
2011-06-11 22:48:00,1.43454,1.43454,1.43454,1.43454,0.0
2011-06-11 22:49:00,1.43454,1.43454,1.43454,1.43454,0.0
2011-06-11 22:50:00,1.43454,1.43454,1.43454,1.43454,0.0
2011-06-11 22:51:00,1.43454,1.43454,1.43454,1.43454,0.0
2011-06-11 22:52:00,1.43454,1.43454,1.43454,1.43454,0.0
2011-06-11 22:53:00,1.43454,1.43454,1.43454,1.43454,0.0
2011-06-11 22:54:00,1.43454,1.43454,1.43454,1.43454,0.0
2011-06-11 22:55:00,1.43454,1.43454,1.43454,1.43454,0.0
2011-06-11 22:56:00,1.43454,1.43454,1.43454,1.43454,0.0
2011-06-11 22:57:00,1.43454,1.43454,1.43454,1.43454,0.0
2011-06-11 22:58:00,1.43454,1.43454,1.43454,1.43454,0.0
2011-06-11 22:59:00,1.43454,1.43454,1.43454,1.43454,0.0
2011-06-11 23:00:00,1.43454,1.43454,1.43454,1.43454,0.0
2011-06-11 23:01:00,1.43454,1.43454,1.43454,1.43454,0.0
2011-06-11 23:02:00,1.43454,1.43454,1.43454,1.43454,0.0
2011-06-11 23:03:00,1.43454,1.43454,1.43454,1.43454,0.0
2011-06-11 23:04:00,1.43454,1.43454,1.43454,1.43454,0.0
2011-06-11 23:05:00,1.43454,1.43454,1.43454,1.43454,0.0
2011-06-11 23:06:00,1.43454,1.43454,1.43454,1.43454,0.0
2011-06-11 23:07:00,1.43454,1.43454,1.43454,1.43454,0.0
2011-06-11 23:08:00,1.43454,1.43454,1.43454,1.43454,0.0
2011-06-11 23:09:00,1.43454,1.43454,1.43454,1.43454,0.0
2011-06-11 23:10:00,1.43454,1.43454,1.43454,1.43454,0.0
2011-06-11 23:11:00,1.43454,1.43454,1.43454,1.43454,0.0
2011-06-11 23:12:00,1.43454,1.43454,1.43454,1.43454,0.0
2011-06-11 23:13:00,1.43454,1.43454,1.43454,1.43454,0.0
2011-06-11 23:14:00,1.43454,1.43454,1.43454,1.43454,0.0
2011-06-11 23:15:00,1.43454,1.43454,1.43454,1.43454,0.0
2011-06-11 23:16:00,1.43454,1.43454,1.43454,1.43454,0.0
2011-06-11 23:17:00,1.43454,1.43454,1.43454,1.43454,0.0
2011-06-11 23:18:00,1.43454,1.43454,1.43454,1.43454,0.0
2011-06-11 23:19:00,1.43454,1.43454,1.43454,1.43454,0.0
2011-06-11 23:20:00,1.43454,1.43454,1.43454,1.43454,0.0
2011-06-11 23:21:00,1.43454,1.43454,1.43454,1.43454,0.0
2011-06-11 23:22:00,1.43454,1.43454,1.43454,1.43454,0.0
2011-06-11 23:23:00,1.43454,1.43454,1.43454,1.43454,0.0
2011-06-11 23:24:00,1.43454,1.43454,1.43454,1.43454,0.0
2011-06-11 23:25:00,1.43454,1.43454,1.43454,1.43454,0.0
2011-06-11 23:26:00,1.43454,1.43454,1.43454,1.43454,0.0
2011-06-11 23:27:00,1.43454,1.43454,1.43454,1.43454,0.0
2011-06-11 23:28:00,1.43454,1.43454,1.43454,1.43454,0.0
2011-06-11 23:29:00,1.43454,1.43454,1.43454,1.43454,0.0
2011-06-11 23:30:00,1.43454,1.43454,1.43454,1.43454,0.0
2011-06-11 23:31:00,1.43454,1.43454,1.43454,1.43454,0.0
2011-06-11 23:32:00,1.43454,1.43454,1.43454,1.43454,0.0
2011-06-11 23:33:00,1.43454,1.43454,1.43454,1.43454,0.0
2011-06-11 23:34:00,1.43454,1.43454,1.43454,1.43454,0.0
2011-06-11 23:35:00,1.43454,1.43454,1.43454,1.43454,0.0
2011-06-11 23:36:00,1.43454,1.43454,1.43454,1.43454,0.0
2011-06-11 23:37:00,1.43454,1.43454,1.43454,1.43454,0.0
2011-06-11 23:38:00,1.43454,1.43454,1.43454,1.43454,0.0
2011-06-11 23:39:00,1.43454,1.43454,1.43454,1.43454,0.0
2011-06-11 23:40:00,1.43454,1.43454,1.43454,1.43454,0.0
2011-06-11 23:41:00,1.43454,1.43454,1.43454,1.43454,0.0
2011-06-11 23:42:00,1.43454,1.43454,1.43454,1.43454,0.0
2011-06-11 23:43:00,1.43454,1.43454,1.43454,1.43454,0.0
2011-06-11 23:44:00,1.43454,1.43454,1.43454,1.43454,0.0
2011-06-11 23:45:00,1.43454,1.43454,1.43454,1.43454,0.0
2011-06-11 23:46:00,1.43454,1.43454,1.43454,1.43454,0.0
2011-06-11 23:47:00,1.43454,1.43454,1.43454,1.43454,0.0
2011-06-11 23:48:00,1.43454,1.43454,1.43454,1.43454,0.0
2011-06-11 23:49:00,1.43454,1.43454,1.43454,1.43454,0.0
2011-06-11 23:50:00,1.43454,1.43454,1.43454,1.43454,0.0
2011-06-11 23:51:00,1.43454,1.43454,1.43454,1.43454,0.0
2011-06-11 23:52:00,1.43454,1.43454,1.43454,1.43454,0.0
2011-06-11 23:53:00,1.43454,1.43454,1.43454,1.43454,0.0
2011-06-11 23:54:00,1.43454,1.43454,1.43454,1.43454,0.0
2011-06-11 23:55:00,1.43454,1.43454,1.43454,1.43454,0.0
2011-06-11 23:56:00,1.43454,1.43454,1.43454,1.43454,0.0
2011-06-11 23:57:00,1.43454,1.43454,1.43454,1.43454,0.0
2011-06-11 23:58:00,1.43454,1.43454,1.43454,1.43454,0.0
2011-06-11 23:59:00,1.43454,1.43454,1.43454,1.43454,0.0
2011-06-12 00:00:00,1.43454,1.43454,1.43454,1.43454,0.0
2011-06-12 00:01:00,1.43454,1.43454,1.43454,1.43454,0.0
2011-06-12 00:02:00,1.43454,1.43454,1.43454,1.43454,0.0
2011-06-12 00:03:00,1.43454,1.43454,1.43454,1.43454,0.0
2011-06-12 00:04:00,1.43454,1.43454,1.43454,1.43454,0.0
2011-06-12 00:05:00,1.43454,1.43454,1.43454,1.43454,0.0
2011-06-12 00:06:00,1.43454,1.43454,1.43454,1.43454,0.0
2011-06-12 00:07:00,1.43454,1.43454,1.43454,1.43454,0.0
2011-06-12 00:08:00,1.43454,1.43454,1.43454,1.43454,0.0
2011-06-12 00:09:00,1.43454,1.43454,1.43454,1.43454,0.0
2011-06-12 00:10:00,1.43454,1.43454,1.43454,1.43454,0.0
2011-06-12 00:11:00,1.43454,1.43454,1.43454,1.43454,0.0
2011-06-12 00:12:00,1.43454,1.43454,1.43454,1.43454,0.0
2011-06-12 00:13:00,1.43454,1.43454,1.43454,1.43454,0.0
2011-06-12 00:14:00,1.43454,1.43454,1.43454,1.43454,0.0
2011-06-12 00:15:00,1.43454,1.43454,1.43454,1.43454,0.0
2011-06-12 00:16:00,1.43454,1.43454,1.43454,1.43454,0.0
2011-06-12 00:17:00,1.43454,1.43454,1.43454,1.43454,0.0
2011-06-12 00:18:00,1.43454,1.43454,1.43454,1.43454,0.0
2011-06-12 00:19:00,1.43454,1.43454,1.43454,1.43454,0.0
2011-06-12 00:20:00,1.43454,1.43454,1.43454,1.43454,0.0
2011-06-12 00:21:00,1.43454,1.43454,1.43454,1.43454,0.0
2011-06-12 00:22:00,1.43454,1.43454,1.43454,1.43454,0.0
2011-06-12 00:23:00,1.43454,1.43454,1.43454,1.43454,0.0
2011-06-12 00:24:00,1.43454,1.43454,1.43454,1.43454,0.0
2011-06-12 00:25:00,1.43454,1.43454,1.43454,1.43454,0.0
2011-06-12 00:26:00,1.43454,1.43454,1.43454,1.43454,0.0
2011-06-12 00:27:00,1.43454,1.43454,1.43454,1.43454,0.0
2011-06-12 00:28:00,1.43454,1.43454,1.43454,1.43454,0.0
2011-06-12 00:29:00,1.43454,1.43454,1.43454,1.43454,0.0
2011-06-12 00:30:00,1.43454,1.43454,1.43454,1.43454,0.0
2011-06-12 00:31:00,1.43454,1.43454,1.43454,1.43454,0.0
2011-06-12 00:32:00,1.43454,1.43454,1.43454,1.43454,0.0
2011-06-12 00:33:00,1.43454,1.43454,1.43454,1.43454,0.0
2011-06-12 00:34:00,1.43454,1.43454,1.43454,1.43454,0.0
2011-06-12 00:35:00,1.43454,1.43454,1.43454,1.43454,0.0
2011-06-12 00:36:00,1.43454,1.43454,1.43454,1.43454,0.0
2011-06-12 00:37:00,1.43454,1.43454,1.43454,1.43454,0.0
2011-06-12 00:38:00,1.43454,1.43454,1.43454,1.43454,0.0
2011-06-12 00:39:00,1.43454,1.43454,1.43454,1.43454,0.0
2011-06-12 00:40:00,1.43454,1.43454,1.43454,1.43454,0.0
2011-06-12 00:41:00,1.43454,1.43454,1.43454,1.43454,0.0
2011-06-12 00:42:00,1.43454,1.43454,1.43454,1.43454,0.0
2011-06-12 00:43:00,1.43454,1.43454,1.43454,1.43454,0.0
2011-06-12 00:44:00,1.43454,1.43454,1.43454,1.43454,0.0
2011-06-12 00:45:00,1.43454,1.43454,1.43454,1.43454,0.0
2011-06-12 00:46:00,1.43454,1.43454,1.43454,1.43454,0.0
2011-06-12 00:47:00,1.43454,1.43454,1.43454,1.43454,0.0
2011-06-12 00:48:00,1.43454,1.43454,1.43454,1.43454,0.0
2011-06-12 00:49:00,1.43454,1.43454,1.43454,1.43454,0.0
2011-06-12 00:50:00,1.43454,1.43454,1.43454,1.43454,0.0
2011-06-12 00:51:00,1.43454,1.43454,1.43454,1.43454,0.0
2011-06-12 00:52:00,1.43454,1.43454,1.43454,1.43454,0.0
2011-06-12 00:53:00,1.43454,1.43454,1.43454,1.43454,0.0
2011-06-12 00:54:00,1.43454,1.43454,1.43454,1.43454,0.0
2011-06-12 00:55:00,1.43454,1.43454,1.43454,1.43454,0.0
2011-06-12 00:56:00,1.43454,1.43454,1.43454,1.43454,0.0
2011-06-12 00:57:00,1.43454,1.43454,1.43454,1.43454,0.0
2011-06-12 00:58:00,1.43454,1.43454,1.43454,1.43454,0.0
2011-06-12 00:59:00,1.43454,1.43454,1.43454,1.43454,0.0
2011-06-12 01:00:00,1.43454,1.43454,1.43454,1.43454,0.0
2011-06-12 01:01:00,1.43454,1.43454,1.43454,1.43454,0.0
2011-06-12 01:02:00,1.43454,1.43454,1.43454,1.43454,0.0
2011-06-12 01:03:00,1.43454,1.43454,1.43454,1.43454,0.0
2011-06-12 01:04:00,1.43454,1.43454,1.43454,1.43454,0.0
2011-06-12 01:05:00,1.43454,1.43454,1.43454,1.43454,0.0
2011-06-12 01:06:00,1.43454,1.43454,1.43454,1.43454,0.0
2011-06-12 01:07:00,1.43454,1.43454,1.43454,1.43454,0.0
2011-06-12 01:08:00,1.43454,1.43454,1.43454,1.43454,0.0
2011-06-12 01:09:00,1.43454,1.43454,1.43454,1.43454,0.0
2011-06-12 01:10:00,1.43454,1.43454,1.43454,1.43454,0.0
2011-06-12 01:11:00,1.43454,1.43454,1.43454,1.43454,0.0
2011-06-12 01:12:00,1.43454,1.43454,1.43454,1.43454,0.0
2011-06-12 01:13:00,1.43454,1.43454,1.43454,1.43454,0.0
2011-06-12 01:14:00,1.43454,1.43454,1.43454,1.43454,0.0
2011-06-12 01:15:00,1.43454,1.43454,1.43454,1.43454,0.0
2011-06-12 01:16:00,1.43454,1.43454,1.43454,1.43454,0.0
2011-06-12 01:17:00,1.43454,1.43454,1.43454,1.43454,0.0
2011-06-12 01:18:00,1.43454,1.43454,1.43454,1.43454,0.0
2011-06-12 01:19:00,1.43454,1.43454,1.43454,1.43454,0.0
2011-06-12 01:20:00,1.43454,1.43454,1.43454,1.43454,0.0
2011-06-12 01:21:00,1.43454,1.43454,1.43454,1.43454,0.0
2011-06-12 01:22:00,1.43454,1.43454,1.43454,1.43454,0.0
2011-06-12 01:23:00,1.43454,1.43454,1.43454,1.43454,0.0
2011-06-12 01:24:00,1.43454,1.43454,1.43454,1.43454,0.0
2011-06-12 01:25:00,1.43454,1.43454,1.43454,1.43454,0.0
2011-06-12 01:26:00,1.43454,1.43454,1.43454,1.43454,0.0
2011-06-12 01:27:00,1.43454,1.43454,1.43454,1.43454,0.0
2011-06-12 01:28:00,1.43454,1.43454,1.43454,1.43454,0.0
2011-06-12 01:29:00,1.43454,1.43454,1.43454,1.43454,0.0
2011-06-12 01:30:00,1.43454,1.43454,1.43454,1.43454,0.0
2011-06-12 01:31:00,1.43454,1.43454,1.43454,1.43454,0.0
2011-06-12 01:32:00,1.43454,1.43454,1.43454,1.43454,0.0
2011-06-12 01:33:00,1.43454,1.43454,1.43454,1.43454,0.0
2011-06-12 01:34:00,1.43454,1.43454,1.43454,1.43454,0.0
2011-06-12 01:35:00,1.43454,1.43454,1.43454,1.43454,0.0
2011-06-12 01:36:00,1.43454,1.43454,1.43454,1.43454,0.0
2011-06-12 01:37:00,1.43454,1.43454,1.43454,1.43454,0.0
2011-06-12 01:38:00,1.43454,1.43454,1.43454,1.43454,0.0
2011-06-12 01:39:00,1.43454,1.43454,1.43454,1.43454,0.0
2011-06-12 01:40:00,1.43454,1.43454,1.43454,1.43454,0.0
2011-06-12 01:41:00,1.43454,1.43454,1.43454,1.43454,0.0
2011-06-12 01:42:00,1.43454,1.43454,1.43454,1.43454,0.0
2011-06-12 01:43:00,1.43454,1.43454,1.43454,1.43454,0.0
2011-06-12 01:44:00,1.43454,1.43454,1.43454,1.43454,0.0
2011-06-12 01:45:00,1.43454,1.43454,1.43454,1.43454,0.0
2011-06-12 01:46:00,1.43454,1.43454,1.43454,1.43454,0.0
2011-06-12 01:47:00,1.43454,1.43454,1.43454,1.43454,0.0
2011-06-12 01:48:00,1.43454,1.43454,1.43454,1.43454,0.0
2011-06-12 01:49:00,1.43454,1.43454,1.43454,1.43454,0.0
2011-06-12 01:50:00,1.43454,1.43454,1.43454,1.43454,0.0
2011-06-12 01:51:00,1.43454,1.43454,1.43454,1.43454,0.0
2011-06-12 01:52:00,1.43454,1.43454,1.43454,1.43454,0.0
2011-06-12 01:53:00,1.43454,1.43454,1.43454,1.43454,0.0
2011-06-12 01:54:00,1.43454,1.43454,1.43454,1.43454,0.0
2011-06-12 01:55:00,1.43454,1.43454,1.43454,1.43454,0.0
2011-06-12 01:56:00,1.43454,1.43454,1.43454,1.43454,0.0
2011-06-12 01:57:00,1.43454,1.43454,1.43454,1.43454,0.0
2011-06-12 01:58:00,1.43454,1.43454,1.43454,1.43454,0.0
2011-06-12 01:59:00,1.43454,1.43454,1.43454,1.43454,0.0
2011-06-12 02:00:00,1.43454,1.43454,1.43454,1.43454,0.0
2011-06-12 02:01:00,1.43454,1.43454,1.43454,1.43454,0.0
2011-06-12 02:02:00,1.43454,1.43454,1.43454,1.43454,0.0
2011-06-12 02:03:00,1.43454,1.43454,1.43454,1.43454,0.0
2011-06-12 02:04:00,1.43454,1.43454,1.43454,1.43454,0.0
2011-06-12 02:05:00,1.43454,1.43454,1.43454,1.43454,0.0
2011-06-12 02:06:00,1.43454,1.43454,1.43454,1.43454,0.0
2011-06-12 02:07:00,1.43454,1.43454,1.43454,1.43454,0.0
2011-06-12 02:08:00,1.43454,1.43454,1.43454,1.43454,0.0
2011-06-12 02:09:00,1.43454,1.43454,1.43454,1.43454,0.0
2011-06-12 02:10:00,1.43454,1.43454,1.43454,1.43454,0.0
2011-06-12 02:11:00,1.43454,1.43454,1.43454,1.43454,0.0
2011-06-12 02:12:00,1.43454,1.43454,1.43454,1.43454,0.0
2011-06-12 02:13:00,1.43454,1.43454,1.43454,1.43454,0.0
2011-06-12 02:14:00,1.43454,1.43454,1.43454,1.43454,0.0
2011-06-12 02:15:00,1.43454,1.43454,1.43454,1.43454,0.0
2011-06-12 02:16:00,1.43454,1.43454,1.43454,1.43454,0.0
2011-06-12 02:17:00,1.43454,1.43454,1.43454,1.43454,0.0
2011-06-12 02:18:00,1.43454,1.43454,1.43454,1.43454,0.0
2011-06-12 02:19:00,1.43454,1.43454,1.43454,1.43454,0.0
2011-06-12 02:20:00,1.43454,1.43454,1.43454,1.43454,0.0
2011-06-12 02:21:00,1.43454,1.43454,1.43454,1.43454,0.0
2011-06-12 02:22:00,1.43454,1.43454,1.43454,1.43454,0.0
2011-06-12 02:23:00,1.43454,1.43454,1.43454,1.43454,0.0
2011-06-12 02:24:00,1.43454,1.43454,1.43454,1.43454,0.0
2011-06-12 02:25:00,1.43454,1.43454,1.43454,1.43454,0.0
2011-06-12 02:26:00,1.43454,1.43454,1.43454,1.43454,0.0
2011-06-12 02:27:00,1.43454,1.43454,1.43454,1.43454,0.0
2011-06-12 02:28:00,1.43454,1.43454,1.43454,1.43454,0.0
2011-06-12 02:29:00,1.43454,1.43454,1.43454,1.43454,0.0
2011-06-12 02:30:00,1.43454,1.43454,1.43454,1.43454,0.0
2011-06-12 02:31:00,1.43454,1.43454,1.43454,1.43454,0.0
2011-06-12 02:32:00,1.43454,1.43454,1.43454,1.43454,0.0
2011-06-12 02:33:00,1.43454,1.43454,1.43454,1.43454,0.0
2011-06-12 02:34:00,1.43454,1.43454,1.43454,1.43454,0.0
2011-06-12 02:35:00,1.43454,1.43454,1.43454,1.43454,0.0
2011-06-12 02:36:00,1.43454,1.43454,1.43454,1.43454,0.0
2011-06-12 02:37:00,1.43454,1.43454,1.43454,1.43454,0.0
2011-06-12 02:38:00,1.43454,1.43454,1.43454,1.43454,0.0
2011-06-12 02:39:00,1.43454,1.43454,1.43454,1.43454,0.0
2011-06-12 02:40:00,1.43454,1.43454,1.43454,1.43454,0.0
2011-06-12 02:41:00,1.43454,1.43454,1.43454,1.43454,0.0
2011-06-12 02:42:00,1.43454,1.43454,1.43454,1.43454,0.0
2011-06-12 02:43:00,1.43454,1.43454,1.43454,1.43454,0.0
2011-06-12 02:44:00,1.43454,1.43454,1.43454,1.43454,0.0
2011-06-12 02:45:00,1.43454,1.43454,1.43454,1.43454,0.0
2011-06-12 02:46:00,1.43454,1.43454,1.43454,1.43454,0.0
2011-06-12 02:47:00,1.43454,1.43454,1.43454,1.43454,0.0
2011-06-12 02:48:00,1.43454,1.43454,1.43454,1.43454,0.0
2011-06-12 02:49:00,1.43454,1.43454,1.43454,1.43454,0.0
2011-06-12 02:50:00,1.43454,1.43454,1.43454,1.43454,0.0
2011-06-12 02:51:00,1.43454,1.43454,1.43454,1.43454,0.0
2011-06-12 02:52:00,1.43454,1.43454,1.43454,1.43454,0.0
2011-06-12 02:53:00,1.43454,1.43454,1.43454,1.43454,0.0
2011-06-12 02:54:00,1.43454,1.43454,1.43454,1.43454,0.0
2011-06-12 02:55:00,1.43454,1.43454,1.43454,1.43454,0.0
2011-06-12 02:56:00,1.43454,1.43454,1.43454,1.43454,0.0
2011-06-12 02:57:00,1.43454,1.43454,1.43454,1.43454,0.0
2011-06-12 02:58:00,1.43454,1.43454,1.43454,1.43454,0.0
2011-06-12 02:59:00,1.43454,1.43454,1.43454,1.43454,0.0
2011-06-12 03:00:00,1.43454,1.43454,1.43454,1.43454,0.0
2011-06-12 03:01:00,1.43454,1.43454,1.43454,1.43454,0.0
2011-06-12 03:02:00,1.43454,1.43454,1.43454,1.43454,0.0
2011-06-12 03:03:00,1.43454,1.43454,1.43454,1.43454,0.0
2011-06-12 03:04:00,1.43454,1.43454,1.43454,1.43454,0.0
2011-06-12 03:05:00,1.43454,1.43454,1.43454,1.43454,0.0
2011-06-12 03:06:00,1.43454,1.43454,1.43454,1.43454,0.0
2011-06-12 03:07:00,1.43454,1.43454,1.43454,1.43454,0.0
2011-06-12 03:08:00,1.43454,1.43454,1.43454,1.43454,0.0
2011-06-12 03:09:00,1.43454,1.43454,1.43454,1.43454,0.0
2011-06-12 03:10:00,1.43454,1.43454,1.43454,1.43454,0.0
2011-06-12 03:11:00,1.43454,1.43454,1.43454,1.43454,0.0
2011-06-12 03:12:00,1.43454,1.43454,1.43454,1.43454,0.0
2011-06-12 03:13:00,1.43454,1.43454,1.43454,1.43454,0.0
2011-06-12 03:14:00,1.43454,1.43454,1.43454,1.43454,0.0
2011-06-12 03:15:00,1.43454,1.43454,1.43454,1.43454,0.0
2011-06-12 03:16:00,1.43454,1.43454,1.43454,1.43454,0.0
2011-06-12 03:17:00,1.43454,1.43454,1.43454,1.43454,0.0
2011-06-12 03:18:00,1.43454,1.43454,1.43454,1.43454,0.0
2011-06-12 03:19:00,1.43454,1.43454,1.43454,1.43454,0.0
2011-06-12 03:20:00,1.43454,1.43454,1.43454,1.43454,0.0
2011-06-12 03:21:00,1.43454,1.43454,1.43454,1.43454,0.0
2011-06-12 03:22:00,1.43454,1.43454,1.43454,1.43454,0.0
2011-06-12 03:23:00,1.43454,1.43454,1.43454,1.43454,0.0
2011-06-12 03:24:00,1.43454,1.43454,1.43454,1.43454,0.0
2011-06-12 03:25:00,1.43454,1.43454,1.43454,1.43454,0.0
2011-06-12 03:26:00,1.43454,1.43454,1.43454,1.43454,0.0
2011-06-12 03:27:00,1.43454,1.43454,1.43454,1.43454,0.0
2011-06-12 03:28:00,1.43454,1.43454,1.43454,1.43454,0.0
2011-06-12 03:29:00,1.43454,1.43454,1.43454,1.43454,0.0
2011-06-12 03:30:00,1.43454,1.43454,1.43454,1.43454,0.0
2011-06-12 03:31:00,1.43454,1.43454,1.43454,1.43454,0.0
2011-06-12 03:32:00,1.43454,1.43454,1.43454,1.43454,0.0
2011-06-12 03:33:00,1.43454,1.43454,1.43454,1.43454,0.0
2011-06-12 03:34:00,1.43454,1.43454,1.43454,1.43454,0.0
2011-06-12 03:35:00,1.43454,1.43454,1.43454,1.43454,0.0
2011-06-12 03:36:00,1.43454,1.43454,1.43454,1.43454,0.0
2011-06-12 03:37:00,1.43454,1.43454,1.43454,1.43454,0.0
2011-06-12 03:38:00,1.43454,1.43454,1.43454,1.43454,0.0
2011-06-12 03:39:00,1.43454,1.43454,1.43454,1.43454,0.0
2011-06-12 03:40:00,1.43454,1.43454,1.43454,1.43454,0.0
2011-06-12 03:41:00,1.43454,1.43454,1.43454,1.43454,0.0
2011-06-12 03:42:00,1.43454,1.43454,1.43454,1.43454,0.0
2011-06-12 03:43:00,1.43454,1.43454,1.43454,1.43454,0.0
2011-06-12 03:44:00,1.43454,1.43454,1.43454,1.43454,0.0
2011-06-12 03:45:00,1.43454,1.43454,1.43454,1.43454,0.0
2011-06-12 03:46:00,1.43454,1.43454,1.43454,1.43454,0.0
2011-06-12 03:47:00,1.43454,1.43454,1.43454,1.43454,0.0
2011-06-12 03:48:00,1.43454,1.43454,1.43454,1.43454,0.0
2011-06-12 03:49:00,1.43454,1.43454,1.43454,1.43454,0.0
2011-06-12 03:50:00,1.43454,1.43454,1.43454,1.43454,0.0
2011-06-12 03:51:00,1.43454,1.43454,1.43454,1.43454,0.0
2011-06-12 03:52:00,1.43454,1.43454,1.43454,1.43454,0.0
2011-06-12 03:53:00,1.43454,1.43454,1.43454,1.43454,0.0
2011-06-12 03:54:00,1.43454,1.43454,1.43454,1.43454,0.0
2011-06-12 03:55:00,1.43454,1.43454,1.43454,1.43454,0.0
2011-06-12 03:56:00,1.43454,1.43454,1.43454,1.43454,0.0
2011-06-12 03:57:00,1.43454,1.43454,1.43454,1.43454,0.0
2011-06-12 03:58:00,1.43454,1.43454,1.43454,1.43454,0.0
2011-06-12 03:59:00,1.43454,1.43454,1.43454,1.43454,0.0
2011-06-12 04:00:00,1.43454,1.43454,1.43454,1.43454,0.0
2011-06-12 04:01:00,1.43454,1.43454,1.43454,1.43454,0.0
2011-06-12 04:02:00,1.43454,1.43454,1.43454,1.43454,0.0
2011-06-12 04:03:00,1.43454,1.43454,1.43454,1.43454,0.0
2011-06-12 04:04:00,1.43454,1.43454,1.43454,1.43454,0.0
2011-06-12 04:05:00,1.43454,1.43454,1.43454,1.43454,0.0
2011-06-12 04:06:00,1.43454,1.43454,1.43454,1.43454,0.0
2011-06-12 04:07:00,1.43454,1.43454,1.43454,1.43454,0.0
2011-06-12 04:08:00,1.43454,1.43454,1.43454,1.43454,0.0
2011-06-12 04:09:00,1.43454,1.43454,1.43454,1.43454,0.0
2011-06-12 04:10:00,1.43454,1.43454,1.43454,1.43454,0.0
2011-06-12 04:11:00,1.43454,1.43454,1.43454,1.43454,0.0
2011-06-12 04:12:00,1.43454,1.43454,1.43454,1.43454,0.0
2011-06-12 04:13:00,1.43454,1.43454,1.43454,1.43454,0.0
2011-06-12 04:14:00,1.43454,1.43454,1.43454,1.43454,0.0
2011-06-12 04:15:00,1.43454,1.43454,1.43454,1.43454,0.0
2011-06-12 04:16:00,1.43454,1.43454,1.43454,1.43454,0.0
2011-06-12 04:17:00,1.43454,1.43454,1.43454,1.43454,0.0
2011-06-12 04:18:00,1.43454,1.43454,1.43454,1.43454,0.0
2011-06-12 04:19:00,1.43454,1.43454,1.43454,1.43454,0.0
2011-06-12 04:20:00,1.43454,1.43454,1.43454,1.43454,0.0
2011-06-12 04:21:00,1.43454,1.43454,1.43454,1.43454,0.0
2011-06-12 04:22:00,1.43454,1.43454,1.43454,1.43454,0.0
2011-06-12 04:23:00,1.43454,1.43454,1.43454,1.43454,0.0
2011-06-12 04:24:00,1.43454,1.43454,1.43454,1.43454,0.0
2011-06-12 04:25:00,1.43454,1.43454,1.43454,1.43454,0.0
2011-06-12 04:26:00,1.43454,1.43454,1.43454,1.43454,0.0
2011-06-12 04:27:00,1.43454,1.43454,1.43454,1.43454,0.0
2011-06-12 04:28:00,1.43454,1.43454,1.43454,1.43454,0.0
2011-06-12 04:29:00,1.43454,1.43454,1.43454,1.43454,0.0
2011-06-12 04:30:00,1.43454,1.43454,1.43454,1.43454,0.0
2011-06-12 04:31:00,1.43454,1.43454,1.43454,1.43454,0.0
2011-06-12 04:32:00,1.43454,1.43454,1.43454,1.43454,0.0
2011-06-12 04:33:00,1.43454,1.43454,1.43454,1.43454,0.0
2011-06-12 04:34:00,1.43454,1.43454,1.43454,1.43454,0.0
2011-06-12 04:35:00,1.43454,1.43454,1.43454,1.43454,0.0
2011-06-12 04:36:00,1.43454,1.43454,1.43454,1.43454,0.0
2011-06-12 04:37:00,1.43454,1.43454,1.43454,1.43454,0.0
2011-06-12 04:38:00,1.43454,1.43454,1.43454,1.43454,0.0
2011-06-12 04:39:00,1.43454,1.43454,1.43454,1.43454,0.0
2011-06-12 04:40:00,1.43454,1.43454,1.43454,1.43454,0.0
2011-06-12 04:41:00,1.43454,1.43454,1.43454,1.43454,0.0
2011-06-12 04:42:00,1.43454,1.43454,1.43454,1.43454,0.0
2011-06-12 04:43:00,1.43454,1.43454,1.43454,1.43454,0.0
2011-06-12 04:44:00,1.43454,1.43454,1.43454,1.43454,0.0
2011-06-12 04:45:00,1.43454,1.43454,1.43454,1.43454,0.0
2011-06-12 04:46:00,1.43454,1.43454,1.43454,1.43454,0.0
2011-06-12 04:47:00,1.43454,1.43454,1.43454,1.43454,0.0
2011-06-12 04:48:00,1.43454,1.43454,1.43454,1.43454,0.0
2011-06-12 04:49:00,1.43454,1.43454,1.43454,1.43454,0.0
2011-06-12 04:50:00,1.43454,1.43454,1.43454,1.43454,0.0
2011-06-12 04:51:00,1.43454,1.43454,1.43454,1.43454,0.0
2011-06-12 04:52:00,1.43454,1.43454,1.43454,1.43454,0.0
2011-06-12 04:53:00,1.43454,1.43454,1.43454,1.43454,0.0
2011-06-12 04:54:00,1.43454,1.43454,1.43454,1.43454,0.0
2011-06-12 04:55:00,1.43454,1.43454,1.43454,1.43454,0.0
2011-06-12 04:56:00,1.43454,1.43454,1.43454,1.43454,0.0
2011-06-12 04:57:00,1.43454,1.43454,1.43454,1.43454,0.0
2011-06-12 04:58:00,1.43454,1.43454,1.43454,1.43454,0.0
2011-06-12 04:59:00,1.43454,1.43454,1.43454,1.43454,0.0
2011-06-12 05:00:00,1.43454,1.43454,1.43454,1.43454,0.0
2011-06-12 05:01:00,1.43454,1.43454,1.43454,1.43454,0.0
2011-06-12 05:02:00,1.43454,1.43454,1.43454,1.43454,0.0
2011-06-12 05:03:00,1.43454,1.43454,1.43454,1.43454,0.0
2011-06-12 05:04:00,1.43454,1.43454,1.43454,1.43454,0.0
2011-06-12 05:05:00,1.43454,1.43454,1.43454,1.43454,0.0
2011-06-12 05:06:00,1.43454,1.43454,1.43454,1.43454,0.0
2011-06-12 05:07:00,1.43454,1.43454,1.43454,1.43454,0.0
2011-06-12 05:08:00,1.43454,1.43454,1.43454,1.43454,0.0
2011-06-12 05:09:00,1.43454,1.43454,1.43454,1.43454,0.0
2011-06-12 05:10:00,1.43454,1.43454,1.43454,1.43454,0.0
2011-06-12 05:11:00,1.43454,1.43454,1.43454,1.43454,0.0
2011-06-12 05:12:00,1.43454,1.43454,1.43454,1.43454,0.0
2011-06-12 05:13:00,1.43454,1.43454,1.43454,1.43454,0.0
2011-06-12 05:14:00,1.43454,1.43454,1.43454,1.43454,0.0
2011-06-12 05:15:00,1.43454,1.43454,1.43454,1.43454,0.0
2011-06-12 05:16:00,1.43454,1.43454,1.43454,1.43454,0.0
2011-06-12 05:17:00,1.43454,1.43454,1.43454,1.43454,0.0
2011-06-12 05:18:00,1.43454,1.43454,1.43454,1.43454,0.0
2011-06-12 05:19:00,1.43454,1.43454,1.43454,1.43454,0.0
2011-06-12 05:20:00,1.43454,1.43454,1.43454,1.43454,0.0
2011-06-12 05:21:00,1.43454,1.43454,1.43454,1.43454,0.0
2011-06-12 05:22:00,1.43454,1.43454,1.43454,1.43454,0.0
2011-06-12 05:23:00,1.43454,1.43454,1.43454,1.43454,0.0
2011-06-12 05:24:00,1.43454,1.43454,1.43454,1.43454,0.0
2011-06-12 05:25:00,1.43454,1.43454,1.43454,1.43454,0.0
2011-06-12 05:26:00,1.43454,1.43454,1.43454,1.43454,0.0
2011-06-12 05:27:00,1.43454,1.43454,1.43454,1.43454,0.0
2011-06-12 05:28:00,1.43454,1.43454,1.43454,1.43454,0.0
2011-06-12 05:29:00,1.43454,1.43454,1.43454,1.43454,0.0
2011-06-12 05:30:00,1.43454,1.43454,1.43454,1.43454,0.0
2011-06-12 05:31:00,1.43454,1.43454,1.43454,1.43454,0.0
2011-06-12 05:32:00,1.43454,1.43454,1.43454,1.43454,0.0
2011-06-12 05:33:00,1.43454,1.43454,1.43454,1.43454,0.0
2011-06-12 05:34:00,1.43454,1.43454,1.43454,1.43454,0.0
2011-06-12 05:35:00,1.43454,1.43454,1.43454,1.43454,0.0
2011-06-12 05:36:00,1.43454,1.43454,1.43454,1.43454,0.0
2011-06-12 05:37:00,1.43454,1.43454,1.43454,1.43454,0.0
2011-06-12 05:38:00,1.43454,1.43454,1.43454,1.43454,0.0
2011-06-12 05:39:00,1.43454,1.43454,1.43454,1.43454,0.0
2011-06-12 05:40:00,1.43454,1.43454,1.43454,1.43454,0.0
2011-06-12 05:41:00,1.43454,1.43454,1.43454,1.43454,0.0
2011-06-12 05:42:00,1.43454,1.43454,1.43454,1.43454,0.0
2011-06-12 05:43:00,1.43454,1.43454,1.43454,1.43454,0.0
2011-06-12 05:44:00,1.43454,1.43454,1.43454,1.43454,0.0
2011-06-12 05:45:00,1.43454,1.43454,1.43454,1.43454,0.0
2011-06-12 05:46:00,1.43454,1.43454,1.43454,1.43454,0.0
2011-06-12 05:47:00,1.43454,1.43454,1.43454,1.43454,0.0
2011-06-12 05:48:00,1.43454,1.43454,1.43454,1.43454,0.0
2011-06-12 05:49:00,1.43454,1.43454,1.43454,1.43454,0.0
2011-06-12 05:50:00,1.43454,1.43454,1.43454,1.43454,0.0
2011-06-12 05:51:00,1.43454,1.43454,1.43454,1.43454,0.0
2011-06-12 05:52:00,1.43454,1.43454,1.43454,1.43454,0.0
2011-06-12 05:53:00,1.43454,1.43454,1.43454,1.43454,0.0
2011-06-12 05:54:00,1.43454,1.43454,1.43454,1.43454,0.0
2011-06-12 05:55:00,1.43454,1.43454,1.43454,1.43454,0.0
2011-06-12 05:56:00,1.43454,1.43454,1.43454,1.43454,0.0
2011-06-12 05:57:00,1.43454,1.43454,1.43454,1.43454,0.0
2011-06-12 05:58:00,1.43454,1.43454,1.43454,1.43454,0.0
2011-06-12 05:59:00,1.43454,1.43454,1.43454,1.43454,0.0
2011-06-12 06:00:00,1.43454,1.43454,1.43454,1.43454,0.0
2011-06-12 06:01:00,1.43454,1.43454,1.43454,1.43454,0.0
2011-06-12 06:02:00,1.43454,1.43454,1.43454,1.43454,0.0
2011-06-12 06:03:00,1.43454,1.43454,1.43454,1.43454,0.0
2011-06-12 06:04:00,1.43454,1.43454,1.43454,1.43454,0.0
2011-06-12 06:05:00,1.43454,1.43454,1.43454,1.43454,0.0
2011-06-12 06:06:00,1.43454,1.43454,1.43454,1.43454,0.0
2011-06-12 06:07:00,1.43454,1.43454,1.43454,1.43454,0.0
2011-06-12 06:08:00,1.43454,1.43454,1.43454,1.43454,0.0
2011-06-12 06:09:00,1.43454,1.43454,1.43454,1.43454,0.0
2011-06-12 06:10:00,1.43454,1.43454,1.43454,1.43454,0.0
2011-06-12 06:11:00,1.43454,1.43454,1.43454,1.43454,0.0
2011-06-12 06:12:00,1.43454,1.43454,1.43454,1.43454,0.0
2011-06-12 06:13:00,1.43454,1.43454,1.43454,1.43454,0.0
2011-06-12 06:14:00,1.43454,1.43454,1.43454,1.43454,0.0
2011-06-12 06:15:00,1.43454,1.43454,1.43454,1.43454,0.0
2011-06-12 06:16:00,1.43454,1.43454,1.43454,1.43454,0.0
2011-06-12 06:17:00,1.43454,1.43454,1.43454,1.43454,0.0
2011-06-12 06:18:00,1.43454,1.43454,1.43454,1.43454,0.0
2011-06-12 06:19:00,1.43454,1.43454,1.43454,1.43454,0.0
2011-06-12 06:20:00,1.43454,1.43454,1.43454,1.43454,0.0
2011-06-12 06:21:00,1.43454,1.43454,1.43454,1.43454,0.0
2011-06-12 06:22:00,1.43454,1.43454,1.43454,1.43454,0.0
2011-06-12 06:23:00,1.43454,1.43454,1.43454,1.43454,0.0
2011-06-12 06:24:00,1.43454,1.43454,1.43454,1.43454,0.0
2011-06-12 06:25:00,1.43454,1.43454,1.43454,1.43454,0.0
2011-06-12 06:26:00,1.43454,1.43454,1.43454,1.43454,0.0
2011-06-12 06:27:00,1.43454,1.43454,1.43454,1.43454,0.0
2011-06-12 06:28:00,1.43454,1.43454,1.43454,1.43454,0.0
2011-06-12 06:29:00,1.43454,1.43454,1.43454,1.43454,0.0
2011-06-12 06:30:00,1.43454,1.43454,1.43454,1.43454,0.0
2011-06-12 06:31:00,1.43454,1.43454,1.43454,1.43454,0.0
2011-06-12 06:32:00,1.43454,1.43454,1.43454,1.43454,0.0
2011-06-12 06:33:00,1.43454,1.43454,1.43454,1.43454,0.0
2011-06-12 06:34:00,1.43454,1.43454,1.43454,1.43454,0.0
2011-06-12 06:35:00,1.43454,1.43454,1.43454,1.43454,0.0
2011-06-12 06:36:00,1.43454,1.43454,1.43454,1.43454,0.0
2011-06-12 06:37:00,1.43454,1.43454,1.43454,1.43454,0.0
2011-06-12 06:38:00,1.43454,1.43454,1.43454,1.43454,0.0
2011-06-12 06:39:00,1.43454,1.43454,1.43454,1.43454,0.0
2011-06-12 06:40:00,1.43454,1.43454,1.43454,1.43454,0.0
2011-06-12 06:41:00,1.43454,1.43454,1.43454,1.43454,0.0
2011-06-12 06:42:00,1.43454,1.43454,1.43454,1.43454,0.0
2011-06-12 06:43:00,1.43454,1.43454,1.43454,1.43454,0.0
2011-06-12 06:44:00,1.43454,1.43454,1.43454,1.43454,0.0
2011-06-12 06:45:00,1.43454,1.43454,1.43454,1.43454,0.0
2011-06-12 06:46:00,1.43454,1.43454,1.43454,1.43454,0.0
2011-06-12 06:47:00,1.43454,1.43454,1.43454,1.43454,0.0
2011-06-12 06:48:00,1.43454,1.43454,1.43454,1.43454,0.0
2011-06-12 06:49:00,1.43454,1.43454,1.43454,1.43454,0.0
2011-06-12 06:50:00,1.43454,1.43454,1.43454,1.43454,0.0
2011-06-12 06:51:00,1.43454,1.43454,1.43454,1.43454,0.0
2011-06-12 06:52:00,1.43454,1.43454,1.43454,1.43454,0.0
2011-06-12 06:53:00,1.43454,1.43454,1.43454,1.43454,0.0
2011-06-12 06:54:00,1.43454,1.43454,1.43454,1.43454,0.0
2011-06-12 06:55:00,1.43454,1.43454,1.43454,1.43454,0.0
2011-06-12 06:56:00,1.43454,1.43454,1.43454,1.43454,0.0
2011-06-12 06:57:00,1.43454,1.43454,1.43454,1.43454,0.0
2011-06-12 06:58:00,1.43454,1.43454,1.43454,1.43454,0.0
2011-06-12 06:59:00,1.43454,1.43454,1.43454,1.43454,0.0
2011-06-12 07:00:00,1.43454,1.43454,1.43454,1.43454,0.0
2011-06-12 07:01:00,1.43454,1.43454,1.43454,1.43454,0.0
2011-06-12 07:02:00,1.43454,1.43454,1.43454,1.43454,0.0
2011-06-12 07:03:00,1.43454,1.43454,1.43454,1.43454,0.0
2011-06-12 07:04:00,1.43454,1.43454,1.43454,1.43454,0.0
2011-06-12 07:05:00,1.43454,1.43454,1.43454,1.43454,0.0
2011-06-12 07:06:00,1.43454,1.43454,1.43454,1.43454,0.0
2011-06-12 07:07:00,1.43454,1.43454,1.43454,1.43454,0.0
2011-06-12 07:08:00,1.43454,1.43454,1.43454,1.43454,0.0
2011-06-12 07:09:00,1.43454,1.43454,1.43454,1.43454,0.0
2011-06-12 07:10:00,1.43454,1.43454,1.43454,1.43454,0.0
2011-06-12 07:11:00,1.43454,1.43454,1.43454,1.43454,0.0
2011-06-12 07:12:00,1.43454,1.43454,1.43454,1.43454,0.0
2011-06-12 07:13:00,1.43454,1.43454,1.43454,1.43454,0.0
2011-06-12 07:14:00,1.43454,1.43454,1.43454,1.43454,0.0
2011-06-12 07:15:00,1.43454,1.43454,1.43454,1.43454,0.0
2011-06-12 07:16:00,1.43454,1.43454,1.43454,1.43454,0.0
2011-06-12 07:17:00,1.43454,1.43454,1.43454,1.43454,0.0
2011-06-12 07:18:00,1.43454,1.43454,1.43454,1.43454,0.0
2011-06-12 07:19:00,1.43454,1.43454,1.43454,1.43454,0.0
2011-06-12 07:20:00,1.43454,1.43454,1.43454,1.43454,0.0
2011-06-12 07:21:00,1.43454,1.43454,1.43454,1.43454,0.0
2011-06-12 07:22:00,1.43454,1.43454,1.43454,1.43454,0.0
2011-06-12 07:23:00,1.43454,1.43454,1.43454,1.43454,0.0
2011-06-12 07:24:00,1.43454,1.43454,1.43454,1.43454,0.0
2011-06-12 07:25:00,1.43454,1.43454,1.43454,1.43454,0.0
2011-06-12 07:26:00,1.43454,1.43454,1.43454,1.43454,0.0
2011-06-12 07:27:00,1.43454,1.43454,1.43454,1.43454,0.0
2011-06-12 07:28:00,1.43454,1.43454,1.43454,1.43454,0.0
2011-06-12 07:29:00,1.43454,1.43454,1.43454,1.43454,0.0
2011-06-12 07:30:00,1.43454,1.43454,1.43454,1.43454,0.0
2011-06-12 07:31:00,1.43454,1.43454,1.43454,1.43454,0.0
2011-06-12 07:32:00,1.43454,1.43454,1.43454,1.43454,0.0
2011-06-12 07:33:00,1.43454,1.43454,1.43454,1.43454,0.0
2011-06-12 07:34:00,1.43454,1.43454,1.43454,1.43454,0.0
2011-06-12 07:35:00,1.43454,1.43454,1.43454,1.43454,0.0
2011-06-12 07:36:00,1.43454,1.43454,1.43454,1.43454,0.0
2011-06-12 07:37:00,1.43454,1.43454,1.43454,1.43454,0.0
2011-06-12 07:38:00,1.43454,1.43454,1.43454,1.43454,0.0
2011-06-12 07:39:00,1.43454,1.43454,1.43454,1.43454,0.0
2011-06-12 07:40:00,1.43454,1.43454,1.43454,1.43454,0.0
2011-06-12 07:41:00,1.43454,1.43454,1.43454,1.43454,0.0
2011-06-12 07:42:00,1.43454,1.43454,1.43454,1.43454,0.0
2011-06-12 07:43:00,1.43454,1.43454,1.43454,1.43454,0.0
2011-06-12 07:44:00,1.43454,1.43454,1.43454,1.43454,0.0
2011-06-12 07:45:00,1.43454,1.43454,1.43454,1.43454,0.0
2011-06-12 07:46:00,1.43454,1.43454,1.43454,1.43454,0.0
2011-06-12 07:47:00,1.43454,1.43454,1.43454,1.43454,0.0
2011-06-12 07:48:00,1.43454,1.43454,1.43454,1.43454,0.0
2011-06-12 07:49:00,1.43454,1.43454,1.43454,1.43454,0.0
2011-06-12 07:50:00,1.43454,1.43454,1.43454,1.43454,0.0
2011-06-12 07:51:00,1.43454,1.43454,1.43454,1.43454,0.0
2011-06-12 07:52:00,1.43454,1.43454,1.43454,1.43454,0.0
2011-06-12 07:53:00,1.43454,1.43454,1.43454,1.43454,0.0
2011-06-12 07:54:00,1.43454,1.43454,1.43454,1.43454,0.0
2011-06-12 07:55:00,1.43454,1.43454,1.43454,1.43454,0.0
2011-06-12 07:56:00,1.43454,1.43454,1.43454,1.43454,0.0
2011-06-12 07:57:00,1.43454,1.43454,1.43454,1.43454,0.0
2011-06-12 07:58:00,1.43454,1.43454,1.43454,1.43454,0.0
2011-06-12 07:59:00,1.43454,1.43454,1.43454,1.43454,0.0
2011-06-12 08:00:00,1.43454,1.43454,1.43454,1.43454,0.0
2011-06-12 08:01:00,1.43454,1.43454,1.43454,1.43454,0.0
2011-06-12 08:02:00,1.43454,1.43454,1.43454,1.43454,0.0
2011-06-12 08:03:00,1.43454,1.43454,1.43454,1.43454,0.0
2011-06-12 08:04:00,1.43454,1.43454,1.43454,1.43454,0.0
2011-06-12 08:05:00,1.43454,1.43454,1.43454,1.43454,0.0
2011-06-12 08:06:00,1.43454,1.43454,1.43454,1.43454,0.0
2011-06-12 08:07:00,1.43454,1.43454,1.43454,1.43454,0.0
2011-06-12 08:08:00,1.43454,1.43454,1.43454,1.43454,0.0
2011-06-12 08:09:00,1.43454,1.43454,1.43454,1.43454,0.0
2011-06-12 08:10:00,1.43454,1.43454,1.43454,1.43454,0.0
2011-06-12 08:11:00,1.43454,1.43454,1.43454,1.43454,0.0
2011-06-12 08:12:00,1.43454,1.43454,1.43454,1.43454,0.0
2011-06-12 08:13:00,1.43454,1.43454,1.43454,1.43454,0.0
2011-06-12 08:14:00,1.43454,1.43454,1.43454,1.43454,0.0
2011-06-12 08:15:00,1.43454,1.43454,1.43454,1.43454,0.0
2011-06-12 08:16:00,1.43454,1.43454,1.43454,1.43454,0.0
2011-06-12 08:17:00,1.43454,1.43454,1.43454,1.43454,0.0
2011-06-12 08:18:00,1.43454,1.43454,1.43454,1.43454,0.0
2011-06-12 08:19:00,1.43454,1.43454,1.43454,1.43454,0.0
2011-06-12 08:20:00,1.43454,1.43454,1.43454,1.43454,0.0
2011-06-12 08:21:00,1.43454,1.43454,1.43454,1.43454,0.0
2011-06-12 08:22:00,1.43454,1.43454,1.43454,1.43454,0.0
2011-06-12 08:23:00,1.43454,1.43454,1.43454,1.43454,0.0
2011-06-12 08:24:00,1.43454,1.43454,1.43454,1.43454,0.0
2011-06-12 08:25:00,1.43454,1.43454,1.43454,1.43454,0.0
2011-06-12 08:26:00,1.43454,1.43454,1.43454,1.43454,0.0
2011-06-12 08:27:00,1.43454,1.43454,1.43454,1.43454,0.0
2011-06-12 08:28:00,1.43454,1.43454,1.43454,1.43454,0.0
2011-06-12 08:29:00,1.43454,1.43454,1.43454,1.43454,0.0
2011-06-12 08:30:00,1.43454,1.43454,1.43454,1.43454,0.0
2011-06-12 08:31:00,1.43454,1.43454,1.43454,1.43454,0.0
2011-06-12 08:32:00,1.43454,1.43454,1.43454,1.43454,0.0
2011-06-12 08:33:00,1.43454,1.43454,1.43454,1.43454,0.0
2011-06-12 08:34:00,1.43454,1.43454,1.43454,1.43454,0.0
2011-06-12 08:35:00,1.43454,1.43454,1.43454,1.43454,0.0
2011-06-12 08:36:00,1.43454,1.43454,1.43454,1.43454,0.0
2011-06-12 08:37:00,1.43454,1.43454,1.43454,1.43454,0.0
2011-06-12 08:38:00,1.43454,1.43454,1.43454,1.43454,0.0
2011-06-12 08:39:00,1.43454,1.43454,1.43454,1.43454,0.0
2011-06-12 08:40:00,1.43454,1.43454,1.43454,1.43454,0.0
2011-06-12 08:41:00,1.43454,1.43454,1.43454,1.43454,0.0
2011-06-12 08:42:00,1.43454,1.43454,1.43454,1.43454,0.0
2011-06-12 08:43:00,1.43454,1.43454,1.43454,1.43454,0.0
2011-06-12 08:44:00,1.43454,1.43454,1.43454,1.43454,0.0
2011-06-12 08:45:00,1.43454,1.43454,1.43454,1.43454,0.0
2011-06-12 08:46:00,1.43454,1.43454,1.43454,1.43454,0.0
2011-06-12 08:47:00,1.43454,1.43454,1.43454,1.43454,0.0
2011-06-12 08:48:00,1.43454,1.43454,1.43454,1.43454,0.0
2011-06-12 08:49:00,1.43454,1.43454,1.43454,1.43454,0.0
2011-06-12 08:50:00,1.43454,1.43454,1.43454,1.43454,0.0
2011-06-12 08:51:00,1.43454,1.43454,1.43454,1.43454,0.0
2011-06-12 08:52:00,1.43454,1.43454,1.43454,1.43454,0.0
2011-06-12 08:53:00,1.43454,1.43454,1.43454,1.43454,0.0
2011-06-12 08:54:00,1.43454,1.43454,1.43454,1.43454,0.0
2011-06-12 08:55:00,1.43454,1.43454,1.43454,1.43454,0.0
2011-06-12 08:56:00,1.43454,1.43454,1.43454,1.43454,0.0
2011-06-12 08:57:00,1.43454,1.43454,1.43454,1.43454,0.0
2011-06-12 08:58:00,1.43454,1.43454,1.43454,1.43454,0.0
2011-06-12 08:59:00,1.43454,1.43454,1.43454,1.43454,0.0
2011-06-12 09:00:00,1.43454,1.43454,1.43454,1.43454,0.0
2011-06-12 09:01:00,1.43454,1.43454,1.43454,1.43454,0.0
2011-06-12 09:02:00,1.43454,1.43454,1.43454,1.43454,0.0
2011-06-12 09:03:00,1.43454,1.43454,1.43454,1.43454,0.0
2011-06-12 09:04:00,1.43454,1.43454,1.43454,1.43454,0.0
2011-06-12 09:05:00,1.43454,1.43454,1.43454,1.43454,0.0
2011-06-12 09:06:00,1.43454,1.43454,1.43454,1.43454,0.0
2011-06-12 09:07:00,1.43454,1.43454,1.43454,1.43454,0.0
2011-06-12 09:08:00,1.43454,1.43454,1.43454,1.43454,0.0
2011-06-12 09:09:00,1.43454,1.43454,1.43454,1.43454,0.0
2011-06-12 09:10:00,1.43454,1.43454,1.43454,1.43454,0.0
2011-06-12 09:11:00,1.43454,1.43454,1.43454,1.43454,0.0
2011-06-12 09:12:00,1.43454,1.43454,1.43454,1.43454,0.0
2011-06-12 09:13:00,1.43454,1.43454,1.43454,1.43454,0.0
2011-06-12 09:14:00,1.43454,1.43454,1.43454,1.43454,0.0
2011-06-12 09:15:00,1.43454,1.43454,1.43454,1.43454,0.0
2011-06-12 09:16:00,1.43454,1.43454,1.43454,1.43454,0.0
2011-06-12 09:17:00,1.43454,1.43454,1.43454,1.43454,0.0
2011-06-12 09:18:00,1.43454,1.43454,1.43454,1.43454,0.0
2011-06-12 09:19:00,1.43454,1.43454,1.43454,1.43454,0.0
2011-06-12 09:20:00,1.43454,1.43454,1.43454,1.43454,0.0
2011-06-12 09:21:00,1.43454,1.43454,1.43454,1.43454,0.0
2011-06-12 09:22:00,1.43454,1.43454,1.43454,1.43454,0.0
2011-06-12 09:23:00,1.43454,1.43454,1.43454,1.43454,0.0
2011-06-12 09:24:00,1.43454,1.43454,1.43454,1.43454,0.0
2011-06-12 09:25:00,1.43454,1.43454,1.43454,1.43454,0.0
2011-06-12 09:26:00,1.43454,1.43454,1.43454,1.43454,0.0
2011-06-12 09:27:00,1.43454,1.43454,1.43454,1.43454,0.0
2011-06-12 09:28:00,1.43454,1.43454,1.43454,1.43454,0.0
2011-06-12 09:29:00,1.43454,1.43454,1.43454,1.43454,0.0
2011-06-12 09:30:00,1.43454,1.43454,1.43454,1.43454,0.0
2011-06-12 09:31:00,1.43454,1.43454,1.43454,1.43454,0.0
2011-06-12 09:32:00,1.43454,1.43454,1.43454,1.43454,0.0
2011-06-12 09:33:00,1.43454,1.43454,1.43454,1.43454,0.0
2011-06-12 09:34:00,1.43454,1.43454,1.43454,1.43454,0.0
2011-06-12 09:35:00,1.43454,1.43454,1.43454,1.43454,0.0
2011-06-12 09:36:00,1.43454,1.43454,1.43454,1.43454,0.0
2011-06-12 09:37:00,1.43454,1.43454,1.43454,1.43454,0.0
2011-06-12 09:38:00,1.43454,1.43454,1.43454,1.43454,0.0
2011-06-12 09:39:00,1.43454,1.43454,1.43454,1.43454,0.0
2011-06-12 09:40:00,1.43454,1.43454,1.43454,1.43454,0.0
2011-06-12 09:41:00,1.43454,1.43454,1.43454,1.43454,0.0
2011-06-12 09:42:00,1.43454,1.43454,1.43454,1.43454,0.0
2011-06-12 09:43:00,1.43454,1.43454,1.43454,1.43454,0.0
2011-06-12 09:44:00,1.43454,1.43454,1.43454,1.43454,0.0
2011-06-12 09:45:00,1.43454,1.43454,1.43454,1.43454,0.0
2011-06-12 09:46:00,1.43454,1.43454,1.43454,1.43454,0.0
2011-06-12 09:47:00,1.43454,1.43454,1.43454,1.43454,0.0
2011-06-12 09:48:00,1.43454,1.43454,1.43454,1.43454,0.0
2011-06-12 09:49:00,1.43454,1.43454,1.43454,1.43454,0.0
2011-06-12 09:50:00,1.43454,1.43454,1.43454,1.43454,0.0
2011-06-12 09:51:00,1.43454,1.43454,1.43454,1.43454,0.0
2011-06-12 09:52:00,1.43454,1.43454,1.43454,1.43454,0.0
2011-06-12 09:53:00,1.43454,1.43454,1.43454,1.43454,0.0
2011-06-12 09:54:00,1.43454,1.43454,1.43454,1.43454,0.0
2011-06-12 09:55:00,1.43454,1.43454,1.43454,1.43454,0.0
2011-06-12 09:56:00,1.43454,1.43454,1.43454,1.43454,0.0
2011-06-12 09:57:00,1.43454,1.43454,1.43454,1.43454,0.0
2011-06-12 09:58:00,1.43454,1.43454,1.43454,1.43454,0.0
2011-06-12 09:59:00,1.43454,1.43454,1.43454,1.43454,0.0
2011-06-12 10:00:00,1.43454,1.43454,1.43454,1.43454,0.0
2011-06-12 10:01:00,1.43454,1.43454,1.43454,1.43454,0.0
2011-06-12 10:02:00,1.43454,1.43454,1.43454,1.43454,0.0
2011-06-12 10:03:00,1.43454,1.43454,1.43454,1.43454,0.0
2011-06-12 10:04:00,1.43454,1.43454,1.43454,1.43454,0.0
2011-06-12 10:05:00,1.43454,1.43454,1.43454,1.43454,0.0
2011-06-12 10:06:00,1.43454,1.43454,1.43454,1.43454,0.0
2011-06-12 10:07:00,1.43454,1.43454,1.43454,1.43454,0.0
2011-06-12 10:08:00,1.43454,1.43454,1.43454,1.43454,0.0
2011-06-12 10:09:00,1.43454,1.43454,1.43454,1.43454,0.0
2011-06-12 10:10:00,1.43454,1.43454,1.43454,1.43454,0.0
2011-06-12 10:11:00,1.43454,1.43454,1.43454,1.43454,0.0
2011-06-12 10:12:00,1.43454,1.43454,1.43454,1.43454,0.0
2011-06-12 10:13:00,1.43454,1.43454,1.43454,1.43454,0.0
2011-06-12 10:14:00,1.43454,1.43454,1.43454,1.43454,0.0
2011-06-12 10:15:00,1.43454,1.43454,1.43454,1.43454,0.0
2011-06-12 10:16:00,1.43454,1.43454,1.43454,1.43454,0.0
2011-06-12 10:17:00,1.43454,1.43454,1.43454,1.43454,0.0
2011-06-12 10:18:00,1.43454,1.43454,1.43454,1.43454,0.0
2011-06-12 10:19:00,1.43454,1.43454,1.43454,1.43454,0.0
2011-06-12 10:20:00,1.43454,1.43454,1.43454,1.43454,0.0
2011-06-12 10:21:00,1.43454,1.43454,1.43454,1.43454,0.0
2011-06-12 10:22:00,1.43454,1.43454,1.43454,1.43454,0.0
2011-06-12 10:23:00,1.43454,1.43454,1.43454,1.43454,0.0
2011-06-12 10:24:00,1.43454,1.43454,1.43454,1.43454,0.0
2011-06-12 10:25:00,1.43454,1.43454,1.43454,1.43454,0.0
2011-06-12 10:26:00,1.43454,1.43454,1.43454,1.43454,0.0
2011-06-12 10:27:00,1.43454,1.43454,1.43454,1.43454,0.0
2011-06-12 10:28:00,1.43454,1.43454,1.43454,1.43454,0.0
2011-06-12 10:29:00,1.43454,1.43454,1.43454,1.43454,0.0
2011-06-12 10:30:00,1.43454,1.43454,1.43454,1.43454,0.0
2011-06-12 10:31:00,1.43454,1.43454,1.43454,1.43454,0.0
2011-06-12 10:32:00,1.43454,1.43454,1.43454,1.43454,0.0
2011-06-12 10:33:00,1.43454,1.43454,1.43454,1.43454,0.0
2011-06-12 10:34:00,1.43454,1.43454,1.43454,1.43454,0.0
2011-06-12 10:35:00,1.43454,1.43454,1.43454,1.43454,0.0
2011-06-12 10:36:00,1.43454,1.43454,1.43454,1.43454,0.0
2011-06-12 10:37:00,1.43454,1.43454,1.43454,1.43454,0.0
2011-06-12 10:38:00,1.43454,1.43454,1.43454,1.43454,0.0
2011-06-12 10:39:00,1.43454,1.43454,1.43454,1.43454,0.0
2011-06-12 10:40:00,1.43454,1.43454,1.43454,1.43454,0.0
2011-06-12 10:41:00,1.43454,1.43454,1.43454,1.43454,0.0
2011-06-12 10:42:00,1.43454,1.43454,1.43454,1.43454,0.0
2011-06-12 10:43:00,1.43454,1.43454,1.43454,1.43454,0.0
2011-06-12 10:44:00,1.43454,1.43454,1.43454,1.43454,0.0
2011-06-12 10:45:00,1.43454,1.43454,1.43454,1.43454,0.0
2011-06-12 10:46:00,1.43454,1.43454,1.43454,1.43454,0.0
2011-06-12 10:47:00,1.43454,1.43454,1.43454,1.43454,0.0
2011-06-12 10:48:00,1.43454,1.43454,1.43454,1.43454,0.0
2011-06-12 10:49:00,1.43454,1.43454,1.43454,1.43454,0.0
2011-06-12 10:50:00,1.43454,1.43454,1.43454,1.43454,0.0
2011-06-12 10:51:00,1.43454,1.43454,1.43454,1.43454,0.0
2011-06-12 10:52:00,1.43454,1.43454,1.43454,1.43454,0.0
2011-06-12 10:53:00,1.43454,1.43454,1.43454,1.43454,0.0
2011-06-12 10:54:00,1.43454,1.43454,1.43454,1.43454,0.0
2011-06-12 10:55:00,1.43454,1.43454,1.43454,1.43454,0.0
2011-06-12 10:56:00,1.43454,1.43454,1.43454,1.43454,0.0
2011-06-12 10:57:00,1.43454,1.43454,1.43454,1.43454,0.0
2011-06-12 10:58:00,1.43454,1.43454,1.43454,1.43454,0.0
2011-06-12 10:59:00,1.43454,1.43454,1.43454,1.43454,0.0
2011-06-12 11:00:00,1.43454,1.43454,1.43454,1.43454,0.0
2011-06-12 11:01:00,1.43454,1.43454,1.43454,1.43454,0.0
2011-06-12 11:02:00,1.43454,1.43454,1.43454,1.43454,0.0
2011-06-12 11:03:00,1.43454,1.43454,1.43454,1.43454,0.0
2011-06-12 11:04:00,1.43454,1.43454,1.43454,1.43454,0.0
2011-06-12 11:05:00,1.43454,1.43454,1.43454,1.43454,0.0
2011-06-12 11:06:00,1.43454,1.43454,1.43454,1.43454,0.0
2011-06-12 11:07:00,1.43454,1.43454,1.43454,1.43454,0.0
2011-06-12 11:08:00,1.43454,1.43454,1.43454,1.43454,0.0
2011-06-12 11:09:00,1.43454,1.43454,1.43454,1.43454,0.0
2011-06-12 11:10:00,1.43454,1.43454,1.43454,1.43454,0.0
2011-06-12 11:11:00,1.43454,1.43454,1.43454,1.43454,0.0
2011-06-12 11:12:00,1.43454,1.43454,1.43454,1.43454,0.0
2011-06-12 11:13:00,1.43454,1.43454,1.43454,1.43454,0.0
2011-06-12 11:14:00,1.43454,1.43454,1.43454,1.43454,0.0
2011-06-12 11:15:00,1.43454,1.43454,1.43454,1.43454,0.0
2011-06-12 11:16:00,1.43454,1.43454,1.43454,1.43454,0.0
2011-06-12 11:17:00,1.43454,1.43454,1.43454,1.43454,0.0
2011-06-12 11:18:00,1.43454,1.43454,1.43454,1.43454,0.0
2011-06-12 11:19:00,1.43454,1.43454,1.43454,1.43454,0.0
2011-06-12 11:20:00,1.43454,1.43454,1.43454,1.43454,0.0
2011-06-12 11:21:00,1.43454,1.43454,1.43454,1.43454,0.0
2011-06-12 11:22:00,1.43454,1.43454,1.43454,1.43454,0.0
2011-06-12 11:23:00,1.43454,1.43454,1.43454,1.43454,0.0
2011-06-12 11:24:00,1.43454,1.43454,1.43454,1.43454,0.0
2011-06-12 11:25:00,1.43454,1.43454,1.43454,1.43454,0.0
2011-06-12 11:26:00,1.43454,1.43454,1.43454,1.43454,0.0
2011-06-12 11:27:00,1.43454,1.43454,1.43454,1.43454,0.0
2011-06-12 11:28:00,1.43454,1.43454,1.43454,1.43454,0.0
2011-06-12 11:29:00,1.43454,1.43454,1.43454,1.43454,0.0
2011-06-12 11:30:00,1.43454,1.43454,1.43454,1.43454,0.0
2011-06-12 11:31:00,1.43454,1.43454,1.43454,1.43454,0.0
2011-06-12 11:32:00,1.43454,1.43454,1.43454,1.43454,0.0
2011-06-12 11:33:00,1.43454,1.43454,1.43454,1.43454,0.0
2011-06-12 11:34:00,1.43454,1.43454,1.43454,1.43454,0.0
2011-06-12 11:35:00,1.43454,1.43454,1.43454,1.43454,0.0
2011-06-12 11:36:00,1.43454,1.43454,1.43454,1.43454,0.0
2011-06-12 11:37:00,1.43454,1.43454,1.43454,1.43454,0.0
2011-06-12 11:38:00,1.43454,1.43454,1.43454,1.43454,0.0
2011-06-12 11:39:00,1.43454,1.43454,1.43454,1.43454,0.0
2011-06-12 11:40:00,1.43454,1.43454,1.43454,1.43454,0.0
2011-06-12 11:41:00,1.43454,1.43454,1.43454,1.43454,0.0
2011-06-12 11:42:00,1.43454,1.43454,1.43454,1.43454,0.0
2011-06-12 11:43:00,1.43454,1.43454,1.43454,1.43454,0.0
2011-06-12 11:44:00,1.43454,1.43454,1.43454,1.43454,0.0
2011-06-12 11:45:00,1.43454,1.43454,1.43454,1.43454,0.0
2011-06-12 11:46:00,1.43454,1.43454,1.43454,1.43454,0.0
2011-06-12 11:47:00,1.43454,1.43454,1.43454,1.43454,0.0
2011-06-12 11:48:00,1.43454,1.43454,1.43454,1.43454,0.0
2011-06-12 11:49:00,1.43454,1.43454,1.43454,1.43454,0.0
2011-06-12 11:50:00,1.43454,1.43454,1.43454,1.43454,0.0
2011-06-12 11:51:00,1.43454,1.43454,1.43454,1.43454,0.0
2011-06-12 11:52:00,1.43454,1.43454,1.43454,1.43454,0.0
2011-06-12 11:53:00,1.43454,1.43454,1.43454,1.43454,0.0
2011-06-12 11:54:00,1.43454,1.43454,1.43454,1.43454,0.0
2011-06-12 11:55:00,1.43454,1.43454,1.43454,1.43454,0.0
2011-06-12 11:56:00,1.43454,1.43454,1.43454,1.43454,0.0
2011-06-12 11:57:00,1.43454,1.43454,1.43454,1.43454,0.0
2011-06-12 11:58:00,1.43454,1.43454,1.43454,1.43454,0.0
2011-06-12 11:59:00,1.43454,1.43454,1.43454,1.43454,0.0
2011-06-12 12:00:00,1.43454,1.43454,1.43454,1.43454,0.0
2011-06-12 12:01:00,1.43454,1.43454,1.43454,1.43454,0.0
2011-06-12 12:02:00,1.43454,1.43454,1.43454,1.43454,0.0
2011-06-12 12:03:00,1.43454,1.43454,1.43454,1.43454,0.0
2011-06-12 12:04:00,1.43454,1.43454,1.43454,1.43454,0.0
2011-06-12 12:05:00,1.43454,1.43454,1.43454,1.43454,0.0
2011-06-12 12:06:00,1.43454,1.43454,1.43454,1.43454,0.0
2011-06-12 12:07:00,1.43454,1.43454,1.43454,1.43454,0.0
2011-06-12 12:08:00,1.43454,1.43454,1.43454,1.43454,0.0
2011-06-12 12:09:00,1.43454,1.43454,1.43454,1.43454,0.0
2011-06-12 12:10:00,1.43454,1.43454,1.43454,1.43454,0.0
2011-06-12 12:11:00,1.43454,1.43454,1.43454,1.43454,0.0
2011-06-12 12:12:00,1.43454,1.43454,1.43454,1.43454,0.0
2011-06-12 12:13:00,1.43454,1.43454,1.43454,1.43454,0.0
2011-06-12 12:14:00,1.43454,1.43454,1.43454,1.43454,0.0
2011-06-12 12:15:00,1.43454,1.43454,1.43454,1.43454,0.0
2011-06-12 12:16:00,1.43454,1.43454,1.43454,1.43454,0.0
2011-06-12 12:17:00,1.43454,1.43454,1.43454,1.43454,0.0
2011-06-12 12:18:00,1.43454,1.43454,1.43454,1.43454,0.0
2011-06-12 12:19:00,1.43454,1.43454,1.43454,1.43454,0.0
2011-06-12 12:20:00,1.43454,1.43454,1.43454,1.43454,0.0
2011-06-12 12:21:00,1.43454,1.43454,1.43454,1.43454,0.0
2011-06-12 12:22:00,1.43454,1.43454,1.43454,1.43454,0.0
2011-06-12 12:23:00,1.43454,1.43454,1.43454,1.43454,0.0
2011-06-12 12:24:00,1.43454,1.43454,1.43454,1.43454,0.0
2011-06-12 12:25:00,1.43454,1.43454,1.43454,1.43454,0.0
2011-06-12 12:26:00,1.43454,1.43454,1.43454,1.43454,0.0
2011-06-12 12:27:00,1.43454,1.43454,1.43454,1.43454,0.0
2011-06-12 12:28:00,1.43454,1.43454,1.43454,1.43454,0.0
2011-06-12 12:29:00,1.43454,1.43454,1.43454,1.43454,0.0
2011-06-12 12:30:00,1.43454,1.43454,1.43454,1.43454,0.0
2011-06-12 12:31:00,1.43454,1.43454,1.43454,1.43454,0.0
2011-06-12 12:32:00,1.43454,1.43454,1.43454,1.43454,0.0
2011-06-12 12:33:00,1.43454,1.43454,1.43454,1.43454,0.0
2011-06-12 12:34:00,1.43454,1.43454,1.43454,1.43454,0.0
2011-06-12 12:35:00,1.43454,1.43454,1.43454,1.43454,0.0
2011-06-12 12:36:00,1.43454,1.43454,1.43454,1.43454,0.0
2011-06-12 12:37:00,1.43454,1.43454,1.43454,1.43454,0.0
2011-06-12 12:38:00,1.43454,1.43454,1.43454,1.43454,0.0
2011-06-12 12:39:00,1.43454,1.43454,1.43454,1.43454,0.0
2011-06-12 12:40:00,1.43454,1.43454,1.43454,1.43454,0.0
2011-06-12 12:41:00,1.43454,1.43454,1.43454,1.43454,0.0
2011-06-12 12:42:00,1.43454,1.43454,1.43454,1.43454,0.0
2011-06-12 12:43:00,1.43454,1.43454,1.43454,1.43454,0.0
2011-06-12 12:44:00,1.43454,1.43454,1.43454,1.43454,0.0
2011-06-12 12:45:00,1.43454,1.43454,1.43454,1.43454,0.0
2011-06-12 12:46:00,1.43454,1.43454,1.43454,1.43454,0.0
2011-06-12 12:47:00,1.43454,1.43454,1.43454,1.43454,0.0
2011-06-12 12:48:00,1.43454,1.43454,1.43454,1.43454,0.0
2011-06-12 12:49:00,1.43454,1.43454,1.43454,1.43454,0.0
2011-06-12 12:50:00,1.43454,1.43454,1.43454,1.43454,0.0
2011-06-12 12:51:00,1.43454,1.43454,1.43454,1.43454,0.0
2011-06-12 12:52:00,1.43454,1.43454,1.43454,1.43454,0.0
2011-06-12 12:53:00,1.43454,1.43454,1.43454,1.43454,0.0
2011-06-12 12:54:00,1.43454,1.43454,1.43454,1.43454,0.0
2011-06-12 12:55:00,1.43454,1.43454,1.43454,1.43454,0.0
2011-06-12 12:56:00,1.43454,1.43454,1.43454,1.43454,0.0
2011-06-12 12:57:00,1.43454,1.43454,1.43454,1.43454,0.0
2011-06-12 12:58:00,1.43454,1.43454,1.43454,1.43454,0.0
2011-06-12 12:59:00,1.43454,1.43454,1.43454,1.43454,0.0
2011-06-12 13:00:00,1.43454,1.43454,1.43454,1.43454,0.0
2011-06-12 13:01:00,1.43454,1.43454,1.43454,1.43454,0.0
2011-06-12 13:02:00,1.43454,1.43454,1.43454,1.43454,0.0
2011-06-12 13:03:00,1.43454,1.43454,1.43454,1.43454,0.0
2011-06-12 13:04:00,1.43454,1.43454,1.43454,1.43454,0.0
2011-06-12 13:05:00,1.43454,1.43454,1.43454,1.43454,0.0
2011-06-12 13:06:00,1.43454,1.43454,1.43454,1.43454,0.0
2011-06-12 13:07:00,1.43454,1.43454,1.43454,1.43454,0.0
2011-06-12 13:08:00,1.43454,1.43454,1.43454,1.43454,0.0
2011-06-12 13:09:00,1.43454,1.43454,1.43454,1.43454,0.0
2011-06-12 13:10:00,1.43454,1.43454,1.43454,1.43454,0.0
2011-06-12 13:11:00,1.43454,1.43454,1.43454,1.43454,0.0
2011-06-12 13:12:00,1.43454,1.43454,1.43454,1.43454,0.0
2011-06-12 13:13:00,1.43454,1.43454,1.43454,1.43454,0.0
2011-06-12 13:14:00,1.43454,1.43454,1.43454,1.43454,0.0
2011-06-12 13:15:00,1.43454,1.43454,1.43454,1.43454,0.0
2011-06-12 13:16:00,1.43454,1.43454,1.43454,1.43454,0.0
2011-06-12 13:17:00,1.43454,1.43454,1.43454,1.43454,0.0
2011-06-12 13:18:00,1.43454,1.43454,1.43454,1.43454,0.0
2011-06-12 13:19:00,1.43454,1.43454,1.43454,1.43454,0.0
2011-06-12 13:20:00,1.43454,1.43454,1.43454,1.43454,0.0
2011-06-12 13:21:00,1.43454,1.43454,1.43454,1.43454,0.0
2011-06-12 13:22:00,1.43454,1.43454,1.43454,1.43454,0.0
2011-06-12 13:23:00,1.43454,1.43454,1.43454,1.43454,0.0
2011-06-12 13:24:00,1.43454,1.43454,1.43454,1.43454,0.0
2011-06-12 13:25:00,1.43454,1.43454,1.43454,1.43454,0.0
2011-06-12 13:26:00,1.43454,1.43454,1.43454,1.43454,0.0
2011-06-12 13:27:00,1.43454,1.43454,1.43454,1.43454,0.0
2011-06-12 13:28:00,1.43454,1.43454,1.43454,1.43454,0.0
2011-06-12 13:29:00,1.43454,1.43454,1.43454,1.43454,0.0
2011-06-12 13:30:00,1.43454,1.43454,1.43454,1.43454,0.0
2011-06-12 13:31:00,1.43454,1.43454,1.43454,1.43454,0.0
2011-06-12 13:32:00,1.43454,1.43454,1.43454,1.43454,0.0
2011-06-12 13:33:00,1.43454,1.43454,1.43454,1.43454,0.0
2011-06-12 13:34:00,1.43454,1.43454,1.43454,1.43454,0.0
2011-06-12 13:35:00,1.43454,1.43454,1.43454,1.43454,0.0
2011-06-12 13:36:00,1.43454,1.43454,1.43454,1.43454,0.0
2011-06-12 13:37:00,1.43454,1.43454,1.43454,1.43454,0.0
2011-06-12 13:38:00,1.43454,1.43454,1.43454,1.43454,0.0
2011-06-12 13:39:00,1.43454,1.43454,1.43454,1.43454,0.0
2011-06-12 13:40:00,1.43454,1.43454,1.43454,1.43454,0.0
2011-06-12 13:41:00,1.43454,1.43454,1.43454,1.43454,0.0
2011-06-12 13:42:00,1.43454,1.43454,1.43454,1.43454,0.0
2011-06-12 13:43:00,1.43454,1.43454,1.43454,1.43454,0.0
2011-06-12 13:44:00,1.43454,1.43454,1.43454,1.43454,0.0
2011-06-12 13:45:00,1.43454,1.43454,1.43454,1.43454,0.0
2011-06-12 13:46:00,1.43454,1.43454,1.43454,1.43454,0.0
2011-06-12 13:47:00,1.43454,1.43454,1.43454,1.43454,0.0
2011-06-12 13:48:00,1.43454,1.43454,1.43454,1.43454,0.0
2011-06-12 13:49:00,1.43454,1.43454,1.43454,1.43454,0.0
2011-06-12 13:50:00,1.43454,1.43454,1.43454,1.43454,0.0
2011-06-12 13:51:00,1.43454,1.43454,1.43454,1.43454,0.0
2011-06-12 13:52:00,1.43454,1.43454,1.43454,1.43454,0.0
2011-06-12 13:53:00,1.43454,1.43454,1.43454,1.43454,0.0
2011-06-12 13:54:00,1.43454,1.43454,1.43454,1.43454,0.0
2011-06-12 13:55:00,1.43454,1.43454,1.43454,1.43454,0.0
2011-06-12 13:56:00,1.43454,1.43454,1.43454,1.43454,0.0
2011-06-12 13:57:00,1.43454,1.43454,1.43454,1.43454,0.0
2011-06-12 13:58:00,1.43454,1.43454,1.43454,1.43454,0.0
2011-06-12 13:59:00,1.43454,1.43454,1.43454,1.43454,0.0
2011-06-12 14:00:00,1.43454,1.43454,1.43454,1.43454,0.0
2011-06-12 14:01:00,1.43454,1.43454,1.43454,1.43454,0.0
2011-06-12 14:02:00,1.43454,1.43454,1.43454,1.43454,0.0
2011-06-12 14:03:00,1.43454,1.43454,1.43454,1.43454,0.0
2011-06-12 14:04:00,1.43454,1.43454,1.43454,1.43454,0.0
2011-06-12 14:05:00,1.43454,1.43454,1.43454,1.43454,0.0
2011-06-12 14:06:00,1.43454,1.43454,1.43454,1.43454,0.0
2011-06-12 14:07:00,1.43454,1.43454,1.43454,1.43454,0.0
2011-06-12 14:08:00,1.43454,1.43454,1.43454,1.43454,0.0
2011-06-12 14:09:00,1.43454,1.43454,1.43454,1.43454,0.0
2011-06-12 14:10:00,1.43454,1.43454,1.43454,1.43454,0.0
2011-06-12 14:11:00,1.43454,1.43454,1.43454,1.43454,0.0
2011-06-12 14:12:00,1.43454,1.43454,1.43454,1.43454,0.0
2011-06-12 14:13:00,1.43454,1.43454,1.43454,1.43454,0.0
2011-06-12 14:14:00,1.43454,1.43454,1.43454,1.43454,0.0
2011-06-12 14:15:00,1.43454,1.43454,1.43454,1.43454,0.0
2011-06-12 14:16:00,1.43454,1.43454,1.43454,1.43454,0.0
2011-06-12 14:17:00,1.43454,1.43454,1.43454,1.43454,0.0
2011-06-12 14:18:00,1.43454,1.43454,1.43454,1.43454,0.0
2011-06-12 14:19:00,1.43454,1.43454,1.43454,1.43454,0.0
2011-06-12 14:20:00,1.43454,1.43454,1.43454,1.43454,0.0
2011-06-12 14:21:00,1.43454,1.43454,1.43454,1.43454,0.0
2011-06-12 14:22:00,1.43454,1.43454,1.43454,1.43454,0.0
2011-06-12 14:23:00,1.43454,1.43454,1.43454,1.43454,0.0
2011-06-12 14:24:00,1.43454,1.43454,1.43454,1.43454,0.0
2011-06-12 14:25:00,1.43454,1.43454,1.43454,1.43454,0.0
2011-06-12 14:26:00,1.43454,1.43454,1.43454,1.43454,0.0
2011-06-12 14:27:00,1.43454,1.43454,1.43454,1.43454,0.0
2011-06-12 14:28:00,1.43454,1.43454,1.43454,1.43454,0.0
2011-06-12 14:29:00,1.43454,1.43454,1.43454,1.43454,0.0
2011-06-12 14:30:00,1.43454,1.43454,1.43454,1.43454,0.0
2011-06-12 14:31:00,1.43454,1.43454,1.43454,1.43454,0.0
2011-06-12 14:32:00,1.43454,1.43454,1.43454,1.43454,0.0
2011-06-12 14:33:00,1.43454,1.43454,1.43454,1.43454,0.0
2011-06-12 14:34:00,1.43454,1.43454,1.43454,1.43454,0.0
2011-06-12 14:35:00,1.43454,1.43454,1.43454,1.43454,0.0
2011-06-12 14:36:00,1.43454,1.43454,1.43454,1.43454,0.0
2011-06-12 14:37:00,1.43454,1.43454,1.43454,1.43454,0.0
2011-06-12 14:38:00,1.43454,1.43454,1.43454,1.43454,0.0
2011-06-12 14:39:00,1.43454,1.43454,1.43454,1.43454,0.0
2011-06-12 14:40:00,1.43454,1.43454,1.43454,1.43454,0.0
2011-06-12 14:41:00,1.43454,1.43454,1.43454,1.43454,0.0
2011-06-12 14:42:00,1.43454,1.43454,1.43454,1.43454,0.0
2011-06-12 14:43:00,1.43454,1.43454,1.43454,1.43454,0.0
2011-06-12 14:44:00,1.43454,1.43454,1.43454,1.43454,0.0
2011-06-12 14:45:00,1.43454,1.43454,1.43454,1.43454,0.0
2011-06-12 14:46:00,1.43454,1.43454,1.43454,1.43454,0.0
2011-06-12 14:47:00,1.43454,1.43454,1.43454,1.43454,0.0
2011-06-12 14:48:00,1.43454,1.43454,1.43454,1.43454,0.0
2011-06-12 14:49:00,1.43454,1.43454,1.43454,1.43454,0.0
2011-06-12 14:50:00,1.43454,1.43454,1.43454,1.43454,0.0
2011-06-12 14:51:00,1.43454,1.43454,1.43454,1.43454,0.0
2011-06-12 14:52:00,1.43454,1.43454,1.43454,1.43454,0.0
2011-06-12 14:53:00,1.43454,1.43454,1.43454,1.43454,0.0
2011-06-12 14:54:00,1.43454,1.43454,1.43454,1.43454,0.0
2011-06-12 14:55:00,1.43454,1.43454,1.43454,1.43454,0.0
2011-06-12 14:56:00,1.43454,1.43454,1.43454,1.43454,0.0
2011-06-12 14:57:00,1.43454,1.43454,1.43454,1.43454,0.0
2011-06-12 14:58:00,1.43454,1.43454,1.43454,1.43454,0.0
2011-06-12 14:59:00,1.43454,1.43454,1.43454,1.43454,0.0
2011-06-12 15:00:00,1.43454,1.43454,1.43454,1.43454,0.0
2011-06-12 15:01:00,1.43454,1.43454,1.43454,1.43454,0.0
2011-06-12 15:02:00,1.43454,1.43454,1.43454,1.43454,0.0
2011-06-12 15:03:00,1.43454,1.43454,1.43454,1.43454,0.0
2011-06-12 15:04:00,1.43454,1.43454,1.43454,1.43454,0.0
2011-06-12 15:05:00,1.43454,1.43454,1.43454,1.43454,0.0
2011-06-12 15:06:00,1.43454,1.43454,1.43454,1.43454,0.0
2011-06-12 15:07:00,1.43454,1.43454,1.43454,1.43454,0.0
2011-06-12 15:08:00,1.43454,1.43454,1.43454,1.43454,0.0
2011-06-12 15:09:00,1.43454,1.43454,1.43454,1.43454,0.0
2011-06-12 15:10:00,1.43454,1.43454,1.43454,1.43454,0.0
2011-06-12 15:11:00,1.43454,1.43454,1.43454,1.43454,0.0
2011-06-12 15:12:00,1.43454,1.43454,1.43454,1.43454,0.0
2011-06-12 15:13:00,1.43454,1.43454,1.43454,1.43454,0.0
2011-06-12 15:14:00,1.43454,1.43454,1.43454,1.43454,0.0
2011-06-12 15:15:00,1.43454,1.43454,1.43454,1.43454,0.0
2011-06-12 15:16:00,1.43454,1.43454,1.43454,1.43454,0.0
2011-06-12 15:17:00,1.43454,1.43454,1.43454,1.43454,0.0
2011-06-12 15:18:00,1.43454,1.43454,1.43454,1.43454,0.0
2011-06-12 15:19:00,1.43454,1.43454,1.43454,1.43454,0.0
2011-06-12 15:20:00,1.43454,1.43454,1.43454,1.43454,0.0
2011-06-12 15:21:00,1.43454,1.43454,1.43454,1.43454,0.0
2011-06-12 15:22:00,1.43454,1.43454,1.43454,1.43454,0.0
2011-06-12 15:23:00,1.43454,1.43454,1.43454,1.43454,0.0
2011-06-12 15:24:00,1.43454,1.43454,1.43454,1.43454,0.0
2011-06-12 15:25:00,1.43454,1.43454,1.43454,1.43454,0.0
2011-06-12 15:26:00,1.43454,1.43454,1.43454,1.43454,0.0
2011-06-12 15:27:00,1.43454,1.43454,1.43454,1.43454,0.0
2011-06-12 15:28:00,1.43454,1.43454,1.43454,1.43454,0.0
2011-06-12 15:29:00,1.43454,1.43454,1.43454,1.43454,0.0
2011-06-12 15:30:00,1.43454,1.43454,1.43454,1.43454,0.0
2011-06-12 15:31:00,1.43454,1.43454,1.43454,1.43454,0.0
2011-06-12 15:32:00,1.43454,1.43454,1.43454,1.43454,0.0
2011-06-12 15:33:00,1.43454,1.43454,1.43454,1.43454,0.0
2011-06-12 15:34:00,1.43454,1.43454,1.43454,1.43454,0.0
2011-06-12 15:35:00,1.43454,1.43454,1.43454,1.43454,0.0
2011-06-12 15:36:00,1.43454,1.43454,1.43454,1.43454,0.0
2011-06-12 15:37:00,1.43454,1.43454,1.43454,1.43454,0.0
2011-06-12 15:38:00,1.43454,1.43454,1.43454,1.43454,0.0
2011-06-12 15:39:00,1.43454,1.43454,1.43454,1.43454,0.0
2011-06-12 15:40:00,1.43454,1.43454,1.43454,1.43454,0.0
2011-06-12 15:41:00,1.43454,1.43454,1.43454,1.43454,0.0
2011-06-12 15:42:00,1.43454,1.43454,1.43454,1.43454,0.0
2011-06-12 15:43:00,1.43454,1.43454,1.43454,1.43454,0.0
2011-06-12 15:44:00,1.43454,1.43454,1.43454,1.43454,0.0
2011-06-12 15:45:00,1.43454,1.43454,1.43454,1.43454,0.0
2011-06-12 15:46:00,1.43454,1.43454,1.43454,1.43454,0.0
2011-06-12 15:47:00,1.43454,1.43454,1.43454,1.43454,0.0
2011-06-12 15:48:00,1.43454,1.43454,1.43454,1.43454,0.0
2011-06-12 15:49:00,1.43454,1.43454,1.43454,1.43454,0.0
2011-06-12 15:50:00,1.43454,1.43454,1.43454,1.43454,0.0
2011-06-12 15:51:00,1.43454,1.43454,1.43454,1.43454,0.0
2011-06-12 15:52:00,1.43454,1.43454,1.43454,1.43454,0.0
2011-06-12 15:53:00,1.43454,1.43454,1.43454,1.43454,0.0
2011-06-12 15:54:00,1.43454,1.43454,1.43454,1.43454,0.0
2011-06-12 15:55:00,1.43454,1.43454,1.43454,1.43454,0.0
2011-06-12 15:56:00,1.43454,1.43454,1.43454,1.43454,0.0
2011-06-12 15:57:00,1.43454,1.43454,1.43454,1.43454,0.0
2011-06-12 15:58:00,1.43454,1.43454,1.43454,1.43454,0.0
2011-06-12 15:59:00,1.43454,1.43454,1.43454,1.43454,0.0
2011-06-12 16:00:00,1.43454,1.43454,1.43454,1.43454,0.0
2011-06-12 16:01:00,1.43454,1.43454,1.43454,1.43454,0.0
2011-06-12 16:02:00,1.43454,1.43454,1.43454,1.43454,0.0
2011-06-12 16:03:00,1.43454,1.43454,1.43454,1.43454,0.0
2011-06-12 16:04:00,1.43454,1.43454,1.43454,1.43454,0.0
2011-06-12 16:05:00,1.43454,1.43454,1.43454,1.43454,0.0
2011-06-12 16:06:00,1.43454,1.43454,1.43454,1.43454,0.0
2011-06-12 16:07:00,1.43454,1.43454,1.43454,1.43454,0.0
2011-06-12 16:08:00,1.43454,1.43454,1.43454,1.43454,0.0
2011-06-12 16:09:00,1.43454,1.43454,1.43454,1.43454,0.0
2011-06-12 16:10:00,1.43454,1.43454,1.43454,1.43454,0.0
2011-06-12 16:11:00,1.43454,1.43454,1.43454,1.43454,0.0
2011-06-12 16:12:00,1.43454,1.43454,1.43454,1.43454,0.0
2011-06-12 16:13:00,1.43454,1.43454,1.43454,1.43454,0.0
2011-06-12 16:14:00,1.43454,1.43454,1.43454,1.43454,0.0
2011-06-12 16:15:00,1.43454,1.43454,1.43454,1.43454,0.0
2011-06-12 16:16:00,1.43454,1.43454,1.43454,1.43454,0.0
2011-06-12 16:17:00,1.43454,1.43454,1.43454,1.43454,0.0
2011-06-12 16:18:00,1.43454,1.43454,1.43454,1.43454,0.0
2011-06-12 16:19:00,1.43454,1.43454,1.43454,1.43454,0.0
2011-06-12 16:20:00,1.43454,1.43454,1.43454,1.43454,0.0
2011-06-12 16:21:00,1.43454,1.43454,1.43454,1.43454,0.0
2011-06-12 16:22:00,1.43454,1.43454,1.43454,1.43454,0.0
2011-06-12 16:23:00,1.43454,1.43454,1.43454,1.43454,0.0
2011-06-12 16:24:00,1.43454,1.43454,1.43454,1.43454,0.0
2011-06-12 16:25:00,1.43454,1.43454,1.43454,1.43454,0.0
2011-06-12 16:26:00,1.43454,1.43454,1.43454,1.43454,0.0
2011-06-12 16:27:00,1.43454,1.43454,1.43454,1.43454,0.0
2011-06-12 16:28:00,1.43454,1.43454,1.43454,1.43454,0.0
2011-06-12 16:29:00,1.43454,1.43454,1.43454,1.43454,0.0
2011-06-12 16:30:00,1.43454,1.43454,1.43454,1.43454,0.0
2011-06-12 16:31:00,1.43454,1.43454,1.43454,1.43454,0.0
2011-06-12 16:32:00,1.43454,1.43454,1.43454,1.43454,0.0
2011-06-12 16:33:00,1.43454,1.43454,1.43454,1.43454,0.0
2011-06-12 16:34:00,1.43454,1.43454,1.43454,1.43454,0.0
2011-06-12 16:35:00,1.43454,1.43454,1.43454,1.43454,0.0
2011-06-12 16:36:00,1.43454,1.43454,1.43454,1.43454,0.0
2011-06-12 16:37:00,1.43454,1.43454,1.43454,1.43454,0.0
2011-06-12 16:38:00,1.43454,1.43454,1.43454,1.43454,0.0
2011-06-12 16:39:00,1.43454,1.43454,1.43454,1.43454,0.0
2011-06-12 16:40:00,1.43454,1.43454,1.43454,1.43454,0.0
2011-06-12 16:41:00,1.43454,1.43454,1.43454,1.43454,0.0
2011-06-12 16:42:00,1.43454,1.43454,1.43454,1.43454,0.0
2011-06-12 16:43:00,1.43454,1.43454,1.43454,1.43454,0.0
2011-06-12 16:44:00,1.43454,1.43454,1.43454,1.43454,0.0
2011-06-12 16:45:00,1.43454,1.43454,1.43454,1.43454,0.0
2011-06-12 16:46:00,1.43454,1.43454,1.43454,1.43454,0.0
2011-06-12 16:47:00,1.43454,1.43454,1.43454,1.43454,0.0
2011-06-12 16:48:00,1.43454,1.43454,1.43454,1.43454,0.0
2011-06-12 16:49:00,1.43454,1.43454,1.43454,1.43454,0.0
2011-06-12 16:50:00,1.43454,1.43454,1.43454,1.43454,0.0
2011-06-12 16:51:00,1.43454,1.43454,1.43454,1.43454,0.0
2011-06-12 16:52:00,1.43454,1.43454,1.43454,1.43454,0.0
2011-06-12 16:53:00,1.43454,1.43454,1.43454,1.43454,0.0
2011-06-12 16:54:00,1.43454,1.43454,1.43454,1.43454,0.0
2011-06-12 16:55:00,1.43454,1.43454,1.43454,1.43454,0.0
2011-06-12 16:56:00,1.43454,1.43454,1.43454,1.43454,0.0
2011-06-12 16:57:00,1.43454,1.43454,1.43454,1.43454,0.0
2011-06-12 16:58:00,1.43454,1.43454,1.43454,1.43454,0.0
2011-06-12 16:59:00,1.43454,1.43454,1.43454,1.43454,0.0
2011-06-12 17:00:00,1.43454,1.43454,1.43454,1.43454,0.0
2011-06-12 17:01:00,1.43454,1.43454,1.43454,1.43454,0.0
2011-06-12 17:02:00,1.43454,1.43454,1.43454,1.43454,0.0
2011-06-12 17:03:00,1.43454,1.43454,1.43454,1.43454,0.0
2011-06-12 17:04:00,1.43454,1.43454,1.43454,1.43454,0.0
2011-06-12 17:05:00,1.43454,1.43454,1.43454,1.43454,0.0
2011-06-12 17:06:00,1.43454,1.43454,1.43454,1.43454,0.0
2011-06-12 17:07:00,1.43454,1.43454,1.43454,1.43454,0.0
2011-06-12 17:08:00,1.43454,1.43454,1.43454,1.43454,0.0
2011-06-12 17:09:00,1.43454,1.43454,1.43454,1.43454,0.0
2011-06-12 17:10:00,1.43454,1.43454,1.43454,1.43454,0.0
2011-06-12 17:11:00,1.43454,1.43454,1.43454,1.43454,0.0
2011-06-12 17:12:00,1.43454,1.43454,1.43454,1.43454,0.0
2011-06-12 17:13:00,1.43454,1.43454,1.43454,1.43454,0.0
2011-06-12 17:14:00,1.43454,1.43454,1.43454,1.43454,0.0
2011-06-12 17:15:00,1.43454,1.43454,1.43454,1.43454,0.0
2011-06-12 17:16:00,1.43454,1.43454,1.43454,1.43454,0.0
2011-06-12 17:17:00,1.43454,1.43454,1.43454,1.43454,0.0
2011-06-12 17:18:00,1.43454,1.43454,1.43454,1.43454,0.0
2011-06-12 17:19:00,1.43454,1.43454,1.43454,1.43454,0.0
2011-06-12 17:20:00,1.43454,1.43454,1.43454,1.43454,0.0
2011-06-12 17:21:00,1.43454,1.43454,1.43454,1.43454,0.0
2011-06-12 17:22:00,1.43454,1.43454,1.43454,1.43454,0.0
2011-06-12 17:23:00,1.43454,1.43454,1.43454,1.43454,0.0
2011-06-12 17:24:00,1.43454,1.43454,1.43454,1.43454,0.0
2011-06-12 17:25:00,1.43454,1.43454,1.43454,1.43454,0.0
2011-06-12 17:26:00,1.43454,1.43454,1.43454,1.43454,0.0
2011-06-12 17:27:00,1.43454,1.43454,1.43454,1.43454,0.0
2011-06-12 17:28:00,1.43454,1.43454,1.43454,1.43454,0.0
2011-06-12 17:29:00,1.43454,1.43454,1.43454,1.43454,0.0
2011-06-12 17:30:00,1.43454,1.43454,1.43454,1.43454,0.0
2011-06-12 17:31:00,1.43454,1.43454,1.43454,1.43454,0.0
2011-06-12 17:32:00,1.43454,1.43454,1.43454,1.43454,0.0
2011-06-12 17:33:00,1.43454,1.43454,1.43454,1.43454,0.0
2011-06-12 17:34:00,1.43454,1.43454,1.43454,1.43454,0.0
2011-06-12 17:35:00,1.43454,1.43454,1.43454,1.43454,0.0
2011-06-12 17:36:00,1.43454,1.43454,1.43454,1.43454,0.0
2011-06-12 17:37:00,1.43454,1.43454,1.43454,1.43454,0.0
2011-06-12 17:38:00,1.43454,1.43454,1.43454,1.43454,0.0
2011-06-12 17:39:00,1.43454,1.43454,1.43454,1.43454,0.0
2011-06-12 17:40:00,1.43454,1.43454,1.43454,1.43454,0.0
2011-06-12 17:41:00,1.43454,1.43454,1.43454,1.43454,0.0
2011-06-12 17:42:00,1.43454,1.43454,1.43454,1.43454,0.0
2011-06-12 17:43:00,1.43454,1.43454,1.43454,1.43454,0.0
2011-06-12 17:44:00,1.43454,1.43454,1.43454,1.43454,0.0
2011-06-12 17:45:00,1.43454,1.43454,1.43454,1.43454,0.0
2011-06-12 17:46:00,1.43454,1.43454,1.43454,1.43454,0.0
2011-06-12 17:47:00,1.43454,1.43454,1.43454,1.43454,0.0
2011-06-12 17:48:00,1.43454,1.43454,1.43454,1.43454,0.0
2011-06-12 17:49:00,1.43454,1.43454,1.43454,1.43454,0.0
2011-06-12 17:50:00,1.43454,1.43454,1.43454,1.43454,0.0
2011-06-12 17:51:00,1.43454,1.43454,1.43454,1.43454,0.0
2011-06-12 17:52:00,1.43454,1.43454,1.43454,1.43454,0.0
2011-06-12 17:53:00,1.43454,1.43454,1.43454,1.43454,0.0
2011-06-12 17:54:00,1.43454,1.43454,1.43454,1.43454,0.0
2011-06-12 17:55:00,1.43454,1.43454,1.43454,1.43454,0.0
2011-06-12 17:56:00,1.43454,1.43454,1.43454,1.43454,0.0
2011-06-12 17:57:00,1.43454,1.43454,1.43454,1.43454,0.0
2011-06-12 17:58:00,1.43454,1.43454,1.43454,1.43454,0.0
2011-06-12 17:59:00,1.43454,1.43454,1.43454,1.43454,0.0
2011-06-12 18:00:00,1.43454,1.43454,1.43454,1.43454,0.0
2011-06-12 18:01:00,1.43454,1.43454,1.43454,1.43454,0.0
2011-06-12 18:02:00,1.43454,1.43454,1.43454,1.43454,0.0
2011-06-12 18:03:00,1.43454,1.43454,1.43454,1.43454,0.0
2011-06-12 18:04:00,1.43454,1.43454,1.43454,1.43454,0.0
2011-06-12 18:05:00,1.43454,1.43454,1.43454,1.43454,0.0
2011-06-12 18:06:00,1.43454,1.43454,1.43454,1.43454,0.0
2011-06-12 18:07:00,1.43454,1.43454,1.43454,1.43454,0.0
2011-06-12 18:08:00,1.43454,1.43454,1.43454,1.43454,0.0
2011-06-12 18:09:00,1.43454,1.43454,1.43454,1.43454,0.0
2011-06-12 18:10:00,1.43454,1.43454,1.43454,1.43454,0.0
2011-06-12 18:11:00,1.43454,1.43454,1.43454,1.43454,0.0
2011-06-12 18:12:00,1.43454,1.43454,1.43454,1.43454,0.0
2011-06-12 18:13:00,1.43454,1.43454,1.43454,1.43454,0.0
2011-06-12 18:14:00,1.43454,1.43454,1.43454,1.43454,0.0
2011-06-12 18:15:00,1.43454,1.43454,1.43454,1.43454,0.0
2011-06-12 18:16:00,1.43454,1.43454,1.43454,1.43454,0.0
2011-06-12 18:17:00,1.43454,1.43454,1.43454,1.43454,0.0
2011-06-12 18:18:00,1.43454,1.43454,1.43454,1.43454,0.0
2011-06-12 18:19:00,1.43454,1.43454,1.43454,1.43454,0.0
2011-06-12 18:20:00,1.43454,1.43454,1.43454,1.43454,0.0
2011-06-12 18:21:00,1.43454,1.43454,1.43454,1.43454,0.0
2011-06-12 18:22:00,1.43454,1.43454,1.43454,1.43454,0.0
2011-06-12 18:23:00,1.43454,1.43454,1.43454,1.43454,0.0
2011-06-12 18:24:00,1.43454,1.43454,1.43454,1.43454,0.0
2011-06-12 18:25:00,1.43454,1.43454,1.43454,1.43454,0.0
2011-06-12 18:26:00,1.43454,1.43454,1.43454,1.43454,0.0
2011-06-12 18:27:00,1.43454,1.43454,1.43454,1.43454,0.0
2011-06-12 18:28:00,1.43454,1.43454,1.43454,1.43454,0.0
2011-06-12 18:29:00,1.43454,1.43454,1.43454,1.43454,0.0
2011-06-12 18:30:00,1.43454,1.43454,1.43454,1.43454,0.0
2011-06-12 18:31:00,1.43454,1.43454,1.43454,1.43454,0.0
2011-06-12 18:32:00,1.43454,1.43454,1.43454,1.43454,0.0
2011-06-12 18:33:00,1.43454,1.43454,1.43454,1.43454,0.0
2011-06-12 18:34:00,1.43454,1.43454,1.43454,1.43454,0.0
2011-06-12 18:35:00,1.43454,1.43454,1.43454,1.43454,0.0
2011-06-12 18:36:00,1.43454,1.43454,1.43454,1.43454,0.0
2011-06-12 18:37:00,1.43454,1.43454,1.43454,1.43454,0.0
2011-06-12 18:38:00,1.43454,1.43454,1.43454,1.43454,0.0
2011-06-12 18:39:00,1.43454,1.43454,1.43454,1.43454,0.0
2011-06-12 18:40:00,1.43454,1.43454,1.43454,1.43454,0.0
2011-06-12 18:41:00,1.43454,1.43454,1.43454,1.43454,0.0
2011-06-12 18:42:00,1.43454,1.43454,1.43454,1.43454,0.0
2011-06-12 18:43:00,1.43454,1.43454,1.43454,1.43454,0.0
2011-06-12 18:44:00,1.43454,1.43454,1.43454,1.43454,0.0
2011-06-12 18:45:00,1.43454,1.43454,1.43454,1.43454,0.0
2011-06-12 18:46:00,1.43454,1.43454,1.43454,1.43454,0.0
2011-06-12 18:47:00,1.43454,1.43454,1.43454,1.43454,0.0
2011-06-12 18:48:00,1.43454,1.43454,1.43454,1.43454,0.0
2011-06-12 18:49:00,1.43454,1.43454,1.43454,1.43454,0.0
2011-06-12 18:50:00,1.43454,1.43454,1.43454,1.43454,0.0
2011-06-12 18:51:00,1.43454,1.43454,1.43454,1.43454,0.0
2011-06-12 18:52:00,1.43454,1.43454,1.43454,1.43454,0.0
2011-06-12 18:53:00,1.43454,1.43454,1.43454,1.43454,0.0
2011-06-12 18:54:00,1.43454,1.43454,1.43454,1.43454,0.0
2011-06-12 18:55:00,1.43454,1.43454,1.43454,1.43454,0.0
2011-06-12 18:56:00,1.43454,1.43454,1.43454,1.43454,0.0
2011-06-12 18:57:00,1.43454,1.43454,1.43454,1.43454,0.0
2011-06-12 18:58:00,1.43454,1.43454,1.43454,1.43454,0.0
2011-06-12 18:59:00,1.43454,1.43454,1.43454,1.43454,0.0
2011-06-12 19:00:00,1.43454,1.43454,1.43454,1.43454,0.0
2011-06-12 19:01:00,1.43454,1.43454,1.43454,1.43454,0.0
2011-06-12 19:02:00,1.43454,1.43454,1.43454,1.43454,0.0
2011-06-12 19:03:00,1.43454,1.43454,1.43454,1.43454,0.0
2011-06-12 19:04:00,1.43454,1.43454,1.43454,1.43454,0.0
2011-06-12 19:05:00,1.43454,1.43454,1.43454,1.43454,0.0
2011-06-12 19:06:00,1.43454,1.43454,1.43454,1.43454,0.0
2011-06-12 19:07:00,1.43454,1.43454,1.43454,1.43454,0.0
2011-06-12 19:08:00,1.43454,1.43454,1.43454,1.43454,0.0
2011-06-12 19:09:00,1.43454,1.43454,1.43454,1.43454,0.0
2011-06-12 19:10:00,1.43454,1.43454,1.43454,1.43454,0.0
2011-06-12 19:11:00,1.43454,1.43454,1.43454,1.43454,0.0
2011-06-12 19:12:00,1.43454,1.43454,1.43454,1.43454,0.0
2011-06-12 19:13:00,1.43454,1.43454,1.43454,1.43454,0.0
2011-06-12 19:14:00,1.43454,1.43454,1.43454,1.43454,0.0
2011-06-12 19:15:00,1.43454,1.43454,1.43454,1.43454,0.0
2011-06-12 19:16:00,1.43454,1.43454,1.43454,1.43454,0.0
2011-06-12 19:17:00,1.43454,1.43454,1.43454,1.43454,0.0
2011-06-12 19:18:00,1.43454,1.43454,1.43454,1.43454,0.0
2011-06-12 19:19:00,1.43454,1.43454,1.43454,1.43454,0.0
2011-06-12 19:20:00,1.43454,1.43454,1.43454,1.43454,0.0
2011-06-12 19:21:00,1.43454,1.43454,1.43454,1.43454,0.0
2011-06-12 19:22:00,1.43454,1.43454,1.43454,1.43454,0.0
2011-06-12 19:23:00,1.43454,1.43454,1.43454,1.43454,0.0
2011-06-12 19:24:00,1.43454,1.43454,1.43454,1.43454,0.0
2011-06-12 19:25:00,1.43454,1.43454,1.43454,1.43454,0.0
2011-06-12 19:26:00,1.43454,1.43454,1.43454,1.43454,0.0
2011-06-12 19:27:00,1.43454,1.43454,1.43454,1.43454,0.0
2011-06-12 19:28:00,1.43454,1.43454,1.43454,1.43454,0.0
2011-06-12 19:29:00,1.43454,1.43454,1.43454,1.43454,0.0
2011-06-12 19:30:00,1.43454,1.43454,1.43454,1.43454,0.0
2011-06-12 19:31:00,1.43454,1.43454,1.43454,1.43454,0.0
2011-06-12 19:32:00,1.43454,1.43454,1.43454,1.43454,0.0
2011-06-12 19:33:00,1.43454,1.43454,1.43454,1.43454,0.0
2011-06-12 19:34:00,1.43454,1.43454,1.43454,1.43454,0.0
2011-06-12 19:35:00,1.43454,1.43454,1.43454,1.43454,0.0
2011-06-12 19:36:00,1.43454,1.43454,1.43454,1.43454,0.0
2011-06-12 19:37:00,1.43454,1.43454,1.43454,1.43454,0.0
2011-06-12 19:38:00,1.43454,1.43454,1.43454,1.43454,0.0
2011-06-12 19:39:00,1.43454,1.43454,1.43454,1.43454,0.0
2011-06-12 19:40:00,1.43454,1.43454,1.43454,1.43454,0.0
2011-06-12 19:41:00,1.43454,1.43454,1.43454,1.43454,0.0
2011-06-12 19:42:00,1.43454,1.43454,1.43454,1.43454,0.0
2011-06-12 19:43:00,1.43454,1.43454,1.43454,1.43454,0.0
2011-06-12 19:44:00,1.43454,1.43454,1.43454,1.43454,0.0
2011-06-12 19:45:00,1.43454,1.43454,1.43454,1.43454,0.0
2011-06-12 19:46:00,1.43454,1.43454,1.43454,1.43454,0.0
2011-06-12 19:47:00,1.43454,1.43454,1.43454,1.43454,0.0
2011-06-12 19:48:00,1.43454,1.43454,1.43454,1.43454,0.0
2011-06-12 19:49:00,1.43454,1.43454,1.43454,1.43454,0.0
2011-06-12 19:50:00,1.43454,1.43454,1.43454,1.43454,0.0
2011-06-12 19:51:00,1.43454,1.43454,1.43454,1.43454,0.0
2011-06-12 19:52:00,1.43454,1.43454,1.43454,1.43454,0.0
2011-06-12 19:53:00,1.43454,1.43454,1.43454,1.43454,0.0
2011-06-12 19:54:00,1.43454,1.43454,1.43454,1.43454,0.0
2011-06-12 19:55:00,1.43454,1.43454,1.43454,1.43454,0.0
2011-06-12 19:56:00,1.43454,1.43454,1.43454,1.43454,0.0
2011-06-12 19:57:00,1.43454,1.43454,1.43454,1.43454,0.0
2011-06-12 19:58:00,1.43454,1.43454,1.43454,1.43454,0.0
2011-06-12 19:59:00,1.43454,1.43454,1.43454,1.43454,0.0
2011-06-12 20:00:00,1.43454,1.43454,1.43454,1.43454,0.0
2011-06-12 20:01:00,1.43454,1.43454,1.43454,1.43454,0.0
2011-06-12 20:02:00,1.43454,1.43454,1.43454,1.43454,0.0
2011-06-12 20:03:00,1.43454,1.43454,1.43454,1.43454,0.0
2011-06-12 20:04:00,1.43454,1.43454,1.43454,1.43454,0.0
2011-06-12 20:05:00,1.43454,1.43454,1.43454,1.43454,0.0
2011-06-12 20:06:00,1.43454,1.43454,1.43454,1.43454,0.0
2011-06-12 20:07:00,1.43454,1.43454,1.43454,1.43454,0.0
2011-06-12 20:08:00,1.43454,1.43454,1.43454,1.43454,0.0
2011-06-12 20:09:00,1.43454,1.43454,1.43454,1.43454,0.0
2011-06-12 20:10:00,1.43454,1.43454,1.43454,1.43454,0.0
2011-06-12 20:11:00,1.43454,1.43454,1.43454,1.43454,0.0
2011-06-12 20:12:00,1.43454,1.43454,1.43454,1.43454,0.0
2011-06-12 20:13:00,1.43454,1.43454,1.43454,1.43454,0.0
2011-06-12 20:14:00,1.43454,1.43454,1.43454,1.43454,0.0
2011-06-12 20:15:00,1.43454,1.43454,1.43454,1.43454,0.0
2011-06-12 20:16:00,1.43454,1.43454,1.43454,1.43454,0.0
2011-06-12 20:17:00,1.43454,1.43454,1.43454,1.43454,0.0
2011-06-12 20:18:00,1.43454,1.43454,1.43454,1.43454,0.0
2011-06-12 20:19:00,1.43454,1.43454,1.43454,1.43454,0.0
2011-06-12 20:20:00,1.43454,1.43454,1.43454,1.43454,0.0
2011-06-12 20:21:00,1.43454,1.43454,1.43454,1.43454,0.0
2011-06-12 20:22:00,1.43454,1.43454,1.43454,1.43454,0.0
2011-06-12 20:23:00,1.43454,1.43454,1.43454,1.43454,0.0
2011-06-12 20:24:00,1.43454,1.43454,1.43454,1.43454,0.0
2011-06-12 20:25:00,1.43454,1.43454,1.43454,1.43454,0.0
2011-06-12 20:26:00,1.43454,1.43454,1.43454,1.43454,0.0
2011-06-12 20:27:00,1.43454,1.43454,1.43454,1.43454,0.0
2011-06-12 20:28:00,1.43454,1.43454,1.43454,1.43454,0.0
2011-06-12 20:29:00,1.43454,1.43454,1.43454,1.43454,0.0
2011-06-12 20:30:00,1.43454,1.43454,1.43454,1.43454,0.0
2011-06-12 20:31:00,1.43454,1.43454,1.43454,1.43454,0.0
2011-06-12 20:32:00,1.43454,1.43454,1.43454,1.43454,0.0
2011-06-12 20:33:00,1.43454,1.43454,1.43454,1.43454,0.0
2011-06-12 20:34:00,1.43454,1.43454,1.43454,1.43454,0.0
2011-06-12 20:35:00,1.43454,1.43454,1.43454,1.43454,0.0
2011-06-12 20:36:00,1.43454,1.43454,1.43454,1.43454,0.0
2011-06-12 20:37:00,1.43454,1.43454,1.43454,1.43454,0.0
2011-06-12 20:38:00,1.43454,1.43454,1.43454,1.43454,0.0
2011-06-12 20:39:00,1.43454,1.43454,1.43454,1.43454,0.0
2011-06-12 20:40:00,1.43454,1.43454,1.43454,1.43454,0.0
2011-06-12 20:41:00,1.43454,1.43454,1.43454,1.43454,0.0
2011-06-12 20:42:00,1.43454,1.43454,1.43454,1.43454,0.0
2011-06-12 20:43:00,1.43454,1.43454,1.43454,1.43454,0.0
2011-06-12 20:44:00,1.43454,1.43454,1.43454,1.43454,0.0
2011-06-12 20:45:00,1.43454,1.43454,1.43454,1.43454,0.0
2011-06-12 20:46:00,1.43454,1.43454,1.43454,1.43454,0.0
2011-06-12 20:47:00,1.43454,1.43454,1.43454,1.43454,0.0
2011-06-12 20:48:00,1.43454,1.43454,1.43454,1.43454,0.0
2011-06-12 20:49:00,1.43454,1.43454,1.43454,1.43454,0.0
2011-06-12 20:50:00,1.43454,1.43454,1.43454,1.43454,0.0
2011-06-12 20:51:00,1.43454,1.43454,1.43454,1.43454,0.0
2011-06-12 20:52:00,1.43454,1.43454,1.43454,1.43454,0.0
2011-06-12 20:53:00,1.43454,1.43454,1.43454,1.43454,0.0
2011-06-12 20:54:00,1.43454,1.43454,1.43454,1.43454,0.0
2011-06-12 20:55:00,1.43454,1.43454,1.43454,1.43454,0.0
2011-06-12 20:56:00,1.43454,1.43454,1.43454,1.43454,0.0
2011-06-12 20:57:00,1.43454,1.43454,1.43454,1.43454,0.0
2011-06-12 20:58:00,1.43454,1.43454,1.43454,1.43454,0.0
2011-06-12 20:59:00,1.43454,1.43454,1.43454,1.43454,0.0
2011-06-12 21:00:00,1.43246,1.43246,1.43213,1.43213,116300001.14440918
2011-06-12 21:01:00,1.43242,1.43242,1.4321,1.43224,815299987.7929688
2011-06-12 21:02:00,1.43201,1.43227,1.43201,1.43219,75000000.0
2011-06-12 21:03:00,1.43202,1.43202,1.43202,1.43202,37500000.0
2011-06-12 21:04:00,1.43239,1.43264,1.43229,1.43241,528300018.3105469
2011-06-12 21:05:00,1.4322,1.4322,1.4322,1.4322,45000000.0
2011-06-12 21:06:00,1.4322,1.43243,1.43219,1.43231,198600006.10351562
2011-06-12 21:07:00,1.43226,1.43241,1.43226,1.43241,54800000.19073486
2011-06-12 21:08:00,1.43241,1.43246,1.43241,1.43246,75000000.0
2011-06-12 21:09:00,1.43241,1.43241,1.43241,1.43241,37500000.0
2011-06-12 21:10:00,1.43241,1.43271,1.43241,1.43256,716600036.6210938
2011-06-12 21:11:00,1.43255,1.43274,1.43255,1.43263,85500001.90734863
2011-06-12 21:12:00,1.43261,1.43263,1.43257,1.43262,60000000.0
2011-06-12 21:13:00,1.43262,1.43267,1.43262,1.43267,45000000.0
2011-06-12 21:14:00,1.43278,1.43278,1.43247,1.43247,1205999984.741211
2011-06-12 21:15:00,1.43237,1.43273,1.43237,1.43273,240000000.0
2011-06-12 21:16:00,1.43274,1.43308,1.43274,1.43308,315000000.0
2011-06-12 21:17:00,1.4331,1.4331,1.43283,1.43295,1027500000.0
2011-06-12 21:18:00,1.43291,1.43308,1.43291,1.43308,60000000.0
2011-06-12 21:19:00,1.43309,1.43312,1.43309,1.43312,30000000.0
2011-06-12 21:20:00,1.43312,1.43318,1.43299,1.43318,401500015.25878906
2011-06-12 21:21:00,1.43316,1.43323,1.43307,1.43307,165000000.0
2011-06-12 21:22:00,1.4331,1.43314,1.43306,1.43306,82500000.0
2011-06-12 21:23:00,1.43312,1.43312,1.43288,1.43297,289500007.62939453
2011-06-12 21:24:00,1.4329,1.43308,1.4329,1.43306,60000000.0
2011-06-12 21:25:00,1.43312,1.43312,1.43288,1.43298,471800003.0517578
2011-06-12 21:26:00,1.43293,1.43293,1.43293,1.43293,15000000.0
2011-06-12 21:27:00,1.43303,1.4331,1.43295,1.43298,519099998.4741211
2011-06-12 21:28:00,1.43294,1.43303,1.43279,1.43279,281399993.8964844
2011-06-12 21:29:00,1.43279,1.43279,1.43279,1.43279,157600002.28881836
2011-06-12 21:30:00,1.43279,1.43299,1.43277,1.43299,101300001.14440918
2011-06-12 21:31:00,1.43299,1.43309,1.43299,1.43309,134300003.0517578
2011-06-12 21:32:00,1.43309,1.4331,1.433,1.433,93800001.14440918
2011-06-12 21:33:00,1.43304,1.43304,1.43279,1.43288,664499969.4824219
2011-06-12 21:34:00,1.43291,1.43296,1.4328,1.4328,135000000.0
2011-06-12 21:35:00,1.43286,1.43296,1.4328,1.43295,325299987.79296875
2011-06-12 21:36:00,1.43297,1.43297,1.43267,1.43269,244500007.62939453
2011-06-12 21:37:00,1.43273,1.43279,1.43268,1.43279,103500003.81469727
2011-06-12 21:38:00,1.43279,1.43279,1.43276,1.43276,183799991.60766602
2011-06-12 21:39:00,1.43285,1.43285,1.4327,1.43276,390000000.0
2011-06-12 21:40:00,1.43278,1.43279,1.43278,1.43279,60000000.0
2011-06-12 21:41:00,1.43279,1.43279,1.43276,1.43276,90000000.0
2011-06-12 21:42:00,1.43279,1.43291,1.43275,1.43291,780100021.3623047
2011-06-12 21:43:00,1.43287,1.43287,1.43275,1.43275,156000003.81469727
2011-06-12 21:44:00,1.43275,1.43275,1.43275,1.43275,15000000.0
2011-06-12 21:45:00,1.4327,1.4328,1.4326,1.43275,577500000.0
2011-06-12 21:46:00,1.43275,1.43275,1.43273,1.43275,52500000.0
2011-06-12 21:47:00,1.43281,1.43281,1.43217,1.43261,1109599990.8447266
2011-06-12 21:48:00,1.43261,1.43277,1.43261,1.43274,970100021.3623047
2011-06-12 21:49:00,1.43261,1.43272,1.43259,1.43259,803700027.4658203
2011-06-12 21:50:00,1.43254,1.43264,1.43254,1.43264,97500000.0
2011-06-12 21:51:00,1.43272,1.43272,1.43267,1.43271,45000000.0
2011-06-12 21:52:00,1.43273,1.43279,1.43273,1.43274,45000000.0
2011-06-12 21:53:00,1.43285,1.43285,1.43285,1.43285,15000000.0
2011-06-12 21:54:00,1.43291,1.43291,1.43272,1.43275,215300006.86645508
2011-06-12 21:55:00,1.4327,1.43285,1.43267,1.43267,543499984.7412109
2011-06-12 21:56:00,1.4326,1.43271,1.43249,1.4327,630400009.1552734
2011-06-12 21:57:00,1.4327,1.43271,1.43257,1.43271,253799991.60766602
2011-06-12 21:58:00,1.4327,1.43273,1.43267,1.43272,157600002.28881836
2011-06-12 21:59:00,1.43273,1.43279,1.43271,1.43274,168999996.18530273
2011-06-12 22:00:00,1.43277,1.4332,1.43277,1.43305,1231600036.6210938
2011-06-12 22:01:00,1.43315,1.43316,1.43276,1.43282,843199996.9482422
2011-06-12 22:02:00,1.43283,1.43302,1.43281,1.43302,420000000.0
2011-06-12 22:03:00,1.43305,1.43316,1.43302,1.43316,272999992.37060547
2011-06-12 22:04:00,1.43316,1.43332,1.4329,1.43297,1290099945.0683594
2011-06-12 22:05:00,1.43297,1.43303,1.43287,1.433,402000007.62939453
2011-06-12 22:06:00,1.43295,1.43303,1.43273,1.43284,1459499969.4824219
2011-06-12 22:07:00,1.43284,1.43304,1.43273,1.43296,766500015.2587891
2011-06-12 22:08:00,1.43294,1.43304,1.43294,1.43296,397500000.0
2011-06-12 22:09:00,1.43295,1.43297,1.43294,1.43294,97500000.0
2011-06-12 22:10:00,1.43294,1.43304,1.43291,1.43304,487500000.0
2011-06-12 22:11:00,1.43305,1.43305,1.43305,1.43305,105000000.0
2011-06-12 22:12:00,1.43305,1.43312,1.43305,1.43305,225000000.0
2011-06-12 22:13:00,1.43305,1.43326,1.43305,1.43323,652600021.3623047
2011-06-12 22:14:00,1.43324,1.43324,1.43309,1.4332,967500000.0
2011-06-12 22:15:00,1.4332,1.43322,1.43318,1.43322,195000000.0
2011-06-12 22:16:00,1.43317,1.43321,1.43317,1.43318,435000000.0
2011-06-12 22:17:00,1.43318,1.43322,1.43304,1.43312,718499984.7412109
2011-06-12 22:18:00,1.43312,1.43326,1.43312,1.43326,257399997.71118164
2011-06-12 22:19:00,1.43322,1.43326,1.43316,1.43326,170400009.15527344
2011-06-12 22:20:00,1.43325,1.43356,1.43325,1.43356,416500015.25878906
2011-06-12 22:21:00,1.43356,1.43367,1.43356,1.43367,406800003.0517578
2011-06-12 22:22:00,1.43367,1.43368,1.43367,1.43368,277500000.0
2011-06-12 22:23:00,1.43366,1.43366,1.43361,1.43364,268199996.9482422
2011-06-12 22:24:00,1.43363,1.43364,1.43361,1.43361,291100006.1035156
2011-06-12 22:25:00,1.43361,1.43372,1.43361,1.43372,172500000.0
2011-06-12 22:26:00,1.43373,1.4338,1.43368,1.43373,195799999.23706055
2011-06-12 22:27:00,1.43373,1.43373,1.43353,1.43359,559799995.4223633
2011-06-12 22:28:00,1.43359,1.43362,1.43355,1.43358,485999984.74121094
2011-06-12 22:29:00,1.43358,1.43359,1.43353,1.43355,549900016.784668
2011-06-12 22:30:00,1.43355,1.43362,1.43343,1.43354,616500015.2587891
2011-06-12 22:31:00,1.43353,1.43353,1.43342,1.43343,587099990.8447266
2011-06-12 22:32:00,1.43343,1.43348,1.43343,1.43348,255000000.0
2011-06-12 22:33:00,1.43348,1.43357,1.43335,1.43337,585600013.7329102
2011-06-12 22:34:00,1.43339,1.43341,1.4333,1.43341,387099990.84472656
2011-06-12 22:35:00,1.43343,1.43365,1.43343,1.43363,390000000.0
2011-06-12 22:36:00,1.43364,1.43374,1.43351,1.43351,359500007.62939453
2011-06-12 22:37:00,1.4335,1.43351,1.43339,1.43344,601500015.2587891
2011-06-12 22:38:00,1.43339,1.43353,1.43333,1.43337,893399963.3789062
2011-06-12 22:39:00,1.43337,1.43342,1.43328,1.43328,438100013.73291016
2011-06-12 22:40:00,1.43322,1.43334,1.43301,1.43303,665999984.7412109
2011-06-12 22:41:00,1.43302,1.43303,1.43286,1.43298,810800018.3105469
2011-06-12 22:42:00,1.43295,1.43295,1.43252,1.43258,813600006.1035156
2011-06-12 22:43:00,1.43259,1.43266,1.43247,1.43253,1041200027.4658203
2011-06-12 22:44:00,1.43249,1.43256,1.43232,1.43232,556500015.2587891
2011-06-12 22:45:00,1.43232,1.43233,1.43216,1.43231,1293099975.5859375
2011-06-12 22:46:00,1.43231,1.43256,1.43225,1.43256,525099983.21533203
2011-06-12 22:47:00,1.43256,1.43284,1.43256,1.43277,487500000.0
2011-06-12 22:48:00,1.43277,1.43277,1.43268,1.43268,352500000.0
2011-06-12 22:49:00,1.43268,1.43276,1.43263,1.4327,814700012.2070312
2011-06-12 22:50:00,1.43278,1.43332,1.4327,1.43332,1072699966.4306641
2011-06-12 22:51:00,1.43332,1.43341,1.43287,1.43287,885000000.0
2011-06-12 22:52:00,1.43287,1.43295,1.43287,1.43292,399799995.4223633
2011-06-12 22:53:00,1.43292,1.43303,1.4329,1.43303,640299987.7929688
2011-06-12 22:54:00,1.43303,1.43311,1.43291,1.43308,805599975.5859375
2011-06-12 22:55:00,1.43309,1.43311,1.43296,1.43296,327000007.62939453
2011-06-12 22:56:00,1.43297,1.43298,1.43293,1.43293,193500003.81469727
2011-06-12 22:57:00,1.43293,1.43297,1.43293,1.43297,101999998.09265137
2011-06-12 22:58:00,1.43297,1.43307,1.43297,1.43302,295499992.37060547
2011-06-12 22:59:00,1.433,1.43304,1.43296,1.43304,367500000.0
2011-06-12 23:00:00,1.43304,1.43316,1.43304,1.43313,387000007.62939453
2011-06-12 23:01:00,1.43313,1.43316,1.43313,1.43313,307500000.0
2011-06-12 23:02:00,1.43317,1.43333,1.43312,1.43315,466699981.6894531
2011-06-12 23:03:00,1.43315,1.43316,1.43311,1.43316,247500000.0
2011-06-12 23:04:00,1.43316,1.43328,1.43316,1.43328,364199981.6894531
2011-06-12 23:05:00,1.4333,1.43354,1.4333,1.43343,729800033.5693359
2011-06-12 23:06:00,1.43343,1.43369,1.43343,1.43364,732099990.8447266
2011-06-12 23:07:00,1.43367,1.4337,1.43352,1.43358,426199989.31884766
2011-06-12 23:08:00,1.43359,1.4336,1.43357,1.43359,195000000.0
2011-06-12 23:09:00,1.43357,1.43357,1.43354,1.43354,120000000.0
2011-06-12 23:10:00,1.43354,1.43359,1.43353,1.43354,288099994.6594238
2011-06-12 23:11:00,1.43354,1.43354,1.43323,1.43333,393100013.73291016
2011-06-12 23:12:00,1.43332,1.43332,1.43293,1.43302,993899993.8964844
2011-06-12 23:13:00,1.43302,1.43305,1.43293,1.43302,730500030.5175781
2011-06-12 23:14:00,1.43301,1.43327,1.43297,1.43327,661600036.6210938
2011-06-12 23:15:00,1.43328,1.43341,1.43328,1.43341,193099994.65942383
2011-06-12 23:16:00,1.43341,1.43348,1.43337,1.43337,506300010.68115234
2011-06-12 23:17:00,1.4334,1.43354,1.43324,1.43324,789499969.4824219
2011-06-12 23:18:00,1.43333,1.43334,1.43287,1.43295,671299972.5341797
2011-06-12 23:19:00,1.43294,1.43304,1.43281,1.43291,811299972.5341797
2011-06-12 23:20:00,1.43291,1.43296,1.43283,1.43283,547500000.0
2011-06-12 23:21:00,1.43288,1.43325,1.43285,1.433,1234199981.6894531
2011-06-12 23:22:00,1.43297,1.433,1.43295,1.43296,276000003.81469727
2011-06-12 23:23:00,1.43296,1.43302,1.43296,1.43302,367599983.21533203
2011-06-12 23:24:00,1.43302,1.43302,1.43299,1.43299,188999996.18530273
2011-06-12 23:25:00,1.43299,1.43322,1.43299,1.43322,788300018.3105469
2011-06-12 23:26:00,1.43324,1.43345,1.43324,1.43326,828099975.5859375
2011-06-12 23:27:00,1.43327,1.43336,1.43327,1.43336,180000000.0
2011-06-12 23:28:00,1.43341,1.43342,1.43326,1.43342,723000030.5175781
2011-06-12 23:29:00,1.4335,1.43369,1.4335,1.43359,725999984.7412109
2011-06-12 23:30:00,1.43359,1.43369,1.43346,1.4335,981800003.0517578
2011-06-12 23:31:00,1.43354,1.43354,1.43351,1.43354,246000003.81469727
2011-06-12 23:32:00,1.43355,1.43356,1.43331,1.43331,587299995.4223633
2011-06-12 23:33:00,1.43331,1.43334,1.43323,1.4333,301499996.18530273
2011-06-12 23:34:00,1.4333,1.43355,1.4333,1.43355,645000000.0
2011-06-12 23:35:00,1.43355,1.43368,1.43346,1.43356,1008000030.5175781
2011-06-12 23:36:00,1.43356,1.43359,1.43344,1.43359,522900009.15527344
2011-06-12 23:37:00,1.43357,1.43357,1.43348,1.43356,345000000.0
2011-06-12 23:38:00,1.43357,1.43363,1.43354,1.43363,236299991.60766602
2011-06-12 23:39:00,1.43363,1.43363,1.43359,1.43363,307500000.0
2011-06-12 23:40:00,1.43361,1.43363,1.43347,1.43363,865100021.3623047
2011-06-12 23:41:00,1.43361,1.43408,1.4335,1.43395,1411900024.4140625
2011-06-12 23:42:00,1.43399,1.43416,1.43389,1.43398,611300010.6811523
2011-06-12 23:43:00,1.43398,1.43405,1.43383,1.43383,302299995.4223633
2011-06-12 23:44:00,1.43382,1.43397,1.43329,1.43329,1357200012.2070312
2011-06-12 23:45:00,1.43328,1.43365,1.43325,1.43345,1007399978.6376953
2011-06-12 23:46:00,1.43336,1.43363,1.43336,1.43363,618300018.3105469
2011-06-12 23:47:00,1.43363,1.4337,1.43363,1.43367,227999992.37060547
2011-06-12 23:48:00,1.43367,1.43368,1.43365,1.43367,173299999.23706055
2011-06-12 23:49:00,1.43367,1.43367,1.43354,1.43354,837399978.6376953
2011-06-12 23:50:00,1.43354,1.43357,1.43351,1.43353,414199981.6894531
2011-06-12 23:51:00,1.43353,1.43359,1.43351,1.43359,303099994.6594238
2011-06-12 23:52:00,1.43358,1.43358,1.43354,1.43355,502799987.79296875
2011-06-12 23:53:00,1.43354,1.43354,1.43349,1.43349,315799999.23706055
2011-06-12 23:54:00,1.43352,1.43385,1.43349,1.43385,607900009.1552734
2011-06-12 23:55:00,1.43383,1.43383,1.43332,1.43351,1264199981.6894531
2011-06-12 23:56:00,1.43351,1.4336,1.4335,1.43356,684800033.5693359
2011-06-12 23:57:00,1.43355,1.43358,1.43355,1.43358,45000000.0
2011-06-12 23:58:00,1.43358,1.43367,1.43358,1.43366,160599994.65942383
2011-06-12 23:59:00,1.43366,1.43366,1.43356,1.43356,217500000.0
2011-06-13 00:00:00,1.43358,1.43426,1.43345,1.43426,1656600036.6210938
2011-06-13 00:01:00,1.4343,1.43513,1.43429,1.43472,3992600097.65625
2011-06-13 00:02:00,1.43474,1.43477,1.43405,1.43452,2383000030.517578
2011-06-13 00:03:00,1.43452,1.4348,1.43449,1.43464,2176699981.689453
2011-06-13 00:04:00,1.43463,1.43478,1.43439,1.43463,1846999969.4824219
2011-06-13 00:05:00,1.43463,1.4347,1.4342,1.43442,2056999969.4824219
2011-06-13 00:06:00,1.4344,1.43444,1.43417,1.43424,2037899932.8613281
2011-06-13 00:07:00,1.43424,1.43472,1.43424,1.43437,2054799957.2753906
2011-06-13 00:08:00,1.43435,1.4348,1.43428,1.43479,1044800033.5693359
2011-06-13 00:09:00,1.43475,1.43475,1.43431,1.43446,1510700073.2421875
2011-06-13 00:10:00,1.43449,1.43457,1.43438,1.43438,679499969.4824219
2011-06-13 00:11:00,1.43437,1.43458,1.43423,1.43446,1975500030.5175781
2011-06-13 00:12:00,1.43446,1.43489,1.43446,1.43483,1278199996.9482422
2011-06-13 00:13:00,1.43485,1.43491,1.43481,1.43481,586500015.2587891
2011-06-13 00:14:00,1.43481,1.43492,1.43481,1.43481,617999992.3706055
2011-06-13 00:15:00,1.4348,1.4348,1.4344,1.43468,2091799926.7578125
2011-06-13 00:16:00,1.43468,1.43468,1.4344,1.43449,1402599945.0683594
2011-06-13 00:17:00,1.43452,1.43452,1.43427,1.43427,1053099975.5859375
2011-06-13 00:18:00,1.43423,1.43428,1.43409,1.43418,1568999938.9648438
2011-06-13 00:19:00,1.43419,1.43424,1.43411,1.43414,1159499969.4824219
2011-06-13 00:20:00,1.43413,1.43426,1.434,1.43423,1261500015.258789
2011-06-13 00:21:00,1.43423,1.43431,1.43408,1.43413,985500030.5175781
2011-06-13 00:22:00,1.43414,1.43467,1.43411,1.43467,1274300003.0517578
2011-06-13 00:23:00,1.43468,1.43475,1.43446,1.43446,1308000030.5175781
2011-06-13 00:24:00,1.43446,1.43451,1.4343,1.43443,1281000061.0351562
2011-06-13 00:25:00,1.43443,1.43473,1.43441,1.43465,1338999938.9648438
2011-06-13 00:26:00,1.43465,1.43493,1.43458,1.43493,1112399978.6376953
2011-06-13 00:27:00,1.43492,1.43496,1.4346,1.43484,1911900024.4140625
2011-06-13 00:28:00,1.43484,1.43497,1.43471,1.4349,1561000061.0351562
2011-06-13 00:29:00,1.4349,1.43498,1.4349,1.43495,1303500061.0351562
2011-06-13 00:30:00,1.43494,1.43504,1.43487,1.43502,1413000030.5175781
2011-06-13 00:31:00,1.43504,1.4352,1.43501,1.43517,1399900054.9316406
2011-06-13 00:32:00,1.43516,1.43521,1.43507,1.43513,1022500000.0
2011-06-13 00:33:00,1.43511,1.43516,1.43509,1.43512,718499984.7412109
2011-06-13 00:34:00,1.43511,1.43511,1.43485,1.43497,1321699981.6894531
2011-06-13 00:35:00,1.435,1.4351,1.43494,1.4351,774800033.5693359
2011-06-13 00:36:00,1.43513,1.43539,1.43506,1.43529,1549400024.4140625
2011-06-13 00:37:00,1.4353,1.43563,1.43525,1.43529,1715399932.8613281
2011-06-13 00:38:00,1.43529,1.43548,1.43529,1.43531,907500000.0
2011-06-13 00:39:00,1.4353,1.43533,1.43521,1.43526,628499984.7412109
2011-06-13 00:40:00,1.43527,1.43527,1.43478,1.43478,1484400024.4140625
2011-06-13 00:41:00,1.43478,1.43478,1.43438,1.43453,2413500061.0351562
2011-06-13 00:42:00,1.4345,1.4347,1.4344,1.43468,859499969.4824219
2011-06-13 00:43:00,1.43469,1.43469,1.43446,1.43452,540000000.0
2011-06-13 00:44:00,1.43452,1.43486,1.4345,1.43484,830999984.7412109
2011-06-13 00:45:00,1.43485,1.43509,1.43481,1.43504,1584799957.2753906
2011-06-13 00:46:00,1.43505,1.43537,1.43505,1.43534,1192600021.3623047
2011-06-13 00:47:00,1.43531,1.43541,1.43516,1.43516,1364499969.4824219
2011-06-13 00:48:00,1.43516,1.43538,1.43516,1.43529,960899963.3789062
2011-06-13 00:49:00,1.43529,1.43532,1.43529,1.43531,195000000.0
2011-06-13 00:50:00,1.4353,1.43533,1.43521,1.43528,337500000.0
2011-06-13 00:51:00,1.43528,1.43538,1.43517,1.43527,690000000.0
2011-06-13 00:52:00,1.43527,1.43569,1.43527,1.43569,1037399978.6376953
2011-06-13 00:53:00,1.43568,1.43568,1.43536,1.43536,1332100067.1386719
2011-06-13 00:54:00,1.43536,1.43539,1.43522,1.43522,1475000000.0
2011-06-13 00:55:00,1.4352,1.43537,1.43509,1.43532,1156800003.0517578
2011-06-13 00:56:00,1.43534,1.43544,1.43515,1.43525,1247500000.0
2011-06-13 00:57:00,1.43525,1.43525,1.43475,1.43483,1859400024.4140625
2011-06-13 00:58:00,1.43486,1.43526,1.43486,1.43513,1337100067.1386719
2011-06-13 00:59:00,1.43514,1.43543,1.43507,1.43539,941399993.8964844
2011-06-13 01:00:00,1.43539,1.4355,1.43534,1.43536,759000015.2587891
2011-06-13 01:01:00,1.43536,1.4354,1.43507,1.43507,652500000.0
2011-06-13 01:02:00,1.43506,1.43506,1.43478,1.43482,683300018.3105469
2011-06-13 01:03:00,1.43481,1.43482,1.43448,1.43448,1197099990.8447266
2011-06-13 01:04:00,1.43448,1.43448,1.43421,1.43421,1426300048.828125
2011-06-13 01:05:00,1.43421,1.43429,1.43374,1.4339,1985299987.7929688
2011-06-13 01:06:00,1.43389,1.43403,1.43383,1.434,2015399932.8613281
2011-06-13 01:07:00,1.43393,1.43408,1.43382,1.43404,1623800048.828125
2011-06-13 01:08:00,1.43404,1.43404,1.43376,1.43387,2051900024.4140625
2011-06-13 01:09:00,1.43387,1.4339,1.43365,1.43381,1703300018.3105469
2011-06-13 01:10:00,1.43381,1.43409,1.43381,1.43397,976600036.6210938
2011-06-13 01:11:00,1.43397,1.4343,1.43397,1.43412,1791799926.7578125
2011-06-13 01:12:00,1.43412,1.43419,1.43392,1.434,1771499938.9648438
2011-06-13 01:13:00,1.434,1.434,1.43367,1.43371,1053000030.5175781
2011-06-13 01:14:00,1.43371,1.43372,1.43348,1.4337,2747300109.8632812
2011-06-13 01:15:00,1.43369,1.43375,1.43359,1.43372,1268499984.741211
2011-06-13 01:16:00,1.43372,1.43385,1.43351,1.43371,1094499969.4824219
2011-06-13 01:17:00,1.43372,1.43403,1.43364,1.43394,1520399932.8613281
2011-06-13 01:18:00,1.43397,1.43417,1.43389,1.4339,770999984.7412109
2011-06-13 01:19:00,1.43385,1.43388,1.43325,1.43329,1865500030.5175781
2011-06-13 01:20:00,1.43326,1.43385,1.43324,1.43369,1542899932.8613281
2011-06-13 01:21:00,1.4337,1.43371,1.4333,1.4333,1024499969.4824219
2011-06-13 01:22:00,1.4333,1.43338,1.43319,1.43321,1132500000.0
2011-06-13 01:23:00,1.43321,1.4333,1.43303,1.43305,2673299865.7226562
2011-06-13 01:24:00,1.43305,1.43305,1.43247,1.43248,2078500061.0351562
2011-06-13 01:25:00,1.43247,1.43282,1.43235,1.43268,2322599945.0683594
2011-06-13 01:26:00,1.43266,1.43285,1.4325,1.43278,1906499938.9648438
2011-06-13 01:27:00,1.43276,1.43281,1.43257,1.43268,1062799987.7929688
2011-06-13 01:28:00,1.43271,1.43279,1.43271,1.43279,630000000.0
2011-06-13 01:29:00,1.43279,1.43301,1.43277,1.43296,886500015.2587891
2011-06-13 01:30:00,1.43297,1.433,1.43276,1.43286,1541499938.9648438
2011-06-13 01:31:00,1.43286,1.43298,1.43271,1.4328,1170000000.0
2011-06-13 01:32:00,1.43281,1.43291,1.43279,1.43279,1009499969.4824219
2011-06-13 01:33:00,1.43281,1.43281,1.4327,1.43272,552000007.6293945
2011-06-13 01:34:00,1.43272,1.43274,1.43271,1.43273,216000003.81469727
2011-06-13 01:35:00,1.43273,1.43276,1.43256,1.43256,909000015.2587891
2011-06-13 01:36:00,1.43256,1.43257,1.43238,1.43243,1674900054.9316406
2011-06-13 01:37:00,1.43247,1.43252,1.43223,1.43235,1605000000.0
2011-06-13 01:38:00,1.43235,1.43279,1.43235,1.43265,1984700012.2070312
2011-06-13 01:39:00,1.43268,1.43299,1.43257,1.43289,1929799957.2753906
2011-06-13 01:40:00,1.43288,1.433,1.43285,1.43299,843799972.5341797
2011-06-13 01:41:00,1.43299,1.43321,1.43294,1.4332,1066699981.6894531
2011-06-13 01:42:00,1.43319,1.43342,1.43312,1.43332,1701199951.171875
2011-06-13 01:43:00,1.4333,1.4333,1.4331,1.4332,523499984.74121094
2011-06-13 01:44:00,1.4332,1.43327,1.43317,1.43321,914300003.0517578
2011-06-13 01:45:00,1.43323,1.43359,1.43323,1.43356,822300033.5693359
2011-06-13 01:46:00,1.43356,1.43356,1.43335,1.43342,1273700027.4658203
2011-06-13 01:47:00,1.43343,1.43351,1.4334,1.43346,982500000.0
2011-06-13 01:48:00,1.43346,1.43351,1.4332,1.4334,1449799957.2753906
2011-06-13 01:49:00,1.43339,1.43374,1.43339,1.43374,689300003.0517578
2011-06-13 01:50:00,1.43376,1.4339,1.43345,1.43351,1158799972.5341797
2011-06-13 01:51:00,1.43351,1.43372,1.43343,1.43366,1279599990.8447266
2011-06-13 01:52:00,1.43366,1.4338,1.43363,1.4338,515999984.74121094
2011-06-13 01:53:00,1.43376,1.4342,1.43372,1.43419,821299972.5341797
2011-06-13 01:54:00,1.43419,1.43428,1.43393,1.43394,1193399963.3789062
2011-06-13 01:55:00,1.434,1.43418,1.43392,1.43409,993000030.5175781
2011-06-13 01:56:00,1.43409,1.43426,1.43395,1.43407,1249000015.258789
2011-06-13 01:57:00,1.43405,1.43421,1.43398,1.43415,1680000000.0
2011-06-13 01:58:00,1.43417,1.43425,1.43412,1.43421,1132699966.430664
2011-06-13 01:59:00,1.43423,1.43465,1.43423,1.43463,1371300048.828125
2011-06-13 02:00:00,1.43465,1.43489,1.43441,1.43454,1315599975.5859375
2011-06-13 02:01:00,1.43459,1.43462,1.4344,1.43449,660000000.0
2011-06-13 02:02:00,1.43448,1.43474,1.43443,1.43473,2573399963.3789062
2011-06-13 02:03:00,1.43472,1.43481,1.43464,1.43467,555000000.0
2011-06-13 02:04:00,1.43467,1.43479,1.43467,1.43475,825800018.3105469
2011-06-13 02:05:00,1.43475,1.4348,1.4347,1.43473,1095299987.7929688
2011-06-13 02:06:00,1.43472,1.43477,1.43452,1.43475,1584199981.6894531
2011-06-13 02:07:00,1.43472,1.43503,1.43469,1.43486,2469400024.4140625
2011-06-13 02:08:00,1.43487,1.43502,1.43483,1.43483,1018000030.5175781
2011-06-13 02:09:00,1.43483,1.435,1.4348,1.43489,1534499969.4824219
2011-06-13 02:10:00,1.43492,1.43495,1.43473,1.43483,839300003.0517578
2011-06-13 02:11:00,1.43481,1.43482,1.43442,1.43444,2052599945.0683594
2011-06-13 02:12:00,1.43441,1.43454,1.4344,1.43448,975000000.0
2011-06-13 02:13:00,1.43448,1.43459,1.43448,1.43454,1183499984.741211
2011-06-13 02:14:00,1.43454,1.43454,1.43442,1.43444,1151299972.5341797
2011-06-13 02:15:00,1.43446,1.43453,1.43437,1.43443,652500000.0
2011-06-13 02:16:00,1.43443,1.43454,1.43436,1.43445,1035000000.0
2011-06-13 02:17:00,1.43445,1.43448,1.43438,1.43444,1076299972.5341797
2011-06-13 02:18:00,1.43445,1.43449,1.43445,1.43449,315000000.0
2011-06-13 02:19:00,1.43449,1.43477,1.43449,1.43474,1324600067.1386719
2011-06-13 02:20:00,1.43475,1.4349,1.43475,1.43481,969400024.4140625
2011-06-13 02:21:00,1.4348,1.4348,1.43459,1.43459,924100036.6210938
2011-06-13 02:22:00,1.43459,1.43476,1.43449,1.43451,2510399932.861328
2011-06-13 02:23:00,1.43451,1.43468,1.43449,1.43468,886500015.2587891
2011-06-13 02:24:00,1.43468,1.43475,1.43465,1.43475,995100021.3623047
2011-06-13 02:25:00,1.43474,1.43477,1.4345,1.43457,1329100036.6210938
2011-06-13 02:26:00,1.43457,1.43457,1.43456,1.43456,360000000.0
2011-06-13 02:27:00,1.43456,1.43458,1.43453,1.43458,367500000.0
2011-06-13 02:28:00,1.4346,1.43466,1.43451,1.43463,1555599975.5859375
2011-06-13 02:29:00,1.43465,1.43467,1.43452,1.43465,540000000.0
2011-06-13 02:30:00,1.43465,1.43478,1.4345,1.43478,899300003.0517578
2011-06-13 02:31:00,1.43478,1.43497,1.43478,1.43489,705000000.0
2011-06-13 02:32:00,1.43489,1.43497,1.4347,1.43474,1151999969.4824219
2011-06-13 02:33:00,1.43477,1.43478,1.43461,1.43461,666100006.1035156
2011-06-13 02:34:00,1.43461,1.43462,1.43461,1.43462,37500000.0
2011-06-13 02:35:00,1.43462,1.43484,1.43459,1.43481,576199989.3188477
2011-06-13 02:36:00,1.43482,1.43482,1.43475,1.43477,371300010.68115234
2011-06-13 02:37:00,1.43477,1.43481,1.43466,1.4347,986399993.8964844
2011-06-13 02:38:00,1.43468,1.43474,1.43451,1.43463,803300018.3105469
2011-06-13 02:39:00,1.43462,1.43462,1.43455,1.43458,549900016.784668
2011-06-13 02:40:00,1.43458,1.43463,1.43454,1.43462,387099990.84472656
2011-06-13 02:41:00,1.4346,1.4346,1.43449,1.43459,774199981.6894531
2011-06-13 02:42:00,1.43459,1.43462,1.43459,1.43459,367500000.0
2011-06-13 02:43:00,1.43459,1.43483,1.43457,1.43483,665299987.7929688
2011-06-13 02:44:00,1.43483,1.43499,1.43483,1.43494,934599990.8447266
2011-06-13 02:45:00,1.43493,1.43496,1.43472,1.43495,768000030.5175781
2011-06-13 02:46:00,1.43495,1.43495,1.43475,1.43481,803300018.3105469
2011-06-13 02:47:00,1.4348,1.43485,1.43466,1.43468,649499969.4824219
2011-06-13 02:48:00,1.43471,1.43491,1.43468,1.43472,999100036.6210938
2011-06-13 02:49:00,1.43473,1.43484,1.4347,1.43484,645100021.3623047
2011-06-13 02:50:00,1.43485,1.43485,1.43452,1.43459,1130999984.741211
2011-06-13 02:51:00,1.43458,1.4347,1.43457,1.43457,1072500000.0
2011-06-13 02:52:00,1.43459,1.43463,1.43457,1.43463,585800018.3105469
2011-06-13 02:53:00,1.4346,1.43471,1.43456,1.43465,397500000.0
2011-06-13 02:54:00,1.43463,1.43463,1.43456,1.43462,193500003.81469727
2011-06-13 02:55:00,1.43465,1.43467,1.43454,1.43463,744000015.2587891
2011-06-13 02:56:00,1.43463,1.43467,1.43451,1.43467,517500000.0
2011-06-13 02:57:00,1.43464,1.43464,1.43459,1.43464,585000000.0
2011-06-13 02:58:00,1.43464,1.43475,1.43455,1.43475,970500030.5175781
2011-06-13 02:59:00,1.43476,1.43492,1.43472,1.43475,825899963.3789062
2011-06-13 03:00:00,1.43475,1.43479,1.43453,1.43453,808499984.7412109
2011-06-13 03:01:00,1.43455,1.43471,1.43449,1.43451,701999969.4824219
2011-06-13 03:02:00,1.43446,1.43453,1.43442,1.43451,896999969.4824219
2011-06-13 03:03:00,1.43451,1.43458,1.43448,1.43457,773300018.3105469
2011-06-13 03:04:00,1.43459,1.43473,1.43451,1.43469,938300018.3105469
2011-06-13 03:05:00,1.43465,1.43465,1.43442,1.43442,1256299972.5341797
2011-06-13 03:06:00,1.43444,1.43455,1.43444,1.43447,613499984.7412109
2011-06-13 03:07:00,1.43448,1.43454,1.43448,1.43451,429000015.25878906
2011-06-13 03:08:00,1.43451,1.43457,1.43451,1.43455,181499996.18530273
2011-06-13 03:09:00,1.43455,1.43458,1.43454,1.43454,283500003.81469727
2011-06-13 03:10:00,1.43453,1.43453,1.43444,1.43444,330000000.0
2011-06-13 03:11:00,1.43444,1.43444,1.43431,1.43432,963099975.5859375
2011-06-13 03:12:00,1.43429,1.43429,1.43385,1.43401,2451999969.482422
2011-06-13 03:13:00,1.43401,1.43418,1.43396,1.43396,2305399932.861328
2011-06-13 03:14:00,1.43396,1.43411,1.43394,1.43411,589500007.6293945
2011-06-13 03:15:00,1.43411,1.43416,1.43409,1.43412,756100006.1035156
2011-06-13 03:16:00,1.43411,1.43412,1.43409,1.4341,440999984.74121094
2011-06-13 03:17:00,1.43413,1.43419,1.43409,1.43409,808600006.1035156
2011-06-13 03:18:00,1.43408,1.43419,1.43379,1.4339,1366000061.0351562
2011-06-13 03:19:00,1.43391,1.43395,1.43382,1.43383,1121999969.4824219
2011-06-13 03:20:00,1.43387,1.43393,1.43382,1.43387,891699981.6894531
2011-06-13 03:21:00,1.43384,1.43399,1.43384,1.43385,1014000015.2587891
2011-06-13 03:22:00,1.43387,1.43391,1.43351,1.43361,1365899963.3789062
2011-06-13 03:23:00,1.43361,1.43392,1.43361,1.43385,1296999969.4824219
2011-06-13 03:24:00,1.4339,1.4339,1.43373,1.43376,586199989.3188477
2011-06-13 03:25:00,1.43375,1.43384,1.43363,1.43363,1131100006.1035156
2011-06-13 03:26:00,1.43363,1.43369,1.43342,1.43347,1245800018.3105469
2011-06-13 03:27:00,1.43349,1.43372,1.43333,1.43364,1164899978.6376953
2011-06-13 03:28:00,1.43362,1.43362,1.43339,1.43342,774000015.2587891
2011-06-13 03:29:00,1.43342,1.43351,1.43332,1.43332,1821300048.828125
2011-06-13 03:30:00,1.43333,1.43339,1.4333,1.43333,852900009.1552734
2011-06-13 03:31:00,1.43333,1.43367,1.43333,1.43367,873300018.3105469
2011-06-13 03:32:00,1.43367,1.43376,1.43367,1.43369,597000007.6293945
2011-06-13 03:33:00,1.43368,1.43389,1.43365,1.43384,613899993.8964844
2011-06-13 03:34:00,1.43382,1.43412,1.43382,1.43404,744100036.6210938
2011-06-13 03:35:00,1.43403,1.43433,1.43402,1.43424,676600036.6210938
2011-06-13 03:36:00,1.43424,1.43435,1.43416,1.43427,890999984.7412109
2011-06-13 03:37:00,1.43425,1.43429,1.43406,1.43406,768499984.7412109
2011-06-13 03:38:00,1.43407,1.43415,1.43406,1.4341,684100036.6210938
2011-06-13 03:39:00,1.4341,1.4341,1.43382,1.43392,932300033.5693359
2011-06-13 03:40:00,1.43392,1.43392,1.43372,1.43379,782300033.5693359
2011-06-13 03:41:00,1.43378,1.43379,1.4337,1.43371,397500000.0
2011-06-13 03:42:00,1.43371,1.43373,1.4336,1.4336,462000007.62939453
2011-06-13 03:43:00,1.43361,1.43386,1.43361,1.43386,390000000.0
2011-06-13 03:44:00,1.43385,1.43385,1.43373,1.43373,179400005.34057617
2011-06-13 03:45:00,1.43373,1.43383,1.43372,1.43372,315900001.5258789
2011-06-13 03:46:00,1.43373,1.43378,1.43371,1.43374,262199993.13354492
2011-06-13 03:47:00,1.43376,1.43383,1.43373,1.43383,729400024.4140625
2011-06-13 03:48:00,1.43383,1.43383,1.43371,1.43375,455800018.3105469
2011-06-13 03:49:00,1.43374,1.43379,1.43372,1.43372,272000007.62939453
2011-06-13 03:50:00,1.43372,1.43372,1.43317,1.43334,1598999938.9648438
2011-06-13 03:51:00,1.4334,1.43357,1.4333,1.43333,1126800003.0517578
2011-06-13 03:52:00,1.43334,1.43355,1.43334,1.43342,1036500015.2587891
2011-06-13 03:53:00,1.43341,1.43346,1.4332,1.43337,1475899963.3789062
2011-06-13 03:54:00,1.43334,1.43339,1.43321,1.43321,845899963.3789062
2011-06-13 03:55:00,1.43321,1.43326,1.43315,1.43326,758300018.3105469
2011-06-13 03:56:00,1.43326,1.43361,1.43326,1.43335,1532599945.0683594
2011-06-13 03:57:00,1.43335,1.43335,1.43327,1.43332,300000000.0
2011-06-13 03:58:00,1.43332,1.43349,1.43332,1.43346,313500003.81469727
2011-06-13 03:59:00,1.43349,1.43383,1.43349,1.43367,1102099990.8447266
2011-06-13 04:00:00,1.43368,1.43399,1.4336,1.43379,1663200073.2421875
2011-06-13 04:01:00,1.43377,1.43404,1.43366,1.434,1728300018.3105469
2011-06-13 04:02:00,1.43399,1.4342,1.43395,1.4342,1141100006.1035156
2011-06-13 04:03:00,1.43419,1.43419,1.43396,1.43403,1231500015.258789
2011-06-13 04:04:00,1.43402,1.43402,1.43382,1.43389,918799972.5341797
2011-06-13 04:05:00,1.43392,1.43397,1.43356,1.43381,2149600067.138672
2011-06-13 04:06:00,1.43381,1.43394,1.43371,1.4338,1254899978.6376953
2011-06-13 04:07:00,1.43386,1.4339,1.43354,1.43374,1854100036.6210938
2011-06-13 04:08:00,1.43375,1.43395,1.43355,1.43365,1625399932.8613281
2011-06-13 04:09:00,1.43364,1.43364,1.43326,1.43345,1366600036.6210938
2011-06-13 04:10:00,1.43345,1.43356,1.43327,1.43327,1128799972.5341797
2011-06-13 04:11:00,1.43325,1.43336,1.43321,1.43327,1330599975.5859375
2011-06-13 04:12:00,1.43327,1.43356,1.43319,1.43356,997500000.0
2011-06-13 04:13:00,1.4336,1.4336,1.43353,1.43354,399199981.6894531
2011-06-13 04:14:00,1.43349,1.43353,1.4334,1.43349,546800003.0517578
2011-06-13 04:15:00,1.4335,1.43385,1.43347,1.43385,1371000061.0351562
2011-06-13 04:16:00,1.43388,1.43406,1.43368,1.43402,1625299987.7929688
2011-06-13 04:17:00,1.43395,1.43399,1.43369,1.43374,1775500030.5175781
2011-06-13 04:18:00,1.43374,1.43392,1.43359,1.43392,1195599975.5859375
2011-06-13 04:19:00,1.43392,1.43397,1.43382,1.43382,590999984.7412109
2011-06-13 04:20:00,1.43384,1.43392,1.43382,1.43387,375000000.0
2011-06-13 04:21:00,1.43387,1.43392,1.43363,1.43364,943499984.7412109
2011-06-13 04:22:00,1.43365,1.43368,1.43365,1.43368,256499996.18530273
2011-06-13 04:23:00,1.43369,1.43369,1.43359,1.43368,276000003.81469727
2011-06-13 04:24:00,1.43365,1.43366,1.43355,1.43366,663799972.5341797
2011-06-13 04:25:00,1.43368,1.43385,1.43368,1.43378,510200004.5776367
2011-06-13 04:26:00,1.43376,1.43376,1.43357,1.43363,920500030.5175781
2011-06-13 04:27:00,1.43365,1.43376,1.43354,1.43376,1041200027.4658203
2011-06-13 04:28:00,1.43378,1.43394,1.43367,1.4337,1132500000.0
2011-06-13 04:29:00,1.43366,1.43389,1.43353,1.43389,1044899978.6376953
2011-06-13 04:30:00,1.43388,1.4339,1.43362,1.43362,1274300003.0517578
2011-06-13 04:31:00,1.43362,1.43382,1.43359,1.43365,1866199951.171875
2011-06-13 04:32:00,1.43365,1.434,1.43364,1.43368,1530800018.3105469
2011-06-13 04:33:00,1.43368,1.43396,1.43366,1.43394,1001999969.4824219
2011-06-13 04:34:00,1.43397,1.43412,1.43382,1.43382,1162600021.3623047
2011-06-13 04:35:00,1.43391,1.43394,1.43365,1.43385,1733800048.828125
2011-06-13 04:36:00,1.43384,1.43403,1.43375,1.43383,2023200073.2421875
2011-06-13 04:37:00,1.43383,1.43388,1.43372,1.43372,973600006.1035156
2011-06-13 04:38:00,1.43372,1.43402,1.43372,1.43398,1748899993.8964844
2011-06-13 04:39:00,1.43397,1.43419,1.43389,1.43418,975100021.3623047
2011-06-13 04:40:00,1.43418,1.43428,1.43414,1.43421,838700027.4658203
2011-06-13 04:41:00,1.43425,1.43425,1.43402,1.43414,1003499984.7412109
2011-06-13 04:42:00,1.43413,1.43427,1.43406,1.43422,1213600006.1035156
2011-06-13 04:43:00,1.4342,1.43426,1.43402,1.43417,1332100067.1386719
2011-06-13 04:44:00,1.43418,1.43431,1.43403,1.43419,865599975.5859375
2011-06-13 04:45:00,1.43421,1.43431,1.43416,1.43425,433499984.74121094
2011-06-13 04:46:00,1.43426,1.4343,1.43413,1.43424,1313300018.3105469
2011-06-13 04:47:00,1.43427,1.43438,1.4342,1.4342,825000000.0
2011-06-13 04:48:00,1.43421,1.43436,1.43415,1.43421,1115999984.741211
2011-06-13 04:49:00,1.43418,1.43428,1.43409,1.43428,1023000030.5175781
2011-06-13 04:50:00,1.43424,1.43429,1.43412,1.43416,913499984.7412109
2011-06-13 04:51:00,1.43413,1.4343,1.4341,1.43415,1526399993.8964844
2011-06-13 04:52:00,1.43415,1.43437,1.43415,1.43415,912099990.8447266
2011-06-13 04:53:00,1.4342,1.43425,1.43414,1.43418,472500000.0
2011-06-13 04:54:00,1.43417,1.43437,1.43417,1.43426,991600036.6210938
2011-06-13 04:55:00,1.43426,1.43433,1.43408,1.43424,1283500061.0351562
2011-06-13 04:56:00,1.43426,1.43429,1.4341,1.43412,594000015.2587891
2011-06-13 04:57:00,1.43413,1.4343,1.43413,1.43429,212299995.42236328
2011-06-13 04:58:00,1.43431,1.43436,1.43423,1.43428,525000000.0
2011-06-13 04:59:00,1.43428,1.43445,1.43424,1.43425,1037500000.0
2011-06-13 05:00:00,1.43426,1.43448,1.43424,1.43429,1451799926.7578125
2011-06-13 05:01:00,1.43428,1.43451,1.43423,1.43424,1545099945.0683594
2011-06-13 05:02:00,1.43427,1.43453,1.43424,1.43448,1204599990.8447266
2011-06-13 05:03:00,1.43448,1.43452,1.43424,1.43432,1221800003.0517578
2011-06-13 05:04:00,1.43432,1.43455,1.43426,1.43443,1432100067.1386719
2011-06-13 05:05:00,1.43441,1.43443,1.4342,1.43435,2127899932.8613281
2011-06-13 05:06:00,1.43431,1.4345,1.43418,1.43447,875000000.0
2011-06-13 05:07:00,1.43446,1.43452,1.43433,1.4345,709499969.4824219
2011-06-13 05:08:00,1.43449,1.43451,1.4342,1.4345,1063499984.7412109
2011-06-13 05:09:00,1.4345,1.43452,1.43432,1.43433,1052600021.3623047
2011-06-13 05:10:00,1.43435,1.43446,1.43435,1.43445,315799999.23706055
2011-06-13 05:11:00,1.43443,1.43443,1.43424,1.43424,488300018.3105469
2011-06-13 05:12:00,1.43422,1.43424,1.43406,1.43421,1278399963.3789062
2011-06-13 05:13:00,1.43423,1.43441,1.43422,1.43441,1815000000.0
2011-06-13 05:14:00,1.43443,1.43454,1.43443,1.43451,590999984.7412109
2011-06-13 05:15:00,1.43451,1.43456,1.43447,1.4345,562500000.0
2011-06-13 05:16:00,1.43453,1.4346,1.43441,1.43451,705800018.3105469
2011-06-13 05:17:00,1.43448,1.43452,1.43439,1.43441,964599990.8447266
2011-06-13 05:18:00,1.43439,1.43439,1.43407,1.43408,765299987.7929688
2011-06-13 05:19:00,1.43411,1.43419,1.43409,1.43409,792200012.2070312
2011-06-13 05:20:00,1.4341,1.43419,1.43399,1.434,890999984.7412109
2011-06-13 05:21:00,1.43399,1.43412,1.43399,1.43399,1175999984.741211
2011-06-13 05:22:00,1.43403,1.43407,1.4339,1.43401,1484299926.7578125
2011-06-13 05:23:00,1.434,1.43407,1.4339,1.43405,1610700073.2421875
2011-06-13 05:24:00,1.43405,1.4343,1.43405,1.4343,1313800048.828125
2011-06-13 05:25:00,1.43432,1.43432,1.43413,1.43423,1230000000.0
2011-06-13 05:26:00,1.43423,1.43433,1.43404,1.43421,1701799926.7578125
2011-06-13 05:27:00,1.43421,1.43441,1.43417,1.4343,1426699981.6894531
2011-06-13 05:28:00,1.4343,1.43438,1.43409,1.43429,1573200073.2421875
2011-06-13 05:29:00,1.43431,1.43439,1.43423,1.43426,1069499969.4824219
2011-06-13 05:30:00,1.43425,1.43442,1.43421,1.43432,1061299972.5341797
2011-06-13 05:31:00,1.43432,1.43435,1.43417,1.43427,1284100036.6210938
2011-06-13 05:32:00,1.43427,1.43427,1.434,1.434,1248000030.5175781
2011-06-13 05:33:00,1.434,1.43405,1.43377,1.4339,1338200073.2421875
2011-06-13 05:34:00,1.4339,1.43399,1.43381,1.43393,849100036.6210938
2011-06-13 05:35:00,1.43392,1.43402,1.4337,1.43383,1464100036.6210938
2011-06-13 05:36:00,1.43382,1.43392,1.43373,1.43374,897099990.8447266
2011-06-13 05:37:00,1.43375,1.43386,1.43365,1.43366,1102500000.0
2011-06-13 05:38:00,1.43368,1.43389,1.43368,1.43389,666800003.0517578
2011-06-13 05:39:00,1.43389,1.43411,1.43389,1.43396,491300010.68115234
2011-06-13 05:40:00,1.434,1.43425,1.434,1.43425,495800018.3105469
2011-06-13 05:41:00,1.43427,1.43448,1.43425,1.43442,1457400054.9316406
2011-06-13 05:42:00,1.43442,1.43442,1.43423,1.43431,1690500030.5175781
2011-06-13 05:43:00,1.43431,1.43442,1.4342,1.43425,1096600036.6210938
2011-06-13 05:44:00,1.43424,1.43429,1.43414,1.43419,566399993.8964844
2011-06-13 05:45:00,1.4342,1.4342,1.43413,1.43414,648099975.5859375
2011-06-13 05:46:00,1.43414,1.43441,1.43409,1.43431,1761999969.4824219
2011-06-13 05:47:00,1.43432,1.4344,1.43432,1.43439,282000007.62939453
2011-06-13 05:48:00,1.43442,1.43442,1.43431,1.43431,510000000.0
2011-06-13 05:49:00,1.43432,1.43452,1.43432,1.43452,825000000.0
2011-06-13 05:50:00,1.43452,1.43452,1.43425,1.43438,1079300003.0517578
2011-06-13 05:51:00,1.43437,1.43449,1.43433,1.43433,1155000000.0
2011-06-13 05:52:00,1.43437,1.43441,1.43434,1.43437,734300003.0517578
2011-06-13 05:53:00,1.4344,1.43444,1.43417,1.43422,1124300003.0517578
2011-06-13 05:54:00,1.43423,1.43428,1.43418,1.43421,442500000.0
2011-06-13 05:55:00,1.43427,1.43427,1.43421,1.43422,485999984.74121094
2011-06-13 05:56:00,1.43422,1.43432,1.43422,1.43428,555000000.0
2011-06-13 05:57:00,1.43428,1.43449,1.43428,1.43447,1040999984.7412109
2011-06-13 05:58:00,1.43446,1.43451,1.43425,1.4344,634099998.4741211
2011-06-13 05:59:00,1.43444,1.43487,1.43443,1.43486,1904900054.9316406
2011-06-13 06:00:00,1.43484,1.43487,1.43373,1.43374,2498399963.3789062
2011-06-13 06:01:00,1.43374,1.43385,1.43353,1.4338,1821499938.9648438
2011-06-13 06:02:00,1.43382,1.4339,1.43359,1.43359,1147099990.8447266
2011-06-13 06:03:00,1.43359,1.43367,1.43353,1.43362,1412400054.9316406
2011-06-13 06:04:00,1.43366,1.43375,1.43365,1.43374,772500000.0
2011-06-13 06:05:00,1.43373,1.43388,1.43373,1.43388,1054300003.0517578
2011-06-13 06:06:00,1.43388,1.43389,1.43379,1.4338,678899993.8964844
2011-06-13 06:07:00,1.43379,1.43379,1.4332,1.43334,2585599975.5859375
2011-06-13 06:08:00,1.43333,1.43353,1.43333,1.43344,1397400054.9316406
2011-06-13 06:09:00,1.43344,1.43348,1.43331,1.43346,1387500000.0
2011-06-13 06:10:00,1.43343,1.43351,1.43333,1.43351,1101200027.4658203
2011-06-13 06:11:00,1.4335,1.43374,1.43339,1.43356,1245899963.3789062
2011-06-13 06:12:00,1.43356,1.43363,1.43352,1.43361,1144499969.4824219
2011-06-13 06:13:00,1.43363,1.43368,1.4335,1.43368,1504799957.2753906
2011-06-13 06:14:00,1.4337,1.43385,1.4337,1.43379,637500000.0
2011-06-13 06:15:00,1.43378,1.43381,1.4336,1.43366,1388300018.3105469
2011-06-13 06:16:00,1.43366,1.43392,1.43359,1.43375,1611000061.0351562
2011-06-13 06:17:00,1.43375,1.43392,1.43373,1.43392,847500000.0
2011-06-13 06:18:00,1.4339,1.43392,1.43383,1.43392,360000000.0
2011-06-13 06:19:00,1.43396,1.43428,1.43396,1.43422,1935200042.7246094
2011-06-13 06:20:00,1.43421,1.43427,1.4341,1.4341,1008799972.5341797
2011-06-13 06:21:00,1.4341,1.43419,1.43385,1.43389,1406399993.8964844
2011-06-13 06:22:00,1.43385,1.43389,1.43372,1.43388,1419799957.2753906
2011-06-13 06:23:00,1.43389,1.43404,1.43369,1.43377,2029700012.2070312
2011-06-13 06:24:00,1.43377,1.43397,1.43372,1.43381,1932799987.7929688
2011-06-13 06:25:00,1.4338,1.4339,1.43372,1.43388,1449799957.2753906
2011-06-13 06:26:00,1.43388,1.43412,1.43384,1.43411,1109599990.8447266
2011-06-13 06:27:00,1.43411,1.43439,1.43403,1.43439,1397299957.2753906
2011-06-13 06:28:00,1.4344,1.4348,1.4344,1.43475,2448899993.8964844
2011-06-13 06:29:00,1.43475,1.43477,1.43435,1.43449,1545200042.7246094
2011-06-13 06:30:00,1.43449,1.43449,1.43431,1.43431,1042799987.7929688
2011-06-13 06:31:00,1.4343,1.43464,1.43428,1.43457,1263000030.5175781
2011-06-13 06:32:00,1.43459,1.43516,1.43459,1.43516,1511900024.4140625
2011-06-13 06:33:00,1.43515,1.43525,1.43499,1.4351,1813500061.0351562
2011-06-13 06:34:00,1.43509,1.43523,1.43502,1.43505,1112300033.569336
2011-06-13 06:35:00,1.43505,1.43505,1.43482,1.43494,1408600006.1035156
2011-06-13 06:36:00,1.43494,1.43512,1.43485,1.43486,1371199951.171875
2011-06-13 06:37:00,1.43485,1.43509,1.43471,1.43504,1832400054.9316406
2011-06-13 06:38:00,1.43504,1.43523,1.43504,1.43522,1264599990.8447266
2011-06-13 06:39:00,1.43521,1.43537,1.43517,1.43534,1283999938.9648438
2011-06-13 06:40:00,1.43535,1.43535,1.43521,1.43525,969300003.0517578
2011-06-13 06:41:00,1.43523,1.43531,1.43513,1.43526,1402500000.0
2011-06-13 06:42:00,1.43526,1.43526,1.4349,1.43511,1486600036.6210938
2011-06-13 06:43:00,1.4351,1.43531,1.43506,1.43526,967500000.0
2011-06-13 06:44:00,1.43525,1.43534,1.43517,1.43527,1434199981.6894531
2011-06-13 06:45:00,1.43528,1.43529,1.43491,1.43494,1608800048.828125
2011-06-13 06:46:00,1.43496,1.435,1.43466,1.43482,3349400024.4140625
2011-06-13 06:47:00,1.4348,1.43519,1.43478,1.43505,2341900024.4140625
2011-06-13 06:48:00,1.43506,1.43563,1.43504,1.43562,2259900054.9316406
2011-06-13 06:49:00,1.43562,1.43571,1.43533,1.43561,2410299987.7929688
2011-06-13 06:50:00,1.4356,1.43597,1.43559,1.43593,2710799865.7226562
2011-06-13 06:51:00,1.43595,1.43606,1.43581,1.43598,3695700073.2421875
2011-06-13 06:52:00,1.43597,1.43623,1.43583,1.43615,2860000000.0
2011-06-13 06:53:00,1.43615,1.43645,1.43613,1.43615,2768500061.0351562
2011-06-13 06:54:00,1.43615,1.43625,1.43589,1.43589,1511999969.4824219
2011-06-13 06:55:00,1.43588,1.43602,1.43561,1.43563,1252600021.3623047
2011-06-13 06:56:00,1.43563,1.43571,1.43531,1.43531,1373200073.2421875
2011-06-13 06:57:00,1.43531,1.43566,1.43515,1.43563,1579499969.4824219
2011-06-13 06:58:00,1.43563,1.43593,1.43551,1.43593,1734799957.2753906
2011-06-13 06:59:00,1.43592,1.43597,1.43551,1.43552,1554199981.6894531
2011-06-13 07:00:00,1.43552,1.43561,1.43511,1.43511,1828899993.8964844
2011-06-13 07:01:00,1.43512,1.43525,1.43492,1.43492,1473500061.0351562
2011-06-13 07:02:00,1.43491,1.43493,1.4347,1.4349,1757799987.7929688
2011-06-13 07:03:00,1.4349,1.43546,1.43489,1.43532,2682099914.5507812
2011-06-13 07:04:00,1.43538,1.43538,1.43494,1.43494,1518000030.5175781
2011-06-13 07:05:00,1.43493,1.43509,1.4348,1.43486,1816799926.7578125
2011-06-13 07:06:00,1.43485,1.43521,1.43441,1.43442,2960700073.2421875
2011-06-13 07:07:00,1.43442,1.43459,1.43367,1.43379,3383500061.0351562
2011-06-13 07:08:00,1.4338,1.43388,1.43332,1.43347,2905100097.65625
2011-06-13 07:09:00,1.43345,1.43349,1.43311,1.43317,2277200012.2070312
2011-06-13 07:10:00,1.43318,1.43318,1.43279,1.43285,2051699981.6894531
2011-06-13 07:11:00,1.43286,1.43302,1.43251,1.43251,2991000061.0351562
2011-06-13 07:12:00,1.43251,1.43318,1.43251,1.43318,2453099975.5859375
2011-06-13 07:13:00,1.43319,1.43351,1.43297,1.43341,2489199981.689453
2011-06-13 07:14:00,1.43342,1.43371,1.4334,1.43371,2412400054.9316406
2011-06-13 07:15:00,1.43368,1.43368,1.43321,1.43361,1932200012.2070312
2011-06-13 07:16:00,1.43361,1.43392,1.43361,1.43373,2460599975.5859375
2011-06-13 07:17:00,1.43371,1.43382,1.43341,1.43369,2063999938.9648438
2011-06-13 07:18:00,1.43369,1.43369,1.43344,1.43347,1776900024.4140625
2011-06-13 07:19:00,1.43347,1.43363,1.4333,1.43361,1938500061.0351562
2011-06-13 07:20:00,1.43361,1.43412,1.43361,1.43401,2066600036.6210938
2011-06-13 07:21:00,1.434,1.43405,1.43379,1.43388,1519600067.1386719
2011-06-13 07:22:00,1.43389,1.43389,1.4336,1.43361,1337899932.8613281
2011-06-13 07:23:00,1.4336,1.43361,1.43332,1.43336,1866499938.9648438
2011-06-13 07:24:00,1.43335,1.4338,1.43311,1.4338,2827799987.7929688
2011-06-13 07:25:00,1.43381,1.43455,1.43381,1.4344,2686199951.171875
2011-06-13 07:26:00,1.43439,1.43446,1.4342,1.43423,1689499969.4824219
2011-06-13 07:27:00,1.43426,1.4348,1.43426,1.43467,1944400024.4140625
2011-06-13 07:28:00,1.43465,1.43473,1.43447,1.43465,1796000061.0351562
2011-06-13 07:29:00,1.43465,1.43486,1.43453,1.43467,2939800109.8632812
2011-06-13 07:30:00,1.43468,1.43539,1.43467,1.43498,3402099914.5507812
2011-06-13 07:31:00,1.43499,1.43513,1.43499,1.43513,1410299987.7929688
2011-06-13 07:32:00,1.43512,1.43525,1.43512,1.43516,1577899932.8613281
2011-06-13 07:33:00,1.43516,1.4352,1.43479,1.43503,2368000030.517578
2011-06-13 07:34:00,1.43503,1.43588,1.435,1.43579,3096400146.484375
2011-06-13 07:35:00,1.43578,1.43602,1.4357,1.436,2513500061.0351562
2011-06-13 07:36:00,1.43601,1.43609,1.43589,1.43591,2080099945.0683594
2011-06-13 07:37:00,1.43591,1.43592,1.43563,1.43581,2471999969.482422
2011-06-13 07:38:00,1.43581,1.43587,1.43541,1.43562,2896900024.4140625
2011-06-13 07:39:00,1.43563,1.43576,1.43541,1.43574,2281300048.828125
2011-06-13 07:40:00,1.43574,1.43615,1.43573,1.43585,2532700042.7246094
2011-06-13 07:41:00,1.43586,1.43592,1.43551,1.43551,1905399932.8613281
2011-06-13 07:42:00,1.43551,1.43562,1.4353,1.43562,1714700012.2070312
2011-06-13 07:43:00,1.43562,1.43571,1.43532,1.43532,1192799987.7929688
2011-06-13 07:44:00,1.43532,1.4355,1.43531,1.43545,1228499984.741211
2011-06-13 07:45:00,1.43544,1.43555,1.43519,1.43519,1655299987.7929688
2011-06-13 07:46:00,1.43519,1.43523,1.435,1.43519,1685099945.0683594
2011-06-13 07:47:00,1.43519,1.43573,1.43519,1.43572,3588900146.484375
2011-06-13 07:48:00,1.43573,1.43619,1.43573,1.43604,3058900146.484375
2011-06-13 07:49:00,1.43604,1.43667,1.43596,1.43663,2491699981.689453
2011-06-13 07:50:00,1.43664,1.43682,1.4364,1.43672,2238899993.8964844
2011-06-13 07:51:00,1.43672,1.43689,1.43662,1.43684,2845000000.0
2011-06-13 07:52:00,1.43683,1.43689,1.43653,1.43655,1912799987.7929688
2011-06-13 07:53:00,1.43654,1.43658,1.43633,1.43637,1371399993.8964844
2011-06-13 07:54:00,1.43633,1.43637,1.43602,1.43629,2575400085.4492188
2011-06-13 07:55:00,1.4363,1.43677,1.4363,1.43677,2445899963.3789062
2011-06-13 07:56:00,1.43676,1.43681,1.43653,1.43653,2387899932.861328
2011-06-13 07:57:00,1.43653,1.43664,1.43647,1.43656,983000030.5175781
2011-06-13 07:58:00,1.43657,1.43662,1.43636,1.43649,1642599945.0683594
2011-06-13 07:59:00,1.43649,1.43654,1.43623,1.43654,2304700012.2070312
2011-06-13 08:00:00,1.43655,1.43658,1.43629,1.43641,1413500061.0351562
2011-06-13 08:01:00,1.43639,1.43645,1.43586,1.43586,2343899993.8964844
2011-06-13 08:02:00,1.43584,1.43589,1.43549,1.4355,2191900024.4140625
2011-06-13 08:03:00,1.43547,1.43548,1.43529,1.43542,1771399993.8964844
2011-06-13 08:04:00,1.43549,1.43582,1.43544,1.43582,2271100006.1035156
2011-06-13 08:05:00,1.43584,1.43616,1.43584,1.43588,1918300018.3105469
2011-06-13 08:06:00,1.43588,1.43609,1.43581,1.4359,1733200073.2421875
2011-06-13 08:07:00,1.43589,1.43605,1.43538,1.43539,2746099853.515625
2011-06-13 08:08:00,1.43541,1.43549,1.4353,1.43537,1793399963.3789062
2011-06-13 08:09:00,1.43536,1.4358,1.43533,1.43567,1883500061.0351562
2011-06-13 08:10:00,1.43567,1.43583,1.43561,1.43573,1918399963.3789062
2011-06-13 08:11:00,1.43573,1.43581,1.43571,1.43572,982900009.1552734
2011-06-13 08:12:00,1.43571,1.43571,1.43531,1.43545,1765700073.2421875
2011-06-13 08:13:00,1.43545,1.43588,1.43545,1.43586,1873600006.1035156
2011-06-13 08:14:00,1.43586,1.43586,1.43546,1.43548,1537100067.1386719
2011-06-13 08:15:00,1.43546,1.4358,1.43544,1.4358,1324700012.2070312
2011-06-13 08:16:00,1.43585,1.43615,1.43585,1.4361,2087400054.9316406
2011-06-13 08:17:00,1.43613,1.43629,1.43574,1.43581,2794200134.2773438
2011-06-13 08:18:00,1.43587,1.43588,1.43568,1.43571,1382299957.2753906
2011-06-13 08:19:00,1.43569,1.43616,1.43568,1.43614,1904700012.2070312
2011-06-13 08:20:00,1.43614,1.43617,1.43585,1.43596,1759600067.1386719
2011-06-13 08:21:00,1.43598,1.43599,1.4358,1.43582,1001999969.4824219
2011-06-13 08:22:00,1.43581,1.43581,1.43562,1.43568,701299972.5341797
2011-06-13 08:23:00,1.43569,1.43624,1.43569,1.43622,2154199981.689453
2011-06-13 08:24:00,1.43617,1.43638,1.43598,1.43632,2208000030.517578
2011-06-13 08:25:00,1.43632,1.43639,1.43597,1.43609,1408300018.3105469
2011-06-13 08:26:00,1.4361,1.43619,1.43581,1.43589,1604299926.7578125
2011-06-13 08:27:00,1.43589,1.43611,1.43568,1.43594,2082400054.9316406
2011-06-13 08:28:00,1.43593,1.43603,1.43575,1.43597,1853099975.5859375
2011-06-13 08:29:00,1.43596,1.43596,1.43575,1.43588,1602599945.0683594
2011-06-13 08:30:00,1.43585,1.43585,1.43572,1.43579,851699981.6894531
2011-06-13 08:31:00,1.43587,1.43601,1.43585,1.43591,1356199951.171875
2011-06-13 08:32:00,1.43591,1.43608,1.43575,1.4358,1403600006.1035156
2011-06-13 08:33:00,1.43578,1.43578,1.43557,1.43561,1455800018.3105469
2011-06-13 08:34:00,1.4356,1.43571,1.4355,1.43557,1443200073.2421875
2011-06-13 08:35:00,1.43559,1.4356,1.43544,1.43558,1252799987.7929688
2011-06-13 08:36:00,1.43558,1.43581,1.43558,1.4358,1318500061.0351562
2011-06-13 08:37:00,1.43581,1.43585,1.43547,1.43557,1813800048.828125
2011-06-13 08:38:00,1.43556,1.43569,1.43541,1.43567,1625800018.3105469
2011-06-13 08:39:00,1.43568,1.43569,1.43541,1.43543,901200027.4658203
2011-06-13 08:40:00,1.43547,1.43551,1.43499,1.43499,1619100036.6210938
2011-06-13 08:41:00,1.435,1.435,1.43416,1.43416,2298099975.5859375
2011-06-13 08:42:00,1.43414,1.43429,1.43387,1.43402,1935000000.0
2011-06-13 08:43:00,1.43405,1.43419,1.43389,1.43418,2609599914.5507812
2011-06-13 08:44:00,1.43415,1.43417,1.4334,1.43356,3303299865.7226562
2011-06-13 08:45:00,1.43357,1.43358,1.43338,1.43339,2532200012.2070312
2011-06-13 08:46:00,1.4334,1.43352,1.43338,1.43343,1778999938.9648438
2011-06-13 08:47:00,1.43343,1.43379,1.4334,1.4337,2255299987.7929688
2011-06-13 08:48:00,1.43368,1.4337,1.43316,1.4334,2728500061.0351562
2011-06-13 08:49:00,1.43341,1.43364,1.43327,1.43364,1983099975.5859375
2011-06-13 08:50:00,1.43368,1.43397,1.43362,1.43397,2446699981.689453
2011-06-13 08:51:00,1.43396,1.43449,1.43387,1.43446,3090799865.7226562
2011-06-13 08:52:00,1.43445,1.43457,1.43436,1.4345,1863300018.3105469
2011-06-13 08:53:00,1.43449,1.43449,1.43405,1.43417,1392599945.0683594
2011-06-13 08:54:00,1.43417,1.43417,1.43386,1.43388,1388600006.1035156
2011-06-13 08:55:00,1.43387,1.43452,1.43382,1.43451,1758600006.1035156
2011-06-13 08:56:00,1.43451,1.43451,1.4341,1.4342,2004100036.6210938
2011-06-13 08:57:00,1.43421,1.43421,1.43361,1.43361,1784199981.6894531
2011-06-13 08:58:00,1.43359,1.43362,1.43337,1.43362,2200800018.310547
2011-06-13 08:59:00,1.43362,1.43399,1.43361,1.43398,1527500000.0
2011-06-13 09:00:00,1.434,1.434,1.43367,1.43371,2209900054.9316406
2011-06-13 09:01:00,1.43371,1.43373,1.43362,1.43366,858700027.4658203
2011-06-13 09:02:00,1.43364,1.43409,1.43363,1.434,2121399993.8964844
2011-06-13 09:03:00,1.43401,1.43401,1.43367,1.43378,2067500000.0
2011-06-13 09:04:00,1.43378,1.4338,1.43364,1.43367,934599990.8447266
2011-06-13 09:05:00,1.43368,1.43387,1.43365,1.43377,1391399993.8964844
2011-06-13 09:06:00,1.43377,1.43394,1.43377,1.43394,1242500000.0
2011-06-13 09:07:00,1.43395,1.43398,1.43378,1.43386,2081300048.828125
2011-06-13 09:08:00,1.43386,1.43389,1.43383,1.43389,914499969.4824219
2011-06-13 09:09:00,1.43389,1.43389,1.43365,1.43371,1357799987.7929688
2011-06-13 09:10:00,1.4337,1.4338,1.43346,1.43349,1951900024.4140625
2011-06-13 09:11:00,1.43351,1.43357,1.43336,1.43357,1880700073.2421875
2011-06-13 09:12:00,1.43358,1.43381,1.43351,1.43353,1626000061.0351562
2011-06-13 09:13:00,1.43353,1.43368,1.43346,1.43361,1503000030.5175781
2011-06-13 09:14:00,1.43361,1.43367,1.43361,1.43367,1080400009.1552734
2011-06-13 09:15:00,1.43367,1.4339,1.43367,1.43379,2061100006.1035156
2011-06-13 09:16:00,1.43378,1.43392,1.43364,1.43364,1447700042.7246094
2011-06-13 09:17:00,1.43364,1.43378,1.43356,1.43378,1107600021.3623047
2011-06-13 09:18:00,1.43377,1.43377,1.43358,1.4336,1633699951.171875
2011-06-13 09:19:00,1.4336,1.43366,1.4334,1.4335,1716799926.7578125
2011-06-13 09:20:00,1.4335,1.43352,1.43316,1.43321,2052799987.7929688
2011-06-13 09:21:00,1.43321,1.43321,1.43255,1.43275,2757500000.0
2011-06-13 09:22:00,1.43276,1.43293,1.43258,1.43286,2765000000.0
2011-06-13 09:23:00,1.43286,1.43297,1.43263,1.43266,3068599853.515625
2011-06-13 09:24:00,1.43265,1.43299,1.43265,1.4329,2158000030.517578
2011-06-13 09:25:00,1.43289,1.43348,1.43289,1.43344,2182700042.7246094
2011-06-13 09:26:00,1.43342,1.43372,1.43342,1.43367,2243300018.310547
2011-06-13 09:27:00,1.43367,1.43403,1.4336,1.43361,2980199890.1367188
2011-06-13 09:28:00,1.4336,1.4339,1.43346,1.4339,2036000061.0351562
2011-06-13 09:29:00,1.43388,1.43409,1.43384,1.43403,2383000030.517578
2011-06-13 09:30:00,1.43402,1.43407,1.43376,1.43377,2723200073.2421875
2011-06-13 09:31:00,1.43377,1.43428,1.43377,1.43425,1493399963.3789062
2011-06-13 09:32:00,1.43427,1.4344,1.43411,1.43422,1897700042.7246094
2011-06-13 09:33:00,1.43425,1.43439,1.43424,1.43439,947300033.5693359
2011-06-13 09:34:00,1.43438,1.43458,1.43423,1.43442,2132100067.1386719
2011-06-13 09:35:00,1.43443,1.43452,1.4343,1.43442,1424700012.2070312
2011-06-13 09:36:00,1.43442,1.43458,1.43422,1.43425,2737699890.1367188
2011-06-13 09:37:00,1.43425,1.43432,1.43418,1.43429,1140800018.3105469
2011-06-13 09:38:00,1.43428,1.43463,1.43385,1.43463,2099100036.6210938
2011-06-13 09:39:00,1.43465,1.43503,1.43465,1.43485,3155599975.5859375
2011-06-13 09:40:00,1.43487,1.43489,1.43457,1.43467,2129499969.4824219
2011-06-13 09:41:00,1.43467,1.43498,1.43449,1.43498,1863800048.828125
2011-06-13 09:42:00,1.43496,1.43544,1.43496,1.43544,2716799926.7578125
2011-06-13 09:43:00,1.43542,1.43571,1.43539,1.43548,2192799987.7929688
2011-06-13 09:44:00,1.43548,1.43565,1.43547,1.43552,1237500000.0
2011-06-13 09:45:00,1.43547,1.43569,1.43546,1.43562,2389900054.9316406
2011-06-13 09:46:00,1.43564,1.43591,1.43556,1.43568,2378399963.3789062
2011-06-13 09:47:00,1.4357,1.43582,1.43564,1.43579,2597699890.1367188
2011-06-13 09:48:00,1.4358,1.43582,1.43558,1.43565,1860399932.8613281
2011-06-13 09:49:00,1.43563,1.43563,1.43502,1.43502,2950299987.7929688
2011-06-13 09:50:00,1.43502,1.43507,1.4349,1.43506,1571399993.8964844
2011-06-13 09:51:00,1.43503,1.4352,1.435,1.43518,936600036.6210938
2011-06-13 09:52:00,1.43516,1.43539,1.43507,1.43531,1445000000.0
2011-06-13 09:53:00,1.43531,1.43548,1.43529,1.43546,1455599975.5859375
2011-06-13 09:54:00,1.43545,1.43562,1.43536,1.43561,1719600067.1386719
2011-06-13 09:55:00,1.43559,1.43569,1.43542,1.43555,1339199981.6894531
2011-06-13 09:56:00,1.43555,1.43556,1.43546,1.43554,1091500015.258789
2011-06-13 09:57:00,1.43554,1.4356,1.43549,1.43553,1344600067.1386719
2011-06-13 09:58:00,1.43553,1.43577,1.43553,1.43555,2383600006.1035156
2011-06-13 09:59:00,1.43555,1.43556,1.43521,1.43531,1500299987.7929688
2011-06-13 10:00:00,1.43531,1.43555,1.43523,1.43534,1652700042.7246094
2011-06-13 10:01:00,1.43533,1.43539,1.4352,1.43534,1321900024.4140625
2011-06-13 10:02:00,1.43535,1.4354,1.43526,1.4353,1367400054.9316406
2011-06-13 10:03:00,1.43529,1.43543,1.43528,1.43541,757500000.0
2011-06-13 10:04:00,1.43538,1.43538,1.43497,1.43502,2090700073.2421875
2011-06-13 10:05:00,1.43505,1.43507,1.43458,1.4346,2028300018.3105469
2011-06-13 10:06:00,1.43461,1.43502,1.43459,1.43497,2073200073.2421875
2011-06-13 10:07:00,1.43497,1.43529,1.43497,1.43528,1809199981.6894531
2011-06-13 10:08:00,1.43527,1.43568,1.4352,1.43557,1695899963.3789062
2011-06-13 10:09:00,1.43557,1.43569,1.43556,1.43557,2001100006.1035156
2011-06-13 10:10:00,1.43555,1.43559,1.43542,1.43543,2053600006.1035156
2011-06-13 10:11:00,1.43541,1.43541,1.43519,1.43529,1778300018.3105469
2011-06-13 10:12:00,1.43529,1.43541,1.43518,1.43538,1130999984.741211
2011-06-13 10:13:00,1.43539,1.43557,1.4353,1.43536,1239800033.569336
2011-06-13 10:14:00,1.43536,1.43566,1.43524,1.43561,1769499969.4824219
2011-06-13 10:15:00,1.43561,1.43578,1.43561,1.43578,1158899993.8964844
2011-06-13 10:16:00,1.43579,1.43603,1.43577,1.43581,1856699981.6894531
2011-06-13 10:17:00,1.43582,1.43582,1.43544,1.43544,1499499969.4824219
2011-06-13 10:18:00,1.43544,1.43556,1.43537,1.43551,1755800018.3105469
2011-06-13 10:19:00,1.43551,1.43577,1.43545,1.43572,1796799926.7578125
2011-06-13 10:20:00,1.43574,1.4359,1.43565,1.4359,1591900024.4140625
2011-06-13 10:21:00,1.43586,1.43602,1.43573,1.43597,1933099975.5859375
2011-06-13 10:22:00,1.43597,1.43607,1.43555,1.43557,2384400024.4140625
2011-06-13 10:23:00,1.43557,1.43581,1.43557,1.43581,695999984.7412109
2011-06-13 10:24:00,1.43583,1.43602,1.43577,1.43587,1848999938.9648438
2011-06-13 10:25:00,1.43588,1.43588,1.43552,1.43556,1140899963.3789062
2011-06-13 10:26:00,1.43557,1.43568,1.43557,1.43563,618899993.8964844
2011-06-13 10:27:00,1.43563,1.43608,1.43563,1.43608,1143799972.5341797
2011-06-13 10:28:00,1.43609,1.43648,1.43604,1.43648,1703999938.9648438
2011-06-13 10:29:00,1.4365,1.43657,1.4364,1.43647,1552700042.7246094
2011-06-13 10:30:00,1.43647,1.43652,1.43615,1.43615,1564900054.9316406
2011-06-13 10:31:00,1.43615,1.43615,1.43557,1.43568,2663200073.2421875
2011-06-13 10:32:00,1.43568,1.43581,1.43561,1.43567,1364199981.6894531
2011-06-13 10:33:00,1.43567,1.436,1.43567,1.43588,1493200073.2421875
2011-06-13 10:34:00,1.43587,1.43589,1.43559,1.43559,1305200042.7246094
2011-06-13 10:35:00,1.43559,1.43588,1.43539,1.43582,1623600006.1035156
2011-06-13 10:36:00,1.43581,1.43588,1.4355,1.43559,1893999938.9648438
2011-06-13 10:37:00,1.43561,1.43577,1.43548,1.4356,1695500030.5175781
2011-06-13 10:38:00,1.43559,1.4357,1.43556,1.43563,1011299972.5341797
2011-06-13 10:39:00,1.43559,1.43559,1.43534,1.43558,2139900054.9316406
2011-06-13 10:40:00,1.43561,1.43562,1.43549,1.43555,643700027.4658203
2011-06-13 10:41:00,1.43557,1.43558,1.43546,1.43546,808099975.5859375
2011-06-13 10:42:00,1.43543,1.43554,1.43537,1.43554,1726000061.0351562
2011-06-13 10:43:00,1.43556,1.43562,1.43536,1.43557,1447899932.8613281
2011-06-13 10:44:00,1.43555,1.4358,1.43555,1.43559,1974499969.4824219
2011-06-13 10:45:00,1.43557,1.4356,1.43544,1.43548,851299972.5341797
2011-06-13 10:46:00,1.43549,1.43549,1.43526,1.43526,1026100006.1035156
2011-06-13 10:47:00,1.43527,1.43579,1.43527,1.43579,1708500061.0351562
2011-06-13 10:48:00,1.4358,1.43595,1.4358,1.43593,772699966.4306641
2011-06-13 10:49:00,1.43593,1.43593,1.43551,1.43563,2221100006.1035156
2011-06-13 10:50:00,1.43563,1.43582,1.43553,1.43579,1653500061.0351562
2011-06-13 10:51:00,1.43579,1.43645,1.43579,1.43634,2688999938.9648438
2011-06-13 10:52:00,1.43637,1.4365,1.43615,1.4362,1312799987.7929688
2011-06-13 10:53:00,1.43622,1.43628,1.43595,1.43601,1166699981.6894531
2011-06-13 10:54:00,1.43601,1.43621,1.43598,1.43619,968300018.3105469
2011-06-13 10:55:00,1.43621,1.43637,1.43612,1.43624,2076499938.9648438
2011-06-13 10:56:00,1.4362,1.43631,1.43616,1.43631,1650200042.7246094
2011-06-13 10:57:00,1.43631,1.43636,1.43615,1.43618,1554900054.9316406
2011-06-13 10:58:00,1.43618,1.43635,1.43603,1.43635,1900800018.3105469
2011-06-13 10:59:00,1.43635,1.43652,1.43635,1.43647,1683500061.0351562
2011-06-13 11:00:00,1.43651,1.43654,1.43621,1.43648,1743600006.1035156
2011-06-13 11:01:00,1.43648,1.43648,1.43632,1.43636,1104199981.6894531
2011-06-13 11:02:00,1.43636,1.43648,1.43635,1.43638,1312799987.7929688
2011-06-13 11:03:00,1.43637,1.43647,1.43631,1.43643,1723699951.171875
2011-06-13 11:04:00,1.43643,1.43677,1.43636,1.43669,1806399993.8964844
2011-06-13 11:05:00,1.43672,1.43682,1.43668,1.43678,1226800003.0517578
2011-06-13 11:06:00,1.43685,1.43768,1.43684,1.43767,3521900024.4140625
2011-06-13 11:07:00,1.43767,1.43777,1.43732,1.43772,2777300109.8632812
2011-06-13 11:08:00,1.43775,1.43825,1.43773,1.43821,3777099914.5507812
2011-06-13 11:09:00,1.43821,1.43823,1.43793,1.43802,2428399963.3789062
2011-06-13 11:10:00,1.43802,1.43809,1.43799,1.43803,1280500030.5175781
2011-06-13 11:11:00,1.43802,1.43843,1.43801,1.43841,2752099914.5507812
2011-06-13 11:12:00,1.43841,1.43855,1.43829,1.43852,2624200134.2773438
2011-06-13 11:13:00,1.43851,1.43867,1.43842,1.43856,1657700042.7246094
2011-06-13 11:14:00,1.43855,1.43868,1.43839,1.43868,1968800048.828125
2011-06-13 11:15:00,1.43868,1.43886,1.4386,1.43884,1855700073.2421875
2011-06-13 11:16:00,1.43884,1.43887,1.43877,1.43886,1245299987.7929688
2011-06-13 11:17:00,1.43886,1.4389,1.43882,1.43883,1329100036.6210938
2011-06-13 11:18:00,1.4388,1.4388,1.43854,1.43863,2358300018.310547
2011-06-13 11:19:00,1.43863,1.43863,1.43845,1.43845,1352200012.2070312
2011-06-13 11:20:00,1.43845,1.43848,1.43831,1.43842,1724700012.2070312
2011-06-13 11:21:00,1.43842,1.43863,1.43842,1.43844,1552599945.0683594
2011-06-13 11:22:00,1.43843,1.43904,1.43843,1.43897,2342200012.2070312
2011-06-13 11:23:00,1.43897,1.43912,1.43881,1.43885,1793899993.8964844
2011-06-13 11:24:00,1.43885,1.43888,1.43877,1.4388,1439600067.1386719
2011-06-13 11:25:00,1.43881,1.43888,1.43875,1.43886,1325099945.0683594
2011-06-13 11:26:00,1.43887,1.43889,1.43872,1.43884,1536199951.171875
2011-06-13 11:27:00,1.43885,1.43885,1.43854,1.43864,1671799926.7578125
2011-06-13 11:28:00,1.43864,1.43864,1.43823,1.43831,2754100036.6210938
2011-06-13 11:29:00,1.43831,1.43832,1.43821,1.43824,1392500000.0
2011-06-13 11:30:00,1.43821,1.43826,1.43809,1.43821,1854799957.2753906
2011-06-13 11:31:00,1.43821,1.43853,1.43817,1.4385,1886600036.6210938
2011-06-13 11:32:00,1.4385,1.43853,1.4381,1.43816,1269199981.6894531
2011-06-13 11:33:00,1.43816,1.43824,1.43805,1.43819,1240000000.0
2011-06-13 11:34:00,1.43819,1.43825,1.43811,1.43819,1211500015.258789
2011-06-13 11:35:00,1.43818,1.43834,1.43817,1.43833,1260800018.3105469
2011-06-13 11:36:00,1.43835,1.43838,1.43804,1.43809,1199300003.0517578
2011-06-13 11:37:00,1.43809,1.43815,1.43785,1.43791,1856499938.9648438
2011-06-13 11:38:00,1.43791,1.43801,1.43786,1.43787,1395500030.5175781
2011-06-13 11:39:00,1.43788,1.43807,1.43783,1.43801,1469900054.9316406
2011-06-13 11:40:00,1.43802,1.43807,1.43797,1.43807,1088899993.8964844
2011-06-13 11:41:00,1.43807,1.43816,1.43807,1.43808,607400016.784668
2011-06-13 11:42:00,1.43808,1.43808,1.43787,1.43787,820500030.5175781
2011-06-13 11:43:00,1.43783,1.43789,1.4376,1.43789,1514700012.2070312
2011-06-13 11:44:00,1.4379,1.438,1.43768,1.43768,2137200012.2070312
2011-06-13 11:45:00,1.43767,1.43775,1.43752,1.43752,1740099945.0683594
2011-06-13 11:46:00,1.43752,1.43756,1.43728,1.43739,2501000061.0351562
2011-06-13 11:47:00,1.43739,1.43753,1.43727,1.43729,1674100036.6210938
2011-06-13 11:48:00,1.43729,1.43751,1.43729,1.43749,851999969.4824219
2011-06-13 11:49:00,1.43748,1.43768,1.43748,1.43763,684800033.5693359
2011-06-13 11:50:00,1.43764,1.4377,1.43743,1.43744,1358200073.2421875
2011-06-13 11:51:00,1.43743,1.43767,1.43738,1.43764,702399978.6376953
2011-06-13 11:52:00,1.43764,1.43771,1.43764,1.43764,711800003.0517578
2011-06-13 11:53:00,1.43765,1.43773,1.43764,1.43772,686399993.8964844
2011-06-13 11:54:00,1.43772,1.43778,1.43764,1.43766,551399993.8964844
2011-06-13 11:55:00,1.43766,1.43766,1.43752,1.43755,750000000.0
2011-06-13 11:56:00,1.43754,1.43769,1.43754,1.43765,1084899978.6376953
2011-06-13 11:57:00,1.43766,1.43772,1.43765,1.43772,820000000.0
2011-06-13 11:58:00,1.43772,1.43783,1.43763,1.43768,1313399963.3789062
2011-06-13 11:59:00,1.43768,1.43768,1.43735,1.43735,1362799987.7929688
2011-06-13 12:00:00,1.43736,1.43739,1.4372,1.43726,1006100006.1035156
2011-06-13 12:01:00,1.43724,1.43728,1.4371,1.43717,1300700073.2421875
2011-06-13 12:02:00,1.43717,1.43717,1.437,1.437,1236900024.4140625
2011-06-13 12:03:00,1.43703,1.4371,1.43691,1.43694,897399978.6376953
2011-06-13 12:04:00,1.43692,1.43706,1.43685,1.43703,1673800048.828125
2011-06-13 12:05:00,1.43704,1.43712,1.43693,1.43702,1753300018.3105469
2011-06-13 12:06:00,1.437,1.43703,1.43675,1.43686,1808999938.9648438
2011-06-13 12:07:00,1.43684,1.43692,1.4368,1.43688,1492400054.9316406
2011-06-13 12:08:00,1.4369,1.43701,1.43688,1.43693,1511300048.828125
2011-06-13 12:09:00,1.43693,1.43711,1.43693,1.43705,1536199951.171875
2011-06-13 12:10:00,1.43705,1.43706,1.43672,1.43673,1808999938.9648438
2011-06-13 12:11:00,1.43673,1.43673,1.43633,1.43649,2832799987.7929688
2011-06-13 12:12:00,1.4365,1.4365,1.43614,1.43619,2180099945.0683594
2011-06-13 12:13:00,1.43619,1.43639,1.43605,1.43631,2210000000.0
2011-06-13 12:14:00,1.43632,1.43634,1.43551,1.43551,2978500061.0351562
2011-06-13 12:15:00,1.43548,1.4356,1.43528,1.43547,3558900146.484375
2011-06-13 12:16:00,1.43547,1.43568,1.43547,1.43563,2271499938.9648438
2011-06-13 12:17:00,1.43567,1.4357,1.43548,1.4357,1578200073.2421875
2011-06-13 12:18:00,1.4357,1.43581,1.43566,1.43581,1282100067.1386719
2011-06-13 12:19:00,1.43579,1.43582,1.43561,1.43582,1625299987.7929688
2011-06-13 12:20:00,1.43587,1.43615,1.43584,1.43608,1826000061.0351562
2011-06-13 12:21:00,1.4361,1.43655,1.4361,1.43653,2468600006.1035156
2011-06-13 12:22:00,1.43654,1.43657,1.43623,1.43642,1767200012.2070312
2011-06-13 12:23:00,1.43643,1.43645,1.43634,1.4364,1486900024.4140625
2011-06-13 12:24:00,1.4364,1.4364,1.43611,1.43629,1386399993.8964844
2011-06-13 12:25:00,1.43629,1.4366,1.43629,1.4366,1074400024.4140625
2011-06-13 12:26:00,1.43662,1.43664,1.43653,1.43659,1280399932.8613281
2011-06-13 12:27:00,1.43658,1.43683,1.43646,1.43683,1954100036.6210938
2011-06-13 12:28:00,1.43683,1.43723,1.43663,1.43723,2642699890.1367188
2011-06-13 12:29:00,1.43723,1.43733,1.43707,1.4371,2383699951.171875
2011-06-13 12:30:00,1.4371,1.43728,1.43708,1.43722,1671999969.4824219
2011-06-13 12:31:00,1.43724,1.43726,1.43715,1.4372,1173799972.5341797
2011-06-13 12:32:00,1.43721,1.43765,1.43721,1.43743,2236300048.828125
2011-06-13 12:33:00,1.43741,1.43755,1.43726,1.43744,2535299987.7929688
2011-06-13 12:34:00,1.43744,1.43763,1.43744,1.43756,1474700012.2070312
2011-06-13 12:35:00,1.43757,1.43771,1.4374,1.4374,2061799926.7578125
2011-06-13 12:36:00,1.43741,1.43759,1.43738,1.43755,2023300018.3105469
2011-06-13 12:37:00,1.43755,1.43765,1.43752,1.43753,1210800018.3105469
2011-06-13 12:38:00,1.43753,1.4377,1.43733,1.43734,2075399932.8613281
2011-06-13 12:39:00,1.43732,1.4374,1.43725,1.43733,1318699951.171875
2011-06-13 12:40:00,1.43734,1.43734,1.43693,1.43722,2116699981.6894531
2011-06-13 12:41:00,1.43724,1.43757,1.43722,1.43755,2266000061.0351562
2011-06-13 12:42:00,1.43755,1.43788,1.43753,1.43784,1885700073.2421875
2011-06-13 12:43:00,1.43781,1.43781,1.43754,1.43763,2255700073.2421875
2011-06-13 12:44:00,1.43763,1.43785,1.43763,1.43782,2440899963.3789062
2011-06-13 12:45:00,1.43783,1.43791,1.43774,1.4378,1466000061.0351562
2011-06-13 12:46:00,1.43779,1.43779,1.43744,1.43765,2154700012.2070312
2011-06-13 12:47:00,1.43763,1.43782,1.4376,1.43767,1392200012.2070312
2011-06-13 12:48:00,1.43767,1.43767,1.43742,1.43747,1210800018.3105469
2011-06-13 12:49:00,1.43746,1.43774,1.43744,1.43747,2113600006.1035156
2011-06-13 12:50:00,1.43747,1.43766,1.43745,1.43753,1571699981.6894531
2011-06-13 12:51:00,1.43751,1.43775,1.4375,1.43775,2177700042.7246094
2011-06-13 12:52:00,1.43775,1.43786,1.43755,1.43757,1493399963.3789062
2011-06-13 12:53:00,1.43758,1.43765,1.43754,1.43763,514500007.62939453
2011-06-13 12:54:00,1.43762,1.43762,1.43738,1.43745,970000000.0
2011-06-13 12:55:00,1.43745,1.43748,1.4373,1.4373,1222900009.1552734
2011-06-13 12:56:00,1.43731,1.4375,1.43731,1.43736,1509499969.4824219
2011-06-13 12:57:00,1.43736,1.43776,1.43735,1.4376,1780899963.3789062
2011-06-13 12:58:00,1.43762,1.43774,1.43753,1.43761,1589400024.4140625
2011-06-13 12:59:00,1.4376,1.43776,1.4376,1.43761,1188899993.8964844
2011-06-13 13:00:00,1.43761,1.43786,1.43753,1.43768,3273099975.5859375
2011-06-13 13:01:00,1.43768,1.43832,1.43765,1.43831,2955799865.7226562
2011-06-13 13:02:00,1.43833,1.43847,1.43814,1.43844,3087300109.8632812
2011-06-13 13:03:00,1.43844,1.43862,1.43822,1.43848,2796700134.2773438
2011-06-13 13:04:00,1.43847,1.43848,1.43828,1.43836,2522100067.138672
2011-06-13 13:05:00,1.43836,1.43839,1.4379,1.43792,2461399993.8964844
2011-06-13 13:06:00,1.4379,1.43805,1.43784,1.43798,1631999969.4824219
2011-06-13 13:07:00,1.43797,1.43834,1.43793,1.43826,1966799926.7578125
2011-06-13 13:08:00,1.43824,1.43855,1.43819,1.43837,3093599853.515625
2011-06-13 13:09:00,1.43839,1.43851,1.43823,1.43824,1938699951.171875
2011-06-13 13:10:00,1.4382,1.43846,1.43815,1.43825,1568500061.0351562
2011-06-13 13:11:00,1.43828,1.43838,1.43817,1.43835,2018600006.1035156
2011-06-13 13:12:00,1.43835,1.43849,1.43833,1.4384,1055400009.1552734
2011-06-13 13:13:00,1.4384,1.43846,1.43834,1.43835,1028099975.5859375
2011-06-13 13:14:00,1.43836,1.43839,1.43798,1.43823,2315299987.7929688
2011-06-13 13:15:00,1.43823,1.43823,1.43784,1.4379,2392700042.7246094
2011-06-13 13:16:00,1.4379,1.43792,1.43768,1.43768,1814900054.9316406
2011-06-13 13:17:00,1.43769,1.43777,1.43765,1.43777,1129599990.8447266
2011-06-13 13:18:00,1.43776,1.43787,1.43769,1.43777,1293600006.1035156
2011-06-13 13:19:00,1.43777,1.43782,1.43776,1.43778,677300033.5693359
2011-06-13 13:20:00,1.43779,1.43793,1.43773,1.43773,1499799957.2753906
2011-06-13 13:21:00,1.43773,1.43792,1.43765,1.43779,2349499969.482422
2011-06-13 13:22:00,1.43778,1.43789,1.43765,1.43773,1550399932.8613281
2011-06-13 13:23:00,1.43771,1.43773,1.43751,1.43758,1861199951.171875
2011-06-13 13:24:00,1.43759,1.43769,1.43755,1.43762,1497799987.7929688
2011-06-13 13:25:00,1.43763,1.43781,1.43763,1.43774,1495000000.0
2011-06-13 13:26:00,1.43774,1.43788,1.43773,1.43782,1130999984.741211
2011-06-13 13:27:00,1.43786,1.43791,1.43748,1.43753,2136100006.1035156
2011-06-13 13:28:00,1.43752,1.43752,1.43704,1.43717,1858300018.3105469
2011-06-13 13:29:00,1.43717,1.43734,1.43705,1.43708,1458999938.9648438
2011-06-13 13:30:00,1.43706,1.4372,1.43685,1.43686,3236000061.0351562
2011-06-13 13:31:00,1.43688,1.43697,1.43669,1.43692,1636399993.8964844
2011-06-13 13:32:00,1.43694,1.43703,1.43674,1.43676,1730299987.7929688
2011-06-13 13:33:00,1.43675,1.43686,1.43666,1.43685,1640700073.2421875
2011-06-13 13:34:00,1.43685,1.43731,1.43685,1.43726,2514100036.6210938
2011-06-13 13:35:00,1.43726,1.43767,1.43723,1.43758,1859499969.4824219
2011-06-13 13:36:00,1.43756,1.43773,1.43744,1.4377,1728399963.3789062
2011-06-13 13:37:00,1.43772,1.43808,1.43772,1.43807,1936199951.171875
2011-06-13 13:38:00,1.43806,1.43806,1.43754,1.43754,2269100036.6210938
2011-06-13 13:39:00,1.43754,1.43758,1.43718,1.4373,1985299987.7929688
2011-06-13 13:40:00,1.43734,1.43773,1.43727,1.43754,2916700134.2773438
2011-06-13 13:41:00,1.43752,1.43826,1.43747,1.43821,2145700073.2421875
2011-06-13 13:42:00,1.43824,1.43833,1.4379,1.43813,2458000030.517578
2011-06-13 13:43:00,1.43818,1.43828,1.43806,1.43816,1575099945.0683594
2011-06-13 13:44:00,1.43816,1.4384,1.43809,1.43823,1658600006.1035156
2011-06-13 13:45:00,1.43829,1.43838,1.43793,1.43793,1872100067.1386719
2011-06-13 13:46:00,1.43794,1.43837,1.43791,1.43835,2201300048.828125
2011-06-13 13:47:00,1.43835,1.43836,1.43806,1.43833,2154700012.2070312
2011-06-13 13:48:00,1.43837,1.43839,1.43816,1.43819,1641999969.4824219
2011-06-13 13:49:00,1.43819,1.43819,1.43789,1.43789,1635700073.2421875
2011-06-13 13:50:00,1.43787,1.43835,1.4377,1.43825,1505599975.5859375
2011-06-13 13:51:00,1.43818,1.43843,1.43812,1.4384,2366900024.4140625
2011-06-13 13:52:00,1.4384,1.43845,1.43797,1.43814,2761099853.515625
2011-06-13 13:53:00,1.43814,1.43815,1.43784,1.43784,1871300048.828125
2011-06-13 13:54:00,1.43784,1.43803,1.43747,1.43777,2797399902.34375
2011-06-13 13:55:00,1.43777,1.43827,1.43766,1.43823,2573200073.2421875
2011-06-13 13:56:00,1.43825,1.43837,1.43813,1.43833,1654100036.6210938
2011-06-13 13:57:00,1.43832,1.43852,1.43821,1.43831,2400700073.2421875
2011-06-13 13:58:00,1.43831,1.43831,1.43803,1.43803,2074700012.2070312
2011-06-13 13:59:00,1.43803,1.43818,1.43783,1.43812,2734599914.5507812
2011-06-13 14:00:00,1.43815,1.43854,1.43813,1.43854,2114499969.4824219
2011-06-13 14:01:00,1.43855,1.439,1.43853,1.43853,3228699951.171875
2011-06-13 14:02:00,1.43846,1.43846,1.43805,1.43832,3165899963.3789062
2011-06-13 14:03:00,1.43834,1.43841,1.43813,1.43835,2465500030.517578
2011-06-13 14:04:00,1.43835,1.43882,1.43833,1.43864,2561199951.171875
2011-06-13 14:05:00,1.43864,1.43904,1.43851,1.43854,2742399902.34375
2011-06-13 14:06:00,1.43853,1.43872,1.43842,1.43861,3648900146.484375
2011-06-13 14:07:00,1.43861,1.43882,1.43844,1.43863,2573599853.515625
2011-06-13 14:08:00,1.43865,1.43906,1.43865,1.43892,3306400146.484375
2011-06-13 14:09:00,1.43892,1.43905,1.43869,1.43902,2857099914.5507812
2011-06-13 14:10:00,1.43902,1.43951,1.43895,1.43941,2872600097.65625
2011-06-13 14:11:00,1.43941,1.43962,1.43934,1.43945,2287899932.861328
2011-06-13 14:12:00,1.43947,1.43949,1.43904,1.43913,4450299987.792969
2011-06-13 14:13:00,1.43912,1.4396,1.43892,1.43953,4510400085.449219
2011-06-13 14:14:00,1.43955,1.43974,1.43935,1.43947,2531999969.482422
2011-06-13 14:15:00,1.43949,1.43952,1.43923,1.4394,2403800048.828125
2011-06-13 14:16:00,1.4394,1.43951,1.4393,1.43937,3250199890.1367188
2011-06-13 14:17:00,1.43934,1.43935,1.43916,1.43924,2300500030.517578
2011-06-13 14:18:00,1.43925,1.43928,1.43889,1.43894,2536100006.1035156
2011-06-13 14:19:00,1.43894,1.43937,1.43894,1.43932,2103200073.2421875
2011-06-13 14:20:00,1.43933,1.43952,1.43916,1.43936,2833099975.5859375
2011-06-13 14:21:00,1.43935,1.44003,1.43933,1.43993,3300299987.7929688
2011-06-13 14:22:00,1.43993,1.44011,1.43975,1.44009,2841799926.7578125
2011-06-13 14:23:00,1.44014,1.44027,1.43994,1.44002,2936499938.9648438
2011-06-13 14:24:00,1.44007,1.44018,1.43986,1.44005,2819400024.4140625
2011-06-13 14:25:00,1.44006,1.44006,1.43984,1.43998,1957200012.2070312
2011-06-13 14:26:00,1.43998,1.4401,1.43984,1.43985,2059199981.6894531
2011-06-13 14:27:00,1.43985,1.43993,1.43967,1.43976,2200700073.2421875
2011-06-13 14:28:00,1.43975,1.43986,1.43973,1.43975,1426499938.9648438
2011-06-13 14:29:00,1.43976,1.44004,1.43976,1.43992,2111799926.7578125
2011-06-13 14:30:00,1.43998,1.44004,1.43966,1.43972,2484900054.9316406
2011-06-13 14:31:00,1.43972,1.43987,1.43964,1.43971,2435800018.310547
2011-06-13 14:32:00,1.4397,1.43987,1.43956,1.43983,2120200042.7246094
2011-06-13 14:33:00,1.43983,1.43983,1.43954,1.43968,2196799926.7578125
2011-06-13 14:34:00,1.43969,1.4399,1.43954,1.43985,2204700012.2070312
2011-06-13 14:35:00,1.43983,1.44009,1.43968,1.43995,1961699981.6894531
2011-06-13 14:36:00,1.43995,1.43998,1.43959,1.43989,2719500122.0703125
2011-06-13 14:37:00,1.43986,1.44019,1.43981,1.44014,2099600067.1386719
2011-06-13 14:38:00,1.44013,1.44024,1.43983,1.43985,2800799865.7226562
2011-06-13 14:39:00,1.43989,1.44033,1.43989,1.44017,3246300048.828125
2011-06-13 14:40:00,1.44017,1.44029,1.4397,1.43975,2331799926.7578125
2011-06-13 14:41:00,1.4398,1.43991,1.43966,1.43991,1908300018.3105469
2011-06-13 14:42:00,1.43997,1.43997,1.43946,1.43946,2375599975.5859375
2011-06-13 14:43:00,1.43946,1.43989,1.43943,1.43953,2349299926.7578125
2011-06-13 14:44:00,1.43952,1.43952,1.43913,1.43928,2049199981.6894531
2011-06-13 14:45:00,1.43932,1.43939,1.43885,1.43889,2131999969.4824219
2011-06-13 14:46:00,1.43889,1.43908,1.4387,1.43894,2221600036.6210938
2011-06-13 14:47:00,1.43895,1.43922,1.43894,1.43911,1072699966.4306641
2011-06-13 14:48:00,1.43911,1.43917,1.43885,1.43886,1639299926.7578125
2011-06-13 14:49:00,1.43886,1.43902,1.43879,1.4388,2149600067.138672
2011-06-13 14:50:00,1.43882,1.43905,1.43882,1.4389,1887799987.7929688
2011-06-13 14:51:00,1.43889,1.43907,1.43855,1.43871,1814600067.1386719
2011-06-13 14:52:00,1.43869,1.43869,1.43847,1.43857,2354100036.6210938
2011-06-13 14:53:00,1.43853,1.43867,1.43832,1.43841,2593800048.828125
2011-06-13 14:54:00,1.43841,1.43844,1.438,1.43806,2890299987.7929688
2011-06-13 14:55:00,1.43808,1.43832,1.43806,1.43817,2023800048.828125
2011-06-13 14:56:00,1.43819,1.43825,1.43786,1.438,1718600006.1035156
2011-06-13 14:57:00,1.438,1.438,1.43774,1.43788,2478200073.2421875
2011-06-13 14:58:00,1.43788,1.43788,1.43729,1.43748,2119400024.4140625
2011-06-13 14:59:00,1.4375,1.43769,1.43739,1.43757,2858900146.484375
2011-06-13 15:00:00,1.43759,1.43775,1.43745,1.43768,2488300018.310547
2011-06-13 15:01:00,1.43768,1.43772,1.43763,1.43768,1628399963.3789062
2011-06-13 15:02:00,1.43766,1.43771,1.43732,1.43756,1820299987.7929688
2011-06-13 15:03:00,1.43753,1.43756,1.43691,1.43699,2935499877.9296875
2011-06-13 15:04:00,1.43699,1.43734,1.43695,1.43725,2261199951.171875
2011-06-13 15:05:00,1.43726,1.43755,1.43725,1.43755,1581399993.8964844
2011-06-13 15:06:00,1.43758,1.43767,1.43736,1.43763,2186000061.0351562
2011-06-13 15:07:00,1.43764,1.43766,1.43728,1.43738,2308999938.9648438
2011-06-13 15:08:00,1.43737,1.43751,1.43731,1.43736,1806399993.8964844
2011-06-13 15:09:00,1.43736,1.43736,1.43695,1.43695,2293699951.171875
2011-06-13 15:10:00,1.43696,1.43707,1.43669,1.43679,2386300048.828125
2011-06-13 15:11:00,1.43679,1.43697,1.43674,1.43684,1821100006.1035156
2011-06-13 15:12:00,1.43683,1.43705,1.43667,1.43696,2274700012.2070312
2011-06-13 15:13:00,1.43694,1.4374,1.43694,1.43734,2078500061.0351562
2011-06-13 15:14:00,1.43733,1.43734,1.43719,1.43734,1083000030.5175781
2011-06-13 15:15:00,1.43734,1.43743,1.43728,1.43738,1386100006.1035156
2011-06-13 15:16:00,1.43738,1.43739,1.4371,1.43727,2242500000.0
2011-06-13 15:17:00,1.43727,1.43743,1.43717,1.43724,1636199951.171875
2011-06-13 15:18:00,1.43723,1.43732,1.43714,1.43714,1580299987.7929688
2011-06-13 15:19:00,1.43711,1.43746,1.43711,1.43742,1733099975.5859375
2011-06-13 15:20:00,1.4374,1.43768,1.4374,1.43757,1295200042.7246094
2011-06-13 15:21:00,1.43756,1.43756,1.4372,1.43736,1270899963.3789062
2011-06-13 15:22:00,1.43734,1.43752,1.43731,1.43752,1613800048.828125
2011-06-13 15:23:00,1.4375,1.4377,1.43744,1.4377,1138700027.4658203
2011-06-13 15:24:00,1.43769,1.43827,1.43769,1.43809,2236499938.9648438
2011-06-13 15:25:00,1.43809,1.43809,1.43788,1.43789,2099199981.6894531
2011-06-13 15:26:00,1.43788,1.43798,1.4378,1.43786,1315899963.3789062
2011-06-13 15:27:00,1.43783,1.43792,1.43743,1.43755,2035599975.5859375
2011-06-13 15:28:00,1.43755,1.4378,1.43749,1.43759,2447299957.2753906
2011-06-13 15:29:00,1.43762,1.4377,1.43747,1.43747,1055800018.3105469
2011-06-13 15:30:00,1.43747,1.43798,1.43745,1.43798,2201399993.8964844
2011-06-13 15:31:00,1.438,1.4382,1.43795,1.438,2093699951.171875
2011-06-13 15:32:00,1.43802,1.43819,1.43793,1.43808,2276699981.689453
2011-06-13 15:33:00,1.43807,1.43824,1.43795,1.438,2233899993.8964844
2011-06-13 15:34:00,1.43799,1.438,1.43776,1.43789,1907899932.8613281
2011-06-13 15:35:00,1.43789,1.43789,1.43771,1.43771,1292799987.7929688
2011-06-13 15:36:00,1.43772,1.43772,1.43751,1.43758,1065699996.9482422
2011-06-13 15:37:00,1.43759,1.4378,1.43759,1.43759,1255299987.7929688
2011-06-13 15:38:00,1.43759,1.43771,1.4375,1.43765,961399993.8964844
2011-06-13 15:39:00,1.43766,1.43768,1.43747,1.43747,1520200042.7246094
2011-06-13 15:40:00,1.43748,1.43748,1.43731,1.43737,1209400024.4140625
2011-06-13 15:41:00,1.43738,1.43779,1.43736,1.43771,1557899932.8613281
2011-06-13 15:42:00,1.43772,1.43784,1.43759,1.43763,1699100036.6210938
2011-06-13 15:43:00,1.43763,1.43763,1.43745,1.43751,1115100021.3623047
2011-06-13 15:44:00,1.4375,1.43781,1.43736,1.43765,2497899932.861328
2011-06-13 15:45:00,1.43764,1.43788,1.43761,1.43777,1912299957.2753906
2011-06-13 15:46:00,1.43778,1.43784,1.43772,1.43777,1793300018.3105469
2011-06-13 15:47:00,1.43778,1.43789,1.43774,1.43774,1248799972.5341797
2011-06-13 15:48:00,1.43774,1.43797,1.43771,1.43788,1929799957.2753906
2011-06-13 15:49:00,1.43786,1.43795,1.43777,1.43793,1729100036.6210938
2011-06-13 15:50:00,1.43791,1.43806,1.43774,1.43777,2560899963.3789062
2011-06-13 15:51:00,1.43774,1.43786,1.43756,1.43756,2726900024.4140625
2011-06-13 15:52:00,1.4376,1.43765,1.43726,1.43727,2288399963.3789062
2011-06-13 15:53:00,1.43726,1.43753,1.43717,1.43749,1975500030.5175781
2011-06-13 15:54:00,1.43747,1.43767,1.43747,1.43749,1683000030.5175781
2011-06-13 15:55:00,1.43752,1.43757,1.4369,1.43709,2548300018.310547
2011-06-13 15:56:00,1.43706,1.43725,1.43688,1.43719,2178300018.310547
2011-06-13 15:57:00,1.43718,1.4372,1.43693,1.43701,1628200073.2421875
2011-06-13 15:58:00,1.43702,1.43722,1.43687,1.43717,2040299987.7929688
2011-06-13 15:59:00,1.43717,1.43719,1.43655,1.43667,2538000030.517578
2011-06-13 16:00:00,1.43671,1.43689,1.43663,1.43674,2586400146.484375
2011-06-13 16:01:00,1.43672,1.43712,1.43672,1.43708,2241300048.828125
2011-06-13 16:02:00,1.43708,1.43738,1.43703,1.43737,1401499938.9648438
2011-06-13 16:03:00,1.43738,1.43752,1.43704,1.43709,2063800048.828125
2011-06-13 16:04:00,1.43708,1.4373,1.43708,1.43729,1586600036.6210938
2011-06-13 16:05:00,1.43729,1.43766,1.43729,1.43766,1178099975.5859375
2011-06-13 16:06:00,1.43766,1.43766,1.43739,1.4374,1244499969.4824219
2011-06-13 16:07:00,1.43741,1.43746,1.43725,1.43734,1013000030.5175781
2011-06-13 16:08:00,1.43733,1.43745,1.43721,1.43721,1000599975.5859375
2011-06-13 16:09:00,1.43717,1.4372,1.43698,1.4372,1557100067.1386719
2011-06-13 16:10:00,1.43721,1.43739,1.43721,1.43734,397599983.21533203
2011-06-13 16:11:00,1.43733,1.43737,1.43726,1.43736,736600036.6210938
2011-06-13 16:12:00,1.43734,1.43744,1.43731,1.43744,1231100006.1035156
2011-06-13 16:13:00,1.43745,1.43771,1.43745,1.43767,925000000.0
2011-06-13 16:14:00,1.43768,1.43776,1.43739,1.43744,2043000030.5175781
2011-06-13 16:15:00,1.43746,1.4375,1.43738,1.43746,1497599945.0683594
2011-06-13 16:16:00,1.43748,1.43751,1.43713,1.43715,1905500030.5175781
2011-06-13 16:17:00,1.43717,1.43741,1.43715,1.43735,1357700042.7246094
2011-06-13 16:18:00,1.43732,1.4374,1.43704,1.43712,1312899932.8613281
2011-06-13 16:19:00,1.43711,1.43713,1.43663,1.43676,2706499938.9648438
2011-06-13 16:20:00,1.43676,1.43686,1.43646,1.43678,2603999938.9648438
2011-06-13 16:21:00,1.43678,1.43689,1.43652,1.43659,1621799926.7578125
2011-06-13 16:22:00,1.43657,1.43661,1.43617,1.43617,2280800018.310547
2011-06-13 16:23:00,1.43615,1.43659,1.43604,1.43636,2872099914.5507812
2011-06-13 16:24:00,1.43637,1.43645,1.43586,1.43587,2777099914.5507812
2011-06-13 16:25:00,1.43587,1.43597,1.43571,1.43571,2976600036.6210938
2011-06-13 16:26:00,1.43572,1.43613,1.43567,1.43612,2944299926.7578125
2011-06-13 16:27:00,1.43613,1.43621,1.4358,1.43581,2523500061.0351562
2011-06-13 16:28:00,1.43581,1.43616,1.43576,1.43611,3046499938.9648438
2011-06-13 16:29:00,1.4361,1.4361,1.43585,1.43598,1873699951.171875
2011-06-13 16:30:00,1.43597,1.43634,1.43596,1.43617,2045200042.7246094
2011-06-13 16:31:00,1.43617,1.43661,1.43617,1.43661,1900399932.8613281
2011-06-13 16:32:00,1.4366,1.4368,1.43652,1.43657,2337799987.7929688
2011-06-13 16:33:00,1.43658,1.43669,1.43647,1.43647,997600021.3623047
2011-06-13 16:34:00,1.43647,1.4366,1.4364,1.43646,1467200012.2070312
2011-06-13 16:35:00,1.43646,1.4366,1.43645,1.43648,949199981.6894531
2011-06-13 16:36:00,1.43646,1.43646,1.43591,1.436,2861199951.171875
2011-06-13 16:37:00,1.43601,1.43609,1.43589,1.436,2110500030.5175781
2011-06-13 16:38:00,1.436,1.43611,1.436,1.43604,1403399963.3789062
2011-06-13 16:39:00,1.43602,1.43626,1.43599,1.43626,1367700042.7246094
2011-06-13 16:40:00,1.43626,1.43626,1.43588,1.43592,1200599975.5859375
2011-06-13 16:41:00,1.4359,1.43602,1.43584,1.43587,1636499938.9648438
2011-06-13 16:42:00,1.43587,1.43601,1.43584,1.43599,1186100006.1035156
2011-06-13 16:43:00,1.43598,1.43598,1.43586,1.43587,1337100067.1386719
2011-06-13 16:44:00,1.43587,1.43591,1.43586,1.43587,758000030.5175781
2011-06-13 16:45:00,1.43587,1.43598,1.43582,1.43586,1316999969.4824219
2011-06-13 16:46:00,1.43587,1.43588,1.43563,1.43567,1830800018.3105469
2011-06-13 16:47:00,1.43561,1.43579,1.43551,1.43561,1740099945.0683594
2011-06-13 16:48:00,1.43561,1.43561,1.43539,1.43542,1583500061.0351562
2011-06-13 16:49:00,1.43549,1.43556,1.43531,1.43556,1367299957.2753906
2011-06-13 16:50:00,1.43555,1.43573,1.43549,1.43571,1557100067.1386719
2011-06-13 16:51:00,1.43573,1.43574,1.43537,1.43547,1870500030.5175781
2011-06-13 16:52:00,1.43548,1.43572,1.43548,1.43559,1162900009.1552734
2011-06-13 16:53:00,1.43562,1.43563,1.43538,1.43541,1458999938.9648438
2011-06-13 16:54:00,1.43541,1.43574,1.43541,1.43574,2278000030.517578
2011-06-13 16:55:00,1.43576,1.43591,1.4357,1.43572,1342599945.0683594
2011-06-13 16:56:00,1.43573,1.43597,1.43573,1.43584,1239400024.4140625
2011-06-13 16:57:00,1.43583,1.43583,1.43565,1.43573,1485399932.8613281
2011-06-13 16:58:00,1.43572,1.43572,1.4355,1.43563,1374299926.7578125
2011-06-13 16:59:00,1.43563,1.43632,1.43561,1.43622,1832899932.8613281
2011-06-13 17:00:00,1.43623,1.43623,1.43577,1.4358,1595700073.2421875
2011-06-13 17:01:00,1.43579,1.43581,1.43541,1.43556,1716799926.7578125
2011-06-13 17:02:00,1.43555,1.4357,1.43545,1.43547,1791499938.9648438
2011-06-13 17:03:00,1.43548,1.43551,1.43536,1.4354,1976999969.4824219
2011-06-13 17:04:00,1.4354,1.43551,1.43522,1.43522,1333699951.171875
2011-06-13 17:05:00,1.43526,1.4354,1.43512,1.43535,2142799987.7929688
2011-06-13 17:06:00,1.43535,1.43535,1.43455,1.43467,2368500061.0351562
2011-06-13 17:07:00,1.43469,1.43506,1.43463,1.43481,2407899932.861328
2011-06-13 17:08:00,1.43481,1.4351,1.43469,1.43507,1909499969.4824219
2011-06-13 17:09:00,1.43508,1.43558,1.43507,1.43558,1334400024.4140625
2011-06-13 17:10:00,1.43559,1.4356,1.43528,1.43528,1843600006.1035156
2011-06-13 17:11:00,1.43526,1.43541,1.43513,1.43533,1627899932.8613281
2011-06-13 17:12:00,1.43525,1.43549,1.43525,1.43544,1596799926.7578125
2011-06-13 17:13:00,1.43544,1.43581,1.43544,1.43581,2033500061.0351562
2011-06-13 17:14:00,1.43579,1.43674,1.43579,1.43668,2783999938.9648438
2011-06-13 17:15:00,1.43673,1.43717,1.4365,1.43717,2989599914.5507812
2011-06-13 17:16:00,1.43719,1.43727,1.43703,1.43704,2114900054.9316406
2011-06-13 17:17:00,1.43705,1.4372,1.43687,1.43716,2334700012.2070312
2011-06-13 17:18:00,1.43713,1.43734,1.43706,1.43734,1574400024.4140625
2011-06-13 17:19:00,1.43741,1.43801,1.43741,1.43791,2500299987.7929688
2011-06-13 17:20:00,1.4379,1.4381,1.43775,1.43776,1586699981.6894531
2011-06-13 17:21:00,1.43777,1.4378,1.43751,1.43769,2497799987.7929688
2011-06-13 17:22:00,1.43769,1.43769,1.43691,1.43701,2336600036.6210938
2011-06-13 17:23:00,1.43701,1.43712,1.43695,1.43712,1428000030.5175781
2011-06-13 17:24:00,1.43713,1.43751,1.43692,1.43751,2489400024.4140625
2011-06-13 17:25:00,1.43752,1.43786,1.43752,1.43786,1447500000.0
2011-06-13 17:26:00,1.43786,1.43816,1.43784,1.43812,2123800048.828125
2011-06-13 17:27:00,1.43815,1.43879,1.43815,1.4387,2443399963.3789062
2011-06-13 17:28:00,1.43869,1.43871,1.43809,1.43809,1785599975.5859375
2011-06-13 17:29:00,1.43807,1.43821,1.43798,1.43819,1937100067.1386719
2011-06-13 17:30:00,1.43819,1.4382,1.43799,1.43799,1481499938.9648438
2011-06-13 17:31:00,1.43799,1.43804,1.43799,1.43799,948099975.5859375
2011-06-13 17:32:00,1.43798,1.43802,1.43769,1.43769,999100036.6210938
2011-06-13 17:33:00,1.43769,1.43778,1.43758,1.43771,1197799987.7929688
2011-06-13 17:34:00,1.43771,1.43772,1.43749,1.43751,1072600021.3623047
2011-06-13 17:35:00,1.4375,1.4375,1.43725,1.43734,1380899963.3789062
2011-06-13 17:36:00,1.43734,1.43761,1.43726,1.43758,1710500030.5175781
2011-06-13 17:37:00,1.43757,1.43792,1.43751,1.43792,1140000000.0
2011-06-13 17:38:00,1.43792,1.43803,1.43784,1.43787,1131100006.1035156
2011-06-13 17:39:00,1.43787,1.43787,1.43764,1.43781,1876199951.171875
2011-06-13 17:40:00,1.43781,1.43801,1.43778,1.43781,1156800003.0517578
2011-06-13 17:41:00,1.43781,1.4379,1.43771,1.43778,2020500030.5175781
2011-06-13 17:42:00,1.43778,1.43812,1.43778,1.43806,2359499969.482422
2011-06-13 17:43:00,1.43803,1.43821,1.43799,1.43819,1147500000.0
2011-06-13 17:44:00,1.43818,1.43818,1.43791,1.43801,2034299926.7578125
2011-06-13 17:45:00,1.43801,1.43812,1.43797,1.43809,1563899993.8964844
2011-06-13 17:46:00,1.43809,1.43809,1.43776,1.43784,1266699981.6894531
2011-06-13 17:47:00,1.43784,1.43789,1.43764,1.43765,1293800048.828125
2011-06-13 17:48:00,1.43765,1.4379,1.43765,1.43775,1595299987.7929688
2011-06-13 17:49:00,1.43774,1.43774,1.43754,1.43765,903000030.5175781
2011-06-13 17:50:00,1.43765,1.43767,1.43757,1.43759,949199981.6894531
2011-06-13 17:51:00,1.43759,1.43773,1.43759,1.43771,1281000061.0351562
2011-06-13 17:52:00,1.43771,1.43801,1.43771,1.4379,1607899932.8613281
2011-06-13 17:53:00,1.43789,1.43828,1.43777,1.43828,2624500122.0703125
2011-06-13 17:54:00,1.4383,1.43895,1.4383,1.43895,2571700134.2773438
2011-06-13 17:55:00,1.43896,1.43918,1.43874,1.43915,3332399902.34375
2011-06-13 17:56:00,1.43915,1.43948,1.43907,1.43926,2530800018.310547
2011-06-13 17:57:00,1.43925,1.43929,1.43915,1.43915,1262300033.569336
2011-06-13 17:58:00,1.43914,1.4393,1.4391,1.43924,1906000061.0351562
2011-06-13 17:59:00,1.43926,1.43982,1.43907,1.43974,2490599975.5859375
2011-06-13 18:00:00,1.43973,1.44057,1.43954,1.44031,2440200042.7246094
2011-06-13 18:01:00,1.44029,1.44029,1.43986,1.44001,1625599975.5859375
2011-06-13 18:02:00,1.44001,1.44001,1.43967,1.43978,1632100067.1386719
2011-06-13 18:03:00,1.43979,1.4403,1.43979,1.44018,2134299926.7578125
2011-06-13 18:04:00,1.44018,1.44129,1.44017,1.44116,2970299987.7929688
2011-06-13 18:05:00,1.44116,1.44118,1.44089,1.44104,2397100067.138672
2011-06-13 18:06:00,1.44102,1.44103,1.4406,1.441,2252100067.138672
2011-06-13 18:07:00,1.44101,1.44241,1.44101,1.44221,4190700073.2421875
2011-06-13 18:08:00,1.44222,1.44238,1.44201,1.44226,2912399902.34375
2011-06-13 18:09:00,1.44229,1.44243,1.44194,1.44209,2563500061.0351562
2011-06-13 18:10:00,1.4421,1.44218,1.4418,1.44183,2109299926.7578125
2011-06-13 18:11:00,1.4418,1.4427,1.4418,1.44229,2787300109.8632812
2011-06-13 18:12:00,1.44229,1.4423,1.44191,1.44195,1692899932.8613281
2011-06-13 18:13:00,1.44195,1.44201,1.4417,1.44175,1956999969.4824219
2011-06-13 18:14:00,1.44177,1.44177,1.44159,1.44168,1257099990.8447266
2011-06-13 18:15:00,1.44167,1.44225,1.44164,1.44225,1866399993.8964844
2011-06-13 18:16:00,1.44226,1.44271,1.44226,1.44253,2400299987.7929688
2011-06-13 18:17:00,1.44248,1.44252,1.44218,1.44229,1972599945.0683594
2011-06-13 18:18:00,1.44229,1.44242,1.44216,1.44221,1495700073.2421875
2011-06-13 18:19:00,1.44221,1.44221,1.44194,1.442,2115099945.0683594
2011-06-13 18:20:00,1.44198,1.442,1.44186,1.44187,1791799926.7578125
2011-06-13 18:21:00,1.44189,1.44189,1.44164,1.44183,1425800018.3105469
2011-06-13 18:22:00,1.44183,1.44188,1.44163,1.44185,1580200042.7246094
2011-06-13 18:23:00,1.44185,1.44209,1.4417,1.44205,1373300018.3105469
2011-06-13 18:24:00,1.44204,1.44204,1.44182,1.4419,2010299987.7929688
2011-06-13 18:25:00,1.4419,1.4419,1.44172,1.44175,1291699981.6894531
2011-06-13 18:26:00,1.44175,1.44199,1.44171,1.44177,2078099975.5859375
2011-06-13 18:27:00,1.44177,1.44188,1.4417,1.44174,1832299957.2753906
2011-06-13 18:28:00,1.44173,1.44174,1.44164,1.44164,763499984.7412109
2011-06-13 18:29:00,1.44166,1.4417,1.44155,1.44155,1381199951.171875
2011-06-13 18:30:00,1.44157,1.4417,1.44146,1.4416,2043999938.9648438
2011-06-13 18:31:00,1.44159,1.4416,1.4414,1.44153,1825000000.0
2011-06-13 18:32:00,1.44153,1.44158,1.44147,1.44152,910500030.5175781
2011-06-13 18:33:00,1.44152,1.44152,1.44136,1.44139,1025999984.7412109
2011-06-13 18:34:00,1.44139,1.44153,1.44129,1.44151,1304400024.4140625
2011-06-13 18:35:00,1.44151,1.44158,1.44132,1.44141,1941900024.4140625
2011-06-13 18:36:00,1.44141,1.44141,1.4412,1.44129,1340200042.7246094
2011-06-13 18:37:00,1.44129,1.44129,1.44104,1.44104,1794299926.7578125
2011-06-13 18:38:00,1.44104,1.44134,1.44104,1.44134,1788899993.8964844
2011-06-13 18:39:00,1.44134,1.44136,1.44111,1.44113,1316999969.4824219
2011-06-13 18:40:00,1.44112,1.44112,1.44083,1.44083,1071100006.1035156
2011-06-13 18:41:00,1.44084,1.44125,1.44084,1.44117,2081999969.4824219
2011-06-13 18:42:00,1.44117,1.4416,1.44115,1.44151,1831600036.6210938
2011-06-13 18:43:00,1.4415,1.44159,1.44137,1.44158,1174499969.4824219
2011-06-13 18:44:00,1.44159,1.44201,1.44158,1.44196,1631699981.6894531
2011-06-13 18:45:00,1.44193,1.44217,1.44189,1.44215,1994499969.4824219
2011-06-13 18:46:00,1.44217,1.44265,1.44212,1.44265,1829799957.2753906
2011-06-13 18:47:00,1.44265,1.44282,1.44249,1.44249,2322700042.7246094
2011-06-13 18:48:00,1.44251,1.44278,1.44239,1.44277,2180500030.517578
2011-06-13 18:49:00,1.44276,1.44289,1.44267,1.44287,1631100006.1035156
2011-06-13 18:50:00,1.44288,1.44299,1.44257,1.44265,1876799926.7578125
2011-06-13 18:51:00,1.44263,1.44267,1.44228,1.44259,2193399963.3789062
2011-06-13 18:52:00,1.44257,1.44257,1.44212,1.44223,1761000061.0351562
2011-06-13 18:53:00,1.44223,1.44251,1.44212,1.44212,1732500000.0
2011-06-13 18:54:00,1.44211,1.44212,1.44187,1.44197,1765500030.5175781
2011-06-13 18:55:00,1.44198,1.44208,1.44193,1.44202,1178000030.5175781
2011-06-13 18:56:00,1.44204,1.44209,1.44162,1.44163,1359900054.9316406
2011-06-13 18:57:00,1.44164,1.44173,1.44162,1.44164,906800003.0517578
2011-06-13 18:58:00,1.44164,1.44173,1.44162,1.44163,472500000.0
2011-06-13 18:59:00,1.4416,1.44163,1.44104,1.44109,2306499938.9648438
2011-06-13 19:00:00,1.44111,1.44128,1.44094,1.44094,1505399932.8613281
2011-06-13 19:01:00,1.44092,1.44121,1.44091,1.44113,1671000061.0351562
2011-06-13 19:02:00,1.44112,1.44127,1.44106,1.44117,1708500061.0351562
2011-06-13 19:03:00,1.44117,1.44126,1.44112,1.44113,1205299987.7929688
2011-06-13 19:04:00,1.44116,1.4413,1.44095,1.4413,1626900024.4140625
2011-06-13 19:05:00,1.44133,1.44156,1.44131,1.44149,1483500061.0351562
2011-06-13 19:06:00,1.44149,1.44149,1.44121,1.4413,1399600067.1386719
2011-06-13 19:07:00,1.4413,1.44152,1.44123,1.44137,1524799957.2753906
2011-06-13 19:08:00,1.44136,1.44137,1.44083,1.44096,1395200042.7246094
2011-06-13 19:09:00,1.44096,1.44132,1.44092,1.44109,1160100021.3623047
2011-06-13 19:10:00,1.44111,1.44116,1.44081,1.44087,1820399932.8613281
2011-06-13 19:11:00,1.44087,1.4413,1.44063,1.44129,1305299987.7929688
2011-06-13 19:12:00,1.44128,1.44141,1.44128,1.44129,1237600021.3623047
2011-06-13 19:13:00,1.44131,1.4415,1.44129,1.44141,1114499969.4824219
2011-06-13 19:14:00,1.4414,1.44143,1.44116,1.44119,1605099945.0683594
2011-06-13 19:15:00,1.44118,1.44118,1.44075,1.4408,1939900054.9316406
2011-06-13 19:16:00,1.44081,1.44113,1.44069,1.44111,1601300048.828125
2011-06-13 19:17:00,1.44111,1.44112,1.44077,1.44111,1656000061.0351562
2011-06-13 19:18:00,1.44112,1.44122,1.44097,1.4411,1809100036.6210938
2011-06-13 19:19:00,1.4411,1.44142,1.4411,1.44115,1825200042.7246094
2011-06-13 19:20:00,1.44115,1.44139,1.44113,1.44138,1746300048.828125
2011-06-13 19:21:00,1.44139,1.44145,1.44128,1.44136,1193300018.3105469
2011-06-13 19:22:00,1.44138,1.44162,1.44134,1.44162,885000000.0
2011-06-13 19:23:00,1.44162,1.44169,1.44151,1.44151,952500000.0
2011-06-13 19:24:00,1.44152,1.44152,1.44132,1.44132,1106299972.5341797
2011-06-13 19:25:00,1.44133,1.4416,1.44133,1.44157,1179199981.6894531
2011-06-13 19:26:00,1.44157,1.44161,1.44141,1.44146,1006100006.1035156
2011-06-13 19:27:00,1.44145,1.44178,1.44143,1.44176,1705099945.0683594
2011-06-13 19:28:00,1.44176,1.4418,1.44167,1.44168,1515899963.3789062
2011-06-13 19:29:00,1.4417,1.44171,1.44097,1.44104,2345700073.2421875
2011-06-13 19:30:00,1.44103,1.44103,1.4407,1.44098,2191900024.4140625
2011-06-13 19:31:00,1.44098,1.44111,1.44098,1.44105,1516199951.171875
2011-06-13 19:32:00,1.44104,1.44123,1.44089,1.44121,2405700073.2421875
2011-06-13 19:33:00,1.4412,1.4414,1.4412,1.44139,1095000000.0
2011-06-13 19:34:00,1.44139,1.44143,1.44121,1.44131,1788099975.5859375
2011-06-13 19:35:00,1.44131,1.44131,1.44111,1.44127,1698300018.3105469
2011-06-13 19:36:00,1.4413,1.44134,1.44111,1.44124,1611799926.7578125
2011-06-13 19:37:00,1.44122,1.44127,1.4411,1.44123,1391399993.8964844
2011-06-13 19:38:00,1.44123,1.44132,1.44112,1.44124,1773600006.1035156
2011-06-13 19:39:00,1.44123,1.44137,1.44083,1.44091,2334299926.7578125
2011-06-13 19:40:00,1.44092,1.44119,1.44092,1.44108,1651900024.4140625
2011-06-13 19:41:00,1.44106,1.44119,1.44103,1.44109,915000000.0
2011-06-13 19:42:00,1.4411,1.44132,1.4411,1.44129,1497100067.1386719
2011-06-13 19:43:00,1.4413,1.4413,1.4408,1.44081,1585599975.5859375
2011-06-13 19:44:00,1.44081,1.44121,1.4408,1.44121,1697799987.7929688
2011-06-13 19:45:00,1.44122,1.44143,1.44121,1.44139,2023600006.1035156
2011-06-13 19:46:00,1.44137,1.44137,1.44107,1.44115,1877299957.2753906
2011-06-13 19:47:00,1.44117,1.44153,1.44117,1.44132,1565299987.7929688
2011-06-13 19:48:00,1.44133,1.44135,1.441,1.44109,3257999877.9296875
2011-06-13 19:49:00,1.44111,1.44125,1.4411,1.44123,2167599945.0683594
2011-06-13 19:50:00,1.44122,1.4413,1.44117,1.44125,1602899932.8613281
2011-06-13 19:51:00,1.44125,1.44139,1.44124,1.44135,911299972.5341797
2011-06-13 19:52:00,1.44135,1.44171,1.44135,1.44162,1315299987.7929688
2011-06-13 19:53:00,1.44161,1.44177,1.44151,1.44169,1827799987.7929688
2011-06-13 19:54:00,1.44169,1.4418,1.44158,1.44169,2238800048.828125
2011-06-13 19:55:00,1.4417,1.4418,1.44152,1.44153,1175999984.741211
2011-06-13 19:56:00,1.44153,1.44163,1.44143,1.44151,1042600021.3623047
2011-06-13 19:57:00,1.44151,1.44153,1.44139,1.44147,1717599945.0683594
2011-06-13 19:58:00,1.44148,1.4415,1.44141,1.44149,1027500000.0
2011-06-13 19:59:00,1.44149,1.44162,1.44133,1.44139,1302299957.2753906
2011-06-13 20:00:00,1.44139,1.4414,1.44128,1.4413,964599990.8447266
2011-06-13 20:01:00,1.4413,1.44136,1.44122,1.44134,933799972.5341797
2011-06-13 20:02:00,1.44133,1.4415,1.44133,1.44141,932600021.3623047
2011-06-13 20:03:00,1.44141,1.44141,1.44126,1.44131,1001600036.6210938
2011-06-13 20:04:00,1.44132,1.44132,1.44119,1.44127,1069100036.6210938
2011-06-13 20:05:00,1.44128,1.44139,1.44124,1.4413,877500000.0
2011-06-13 20:06:00,1.44131,1.44149,1.44131,1.4414,875999984.7412109
2011-06-13 20:07:00,1.44138,1.44155,1.44135,1.44146,808600006.1035156
2011-06-13 20:08:00,1.44145,1.44151,1.44106,1.44106,1729600067.1386719
2011-06-13 20:09:00,1.44103,1.44103,1.44067,1.44078,1990000000.0
2011-06-13 20:10:00,1.44079,1.44083,1.44076,1.44076,529500007.62939453
2011-06-13 20:11:00,1.44076,1.4408,1.44067,1.44071,568499984.7412109
2011-06-13 20:12:00,1.44071,1.44071,1.4406,1.44064,645899963.3789062
2011-06-13 20:13:00,1.44066,1.44066,1.44058,1.44058,795000000.0
2011-06-13 20:14:00,1.44059,1.4406,1.4405,1.44056,861100006.1035156
2011-06-13 20:15:00,1.44058,1.44067,1.44053,1.44064,742500000.0
2011-06-13 20:16:00,1.44068,1.4407,1.44064,1.44068,307500000.0
2011-06-13 20:17:00,1.44065,1.44075,1.44062,1.44075,283700008.392334
2011-06-13 20:18:00,1.44076,1.441,1.44076,1.44099,570900001.5258789
2011-06-13 20:19:00,1.44097,1.44097,1.44083,1.44087,540000000.0
2011-06-13 20:20:00,1.4409,1.44094,1.4409,1.44092,382500000.0
2011-06-13 20:21:00,1.44092,1.44092,1.44083,1.44083,225000000.0
2011-06-13 20:22:00,1.44088,1.44104,1.44088,1.44104,573800010.6811523
2011-06-13 20:23:00,1.44105,1.44105,1.44081,1.44083,693899993.8964844
2011-06-13 20:24:00,1.44082,1.44083,1.44081,1.44083,73499999.04632568
2011-06-13 20:25:00,1.44083,1.44091,1.44075,1.44091,405000000.0
2011-06-13 20:26:00,1.44098,1.44103,1.44098,1.44103,195000000.0
2011-06-13 20:27:00,1.44104,1.44128,1.44104,1.44123,1391699981.6894531
2011-06-13 20:28:00,1.44123,1.44125,1.44089,1.44095,1683000030.5175781
2011-06-13 20:29:00,1.44095,1.44097,1.44094,1.44095,228799991.60766602
2011-06-13 20:30:00,1.44095,1.44108,1.44091,1.44105,660100021.3623047
2011-06-13 20:31:00,1.44105,1.44105,1.44099,1.44101,447500000.0
2011-06-13 20:32:00,1.44101,1.44107,1.44098,1.44104,672699966.4306641
2011-06-13 20:33:00,1.44104,1.44121,1.44103,1.44115,442999992.37060547
2011-06-13 20:34:00,1.44115,1.44115,1.44113,1.44114,367500000.0
2011-06-13 20:35:00,1.44114,1.44114,1.44109,1.44109,322500000.0
2011-06-13 20:36:00,1.44107,1.44108,1.44105,1.44107,180000000.0
2011-06-13 20:37:00,1.44107,1.44107,1.44102,1.44102,330000000.0
2011-06-13 20:38:00,1.44102,1.44105,1.44098,1.441,312900009.15527344
2011-06-13 20:39:00,1.44101,1.44105,1.44099,1.44102,144099998.4741211
2011-06-13 20:40:00,1.44103,1.4412,1.44103,1.4412,322700004.5776367
2011-06-13 20:41:00,1.44119,1.44119,1.44117,1.44117,165000000.0
2011-06-13 20:42:00,1.44117,1.44117,1.44109,1.44117,171100006.10351562
2011-06-13 20:43:00,1.44116,1.44118,1.44116,1.44117,121599998.4741211
2011-06-13 20:44:00,1.44116,1.44137,1.44108,1.44129,427299995.4223633
2011-06-13 20:45:00,1.44129,1.44146,1.44128,1.44143,736600036.6210938
2011-06-13 20:46:00,1.44143,1.44155,1.44141,1.44152,401300010.68115234
2011-06-13 20:47:00,1.44152,1.44181,1.44152,1.4416,747799987.7929688
2011-06-13 20:48:00,1.4416,1.4416,1.44151,1.44152,167299995.42236328
2011-06-13 20:49:00,1.44151,1.44152,1.44151,1.44152,45000000.0
2011-06-13 20:50:00,1.44155,1.44155,1.44151,1.44151,90000000.0
2011-06-13 20:51:00,1.44151,1.44159,1.44139,1.44147,697799987.7929688
2011-06-13 20:52:00,1.44148,1.44148,1.44141,1.44141,367500000.0
2011-06-13 20:53:00,1.44138,1.44139,1.44135,1.44138,238500003.81469727
2011-06-13 20:54:00,1.44138,1.44147,1.44133,1.44133,422999992.37060547
2011-06-13 20:55:00,1.44133,1.44145,1.44112,1.44138,1137900009.1552734
2011-06-13 20:56:00,1.44138,1.44139,1.4413,1.44132,283500003.81469727
2011-06-13 20:57:00,1.4413,1.44144,1.44129,1.44133,485400009.15527344
2011-06-13 20:58:00,1.44133,1.44133,1.44118,1.44118,379900016.78466797
2011-06-13 20:59:00,1.44118,1.44128,1.44118,1.4412,1429499969.4824219
2011-06-13 21:00:00,1.44114,1.44132,1.44096,1.44124,1722100067.1386719
2011-06-13 21:01:00,1.44125,1.44132,1.44119,1.44129,585000000.0
2011-06-13 21:02:00,1.44134,1.44137,1.44122,1.4413,645000000.0
2011-06-13 21:03:00,1.4413,1.4413,1.44125,1.44125,75000000.0
2011-06-13 21:04:00,1.44137,1.44145,1.44129,1.44131,784499969.4824219
2011-06-13 21:05:00,1.44131,1.44133,1.44131,1.44132,82500000.0
2011-06-13 21:06:00,1.44133,1.44147,1.44133,1.44137,187500000.0
2011-06-13 21:07:00,1.44137,1.44142,1.4411,1.44139,963000030.5175781
2011-06-13 21:08:00,1.44147,1.44154,1.44142,1.44148,442500000.0
2011-06-13 21:09:00,1.44147,1.4416,1.44147,1.44151,240000000.0
2011-06-13 21:10:00,1.44154,1.44161,1.44153,1.44161,120000000.0
2011-06-13 21:11:00,1.44163,1.44172,1.44157,1.44165,450000000.0
2011-06-13 21:12:00,1.44165,1.44175,1.44161,1.44161,405000000.0
2011-06-13 21:13:00,1.44162,1.44162,1.44153,1.44161,277500000.0
2011-06-13 21:14:00,1.44158,1.44158,1.44151,1.44154,262500000.0
2011-06-13 21:15:00,1.44154,1.44158,1.44154,1.44156,135000000.0
2011-06-13 21:16:00,1.44157,1.44161,1.44155,1.44155,151499996.18530273
2011-06-13 21:17:00,1.44155,1.4417,1.44151,1.44161,452999992.37060547
2011-06-13 21:18:00,1.44164,1.44174,1.44157,1.44163,291000003.81469727
2011-06-13 21:19:00,1.44162,1.44162,1.44159,1.44159,90000000.0
2011-06-13 21:20:00,1.44159,1.44159,1.44156,1.44156,135000000.0
2011-06-13 21:21:00,1.44156,1.44156,1.44147,1.44155,210000000.0
2011-06-13 21:22:00,1.44155,1.44162,1.44152,1.44156,240000000.0
2011-06-13 21:23:00,1.44156,1.44156,1.44155,1.44156,120000000.0
2011-06-13 21:24:00,1.44159,1.4417,1.44159,1.4417,240000000.0
2011-06-13 21:25:00,1.44174,1.44196,1.44174,1.44186,598499984.7412109
2011-06-13 21:26:00,1.44186,1.4419,1.44186,1.44188,222000007.62939453
2011-06-13 21:27:00,1.44188,1.44189,1.44183,1.44183,210000000.0
2011-06-13 21:28:00,1.44183,1.44184,1.44172,1.44172,340499992.37060547
2011-06-13 21:29:00,1.44172,1.44175,1.44163,1.44163,247500000.0
2011-06-13 21:30:00,1.44163,1.44163,1.44152,1.44152,214500007.62939453
2011-06-13 21:31:00,1.44155,1.44155,1.44135,1.44148,535200004.5776367
2011-06-13 21:32:00,1.44146,1.44147,1.44143,1.44147,232500000.0
2011-06-13 21:33:00,1.44147,1.44165,1.44147,1.44165,388600006.1035156
2011-06-13 21:34:00,1.44165,1.44182,1.44155,1.44182,357299995.4223633
2011-06-13 21:35:00,1.4418,1.44205,1.44146,1.44151,979000015.2587891
2011-06-13 21:36:00,1.44151,1.44158,1.44151,1.44156,202500000.0
2011-06-13 21:37:00,1.44161,1.44177,1.44161,1.44177,228799991.60766602
2011-06-13 21:38:00,1.44177,1.44205,1.44177,1.4418,536399993.8964844
2011-06-13 21:39:00,1.44178,1.44183,1.44178,1.44183,202500000.0
2011-06-13 21:40:00,1.44184,1.44212,1.44184,1.44207,789100036.6210938
2011-06-13 21:41:00,1.44205,1.44205,1.44189,1.44195,476300010.68115234
2011-06-13 21:42:00,1.44195,1.44195,1.44194,1.44195,127500000.0
2011-06-13 21:43:00,1.44199,1.44199,1.44199,1.44199,30000000.0
2011-06-13 21:44:00,1.44195,1.44201,1.44195,1.44197,202500000.0
2011-06-13 21:45:00,1.44198,1.44198,1.4419,1.4419,261000003.81469727
2011-06-13 21:46:00,1.44188,1.44188,1.44186,1.44186,75000000.0
2011-06-13 21:47:00,1.44193,1.44199,1.44187,1.44188,242299995.42236328
2011-06-13 21:48:00,1.44187,1.44194,1.44187,1.44193,285000000.0
2011-06-13 21:49:00,1.44188,1.44188,1.44178,1.44183,457500000.0
2011-06-13 21:50:00,1.44179,1.44183,1.44178,1.44179,105000000.0
2011-06-13 21:51:00,1.44178,1.44178,1.44175,1.44177,90000000.0
2011-06-13 21:52:00,1.44176,1.44176,1.44169,1.44175,60000000.0
2011-06-13 21:53:00,1.44175,1.4418,1.44175,1.44178,120000000.0
2011-06-13 21:54:00,1.44178,1.44179,1.44168,1.44168,247500000.0
2011-06-13 21:55:00,1.44168,1.44172,1.44168,1.44172,75000000.0
2011-06-13 21:56:00,1.44172,1.44172,1.44171,1.44171,30000000.0
2011-06-13 21:57:00,1.44171,1.44171,1.44168,1.44168,45000000.0
2011-06-13 21:58:00,1.44169,1.44169,1.44152,1.44155,384799995.4223633
2011-06-13 21:59:00,1.44155,1.44156,1.44155,1.44156,37500000.0
2011-06-13 22:00:00,1.44151,1.44176,1.44146,1.44168,930000000.0
2011-06-13 22:01:00,1.44167,1.44167,1.44165,1.44165,435000000.0
2011-06-13 22:02:00,1.44165,1.44175,1.44158,1.44165,394099998.4741211
2011-06-13 22:03:00,1.44166,1.4417,1.44158,1.44158,263700008.39233398
2011-06-13 22:04:00,1.44158,1.44158,1.44156,1.44156,142500000.0
2011-06-13 22:05:00,1.44156,1.44156,1.44156,1.44156,510000000.0
2011-06-13 22:06:00,1.44156,1.44157,1.44155,1.44157,180799999.23706055
2011-06-13 22:07:00,1.44157,1.44171,1.44151,1.44168,378899993.8964844
2011-06-13 22:08:00,1.44168,1.44179,1.44166,1.44179,212999992.37060547
2011-06-13 22:09:00,1.44179,1.44181,1.44178,1.44181,158999996.18530273
2011-06-13 22:10:00,1.4418,1.44199,1.4418,1.44198,463800010.68115234
2011-06-13 22:11:00,1.44202,1.44226,1.44202,1.44217,872600021.3623047
2011-06-13 22:12:00,1.44217,1.44236,1.44214,1.4423,888000030.5175781
2011-06-13 22:13:00,1.4423,1.44239,1.44224,1.4423,1243600006.1035156
2011-06-13 22:14:00,1.4423,1.44239,1.44227,1.44229,457599983.21533203
2011-06-13 22:15:00,1.44236,1.44239,1.44223,1.44236,744800033.5693359
2011-06-13 22:16:00,1.44236,1.44236,1.44224,1.44232,395299987.79296875
2011-06-13 22:17:00,1.44227,1.44236,1.44227,1.44235,157500000.0
2011-06-13 22:18:00,1.44234,1.44234,1.44234,1.44234,37500000.0
2011-06-13 22:19:00,1.44236,1.44236,1.44232,1.44235,193500003.81469727
2011-06-13 22:20:00,1.44236,1.44284,1.44234,1.44269,1775399932.8613281
2011-06-13 22:21:00,1.44271,1.44281,1.44263,1.44263,425999984.74121094
2011-06-13 22:22:00,1.44263,1.44285,1.44263,1.44284,433499984.74121094
2011-06-13 22:23:00,1.44285,1.44285,1.44263,1.4427,487500000.0
2011-06-13 22:24:00,1.44275,1.44275,1.44262,1.44274,327299995.4223633
2011-06-13 22:25:00,1.44274,1.44284,1.44269,1.44281,365999984.74121094
2011-06-13 22:26:00,1.4428,1.44281,1.44266,1.44268,407999992.37060547
2011-06-13 22:27:00,1.44269,1.44282,1.44265,1.44281,540000000.0
2011-06-13 22:28:00,1.44281,1.44281,1.44264,1.44265,609000015.2587891
2011-06-13 22:29:00,1.44265,1.44265,1.44247,1.4426,733499984.7412109
2011-06-13 22:30:00,1.4426,1.44268,1.44257,1.44257,261000003.81469727
2011-06-13 22:31:00,1.44255,1.44269,1.44255,1.44261,410999984.74121094
2011-06-13 22:32:00,1.44263,1.44265,1.44253,1.44253,222000007.62939453
2011-06-13 22:33:00,1.44251,1.44251,1.44207,1.4421,644300003.0517578
2011-06-13 22:34:00,1.44214,1.44215,1.4419,1.4421,1028600006.1035156
2011-06-13 22:35:00,1.4421,1.4421,1.4419,1.44191,700100021.3623047
2011-06-13 22:36:00,1.4419,1.44193,1.4419,1.4419,540000000.0
2011-06-13 22:37:00,1.44189,1.44189,1.44178,1.44189,518300018.3105469
2011-06-13 22:38:00,1.44189,1.44192,1.44189,1.44189,262700004.57763672
2011-06-13 22:39:00,1.44189,1.44189,1.44188,1.44188,75000000.0
2011-06-13 22:40:00,1.44189,1.44189,1.44184,1.44184,127500000.0
2011-06-13 22:41:00,1.44184,1.44184,1.44179,1.44179,112500000.0
2011-06-13 22:42:00,1.44179,1.4419,1.44179,1.44186,178500003.81469727
2011-06-13 22:43:00,1.44186,1.44186,1.44186,1.44186,270000000.0
2011-06-13 22:44:00,1.44186,1.44186,1.44186,1.44186,67500000.0
2011-06-13 22:45:00,1.44186,1.44186,1.44186,1.44186,215000000.0
2011-06-13 22:46:00,1.44186,1.44186,1.44168,1.44175,696299972.5341797
2011-06-13 22:47:00,1.44175,1.44175,1.44165,1.44165,318799991.607666
2011-06-13 22:48:00,1.44166,1.44174,1.44166,1.44166,367500000.0
2011-06-13 22:49:00,1.44166,1.44168,1.44166,1.44168,217500000.0
2011-06-13 22:50:00,1.44168,1.44168,1.44156,1.44156,262500000.0
2011-06-13 22:51:00,1.44156,1.44156,1.44135,1.44147,585099983.215332
2011-06-13 22:52:00,1.44146,1.4416,1.44143,1.44155,288799991.607666
2011-06-13 22:53:00,1.44155,1.44171,1.44155,1.44171,367500000.0
2011-06-13 22:54:00,1.4417,1.44172,1.4417,1.44172,45000000.0
2011-06-13 22:55:00,1.4417,1.4417,1.44149,1.44149,405000000.0
2011-06-13 22:56:00,1.44149,1.44149,1.44144,1.44148,97500000.0
2011-06-13 22:57:00,1.44147,1.44153,1.44147,1.44153,75000000.0
2011-06-13 22:58:00,1.44153,1.44153,1.44146,1.44149,150000000.0
2011-06-13 22:59:00,1.44149,1.44155,1.44147,1.44153,165000000.0
2011-06-13 23:00:00,1.44152,1.44166,1.44152,1.44163,382500000.0
2011-06-13 23:01:00,1.44165,1.44165,1.44144,1.44156,840000000.0
2011-06-13 23:02:00,1.44156,1.44157,1.44139,1.4414,757500000.0
2011-06-13 23:03:00,1.44141,1.44145,1.44114,1.44122,697699966.4306641
2011-06-13 23:04:00,1.44121,1.44122,1.44118,1.4412,337500000.0
2011-06-13 23:05:00,1.44121,1.44144,1.44121,1.44144,435000000.0
2011-06-13 23:06:00,1.44148,1.44156,1.44137,1.44137,453800010.68115234
2011-06-13 23:07:00,1.44136,1.44137,1.4412,1.4412,397599983.21533203
2011-06-13 23:08:00,1.4412,1.44125,1.44113,1.44122,318799991.607666
2011-06-13 23:09:00,1.44123,1.44123,1.44099,1.44099,862699966.4306641
2011-06-13 23:10:00,1.441,1.441,1.44049,1.44078,1461699981.6894531
2011-06-13 23:11:00,1.44075,1.44099,1.44072,1.44084,1410700073.2421875
2011-06-13 23:12:00,1.44084,1.44089,1.44079,1.4408,857300033.5693359
2011-06-13 23:13:00,1.44079,1.44084,1.44074,1.44084,510099983.21533203
2011-06-13 23:14:00,1.44082,1.44085,1.44079,1.44081,397500000.0
2011-06-13 23:15:00,1.44082,1.44087,1.44082,1.44087,135100002.28881836
2011-06-13 23:16:00,1.44087,1.44114,1.44086,1.4411,541800003.0517578
2011-06-13 23:17:00,1.4411,1.44137,1.4411,1.44137,408899993.8964844
2011-06-13 23:18:00,1.44138,1.44158,1.44138,1.44157,718499984.7412109
2011-06-13 23:19:00,1.44157,1.44158,1.44149,1.44155,693799972.5341797
2011-06-13 23:20:00,1.44155,1.44156,1.44142,1.44156,521300010.68115234
2011-06-13 23:21:00,1.44156,1.44164,1.44149,1.44155,405099983.21533203
2011-06-13 23:22:00,1.44155,1.44159,1.44154,1.44159,337500000.0
2011-06-13 23:23:00,1.44158,1.44159,1.44128,1.44128,1196399993.8964844
2011-06-13 23:24:00,1.44133,1.44145,1.44131,1.44144,613499984.7412109
2011-06-13 23:25:00,1.44143,1.4415,1.4414,1.4415,300000000.0
2011-06-13 23:26:00,1.44149,1.44167,1.44142,1.4416,660000000.0
2011-06-13 23:27:00,1.44156,1.44156,1.44143,1.44149,291100006.1035156
2011-06-13 23:28:00,1.44149,1.44149,1.44101,1.44121,1155100021.3623047
2011-06-13 23:29:00,1.44121,1.44143,1.44109,1.44143,1050000000.0
2011-06-13 23:30:00,1.44143,1.44144,1.44129,1.44138,826600036.6210938
2011-06-13 23:31:00,1.44138,1.4415,1.4413,1.4413,682500000.0
2011-06-13 23:32:00,1.44131,1.44141,1.44127,1.44135,324799995.4223633
2011-06-13 23:33:00,1.44135,1.44135,1.44108,1.44115,772500000.0
2011-06-13 23:34:00,1.44115,1.44134,1.44115,1.44121,933799972.5341797
2011-06-13 23:35:00,1.44121,1.44124,1.44119,1.44121,734599990.8447266
2011-06-13 23:36:00,1.44122,1.44124,1.44122,1.44124,112500000.0
2011-06-13 23:37:00,1.44123,1.44123,1.44114,1.44123,416300010.68115234
2011-06-13 23:38:00,1.44129,1.44132,1.44124,1.44125,330000000.0
2011-06-13 23:39:00,1.44127,1.44131,1.44122,1.44131,277500000.0
2011-06-13 23:40:00,1.44131,1.4414,1.44131,1.44137,291000003.81469727
2011-06-13 23:41:00,1.44136,1.44136,1.44131,1.44134,502500000.0
2011-06-13 23:42:00,1.44137,1.44137,1.44126,1.44126,262500000.0
2011-06-13 23:43:00,1.44125,1.44156,1.44124,1.44152,502500000.0
2011-06-13 23:44:00,1.4415,1.44154,1.44146,1.4415,577500000.0
2011-06-13 23:45:00,1.44152,1.44152,1.44141,1.44145,765000000.0
2011-06-13 23:46:00,1.44145,1.44159,1.44145,1.44145,562599983.215332
2011-06-13 23:47:00,1.44145,1.44149,1.44145,1.44149,120000000.0
2011-06-13 23:48:00,1.44148,1.44148,1.44125,1.44139,1443000030.5175781
2011-06-13 23:49:00,1.4414,1.44154,1.4414,1.4415,990000000.0
2011-06-13 23:50:00,1.4415,1.44154,1.44148,1.4415,517500000.0
2011-06-13 23:51:00,1.44155,1.44158,1.44144,1.44144,427500000.0
2011-06-13 23:52:00,1.44144,1.44144,1.44124,1.44125,684800033.5693359
2011-06-13 23:53:00,1.44124,1.44132,1.44122,1.44124,592400016.784668
2011-06-13 23:54:00,1.44129,1.44143,1.44124,1.44141,513800010.68115234
2011-06-13 23:55:00,1.44139,1.44151,1.44135,1.44145,648799972.5341797
2011-06-13 23:56:00,1.44145,1.44152,1.44143,1.4415,345000000.0
2011-06-13 23:57:00,1.4415,1.44163,1.44145,1.44163,821299972.5341797
2011-06-13 23:58:00,1.44165,1.4417,1.44158,1.44162,570000000.0
2011-06-13 23:59:00,1.44162,1.44162,1.44139,1.44144,332299995.4223633
2011-06-14 00:00:00,1.44147,1.4416,1.44143,1.44149,1046999969.4824219
2011-06-14 00:01:00,1.44149,1.44149,1.44126,1.44126,842300033.5693359
2011-06-14 00:02:00,1.44125,1.44131,1.44121,1.44124,720100021.3623047
2011-06-14 00:03:00,1.44125,1.44125,1.44055,1.44059,2513999938.9648438
2011-06-14 00:04:00,1.44057,1.44099,1.44046,1.44098,2718500061.0351562
2011-06-14 00:05:00,1.44096,1.44105,1.44076,1.44076,1745399932.8613281
2011-06-14 00:06:00,1.44073,1.44089,1.44059,1.44089,1134100036.6210938
2011-06-14 00:07:00,1.44089,1.44094,1.44054,1.4407,1938600006.1035156
2011-06-14 00:08:00,1.44068,1.44068,1.44029,1.44052,1628600006.1035156
2011-06-14 00:09:00,1.44051,1.44061,1.44035,1.44047,1837799987.7929688
2011-06-14 00:10:00,1.44049,1.44059,1.44016,1.44017,1138899993.8964844
2011-06-14 00:11:00,1.44015,1.44016,1.43966,1.43984,1442299957.2753906
2011-06-14 00:12:00,1.43984,1.43984,1.43931,1.43932,1826399993.8964844
2011-06-14 00:13:00,1.43934,1.43949,1.43931,1.43943,699000015.2587891
2011-06-14 00:14:00,1.43942,1.4398,1.43939,1.43975,1037300033.5693359
2011-06-14 00:15:00,1.43976,1.4402,1.43972,1.44013,1718800048.828125
2011-06-14 00:16:00,1.44013,1.44033,1.44013,1.44028,980999984.7412109
2011-06-14 00:17:00,1.44027,1.44028,1.44006,1.44021,1488800048.828125
2011-06-14 00:18:00,1.4402,1.4402,1.43965,1.44004,1506100006.1035156
2011-06-14 00:19:00,1.44004,1.44004,1.43966,1.43966,1220500030.5175781
2011-06-14 00:20:00,1.43968,1.44011,1.43968,1.44008,1435000000.0
2011-06-14 00:21:00,1.44008,1.44016,1.43993,1.43993,895500030.5175781
2011-06-14 00:22:00,1.43997,1.44005,1.43955,1.43968,1854100036.6210938
2011-06-14 00:23:00,1.43969,1.43979,1.43944,1.43946,1577500000.0
2011-06-14 00:24:00,1.43953,1.43959,1.43901,1.43924,2167700042.7246094
2011-06-14 00:25:00,1.43925,1.43927,1.43885,1.43903,2129199981.6894531
2011-06-14 00:26:00,1.43902,1.43928,1.4389,1.43909,1737799987.7929688
2011-06-14 00:27:00,1.4391,1.43927,1.43909,1.4392,739499969.4824219
2011-06-14 00:28:00,1.43922,1.43923,1.43906,1.43912,643499984.7412109
2011-06-14 00:29:00,1.43912,1.43921,1.43912,1.43919,686299972.5341797
2011-06-14 00:30:00,1.43921,1.43923,1.43903,1.4391,1116399993.8964844
2011-06-14 00:31:00,1.43909,1.43916,1.43905,1.4391,805599975.5859375
2011-06-14 00:32:00,1.4391,1.43918,1.43904,1.43915,1129000015.258789
2011-06-14 00:33:00,1.43914,1.4394,1.43913,1.43939,467999992.37060547
2011-06-14 00:34:00,1.4394,1.43959,1.43935,1.4394,868499984.7412109
2011-06-14 00:35:00,1.43937,1.43949,1.43909,1.43912,1424499969.4824219
2011-06-14 00:36:00,1.4391,1.43927,1.43899,1.43926,1225500030.5175781
2011-06-14 00:37:00,1.43927,1.43933,1.4391,1.43912,1234199981.6894531
2011-06-14 00:38:00,1.43912,1.43922,1.43905,1.43916,922500000.0
2011-06-14 00:39:00,1.43916,1.43933,1.43916,1.43928,477000007.62939453
2011-06-14 00:40:00,1.43927,1.43936,1.43919,1.43936,608300018.3105469
2011-06-14 00:41:00,1.43937,1.43937,1.43901,1.43913,1380800018.3105469
2011-06-14 00:42:00,1.43911,1.43921,1.4391,1.43915,500999984.74121094
2011-06-14 00:43:00,1.43914,1.43922,1.43909,1.43915,769599990.8447266
2011-06-14 00:44:00,1.43915,1.43925,1.43894,1.43904,1586300048.828125
2011-06-14 00:45:00,1.43901,1.43901,1.43885,1.43885,791299972.5341797
2011-06-14 00:46:00,1.43885,1.43885,1.43853,1.43861,930100021.3623047
2011-06-14 00:47:00,1.43861,1.43869,1.43822,1.43825,2481999969.482422
2011-06-14 00:48:00,1.43827,1.43864,1.43827,1.43861,1076999969.4824219
2011-06-14 00:49:00,1.43859,1.4388,1.43859,1.4387,1276500015.258789
2011-06-14 00:50:00,1.43869,1.4388,1.43864,1.43872,1078499984.741211
2011-06-14 00:51:00,1.43872,1.43904,1.43872,1.43901,1609700012.2070312
2011-06-14 00:52:00,1.43901,1.43915,1.4389,1.43896,1822299957.2753906
2011-06-14 00:53:00,1.43895,1.43895,1.43862,1.43881,1187500000.0
2011-06-14 00:54:00,1.43879,1.43885,1.4384,1.43851,2636099853.515625
2011-06-14 00:55:00,1.43852,1.43852,1.4378,1.43792,1982500000.0
2011-06-14 00:56:00,1.43793,1.43815,1.43793,1.43815,1791999969.4824219
2011-06-14 00:57:00,1.43815,1.43832,1.43815,1.43831,751500015.2587891
2011-06-14 00:58:00,1.43831,1.43841,1.43831,1.43835,1314199981.6894531
2011-06-14 00:59:00,1.43837,1.43843,1.43828,1.43831,1407200012.2070312
2011-06-14 01:00:00,1.4383,1.43832,1.43804,1.43808,1882500000.0
2011-06-14 01:01:00,1.43809,1.43837,1.43809,1.43828,1128099975.5859375
2011-06-14 01:02:00,1.43828,1.43843,1.43815,1.43839,688600006.1035156
2011-06-14 01:03:00,1.43837,1.43863,1.4383,1.43847,1407200012.2070312
2011-06-14 01:04:00,1.43849,1.43853,1.4384,1.43842,1205400009.1552734
2011-06-14 01:05:00,1.4384,1.43847,1.43795,1.43817,1028300018.3105469
2011-06-14 01:06:00,1.43817,1.43857,1.43812,1.43857,898499984.7412109
2011-06-14 01:07:00,1.43859,1.4386,1.43789,1.43813,1926199951.171875
2011-06-14 01:08:00,1.43812,1.43814,1.43796,1.43813,971999969.4824219
2011-06-14 01:09:00,1.43812,1.43817,1.43812,1.43817,210000000.0
2011-06-14 01:10:00,1.43817,1.43822,1.43804,1.43805,489799995.4223633
2011-06-14 01:11:00,1.43803,1.43833,1.438,1.43833,1703399963.3789062
2011-06-14 01:12:00,1.43834,1.43853,1.43823,1.43826,1290000000.0
2011-06-14 01:13:00,1.43826,1.43827,1.43804,1.43826,1567400054.9316406
2011-06-14 01:14:00,1.43823,1.43838,1.43816,1.43838,1297899932.8613281
2011-06-14 01:15:00,1.43838,1.43839,1.43832,1.43834,900800018.3105469
2011-06-14 01:16:00,1.43833,1.43846,1.43833,1.43842,669000015.2587891
2011-06-14 01:17:00,1.43846,1.43859,1.43833,1.43835,1534499969.4824219
2011-06-14 01:18:00,1.43835,1.43867,1.43835,1.43847,863300018.3105469
2011-06-14 01:19:00,1.43847,1.4386,1.43847,1.43857,587999992.3706055
2011-06-14 01:20:00,1.43856,1.43862,1.43843,1.43856,950299987.7929688
2011-06-14 01:21:00,1.43856,1.43886,1.43856,1.43886,1251800003.0517578
2011-06-14 01:22:00,1.43885,1.43889,1.43831,1.43854,1431900024.4140625
2011-06-14 01:23:00,1.43852,1.43899,1.43852,1.4388,1857200012.2070312
2011-06-14 01:24:00,1.43878,1.43899,1.43874,1.43899,1119000015.258789
2011-06-14 01:25:00,1.43897,1.43897,1.43861,1.43871,1653000030.5175781
2011-06-14 01:26:00,1.43871,1.43889,1.43871,1.43877,876800003.0517578
2011-06-14 01:27:00,1.43878,1.4388,1.43873,1.43878,663799972.5341797
2011-06-14 01:28:00,1.43878,1.43879,1.43858,1.43861,1160299987.7929688
2011-06-14 01:29:00,1.43863,1.43872,1.43862,1.43864,804000015.2587891
2011-06-14 01:30:00,1.43864,1.4387,1.43861,1.43866,1213499984.741211
2011-06-14 01:31:00,1.43866,1.43868,1.4386,1.43863,562999992.3706055
2011-06-14 01:32:00,1.43863,1.43863,1.43812,1.43824,1353899993.8964844
2011-06-14 01:33:00,1.43824,1.43842,1.43823,1.43842,1157300033.569336
2011-06-14 01:34:00,1.43846,1.4385,1.43835,1.43839,870000000.0
2011-06-14 01:35:00,1.43839,1.43843,1.43832,1.4384,710999984.7412109
2011-06-14 01:36:00,1.43839,1.43839,1.43824,1.43824,523499984.74121094
2011-06-14 01:37:00,1.43824,1.4384,1.43824,1.43831,970599975.5859375
2011-06-14 01:38:00,1.43833,1.43844,1.43833,1.43838,636100006.1035156
2011-06-14 01:39:00,1.4384,1.43852,1.4384,1.43848,410999984.74121094
2011-06-14 01:40:00,1.4385,1.43861,1.4385,1.4386,350999984.74121094
2011-06-14 01:41:00,1.43859,1.43867,1.43859,1.43863,351800003.0517578
2011-06-14 01:42:00,1.43865,1.43884,1.43854,1.43861,969000015.2587891
2011-06-14 01:43:00,1.43861,1.43891,1.43859,1.43889,869300003.0517578
2011-06-14 01:44:00,1.43889,1.43904,1.43889,1.43902,1020800018.3105469
2011-06-14 01:45:00,1.43903,1.43936,1.43903,1.43922,837200012.2070312
2011-06-14 01:46:00,1.43922,1.4393,1.43918,1.43926,345000000.0
2011-06-14 01:47:00,1.43923,1.43924,1.43923,1.43923,75000000.0
2011-06-14 01:48:00,1.43924,1.43924,1.43894,1.43895,877500000.0
2011-06-14 01:49:00,1.43895,1.43901,1.43875,1.43895,1317799987.7929688
2011-06-14 01:50:00,1.43892,1.43901,1.43878,1.43889,1730299987.7929688
2011-06-14 01:51:00,1.4389,1.43909,1.43883,1.43908,1212799987.7929688
2011-06-14 01:52:00,1.43908,1.43926,1.43908,1.43925,564799995.4223633
2011-06-14 01:53:00,1.43925,1.43936,1.43919,1.43936,585000000.0
2011-06-14 01:54:00,1.43937,1.43962,1.43927,1.43956,1323000030.5175781
2011-06-14 01:55:00,1.43956,1.4396,1.43953,1.43958,630000000.0
2011-06-14 01:56:00,1.43957,1.43958,1.43949,1.43953,1303500061.0351562
2011-06-14 01:57:00,1.4395,1.4395,1.43931,1.43931,1192500000.0
2011-06-14 01:58:00,1.43929,1.43939,1.43917,1.43939,697500000.0
2011-06-14 01:59:00,1.43946,1.43975,1.43935,1.4396,1800299987.7929688
2011-06-14 02:00:00,1.43956,1.44031,1.43953,1.44031,1404600067.1386719
2011-06-14 02:01:00,1.44032,1.44066,1.44032,1.44049,3176700134.2773438
2011-06-14 02:02:00,1.44049,1.44049,1.44013,1.44017,2010099945.0683594
2011-06-14 02:03:00,1.44016,1.44068,1.44013,1.44067,2244499969.482422
2011-06-14 02:04:00,1.44065,1.44069,1.44052,1.44068,1331999969.4824219
2011-06-14 02:05:00,1.44071,1.44106,1.44071,1.44091,1606499938.9648438
2011-06-14 02:06:00,1.44091,1.44092,1.44063,1.44063,965299987.7929688
2011-06-14 02:07:00,1.44063,1.4408,1.44049,1.4408,1064300003.0517578
2011-06-14 02:08:00,1.4408,1.44143,1.44063,1.44143,2301100006.1035156
2011-06-14 02:09:00,1.44141,1.44179,1.44128,1.44145,3161600036.6210938
2011-06-14 02:10:00,1.44145,1.44145,1.44097,1.44099,1232300033.569336
2011-06-14 02:11:00,1.44102,1.44125,1.44102,1.44112,991600036.6210938
2011-06-14 02:12:00,1.44111,1.44117,1.44091,1.44102,1516100006.1035156
2011-06-14 02:13:00,1.44102,1.44163,1.44102,1.44162,2565599975.5859375
2011-06-14 02:14:00,1.44163,1.44164,1.44135,1.4414,1262799987.7929688
2011-06-14 02:15:00,1.4414,1.44158,1.44119,1.44119,1846000061.0351562
2011-06-14 02:16:00,1.44119,1.4413,1.44107,1.44122,1516499938.9648438
2011-06-14 02:17:00,1.44122,1.44122,1.44108,1.44108,671999969.4824219
2011-06-14 02:18:00,1.44107,1.44124,1.44105,1.44105,894599990.8447266
2011-06-14 02:19:00,1.44105,1.44113,1.44084,1.44085,919000015.2587891
2011-06-14 02:20:00,1.44084,1.44091,1.44082,1.44082,933700027.4658203
2011-06-14 02:21:00,1.44083,1.44119,1.44082,1.44112,682500000.0
2011-06-14 02:22:00,1.44112,1.44129,1.44112,1.44114,570000000.0
2011-06-14 02:23:00,1.44113,1.44129,1.44112,1.44126,907600021.3623047
2011-06-14 02:24:00,1.44126,1.44126,1.4411,1.44111,937500000.0
2011-06-14 02:25:00,1.44111,1.44119,1.44095,1.44101,1365099945.0683594
2011-06-14 02:26:00,1.44097,1.44101,1.44079,1.44083,922500000.0
2011-06-14 02:27:00,1.44083,1.44113,1.44079,1.44108,836500015.2587891
2011-06-14 02:28:00,1.44109,1.44111,1.44096,1.44099,1027500000.0
2011-06-14 02:29:00,1.44097,1.44102,1.44083,1.44083,412500000.0
2011-06-14 02:30:00,1.44084,1.4411,1.44081,1.44085,949499969.4824219
2011-06-14 02:31:00,1.44085,1.44089,1.44071,1.44071,1290000000.0
2011-06-14 02:32:00,1.4407,1.44078,1.44056,1.44056,616500015.2587891
2011-06-14 02:33:00,1.44055,1.44083,1.44051,1.44082,1220299987.7929688
2011-06-14 02:34:00,1.44082,1.44108,1.4408,1.44104,895500030.5175781
2011-06-14 02:35:00,1.44104,1.44124,1.44103,1.44114,637500000.0
2011-06-14 02:36:00,1.44115,1.44126,1.44114,1.44126,557999992.3706055
2011-06-14 02:37:00,1.44122,1.44127,1.44114,1.44117,596300010.6811523
2011-06-14 02:38:00,1.44121,1.44133,1.4412,1.4412,784499969.4824219
2011-06-14 02:39:00,1.4412,1.44128,1.44115,1.44115,412500000.0
2011-06-14 02:40:00,1.44115,1.44123,1.44101,1.44101,821399993.8964844
2011-06-14 02:41:00,1.44105,1.44105,1.44095,1.44095,334199981.6894531
2011-06-14 02:42:00,1.44092,1.44108,1.44092,1.44103,1597500000.0
2011-06-14 02:43:00,1.44103,1.44123,1.44103,1.44122,990000000.0
2011-06-14 02:44:00,1.44121,1.44141,1.44118,1.44141,543800010.6811523
2011-06-14 02:45:00,1.44138,1.44149,1.44137,1.44141,907600021.3623047
2011-06-14 02:46:00,1.44141,1.44152,1.4414,1.44152,750000000.0
2011-06-14 02:47:00,1.44154,1.44209,1.44154,1.44209,1823300018.3105469
2011-06-14 02:48:00,1.44209,1.44245,1.44208,1.44222,2610799865.7226562
2011-06-14 02:49:00,1.4422,1.4422,1.44182,1.44186,813899993.8964844
2011-06-14 02:50:00,1.44186,1.44195,1.4418,1.4418,694199981.6894531
2011-06-14 02:51:00,1.4418,1.44181,1.44173,1.44177,497999992.37060547
2011-06-14 02:52:00,1.44177,1.44182,1.44173,1.44175,479300003.0517578
2011-06-14 02:53:00,1.44175,1.44185,1.4417,1.44172,432000007.62939453
2011-06-14 02:54:00,1.44172,1.44177,1.44166,1.44166,504000015.25878906
2011-06-14 02:55:00,1.44167,1.44167,1.44162,1.44163,150000000.0
2011-06-14 02:56:00,1.44161,1.44161,1.44141,1.44156,972399978.6376953
2011-06-14 02:57:00,1.44153,1.44185,1.44152,1.44178,1257099990.8447266
2011-06-14 02:58:00,1.44178,1.44178,1.44154,1.44157,759100036.6210938
2011-06-14 02:59:00,1.44157,1.44218,1.44155,1.44218,1803800048.828125
2011-06-14 03:00:00,1.44219,1.44241,1.44218,1.44223,1444199981.6894531
2011-06-14 03:01:00,1.44222,1.44228,1.44212,1.44218,1151399993.8964844
2011-06-14 03:02:00,1.44217,1.44248,1.44215,1.44231,984899978.6376953
2011-06-14 03:03:00,1.44228,1.44236,1.44205,1.44213,1465500030.5175781
2011-06-14 03:04:00,1.44213,1.44222,1.44208,1.44211,1147500000.0
2011-06-14 03:05:00,1.44214,1.44214,1.44205,1.44205,677600021.3623047
2011-06-14 03:06:00,1.44205,1.4423,1.44205,1.44225,1136299972.5341797
2011-06-14 03:07:00,1.44225,1.44225,1.44206,1.44209,531500015.25878906
2011-06-14 03:08:00,1.4421,1.44215,1.44198,1.44198,558800010.6811523
2011-06-14 03:09:00,1.44197,1.44222,1.44181,1.44222,1090400009.1552734
2011-06-14 03:10:00,1.44221,1.4424,1.44215,1.44224,2159100036.6210938
2011-06-14 03:11:00,1.44224,1.44225,1.44203,1.44211,2223000030.517578
2011-06-14 03:12:00,1.44215,1.44215,1.44174,1.44177,1091299972.5341797
2011-06-14 03:13:00,1.44179,1.44185,1.4416,1.4416,416300010.68115234
2011-06-14 03:14:00,1.44155,1.44161,1.44145,1.44147,928499984.7412109
2011-06-14 03:15:00,1.44147,1.44166,1.44147,1.44156,880500030.5175781
2011-06-14 03:16:00,1.44155,1.4417,1.44148,1.4417,612000007.6293945
2011-06-14 03:17:00,1.44171,1.44183,1.44165,1.44165,321899986.26708984
2011-06-14 03:18:00,1.44164,1.44172,1.44164,1.44172,172500000.0
2011-06-14 03:19:00,1.44177,1.44177,1.44163,1.44163,178500003.81469727
2011-06-14 03:20:00,1.44159,1.44168,1.4415,1.44163,485999984.74121094
2011-06-14 03:21:00,1.44163,1.44175,1.44163,1.44171,236299991.60766602
2011-06-14 03:22:00,1.4417,1.44173,1.4416,1.44163,276100006.1035156
2011-06-14 03:23:00,1.44165,1.44175,1.44164,1.44168,345000000.0
2011-06-14 03:24:00,1.44168,1.44187,1.44168,1.44183,481100006.1035156
2011-06-14 03:25:00,1.44184,1.44189,1.44184,1.44184,264099998.4741211
2011-06-14 03:26:00,1.44184,1.44217,1.44184,1.44217,491300010.68115234
2011-06-14 03:27:00,1.44218,1.44234,1.44218,1.44226,535699996.9482422
2011-06-14 03:28:00,1.44227,1.44238,1.44227,1.44238,345000000.0
2011-06-14 03:29:00,1.44234,1.44234,1.44198,1.44199,952500000.0
2011-06-14 03:30:00,1.44196,1.44199,1.44184,1.44188,775599975.5859375
2011-06-14 03:31:00,1.44189,1.4423,1.44189,1.44228,508199996.9482422
2011-06-14 03:32:00,1.44228,1.44228,1.44199,1.44203,810899963.3789062
2011-06-14 03:33:00,1.44204,1.44218,1.44203,1.44203,825000000.0
2011-06-14 03:34:00,1.44203,1.44209,1.44203,1.44205,405000000.0
2011-06-14 03:35:00,1.44205,1.44214,1.44205,1.44207,583100013.7329102
2011-06-14 03:36:00,1.44205,1.44216,1.44205,1.44212,225000000.0
2011-06-14 03:37:00,1.44212,1.44242,1.44209,1.44236,1211399993.8964844
2011-06-14 03:38:00,1.44233,1.44247,1.44225,1.44234,918799972.5341797
2011-06-14 03:39:00,1.44238,1.44241,1.44233,1.44237,502599983.21533203
2011-06-14 03:40:00,1.44238,1.44244,1.44227,1.44227,925500030.5175781
2011-06-14 03:41:00,1.44224,1.4426,1.44221,1.44255,675000000.0
2011-06-14 03:42:00,1.44251,1.4432,1.44251,1.4432,1326999969.4824219
2011-06-14 03:43:00,1.4432,1.44359,1.4432,1.44342,2821000061.0351562
2011-06-14 03:44:00,1.44343,1.44347,1.44333,1.44341,1016299972.5341797
2011-06-14 03:45:00,1.44341,1.444,1.44341,1.44379,2797999877.9296875
2011-06-14 03:46:00,1.44379,1.44386,1.44358,1.4437,2125200042.7246094
2011-06-14 03:47:00,1.44368,1.44374,1.44361,1.4437,1125299987.7929688
2011-06-14 03:48:00,1.44371,1.44381,1.44369,1.44371,1220999984.741211
2011-06-14 03:49:00,1.44371,1.44371,1.44348,1.44356,1635000000.0
2011-06-14 03:50:00,1.44357,1.44367,1.44353,1.44355,1459499969.4824219
2011-06-14 03:51:00,1.44354,1.44354,1.44319,1.44322,1842799987.7929688
2011-06-14 03:52:00,1.44322,1.44326,1.44299,1.44303,1508399963.3789062
2011-06-14 03:53:00,1.44303,1.44306,1.4428,1.44285,1386900024.4140625
2011-06-14 03:54:00,1.44288,1.44288,1.44255,1.44271,2066399993.8964844
2011-06-14 03:55:00,1.44272,1.44314,1.44272,1.44302,1777100067.1386719
2011-06-14 03:56:00,1.44303,1.44308,1.44302,1.44306,425999984.74121094
2011-06-14 03:57:00,1.44306,1.44333,1.44306,1.44322,984800033.5693359
2011-06-14 03:58:00,1.44322,1.44322,1.44285,1.44298,1186399993.8964844
2011-06-14 03:59:00,1.44298,1.44298,1.44252,1.44253,1579499969.4824219
2011-06-14 04:00:00,1.44254,1.44262,1.44238,1.44253,1493999938.9648438
2011-06-14 04:01:00,1.44253,1.44282,1.44244,1.44271,1502799987.7929688
2011-06-14 04:02:00,1.44271,1.44286,1.44267,1.4428,1001100006.1035156
2011-06-14 04:03:00,1.4428,1.44285,1.44245,1.44263,1403600006.1035156
2011-06-14 04:04:00,1.44263,1.44268,1.44249,1.44254,573800010.6811523
2011-06-14 04:05:00,1.44258,1.44268,1.44258,1.44261,301700000.76293945
2011-06-14 04:06:00,1.44262,1.44279,1.44254,1.44263,947300033.5693359
2011-06-14 04:07:00,1.44263,1.44274,1.44252,1.44263,1105699996.9482422
2011-06-14 04:08:00,1.44263,1.44271,1.44255,1.44263,291000003.81469727
2011-06-14 04:09:00,1.44264,1.44277,1.44251,1.44264,1049400024.4140625
2011-06-14 04:10:00,1.44269,1.44273,1.44267,1.44267,700500030.5175781
2011-06-14 04:11:00,1.4427,1.44271,1.44256,1.44256,865500030.5175781
2011-06-14 04:12:00,1.44257,1.44263,1.44257,1.44262,186000003.81469727
2011-06-14 04:13:00,1.44262,1.44271,1.44261,1.44271,472500000.0
2011-06-14 04:14:00,1.44271,1.44271,1.44254,1.44254,703499984.7412109
2011-06-14 04:15:00,1.44253,1.44275,1.44248,1.44264,1548099975.5859375
2011-06-14 04:16:00,1.44262,1.44262,1.44259,1.44262,956999969.4824219
2011-06-14 04:17:00,1.44262,1.44262,1.44256,1.44256,214500007.62939453
2011-06-14 04:18:00,1.44257,1.44257,1.44247,1.44247,315000000.0
2011-06-14 04:19:00,1.44247,1.44306,1.44247,1.44283,2295700073.2421875
2011-06-14 04:20:00,1.44285,1.44302,1.44281,1.44285,1998099975.5859375
2011-06-14 04:21:00,1.44285,1.44298,1.4428,1.44281,1474299926.7578125
2011-06-14 04:22:00,1.44281,1.44304,1.44281,1.44304,956999969.4824219
2011-06-14 04:23:00,1.44303,1.44308,1.4429,1.44293,1425399932.8613281
2011-06-14 04:24:00,1.44294,1.44306,1.44289,1.44301,1098199996.9482422
2011-06-14 04:25:00,1.44299,1.44311,1.44299,1.44309,1138499984.741211
2011-06-14 04:26:00,1.44309,1.44318,1.44292,1.44304,1699499969.4824219
2011-06-14 04:27:00,1.44303,1.44311,1.44295,1.44305,754499969.4824219
2011-06-14 04:28:00,1.44306,1.44309,1.44296,1.44299,607500000.0
2011-06-14 04:29:00,1.44299,1.44299,1.44296,1.44296,60000000.0
2011-06-14 04:30:00,1.44297,1.44323,1.44297,1.44322,763499984.7412109
2011-06-14 04:31:00,1.44326,1.4434,1.44326,1.44333,915000000.0
2011-06-14 04:32:00,1.44333,1.44337,1.44319,1.44319,370499992.37060547
2011-06-14 04:33:00,1.44318,1.44322,1.44309,1.44311,1092799987.7929688
2011-06-14 04:34:00,1.44311,1.44311,1.44298,1.44303,350999984.74121094
2011-06-14 04:35:00,1.44302,1.44305,1.44294,1.44295,511300010.68115234
2011-06-14 04:36:00,1.44289,1.44301,1.44278,1.44291,1236500015.258789
2011-06-14 04:37:00,1.44291,1.44301,1.44291,1.44295,375000000.0
2011-06-14 04:38:00,1.44295,1.44335,1.44295,1.44306,1486699981.6894531
2011-06-14 04:39:00,1.44306,1.44332,1.44306,1.44315,870999984.7412109
2011-06-14 04:40:00,1.44316,1.44357,1.44316,1.44349,1782100067.1386719
2011-06-14 04:41:00,1.44347,1.44347,1.44317,1.44321,714000015.2587891
2011-06-14 04:42:00,1.44321,1.44321,1.44305,1.44319,878899993.8964844
2011-06-14 04:43:00,1.44319,1.4432,1.44306,1.44311,505499992.37060547
2011-06-14 04:44:00,1.4431,1.4431,1.44306,1.44307,232500000.0
2011-06-14 04:45:00,1.44308,1.44313,1.44305,1.44305,641299972.5341797
2011-06-14 04:46:00,1.44303,1.44313,1.44303,1.44313,403499984.74121094
2011-06-14 04:47:00,1.44316,1.44318,1.44301,1.44313,667500000.0
2011-06-14 04:48:00,1.44313,1.44314,1.44301,1.44306,652500000.0
2011-06-14 04:49:00,1.44304,1.44328,1.44301,1.4432,901500015.2587891
2011-06-14 04:50:00,1.44317,1.44331,1.44313,1.44331,632599983.215332
2011-06-14 04:51:00,1.44331,1.44331,1.44302,1.44305,1042500000.0
2011-06-14 04:52:00,1.44305,1.44307,1.44286,1.44299,1198499984.741211
2011-06-14 04:53:00,1.44298,1.44308,1.44289,1.44298,1146100006.1035156
2011-06-14 04:54:00,1.44295,1.44305,1.44289,1.44305,628499984.7412109
2011-06-14 04:55:00,1.44305,1.44327,1.44296,1.44303,1326999969.4824219
2011-06-14 04:56:00,1.44303,1.44313,1.44296,1.44303,994499969.4824219
2011-06-14 04:57:00,1.44303,1.44335,1.44303,1.44319,1169300003.0517578
2011-06-14 04:58:00,1.44319,1.44326,1.4431,1.44316,879700012.2070312
2011-06-14 04:59:00,1.44317,1.44325,1.44312,1.44315,791299972.5341797
2011-06-14 05:00:00,1.44316,1.4434,1.44314,1.44326,1976000061.0351562
2011-06-14 05:01:00,1.44328,1.44338,1.4432,1.44324,1751000061.0351562
2011-06-14 05:02:00,1.44325,1.44336,1.44325,1.44325,273799991.607666
2011-06-14 05:03:00,1.44324,1.44343,1.44308,1.44308,1520299987.7929688
2011-06-14 05:04:00,1.44306,1.44311,1.44279,1.4429,1959799957.2753906
2011-06-14 05:05:00,1.44291,1.44316,1.44289,1.44305,660000000.0
2011-06-14 05:06:00,1.44304,1.44305,1.4429,1.44294,581800003.0517578
2011-06-14 05:07:00,1.44297,1.44312,1.44294,1.44312,663000030.5175781
2011-06-14 05:08:00,1.44311,1.44315,1.44299,1.44315,1075500030.5175781
2011-06-14 05:09:00,1.44317,1.4435,1.44317,1.44348,2138099975.5859375
2011-06-14 05:10:00,1.44348,1.44361,1.44337,1.44346,1369700012.2070312
2011-06-14 05:11:00,1.44342,1.44342,1.44305,1.44311,1145299987.7929688
2011-06-14 05:12:00,1.44307,1.44354,1.44307,1.44341,2557599945.0683594
2011-06-14 05:13:00,1.44341,1.44347,1.44322,1.44338,1713000030.5175781
2011-06-14 05:14:00,1.44338,1.44347,1.44336,1.44342,1499799957.2753906
2011-06-14 05:15:00,1.44343,1.44364,1.44339,1.44349,1226999969.4824219
2011-06-14 05:16:00,1.44349,1.4435,1.44336,1.44336,977300033.5693359
2011-06-14 05:17:00,1.44335,1.44348,1.4432,1.4432,956800003.0517578
2011-06-14 05:18:00,1.44321,1.44351,1.44321,1.44337,1412599945.0683594
2011-06-14 05:19:00,1.44337,1.44367,1.44332,1.44355,1142799987.7929688
2011-06-14 05:20:00,1.44357,1.44377,1.44352,1.44375,1396799926.7578125
2011-06-14 05:21:00,1.44378,1.44378,1.44372,1.44375,487500000.0
2011-06-14 05:22:00,1.44373,1.44374,1.44351,1.44364,2057799987.7929688
2011-06-14 05:23:00,1.44365,1.44365,1.44349,1.44354,830800018.3105469
2011-06-14 05:24:00,1.44356,1.44364,1.44329,1.44331,1224000015.258789
2011-06-14 05:25:00,1.4433,1.44339,1.44319,1.4433,1947299957.2753906
2011-06-14 05:26:00,1.44331,1.44333,1.44303,1.44313,984599990.8447266
2011-06-14 05:27:00,1.44314,1.44322,1.4431,1.44313,959300003.0517578
2011-06-14 05:28:00,1.4431,1.44322,1.44309,1.44319,805500030.5175781
2011-06-14 05:29:00,1.44323,1.44341,1.44323,1.44333,838700027.4658203
2011-06-14 05:30:00,1.44333,1.44333,1.44303,1.44309,536899986.2670898
2011-06-14 05:31:00,1.44313,1.44326,1.44308,1.44326,1037099990.8447266
2011-06-14 05:32:00,1.44326,1.44326,1.4432,1.44323,328499984.74121094
2011-06-14 05:33:00,1.44323,1.44324,1.44312,1.44312,415499992.37060547
2011-06-14 05:34:00,1.44306,1.44319,1.44285,1.44311,2071499938.9648438
2011-06-14 05:35:00,1.44312,1.44333,1.44312,1.44326,1386100006.1035156
2011-06-14 05:36:00,1.44325,1.44346,1.44322,1.44346,1515800018.3105469
2011-06-14 05:37:00,1.44348,1.44369,1.44348,1.44366,1815000000.0
2011-06-14 05:38:00,1.44365,1.44379,1.44362,1.44372,1500299987.7929688
2011-06-14 05:39:00,1.44371,1.44398,1.44371,1.44385,1549499969.4824219
2011-06-14 05:40:00,1.44384,1.44448,1.44384,1.44432,2295000000.0
2011-06-14 05:41:00,1.44431,1.44441,1.44424,1.44432,1141500015.258789
2011-06-14 05:42:00,1.4443,1.44432,1.44412,1.44421,1833999938.9648438
2011-06-14 05:43:00,1.44419,1.44429,1.44411,1.44421,1466699981.6894531
2011-06-14 05:44:00,1.44421,1.44435,1.44411,1.44422,1679199981.6894531
2011-06-14 05:45:00,1.44421,1.44422,1.44379,1.44385,1562200012.2070312
2011-06-14 05:46:00,1.44388,1.44402,1.44366,1.4437,1344499969.4824219
2011-06-14 05:47:00,1.44369,1.44379,1.44366,1.4437,613499984.7412109
2011-06-14 05:48:00,1.4437,1.44379,1.4437,1.44377,645000000.0
2011-06-14 05:49:00,1.44377,1.44389,1.4437,1.44382,1185000000.0
2011-06-14 05:50:00,1.44383,1.44383,1.44358,1.44363,907500000.0
2011-06-14 05:51:00,1.44363,1.44363,1.4433,1.44354,1257799987.7929688
2011-06-14 05:52:00,1.44354,1.44359,1.4434,1.44355,1136600036.6210938
2011-06-14 05:53:00,1.44353,1.44355,1.44351,1.44354,439599990.84472656
2011-06-14 05:54:00,1.44356,1.44363,1.4434,1.44342,900100021.3623047
2011-06-14 05:55:00,1.44342,1.4435,1.44324,1.44324,1769400024.4140625
2011-06-14 05:56:00,1.44321,1.44321,1.44288,1.44294,2349100036.6210938
2011-06-14 05:57:00,1.44293,1.44304,1.44289,1.44303,1152600021.3623047
2011-06-14 05:58:00,1.44303,1.44321,1.44301,1.44305,868499984.7412109
2011-06-14 05:59:00,1.44307,1.44322,1.44307,1.44309,578300018.3105469
2011-06-14 06:00:00,1.44309,1.44332,1.44303,1.4433,1840700073.2421875
2011-06-14 06:01:00,1.44327,1.44371,1.44324,1.44366,1270500030.5175781
2011-06-14 06:02:00,1.44366,1.4437,1.44335,1.44355,1517299957.2753906
2011-06-14 06:03:00,1.44356,1.44357,1.44329,1.44334,889599990.8447266
2011-06-14 06:04:00,1.44335,1.44349,1.44322,1.44333,1196699981.6894531
2011-06-14 06:05:00,1.44333,1.44341,1.44333,1.4434,540200004.5776367
2011-06-14 06:06:00,1.44341,1.44352,1.44335,1.44336,1489299926.7578125
2011-06-14 06:07:00,1.44335,1.44347,1.44319,1.4434,1822599945.0683594
2011-06-14 06:08:00,1.4434,1.44346,1.44334,1.4434,859899978.6376953
2011-06-14 06:09:00,1.44341,1.44353,1.44338,1.4434,907099990.8447266
2011-06-14 06:10:00,1.44339,1.44343,1.44335,1.44337,829300003.0517578
2011-06-14 06:11:00,1.44337,1.44368,1.44331,1.44359,1551600036.6210938
2011-06-14 06:12:00,1.44359,1.44365,1.44341,1.44342,674100036.6210938
2011-06-14 06:13:00,1.44343,1.44368,1.4434,1.44366,1406399993.8964844
2011-06-14 06:14:00,1.4437,1.44372,1.44341,1.44341,1784799957.2753906
2011-06-14 06:15:00,1.44341,1.44352,1.44331,1.44349,1451600036.6210938
2011-06-14 06:16:00,1.44348,1.4436,1.44342,1.44352,771600036.6210938
2011-06-14 06:17:00,1.44355,1.4436,1.44329,1.44332,840000000.0
2011-06-14 06:18:00,1.44325,1.44336,1.4432,1.44334,971699981.6894531
2011-06-14 06:19:00,1.44334,1.44336,1.44311,1.44312,1927899932.8613281
2011-06-14 06:20:00,1.44311,1.44311,1.44291,1.44304,1501399993.8964844
2011-06-14 06:21:00,1.4431,1.44319,1.44292,1.44301,1469400024.4140625
2011-06-14 06:22:00,1.44301,1.44302,1.4428,1.44284,1110100021.3623047
2011-06-14 06:23:00,1.44285,1.44285,1.44235,1.4425,2957300109.8632812
2011-06-14 06:24:00,1.44251,1.44274,1.44247,1.44264,2084900054.9316406
2011-06-14 06:25:00,1.44264,1.44267,1.4425,1.44259,1236399993.8964844
2011-06-14 06:26:00,1.44259,1.44259,1.442,1.44222,1935200042.7246094
2011-06-14 06:27:00,1.44222,1.44233,1.442,1.44215,2084799957.2753906
2011-06-14 06:28:00,1.44216,1.44219,1.44151,1.44151,2139400024.4140625
2011-06-14 06:29:00,1.44153,1.44191,1.4415,1.4418,2236900024.4140625
2011-06-14 06:30:00,1.4418,1.44183,1.4416,1.44169,1606199951.171875
2011-06-14 06:31:00,1.4417,1.44191,1.44164,1.44189,1748800048.828125
2011-06-14 06:32:00,1.44189,1.44231,1.44188,1.44197,2524299926.7578125
2011-06-14 06:33:00,1.44197,1.44221,1.44197,1.44217,1795599975.5859375
2011-06-14 06:34:00,1.44219,1.44257,1.44213,1.44252,1907599945.0683594
2011-06-14 06:35:00,1.44253,1.44261,1.44244,1.44247,2815400085.4492188
2011-06-14 06:36:00,1.44245,1.44251,1.44228,1.44228,1515800018.3105469
2011-06-14 06:37:00,1.44228,1.44249,1.44221,1.44249,1435500030.5175781
2011-06-14 06:38:00,1.44249,1.44281,1.44249,1.44277,1596799926.7578125
2011-06-14 06:39:00,1.44276,1.44303,1.4426,1.44291,1760500030.5175781
2011-06-14 06:40:00,1.44291,1.44291,1.44264,1.44276,1537599945.0683594
2011-06-14 06:41:00,1.44276,1.44294,1.44265,1.44294,1491000061.0351562
2011-06-14 06:42:00,1.44297,1.44308,1.44287,1.44287,1294499969.4824219
2011-06-14 06:43:00,1.44287,1.44322,1.44287,1.4432,1814700012.2070312
2011-06-14 06:44:00,1.44322,1.44332,1.44311,1.44317,1362799987.7929688
2011-06-14 06:45:00,1.44316,1.44328,1.44311,1.44316,1796300048.828125
2011-06-14 06:46:00,1.44315,1.44315,1.44291,1.44291,1118499984.741211
2011-06-14 06:47:00,1.4429,1.44359,1.4429,1.44355,1740899963.3789062
2011-06-14 06:48:00,1.44354,1.44354,1.44337,1.44339,1699700012.2070312
2011-06-14 06:49:00,1.4434,1.4434,1.44301,1.44301,1452500000.0
2011-06-14 06:50:00,1.44308,1.44325,1.44308,1.44319,1118600006.1035156
2011-06-14 06:51:00,1.44319,1.44319,1.44313,1.44315,815299987.7929688
2011-06-14 06:52:00,1.44315,1.44352,1.44315,1.4435,2514700012.2070312
2011-06-14 06:53:00,1.4435,1.44352,1.44339,1.44352,1336300048.828125
2011-06-14 06:54:00,1.44348,1.44348,1.44324,1.44331,2292899932.861328
2011-06-14 06:55:00,1.44334,1.44339,1.44314,1.44315,1031600036.6210938
2011-06-14 06:56:00,1.44313,1.44315,1.443,1.44308,1244300003.0517578
2011-06-14 06:57:00,1.44308,1.44359,1.44308,1.4435,1632700042.7246094
2011-06-14 06:58:00,1.44349,1.44349,1.44287,1.4429,1835200042.7246094
2011-06-14 06:59:00,1.4429,1.44292,1.44285,1.44286,1409900054.9316406
2011-06-14 07:00:00,1.44286,1.44313,1.44282,1.44308,1770500030.5175781
2011-06-14 07:01:00,1.44308,1.44339,1.44302,1.44335,1993200073.2421875
2011-06-14 07:02:00,1.44337,1.44443,1.44337,1.44421,3333699951.171875
2011-06-14 07:03:00,1.44421,1.44448,1.44402,1.44406,2583800048.828125
2011-06-14 07:04:00,1.44403,1.44426,1.44401,1.44403,1428300018.3105469
2011-06-14 07:05:00,1.44402,1.44453,1.44395,1.44453,1935800018.3105469
2011-06-14 07:06:00,1.44453,1.44535,1.44432,1.44521,4026600036.6210938
2011-06-14 07:07:00,1.4452,1.4468,1.44517,1.44672,4285000000.0
2011-06-14 07:08:00,1.4467,1.44687,1.44642,1.44646,5043699951.171875
2011-06-14 07:09:00,1.44651,1.44667,1.44617,1.44618,3072699890.1367188
2011-06-14 07:10:00,1.4462,1.44702,1.4462,1.44699,3645599975.5859375
2011-06-14 07:11:00,1.447,1.44721,1.44675,1.4468,4791600036.621094
2011-06-14 07:12:00,1.4468,1.4468,1.44653,1.44677,2086699981.6894531
2011-06-14 07:13:00,1.44679,1.4469,1.4466,1.44661,2524400024.4140625
2011-06-14 07:14:00,1.44661,1.44697,1.44659,1.44676,2317799987.7929688
2011-06-14 07:15:00,1.44676,1.44676,1.44656,1.44657,2061799926.7578125
2011-06-14 07:16:00,1.44655,1.44675,1.44646,1.44649,2047299957.2753906
2011-06-14 07:17:00,1.44649,1.44681,1.44639,1.44667,2234299926.7578125
2011-06-14 07:18:00,1.44667,1.44707,1.44658,1.44707,2992000122.0703125
2011-06-14 07:19:00,1.44706,1.44706,1.44671,1.44682,3082300109.8632812
2011-06-14 07:20:00,1.44681,1.447,1.44634,1.44655,2904299926.7578125
2011-06-14 07:21:00,1.44654,1.44654,1.44588,1.44611,2720700073.2421875
2011-06-14 07:22:00,1.44611,1.44629,1.44576,1.44584,3362200012.2070312
2011-06-14 07:23:00,1.44585,1.4459,1.4457,1.44581,2391699981.689453
2011-06-14 07:24:00,1.44583,1.4463,1.44581,1.44611,2885299987.7929688
2011-06-14 07:25:00,1.44609,1.44609,1.44583,1.44593,2348500061.0351562
2011-06-14 07:26:00,1.44594,1.44624,1.44594,1.44619,2100000000.0
2011-06-14 07:27:00,1.44619,1.44641,1.44613,1.44632,1907500000.0
2011-06-14 07:28:00,1.44632,1.44632,1.44594,1.44627,2080700073.2421875
2011-06-14 07:29:00,1.44626,1.44627,1.44602,1.44603,2306900024.4140625
2011-06-14 07:30:00,1.44603,1.44616,1.44598,1.44599,1482100067.1386719
2011-06-14 07:31:00,1.44597,1.44597,1.44555,1.44559,1535599975.5859375
2011-06-14 07:32:00,1.44559,1.44566,1.44541,1.44554,2665299987.7929688
2011-06-14 07:33:00,1.44556,1.44565,1.44528,1.4453,3172600097.65625
2011-06-14 07:34:00,1.4453,1.4454,1.4452,1.4454,2236100006.1035156
2011-06-14 07:35:00,1.44542,1.4456,1.44534,1.44548,1802200012.2070312
2011-06-14 07:36:00,1.4455,1.44579,1.44531,1.44533,2645899963.3789062
2011-06-14 07:37:00,1.4453,1.44557,1.44526,1.44549,1743200073.2421875
2011-06-14 07:38:00,1.44549,1.44565,1.44544,1.44548,1754900054.9316406
2011-06-14 07:39:00,1.44551,1.44553,1.44533,1.44547,1479199981.6894531
2011-06-14 07:40:00,1.44547,1.44554,1.44536,1.44537,2052200012.2070312
2011-06-14 07:41:00,1.44534,1.44543,1.44522,1.4454,1740000000.0
2011-06-14 07:42:00,1.44539,1.44541,1.44522,1.44541,2461699981.689453
2011-06-14 07:43:00,1.44542,1.44566,1.44538,1.44562,2942999877.9296875
2011-06-14 07:44:00,1.44563,1.44586,1.44554,1.44561,1289100036.6210938
2011-06-14 07:45:00,1.44561,1.4457,1.44532,1.44532,2194299926.7578125
2011-06-14 07:46:00,1.44532,1.44541,1.44523,1.44533,2062599945.0683594
2011-06-14 07:47:00,1.44532,1.44541,1.44485,1.44494,2674800109.8632812
2011-06-14 07:48:00,1.44494,1.44515,1.44482,1.44503,2262700042.7246094
2011-06-14 07:49:00,1.44504,1.44533,1.44501,1.44527,1708600006.1035156
2011-06-14 07:50:00,1.44525,1.44544,1.44513,1.44531,2032799987.7929688
2011-06-14 07:51:00,1.44531,1.44571,1.44529,1.44561,2121600036.6210938
2011-06-14 07:52:00,1.4456,1.4463,1.44558,1.44627,3224299926.7578125
2011-06-14 07:53:00,1.44628,1.44642,1.44566,1.44593,2556999969.482422
2011-06-14 07:54:00,1.44592,1.44592,1.4455,1.4456,2020899963.3789062
2011-06-14 07:55:00,1.4456,1.44575,1.44535,1.44566,2466999969.482422
2011-06-14 07:56:00,1.44566,1.4457,1.44558,1.44562,889000015.2587891
2011-06-14 07:57:00,1.44561,1.44575,1.44551,1.44567,1472899932.8613281
2011-06-14 07:58:00,1.44567,1.4458,1.44558,1.44579,1885700073.2421875
2011-06-14 07:59:00,1.44583,1.446,1.4455,1.44561,2376000061.0351562
2011-06-14 08:00:00,1.44561,1.44638,1.44561,1.44627,3293500061.0351562
2011-06-14 08:01:00,1.44626,1.44631,1.44592,1.446,2118200073.2421875
2011-06-14 08:02:00,1.446,1.44623,1.44597,1.44616,1951199951.171875
2011-06-14 08:03:00,1.44617,1.44622,1.44608,1.44616,1682799987.7929688
2011-06-14 08:04:00,1.44616,1.4465,1.44614,1.44634,2282200012.2070312
2011-06-14 08:05:00,1.44633,1.44669,1.44632,1.44667,2663699951.171875
2011-06-14 08:06:00,1.4467,1.4468,1.44652,1.44664,2298000030.517578
2011-06-14 08:07:00,1.44663,1.44674,1.44651,1.44656,2157100067.138672
2011-06-14 08:08:00,1.44656,1.44675,1.44651,1.44669,2204799957.2753906
2011-06-14 08:09:00,1.44669,1.44669,1.44636,1.44642,2000700073.2421875
2011-06-14 08:10:00,1.44642,1.44669,1.44641,1.44656,1785299987.7929688
2011-06-14 08:11:00,1.44662,1.44662,1.44635,1.44636,1619700012.2070312
2011-06-14 08:12:00,1.44636,1.4465,1.44628,1.44632,1725500030.5175781
2011-06-14 08:13:00,1.44634,1.44637,1.44612,1.44619,1386900024.4140625
2011-06-14 08:14:00,1.44619,1.44632,1.44613,1.44619,795999984.7412109
2011-06-14 08:15:00,1.44619,1.44653,1.44619,1.44639,2582500000.0
2011-06-14 08:16:00,1.4464,1.44644,1.44621,1.44644,1560399932.8613281
2011-06-14 08:17:00,1.44644,1.44652,1.44632,1.44642,2355899963.3789062
2011-06-14 08:18:00,1.44642,1.44649,1.44619,1.44621,1938399963.3789062
2011-06-14 08:19:00,1.44621,1.44649,1.44621,1.44631,2518500061.0351562
2011-06-14 08:20:00,1.44631,1.44641,1.44626,1.44636,2822500000.0
2011-06-14 08:21:00,1.44636,1.44641,1.44634,1.4464,2111799926.7578125
2011-06-14 08:22:00,1.44638,1.44639,1.44606,1.44606,2528099975.5859375
2011-06-14 08:23:00,1.44604,1.4461,1.44589,1.4459,1909700012.2070312
2011-06-14 08:24:00,1.44593,1.44593,1.44562,1.44574,1765700073.2421875
2011-06-14 08:25:00,1.44574,1.44574,1.44512,1.44533,2907500000.0
2011-06-14 08:26:00,1.44535,1.44553,1.44533,1.44539,2043200073.2421875
2011-06-14 08:27:00,1.44538,1.44567,1.44536,1.44551,1950200042.7246094
2011-06-14 08:28:00,1.44552,1.44556,1.44542,1.44552,831200027.4658203
2011-06-14 08:29:00,1.44552,1.44571,1.44552,1.44564,2063300018.3105469
2011-06-14 08:30:00,1.44568,1.44611,1.44559,1.44569,2488099975.5859375
2011-06-14 08:31:00,1.44568,1.44584,1.4456,1.44578,2076100006.1035156
2011-06-14 08:32:00,1.44579,1.44581,1.44522,1.44522,2476300048.828125
2011-06-14 08:33:00,1.44522,1.44547,1.44513,1.44535,2130899963.3789062
2011-06-14 08:34:00,1.44534,1.44538,1.44505,1.44535,1932200012.2070312
2011-06-14 08:35:00,1.44534,1.4454,1.44524,1.44535,1808300018.3105469
2011-06-14 08:36:00,1.44535,1.44539,1.44491,1.44505,1819499969.4824219
2011-06-14 08:37:00,1.44504,1.44514,1.44499,1.44513,1668600006.1035156
2011-06-14 08:38:00,1.44514,1.44547,1.4451,1.44545,2460899963.3789062
2011-06-14 08:39:00,1.44545,1.44546,1.44524,1.44532,2076900024.4140625
2011-06-14 08:40:00,1.44532,1.44547,1.4451,1.44514,1875000000.0
2011-06-14 08:41:00,1.44513,1.44513,1.44489,1.44499,1797299957.2753906
2011-06-14 08:42:00,1.44499,1.44541,1.44499,1.44512,3255599975.5859375
2011-06-14 08:43:00,1.44512,1.44572,1.44512,1.44569,2018800048.828125
2011-06-14 08:44:00,1.44571,1.44585,1.44532,1.4454,2584400024.4140625
2011-06-14 08:45:00,1.4454,1.44551,1.4452,1.44551,1764400024.4140625
2011-06-14 08:46:00,1.4455,1.44562,1.44539,1.44554,1849100036.6210938
2011-06-14 08:47:00,1.44554,1.44588,1.44553,1.44583,1963200073.2421875
2011-06-14 08:48:00,1.44583,1.44583,1.44568,1.44577,2161399993.8964844
2011-06-14 08:49:00,1.44579,1.44661,1.44579,1.4464,3130400085.4492188
2011-06-14 08:50:00,1.44639,1.44639,1.44616,1.44627,1843800048.828125
2011-06-14 08:51:00,1.44627,1.44631,1.44599,1.44603,2669700012.2070312
2011-06-14 08:52:00,1.44606,1.44642,1.44602,1.44632,2451199951.171875
2011-06-14 08:53:00,1.4463,1.44631,1.44613,1.44617,1949400024.4140625
2011-06-14 08:54:00,1.44617,1.4463,1.44601,1.44628,1788699951.171875
2011-06-14 08:55:00,1.44628,1.44629,1.44592,1.44623,1421799926.7578125
2011-06-14 08:56:00,1.44622,1.44622,1.44601,1.44608,1720099945.0683594
2011-06-14 08:57:00,1.44608,1.44608,1.44576,1.44579,1806100006.1035156
2011-06-14 08:58:00,1.44578,1.44588,1.44559,1.44559,1234100036.6210938
2011-06-14 08:59:00,1.44557,1.44569,1.44533,1.44534,2331499938.9648438
2011-06-14 09:00:00,1.44534,1.44571,1.4453,1.44544,3318299865.7226562
2011-06-14 09:01:00,1.44548,1.44601,1.44548,1.44601,2338300018.310547
2011-06-14 09:02:00,1.44603,1.44641,1.44603,1.44634,2918599853.515625
2011-06-14 09:03:00,1.44635,1.44636,1.44585,1.44605,2346999969.482422
2011-06-14 09:04:00,1.44609,1.44629,1.44598,1.446,2074400024.4140625
2011-06-14 09:05:00,1.44601,1.44613,1.44593,1.44599,2147599945.0683594
2011-06-14 09:06:00,1.44597,1.44601,1.44547,1.44547,2108899993.8964844
2011-06-14 09:07:00,1.44541,1.44581,1.44541,1.4457,2219700012.2070312
2011-06-14 09:08:00,1.44572,1.44587,1.44563,1.44586,1585700073.2421875
2011-06-14 09:09:00,1.44586,1.44592,1.44571,1.44571,1895700073.2421875
2011-06-14 09:10:00,1.44571,1.44587,1.44566,1.44579,1630299987.7929688
2011-06-14 09:11:00,1.44579,1.44581,1.44527,1.4453,2118300018.3105469
2011-06-14 09:12:00,1.44533,1.44537,1.44501,1.44519,2610499877.9296875
2011-06-14 09:13:00,1.44521,1.4454,1.44513,1.4454,1882799987.7929688
2011-06-14 09:14:00,1.44539,1.44577,1.4453,1.44571,2820400085.4492188
2011-06-14 09:15:00,1.4457,1.44584,1.4456,1.44565,2118500061.0351562
2011-06-14 09:16:00,1.44565,1.44566,1.4453,1.44534,2499199981.689453
2011-06-14 09:17:00,1.44532,1.44532,1.44495,1.44506,2332500000.0
2011-06-14 09:18:00,1.44506,1.44545,1.44503,1.4454,2486399993.8964844
2011-06-14 09:19:00,1.4454,1.4454,1.4445,1.44457,2486600036.6210938
2011-06-14 09:20:00,1.44457,1.4446,1.44425,1.4444,2817500000.0
2011-06-14 09:21:00,1.44438,1.44461,1.44438,1.44453,1906000061.0351562
2011-06-14 09:22:00,1.44453,1.44486,1.44453,1.44463,1989600067.1386719
2011-06-14 09:23:00,1.44468,1.44476,1.44457,1.4447,2007700042.7246094
2011-06-14 09:24:00,1.44469,1.44482,1.44457,1.44478,2541499938.9648438
2011-06-14 09:25:00,1.44479,1.44506,1.44404,1.44404,2302100067.138672
2011-06-14 09:26:00,1.444,1.44437,1.44389,1.44418,2802600097.65625
2011-06-14 09:27:00,1.44417,1.44428,1.44375,1.44379,2243600006.1035156
2011-06-14 09:28:00,1.44379,1.44446,1.44378,1.44411,2973900146.484375
2011-06-14 09:29:00,1.44411,1.44411,1.4439,1.44395,1483899993.8964844
2011-06-14 09:30:00,1.44398,1.44399,1.44362,1.44377,1867400054.9316406
2011-06-14 09:31:00,1.44381,1.44403,1.44374,1.44376,2725700073.2421875
2011-06-14 09:32:00,1.44377,1.44396,1.4435,1.44357,1797299957.2753906
2011-06-14 09:33:00,1.44357,1.44367,1.44332,1.44342,2520500030.517578
2011-06-14 09:34:00,1.44342,1.44371,1.44338,1.4436,2196300048.828125
2011-06-14 09:35:00,1.44356,1.44374,1.44337,1.4437,1626900024.4140625
2011-06-14 09:36:00,1.44372,1.44379,1.44359,1.44374,1727200012.2070312
2011-06-14 09:37:00,1.44378,1.44433,1.44371,1.44429,2218399963.3789062
2011-06-14 09:38:00,1.44429,1.44429,1.44401,1.44424,2564800109.8632812
2011-06-14 09:39:00,1.44425,1.44445,1.44422,1.44422,2159600067.138672
2011-06-14 09:40:00,1.44422,1.44431,1.44411,1.44431,2469100036.6210938
2011-06-14 09:41:00,1.44433,1.44437,1.44405,1.44414,2371600036.6210938
2011-06-14 09:42:00,1.44415,1.44424,1.44405,1.44415,2037599945.0683594
2011-06-14 09:43:00,1.44414,1.4444,1.44411,1.44436,2044400024.4140625
2011-06-14 09:44:00,1.44435,1.44464,1.44428,1.44428,2630499877.9296875
2011-06-14 09:45:00,1.44425,1.44429,1.44406,1.44428,1882700042.7246094
2011-06-14 09:46:00,1.44428,1.44475,1.44426,1.44465,1870800018.3105469
2011-06-14 09:47:00,1.44465,1.44466,1.44441,1.44443,2164299926.7578125
2011-06-14 09:48:00,1.44442,1.44456,1.44422,1.44445,1953800048.828125
2011-06-14 09:49:00,1.44445,1.44461,1.44445,1.44456,1551399993.8964844
2011-06-14 09:50:00,1.44454,1.44469,1.44438,1.44442,2348300018.310547
2011-06-14 09:51:00,1.44442,1.44458,1.44412,1.44436,2061399993.8964844
2011-06-14 09:52:00,1.44435,1.44449,1.44434,1.44449,1638899993.8964844
2011-06-14 09:53:00,1.44451,1.44471,1.4444,1.44461,2460800018.310547
2011-06-14 09:54:00,1.44462,1.44463,1.44442,1.44458,2323200073.2421875
2011-06-14 09:55:00,1.44459,1.4446,1.44445,1.44459,1294600067.1386719
2011-06-14 09:56:00,1.4446,1.44472,1.44457,1.4447,1056900024.4140625
2011-06-14 09:57:00,1.4447,1.44489,1.4447,1.44475,859499969.4824219
2011-06-14 09:58:00,1.44475,1.44491,1.4447,1.4449,1580500030.5175781
2011-06-14 09:59:00,1.44491,1.44518,1.44491,1.44502,1968699951.171875
2011-06-14 10:00:00,1.445,1.445,1.44481,1.44481,1298099975.5859375
2011-06-14 10:01:00,1.44483,1.44483,1.44471,1.44474,1403500061.0351562
2011-06-14 10:02:00,1.44476,1.4448,1.4447,1.4447,1571300048.828125
2011-06-14 10:03:00,1.4447,1.4447,1.44451,1.44461,1349299926.7578125
2011-06-14 10:04:00,1.44462,1.44468,1.44455,1.44468,1178499984.741211
2011-06-14 10:05:00,1.44468,1.44488,1.44457,1.44459,1483099975.5859375
2011-06-14 10:06:00,1.44459,1.44505,1.44459,1.445,1321799926.7578125
2011-06-14 10:07:00,1.44497,1.44505,1.44485,1.44492,1421100006.1035156
2011-06-14 10:08:00,1.44493,1.44498,1.4445,1.4446,1421100006.1035156
2011-06-14 10:09:00,1.4446,1.44473,1.44455,1.44457,1468099975.5859375
2011-06-14 10:10:00,1.44456,1.44457,1.44435,1.44445,2025599975.5859375
2011-06-14 10:11:00,1.44445,1.44459,1.44442,1.44447,1728399963.3789062
2011-06-14 10:12:00,1.44447,1.44458,1.44426,1.4443,1853399963.3789062
2011-06-14 10:13:00,1.4443,1.44432,1.44415,1.44422,1079499969.4824219
2011-06-14 10:14:00,1.44422,1.44424,1.44411,1.44411,1035899963.3789062
2011-06-14 10:15:00,1.44412,1.4445,1.44411,1.44448,1734100036.6210938
2011-06-14 10:16:00,1.44446,1.44484,1.44444,1.44469,1212200012.2070312
2011-06-14 10:17:00,1.44468,1.4447,1.44455,1.4446,703600006.1035156
2011-06-14 10:18:00,1.44461,1.44461,1.44435,1.44441,937600021.3623047
2011-06-14 10:19:00,1.4444,1.44463,1.4444,1.44451,907500000.0
2011-06-14 10:20:00,1.44451,1.44451,1.44428,1.44434,1632400054.9316406
2011-06-14 10:21:00,1.44431,1.44439,1.44423,1.44437,726299972.5341797
2011-06-14 10:22:00,1.44434,1.44462,1.44423,1.44447,1933800048.828125
2011-06-14 10:23:00,1.44447,1.44454,1.44431,1.44438,1445399932.8613281
2011-06-14 10:24:00,1.44439,1.44463,1.44438,1.44462,1975700073.2421875
2011-06-14 10:25:00,1.44463,1.44478,1.44458,1.44458,2061499938.9648438
2011-06-14 10:26:00,1.44459,1.44459,1.44443,1.44458,1082399978.6376953
2011-06-14 10:27:00,1.4446,1.44497,1.4446,1.44463,2165800018.310547
2011-06-14 10:28:00,1.44462,1.4447,1.44449,1.44449,1683800048.828125
2011-06-14 10:29:00,1.44449,1.44454,1.44431,1.44441,1436499938.9648438
2011-06-14 10:30:00,1.44441,1.44441,1.44407,1.44436,1918200073.2421875
2011-06-14 10:31:00,1.44439,1.44442,1.44417,1.44418,1984199981.6894531
2011-06-14 10:32:00,1.44419,1.44436,1.44414,1.44429,1633699951.171875
2011-06-14 10:33:00,1.44429,1.44446,1.44425,1.44444,1227300033.569336
2011-06-14 10:34:00,1.44444,1.44459,1.44442,1.44446,1399100036.6210938
2011-06-14 10:35:00,1.44444,1.44444,1.44422,1.44426,1853999938.9648438
2011-06-14 10:36:00,1.44425,1.44431,1.44421,1.44429,1395200042.7246094
2011-06-14 10:37:00,1.44427,1.44427,1.44384,1.44386,1268700027.4658203
2011-06-14 10:38:00,1.44384,1.44403,1.44372,1.44374,1983500061.0351562
2011-06-14 10:39:00,1.44374,1.44393,1.44373,1.44391,2250399932.861328
2011-06-14 10:40:00,1.44391,1.44391,1.44369,1.4437,960100021.3623047
2011-06-14 10:41:00,1.4437,1.44387,1.44356,1.4438,1057500000.0
2011-06-14 10:42:00,1.4438,1.44393,1.44376,1.44387,1393699951.171875
2011-06-14 10:43:00,1.44385,1.44401,1.4436,1.44362,1385299987.7929688
2011-06-14 10:44:00,1.44363,1.44379,1.44357,1.44372,1218399963.3789062
2011-06-14 10:45:00,1.44371,1.44378,1.44364,1.44366,936900024.4140625
2011-06-14 10:46:00,1.44365,1.44379,1.44355,1.44355,1628800048.828125
2011-06-14 10:47:00,1.44353,1.44353,1.44335,1.44336,1832599945.0683594
2011-06-14 10:48:00,1.44338,1.4434,1.4427,1.44295,2970000000.0
2011-06-14 10:49:00,1.44295,1.44295,1.4428,1.44289,1596900024.4140625
2011-06-14 10:50:00,1.44288,1.44292,1.4428,1.44291,1289100036.6210938
2011-06-14 10:51:00,1.4429,1.44306,1.44287,1.4429,2077500000.0
2011-06-14 10:52:00,1.4429,1.44291,1.4426,1.44272,2622699890.1367188
2011-06-14 10:53:00,1.44272,1.44273,1.44264,1.44271,1043799972.5341797
2011-06-14 10:54:00,1.44271,1.44283,1.44251,1.44251,2093000030.5175781
2011-06-14 10:55:00,1.44251,1.44258,1.44241,1.44247,2295800018.310547
2011-06-14 10:56:00,1.44246,1.44304,1.44242,1.44304,2158600006.1035156
2011-06-14 10:57:00,1.44306,1.44345,1.44304,1.44317,2079299926.7578125
2011-06-14 10:58:00,1.44316,1.44316,1.44275,1.4429,1828899993.8964844
2011-06-14 10:59:00,1.4429,1.44321,1.4429,1.44313,1463399963.3789062
2011-06-14 11:00:00,1.44314,1.44322,1.44292,1.44299,1325200042.7246094
2011-06-14 11:01:00,1.44299,1.44307,1.44296,1.44305,718499984.7412109
2011-06-14 11:02:00,1.44306,1.44315,1.44306,1.44313,732500000.0
2011-06-14 11:03:00,1.44314,1.44329,1.44299,1.44307,2398500061.0351562
2011-06-14 11:04:00,1.44307,1.44307,1.44273,1.44278,1614299926.7578125
2011-06-14 11:05:00,1.4428,1.44314,1.44268,1.44282,2793099975.5859375
2011-06-14 11:06:00,1.44282,1.44295,1.44271,1.44271,1478999938.9648438
2011-06-14 11:07:00,1.4427,1.44291,1.44261,1.44291,1431000061.0351562
2011-06-14 11:08:00,1.44291,1.44292,1.44275,1.44277,1271299972.5341797
2011-06-14 11:09:00,1.44277,1.44293,1.4427,1.4429,1276600036.6210938
2011-06-14 11:10:00,1.44289,1.44311,1.44289,1.44303,1363500061.0351562
2011-06-14 11:11:00,1.44303,1.44303,1.44262,1.44273,2465599975.5859375
2011-06-14 11:12:00,1.44273,1.44275,1.4424,1.44263,2178200073.2421875
2011-06-14 11:13:00,1.44263,1.44279,1.44263,1.44271,1841199951.171875
2011-06-14 11:14:00,1.44271,1.44284,1.44251,1.44284,1609799957.2753906
2011-06-14 11:15:00,1.44284,1.44341,1.44284,1.44308,2578299865.7226562
2011-06-14 11:16:00,1.4431,1.44321,1.4429,1.44302,1666799926.7578125
2011-06-14 11:17:00,1.44302,1.44335,1.44301,1.44335,2168300018.310547
2011-06-14 11:18:00,1.44337,1.44372,1.44337,1.44363,2964299926.7578125
2011-06-14 11:19:00,1.44362,1.44423,1.44362,1.44419,2842600097.65625
2011-06-14 11:20:00,1.44414,1.44414,1.44384,1.44395,3588699951.171875
2011-06-14 11:21:00,1.44392,1.44392,1.44365,1.44381,1793399963.3789062
2011-06-14 11:22:00,1.44381,1.44391,1.44378,1.44379,889100036.6210938
2011-06-14 11:23:00,1.44379,1.44392,1.44378,1.44388,924100036.6210938
2011-06-14 11:24:00,1.44387,1.44391,1.44349,1.44349,1758899993.8964844
2011-06-14 11:25:00,1.44347,1.44371,1.44347,1.44371,777099990.8447266
2011-06-14 11:26:00,1.44372,1.44409,1.44372,1.44407,1178600006.1035156
2011-06-14 11:27:00,1.44407,1.44408,1.44388,1.44388,1045299987.7929688
2011-06-14 11:28:00,1.4439,1.4439,1.4436,1.4436,1520700073.2421875
2011-06-14 11:29:00,1.44359,1.44361,1.44339,1.44339,1129800033.569336
2011-06-14 11:30:00,1.44342,1.44342,1.44292,1.44311,2526300048.828125
2011-06-14 11:31:00,1.44311,1.44332,1.44311,1.44323,1365800018.3105469
2011-06-14 11:32:00,1.44326,1.44331,1.44283,1.4429,1632700042.7246094
2011-06-14 11:33:00,1.44296,1.44313,1.44287,1.44312,1464799957.2753906
2011-06-14 11:34:00,1.44317,1.44351,1.44317,1.44343,1931399993.8964844
2011-06-14 11:35:00,1.44347,1.44353,1.44333,1.44342,954499969.4824219
2011-06-14 11:36:00,1.44342,1.44373,1.44341,1.44371,1392799987.7929688
2011-06-14 11:37:00,1.44371,1.44371,1.44335,1.44368,1771199951.171875
2011-06-14 11:38:00,1.44368,1.44387,1.44363,1.44363,1874600067.1386719
2011-06-14 11:39:00,1.44363,1.44363,1.44345,1.4435,1637899932.8613281
2011-06-14 11:40:00,1.44352,1.44378,1.44352,1.44378,1029199981.6894531
2011-06-14 11:41:00,1.44378,1.44403,1.44369,1.44391,1438899993.8964844
2011-06-14 11:42:00,1.44389,1.44398,1.4437,1.44371,1595399932.8613281
2011-06-14 11:43:00,1.44371,1.44372,1.44354,1.44361,574399986.2670898
2011-06-14 11:44:00,1.4436,1.4436,1.44326,1.44327,895800018.3105469
2011-06-14 11:45:00,1.44331,1.44361,1.44331,1.44359,1100500030.5175781
2011-06-14 11:46:00,1.44359,1.44388,1.4435,1.4438,1556499938.9648438
2011-06-14 11:47:00,1.4438,1.4438,1.4435,1.44371,2086100006.1035156
2011-06-14 11:48:00,1.4437,1.44384,1.4437,1.44384,552000007.6293945
2011-06-14 11:49:00,1.44381,1.4441,1.44381,1.444,1288999938.9648438
2011-06-14 11:50:00,1.444,1.4441,1.44388,1.44401,1746100006.1035156
2011-06-14 11:51:00,1.44401,1.44407,1.44388,1.44392,1655899963.3789062
2011-06-14 11:52:00,1.44392,1.44396,1.44389,1.44394,768799972.5341797
2011-06-14 11:53:00,1.44395,1.44422,1.44395,1.44405,1458000030.5175781
2011-06-14 11:54:00,1.44405,1.44422,1.44405,1.44422,772600021.3623047
2011-06-14 11:55:00,1.44422,1.44432,1.4441,1.44432,1355500030.5175781
2011-06-14 11:56:00,1.44433,1.44532,1.44433,1.44478,3268699951.171875
2011-06-14 11:57:00,1.44478,1.44522,1.44478,1.4452,1566100006.1035156
2011-06-14 11:58:00,1.4452,1.4452,1.44488,1.44503,1915500030.5175781
2011-06-14 11:59:00,1.44502,1.44502,1.4443,1.4445,3562999877.9296875
2011-06-14 12:00:00,1.44451,1.44492,1.44451,1.44492,1502400054.9316406
2011-06-14 12:01:00,1.44493,1.44541,1.44492,1.44533,2496300048.828125
2011-06-14 12:02:00,1.44535,1.44535,1.44497,1.44501,1388600006.1035156
2011-06-14 12:03:00,1.445,1.44525,1.44495,1.44521,1598300018.3105469
2011-06-14 12:04:00,1.44523,1.44523,1.4447,1.44481,1495599975.5859375
2011-06-14 12:05:00,1.44481,1.44486,1.44471,1.4448,2096199951.171875
2011-06-14 12:06:00,1.4448,1.44509,1.44471,1.44477,2068899993.8964844
2011-06-14 12:07:00,1.44477,1.44477,1.4445,1.44466,1961600036.6210938
2011-06-14 12:08:00,1.44464,1.44508,1.44463,1.44489,2381699981.689453
2011-06-14 12:09:00,1.44489,1.44518,1.44489,1.44508,1617200012.2070312
2011-06-14 12:10:00,1.44504,1.44528,1.44499,1.44511,1704299926.7578125
2011-06-14 12:11:00,1.4451,1.44522,1.44493,1.44494,1663200073.2421875
2011-06-14 12:12:00,1.44494,1.44523,1.44489,1.44515,2432599945.0683594
2011-06-14 12:13:00,1.44513,1.44513,1.44487,1.44495,1856199951.171875
2011-06-14 12:14:00,1.44495,1.4451,1.44464,1.44475,2443000030.517578
2011-06-14 12:15:00,1.44474,1.4451,1.44466,1.44502,2310000000.0
2011-06-14 12:16:00,1.44502,1.44539,1.44502,1.44504,3001000061.0351562
2011-06-14 12:17:00,1.44504,1.44513,1.44486,1.44486,1751199951.171875
2011-06-14 12:18:00,1.44486,1.44497,1.44469,1.44486,1569299926.7578125
2011-06-14 12:19:00,1.44489,1.44498,1.44477,1.44477,1381199951.171875
2011-06-14 12:20:00,1.44479,1.4451,1.44479,1.44491,2325599975.5859375
2011-06-14 12:21:00,1.44491,1.44495,1.44481,1.44483,882200012.2070312
2011-06-14 12:22:00,1.44486,1.4449,1.44474,1.44476,1408500061.0351562
2011-06-14 12:23:00,1.44479,1.44495,1.44469,1.44489,1742400054.9316406
2011-06-14 12:24:00,1.44487,1.44512,1.44481,1.4451,1671499938.9648438
2011-06-14 12:25:00,1.44509,1.44509,1.44482,1.44494,1978800048.828125
2011-06-14 12:26:00,1.44492,1.44509,1.44491,1.44501,1530200042.7246094
2011-06-14 12:27:00,1.44497,1.44508,1.4449,1.44505,2261600036.6210938
2011-06-14 12:28:00,1.44506,1.44506,1.44475,1.44479,1884700012.2070312
2011-06-14 12:29:00,1.4448,1.44509,1.44475,1.4449,2817000122.0703125
2011-06-14 12:30:00,1.4449,1.44549,1.44485,1.44531,4613299865.722656
2011-06-14 12:31:00,1.44525,1.44525,1.44417,1.4442,4319800109.863281
2011-06-14 12:32:00,1.44416,1.44484,1.44402,1.44474,4000700073.2421875
2011-06-14 12:33:00,1.44473,1.44529,1.44467,1.44499,2943099975.5859375
2011-06-14 12:34:00,1.44499,1.44591,1.44491,1.44556,3455000000.0
2011-06-14 12:35:00,1.44555,1.44621,1.44555,1.44562,4337999877.9296875
2011-06-14 12:36:00,1.44567,1.4459,1.44543,1.44568,3523299865.7226562
2011-06-14 12:37:00,1.44567,1.44569,1.44527,1.4454,3132000122.0703125
2011-06-14 12:38:00,1.4454,1.44553,1.44514,1.44538,2236799926.7578125
2011-06-14 12:39:00,1.44538,1.44541,1.44496,1.44507,1937299957.2753906
2011-06-14 12:40:00,1.44513,1.44542,1.44507,1.44516,2783200073.2421875
2011-06-14 12:41:00,1.44518,1.44528,1.44502,1.44513,2261199951.171875
2011-06-14 12:42:00,1.44513,1.44531,1.44495,1.44495,2122700042.7246094
2011-06-14 12:43:00,1.44494,1.44494,1.44452,1.44457,2785899963.3789062
2011-06-14 12:44:00,1.44455,1.44458,1.44435,1.44451,3115799865.7226562
2011-06-14 12:45:00,1.44449,1.44514,1.44449,1.44514,2972999877.9296875
2011-06-14 12:46:00,1.44513,1.44547,1.44501,1.44536,3547600097.65625
2011-06-14 12:47:00,1.44537,1.44556,1.44456,1.44465,3417600097.65625
2011-06-14 12:48:00,1.44466,1.44499,1.44447,1.44497,2734400024.4140625
2011-06-14 12:49:00,1.44497,1.44497,1.44421,1.44451,2850700073.2421875
2011-06-14 12:50:00,1.44452,1.44495,1.44428,1.44438,3382900085.4492188
2011-06-14 12:51:00,1.44439,1.44446,1.44401,1.44404,3579899902.34375
2011-06-14 12:52:00,1.44406,1.44409,1.44328,1.44329,3730100097.65625
2011-06-14 12:53:00,1.44331,1.44367,1.44331,1.44355,2725799865.7226562
2011-06-14 12:54:00,1.44355,1.44368,1.44343,1.44365,3049700012.2070312
2011-06-14 12:55:00,1.44365,1.44391,1.44365,1.44375,2849100036.6210938
2011-06-14 12:56:00,1.44373,1.44455,1.44372,1.4445,3189400024.4140625
2011-06-14 12:57:00,1.4445,1.44459,1.44405,1.44417,2632999877.9296875
2011-06-14 12:58:00,1.44417,1.44437,1.44406,1.44413,2278600006.1035156
2011-06-14 12:59:00,1.44414,1.44433,1.44409,1.44419,2388300018.310547
2011-06-14 13:00:00,1.44417,1.44429,1.44403,1.44407,1902899932.8613281
2011-06-14 13:01:00,1.44407,1.44411,1.44381,1.44387,1996300048.828125
2011-06-14 13:02:00,1.44387,1.44429,1.44382,1.44382,2324799957.2753906
2011-06-14 13:03:00,1.44385,1.44402,1.44375,1.44399,2674400024.4140625
2011-06-14 13:04:00,1.44398,1.44417,1.44389,1.44395,2217500000.0
2011-06-14 13:05:00,1.44395,1.44411,1.44393,1.44411,1539100036.6210938
2011-06-14 13:06:00,1.44413,1.44413,1.44338,1.44338,2508000030.517578
2011-06-14 13:07:00,1.44338,1.44356,1.443,1.44316,2720299987.7929688
2011-06-14 13:08:00,1.44317,1.44327,1.44267,1.4428,2857699890.1367188
2011-06-14 13:09:00,1.44279,1.44298,1.44256,1.44278,3254800109.8632812
2011-06-14 13:10:00,1.44278,1.44282,1.44255,1.44275,3367600097.65625
2011-06-14 13:11:00,1.44275,1.44308,1.44257,1.44304,2618500061.0351562
2011-06-14 13:12:00,1.44304,1.44304,1.4419,1.44193,3799700012.2070312
2011-06-14 13:13:00,1.44196,1.44241,1.44195,1.44241,3512099914.5507812
2011-06-14 13:14:00,1.44242,1.44274,1.44217,1.44274,2696099853.515625
2011-06-14 13:15:00,1.44272,1.44272,1.4414,1.44143,3787999877.9296875
2011-06-14 13:16:00,1.44145,1.44249,1.44144,1.44236,3121600036.6210938
2011-06-14 13:17:00,1.44235,1.44239,1.44207,1.44215,1789199981.6894531
2011-06-14 13:18:00,1.44213,1.44241,1.44174,1.4424,3316900024.4140625
2011-06-14 13:19:00,1.44239,1.4424,1.44203,1.4421,3157699890.1367188
2011-06-14 13:20:00,1.4421,1.44233,1.44195,1.4421,2414400024.4140625
2011-06-14 13:21:00,1.44211,1.44246,1.44196,1.44218,2914100036.6210938
2011-06-14 13:22:00,1.44217,1.44247,1.44214,1.44227,2674100036.6210938
2011-06-14 13:23:00,1.44229,1.4424,1.44219,1.44231,1857700042.7246094
2011-06-14 13:24:00,1.44231,1.44248,1.44217,1.44238,1707599945.0683594
2011-06-14 13:25:00,1.44237,1.44267,1.44237,1.44266,1881600036.6210938
2011-06-14 13:26:00,1.44268,1.44277,1.44223,1.44242,2511600036.6210938
2011-06-14 13:27:00,1.44242,1.44263,1.44228,1.44256,1531100006.1035156
2011-06-14 13:28:00,1.44256,1.44262,1.4422,1.44239,2981400146.484375
2011-06-14 13:29:00,1.44241,1.44288,1.44231,1.4427,2229100036.6210938
2011-06-14 13:30:00,1.44266,1.44282,1.4426,1.44268,3031199951.171875
2011-06-14 13:31:00,1.44269,1.44293,1.44258,1.44293,2283099975.5859375
2011-06-14 13:32:00,1.44293,1.44318,1.44268,1.44308,2084400024.4140625
2011-06-14 13:33:00,1.44309,1.44329,1.44289,1.44329,2290000000.0
2011-06-14 13:34:00,1.44329,1.4433,1.443,1.44311,2266199951.171875
2011-06-14 13:35:00,1.44317,1.44343,1.44306,1.4431,2695299987.7929688
2011-06-14 13:36:00,1.44307,1.44317,1.44264,1.44277,2733399963.3789062
2011-06-14 13:37:00,1.44278,1.44335,1.44278,1.44305,1975299987.7929688
2011-06-14 13:38:00,1.44306,1.44337,1.44301,1.44327,2375299987.7929688
2011-06-14 13:39:00,1.44327,1.4435,1.44313,1.44335,2509499969.482422
2011-06-14 13:40:00,1.44337,1.44353,1.44317,1.44347,2233200073.2421875
2011-06-14 13:41:00,1.44345,1.44373,1.4434,1.4436,2410200042.7246094
2011-06-14 13:42:00,1.44361,1.44382,1.4435,1.4435,2560499877.9296875
2011-06-14 13:43:00,1.4435,1.44383,1.4435,1.44368,2219799957.2753906
2011-06-14 13:44:00,1.44371,1.44373,1.44341,1.44361,2215200042.7246094
2011-06-14 13:45:00,1.44362,1.4439,1.44362,1.44378,2790799865.7226562
2011-06-14 13:46:00,1.44378,1.44388,1.44363,1.44384,2406199951.171875
2011-06-14 13:47:00,1.44381,1.44398,1.4436,1.4436,2404400024.4140625
2011-06-14 13:48:00,1.44358,1.44374,1.44306,1.4431,2591700134.2773438
2011-06-14 13:49:00,1.44311,1.44337,1.443,1.44324,3335000000.0
2011-06-14 13:50:00,1.44324,1.44328,1.44299,1.44304,1860700073.2421875
2011-06-14 13:51:00,1.44306,1.44328,1.44289,1.44318,2330099945.0683594
2011-06-14 13:52:00,1.44319,1.44338,1.44309,1.44337,1461000061.0351562
2011-06-14 13:53:00,1.44335,1.44366,1.44331,1.44332,1943399963.3789062
2011-06-14 13:54:00,1.44337,1.44378,1.44337,1.44376,2108200073.2421875
2011-06-14 13:55:00,1.44376,1.44426,1.44376,1.44419,3607600097.65625
2011-06-14 13:56:00,1.44428,1.44468,1.44416,1.44445,3458099975.5859375
2011-06-14 13:57:00,1.44445,1.44451,1.44417,1.44427,2716799926.7578125
2011-06-14 13:58:00,1.4443,1.44447,1.4441,1.44437,1792100067.1386719
2011-06-14 13:59:00,1.44437,1.44437,1.4438,1.44388,2087599945.0683594
2011-06-14 14:00:00,1.44388,1.44419,1.44388,1.44394,2160200042.7246094
2011-06-14 14:01:00,1.44394,1.444,1.44365,1.44368,1667299957.2753906
2011-06-14 14:02:00,1.44366,1.44377,1.4434,1.44363,2831099853.515625
2011-06-14 14:03:00,1.44364,1.44397,1.44364,1.4439,2567399902.34375
2011-06-14 14:04:00,1.44392,1.44402,1.44382,1.44394,2016000061.0351562
2011-06-14 14:05:00,1.44394,1.44441,1.4439,1.4443,2443300018.310547
2011-06-14 14:06:00,1.44431,1.44526,1.44429,1.44526,2648900146.484375
2011-06-14 14:07:00,1.44523,1.44551,1.44506,1.44506,3061099853.515625
2011-06-14 14:08:00,1.44505,1.44514,1.44469,1.44501,2729500122.0703125
2011-06-14 14:09:00,1.445,1.44539,1.44486,1.44522,3493599853.515625
2011-06-14 14:10:00,1.44516,1.4455,1.44516,1.4454,2739100036.6210938
2011-06-14 14:11:00,1.44539,1.44612,1.44539,1.44596,3942699890.1367188
2011-06-14 14:12:00,1.44596,1.44596,1.44536,1.44537,2658599853.515625
2011-06-14 14:13:00,1.44539,1.44549,1.44517,1.44527,2136199951.171875
2011-06-14 14:14:00,1.44529,1.4459,1.44529,1.44555,2754200134.2773438
2011-06-14 14:15:00,1.44556,1.44634,1.44554,1.44634,2691600036.6210938
2011-06-14 14:16:00,1.44636,1.44645,1.44587,1.44609,2810599975.5859375
2011-06-14 14:17:00,1.44609,1.44611,1.44574,1.44577,2248000030.517578
2011-06-14 14:18:00,1.44579,1.44601,1.44574,1.44589,2304199981.689453
2011-06-14 14:19:00,1.4459,1.44603,1.44569,1.44571,2031000061.0351562
2011-06-14 14:20:00,1.44572,1.44588,1.44565,1.44587,2536100006.1035156
2011-06-14 14:21:00,1.44588,1.4464,1.44586,1.44625,2802999877.9296875
2011-06-14 14:22:00,1.44625,1.44628,1.44587,1.44595,2239199981.689453
2011-06-14 14:23:00,1.44596,1.44602,1.44565,1.44585,1983300018.3105469
2011-06-14 14:24:00,1.44584,1.44586,1.44565,1.44565,3204800109.8632812
2011-06-14 14:25:00,1.44562,1.44597,1.44559,1.44589,2569599914.5507812
2011-06-14 14:26:00,1.4459,1.44627,1.44575,1.44626,2971199951.171875
2011-06-14 14:27:00,1.44626,1.44739,1.44625,1.44719,4211400146.484375
2011-06-14 14:28:00,1.4472,1.44725,1.44682,1.44694,2952099914.5507812
2011-06-14 14:29:00,1.44693,1.44723,1.44687,1.44698,3689700012.2070312
2011-06-14 14:30:00,1.447,1.44759,1.44696,1.44743,2622999877.9296875
2011-06-14 14:31:00,1.44745,1.44812,1.44736,1.44811,4679800109.863281
2011-06-14 14:32:00,1.44812,1.44832,1.44782,1.44782,4207099914.5507812
2011-06-14 14:33:00,1.44783,1.44822,1.44783,1.44816,3172200012.2070312
2011-06-14 14:34:00,1.44814,1.44818,1.44788,1.44797,2462100067.138672
2011-06-14 14:35:00,1.44804,1.44811,1.44777,1.4478,2396600036.6210938
2011-06-14 14:36:00,1.4478,1.44795,1.44772,1.44773,2773200073.2421875
2011-06-14 14:37:00,1.44773,1.44797,1.44772,1.44773,2537299957.2753906
2011-06-14 14:38:00,1.44776,1.44832,1.44769,1.44831,2958999938.9648438
2011-06-14 14:39:00,1.44831,1.44833,1.44791,1.44825,2720100097.65625
2011-06-14 14:40:00,1.44827,1.44864,1.44805,1.44845,2968900146.484375
2011-06-14 14:41:00,1.44845,1.44845,1.44791,1.44799,2451999969.482422
2011-06-14 14:42:00,1.44799,1.44819,1.44786,1.44819,1865500030.5175781
2011-06-14 14:43:00,1.4482,1.44831,1.44794,1.44815,2781199951.171875
2011-06-14 14:44:00,1.44814,1.4485,1.44797,1.44848,3183099975.5859375
2011-06-14 14:45:00,1.44848,1.44853,1.44817,1.44841,3395299987.7929688
2011-06-14 14:46:00,1.4484,1.44852,1.44817,1.44818,3095899963.3789062
2011-06-14 14:47:00,1.44823,1.44851,1.44821,1.44831,3027000122.0703125
2011-06-14 14:48:00,1.44828,1.44856,1.44819,1.4485,2076300048.828125
2011-06-14 14:49:00,1.44849,1.44856,1.44836,1.44849,1829799957.2753906
2011-06-14 14:50:00,1.44849,1.44858,1.44835,1.44837,1793099975.5859375
2011-06-14 14:51:00,1.44838,1.44852,1.44825,1.44827,2636900024.4140625
2011-06-14 14:52:00,1.44826,1.4483,1.44769,1.4478,2551600036.6210938
2011-06-14 14:53:00,1.4478,1.44786,1.44769,1.44774,2258699951.171875
2011-06-14 14:54:00,1.44773,1.44797,1.44765,1.44797,1465399932.8613281
2011-06-14 14:55:00,1.44802,1.4481,1.44783,1.4479,2638399963.3789062
2011-06-14 14:56:00,1.44793,1.44825,1.44785,1.44793,2009900054.9316406
2011-06-14 14:57:00,1.4479,1.44816,1.44789,1.44794,1594700012.2070312
2011-06-14 14:58:00,1.44793,1.44793,1.44769,1.44786,2300700073.2421875
2011-06-14 14:59:00,1.44786,1.44792,1.44771,1.4479,3357200012.2070312
2011-06-14 15:00:00,1.4479,1.4479,1.4476,1.44762,2491900024.4140625
2011-06-14 15:01:00,1.44762,1.44771,1.44735,1.44745,2241499938.9648438
2011-06-14 15:02:00,1.44745,1.44747,1.44705,1.44706,2426000061.0351562
2011-06-14 15:03:00,1.44703,1.44703,1.44668,1.44668,2330399932.861328
2011-06-14 15:04:00,1.44668,1.44688,1.44668,1.44679,2306300048.828125
2011-06-14 15:05:00,1.4468,1.44701,1.4466,1.44667,2024299926.7578125
2011-06-14 15:06:00,1.44667,1.44689,1.44666,1.44685,1357899932.8613281
2011-06-14 15:07:00,1.44684,1.44708,1.44684,1.44702,1373099975.5859375
2011-06-14 15:08:00,1.44701,1.4473,1.447,1.44722,2188600006.1035156
2011-06-14 15:09:00,1.44722,1.44757,1.4472,1.44745,1973200073.2421875
2011-06-14 15:10:00,1.44749,1.44749,1.4473,1.44731,1333899993.8964844
2011-06-14 15:11:00,1.44732,1.44737,1.44712,1.44727,1348300018.3105469
2011-06-14 15:12:00,1.44728,1.44751,1.44728,1.44741,1930599975.5859375
2011-06-14 15:13:00,1.4474,1.44749,1.44735,1.44747,1888600006.1035156
2011-06-14 15:14:00,1.44747,1.44761,1.4473,1.4473,2058300018.3105469
2011-06-14 15:15:00,1.4473,1.4474,1.4472,1.44725,1273499984.741211
2011-06-14 15:16:00,1.44726,1.4479,1.44725,1.44785,1246299972.5341797
2011-06-14 15:17:00,1.4478,1.4483,1.44775,1.44818,3380000000.0
2011-06-14 15:18:00,1.44818,1.44818,1.44793,1.44806,2291300048.828125
2011-06-14 15:19:00,1.44806,1.44808,1.44755,1.44756,1560399932.8613281
2011-06-14 15:20:00,1.44755,1.4476,1.44745,1.44756,1191200027.4658203
2011-06-14 15:21:00,1.44758,1.44786,1.44757,1.44767,1638200073.2421875
2011-06-14 15:22:00,1.44768,1.44829,1.44768,1.44829,1939400024.4140625
2011-06-14 15:23:00,1.44829,1.44837,1.44787,1.44787,2594899902.34375
2011-06-14 15:24:00,1.44786,1.44786,1.44757,1.44776,2221300048.828125
2011-06-14 15:25:00,1.44777,1.44781,1.44763,1.44766,1224599990.8447266
2011-06-14 15:26:00,1.44765,1.44765,1.4472,1.44728,2458099975.5859375
2011-06-14 15:27:00,1.44729,1.44737,1.44701,1.44715,1956100006.1035156
2011-06-14 15:28:00,1.44715,1.44736,1.447,1.44708,1709600067.1386719
2011-06-14 15:29:00,1.44706,1.44708,1.44696,1.44704,1473099975.5859375
2011-06-14 15:30:00,1.44703,1.44765,1.447,1.44748,2310099945.0683594
2011-06-14 15:31:00,1.44748,1.44759,1.44741,1.44741,1807100067.1386719
2011-06-14 15:32:00,1.44741,1.44758,1.44704,1.44707,1584100036.6210938
2011-06-14 15:33:00,1.44707,1.44717,1.44699,1.44705,1638899993.8964844
2011-06-14 15:34:00,1.44704,1.44717,1.44696,1.44706,1663500061.0351562
2011-06-14 15:35:00,1.44704,1.44735,1.44695,1.44724,1906199951.171875
2011-06-14 15:36:00,1.44725,1.44726,1.44688,1.44701,1301600036.6210938
2011-06-14 15:37:00,1.44701,1.44703,1.44643,1.44648,1891000061.0351562
2011-06-14 15:38:00,1.44648,1.44679,1.44645,1.4465,2268200073.2421875
2011-06-14 15:39:00,1.4465,1.44671,1.44641,1.44658,1376100006.1035156
2011-06-14 15:40:00,1.44657,1.44666,1.44647,1.44659,2077200012.2070312
2011-06-14 15:41:00,1.44661,1.4468,1.44655,1.44657,1398600006.1035156
2011-06-14 15:42:00,1.44657,1.44704,1.44654,1.44685,2582500000.0
2011-06-14 15:43:00,1.44684,1.44695,1.44674,1.44691,2541999969.482422
2011-06-14 15:44:00,1.44691,1.44699,1.44678,1.44683,1548300018.3105469
2011-06-14 15:45:00,1.44683,1.44689,1.44669,1.44681,1565500030.5175781
2011-06-14 15:46:00,1.44681,1.44718,1.44676,1.44716,2657300109.8632812
2011-06-14 15:47:00,1.44714,1.44721,1.44687,1.44704,2600299987.7929688
2011-06-14 15:48:00,1.44704,1.4472,1.44703,1.4472,1803300018.3105469
2011-06-14 15:49:00,1.44722,1.44727,1.44689,1.44698,2318699951.171875
2011-06-14 15:50:00,1.44699,1.44699,1.4467,1.44685,1846600036.6210938
2011-06-14 15:51:00,1.44685,1.44685,1.44665,1.44674,1526699981.6894531
2011-06-14 15:52:00,1.44673,1.44687,1.44658,1.44658,1526399993.8964844
2011-06-14 15:53:00,1.44658,1.44678,1.44656,1.44673,2170200042.7246094
2011-06-14 15:54:00,1.44672,1.4472,1.44667,1.44667,2624700012.2070312
2011-06-14 15:55:00,1.44663,1.44726,1.44663,1.44721,2746199951.171875
2011-06-14 15:56:00,1.4472,1.44727,1.44704,1.44704,1680000000.0
2011-06-14 15:57:00,1.44703,1.44708,1.44679,1.44708,1378000030.5175781
2011-06-14 15:58:00,1.44708,1.4474,1.44708,1.44726,1770599975.5859375
2011-06-14 15:59:00,1.44726,1.44731,1.44719,1.44721,1983399963.3789062
2011-06-14 16:00:00,1.44721,1.44737,1.44712,1.44734,2144199981.6894531
2011-06-14 16:01:00,1.44735,1.44739,1.44715,1.44728,1711799926.7578125
2011-06-14 16:02:00,1.44728,1.4474,1.44717,1.44739,1469799957.2753906
2011-06-14 16:03:00,1.44739,1.44757,1.44723,1.44728,1975899963.3789062
2011-06-14 16:04:00,1.44727,1.4477,1.44722,1.4477,1833899993.8964844
2011-06-14 16:05:00,1.44772,1.44786,1.44767,1.44786,1631399993.8964844
2011-06-14 16:06:00,1.44785,1.4479,1.44769,1.4478,1715500030.5175781
2011-06-14 16:07:00,1.4478,1.448,1.44779,1.44797,1583099975.5859375
2011-06-14 16:08:00,1.44796,1.44803,1.44775,1.44797,1924400024.4140625
2011-06-14 16:09:00,1.44799,1.4481,1.44784,1.44784,1284799957.2753906
2011-06-14 16:10:00,1.44783,1.44808,1.44783,1.44807,771800003.0517578
2011-06-14 16:11:00,1.44808,1.44856,1.44808,1.4483,2420500030.517578
2011-06-14 16:12:00,1.4483,1.44857,1.44819,1.44835,2149100036.6210938
2011-06-14 16:13:00,1.4484,1.44849,1.44819,1.44829,1251200027.4658203
2011-06-14 16:14:00,1.44831,1.44846,1.4483,1.4484,1439700012.2070312
2011-06-14 16:15:00,1.4484,1.44855,1.44837,1.4485,1898399963.3789062
2011-06-14 16:16:00,1.44851,1.44859,1.44818,1.44819,1833099975.5859375
2011-06-14 16:17:00,1.44819,1.44819,1.44794,1.44805,1623399963.3789062
2011-06-14 16:18:00,1.44805,1.44809,1.44796,1.44808,1379299926.7578125
2011-06-14 16:19:00,1.44809,1.44817,1.44791,1.4481,2047100067.1386719
2011-06-14 16:20:00,1.44808,1.4483,1.448,1.44817,1491600036.6210938
2011-06-14 16:21:00,1.44817,1.44835,1.44808,1.44817,1139800033.569336
2011-06-14 16:22:00,1.44816,1.44816,1.44776,1.44777,2213000030.517578
2011-06-14 16:23:00,1.44777,1.4478,1.44758,1.44763,1770000000.0
2011-06-14 16:24:00,1.44763,1.44775,1.44758,1.4477,1206600036.6210938
2011-06-14 16:25:00,1.44771,1.44777,1.4476,1.4476,1530099945.0683594
2011-06-14 16:26:00,1.4476,1.44779,1.44749,1.44776,1277399978.6376953
2011-06-14 16:27:00,1.44775,1.4479,1.44753,1.44787,1386300048.828125
2011-06-14 16:28:00,1.44787,1.44794,1.44781,1.44782,1768500061.0351562
2011-06-14 16:29:00,1.44784,1.44789,1.44769,1.44779,2349199981.689453
2011-06-14 16:30:00,1.44778,1.44797,1.44769,1.44797,1942500000.0
2011-06-14 16:31:00,1.44796,1.448,1.44775,1.44776,1888500061.0351562
2011-06-14 16:32:00,1.44776,1.44786,1.44767,1.44776,1219599990.8447266
2011-06-14 16:33:00,1.44776,1.44789,1.44771,1.44775,1531999969.4824219
2011-06-14 16:34:00,1.44775,1.44779,1.4476,1.44775,1989700012.2070312
2011-06-14 16:35:00,1.44777,1.44791,1.44776,1.44776,1059899978.6376953
2011-06-14 16:36:00,1.44774,1.44774,1.44744,1.44757,1384900054.9316406
2011-06-14 16:37:00,1.44758,1.44766,1.44747,1.44752,1765099945.0683594
2011-06-14 16:38:00,1.44753,1.44762,1.44744,1.44745,2212899932.861328
2011-06-14 16:39:00,1.44746,1.44788,1.44745,1.44765,2264100036.6210938
2011-06-14 16:40:00,1.44766,1.44791,1.44763,1.44788,1665899963.3789062
2011-06-14 16:41:00,1.44786,1.44807,1.44781,1.44805,1169400024.4140625
2011-06-14 16:42:00,1.44805,1.44808,1.44789,1.44792,1086299972.5341797
2011-06-14 16:43:00,1.44793,1.44808,1.44788,1.44804,1923800048.828125
2011-06-14 16:44:00,1.44803,1.44815,1.4479,1.44796,1555800018.3105469
2011-06-14 16:45:00,1.44796,1.44827,1.44792,1.44818,1898000030.5175781
2011-06-14 16:46:00,1.44819,1.44828,1.44815,1.4482,1298399963.3789062
2011-06-14 16:47:00,1.44822,1.44826,1.44817,1.44821,769599990.8447266
2011-06-14 16:48:00,1.44821,1.44821,1.44785,1.44798,1157099990.8447266
2011-06-14 16:49:00,1.44798,1.44817,1.44794,1.44815,787500000.0
2011-06-14 16:50:00,1.44815,1.44824,1.44811,1.44813,761600036.6210938
2011-06-14 16:51:00,1.44812,1.44818,1.44795,1.44798,1035100021.3623047
2011-06-14 16:52:00,1.44798,1.44799,1.44779,1.44786,1224599990.8447266
2011-06-14 16:53:00,1.44784,1.44786,1.44755,1.44764,1370800018.3105469
2011-06-14 16:54:00,1.44766,1.44774,1.44754,1.44754,1185400009.1552734
2011-06-14 16:55:00,1.44755,1.44762,1.44745,1.44751,1504700012.2070312
2011-06-14 16:56:00,1.44751,1.44752,1.44736,1.44736,994800033.5693359
2011-06-14 16:57:00,1.44735,1.44736,1.44719,1.44727,1338000030.5175781
2011-06-14 16:58:00,1.44727,1.44738,1.44711,1.44732,2091799926.7578125
2011-06-14 16:59:00,1.44732,1.44743,1.44711,1.44721,1838500061.0351562
2011-06-14 17:00:00,1.44721,1.44739,1.44718,1.44734,1770099945.0683594
2011-06-14 17:01:00,1.44734,1.44761,1.44733,1.44754,875800018.3105469
2011-06-14 17:02:00,1.44756,1.44758,1.44733,1.44738,1665500030.5175781
2011-06-14 17:03:00,1.44739,1.44758,1.44735,1.44747,1477899932.8613281
2011-06-14 17:04:00,1.44747,1.44747,1.44719,1.44719,1575000000.0
2011-06-14 17:05:00,1.4472,1.44736,1.44709,1.44717,1790700073.2421875
2011-06-14 17:06:00,1.4472,1.4472,1.44709,1.44719,835999984.7412109
2011-06-14 17:07:00,1.4472,1.44728,1.44718,1.44724,896999969.4824219
2011-06-14 17:08:00,1.44723,1.44727,1.44718,1.44722,1040999984.7412109
2011-06-14 17:09:00,1.44722,1.44739,1.44722,1.44737,1237500000.0
2011-06-14 17:10:00,1.44735,1.44742,1.4473,1.44731,819499969.4824219
2011-06-14 17:11:00,1.44731,1.44739,1.44731,1.44738,641999969.4824219
2011-06-14 17:12:00,1.44738,1.44745,1.44735,1.44745,502500000.0
2011-06-14 17:13:00,1.44749,1.44753,1.44742,1.44746,816600036.6210938
2011-06-14 17:14:00,1.44746,1.44776,1.44746,1.44766,1341499938.9648438
2011-06-14 17:15:00,1.44766,1.4477,1.44741,1.44746,1776900024.4140625
2011-06-14 17:16:00,1.44746,1.44769,1.44741,1.44767,1014000015.2587891
2011-06-14 17:17:00,1.44767,1.44774,1.44755,1.44759,706999969.4824219
2011-06-14 17:18:00,1.44757,1.44771,1.44757,1.44769,604000015.2587891
2011-06-14 17:19:00,1.4477,1.44796,1.4477,1.44785,2023399963.3789062
2011-06-14 17:20:00,1.44786,1.44788,1.44765,1.44787,1630800018.3105469
2011-06-14 17:21:00,1.44787,1.44787,1.44777,1.44779,422999992.37060547
2011-06-14 17:22:00,1.44779,1.44781,1.44767,1.44772,1044000015.2587891
2011-06-14 17:23:00,1.44772,1.44797,1.44772,1.4479,1233000030.5175781
2011-06-14 17:24:00,1.4479,1.44819,1.4479,1.44816,1193000030.5175781
2011-06-14 17:25:00,1.44816,1.44816,1.44798,1.44807,1286499938.9648438
2011-06-14 17:26:00,1.44807,1.44822,1.44801,1.44813,1279000015.258789
2011-06-14 17:27:00,1.44814,1.4482,1.44807,1.44807,1685000000.0
2011-06-14 17:28:00,1.44807,1.44808,1.44791,1.44796,1138499984.741211
2011-06-14 17:29:00,1.44796,1.44812,1.44793,1.44806,1468500061.0351562
2011-06-14 17:30:00,1.44806,1.44825,1.44806,1.44818,1183000030.5175781
2011-06-14 17:31:00,1.44818,1.44823,1.44812,1.44817,1112300033.569336
2011-06-14 17:32:00,1.44824,1.44934,1.44824,1.44918,3376300048.828125
2011-06-14 17:33:00,1.44918,1.44935,1.4491,1.44926,3339100036.6210938
2011-06-14 17:34:00,1.4493,1.44946,1.44921,1.44945,2446900024.4140625
2011-06-14 17:35:00,1.44944,1.44971,1.44944,1.4496,2376199951.171875
2011-06-14 17:36:00,1.4496,1.44964,1.44937,1.44937,1750899963.3789062
2011-06-14 17:37:00,1.44939,1.44969,1.44939,1.44961,1676699981.6894531
2011-06-14 17:38:00,1.44961,1.44969,1.44942,1.4496,1161800003.0517578
2011-06-14 17:39:00,1.4496,1.44961,1.44938,1.44943,2085000000.0
2011-06-14 17:40:00,1.44942,1.44942,1.44891,1.44916,2687099914.5507812
2011-06-14 17:41:00,1.44917,1.44921,1.44908,1.44919,1103700027.4658203
2011-06-14 17:42:00,1.44919,1.44919,1.44897,1.44897,1018499984.7412109
2011-06-14 17:43:00,1.44895,1.449,1.44889,1.44894,1219300003.0517578
2011-06-14 17:44:00,1.44896,1.44917,1.44888,1.44906,1440200042.7246094
2011-06-14 17:45:00,1.44907,1.44921,1.44899,1.44909,1673000030.5175781
2011-06-14 17:46:00,1.44909,1.44909,1.44863,1.44868,1709299926.7578125
2011-06-14 17:47:00,1.44869,1.44881,1.44866,1.44867,1425500030.5175781
2011-06-14 17:48:00,1.44868,1.44869,1.44852,1.44852,1156999969.4824219
2011-06-14 17:49:00,1.44848,1.44861,1.44835,1.44861,1494100036.6210938
2011-06-14 17:50:00,1.44863,1.44878,1.4486,1.44873,1181800003.0517578
2011-06-14 17:51:00,1.44873,1.44873,1.4484,1.44848,1076999969.4824219
2011-06-14 17:52:00,1.44848,1.4485,1.4484,1.44845,530999984.74121094
2011-06-14 17:53:00,1.44845,1.44853,1.44835,1.44836,1310500030.5175781
2011-06-14 17:54:00,1.44836,1.44842,1.44818,1.44818,2760000000.0
2011-06-14 17:55:00,1.4481,1.44827,1.44786,1.44802,2283500061.0351562
2011-06-14 17:56:00,1.44802,1.44812,1.44794,1.44799,1439299926.7578125
2011-06-14 17:57:00,1.44799,1.44803,1.44795,1.44801,948499984.7412109
2011-06-14 17:58:00,1.44801,1.44809,1.44801,1.44801,834100036.6210938
2011-06-14 17:59:00,1.44801,1.44806,1.448,1.44803,417000007.62939453
2011-06-14 18:00:00,1.44804,1.44817,1.44804,1.44809,1322599945.0683594
2011-06-14 18:01:00,1.44809,1.44809,1.44788,1.44789,1005500030.5175781
2011-06-14 18:02:00,1.44788,1.44795,1.44762,1.4477,1149800033.569336
2011-06-14 18:03:00,1.4477,1.4478,1.4476,1.44769,1555299987.7929688
2011-06-14 18:04:00,1.44769,1.44794,1.44769,1.44794,832500000.0
2011-06-14 18:05:00,1.44793,1.44793,1.44777,1.44778,838499984.7412109
2011-06-14 18:06:00,1.44778,1.44786,1.44777,1.4478,1605500030.5175781
2011-06-14 18:07:00,1.44781,1.44799,1.44779,1.44799,1229000015.258789
2011-06-14 18:08:00,1.44798,1.448,1.44779,1.44779,1413999938.9648438
2011-06-14 18:09:00,1.44779,1.44789,1.44774,1.44789,1315299987.7929688
2011-06-14 18:10:00,1.4479,1.44829,1.4479,1.44828,977699966.4306641
2011-06-14 18:11:00,1.44825,1.44826,1.44814,1.44818,622500000.0
2011-06-14 18:12:00,1.44818,1.44818,1.44808,1.44813,622500000.0
2011-06-14 18:13:00,1.4481,1.4481,1.44785,1.44799,1615299987.7929688
2011-06-14 18:14:00,1.448,1.448,1.44764,1.44764,1618000030.5175781
2011-06-14 18:15:00,1.44765,1.44782,1.44763,1.44773,1205999984.741211
2011-06-14 18:16:00,1.44773,1.44781,1.44769,1.44769,922500000.0
2011-06-14 18:17:00,1.44769,1.4477,1.44752,1.44758,1350500030.5175781
2011-06-14 18:18:00,1.44759,1.44766,1.44757,1.44759,735500030.5175781
2011-06-14 18:19:00,1.44755,1.44799,1.44755,1.4479,1566499938.9648438
2011-06-14 18:20:00,1.44791,1.448,1.44785,1.44798,1538500061.0351562
2011-06-14 18:21:00,1.44796,1.44803,1.44788,1.44788,570000000.0
2011-06-14 18:22:00,1.44786,1.44811,1.44786,1.44811,723300018.3105469
2011-06-14 18:23:00,1.44812,1.44827,1.44787,1.44799,1491900024.4140625
2011-06-14 18:24:00,1.44801,1.44807,1.4478,1.44804,1593500061.0351562
2011-06-14 18:25:00,1.44804,1.44811,1.44788,1.4479,1012500000.0
2011-06-14 18:26:00,1.44791,1.44797,1.4478,1.44781,1045000000.0
2011-06-14 18:27:00,1.44782,1.44798,1.44781,1.44791,1521799926.7578125
2011-06-14 18:28:00,1.44791,1.44805,1.44784,1.44802,1379799957.2753906
2011-06-14 18:29:00,1.44801,1.44801,1.44787,1.44792,646999969.4824219
2011-06-14 18:30:00,1.44791,1.44791,1.44765,1.44769,1272600021.3623047
2011-06-14 18:31:00,1.44765,1.4478,1.44752,1.44771,1075299987.7929688
2011-06-14 18:32:00,1.44773,1.4479,1.44773,1.44781,1327400054.9316406
2011-06-14 18:33:00,1.44781,1.4479,1.44781,1.44786,1140199966.430664
2011-06-14 18:34:00,1.44787,1.44804,1.44787,1.44802,667500000.0
2011-06-14 18:35:00,1.44804,1.44837,1.44801,1.44833,995000000.0
2011-06-14 18:36:00,1.44834,1.44835,1.4482,1.44821,1315800018.3105469
2011-06-14 18:37:00,1.44821,1.44829,1.44819,1.44822,616300010.6811523
2011-06-14 18:38:00,1.44823,1.4483,1.44809,1.44817,1964499969.4824219
2011-06-14 18:39:00,1.44818,1.44823,1.44805,1.44807,1137500000.0
2011-06-14 18:40:00,1.44804,1.44809,1.44804,1.44805,632999992.3706055
2011-06-14 18:41:00,1.44807,1.44821,1.44807,1.4482,1036999969.4824219
2011-06-14 18:42:00,1.44819,1.44826,1.44805,1.44805,1166299972.5341797
2011-06-14 18:43:00,1.44803,1.44803,1.44777,1.44779,853799972.5341797
2011-06-14 18:44:00,1.44777,1.44781,1.44776,1.44778,465400009.15527344
2011-06-14 18:45:00,1.44782,1.448,1.44782,1.44784,1096500015.258789
2011-06-14 18:46:00,1.44785,1.44789,1.44753,1.44753,1292400054.9316406
2011-06-14 18:47:00,1.44748,1.44755,1.44738,1.44739,1310299987.7929688
2011-06-14 18:48:00,1.44741,1.44752,1.44741,1.44749,890999984.7412109
2011-06-14 18:49:00,1.4475,1.44762,1.44748,1.44762,1236900024.4140625
2011-06-14 18:50:00,1.44759,1.44761,1.4475,1.44761,875299987.7929688
2011-06-14 18:51:00,1.44761,1.4477,1.44753,1.44753,1213499984.741211
2011-06-14 18:52:00,1.44753,1.44762,1.44751,1.44756,795000000.0
2011-06-14 18:53:00,1.44754,1.44754,1.44729,1.44732,1090000000.0
2011-06-14 18:54:00,1.44729,1.44731,1.44677,1.44684,1875099945.0683594
2011-06-14 18:55:00,1.44684,1.44691,1.44671,1.44679,1850299987.7929688
2011-06-14 18:56:00,1.4468,1.4469,1.44671,1.44674,1362500000.0
2011-06-14 18:57:00,1.44675,1.44681,1.44665,1.4468,1536000061.0351562
2011-06-14 18:58:00,1.44679,1.44683,1.44671,1.44671,871999969.4824219
2011-06-14 18:59:00,1.44671,1.4468,1.44657,1.44671,1517299957.2753906
2011-06-14 19:00:00,1.44672,1.44688,1.44664,1.4468,1512400054.9316406
2011-06-14 19:01:00,1.4468,1.44681,1.44637,1.44681,2011999969.4824219
2011-06-14 19:02:00,1.44681,1.44684,1.44673,1.44675,1094499969.4824219
2011-06-14 19:03:00,1.44677,1.44686,1.4466,1.4466,1864799957.2753906
2011-06-14 19:04:00,1.4466,1.44666,1.44649,1.44663,1214300003.0517578
2011-06-14 19:05:00,1.44662,1.4467,1.4465,1.44651,872500000.0
2011-06-14 19:06:00,1.4465,1.44651,1.44623,1.44631,1225400009.1552734
2011-06-14 19:07:00,1.4463,1.44638,1.4463,1.44631,730000000.0
2011-06-14 19:08:00,1.44632,1.44643,1.44614,1.44631,1670299987.7929688
2011-06-14 19:09:00,1.44631,1.44631,1.44586,1.44612,2111600036.6210938
2011-06-14 19:10:00,1.44613,1.44613,1.4459,1.44611,1378000030.5175781
2011-06-14 19:11:00,1.44612,1.44623,1.44601,1.44622,714800033.5693359
2011-06-14 19:12:00,1.44627,1.44642,1.44627,1.44629,1280399932.8613281
2011-06-14 19:13:00,1.44627,1.44637,1.44624,1.44628,878000030.5175781
2011-06-14 19:14:00,1.44629,1.44633,1.44627,1.44632,770999984.7412109
2011-06-14 19:15:00,1.44634,1.4464,1.44627,1.44627,2233500061.0351562
2011-06-14 19:16:00,1.44628,1.44642,1.44628,1.44632,1311000061.0351562
2011-06-14 19:17:00,1.44631,1.44637,1.44631,1.44631,607500000.0
2011-06-14 19:18:00,1.44629,1.44633,1.44608,1.44608,2679500122.0703125
2011-06-14 19:19:00,1.44609,1.44632,1.44602,1.44632,2589100036.6210938
2011-06-14 19:20:00,1.44632,1.4465,1.4462,1.4465,2074499969.4824219
2011-06-14 19:21:00,1.44651,1.44662,1.44648,1.44661,1756999969.4824219
2011-06-14 19:22:00,1.44663,1.4467,1.4465,1.44654,3012000122.0703125
2011-06-14 19:23:00,1.44654,1.44654,1.44629,1.44633,1884499969.4824219
2011-06-14 19:24:00,1.44632,1.44632,1.44603,1.44606,1704499969.4824219
2011-06-14 19:25:00,1.44606,1.44621,1.44541,1.44559,2488999938.9648438
2011-06-14 19:26:00,1.44558,1.44561,1.44514,1.44514,1522700042.7246094
2011-06-14 19:27:00,1.44514,1.44527,1.445,1.44527,1924799957.2753906
2011-06-14 19:28:00,1.44523,1.44523,1.44511,1.44517,494500007.62939453
2011-06-14 19:29:00,1.4452,1.44535,1.4452,1.44535,991600036.6210938
2011-06-14 19:30:00,1.4454,1.44582,1.44532,1.44582,1773200073.2421875
2011-06-14 19:31:00,1.44582,1.44582,1.44561,1.44566,2238000030.517578
2011-06-14 19:32:00,1.44565,1.44565,1.44542,1.44565,1785099945.0683594
2011-06-14 19:33:00,1.44562,1.44562,1.44505,1.44505,1930800018.3105469
2011-06-14 19:34:00,1.44504,1.44524,1.4449,1.44498,1549100036.6210938
2011-06-14 19:35:00,1.445,1.445,1.44459,1.44469,1512200012.2070312
2011-06-14 19:36:00,1.44469,1.44478,1.44466,1.44469,921800003.0517578
2011-06-14 19:37:00,1.44469,1.4449,1.44467,1.4449,1613000030.5175781
2011-06-14 19:38:00,1.4449,1.44494,1.4448,1.44488,1069499969.4824219
2011-06-14 19:39:00,1.44489,1.44489,1.44477,1.44487,695999984.7412109
2011-06-14 19:40:00,1.44486,1.44506,1.4448,1.44505,1215999984.741211
2011-06-14 19:41:00,1.44505,1.44531,1.445,1.44522,1668999938.9648438
2011-06-14 19:42:00,1.44521,1.44533,1.44511,1.44531,1354499969.4824219
2011-06-14 19:43:00,1.44531,1.44533,1.4451,1.4451,1352299957.2753906
2011-06-14 19:44:00,1.44509,1.44511,1.44499,1.44502,1926499938.9648438
2011-06-14 19:45:00,1.44498,1.44502,1.44476,1.44483,1814499969.4824219
2011-06-14 19:46:00,1.44483,1.4451,1.44481,1.4451,1664499969.4824219
2011-06-14 19:47:00,1.44511,1.44521,1.44511,1.44519,1608500061.0351562
2011-06-14 19:48:00,1.44519,1.44529,1.44515,1.44521,1442799987.7929688
2011-06-14 19:49:00,1.44521,1.44533,1.44521,1.44523,948000030.5175781
2011-06-14 19:50:00,1.44523,1.44524,1.4451,1.44513,1422500000.0
2011-06-14 19:51:00,1.44513,1.4452,1.445,1.44504,1966499938.9648438
2011-06-14 19:52:00,1.445,1.44504,1.44483,1.44489,1010699996.9482422
2011-06-14 19:53:00,1.44491,1.44497,1.44484,1.44492,635000000.0
2011-06-14 19:54:00,1.44491,1.44493,1.44471,1.44471,2031499938.9648438
2011-06-14 19:55:00,1.44472,1.44473,1.44462,1.44473,1054499969.4824219
2011-06-14 19:56:00,1.44471,1.44483,1.44459,1.44461,2395500030.517578
2011-06-14 19:57:00,1.44461,1.44474,1.44453,1.44473,852600021.3623047
2011-06-14 19:58:00,1.44472,1.44492,1.44472,1.44492,1071999969.4824219
2011-06-14 19:59:00,1.44492,1.44511,1.44485,1.44497,2596300048.828125
2011-06-14 20:00:00,1.44497,1.44511,1.44494,1.44511,1072799987.7929688
2011-06-14 20:01:00,1.4451,1.44537,1.44509,1.44532,756500015.2587891
2011-06-14 20:02:00,1.4453,1.44538,1.4453,1.44534,382500000.0
2011-06-14 20:03:00,1.44534,1.44551,1.4452,1.44534,1550899963.3789062
2011-06-14 20:04:00,1.44533,1.44553,1.4453,1.44546,1390399932.8613281
2011-06-14 20:05:00,1.44545,1.44551,1.4454,1.44541,703300018.3105469
2011-06-14 20:06:00,1.44541,1.44551,1.44533,1.44538,998099975.5859375
2011-06-14 20:07:00,1.44539,1.44548,1.44537,1.44537,863199996.9482422
2011-06-14 20:08:00,1.44537,1.44553,1.44531,1.44553,1262300033.569336
2011-06-14 20:09:00,1.44553,1.44559,1.44552,1.44553,669499969.4824219
2011-06-14 20:10:00,1.44553,1.44554,1.44535,1.44535,1365000000.0
2011-06-14 20:11:00,1.44535,1.44535,1.44521,1.44522,1470000000.0
2011-06-14 20:12:00,1.44524,1.44532,1.44519,1.4452,1277300033.569336
2011-06-14 20:13:00,1.44522,1.4453,1.44519,1.44521,806299972.5341797
2011-06-14 20:14:00,1.4452,1.44521,1.44501,1.44511,1822500000.0
2011-06-14 20:15:00,1.44511,1.44529,1.44511,1.44512,522000007.62939453
2011-06-14 20:16:00,1.4451,1.4451,1.44493,1.44508,918199996.9482422
2011-06-14 20:17:00,1.44507,1.44512,1.44507,1.44512,172500000.0
2011-06-14 20:18:00,1.44512,1.44512,1.44485,1.44488,1176999969.4824219
2011-06-14 20:19:00,1.44487,1.44487,1.44456,1.44457,1147399978.6376953
2011-06-14 20:20:00,1.4446,1.44467,1.44448,1.44464,843899993.8964844
2011-06-14 20:21:00,1.44465,1.44475,1.44455,1.44455,984599990.8447266
2011-06-14 20:22:00,1.44456,1.44492,1.44456,1.44492,674300003.0517578
2011-06-14 20:23:00,1.44493,1.44493,1.44477,1.44478,720999984.7412109
2011-06-14 20:24:00,1.44479,1.44479,1.44451,1.44453,791800003.0517578
2011-06-14 20:25:00,1.44453,1.44453,1.44386,1.44398,1941100006.1035156
2011-06-14 20:26:00,1.44394,1.44399,1.4436,1.44392,2484900054.9316406
2011-06-14 20:27:00,1.44391,1.44394,1.44375,1.44382,1146399993.8964844
2011-06-14 20:28:00,1.44382,1.44389,1.44358,1.44372,1645500030.5175781
2011-06-14 20:29:00,1.44368,1.44401,1.44364,1.44375,2049100036.6210938
2011-06-14 20:30:00,1.44381,1.444,1.44375,1.44393,2326499938.9648438
2011-06-14 20:31:00,1.44396,1.44409,1.44384,1.44409,1059499969.4824219
2011-06-14 20:32:00,1.4441,1.44413,1.44392,1.44393,1595599975.5859375
2011-06-14 20:33:00,1.44392,1.44402,1.44381,1.44394,965199966.4306641
2011-06-14 20:34:00,1.44393,1.44405,1.44392,1.44395,1534600067.1386719
2011-06-14 20:35:00,1.44395,1.44429,1.44389,1.44429,1399600067.1386719
2011-06-14 20:36:00,1.44428,1.44436,1.44419,1.44434,928499984.7412109
2011-06-14 20:37:00,1.44436,1.44441,1.44421,1.44436,933499984.7412109
2011-06-14 20:38:00,1.44438,1.44454,1.44432,1.44451,728499984.7412109
2011-06-14 20:39:00,1.44452,1.44452,1.44441,1.44441,659300003.0517578
2011-06-14 20:40:00,1.44443,1.44445,1.44421,1.44425,712099990.8447266
2011-06-14 20:41:00,1.44425,1.44429,1.44406,1.44421,889899978.6376953
2011-06-14 20:42:00,1.4442,1.4442,1.44391,1.44397,676699981.6894531
2011-06-14 20:43:00,1.44397,1.44406,1.44397,1.44397,420099983.21533203
2011-06-14 20:44:00,1.44397,1.44401,1.44386,1.44391,560800018.3105469
2011-06-14 20:45:00,1.4439,1.44407,1.44385,1.44405,946100006.1035156
2011-06-14 20:46:00,1.44405,1.44412,1.44402,1.44407,435000000.0
2011-06-14 20:47:00,1.44403,1.44412,1.44403,1.44408,407000007.62939453
2011-06-14 20:48:00,1.44409,1.44411,1.44395,1.44397,281299991.607666
2011-06-14 20:49:00,1.44397,1.44405,1.44394,1.44399,471100006.1035156
2011-06-14 20:50:00,1.444,1.44422,1.44393,1.44417,1073399963.3789062
2011-06-14 20:51:00,1.44416,1.44422,1.44413,1.44421,487999992.37060547
2011-06-14 20:52:00,1.44421,1.44421,1.44412,1.44414,337500000.0
2011-06-14 20:53:00,1.44414,1.44421,1.44414,1.44417,225000000.0
2011-06-14 20:54:00,1.44417,1.4442,1.44416,1.4442,127500000.0
2011-06-14 20:55:00,1.44418,1.44418,1.44404,1.44409,407299995.4223633
2011-06-14 20:56:00,1.44411,1.44412,1.44403,1.44408,535299987.79296875
2011-06-14 20:57:00,1.44406,1.44408,1.44403,1.44405,300000000.0
2011-06-14 20:58:00,1.44404,1.44404,1.444,1.44404,291900005.3405762
2011-06-14 20:59:00,1.44401,1.44411,1.44392,1.44397,627000007.6293945
2011-06-14 21:00:00,1.44395,1.44395,1.44375,1.44375,693099975.5859375
2011-06-14 21:01:00,1.44377,1.44384,1.44377,1.44384,495000000.0
2011-06-14 21:02:00,1.44386,1.44406,1.44386,1.44406,262500000.0
2011-06-14 21:03:00,1.44408,1.4441,1.44395,1.44395,362500000.0
2011-06-14 21:04:00,1.44395,1.44401,1.44382,1.44394,740199966.4306641
2011-06-14 21:05:00,1.44395,1.44399,1.44385,1.44395,305499992.37060547
2011-06-14 21:06:00,1.44395,1.44395,1.44388,1.44394,258999996.18530273
2011-06-14 21:07:00,1.44396,1.44407,1.44396,1.44407,375800018.3105469
2011-06-14 21:08:00,1.44401,1.4441,1.44374,1.44385,1742899932.8613281
2011-06-14 21:09:00,1.4439,1.44393,1.44348,1.44373,5004200134.277344
2011-06-14 21:10:00,1.44361,1.4441,1.44361,1.44409,1180199966.430664
2011-06-14 21:11:00,1.44415,1.44419,1.44389,1.44401,619199981.6894531
2011-06-14 21:12:00,1.44405,1.44419,1.44399,1.44413,695000000.0
2011-06-14 21:13:00,1.44412,1.44433,1.44406,1.44433,397500000.0
2011-06-14 21:14:00,1.44441,1.44441,1.44392,1.44397,716999969.4824219
2011-06-14 21:15:00,1.44397,1.44407,1.44382,1.44386,597999992.3706055
2011-06-14 21:16:00,1.44386,1.444,1.44386,1.444,292500000.0
2011-06-14 21:17:00,1.444,1.44415,1.44399,1.444,759000015.2587891
2011-06-14 21:18:00,1.44397,1.44402,1.44392,1.44397,343499984.74121094
2011-06-14 21:19:00,1.44397,1.44399,1.44396,1.44396,105000000.0
2011-06-14 21:20:00,1.44396,1.44397,1.44391,1.44392,182399997.71118164
2011-06-14 21:21:00,1.44391,1.44397,1.4439,1.44393,197000007.62939453
2011-06-14 21:22:00,1.44392,1.44395,1.44391,1.44395,142500000.0
2011-06-14 21:23:00,1.44394,1.44399,1.44394,1.44398,157500000.0
2011-06-14 21:24:00,1.44398,1.44398,1.44398,1.44398,15000000.0
2011-06-14 21:25:00,1.44398,1.44402,1.44397,1.44399,247500000.0
2011-06-14 21:26:00,1.444,1.44405,1.44398,1.44399,300000000.0
2011-06-14 21:27:00,1.44399,1.44403,1.44399,1.44401,337599983.21533203
2011-06-14 21:28:00,1.44402,1.44416,1.444,1.4441,384000015.25878906
2011-06-14 21:29:00,1.44412,1.44415,1.44403,1.44407,522599983.21533203
2011-06-14 21:30:00,1.44404,1.44406,1.44396,1.44396,574500007.6293945
2011-06-14 21:31:00,1.44397,1.44416,1.44397,1.44416,255100002.28881836
2011-06-14 21:32:00,1.44417,1.44417,1.44402,1.44411,281200008.392334
2011-06-14 21:33:00,1.44411,1.44417,1.444,1.44411,646500015.2587891
2011-06-14 21:34:00,1.44411,1.44411,1.44388,1.44404,572999992.3706055
2011-06-14 21:35:00,1.44402,1.44406,1.44402,1.44404,195000000.0
2011-06-14 21:36:00,1.44404,1.44404,1.44392,1.44397,285000000.0
2011-06-14 21:37:00,1.44398,1.44398,1.44393,1.44397,352599983.21533203
2011-06-14 21:38:00,1.44398,1.44398,1.44389,1.44389,285000000.0
2011-06-14 21:39:00,1.44391,1.44395,1.44391,1.44395,247500000.0
2011-06-14 21:40:00,1.44396,1.44412,1.44396,1.44412,217500000.0
2011-06-14 21:41:00,1.44412,1.44419,1.44408,1.44417,195000000.0
2011-06-14 21:42:00,1.44421,1.44421,1.44412,1.44418,378800010.68115234
2011-06-14 21:43:00,1.44418,1.44449,1.44418,1.44447,834100036.6210938
2011-06-14 21:44:00,1.44445,1.44448,1.44433,1.44445,285100002.28881836
2011-06-14 21:45:00,1.44445,1.44445,1.44401,1.44406,603800010.6811523
2011-06-14 21:46:00,1.44413,1.44413,1.44405,1.44408,270000000.0
2011-06-14 21:47:00,1.44408,1.44427,1.44408,1.44426,217600002.28881836
2011-06-14 21:48:00,1.44425,1.44425,1.4442,1.4442,90000000.0
2011-06-14 21:49:00,1.44422,1.44431,1.44422,1.44422,187500000.0
2011-06-14 21:50:00,1.44418,1.44423,1.44414,1.44414,90000000.0
2011-06-14 21:51:00,1.44414,1.44414,1.44414,1.44414,150000000.0
2011-06-14 21:52:00,1.44414,1.4443,1.44414,1.44419,561599998.4741211
2011-06-14 21:53:00,1.44418,1.44427,1.44413,1.44427,510099983.21533203
2011-06-14 21:54:00,1.44426,1.44429,1.44418,1.44423,517500000.0
2011-06-14 21:55:00,1.44423,1.44435,1.44407,1.44423,701100006.1035156
2011-06-14 21:56:00,1.44424,1.44432,1.44419,1.44421,332000007.62939453
2011-06-14 21:57:00,1.44421,1.44421,1.44421,1.44421,15000000.0
2011-06-14 21:58:00,1.44421,1.44427,1.44421,1.44422,90000000.0
2011-06-14 21:59:00,1.44419,1.44427,1.44419,1.44427,103500003.81469727
2011-06-14 22:00:00,1.44428,1.44428,1.4442,1.44426,318799991.607666
2011-06-14 22:01:00,1.44426,1.44426,1.44385,1.44385,701999969.4824219
2011-06-14 22:02:00,1.44383,1.44402,1.44383,1.44394,511599998.4741211
2011-06-14 22:03:00,1.44396,1.44413,1.44391,1.44413,821999969.4824219
2011-06-14 22:04:00,1.44415,1.44415,1.44403,1.44403,300000000.0
2011-06-14 22:05:00,1.44403,1.44427,1.44384,1.44411,873000030.5175781
2011-06-14 22:06:00,1.44411,1.44415,1.44401,1.44407,637500000.0
2011-06-14 22:07:00,1.44412,1.44417,1.44412,1.44417,90000000.0
2011-06-14 22:08:00,1.4442,1.44421,1.44417,1.44421,105000000.0
2011-06-14 22:09:00,1.44427,1.44442,1.44422,1.4443,1020500030.5175781
2011-06-14 22:10:00,1.4443,1.44448,1.44428,1.44428,695800018.3105469
2011-06-14 22:11:00,1.44428,1.4443,1.44426,1.44429,510000000.0
2011-06-14 22:12:00,1.44428,1.44438,1.44426,1.44438,225000000.0
2011-06-14 22:13:00,1.44438,1.44438,1.44438,1.44438,165000000.0
2011-06-14 22:14:00,1.44442,1.44461,1.44442,1.44449,567799987.7929688
2011-06-14 22:15:00,1.4445,1.44465,1.4445,1.4446,930000000.0
2011-06-14 22:16:00,1.44465,1.44467,1.44462,1.44462,300000000.0
2011-06-14 22:17:00,1.44461,1.44461,1.4446,1.4446,180000000.0
2011-06-14 22:18:00,1.44466,1.44469,1.44465,1.44465,217500000.0
2011-06-14 22:19:00,1.44464,1.44471,1.44461,1.44461,202500000.0
2011-06-14 22:20:00,1.44465,1.4447,1.4446,1.4446,172500000.0
2011-06-14 22:21:00,1.44464,1.44466,1.44463,1.44463,187500000.0
2011-06-14 22:22:00,1.44462,1.44464,1.44462,1.44464,277500000.0
2011-06-14 22:23:00,1.44466,1.44466,1.44464,1.44466,165000000.0
2011-06-14 22:24:00,1.44468,1.44474,1.44465,1.44465,217500000.0
2011-06-14 22:25:00,1.44461,1.44466,1.44454,1.44459,720000000.0
2011-06-14 22:26:00,1.44458,1.44462,1.44451,1.44462,241499996.18530273
2011-06-14 22:27:00,1.44462,1.44464,1.44462,1.44463,202500000.0
2011-06-14 22:28:00,1.44464,1.44474,1.44464,1.44469,157500000.0
2011-06-14 22:29:00,1.44469,1.4448,1.44469,1.44475,247500000.0
2011-06-14 22:30:00,1.44476,1.44479,1.44474,1.44474,249400005.34057617
2011-06-14 22:31:00,1.44474,1.44479,1.44474,1.44479,180000000.0
2011-06-14 22:32:00,1.44483,1.44486,1.44479,1.44479,352500000.0
2011-06-14 22:33:00,1.44479,1.4449,1.44479,1.44484,262500000.0
2011-06-14 22:34:00,1.44484,1.44492,1.44483,1.44486,247600002.28881836
2011-06-14 22:35:00,1.44484,1.44484,1.44471,1.44472,585000000.0
2011-06-14 22:36:00,1.44472,1.44482,1.4447,1.44482,517500000.0
2011-06-14 22:37:00,1.44482,1.44482,1.44476,1.44476,322500000.0
2011-06-14 22:38:00,1.44476,1.44478,1.44476,1.44477,52500000.0
2011-06-14 22:39:00,1.44476,1.44476,1.4447,1.4447,345000000.0
2011-06-14 22:40:00,1.44471,1.44475,1.44471,1.44475,127500000.0
2011-06-14 22:41:00,1.44475,1.44475,1.44474,1.44475,105000000.0
2011-06-14 22:42:00,1.44474,1.44475,1.44472,1.44474,180000000.0
2011-06-14 22:43:00,1.44474,1.44497,1.44474,1.44475,735000000.0
2011-06-14 22:44:00,1.44475,1.44485,1.44471,1.44484,420000000.0
2011-06-14 22:45:00,1.44484,1.44502,1.44483,1.44483,600000000.0
2011-06-14 22:46:00,1.44483,1.44484,1.4447,1.4447,352500000.0
2011-06-14 22:47:00,1.44469,1.44469,1.44464,1.44464,172500000.0
2011-06-14 22:48:00,1.44465,1.44475,1.44464,1.44466,405000000.0
2011-06-14 22:49:00,1.44466,1.44479,1.44466,1.44468,487500000.0
2011-06-14 22:50:00,1.44468,1.44476,1.44468,1.44476,210000000.0
2011-06-14 22:51:00,1.44474,1.44485,1.44474,1.44474,255000000.0
2011-06-14 22:52:00,1.44474,1.44481,1.44474,1.4448,222000007.62939453
2011-06-14 22:53:00,1.44479,1.44498,1.44479,1.44495,630000000.0
2011-06-14 22:54:00,1.44494,1.44494,1.44481,1.44482,540000000.0
2011-06-14 22:55:00,1.4448,1.44483,1.44469,1.44473,502500000.0
2011-06-14 22:56:00,1.44475,1.44477,1.44475,1.44476,187500000.0
2011-06-14 22:57:00,1.44476,1.44489,1.44476,1.44489,229500007.62939453
2011-06-14 22:58:00,1.44492,1.44509,1.44473,1.44477,1025999984.7412109
2011-06-14 22:59:00,1.44473,1.44476,1.44463,1.44469,555000000.0
2011-06-14 23:00:00,1.44469,1.44479,1.44469,1.44478,513800010.68115234
2011-06-14 23:01:00,1.44478,1.44484,1.4447,1.44483,461300010.68115234
2011-06-14 23:02:00,1.44483,1.44485,1.44478,1.44479,232500000.0
2011-06-14 23:03:00,1.44479,1.44483,1.44452,1.44452,460800018.3105469
2011-06-14 23:04:00,1.44452,1.44452,1.44435,1.44435,382500000.0
2011-06-14 23:05:00,1.44435,1.44435,1.44385,1.44405,1447899932.8613281
2011-06-14 23:06:00,1.44402,1.44402,1.44378,1.44389,1060699996.9482422
2011-06-14 23:07:00,1.44389,1.44448,1.4438,1.44448,915699996.9482422
2011-06-14 23:08:00,1.44449,1.44459,1.4444,1.44443,651100006.1035156
2011-06-14 23:09:00,1.44442,1.44445,1.44437,1.44443,643799972.5341797
2011-06-14 23:10:00,1.44441,1.44445,1.44432,1.44432,691900024.4140625
2011-06-14 23:11:00,1.44432,1.44432,1.44422,1.44422,233999996.18530273
2011-06-14 23:12:00,1.44427,1.44427,1.4442,1.44421,350400009.15527344
2011-06-14 23:13:00,1.4442,1.4442,1.44375,1.444,1338399963.3789062
2011-06-14 23:14:00,1.44391,1.44398,1.44365,1.44385,1692799987.7929688
2011-06-14 23:15:00,1.44386,1.44401,1.44356,1.44362,1291499938.9648438
2011-06-14 23:16:00,1.4436,1.4437,1.44354,1.44357,538899993.8964844
2011-06-14 23:17:00,1.44356,1.44358,1.4435,1.44357,306000003.81469727
2011-06-14 23:18:00,1.44357,1.4436,1.44345,1.44345,650999984.7412109
2011-06-14 23:19:00,1.44345,1.44349,1.44343,1.44344,541500015.2587891
2011-06-14 23:20:00,1.44343,1.44354,1.44343,1.44348,531899986.26708984
2011-06-14 23:21:00,1.44352,1.44356,1.44351,1.44351,120000000.0
2011-06-14 23:22:00,1.44349,1.44349,1.44339,1.44344,615200004.5776367
2011-06-14 23:23:00,1.44344,1.44344,1.4434,1.4434,210000000.0
2011-06-14 23:24:00,1.44339,1.44339,1.44324,1.44327,450000000.0
2011-06-14 23:25:00,1.44326,1.44326,1.4432,1.44326,195000000.0
2011-06-14 23:26:00,1.44326,1.44328,1.44322,1.44324,390800018.3105469
2011-06-14 23:27:00,1.44324,1.44325,1.44318,1.4432,470999984.74121094
2011-06-14 23:28:00,1.44321,1.44343,1.44321,1.44343,690899963.3789062
2011-06-14 23:29:00,1.44343,1.44347,1.44331,1.44338,656999969.4824219
2011-06-14 23:30:00,1.44337,1.44347,1.44335,1.44343,820699996.9482422
2011-06-14 23:31:00,1.44343,1.44387,1.44341,1.44384,1594499969.4824219
2011-06-14 23:32:00,1.4439,1.44401,1.44382,1.44386,1115999984.741211
2011-06-14 23:33:00,1.44388,1.44401,1.44378,1.44395,1071600036.6210938
2011-06-14 23:34:00,1.44394,1.44394,1.44378,1.44385,330000000.0
2011-06-14 23:35:00,1.44387,1.44392,1.44385,1.44392,573699989.3188477
2011-06-14 23:36:00,1.44388,1.44399,1.44386,1.44389,1357799987.7929688
2011-06-14 23:37:00,1.44391,1.44399,1.44381,1.44381,352500000.0
2011-06-14 23:38:00,1.4438,1.44406,1.4438,1.44396,1568300018.3105469
2011-06-14 23:39:00,1.44396,1.44401,1.44377,1.4439,1424299926.7578125
2011-06-14 23:40:00,1.44389,1.444,1.4436,1.44366,1403200073.2421875
2011-06-14 23:41:00,1.44368,1.4438,1.44355,1.44359,1461399993.8964844
2011-06-14 23:42:00,1.44359,1.44367,1.44335,1.44338,1906399993.8964844
2011-06-14 23:43:00,1.44338,1.44353,1.44338,1.44353,1092799987.7929688
2011-06-14 23:44:00,1.44352,1.44359,1.44338,1.4434,1405899963.3789062
2011-06-14 23:45:00,1.44338,1.44338,1.44329,1.44329,1171500015.258789
2011-06-14 23:46:00,1.44329,1.44336,1.4432,1.44332,1624600067.1386719
2011-06-14 23:47:00,1.44331,1.44331,1.44315,1.44326,1249599990.8447266
2011-06-14 23:48:00,1.44326,1.4433,1.44323,1.44325,330000000.0
2011-06-14 23:49:00,1.44325,1.4433,1.44321,1.44321,583699989.3188477
2011-06-14 23:50:00,1.44321,1.44327,1.44315,1.44315,610600013.7329102
2011-06-14 23:51:00,1.44318,1.44322,1.44318,1.44322,682500000.0
2011-06-14 23:52:00,1.44322,1.44327,1.44313,1.44314,870000000.0
2011-06-14 23:53:00,1.44314,1.44314,1.4428,1.4428,1264300003.0517578
2011-06-14 23:54:00,1.44283,1.44284,1.44271,1.44271,1800299987.7929688
2011-06-14 23:55:00,1.44274,1.44274,1.4426,1.44266,1451699981.6894531
2011-06-14 23:56:00,1.44266,1.44273,1.44264,1.44273,577500000.0
2011-06-14 23:57:00,1.44273,1.44274,1.44269,1.44273,1186900024.4140625
2011-06-14 23:58:00,1.44277,1.44298,1.44274,1.4429,1001600036.6210938
2011-06-14 23:59:00,1.44289,1.4433,1.44287,1.44324,1684499969.4824219
2011-06-15 00:00:00,1.44324,1.44362,1.44321,1.44341,2301399993.8964844
2011-06-15 00:01:00,1.44341,1.44354,1.44328,1.44352,2076199951.171875
2011-06-15 00:02:00,1.44348,1.44379,1.44333,1.44379,2394600067.138672
2011-06-15 00:03:00,1.44379,1.44379,1.44337,1.44357,2310099945.0683594
2011-06-15 00:04:00,1.44357,1.44362,1.44336,1.44359,1773399963.3789062
2011-06-15 00:05:00,1.44359,1.4436,1.44337,1.44347,1480399932.8613281
2011-06-15 00:06:00,1.44352,1.44352,1.44315,1.44316,1299199981.6894531
2011-06-15 00:07:00,1.44316,1.44339,1.44308,1.44322,1420800018.3105469
2011-06-15 00:08:00,1.44322,1.4436,1.44322,1.44355,1272699966.430664
2011-06-15 00:09:00,1.4435,1.4435,1.44339,1.44339,410299987.79296875
2011-06-15 00:10:00,1.44339,1.44344,1.44335,1.44341,1281100006.1035156
2011-06-15 00:11:00,1.44341,1.44348,1.44339,1.44345,1167200012.2070312
2011-06-15 00:12:00,1.44345,1.4435,1.44344,1.44349,463300018.3105469
2011-06-15 00:13:00,1.44348,1.44349,1.4434,1.44345,602599983.215332
2011-06-15 00:14:00,1.44346,1.4436,1.44346,1.4436,183099994.65942383
2011-06-15 00:15:00,1.44364,1.44369,1.4436,1.44365,634799995.4223633
2011-06-15 00:16:00,1.44364,1.44369,1.44346,1.44369,939800033.5693359
2011-06-15 00:17:00,1.44368,1.44368,1.44348,1.44354,733499984.7412109
2011-06-15 00:18:00,1.44355,1.44355,1.44337,1.44337,450000000.0
2011-06-15 00:19:00,1.44336,1.44336,1.44298,1.44305,2023600006.1035156
2011-06-15 00:20:00,1.44305,1.44306,1.44273,1.44274,2574500122.0703125
2011-06-15 00:21:00,1.44273,1.44287,1.44269,1.44287,1480700073.2421875
2011-06-15 00:22:00,1.44289,1.44297,1.44278,1.44285,1235999984.741211
2011-06-15 00:23:00,1.44292,1.44293,1.44282,1.44288,744000015.2587891
2011-06-15 00:24:00,1.44289,1.44304,1.44289,1.44301,807099990.8447266
2011-06-15 00:25:00,1.44301,1.44303,1.44284,1.44287,949499969.4824219
2011-06-15 00:26:00,1.44288,1.44288,1.44262,1.44264,996800003.0517578
2011-06-15 00:27:00,1.44264,1.44279,1.44255,1.44272,1242099990.8447266
2011-06-15 00:28:00,1.44272,1.44274,1.44254,1.44259,1191100006.1035156
2011-06-15 00:29:00,1.44259,1.44266,1.4423,1.44235,879300003.0517578
2011-06-15 00:30:00,1.44236,1.44248,1.44215,1.4422,1708899993.8964844
2011-06-15 00:31:00,1.4422,1.44227,1.44207,1.44219,1424100036.6210938
2011-06-15 00:32:00,1.44219,1.44229,1.4418,1.44199,2248399963.3789062
2011-06-15 00:33:00,1.44199,1.44224,1.44199,1.44218,1925399932.8613281
2011-06-15 00:34:00,1.44218,1.44227,1.44205,1.44222,1200599975.5859375
2011-06-15 00:35:00,1.44225,1.44225,1.44188,1.44206,1364799957.2753906
2011-06-15 00:36:00,1.44206,1.44209,1.44192,1.44198,654599990.8447266
2011-06-15 00:37:00,1.44198,1.44201,1.44191,1.44201,673899993.8964844
2011-06-15 00:38:00,1.442,1.44224,1.44191,1.44224,1155199966.430664
2011-06-15 00:39:00,1.44224,1.44257,1.44222,1.44254,2111199951.171875
2011-06-15 00:40:00,1.44255,1.44264,1.44246,1.44246,1209100036.6210938
2011-06-15 00:41:00,1.44246,1.44248,1.44222,1.44239,2096699981.6894531
2011-06-15 00:42:00,1.44239,1.44259,1.4423,1.44249,2976799926.7578125
2011-06-15 00:43:00,1.44249,1.44261,1.44242,1.44242,980599975.5859375
2011-06-15 00:44:00,1.44245,1.44274,1.44245,1.44253,1918500061.0351562
2011-06-15 00:45:00,1.44253,1.44262,1.44251,1.44261,1362599945.0683594
2011-06-15 00:46:00,1.44262,1.4427,1.44241,1.44259,2872699890.1367188
2011-06-15 00:47:00,1.44259,1.44268,1.4425,1.4425,1049400024.4140625
2011-06-15 00:48:00,1.4425,1.44255,1.44242,1.44242,1051800003.0517578
2011-06-15 00:49:00,1.44242,1.44246,1.44238,1.4424,1151299972.5341797
2011-06-15 00:50:00,1.44239,1.44244,1.4421,1.44213,1688999938.9648438
2011-06-15 00:51:00,1.44213,1.44213,1.44194,1.44195,1845899963.3789062
2011-06-15 00:52:00,1.44195,1.44205,1.4419,1.442,1671000061.0351562
2011-06-15 00:53:00,1.44199,1.44207,1.44193,1.44203,1189499969.4824219
2011-06-15 00:54:00,1.44203,1.4423,1.44203,1.44229,1457299957.2753906
2011-06-15 00:55:00,1.44225,1.44233,1.44219,1.44227,1281100006.1035156
2011-06-15 00:56:00,1.44227,1.44229,1.44219,1.44224,575499992.3706055
2011-06-15 00:57:00,1.44225,1.4424,1.44223,1.4423,1148399963.3789062
2011-06-15 00:58:00,1.4423,1.44249,1.44228,1.44249,1795000000.0
2011-06-15 00:59:00,1.44249,1.44249,1.44213,1.44216,1296900024.4140625
2011-06-15 01:00:00,1.4422,1.44227,1.44205,1.44222,1948099975.5859375
2011-06-15 01:01:00,1.44224,1.44227,1.44158,1.44165,2227200012.2070312
2011-06-15 01:02:00,1.44167,1.44189,1.44164,1.44182,2134499969.4824219
2011-06-15 01:03:00,1.44181,1.44182,1.4415,1.44154,1914799957.2753906
2011-06-15 01:04:00,1.44154,1.44154,1.44115,1.44132,2800400085.4492188
2011-06-15 01:05:00,1.44132,1.44146,1.44132,1.44142,1445599975.5859375
2011-06-15 01:06:00,1.44142,1.44183,1.44142,1.44179,1233799972.5341797
2011-06-15 01:07:00,1.44179,1.44202,1.44171,1.44191,2356600036.6210938
2011-06-15 01:08:00,1.44191,1.44228,1.44191,1.44223,1453600006.1035156
2011-06-15 01:09:00,1.44222,1.44227,1.44211,1.44219,979499969.4824219
2011-06-15 01:10:00,1.44219,1.44219,1.44183,1.4419,1893000030.5175781
2011-06-15 01:11:00,1.4419,1.44209,1.44188,1.44194,908300018.3105469
2011-06-15 01:12:00,1.44193,1.4421,1.44188,1.44205,1506100006.1035156
2011-06-15 01:13:00,1.44205,1.44221,1.44196,1.44209,1245999984.741211
2011-06-15 01:14:00,1.4421,1.44231,1.44204,1.44229,1647299957.2753906
2011-06-15 01:15:00,1.44231,1.44246,1.44212,1.44246,1653300018.3105469
2011-06-15 01:16:00,1.44248,1.44248,1.44224,1.44236,1558699951.171875
2011-06-15 01:17:00,1.44236,1.44249,1.44228,1.44228,1209599990.8447266
2011-06-15 01:18:00,1.44225,1.44225,1.44174,1.44185,2666499938.9648438
2011-06-15 01:19:00,1.44183,1.44188,1.44172,1.44179,1296900024.4140625
2011-06-15 01:20:00,1.44179,1.44195,1.44162,1.44173,1562299957.2753906
2011-06-15 01:21:00,1.44171,1.44184,1.4412,1.44122,2322599945.0683594
2011-06-15 01:22:00,1.44122,1.44172,1.44122,1.44169,2871199951.171875
2011-06-15 01:23:00,1.44167,1.44167,1.44138,1.44157,1663099975.5859375
2011-06-15 01:24:00,1.44159,1.44178,1.44154,1.4417,1440800018.3105469
2011-06-15 01:25:00,1.44165,1.44171,1.44146,1.44169,951100006.1035156
2011-06-15 01:26:00,1.44168,1.44175,1.44146,1.4417,1315500030.5175781
2011-06-15 01:27:00,1.44165,1.44174,1.44137,1.44153,1035899963.3789062
2011-06-15 01:28:00,1.4415,1.44175,1.44143,1.44157,1094499969.4824219
2011-06-15 01:29:00,1.44157,1.44161,1.44134,1.44137,1328999938.9648438
2011-06-15 01:30:00,1.44137,1.44137,1.44096,1.44132,2017200012.2070312
2011-06-15 01:31:00,1.44131,1.44136,1.44122,1.44133,1335599975.5859375
2011-06-15 01:32:00,1.4413,1.44163,1.4413,1.44162,1113700027.4658203
2011-06-15 01:33:00,1.44161,1.44175,1.4415,1.44171,1104100036.6210938
2011-06-15 01:34:00,1.44166,1.44191,1.44161,1.44179,1982200012.2070312
2011-06-15 01:35:00,1.4418,1.4419,1.44165,1.4417,1590099945.0683594
2011-06-15 01:36:00,1.4417,1.4417,1.44149,1.44151,1056299972.5341797
2011-06-15 01:37:00,1.44153,1.44153,1.44139,1.44149,721200027.4658203
2011-06-15 01:38:00,1.44153,1.44174,1.4415,1.44166,1088799972.5341797
2011-06-15 01:39:00,1.44166,1.44179,1.44158,1.44166,1431499938.9648438
2011-06-15 01:40:00,1.44165,1.44184,1.44148,1.44152,1453600006.1035156
2011-06-15 01:41:00,1.44152,1.4416,1.44143,1.44143,1005800018.3105469
2011-06-15 01:42:00,1.44143,1.44155,1.44139,1.44148,1400299987.7929688
2011-06-15 01:43:00,1.44149,1.44154,1.44141,1.44151,1028300018.3105469
2011-06-15 01:44:00,1.44152,1.44161,1.44144,1.44154,1395099945.0683594
2011-06-15 01:45:00,1.44154,1.44154,1.44141,1.44142,1438300018.3105469
2011-06-15 01:46:00,1.44142,1.44142,1.44098,1.441,1701600036.6210938
2011-06-15 01:47:00,1.44101,1.44108,1.4405,1.44052,1920299987.7929688
2011-06-15 01:48:00,1.44052,1.44088,1.4405,1.44074,2060800018.3105469
2011-06-15 01:49:00,1.44072,1.44072,1.4405,1.4406,1412599945.0683594
2011-06-15 01:50:00,1.44065,1.44071,1.44052,1.44056,1504900054.9316406
2011-06-15 01:51:00,1.44056,1.44071,1.44055,1.44071,1301999969.4824219
2011-06-15 01:52:00,1.44071,1.44105,1.44064,1.44105,1114000015.258789
2011-06-15 01:53:00,1.44103,1.44107,1.44088,1.44101,792099990.8447266
2011-06-15 01:54:00,1.44101,1.44117,1.44099,1.44104,891100006.1035156
2011-06-15 01:55:00,1.44103,1.4413,1.44099,1.44126,1383300018.3105469
2011-06-15 01:56:00,1.44124,1.44129,1.44109,1.44123,1313500061.0351562
2011-06-15 01:57:00,1.44127,1.44155,1.44119,1.4412,1998899993.8964844
2011-06-15 01:58:00,1.44114,1.44142,1.44111,1.44128,1391399993.8964844
2011-06-15 01:59:00,1.44136,1.44145,1.44119,1.44119,1151299972.5341797
2011-06-15 02:00:00,1.4412,1.44141,1.44118,1.44141,1440299987.7929688
2011-06-15 02:01:00,1.44141,1.44151,1.44124,1.44129,997600021.3623047
2011-06-15 02:02:00,1.44129,1.44136,1.44114,1.44133,1747500000.0
2011-06-15 02:03:00,1.44138,1.44138,1.44129,1.4413,607299995.4223633
2011-06-15 02:04:00,1.44129,1.44141,1.44122,1.44141,507000007.62939453
2011-06-15 02:05:00,1.44138,1.44142,1.44136,1.44137,466199989.31884766
2011-06-15 02:06:00,1.44137,1.44149,1.44137,1.44145,652500000.0
2011-06-15 02:07:00,1.44145,1.44154,1.4414,1.44146,1121900024.4140625
2011-06-15 02:08:00,1.44149,1.44163,1.44149,1.44162,360000000.0
2011-06-15 02:09:00,1.44162,1.44176,1.44159,1.44171,1005000000.0
2011-06-15 02:10:00,1.44175,1.44183,1.44133,1.44145,1680099945.0683594
2011-06-15 02:11:00,1.44142,1.4415,1.44142,1.44147,667500000.0
2011-06-15 02:12:00,1.4415,1.44155,1.44142,1.4415,787500000.0
2011-06-15 02:13:00,1.4415,1.44153,1.44143,1.44147,1297500000.0
2011-06-15 02:14:00,1.44147,1.44149,1.44123,1.44131,945000000.0
2011-06-15 02:15:00,1.44136,1.44138,1.44127,1.44138,772500000.0
2011-06-15 02:16:00,1.44136,1.44141,1.44136,1.44138,330000000.0
2011-06-15 02:17:00,1.44138,1.44142,1.44133,1.44138,375000000.0
2011-06-15 02:18:00,1.44138,1.44144,1.44138,1.44144,241599998.4741211
2011-06-15 02:19:00,1.44146,1.44146,1.44139,1.4414,333199996.9482422
2011-06-15 02:20:00,1.44144,1.44148,1.44142,1.44143,246299991.60766602
2011-06-15 02:21:00,1.44143,1.44153,1.44139,1.44152,495000000.0
2011-06-15 02:22:00,1.44152,1.44152,1.44135,1.44141,1100999984.741211
2011-06-15 02:23:00,1.4414,1.4415,1.44138,1.44142,557999992.3706055
2011-06-15 02:24:00,1.44141,1.4415,1.44136,1.44145,440999984.74121094
2011-06-15 02:25:00,1.44146,1.44154,1.44138,1.44146,1437799987.7929688
2011-06-15 02:26:00,1.44146,1.44156,1.44137,1.44137,1426499938.9648438
2011-06-15 02:27:00,1.44141,1.44157,1.4414,1.44149,1221900024.4140625
2011-06-15 02:28:00,1.44148,1.44166,1.44148,1.44166,793499984.7412109
2011-06-15 02:29:00,1.44165,1.44165,1.44153,1.44161,460499992.37060547
2011-06-15 02:30:00,1.44167,1.44178,1.44161,1.44173,1207500000.0
2011-06-15 02:31:00,1.44172,1.44181,1.44163,1.44165,793499984.7412109
2011-06-15 02:32:00,1.44163,1.44166,1.44161,1.44166,372000007.62939453
2011-06-15 02:33:00,1.44162,1.44171,1.44151,1.44151,365999984.74121094
2011-06-15 02:34:00,1.44149,1.44149,1.44143,1.44144,262500000.0
2011-06-15 02:35:00,1.44145,1.44147,1.44144,1.44146,120000000.0
2011-06-15 02:36:00,1.44147,1.44149,1.44142,1.44145,225000000.0
2011-06-15 02:37:00,1.4415,1.44175,1.4415,1.44156,858700027.4658203
2011-06-15 02:38:00,1.44155,1.4417,1.44155,1.44164,462700004.5776367
2011-06-15 02:39:00,1.44166,1.44173,1.44165,1.44165,525000000.0
2011-06-15 02:40:00,1.44167,1.44171,1.44163,1.4417,285900001.5258789
2011-06-15 02:41:00,1.44168,1.44168,1.4415,1.44159,785299987.7929688
2011-06-15 02:42:00,1.44159,1.44159,1.44143,1.44151,353499984.74121094
2011-06-15 02:43:00,1.44153,1.44164,1.44153,1.44164,432000007.62939453
2011-06-15 02:44:00,1.44164,1.44189,1.44164,1.44188,599300003.0517578
2011-06-15 02:45:00,1.44191,1.44221,1.4419,1.44216,1274300003.0517578
2011-06-15 02:46:00,1.44214,1.44214,1.44196,1.44196,607500000.0
2011-06-15 02:47:00,1.44196,1.44196,1.4418,1.44191,903000030.5175781
2011-06-15 02:48:00,1.44191,1.44191,1.44166,1.44166,643499984.7412109
2011-06-15 02:49:00,1.44164,1.44182,1.44163,1.4418,1125000000.0
2011-06-15 02:50:00,1.44179,1.44181,1.44165,1.44172,1219000015.258789
2011-06-15 02:51:00,1.44172,1.44198,1.4417,1.44198,978000030.5175781
2011-06-15 02:52:00,1.44198,1.44198,1.44158,1.4417,1392799987.7929688
2011-06-15 02:53:00,1.4417,1.4417,1.44142,1.44142,510000000.0
2011-06-15 02:54:00,1.44144,1.44151,1.44134,1.44139,817500000.0
2011-06-15 02:55:00,1.44138,1.44149,1.44135,1.44136,529500007.62939453
2011-06-15 02:56:00,1.44138,1.4415,1.44138,1.44146,487500000.0
2011-06-15 02:57:00,1.44147,1.44147,1.44123,1.4413,671999969.4824219
2011-06-15 02:58:00,1.44128,1.4415,1.44128,1.44138,709499969.4824219
2011-06-15 02:59:00,1.44137,1.44137,1.44107,1.4411,1791199951.171875
2011-06-15 03:00:00,1.44115,1.44228,1.44112,1.44201,2737999877.9296875
2011-06-15 03:01:00,1.44201,1.44201,1.44164,1.44176,1633800048.828125
2011-06-15 03:02:00,1.44176,1.44233,1.44176,1.44233,1663500061.0351562
2011-06-15 03:03:00,1.44234,1.44236,1.44213,1.44215,1579600067.1386719
2011-06-15 03:04:00,1.44213,1.44213,1.44207,1.44213,967500000.0
2011-06-15 03:05:00,1.44215,1.44218,1.44171,1.44178,1665000000.0
2011-06-15 03:06:00,1.44182,1.44182,1.44133,1.44133,1112099990.8447266
2011-06-15 03:07:00,1.44134,1.44156,1.44134,1.44156,562500000.0
2011-06-15 03:08:00,1.44156,1.44169,1.44156,1.44165,714800033.5693359
2011-06-15 03:09:00,1.44165,1.44191,1.44163,1.44191,667500000.0
2011-06-15 03:10:00,1.4419,1.44206,1.4419,1.44206,1164100036.6210938
2011-06-15 03:11:00,1.44206,1.44208,1.44177,1.44177,1080800018.3105469
2011-06-15 03:12:00,1.44178,1.44194,1.44172,1.44178,1698000030.5175781
2011-06-15 03:13:00,1.44178,1.4418,1.4417,1.4418,545999984.7412109
2011-06-15 03:14:00,1.44181,1.44181,1.44158,1.44158,1258499984.741211
2011-06-15 03:15:00,1.44158,1.44172,1.44154,1.44163,1020000000.0
2011-06-15 03:16:00,1.44163,1.44163,1.44111,1.44149,1476000061.0351562
2011-06-15 03:17:00,1.44148,1.44155,1.44135,1.44143,1708500061.0351562
2011-06-15 03:18:00,1.44143,1.44165,1.44137,1.44137,1204599990.8447266
2011-06-15 03:19:00,1.44137,1.4415,1.44137,1.44146,414000015.25878906
2011-06-15 03:20:00,1.44146,1.44158,1.44138,1.44154,874499969.4824219
2011-06-15 03:21:00,1.44152,1.44152,1.44147,1.44147,307500000.0
2011-06-15 03:22:00,1.44148,1.44153,1.44145,1.44146,271499996.18530273
2011-06-15 03:23:00,1.44148,1.44163,1.44145,1.44162,715699996.9482422
2011-06-15 03:24:00,1.44162,1.44162,1.44137,1.44153,561800003.0517578
2011-06-15 03:25:00,1.44154,1.44156,1.44137,1.4415,959300003.0517578
2011-06-15 03:26:00,1.44156,1.44165,1.44143,1.44152,685500030.5175781
2011-06-15 03:27:00,1.44152,1.44152,1.44133,1.44134,630000000.0
2011-06-15 03:28:00,1.44134,1.44139,1.44124,1.44125,902300033.5693359
2011-06-15 03:29:00,1.44125,1.44125,1.44075,1.44079,1404600067.1386719
2011-06-15 03:30:00,1.44079,1.44081,1.44053,1.44073,1637599945.0683594
2011-06-15 03:31:00,1.44072,1.44076,1.44041,1.44042,1486000061.0351562
2011-06-15 03:32:00,1.44042,1.44071,1.44042,1.44071,1551000061.0351562
2011-06-15 03:33:00,1.44071,1.44071,1.44043,1.44068,2103300018.3105469
2011-06-15 03:34:00,1.44069,1.44075,1.44062,1.44069,931500015.2587891
2011-06-15 03:35:00,1.44068,1.44078,1.44066,1.44073,774000015.2587891
2011-06-15 03:36:00,1.44075,1.44081,1.4406,1.44061,980299987.7929688
2011-06-15 03:37:00,1.44061,1.44078,1.44059,1.4407,1051699981.6894531
2011-06-15 03:38:00,1.44066,1.44077,1.44066,1.44077,313600006.1035156
2011-06-15 03:39:00,1.44076,1.4408,1.44069,1.44076,510000000.0
2011-06-15 03:40:00,1.44077,1.44081,1.44075,1.44079,610099983.215332
2011-06-15 03:41:00,1.4408,1.44081,1.44074,1.44078,810800018.3105469
2011-06-15 03:42:00,1.44079,1.44084,1.44075,1.4408,874599990.8447266
2011-06-15 03:43:00,1.4408,1.44082,1.4408,1.44082,67500000.0
2011-06-15 03:44:00,1.44082,1.44082,1.44065,1.44069,439399986.26708984
2011-06-15 03:45:00,1.44071,1.4408,1.44071,1.4408,809599990.8447266
2011-06-15 03:46:00,1.44081,1.44109,1.44081,1.44101,717900009.1552734
2011-06-15 03:47:00,1.44101,1.44127,1.44101,1.44117,1621900024.4140625
2011-06-15 03:48:00,1.44117,1.44123,1.44107,1.44119,1738300018.3105469
2011-06-15 03:49:00,1.44116,1.44129,1.44109,1.44123,1114499969.4824219
2011-06-15 03:50:00,1.44128,1.4413,1.44109,1.44112,973499984.7412109
2011-06-15 03:51:00,1.44112,1.44112,1.44095,1.44102,1541499938.9648438
2011-06-15 03:52:00,1.44101,1.44101,1.44083,1.44092,1271699981.6894531
2011-06-15 03:53:00,1.44091,1.44092,1.44079,1.4408,480000000.0
2011-06-15 03:54:00,1.4408,1.4408,1.44075,1.4408,442500000.0
2011-06-15 03:55:00,1.44081,1.44085,1.44071,1.44078,1098000030.5175781
2011-06-15 03:56:00,1.4408,1.44098,1.44077,1.44085,718799972.5341797
2011-06-15 03:57:00,1.44085,1.44098,1.44074,1.44087,1514299926.7578125
2011-06-15 03:58:00,1.44093,1.44102,1.4409,1.44095,939000015.2587891
2011-06-15 03:59:00,1.44095,1.44105,1.44088,1.44095,1488899993.8964844
2011-06-15 04:00:00,1.44094,1.44095,1.44081,1.44081,424500007.62939453
2011-06-15 04:01:00,1.44083,1.44108,1.44083,1.44104,868499984.7412109
2011-06-15 04:02:00,1.44099,1.44103,1.44083,1.44086,846800003.0517578
2011-06-15 04:03:00,1.44087,1.44087,1.44071,1.44082,530299987.79296875
2011-06-15 04:04:00,1.44082,1.44084,1.44035,1.44039,897300033.5693359
2011-06-15 04:05:00,1.4404,1.44048,1.44033,1.4404,1540000000.0
2011-06-15 04:06:00,1.4404,1.44068,1.4404,1.44068,1067399978.6376953
2011-06-15 04:07:00,1.44068,1.44069,1.4404,1.44041,920299987.7929688
2011-06-15 04:08:00,1.44041,1.44054,1.44039,1.44054,1219599990.8447266
2011-06-15 04:09:00,1.44056,1.44072,1.44055,1.44072,537000007.6293945
2011-06-15 04:10:00,1.44073,1.44073,1.44072,1.44072,162099990.84472656
2011-06-15 04:11:00,1.44072,1.44073,1.44065,1.44066,316499996.18530273
2011-06-15 04:12:00,1.44065,1.44065,1.44052,1.44065,634500007.6293945
2011-06-15 04:13:00,1.44065,1.44071,1.44052,1.44056,622599983.215332
2011-06-15 04:14:00,1.44056,1.4407,1.44056,1.4407,310599994.6594238
2011-06-15 04:15:00,1.44069,1.44089,1.44065,1.44071,1399499969.4824219
2011-06-15 04:16:00,1.44071,1.44086,1.44065,1.44086,984899978.6376953
2011-06-15 04:17:00,1.44086,1.44121,1.44086,1.44116,748499984.7412109
2011-06-15 04:18:00,1.44121,1.44138,1.44117,1.44136,1058700027.4658203
2011-06-15 04:19:00,1.44136,1.44138,1.44125,1.44137,1115999984.741211
2011-06-15 04:20:00,1.44137,1.44146,1.44131,1.44145,821299972.5341797
2011-06-15 04:21:00,1.4415,1.44155,1.4414,1.44141,1151699981.6894531
2011-06-15 04:22:00,1.44143,1.44147,1.44117,1.44117,1130999984.741211
2011-06-15 04:23:00,1.44117,1.44117,1.44094,1.44099,1605800018.3105469
2011-06-15 04:24:00,1.44099,1.44104,1.44095,1.44098,870000000.0
2011-06-15 04:25:00,1.44099,1.44103,1.44097,1.441,135000000.0
2011-06-15 04:26:00,1.441,1.4411,1.441,1.44109,187600002.28881836
2011-06-15 04:27:00,1.44109,1.44117,1.44106,1.44117,227999992.37060547
2011-06-15 04:28:00,1.44115,1.44129,1.44109,1.44129,690000000.0
2011-06-15 04:29:00,1.44128,1.44128,1.44096,1.4411,1005000000.0
2011-06-15 04:30:00,1.4411,1.44117,1.44105,1.44105,477400016.78466797
2011-06-15 04:31:00,1.44103,1.44111,1.44102,1.44111,216800003.0517578
2011-06-15 04:32:00,1.44111,1.44117,1.44094,1.44114,1090500030.5175781
2011-06-15 04:33:00,1.4411,1.44134,1.4411,1.44119,1394299926.7578125
2011-06-15 04:34:00,1.44119,1.44129,1.4411,1.44121,970800018.3105469
2011-06-15 04:35:00,1.44125,1.44135,1.44109,1.44119,1327500000.0
2011-06-15 04:36:00,1.44118,1.44119,1.44104,1.44113,1713000030.5175781
2011-06-15 04:37:00,1.44117,1.44135,1.44106,1.44118,2043800048.828125
2011-06-15 04:38:00,1.44118,1.44133,1.44115,1.44123,1023000030.5175781
2011-06-15 04:39:00,1.44123,1.44135,1.44119,1.44132,975000000.0
2011-06-15 04:40:00,1.44134,1.44149,1.44122,1.44122,2251100006.1035156
2011-06-15 04:41:00,1.44122,1.44122,1.44086,1.44087,2146499938.9648438
2011-06-15 04:42:00,1.44085,1.44086,1.44073,1.44086,1005100021.3623047
2011-06-15 04:43:00,1.44085,1.44104,1.44082,1.44085,839499969.4824219
2011-06-15 04:44:00,1.44088,1.44106,1.44088,1.44106,795000000.0
2011-06-15 04:45:00,1.44108,1.44124,1.44108,1.44115,1592200012.2070312
2011-06-15 04:46:00,1.44115,1.44117,1.44099,1.44117,885000000.0
2011-06-15 04:47:00,1.44116,1.44123,1.44103,1.44103,922500000.0
2011-06-15 04:48:00,1.44108,1.44125,1.44106,1.44112,948000030.5175781
2011-06-15 04:49:00,1.44113,1.44119,1.44112,1.44116,590999984.7412109
2011-06-15 04:50:00,1.44113,1.44118,1.44098,1.44115,772500000.0
2011-06-15 04:51:00,1.44114,1.44118,1.44111,1.44115,345000000.0
2011-06-15 04:52:00,1.44114,1.44117,1.44111,1.44112,385999984.74121094
2011-06-15 04:53:00,1.44112,1.44138,1.44112,1.44114,1022300033.5693359
2011-06-15 04:54:00,1.44113,1.44116,1.44108,1.44116,463499984.74121094
2011-06-15 04:55:00,1.44119,1.4412,1.44116,1.44116,286499996.18530273
2011-06-15 04:56:00,1.44116,1.44116,1.44095,1.44095,673600006.1035156
2011-06-15 04:57:00,1.44099,1.44127,1.4409,1.44127,1495500030.5175781
2011-06-15 04:58:00,1.44127,1.44137,1.44118,1.44137,609000015.2587891
2011-06-15 04:59:00,1.44137,1.44152,1.44137,1.44152,1317799987.7929688
2011-06-15 05:00:00,1.4415,1.44155,1.44117,1.44119,1461999969.4824219
2011-06-15 05:01:00,1.44119,1.44129,1.44098,1.44098,1528800048.828125
2011-06-15 05:02:00,1.44094,1.44095,1.44071,1.44074,1339499969.4824219
2011-06-15 05:03:00,1.44073,1.44093,1.44068,1.44078,1021500015.2587891
2011-06-15 05:04:00,1.44075,1.44095,1.44068,1.44093,1368800048.828125
2011-06-15 05:05:00,1.44091,1.44104,1.44077,1.44104,830999984.7412109
2011-06-15 05:06:00,1.44103,1.44105,1.44092,1.44095,487500000.0
2011-06-15 05:07:00,1.44098,1.4411,1.44098,1.44105,397500000.0
2011-06-15 05:08:00,1.44103,1.44103,1.44094,1.44099,427500000.0
2011-06-15 05:09:00,1.44102,1.44138,1.44102,1.44118,1564400024.4140625
2011-06-15 05:10:00,1.4412,1.44158,1.44115,1.44133,1546499938.9648438
2011-06-15 05:11:00,1.44131,1.44139,1.44121,1.44135,1489499969.4824219
2011-06-15 05:12:00,1.44135,1.44156,1.44134,1.44156,1747700042.7246094
2011-06-15 05:13:00,1.44156,1.44166,1.44131,1.44134,1265999984.741211
2011-06-15 05:14:00,1.44133,1.4418,1.44117,1.4418,2284700012.2070312
2011-06-15 05:15:00,1.44175,1.44189,1.44166,1.44175,1949100036.6210938
2011-06-15 05:16:00,1.44176,1.44206,1.44176,1.44199,1914900054.9316406
2011-06-15 05:17:00,1.44197,1.44229,1.44195,1.44215,1631300048.828125
2011-06-15 05:18:00,1.44212,1.44224,1.44204,1.44224,1594499969.4824219
2011-06-15 05:19:00,1.44224,1.44224,1.44206,1.44207,1141500015.258789
2011-06-15 05:20:00,1.44207,1.4422,1.44189,1.44192,1557500000.0
2011-06-15 05:21:00,1.44191,1.44198,1.44191,1.44197,718499984.7412109
2011-06-15 05:22:00,1.44194,1.4421,1.44183,1.44204,1485800018.3105469
2011-06-15 05:23:00,1.44203,1.44216,1.44193,1.44205,1552500000.0
2011-06-15 05:24:00,1.44205,1.44216,1.44199,1.44216,1556100006.1035156
2011-06-15 05:25:00,1.44214,1.44238,1.44205,1.4423,1968200073.2421875
2011-06-15 05:26:00,1.4423,1.44264,1.44225,1.44249,2475399932.861328
2011-06-15 05:27:00,1.44249,1.44251,1.44227,1.44245,1701100006.1035156
2011-06-15 05:28:00,1.44245,1.44259,1.4424,1.44246,1568300018.3105469
2011-06-15 05:29:00,1.44245,1.44291,1.44245,1.44269,2564899902.34375
2011-06-15 05:30:00,1.44272,1.44277,1.44259,1.44265,924100036.6210938
2011-06-15 05:31:00,1.44264,1.44275,1.4426,1.44269,1356000061.0351562
2011-06-15 05:32:00,1.44269,1.44273,1.44251,1.44251,2069499969.4824219
2011-06-15 05:33:00,1.44252,1.44254,1.44241,1.44249,1366100006.1035156
2011-06-15 05:34:00,1.44249,1.44267,1.44238,1.44261,2068500061.0351562
2011-06-15 05:35:00,1.44261,1.44266,1.44233,1.44233,1386399993.8964844
2011-06-15 05:36:00,1.44233,1.44237,1.4423,1.44236,862500000.0
2011-06-15 05:37:00,1.44236,1.44248,1.44235,1.44243,776299972.5341797
2011-06-15 05:38:00,1.44241,1.44254,1.44235,1.44241,1020000000.0
2011-06-15 05:39:00,1.44241,1.44248,1.44217,1.44217,1304299926.7578125
2011-06-15 05:40:00,1.44217,1.44219,1.44178,1.4418,1913800048.828125
2011-06-15 05:41:00,1.4418,1.44192,1.44179,1.44181,1385399932.8613281
2011-06-15 05:42:00,1.4418,1.44189,1.4416,1.44169,1688999938.9648438
2011-06-15 05:43:00,1.44172,1.44186,1.44156,1.44182,898499984.7412109
2011-06-15 05:44:00,1.44182,1.44187,1.44151,1.4416,920299987.7929688
2011-06-15 05:45:00,1.4416,1.44169,1.44112,1.44128,2287200012.2070312
2011-06-15 05:46:00,1.44128,1.44152,1.44119,1.44145,1009000015.2587891
2011-06-15 05:47:00,1.44145,1.44155,1.44137,1.44155,514599990.84472656
2011-06-15 05:48:00,1.44155,1.44161,1.44153,1.44154,428800010.68115234
2011-06-15 05:49:00,1.44154,1.44171,1.44154,1.44159,857300033.5693359
2011-06-15 05:50:00,1.44159,1.4417,1.44157,1.44166,750000000.0
2011-06-15 05:51:00,1.44165,1.44165,1.44152,1.44161,457500000.0
2011-06-15 05:52:00,1.44162,1.44175,1.44162,1.44165,870000000.0
2011-06-15 05:53:00,1.44162,1.44174,1.44158,1.44164,857300033.5693359
2011-06-15 05:54:00,1.44161,1.44173,1.44153,1.44166,615000000.0
2011-06-15 05:55:00,1.44166,1.44169,1.44143,1.44146,879000015.2587891
2011-06-15 05:56:00,1.44146,1.44166,1.44144,1.44163,1134300003.0517578
2011-06-15 05:57:00,1.44162,1.44162,1.44159,1.44161,277500000.0
2011-06-15 05:58:00,1.44161,1.44169,1.44145,1.44161,895500030.5175781
2011-06-15 05:59:00,1.44159,1.44161,1.44153,1.44153,969599990.8447266
2011-06-15 06:00:00,1.44154,1.44169,1.44152,1.44169,976500015.2587891
2011-06-15 06:01:00,1.44165,1.44174,1.44159,1.44174,864899978.6376953
2011-06-15 06:02:00,1.44173,1.44189,1.44168,1.44186,1042500000.0
2011-06-15 06:03:00,1.44185,1.44207,1.44175,1.44193,1385299987.7929688
2011-06-15 06:04:00,1.44195,1.44205,1.44193,1.44204,1203000030.5175781
2011-06-15 06:05:00,1.44205,1.44207,1.44174,1.44179,1455700073.2421875
2011-06-15 06:06:00,1.4418,1.44186,1.44167,1.4417,1065199966.4306641
2011-06-15 06:07:00,1.4417,1.44177,1.44161,1.4417,952500000.0
2011-06-15 06:08:00,1.4417,1.44174,1.4416,1.4416,1234000015.258789
2011-06-15 06:09:00,1.44163,1.44174,1.44163,1.44165,822600021.3623047
2011-06-15 06:10:00,1.44169,1.44178,1.44168,1.44169,858199996.9482422
2011-06-15 06:11:00,1.44168,1.44169,1.44152,1.44161,925800018.3105469
2011-06-15 06:12:00,1.44161,1.44169,1.44135,1.44135,1424299926.7578125
2011-06-15 06:13:00,1.44133,1.44134,1.4409,1.44111,1908399963.3789062
2011-06-15 06:14:00,1.44113,1.44116,1.44041,1.44051,2654100036.6210938
2011-06-15 06:15:00,1.44052,1.4407,1.43989,1.44006,2769800109.8632812
2011-06-15 06:16:00,1.44003,1.44016,1.4394,1.43943,3007099914.5507812
2011-06-15 06:17:00,1.43941,1.43982,1.4394,1.43948,3698999938.9648438
2011-06-15 06:18:00,1.43949,1.43972,1.4392,1.4392,3068099975.5859375
2011-06-15 06:19:00,1.4392,1.43936,1.43907,1.4393,2563099975.5859375
2011-06-15 06:20:00,1.43937,1.4394,1.43878,1.43878,2979100036.6210938
2011-06-15 06:21:00,1.4388,1.43899,1.4385,1.4387,3184599914.5507812
2011-06-15 06:22:00,1.43868,1.43916,1.43868,1.43912,2017299957.2753906
2011-06-15 06:23:00,1.43914,1.43926,1.43902,1.43909,1987299957.2753906
2011-06-15 06:24:00,1.43909,1.43927,1.43907,1.43919,2277500000.0
2011-06-15 06:25:00,1.43919,1.43947,1.43914,1.43922,2207400054.9316406
2011-06-15 06:26:00,1.43922,1.43924,1.4388,1.43882,2348699951.171875
2011-06-15 06:27:00,1.43882,1.43883,1.43817,1.43848,2756199951.171875
2011-06-15 06:28:00,1.43848,1.43871,1.43842,1.43842,2776900024.4140625
2011-06-15 06:29:00,1.43842,1.43932,1.4384,1.43921,3442799987.7929688
2011-06-15 06:30:00,1.43922,1.43927,1.43908,1.43919,1954900054.9316406
2011-06-15 06:31:00,1.43919,1.43926,1.43893,1.43899,1420700073.2421875
2011-06-15 06:32:00,1.43899,1.43913,1.43897,1.43897,1296499938.9648438
2011-06-15 06:33:00,1.43891,1.4392,1.43872,1.43899,2135800018.3105469
2011-06-15 06:34:00,1.43899,1.43901,1.43883,1.43883,862500000.0
2011-06-15 06:35:00,1.43883,1.43887,1.4377,1.43796,2556399993.8964844
2011-06-15 06:36:00,1.43794,1.4383,1.43794,1.43822,2148699951.171875
2011-06-15 06:37:00,1.43825,1.43828,1.43815,1.43816,2203000030.517578
2011-06-15 06:38:00,1.43816,1.43828,1.43813,1.43822,1611100006.1035156
2011-06-15 06:39:00,1.43822,1.43851,1.43822,1.43836,1936499938.9648438
2011-06-15 06:40:00,1.43835,1.43842,1.43824,1.43833,1758999938.9648438
2011-06-15 06:41:00,1.43835,1.43856,1.43834,1.43856,1389100036.6210938
2011-06-15 06:42:00,1.43856,1.43881,1.43853,1.43855,2087400054.9316406
2011-06-15 06:43:00,1.43858,1.43866,1.43843,1.43847,1511600036.6210938
2011-06-15 06:44:00,1.43846,1.43849,1.43761,1.43761,3802099914.5507812
2011-06-15 06:45:00,1.43759,1.43759,1.43698,1.43722,3182500000.0
2011-06-15 06:46:00,1.43725,1.43737,1.43722,1.43734,1609100036.6210938
2011-06-15 06:47:00,1.43734,1.43759,1.43728,1.43745,1391300048.828125
2011-06-15 06:48:00,1.43745,1.43775,1.43745,1.43758,2092500000.0
2011-06-15 06:49:00,1.43758,1.43764,1.43754,1.43763,1548800048.828125
2011-06-15 06:50:00,1.43762,1.43762,1.43711,1.43717,2602099914.5507812
2011-06-15 06:51:00,1.43721,1.43733,1.43711,1.43733,1732500000.0
2011-06-15 06:52:00,1.4373,1.43765,1.4371,1.43751,1356900024.4140625
2011-06-15 06:53:00,1.43749,1.43773,1.43749,1.43753,1432500000.0
2011-06-15 06:54:00,1.43749,1.43749,1.43723,1.43743,1711499938.9648438
2011-06-15 06:55:00,1.43742,1.43749,1.43722,1.43742,1989499969.4824219
2011-06-15 06:56:00,1.43743,1.43761,1.43736,1.43753,1823600006.1035156
2011-06-15 06:57:00,1.43751,1.43779,1.43743,1.43775,2369100036.6210938
2011-06-15 06:58:00,1.43777,1.43809,1.43777,1.43806,1710899963.3789062
2011-06-15 06:59:00,1.43803,1.43814,1.43783,1.43786,2402100067.138672
2011-06-15 07:00:00,1.43786,1.43789,1.43746,1.43762,2687099914.5507812
2011-06-15 07:01:00,1.43762,1.43775,1.43741,1.43746,2893299865.7226562
2011-06-15 07:02:00,1.43746,1.43779,1.43713,1.43713,2481999969.482422
2011-06-15 07:03:00,1.43713,1.43729,1.43633,1.43654,3336099853.515625
2011-06-15 07:04:00,1.43655,1.43657,1.43618,1.43625,3234599914.5507812
2011-06-15 07:05:00,1.43626,1.43639,1.43592,1.43605,3500299987.7929688
2011-06-15 07:06:00,1.43605,1.43635,1.43591,1.43616,3187999877.9296875
2011-06-15 07:07:00,1.43615,1.43633,1.4361,1.43625,3005499877.9296875
2011-06-15 07:08:00,1.43625,1.43642,1.43615,1.43642,2191999969.482422
2011-06-15 07:09:00,1.43641,1.43643,1.43605,1.43641,3059400024.4140625
2011-06-15 07:10:00,1.4364,1.4364,1.4355,1.4355,3445299987.7929688
2011-06-15 07:11:00,1.4355,1.43583,1.4355,1.43581,2559199981.689453
2011-06-15 07:12:00,1.43581,1.43619,1.43573,1.43604,3345400085.4492188
2011-06-15 07:13:00,1.43604,1.43625,1.43604,1.43619,2291100006.1035156
2011-06-15 07:14:00,1.43619,1.43639,1.43617,1.43639,2011600036.6210938
2011-06-15 07:15:00,1.43641,1.4366,1.43614,1.43617,2562900085.4492188
2011-06-15 07:16:00,1.43616,1.43628,1.43603,1.43625,1968399963.3789062
2011-06-15 07:17:00,1.43624,1.43631,1.43604,1.43616,1614100036.6210938
2011-06-15 07:18:00,1.43618,1.43634,1.4359,1.43595,2933299865.7226562
2011-06-15 07:19:00,1.43595,1.43635,1.43586,1.43635,1940099945.0683594
2011-06-15 07:20:00,1.43635,1.4365,1.43623,1.43635,2907799987.7929688
2011-06-15 07:21:00,1.43638,1.43656,1.43624,1.43656,1556999969.4824219
2011-06-15 07:22:00,1.43656,1.4368,1.43651,1.43668,2090000000.0
2011-06-15 07:23:00,1.43669,1.4367,1.43657,1.43666,1180299987.7929688
2011-06-15 07:24:00,1.43665,1.43691,1.43665,1.43676,1582599945.0683594
2011-06-15 07:25:00,1.43675,1.43707,1.43672,1.43701,2573200073.2421875
2011-06-15 07:26:00,1.43701,1.4374,1.43699,1.43726,2504600067.138672
2011-06-15 07:27:00,1.43726,1.43739,1.43714,1.43716,2423500061.0351562
2011-06-15 07:28:00,1.4372,1.43738,1.43715,1.43735,2365500030.517578
2011-06-15 07:29:00,1.43733,1.43742,1.43687,1.43715,3236600036.6210938
2011-06-15 07:30:00,1.43718,1.43761,1.43718,1.43753,2842900085.4492188
2011-06-15 07:31:00,1.43753,1.43759,1.43699,1.43709,2928599853.515625
2011-06-15 07:32:00,1.4371,1.4371,1.43665,1.43666,2248699951.171875
2011-06-15 07:33:00,1.43665,1.43667,1.43633,1.43634,1873099975.5859375
2011-06-15 07:34:00,1.43633,1.43658,1.43633,1.43638,2293699951.171875
2011-06-15 07:35:00,1.4364,1.43655,1.43615,1.43616,2046199951.171875
2011-06-15 07:36:00,1.43615,1.43632,1.4359,1.43625,2427899932.861328
2011-06-15 07:37:00,1.43631,1.43651,1.4361,1.43614,1863099975.5859375
2011-06-15 07:38:00,1.43612,1.43617,1.43575,1.43575,2503200073.2421875
2011-06-15 07:39:00,1.43573,1.43573,1.43534,1.43564,2451900024.4140625
2011-06-15 07:40:00,1.43564,1.4365,1.43557,1.43649,3005100097.65625
2011-06-15 07:41:00,1.43643,1.43651,1.43625,1.43645,2751600036.6210938
2011-06-15 07:42:00,1.43645,1.43684,1.43625,1.43672,2706400146.484375
2011-06-15 07:43:00,1.43672,1.43681,1.43655,1.43672,2107100067.1386719
2011-06-15 07:44:00,1.43665,1.43703,1.43665,1.43694,1888399963.3789062
2011-06-15 07:45:00,1.43694,1.43719,1.43694,1.4371,2211399993.8964844
2011-06-15 07:46:00,1.43711,1.43733,1.43683,1.43733,1992799987.7929688
2011-06-15 07:47:00,1.43733,1.43744,1.43723,1.4374,2104299926.7578125
2011-06-15 07:48:00,1.43742,1.43756,1.43725,1.43725,1719900054.9316406
2011-06-15 07:49:00,1.43725,1.43737,1.43723,1.43732,1137900009.1552734
2011-06-15 07:50:00,1.43732,1.43735,1.43716,1.43728,1792200012.2070312
2011-06-15 07:51:00,1.43728,1.43728,1.43693,1.43693,1920599975.5859375
2011-06-15 07:52:00,1.43693,1.43699,1.43672,1.43685,2161300048.828125
2011-06-15 07:53:00,1.43681,1.43681,1.43664,1.43668,1231600036.6210938
2011-06-15 07:54:00,1.43668,1.43669,1.43642,1.43642,1925899963.3789062
2011-06-15 07:55:00,1.43636,1.43648,1.43625,1.43637,2031999969.4824219
2011-06-15 07:56:00,1.43636,1.43664,1.43635,1.43657,1780700073.2421875
2011-06-15 07:57:00,1.43657,1.43689,1.43645,1.43663,1917400054.9316406
2011-06-15 07:58:00,1.43663,1.43717,1.4366,1.43716,2039199981.6894531
2011-06-15 07:59:00,1.43716,1.43731,1.43709,1.4371,2434700012.2070312
2011-06-15 08:00:00,1.4371,1.4371,1.43693,1.43696,1744600067.1386719
2011-06-15 08:01:00,1.43696,1.43696,1.43659,1.43668,1803500061.0351562
2011-06-15 08:02:00,1.43668,1.43668,1.43645,1.43648,1597200012.2070312
2011-06-15 08:03:00,1.43649,1.43663,1.43645,1.43662,1407799987.7929688
2011-06-15 08:04:00,1.43661,1.43694,1.43659,1.43675,1781499938.9648438
2011-06-15 08:05:00,1.43673,1.43676,1.43655,1.43662,2393600006.1035156
2011-06-15 08:06:00,1.43662,1.43681,1.4365,1.43677,2006699981.6894531
2011-06-15 08:07:00,1.43678,1.43683,1.43662,1.43671,1225299987.7929688
2011-06-15 08:08:00,1.43671,1.43677,1.4366,1.43672,1458899993.8964844
2011-06-15 08:09:00,1.43671,1.4369,1.43662,1.4369,1235800018.3105469
2011-06-15 08:10:00,1.43687,1.43688,1.4367,1.43681,1253000030.5175781
2011-06-15 08:11:00,1.43681,1.43686,1.43669,1.43682,1327899932.8613281
2011-06-15 08:12:00,1.43682,1.43704,1.43678,1.43704,1767200012.2070312
2011-06-15 08:13:00,1.43704,1.43721,1.43694,1.4371,3450299987.7929688
2011-06-15 08:14:00,1.4371,1.4372,1.43704,1.43708,2618900146.484375
2011-06-15 08:15:00,1.43716,1.43749,1.43715,1.43742,3179500122.0703125
2011-06-15 08:16:00,1.43742,1.43749,1.43705,1.43722,2326600036.6210938
2011-06-15 08:17:00,1.43722,1.43747,1.43717,1.43744,1387799987.7929688
2011-06-15 08:18:00,1.43748,1.43769,1.43743,1.43759,1837100067.1386719
2011-06-15 08:19:00,1.43759,1.43773,1.43743,1.4375,2748500061.0351562
2011-06-15 08:20:00,1.4375,1.4375,1.43727,1.43736,1414100036.6210938
2011-06-15 08:21:00,1.43734,1.43734,1.43726,1.43731,1653399963.3789062
2011-06-15 08:22:00,1.43728,1.43744,1.43727,1.43737,1753300018.3105469
2011-06-15 08:23:00,1.43737,1.4375,1.43735,1.43736,1887700042.7246094
2011-06-15 08:24:00,1.43738,1.43754,1.43738,1.43738,1287500000.0
2011-06-15 08:25:00,1.43739,1.4376,1.43732,1.4376,1077300033.569336
2011-06-15 08:26:00,1.43759,1.43764,1.43741,1.43744,2209700012.2070312
2011-06-15 08:27:00,1.43744,1.43767,1.4374,1.43746,2551999969.482422
2011-06-15 08:28:00,1.43747,1.4377,1.4374,1.43758,1536900024.4140625
2011-06-15 08:29:00,1.43758,1.4376,1.43743,1.43747,1213499984.741211
2011-06-15 08:30:00,1.43747,1.43756,1.43694,1.43706,2832600097.65625
2011-06-15 08:31:00,1.43705,1.4371,1.4367,1.43676,1910899963.3789062
2011-06-15 08:32:00,1.43674,1.43715,1.43673,1.43692,2073300018.3105469
2011-06-15 08:33:00,1.43692,1.43697,1.43669,1.43677,1612899932.8613281
2011-06-15 08:34:00,1.43679,1.4368,1.43628,1.43642,2240599975.5859375
2011-06-15 08:35:00,1.43642,1.43651,1.43604,1.43619,2370700073.2421875
2011-06-15 08:36:00,1.43619,1.43636,1.43613,1.43626,1911100006.1035156
2011-06-15 08:37:00,1.43626,1.43628,1.43608,1.43611,1912100067.1386719
2011-06-15 08:38:00,1.43611,1.43617,1.43553,1.43553,2463399963.3789062
2011-06-15 08:39:00,1.43551,1.43554,1.43531,1.4355,3175700073.2421875
2011-06-15 08:40:00,1.4355,1.43557,1.4348,1.43492,3247799987.7929688
2011-06-15 08:41:00,1.43495,1.43549,1.43495,1.43549,3100899963.3789062
2011-06-15 08:42:00,1.43548,1.43548,1.43491,1.43506,2946000061.0351562
2011-06-15 08:43:00,1.43507,1.43531,1.43503,1.43528,2181100006.1035156
2011-06-15 08:44:00,1.43527,1.4356,1.43522,1.4355,2886000061.0351562
2011-06-15 08:45:00,1.4355,1.43561,1.4355,1.43559,1778399963.3789062
2011-06-15 08:46:00,1.43559,1.4357,1.43559,1.43566,1965200042.7246094
2011-06-15 08:47:00,1.43565,1.43565,1.43532,1.43542,1972799987.7929688
2011-06-15 08:48:00,1.4354,1.43565,1.43533,1.43558,1893899993.8964844
2011-06-15 08:49:00,1.43557,1.43581,1.43543,1.4356,2061100006.1035156
2011-06-15 08:50:00,1.43559,1.43574,1.43548,1.43572,1410399932.8613281
2011-06-15 08:51:00,1.43574,1.43581,1.43564,1.43564,1272799987.7929688
2011-06-15 08:52:00,1.43562,1.43562,1.43533,1.43553,1736300048.828125
2011-06-15 08:53:00,1.43552,1.43553,1.4353,1.43546,1968600006.1035156
2011-06-15 08:54:00,1.43549,1.4355,1.43512,1.43517,2677000122.0703125
2011-06-15 08:55:00,1.43524,1.43525,1.43489,1.43491,2132799987.7929688
2011-06-15 08:56:00,1.43496,1.43496,1.43445,1.43462,2437100067.138672
2011-06-15 08:57:00,1.43462,1.43467,1.43402,1.4341,2670799865.7226562
2011-06-15 08:58:00,1.4341,1.4341,1.43378,1.43398,2929299926.7578125
2011-06-15 08:59:00,1.43397,1.43428,1.43355,1.43355,4499899902.34375
2011-06-15 09:00:00,1.4335,1.43382,1.43349,1.43371,4125899963.3789062
2011-06-15 09:01:00,1.43369,1.43401,1.43367,1.43401,3208900146.484375
2011-06-15 09:02:00,1.43401,1.43417,1.43385,1.43409,3671900024.4140625
2011-06-15 09:03:00,1.43409,1.43424,1.43387,1.43402,3365700073.2421875
2011-06-15 09:04:00,1.43402,1.43402,1.4336,1.4338,3655000000.0
2011-06-15 09:05:00,1.43384,1.43387,1.43328,1.43345,2817699890.1367188
2011-06-15 09:06:00,1.43345,1.43356,1.43332,1.43333,1968500061.0351562
2011-06-15 09:07:00,1.43333,1.43341,1.4328,1.43293,3105000000.0
2011-06-15 09:08:00,1.43293,1.43338,1.43288,1.43331,2531000061.0351562
2011-06-15 09:09:00,1.4333,1.43338,1.43317,1.43321,2692000122.0703125
2011-06-15 09:10:00,1.43322,1.43328,1.43313,1.43322,1751100006.1035156
2011-06-15 09:11:00,1.43322,1.43359,1.43314,1.43353,1730899963.3789062
2011-06-15 09:12:00,1.43354,1.43386,1.43354,1.43383,3414800109.8632812
2011-06-15 09:13:00,1.43383,1.43391,1.43362,1.4337,3362699890.1367188
2011-06-15 09:14:00,1.4337,1.4338,1.43362,1.43367,2329400024.4140625
2011-06-15 09:15:00,1.43366,1.43373,1.43299,1.43327,3804299926.7578125
2011-06-15 09:16:00,1.43323,1.43323,1.43272,1.43288,2983999938.9648438
2011-06-15 09:17:00,1.43288,1.43327,1.43288,1.43318,1786699981.6894531
2011-06-15 09:18:00,1.43313,1.43313,1.43274,1.43283,2073999938.9648438
2011-06-15 09:19:00,1.43283,1.43322,1.43277,1.4332,2438800048.828125
2011-06-15 09:20:00,1.43318,1.43326,1.433,1.43321,1978699951.171875
2011-06-15 09:21:00,1.4332,1.43329,1.43301,1.43324,1859900054.9316406
2011-06-15 09:22:00,1.43322,1.4334,1.43313,1.43333,1428099975.5859375
2011-06-15 09:23:00,1.43338,1.43343,1.43327,1.43336,1782100067.1386719
2011-06-15 09:24:00,1.43335,1.43342,1.43331,1.43331,1098899993.8964844
2011-06-15 09:25:00,1.43329,1.43341,1.43314,1.4333,3029899902.34375
2011-06-15 09:26:00,1.4333,1.43347,1.43319,1.43327,2829400024.4140625
2011-06-15 09:27:00,1.43327,1.43339,1.4326,1.43266,3380400085.4492188
2011-06-15 09:28:00,1.43266,1.43291,1.43234,1.43234,3313399963.3789062
2011-06-15 09:29:00,1.43232,1.43232,1.43166,1.4321,3049100036.6210938
2011-06-15 09:30:00,1.4321,1.4321,1.43171,1.43179,3109200134.2773438
2011-06-15 09:31:00,1.4318,1.4318,1.43129,1.43144,3834500122.0703125
2011-06-15 09:32:00,1.43144,1.43164,1.43071,1.43115,4115100097.65625
2011-06-15 09:33:00,1.43113,1.43131,1.43087,1.43096,3537000122.0703125
2011-06-15 09:34:00,1.431,1.43115,1.43083,1.43096,2967300109.8632812
2011-06-15 09:35:00,1.43097,1.43099,1.43031,1.43039,3495400085.4492188
2011-06-15 09:36:00,1.4304,1.43049,1.43022,1.43037,3192999877.9296875
2011-06-15 09:37:00,1.43034,1.43069,1.43033,1.43058,2633699951.171875
2011-06-15 09:38:00,1.43062,1.4308,1.43054,1.4307,2547899932.861328
2011-06-15 09:39:00,1.43073,1.43076,1.43029,1.43033,2975899963.3789062
2011-06-15 09:40:00,1.43033,1.43057,1.42988,1.43018,3798200073.2421875
2011-06-15 09:41:00,1.4302,1.43047,1.43016,1.43037,3212900085.4492188
2011-06-15 09:42:00,1.43042,1.43112,1.4304,1.43105,3844200134.2773438
2011-06-15 09:43:00,1.43102,1.43131,1.43099,1.43122,3303500061.0351562
2011-06-15 09:44:00,1.43123,1.43158,1.43117,1.43141,3437900085.4492188
2011-06-15 09:45:00,1.43141,1.4315,1.4312,1.4313,2030700073.2421875
2011-06-15 09:46:00,1.43129,1.43162,1.43129,1.43151,1865000000.0
2011-06-15 09:47:00,1.43152,1.43156,1.43124,1.43131,1445800018.3105469
2011-06-15 09:48:00,1.4313,1.43142,1.43125,1.43139,2199199981.689453
2011-06-15 09:49:00,1.43139,1.43142,1.43087,1.43087,2834599914.5507812
2011-06-15 09:50:00,1.43087,1.43098,1.43069,1.43079,2262599945.0683594
2011-06-15 09:51:00,1.43078,1.43102,1.43078,1.43093,1499400024.4140625
2011-06-15 09:52:00,1.43092,1.4312,1.43089,1.43116,2242700042.7246094
2011-06-15 09:53:00,1.43115,1.43151,1.43093,1.43139,2481000061.0351562
2011-06-15 09:54:00,1.4314,1.43162,1.43139,1.43158,1613500061.0351562
2011-06-15 09:55:00,1.43157,1.43165,1.43129,1.4313,1964299926.7578125
2011-06-15 09:56:00,1.43129,1.43147,1.4312,1.43133,2096600036.6210938
2011-06-15 09:57:00,1.43132,1.43163,1.43132,1.43153,1750000000.0
2011-06-15 09:58:00,1.43153,1.43167,1.43147,1.43153,1236200027.4658203
2011-06-15 09:59:00,1.43153,1.43167,1.4315,1.43151,1981699981.6894531
2011-06-15 10:00:00,1.43151,1.43162,1.43146,1.43153,1973099975.5859375
2011-06-15 10:01:00,1.43151,1.43159,1.4315,1.43156,999700012.2070312
2011-06-15 10:02:00,1.43156,1.4317,1.43154,1.4317,1493800048.828125
2011-06-15 10:03:00,1.43171,1.43205,1.43169,1.43171,2015599975.5859375
2011-06-15 10:04:00,1.43172,1.43181,1.43158,1.43163,1691100006.1035156
2011-06-15 10:05:00,1.43163,1.43167,1.43137,1.43138,1822100067.1386719
2011-06-15 10:06:00,1.4314,1.43141,1.43107,1.43118,1976100006.1035156
2011-06-15 10:07:00,1.43116,1.43126,1.43086,1.43087,2193500061.0351562
2011-06-15 10:08:00,1.43088,1.43108,1.43055,1.43083,2723500061.0351562
2011-06-15 10:09:00,1.43081,1.4309,1.43063,1.43063,2115399932.8613281
2011-06-15 10:10:00,1.43063,1.43063,1.43036,1.43055,2062899932.8613281
2011-06-15 10:11:00,1.43054,1.43073,1.43054,1.43071,967900009.1552734
2011-06-15 10:12:00,1.43069,1.43081,1.43041,1.43044,1836300048.828125
2011-06-15 10:13:00,1.43045,1.4306,1.43034,1.43041,2497799987.7929688
2011-06-15 10:14:00,1.43034,1.43087,1.43034,1.43077,2488800048.828125
2011-06-15 10:15:00,1.43078,1.4313,1.43078,1.43124,2640499877.9296875
2011-06-15 10:16:00,1.43124,1.43125,1.43092,1.43107,2563800048.828125
2011-06-15 10:17:00,1.4311,1.43127,1.4311,1.43115,1455899963.3789062
2011-06-15 10:18:00,1.43115,1.43129,1.43103,1.43103,1198700027.4658203
2011-06-15 10:19:00,1.43105,1.43111,1.43071,1.43086,1249700012.2070312
2011-06-15 10:20:00,1.43088,1.43102,1.43066,1.43077,2851600036.6210938
2011-06-15 10:21:00,1.43077,1.43103,1.43077,1.43097,1334499969.4824219
2011-06-15 10:22:00,1.43093,1.4312,1.43083,1.43107,1481300048.828125
2011-06-15 10:23:00,1.43107,1.43156,1.43106,1.43146,1809299926.7578125
2011-06-15 10:24:00,1.43145,1.43147,1.43137,1.43143,1221999969.4824219
2011-06-15 10:25:00,1.43146,1.43162,1.43145,1.43161,2110500030.5175781
2011-06-15 10:26:00,1.43162,1.43182,1.43159,1.4316,1885299987.7929688
2011-06-15 10:27:00,1.4316,1.43169,1.43151,1.43157,1215000000.0
2011-06-15 10:28:00,1.43157,1.43178,1.43152,1.43174,1526600036.6210938
2011-06-15 10:29:00,1.43171,1.43197,1.43169,1.43189,1467100067.1386719
2011-06-15 10:30:00,1.43191,1.43198,1.43186,1.43188,1609199981.6894531
2011-06-15 10:31:00,1.43188,1.43197,1.43167,1.43176,1417299957.2753906
2011-06-15 10:32:00,1.43176,1.43182,1.43163,1.43165,838799972.5341797
2011-06-15 10:33:00,1.43167,1.43176,1.43142,1.43175,2048000030.5175781
2011-06-15 10:34:00,1.4317,1.4317,1.43148,1.43155,1934299926.7578125
2011-06-15 10:35:00,1.43153,1.43169,1.43144,1.43149,1502700042.7246094
2011-06-15 10:36:00,1.43149,1.43157,1.43117,1.43119,1868099975.5859375
2011-06-15 10:37:00,1.43115,1.43119,1.43077,1.43101,2388699951.171875
2011-06-15 10:38:00,1.43103,1.43107,1.43056,1.43083,2254700012.2070312
2011-06-15 10:39:00,1.43082,1.4312,1.43074,1.43107,2274700012.2070312
2011-06-15 10:40:00,1.43108,1.43143,1.43108,1.43117,3444100036.6210938
2011-06-15 10:41:00,1.43119,1.43176,1.43119,1.43148,2175899963.3789062
2011-06-15 10:42:00,1.4315,1.43163,1.43144,1.43151,1751300048.828125
2011-06-15 10:43:00,1.43151,1.43169,1.43151,1.43165,1946999969.4824219
2011-06-15 10:44:00,1.43166,1.43175,1.43144,1.43151,1651600036.6210938
2011-06-15 10:45:00,1.43154,1.43154,1.4313,1.43139,1155299987.7929688
2011-06-15 10:46:00,1.4314,1.43147,1.43131,1.43136,1701799926.7578125
2011-06-15 10:47:00,1.43137,1.43144,1.43116,1.43118,2924100036.6210938
2011-06-15 10:48:00,1.4312,1.43139,1.4312,1.43139,1059199981.6894531
2011-06-15 10:49:00,1.43138,1.4316,1.4313,1.43137,2362899932.861328
2011-06-15 10:50:00,1.43136,1.43146,1.43127,1.43129,2102200012.2070312
2011-06-15 10:51:00,1.43129,1.43138,1.43126,1.43133,720199966.4306641
2011-06-15 10:52:00,1.43135,1.43147,1.4312,1.4312,2115700073.2421875
2011-06-15 10:53:00,1.43121,1.43138,1.43083,1.43085,1989700012.2070312
2011-06-15 10:54:00,1.43085,1.43086,1.43026,1.43032,2188300018.310547
2011-06-15 10:55:00,1.43032,1.43032,1.43011,1.43025,2149100036.6210938
2011-06-15 10:56:00,1.43028,1.43038,1.43023,1.43025,1296600036.6210938
2011-06-15 10:57:00,1.43025,1.43028,1.42956,1.42965,3645199890.1367188
2011-06-15 10:58:00,1.42967,1.42972,1.42928,1.42947,3197500000.0
2011-06-15 10:59:00,1.42945,1.42959,1.42934,1.42949,2484400024.4140625
2011-06-15 11:00:00,1.42948,1.42985,1.42939,1.42983,3673800048.828125
2011-06-15 11:01:00,1.42985,1.42996,1.42974,1.4299,2150299987.7929688
2011-06-15 11:02:00,1.42991,1.43039,1.42986,1.43028,3002099914.5507812
2011-06-15 11:03:00,1.43031,1.43041,1.43021,1.43027,2828500061.0351562
2011-06-15 11:04:00,1.43028,1.43051,1.43028,1.43045,3013900146.484375
2011-06-15 11:05:00,1.43044,1.43048,1.43012,1.4302,2767799987.7929688
2011-06-15 11:06:00,1.43021,1.43041,1.43021,1.43023,1943800048.828125
2011-06-15 11:07:00,1.43023,1.43036,1.42981,1.42983,2821700134.2773438
2011-06-15 11:08:00,1.42983,1.43019,1.42974,1.43018,2372299957.2753906
2011-06-15 11:09:00,1.43018,1.43039,1.43013,1.43038,2083600006.1035156
2011-06-15 11:10:00,1.43037,1.43049,1.4302,1.4302,1560200042.7246094
2011-06-15 11:11:00,1.43019,1.43019,1.42986,1.43004,1537799987.7929688
2011-06-15 11:12:00,1.43003,1.43069,1.42998,1.43043,2663200073.2421875
2011-06-15 11:13:00,1.43042,1.43047,1.43022,1.43027,2330800018.310547
2011-06-15 11:14:00,1.43029,1.43033,1.43004,1.43007,1293899993.8964844
2011-06-15 11:15:00,1.43008,1.43008,1.42975,1.42988,1450599975.5859375
2011-06-15 11:16:00,1.42987,1.42987,1.4296,1.42972,2110299987.7929688
2011-06-15 11:17:00,1.42972,1.4298,1.42965,1.42978,2494600067.138672
2011-06-15 11:18:00,1.42978,1.43029,1.42978,1.43015,2458800048.828125
2011-06-15 11:19:00,1.43015,1.43039,1.42991,1.43036,1856600036.6210938
2011-06-15 11:20:00,1.43035,1.43047,1.43029,1.43046,1584299926.7578125
2011-06-15 11:21:00,1.43048,1.43061,1.43047,1.4306,1673600006.1035156
2011-06-15 11:22:00,1.4306,1.43068,1.43047,1.43068,1381100006.1035156
2011-06-15 11:23:00,1.43067,1.431,1.43067,1.43075,2319499969.482422
2011-06-15 11:24:00,1.43076,1.43109,1.4306,1.43089,2266300048.828125
2011-06-15 11:25:00,1.43087,1.43087,1.43066,1.43077,2208099975.5859375
2011-06-15 11:26:00,1.43077,1.43087,1.4307,1.43071,1129300003.0517578
2011-06-15 11:27:00,1.43073,1.43091,1.43073,1.43091,886200027.4658203
2011-06-15 11:28:00,1.43091,1.43137,1.43091,1.43125,1901100006.1035156
2011-06-15 11:29:00,1.43122,1.43124,1.43104,1.43111,1335899963.3789062
2011-06-15 11:30:00,1.43117,1.43127,1.431,1.43124,1906499938.9648438
2011-06-15 11:31:00,1.43124,1.43147,1.43123,1.43138,1506300048.828125
2011-06-15 11:32:00,1.43137,1.43157,1.43124,1.43135,1809299926.7578125
2011-06-15 11:33:00,1.43134,1.43143,1.43117,1.43132,1703399963.3789062
2011-06-15 11:34:00,1.43128,1.4314,1.43127,1.43131,944400024.4140625
2011-06-15 11:35:00,1.43131,1.43169,1.43112,1.43161,2098800048.828125
2011-06-15 11:36:00,1.43159,1.43168,1.43152,1.43162,1914499969.4824219
2011-06-15 11:37:00,1.43161,1.43169,1.4315,1.43154,1714700012.2070312
2011-06-15 11:38:00,1.43154,1.43162,1.43139,1.43152,2288699951.171875
2011-06-15 11:39:00,1.43151,1.43157,1.43127,1.43127,1155699996.9482422
2011-06-15 11:40:00,1.43127,1.4313,1.43087,1.43097,2163699951.171875
2011-06-15 11:41:00,1.43098,1.43114,1.43092,1.43098,1808899993.8964844
2011-06-15 11:42:00,1.43099,1.4311,1.43084,1.431,1132600021.3623047
2011-06-15 11:43:00,1.43101,1.43112,1.43095,1.43097,1420099945.0683594
2011-06-15 11:44:00,1.43097,1.43106,1.43086,1.43086,747600021.3623047
2011-06-15 11:45:00,1.43086,1.43097,1.43082,1.43091,1596600036.6210938
2011-06-15 11:46:00,1.4309,1.43097,1.43085,1.43089,1052399978.6376953
2011-06-15 11:47:00,1.43087,1.43103,1.43084,1.4309,1386699981.6894531
2011-06-15 11:48:00,1.43088,1.43092,1.43083,1.43087,1151900024.4140625
2011-06-15 11:49:00,1.43088,1.43089,1.43083,1.43086,776999969.4824219
2011-06-15 11:50:00,1.43085,1.43087,1.43071,1.43071,1438699951.171875
2011-06-15 11:51:00,1.4307,1.4307,1.43053,1.43058,1449799957.2753906
2011-06-15 11:52:00,1.43061,1.43063,1.4302,1.43021,2128699951.171875
2011-06-15 11:53:00,1.43019,1.4302,1.42987,1.42997,2579500122.0703125
2011-06-15 11:54:00,1.42995,1.43024,1.42987,1.43009,2101000061.0351562
2011-06-15 11:55:00,1.43006,1.43027,1.42999,1.43026,1490399932.8613281
2011-06-15 11:56:00,1.43028,1.4304,1.43004,1.43006,1462500000.0
2011-06-15 11:57:00,1.43006,1.43006,1.4297,1.42973,1847899932.8613281
2011-06-15 11:58:00,1.42975,1.43014,1.42975,1.42988,1890500030.5175781
2011-06-15 11:59:00,1.42987,1.42987,1.42933,1.42943,2185000000.0
2011-06-15 12:00:00,1.42943,1.42953,1.42934,1.42949,2201699981.689453
2011-06-15 12:01:00,1.4295,1.42957,1.42947,1.4295,1744199981.6894531
2011-06-15 12:02:00,1.4295,1.42969,1.4295,1.42967,2170099945.0683594
2011-06-15 12:03:00,1.42968,1.4298,1.4296,1.4297,2266000061.0351562
2011-06-15 12:04:00,1.4297,1.42989,1.42968,1.42985,2861499938.9648438
2011-06-15 12:05:00,1.42987,1.43008,1.42985,1.43005,2665000000.0
2011-06-15 12:06:00,1.43007,1.43011,1.42965,1.42966,3233699951.171875
2011-06-15 12:07:00,1.4296,1.42961,1.4292,1.42932,2694599914.5507812
2011-06-15 12:08:00,1.42932,1.42937,1.429,1.42917,1947299957.2753906
2011-06-15 12:09:00,1.42919,1.42928,1.42904,1.42915,1755899963.3789062
2011-06-15 12:10:00,1.42915,1.42929,1.42902,1.4291,1973099975.5859375
2011-06-15 12:11:00,1.42911,1.42918,1.42903,1.42907,2022599945.0683594
2011-06-15 12:12:00,1.42907,1.42907,1.4289,1.429,1488099975.5859375
2011-06-15 12:13:00,1.42899,1.42929,1.4289,1.42928,2297500000.0
2011-06-15 12:14:00,1.42933,1.42945,1.42919,1.42919,4262200012.2070312
2011-06-15 12:15:00,1.42916,1.42935,1.42916,1.42921,3318699951.171875
2011-06-15 12:16:00,1.42921,1.42929,1.42867,1.42899,4101000061.0351562
2011-06-15 12:17:00,1.42901,1.42941,1.42891,1.42941,2152200012.2070312
2011-06-15 12:18:00,1.42941,1.42951,1.42929,1.42933,1858699951.171875
2011-06-15 12:19:00,1.42932,1.42961,1.42915,1.4293,2654500122.0703125
2011-06-15 12:20:00,1.42927,1.42927,1.42886,1.42896,2354799957.2753906
2011-06-15 12:21:00,1.42896,1.42912,1.42887,1.42899,2312400054.9316406
2011-06-15 12:22:00,1.42899,1.42909,1.42863,1.4288,2324900054.9316406
2011-06-15 12:23:00,1.4288,1.4288,1.42817,1.42832,3862300109.8632812
2011-06-15 12:24:00,1.4283,1.42859,1.42822,1.42855,3111499938.9648438
2011-06-15 12:25:00,1.42855,1.42869,1.42841,1.4286,2133699951.171875
2011-06-15 12:26:00,1.42855,1.42865,1.42821,1.42828,2185700073.2421875
2011-06-15 12:27:00,1.42826,1.42849,1.42823,1.42841,1559299926.7578125
2011-06-15 12:28:00,1.42843,1.42873,1.42843,1.42859,1901199951.171875
2011-06-15 12:29:00,1.42859,1.42872,1.42846,1.42867,2112700042.7246094
2011-06-15 12:30:00,1.42873,1.42873,1.42799,1.42807,3945799865.7226562
2011-06-15 12:31:00,1.42805,1.42805,1.42669,1.42676,4354899902.34375
2011-06-15 12:32:00,1.42675,1.42708,1.4265,1.4265,3669800109.8632812
2011-06-15 12:33:00,1.4265,1.42721,1.42638,1.42718,3763500061.0351562
2011-06-15 12:34:00,1.42718,1.42741,1.42698,1.4273,4808399963.378906
2011-06-15 12:35:00,1.42731,1.42758,1.42689,1.42701,3961400146.484375
2011-06-15 12:36:00,1.42701,1.4275,1.42701,1.4275,3547900085.4492188
2011-06-15 12:37:00,1.42749,1.42761,1.42691,1.42739,3174400024.4140625
2011-06-15 12:38:00,1.42739,1.4276,1.4272,1.42732,3807799987.7929688
2011-06-15 12:39:00,1.42733,1.42759,1.42719,1.42754,3261900024.4140625
2011-06-15 12:40:00,1.42754,1.42768,1.42729,1.4274,2313500061.0351562
2011-06-15 12:41:00,1.4274,1.4274,1.42686,1.42691,2852900085.4492188
2011-06-15 12:42:00,1.42693,1.42699,1.42664,1.42692,2931600036.6210938
2011-06-15 12:43:00,1.42691,1.42738,1.42686,1.42733,4225700073.2421875
2011-06-15 12:44:00,1.42732,1.42745,1.42715,1.4273,2775799865.7226562
2011-06-15 12:45:00,1.42733,1.42814,1.42729,1.42807,2976799926.7578125
2011-06-15 12:46:00,1.42806,1.42815,1.42779,1.42795,3073599853.515625
2011-06-15 12:47:00,1.42797,1.428,1.42773,1.42785,2718999938.9648438
2011-06-15 12:48:00,1.42783,1.42789,1.42758,1.42768,2460000000.0
2011-06-15 12:49:00,1.42769,1.42804,1.42769,1.42789,2628099975.5859375
2011-06-15 12:50:00,1.42789,1.42832,1.42789,1.4282,3084700012.2070312
2011-06-15 12:51:00,1.42822,1.42841,1.42809,1.42829,2375099945.0683594
2011-06-15 12:52:00,1.4283,1.42873,1.42829,1.42863,2320399932.861328
2011-06-15 12:53:00,1.42863,1.42877,1.42856,1.42871,2226100006.1035156
2011-06-15 12:54:00,1.42872,1.42878,1.42853,1.42866,2784400024.4140625
2011-06-15 12:55:00,1.42866,1.4288,1.42857,1.42876,2462400054.9316406
2011-06-15 12:56:00,1.42876,1.42876,1.4285,1.42851,1566600036.6210938
2011-06-15 12:57:00,1.42851,1.42851,1.42833,1.42839,1070500030.5175781
2011-06-15 12:58:00,1.42839,1.42859,1.42831,1.42849,1857400054.9316406
2011-06-15 12:59:00,1.42845,1.42848,1.42831,1.42848,1538200073.2421875
2011-06-15 13:00:00,1.42849,1.42858,1.42837,1.42841,1396799926.7578125
2011-06-15 13:01:00,1.42837,1.42837,1.42811,1.42836,2309299926.7578125
2011-06-15 13:02:00,1.42837,1.42845,1.42813,1.42829,2444799957.2753906
2011-06-15 13:03:00,1.42829,1.42841,1.42825,1.42837,2097799987.7929688
2011-06-15 13:04:00,1.42837,1.42843,1.42819,1.42824,1342599945.0683594
2011-06-15 13:05:00,1.42824,1.42825,1.4275,1.4275,2142500000.0
2011-06-15 13:06:00,1.42751,1.42756,1.42713,1.4274,2927500000.0
2011-06-15 13:07:00,1.42739,1.42749,1.42723,1.42741,2557400054.9316406
2011-06-15 13:08:00,1.42741,1.42748,1.4267,1.4267,3317799987.7929688
2011-06-15 13:09:00,1.42668,1.42725,1.42668,1.42702,2201199951.171875
2011-06-15 13:10:00,1.42703,1.42743,1.42695,1.42733,2176799926.7578125
2011-06-15 13:11:00,1.42732,1.42732,1.42655,1.42688,4197699890.1367188
2011-06-15 13:12:00,1.42687,1.42719,1.42683,1.42714,3236600036.6210938
2011-06-15 13:13:00,1.42715,1.42761,1.42714,1.42757,3479800109.8632812
2011-06-15 13:14:00,1.42757,1.4276,1.42746,1.42746,2002899932.8613281
2011-06-15 13:15:00,1.42746,1.42753,1.42725,1.42735,2155899963.3789062
2011-06-15 13:16:00,1.42735,1.4282,1.42735,1.42813,2881499938.9648438
2011-06-15 13:17:00,1.42813,1.42858,1.42812,1.42841,2694599914.5507812
2011-06-15 13:18:00,1.42839,1.42855,1.42825,1.42837,3265100097.65625
2011-06-15 13:19:00,1.42839,1.42863,1.42826,1.42856,3740599975.5859375
2011-06-15 13:20:00,1.42856,1.42858,1.42837,1.42854,2513500061.0351562
2011-06-15 13:21:00,1.42854,1.42922,1.42841,1.42911,3725100097.65625
2011-06-15 13:22:00,1.4291,1.42923,1.42875,1.4288,2814500122.0703125
2011-06-15 13:23:00,1.42878,1.42929,1.42855,1.42913,2260099945.0683594
2011-06-15 13:24:00,1.42913,1.42927,1.42897,1.42907,2535200042.7246094
2011-06-15 13:25:00,1.42906,1.42906,1.4287,1.42879,2190200042.7246094
2011-06-15 13:26:00,1.42883,1.42933,1.42871,1.4293,2345800018.310547
2011-06-15 13:27:00,1.42931,1.42947,1.42927,1.42944,1957400054.9316406
2011-06-15 13:28:00,1.42946,1.42951,1.42935,1.42942,2220599975.5859375
2011-06-15 13:29:00,1.42942,1.42945,1.42905,1.42906,2308399963.3789062
2011-06-15 13:30:00,1.42907,1.42909,1.42876,1.4288,2886400146.484375
2011-06-15 13:31:00,1.4288,1.42883,1.42851,1.42883,2652200012.2070312
2011-06-15 13:32:00,1.42885,1.42912,1.42855,1.42861,2852399902.34375
2011-06-15 13:33:00,1.42861,1.4289,1.4283,1.42889,3058500061.0351562
2011-06-15 13:34:00,1.42889,1.42921,1.42883,1.42907,2772500000.0
2011-06-15 13:35:00,1.42902,1.42934,1.42877,1.42884,2677999877.9296875
2011-06-15 13:36:00,1.42884,1.42919,1.42874,1.42897,3768099975.5859375
2011-06-15 13:37:00,1.42897,1.42913,1.42867,1.42876,2579200134.2773438
2011-06-15 13:38:00,1.42875,1.42902,1.42861,1.4289,2683999938.9648438
2011-06-15 13:39:00,1.42888,1.42891,1.42859,1.42877,3179599914.5507812
2011-06-15 13:40:00,1.42884,1.4289,1.4281,1.42865,3641700134.2773438
2011-06-15 13:41:00,1.42863,1.4289,1.42844,1.4289,2546100006.1035156
2011-06-15 13:42:00,1.42889,1.42929,1.42884,1.42929,3380599975.5859375
2011-06-15 13:43:00,1.4293,1.42952,1.42921,1.42948,2815700073.2421875
2011-06-15 13:44:00,1.42945,1.42962,1.42934,1.42954,3279599914.5507812
2011-06-15 13:45:00,1.4296,1.42969,1.42941,1.42945,2389499969.482422
2011-06-15 13:46:00,1.42948,1.42956,1.42916,1.42917,3236700134.2773438
2011-06-15 13:47:00,1.4292,1.42928,1.42887,1.42894,2139499969.4824219
2011-06-15 13:48:00,1.42895,1.4295,1.42895,1.42939,3025899963.3789062
2011-06-15 13:49:00,1.42939,1.42939,1.42892,1.42903,2576000061.0351562
2011-06-15 13:50:00,1.42905,1.4291,1.42886,1.42907,2039299926.7578125
2011-06-15 13:51:00,1.42907,1.42924,1.42875,1.42912,2550000000.0
2011-06-15 13:52:00,1.42913,1.42944,1.42913,1.4292,1906699981.6894531
2011-06-15 13:53:00,1.4292,1.42951,1.42909,1.4294,1884600067.1386719
2011-06-15 13:54:00,1.4294,1.42956,1.42931,1.42955,2095399932.8613281
2011-06-15 13:55:00,1.42957,1.42961,1.4295,1.42953,1952599945.0683594
2011-06-15 13:56:00,1.42953,1.42986,1.42953,1.42986,3136700134.2773438
2011-06-15 13:57:00,1.42986,1.43006,1.42974,1.42975,2673999938.9648438
2011-06-15 13:58:00,1.42975,1.42984,1.42961,1.42977,1803600006.1035156
2011-06-15 13:59:00,1.42978,1.43011,1.42978,1.43011,2317599945.0683594
2011-06-15 14:00:00,1.43009,1.43009,1.4297,1.42981,3134700012.2070312
2011-06-15 14:01:00,1.42981,1.43048,1.42981,1.4303,3476300048.828125
2011-06-15 14:02:00,1.43029,1.43061,1.43021,1.43021,3181700134.2773438
2011-06-15 14:03:00,1.43019,1.43042,1.42992,1.43032,2948200073.2421875
2011-06-15 14:04:00,1.43032,1.43045,1.42998,1.43013,2725199890.1367188
2011-06-15 14:05:00,1.43012,1.43037,1.43005,1.43011,2454900054.9316406
2011-06-15 14:06:00,1.43012,1.43031,1.43001,1.4303,2632600097.65625
2011-06-15 14:07:00,1.4303,1.43051,1.43024,1.43049,2007799987.7929688
2011-06-15 14:08:00,1.43049,1.43058,1.43023,1.43024,2319700012.2070312
2011-06-15 14:09:00,1.43024,1.43039,1.43011,1.43025,2152899932.861328
2011-06-15 14:10:00,1.43025,1.43025,1.43005,1.43019,2166399993.8964844
2011-06-15 14:11:00,1.43019,1.43019,1.42964,1.42981,2148300018.310547
2011-06-15 14:12:00,1.42981,1.42981,1.4294,1.42951,2560100097.65625
2011-06-15 14:13:00,1.42951,1.42958,1.42922,1.42956,2486000061.0351562
2011-06-15 14:14:00,1.42957,1.42963,1.42947,1.42959,1713300018.3105469
2011-06-15 14:15:00,1.4296,1.42971,1.4295,1.42971,2605299987.7929688
2011-06-15 14:16:00,1.4297,1.42987,1.42966,1.42976,1626999969.4824219
2011-06-15 14:17:00,1.42975,1.42989,1.42972,1.42981,1952700042.7246094
2011-06-15 14:18:00,1.42978,1.42982,1.42959,1.42959,1661799926.7578125
2011-06-15 14:19:00,1.42957,1.42967,1.42944,1.4295,1804199981.6894531
2011-06-15 14:20:00,1.42951,1.42963,1.42939,1.42953,1782400054.9316406
2011-06-15 14:21:00,1.42952,1.42961,1.42941,1.42951,1812100067.1386719
2011-06-15 14:22:00,1.42951,1.4297,1.42944,1.42965,1521399993.8964844
2011-06-15 14:23:00,1.42963,1.42963,1.4294,1.42945,1079100036.6210938
2011-06-15 14:24:00,1.42945,1.4295,1.42928,1.42943,1635299987.7929688
2011-06-15 14:25:00,1.42942,1.42943,1.42915,1.42923,2209799957.2753906
2011-06-15 14:26:00,1.42923,1.42931,1.42914,1.42922,1691799926.7578125
2011-06-15 14:27:00,1.42921,1.42923,1.42877,1.42881,2025000000.0
2011-06-15 14:28:00,1.42881,1.42881,1.42847,1.42849,2654800109.8632812
2011-06-15 14:29:00,1.42849,1.42862,1.42839,1.42855,1713600006.1035156
2011-06-15 14:30:00,1.42854,1.42878,1.42846,1.4287,2790700073.2421875
2011-06-15 14:31:00,1.4287,1.42899,1.4287,1.42885,2502799987.7929688
2011-06-15 14:32:00,1.42885,1.42885,1.42823,1.42843,1823500061.0351562
2011-06-15 14:33:00,1.42843,1.42843,1.42757,1.42757,3302099914.5507812
2011-06-15 14:34:00,1.42758,1.42792,1.4275,1.42782,2279799957.2753906
2011-06-15 14:35:00,1.42781,1.42781,1.42734,1.4276,3309100036.6210938
2011-06-15 14:36:00,1.4276,1.42779,1.42724,1.42761,2806499938.9648438
2011-06-15 14:37:00,1.42761,1.42799,1.42746,1.4277,2823299865.7226562
2011-06-15 14:38:00,1.42771,1.4279,1.42759,1.42771,1590899963.3789062
2011-06-15 14:39:00,1.42771,1.42793,1.42759,1.42785,1449400024.4140625
2011-06-15 14:40:00,1.42785,1.42828,1.42761,1.42805,2361900024.4140625
2011-06-15 14:41:00,1.42805,1.42828,1.42791,1.42819,2236000061.0351562
2011-06-15 14:42:00,1.42818,1.42841,1.42808,1.42814,2442599945.0683594
2011-06-15 14:43:00,1.42812,1.42867,1.42808,1.42839,3237699890.1367188
2011-06-15 14:44:00,1.42837,1.42874,1.42799,1.4281,2738800048.828125
2011-06-15 14:45:00,1.42808,1.42828,1.42797,1.42804,2429600067.138672
2011-06-15 14:46:00,1.42804,1.42851,1.42791,1.4285,2539700012.2070312
2011-06-15 14:47:00,1.42851,1.42893,1.42832,1.42881,3434100036.6210938
2011-06-15 14:48:00,1.42883,1.42949,1.42883,1.42938,2921600036.6210938
2011-06-15 14:49:00,1.42936,1.42985,1.42925,1.42982,3263099975.5859375
2011-06-15 14:50:00,1.42981,1.43048,1.42975,1.43025,3555599975.5859375
2011-06-15 14:51:00,1.43028,1.43045,1.43021,1.43032,2447100067.138672
2011-06-15 14:52:00,1.43031,1.43031,1.42996,1.43018,2802900085.4492188
2011-06-15 14:53:00,1.4302,1.43027,1.42999,1.42999,2100800018.3105469
2011-06-15 14:54:00,1.42997,1.43012,1.42974,1.42974,1992100067.1386719
2011-06-15 14:55:00,1.42974,1.42997,1.42956,1.42989,2331799926.7578125
2011-06-15 14:56:00,1.42988,1.42991,1.42966,1.42978,2159600067.138672
2011-06-15 14:57:00,1.42976,1.42992,1.42975,1.42987,1841499938.9648438
2011-06-15 14:58:00,1.42987,1.43009,1.42971,1.42975,2473800048.828125
2011-06-15 14:59:00,1.42974,1.42982,1.42893,1.42893,2712999877.9296875
2011-06-15 15:00:00,1.42894,1.42903,1.42842,1.42842,3265199890.1367188
2011-06-15 15:01:00,1.42842,1.42868,1.42828,1.42832,2386900024.4140625
2011-06-15 15:02:00,1.42833,1.42855,1.42818,1.42844,2691600036.6210938
2011-06-15 15:03:00,1.42844,1.42875,1.42834,1.42862,2313000030.517578
2011-06-15 15:04:00,1.42864,1.42867,1.42815,1.42816,2276399993.8964844
2011-06-15 15:05:00,1.42818,1.42849,1.42812,1.42833,2103500061.0351562
2011-06-15 15:06:00,1.42832,1.42833,1.42814,1.42814,2469299926.7578125
2011-06-15 15:07:00,1.42813,1.42822,1.42798,1.42803,2795599975.5859375
2011-06-15 15:08:00,1.42805,1.42815,1.42785,1.42791,2153500061.0351562
2011-06-15 15:09:00,1.42791,1.42808,1.42787,1.42805,1887799987.7929688
2011-06-15 15:10:00,1.42805,1.42805,1.4272,1.42723,3406700134.2773438
2011-06-15 15:11:00,1.42724,1.4274,1.42717,1.42737,2301799926.7578125
2011-06-15 15:12:00,1.42738,1.42765,1.42726,1.42765,1926000061.0351562
2011-06-15 15:13:00,1.42766,1.42766,1.42728,1.42739,2624700012.2070312
2011-06-15 15:14:00,1.42739,1.42748,1.42694,1.42694,2628200073.2421875
2011-06-15 15:15:00,1.42694,1.42729,1.42693,1.42724,2217299957.2753906
2011-06-15 15:16:00,1.42725,1.4276,1.42721,1.42757,2588200073.2421875
2011-06-15 15:17:00,1.42758,1.42762,1.42737,1.42744,2257599945.0683594
2011-06-15 15:18:00,1.42744,1.42768,1.42744,1.42759,1570899963.3789062
2011-06-15 15:19:00,1.42759,1.42801,1.42746,1.42792,2043000030.5175781
2011-06-15 15:20:00,1.42792,1.42827,1.42792,1.42816,2600199890.1367188
2011-06-15 15:21:00,1.42815,1.42815,1.42783,1.42804,2422200012.2070312
2011-06-15 15:22:00,1.42804,1.42808,1.42785,1.42803,1649900054.9316406
2011-06-15 15:23:00,1.42804,1.42807,1.42794,1.42807,1039499969.4824219
2011-06-15 15:24:00,1.42807,1.42808,1.42783,1.42794,1553200073.2421875
2011-06-15 15:25:00,1.42794,1.42803,1.42787,1.42797,954100036.6210938
2011-06-15 15:26:00,1.42797,1.42827,1.42792,1.42815,1398099975.5859375
2011-06-15 15:27:00,1.42814,1.42819,1.42801,1.42801,1309600067.1386719
2011-06-15 15:28:00,1.42802,1.42826,1.42791,1.42825,1892799987.7929688
2011-06-15 15:29:00,1.42826,1.42847,1.42766,1.42778,2778999938.9648438
2011-06-15 15:30:00,1.42778,1.42821,1.42777,1.42804,2381799926.7578125
2011-06-15 15:31:00,1.42804,1.42804,1.4269,1.42699,3245000000.0
2011-06-15 15:32:00,1.42699,1.42707,1.42661,1.42662,2548999938.9648438
2011-06-15 15:33:00,1.4267,1.42679,1.4259,1.426,3485100097.65625
2011-06-15 15:34:00,1.42603,1.42641,1.42594,1.42632,2827399902.34375
2011-06-15 15:35:00,1.42631,1.42665,1.42623,1.42649,2528699951.171875
2011-06-15 15:36:00,1.42647,1.42647,1.42567,1.42591,3582500000.0
2011-06-15 15:37:00,1.42592,1.42592,1.42492,1.42521,3696499938.9648438
2011-06-15 15:38:00,1.4252,1.42537,1.42492,1.42533,3058599853.515625
2011-06-15 15:39:00,1.42533,1.42536,1.42438,1.42441,3380400085.4492188
2011-06-15 15:40:00,1.42441,1.42472,1.42413,1.42413,2981300048.828125
2011-06-15 15:41:00,1.42413,1.42413,1.42299,1.42299,3544299926.7578125
2011-06-15 15:42:00,1.42303,1.4232,1.42241,1.42253,4165899963.3789062
2011-06-15 15:43:00,1.42256,1.4227,1.42244,1.42262,3383599853.515625
2011-06-15 15:44:00,1.42263,1.4228,1.42252,1.42262,2831900024.4140625
2011-06-15 15:45:00,1.42261,1.42261,1.42169,1.42172,4480799865.722656
2011-06-15 15:46:00,1.42171,1.42206,1.42147,1.42202,3726700134.2773438
2011-06-15 15:47:00,1.42201,1.42237,1.42201,1.42221,2969599914.5507812
2011-06-15 15:48:00,1.42221,1.42243,1.4221,1.4221,3983999938.9648438
2011-06-15 15:49:00,1.42209,1.42209,1.42141,1.42162,3225700073.2421875
2011-06-15 15:50:00,1.42163,1.42163,1.42068,1.42101,3834500122.0703125
2011-06-15 15:51:00,1.421,1.42128,1.4208,1.42104,3781499938.9648438
2011-06-15 15:52:00,1.42103,1.42108,1.42075,1.42092,3341499938.9648438
2011-06-15 15:53:00,1.42091,1.4214,1.42087,1.42138,3478999938.9648438
2011-06-15 15:54:00,1.42139,1.42208,1.42138,1.42195,3666400146.484375
2011-06-15 15:55:00,1.42197,1.42201,1.42157,1.42162,3040599975.5859375
2011-06-15 15:56:00,1.42166,1.42201,1.42119,1.42149,3661600036.6210938
2011-06-15 15:57:00,1.4215,1.42232,1.42136,1.42228,3342799987.7929688
2011-06-15 15:58:00,1.42228,1.42228,1.42144,1.4218,3356900024.4140625
2011-06-15 15:59:00,1.42179,1.42203,1.42161,1.42199,2590100097.65625
2011-06-15 16:00:00,1.42199,1.42214,1.42178,1.42207,2555800018.310547
2011-06-15 16:01:00,1.42205,1.42225,1.42187,1.42221,2755899963.3789062
2011-06-15 16:02:00,1.42219,1.42221,1.42171,1.42196,2872999877.9296875
2011-06-15 16:03:00,1.42197,1.42258,1.42195,1.42258,2519700012.2070312
2011-06-15 16:04:00,1.42259,1.42289,1.42255,1.42281,2310700073.2421875
2011-06-15 16:05:00,1.42282,1.42288,1.42247,1.42262,1602100067.1386719
2011-06-15 16:06:00,1.42262,1.42291,1.42261,1.42289,1773300018.3105469
2011-06-15 16:07:00,1.4229,1.42304,1.42259,1.42262,2137100067.1386719
2011-06-15 16:08:00,1.42261,1.42294,1.4225,1.42273,1705700073.2421875
2011-06-15 16:09:00,1.42275,1.4229,1.42271,1.4229,1563200073.2421875
2011-06-15 16:10:00,1.4229,1.423,1.42242,1.42248,1795099945.0683594
2011-06-15 16:11:00,1.42248,1.42272,1.42246,1.42246,1904600067.1386719
2011-06-15 16:12:00,1.42246,1.42259,1.42246,1.42252,1702100067.1386719
2011-06-15 16:13:00,1.42254,1.42258,1.42226,1.42226,1582400054.9316406
2011-06-15 16:14:00,1.42225,1.42261,1.42216,1.42226,2421600036.6210938
2011-06-15 16:15:00,1.42221,1.42221,1.42129,1.42152,2640899963.3789062
2011-06-15 16:16:00,1.42153,1.42159,1.42123,1.42129,3115700073.2421875
2011-06-15 16:17:00,1.4213,1.42148,1.42081,1.42087,2089900054.9316406
2011-06-15 16:18:00,1.42087,1.42087,1.42029,1.42042,2873900146.484375
2011-06-15 16:19:00,1.42043,1.42078,1.42042,1.42045,2530099945.0683594
2011-06-15 16:20:00,1.42047,1.42066,1.42035,1.42045,2328399963.3789062
2011-06-15 16:21:00,1.42042,1.42042,1.41918,1.41926,3348399963.3789062
2011-06-15 16:22:00,1.41927,1.41951,1.41909,1.41918,3795400085.4492188
2011-06-15 16:23:00,1.41918,1.41932,1.419,1.41907,2298099975.5859375
2011-06-15 16:24:00,1.41907,1.41909,1.41861,1.41861,3133500061.0351562
2011-06-15 16:25:00,1.41867,1.41867,1.41809,1.41851,3755299987.7929688
2011-06-15 16:26:00,1.41849,1.41871,1.41842,1.41871,3459299926.7578125
2011-06-15 16:27:00,1.41875,1.41899,1.41867,1.41868,3161700134.2773438
2011-06-15 16:28:00,1.41876,1.41895,1.41865,1.41892,3017500000.0
2011-06-15 16:29:00,1.41898,1.4197,1.41889,1.4197,3533099975.5859375
2011-06-15 16:30:00,1.41971,1.41979,1.41945,1.41963,3200000000.0
2011-06-15 16:31:00,1.41962,1.41972,1.41943,1.41969,2184799957.2753906
2011-06-15 16:32:00,1.41969,1.41973,1.41954,1.41965,1782100067.1386719
2011-06-15 16:33:00,1.41969,1.41983,1.41965,1.41976,1800700073.2421875
2011-06-15 16:34:00,1.41975,1.41987,1.41957,1.41971,2043200073.2421875
2011-06-15 16:35:00,1.41968,1.41985,1.41961,1.41981,2004400024.4140625
2011-06-15 16:36:00,1.41981,1.41993,1.41975,1.41983,2705700073.2421875
2011-06-15 16:37:00,1.41985,1.42009,1.41973,1.42005,2243999938.9648438
2011-06-15 16:38:00,1.42009,1.42021,1.41996,1.42013,2546900024.4140625
2011-06-15 16:39:00,1.42012,1.42023,1.41959,1.41965,2375099945.0683594
2011-06-15 16:40:00,1.41964,1.42012,1.41964,1.42008,1645000000.0
2011-06-15 16:41:00,1.42008,1.42037,1.42002,1.42031,1691399993.8964844
2011-06-15 16:42:00,1.42031,1.42033,1.41989,1.41989,2235800018.310547
2011-06-15 16:43:00,1.41991,1.42044,1.41975,1.42018,2271499938.9648438
2011-06-15 16:44:00,1.42018,1.42025,1.41991,1.42002,2357700042.7246094
2011-06-15 16:45:00,1.42005,1.42016,1.41988,1.4199,1919499969.4824219
2011-06-15 16:46:00,1.4199,1.42019,1.41983,1.42005,2393399963.3789062
2011-06-15 16:47:00,1.42007,1.42007,1.41981,1.41982,2071799926.7578125
2011-06-15 16:48:00,1.41985,1.41995,1.41974,1.41995,1687599945.0683594
2011-06-15 16:49:00,1.41996,1.42003,1.4197,1.41978,2021600036.6210938
2011-06-15 16:50:00,1.41978,1.41989,1.41955,1.41971,2394700012.2070312
2011-06-15 16:51:00,1.41973,1.42037,1.41973,1.42016,1970899963.3789062
2011-06-15 16:52:00,1.42018,1.42021,1.4198,1.41983,2166300048.828125
2011-06-15 16:53:00,1.41983,1.42003,1.41974,1.42003,2278600006.1035156
2011-06-15 16:54:00,1.42001,1.42014,1.41999,1.42005,1552599945.0683594
2011-06-15 16:55:00,1.42005,1.42006,1.41966,1.41973,1293300018.3105469
2011-06-15 16:56:00,1.41972,1.41997,1.41966,1.4199,2184499969.482422
2011-06-15 16:57:00,1.4199,1.42003,1.41982,1.41989,1663200073.2421875
2011-06-15 16:58:00,1.41989,1.42021,1.41985,1.42021,2587200012.2070312
2011-06-15 16:59:00,1.42021,1.42061,1.42019,1.42043,3470700073.2421875
2011-06-15 17:00:00,1.42043,1.42066,1.42025,1.42027,3135400085.4492188
2011-06-15 17:01:00,1.42025,1.42056,1.42016,1.42056,2590599975.5859375
2011-06-15 17:02:00,1.42057,1.4206,1.42039,1.42043,1793999938.9648438
2011-06-15 17:03:00,1.42043,1.42043,1.42025,1.42033,1705599975.5859375
2011-06-15 17:04:00,1.42032,1.42062,1.42007,1.42021,2616799926.7578125
2011-06-15 17:05:00,1.42023,1.42023,1.4194,1.41944,1967700042.7246094
2011-06-15 17:06:00,1.41945,1.41987,1.41937,1.41937,2459499969.482422
2011-06-15 17:07:00,1.41937,1.41978,1.41919,1.41946,3666499938.9648438
2011-06-15 17:08:00,1.41944,1.41963,1.41941,1.41962,1914700012.2070312
2011-06-15 17:09:00,1.41961,1.41961,1.41876,1.41876,3139500122.0703125
2011-06-15 17:10:00,1.41876,1.41898,1.41867,1.41884,3154599914.5507812
2011-06-15 17:11:00,1.41884,1.41889,1.41833,1.41844,2949200134.2773438
2011-06-15 17:12:00,1.41844,1.41844,1.41813,1.41843,2186300048.828125
2011-06-15 17:13:00,1.41843,1.4186,1.41831,1.4186,1733699951.171875
2011-06-15 17:14:00,1.41861,1.41862,1.41812,1.4186,2597399902.34375
2011-06-15 17:15:00,1.41862,1.41862,1.41827,1.4184,1518000030.5175781
2011-06-15 17:16:00,1.41838,1.41866,1.41818,1.41832,2562600097.65625
2011-06-15 17:17:00,1.41831,1.41841,1.41821,1.41839,1550500030.5175781
2011-06-15 17:18:00,1.41838,1.41838,1.41795,1.418,2355599975.5859375
2011-06-15 17:19:00,1.418,1.418,1.4172,1.41732,2964400024.4140625
2011-06-15 17:20:00,1.41732,1.41734,1.4169,1.41715,3275299987.7929688
2011-06-15 17:21:00,1.41718,1.41723,1.41698,1.41719,2456999969.482422
2011-06-15 17:22:00,1.41721,1.41731,1.41662,1.41663,2703399963.3789062
2011-06-15 17:23:00,1.41661,1.4173,1.41645,1.41716,2839800109.8632812
2011-06-15 17:24:00,1.41715,1.41735,1.41697,1.41735,2262899932.861328
2011-06-15 17:25:00,1.41736,1.41736,1.41698,1.41719,2390500030.517578
2011-06-15 17:26:00,1.41719,1.41761,1.41712,1.41745,2738399963.3789062
2011-06-15 17:27:00,1.41745,1.41766,1.41735,1.41747,2799200134.2773438
2011-06-15 17:28:00,1.41745,1.418,1.41743,1.41774,2731700134.2773438
2011-06-15 17:29:00,1.41776,1.41791,1.41744,1.41744,2902900085.4492188
2011-06-15 17:30:00,1.41744,1.41746,1.41673,1.41691,3601300048.828125
2011-06-15 17:31:00,1.41689,1.41689,1.41625,1.41634,2721499938.9648438
2011-06-15 17:32:00,1.41633,1.41661,1.41632,1.41648,2648500061.0351562
2011-06-15 17:33:00,1.41648,1.41654,1.4163,1.41635,1803099975.5859375
2011-06-15 17:34:00,1.41633,1.41634,1.41605,1.41605,2142799987.7929688
2011-06-15 17:35:00,1.416,1.41613,1.4159,1.41606,1702500000.0
2011-06-15 17:36:00,1.41604,1.41632,1.41599,1.4162,3315499877.9296875
2011-06-15 17:37:00,1.41617,1.41623,1.41605,1.41612,1593000030.5175781
2011-06-15 17:38:00,1.41612,1.41628,1.41602,1.41612,1766300048.828125
2011-06-15 17:39:00,1.41612,1.41622,1.41603,1.41621,2393099975.5859375
2011-06-15 17:40:00,1.41621,1.41639,1.4161,1.41639,2004700012.2070312
2011-06-15 17:41:00,1.41639,1.41641,1.41617,1.41619,1858200073.2421875
2011-06-15 17:42:00,1.41612,1.41652,1.41608,1.41652,1418600006.1035156
2011-06-15 17:43:00,1.41654,1.41697,1.41654,1.41674,2003200073.2421875
2011-06-15 17:44:00,1.41676,1.41688,1.41639,1.41639,2584400024.4140625
2011-06-15 17:45:00,1.41638,1.4164,1.41596,1.41598,2213399963.3789062
2011-06-15 17:46:00,1.41597,1.41597,1.4156,1.41578,2705100097.65625
2011-06-15 17:47:00,1.41578,1.41606,1.41566,1.4158,2792600097.65625
2011-06-15 17:48:00,1.4158,1.41595,1.41573,1.41591,2386499938.9648438
2011-06-15 17:49:00,1.41591,1.4163,1.41591,1.41618,1657500000.0
2011-06-15 17:50:00,1.41618,1.41639,1.41605,1.41637,1902299957.2753906
2011-06-15 17:51:00,1.41638,1.41666,1.41635,1.41635,1512100067.1386719
2011-06-15 17:52:00,1.41634,1.41639,1.4162,1.41638,1091999969.4824219
2011-06-15 17:53:00,1.41638,1.41648,1.41587,1.41607,2035899963.3789062
2011-06-15 17:54:00,1.41609,1.41616,1.41584,1.41584,1893200073.2421875
2011-06-15 17:55:00,1.4158,1.41611,1.4158,1.41611,1609400024.4140625
2011-06-15 17:56:00,1.41612,1.41631,1.41604,1.41616,1491300048.828125
2011-06-15 17:57:00,1.41615,1.41641,1.41614,1.41641,1651199951.171875
2011-06-15 17:58:00,1.41641,1.41663,1.41632,1.41656,2085700073.2421875
2011-06-15 17:59:00,1.41661,1.41696,1.41658,1.41696,2429199981.689453
2011-06-15 18:00:00,1.41697,1.41759,1.41691,1.41746,2856799926.7578125
2011-06-15 18:01:00,1.41747,1.41756,1.41713,1.41745,2151100006.1035156
2011-06-15 18:02:00,1.41746,1.41781,1.41746,1.41781,1653699951.171875
2011-06-15 18:03:00,1.41781,1.41783,1.41752,1.41769,2731000061.0351562
2011-06-15 18:04:00,1.41768,1.4178,1.41757,1.41775,1672899932.8613281
2011-06-15 18:05:00,1.41775,1.41786,1.41765,1.41775,1972500000.0
2011-06-15 18:06:00,1.41773,1.4183,1.4177,1.41816,2721900024.4140625
2011-06-15 18:07:00,1.41816,1.41828,1.41806,1.41806,1808999938.9648438
2011-06-15 18:08:00,1.41806,1.41825,1.41789,1.41814,2785299987.7929688
2011-06-15 18:09:00,1.41813,1.41822,1.41771,1.41771,1740899963.3789062
2011-06-15 18:10:00,1.41772,1.41787,1.4177,1.4178,1635800018.3105469
2011-06-15 18:11:00,1.41781,1.418,1.41779,1.41779,1475500030.5175781
2011-06-15 18:12:00,1.41779,1.41781,1.41759,1.41766,1443399963.3789062
2011-06-15 18:13:00,1.41768,1.41788,1.41767,1.41787,1319299926.7578125
2011-06-15 18:14:00,1.41786,1.41799,1.41771,1.41787,1447500000.0
2011-06-15 18:15:00,1.41789,1.41799,1.41782,1.41799,1353000030.5175781
2011-06-15 18:16:00,1.41798,1.41801,1.41777,1.41795,1583500061.0351562
2011-06-15 18:17:00,1.41795,1.41803,1.41788,1.4179,1211299972.5341797
2011-06-15 18:18:00,1.41794,1.418,1.41784,1.41787,1327500000.0
2011-06-15 18:19:00,1.41788,1.41795,1.41755,1.41757,1787299957.2753906
2011-06-15 18:20:00,1.41758,1.41758,1.4172,1.4174,1703600006.1035156
2011-06-15 18:21:00,1.41739,1.41769,1.4173,1.41757,1611000061.0351562
2011-06-15 18:22:00,1.41758,1.41777,1.41748,1.41748,1571399993.8964844
2011-06-15 18:23:00,1.41746,1.41774,1.41739,1.41752,1893800048.828125
2011-06-15 18:24:00,1.41751,1.41759,1.41726,1.41727,2317400054.9316406
2011-06-15 18:25:00,1.41726,1.41737,1.41716,1.41725,1766600036.6210938
2011-06-15 18:26:00,1.41725,1.41744,1.4172,1.41744,1480800018.3105469
2011-06-15 18:27:00,1.41746,1.41797,1.41746,1.41793,2625400085.4492188
2011-06-15 18:28:00,1.41795,1.41797,1.41766,1.41789,1851799926.7578125
2011-06-15 18:29:00,1.41789,1.41807,1.41788,1.41791,2028000030.5175781
2011-06-15 18:30:00,1.41791,1.41862,1.41791,1.41849,2583800048.828125
2011-06-15 18:31:00,1.41848,1.41897,1.41838,1.41896,1640000000.0
2011-06-15 18:32:00,1.41897,1.41904,1.41875,1.41878,2069400024.4140625
2011-06-15 18:33:00,1.41878,1.41884,1.41869,1.41884,1642599945.0683594
2011-06-15 18:34:00,1.41885,1.41893,1.41865,1.41873,1911799926.7578125
2011-06-15 18:35:00,1.41873,1.41875,1.41857,1.41857,1370299987.7929688
2011-06-15 18:36:00,1.41858,1.41863,1.41857,1.41862,754499969.4824219
2011-06-15 18:37:00,1.41862,1.41889,1.41862,1.41884,1258499984.741211
2011-06-15 18:38:00,1.41884,1.41893,1.41873,1.41876,1677100067.1386719
2011-06-15 18:39:00,1.41876,1.41876,1.4185,1.41851,1311699981.6894531
2011-06-15 18:40:00,1.41851,1.41852,1.41811,1.41812,1725399932.8613281
2011-06-15 18:41:00,1.41811,1.41836,1.41805,1.41818,2013000030.5175781
2011-06-15 18:42:00,1.4182,1.41831,1.41817,1.41822,1610800018.3105469
2011-06-15 18:43:00,1.41824,1.41837,1.41799,1.41801,1833099975.5859375
2011-06-15 18:44:00,1.41799,1.41825,1.41784,1.41785,2112500000.0
2011-06-15 18:45:00,1.41783,1.41817,1.41769,1.41813,2157299957.2753906
2011-06-15 18:46:00,1.41814,1.41814,1.41685,1.41688,3445400085.4492188
2011-06-15 18:47:00,1.41692,1.41732,1.41678,1.41682,3415299987.7929688
2011-06-15 18:48:00,1.41683,1.41778,1.41673,1.41776,2589899902.34375
2011-06-15 18:49:00,1.41776,1.41805,1.41715,1.41738,3111400146.484375
2011-06-15 18:50:00,1.41738,1.41738,1.41675,1.41694,2736799926.7578125
2011-06-15 18:51:00,1.41692,1.41767,1.41685,1.41755,2395000000.0
2011-06-15 18:52:00,1.41753,1.41774,1.41725,1.41738,2194799957.2753906
2011-06-15 18:53:00,1.41738,1.41758,1.4169,1.41755,2652999877.9296875
2011-06-15 18:54:00,1.41755,1.41755,1.41701,1.41717,2805100097.65625
2011-06-15 18:55:00,1.41718,1.4175,1.417,1.41747,2221600036.6210938
2011-06-15 18:56:00,1.41745,1.41755,1.41734,1.41745,2350399932.861328
2011-06-15 18:57:00,1.41745,1.41764,1.41723,1.41734,2803699951.171875
2011-06-15 18:58:00,1.41735,1.41747,1.41719,1.41722,2040500030.5175781
2011-06-15 18:59:00,1.41724,1.41726,1.41673,1.41675,2749100036.6210938
2011-06-15 19:00:00,1.41676,1.41685,1.41645,1.41647,2155099945.0683594
2011-06-15 19:01:00,1.41648,1.41704,1.41648,1.41704,2216100006.1035156
2011-06-15 19:02:00,1.41705,1.41712,1.41673,1.41675,1910399932.8613281
2011-06-15 19:03:00,1.41674,1.41685,1.41654,1.41676,1942400054.9316406
2011-06-15 19:04:00,1.41675,1.41683,1.41647,1.41673,2740899963.3789062
2011-06-15 19:05:00,1.41674,1.41679,1.41644,1.41644,1738500061.0351562
2011-06-15 19:06:00,1.41643,1.41643,1.41598,1.41602,1769299926.7578125
2011-06-15 19:07:00,1.41602,1.41655,1.41598,1.41633,2038699951.171875
2011-06-15 19:08:00,1.41631,1.41637,1.41608,1.41633,2266199951.171875
2011-06-15 19:09:00,1.41634,1.41636,1.41593,1.41629,2313200073.2421875
2011-06-15 19:10:00,1.41629,1.41643,1.4162,1.4164,1836999969.4824219
2011-06-15 19:11:00,1.41638,1.41653,1.41583,1.41603,2739299926.7578125
2011-06-15 19:12:00,1.41603,1.41617,1.41592,1.41613,2311600036.6210938
2011-06-15 19:13:00,1.41613,1.41651,1.41605,1.41621,2295599975.5859375
2011-06-15 19:14:00,1.41616,1.41645,1.41613,1.41645,2082799987.7929688
2011-06-15 19:15:00,1.41642,1.41659,1.41629,1.41631,1537400054.9316406
2011-06-15 19:16:00,1.41631,1.41653,1.41631,1.41638,3033299865.7226562
2011-06-15 19:17:00,1.41642,1.41676,1.41642,1.41657,3264200134.2773438
2011-06-15 19:18:00,1.41652,1.41654,1.41631,1.4165,2389499969.482422
2011-06-15 19:19:00,1.41649,1.41669,1.41645,1.41658,1490200042.7246094
2011-06-15 19:20:00,1.41657,1.41668,1.41636,1.4165,1468600006.1035156
2011-06-15 19:21:00,1.41651,1.41652,1.41612,1.41632,1695599975.5859375
2011-06-15 19:22:00,1.41633,1.41656,1.41631,1.41655,617299995.4223633
2011-06-15 19:23:00,1.41655,1.41723,1.41653,1.41714,2102500000.0
2011-06-15 19:24:00,1.41714,1.41731,1.41693,1.41729,1929100036.6210938
2011-06-15 19:25:00,1.41731,1.41748,1.41715,1.41747,2062500000.0
2011-06-15 19:26:00,1.41746,1.41746,1.41723,1.41723,2372700042.7246094
2011-06-15 19:27:00,1.41723,1.41733,1.41702,1.41702,2485899963.3789062
2011-06-15 19:28:00,1.41704,1.41723,1.41702,1.41707,1846600036.6210938
2011-06-15 19:29:00,1.41703,1.4172,1.41684,1.4172,2124299926.7578125
2011-06-15 19:30:00,1.41726,1.41726,1.41701,1.41701,1671000061.0351562
2011-06-15 19:31:00,1.41699,1.41707,1.41681,1.41707,1507100067.1386719
2011-06-15 19:32:00,1.41706,1.41714,1.41683,1.41683,1356000061.0351562
2011-06-15 19:33:00,1.41683,1.41691,1.41662,1.41662,1245299987.7929688
2011-06-15 19:34:00,1.41662,1.41672,1.41645,1.41667,1830000000.0
2011-06-15 19:35:00,1.41665,1.41697,1.41662,1.41697,1162500000.0
2011-06-15 19:36:00,1.41697,1.41708,1.41664,1.41679,1942100067.1386719
2011-06-15 19:37:00,1.4168,1.41725,1.4168,1.41725,1726600036.6210938
2011-06-15 19:38:00,1.41722,1.41726,1.41674,1.41688,1241399993.8964844
2011-06-15 19:39:00,1.41689,1.41723,1.41689,1.41718,1375500030.5175781
2011-06-15 19:40:00,1.41719,1.41745,1.4171,1.41745,1710800018.3105469
2011-06-15 19:41:00,1.41745,1.41765,1.41745,1.41753,1485800018.3105469
2011-06-15 19:42:00,1.41751,1.41751,1.41725,1.41747,1416000061.0351562
2011-06-15 19:43:00,1.41747,1.41756,1.41745,1.41745,1243499984.741211
2011-06-15 19:44:00,1.41747,1.41758,1.41745,1.41755,810000000.0
2011-06-15 19:45:00,1.4176,1.41815,1.4176,1.41806,2731499938.9648438
2011-06-15 19:46:00,1.41808,1.41841,1.41803,1.41805,2412100067.138672
2011-06-15 19:47:00,1.41807,1.41812,1.41783,1.41783,1869400024.4140625
2011-06-15 19:48:00,1.41782,1.41783,1.41761,1.41767,1714600067.1386719
2011-06-15 19:49:00,1.41766,1.41766,1.41755,1.41756,1160999984.741211
2011-06-15 19:50:00,1.41755,1.41755,1.41728,1.41732,1333500061.0351562
2011-06-15 19:51:00,1.4173,1.41757,1.4173,1.41749,1421999969.4824219
2011-06-15 19:52:00,1.41749,1.41749,1.41726,1.41726,1603600006.1035156
2011-06-15 19:53:00,1.41726,1.41733,1.41711,1.4173,1803800048.828125
2011-06-15 19:54:00,1.4173,1.41741,1.41715,1.41733,1986799926.7578125
2011-06-15 19:55:00,1.41738,1.41756,1.41727,1.41756,1659199981.6894531
2011-06-15 19:56:00,1.41756,1.41763,1.41715,1.41715,1474900054.9316406
2011-06-15 19:57:00,1.41716,1.41726,1.4171,1.41724,958499984.7412109
2011-06-15 19:58:00,1.41721,1.41725,1.41711,1.41717,1101200027.4658203
2011-06-15 19:59:00,1.41718,1.4172,1.41699,1.41712,1329900054.9316406
2011-06-15 20:00:00,1.41713,1.41718,1.41699,1.41702,1832299957.2753906
2011-06-15 20:01:00,1.41702,1.41712,1.41685,1.41688,1173899993.8964844
2011-06-15 20:02:00,1.41687,1.41687,1.41664,1.4167,1456000061.0351562
2011-06-15 20:03:00,1.41675,1.41685,1.41662,1.41666,1201500015.258789
2011-06-15 20:04:00,1.41667,1.41677,1.41659,1.41662,1385800018.3105469
2011-06-15 20:05:00,1.41667,1.41688,1.4166,1.41663,1436300048.828125
2011-06-15 20:06:00,1.41664,1.41681,1.41661,1.41664,834800033.5693359
2011-06-15 20:07:00,1.41665,1.41675,1.41661,1.41662,705000000.0
2011-06-15 20:08:00,1.41662,1.41662,1.41641,1.41642,1217099990.8447266
2011-06-15 20:09:00,1.41642,1.41654,1.41637,1.41653,990100021.3623047
2011-06-15 20:10:00,1.41653,1.41707,1.41653,1.41707,1144499969.4824219
2011-06-15 20:11:00,1.41709,1.41778,1.41709,1.41749,2065000000.0
2011-06-15 20:12:00,1.41759,1.41759,1.41726,1.41726,986999969.4824219
2011-06-15 20:13:00,1.41728,1.41737,1.41721,1.41736,853600006.1035156
2011-06-15 20:14:00,1.41738,1.41746,1.41728,1.41739,627999992.3706055
2011-06-15 20:15:00,1.41739,1.41739,1.41732,1.41734,536300010.68115234
2011-06-15 20:16:00,1.41734,1.41749,1.41734,1.41747,682600021.3623047
2011-06-15 20:17:00,1.41745,1.41759,1.41736,1.41751,921800003.0517578
2011-06-15 20:18:00,1.4175,1.41751,1.41748,1.41751,218400001.5258789
2011-06-15 20:19:00,1.41751,1.41772,1.41744,1.41768,1595700073.2421875
2011-06-15 20:20:00,1.41766,1.41793,1.41762,1.41782,1366100006.1035156
2011-06-15 20:21:00,1.41781,1.41802,1.4177,1.41795,1916399993.8964844
2011-06-15 20:22:00,1.41795,1.41795,1.41769,1.4177,975800018.3105469
2011-06-15 20:23:00,1.4177,1.41783,1.41768,1.41783,448499984.74121094
2011-06-15 20:24:00,1.41783,1.4179,1.41773,1.4179,1010400009.1552734
2011-06-15 20:25:00,1.4179,1.41805,1.41779,1.418,2048999938.9648438
2011-06-15 20:26:00,1.41801,1.4181,1.41789,1.41803,1308999938.9648438
2011-06-15 20:27:00,1.418,1.41804,1.41783,1.41789,1381699981.6894531
2011-06-15 20:28:00,1.4179,1.41808,1.41784,1.41792,1147500000.0
2011-06-15 20:29:00,1.41797,1.41805,1.41791,1.41796,1216600036.6210938
2011-06-15 20:30:00,1.41797,1.41799,1.41783,1.41793,573800010.6811523
2011-06-15 20:31:00,1.41792,1.41792,1.41775,1.41779,574900016.784668
2011-06-15 20:32:00,1.41778,1.41791,1.41778,1.41787,602299995.4223633
2011-06-15 20:33:00,1.41791,1.4181,1.41788,1.41806,874800033.5693359
2011-06-15 20:34:00,1.41807,1.41826,1.41798,1.41815,2782300109.8632812
2011-06-15 20:35:00,1.41815,1.41819,1.41813,1.41815,772500000.0
2011-06-15 20:36:00,1.41815,1.4182,1.41815,1.41815,424700012.20703125
2011-06-15 20:37:00,1.41816,1.41827,1.4181,1.41815,695699996.9482422
2011-06-15 20:38:00,1.41816,1.41838,1.41814,1.41836,716999969.4824219
2011-06-15 20:39:00,1.41836,1.41844,1.41806,1.41827,1292400054.9316406
2011-06-15 20:40:00,1.41822,1.41827,1.41808,1.41819,1092500000.0
2011-06-15 20:41:00,1.41817,1.41817,1.41772,1.41779,1363899993.8964844
2011-06-15 20:42:00,1.41778,1.41787,1.41767,1.41787,801800003.0517578
2011-06-15 20:43:00,1.41787,1.41787,1.41778,1.41779,495000000.0
2011-06-15 20:44:00,1.41777,1.41777,1.41774,1.41774,75000000.0
2011-06-15 20:45:00,1.41775,1.41794,1.41775,1.41788,420099983.21533203
2011-06-15 20:46:00,1.4179,1.4182,1.4179,1.41815,622000007.6293945
2011-06-15 20:47:00,1.41812,1.4184,1.41804,1.4184,873199996.9482422
2011-06-15 20:48:00,1.41837,1.41839,1.41818,1.41822,511699981.6894531
2011-06-15 20:49:00,1.41821,1.41831,1.41819,1.4183,285000000.0
2011-06-15 20:50:00,1.41825,1.41839,1.41815,1.41828,1003899993.8964844
2011-06-15 20:51:00,1.41828,1.41829,1.41824,1.41829,97500000.0
2011-06-15 20:52:00,1.41829,1.4183,1.4182,1.41826,437999992.37060547
2011-06-15 20:53:00,1.41826,1.4183,1.41815,1.41815,225000000.0
2011-06-15 20:54:00,1.41815,1.41815,1.41788,1.41788,716500015.2587891
2011-06-15 20:55:00,1.41788,1.41788,1.41775,1.41775,431300010.68115234
2011-06-15 20:56:00,1.41777,1.41778,1.41766,1.41768,716900024.4140625
2011-06-15 20:57:00,1.41768,1.41785,1.41768,1.41784,671500015.2587891
2011-06-15 20:58:00,1.41784,1.41801,1.41773,1.41801,650699996.9482422
2011-06-15 20:59:00,1.41802,1.41812,1.41776,1.41776,1682500000.0
2011-06-15 21:00:00,1.41775,1.41782,1.41758,1.41763,1327500000.0
2011-06-15 21:01:00,1.41761,1.41764,1.41741,1.41757,757500000.0
2011-06-15 21:02:00,1.41732,1.4176,1.41729,1.41735,377999992.37060547
2011-06-15 21:03:00,1.41737,1.41746,1.41692,1.41692,652500000.0
2011-06-15 21:04:00,1.41692,1.41703,1.41691,1.41703,153000001.90734863
2011-06-15 21:05:00,1.41703,1.4171,1.41701,1.41709,591199989.3188477
2011-06-15 21:06:00,1.4172,1.41724,1.41709,1.4172,167999992.37060547
2011-06-15 21:07:00,1.41721,1.41734,1.41718,1.41726,266399993.89648438
2011-06-15 21:08:00,1.41726,1.41741,1.41711,1.41725,486199989.31884766
2011-06-15 21:09:00,1.41725,1.41726,1.417,1.417,418600006.1035156
2011-06-15 21:10:00,1.417,1.4171,1.41683,1.41686,446300010.68115234
2011-06-15 21:11:00,1.41688,1.41712,1.41687,1.41707,541599998.4741211
2011-06-15 21:12:00,1.41707,1.41715,1.41707,1.41715,300000000.0
2011-06-15 21:13:00,1.41719,1.41727,1.4171,1.41712,308400001.5258789
2011-06-15 21:14:00,1.4171,1.4171,1.41704,1.41704,260300006.86645508
2011-06-15 21:15:00,1.41702,1.41702,1.41671,1.41671,525000000.0
2011-06-15 21:16:00,1.41675,1.41679,1.41656,1.41656,330000000.0
2011-06-15 21:17:00,1.41656,1.41677,1.41646,1.41677,580499992.3706055
2011-06-15 21:18:00,1.41676,1.41681,1.41662,1.41671,572999992.3706055
2011-06-15 21:19:00,1.41671,1.41675,1.41661,1.41675,390000000.0
2011-06-15 21:20:00,1.41675,1.41692,1.41675,1.41689,459000015.25878906
2011-06-15 21:21:00,1.41676,1.41688,1.41661,1.41662,645599975.5859375
2011-06-15 21:22:00,1.41662,1.41667,1.41652,1.41658,212999992.37060547
2011-06-15 21:23:00,1.41658,1.41681,1.41617,1.41681,934199981.6894531
2011-06-15 21:24:00,1.41681,1.41681,1.41658,1.41671,525099983.21533203
2011-06-15 21:25:00,1.41671,1.41671,1.41656,1.41658,243999996.18530273
2011-06-15 21:26:00,1.41658,1.41658,1.41652,1.41652,90000000.0
2011-06-15 21:27:00,1.41658,1.41661,1.41652,1.41661,172500000.0
2011-06-15 21:28:00,1.4166,1.41661,1.41658,1.41658,82500000.0
2011-06-15 21:29:00,1.41653,1.41653,1.41643,1.41652,273799991.607666
2011-06-15 21:30:00,1.41648,1.41659,1.4163,1.4163,387000007.62939453
2011-06-15 21:31:00,1.41629,1.41647,1.41624,1.4164,698399963.3789062
2011-06-15 21:32:00,1.41635,1.41654,1.41625,1.41643,811500015.2587891
2011-06-15 21:33:00,1.41648,1.4166,1.41648,1.4166,467999992.37060547
2011-06-15 21:34:00,1.41658,1.41659,1.41654,1.41656,118500003.81469727
2011-06-15 21:35:00,1.41656,1.41659,1.4164,1.41646,355499992.37060547
2011-06-15 21:36:00,1.41648,1.41648,1.41639,1.41639,292500000.0
2011-06-15 21:37:00,1.41647,1.41647,1.41631,1.41635,450800018.3105469
2011-06-15 21:38:00,1.41635,1.41635,1.41633,1.41634,150000000.0
2011-06-15 21:39:00,1.41631,1.41631,1.4161,1.41617,365999984.74121094
2011-06-15 21:40:00,1.41628,1.41628,1.41618,1.41618,75000000.0
2011-06-15 21:41:00,1.41618,1.41646,1.41618,1.41637,409500007.62939453
2011-06-15 21:42:00,1.41637,1.41638,1.41615,1.41632,382500000.0
2011-06-15 21:43:00,1.41638,1.41656,1.41619,1.4162,630800018.3105469
2011-06-15 21:44:00,1.4162,1.4162,1.41573,1.4162,1316999969.4824219
2011-06-15 21:45:00,1.41621,1.41628,1.41589,1.41598,763499984.7412109
2011-06-15 21:46:00,1.41597,1.41622,1.41596,1.41617,597700004.5776367
2011-06-15 21:47:00,1.41616,1.41627,1.416,1.41616,840800018.3105469
2011-06-15 21:48:00,1.41616,1.41618,1.416,1.41618,701299972.5341797
2011-06-15 21:49:00,1.41619,1.41654,1.41611,1.41615,830699996.9482422
2011-06-15 21:50:00,1.41615,1.41636,1.41615,1.41629,806299972.5341797
2011-06-15 21:51:00,1.41629,1.41635,1.41601,1.41612,898799972.5341797
2011-06-15 21:52:00,1.4161,1.41619,1.41599,1.41614,532700004.5776367
2011-06-15 21:53:00,1.41615,1.41638,1.41614,1.41638,523600006.1035156
2011-06-15 21:54:00,1.41638,1.41646,1.4163,1.4163,507000007.62939453
2011-06-15 21:55:00,1.41633,1.41633,1.4162,1.4162,161299991.60766602
2011-06-15 21:56:00,1.4162,1.41623,1.4162,1.41622,123800001.14440918
2011-06-15 21:57:00,1.41622,1.41634,1.41612,1.41634,402000007.62939453
2011-06-15 21:58:00,1.41633,1.41633,1.41597,1.41613,506500015.25878906
2011-06-15 21:59:00,1.41613,1.41629,1.4161,1.41623,337599983.21533203
2011-06-15 22:00:00,1.41626,1.4168,1.41626,1.4168,759000015.2587891
2011-06-15 22:01:00,1.41684,1.41684,1.41664,1.41673,751699981.6894531
2011-06-15 22:02:00,1.41676,1.41706,1.41676,1.41685,1433200073.2421875
2011-06-15 22:03:00,1.41683,1.4169,1.41671,1.41685,754199981.6894531
2011-06-15 22:04:00,1.41686,1.41696,1.41667,1.41679,602599983.215332
2011-06-15 22:05:00,1.41681,1.41687,1.41675,1.41681,566800003.0517578
2011-06-15 22:06:00,1.41681,1.41709,1.41681,1.41702,563300018.3105469
2011-06-15 22:07:00,1.41704,1.41726,1.41704,1.41718,1048499984.7412109
2011-06-15 22:08:00,1.41713,1.41718,1.41693,1.41714,961600036.6210938
2011-06-15 22:09:00,1.41714,1.41732,1.41709,1.41717,933700027.4658203
2011-06-15 22:10:00,1.41718,1.41733,1.41715,1.41725,573800010.6811523
2011-06-15 22:11:00,1.41724,1.41729,1.41716,1.41719,472500000.0
2011-06-15 22:12:00,1.41719,1.41728,1.41716,1.41726,326399993.8964844
2011-06-15 22:13:00,1.41728,1.41728,1.41719,1.4172,127700004.57763672
2011-06-15 22:14:00,1.4172,1.41733,1.4172,1.41733,287999992.37060547
2011-06-15 22:15:00,1.41732,1.41746,1.41729,1.41739,837200012.2070312
2011-06-15 22:16:00,1.41739,1.41739,1.4172,1.41734,1170100021.3623047
2011-06-15 22:17:00,1.41731,1.41731,1.41698,1.41708,910599975.5859375
2011-06-15 22:18:00,1.41708,1.41727,1.41708,1.41715,652500000.0
2011-06-15 22:19:00,1.41719,1.41746,1.41719,1.41734,778499984.7412109
2011-06-15 22:20:00,1.41734,1.41739,1.41734,1.41739,348300018.3105469
2011-06-15 22:21:00,1.41738,1.41749,1.41734,1.41749,605999984.7412109
2011-06-15 22:22:00,1.41749,1.41749,1.41739,1.41743,457500000.0
2011-06-15 22:23:00,1.41742,1.41744,1.41729,1.41729,498800010.68115234
2011-06-15 22:24:00,1.41729,1.41729,1.4172,1.41723,619500007.6293945
2011-06-15 22:25:00,1.41724,1.41725,1.41724,1.41724,105000000.0
2011-06-15 22:26:00,1.41725,1.41725,1.41721,1.41723,195100002.28881836
2011-06-15 22:27:00,1.41723,1.41723,1.41714,1.41715,352500000.0
2011-06-15 22:28:00,1.41714,1.41714,1.41671,1.41689,1016999969.4824219
2011-06-15 22:29:00,1.41689,1.41694,1.4168,1.41694,315000000.0
2011-06-15 22:30:00,1.41694,1.41694,1.41679,1.41688,391699981.6894531
2011-06-15 22:31:00,1.41698,1.41716,1.41694,1.41715,604500007.6293945
2011-06-15 22:32:00,1.41715,1.41716,1.41709,1.41716,469500007.62939453
2011-06-15 22:33:00,1.41715,1.4172,1.41711,1.41711,247500000.0
2011-06-15 22:34:00,1.41711,1.4173,1.41711,1.4173,244500007.62939453
2011-06-15 22:35:00,1.41729,1.41753,1.41729,1.41749,330099983.21533203
2011-06-15 22:36:00,1.41752,1.41752,1.41726,1.41732,567400016.784668
2011-06-15 22:37:00,1.41734,1.41734,1.41731,1.41731,30000000.0
2011-06-15 22:38:00,1.41729,1.41736,1.41729,1.41736,195000000.0
2011-06-15 22:39:00,1.41736,1.4174,1.4173,1.41735,300000000.0
2011-06-15 22:40:00,1.41736,1.4175,1.41735,1.4175,225000000.0
2011-06-15 22:41:00,1.41747,1.41749,1.41727,1.41749,753799972.5341797
2011-06-15 22:42:00,1.41749,1.41769,1.41749,1.41757,712600021.3623047
2011-06-15 22:43:00,1.41759,1.41769,1.41756,1.41757,378800010.68115234
2011-06-15 22:44:00,1.41757,1.41762,1.41744,1.41747,652500000.0
2011-06-15 22:45:00,1.41745,1.41752,1.41745,1.41748,355499992.37060547
2011-06-15 22:46:00,1.4175,1.41756,1.4175,1.41756,165000000.0
2011-06-15 22:47:00,1.41755,1.41762,1.41752,1.41761,397500000.0
2011-06-15 22:48:00,1.41766,1.41778,1.41766,1.41768,299899997.71118164
2011-06-15 22:49:00,1.41772,1.41793,1.41772,1.41793,589500007.6293945
2011-06-15 22:50:00,1.41793,1.41809,1.41785,1.41791,677300033.5693359
2011-06-15 22:51:00,1.41792,1.41794,1.41767,1.41768,678799972.5341797
2011-06-15 22:52:00,1.41769,1.41773,1.41747,1.41758,804800033.5693359
2011-06-15 22:53:00,1.41758,1.4179,1.41756,1.41781,776299972.5341797
2011-06-15 22:54:00,1.41791,1.41793,1.41787,1.41793,238500003.81469727
2011-06-15 22:55:00,1.41793,1.41816,1.41793,1.41805,455299987.79296875
2011-06-15 22:56:00,1.41805,1.41831,1.41799,1.41831,748600006.1035156
2011-06-15 22:57:00,1.41831,1.41842,1.41822,1.41825,705000000.0
2011-06-15 22:58:00,1.41825,1.41825,1.41805,1.41809,480000000.0
2011-06-15 22:59:00,1.4181,1.41858,1.4181,1.41851,1117799987.7929688
2011-06-15 23:00:00,1.41848,1.41848,1.41784,1.41792,2216199951.171875
2011-06-15 23:01:00,1.41793,1.41808,1.41793,1.41795,763099975.5859375
2011-06-15 23:02:00,1.41796,1.41805,1.41795,1.41805,356399993.8964844
2011-06-15 23:03:00,1.41804,1.41805,1.4179,1.41799,502500000.0
2011-06-15 23:04:00,1.41799,1.41799,1.41791,1.41793,203099994.65942383
2011-06-15 23:05:00,1.41794,1.41801,1.41793,1.41801,517500000.0
2011-06-15 23:06:00,1.418,1.418,1.41789,1.41796,317900009.15527344
2011-06-15 23:07:00,1.41797,1.41798,1.41795,1.41798,155399999.61853027
2011-06-15 23:08:00,1.41797,1.41829,1.41795,1.41829,870500030.5175781
2011-06-15 23:09:00,1.41828,1.41828,1.4181,1.41814,555099983.215332
2011-06-15 23:10:00,1.41816,1.41822,1.41805,1.41822,356300010.68115234
2011-06-15 23:11:00,1.41824,1.41828,1.41824,1.41828,246000003.81469727
2011-06-15 23:12:00,1.41827,1.41827,1.41812,1.41822,804700012.2070312
2011-06-15 23:13:00,1.41822,1.41822,1.4182,1.4182,352500000.0
2011-06-15 23:14:00,1.41821,1.41821,1.41821,1.41821,60000000.0
2011-06-15 23:15:00,1.41826,1.41835,1.41822,1.41834,561100006.1035156
2011-06-15 23:16:00,1.41835,1.41835,1.41817,1.41823,371300010.68115234
2011-06-15 23:17:00,1.41821,1.41823,1.41805,1.41805,996900024.4140625
2011-06-15 23:18:00,1.418,1.41803,1.41787,1.41803,1119899978.6376953
2011-06-15 23:19:00,1.41805,1.41811,1.41799,1.41806,435299987.79296875
2011-06-15 23:20:00,1.41806,1.41823,1.41806,1.41823,799199981.6894531
2011-06-15 23:21:00,1.41823,1.41866,1.41823,1.41847,918099975.5859375
2011-06-15 23:22:00,1.41846,1.41867,1.41846,1.41849,1014800033.5693359
2011-06-15 23:23:00,1.41848,1.41848,1.41826,1.41826,397500000.0
2011-06-15 23:24:00,1.41819,1.41827,1.41804,1.41804,873799972.5341797
2011-06-15 23:25:00,1.41803,1.41803,1.41769,1.41778,970500030.5175781
2011-06-15 23:26:00,1.41778,1.41789,1.41734,1.4175,1539799957.2753906
2011-06-15 23:27:00,1.4175,1.41755,1.41692,1.41694,1519499969.4824219
2011-06-15 23:28:00,1.41701,1.41721,1.41697,1.41704,1110000000.0
2011-06-15 23:29:00,1.41705,1.41732,1.41705,1.41724,1333600006.1035156
2011-06-15 23:30:00,1.41725,1.41726,1.41717,1.41717,1218099975.5859375
2011-06-15 23:31:00,1.41717,1.41717,1.41653,1.41656,2017100067.1386719
2011-06-15 23:32:00,1.41658,1.41673,1.41616,1.41626,1637500000.0
2011-06-15 23:33:00,1.41627,1.41693,1.41611,1.41682,1975599975.5859375
2011-06-15 23:34:00,1.4168,1.41721,1.4168,1.41716,1497200012.2070312
2011-06-15 23:35:00,1.41717,1.4174,1.41707,1.41729,1380099945.0683594
2011-06-15 23:36:00,1.41727,1.41763,1.41719,1.41763,787500000.0
2011-06-15 23:37:00,1.41762,1.4178,1.41749,1.4178,826600036.6210938
2011-06-15 23:38:00,1.41774,1.41784,1.41748,1.41781,1929799957.2753906
2011-06-15 23:39:00,1.41777,1.41789,1.41768,1.41789,761299972.5341797
2011-06-15 23:40:00,1.41789,1.41795,1.4177,1.41778,1164000015.258789
2011-06-15 23:41:00,1.41777,1.41829,1.41771,1.41825,1446000061.0351562
2011-06-15 23:42:00,1.41825,1.41829,1.41808,1.41816,1406300048.828125
2011-06-15 23:43:00,1.41813,1.41851,1.41794,1.41839,3178299865.7226562
2011-06-15 23:44:00,1.41837,1.41851,1.41822,1.41835,1679499969.4824219
2011-06-15 23:45:00,1.41835,1.41844,1.41816,1.41816,1470399932.8613281
2011-06-15 23:46:00,1.41816,1.41824,1.41812,1.41812,682699966.4306641
2011-06-15 23:47:00,1.41809,1.41811,1.418,1.41802,532500000.0
2011-06-15 23:48:00,1.41802,1.4181,1.41796,1.41809,405000000.0
2011-06-15 23:49:00,1.41809,1.41838,1.41809,1.41829,342900009.15527344
2011-06-15 23:50:00,1.41827,1.41958,1.41824,1.41916,3046900024.4140625
2011-06-15 23:51:00,1.41922,1.4193,1.41905,1.41919,1463899993.8964844
2011-06-15 23:52:00,1.41919,1.41924,1.41872,1.41881,2159400024.4140625
2011-06-15 23:53:00,1.41881,1.41893,1.41881,1.41887,723199996.9482422
2011-06-15 23:54:00,1.41887,1.41912,1.41887,1.41912,450000000.0
2011-06-15 23:55:00,1.41912,1.41941,1.41912,1.4194,1225599975.5859375
2011-06-15 23:56:00,1.4194,1.41945,1.4194,1.41942,217500000.0
2011-06-15 23:57:00,1.41946,1.41957,1.41912,1.41912,881299972.5341797
2011-06-15 23:58:00,1.41915,1.41929,1.41905,1.41929,1774700012.2070312
2011-06-15 23:59:00,1.41927,1.41927,1.41906,1.41916,1001299972.5341797
2011-06-16 00:00:00,1.41916,1.41916,1.41848,1.41876,2843500061.0351562
2011-06-16 00:01:00,1.41876,1.41899,1.41875,1.41897,1350299987.7929688
2011-06-16 00:02:00,1.41897,1.41901,1.41875,1.41875,1759400024.4140625
2011-06-16 00:03:00,1.41875,1.41879,1.4186,1.4187,1030999984.7412109
2011-06-16 00:04:00,1.4187,1.4187,1.41814,1.4182,1875599975.5859375
2011-06-16 00:05:00,1.4182,1.41821,1.41777,1.41791,1705899963.3789062
2011-06-16 00:06:00,1.41792,1.41809,1.41783,1.41806,1206800003.0517578
2011-06-16 00:07:00,1.41811,1.41828,1.41788,1.41812,1871499938.9648438
2011-06-16 00:08:00,1.41814,1.41836,1.41799,1.41827,2277400054.9316406
2011-06-16 00:09:00,1.41832,1.41832,1.41798,1.4181,1243499984.741211
2011-06-16 00:10:00,1.41814,1.41825,1.4181,1.4181,1106999969.4824219
2011-06-16 00:11:00,1.41811,1.41836,1.4181,1.41833,607500000.0
2011-06-16 00:12:00,1.41838,1.41872,1.41837,1.41872,1505599975.5859375
2011-06-16 00:13:00,1.4187,1.41906,1.41868,1.41884,1518999938.9648438
2011-06-16 00:14:00,1.41886,1.41917,1.41886,1.41901,961699981.6894531
2011-06-16 00:15:00,1.41899,1.41935,1.41899,1.41922,1022300033.5693359
2011-06-16 00:16:00,1.41922,1.41938,1.41905,1.41928,1595700073.2421875
2011-06-16 00:17:00,1.41929,1.41929,1.41891,1.419,1848800048.828125
2011-06-16 00:18:00,1.419,1.41907,1.41865,1.41878,1555700073.2421875
2011-06-16 00:19:00,1.41877,1.41893,1.41868,1.41879,790100021.3623047
2011-06-16 00:20:00,1.41879,1.41895,1.41868,1.41878,793199996.9482422
2011-06-16 00:21:00,1.41878,1.41895,1.41878,1.41895,448499984.74121094
2011-06-16 00:22:00,1.41896,1.41904,1.41884,1.419,625000000.0
2011-06-16 00:23:00,1.419,1.41956,1.419,1.41956,1422100067.1386719
2011-06-16 00:24:00,1.4196,1.4199,1.41957,1.41967,2479199981.689453
2011-06-16 00:25:00,1.41968,1.41986,1.41967,1.41967,1211900024.4140625
2011-06-16 00:26:00,1.41967,1.41967,1.41936,1.41957,1525200042.7246094
2011-06-16 00:27:00,1.41957,1.41984,1.41954,1.41979,2009499969.4824219
2011-06-16 00:28:00,1.41979,1.41999,1.41973,1.41998,667500000.0
2011-06-16 00:29:00,1.41998,1.41998,1.41962,1.41969,1175999984.741211
2011-06-16 00:30:00,1.41965,1.41965,1.41946,1.41947,1300399932.8613281
2011-06-16 00:31:00,1.41948,1.41948,1.41942,1.41945,569199981.6894531
2011-06-16 00:32:00,1.41943,1.41947,1.41936,1.41936,710500030.5175781
2011-06-16 00:33:00,1.41936,1.41936,1.41882,1.41882,1505599975.5859375
2011-06-16 00:34:00,1.41878,1.41878,1.41837,1.41837,2181799926.7578125
2011-06-16 00:35:00,1.41834,1.41861,1.41828,1.41847,1702799987.7929688
2011-06-16 00:36:00,1.41846,1.41869,1.4184,1.41869,1387599945.0683594
2011-06-16 00:37:00,1.41869,1.4193,1.41869,1.4189,1753200073.2421875
2011-06-16 00:38:00,1.4189,1.41918,1.41889,1.41911,945000000.0
2011-06-16 00:39:00,1.41916,1.41933,1.41913,1.41924,1125899963.3789062
2011-06-16 00:40:00,1.41924,1.41924,1.4185,1.41876,2587200012.2070312
2011-06-16 00:41:00,1.41872,1.41905,1.41849,1.41905,2237500000.0
2011-06-16 00:42:00,1.41905,1.41932,1.41905,1.41914,889599990.8447266
2011-06-16 00:43:00,1.41912,1.41912,1.41892,1.419,1352500000.0
2011-06-16 00:44:00,1.41901,1.41909,1.41896,1.41901,557500000.0
2011-06-16 00:45:00,1.419,1.41965,1.41887,1.41959,1834600067.1386719
2011-06-16 00:46:00,1.4196,1.41972,1.41957,1.41963,1002200012.2070312
2011-06-16 00:47:00,1.41957,1.41957,1.41929,1.41939,1125299987.7929688
2011-06-16 00:48:00,1.41941,1.41944,1.41912,1.41912,785299987.7929688
2011-06-16 00:49:00,1.4191,1.41912,1.41883,1.4189,1589299926.7578125
2011-06-16 00:50:00,1.4189,1.4192,1.41888,1.4191,605699996.9482422
2011-06-16 00:51:00,1.41906,1.41906,1.41875,1.41898,885000000.0
2011-06-16 00:52:00,1.41898,1.41915,1.41891,1.41912,1156699981.6894531
2011-06-16 00:53:00,1.41907,1.41912,1.41882,1.41884,998300018.3105469
2011-06-16 00:54:00,1.41885,1.41898,1.4186,1.4186,1471600036.6210938
2011-06-16 00:55:00,1.41859,1.4187,1.41851,1.41867,1026800003.0517578
2011-06-16 00:56:00,1.41869,1.4187,1.41864,1.41864,542799987.7929688
2011-06-16 00:57:00,1.41862,1.41862,1.4184,1.4184,828600006.1035156
2011-06-16 00:58:00,1.41841,1.41859,1.41815,1.41849,2113300018.3105469
2011-06-16 00:59:00,1.41851,1.41906,1.41851,1.41888,2457100067.138672
2011-06-16 01:00:00,1.41888,1.41888,1.41861,1.41869,804899978.6376953
2011-06-16 01:01:00,1.41869,1.4187,1.4185,1.4185,420000000.0
2011-06-16 01:02:00,1.41848,1.41858,1.41835,1.41844,1012300033.5693359
2011-06-16 01:03:00,1.41839,1.4185,1.41838,1.41847,742500000.0
2011-06-16 01:04:00,1.41847,1.41866,1.41846,1.41854,1035800018.3105469
2011-06-16 01:05:00,1.41859,1.4187,1.4185,1.41858,971299972.5341797
2011-06-16 01:06:00,1.41858,1.41862,1.41853,1.41861,709599990.8447266
2011-06-16 01:07:00,1.41859,1.4192,1.41855,1.41905,1103399963.3789062
2011-06-16 01:08:00,1.41904,1.41942,1.41896,1.41938,1198000030.5175781
2011-06-16 01:09:00,1.41939,1.41939,1.41911,1.41934,1484400024.4140625
2011-06-16 01:10:00,1.41931,1.41933,1.4191,1.41921,1199300003.0517578
2011-06-16 01:11:00,1.4192,1.4192,1.41893,1.41901,990199966.4306641
2011-06-16 01:12:00,1.41904,1.41923,1.41903,1.41913,759899978.6376953
2011-06-16 01:13:00,1.41913,1.41932,1.41913,1.41924,918899993.8964844
2011-06-16 01:14:00,1.41922,1.41944,1.41915,1.41922,1325700073.2421875
2011-06-16 01:15:00,1.41922,1.41931,1.41915,1.41919,1290000000.0
2011-06-16 01:16:00,1.41919,1.4192,1.41884,1.41885,961699981.6894531
2011-06-16 01:17:00,1.41885,1.41908,1.41885,1.41899,1089400024.4140625
2011-06-16 01:18:00,1.41898,1.41908,1.41894,1.41897,601699981.6894531
2011-06-16 01:19:00,1.41895,1.41913,1.41879,1.41879,1007500000.0
2011-06-16 01:20:00,1.41878,1.41879,1.41845,1.41851,1080899963.3789062
2011-06-16 01:21:00,1.41853,1.41865,1.41831,1.41831,1057699966.4306641
2011-06-16 01:22:00,1.41835,1.4184,1.41812,1.41818,1203300018.3105469
2011-06-16 01:23:00,1.41818,1.4184,1.41818,1.41823,990899963.3789062
2011-06-16 01:24:00,1.41819,1.4187,1.41791,1.41868,1811600036.6210938
2011-06-16 01:25:00,1.41868,1.41868,1.4181,1.41824,1134800033.569336
2011-06-16 01:26:00,1.41825,1.41842,1.41816,1.41836,1935599975.5859375
2011-06-16 01:27:00,1.41836,1.41851,1.41835,1.41847,903899993.8964844
2011-06-16 01:28:00,1.41847,1.41869,1.41842,1.41849,838099975.5859375
2011-06-16 01:29:00,1.41849,1.41849,1.41815,1.4182,1047799987.7929688
2011-06-16 01:30:00,1.4182,1.41841,1.41819,1.41841,1425899963.3789062
2011-06-16 01:31:00,1.41842,1.41858,1.41821,1.41836,1799900054.9316406
2011-06-16 01:32:00,1.41835,1.4185,1.41829,1.41831,1036699981.6894531
2011-06-16 01:33:00,1.41828,1.41852,1.41826,1.41852,954800033.5693359
2011-06-16 01:34:00,1.41851,1.41856,1.41837,1.41837,1110800018.3105469
2011-06-16 01:35:00,1.41838,1.41841,1.41808,1.4181,1061299972.5341797
2011-06-16 01:36:00,1.41812,1.4184,1.41812,1.41821,853600006.1035156
2011-06-16 01:37:00,1.41822,1.41822,1.41785,1.41795,1769400024.4140625
2011-06-16 01:38:00,1.41795,1.41821,1.41792,1.41813,1767899932.8613281
2011-06-16 01:39:00,1.41813,1.41838,1.41813,1.41829,802500000.0
2011-06-16 01:40:00,1.41827,1.41881,1.41827,1.41881,986399993.8964844
2011-06-16 01:41:00,1.41875,1.41879,1.41868,1.41869,1470000000.0
2011-06-16 01:42:00,1.41868,1.41868,1.41825,1.41837,1702299957.2753906
2011-06-16 01:43:00,1.41837,1.41852,1.41837,1.41845,675000000.0
2011-06-16 01:44:00,1.41845,1.41845,1.41827,1.41835,680199966.4306641
2011-06-16 01:45:00,1.41833,1.41843,1.41822,1.41838,825000000.0
2011-06-16 01:46:00,1.41838,1.41838,1.41829,1.41831,527999992.37060547
2011-06-16 01:47:00,1.41831,1.41839,1.41808,1.41816,872300033.5693359
2011-06-16 01:48:00,1.41816,1.41835,1.41816,1.41835,723000030.5175781
2011-06-16 01:49:00,1.41836,1.41836,1.41824,1.41831,1153499984.741211
2011-06-16 01:50:00,1.41832,1.41849,1.41827,1.41846,1186500015.258789
2011-06-16 01:51:00,1.41846,1.41846,1.4182,1.41826,1350099945.0683594
2011-06-16 01:52:00,1.41828,1.41831,1.41807,1.41821,688499984.7412109
2011-06-16 01:53:00,1.41821,1.41829,1.41807,1.41818,888899993.8964844
2011-06-16 01:54:00,1.41816,1.41844,1.41813,1.41835,1478399963.3789062
2011-06-16 01:55:00,1.41836,1.41861,1.41836,1.41859,1160999984.741211
2011-06-16 01:56:00,1.41859,1.41878,1.41853,1.41876,1481399993.8964844
2011-06-16 01:57:00,1.41875,1.41881,1.4187,1.41881,1140100021.3623047
2011-06-16 01:58:00,1.41883,1.41908,1.41883,1.41905,963899993.8964844
2011-06-16 01:59:00,1.41907,1.41912,1.41897,1.41905,1374799957.2753906
2011-06-16 02:00:00,1.41905,1.41931,1.41905,1.41906,1400500030.5175781
2011-06-16 02:01:00,1.41903,1.41924,1.419,1.41914,879899978.6376953
2011-06-16 02:02:00,1.4192,1.41922,1.41893,1.41896,765899963.3789062
2011-06-16 02:03:00,1.41895,1.419,1.41881,1.41893,660000000.0
2011-06-16 02:04:00,1.41892,1.41895,1.41883,1.41891,725999984.7412109
2011-06-16 02:05:00,1.41891,1.41895,1.41886,1.4189,382500000.0
2011-06-16 02:06:00,1.4189,1.41914,1.4189,1.41911,435000000.0
2011-06-16 02:07:00,1.41911,1.41911,1.41909,1.4191,202500000.0
2011-06-16 02:08:00,1.4191,1.41911,1.41902,1.41905,457500000.0
2011-06-16 02:09:00,1.41911,1.41914,1.41904,1.41905,557999992.3706055
2011-06-16 02:10:00,1.41904,1.41921,1.41903,1.41913,461300010.68115234
2011-06-16 02:11:00,1.41911,1.41911,1.41866,1.41866,875999984.7412109
2011-06-16 02:12:00,1.41868,1.41881,1.41862,1.41881,771100006.1035156
2011-06-16 02:13:00,1.41881,1.41882,1.41868,1.41881,829700012.2070312
2011-06-16 02:14:00,1.41881,1.4189,1.41877,1.41877,654000015.2587891
2011-06-16 02:15:00,1.41881,1.41888,1.41869,1.41872,622500000.0
2011-06-16 02:16:00,1.41872,1.41882,1.41872,1.41882,120000000.0
2011-06-16 02:17:00,1.41881,1.41881,1.41871,1.41874,410999984.74121094
2011-06-16 02:18:00,1.41875,1.41904,1.41875,1.41886,847600021.3623047
2011-06-16 02:19:00,1.41887,1.41899,1.41887,1.41893,285000000.0
2011-06-16 02:20:00,1.41895,1.41901,1.41895,1.41895,246000003.81469727
2011-06-16 02:21:00,1.41894,1.41905,1.4188,1.41888,1063199996.9482422
2011-06-16 02:22:00,1.41889,1.41941,1.41882,1.41933,2279900054.9316406
2011-06-16 02:23:00,1.41935,1.41957,1.41931,1.41951,1942299957.2753906
2011-06-16 02:24:00,1.41951,1.41957,1.41942,1.41948,708899993.8964844
2011-06-16 02:25:00,1.41948,1.41951,1.41943,1.41944,620999984.7412109
2011-06-16 02:26:00,1.41944,1.41944,1.41923,1.41927,942099990.8447266
2011-06-16 02:27:00,1.41927,1.41932,1.41914,1.41931,583600006.1035156
2011-06-16 02:28:00,1.41929,1.41944,1.4192,1.41941,823499984.7412109
2011-06-16 02:29:00,1.41941,1.41992,1.41941,1.41961,1550700073.2421875
2011-06-16 02:30:00,1.41961,1.41965,1.41941,1.41943,1006600036.6210938
2011-06-16 02:31:00,1.41946,1.41951,1.41917,1.41936,1132600021.3623047
2011-06-16 02:32:00,1.41936,1.41937,1.41925,1.41929,637500000.0
2011-06-16 02:33:00,1.41928,1.41937,1.41925,1.41926,671399993.8964844
2011-06-16 02:34:00,1.41926,1.41933,1.41917,1.41933,527299995.4223633
2011-06-16 02:35:00,1.41933,1.41941,1.41904,1.41914,1593800048.828125
2011-06-16 02:36:00,1.41914,1.41914,1.41882,1.41893,1376999969.4824219
2011-06-16 02:37:00,1.41891,1.41913,1.41891,1.41905,1365099945.0683594
2011-06-16 02:38:00,1.41902,1.41909,1.4189,1.41901,1029800033.5693359
2011-06-16 02:39:00,1.41902,1.41921,1.41899,1.4192,795100021.3623047
2011-06-16 02:40:00,1.41918,1.41939,1.41918,1.41935,656299972.5341797
2011-06-16 02:41:00,1.41933,1.41939,1.41927,1.41933,948899993.8964844
2011-06-16 02:42:00,1.41932,1.41937,1.41921,1.41937,715500030.5175781
2011-06-16 02:43:00,1.41937,1.41939,1.41934,1.41934,150000000.0
2011-06-16 02:44:00,1.41934,1.41937,1.4193,1.41934,607500000.0
2011-06-16 02:45:00,1.41935,1.41956,1.41935,1.41951,723099975.5859375
2011-06-16 02:46:00,1.4195,1.41959,1.41929,1.41929,742500000.0
2011-06-16 02:47:00,1.41927,1.41931,1.41913,1.41921,761399993.8964844
2011-06-16 02:48:00,1.41922,1.41929,1.41922,1.41926,577500000.0
2011-06-16 02:49:00,1.41926,1.41926,1.41907,1.4191,487500000.0
2011-06-16 02:50:00,1.41909,1.41909,1.41892,1.41892,853499984.7412109
2011-06-16 02:51:00,1.41891,1.41925,1.41891,1.41903,1286600036.6210938
2011-06-16 02:52:00,1.41903,1.41903,1.41897,1.41898,360000000.0
2011-06-16 02:53:00,1.41893,1.41898,1.41869,1.41888,1668999938.9648438
2011-06-16 02:54:00,1.41888,1.41905,1.4188,1.41901,780000000.0
2011-06-16 02:55:00,1.419,1.419,1.41887,1.41899,540000000.0
2011-06-16 02:56:00,1.41892,1.419,1.41888,1.419,598499984.7412109
2011-06-16 02:57:00,1.419,1.419,1.4189,1.419,515999984.74121094
2011-06-16 02:58:00,1.419,1.41913,1.41896,1.41913,504000015.25878906
2011-06-16 02:59:00,1.41915,1.41916,1.41897,1.41907,982799987.7929688
2011-06-16 03:00:00,1.41907,1.41914,1.41907,1.41914,564199981.6894531
2011-06-16 03:01:00,1.41913,1.41936,1.41913,1.41936,594000015.2587891
2011-06-16 03:02:00,1.41936,1.41955,1.41935,1.41955,926299972.5341797
2011-06-16 03:03:00,1.41953,1.41976,1.41953,1.41976,605999984.7412109
2011-06-16 03:04:00,1.41976,1.41989,1.41972,1.41981,1022300033.5693359
2011-06-16 03:05:00,1.41985,1.41985,1.4197,1.41977,502500000.0
2011-06-16 03:06:00,1.41979,1.41989,1.41972,1.41976,536300010.68115234
2011-06-16 03:07:00,1.41976,1.41986,1.4196,1.41961,1111200027.4658203
2011-06-16 03:08:00,1.41963,1.41968,1.41931,1.41937,830299987.7929688
2011-06-16 03:09:00,1.41937,1.4194,1.41926,1.41937,697500000.0
2011-06-16 03:10:00,1.41936,1.41936,1.41936,1.41936,37500000.0
2011-06-16 03:11:00,1.41938,1.41948,1.41936,1.41947,367500000.0
2011-06-16 03:12:00,1.41945,1.41952,1.41941,1.41946,532500000.0
2011-06-16 03:13:00,1.4195,1.4195,1.41945,1.41945,255000000.0
2011-06-16 03:14:00,1.41945,1.41945,1.41937,1.41937,300000000.0
2011-06-16 03:15:00,1.41937,1.41941,1.41932,1.41932,480000000.0
2011-06-16 03:16:00,1.41933,1.41934,1.41922,1.41929,568499984.7412109
2011-06-16 03:17:00,1.4193,1.41932,1.41911,1.41911,505499992.37060547
2011-06-16 03:18:00,1.41912,1.41921,1.41908,1.41921,480000000.0
2011-06-16 03:19:00,1.41923,1.41944,1.41923,1.41941,656999969.4824219
2011-06-16 03:20:00,1.41941,1.41942,1.41924,1.41924,639799995.4223633
2011-06-16 03:21:00,1.41924,1.41928,1.41907,1.41926,455999984.74121094
2011-06-16 03:22:00,1.41927,1.41928,1.41905,1.41907,913499984.7412109
2011-06-16 03:23:00,1.41906,1.4192,1.41906,1.41913,874499969.4824219
2011-06-16 03:24:00,1.41912,1.41921,1.419,1.41921,810000000.0
2011-06-16 03:25:00,1.41921,1.41921,1.41909,1.41912,585000000.0
2011-06-16 03:26:00,1.41909,1.41931,1.41909,1.41926,1061999969.4824219
2011-06-16 03:27:00,1.41926,1.41937,1.41926,1.41932,587999992.3706055
2011-06-16 03:28:00,1.41934,1.41937,1.41933,1.41934,145500001.90734863
2011-06-16 03:29:00,1.41935,1.41935,1.41924,1.41935,862900009.1552734
2011-06-16 03:30:00,1.41932,1.41951,1.41931,1.41947,694499969.4824219
2011-06-16 03:31:00,1.41946,1.41953,1.41946,1.41946,474000015.25878906
2011-06-16 03:32:00,1.41945,1.4195,1.41942,1.41947,475499992.37060547
2011-06-16 03:33:00,1.41947,1.41959,1.41947,1.41959,414000015.25878906
2011-06-16 03:34:00,1.41961,1.41961,1.41959,1.41959,313500003.81469727
2011-06-16 03:35:00,1.41959,1.4196,1.41959,1.41959,205499992.37060547
2011-06-16 03:36:00,1.41959,1.41959,1.4193,1.41936,1105400009.1552734
2011-06-16 03:37:00,1.41937,1.41961,1.41937,1.41956,680999984.7412109
2011-06-16 03:38:00,1.41955,1.41955,1.41951,1.41951,448499984.74121094
2011-06-16 03:39:00,1.41954,1.41979,1.41953,1.41973,904499969.4824219
2011-06-16 03:40:00,1.41973,1.41986,1.41964,1.41985,1074199981.6894531
2011-06-16 03:41:00,1.41985,1.41985,1.41969,1.41973,753799972.5341797
2011-06-16 03:42:00,1.41973,1.41979,1.41968,1.41968,386300010.68115234
2011-06-16 03:43:00,1.41968,1.41968,1.41961,1.41961,315000000.0
2011-06-16 03:44:00,1.41963,1.4197,1.41963,1.4197,277500000.0
2011-06-16 03:45:00,1.41967,1.41972,1.41965,1.41972,120000000.0
2011-06-16 03:46:00,1.41972,1.41981,1.41972,1.41977,277500000.0
2011-06-16 03:47:00,1.41976,1.41976,1.41973,1.41973,60000000.0
2011-06-16 03:48:00,1.41974,1.41983,1.41971,1.41981,758300018.3105469
2011-06-16 03:49:00,1.41979,1.41979,1.41963,1.41977,555000000.0
2011-06-16 03:50:00,1.41978,1.41991,1.41973,1.41983,1345500030.5175781
2011-06-16 03:51:00,1.41981,1.41998,1.41981,1.41986,875999984.7412109
2011-06-16 03:52:00,1.41987,1.41994,1.41977,1.41983,607500000.0
2011-06-16 03:53:00,1.41982,1.41983,1.41974,1.41978,545999984.7412109
2011-06-16 03:54:00,1.41978,1.4198,1.41968,1.4197,825000000.0
2011-06-16 03:55:00,1.4197,1.41975,1.41968,1.41973,240000000.0
2011-06-16 03:56:00,1.41973,1.41973,1.41955,1.41962,367500000.0
2011-06-16 03:57:00,1.41962,1.41962,1.41958,1.41961,255000000.0
2011-06-16 03:58:00,1.41962,1.41971,1.41922,1.41934,1416000061.0351562
2011-06-16 03:59:00,1.41935,1.41948,1.4192,1.4194,873799972.5341797
2011-06-16 04:00:00,1.41941,1.41963,1.41941,1.41954,665999984.7412109
2011-06-16 04:01:00,1.41955,1.41981,1.41952,1.41969,965999984.7412109
2011-06-16 04:02:00,1.41969,1.41969,1.41935,1.41947,1992200012.2070312
2011-06-16 04:03:00,1.41948,1.41951,1.41943,1.41943,493499984.74121094
2011-06-16 04:04:00,1.41945,1.4195,1.41945,1.4195,375000000.0
2011-06-16 04:05:00,1.4195,1.4195,1.41949,1.41949,90000000.0
2011-06-16 04:06:00,1.4195,1.4195,1.41943,1.41944,277500000.0
2011-06-16 04:07:00,1.41947,1.41948,1.4194,1.4194,675000000.0
2011-06-16 04:08:00,1.4194,1.4194,1.41915,1.41931,1087500000.0
2011-06-16 04:09:00,1.41926,1.41935,1.4189,1.41926,1487200012.2070312
2011-06-16 04:10:00,1.41924,1.41933,1.41924,1.41929,232500000.0
2011-06-16 04:11:00,1.41931,1.41934,1.41923,1.41934,577500000.0
2011-06-16 04:12:00,1.41935,1.41935,1.4193,1.4193,172500000.0
2011-06-16 04:13:00,1.4193,1.41941,1.4193,1.41941,217500000.0
2011-06-16 04:14:00,1.41941,1.41957,1.4194,1.41949,1183499984.741211
2011-06-16 04:15:00,1.41949,1.41949,1.41937,1.41946,412500000.0
2011-06-16 04:16:00,1.41944,1.41944,1.41917,1.4193,446300010.68115234
2011-06-16 04:17:00,1.41926,1.41932,1.41909,1.41919,562500000.0
2011-06-16 04:18:00,1.41921,1.41921,1.41896,1.41897,881999969.4824219
2011-06-16 04:19:00,1.41892,1.41899,1.41878,1.4188,890999984.7412109
2011-06-16 04:20:00,1.41881,1.41894,1.41881,1.41889,810000000.0
2011-06-16 04:21:00,1.41891,1.41907,1.41891,1.41894,844499969.4824219
2011-06-16 04:22:00,1.41895,1.41895,1.41858,1.41858,1335800018.3105469
2011-06-16 04:23:00,1.41863,1.41871,1.41829,1.41835,1185000000.0
2011-06-16 04:24:00,1.41835,1.41838,1.41812,1.41828,1425000000.0
2011-06-16 04:25:00,1.41828,1.41828,1.41817,1.41826,650999984.7412109
2011-06-16 04:26:00,1.41828,1.41838,1.41821,1.41838,733499984.7412109
2011-06-16 04:27:00,1.41838,1.41851,1.41831,1.41831,1135599975.5859375
2011-06-16 04:28:00,1.41831,1.41832,1.41826,1.41831,165000000.0
2011-06-16 04:29:00,1.41829,1.41829,1.41818,1.41829,965299987.7929688
2011-06-16 04:30:00,1.41829,1.41842,1.41829,1.41836,1047900009.1552734
2011-06-16 04:31:00,1.41834,1.41837,1.41821,1.41832,1523399963.3789062
2011-06-16 04:32:00,1.41831,1.41843,1.41825,1.41835,1095000000.0
2011-06-16 04:33:00,1.41832,1.41833,1.41807,1.41815,1587899932.8613281
2011-06-16 04:34:00,1.41815,1.41822,1.41811,1.41816,856500015.2587891
2011-06-16 04:35:00,1.41817,1.41834,1.41813,1.41834,540000000.0
2011-06-16 04:36:00,1.41836,1.41845,1.41832,1.41833,277500000.0
2011-06-16 04:37:00,1.41834,1.41843,1.41832,1.41832,433499984.74121094
2011-06-16 04:38:00,1.41832,1.41833,1.41792,1.41799,1823399963.3789062
2011-06-16 04:39:00,1.41796,1.418,1.4179,1.41793,637500000.0
2011-06-16 04:40:00,1.41793,1.41805,1.41789,1.41789,1245000000.0
2011-06-16 04:41:00,1.41789,1.41798,1.41789,1.41792,992200012.2070312
2011-06-16 04:42:00,1.41792,1.41797,1.41623,1.41626,3444899902.34375
2011-06-16 04:43:00,1.41623,1.41623,1.4158,1.41585,3106499938.9648438
2011-06-16 04:44:00,1.41583,1.41588,1.41402,1.41402,4357099914.550781
2011-06-16 04:45:00,1.41401,1.41401,1.41273,1.41358,4297099914.550781
2011-06-16 04:46:00,1.41358,1.41393,1.41352,1.41354,2469700012.2070312
2011-06-16 04:47:00,1.41352,1.41353,1.4123,1.41232,4230000000.0
2011-06-16 04:48:00,1.41233,1.41235,1.41131,1.41213,4251199951.171875
2011-06-16 04:49:00,1.41216,1.41254,1.41208,1.4124,3293099975.5859375
2011-06-16 04:50:00,1.41241,1.41315,1.41238,1.41314,4061499938.9648438
2011-06-16 04:51:00,1.41316,1.41319,1.41244,1.4128,3659899902.34375
2011-06-16 04:52:00,1.4128,1.41303,1.41265,1.41266,2879500122.0703125
2011-06-16 04:53:00,1.41266,1.41266,1.41204,1.41209,3176400146.484375
2011-06-16 04:54:00,1.41211,1.4129,1.41205,1.41272,3492300109.8632812
2011-06-16 04:55:00,1.41271,1.41315,1.41269,1.41303,3353900146.484375
2011-06-16 04:56:00,1.41309,1.41312,1.41189,1.41213,4423900146.484375
2011-06-16 04:57:00,1.41214,1.41249,1.41191,1.41232,3164700012.2070312
2011-06-16 04:58:00,1.41232,1.41279,1.4123,1.41254,3528699951.171875
2011-06-16 04:59:00,1.41252,1.41286,1.41249,1.41261,2792799987.7929688
2011-06-16 05:00:00,1.41262,1.41306,1.41237,1.41278,3107799987.7929688
2011-06-16 05:01:00,1.41285,1.41324,1.41281,1.41324,3196799926.7578125
2011-06-16 05:02:00,1.41325,1.41375,1.41325,1.41349,3075100097.65625
2011-06-16 05:03:00,1.41347,1.41364,1.41345,1.41356,1395000000.0
2011-06-16 05:04:00,1.41356,1.41383,1.41354,1.4138,2219199981.689453
2011-06-16 05:05:00,1.41382,1.41395,1.41327,1.41333,2402799987.7929688
2011-06-16 05:06:00,1.41329,1.41377,1.41324,1.41374,1736900024.4140625
2011-06-16 05:07:00,1.41374,1.41374,1.41324,1.41339,1339600067.1386719
2011-06-16 05:08:00,1.41339,1.41369,1.41335,1.41354,2361300048.828125
2011-06-16 05:09:00,1.41354,1.41366,1.41354,1.4136,1077099990.8447266
2011-06-16 05:10:00,1.41361,1.41364,1.41319,1.41321,1979799957.2753906
2011-06-16 05:11:00,1.41321,1.41326,1.41291,1.41291,2365899963.3789062
2011-06-16 05:12:00,1.41294,1.41307,1.41277,1.41295,1563000030.5175781
2011-06-16 05:13:00,1.41296,1.41338,1.41296,1.41336,1265999984.741211
2011-06-16 05:14:00,1.41335,1.41363,1.41335,1.41361,1818099975.5859375
2011-06-16 05:15:00,1.41361,1.41361,1.41286,1.41295,1740899963.3789062
2011-06-16 05:16:00,1.41294,1.413,1.41274,1.41297,1810500030.5175781
2011-06-16 05:17:00,1.41298,1.41337,1.41291,1.41297,1413899993.8964844
2011-06-16 05:18:00,1.41302,1.41331,1.41302,1.41331,723799972.5341797
2011-06-16 05:19:00,1.41337,1.41337,1.41304,1.41306,1524299926.7578125
2011-06-16 05:20:00,1.41307,1.41313,1.41283,1.41283,1313699951.171875
2011-06-16 05:21:00,1.41284,1.41293,1.41196,1.41199,2789800109.8632812
2011-06-16 05:22:00,1.41202,1.41202,1.41175,1.4119,2673099975.5859375
2011-06-16 05:23:00,1.4119,1.4122,1.4119,1.41213,1507700042.7246094
2011-06-16 05:24:00,1.41215,1.41251,1.41215,1.4125,1588500061.0351562
2011-06-16 05:25:00,1.4125,1.41259,1.41236,1.41236,1107099990.8447266
2011-06-16 05:26:00,1.41235,1.41241,1.41184,1.41212,1911799926.7578125
2011-06-16 05:27:00,1.41212,1.41219,1.41186,1.41209,1592700042.7246094
2011-06-16 05:28:00,1.41209,1.41218,1.41198,1.41202,1130699996.9482422
2011-06-16 05:29:00,1.41203,1.41218,1.41203,1.41215,1281199951.171875
2011-06-16 05:30:00,1.41216,1.41217,1.41097,1.41103,2557100067.138672
2011-06-16 05:31:00,1.41105,1.41191,1.41105,1.41184,2655599975.5859375
2011-06-16 05:32:00,1.41184,1.4121,1.41162,1.41185,2262200012.2070312
2011-06-16 05:33:00,1.41188,1.41203,1.41121,1.41157,1980800018.3105469
2011-06-16 05:34:00,1.41159,1.41196,1.41159,1.4118,1802299957.2753906
2011-06-16 05:35:00,1.4118,1.41187,1.41068,1.41068,2623200073.2421875
2011-06-16 05:36:00,1.41071,1.41089,1.40983,1.41019,4792399902.34375
2011-06-16 05:37:00,1.41019,1.41067,1.41015,1.41018,4020400085.4492188
2011-06-16 05:38:00,1.41018,1.41032,1.40951,1.40951,3667500000.0
2011-06-16 05:39:00,1.40954,1.40984,1.40905,1.40911,4877600097.65625
2011-06-16 05:40:00,1.4091,1.40949,1.40898,1.40947,3002900085.4492188
2011-06-16 05:41:00,1.40944,1.40959,1.40934,1.40941,2506999969.482422
2011-06-16 05:42:00,1.4094,1.40994,1.4093,1.40965,4007799987.7929688
2011-06-16 05:43:00,1.40964,1.41069,1.40963,1.41065,2609400024.4140625
2011-06-16 05:44:00,1.41064,1.41102,1.41058,1.41068,3922900085.4492188
2011-06-16 05:45:00,1.41069,1.41083,1.41026,1.41032,2751499938.9648438
2011-06-16 05:46:00,1.41035,1.41042,1.40973,1.40979,3354800109.8632812
2011-06-16 05:47:00,1.40979,1.41077,1.40979,1.41061,2443500061.0351562
2011-06-16 05:48:00,1.4106,1.41089,1.4105,1.41087,1913200073.2421875
2011-06-16 05:49:00,1.41088,1.41088,1.4105,1.41082,2233000030.517578
2011-06-16 05:50:00,1.41084,1.41101,1.41072,1.41089,2085299987.7929688
2011-06-16 05:51:00,1.41089,1.41123,1.41089,1.41107,2453399963.3789062
2011-06-16 05:52:00,1.41108,1.41126,1.41099,1.411,2041000061.0351562
2011-06-16 05:53:00,1.41102,1.41102,1.41063,1.41069,1891699981.6894531
2011-06-16 05:54:00,1.4107,1.41098,1.41068,1.41098,1963200073.2421875
2011-06-16 05:55:00,1.41098,1.41167,1.41098,1.41164,2260700073.2421875
2011-06-16 05:56:00,1.41162,1.41163,1.41139,1.41149,3293900146.484375
2011-06-16 05:57:00,1.4115,1.41155,1.41139,1.41153,2795599975.5859375
2011-06-16 05:58:00,1.41151,1.41156,1.41142,1.41154,1761000061.0351562
2011-06-16 05:59:00,1.41157,1.41157,1.41129,1.4114,2907000122.0703125
2011-06-16 06:00:00,1.41139,1.41158,1.41112,1.41112,3041199951.171875
2011-06-16 06:01:00,1.41112,1.41116,1.4108,1.41115,2474900054.9316406
2011-06-16 06:02:00,1.41117,1.41149,1.41109,1.41113,2308300018.310547
2011-06-16 06:03:00,1.41114,1.41142,1.41114,1.41137,2059900054.9316406
2011-06-16 06:04:00,1.41137,1.41172,1.41136,1.41171,2606300048.828125
2011-06-16 06:05:00,1.41171,1.41188,1.41161,1.41171,3314700012.2070312
2011-06-16 06:06:00,1.41169,1.41169,1.4114,1.4116,2957099914.5507812
2011-06-16 06:07:00,1.41161,1.41169,1.41148,1.41148,1571999969.4824219
2011-06-16 06:08:00,1.41148,1.41151,1.41136,1.41151,1937100067.1386719
2011-06-16 06:09:00,1.4115,1.4123,1.41149,1.41219,3042600097.65625
2011-06-16 06:10:00,1.4122,1.41273,1.41211,1.41256,2843900146.484375
2011-06-16 06:11:00,1.41255,1.41266,1.41244,1.41249,2676700134.2773438
2011-06-16 06:12:00,1.41249,1.41249,1.41218,1.41222,2126600036.6210938
2011-06-16 06:13:00,1.41224,1.41233,1.41213,1.41228,2079100036.6210938
2011-06-16 06:14:00,1.4123,1.41241,1.41226,1.41239,1426699981.6894531
2011-06-16 06:15:00,1.41241,1.41294,1.41241,1.41271,2268000030.517578
2011-06-16 06:16:00,1.41272,1.41288,1.41272,1.41286,2812099914.5507812
2011-06-16 06:17:00,1.41288,1.41309,1.41278,1.41306,2242200012.2070312
2011-06-16 06:18:00,1.41306,1.41369,1.41306,1.41346,3758200073.2421875
2011-06-16 06:19:00,1.41346,1.41349,1.41318,1.41324,3091300048.828125
2011-06-16 06:20:00,1.41325,1.4133,1.41292,1.4132,3967999877.9296875
2011-06-16 06:21:00,1.41319,1.41359,1.41319,1.41356,2178899993.8964844
2011-06-16 06:22:00,1.41356,1.41366,1.41269,1.41269,3311400146.484375
2011-06-16 06:23:00,1.41269,1.41334,1.41256,1.41304,3265400085.4492188
2011-06-16 06:24:00,1.41304,1.41321,1.41265,1.41288,3624400024.4140625
2011-06-16 06:25:00,1.41289,1.41299,1.41272,1.41295,2979500122.0703125
2011-06-16 06:26:00,1.41298,1.41299,1.4124,1.41241,3350000000.0
2011-06-16 06:27:00,1.41243,1.41249,1.4116,1.4116,3193599853.515625
2011-06-16 06:28:00,1.4116,1.41216,1.41154,1.41205,3966700134.2773438
2011-06-16 06:29:00,1.41203,1.41209,1.4116,1.41161,2449499969.482422
2011-06-16 06:30:00,1.41161,1.41185,1.41136,1.41146,3655700073.2421875
2011-06-16 06:31:00,1.41145,1.41187,1.41138,1.41174,2997300109.8632812
2011-06-16 06:32:00,1.41178,1.41206,1.41172,1.41173,2190700073.2421875
2011-06-16 06:33:00,1.41178,1.41215,1.41178,1.41198,2476000061.0351562
2011-06-16 06:34:00,1.41198,1.412,1.4115,1.4115,2886400146.484375
2011-06-16 06:35:00,1.41153,1.41214,1.41147,1.41214,2613599853.515625
2011-06-16 06:36:00,1.41216,1.41241,1.41216,1.41233,3342900085.4492188
2011-06-16 06:37:00,1.41233,1.41249,1.4123,1.41238,2343600006.1035156
2011-06-16 06:38:00,1.41237,1.41238,1.41191,1.41225,1836900024.4140625
2011-06-16 06:39:00,1.41227,1.41232,1.41194,1.41208,2168600006.1035156
2011-06-16 06:40:00,1.41208,1.41209,1.41193,1.41201,2390399932.861328
2011-06-16 06:41:00,1.41202,1.41282,1.41202,1.41278,2957000122.0703125
2011-06-16 06:42:00,1.41275,1.41301,1.4127,1.4127,3018299865.7226562
2011-06-16 06:43:00,1.41269,1.41294,1.41262,1.41287,1849799957.2753906
2011-06-16 06:44:00,1.41289,1.41361,1.41289,1.41361,2361699981.689453
2011-06-16 06:45:00,1.41361,1.4137,1.41317,1.41319,3065799865.7226562
2011-06-16 06:46:00,1.41323,1.41334,1.41297,1.41334,2481499938.9648438
2011-06-16 06:47:00,1.41334,1.41387,1.41326,1.41366,2629899902.34375
2011-06-16 06:48:00,1.41366,1.41391,1.41358,1.41381,2287100067.138672
2011-06-16 06:49:00,1.41381,1.41385,1.4135,1.41355,1965299987.7929688
2011-06-16 06:50:00,1.41355,1.41359,1.4135,1.41354,884300003.0517578
2011-06-16 06:51:00,1.41354,1.4144,1.41353,1.41431,2107200012.2070312
2011-06-16 06:52:00,1.41433,1.41453,1.41412,1.41421,2706199951.171875
2011-06-16 06:53:00,1.41421,1.41452,1.41411,1.41442,2917799987.7929688
2011-06-16 06:54:00,1.41442,1.4147,1.41429,1.41441,2470800018.310547
2011-06-16 06:55:00,1.4144,1.41444,1.414,1.41403,2018999938.9648438
2011-06-16 06:56:00,1.41401,1.41401,1.41341,1.41341,3386700134.2773438
2011-06-16 06:57:00,1.41341,1.41364,1.41323,1.41363,2068999938.9648438
2011-06-16 06:58:00,1.41363,1.41387,1.41355,1.41382,1934499969.4824219
2011-06-16 06:59:00,1.41381,1.41424,1.41381,1.41409,1976499938.9648438
2011-06-16 07:00:00,1.41408,1.41412,1.41375,1.41391,2275700073.2421875
2011-06-16 07:01:00,1.4139,1.4139,1.41349,1.41359,2160099945.0683594
2011-06-16 07:02:00,1.41358,1.41371,1.41329,1.41331,1781600036.6210938
2011-06-16 07:03:00,1.41335,1.41344,1.41269,1.41272,2678800048.828125
2011-06-16 07:04:00,1.41272,1.41309,1.41252,1.41259,3502699890.1367188
2011-06-16 07:05:00,1.41256,1.41256,1.41151,1.41151,3962600097.65625
2011-06-16 07:06:00,1.41151,1.41192,1.41138,1.41165,3529500122.0703125
2011-06-16 07:07:00,1.41163,1.41181,1.41141,1.41147,2910400085.4492188
2011-06-16 07:08:00,1.41147,1.41156,1.41051,1.41053,3956600036.6210938
2011-06-16 07:09:00,1.41054,1.41094,1.41031,1.41084,4866300048.828125
2011-06-16 07:10:00,1.41088,1.41155,1.41087,1.41155,2957799987.7929688
2011-06-16 07:11:00,1.41155,1.41175,1.41142,1.41157,3619299926.7578125
2011-06-16 07:12:00,1.41153,1.41176,1.41147,1.41171,3553599853.515625
2011-06-16 07:13:00,1.41172,1.41258,1.41171,1.41258,3233999938.9648438
2011-06-16 07:14:00,1.41259,1.41261,1.41224,1.41224,3013800048.828125
2011-06-16 07:15:00,1.41225,1.41239,1.41186,1.41214,3174800109.8632812
2011-06-16 07:16:00,1.41211,1.41252,1.41197,1.41236,2542299957.2753906
2011-06-16 07:17:00,1.41241,1.41264,1.41218,1.41237,2680700073.2421875
2011-06-16 07:18:00,1.41232,1.41332,1.41223,1.413,3814599914.5507812
2011-06-16 07:19:00,1.41299,1.41305,1.41262,1.41269,3481799926.7578125
2011-06-16 07:20:00,1.41269,1.41283,1.41177,1.41177,3798999938.9648438
2011-06-16 07:21:00,1.41174,1.4123,1.41158,1.4123,3229800109.8632812
2011-06-16 07:22:00,1.41231,1.41305,1.41231,1.41305,3787399902.34375
2011-06-16 07:23:00,1.41306,1.41315,1.41276,1.41315,3136099853.515625
2011-06-16 07:24:00,1.41321,1.41328,1.41269,1.41269,3056499938.9648438
2011-06-16 07:25:00,1.41269,1.41313,1.41269,1.41301,1805899963.3789062
2011-06-16 07:26:00,1.41301,1.41341,1.41298,1.41334,2633699951.171875
2011-06-16 07:27:00,1.41333,1.41344,1.41305,1.41305,2072100067.1386719
2011-06-16 07:28:00,1.41305,1.41305,1.41247,1.41281,2126399993.8964844
2011-06-16 07:29:00,1.41281,1.41293,1.41261,1.4129,1654700012.2070312
2011-06-16 07:30:00,1.41283,1.41326,1.41283,1.41301,2497100067.138672
2011-06-16 07:31:00,1.41301,1.41338,1.41292,1.41338,3033800048.828125
2011-06-16 07:32:00,1.41338,1.41344,1.41254,1.41262,3706300048.828125
2011-06-16 07:33:00,1.41262,1.41296,1.41243,1.41283,3331199951.171875
2011-06-16 07:34:00,1.41285,1.41358,1.41285,1.41333,3266300048.828125
2011-06-16 07:35:00,1.41335,1.41345,1.41308,1.41318,2316999969.482422
2011-06-16 07:36:00,1.41318,1.41333,1.41298,1.41313,2720000000.0
2011-06-16 07:37:00,1.41314,1.41333,1.41293,1.41305,2905599975.5859375
2011-06-16 07:38:00,1.41304,1.41317,1.41261,1.41263,2521199951.171875
2011-06-16 07:39:00,1.41261,1.41277,1.41202,1.41202,2189299926.7578125
2011-06-16 07:40:00,1.41202,1.4122,1.4118,1.41195,3325199890.1367188
2011-06-16 07:41:00,1.41195,1.41198,1.41161,1.41198,2090099945.0683594
2011-06-16 07:42:00,1.41199,1.41242,1.41199,1.41218,2450000000.0
2011-06-16 07:43:00,1.41218,1.41218,1.41167,1.41169,2885799865.7226562
2011-06-16 07:44:00,1.41169,1.41251,1.41169,1.41223,2085399932.8613281
2011-06-16 07:45:00,1.41223,1.41267,1.41215,1.41249,2609500122.0703125
2011-06-16 07:46:00,1.41252,1.41269,1.41235,1.41235,2343000030.517578
2011-06-16 07:47:00,1.41234,1.41245,1.41233,1.41236,1755500030.5175781
2011-06-16 07:48:00,1.41237,1.41267,1.41233,1.41261,3704899902.34375
2011-06-16 07:49:00,1.41262,1.4127,1.41251,1.41261,1998200073.2421875
2011-06-16 07:50:00,1.41262,1.4127,1.41248,1.41261,1655700073.2421875
2011-06-16 07:51:00,1.41263,1.41302,1.41261,1.4129,2679200134.2773438
2011-06-16 07:52:00,1.4129,1.41324,1.41289,1.41304,3351600036.6210938
2011-06-16 07:53:00,1.41302,1.41377,1.41296,1.41368,3103900146.484375
2011-06-16 07:54:00,1.41377,1.41381,1.41356,1.4138,4163999938.9648438
2011-06-16 07:55:00,1.4138,1.41407,1.41377,1.41379,2430899963.3789062
2011-06-16 07:56:00,1.41378,1.41385,1.41364,1.41385,2351199951.171875
2011-06-16 07:57:00,1.41385,1.41405,1.4138,1.41399,1996199951.171875
2011-06-16 07:58:00,1.41398,1.41416,1.41388,1.41406,3158200073.2421875
2011-06-16 07:59:00,1.41407,1.41417,1.41372,1.41377,2081300048.828125
2011-06-16 08:00:00,1.41375,1.4138,1.41359,1.41365,2096399993.8964844
2011-06-16 08:01:00,1.41365,1.41379,1.4135,1.41379,2784200134.2773438
2011-06-16 08:02:00,1.41378,1.41412,1.41359,1.41412,2331999969.482422
2011-06-16 08:03:00,1.41411,1.41411,1.41369,1.41372,2964400024.4140625
2011-06-16 08:04:00,1.41376,1.4145,1.41372,1.41445,2718999938.9648438
2011-06-16 08:05:00,1.41445,1.41485,1.4144,1.41441,2892699890.1367188
2011-06-16 08:06:00,1.41437,1.41463,1.41424,1.41441,1995700073.2421875
2011-06-16 08:07:00,1.4144,1.41442,1.41409,1.41434,2163800048.828125
2011-06-16 08:08:00,1.41434,1.41479,1.41422,1.41479,1904499969.4824219
2011-06-16 08:09:00,1.41479,1.41559,1.41479,1.4153,4430299987.792969
2011-06-16 08:10:00,1.41531,1.41532,1.41504,1.41525,2548000030.517578
2011-06-16 08:11:00,1.41526,1.4156,1.41516,1.4156,2870499877.9296875
2011-06-16 08:12:00,1.41561,1.4157,1.41523,1.41529,2718999938.9648438
2011-06-16 08:13:00,1.4153,1.41533,1.41505,1.4152,1858399963.3789062
2011-06-16 08:14:00,1.4152,1.41533,1.41461,1.41476,2749200134.2773438
2011-06-16 08:15:00,1.41476,1.4148,1.4146,1.41475,2103200073.2421875
2011-06-16 08:16:00,1.41474,1.41489,1.41454,1.41462,2311300048.828125
2011-06-16 08:17:00,1.41462,1.41495,1.41462,1.41494,1320800018.3105469
2011-06-16 08:18:00,1.41491,1.41491,1.41462,1.41478,1342700042.7246094
2011-06-16 08:19:00,1.41479,1.41496,1.41464,1.41494,2159199981.689453
2011-06-16 08:20:00,1.41494,1.41495,1.41459,1.41462,2413899993.8964844
2011-06-16 08:21:00,1.41463,1.41473,1.41444,1.41453,1666199951.171875
2011-06-16 08:22:00,1.41454,1.41475,1.41422,1.41475,2492400054.9316406
2011-06-16 08:23:00,1.41475,1.41477,1.41428,1.41431,2119900054.9316406
2011-06-16 08:24:00,1.41431,1.41482,1.41431,1.41482,2034100036.6210938
2011-06-16 08:25:00,1.41482,1.41563,1.41482,1.41535,2687699890.1367188
2011-06-16 08:26:00,1.41535,1.41548,1.4151,1.4151,2146900024.4140625
2011-06-16 08:27:00,1.41509,1.41527,1.41475,1.41523,2991499938.9648438
2011-06-16 08:28:00,1.41523,1.41534,1.41482,1.41487,1901100006.1035156
2011-06-16 08:29:00,1.41486,1.41528,1.41486,1.41509,1808800048.828125
2011-06-16 08:30:00,1.41507,1.41507,1.41421,1.41447,2349499969.482422
2011-06-16 08:31:00,1.41449,1.41507,1.41443,1.41505,2355700073.2421875
2011-06-16 08:32:00,1.41504,1.41514,1.41491,1.41512,2359400024.4140625
2011-06-16 08:33:00,1.41516,1.41516,1.41478,1.41482,2136199951.171875
2011-06-16 08:34:00,1.41483,1.41489,1.41454,1.41486,2521499938.9648438
2011-06-16 08:35:00,1.41485,1.41497,1.4146,1.4149,1979799957.2753906
2011-06-16 08:36:00,1.4149,1.41517,1.4149,1.41509,1279100036.6210938
2011-06-16 08:37:00,1.41509,1.41509,1.41474,1.41492,2493200073.2421875
2011-06-16 08:38:00,1.41493,1.41507,1.4147,1.41485,2415599975.5859375
2011-06-16 08:39:00,1.41489,1.41497,1.41461,1.41469,1814499969.4824219
2011-06-16 08:40:00,1.41469,1.4147,1.41455,1.41459,1843899993.8964844
2011-06-16 08:41:00,1.41457,1.41493,1.41445,1.41493,2975299987.7929688
2011-06-16 08:42:00,1.41494,1.41527,1.41475,1.41522,2805100097.65625
2011-06-16 08:43:00,1.41517,1.41518,1.41477,1.41513,2366399993.8964844
2011-06-16 08:44:00,1.41513,1.41539,1.41509,1.41511,1766000061.0351562
2011-06-16 08:45:00,1.41508,1.41514,1.41485,1.41497,1940200042.7246094
2011-06-16 08:46:00,1.41503,1.41523,1.41503,1.41506,2329299926.7578125
2011-06-16 08:47:00,1.41505,1.41527,1.41505,1.41517,1801999969.4824219
2011-06-16 08:48:00,1.41517,1.4152,1.41456,1.41459,2445200042.7246094
2011-06-16 08:49:00,1.41461,1.41469,1.41425,1.41449,3290899963.3789062
2011-06-16 08:50:00,1.41449,1.41461,1.41427,1.41445,1956300048.828125
2011-06-16 08:51:00,1.41446,1.41446,1.41411,1.41415,2501399993.8964844
2011-06-16 08:52:00,1.41412,1.41412,1.41364,1.41378,2868999938.9648438
2011-06-16 08:53:00,1.41377,1.41391,1.41366,1.41384,1914600067.1386719
2011-06-16 08:54:00,1.41385,1.41411,1.41374,1.41401,2634200134.2773438
2011-06-16 08:55:00,1.414,1.41407,1.41362,1.41365,2244600067.138672
2011-06-16 08:56:00,1.41364,1.41364,1.41319,1.41354,2573800048.828125
2011-06-16 08:57:00,1.41354,1.41368,1.41328,1.41343,3212600097.65625
2011-06-16 08:58:00,1.41343,1.41376,1.41343,1.41363,1934299926.7578125
2011-06-16 08:59:00,1.41365,1.41397,1.41352,1.41381,2541699981.689453
2011-06-16 09:00:00,1.4138,1.4138,1.41351,1.41374,2116600036.6210938
2011-06-16 09:01:00,1.41375,1.41378,1.41326,1.41326,2163800048.828125
2011-06-16 09:02:00,1.41327,1.4134,1.41302,1.41336,2183899993.8964844
2011-06-16 09:03:00,1.41337,1.41347,1.41317,1.41323,2657600097.65625
2011-06-16 09:04:00,1.41323,1.41323,1.41246,1.4126,2784599914.5507812
2011-06-16 09:05:00,1.4126,1.41269,1.41229,1.4123,2718699951.171875
2011-06-16 09:06:00,1.41233,1.41259,1.41233,1.41256,2792900085.4492188
2011-06-16 09:07:00,1.41257,1.41259,1.41165,1.41203,3308500061.0351562
2011-06-16 09:08:00,1.41204,1.41217,1.41181,1.41207,2999500122.0703125
2011-06-16 09:09:00,1.4121,1.41249,1.4121,1.41225,2632900085.4492188
2011-06-16 09:10:00,1.41227,1.41236,1.41168,1.41191,2959100036.6210938
2011-06-16 09:11:00,1.41188,1.41245,1.41188,1.41214,2736900024.4140625
2011-06-16 09:12:00,1.41212,1.41226,1.41191,1.41213,2154799957.2753906
2011-06-16 09:13:00,1.41213,1.41237,1.41209,1.41209,1471499938.9648438
2011-06-16 09:14:00,1.41209,1.41219,1.41189,1.41199,2254499969.482422
2011-06-16 09:15:00,1.41199,1.41223,1.41188,1.41205,2514900054.9316406
2011-06-16 09:16:00,1.41205,1.41223,1.4119,1.41212,2456999969.482422
2011-06-16 09:17:00,1.41212,1.41226,1.41167,1.4118,3543599853.515625
2011-06-16 09:18:00,1.4118,1.41186,1.41096,1.41118,3939200134.2773438
2011-06-16 09:19:00,1.41116,1.41163,1.41115,1.41162,2623200073.2421875
2011-06-16 09:20:00,1.41162,1.41162,1.41135,1.4116,2381900024.4140625
2011-06-16 09:21:00,1.4116,1.41172,1.41151,1.41162,2566600036.6210938
2011-06-16 09:22:00,1.41161,1.41177,1.41157,1.41164,1465399932.8613281
2011-06-16 09:23:00,1.41166,1.41169,1.4114,1.4114,2373999938.9648438
2011-06-16 09:24:00,1.4114,1.41141,1.41086,1.41086,2538600006.1035156
2011-06-16 09:25:00,1.41086,1.41102,1.41058,1.41065,3287999877.9296875
2011-06-16 09:26:00,1.41065,1.4109,1.41065,1.41089,2746700134.2773438
2011-06-16 09:27:00,1.41087,1.41111,1.41079,1.41111,2166600036.6210938
2011-06-16 09:28:00,1.41111,1.41111,1.41063,1.41074,2399100036.6210938
2011-06-16 09:29:00,1.41074,1.41078,1.41,1.41002,4085100097.65625
2011-06-16 09:30:00,1.41004,1.41004,1.40938,1.40981,4603599853.515625
2011-06-16 09:31:00,1.40981,1.41014,1.40972,1.40995,3864899902.34375
2011-06-16 09:32:00,1.41,1.41,1.40911,1.40913,3598200073.2421875
2011-06-16 09:33:00,1.40912,1.40943,1.40838,1.40848,3619299926.7578125
2011-06-16 09:34:00,1.40849,1.40881,1.40845,1.40868,4230100097.65625
2011-06-16 09:35:00,1.40869,1.40871,1.40758,1.40774,4204899902.34375
2011-06-16 09:36:00,1.4077,1.40782,1.40731,1.4075,2812399902.34375
2011-06-16 09:37:00,1.40749,1.40801,1.40747,1.40801,3539400024.4140625
2011-06-16 09:38:00,1.40805,1.40964,1.40803,1.40945,4366300048.828125
2011-06-16 09:39:00,1.40944,1.40965,1.40899,1.40899,3760100097.65625
2011-06-16 09:40:00,1.40898,1.40992,1.40879,1.40991,3531000061.0351562
2011-06-16 09:41:00,1.40987,1.40987,1.40916,1.40929,3766000061.0351562
2011-06-16 09:42:00,1.4093,1.40975,1.40918,1.40975,3263699951.171875
2011-06-16 09:43:00,1.40977,1.41012,1.40958,1.41008,3626199951.171875
2011-06-16 09:44:00,1.41007,1.41012,1.40975,1.41007,4194700012.2070312
2011-06-16 09:45:00,1.4101,1.41136,1.4101,1.41127,3900199890.1367188
2011-06-16 09:46:00,1.41124,1.41187,1.41124,1.41146,4070199890.1367188
2011-06-16 09:47:00,1.41146,1.41146,1.4108,1.4108,2893399963.3789062
2011-06-16 09:48:00,1.41079,1.41107,1.41054,1.41054,2534600067.138672
2011-06-16 09:49:00,1.41054,1.41067,1.41025,1.41067,2684599914.5507812
2011-06-16 09:50:00,1.41068,1.41141,1.41068,1.41133,3489800109.8632812
2011-06-16 09:51:00,1.41134,1.41162,1.41118,1.41151,2333500061.0351562
2011-06-16 09:52:00,1.41151,1.41151,1.41125,1.41125,2268200073.2421875
2011-06-16 09:53:00,1.41124,1.41171,1.41124,1.41168,1996600036.6210938
2011-06-16 09:54:00,1.4117,1.41178,1.41142,1.41162,3059200134.2773438
2011-06-16 09:55:00,1.41162,1.41169,1.41137,1.41138,3297300109.8632812
2011-06-16 09:56:00,1.4114,1.41145,1.41117,1.41125,2620199890.1367188
2011-06-16 09:57:00,1.41125,1.41125,1.4106,1.41063,2226900024.4140625
2011-06-16 09:58:00,1.41063,1.41129,1.41063,1.41129,2283699951.171875
2011-06-16 09:59:00,1.41127,1.41129,1.41063,1.41071,2088800048.828125
2011-06-16 10:00:00,1.41071,1.41109,1.41069,1.4107,1915399932.8613281
2011-06-16 10:01:00,1.4107,1.41098,1.41068,1.41075,1561900024.4140625
2011-06-16 10:02:00,1.41073,1.41093,1.41062,1.4108,1475700073.2421875
2011-06-16 10:03:00,1.4108,1.41091,1.4089,1.4089,4149899902.34375
2011-06-16 10:04:00,1.40886,1.4092,1.40835,1.40885,3815400085.4492188
2011-06-16 10:05:00,1.40885,1.40887,1.40831,1.40876,3965499877.9296875
2011-06-16 10:06:00,1.40874,1.40949,1.4086,1.40949,3655799865.7226562
2011-06-16 10:07:00,1.40949,1.40959,1.40889,1.40895,3103200073.2421875
2011-06-16 10:08:00,1.40896,1.40915,1.40866,1.40905,3467999877.9296875
2011-06-16 10:09:00,1.40902,1.40978,1.40891,1.40973,3666000061.0351562
2011-06-16 10:10:00,1.40974,1.40979,1.4092,1.4093,3051300048.828125
2011-06-16 10:11:00,1.40932,1.41003,1.40921,1.40997,3491099853.515625
2011-06-16 10:12:00,1.40996,1.41045,1.40986,1.41021,3459800109.8632812
2011-06-16 10:13:00,1.41023,1.41069,1.41022,1.41069,1832299957.2753906
2011-06-16 10:14:00,1.4107,1.4107,1.40998,1.41,2680400085.4492188
2011-06-16 10:15:00,1.41001,1.41039,1.41001,1.41037,2404600067.138672
2011-06-16 10:16:00,1.41036,1.4108,1.41031,1.41079,2653299865.7226562
2011-06-16 10:17:00,1.41079,1.41095,1.41074,1.41095,1303899993.8964844
2011-06-16 10:18:00,1.41096,1.41137,1.41096,1.41115,2657600097.65625
2011-06-16 10:19:00,1.41116,1.4112,1.41111,1.41111,1216999969.4824219
2011-06-16 10:20:00,1.4111,1.4111,1.41052,1.4106,2408899993.8964844
2011-06-16 10:21:00,1.4106,1.4106,1.40998,1.41059,2764100036.6210938
2011-06-16 10:22:00,1.4106,1.41066,1.41017,1.41024,2266300048.828125
2011-06-16 10:23:00,1.41022,1.41022,1.40988,1.41011,2279199981.689453
2011-06-16 10:24:00,1.41016,1.41055,1.41016,1.41055,1546199951.171875
2011-06-16 10:25:00,1.41058,1.41146,1.41053,1.4111,2760400085.4492188
2011-06-16 10:26:00,1.41108,1.41117,1.41089,1.41097,2003699951.171875
2011-06-16 10:27:00,1.41097,1.41122,1.41089,1.41118,1631699981.6894531
2011-06-16 10:28:00,1.41119,1.41153,1.41103,1.41127,3471000061.0351562
2011-06-16 10:29:00,1.41127,1.41134,1.41062,1.41072,2790499877.9296875
2011-06-16 10:30:00,1.41071,1.41105,1.41059,1.41105,2010700073.2421875
2011-06-16 10:31:00,1.41105,1.41141,1.41105,1.41139,2134900054.9316406
2011-06-16 10:32:00,1.41139,1.41139,1.41077,1.41086,1825800018.3105469
2011-06-16 10:33:00,1.41085,1.41086,1.41009,1.41009,2195700073.2421875
2011-06-16 10:34:00,1.41007,1.41056,1.41006,1.41034,2341499938.9648438
2011-06-16 10:35:00,1.41032,1.41057,1.40999,1.41057,2150200042.7246094
2011-06-16 10:36:00,1.41058,1.41077,1.41019,1.41063,2200099945.0683594
2011-06-16 10:37:00,1.41064,1.41102,1.41057,1.41074,1860399932.8613281
2011-06-16 10:38:00,1.41074,1.4111,1.41072,1.41097,1864600067.1386719
2011-06-16 10:39:00,1.41096,1.4111,1.41087,1.41105,2189100036.6210938
2011-06-16 10:40:00,1.41103,1.41117,1.41086,1.41115,1838399963.3789062
2011-06-16 10:41:00,1.41116,1.41127,1.41093,1.41121,1580299987.7929688
2011-06-16 10:42:00,1.41122,1.41137,1.41108,1.41115,1790299987.7929688
2011-06-16 10:43:00,1.41114,1.41142,1.41092,1.41135,1481399993.8964844
2011-06-16 10:44:00,1.41129,1.41129,1.41091,1.41096,1703300018.3105469
2011-06-16 10:45:00,1.41092,1.41092,1.41044,1.41063,2139199981.6894531
2011-06-16 10:46:00,1.41063,1.41068,1.41049,1.41059,1778200073.2421875
2011-06-16 10:47:00,1.41057,1.41077,1.41055,1.41077,1215199966.430664
2011-06-16 10:48:00,1.41076,1.41076,1.41059,1.41069,1804700012.2070312
2011-06-16 10:49:00,1.41068,1.41089,1.41065,1.4107,1398899993.8964844
2011-06-16 10:50:00,1.41067,1.41072,1.41048,1.41066,2209700012.2070312
2011-06-16 10:51:00,1.41066,1.41084,1.41054,1.41078,2033500061.0351562
2011-06-16 10:52:00,1.41078,1.4109,1.41067,1.41078,1349700012.2070312
2011-06-16 10:53:00,1.41081,1.41121,1.41081,1.4112,2016499938.9648438
2011-06-16 10:54:00,1.41122,1.41139,1.41116,1.4113,1669600067.1386719
2011-06-16 10:55:00,1.41132,1.41152,1.41126,1.41152,1803899993.8964844
2011-06-16 10:56:00,1.41151,1.41161,1.41146,1.41161,1695000000.0
2011-06-16 10:57:00,1.41163,1.41169,1.41141,1.41159,2436900024.4140625
2011-06-16 10:58:00,1.4116,1.41161,1.41146,1.41146,1584100036.6210938
2011-06-16 10:59:00,1.41145,1.41154,1.41125,1.41125,2001600036.6210938
2011-06-16 11:00:00,1.41128,1.41194,1.41127,1.41191,2647300109.8632812
2011-06-16 11:01:00,1.41189,1.41202,1.41178,1.41186,1982100067.1386719
2011-06-16 11:02:00,1.41185,1.41237,1.41171,1.41237,2496600036.6210938
2011-06-16 11:03:00,1.41238,1.41302,1.4123,1.4125,4673999938.964844
2011-06-16 11:04:00,1.41251,1.41255,1.41197,1.41214,2373999938.9648438
2011-06-16 11:05:00,1.41218,1.41218,1.41188,1.41189,1662100067.1386719
2011-06-16 11:06:00,1.41189,1.4122,1.41177,1.41218,1878399963.3789062
2011-06-16 11:07:00,1.41219,1.41231,1.412,1.41212,1776199951.171875
2011-06-16 11:08:00,1.41214,1.41215,1.41154,1.41154,2311699981.689453
2011-06-16 11:09:00,1.41151,1.41214,1.41129,1.41214,3173399963.3789062
2011-06-16 11:10:00,1.41216,1.41239,1.41145,1.41174,3292900085.4492188
2011-06-16 11:11:00,1.41174,1.41188,1.41148,1.41152,1841199951.171875
2011-06-16 11:12:00,1.41152,1.41154,1.41111,1.41124,1635500030.5175781
2011-06-16 11:13:00,1.41122,1.41128,1.41056,1.41057,2211499938.9648438
2011-06-16 11:14:00,1.41058,1.41058,1.41031,1.4104,2497400054.9316406
2011-06-16 11:15:00,1.4104,1.41155,1.41038,1.41142,2819800109.8632812
2011-06-16 11:16:00,1.41141,1.41141,1.41103,1.41105,1411900024.4140625
2011-06-16 11:17:00,1.41104,1.41105,1.41061,1.41094,2384400024.4140625
2011-06-16 11:18:00,1.411,1.41113,1.41072,1.41075,2067700042.7246094
2011-06-16 11:19:00,1.41075,1.41077,1.41041,1.41051,1595099945.0683594
2011-06-16 11:20:00,1.41051,1.41068,1.41034,1.41061,2018500061.0351562
2011-06-16 11:21:00,1.41061,1.41088,1.41061,1.41073,1751000061.0351562
2011-06-16 11:22:00,1.41072,1.4113,1.41071,1.4113,2662600097.65625
2011-06-16 11:23:00,1.41124,1.4113,1.4106,1.41067,2312500000.0
2011-06-16 11:24:00,1.41067,1.4107,1.41045,1.4105,1394199981.6894531
2011-06-16 11:25:00,1.41049,1.41074,1.41035,1.41061,1244599990.8447266
2011-06-16 11:26:00,1.41062,1.41097,1.41059,1.41091,1838399963.3789062
2011-06-16 11:27:00,1.41098,1.41128,1.41091,1.41119,1560299987.7929688
2011-06-16 11:28:00,1.41118,1.41132,1.41062,1.41062,2680000000.0
2011-06-16 11:29:00,1.41065,1.41091,1.41065,1.41089,1644900054.9316406
2011-06-16 11:30:00,1.41089,1.41089,1.40981,1.41027,2996499938.9648438
2011-06-16 11:31:00,1.41027,1.41089,1.41027,1.41042,2951499938.9648438
2011-06-16 11:32:00,1.41042,1.41084,1.41023,1.41046,2697999877.9296875
2011-06-16 11:33:00,1.41046,1.41047,1.40977,1.41023,3510400085.4492188
2011-06-16 11:34:00,1.41022,1.4105,1.41018,1.41035,2810799865.7226562
2011-06-16 11:35:00,1.41034,1.41039,1.41004,1.41026,2990400085.4492188
2011-06-16 11:36:00,1.41025,1.41065,1.41015,1.41055,2501600036.6210938
2011-06-16 11:37:00,1.41055,1.41057,1.41021,1.41025,1752500000.0
2011-06-16 11:38:00,1.41025,1.4103,1.4099,1.4099,2542299957.2753906
2011-06-16 11:39:00,1.40989,1.4102,1.40959,1.4102,2492400054.9316406
2011-06-16 11:40:00,1.41021,1.41035,1.41006,1.41019,2219600067.138672
2011-06-16 11:41:00,1.41019,1.41019,1.40963,1.40987,1682200012.2070312
2011-06-16 11:42:00,1.40987,1.41015,1.40987,1.41006,2018899993.8964844
2011-06-16 11:43:00,1.41008,1.4101,1.4098,1.40992,2214100036.6210938
2011-06-16 11:44:00,1.4099,1.41,1.40959,1.40967,2444400024.4140625
2011-06-16 11:45:00,1.40968,1.41013,1.40967,1.40999,1793300018.3105469
2011-06-16 11:46:00,1.41006,1.41006,1.40954,1.40958,2073000030.5175781
2011-06-16 11:47:00,1.40955,1.41018,1.40955,1.40985,1883600006.1035156
2011-06-16 11:48:00,1.40988,1.41028,1.40986,1.41021,2169900054.9316406
2011-06-16 11:49:00,1.41025,1.41039,1.41021,1.4103,1512400054.9316406
2011-06-16 11:50:00,1.41031,1.41071,1.41031,1.41065,2726600036.6210938
2011-06-16 11:51:00,1.41069,1.41113,1.41061,1.41098,1924199981.6894531
2011-06-16 11:52:00,1.41101,1.41104,1.41061,1.41072,1765599975.5859375
2011-06-16 11:53:00,1.41072,1.41072,1.41046,1.41055,2175599975.5859375
2011-06-16 11:54:00,1.41054,1.41061,1.41041,1.41052,1358500061.0351562
2011-06-16 11:55:00,1.4105,1.41072,1.4105,1.41064,1414700012.2070312
2011-06-16 11:56:00,1.41061,1.41077,1.41042,1.41043,1385800018.3105469
2011-06-16 11:57:00,1.41042,1.41042,1.40983,1.41001,2037299957.2753906
2011-06-16 11:58:00,1.41001,1.41016,1.40949,1.40949,2680599975.5859375
2011-06-16 11:59:00,1.40949,1.40959,1.40914,1.40949,3053699951.171875
2011-06-16 12:00:00,1.4095,1.40969,1.40945,1.40953,2971199951.171875
2011-06-16 12:01:00,1.40952,1.40955,1.40895,1.40928,4165000000.0
2011-06-16 12:02:00,1.40929,1.40978,1.40925,1.40972,2611700134.2773438
2011-06-16 12:03:00,1.40971,1.40979,1.40951,1.40978,1864600067.1386719
2011-06-16 12:04:00,1.40975,1.40976,1.40913,1.40945,3032300109.8632812
2011-06-16 12:05:00,1.40947,1.40963,1.40919,1.40927,2856600036.6210938
2011-06-16 12:06:00,1.40929,1.40965,1.40929,1.4095,2260899963.3789062
2011-06-16 12:07:00,1.40953,1.40961,1.40917,1.40928,2499499969.482422
2011-06-16 12:08:00,1.40928,1.40928,1.40874,1.40898,2636099853.515625
2011-06-16 12:09:00,1.40897,1.409,1.40875,1.40879,1848699951.171875
2011-06-16 12:10:00,1.4088,1.40895,1.4086,1.40887,2784299926.7578125
2011-06-16 12:11:00,1.40887,1.40924,1.40886,1.40898,2633200073.2421875
2011-06-16 12:12:00,1.40898,1.40901,1.40884,1.40894,2474499969.482422
2011-06-16 12:13:00,1.40892,1.409,1.40869,1.40872,1873200073.2421875
2011-06-16 12:14:00,1.40872,1.40889,1.40869,1.40872,1971799926.7578125
2011-06-16 12:15:00,1.40879,1.40887,1.40869,1.40877,2689100036.6210938
2011-06-16 12:16:00,1.4088,1.409,1.40854,1.40861,3087600097.65625
2011-06-16 12:17:00,1.40863,1.4087,1.40837,1.40838,3035700073.2421875
2011-06-16 12:18:00,1.40836,1.40847,1.40817,1.40827,3070799865.7226562
2011-06-16 12:19:00,1.40828,1.40836,1.40811,1.40832,2824599914.5507812
2011-06-16 12:20:00,1.40829,1.40836,1.40789,1.40795,3067300109.8632812
2011-06-16 12:21:00,1.40797,1.408,1.40759,1.40761,3095000000.0
2011-06-16 12:22:00,1.40761,1.40781,1.40754,1.40764,3409899902.34375
2011-06-16 12:23:00,1.40761,1.40795,1.4075,1.40789,3211300048.828125
2011-06-16 12:24:00,1.40794,1.40826,1.40788,1.408,3595899963.3789062
2011-06-16 12:25:00,1.40801,1.40836,1.40795,1.40835,3525100097.65625
2011-06-16 12:26:00,1.40833,1.40843,1.40821,1.40843,3200100097.65625
2011-06-16 12:27:00,1.40839,1.40871,1.40836,1.40865,2900299987.7929688
2011-06-16 12:28:00,1.40865,1.40901,1.4086,1.40899,2235700073.2421875
2011-06-16 12:29:00,1.409,1.40917,1.40885,1.40885,2305700073.2421875
2011-06-16 12:30:00,1.40889,1.41021,1.40885,1.41015,4777600097.65625
2011-06-16 12:31:00,1.41017,1.41017,1.40919,1.40922,3494899902.34375
2011-06-16 12:32:00,1.40919,1.40919,1.40859,1.40887,2542899932.861328
2011-06-16 12:33:00,1.40884,1.40887,1.40831,1.40831,2744400024.4140625
2011-06-16 12:34:00,1.40829,1.40861,1.40796,1.40806,2695899963.3789062
2011-06-16 12:35:00,1.40801,1.40819,1.40779,1.40809,2453399963.3789062
2011-06-16 12:36:00,1.40805,1.40827,1.40775,1.40778,2181699981.689453
2011-06-16 12:37:00,1.40778,1.40787,1.40744,1.40773,2679299926.7578125
2011-06-16 12:38:00,1.40777,1.40863,1.40777,1.40863,2886900024.4140625
2011-06-16 12:39:00,1.40861,1.40914,1.40859,1.40884,3044899902.34375
2011-06-16 12:40:00,1.40887,1.4089,1.40841,1.40843,2621600036.6210938
2011-06-16 12:41:00,1.40846,1.40859,1.40809,1.40823,2383600006.1035156
2011-06-16 12:42:00,1.40823,1.40887,1.40815,1.40887,2725799865.7226562
2011-06-16 12:43:00,1.40889,1.40904,1.4087,1.4089,2080599975.5859375
2011-06-16 12:44:00,1.40889,1.4091,1.40872,1.40891,2460200042.7246094
2011-06-16 12:45:00,1.40892,1.40973,1.40892,1.40951,3627500000.0
2011-06-16 12:46:00,1.40951,1.40951,1.4092,1.40942,2761499938.9648438
2011-06-16 12:47:00,1.40945,1.41005,1.40945,1.41001,2923500061.0351562
2011-06-16 12:48:00,1.41002,1.41007,1.40971,1.41004,2619700012.2070312
2011-06-16 12:49:00,1.41006,1.41031,1.40979,1.41023,2166900024.4140625
2011-06-16 12:50:00,1.41024,1.41067,1.41004,1.41041,2706099853.515625
2011-06-16 12:51:00,1.41043,1.41094,1.41042,1.41092,2379199981.689453
2011-06-16 12:52:00,1.41092,1.41112,1.41075,1.41083,2193800048.828125
2011-06-16 12:53:00,1.41084,1.41084,1.41029,1.41041,2599200134.2773438
2011-06-16 12:54:00,1.41041,1.41053,1.41025,1.41026,1991999969.4824219
2011-06-16 12:55:00,1.41025,1.41129,1.41022,1.41125,2940899963.3789062
2011-06-16 12:56:00,1.41124,1.41135,1.4112,1.41123,2684800109.8632812
2011-06-16 12:57:00,1.41123,1.41172,1.41123,1.41153,2882300109.8632812
2011-06-16 12:58:00,1.41152,1.41224,1.41151,1.41221,3742500000.0
2011-06-16 12:59:00,1.4122,1.4133,1.41209,1.41301,4339899902.34375
2011-06-16 13:00:00,1.413,1.41301,1.4123,1.41236,3237000122.0703125
2011-06-16 13:01:00,1.41235,1.41278,1.41235,1.41278,2600700073.2421875
2011-06-16 13:02:00,1.41277,1.41381,1.41274,1.41363,4309299926.7578125
2011-06-16 13:03:00,1.41365,1.41379,1.41312,1.41346,3585799865.7226562
2011-06-16 13:04:00,1.41347,1.41435,1.41347,1.41364,4671400146.484375
2011-06-16 13:05:00,1.41368,1.41411,1.41348,1.41385,3436499938.9648438
2011-06-16 13:06:00,1.41385,1.41396,1.41335,1.41335,2625700073.2421875
2011-06-16 13:07:00,1.41338,1.41343,1.4128,1.41292,3739100036.6210938
2011-06-16 13:08:00,1.41291,1.41315,1.41276,1.41286,3199299926.7578125
2011-06-16 13:09:00,1.41286,1.41335,1.41283,1.41317,3503099975.5859375
2011-06-16 13:10:00,1.41317,1.41494,1.41306,1.41494,4754800109.863281
2011-06-16 13:11:00,1.41496,1.41518,1.41463,1.41483,3657600097.65625
2011-06-16 13:12:00,1.41487,1.41495,1.41431,1.41447,3428999938.9648438
2011-06-16 13:13:00,1.41449,1.41454,1.41381,1.4141,3107799987.7929688
2011-06-16 13:14:00,1.41409,1.41455,1.414,1.41424,2919899902.34375
2011-06-16 13:15:00,1.41424,1.41481,1.41403,1.4148,2936900024.4140625
2011-06-16 13:16:00,1.41477,1.415,1.41408,1.41421,3104200134.2773438
2011-06-16 13:17:00,1.41421,1.41447,1.41412,1.41431,2188600006.1035156
2011-06-16 13:18:00,1.4143,1.41432,1.41369,1.41382,2953900146.484375
2011-06-16 13:19:00,1.41382,1.41403,1.41296,1.41305,3194100036.6210938
2011-06-16 13:20:00,1.41302,1.41306,1.41267,1.41297,2958399963.3789062
2011-06-16 13:21:00,1.41292,1.41292,1.4124,1.41281,2716499938.9648438
2011-06-16 13:22:00,1.41281,1.41281,1.41229,1.41229,2961900024.4140625
2011-06-16 13:23:00,1.41229,1.41254,1.41206,1.41249,2594500122.0703125
2011-06-16 13:24:00,1.4125,1.41303,1.4125,1.41288,2500299987.7929688
2011-06-16 13:25:00,1.4129,1.4129,1.41236,1.41271,3513200073.2421875
2011-06-16 13:26:00,1.41272,1.41321,1.41262,1.41321,2447400054.9316406
2011-06-16 13:27:00,1.41322,1.41324,1.41299,1.41324,2556199951.171875
2011-06-16 13:28:00,1.41327,1.41331,1.4131,1.41313,2043600006.1035156
2011-06-16 13:29:00,1.41313,1.4134,1.41276,1.41293,2914299926.7578125
2011-06-16 13:30:00,1.41297,1.41305,1.41238,1.41255,3598999938.9648438
2011-06-16 13:31:00,1.41248,1.41297,1.41236,1.4127,2709899902.34375
2011-06-16 13:32:00,1.41269,1.41272,1.41227,1.41243,3220000000.0
2011-06-16 13:33:00,1.41241,1.41257,1.41217,1.41223,2676300048.828125
2011-06-16 13:34:00,1.41226,1.41292,1.41222,1.41292,2723299865.7226562
2011-06-16 13:35:00,1.41292,1.41361,1.41271,1.41355,3123299865.7226562
2011-06-16 13:36:00,1.41355,1.41408,1.41355,1.414,3334299926.7578125
2011-06-16 13:37:00,1.41402,1.41459,1.4138,1.41458,3880700073.2421875
2011-06-16 13:38:00,1.41458,1.41492,1.41426,1.41492,3520000000.0
2011-06-16 13:39:00,1.4149,1.41512,1.41474,1.41484,3639400024.4140625
2011-06-16 13:40:00,1.41482,1.41482,1.41411,1.41421,3842900085.4492188
2011-06-16 13:41:00,1.41423,1.41442,1.414,1.4143,3393500061.0351562
2011-06-16 13:42:00,1.41431,1.41442,1.41395,1.41431,3014700012.2070312
2011-06-16 13:43:00,1.41427,1.4144,1.41392,1.41408,3017799987.7929688
2011-06-16 13:44:00,1.41407,1.41451,1.41376,1.41421,3587200012.2070312
2011-06-16 13:45:00,1.41418,1.41443,1.41403,1.4143,3566199951.171875
2011-06-16 13:46:00,1.41427,1.41427,1.4138,1.4142,3106499938.9648438
2011-06-16 13:47:00,1.41427,1.41557,1.41422,1.41557,3993500061.0351562
2011-06-16 13:48:00,1.41559,1.41589,1.41541,1.41543,3992999877.9296875
2011-06-16 13:49:00,1.41543,1.41543,1.41463,1.41493,2782000122.0703125
2011-06-16 13:50:00,1.41493,1.41562,1.41486,1.41551,3723200073.2421875
2011-06-16 13:51:00,1.41551,1.41572,1.41521,1.41532,4299400024.4140625
2011-06-16 13:52:00,1.41529,1.41532,1.41479,1.4151,2543500061.0351562
2011-06-16 13:53:00,1.41509,1.41523,1.4148,1.41492,3131099853.515625
2011-06-16 13:54:00,1.41491,1.41506,1.4147,1.41475,2842300109.8632812
2011-06-16 13:55:00,1.41472,1.41494,1.41466,1.41478,2436499938.9648438
2011-06-16 13:56:00,1.41475,1.41483,1.41452,1.41462,2849400024.4140625
2011-06-16 13:57:00,1.41462,1.41473,1.41432,1.41454,2759899902.34375
2011-06-16 13:58:00,1.41459,1.41476,1.4145,1.4145,1975299987.7929688
2011-06-16 13:59:00,1.4145,1.41482,1.41448,1.41463,2387200012.2070312
2011-06-16 14:00:00,1.41463,1.41463,1.41219,1.4123,4828299865.722656
2011-06-16 14:01:00,1.41223,1.41327,1.41221,1.41301,3464800109.8632812
2011-06-16 14:02:00,1.41301,1.41367,1.41301,1.41366,3073299865.7226562
2011-06-16 14:03:00,1.41366,1.41391,1.41327,1.41377,3796300048.828125
2011-06-16 14:04:00,1.41377,1.41429,1.41348,1.41389,3831199951.171875
2011-06-16 14:05:00,1.41382,1.41454,1.41382,1.41403,4141199951.171875
2011-06-16 14:06:00,1.41403,1.41431,1.41372,1.41379,3923599853.515625
2011-06-16 14:07:00,1.41377,1.41488,1.41373,1.41488,3696300048.828125
2011-06-16 14:08:00,1.4149,1.41563,1.41461,1.41533,3447200012.2070312
2011-06-16 14:09:00,1.41535,1.41545,1.41469,1.41469,3461799926.7578125
2011-06-16 14:10:00,1.41462,1.41525,1.41452,1.41524,3492500000.0
2011-06-16 14:11:00,1.41522,1.41632,1.41512,1.41632,3611099853.515625
2011-06-16 14:12:00,1.41634,1.41729,1.41634,1.41725,4257799987.7929688
2011-06-16 14:13:00,1.4173,1.41753,1.41672,1.41672,4339200134.277344
2011-06-16 14:14:00,1.41668,1.41729,1.41668,1.41692,3483099975.5859375
2011-06-16 14:15:00,1.4169,1.41738,1.4168,1.41682,3774400024.4140625
2011-06-16 14:16:00,1.4168,1.4171,1.41659,1.41664,2787500000.0
2011-06-16 14:17:00,1.41663,1.41663,1.41608,1.41616,3805199890.1367188
2011-06-16 14:18:00,1.4162,1.41643,1.4158,1.41588,3576700134.2773438
2011-06-16 14:19:00,1.41587,1.41591,1.41563,1.41585,2907399902.34375
2011-06-16 14:20:00,1.41588,1.41605,1.41535,1.4154,3100799865.7226562
2011-06-16 14:21:00,1.41538,1.41541,1.41439,1.4145,4130700073.2421875
2011-06-16 14:22:00,1.4145,1.41515,1.41443,1.41515,3303800048.828125
2011-06-16 14:23:00,1.41514,1.41525,1.41475,1.41496,3276700134.2773438
2011-06-16 14:24:00,1.41498,1.41545,1.41498,1.41545,2759400024.4140625
2011-06-16 14:25:00,1.41546,1.41554,1.41516,1.41519,2787000122.0703125
2011-06-16 14:26:00,1.4152,1.41549,1.41516,1.41535,2641000061.0351562
2011-06-16 14:27:00,1.41534,1.41536,1.4149,1.41502,2997600097.65625
2011-06-16 14:28:00,1.41502,1.41523,1.4145,1.4147,3717999877.9296875
2011-06-16 14:29:00,1.4147,1.4148,1.41449,1.41465,3041499938.9648438
2011-06-16 14:30:00,1.41466,1.41479,1.41438,1.41441,3410599975.5859375
2011-06-16 14:31:00,1.41441,1.41475,1.41424,1.41435,4053699951.171875
2011-06-16 14:32:00,1.41434,1.41451,1.41416,1.41433,3685599975.5859375
2011-06-16 14:33:00,1.41433,1.41518,1.4143,1.41509,4126300048.828125
2011-06-16 14:34:00,1.41507,1.41528,1.4149,1.41528,2917300109.8632812
2011-06-16 14:35:00,1.41527,1.41527,1.41488,1.41517,3316199951.171875
2011-06-16 14:36:00,1.41516,1.41578,1.41503,1.41561,3736099853.515625
2011-06-16 14:37:00,1.4156,1.41608,1.41558,1.41601,2637799987.7929688
2011-06-16 14:38:00,1.41604,1.41637,1.41602,1.41625,2633599853.515625
2011-06-16 14:39:00,1.41625,1.4169,1.41623,1.41667,3596799926.7578125
2011-06-16 14:40:00,1.41667,1.41753,1.41647,1.41709,3363599853.515625
2011-06-16 14:41:00,1.4171,1.41711,1.41605,1.41608,3580100097.65625
2011-06-16 14:42:00,1.41608,1.41646,1.41608,1.41625,3110899963.3789062
2011-06-16 14:43:00,1.41624,1.41636,1.41596,1.41636,2813099975.5859375
2011-06-16 14:44:00,1.41637,1.41653,1.41613,1.41613,2573399963.3789062
2011-06-16 14:45:00,1.41614,1.4162,1.41596,1.41601,2623999938.9648438
2011-06-16 14:46:00,1.41601,1.4164,1.41578,1.41625,2951199951.171875
2011-06-16 14:47:00,1.41624,1.41643,1.41598,1.41603,2357400054.9316406
2011-06-16 14:48:00,1.41603,1.41631,1.41597,1.41622,2933399963.3789062
2011-06-16 14:49:00,1.4162,1.41638,1.41611,1.41618,2462899932.861328
2011-06-16 14:50:00,1.41618,1.41639,1.41616,1.41624,2873399963.3789062
2011-06-16 14:51:00,1.41625,1.41637,1.41598,1.41598,3023299865.7226562
2011-06-16 14:52:00,1.41597,1.41612,1.41553,1.41561,3304299926.7578125
2011-06-16 14:53:00,1.41564,1.41595,1.41564,1.41578,2963999938.9648438
2011-06-16 14:54:00,1.41576,1.41607,1.41569,1.41585,3180899963.3789062
2011-06-16 14:55:00,1.41587,1.41587,1.41529,1.4153,3069599914.5507812
2011-06-16 14:56:00,1.4153,1.41536,1.41481,1.41481,2593399963.3789062
2011-06-16 14:57:00,1.41481,1.41482,1.41445,1.41459,3223599853.515625
2011-06-16 14:58:00,1.4146,1.41483,1.41426,1.41483,2929100036.6210938
2011-06-16 14:59:00,1.41488,1.41488,1.4141,1.41413,2738299865.7226562
2011-06-16 15:00:00,1.41414,1.41419,1.41392,1.414,3437799987.7929688
2011-06-16 15:01:00,1.414,1.41428,1.41361,1.41377,3040100097.65625
2011-06-16 15:02:00,1.41379,1.41387,1.41361,1.41378,2585799865.7226562
2011-06-16 15:03:00,1.41376,1.41376,1.41326,1.41351,2675799865.7226562
2011-06-16 15:04:00,1.41351,1.41364,1.4129,1.41293,3465599975.5859375
2011-06-16 15:05:00,1.41291,1.41291,1.41238,1.41273,2937099914.5507812
2011-06-16 15:06:00,1.41269,1.41289,1.41185,1.41194,4116900024.4140625
2011-06-16 15:07:00,1.41193,1.4122,1.4117,1.4122,3016499938.9648438
2011-06-16 15:08:00,1.4122,1.41229,1.41203,1.41225,3315299987.7929688
2011-06-16 15:09:00,1.41223,1.41272,1.41221,1.41261,2829299926.7578125
2011-06-16 15:10:00,1.41257,1.41257,1.41225,1.41248,2368399963.3789062
2011-06-16 15:11:00,1.41247,1.41251,1.41192,1.41224,2001300048.828125
2011-06-16 15:12:00,1.41231,1.41251,1.41222,1.41222,2446199951.171875
2011-06-16 15:13:00,1.41222,1.4125,1.41222,1.4125,3073299865.7226562
2011-06-16 15:14:00,1.41247,1.41273,1.41221,1.41221,3160799865.7226562
2011-06-16 15:15:00,1.41223,1.41253,1.4122,1.4125,2119299926.7578125
2011-06-16 15:16:00,1.4125,1.41265,1.41193,1.41246,2864200134.2773438
2011-06-16 15:17:00,1.41247,1.41312,1.41245,1.41311,2641400146.484375
2011-06-16 15:18:00,1.41313,1.41372,1.413,1.41334,2763500061.0351562
2011-06-16 15:19:00,1.4133,1.41565,1.4133,1.41565,4993800048.828125
2011-06-16 15:20:00,1.41565,1.41643,1.41542,1.41551,4831400146.484375
2011-06-16 15:21:00,1.41552,1.41608,1.41539,1.41569,3937799987.7929688
2011-06-16 15:22:00,1.41567,1.41567,1.4145,1.41477,3486099853.515625
2011-06-16 15:23:00,1.41479,1.41531,1.41469,1.41523,2603800048.828125
2011-06-16 15:24:00,1.41522,1.41535,1.41412,1.41423,3419700012.2070312
2011-06-16 15:25:00,1.41425,1.41466,1.41406,1.41466,2578999938.9648438
2011-06-16 15:26:00,1.41466,1.41469,1.41432,1.41433,1900200042.7246094
2011-06-16 15:27:00,1.41432,1.41482,1.41431,1.41476,2817300109.8632812
2011-06-16 15:28:00,1.41473,1.41519,1.41473,1.41519,2741300048.828125
2011-06-16 15:29:00,1.4152,1.41568,1.41515,1.41515,4024700012.2070312
2011-06-16 15:30:00,1.41514,1.41581,1.415,1.41571,2715100097.65625
2011-06-16 15:31:00,1.41571,1.41616,1.4156,1.41616,2754400024.4140625
2011-06-16 15:32:00,1.41617,1.41668,1.41617,1.4163,3542200012.2070312
2011-06-16 15:33:00,1.4163,1.4165,1.41615,1.4163,2362200012.2070312
2011-06-16 15:34:00,1.41627,1.41634,1.41605,1.4161,2670700073.2421875
2011-06-16 15:35:00,1.41611,1.41638,1.41589,1.41636,2974100036.6210938
2011-06-16 15:36:00,1.41637,1.4165,1.41599,1.41604,2527700042.7246094
2011-06-16 15:37:00,1.41605,1.4163,1.41582,1.41597,2589500122.0703125
2011-06-16 15:38:00,1.41597,1.41617,1.41592,1.41612,2622399902.34375
2011-06-16 15:39:00,1.41612,1.41612,1.41556,1.41578,3307699890.1367188
2011-06-16 15:40:00,1.41578,1.4158,1.4153,1.41539,1867500000.0
2011-06-16 15:41:00,1.41539,1.41557,1.4153,1.41541,2124600067.1386719
2011-06-16 15:42:00,1.41545,1.41572,1.41539,1.41564,1909600067.1386719
2011-06-16 15:43:00,1.41564,1.41605,1.41556,1.41605,2787500000.0
2011-06-16 15:44:00,1.41604,1.41633,1.41529,1.4153,2791900024.4140625
2011-06-16 15:45:00,1.41531,1.41589,1.41517,1.41589,1864900054.9316406
2011-06-16 15:46:00,1.41589,1.41589,1.4155,1.41572,1536100006.1035156
2011-06-16 15:47:00,1.41571,1.41571,1.41521,1.41539,2368399963.3789062
2011-06-16 15:48:00,1.4154,1.4154,1.4148,1.41481,2137400054.9316406
2011-06-16 15:49:00,1.4148,1.41489,1.41435,1.41441,2451999969.482422
2011-06-16 15:50:00,1.4144,1.41502,1.4144,1.41502,2216300048.828125
2011-06-16 15:51:00,1.41502,1.41536,1.41502,1.41523,2511399993.8964844
2011-06-16 15:52:00,1.41523,1.41537,1.41523,1.41523,1228000030.5175781
2011-06-16 15:53:00,1.41523,1.41546,1.41493,1.4151,2087200012.2070312
2011-06-16 15:54:00,1.41513,1.41555,1.41505,1.4154,2243999938.9648438
2011-06-16 15:55:00,1.4154,1.41551,1.41527,1.41541,1657599945.0683594
2011-06-16 15:56:00,1.41535,1.4161,1.41527,1.416,2374400024.4140625
2011-06-16 15:57:00,1.41597,1.41599,1.41528,1.41538,2380700073.2421875
2011-06-16 15:58:00,1.41536,1.41536,1.41491,1.41532,1886900024.4140625
2011-06-16 15:59:00,1.41533,1.41564,1.41533,1.41536,2250099945.0683594
2011-06-16 16:00:00,1.41536,1.4154,1.41511,1.4153,1965700073.2421875
2011-06-16 16:01:00,1.41526,1.41559,1.41526,1.4155,1816799926.7578125
2011-06-16 16:02:00,1.41544,1.41561,1.41542,1.4156,1799100036.6210938
2011-06-16 16:03:00,1.41561,1.416,1.41561,1.41583,2074799957.2753906
2011-06-16 16:04:00,1.41583,1.41628,1.41581,1.41628,2279199981.689453
2011-06-16 16:05:00,1.41629,1.41642,1.41612,1.41616,2420399932.861328
2011-06-16 16:06:00,1.41617,1.41622,1.41571,1.41579,2313699951.171875
2011-06-16 16:07:00,1.41578,1.41603,1.41576,1.41588,1297400054.9316406
2011-06-16 16:08:00,1.41588,1.41603,1.41585,1.41586,1706300048.828125
2011-06-16 16:09:00,1.41585,1.41585,1.4153,1.4153,1692599945.0683594
2011-06-16 16:10:00,1.4153,1.41567,1.4153,1.41564,1524299926.7578125
2011-06-16 16:11:00,1.41563,1.41592,1.41543,1.4157,1919199981.6894531
2011-06-16 16:12:00,1.4157,1.41576,1.41537,1.4154,1651499938.9648438
2011-06-16 16:13:00,1.41545,1.41572,1.4154,1.41563,1005000000.0
2011-06-16 16:14:00,1.41567,1.41587,1.41567,1.41582,1124400024.4140625
2011-06-16 16:15:00,1.41582,1.41613,1.41562,1.41562,1848300018.3105469
2011-06-16 16:16:00,1.41563,1.41563,1.41531,1.41561,1704799957.2753906
2011-06-16 16:17:00,1.41561,1.41592,1.41559,1.41589,1579100036.6210938
2011-06-16 16:18:00,1.41591,1.4162,1.41591,1.41618,1770899963.3789062
2011-06-16 16:19:00,1.41618,1.41631,1.41618,1.41626,651299972.5341797
2011-06-16 16:20:00,1.41624,1.41626,1.41599,1.41603,2048399963.3789062
2011-06-16 16:21:00,1.41603,1.41618,1.416,1.41618,1220199966.430664
2011-06-16 16:22:00,1.41618,1.41711,1.41617,1.41701,2478699951.171875
2011-06-16 16:23:00,1.41702,1.41702,1.41651,1.41664,2476300048.828125
2011-06-16 16:24:00,1.41664,1.41716,1.41664,1.41704,2171699981.689453
2011-06-16 16:25:00,1.41703,1.41708,1.41671,1.41682,1210999984.741211
2011-06-16 16:26:00,1.41682,1.41697,1.41678,1.4168,1205699996.9482422
2011-06-16 16:27:00,1.41684,1.41729,1.41684,1.4172,1595500030.5175781
2011-06-16 16:28:00,1.41724,1.41805,1.41712,1.41805,3814800109.8632812
2011-06-16 16:29:00,1.41805,1.4188,1.41805,1.41833,3936600036.6210938
2011-06-16 16:30:00,1.41833,1.41858,1.4182,1.41855,2475000000.0
2011-06-16 16:31:00,1.41855,1.41857,1.41813,1.41824,2071000061.0351562
2011-06-16 16:32:00,1.41821,1.41849,1.41799,1.41849,1592799987.7929688
2011-06-16 16:33:00,1.41848,1.41861,1.41816,1.41816,1762100067.1386719
2011-06-16 16:34:00,1.41814,1.41814,1.41798,1.41798,1378200073.2421875
2011-06-16 16:35:00,1.41796,1.41796,1.41763,1.41764,1745599975.5859375
2011-06-16 16:36:00,1.41767,1.41777,1.41741,1.41741,1348300018.3105469
2011-06-16 16:37:00,1.41739,1.41739,1.41725,1.41731,1991699981.6894531
2011-06-16 16:38:00,1.4173,1.4173,1.41708,1.41709,1792700042.7246094
2011-06-16 16:39:00,1.41709,1.4176,1.41709,1.4176,1596999969.4824219
2011-06-16 16:40:00,1.41765,1.41773,1.41731,1.41733,1600800018.3105469
2011-06-16 16:41:00,1.41735,1.41739,1.41713,1.41715,1272699966.430664
2011-06-16 16:42:00,1.41715,1.41715,1.41677,1.41696,1615399932.8613281
2011-06-16 16:43:00,1.41696,1.41717,1.41677,1.4168,1950200042.7246094
2011-06-16 16:44:00,1.41679,1.41688,1.41675,1.41675,707500000.0
2011-06-16 16:45:00,1.41676,1.41677,1.41649,1.41659,1921000061.0351562
2011-06-16 16:46:00,1.41659,1.41668,1.41654,1.41665,1042300033.5693359
2011-06-16 16:47:00,1.41665,1.41668,1.41663,1.41667,272199993.1335449
2011-06-16 16:48:00,1.41667,1.41703,1.41665,1.41677,1833000030.5175781
2011-06-16 16:49:00,1.41676,1.41685,1.41667,1.41675,1115800018.3105469
2011-06-16 16:50:00,1.41675,1.41684,1.41656,1.41684,2126699981.6894531
2011-06-16 16:51:00,1.41684,1.41687,1.41671,1.41683,1201500015.258789
2011-06-16 16:52:00,1.41683,1.41701,1.41673,1.41683,1263799972.5341797
2011-06-16 16:53:00,1.41679,1.41679,1.41672,1.41676,953700027.4658203
2011-06-16 16:54:00,1.41675,1.41697,1.41669,1.4167,1152699966.430664
2011-06-16 16:55:00,1.4167,1.41698,1.41666,1.41679,1780700073.2421875
2011-06-16 16:56:00,1.41679,1.4168,1.41665,1.41665,901900024.4140625
2011-06-16 16:57:00,1.41666,1.41667,1.41645,1.4165,1073600006.1035156
2011-06-16 16:58:00,1.4165,1.4165,1.41614,1.41618,1795099945.0683594
2011-06-16 16:59:00,1.41618,1.41621,1.41576,1.41583,2265599975.5859375
2011-06-16 17:00:00,1.41583,1.41636,1.41583,1.41617,1604299926.7578125
2011-06-16 17:01:00,1.41615,1.41616,1.41583,1.41588,1504100036.6210938
2011-06-16 17:02:00,1.41587,1.41607,1.41586,1.41607,1541000061.0351562
2011-06-16 17:03:00,1.41607,1.41607,1.41567,1.41577,1373099975.5859375
2011-06-16 17:04:00,1.41576,1.41605,1.41563,1.41597,1093300018.3105469
2011-06-16 17:05:00,1.41597,1.41597,1.41573,1.41573,1096299972.5341797
2011-06-16 17:06:00,1.41571,1.41636,1.41571,1.41635,1681000061.0351562
2011-06-16 17:07:00,1.41636,1.41636,1.41599,1.41607,1136399993.8964844
2011-06-16 17:08:00,1.41606,1.41611,1.41577,1.41583,1651399993.8964844
2011-06-16 17:09:00,1.41581,1.41596,1.41574,1.41596,1056600036.6210938
2011-06-16 17:10:00,1.41603,1.41603,1.4157,1.41578,969199981.6894531
2011-06-16 17:11:00,1.41577,1.41579,1.4157,1.41577,644499969.4824219
2011-06-16 17:12:00,1.41577,1.41587,1.41577,1.41587,742900009.1552734
2011-06-16 17:13:00,1.41587,1.41603,1.41583,1.41586,1289100036.6210938
2011-06-16 17:14:00,1.41587,1.41605,1.41581,1.41588,1536399993.8964844
2011-06-16 17:15:00,1.41587,1.41595,1.41583,1.41586,585800018.3105469
2011-06-16 17:16:00,1.41586,1.41614,1.41584,1.41612,610099983.215332
2011-06-16 17:17:00,1.41612,1.4162,1.41602,1.41617,1038199996.9482422
2011-06-16 17:18:00,1.41617,1.41687,1.41617,1.41677,1223499984.741211
2011-06-16 17:19:00,1.41681,1.4169,1.41676,1.41684,1860399932.8613281
2011-06-16 17:20:00,1.41685,1.41692,1.41675,1.41676,807900009.1552734
2011-06-16 17:21:00,1.41676,1.4168,1.41595,1.41608,1580399932.8613281
2011-06-16 17:22:00,1.4161,1.41637,1.41608,1.41629,1535599975.5859375
2011-06-16 17:23:00,1.41628,1.41629,1.41609,1.41609,940100021.3623047
2011-06-16 17:24:00,1.41609,1.41646,1.41597,1.41646,2041199951.171875
2011-06-16 17:25:00,1.41648,1.41688,1.41635,1.41639,1889299926.7578125
2011-06-16 17:26:00,1.41639,1.41669,1.41626,1.41669,1106800003.0517578
2011-06-16 17:27:00,1.41673,1.41675,1.41629,1.4163,1390800018.3105469
2011-06-16 17:28:00,1.41631,1.41659,1.41631,1.41642,887200012.2070312
2011-06-16 17:29:00,1.41642,1.41649,1.41619,1.41619,1042799987.7929688
2011-06-16 17:30:00,1.41619,1.4163,1.41616,1.41621,1232699966.430664
2011-06-16 17:31:00,1.41619,1.41639,1.41616,1.41619,1099100036.6210938
2011-06-16 17:32:00,1.41621,1.41627,1.41609,1.4161,517900009.15527344
2011-06-16 17:33:00,1.41614,1.41621,1.41589,1.4159,1835000000.0
2011-06-16 17:34:00,1.41589,1.41589,1.41536,1.41545,2224400024.4140625
2011-06-16 17:35:00,1.41546,1.41573,1.41546,1.4156,1387200012.2070312
2011-06-16 17:36:00,1.41563,1.41602,1.41563,1.41586,1265100021.3623047
2011-06-16 17:37:00,1.41586,1.41606,1.41582,1.41599,1708800048.828125
2011-06-16 17:38:00,1.41598,1.41598,1.41569,1.41569,1643899993.8964844
2011-06-16 17:39:00,1.41568,1.4157,1.41541,1.41541,1397299957.2753906
2011-06-16 17:40:00,1.4154,1.41551,1.4153,1.4154,3109100036.6210938
2011-06-16 17:41:00,1.4154,1.41548,1.41518,1.41537,2442599945.0683594
2011-06-16 17:42:00,1.41537,1.41537,1.41518,1.41519,934300003.0517578
2011-06-16 17:43:00,1.41517,1.41536,1.41507,1.41516,1619299926.7578125
2011-06-16 17:44:00,1.41517,1.41517,1.41474,1.41494,1826900024.4140625
2011-06-16 17:45:00,1.41495,1.4151,1.41485,1.41507,1038799972.5341797
2011-06-16 17:46:00,1.41508,1.41538,1.41505,1.41506,1358699951.171875
2011-06-16 17:47:00,1.41505,1.41505,1.41465,1.41472,2204900054.9316406
2011-06-16 17:48:00,1.41469,1.41469,1.41421,1.41465,2331499938.9648438
2011-06-16 17:49:00,1.41467,1.41491,1.41467,1.41491,1263700027.4658203
2011-06-16 17:50:00,1.41491,1.41491,1.41461,1.41465,1005199966.4306641
2011-06-16 17:51:00,1.41465,1.4149,1.41449,1.41485,1464900054.9316406
2011-06-16 17:52:00,1.41485,1.41528,1.41482,1.41516,1322200012.2070312
2011-06-16 17:53:00,1.41516,1.41519,1.4146,1.41474,1958099975.5859375
2011-06-16 17:54:00,1.41475,1.41479,1.41451,1.41452,2068300018.3105469
2011-06-16 17:55:00,1.41451,1.41454,1.41438,1.41453,1376999969.4824219
2011-06-16 17:56:00,1.41453,1.41471,1.41447,1.41453,1673800048.828125
2011-06-16 17:57:00,1.41454,1.41465,1.41435,1.41435,2181100006.1035156
2011-06-16 17:58:00,1.41436,1.41459,1.41423,1.41448,1740599975.5859375
2011-06-16 17:59:00,1.41447,1.41454,1.41425,1.41437,1917400054.9316406
2011-06-16 18:00:00,1.41437,1.41449,1.41419,1.41419,1909499969.4824219
2011-06-16 18:01:00,1.41419,1.41484,1.41415,1.41473,2687999877.9296875
2011-06-16 18:02:00,1.41471,1.41474,1.41449,1.41471,2029299926.7578125
2011-06-16 18:03:00,1.41471,1.41499,1.41471,1.41497,1710700073.2421875
2011-06-16 18:04:00,1.41496,1.41529,1.41496,1.41527,1579600067.1386719
2011-06-16 18:05:00,1.41527,1.41527,1.41493,1.41499,1364700012.2070312
2011-06-16 18:06:00,1.41504,1.41504,1.41463,1.41471,1478399963.3789062
2011-06-16 18:07:00,1.41471,1.41479,1.4146,1.4146,1003799972.5341797
2011-06-16 18:08:00,1.41461,1.41464,1.4144,1.41447,1603000030.5175781
2011-06-16 18:09:00,1.41449,1.41495,1.41441,1.41461,2069700012.2070312
2011-06-16 18:10:00,1.41462,1.41463,1.41435,1.41463,2028200073.2421875
2011-06-16 18:11:00,1.41464,1.41491,1.41464,1.41467,1680899963.3789062
2011-06-16 18:12:00,1.41465,1.4147,1.41439,1.41449,1593699951.171875
2011-06-16 18:13:00,1.41451,1.41489,1.41451,1.41489,1462799987.7929688
2011-06-16 18:14:00,1.41487,1.41487,1.41456,1.41474,1935500030.5175781
2011-06-16 18:15:00,1.41472,1.41473,1.41437,1.41437,1647500000.0
2011-06-16 18:16:00,1.41436,1.41442,1.41429,1.41442,1404900054.9316406
2011-06-16 18:17:00,1.41442,1.41487,1.41442,1.4147,1631600036.6210938
2011-06-16 18:18:00,1.41471,1.41499,1.4146,1.41499,1999700012.2070312
2011-06-16 18:19:00,1.41501,1.41541,1.41496,1.41527,2089400024.4140625
2011-06-16 18:20:00,1.41525,1.41529,1.41503,1.41503,1987299957.2753906
2011-06-16 18:21:00,1.41504,1.41535,1.415,1.41532,1564299926.7578125
2011-06-16 18:22:00,1.41531,1.41537,1.41518,1.41535,1601300048.828125
2011-06-16 18:23:00,1.41535,1.41557,1.41535,1.41549,2035200042.7246094
2011-06-16 18:24:00,1.41548,1.41548,1.41489,1.41497,1857100067.1386719
2011-06-16 18:25:00,1.41496,1.41523,1.41489,1.4149,3076400146.484375
2011-06-16 18:26:00,1.41492,1.41519,1.41492,1.41509,2056100006.1035156
2011-06-16 18:27:00,1.41509,1.41527,1.41507,1.41516,1549299926.7578125
2011-06-16 18:28:00,1.4151,1.41536,1.4151,1.4152,1165400009.1552734
2011-06-16 18:29:00,1.41521,1.41521,1.41479,1.41487,2515899963.3789062
2011-06-16 18:30:00,1.41485,1.41498,1.41476,1.41483,3573500061.0351562
2011-06-16 18:31:00,1.41481,1.41481,1.41472,1.41472,2385299987.7929688
2011-06-16 18:32:00,1.41471,1.41479,1.41458,1.41479,1970800018.3105469
2011-06-16 18:33:00,1.41479,1.41506,1.41473,1.4149,2249900054.9316406
2011-06-16 18:34:00,1.41489,1.41489,1.41449,1.41457,2408300018.310547
2011-06-16 18:35:00,1.41457,1.41468,1.41423,1.41425,2822900085.4492188
2011-06-16 18:36:00,1.41425,1.41429,1.41404,1.41423,2871199951.171875
2011-06-16 18:37:00,1.41424,1.41426,1.41371,1.41381,2675499877.9296875
2011-06-16 18:38:00,1.41382,1.41391,1.41366,1.41375,2467299957.2753906
2011-06-16 18:39:00,1.41376,1.41381,1.41368,1.41374,1549900054.9316406
2011-06-16 18:40:00,1.41375,1.41377,1.41348,1.41371,1954299926.7578125
2011-06-16 18:41:00,1.4137,1.41416,1.41366,1.414,3025299987.7929688
2011-06-16 18:42:00,1.41401,1.4141,1.41388,1.41398,1013499984.7412109
2011-06-16 18:43:00,1.41395,1.41459,1.41392,1.41448,1959499969.4824219
2011-06-16 18:44:00,1.41446,1.41465,1.4144,1.4144,1684199981.6894531
2011-06-16 18:45:00,1.4144,1.4144,1.41361,1.41388,2656600036.6210938
2011-06-16 18:46:00,1.4139,1.41418,1.4139,1.4139,1983300018.3105469
2011-06-16 18:47:00,1.41391,1.41416,1.41386,1.41407,1886499938.9648438
2011-06-16 18:48:00,1.41407,1.41413,1.41398,1.41407,2366000061.0351562
2011-06-16 18:49:00,1.41408,1.41415,1.41391,1.41391,1418300018.3105469
2011-06-16 18:50:00,1.41391,1.41394,1.4137,1.41378,2756000061.0351562
2011-06-16 18:51:00,1.41379,1.41403,1.41379,1.41385,2205800018.310547
2011-06-16 18:52:00,1.41385,1.41401,1.41375,1.41398,2318000030.517578
2011-06-16 18:53:00,1.41399,1.41419,1.41385,1.41398,2432599945.0683594
2011-06-16 18:54:00,1.41398,1.41419,1.41398,1.41401,2182500000.0
2011-06-16 18:55:00,1.41401,1.41401,1.41396,1.414,692300033.5693359
2011-06-16 18:56:00,1.41401,1.41431,1.41399,1.41431,2023800048.828125
2011-06-16 18:57:00,1.41431,1.41442,1.41424,1.41426,949499969.4824219
2011-06-16 18:58:00,1.41425,1.41432,1.41414,1.41429,1865599975.5859375
2011-06-16 18:59:00,1.4143,1.4143,1.41369,1.41374,1697400054.9316406
2011-06-16 19:00:00,1.41373,1.41399,1.41355,1.41387,1704600067.1386719
2011-06-16 19:01:00,1.41394,1.41397,1.4138,1.41384,1848800048.828125
2011-06-16 19:02:00,1.41385,1.41406,1.41384,1.41406,1461100006.1035156
2011-06-16 19:03:00,1.41407,1.41439,1.41401,1.41419,2751000061.0351562
2011-06-16 19:04:00,1.41421,1.41447,1.41419,1.41446,1552700042.7246094
2011-06-16 19:05:00,1.41445,1.41483,1.41439,1.41451,2119499969.4824219
2011-06-16 19:06:00,1.41451,1.41459,1.41435,1.41453,2515599975.5859375
2011-06-16 19:07:00,1.41454,1.41465,1.41449,1.41465,2189100036.6210938
2011-06-16 19:08:00,1.41468,1.41509,1.41464,1.41508,2876600036.6210938
2011-06-16 19:09:00,1.41508,1.4156,1.41508,1.4156,4354800109.863281
2011-06-16 19:10:00,1.41559,1.4157,1.41551,1.41565,3036799926.7578125
2011-06-16 19:11:00,1.41565,1.41572,1.41524,1.41526,2620799865.7226562
2011-06-16 19:12:00,1.41527,1.41561,1.41515,1.41555,3597000122.0703125
2011-06-16 19:13:00,1.41555,1.41623,1.41555,1.41619,2393300018.310547
2011-06-16 19:14:00,1.41619,1.41632,1.41613,1.41613,1678600006.1035156
2011-06-16 19:15:00,1.41613,1.41617,1.41588,1.41612,1696399993.8964844
2011-06-16 19:16:00,1.41612,1.41612,1.41601,1.41611,1051399993.8964844
2011-06-16 19:17:00,1.41611,1.4163,1.41611,1.41613,2267400054.9316406
2011-06-16 19:18:00,1.41612,1.41612,1.41594,1.41596,1235599975.5859375
2011-06-16 19:19:00,1.41599,1.41608,1.41598,1.416,667500000.0
2011-06-16 19:20:00,1.41601,1.41641,1.41601,1.41641,1155400009.1552734
2011-06-16 19:21:00,1.41641,1.41667,1.41637,1.41657,3078299865.7226562
2011-06-16 19:22:00,1.41657,1.41658,1.41623,1.41635,3225100097.65625
2011-06-16 19:23:00,1.41633,1.41658,1.41624,1.41654,2192400054.9316406
2011-06-16 19:24:00,1.41654,1.41677,1.41654,1.41672,1641000061.0351562
2011-06-16 19:25:00,1.41673,1.41701,1.41673,1.41687,2002500000.0
2011-06-16 19:26:00,1.41687,1.41687,1.41676,1.41679,1110199966.430664
2011-06-16 19:27:00,1.41679,1.417,1.41677,1.41681,1721499938.9648438
2011-06-16 19:28:00,1.41681,1.4169,1.41681,1.41687,1636499938.9648438
2011-06-16 19:29:00,1.41687,1.4169,1.41668,1.41681,1449600067.1386719
2011-06-16 19:30:00,1.41679,1.41689,1.41672,1.41689,1374600067.1386719
2011-06-16 19:31:00,1.41686,1.41709,1.41686,1.41706,974199981.6894531
2011-06-16 19:32:00,1.41705,1.41739,1.41704,1.41739,1184199981.6894531
2011-06-16 19:33:00,1.4174,1.41809,1.4174,1.41779,2702699890.1367188
2011-06-16 19:34:00,1.41781,1.41854,1.41771,1.41845,2652200012.2070312
2011-06-16 19:35:00,1.41844,1.41844,1.41798,1.41799,1863999938.9648438
2011-06-16 19:36:00,1.41799,1.41929,1.41799,1.41928,4558999938.964844
2011-06-16 19:37:00,1.41928,1.41962,1.41907,1.41914,2929800109.8632812
2011-06-16 19:38:00,1.41913,1.41933,1.41898,1.41911,2106600036.6210938
2011-06-16 19:39:00,1.41909,1.41915,1.41847,1.4186,3018500061.0351562
2011-06-16 19:40:00,1.41861,1.41867,1.41841,1.41841,1106399993.8964844
2011-06-16 19:41:00,1.41841,1.41842,1.41775,1.41792,2719500122.0703125
2011-06-16 19:42:00,1.41792,1.41792,1.41764,1.41773,2454799957.2753906
2011-06-16 19:43:00,1.41773,1.41832,1.41773,1.4182,1809799957.2753906
2011-06-16 19:44:00,1.41821,1.41831,1.41751,1.41752,2106100006.1035156
2011-06-16 19:45:00,1.41753,1.41831,1.41751,1.41813,1660099945.0683594
2011-06-16 19:46:00,1.41812,1.41839,1.41805,1.41815,1450500030.5175781
2011-06-16 19:47:00,1.41815,1.41889,1.41795,1.41877,2526199951.171875
2011-06-16 19:48:00,1.41872,1.41923,1.4187,1.41917,2401399993.8964844
2011-06-16 19:49:00,1.41917,1.4192,1.41885,1.41893,1526799926.7578125
2011-06-16 19:50:00,1.41893,1.41893,1.41842,1.41859,2219400024.4140625
2011-06-16 19:51:00,1.41861,1.41862,1.41844,1.41845,1509600067.1386719
2011-06-16 19:52:00,1.41848,1.41903,1.41848,1.41903,2228899993.8964844
2011-06-16 19:53:00,1.41905,1.4192,1.41883,1.41886,1411300048.828125
2011-06-16 19:54:00,1.41887,1.419,1.41874,1.4188,1554799957.2753906
2011-06-16 19:55:00,1.41878,1.41933,1.41863,1.41933,1263099975.5859375
2011-06-16 19:56:00,1.41934,1.41946,1.41893,1.41893,2170500030.517578
2011-06-16 19:57:00,1.41892,1.41892,1.41827,1.41842,2179600067.138672
2011-06-16 19:58:00,1.41842,1.41885,1.41839,1.41858,1496000061.0351562
2011-06-16 19:59:00,1.41855,1.41857,1.41813,1.41832,2272700042.7246094
2011-06-16 20:00:00,1.41831,1.41836,1.4179,1.41804,1871100006.1035156
2011-06-16 20:01:00,1.41803,1.4185,1.418,1.41833,1496000061.0351562
2011-06-16 20:02:00,1.41835,1.41866,1.41833,1.41863,1238300018.3105469
2011-06-16 20:03:00,1.41863,1.41896,1.41863,1.41882,1967500000.0
2011-06-16 20:04:00,1.41887,1.41955,1.41876,1.41955,2381100006.1035156
2011-06-16 20:05:00,1.41956,1.41961,1.41936,1.41946,1672599945.0683594
2011-06-16 20:06:00,1.41945,1.41946,1.41905,1.41905,923799972.5341797
2011-06-16 20:07:00,1.41906,1.41918,1.41896,1.41905,1077399978.6376953
2011-06-16 20:08:00,1.41905,1.41905,1.41867,1.41867,747699966.4306641
2011-06-16 20:09:00,1.41867,1.41867,1.41831,1.41846,1339499969.4824219
2011-06-16 20:10:00,1.41846,1.41878,1.41841,1.41873,1069000015.2587891
2011-06-16 20:11:00,1.41876,1.41894,1.41866,1.41866,1065800018.3105469
2011-06-16 20:12:00,1.41867,1.41869,1.41851,1.41851,816299972.5341797
2011-06-16 20:13:00,1.4185,1.41894,1.41848,1.41894,828300018.3105469
2011-06-16 20:14:00,1.41895,1.41895,1.41881,1.41884,651200027.4658203
2011-06-16 20:15:00,1.41884,1.41887,1.41871,1.41885,501899986.26708984
2011-06-16 20:16:00,1.41882,1.41935,1.41882,1.41935,1655399932.8613281
2011-06-16 20:17:00,1.41938,1.41978,1.4193,1.41959,1986600036.6210938
2011-06-16 20:18:00,1.41959,1.41966,1.41912,1.41912,906600036.6210938
2011-06-16 20:19:00,1.4191,1.41945,1.4191,1.4194,1173199996.9482422
2011-06-16 20:20:00,1.4194,1.41941,1.41902,1.41902,1001800003.0517578
2011-06-16 20:21:00,1.41902,1.41957,1.41902,1.41957,937300033.5693359
2011-06-16 20:22:00,1.41952,1.41959,1.41912,1.41951,1815200042.7246094
2011-06-16 20:23:00,1.41949,1.41951,1.41936,1.41944,1024000015.2587891
2011-06-16 20:24:00,1.41942,1.41942,1.41903,1.41909,1329799957.2753906
2011-06-16 20:25:00,1.41909,1.4192,1.41906,1.4192,585699996.9482422
2011-06-16 20:26:00,1.41918,1.4192,1.41913,1.41919,569500007.6293945
2011-06-16 20:27:00,1.4192,1.4192,1.41916,1.41917,315799999.23706055
2011-06-16 20:28:00,1.41916,1.41923,1.41913,1.41914,716999969.4824219
2011-06-16 20:29:00,1.41913,1.41924,1.41911,1.41911,715400009.1552734
2011-06-16 20:30:00,1.41912,1.41916,1.4191,1.41911,1583899993.8964844
2011-06-16 20:31:00,1.41911,1.41926,1.41911,1.41924,830000000.0
2011-06-16 20:32:00,1.41923,1.41951,1.41923,1.41947,1220699996.9482422
2011-06-16 20:33:00,1.41954,1.41999,1.41954,1.41972,1877799987.7929688
2011-06-16 20:34:00,1.41975,1.41978,1.41959,1.41959,1019800033.5693359
2011-06-16 20:35:00,1.41965,1.4198,1.41956,1.41978,1523300018.3105469
2011-06-16 20:36:00,1.41979,1.41992,1.41977,1.41978,1043700027.4658203
2011-06-16 20:37:00,1.41977,1.41982,1.41972,1.41975,640000000.0
2011-06-16 20:38:00,1.41979,1.42057,1.41977,1.42057,1711499938.9648438
2011-06-16 20:39:00,1.42062,1.42169,1.42045,1.42159,2558800048.828125
2011-06-16 20:40:00,1.4216,1.42161,1.42139,1.42151,1376900024.4140625
2011-06-16 20:41:00,1.4215,1.42185,1.42149,1.42165,1640899963.3789062
2011-06-16 20:42:00,1.42165,1.42165,1.42144,1.42165,1477500000.0
2011-06-16 20:43:00,1.42162,1.42162,1.42127,1.42156,935899963.3789062
2011-06-16 20:44:00,1.42163,1.42165,1.42135,1.42152,1678500061.0351562
2011-06-16 20:45:00,1.4215,1.42159,1.4214,1.42147,1538200073.2421875
2011-06-16 20:46:00,1.42147,1.42151,1.42131,1.42131,1500299987.7929688
2011-06-16 20:47:00,1.42131,1.42131,1.421,1.42103,1934900054.9316406
2011-06-16 20:48:00,1.42107,1.42121,1.42095,1.42107,1441699981.6894531
2011-06-16 20:49:00,1.42107,1.42122,1.42096,1.42106,1726499938.9648438
2011-06-16 20:50:00,1.42107,1.4211,1.42081,1.42081,1612100067.1386719
2011-06-16 20:51:00,1.4208,1.42097,1.4208,1.42094,590800018.3105469
2011-06-16 20:52:00,1.42101,1.42101,1.42075,1.42085,509500007.62939453
2011-06-16 20:53:00,1.4209,1.42123,1.4209,1.42097,854400024.4140625
2011-06-16 20:54:00,1.42097,1.42112,1.42094,1.42099,666800003.0517578
2011-06-16 20:55:00,1.42099,1.42116,1.42091,1.42091,1040699996.9482422
2011-06-16 20:56:00,1.42094,1.42104,1.42093,1.42101,530999984.74121094
2011-06-16 20:57:00,1.42101,1.42118,1.42101,1.42111,900599975.5859375
2011-06-16 20:58:00,1.42117,1.42131,1.42106,1.42114,1608999938.9648438
2011-06-16 20:59:00,1.42114,1.42134,1.42077,1.42077,1777700042.7246094
2011-06-16 21:00:00,1.42069,1.42082,1.42021,1.42046,2368500061.0351562
2011-06-16 21:01:00,1.42019,1.42056,1.42014,1.42014,1012500000.0
2011-06-16 21:02:00,1.42014,1.42036,1.42012,1.42012,240000000.0
2011-06-16 21:03:00,1.4202,1.4202,1.42006,1.4202,533300018.3105469
2011-06-16 21:04:00,1.42021,1.42021,1.42009,1.42009,474300003.0517578
2011-06-16 21:05:00,1.42009,1.42054,1.42009,1.42053,595499992.3706055
2011-06-16 21:06:00,1.42058,1.42058,1.42046,1.42054,203999996.18530273
2011-06-16 21:07:00,1.42059,1.42079,1.42059,1.42074,237000007.62939453
2011-06-16 21:08:00,1.42073,1.42084,1.42049,1.42082,804899978.6376953
2011-06-16 21:09:00,1.42082,1.42083,1.42082,1.42083,83999996.18530273
2011-06-16 21:10:00,1.42083,1.42097,1.42062,1.42097,367599983.21533203
2011-06-16 21:11:00,1.42099,1.42112,1.42099,1.42106,335999984.74121094
2011-06-16 21:12:00,1.42106,1.4212,1.42106,1.42112,210000000.0
2011-06-16 21:13:00,1.42108,1.42115,1.42099,1.42099,300799999.23706055
2011-06-16 21:14:00,1.42098,1.421,1.42088,1.4209,151499996.18530273
2011-06-16 21:15:00,1.4209,1.42099,1.42076,1.42088,439599990.84472656
2011-06-16 21:16:00,1.42092,1.42126,1.42087,1.42124,502400016.78466797
2011-06-16 21:17:00,1.42119,1.42119,1.42106,1.42112,378199996.9482422
2011-06-16 21:18:00,1.42112,1.42115,1.42104,1.42104,339900016.78466797
2011-06-16 21:19:00,1.42101,1.42101,1.42084,1.42092,315900001.5258789
2011-06-16 21:20:00,1.42091,1.42095,1.4209,1.42093,328100013.73291016
2011-06-16 21:21:00,1.42094,1.42105,1.42094,1.42105,217000007.62939453
2011-06-16 21:22:00,1.42107,1.42129,1.42107,1.42124,417999992.37060547
2011-06-16 21:23:00,1.42124,1.42124,1.42103,1.42103,350699996.9482422
2011-06-16 21:24:00,1.42103,1.4211,1.421,1.42105,173600006.10351562
2011-06-16 21:25:00,1.42105,1.42107,1.4206,1.42107,810000000.0
2011-06-16 21:26:00,1.42119,1.42119,1.421,1.42104,385699996.9482422
2011-06-16 21:27:00,1.42108,1.42114,1.42108,1.42114,102799997.32971191
2011-06-16 21:28:00,1.42114,1.42114,1.42114,1.42114,75000000.0
2011-06-16 21:29:00,1.42114,1.42114,1.42109,1.4211,262600002.28881836
2011-06-16 21:30:00,1.4211,1.4212,1.42098,1.42106,855899963.3789062
2011-06-16 21:31:00,1.42094,1.42109,1.4209,1.4209,344599990.84472656
2011-06-16 21:32:00,1.42089,1.42089,1.42077,1.42088,236200008.39233398
2011-06-16 21:33:00,1.42094,1.421,1.42084,1.42095,521500015.25878906
2011-06-16 21:34:00,1.42095,1.42095,1.42089,1.42089,187500000.0
2011-06-16 21:35:00,1.42088,1.42088,1.42068,1.42068,187500000.0
2011-06-16 21:36:00,1.42068,1.42068,1.42059,1.42059,115699996.94824219
2011-06-16 21:37:00,1.42059,1.42059,1.42059,1.42059,150600004.196167
2011-06-16 21:38:00,1.42063,1.42063,1.42058,1.42062,202000007.62939453
2011-06-16 21:39:00,1.42062,1.42089,1.42062,1.42089,143400001.5258789
2011-06-16 21:40:00,1.42084,1.42088,1.42072,1.42072,169799995.42236328
2011-06-16 21:41:00,1.42072,1.42072,1.42072,1.42072,30999999.046325684
2011-06-16 21:42:00,1.42071,1.42084,1.42071,1.42084,91000003.81469727
2011-06-16 21:43:00,1.42085,1.42094,1.42085,1.42094,75999999.04632568
2011-06-16 21:44:00,1.42094,1.42111,1.42094,1.42109,504000015.25878906
2011-06-16 21:45:00,1.42111,1.42115,1.42104,1.42109,257900009.15527344
2011-06-16 21:46:00,1.42109,1.42125,1.42109,1.42125,537700004.5776367
2011-06-16 21:47:00,1.42124,1.42126,1.42112,1.42117,528300018.3105469
2011-06-16 21:48:00,1.42118,1.42141,1.42118,1.42119,551399993.8964844
2011-06-16 21:49:00,1.42119,1.42129,1.42108,1.42126,777399978.6376953
2011-06-16 21:50:00,1.42126,1.42132,1.42113,1.42114,752699966.4306641
2011-06-16 21:51:00,1.42117,1.42133,1.42117,1.42124,583800010.6811523
2011-06-16 21:52:00,1.42127,1.42148,1.42127,1.42148,510900001.5258789
2011-06-16 21:53:00,1.42151,1.42157,1.42124,1.42127,532200012.20703125
2011-06-16 21:54:00,1.42127,1.42163,1.42126,1.42145,715500030.5175781
2011-06-16 21:55:00,1.42145,1.42153,1.42125,1.42148,375400009.15527344
2011-06-16 21:56:00,1.42149,1.42149,1.42145,1.42145,93800001.14440918
2011-06-16 21:57:00,1.42146,1.42146,1.42134,1.42138,273199996.9482422
2011-06-16 21:58:00,1.42137,1.42141,1.42136,1.42141,97500000.0
2011-06-16 21:59:00,1.42141,1.42152,1.42141,1.42148,178799991.60766602
2011-06-16 22:00:00,1.42141,1.42148,1.42113,1.42141,1513600006.1035156
2011-06-16 22:01:00,1.42142,1.42145,1.42136,1.42139,473699989.31884766
2011-06-16 22:02:00,1.42141,1.42181,1.42141,1.42181,842699966.4306641
2011-06-16 22:03:00,1.42183,1.42207,1.42183,1.42183,667900009.1552734
2011-06-16 22:04:00,1.42182,1.42182,1.42135,1.42153,852300033.5693359
2011-06-16 22:05:00,1.42163,1.42166,1.42118,1.42125,1013199996.9482422
2011-06-16 22:06:00,1.4212,1.42136,1.42113,1.42132,709899978.6376953
2011-06-16 22:07:00,1.42132,1.42136,1.42127,1.42127,310499992.37060547
2011-06-16 22:08:00,1.42127,1.42127,1.42126,1.42126,195000000.0
2011-06-16 22:09:00,1.42125,1.42134,1.42104,1.42105,433499984.74121094
2011-06-16 22:10:00,1.42106,1.42112,1.42098,1.42112,345000000.0
2011-06-16 22:11:00,1.42113,1.42117,1.42103,1.42108,847500000.0
2011-06-16 22:12:00,1.42108,1.42114,1.42083,1.42083,1422899932.8613281
2011-06-16 22:13:00,1.42083,1.42121,1.42082,1.42102,969100036.6210938
2011-06-16 22:14:00,1.42102,1.42108,1.42087,1.42098,397500000.0
2011-06-16 22:15:00,1.42093,1.42111,1.42093,1.42107,619799995.4223633
2011-06-16 22:16:00,1.42107,1.42115,1.421,1.42107,1005800018.3105469
2011-06-16 22:17:00,1.42106,1.42113,1.42104,1.42108,322500000.0
2011-06-16 22:18:00,1.4211,1.42126,1.4209,1.4209,1362200012.2070312
2011-06-16 22:19:00,1.42089,1.42089,1.42022,1.42033,1074000015.258789
2011-06-16 22:20:00,1.42033,1.42062,1.42033,1.42038,1739100036.6210938
2011-06-16 22:21:00,1.42038,1.42067,1.42033,1.4204,1092699966.430664
2011-06-16 22:22:00,1.42041,1.42066,1.42041,1.42057,495299987.79296875
2011-06-16 22:23:00,1.42054,1.42054,1.42036,1.42043,294599990.84472656
2011-06-16 22:24:00,1.42043,1.42047,1.42041,1.42041,165000000.0
2011-06-16 22:25:00,1.4204,1.42041,1.4204,1.42041,120000000.0
2011-06-16 22:26:00,1.42042,1.42052,1.42041,1.42051,397799987.79296875
2011-06-16 22:27:00,1.42049,1.42083,1.42049,1.42078,631699981.6894531
2011-06-16 22:28:00,1.42079,1.42107,1.42079,1.42093,1068000030.5175781
2011-06-16 22:29:00,1.42087,1.42111,1.42087,1.42111,1641000061.0351562
2011-06-16 22:30:00,1.42103,1.4211,1.42097,1.42097,483800010.68115234
2011-06-16 22:31:00,1.42095,1.42099,1.42093,1.42094,388499984.74121094
2011-06-16 22:32:00,1.42094,1.42095,1.4209,1.42095,555000000.0
2011-06-16 22:33:00,1.42092,1.42092,1.4209,1.4209,187500000.0
2011-06-16 22:34:00,1.42089,1.42097,1.42085,1.42092,754499969.4824219
2011-06-16 22:35:00,1.42098,1.42115,1.42086,1.42089,624000015.2587891
2011-06-16 22:36:00,1.42086,1.4209,1.42069,1.42075,1184300003.0517578
2011-06-16 22:37:00,1.42078,1.42078,1.42058,1.42058,457500000.0
2011-06-16 22:38:00,1.42062,1.42066,1.42057,1.42057,225000000.0
2011-06-16 22:39:00,1.42055,1.42055,1.42026,1.42026,984499969.4824219
2011-06-16 22:40:00,1.42023,1.42083,1.42013,1.42083,1652700042.7246094
2011-06-16 22:41:00,1.42083,1.42085,1.42063,1.42063,567000007.6293945
2011-06-16 22:42:00,1.42062,1.42064,1.42041,1.42042,615200004.5776367
2011-06-16 22:43:00,1.42042,1.42045,1.42009,1.42034,1406199951.171875
2011-06-16 22:44:00,1.42035,1.42035,1.42006,1.42006,668899993.8964844
2011-06-16 22:45:00,1.42007,1.4202,1.41967,1.41968,1316300048.828125
2011-06-16 22:46:00,1.41967,1.4198,1.41945,1.41963,1314100036.6210938
2011-06-16 22:47:00,1.41964,1.41996,1.41964,1.41988,650000000.0
2011-06-16 22:48:00,1.41985,1.42003,1.41985,1.42003,217600002.28881836
2011-06-16 22:49:00,1.42002,1.42035,1.42002,1.42008,531899986.26708984
2011-06-16 22:50:00,1.42008,1.42021,1.4199,1.41991,1190400009.1552734
2011-06-16 22:51:00,1.41992,1.42016,1.41992,1.42005,1123499984.741211
2011-06-16 22:52:00,1.42005,1.42005,1.41988,1.42001,640500030.5175781
2011-06-16 22:53:00,1.42001,1.42011,1.41998,1.41998,845299987.7929688
2011-06-16 22:54:00,1.42002,1.42011,1.42002,1.42003,293099994.6594238
2011-06-16 22:55:00,1.42003,1.42014,1.42001,1.42014,422299995.4223633
2011-06-16 22:56:00,1.42013,1.42033,1.42013,1.42015,787900009.1552734
2011-06-16 22:57:00,1.42015,1.42024,1.42014,1.42015,375900001.5258789
2011-06-16 22:58:00,1.42016,1.42018,1.42001,1.42001,650999984.7412109
2011-06-16 22:59:00,1.42004,1.42008,1.41969,1.41982,1093399963.3789062
2011-06-16 23:00:00,1.41983,1.41986,1.41978,1.41982,375000000.0
2011-06-16 23:01:00,1.41982,1.42002,1.41981,1.41994,756299972.5341797
2011-06-16 23:02:00,1.41992,1.41992,1.41983,1.41984,388499984.74121094
2011-06-16 23:03:00,1.41984,1.42016,1.41984,1.42016,1002799987.7929688
2011-06-16 23:04:00,1.42016,1.42032,1.42003,1.42032,885599975.5859375
2011-06-16 23:05:00,1.42033,1.42033,1.42006,1.4201,781100006.1035156
2011-06-16 23:06:00,1.42015,1.42029,1.42011,1.42028,1111200027.4658203
2011-06-16 23:07:00,1.42029,1.42038,1.42029,1.42036,465000000.0
2011-06-16 23:08:00,1.42033,1.42033,1.42013,1.42016,1024199981.6894531
2011-06-16 23:09:00,1.42013,1.42016,1.41976,1.41981,868199996.9482422
2011-06-16 23:10:00,1.41979,1.41987,1.41979,1.41981,414000015.25878906
2011-06-16 23:11:00,1.41984,1.41985,1.41984,1.41985,67500000.0
2011-06-16 23:12:00,1.4199,1.42012,1.4199,1.42012,658600006.1035156
2011-06-16 23:13:00,1.42015,1.4203,1.42015,1.42023,746900024.4140625
2011-06-16 23:14:00,1.42023,1.42048,1.42021,1.42043,677300033.5693359
2011-06-16 23:15:00,1.42043,1.42043,1.42023,1.42031,308999996.18530273
2011-06-16 23:16:00,1.42031,1.42032,1.42031,1.42032,165000000.0
2011-06-16 23:17:00,1.42032,1.42065,1.42032,1.42061,873799972.5341797
2011-06-16 23:18:00,1.4206,1.42084,1.42057,1.42084,874899978.6376953
2011-06-16 23:19:00,1.42082,1.42089,1.42052,1.42052,976500015.2587891
2011-06-16 23:20:00,1.42051,1.42086,1.42047,1.42086,493499984.74121094
2011-06-16 23:21:00,1.42085,1.42104,1.42082,1.42097,689100036.6210938
2011-06-16 23:22:00,1.42102,1.42108,1.4208,1.42083,560400009.1552734
2011-06-16 23:23:00,1.42083,1.42104,1.42083,1.42104,729899978.6376953
2011-06-16 23:24:00,1.42104,1.42104,1.42096,1.42097,410999984.74121094
2011-06-16 23:25:00,1.42097,1.42114,1.42097,1.42114,297000007.62939453
2011-06-16 23:26:00,1.42114,1.42116,1.4211,1.42112,460699996.9482422
2011-06-16 23:27:00,1.42108,1.42108,1.42096,1.42107,986299972.5341797
2011-06-16 23:28:00,1.42104,1.42104,1.42102,1.42102,574099998.4741211
2011-06-16 23:29:00,1.42102,1.42102,1.42091,1.42102,455699996.9482422
2011-06-16 23:30:00,1.42102,1.42102,1.42092,1.42092,376199989.31884766
2011-06-16 23:31:00,1.42092,1.42092,1.42071,1.42073,688300018.3105469
2011-06-16 23:32:00,1.42071,1.42085,1.42069,1.42083,1579799957.2753906
2011-06-16 23:33:00,1.42083,1.42083,1.42079,1.42079,322500000.0
2011-06-16 23:34:00,1.42078,1.42078,1.42058,1.42071,2007899932.8613281
2011-06-16 23:35:00,1.42074,1.42084,1.42071,1.42079,1275500030.5175781
2011-06-16 23:36:00,1.42076,1.42077,1.42075,1.42076,140699996.9482422
2011-06-16 23:37:00,1.42076,1.42087,1.42071,1.42081,1164499969.4824219
2011-06-16 23:38:00,1.42081,1.42087,1.42077,1.42077,449300003.0517578
2011-06-16 23:39:00,1.42077,1.42077,1.4207,1.42072,355299987.79296875
2011-06-16 23:40:00,1.42073,1.42074,1.42069,1.42069,181399993.89648438
2011-06-16 23:41:00,1.42066,1.42066,1.4206,1.4206,376899986.26708984
2011-06-16 23:42:00,1.4206,1.4206,1.42049,1.42049,187500000.0
2011-06-16 23:43:00,1.42042,1.42043,1.41989,1.42015,1791999969.4824219
2011-06-16 23:44:00,1.42019,1.42024,1.42014,1.42014,958799972.5341797
2011-06-16 23:45:00,1.42014,1.42017,1.42011,1.42015,391800003.0517578
2011-06-16 23:46:00,1.42015,1.42026,1.42013,1.42026,234300003.0517578
2011-06-16 23:47:00,1.42024,1.42044,1.42019,1.42044,613100013.7329102
2011-06-16 23:48:00,1.42045,1.42066,1.42045,1.42065,332400016.78466797
2011-06-16 23:49:00,1.42065,1.42065,1.42046,1.42046,390999984.74121094
2011-06-16 23:50:00,1.42046,1.42046,1.42029,1.42029,471699981.6894531
2011-06-16 23:51:00,1.42029,1.42039,1.42019,1.42021,600600013.7329102
2011-06-16 23:52:00,1.42021,1.42029,1.42021,1.42029,116099996.56677246
2011-06-16 23:53:00,1.42029,1.42029,1.42021,1.42029,262500000.0
2011-06-16 23:54:00,1.42029,1.42037,1.42029,1.42035,247800006.86645508
2011-06-16 23:55:00,1.42035,1.42036,1.42029,1.4203,251599998.4741211
2011-06-16 23:56:00,1.42029,1.42029,1.42009,1.42011,1150500030.5175781
2011-06-16 23:57:00,1.42009,1.42014,1.41999,1.42007,933899993.8964844
2011-06-16 23:58:00,1.42007,1.42033,1.42007,1.42013,969899978.6376953
2011-06-16 23:59:00,1.42013,1.42015,1.42011,1.42012,606500015.2587891
2011-06-17 00:00:00,1.4201,1.4201,1.41977,1.41979,1522200012.2070312
2011-06-17 00:01:00,1.41979,1.41979,1.41929,1.4194,2028800048.828125
2011-06-17 00:02:00,1.41936,1.41936,1.41901,1.41904,2560799865.7226562
2011-06-17 00:03:00,1.41906,1.41926,1.41902,1.41904,2189299926.7578125
2011-06-17 00:04:00,1.41905,1.41926,1.41905,1.41915,1475299987.7929688
2011-06-17 00:05:00,1.41915,1.41931,1.41914,1.41921,1636999969.4824219
2011-06-17 00:06:00,1.41922,1.41925,1.41874,1.4189,2121900024.4140625
2011-06-17 00:07:00,1.41889,1.4191,1.4188,1.41889,1208399963.3789062
2011-06-17 00:08:00,1.41889,1.41899,1.41889,1.41894,599399986.2670898
2011-06-17 00:09:00,1.41893,1.41898,1.4186,1.41861,1016200027.4658203
2011-06-17 00:10:00,1.41862,1.41872,1.41841,1.41846,1896900024.4140625
2011-06-17 00:11:00,1.41846,1.41877,1.41845,1.4187,1366600036.6210938
2011-06-17 00:12:00,1.41871,1.41897,1.41863,1.4188,1447299957.2753906
2011-06-17 00:13:00,1.41883,1.41911,1.41883,1.41911,1148600006.1035156
2011-06-17 00:14:00,1.41911,1.41938,1.41911,1.41912,1936100006.1035156
2011-06-17 00:15:00,1.41916,1.41929,1.41916,1.41928,885000000.0
2011-06-17 00:16:00,1.41928,1.4194,1.41923,1.41939,1217099990.8447266
2011-06-17 00:17:00,1.41939,1.41939,1.41865,1.4189,1993899993.8964844
2011-06-17 00:18:00,1.4189,1.41913,1.41883,1.41883,757799987.7929688
2011-06-17 00:19:00,1.41883,1.41901,1.41877,1.4189,1925200042.7246094
2011-06-17 00:20:00,1.41895,1.41909,1.41883,1.41889,1911799926.7578125
2011-06-17 00:21:00,1.4189,1.41924,1.4189,1.41924,519000015.25878906
2011-06-17 00:22:00,1.41924,1.41945,1.41924,1.41931,1374499969.4824219
2011-06-17 00:23:00,1.41931,1.41943,1.4192,1.41922,1159199981.6894531
2011-06-17 00:24:00,1.41928,1.41934,1.4191,1.41923,1426699981.6894531
2011-06-17 00:25:00,1.41924,1.41926,1.41919,1.41923,514300003.0517578
2011-06-17 00:26:00,1.41923,1.4194,1.41923,1.41934,460800018.3105469
2011-06-17 00:27:00,1.41934,1.41934,1.41915,1.41918,582799987.7929688
2011-06-17 00:28:00,1.41918,1.41926,1.4191,1.4191,1052399978.6376953
2011-06-17 00:29:00,1.4191,1.4191,1.41883,1.41888,1922500000.0
2011-06-17 00:30:00,1.41892,1.41907,1.41886,1.41889,2011699981.6894531
2011-06-17 00:31:00,1.41891,1.41899,1.4187,1.4187,775800018.3105469
2011-06-17 00:32:00,1.41869,1.41869,1.41845,1.41858,805500030.5175781
2011-06-17 00:33:00,1.41861,1.41869,1.41854,1.41863,809899978.6376953
2011-06-17 00:34:00,1.41863,1.41882,1.41863,1.41868,490499992.37060547
2011-06-17 00:35:00,1.41867,1.41873,1.41854,1.41869,751699981.6894531
2011-06-17 00:36:00,1.4187,1.41873,1.41844,1.41845,2135599975.5859375
2011-06-17 00:37:00,1.41848,1.41848,1.41822,1.4184,1360099945.0683594
2011-06-17 00:38:00,1.4184,1.41869,1.4184,1.41861,1088399963.3789062
2011-06-17 00:39:00,1.41861,1.41909,1.41861,1.41907,806699981.6894531
2011-06-17 00:40:00,1.41908,1.41929,1.41901,1.41916,1245100021.3623047
2011-06-17 00:41:00,1.41916,1.41929,1.41912,1.41923,1023099975.5859375
2011-06-17 00:42:00,1.41924,1.41968,1.41924,1.41965,1178300018.3105469
2011-06-17 00:43:00,1.41965,1.41965,1.41938,1.41939,795000000.0
2011-06-17 00:44:00,1.4194,1.4198,1.41939,1.4198,1110000000.0
2011-06-17 00:45:00,1.41981,1.4201,1.41981,1.4201,1311100006.1035156
2011-06-17 00:46:00,1.4201,1.42076,1.4201,1.42051,3232099914.5507812
2011-06-17 00:47:00,1.42048,1.42059,1.42041,1.42058,1081399993.8964844
2011-06-17 00:48:00,1.42058,1.42063,1.42026,1.42037,1483200073.2421875
2011-06-17 00:49:00,1.42037,1.42067,1.42037,1.42057,626899986.2670898
2011-06-17 00:50:00,1.42057,1.42145,1.42057,1.4213,2750799865.7226562
2011-06-17 00:51:00,1.42134,1.42134,1.42077,1.42089,2285200042.7246094
2011-06-17 00:52:00,1.42095,1.42095,1.42083,1.42089,1040699996.9482422
2011-06-17 00:53:00,1.42088,1.42088,1.42065,1.42072,1301699981.6894531
2011-06-17 00:54:00,1.4207,1.4207,1.42018,1.42028,1758399963.3789062
2011-06-17 00:55:00,1.42028,1.4205,1.42007,1.42007,2406600036.6210938
2011-06-17 00:56:00,1.42006,1.42034,1.41984,1.42034,2116199951.171875
2011-06-17 00:57:00,1.42033,1.42057,1.42025,1.42057,1993899993.8964844
2011-06-17 00:58:00,1.42056,1.42067,1.42038,1.42057,1225999984.741211
2011-06-17 00:59:00,1.42062,1.42086,1.42039,1.42039,2343300018.310547
2011-06-17 01:00:00,1.42039,1.42041,1.42024,1.4204,1308999938.9648438
2011-06-17 01:01:00,1.42039,1.42054,1.42029,1.42041,814499969.4824219
2011-06-17 01:02:00,1.42041,1.42041,1.41982,1.41982,1483899993.8964844
2011-06-17 01:03:00,1.4198,1.42004,1.4198,1.41994,1359700012.2070312
2011-06-17 01:04:00,1.41992,1.42003,1.4198,1.41986,1394199981.6894531
2011-06-17 01:05:00,1.41986,1.4199,1.41959,1.41989,1531900024.4140625
2011-06-17 01:06:00,1.4199,1.42008,1.41971,1.4199,1415500030.5175781
2011-06-17 01:07:00,1.41987,1.41995,1.4197,1.41988,1264499969.4824219
2011-06-17 01:08:00,1.41984,1.42025,1.41974,1.42021,1476000061.0351562
2011-06-17 01:09:00,1.42018,1.42021,1.42004,1.42017,839499969.4824219
2011-06-17 01:10:00,1.42011,1.42052,1.42002,1.42048,1786100006.1035156
2011-06-17 01:11:00,1.42048,1.42051,1.42045,1.42046,453199996.9482422
2011-06-17 01:12:00,1.42045,1.42046,1.42021,1.42032,990199966.4306641
2011-06-17 01:13:00,1.4203,1.4203,1.42012,1.42013,908499984.7412109
2011-06-17 01:14:00,1.42016,1.42019,1.42009,1.42015,832399978.6376953
2011-06-17 01:15:00,1.42012,1.42012,1.41964,1.41976,1436300048.828125
2011-06-17 01:16:00,1.41977,1.42139,1.41977,1.42135,3261900024.4140625
2011-06-17 01:17:00,1.42133,1.42205,1.42133,1.42174,4028599853.515625
2011-06-17 01:18:00,1.42172,1.42188,1.42157,1.42184,2840400085.4492188
2011-06-17 01:19:00,1.42183,1.42183,1.42142,1.42145,2331000061.0351562
2011-06-17 01:20:00,1.42145,1.42159,1.42119,1.42119,1999400024.4140625
2011-06-17 01:21:00,1.42119,1.42143,1.42089,1.42128,2674400024.4140625
2011-06-17 01:22:00,1.42128,1.42157,1.42122,1.42129,2079600067.1386719
2011-06-17 01:23:00,1.42126,1.42128,1.42101,1.42119,1127600021.3623047
2011-06-17 01:24:00,1.42118,1.42139,1.42085,1.42135,2047500000.0
2011-06-17 01:25:00,1.42135,1.42138,1.42108,1.42121,2703599853.515625
2011-06-17 01:26:00,1.42121,1.4214,1.42109,1.42133,1296900024.4140625
2011-06-17 01:27:00,1.42133,1.4217,1.42133,1.42155,2012299957.2753906
2011-06-17 01:28:00,1.42155,1.42163,1.42143,1.4216,1541799926.7578125
2011-06-17 01:29:00,1.4216,1.4216,1.42119,1.4212,1061800003.0517578
2011-06-17 01:30:00,1.42124,1.42124,1.42075,1.42107,2700199890.1367188
2011-06-17 01:31:00,1.4211,1.42112,1.42088,1.42097,1343600006.1035156
2011-06-17 01:32:00,1.42097,1.42099,1.42024,1.42049,3002200012.2070312
2011-06-17 01:33:00,1.42049,1.42062,1.42014,1.42015,1584299926.7578125
2011-06-17 01:34:00,1.42019,1.42039,1.4199,1.41993,2279799957.2753906
2011-06-17 01:35:00,1.41991,1.41991,1.4198,1.41989,1065800018.3105469
2011-06-17 01:36:00,1.41989,1.42029,1.41987,1.42029,2248300018.310547
2011-06-17 01:37:00,1.42029,1.42029,1.41987,1.42001,1592200012.2070312
2011-06-17 01:38:00,1.42002,1.42019,1.41991,1.42005,1414400024.4140625
2011-06-17 01:39:00,1.42005,1.42005,1.41933,1.41942,1851100006.1035156
2011-06-17 01:40:00,1.41942,1.41942,1.41903,1.4193,2542500000.0
2011-06-17 01:41:00,1.41931,1.41939,1.41929,1.41931,749400024.4140625
2011-06-17 01:42:00,1.41932,1.4195,1.41932,1.4195,651299972.5341797
2011-06-17 01:43:00,1.4195,1.41974,1.41941,1.41962,1210899963.3789062
2011-06-17 01:44:00,1.41962,1.41962,1.41923,1.41936,1093600006.1035156
2011-06-17 01:45:00,1.41932,1.41932,1.41913,1.41915,510800018.3105469
2011-06-17 01:46:00,1.41915,1.41919,1.41889,1.41894,1113000030.5175781
2011-06-17 01:47:00,1.41894,1.41916,1.41894,1.41911,1223600006.1035156
2011-06-17 01:48:00,1.41911,1.41963,1.4191,1.41929,1905000000.0
2011-06-17 01:49:00,1.41929,1.4194,1.4191,1.4194,506500015.25878906
2011-06-17 01:50:00,1.4194,1.4194,1.41934,1.41936,180000000.0
2011-06-17 01:51:00,1.41937,1.41968,1.41937,1.41947,991500015.2587891
2011-06-17 01:52:00,1.41948,1.41981,1.41948,1.41981,1039400024.4140625
2011-06-17 01:53:00,1.4198,1.4198,1.41959,1.41967,842399978.6376953
2011-06-17 01:54:00,1.41966,1.41989,1.41966,1.41973,966900024.4140625
2011-06-17 01:55:00,1.41975,1.41975,1.41947,1.41949,545999984.7412109
2011-06-17 01:56:00,1.41945,1.41945,1.4192,1.41929,1050000000.0
2011-06-17 01:57:00,1.4193,1.4195,1.41922,1.41922,726900024.4140625
2011-06-17 01:58:00,1.41922,1.41926,1.41915,1.4192,742799987.7929688
2011-06-17 01:59:00,1.41918,1.41918,1.4191,1.4191,313799991.607666
2011-06-17 02:00:00,1.41915,1.4193,1.41911,1.41919,1029199981.6894531
2011-06-17 02:01:00,1.41919,1.41923,1.4191,1.41923,420699996.9482422
2011-06-17 02:02:00,1.41924,1.41943,1.41923,1.41924,454399986.26708984
2011-06-17 02:03:00,1.41924,1.41934,1.41922,1.41925,745299987.7929688
2011-06-17 02:04:00,1.41925,1.41925,1.41917,1.41924,435000000.0
2011-06-17 02:05:00,1.41924,1.41924,1.41898,1.41901,1215800018.3105469
2011-06-17 02:06:00,1.41899,1.41903,1.4189,1.419,1264100036.6210938
2011-06-17 02:07:00,1.419,1.41904,1.41894,1.41897,896600036.6210938
2011-06-17 02:08:00,1.41897,1.41936,1.4189,1.41935,928499984.7412109
2011-06-17 02:09:00,1.41935,1.41955,1.41935,1.41942,1547700042.7246094
2011-06-17 02:10:00,1.41941,1.41941,1.41926,1.41935,299300003.0517578
2011-06-17 02:11:00,1.41933,1.41933,1.41912,1.41912,709599990.8447266
2011-06-17 02:12:00,1.41912,1.41913,1.41911,1.41912,337099990.84472656
2011-06-17 02:13:00,1.41911,1.41925,1.41911,1.41925,325200004.5776367
2011-06-17 02:14:00,1.41925,1.41946,1.41921,1.41942,764499969.4824219
2011-06-17 02:15:00,1.41946,1.41952,1.41921,1.41925,1038300018.3105469
2011-06-17 02:16:00,1.4193,1.41935,1.41919,1.41926,780599975.5859375
2011-06-17 02:17:00,1.41926,1.41931,1.41926,1.41929,285400009.15527344
2011-06-17 02:18:00,1.41929,1.41929,1.41919,1.41926,322500000.0
2011-06-17 02:19:00,1.41929,1.41933,1.41922,1.41922,375000000.0
2011-06-17 02:20:00,1.4192,1.41922,1.4192,1.41922,276000003.81469727
2011-06-17 02:21:00,1.41921,1.4193,1.41919,1.41928,860999984.7412109
2011-06-17 02:22:00,1.41929,1.41929,1.4192,1.41921,195100002.28881836
2011-06-17 02:23:00,1.41922,1.41926,1.41922,1.41926,86300001.14440918
2011-06-17 02:24:00,1.41927,1.41932,1.41911,1.41919,1099599990.8447266
2011-06-17 02:25:00,1.41917,1.41917,1.41901,1.41914,1229400024.4140625
2011-06-17 02:26:00,1.41911,1.41919,1.41901,1.41911,590800018.3105469
2011-06-17 02:27:00,1.41909,1.4191,1.41901,1.41907,456399993.8964844
2011-06-17 02:28:00,1.41907,1.41907,1.41896,1.41899,412999992.37060547
2011-06-17 02:29:00,1.419,1.41902,1.41892,1.41895,514900016.78466797
2011-06-17 02:30:00,1.41893,1.41893,1.41811,1.41819,2451000061.0351562
2011-06-17 02:31:00,1.41821,1.41859,1.41816,1.4185,1699199981.6894531
2011-06-17 02:32:00,1.41851,1.41858,1.41849,1.41855,769499969.4824219
2011-06-17 02:33:00,1.41851,1.41864,1.41848,1.41856,1002699966.4306641
2011-06-17 02:34:00,1.41855,1.4186,1.41834,1.41839,926200027.4658203
2011-06-17 02:35:00,1.41838,1.41838,1.4176,1.41763,1674199981.6894531
2011-06-17 02:36:00,1.41765,1.41777,1.41734,1.41773,2547100067.138672
2011-06-17 02:37:00,1.41773,1.41779,1.41762,1.41762,1222699966.430664
2011-06-17 02:38:00,1.41762,1.41771,1.41704,1.41709,3593200073.2421875
2011-06-17 02:39:00,1.41709,1.4174,1.41709,1.41731,2930899963.3789062
2011-06-17 02:40:00,1.41731,1.41755,1.41729,1.41729,1288699951.171875
2011-06-17 02:41:00,1.41729,1.41732,1.41685,1.41691,2863999938.9648438
2011-06-17 02:42:00,1.41692,1.41704,1.41662,1.41675,1810099945.0683594
2011-06-17 02:43:00,1.41675,1.41727,1.4167,1.41711,2001199951.171875
2011-06-17 02:44:00,1.41712,1.41757,1.41712,1.41751,1988600006.1035156
2011-06-17 02:45:00,1.4175,1.41759,1.41737,1.41737,1551799926.7578125
2011-06-17 02:46:00,1.4173,1.4173,1.41703,1.41711,1010299987.7929688
2011-06-17 02:47:00,1.41711,1.41748,1.41711,1.41741,983799972.5341797
2011-06-17 02:48:00,1.4174,1.4177,1.4174,1.41752,878499984.7412109
2011-06-17 02:49:00,1.41751,1.41754,1.41743,1.4175,604099998.4741211
2011-06-17 02:50:00,1.41749,1.41757,1.41737,1.41737,1055400009.1552734
2011-06-17 02:51:00,1.41733,1.4174,1.41719,1.41719,958399963.3789062
2011-06-17 02:52:00,1.41721,1.41728,1.41709,1.41721,1257600021.3623047
2011-06-17 02:53:00,1.41722,1.41754,1.41722,1.41754,952200012.2070312
2011-06-17 02:54:00,1.41754,1.41797,1.41754,1.41787,1702599945.0683594
2011-06-17 02:55:00,1.41785,1.41791,1.41773,1.41775,1757100067.1386719
2011-06-17 02:56:00,1.41775,1.41775,1.41754,1.4176,607500000.0
2011-06-17 02:57:00,1.4176,1.41782,1.4176,1.4178,741600036.6210938
2011-06-17 02:58:00,1.4178,1.41789,1.41771,1.41774,1616100006.1035156
2011-06-17 02:59:00,1.41774,1.41779,1.41763,1.41763,861900024.4140625
2011-06-17 03:00:00,1.41761,1.41761,1.41744,1.41756,1676600036.6210938
2011-06-17 03:01:00,1.41756,1.41761,1.41745,1.4175,1670299987.7929688
2011-06-17 03:02:00,1.4175,1.41753,1.41738,1.41743,1215599975.5859375
2011-06-17 03:03:00,1.41741,1.41745,1.41734,1.41743,1005000000.0
2011-06-17 03:04:00,1.4174,1.41743,1.41731,1.41731,507000007.62939453
2011-06-17 03:05:00,1.41731,1.4176,1.41729,1.4176,1376100006.1035156
2011-06-17 03:06:00,1.4176,1.41784,1.4176,1.41765,1370899963.3789062
2011-06-17 03:07:00,1.41765,1.41775,1.41758,1.41763,1516499938.9648438
2011-06-17 03:08:00,1.41767,1.41773,1.41758,1.41766,1728899993.8964844
2011-06-17 03:09:00,1.41769,1.4178,1.41766,1.41766,838099975.5859375
2011-06-17 03:10:00,1.41766,1.41766,1.41744,1.41753,916699981.6894531
2011-06-17 03:11:00,1.41753,1.41758,1.41749,1.41749,1068600006.1035156
2011-06-17 03:12:00,1.41749,1.41755,1.41747,1.41754,1218300018.3105469
2011-06-17 03:13:00,1.41753,1.41755,1.41732,1.41745,1958200073.2421875
2011-06-17 03:14:00,1.41744,1.41744,1.41732,1.41736,857600021.3623047
2011-06-17 03:15:00,1.41736,1.4174,1.41731,1.4174,499500007.62939453
2011-06-17 03:16:00,1.41741,1.41759,1.41741,1.41757,439099998.4741211
2011-06-17 03:17:00,1.41754,1.41759,1.41753,1.41755,326500015.25878906
2011-06-17 03:18:00,1.41762,1.41764,1.41757,1.41764,512700004.5776367
2011-06-17 03:19:00,1.41765,1.41787,1.41765,1.41783,778499984.7412109
2011-06-17 03:20:00,1.41785,1.41785,1.41775,1.41777,1284400024.4140625
2011-06-17 03:21:00,1.41776,1.41786,1.41776,1.41781,1179899978.6376953
2011-06-17 03:22:00,1.4178,1.41789,1.41777,1.41782,993700027.4658203
2011-06-17 03:23:00,1.41781,1.41787,1.41764,1.41769,944000015.2587891
2011-06-17 03:24:00,1.41773,1.41784,1.41773,1.41783,572200012.2070312
2011-06-17 03:25:00,1.41785,1.4179,1.41778,1.41783,948300018.3105469
2011-06-17 03:26:00,1.41783,1.41806,1.41783,1.41806,934300003.0517578
2011-06-17 03:27:00,1.41804,1.41817,1.41801,1.41813,1121299972.5341797
2011-06-17 03:28:00,1.41816,1.41821,1.418,1.41807,1125500030.5175781
2011-06-17 03:29:00,1.41806,1.41823,1.41803,1.41819,1046900024.4140625
2011-06-17 03:30:00,1.41819,1.41831,1.41813,1.4182,1241600036.6210938
2011-06-17 03:31:00,1.4182,1.41832,1.41818,1.41823,850500030.5175781
2011-06-17 03:32:00,1.41823,1.41854,1.41823,1.41848,883300018.3105469
2011-06-17 03:33:00,1.41846,1.41846,1.41817,1.41827,1392899932.8613281
2011-06-17 03:34:00,1.41828,1.41847,1.41828,1.41834,968099975.5859375
2011-06-17 03:35:00,1.41832,1.41841,1.41832,1.41834,307500000.0
2011-06-17 03:36:00,1.41834,1.41842,1.41831,1.41831,402099990.84472656
2011-06-17 03:37:00,1.4183,1.4183,1.41801,1.41808,826999969.4824219
2011-06-17 03:38:00,1.41807,1.41807,1.41777,1.41777,1068600006.1035156
2011-06-17 03:39:00,1.41776,1.41776,1.41758,1.41763,619000015.2587891
2011-06-17 03:40:00,1.41763,1.41779,1.41763,1.41773,694899978.6376953
2011-06-17 03:41:00,1.41772,1.41794,1.41772,1.41791,920599975.5859375
2011-06-17 03:42:00,1.4179,1.41808,1.41786,1.41791,906800003.0517578
2011-06-17 03:43:00,1.41792,1.41806,1.41792,1.41806,573100013.7329102
2011-06-17 03:44:00,1.41806,1.41811,1.4179,1.41799,1667400054.9316406
2011-06-17 03:45:00,1.41799,1.4183,1.41799,1.41824,582999992.3706055
2011-06-17 03:46:00,1.41824,1.4184,1.4182,1.4184,406199989.31884766
2011-06-17 03:47:00,1.41841,1.41851,1.41818,1.41835,1498699951.171875
2011-06-17 03:48:00,1.41835,1.41836,1.41816,1.41816,480600013.73291016
2011-06-17 03:49:00,1.41816,1.41825,1.41808,1.41809,418699989.31884766
2011-06-17 03:50:00,1.41808,1.41808,1.41773,1.41794,819899978.6376953
2011-06-17 03:51:00,1.41794,1.41807,1.41789,1.418,769000015.2587891
2011-06-17 03:52:00,1.418,1.418,1.41789,1.41791,542599983.215332
2011-06-17 03:53:00,1.4179,1.4179,1.41753,1.41754,959599990.8447266
2011-06-17 03:54:00,1.4175,1.41751,1.41729,1.41739,1125999984.741211
2011-06-17 03:55:00,1.4174,1.41767,1.4174,1.4175,1134000015.258789
2011-06-17 03:56:00,1.41749,1.4176,1.41731,1.41731,731299972.5341797
2011-06-17 03:57:00,1.41731,1.41731,1.41731,1.41731,86999998.09265137
2011-06-17 03:58:00,1.41729,1.41732,1.41725,1.41725,467999992.37060547
2011-06-17 03:59:00,1.41725,1.41729,1.41686,1.41686,1703099975.5859375
2011-06-17 04:00:00,1.41686,1.41742,1.41685,1.41742,1201999969.4824219
2011-06-17 04:01:00,1.41742,1.41747,1.41719,1.41732,1107900009.1552734
2011-06-17 04:02:00,1.41733,1.41739,1.41705,1.41711,967099990.8447266
2011-06-17 04:03:00,1.41712,1.41739,1.41701,1.41719,1348300018.3105469
2011-06-17 04:04:00,1.41715,1.41717,1.41711,1.41717,214500007.62939453
2011-06-17 04:05:00,1.41719,1.41734,1.41714,1.4172,585699996.9482422
2011-06-17 04:06:00,1.41721,1.41752,1.41721,1.41748,761299972.5341797
2011-06-17 04:07:00,1.41748,1.41748,1.41734,1.41739,549900016.784668
2011-06-17 04:08:00,1.41737,1.41747,1.41725,1.41732,782200012.2070312
2011-06-17 04:09:00,1.41727,1.41733,1.41722,1.41731,576199989.3188477
2011-06-17 04:10:00,1.4173,1.41734,1.41704,1.41734,1130500030.5175781
2011-06-17 04:11:00,1.41735,1.41758,1.41712,1.41712,1461499938.9648438
2011-06-17 04:12:00,1.41712,1.41712,1.41683,1.41689,1650200042.7246094
2011-06-17 04:13:00,1.41685,1.41703,1.41685,1.41694,1191699981.6894531
2011-06-17 04:14:00,1.41697,1.41701,1.41675,1.41679,1450399932.8613281
2011-06-17 04:15:00,1.41675,1.41675,1.41568,1.41574,3138500061.0351562
2011-06-17 04:16:00,1.41576,1.41593,1.41562,1.41562,1540500030.5175781
2011-06-17 04:17:00,1.41561,1.41562,1.41531,1.41562,1720599975.5859375
2011-06-17 04:18:00,1.41565,1.41581,1.41543,1.41547,1609799957.2753906
2011-06-17 04:19:00,1.41547,1.41547,1.41458,1.41462,3038500061.0351562
2011-06-17 04:20:00,1.41466,1.41488,1.41464,1.41465,1012399978.6376953
2011-06-17 04:21:00,1.41461,1.41469,1.41437,1.41441,3077600097.65625
2011-06-17 04:22:00,1.41441,1.41451,1.41408,1.41429,1750800018.3105469
2011-06-17 04:23:00,1.41429,1.41464,1.41424,1.41453,2190800018.310547
2011-06-17 04:24:00,1.4145,1.4147,1.41449,1.4145,1602799987.7929688
2011-06-17 04:25:00,1.41447,1.41447,1.41405,1.41419,1258000030.5175781
2011-06-17 04:26:00,1.41419,1.41435,1.41412,1.41428,1542899932.8613281
2011-06-17 04:27:00,1.41429,1.41439,1.41429,1.41439,480000000.0
2011-06-17 04:28:00,1.41439,1.41457,1.41432,1.41452,791299972.5341797
2011-06-17 04:29:00,1.41452,1.41473,1.41452,1.41473,502500000.0
2011-06-17 04:30:00,1.41472,1.41477,1.41447,1.41447,1388600006.1035156
2011-06-17 04:31:00,1.41446,1.41446,1.41422,1.41444,1212300033.569336
2011-06-17 04:32:00,1.41449,1.41488,1.41443,1.41487,1251200027.4658203
2011-06-17 04:33:00,1.41487,1.41506,1.41481,1.41502,796600036.6210938
2011-06-17 04:34:00,1.41503,1.41519,1.41492,1.41505,1624499969.4824219
2011-06-17 04:35:00,1.41505,1.41528,1.41505,1.41519,948099975.5859375
2011-06-17 04:36:00,1.41521,1.41529,1.41489,1.41501,1665500030.5175781
2011-06-17 04:37:00,1.41501,1.41507,1.41481,1.41484,1697100067.1386719
2011-06-17 04:38:00,1.41484,1.41508,1.41484,1.41503,1127099990.8447266
2011-06-17 04:39:00,1.41505,1.41528,1.415,1.41525,1192500000.0
2011-06-17 04:40:00,1.41525,1.4153,1.4151,1.41523,1096200027.4658203
2011-06-17 04:41:00,1.41523,1.41529,1.41499,1.41501,797600021.3623047
2011-06-17 04:42:00,1.41502,1.4151,1.41455,1.41456,1622400054.9316406
2011-06-17 04:43:00,1.41455,1.41459,1.4144,1.41453,1120800018.3105469
2011-06-17 04:44:00,1.41454,1.41469,1.41429,1.41446,1422799987.7929688
2011-06-17 04:45:00,1.41447,1.41461,1.41441,1.41458,575999984.7412109
2011-06-17 04:46:00,1.41456,1.41472,1.41453,1.41465,758300018.3105469
2011-06-17 04:47:00,1.41467,1.41476,1.41442,1.41452,764400024.4140625
2011-06-17 04:48:00,1.4145,1.41461,1.4144,1.41445,815100021.3623047
2011-06-17 04:49:00,1.41442,1.41476,1.41442,1.41472,1199300003.0517578
2011-06-17 04:50:00,1.41469,1.41469,1.41455,1.41458,784700012.2070312
2011-06-17 04:51:00,1.41461,1.41467,1.41454,1.41454,457500000.0
2011-06-17 04:52:00,1.41455,1.41466,1.41455,1.41461,300000000.0
2011-06-17 04:53:00,1.41461,1.4148,1.41459,1.41459,882200012.2070312
2011-06-17 04:54:00,1.4146,1.41475,1.41459,1.41475,600000000.0
2011-06-17 04:55:00,1.41475,1.41494,1.41475,1.4149,710999984.7412109
2011-06-17 04:56:00,1.41497,1.41529,1.41482,1.4152,1443999938.9648438
2011-06-17 04:57:00,1.41522,1.41522,1.41503,1.41505,1053499984.7412109
2011-06-17 04:58:00,1.41505,1.41512,1.4149,1.41507,698300018.3105469
2011-06-17 04:59:00,1.41506,1.41508,1.41474,1.41474,1321699981.6894531
2011-06-17 05:00:00,1.41479,1.41512,1.41479,1.41506,1832100067.1386719
2011-06-17 05:01:00,1.41506,1.4154,1.41502,1.4154,1084899978.6376953
2011-06-17 05:02:00,1.4154,1.41552,1.41515,1.41515,1860399932.8613281
2011-06-17 05:03:00,1.41519,1.4153,1.41497,1.41497,1016200027.4658203
2011-06-17 05:04:00,1.41497,1.41497,1.41479,1.41488,1096900024.4140625
2011-06-17 05:05:00,1.41488,1.41504,1.41483,1.41493,1323800048.828125
2011-06-17 05:06:00,1.41489,1.41495,1.41465,1.41465,999000015.2587891
2011-06-17 05:07:00,1.41464,1.41464,1.41448,1.41449,1805299987.7929688
2011-06-17 05:08:00,1.41449,1.41449,1.4143,1.41432,699400024.4140625
2011-06-17 05:09:00,1.4143,1.41438,1.41399,1.41399,1401600036.6210938
2011-06-17 05:10:00,1.41394,1.41394,1.41288,1.41297,3612900085.4492188
2011-06-17 05:11:00,1.41295,1.41315,1.41276,1.41283,2404600067.138672
2011-06-17 05:12:00,1.41284,1.4131,1.41281,1.41296,1852599945.0683594
2011-06-17 05:13:00,1.41295,1.4134,1.41293,1.4134,1150800018.3105469
2011-06-17 05:14:00,1.41341,1.41347,1.41333,1.41337,1104000015.258789
2011-06-17 05:15:00,1.41337,1.41337,1.41269,1.41274,1811399993.8964844
2011-06-17 05:16:00,1.41274,1.41288,1.41274,1.4128,896200027.4658203
2011-06-17 05:17:00,1.41284,1.41315,1.41284,1.41292,1285500030.5175781
2011-06-17 05:18:00,1.41292,1.41294,1.41284,1.41293,716999969.4824219
2011-06-17 05:19:00,1.41293,1.41354,1.41293,1.41352,1271999969.4824219
2011-06-17 05:20:00,1.41352,1.41365,1.41352,1.41359,1071600036.6210938
2011-06-17 05:21:00,1.41358,1.41361,1.41336,1.4135,1412599945.0683594
2011-06-17 05:22:00,1.41349,1.41364,1.41347,1.41363,778700027.4658203
2011-06-17 05:23:00,1.41366,1.41411,1.41366,1.41394,927799987.7929688
2011-06-17 05:24:00,1.41391,1.41402,1.41355,1.41355,2048699951.171875
2011-06-17 05:25:00,1.41355,1.41355,1.41333,1.41337,1499299926.7578125
2011-06-17 05:26:00,1.41337,1.41337,1.41284,1.41307,1417500000.0
2011-06-17 05:27:00,1.41305,1.41333,1.41305,1.41325,1117200012.2070312
2011-06-17 05:28:00,1.41327,1.41363,1.41327,1.41358,1147200012.2070312
2011-06-17 05:29:00,1.41358,1.41378,1.41344,1.41352,915100021.3623047
2011-06-17 05:30:00,1.41352,1.41377,1.4135,1.41372,1111900024.4140625
2011-06-17 05:31:00,1.4137,1.41403,1.41369,1.41398,933000030.5175781
2011-06-17 05:32:00,1.41397,1.41412,1.41385,1.41408,1240100021.3623047
2011-06-17 05:33:00,1.41409,1.41463,1.41409,1.41451,2952000122.0703125
2011-06-17 05:34:00,1.4145,1.41457,1.41408,1.41438,2068699951.171875
2011-06-17 05:35:00,1.41434,1.41447,1.4141,1.4141,1530800018.3105469
2011-06-17 05:36:00,1.41409,1.41418,1.41381,1.41386,1100999984.741211
2011-06-17 05:37:00,1.4139,1.41394,1.41339,1.41358,1583999938.9648438
2011-06-17 05:38:00,1.41359,1.41376,1.41352,1.41362,1936699981.6894531
2011-06-17 05:39:00,1.41362,1.41362,1.4133,1.41331,1060500030.5175781
2011-06-17 05:40:00,1.41331,1.41343,1.41331,1.41339,885400009.1552734
2011-06-17 05:41:00,1.41339,1.414,1.41339,1.41398,2178899993.8964844
2011-06-17 05:42:00,1.41398,1.41426,1.41392,1.41408,1488200073.2421875
2011-06-17 05:43:00,1.41408,1.41408,1.41357,1.41385,1629199981.6894531
2011-06-17 05:44:00,1.41385,1.41401,1.41364,1.41385,1443200073.2421875
2011-06-17 05:45:00,1.41383,1.414,1.41372,1.41399,1222699966.430664
2011-06-17 05:46:00,1.41405,1.41405,1.41369,1.41369,909000015.2587891
2011-06-17 05:47:00,1.41374,1.41419,1.41364,1.414,1457500000.0
2011-06-17 05:48:00,1.41404,1.41424,1.41391,1.41404,2168300018.310547
2011-06-17 05:49:00,1.41411,1.41428,1.414,1.41409,997500000.0
2011-06-17 05:50:00,1.4141,1.41429,1.41406,1.41425,1355599975.5859375
2011-06-17 05:51:00,1.41424,1.41468,1.41423,1.41453,2105399932.8613281
2011-06-17 05:52:00,1.41449,1.41457,1.41435,1.4145,1479799957.2753906
2011-06-17 05:53:00,1.41452,1.41459,1.41449,1.41459,949499969.4824219
2011-06-17 05:54:00,1.41456,1.41459,1.41434,1.41436,1516000061.0351562
2011-06-17 05:55:00,1.41435,1.41446,1.41434,1.41444,1153600006.1035156
2011-06-17 05:56:00,1.41445,1.41448,1.41434,1.41446,1164000015.258789
2011-06-17 05:57:00,1.41445,1.41448,1.41396,1.41414,1371799926.7578125
2011-06-17 05:58:00,1.41413,1.41425,1.41413,1.41414,2231999969.482422
2011-06-17 05:59:00,1.41414,1.41422,1.41397,1.41397,1185000000.0
2011-06-17 06:00:00,1.41397,1.41397,1.41351,1.41351,2392200012.2070312
2011-06-17 06:01:00,1.41348,1.41354,1.41307,1.41354,3039899902.34375
2011-06-17 06:02:00,1.41355,1.41428,1.41355,1.41415,2511799926.7578125
2011-06-17 06:03:00,1.41415,1.41437,1.41397,1.41415,1629799957.2753906
2011-06-17 06:04:00,1.41415,1.41441,1.41405,1.41437,1400599975.5859375
2011-06-17 06:05:00,1.41431,1.41435,1.41413,1.41427,1544700012.2070312
2011-06-17 06:06:00,1.41428,1.41435,1.41416,1.4142,1590000000.0
2011-06-17 06:07:00,1.4142,1.41479,1.41412,1.41478,2233600006.1035156
2011-06-17 06:08:00,1.41472,1.41486,1.4146,1.41461,1528699951.171875
2011-06-17 06:09:00,1.41461,1.41463,1.41433,1.41463,1236600036.6210938
2011-06-17 06:10:00,1.41464,1.41501,1.41462,1.4149,2128300018.3105469
2011-06-17 06:11:00,1.41489,1.41511,1.41471,1.41503,1651799926.7578125
2011-06-17 06:12:00,1.41504,1.41529,1.41499,1.41526,2817099914.5507812
2011-06-17 06:13:00,1.41527,1.41534,1.41477,1.41491,2451499938.9648438
2011-06-17 06:14:00,1.41492,1.41531,1.41472,1.41523,2443000030.517578
2011-06-17 06:15:00,1.41523,1.41526,1.41477,1.4151,2220399932.861328
2011-06-17 06:16:00,1.41511,1.41569,1.41508,1.4156,2728200073.2421875
2011-06-17 06:17:00,1.4156,1.41603,1.41557,1.41585,3019200134.2773438
2011-06-17 06:18:00,1.41584,1.41614,1.41566,1.41608,2377700042.7246094
2011-06-17 06:19:00,1.41605,1.41613,1.41576,1.41595,1955099945.0683594
2011-06-17 06:20:00,1.41595,1.41596,1.41568,1.4157,2171399993.8964844
2011-06-17 06:21:00,1.41569,1.41583,1.41556,1.41566,2029799957.2753906
2011-06-17 06:22:00,1.41567,1.41616,1.41567,1.41615,2211300048.828125
2011-06-17 06:23:00,1.41615,1.41615,1.41579,1.41588,1617799987.7929688
2011-06-17 06:24:00,1.41583,1.41587,1.41575,1.41586,1335000000.0
2011-06-17 06:25:00,1.41587,1.41591,1.41579,1.41584,1385399932.8613281
2011-06-17 06:26:00,1.41583,1.41592,1.41563,1.41586,1919400024.4140625
2011-06-17 06:27:00,1.41586,1.4165,1.41578,1.41639,3548599853.515625
2011-06-17 06:28:00,1.41642,1.4166,1.4161,1.4161,3177900085.4492188
2011-06-17 06:29:00,1.41613,1.41645,1.41583,1.41619,2657300109.8632812
2011-06-17 06:30:00,1.41619,1.41619,1.41564,1.41571,1972400054.9316406
2011-06-17 06:31:00,1.41571,1.41582,1.4154,1.41548,1644799957.2753906
2011-06-17 06:32:00,1.41551,1.41591,1.41551,1.41568,1705800018.3105469
2011-06-17 06:33:00,1.41571,1.41606,1.41565,1.41582,1097500000.0
2011-06-17 06:34:00,1.41583,1.41583,1.41521,1.41524,1279899978.6376953
2011-06-17 06:35:00,1.41528,1.41588,1.41528,1.41587,2312799987.7929688
2011-06-17 06:36:00,1.41587,1.4159,1.41568,1.41568,1433200073.2421875
2011-06-17 06:37:00,1.41567,1.41568,1.4151,1.41518,1581999969.4824219
2011-06-17 06:38:00,1.4152,1.41567,1.4152,1.41565,1031600036.6210938
2011-06-17 06:39:00,1.41566,1.41589,1.41553,1.41553,2009199981.6894531
2011-06-17 06:40:00,1.41556,1.41591,1.41555,1.4158,2378999938.9648438
2011-06-17 06:41:00,1.4158,1.41634,1.41574,1.41632,2070299987.7929688
2011-06-17 06:42:00,1.41629,1.4163,1.41599,1.41607,2179700012.2070312
2011-06-17 06:43:00,1.41604,1.41645,1.41599,1.41637,2748299865.7226562
2011-06-17 06:44:00,1.41636,1.41638,1.41605,1.41634,1161299972.5341797
2011-06-17 06:45:00,1.41634,1.41636,1.41607,1.41619,1152699966.430664
2011-06-17 06:46:00,1.41618,1.41651,1.41595,1.41638,1698200073.2421875
2011-06-17 06:47:00,1.41646,1.41699,1.41646,1.41681,2632600097.65625
2011-06-17 06:48:00,1.41682,1.41688,1.41666,1.41687,1620500030.5175781
2011-06-17 06:49:00,1.41691,1.41713,1.41682,1.41684,1704600067.1386719
2011-06-17 06:50:00,1.41683,1.41703,1.41662,1.41695,2502799987.7929688
2011-06-17 06:51:00,1.41695,1.41763,1.41687,1.41759,3028800048.828125
2011-06-17 06:52:00,1.4176,1.41761,1.41713,1.41714,1787200012.2070312
2011-06-17 06:53:00,1.41714,1.4173,1.41701,1.4173,1651000061.0351562
2011-06-17 06:54:00,1.41732,1.4175,1.41705,1.4171,1559799957.2753906
2011-06-17 06:55:00,1.41708,1.41741,1.4169,1.41717,2015700073.2421875
2011-06-17 06:56:00,1.41717,1.4174,1.41708,1.41718,1738899993.8964844
2011-06-17 06:57:00,1.41719,1.41721,1.41699,1.41699,810899963.3789062
2011-06-17 06:58:00,1.41701,1.4172,1.41701,1.4172,1018499984.7412109
2011-06-17 06:59:00,1.41719,1.41744,1.41719,1.41735,1467500000.0
2011-06-17 07:00:00,1.41733,1.41739,1.41702,1.41725,2697399902.34375
2011-06-17 07:01:00,1.41725,1.41726,1.41641,1.4165,2262700042.7246094
2011-06-17 07:02:00,1.41649,1.41671,1.41626,1.41653,2211000061.0351562
2011-06-17 07:03:00,1.41654,1.41661,1.41607,1.41618,2270800018.310547
2011-06-17 07:04:00,1.4162,1.41653,1.4162,1.41635,2111900024.4140625
2011-06-17 07:05:00,1.41639,1.41648,1.41601,1.41601,2248600006.1035156
2011-06-17 07:06:00,1.41601,1.41601,1.41555,1.4156,2466000061.0351562
2011-06-17 07:07:00,1.41561,1.41571,1.41543,1.41562,2300500030.517578
2011-06-17 07:08:00,1.41562,1.41601,1.41558,1.41582,2201100006.1035156
2011-06-17 07:09:00,1.41586,1.41586,1.41522,1.41536,3172000122.0703125
2011-06-17 07:10:00,1.41533,1.41549,1.41508,1.41534,3485299987.7929688
2011-06-17 07:11:00,1.41534,1.41566,1.41532,1.41555,2539900054.9316406
2011-06-17 07:12:00,1.41555,1.41589,1.41555,1.41588,1313899993.8964844
2011-06-17 07:13:00,1.41588,1.41591,1.41581,1.4159,1141800003.0517578
2011-06-17 07:14:00,1.4159,1.41612,1.41554,1.41554,2210800018.310547
2011-06-17 07:15:00,1.41554,1.41573,1.41538,1.41547,2161600036.6210938
2011-06-17 07:16:00,1.41547,1.41561,1.41536,1.41561,1369299926.7578125
2011-06-17 07:17:00,1.41561,1.41601,1.41538,1.41599,2065000000.0
2011-06-17 07:18:00,1.416,1.4162,1.41584,1.41584,2232799987.7929688
2011-06-17 07:19:00,1.41584,1.41584,1.41512,1.41535,3023399963.3789062
2011-06-17 07:20:00,1.41535,1.41542,1.41524,1.41542,1650599975.5859375
2011-06-17 07:21:00,1.41543,1.41574,1.41541,1.41542,2226699981.689453
2011-06-17 07:22:00,1.4154,1.4154,1.41491,1.41524,2187100067.138672
2011-06-17 07:23:00,1.41523,1.41527,1.41505,1.41513,1720500030.5175781
2011-06-17 07:24:00,1.41512,1.41528,1.41501,1.41513,2652999877.9296875
2011-06-17 07:25:00,1.41513,1.41546,1.41513,1.41532,2451600036.6210938
2011-06-17 07:26:00,1.41532,1.4154,1.41522,1.41538,1563999938.9648438
2011-06-17 07:27:00,1.41539,1.41575,1.41511,1.41567,4159700012.2070312
2011-06-17 07:28:00,1.41572,1.41573,1.41537,1.41537,4443699951.171875
2011-06-17 07:29:00,1.41536,1.41569,1.41531,1.41569,2483999938.9648438
2011-06-17 07:30:00,1.41568,1.41615,1.41562,1.41602,2879400024.4140625
2011-06-17 07:31:00,1.41609,1.41609,1.41559,1.41571,2966099853.515625
2011-06-17 07:32:00,1.41573,1.41574,1.41529,1.41529,2965799865.7226562
2011-06-17 07:33:00,1.41529,1.41537,1.4151,1.4152,2163699951.171875
2011-06-17 07:34:00,1.4152,1.41529,1.415,1.41517,1812400054.9316406
2011-06-17 07:35:00,1.41517,1.41517,1.41476,1.41507,2667300109.8632812
2011-06-17 07:36:00,1.41509,1.41551,1.41509,1.41546,2686000061.0351562
2011-06-17 07:37:00,1.41546,1.41576,1.4154,1.4155,1999100036.6210938
2011-06-17 07:38:00,1.41553,1.41556,1.41491,1.41492,1677899932.8613281
2011-06-17 07:39:00,1.41493,1.41523,1.41493,1.415,1635800018.3105469
2011-06-17 07:40:00,1.415,1.4151,1.41469,1.41489,2115099945.0683594
2011-06-17 07:41:00,1.41489,1.41495,1.41481,1.41486,1946799926.7578125
2011-06-17 07:42:00,1.41487,1.41513,1.41487,1.41513,1556699981.6894531
2011-06-17 07:43:00,1.4151,1.4151,1.41464,1.41466,2062299957.2753906
2011-06-17 07:44:00,1.41466,1.41466,1.41405,1.41423,2955299987.7929688
2011-06-17 07:45:00,1.41424,1.41457,1.41422,1.41455,2311100006.1035156
2011-06-17 07:46:00,1.41453,1.41466,1.414,1.41402,3433399963.3789062
2011-06-17 07:47:00,1.41404,1.41433,1.41404,1.41411,3316300048.828125
2011-06-17 07:48:00,1.41412,1.41418,1.4139,1.41396,3162099914.5507812
2011-06-17 07:49:00,1.41398,1.41406,1.41368,1.41374,3397699890.1367188
2011-06-17 07:50:00,1.41375,1.41456,1.41375,1.41444,2951900024.4140625
2011-06-17 07:51:00,1.41447,1.41447,1.41405,1.4143,2371199951.171875
2011-06-17 07:52:00,1.41429,1.41429,1.41372,1.41377,2235099945.0683594
2011-06-17 07:53:00,1.41382,1.41403,1.41344,1.41355,3018900146.484375
2011-06-17 07:54:00,1.41354,1.41367,1.41314,1.41328,3266000061.0351562
2011-06-17 07:55:00,1.41326,1.41348,1.41326,1.41344,2331399993.8964844
2011-06-17 07:56:00,1.41344,1.41372,1.41344,1.41363,1861499938.9648438
2011-06-17 07:57:00,1.41363,1.41387,1.41308,1.41321,2716900024.4140625
2011-06-17 07:58:00,1.41322,1.41365,1.41322,1.41365,2984700012.2070312
2011-06-17 07:59:00,1.41367,1.41395,1.41352,1.41395,2572999877.9296875
2011-06-17 08:00:00,1.41394,1.41423,1.41383,1.41423,2500500030.517578
2011-06-17 08:01:00,1.41423,1.41433,1.41402,1.41424,2684400024.4140625
2011-06-17 08:02:00,1.41421,1.41437,1.41381,1.4139,2917600097.65625
2011-06-17 08:03:00,1.4139,1.41442,1.41389,1.41437,2701199951.171875
2011-06-17 08:04:00,1.41435,1.41457,1.41432,1.41451,2378300018.310547
2011-06-17 08:05:00,1.41447,1.41459,1.4142,1.4142,2062200012.2070312
2011-06-17 08:06:00,1.41421,1.41423,1.4138,1.4138,2193399963.3789062
2011-06-17 08:07:00,1.41379,1.41387,1.41364,1.41387,2491499938.9648438
2011-06-17 08:08:00,1.41388,1.41431,1.41372,1.41431,3192999877.9296875
2011-06-17 08:09:00,1.41431,1.41434,1.41409,1.41412,3118200073.2421875
2011-06-17 08:10:00,1.41411,1.41439,1.41407,1.41439,2722999877.9296875
2011-06-17 08:11:00,1.41437,1.41438,1.41413,1.41419,3177500000.0
2011-06-17 08:12:00,1.41418,1.41438,1.41416,1.41428,2065299987.7929688
2011-06-17 08:13:00,1.41429,1.41433,1.41415,1.41433,2261600036.6210938
2011-06-17 08:14:00,1.41435,1.41461,1.41435,1.41452,2563299865.7226562
2011-06-17 08:15:00,1.41451,1.41493,1.41446,1.41451,2725599975.5859375
2011-06-17 08:16:00,1.41451,1.41505,1.41432,1.41505,2232100067.138672
2011-06-17 08:17:00,1.41505,1.41514,1.41477,1.41491,2035000000.0
2011-06-17 08:18:00,1.4149,1.41531,1.4149,1.41527,2185399932.861328
2011-06-17 08:19:00,1.41527,1.41531,1.415,1.41531,1918899993.8964844
2011-06-17 08:20:00,1.41531,1.41561,1.4153,1.4153,1879700012.2070312
2011-06-17 08:21:00,1.4153,1.41539,1.41523,1.41528,1624400024.4140625
2011-06-17 08:22:00,1.4153,1.41552,1.41527,1.41531,1442299957.2753906
2011-06-17 08:23:00,1.41535,1.41536,1.41478,1.41498,1963000030.5175781
2011-06-17 08:24:00,1.41499,1.41528,1.41489,1.41522,1773500061.0351562
2011-06-17 08:25:00,1.41518,1.41549,1.41511,1.41515,2074600067.1386719
2011-06-17 08:26:00,1.41513,1.41526,1.41505,1.41515,1893600006.1035156
2011-06-17 08:27:00,1.41516,1.41518,1.41477,1.41485,2163500061.0351562
2011-06-17 08:28:00,1.41486,1.41488,1.41457,1.41481,2554100036.6210938
2011-06-17 08:29:00,1.4148,1.41487,1.4147,1.41477,2418800048.828125
2011-06-17 08:30:00,1.4148,1.41516,1.41475,1.41515,2894599914.5507812
2011-06-17 08:31:00,1.41516,1.41555,1.41516,1.4154,3242799987.7929688
2011-06-17 08:32:00,1.41537,1.41557,1.41532,1.41554,1955099945.0683594
2011-06-17 08:33:00,1.41553,1.41583,1.41541,1.41583,2028399963.3789062
2011-06-17 08:34:00,1.41583,1.41605,1.41571,1.41605,2540500030.517578
2011-06-17 08:35:00,1.41611,1.4163,1.41595,1.41625,2391900024.4140625
2011-06-17 08:36:00,1.41625,1.41669,1.41615,1.41633,2210700073.2421875
2011-06-17 08:37:00,1.41632,1.41647,1.41615,1.41647,2671900024.4140625
2011-06-17 08:38:00,1.41646,1.41646,1.41599,1.41613,2357100067.138672
2011-06-17 08:39:00,1.41612,1.41619,1.41599,1.41618,1218199996.9482422
2011-06-17 08:40:00,1.41616,1.41667,1.41611,1.41653,1921000061.0351562
2011-06-17 08:41:00,1.41653,1.4166,1.41642,1.41642,1579900054.9316406
2011-06-17 08:42:00,1.41646,1.41688,1.41645,1.41674,1870200042.7246094
2011-06-17 08:43:00,1.41672,1.41683,1.41662,1.41677,1825099945.0683594
2011-06-17 08:44:00,1.41678,1.41692,1.41669,1.41692,2154299926.7578125
2011-06-17 08:45:00,1.41699,1.41722,1.41699,1.41707,2711700134.2773438
2011-06-17 08:46:00,1.41706,1.4171,1.41671,1.41675,1971900024.4140625
2011-06-17 08:47:00,1.41677,1.41677,1.41641,1.41664,1924499969.4824219
2011-06-17 08:48:00,1.41671,1.41677,1.41642,1.41667,2739599914.5507812
2011-06-17 08:49:00,1.4167,1.41678,1.41652,1.41658,1483399963.3789062
2011-06-17 08:50:00,1.4166,1.4167,1.41641,1.41648,1803099975.5859375
2011-06-17 08:51:00,1.41646,1.41646,1.41609,1.41611,1865800018.3105469
2011-06-17 08:52:00,1.41605,1.41662,1.41592,1.41652,1840899963.3789062
2011-06-17 08:53:00,1.41652,1.4166,1.41625,1.41658,2510000000.0
2011-06-17 08:54:00,1.41659,1.41692,1.41655,1.41681,1764799957.2753906
2011-06-17 08:55:00,1.4168,1.41691,1.41663,1.41666,2402200012.2070312
2011-06-17 08:56:00,1.41669,1.4168,1.41661,1.41673,1911900024.4140625
2011-06-17 08:57:00,1.41672,1.41673,1.41665,1.41668,2062599945.0683594
2011-06-17 08:58:00,1.41669,1.41719,1.41668,1.41695,2786199951.171875
2011-06-17 08:59:00,1.41695,1.41711,1.4168,1.4168,2076100006.1035156
2011-06-17 09:00:00,1.41679,1.41695,1.4166,1.4166,2380099945.0683594
2011-06-17 09:01:00,1.41659,1.4167,1.4165,1.41662,1287899932.8613281
2011-06-17 09:02:00,1.41665,1.41668,1.41633,1.41665,1572599945.0683594
2011-06-17 09:03:00,1.41671,1.41684,1.41664,1.41683,1626199951.171875
2011-06-17 09:04:00,1.41683,1.41709,1.41673,1.41689,2408300018.310547
2011-06-17 09:05:00,1.4169,1.41811,1.4169,1.4181,3256900024.4140625
2011-06-17 09:06:00,1.41814,1.41887,1.41812,1.41883,3666900024.4140625
2011-06-17 09:07:00,1.41883,1.4189,1.41849,1.41879,3124200134.2773438
2011-06-17 09:08:00,1.41879,1.41895,1.4185,1.4187,2434700012.2070312
2011-06-17 09:09:00,1.41872,1.42002,1.41872,1.41973,4739299926.7578125
2011-06-17 09:10:00,1.41973,1.41975,1.41942,1.41961,2688299865.7226562
2011-06-17 09:11:00,1.41968,1.42009,1.41945,1.42009,2687300109.8632812
2011-06-17 09:12:00,1.42009,1.42092,1.42009,1.4207,4220100097.65625
2011-06-17 09:13:00,1.42069,1.42138,1.42062,1.42104,3133900146.484375
2011-06-17 09:14:00,1.42107,1.42117,1.42089,1.42095,3357799987.7929688
2011-06-17 09:15:00,1.42095,1.42137,1.42092,1.42125,3033800048.828125
2011-06-17 09:16:00,1.42126,1.42139,1.42085,1.42094,3159100036.6210938
2011-06-17 09:17:00,1.42095,1.4212,1.42068,1.4212,2029100036.6210938
2011-06-17 09:18:00,1.42124,1.42234,1.42115,1.42234,4981900024.4140625
2011-06-17 09:19:00,1.42236,1.42284,1.42217,1.42217,3826099853.515625
2011-06-17 09:20:00,1.42217,1.42218,1.42166,1.42183,2916199951.171875
2011-06-17 09:21:00,1.42181,1.42274,1.42181,1.42271,2447799987.7929688
2011-06-17 09:22:00,1.42269,1.42273,1.42244,1.42268,2827799987.7929688
2011-06-17 09:23:00,1.42269,1.42371,1.42269,1.42371,3742000122.0703125
2011-06-17 09:24:00,1.42372,1.42421,1.42372,1.42393,3486700134.2773438
2011-06-17 09:25:00,1.42395,1.42431,1.42374,1.42375,3814500122.0703125
2011-06-17 09:26:00,1.42371,1.42375,1.42309,1.42309,2684899902.34375
2011-06-17 09:27:00,1.42308,1.42331,1.42262,1.42331,3618200073.2421875
2011-06-17 09:28:00,1.42331,1.42348,1.4228,1.42292,2971400146.484375
2011-06-17 09:29:00,1.42291,1.42321,1.42249,1.42262,3247799987.7929688
2011-06-17 09:30:00,1.42266,1.42353,1.42265,1.42337,3522600097.65625
2011-06-17 09:31:00,1.42335,1.42335,1.42284,1.42291,2502100067.138672
2011-06-17 09:32:00,1.42291,1.42321,1.42291,1.42297,2568699951.171875
2011-06-17 09:33:00,1.42297,1.42303,1.42262,1.42277,2217400054.9316406
2011-06-17 09:34:00,1.42277,1.42316,1.42277,1.42304,2379499969.482422
2011-06-17 09:35:00,1.42304,1.42334,1.42296,1.42299,1945099945.0683594
2011-06-17 09:36:00,1.42299,1.42338,1.42278,1.42278,2689599914.5507812
2011-06-17 09:37:00,1.42273,1.42334,1.42268,1.4231,3216199951.171875
2011-06-17 09:38:00,1.42316,1.42347,1.42312,1.42316,3041400146.484375
2011-06-17 09:39:00,1.42313,1.42331,1.42303,1.4232,2379199981.689453
2011-06-17 09:40:00,1.4232,1.42322,1.42293,1.42302,2035099945.0683594
2011-06-17 09:41:00,1.42301,1.42301,1.4227,1.42296,1358899993.8964844
2011-06-17 09:42:00,1.42297,1.42304,1.42278,1.42288,1609499969.4824219
2011-06-17 09:43:00,1.42287,1.42294,1.42263,1.42267,1597799987.7929688
2011-06-17 09:44:00,1.42266,1.42268,1.42207,1.42207,2855400085.4492188
2011-06-17 09:45:00,1.42205,1.42206,1.42133,1.4215,3740700073.2421875
2011-06-17 09:46:00,1.42155,1.42263,1.42155,1.42231,3161900024.4140625
2011-06-17 09:47:00,1.42233,1.42288,1.42211,1.42262,2797099914.5507812
2011-06-17 09:48:00,1.42264,1.42301,1.4225,1.42254,2680899963.3789062
2011-06-17 09:49:00,1.42253,1.42271,1.42226,1.42226,2154100036.6210938
2011-06-17 09:50:00,1.42225,1.4225,1.42185,1.4225,2977999877.9296875
2011-06-17 09:51:00,1.42248,1.42256,1.42213,1.4224,2092899932.8613281
2011-06-17 09:52:00,1.4224,1.42314,1.42235,1.42314,1731699981.6894531
2011-06-17 09:53:00,1.42313,1.4239,1.42298,1.42374,3017399902.34375
2011-06-17 09:54:00,1.42375,1.42439,1.42366,1.42425,2631300048.828125
2011-06-17 09:55:00,1.42426,1.42429,1.42409,1.42416,1982299957.2753906
2011-06-17 09:56:00,1.42416,1.42416,1.42395,1.42414,1696499938.9648438
2011-06-17 09:57:00,1.42413,1.42443,1.42412,1.42443,2574500122.0703125
2011-06-17 09:58:00,1.42445,1.4251,1.4239,1.4239,3716300048.828125
2011-06-17 09:59:00,1.42384,1.42405,1.42284,1.42284,3077699890.1367188
2011-06-17 10:00:00,1.42283,1.4232,1.42241,1.42287,3727900085.4492188
2011-06-17 10:01:00,1.42287,1.42347,1.42287,1.42316,2677699890.1367188
2011-06-17 10:02:00,1.42317,1.42336,1.42195,1.42202,3225599975.5859375
2011-06-17 10:03:00,1.42202,1.42227,1.42111,1.42121,3936400146.484375
2011-06-17 10:04:00,1.42119,1.42229,1.42119,1.42229,3616099853.515625
2011-06-17 10:05:00,1.42232,1.42307,1.42217,1.42237,3740700073.2421875
2011-06-17 10:06:00,1.42236,1.42299,1.42203,1.42298,3524299926.7578125
2011-06-17 10:07:00,1.423,1.42413,1.423,1.42347,4222999877.9296875
2011-06-17 10:08:00,1.42351,1.42431,1.42347,1.42392,3067999877.9296875
2011-06-17 10:09:00,1.42392,1.42439,1.42389,1.42413,3143099975.5859375
2011-06-17 10:10:00,1.42413,1.42436,1.42393,1.42403,3318900146.484375
2011-06-17 10:11:00,1.42403,1.42544,1.42385,1.42544,3421900024.4140625
2011-06-17 10:12:00,1.42544,1.42554,1.42445,1.42456,3951700134.2773438
2011-06-17 10:13:00,1.42452,1.4248,1.42427,1.4248,2362200012.2070312
2011-06-17 10:14:00,1.42481,1.42563,1.42479,1.42519,2870000000.0
2011-06-17 10:15:00,1.42517,1.42541,1.42492,1.4253,2877200012.2070312
2011-06-17 10:16:00,1.4253,1.42551,1.42523,1.42528,2360399932.861328
2011-06-17 10:17:00,1.4253,1.42541,1.42445,1.42483,2650599975.5859375
2011-06-17 10:18:00,1.42483,1.42495,1.42441,1.42441,3777099914.5507812
2011-06-17 10:19:00,1.4244,1.42555,1.42433,1.42534,3603099975.5859375
2011-06-17 10:20:00,1.42534,1.42567,1.425,1.42566,2849100036.6210938
2011-06-17 10:21:00,1.42567,1.42567,1.42509,1.42511,1805099945.0683594
2011-06-17 10:22:00,1.42513,1.42529,1.42487,1.42529,2562699890.1367188
2011-06-17 10:23:00,1.4253,1.4257,1.42515,1.42565,3651700134.2773438
2011-06-17 10:24:00,1.42567,1.42567,1.42497,1.4251,3406300048.828125
2011-06-17 10:25:00,1.42508,1.42537,1.42486,1.42537,2517599945.0683594
2011-06-17 10:26:00,1.42537,1.42688,1.42537,1.42688,3360299987.7929688
2011-06-17 10:27:00,1.42688,1.42769,1.42688,1.42739,4133399963.3789062
2011-06-17 10:28:00,1.42739,1.42756,1.42715,1.42746,3316600036.6210938
2011-06-17 10:29:00,1.42745,1.42771,1.42741,1.42749,3026799926.7578125
2011-06-17 10:30:00,1.42748,1.42813,1.42748,1.42759,3278999938.9648438
2011-06-17 10:31:00,1.42757,1.42765,1.42708,1.42714,3043500061.0351562
2011-06-17 10:32:00,1.42715,1.42741,1.42715,1.42733,1797200012.2070312
2011-06-17 10:33:00,1.42733,1.42733,1.427,1.427,2302100067.138672
2011-06-17 10:34:00,1.427,1.42717,1.427,1.42711,2076999969.4824219
2011-06-17 10:35:00,1.42711,1.42761,1.42709,1.42738,1834100036.6210938
2011-06-17 10:36:00,1.42741,1.42767,1.42703,1.42703,2399900054.9316406
2011-06-17 10:37:00,1.42702,1.42732,1.427,1.4271,2114900054.9316406
2011-06-17 10:38:00,1.42713,1.42724,1.42687,1.42714,1756499938.9648438
2011-06-17 10:39:00,1.42714,1.42751,1.42712,1.42749,1518200073.2421875
2011-06-17 10:40:00,1.42749,1.4285,1.42744,1.4285,2721900024.4140625
2011-06-17 10:41:00,1.42851,1.42877,1.42841,1.42841,4291199951.171875
2011-06-17 10:42:00,1.4284,1.42842,1.42811,1.42817,2663200073.2421875
2011-06-17 10:43:00,1.42818,1.42848,1.42784,1.42833,2758599853.515625
2011-06-17 10:44:00,1.42833,1.42839,1.42802,1.42803,1277699966.430664
2011-06-17 10:45:00,1.42802,1.42869,1.42802,1.42841,2366999969.482422
2011-06-17 10:46:00,1.42841,1.42849,1.42814,1.4282,2017799987.7929688
2011-06-17 10:47:00,1.42823,1.4284,1.42779,1.42781,2282799987.7929688
2011-06-17 10:48:00,1.42781,1.42788,1.42747,1.42752,2069700012.2070312
2011-06-17 10:49:00,1.42752,1.42767,1.42736,1.42765,2487500000.0
2011-06-17 10:50:00,1.42764,1.42775,1.42747,1.42754,2675599975.5859375
2011-06-17 10:51:00,1.42755,1.42803,1.42755,1.42796,2388300018.310547
2011-06-17 10:52:00,1.42795,1.42849,1.42789,1.42836,3094299926.7578125
2011-06-17 10:53:00,1.42837,1.4289,1.42837,1.42871,3314599914.5507812
2011-06-17 10:54:00,1.42871,1.42894,1.42862,1.42887,1734700012.2070312
2011-06-17 10:55:00,1.42886,1.42889,1.42867,1.42888,3990100097.65625
2011-06-17 10:56:00,1.42889,1.42889,1.42861,1.42873,2250500030.517578
2011-06-17 10:57:00,1.42872,1.42888,1.42859,1.42888,2217799987.7929688
2011-06-17 10:58:00,1.42886,1.42887,1.42859,1.4287,1729299926.7578125
2011-06-17 10:59:00,1.42869,1.42872,1.42856,1.42863,1626199951.171875
2011-06-17 11:00:00,1.42863,1.4287,1.42826,1.42827,2784899902.34375
2011-06-17 11:01:00,1.42826,1.42847,1.42823,1.42829,2267599945.0683594
2011-06-17 11:02:00,1.4283,1.4285,1.42787,1.42828,2678500061.0351562
2011-06-17 11:03:00,1.42829,1.42846,1.42807,1.42821,2476699981.689453
2011-06-17 11:04:00,1.42822,1.4284,1.42814,1.42822,2445399932.861328
2011-06-17 11:05:00,1.42822,1.42858,1.42819,1.42835,2066000061.0351562
2011-06-17 11:06:00,1.42834,1.42834,1.42803,1.42807,2262700042.7246094
2011-06-17 11:07:00,1.42807,1.42807,1.42753,1.4277,2128899993.8964844
2011-06-17 11:08:00,1.4277,1.42803,1.42758,1.42803,2301499938.9648438
2011-06-17 11:09:00,1.42802,1.42814,1.42757,1.42761,1556600036.6210938
2011-06-17 11:10:00,1.42762,1.4278,1.4275,1.4275,1693800048.828125
2011-06-17 11:11:00,1.4275,1.42767,1.42739,1.42747,1778500061.0351562
2011-06-17 11:12:00,1.42745,1.4278,1.42729,1.42769,2153800048.828125
2011-06-17 11:13:00,1.4277,1.42772,1.42743,1.42751,1858699951.171875
2011-06-17 11:14:00,1.42751,1.42776,1.42751,1.42769,1863600006.1035156
2011-06-17 11:15:00,1.42769,1.42771,1.42739,1.42741,1296999969.4824219
2011-06-17 11:16:00,1.42741,1.42759,1.42732,1.42745,1852700042.7246094
2011-06-17 11:17:00,1.42745,1.42745,1.42704,1.42708,2006900024.4140625
2011-06-17 11:18:00,1.42708,1.4272,1.427,1.42713,1530599975.5859375
2011-06-17 11:19:00,1.42713,1.42731,1.42711,1.42721,1458800048.828125
2011-06-17 11:20:00,1.42721,1.42722,1.42673,1.42683,1786300048.828125
2011-06-17 11:21:00,1.42682,1.42742,1.42662,1.42742,2181999969.482422
2011-06-17 11:22:00,1.42741,1.42751,1.42709,1.42716,1561499938.9648438
2011-06-17 11:23:00,1.42716,1.4277,1.42716,1.42741,1942299957.2753906
2011-06-17 11:24:00,1.42742,1.42759,1.42736,1.42748,1916900024.4140625
2011-06-17 11:25:00,1.4275,1.42759,1.42696,1.42696,2049799957.2753906
2011-06-17 11:26:00,1.42697,1.42773,1.42697,1.42741,1881399993.8964844
2011-06-17 11:27:00,1.42738,1.42741,1.42712,1.42739,2324900054.9316406
2011-06-17 11:28:00,1.42737,1.42752,1.42685,1.42687,2292100067.138672
2011-06-17 11:29:00,1.42687,1.42699,1.42667,1.42696,2219700012.2070312
2011-06-17 11:30:00,1.42697,1.42753,1.42697,1.42718,2469400024.4140625
2011-06-17 11:31:00,1.42717,1.42721,1.42701,1.42709,1162300033.569336
2011-06-17 11:32:00,1.4271,1.42717,1.42695,1.427,1417500000.0
2011-06-17 11:33:00,1.42701,1.42718,1.42686,1.42695,1560200042.7246094
2011-06-17 11:34:00,1.42696,1.42696,1.42663,1.42673,1521000061.0351562
2011-06-17 11:35:00,1.42672,1.42708,1.42666,1.42707,1713300018.3105469
2011-06-17 11:36:00,1.42708,1.42741,1.42708,1.42723,2126300048.828125
2011-06-17 11:37:00,1.42723,1.42727,1.42677,1.427,2895899963.3789062
2011-06-17 11:38:00,1.42702,1.42704,1.4267,1.42678,1692100067.1386719
2011-06-17 11:39:00,1.42678,1.42698,1.42675,1.42684,1890000000.0
2011-06-17 11:40:00,1.42684,1.42701,1.42679,1.42701,958899993.8964844
2011-06-17 11:41:00,1.427,1.427,1.42674,1.42697,1697299957.2753906
2011-06-17 11:42:00,1.42698,1.4274,1.42696,1.42739,2453300018.310547
2011-06-17 11:43:00,1.4274,1.42782,1.42736,1.42772,2901400146.484375
2011-06-17 11:44:00,1.42774,1.42781,1.4275,1.42757,2418600006.1035156
2011-06-17 11:45:00,1.42755,1.42767,1.42708,1.42708,2137100067.1386719
2011-06-17 11:46:00,1.4271,1.42741,1.427,1.42729,2769700012.2070312
2011-06-17 11:47:00,1.42729,1.42779,1.42727,1.42778,1644900054.9316406
2011-06-17 11:48:00,1.42778,1.4279,1.42771,1.4279,1854799957.2753906
2011-06-17 11:49:00,1.4279,1.42806,1.42781,1.42806,1302400054.9316406
2011-06-17 11:50:00,1.42807,1.42857,1.42806,1.4284,2946700134.2773438
2011-06-17 11:51:00,1.4284,1.42869,1.4284,1.42859,2399799957.2753906
2011-06-17 11:52:00,1.4286,1.4287,1.42844,1.42869,1549700012.2070312
2011-06-17 11:53:00,1.42869,1.42883,1.42857,1.42861,2104100036.6210938
2011-06-17 11:54:00,1.42861,1.42937,1.42861,1.42922,2364199981.689453
2011-06-17 11:55:00,1.42921,1.42974,1.42919,1.42971,2502899932.861328
2011-06-17 11:56:00,1.42971,1.42974,1.42951,1.42966,2286900024.4140625
2011-06-17 11:57:00,1.42967,1.42991,1.42959,1.42959,1944199981.6894531
2011-06-17 11:58:00,1.42958,1.42985,1.4295,1.42979,1520299987.7929688
2011-06-17 11:59:00,1.42979,1.42993,1.42975,1.42979,1884400024.4140625
2011-06-17 12:00:00,1.42979,1.42983,1.42945,1.42949,2455500030.517578
2011-06-17 12:01:00,1.4295,1.4295,1.42919,1.42922,1076399993.8964844
2011-06-17 12:02:00,1.4292,1.42925,1.42905,1.42912,2100399932.8613281
2011-06-17 12:03:00,1.4291,1.4292,1.42886,1.42889,2426900024.4140625
2011-06-17 12:04:00,1.42889,1.42889,1.42838,1.42848,2213600006.1035156
2011-06-17 12:05:00,1.42847,1.42868,1.42819,1.42827,1867700042.7246094
2011-06-17 12:06:00,1.42827,1.42837,1.42808,1.42834,2552599945.0683594
2011-06-17 12:07:00,1.42838,1.42848,1.42821,1.42821,2017799987.7929688
2011-06-17 12:08:00,1.42821,1.42832,1.42802,1.42802,2128099975.5859375
2011-06-17 12:09:00,1.42801,1.42809,1.42757,1.42767,2489499969.482422
2011-06-17 12:10:00,1.42763,1.42777,1.42739,1.42747,2982799987.7929688
2011-06-17 12:11:00,1.42747,1.42763,1.42727,1.42738,2926000061.0351562
2011-06-17 12:12:00,1.42738,1.42758,1.42726,1.42734,2787099914.5507812
2011-06-17 12:13:00,1.42735,1.42748,1.42706,1.42714,1625500030.5175781
2011-06-17 12:14:00,1.42712,1.4272,1.42709,1.42714,1792200012.2070312
2011-06-17 12:15:00,1.42712,1.42722,1.42708,1.42722,2056600036.6210938
2011-06-17 12:16:00,1.42728,1.42735,1.42715,1.42735,1920099945.0683594
2011-06-17 12:17:00,1.42735,1.42778,1.42733,1.42761,2415899963.3789062
2011-06-17 12:18:00,1.42765,1.42767,1.4275,1.4275,1674100036.6210938
2011-06-17 12:19:00,1.42748,1.42748,1.42717,1.42721,2183200073.2421875
2011-06-17 12:20:00,1.42721,1.42751,1.42707,1.42707,2681499938.9648438
2011-06-17 12:21:00,1.42702,1.42712,1.42695,1.42707,2523399963.3789062
2011-06-17 12:22:00,1.42707,1.42709,1.4269,1.42693,1533300018.3105469
2011-06-17 12:23:00,1.42694,1.42694,1.4262,1.42631,3191700134.2773438
2011-06-17 12:24:00,1.42631,1.42631,1.4258,1.42595,1978500061.0351562
2011-06-17 12:25:00,1.42597,1.42602,1.42551,1.42575,2336600036.6210938
2011-06-17 12:26:00,1.42577,1.4259,1.42566,1.42578,2777699890.1367188
2011-06-17 12:27:00,1.42578,1.42584,1.42573,1.42582,1985700073.2421875
2011-06-17 12:28:00,1.42582,1.42636,1.42582,1.42634,4039599914.5507812
2011-06-17 12:29:00,1.42635,1.42638,1.42614,1.42629,2414100036.6210938
2011-06-17 12:30:00,1.42629,1.42647,1.42591,1.42595,3039500122.0703125
2011-06-17 12:31:00,1.42595,1.42596,1.42531,1.42532,3433699951.171875
2011-06-17 12:32:00,1.42533,1.4255,1.42515,1.42543,2693900146.484375
2011-06-17 12:33:00,1.42542,1.42573,1.42538,1.42562,2629100036.6210938
2011-06-17 12:34:00,1.42561,1.42638,1.42548,1.42637,2856099853.515625
2011-06-17 12:35:00,1.42637,1.42676,1.42634,1.42676,2096000061.0351562
2011-06-17 12:36:00,1.42679,1.42679,1.42632,1.42646,1917100067.1386719
2011-06-17 12:37:00,1.42647,1.42654,1.4263,1.42652,1842500000.0
2011-06-17 12:38:00,1.42652,1.42671,1.42651,1.42665,2299199981.689453
2011-06-17 12:39:00,1.42664,1.42667,1.42644,1.4266,2095800018.3105469
2011-06-17 12:40:00,1.42665,1.42687,1.4264,1.42674,3163699951.171875
2011-06-17 12:41:00,1.42676,1.42727,1.42674,1.42708,3166700134.2773438
2011-06-17 12:42:00,1.42712,1.42719,1.427,1.4271,2381699981.689453
2011-06-17 12:43:00,1.42717,1.42739,1.42709,1.42713,2051799926.7578125
2011-06-17 12:44:00,1.42717,1.42739,1.42691,1.42704,2308399963.3789062
2011-06-17 12:45:00,1.42704,1.42719,1.42681,1.42719,1598399963.3789062
2011-06-17 12:46:00,1.42719,1.4276,1.42719,1.42747,2441300048.828125
2011-06-17 12:47:00,1.42745,1.42753,1.42731,1.4274,1393500061.0351562
2011-06-17 12:48:00,1.4274,1.4275,1.42738,1.42743,1686799926.7578125
2011-06-17 12:49:00,1.42742,1.42805,1.42742,1.42796,2974700012.2070312
2011-06-17 12:50:00,1.42796,1.42796,1.42774,1.42789,1409900054.9316406
2011-06-17 12:51:00,1.42789,1.42789,1.42776,1.42782,1506900024.4140625
2011-06-17 12:52:00,1.42782,1.42789,1.42773,1.42779,1436199951.171875
2011-06-17 12:53:00,1.42779,1.42786,1.42747,1.42748,1462500000.0
2011-06-17 12:54:00,1.42747,1.42808,1.42747,1.42793,2786799926.7578125
2011-06-17 12:55:00,1.42792,1.42795,1.4277,1.4277,1817299957.2753906
2011-06-17 12:56:00,1.4277,1.42851,1.42761,1.42842,2960100097.65625
2011-06-17 12:57:00,1.42842,1.42864,1.42839,1.42859,2038899993.8964844
2011-06-17 12:58:00,1.42859,1.42869,1.42841,1.42843,2035000000.0
2011-06-17 12:59:00,1.42848,1.42854,1.42833,1.42849,1731900024.4140625
2011-06-17 13:00:00,1.42848,1.42848,1.42788,1.42788,2393300018.310547
2011-06-17 13:01:00,1.42787,1.42798,1.42761,1.4277,2254400024.4140625
2011-06-17 13:02:00,1.42769,1.42789,1.42764,1.42787,2365500030.517578
2011-06-17 13:03:00,1.42787,1.42817,1.42787,1.42811,1540599975.5859375
2011-06-17 13:04:00,1.4281,1.42828,1.42791,1.42823,2161999969.482422
2011-06-17 13:05:00,1.42822,1.42889,1.42803,1.42881,3637999877.9296875
2011-06-17 13:06:00,1.4288,1.42885,1.42841,1.4288,2476300048.828125
2011-06-17 13:07:00,1.4288,1.42884,1.42827,1.42827,1847899932.8613281
2011-06-17 13:08:00,1.42827,1.42845,1.42819,1.4282,1941100006.1035156
2011-06-17 13:09:00,1.4282,1.42839,1.42781,1.42781,3072500000.0
2011-06-17 13:10:00,1.42779,1.42816,1.42779,1.4281,2470800018.310547
2011-06-17 13:11:00,1.42806,1.42808,1.42771,1.42778,2555800018.310547
2011-06-17 13:12:00,1.42781,1.42788,1.42768,1.42768,1696600036.6210938
2011-06-17 13:13:00,1.42764,1.42771,1.4274,1.42741,2207599945.0683594
2011-06-17 13:14:00,1.42741,1.42771,1.42724,1.42771,2144199981.6894531
2011-06-17 13:15:00,1.42773,1.42792,1.42761,1.42777,2076399993.8964844
2011-06-17 13:16:00,1.42774,1.42782,1.42753,1.42763,1579299926.7578125
2011-06-17 13:17:00,1.42762,1.42781,1.42761,1.4278,1458500061.0351562
2011-06-17 13:18:00,1.42781,1.4279,1.42772,1.4279,1452100067.1386719
2011-06-17 13:19:00,1.42789,1.42798,1.42755,1.42769,2250099945.0683594
2011-06-17 13:20:00,1.4277,1.42825,1.4277,1.42806,2947900085.4492188
2011-06-17 13:21:00,1.42806,1.4282,1.42802,1.42819,2399499969.482422
2011-06-17 13:22:00,1.42817,1.42819,1.42801,1.42803,1872799987.7929688
2011-06-17 13:23:00,1.42804,1.42811,1.42785,1.42789,2519499969.482422
2011-06-17 13:24:00,1.4279,1.42812,1.42782,1.42812,2248899993.8964844
2011-06-17 13:25:00,1.42812,1.42876,1.42807,1.42876,2144400024.4140625
2011-06-17 13:26:00,1.42878,1.4289,1.42859,1.42868,2269600067.138672
2011-06-17 13:27:00,1.42867,1.42889,1.42837,1.42845,2005000000.0
2011-06-17 13:28:00,1.42844,1.42869,1.42821,1.42821,2032700042.7246094
2011-06-17 13:29:00,1.4282,1.42878,1.4281,1.42877,2695599975.5859375
2011-06-17 13:30:00,1.42878,1.42891,1.42841,1.42847,3362600097.65625
2011-06-17 13:31:00,1.42847,1.42861,1.42806,1.42859,2402500000.0
2011-06-17 13:32:00,1.42859,1.4286,1.42841,1.4285,1918000030.5175781
2011-06-17 13:33:00,1.42847,1.42861,1.42829,1.42829,1858000030.5175781
2011-06-17 13:34:00,1.42829,1.42834,1.42775,1.42782,2441499938.9648438
2011-06-17 13:35:00,1.42782,1.428,1.42761,1.42768,2354400024.4140625
2011-06-17 13:36:00,1.42768,1.42775,1.42743,1.42775,2543200073.2421875
2011-06-17 13:37:00,1.42776,1.42827,1.42776,1.4279,2627799987.7929688
2011-06-17 13:38:00,1.42791,1.42819,1.42782,1.42815,1770800018.3105469
2011-06-17 13:39:00,1.42815,1.42819,1.42775,1.42793,2858699951.171875
2011-06-17 13:40:00,1.42792,1.42792,1.427,1.427,2931900024.4140625
2011-06-17 13:41:00,1.427,1.4275,1.42691,1.4275,2125500030.5175781
2011-06-17 13:42:00,1.42751,1.42764,1.42728,1.42761,2298500061.0351562
2011-06-17 13:43:00,1.42761,1.42761,1.427,1.42704,2478000030.517578
2011-06-17 13:44:00,1.42708,1.42748,1.427,1.42742,2532299957.2753906
2011-06-17 13:45:00,1.42746,1.42769,1.42739,1.42769,2652300109.8632812
2011-06-17 13:46:00,1.42769,1.42789,1.42742,1.4275,2490800018.310547
2011-06-17 13:47:00,1.42751,1.42757,1.42697,1.42721,2625499877.9296875
2011-06-17 13:48:00,1.42722,1.42726,1.42684,1.42691,2754200134.2773438
2011-06-17 13:49:00,1.42691,1.42739,1.42691,1.42716,2653599853.515625
2011-06-17 13:50:00,1.42709,1.4274,1.42702,1.42733,3008999938.9648438
2011-06-17 13:51:00,1.42737,1.42757,1.42737,1.42751,2683399963.3789062
2011-06-17 13:52:00,1.42757,1.42779,1.4272,1.42738,3102600097.65625
2011-06-17 13:53:00,1.42738,1.42752,1.42735,1.42742,1683500061.0351562
2011-06-17 13:54:00,1.4274,1.42769,1.4274,1.4275,2038999938.9648438
2011-06-17 13:55:00,1.4275,1.42764,1.42729,1.42732,2738200073.2421875
2011-06-17 13:56:00,1.42733,1.42838,1.4273,1.42838,3051600036.6210938
2011-06-17 13:57:00,1.42839,1.42882,1.42839,1.42861,2979200134.2773438
2011-06-17 13:58:00,1.42861,1.43036,1.42861,1.43036,4140000000.0
2011-06-17 13:59:00,1.43034,1.43093,1.4301,1.43065,4471499938.964844
2011-06-17 14:00:00,1.43066,1.43102,1.43019,1.43102,3933999938.9648438
2011-06-17 14:01:00,1.43108,1.43143,1.43082,1.43086,4454400024.4140625
2011-06-17 14:02:00,1.43087,1.43093,1.43007,1.4301,3662799987.7929688
2011-06-17 14:03:00,1.43009,1.43027,1.42998,1.43012,3622200012.2070312
2011-06-17 14:04:00,1.43012,1.43012,1.42957,1.42969,2871199951.171875
2011-06-17 14:05:00,1.42969,1.42985,1.42962,1.4298,2859899902.34375
2011-06-17 14:06:00,1.42979,1.42986,1.42939,1.42959,2851900024.4140625
2011-06-17 14:07:00,1.42959,1.43011,1.42959,1.42969,3098999938.9648438
2011-06-17 14:08:00,1.42967,1.42967,1.42903,1.42903,3371600036.6210938
2011-06-17 14:09:00,1.42905,1.42929,1.42879,1.42916,3166400146.484375
2011-06-17 14:10:00,1.42915,1.42998,1.42913,1.42998,3272699890.1367188
2011-06-17 14:11:00,1.42999,1.43011,1.42986,1.42991,2924299926.7578125
2011-06-17 14:12:00,1.42991,1.43,1.42954,1.42954,2600899963.3789062
2011-06-17 14:13:00,1.42954,1.42998,1.42954,1.42989,3444700012.2070312
2011-06-17 14:14:00,1.42989,1.42992,1.42927,1.42933,3093599853.515625
2011-06-17 14:15:00,1.42937,1.42999,1.42921,1.42991,3602099914.5507812
2011-06-17 14:16:00,1.42997,1.43001,1.42936,1.42938,3255299987.7929688
2011-06-17 14:17:00,1.42939,1.42939,1.42893,1.42931,3568999938.9648438
2011-06-17 14:18:00,1.42939,1.42963,1.42925,1.42962,2379499969.482422
2011-06-17 14:19:00,1.42963,1.42979,1.42943,1.42946,3488599853.515625
2011-06-17 14:20:00,1.42946,1.42955,1.42889,1.429,2723699951.171875
2011-06-17 14:21:00,1.42902,1.4292,1.4287,1.4287,3359299926.7578125
2011-06-17 14:22:00,1.42869,1.42881,1.4282,1.4282,3718099975.5859375
2011-06-17 14:23:00,1.42819,1.42822,1.42769,1.42771,4768200073.2421875
2011-06-17 14:24:00,1.42771,1.42852,1.42771,1.42837,3545499877.9296875
2011-06-17 14:25:00,1.42838,1.42838,1.42798,1.42804,2695599975.5859375
2011-06-17 14:26:00,1.428,1.42829,1.42778,1.42778,3151099853.515625
2011-06-17 14:27:00,1.42776,1.4278,1.42722,1.42735,4303200073.2421875
2011-06-17 14:28:00,1.42732,1.4275,1.42703,1.4271,3576900024.4140625
2011-06-17 14:29:00,1.4271,1.42751,1.42702,1.42748,3072399902.34375
2011-06-17 14:30:00,1.42748,1.42799,1.42738,1.42799,2584400024.4140625
2011-06-17 14:31:00,1.42799,1.42842,1.42799,1.42833,2733599853.515625
2011-06-17 14:32:00,1.42832,1.42832,1.42798,1.42807,2520099945.0683594
2011-06-17 14:33:00,1.42807,1.42835,1.42804,1.42808,2093500061.0351562
2011-06-17 14:34:00,1.42806,1.42806,1.4277,1.42793,2651900024.4140625
2011-06-17 14:35:00,1.42796,1.42812,1.42765,1.42765,2476100006.1035156
2011-06-17 14:36:00,1.42765,1.42798,1.42742,1.4279,2663900146.484375
2011-06-17 14:37:00,1.4279,1.42839,1.4279,1.42819,3484400024.4140625
2011-06-17 14:38:00,1.42817,1.42906,1.42817,1.42894,3257900085.4492188
2011-06-17 14:39:00,1.42896,1.43002,1.42892,1.42984,4076199951.171875
2011-06-17 14:40:00,1.42987,1.42988,1.42961,1.42961,2926400146.484375
2011-06-17 14:41:00,1.4296,1.42968,1.42935,1.42954,2784599914.5507812
2011-06-17 14:42:00,1.42952,1.42952,1.42926,1.42938,1816300048.828125
2011-06-17 14:43:00,1.42937,1.42966,1.42931,1.42958,2356000061.0351562
2011-06-17 14:44:00,1.42958,1.42967,1.42934,1.42962,2036100006.1035156
2011-06-17 14:45:00,1.42967,1.42968,1.42928,1.42944,1468000030.5175781
2011-06-17 14:46:00,1.42944,1.42979,1.42939,1.42967,1301399993.8964844
2011-06-17 14:47:00,1.42968,1.42999,1.42959,1.42988,2568099975.5859375
2011-06-17 14:48:00,1.42989,1.43013,1.42964,1.42997,2519499969.482422
2011-06-17 14:49:00,1.42994,1.43057,1.42991,1.43056,2363699951.171875
2011-06-17 14:50:00,1.43056,1.43101,1.43045,1.43084,3235100097.65625
2011-06-17 14:51:00,1.43083,1.43083,1.4302,1.43024,2762600097.65625
2011-06-17 14:52:00,1.43024,1.43086,1.43024,1.43058,2845299987.7929688
2011-06-17 14:53:00,1.43058,1.43058,1.43017,1.4302,2616600036.6210938
2011-06-17 14:54:00,1.43019,1.43042,1.43012,1.43028,2579700012.2070312
2011-06-17 14:55:00,1.43029,1.43099,1.43029,1.43069,2765700073.2421875
2011-06-17 14:56:00,1.43071,1.43095,1.43067,1.43082,2433300018.310547
2011-06-17 14:57:00,1.43082,1.43093,1.4302,1.43037,2600100097.65625
2011-06-17 14:58:00,1.43037,1.43055,1.4302,1.4303,2826400146.484375
2011-06-17 14:59:00,1.4303,1.431,1.4303,1.43077,3447099914.5507812
2011-06-17 15:00:00,1.43078,1.43084,1.43023,1.43035,3248900146.484375
2011-06-17 15:01:00,1.43035,1.43038,1.42987,1.42989,2192100067.138672
2011-06-17 15:02:00,1.42989,1.42993,1.4289,1.42941,2984700012.2070312
2011-06-17 15:03:00,1.42942,1.42966,1.42933,1.42933,1879700012.2070312
2011-06-17 15:04:00,1.42935,1.42935,1.42896,1.4291,2913500061.0351562
2011-06-17 15:05:00,1.42911,1.42977,1.4291,1.42964,3216300048.828125
2011-06-17 15:06:00,1.42964,1.42969,1.42932,1.42954,2061000061.0351562
2011-06-17 15:07:00,1.42952,1.42968,1.42931,1.42968,2169400024.4140625
2011-06-17 15:08:00,1.4297,1.42995,1.4297,1.42989,2626300048.828125
2011-06-17 15:09:00,1.42988,1.43039,1.42962,1.4303,2371399993.8964844
2011-06-17 15:10:00,1.43029,1.43078,1.43028,1.43077,3541700134.2773438
2011-06-17 15:11:00,1.43076,1.43118,1.43074,1.43106,2997999877.9296875
2011-06-17 15:12:00,1.43106,1.43197,1.43106,1.43197,4091400146.484375
2011-06-17 15:13:00,1.43198,1.43213,1.43174,1.43187,3686600036.6210938
2011-06-17 15:14:00,1.43187,1.43187,1.43164,1.43167,2263600006.1035156
2011-06-17 15:15:00,1.43167,1.43167,1.43131,1.43154,2198000030.517578
2011-06-17 15:16:00,1.43154,1.43154,1.4312,1.4312,1830399932.8613281
2011-06-17 15:17:00,1.43119,1.43166,1.43113,1.43147,2702600097.65625
2011-06-17 15:18:00,1.43148,1.43266,1.43148,1.43232,3930700073.2421875
2011-06-17 15:19:00,1.43232,1.43389,1.43232,1.43328,4374800109.863281
2011-06-17 15:20:00,1.43323,1.4335,1.43304,1.43305,2800899963.3789062
2011-06-17 15:21:00,1.43305,1.43307,1.43271,1.43274,2868399963.3789062
2011-06-17 15:22:00,1.43275,1.43279,1.43251,1.4326,2363200073.2421875
2011-06-17 15:23:00,1.4326,1.43328,1.43251,1.43301,2841799926.7578125
2011-06-17 15:24:00,1.43299,1.43299,1.43245,1.43258,2646900024.4140625
2011-06-17 15:25:00,1.43257,1.43265,1.43243,1.43249,1584299926.7578125
2011-06-17 15:26:00,1.43249,1.43249,1.43227,1.43235,1460800018.3105469
2011-06-17 15:27:00,1.43234,1.43286,1.4323,1.43286,1422100067.1386719
2011-06-17 15:28:00,1.43283,1.43283,1.43254,1.43267,1586699981.6894531
2011-06-17 15:29:00,1.43267,1.4328,1.43247,1.43266,2175200042.7246094
2011-06-17 15:30:00,1.43266,1.43268,1.43251,1.43251,1967799987.7929688
2011-06-17 15:31:00,1.43251,1.43251,1.43204,1.43204,1785399932.8613281
2011-06-17 15:32:00,1.43204,1.43204,1.43084,1.43087,3053999938.9648438
2011-06-17 15:33:00,1.43089,1.43171,1.43082,1.43161,2630599975.5859375
2011-06-17 15:34:00,1.43164,1.43169,1.43137,1.43139,1355599975.5859375
2011-06-17 15:35:00,1.4314,1.43179,1.43131,1.43131,1783300018.3105469
2011-06-17 15:36:00,1.43131,1.43168,1.43106,1.4311,2180200042.7246094
2011-06-17 15:37:00,1.43109,1.43148,1.4309,1.43125,2379600067.138672
2011-06-17 15:38:00,1.43128,1.43139,1.43103,1.43111,2076499938.9648438
2011-06-17 15:39:00,1.43111,1.43111,1.43075,1.43077,1521499938.9648438
2011-06-17 15:40:00,1.43076,1.43146,1.43076,1.43127,2383999938.9648438
2011-06-17 15:41:00,1.43129,1.43192,1.43118,1.43192,1715200042.7246094
2011-06-17 15:42:00,1.43193,1.43201,1.43158,1.43165,2313000030.517578
2011-06-17 15:43:00,1.43166,1.43181,1.43138,1.43181,1290000000.0
2011-06-17 15:44:00,1.43181,1.43239,1.43181,1.43235,2531699981.689453
2011-06-17 15:45:00,1.43239,1.43261,1.43231,1.43238,1508399963.3789062
2011-06-17 15:46:00,1.43238,1.43238,1.43201,1.43208,1384100036.6210938
2011-06-17 15:47:00,1.43208,1.43215,1.432,1.43202,1030400009.1552734
2011-06-17 15:48:00,1.43202,1.43207,1.43202,1.43205,668399963.3789062
2011-06-17 15:49:00,1.43205,1.43257,1.43204,1.43255,1630800018.3105469
2011-06-17 15:50:00,1.43253,1.43263,1.43233,1.43236,1432700042.7246094
2011-06-17 15:51:00,1.43235,1.43236,1.43199,1.432,1151399993.8964844
2011-06-17 15:52:00,1.43203,1.43241,1.43202,1.43241,2360099945.0683594
2011-06-17 15:53:00,1.43239,1.43259,1.43214,1.43215,2334900054.9316406
2011-06-17 15:54:00,1.43215,1.43233,1.43203,1.43228,1206100006.1035156
2011-06-17 15:55:00,1.43224,1.43229,1.43205,1.43209,1202300033.569336
2011-06-17 15:56:00,1.43209,1.4321,1.43179,1.43209,2477100067.138672
2011-06-17 15:57:00,1.43209,1.43229,1.43192,1.4321,1731100006.1035156
2011-06-17 15:58:00,1.43211,1.43247,1.43201,1.43247,1441399993.8964844
2011-06-17 15:59:00,1.43247,1.43253,1.43228,1.43245,2063000030.5175781
2011-06-17 16:00:00,1.43245,1.43249,1.4323,1.43239,1412700042.7246094
2011-06-17 16:01:00,1.43239,1.43241,1.43214,1.4322,1318399963.3789062
2011-06-17 16:02:00,1.43218,1.43237,1.43211,1.43237,1718099975.5859375
2011-06-17 16:03:00,1.43233,1.43251,1.43233,1.43251,1161299972.5341797
2011-06-17 16:04:00,1.43251,1.43252,1.43223,1.43242,1369499969.4824219
2011-06-17 16:05:00,1.43242,1.4326,1.43229,1.4325,1575800018.3105469
2011-06-17 16:06:00,1.43249,1.4325,1.43225,1.43232,1633300018.3105469
2011-06-17 16:07:00,1.43232,1.43274,1.43231,1.4327,1412500000.0
2011-06-17 16:08:00,1.43269,1.43308,1.4325,1.43308,1900000000.0
2011-06-17 16:09:00,1.43309,1.43319,1.4328,1.43288,1910299987.7929688
2011-06-17 16:10:00,1.43286,1.43286,1.43254,1.43267,1182300033.569336
2011-06-17 16:11:00,1.43267,1.43267,1.43247,1.43252,869199981.6894531
2011-06-17 16:12:00,1.4325,1.43267,1.4323,1.43258,1572400054.9316406
2011-06-17 16:13:00,1.43258,1.43301,1.4325,1.43291,1347899932.8613281
2011-06-17 16:14:00,1.4329,1.4329,1.43276,1.43276,963899993.8964844
2011-06-17 16:15:00,1.43275,1.43299,1.43271,1.43291,1071999969.4824219
2011-06-17 16:16:00,1.43289,1.43292,1.43277,1.43281,1546100006.1035156
2011-06-17 16:17:00,1.43281,1.4332,1.43281,1.43309,1423099975.5859375
2011-06-17 16:18:00,1.43309,1.43313,1.43298,1.43311,1226500015.258789
2011-06-17 16:19:00,1.43311,1.43321,1.43299,1.43301,1184599990.8447266
2011-06-17 16:20:00,1.43301,1.43301,1.4325,1.4329,2386100006.1035156
2011-06-17 16:21:00,1.43291,1.43291,1.43251,1.43266,2201600036.6210938
2011-06-17 16:22:00,1.43267,1.43267,1.43225,1.43244,1977899932.8613281
2011-06-17 16:23:00,1.43244,1.43248,1.4315,1.43152,2439700012.2070312
2011-06-17 16:24:00,1.43152,1.43175,1.43122,1.43135,2806799926.7578125
2011-06-17 16:25:00,1.43144,1.43153,1.43123,1.43132,2034799957.2753906
2011-06-17 16:26:00,1.4313,1.43142,1.43128,1.4314,1649900054.9316406
2011-06-17 16:27:00,1.43143,1.43183,1.43138,1.43183,2037299957.2753906
2011-06-17 16:28:00,1.4318,1.43211,1.43161,1.43161,1882700042.7246094
2011-06-17 16:29:00,1.43161,1.4321,1.43154,1.43205,2198399963.3789062
2011-06-17 16:30:00,1.43203,1.43205,1.43177,1.43183,1666000061.0351562
2011-06-17 16:31:00,1.43183,1.43185,1.43139,1.43141,1962299957.2753906
2011-06-17 16:32:00,1.4314,1.43151,1.43111,1.43128,2271000061.0351562
2011-06-17 16:33:00,1.43126,1.43152,1.43108,1.43108,1367100067.1386719
2011-06-17 16:34:00,1.43109,1.43109,1.43056,1.43058,1556699981.6894531
2011-06-17 16:35:00,1.43058,1.43072,1.43044,1.43068,1606000061.0351562
2011-06-17 16:36:00,1.4307,1.43127,1.43061,1.43127,2086600036.6210938
2011-06-17 16:37:00,1.43127,1.43163,1.43112,1.43153,2229199981.689453
2011-06-17 16:38:00,1.43146,1.43152,1.43137,1.43139,994100036.6210938
2011-06-17 16:39:00,1.43139,1.4314,1.43097,1.43119,1491499938.9648438
2011-06-17 16:40:00,1.4312,1.43145,1.43109,1.4311,1553500061.0351562
2011-06-17 16:41:00,1.4311,1.4312,1.43097,1.43105,949700012.2070312
2011-06-17 16:42:00,1.43104,1.43104,1.43061,1.43081,2500599975.5859375
2011-06-17 16:43:00,1.4308,1.43089,1.43066,1.43066,1336699981.6894531
2011-06-17 16:44:00,1.43065,1.43091,1.43059,1.43091,1400000000.0
2011-06-17 16:45:00,1.43089,1.43089,1.4306,1.43069,1685299987.7929688
2011-06-17 16:46:00,1.4307,1.4311,1.4307,1.43092,2205500030.517578
2011-06-17 16:47:00,1.43093,1.43114,1.43087,1.43101,1570700073.2421875
2011-06-17 16:48:00,1.43101,1.43109,1.43095,1.43098,1127300033.569336
2011-06-17 16:49:00,1.43096,1.43099,1.4308,1.43089,1403500061.0351562
2011-06-17 16:50:00,1.43088,1.43088,1.43065,1.43084,1684199981.6894531
2011-06-17 16:51:00,1.43086,1.4309,1.43,1.43008,2200899963.3789062
2011-06-17 16:52:00,1.43008,1.43021,1.42985,1.42985,1952700042.7246094
2011-06-17 16:53:00,1.42981,1.42983,1.42938,1.42959,2701000061.0351562
2011-06-17 16:54:00,1.42961,1.42961,1.42935,1.42947,1692400054.9316406
2011-06-17 16:55:00,1.42945,1.42959,1.42941,1.42954,1772500000.0
2011-06-17 16:56:00,1.42954,1.42969,1.42949,1.42969,1586000061.0351562
2011-06-17 16:57:00,1.42969,1.42989,1.42968,1.42982,1350399932.8613281
2011-06-17 16:58:00,1.42981,1.42981,1.42941,1.42955,2490899963.3789062
2011-06-17 16:59:00,1.42958,1.42961,1.4293,1.42933,2746000061.0351562
2011-06-17 17:00:00,1.42939,1.43018,1.42923,1.43014,2520299987.7929688
2011-06-17 17:01:00,1.43014,1.43031,1.43005,1.43007,1271999969.4824219
2011-06-17 17:02:00,1.43007,1.43012,1.42999,1.43003,1086600036.6210938
2011-06-17 17:03:00,1.43003,1.43021,1.43001,1.43007,1373999938.9648438
2011-06-17 17:04:00,1.43004,1.43004,1.42959,1.42966,1374799957.2753906
2011-06-17 17:05:00,1.42963,1.42963,1.42927,1.42927,1031999969.4824219
2011-06-17 17:06:00,1.42927,1.42929,1.42891,1.42893,1930700073.2421875
2011-06-17 17:07:00,1.42895,1.42936,1.42895,1.42935,1692799987.7929688
2011-06-17 17:08:00,1.42937,1.42962,1.42919,1.4292,1273700027.4658203
2011-06-17 17:09:00,1.4292,1.4295,1.4292,1.42929,1543500061.0351562
2011-06-17 17:10:00,1.4293,1.42953,1.42923,1.42953,1740000000.0
2011-06-17 17:11:00,1.42953,1.42963,1.42938,1.42963,1873600006.1035156
2011-06-17 17:12:00,1.42962,1.42962,1.42935,1.42941,1316999969.4824219
2011-06-17 17:13:00,1.42941,1.42958,1.42917,1.42917,1770800018.3105469
2011-06-17 17:14:00,1.42918,1.42925,1.42901,1.42916,2308699951.171875
2011-06-17 17:15:00,1.42913,1.42913,1.42885,1.42903,1424499969.4824219
2011-06-17 17:16:00,1.42905,1.42908,1.42892,1.42892,1690899963.3789062
2011-06-17 17:17:00,1.42892,1.42892,1.42852,1.42861,2200099945.0683594
2011-06-17 17:18:00,1.42862,1.42879,1.42839,1.42879,1579799957.2753906
2011-06-17 17:19:00,1.42878,1.42902,1.42857,1.42868,1786199951.171875
2011-06-17 17:20:00,1.42869,1.42876,1.42836,1.42836,1753500061.0351562
2011-06-17 17:21:00,1.42834,1.42862,1.4283,1.42859,1520299987.7929688
2011-06-17 17:22:00,1.42859,1.42871,1.42854,1.42856,1891699981.6894531
2011-06-17 17:23:00,1.42857,1.42859,1.4284,1.42849,1039400024.4140625
2011-06-17 17:24:00,1.42857,1.42865,1.42803,1.42803,1518399963.3789062
2011-06-17 17:25:00,1.42802,1.42807,1.42778,1.42803,1732400054.9316406
2011-06-17 17:26:00,1.42803,1.42861,1.42803,1.42847,2370599975.5859375
2011-06-17 17:27:00,1.4285,1.4285,1.42845,1.42847,669899978.6376953
2011-06-17 17:28:00,1.42844,1.42879,1.42844,1.42874,2236000061.0351562
2011-06-17 17:29:00,1.42873,1.42874,1.42846,1.42856,1721300048.828125
2011-06-17 17:30:00,1.42858,1.42887,1.42853,1.4288,1841300048.828125
2011-06-17 17:31:00,1.4288,1.42898,1.42875,1.42882,1747500000.0
2011-06-17 17:32:00,1.42875,1.42954,1.42864,1.42947,2959299926.7578125
2011-06-17 17:33:00,1.42942,1.42947,1.42908,1.42942,1666499938.9648438
2011-06-17 17:34:00,1.42942,1.42943,1.42922,1.42922,974300003.0517578
2011-06-17 17:35:00,1.42915,1.42931,1.42909,1.42925,1740700073.2421875
2011-06-17 17:36:00,1.42927,1.42929,1.42885,1.42905,1344900054.9316406
2011-06-17 17:37:00,1.42907,1.42922,1.42907,1.42922,1064800033.5693359
2011-06-17 17:38:00,1.42929,1.42931,1.42927,1.42928,1005100021.3623047
2011-06-17 17:39:00,1.42928,1.42945,1.42925,1.42945,855000000.0
2011-06-17 17:40:00,1.42946,1.42946,1.42928,1.42932,945000000.0
2011-06-17 17:41:00,1.42932,1.42935,1.42923,1.42931,549799995.4223633
2011-06-17 17:42:00,1.42929,1.42932,1.42911,1.42915,1210500030.5175781
2011-06-17 17:43:00,1.42915,1.42931,1.42909,1.42921,1377100067.1386719
2011-06-17 17:44:00,1.42921,1.42931,1.42911,1.42915,961500015.2587891
2011-06-17 17:45:00,1.42911,1.42911,1.42873,1.4288,1226299972.5341797
2011-06-17 17:46:00,1.4288,1.42887,1.42873,1.42881,1341799926.7578125
2011-06-17 17:47:00,1.4288,1.4288,1.4284,1.42874,1835299987.7929688
2011-06-17 17:48:00,1.42875,1.42878,1.42827,1.42836,1576999969.4824219
2011-06-17 17:49:00,1.42837,1.42919,1.42837,1.42918,1707700042.7246094
2011-06-17 17:50:00,1.42919,1.42921,1.42871,1.42883,2034799957.2753906
2011-06-17 17:51:00,1.42884,1.42886,1.42866,1.4287,1756600036.6210938
2011-06-17 17:52:00,1.42869,1.42909,1.42867,1.42884,1860800018.3105469
2011-06-17 17:53:00,1.42885,1.42906,1.4288,1.42889,2279799957.2753906
2011-06-17 17:54:00,1.4289,1.4291,1.4289,1.4291,1492500000.0
2011-06-17 17:55:00,1.42911,1.42921,1.4291,1.4292,1315200042.7246094
2011-06-17 17:56:00,1.42921,1.42922,1.42907,1.42912,1225500030.5175781
2011-06-17 17:57:00,1.42913,1.42913,1.42886,1.42899,1413300018.3105469
2011-06-17 17:58:00,1.42898,1.4295,1.4289,1.4295,1714499969.4824219
2011-06-17 17:59:00,1.42949,1.42973,1.4294,1.42957,1830200042.7246094
2011-06-17 18:00:00,1.42955,1.42955,1.4293,1.4295,1291499938.9648438
2011-06-17 18:01:00,1.42952,1.42971,1.42946,1.42953,1720299987.7929688
2011-06-17 18:02:00,1.42952,1.42953,1.4293,1.42944,1239199981.6894531
2011-06-17 18:03:00,1.42945,1.42945,1.42933,1.42937,1196399993.8964844
2011-06-17 18:04:00,1.42935,1.42943,1.42923,1.42939,1296999969.4824219
2011-06-17 18:05:00,1.42939,1.43013,1.42937,1.43012,2210000000.0
2011-06-17 18:06:00,1.43011,1.43017,1.42998,1.43011,1442100067.1386719
2011-06-17 18:07:00,1.43012,1.43035,1.42996,1.42996,3096199951.171875
2011-06-17 18:08:00,1.42994,1.42994,1.42936,1.42939,2432299957.2753906
2011-06-17 18:09:00,1.42939,1.42951,1.42932,1.4294,1209000015.258789
2011-06-17 18:10:00,1.4294,1.42959,1.42934,1.42938,1646499938.9648438
2011-06-17 18:11:00,1.42938,1.42938,1.42909,1.42909,1467100067.1386719
2011-06-17 18:12:00,1.42909,1.42914,1.42868,1.4291,2163899993.8964844
2011-06-17 18:13:00,1.42907,1.42907,1.42891,1.42892,760599975.5859375
2011-06-17 18:14:00,1.42892,1.42946,1.42892,1.42946,1561600036.6210938
2011-06-17 18:15:00,1.42952,1.42976,1.42945,1.42965,2489799957.2753906
2011-06-17 18:16:00,1.42966,1.42989,1.4296,1.4296,2952099914.5507812
2011-06-17 18:17:00,1.42959,1.42982,1.42951,1.42981,2986300048.828125
2011-06-17 18:18:00,1.42981,1.43059,1.42979,1.43059,4466000061.035156
2011-06-17 18:19:00,1.4306,1.43087,1.43019,1.43019,3417699890.1367188
2011-06-17 18:20:00,1.43018,1.43064,1.43018,1.43064,1326000061.0351562
2011-06-17 18:21:00,1.43064,1.43097,1.43054,1.4308,1293000030.5175781
2011-06-17 18:22:00,1.4308,1.43083,1.43046,1.43062,1869799957.2753906
2011-06-17 18:23:00,1.43062,1.43078,1.43047,1.43061,2100500030.5175781
2011-06-17 18:24:00,1.43061,1.43068,1.4305,1.43064,1642100067.1386719
2011-06-17 18:25:00,1.43065,1.43085,1.43051,1.43054,2122500000.0
2011-06-17 18:26:00,1.43054,1.4307,1.43051,1.4307,1103799972.5341797
2011-06-17 18:27:00,1.4307,1.43153,1.43065,1.43152,1653200073.2421875
2011-06-17 18:28:00,1.43152,1.43218,1.43147,1.43189,2899100036.6210938
2011-06-17 18:29:00,1.43187,1.43254,1.43165,1.43241,2190899963.3789062
2011-06-17 18:30:00,1.4324,1.4324,1.4315,1.4315,3224899902.34375
2011-06-17 18:31:00,1.4315,1.43152,1.43127,1.43129,1056100006.1035156
2011-06-17 18:32:00,1.43128,1.43142,1.43092,1.43142,2460899963.3789062
2011-06-17 18:33:00,1.43142,1.43142,1.43095,1.43106,1598800048.828125
2011-06-17 18:34:00,1.43106,1.43109,1.43095,1.43108,1038899993.8964844
2011-06-17 18:35:00,1.43109,1.43111,1.43105,1.43108,1146200027.4658203
2011-06-17 18:36:00,1.43106,1.43106,1.43079,1.43079,1491000061.0351562
2011-06-17 18:37:00,1.43079,1.43085,1.4305,1.43084,911100006.1035156
2011-06-17 18:38:00,1.43089,1.43132,1.43089,1.43092,1686900024.4140625
2011-06-17 18:39:00,1.43091,1.43121,1.43076,1.4312,1081500015.258789
2011-06-17 18:40:00,1.43119,1.4312,1.43069,1.4307,1638000030.5175781
2011-06-17 18:41:00,1.43071,1.43112,1.43071,1.43101,1432500000.0
2011-06-17 18:42:00,1.43101,1.43114,1.4308,1.43088,1598600006.1035156
2011-06-17 18:43:00,1.43088,1.43104,1.43075,1.43088,1857400054.9316406
2011-06-17 18:44:00,1.43087,1.43096,1.43079,1.43084,1443099975.5859375
2011-06-17 18:45:00,1.43084,1.43086,1.43051,1.43055,1619400024.4140625
2011-06-17 18:46:00,1.43054,1.43093,1.43043,1.43093,1224400024.4140625
2011-06-17 18:47:00,1.43093,1.43099,1.4307,1.43071,1525700073.2421875
2011-06-17 18:48:00,1.43071,1.43091,1.43047,1.43047,1416000061.0351562
2011-06-17 18:49:00,1.43046,1.43072,1.43037,1.43055,1767400054.9316406
2011-06-17 18:50:00,1.43056,1.43063,1.43031,1.43031,1278600006.1035156
2011-06-17 18:51:00,1.4303,1.43129,1.4303,1.43129,1846900024.4140625
2011-06-17 18:52:00,1.43131,1.43145,1.43118,1.43142,1801300048.828125
2011-06-17 18:53:00,1.4314,1.43153,1.4314,1.43149,1249300003.0517578
2011-06-17 18:54:00,1.43149,1.43183,1.43149,1.43175,1695399932.8613281
2011-06-17 18:55:00,1.43178,1.43181,1.43161,1.43173,954100036.6210938
2011-06-17 18:56:00,1.43171,1.43172,1.43151,1.43162,1444799957.2753906
2011-06-17 18:57:00,1.43161,1.43172,1.4316,1.43166,691500015.2587891
2011-06-17 18:58:00,1.43166,1.43166,1.43144,1.43145,1872799987.7929688
2011-06-17 18:59:00,1.43146,1.43151,1.43132,1.43143,2292899932.861328
2011-06-17 19:00:00,1.43142,1.43151,1.43132,1.43145,1671799926.7578125
2011-06-17 19:01:00,1.43145,1.43146,1.43128,1.43128,825500030.5175781
2011-06-17 19:02:00,1.43128,1.43128,1.43101,1.43101,1299199981.6894531
2011-06-17 19:03:00,1.43101,1.43107,1.43098,1.43101,1048300018.3105469
2011-06-17 19:04:00,1.43102,1.43126,1.43094,1.43126,1271200027.4658203
2011-06-17 19:05:00,1.43127,1.43161,1.43127,1.43142,1377899932.8613281
2011-06-17 19:06:00,1.43142,1.43218,1.43142,1.43218,1645800018.3105469
2011-06-17 19:07:00,1.43218,1.43218,1.43147,1.43173,1676300048.828125
2011-06-17 19:08:00,1.43176,1.43188,1.43176,1.43186,616500015.2587891
2011-06-17 19:09:00,1.43185,1.43185,1.43164,1.43166,962300033.5693359
2011-06-17 19:10:00,1.43166,1.43166,1.43143,1.43143,507900009.15527344
2011-06-17 19:11:00,1.43143,1.43172,1.43143,1.43172,1175999984.741211
2011-06-17 19:12:00,1.43171,1.43193,1.43162,1.43171,2083000030.5175781
2011-06-17 19:13:00,1.43171,1.43171,1.43135,1.43147,1666100006.1035156
2011-06-17 19:14:00,1.43149,1.43151,1.43108,1.43133,1543600006.1035156
2011-06-17 19:15:00,1.43131,1.43141,1.42978,1.43003,3642099914.5507812
2011-06-17 19:16:00,1.43,1.43,1.42854,1.42869,3598500061.0351562
2011-06-17 19:17:00,1.4287,1.4287,1.42793,1.4286,2987000122.0703125
2011-06-17 19:18:00,1.4286,1.42879,1.4279,1.42802,2568099975.5859375
2011-06-17 19:19:00,1.42799,1.42803,1.42772,1.42774,2370099945.0683594
2011-06-17 19:20:00,1.42774,1.42831,1.42774,1.42811,2245500030.517578
2011-06-17 19:21:00,1.42811,1.42842,1.42811,1.4283,1937899932.8613281
2011-06-17 19:22:00,1.42832,1.42855,1.42832,1.42852,1955200042.7246094
2011-06-17 19:23:00,1.42855,1.42903,1.42852,1.42903,1401100006.1035156
2011-06-17 19:24:00,1.42902,1.42939,1.42875,1.42939,2305000000.0
2011-06-17 19:25:00,1.42941,1.42941,1.42881,1.42903,2190299987.7929688
2011-06-17 19:26:00,1.42903,1.42917,1.42871,1.42917,1314400024.4140625
2011-06-17 19:27:00,1.42918,1.42921,1.42889,1.42893,480000000.0
2011-06-17 19:28:00,1.42889,1.42889,1.4287,1.42876,1172600021.3623047
2011-06-17 19:29:00,1.42875,1.42893,1.42873,1.42876,1500000000.0
2011-06-17 19:30:00,1.42876,1.4289,1.42873,1.42886,444000015.25878906
2011-06-17 19:31:00,1.42888,1.42889,1.42882,1.42884,364500007.62939453
2011-06-17 19:32:00,1.42884,1.42904,1.42882,1.42896,977600021.3623047
2011-06-17 19:33:00,1.42895,1.42895,1.42873,1.42891,639799995.4223633
2011-06-17 19:34:00,1.4289,1.42895,1.42877,1.42878,666900024.4140625
2011-06-17 19:35:00,1.42877,1.42877,1.42847,1.42861,1308300018.3105469
2011-06-17 19:36:00,1.42863,1.42889,1.42832,1.42889,1556900024.4140625
2011-06-17 19:37:00,1.42891,1.42899,1.4286,1.4286,1131800003.0517578
2011-06-17 19:38:00,1.4286,1.42894,1.4286,1.42879,583499984.7412109
2011-06-17 19:39:00,1.42876,1.42907,1.42874,1.42877,1087500000.0
2011-06-17 19:40:00,1.42876,1.42877,1.42862,1.42867,787600021.3623047
2011-06-17 19:41:00,1.42868,1.42902,1.42868,1.42888,1295299987.7929688
2011-06-17 19:42:00,1.42889,1.42942,1.42885,1.42937,1408600006.1035156
2011-06-17 19:43:00,1.42937,1.42953,1.42932,1.42951,1156999969.4824219
2011-06-17 19:44:00,1.42951,1.42953,1.42921,1.42921,1593800048.828125
2011-06-17 19:45:00,1.42921,1.42974,1.42899,1.42974,1716600036.6210938
2011-06-17 19:46:00,1.42977,1.43058,1.42977,1.43051,2008500061.0351562
2011-06-17 19:47:00,1.43052,1.43055,1.42992,1.43011,1293899993.8964844
2011-06-17 19:48:00,1.43012,1.43027,1.42992,1.43008,1313800048.828125
2011-06-17 19:49:00,1.43006,1.43051,1.43005,1.43051,1408099975.5859375
2011-06-17 19:50:00,1.43052,1.43069,1.43039,1.43054,1277399978.6376953
2011-06-17 19:51:00,1.43054,1.43068,1.43043,1.43054,1400099945.0683594
2011-06-17 19:52:00,1.43059,1.4306,1.43044,1.43056,903300018.3105469
2011-06-17 19:53:00,1.43056,1.43081,1.43056,1.43077,865899963.3789062
2011-06-17 19:54:00,1.43077,1.43105,1.43064,1.43105,1391199951.171875
2011-06-17 19:55:00,1.43106,1.43114,1.43085,1.43101,2199799957.2753906
2011-06-17 19:56:00,1.43101,1.43103,1.43046,1.43046,1747500000.0
2011-06-17 19:57:00,1.43046,1.43073,1.43045,1.43065,1870399932.8613281
2011-06-17 19:58:00,1.43066,1.43093,1.43066,1.43077,1170000000.0
2011-06-17 19:59:00,1.43079,1.43099,1.43057,1.43063,1755599975.5859375
2011-06-17 20:00:00,1.43063,1.43069,1.43027,1.43035,1766100006.1035156
2011-06-17 20:01:00,1.43038,1.43039,1.4301,1.43012,1076299972.5341797
2011-06-17 20:02:00,1.43015,1.43015,1.42997,1.43001,693799972.5341797
2011-06-17 20:03:00,1.43,1.43016,1.43,1.4301,594000015.2587891
2011-06-17 20:04:00,1.4301,1.43053,1.43007,1.43053,1100299987.7929688
2011-06-17 20:05:00,1.43055,1.43061,1.43022,1.43023,692300033.5693359
2011-06-17 20:06:00,1.43022,1.43022,1.43011,1.43012,448499984.74121094
2011-06-17 20:07:00,1.43012,1.43016,1.43008,1.43016,545999984.7412109
2011-06-17 20:08:00,1.43016,1.43016,1.42989,1.42989,967600021.3623047
2011-06-17 20:09:00,1.42987,1.42999,1.42979,1.42994,738799972.5341797
2011-06-17 20:10:00,1.42999,1.43009,1.42999,1.43005,490499992.37060547
2011-06-17 20:11:00,1.43004,1.43006,1.43,1.43001,502500000.0
2011-06-17 20:12:00,1.43001,1.43011,1.43,1.43011,435000000.0
2011-06-17 20:13:00,1.43013,1.43031,1.43012,1.43029,570000000.0
2011-06-17 20:14:00,1.43025,1.4306,1.43024,1.43043,768000030.5175781
2011-06-17 20:15:00,1.43043,1.43071,1.43043,1.43067,806299972.5341797
2011-06-17 20:16:00,1.43074,1.43074,1.43063,1.4307,320999984.74121094
2011-06-17 20:17:00,1.4307,1.43071,1.43057,1.43057,402000007.62939453
2011-06-17 20:18:00,1.43055,1.43056,1.4305,1.43051,397500000.0
2011-06-17 20:19:00,1.4305,1.4305,1.43041,1.43049,339099998.4741211
2011-06-17 20:20:00,1.43045,1.43049,1.43042,1.43044,212900009.15527344
2011-06-17 20:21:00,1.43044,1.43057,1.43044,1.43053,276800003.0517578
2011-06-17 20:22:00,1.43047,1.43052,1.43045,1.43049,330000000.0
2011-06-17 20:23:00,1.43047,1.43047,1.43041,1.43043,225000000.0
2011-06-17 20:24:00,1.43043,1.43046,1.43043,1.43046,120000000.0
2011-06-17 20:25:00,1.43046,1.43046,1.43019,1.43023,490900001.5258789
2011-06-17 20:26:00,1.43022,1.43023,1.43002,1.43004,555000000.0
2011-06-17 20:27:00,1.43005,1.43018,1.42989,1.42991,724100036.6210938
2011-06-17 20:28:00,1.42991,1.43009,1.42991,1.43009,330000000.0
2011-06-17 20:29:00,1.43006,1.43058,1.43006,1.43051,712500000.0
2011-06-17 20:30:00,1.43051,1.43051,1.4304,1.4304,667600021.3623047
2011-06-17 20:31:00,1.43037,1.43039,1.43023,1.43029,546800003.0517578
2011-06-17 20:32:00,1.43029,1.43029,1.43005,1.43012,483800010.68115234
2011-06-17 20:33:00,1.43013,1.43025,1.4301,1.43017,468899993.8964844
2011-06-17 20:34:00,1.4302,1.43031,1.4302,1.43031,266299991.60766602
2011-06-17 20:35:00,1.43031,1.43031,1.43019,1.43022,382500000.0
2011-06-17 20:36:00,1.43028,1.43059,1.43025,1.43056,873899993.8964844
2011-06-17 20:37:00,1.43057,1.43057,1.43034,1.4304,637099990.8447266
2011-06-17 20:38:00,1.43039,1.43039,1.43001,1.43019,976200027.4658203
2011-06-17 20:39:00,1.43021,1.43031,1.43012,1.43031,390000000.0
2011-06-17 20:40:00,1.43031,1.43033,1.43019,1.43033,529000015.25878906
2011-06-17 20:41:00,1.43033,1.43035,1.43019,1.43034,562700004.5776367
2011-06-17 20:42:00,1.43035,1.4304,1.43035,1.43037,150100002.28881836
2011-06-17 20:43:00,1.43036,1.43044,1.43036,1.43044,236399993.89648438
2011-06-17 20:44:00,1.43035,1.43039,1.43022,1.43022,318999996.18530273
2011-06-17 20:45:00,1.43021,1.43029,1.43012,1.43019,364099998.4741211
2011-06-17 20:46:00,1.43019,1.43029,1.43015,1.43029,198899993.89648438
2011-06-17 20:47:00,1.43029,1.43039,1.43029,1.43035,280499992.37060547
2011-06-17 20:48:00,1.43029,1.43039,1.43029,1.43039,187600002.28881836
2011-06-17 20:49:00,1.43039,1.43046,1.43033,1.43046,221399993.89648438
2011-06-17 20:50:00,1.43043,1.43064,1.43043,1.43054,412799987.79296875
2011-06-17 20:51:00,1.43054,1.43054,1.43025,1.43025,903899993.8964844
2011-06-17 20:52:00,1.43025,1.43025,1.43006,1.43015,399700012.20703125
2011-06-17 20:53:00,1.43015,1.43017,1.42985,1.42985,831399993.8964844
2011-06-17 20:54:00,1.42985,1.43,1.42979,1.43,806299972.5341797
2011-06-17 20:55:00,1.43,1.43026,1.43,1.43026,802200012.2070312
2011-06-17 20:56:00,1.43026,1.43034,1.43004,1.43004,497599983.21533203
2011-06-17 20:57:00,1.4301,1.43019,1.43004,1.43019,646200027.4658203
2011-06-17 20:58:00,1.4303,1.4303,1.43008,1.43021,626300010.6811523
2011-06-17 20:59:00,1.43013,1.43066,1.43012,1.43063,862600021.3623047
2011-06-17 21:00:00,1.43063,1.43063,1.43063,1.43063,0.0
2011-06-17 21:01:00,1.43063,1.43063,1.43063,1.43063,0.0
2011-06-17 21:02:00,1.43063,1.43063,1.43063,1.43063,0.0
2011-06-17 21:03:00,1.43063,1.43063,1.43063,1.43063,0.0
2011-06-17 21:04:00,1.43063,1.43063,1.43063,1.43063,0.0
2011-06-17 21:05:00,1.43063,1.43063,1.43063,1.43063,0.0
2011-06-17 21:06:00,1.43063,1.43063,1.43063,1.43063,0.0
2011-06-17 21:07:00,1.43063,1.43063,1.43063,1.43063,0.0
2011-06-17 21:08:00,1.43063,1.43063,1.43063,1.43063,0.0
2011-06-17 21:09:00,1.43063,1.43063,1.43063,1.43063,0.0
2011-06-17 21:10:00,1.43063,1.43063,1.43063,1.43063,0.0
2011-06-17 21:11:00,1.43063,1.43063,1.43063,1.43063,0.0
2011-06-17 21:12:00,1.43063,1.43063,1.43063,1.43063,0.0
2011-06-17 21:13:00,1.43063,1.43063,1.43063,1.43063,0.0
2011-06-17 21:14:00,1.43063,1.43063,1.43063,1.43063,0.0
2011-06-17 21:15:00,1.43063,1.43063,1.43063,1.43063,0.0
2011-06-17 21:16:00,1.43063,1.43063,1.43063,1.43063,0.0
2011-06-17 21:17:00,1.43063,1.43063,1.43063,1.43063,0.0
2011-06-17 21:18:00,1.43063,1.43063,1.43063,1.43063,0.0
2011-06-17 21:19:00,1.43063,1.43063,1.43063,1.43063,0.0
2011-06-17 21:20:00,1.43063,1.43063,1.43063,1.43063,0.0
2011-06-17 21:21:00,1.43063,1.43063,1.43063,1.43063,0.0
2011-06-17 21:22:00,1.43063,1.43063,1.43063,1.43063,0.0
2011-06-17 21:23:00,1.43063,1.43063,1.43063,1.43063,0.0
2011-06-17 21:24:00,1.43063,1.43063,1.43063,1.43063,0.0
2011-06-17 21:25:00,1.43063,1.43063,1.43063,1.43063,0.0
2011-06-17 21:26:00,1.43063,1.43063,1.43063,1.43063,0.0
2011-06-17 21:27:00,1.43063,1.43063,1.43063,1.43063,0.0
2011-06-17 21:28:00,1.43063,1.43063,1.43063,1.43063,0.0
2011-06-17 21:29:00,1.43063,1.43063,1.43063,1.43063,0.0
2011-06-17 21:30:00,1.43063,1.43063,1.43063,1.43063,0.0
2011-06-17 21:31:00,1.43063,1.43063,1.43063,1.43063,0.0
2011-06-17 21:32:00,1.43063,1.43063,1.43063,1.43063,0.0
2011-06-17 21:33:00,1.43063,1.43063,1.43063,1.43063,0.0
2011-06-17 21:34:00,1.43063,1.43063,1.43063,1.43063,0.0
2011-06-17 21:35:00,1.43063,1.43063,1.43063,1.43063,0.0
2011-06-17 21:36:00,1.43063,1.43063,1.43063,1.43063,0.0
2011-06-17 21:37:00,1.43063,1.43063,1.43063,1.43063,0.0
2011-06-17 21:38:00,1.43063,1.43063,1.43063,1.43063,0.0
2011-06-17 21:39:00,1.43063,1.43063,1.43063,1.43063,0.0
2011-06-17 21:40:00,1.43063,1.43063,1.43063,1.43063,0.0
2011-06-17 21:41:00,1.43063,1.43063,1.43063,1.43063,0.0
2011-06-17 21:42:00,1.43063,1.43063,1.43063,1.43063,0.0
2011-06-17 21:43:00,1.43063,1.43063,1.43063,1.43063,0.0
2011-06-17 21:44:00,1.43063,1.43063,1.43063,1.43063,0.0
2011-06-17 21:45:00,1.43063,1.43063,1.43063,1.43063,0.0
2011-06-17 21:46:00,1.43063,1.43063,1.43063,1.43063,0.0
2011-06-17 21:47:00,1.43063,1.43063,1.43063,1.43063,0.0
2011-06-17 21:48:00,1.43063,1.43063,1.43063,1.43063,0.0
2011-06-17 21:49:00,1.43063,1.43063,1.43063,1.43063,0.0
2011-06-17 21:50:00,1.43063,1.43063,1.43063,1.43063,0.0
2011-06-17 21:51:00,1.43063,1.43063,1.43063,1.43063,0.0
2011-06-17 21:52:00,1.43063,1.43063,1.43063,1.43063,0.0
2011-06-17 21:53:00,1.43063,1.43063,1.43063,1.43063,0.0
2011-06-17 21:54:00,1.43063,1.43063,1.43063,1.43063,0.0
2011-06-17 21:55:00,1.43063,1.43063,1.43063,1.43063,0.0
2011-06-17 21:56:00,1.43063,1.43063,1.43063,1.43063,0.0
2011-06-17 21:57:00,1.43063,1.43063,1.43063,1.43063,0.0
2011-06-17 21:58:00,1.43063,1.43063,1.43063,1.43063,0.0
2011-06-17 21:59:00,1.43063,1.43063,1.43063,1.43063,0.0
2011-06-17 22:00:00,1.43063,1.43063,1.43063,1.43063,0.0
2011-06-17 22:01:00,1.43063,1.43063,1.43063,1.43063,0.0
2011-06-17 22:02:00,1.43063,1.43063,1.43063,1.43063,0.0
2011-06-17 22:03:00,1.43063,1.43063,1.43063,1.43063,0.0
2011-06-17 22:04:00,1.43063,1.43063,1.43063,1.43063,0.0
2011-06-17 22:05:00,1.43063,1.43063,1.43063,1.43063,0.0
2011-06-17 22:06:00,1.43063,1.43063,1.43063,1.43063,0.0
2011-06-17 22:07:00,1.43063,1.43063,1.43063,1.43063,0.0
2011-06-17 22:08:00,1.43063,1.43063,1.43063,1.43063,0.0
2011-06-17 22:09:00,1.43063,1.43063,1.43063,1.43063,0.0
2011-06-17 22:10:00,1.43063,1.43063,1.43063,1.43063,0.0
2011-06-17 22:11:00,1.43063,1.43063,1.43063,1.43063,0.0
2011-06-17 22:12:00,1.43063,1.43063,1.43063,1.43063,0.0
2011-06-17 22:13:00,1.43063,1.43063,1.43063,1.43063,0.0
2011-06-17 22:14:00,1.43063,1.43063,1.43063,1.43063,0.0
2011-06-17 22:15:00,1.43063,1.43063,1.43063,1.43063,0.0
2011-06-17 22:16:00,1.43063,1.43063,1.43063,1.43063,0.0
2011-06-17 22:17:00,1.43063,1.43063,1.43063,1.43063,0.0
2011-06-17 22:18:00,1.43063,1.43063,1.43063,1.43063,0.0
2011-06-17 22:19:00,1.43063,1.43063,1.43063,1.43063,0.0
2011-06-17 22:20:00,1.43063,1.43063,1.43063,1.43063,0.0
2011-06-17 22:21:00,1.43063,1.43063,1.43063,1.43063,0.0
2011-06-17 22:22:00,1.43063,1.43063,1.43063,1.43063,0.0
2011-06-17 22:23:00,1.43063,1.43063,1.43063,1.43063,0.0
2011-06-17 22:24:00,1.43063,1.43063,1.43063,1.43063,0.0
2011-06-17 22:25:00,1.43063,1.43063,1.43063,1.43063,0.0
2011-06-17 22:26:00,1.43063,1.43063,1.43063,1.43063,0.0
2011-06-17 22:27:00,1.43063,1.43063,1.43063,1.43063,0.0
2011-06-17 22:28:00,1.43063,1.43063,1.43063,1.43063,0.0
2011-06-17 22:29:00,1.43063,1.43063,1.43063,1.43063,0.0
2011-06-17 22:30:00,1.43063,1.43063,1.43063,1.43063,0.0
2011-06-17 22:31:00,1.43063,1.43063,1.43063,1.43063,0.0
2011-06-17 22:32:00,1.43063,1.43063,1.43063,1.43063,0.0
2011-06-17 22:33:00,1.43063,1.43063,1.43063,1.43063,0.0
2011-06-17 22:34:00,1.43063,1.43063,1.43063,1.43063,0.0
2011-06-17 22:35:00,1.43063,1.43063,1.43063,1.43063,0.0
2011-06-17 22:36:00,1.43063,1.43063,1.43063,1.43063,0.0
2011-06-17 22:37:00,1.43063,1.43063,1.43063,1.43063,0.0
2011-06-17 22:38:00,1.43063,1.43063,1.43063,1.43063,0.0
2011-06-17 22:39:00,1.43063,1.43063,1.43063,1.43063,0.0
2011-06-17 22:40:00,1.43063,1.43063,1.43063,1.43063,0.0
2011-06-17 22:41:00,1.43063,1.43063,1.43063,1.43063,0.0
2011-06-17 22:42:00,1.43063,1.43063,1.43063,1.43063,0.0
2011-06-17 22:43:00,1.43063,1.43063,1.43063,1.43063,0.0
2011-06-17 22:44:00,1.43063,1.43063,1.43063,1.43063,0.0
2011-06-17 22:45:00,1.43063,1.43063,1.43063,1.43063,0.0
2011-06-17 22:46:00,1.43063,1.43063,1.43063,1.43063,0.0
2011-06-17 22:47:00,1.43063,1.43063,1.43063,1.43063,0.0
2011-06-17 22:48:00,1.43063,1.43063,1.43063,1.43063,0.0
2011-06-17 22:49:00,1.43063,1.43063,1.43063,1.43063,0.0
2011-06-17 22:50:00,1.43063,1.43063,1.43063,1.43063,0.0
2011-06-17 22:51:00,1.43063,1.43063,1.43063,1.43063,0.0
2011-06-17 22:52:00,1.43063,1.43063,1.43063,1.43063,0.0
2011-06-17 22:53:00,1.43063,1.43063,1.43063,1.43063,0.0
2011-06-17 22:54:00,1.43063,1.43063,1.43063,1.43063,0.0
2011-06-17 22:55:00,1.43063,1.43063,1.43063,1.43063,0.0
2011-06-17 22:56:00,1.43063,1.43063,1.43063,1.43063,0.0
2011-06-17 22:57:00,1.43063,1.43063,1.43063,1.43063,0.0
2011-06-17 22:58:00,1.43063,1.43063,1.43063,1.43063,0.0
2011-06-17 22:59:00,1.43063,1.43063,1.43063,1.43063,0.0
2011-06-17 23:00:00,1.43063,1.43063,1.43063,1.43063,0.0
2011-06-17 23:01:00,1.43063,1.43063,1.43063,1.43063,0.0
2011-06-17 23:02:00,1.43063,1.43063,1.43063,1.43063,0.0
2011-06-17 23:03:00,1.43063,1.43063,1.43063,1.43063,0.0
2011-06-17 23:04:00,1.43063,1.43063,1.43063,1.43063,0.0
2011-06-17 23:05:00,1.43063,1.43063,1.43063,1.43063,0.0
2011-06-17 23:06:00,1.43063,1.43063,1.43063,1.43063,0.0
2011-06-17 23:07:00,1.43063,1.43063,1.43063,1.43063,0.0
2011-06-17 23:08:00,1.43063,1.43063,1.43063,1.43063,0.0
2011-06-17 23:09:00,1.43063,1.43063,1.43063,1.43063,0.0
2011-06-17 23:10:00,1.43063,1.43063,1.43063,1.43063,0.0
2011-06-17 23:11:00,1.43063,1.43063,1.43063,1.43063,0.0
2011-06-17 23:12:00,1.43063,1.43063,1.43063,1.43063,0.0
2011-06-17 23:13:00,1.43063,1.43063,1.43063,1.43063,0.0
2011-06-17 23:14:00,1.43063,1.43063,1.43063,1.43063,0.0
2011-06-17 23:15:00,1.43063,1.43063,1.43063,1.43063,0.0
2011-06-17 23:16:00,1.43063,1.43063,1.43063,1.43063,0.0
2011-06-17 23:17:00,1.43063,1.43063,1.43063,1.43063,0.0
2011-06-17 23:18:00,1.43063,1.43063,1.43063,1.43063,0.0
2011-06-17 23:19:00,1.43063,1.43063,1.43063,1.43063,0.0
2011-06-17 23:20:00,1.43063,1.43063,1.43063,1.43063,0.0
2011-06-17 23:21:00,1.43063,1.43063,1.43063,1.43063,0.0
2011-06-17 23:22:00,1.43063,1.43063,1.43063,1.43063,0.0
2011-06-17 23:23:00,1.43063,1.43063,1.43063,1.43063,0.0
2011-06-17 23:24:00,1.43063,1.43063,1.43063,1.43063,0.0
2011-06-17 23:25:00,1.43063,1.43063,1.43063,1.43063,0.0
2011-06-17 23:26:00,1.43063,1.43063,1.43063,1.43063,0.0
2011-06-17 23:27:00,1.43063,1.43063,1.43063,1.43063,0.0
2011-06-17 23:28:00,1.43063,1.43063,1.43063,1.43063,0.0
2011-06-17 23:29:00,1.43063,1.43063,1.43063,1.43063,0.0
2011-06-17 23:30:00,1.43063,1.43063,1.43063,1.43063,0.0
2011-06-17 23:31:00,1.43063,1.43063,1.43063,1.43063,0.0
2011-06-17 23:32:00,1.43063,1.43063,1.43063,1.43063,0.0
2011-06-17 23:33:00,1.43063,1.43063,1.43063,1.43063,0.0
2011-06-17 23:34:00,1.43063,1.43063,1.43063,1.43063,0.0
2011-06-17 23:35:00,1.43063,1.43063,1.43063,1.43063,0.0
2011-06-17 23:36:00,1.43063,1.43063,1.43063,1.43063,0.0
2011-06-17 23:37:00,1.43063,1.43063,1.43063,1.43063,0.0
2011-06-17 23:38:00,1.43063,1.43063,1.43063,1.43063,0.0
2011-06-17 23:39:00,1.43063,1.43063,1.43063,1.43063,0.0
2011-06-17 23:40:00,1.43063,1.43063,1.43063,1.43063,0.0
2011-06-17 23:41:00,1.43063,1.43063,1.43063,1.43063,0.0
2011-06-17 23:42:00,1.43063,1.43063,1.43063,1.43063,0.0
2011-06-17 23:43:00,1.43063,1.43063,1.43063,1.43063,0.0
2011-06-17 23:44:00,1.43063,1.43063,1.43063,1.43063,0.0
2011-06-17 23:45:00,1.43063,1.43063,1.43063,1.43063,0.0
2011-06-17 23:46:00,1.43063,1.43063,1.43063,1.43063,0.0
2011-06-17 23:47:00,1.43063,1.43063,1.43063,1.43063,0.0
2011-06-17 23:48:00,1.43063,1.43063,1.43063,1.43063,0.0
2011-06-17 23:49:00,1.43063,1.43063,1.43063,1.43063,0.0
2011-06-17 23:50:00,1.43063,1.43063,1.43063,1.43063,0.0
2011-06-17 23:51:00,1.43063,1.43063,1.43063,1.43063,0.0
2011-06-17 23:52:00,1.43063,1.43063,1.43063,1.43063,0.0
2011-06-17 23:53:00,1.43063,1.43063,1.43063,1.43063,0.0
2011-06-17 23:54:00,1.43063,1.43063,1.43063,1.43063,0.0
2011-06-17 23:55:00,1.43063,1.43063,1.43063,1.43063,0.0
2011-06-17 23:56:00,1.43063,1.43063,1.43063,1.43063,0.0
2011-06-17 23:57:00,1.43063,1.43063,1.43063,1.43063,0.0
2011-06-17 23:58:00,1.43063,1.43063,1.43063,1.43063,0.0
2011-06-17 23:59:00,1.43063,1.43063,1.43063,1.43063,0.0
2011-06-18 00:00:00,1.42995,1.42995,1.42995,1.42995,0.0
2011-06-18 00:01:00,1.42995,1.42995,1.42995,1.42995,0.0
2011-06-18 00:02:00,1.42995,1.42995,1.42995,1.42995,0.0
2011-06-18 00:03:00,1.42995,1.42995,1.42995,1.42995,0.0
2011-06-18 00:04:00,1.42995,1.42995,1.42995,1.42995,0.0
2011-06-18 00:05:00,1.42995,1.42995,1.42995,1.42995,0.0
2011-06-18 00:06:00,1.42995,1.42995,1.42995,1.42995,0.0
2011-06-18 00:07:00,1.42995,1.42995,1.42995,1.42995,0.0
2011-06-18 00:08:00,1.42995,1.42995,1.42995,1.42995,0.0
2011-06-18 00:09:00,1.42995,1.42995,1.42995,1.42995,0.0
2011-06-18 00:10:00,1.42995,1.42995,1.42995,1.42995,0.0
2011-06-18 00:11:00,1.42995,1.42995,1.42995,1.42995,0.0
2011-06-18 00:12:00,1.42995,1.42995,1.42995,1.42995,0.0
2011-06-18 00:13:00,1.42995,1.42995,1.42995,1.42995,0.0
2011-06-18 00:14:00,1.42995,1.42995,1.42995,1.42995,0.0
2011-06-18 00:15:00,1.42995,1.42995,1.42995,1.42995,0.0
2011-06-18 00:16:00,1.42995,1.42995,1.42995,1.42995,0.0
2011-06-18 00:17:00,1.42995,1.42995,1.42995,1.42995,0.0
2011-06-18 00:18:00,1.42995,1.42995,1.42995,1.42995,0.0
2011-06-18 00:19:00,1.42995,1.42995,1.42995,1.42995,0.0
2011-06-18 00:20:00,1.42995,1.42995,1.42995,1.42995,0.0
2011-06-18 00:21:00,1.42995,1.42995,1.42995,1.42995,0.0
2011-06-18 00:22:00,1.42995,1.42995,1.42995,1.42995,0.0
2011-06-18 00:23:00,1.42995,1.42995,1.42995,1.42995,0.0
2011-06-18 00:24:00,1.42995,1.42995,1.42995,1.42995,0.0
2011-06-18 00:25:00,1.42995,1.42995,1.42995,1.42995,0.0
2011-06-18 00:26:00,1.42995,1.42995,1.42995,1.42995,0.0
2011-06-18 00:27:00,1.42995,1.42995,1.42995,1.42995,0.0
2011-06-18 00:28:00,1.42995,1.42995,1.42995,1.42995,0.0
2011-06-18 00:29:00,1.42995,1.42995,1.42995,1.42995,0.0
2011-06-18 00:30:00,1.42995,1.42995,1.42995,1.42995,0.0
2011-06-18 00:31:00,1.42995,1.42995,1.42995,1.42995,0.0
2011-06-18 00:32:00,1.42995,1.42995,1.42995,1.42995,0.0
2011-06-18 00:33:00,1.42995,1.42995,1.42995,1.42995,0.0
2011-06-18 00:34:00,1.42995,1.42995,1.42995,1.42995,0.0
2011-06-18 00:35:00,1.42995,1.42995,1.42995,1.42995,0.0
2011-06-18 00:36:00,1.42995,1.42995,1.42995,1.42995,0.0
2011-06-18 00:37:00,1.42995,1.42995,1.42995,1.42995,0.0
2011-06-18 00:38:00,1.42995,1.42995,1.42995,1.42995,0.0
2011-06-18 00:39:00,1.42995,1.42995,1.42995,1.42995,0.0
2011-06-18 00:40:00,1.42995,1.42995,1.42995,1.42995,0.0
2011-06-18 00:41:00,1.42995,1.42995,1.42995,1.42995,0.0
2011-06-18 00:42:00,1.42995,1.42995,1.42995,1.42995,0.0
2011-06-18 00:43:00,1.42995,1.42995,1.42995,1.42995,0.0
2011-06-18 00:44:00,1.42995,1.42995,1.42995,1.42995,0.0
2011-06-18 00:45:00,1.42995,1.42995,1.42995,1.42995,0.0
2011-06-18 00:46:00,1.42995,1.42995,1.42995,1.42995,0.0
2011-06-18 00:47:00,1.42995,1.42995,1.42995,1.42995,0.0
2011-06-18 00:48:00,1.42995,1.42995,1.42995,1.42995,0.0
2011-06-18 00:49:00,1.42995,1.42995,1.42995,1.42995,0.0
2011-06-18 00:50:00,1.42995,1.42995,1.42995,1.42995,0.0
2011-06-18 00:51:00,1.42995,1.42995,1.42995,1.42995,0.0
2011-06-18 00:52:00,1.42995,1.42995,1.42995,1.42995,0.0
2011-06-18 00:53:00,1.42995,1.42995,1.42995,1.42995,0.0
2011-06-18 00:54:00,1.42995,1.42995,1.42995,1.42995,0.0
2011-06-18 00:55:00,1.42995,1.42995,1.42995,1.42995,0.0
2011-06-18 00:56:00,1.42995,1.42995,1.42995,1.42995,0.0
2011-06-18 00:57:00,1.42995,1.42995,1.42995,1.42995,0.0
2011-06-18 00:58:00,1.42995,1.42995,1.42995,1.42995,0.0
2011-06-18 00:59:00,1.42995,1.42995,1.42995,1.42995,0.0
2011-06-18 01:00:00,1.42995,1.42995,1.42995,1.42995,0.0
2011-06-18 01:01:00,1.42995,1.42995,1.42995,1.42995,0.0
2011-06-18 01:02:00,1.42995,1.42995,1.42995,1.42995,0.0
2011-06-18 01:03:00,1.42995,1.42995,1.42995,1.42995,0.0
2011-06-18 01:04:00,1.42995,1.42995,1.42995,1.42995,0.0
2011-06-18 01:05:00,1.42995,1.42995,1.42995,1.42995,0.0
2011-06-18 01:06:00,1.42995,1.42995,1.42995,1.42995,0.0
2011-06-18 01:07:00,1.42995,1.42995,1.42995,1.42995,0.0
2011-06-18 01:08:00,1.42995,1.42995,1.42995,1.42995,0.0
2011-06-18 01:09:00,1.42995,1.42995,1.42995,1.42995,0.0
2011-06-18 01:10:00,1.42995,1.42995,1.42995,1.42995,0.0
2011-06-18 01:11:00,1.42995,1.42995,1.42995,1.42995,0.0
2011-06-18 01:12:00,1.42995,1.42995,1.42995,1.42995,0.0
2011-06-18 01:13:00,1.42995,1.42995,1.42995,1.42995,0.0
2011-06-18 01:14:00,1.42995,1.42995,1.42995,1.42995,0.0
2011-06-18 01:15:00,1.42995,1.42995,1.42995,1.42995,0.0
2011-06-18 01:16:00,1.42995,1.42995,1.42995,1.42995,0.0
2011-06-18 01:17:00,1.42995,1.42995,1.42995,1.42995,0.0
2011-06-18 01:18:00,1.42995,1.42995,1.42995,1.42995,0.0
2011-06-18 01:19:00,1.42995,1.42995,1.42995,1.42995,0.0
2011-06-18 01:20:00,1.42995,1.42995,1.42995,1.42995,0.0
2011-06-18 01:21:00,1.42995,1.42995,1.42995,1.42995,0.0
2011-06-18 01:22:00,1.42995,1.42995,1.42995,1.42995,0.0
2011-06-18 01:23:00,1.42995,1.42995,1.42995,1.42995,0.0
2011-06-18 01:24:00,1.42995,1.42995,1.42995,1.42995,0.0
2011-06-18 01:25:00,1.42995,1.42995,1.42995,1.42995,0.0
2011-06-18 01:26:00,1.42995,1.42995,1.42995,1.42995,0.0
2011-06-18 01:27:00,1.42995,1.42995,1.42995,1.42995,0.0
2011-06-18 01:28:00,1.42995,1.42995,1.42995,1.42995,0.0
2011-06-18 01:29:00,1.42995,1.42995,1.42995,1.42995,0.0
2011-06-18 01:30:00,1.42995,1.42995,1.42995,1.42995,0.0
2011-06-18 01:31:00,1.42995,1.42995,1.42995,1.42995,0.0
2011-06-18 01:32:00,1.42995,1.42995,1.42995,1.42995,0.0
2011-06-18 01:33:00,1.42995,1.42995,1.42995,1.42995,0.0
2011-06-18 01:34:00,1.42995,1.42995,1.42995,1.42995,0.0
2011-06-18 01:35:00,1.42995,1.42995,1.42995,1.42995,0.0
2011-06-18 01:36:00,1.42995,1.42995,1.42995,1.42995,0.0
2011-06-18 01:37:00,1.42995,1.42995,1.42995,1.42995,0.0
2011-06-18 01:38:00,1.42995,1.42995,1.42995,1.42995,0.0
2011-06-18 01:39:00,1.42995,1.42995,1.42995,1.42995,0.0
2011-06-18 01:40:00,1.42995,1.42995,1.42995,1.42995,0.0
2011-06-18 01:41:00,1.42995,1.42995,1.42995,1.42995,0.0
2011-06-18 01:42:00,1.42995,1.42995,1.42995,1.42995,0.0
2011-06-18 01:43:00,1.42995,1.42995,1.42995,1.42995,0.0
2011-06-18 01:44:00,1.42995,1.42995,1.42995,1.42995,0.0
2011-06-18 01:45:00,1.42995,1.42995,1.42995,1.42995,0.0
2011-06-18 01:46:00,1.42995,1.42995,1.42995,1.42995,0.0
2011-06-18 01:47:00,1.42995,1.42995,1.42995,1.42995,0.0
2011-06-18 01:48:00,1.42995,1.42995,1.42995,1.42995,0.0
2011-06-18 01:49:00,1.42995,1.42995,1.42995,1.42995,0.0
2011-06-18 01:50:00,1.42995,1.42995,1.42995,1.42995,0.0
2011-06-18 01:51:00,1.42995,1.42995,1.42995,1.42995,0.0
2011-06-18 01:52:00,1.42995,1.42995,1.42995,1.42995,0.0
2011-06-18 01:53:00,1.42995,1.42995,1.42995,1.42995,0.0
2011-06-18 01:54:00,1.42995,1.42995,1.42995,1.42995,0.0
2011-06-18 01:55:00,1.42995,1.42995,1.42995,1.42995,0.0
2011-06-18 01:56:00,1.42995,1.42995,1.42995,1.42995,0.0
2011-06-18 01:57:00,1.42995,1.42995,1.42995,1.42995,0.0
2011-06-18 01:58:00,1.42995,1.42995,1.42995,1.42995,0.0
2011-06-18 01:59:00,1.42995,1.42995,1.42995,1.42995,0.0
2011-06-18 02:00:00,1.42995,1.42995,1.42995,1.42995,0.0
2011-06-18 02:01:00,1.42995,1.42995,1.42995,1.42995,0.0
2011-06-18 02:02:00,1.42995,1.42995,1.42995,1.42995,0.0
2011-06-18 02:03:00,1.42995,1.42995,1.42995,1.42995,0.0
2011-06-18 02:04:00,1.42995,1.42995,1.42995,1.42995,0.0
2011-06-18 02:05:00,1.42995,1.42995,1.42995,1.42995,0.0
2011-06-18 02:06:00,1.42995,1.42995,1.42995,1.42995,0.0
2011-06-18 02:07:00,1.42995,1.42995,1.42995,1.42995,0.0
2011-06-18 02:08:00,1.42995,1.42995,1.42995,1.42995,0.0
2011-06-18 02:09:00,1.42995,1.42995,1.42995,1.42995,0.0
2011-06-18 02:10:00,1.42995,1.42995,1.42995,1.42995,0.0
2011-06-18 02:11:00,1.42995,1.42995,1.42995,1.42995,0.0
2011-06-18 02:12:00,1.42995,1.42995,1.42995,1.42995,0.0
2011-06-18 02:13:00,1.42995,1.42995,1.42995,1.42995,0.0
2011-06-18 02:14:00,1.42995,1.42995,1.42995,1.42995,0.0
2011-06-18 02:15:00,1.42995,1.42995,1.42995,1.42995,0.0
2011-06-18 02:16:00,1.42995,1.42995,1.42995,1.42995,0.0
2011-06-18 02:17:00,1.42995,1.42995,1.42995,1.42995,0.0
2011-06-18 02:18:00,1.42995,1.42995,1.42995,1.42995,0.0
2011-06-18 02:19:00,1.42995,1.42995,1.42995,1.42995,0.0
2011-06-18 02:20:00,1.42995,1.42995,1.42995,1.42995,0.0
2011-06-18 02:21:00,1.42995,1.42995,1.42995,1.42995,0.0
2011-06-18 02:22:00,1.42995,1.42995,1.42995,1.42995,0.0
2011-06-18 02:23:00,1.42995,1.42995,1.42995,1.42995,0.0
2011-06-18 02:24:00,1.42995,1.42995,1.42995,1.42995,0.0
2011-06-18 02:25:00,1.42995,1.42995,1.42995,1.42995,0.0
2011-06-18 02:26:00,1.42995,1.42995,1.42995,1.42995,0.0
2011-06-18 02:27:00,1.42995,1.42995,1.42995,1.42995,0.0
2011-06-18 02:28:00,1.42995,1.42995,1.42995,1.42995,0.0
2011-06-18 02:29:00,1.42995,1.42995,1.42995,1.42995,0.0
2011-06-18 02:30:00,1.42995,1.42995,1.42995,1.42995,0.0
2011-06-18 02:31:00,1.42995,1.42995,1.42995,1.42995,0.0
2011-06-18 02:32:00,1.42995,1.42995,1.42995,1.42995,0.0
2011-06-18 02:33:00,1.42995,1.42995,1.42995,1.42995,0.0
2011-06-18 02:34:00,1.42995,1.42995,1.42995,1.42995,0.0
2011-06-18 02:35:00,1.42995,1.42995,1.42995,1.42995,0.0
2011-06-18 02:36:00,1.42995,1.42995,1.42995,1.42995,0.0
2011-06-18 02:37:00,1.42995,1.42995,1.42995,1.42995,0.0
2011-06-18 02:38:00,1.42995,1.42995,1.42995,1.42995,0.0
2011-06-18 02:39:00,1.42995,1.42995,1.42995,1.42995,0.0
2011-06-18 02:40:00,1.42995,1.42995,1.42995,1.42995,0.0
2011-06-18 02:41:00,1.42995,1.42995,1.42995,1.42995,0.0
2011-06-18 02:42:00,1.42995,1.42995,1.42995,1.42995,0.0
2011-06-18 02:43:00,1.42995,1.42995,1.42995,1.42995,0.0
2011-06-18 02:44:00,1.42995,1.42995,1.42995,1.42995,0.0
2011-06-18 02:45:00,1.42995,1.42995,1.42995,1.42995,0.0
2011-06-18 02:46:00,1.42995,1.42995,1.42995,1.42995,0.0
2011-06-18 02:47:00,1.42995,1.42995,1.42995,1.42995,0.0
2011-06-18 02:48:00,1.42995,1.42995,1.42995,1.42995,0.0
2011-06-18 02:49:00,1.42995,1.42995,1.42995,1.42995,0.0
2011-06-18 02:50:00,1.42995,1.42995,1.42995,1.42995,0.0
2011-06-18 02:51:00,1.42995,1.42995,1.42995,1.42995,0.0
2011-06-18 02:52:00,1.42995,1.42995,1.42995,1.42995,0.0
2011-06-18 02:53:00,1.42995,1.42995,1.42995,1.42995,0.0
2011-06-18 02:54:00,1.42995,1.42995,1.42995,1.42995,0.0
2011-06-18 02:55:00,1.42995,1.42995,1.42995,1.42995,0.0
2011-06-18 02:56:00,1.42995,1.42995,1.42995,1.42995,0.0
2011-06-18 02:57:00,1.42995,1.42995,1.42995,1.42995,0.0
2011-06-18 02:58:00,1.42995,1.42995,1.42995,1.42995,0.0
2011-06-18 02:59:00,1.42995,1.42995,1.42995,1.42995,0.0
2011-06-18 03:00:00,1.42995,1.42995,1.42995,1.42995,0.0
2011-06-18 03:01:00,1.42995,1.42995,1.42995,1.42995,0.0
2011-06-18 03:02:00,1.42995,1.42995,1.42995,1.42995,0.0
2011-06-18 03:03:00,1.42995,1.42995,1.42995,1.42995,0.0
2011-06-18 03:04:00,1.42995,1.42995,1.42995,1.42995,0.0
2011-06-18 03:05:00,1.42995,1.42995,1.42995,1.42995,0.0
2011-06-18 03:06:00,1.42995,1.42995,1.42995,1.42995,0.0
2011-06-18 03:07:00,1.42995,1.42995,1.42995,1.42995,0.0
2011-06-18 03:08:00,1.42995,1.42995,1.42995,1.42995,0.0
2011-06-18 03:09:00,1.42995,1.42995,1.42995,1.42995,0.0
2011-06-18 03:10:00,1.42995,1.42995,1.42995,1.42995,0.0
2011-06-18 03:11:00,1.42995,1.42995,1.42995,1.42995,0.0
2011-06-18 03:12:00,1.42995,1.42995,1.42995,1.42995,0.0
2011-06-18 03:13:00,1.42995,1.42995,1.42995,1.42995,0.0
2011-06-18 03:14:00,1.42995,1.42995,1.42995,1.42995,0.0
2011-06-18 03:15:00,1.42995,1.42995,1.42995,1.42995,0.0
2011-06-18 03:16:00,1.42995,1.42995,1.42995,1.42995,0.0
2011-06-18 03:17:00,1.42995,1.42995,1.42995,1.42995,0.0
2011-06-18 03:18:00,1.42995,1.42995,1.42995,1.42995,0.0
2011-06-18 03:19:00,1.42995,1.42995,1.42995,1.42995,0.0
2011-06-18 03:20:00,1.42995,1.42995,1.42995,1.42995,0.0
2011-06-18 03:21:00,1.42995,1.42995,1.42995,1.42995,0.0
2011-06-18 03:22:00,1.42995,1.42995,1.42995,1.42995,0.0
2011-06-18 03:23:00,1.42995,1.42995,1.42995,1.42995,0.0
2011-06-18 03:24:00,1.42995,1.42995,1.42995,1.42995,0.0
2011-06-18 03:25:00,1.42995,1.42995,1.42995,1.42995,0.0
2011-06-18 03:26:00,1.42995,1.42995,1.42995,1.42995,0.0
2011-06-18 03:27:00,1.42995,1.42995,1.42995,1.42995,0.0
2011-06-18 03:28:00,1.42995,1.42995,1.42995,1.42995,0.0
2011-06-18 03:29:00,1.42995,1.42995,1.42995,1.42995,0.0
2011-06-18 03:30:00,1.42995,1.42995,1.42995,1.42995,0.0
2011-06-18 03:31:00,1.42995,1.42995,1.42995,1.42995,0.0
2011-06-18 03:32:00,1.42995,1.42995,1.42995,1.42995,0.0
2011-06-18 03:33:00,1.42995,1.42995,1.42995,1.42995,0.0
2011-06-18 03:34:00,1.42995,1.42995,1.42995,1.42995,0.0
2011-06-18 03:35:00,1.42995,1.42995,1.42995,1.42995,0.0
2011-06-18 03:36:00,1.42995,1.42995,1.42995,1.42995,0.0
2011-06-18 03:37:00,1.42995,1.42995,1.42995,1.42995,0.0
2011-06-18 03:38:00,1.42995,1.42995,1.42995,1.42995,0.0
2011-06-18 03:39:00,1.42995,1.42995,1.42995,1.42995,0.0
2011-06-18 03:40:00,1.42995,1.42995,1.42995,1.42995,0.0
2011-06-18 03:41:00,1.42995,1.42995,1.42995,1.42995,0.0
2011-06-18 03:42:00,1.42995,1.42995,1.42995,1.42995,0.0
2011-06-18 03:43:00,1.42995,1.42995,1.42995,1.42995,0.0
2011-06-18 03:44:00,1.42995,1.42995,1.42995,1.42995,0.0
2011-06-18 03:45:00,1.42995,1.42995,1.42995,1.42995,0.0
2011-06-18 03:46:00,1.42995,1.42995,1.42995,1.42995,0.0
2011-06-18 03:47:00,1.42995,1.42995,1.42995,1.42995,0.0
2011-06-18 03:48:00,1.42995,1.42995,1.42995,1.42995,0.0
2011-06-18 03:49:00,1.42995,1.42995,1.42995,1.42995,0.0
2011-06-18 03:50:00,1.42995,1.42995,1.42995,1.42995,0.0
2011-06-18 03:51:00,1.42995,1.42995,1.42995,1.42995,0.0
2011-06-18 03:52:00,1.42995,1.42995,1.42995,1.42995,0.0
2011-06-18 03:53:00,1.42995,1.42995,1.42995,1.42995,0.0
2011-06-18 03:54:00,1.42995,1.42995,1.42995,1.42995,0.0
2011-06-18 03:55:00,1.42995,1.42995,1.42995,1.42995,0.0
2011-06-18 03:56:00,1.42995,1.42995,1.42995,1.42995,0.0
2011-06-18 03:57:00,1.42995,1.42995,1.42995,1.42995,0.0
2011-06-18 03:58:00,1.42995,1.42995,1.42995,1.42995,0.0
2011-06-18 03:59:00,1.42995,1.42995,1.42995,1.42995,0.0
2011-06-18 04:00:00,1.42995,1.42995,1.42995,1.42995,0.0
2011-06-18 04:01:00,1.42995,1.42995,1.42995,1.42995,0.0
2011-06-18 04:02:00,1.42995,1.42995,1.42995,1.42995,0.0
2011-06-18 04:03:00,1.42995,1.42995,1.42995,1.42995,0.0
2011-06-18 04:04:00,1.42995,1.42995,1.42995,1.42995,0.0
2011-06-18 04:05:00,1.42995,1.42995,1.42995,1.42995,0.0
2011-06-18 04:06:00,1.42995,1.42995,1.42995,1.42995,0.0
2011-06-18 04:07:00,1.42995,1.42995,1.42995,1.42995,0.0
2011-06-18 04:08:00,1.42995,1.42995,1.42995,1.42995,0.0
2011-06-18 04:09:00,1.42995,1.42995,1.42995,1.42995,0.0
2011-06-18 04:10:00,1.42995,1.42995,1.42995,1.42995,0.0
2011-06-18 04:11:00,1.42995,1.42995,1.42995,1.42995,0.0
2011-06-18 04:12:00,1.42995,1.42995,1.42995,1.42995,0.0
2011-06-18 04:13:00,1.42995,1.42995,1.42995,1.42995,0.0
2011-06-18 04:14:00,1.42995,1.42995,1.42995,1.42995,0.0
2011-06-18 04:15:00,1.42995,1.42995,1.42995,1.42995,0.0
2011-06-18 04:16:00,1.42995,1.42995,1.42995,1.42995,0.0
2011-06-18 04:17:00,1.42995,1.42995,1.42995,1.42995,0.0
2011-06-18 04:18:00,1.42995,1.42995,1.42995,1.42995,0.0
2011-06-18 04:19:00,1.42995,1.42995,1.42995,1.42995,0.0
2011-06-18 04:20:00,1.42995,1.42995,1.42995,1.42995,0.0
2011-06-18 04:21:00,1.42995,1.42995,1.42995,1.42995,0.0
2011-06-18 04:22:00,1.42995,1.42995,1.42995,1.42995,0.0
2011-06-18 04:23:00,1.42995,1.42995,1.42995,1.42995,0.0
2011-06-18 04:24:00,1.42995,1.42995,1.42995,1.42995,0.0
2011-06-18 04:25:00,1.42995,1.42995,1.42995,1.42995,0.0
2011-06-18 04:26:00,1.42995,1.42995,1.42995,1.42995,0.0
2011-06-18 04:27:00,1.42995,1.42995,1.42995,1.42995,0.0
2011-06-18 04:28:00,1.42995,1.42995,1.42995,1.42995,0.0
2011-06-18 04:29:00,1.42995,1.42995,1.42995,1.42995,0.0
2011-06-18 04:30:00,1.42995,1.42995,1.42995,1.42995,0.0
2011-06-18 04:31:00,1.42995,1.42995,1.42995,1.42995,0.0
2011-06-18 04:32:00,1.42995,1.42995,1.42995,1.42995,0.0
2011-06-18 04:33:00,1.42995,1.42995,1.42995,1.42995,0.0
2011-06-18 04:34:00,1.42995,1.42995,1.42995,1.42995,0.0
2011-06-18 04:35:00,1.42995,1.42995,1.42995,1.42995,0.0
2011-06-18 04:36:00,1.42995,1.42995,1.42995,1.42995,0.0
2011-06-18 04:37:00,1.42995,1.42995,1.42995,1.42995,0.0
2011-06-18 04:38:00,1.42995,1.42995,1.42995,1.42995,0.0
2011-06-18 04:39:00,1.42995,1.42995,1.42995,1.42995,0.0
2011-06-18 04:40:00,1.42995,1.42995,1.42995,1.42995,0.0
2011-06-18 04:41:00,1.42995,1.42995,1.42995,1.42995,0.0
2011-06-18 04:42:00,1.42995,1.42995,1.42995,1.42995,0.0
2011-06-18 04:43:00,1.42995,1.42995,1.42995,1.42995,0.0
2011-06-18 04:44:00,1.42995,1.42995,1.42995,1.42995,0.0
2011-06-18 04:45:00,1.42995,1.42995,1.42995,1.42995,0.0
2011-06-18 04:46:00,1.42995,1.42995,1.42995,1.42995,0.0
2011-06-18 04:47:00,1.42995,1.42995,1.42995,1.42995,0.0
2011-06-18 04:48:00,1.42995,1.42995,1.42995,1.42995,0.0
2011-06-18 04:49:00,1.42995,1.42995,1.42995,1.42995,0.0
2011-06-18 04:50:00,1.42995,1.42995,1.42995,1.42995,0.0
2011-06-18 04:51:00,1.42995,1.42995,1.42995,1.42995,0.0
2011-06-18 04:52:00,1.42995,1.42995,1.42995,1.42995,0.0
2011-06-18 04:53:00,1.42995,1.42995,1.42995,1.42995,0.0
2011-06-18 04:54:00,1.42995,1.42995,1.42995,1.42995,0.0
2011-06-18 04:55:00,1.42995,1.42995,1.42995,1.42995,0.0
2011-06-18 04:56:00,1.42995,1.42995,1.42995,1.42995,0.0
2011-06-18 04:57:00,1.42995,1.42995,1.42995,1.42995,0.0
2011-06-18 04:58:00,1.42995,1.42995,1.42995,1.42995,0.0
2011-06-18 04:59:00,1.42995,1.42995,1.42995,1.42995,0.0
2011-06-18 05:00:00,1.42995,1.42995,1.42995,1.42995,0.0
2011-06-18 05:01:00,1.42995,1.42995,1.42995,1.42995,0.0
2011-06-18 05:02:00,1.42995,1.42995,1.42995,1.42995,0.0
2011-06-18 05:03:00,1.42995,1.42995,1.42995,1.42995,0.0
2011-06-18 05:04:00,1.42995,1.42995,1.42995,1.42995,0.0
2011-06-18 05:05:00,1.42995,1.42995,1.42995,1.42995,0.0
2011-06-18 05:06:00,1.42995,1.42995,1.42995,1.42995,0.0
2011-06-18 05:07:00,1.42995,1.42995,1.42995,1.42995,0.0
2011-06-18 05:08:00,1.42995,1.42995,1.42995,1.42995,0.0
2011-06-18 05:09:00,1.42995,1.42995,1.42995,1.42995,0.0
2011-06-18 05:10:00,1.42995,1.42995,1.42995,1.42995,0.0
2011-06-18 05:11:00,1.42995,1.42995,1.42995,1.42995,0.0
2011-06-18 05:12:00,1.42995,1.42995,1.42995,1.42995,0.0
2011-06-18 05:13:00,1.42995,1.42995,1.42995,1.42995,0.0
2011-06-18 05:14:00,1.42995,1.42995,1.42995,1.42995,0.0
2011-06-18 05:15:00,1.42995,1.42995,1.42995,1.42995,0.0
2011-06-18 05:16:00,1.42995,1.42995,1.42995,1.42995,0.0
2011-06-18 05:17:00,1.42995,1.42995,1.42995,1.42995,0.0
2011-06-18 05:18:00,1.42995,1.42995,1.42995,1.42995,0.0
2011-06-18 05:19:00,1.42995,1.42995,1.42995,1.42995,0.0
2011-06-18 05:20:00,1.42995,1.42995,1.42995,1.42995,0.0
2011-06-18 05:21:00,1.42995,1.42995,1.42995,1.42995,0.0
2011-06-18 05:22:00,1.42995,1.42995,1.42995,1.42995,0.0
2011-06-18 05:23:00,1.42995,1.42995,1.42995,1.42995,0.0
2011-06-18 05:24:00,1.42995,1.42995,1.42995,1.42995,0.0
2011-06-18 05:25:00,1.42995,1.42995,1.42995,1.42995,0.0
2011-06-18 05:26:00,1.42995,1.42995,1.42995,1.42995,0.0
2011-06-18 05:27:00,1.42995,1.42995,1.42995,1.42995,0.0
2011-06-18 05:28:00,1.42995,1.42995,1.42995,1.42995,0.0
2011-06-18 05:29:00,1.42995,1.42995,1.42995,1.42995,0.0
2011-06-18 05:30:00,1.42995,1.42995,1.42995,1.42995,0.0
2011-06-18 05:31:00,1.42995,1.42995,1.42995,1.42995,0.0
2011-06-18 05:32:00,1.42995,1.42995,1.42995,1.42995,0.0
2011-06-18 05:33:00,1.42995,1.42995,1.42995,1.42995,0.0
2011-06-18 05:34:00,1.42995,1.42995,1.42995,1.42995,0.0
2011-06-18 05:35:00,1.42995,1.42995,1.42995,1.42995,0.0
2011-06-18 05:36:00,1.42995,1.42995,1.42995,1.42995,0.0
2011-06-18 05:37:00,1.42995,1.42995,1.42995,1.42995,0.0
2011-06-18 05:38:00,1.42995,1.42995,1.42995,1.42995,0.0
2011-06-18 05:39:00,1.42995,1.42995,1.42995,1.42995,0.0
2011-06-18 05:40:00,1.42995,1.42995,1.42995,1.42995,0.0
2011-06-18 05:41:00,1.42995,1.42995,1.42995,1.42995,0.0
2011-06-18 05:42:00,1.42995,1.42995,1.42995,1.42995,0.0
2011-06-18 05:43:00,1.42995,1.42995,1.42995,1.42995,0.0
2011-06-18 05:44:00,1.42995,1.42995,1.42995,1.42995,0.0
2011-06-18 05:45:00,1.42995,1.42995,1.42995,1.42995,0.0
2011-06-18 05:46:00,1.42995,1.42995,1.42995,1.42995,0.0
2011-06-18 05:47:00,1.42995,1.42995,1.42995,1.42995,0.0
2011-06-18 05:48:00,1.42995,1.42995,1.42995,1.42995,0.0
2011-06-18 05:49:00,1.42995,1.42995,1.42995,1.42995,0.0
2011-06-18 05:50:00,1.42995,1.42995,1.42995,1.42995,0.0
2011-06-18 05:51:00,1.42995,1.42995,1.42995,1.42995,0.0
2011-06-18 05:52:00,1.42995,1.42995,1.42995,1.42995,0.0
2011-06-18 05:53:00,1.42995,1.42995,1.42995,1.42995,0.0
2011-06-18 05:54:00,1.42995,1.42995,1.42995,1.42995,0.0
2011-06-18 05:55:00,1.42995,1.42995,1.42995,1.42995,0.0
2011-06-18 05:56:00,1.42995,1.42995,1.42995,1.42995,0.0
2011-06-18 05:57:00,1.42995,1.42995,1.42995,1.42995,0.0
2011-06-18 05:58:00,1.42995,1.42995,1.42995,1.42995,0.0
2011-06-18 05:59:00,1.42995,1.42995,1.42995,1.42995,0.0
2011-06-18 06:00:00,1.42995,1.42995,1.42995,1.42995,0.0
2011-06-18 06:01:00,1.42995,1.42995,1.42995,1.42995,0.0
2011-06-18 06:02:00,1.42995,1.42995,1.42995,1.42995,0.0
2011-06-18 06:03:00,1.42995,1.42995,1.42995,1.42995,0.0
2011-06-18 06:04:00,1.42995,1.42995,1.42995,1.42995,0.0
2011-06-18 06:05:00,1.42995,1.42995,1.42995,1.42995,0.0
2011-06-18 06:06:00,1.42995,1.42995,1.42995,1.42995,0.0
2011-06-18 06:07:00,1.42995,1.42995,1.42995,1.42995,0.0
2011-06-18 06:08:00,1.42995,1.42995,1.42995,1.42995,0.0
2011-06-18 06:09:00,1.42995,1.42995,1.42995,1.42995,0.0
2011-06-18 06:10:00,1.42995,1.42995,1.42995,1.42995,0.0
2011-06-18 06:11:00,1.42995,1.42995,1.42995,1.42995,0.0
2011-06-18 06:12:00,1.42995,1.42995,1.42995,1.42995,0.0
2011-06-18 06:13:00,1.42995,1.42995,1.42995,1.42995,0.0
2011-06-18 06:14:00,1.42995,1.42995,1.42995,1.42995,0.0
2011-06-18 06:15:00,1.42995,1.42995,1.42995,1.42995,0.0
2011-06-18 06:16:00,1.42995,1.42995,1.42995,1.42995,0.0
2011-06-18 06:17:00,1.42995,1.42995,1.42995,1.42995,0.0
2011-06-18 06:18:00,1.42995,1.42995,1.42995,1.42995,0.0
2011-06-18 06:19:00,1.42995,1.42995,1.42995,1.42995,0.0
2011-06-18 06:20:00,1.42995,1.42995,1.42995,1.42995,0.0
2011-06-18 06:21:00,1.42995,1.42995,1.42995,1.42995,0.0
2011-06-18 06:22:00,1.42995,1.42995,1.42995,1.42995,0.0
2011-06-18 06:23:00,1.42995,1.42995,1.42995,1.42995,0.0
2011-06-18 06:24:00,1.42995,1.42995,1.42995,1.42995,0.0
2011-06-18 06:25:00,1.42995,1.42995,1.42995,1.42995,0.0
2011-06-18 06:26:00,1.42995,1.42995,1.42995,1.42995,0.0
2011-06-18 06:27:00,1.42995,1.42995,1.42995,1.42995,0.0
2011-06-18 06:28:00,1.42995,1.42995,1.42995,1.42995,0.0
2011-06-18 06:29:00,1.42995,1.42995,1.42995,1.42995,0.0
2011-06-18 06:30:00,1.42995,1.42995,1.42995,1.42995,0.0
2011-06-18 06:31:00,1.42995,1.42995,1.42995,1.42995,0.0
2011-06-18 06:32:00,1.42995,1.42995,1.42995,1.42995,0.0
2011-06-18 06:33:00,1.42995,1.42995,1.42995,1.42995,0.0
2011-06-18 06:34:00,1.42995,1.42995,1.42995,1.42995,0.0
2011-06-18 06:35:00,1.42995,1.42995,1.42995,1.42995,0.0
2011-06-18 06:36:00,1.42995,1.42995,1.42995,1.42995,0.0
2011-06-18 06:37:00,1.42995,1.42995,1.42995,1.42995,0.0
2011-06-18 06:38:00,1.42995,1.42995,1.42995,1.42995,0.0
2011-06-18 06:39:00,1.42995,1.42995,1.42995,1.42995,0.0
2011-06-18 06:40:00,1.42995,1.42995,1.42995,1.42995,0.0
2011-06-18 06:41:00,1.42995,1.42995,1.42995,1.42995,0.0
2011-06-18 06:42:00,1.42995,1.42995,1.42995,1.42995,0.0
2011-06-18 06:43:00,1.42995,1.42995,1.42995,1.42995,0.0
2011-06-18 06:44:00,1.42995,1.42995,1.42995,1.42995,0.0
2011-06-18 06:45:00,1.42995,1.42995,1.42995,1.42995,0.0
2011-06-18 06:46:00,1.42995,1.42995,1.42995,1.42995,0.0
2011-06-18 06:47:00,1.42995,1.42995,1.42995,1.42995,0.0
2011-06-18 06:48:00,1.42995,1.42995,1.42995,1.42995,0.0
2011-06-18 06:49:00,1.42995,1.42995,1.42995,1.42995,0.0
2011-06-18 06:50:00,1.42995,1.42995,1.42995,1.42995,0.0
2011-06-18 06:51:00,1.42995,1.42995,1.42995,1.42995,0.0
2011-06-18 06:52:00,1.42995,1.42995,1.42995,1.42995,0.0
2011-06-18 06:53:00,1.42995,1.42995,1.42995,1.42995,0.0
2011-06-18 06:54:00,1.42995,1.42995,1.42995,1.42995,0.0
2011-06-18 06:55:00,1.42995,1.42995,1.42995,1.42995,0.0
2011-06-18 06:56:00,1.42995,1.42995,1.42995,1.42995,0.0
2011-06-18 06:57:00,1.42995,1.42995,1.42995,1.42995,0.0
2011-06-18 06:58:00,1.42995,1.42995,1.42995,1.42995,0.0
2011-06-18 06:59:00,1.42995,1.42995,1.42995,1.42995,0.0
2011-06-18 07:00:00,1.42995,1.42995,1.42995,1.42995,0.0
2011-06-18 07:01:00,1.42995,1.42995,1.42995,1.42995,0.0
2011-06-18 07:02:00,1.42995,1.42995,1.42995,1.42995,0.0
2011-06-18 07:03:00,1.42995,1.42995,1.42995,1.42995,0.0
2011-06-18 07:04:00,1.42995,1.42995,1.42995,1.42995,0.0
2011-06-18 07:05:00,1.42995,1.42995,1.42995,1.42995,0.0
2011-06-18 07:06:00,1.42995,1.42995,1.42995,1.42995,0.0
2011-06-18 07:07:00,1.42995,1.42995,1.42995,1.42995,0.0
2011-06-18 07:08:00,1.42995,1.42995,1.42995,1.42995,0.0
2011-06-18 07:09:00,1.42995,1.42995,1.42995,1.42995,0.0
2011-06-18 07:10:00,1.42995,1.42995,1.42995,1.42995,0.0
2011-06-18 07:11:00,1.42995,1.42995,1.42995,1.42995,0.0
2011-06-18 07:12:00,1.42995,1.42995,1.42995,1.42995,0.0
2011-06-18 07:13:00,1.42995,1.42995,1.42995,1.42995,0.0
2011-06-18 07:14:00,1.42995,1.42995,1.42995,1.42995,0.0
2011-06-18 07:15:00,1.42995,1.42995,1.42995,1.42995,0.0
2011-06-18 07:16:00,1.42995,1.42995,1.42995,1.42995,0.0
2011-06-18 07:17:00,1.42995,1.42995,1.42995,1.42995,0.0
2011-06-18 07:18:00,1.42995,1.42995,1.42995,1.42995,0.0
2011-06-18 07:19:00,1.42995,1.42995,1.42995,1.42995,0.0
2011-06-18 07:20:00,1.42995,1.42995,1.42995,1.42995,0.0
2011-06-18 07:21:00,1.42995,1.42995,1.42995,1.42995,0.0
2011-06-18 07:22:00,1.42995,1.42995,1.42995,1.42995,0.0
2011-06-18 07:23:00,1.42995,1.42995,1.42995,1.42995,0.0
2011-06-18 07:24:00,1.42995,1.42995,1.42995,1.42995,0.0
2011-06-18 07:25:00,1.42995,1.42995,1.42995,1.42995,0.0
2011-06-18 07:26:00,1.42995,1.42995,1.42995,1.42995,0.0
2011-06-18 07:27:00,1.42995,1.42995,1.42995,1.42995,0.0
2011-06-18 07:28:00,1.42995,1.42995,1.42995,1.42995,0.0
2011-06-18 07:29:00,1.42995,1.42995,1.42995,1.42995,0.0
2011-06-18 07:30:00,1.42995,1.42995,1.42995,1.42995,0.0
2011-06-18 07:31:00,1.42995,1.42995,1.42995,1.42995,0.0
2011-06-18 07:32:00,1.42995,1.42995,1.42995,1.42995,0.0
2011-06-18 07:33:00,1.42995,1.42995,1.42995,1.42995,0.0
2011-06-18 07:34:00,1.42995,1.42995,1.42995,1.42995,0.0
2011-06-18 07:35:00,1.42995,1.42995,1.42995,1.42995,0.0
2011-06-18 07:36:00,1.42995,1.42995,1.42995,1.42995,0.0
2011-06-18 07:37:00,1.42995,1.42995,1.42995,1.42995,0.0
2011-06-18 07:38:00,1.42995,1.42995,1.42995,1.42995,0.0
2011-06-18 07:39:00,1.42995,1.42995,1.42995,1.42995,0.0
2011-06-18 07:40:00,1.42995,1.42995,1.42995,1.42995,0.0
2011-06-18 07:41:00,1.42995,1.42995,1.42995,1.42995,0.0
2011-06-18 07:42:00,1.42995,1.42995,1.42995,1.42995,0.0
2011-06-18 07:43:00,1.42995,1.42995,1.42995,1.42995,0.0
2011-06-18 07:44:00,1.42995,1.42995,1.42995,1.42995,0.0
2011-06-18 07:45:00,1.42995,1.42995,1.42995,1.42995,0.0
2011-06-18 07:46:00,1.42995,1.42995,1.42995,1.42995,0.0
2011-06-18 07:47:00,1.42995,1.42995,1.42995,1.42995,0.0
2011-06-18 07:48:00,1.42995,1.42995,1.42995,1.42995,0.0
2011-06-18 07:49:00,1.42995,1.42995,1.42995,1.42995,0.0
2011-06-18 07:50:00,1.42995,1.42995,1.42995,1.42995,0.0
2011-06-18 07:51:00,1.42995,1.42995,1.42995,1.42995,0.0
2011-06-18 07:52:00,1.42995,1.42995,1.42995,1.42995,0.0
2011-06-18 07:53:00,1.42995,1.42995,1.42995,1.42995,0.0
2011-06-18 07:54:00,1.42995,1.42995,1.42995,1.42995,0.0
2011-06-18 07:55:00,1.42995,1.42995,1.42995,1.42995,0.0
2011-06-18 07:56:00,1.42995,1.42995,1.42995,1.42995,0.0
2011-06-18 07:57:00,1.42995,1.42995,1.42995,1.42995,0.0
2011-06-18 07:58:00,1.42995,1.42995,1.42995,1.42995,0.0
2011-06-18 07:59:00,1.42995,1.42995,1.42995,1.42995,0.0
2011-06-18 08:00:00,1.42995,1.42995,1.42995,1.42995,0.0
2011-06-18 08:01:00,1.42995,1.42995,1.42995,1.42995,0.0
2011-06-18 08:02:00,1.42995,1.42995,1.42995,1.42995,0.0
2011-06-18 08:03:00,1.42995,1.42995,1.42995,1.42995,0.0
2011-06-18 08:04:00,1.42995,1.42995,1.42995,1.42995,0.0
2011-06-18 08:05:00,1.42995,1.42995,1.42995,1.42995,0.0
2011-06-18 08:06:00,1.42995,1.42995,1.42995,1.42995,0.0
2011-06-18 08:07:00,1.42995,1.42995,1.42995,1.42995,0.0
2011-06-18 08:08:00,1.42995,1.42995,1.42995,1.42995,0.0
2011-06-18 08:09:00,1.42995,1.42995,1.42995,1.42995,0.0
2011-06-18 08:10:00,1.42995,1.42995,1.42995,1.42995,0.0
2011-06-18 08:11:00,1.42995,1.42995,1.42995,1.42995,0.0
2011-06-18 08:12:00,1.42995,1.42995,1.42995,1.42995,0.0
2011-06-18 08:13:00,1.42995,1.42995,1.42995,1.42995,0.0
2011-06-18 08:14:00,1.42995,1.42995,1.42995,1.42995,0.0
2011-06-18 08:15:00,1.42995,1.42995,1.42995,1.42995,0.0
2011-06-18 08:16:00,1.42995,1.42995,1.42995,1.42995,0.0
2011-06-18 08:17:00,1.42995,1.42995,1.42995,1.42995,0.0
2011-06-18 08:18:00,1.42995,1.42995,1.42995,1.42995,0.0
2011-06-18 08:19:00,1.42995,1.42995,1.42995,1.42995,0.0
2011-06-18 08:20:00,1.42995,1.42995,1.42995,1.42995,0.0
2011-06-18 08:21:00,1.42995,1.42995,1.42995,1.42995,0.0
2011-06-18 08:22:00,1.42995,1.42995,1.42995,1.42995,0.0
2011-06-18 08:23:00,1.42995,1.42995,1.42995,1.42995,0.0
2011-06-18 08:24:00,1.42995,1.42995,1.42995,1.42995,0.0
2011-06-18 08:25:00,1.42995,1.42995,1.42995,1.42995,0.0
2011-06-18 08:26:00,1.42995,1.42995,1.42995,1.42995,0.0
2011-06-18 08:27:00,1.42995,1.42995,1.42995,1.42995,0.0
2011-06-18 08:28:00,1.42995,1.42995,1.42995,1.42995,0.0
2011-06-18 08:29:00,1.42995,1.42995,1.42995,1.42995,0.0
2011-06-18 08:30:00,1.42995,1.42995,1.42995,1.42995,0.0
2011-06-18 08:31:00,1.42995,1.42995,1.42995,1.42995,0.0
2011-06-18 08:32:00,1.42995,1.42995,1.42995,1.42995,0.0
2011-06-18 08:33:00,1.42995,1.42995,1.42995,1.42995,0.0
2011-06-18 08:34:00,1.42995,1.42995,1.42995,1.42995,0.0
2011-06-18 08:35:00,1.42995,1.42995,1.42995,1.42995,0.0
2011-06-18 08:36:00,1.42995,1.42995,1.42995,1.42995,0.0
2011-06-18 08:37:00,1.42995,1.42995,1.42995,1.42995,0.0
2011-06-18 08:38:00,1.42995,1.42995,1.42995,1.42995,0.0
2011-06-18 08:39:00,1.42995,1.42995,1.42995,1.42995,0.0
2011-06-18 08:40:00,1.42995,1.42995,1.42995,1.42995,0.0
2011-06-18 08:41:00,1.42995,1.42995,1.42995,1.42995,0.0
2011-06-18 08:42:00,1.42995,1.42995,1.42995,1.42995,0.0
2011-06-18 08:43:00,1.42995,1.42995,1.42995,1.42995,0.0
2011-06-18 08:44:00,1.42995,1.42995,1.42995,1.42995,0.0
2011-06-18 08:45:00,1.42995,1.42995,1.42995,1.42995,0.0
2011-06-18 08:46:00,1.42995,1.42995,1.42995,1.42995,0.0
2011-06-18 08:47:00,1.42995,1.42995,1.42995,1.42995,0.0
2011-06-18 08:48:00,1.42995,1.42995,1.42995,1.42995,0.0
2011-06-18 08:49:00,1.42995,1.42995,1.42995,1.42995,0.0
2011-06-18 08:50:00,1.42995,1.42995,1.42995,1.42995,0.0
2011-06-18 08:51:00,1.42995,1.42995,1.42995,1.42995,0.0
2011-06-18 08:52:00,1.42995,1.42995,1.42995,1.42995,0.0
2011-06-18 08:53:00,1.42995,1.42995,1.42995,1.42995,0.0
2011-06-18 08:54:00,1.42995,1.42995,1.42995,1.42995,0.0
2011-06-18 08:55:00,1.42995,1.42995,1.42995,1.42995,0.0
2011-06-18 08:56:00,1.42995,1.42995,1.42995,1.42995,0.0
2011-06-18 08:57:00,1.42995,1.42995,1.42995,1.42995,0.0
2011-06-18 08:58:00,1.42995,1.42995,1.42995,1.42995,0.0
2011-06-18 08:59:00,1.42995,1.42995,1.42995,1.42995,0.0
2011-06-18 09:00:00,1.42995,1.42995,1.42995,1.42995,0.0
2011-06-18 09:01:00,1.42995,1.42995,1.42995,1.42995,0.0
2011-06-18 09:02:00,1.42995,1.42995,1.42995,1.42995,0.0
2011-06-18 09:03:00,1.42995,1.42995,1.42995,1.42995,0.0
2011-06-18 09:04:00,1.42995,1.42995,1.42995,1.42995,0.0
2011-06-18 09:05:00,1.42995,1.42995,1.42995,1.42995,0.0
2011-06-18 09:06:00,1.42995,1.42995,1.42995,1.42995,0.0
2011-06-18 09:07:00,1.42995,1.42995,1.42995,1.42995,0.0
2011-06-18 09:08:00,1.42995,1.42995,1.42995,1.42995,0.0
2011-06-18 09:09:00,1.42995,1.42995,1.42995,1.42995,0.0
2011-06-18 09:10:00,1.42995,1.42995,1.42995,1.42995,0.0
2011-06-18 09:11:00,1.42995,1.42995,1.42995,1.42995,0.0
2011-06-18 09:12:00,1.42995,1.42995,1.42995,1.42995,0.0
2011-06-18 09:13:00,1.42995,1.42995,1.42995,1.42995,0.0
2011-06-18 09:14:00,1.42995,1.42995,1.42995,1.42995,0.0
2011-06-18 09:15:00,1.42995,1.42995,1.42995,1.42995,0.0
2011-06-18 09:16:00,1.42995,1.42995,1.42995,1.42995,0.0
2011-06-18 09:17:00,1.42995,1.42995,1.42995,1.42995,0.0
2011-06-18 09:18:00,1.42995,1.42995,1.42995,1.42995,0.0
2011-06-18 09:19:00,1.42995,1.42995,1.42995,1.42995,0.0
2011-06-18 09:20:00,1.42995,1.42995,1.42995,1.42995,0.0
2011-06-18 09:21:00,1.42995,1.42995,1.42995,1.42995,0.0
2011-06-18 09:22:00,1.42995,1.42995,1.42995,1.42995,0.0
2011-06-18 09:23:00,1.42995,1.42995,1.42995,1.42995,0.0
2011-06-18 09:24:00,1.42995,1.42995,1.42995,1.42995,0.0
2011-06-18 09:25:00,1.42995,1.42995,1.42995,1.42995,0.0
2011-06-18 09:26:00,1.42995,1.42995,1.42995,1.42995,0.0
2011-06-18 09:27:00,1.42995,1.42995,1.42995,1.42995,0.0
2011-06-18 09:28:00,1.42995,1.42995,1.42995,1.42995,0.0
2011-06-18 09:29:00,1.42995,1.42995,1.42995,1.42995,0.0
2011-06-18 09:30:00,1.42995,1.42995,1.42995,1.42995,0.0
2011-06-18 09:31:00,1.42995,1.42995,1.42995,1.42995,0.0
2011-06-18 09:32:00,1.42995,1.42995,1.42995,1.42995,0.0
2011-06-18 09:33:00,1.42995,1.42995,1.42995,1.42995,0.0
2011-06-18 09:34:00,1.42995,1.42995,1.42995,1.42995,0.0
2011-06-18 09:35:00,1.42995,1.42995,1.42995,1.42995,0.0
2011-06-18 09:36:00,1.42995,1.42995,1.42995,1.42995,0.0
2011-06-18 09:37:00,1.42995,1.42995,1.42995,1.42995,0.0
2011-06-18 09:38:00,1.42995,1.42995,1.42995,1.42995,0.0
2011-06-18 09:39:00,1.42995,1.42995,1.42995,1.42995,0.0
2011-06-18 09:40:00,1.42995,1.42995,1.42995,1.42995,0.0
2011-06-18 09:41:00,1.42995,1.42995,1.42995,1.42995,0.0
2011-06-18 09:42:00,1.42995,1.42995,1.42995,1.42995,0.0
2011-06-18 09:43:00,1.42995,1.42995,1.42995,1.42995,0.0
2011-06-18 09:44:00,1.42995,1.42995,1.42995,1.42995,0.0
2011-06-18 09:45:00,1.42995,1.42995,1.42995,1.42995,0.0
2011-06-18 09:46:00,1.42995,1.42995,1.42995,1.42995,0.0
2011-06-18 09:47:00,1.42995,1.42995,1.42995,1.42995,0.0
2011-06-18 09:48:00,1.42995,1.42995,1.42995,1.42995,0.0
2011-06-18 09:49:00,1.42995,1.42995,1.42995,1.42995,0.0
2011-06-18 09:50:00,1.42995,1.42995,1.42995,1.42995,0.0
2011-06-18 09:51:00,1.42995,1.42995,1.42995,1.42995,0.0
2011-06-18 09:52:00,1.42995,1.42995,1.42995,1.42995,0.0
2011-06-18 09:53:00,1.42995,1.42995,1.42995,1.42995,0.0
2011-06-18 09:54:00,1.42995,1.42995,1.42995,1.42995,0.0
2011-06-18 09:55:00,1.42995,1.42995,1.42995,1.42995,0.0
2011-06-18 09:56:00,1.42995,1.42995,1.42995,1.42995,0.0
2011-06-18 09:57:00,1.42995,1.42995,1.42995,1.42995,0.0
2011-06-18 09:58:00,1.42995,1.42995,1.42995,1.42995,0.0
2011-06-18 09:59:00,1.42995,1.42995,1.42995,1.42995,0.0
2011-06-18 10:00:00,1.42995,1.42995,1.42995,1.42995,0.0
2011-06-18 10:01:00,1.42995,1.42995,1.42995,1.42995,0.0
2011-06-18 10:02:00,1.42995,1.42995,1.42995,1.42995,0.0
2011-06-18 10:03:00,1.42995,1.42995,1.42995,1.42995,0.0
2011-06-18 10:04:00,1.42995,1.42995,1.42995,1.42995,0.0
2011-06-18 10:05:00,1.42995,1.42995,1.42995,1.42995,0.0
2011-06-18 10:06:00,1.42995,1.42995,1.42995,1.42995,0.0
2011-06-18 10:07:00,1.42995,1.42995,1.42995,1.42995,0.0
2011-06-18 10:08:00,1.42995,1.42995,1.42995,1.42995,0.0
2011-06-18 10:09:00,1.42995,1.42995,1.42995,1.42995,0.0
2011-06-18 10:10:00,1.42995,1.42995,1.42995,1.42995,0.0
2011-06-18 10:11:00,1.42995,1.42995,1.42995,1.42995,0.0
2011-06-18 10:12:00,1.42995,1.42995,1.42995,1.42995,0.0
2011-06-18 10:13:00,1.42995,1.42995,1.42995,1.42995,0.0
2011-06-18 10:14:00,1.42995,1.42995,1.42995,1.42995,0.0
2011-06-18 10:15:00,1.42995,1.42995,1.42995,1.42995,0.0
2011-06-18 10:16:00,1.42995,1.42995,1.42995,1.42995,0.0
2011-06-18 10:17:00,1.42995,1.42995,1.42995,1.42995,0.0
2011-06-18 10:18:00,1.42995,1.42995,1.42995,1.42995,0.0
2011-06-18 10:19:00,1.42995,1.42995,1.42995,1.42995,0.0
2011-06-18 10:20:00,1.42995,1.42995,1.42995,1.42995,0.0
2011-06-18 10:21:00,1.42995,1.42995,1.42995,1.42995,0.0
2011-06-18 10:22:00,1.42995,1.42995,1.42995,1.42995,0.0
2011-06-18 10:23:00,1.42995,1.42995,1.42995,1.42995,0.0
2011-06-18 10:24:00,1.42995,1.42995,1.42995,1.42995,0.0
2011-06-18 10:25:00,1.42995,1.42995,1.42995,1.42995,0.0
2011-06-18 10:26:00,1.42995,1.42995,1.42995,1.42995,0.0
2011-06-18 10:27:00,1.42995,1.42995,1.42995,1.42995,0.0
2011-06-18 10:28:00,1.42995,1.42995,1.42995,1.42995,0.0
2011-06-18 10:29:00,1.42995,1.42995,1.42995,1.42995,0.0
2011-06-18 10:30:00,1.42995,1.42995,1.42995,1.42995,0.0
2011-06-18 10:31:00,1.42995,1.42995,1.42995,1.42995,0.0
2011-06-18 10:32:00,1.42995,1.42995,1.42995,1.42995,0.0
2011-06-18 10:33:00,1.42995,1.42995,1.42995,1.42995,0.0
2011-06-18 10:34:00,1.42995,1.42995,1.42995,1.42995,0.0
2011-06-18 10:35:00,1.42995,1.42995,1.42995,1.42995,0.0
2011-06-18 10:36:00,1.42995,1.42995,1.42995,1.42995,0.0
2011-06-18 10:37:00,1.42995,1.42995,1.42995,1.42995,0.0
2011-06-18 10:38:00,1.42995,1.42995,1.42995,1.42995,0.0
2011-06-18 10:39:00,1.42995,1.42995,1.42995,1.42995,0.0
2011-06-18 10:40:00,1.42995,1.42995,1.42995,1.42995,0.0
2011-06-18 10:41:00,1.42995,1.42995,1.42995,1.42995,0.0
2011-06-18 10:42:00,1.42995,1.42995,1.42995,1.42995,0.0
2011-06-18 10:43:00,1.42995,1.42995,1.42995,1.42995,0.0
2011-06-18 10:44:00,1.42995,1.42995,1.42995,1.42995,0.0
2011-06-18 10:45:00,1.42995,1.42995,1.42995,1.42995,0.0
2011-06-18 10:46:00,1.42995,1.42995,1.42995,1.42995,0.0
2011-06-18 10:47:00,1.42995,1.42995,1.42995,1.42995,0.0
2011-06-18 10:48:00,1.42995,1.42995,1.42995,1.42995,0.0
2011-06-18 10:49:00,1.42995,1.42995,1.42995,1.42995,0.0
2011-06-18 10:50:00,1.42995,1.42995,1.42995,1.42995,0.0
2011-06-18 10:51:00,1.42995,1.42995,1.42995,1.42995,0.0
2011-06-18 10:52:00,1.42995,1.42995,1.42995,1.42995,0.0
2011-06-18 10:53:00,1.42995,1.42995,1.42995,1.42995,0.0
2011-06-18 10:54:00,1.42995,1.42995,1.42995,1.42995,0.0
2011-06-18 10:55:00,1.42995,1.42995,1.42995,1.42995,0.0
2011-06-18 10:56:00,1.42995,1.42995,1.42995,1.42995,0.0
2011-06-18 10:57:00,1.42995,1.42995,1.42995,1.42995,0.0
2011-06-18 10:58:00,1.42995,1.42995,1.42995,1.42995,0.0
2011-06-18 10:59:00,1.42995,1.42995,1.42995,1.42995,0.0
2011-06-18 11:00:00,1.42995,1.42995,1.42995,1.42995,0.0
2011-06-18 11:01:00,1.42995,1.42995,1.42995,1.42995,0.0
2011-06-18 11:02:00,1.42995,1.42995,1.42995,1.42995,0.0
2011-06-18 11:03:00,1.42995,1.42995,1.42995,1.42995,0.0
2011-06-18 11:04:00,1.42995,1.42995,1.42995,1.42995,0.0
2011-06-18 11:05:00,1.42995,1.42995,1.42995,1.42995,0.0
2011-06-18 11:06:00,1.42995,1.42995,1.42995,1.42995,0.0
2011-06-18 11:07:00,1.42995,1.42995,1.42995,1.42995,0.0
2011-06-18 11:08:00,1.42995,1.42995,1.42995,1.42995,0.0
2011-06-18 11:09:00,1.42995,1.42995,1.42995,1.42995,0.0
2011-06-18 11:10:00,1.42995,1.42995,1.42995,1.42995,0.0
2011-06-18 11:11:00,1.42995,1.42995,1.42995,1.42995,0.0
2011-06-18 11:12:00,1.42995,1.42995,1.42995,1.42995,0.0
2011-06-18 11:13:00,1.42995,1.42995,1.42995,1.42995,0.0
2011-06-18 11:14:00,1.42995,1.42995,1.42995,1.42995,0.0
2011-06-18 11:15:00,1.42995,1.42995,1.42995,1.42995,0.0
2011-06-18 11:16:00,1.42995,1.42995,1.42995,1.42995,0.0
2011-06-18 11:17:00,1.42995,1.42995,1.42995,1.42995,0.0
2011-06-18 11:18:00,1.42995,1.42995,1.42995,1.42995,0.0
2011-06-18 11:19:00,1.42995,1.42995,1.42995,1.42995,0.0
2011-06-18 11:20:00,1.42995,1.42995,1.42995,1.42995,0.0
2011-06-18 11:21:00,1.42995,1.42995,1.42995,1.42995,0.0
2011-06-18 11:22:00,1.42995,1.42995,1.42995,1.42995,0.0
2011-06-18 11:23:00,1.42995,1.42995,1.42995,1.42995,0.0
2011-06-18 11:24:00,1.42995,1.42995,1.42995,1.42995,0.0
2011-06-18 11:25:00,1.42995,1.42995,1.42995,1.42995,0.0
2011-06-18 11:26:00,1.42995,1.42995,1.42995,1.42995,0.0
2011-06-18 11:27:00,1.42995,1.42995,1.42995,1.42995,0.0
2011-06-18 11:28:00,1.42995,1.42995,1.42995,1.42995,0.0
2011-06-18 11:29:00,1.42995,1.42995,1.42995,1.42995,0.0
2011-06-18 11:30:00,1.42995,1.42995,1.42995,1.42995,0.0
2011-06-18 11:31:00,1.42995,1.42995,1.42995,1.42995,0.0
2011-06-18 11:32:00,1.42995,1.42995,1.42995,1.42995,0.0
2011-06-18 11:33:00,1.42995,1.42995,1.42995,1.42995,0.0
2011-06-18 11:34:00,1.42995,1.42995,1.42995,1.42995,0.0
2011-06-18 11:35:00,1.42995,1.42995,1.42995,1.42995,0.0
2011-06-18 11:36:00,1.42995,1.42995,1.42995,1.42995,0.0
2011-06-18 11:37:00,1.42995,1.42995,1.42995,1.42995,0.0
2011-06-18 11:38:00,1.42995,1.42995,1.42995,1.42995,0.0
2011-06-18 11:39:00,1.42995,1.42995,1.42995,1.42995,0.0
2011-06-18 11:40:00,1.42995,1.42995,1.42995,1.42995,0.0
2011-06-18 11:41:00,1.42995,1.42995,1.42995,1.42995,0.0
2011-06-18 11:42:00,1.42995,1.42995,1.42995,1.42995,0.0
2011-06-18 11:43:00,1.42995,1.42995,1.42995,1.42995,0.0
2011-06-18 11:44:00,1.42995,1.42995,1.42995,1.42995,0.0
2011-06-18 11:45:00,1.42995,1.42995,1.42995,1.42995,0.0
2011-06-18 11:46:00,1.42995,1.42995,1.42995,1.42995,0.0
2011-06-18 11:47:00,1.42995,1.42995,1.42995,1.42995,0.0
2011-06-18 11:48:00,1.42995,1.42995,1.42995,1.42995,0.0
2011-06-18 11:49:00,1.42995,1.42995,1.42995,1.42995,0.0
2011-06-18 11:50:00,1.42995,1.42995,1.42995,1.42995,0.0
2011-06-18 11:51:00,1.42995,1.42995,1.42995,1.42995,0.0
2011-06-18 11:52:00,1.42995,1.42995,1.42995,1.42995,0.0
2011-06-18 11:53:00,1.42995,1.42995,1.42995,1.42995,0.0
2011-06-18 11:54:00,1.42995,1.42995,1.42995,1.42995,0.0
2011-06-18 11:55:00,1.42995,1.42995,1.42995,1.42995,0.0
2011-06-18 11:56:00,1.42995,1.42995,1.42995,1.42995,0.0
2011-06-18 11:57:00,1.42995,1.42995,1.42995,1.42995,0.0
2011-06-18 11:58:00,1.42995,1.42995,1.42995,1.42995,0.0
2011-06-18 11:59:00,1.42995,1.42995,1.42995,1.42995,0.0
2011-06-18 12:00:00,1.42995,1.42995,1.42995,1.42995,0.0
2011-06-18 12:01:00,1.42995,1.42995,1.42995,1.42995,0.0
2011-06-18 12:02:00,1.42995,1.42995,1.42995,1.42995,0.0
2011-06-18 12:03:00,1.42995,1.42995,1.42995,1.42995,0.0
2011-06-18 12:04:00,1.42995,1.42995,1.42995,1.42995,0.0
2011-06-18 12:05:00,1.42995,1.42995,1.42995,1.42995,0.0
2011-06-18 12:06:00,1.42995,1.42995,1.42995,1.42995,0.0
2011-06-18 12:07:00,1.42995,1.42995,1.42995,1.42995,0.0
2011-06-18 12:08:00,1.42995,1.42995,1.42995,1.42995,0.0
2011-06-18 12:09:00,1.42995,1.42995,1.42995,1.42995,0.0
2011-06-18 12:10:00,1.42995,1.42995,1.42995,1.42995,0.0
2011-06-18 12:11:00,1.42995,1.42995,1.42995,1.42995,0.0
2011-06-18 12:12:00,1.42995,1.42995,1.42995,1.42995,0.0
2011-06-18 12:13:00,1.42995,1.42995,1.42995,1.42995,0.0
2011-06-18 12:14:00,1.42995,1.42995,1.42995,1.42995,0.0
2011-06-18 12:15:00,1.42995,1.42995,1.42995,1.42995,0.0
2011-06-18 12:16:00,1.42995,1.42995,1.42995,1.42995,0.0
2011-06-18 12:17:00,1.42995,1.42995,1.42995,1.42995,0.0
2011-06-18 12:18:00,1.42995,1.42995,1.42995,1.42995,0.0
2011-06-18 12:19:00,1.42995,1.42995,1.42995,1.42995,0.0
2011-06-18 12:20:00,1.42995,1.42995,1.42995,1.42995,0.0
2011-06-18 12:21:00,1.42995,1.42995,1.42995,1.42995,0.0
2011-06-18 12:22:00,1.42995,1.42995,1.42995,1.42995,0.0
2011-06-18 12:23:00,1.42995,1.42995,1.42995,1.42995,0.0
2011-06-18 12:24:00,1.42995,1.42995,1.42995,1.42995,0.0
2011-06-18 12:25:00,1.42995,1.42995,1.42995,1.42995,0.0
2011-06-18 12:26:00,1.42995,1.42995,1.42995,1.42995,0.0
2011-06-18 12:27:00,1.42995,1.42995,1.42995,1.42995,0.0
2011-06-18 12:28:00,1.42995,1.42995,1.42995,1.42995,0.0
2011-06-18 12:29:00,1.42995,1.42995,1.42995,1.42995,0.0
2011-06-18 12:30:00,1.42995,1.42995,1.42995,1.42995,0.0
2011-06-18 12:31:00,1.42995,1.42995,1.42995,1.42995,0.0
2011-06-18 12:32:00,1.42995,1.42995,1.42995,1.42995,0.0
2011-06-18 12:33:00,1.42995,1.42995,1.42995,1.42995,0.0
2011-06-18 12:34:00,1.42995,1.42995,1.42995,1.42995,0.0
2011-06-18 12:35:00,1.42995,1.42995,1.42995,1.42995,0.0
2011-06-18 12:36:00,1.42995,1.42995,1.42995,1.42995,0.0
2011-06-18 12:37:00,1.42995,1.42995,1.42995,1.42995,0.0
2011-06-18 12:38:00,1.42995,1.42995,1.42995,1.42995,0.0
2011-06-18 12:39:00,1.42995,1.42995,1.42995,1.42995,0.0
2011-06-18 12:40:00,1.42995,1.42995,1.42995,1.42995,0.0
2011-06-18 12:41:00,1.42995,1.42995,1.42995,1.42995,0.0
2011-06-18 12:42:00,1.42995,1.42995,1.42995,1.42995,0.0
2011-06-18 12:43:00,1.42995,1.42995,1.42995,1.42995,0.0
2011-06-18 12:44:00,1.42995,1.42995,1.42995,1.42995,0.0
2011-06-18 12:45:00,1.42995,1.42995,1.42995,1.42995,0.0
2011-06-18 12:46:00,1.42995,1.42995,1.42995,1.42995,0.0
2011-06-18 12:47:00,1.42995,1.42995,1.42995,1.42995,0.0
2011-06-18 12:48:00,1.42995,1.42995,1.42995,1.42995,0.0
2011-06-18 12:49:00,1.42995,1.42995,1.42995,1.42995,0.0
2011-06-18 12:50:00,1.42995,1.42995,1.42995,1.42995,0.0
2011-06-18 12:51:00,1.42995,1.42995,1.42995,1.42995,0.0
2011-06-18 12:52:00,1.42995,1.42995,1.42995,1.42995,0.0
2011-06-18 12:53:00,1.42995,1.42995,1.42995,1.42995,0.0
2011-06-18 12:54:00,1.42995,1.42995,1.42995,1.42995,0.0
2011-06-18 12:55:00,1.42995,1.42995,1.42995,1.42995,0.0
2011-06-18 12:56:00,1.42995,1.42995,1.42995,1.42995,0.0
2011-06-18 12:57:00,1.42995,1.42995,1.42995,1.42995,0.0
2011-06-18 12:58:00,1.42995,1.42995,1.42995,1.42995,0.0
2011-06-18 12:59:00,1.42995,1.42995,1.42995,1.42995,0.0
2011-06-18 13:00:00,1.42995,1.42995,1.42995,1.42995,0.0
2011-06-18 13:01:00,1.42995,1.42995,1.42995,1.42995,0.0
2011-06-18 13:02:00,1.42995,1.42995,1.42995,1.42995,0.0
2011-06-18 13:03:00,1.42995,1.42995,1.42995,1.42995,0.0
2011-06-18 13:04:00,1.42995,1.42995,1.42995,1.42995,0.0
2011-06-18 13:05:00,1.42995,1.42995,1.42995,1.42995,0.0
2011-06-18 13:06:00,1.42995,1.42995,1.42995,1.42995,0.0
2011-06-18 13:07:00,1.42995,1.42995,1.42995,1.42995,0.0
2011-06-18 13:08:00,1.42995,1.42995,1.42995,1.42995,0.0
2011-06-18 13:09:00,1.42995,1.42995,1.42995,1.42995,0.0
2011-06-18 13:10:00,1.42995,1.42995,1.42995,1.42995,0.0
2011-06-18 13:11:00,1.42995,1.42995,1.42995,1.42995,0.0
2011-06-18 13:12:00,1.42995,1.42995,1.42995,1.42995,0.0
2011-06-18 13:13:00,1.42995,1.42995,1.42995,1.42995,0.0
2011-06-18 13:14:00,1.42995,1.42995,1.42995,1.42995,0.0
2011-06-18 13:15:00,1.42995,1.42995,1.42995,1.42995,0.0
2011-06-18 13:16:00,1.42995,1.42995,1.42995,1.42995,0.0
2011-06-18 13:17:00,1.42995,1.42995,1.42995,1.42995,0.0
2011-06-18 13:18:00,1.42995,1.42995,1.42995,1.42995,0.0
2011-06-18 13:19:00,1.42995,1.42995,1.42995,1.42995,0.0
2011-06-18 13:20:00,1.42995,1.42995,1.42995,1.42995,0.0
2011-06-18 13:21:00,1.42995,1.42995,1.42995,1.42995,0.0
2011-06-18 13:22:00,1.42995,1.42995,1.42995,1.42995,0.0
2011-06-18 13:23:00,1.42995,1.42995,1.42995,1.42995,0.0
2011-06-18 13:24:00,1.42995,1.42995,1.42995,1.42995,0.0
2011-06-18 13:25:00,1.42995,1.42995,1.42995,1.42995,0.0
2011-06-18 13:26:00,1.42995,1.42995,1.42995,1.42995,0.0
2011-06-18 13:27:00,1.42995,1.42995,1.42995,1.42995,0.0
2011-06-18 13:28:00,1.42995,1.42995,1.42995,1.42995,0.0
2011-06-18 13:29:00,1.42995,1.42995,1.42995,1.42995,0.0
2011-06-18 13:30:00,1.42995,1.42995,1.42995,1.42995,0.0
2011-06-18 13:31:00,1.42995,1.42995,1.42995,1.42995,0.0
2011-06-18 13:32:00,1.42995,1.42995,1.42995,1.42995,0.0
2011-06-18 13:33:00,1.42995,1.42995,1.42995,1.42995,0.0
2011-06-18 13:34:00,1.42995,1.42995,1.42995,1.42995,0.0
2011-06-18 13:35:00,1.42995,1.42995,1.42995,1.42995,0.0
2011-06-18 13:36:00,1.42995,1.42995,1.42995,1.42995,0.0
2011-06-18 13:37:00,1.42995,1.42995,1.42995,1.42995,0.0
2011-06-18 13:38:00,1.42995,1.42995,1.42995,1.42995,0.0
2011-06-18 13:39:00,1.42995,1.42995,1.42995,1.42995,0.0
2011-06-18 13:40:00,1.42995,1.42995,1.42995,1.42995,0.0
2011-06-18 13:41:00,1.42995,1.42995,1.42995,1.42995,0.0
2011-06-18 13:42:00,1.42995,1.42995,1.42995,1.42995,0.0
2011-06-18 13:43:00,1.42995,1.42995,1.42995,1.42995,0.0
2011-06-18 13:44:00,1.42995,1.42995,1.42995,1.42995,0.0
2011-06-18 13:45:00,1.42995,1.42995,1.42995,1.42995,0.0
2011-06-18 13:46:00,1.42995,1.42995,1.42995,1.42995,0.0
2011-06-18 13:47:00,1.42995,1.42995,1.42995,1.42995,0.0
2011-06-18 13:48:00,1.42995,1.42995,1.42995,1.42995,0.0
2011-06-18 13:49:00,1.42995,1.42995,1.42995,1.42995,0.0
2011-06-18 13:50:00,1.42995,1.42995,1.42995,1.42995,0.0
2011-06-18 13:51:00,1.42995,1.42995,1.42995,1.42995,0.0
2011-06-18 13:52:00,1.42995,1.42995,1.42995,1.42995,0.0
2011-06-18 13:53:00,1.42995,1.42995,1.42995,1.42995,0.0
2011-06-18 13:54:00,1.42995,1.42995,1.42995,1.42995,0.0
2011-06-18 13:55:00,1.42995,1.42995,1.42995,1.42995,0.0
2011-06-18 13:56:00,1.42995,1.42995,1.42995,1.42995,0.0
2011-06-18 13:57:00,1.42995,1.42995,1.42995,1.42995,0.0
2011-06-18 13:58:00,1.42995,1.42995,1.42995,1.42995,0.0
2011-06-18 13:59:00,1.42995,1.42995,1.42995,1.42995,0.0
2011-06-18 14:00:00,1.42995,1.42995,1.42995,1.42995,0.0
2011-06-18 14:01:00,1.42995,1.42995,1.42995,1.42995,0.0
2011-06-18 14:02:00,1.42995,1.42995,1.42995,1.42995,0.0
2011-06-18 14:03:00,1.42995,1.42995,1.42995,1.42995,0.0
2011-06-18 14:04:00,1.42995,1.42995,1.42995,1.42995,0.0
2011-06-18 14:05:00,1.42995,1.42995,1.42995,1.42995,0.0
2011-06-18 14:06:00,1.42995,1.42995,1.42995,1.42995,0.0
2011-06-18 14:07:00,1.42995,1.42995,1.42995,1.42995,0.0
2011-06-18 14:08:00,1.42995,1.42995,1.42995,1.42995,0.0
2011-06-18 14:09:00,1.42995,1.42995,1.42995,1.42995,0.0
2011-06-18 14:10:00,1.42995,1.42995,1.42995,1.42995,0.0
2011-06-18 14:11:00,1.42995,1.42995,1.42995,1.42995,0.0
2011-06-18 14:12:00,1.42995,1.42995,1.42995,1.42995,0.0
2011-06-18 14:13:00,1.42995,1.42995,1.42995,1.42995,0.0
2011-06-18 14:14:00,1.42995,1.42995,1.42995,1.42995,0.0
2011-06-18 14:15:00,1.42995,1.42995,1.42995,1.42995,0.0
2011-06-18 14:16:00,1.42995,1.42995,1.42995,1.42995,0.0
2011-06-18 14:17:00,1.42995,1.42995,1.42995,1.42995,0.0
2011-06-18 14:18:00,1.42995,1.42995,1.42995,1.42995,0.0
2011-06-18 14:19:00,1.42995,1.42995,1.42995,1.42995,0.0
2011-06-18 14:20:00,1.42995,1.42995,1.42995,1.42995,0.0
2011-06-18 14:21:00,1.42995,1.42995,1.42995,1.42995,0.0
2011-06-18 14:22:00,1.42995,1.42995,1.42995,1.42995,0.0
2011-06-18 14:23:00,1.42995,1.42995,1.42995,1.42995,0.0
2011-06-18 14:24:00,1.42995,1.42995,1.42995,1.42995,0.0
2011-06-18 14:25:00,1.42995,1.42995,1.42995,1.42995,0.0
2011-06-18 14:26:00,1.42995,1.42995,1.42995,1.42995,0.0
2011-06-18 14:27:00,1.42995,1.42995,1.42995,1.42995,0.0
2011-06-18 14:28:00,1.42995,1.42995,1.42995,1.42995,0.0
2011-06-18 14:29:00,1.42995,1.42995,1.42995,1.42995,0.0
2011-06-18 14:30:00,1.42995,1.42995,1.42995,1.42995,0.0
2011-06-18 14:31:00,1.42995,1.42995,1.42995,1.42995,0.0
2011-06-18 14:32:00,1.42995,1.42995,1.42995,1.42995,0.0
2011-06-18 14:33:00,1.42995,1.42995,1.42995,1.42995,0.0
2011-06-18 14:34:00,1.42995,1.42995,1.42995,1.42995,0.0
2011-06-18 14:35:00,1.42995,1.42995,1.42995,1.42995,0.0
2011-06-18 14:36:00,1.42995,1.42995,1.42995,1.42995,0.0
2011-06-18 14:37:00,1.42995,1.42995,1.42995,1.42995,0.0
2011-06-18 14:38:00,1.42995,1.42995,1.42995,1.42995,0.0
2011-06-18 14:39:00,1.42995,1.42995,1.42995,1.42995,0.0
2011-06-18 14:40:00,1.42995,1.42995,1.42995,1.42995,0.0
2011-06-18 14:41:00,1.42995,1.42995,1.42995,1.42995,0.0
2011-06-18 14:42:00,1.42995,1.42995,1.42995,1.42995,0.0
2011-06-18 14:43:00,1.42995,1.42995,1.42995,1.42995,0.0
2011-06-18 14:44:00,1.42995,1.42995,1.42995,1.42995,0.0
2011-06-18 14:45:00,1.42995,1.42995,1.42995,1.42995,0.0
2011-06-18 14:46:00,1.42995,1.42995,1.42995,1.42995,0.0
2011-06-18 14:47:00,1.42995,1.42995,1.42995,1.42995,0.0
2011-06-18 14:48:00,1.42995,1.42995,1.42995,1.42995,0.0
2011-06-18 14:49:00,1.42995,1.42995,1.42995,1.42995,0.0
2011-06-18 14:50:00,1.42995,1.42995,1.42995,1.42995,0.0
2011-06-18 14:51:00,1.42995,1.42995,1.42995,1.42995,0.0
2011-06-18 14:52:00,1.42995,1.42995,1.42995,1.42995,0.0
2011-06-18 14:53:00,1.42995,1.42995,1.42995,1.42995,0.0
2011-06-18 14:54:00,1.42995,1.42995,1.42995,1.42995,0.0
2011-06-18 14:55:00,1.42995,1.42995,1.42995,1.42995,0.0
2011-06-18 14:56:00,1.42995,1.42995,1.42995,1.42995,0.0
2011-06-18 14:57:00,1.42995,1.42995,1.42995,1.42995,0.0
2011-06-18 14:58:00,1.42995,1.42995,1.42995,1.42995,0.0
2011-06-18 14:59:00,1.42995,1.42995,1.42995,1.42995,0.0
2011-06-18 15:00:00,1.42995,1.42995,1.42995,1.42995,0.0
2011-06-18 15:01:00,1.42995,1.42995,1.42995,1.42995,0.0
2011-06-18 15:02:00,1.42995,1.42995,1.42995,1.42995,0.0
2011-06-18 15:03:00,1.42995,1.42995,1.42995,1.42995,0.0
2011-06-18 15:04:00,1.42995,1.42995,1.42995,1.42995,0.0
2011-06-18 15:05:00,1.42995,1.42995,1.42995,1.42995,0.0
2011-06-18 15:06:00,1.42995,1.42995,1.42995,1.42995,0.0
2011-06-18 15:07:00,1.42995,1.42995,1.42995,1.42995,0.0
2011-06-18 15:08:00,1.42995,1.42995,1.42995,1.42995,0.0
2011-06-18 15:09:00,1.42995,1.42995,1.42995,1.42995,0.0
2011-06-18 15:10:00,1.42995,1.42995,1.42995,1.42995,0.0
2011-06-18 15:11:00,1.42995,1.42995,1.42995,1.42995,0.0
2011-06-18 15:12:00,1.42995,1.42995,1.42995,1.42995,0.0
2011-06-18 15:13:00,1.42995,1.42995,1.42995,1.42995,0.0
2011-06-18 15:14:00,1.42995,1.42995,1.42995,1.42995,0.0
2011-06-18 15:15:00,1.42995,1.42995,1.42995,1.42995,0.0
2011-06-18 15:16:00,1.42995,1.42995,1.42995,1.42995,0.0
2011-06-18 15:17:00,1.42995,1.42995,1.42995,1.42995,0.0
2011-06-18 15:18:00,1.42995,1.42995,1.42995,1.42995,0.0
2011-06-18 15:19:00,1.42995,1.42995,1.42995,1.42995,0.0
2011-06-18 15:20:00,1.42995,1.42995,1.42995,1.42995,0.0
2011-06-18 15:21:00,1.42995,1.42995,1.42995,1.42995,0.0
2011-06-18 15:22:00,1.42995,1.42995,1.42995,1.42995,0.0
2011-06-18 15:23:00,1.42995,1.42995,1.42995,1.42995,0.0
2011-06-18 15:24:00,1.42995,1.42995,1.42995,1.42995,0.0
2011-06-18 15:25:00,1.42995,1.42995,1.42995,1.42995,0.0
2011-06-18 15:26:00,1.42995,1.42995,1.42995,1.42995,0.0
2011-06-18 15:27:00,1.42995,1.42995,1.42995,1.42995,0.0
2011-06-18 15:28:00,1.42995,1.42995,1.42995,1.42995,0.0
2011-06-18 15:29:00,1.42995,1.42995,1.42995,1.42995,0.0
2011-06-18 15:30:00,1.42995,1.42995,1.42995,1.42995,0.0
2011-06-18 15:31:00,1.42995,1.42995,1.42995,1.42995,0.0
2011-06-18 15:32:00,1.42995,1.42995,1.42995,1.42995,0.0
2011-06-18 15:33:00,1.42995,1.42995,1.42995,1.42995,0.0
2011-06-18 15:34:00,1.42995,1.42995,1.42995,1.42995,0.0
2011-06-18 15:35:00,1.42995,1.42995,1.42995,1.42995,0.0
2011-06-18 15:36:00,1.42995,1.42995,1.42995,1.42995,0.0
2011-06-18 15:37:00,1.42995,1.42995,1.42995,1.42995,0.0
2011-06-18 15:38:00,1.42995,1.42995,1.42995,1.42995,0.0
2011-06-18 15:39:00,1.42995,1.42995,1.42995,1.42995,0.0
2011-06-18 15:40:00,1.42995,1.42995,1.42995,1.42995,0.0
2011-06-18 15:41:00,1.42995,1.42995,1.42995,1.42995,0.0
2011-06-18 15:42:00,1.42995,1.42995,1.42995,1.42995,0.0
2011-06-18 15:43:00,1.42995,1.42995,1.42995,1.42995,0.0
2011-06-18 15:44:00,1.42995,1.42995,1.42995,1.42995,0.0
2011-06-18 15:45:00,1.42995,1.42995,1.42995,1.42995,0.0
2011-06-18 15:46:00,1.42995,1.42995,1.42995,1.42995,0.0
2011-06-18 15:47:00,1.42995,1.42995,1.42995,1.42995,0.0
2011-06-18 15:48:00,1.42995,1.42995,1.42995,1.42995,0.0
2011-06-18 15:49:00,1.42995,1.42995,1.42995,1.42995,0.0
2011-06-18 15:50:00,1.42995,1.42995,1.42995,1.42995,0.0
2011-06-18 15:51:00,1.42995,1.42995,1.42995,1.42995,0.0
2011-06-18 15:52:00,1.42995,1.42995,1.42995,1.42995,0.0
2011-06-18 15:53:00,1.42995,1.42995,1.42995,1.42995,0.0
2011-06-18 15:54:00,1.42995,1.42995,1.42995,1.42995,0.0
2011-06-18 15:55:00,1.42995,1.42995,1.42995,1.42995,0.0
2011-06-18 15:56:00,1.42995,1.42995,1.42995,1.42995,0.0
2011-06-18 15:57:00,1.42995,1.42995,1.42995,1.42995,0.0
2011-06-18 15:58:00,1.42995,1.42995,1.42995,1.42995,0.0
2011-06-18 15:59:00,1.42995,1.42995,1.42995,1.42995,0.0
2011-06-18 16:00:00,1.42995,1.42995,1.42995,1.42995,0.0
2011-06-18 16:01:00,1.42995,1.42995,1.42995,1.42995,0.0
2011-06-18 16:02:00,1.42995,1.42995,1.42995,1.42995,0.0
2011-06-18 16:03:00,1.42995,1.42995,1.42995,1.42995,0.0
2011-06-18 16:04:00,1.42995,1.42995,1.42995,1.42995,0.0
2011-06-18 16:05:00,1.42995,1.42995,1.42995,1.42995,0.0
2011-06-18 16:06:00,1.42995,1.42995,1.42995,1.42995,0.0
2011-06-18 16:07:00,1.42995,1.42995,1.42995,1.42995,0.0
2011-06-18 16:08:00,1.42995,1.42995,1.42995,1.42995,0.0
2011-06-18 16:09:00,1.42995,1.42995,1.42995,1.42995,0.0
2011-06-18 16:10:00,1.42995,1.42995,1.42995,1.42995,0.0
2011-06-18 16:11:00,1.42995,1.42995,1.42995,1.42995,0.0
2011-06-18 16:12:00,1.42995,1.42995,1.42995,1.42995,0.0
2011-06-18 16:13:00,1.42995,1.42995,1.42995,1.42995,0.0
2011-06-18 16:14:00,1.42995,1.42995,1.42995,1.42995,0.0
2011-06-18 16:15:00,1.42995,1.42995,1.42995,1.42995,0.0
2011-06-18 16:16:00,1.42995,1.42995,1.42995,1.42995,0.0
2011-06-18 16:17:00,1.42995,1.42995,1.42995,1.42995,0.0
2011-06-18 16:18:00,1.42995,1.42995,1.42995,1.42995,0.0
2011-06-18 16:19:00,1.42995,1.42995,1.42995,1.42995,0.0
2011-06-18 16:20:00,1.42995,1.42995,1.42995,1.42995,0.0
2011-06-18 16:21:00,1.42995,1.42995,1.42995,1.42995,0.0
2011-06-18 16:22:00,1.42995,1.42995,1.42995,1.42995,0.0
2011-06-18 16:23:00,1.42995,1.42995,1.42995,1.42995,0.0
2011-06-18 16:24:00,1.42995,1.42995,1.42995,1.42995,0.0
2011-06-18 16:25:00,1.42995,1.42995,1.42995,1.42995,0.0
2011-06-18 16:26:00,1.42995,1.42995,1.42995,1.42995,0.0
2011-06-18 16:27:00,1.42995,1.42995,1.42995,1.42995,0.0
2011-06-18 16:28:00,1.42995,1.42995,1.42995,1.42995,0.0
2011-06-18 16:29:00,1.42995,1.42995,1.42995,1.42995,0.0
2011-06-18 16:30:00,1.42995,1.42995,1.42995,1.42995,0.0
2011-06-18 16:31:00,1.42995,1.42995,1.42995,1.42995,0.0
2011-06-18 16:32:00,1.42995,1.42995,1.42995,1.42995,0.0
2011-06-18 16:33:00,1.42995,1.42995,1.42995,1.42995,0.0
2011-06-18 16:34:00,1.42995,1.42995,1.42995,1.42995,0.0
2011-06-18 16:35:00,1.42995,1.42995,1.42995,1.42995,0.0
2011-06-18 16:36:00,1.42995,1.42995,1.42995,1.42995,0.0
2011-06-18 16:37:00,1.42995,1.42995,1.42995,1.42995,0.0
2011-06-18 16:38:00,1.42995,1.42995,1.42995,1.42995,0.0
2011-06-18 16:39:00,1.42995,1.42995,1.42995,1.42995,0.0
2011-06-18 16:40:00,1.42995,1.42995,1.42995,1.42995,0.0
2011-06-18 16:41:00,1.42995,1.42995,1.42995,1.42995,0.0
2011-06-18 16:42:00,1.42995,1.42995,1.42995,1.42995,0.0
2011-06-18 16:43:00,1.42995,1.42995,1.42995,1.42995,0.0
2011-06-18 16:44:00,1.42995,1.42995,1.42995,1.42995,0.0
2011-06-18 16:45:00,1.42995,1.42995,1.42995,1.42995,0.0
2011-06-18 16:46:00,1.42995,1.42995,1.42995,1.42995,0.0
2011-06-18 16:47:00,1.42995,1.42995,1.42995,1.42995,0.0
2011-06-18 16:48:00,1.42995,1.42995,1.42995,1.42995,0.0
2011-06-18 16:49:00,1.42995,1.42995,1.42995,1.42995,0.0
2011-06-18 16:50:00,1.42995,1.42995,1.42995,1.42995,0.0
2011-06-18 16:51:00,1.42995,1.42995,1.42995,1.42995,0.0
2011-06-18 16:52:00,1.42995,1.42995,1.42995,1.42995,0.0
2011-06-18 16:53:00,1.42995,1.42995,1.42995,1.42995,0.0
2011-06-18 16:54:00,1.42995,1.42995,1.42995,1.42995,0.0
2011-06-18 16:55:00,1.42995,1.42995,1.42995,1.42995,0.0
2011-06-18 16:56:00,1.42995,1.42995,1.42995,1.42995,0.0
2011-06-18 16:57:00,1.42995,1.42995,1.42995,1.42995,0.0
2011-06-18 16:58:00,1.42995,1.42995,1.42995,1.42995,0.0
2011-06-18 16:59:00,1.42995,1.42995,1.42995,1.42995,0.0
2011-06-18 17:00:00,1.42995,1.42995,1.42995,1.42995,0.0
2011-06-18 17:01:00,1.42995,1.42995,1.42995,1.42995,0.0
2011-06-18 17:02:00,1.42995,1.42995,1.42995,1.42995,0.0
2011-06-18 17:03:00,1.42995,1.42995,1.42995,1.42995,0.0
2011-06-18 17:04:00,1.42995,1.42995,1.42995,1.42995,0.0
2011-06-18 17:05:00,1.42995,1.42995,1.42995,1.42995,0.0
2011-06-18 17:06:00,1.42995,1.42995,1.42995,1.42995,0.0
2011-06-18 17:07:00,1.42995,1.42995,1.42995,1.42995,0.0
2011-06-18 17:08:00,1.42995,1.42995,1.42995,1.42995,0.0
2011-06-18 17:09:00,1.42995,1.42995,1.42995,1.42995,0.0
2011-06-18 17:10:00,1.42995,1.42995,1.42995,1.42995,0.0
2011-06-18 17:11:00,1.42995,1.42995,1.42995,1.42995,0.0
2011-06-18 17:12:00,1.42995,1.42995,1.42995,1.42995,0.0
2011-06-18 17:13:00,1.42995,1.42995,1.42995,1.42995,0.0
2011-06-18 17:14:00,1.42995,1.42995,1.42995,1.42995,0.0
2011-06-18 17:15:00,1.42995,1.42995,1.42995,1.42995,0.0
2011-06-18 17:16:00,1.42995,1.42995,1.42995,1.42995,0.0
2011-06-18 17:17:00,1.42995,1.42995,1.42995,1.42995,0.0
2011-06-18 17:18:00,1.42995,1.42995,1.42995,1.42995,0.0
2011-06-18 17:19:00,1.42995,1.42995,1.42995,1.42995,0.0
2011-06-18 17:20:00,1.42995,1.42995,1.42995,1.42995,0.0
2011-06-18 17:21:00,1.42995,1.42995,1.42995,1.42995,0.0
2011-06-18 17:22:00,1.42995,1.42995,1.42995,1.42995,0.0
2011-06-18 17:23:00,1.42995,1.42995,1.42995,1.42995,0.0
2011-06-18 17:24:00,1.42995,1.42995,1.42995,1.42995,0.0
2011-06-18 17:25:00,1.42995,1.42995,1.42995,1.42995,0.0
2011-06-18 17:26:00,1.42995,1.42995,1.42995,1.42995,0.0
2011-06-18 17:27:00,1.42995,1.42995,1.42995,1.42995,0.0
2011-06-18 17:28:00,1.42995,1.42995,1.42995,1.42995,0.0
2011-06-18 17:29:00,1.42995,1.42995,1.42995,1.42995,0.0
2011-06-18 17:30:00,1.42995,1.42995,1.42995,1.42995,0.0
2011-06-18 17:31:00,1.42995,1.42995,1.42995,1.42995,0.0
2011-06-18 17:32:00,1.42995,1.42995,1.42995,1.42995,0.0
2011-06-18 17:33:00,1.42995,1.42995,1.42995,1.42995,0.0
2011-06-18 17:34:00,1.42995,1.42995,1.42995,1.42995,0.0
2011-06-18 17:35:00,1.42995,1.42995,1.42995,1.42995,0.0
2011-06-18 17:36:00,1.42995,1.42995,1.42995,1.42995,0.0
2011-06-18 17:37:00,1.42995,1.42995,1.42995,1.42995,0.0
2011-06-18 17:38:00,1.42995,1.42995,1.42995,1.42995,0.0
2011-06-18 17:39:00,1.42995,1.42995,1.42995,1.42995,0.0
2011-06-18 17:40:00,1.42995,1.42995,1.42995,1.42995,0.0
2011-06-18 17:41:00,1.42995,1.42995,1.42995,1.42995,0.0
2011-06-18 17:42:00,1.42995,1.42995,1.42995,1.42995,0.0
2011-06-18 17:43:00,1.42995,1.42995,1.42995,1.42995,0.0
2011-06-18 17:44:00,1.42995,1.42995,1.42995,1.42995,0.0
2011-06-18 17:45:00,1.42995,1.42995,1.42995,1.42995,0.0
2011-06-18 17:46:00,1.42995,1.42995,1.42995,1.42995,0.0
2011-06-18 17:47:00,1.42995,1.42995,1.42995,1.42995,0.0
2011-06-18 17:48:00,1.42995,1.42995,1.42995,1.42995,0.0
2011-06-18 17:49:00,1.42995,1.42995,1.42995,1.42995,0.0
2011-06-18 17:50:00,1.42995,1.42995,1.42995,1.42995,0.0
2011-06-18 17:51:00,1.42995,1.42995,1.42995,1.42995,0.0
2011-06-18 17:52:00,1.42995,1.42995,1.42995,1.42995,0.0
2011-06-18 17:53:00,1.42995,1.42995,1.42995,1.42995,0.0
2011-06-18 17:54:00,1.42995,1.42995,1.42995,1.42995,0.0
2011-06-18 17:55:00,1.42995,1.42995,1.42995,1.42995,0.0
2011-06-18 17:56:00,1.42995,1.42995,1.42995,1.42995,0.0
2011-06-18 17:57:00,1.42995,1.42995,1.42995,1.42995,0.0
2011-06-18 17:58:00,1.42995,1.42995,1.42995,1.42995,0.0
2011-06-18 17:59:00,1.42995,1.42995,1.42995,1.42995,0.0
2011-06-18 18:00:00,1.42995,1.42995,1.42995,1.42995,0.0
2011-06-18 18:01:00,1.42995,1.42995,1.42995,1.42995,0.0
2011-06-18 18:02:00,1.42995,1.42995,1.42995,1.42995,0.0
2011-06-18 18:03:00,1.42995,1.42995,1.42995,1.42995,0.0
2011-06-18 18:04:00,1.42995,1.42995,1.42995,1.42995,0.0
2011-06-18 18:05:00,1.42995,1.42995,1.42995,1.42995,0.0
2011-06-18 18:06:00,1.42995,1.42995,1.42995,1.42995,0.0
2011-06-18 18:07:00,1.42995,1.42995,1.42995,1.42995,0.0
2011-06-18 18:08:00,1.42995,1.42995,1.42995,1.42995,0.0
2011-06-18 18:09:00,1.42995,1.42995,1.42995,1.42995,0.0
2011-06-18 18:10:00,1.42995,1.42995,1.42995,1.42995,0.0
2011-06-18 18:11:00,1.42995,1.42995,1.42995,1.42995,0.0
2011-06-18 18:12:00,1.42995,1.42995,1.42995,1.42995,0.0
2011-06-18 18:13:00,1.42995,1.42995,1.42995,1.42995,0.0
2011-06-18 18:14:00,1.42995,1.42995,1.42995,1.42995,0.0
2011-06-18 18:15:00,1.42995,1.42995,1.42995,1.42995,0.0
2011-06-18 18:16:00,1.42995,1.42995,1.42995,1.42995,0.0
2011-06-18 18:17:00,1.42995,1.42995,1.42995,1.42995,0.0
2011-06-18 18:18:00,1.42995,1.42995,1.42995,1.42995,0.0
2011-06-18 18:19:00,1.42995,1.42995,1.42995,1.42995,0.0
2011-06-18 18:20:00,1.42995,1.42995,1.42995,1.42995,0.0
2011-06-18 18:21:00,1.42995,1.42995,1.42995,1.42995,0.0
2011-06-18 18:22:00,1.42995,1.42995,1.42995,1.42995,0.0
2011-06-18 18:23:00,1.42995,1.42995,1.42995,1.42995,0.0
2011-06-18 18:24:00,1.42995,1.42995,1.42995,1.42995,0.0
2011-06-18 18:25:00,1.42995,1.42995,1.42995,1.42995,0.0
2011-06-18 18:26:00,1.42995,1.42995,1.42995,1.42995,0.0
2011-06-18 18:27:00,1.42995,1.42995,1.42995,1.42995,0.0
2011-06-18 18:28:00,1.42995,1.42995,1.42995,1.42995,0.0
2011-06-18 18:29:00,1.42995,1.42995,1.42995,1.42995,0.0
2011-06-18 18:30:00,1.42995,1.42995,1.42995,1.42995,0.0
2011-06-18 18:31:00,1.42995,1.42995,1.42995,1.42995,0.0
2011-06-18 18:32:00,1.42995,1.42995,1.42995,1.42995,0.0
2011-06-18 18:33:00,1.42995,1.42995,1.42995,1.42995,0.0
2011-06-18 18:34:00,1.42995,1.42995,1.42995,1.42995,0.0
2011-06-18 18:35:00,1.42995,1.42995,1.42995,1.42995,0.0
2011-06-18 18:36:00,1.42995,1.42995,1.42995,1.42995,0.0
2011-06-18 18:37:00,1.42995,1.42995,1.42995,1.42995,0.0
2011-06-18 18:38:00,1.42995,1.42995,1.42995,1.42995,0.0
2011-06-18 18:39:00,1.42995,1.42995,1.42995,1.42995,0.0
2011-06-18 18:40:00,1.42995,1.42995,1.42995,1.42995,0.0
2011-06-18 18:41:00,1.42995,1.42995,1.42995,1.42995,0.0
2011-06-18 18:42:00,1.42995,1.42995,1.42995,1.42995,0.0
2011-06-18 18:43:00,1.42995,1.42995,1.42995,1.42995,0.0
2011-06-18 18:44:00,1.42995,1.42995,1.42995,1.42995,0.0
2011-06-18 18:45:00,1.42995,1.42995,1.42995,1.42995,0.0
2011-06-18 18:46:00,1.42995,1.42995,1.42995,1.42995,0.0
2011-06-18 18:47:00,1.42995,1.42995,1.42995,1.42995,0.0
2011-06-18 18:48:00,1.42995,1.42995,1.42995,1.42995,0.0
2011-06-18 18:49:00,1.42995,1.42995,1.42995,1.42995,0.0
2011-06-18 18:50:00,1.42995,1.42995,1.42995,1.42995,0.0
2011-06-18 18:51:00,1.42995,1.42995,1.42995,1.42995,0.0
2011-06-18 18:52:00,1.42995,1.42995,1.42995,1.42995,0.0
2011-06-18 18:53:00,1.42995,1.42995,1.42995,1.42995,0.0
2011-06-18 18:54:00,1.42995,1.42995,1.42995,1.42995,0.0
2011-06-18 18:55:00,1.42995,1.42995,1.42995,1.42995,0.0
2011-06-18 18:56:00,1.42995,1.42995,1.42995,1.42995,0.0
2011-06-18 18:57:00,1.42995,1.42995,1.42995,1.42995,0.0
2011-06-18 18:58:00,1.42995,1.42995,1.42995,1.42995,0.0
2011-06-18 18:59:00,1.42995,1.42995,1.42995,1.42995,0.0
2011-06-18 19:00:00,1.42995,1.42995,1.42995,1.42995,0.0
2011-06-18 19:01:00,1.42995,1.42995,1.42995,1.42995,0.0
2011-06-18 19:02:00,1.42995,1.42995,1.42995,1.42995,0.0
2011-06-18 19:03:00,1.42995,1.42995,1.42995,1.42995,0.0
2011-06-18 19:04:00,1.42995,1.42995,1.42995,1.42995,0.0
2011-06-18 19:05:00,1.42995,1.42995,1.42995,1.42995,0.0
2011-06-18 19:06:00,1.42995,1.42995,1.42995,1.42995,0.0
2011-06-18 19:07:00,1.42995,1.42995,1.42995,1.42995,0.0
2011-06-18 19:08:00,1.42995,1.42995,1.42995,1.42995,0.0
2011-06-18 19:09:00,1.42995,1.42995,1.42995,1.42995,0.0
2011-06-18 19:10:00,1.42995,1.42995,1.42995,1.42995,0.0
2011-06-18 19:11:00,1.42995,1.42995,1.42995,1.42995,0.0
2011-06-18 19:12:00,1.42995,1.42995,1.42995,1.42995,0.0
2011-06-18 19:13:00,1.42995,1.42995,1.42995,1.42995,0.0
2011-06-18 19:14:00,1.42995,1.42995,1.42995,1.42995,0.0
2011-06-18 19:15:00,1.42995,1.42995,1.42995,1.42995,0.0
2011-06-18 19:16:00,1.42995,1.42995,1.42995,1.42995,0.0
2011-06-18 19:17:00,1.42995,1.42995,1.42995,1.42995,0.0
2011-06-18 19:18:00,1.42995,1.42995,1.42995,1.42995,0.0
2011-06-18 19:19:00,1.42995,1.42995,1.42995,1.42995,0.0
2011-06-18 19:20:00,1.42995,1.42995,1.42995,1.42995,0.0
2011-06-18 19:21:00,1.42995,1.42995,1.42995,1.42995,0.0
2011-06-18 19:22:00,1.42995,1.42995,1.42995,1.42995,0.0
2011-06-18 19:23:00,1.42995,1.42995,1.42995,1.42995,0.0
2011-06-18 19:24:00,1.42995,1.42995,1.42995,1.42995,0.0
2011-06-18 19:25:00,1.42995,1.42995,1.42995,1.42995,0.0
2011-06-18 19:26:00,1.42995,1.42995,1.42995,1.42995,0.0
2011-06-18 19:27:00,1.42995,1.42995,1.42995,1.42995,0.0
2011-06-18 19:28:00,1.42995,1.42995,1.42995,1.42995,0.0
2011-06-18 19:29:00,1.42995,1.42995,1.42995,1.42995,0.0
2011-06-18 19:30:00,1.42995,1.42995,1.42995,1.42995,0.0
2011-06-18 19:31:00,1.42995,1.42995,1.42995,1.42995,0.0
2011-06-18 19:32:00,1.42995,1.42995,1.42995,1.42995,0.0
2011-06-18 19:33:00,1.42995,1.42995,1.42995,1.42995,0.0
2011-06-18 19:34:00,1.42995,1.42995,1.42995,1.42995,0.0
2011-06-18 19:35:00,1.42995,1.42995,1.42995,1.42995,0.0
2011-06-18 19:36:00,1.42995,1.42995,1.42995,1.42995,0.0
2011-06-18 19:37:00,1.42995,1.42995,1.42995,1.42995,0.0
2011-06-18 19:38:00,1.42995,1.42995,1.42995,1.42995,0.0
2011-06-18 19:39:00,1.42995,1.42995,1.42995,1.42995,0.0
2011-06-18 19:40:00,1.42995,1.42995,1.42995,1.42995,0.0
2011-06-18 19:41:00,1.42995,1.42995,1.42995,1.42995,0.0
2011-06-18 19:42:00,1.42995,1.42995,1.42995,1.42995,0.0
2011-06-18 19:43:00,1.42995,1.42995,1.42995,1.42995,0.0
2011-06-18 19:44:00,1.42995,1.42995,1.42995,1.42995,0.0
2011-06-18 19:45:00,1.42995,1.42995,1.42995,1.42995,0.0
2011-06-18 19:46:00,1.42995,1.42995,1.42995,1.42995,0.0
2011-06-18 19:47:00,1.42995,1.42995,1.42995,1.42995,0.0
2011-06-18 19:48:00,1.42995,1.42995,1.42995,1.42995,0.0
2011-06-18 19:49:00,1.42995,1.42995,1.42995,1.42995,0.0
2011-06-18 19:50:00,1.42995,1.42995,1.42995,1.42995,0.0
2011-06-18 19:51:00,1.42995,1.42995,1.42995,1.42995,0.0
2011-06-18 19:52:00,1.42995,1.42995,1.42995,1.42995,0.0
2011-06-18 19:53:00,1.42995,1.42995,1.42995,1.42995,0.0
2011-06-18 19:54:00,1.42995,1.42995,1.42995,1.42995,0.0
2011-06-18 19:55:00,1.42995,1.42995,1.42995,1.42995,0.0
2011-06-18 19:56:00,1.42995,1.42995,1.42995,1.42995,0.0
2011-06-18 19:57:00,1.42995,1.42995,1.42995,1.42995,0.0
2011-06-18 19:58:00,1.42995,1.42995,1.42995,1.42995,0.0
2011-06-18 19:59:00,1.42995,1.42995,1.42995,1.42995,0.0
2011-06-18 20:00:00,1.42995,1.42995,1.42995,1.42995,0.0
2011-06-18 20:01:00,1.42995,1.42995,1.42995,1.42995,0.0
2011-06-18 20:02:00,1.42995,1.42995,1.42995,1.42995,0.0
2011-06-18 20:03:00,1.42995,1.42995,1.42995,1.42995,0.0
2011-06-18 20:04:00,1.42995,1.42995,1.42995,1.42995,0.0
2011-06-18 20:05:00,1.42995,1.42995,1.42995,1.42995,0.0
2011-06-18 20:06:00,1.42995,1.42995,1.42995,1.42995,0.0
2011-06-18 20:07:00,1.42995,1.42995,1.42995,1.42995,0.0
2011-06-18 20:08:00,1.42995,1.42995,1.42995,1.42995,0.0
2011-06-18 20:09:00,1.42995,1.42995,1.42995,1.42995,0.0
2011-06-18 20:10:00,1.42995,1.42995,1.42995,1.42995,0.0
2011-06-18 20:11:00,1.42995,1.42995,1.42995,1.42995,0.0
2011-06-18 20:12:00,1.42995,1.42995,1.42995,1.42995,0.0
2011-06-18 20:13:00,1.42995,1.42995,1.42995,1.42995,0.0
2011-06-18 20:14:00,1.42995,1.42995,1.42995,1.42995,0.0
2011-06-18 20:15:00,1.42995,1.42995,1.42995,1.42995,0.0
2011-06-18 20:16:00,1.42995,1.42995,1.42995,1.42995,0.0
2011-06-18 20:17:00,1.42995,1.42995,1.42995,1.42995,0.0
2011-06-18 20:18:00,1.42995,1.42995,1.42995,1.42995,0.0
2011-06-18 20:19:00,1.42995,1.42995,1.42995,1.42995,0.0
2011-06-18 20:20:00,1.42995,1.42995,1.42995,1.42995,0.0
2011-06-18 20:21:00,1.42995,1.42995,1.42995,1.42995,0.0
2011-06-18 20:22:00,1.42995,1.42995,1.42995,1.42995,0.0
2011-06-18 20:23:00,1.42995,1.42995,1.42995,1.42995,0.0
2011-06-18 20:24:00,1.42995,1.42995,1.42995,1.42995,0.0
2011-06-18 20:25:00,1.42995,1.42995,1.42995,1.42995,0.0
2011-06-18 20:26:00,1.42995,1.42995,1.42995,1.42995,0.0
2011-06-18 20:27:00,1.42995,1.42995,1.42995,1.42995,0.0
2011-06-18 20:28:00,1.42995,1.42995,1.42995,1.42995,0.0
2011-06-18 20:29:00,1.42995,1.42995,1.42995,1.42995,0.0
2011-06-18 20:30:00,1.42995,1.42995,1.42995,1.42995,0.0
2011-06-18 20:31:00,1.42995,1.42995,1.42995,1.42995,0.0
2011-06-18 20:32:00,1.42995,1.42995,1.42995,1.42995,0.0
2011-06-18 20:33:00,1.42995,1.42995,1.42995,1.42995,0.0
2011-06-18 20:34:00,1.42995,1.42995,1.42995,1.42995,0.0
2011-06-18 20:35:00,1.42995,1.42995,1.42995,1.42995,0.0
2011-06-18 20:36:00,1.42995,1.42995,1.42995,1.42995,0.0
2011-06-18 20:37:00,1.42995,1.42995,1.42995,1.42995,0.0
2011-06-18 20:38:00,1.42995,1.42995,1.42995,1.42995,0.0
2011-06-18 20:39:00,1.42995,1.42995,1.42995,1.42995,0.0
2011-06-18 20:40:00,1.42995,1.42995,1.42995,1.42995,0.0
2011-06-18 20:41:00,1.42995,1.42995,1.42995,1.42995,0.0
2011-06-18 20:42:00,1.42995,1.42995,1.42995,1.42995,0.0
2011-06-18 20:43:00,1.42995,1.42995,1.42995,1.42995,0.0
2011-06-18 20:44:00,1.42995,1.42995,1.42995,1.42995,0.0
2011-06-18 20:45:00,1.42995,1.42995,1.42995,1.42995,0.0
2011-06-18 20:46:00,1.42995,1.42995,1.42995,1.42995,0.0
2011-06-18 20:47:00,1.42995,1.42995,1.42995,1.42995,0.0
2011-06-18 20:48:00,1.42995,1.42995,1.42995,1.42995,0.0
2011-06-18 20:49:00,1.42995,1.42995,1.42995,1.42995,0.0
2011-06-18 20:50:00,1.42995,1.42995,1.42995,1.42995,0.0
2011-06-18 20:51:00,1.42995,1.42995,1.42995,1.42995,0.0
2011-06-18 20:52:00,1.42995,1.42995,1.42995,1.42995,0.0
2011-06-18 20:53:00,1.42995,1.42995,1.42995,1.42995,0.0
2011-06-18 20:54:00,1.42995,1.42995,1.42995,1.42995,0.0
2011-06-18 20:55:00,1.42995,1.42995,1.42995,1.42995,0.0
2011-06-18 20:56:00,1.42995,1.42995,1.42995,1.42995,0.0
2011-06-18 20:57:00,1.42995,1.42995,1.42995,1.42995,0.0
2011-06-18 20:58:00,1.42995,1.42995,1.42995,1.42995,0.0
2011-06-18 20:59:00,1.42995,1.42995,1.42995,1.42995,0.0
2011-06-18 21:00:00,1.42995,1.42995,1.42995,1.42995,0.0
2011-06-18 21:01:00,1.42995,1.42995,1.42995,1.42995,0.0
2011-06-18 21:02:00,1.42995,1.42995,1.42995,1.42995,0.0
2011-06-18 21:03:00,1.42995,1.42995,1.42995,1.42995,0.0
2011-06-18 21:04:00,1.42995,1.42995,1.42995,1.42995,0.0
2011-06-18 21:05:00,1.42995,1.42995,1.42995,1.42995,0.0
2011-06-18 21:06:00,1.42995,1.42995,1.42995,1.42995,0.0
2011-06-18 21:07:00,1.42995,1.42995,1.42995,1.42995,0.0
2011-06-18 21:08:00,1.42995,1.42995,1.42995,1.42995,0.0
2011-06-18 21:09:00,1.42995,1.42995,1.42995,1.42995,0.0
2011-06-18 21:10:00,1.42995,1.42995,1.42995,1.42995,0.0
2011-06-18 21:11:00,1.42995,1.42995,1.42995,1.42995,0.0
2011-06-18 21:12:00,1.42995,1.42995,1.42995,1.42995,0.0
2011-06-18 21:13:00,1.42995,1.42995,1.42995,1.42995,0.0
2011-06-18 21:14:00,1.42995,1.42995,1.42995,1.42995,0.0
2011-06-18 21:15:00,1.42995,1.42995,1.42995,1.42995,0.0
2011-06-18 21:16:00,1.42995,1.42995,1.42995,1.42995,0.0
2011-06-18 21:17:00,1.42995,1.42995,1.42995,1.42995,0.0
2011-06-18 21:18:00,1.42995,1.42995,1.42995,1.42995,0.0
2011-06-18 21:19:00,1.42995,1.42995,1.42995,1.42995,0.0
2011-06-18 21:20:00,1.42995,1.42995,1.42995,1.42995,0.0
2011-06-18 21:21:00,1.42995,1.42995,1.42995,1.42995,0.0
2011-06-18 21:22:00,1.42995,1.42995,1.42995,1.42995,0.0
2011-06-18 21:23:00,1.42995,1.42995,1.42995,1.42995,0.0
2011-06-18 21:24:00,1.42995,1.42995,1.42995,1.42995,0.0
2011-06-18 21:25:00,1.42995,1.42995,1.42995,1.42995,0.0
2011-06-18 21:26:00,1.42995,1.42995,1.42995,1.42995,0.0
2011-06-18 21:27:00,1.42995,1.42995,1.42995,1.42995,0.0
2011-06-18 21:28:00,1.42995,1.42995,1.42995,1.42995,0.0
2011-06-18 21:29:00,1.42995,1.42995,1.42995,1.42995,0.0
2011-06-18 21:30:00,1.42995,1.42995,1.42995,1.42995,0.0
2011-06-18 21:31:00,1.42995,1.42995,1.42995,1.42995,0.0
2011-06-18 21:32:00,1.42995,1.42995,1.42995,1.42995,0.0
2011-06-18 21:33:00,1.42995,1.42995,1.42995,1.42995,0.0
2011-06-18 21:34:00,1.42995,1.42995,1.42995,1.42995,0.0
2011-06-18 21:35:00,1.42995,1.42995,1.42995,1.42995,0.0
2011-06-18 21:36:00,1.42995,1.42995,1.42995,1.42995,0.0
2011-06-18 21:37:00,1.42995,1.42995,1.42995,1.42995,0.0
2011-06-18 21:38:00,1.42995,1.42995,1.42995,1.42995,0.0
2011-06-18 21:39:00,1.42995,1.42995,1.42995,1.42995,0.0
2011-06-18 21:40:00,1.42995,1.42995,1.42995,1.42995,0.0
2011-06-18 21:41:00,1.42995,1.42995,1.42995,1.42995,0.0
2011-06-18 21:42:00,1.42995,1.42995,1.42995,1.42995,0.0
2011-06-18 21:43:00,1.42995,1.42995,1.42995,1.42995,0.0
2011-06-18 21:44:00,1.42995,1.42995,1.42995,1.42995,0.0
2011-06-18 21:45:00,1.42995,1.42995,1.42995,1.42995,0.0
2011-06-18 21:46:00,1.42995,1.42995,1.42995,1.42995,0.0
2011-06-18 21:47:00,1.42995,1.42995,1.42995,1.42995,0.0
2011-06-18 21:48:00,1.42995,1.42995,1.42995,1.42995,0.0
2011-06-18 21:49:00,1.42995,1.42995,1.42995,1.42995,0.0
2011-06-18 21:50:00,1.42995,1.42995,1.42995,1.42995,0.0
2011-06-18 21:51:00,1.42995,1.42995,1.42995,1.42995,0.0
2011-06-18 21:52:00,1.42995,1.42995,1.42995,1.42995,0.0
2011-06-18 21:53:00,1.42995,1.42995,1.42995,1.42995,0.0
2011-06-18 21:54:00,1.42995,1.42995,1.42995,1.42995,0.0
2011-06-18 21:55:00,1.42995,1.42995,1.42995,1.42995,0.0
2011-06-18 21:56:00,1.42995,1.42995,1.42995,1.42995,0.0
2011-06-18 21:57:00,1.42995,1.42995,1.42995,1.42995,0.0
2011-06-18 21:58:00,1.42995,1.42995,1.42995,1.42995,0.0
2011-06-18 21:59:00,1.42995,1.42995,1.42995,1.42995,0.0
2011-06-18 22:00:00,1.42995,1.42995,1.42995,1.42995,0.0
2011-06-18 22:01:00,1.42995,1.42995,1.42995,1.42995,0.0
2011-06-18 22:02:00,1.42995,1.42995,1.42995,1.42995,0.0
2011-06-18 22:03:00,1.42995,1.42995,1.42995,1.42995,0.0
2011-06-18 22:04:00,1.42995,1.42995,1.42995,1.42995,0.0
2011-06-18 22:05:00,1.42995,1.42995,1.42995,1.42995,0.0
2011-06-18 22:06:00,1.42995,1.42995,1.42995,1.42995,0.0
2011-06-18 22:07:00,1.42995,1.42995,1.42995,1.42995,0.0
2011-06-18 22:08:00,1.42995,1.42995,1.42995,1.42995,0.0
2011-06-18 22:09:00,1.42995,1.42995,1.42995,1.42995,0.0
2011-06-18 22:10:00,1.42995,1.42995,1.42995,1.42995,0.0
2011-06-18 22:11:00,1.42995,1.42995,1.42995,1.42995,0.0
2011-06-18 22:12:00,1.42995,1.42995,1.42995,1.42995,0.0
2011-06-18 22:13:00,1.42995,1.42995,1.42995,1.42995,0.0
2011-06-18 22:14:00,1.42995,1.42995,1.42995,1.42995,0.0
2011-06-18 22:15:00,1.42995,1.42995,1.42995,1.42995,0.0
2011-06-18 22:16:00,1.42995,1.42995,1.42995,1.42995,0.0
2011-06-18 22:17:00,1.42995,1.42995,1.42995,1.42995,0.0
2011-06-18 22:18:00,1.42995,1.42995,1.42995,1.42995,0.0
2011-06-18 22:19:00,1.42995,1.42995,1.42995,1.42995,0.0
2011-06-18 22:20:00,1.42995,1.42995,1.42995,1.42995,0.0
2011-06-18 22:21:00,1.42995,1.42995,1.42995,1.42995,0.0
2011-06-18 22:22:00,1.42995,1.42995,1.42995,1.42995,0.0
2011-06-18 22:23:00,1.42995,1.42995,1.42995,1.42995,0.0
2011-06-18 22:24:00,1.42995,1.42995,1.42995,1.42995,0.0
2011-06-18 22:25:00,1.42995,1.42995,1.42995,1.42995,0.0
2011-06-18 22:26:00,1.42995,1.42995,1.42995,1.42995,0.0
2011-06-18 22:27:00,1.42995,1.42995,1.42995,1.42995,0.0
2011-06-18 22:28:00,1.42995,1.42995,1.42995,1.42995,0.0
2011-06-18 22:29:00,1.42995,1.42995,1.42995,1.42995,0.0
2011-06-18 22:30:00,1.42995,1.42995,1.42995,1.42995,0.0
2011-06-18 22:31:00,1.42995,1.42995,1.42995,1.42995,0.0
2011-06-18 22:32:00,1.42995,1.42995,1.42995,1.42995,0.0
2011-06-18 22:33:00,1.42995,1.42995,1.42995,1.42995,0.0
2011-06-18 22:34:00,1.42995,1.42995,1.42995,1.42995,0.0
2011-06-18 22:35:00,1.42995,1.42995,1.42995,1.42995,0.0
2011-06-18 22:36:00,1.42995,1.42995,1.42995,1.42995,0.0
2011-06-18 22:37:00,1.42995,1.42995,1.42995,1.42995,0.0
2011-06-18 22:38:00,1.42995,1.42995,1.42995,1.42995,0.0
2011-06-18 22:39:00,1.42995,1.42995,1.42995,1.42995,0.0
2011-06-18 22:40:00,1.42995,1.42995,1.42995,1.42995,0.0
2011-06-18 22:41:00,1.42995,1.42995,1.42995,1.42995,0.0
2011-06-18 22:42:00,1.42995,1.42995,1.42995,1.42995,0.0
2011-06-18 22:43:00,1.42995,1.42995,1.42995,1.42995,0.0
2011-06-18 22:44:00,1.42995,1.42995,1.42995,1.42995,0.0
2011-06-18 22:45:00,1.42995,1.42995,1.42995,1.42995,0.0
2011-06-18 22:46:00,1.42995,1.42995,1.42995,1.42995,0.0
2011-06-18 22:47:00,1.42995,1.42995,1.42995,1.42995,0.0
2011-06-18 22:48:00,1.42995,1.42995,1.42995,1.42995,0.0
2011-06-18 22:49:00,1.42995,1.42995,1.42995,1.42995,0.0
2011-06-18 22:50:00,1.42995,1.42995,1.42995,1.42995,0.0
2011-06-18 22:51:00,1.42995,1.42995,1.42995,1.42995,0.0
2011-06-18 22:52:00,1.42995,1.42995,1.42995,1.42995,0.0
2011-06-18 22:53:00,1.42995,1.42995,1.42995,1.42995,0.0
2011-06-18 22:54:00,1.42995,1.42995,1.42995,1.42995,0.0
2011-06-18 22:55:00,1.42995,1.42995,1.42995,1.42995,0.0
2011-06-18 22:56:00,1.42995,1.42995,1.42995,1.42995,0.0
2011-06-18 22:57:00,1.42995,1.42995,1.42995,1.42995,0.0
2011-06-18 22:58:00,1.42995,1.42995,1.42995,1.42995,0.0
2011-06-18 22:59:00,1.42995,1.42995,1.42995,1.42995,0.0
2011-06-18 23:00:00,1.42995,1.42995,1.42995,1.42995,0.0
2011-06-18 23:01:00,1.42995,1.42995,1.42995,1.42995,0.0
2011-06-18 23:02:00,1.42995,1.42995,1.42995,1.42995,0.0
2011-06-18 23:03:00,1.42995,1.42995,1.42995,1.42995,0.0
2011-06-18 23:04:00,1.42995,1.42995,1.42995,1.42995,0.0
2011-06-18 23:05:00,1.42995,1.42995,1.42995,1.42995,0.0
2011-06-18 23:06:00,1.42995,1.42995,1.42995,1.42995,0.0
2011-06-18 23:07:00,1.42995,1.42995,1.42995,1.42995,0.0
2011-06-18 23:08:00,1.42995,1.42995,1.42995,1.42995,0.0
2011-06-18 23:09:00,1.42995,1.42995,1.42995,1.42995,0.0
2011-06-18 23:10:00,1.42995,1.42995,1.42995,1.42995,0.0
2011-06-18 23:11:00,1.42995,1.42995,1.42995,1.42995,0.0
2011-06-18 23:12:00,1.42995,1.42995,1.42995,1.42995,0.0
2011-06-18 23:13:00,1.42995,1.42995,1.42995,1.42995,0.0
2011-06-18 23:14:00,1.42995,1.42995,1.42995,1.42995,0.0
2011-06-18 23:15:00,1.42995,1.42995,1.42995,1.42995,0.0
2011-06-18 23:16:00,1.42995,1.42995,1.42995,1.42995,0.0
2011-06-18 23:17:00,1.42995,1.42995,1.42995,1.42995,0.0
2011-06-18 23:18:00,1.42995,1.42995,1.42995,1.42995,0.0
2011-06-18 23:19:00,1.42995,1.42995,1.42995,1.42995,0.0
2011-06-18 23:20:00,1.42995,1.42995,1.42995,1.42995,0.0
2011-06-18 23:21:00,1.42995,1.42995,1.42995,1.42995,0.0
2011-06-18 23:22:00,1.42995,1.42995,1.42995,1.42995,0.0
2011-06-18 23:23:00,1.42995,1.42995,1.42995,1.42995,0.0
2011-06-18 23:24:00,1.42995,1.42995,1.42995,1.42995,0.0
2011-06-18 23:25:00,1.42995,1.42995,1.42995,1.42995,0.0
2011-06-18 23:26:00,1.42995,1.42995,1.42995,1.42995,0.0
2011-06-18 23:27:00,1.42995,1.42995,1.42995,1.42995,0.0
2011-06-18 23:28:00,1.42995,1.42995,1.42995,1.42995,0.0
2011-06-18 23:29:00,1.42995,1.42995,1.42995,1.42995,0.0
2011-06-18 23:30:00,1.42995,1.42995,1.42995,1.42995,0.0
2011-06-18 23:31:00,1.42995,1.42995,1.42995,1.42995,0.0
2011-06-18 23:32:00,1.42995,1.42995,1.42995,1.42995,0.0
2011-06-18 23:33:00,1.42995,1.42995,1.42995,1.42995,0.0
2011-06-18 23:34:00,1.42995,1.42995,1.42995,1.42995,0.0
2011-06-18 23:35:00,1.42995,1.42995,1.42995,1.42995,0.0
2011-06-18 23:36:00,1.42995,1.42995,1.42995,1.42995,0.0
2011-06-18 23:37:00,1.42995,1.42995,1.42995,1.42995,0.0
2011-06-18 23:38:00,1.42995,1.42995,1.42995,1.42995,0.0
2011-06-18 23:39:00,1.42995,1.42995,1.42995,1.42995,0.0
2011-06-18 23:40:00,1.42995,1.42995,1.42995,1.42995,0.0
2011-06-18 23:41:00,1.42995,1.42995,1.42995,1.42995,0.0
2011-06-18 23:42:00,1.42995,1.42995,1.42995,1.42995,0.0
2011-06-18 23:43:00,1.42995,1.42995,1.42995,1.42995,0.0
2011-06-18 23:44:00,1.42995,1.42995,1.42995,1.42995,0.0
2011-06-18 23:45:00,1.42995,1.42995,1.42995,1.42995,0.0
2011-06-18 23:46:00,1.42995,1.42995,1.42995,1.42995,0.0
2011-06-18 23:47:00,1.42995,1.42995,1.42995,1.42995,0.0
2011-06-18 23:48:00,1.42995,1.42995,1.42995,1.42995,0.0
2011-06-18 23:49:00,1.42995,1.42995,1.42995,1.42995,0.0
2011-06-18 23:50:00,1.42995,1.42995,1.42995,1.42995,0.0
2011-06-18 23:51:00,1.42995,1.42995,1.42995,1.42995,0.0
2011-06-18 23:52:00,1.42995,1.42995,1.42995,1.42995,0.0
2011-06-18 23:53:00,1.42995,1.42995,1.42995,1.42995,0.0
2011-06-18 23:54:00,1.42995,1.42995,1.42995,1.42995,0.0
2011-06-18 23:55:00,1.42995,1.42995,1.42995,1.42995,0.0
2011-06-18 23:56:00,1.42995,1.42995,1.42995,1.42995,0.0
2011-06-18 23:57:00,1.42995,1.42995,1.42995,1.42995,0.0
2011-06-18 23:58:00,1.42995,1.42995,1.42995,1.42995,0.0
2011-06-18 23:59:00,1.42995,1.42995,1.42995,1.42995,0.0
2011-06-19 00:00:00,1.42995,1.42995,1.42995,1.42995,0.0
2011-06-19 00:01:00,1.42995,1.42995,1.42995,1.42995,0.0
2011-06-19 00:02:00,1.42995,1.42995,1.42995,1.42995,0.0
2011-06-19 00:03:00,1.42995,1.42995,1.42995,1.42995,0.0
2011-06-19 00:04:00,1.42995,1.42995,1.42995,1.42995,0.0
2011-06-19 00:05:00,1.42995,1.42995,1.42995,1.42995,0.0
2011-06-19 00:06:00,1.42995,1.42995,1.42995,1.42995,0.0
2011-06-19 00:07:00,1.42995,1.42995,1.42995,1.42995,0.0
2011-06-19 00:08:00,1.42995,1.42995,1.42995,1.42995,0.0
2011-06-19 00:09:00,1.42995,1.42995,1.42995,1.42995,0.0
2011-06-19 00:10:00,1.42995,1.42995,1.42995,1.42995,0.0
2011-06-19 00:11:00,1.42995,1.42995,1.42995,1.42995,0.0
2011-06-19 00:12:00,1.42995,1.42995,1.42995,1.42995,0.0
2011-06-19 00:13:00,1.42995,1.42995,1.42995,1.42995,0.0
2011-06-19 00:14:00,1.42995,1.42995,1.42995,1.42995,0.0
2011-06-19 00:15:00,1.42995,1.42995,1.42995,1.42995,0.0
2011-06-19 00:16:00,1.42995,1.42995,1.42995,1.42995,0.0
2011-06-19 00:17:00,1.42995,1.42995,1.42995,1.42995,0.0
2011-06-19 00:18:00,1.42995,1.42995,1.42995,1.42995,0.0
2011-06-19 00:19:00,1.42995,1.42995,1.42995,1.42995,0.0
2011-06-19 00:20:00,1.42995,1.42995,1.42995,1.42995,0.0
2011-06-19 00:21:00,1.42995,1.42995,1.42995,1.42995,0.0
2011-06-19 00:22:00,1.42995,1.42995,1.42995,1.42995,0.0
2011-06-19 00:23:00,1.42995,1.42995,1.42995,1.42995,0.0
2011-06-19 00:24:00,1.42995,1.42995,1.42995,1.42995,0.0
2011-06-19 00:25:00,1.42995,1.42995,1.42995,1.42995,0.0
2011-06-19 00:26:00,1.42995,1.42995,1.42995,1.42995,0.0
2011-06-19 00:27:00,1.42995,1.42995,1.42995,1.42995,0.0
2011-06-19 00:28:00,1.42995,1.42995,1.42995,1.42995,0.0
2011-06-19 00:29:00,1.42995,1.42995,1.42995,1.42995,0.0
2011-06-19 00:30:00,1.42995,1.42995,1.42995,1.42995,0.0
2011-06-19 00:31:00,1.42995,1.42995,1.42995,1.42995,0.0
2011-06-19 00:32:00,1.42995,1.42995,1.42995,1.42995,0.0
2011-06-19 00:33:00,1.42995,1.42995,1.42995,1.42995,0.0
2011-06-19 00:34:00,1.42995,1.42995,1.42995,1.42995,0.0
2011-06-19 00:35:00,1.42995,1.42995,1.42995,1.42995,0.0
2011-06-19 00:36:00,1.42995,1.42995,1.42995,1.42995,0.0
2011-06-19 00:37:00,1.42995,1.42995,1.42995,1.42995,0.0
2011-06-19 00:38:00,1.42995,1.42995,1.42995,1.42995,0.0
2011-06-19 00:39:00,1.42995,1.42995,1.42995,1.42995,0.0
2011-06-19 00:40:00,1.42995,1.42995,1.42995,1.42995,0.0
2011-06-19 00:41:00,1.42995,1.42995,1.42995,1.42995,0.0
2011-06-19 00:42:00,1.42995,1.42995,1.42995,1.42995,0.0
2011-06-19 00:43:00,1.42995,1.42995,1.42995,1.42995,0.0
2011-06-19 00:44:00,1.42995,1.42995,1.42995,1.42995,0.0
2011-06-19 00:45:00,1.42995,1.42995,1.42995,1.42995,0.0
2011-06-19 00:46:00,1.42995,1.42995,1.42995,1.42995,0.0
2011-06-19 00:47:00,1.42995,1.42995,1.42995,1.42995,0.0
2011-06-19 00:48:00,1.42995,1.42995,1.42995,1.42995,0.0
2011-06-19 00:49:00,1.42995,1.42995,1.42995,1.42995,0.0
2011-06-19 00:50:00,1.42995,1.42995,1.42995,1.42995,0.0
2011-06-19 00:51:00,1.42995,1.42995,1.42995,1.42995,0.0
2011-06-19 00:52:00,1.42995,1.42995,1.42995,1.42995,0.0
2011-06-19 00:53:00,1.42995,1.42995,1.42995,1.42995,0.0
2011-06-19 00:54:00,1.42995,1.42995,1.42995,1.42995,0.0
2011-06-19 00:55:00,1.42995,1.42995,1.42995,1.42995,0.0
2011-06-19 00:56:00,1.42995,1.42995,1.42995,1.42995,0.0
2011-06-19 00:57:00,1.42995,1.42995,1.42995,1.42995,0.0
2011-06-19 00:58:00,1.42995,1.42995,1.42995,1.42995,0.0
2011-06-19 00:59:00,1.42995,1.42995,1.42995,1.42995,0.0
2011-06-19 01:00:00,1.42995,1.42995,1.42995,1.42995,0.0
2011-06-19 01:01:00,1.42995,1.42995,1.42995,1.42995,0.0
2011-06-19 01:02:00,1.42995,1.42995,1.42995,1.42995,0.0
2011-06-19 01:03:00,1.42995,1.42995,1.42995,1.42995,0.0
2011-06-19 01:04:00,1.42995,1.42995,1.42995,1.42995,0.0
2011-06-19 01:05:00,1.42995,1.42995,1.42995,1.42995,0.0
2011-06-19 01:06:00,1.42995,1.42995,1.42995,1.42995,0.0
2011-06-19 01:07:00,1.42995,1.42995,1.42995,1.42995,0.0
2011-06-19 01:08:00,1.42995,1.42995,1.42995,1.42995,0.0
2011-06-19 01:09:00,1.42995,1.42995,1.42995,1.42995,0.0
2011-06-19 01:10:00,1.42995,1.42995,1.42995,1.42995,0.0
2011-06-19 01:11:00,1.42995,1.42995,1.42995,1.42995,0.0
2011-06-19 01:12:00,1.42995,1.42995,1.42995,1.42995,0.0
2011-06-19 01:13:00,1.42995,1.42995,1.42995,1.42995,0.0
2011-06-19 01:14:00,1.42995,1.42995,1.42995,1.42995,0.0
2011-06-19 01:15:00,1.42995,1.42995,1.42995,1.42995,0.0
2011-06-19 01:16:00,1.42995,1.42995,1.42995,1.42995,0.0
2011-06-19 01:17:00,1.42995,1.42995,1.42995,1.42995,0.0
2011-06-19 01:18:00,1.42995,1.42995,1.42995,1.42995,0.0
2011-06-19 01:19:00,1.42995,1.42995,1.42995,1.42995,0.0
2011-06-19 01:20:00,1.42995,1.42995,1.42995,1.42995,0.0
2011-06-19 01:21:00,1.42995,1.42995,1.42995,1.42995,0.0
2011-06-19 01:22:00,1.42995,1.42995,1.42995,1.42995,0.0
2011-06-19 01:23:00,1.42995,1.42995,1.42995,1.42995,0.0
2011-06-19 01:24:00,1.42995,1.42995,1.42995,1.42995,0.0
2011-06-19 01:25:00,1.42995,1.42995,1.42995,1.42995,0.0
2011-06-19 01:26:00,1.42995,1.42995,1.42995,1.42995,0.0
2011-06-19 01:27:00,1.42995,1.42995,1.42995,1.42995,0.0
2011-06-19 01:28:00,1.42995,1.42995,1.42995,1.42995,0.0
2011-06-19 01:29:00,1.42995,1.42995,1.42995,1.42995,0.0
2011-06-19 01:30:00,1.42995,1.42995,1.42995,1.42995,0.0
2011-06-19 01:31:00,1.42995,1.42995,1.42995,1.42995,0.0
2011-06-19 01:32:00,1.42995,1.42995,1.42995,1.42995,0.0
2011-06-19 01:33:00,1.42995,1.42995,1.42995,1.42995,0.0
2011-06-19 01:34:00,1.42995,1.42995,1.42995,1.42995,0.0
2011-06-19 01:35:00,1.42995,1.42995,1.42995,1.42995,0.0
2011-06-19 01:36:00,1.42995,1.42995,1.42995,1.42995,0.0
2011-06-19 01:37:00,1.42995,1.42995,1.42995,1.42995,0.0
2011-06-19 01:38:00,1.42995,1.42995,1.42995,1.42995,0.0
2011-06-19 01:39:00,1.42995,1.42995,1.42995,1.42995,0.0
2011-06-19 01:40:00,1.42995,1.42995,1.42995,1.42995,0.0
2011-06-19 01:41:00,1.42995,1.42995,1.42995,1.42995,0.0
2011-06-19 01:42:00,1.42995,1.42995,1.42995,1.42995,0.0
2011-06-19 01:43:00,1.42995,1.42995,1.42995,1.42995,0.0
2011-06-19 01:44:00,1.42995,1.42995,1.42995,1.42995,0.0
2011-06-19 01:45:00,1.42995,1.42995,1.42995,1.42995,0.0
2011-06-19 01:46:00,1.42995,1.42995,1.42995,1.42995,0.0
2011-06-19 01:47:00,1.42995,1.42995,1.42995,1.42995,0.0
2011-06-19 01:48:00,1.42995,1.42995,1.42995,1.42995,0.0
2011-06-19 01:49:00,1.42995,1.42995,1.42995,1.42995,0.0
2011-06-19 01:50:00,1.42995,1.42995,1.42995,1.42995,0.0
2011-06-19 01:51:00,1.42995,1.42995,1.42995,1.42995,0.0
2011-06-19 01:52:00,1.42995,1.42995,1.42995,1.42995,0.0
2011-06-19 01:53:00,1.42995,1.42995,1.42995,1.42995,0.0
2011-06-19 01:54:00,1.42995,1.42995,1.42995,1.42995,0.0
2011-06-19 01:55:00,1.42995,1.42995,1.42995,1.42995,0.0
2011-06-19 01:56:00,1.42995,1.42995,1.42995,1.42995,0.0
2011-06-19 01:57:00,1.42995,1.42995,1.42995,1.42995,0.0
2011-06-19 01:58:00,1.42995,1.42995,1.42995,1.42995,0.0
2011-06-19 01:59:00,1.42995,1.42995,1.42995,1.42995,0.0
2011-06-19 02:00:00,1.42995,1.42995,1.42995,1.42995,0.0
2011-06-19 02:01:00,1.42995,1.42995,1.42995,1.42995,0.0
2011-06-19 02:02:00,1.42995,1.42995,1.42995,1.42995,0.0
2011-06-19 02:03:00,1.42995,1.42995,1.42995,1.42995,0.0
2011-06-19 02:04:00,1.42995,1.42995,1.42995,1.42995,0.0
2011-06-19 02:05:00,1.42995,1.42995,1.42995,1.42995,0.0
2011-06-19 02:06:00,1.42995,1.42995,1.42995,1.42995,0.0
2011-06-19 02:07:00,1.42995,1.42995,1.42995,1.42995,0.0
2011-06-19 02:08:00,1.42995,1.42995,1.42995,1.42995,0.0
2011-06-19 02:09:00,1.42995,1.42995,1.42995,1.42995,0.0
2011-06-19 02:10:00,1.42995,1.42995,1.42995,1.42995,0.0
2011-06-19 02:11:00,1.42995,1.42995,1.42995,1.42995,0.0
2011-06-19 02:12:00,1.42995,1.42995,1.42995,1.42995,0.0
2011-06-19 02:13:00,1.42995,1.42995,1.42995,1.42995,0.0
2011-06-19 02:14:00,1.42995,1.42995,1.42995,1.42995,0.0
2011-06-19 02:15:00,1.42995,1.42995,1.42995,1.42995,0.0
2011-06-19 02:16:00,1.42995,1.42995,1.42995,1.42995,0.0
2011-06-19 02:17:00,1.42995,1.42995,1.42995,1.42995,0.0
2011-06-19 02:18:00,1.42995,1.42995,1.42995,1.42995,0.0
2011-06-19 02:19:00,1.42995,1.42995,1.42995,1.42995,0.0
2011-06-19 02:20:00,1.42995,1.42995,1.42995,1.42995,0.0
2011-06-19 02:21:00,1.42995,1.42995,1.42995,1.42995,0.0
2011-06-19 02:22:00,1.42995,1.42995,1.42995,1.42995,0.0
2011-06-19 02:23:00,1.42995,1.42995,1.42995,1.42995,0.0
2011-06-19 02:24:00,1.42995,1.42995,1.42995,1.42995,0.0
2011-06-19 02:25:00,1.42995,1.42995,1.42995,1.42995,0.0
2011-06-19 02:26:00,1.42995,1.42995,1.42995,1.42995,0.0
2011-06-19 02:27:00,1.42995,1.42995,1.42995,1.42995,0.0
2011-06-19 02:28:00,1.42995,1.42995,1.42995,1.42995,0.0
2011-06-19 02:29:00,1.42995,1.42995,1.42995,1.42995,0.0
2011-06-19 02:30:00,1.42995,1.42995,1.42995,1.42995,0.0
2011-06-19 02:31:00,1.42995,1.42995,1.42995,1.42995,0.0
2011-06-19 02:32:00,1.42995,1.42995,1.42995,1.42995,0.0
2011-06-19 02:33:00,1.42995,1.42995,1.42995,1.42995,0.0
2011-06-19 02:34:00,1.42995,1.42995,1.42995,1.42995,0.0
2011-06-19 02:35:00,1.42995,1.42995,1.42995,1.42995,0.0
2011-06-19 02:36:00,1.42995,1.42995,1.42995,1.42995,0.0
2011-06-19 02:37:00,1.42995,1.42995,1.42995,1.42995,0.0
2011-06-19 02:38:00,1.42995,1.42995,1.42995,1.42995,0.0
2011-06-19 02:39:00,1.42995,1.42995,1.42995,1.42995,0.0
2011-06-19 02:40:00,1.42995,1.42995,1.42995,1.42995,0.0
2011-06-19 02:41:00,1.42995,1.42995,1.42995,1.42995,0.0
2011-06-19 02:42:00,1.42995,1.42995,1.42995,1.42995,0.0
2011-06-19 02:43:00,1.42995,1.42995,1.42995,1.42995,0.0
2011-06-19 02:44:00,1.42995,1.42995,1.42995,1.42995,0.0
2011-06-19 02:45:00,1.42995,1.42995,1.42995,1.42995,0.0
2011-06-19 02:46:00,1.42995,1.42995,1.42995,1.42995,0.0
2011-06-19 02:47:00,1.42995,1.42995,1.42995,1.42995,0.0
2011-06-19 02:48:00,1.42995,1.42995,1.42995,1.42995,0.0
2011-06-19 02:49:00,1.42995,1.42995,1.42995,1.42995,0.0
2011-06-19 02:50:00,1.42995,1.42995,1.42995,1.42995,0.0
2011-06-19 02:51:00,1.42995,1.42995,1.42995,1.42995,0.0
2011-06-19 02:52:00,1.42995,1.42995,1.42995,1.42995,0.0
2011-06-19 02:53:00,1.42995,1.42995,1.42995,1.42995,0.0
2011-06-19 02:54:00,1.42995,1.42995,1.42995,1.42995,0.0
2011-06-19 02:55:00,1.42995,1.42995,1.42995,1.42995,0.0
2011-06-19 02:56:00,1.42995,1.42995,1.42995,1.42995,0.0
2011-06-19 02:57:00,1.42995,1.42995,1.42995,1.42995,0.0
2011-06-19 02:58:00,1.42995,1.42995,1.42995,1.42995,0.0
2011-06-19 02:59:00,1.42995,1.42995,1.42995,1.42995,0.0
2011-06-19 03:00:00,1.42995,1.42995,1.42995,1.42995,0.0
2011-06-19 03:01:00,1.42995,1.42995,1.42995,1.42995,0.0
2011-06-19 03:02:00,1.42995,1.42995,1.42995,1.42995,0.0
2011-06-19 03:03:00,1.42995,1.42995,1.42995,1.42995,0.0
2011-06-19 03:04:00,1.42995,1.42995,1.42995,1.42995,0.0
2011-06-19 03:05:00,1.42995,1.42995,1.42995,1.42995,0.0
2011-06-19 03:06:00,1.42995,1.42995,1.42995,1.42995,0.0
2011-06-19 03:07:00,1.42995,1.42995,1.42995,1.42995,0.0
2011-06-19 03:08:00,1.42995,1.42995,1.42995,1.42995,0.0
2011-06-19 03:09:00,1.42995,1.42995,1.42995,1.42995,0.0
2011-06-19 03:10:00,1.42995,1.42995,1.42995,1.42995,0.0
2011-06-19 03:11:00,1.42995,1.42995,1.42995,1.42995,0.0
2011-06-19 03:12:00,1.42995,1.42995,1.42995,1.42995,0.0
2011-06-19 03:13:00,1.42995,1.42995,1.42995,1.42995,0.0
2011-06-19 03:14:00,1.42995,1.42995,1.42995,1.42995,0.0
2011-06-19 03:15:00,1.42995,1.42995,1.42995,1.42995,0.0
2011-06-19 03:16:00,1.42995,1.42995,1.42995,1.42995,0.0
2011-06-19 03:17:00,1.42995,1.42995,1.42995,1.42995,0.0
2011-06-19 03:18:00,1.42995,1.42995,1.42995,1.42995,0.0
2011-06-19 03:19:00,1.42995,1.42995,1.42995,1.42995,0.0
2011-06-19 03:20:00,1.42995,1.42995,1.42995,1.42995,0.0
2011-06-19 03:21:00,1.42995,1.42995,1.42995,1.42995,0.0
2011-06-19 03:22:00,1.42995,1.42995,1.42995,1.42995,0.0
2011-06-19 03:23:00,1.42995,1.42995,1.42995,1.42995,0.0
2011-06-19 03:24:00,1.42995,1.42995,1.42995,1.42995,0.0
2011-06-19 03:25:00,1.42995,1.42995,1.42995,1.42995,0.0
2011-06-19 03:26:00,1.42995,1.42995,1.42995,1.42995,0.0
2011-06-19 03:27:00,1.42995,1.42995,1.42995,1.42995,0.0
2011-06-19 03:28:00,1.42995,1.42995,1.42995,1.42995,0.0
2011-06-19 03:29:00,1.42995,1.42995,1.42995,1.42995,0.0
2011-06-19 03:30:00,1.42995,1.42995,1.42995,1.42995,0.0
2011-06-19 03:31:00,1.42995,1.42995,1.42995,1.42995,0.0
2011-06-19 03:32:00,1.42995,1.42995,1.42995,1.42995,0.0
2011-06-19 03:33:00,1.42995,1.42995,1.42995,1.42995,0.0
2011-06-19 03:34:00,1.42995,1.42995,1.42995,1.42995,0.0
2011-06-19 03:35:00,1.42995,1.42995,1.42995,1.42995,0.0
2011-06-19 03:36:00,1.42995,1.42995,1.42995,1.42995,0.0
2011-06-19 03:37:00,1.42995,1.42995,1.42995,1.42995,0.0
2011-06-19 03:38:00,1.42995,1.42995,1.42995,1.42995,0.0
2011-06-19 03:39:00,1.42995,1.42995,1.42995,1.42995,0.0
2011-06-19 03:40:00,1.42995,1.42995,1.42995,1.42995,0.0
2011-06-19 03:41:00,1.42995,1.42995,1.42995,1.42995,0.0
2011-06-19 03:42:00,1.42995,1.42995,1.42995,1.42995,0.0
2011-06-19 03:43:00,1.42995,1.42995,1.42995,1.42995,0.0
2011-06-19 03:44:00,1.42995,1.42995,1.42995,1.42995,0.0
2011-06-19 03:45:00,1.42995,1.42995,1.42995,1.42995,0.0
2011-06-19 03:46:00,1.42995,1.42995,1.42995,1.42995,0.0
2011-06-19 03:47:00,1.42995,1.42995,1.42995,1.42995,0.0
2011-06-19 03:48:00,1.42995,1.42995,1.42995,1.42995,0.0
2011-06-19 03:49:00,1.42995,1.42995,1.42995,1.42995,0.0
2011-06-19 03:50:00,1.42995,1.42995,1.42995,1.42995,0.0
2011-06-19 03:51:00,1.42995,1.42995,1.42995,1.42995,0.0
2011-06-19 03:52:00,1.42995,1.42995,1.42995,1.42995,0.0
2011-06-19 03:53:00,1.42995,1.42995,1.42995,1.42995,0.0
2011-06-19 03:54:00,1.42995,1.42995,1.42995,1.42995,0.0
2011-06-19 03:55:00,1.42995,1.42995,1.42995,1.42995,0.0
2011-06-19 03:56:00,1.42995,1.42995,1.42995,1.42995,0.0
2011-06-19 03:57:00,1.42995,1.42995,1.42995,1.42995,0.0
2011-06-19 03:58:00,1.42995,1.42995,1.42995,1.42995,0.0
2011-06-19 03:59:00,1.42995,1.42995,1.42995,1.42995,0.0
2011-06-19 04:00:00,1.42995,1.42995,1.42995,1.42995,0.0
2011-06-19 04:01:00,1.42995,1.42995,1.42995,1.42995,0.0
2011-06-19 04:02:00,1.42995,1.42995,1.42995,1.42995,0.0
2011-06-19 04:03:00,1.42995,1.42995,1.42995,1.42995,0.0
2011-06-19 04:04:00,1.42995,1.42995,1.42995,1.42995,0.0
2011-06-19 04:05:00,1.42995,1.42995,1.42995,1.42995,0.0
2011-06-19 04:06:00,1.42995,1.42995,1.42995,1.42995,0.0
2011-06-19 04:07:00,1.42995,1.42995,1.42995,1.42995,0.0
2011-06-19 04:08:00,1.42995,1.42995,1.42995,1.42995,0.0
2011-06-19 04:09:00,1.42995,1.42995,1.42995,1.42995,0.0
2011-06-19 04:10:00,1.42995,1.42995,1.42995,1.42995,0.0
2011-06-19 04:11:00,1.42995,1.42995,1.42995,1.42995,0.0
2011-06-19 04:12:00,1.42995,1.42995,1.42995,1.42995,0.0
2011-06-19 04:13:00,1.42995,1.42995,1.42995,1.42995,0.0
2011-06-19 04:14:00,1.42995,1.42995,1.42995,1.42995,0.0
2011-06-19 04:15:00,1.42995,1.42995,1.42995,1.42995,0.0
2011-06-19 04:16:00,1.42995,1.42995,1.42995,1.42995,0.0
2011-06-19 04:17:00,1.42995,1.42995,1.42995,1.42995,0.0
2011-06-19 04:18:00,1.42995,1.42995,1.42995,1.42995,0.0
2011-06-19 04:19:00,1.42995,1.42995,1.42995,1.42995,0.0
2011-06-19 04:20:00,1.42995,1.42995,1.42995,1.42995,0.0
2011-06-19 04:21:00,1.42995,1.42995,1.42995,1.42995,0.0
2011-06-19 04:22:00,1.42995,1.42995,1.42995,1.42995,0.0
2011-06-19 04:23:00,1.42995,1.42995,1.42995,1.42995,0.0
2011-06-19 04:24:00,1.42995,1.42995,1.42995,1.42995,0.0
2011-06-19 04:25:00,1.42995,1.42995,1.42995,1.42995,0.0
2011-06-19 04:26:00,1.42995,1.42995,1.42995,1.42995,0.0
2011-06-19 04:27:00,1.42995,1.42995,1.42995,1.42995,0.0
2011-06-19 04:28:00,1.42995,1.42995,1.42995,1.42995,0.0
2011-06-19 04:29:00,1.42995,1.42995,1.42995,1.42995,0.0
2011-06-19 04:30:00,1.42995,1.42995,1.42995,1.42995,0.0
2011-06-19 04:31:00,1.42995,1.42995,1.42995,1.42995,0.0
2011-06-19 04:32:00,1.42995,1.42995,1.42995,1.42995,0.0
2011-06-19 04:33:00,1.42995,1.42995,1.42995,1.42995,0.0
2011-06-19 04:34:00,1.42995,1.42995,1.42995,1.42995,0.0
2011-06-19 04:35:00,1.42995,1.42995,1.42995,1.42995,0.0
2011-06-19 04:36:00,1.42995,1.42995,1.42995,1.42995,0.0
2011-06-19 04:37:00,1.42995,1.42995,1.42995,1.42995,0.0
2011-06-19 04:38:00,1.42995,1.42995,1.42995,1.42995,0.0
2011-06-19 04:39:00,1.42995,1.42995,1.42995,1.42995,0.0
2011-06-19 04:40:00,1.42995,1.42995,1.42995,1.42995,0.0
2011-06-19 04:41:00,1.42995,1.42995,1.42995,1.42995,0.0
2011-06-19 04:42:00,1.42995,1.42995,1.42995,1.42995,0.0
2011-06-19 04:43:00,1.42995,1.42995,1.42995,1.42995,0.0
2011-06-19 04:44:00,1.42995,1.42995,1.42995,1.42995,0.0
2011-06-19 04:45:00,1.42995,1.42995,1.42995,1.42995,0.0
2011-06-19 04:46:00,1.42995,1.42995,1.42995,1.42995,0.0
2011-06-19 04:47:00,1.42995,1.42995,1.42995,1.42995,0.0
2011-06-19 04:48:00,1.42995,1.42995,1.42995,1.42995,0.0
2011-06-19 04:49:00,1.42995,1.42995,1.42995,1.42995,0.0
2011-06-19 04:50:00,1.42995,1.42995,1.42995,1.42995,0.0
2011-06-19 04:51:00,1.42995,1.42995,1.42995,1.42995,0.0
2011-06-19 04:52:00,1.42995,1.42995,1.42995,1.42995,0.0
2011-06-19 04:53:00,1.42995,1.42995,1.42995,1.42995,0.0
2011-06-19 04:54:00,1.42995,1.42995,1.42995,1.42995,0.0
2011-06-19 04:55:00,1.42995,1.42995,1.42995,1.42995,0.0
2011-06-19 04:56:00,1.42995,1.42995,1.42995,1.42995,0.0
2011-06-19 04:57:00,1.42995,1.42995,1.42995,1.42995,0.0
2011-06-19 04:58:00,1.42995,1.42995,1.42995,1.42995,0.0
2011-06-19 04:59:00,1.42995,1.42995,1.42995,1.42995,0.0
2011-06-19 05:00:00,1.42995,1.42995,1.42995,1.42995,0.0
2011-06-19 05:01:00,1.42995,1.42995,1.42995,1.42995,0.0
2011-06-19 05:02:00,1.42995,1.42995,1.42995,1.42995,0.0
2011-06-19 05:03:00,1.42995,1.42995,1.42995,1.42995,0.0
2011-06-19 05:04:00,1.42995,1.42995,1.42995,1.42995,0.0
2011-06-19 05:05:00,1.42995,1.42995,1.42995,1.42995,0.0
2011-06-19 05:06:00,1.42995,1.42995,1.42995,1.42995,0.0
2011-06-19 05:07:00,1.42995,1.42995,1.42995,1.42995,0.0
2011-06-19 05:08:00,1.42995,1.42995,1.42995,1.42995,0.0
2011-06-19 05:09:00,1.42995,1.42995,1.42995,1.42995,0.0
2011-06-19 05:10:00,1.42995,1.42995,1.42995,1.42995,0.0
2011-06-19 05:11:00,1.42995,1.42995,1.42995,1.42995,0.0
2011-06-19 05:12:00,1.42995,1.42995,1.42995,1.42995,0.0
2011-06-19 05:13:00,1.42995,1.42995,1.42995,1.42995,0.0
2011-06-19 05:14:00,1.42995,1.42995,1.42995,1.42995,0.0
2011-06-19 05:15:00,1.42995,1.42995,1.42995,1.42995,0.0
2011-06-19 05:16:00,1.42995,1.42995,1.42995,1.42995,0.0
2011-06-19 05:17:00,1.42995,1.42995,1.42995,1.42995,0.0
2011-06-19 05:18:00,1.42995,1.42995,1.42995,1.42995,0.0
2011-06-19 05:19:00,1.42995,1.42995,1.42995,1.42995,0.0
2011-06-19 05:20:00,1.42995,1.42995,1.42995,1.42995,0.0
2011-06-19 05:21:00,1.42995,1.42995,1.42995,1.42995,0.0
2011-06-19 05:22:00,1.42995,1.42995,1.42995,1.42995,0.0
2011-06-19 05:23:00,1.42995,1.42995,1.42995,1.42995,0.0
2011-06-19 05:24:00,1.42995,1.42995,1.42995,1.42995,0.0
2011-06-19 05:25:00,1.42995,1.42995,1.42995,1.42995,0.0
2011-06-19 05:26:00,1.42995,1.42995,1.42995,1.42995,0.0
2011-06-19 05:27:00,1.42995,1.42995,1.42995,1.42995,0.0
2011-06-19 05:28:00,1.42995,1.42995,1.42995,1.42995,0.0
2011-06-19 05:29:00,1.42995,1.42995,1.42995,1.42995,0.0
2011-06-19 05:30:00,1.42995,1.42995,1.42995,1.42995,0.0
2011-06-19 05:31:00,1.42995,1.42995,1.42995,1.42995,0.0
2011-06-19 05:32:00,1.42995,1.42995,1.42995,1.42995,0.0
2011-06-19 05:33:00,1.42995,1.42995,1.42995,1.42995,0.0
2011-06-19 05:34:00,1.42995,1.42995,1.42995,1.42995,0.0
2011-06-19 05:35:00,1.42995,1.42995,1.42995,1.42995,0.0
2011-06-19 05:36:00,1.42995,1.42995,1.42995,1.42995,0.0
2011-06-19 05:37:00,1.42995,1.42995,1.42995,1.42995,0.0
2011-06-19 05:38:00,1.42995,1.42995,1.42995,1.42995,0.0
2011-06-19 05:39:00,1.42995,1.42995,1.42995,1.42995,0.0
2011-06-19 05:40:00,1.42995,1.42995,1.42995,1.42995,0.0
2011-06-19 05:41:00,1.42995,1.42995,1.42995,1.42995,0.0
2011-06-19 05:42:00,1.42995,1.42995,1.42995,1.42995,0.0
2011-06-19 05:43:00,1.42995,1.42995,1.42995,1.42995,0.0
2011-06-19 05:44:00,1.42995,1.42995,1.42995,1.42995,0.0
2011-06-19 05:45:00,1.42995,1.42995,1.42995,1.42995,0.0
2011-06-19 05:46:00,1.42995,1.42995,1.42995,1.42995,0.0
2011-06-19 05:47:00,1.42995,1.42995,1.42995,1.42995,0.0
2011-06-19 05:48:00,1.42995,1.42995,1.42995,1.42995,0.0
2011-06-19 05:49:00,1.42995,1.42995,1.42995,1.42995,0.0
2011-06-19 05:50:00,1.42995,1.42995,1.42995,1.42995,0.0
2011-06-19 05:51:00,1.42995,1.42995,1.42995,1.42995,0.0
2011-06-19 05:52:00,1.42995,1.42995,1.42995,1.42995,0.0
2011-06-19 05:53:00,1.42995,1.42995,1.42995,1.42995,0.0
2011-06-19 05:54:00,1.42995,1.42995,1.42995,1.42995,0.0
2011-06-19 05:55:00,1.42995,1.42995,1.42995,1.42995,0.0
2011-06-19 05:56:00,1.42995,1.42995,1.42995,1.42995,0.0
2011-06-19 05:57:00,1.42995,1.42995,1.42995,1.42995,0.0
2011-06-19 05:58:00,1.42995,1.42995,1.42995,1.42995,0.0
2011-06-19 05:59:00,1.42995,1.42995,1.42995,1.42995,0.0
2011-06-19 06:00:00,1.42995,1.42995,1.42995,1.42995,0.0
2011-06-19 06:01:00,1.42995,1.42995,1.42995,1.42995,0.0
2011-06-19 06:02:00,1.42995,1.42995,1.42995,1.42995,0.0
2011-06-19 06:03:00,1.42995,1.42995,1.42995,1.42995,0.0
2011-06-19 06:04:00,1.42995,1.42995,1.42995,1.42995,0.0
2011-06-19 06:05:00,1.42995,1.42995,1.42995,1.42995,0.0
2011-06-19 06:06:00,1.42995,1.42995,1.42995,1.42995,0.0
2011-06-19 06:07:00,1.42995,1.42995,1.42995,1.42995,0.0
2011-06-19 06:08:00,1.42995,1.42995,1.42995,1.42995,0.0
2011-06-19 06:09:00,1.42995,1.42995,1.42995,1.42995,0.0
2011-06-19 06:10:00,1.42995,1.42995,1.42995,1.42995,0.0
2011-06-19 06:11:00,1.42995,1.42995,1.42995,1.42995,0.0
2011-06-19 06:12:00,1.42995,1.42995,1.42995,1.42995,0.0
2011-06-19 06:13:00,1.42995,1.42995,1.42995,1.42995,0.0
2011-06-19 06:14:00,1.42995,1.42995,1.42995,1.42995,0.0
2011-06-19 06:15:00,1.42995,1.42995,1.42995,1.42995,0.0
2011-06-19 06:16:00,1.42995,1.42995,1.42995,1.42995,0.0
2011-06-19 06:17:00,1.42995,1.42995,1.42995,1.42995,0.0
2011-06-19 06:18:00,1.42995,1.42995,1.42995,1.42995,0.0
2011-06-19 06:19:00,1.42995,1.42995,1.42995,1.42995,0.0
2011-06-19 06:20:00,1.42995,1.42995,1.42995,1.42995,0.0
2011-06-19 06:21:00,1.42995,1.42995,1.42995,1.42995,0.0
2011-06-19 06:22:00,1.42995,1.42995,1.42995,1.42995,0.0
2011-06-19 06:23:00,1.42995,1.42995,1.42995,1.42995,0.0
2011-06-19 06:24:00,1.42995,1.42995,1.42995,1.42995,0.0
2011-06-19 06:25:00,1.42995,1.42995,1.42995,1.42995,0.0
2011-06-19 06:26:00,1.42995,1.42995,1.42995,1.42995,0.0
2011-06-19 06:27:00,1.42995,1.42995,1.42995,1.42995,0.0
2011-06-19 06:28:00,1.42995,1.42995,1.42995,1.42995,0.0
2011-06-19 06:29:00,1.42995,1.42995,1.42995,1.42995,0.0
2011-06-19 06:30:00,1.42995,1.42995,1.42995,1.42995,0.0
2011-06-19 06:31:00,1.42995,1.42995,1.42995,1.42995,0.0
2011-06-19 06:32:00,1.42995,1.42995,1.42995,1.42995,0.0
2011-06-19 06:33:00,1.42995,1.42995,1.42995,1.42995,0.0
2011-06-19 06:34:00,1.42995,1.42995,1.42995,1.42995,0.0
2011-06-19 06:35:00,1.42995,1.42995,1.42995,1.42995,0.0
2011-06-19 06:36:00,1.42995,1.42995,1.42995,1.42995,0.0
2011-06-19 06:37:00,1.42995,1.42995,1.42995,1.42995,0.0
2011-06-19 06:38:00,1.42995,1.42995,1.42995,1.42995,0.0
2011-06-19 06:39:00,1.42995,1.42995,1.42995,1.42995,0.0
2011-06-19 06:40:00,1.42995,1.42995,1.42995,1.42995,0.0
2011-06-19 06:41:00,1.42995,1.42995,1.42995,1.42995,0.0
2011-06-19 06:42:00,1.42995,1.42995,1.42995,1.42995,0.0
2011-06-19 06:43:00,1.42995,1.42995,1.42995,1.42995,0.0
2011-06-19 06:44:00,1.42995,1.42995,1.42995,1.42995,0.0
2011-06-19 06:45:00,1.42995,1.42995,1.42995,1.42995,0.0
2011-06-19 06:46:00,1.42995,1.42995,1.42995,1.42995,0.0
2011-06-19 06:47:00,1.42995,1.42995,1.42995,1.42995,0.0
2011-06-19 06:48:00,1.42995,1.42995,1.42995,1.42995,0.0
2011-06-19 06:49:00,1.42995,1.42995,1.42995,1.42995,0.0
2011-06-19 06:50:00,1.42995,1.42995,1.42995,1.42995,0.0
2011-06-19 06:51:00,1.42995,1.42995,1.42995,1.42995,0.0
2011-06-19 06:52:00,1.42995,1.42995,1.42995,1.42995,0.0
2011-06-19 06:53:00,1.42995,1.42995,1.42995,1.42995,0.0
2011-06-19 06:54:00,1.42995,1.42995,1.42995,1.42995,0.0
2011-06-19 06:55:00,1.42995,1.42995,1.42995,1.42995,0.0
2011-06-19 06:56:00,1.42995,1.42995,1.42995,1.42995,0.0
2011-06-19 06:57:00,1.42995,1.42995,1.42995,1.42995,0.0
2011-06-19 06:58:00,1.42995,1.42995,1.42995,1.42995,0.0
2011-06-19 06:59:00,1.42995,1.42995,1.42995,1.42995,0.0
2011-06-19 07:00:00,1.42995,1.42995,1.42995,1.42995,0.0
2011-06-19 07:01:00,1.42995,1.42995,1.42995,1.42995,0.0
2011-06-19 07:02:00,1.42995,1.42995,1.42995,1.42995,0.0
2011-06-19 07:03:00,1.42995,1.42995,1.42995,1.42995,0.0
2011-06-19 07:04:00,1.42995,1.42995,1.42995,1.42995,0.0
2011-06-19 07:05:00,1.42995,1.42995,1.42995,1.42995,0.0
2011-06-19 07:06:00,1.42995,1.42995,1.42995,1.42995,0.0
2011-06-19 07:07:00,1.42995,1.42995,1.42995,1.42995,0.0
2011-06-19 07:08:00,1.42995,1.42995,1.42995,1.42995,0.0
2011-06-19 07:09:00,1.42995,1.42995,1.42995,1.42995,0.0
2011-06-19 07:10:00,1.42995,1.42995,1.42995,1.42995,0.0
2011-06-19 07:11:00,1.42995,1.42995,1.42995,1.42995,0.0
2011-06-19 07:12:00,1.42995,1.42995,1.42995,1.42995,0.0
2011-06-19 07:13:00,1.42995,1.42995,1.42995,1.42995,0.0
2011-06-19 07:14:00,1.42995,1.42995,1.42995,1.42995,0.0
2011-06-19 07:15:00,1.42995,1.42995,1.42995,1.42995,0.0
2011-06-19 07:16:00,1.42995,1.42995,1.42995,1.42995,0.0
2011-06-19 07:17:00,1.42995,1.42995,1.42995,1.42995,0.0
2011-06-19 07:18:00,1.42995,1.42995,1.42995,1.42995,0.0
2011-06-19 07:19:00,1.42995,1.42995,1.42995,1.42995,0.0
2011-06-19 07:20:00,1.42995,1.42995,1.42995,1.42995,0.0
2011-06-19 07:21:00,1.42995,1.42995,1.42995,1.42995,0.0
2011-06-19 07:22:00,1.42995,1.42995,1.42995,1.42995,0.0
2011-06-19 07:23:00,1.42995,1.42995,1.42995,1.42995,0.0
2011-06-19 07:24:00,1.42995,1.42995,1.42995,1.42995,0.0
2011-06-19 07:25:00,1.42995,1.42995,1.42995,1.42995,0.0
2011-06-19 07:26:00,1.42995,1.42995,1.42995,1.42995,0.0
2011-06-19 07:27:00,1.42995,1.42995,1.42995,1.42995,0.0
2011-06-19 07:28:00,1.42995,1.42995,1.42995,1.42995,0.0
2011-06-19 07:29:00,1.42995,1.42995,1.42995,1.42995,0.0
2011-06-19 07:30:00,1.42995,1.42995,1.42995,1.42995,0.0
2011-06-19 07:31:00,1.42995,1.42995,1.42995,1.42995,0.0
2011-06-19 07:32:00,1.42995,1.42995,1.42995,1.42995,0.0
2011-06-19 07:33:00,1.42995,1.42995,1.42995,1.42995,0.0
2011-06-19 07:34:00,1.42995,1.42995,1.42995,1.42995,0.0
2011-06-19 07:35:00,1.42995,1.42995,1.42995,1.42995,0.0
2011-06-19 07:36:00,1.42995,1.42995,1.42995,1.42995,0.0
2011-06-19 07:37:00,1.42995,1.42995,1.42995,1.42995,0.0
2011-06-19 07:38:00,1.42995,1.42995,1.42995,1.42995,0.0
2011-06-19 07:39:00,1.42995,1.42995,1.42995,1.42995,0.0
2011-06-19 07:40:00,1.42995,1.42995,1.42995,1.42995,0.0
2011-06-19 07:41:00,1.42995,1.42995,1.42995,1.42995,0.0
2011-06-19 07:42:00,1.42995,1.42995,1.42995,1.42995,0.0
2011-06-19 07:43:00,1.42995,1.42995,1.42995,1.42995,0.0
2011-06-19 07:44:00,1.42995,1.42995,1.42995,1.42995,0.0
2011-06-19 07:45:00,1.42995,1.42995,1.42995,1.42995,0.0
2011-06-19 07:46:00,1.42995,1.42995,1.42995,1.42995,0.0
2011-06-19 07:47:00,1.42995,1.42995,1.42995,1.42995,0.0
2011-06-19 07:48:00,1.42995,1.42995,1.42995,1.42995,0.0
2011-06-19 07:49:00,1.42995,1.42995,1.42995,1.42995,0.0
2011-06-19 07:50:00,1.42995,1.42995,1.42995,1.42995,0.0
2011-06-19 07:51:00,1.42995,1.42995,1.42995,1.42995,0.0
2011-06-19 07:52:00,1.42995,1.42995,1.42995,1.42995,0.0
2011-06-19 07:53:00,1.42995,1.42995,1.42995,1.42995,0.0
2011-06-19 07:54:00,1.42995,1.42995,1.42995,1.42995,0.0
2011-06-19 07:55:00,1.42995,1.42995,1.42995,1.42995,0.0
2011-06-19 07:56:00,1.42995,1.42995,1.42995,1.42995,0.0
2011-06-19 07:57:00,1.42995,1.42995,1.42995,1.42995,0.0
2011-06-19 07:58:00,1.42995,1.42995,1.42995,1.42995,0.0
2011-06-19 07:59:00,1.42995,1.42995,1.42995,1.42995,0.0
2011-06-19 08:00:00,1.42995,1.42995,1.42995,1.42995,0.0
2011-06-19 08:01:00,1.42995,1.42995,1.42995,1.42995,0.0
2011-06-19 08:02:00,1.42995,1.42995,1.42995,1.42995,0.0
2011-06-19 08:03:00,1.42995,1.42995,1.42995,1.42995,0.0
2011-06-19 08:04:00,1.42995,1.42995,1.42995,1.42995,0.0
2011-06-19 08:05:00,1.42995,1.42995,1.42995,1.42995,0.0
2011-06-19 08:06:00,1.42995,1.42995,1.42995,1.42995,0.0
2011-06-19 08:07:00,1.42995,1.42995,1.42995,1.42995,0.0
2011-06-19 08:08:00,1.42995,1.42995,1.42995,1.42995,0.0
2011-06-19 08:09:00,1.42995,1.42995,1.42995,1.42995,0.0
2011-06-19 08:10:00,1.42995,1.42995,1.42995,1.42995,0.0
2011-06-19 08:11:00,1.42995,1.42995,1.42995,1.42995,0.0
2011-06-19 08:12:00,1.42995,1.42995,1.42995,1.42995,0.0
2011-06-19 08:13:00,1.42995,1.42995,1.42995,1.42995,0.0
2011-06-19 08:14:00,1.42995,1.42995,1.42995,1.42995,0.0
2011-06-19 08:15:00,1.42995,1.42995,1.42995,1.42995,0.0
2011-06-19 08:16:00,1.42995,1.42995,1.42995,1.42995,0.0
2011-06-19 08:17:00,1.42995,1.42995,1.42995,1.42995,0.0
2011-06-19 08:18:00,1.42995,1.42995,1.42995,1.42995,0.0
2011-06-19 08:19:00,1.42995,1.42995,1.42995,1.42995,0.0
2011-06-19 08:20:00,1.42995,1.42995,1.42995,1.42995,0.0
2011-06-19 08:21:00,1.42995,1.42995,1.42995,1.42995,0.0
2011-06-19 08:22:00,1.42995,1.42995,1.42995,1.42995,0.0
2011-06-19 08:23:00,1.42995,1.42995,1.42995,1.42995,0.0
2011-06-19 08:24:00,1.42995,1.42995,1.42995,1.42995,0.0
2011-06-19 08:25:00,1.42995,1.42995,1.42995,1.42995,0.0
2011-06-19 08:26:00,1.42995,1.42995,1.42995,1.42995,0.0
2011-06-19 08:27:00,1.42995,1.42995,1.42995,1.42995,0.0
2011-06-19 08:28:00,1.42995,1.42995,1.42995,1.42995,0.0
2011-06-19 08:29:00,1.42995,1.42995,1.42995,1.42995,0.0
2011-06-19 08:30:00,1.42995,1.42995,1.42995,1.42995,0.0
2011-06-19 08:31:00,1.42995,1.42995,1.42995,1.42995,0.0
2011-06-19 08:32:00,1.42995,1.42995,1.42995,1.42995,0.0
2011-06-19 08:33:00,1.42995,1.42995,1.42995,1.42995,0.0
2011-06-19 08:34:00,1.42995,1.42995,1.42995,1.42995,0.0
2011-06-19 08:35:00,1.42995,1.42995,1.42995,1.42995,0.0
2011-06-19 08:36:00,1.42995,1.42995,1.42995,1.42995,0.0
2011-06-19 08:37:00,1.42995,1.42995,1.42995,1.42995,0.0
2011-06-19 08:38:00,1.42995,1.42995,1.42995,1.42995,0.0
2011-06-19 08:39:00,1.42995,1.42995,1.42995,1.42995,0.0
2011-06-19 08:40:00,1.42995,1.42995,1.42995,1.42995,0.0
2011-06-19 08:41:00,1.42995,1.42995,1.42995,1.42995,0.0
2011-06-19 08:42:00,1.42995,1.42995,1.42995,1.42995,0.0
2011-06-19 08:43:00,1.42995,1.42995,1.42995,1.42995,0.0
2011-06-19 08:44:00,1.42995,1.42995,1.42995,1.42995,0.0
2011-06-19 08:45:00,1.42995,1.42995,1.42995,1.42995,0.0
2011-06-19 08:46:00,1.42995,1.42995,1.42995,1.42995,0.0
2011-06-19 08:47:00,1.42995,1.42995,1.42995,1.42995,0.0
2011-06-19 08:48:00,1.42995,1.42995,1.42995,1.42995,0.0
2011-06-19 08:49:00,1.42995,1.42995,1.42995,1.42995,0.0
2011-06-19 08:50:00,1.42995,1.42995,1.42995,1.42995,0.0
2011-06-19 08:51:00,1.42995,1.42995,1.42995,1.42995,0.0
2011-06-19 08:52:00,1.42995,1.42995,1.42995,1.42995,0.0
2011-06-19 08:53:00,1.42995,1.42995,1.42995,1.42995,0.0
2011-06-19 08:54:00,1.42995,1.42995,1.42995,1.42995,0.0
2011-06-19 08:55:00,1.42995,1.42995,1.42995,1.42995,0.0
2011-06-19 08:56:00,1.42995,1.42995,1.42995,1.42995,0.0
2011-06-19 08:57:00,1.42995,1.42995,1.42995,1.42995,0.0
2011-06-19 08:58:00,1.42995,1.42995,1.42995,1.42995,0.0
2011-06-19 08:59:00,1.42995,1.42995,1.42995,1.42995,0.0
2011-06-19 09:00:00,1.42995,1.42995,1.42995,1.42995,0.0
2011-06-19 09:01:00,1.42995,1.42995,1.42995,1.42995,0.0
2011-06-19 09:02:00,1.42995,1.42995,1.42995,1.42995,0.0
2011-06-19 09:03:00,1.42995,1.42995,1.42995,1.42995,0.0
2011-06-19 09:04:00,1.42995,1.42995,1.42995,1.42995,0.0
2011-06-19 09:05:00,1.42995,1.42995,1.42995,1.42995,0.0
2011-06-19 09:06:00,1.42995,1.42995,1.42995,1.42995,0.0
2011-06-19 09:07:00,1.42995,1.42995,1.42995,1.42995,0.0
2011-06-19 09:08:00,1.42995,1.42995,1.42995,1.42995,0.0
2011-06-19 09:09:00,1.42995,1.42995,1.42995,1.42995,0.0
2011-06-19 09:10:00,1.42995,1.42995,1.42995,1.42995,0.0
2011-06-19 09:11:00,1.42995,1.42995,1.42995,1.42995,0.0
2011-06-19 09:12:00,1.42995,1.42995,1.42995,1.42995,0.0
2011-06-19 09:13:00,1.42995,1.42995,1.42995,1.42995,0.0
2011-06-19 09:14:00,1.42995,1.42995,1.42995,1.42995,0.0
2011-06-19 09:15:00,1.42995,1.42995,1.42995,1.42995,0.0
2011-06-19 09:16:00,1.42995,1.42995,1.42995,1.42995,0.0
2011-06-19 09:17:00,1.42995,1.42995,1.42995,1.42995,0.0
2011-06-19 09:18:00,1.42995,1.42995,1.42995,1.42995,0.0
2011-06-19 09:19:00,1.42995,1.42995,1.42995,1.42995,0.0
2011-06-19 09:20:00,1.42995,1.42995,1.42995,1.42995,0.0
2011-06-19 09:21:00,1.42995,1.42995,1.42995,1.42995,0.0
2011-06-19 09:22:00,1.42995,1.42995,1.42995,1.42995,0.0
2011-06-19 09:23:00,1.42995,1.42995,1.42995,1.42995,0.0
2011-06-19 09:24:00,1.42995,1.42995,1.42995,1.42995,0.0
2011-06-19 09:25:00,1.42995,1.42995,1.42995,1.42995,0.0
2011-06-19 09:26:00,1.42995,1.42995,1.42995,1.42995,0.0
2011-06-19 09:27:00,1.42995,1.42995,1.42995,1.42995,0.0
2011-06-19 09:28:00,1.42995,1.42995,1.42995,1.42995,0.0
2011-06-19 09:29:00,1.42995,1.42995,1.42995,1.42995,0.0
2011-06-19 09:30:00,1.42995,1.42995,1.42995,1.42995,0.0
2011-06-19 09:31:00,1.42995,1.42995,1.42995,1.42995,0.0
2011-06-19 09:32:00,1.42995,1.42995,1.42995,1.42995,0.0
2011-06-19 09:33:00,1.42995,1.42995,1.42995,1.42995,0.0
2011-06-19 09:34:00,1.42995,1.42995,1.42995,1.42995,0.0
2011-06-19 09:35:00,1.42995,1.42995,1.42995,1.42995,0.0
2011-06-19 09:36:00,1.42995,1.42995,1.42995,1.42995,0.0
2011-06-19 09:37:00,1.42995,1.42995,1.42995,1.42995,0.0
2011-06-19 09:38:00,1.42995,1.42995,1.42995,1.42995,0.0
2011-06-19 09:39:00,1.42995,1.42995,1.42995,1.42995,0.0
2011-06-19 09:40:00,1.42995,1.42995,1.42995,1.42995,0.0
2011-06-19 09:41:00,1.42995,1.42995,1.42995,1.42995,0.0
2011-06-19 09:42:00,1.42995,1.42995,1.42995,1.42995,0.0
2011-06-19 09:43:00,1.42995,1.42995,1.42995,1.42995,0.0
2011-06-19 09:44:00,1.42995,1.42995,1.42995,1.42995,0.0
2011-06-19 09:45:00,1.42995,1.42995,1.42995,1.42995,0.0
2011-06-19 09:46:00,1.42995,1.42995,1.42995,1.42995,0.0
2011-06-19 09:47:00,1.42995,1.42995,1.42995,1.42995,0.0
2011-06-19 09:48:00,1.42995,1.42995,1.42995,1.42995,0.0
2011-06-19 09:49:00,1.42995,1.42995,1.42995,1.42995,0.0
2011-06-19 09:50:00,1.42995,1.42995,1.42995,1.42995,0.0
2011-06-19 09:51:00,1.42995,1.42995,1.42995,1.42995,0.0
2011-06-19 09:52:00,1.42995,1.42995,1.42995,1.42995,0.0
2011-06-19 09:53:00,1.42995,1.42995,1.42995,1.42995,0.0
2011-06-19 09:54:00,1.42995,1.42995,1.42995,1.42995,0.0
2011-06-19 09:55:00,1.42995,1.42995,1.42995,1.42995,0.0
2011-06-19 09:56:00,1.42995,1.42995,1.42995,1.42995,0.0
2011-06-19 09:57:00,1.42995,1.42995,1.42995,1.42995,0.0
2011-06-19 09:58:00,1.42995,1.42995,1.42995,1.42995,0.0
2011-06-19 09:59:00,1.42995,1.42995,1.42995,1.42995,0.0
2011-06-19 10:00:00,1.42995,1.42995,1.42995,1.42995,0.0
2011-06-19 10:01:00,1.42995,1.42995,1.42995,1.42995,0.0
2011-06-19 10:02:00,1.42995,1.42995,1.42995,1.42995,0.0
2011-06-19 10:03:00,1.42995,1.42995,1.42995,1.42995,0.0
2011-06-19 10:04:00,1.42995,1.42995,1.42995,1.42995,0.0
2011-06-19 10:05:00,1.42995,1.42995,1.42995,1.42995,0.0
2011-06-19 10:06:00,1.42995,1.42995,1.42995,1.42995,0.0
2011-06-19 10:07:00,1.42995,1.42995,1.42995,1.42995,0.0
2011-06-19 10:08:00,1.42995,1.42995,1.42995,1.42995,0.0
2011-06-19 10:09:00,1.42995,1.42995,1.42995,1.42995,0.0
2011-06-19 10:10:00,1.42995,1.42995,1.42995,1.42995,0.0
2011-06-19 10:11:00,1.42995,1.42995,1.42995,1.42995,0.0
2011-06-19 10:12:00,1.42995,1.42995,1.42995,1.42995,0.0
2011-06-19 10:13:00,1.42995,1.42995,1.42995,1.42995,0.0
2011-06-19 10:14:00,1.42995,1.42995,1.42995,1.42995,0.0
2011-06-19 10:15:00,1.42995,1.42995,1.42995,1.42995,0.0
2011-06-19 10:16:00,1.42995,1.42995,1.42995,1.42995,0.0
2011-06-19 10:17:00,1.42995,1.42995,1.42995,1.42995,0.0
2011-06-19 10:18:00,1.42995,1.42995,1.42995,1.42995,0.0
2011-06-19 10:19:00,1.42995,1.42995,1.42995,1.42995,0.0
2011-06-19 10:20:00,1.42995,1.42995,1.42995,1.42995,0.0
2011-06-19 10:21:00,1.42995,1.42995,1.42995,1.42995,0.0
2011-06-19 10:22:00,1.42995,1.42995,1.42995,1.42995,0.0
2011-06-19 10:23:00,1.42995,1.42995,1.42995,1.42995,0.0
2011-06-19 10:24:00,1.42995,1.42995,1.42995,1.42995,0.0
2011-06-19 10:25:00,1.42995,1.42995,1.42995,1.42995,0.0
2011-06-19 10:26:00,1.42995,1.42995,1.42995,1.42995,0.0
2011-06-19 10:27:00,1.42995,1.42995,1.42995,1.42995,0.0
2011-06-19 10:28:00,1.42995,1.42995,1.42995,1.42995,0.0
2011-06-19 10:29:00,1.42995,1.42995,1.42995,1.42995,0.0
2011-06-19 10:30:00,1.42995,1.42995,1.42995,1.42995,0.0
2011-06-19 10:31:00,1.42995,1.42995,1.42995,1.42995,0.0
2011-06-19 10:32:00,1.42995,1.42995,1.42995,1.42995,0.0
2011-06-19 10:33:00,1.42995,1.42995,1.42995,1.42995,0.0
2011-06-19 10:34:00,1.42995,1.42995,1.42995,1.42995,0.0
2011-06-19 10:35:00,1.42995,1.42995,1.42995,1.42995,0.0
2011-06-19 10:36:00,1.42995,1.42995,1.42995,1.42995,0.0
2011-06-19 10:37:00,1.42995,1.42995,1.42995,1.42995,0.0
2011-06-19 10:38:00,1.42995,1.42995,1.42995,1.42995,0.0
2011-06-19 10:39:00,1.42995,1.42995,1.42995,1.42995,0.0
2011-06-19 10:40:00,1.42995,1.42995,1.42995,1.42995,0.0
2011-06-19 10:41:00,1.42995,1.42995,1.42995,1.42995,0.0
2011-06-19 10:42:00,1.42995,1.42995,1.42995,1.42995,0.0
2011-06-19 10:43:00,1.42995,1.42995,1.42995,1.42995,0.0
2011-06-19 10:44:00,1.42995,1.42995,1.42995,1.42995,0.0
2011-06-19 10:45:00,1.42995,1.42995,1.42995,1.42995,0.0
2011-06-19 10:46:00,1.42995,1.42995,1.42995,1.42995,0.0
2011-06-19 10:47:00,1.42995,1.42995,1.42995,1.42995,0.0
2011-06-19 10:48:00,1.42995,1.42995,1.42995,1.42995,0.0
2011-06-19 10:49:00,1.42995,1.42995,1.42995,1.42995,0.0
2011-06-19 10:50:00,1.42995,1.42995,1.42995,1.42995,0.0
2011-06-19 10:51:00,1.42995,1.42995,1.42995,1.42995,0.0
2011-06-19 10:52:00,1.42995,1.42995,1.42995,1.42995,0.0
2011-06-19 10:53:00,1.42995,1.42995,1.42995,1.42995,0.0
2011-06-19 10:54:00,1.42995,1.42995,1.42995,1.42995,0.0
2011-06-19 10:55:00,1.42995,1.42995,1.42995,1.42995,0.0
2011-06-19 10:56:00,1.42995,1.42995,1.42995,1.42995,0.0
2011-06-19 10:57:00,1.42995,1.42995,1.42995,1.42995,0.0
2011-06-19 10:58:00,1.42995,1.42995,1.42995,1.42995,0.0
2011-06-19 10:59:00,1.42995,1.42995,1.42995,1.42995,0.0
2011-06-19 11:00:00,1.42995,1.42995,1.42995,1.42995,0.0
2011-06-19 11:01:00,1.42995,1.42995,1.42995,1.42995,0.0
2011-06-19 11:02:00,1.42995,1.42995,1.42995,1.42995,0.0
2011-06-19 11:03:00,1.42995,1.42995,1.42995,1.42995,0.0
2011-06-19 11:04:00,1.42995,1.42995,1.42995,1.42995,0.0
2011-06-19 11:05:00,1.42995,1.42995,1.42995,1.42995,0.0
2011-06-19 11:06:00,1.42995,1.42995,1.42995,1.42995,0.0
2011-06-19 11:07:00,1.42995,1.42995,1.42995,1.42995,0.0
2011-06-19 11:08:00,1.42995,1.42995,1.42995,1.42995,0.0
2011-06-19 11:09:00,1.42995,1.42995,1.42995,1.42995,0.0
2011-06-19 11:10:00,1.42995,1.42995,1.42995,1.42995,0.0
2011-06-19 11:11:00,1.42995,1.42995,1.42995,1.42995,0.0
2011-06-19 11:12:00,1.42995,1.42995,1.42995,1.42995,0.0
2011-06-19 11:13:00,1.42995,1.42995,1.42995,1.42995,0.0
2011-06-19 11:14:00,1.42995,1.42995,1.42995,1.42995,0.0
2011-06-19 11:15:00,1.42995,1.42995,1.42995,1.42995,0.0
2011-06-19 11:16:00,1.42995,1.42995,1.42995,1.42995,0.0
2011-06-19 11:17:00,1.42995,1.42995,1.42995,1.42995,0.0
2011-06-19 11:18:00,1.42995,1.42995,1.42995,1.42995,0.0
2011-06-19 11:19:00,1.42995,1.42995,1.42995,1.42995,0.0
2011-06-19 11:20:00,1.42995,1.42995,1.42995,1.42995,0.0
2011-06-19 11:21:00,1.42995,1.42995,1.42995,1.42995,0.0
2011-06-19 11:22:00,1.42995,1.42995,1.42995,1.42995,0.0
2011-06-19 11:23:00,1.42995,1.42995,1.42995,1.42995,0.0
2011-06-19 11:24:00,1.42995,1.42995,1.42995,1.42995,0.0
2011-06-19 11:25:00,1.42995,1.42995,1.42995,1.42995,0.0
2011-06-19 11:26:00,1.42995,1.42995,1.42995,1.42995,0.0
2011-06-19 11:27:00,1.42995,1.42995,1.42995,1.42995,0.0
2011-06-19 11:28:00,1.42995,1.42995,1.42995,1.42995,0.0
2011-06-19 11:29:00,1.42995,1.42995,1.42995,1.42995,0.0
2011-06-19 11:30:00,1.42995,1.42995,1.42995,1.42995,0.0
2011-06-19 11:31:00,1.42995,1.42995,1.42995,1.42995,0.0
2011-06-19 11:32:00,1.42995,1.42995,1.42995,1.42995,0.0
2011-06-19 11:33:00,1.42995,1.42995,1.42995,1.42995,0.0
2011-06-19 11:34:00,1.42995,1.42995,1.42995,1.42995,0.0
2011-06-19 11:35:00,1.42995,1.42995,1.42995,1.42995,0.0
2011-06-19 11:36:00,1.42995,1.42995,1.42995,1.42995,0.0
2011-06-19 11:37:00,1.42995,1.42995,1.42995,1.42995,0.0
2011-06-19 11:38:00,1.42995,1.42995,1.42995,1.42995,0.0
2011-06-19 11:39:00,1.42995,1.42995,1.42995,1.42995,0.0
2011-06-19 11:40:00,1.42995,1.42995,1.42995,1.42995,0.0
2011-06-19 11:41:00,1.42995,1.42995,1.42995,1.42995,0.0
2011-06-19 11:42:00,1.42995,1.42995,1.42995,1.42995,0.0
2011-06-19 11:43:00,1.42995,1.42995,1.42995,1.42995,0.0
2011-06-19 11:44:00,1.42995,1.42995,1.42995,1.42995,0.0
2011-06-19 11:45:00,1.42995,1.42995,1.42995,1.42995,0.0
2011-06-19 11:46:00,1.42995,1.42995,1.42995,1.42995,0.0
2011-06-19 11:47:00,1.42995,1.42995,1.42995,1.42995,0.0
2011-06-19 11:48:00,1.42995,1.42995,1.42995,1.42995,0.0
2011-06-19 11:49:00,1.42995,1.42995,1.42995,1.42995,0.0
2011-06-19 11:50:00,1.42995,1.42995,1.42995,1.42995,0.0
2011-06-19 11:51:00,1.42995,1.42995,1.42995,1.42995,0.0
2011-06-19 11:52:00,1.42995,1.42995,1.42995,1.42995,0.0
2011-06-19 11:53:00,1.42995,1.42995,1.42995,1.42995,0.0
2011-06-19 11:54:00,1.42995,1.42995,1.42995,1.42995,0.0
2011-06-19 11:55:00,1.42995,1.42995,1.42995,1.42995,0.0
2011-06-19 11:56:00,1.42995,1.42995,1.42995,1.42995,0.0
2011-06-19 11:57:00,1.42995,1.42995,1.42995,1.42995,0.0
2011-06-19 11:58:00,1.42995,1.42995,1.42995,1.42995,0.0
2011-06-19 11:59:00,1.42995,1.42995,1.42995,1.42995,0.0
2011-06-19 12:00:00,1.42995,1.42995,1.42995,1.42995,0.0
2011-06-19 12:01:00,1.42995,1.42995,1.42995,1.42995,0.0
2011-06-19 12:02:00,1.42995,1.42995,1.42995,1.42995,0.0
2011-06-19 12:03:00,1.42995,1.42995,1.42995,1.42995,0.0
2011-06-19 12:04:00,1.42995,1.42995,1.42995,1.42995,0.0
2011-06-19 12:05:00,1.42995,1.42995,1.42995,1.42995,0.0
2011-06-19 12:06:00,1.42995,1.42995,1.42995,1.42995,0.0
2011-06-19 12:07:00,1.42995,1.42995,1.42995,1.42995,0.0
2011-06-19 12:08:00,1.42995,1.42995,1.42995,1.42995,0.0
2011-06-19 12:09:00,1.42995,1.42995,1.42995,1.42995,0.0
2011-06-19 12:10:00,1.42995,1.42995,1.42995,1.42995,0.0
2011-06-19 12:11:00,1.42995,1.42995,1.42995,1.42995,0.0
2011-06-19 12:12:00,1.42995,1.42995,1.42995,1.42995,0.0
2011-06-19 12:13:00,1.42995,1.42995,1.42995,1.42995,0.0
2011-06-19 12:14:00,1.42995,1.42995,1.42995,1.42995,0.0
2011-06-19 12:15:00,1.42995,1.42995,1.42995,1.42995,0.0
2011-06-19 12:16:00,1.42995,1.42995,1.42995,1.42995,0.0
2011-06-19 12:17:00,1.42995,1.42995,1.42995,1.42995,0.0
2011-06-19 12:18:00,1.42995,1.42995,1.42995,1.42995,0.0
2011-06-19 12:19:00,1.42995,1.42995,1.42995,1.42995,0.0
2011-06-19 12:20:00,1.42995,1.42995,1.42995,1.42995,0.0
2011-06-19 12:21:00,1.42995,1.42995,1.42995,1.42995,0.0
2011-06-19 12:22:00,1.42995,1.42995,1.42995,1.42995,0.0
2011-06-19 12:23:00,1.42995,1.42995,1.42995,1.42995,0.0
2011-06-19 12:24:00,1.42995,1.42995,1.42995,1.42995,0.0
2011-06-19 12:25:00,1.42995,1.42995,1.42995,1.42995,0.0
2011-06-19 12:26:00,1.42995,1.42995,1.42995,1.42995,0.0
2011-06-19 12:27:00,1.42995,1.42995,1.42995,1.42995,0.0
2011-06-19 12:28:00,1.42995,1.42995,1.42995,1.42995,0.0
2011-06-19 12:29:00,1.42995,1.42995,1.42995,1.42995,0.0
2011-06-19 12:30:00,1.42995,1.42995,1.42995,1.42995,0.0
2011-06-19 12:31:00,1.42995,1.42995,1.42995,1.42995,0.0
2011-06-19 12:32:00,1.42995,1.42995,1.42995,1.42995,0.0
2011-06-19 12:33:00,1.42995,1.42995,1.42995,1.42995,0.0
2011-06-19 12:34:00,1.42995,1.42995,1.42995,1.42995,0.0
2011-06-19 12:35:00,1.42995,1.42995,1.42995,1.42995,0.0
2011-06-19 12:36:00,1.42995,1.42995,1.42995,1.42995,0.0
2011-06-19 12:37:00,1.42995,1.42995,1.42995,1.42995,0.0
2011-06-19 12:38:00,1.42995,1.42995,1.42995,1.42995,0.0
2011-06-19 12:39:00,1.42995,1.42995,1.42995,1.42995,0.0
2011-06-19 12:40:00,1.42995,1.42995,1.42995,1.42995,0.0
2011-06-19 12:41:00,1.42995,1.42995,1.42995,1.42995,0.0
2011-06-19 12:42:00,1.42995,1.42995,1.42995,1.42995,0.0
2011-06-19 12:43:00,1.42995,1.42995,1.42995,1.42995,0.0
2011-06-19 12:44:00,1.42995,1.42995,1.42995,1.42995,0.0
2011-06-19 12:45:00,1.42995,1.42995,1.42995,1.42995,0.0
2011-06-19 12:46:00,1.42995,1.42995,1.42995,1.42995,0.0
2011-06-19 12:47:00,1.42995,1.42995,1.42995,1.42995,0.0
2011-06-19 12:48:00,1.42995,1.42995,1.42995,1.42995,0.0
2011-06-19 12:49:00,1.42995,1.42995,1.42995,1.42995,0.0
2011-06-19 12:50:00,1.42995,1.42995,1.42995,1.42995,0.0
2011-06-19 12:51:00,1.42995,1.42995,1.42995,1.42995,0.0
2011-06-19 12:52:00,1.42995,1.42995,1.42995,1.42995,0.0
2011-06-19 12:53:00,1.42995,1.42995,1.42995,1.42995,0.0
2011-06-19 12:54:00,1.42995,1.42995,1.42995,1.42995,0.0
2011-06-19 12:55:00,1.42995,1.42995,1.42995,1.42995,0.0
2011-06-19 12:56:00,1.42995,1.42995,1.42995,1.42995,0.0
2011-06-19 12:57:00,1.42995,1.42995,1.42995,1.42995,0.0
2011-06-19 12:58:00,1.42995,1.42995,1.42995,1.42995,0.0
2011-06-19 12:59:00,1.42995,1.42995,1.42995,1.42995,0.0
2011-06-19 13:00:00,1.42995,1.42995,1.42995,1.42995,0.0
2011-06-19 13:01:00,1.42995,1.42995,1.42995,1.42995,0.0
2011-06-19 13:02:00,1.42995,1.42995,1.42995,1.42995,0.0
2011-06-19 13:03:00,1.42995,1.42995,1.42995,1.42995,0.0
2011-06-19 13:04:00,1.42995,1.42995,1.42995,1.42995,0.0
2011-06-19 13:05:00,1.42995,1.42995,1.42995,1.42995,0.0
2011-06-19 13:06:00,1.42995,1.42995,1.42995,1.42995,0.0
2011-06-19 13:07:00,1.42995,1.42995,1.42995,1.42995,0.0
2011-06-19 13:08:00,1.42995,1.42995,1.42995,1.42995,0.0
2011-06-19 13:09:00,1.42995,1.42995,1.42995,1.42995,0.0
2011-06-19 13:10:00,1.42995,1.42995,1.42995,1.42995,0.0
2011-06-19 13:11:00,1.42995,1.42995,1.42995,1.42995,0.0
2011-06-19 13:12:00,1.42995,1.42995,1.42995,1.42995,0.0
2011-06-19 13:13:00,1.42995,1.42995,1.42995,1.42995,0.0
2011-06-19 13:14:00,1.42995,1.42995,1.42995,1.42995,0.0
2011-06-19 13:15:00,1.42995,1.42995,1.42995,1.42995,0.0
2011-06-19 13:16:00,1.42995,1.42995,1.42995,1.42995,0.0
2011-06-19 13:17:00,1.42995,1.42995,1.42995,1.42995,0.0
2011-06-19 13:18:00,1.42995,1.42995,1.42995,1.42995,0.0
2011-06-19 13:19:00,1.42995,1.42995,1.42995,1.42995,0.0
2011-06-19 13:20:00,1.42995,1.42995,1.42995,1.42995,0.0
2011-06-19 13:21:00,1.42995,1.42995,1.42995,1.42995,0.0
2011-06-19 13:22:00,1.42995,1.42995,1.42995,1.42995,0.0
2011-06-19 13:23:00,1.42995,1.42995,1.42995,1.42995,0.0
2011-06-19 13:24:00,1.42995,1.42995,1.42995,1.42995,0.0
2011-06-19 13:25:00,1.42995,1.42995,1.42995,1.42995,0.0
2011-06-19 13:26:00,1.42995,1.42995,1.42995,1.42995,0.0
2011-06-19 13:27:00,1.42995,1.42995,1.42995,1.42995,0.0
2011-06-19 13:28:00,1.42995,1.42995,1.42995,1.42995,0.0
2011-06-19 13:29:00,1.42995,1.42995,1.42995,1.42995,0.0
2011-06-19 13:30:00,1.42995,1.42995,1.42995,1.42995,0.0
2011-06-19 13:31:00,1.42995,1.42995,1.42995,1.42995,0.0
2011-06-19 13:32:00,1.42995,1.42995,1.42995,1.42995,0.0
2011-06-19 13:33:00,1.42995,1.42995,1.42995,1.42995,0.0
2011-06-19 13:34:00,1.42995,1.42995,1.42995,1.42995,0.0
2011-06-19 13:35:00,1.42995,1.42995,1.42995,1.42995,0.0
2011-06-19 13:36:00,1.42995,1.42995,1.42995,1.42995,0.0
2011-06-19 13:37:00,1.42995,1.42995,1.42995,1.42995,0.0
2011-06-19 13:38:00,1.42995,1.42995,1.42995,1.42995,0.0
2011-06-19 13:39:00,1.42995,1.42995,1.42995,1.42995,0.0
2011-06-19 13:40:00,1.42995,1.42995,1.42995,1.42995,0.0
2011-06-19 13:41:00,1.42995,1.42995,1.42995,1.42995,0.0
2011-06-19 13:42:00,1.42995,1.42995,1.42995,1.42995,0.0
2011-06-19 13:43:00,1.42995,1.42995,1.42995,1.42995,0.0
2011-06-19 13:44:00,1.42995,1.42995,1.42995,1.42995,0.0
2011-06-19 13:45:00,1.42995,1.42995,1.42995,1.42995,0.0
2011-06-19 13:46:00,1.42995,1.42995,1.42995,1.42995,0.0
2011-06-19 13:47:00,1.42995,1.42995,1.42995,1.42995,0.0
2011-06-19 13:48:00,1.42995,1.42995,1.42995,1.42995,0.0
2011-06-19 13:49:00,1.42995,1.42995,1.42995,1.42995,0.0
2011-06-19 13:50:00,1.42995,1.42995,1.42995,1.42995,0.0
2011-06-19 13:51:00,1.42995,1.42995,1.42995,1.42995,0.0
2011-06-19 13:52:00,1.42995,1.42995,1.42995,1.42995,0.0
2011-06-19 13:53:00,1.42995,1.42995,1.42995,1.42995,0.0
2011-06-19 13:54:00,1.42995,1.42995,1.42995,1.42995,0.0
2011-06-19 13:55:00,1.42995,1.42995,1.42995,1.42995,0.0
2011-06-19 13:56:00,1.42995,1.42995,1.42995,1.42995,0.0
2011-06-19 13:57:00,1.42995,1.42995,1.42995,1.42995,0.0
2011-06-19 13:58:00,1.42995,1.42995,1.42995,1.42995,0.0
2011-06-19 13:59:00,1.42995,1.42995,1.42995,1.42995,0.0
2011-06-19 14:00:00,1.42995,1.42995,1.42995,1.42995,0.0
2011-06-19 14:01:00,1.42995,1.42995,1.42995,1.42995,0.0
2011-06-19 14:02:00,1.42995,1.42995,1.42995,1.42995,0.0
2011-06-19 14:03:00,1.42995,1.42995,1.42995,1.42995,0.0
2011-06-19 14:04:00,1.42995,1.42995,1.42995,1.42995,0.0
2011-06-19 14:05:00,1.42995,1.42995,1.42995,1.42995,0.0
2011-06-19 14:06:00,1.42995,1.42995,1.42995,1.42995,0.0
2011-06-19 14:07:00,1.42995,1.42995,1.42995,1.42995,0.0
2011-06-19 14:08:00,1.42995,1.42995,1.42995,1.42995,0.0
2011-06-19 14:09:00,1.42995,1.42995,1.42995,1.42995,0.0
2011-06-19 14:10:00,1.42995,1.42995,1.42995,1.42995,0.0
2011-06-19 14:11:00,1.42995,1.42995,1.42995,1.42995,0.0
2011-06-19 14:12:00,1.42995,1.42995,1.42995,1.42995,0.0
2011-06-19 14:13:00,1.42995,1.42995,1.42995,1.42995,0.0
2011-06-19 14:14:00,1.42995,1.42995,1.42995,1.42995,0.0
2011-06-19 14:15:00,1.42995,1.42995,1.42995,1.42995,0.0
2011-06-19 14:16:00,1.42995,1.42995,1.42995,1.42995,0.0
2011-06-19 14:17:00,1.42995,1.42995,1.42995,1.42995,0.0
2011-06-19 14:18:00,1.42995,1.42995,1.42995,1.42995,0.0
2011-06-19 14:19:00,1.42995,1.42995,1.42995,1.42995,0.0
2011-06-19 14:20:00,1.42995,1.42995,1.42995,1.42995,0.0
2011-06-19 14:21:00,1.42995,1.42995,1.42995,1.42995,0.0
2011-06-19 14:22:00,1.42995,1.42995,1.42995,1.42995,0.0
2011-06-19 14:23:00,1.42995,1.42995,1.42995,1.42995,0.0
2011-06-19 14:24:00,1.42995,1.42995,1.42995,1.42995,0.0
2011-06-19 14:25:00,1.42995,1.42995,1.42995,1.42995,0.0
2011-06-19 14:26:00,1.42995,1.42995,1.42995,1.42995,0.0
2011-06-19 14:27:00,1.42995,1.42995,1.42995,1.42995,0.0
2011-06-19 14:28:00,1.42995,1.42995,1.42995,1.42995,0.0
2011-06-19 14:29:00,1.42995,1.42995,1.42995,1.42995,0.0
2011-06-19 14:30:00,1.42995,1.42995,1.42995,1.42995,0.0
2011-06-19 14:31:00,1.42995,1.42995,1.42995,1.42995,0.0
2011-06-19 14:32:00,1.42995,1.42995,1.42995,1.42995,0.0
2011-06-19 14:33:00,1.42995,1.42995,1.42995,1.42995,0.0
2011-06-19 14:34:00,1.42995,1.42995,1.42995,1.42995,0.0
2011-06-19 14:35:00,1.42995,1.42995,1.42995,1.42995,0.0
2011-06-19 14:36:00,1.42995,1.42995,1.42995,1.42995,0.0
2011-06-19 14:37:00,1.42995,1.42995,1.42995,1.42995,0.0
2011-06-19 14:38:00,1.42995,1.42995,1.42995,1.42995,0.0
2011-06-19 14:39:00,1.42995,1.42995,1.42995,1.42995,0.0
2011-06-19 14:40:00,1.42995,1.42995,1.42995,1.42995,0.0
2011-06-19 14:41:00,1.42995,1.42995,1.42995,1.42995,0.0
2011-06-19 14:42:00,1.42995,1.42995,1.42995,1.42995,0.0
2011-06-19 14:43:00,1.42995,1.42995,1.42995,1.42995,0.0
2011-06-19 14:44:00,1.42995,1.42995,1.42995,1.42995,0.0
2011-06-19 14:45:00,1.42995,1.42995,1.42995,1.42995,0.0
2011-06-19 14:46:00,1.42995,1.42995,1.42995,1.42995,0.0
2011-06-19 14:47:00,1.42995,1.42995,1.42995,1.42995,0.0
2011-06-19 14:48:00,1.42995,1.42995,1.42995,1.42995,0.0
2011-06-19 14:49:00,1.42995,1.42995,1.42995,1.42995,0.0
2011-06-19 14:50:00,1.42995,1.42995,1.42995,1.42995,0.0
2011-06-19 14:51:00,1.42995,1.42995,1.42995,1.42995,0.0
2011-06-19 14:52:00,1.42995,1.42995,1.42995,1.42995,0.0
2011-06-19 14:53:00,1.42995,1.42995,1.42995,1.42995,0.0
2011-06-19 14:54:00,1.42995,1.42995,1.42995,1.42995,0.0
2011-06-19 14:55:00,1.42995,1.42995,1.42995,1.42995,0.0
2011-06-19 14:56:00,1.42995,1.42995,1.42995,1.42995,0.0
2011-06-19 14:57:00,1.42995,1.42995,1.42995,1.42995,0.0
2011-06-19 14:58:00,1.42995,1.42995,1.42995,1.42995,0.0
2011-06-19 14:59:00,1.42995,1.42995,1.42995,1.42995,0.0
2011-06-19 15:00:00,1.42995,1.42995,1.42995,1.42995,0.0
2011-06-19 15:01:00,1.42995,1.42995,1.42995,1.42995,0.0
2011-06-19 15:02:00,1.42995,1.42995,1.42995,1.42995,0.0
2011-06-19 15:03:00,1.42995,1.42995,1.42995,1.42995,0.0
2011-06-19 15:04:00,1.42995,1.42995,1.42995,1.42995,0.0
2011-06-19 15:05:00,1.42995,1.42995,1.42995,1.42995,0.0
2011-06-19 15:06:00,1.42995,1.42995,1.42995,1.42995,0.0
2011-06-19 15:07:00,1.42995,1.42995,1.42995,1.42995,0.0
2011-06-19 15:08:00,1.42995,1.42995,1.42995,1.42995,0.0
2011-06-19 15:09:00,1.42995,1.42995,1.42995,1.42995,0.0
2011-06-19 15:10:00,1.42995,1.42995,1.42995,1.42995,0.0
2011-06-19 15:11:00,1.42995,1.42995,1.42995,1.42995,0.0
2011-06-19 15:12:00,1.42995,1.42995,1.42995,1.42995,0.0
2011-06-19 15:13:00,1.42995,1.42995,1.42995,1.42995,0.0
2011-06-19 15:14:00,1.42995,1.42995,1.42995,1.42995,0.0
2011-06-19 15:15:00,1.42995,1.42995,1.42995,1.42995,0.0
2011-06-19 15:16:00,1.42995,1.42995,1.42995,1.42995,0.0
2011-06-19 15:17:00,1.42995,1.42995,1.42995,1.42995,0.0
2011-06-19 15:18:00,1.42995,1.42995,1.42995,1.42995,0.0
2011-06-19 15:19:00,1.42995,1.42995,1.42995,1.42995,0.0
2011-06-19 15:20:00,1.42995,1.42995,1.42995,1.42995,0.0
2011-06-19 15:21:00,1.42995,1.42995,1.42995,1.42995,0.0
2011-06-19 15:22:00,1.42995,1.42995,1.42995,1.42995,0.0
2011-06-19 15:23:00,1.42995,1.42995,1.42995,1.42995,0.0
2011-06-19 15:24:00,1.42995,1.42995,1.42995,1.42995,0.0
2011-06-19 15:25:00,1.42995,1.42995,1.42995,1.42995,0.0
2011-06-19 15:26:00,1.42995,1.42995,1.42995,1.42995,0.0
2011-06-19 15:27:00,1.42995,1.42995,1.42995,1.42995,0.0
2011-06-19 15:28:00,1.42995,1.42995,1.42995,1.42995,0.0
2011-06-19 15:29:00,1.42995,1.42995,1.42995,1.42995,0.0
2011-06-19 15:30:00,1.42995,1.42995,1.42995,1.42995,0.0
2011-06-19 15:31:00,1.42995,1.42995,1.42995,1.42995,0.0
2011-06-19 15:32:00,1.42995,1.42995,1.42995,1.42995,0.0
2011-06-19 15:33:00,1.42995,1.42995,1.42995,1.42995,0.0
2011-06-19 15:34:00,1.42995,1.42995,1.42995,1.42995,0.0
2011-06-19 15:35:00,1.42995,1.42995,1.42995,1.42995,0.0
2011-06-19 15:36:00,1.42995,1.42995,1.42995,1.42995,0.0
2011-06-19 15:37:00,1.42995,1.42995,1.42995,1.42995,0.0
2011-06-19 15:38:00,1.42995,1.42995,1.42995,1.42995,0.0
2011-06-19 15:39:00,1.42995,1.42995,1.42995,1.42995,0.0
2011-06-19 15:40:00,1.42995,1.42995,1.42995,1.42995,0.0
2011-06-19 15:41:00,1.42995,1.42995,1.42995,1.42995,0.0
2011-06-19 15:42:00,1.42995,1.42995,1.42995,1.42995,0.0
2011-06-19 15:43:00,1.42995,1.42995,1.42995,1.42995,0.0
2011-06-19 15:44:00,1.42995,1.42995,1.42995,1.42995,0.0
2011-06-19 15:45:00,1.42995,1.42995,1.42995,1.42995,0.0
2011-06-19 15:46:00,1.42995,1.42995,1.42995,1.42995,0.0
2011-06-19 15:47:00,1.42995,1.42995,1.42995,1.42995,0.0
2011-06-19 15:48:00,1.42995,1.42995,1.42995,1.42995,0.0
2011-06-19 15:49:00,1.42995,1.42995,1.42995,1.42995,0.0
2011-06-19 15:50:00,1.42995,1.42995,1.42995,1.42995,0.0
2011-06-19 15:51:00,1.42995,1.42995,1.42995,1.42995,0.0
2011-06-19 15:52:00,1.42995,1.42995,1.42995,1.42995,0.0
2011-06-19 15:53:00,1.42995,1.42995,1.42995,1.42995,0.0
2011-06-19 15:54:00,1.42995,1.42995,1.42995,1.42995,0.0
2011-06-19 15:55:00,1.42995,1.42995,1.42995,1.42995,0.0
2011-06-19 15:56:00,1.42995,1.42995,1.42995,1.42995,0.0
2011-06-19 15:57:00,1.42995,1.42995,1.42995,1.42995,0.0
2011-06-19 15:58:00,1.42995,1.42995,1.42995,1.42995,0.0
2011-06-19 15:59:00,1.42995,1.42995,1.42995,1.42995,0.0
2011-06-19 16:00:00,1.42995,1.42995,1.42995,1.42995,0.0
2011-06-19 16:01:00,1.42995,1.42995,1.42995,1.42995,0.0
2011-06-19 16:02:00,1.42995,1.42995,1.42995,1.42995,0.0
2011-06-19 16:03:00,1.42995,1.42995,1.42995,1.42995,0.0
2011-06-19 16:04:00,1.42995,1.42995,1.42995,1.42995,0.0
2011-06-19 16:05:00,1.42995,1.42995,1.42995,1.42995,0.0
2011-06-19 16:06:00,1.42995,1.42995,1.42995,1.42995,0.0
2011-06-19 16:07:00,1.42995,1.42995,1.42995,1.42995,0.0
2011-06-19 16:08:00,1.42995,1.42995,1.42995,1.42995,0.0
2011-06-19 16:09:00,1.42995,1.42995,1.42995,1.42995,0.0
2011-06-19 16:10:00,1.42995,1.42995,1.42995,1.42995,0.0
2011-06-19 16:11:00,1.42995,1.42995,1.42995,1.42995,0.0
2011-06-19 16:12:00,1.42995,1.42995,1.42995,1.42995,0.0
2011-06-19 16:13:00,1.42995,1.42995,1.42995,1.42995,0.0
2011-06-19 16:14:00,1.42995,1.42995,1.42995,1.42995,0.0
2011-06-19 16:15:00,1.42995,1.42995,1.42995,1.42995,0.0
2011-06-19 16:16:00,1.42995,1.42995,1.42995,1.42995,0.0
2011-06-19 16:17:00,1.42995,1.42995,1.42995,1.42995,0.0
2011-06-19 16:18:00,1.42995,1.42995,1.42995,1.42995,0.0
2011-06-19 16:19:00,1.42995,1.42995,1.42995,1.42995,0.0
2011-06-19 16:20:00,1.42995,1.42995,1.42995,1.42995,0.0
2011-06-19 16:21:00,1.42995,1.42995,1.42995,1.42995,0.0
2011-06-19 16:22:00,1.42995,1.42995,1.42995,1.42995,0.0
2011-06-19 16:23:00,1.42995,1.42995,1.42995,1.42995,0.0
2011-06-19 16:24:00,1.42995,1.42995,1.42995,1.42995,0.0
2011-06-19 16:25:00,1.42995,1.42995,1.42995,1.42995,0.0
2011-06-19 16:26:00,1.42995,1.42995,1.42995,1.42995,0.0
2011-06-19 16:27:00,1.42995,1.42995,1.42995,1.42995,0.0
2011-06-19 16:28:00,1.42995,1.42995,1.42995,1.42995,0.0
2011-06-19 16:29:00,1.42995,1.42995,1.42995,1.42995,0.0
2011-06-19 16:30:00,1.42995,1.42995,1.42995,1.42995,0.0
2011-06-19 16:31:00,1.42995,1.42995,1.42995,1.42995,0.0
2011-06-19 16:32:00,1.42995,1.42995,1.42995,1.42995,0.0
2011-06-19 16:33:00,1.42995,1.42995,1.42995,1.42995,0.0
2011-06-19 16:34:00,1.42995,1.42995,1.42995,1.42995,0.0
2011-06-19 16:35:00,1.42995,1.42995,1.42995,1.42995,0.0
2011-06-19 16:36:00,1.42995,1.42995,1.42995,1.42995,0.0
2011-06-19 16:37:00,1.42995,1.42995,1.42995,1.42995,0.0
2011-06-19 16:38:00,1.42995,1.42995,1.42995,1.42995,0.0
2011-06-19 16:39:00,1.42995,1.42995,1.42995,1.42995,0.0
2011-06-19 16:40:00,1.42995,1.42995,1.42995,1.42995,0.0
2011-06-19 16:41:00,1.42995,1.42995,1.42995,1.42995,0.0
2011-06-19 16:42:00,1.42995,1.42995,1.42995,1.42995,0.0
2011-06-19 16:43:00,1.42995,1.42995,1.42995,1.42995,0.0
2011-06-19 16:44:00,1.42995,1.42995,1.42995,1.42995,0.0
2011-06-19 16:45:00,1.42995,1.42995,1.42995,1.42995,0.0
2011-06-19 16:46:00,1.42995,1.42995,1.42995,1.42995,0.0
2011-06-19 16:47:00,1.42995,1.42995,1.42995,1.42995,0.0
2011-06-19 16:48:00,1.42995,1.42995,1.42995,1.42995,0.0
2011-06-19 16:49:00,1.42995,1.42995,1.42995,1.42995,0.0
2011-06-19 16:50:00,1.42995,1.42995,1.42995,1.42995,0.0
2011-06-19 16:51:00,1.42995,1.42995,1.42995,1.42995,0.0
2011-06-19 16:52:00,1.42995,1.42995,1.42995,1.42995,0.0
2011-06-19 16:53:00,1.42995,1.42995,1.42995,1.42995,0.0
2011-06-19 16:54:00,1.42995,1.42995,1.42995,1.42995,0.0
2011-06-19 16:55:00,1.42995,1.42995,1.42995,1.42995,0.0
2011-06-19 16:56:00,1.42995,1.42995,1.42995,1.42995,0.0
2011-06-19 16:57:00,1.42995,1.42995,1.42995,1.42995,0.0
2011-06-19 16:58:00,1.42995,1.42995,1.42995,1.42995,0.0
2011-06-19 16:59:00,1.42995,1.42995,1.42995,1.42995,0.0
2011-06-19 17:00:00,1.42995,1.42995,1.42995,1.42995,0.0
2011-06-19 17:01:00,1.42995,1.42995,1.42995,1.42995,0.0
2011-06-19 17:02:00,1.42995,1.42995,1.42995,1.42995,0.0
2011-06-19 17:03:00,1.42995,1.42995,1.42995,1.42995,0.0
2011-06-19 17:04:00,1.42995,1.42995,1.42995,1.42995,0.0
2011-06-19 17:05:00,1.42995,1.42995,1.42995,1.42995,0.0
2011-06-19 17:06:00,1.42995,1.42995,1.42995,1.42995,0.0
2011-06-19 17:07:00,1.42995,1.42995,1.42995,1.42995,0.0
2011-06-19 17:08:00,1.42995,1.42995,1.42995,1.42995,0.0
2011-06-19 17:09:00,1.42995,1.42995,1.42995,1.42995,0.0
2011-06-19 17:10:00,1.42995,1.42995,1.42995,1.42995,0.0
2011-06-19 17:11:00,1.42995,1.42995,1.42995,1.42995,0.0
2011-06-19 17:12:00,1.42995,1.42995,1.42995,1.42995,0.0
2011-06-19 17:13:00,1.42995,1.42995,1.42995,1.42995,0.0
2011-06-19 17:14:00,1.42995,1.42995,1.42995,1.42995,0.0
2011-06-19 17:15:00,1.42995,1.42995,1.42995,1.42995,0.0
2011-06-19 17:16:00,1.42995,1.42995,1.42995,1.42995,0.0
2011-06-19 17:17:00,1.42995,1.42995,1.42995,1.42995,0.0
2011-06-19 17:18:00,1.42995,1.42995,1.42995,1.42995,0.0
2011-06-19 17:19:00,1.42995,1.42995,1.42995,1.42995,0.0
2011-06-19 17:20:00,1.42995,1.42995,1.42995,1.42995,0.0
2011-06-19 17:21:00,1.42995,1.42995,1.42995,1.42995,0.0
2011-06-19 17:22:00,1.42995,1.42995,1.42995,1.42995,0.0
2011-06-19 17:23:00,1.42995,1.42995,1.42995,1.42995,0.0
2011-06-19 17:24:00,1.42995,1.42995,1.42995,1.42995,0.0
2011-06-19 17:25:00,1.42995,1.42995,1.42995,1.42995,0.0
2011-06-19 17:26:00,1.42995,1.42995,1.42995,1.42995,0.0
2011-06-19 17:27:00,1.42995,1.42995,1.42995,1.42995,0.0
2011-06-19 17:28:00,1.42995,1.42995,1.42995,1.42995,0.0
2011-06-19 17:29:00,1.42995,1.42995,1.42995,1.42995,0.0
2011-06-19 17:30:00,1.42995,1.42995,1.42995,1.42995,0.0
2011-06-19 17:31:00,1.42995,1.42995,1.42995,1.42995,0.0
2011-06-19 17:32:00,1.42995,1.42995,1.42995,1.42995,0.0
2011-06-19 17:33:00,1.42995,1.42995,1.42995,1.42995,0.0
2011-06-19 17:34:00,1.42995,1.42995,1.42995,1.42995,0.0
2011-06-19 17:35:00,1.42995,1.42995,1.42995,1.42995,0.0
2011-06-19 17:36:00,1.42995,1.42995,1.42995,1.42995,0.0
2011-06-19 17:37:00,1.42995,1.42995,1.42995,1.42995,0.0
2011-06-19 17:38:00,1.42995,1.42995,1.42995,1.42995,0.0
2011-06-19 17:39:00,1.42995,1.42995,1.42995,1.42995,0.0
2011-06-19 17:40:00,1.42995,1.42995,1.42995,1.42995,0.0
2011-06-19 17:41:00,1.42995,1.42995,1.42995,1.42995,0.0
2011-06-19 17:42:00,1.42995,1.42995,1.42995,1.42995,0.0
2011-06-19 17:43:00,1.42995,1.42995,1.42995,1.42995,0.0
2011-06-19 17:44:00,1.42995,1.42995,1.42995,1.42995,0.0
2011-06-19 17:45:00,1.42995,1.42995,1.42995,1.42995,0.0
2011-06-19 17:46:00,1.42995,1.42995,1.42995,1.42995,0.0
2011-06-19 17:47:00,1.42995,1.42995,1.42995,1.42995,0.0
2011-06-19 17:48:00,1.42995,1.42995,1.42995,1.42995,0.0
2011-06-19 17:49:00,1.42995,1.42995,1.42995,1.42995,0.0
2011-06-19 17:50:00,1.42995,1.42995,1.42995,1.42995,0.0
2011-06-19 17:51:00,1.42995,1.42995,1.42995,1.42995,0.0
2011-06-19 17:52:00,1.42995,1.42995,1.42995,1.42995,0.0
2011-06-19 17:53:00,1.42995,1.42995,1.42995,1.42995,0.0
2011-06-19 17:54:00,1.42995,1.42995,1.42995,1.42995,0.0
2011-06-19 17:55:00,1.42995,1.42995,1.42995,1.42995,0.0
2011-06-19 17:56:00,1.42995,1.42995,1.42995,1.42995,0.0
2011-06-19 17:57:00,1.42995,1.42995,1.42995,1.42995,0.0
2011-06-19 17:58:00,1.42995,1.42995,1.42995,1.42995,0.0
2011-06-19 17:59:00,1.42995,1.42995,1.42995,1.42995,0.0
2011-06-19 18:00:00,1.42995,1.42995,1.42995,1.42995,0.0
2011-06-19 18:01:00,1.42995,1.42995,1.42995,1.42995,0.0
2011-06-19 18:02:00,1.42995,1.42995,1.42995,1.42995,0.0
2011-06-19 18:03:00,1.42995,1.42995,1.42995,1.42995,0.0
2011-06-19 18:04:00,1.42995,1.42995,1.42995,1.42995,0.0
2011-06-19 18:05:00,1.42995,1.42995,1.42995,1.42995,0.0
2011-06-19 18:06:00,1.42995,1.42995,1.42995,1.42995,0.0
2011-06-19 18:07:00,1.42995,1.42995,1.42995,1.42995,0.0
2011-06-19 18:08:00,1.42995,1.42995,1.42995,1.42995,0.0
2011-06-19 18:09:00,1.42995,1.42995,1.42995,1.42995,0.0
2011-06-19 18:10:00,1.42995,1.42995,1.42995,1.42995,0.0
2011-06-19 18:11:00,1.42995,1.42995,1.42995,1.42995,0.0
2011-06-19 18:12:00,1.42995,1.42995,1.42995,1.42995,0.0
2011-06-19 18:13:00,1.42995,1.42995,1.42995,1.42995,0.0
2011-06-19 18:14:00,1.42995,1.42995,1.42995,1.42995,0.0
2011-06-19 18:15:00,1.42995,1.42995,1.42995,1.42995,0.0
2011-06-19 18:16:00,1.42995,1.42995,1.42995,1.42995,0.0
2011-06-19 18:17:00,1.42995,1.42995,1.42995,1.42995,0.0
2011-06-19 18:18:00,1.42995,1.42995,1.42995,1.42995,0.0
2011-06-19 18:19:00,1.42995,1.42995,1.42995,1.42995,0.0
2011-06-19 18:20:00,1.42995,1.42995,1.42995,1.42995,0.0
2011-06-19 18:21:00,1.42995,1.42995,1.42995,1.42995,0.0
2011-06-19 18:22:00,1.42995,1.42995,1.42995,1.42995,0.0
2011-06-19 18:23:00,1.42995,1.42995,1.42995,1.42995,0.0
2011-06-19 18:24:00,1.42995,1.42995,1.42995,1.42995,0.0
2011-06-19 18:25:00,1.42995,1.42995,1.42995,1.42995,0.0
2011-06-19 18:26:00,1.42995,1.42995,1.42995,1.42995,0.0
2011-06-19 18:27:00,1.42995,1.42995,1.42995,1.42995,0.0
2011-06-19 18:28:00,1.42995,1.42995,1.42995,1.42995,0.0
2011-06-19 18:29:00,1.42995,1.42995,1.42995,1.42995,0.0
2011-06-19 18:30:00,1.42995,1.42995,1.42995,1.42995,0.0
2011-06-19 18:31:00,1.42995,1.42995,1.42995,1.42995,0.0
2011-06-19 18:32:00,1.42995,1.42995,1.42995,1.42995,0.0
2011-06-19 18:33:00,1.42995,1.42995,1.42995,1.42995,0.0
2011-06-19 18:34:00,1.42995,1.42995,1.42995,1.42995,0.0
2011-06-19 18:35:00,1.42995,1.42995,1.42995,1.42995,0.0
2011-06-19 18:36:00,1.42995,1.42995,1.42995,1.42995,0.0
2011-06-19 18:37:00,1.42995,1.42995,1.42995,1.42995,0.0
2011-06-19 18:38:00,1.42995,1.42995,1.42995,1.42995,0.0
2011-06-19 18:39:00,1.42995,1.42995,1.42995,1.42995,0.0
2011-06-19 18:40:00,1.42995,1.42995,1.42995,1.42995,0.0
2011-06-19 18:41:00,1.42995,1.42995,1.42995,1.42995,0.0
2011-06-19 18:42:00,1.42995,1.42995,1.42995,1.42995,0.0
2011-06-19 18:43:00,1.42995,1.42995,1.42995,1.42995,0.0
2011-06-19 18:44:00,1.42995,1.42995,1.42995,1.42995,0.0
2011-06-19 18:45:00,1.42995,1.42995,1.42995,1.42995,0.0
2011-06-19 18:46:00,1.42995,1.42995,1.42995,1.42995,0.0
2011-06-19 18:47:00,1.42995,1.42995,1.42995,1.42995,0.0
2011-06-19 18:48:00,1.42995,1.42995,1.42995,1.42995,0.0
2011-06-19 18:49:00,1.42995,1.42995,1.42995,1.42995,0.0
2011-06-19 18:50:00,1.42995,1.42995,1.42995,1.42995,0.0
2011-06-19 18:51:00,1.42995,1.42995,1.42995,1.42995,0.0
2011-06-19 18:52:00,1.42995,1.42995,1.42995,1.42995,0.0
2011-06-19 18:53:00,1.42995,1.42995,1.42995,1.42995,0.0
2011-06-19 18:54:00,1.42995,1.42995,1.42995,1.42995,0.0
2011-06-19 18:55:00,1.42995,1.42995,1.42995,1.42995,0.0
2011-06-19 18:56:00,1.42995,1.42995,1.42995,1.42995,0.0
2011-06-19 18:57:00,1.42995,1.42995,1.42995,1.42995,0.0
2011-06-19 18:58:00,1.42995,1.42995,1.42995,1.42995,0.0
2011-06-19 18:59:00,1.42995,1.42995,1.42995,1.42995,0.0
2011-06-19 19:00:00,1.42995,1.42995,1.42995,1.42995,0.0
2011-06-19 19:01:00,1.42995,1.42995,1.42995,1.42995,0.0
2011-06-19 19:02:00,1.42995,1.42995,1.42995,1.42995,0.0
2011-06-19 19:03:00,1.42995,1.42995,1.42995,1.42995,0.0
2011-06-19 19:04:00,1.42995,1.42995,1.42995,1.42995,0.0
2011-06-19 19:05:00,1.42995,1.42995,1.42995,1.42995,0.0
2011-06-19 19:06:00,1.42995,1.42995,1.42995,1.42995,0.0
2011-06-19 19:07:00,1.42995,1.42995,1.42995,1.42995,0.0
2011-06-19 19:08:00,1.42995,1.42995,1.42995,1.42995,0.0
2011-06-19 19:09:00,1.42995,1.42995,1.42995,1.42995,0.0
2011-06-19 19:10:00,1.42995,1.42995,1.42995,1.42995,0.0
2011-06-19 19:11:00,1.42995,1.42995,1.42995,1.42995,0.0
2011-06-19 19:12:00,1.42995,1.42995,1.42995,1.42995,0.0
2011-06-19 19:13:00,1.42995,1.42995,1.42995,1.42995,0.0
2011-06-19 19:14:00,1.42995,1.42995,1.42995,1.42995,0.0
2011-06-19 19:15:00,1.42995,1.42995,1.42995,1.42995,0.0
2011-06-19 19:16:00,1.42995,1.42995,1.42995,1.42995,0.0
2011-06-19 19:17:00,1.42995,1.42995,1.42995,1.42995,0.0
2011-06-19 19:18:00,1.42995,1.42995,1.42995,1.42995,0.0
2011-06-19 19:19:00,1.42995,1.42995,1.42995,1.42995,0.0
2011-06-19 19:20:00,1.42995,1.42995,1.42995,1.42995,0.0
2011-06-19 19:21:00,1.42995,1.42995,1.42995,1.42995,0.0
2011-06-19 19:22:00,1.42995,1.42995,1.42995,1.42995,0.0
2011-06-19 19:23:00,1.42995,1.42995,1.42995,1.42995,0.0
2011-06-19 19:24:00,1.42995,1.42995,1.42995,1.42995,0.0
2011-06-19 19:25:00,1.42995,1.42995,1.42995,1.42995,0.0
2011-06-19 19:26:00,1.42995,1.42995,1.42995,1.42995,0.0
2011-06-19 19:27:00,1.42995,1.42995,1.42995,1.42995,0.0
2011-06-19 19:28:00,1.42995,1.42995,1.42995,1.42995,0.0
2011-06-19 19:29:00,1.42995,1.42995,1.42995,1.42995,0.0
2011-06-19 19:30:00,1.42995,1.42995,1.42995,1.42995,0.0
2011-06-19 19:31:00,1.42995,1.42995,1.42995,1.42995,0.0
2011-06-19 19:32:00,1.42995,1.42995,1.42995,1.42995,0.0
2011-06-19 19:33:00,1.42995,1.42995,1.42995,1.42995,0.0
2011-06-19 19:34:00,1.42995,1.42995,1.42995,1.42995,0.0
2011-06-19 19:35:00,1.42995,1.42995,1.42995,1.42995,0.0
2011-06-19 19:36:00,1.42995,1.42995,1.42995,1.42995,0.0
2011-06-19 19:37:00,1.42995,1.42995,1.42995,1.42995,0.0
2011-06-19 19:38:00,1.42995,1.42995,1.42995,1.42995,0.0
2011-06-19 19:39:00,1.42995,1.42995,1.42995,1.42995,0.0
2011-06-19 19:40:00,1.42995,1.42995,1.42995,1.42995,0.0
2011-06-19 19:41:00,1.42995,1.42995,1.42995,1.42995,0.0
2011-06-19 19:42:00,1.42995,1.42995,1.42995,1.42995,0.0
2011-06-19 19:43:00,1.42995,1.42995,1.42995,1.42995,0.0
2011-06-19 19:44:00,1.42995,1.42995,1.42995,1.42995,0.0
2011-06-19 19:45:00,1.42995,1.42995,1.42995,1.42995,0.0
2011-06-19 19:46:00,1.42995,1.42995,1.42995,1.42995,0.0
2011-06-19 19:47:00,1.42995,1.42995,1.42995,1.42995,0.0
2011-06-19 19:48:00,1.42995,1.42995,1.42995,1.42995,0.0
2011-06-19 19:49:00,1.42995,1.42995,1.42995,1.42995,0.0
2011-06-19 19:50:00,1.42995,1.42995,1.42995,1.42995,0.0
2011-06-19 19:51:00,1.42995,1.42995,1.42995,1.42995,0.0
2011-06-19 19:52:00,1.42995,1.42995,1.42995,1.42995,0.0
2011-06-19 19:53:00,1.42995,1.42995,1.42995,1.42995,0.0
2011-06-19 19:54:00,1.42995,1.42995,1.42995,1.42995,0.0
2011-06-19 19:55:00,1.42995,1.42995,1.42995,1.42995,0.0
2011-06-19 19:56:00,1.42995,1.42995,1.42995,1.42995,0.0
2011-06-19 19:57:00,1.42995,1.42995,1.42995,1.42995,0.0
2011-06-19 19:58:00,1.42995,1.42995,1.42995,1.42995,0.0
2011-06-19 19:59:00,1.42995,1.42995,1.42995,1.42995,0.0
2011-06-19 20:00:00,1.42995,1.42995,1.42995,1.42995,0.0
2011-06-19 20:01:00,1.42995,1.42995,1.42995,1.42995,0.0
2011-06-19 20:02:00,1.42995,1.42995,1.42995,1.42995,0.0
2011-06-19 20:03:00,1.42995,1.42995,1.42995,1.42995,0.0
2011-06-19 20:04:00,1.42995,1.42995,1.42995,1.42995,0.0
2011-06-19 20:05:00,1.42995,1.42995,1.42995,1.42995,0.0
2011-06-19 20:06:00,1.42995,1.42995,1.42995,1.42995,0.0
2011-06-19 20:07:00,1.42995,1.42995,1.42995,1.42995,0.0
2011-06-19 20:08:00,1.42995,1.42995,1.42995,1.42995,0.0
2011-06-19 20:09:00,1.42995,1.42995,1.42995,1.42995,0.0
2011-06-19 20:10:00,1.42995,1.42995,1.42995,1.42995,0.0
2011-06-19 20:11:00,1.42995,1.42995,1.42995,1.42995,0.0
2011-06-19 20:12:00,1.42995,1.42995,1.42995,1.42995,0.0
2011-06-19 20:13:00,1.42995,1.42995,1.42995,1.42995,0.0
2011-06-19 20:14:00,1.42995,1.42995,1.42995,1.42995,0.0
2011-06-19 20:15:00,1.42995,1.42995,1.42995,1.42995,0.0
2011-06-19 20:16:00,1.42995,1.42995,1.42995,1.42995,0.0
2011-06-19 20:17:00,1.42995,1.42995,1.42995,1.42995,0.0
2011-06-19 20:18:00,1.42995,1.42995,1.42995,1.42995,0.0
2011-06-19 20:19:00,1.42995,1.42995,1.42995,1.42995,0.0
2011-06-19 20:20:00,1.42995,1.42995,1.42995,1.42995,0.0
2011-06-19 20:21:00,1.42995,1.42995,1.42995,1.42995,0.0
2011-06-19 20:22:00,1.42995,1.42995,1.42995,1.42995,0.0
2011-06-19 20:23:00,1.42995,1.42995,1.42995,1.42995,0.0
2011-06-19 20:24:00,1.42995,1.42995,1.42995,1.42995,0.0
2011-06-19 20:25:00,1.42995,1.42995,1.42995,1.42995,0.0
2011-06-19 20:26:00,1.42995,1.42995,1.42995,1.42995,0.0
2011-06-19 20:27:00,1.42995,1.42995,1.42995,1.42995,0.0
2011-06-19 20:28:00,1.42995,1.42995,1.42995,1.42995,0.0
2011-06-19 20:29:00,1.42995,1.42995,1.42995,1.42995,0.0
2011-06-19 20:30:00,1.42995,1.42995,1.42995,1.42995,0.0
2011-06-19 20:31:00,1.42995,1.42995,1.42995,1.42995,0.0
2011-06-19 20:32:00,1.42995,1.42995,1.42995,1.42995,0.0
2011-06-19 20:33:00,1.42995,1.42995,1.42995,1.42995,0.0
2011-06-19 20:34:00,1.42995,1.42995,1.42995,1.42995,0.0
2011-06-19 20:35:00,1.42995,1.42995,1.42995,1.42995,0.0
2011-06-19 20:36:00,1.42995,1.42995,1.42995,1.42995,0.0
2011-06-19 20:37:00,1.42995,1.42995,1.42995,1.42995,0.0
2011-06-19 20:38:00,1.42995,1.42995,1.42995,1.42995,0.0
2011-06-19 20:39:00,1.42995,1.42995,1.42995,1.42995,0.0
2011-06-19 20:40:00,1.42995,1.42995,1.42995,1.42995,0.0
2011-06-19 20:41:00,1.42995,1.42995,1.42995,1.42995,0.0
2011-06-19 20:42:00,1.42995,1.42995,1.42995,1.42995,0.0
2011-06-19 20:43:00,1.42995,1.42995,1.42995,1.42995,0.0
2011-06-19 20:44:00,1.42995,1.42995,1.42995,1.42995,0.0
2011-06-19 20:45:00,1.42995,1.42995,1.42995,1.42995,0.0
2011-06-19 20:46:00,1.42995,1.42995,1.42995,1.42995,0.0
2011-06-19 20:47:00,1.42995,1.42995,1.42995,1.42995,0.0
2011-06-19 20:48:00,1.42995,1.42995,1.42995,1.42995,0.0
2011-06-19 20:49:00,1.42995,1.42995,1.42995,1.42995,0.0
2011-06-19 20:50:00,1.42995,1.42995,1.42995,1.42995,0.0
2011-06-19 20:51:00,1.42995,1.42995,1.42995,1.42995,0.0
2011-06-19 20:52:00,1.42995,1.42995,1.42995,1.42995,0.0
2011-06-19 20:53:00,1.42995,1.42995,1.42995,1.42995,0.0
2011-06-19 20:54:00,1.42995,1.42995,1.42995,1.42995,0.0
2011-06-19 20:55:00,1.42995,1.42995,1.42995,1.42995,0.0
2011-06-19 20:56:00,1.42995,1.42995,1.42995,1.42995,0.0
2011-06-19 20:57:00,1.42995,1.42995,1.42995,1.42995,0.0
2011-06-19 20:58:00,1.42995,1.42995,1.42995,1.42995,0.0
2011-06-19 20:59:00,1.42995,1.42995,1.42995,1.42995,0.0
2011-06-19 21:00:00,1.42731,1.4278,1.42718,1.4278,397500000.0
2011-06-19 21:01:00,1.42783,1.42806,1.42764,1.42806,180000000.0
2011-06-19 21:02:00,1.42789,1.42789,1.42789,1.42789,15000000.0
2011-06-19 21:03:00,1.42789,1.42797,1.42751,1.42751,235599994.65942383
2011-06-19 21:04:00,1.42779,1.42779,1.42758,1.42758,60000000.0
2011-06-19 21:05:00,1.42758,1.42779,1.42749,1.42779,202500000.0
2011-06-19 21:06:00,1.42779,1.42788,1.42749,1.42765,342099990.84472656
2011-06-19 21:07:00,1.42761,1.42789,1.4275,1.42769,372999992.37060547
2011-06-19 21:08:00,1.42754,1.42759,1.4275,1.42759,65999999.04632568
2011-06-19 21:09:00,1.42755,1.42779,1.42755,1.42779,90000000.0
2011-06-19 21:10:00,1.42779,1.42788,1.42765,1.42788,195200004.57763672
2011-06-19 21:11:00,1.42786,1.42796,1.42761,1.42765,420900001.5258789
2011-06-19 21:12:00,1.42779,1.42877,1.42778,1.42867,938399963.3789062
2011-06-19 21:13:00,1.42871,1.4291,1.42866,1.42895,470600013.73291016
2011-06-19 21:14:00,1.42875,1.42895,1.42832,1.42842,365699996.9482422
2011-06-19 21:15:00,1.42844,1.42897,1.42842,1.42897,591599998.4741211
2011-06-19 21:16:00,1.42893,1.42928,1.42891,1.42904,570499992.3706055
2011-06-19 21:17:00,1.42897,1.42914,1.42892,1.42904,215400009.15527344
2011-06-19 21:18:00,1.42904,1.42934,1.42897,1.42897,775199966.4306641
2011-06-19 21:19:00,1.42902,1.42915,1.42885,1.42887,481699981.6894531
2011-06-19 21:20:00,1.42904,1.42914,1.42869,1.42875,316499996.18530273
2011-06-19 21:21:00,1.42875,1.42889,1.42849,1.42852,272299995.4223633
2011-06-19 21:22:00,1.42855,1.42864,1.42817,1.42817,274099998.4741211
2011-06-19 21:23:00,1.42818,1.42847,1.42797,1.42813,319599990.84472656
2011-06-19 21:24:00,1.42814,1.42837,1.42813,1.42813,76900000.57220459
2011-06-19 21:25:00,1.42832,1.42843,1.42815,1.42843,80399999.61853027
2011-06-19 21:26:00,1.42832,1.42869,1.42822,1.42835,354300003.0517578
2011-06-19 21:27:00,1.42833,1.42858,1.42792,1.42807,447799987.79296875
2011-06-19 21:28:00,1.42807,1.42815,1.42807,1.42815,57800002.098083496
2011-06-19 21:29:00,1.42829,1.42839,1.42817,1.42817,134300003.0517578
2011-06-19 21:30:00,1.42817,1.42817,1.42807,1.42807,100500001.90734863
2011-06-19 21:31:00,1.42814,1.42819,1.42807,1.42819,126000003.81469727
2011-06-19 21:32:00,1.42817,1.42817,1.42807,1.42807,41300001.14440918
2011-06-19 21:33:00,1.42805,1.42805,1.42804,1.42804,47300000.19073486
2011-06-19 21:34:00,1.42822,1.42822,1.4279,1.42806,1434299926.7578125
2011-06-19 21:35:00,1.42794,1.42805,1.42794,1.42805,62100000.38146973
2011-06-19 21:36:00,1.42804,1.42811,1.42784,1.42789,136499996.18530273
2011-06-19 21:37:00,1.42784,1.42784,1.42784,1.42784,12799999.713897705
2011-06-19 21:38:00,1.42793,1.42793,1.42793,1.42793,12799999.713897705
2011-06-19 21:39:00,1.42789,1.42789,1.42789,1.42789,26300001.14440918
2011-06-19 21:40:00,1.42789,1.42797,1.42773,1.42789,132899999.61853027
2011-06-19 21:41:00,1.42797,1.42802,1.42797,1.42802,52500000.0
2011-06-19 21:42:00,1.42812,1.42813,1.42787,1.42787,157600002.28881836
2011-06-19 21:43:00,1.42782,1.42808,1.42782,1.42808,111000003.81469727
2011-06-19 21:44:00,1.42812,1.42812,1.42789,1.42802,2110099945.0683594
2011-06-19 21:45:00,1.42799,1.42799,1.42775,1.42787,150299997.3297119
2011-06-19 21:46:00,1.42785,1.42785,1.42773,1.42775,225300006.86645508
2011-06-19 21:47:00,1.42772,1.42772,1.42747,1.42753,285400009.15527344
2011-06-19 21:48:00,1.42751,1.42751,1.42744,1.42744,450099983.21533203
2011-06-19 21:49:00,1.42743,1.42744,1.42743,1.42744,37500000.0
2011-06-19 21:50:00,1.42737,1.42743,1.42735,1.42743,90100002.28881836
2011-06-19 21:51:00,1.42743,1.42746,1.42741,1.42746,105000000.0
2011-06-19 21:52:00,1.42746,1.42762,1.42746,1.42762,105000000.0
2011-06-19 21:53:00,1.42763,1.42763,1.42751,1.42753,63000001.90734863
2011-06-19 21:54:00,1.42754,1.42754,1.42744,1.42751,1751999969.4824219
2011-06-19 21:55:00,1.42751,1.42752,1.42738,1.42749,1201500015.258789
2011-06-19 21:56:00,1.42755,1.42755,1.42749,1.42752,142500000.0
2011-06-19 21:57:00,1.42762,1.42768,1.42762,1.42767,45000000.0
2011-06-19 21:58:00,1.42755,1.42774,1.42749,1.42774,180799999.23706055
2011-06-19 21:59:00,1.42776,1.42783,1.42767,1.42767,297500000.0
2011-06-19 22:00:00,1.42769,1.42779,1.42756,1.42768,813899993.8964844
2011-06-19 22:01:00,1.42773,1.42777,1.4275,1.4275,828499984.7412109
2011-06-19 22:02:00,1.42751,1.42753,1.42729,1.42733,655000000.0
2011-06-19 22:03:00,1.42733,1.42733,1.42698,1.42719,813899993.8964844
2011-06-19 22:04:00,1.42719,1.42751,1.42711,1.42712,480000000.0
2011-06-19 22:05:00,1.42712,1.42733,1.42668,1.42668,1057200012.2070312
2011-06-19 22:06:00,1.42658,1.42677,1.42657,1.4266,555200004.5776367
2011-06-19 22:07:00,1.4266,1.42687,1.42655,1.42676,433499984.74121094
2011-06-19 22:08:00,1.42673,1.42679,1.42656,1.42672,694000015.2587891
2011-06-19 22:09:00,1.42677,1.42687,1.42676,1.42677,221499996.18530273
2011-06-19 22:10:00,1.42677,1.42701,1.42676,1.42691,908499984.7412109
2011-06-19 22:11:00,1.42689,1.4269,1.42677,1.4269,320000000.0
2011-06-19 22:12:00,1.4269,1.42697,1.42679,1.42697,406500015.25878906
2011-06-19 22:13:00,1.42697,1.4272,1.42697,1.4272,588800010.6811523
2011-06-19 22:14:00,1.4272,1.4273,1.42712,1.4272,446800003.0517578
2011-06-19 22:15:00,1.42716,1.42747,1.42704,1.42747,705100021.3623047
2011-06-19 22:16:00,1.42748,1.42772,1.42748,1.4276,720800018.3105469
2011-06-19 22:17:00,1.4276,1.42777,1.4276,1.42774,277700004.5776367
2011-06-19 22:18:00,1.42769,1.42772,1.42759,1.42766,611399993.8964844
2011-06-19 22:19:00,1.42766,1.4281,1.42766,1.42809,1320399932.8613281
2011-06-19 22:20:00,1.42807,1.42808,1.42771,1.42792,1185299987.7929688
2011-06-19 22:21:00,1.42794,1.42807,1.42794,1.42807,262500000.0
2011-06-19 22:22:00,1.42805,1.42812,1.42753,1.42753,893499984.7412109
2011-06-19 22:23:00,1.42752,1.42752,1.42705,1.42705,1130000000.0
2011-06-19 22:24:00,1.42705,1.4271,1.42688,1.42694,1144800033.569336
2011-06-19 22:25:00,1.42694,1.42705,1.42661,1.42661,670299987.7929688
2011-06-19 22:26:00,1.42661,1.42721,1.42661,1.42721,685000000.0
2011-06-19 22:27:00,1.42721,1.42724,1.42719,1.42724,105100002.28881836
2011-06-19 22:28:00,1.42724,1.42724,1.42721,1.42721,345000000.0
2011-06-19 22:29:00,1.4272,1.42724,1.42701,1.42708,485299987.79296875
2011-06-19 22:30:00,1.42708,1.42866,1.42708,1.42856,2228399963.3789062
2011-06-19 22:31:00,1.42856,1.42859,1.42794,1.42804,1575500030.5175781
2011-06-19 22:32:00,1.42802,1.4281,1.42799,1.42805,371300010.68115234
2011-06-19 22:33:00,1.42803,1.42812,1.42798,1.42807,577700004.5776367
2011-06-19 22:34:00,1.42806,1.42813,1.42803,1.42807,631500015.2587891
2011-06-19 22:35:00,1.42807,1.42807,1.42783,1.42787,874499969.4824219
2011-06-19 22:36:00,1.42787,1.42808,1.42787,1.42806,561100006.1035156
2011-06-19 22:37:00,1.42806,1.4281,1.42779,1.42784,1086200027.4658203
2011-06-19 22:38:00,1.42784,1.42785,1.42784,1.42785,136499996.18530273
2011-06-19 22:39:00,1.42784,1.428,1.42784,1.42785,570200004.5776367
2011-06-19 22:40:00,1.42785,1.42785,1.42765,1.42765,465200004.5776367
2011-06-19 22:41:00,1.42765,1.42771,1.42739,1.42759,963199996.9482422
2011-06-19 22:42:00,1.42758,1.42783,1.42755,1.42783,238600006.10351562
2011-06-19 22:43:00,1.42785,1.42801,1.42774,1.42774,516399993.8964844
2011-06-19 22:44:00,1.42774,1.42774,1.42769,1.42774,234799995.42236328
2011-06-19 22:45:00,1.42776,1.42788,1.42776,1.42787,162000007.62939453
2011-06-19 22:46:00,1.4279,1.4279,1.42782,1.42782,96000003.81469727
2011-06-19 22:47:00,1.42783,1.42785,1.42781,1.42782,165100002.28881836
2011-06-19 22:48:00,1.42783,1.42797,1.42783,1.42797,365999984.74121094
2011-06-19 22:49:00,1.42798,1.42806,1.42798,1.42806,210200004.57763672
2011-06-19 22:50:00,1.42804,1.42804,1.42804,1.42804,162099990.84472656
2011-06-19 22:51:00,1.42804,1.42834,1.42804,1.42834,446300010.68115234
2011-06-19 22:52:00,1.42835,1.42895,1.42835,1.42895,752099990.8447266
2011-06-19 22:53:00,1.42897,1.42913,1.42897,1.42897,496899986.26708984
2011-06-19 22:54:00,1.42896,1.42905,1.42895,1.42899,503499984.74121094
2011-06-19 22:55:00,1.42901,1.42901,1.42888,1.42896,685899963.3789062
2011-06-19 22:56:00,1.42896,1.42896,1.42891,1.42891,233299999.23706055
2011-06-19 22:57:00,1.4289,1.4289,1.42882,1.4289,452400016.78466797
2011-06-19 22:58:00,1.4289,1.42895,1.4285,1.4286,822500000.0
2011-06-19 22:59:00,1.4286,1.4286,1.4282,1.42823,822399978.6376953
2011-06-19 23:00:00,1.42823,1.42854,1.42814,1.42854,787099990.8447266
2011-06-19 23:01:00,1.42853,1.42867,1.42853,1.42867,326399993.8964844
2011-06-19 23:02:00,1.42867,1.4292,1.42867,1.42903,716800003.0517578
2011-06-19 23:03:00,1.42907,1.42907,1.42903,1.42903,210000000.0
2011-06-19 23:04:00,1.42903,1.42908,1.429,1.42903,375000000.0
2011-06-19 23:05:00,1.42903,1.42915,1.42901,1.42904,333800010.68115234
2011-06-19 23:06:00,1.42902,1.42904,1.42896,1.42897,266700000.76293945
2011-06-19 23:07:00,1.42901,1.42906,1.42892,1.42903,333899993.8964844
2011-06-19 23:08:00,1.42904,1.42908,1.42904,1.42908,135000000.0
2011-06-19 23:09:00,1.42908,1.42908,1.42907,1.42907,82500000.0
2011-06-19 23:10:00,1.42907,1.42912,1.42907,1.42909,138900003.43322754
2011-06-19 23:11:00,1.42909,1.42913,1.42905,1.42909,172600002.28881836
2011-06-19 23:12:00,1.42909,1.42909,1.42897,1.42897,352500000.0
2011-06-19 23:13:00,1.42894,1.42894,1.4289,1.4289,280499992.37060547
2011-06-19 23:14:00,1.4289,1.42891,1.4289,1.42891,50999999.04632568
2011-06-19 23:15:00,1.42887,1.42887,1.42866,1.42872,249799995.42236328
2011-06-19 23:16:00,1.42872,1.42872,1.4287,1.4287,165000000.0
2011-06-19 23:17:00,1.42869,1.42871,1.42863,1.42867,165100002.28881836
2011-06-19 23:18:00,1.42867,1.42878,1.42861,1.42878,141000003.81469727
2011-06-19 23:19:00,1.42878,1.42878,1.42844,1.42864,650000000.0
2011-06-19 23:20:00,1.42864,1.42883,1.42848,1.42851,547599983.215332
2011-06-19 23:21:00,1.42852,1.42873,1.42845,1.42862,698399963.3789062
2011-06-19 23:22:00,1.42865,1.42866,1.42851,1.42862,371300010.68115234
2011-06-19 23:23:00,1.42862,1.42876,1.42852,1.4287,604599990.8447266
2011-06-19 23:24:00,1.4287,1.42887,1.42852,1.42852,450200004.5776367
2011-06-19 23:25:00,1.42853,1.42854,1.42852,1.42854,157500000.0
2011-06-19 23:26:00,1.42854,1.42863,1.42844,1.42844,799000015.2587891
2011-06-19 23:27:00,1.42841,1.42841,1.42822,1.42822,342000007.62939453
2011-06-19 23:28:00,1.42819,1.42822,1.42777,1.42793,1474100036.6210938
2011-06-19 23:29:00,1.42792,1.4282,1.42777,1.42804,1136699981.6894531
2011-06-19 23:30:00,1.42803,1.42803,1.42794,1.42799,135000000.0
2011-06-19 23:31:00,1.42797,1.42799,1.42793,1.42795,173999996.18530273
2011-06-19 23:32:00,1.42791,1.42791,1.42773,1.42779,146300001.14440918
2011-06-19 23:33:00,1.42777,1.42777,1.42752,1.42757,974499969.4824219
2011-06-19 23:34:00,1.42759,1.42776,1.42754,1.42754,628499984.7412109
2011-06-19 23:35:00,1.42758,1.42763,1.42755,1.42763,550600013.7329102
2011-06-19 23:36:00,1.42763,1.4278,1.42763,1.42773,381199989.31884766
2011-06-19 23:37:00,1.4277,1.42773,1.4277,1.42773,120000000.0
2011-06-19 23:38:00,1.42775,1.42781,1.42757,1.42757,382700004.5776367
2011-06-19 23:39:00,1.42756,1.42756,1.42736,1.42744,412500000.0
2011-06-19 23:40:00,1.42745,1.4275,1.42727,1.42727,606100006.1035156
2011-06-19 23:41:00,1.42727,1.42735,1.42723,1.42724,637599983.215332
2011-06-19 23:42:00,1.42725,1.42735,1.42725,1.42735,262500000.0
2011-06-19 23:43:00,1.42737,1.42761,1.42732,1.42748,723099975.5859375
2011-06-19 23:44:00,1.42749,1.42801,1.42737,1.42788,1108899993.8964844
2011-06-19 23:45:00,1.42788,1.42798,1.42773,1.42798,750199966.4306641
2011-06-19 23:46:00,1.42795,1.42801,1.4279,1.42796,412700004.5776367
2011-06-19 23:47:00,1.42796,1.42798,1.42777,1.42789,367700004.5776367
2011-06-19 23:48:00,1.42789,1.42793,1.42787,1.42788,217800006.86645508
2011-06-19 23:49:00,1.42785,1.42802,1.42782,1.4279,462000007.62939453
2011-06-19 23:50:00,1.42789,1.42789,1.42773,1.42778,363100013.73291016
2011-06-19 23:51:00,1.4278,1.4278,1.42692,1.4272,1709100036.6210938
2011-06-19 23:52:00,1.42716,1.42719,1.42689,1.42694,917900009.1552734
2011-06-19 23:53:00,1.42689,1.42727,1.42662,1.4272,1149000015.258789
2011-06-19 23:54:00,1.4272,1.4273,1.42669,1.42676,1203000030.5175781
2011-06-19 23:55:00,1.42674,1.42674,1.42612,1.4262,1609799957.2753906
2011-06-19 23:56:00,1.42622,1.42639,1.42622,1.42628,1075000000.0
2011-06-19 23:57:00,1.42625,1.42661,1.42625,1.42658,1428899993.8964844
2011-06-19 23:58:00,1.42659,1.42664,1.42622,1.42622,735299987.7929688
2011-06-19 23:59:00,1.42624,1.42635,1.42559,1.42573,1304499969.4824219
2011-06-20 00:00:00,1.42571,1.42602,1.42567,1.42602,1844799957.2753906
2011-06-20 00:01:00,1.42603,1.4262,1.4259,1.42592,1493399963.3789062
2011-06-20 00:02:00,1.42592,1.42603,1.4259,1.42602,421500015.25878906
2011-06-20 00:03:00,1.42605,1.42678,1.42604,1.42671,1461900024.4140625
2011-06-20 00:04:00,1.42671,1.42671,1.42657,1.42657,895500030.5175781
2011-06-20 00:05:00,1.42655,1.42663,1.4264,1.42654,1464100036.6210938
2011-06-20 00:06:00,1.42654,1.42663,1.42643,1.42656,942200012.2070312
2011-06-20 00:07:00,1.42656,1.42656,1.42636,1.42642,1603999938.9648438
2011-06-20 00:08:00,1.42642,1.42642,1.42617,1.42626,1021900024.4140625
2011-06-20 00:09:00,1.42627,1.4265,1.42625,1.4264,1278000030.5175781
2011-06-20 00:10:00,1.4264,1.42655,1.42622,1.42655,916500015.2587891
2011-06-20 00:11:00,1.42658,1.42694,1.42658,1.42694,1497400054.9316406
2011-06-20 00:12:00,1.42697,1.42709,1.42681,1.42709,1611600036.6210938
2011-06-20 00:13:00,1.42709,1.42745,1.42702,1.42727,776699981.6894531
2011-06-20 00:14:00,1.42727,1.4276,1.42723,1.42757,1116100006.1035156
2011-06-20 00:15:00,1.42758,1.42767,1.4274,1.42742,1285800018.3105469
2011-06-20 00:16:00,1.42741,1.42757,1.42732,1.42757,427500000.0
2011-06-20 00:17:00,1.42758,1.42762,1.42737,1.42738,488100013.73291016
2011-06-20 00:18:00,1.42748,1.42788,1.42748,1.42772,1434199981.6894531
2011-06-20 00:19:00,1.42774,1.42797,1.42763,1.42763,1136800003.0517578
2011-06-20 00:20:00,1.42763,1.42763,1.42719,1.42721,1796600036.6210938
2011-06-20 00:21:00,1.42721,1.4273,1.42712,1.4273,686299972.5341797
2011-06-20 00:22:00,1.4273,1.4274,1.42715,1.42715,712500000.0
2011-06-20 00:23:00,1.42716,1.42724,1.42684,1.427,1365700073.2421875
2011-06-20 00:24:00,1.42694,1.42722,1.42691,1.42716,1027600021.3623047
2011-06-20 00:25:00,1.42716,1.42747,1.42716,1.42731,555200004.5776367
2011-06-20 00:26:00,1.4273,1.42752,1.42724,1.4274,637500000.0
2011-06-20 00:27:00,1.4274,1.42747,1.4274,1.42747,375000000.0
2011-06-20 00:28:00,1.42747,1.42747,1.4269,1.42711,1413899993.8964844
2011-06-20 00:29:00,1.42711,1.42715,1.4271,1.42711,517700004.5776367
2011-06-20 00:30:00,1.42714,1.42714,1.427,1.42704,510000000.0
2011-06-20 00:31:00,1.42705,1.42715,1.42705,1.42715,223500003.81469727
2011-06-20 00:32:00,1.42715,1.42718,1.42693,1.42696,697500000.0
2011-06-20 00:33:00,1.42696,1.42706,1.42685,1.42705,946100006.1035156
2011-06-20 00:34:00,1.42701,1.42701,1.42693,1.42698,435000000.0
2011-06-20 00:35:00,1.42698,1.42698,1.42674,1.42684,647300033.5693359
2011-06-20 00:36:00,1.42686,1.42693,1.42664,1.42674,1672799987.7929688
2011-06-20 00:37:00,1.42673,1.4269,1.42656,1.42666,1931000061.0351562
2011-06-20 00:38:00,1.42666,1.42711,1.42666,1.42695,1024499969.4824219
2011-06-20 00:39:00,1.42695,1.42738,1.42695,1.42738,658600006.1035156
2011-06-20 00:40:00,1.42741,1.42762,1.42708,1.42727,1767100067.1386719
2011-06-20 00:41:00,1.42725,1.42726,1.42681,1.42695,1030500030.5175781
2011-06-20 00:42:00,1.42694,1.42701,1.4269,1.42701,283500003.81469727
2011-06-20 00:43:00,1.42702,1.42705,1.42671,1.42671,847500000.0
2011-06-20 00:44:00,1.42672,1.42672,1.42661,1.42662,468800010.68115234
2011-06-20 00:45:00,1.42662,1.42669,1.42617,1.42627,2075299987.7929688
2011-06-20 00:46:00,1.42625,1.42642,1.4261,1.42623,1745299987.7929688
2011-06-20 00:47:00,1.42622,1.42629,1.42583,1.42587,2017599945.0683594
2011-06-20 00:48:00,1.42587,1.42626,1.42587,1.42626,2131499938.9648438
2011-06-20 00:49:00,1.42626,1.42641,1.4262,1.42625,1203000030.5175781
2011-06-20 00:50:00,1.42624,1.42624,1.42586,1.42595,1006500015.2587891
2011-06-20 00:51:00,1.42597,1.42618,1.42589,1.42618,945000000.0
2011-06-20 00:52:00,1.4262,1.42637,1.42619,1.42619,1590800018.3105469
2011-06-20 00:53:00,1.42622,1.42633,1.42619,1.42633,971299972.5341797
2011-06-20 00:54:00,1.42633,1.4264,1.4263,1.42633,928899993.8964844
2011-06-20 00:55:00,1.42631,1.4264,1.42609,1.42634,1501499938.9648438
2011-06-20 00:56:00,1.42634,1.42634,1.42614,1.42621,849000015.2587891
2011-06-20 00:57:00,1.42621,1.42635,1.42614,1.42635,904499969.4824219
2011-06-20 00:58:00,1.42635,1.42682,1.42634,1.42681,1268300018.3105469
2011-06-20 00:59:00,1.42684,1.42686,1.42654,1.4268,1091299972.5341797
2011-06-20 01:00:00,1.42679,1.4271,1.42675,1.42684,1204599990.8447266
2011-06-20 01:01:00,1.42683,1.42683,1.42653,1.42654,716999969.4824219
2011-06-20 01:02:00,1.42654,1.42667,1.42626,1.42667,830999984.7412109
2011-06-20 01:03:00,1.42667,1.42681,1.42649,1.42676,1130400009.1552734
2011-06-20 01:04:00,1.42677,1.42708,1.42677,1.42706,742500000.0
2011-06-20 01:05:00,1.4271,1.42724,1.42706,1.42723,498199996.9482422
2011-06-20 01:06:00,1.42724,1.42724,1.42695,1.42695,1597500000.0
2011-06-20 01:07:00,1.42694,1.42694,1.42632,1.42632,1590000000.0
2011-06-20 01:08:00,1.42632,1.42671,1.42632,1.42646,1354299926.7578125
2011-06-20 01:09:00,1.42651,1.42688,1.42651,1.4268,931500015.2587891
2011-06-20 01:10:00,1.42681,1.42682,1.42663,1.42663,896900024.4140625
2011-06-20 01:11:00,1.4266,1.42675,1.4262,1.42635,1431600036.6210938
2011-06-20 01:12:00,1.42635,1.42646,1.42632,1.42632,1030400009.1552734
2011-06-20 01:13:00,1.42632,1.42652,1.42612,1.42621,1456100006.1035156
2011-06-20 01:14:00,1.42622,1.42634,1.42585,1.42599,1687599945.0683594
2011-06-20 01:15:00,1.42604,1.42638,1.426,1.42637,1337700042.7246094
2011-06-20 01:16:00,1.42638,1.42648,1.42616,1.42623,1055100021.3623047
2011-06-20 01:17:00,1.42619,1.42639,1.42599,1.42605,1394100036.6210938
2011-06-20 01:18:00,1.42608,1.42681,1.42608,1.42675,1235400009.1552734
2011-06-20 01:19:00,1.42675,1.427,1.42659,1.42699,1850399932.8613281
2011-06-20 01:20:00,1.42699,1.427,1.4267,1.4267,1298999938.9648438
2011-06-20 01:21:00,1.4267,1.42682,1.42661,1.42661,680999984.7412109
2011-06-20 01:22:00,1.42661,1.42688,1.42659,1.42688,825000000.0
2011-06-20 01:23:00,1.42685,1.42685,1.42674,1.42677,232500000.0
2011-06-20 01:24:00,1.42674,1.42683,1.42674,1.42683,851999969.4824219
2011-06-20 01:25:00,1.42682,1.42683,1.42631,1.42642,1844799957.2753906
2011-06-20 01:26:00,1.42643,1.4267,1.4264,1.4265,808399963.3789062
2011-06-20 01:27:00,1.42652,1.4267,1.42652,1.4267,545999984.7412109
2011-06-20 01:28:00,1.42671,1.42678,1.42671,1.42678,442500000.0
2011-06-20 01:29:00,1.42679,1.42703,1.42679,1.427,1283899993.8964844
2011-06-20 01:30:00,1.42699,1.42701,1.42667,1.42686,1383099975.5859375
2011-06-20 01:31:00,1.42686,1.42715,1.42685,1.42685,1009400024.4140625
2011-06-20 01:32:00,1.42685,1.42685,1.42671,1.42676,343300018.3105469
2011-06-20 01:33:00,1.42677,1.42689,1.42672,1.42685,556100006.1035156
2011-06-20 01:34:00,1.42684,1.427,1.42666,1.42674,1514100036.6210938
2011-06-20 01:35:00,1.42676,1.42679,1.42655,1.42657,575699996.9482422
2011-06-20 01:36:00,1.42657,1.42657,1.4261,1.42612,881699981.6894531
2011-06-20 01:37:00,1.42612,1.42665,1.42604,1.42665,2265599975.5859375
2011-06-20 01:38:00,1.42667,1.42707,1.42649,1.4265,1764799957.2753906
2011-06-20 01:39:00,1.42651,1.42676,1.42642,1.42672,1284499969.4824219
2011-06-20 01:40:00,1.42675,1.42686,1.42668,1.42679,827099990.8447266
2011-06-20 01:41:00,1.42678,1.42678,1.42659,1.42661,682500000.0
2011-06-20 01:42:00,1.42659,1.42659,1.42648,1.42656,306000003.81469727
2011-06-20 01:43:00,1.42657,1.42704,1.42657,1.42698,1306499938.9648438
2011-06-20 01:44:00,1.427,1.42711,1.42696,1.427,630000000.0
2011-06-20 01:45:00,1.42699,1.42701,1.4269,1.4269,763499984.7412109
2011-06-20 01:46:00,1.4269,1.42697,1.42681,1.42692,1511999969.4824219
2011-06-20 01:47:00,1.42692,1.42707,1.42692,1.42707,571500015.2587891
2011-06-20 01:48:00,1.42707,1.42716,1.42704,1.42704,952500000.0
2011-06-20 01:49:00,1.42703,1.4274,1.42699,1.42731,1589499969.4824219
2011-06-20 01:50:00,1.4273,1.42775,1.4271,1.42749,3282799987.7929688
2011-06-20 01:51:00,1.42749,1.4276,1.4274,1.4274,1259400024.4140625
2011-06-20 01:52:00,1.42743,1.4276,1.4274,1.4276,1523399963.3789062
2011-06-20 01:53:00,1.4276,1.42767,1.42746,1.42755,1909499969.4824219
2011-06-20 01:54:00,1.42755,1.42767,1.42754,1.42756,1642200012.2070312
2011-06-20 01:55:00,1.42756,1.42763,1.42746,1.42757,956399993.8964844
2011-06-20 01:56:00,1.42757,1.42769,1.42748,1.42749,1296000061.0351562
2011-06-20 01:57:00,1.42753,1.42757,1.42744,1.42744,1260000000.0
2011-06-20 01:58:00,1.42746,1.42748,1.42733,1.42742,1030199966.4306641
2011-06-20 01:59:00,1.42743,1.42759,1.42739,1.42756,2922600097.65625
2011-06-20 02:00:00,1.42755,1.42781,1.42746,1.42767,2236799926.7578125
2011-06-20 02:01:00,1.42767,1.42786,1.42755,1.42783,1980099945.0683594
2011-06-20 02:02:00,1.42782,1.42795,1.42745,1.42746,1253300018.3105469
2011-06-20 02:03:00,1.42746,1.42748,1.42719,1.42725,1843200073.2421875
2011-06-20 02:04:00,1.42725,1.42736,1.4272,1.42736,526100006.1035156
2011-06-20 02:05:00,1.42739,1.42771,1.42739,1.42769,750000000.0
2011-06-20 02:06:00,1.42769,1.42769,1.42749,1.42756,572299995.4223633
2011-06-20 02:07:00,1.42757,1.4276,1.42745,1.42746,475499992.37060547
2011-06-20 02:08:00,1.42745,1.42755,1.42745,1.42752,306000003.81469727
2011-06-20 02:09:00,1.42752,1.42774,1.42752,1.42774,697500000.0
2011-06-20 02:10:00,1.42775,1.42776,1.42769,1.4277,177000007.62939453
2011-06-20 02:11:00,1.42773,1.42785,1.42772,1.42777,777699966.4306641
2011-06-20 02:12:00,1.42776,1.42785,1.42766,1.42774,806999969.4824219
2011-06-20 02:13:00,1.42775,1.42786,1.42775,1.42786,406100006.1035156
2011-06-20 02:14:00,1.42788,1.42839,1.42788,1.42832,1012399978.6376953
2011-06-20 02:15:00,1.42834,1.42839,1.42813,1.42829,1191500015.258789
2011-06-20 02:16:00,1.42835,1.429,1.42834,1.42879,1861000061.0351562
2011-06-20 02:17:00,1.42879,1.42895,1.42876,1.42882,729899978.6376953
2011-06-20 02:18:00,1.42882,1.42882,1.42862,1.42865,1489499969.4824219
2011-06-20 02:19:00,1.42861,1.42861,1.42845,1.42856,547500000.0
2011-06-20 02:20:00,1.4286,1.4286,1.42833,1.42836,448499984.74121094
2011-06-20 02:21:00,1.42836,1.42844,1.42835,1.42837,765000000.0
2011-06-20 02:22:00,1.42837,1.42839,1.42799,1.42803,1143000030.5175781
2011-06-20 02:23:00,1.42803,1.42809,1.42799,1.42808,1362100067.1386719
2011-06-20 02:24:00,1.42809,1.42828,1.42807,1.4282,1135699996.9482422
2011-06-20 02:25:00,1.42823,1.42824,1.42814,1.42814,330000000.0
2011-06-20 02:26:00,1.42815,1.42839,1.42815,1.42817,900000000.0
2011-06-20 02:27:00,1.42818,1.42845,1.42817,1.42834,743300018.3105469
2011-06-20 02:28:00,1.42831,1.42833,1.42825,1.42833,359700012.20703125
2011-06-20 02:29:00,1.42832,1.42835,1.42809,1.4281,1213600006.1035156
2011-06-20 02:30:00,1.42808,1.42808,1.42798,1.42804,278999996.18530273
2011-06-20 02:31:00,1.42804,1.42804,1.4278,1.42786,1067600021.3623047
2011-06-20 02:32:00,1.42786,1.42796,1.42785,1.42795,306000003.81469727
2011-06-20 02:33:00,1.42797,1.42841,1.42797,1.42837,1365200042.7246094
2011-06-20 02:34:00,1.42838,1.42869,1.42834,1.42866,1787700042.7246094
2011-06-20 02:35:00,1.42864,1.42874,1.4286,1.42861,1328899993.8964844
2011-06-20 02:36:00,1.42861,1.42863,1.42845,1.42862,532099990.84472656
2011-06-20 02:37:00,1.42865,1.42872,1.42828,1.42828,1083600006.1035156
2011-06-20 02:38:00,1.42829,1.42839,1.42819,1.42822,852300033.5693359
2011-06-20 02:39:00,1.42822,1.42822,1.42809,1.42819,857699966.4306641
2011-06-20 02:40:00,1.42819,1.42819,1.42816,1.42816,367500000.0
2011-06-20 02:41:00,1.42816,1.42816,1.42779,1.42779,1152699966.430664
2011-06-20 02:42:00,1.42778,1.42778,1.42751,1.42759,1930500030.5175781
2011-06-20 02:43:00,1.42759,1.42772,1.42758,1.42762,754100036.6210938
2011-06-20 02:44:00,1.42762,1.42775,1.42748,1.42748,1395700073.2421875
2011-06-20 02:45:00,1.42748,1.42751,1.42717,1.42722,1508000030.5175781
2011-06-20 02:46:00,1.42722,1.42723,1.42687,1.427,1668800048.828125
2011-06-20 02:47:00,1.42699,1.42727,1.42698,1.42714,1886000061.0351562
2011-06-20 02:48:00,1.42715,1.42715,1.4269,1.42702,2026399993.8964844
2011-06-20 02:49:00,1.42704,1.42725,1.42695,1.42704,1392100067.1386719
2011-06-20 02:50:00,1.42704,1.42704,1.42693,1.42694,477700004.5776367
2011-06-20 02:51:00,1.42694,1.42694,1.42666,1.42667,613499984.7412109
2011-06-20 02:52:00,1.42667,1.42696,1.42663,1.42686,2118999938.9648438
2011-06-20 02:53:00,1.4268,1.42699,1.4268,1.42687,747699966.4306641
2011-06-20 02:54:00,1.42688,1.42705,1.42688,1.427,567400016.784668
2011-06-20 02:55:00,1.427,1.42702,1.42697,1.42697,232500000.0
2011-06-20 02:56:00,1.42693,1.42737,1.42693,1.42731,1168000030.5175781
2011-06-20 02:57:00,1.42731,1.42762,1.42731,1.42762,859800033.5693359
2011-06-20 02:58:00,1.42761,1.42761,1.42738,1.4275,741100006.1035156
2011-06-20 02:59:00,1.42746,1.42746,1.42726,1.42735,1064599990.8447266
2011-06-20 03:00:00,1.42735,1.42735,1.42731,1.42731,120000000.0
2011-06-20 03:01:00,1.42729,1.42729,1.42704,1.42705,1352599945.0683594
2011-06-20 03:02:00,1.42705,1.42705,1.42689,1.42699,1016600036.6210938
2011-06-20 03:03:00,1.42706,1.42721,1.42695,1.42721,1232399978.6376953
2011-06-20 03:04:00,1.42721,1.42733,1.42721,1.42731,654000015.2587891
2011-06-20 03:05:00,1.42727,1.42727,1.42673,1.42675,1620200042.7246094
2011-06-20 03:06:00,1.42673,1.42673,1.42635,1.42643,1752799987.7929688
2011-06-20 03:07:00,1.42651,1.42651,1.42641,1.42642,524700012.20703125
2011-06-20 03:08:00,1.42642,1.42664,1.4263,1.4263,1567299957.2753906
2011-06-20 03:09:00,1.4263,1.4263,1.42599,1.42603,1957299957.2753906
2011-06-20 03:10:00,1.42603,1.42631,1.42603,1.42623,1411399993.8964844
2011-06-20 03:11:00,1.42626,1.42664,1.42622,1.42664,1094800033.569336
2011-06-20 03:12:00,1.42665,1.42671,1.42645,1.42671,1308600006.1035156
2011-06-20 03:13:00,1.42671,1.42688,1.42659,1.42678,1088199996.9482422
2011-06-20 03:14:00,1.42678,1.42679,1.42653,1.42669,1315099945.0683594
2011-06-20 03:15:00,1.42668,1.42669,1.42649,1.42659,1512599945.0683594
2011-06-20 03:16:00,1.42659,1.42659,1.42646,1.42646,600000000.0
2011-06-20 03:17:00,1.42645,1.42658,1.42625,1.42653,1213099975.5859375
2011-06-20 03:18:00,1.42653,1.42662,1.42653,1.42662,482799987.79296875
2011-06-20 03:19:00,1.42662,1.42663,1.42659,1.42659,627700004.5776367
2011-06-20 03:20:00,1.42664,1.42679,1.42659,1.42675,1209599990.8447266
2011-06-20 03:21:00,1.42675,1.42675,1.4267,1.42674,313500003.81469727
2011-06-20 03:22:00,1.4267,1.42692,1.42668,1.42692,800699996.9482422
2011-06-20 03:23:00,1.42689,1.42699,1.42678,1.42679,838899993.8964844
2011-06-20 03:24:00,1.42678,1.42683,1.42667,1.42678,712099990.8447266
2011-06-20 03:25:00,1.42678,1.42683,1.42667,1.42667,315000000.0
2011-06-20 03:26:00,1.42671,1.42673,1.42648,1.42648,513199996.9482422
2011-06-20 03:27:00,1.42648,1.42662,1.42648,1.42657,250400009.15527344
2011-06-20 03:28:00,1.4266,1.42662,1.42645,1.42653,671600036.6210938
2011-06-20 03:29:00,1.42652,1.42654,1.42638,1.42653,723000030.5175781
2011-06-20 03:30:00,1.42653,1.42654,1.42632,1.42633,1069100036.6210938
2011-06-20 03:31:00,1.42633,1.42634,1.42618,1.42621,1129499969.4824219
2011-06-20 03:32:00,1.42621,1.42625,1.42618,1.42621,330000000.0
2011-06-20 03:33:00,1.4262,1.42626,1.42617,1.42618,429399986.26708984
2011-06-20 03:34:00,1.42619,1.42634,1.42617,1.42632,741800003.0517578
2011-06-20 03:35:00,1.42631,1.42639,1.42619,1.42621,774800033.5693359
2011-06-20 03:36:00,1.4262,1.42621,1.42617,1.4262,324700012.20703125
2011-06-20 03:37:00,1.4262,1.42627,1.42619,1.42619,298500003.81469727
2011-06-20 03:38:00,1.42618,1.42619,1.42601,1.42602,746200027.4658203
2011-06-20 03:39:00,1.42601,1.42604,1.42575,1.42591,1447100067.1386719
2011-06-20 03:40:00,1.42592,1.42598,1.42589,1.42596,312000007.62939453
2011-06-20 03:41:00,1.42592,1.42602,1.42576,1.42585,1496000061.0351562
2011-06-20 03:42:00,1.42587,1.42587,1.42553,1.42555,1219100036.6210938
2011-06-20 03:43:00,1.42557,1.42567,1.4254,1.42562,2114100036.6210938
2011-06-20 03:44:00,1.42561,1.42569,1.4253,1.4253,851600036.6210938
2011-06-20 03:45:00,1.42533,1.42569,1.42529,1.42561,1623300018.3105469
2011-06-20 03:46:00,1.42561,1.4257,1.42561,1.42565,729000015.2587891
2011-06-20 03:47:00,1.42567,1.42579,1.42566,1.42574,683300018.3105469
2011-06-20 03:48:00,1.42576,1.42589,1.42576,1.42584,629599990.8447266
2011-06-20 03:49:00,1.42584,1.42613,1.42579,1.42613,791200027.4658203
2011-06-20 03:50:00,1.42617,1.4264,1.42609,1.4262,1565200042.7246094
2011-06-20 03:51:00,1.4262,1.42626,1.42606,1.42611,1405099945.0683594
2011-06-20 03:52:00,1.42611,1.42617,1.42599,1.426,529500007.62939453
2011-06-20 03:53:00,1.42597,1.42599,1.42588,1.42588,705000000.0
2011-06-20 03:54:00,1.42588,1.42592,1.42569,1.42574,716999969.4824219
2011-06-20 03:55:00,1.4257,1.4257,1.42525,1.42528,2167400054.9316406
2011-06-20 03:56:00,1.42527,1.42546,1.4252,1.42534,884599990.8447266
2011-06-20 03:57:00,1.42533,1.42535,1.42528,1.42535,836999969.4824219
2011-06-20 03:58:00,1.42534,1.4255,1.42532,1.4254,1023499984.7412109
2011-06-20 03:59:00,1.4254,1.4254,1.42522,1.42532,942399978.6376953
2011-06-20 04:00:00,1.42532,1.42551,1.42531,1.42546,1246100006.1035156
2011-06-20 04:01:00,1.42546,1.42568,1.42546,1.42565,523800010.68115234
2011-06-20 04:02:00,1.42565,1.42579,1.42565,1.42574,624000015.2587891
2011-06-20 04:03:00,1.4257,1.42603,1.4257,1.42597,1196999969.4824219
2011-06-20 04:04:00,1.42596,1.426,1.42591,1.426,262500000.0
2011-06-20 04:05:00,1.426,1.426,1.42594,1.42594,330000000.0
2011-06-20 04:06:00,1.42594,1.42597,1.42594,1.42594,75500001.90734863
2011-06-20 04:07:00,1.42591,1.42592,1.42591,1.42591,105000000.0
2011-06-20 04:08:00,1.42594,1.42594,1.42594,1.42594,112500000.0
2011-06-20 04:09:00,1.42592,1.42599,1.42591,1.42597,315000000.0
2011-06-20 04:10:00,1.42597,1.42601,1.42595,1.42595,307500000.0
2011-06-20 04:11:00,1.42595,1.42602,1.42595,1.42597,517099990.84472656
2011-06-20 04:12:00,1.42596,1.42599,1.42596,1.42598,742500000.0
2011-06-20 04:13:00,1.42598,1.42599,1.42557,1.4256,1948899993.8964844
2011-06-20 04:14:00,1.42561,1.42568,1.42551,1.42557,1276299972.5341797
2011-06-20 04:15:00,1.42557,1.42557,1.42517,1.42519,864400024.4140625
2011-06-20 04:16:00,1.42518,1.42519,1.42391,1.42427,4216400146.484375
2011-06-20 04:17:00,1.42426,1.42444,1.42422,1.42427,2401300048.828125
2011-06-20 04:18:00,1.42424,1.42442,1.42423,1.4243,1659299926.7578125
2011-06-20 04:19:00,1.4243,1.42447,1.4243,1.42443,1189499969.4824219
2011-06-20 04:20:00,1.4244,1.42449,1.42429,1.42449,1029300003.0517578
2011-06-20 04:21:00,1.42449,1.42483,1.4242,1.4242,1906900024.4140625
2011-06-20 04:22:00,1.42416,1.42426,1.42398,1.42398,1972899932.8613281
2011-06-20 04:23:00,1.42397,1.42397,1.4237,1.42391,1331199951.171875
2011-06-20 04:24:00,1.42391,1.42407,1.42389,1.42398,2007200012.2070312
2011-06-20 04:25:00,1.42401,1.42409,1.42399,1.42399,350999984.74121094
2011-06-20 04:26:00,1.42397,1.42411,1.42392,1.42401,709499969.4824219
2011-06-20 04:27:00,1.42401,1.42429,1.42401,1.42403,1166699981.6894531
2011-06-20 04:28:00,1.42405,1.4241,1.42388,1.42388,960500030.5175781
2011-06-20 04:29:00,1.42389,1.42405,1.42387,1.424,995999984.7412109
2011-06-20 04:30:00,1.42399,1.42403,1.42382,1.42403,1008000030.5175781
2011-06-20 04:31:00,1.42404,1.42405,1.4236,1.4236,1172900009.1552734
2011-06-20 04:32:00,1.42362,1.42369,1.4235,1.42364,1258199996.9482422
2011-06-20 04:33:00,1.42366,1.42375,1.42361,1.42374,576199989.3188477
2011-06-20 04:34:00,1.42375,1.42376,1.4237,1.42372,575999984.7412109
2011-06-20 04:35:00,1.42375,1.42386,1.4237,1.42374,557000007.6293945
2011-06-20 04:36:00,1.42373,1.4238,1.42373,1.42378,472500000.0
2011-06-20 04:37:00,1.42378,1.42384,1.42352,1.42352,1425200042.7246094
2011-06-20 04:38:00,1.42345,1.42345,1.4228,1.42285,2602099914.5507812
2011-06-20 04:39:00,1.42283,1.42295,1.4227,1.42272,2882900085.4492188
2011-06-20 04:40:00,1.42274,1.42289,1.42274,1.42284,1093499984.741211
2011-06-20 04:41:00,1.42285,1.42294,1.42281,1.4229,816100006.1035156
2011-06-20 04:42:00,1.4229,1.4229,1.4228,1.4229,1051399993.8964844
2011-06-20 04:43:00,1.42295,1.42311,1.42291,1.42292,1521499938.9648438
2011-06-20 04:44:00,1.42292,1.42296,1.42276,1.42277,1398200073.2421875
2011-06-20 04:45:00,1.42277,1.42284,1.42271,1.42282,1227500000.0
2011-06-20 04:46:00,1.42282,1.42302,1.42273,1.42302,1810800018.3105469
2011-06-20 04:47:00,1.423,1.42301,1.42252,1.42253,1978500061.0351562
2011-06-20 04:48:00,1.42254,1.42254,1.4222,1.42249,1996699981.6894531
2011-06-20 04:49:00,1.42249,1.42257,1.42239,1.42257,1023000030.5175781
2011-06-20 04:50:00,1.42256,1.42256,1.42232,1.42251,1310299987.7929688
2011-06-20 04:51:00,1.42248,1.42249,1.42236,1.42243,771600036.6210938
2011-06-20 04:52:00,1.42243,1.42244,1.42229,1.42232,847500000.0
2011-06-20 04:53:00,1.42237,1.42267,1.42235,1.42257,1065800018.3105469
2011-06-20 04:54:00,1.42258,1.42267,1.42254,1.42264,986999969.4824219
2011-06-20 04:55:00,1.42263,1.4228,1.42261,1.4228,1469400024.4140625
2011-06-20 04:56:00,1.4228,1.42286,1.42261,1.42264,1074000015.258789
2011-06-20 04:57:00,1.42264,1.42281,1.42264,1.42279,845699996.9482422
2011-06-20 04:58:00,1.42279,1.4231,1.42278,1.42289,1838500061.0351562
2011-06-20 04:59:00,1.42287,1.42291,1.42273,1.42274,580999984.7412109
2011-06-20 05:00:00,1.42275,1.42289,1.42249,1.42282,1453099975.5859375
2011-06-20 05:01:00,1.42287,1.4229,1.42265,1.42281,1084499969.4824219
2011-06-20 05:02:00,1.42281,1.42281,1.42261,1.42261,768000030.5175781
2011-06-20 05:03:00,1.42261,1.42261,1.42227,1.42235,1584199981.6894531
2011-06-20 05:04:00,1.42235,1.42235,1.4222,1.42222,1191800003.0517578
2011-06-20 05:05:00,1.42222,1.42231,1.42205,1.42206,805800018.3105469
2011-06-20 05:06:00,1.42206,1.42215,1.4218,1.42205,2729700012.2070312
2011-06-20 05:07:00,1.42203,1.42219,1.42202,1.42209,954899978.6376953
2011-06-20 05:08:00,1.42211,1.42219,1.42205,1.42207,352500000.0
2011-06-20 05:09:00,1.42213,1.42227,1.42201,1.42226,752399978.6376953
2011-06-20 05:10:00,1.42228,1.42291,1.42228,1.42267,2022899932.8613281
2011-06-20 05:11:00,1.42267,1.42282,1.42266,1.42282,1034400024.4140625
2011-06-20 05:12:00,1.42281,1.42331,1.42279,1.4232,2254499969.482422
2011-06-20 05:13:00,1.4232,1.4236,1.4232,1.42338,2477500000.0
2011-06-20 05:14:00,1.42338,1.4235,1.42338,1.42342,2042400054.9316406
2011-06-20 05:15:00,1.42344,1.42358,1.42341,1.42345,1259400024.4140625
2011-06-20 05:16:00,1.42343,1.42358,1.42338,1.42342,678300018.3105469
2011-06-20 05:17:00,1.42341,1.42352,1.4234,1.42345,478499984.74121094
2011-06-20 05:18:00,1.42345,1.42362,1.42337,1.42344,939599990.8447266
2011-06-20 05:19:00,1.42344,1.42387,1.42344,1.42381,1615099945.0683594
2011-06-20 05:20:00,1.42381,1.42407,1.42375,1.42391,1626900024.4140625
2011-06-20 05:21:00,1.42391,1.42391,1.42349,1.42351,2232200012.2070312
2011-06-20 05:22:00,1.42351,1.42354,1.42332,1.42351,2177100067.138672
2011-06-20 05:23:00,1.42351,1.42353,1.42332,1.42347,1885700073.2421875
2011-06-20 05:24:00,1.42346,1.42348,1.42341,1.42346,1088099975.5859375
2011-06-20 05:25:00,1.42347,1.42351,1.42336,1.42349,776699981.6894531
2011-06-20 05:26:00,1.4235,1.42357,1.42341,1.42356,808499984.7412109
2011-06-20 05:27:00,1.42356,1.42356,1.42326,1.42326,1285200042.7246094
2011-06-20 05:28:00,1.42328,1.42328,1.42294,1.42294,1054599990.8447266
2011-06-20 05:29:00,1.42292,1.4232,1.42285,1.42294,2377299957.2753906
2011-06-20 05:30:00,1.42294,1.42306,1.42277,1.42305,1254199981.6894531
2011-06-20 05:31:00,1.42304,1.42317,1.42299,1.42315,784599990.8447266
2011-06-20 05:32:00,1.42316,1.4232,1.42293,1.42293,902300033.5693359
2011-06-20 05:33:00,1.42293,1.42293,1.42263,1.42263,1823399963.3789062
2011-06-20 05:34:00,1.42263,1.42263,1.42211,1.42211,1938000030.5175781
2011-06-20 05:35:00,1.4221,1.42214,1.4217,1.42197,2173999938.9648438
2011-06-20 05:36:00,1.42199,1.42254,1.42199,1.4225,1505700073.2421875
2011-06-20 05:37:00,1.4225,1.42282,1.4225,1.42261,1487899932.8613281
2011-06-20 05:38:00,1.42261,1.42261,1.42227,1.42231,2262799987.7929688
2011-06-20 05:39:00,1.42231,1.42238,1.42205,1.4222,1470800018.3105469
2011-06-20 05:40:00,1.4222,1.42284,1.42214,1.42282,1904499969.4824219
2011-06-20 05:41:00,1.42281,1.42281,1.42257,1.42265,689899978.6376953
2011-06-20 05:42:00,1.42266,1.4229,1.42266,1.42286,765000000.0
2011-06-20 05:43:00,1.42286,1.423,1.42285,1.42297,814199981.6894531
2011-06-20 05:44:00,1.42304,1.42313,1.42294,1.42308,884899978.6376953
2011-06-20 05:45:00,1.4231,1.42318,1.42309,1.42316,830699996.9482422
2011-06-20 05:46:00,1.42316,1.42337,1.42314,1.42337,738899993.8964844
2011-06-20 05:47:00,1.42335,1.42353,1.42334,1.42349,1432700042.7246094
2011-06-20 05:48:00,1.42348,1.42375,1.42348,1.42373,665699996.9482422
2011-06-20 05:49:00,1.42374,1.42377,1.42363,1.42373,1916300048.828125
2011-06-20 05:50:00,1.42371,1.42385,1.4237,1.42384,2775100097.65625
2011-06-20 05:51:00,1.42388,1.42391,1.42365,1.42365,2103999938.9648438
2011-06-20 05:52:00,1.42366,1.42389,1.42363,1.42363,1811699981.6894531
2011-06-20 05:53:00,1.42363,1.42391,1.42362,1.4237,2528899993.8964844
2011-06-20 05:54:00,1.4237,1.42384,1.4237,1.42374,1258499984.741211
2011-06-20 05:55:00,1.42374,1.42389,1.4237,1.42374,1230000000.0
2011-06-20 05:56:00,1.42374,1.42388,1.4235,1.4235,1684199981.6894531
2011-06-20 05:57:00,1.42352,1.42365,1.42328,1.42328,1357500000.0
2011-06-20 05:58:00,1.42328,1.42336,1.42296,1.42319,2698500061.0351562
2011-06-20 05:59:00,1.42318,1.42318,1.42284,1.42294,2619500122.0703125
2011-06-20 06:00:00,1.42292,1.4231,1.42285,1.42289,3207900085.4492188
2011-06-20 06:01:00,1.42289,1.4229,1.42224,1.42225,1871699981.6894531
2011-06-20 06:02:00,1.42224,1.42243,1.42204,1.42242,2693299865.7226562
2011-06-20 06:03:00,1.42242,1.42242,1.422,1.42208,1648200073.2421875
2011-06-20 06:04:00,1.42208,1.42265,1.42199,1.42244,1826399993.8964844
2011-06-20 06:05:00,1.42244,1.4226,1.42229,1.42229,2136399993.8964844
2011-06-20 06:06:00,1.42229,1.42263,1.42229,1.42251,2021699981.6894531
2011-06-20 06:07:00,1.42251,1.42259,1.42242,1.42259,1479100036.6210938
2011-06-20 06:08:00,1.42255,1.42262,1.42251,1.4226,807699966.4306641
2011-06-20 06:09:00,1.42258,1.42261,1.42242,1.42254,906500015.2587891
2011-06-20 06:10:00,1.42253,1.42268,1.42213,1.42268,2873599853.515625
2011-06-20 06:11:00,1.42267,1.42328,1.42256,1.42316,2178300018.310547
2011-06-20 06:12:00,1.42317,1.42334,1.42313,1.42331,1661100006.1035156
2011-06-20 06:13:00,1.42331,1.42331,1.42271,1.42303,2299600067.138672
2011-06-20 06:14:00,1.42302,1.42327,1.42295,1.42312,1432500000.0
2011-06-20 06:15:00,1.4231,1.4231,1.42279,1.42303,1825599975.5859375
2011-06-20 06:16:00,1.42301,1.42321,1.42296,1.42297,1397200012.2070312
2011-06-20 06:17:00,1.42295,1.42295,1.4224,1.4225,1977299957.2753906
2011-06-20 06:18:00,1.42247,1.42248,1.42217,1.42239,2162400054.9316406
2011-06-20 06:19:00,1.42239,1.42303,1.42239,1.423,1170800018.3105469
2011-06-20 06:20:00,1.42299,1.42299,1.42201,1.42213,3118200073.2421875
2011-06-20 06:21:00,1.42214,1.42216,1.42159,1.42214,2498099975.5859375
2011-06-20 06:22:00,1.42211,1.42214,1.42181,1.42193,2066699981.6894531
2011-06-20 06:23:00,1.42193,1.42239,1.42192,1.42229,1938200073.2421875
2011-06-20 06:24:00,1.42226,1.42312,1.42222,1.4231,1802500000.0
2011-06-20 06:25:00,1.42305,1.42305,1.42252,1.42264,2537200012.2070312
2011-06-20 06:26:00,1.42262,1.4228,1.42239,1.42272,2688099975.5859375
2011-06-20 06:27:00,1.42272,1.42304,1.42272,1.42304,2736600036.6210938
2011-06-20 06:28:00,1.42305,1.42318,1.42284,1.42286,2458500061.0351562
2011-06-20 06:29:00,1.42286,1.42304,1.42277,1.42288,2356100006.1035156
2011-06-20 06:30:00,1.42287,1.42326,1.42278,1.42278,3053800048.828125
2011-06-20 06:31:00,1.42277,1.42279,1.42251,1.42259,2262200012.2070312
2011-06-20 06:32:00,1.42253,1.42263,1.42242,1.42249,1080800018.3105469
2011-06-20 06:33:00,1.42249,1.42249,1.42221,1.42233,850000000.0
2011-06-20 06:34:00,1.42236,1.42272,1.42236,1.42241,2507200012.2070312
2011-06-20 06:35:00,1.42241,1.42241,1.42184,1.42187,2918200073.2421875
2011-06-20 06:36:00,1.42187,1.42188,1.42081,1.42083,3515599975.5859375
2011-06-20 06:37:00,1.42085,1.42146,1.42084,1.42141,2474199981.689453
2011-06-20 06:38:00,1.42137,1.42152,1.42121,1.42141,1985899963.3789062
2011-06-20 06:39:00,1.42141,1.42182,1.42121,1.42182,2055099945.0683594
2011-06-20 06:40:00,1.42188,1.42188,1.42153,1.42178,2080399932.8613281
2011-06-20 06:41:00,1.42178,1.42199,1.42175,1.4218,1893399963.3789062
2011-06-20 06:42:00,1.42179,1.42179,1.42086,1.42095,2577200012.2070312
2011-06-20 06:43:00,1.42095,1.42104,1.42011,1.42041,3139500122.0703125
2011-06-20 06:44:00,1.42041,1.42056,1.42015,1.42037,3026700134.2773438
2011-06-20 06:45:00,1.42038,1.42057,1.41977,1.4198,2147100067.1386719
2011-06-20 06:46:00,1.41979,1.41979,1.41939,1.41963,3225100097.65625
2011-06-20 06:47:00,1.41963,1.41977,1.41953,1.41971,2741400146.484375
2011-06-20 06:48:00,1.41971,1.42014,1.41964,1.42014,2820000000.0
2011-06-20 06:49:00,1.42017,1.4202,1.41991,1.41991,1721499938.9648438
2011-06-20 06:50:00,1.41991,1.42048,1.41991,1.4204,2577099914.5507812
2011-06-20 06:51:00,1.42042,1.42089,1.42042,1.42078,3616099853.515625
2011-06-20 06:52:00,1.42077,1.42077,1.42016,1.42017,2916300048.828125
2011-06-20 06:53:00,1.42019,1.42053,1.42013,1.42051,2475099945.0683594
2011-06-20 06:54:00,1.4205,1.42073,1.42043,1.42051,1742500000.0
2011-06-20 06:55:00,1.4205,1.42053,1.4204,1.42041,1179000015.258789
2011-06-20 06:56:00,1.42039,1.42044,1.42,1.42044,2214700012.2070312
2011-06-20 06:57:00,1.42047,1.4206,1.42045,1.42053,1217399978.6376953
2011-06-20 06:58:00,1.42056,1.42093,1.42056,1.4209,1658999938.9648438
2011-06-20 06:59:00,1.42091,1.42116,1.42084,1.42093,2040099945.0683594
2011-06-20 07:00:00,1.42093,1.42095,1.42002,1.42002,2251499938.9648438
2011-06-20 07:01:00,1.42002,1.42002,1.4193,1.41937,2669899902.34375
2011-06-20 07:02:00,1.41941,1.42018,1.41941,1.41993,2575299987.7929688
2011-06-20 07:03:00,1.41992,1.42013,1.41958,1.41959,2755599975.5859375
2011-06-20 07:04:00,1.4196,1.4196,1.41917,1.41947,2789400024.4140625
2011-06-20 07:05:00,1.41947,1.41956,1.41923,1.41935,2798399963.3789062
2011-06-20 07:06:00,1.41934,1.41977,1.41912,1.41965,2994899902.34375
2011-06-20 07:07:00,1.41965,1.41998,1.41954,1.41987,1998999938.9648438
2011-06-20 07:08:00,1.41987,1.41996,1.41954,1.41974,2448600006.1035156
2011-06-20 07:09:00,1.41975,1.42008,1.41959,1.41963,2364100036.6210938
2011-06-20 07:10:00,1.41963,1.41982,1.41937,1.41973,2907999877.9296875
2011-06-20 07:11:00,1.41975,1.41977,1.41939,1.41959,2477299957.2753906
2011-06-20 07:12:00,1.41958,1.42007,1.41951,1.41999,2532299957.2753906
2011-06-20 07:13:00,1.41996,1.42009,1.4197,1.41984,2496699981.689453
2011-06-20 07:14:00,1.41982,1.42012,1.41976,1.42011,2716900024.4140625
2011-06-20 07:15:00,1.42012,1.42038,1.41991,1.42038,2414299926.7578125
2011-06-20 07:16:00,1.42035,1.42072,1.42015,1.42065,2502100067.138672
2011-06-20 07:17:00,1.42065,1.42082,1.42046,1.42079,2302700042.7246094
2011-06-20 07:18:00,1.42081,1.42108,1.42032,1.42101,2757099914.5507812
2011-06-20 07:19:00,1.42101,1.42134,1.42091,1.42101,2877300109.8632812
2011-06-20 07:20:00,1.42101,1.42101,1.42069,1.42071,1907899932.8613281
2011-06-20 07:21:00,1.42071,1.42089,1.42059,1.42061,1685599975.5859375
2011-06-20 07:22:00,1.42063,1.42113,1.42063,1.42111,1740200042.7246094
2011-06-20 07:23:00,1.42113,1.4214,1.4211,1.42123,2521199951.171875
2011-06-20 07:24:00,1.42126,1.42137,1.42091,1.42091,2651799926.7578125
2011-06-20 07:25:00,1.42089,1.42112,1.42062,1.42109,2288399963.3789062
2011-06-20 07:26:00,1.42109,1.42126,1.42088,1.42088,2349499969.482422
2011-06-20 07:27:00,1.42088,1.42089,1.42025,1.42025,2876799926.7578125
2011-06-20 07:28:00,1.42027,1.42063,1.42027,1.42062,2369799957.2753906
2011-06-20 07:29:00,1.42062,1.42062,1.4203,1.4204,1966999969.4824219
2011-06-20 07:30:00,1.4204,1.42057,1.4199,1.42,2879200134.2773438
2011-06-20 07:31:00,1.42003,1.4205,1.41982,1.42036,3326300048.828125
2011-06-20 07:32:00,1.42039,1.42061,1.42033,1.4204,2642999877.9296875
2011-06-20 07:33:00,1.4204,1.42119,1.4204,1.42113,2892300109.8632812
2011-06-20 07:34:00,1.42116,1.4213,1.42073,1.421,2038099975.5859375
2011-06-20 07:35:00,1.42102,1.42151,1.42064,1.4215,2739700012.2070312
2011-06-20 07:36:00,1.42152,1.42245,1.42149,1.42212,3994100036.6210938
2011-06-20 07:37:00,1.42211,1.42257,1.42202,1.42256,2724100036.6210938
2011-06-20 07:38:00,1.42254,1.42306,1.42254,1.42281,3777200012.2070312
2011-06-20 07:39:00,1.42282,1.42295,1.42259,1.4226,2109299926.7578125
2011-06-20 07:40:00,1.42259,1.4227,1.42221,1.42228,2277299957.2753906
2011-06-20 07:41:00,1.42228,1.42232,1.42216,1.42216,1215299987.7929688
2011-06-20 07:42:00,1.42216,1.42225,1.42212,1.42221,1241900024.4140625
2011-06-20 07:43:00,1.42219,1.42219,1.42152,1.42171,2322500000.0
2011-06-20 07:44:00,1.42174,1.42204,1.42173,1.42185,1904199981.6894531
2011-06-20 07:45:00,1.4218,1.4218,1.42159,1.42167,2291600036.6210938
2011-06-20 07:46:00,1.42165,1.4217,1.42118,1.42151,2429100036.6210938
2011-06-20 07:47:00,1.42151,1.42183,1.42121,1.42126,2567799987.7929688
2011-06-20 07:48:00,1.42129,1.42152,1.42129,1.42131,2386699981.689453
2011-06-20 07:49:00,1.42132,1.4217,1.42132,1.42152,2893099975.5859375
2011-06-20 07:50:00,1.42151,1.42151,1.42121,1.42132,2450800018.310547
2011-06-20 07:51:00,1.42131,1.42131,1.42091,1.42097,2771900024.4140625
2011-06-20 07:52:00,1.42097,1.42101,1.42073,1.42073,2151999969.482422
2011-06-20 07:53:00,1.42073,1.42073,1.4203,1.42065,3119400024.4140625
2011-06-20 07:54:00,1.42065,1.42092,1.42065,1.42084,1517599945.0683594
2011-06-20 07:55:00,1.4208,1.42111,1.42071,1.42109,1850599975.5859375
2011-06-20 07:56:00,1.4211,1.42118,1.42077,1.42077,2070200042.7246094
2011-06-20 07:57:00,1.42079,1.42097,1.42072,1.42088,2633599853.515625
2011-06-20 07:58:00,1.42088,1.42098,1.42051,1.42057,2817300109.8632812
2011-06-20 07:59:00,1.42057,1.4208,1.42035,1.4208,1920500030.5175781
2011-06-20 08:00:00,1.42079,1.42079,1.42057,1.42066,1519499969.4824219
2011-06-20 08:01:00,1.42062,1.42069,1.42041,1.42058,2644100036.6210938
2011-06-20 08:02:00,1.42057,1.42062,1.42036,1.42055,2212500000.0
2011-06-20 08:03:00,1.42056,1.42107,1.42044,1.42107,2554499969.482422
2011-06-20 08:04:00,1.42107,1.42153,1.42106,1.42139,2244799957.2753906
2011-06-20 08:05:00,1.42141,1.42195,1.42141,1.42191,2380800018.310547
2011-06-20 08:06:00,1.42191,1.42191,1.42169,1.42179,2200800018.310547
2011-06-20 08:07:00,1.42181,1.42185,1.42117,1.42118,2368999938.9648438
2011-06-20 08:08:00,1.42123,1.4215,1.42121,1.4214,1763399963.3789062
2011-06-20 08:09:00,1.4214,1.42144,1.42117,1.42134,2162100067.138672
2011-06-20 08:10:00,1.42135,1.42141,1.42118,1.42141,1721499938.9648438
2011-06-20 08:11:00,1.42141,1.42154,1.42139,1.42152,2457200012.2070312
2011-06-20 08:12:00,1.42152,1.42187,1.42141,1.42187,2584400024.4140625
2011-06-20 08:13:00,1.42186,1.42191,1.42163,1.42184,2671000061.0351562
2011-06-20 08:14:00,1.42184,1.42198,1.42177,1.42184,2220200042.7246094
2011-06-20 08:15:00,1.42187,1.42191,1.42135,1.42141,2670799865.7226562
2011-06-20 08:16:00,1.42141,1.42141,1.42115,1.42119,2404199981.689453
2011-06-20 08:17:00,1.42119,1.4214,1.42111,1.42128,2364600067.138672
2011-06-20 08:18:00,1.42127,1.42129,1.42106,1.4212,2793900146.484375
2011-06-20 08:19:00,1.4212,1.42144,1.42114,1.4214,1849299926.7578125
2011-06-20 08:20:00,1.42139,1.42149,1.42111,1.42111,2075899963.3789062
2011-06-20 08:21:00,1.42111,1.42141,1.42105,1.42135,1506199951.171875
2011-06-20 08:22:00,1.42135,1.42137,1.42126,1.42135,1274599990.8447266
2011-06-20 08:23:00,1.42135,1.42135,1.42086,1.42091,2189199981.689453
2011-06-20 08:24:00,1.42091,1.42111,1.42083,1.42108,2028600006.1035156
2011-06-20 08:25:00,1.42109,1.42136,1.42109,1.42124,1622799987.7929688
2011-06-20 08:26:00,1.42123,1.42136,1.42123,1.4213,725500030.5175781
2011-06-20 08:27:00,1.42131,1.42135,1.42101,1.42106,1732599945.0683594
2011-06-20 08:28:00,1.42106,1.42111,1.42095,1.42109,1918099975.5859375
2011-06-20 08:29:00,1.42109,1.42131,1.42072,1.42072,2264100036.6210938
2011-06-20 08:30:00,1.42072,1.42076,1.42042,1.42049,2235299987.7929688
2011-06-20 08:31:00,1.42047,1.4205,1.42024,1.42024,2027599945.0683594
2011-06-20 08:32:00,1.42023,1.42059,1.42021,1.42056,1737899932.8613281
2011-06-20 08:33:00,1.42056,1.42068,1.42041,1.42057,2531900024.4140625
2011-06-20 08:34:00,1.42055,1.4206,1.42003,1.42004,2451499938.9648438
2011-06-20 08:35:00,1.42006,1.42046,1.42002,1.42028,2577799987.7929688
2011-06-20 08:36:00,1.42025,1.42049,1.42016,1.4204,2151100006.1035156
2011-06-20 08:37:00,1.4204,1.42071,1.4204,1.42066,2239100036.6210938
2011-06-20 08:38:00,1.42064,1.4209,1.42051,1.42054,1551600036.6210938
2011-06-20 08:39:00,1.42054,1.42081,1.42045,1.42081,2227200012.2070312
2011-06-20 08:40:00,1.4208,1.42087,1.42041,1.42046,2423500061.0351562
2011-06-20 08:41:00,1.42044,1.42045,1.42012,1.42023,2180899963.3789062
2011-06-20 08:42:00,1.42024,1.42025,1.41998,1.42009,2435000000.0
2011-06-20 08:43:00,1.42004,1.42014,1.41991,1.42011,1865000000.0
2011-06-20 08:44:00,1.42011,1.42013,1.41994,1.42008,2201100006.1035156
2011-06-20 08:45:00,1.42008,1.42017,1.41957,1.41965,3006799926.7578125
2011-06-20 08:46:00,1.41965,1.4198,1.41935,1.41971,2245599975.5859375
2011-06-20 08:47:00,1.41975,1.41999,1.41961,1.41964,2284199981.689453
2011-06-20 08:48:00,1.41961,1.42017,1.41955,1.42008,2316799926.7578125
2011-06-20 08:49:00,1.42003,1.42056,1.42001,1.42049,2178500061.0351562
2011-06-20 08:50:00,1.42048,1.42201,1.42048,1.422,3669599914.5507812
2011-06-20 08:51:00,1.42207,1.42232,1.42165,1.42178,4035199890.1367188
2011-06-20 08:52:00,1.42177,1.42327,1.42172,1.42311,3925000000.0
2011-06-20 08:53:00,1.42312,1.42403,1.42296,1.42401,4441199951.171875
2011-06-20 08:54:00,1.424,1.424,1.42335,1.42345,5264600219.7265625
2011-06-20 08:55:00,1.42347,1.42382,1.42325,1.42325,3894400024.4140625
2011-06-20 08:56:00,1.42325,1.42345,1.42317,1.42325,2619400024.4140625
2011-06-20 08:57:00,1.42323,1.42324,1.42293,1.42295,1940099945.0683594
2011-06-20 08:58:00,1.42297,1.42297,1.42261,1.42271,2430899963.3789062
2011-06-20 08:59:00,1.42272,1.42282,1.42262,1.4228,1869799957.2753906
2011-06-20 09:00:00,1.42275,1.42302,1.42275,1.42299,1728899993.8964844
2011-06-20 09:01:00,1.42301,1.42328,1.42301,1.42313,1858600006.1035156
2011-06-20 09:02:00,1.42311,1.42338,1.42307,1.42337,1626000061.0351562
2011-06-20 09:03:00,1.42336,1.42343,1.42321,1.42334,2655100097.65625
2011-06-20 09:04:00,1.42337,1.42349,1.42331,1.42334,1828200073.2421875
2011-06-20 09:05:00,1.42331,1.42331,1.423,1.42302,1685500030.5175781
2011-06-20 09:06:00,1.42302,1.42305,1.42287,1.42294,1455899963.3789062
2011-06-20 09:07:00,1.42296,1.423,1.42272,1.42279,1119700012.2070312
2011-06-20 09:08:00,1.42279,1.42315,1.42275,1.42313,1713600006.1035156
2011-06-20 09:09:00,1.42313,1.42322,1.42287,1.4232,2351300048.828125
2011-06-20 09:10:00,1.4232,1.42411,1.4232,1.42411,3610000000.0
2011-06-20 09:11:00,1.42412,1.42468,1.42412,1.4244,4126499938.9648438
2011-06-20 09:12:00,1.42446,1.42505,1.42439,1.42477,3467300109.8632812
2011-06-20 09:13:00,1.42478,1.4248,1.42442,1.42446,2915199890.1367188
2011-06-20 09:14:00,1.42447,1.42459,1.42445,1.42459,1745700073.2421875
2011-06-20 09:15:00,1.42464,1.42477,1.42451,1.42451,1378000030.5175781
2011-06-20 09:16:00,1.42451,1.42452,1.42421,1.42421,1412599945.0683594
2011-06-20 09:17:00,1.42421,1.42466,1.42421,1.42445,1451499938.9648438
2011-06-20 09:18:00,1.42446,1.42468,1.42445,1.42447,2091300048.828125
2011-06-20 09:19:00,1.42448,1.4246,1.4244,1.42441,1452400054.9316406
2011-06-20 09:20:00,1.42445,1.42456,1.42431,1.42456,1682599945.0683594
2011-06-20 09:21:00,1.42456,1.42467,1.42453,1.4246,1432899932.8613281
2011-06-20 09:22:00,1.4246,1.42513,1.4246,1.42511,2341799926.7578125
2011-06-20 09:23:00,1.42511,1.42532,1.42511,1.42522,3133800048.828125
2011-06-20 09:24:00,1.42525,1.42526,1.4248,1.42484,1590399932.8613281
2011-06-20 09:25:00,1.42484,1.42484,1.42438,1.42441,1797899932.8613281
2011-06-20 09:26:00,1.42439,1.42451,1.42401,1.42401,1400599975.5859375
2011-06-20 09:27:00,1.42401,1.42407,1.4238,1.4238,1456300048.828125
2011-06-20 09:28:00,1.4238,1.4238,1.42344,1.42344,1146100006.1035156
2011-06-20 09:29:00,1.42341,1.42374,1.42324,1.4234,1688399963.3789062
2011-06-20 09:30:00,1.42333,1.42374,1.4233,1.42352,1571399993.8964844
2011-06-20 09:31:00,1.42351,1.42386,1.42351,1.42371,1815099945.0683594
2011-06-20 09:32:00,1.42371,1.42384,1.42359,1.42359,1551300048.828125
2011-06-20 09:33:00,1.42359,1.42363,1.42329,1.42329,1226600036.6210938
2011-06-20 09:34:00,1.42329,1.42358,1.42328,1.42329,1584900054.9316406
2011-06-20 09:35:00,1.42327,1.42327,1.42259,1.42259,2117400054.9316406
2011-06-20 09:36:00,1.42259,1.4228,1.42233,1.42277,2572799987.7929688
2011-06-20 09:37:00,1.42276,1.42282,1.4226,1.42261,2404799957.2753906
2011-06-20 09:38:00,1.42259,1.42259,1.4222,1.4222,1946000061.0351562
2011-06-20 09:39:00,1.4222,1.42281,1.4222,1.4227,1892299957.2753906
2011-06-20 09:40:00,1.42269,1.4228,1.42269,1.42274,1526399993.8964844
2011-06-20 09:41:00,1.42277,1.42281,1.42264,1.42265,1463500061.0351562
2011-06-20 09:42:00,1.42264,1.42264,1.4225,1.42262,1560000000.0
2011-06-20 09:43:00,1.4226,1.42291,1.42253,1.42291,1295399932.8613281
2011-06-20 09:44:00,1.4229,1.42325,1.4229,1.42317,1972700042.7246094
2011-06-20 09:45:00,1.42317,1.42318,1.42283,1.42303,2057599945.0683594
2011-06-20 09:46:00,1.42301,1.4231,1.42239,1.42239,1930800018.3105469
2011-06-20 09:47:00,1.42237,1.42242,1.4222,1.42242,1837599945.0683594
2011-06-20 09:48:00,1.42243,1.42255,1.42235,1.42244,1543099975.5859375
2011-06-20 09:49:00,1.42242,1.42252,1.42234,1.42242,1275100021.3623047
2011-06-20 09:50:00,1.42242,1.42246,1.42226,1.42238,1256699981.6894531
2011-06-20 09:51:00,1.42241,1.42241,1.42225,1.42226,680000000.0
2011-06-20 09:52:00,1.42226,1.4223,1.42209,1.42229,1984700012.2070312
2011-06-20 09:53:00,1.4223,1.4227,1.42224,1.4227,2433600006.1035156
2011-06-20 09:54:00,1.42273,1.4229,1.42269,1.42283,884700012.2070312
2011-06-20 09:55:00,1.42285,1.42289,1.42269,1.42272,1678500061.0351562
2011-06-20 09:56:00,1.42274,1.42274,1.42252,1.42261,1241299972.5341797
2011-06-20 09:57:00,1.42262,1.423,1.42253,1.423,2007700042.7246094
2011-06-20 09:58:00,1.42298,1.42299,1.42262,1.4228,2677399902.34375
2011-06-20 09:59:00,1.42279,1.42289,1.42261,1.42272,2253800048.828125
2011-06-20 10:00:00,1.4227,1.4227,1.42242,1.42253,1305299987.7929688
2011-06-20 10:01:00,1.42257,1.42257,1.42223,1.42233,1304299926.7578125
2011-06-20 10:02:00,1.42234,1.42274,1.42234,1.42271,1995500030.5175781
2011-06-20 10:03:00,1.42271,1.42277,1.42252,1.42253,1070599975.5859375
2011-06-20 10:04:00,1.42253,1.42261,1.4225,1.42254,1486000061.0351562
2011-06-20 10:05:00,1.42253,1.42261,1.42245,1.42248,1455399932.8613281
2011-06-20 10:06:00,1.42247,1.42256,1.42244,1.42245,1288699951.171875
2011-06-20 10:07:00,1.42246,1.42279,1.42244,1.42275,1767299957.2753906
2011-06-20 10:08:00,1.42276,1.42295,1.42269,1.42291,879000015.2587891
2011-06-20 10:09:00,1.42293,1.42293,1.42287,1.42291,1109400024.4140625
2011-06-20 10:10:00,1.42292,1.42344,1.42292,1.42335,2103200073.2421875
2011-06-20 10:11:00,1.42335,1.42363,1.42331,1.42353,2131000061.0351562
2011-06-20 10:12:00,1.42353,1.42379,1.42353,1.42369,1998999938.9648438
2011-06-20 10:13:00,1.42369,1.42371,1.42335,1.4235,2583999938.9648438
2011-06-20 10:14:00,1.42349,1.42388,1.42349,1.42364,2862999877.9296875
2011-06-20 10:15:00,1.42361,1.42389,1.42361,1.42374,1429600067.1386719
2011-06-20 10:16:00,1.42374,1.4238,1.42354,1.42363,1722299957.2753906
2011-06-20 10:17:00,1.42364,1.42398,1.42363,1.42395,1875800018.3105469
2011-06-20 10:18:00,1.42395,1.42424,1.42379,1.42411,2490899963.3789062
2011-06-20 10:19:00,1.42413,1.42423,1.42405,1.42407,1756100006.1035156
2011-06-20 10:20:00,1.42408,1.42425,1.42391,1.42425,1854900054.9316406
2011-06-20 10:21:00,1.42426,1.42458,1.42426,1.42432,1575700073.2421875
2011-06-20 10:22:00,1.42435,1.42435,1.42402,1.42404,767399978.6376953
2011-06-20 10:23:00,1.42403,1.42433,1.42399,1.42418,1057699966.4306641
2011-06-20 10:24:00,1.42418,1.42448,1.42415,1.42434,1075000000.0
2011-06-20 10:25:00,1.42437,1.42442,1.42434,1.42439,875999984.7412109
2011-06-20 10:26:00,1.42439,1.4244,1.42432,1.42439,1128000030.5175781
2011-06-20 10:27:00,1.4244,1.4244,1.42414,1.42418,1329100036.6210938
2011-06-20 10:28:00,1.42419,1.42421,1.42415,1.42419,545299987.7929688
2011-06-20 10:29:00,1.42419,1.42438,1.42417,1.42431,1311999969.4824219
2011-06-20 10:30:00,1.42431,1.42452,1.4243,1.4243,1165100021.3623047
2011-06-20 10:31:00,1.4243,1.4244,1.42402,1.42408,1840800018.3105469
2011-06-20 10:32:00,1.42409,1.42413,1.42403,1.42413,815999984.7412109
2011-06-20 10:33:00,1.42413,1.42423,1.42406,1.42411,1389700012.2070312
2011-06-20 10:34:00,1.42411,1.42411,1.42405,1.42405,793799972.5341797
2011-06-20 10:35:00,1.42403,1.42405,1.42386,1.42402,1609900054.9316406
2011-06-20 10:36:00,1.42401,1.42401,1.42362,1.42366,1146600036.6210938
2011-06-20 10:37:00,1.42365,1.4237,1.42351,1.42351,806800003.0517578
2011-06-20 10:38:00,1.4235,1.4235,1.4233,1.42345,1267300033.569336
2011-06-20 10:39:00,1.42345,1.4236,1.42343,1.42346,1219499969.4824219
2011-06-20 10:40:00,1.42345,1.42345,1.42327,1.42327,1543200073.2421875
2011-06-20 10:41:00,1.42328,1.42343,1.42328,1.42331,1118499984.741211
2011-06-20 10:42:00,1.42333,1.42352,1.42324,1.42343,1050699996.9482422
2011-06-20 10:43:00,1.42343,1.42364,1.42341,1.42364,814300003.0517578
2011-06-20 10:44:00,1.42365,1.42379,1.42345,1.42345,2057599945.0683594
2011-06-20 10:45:00,1.42345,1.42361,1.42339,1.42357,1572299957.2753906
2011-06-20 10:46:00,1.4236,1.4239,1.42354,1.42379,1623000030.5175781
2011-06-20 10:47:00,1.42377,1.42386,1.42368,1.42371,1375399932.8613281
2011-06-20 10:48:00,1.42369,1.42369,1.42332,1.42332,1451600036.6210938
2011-06-20 10:49:00,1.42332,1.42341,1.42329,1.42341,1221999969.4824219
2011-06-20 10:50:00,1.4234,1.42348,1.42328,1.42338,1433800048.828125
2011-06-20 10:51:00,1.42337,1.4234,1.4233,1.42337,931100006.1035156
2011-06-20 10:52:00,1.42337,1.42374,1.42337,1.42357,1736199951.171875
2011-06-20 10:53:00,1.42357,1.42365,1.42344,1.42365,956100006.1035156
2011-06-20 10:54:00,1.42362,1.42378,1.4233,1.4233,1305899963.3789062
2011-06-20 10:55:00,1.42331,1.42331,1.42313,1.42325,1377400054.9316406
2011-06-20 10:56:00,1.42323,1.42323,1.42293,1.42305,1806900024.4140625
2011-06-20 10:57:00,1.42305,1.42321,1.42305,1.42314,1118600006.1035156
2011-06-20 10:58:00,1.42313,1.42322,1.42292,1.42322,1141100006.1035156
2011-06-20 10:59:00,1.42323,1.4234,1.42317,1.42326,1996199951.171875
2011-06-20 11:00:00,1.42325,1.4233,1.42292,1.42294,1505099945.0683594
2011-06-20 11:01:00,1.42292,1.42292,1.42251,1.42254,1778200073.2421875
2011-06-20 11:02:00,1.42254,1.4228,1.42253,1.42262,906900024.4140625
2011-06-20 11:03:00,1.42261,1.42261,1.42237,1.42237,946699981.6894531
2011-06-20 11:04:00,1.42236,1.42236,1.42211,1.42232,1850500030.5175781
2011-06-20 11:05:00,1.42232,1.42243,1.42207,1.42213,1833999938.9648438
2011-06-20 11:06:00,1.42212,1.42232,1.42209,1.42221,1592100067.1386719
2011-06-20 11:07:00,1.42222,1.42224,1.42193,1.42223,1878200073.2421875
2011-06-20 11:08:00,1.42223,1.42243,1.42216,1.42243,1241500015.258789
2011-06-20 11:09:00,1.42242,1.42242,1.42212,1.42239,1870299987.7929688
2011-06-20 11:10:00,1.42237,1.42261,1.42222,1.42258,1881300048.828125
2011-06-20 11:11:00,1.4226,1.42263,1.42251,1.42254,1548800048.828125
2011-06-20 11:12:00,1.42254,1.42262,1.42251,1.42262,1028300018.3105469
2011-06-20 11:13:00,1.42262,1.42279,1.42258,1.42269,1428399963.3789062
2011-06-20 11:14:00,1.4227,1.42273,1.42233,1.42242,1619600067.1386719
2011-06-20 11:15:00,1.42242,1.42245,1.42229,1.42236,1530500030.5175781
2011-06-20 11:16:00,1.42237,1.42243,1.4223,1.42236,1165699996.9482422
2011-06-20 11:17:00,1.42235,1.42247,1.42233,1.42233,2542500000.0
2011-06-20 11:18:00,1.42238,1.42242,1.42208,1.4221,1583000030.5175781
2011-06-20 11:19:00,1.42209,1.42238,1.42209,1.42237,1423500061.0351562
2011-06-20 11:20:00,1.42238,1.42244,1.42209,1.42217,2304900054.9316406
2011-06-20 11:21:00,1.42216,1.42221,1.42209,1.4221,1524799957.2753906
2011-06-20 11:22:00,1.42209,1.42212,1.42187,1.4219,1256399993.8964844
2011-06-20 11:23:00,1.4219,1.42193,1.42169,1.42171,1512799987.7929688
2011-06-20 11:24:00,1.42171,1.42181,1.4214,1.42155,1901999969.4824219
2011-06-20 11:25:00,1.42159,1.42179,1.42159,1.42176,976100006.1035156
2011-06-20 11:26:00,1.42175,1.42182,1.4216,1.4218,1629799957.2753906
2011-06-20 11:27:00,1.4218,1.42183,1.4217,1.42179,1033600006.1035156
2011-06-20 11:28:00,1.42179,1.42199,1.42174,1.42199,958600006.1035156
2011-06-20 11:29:00,1.42194,1.42204,1.42164,1.42177,1445899963.3789062
2011-06-20 11:30:00,1.42175,1.42188,1.4217,1.4218,1547400054.9316406
2011-06-20 11:31:00,1.42179,1.42211,1.42179,1.42211,1141800003.0517578
2011-06-20 11:32:00,1.42211,1.42215,1.422,1.42205,1229199981.6894531
2011-06-20 11:33:00,1.42205,1.42205,1.42133,1.4214,2616700134.2773438
2011-06-20 11:34:00,1.42139,1.42174,1.42134,1.42167,1521900024.4140625
2011-06-20 11:35:00,1.42168,1.42187,1.42155,1.42155,1446900024.4140625
2011-06-20 11:36:00,1.42154,1.42173,1.42149,1.42173,1446399993.8964844
2011-06-20 11:37:00,1.42172,1.42173,1.42143,1.42143,1426900024.4140625
2011-06-20 11:38:00,1.42143,1.42146,1.42122,1.42146,1456000061.0351562
2011-06-20 11:39:00,1.42147,1.42152,1.42128,1.4214,1414700012.2070312
2011-06-20 11:40:00,1.42139,1.42154,1.42123,1.42144,1579499969.4824219
2011-06-20 11:41:00,1.42143,1.42151,1.42121,1.42123,1615000000.0
2011-06-20 11:42:00,1.42124,1.42139,1.42122,1.42136,1205599975.5859375
2011-06-20 11:43:00,1.42138,1.42153,1.42137,1.42153,1090000000.0
2011-06-20 11:44:00,1.42153,1.42187,1.42153,1.42172,1626999969.4824219
2011-06-20 11:45:00,1.42171,1.42183,1.42143,1.4215,2071699981.6894531
2011-06-20 11:46:00,1.42151,1.42166,1.42147,1.42153,1507799987.7929688
2011-06-20 11:47:00,1.42155,1.42164,1.42142,1.42164,1098799972.5341797
2011-06-20 11:48:00,1.42163,1.42182,1.42163,1.42173,1478000030.5175781
2011-06-20 11:49:00,1.42173,1.4218,1.42163,1.42164,882300033.5693359
2011-06-20 11:50:00,1.42165,1.42172,1.42145,1.42146,1463500061.0351562
2011-06-20 11:51:00,1.42145,1.42151,1.42133,1.42133,1904600067.1386719
2011-06-20 11:52:00,1.42137,1.42138,1.42127,1.42133,1150000000.0
2011-06-20 11:53:00,1.42134,1.42167,1.42134,1.42167,1044400024.4140625
2011-06-20 11:54:00,1.42165,1.42221,1.42163,1.42207,1673200073.2421875
2011-06-20 11:55:00,1.42208,1.42212,1.42199,1.42206,1030699996.9482422
2011-06-20 11:56:00,1.42206,1.42221,1.42202,1.42216,1892799987.7929688
2011-06-20 11:57:00,1.42214,1.42227,1.42209,1.42225,1094300003.0517578
2011-06-20 11:58:00,1.42225,1.42252,1.42221,1.42233,886600036.6210938
2011-06-20 11:59:00,1.42232,1.42233,1.42201,1.42224,2107299957.2753906
2011-06-20 12:00:00,1.42224,1.42233,1.42202,1.42222,2414299926.7578125
2011-06-20 12:01:00,1.42222,1.42262,1.42222,1.42261,1574900054.9316406
2011-06-20 12:02:00,1.42262,1.42265,1.42233,1.42255,1603899993.8964844
2011-06-20 12:03:00,1.42253,1.42261,1.42232,1.42255,1415000000.0
2011-06-20 12:04:00,1.42255,1.42274,1.42255,1.42272,957600021.3623047
2011-06-20 12:05:00,1.42272,1.42353,1.42263,1.42322,3300700073.2421875
2011-06-20 12:06:00,1.42321,1.42357,1.42313,1.42346,2505000000.0
2011-06-20 12:07:00,1.4235,1.42352,1.42323,1.42334,1882700042.7246094
2011-06-20 12:08:00,1.42335,1.4239,1.42335,1.42377,3458099975.5859375
2011-06-20 12:09:00,1.42377,1.42387,1.42335,1.4234,2674299926.7578125
2011-06-20 12:10:00,1.4234,1.42347,1.42308,1.42308,1353899993.8964844
2011-06-20 12:11:00,1.4231,1.42324,1.42309,1.4232,1349600067.1386719
2011-06-20 12:12:00,1.4232,1.42362,1.42311,1.42362,2203300018.310547
2011-06-20 12:13:00,1.42362,1.42396,1.42362,1.42371,1739600067.1386719
2011-06-20 12:14:00,1.42371,1.42371,1.42344,1.42349,1933899993.8964844
2011-06-20 12:15:00,1.4234,1.42362,1.42336,1.42342,2627500000.0
2011-06-20 12:16:00,1.42341,1.42341,1.4233,1.42331,1634400024.4140625
2011-06-20 12:17:00,1.4233,1.42346,1.4232,1.42343,1676000061.0351562
2011-06-20 12:18:00,1.42343,1.42353,1.42332,1.42342,1900099945.0683594
2011-06-20 12:19:00,1.42342,1.42345,1.42326,1.42331,903799972.5341797
2011-06-20 12:20:00,1.4233,1.42357,1.42312,1.42353,1974600067.1386719
2011-06-20 12:21:00,1.42354,1.42356,1.42328,1.4235,1516199951.171875
2011-06-20 12:22:00,1.42346,1.4237,1.42336,1.42364,1638699951.171875
2011-06-20 12:23:00,1.42364,1.42392,1.42364,1.4238,1545500030.5175781
2011-06-20 12:24:00,1.42382,1.42425,1.42382,1.42411,2463300018.310547
2011-06-20 12:25:00,1.42411,1.42456,1.42411,1.42451,2293500061.0351562
2011-06-20 12:26:00,1.42451,1.42479,1.42443,1.4246,2365700073.2421875
2011-06-20 12:27:00,1.42459,1.42501,1.42459,1.42483,2272400054.9316406
2011-06-20 12:28:00,1.42485,1.4249,1.42459,1.42469,1929100036.6210938
2011-06-20 12:29:00,1.42469,1.42523,1.42461,1.42521,2391900024.4140625
2011-06-20 12:30:00,1.42521,1.4263,1.42521,1.42623,4273399963.3789062
2011-06-20 12:31:00,1.42622,1.42707,1.42622,1.42671,4017399902.34375
2011-06-20 12:32:00,1.42671,1.42676,1.42641,1.42641,1875500030.5175781
2011-06-20 12:33:00,1.42638,1.42654,1.42604,1.42604,2697300109.8632812
2011-06-20 12:34:00,1.42605,1.4262,1.42595,1.42601,2485899963.3789062
2011-06-20 12:35:00,1.42601,1.4272,1.42601,1.42701,3160599975.5859375
2011-06-20 12:36:00,1.427,1.42718,1.42661,1.42681,2932999877.9296875
2011-06-20 12:37:00,1.42681,1.42697,1.42656,1.42675,2457700042.7246094
2011-06-20 12:38:00,1.42677,1.42686,1.42649,1.42663,2084700012.2070312
2011-06-20 12:39:00,1.42664,1.42665,1.42621,1.42621,1725800018.3105469
2011-06-20 12:40:00,1.42622,1.42625,1.42591,1.42612,2135299987.7929688
2011-06-20 12:41:00,1.42612,1.42658,1.42612,1.42658,2614599914.5507812
2011-06-20 12:42:00,1.4266,1.42731,1.42652,1.42731,3540400085.4492188
2011-06-20 12:43:00,1.42732,1.42743,1.4271,1.42712,3004299926.7578125
2011-06-20 12:44:00,1.42711,1.42716,1.42684,1.42701,1623099975.5859375
2011-06-20 12:45:00,1.42702,1.42727,1.42689,1.42703,1790099945.0683594
2011-06-20 12:46:00,1.427,1.42719,1.4264,1.4265,2192599945.0683594
2011-06-20 12:47:00,1.4265,1.42703,1.4265,1.42685,2713800048.828125
2011-06-20 12:48:00,1.42687,1.42687,1.4265,1.42661,2292299957.2753906
2011-06-20 12:49:00,1.42662,1.42684,1.4266,1.42669,1459400024.4140625
2011-06-20 12:50:00,1.4267,1.42682,1.4265,1.42681,1933300018.3105469
2011-06-20 12:51:00,1.42678,1.42687,1.42661,1.4267,2612500000.0
2011-06-20 12:52:00,1.4267,1.4268,1.42651,1.42663,2342100067.138672
2011-06-20 12:53:00,1.42663,1.42673,1.4264,1.42666,1729499969.4824219
2011-06-20 12:54:00,1.42667,1.42685,1.42648,1.42665,1541999969.4824219
2011-06-20 12:55:00,1.42665,1.42675,1.42649,1.42652,1950700073.2421875
2011-06-20 12:56:00,1.42651,1.42657,1.42632,1.42641,1604499969.4824219
2011-06-20 12:57:00,1.42638,1.42638,1.42599,1.42605,1857299957.2753906
2011-06-20 12:58:00,1.42604,1.42626,1.42603,1.42604,1162399978.6376953
2011-06-20 12:59:00,1.42604,1.42623,1.42601,1.42623,1033700027.4658203
2011-06-20 13:00:00,1.42628,1.42717,1.42625,1.427,2637900085.4492188
2011-06-20 13:01:00,1.42699,1.42713,1.42686,1.42705,2255800018.310547
2011-06-20 13:02:00,1.42702,1.42763,1.42701,1.42756,3178099975.5859375
2011-06-20 13:03:00,1.42759,1.42886,1.42752,1.42862,3931199951.171875
2011-06-20 13:04:00,1.42862,1.42877,1.42838,1.42844,2615299987.7929688
2011-06-20 13:05:00,1.42848,1.42848,1.42822,1.4283,2614500122.0703125
2011-06-20 13:06:00,1.42838,1.42902,1.42835,1.42888,2919700012.2070312
2011-06-20 13:07:00,1.42888,1.429,1.42866,1.42873,2994800109.8632812
2011-06-20 13:08:00,1.42871,1.42935,1.42865,1.42935,3082200012.2070312
2011-06-20 13:09:00,1.42937,1.42989,1.42937,1.42989,3406000061.0351562
2011-06-20 13:10:00,1.42991,1.43012,1.42971,1.42977,3769500122.0703125
2011-06-20 13:11:00,1.42977,1.42977,1.42942,1.42949,1763300018.3105469
2011-06-20 13:12:00,1.42949,1.43041,1.42949,1.43015,3551900024.4140625
2011-06-20 13:13:00,1.43012,1.43016,1.42966,1.42966,2418699951.171875
2011-06-20 13:14:00,1.4296,1.42969,1.4294,1.42968,2278600006.1035156
2011-06-20 13:15:00,1.4297,1.4298,1.42939,1.42946,1875200042.7246094
2011-06-20 13:16:00,1.42948,1.42951,1.42931,1.42931,1628500061.0351562
2011-06-20 13:17:00,1.42933,1.42955,1.42928,1.42952,1960299987.7929688
2011-06-20 13:18:00,1.42953,1.42958,1.4291,1.42915,2596900024.4140625
2011-06-20 13:19:00,1.42913,1.42913,1.42888,1.42907,2631199951.171875
2011-06-20 13:20:00,1.42903,1.42926,1.42895,1.42915,1929199981.6894531
2011-06-20 13:21:00,1.42915,1.42915,1.42892,1.42913,1805200042.7246094
2011-06-20 13:22:00,1.42913,1.42971,1.42909,1.42968,2330500030.517578
2011-06-20 13:23:00,1.42969,1.42998,1.42969,1.4299,1854900054.9316406
2011-06-20 13:24:00,1.42988,1.42993,1.42963,1.42966,1708200073.2421875
2011-06-20 13:25:00,1.42965,1.42971,1.42963,1.42966,922699966.4306641
2011-06-20 13:26:00,1.42963,1.42963,1.42932,1.42945,1826499938.9648438
2011-06-20 13:27:00,1.42945,1.42945,1.4293,1.4294,1022699966.4306641
2011-06-20 13:28:00,1.4294,1.42945,1.42929,1.4293,1105299987.7929688
2011-06-20 13:29:00,1.4293,1.42931,1.42915,1.42923,826100006.1035156
2011-06-20 13:30:00,1.42923,1.42946,1.42875,1.42936,3116600036.6210938
2011-06-20 13:31:00,1.42936,1.42941,1.42913,1.42941,1680899963.3789062
2011-06-20 13:32:00,1.42944,1.43022,1.42922,1.43022,2450599975.5859375
2011-06-20 13:33:00,1.43023,1.43108,1.43023,1.43097,4783200073.2421875
2011-06-20 13:34:00,1.431,1.43145,1.43098,1.43117,4362000122.0703125
2011-06-20 13:35:00,1.4312,1.43127,1.4308,1.43086,3182099914.5507812
2011-06-20 13:36:00,1.43086,1.43098,1.4302,1.43043,3592999877.9296875
2011-06-20 13:37:00,1.43041,1.43046,1.43004,1.43006,3543900146.484375
2011-06-20 13:38:00,1.43,1.43039,1.42987,1.4302,2945700073.2421875
2011-06-20 13:39:00,1.4302,1.43027,1.43002,1.43022,2666600036.6210938
2011-06-20 13:40:00,1.43022,1.43091,1.43013,1.43086,3121900024.4140625
2011-06-20 13:41:00,1.43087,1.43156,1.43083,1.43154,4526300048.828125
2011-06-20 13:42:00,1.43155,1.43178,1.43145,1.43168,3502399902.34375
2011-06-20 13:43:00,1.43174,1.43192,1.43158,1.43168,2621300048.828125
2011-06-20 13:44:00,1.43168,1.43217,1.43168,1.43175,3488099975.5859375
2011-06-20 13:45:00,1.43174,1.43181,1.43152,1.43163,3160899963.3789062
2011-06-20 13:46:00,1.43161,1.43164,1.43118,1.43129,2947000122.0703125
2011-06-20 13:47:00,1.43124,1.43189,1.4312,1.43183,2894700012.2070312
2011-06-20 13:48:00,1.43185,1.43189,1.43168,1.43174,2509900054.9316406
2011-06-20 13:49:00,1.43176,1.43184,1.43156,1.43159,1782400054.9316406
2011-06-20 13:50:00,1.43161,1.43228,1.43161,1.43206,3420000000.0
2011-06-20 13:51:00,1.43206,1.43215,1.43169,1.43205,2937500000.0
2011-06-20 13:52:00,1.43205,1.43209,1.4319,1.43205,3097699890.1367188
2011-06-20 13:53:00,1.43206,1.43223,1.43186,1.43187,2403699951.171875
2011-06-20 13:54:00,1.43187,1.43189,1.4316,1.43171,2783599853.515625
2011-06-20 13:55:00,1.43167,1.43221,1.43162,1.43217,3176600036.6210938
2011-06-20 13:56:00,1.43216,1.43216,1.4318,1.43183,2247500000.0
2011-06-20 13:57:00,1.43187,1.43194,1.43165,1.43167,2299499969.482422
2011-06-20 13:58:00,1.43166,1.43173,1.43147,1.43161,1971499938.9648438
2011-06-20 13:59:00,1.4316,1.43166,1.43141,1.43161,2377799987.7929688
2011-06-20 14:00:00,1.43161,1.43212,1.43161,1.43168,2543300018.310547
2011-06-20 14:01:00,1.43162,1.43192,1.43157,1.43157,2893299865.7226562
2011-06-20 14:02:00,1.43157,1.43171,1.43135,1.43135,2949100036.6210938
2011-06-20 14:03:00,1.43131,1.43147,1.43109,1.43126,2945599975.5859375
2011-06-20 14:04:00,1.43125,1.43126,1.43059,1.43066,3274700012.2070312
2011-06-20 14:05:00,1.43066,1.43069,1.43029,1.43068,2999100036.6210938
2011-06-20 14:06:00,1.43069,1.43092,1.4306,1.43086,2203200073.2421875
2011-06-20 14:07:00,1.43085,1.43085,1.43036,1.43047,2866300048.828125
2011-06-20 14:08:00,1.43047,1.43071,1.43031,1.43031,3229899902.34375
2011-06-20 14:09:00,1.4303,1.4303,1.42999,1.43007,2647799987.7929688
2011-06-20 14:10:00,1.43008,1.43022,1.42984,1.43014,2085700073.2421875
2011-06-20 14:11:00,1.43014,1.43045,1.43008,1.43045,2028399963.3789062
2011-06-20 14:12:00,1.43045,1.43059,1.42996,1.43007,2155899963.3789062
2011-06-20 14:13:00,1.43007,1.43022,1.42969,1.42969,2521199951.171875
2011-06-20 14:14:00,1.42968,1.42991,1.4296,1.42991,2722200012.2070312
2011-06-20 14:15:00,1.42991,1.42991,1.42945,1.42946,2862900085.4492188
2011-06-20 14:16:00,1.42949,1.42973,1.42943,1.42951,2698800048.828125
2011-06-20 14:17:00,1.42951,1.42962,1.42942,1.42948,1711100006.1035156
2011-06-20 14:18:00,1.42949,1.43001,1.42937,1.42998,2464499969.482422
2011-06-20 14:19:00,1.42998,1.43032,1.42998,1.43024,2273999938.9648438
2011-06-20 14:20:00,1.43024,1.43066,1.43013,1.43052,2855400085.4492188
2011-06-20 14:21:00,1.43051,1.43058,1.43022,1.43047,2575899963.3789062
2011-06-20 14:22:00,1.43046,1.43068,1.43027,1.43031,2638500061.0351562
2011-06-20 14:23:00,1.43031,1.43052,1.43021,1.43031,1353099975.5859375
2011-06-20 14:24:00,1.4303,1.43049,1.43002,1.43013,2572900085.4492188
2011-06-20 14:25:00,1.43015,1.43037,1.42997,1.43029,2550299987.7929688
2011-06-20 14:26:00,1.43029,1.43057,1.4301,1.43039,2966700134.2773438
2011-06-20 14:27:00,1.43039,1.4305,1.43018,1.43019,2412200012.2070312
2011-06-20 14:28:00,1.43019,1.43058,1.4301,1.43058,1860299987.7929688
2011-06-20 14:29:00,1.43059,1.43102,1.43057,1.43086,2735599975.5859375
2011-06-20 14:30:00,1.43086,1.43122,1.43067,1.4309,2688800048.828125
2011-06-20 14:31:00,1.4309,1.43102,1.43071,1.43091,2012799987.7929688
2011-06-20 14:32:00,1.43091,1.43113,1.43082,1.43083,2093699951.171875
2011-06-20 14:33:00,1.43083,1.43084,1.43018,1.43053,2886000061.0351562
2011-06-20 14:34:00,1.43055,1.4308,1.4305,1.4308,1916999969.4824219
2011-06-20 14:35:00,1.4308,1.43181,1.4308,1.43143,3133399963.3789062
2011-06-20 14:36:00,1.43143,1.43147,1.43112,1.43116,1895700073.2421875
2011-06-20 14:37:00,1.43118,1.43133,1.43109,1.43125,2098300018.3105469
2011-06-20 14:38:00,1.43124,1.43149,1.4312,1.43121,2040500030.5175781
2011-06-20 14:39:00,1.43119,1.4314,1.43119,1.43121,1754400024.4140625
2011-06-20 14:40:00,1.4312,1.43155,1.43112,1.43152,2501999969.482422
2011-06-20 14:41:00,1.43153,1.43234,1.43153,1.43203,2697300109.8632812
2011-06-20 14:42:00,1.43203,1.43207,1.43173,1.43191,2396100006.1035156
2011-06-20 14:43:00,1.43189,1.43248,1.43187,1.4324,2253200073.2421875
2011-06-20 14:44:00,1.4324,1.43251,1.43201,1.43201,2102299957.2753906
2011-06-20 14:45:00,1.43201,1.43223,1.43188,1.43223,2046300048.828125
2011-06-20 14:46:00,1.43223,1.43244,1.43205,1.43233,2366199951.171875
2011-06-20 14:47:00,1.43231,1.4327,1.4321,1.43264,2530700073.2421875
2011-06-20 14:48:00,1.43263,1.43265,1.43228,1.43241,2387500000.0
2011-06-20 14:49:00,1.4324,1.4324,1.43202,1.43218,2094499969.4824219
2011-06-20 14:50:00,1.4322,1.43229,1.43165,1.43171,2426900024.4140625
2011-06-20 14:51:00,1.4317,1.43179,1.4313,1.4313,1807200012.2070312
2011-06-20 14:52:00,1.4313,1.43144,1.4312,1.43129,1591699981.6894531
2011-06-20 14:53:00,1.43129,1.43164,1.4312,1.4312,2191699981.689453
2011-06-20 14:54:00,1.43117,1.43143,1.43109,1.43133,3370299987.7929688
2011-06-20 14:55:00,1.43133,1.4314,1.43101,1.4312,2542599945.0683594
2011-06-20 14:56:00,1.43118,1.43141,1.43107,1.43135,2543000030.517578
2011-06-20 14:57:00,1.43135,1.43142,1.43124,1.43132,1844600067.1386719
2011-06-20 14:58:00,1.43132,1.43132,1.43074,1.43076,2768999938.9648438
2011-06-20 14:59:00,1.43083,1.43124,1.43083,1.43122,2315599975.5859375
2011-06-20 15:00:00,1.43124,1.43125,1.43103,1.43108,1555299987.7929688
2011-06-20 15:01:00,1.43109,1.43128,1.43107,1.43125,2494799957.2753906
2011-06-20 15:02:00,1.43124,1.43132,1.43118,1.43118,1002200012.2070312
2011-06-20 15:03:00,1.43117,1.4312,1.43089,1.43092,1839400024.4140625
2011-06-20 15:04:00,1.43092,1.43094,1.4305,1.43084,3241700134.2773438
2011-06-20 15:05:00,1.43085,1.4315,1.43083,1.43133,2192200012.2070312
2011-06-20 15:06:00,1.43139,1.43147,1.43133,1.43144,2102500000.0
2011-06-20 15:07:00,1.43147,1.43157,1.43143,1.43145,1692899932.8613281
2011-06-20 15:08:00,1.43145,1.43146,1.43085,1.43085,1722200012.2070312
2011-06-20 15:09:00,1.43085,1.43086,1.4306,1.43063,2207500000.0
2011-06-20 15:10:00,1.43063,1.43063,1.43033,1.43047,2126399993.8964844
2011-06-20 15:11:00,1.43048,1.43074,1.43025,1.43073,2194700012.2070312
2011-06-20 15:12:00,1.43074,1.43092,1.43039,1.43057,2019700012.2070312
2011-06-20 15:13:00,1.43057,1.43063,1.43035,1.43041,2803099975.5859375
2011-06-20 15:14:00,1.4304,1.43046,1.43022,1.43038,2271699981.689453
2011-06-20 15:15:00,1.43038,1.43038,1.43018,1.43022,1759499969.4824219
2011-06-20 15:16:00,1.43021,1.43033,1.4301,1.43025,1722700042.7246094
2011-06-20 15:17:00,1.43025,1.43053,1.43024,1.43038,1626399993.8964844
2011-06-20 15:18:00,1.43038,1.43057,1.43031,1.43053,1308099975.5859375
2011-06-20 15:19:00,1.43053,1.43057,1.43038,1.43047,1924199981.6894531
2011-06-20 15:20:00,1.43045,1.43094,1.43045,1.43094,1656900024.4140625
2011-06-20 15:21:00,1.43094,1.43145,1.43084,1.43143,2350099945.0683594
2011-06-20 15:22:00,1.43142,1.43142,1.43109,1.43114,1797799987.7929688
2011-06-20 15:23:00,1.43116,1.43127,1.43102,1.43113,2050599975.5859375
2011-06-20 15:24:00,1.43108,1.43175,1.43095,1.43172,2675799865.7226562
2011-06-20 15:25:00,1.43172,1.43194,1.43162,1.43183,2936600036.6210938
2011-06-20 15:26:00,1.43183,1.43186,1.43171,1.43178,1344600067.1386719
2011-06-20 15:27:00,1.43177,1.43185,1.43163,1.43185,1920899963.3789062
2011-06-20 15:28:00,1.43188,1.43196,1.43168,1.43182,1978399963.3789062
2011-06-20 15:29:00,1.4318,1.43207,1.43171,1.43204,1721100006.1035156
2011-06-20 15:30:00,1.43203,1.43263,1.43181,1.43243,2519199981.689453
2011-06-20 15:31:00,1.43242,1.43242,1.43199,1.43221,2638200073.2421875
2011-06-20 15:32:00,1.43223,1.43224,1.4316,1.4316,2656900024.4140625
2011-06-20 15:33:00,1.43161,1.43184,1.43158,1.43163,2370599975.5859375
2011-06-20 15:34:00,1.43163,1.43164,1.43107,1.43146,2507500000.0
2011-06-20 15:35:00,1.43145,1.43147,1.43121,1.43122,1016800003.0517578
2011-06-20 15:36:00,1.43124,1.43127,1.43108,1.43112,1375500030.5175781
2011-06-20 15:37:00,1.43112,1.43133,1.43112,1.43127,1044899978.6376953
2011-06-20 15:38:00,1.43127,1.43128,1.43094,1.43114,1581100006.1035156
2011-06-20 15:39:00,1.43114,1.43124,1.43103,1.43123,1088199996.9482422
2011-06-20 15:40:00,1.43123,1.43141,1.43114,1.43131,1698899993.8964844
2011-06-20 15:41:00,1.43131,1.43151,1.43131,1.43151,973899993.8964844
2011-06-20 15:42:00,1.43151,1.43183,1.43133,1.43134,1942400054.9316406
2011-06-20 15:43:00,1.43137,1.43147,1.43133,1.43144,980800018.3105469
2011-06-20 15:44:00,1.43144,1.43173,1.43143,1.43173,607900009.1552734
2011-06-20 15:45:00,1.43174,1.43196,1.43174,1.43196,2215099945.0683594
2011-06-20 15:46:00,1.43195,1.43206,1.43167,1.43167,1263799972.5341797
2011-06-20 15:47:00,1.4317,1.43185,1.43163,1.43166,1903600006.1035156
2011-06-20 15:48:00,1.43166,1.43236,1.43163,1.43236,2081799926.7578125
2011-06-20 15:49:00,1.43235,1.43241,1.43196,1.43197,1883899993.8964844
2011-06-20 15:50:00,1.43197,1.43209,1.43144,1.43145,2434900054.9316406
2011-06-20 15:51:00,1.43147,1.43184,1.43138,1.43175,1610700073.2421875
2011-06-20 15:52:00,1.43176,1.43178,1.43155,1.43168,1004800033.5693359
2011-06-20 15:53:00,1.43172,1.43188,1.43162,1.43163,1741300048.828125
2011-06-20 15:54:00,1.43164,1.43171,1.43154,1.43165,1308300018.3105469
2011-06-20 15:55:00,1.43161,1.43198,1.43161,1.43191,1789499969.4824219
2011-06-20 15:56:00,1.43191,1.43191,1.43167,1.43167,1576600036.6210938
2011-06-20 15:57:00,1.43166,1.43178,1.43134,1.43139,2131000061.0351562
2011-06-20 15:58:00,1.43139,1.43172,1.43135,1.43172,1553200073.2421875
2011-06-20 15:59:00,1.43173,1.43202,1.43173,1.43189,1850899963.3789062
2011-06-20 16:00:00,1.43189,1.43192,1.43176,1.4319,1221100006.1035156
2011-06-20 16:01:00,1.43189,1.43199,1.43184,1.43184,1583000030.5175781
2011-06-20 16:02:00,1.43184,1.43196,1.43174,1.43177,990800018.3105469
2011-06-20 16:03:00,1.43176,1.43182,1.4313,1.43142,1764400024.4140625
2011-06-20 16:04:00,1.43143,1.43156,1.4313,1.43136,1810099945.0683594
2011-06-20 16:05:00,1.43136,1.43156,1.43133,1.43147,1570599975.5859375
2011-06-20 16:06:00,1.43146,1.43148,1.43115,1.43117,1302700042.7246094
2011-06-20 16:07:00,1.43116,1.43146,1.43116,1.43135,661299972.5341797
2011-06-20 16:08:00,1.43134,1.43134,1.43104,1.43104,1095899963.3789062
2011-06-20 16:09:00,1.43105,1.43114,1.43053,1.43057,1345800018.3105469
2011-06-20 16:10:00,1.43057,1.43068,1.43045,1.43045,1319499969.4824219
2011-06-20 16:11:00,1.43043,1.43056,1.43039,1.43046,1209800033.569336
2011-06-20 16:12:00,1.43046,1.43073,1.43038,1.43043,2161799926.7578125
2011-06-20 16:13:00,1.43042,1.43059,1.43036,1.43043,1570200042.7246094
2011-06-20 16:14:00,1.43042,1.43047,1.43033,1.43036,723099975.5859375
2011-06-20 16:15:00,1.43035,1.43037,1.43006,1.43018,2188200073.2421875
2011-06-20 16:16:00,1.43018,1.43074,1.43018,1.43055,1824199981.6894531
2011-06-20 16:17:00,1.43055,1.43066,1.43044,1.43066,818000030.5175781
2011-06-20 16:18:00,1.43066,1.43086,1.43065,1.43065,1348999938.9648438
2011-06-20 16:19:00,1.43066,1.431,1.43066,1.43077,1611399993.8964844
2011-06-20 16:20:00,1.43078,1.4308,1.43036,1.43079,1745200042.7246094
2011-06-20 16:21:00,1.43079,1.43079,1.43047,1.43048,1024800033.5693359
2011-06-20 16:22:00,1.43047,1.43057,1.43025,1.43051,1709499969.4824219
2011-06-20 16:23:00,1.43052,1.43071,1.43052,1.43068,1178300018.3105469
2011-06-20 16:24:00,1.43066,1.43099,1.43064,1.43099,1233899993.8964844
2011-06-20 16:25:00,1.431,1.43144,1.431,1.43138,1440800018.3105469
2011-06-20 16:26:00,1.43146,1.43156,1.43128,1.43129,1261200027.4658203
2011-06-20 16:27:00,1.43129,1.43132,1.43113,1.43115,837099990.8447266
2011-06-20 16:28:00,1.43114,1.43119,1.43082,1.43119,1809400024.4140625
2011-06-20 16:29:00,1.43118,1.43118,1.43095,1.43108,1311399993.8964844
2011-06-20 16:30:00,1.43108,1.43113,1.43084,1.43085,719400024.4140625
2011-06-20 16:31:00,1.43085,1.43097,1.43083,1.43094,1189000015.258789
2011-06-20 16:32:00,1.43096,1.43119,1.43096,1.43114,1240999984.741211
2011-06-20 16:33:00,1.43116,1.43126,1.43104,1.43124,1784199981.6894531
2011-06-20 16:34:00,1.43125,1.43125,1.43099,1.43106,1360599975.5859375
2011-06-20 16:35:00,1.43107,1.43118,1.43093,1.43095,1101900024.4140625
2011-06-20 16:36:00,1.43095,1.43096,1.43057,1.43079,1762400054.9316406
2011-06-20 16:37:00,1.43075,1.43106,1.43059,1.43075,2134799957.2753906
2011-06-20 16:38:00,1.43075,1.431,1.43073,1.43091,1355599975.5859375
2011-06-20 16:39:00,1.43089,1.4309,1.43075,1.43082,1939100036.6210938
2011-06-20 16:40:00,1.43075,1.43107,1.43072,1.43094,1558699951.171875
2011-06-20 16:41:00,1.43095,1.43109,1.43091,1.431,1697599945.0683594
2011-06-20 16:42:00,1.431,1.43116,1.431,1.43108,1071200027.4658203
2011-06-20 16:43:00,1.43106,1.43108,1.43083,1.4309,985999984.7412109
2011-06-20 16:44:00,1.43091,1.431,1.43089,1.43098,639799995.4223633
2011-06-20 16:45:00,1.43099,1.43168,1.43099,1.43158,2332700042.7246094
2011-06-20 16:46:00,1.43158,1.4316,1.4315,1.43157,1311300048.828125
2011-06-20 16:47:00,1.43157,1.43204,1.43153,1.43201,1701300048.828125
2011-06-20 16:48:00,1.43195,1.43196,1.43169,1.4317,2102599945.0683594
2011-06-20 16:49:00,1.43168,1.4317,1.43157,1.43158,1275000000.0
2011-06-20 16:50:00,1.4316,1.43178,1.43159,1.43159,1027699966.4306641
2011-06-20 16:51:00,1.43159,1.43161,1.43134,1.43139,873899993.8964844
2011-06-20 16:52:00,1.43139,1.43139,1.43103,1.43115,1812400054.9316406
2011-06-20 16:53:00,1.43114,1.43117,1.43079,1.43087,1313800048.828125
2011-06-20 16:54:00,1.43089,1.43099,1.4308,1.43099,955899963.3789062
2011-06-20 16:55:00,1.431,1.431,1.4308,1.43098,1391399993.8964844
2011-06-20 16:56:00,1.43099,1.43105,1.43093,1.43099,1396100006.1035156
2011-06-20 16:57:00,1.431,1.43105,1.4307,1.4307,1174100036.6210938
2011-06-20 16:58:00,1.4307,1.4307,1.43028,1.43047,2322200012.2070312
2011-06-20 16:59:00,1.4305,1.43056,1.43019,1.43035,1522899932.8613281
2011-06-20 17:00:00,1.43033,1.43039,1.43021,1.4303,1480500030.5175781
2011-06-20 17:01:00,1.4303,1.43049,1.43027,1.43045,1276900024.4140625
2011-06-20 17:02:00,1.43045,1.43049,1.43025,1.43047,1281000061.0351562
2011-06-20 17:03:00,1.43048,1.43054,1.4302,1.43039,1993500061.0351562
2011-06-20 17:04:00,1.43039,1.43039,1.43015,1.43017,1728500061.0351562
2011-06-20 17:05:00,1.43017,1.43017,1.42965,1.42973,2372200012.2070312
2011-06-20 17:06:00,1.42973,1.42989,1.42972,1.42989,750000000.0
2011-06-20 17:07:00,1.4299,1.43002,1.42979,1.4299,1211299972.5341797
2011-06-20 17:08:00,1.4299,1.43006,1.4299,1.43001,1300500030.5175781
2011-06-20 17:09:00,1.43001,1.43061,1.43001,1.43059,1300899963.3789062
2011-06-20 17:10:00,1.43057,1.43059,1.43045,1.43058,1666499938.9648438
2011-06-20 17:11:00,1.43053,1.43058,1.43016,1.43026,2331100006.1035156
2011-06-20 17:12:00,1.43021,1.43021,1.42974,1.42982,1579600067.1386719
2011-06-20 17:13:00,1.42982,1.43011,1.42982,1.4301,1387500000.0
2011-06-20 17:14:00,1.43009,1.43009,1.42989,1.42991,1410099945.0683594
2011-06-20 17:15:00,1.42991,1.43002,1.42981,1.42983,1435000000.0
2011-06-20 17:16:00,1.42984,1.43041,1.42984,1.43021,1735599975.5859375
2011-06-20 17:17:00,1.43017,1.43018,1.42995,1.42995,1138499984.741211
2011-06-20 17:18:00,1.42995,1.4302,1.42992,1.4302,1456300048.828125
2011-06-20 17:19:00,1.43022,1.43047,1.43022,1.43039,1127300033.569336
2011-06-20 17:20:00,1.43039,1.43039,1.43012,1.43036,1425899963.3789062
2011-06-20 17:21:00,1.43036,1.43036,1.43016,1.43018,776299972.5341797
2011-06-20 17:22:00,1.4302,1.43057,1.4302,1.43048,1149000015.258789
2011-06-20 17:23:00,1.43048,1.4306,1.43036,1.43056,1235999984.741211
2011-06-20 17:24:00,1.43056,1.43092,1.43052,1.43082,1265999984.741211
2011-06-20 17:25:00,1.43081,1.43106,1.43071,1.43101,3079599914.5507812
2011-06-20 17:26:00,1.43101,1.4313,1.43101,1.43125,2342299957.2753906
2011-06-20 17:27:00,1.43126,1.43127,1.43106,1.43121,1441499938.9648438
2011-06-20 17:28:00,1.43121,1.4313,1.43119,1.43129,717399978.6376953
2011-06-20 17:29:00,1.43129,1.43158,1.43107,1.43115,1732599945.0683594
2011-06-20 17:30:00,1.43115,1.43134,1.43113,1.43128,1454299926.7578125
2011-06-20 17:31:00,1.43131,1.43133,1.43107,1.43109,961500015.2587891
2011-06-20 17:32:00,1.43109,1.43111,1.431,1.43109,823499984.7412109
2011-06-20 17:33:00,1.43109,1.43132,1.431,1.43132,1068000030.5175781
2011-06-20 17:34:00,1.43133,1.43151,1.43133,1.43151,935299987.7929688
2011-06-20 17:35:00,1.43151,1.43151,1.43145,1.43147,810699996.9482422
2011-06-20 17:36:00,1.43147,1.43177,1.43147,1.43167,1224800033.569336
2011-06-20 17:37:00,1.43166,1.43167,1.43147,1.43148,863499984.7412109
2011-06-20 17:38:00,1.43148,1.43148,1.43134,1.43134,362900009.15527344
2011-06-20 17:39:00,1.43135,1.43139,1.43107,1.43108,1029199981.6894531
2011-06-20 17:40:00,1.43108,1.43133,1.43107,1.43124,697500000.0
2011-06-20 17:41:00,1.43123,1.4313,1.43111,1.43116,1063600006.1035156
2011-06-20 17:42:00,1.43119,1.43126,1.43097,1.43108,1240199966.430664
2011-06-20 17:43:00,1.43108,1.43117,1.43107,1.43109,1066900024.4140625
2011-06-20 17:44:00,1.43111,1.43111,1.43073,1.43073,1300099945.0683594
2011-06-20 17:45:00,1.43076,1.43089,1.43064,1.4307,1804600067.1386719
2011-06-20 17:46:00,1.43071,1.43086,1.43067,1.4308,1395399932.8613281
2011-06-20 17:47:00,1.43079,1.43091,1.43069,1.43078,1761399993.8964844
2011-06-20 17:48:00,1.43076,1.43079,1.43054,1.43079,2106900024.4140625
2011-06-20 17:49:00,1.43081,1.43085,1.43069,1.43077,2045700073.2421875
2011-06-20 17:50:00,1.4308,1.43105,1.4308,1.43089,2138200073.2421875
2011-06-20 17:51:00,1.4309,1.4309,1.43079,1.43083,1128000030.5175781
2011-06-20 17:52:00,1.43082,1.43093,1.43076,1.43091,1241399993.8964844
2011-06-20 17:53:00,1.43093,1.43094,1.43071,1.43077,1147900009.1552734
2011-06-20 17:54:00,1.4308,1.43088,1.43072,1.43072,1312500000.0
2011-06-20 17:55:00,1.43076,1.43099,1.43069,1.43077,1153499984.741211
2011-06-20 17:56:00,1.43073,1.43092,1.43072,1.43088,1151299972.5341797
2011-06-20 17:57:00,1.43087,1.43088,1.43076,1.43077,1522200012.2070312
2011-06-20 17:58:00,1.43076,1.431,1.43076,1.43085,975000000.0
2011-06-20 17:59:00,1.43085,1.43099,1.43085,1.43099,1472700042.7246094
2011-06-20 18:00:00,1.43098,1.43117,1.43098,1.43111,1413000030.5175781
2011-06-20 18:01:00,1.43111,1.43139,1.43087,1.43087,1614799957.2753906
2011-06-20 18:02:00,1.43087,1.43091,1.43085,1.43087,1220400009.1552734
2011-06-20 18:03:00,1.43086,1.43108,1.43086,1.43097,1377400054.9316406
2011-06-20 18:04:00,1.43097,1.43098,1.43061,1.43065,1293699951.171875
2011-06-20 18:05:00,1.43065,1.43073,1.43055,1.43068,1553699951.171875
2011-06-20 18:06:00,1.43068,1.43085,1.43065,1.43082,1682400054.9316406
2011-06-20 18:07:00,1.43081,1.43081,1.43064,1.43078,1406300048.828125
2011-06-20 18:08:00,1.43079,1.43101,1.43075,1.43101,971299972.5341797
2011-06-20 18:09:00,1.431,1.43147,1.431,1.43118,2007799987.7929688
2011-06-20 18:10:00,1.43118,1.43118,1.43101,1.43102,1147500000.0
2011-06-20 18:11:00,1.43101,1.43101,1.43097,1.43098,660100021.3623047
2011-06-20 18:12:00,1.43098,1.43098,1.43079,1.43087,1260500030.5175781
2011-06-20 18:13:00,1.43087,1.43105,1.43087,1.43105,763499984.7412109
2011-06-20 18:14:00,1.43107,1.43125,1.43107,1.43115,1177500000.0
2011-06-20 18:15:00,1.43114,1.43126,1.43101,1.43109,2077500000.0
2011-06-20 18:16:00,1.43109,1.43118,1.43107,1.43109,969800033.5693359
2011-06-20 18:17:00,1.43106,1.43109,1.43099,1.43102,1229300003.0517578
2011-06-20 18:18:00,1.43102,1.43118,1.43099,1.43115,918799972.5341797
2011-06-20 18:19:00,1.43114,1.43116,1.43092,1.43095,798399963.3789062
2011-06-20 18:20:00,1.43095,1.43095,1.43077,1.43077,880500030.5175781
2011-06-20 18:21:00,1.43076,1.43076,1.4305,1.43059,1097300033.569336
2011-06-20 18:22:00,1.43058,1.43067,1.43037,1.43038,1720500030.5175781
2011-06-20 18:23:00,1.43038,1.43038,1.42975,1.42975,2655799865.7226562
2011-06-20 18:24:00,1.42976,1.43021,1.42976,1.43021,1600899963.3789062
2011-06-20 18:25:00,1.43021,1.43032,1.43013,1.43015,1282200012.2070312
2011-06-20 18:26:00,1.43014,1.43037,1.43013,1.43032,801100006.1035156
2011-06-20 18:27:00,1.43032,1.43055,1.43032,1.4304,1848399963.3789062
2011-06-20 18:28:00,1.4304,1.4304,1.43009,1.43026,2112400054.9316406
2011-06-20 18:29:00,1.43026,1.43045,1.43026,1.43043,1113099975.5859375
2011-06-20 18:30:00,1.43042,1.4305,1.4303,1.4305,1333600006.1035156
2011-06-20 18:31:00,1.43051,1.43074,1.43045,1.4305,2202599945.0683594
2011-06-20 18:32:00,1.43057,1.43061,1.43048,1.43054,821999969.4824219
2011-06-20 18:33:00,1.43056,1.43072,1.43056,1.43071,570000000.0
2011-06-20 18:34:00,1.43071,1.43104,1.4307,1.43104,1308399963.3789062
2011-06-20 18:35:00,1.43105,1.43171,1.43105,1.43147,2531799926.7578125
2011-06-20 18:36:00,1.43148,1.43148,1.43095,1.43097,1556999969.4824219
2011-06-20 18:37:00,1.43097,1.43109,1.43097,1.431,808499984.7412109
2011-06-20 18:38:00,1.431,1.43101,1.4309,1.43098,675000000.0
2011-06-20 18:39:00,1.43095,1.43098,1.43091,1.43091,713600006.1035156
2011-06-20 18:40:00,1.43092,1.43093,1.43074,1.43078,1121999969.4824219
2011-06-20 18:41:00,1.43079,1.43115,1.43079,1.43113,1397500000.0
2011-06-20 18:42:00,1.43114,1.43119,1.43109,1.43109,780000000.0
2011-06-20 18:43:00,1.4311,1.43131,1.4311,1.43125,986999969.4824219
2011-06-20 18:44:00,1.43125,1.4313,1.43118,1.43119,898499984.7412109
2011-06-20 18:45:00,1.43118,1.43126,1.43114,1.43116,1326399993.8964844
2011-06-20 18:46:00,1.43115,1.4315,1.43115,1.43147,1137799987.7929688
2011-06-20 18:47:00,1.43148,1.43154,1.43129,1.4315,1720800018.3105469
2011-06-20 18:48:00,1.43151,1.43151,1.43111,1.43128,1264499969.4824219
2011-06-20 18:49:00,1.43127,1.43134,1.43112,1.43112,1053000030.5175781
2011-06-20 18:50:00,1.43112,1.43133,1.43112,1.43129,699800033.5693359
2011-06-20 18:51:00,1.43129,1.43129,1.43086,1.43088,1298300018.3105469
2011-06-20 18:52:00,1.43087,1.43088,1.4306,1.43077,1627500000.0
2011-06-20 18:53:00,1.43077,1.43091,1.4307,1.4308,1045500030.5175781
2011-06-20 18:54:00,1.43082,1.43092,1.43076,1.43092,994499969.4824219
2011-06-20 18:55:00,1.43091,1.43108,1.43085,1.43097,1575000000.0
2011-06-20 18:56:00,1.43097,1.43098,1.43071,1.43071,635999984.7412109
2011-06-20 18:57:00,1.43072,1.43093,1.43071,1.43073,991999969.4824219
2011-06-20 18:58:00,1.43073,1.43082,1.43069,1.43072,1433699951.171875
2011-06-20 18:59:00,1.43071,1.43071,1.43047,1.43069,1767899932.8613281
2011-06-20 19:00:00,1.43068,1.43071,1.43042,1.43051,853499984.7412109
2011-06-20 19:01:00,1.43051,1.43052,1.43041,1.4305,889499969.4824219
2011-06-20 19:02:00,1.43049,1.4305,1.43031,1.43033,1092099990.8447266
2011-06-20 19:03:00,1.43033,1.43033,1.43001,1.43019,1692400054.9316406
2011-06-20 19:04:00,1.43017,1.43023,1.42998,1.43007,1404100036.6210938
2011-06-20 19:05:00,1.43007,1.43035,1.43006,1.4303,874199981.6894531
2011-06-20 19:06:00,1.43031,1.43039,1.43021,1.43021,843399963.3789062
2011-06-20 19:07:00,1.43021,1.43032,1.43019,1.43025,1046299972.5341797
2011-06-20 19:08:00,1.43025,1.43025,1.42991,1.42991,1435700073.2421875
2011-06-20 19:09:00,1.42991,1.42995,1.42981,1.42985,994499969.4824219
2011-06-20 19:10:00,1.42986,1.43009,1.4298,1.42999,1540500030.5175781
2011-06-20 19:11:00,1.42999,1.43005,1.42981,1.42983,2042299957.2753906
2011-06-20 19:12:00,1.42981,1.42989,1.42971,1.42971,2372400054.9316406
2011-06-20 19:13:00,1.42971,1.42976,1.42968,1.42972,1333899993.8964844
2011-06-20 19:14:00,1.42972,1.42974,1.42934,1.42941,1490899963.3789062
2011-06-20 19:15:00,1.4294,1.42973,1.42934,1.42973,1341300048.828125
2011-06-20 19:16:00,1.42977,1.42982,1.4296,1.42979,1504499969.4824219
2011-06-20 19:17:00,1.42979,1.42979,1.42936,1.42943,1993600006.1035156
2011-06-20 19:18:00,1.42944,1.4296,1.42942,1.42949,1066600036.6210938
2011-06-20 19:19:00,1.4295,1.42953,1.42935,1.42935,1266999969.4824219
2011-06-20 19:20:00,1.4293,1.42947,1.42915,1.42923,1633800048.828125
2011-06-20 19:21:00,1.42921,1.42923,1.42904,1.42918,978000030.5175781
2011-06-20 19:22:00,1.42917,1.42945,1.42917,1.42943,1133600006.1035156
2011-06-20 19:23:00,1.42943,1.42973,1.4294,1.42972,1282500000.0
2011-06-20 19:24:00,1.42972,1.42981,1.42969,1.4297,931500015.2587891
2011-06-20 19:25:00,1.4297,1.42972,1.4296,1.42966,864800033.5693359
2011-06-20 19:26:00,1.42964,1.42981,1.42964,1.42975,789000015.2587891
2011-06-20 19:27:00,1.42976,1.42981,1.4297,1.42975,1286300048.828125
2011-06-20 19:28:00,1.42978,1.42991,1.42978,1.42981,1421300048.828125
2011-06-20 19:29:00,1.42981,1.42984,1.42962,1.42965,1314799957.2753906
2011-06-20 19:30:00,1.42965,1.42978,1.4296,1.42966,848399963.3789062
2011-06-20 19:31:00,1.42969,1.42988,1.42966,1.42982,1360500030.5175781
2011-06-20 19:32:00,1.42982,1.42997,1.42978,1.42979,1256399993.8964844
2011-06-20 19:33:00,1.42979,1.43005,1.42975,1.43003,1884100036.6210938
2011-06-20 19:34:00,1.43001,1.4302,1.42999,1.4302,1446399993.8964844
2011-06-20 19:35:00,1.4302,1.43037,1.43018,1.43035,1742100067.1386719
2011-06-20 19:36:00,1.43035,1.43036,1.4301,1.43029,986399993.8964844
2011-06-20 19:37:00,1.43029,1.43029,1.43014,1.43016,1757299957.2753906
2011-06-20 19:38:00,1.43017,1.43017,1.42989,1.42998,1032300033.5693359
2011-06-20 19:39:00,1.42998,1.43037,1.42998,1.43018,1228600006.1035156
2011-06-20 19:40:00,1.43018,1.43022,1.43007,1.43021,1654900054.9316406
2011-06-20 19:41:00,1.43021,1.43029,1.43014,1.43027,1271299972.5341797
2011-06-20 19:42:00,1.43028,1.43028,1.43009,1.43017,1659799957.2753906
2011-06-20 19:43:00,1.43017,1.43019,1.43009,1.4301,949499969.4824219
2011-06-20 19:44:00,1.4301,1.43019,1.42996,1.42996,1147500000.0
2011-06-20 19:45:00,1.42996,1.43006,1.42965,1.43006,1862400054.9316406
2011-06-20 19:46:00,1.43007,1.43014,1.42988,1.43004,1625599975.5859375
2011-06-20 19:47:00,1.43004,1.43013,1.42989,1.42989,584300003.0517578
2011-06-20 19:48:00,1.42991,1.43001,1.42981,1.42985,1688999938.9648438
2011-06-20 19:49:00,1.42984,1.43,1.42982,1.42988,1508999938.9648438
2011-06-20 19:50:00,1.42988,1.42991,1.4298,1.42989,820500030.5175781
2011-06-20 19:51:00,1.42989,1.4299,1.42969,1.4297,970899963.3789062
2011-06-20 19:52:00,1.4297,1.42986,1.4297,1.42986,1018899993.8964844
2011-06-20 19:53:00,1.42988,1.43009,1.42988,1.42994,1423500061.0351562
2011-06-20 19:54:00,1.42994,1.43,1.42986,1.42997,1179800033.569336
2011-06-20 19:55:00,1.42997,1.42997,1.42958,1.42965,1728500061.0351562
2011-06-20 19:56:00,1.42964,1.43007,1.42964,1.42996,1261399993.8964844
2011-06-20 19:57:00,1.42991,1.43018,1.4299,1.43018,783499984.7412109
2011-06-20 19:58:00,1.43017,1.43023,1.43013,1.43017,1427599945.0683594
2011-06-20 19:59:00,1.43016,1.43017,1.42986,1.43,1638899993.8964844
2011-06-20 20:00:00,1.43001,1.43003,1.42987,1.42991,1369700012.2070312
2011-06-20 20:01:00,1.4299,1.42991,1.42981,1.42987,453899993.8964844
2011-06-20 20:02:00,1.42987,1.42991,1.42981,1.4299,540000000.0
2011-06-20 20:03:00,1.4299,1.42991,1.42985,1.42991,476300010.68115234
2011-06-20 20:04:00,1.4299,1.43015,1.4299,1.43015,518300018.3105469
2011-06-20 20:05:00,1.43017,1.43017,1.43,1.43007,461300010.68115234
2011-06-20 20:06:00,1.43005,1.43011,1.43002,1.43011,382500000.0
2011-06-20 20:07:00,1.4301,1.43016,1.43004,1.43015,680999984.7412109
2011-06-20 20:08:00,1.43016,1.43025,1.43006,1.43006,1017399978.6376953
2011-06-20 20:09:00,1.43006,1.43023,1.43006,1.43021,583499984.7412109
2011-06-20 20:10:00,1.43021,1.4304,1.43021,1.4304,907600021.3623047
2011-06-20 20:11:00,1.43039,1.43047,1.43038,1.43041,1972799987.7929688
2011-06-20 20:12:00,1.43041,1.43044,1.43036,1.43037,1120500030.5175781
2011-06-20 20:13:00,1.43038,1.43038,1.43018,1.43018,798799972.5341797
2011-06-20 20:14:00,1.43018,1.43035,1.43018,1.43026,575999984.7412109
2011-06-20 20:15:00,1.43026,1.43029,1.43024,1.43027,477000007.62939453
2011-06-20 20:16:00,1.43026,1.4303,1.43018,1.43019,699300003.0517578
2011-06-20 20:17:00,1.43018,1.43023,1.43018,1.43023,330800018.3105469
2011-06-20 20:18:00,1.43023,1.43027,1.43023,1.43027,105000000.0
2011-06-20 20:19:00,1.43028,1.43029,1.43026,1.43027,363800010.68115234
2011-06-20 20:20:00,1.43025,1.43027,1.43025,1.43027,232500000.0
2011-06-20 20:21:00,1.43027,1.4303,1.4302,1.4303,373499984.74121094
2011-06-20 20:22:00,1.43031,1.43041,1.43031,1.43034,359300003.0517578
2011-06-20 20:23:00,1.43035,1.4304,1.43032,1.4304,287299995.4223633
2011-06-20 20:24:00,1.43037,1.43041,1.43033,1.4304,515299987.79296875
2011-06-20 20:25:00,1.4304,1.43053,1.43038,1.43052,652500000.0
2011-06-20 20:26:00,1.43057,1.43081,1.43057,1.43069,1488099975.5859375
2011-06-20 20:27:00,1.43069,1.4307,1.43065,1.43065,488400001.5258789
2011-06-20 20:28:00,1.43065,1.43071,1.43065,1.4307,1042600021.3623047
2011-06-20 20:29:00,1.4307,1.43079,1.43068,1.43068,568800010.6811523
2011-06-20 20:30:00,1.43067,1.43067,1.43057,1.43061,674599990.8447266
2011-06-20 20:31:00,1.4306,1.4306,1.4304,1.4304,1998200073.2421875
2011-06-20 20:32:00,1.4304,1.43053,1.4304,1.43048,1356699981.6894531
2011-06-20 20:33:00,1.43049,1.43054,1.4303,1.43049,1780200042.7246094
2011-06-20 20:34:00,1.4305,1.4305,1.43034,1.43039,499900016.78466797
2011-06-20 20:35:00,1.43037,1.43043,1.43037,1.4304,360299987.79296875
2011-06-20 20:36:00,1.43042,1.43051,1.4304,1.43051,253500003.81469727
2011-06-20 20:37:00,1.43051,1.43051,1.43049,1.4305,217500000.0
2011-06-20 20:38:00,1.43049,1.43049,1.43048,1.43048,112500000.0
2011-06-20 20:39:00,1.43052,1.43059,1.43049,1.43059,242600002.28881836
2011-06-20 20:40:00,1.43059,1.43059,1.43049,1.43054,279500007.62939453
2011-06-20 20:41:00,1.4305,1.43054,1.4305,1.43051,247500000.0
2011-06-20 20:42:00,1.43052,1.43056,1.43033,1.43037,929800033.5693359
2011-06-20 20:43:00,1.43043,1.43043,1.43031,1.43038,671999969.4824219
2011-06-20 20:44:00,1.43038,1.43057,1.43033,1.43049,628499984.7412109
2011-06-20 20:45:00,1.43044,1.43046,1.43033,1.43041,573800010.6811523
2011-06-20 20:46:00,1.43041,1.43044,1.43023,1.43023,598499984.7412109
2011-06-20 20:47:00,1.43024,1.4304,1.43024,1.4304,727500000.0
2011-06-20 20:48:00,1.43035,1.43045,1.43035,1.43043,630099983.215332
2011-06-20 20:49:00,1.43042,1.43045,1.43031,1.43031,1076299972.5341797
2011-06-20 20:50:00,1.43033,1.43041,1.43032,1.43034,365999984.74121094
2011-06-20 20:51:00,1.43033,1.43036,1.43033,1.43034,202500000.0
2011-06-20 20:52:00,1.43034,1.43045,1.43034,1.43042,402000007.62939453
2011-06-20 20:53:00,1.43041,1.43041,1.43029,1.43029,567000007.6293945
2011-06-20 20:54:00,1.43029,1.4304,1.43029,1.43035,282399997.71118164
2011-06-20 20:55:00,1.43035,1.4304,1.43032,1.43035,262600002.28881836
2011-06-20 20:56:00,1.43037,1.43039,1.43034,1.43039,262500000.0
2011-06-20 20:57:00,1.43041,1.43043,1.43039,1.43039,680999984.7412109
2011-06-20 20:58:00,1.43039,1.43039,1.43026,1.43029,183500003.81469727
2011-06-20 20:59:00,1.43028,1.43037,1.43028,1.43028,386399993.8964844
2011-06-20 21:00:00,1.43041,1.43041,1.43023,1.4303,549399986.2670898
2011-06-20 21:01:00,1.43032,1.43036,1.43032,1.43036,112500000.0
2011-06-20 21:02:00,1.43036,1.43043,1.4303,1.43043,255000000.0
2011-06-20 21:03:00,1.43049,1.43049,1.43039,1.43047,262500000.0
2011-06-20 21:04:00,1.4305,1.43059,1.4305,1.43056,307500000.0
2011-06-20 21:05:00,1.43057,1.43057,1.43057,1.43057,82500000.0
2011-06-20 21:06:00,1.43055,1.43055,1.43047,1.43047,167999992.37060547
2011-06-20 21:07:00,1.43047,1.43051,1.43041,1.43045,142500000.0
2011-06-20 21:08:00,1.43051,1.43063,1.43051,1.43063,182999992.37060547
2011-06-20 21:09:00,1.43063,1.43063,1.43056,1.43056,65999999.04632568
2011-06-20 21:10:00,1.43056,1.43059,1.43056,1.43059,105000000.0
2011-06-20 21:11:00,1.43056,1.43056,1.43056,1.43056,15000000.0
2011-06-20 21:12:00,1.43058,1.43066,1.43058,1.43062,91499996.18530273
2011-06-20 21:13:00,1.43061,1.4307,1.43061,1.4307,141000003.81469727
2011-06-20 21:14:00,1.43072,1.43095,1.43063,1.43063,588199996.9482422
2011-06-20 21:15:00,1.43059,1.43075,1.43058,1.43075,300000000.0
2011-06-20 21:16:00,1.43081,1.43081,1.43066,1.43077,240000000.0
2011-06-20 21:17:00,1.43081,1.43081,1.43077,1.43078,190499992.37060547
2011-06-20 21:18:00,1.43079,1.43086,1.43076,1.43086,352500000.0
2011-06-20 21:19:00,1.43088,1.43094,1.43071,1.43076,958199996.9482422
2011-06-20 21:20:00,1.43076,1.43079,1.43067,1.43075,540000000.0
2011-06-20 21:21:00,1.43075,1.43075,1.43073,1.43075,345000000.0
2011-06-20 21:22:00,1.43075,1.43075,1.43075,1.43075,120000000.0
2011-06-20 21:23:00,1.43078,1.43078,1.4307,1.4307,90000000.0
2011-06-20 21:24:00,1.43068,1.43074,1.43067,1.43074,120000000.0
2011-06-20 21:25:00,1.43074,1.43082,1.43069,1.43079,547500000.0
2011-06-20 21:26:00,1.43079,1.43083,1.43075,1.43079,247500000.0
2011-06-20 21:27:00,1.43079,1.43087,1.43069,1.43073,622500000.0
2011-06-20 21:28:00,1.43073,1.43083,1.43069,1.43069,615000000.0
2011-06-20 21:29:00,1.4307,1.4307,1.43055,1.43055,195000000.0
2011-06-20 21:30:00,1.4305,1.43057,1.43036,1.43038,989400024.4140625
2011-06-20 21:31:00,1.43039,1.43048,1.43035,1.43048,427500000.0
2011-06-20 21:32:00,1.43048,1.43048,1.43048,1.43048,90000000.0
2011-06-20 21:33:00,1.43048,1.43048,1.43048,1.43048,142500000.0
2011-06-20 21:34:00,1.43048,1.43048,1.43044,1.43044,60000000.0
2011-06-20 21:35:00,1.43042,1.43042,1.43028,1.43038,967500000.0
2011-06-20 21:36:00,1.43038,1.43038,1.43031,1.43034,262500000.0
2011-06-20 21:37:00,1.43034,1.43047,1.43029,1.43047,429099998.4741211
2011-06-20 21:38:00,1.43049,1.43071,1.43048,1.43061,1194800033.569336
2011-06-20 21:39:00,1.43062,1.4308,1.43058,1.43078,832500000.0
2011-06-20 21:40:00,1.43078,1.43078,1.43065,1.43069,562599983.215332
2011-06-20 21:41:00,1.43064,1.43079,1.43064,1.43068,198799991.60766602
2011-06-20 21:42:00,1.43067,1.43071,1.43066,1.43071,105000000.0
2011-06-20 21:43:00,1.43071,1.43084,1.43067,1.43074,577500000.0
2011-06-20 21:44:00,1.43074,1.43084,1.43069,1.43084,570000000.0
2011-06-20 21:45:00,1.43084,1.43091,1.43075,1.43078,808499984.7412109
2011-06-20 21:46:00,1.43075,1.43078,1.43043,1.43074,1088300018.3105469
2011-06-20 21:47:00,1.43075,1.43075,1.43067,1.43067,385499992.37060547
2011-06-20 21:48:00,1.43064,1.43064,1.43054,1.43055,795800018.3105469
2011-06-20 21:49:00,1.43053,1.43064,1.4305,1.43056,529599990.84472656
2011-06-20 21:50:00,1.43054,1.43057,1.43052,1.43055,610499992.3706055
2011-06-20 21:51:00,1.4306,1.4308,1.43057,1.43057,927500000.0
2011-06-20 21:52:00,1.43054,1.43066,1.43054,1.43066,207000007.62939453
2011-06-20 21:53:00,1.43066,1.43089,1.43066,1.4308,537000007.6293945
2011-06-20 21:54:00,1.43084,1.43084,1.43075,1.43075,165000000.0
2011-06-20 21:55:00,1.43072,1.43078,1.4307,1.43078,272999992.37060547
2011-06-20 21:56:00,1.43084,1.43098,1.43081,1.43084,645000000.0
2011-06-20 21:57:00,1.43089,1.43098,1.43078,1.43078,438800010.68115234
2011-06-20 21:58:00,1.43085,1.43089,1.43085,1.43089,105000000.0
2011-06-20 21:59:00,1.43089,1.43089,1.43072,1.43078,664499969.4824219
2011-06-20 22:00:00,1.43078,1.43081,1.43064,1.43069,1779799957.2753906
2011-06-20 22:01:00,1.4307,1.43121,1.4307,1.43097,1796199951.171875
2011-06-20 22:02:00,1.43098,1.43159,1.43098,1.43153,870000000.0
2011-06-20 22:03:00,1.43155,1.43173,1.43138,1.43173,1249499969.4824219
2011-06-20 22:04:00,1.43173,1.43208,1.43164,1.43204,1864100036.6210938
2011-06-20 22:05:00,1.43204,1.43208,1.43199,1.43204,800999984.7412109
2011-06-20 22:06:00,1.43203,1.43204,1.43191,1.43199,352500000.0
2011-06-20 22:07:00,1.43201,1.43208,1.43195,1.43196,583499984.7412109
2011-06-20 22:08:00,1.43196,1.43212,1.43186,1.43201,693799972.5341797
2011-06-20 22:09:00,1.43199,1.43199,1.43189,1.4319,335999984.74121094
2011-06-20 22:10:00,1.4319,1.4319,1.43186,1.4319,157500000.0
2011-06-20 22:11:00,1.43197,1.43205,1.43189,1.43203,540200004.5776367
2011-06-20 22:12:00,1.43203,1.43215,1.43203,1.43205,324199981.6894531
2011-06-20 22:13:00,1.43208,1.43208,1.43188,1.43195,866200027.4658203
2011-06-20 22:14:00,1.43195,1.43198,1.4316,1.43166,1445700073.2421875
2011-06-20 22:15:00,1.43168,1.43178,1.43155,1.43164,789800033.5693359
2011-06-20 22:16:00,1.43164,1.43164,1.43157,1.43161,277500000.0
2011-06-20 22:17:00,1.43166,1.43177,1.43154,1.43154,457599983.21533203
2011-06-20 22:18:00,1.43152,1.43157,1.43152,1.43157,330000000.0
2011-06-20 22:19:00,1.43152,1.43152,1.43132,1.43139,679499969.4824219
2011-06-20 22:20:00,1.43144,1.43146,1.43115,1.43133,1170000000.0
2011-06-20 22:21:00,1.43134,1.43138,1.4312,1.43126,577500000.0
2011-06-20 22:22:00,1.43127,1.43129,1.43113,1.43122,498800010.68115234
2011-06-20 22:23:00,1.43122,1.43126,1.43109,1.43111,1050000000.0
2011-06-20 22:24:00,1.43111,1.43119,1.43111,1.43117,322500000.0
2011-06-20 22:25:00,1.43113,1.43122,1.43106,1.43122,604500007.6293945
2011-06-20 22:26:00,1.43122,1.43122,1.43112,1.43112,390000000.0
2011-06-20 22:27:00,1.43113,1.43124,1.43113,1.43124,127500000.0
2011-06-20 22:28:00,1.43125,1.43137,1.43124,1.4313,457500000.0
2011-06-20 22:29:00,1.4313,1.4313,1.4313,1.4313,90000000.0
2011-06-20 22:30:00,1.4313,1.4313,1.4313,1.4313,52500000.0
2011-06-20 22:31:00,1.43129,1.43131,1.43126,1.43131,157500000.0
2011-06-20 22:32:00,1.43131,1.43131,1.43126,1.43126,60000000.0
2011-06-20 22:33:00,1.43126,1.43131,1.43126,1.43131,82500000.0
2011-06-20 22:34:00,1.43134,1.43151,1.43127,1.43144,900000000.0
2011-06-20 22:35:00,1.43144,1.43189,1.43144,1.43175,1783500061.0351562
2011-06-20 22:36:00,1.43175,1.43193,1.43175,1.43179,613499984.7412109
2011-06-20 22:37:00,1.43177,1.43177,1.43167,1.43167,217500000.0
2011-06-20 22:38:00,1.43167,1.43169,1.43167,1.43169,105000000.0
2011-06-20 22:39:00,1.43171,1.43192,1.43171,1.43192,262500000.0
2011-06-20 22:40:00,1.4319,1.43192,1.43177,1.43177,540000000.0
2011-06-20 22:41:00,1.43177,1.43178,1.4317,1.4317,82500000.0
2011-06-20 22:42:00,1.43169,1.43176,1.43158,1.43167,547500000.0
2011-06-20 22:43:00,1.43169,1.43169,1.4314,1.43159,712500000.0
2011-06-20 22:44:00,1.43159,1.4317,1.43154,1.43158,537000007.6293945
2011-06-20 22:45:00,1.43158,1.43164,1.43157,1.43158,187500000.0
2011-06-20 22:46:00,1.43159,1.43165,1.43156,1.43156,375000000.0
2011-06-20 22:47:00,1.43158,1.43159,1.43153,1.43159,202500000.0
2011-06-20 22:48:00,1.43159,1.4316,1.43159,1.4316,82500000.0
2011-06-20 22:49:00,1.4316,1.4316,1.4316,1.4316,225000000.0
2011-06-20 22:50:00,1.4316,1.43167,1.4316,1.4316,336500015.25878906
2011-06-20 22:51:00,1.4316,1.43163,1.4316,1.4316,217500000.0
2011-06-20 22:52:00,1.4316,1.43163,1.43158,1.43163,566300010.6811523
2011-06-20 22:53:00,1.43163,1.43174,1.43163,1.43174,240000000.0
2011-06-20 22:54:00,1.43176,1.43176,1.43176,1.43176,33800001.14440918
2011-06-20 22:55:00,1.43175,1.43185,1.43175,1.43183,120000000.0
2011-06-20 22:56:00,1.43185,1.43218,1.43185,1.43213,708799972.5341797
2011-06-20 22:57:00,1.43213,1.4325,1.43212,1.43242,1638099975.5859375
2011-06-20 22:58:00,1.43242,1.43251,1.43237,1.43241,787500000.0
2011-06-20 22:59:00,1.43238,1.43239,1.43224,1.43224,862500000.0
2011-06-20 23:00:00,1.43224,1.43237,1.43221,1.43232,883600006.1035156
2011-06-20 23:01:00,1.43233,1.43242,1.43232,1.43238,593699989.3188477
2011-06-20 23:02:00,1.43237,1.43238,1.43206,1.43208,945000000.0
2011-06-20 23:03:00,1.43207,1.43234,1.43207,1.43223,1262399978.6376953
2011-06-20 23:04:00,1.43223,1.43229,1.43212,1.43224,1125000000.0
2011-06-20 23:05:00,1.43223,1.43223,1.43221,1.43222,135000000.0
2011-06-20 23:06:00,1.43223,1.4324,1.43222,1.43228,765000000.0
2011-06-20 23:07:00,1.43227,1.43228,1.43222,1.43223,240000000.0
2011-06-20 23:08:00,1.43223,1.43226,1.43219,1.43226,352500000.0
2011-06-20 23:09:00,1.43227,1.43259,1.43227,1.43242,703700027.4658203
2011-06-20 23:10:00,1.43241,1.43271,1.4324,1.43267,714000015.2587891
2011-06-20 23:11:00,1.43267,1.43351,1.43265,1.43336,2244100036.6210938
2011-06-20 23:12:00,1.43336,1.43369,1.43313,1.43369,2104400024.4140625
2011-06-20 23:13:00,1.43369,1.43369,1.43314,1.43321,2854899902.34375
2011-06-20 23:14:00,1.43321,1.43346,1.4332,1.43328,1070400009.1552734
2011-06-20 23:15:00,1.43327,1.43335,1.43323,1.43331,975100021.3623047
2011-06-20 23:16:00,1.43333,1.4339,1.43333,1.4339,2575599975.5859375
2011-06-20 23:17:00,1.43389,1.43512,1.43389,1.43484,4931300048.828125
2011-06-20 23:18:00,1.43485,1.43488,1.4347,1.43485,1530099945.0683594
2011-06-20 23:19:00,1.43485,1.43488,1.43439,1.43448,2207400054.9316406
2011-06-20 23:20:00,1.43448,1.43448,1.43419,1.43431,1746100006.1035156
2011-06-20 23:21:00,1.4343,1.43433,1.43425,1.43427,786100006.1035156
2011-06-20 23:22:00,1.43427,1.43441,1.43426,1.43434,637599983.215332
2011-06-20 23:23:00,1.43434,1.43466,1.43434,1.4345,1801199951.171875
2011-06-20 23:24:00,1.4345,1.43458,1.43441,1.4345,913799972.5341797
2011-06-20 23:25:00,1.4345,1.4345,1.4345,1.4345,335200004.5776367
2011-06-20 23:26:00,1.4345,1.43465,1.4345,1.43453,656299972.5341797
2011-06-20 23:27:00,1.43452,1.43453,1.43413,1.43417,1445800018.3105469
2011-06-20 23:28:00,1.43421,1.43427,1.43409,1.43412,1113799972.5341797
2011-06-20 23:29:00,1.43412,1.43412,1.43408,1.43408,243799991.60766602
2011-06-20 23:30:00,1.4341,1.43449,1.4341,1.43449,814700012.2070312
2011-06-20 23:31:00,1.43449,1.4345,1.43431,1.43447,750800018.3105469
2011-06-20 23:32:00,1.43448,1.43453,1.43436,1.43449,830400009.1552734
2011-06-20 23:33:00,1.43448,1.43466,1.43448,1.4346,379900016.78466797
2011-06-20 23:34:00,1.4346,1.43466,1.43442,1.43464,1112300033.569336
2011-06-20 23:35:00,1.43464,1.435,1.4346,1.43491,1580000000.0
2011-06-20 23:36:00,1.43491,1.43707,1.43486,1.43698,4562999877.9296875
2011-06-20 23:37:00,1.43705,1.43816,1.43696,1.43762,3890199890.1367188
2011-06-20 23:38:00,1.43761,1.43761,1.43676,1.43702,2665400085.4492188
2011-06-20 23:39:00,1.43701,1.43729,1.43681,1.43681,3158200073.2421875
2011-06-20 23:40:00,1.4368,1.4368,1.43657,1.43663,1905000000.0
2011-06-20 23:41:00,1.43665,1.43682,1.43661,1.43682,2022200012.2070312
2011-06-20 23:42:00,1.43681,1.43688,1.43662,1.43688,2270899963.3789062
2011-06-20 23:43:00,1.43686,1.43695,1.43673,1.43694,2739100036.6210938
2011-06-20 23:44:00,1.43694,1.437,1.4365,1.43655,2326399993.8964844
2011-06-20 23:45:00,1.43659,1.43659,1.43629,1.43633,2013300018.3105469
2011-06-20 23:46:00,1.43633,1.43679,1.43632,1.43679,2023099975.5859375
2011-06-20 23:47:00,1.43678,1.43694,1.43664,1.43676,1449299926.7578125
2011-06-20 23:48:00,1.43674,1.43692,1.43651,1.43691,1688999938.9648438
2011-06-20 23:49:00,1.43691,1.43708,1.43653,1.43656,3022200012.2070312
2011-06-20 23:50:00,1.43656,1.4366,1.43634,1.43634,2274400024.4140625
2011-06-20 23:51:00,1.43626,1.43657,1.43626,1.43649,1305000000.0
2011-06-20 23:52:00,1.43649,1.43657,1.43625,1.43648,1763099975.5859375
2011-06-20 23:53:00,1.43648,1.4366,1.43625,1.43639,1996600036.6210938
2011-06-20 23:54:00,1.43639,1.43659,1.43637,1.43651,714000015.2587891
2011-06-20 23:55:00,1.43651,1.43659,1.43643,1.43646,836999969.4824219
2011-06-20 23:56:00,1.43641,1.43652,1.43629,1.4363,1868300018.3105469
2011-06-20 23:57:00,1.43628,1.43637,1.43623,1.43629,798099975.5859375
2011-06-20 23:58:00,1.43627,1.43637,1.43626,1.43635,990000000.0
2011-06-20 23:59:00,1.43635,1.43635,1.43612,1.43615,1465000000.0
2011-06-21 00:00:00,1.43616,1.4362,1.43551,1.43557,2526999969.482422
2011-06-21 00:01:00,1.43554,1.43571,1.43532,1.43532,2126600036.6210938
2011-06-21 00:02:00,1.43533,1.4355,1.43518,1.43542,1815899963.3789062
2011-06-21 00:03:00,1.43544,1.4356,1.43535,1.4355,1367100067.1386719
2011-06-21 00:04:00,1.43554,1.43563,1.43543,1.43561,1543200073.2421875
2011-06-21 00:05:00,1.43562,1.43565,1.43535,1.43535,1225699996.9482422
2011-06-21 00:06:00,1.43536,1.43554,1.43536,1.43551,934499969.4824219
2011-06-21 00:07:00,1.43553,1.4356,1.43529,1.43534,981299972.5341797
2011-06-21 00:08:00,1.43535,1.4354,1.43531,1.43536,922500000.0
2011-06-21 00:09:00,1.43533,1.43536,1.43528,1.43535,1093700027.4658203
2011-06-21 00:10:00,1.43536,1.4356,1.43535,1.43555,835999984.7412109
2011-06-21 00:11:00,1.43554,1.43567,1.43554,1.43566,1016100006.1035156
2011-06-21 00:12:00,1.43566,1.43574,1.43557,1.43565,1595599975.5859375
2011-06-21 00:13:00,1.43566,1.43571,1.43565,1.43571,519000015.25878906
2011-06-21 00:14:00,1.43568,1.436,1.43566,1.436,1128899993.8964844
2011-06-21 00:15:00,1.43605,1.43631,1.43603,1.43611,841500015.2587891
2011-06-21 00:16:00,1.4361,1.43615,1.43583,1.43591,1663099975.5859375
2011-06-21 00:17:00,1.43592,1.43608,1.43588,1.43588,1179300003.0517578
2011-06-21 00:18:00,1.43588,1.43589,1.4357,1.43574,918000030.5175781
2011-06-21 00:19:00,1.43574,1.43577,1.43563,1.43566,484500007.62939453
2011-06-21 00:20:00,1.43568,1.43581,1.43566,1.43578,450000000.0
2011-06-21 00:21:00,1.43578,1.43581,1.43575,1.43578,352500000.0
2011-06-21 00:22:00,1.43578,1.43591,1.43578,1.43587,637500000.0
2011-06-21 00:23:00,1.43586,1.43593,1.43577,1.43581,1123499984.741211
2011-06-21 00:24:00,1.43584,1.43589,1.43574,1.43575,928499984.7412109
2011-06-21 00:25:00,1.43574,1.43579,1.43569,1.43572,565499992.3706055
2011-06-21 00:26:00,1.43571,1.43571,1.43514,1.43529,2288200073.2421875
2011-06-21 00:27:00,1.43529,1.43535,1.43517,1.43517,682500000.0
2011-06-21 00:28:00,1.43521,1.43521,1.43519,1.43519,277500000.0
2011-06-21 00:29:00,1.43517,1.4353,1.43515,1.43523,570000000.0
2011-06-21 00:30:00,1.43523,1.43525,1.43518,1.43525,242299995.42236328
2011-06-21 00:31:00,1.43524,1.43546,1.43521,1.43544,517500000.0
2011-06-21 00:32:00,1.43541,1.43541,1.43529,1.4353,502500000.0
2011-06-21 00:33:00,1.43532,1.43532,1.4353,1.43531,165000000.0
2011-06-21 00:34:00,1.4353,1.4353,1.43519,1.43519,754499969.4824219
2011-06-21 00:35:00,1.43519,1.43519,1.43502,1.43502,746999969.4824219
2011-06-21 00:36:00,1.43502,1.43507,1.43501,1.43503,412500000.0
2011-06-21 00:37:00,1.43502,1.43503,1.4349,1.4349,465000000.0
2011-06-21 00:38:00,1.43494,1.4351,1.43494,1.435,870000000.0
2011-06-21 00:39:00,1.43499,1.43506,1.43485,1.43488,1154300003.0517578
2011-06-21 00:40:00,1.43485,1.43487,1.4348,1.43484,714899978.6376953
2011-06-21 00:41:00,1.43483,1.43484,1.43459,1.43463,1248000030.5175781
2011-06-21 00:42:00,1.43465,1.43483,1.43465,1.43473,900299987.7929688
2011-06-21 00:43:00,1.43473,1.43475,1.4347,1.43475,362999992.37060547
2011-06-21 00:44:00,1.43474,1.43476,1.43451,1.43458,733499984.7412109
2011-06-21 00:45:00,1.43454,1.43455,1.43449,1.43455,660000000.0
2011-06-21 00:46:00,1.43455,1.43474,1.43448,1.43466,2145800018.3105469
2011-06-21 00:47:00,1.43463,1.43463,1.43439,1.43444,1537799987.7929688
2011-06-21 00:48:00,1.43445,1.43451,1.43431,1.43434,1175100021.3623047
2011-06-21 00:49:00,1.43434,1.43434,1.4342,1.43427,259500007.62939453
2011-06-21 00:50:00,1.43427,1.43461,1.43427,1.43459,952399978.6376953
2011-06-21 00:51:00,1.43458,1.43463,1.43453,1.43456,980299987.7929688
2011-06-21 00:52:00,1.43456,1.43461,1.43424,1.43426,1106999969.4824219
2011-06-21 00:53:00,1.43425,1.43446,1.43424,1.43446,894800033.5693359
2011-06-21 00:54:00,1.43444,1.43458,1.43442,1.43452,862500000.0
2011-06-21 00:55:00,1.43451,1.4347,1.43434,1.43454,1290000000.0
2011-06-21 00:56:00,1.43453,1.43488,1.43453,1.43487,1077200012.2070312
2011-06-21 00:57:00,1.43486,1.43547,1.43486,1.43541,2618999938.9648438
2011-06-21 00:58:00,1.43541,1.43556,1.43541,1.43547,1590000000.0
2011-06-21 00:59:00,1.43547,1.43576,1.43543,1.43576,1638000030.5175781
2011-06-21 01:00:00,1.43575,1.43575,1.43559,1.43559,1565299987.7929688
2011-06-21 01:01:00,1.43558,1.43558,1.43524,1.4353,1468500061.0351562
2011-06-21 01:02:00,1.43528,1.43534,1.4352,1.43531,799499969.4824219
2011-06-21 01:03:00,1.43533,1.43538,1.43532,1.43538,382500000.0
2011-06-21 01:04:00,1.43538,1.43539,1.43521,1.43525,1108499984.741211
2011-06-21 01:05:00,1.43526,1.43536,1.43524,1.43529,435800018.3105469
2011-06-21 01:06:00,1.43527,1.43535,1.43527,1.43527,532500000.0
2011-06-21 01:07:00,1.43528,1.4353,1.43527,1.43529,180000000.0
2011-06-21 01:08:00,1.4353,1.43534,1.43528,1.43529,247500000.0
2011-06-21 01:09:00,1.43529,1.4353,1.43529,1.43529,169500007.62939453
2011-06-21 01:10:00,1.43533,1.43535,1.43529,1.43531,671999969.4824219
2011-06-21 01:11:00,1.43532,1.4354,1.43528,1.43534,1144499969.4824219
2011-06-21 01:12:00,1.43534,1.43535,1.43529,1.43532,660000000.0
2011-06-21 01:13:00,1.43531,1.43531,1.43528,1.43529,135000000.0
2011-06-21 01:14:00,1.43529,1.43529,1.43526,1.43529,367500000.0
2011-06-21 01:15:00,1.43529,1.43534,1.43526,1.43526,1070999984.7412109
2011-06-21 01:16:00,1.43526,1.4354,1.43526,1.43537,1145999984.741211
2011-06-21 01:17:00,1.43534,1.43557,1.43499,1.43531,2402700042.7246094
2011-06-21 01:18:00,1.43531,1.43549,1.43528,1.43533,947300033.5693359
2011-06-21 01:19:00,1.43533,1.43577,1.43533,1.43571,815999984.7412109
2011-06-21 01:20:00,1.43571,1.43615,1.43571,1.43615,853499984.7412109
2011-06-21 01:21:00,1.43614,1.4362,1.4361,1.43617,600299987.7929688
2011-06-21 01:22:00,1.43614,1.43624,1.43599,1.43603,1623300018.3105469
2011-06-21 01:23:00,1.43603,1.43607,1.43589,1.43589,1989199981.6894531
2011-06-21 01:24:00,1.43591,1.43595,1.43532,1.43539,2116699981.6894531
2011-06-21 01:25:00,1.4354,1.43541,1.43522,1.43536,778499984.7412109
2011-06-21 01:26:00,1.43539,1.4354,1.43519,1.43524,632999992.3706055
2011-06-21 01:27:00,1.43523,1.43549,1.43521,1.43539,405000000.0
2011-06-21 01:28:00,1.43541,1.43561,1.43535,1.4354,703499984.7412109
2011-06-21 01:29:00,1.43544,1.43559,1.43539,1.43539,337500000.0
2011-06-21 01:30:00,1.43539,1.43539,1.43477,1.43488,1879900054.9316406
2011-06-21 01:31:00,1.43488,1.43491,1.43474,1.43481,1549700012.2070312
2011-06-21 01:32:00,1.43478,1.43479,1.4331,1.43328,4858200073.2421875
2011-06-21 01:33:00,1.43331,1.43346,1.43231,1.43231,3442000122.0703125
2011-06-21 01:34:00,1.43227,1.43247,1.43177,1.43221,5416699829.1015625
2011-06-21 01:35:00,1.43221,1.43238,1.43124,1.43124,4658500061.035156
2011-06-21 01:36:00,1.43125,1.43196,1.43099,1.43196,3701300048.828125
2011-06-21 01:37:00,1.43197,1.4321,1.43114,1.43141,3319400024.4140625
2011-06-21 01:38:00,1.43138,1.43183,1.4313,1.43138,3067500000.0
2011-06-21 01:39:00,1.4314,1.43182,1.43139,1.43145,2307700042.7246094
2011-06-21 01:40:00,1.43148,1.43195,1.43129,1.43165,4026300048.828125
2011-06-21 01:41:00,1.43162,1.43164,1.43069,1.43116,3402799987.7929688
2011-06-21 01:42:00,1.43113,1.43168,1.43111,1.43168,2430899963.3789062
2011-06-21 01:43:00,1.43168,1.43212,1.43148,1.43212,2899599914.5507812
2011-06-21 01:44:00,1.43211,1.43222,1.43203,1.43207,2723800048.828125
2011-06-21 01:45:00,1.43208,1.43214,1.43167,1.43177,2370200042.7246094
2011-06-21 01:46:00,1.43178,1.4321,1.43167,1.4321,1185000000.0
2011-06-21 01:47:00,1.43214,1.43263,1.43214,1.43262,1976100006.1035156
2011-06-21 01:48:00,1.43262,1.43315,1.43262,1.43298,3125899963.3789062
2011-06-21 01:49:00,1.43298,1.43298,1.43239,1.43248,2501900024.4140625
2011-06-21 01:50:00,1.43252,1.43285,1.43249,1.43275,2672999877.9296875
2011-06-21 01:51:00,1.43274,1.43329,1.43274,1.43322,1787700042.7246094
2011-06-21 01:52:00,1.43322,1.43341,1.43315,1.43319,1752100067.1386719
2011-06-21 01:53:00,1.43319,1.43328,1.43282,1.43288,1156299972.5341797
2011-06-21 01:54:00,1.43288,1.43488,1.43288,1.43473,4470599975.5859375
2011-06-21 01:55:00,1.43471,1.43471,1.43387,1.43407,2756099853.515625
2011-06-21 01:56:00,1.43407,1.43417,1.4339,1.43415,2116100006.1035156
2011-06-21 01:57:00,1.43415,1.4348,1.43415,1.43478,2842200012.2070312
2011-06-21 01:58:00,1.43474,1.43474,1.43368,1.43385,2701600036.6210938
2011-06-21 01:59:00,1.43386,1.4342,1.43376,1.43406,1581399993.8964844
2011-06-21 02:00:00,1.43403,1.43405,1.43313,1.43336,2181300048.828125
2011-06-21 02:01:00,1.43335,1.43358,1.43332,1.43345,913499984.7412109
2011-06-21 02:02:00,1.43345,1.43346,1.43308,1.43313,1605099945.0683594
2011-06-21 02:03:00,1.43313,1.43331,1.43313,1.43322,925800018.3105469
2011-06-21 02:04:00,1.43323,1.43345,1.43313,1.43334,1128199996.9482422
2011-06-21 02:05:00,1.43334,1.43363,1.43326,1.4335,1519499969.4824219
2011-06-21 02:06:00,1.43353,1.43396,1.43353,1.43396,2087400054.9316406
2011-06-21 02:07:00,1.43398,1.43427,1.43384,1.43384,1701399993.8964844
2011-06-21 02:08:00,1.43383,1.43399,1.43369,1.43398,1393600006.1035156
2011-06-21 02:09:00,1.43406,1.43412,1.43373,1.43387,1435500030.5175781
2011-06-21 02:10:00,1.43382,1.43382,1.43339,1.43352,2862099914.5507812
2011-06-21 02:11:00,1.43352,1.43356,1.43323,1.43344,1732500000.0
2011-06-21 02:12:00,1.43344,1.43354,1.43328,1.43328,1686499938.9648438
2011-06-21 02:13:00,1.43328,1.43331,1.43293,1.43293,1966199951.171875
2011-06-21 02:14:00,1.43291,1.43294,1.43258,1.43271,2106199951.171875
2011-06-21 02:15:00,1.43264,1.43278,1.4326,1.43266,1541399993.8964844
2011-06-21 02:16:00,1.43268,1.43299,1.43261,1.43282,1281900024.4140625
2011-06-21 02:17:00,1.43282,1.43282,1.43259,1.43259,688499984.7412109
2011-06-21 02:18:00,1.43265,1.43271,1.43254,1.43271,999300003.0517578
2011-06-21 02:19:00,1.43271,1.43322,1.43264,1.43304,2358699951.171875
2011-06-21 02:20:00,1.43303,1.43337,1.43295,1.43335,1441600036.6210938
2011-06-21 02:21:00,1.43333,1.43338,1.43321,1.43326,926299972.5341797
2011-06-21 02:22:00,1.43326,1.43326,1.43317,1.43325,555000000.0
2011-06-21 02:23:00,1.43325,1.43335,1.43318,1.43325,736500015.2587891
2011-06-21 02:24:00,1.43325,1.43351,1.43318,1.43328,1504299926.7578125
2011-06-21 02:25:00,1.43328,1.43353,1.43325,1.43335,881299972.5341797
2011-06-21 02:26:00,1.43333,1.43341,1.43322,1.43324,992300033.5693359
2011-06-21 02:27:00,1.43323,1.43325,1.4331,1.43314,573899993.8964844
2011-06-21 02:28:00,1.43314,1.43314,1.43236,1.43246,2395599975.5859375
2011-06-21 02:29:00,1.43246,1.43259,1.43235,1.43258,1008799972.5341797
2011-06-21 02:30:00,1.43261,1.43265,1.43222,1.43222,1533800048.828125
2011-06-21 02:31:00,1.43221,1.43228,1.43177,1.43209,2341499938.9648438
2011-06-21 02:32:00,1.43208,1.43238,1.43185,1.43224,1593300018.3105469
2011-06-21 02:33:00,1.43229,1.43237,1.43215,1.43231,971999969.4824219
2011-06-21 02:34:00,1.43228,1.43228,1.432,1.432,1092099990.8447266
2011-06-21 02:35:00,1.43199,1.43218,1.43178,1.43218,1664199981.6894531
2011-06-21 02:36:00,1.43222,1.43251,1.43222,1.43251,880199966.4306641
2011-06-21 02:37:00,1.4325,1.43265,1.43245,1.43265,738899993.8964844
2011-06-21 02:38:00,1.43265,1.43291,1.43248,1.43248,1079700012.2070312
2011-06-21 02:39:00,1.43249,1.43261,1.43231,1.43237,620999984.7412109
2011-06-21 02:40:00,1.43234,1.43244,1.43234,1.43237,870000000.0
2011-06-21 02:41:00,1.43235,1.43241,1.43217,1.43218,877500000.0
2011-06-21 02:42:00,1.43218,1.43253,1.43215,1.43238,1452799987.7929688
2011-06-21 02:43:00,1.43241,1.43273,1.43239,1.43253,1398099975.5859375
2011-06-21 02:44:00,1.43255,1.4329,1.43255,1.4329,1393500061.0351562
2011-06-21 02:45:00,1.4329,1.43301,1.43279,1.43301,1042500000.0
2011-06-21 02:46:00,1.43301,1.43309,1.43296,1.43309,720000000.0
2011-06-21 02:47:00,1.43308,1.43332,1.43298,1.43326,984000015.2587891
2011-06-21 02:48:00,1.43326,1.43326,1.43321,1.43321,443300018.3105469
2011-06-21 02:49:00,1.4332,1.43341,1.43315,1.4334,1006500015.2587891
2011-06-21 02:50:00,1.43336,1.43341,1.43316,1.43316,1132500000.0
2011-06-21 02:51:00,1.43314,1.43317,1.433,1.43317,963899993.8964844
2011-06-21 02:52:00,1.43317,1.43317,1.43302,1.43302,570000000.0
2011-06-21 02:53:00,1.43302,1.43304,1.43289,1.43289,247500000.0
2011-06-21 02:54:00,1.43289,1.43289,1.43269,1.43269,795299987.7929688
2011-06-21 02:55:00,1.43269,1.43285,1.43264,1.43285,1163399963.3789062
2011-06-21 02:56:00,1.43285,1.43319,1.43278,1.43319,945800018.3105469
2011-06-21 02:57:00,1.43316,1.43349,1.43316,1.43323,888799972.5341797
2011-06-21 02:58:00,1.43326,1.43339,1.43312,1.4332,1214300003.0517578
2011-06-21 02:59:00,1.43319,1.43327,1.43299,1.43312,898600006.1035156
2011-06-21 03:00:00,1.43312,1.43312,1.433,1.4331,814499969.4824219
2011-06-21 03:01:00,1.43311,1.43311,1.43296,1.43296,780000000.0
2011-06-21 03:02:00,1.43293,1.43297,1.43282,1.43296,814499969.4824219
2011-06-21 03:03:00,1.43295,1.43315,1.43295,1.43307,675000000.0
2011-06-21 03:04:00,1.43308,1.43348,1.43307,1.43348,598499984.7412109
2011-06-21 03:05:00,1.43349,1.43365,1.43313,1.43318,1618399963.3789062
2011-06-21 03:06:00,1.43324,1.43349,1.43323,1.43348,950299987.7929688
2011-06-21 03:07:00,1.43348,1.43355,1.43346,1.43353,373499984.74121094
2011-06-21 03:08:00,1.43354,1.43359,1.43343,1.43346,1037300033.5693359
2011-06-21 03:09:00,1.43344,1.43346,1.43331,1.43337,667500000.0
2011-06-21 03:10:00,1.43337,1.43347,1.43335,1.43346,472500000.0
2011-06-21 03:11:00,1.43348,1.4336,1.43345,1.4336,337500000.0
2011-06-21 03:12:00,1.4336,1.43365,1.43342,1.4335,1585500030.5175781
2011-06-21 03:13:00,1.43351,1.43351,1.43338,1.43338,235499992.37060547
2011-06-21 03:14:00,1.43336,1.43337,1.43331,1.43331,517500000.0
2011-06-21 03:15:00,1.43331,1.43331,1.43319,1.43319,1273499984.741211
2011-06-21 03:16:00,1.43319,1.43336,1.43319,1.43329,1030500030.5175781
2011-06-21 03:17:00,1.43329,1.43341,1.43321,1.43321,1224800033.569336
2011-06-21 03:18:00,1.43322,1.43333,1.43322,1.43332,376500015.25878906
2011-06-21 03:19:00,1.43331,1.43331,1.43321,1.43322,507900009.15527344
2011-06-21 03:20:00,1.43322,1.43323,1.43321,1.43323,213600006.10351562
2011-06-21 03:21:00,1.43323,1.43325,1.4332,1.43324,435000000.0
2011-06-21 03:22:00,1.43325,1.43331,1.43324,1.4333,360299987.79296875
2011-06-21 03:23:00,1.4333,1.4333,1.43325,1.43326,320999984.74121094
2011-06-21 03:24:00,1.43327,1.43338,1.43324,1.43338,195799999.23706055
2011-06-21 03:25:00,1.43337,1.43346,1.43337,1.43345,373499984.74121094
2011-06-21 03:26:00,1.43346,1.43346,1.43335,1.43335,435000000.0
2011-06-21 03:27:00,1.43336,1.43351,1.43331,1.43341,1055999984.7412109
2011-06-21 03:28:00,1.43342,1.43347,1.43325,1.4333,656299972.5341797
2011-06-21 03:29:00,1.43329,1.43332,1.4332,1.43326,1054499969.4824219
2011-06-21 03:30:00,1.43329,1.43344,1.43322,1.43329,963000030.5175781
2011-06-21 03:31:00,1.43326,1.43329,1.4331,1.43323,1462500000.0
2011-06-21 03:32:00,1.43324,1.43329,1.43313,1.43316,1227099990.8447266
2011-06-21 03:33:00,1.43318,1.43332,1.43312,1.4333,1864700012.2070312
2011-06-21 03:34:00,1.43327,1.43327,1.43318,1.43323,710299987.7929688
2011-06-21 03:35:00,1.43321,1.43327,1.43317,1.43326,789000015.2587891
2011-06-21 03:36:00,1.43325,1.43331,1.43324,1.43331,280499992.37060547
2011-06-21 03:37:00,1.43331,1.43332,1.43318,1.43325,1091299972.5341797
2011-06-21 03:38:00,1.43324,1.43346,1.43324,1.43333,1091299972.5341797
2011-06-21 03:39:00,1.43335,1.43339,1.4333,1.4333,480800018.3105469
2011-06-21 03:40:00,1.43335,1.43339,1.43335,1.43337,127500000.0
2011-06-21 03:41:00,1.43338,1.43342,1.43336,1.43336,292500000.0
2011-06-21 03:42:00,1.43339,1.4334,1.43338,1.43338,150000000.0
2011-06-21 03:43:00,1.43335,1.43339,1.43334,1.43338,412500000.0
2011-06-21 03:44:00,1.43338,1.43348,1.43334,1.43342,567000007.6293945
2011-06-21 03:45:00,1.43342,1.43357,1.43333,1.43334,1198700027.4658203
2011-06-21 03:46:00,1.43337,1.43344,1.43329,1.43329,1658099975.5859375
2011-06-21 03:47:00,1.43328,1.43328,1.43314,1.43315,937500000.0
2011-06-21 03:48:00,1.43319,1.43329,1.43312,1.43329,652500000.0
2011-06-21 03:49:00,1.4333,1.43347,1.4333,1.43336,380999984.74121094
2011-06-21 03:50:00,1.43336,1.43349,1.43331,1.43336,748799972.5341797
2011-06-21 03:51:00,1.43336,1.43345,1.43329,1.43334,964499969.4824219
2011-06-21 03:52:00,1.43335,1.43354,1.43335,1.43352,1020000000.0
2011-06-21 03:53:00,1.43349,1.43353,1.43335,1.43341,946500015.2587891
2011-06-21 03:54:00,1.43344,1.4335,1.43342,1.4335,337500000.0
2011-06-21 03:55:00,1.4335,1.43351,1.43348,1.43351,225000000.0
2011-06-21 03:56:00,1.4335,1.43351,1.43344,1.43344,345000000.0
2011-06-21 03:57:00,1.43341,1.43345,1.4332,1.4333,564799995.4223633
2011-06-21 03:58:00,1.43331,1.43344,1.43329,1.43343,1067300033.5693359
2011-06-21 03:59:00,1.43343,1.43343,1.43312,1.43312,1331999969.4824219
2011-06-21 04:00:00,1.4331,1.43311,1.43271,1.43278,1200000000.0
2011-06-21 04:01:00,1.43274,1.43284,1.43268,1.43278,634199981.6894531
2011-06-21 04:02:00,1.43279,1.433,1.43279,1.43291,817500000.0
2011-06-21 04:03:00,1.43291,1.43292,1.43289,1.43292,156000003.81469727
2011-06-21 04:04:00,1.43289,1.43289,1.43274,1.43274,834000015.2587891
2011-06-21 04:05:00,1.43274,1.43274,1.43274,1.43274,45000000.0
2011-06-21 04:06:00,1.43274,1.4329,1.43274,1.4329,760500030.5175781
2011-06-21 04:07:00,1.43289,1.43289,1.43263,1.43273,1033600006.1035156
2011-06-21 04:08:00,1.43273,1.43295,1.43273,1.43294,425999984.74121094
2011-06-21 04:09:00,1.43292,1.43299,1.43283,1.43283,1146299972.5341797
2011-06-21 04:10:00,1.43284,1.43284,1.43266,1.43274,685100021.3623047
2011-06-21 04:11:00,1.43276,1.43276,1.43252,1.43253,605299987.7929688
2011-06-21 04:12:00,1.43253,1.43254,1.43249,1.4325,246000003.81469727
2011-06-21 04:13:00,1.43253,1.43256,1.43235,1.43238,852799987.7929688
2011-06-21 04:14:00,1.43239,1.43242,1.43238,1.43242,315000000.0
2011-06-21 04:15:00,1.43242,1.4328,1.43242,1.4328,988499984.7412109
2011-06-21 04:16:00,1.4328,1.43311,1.4328,1.43311,510000000.0
2011-06-21 04:17:00,1.43313,1.43316,1.43295,1.43305,853499984.7412109
2011-06-21 04:18:00,1.43307,1.43312,1.43299,1.433,691800003.0517578
2011-06-21 04:19:00,1.43303,1.43303,1.43296,1.43297,195000000.0
2011-06-21 04:20:00,1.43302,1.43302,1.43295,1.43295,105600004.19616699
2011-06-21 04:21:00,1.43295,1.43312,1.43295,1.43309,382500000.0
2011-06-21 04:22:00,1.4331,1.43314,1.4331,1.43312,781500015.2587891
2011-06-21 04:23:00,1.43312,1.43314,1.43312,1.43313,142500000.0
2011-06-21 04:24:00,1.43313,1.43335,1.43313,1.43335,315000000.0
2011-06-21 04:25:00,1.43335,1.43354,1.43331,1.43336,866399993.8964844
2011-06-21 04:26:00,1.43336,1.43337,1.43327,1.43335,674100036.6210938
2011-06-21 04:27:00,1.43335,1.43335,1.43313,1.43314,656100006.1035156
2011-06-21 04:28:00,1.43314,1.43319,1.43313,1.43318,220300006.86645508
2011-06-21 04:29:00,1.43318,1.43323,1.43312,1.43312,397500000.0
2011-06-21 04:30:00,1.43312,1.43312,1.43258,1.43258,955500030.5175781
2011-06-21 04:31:00,1.43257,1.43262,1.43253,1.43262,410999984.74121094
2011-06-21 04:32:00,1.43264,1.43307,1.43264,1.43281,1323800048.828125
2011-06-21 04:33:00,1.4328,1.43292,1.43271,1.43271,1730299987.7929688
2011-06-21 04:34:00,1.43272,1.43285,1.43271,1.43271,1138499984.741211
2011-06-21 04:35:00,1.43271,1.43277,1.43254,1.43268,883799972.5341797
2011-06-21 04:36:00,1.43269,1.43284,1.43262,1.43275,1030500030.5175781
2011-06-21 04:37:00,1.43273,1.43283,1.43266,1.43272,967799987.7929688
2011-06-21 04:38:00,1.43272,1.43279,1.43271,1.43271,708000030.5175781
2011-06-21 04:39:00,1.4327,1.43274,1.43266,1.43267,285000000.0
2011-06-21 04:40:00,1.43267,1.43285,1.43267,1.43285,448499984.74121094
2011-06-21 04:41:00,1.43285,1.43285,1.43284,1.43285,397500000.0
2011-06-21 04:42:00,1.43288,1.4331,1.43288,1.4331,493499984.74121094
2011-06-21 04:43:00,1.4331,1.43319,1.43295,1.433,1039800033.5693359
2011-06-21 04:44:00,1.43307,1.43355,1.43307,1.43355,1168499984.741211
2011-06-21 04:45:00,1.43355,1.43369,1.43354,1.4336,1386000061.0351562
2011-06-21 04:46:00,1.4336,1.4341,1.4336,1.43393,2493899993.8964844
2011-06-21 04:47:00,1.43395,1.43407,1.4338,1.43394,2159400024.4140625
2011-06-21 04:48:00,1.43395,1.43402,1.43389,1.43391,1671999969.4824219
2011-06-21 04:49:00,1.43391,1.43409,1.43389,1.43405,1894600067.1386719
2011-06-21 04:50:00,1.43403,1.4346,1.434,1.43446,2140599975.5859375
2011-06-21 04:51:00,1.43446,1.43453,1.43442,1.43445,862500000.0
2011-06-21 04:52:00,1.43445,1.43452,1.43435,1.43435,928499984.7412109
2011-06-21 04:53:00,1.43435,1.43439,1.43391,1.43399,2018699951.171875
2011-06-21 04:54:00,1.434,1.4341,1.4339,1.43403,1269800033.569336
2011-06-21 04:55:00,1.43403,1.43403,1.43393,1.43393,439500007.62939453
2011-06-21 04:56:00,1.43394,1.43411,1.43391,1.43408,1258799972.5341797
2011-06-21 04:57:00,1.43417,1.43419,1.43401,1.43409,815400009.1552734
2011-06-21 04:58:00,1.43407,1.4341,1.43395,1.43395,984800033.5693359
2011-06-21 04:59:00,1.43395,1.43404,1.43371,1.43371,1391999969.4824219
2011-06-21 05:00:00,1.43371,1.43386,1.43371,1.43385,855000000.0
2011-06-21 05:01:00,1.43384,1.43399,1.43382,1.43395,858000030.5175781
2011-06-21 05:02:00,1.43395,1.43395,1.43389,1.4339,407999992.37060547
2011-06-21 05:03:00,1.43387,1.43387,1.43365,1.43381,1144199981.6894531
2011-06-21 05:04:00,1.43381,1.43384,1.43378,1.4338,560999984.7412109
2011-06-21 05:05:00,1.43382,1.43423,1.43382,1.43404,1035500030.5175781
2011-06-21 05:06:00,1.43404,1.43466,1.43402,1.4344,2673099975.5859375
2011-06-21 05:07:00,1.4344,1.43465,1.43435,1.43465,1076299972.5341797
2011-06-21 05:08:00,1.43465,1.43481,1.43465,1.43472,980899963.3789062
2011-06-21 05:09:00,1.43472,1.43472,1.43463,1.43472,523499984.74121094
2011-06-21 05:10:00,1.43471,1.43472,1.43461,1.43464,830999984.7412109
2011-06-21 05:11:00,1.43464,1.43506,1.43462,1.43505,2500800018.310547
2011-06-21 05:12:00,1.43501,1.4351,1.43489,1.43506,2456100006.1035156
2011-06-21 05:13:00,1.43503,1.43507,1.43483,1.43483,2596499938.9648438
2011-06-21 05:14:00,1.43483,1.43487,1.4346,1.43483,1313999938.9648438
2011-06-21 05:15:00,1.43487,1.4352,1.43487,1.43516,1228499984.741211
2011-06-21 05:16:00,1.43516,1.4352,1.4351,1.4352,1122300033.569336
2011-06-21 05:17:00,1.43521,1.4353,1.43509,1.43529,1188000030.5175781
2011-06-21 05:18:00,1.43529,1.43546,1.4352,1.43545,1998999938.9648438
2011-06-21 05:19:00,1.43544,1.43581,1.43541,1.43573,1176100006.1035156
2011-06-21 05:20:00,1.43573,1.43604,1.4357,1.43573,1969299926.7578125
2011-06-21 05:21:00,1.43574,1.43577,1.43562,1.43565,836999969.4824219
2011-06-21 05:22:00,1.43565,1.43574,1.43552,1.43574,1433300018.3105469
2011-06-21 05:23:00,1.43575,1.43608,1.43572,1.43605,1992100067.1386719
2011-06-21 05:24:00,1.43603,1.43626,1.43601,1.43603,1575500030.5175781
2011-06-21 05:25:00,1.43602,1.43605,1.43551,1.43571,1636699981.6894531
2011-06-21 05:26:00,1.43571,1.43573,1.43557,1.4357,1404799957.2753906
2011-06-21 05:27:00,1.43574,1.43579,1.43529,1.43539,1382299957.2753906
2011-06-21 05:28:00,1.43542,1.43546,1.43507,1.4351,1594499969.4824219
2011-06-21 05:29:00,1.43509,1.43517,1.43479,1.43484,2482500000.0
2011-06-21 05:30:00,1.43488,1.4349,1.4346,1.43473,1541100006.1035156
2011-06-21 05:31:00,1.43476,1.43534,1.43474,1.43534,1350800018.3105469
2011-06-21 05:32:00,1.43532,1.43532,1.43514,1.43517,382500000.0
2011-06-21 05:33:00,1.43517,1.43535,1.43517,1.43534,956999969.4824219
2011-06-21 05:34:00,1.43534,1.43548,1.43516,1.43516,1379299926.7578125
2011-06-21 05:35:00,1.43517,1.43517,1.43491,1.43495,1215000000.0
2011-06-21 05:36:00,1.43495,1.43514,1.43493,1.43503,1534499969.4824219
2011-06-21 05:37:00,1.43502,1.43502,1.43471,1.43473,965299987.7929688
2011-06-21 05:38:00,1.43472,1.4348,1.43459,1.43461,1461900024.4140625
2011-06-21 05:39:00,1.43461,1.43469,1.43461,1.43463,322500000.0
2011-06-21 05:40:00,1.43466,1.43475,1.43461,1.43472,918799972.5341797
2011-06-21 05:41:00,1.43479,1.43481,1.4347,1.43474,663000030.5175781
2011-06-21 05:42:00,1.43475,1.43483,1.43461,1.43461,1071800003.0517578
2011-06-21 05:43:00,1.4346,1.4346,1.43428,1.43433,1146500015.258789
2011-06-21 05:44:00,1.43431,1.43444,1.43431,1.43444,757600021.3623047
2011-06-21 05:45:00,1.43444,1.43454,1.43442,1.43454,475800018.3105469
2011-06-21 05:46:00,1.43453,1.43455,1.43443,1.43448,817500000.0
2011-06-21 05:47:00,1.43447,1.43455,1.43439,1.43453,898600006.1035156
2011-06-21 05:48:00,1.43455,1.43455,1.43451,1.43453,1181299972.5341797
2011-06-21 05:49:00,1.43453,1.43453,1.43436,1.43451,1041800003.0517578
2011-06-21 05:50:00,1.43449,1.4345,1.43432,1.43432,1332799987.7929688
2011-06-21 05:51:00,1.43431,1.43454,1.43431,1.43441,813799972.5341797
2011-06-21 05:52:00,1.43441,1.43457,1.43441,1.43457,1948300018.3105469
2011-06-21 05:53:00,1.43459,1.43462,1.43431,1.43442,1356000061.0351562
2011-06-21 05:54:00,1.43441,1.43466,1.4343,1.43461,1657500000.0
2011-06-21 05:55:00,1.43461,1.43461,1.43435,1.43439,1704799957.2753906
2011-06-21 05:56:00,1.43439,1.43448,1.43435,1.43436,1065599975.5859375
2011-06-21 05:57:00,1.43436,1.43439,1.4342,1.43422,1369799957.2753906
2011-06-21 05:58:00,1.43424,1.43433,1.43411,1.43431,1234499969.4824219
2011-06-21 05:59:00,1.43436,1.4344,1.43432,1.43433,523499984.74121094
2011-06-21 06:00:00,1.43433,1.43433,1.43409,1.43413,1593899993.8964844
2011-06-21 06:01:00,1.43415,1.43428,1.43411,1.4342,1258000030.5175781
2011-06-21 06:02:00,1.43421,1.43428,1.43416,1.43428,555900001.5258789
2011-06-21 06:03:00,1.43428,1.4348,1.43428,1.4347,1513999938.9648438
2011-06-21 06:04:00,1.4347,1.43481,1.4346,1.43467,1736999969.4824219
2011-06-21 06:05:00,1.43468,1.4347,1.43449,1.43461,1573899993.8964844
2011-06-21 06:06:00,1.43461,1.43472,1.43453,1.4347,848300018.3105469
2011-06-21 06:07:00,1.43469,1.43486,1.43463,1.43483,1803899993.8964844
2011-06-21 06:08:00,1.43482,1.43547,1.43475,1.43547,1887500000.0
2011-06-21 06:09:00,1.43547,1.43564,1.43535,1.43554,2388800048.828125
2011-06-21 06:10:00,1.43555,1.43561,1.43515,1.43516,2353500061.0351562
2011-06-21 06:11:00,1.43515,1.43547,1.43508,1.43546,2273699951.171875
2011-06-21 06:12:00,1.43546,1.43546,1.43512,1.43516,1347100067.1386719
2011-06-21 06:13:00,1.43516,1.43524,1.4351,1.43522,1125000000.0
2011-06-21 06:14:00,1.43519,1.43558,1.43519,1.43553,1115999984.741211
2011-06-21 06:15:00,1.43553,1.43652,1.43553,1.43648,3293399963.3789062
2011-06-21 06:16:00,1.43647,1.43666,1.4363,1.4364,3542600097.65625
2011-06-21 06:17:00,1.43642,1.43683,1.43633,1.43671,3063500061.0351562
2011-06-21 06:18:00,1.43667,1.43669,1.43653,1.43663,1926600036.6210938
2011-06-21 06:19:00,1.43663,1.43663,1.43636,1.43636,1858500061.0351562
2011-06-21 06:20:00,1.43636,1.43677,1.43636,1.43677,2298000030.517578
2011-06-21 06:21:00,1.43676,1.43692,1.43663,1.4367,2441499938.9648438
2011-06-21 06:22:00,1.4367,1.43674,1.43653,1.43654,975000000.0
2011-06-21 06:23:00,1.43652,1.43663,1.43649,1.43663,1078499984.741211
2011-06-21 06:24:00,1.43661,1.43662,1.43634,1.43636,1343300018.3105469
2011-06-21 06:25:00,1.43635,1.43635,1.43596,1.43607,1718500061.0351562
2011-06-21 06:26:00,1.43607,1.43618,1.43591,1.43618,2174600067.138672
2011-06-21 06:27:00,1.4362,1.43647,1.43619,1.43637,2093699951.171875
2011-06-21 06:28:00,1.4363,1.4364,1.4358,1.43585,2383800048.828125
2011-06-21 06:29:00,1.43583,1.43592,1.43558,1.43566,1663600006.1035156
2011-06-21 06:30:00,1.43566,1.4359,1.43565,1.43581,1591100006.1035156
2011-06-21 06:31:00,1.43582,1.43622,1.43578,1.43592,2311600036.6210938
2011-06-21 06:32:00,1.43593,1.4362,1.43593,1.43615,1687599945.0683594
2011-06-21 06:33:00,1.43614,1.43647,1.43614,1.43643,1050000000.0
2011-06-21 06:34:00,1.43642,1.43672,1.43642,1.43655,2641400146.484375
2011-06-21 06:35:00,1.43655,1.43679,1.43642,1.43642,2737799987.7929688
2011-06-21 06:36:00,1.43643,1.43643,1.4362,1.43625,1731000061.0351562
2011-06-21 06:37:00,1.43626,1.43707,1.43616,1.43703,2448000030.517578
2011-06-21 06:38:00,1.43702,1.43711,1.43676,1.43711,2003300018.3105469
2011-06-21 06:39:00,1.43711,1.4373,1.43711,1.43721,2619800109.8632812
2011-06-21 06:40:00,1.43721,1.43761,1.43721,1.43729,2376399993.8964844
2011-06-21 06:41:00,1.4373,1.43739,1.4369,1.43699,2342799987.7929688
2011-06-21 06:42:00,1.43699,1.43724,1.43692,1.43724,1604100036.6210938
2011-06-21 06:43:00,1.43725,1.43769,1.43715,1.43717,2282400054.9316406
2011-06-21 06:44:00,1.43717,1.43727,1.43717,1.43723,1145299987.7929688
2011-06-21 06:45:00,1.43724,1.43725,1.43684,1.43685,1903800048.828125
2011-06-21 06:46:00,1.43685,1.43687,1.43663,1.43672,1533200073.2421875
2011-06-21 06:47:00,1.43673,1.43679,1.43641,1.43651,1258499984.741211
2011-06-21 06:48:00,1.43647,1.43659,1.43639,1.43655,1805299987.7929688
2011-06-21 06:49:00,1.43655,1.43664,1.4363,1.43664,2162899932.861328
2011-06-21 06:50:00,1.43663,1.43674,1.4365,1.4365,1127300033.569336
2011-06-21 06:51:00,1.43649,1.43649,1.43591,1.43597,1326499938.9648438
2011-06-21 06:52:00,1.43598,1.43598,1.43569,1.43573,1381000061.0351562
2011-06-21 06:53:00,1.43574,1.43602,1.43574,1.43602,1349400024.4140625
2011-06-21 06:54:00,1.43603,1.43617,1.43588,1.4359,2311300048.828125
2011-06-21 06:55:00,1.43589,1.43591,1.43567,1.43568,1254800033.569336
2011-06-21 06:56:00,1.43566,1.43566,1.43551,1.43559,1401799926.7578125
2011-06-21 06:57:00,1.43559,1.436,1.43559,1.43592,1748500061.0351562
2011-06-21 06:58:00,1.43591,1.43595,1.43581,1.43585,1086299972.5341797
2011-06-21 06:59:00,1.43588,1.43607,1.43584,1.43606,2102700042.7246094
2011-06-21 07:00:00,1.43607,1.43607,1.43569,1.43572,2191300048.828125
2011-06-21 07:01:00,1.43575,1.43587,1.43565,1.43574,2379499969.482422
2011-06-21 07:02:00,1.43574,1.43616,1.43574,1.43602,1606699981.6894531
2011-06-21 07:03:00,1.43604,1.4363,1.43601,1.43628,2126900024.4140625
2011-06-21 07:04:00,1.43629,1.43631,1.43623,1.43624,1737700042.7246094
2011-06-21 07:05:00,1.43623,1.43623,1.43559,1.43561,2288800048.828125
2011-06-21 07:06:00,1.4356,1.43575,1.43515,1.43515,2108399963.3789062
2011-06-21 07:07:00,1.43514,1.43549,1.4351,1.43543,2612399902.34375
2011-06-21 07:08:00,1.43542,1.43542,1.435,1.43514,1882899932.8613281
2011-06-21 07:09:00,1.43516,1.43518,1.43495,1.43502,1805000000.0
2011-06-21 07:10:00,1.43504,1.43535,1.435,1.43531,1760299987.7929688
2011-06-21 07:11:00,1.43533,1.43581,1.43527,1.4358,2624100036.6210938
2011-06-21 07:12:00,1.4358,1.43591,1.43569,1.43572,1673000030.5175781
2011-06-21 07:13:00,1.43573,1.43605,1.43569,1.43604,2388200073.2421875
2011-06-21 07:14:00,1.43605,1.43607,1.43587,1.43591,2202299957.2753906
2011-06-21 07:15:00,1.43588,1.43682,1.43579,1.4366,3493699951.171875
2011-06-21 07:16:00,1.4366,1.43685,1.4365,1.43672,2660599975.5859375
2011-06-21 07:17:00,1.43673,1.43712,1.43668,1.43687,2821400146.484375
2011-06-21 07:18:00,1.43686,1.43687,1.4366,1.43661,1862799987.7929688
2011-06-21 07:19:00,1.43661,1.43672,1.43643,1.43645,1636300048.828125
2011-06-21 07:20:00,1.43645,1.43693,1.43635,1.43693,2470700073.2421875
2011-06-21 07:21:00,1.43693,1.43728,1.43685,1.43699,2901700134.2773438
2011-06-21 07:22:00,1.43699,1.43699,1.43663,1.43669,1999299926.7578125
2011-06-21 07:23:00,1.4367,1.43687,1.4367,1.43678,1355000000.0
2011-06-21 07:24:00,1.43676,1.43676,1.43591,1.43591,2087100067.1386719
2011-06-21 07:25:00,1.43591,1.43602,1.43574,1.43601,2236100006.1035156
2011-06-21 07:26:00,1.43602,1.43623,1.43596,1.43612,1708300018.3105469
2011-06-21 07:27:00,1.43613,1.43615,1.43573,1.43573,1883200073.2421875
2011-06-21 07:28:00,1.43573,1.43573,1.43531,1.43553,2305500030.517578
2011-06-21 07:29:00,1.43554,1.43582,1.43551,1.43561,2267700042.7246094
2011-06-21 07:30:00,1.43564,1.43604,1.43564,1.43601,1703399963.3789062
2011-06-21 07:31:00,1.43601,1.43602,1.43554,1.43554,2050200042.7246094
2011-06-21 07:32:00,1.43553,1.43558,1.43537,1.43558,1496399993.8964844
2011-06-21 07:33:00,1.4356,1.43577,1.43556,1.43562,1881499938.9648438
2011-06-21 07:34:00,1.43561,1.43567,1.43549,1.43565,1592700042.7246094
2011-06-21 07:35:00,1.43568,1.43591,1.43563,1.43573,1730399932.8613281
2011-06-21 07:36:00,1.43573,1.43574,1.43525,1.43534,2070200042.7246094
2011-06-21 07:37:00,1.43534,1.43568,1.43528,1.43558,2844400024.4140625
2011-06-21 07:38:00,1.43557,1.43572,1.43502,1.43512,3126300048.828125
2011-06-21 07:39:00,1.43512,1.43531,1.43497,1.43511,2706099853.515625
2011-06-21 07:40:00,1.43512,1.43521,1.43493,1.43496,1569900054.9316406
2011-06-21 07:41:00,1.43498,1.43531,1.4347,1.43528,2544199981.689453
2011-06-21 07:42:00,1.43523,1.43542,1.43499,1.43527,2639200134.2773438
2011-06-21 07:43:00,1.43527,1.43548,1.43519,1.43542,2021600036.6210938
2011-06-21 07:44:00,1.43541,1.43552,1.43534,1.4354,1607899932.8613281
2011-06-21 07:45:00,1.43541,1.43551,1.43522,1.43551,1526399993.8964844
2011-06-21 07:46:00,1.43551,1.43559,1.43544,1.43544,1237300033.569336
2011-06-21 07:47:00,1.43545,1.43555,1.43536,1.43545,1421900024.4140625
2011-06-21 07:48:00,1.43546,1.43551,1.43531,1.43531,1587700042.7246094
2011-06-21 07:49:00,1.4353,1.4353,1.4351,1.43527,1867100067.1386719
2011-06-21 07:50:00,1.43527,1.43541,1.43517,1.43539,2210299987.7929688
2011-06-21 07:51:00,1.4354,1.43624,1.4354,1.4361,2140200042.7246094
2011-06-21 07:52:00,1.43607,1.43654,1.43601,1.43645,2836600036.6210938
2011-06-21 07:53:00,1.43647,1.43656,1.43634,1.43652,1874700012.2070312
2011-06-21 07:54:00,1.43653,1.43685,1.43631,1.43683,2847999877.9296875
2011-06-21 07:55:00,1.43681,1.437,1.4367,1.43671,2662000122.0703125
2011-06-21 07:56:00,1.43676,1.43697,1.43643,1.43656,2190200042.7246094
2011-06-21 07:57:00,1.43655,1.43681,1.43655,1.43671,1843500061.0351562
2011-06-21 07:58:00,1.43673,1.43683,1.43661,1.43663,1888899993.8964844
2011-06-21 07:59:00,1.43663,1.4367,1.43621,1.43629,2262700042.7246094
2011-06-21 08:00:00,1.4363,1.43641,1.43609,1.43613,3061700134.2773438
2011-06-21 08:01:00,1.43614,1.43641,1.43612,1.43641,1546600036.6210938
2011-06-21 08:02:00,1.4364,1.43649,1.43616,1.4364,1964199981.6894531
2011-06-21 08:03:00,1.4364,1.43649,1.43615,1.43621,1892599945.0683594
2011-06-21 08:04:00,1.43619,1.43635,1.43611,1.43614,1396900024.4140625
2011-06-21 08:05:00,1.43614,1.43625,1.43599,1.43613,2040399932.8613281
2011-06-21 08:06:00,1.43613,1.43617,1.43563,1.43569,1838000030.5175781
2011-06-21 08:07:00,1.43568,1.43601,1.43561,1.43596,2218000030.517578
2011-06-21 08:08:00,1.43596,1.43649,1.43596,1.43649,1489600067.1386719
2011-06-21 08:09:00,1.43649,1.43649,1.43572,1.4358,2219400024.4140625
2011-06-21 08:10:00,1.43579,1.43579,1.4354,1.43554,2008699951.171875
2011-06-21 08:11:00,1.43557,1.43612,1.43554,1.43602,1938099975.5859375
2011-06-21 08:12:00,1.43602,1.43609,1.43578,1.43598,2318600006.1035156
2011-06-21 08:13:00,1.43597,1.43599,1.43541,1.43541,1875399932.8613281
2011-06-21 08:14:00,1.43546,1.43546,1.43504,1.43531,2019299926.7578125
2011-06-21 08:15:00,1.43531,1.43552,1.43519,1.43543,2084700012.2070312
2011-06-21 08:16:00,1.43542,1.43548,1.4352,1.4352,1553999938.9648438
2011-06-21 08:17:00,1.43519,1.43551,1.43511,1.43537,1722200012.2070312
2011-06-21 08:18:00,1.43537,1.43542,1.43524,1.4353,1301799926.7578125
2011-06-21 08:19:00,1.4353,1.43531,1.43521,1.43531,1501000061.0351562
2011-06-21 08:20:00,1.43531,1.43539,1.4352,1.4352,1893800048.828125
2011-06-21 08:21:00,1.43519,1.43519,1.43479,1.43503,1754900054.9316406
2011-06-21 08:22:00,1.43505,1.43529,1.43502,1.43523,1782500000.0
2011-06-21 08:23:00,1.43524,1.43572,1.43523,1.43561,1865599975.5859375
2011-06-21 08:24:00,1.43561,1.43561,1.43551,1.43559,1243499984.741211
2011-06-21 08:25:00,1.4356,1.43565,1.43535,1.43559,1403000030.5175781
2011-06-21 08:26:00,1.43559,1.43563,1.43542,1.43542,1168300018.3105469
2011-06-21 08:27:00,1.43542,1.43587,1.43541,1.43587,2250000000.0
2011-06-21 08:28:00,1.43584,1.43593,1.43571,1.43591,1498399963.3789062
2011-06-21 08:29:00,1.43591,1.43591,1.43553,1.43553,1451600036.6210938
2011-06-21 08:30:00,1.43553,1.43587,1.43553,1.43581,1248499984.741211
2011-06-21 08:31:00,1.43581,1.43582,1.43551,1.43553,1942299957.2753906
2011-06-21 08:32:00,1.43555,1.43564,1.43555,1.43562,1055999984.7412109
2011-06-21 08:33:00,1.43562,1.43583,1.4355,1.43579,1761000061.0351562
2011-06-21 08:34:00,1.43579,1.43579,1.43483,1.43483,2271399993.8964844
2011-06-21 08:35:00,1.43482,1.43482,1.43428,1.43441,2474799957.2753906
2011-06-21 08:36:00,1.43441,1.43456,1.43399,1.43399,2583699951.171875
2011-06-21 08:37:00,1.43395,1.43431,1.43395,1.43431,2278399963.3789062
2011-06-21 08:38:00,1.4343,1.43432,1.43425,1.43428,1546999969.4824219
2011-06-21 08:39:00,1.43429,1.43488,1.43424,1.43477,2671000061.0351562
2011-06-21 08:40:00,1.43478,1.43481,1.4344,1.43459,2337899932.861328
2011-06-21 08:41:00,1.43459,1.4346,1.43431,1.43458,1949100036.6210938
2011-06-21 08:42:00,1.43458,1.43485,1.43457,1.43467,2005099945.0683594
2011-06-21 08:43:00,1.43467,1.43478,1.4346,1.43461,2214100036.6210938
2011-06-21 08:44:00,1.43461,1.43468,1.43442,1.43442,1593200073.2421875
2011-06-21 08:45:00,1.43441,1.43445,1.43412,1.43419,2144799957.2753906
2011-06-21 08:46:00,1.43417,1.43486,1.43404,1.43486,2066499938.9648438
2011-06-21 08:47:00,1.43487,1.43521,1.43472,1.43472,2458600006.1035156
2011-06-21 08:48:00,1.43471,1.43489,1.43463,1.43481,1782799987.7929688
2011-06-21 08:49:00,1.43476,1.43476,1.43462,1.43469,1360899963.3789062
2011-06-21 08:50:00,1.4347,1.43485,1.4347,1.43475,2189100036.6210938
2011-06-21 08:51:00,1.43476,1.43478,1.43441,1.43448,2280299987.7929688
2011-06-21 08:52:00,1.43448,1.4345,1.43424,1.43426,1434700012.2070312
2011-06-21 08:53:00,1.43426,1.4349,1.43422,1.4349,1931499938.9648438
2011-06-21 08:54:00,1.43489,1.43489,1.43445,1.43458,1951300048.828125
2011-06-21 08:55:00,1.43458,1.43461,1.43436,1.43444,1581600036.6210938
2011-06-21 08:56:00,1.43445,1.43476,1.43444,1.43476,1760200042.7246094
2011-06-21 08:57:00,1.43476,1.43521,1.43466,1.4352,2246900024.4140625
2011-06-21 08:58:00,1.4352,1.4352,1.4348,1.43485,1621000061.0351562
2011-06-21 08:59:00,1.43484,1.43484,1.43425,1.43425,1899600067.1386719
2011-06-21 09:00:00,1.43421,1.43421,1.43276,1.43283,4544599914.550781
2011-06-21 09:01:00,1.43285,1.43301,1.43224,1.43294,3993599853.515625
2011-06-21 09:02:00,1.43293,1.43294,1.43216,1.43271,3246700134.2773438
2011-06-21 09:03:00,1.43272,1.43308,1.43272,1.43304,3209400024.4140625
2011-06-21 09:04:00,1.43304,1.43347,1.43303,1.43344,3358900146.484375
2011-06-21 09:05:00,1.43343,1.43343,1.43237,1.43243,4049700012.2070312
2011-06-21 09:06:00,1.43244,1.43271,1.43241,1.43261,2815199890.1367188
2011-06-21 09:07:00,1.43261,1.433,1.43228,1.43293,2855100097.65625
2011-06-21 09:08:00,1.43294,1.43317,1.43286,1.43314,3576799926.7578125
2011-06-21 09:09:00,1.43315,1.43336,1.43305,1.43326,2204199981.689453
2011-06-21 09:10:00,1.43326,1.43328,1.43261,1.43287,3066499938.9648438
2011-06-21 09:11:00,1.43282,1.43316,1.43275,1.43313,2675100097.65625
2011-06-21 09:12:00,1.43309,1.43333,1.43304,1.43333,2108600006.1035156
2011-06-21 09:13:00,1.43332,1.43346,1.43324,1.43344,3144100036.6210938
2011-06-21 09:14:00,1.43344,1.43346,1.43316,1.4332,2075099945.0683594
2011-06-21 09:15:00,1.4332,1.43339,1.43312,1.43337,2272599945.0683594
2011-06-21 09:16:00,1.43339,1.43345,1.43276,1.43288,2725199890.1367188
2011-06-21 09:17:00,1.43288,1.43331,1.43282,1.4333,2933099975.5859375
2011-06-21 09:18:00,1.43331,1.43338,1.43298,1.43314,2604299926.7578125
2011-06-21 09:19:00,1.43314,1.43314,1.43194,1.43194,3570199890.1367188
2011-06-21 09:20:00,1.43189,1.43234,1.43179,1.43232,2110299987.7929688
2011-06-21 09:21:00,1.43231,1.43253,1.4321,1.43225,2427599945.0683594
2011-06-21 09:22:00,1.43225,1.43225,1.43202,1.43202,2121600036.6210938
2011-06-21 09:23:00,1.43196,1.43199,1.43153,1.43173,2345500030.517578
2011-06-21 09:24:00,1.43173,1.43197,1.4317,1.43189,2559299926.7578125
2011-06-21 09:25:00,1.43188,1.43216,1.43171,1.43182,2208800048.828125
2011-06-21 09:26:00,1.43181,1.43251,1.43177,1.4323,3336600036.6210938
2011-06-21 09:27:00,1.43227,1.43231,1.4319,1.43231,1965099945.0683594
2011-06-21 09:28:00,1.4323,1.43281,1.43225,1.43251,2016999969.4824219
2011-06-21 09:29:00,1.43251,1.43282,1.43248,1.43268,1990500030.5175781
2011-06-21 09:30:00,1.4327,1.4327,1.43218,1.43218,2633900146.484375
2011-06-21 09:31:00,1.43218,1.43238,1.43213,1.43215,1968500061.0351562
2011-06-21 09:32:00,1.43215,1.43221,1.43171,1.43171,2161600036.6210938
2011-06-21 09:33:00,1.43171,1.43229,1.43167,1.432,2618699951.171875
2011-06-21 09:34:00,1.43198,1.43211,1.43177,1.43205,1841199951.171875
2011-06-21 09:35:00,1.43206,1.43228,1.43185,1.43228,2453999938.9648438
2011-06-21 09:36:00,1.43231,1.43287,1.43229,1.4328,2104100036.6210938
2011-06-21 09:37:00,1.4328,1.43303,1.43263,1.43271,2440800018.310547
2011-06-21 09:38:00,1.43269,1.43343,1.43259,1.4333,2198500061.0351562
2011-06-21 09:39:00,1.4333,1.4333,1.43263,1.43285,2392899932.861328
2011-06-21 09:40:00,1.43285,1.43317,1.43284,1.43306,1646199951.171875
2011-06-21 09:41:00,1.4331,1.43338,1.43308,1.43326,2326100006.1035156
2011-06-21 09:42:00,1.43325,1.43379,1.43311,1.43361,2806600036.6210938
2011-06-21 09:43:00,1.43356,1.43371,1.43345,1.43365,1459199981.6894531
2011-06-21 09:44:00,1.43365,1.43365,1.43327,1.4333,1564400024.4140625
2011-06-21 09:45:00,1.43331,1.43347,1.43305,1.43326,1542299957.2753906
2011-06-21 09:46:00,1.43328,1.43359,1.43328,1.43358,1568600006.1035156
2011-06-21 09:47:00,1.43362,1.43368,1.43335,1.43349,1542599945.0683594
2011-06-21 09:48:00,1.43354,1.43357,1.43343,1.43346,1148600006.1035156
2011-06-21 09:49:00,1.43344,1.43344,1.43313,1.43318,1359900054.9316406
2011-06-21 09:50:00,1.4332,1.43331,1.43272,1.43275,2019700012.2070312
2011-06-21 09:51:00,1.43275,1.43306,1.43272,1.43306,1760000000.0
2011-06-21 09:52:00,1.43307,1.43336,1.43307,1.43315,2299799957.2753906
2011-06-21 09:53:00,1.43316,1.43316,1.43273,1.43273,1415500030.5175781
2011-06-21 09:54:00,1.43276,1.43298,1.43276,1.43295,1922400054.9316406
2011-06-21 09:55:00,1.43295,1.43318,1.43291,1.43317,1289799957.2753906
2011-06-21 09:56:00,1.43316,1.43316,1.43284,1.43293,2560100097.65625
2011-06-21 09:57:00,1.43293,1.43329,1.43287,1.43325,1321699981.6894531
2011-06-21 09:58:00,1.43322,1.43332,1.43306,1.43317,2028500061.0351562
2011-06-21 09:59:00,1.43316,1.43316,1.43246,1.43246,2965499877.9296875
2011-06-21 10:00:00,1.43245,1.43245,1.43195,1.43215,3608999938.9648438
2011-06-21 10:01:00,1.43213,1.43218,1.43171,1.4319,3059200134.2773438
2011-06-21 10:02:00,1.43189,1.4321,1.4315,1.43206,3570700073.2421875
2011-06-21 10:03:00,1.43203,1.43229,1.43189,1.43229,2718999938.9648438
2011-06-21 10:04:00,1.43229,1.4325,1.43207,1.43244,3334400024.4140625
2011-06-21 10:05:00,1.43243,1.4326,1.43216,1.4326,2503300018.310547
2011-06-21 10:06:00,1.43258,1.43266,1.43226,1.43255,3467000122.0703125
2011-06-21 10:07:00,1.43258,1.43259,1.43231,1.43242,1930299987.7929688
2011-06-21 10:08:00,1.43241,1.43256,1.43225,1.43227,2336199951.171875
2011-06-21 10:09:00,1.43229,1.43267,1.43227,1.43253,2831300048.828125
2011-06-21 10:10:00,1.43252,1.4328,1.43246,1.43271,2117100067.1386719
2011-06-21 10:11:00,1.43273,1.43361,1.43273,1.43327,3177399902.34375
2011-06-21 10:12:00,1.43329,1.4334,1.43309,1.43335,1553899993.8964844
2011-06-21 10:13:00,1.4333,1.43355,1.43318,1.4335,1607700042.7246094
2011-06-21 10:14:00,1.43349,1.43455,1.43349,1.43455,2598599853.515625
2011-06-21 10:15:00,1.43456,1.43463,1.43431,1.43431,3097699890.1367188
2011-06-21 10:16:00,1.43432,1.43511,1.43431,1.43495,3792000122.0703125
2011-06-21 10:17:00,1.43497,1.43498,1.43457,1.4347,2367899932.861328
2011-06-21 10:18:00,1.43471,1.43481,1.43453,1.43453,1689600067.1386719
2011-06-21 10:19:00,1.43454,1.43497,1.43447,1.4349,1767100067.1386719
2011-06-21 10:20:00,1.4349,1.4349,1.43461,1.43465,1408399963.3789062
2011-06-21 10:21:00,1.43465,1.43467,1.43447,1.4345,1485800018.3105469
2011-06-21 10:22:00,1.4345,1.43459,1.43429,1.43441,1978800048.828125
2011-06-21 10:23:00,1.4344,1.43479,1.4342,1.43479,1986199951.171875
2011-06-21 10:24:00,1.43479,1.43488,1.43426,1.43432,2186100006.1035156
2011-06-21 10:25:00,1.43432,1.43473,1.43432,1.43468,2563500061.0351562
2011-06-21 10:26:00,1.4347,1.43483,1.43461,1.43461,1770099945.0683594
2011-06-21 10:27:00,1.43461,1.43469,1.43451,1.43452,2080200042.7246094
2011-06-21 10:28:00,1.43455,1.4347,1.4345,1.43468,1759299926.7578125
2011-06-21 10:29:00,1.43468,1.43503,1.43468,1.43499,2008300018.3105469
2011-06-21 10:30:00,1.43501,1.43557,1.43501,1.43547,2712200012.2070312
2011-06-21 10:31:00,1.43547,1.43547,1.4351,1.43512,1933999938.9648438
2011-06-21 10:32:00,1.43511,1.43567,1.4351,1.43557,1809199981.6894531
2011-06-21 10:33:00,1.43561,1.43572,1.43541,1.43554,2599400024.4140625
2011-06-21 10:34:00,1.43556,1.43559,1.43516,1.43519,1725700073.2421875
2011-06-21 10:35:00,1.4352,1.43527,1.43518,1.43519,1339700012.2070312
2011-06-21 10:36:00,1.43519,1.43526,1.43513,1.43518,744100036.6210938
2011-06-21 10:37:00,1.43518,1.43541,1.43518,1.43527,1651300048.828125
2011-06-21 10:38:00,1.43526,1.43538,1.4351,1.43533,1613899993.8964844
2011-06-21 10:39:00,1.43533,1.43542,1.43521,1.4354,1604199981.6894531
2011-06-21 10:40:00,1.4354,1.43565,1.4354,1.4355,2100899963.3789062
2011-06-21 10:41:00,1.43552,1.43559,1.43531,1.43542,2549299926.7578125
2011-06-21 10:42:00,1.43543,1.43549,1.43535,1.43538,1429400024.4140625
2011-06-21 10:43:00,1.43536,1.43541,1.43516,1.43518,1357700042.7246094
2011-06-21 10:44:00,1.43518,1.43523,1.43497,1.43505,1512599945.0683594
2011-06-21 10:45:00,1.43505,1.43519,1.43489,1.43519,1720399932.8613281
2011-06-21 10:46:00,1.4352,1.43537,1.43514,1.43521,1988399963.3789062
2011-06-21 10:47:00,1.43521,1.43551,1.43511,1.43551,1900200042.7246094
2011-06-21 10:48:00,1.43551,1.4357,1.43548,1.43556,2148600006.1035156
2011-06-21 10:49:00,1.43557,1.43561,1.43541,1.43546,1496999969.4824219
2011-06-21 10:50:00,1.43547,1.43619,1.43545,1.43607,1975800018.3105469
2011-06-21 10:51:00,1.43608,1.43619,1.43596,1.43607,2222400054.9316406
2011-06-21 10:52:00,1.43608,1.43625,1.43607,1.43615,1922299957.2753906
2011-06-21 10:53:00,1.43615,1.4363,1.43612,1.43629,1331300048.828125
2011-06-21 10:54:00,1.43629,1.43629,1.43598,1.43599,1880299987.7929688
2011-06-21 10:55:00,1.43598,1.4362,1.43598,1.43616,1548500061.0351562
2011-06-21 10:56:00,1.43618,1.4362,1.43601,1.43604,1250400009.1552734
2011-06-21 10:57:00,1.43605,1.43634,1.43605,1.43629,1738999938.9648438
2011-06-21 10:58:00,1.43634,1.43654,1.4363,1.4364,2145800018.3105469
2011-06-21 10:59:00,1.43639,1.43647,1.4362,1.43626,1455099945.0683594
2011-06-21 11:00:00,1.43626,1.43651,1.43623,1.43651,1832899932.8613281
2011-06-21 11:01:00,1.43651,1.43653,1.43627,1.43631,1546399993.8964844
2011-06-21 11:02:00,1.43629,1.43635,1.43621,1.43629,1411100006.1035156
2011-06-21 11:03:00,1.43628,1.43628,1.43585,1.43594,1352500000.0
2011-06-21 11:04:00,1.43593,1.43619,1.43592,1.43617,1265500030.5175781
2011-06-21 11:05:00,1.43617,1.4362,1.4361,1.43611,1185800018.3105469
2011-06-21 11:06:00,1.4361,1.43642,1.43609,1.43622,1643999938.9648438
2011-06-21 11:07:00,1.43622,1.43622,1.43589,1.43608,2006900024.4140625
2011-06-21 11:08:00,1.43608,1.43626,1.43606,1.43626,1094700012.2070312
2011-06-21 11:09:00,1.43627,1.43639,1.43623,1.43637,1792400054.9316406
2011-06-21 11:10:00,1.43636,1.43636,1.43585,1.4359,2058200073.2421875
2011-06-21 11:11:00,1.43588,1.43593,1.43586,1.43589,999400024.4140625
2011-06-21 11:12:00,1.43589,1.43598,1.43564,1.43568,1483899993.8964844
2011-06-21 11:13:00,1.43568,1.43568,1.4354,1.43551,2452700042.7246094
2011-06-21 11:14:00,1.43551,1.43551,1.43495,1.43509,2469299926.7578125
2011-06-21 11:15:00,1.43506,1.43526,1.43493,1.43517,2086399993.8964844
2011-06-21 11:16:00,1.43518,1.43528,1.43514,1.4352,1070100021.3623047
2011-06-21 11:17:00,1.4352,1.43529,1.43513,1.43529,1740200042.7246094
2011-06-21 11:18:00,1.43528,1.43538,1.43519,1.43538,931500015.2587891
2011-06-21 11:19:00,1.43538,1.43558,1.43536,1.4355,1125599975.5859375
2011-06-21 11:20:00,1.4355,1.4355,1.43537,1.43548,1249000015.258789
2011-06-21 11:21:00,1.43548,1.43581,1.43548,1.43581,1349600067.1386719
2011-06-21 11:22:00,1.43579,1.43599,1.43565,1.4358,2112799987.7929688
2011-06-21 11:23:00,1.4358,1.43607,1.4358,1.43607,1152099990.8447266
2011-06-21 11:24:00,1.43608,1.43638,1.43608,1.43617,2004400024.4140625
2011-06-21 11:25:00,1.43617,1.43621,1.43584,1.43591,2606400146.484375
2011-06-21 11:26:00,1.43593,1.4361,1.43577,1.43599,1597299957.2753906
2011-06-21 11:27:00,1.43599,1.43599,1.43559,1.43583,1781399993.8964844
2011-06-21 11:28:00,1.43583,1.436,1.43577,1.43599,1629299926.7578125
2011-06-21 11:29:00,1.43599,1.43599,1.43577,1.43577,1315299987.7929688
2011-06-21 11:30:00,1.43577,1.43581,1.43562,1.43568,966500015.2587891
2011-06-21 11:31:00,1.43568,1.4358,1.43545,1.43571,1509499969.4824219
2011-06-21 11:32:00,1.43571,1.43608,1.43569,1.43608,1500599975.5859375
2011-06-21 11:33:00,1.43609,1.4361,1.4358,1.43599,1205899963.3789062
2011-06-21 11:34:00,1.43599,1.43599,1.43571,1.43573,1180800018.3105469
2011-06-21 11:35:00,1.43567,1.43569,1.43537,1.43569,1568899993.8964844
2011-06-21 11:36:00,1.43572,1.43583,1.43556,1.43563,1266399993.8964844
2011-06-21 11:37:00,1.43563,1.43563,1.43541,1.43543,1369499969.4824219
2011-06-21 11:38:00,1.43545,1.43548,1.4352,1.43521,1232099990.8447266
2011-06-21 11:39:00,1.43521,1.43536,1.43507,1.43535,2160500030.517578
2011-06-21 11:40:00,1.43534,1.4362,1.43533,1.43613,2091100006.1035156
2011-06-21 11:41:00,1.43613,1.43678,1.43613,1.43668,2769700012.2070312
2011-06-21 11:42:00,1.43665,1.43706,1.43663,1.43681,3709100036.6210938
2011-06-21 11:43:00,1.43681,1.43681,1.43639,1.43652,2375399932.861328
2011-06-21 11:44:00,1.43651,1.43672,1.43643,1.43672,1368300018.3105469
2011-06-21 11:45:00,1.43673,1.43679,1.43655,1.43655,1849700012.2070312
2011-06-21 11:46:00,1.43656,1.43673,1.43641,1.43641,1894499969.4824219
2011-06-21 11:47:00,1.43641,1.43661,1.4363,1.43659,1907599945.0683594
2011-06-21 11:48:00,1.43659,1.43702,1.43657,1.43701,1875599975.5859375
2011-06-21 11:49:00,1.43701,1.43763,1.4369,1.43753,2327299957.2753906
2011-06-21 11:50:00,1.43752,1.43801,1.43741,1.43783,2660499877.9296875
2011-06-21 11:51:00,1.4379,1.43791,1.43751,1.43759,2070399932.8613281
2011-06-21 11:52:00,1.43759,1.4376,1.43709,1.43722,1507500000.0
2011-06-21 11:53:00,1.43722,1.43723,1.43701,1.43703,1211999969.4824219
2011-06-21 11:54:00,1.43703,1.43713,1.4368,1.43684,1103499984.741211
2011-06-21 11:55:00,1.43683,1.43701,1.43681,1.437,1292899932.8613281
2011-06-21 11:56:00,1.437,1.437,1.43649,1.43658,1626699981.6894531
2011-06-21 11:57:00,1.43659,1.43693,1.43653,1.43683,2043200073.2421875
2011-06-21 11:58:00,1.43682,1.43708,1.43681,1.43691,1785299987.7929688
2011-06-21 11:59:00,1.43692,1.43692,1.4365,1.43665,2323399963.3789062
2011-06-21 12:00:00,1.43666,1.43695,1.43656,1.43673,2509199981.689453
2011-06-21 12:01:00,1.43676,1.43693,1.43659,1.43663,1285500030.5175781
2011-06-21 12:02:00,1.43661,1.43662,1.43635,1.4364,896800003.0517578
2011-06-21 12:03:00,1.4364,1.43656,1.4363,1.43647,1864499969.4824219
2011-06-21 12:04:00,1.43647,1.43681,1.43643,1.43674,2264799957.2753906
2011-06-21 12:05:00,1.43674,1.43715,1.43664,1.43713,1890399932.8613281
2011-06-21 12:06:00,1.43709,1.43713,1.43694,1.43706,2381799926.7578125
2011-06-21 12:07:00,1.43707,1.43721,1.43703,1.43716,1788099975.5859375
2011-06-21 12:08:00,1.43715,1.43725,1.43695,1.43698,1785599975.5859375
2011-06-21 12:09:00,1.43698,1.43698,1.43673,1.43677,1016600036.6210938
2011-06-21 12:10:00,1.43677,1.4371,1.43677,1.43688,1660500030.5175781
2011-06-21 12:11:00,1.43688,1.43688,1.43651,1.43663,1660500030.5175781
2011-06-21 12:12:00,1.43663,1.43718,1.43655,1.43714,1530399932.8613281
2011-06-21 12:13:00,1.43713,1.43714,1.43701,1.43714,1144000015.258789
2011-06-21 12:14:00,1.43716,1.43716,1.43683,1.43712,2553500061.0351562
2011-06-21 12:15:00,1.43712,1.43717,1.43694,1.43715,2576000061.0351562
2011-06-21 12:16:00,1.43718,1.43732,1.43703,1.43712,2564200134.2773438
2011-06-21 12:17:00,1.43713,1.43714,1.43689,1.43689,1288699951.171875
2011-06-21 12:18:00,1.43689,1.43714,1.4367,1.4371,2070099945.0683594
2011-06-21 12:19:00,1.43709,1.43741,1.43705,1.43705,2209499969.482422
2011-06-21 12:20:00,1.43704,1.43707,1.43684,1.43685,1796000061.0351562
2011-06-21 12:21:00,1.43686,1.43721,1.43676,1.4372,1928800048.828125
2011-06-21 12:22:00,1.4372,1.43728,1.43706,1.43728,1864700012.2070312
2011-06-21 12:23:00,1.43725,1.43734,1.43719,1.43722,2389700012.2070312
2011-06-21 12:24:00,1.43724,1.43802,1.43723,1.43802,2535399932.861328
2011-06-21 12:25:00,1.43803,1.43819,1.43773,1.43773,3218999938.9648438
2011-06-21 12:26:00,1.43776,1.43789,1.43773,1.43788,2985199890.1367188
2011-06-21 12:27:00,1.4379,1.43804,1.43782,1.438,1511699981.6894531
2011-06-21 12:28:00,1.438,1.43801,1.43774,1.43785,2036900024.4140625
2011-06-21 12:29:00,1.43783,1.43803,1.43781,1.43799,1772700042.7246094
2011-06-21 12:30:00,1.438,1.43801,1.43772,1.43772,3058299865.7226562
2011-06-21 12:31:00,1.43771,1.43771,1.43709,1.43721,3191600036.6210938
2011-06-21 12:32:00,1.43721,1.43755,1.43721,1.43751,1468500061.0351562
2011-06-21 12:33:00,1.43751,1.43751,1.43723,1.43724,1156999969.4824219
2011-06-21 12:34:00,1.43724,1.43741,1.43711,1.4374,2072799987.7929688
2011-06-21 12:35:00,1.43741,1.43802,1.43741,1.43782,3504200134.2773438
2011-06-21 12:36:00,1.43783,1.43787,1.43753,1.43758,2201300048.828125
2011-06-21 12:37:00,1.43758,1.43761,1.43749,1.43751,1509799957.2753906
2011-06-21 12:38:00,1.43751,1.43754,1.437,1.43731,2138899993.8964844
2011-06-21 12:39:00,1.43731,1.43739,1.437,1.43739,2046499938.9648438
2011-06-21 12:40:00,1.43739,1.43739,1.43657,1.4366,2333000030.517578
2011-06-21 12:41:00,1.4366,1.43681,1.43649,1.43681,2770100097.65625
2011-06-21 12:42:00,1.43679,1.43699,1.43643,1.43663,1867599945.0683594
2011-06-21 12:43:00,1.43665,1.43677,1.43661,1.43674,1361000061.0351562
2011-06-21 12:44:00,1.43675,1.43685,1.43646,1.43652,1941100006.1035156
2011-06-21 12:45:00,1.43652,1.4369,1.43652,1.43681,1550599975.5859375
2011-06-21 12:46:00,1.43682,1.4369,1.43669,1.43671,1266800003.0517578
2011-06-21 12:47:00,1.43674,1.43738,1.43674,1.43738,3043099975.5859375
2011-06-21 12:48:00,1.43744,1.4376,1.43707,1.43721,2777799987.7929688
2011-06-21 12:49:00,1.43721,1.43733,1.43681,1.43681,2308399963.3789062
2011-06-21 12:50:00,1.43689,1.4371,1.43672,1.43693,2492500000.0
2011-06-21 12:51:00,1.43691,1.43733,1.43688,1.43732,1863200073.2421875
2011-06-21 12:52:00,1.4373,1.43736,1.43725,1.43732,1141900024.4140625
2011-06-21 12:53:00,1.43732,1.43754,1.43725,1.43741,2088800048.828125
2011-06-21 12:54:00,1.43742,1.43747,1.43697,1.43715,1995899963.3789062
2011-06-21 12:55:00,1.43716,1.43741,1.43716,1.43731,1128899993.8964844
2011-06-21 12:56:00,1.43733,1.43874,1.43733,1.43849,2628800048.828125
2011-06-21 12:57:00,1.43849,1.43871,1.43827,1.43827,1975700073.2421875
2011-06-21 12:58:00,1.43831,1.43841,1.43812,1.43825,2207899932.861328
2011-06-21 12:59:00,1.43825,1.4388,1.43825,1.4386,2607900085.4492188
2011-06-21 13:00:00,1.4386,1.43862,1.43841,1.43847,1101100006.1035156
2011-06-21 13:01:00,1.43849,1.43851,1.43798,1.43801,2271300048.828125
2011-06-21 13:02:00,1.43801,1.4382,1.438,1.43806,1611000061.0351562
2011-06-21 13:03:00,1.43807,1.43809,1.43775,1.43775,1608800048.828125
2011-06-21 13:04:00,1.43775,1.43789,1.43752,1.43763,1638500061.0351562
2011-06-21 13:05:00,1.43761,1.43768,1.43732,1.43761,1801900024.4140625
2011-06-21 13:06:00,1.43762,1.43786,1.43751,1.43786,2109100036.6210938
2011-06-21 13:07:00,1.43786,1.43831,1.43786,1.43795,2119700012.2070312
2011-06-21 13:08:00,1.43795,1.43822,1.43788,1.43821,2159700012.2070312
2011-06-21 13:09:00,1.43821,1.43821,1.438,1.43819,1623699951.171875
2011-06-21 13:10:00,1.43819,1.43853,1.43809,1.43839,2234400024.4140625
2011-06-21 13:11:00,1.43839,1.43839,1.43792,1.43795,2035399932.8613281
2011-06-21 13:12:00,1.43795,1.43811,1.43787,1.43811,2183300018.310547
2011-06-21 13:13:00,1.43811,1.43814,1.4377,1.43778,1288899993.8964844
2011-06-21 13:14:00,1.43778,1.43787,1.43751,1.43755,1765800018.3105469
2011-06-21 13:15:00,1.43756,1.43779,1.43756,1.43769,1598000030.5175781
2011-06-21 13:16:00,1.43768,1.43772,1.43752,1.43753,1243300018.3105469
2011-06-21 13:17:00,1.43753,1.43753,1.4371,1.4372,1901799926.7578125
2011-06-21 13:18:00,1.43721,1.43732,1.43708,1.43725,1401499938.9648438
2011-06-21 13:19:00,1.43725,1.43725,1.43662,1.43671,2282299957.2753906
2011-06-21 13:20:00,1.43675,1.43712,1.43675,1.43708,1856900024.4140625
2011-06-21 13:21:00,1.43701,1.43718,1.43699,1.43713,1059100036.6210938
2011-06-21 13:22:00,1.43713,1.43713,1.43671,1.43671,1185100021.3623047
2011-06-21 13:23:00,1.43672,1.43693,1.43672,1.43693,1222699966.430664
2011-06-21 13:24:00,1.43695,1.43732,1.43695,1.43713,1769499969.4824219
2011-06-21 13:25:00,1.43713,1.43722,1.43703,1.4371,1815099945.0683594
2011-06-21 13:26:00,1.43708,1.43708,1.43668,1.43686,2035200042.7246094
2011-06-21 13:27:00,1.43685,1.43687,1.4365,1.43654,2062100067.1386719
2011-06-21 13:28:00,1.43653,1.43662,1.43622,1.43635,1806699981.6894531
2011-06-21 13:29:00,1.43635,1.43641,1.43632,1.43633,1284900054.9316406
2011-06-21 13:30:00,1.43633,1.43633,1.436,1.43629,2319600067.138672
2011-06-21 13:31:00,1.43629,1.43655,1.43617,1.43655,1887899932.8613281
2011-06-21 13:32:00,1.43655,1.43669,1.43648,1.43653,2081399993.8964844
2011-06-21 13:33:00,1.43657,1.43662,1.43646,1.4365,1928800048.828125
2011-06-21 13:34:00,1.43651,1.43659,1.4364,1.43641,1538200073.2421875
2011-06-21 13:35:00,1.43641,1.43654,1.4361,1.43639,2159100036.6210938
2011-06-21 13:36:00,1.43639,1.43671,1.43628,1.43649,2678599853.515625
2011-06-21 13:37:00,1.43648,1.43648,1.436,1.43602,2919599914.5507812
2011-06-21 13:38:00,1.43602,1.43643,1.436,1.43643,2454799957.2753906
2011-06-21 13:39:00,1.43644,1.43677,1.43635,1.4366,3246600036.6210938
2011-06-21 13:40:00,1.4366,1.43701,1.43653,1.43701,2264700012.2070312
2011-06-21 13:41:00,1.437,1.43745,1.43695,1.43727,3212200012.2070312
2011-06-21 13:42:00,1.43729,1.43741,1.43702,1.43712,2496399993.8964844
2011-06-21 13:43:00,1.43715,1.43735,1.43702,1.43707,2093600006.1035156
2011-06-21 13:44:00,1.43707,1.43731,1.43689,1.4369,2502400054.9316406
2011-06-21 13:45:00,1.4369,1.43698,1.43654,1.43663,2111000061.0351562
2011-06-21 13:46:00,1.43665,1.43677,1.4365,1.4365,2057899932.8613281
2011-06-21 13:47:00,1.43649,1.43649,1.43615,1.43642,2746199951.171875
2011-06-21 13:48:00,1.43642,1.43642,1.43621,1.4363,1256999969.4824219
2011-06-21 13:49:00,1.4363,1.43683,1.4363,1.43669,2226100006.1035156
2011-06-21 13:50:00,1.43669,1.43691,1.43661,1.43682,1692400054.9316406
2011-06-21 13:51:00,1.43684,1.43685,1.43662,1.43662,1384600067.1386719
2011-06-21 13:52:00,1.43662,1.43679,1.43641,1.43679,2342899932.861328
2011-06-21 13:53:00,1.43679,1.43732,1.43679,1.43709,2802799987.7929688
2011-06-21 13:54:00,1.43707,1.43707,1.43667,1.43698,2484900054.9316406
2011-06-21 13:55:00,1.43698,1.43741,1.43692,1.4373,1956699981.6894531
2011-06-21 13:56:00,1.43731,1.43737,1.43673,1.43678,2713399963.3789062
2011-06-21 13:57:00,1.43678,1.43712,1.43677,1.43696,2434199981.689453
2011-06-21 13:58:00,1.43695,1.43696,1.43678,1.43689,1311000061.0351562
2011-06-21 13:59:00,1.43689,1.43711,1.43677,1.4369,2254499969.482422
2011-06-21 14:00:00,1.43685,1.43769,1.43677,1.43769,3315799865.7226562
2011-06-21 14:01:00,1.43769,1.43803,1.43769,1.43775,3746199951.171875
2011-06-21 14:02:00,1.43773,1.43807,1.4377,1.43803,2742999877.9296875
2011-06-21 14:03:00,1.43802,1.43814,1.4378,1.43784,3055599975.5859375
2011-06-21 14:04:00,1.43783,1.43783,1.43731,1.43735,2048000030.5175781
2011-06-21 14:05:00,1.43736,1.43744,1.43709,1.43721,2544400024.4140625
2011-06-21 14:06:00,1.43719,1.4372,1.43672,1.43678,2393899993.8964844
2011-06-21 14:07:00,1.43676,1.43702,1.43668,1.43692,2405200042.7246094
2011-06-21 14:08:00,1.43696,1.4372,1.43679,1.43692,2099400024.4140625
2011-06-21 14:09:00,1.43692,1.437,1.43665,1.43666,3050499877.9296875
2011-06-21 14:10:00,1.43667,1.43672,1.43619,1.4362,3713900146.484375
2011-06-21 14:11:00,1.4362,1.43649,1.4362,1.43642,2120099945.0683594
2011-06-21 14:12:00,1.43641,1.43645,1.43632,1.43643,1864400024.4140625
2011-06-21 14:13:00,1.43644,1.43645,1.43631,1.43631,1597100067.1386719
2011-06-21 14:14:00,1.43629,1.43642,1.43612,1.43618,2877099914.5507812
2011-06-21 14:15:00,1.43618,1.43709,1.43614,1.43707,2935700073.2421875
2011-06-21 14:16:00,1.43707,1.43733,1.43707,1.43717,2483300018.310547
2011-06-21 14:17:00,1.43717,1.4373,1.43691,1.43699,1881499938.9648438
2011-06-21 14:18:00,1.43698,1.43722,1.43692,1.43692,2423800048.828125
2011-06-21 14:19:00,1.43699,1.43709,1.43691,1.43701,2270399932.861328
2011-06-21 14:20:00,1.437,1.43726,1.43699,1.43712,2365299987.7929688
2011-06-21 14:21:00,1.43713,1.43767,1.43682,1.43767,2991199951.171875
2011-06-21 14:22:00,1.43768,1.43788,1.43755,1.43763,2035500030.5175781
2011-06-21 14:23:00,1.4376,1.4376,1.43732,1.4374,2454199981.689453
2011-06-21 14:24:00,1.4374,1.43761,1.43738,1.43752,1810899963.3789062
2011-06-21 14:25:00,1.43752,1.43792,1.4374,1.43788,2111699981.6894531
2011-06-21 14:26:00,1.43791,1.43851,1.43791,1.43809,2481399993.8964844
2011-06-21 14:27:00,1.43811,1.43811,1.43757,1.43757,2016999969.4824219
2011-06-21 14:28:00,1.43756,1.43773,1.43741,1.43741,2177400054.9316406
2011-06-21 14:29:00,1.4374,1.43755,1.43711,1.43744,2536100006.1035156
2011-06-21 14:30:00,1.43748,1.43801,1.43744,1.43763,3281099853.515625
2011-06-21 14:31:00,1.4377,1.43782,1.43738,1.43742,2419900054.9316406
2011-06-21 14:32:00,1.43743,1.43753,1.43718,1.43722,1727700042.7246094
2011-06-21 14:33:00,1.43721,1.43721,1.43694,1.43694,1415599975.5859375
2011-06-21 14:34:00,1.4369,1.43691,1.43635,1.43649,3270199890.1367188
2011-06-21 14:35:00,1.4365,1.43667,1.4363,1.43642,2193000030.517578
2011-06-21 14:36:00,1.43642,1.43673,1.43641,1.4366,2169499969.482422
2011-06-21 14:37:00,1.4366,1.43672,1.4366,1.43663,2708800048.828125
2011-06-21 14:38:00,1.43665,1.4369,1.43663,1.43672,2911799926.7578125
2011-06-21 14:39:00,1.43672,1.43701,1.4367,1.43681,1749299926.7578125
2011-06-21 14:40:00,1.43684,1.43711,1.43684,1.43691,2525299987.7929688
2011-06-21 14:41:00,1.4369,1.43734,1.43689,1.4372,1504299926.7578125
2011-06-21 14:42:00,1.43718,1.43722,1.43698,1.43712,1683399963.3789062
2011-06-21 14:43:00,1.43712,1.43746,1.43712,1.43746,1530399932.8613281
2011-06-21 14:44:00,1.43747,1.43805,1.43747,1.43771,2822399902.34375
2011-06-21 14:45:00,1.43771,1.43857,1.43771,1.43849,2871499938.9648438
2011-06-21 14:46:00,1.43849,1.43885,1.43799,1.43812,3058500061.0351562
2011-06-21 14:47:00,1.43811,1.43814,1.43787,1.43799,2162799987.7929688
2011-06-21 14:48:00,1.43798,1.43823,1.43791,1.43823,1792799987.7929688
2011-06-21 14:49:00,1.43823,1.43851,1.43809,1.43844,2463699951.171875
2011-06-21 14:50:00,1.43843,1.4387,1.43837,1.43839,2157200012.2070312
2011-06-21 14:51:00,1.43841,1.43844,1.43809,1.43811,1846699981.6894531
2011-06-21 14:52:00,1.43811,1.4383,1.43807,1.43809,1448899993.8964844
2011-06-21 14:53:00,1.43811,1.43811,1.43794,1.43798,1338699951.171875
2011-06-21 14:54:00,1.43799,1.43811,1.4378,1.43783,1894199981.6894531
2011-06-21 14:55:00,1.43784,1.43802,1.43775,1.4378,2547599945.0683594
2011-06-21 14:56:00,1.4378,1.43781,1.43755,1.43755,2463399963.3789062
2011-06-21 14:57:00,1.43754,1.43754,1.43736,1.43741,2397500000.0
2011-06-21 14:58:00,1.43741,1.43762,1.4373,1.43745,2834100036.6210938
2011-06-21 14:59:00,1.43749,1.43753,1.4371,1.4372,2985599975.5859375
2011-06-21 15:00:00,1.43715,1.4377,1.43711,1.43763,3083200073.2421875
2011-06-21 15:01:00,1.43762,1.43791,1.43749,1.43791,2640899963.3789062
2011-06-21 15:02:00,1.43791,1.43797,1.43773,1.43791,1842599945.0683594
2011-06-21 15:03:00,1.43791,1.43826,1.43791,1.43818,1939799957.2753906
2011-06-21 15:04:00,1.43818,1.4383,1.43796,1.43801,2033600006.1035156
2011-06-21 15:05:00,1.43801,1.43821,1.43792,1.43811,1731799926.7578125
2011-06-21 15:06:00,1.43811,1.43849,1.43811,1.43827,1738099975.5859375
2011-06-21 15:07:00,1.43827,1.43827,1.43792,1.43802,2452899932.861328
2011-06-21 15:08:00,1.43801,1.43821,1.43785,1.43788,2638999938.9648438
2011-06-21 15:09:00,1.43785,1.43811,1.43785,1.4379,3069599914.5507812
2011-06-21 15:10:00,1.43791,1.43847,1.43791,1.43839,2460200042.7246094
2011-06-21 15:11:00,1.43839,1.43839,1.43798,1.43803,1845000000.0
2011-06-21 15:12:00,1.43808,1.43829,1.43802,1.4382,2162100067.138672
2011-06-21 15:13:00,1.43818,1.43821,1.43777,1.43782,1702299957.2753906
2011-06-21 15:14:00,1.43783,1.438,1.43783,1.43795,739700012.2070312
2011-06-21 15:15:00,1.43795,1.43799,1.43779,1.43784,2091300048.828125
2011-06-21 15:16:00,1.43783,1.43843,1.43782,1.43843,1671199951.171875
2011-06-21 15:17:00,1.43842,1.43878,1.43838,1.43854,2314199981.689453
2011-06-21 15:18:00,1.43852,1.43852,1.4379,1.4379,2635400085.4492188
2011-06-21 15:19:00,1.43794,1.43801,1.43783,1.43801,2076600036.6210938
2011-06-21 15:20:00,1.43803,1.43808,1.43773,1.43791,1816600036.6210938
2011-06-21 15:21:00,1.43794,1.43811,1.43778,1.43778,1789499969.4824219
2011-06-21 15:22:00,1.43778,1.43826,1.43775,1.43826,2478500061.0351562
2011-06-21 15:23:00,1.43827,1.43844,1.43805,1.43812,1863099975.5859375
2011-06-21 15:24:00,1.43811,1.43836,1.43806,1.43836,1427599945.0683594
2011-06-21 15:25:00,1.43836,1.43872,1.43835,1.43843,1816399993.8964844
2011-06-21 15:26:00,1.43844,1.43872,1.43839,1.43872,1257699966.430664
2011-06-21 15:27:00,1.43871,1.43872,1.43851,1.43857,1236900024.4140625
2011-06-21 15:28:00,1.43857,1.43872,1.43847,1.43872,1542599945.0683594
2011-06-21 15:29:00,1.43871,1.43871,1.4383,1.43844,2296499938.9648438
2011-06-21 15:30:00,1.43844,1.439,1.43842,1.439,2064499969.4824219
2011-06-21 15:31:00,1.43901,1.4394,1.43901,1.43936,3149200134.2773438
2011-06-21 15:32:00,1.43936,1.43936,1.439,1.43931,1790299987.7929688
2011-06-21 15:33:00,1.43931,1.43978,1.43923,1.4397,2669200134.2773438
2011-06-21 15:34:00,1.4397,1.43974,1.43946,1.43971,2143699951.171875
2011-06-21 15:35:00,1.4397,1.43978,1.43955,1.43969,2620000000.0
2011-06-21 15:36:00,1.43968,1.43985,1.43951,1.43957,1965599975.5859375
2011-06-21 15:37:00,1.43954,1.4397,1.43939,1.43969,1873000030.5175781
2011-06-21 15:38:00,1.43968,1.44036,1.43957,1.43996,3630799865.7226562
2011-06-21 15:39:00,1.43997,1.4404,1.43997,1.44021,2557700042.7246094
2011-06-21 15:40:00,1.44021,1.44029,1.43997,1.44028,2910599975.5859375
2011-06-21 15:41:00,1.44026,1.44026,1.43997,1.43997,2390500030.517578
2011-06-21 15:42:00,1.43997,1.44009,1.43972,1.43987,1839600067.1386719
2011-06-21 15:43:00,1.43987,1.4399,1.43955,1.43957,2008200073.2421875
2011-06-21 15:44:00,1.43957,1.44001,1.43952,1.43996,2971300048.828125
2011-06-21 15:45:00,1.43995,1.44006,1.43985,1.43989,1782799987.7929688
2011-06-21 15:46:00,1.43997,1.44011,1.43989,1.44011,1513000030.5175781
2011-06-21 15:47:00,1.44011,1.44011,1.44,1.4401,1293999938.9648438
2011-06-21 15:48:00,1.44011,1.44013,1.43997,1.44007,1584900054.9316406
2011-06-21 15:49:00,1.44004,1.44019,1.43996,1.43998,1544299926.7578125
2011-06-21 15:50:00,1.43997,1.44,1.43975,1.43981,1359199981.6894531
2011-06-21 15:51:00,1.43981,1.43982,1.43939,1.43963,2023200073.2421875
2011-06-21 15:52:00,1.43963,1.43969,1.43953,1.43955,1717700042.7246094
2011-06-21 15:53:00,1.43955,1.43977,1.43953,1.43959,1899299926.7578125
2011-06-21 15:54:00,1.43959,1.43977,1.43956,1.43956,2258200073.2421875
2011-06-21 15:55:00,1.43955,1.43978,1.43941,1.43971,1522100067.1386719
2011-06-21 15:56:00,1.43972,1.43998,1.43966,1.43971,2156300048.828125
2011-06-21 15:57:00,1.43974,1.43984,1.4395,1.43971,2000800018.3105469
2011-06-21 15:58:00,1.4397,1.4397,1.43954,1.4396,1879400024.4140625
2011-06-21 15:59:00,1.4396,1.43986,1.4396,1.43986,1732700042.7246094
2011-06-21 16:00:00,1.4399,1.44008,1.43979,1.43986,2090299987.7929688
2011-06-21 16:01:00,1.43985,1.44015,1.43981,1.4401,1559700012.2070312
2011-06-21 16:02:00,1.44011,1.44011,1.43994,1.44005,2410899963.3789062
2011-06-21 16:03:00,1.44004,1.44011,1.43992,1.43998,2035599975.5859375
2011-06-21 16:04:00,1.43998,1.44008,1.43987,1.43989,1317700042.7246094
2011-06-21 16:05:00,1.43989,1.4401,1.43989,1.44001,1527100067.1386719
2011-06-21 16:06:00,1.44001,1.44006,1.4397,1.4397,1684400024.4140625
2011-06-21 16:07:00,1.4397,1.44015,1.4397,1.44001,2104799957.2753906
2011-06-21 16:08:00,1.44001,1.44001,1.43981,1.43992,1317400054.9316406
2011-06-21 16:09:00,1.43992,1.44002,1.43981,1.43997,1283999938.9648438
2011-06-21 16:10:00,1.44,1.44006,1.43993,1.43997,1370399932.8613281
2011-06-21 16:11:00,1.43994,1.43995,1.43971,1.43978,1370800018.3105469
2011-06-21 16:12:00,1.43978,1.44011,1.43977,1.44007,2127500000.0
2011-06-21 16:13:00,1.44007,1.44009,1.43997,1.44008,1202099990.8447266
2011-06-21 16:14:00,1.44008,1.44008,1.4399,1.43999,665299987.7929688
2011-06-21 16:15:00,1.43998,1.44006,1.43986,1.44003,1298000030.5175781
2011-06-21 16:16:00,1.44004,1.44017,1.44003,1.44003,856900024.4140625
2011-06-21 16:17:00,1.44005,1.44016,1.43993,1.44006,1831499938.9648438
2011-06-21 16:18:00,1.44006,1.44064,1.44003,1.44064,1386799926.7578125
2011-06-21 16:19:00,1.44062,1.44169,1.44062,1.44147,4347600097.65625
2011-06-21 16:20:00,1.44147,1.44179,1.44125,1.44179,2761900024.4140625
2011-06-21 16:21:00,1.4418,1.44201,1.44134,1.44134,2650400085.4492188
2011-06-21 16:22:00,1.44134,1.44149,1.44113,1.44135,2411399993.8964844
2011-06-21 16:23:00,1.44135,1.44137,1.44078,1.44085,2124900054.9316406
2011-06-21 16:24:00,1.44084,1.44116,1.44081,1.44097,1801799926.7578125
2011-06-21 16:25:00,1.44098,1.44129,1.44087,1.44094,2242700042.7246094
2011-06-21 16:26:00,1.44095,1.44119,1.44095,1.44111,1038399963.3789062
2011-06-21 16:27:00,1.44105,1.44106,1.44075,1.44088,1541199951.171875
2011-06-21 16:28:00,1.44087,1.44087,1.44031,1.44031,1835800018.3105469
2011-06-21 16:29:00,1.44031,1.44067,1.44029,1.44065,2053500061.0351562
2011-06-21 16:30:00,1.44064,1.44065,1.44044,1.44056,1756199951.171875
2011-06-21 16:31:00,1.44056,1.44059,1.44019,1.44027,1067699966.4306641
2011-06-21 16:32:00,1.44027,1.44041,1.44024,1.44034,1306900024.4140625
2011-06-21 16:33:00,1.44032,1.44032,1.44004,1.44025,1241500015.258789
2011-06-21 16:34:00,1.44025,1.44025,1.44,1.44024,1775099945.0683594
2011-06-21 16:35:00,1.44024,1.4403,1.44004,1.44005,1429499969.4824219
2011-06-21 16:36:00,1.44006,1.44007,1.4398,1.43985,2221600036.6210938
2011-06-21 16:37:00,1.43987,1.4399,1.43973,1.43978,1582599945.0683594
2011-06-21 16:38:00,1.43978,1.43985,1.43946,1.43967,1594700012.2070312
2011-06-21 16:39:00,1.43967,1.44011,1.43959,1.4401,1555500030.5175781
2011-06-21 16:40:00,1.44011,1.44019,1.43988,1.43989,1562700042.7246094
2011-06-21 16:41:00,1.43989,1.43989,1.43954,1.43972,1816000061.0351562
2011-06-21 16:42:00,1.43975,1.43987,1.43974,1.43977,1274000015.258789
2011-06-21 16:43:00,1.43977,1.43979,1.43944,1.43965,1707599945.0683594
2011-06-21 16:44:00,1.43966,1.43974,1.43966,1.43969,293099994.6594238
2011-06-21 16:45:00,1.43968,1.43975,1.43955,1.43971,796399993.8964844
2011-06-21 16:46:00,1.43973,1.43998,1.43966,1.43997,859300003.0517578
2011-06-21 16:47:00,1.43998,1.43998,1.43976,1.43977,1306100006.1035156
2011-06-21 16:48:00,1.43978,1.44018,1.43973,1.44007,1272600021.3623047
2011-06-21 16:49:00,1.44005,1.4401,1.43982,1.43987,809800033.5693359
2011-06-21 16:50:00,1.43987,1.44007,1.43982,1.44007,1000899963.3789062
2011-06-21 16:51:00,1.44007,1.44007,1.43985,1.43986,781100006.1035156
2011-06-21 16:52:00,1.43986,1.43993,1.43973,1.43989,1303600006.1035156
2011-06-21 16:53:00,1.43989,1.4401,1.43987,1.43998,1236600036.6210938
2011-06-21 16:54:00,1.43998,1.44004,1.43994,1.43996,791600036.6210938
2011-06-21 16:55:00,1.43996,1.44001,1.43986,1.43986,1075699996.9482422
2011-06-21 16:56:00,1.43986,1.43988,1.43978,1.43979,710899963.3789062
2011-06-21 16:57:00,1.43981,1.43987,1.43978,1.43979,429900016.78466797
2011-06-21 16:58:00,1.43977,1.44007,1.4397,1.44007,1671000061.0351562
2011-06-21 16:59:00,1.44007,1.44022,1.43979,1.43988,2210800018.310547
2011-06-21 17:00:00,1.4399,1.44012,1.43968,1.44008,1651699981.6894531
2011-06-21 17:01:00,1.44008,1.44009,1.43986,1.44005,1731499938.9648438
2011-06-21 17:02:00,1.44005,1.44007,1.43969,1.43974,1008499984.7412109
2011-06-21 17:03:00,1.43973,1.44002,1.43973,1.44001,1136299972.5341797
2011-06-21 17:04:00,1.43999,1.43999,1.4399,1.4399,322599983.21533203
2011-06-21 17:05:00,1.43991,1.43992,1.43959,1.43963,1747700042.7246094
2011-06-21 17:06:00,1.43965,1.43973,1.43959,1.43969,1388099975.5859375
2011-06-21 17:07:00,1.43969,1.43979,1.4395,1.43975,1570099945.0683594
2011-06-21 17:08:00,1.43978,1.43981,1.43962,1.4398,1177600021.3623047
2011-06-21 17:09:00,1.43982,1.43987,1.43973,1.43975,974700012.2070312
2011-06-21 17:10:00,1.43974,1.43985,1.43968,1.43977,668099975.5859375
2011-06-21 17:11:00,1.43975,1.43979,1.43965,1.4397,978799972.5341797
2011-06-21 17:12:00,1.43971,1.43988,1.4396,1.4398,1929299926.7578125
2011-06-21 17:13:00,1.43982,1.43988,1.4397,1.43982,1427400054.9316406
2011-06-21 17:14:00,1.43983,1.43987,1.4397,1.4398,850699996.9482422
2011-06-21 17:15:00,1.43981,1.43982,1.43966,1.43966,851500015.2587891
2011-06-21 17:16:00,1.43969,1.43969,1.4394,1.4394,1485200042.7246094
2011-06-21 17:17:00,1.4394,1.43946,1.43933,1.4394,1024700012.2070312
2011-06-21 17:18:00,1.43938,1.43958,1.43937,1.43941,1238700027.4658203
2011-06-21 17:19:00,1.43941,1.43949,1.43935,1.43936,1127300033.569336
2011-06-21 17:20:00,1.43935,1.43954,1.43935,1.43943,1268799972.5341797
2011-06-21 17:21:00,1.43942,1.43957,1.43937,1.43938,1137600021.3623047
2011-06-21 17:22:00,1.43938,1.4394,1.43927,1.43933,883199996.9482422
2011-06-21 17:23:00,1.43933,1.43939,1.43929,1.43935,878099975.5859375
2011-06-21 17:24:00,1.43935,1.43938,1.43914,1.43926,1397599945.0683594
2011-06-21 17:25:00,1.43926,1.43927,1.43908,1.43919,1024400024.4140625
2011-06-21 17:26:00,1.4392,1.43926,1.43914,1.43918,1169499969.4824219
2011-06-21 17:27:00,1.43917,1.43923,1.43888,1.43893,1856100006.1035156
2011-06-21 17:28:00,1.43894,1.43908,1.43894,1.43901,1588699951.171875
2011-06-21 17:29:00,1.43898,1.43909,1.43894,1.43905,1408200073.2421875
2011-06-21 17:30:00,1.43905,1.4391,1.43894,1.43906,1041100006.1035156
2011-06-21 17:31:00,1.43906,1.43916,1.439,1.43915,921800003.0517578
2011-06-21 17:32:00,1.43915,1.43927,1.43914,1.43924,973099975.5859375
2011-06-21 17:33:00,1.43924,1.43937,1.4392,1.43925,910899963.3789062
2011-06-21 17:34:00,1.43926,1.43931,1.43918,1.4392,1099700012.2070312
2011-06-21 17:35:00,1.43919,1.43926,1.43915,1.4392,972300033.5693359
2011-06-21 17:36:00,1.4392,1.4392,1.43902,1.43907,1171399993.8964844
2011-06-21 17:37:00,1.43907,1.43911,1.439,1.43907,1319100036.6210938
2011-06-21 17:38:00,1.43909,1.43916,1.43904,1.43915,1266299972.5341797
2011-06-21 17:39:00,1.43915,1.43916,1.439,1.43903,1356399993.8964844
2011-06-21 17:40:00,1.43903,1.43905,1.43891,1.43901,3216600036.6210938
2011-06-21 17:41:00,1.43898,1.43905,1.43891,1.43894,998899993.8964844
2011-06-21 17:42:00,1.43895,1.43895,1.43834,1.43835,2207799987.7929688
2011-06-21 17:43:00,1.43835,1.43859,1.43833,1.43857,1633699951.171875
2011-06-21 17:44:00,1.43857,1.4386,1.4385,1.4386,566500015.2587891
2011-06-21 17:45:00,1.4386,1.43869,1.43853,1.43866,1373800048.828125
2011-06-21 17:46:00,1.43867,1.43892,1.43865,1.43886,1227200012.2070312
2011-06-21 17:47:00,1.43886,1.439,1.43885,1.439,1265599975.5859375
2011-06-21 17:48:00,1.43898,1.43898,1.43883,1.43884,615900001.5258789
2011-06-21 17:49:00,1.43884,1.43884,1.43867,1.43884,1136500015.258789
2011-06-21 17:50:00,1.43884,1.43885,1.43864,1.43867,1220199966.430664
2011-06-21 17:51:00,1.43868,1.43895,1.43867,1.43888,1286300048.828125
2011-06-21 17:52:00,1.43888,1.43888,1.43883,1.43883,506399993.8964844
2011-06-21 17:53:00,1.43882,1.43888,1.43874,1.43887,689100036.6210938
2011-06-21 17:54:00,1.43888,1.43897,1.43877,1.43893,1529700012.2070312
2011-06-21 17:55:00,1.43895,1.43901,1.43891,1.439,1084199981.6894531
2011-06-21 17:56:00,1.43899,1.43899,1.43876,1.43877,880999984.7412109
2011-06-21 17:57:00,1.43877,1.4388,1.4386,1.4386,997399978.6376953
2011-06-21 17:58:00,1.4386,1.43886,1.4386,1.43886,1508500061.0351562
2011-06-21 17:59:00,1.43887,1.43891,1.43875,1.43891,1243000030.5175781
2011-06-21 18:00:00,1.43891,1.43902,1.43888,1.43898,821600036.6210938
2011-06-21 18:01:00,1.439,1.43905,1.43886,1.43886,1109599990.8447266
2011-06-21 18:02:00,1.43885,1.43899,1.43875,1.43887,1634299926.7578125
2011-06-21 18:03:00,1.43887,1.43902,1.43879,1.43901,915299987.7929688
2011-06-21 18:04:00,1.439,1.43908,1.43896,1.43898,1287899932.8613281
2011-06-21 18:05:00,1.43899,1.43911,1.43899,1.43909,1566300048.828125
2011-06-21 18:06:00,1.4391,1.43939,1.43909,1.43931,1001100006.1035156
2011-06-21 18:07:00,1.43933,1.43951,1.43933,1.43948,1648600006.1035156
2011-06-21 18:08:00,1.43947,1.43949,1.4393,1.43946,1853099975.5859375
2011-06-21 18:09:00,1.43947,1.4396,1.43946,1.43952,1682799987.7929688
2011-06-21 18:10:00,1.43952,1.4401,1.43952,1.4401,1804299926.7578125
2011-06-21 18:11:00,1.4401,1.44013,1.43981,1.44012,1501999969.4824219
2011-06-21 18:12:00,1.44012,1.44026,1.44008,1.44016,1525099945.0683594
2011-06-21 18:13:00,1.44016,1.44026,1.44014,1.44019,1426399993.8964844
2011-06-21 18:14:00,1.4402,1.44046,1.44011,1.44042,1264300003.0517578
2011-06-21 18:15:00,1.44041,1.44087,1.44041,1.44073,2576499938.9648438
2011-06-21 18:16:00,1.44079,1.4408,1.44061,1.44063,2415399932.861328
2011-06-21 18:17:00,1.44063,1.44063,1.44023,1.44023,2096999969.4824219
2011-06-21 18:18:00,1.44023,1.44027,1.44001,1.44001,1252600021.3623047
2011-06-21 18:19:00,1.44,1.44016,1.43994,1.44003,962099990.8447266
2011-06-21 18:20:00,1.44003,1.4403,1.44,1.44006,1749400024.4140625
2011-06-21 18:21:00,1.44007,1.44017,1.43999,1.44009,1502500000.0
2011-06-21 18:22:00,1.44008,1.44012,1.44,1.4401,1640500030.5175781
2011-06-21 18:23:00,1.4401,1.44045,1.44008,1.44036,1287400054.9316406
2011-06-21 18:24:00,1.44036,1.44039,1.44016,1.44025,954599990.8447266
2011-06-21 18:25:00,1.44024,1.44036,1.44006,1.44023,1631600036.6210938
2011-06-21 18:26:00,1.44021,1.44021,1.44013,1.44017,558300018.3105469
2011-06-21 18:27:00,1.44017,1.44018,1.44012,1.44015,1003099975.5859375
2011-06-21 18:28:00,1.44015,1.44017,1.44005,1.44016,980100021.3623047
2011-06-21 18:29:00,1.44014,1.44018,1.44004,1.44008,1351499938.9648438
2011-06-21 18:30:00,1.44008,1.44009,1.43968,1.43976,1288399963.3789062
2011-06-21 18:31:00,1.43977,1.43986,1.43969,1.43986,1386799926.7578125
2011-06-21 18:32:00,1.43987,1.43994,1.43977,1.4399,1226299972.5341797
2011-06-21 18:33:00,1.43996,1.44024,1.4399,1.44024,1243799972.5341797
2011-06-21 18:34:00,1.44021,1.44027,1.44011,1.44027,1651300048.828125
2011-06-21 18:35:00,1.44029,1.44067,1.44025,1.44067,1971699981.6894531
2011-06-21 18:36:00,1.44067,1.4408,1.44066,1.4408,1100800018.3105469
2011-06-21 18:37:00,1.4408,1.44108,1.4408,1.44108,2166399993.8964844
2011-06-21 18:38:00,1.44106,1.44137,1.44101,1.44118,2806400146.484375
2011-06-21 18:39:00,1.44115,1.44118,1.4409,1.4409,1358200073.2421875
2011-06-21 18:40:00,1.4409,1.4409,1.44071,1.44079,1072600021.3623047
2011-06-21 18:41:00,1.44079,1.44099,1.44071,1.44079,1842799987.7929688
2011-06-21 18:42:00,1.4408,1.44113,1.4408,1.44105,1348600006.1035156
2011-06-21 18:43:00,1.44105,1.44107,1.44085,1.4409,1469400024.4140625
2011-06-21 18:44:00,1.44089,1.44108,1.44089,1.44096,910800018.3105469
2011-06-21 18:45:00,1.44096,1.44099,1.4406,1.4406,1716499938.9648438
2011-06-21 18:46:00,1.44059,1.44088,1.44059,1.44088,1039800033.5693359
2011-06-21 18:47:00,1.44088,1.44098,1.4408,1.44097,1374900054.9316406
2011-06-21 18:48:00,1.44097,1.44097,1.44082,1.44096,1047699966.4306641
2011-06-21 18:49:00,1.44095,1.44146,1.44089,1.44139,2188600006.1035156
2011-06-21 18:50:00,1.44139,1.44145,1.4413,1.4413,2203000030.517578
2011-06-21 18:51:00,1.4413,1.44167,1.4413,1.44162,1747700042.7246094
2011-06-21 18:52:00,1.44162,1.44167,1.44141,1.4415,1271299972.5341797
2011-06-21 18:53:00,1.44149,1.44165,1.44142,1.44165,969499969.4824219
2011-06-21 18:54:00,1.44164,1.44173,1.44158,1.44165,723600006.1035156
2011-06-21 18:55:00,1.44165,1.44223,1.44165,1.44221,2032400054.9316406
2011-06-21 18:56:00,1.44221,1.44223,1.44188,1.44188,2049900054.9316406
2011-06-21 18:57:00,1.44188,1.44202,1.4418,1.44181,1447500000.0
2011-06-21 18:58:00,1.44181,1.44196,1.44173,1.44184,1052300033.5693359
2011-06-21 18:59:00,1.44182,1.44203,1.44169,1.44169,1595200042.7246094
2011-06-21 19:00:00,1.44169,1.44176,1.44155,1.44157,1237200012.2070312
2011-06-21 19:01:00,1.44157,1.44157,1.44152,1.44152,1208300018.3105469
2011-06-21 19:02:00,1.44151,1.44151,1.44139,1.4414,805800018.3105469
2011-06-21 19:03:00,1.44139,1.44139,1.44131,1.44132,266800003.0517578
2011-06-21 19:04:00,1.44132,1.4415,1.4413,1.44148,1399900054.9316406
2011-06-21 19:05:00,1.44148,1.44148,1.44131,1.44138,889800033.5693359
2011-06-21 19:06:00,1.44139,1.44166,1.44139,1.44165,1058099975.5859375
2011-06-21 19:07:00,1.44163,1.44163,1.44147,1.44159,1159700012.2070312
2011-06-21 19:08:00,1.44159,1.44159,1.44141,1.44143,886500015.2587891
2011-06-21 19:09:00,1.44141,1.44167,1.44139,1.44157,1186800003.0517578
2011-06-21 19:10:00,1.44156,1.44156,1.4414,1.4414,842600021.3623047
2011-06-21 19:11:00,1.4414,1.44157,1.44139,1.4415,876500015.2587891
2011-06-21 19:12:00,1.4415,1.4415,1.44147,1.44148,448899993.8964844
2011-06-21 19:13:00,1.44148,1.44149,1.4414,1.44141,692900009.1552734
2011-06-21 19:14:00,1.4414,1.44145,1.4413,1.44134,914499969.4824219
2011-06-21 19:15:00,1.4413,1.4413,1.44107,1.44111,1041299972.5341797
2011-06-21 19:16:00,1.44112,1.44112,1.44094,1.44097,1017699966.4306641
2011-06-21 19:17:00,1.44097,1.44101,1.44094,1.44097,796900024.4140625
2011-06-21 19:18:00,1.44097,1.44098,1.44085,1.44098,884899978.6376953
2011-06-21 19:19:00,1.44097,1.44109,1.44095,1.44099,1309600067.1386719
2011-06-21 19:20:00,1.441,1.44105,1.44094,1.44094,893000030.5175781
2011-06-21 19:21:00,1.44094,1.44096,1.44085,1.44089,1126699981.6894531
2011-06-21 19:22:00,1.44094,1.441,1.44088,1.44089,870400009.1552734
2011-06-21 19:23:00,1.44087,1.44104,1.44084,1.44089,1133000030.5175781
2011-06-21 19:24:00,1.44088,1.4409,1.44079,1.44087,817799987.7929688
2011-06-21 19:25:00,1.44087,1.4409,1.44083,1.44088,653799972.5341797
2011-06-21 19:26:00,1.44089,1.44089,1.44075,1.44081,1563099975.5859375
2011-06-21 19:27:00,1.44082,1.44097,1.44081,1.44094,618400001.5258789
2011-06-21 19:28:00,1.44094,1.44094,1.44081,1.44088,664599990.8447266
2011-06-21 19:29:00,1.44087,1.44089,1.44071,1.44071,617299995.4223633
2011-06-21 19:30:00,1.4407,1.44089,1.4406,1.44076,1879499969.4824219
2011-06-21 19:31:00,1.44076,1.44076,1.44007,1.44014,1792700042.7246094
2011-06-21 19:32:00,1.44015,1.44038,1.44015,1.44037,1314199981.6894531
2011-06-21 19:33:00,1.4404,1.44053,1.4402,1.44045,1237200012.2070312
2011-06-21 19:34:00,1.44044,1.44051,1.44044,1.44047,979100036.6210938
2011-06-21 19:35:00,1.44047,1.44068,1.44041,1.44068,1093000030.5175781
2011-06-21 19:36:00,1.44069,1.4407,1.44061,1.44065,1585800018.3105469
2011-06-21 19:37:00,1.44066,1.44069,1.44058,1.44066,1112799987.7929688
2011-06-21 19:38:00,1.44062,1.44069,1.44057,1.44065,584799995.4223633
2011-06-21 19:39:00,1.44062,1.44063,1.44049,1.44052,671500015.2587891
2011-06-21 19:40:00,1.44051,1.44061,1.44045,1.44059,713799972.5341797
2011-06-21 19:41:00,1.44063,1.44071,1.44063,1.44065,364300003.0517578
2011-06-21 19:42:00,1.44061,1.44061,1.44057,1.44058,394000015.25878906
2011-06-21 19:43:00,1.44059,1.44059,1.44029,1.44029,1385099945.0683594
2011-06-21 19:44:00,1.44031,1.44046,1.44028,1.44043,1788300018.3105469
2011-06-21 19:45:00,1.44043,1.44061,1.44042,1.44055,2131999969.4824219
2011-06-21 19:46:00,1.44054,1.44071,1.4405,1.4405,1088499984.741211
2011-06-21 19:47:00,1.44054,1.44059,1.44037,1.44037,2047899932.8613281
2011-06-21 19:48:00,1.44037,1.44049,1.44035,1.44049,704800033.5693359
2011-06-21 19:49:00,1.44049,1.44085,1.44047,1.44085,1161500015.258789
2011-06-21 19:50:00,1.44085,1.44089,1.44063,1.44083,1194899978.6376953
2011-06-21 19:51:00,1.4408,1.44089,1.44071,1.44071,582099990.8447266
2011-06-21 19:52:00,1.44071,1.44072,1.44064,1.44067,362599983.21533203
2011-06-21 19:53:00,1.44066,1.44071,1.44059,1.44059,675599975.5859375
2011-06-21 19:54:00,1.44061,1.44067,1.44049,1.44063,1383399963.3789062
2011-06-21 19:55:00,1.44063,1.44072,1.4405,1.44055,948199996.9482422
2011-06-21 19:56:00,1.44056,1.44061,1.4403,1.4403,1649700012.2070312
2011-06-21 19:57:00,1.4403,1.44047,1.44022,1.44047,1864799957.2753906
2011-06-21 19:58:00,1.44042,1.44049,1.44027,1.44039,975599975.5859375
2011-06-21 19:59:00,1.44039,1.44044,1.44031,1.44044,1468999938.9648438
2011-06-21 20:00:00,1.44048,1.44055,1.44041,1.44047,1258199996.9482422
2011-06-21 20:01:00,1.44047,1.44048,1.44043,1.44046,740999984.7412109
2011-06-21 20:02:00,1.44045,1.44046,1.44031,1.44045,1344499969.4824219
2011-06-21 20:03:00,1.44045,1.44045,1.44044,1.44044,248999996.18530273
2011-06-21 20:04:00,1.44044,1.44046,1.44041,1.44046,478499984.74121094
2011-06-21 20:05:00,1.44045,1.44047,1.44041,1.44041,610499992.3706055
2011-06-21 20:06:00,1.44044,1.44045,1.4403,1.44035,567799987.7929688
2011-06-21 20:07:00,1.44034,1.44038,1.44029,1.44035,547500000.0
2011-06-21 20:08:00,1.44033,1.44034,1.44025,1.44034,924000015.2587891
2011-06-21 20:09:00,1.44035,1.44041,1.44011,1.44018,913499984.7412109
2011-06-21 20:10:00,1.44018,1.44022,1.44012,1.44014,939800033.5693359
2011-06-21 20:11:00,1.44013,1.44018,1.44012,1.44012,360000000.0
2011-06-21 20:12:00,1.44013,1.44019,1.44013,1.44015,585000000.0
2011-06-21 20:13:00,1.44018,1.4402,1.44018,1.4402,217500000.0
2011-06-21 20:14:00,1.44023,1.44026,1.44013,1.44013,221299991.60766602
2011-06-21 20:15:00,1.44015,1.44019,1.44013,1.44018,502500000.0
2011-06-21 20:16:00,1.44019,1.44031,1.44017,1.4403,911999969.4824219
2011-06-21 20:17:00,1.44028,1.4403,1.44022,1.44023,705000000.0
2011-06-21 20:18:00,1.44023,1.44035,1.44018,1.44023,780800018.3105469
2011-06-21 20:19:00,1.44023,1.44025,1.44011,1.44017,885000000.0
2011-06-21 20:20:00,1.44016,1.44023,1.43998,1.43998,720000000.0
2011-06-21 20:21:00,1.44,1.44002,1.43989,1.43997,682600021.3623047
2011-06-21 20:22:00,1.43997,1.43998,1.43989,1.43997,342099990.84472656
2011-06-21 20:23:00,1.43997,1.44016,1.43996,1.44009,442000007.62939453
2011-06-21 20:24:00,1.4401,1.44016,1.44005,1.44011,483100013.73291016
2011-06-21 20:25:00,1.44011,1.44033,1.44011,1.44017,1669299926.7578125
2011-06-21 20:26:00,1.44018,1.44022,1.4399,1.44017,1965800018.3105469
2011-06-21 20:27:00,1.44021,1.44037,1.44021,1.44036,970699996.9482422
2011-06-21 20:28:00,1.44036,1.44043,1.44032,1.44036,764899978.6376953
2011-06-21 20:29:00,1.44041,1.44063,1.44041,1.44047,1372299957.2753906
2011-06-21 20:30:00,1.44048,1.44065,1.44047,1.44048,924899978.6376953
2011-06-21 20:31:00,1.44045,1.4407,1.44033,1.44069,873099975.5859375
2011-06-21 20:32:00,1.44064,1.44064,1.44053,1.44059,526199989.31884766
2011-06-21 20:33:00,1.44059,1.44059,1.44053,1.44057,265499992.37060547
2011-06-21 20:34:00,1.44056,1.44081,1.44055,1.44068,446300010.68115234
2011-06-21 20:35:00,1.44069,1.4408,1.44062,1.44062,495499992.37060547
2011-06-21 20:36:00,1.44063,1.44074,1.4406,1.44065,756800003.0517578
2011-06-21 20:37:00,1.44065,1.44082,1.44065,1.44072,705100021.3623047
2011-06-21 20:38:00,1.44071,1.44072,1.44062,1.44072,432000007.62939453
2011-06-21 20:39:00,1.44073,1.44084,1.44073,1.44082,304500007.62939453
2011-06-21 20:40:00,1.44078,1.44088,1.44073,1.44074,567099990.8447266
2011-06-21 20:41:00,1.44075,1.44077,1.44065,1.44065,406399993.8964844
2011-06-21 20:42:00,1.44062,1.44074,1.44056,1.4407,450200004.5776367
2011-06-21 20:43:00,1.4407,1.44078,1.44059,1.44077,547500000.0
2011-06-21 20:44:00,1.44078,1.44082,1.44063,1.4408,947900009.1552734
2011-06-21 20:45:00,1.44083,1.44085,1.44065,1.44073,594000015.2587891
2011-06-21 20:46:00,1.44073,1.44074,1.44065,1.44069,322500000.0
2011-06-21 20:47:00,1.44069,1.44083,1.44064,1.44064,688499984.7412109
2011-06-21 20:48:00,1.44064,1.44073,1.44061,1.44073,232500000.0
2011-06-21 20:49:00,1.44078,1.44092,1.44078,1.44083,322500000.0
2011-06-21 20:50:00,1.44079,1.44082,1.44078,1.44081,247500000.0
2011-06-21 20:51:00,1.44081,1.44081,1.44072,1.44081,317999992.37060547
2011-06-21 20:52:00,1.44081,1.44097,1.44076,1.44095,671299972.5341797
2011-06-21 20:53:00,1.44097,1.44101,1.44082,1.44083,450000000.0
2011-06-21 20:54:00,1.44082,1.44093,1.44073,1.44075,771100006.1035156
2011-06-21 20:55:00,1.44078,1.44087,1.44072,1.44083,763700027.4658203
2011-06-21 20:56:00,1.44083,1.4409,1.44083,1.4409,577700004.5776367
2011-06-21 20:57:00,1.44092,1.44106,1.44086,1.44106,589099998.4741211
2011-06-21 20:58:00,1.44105,1.44114,1.4409,1.44097,567700004.5776367
2011-06-21 20:59:00,1.44097,1.44101,1.44081,1.4409,513699989.31884766
2011-06-21 21:00:00,1.4409,1.44096,1.44086,1.44089,412500000.0
2011-06-21 21:01:00,1.44089,1.44119,1.44079,1.44106,967500000.0
2011-06-21 21:02:00,1.4411,1.44129,1.44104,1.44114,745500030.5175781
2011-06-21 21:03:00,1.44114,1.44117,1.44096,1.44096,703700027.4658203
2011-06-21 21:04:00,1.44096,1.44126,1.4409,1.44116,246000003.81469727
2011-06-21 21:05:00,1.44121,1.44126,1.44098,1.44119,324300003.0517578
2011-06-21 21:06:00,1.44121,1.44141,1.4408,1.44113,721500015.2587891
2011-06-21 21:07:00,1.44112,1.44114,1.44087,1.44093,360099983.21533203
2011-06-21 21:08:00,1.44097,1.44127,1.44085,1.441,705800018.3105469
2011-06-21 21:09:00,1.44099,1.44106,1.44075,1.44106,212999992.37060547
2011-06-21 21:10:00,1.441,1.4411,1.44095,1.44095,313500003.81469727
2011-06-21 21:11:00,1.44095,1.44095,1.44091,1.44091,167999992.37060547
2011-06-21 21:12:00,1.44091,1.44096,1.4409,1.44094,379500007.62939453
2011-06-21 21:13:00,1.4409,1.4409,1.44074,1.44078,240000000.0
2011-06-21 21:14:00,1.44076,1.44089,1.44076,1.44089,169500007.62939453
2011-06-21 21:15:00,1.4409,1.44101,1.4409,1.44101,210000000.0
2011-06-21 21:16:00,1.441,1.44103,1.44079,1.44082,900000000.0
2011-06-21 21:17:00,1.44086,1.44086,1.44028,1.44029,814499969.4824219
2011-06-21 21:18:00,1.44029,1.44047,1.43972,1.43972,1303999938.9648438
2011-06-21 21:19:00,1.43972,1.43995,1.4395,1.43995,694400024.4140625
2011-06-21 21:20:00,1.43995,1.44041,1.43987,1.44022,903700027.4658203
2011-06-21 21:21:00,1.4402,1.44027,1.43977,1.43991,637500000.0
2011-06-21 21:22:00,1.43991,1.4401,1.43961,1.43963,1078000030.5175781
2011-06-21 21:23:00,1.43963,1.43993,1.43961,1.43993,1218899993.8964844
2011-06-21 21:24:00,1.44005,1.44043,1.43999,1.44,1229800033.569336
2011-06-21 21:25:00,1.44011,1.44015,1.44004,1.44004,105000000.0
2011-06-21 21:26:00,1.44006,1.44006,1.43971,1.44001,675000000.0
2011-06-21 21:27:00,1.44002,1.4403,1.4399,1.4403,592500000.0
2011-06-21 21:28:00,1.4403,1.4404,1.44012,1.44017,352500000.0
2011-06-21 21:29:00,1.44035,1.44035,1.4402,1.44027,451699981.6894531
2011-06-21 21:30:00,1.44027,1.44047,1.4402,1.4402,425999984.74121094
2011-06-21 21:31:00,1.44026,1.44061,1.44019,1.44035,615000000.0
2011-06-21 21:32:00,1.44036,1.44076,1.44036,1.44056,548300018.3105469
2011-06-21 21:33:00,1.44055,1.44055,1.44049,1.44049,81800003.05175781
2011-06-21 21:34:00,1.44054,1.44054,1.44005,1.44029,711699981.6894531
2011-06-21 21:35:00,1.44027,1.44035,1.44,1.44,308299999.23706055
2011-06-21 21:36:00,1.44,1.4402,1.44,1.44007,419399986.26708984
2011-06-21 21:37:00,1.4401,1.44039,1.4401,1.4403,407900009.15527344
2011-06-21 21:38:00,1.44031,1.44049,1.43996,1.44009,841299972.5341797
2011-06-21 21:39:00,1.44017,1.4402,1.43995,1.44007,464300003.0517578
2011-06-21 21:40:00,1.44006,1.44022,1.43998,1.44017,724499969.4824219
2011-06-21 21:41:00,1.44018,1.44018,1.43973,1.43983,583899993.8964844
2011-06-21 21:42:00,1.43981,1.44003,1.43973,1.43995,467200012.20703125
2011-06-21 21:43:00,1.43996,1.44018,1.43996,1.44004,240000000.0
2011-06-21 21:44:00,1.44011,1.44036,1.44007,1.44018,297800006.8664551
2011-06-21 21:45:00,1.44018,1.44039,1.44018,1.44029,271200008.392334
2011-06-21 21:46:00,1.44029,1.44033,1.44001,1.44001,586500015.2587891
2011-06-21 21:47:00,1.44002,1.44019,1.43993,1.4401,697500000.0
2011-06-21 21:48:00,1.44007,1.44013,1.4398,1.44006,986299972.5341797
2011-06-21 21:49:00,1.44011,1.44014,1.43975,1.43976,955299987.7929688
2011-06-21 21:50:00,1.43983,1.44045,1.4396,1.44027,1732500000.0
2011-06-21 21:51:00,1.44022,1.44175,1.44022,1.4411,3542600097.65625
2011-06-21 21:52:00,1.44109,1.44168,1.441,1.44124,1867200012.2070312
2011-06-21 21:53:00,1.4412,1.4412,1.43981,1.43981,2311399993.8964844
2011-06-21 21:54:00,1.43979,1.44003,1.43882,1.43889,2803399963.3789062
2011-06-21 21:55:00,1.43893,1.43901,1.4385,1.43874,1613099975.5859375
2011-06-21 21:56:00,1.43881,1.43962,1.43863,1.4395,1879700012.2070312
2011-06-21 21:57:00,1.43944,1.43994,1.43918,1.43963,1175400009.1552734
2011-06-21 21:58:00,1.43962,1.43969,1.43934,1.43958,1100299987.7929688
2011-06-21 21:59:00,1.43959,1.44002,1.43945,1.43969,1723099975.5859375
2011-06-21 22:00:00,1.43972,1.44012,1.43881,1.43881,2342899932.861328
2011-06-21 22:01:00,1.43881,1.43891,1.43778,1.43778,2272799987.7929688
2011-06-21 22:02:00,1.43773,1.43777,1.43679,1.43701,2625499877.9296875
2011-06-21 22:03:00,1.43695,1.43747,1.43659,1.43725,2045599975.5859375
2011-06-21 22:04:00,1.43722,1.4375,1.43711,1.43735,1186500015.258789
2011-06-21 22:05:00,1.43734,1.43742,1.43704,1.4374,1687599945.0683594
2011-06-21 22:06:00,1.43745,1.43768,1.43729,1.43768,1455099945.0683594
2011-06-21 22:07:00,1.43773,1.43828,1.43765,1.43824,1291699981.6894531
2011-06-21 22:08:00,1.43827,1.43835,1.43769,1.43771,1843600006.1035156
2011-06-21 22:09:00,1.43772,1.43798,1.43767,1.43792,872300033.5693359
2011-06-21 22:10:00,1.43791,1.43886,1.43789,1.43853,2607000122.0703125
2011-06-21 22:11:00,1.43855,1.43885,1.43839,1.4385,1319299926.7578125
2011-06-21 22:12:00,1.43848,1.43877,1.43848,1.43876,549799995.4223633
2011-06-21 22:13:00,1.43876,1.43896,1.43869,1.43875,911800003.0517578
2011-06-21 22:14:00,1.43872,1.43895,1.43867,1.43867,821299972.5341797
2011-06-21 22:15:00,1.43867,1.43984,1.43867,1.43984,1164800033.569336
2011-06-21 22:16:00,1.43988,1.44,1.43936,1.43951,1326199951.171875
2011-06-21 22:17:00,1.43953,1.43973,1.43943,1.43959,948700027.4658203
2011-06-21 22:18:00,1.43956,1.44023,1.43939,1.43974,1514299926.7578125
2011-06-21 22:19:00,1.43973,1.43981,1.43959,1.43972,705800018.3105469
2011-06-21 22:20:00,1.4397,1.43985,1.43881,1.43885,1817899932.8613281
2011-06-21 22:21:00,1.43885,1.43927,1.43873,1.4392,1187300033.569336
2011-06-21 22:22:00,1.43921,1.44017,1.43921,1.44003,1787299957.2753906
2011-06-21 22:23:00,1.44002,1.44012,1.43986,1.4399,894499969.4824219
2011-06-21 22:24:00,1.4399,1.4399,1.43903,1.43909,1600299987.7929688
2011-06-21 22:25:00,1.43909,1.43931,1.43901,1.43917,712500000.0
2011-06-21 22:26:00,1.43917,1.43919,1.43892,1.43892,704599990.8447266
2011-06-21 22:27:00,1.43898,1.43904,1.43866,1.43883,848499984.7412109
2011-06-21 22:28:00,1.43884,1.43921,1.43884,1.43914,597900009.1552734
2011-06-21 22:29:00,1.43919,1.43924,1.43919,1.43919,120000000.0
2011-06-21 22:30:00,1.43919,1.43935,1.43918,1.43925,654800033.5693359
2011-06-21 22:31:00,1.43925,1.43925,1.43918,1.43921,539300003.0517578
2011-06-21 22:32:00,1.43921,1.4394,1.43921,1.43933,654000015.2587891
2011-06-21 22:33:00,1.43933,1.43933,1.43933,1.43933,63899998.66485596
2011-06-21 22:34:00,1.43933,1.4394,1.43933,1.4394,81099996.56677246
2011-06-21 22:35:00,1.43944,1.43986,1.43944,1.43984,1152500000.0
2011-06-21 22:36:00,1.43984,1.43984,1.43942,1.43952,959100036.6210938
2011-06-21 22:37:00,1.43952,1.4397,1.43952,1.43966,300000000.0
2011-06-21 22:38:00,1.43966,1.43966,1.43952,1.43952,367599983.21533203
2011-06-21 22:39:00,1.43952,1.43955,1.43952,1.43952,187500000.0
2011-06-21 22:40:00,1.43951,1.43958,1.43948,1.43949,765400009.1552734
2011-06-21 22:41:00,1.43949,1.4395,1.43937,1.43938,307800006.8664551
2011-06-21 22:42:00,1.43938,1.43938,1.43909,1.43911,513800010.68115234
2011-06-21 22:43:00,1.43909,1.43909,1.43867,1.43874,1188799972.5341797
2011-06-21 22:44:00,1.43874,1.43884,1.4387,1.43883,600000000.0
2011-06-21 22:45:00,1.43883,1.43899,1.43874,1.43883,662300033.5693359
2011-06-21 22:46:00,1.43883,1.43898,1.43879,1.4388,735199966.4306641
2011-06-21 22:47:00,1.43878,1.43878,1.43826,1.43826,1214400024.4140625
2011-06-21 22:48:00,1.43826,1.43829,1.43802,1.43802,652600021.3623047
2011-06-21 22:49:00,1.43805,1.43809,1.43775,1.43803,1114899978.6376953
2011-06-21 22:50:00,1.43802,1.43807,1.43786,1.43791,672500000.0
2011-06-21 22:51:00,1.43791,1.43796,1.43731,1.43731,1066699981.6894531
2011-06-21 22:52:00,1.43729,1.43745,1.43723,1.43733,1021800003.0517578
2011-06-21 22:53:00,1.43736,1.43743,1.43727,1.43743,643499984.7412109
2011-06-21 22:54:00,1.43743,1.43754,1.43735,1.43752,990100021.3623047
2011-06-21 22:55:00,1.43754,1.43769,1.43754,1.43763,330000000.0
2011-06-21 22:56:00,1.43761,1.43784,1.4376,1.43776,364500007.62939453
2011-06-21 22:57:00,1.43774,1.43835,1.43774,1.43819,1111600036.6210938
2011-06-21 22:58:00,1.43819,1.43836,1.43798,1.43836,1117600021.3623047
2011-06-21 22:59:00,1.43835,1.43835,1.43749,1.43764,1383899993.8964844
2011-06-21 23:00:00,1.43764,1.43806,1.43756,1.43806,1252699966.430664
2011-06-21 23:01:00,1.43806,1.43851,1.43806,1.43832,825100021.3623047
2011-06-21 23:02:00,1.43832,1.43864,1.43832,1.43849,1076299972.5341797
2011-06-21 23:03:00,1.4385,1.4385,1.43822,1.43824,762099990.8447266
2011-06-21 23:04:00,1.43825,1.43825,1.43766,1.43767,954300003.0517578
2011-06-21 23:05:00,1.43767,1.43803,1.43767,1.438,806299972.5341797
2011-06-21 23:06:00,1.43801,1.43803,1.43798,1.438,386300010.68115234
2011-06-21 23:07:00,1.43798,1.43798,1.4378,1.4378,288999996.18530273
2011-06-21 23:08:00,1.43773,1.43789,1.43759,1.43759,862500000.0
2011-06-21 23:09:00,1.4376,1.4377,1.43684,1.43684,1411300048.828125
2011-06-21 23:10:00,1.43683,1.43683,1.43623,1.43656,1924900054.9316406
2011-06-21 23:11:00,1.43659,1.43698,1.43655,1.43698,1308000030.5175781
2011-06-21 23:12:00,1.43699,1.43711,1.43697,1.43704,615299987.7929688
2011-06-21 23:13:00,1.43705,1.43724,1.43696,1.4372,1575800018.3105469
2011-06-21 23:14:00,1.4372,1.4372,1.4369,1.43704,1009300003.0517578
2011-06-21 23:15:00,1.43701,1.43701,1.4367,1.43685,994199981.6894531
2011-06-21 23:16:00,1.43679,1.4372,1.43679,1.4372,1516900024.4140625
2011-06-21 23:17:00,1.43724,1.4374,1.43724,1.43737,675100021.3623047
2011-06-21 23:18:00,1.43739,1.43741,1.4372,1.43741,611500015.2587891
2011-06-21 23:19:00,1.43741,1.43749,1.4374,1.43749,322700004.5776367
2011-06-21 23:20:00,1.43748,1.43749,1.43719,1.43724,716900024.4140625
2011-06-21 23:21:00,1.43724,1.43727,1.43714,1.43727,885800018.3105469
2011-06-21 23:22:00,1.43728,1.43737,1.43716,1.43734,735599975.5859375
2011-06-21 23:23:00,1.43735,1.43759,1.43734,1.43752,847799987.7929688
2011-06-21 23:24:00,1.43753,1.43779,1.43753,1.43779,611300010.6811523
2011-06-21 23:25:00,1.43777,1.43811,1.43772,1.4381,1230400009.1552734
2011-06-21 23:26:00,1.4381,1.43813,1.43795,1.43799,600099983.215332
2011-06-21 23:27:00,1.43801,1.43817,1.43801,1.4381,356399993.8964844
2011-06-21 23:28:00,1.43811,1.43814,1.4381,1.43811,450099983.21533203
2011-06-21 23:29:00,1.43808,1.43808,1.43805,1.43805,225000000.0
2011-06-21 23:30:00,1.43803,1.43803,1.43795,1.43799,228899993.89648438
2011-06-21 23:31:00,1.43799,1.43804,1.43797,1.43799,180300006.86645508
2011-06-21 23:32:00,1.43799,1.43806,1.43794,1.43806,550000000.0
2011-06-21 23:33:00,1.43806,1.43819,1.43802,1.43819,570099983.215332
2011-06-21 23:34:00,1.4382,1.43852,1.4382,1.43848,906399993.8964844
2011-06-21 23:35:00,1.43848,1.43848,1.43822,1.43829,915800018.3105469
2011-06-21 23:36:00,1.43827,1.43833,1.43826,1.4383,331500015.25878906
2011-06-21 23:37:00,1.43832,1.43846,1.43832,1.43846,267000007.62939453
2011-06-21 23:38:00,1.43846,1.43851,1.43843,1.43843,399000015.25878906
2011-06-21 23:39:00,1.43844,1.43861,1.43844,1.43856,443400001.5258789
2011-06-21 23:40:00,1.43861,1.43887,1.43858,1.43881,1100000000.0
2011-06-21 23:41:00,1.43882,1.43885,1.43874,1.43874,562700004.5776367
2011-06-21 23:42:00,1.43872,1.43872,1.43859,1.43859,300300006.8664551
2011-06-21 23:43:00,1.43859,1.43868,1.43859,1.43865,345299987.79296875
2011-06-21 23:44:00,1.43865,1.43865,1.43863,1.43865,97500000.0
2011-06-21 23:45:00,1.43865,1.43865,1.4385,1.43858,760999984.7412109
2011-06-21 23:46:00,1.43859,1.4386,1.43843,1.43854,755599975.5859375
2011-06-21 23:47:00,1.43854,1.43856,1.43841,1.4385,868499984.7412109
2011-06-21 23:48:00,1.43845,1.43854,1.43843,1.43843,349799995.4223633
2011-06-21 23:49:00,1.43841,1.43841,1.43819,1.43819,545299987.7929688
2011-06-21 23:50:00,1.43818,1.43818,1.43784,1.43801,657300033.5693359
2011-06-21 23:51:00,1.43803,1.43805,1.43772,1.43772,713799972.5341797
2011-06-21 23:52:00,1.43772,1.43772,1.43728,1.43728,1025400009.1552734
2011-06-21 23:53:00,1.43727,1.43768,1.43727,1.43761,891999969.4824219
2011-06-21 23:54:00,1.43763,1.43763,1.43759,1.43759,90000000.0
2011-06-21 23:55:00,1.43761,1.43769,1.43747,1.43747,318799991.607666
2011-06-21 23:56:00,1.43746,1.43773,1.43739,1.43762,615000000.0
2011-06-21 23:57:00,1.43764,1.43767,1.43755,1.43759,518699989.31884766
2011-06-21 23:58:00,1.43759,1.43782,1.43759,1.43782,450000000.0
2011-06-21 23:59:00,1.43781,1.43781,1.43767,1.43767,187500000.0
2011-06-22 00:00:00,1.43766,1.43781,1.43746,1.43776,873600006.1035156
2011-06-22 00:01:00,1.43776,1.43776,1.43754,1.43754,425400009.15527344
2011-06-22 00:02:00,1.43756,1.43781,1.43755,1.43781,536300010.68115234
2011-06-22 00:03:00,1.43783,1.43842,1.43782,1.43842,973600006.1035156
2011-06-22 00:04:00,1.43843,1.43858,1.43843,1.43854,675100021.3623047
2011-06-22 00:05:00,1.4385,1.43869,1.4385,1.43863,590999984.7412109
2011-06-22 00:06:00,1.43865,1.43898,1.43865,1.43881,875500030.5175781
2011-06-22 00:07:00,1.43879,1.43879,1.43855,1.43861,929899978.6376953
2011-06-22 00:08:00,1.43864,1.43864,1.43852,1.43856,1002699966.4306641
2011-06-22 00:09:00,1.43855,1.43889,1.43855,1.43887,993600006.1035156
2011-06-22 00:10:00,1.43884,1.43902,1.43859,1.4386,2233699951.171875
2011-06-22 00:11:00,1.43861,1.43888,1.43851,1.43879,1153199996.9482422
2011-06-22 00:12:00,1.43879,1.43882,1.43859,1.43865,583600006.1035156
2011-06-22 00:13:00,1.43863,1.43882,1.43863,1.4387,864499969.4824219
2011-06-22 00:14:00,1.4387,1.43881,1.43863,1.43873,1124100036.6210938
2011-06-22 00:15:00,1.43871,1.43889,1.43864,1.43871,1357599945.0683594
2011-06-22 00:16:00,1.43877,1.43897,1.4387,1.43893,1002900009.1552734
2011-06-22 00:17:00,1.43893,1.43906,1.43877,1.43902,1095400009.1552734
2011-06-22 00:18:00,1.43899,1.43908,1.43882,1.43896,1316799926.7578125
2011-06-22 00:19:00,1.43896,1.43898,1.43873,1.4388,1094100036.6210938
2011-06-22 00:20:00,1.43881,1.43891,1.43873,1.43874,729899978.6376953
2011-06-22 00:21:00,1.43876,1.43876,1.43842,1.43848,1209899978.6376953
2011-06-22 00:22:00,1.43848,1.4385,1.43822,1.43848,1094599990.8447266
2011-06-22 00:23:00,1.43848,1.43867,1.43845,1.43857,1226399993.8964844
2011-06-22 00:24:00,1.43857,1.43877,1.43857,1.43867,549900016.784668
2011-06-22 00:25:00,1.43866,1.43868,1.43863,1.43868,920599975.5859375
2011-06-22 00:26:00,1.43869,1.43881,1.43869,1.43881,1087500000.0
2011-06-22 00:27:00,1.43881,1.43886,1.43873,1.43879,540800018.3105469
2011-06-22 00:28:00,1.43881,1.43881,1.43877,1.4388,220499992.37060547
2011-06-22 00:29:00,1.4388,1.4388,1.43836,1.43857,804899978.6376953
2011-06-22 00:30:00,1.43854,1.43862,1.43841,1.43853,769800033.5693359
2011-06-22 00:31:00,1.43852,1.43872,1.43852,1.43862,944499969.4824219
2011-06-22 00:32:00,1.43862,1.43868,1.43856,1.43856,656299972.5341797
2011-06-22 00:33:00,1.43853,1.43854,1.43781,1.43781,1763300018.3105469
2011-06-22 00:34:00,1.43782,1.4379,1.43728,1.43741,2430599975.5859375
2011-06-22 00:35:00,1.43743,1.4376,1.4373,1.4373,812699966.4306641
2011-06-22 00:36:00,1.43735,1.43745,1.43728,1.43728,788899993.8964844
2011-06-22 00:37:00,1.43725,1.43725,1.43703,1.43721,1256900024.4140625
2011-06-22 00:38:00,1.43725,1.43732,1.43715,1.43725,972200012.2070312
2011-06-22 00:39:00,1.43724,1.43749,1.43724,1.43736,881200027.4658203
2011-06-22 00:40:00,1.43739,1.43747,1.43721,1.43721,642600021.3623047
2011-06-22 00:41:00,1.43721,1.43721,1.43675,1.43675,1212500000.0
2011-06-22 00:42:00,1.43672,1.4368,1.4363,1.43644,2275000000.0
2011-06-22 00:43:00,1.43645,1.43689,1.43643,1.43679,1286199951.171875
2011-06-22 00:44:00,1.43676,1.43702,1.43663,1.43668,1425800018.3105469
2011-06-22 00:45:00,1.43668,1.43676,1.43649,1.43659,1346600036.6210938
2011-06-22 00:46:00,1.43659,1.43714,1.43659,1.43714,1121399993.8964844
2011-06-22 00:47:00,1.43716,1.43721,1.43695,1.43715,1089300003.0517578
2011-06-22 00:48:00,1.43717,1.43729,1.43693,1.43694,1230899963.3789062
2011-06-22 00:49:00,1.43695,1.43709,1.43695,1.43705,810899963.3789062
2011-06-22 00:50:00,1.43704,1.43708,1.43695,1.43695,429300003.0517578
2011-06-22 00:51:00,1.43695,1.43698,1.43653,1.43668,1660500030.5175781
2011-06-22 00:52:00,1.43666,1.43675,1.43658,1.43672,910500030.5175781
2011-06-22 00:53:00,1.43671,1.43682,1.43668,1.43681,925599975.5859375
2011-06-22 00:54:00,1.43681,1.43699,1.4367,1.43676,1551199951.171875
2011-06-22 00:55:00,1.43679,1.43727,1.43679,1.43722,1280399932.8613281
2011-06-22 00:56:00,1.43728,1.43735,1.43723,1.43732,1005000000.0
2011-06-22 00:57:00,1.43732,1.43735,1.43723,1.43726,1325500030.5175781
2011-06-22 00:58:00,1.43727,1.43776,1.43727,1.43773,1570899963.3789062
2011-06-22 00:59:00,1.43773,1.4378,1.43763,1.43773,822500000.0
2011-06-22 01:00:00,1.43778,1.43784,1.4377,1.43772,716699981.6894531
2011-06-22 01:01:00,1.43773,1.43773,1.43755,1.43764,925500030.5175781
2011-06-22 01:02:00,1.43764,1.43769,1.43761,1.43766,478899993.8964844
2011-06-22 01:03:00,1.43766,1.4377,1.43761,1.43761,572599983.215332
2011-06-22 01:04:00,1.43766,1.43767,1.43749,1.43754,714499969.4824219
2011-06-22 01:05:00,1.43753,1.43777,1.43753,1.43772,621199989.3188477
2011-06-22 01:06:00,1.43771,1.43771,1.43722,1.43724,974199981.6894531
2011-06-22 01:07:00,1.43717,1.43731,1.43711,1.43724,851600036.6210938
2011-06-22 01:08:00,1.43724,1.43724,1.43704,1.43704,684100036.6210938
2011-06-22 01:09:00,1.43704,1.43727,1.43704,1.43719,747300033.5693359
2011-06-22 01:10:00,1.43721,1.43724,1.43687,1.4369,1171200027.4658203
2011-06-22 01:11:00,1.4369,1.4369,1.43677,1.43684,1380000000.0
2011-06-22 01:12:00,1.43684,1.43686,1.43652,1.43661,1543000030.5175781
2011-06-22 01:13:00,1.43661,1.43679,1.43661,1.43679,512299995.4223633
2011-06-22 01:14:00,1.43679,1.43695,1.43666,1.43676,1098399963.3789062
2011-06-22 01:15:00,1.43675,1.43696,1.43665,1.43696,923600006.1035156
2011-06-22 01:16:00,1.43696,1.43711,1.43671,1.4368,1257200012.2070312
2011-06-22 01:17:00,1.43679,1.43679,1.43669,1.43675,1208899993.8964844
2011-06-22 01:18:00,1.43675,1.43682,1.43673,1.43676,554500007.6293945
2011-06-22 01:19:00,1.43674,1.43674,1.43633,1.43633,827699966.4306641
2011-06-22 01:20:00,1.43632,1.43636,1.43611,1.43623,1736600036.6210938
2011-06-22 01:21:00,1.43623,1.43636,1.43613,1.4362,1191200027.4658203
2011-06-22 01:22:00,1.43621,1.43639,1.43621,1.4363,934700012.2070312
2011-06-22 01:23:00,1.43632,1.43637,1.43615,1.4363,1206399993.8964844
2011-06-22 01:24:00,1.43632,1.43679,1.43632,1.4366,1236200027.4658203
2011-06-22 01:25:00,1.4366,1.43664,1.4362,1.4362,932399978.6376953
2011-06-22 01:26:00,1.43617,1.4362,1.4358,1.4359,1682899932.8613281
2011-06-22 01:27:00,1.43589,1.43619,1.43588,1.43614,1499900054.9316406
2011-06-22 01:28:00,1.43614,1.43651,1.43605,1.43651,1952899932.8613281
2011-06-22 01:29:00,1.43651,1.43659,1.43594,1.436,1798399963.3789062
2011-06-22 01:30:00,1.43597,1.43627,1.43595,1.43622,1158499984.741211
2011-06-22 01:31:00,1.43622,1.43622,1.43605,1.43616,947300033.5693359
2011-06-22 01:32:00,1.43619,1.43629,1.43598,1.43601,1582200012.2070312
2011-06-22 01:33:00,1.43602,1.43612,1.43524,1.4353,2378800048.828125
2011-06-22 01:34:00,1.43527,1.43534,1.4345,1.43484,2200599975.5859375
2011-06-22 01:35:00,1.43488,1.43512,1.43488,1.4351,2360099945.0683594
2011-06-22 01:36:00,1.43512,1.43519,1.43464,1.4347,2084400024.4140625
2011-06-22 01:37:00,1.43477,1.43537,1.43465,1.43536,2218099975.5859375
2011-06-22 01:38:00,1.43536,1.43541,1.4352,1.43526,1724499969.4824219
2011-06-22 01:39:00,1.43535,1.43535,1.43498,1.43511,1798099975.5859375
2011-06-22 01:40:00,1.43511,1.43542,1.43509,1.43537,2537700042.7246094
2011-06-22 01:41:00,1.43536,1.43544,1.43525,1.43535,921200027.4658203
2011-06-22 01:42:00,1.43536,1.4356,1.4353,1.43556,941299972.5341797
2011-06-22 01:43:00,1.43553,1.43559,1.43541,1.43544,1731199951.171875
2011-06-22 01:44:00,1.43549,1.43552,1.43522,1.43526,1728800048.828125
2011-06-22 01:45:00,1.43525,1.43531,1.43524,1.43525,803399963.3789062
2011-06-22 01:46:00,1.43525,1.43525,1.43501,1.43507,944599990.8447266
2011-06-22 01:47:00,1.43507,1.43521,1.43506,1.43514,743099975.5859375
2011-06-22 01:48:00,1.43514,1.43539,1.43506,1.43538,1534499969.4824219
2011-06-22 01:49:00,1.43538,1.43551,1.43527,1.43528,1440299987.7929688
2011-06-22 01:50:00,1.43528,1.43551,1.43528,1.43543,1375000000.0
2011-06-22 01:51:00,1.43546,1.43579,1.43546,1.43579,997600021.3623047
2011-06-22 01:52:00,1.43579,1.436,1.43568,1.43572,1268700027.4658203
2011-06-22 01:53:00,1.43574,1.43605,1.43558,1.43589,1539400024.4140625
2011-06-22 01:54:00,1.43589,1.43589,1.43569,1.43575,548699989.3188477
2011-06-22 01:55:00,1.43574,1.43584,1.43565,1.43565,980500030.5175781
2011-06-22 01:56:00,1.43565,1.43567,1.43562,1.43565,279899997.71118164
2011-06-22 01:57:00,1.43565,1.43566,1.4354,1.43566,1012600021.3623047
2011-06-22 01:58:00,1.43571,1.43587,1.43566,1.43584,1181299972.5341797
2011-06-22 01:59:00,1.43586,1.43625,1.43586,1.43603,1851000061.0351562
2011-06-22 02:00:00,1.43606,1.43612,1.43599,1.43602,1981199951.171875
2011-06-22 02:01:00,1.43602,1.43614,1.43599,1.43609,1220299987.7929688
2011-06-22 02:02:00,1.43605,1.43609,1.43602,1.43602,316800003.0517578
2011-06-22 02:03:00,1.43603,1.43638,1.43594,1.43637,946600036.6210938
2011-06-22 02:04:00,1.43639,1.4364,1.43624,1.43627,506399993.8964844
2011-06-22 02:05:00,1.43631,1.43662,1.43625,1.4363,824000015.2587891
2011-06-22 02:06:00,1.43631,1.43631,1.43611,1.43611,471899986.26708984
2011-06-22 02:07:00,1.43608,1.43608,1.436,1.436,151599998.4741211
2011-06-22 02:08:00,1.43599,1.43604,1.43596,1.43601,366300010.68115234
2011-06-22 02:09:00,1.43598,1.43606,1.43598,1.43606,240100002.28881836
2011-06-22 02:10:00,1.43608,1.43672,1.43608,1.43665,1309600067.1386719
2011-06-22 02:11:00,1.43666,1.43688,1.43656,1.43676,1630000000.0
2011-06-22 02:12:00,1.43681,1.43686,1.43659,1.43665,1209800033.569336
2011-06-22 02:13:00,1.43665,1.43671,1.43664,1.43669,572700004.5776367
2011-06-22 02:14:00,1.43669,1.43669,1.43665,1.43665,274099998.4741211
2011-06-22 02:15:00,1.43664,1.43689,1.43659,1.43684,888099975.5859375
2011-06-22 02:16:00,1.43684,1.4369,1.4367,1.43689,895400009.1552734
2011-06-22 02:17:00,1.43687,1.43732,1.43685,1.43699,2063200073.2421875
2011-06-22 02:18:00,1.43699,1.437,1.43686,1.437,833600006.1035156
2011-06-22 02:19:00,1.437,1.437,1.43683,1.43685,828499984.7412109
2011-06-22 02:20:00,1.43686,1.4369,1.43678,1.43678,829700012.2070312
2011-06-22 02:21:00,1.43676,1.43676,1.43647,1.43651,1112600021.3623047
2011-06-22 02:22:00,1.43651,1.43657,1.43631,1.43656,1100899963.3789062
2011-06-22 02:23:00,1.43656,1.4366,1.4365,1.43659,418199996.9482422
2011-06-22 02:24:00,1.43657,1.43657,1.43651,1.43651,164699993.13354492
2011-06-22 02:25:00,1.43649,1.43653,1.4364,1.43646,698000030.5175781
2011-06-22 02:26:00,1.43649,1.4365,1.43631,1.43638,870500030.5175781
2011-06-22 02:27:00,1.43638,1.43638,1.43601,1.43603,840000000.0
2011-06-22 02:28:00,1.43601,1.43609,1.43599,1.43599,637099990.8447266
2011-06-22 02:29:00,1.43602,1.4361,1.43602,1.4361,142700004.57763672
2011-06-22 02:30:00,1.4361,1.43622,1.4361,1.43622,304400005.3405762
2011-06-22 02:31:00,1.43622,1.43635,1.43621,1.43633,413899993.8964844
2011-06-22 02:32:00,1.43633,1.43633,1.43617,1.4362,475800018.3105469
2011-06-22 02:33:00,1.43617,1.43617,1.43602,1.43606,537700004.5776367
2011-06-22 02:34:00,1.43606,1.4362,1.43603,1.43606,590499992.3706055
2011-06-22 02:35:00,1.43606,1.4361,1.43605,1.43606,166100006.10351562
2011-06-22 02:36:00,1.43605,1.43612,1.43602,1.43609,627999992.3706055
2011-06-22 02:37:00,1.43609,1.43617,1.43603,1.4361,657399978.6376953
2011-06-22 02:38:00,1.43608,1.43635,1.43606,1.43627,1367799987.7929688
2011-06-22 02:39:00,1.43629,1.43656,1.43625,1.43655,766600036.6210938
2011-06-22 02:40:00,1.43653,1.4366,1.43651,1.43654,254200000.76293945
2011-06-22 02:41:00,1.43654,1.43654,1.43631,1.43633,424000015.25878906
2011-06-22 02:42:00,1.43634,1.43668,1.43634,1.43652,769199981.6894531
2011-06-22 02:43:00,1.43655,1.43655,1.43646,1.43653,487999992.37060547
2011-06-22 02:44:00,1.43653,1.43677,1.43653,1.43661,774300003.0517578
2011-06-22 02:45:00,1.43661,1.43661,1.43646,1.43651,297199993.1335449
2011-06-22 02:46:00,1.43652,1.43677,1.4365,1.43656,853700027.4658203
2011-06-22 02:47:00,1.43657,1.43658,1.43643,1.43643,369300003.0517578
2011-06-22 02:48:00,1.43645,1.43668,1.43642,1.43668,697099990.8447266
2011-06-22 02:49:00,1.43666,1.43682,1.43665,1.43668,1009599990.8447266
2011-06-22 02:50:00,1.43668,1.4368,1.43667,1.4367,773899993.8964844
2011-06-22 02:51:00,1.43668,1.43677,1.43659,1.43668,650000000.0
2011-06-22 02:52:00,1.43667,1.43673,1.43667,1.43672,315400009.15527344
2011-06-22 02:53:00,1.43672,1.43673,1.43672,1.43673,45000000.0
2011-06-22 02:54:00,1.43673,1.43674,1.43672,1.43673,120000000.0
2011-06-22 02:55:00,1.43677,1.43699,1.43677,1.43698,532599983.21533203
2011-06-22 02:56:00,1.437,1.43706,1.43695,1.43703,457799987.79296875
2011-06-22 02:57:00,1.43703,1.43704,1.43703,1.43704,30000000.0
2011-06-22 02:58:00,1.43703,1.43707,1.43703,1.43705,390099983.21533203
2011-06-22 02:59:00,1.43705,1.43705,1.43702,1.43702,176499996.18530273
2011-06-22 03:00:00,1.43702,1.43702,1.43682,1.43685,673099975.5859375
2011-06-22 03:01:00,1.43685,1.437,1.43681,1.43692,1069100036.6210938
2011-06-22 03:02:00,1.43692,1.43694,1.43682,1.4369,259400005.34057617
2011-06-22 03:03:00,1.4369,1.43693,1.43684,1.43684,248199996.9482422
2011-06-22 03:04:00,1.43687,1.4369,1.43686,1.4369,267399997.71118164
2011-06-22 03:05:00,1.43691,1.43691,1.4368,1.43688,502400016.78466797
2011-06-22 03:06:00,1.43688,1.4369,1.43688,1.43688,182000007.62939453
2011-06-22 03:07:00,1.43688,1.43688,1.43673,1.43674,536100006.1035156
2011-06-22 03:08:00,1.43673,1.43676,1.43649,1.43649,564799995.4223633
2011-06-22 03:09:00,1.43649,1.43649,1.43646,1.43649,197500000.0
2011-06-22 03:10:00,1.43649,1.4365,1.43639,1.4364,238899993.89648438
2011-06-22 03:11:00,1.43637,1.43644,1.43636,1.43636,652500000.0
2011-06-22 03:12:00,1.43637,1.43648,1.43637,1.43648,472400016.78466797
2011-06-22 03:13:00,1.43647,1.43675,1.43647,1.43675,623600006.1035156
2011-06-22 03:14:00,1.43676,1.43678,1.43669,1.43673,821900024.4140625
2011-06-22 03:15:00,1.43673,1.43687,1.43668,1.43676,856800003.0517578
2011-06-22 03:16:00,1.43681,1.43691,1.43681,1.43684,539599990.8447266
2011-06-22 03:17:00,1.43683,1.43684,1.4368,1.43684,315900001.5258789
2011-06-22 03:18:00,1.43683,1.43685,1.43675,1.43679,562500000.0
2011-06-22 03:19:00,1.43679,1.43684,1.43654,1.43667,1097099990.8447266
2011-06-22 03:20:00,1.43666,1.43681,1.43664,1.43676,855599975.5859375
2011-06-22 03:21:00,1.4368,1.43694,1.43666,1.43686,1436300048.828125
2011-06-22 03:22:00,1.43686,1.43686,1.43664,1.43667,757900009.1552734
2011-06-22 03:23:00,1.43666,1.43666,1.43654,1.43659,446800003.0517578
2011-06-22 03:24:00,1.4366,1.43663,1.43654,1.43661,368499984.74121094
2011-06-22 03:25:00,1.43661,1.43665,1.43654,1.43665,388100013.73291016
2011-06-22 03:26:00,1.43665,1.43665,1.43656,1.43658,158100004.196167
2011-06-22 03:27:00,1.43658,1.43658,1.43653,1.43653,182700004.57763672
2011-06-22 03:28:00,1.43654,1.43656,1.43642,1.43644,514799995.4223633
2011-06-22 03:29:00,1.43644,1.43644,1.43636,1.43637,150500001.90734863
2011-06-22 03:30:00,1.43639,1.43644,1.43635,1.43635,246599998.4741211
2011-06-22 03:31:00,1.43635,1.43657,1.43635,1.43656,751500015.2587891
2011-06-22 03:32:00,1.43656,1.43656,1.43639,1.43647,474300003.0517578
2011-06-22 03:33:00,1.43647,1.43649,1.43631,1.43633,451199989.31884766
2011-06-22 03:34:00,1.43633,1.43633,1.43613,1.4363,827799987.7929688
2011-06-22 03:35:00,1.4363,1.43635,1.4363,1.43635,176700000.76293945
2011-06-22 03:36:00,1.43635,1.43651,1.43635,1.43637,482099990.84472656
2011-06-22 03:37:00,1.43639,1.4365,1.43625,1.4365,626100006.1035156
2011-06-22 03:38:00,1.43651,1.43654,1.43643,1.4365,274699993.1335449
2011-06-22 03:39:00,1.43648,1.4365,1.43644,1.43644,161599998.4741211
2011-06-22 03:40:00,1.43645,1.43645,1.43637,1.43637,267000007.62939453
2011-06-22 03:41:00,1.43638,1.43645,1.43638,1.43644,150600004.196167
2011-06-22 03:42:00,1.43644,1.43644,1.43639,1.43644,124300003.05175781
2011-06-22 03:43:00,1.43641,1.43644,1.43638,1.4364,251900005.34057617
2011-06-22 03:44:00,1.43643,1.43643,1.43636,1.43636,210499992.37060547
2011-06-22 03:45:00,1.43638,1.43646,1.43637,1.43637,221800003.0517578
2011-06-22 03:46:00,1.43635,1.43637,1.43635,1.43637,289200000.76293945
2011-06-22 03:47:00,1.43636,1.43646,1.43636,1.43646,214300003.0517578
2011-06-22 03:48:00,1.43647,1.43657,1.43647,1.4365,319500007.62939453
2011-06-22 03:49:00,1.43649,1.43653,1.43649,1.43652,172800006.86645508
2011-06-22 03:50:00,1.43657,1.43657,1.43643,1.43643,471599998.4741211
2011-06-22 03:51:00,1.43643,1.43647,1.43637,1.43645,425000000.0
2011-06-22 03:52:00,1.43644,1.43646,1.43643,1.43646,180499992.37060547
2011-06-22 03:53:00,1.43644,1.4365,1.43644,1.4365,160200004.57763672
2011-06-22 03:54:00,1.4365,1.4365,1.43637,1.43637,185300006.86645508
2011-06-22 03:55:00,1.43637,1.43637,1.43632,1.43633,188199996.9482422
2011-06-22 03:56:00,1.43633,1.43646,1.43633,1.43645,531699981.6894531
2011-06-22 03:57:00,1.43646,1.43683,1.43646,1.43675,1030999984.7412109
2011-06-22 03:58:00,1.43675,1.43678,1.43663,1.43676,567599983.215332
2011-06-22 03:59:00,1.43675,1.43687,1.43673,1.43679,959899978.6376953
2011-06-22 04:00:00,1.43679,1.43679,1.43652,1.43662,653399963.3789062
2011-06-22 04:01:00,1.43658,1.43675,1.43658,1.43667,459799995.4223633
2011-06-22 04:02:00,1.43667,1.43677,1.43664,1.43671,338699989.31884766
2011-06-22 04:03:00,1.43671,1.43681,1.43665,1.43667,645400009.1552734
2011-06-22 04:04:00,1.43667,1.43675,1.43665,1.43667,435400009.15527344
2011-06-22 04:05:00,1.4367,1.43672,1.43662,1.43663,616199989.3188477
2011-06-22 04:06:00,1.43663,1.43663,1.43654,1.43656,584000015.2587891
2011-06-22 04:07:00,1.43656,1.4366,1.43648,1.43648,350499992.37060547
2011-06-22 04:08:00,1.43647,1.43647,1.43635,1.43635,326899986.26708984
2011-06-22 04:09:00,1.43636,1.43639,1.4363,1.4363,615699996.9482422
2011-06-22 04:10:00,1.43629,1.43636,1.43629,1.43629,1289600067.1386719
2011-06-22 04:11:00,1.43629,1.43639,1.43627,1.43627,617599983.215332
2011-06-22 04:12:00,1.43628,1.43637,1.43612,1.43637,1086299972.5341797
2011-06-22 04:13:00,1.43634,1.43655,1.43634,1.43654,1011999969.4824219
2011-06-22 04:14:00,1.43654,1.4367,1.4365,1.4366,988099975.5859375
2011-06-22 04:15:00,1.43658,1.43674,1.43657,1.43661,731200027.4658203
2011-06-22 04:16:00,1.43661,1.43664,1.43659,1.43664,209699993.13354492
2011-06-22 04:17:00,1.43664,1.43671,1.43664,1.43665,472000007.62939453
2011-06-22 04:18:00,1.43665,1.43675,1.4366,1.43675,339599990.84472656
2011-06-22 04:19:00,1.43677,1.437,1.43677,1.43692,475499992.37060547
2011-06-22 04:20:00,1.43693,1.43702,1.43689,1.43691,377700004.5776367
2011-06-22 04:21:00,1.43691,1.43691,1.43687,1.43691,396199989.31884766
2011-06-22 04:22:00,1.4369,1.43701,1.4369,1.43696,294500007.62939453
2011-06-22 04:23:00,1.43693,1.437,1.43684,1.43689,435000000.0
2011-06-22 04:24:00,1.43691,1.43708,1.4369,1.43708,221800003.0517578
2011-06-22 04:25:00,1.43706,1.4371,1.437,1.43703,626699981.6894531
2011-06-22 04:26:00,1.43702,1.43702,1.43681,1.43681,548100013.7329102
2011-06-22 04:27:00,1.4368,1.4368,1.43674,1.43679,328300018.3105469
2011-06-22 04:28:00,1.43679,1.43692,1.43679,1.43692,267900009.15527344
2011-06-22 04:29:00,1.43693,1.43701,1.43691,1.43695,494399986.26708984
2011-06-22 04:30:00,1.43697,1.43697,1.4366,1.43668,1090000000.0
2011-06-22 04:31:00,1.43666,1.43688,1.4366,1.4368,955199966.4306641
2011-06-22 04:32:00,1.43679,1.43679,1.43668,1.43672,341300010.68115234
2011-06-22 04:33:00,1.43673,1.43699,1.43673,1.43689,838600006.1035156
2011-06-22 04:34:00,1.43689,1.43689,1.43676,1.43678,412299995.4223633
2011-06-22 04:35:00,1.43678,1.43689,1.43678,1.43684,735800018.3105469
2011-06-22 04:36:00,1.43685,1.43689,1.43682,1.43682,432999992.37060547
2011-06-22 04:37:00,1.43682,1.43682,1.43671,1.43677,582599983.215332
2011-06-22 04:38:00,1.43676,1.4369,1.43676,1.43686,530099983.21533203
2011-06-22 04:39:00,1.43685,1.43691,1.43685,1.43688,448400001.5258789
2011-06-22 04:40:00,1.43685,1.43695,1.43681,1.4369,1010999984.7412109
2011-06-22 04:41:00,1.43689,1.43692,1.43675,1.43683,746299972.5341797
2011-06-22 04:42:00,1.43684,1.43695,1.43682,1.43692,591100006.1035156
2011-06-22 04:43:00,1.43691,1.437,1.43691,1.43692,216499996.18530273
2011-06-22 04:44:00,1.43691,1.43697,1.43687,1.43688,578600006.1035156
2011-06-22 04:45:00,1.43688,1.43718,1.43688,1.43707,888499984.7412109
2011-06-22 04:46:00,1.43711,1.43735,1.43711,1.43729,1111299972.5341797
2011-06-22 04:47:00,1.4373,1.43734,1.43722,1.43729,619700012.2070312
2011-06-22 04:48:00,1.43729,1.4374,1.43725,1.43725,804499969.4824219
2011-06-22 04:49:00,1.43725,1.43731,1.43715,1.43722,357700004.5776367
2011-06-22 04:50:00,1.4372,1.43731,1.43719,1.4373,310900001.5258789
2011-06-22 04:51:00,1.43728,1.43758,1.43728,1.43758,662399978.6376953
2011-06-22 04:52:00,1.43762,1.43762,1.43745,1.43758,1020599975.5859375
2011-06-22 04:53:00,1.43752,1.43752,1.43742,1.43745,549900016.784668
2011-06-22 04:54:00,1.43745,1.43751,1.43741,1.43751,601199989.3188477
2011-06-22 04:55:00,1.4375,1.43759,1.4375,1.43755,526899986.26708984
2011-06-22 04:56:00,1.43755,1.43765,1.43749,1.43757,798499984.7412109
2011-06-22 04:57:00,1.4376,1.43764,1.43756,1.4376,328100013.73291016
2011-06-22 04:58:00,1.43761,1.43801,1.43761,1.43794,1270500030.5175781
2011-06-22 04:59:00,1.43795,1.43801,1.43779,1.4379,941299972.5341797
2011-06-22 05:00:00,1.43797,1.4381,1.43787,1.43795,991399993.8964844
2011-06-22 05:01:00,1.43794,1.43797,1.43773,1.43773,880699996.9482422
2011-06-22 05:02:00,1.43778,1.43779,1.43761,1.43778,626399993.8964844
2011-06-22 05:03:00,1.43778,1.43793,1.43776,1.43786,818499984.7412109
2011-06-22 05:04:00,1.43784,1.4379,1.43779,1.43786,861600036.6210938
2011-06-22 05:05:00,1.43788,1.43827,1.43788,1.43827,905599975.5859375
2011-06-22 05:06:00,1.43823,1.43831,1.43807,1.43808,1189400024.4140625
2011-06-22 05:07:00,1.43807,1.43823,1.43791,1.43806,1298999938.9648438
2011-06-22 05:08:00,1.43805,1.43809,1.43779,1.43784,872799987.7929688
2011-06-22 05:09:00,1.43785,1.43808,1.43785,1.43808,529799995.4223633
2011-06-22 05:10:00,1.43807,1.43818,1.43803,1.43813,645999984.7412109
2011-06-22 05:11:00,1.43812,1.43827,1.4381,1.43815,828499984.7412109
2011-06-22 05:12:00,1.43816,1.43816,1.43791,1.43797,917399978.6376953
2011-06-22 05:13:00,1.43797,1.43803,1.43791,1.43795,853799972.5341797
2011-06-22 05:14:00,1.43795,1.43803,1.43787,1.43802,527900009.15527344
2011-06-22 05:15:00,1.43803,1.43805,1.43795,1.43801,641299972.5341797
2011-06-22 05:16:00,1.43803,1.43805,1.43762,1.43772,1025899963.3789062
2011-06-22 05:17:00,1.43772,1.43779,1.43767,1.4377,949199981.6894531
2011-06-22 05:18:00,1.4377,1.4377,1.43765,1.43769,340900001.5258789
2011-06-22 05:19:00,1.43769,1.43772,1.43761,1.43766,544099998.4741211
2011-06-22 05:20:00,1.43766,1.43766,1.43761,1.43763,367700004.5776367
2011-06-22 05:21:00,1.43762,1.43763,1.43755,1.43762,458100013.73291016
2011-06-22 05:22:00,1.43762,1.43763,1.43756,1.43763,606599998.4741211
2011-06-22 05:23:00,1.43763,1.43772,1.43763,1.43772,383300018.3105469
2011-06-22 05:24:00,1.43772,1.43791,1.43772,1.43787,578499984.7412109
2011-06-22 05:25:00,1.43787,1.43809,1.43787,1.43804,1543800048.828125
2011-06-22 05:26:00,1.43803,1.43808,1.43789,1.43793,1340000000.0
2011-06-22 05:27:00,1.43794,1.43801,1.43776,1.43792,745899963.3789062
2011-06-22 05:28:00,1.43791,1.43799,1.43781,1.43794,895400009.1552734
2011-06-22 05:29:00,1.43794,1.43805,1.43793,1.43798,485800018.3105469
2011-06-22 05:30:00,1.43793,1.43795,1.43764,1.43764,892200012.2070312
2011-06-22 05:31:00,1.43762,1.43789,1.43754,1.4378,1685000000.0
2011-06-22 05:32:00,1.43779,1.4379,1.43776,1.43783,1274400024.4140625
2011-06-22 05:33:00,1.43783,1.43793,1.43783,1.43785,399199981.6894531
2011-06-22 05:34:00,1.43784,1.4379,1.43769,1.4377,436699981.6894531
2011-06-22 05:35:00,1.43772,1.43775,1.43757,1.43759,986900024.4140625
2011-06-22 05:36:00,1.43755,1.43766,1.43749,1.43761,1275800018.3105469
2011-06-22 05:37:00,1.43763,1.43765,1.43752,1.43758,516399993.8964844
2011-06-22 05:38:00,1.43761,1.43761,1.43718,1.4372,957300033.5693359
2011-06-22 05:39:00,1.43717,1.43739,1.43712,1.43731,1275500030.5175781
2011-06-22 05:40:00,1.43732,1.43735,1.43719,1.43729,1353500061.0351562
2011-06-22 05:41:00,1.4373,1.43784,1.4373,1.43778,1792200012.2070312
2011-06-22 05:42:00,1.43776,1.43805,1.43776,1.43803,941299972.5341797
2011-06-22 05:43:00,1.43802,1.43845,1.43801,1.43845,1312200012.2070312
2011-06-22 05:44:00,1.43845,1.4386,1.4383,1.43835,1758000030.5175781
2011-06-22 05:45:00,1.43836,1.43921,1.43834,1.43915,2040000000.0
2011-06-22 05:46:00,1.43913,1.43914,1.4389,1.43904,2319600067.138672
2011-06-22 05:47:00,1.43906,1.43911,1.4389,1.43896,1345299987.7929688
2011-06-22 05:48:00,1.43898,1.43906,1.43868,1.4387,1175999984.741211
2011-06-22 05:49:00,1.4387,1.43875,1.4386,1.4387,950800018.3105469
2011-06-22 05:50:00,1.4387,1.4387,1.43849,1.43856,760199966.4306641
2011-06-22 05:51:00,1.43854,1.43856,1.43851,1.43851,428699989.31884766
2011-06-22 05:52:00,1.43854,1.43854,1.4384,1.43852,581100006.1035156
2011-06-22 05:53:00,1.43853,1.4386,1.43848,1.43856,661299972.5341797
2011-06-22 05:54:00,1.43856,1.43919,1.43852,1.43919,2036900024.4140625
2011-06-22 05:55:00,1.4392,1.43927,1.43902,1.43912,2903200073.2421875
2011-06-22 05:56:00,1.43912,1.43912,1.43882,1.43901,1788800048.828125
2011-06-22 05:57:00,1.43897,1.43901,1.43891,1.43892,1038300018.3105469
2011-06-22 05:58:00,1.43895,1.43901,1.4389,1.43901,624199981.6894531
2011-06-22 05:59:00,1.43901,1.43901,1.43881,1.43895,1061900024.4140625
2011-06-22 06:00:00,1.43896,1.43899,1.43859,1.4386,1700800018.3105469
2011-06-22 06:01:00,1.43861,1.4388,1.4384,1.43875,1939199981.6894531
2011-06-22 06:02:00,1.43874,1.43909,1.43866,1.43901,1797200012.2070312
2011-06-22 06:03:00,1.4391,1.43978,1.43908,1.43964,2849100036.6210938
2011-06-22 06:04:00,1.4396,1.43981,1.43946,1.43963,1420399932.8613281
2011-06-22 06:05:00,1.43962,1.43974,1.43946,1.43961,2045899963.3789062
2011-06-22 06:06:00,1.43959,1.43965,1.43949,1.43957,809700012.2070312
2011-06-22 06:07:00,1.43958,1.43972,1.43949,1.43969,1620800018.3105469
2011-06-22 06:08:00,1.43969,1.44,1.43933,1.43946,1956900024.4140625
2011-06-22 06:09:00,1.43941,1.43951,1.4392,1.43943,1345599975.5859375
2011-06-22 06:10:00,1.43941,1.43941,1.4391,1.43924,1420500030.5175781
2011-06-22 06:11:00,1.43925,1.43945,1.43925,1.43931,977200012.2070312
2011-06-22 06:12:00,1.43931,1.43941,1.43922,1.43927,664599990.8447266
2011-06-22 06:13:00,1.43925,1.43938,1.43921,1.43938,841500015.2587891
2011-06-22 06:14:00,1.4394,1.43986,1.43935,1.43986,1498800048.828125
2011-06-22 06:15:00,1.43987,1.44002,1.43959,1.43975,2020500030.5175781
2011-06-22 06:16:00,1.43976,1.43986,1.4396,1.43968,1135800018.3105469
2011-06-22 06:17:00,1.4397,1.43972,1.43929,1.4395,1788000030.5175781
2011-06-22 06:18:00,1.43951,1.43969,1.43951,1.43966,1030699996.9482422
2011-06-22 06:19:00,1.43968,1.44035,1.43968,1.44024,2365500030.517578
2011-06-22 06:20:00,1.44022,1.44052,1.44022,1.44033,2487500000.0
2011-06-22 06:21:00,1.44034,1.44112,1.44034,1.4409,2372100067.138672
2011-06-22 06:22:00,1.4409,1.44132,1.44081,1.44105,2206499938.9648438
2011-06-22 06:23:00,1.44105,1.44119,1.44091,1.44093,1496399993.8964844
2011-06-22 06:24:00,1.44095,1.44128,1.44095,1.44126,1783000030.5175781
2011-06-22 06:25:00,1.44127,1.44159,1.4412,1.44143,2863399963.3789062
2011-06-22 06:26:00,1.44142,1.44142,1.44105,1.44105,1742299957.2753906
2011-06-22 06:27:00,1.44105,1.44118,1.44091,1.44117,2017899932.8613281
2011-06-22 06:28:00,1.44119,1.44119,1.4407,1.44073,1695000000.0
2011-06-22 06:29:00,1.44072,1.44081,1.44064,1.44076,1471499938.9648438
2011-06-22 06:30:00,1.44074,1.44176,1.44074,1.44151,2673099975.5859375
2011-06-22 06:31:00,1.44157,1.44161,1.44145,1.4416,1450399932.8613281
2011-06-22 06:32:00,1.44156,1.44161,1.44111,1.4413,2421799926.7578125
2011-06-22 06:33:00,1.4413,1.44145,1.44098,1.44101,1956300048.828125
2011-06-22 06:34:00,1.44101,1.44118,1.44101,1.44105,1622599945.0683594
2011-06-22 06:35:00,1.44107,1.44164,1.44107,1.44154,1768000030.5175781
2011-06-22 06:36:00,1.44153,1.44153,1.44113,1.44119,1567400054.9316406
2011-06-22 06:37:00,1.4412,1.44132,1.44113,1.44129,1613000030.5175781
2011-06-22 06:38:00,1.4413,1.4414,1.44112,1.44117,995000000.0
2011-06-22 06:39:00,1.4412,1.44154,1.44112,1.44152,1836300048.828125
2011-06-22 06:40:00,1.44149,1.44177,1.44144,1.44168,2239400024.4140625
2011-06-22 06:41:00,1.44168,1.44189,1.44163,1.44183,2097799987.7929688
2011-06-22 06:42:00,1.44183,1.4419,1.44139,1.44148,1878099975.5859375
2011-06-22 06:43:00,1.44148,1.44162,1.4414,1.44147,1682500000.0
2011-06-22 06:44:00,1.44147,1.44149,1.44113,1.44115,1884400024.4140625
2011-06-22 06:45:00,1.44115,1.44136,1.44115,1.44122,1152300033.569336
2011-06-22 06:46:00,1.44121,1.44121,1.4407,1.4407,1537700042.7246094
2011-06-22 06:47:00,1.44067,1.44094,1.44055,1.44083,2172599945.0683594
2011-06-22 06:48:00,1.44082,1.44089,1.44063,1.44063,1123199996.9482422
2011-06-22 06:49:00,1.44064,1.44077,1.44061,1.44068,1478899993.8964844
2011-06-22 06:50:00,1.44072,1.44091,1.44072,1.44086,1221299972.5341797
2011-06-22 06:51:00,1.44086,1.44125,1.44086,1.44112,1562500000.0
2011-06-22 06:52:00,1.4411,1.4411,1.44095,1.44097,1348300018.3105469
2011-06-22 06:53:00,1.44097,1.44117,1.44086,1.44086,1518999938.9648438
2011-06-22 06:54:00,1.44086,1.44086,1.44057,1.44057,656699981.6894531
2011-06-22 06:55:00,1.44056,1.44059,1.44032,1.44035,1460599975.5859375
2011-06-22 06:56:00,1.44035,1.44067,1.44027,1.44065,1969100036.6210938
2011-06-22 06:57:00,1.44064,1.44092,1.44063,1.44084,1417299957.2753906
2011-06-22 06:58:00,1.44084,1.44092,1.44074,1.44089,1577599945.0683594
2011-06-22 06:59:00,1.44088,1.44117,1.44081,1.44103,2425000000.0
2011-06-22 07:00:00,1.44102,1.44102,1.44068,1.44083,1998899993.8964844
2011-06-22 07:01:00,1.44085,1.44109,1.44069,1.4407,1824400024.4140625
2011-06-22 07:02:00,1.4407,1.44098,1.4407,1.44083,1245000000.0
2011-06-22 07:03:00,1.44083,1.44083,1.44042,1.44048,1711999969.4824219
2011-06-22 07:04:00,1.44049,1.44057,1.43999,1.44004,2466499938.9648438
2011-06-22 07:05:00,1.44005,1.44013,1.43986,1.44012,1970500030.5175781
2011-06-22 07:06:00,1.44012,1.44024,1.44,1.44002,1917700042.7246094
2011-06-22 07:07:00,1.44002,1.44004,1.43961,1.43961,2114299926.7578125
2011-06-22 07:08:00,1.4396,1.43977,1.4394,1.43958,2530000000.0
2011-06-22 07:09:00,1.43958,1.43983,1.43939,1.4398,2081900024.4140625
2011-06-22 07:10:00,1.43979,1.43999,1.43979,1.43992,1904600067.1386719
2011-06-22 07:11:00,1.43992,1.43996,1.43972,1.43986,1324299926.7578125
2011-06-22 07:12:00,1.43987,1.43997,1.4397,1.4397,1655800018.3105469
2011-06-22 07:13:00,1.43969,1.43969,1.4394,1.43951,2035099945.0683594
2011-06-22 07:14:00,1.43951,1.43963,1.43935,1.43963,1861100006.1035156
2011-06-22 07:15:00,1.43962,1.43976,1.4393,1.43931,2234100036.6210938
2011-06-22 07:16:00,1.4393,1.43955,1.43921,1.43938,1962700042.7246094
2011-06-22 07:17:00,1.43939,1.43952,1.43925,1.43948,1334799957.2753906
2011-06-22 07:18:00,1.43946,1.43995,1.43946,1.43995,1516199951.171875
2011-06-22 07:19:00,1.43996,1.44023,1.43978,1.43984,2787799987.7929688
2011-06-22 07:20:00,1.43984,1.43984,1.43942,1.43978,2895499877.9296875
2011-06-22 07:21:00,1.43977,1.4401,1.43972,1.44007,2526199951.171875
2011-06-22 07:22:00,1.44007,1.44067,1.43996,1.44064,2923500061.0351562
2011-06-22 07:23:00,1.44068,1.44081,1.44045,1.44081,2520599975.5859375
2011-06-22 07:24:00,1.44084,1.44101,1.44052,1.44053,2086699981.6894531
2011-06-22 07:25:00,1.44051,1.4408,1.44045,1.44072,1515299987.7929688
2011-06-22 07:26:00,1.44071,1.44076,1.4404,1.44043,2240099945.0683594
2011-06-22 07:27:00,1.44043,1.44055,1.44035,1.44055,1114599990.8447266
2011-06-22 07:28:00,1.44055,1.44078,1.44055,1.44062,2060399932.8613281
2011-06-22 07:29:00,1.44064,1.44083,1.44053,1.44067,2238500061.0351562
2011-06-22 07:30:00,1.44068,1.44072,1.44051,1.44052,1254899978.6376953
2011-06-22 07:31:00,1.44059,1.44073,1.4405,1.44058,2634200134.2773438
2011-06-22 07:32:00,1.44059,1.44061,1.44045,1.4405,1119300003.0517578
2011-06-22 07:33:00,1.44051,1.44051,1.44011,1.44011,1917500000.0
2011-06-22 07:34:00,1.44009,1.44043,1.44008,1.44039,1486900024.4140625
2011-06-22 07:35:00,1.44039,1.44055,1.44011,1.44013,1919600067.1386719
2011-06-22 07:36:00,1.44011,1.44011,1.43985,1.43995,2037400054.9316406
2011-06-22 07:37:00,1.43997,1.44038,1.43997,1.44038,2584299926.7578125
2011-06-22 07:38:00,1.44037,1.44045,1.44022,1.44037,2690299987.7929688
2011-06-22 07:39:00,1.44037,1.44038,1.4403,1.44032,1049800033.5693359
2011-06-22 07:40:00,1.44034,1.44041,1.44009,1.44018,1324700012.2070312
2011-06-22 07:41:00,1.44016,1.44016,1.43997,1.43997,1220999984.741211
2011-06-22 07:42:00,1.44,1.44003,1.43962,1.43968,2390700073.2421875
2011-06-22 07:43:00,1.43969,1.43983,1.43966,1.43976,1684499969.4824219
2011-06-22 07:44:00,1.43976,1.43997,1.43969,1.43991,1014100036.6210938
2011-06-22 07:45:00,1.43991,1.44009,1.43984,1.43994,2100399932.8613281
2011-06-22 07:46:00,1.43993,1.43998,1.43975,1.43975,1437299957.2753906
2011-06-22 07:47:00,1.43975,1.43982,1.43962,1.43967,1684299926.7578125
2011-06-22 07:48:00,1.43963,1.43983,1.4395,1.4397,1693200073.2421875
2011-06-22 07:49:00,1.43967,1.43972,1.43951,1.43968,1393800048.828125
2011-06-22 07:50:00,1.43968,1.43981,1.43949,1.43959,2067899932.8613281
2011-06-22 07:51:00,1.43961,1.43962,1.43929,1.43951,2082700042.7246094
2011-06-22 07:52:00,1.43951,1.43965,1.43948,1.43964,946800003.0517578
2011-06-22 07:53:00,1.43965,1.43981,1.43961,1.43974,1371100006.1035156
2011-06-22 07:54:00,1.43972,1.43998,1.43971,1.4398,987300033.5693359
2011-06-22 07:55:00,1.43979,1.43995,1.43977,1.43985,1008600006.1035156
2011-06-22 07:56:00,1.43987,1.43995,1.43975,1.43993,1117600021.3623047
2011-06-22 07:57:00,1.43993,1.44011,1.43993,1.44006,1422400054.9316406
2011-06-22 07:58:00,1.44004,1.44023,1.44003,1.4401,1364400024.4140625
2011-06-22 07:59:00,1.44011,1.44011,1.43992,1.44009,1393099975.5859375
2011-06-22 08:00:00,1.44011,1.44035,1.44011,1.44021,2073200073.2421875
2011-06-22 08:01:00,1.4402,1.44029,1.43999,1.44007,1035999984.7412109
2011-06-22 08:02:00,1.44009,1.44016,1.44002,1.44011,1510099945.0683594
2011-06-22 08:03:00,1.44009,1.44011,1.4398,1.4399,1871499938.9648438
2011-06-22 08:04:00,1.4399,1.44007,1.4399,1.44001,1793300018.3105469
2011-06-22 08:05:00,1.44001,1.44001,1.43977,1.43978,1342500000.0
2011-06-22 08:06:00,1.43979,1.4398,1.43965,1.43972,2636300048.828125
2011-06-22 08:07:00,1.4397,1.43986,1.43962,1.43966,2078800048.828125
2011-06-22 08:08:00,1.43966,1.43987,1.43966,1.43987,1113000030.5175781
2011-06-22 08:09:00,1.43988,1.44,1.43975,1.43975,2267200012.2070312
2011-06-22 08:10:00,1.43976,1.44013,1.43971,1.44011,1779299926.7578125
2011-06-22 08:11:00,1.4401,1.44045,1.44009,1.4404,1290500030.5175781
2011-06-22 08:12:00,1.4404,1.44052,1.4404,1.44042,1815899963.3789062
2011-06-22 08:13:00,1.44043,1.44053,1.44032,1.44032,1058300018.3105469
2011-06-22 08:14:00,1.44035,1.4411,1.44029,1.4411,2278699951.171875
2011-06-22 08:15:00,1.44112,1.44121,1.44101,1.44106,2202899932.861328
2011-06-22 08:16:00,1.44105,1.44123,1.44105,1.4412,1828000030.5175781
2011-06-22 08:17:00,1.4412,1.4412,1.44091,1.44098,2203699951.171875
2011-06-22 08:18:00,1.44099,1.44107,1.4409,1.44093,1702599945.0683594
2011-06-22 08:19:00,1.44093,1.44097,1.44062,1.44069,1945700073.2421875
2011-06-22 08:20:00,1.44068,1.4411,1.44065,1.4411,1385200042.7246094
2011-06-22 08:21:00,1.44108,1.44121,1.44078,1.44082,1828699951.171875
2011-06-22 08:22:00,1.44087,1.44119,1.44086,1.44119,1276600036.6210938
2011-06-22 08:23:00,1.44121,1.4414,1.44111,1.44119,1670800018.3105469
2011-06-22 08:24:00,1.4412,1.4412,1.44102,1.44102,1454900054.9316406
2011-06-22 08:25:00,1.44102,1.4411,1.44074,1.44074,1198099975.5859375
2011-06-22 08:26:00,1.44076,1.44077,1.44059,1.44066,1386000061.0351562
2011-06-22 08:27:00,1.44067,1.44085,1.44064,1.44064,1233300018.3105469
2011-06-22 08:28:00,1.44065,1.44065,1.4405,1.4405,836500015.2587891
2011-06-22 08:29:00,1.4405,1.44051,1.44025,1.4404,1226299972.5341797
2011-06-22 08:30:00,1.44038,1.44047,1.43978,1.43989,3602000122.0703125
2011-06-22 08:31:00,1.4399,1.44,1.43976,1.43979,1177399978.6376953
2011-06-22 08:32:00,1.4398,1.44013,1.43935,1.43979,2484199981.689453
2011-06-22 08:33:00,1.43979,1.44013,1.43976,1.43987,2200000000.0
2011-06-22 08:34:00,1.43989,1.44058,1.43989,1.44048,2360700073.2421875
2011-06-22 08:35:00,1.44047,1.44056,1.44017,1.44017,1879100036.6210938
2011-06-22 08:36:00,1.44012,1.44035,1.44005,1.44033,1596600036.6210938
2011-06-22 08:37:00,1.44033,1.44059,1.44024,1.4404,1691999969.4824219
2011-06-22 08:38:00,1.44039,1.44039,1.4398,1.4398,1778600006.1035156
2011-06-22 08:39:00,1.43979,1.43982,1.4396,1.43974,2100800018.3105469
2011-06-22 08:40:00,1.43978,1.44008,1.43972,1.43999,1784199981.6894531
2011-06-22 08:41:00,1.43999,1.44016,1.43998,1.4401,1660200042.7246094
2011-06-22 08:42:00,1.44012,1.44017,1.43957,1.43961,2118300018.3105469
2011-06-22 08:43:00,1.43961,1.4399,1.43959,1.43976,1882400054.9316406
2011-06-22 08:44:00,1.43978,1.43981,1.43969,1.43972,1729199981.6894531
2011-06-22 08:45:00,1.43972,1.43992,1.43965,1.43971,1463800048.828125
2011-06-22 08:46:00,1.43971,1.43982,1.43961,1.43977,1606699981.6894531
2011-06-22 08:47:00,1.43977,1.44002,1.43967,1.44001,1685399932.8613281
2011-06-22 08:48:00,1.44002,1.4401,1.43979,1.43979,1195800018.3105469
2011-06-22 08:49:00,1.43978,1.44028,1.43973,1.44022,1484799957.2753906
2011-06-22 08:50:00,1.44024,1.44045,1.44013,1.44022,1634299926.7578125
2011-06-22 08:51:00,1.44022,1.44037,1.4402,1.44031,1333800048.828125
2011-06-22 08:52:00,1.44031,1.44031,1.44,1.44,839100036.6210938
2011-06-22 08:53:00,1.44001,1.44015,1.43993,1.44015,1880800018.3105469
2011-06-22 08:54:00,1.44017,1.44039,1.44012,1.44014,1876100006.1035156
2011-06-22 08:55:00,1.44018,1.44041,1.44017,1.44029,1379600067.1386719
2011-06-22 08:56:00,1.4403,1.44042,1.44027,1.44042,1758099975.5859375
2011-06-22 08:57:00,1.4404,1.44051,1.44029,1.44042,1651499938.9648438
2011-06-22 08:58:00,1.44043,1.44061,1.44043,1.44051,1745800018.3105469
2011-06-22 08:59:00,1.44049,1.4405,1.44022,1.44022,2052200012.2070312
2011-06-22 09:00:00,1.44021,1.44022,1.43978,1.43978,1987400054.9316406
2011-06-22 09:01:00,1.43978,1.43986,1.43978,1.4398,982500000.0
2011-06-22 09:02:00,1.43979,1.44029,1.43979,1.44029,1846799926.7578125
2011-06-22 09:03:00,1.44034,1.44056,1.44034,1.44051,1960299987.7929688
2011-06-22 09:04:00,1.44051,1.4406,1.44009,1.44038,3032399902.34375
2011-06-22 09:05:00,1.44037,1.44037,1.44019,1.44029,1308000030.5175781
2011-06-22 09:06:00,1.44029,1.44038,1.44015,1.44022,1391999969.4824219
2011-06-22 09:07:00,1.4402,1.4402,1.43961,1.43961,1778800048.828125
2011-06-22 09:08:00,1.43961,1.43971,1.43957,1.43958,1383500061.0351562
2011-06-22 09:09:00,1.4396,1.43967,1.43948,1.43954,2169799957.2753906
2011-06-22 09:10:00,1.43955,1.43971,1.43951,1.43958,1764299926.7578125
2011-06-22 09:11:00,1.4396,1.43962,1.43931,1.43932,2101399993.8964844
2011-06-22 09:12:00,1.43934,1.43939,1.439,1.43902,1694299926.7578125
2011-06-22 09:13:00,1.43902,1.43903,1.43863,1.43883,1900599975.5859375
2011-06-22 09:14:00,1.43883,1.43886,1.4386,1.4386,1784499969.4824219
2011-06-22 09:15:00,1.4386,1.43877,1.4385,1.43877,1673999938.9648438
2011-06-22 09:16:00,1.43875,1.43889,1.43869,1.43889,877399978.6376953
2011-06-22 09:17:00,1.43889,1.43889,1.43867,1.4388,1678600006.1035156
2011-06-22 09:18:00,1.43877,1.43879,1.43866,1.43875,2239900054.9316406
2011-06-22 09:19:00,1.43876,1.43888,1.43833,1.4384,2199499969.482422
2011-06-22 09:20:00,1.4384,1.43857,1.43838,1.43853,1860399932.8613281
2011-06-22 09:21:00,1.43852,1.43861,1.43846,1.43849,1613000030.5175781
2011-06-22 09:22:00,1.43849,1.43861,1.4384,1.43845,2161100006.1035156
2011-06-22 09:23:00,1.43844,1.43859,1.43841,1.4385,789599990.8447266
2011-06-22 09:24:00,1.4385,1.43878,1.43848,1.43868,1539700012.2070312
2011-06-22 09:25:00,1.43868,1.43877,1.43867,1.43867,1024899978.6376953
2011-06-22 09:26:00,1.43867,1.43871,1.43858,1.43869,1585299987.7929688
2011-06-22 09:27:00,1.43869,1.43881,1.43865,1.43875,1381000061.0351562
2011-06-22 09:28:00,1.43877,1.43879,1.43871,1.43879,1201100006.1035156
2011-06-22 09:29:00,1.43879,1.43901,1.43876,1.43897,1308899993.8964844
2011-06-22 09:30:00,1.43897,1.43916,1.43897,1.43901,1661900024.4140625
2011-06-22 09:31:00,1.43904,1.43904,1.43874,1.43892,2053600006.1035156
2011-06-22 09:32:00,1.43894,1.43916,1.43888,1.4389,1281000061.0351562
2011-06-22 09:33:00,1.43894,1.43902,1.43891,1.43899,1127799987.7929688
2011-06-22 09:34:00,1.439,1.43902,1.43896,1.439,583800010.6811523
2011-06-22 09:35:00,1.439,1.43903,1.4387,1.43871,1499199981.6894531
2011-06-22 09:36:00,1.43873,1.4388,1.43866,1.43867,871699981.6894531
2011-06-22 09:37:00,1.43867,1.4388,1.43864,1.43874,1044700012.2070312
2011-06-22 09:38:00,1.43872,1.43872,1.43798,1.43799,2315800018.310547
2011-06-22 09:39:00,1.43798,1.43822,1.43763,1.43768,3346300048.828125
2011-06-22 09:40:00,1.43769,1.43822,1.43766,1.43795,2631700134.2773438
2011-06-22 09:41:00,1.43802,1.43809,1.43794,1.43801,2259700012.2070312
2011-06-22 09:42:00,1.438,1.438,1.4374,1.43756,2928099975.5859375
2011-06-22 09:43:00,1.43754,1.43754,1.43684,1.437,3329800109.8632812
2011-06-22 09:44:00,1.437,1.43732,1.43699,1.4371,1985200042.7246094
2011-06-22 09:45:00,1.43709,1.43749,1.43696,1.4374,2766900024.4140625
2011-06-22 09:46:00,1.4374,1.43751,1.43728,1.43734,1767500000.0
2011-06-22 09:47:00,1.43733,1.43752,1.43724,1.43746,2350500030.517578
2011-06-22 09:48:00,1.43747,1.43778,1.43747,1.43774,2095899963.3789062
2011-06-22 09:49:00,1.4377,1.43771,1.43703,1.43703,2627999877.9296875
2011-06-22 09:50:00,1.43703,1.43749,1.43703,1.43711,2101499938.9648438
2011-06-22 09:51:00,1.43711,1.43715,1.4368,1.4371,2839899902.34375
2011-06-22 09:52:00,1.4371,1.43713,1.43684,1.4369,1730800018.3105469
2011-06-22 09:53:00,1.43691,1.43691,1.43641,1.43662,2834100036.6210938
2011-06-22 09:54:00,1.4366,1.43681,1.43631,1.43671,2428000030.517578
2011-06-22 09:55:00,1.43671,1.43671,1.43639,1.43647,1478399963.3789062
2011-06-22 09:56:00,1.43647,1.43683,1.43647,1.43672,1813500061.0351562
2011-06-22 09:57:00,1.43672,1.43672,1.43614,1.43625,2127200012.2070312
2011-06-22 09:58:00,1.43621,1.43642,1.4362,1.4363,2415599975.5859375
2011-06-22 09:59:00,1.43625,1.43659,1.43621,1.43641,2536000061.0351562
2011-06-22 10:00:00,1.43641,1.43689,1.43641,1.43683,2124700012.2070312
2011-06-22 10:01:00,1.43683,1.43689,1.43673,1.43688,1723399963.3789062
2011-06-22 10:02:00,1.43687,1.43689,1.43665,1.43665,1165899963.3789062
2011-06-22 10:03:00,1.43667,1.4367,1.43626,1.43626,2031999969.4824219
2011-06-22 10:04:00,1.43619,1.43646,1.43618,1.43643,2212400054.9316406
2011-06-22 10:05:00,1.43643,1.43659,1.43611,1.43611,1827799987.7929688
2011-06-22 10:06:00,1.43607,1.43632,1.43571,1.43586,2619400024.4140625
2011-06-22 10:07:00,1.43589,1.43594,1.43581,1.4359,1788200073.2421875
2011-06-22 10:08:00,1.43591,1.43628,1.43591,1.43606,1870899963.3789062
2011-06-22 10:09:00,1.43605,1.43605,1.43565,1.43572,2035399932.8613281
2011-06-22 10:10:00,1.43572,1.43572,1.4354,1.43541,2888200073.2421875
2011-06-22 10:11:00,1.43547,1.43582,1.4354,1.43581,2339400024.4140625
2011-06-22 10:12:00,1.43581,1.43611,1.43581,1.43606,2260299987.7929688
2011-06-22 10:13:00,1.43607,1.43608,1.43575,1.4359,1661699981.6894531
2011-06-22 10:14:00,1.4359,1.4359,1.43573,1.43577,1393999938.9648438
2011-06-22 10:15:00,1.43576,1.43583,1.43552,1.43562,1762700042.7246094
2011-06-22 10:16:00,1.43561,1.43631,1.43558,1.4363,2287400054.9316406
2011-06-22 10:17:00,1.43631,1.43643,1.43621,1.43633,2527100067.138672
2011-06-22 10:18:00,1.43636,1.4366,1.43636,1.43651,1326100006.1035156
2011-06-22 10:19:00,1.43651,1.4366,1.43623,1.43625,1578699951.171875
2011-06-22 10:20:00,1.43625,1.43639,1.436,1.43635,1804199981.6894531
2011-06-22 10:21:00,1.43638,1.43653,1.43638,1.43652,1386399993.8964844
2011-06-22 10:22:00,1.43653,1.43664,1.43642,1.43644,1235400009.1552734
2011-06-22 10:23:00,1.43645,1.43683,1.43643,1.43683,1427599945.0683594
2011-06-22 10:24:00,1.43686,1.43701,1.4368,1.43686,2338800048.828125
2011-06-22 10:25:00,1.43685,1.43686,1.4366,1.43669,2731099853.515625
2011-06-22 10:26:00,1.4367,1.43687,1.43655,1.43667,2231000061.0351562
2011-06-22 10:27:00,1.43666,1.43671,1.43645,1.4365,1731199951.171875
2011-06-22 10:28:00,1.43652,1.43664,1.4365,1.43662,790100021.3623047
2011-06-22 10:29:00,1.43662,1.43688,1.43657,1.43673,1521499938.9648438
2011-06-22 10:30:00,1.43674,1.4368,1.43669,1.4368,821900024.4140625
2011-06-22 10:31:00,1.43682,1.43693,1.43679,1.43692,1196600036.6210938
2011-06-22 10:32:00,1.43691,1.43691,1.43675,1.43683,1134000015.258789
2011-06-22 10:33:00,1.43682,1.43703,1.43682,1.437,1401600036.6210938
2011-06-22 10:34:00,1.43701,1.43745,1.43701,1.43743,1462700042.7246094
2011-06-22 10:35:00,1.43745,1.4377,1.43741,1.43764,1406499938.9648438
2011-06-22 10:36:00,1.43765,1.43791,1.4375,1.43791,2674400024.4140625
2011-06-22 10:37:00,1.43789,1.43793,1.43765,1.4377,2641499938.9648438
2011-06-22 10:38:00,1.43768,1.43768,1.43756,1.43767,2205299987.7929688
2011-06-22 10:39:00,1.43764,1.43768,1.43758,1.43759,1292599945.0683594
2011-06-22 10:40:00,1.43761,1.43761,1.4374,1.4374,1580899963.3789062
2011-06-22 10:41:00,1.4374,1.43759,1.43727,1.43728,1778800048.828125
2011-06-22 10:42:00,1.43727,1.4374,1.43714,1.43717,1196100006.1035156
2011-06-22 10:43:00,1.43716,1.43731,1.43711,1.43729,1285000000.0
2011-06-22 10:44:00,1.4373,1.43751,1.43723,1.43751,1191500015.258789
2011-06-22 10:45:00,1.43751,1.43752,1.43708,1.43711,1792799987.7929688
2011-06-22 10:46:00,1.43712,1.43744,1.43712,1.43742,1367100067.1386719
2011-06-22 10:47:00,1.43742,1.43742,1.43714,1.43717,1301199951.171875
2011-06-22 10:48:00,1.43719,1.43729,1.43713,1.43723,936399993.8964844
2011-06-22 10:49:00,1.43723,1.43728,1.43716,1.43727,1223300018.3105469
2011-06-22 10:50:00,1.43727,1.43727,1.4368,1.43681,1914400024.4140625
2011-06-22 10:51:00,1.43681,1.43683,1.43657,1.43661,1427299957.2753906
2011-06-22 10:52:00,1.43661,1.43672,1.43657,1.43657,1529799957.2753906
2011-06-22 10:53:00,1.43659,1.43659,1.43634,1.43636,1422500000.0
2011-06-22 10:54:00,1.43635,1.43648,1.43633,1.43638,925299987.7929688
2011-06-22 10:55:00,1.43636,1.43649,1.43636,1.43647,879800033.5693359
2011-06-22 10:56:00,1.43649,1.43687,1.43649,1.43683,1358099975.5859375
2011-06-22 10:57:00,1.43688,1.43689,1.43646,1.43664,2237599945.0683594
2011-06-22 10:58:00,1.43665,1.43684,1.43662,1.43682,1247300033.569336
2011-06-22 10:59:00,1.43683,1.43693,1.43669,1.4369,1653300018.3105469
2011-06-22 11:00:00,1.43691,1.43691,1.43679,1.43685,1309799957.2753906
2011-06-22 11:01:00,1.43682,1.43687,1.43654,1.43686,2394499969.482422
2011-06-22 11:02:00,1.43685,1.43685,1.43673,1.43683,960500030.5175781
2011-06-22 11:03:00,1.43683,1.43692,1.43676,1.43689,1074400024.4140625
2011-06-22 11:04:00,1.43689,1.43691,1.43684,1.43691,1023499984.7412109
2011-06-22 11:05:00,1.43691,1.43724,1.43691,1.43715,2129199981.6894531
2011-06-22 11:06:00,1.43716,1.43724,1.43696,1.43707,1901999969.4824219
2011-06-22 11:07:00,1.43707,1.4373,1.43702,1.43726,1499199981.6894531
2011-06-22 11:08:00,1.43728,1.43772,1.43722,1.43759,2197599945.0683594
2011-06-22 11:09:00,1.43759,1.43759,1.43745,1.43749,920899963.3789062
2011-06-22 11:10:00,1.43755,1.43758,1.43749,1.43751,1125100021.3623047
2011-06-22 11:11:00,1.4375,1.43759,1.4375,1.43756,725100021.3623047
2011-06-22 11:12:00,1.43757,1.43779,1.43757,1.43771,1365000000.0
2011-06-22 11:13:00,1.43772,1.43786,1.4377,1.43774,1706399993.8964844
2011-06-22 11:14:00,1.43774,1.43774,1.43755,1.43756,1208099975.5859375
2011-06-22 11:15:00,1.43755,1.43756,1.43725,1.43725,2178999938.9648438
2011-06-22 11:16:00,1.43727,1.43754,1.43727,1.43753,1640500030.5175781
2011-06-22 11:17:00,1.43754,1.43768,1.43746,1.43762,1573000030.5175781
2011-06-22 11:18:00,1.43755,1.438,1.43755,1.43784,2313699951.171875
2011-06-22 11:19:00,1.43785,1.43802,1.43777,1.43797,1629100036.6210938
2011-06-22 11:20:00,1.43798,1.43865,1.43783,1.43858,3189200134.2773438
2011-06-22 11:21:00,1.43857,1.43859,1.4383,1.43835,2288000030.517578
2011-06-22 11:22:00,1.43835,1.43852,1.43827,1.43837,1571600036.6210938
2011-06-22 11:23:00,1.43839,1.43849,1.43819,1.43819,1323300018.3105469
2011-06-22 11:24:00,1.4382,1.43851,1.43816,1.43844,1738399963.3789062
2011-06-22 11:25:00,1.43846,1.43857,1.43826,1.43839,1674299926.7578125
2011-06-22 11:26:00,1.43839,1.43857,1.43839,1.43853,1997700042.7246094
2011-06-22 11:27:00,1.43853,1.43861,1.438,1.438,1617599945.0683594
2011-06-22 11:28:00,1.43801,1.43836,1.43801,1.43823,1606399993.8964844
2011-06-22 11:29:00,1.43823,1.43854,1.43816,1.43849,2888800048.828125
2011-06-22 11:30:00,1.43849,1.43854,1.43829,1.43845,1860399932.8613281
2011-06-22 11:31:00,1.43845,1.43851,1.43807,1.43807,1941300048.828125
2011-06-22 11:32:00,1.438,1.43824,1.438,1.43815,1314600067.1386719
2011-06-22 11:33:00,1.43813,1.4383,1.4381,1.43814,1768099975.5859375
2011-06-22 11:34:00,1.43812,1.43831,1.43807,1.43831,921100006.1035156
2011-06-22 11:35:00,1.43831,1.43831,1.43815,1.43816,1216500015.258789
2011-06-22 11:36:00,1.43817,1.43826,1.43785,1.4379,2166300048.828125
2011-06-22 11:37:00,1.43789,1.43819,1.43788,1.43801,1568999938.9648438
2011-06-22 11:38:00,1.43801,1.43821,1.43801,1.43813,1557200012.2070312
2011-06-22 11:39:00,1.43814,1.43817,1.43809,1.43809,904800033.5693359
2011-06-22 11:40:00,1.43811,1.43821,1.43811,1.43814,651600036.6210938
2011-06-22 11:41:00,1.43813,1.4384,1.43809,1.43835,956900024.4140625
2011-06-22 11:42:00,1.43835,1.4384,1.43817,1.43827,2057500000.0
2011-06-22 11:43:00,1.43826,1.43839,1.43824,1.43835,1499199981.6894531
2011-06-22 11:44:00,1.43835,1.43837,1.43823,1.43834,713499984.7412109
2011-06-22 11:45:00,1.43835,1.43888,1.43831,1.43877,2246499938.9648438
2011-06-22 11:46:00,1.43879,1.43917,1.43879,1.43917,1490700073.2421875
2011-06-22 11:47:00,1.43917,1.43949,1.43905,1.43941,3066300048.828125
2011-06-22 11:48:00,1.43941,1.43959,1.43934,1.43951,2426900024.4140625
2011-06-22 11:49:00,1.43951,1.43952,1.43925,1.43925,1607200012.2070312
2011-06-22 11:50:00,1.43928,1.4395,1.43925,1.43928,1519199981.6894531
2011-06-22 11:51:00,1.43928,1.43949,1.43911,1.43947,1818800048.828125
2011-06-22 11:52:00,1.43947,1.44011,1.43947,1.4399,2412100067.138672
2011-06-22 11:53:00,1.43995,1.44006,1.43966,1.44004,2358899993.8964844
2011-06-22 11:54:00,1.44004,1.44007,1.43976,1.4398,2120200042.7246094
2011-06-22 11:55:00,1.4398,1.43996,1.43973,1.43982,1528399963.3789062
2011-06-22 11:56:00,1.43982,1.43991,1.43974,1.43981,1683800048.828125
2011-06-22 11:57:00,1.43981,1.44003,1.43975,1.43991,1304499969.4824219
2011-06-22 11:58:00,1.43992,1.44016,1.43991,1.4401,1417100067.1386719
2011-06-22 11:59:00,1.4401,1.4401,1.43985,1.43991,1365200042.7246094
2011-06-22 12:00:00,1.43989,1.44015,1.43989,1.4401,1208000030.5175781
2011-06-22 12:01:00,1.44011,1.44013,1.43981,1.43989,1515000000.0
2011-06-22 12:02:00,1.43989,1.43999,1.43976,1.43992,1341600036.6210938
2011-06-22 12:03:00,1.43992,1.44021,1.43992,1.44019,1877200012.2070312
2011-06-22 12:04:00,1.44019,1.44051,1.44019,1.44043,2062899932.8613281
2011-06-22 12:05:00,1.44043,1.4405,1.43975,1.43977,2355399932.861328
2011-06-22 12:06:00,1.43981,1.44008,1.43979,1.44003,1915399932.8613281
2011-06-22 12:07:00,1.44004,1.44004,1.43968,1.4397,1863699951.171875
2011-06-22 12:08:00,1.43974,1.43985,1.43971,1.43978,1235100021.3623047
2011-06-22 12:09:00,1.43979,1.4398,1.43965,1.4397,1383600006.1035156
2011-06-22 12:10:00,1.43969,1.43973,1.43966,1.43967,1058000030.5175781
2011-06-22 12:11:00,1.43967,1.43988,1.43967,1.43982,1504199981.6894531
2011-06-22 12:12:00,1.43984,1.44003,1.4398,1.43984,1276999969.4824219
2011-06-22 12:13:00,1.43983,1.43986,1.4396,1.43961,825800018.3105469
2011-06-22 12:14:00,1.43961,1.43967,1.4395,1.43964,1500000000.0
2011-06-22 12:15:00,1.43961,1.4399,1.43961,1.43978,2068600006.1035156
2011-06-22 12:16:00,1.43976,1.43983,1.43964,1.43967,1334400024.4140625
2011-06-22 12:17:00,1.43967,1.43974,1.43957,1.43957,1615500030.5175781
2011-06-22 12:18:00,1.43957,1.43965,1.43943,1.43948,1618099975.5859375
2011-06-22 12:19:00,1.43946,1.4395,1.4392,1.43922,1470200042.7246094
2011-06-22 12:20:00,1.4392,1.4392,1.43887,1.43893,2119299926.7578125
2011-06-22 12:21:00,1.43895,1.43928,1.43895,1.43923,2802699890.1367188
2011-06-22 12:22:00,1.4392,1.43929,1.43891,1.43905,2436199951.171875
2011-06-22 12:23:00,1.43908,1.43929,1.43898,1.43921,2332599945.0683594
2011-06-22 12:24:00,1.43921,1.43928,1.4389,1.43898,1682500000.0
2011-06-22 12:25:00,1.43896,1.43908,1.43885,1.43895,1528000030.5175781
2011-06-22 12:26:00,1.43893,1.43894,1.43863,1.43876,1732799987.7929688
2011-06-22 12:27:00,1.43876,1.43897,1.43869,1.43877,1904900054.9316406
2011-06-22 12:28:00,1.43877,1.43888,1.43868,1.43885,1018099975.5859375
2011-06-22 12:29:00,1.43887,1.439,1.43886,1.43889,1202099990.8447266
2011-06-22 12:30:00,1.43889,1.43896,1.43879,1.43891,1463200073.2421875
2011-06-22 12:31:00,1.43891,1.43891,1.43869,1.4388,1551300048.828125
2011-06-22 12:32:00,1.43876,1.43897,1.4387,1.43871,1629100036.6210938
2011-06-22 12:33:00,1.43871,1.43871,1.43774,1.438,2970599975.5859375
2011-06-22 12:34:00,1.43799,1.43799,1.43689,1.43719,3424800109.8632812
2011-06-22 12:35:00,1.43717,1.43755,1.43711,1.43751,3009800109.8632812
2011-06-22 12:36:00,1.43755,1.43761,1.43713,1.43713,2741700134.2773438
2011-06-22 12:37:00,1.43714,1.4372,1.43687,1.43715,3229599914.5507812
2011-06-22 12:38:00,1.43718,1.4376,1.4371,1.43758,1861000061.0351562
2011-06-22 12:39:00,1.43762,1.43822,1.43762,1.43804,2680400085.4492188
2011-06-22 12:40:00,1.43804,1.4382,1.43787,1.43809,2868099975.5859375
2011-06-22 12:41:00,1.4381,1.43823,1.43787,1.43799,1926199951.171875
2011-06-22 12:42:00,1.43798,1.43825,1.43772,1.43778,3287399902.34375
2011-06-22 12:43:00,1.43778,1.43785,1.43731,1.43737,2338500061.0351562
2011-06-22 12:44:00,1.43739,1.43798,1.43739,1.43783,2447599945.0683594
2011-06-22 12:45:00,1.43781,1.43792,1.43771,1.43781,1713800048.828125
2011-06-22 12:46:00,1.43781,1.43836,1.43761,1.43832,2040299987.7929688
2011-06-22 12:47:00,1.43832,1.4385,1.43817,1.43828,2158899993.8964844
2011-06-22 12:48:00,1.43828,1.43838,1.43807,1.43819,1611300048.828125
2011-06-22 12:49:00,1.43819,1.43831,1.4381,1.43823,1415599975.5859375
2011-06-22 12:50:00,1.43824,1.43857,1.43824,1.4384,1023199996.9482422
2011-06-22 12:51:00,1.43841,1.43852,1.43831,1.43831,1674700012.2070312
2011-06-22 12:52:00,1.43827,1.43843,1.43821,1.43828,2507799987.7929688
2011-06-22 12:53:00,1.43828,1.43832,1.43804,1.43832,1694499969.4824219
2011-06-22 12:54:00,1.43833,1.43867,1.43833,1.43841,2293600006.1035156
2011-06-22 12:55:00,1.43841,1.43866,1.43828,1.43865,1635800018.3105469
2011-06-22 12:56:00,1.43865,1.43866,1.43848,1.43861,2101799926.7578125
2011-06-22 12:57:00,1.43863,1.43869,1.43851,1.43862,1383600006.1035156
2011-06-22 12:58:00,1.43861,1.43871,1.43855,1.43868,1045500030.5175781
2011-06-22 12:59:00,1.43868,1.43873,1.43852,1.43873,1261600036.6210938
2011-06-22 13:00:00,1.43874,1.4395,1.43872,1.43947,2506399993.8964844
2011-06-22 13:01:00,1.43948,1.43984,1.43936,1.43984,2611700134.2773438
2011-06-22 13:02:00,1.4399,1.4399,1.43965,1.43968,1777400054.9316406
2011-06-22 13:03:00,1.43967,1.43971,1.43947,1.43948,2157599945.0683594
2011-06-22 13:04:00,1.43951,1.43959,1.43929,1.43932,2707500000.0
2011-06-22 13:05:00,1.43935,1.43941,1.4392,1.43924,1697799987.7929688
2011-06-22 13:06:00,1.43926,1.43935,1.43925,1.43925,1461300048.828125
2011-06-22 13:07:00,1.43928,1.43948,1.43919,1.43921,1019000015.2587891
2011-06-22 13:08:00,1.4392,1.43921,1.43886,1.439,1926699981.6894531
2011-06-22 13:09:00,1.43899,1.43907,1.43885,1.43898,1426399993.8964844
2011-06-22 13:10:00,1.439,1.43935,1.43899,1.43901,1886100006.1035156
2011-06-22 13:11:00,1.43901,1.43903,1.43878,1.43878,1519900054.9316406
2011-06-22 13:12:00,1.4388,1.43896,1.43875,1.43892,1492299957.2753906
2011-06-22 13:13:00,1.43892,1.43902,1.43886,1.43896,1610000000.0
2011-06-22 13:14:00,1.43896,1.43898,1.43878,1.43882,1330200042.7246094
2011-06-22 13:15:00,1.43883,1.43918,1.43882,1.43906,1617200012.2070312
2011-06-22 13:16:00,1.43906,1.43971,1.43906,1.4395,3004899902.34375
2011-06-22 13:17:00,1.4395,1.43965,1.43928,1.43934,1936799926.7578125
2011-06-22 13:18:00,1.43936,1.43957,1.43918,1.43919,2199199981.689453
2011-06-22 13:19:00,1.4392,1.4393,1.43905,1.43905,1551000061.0351562
2011-06-22 13:20:00,1.43904,1.43904,1.43871,1.43876,2081999969.4824219
2011-06-22 13:21:00,1.43876,1.439,1.43874,1.4388,2011699981.6894531
2011-06-22 13:22:00,1.43879,1.43906,1.43877,1.43892,2106699981.6894531
2011-06-22 13:23:00,1.43893,1.43899,1.43877,1.43878,1109599990.8447266
2011-06-22 13:24:00,1.43878,1.43887,1.43834,1.43845,2438200073.2421875
2011-06-22 13:25:00,1.43846,1.43861,1.43845,1.43859,917099990.8447266
2011-06-22 13:26:00,1.43859,1.43868,1.43855,1.43864,832399978.6376953
2011-06-22 13:27:00,1.43864,1.43892,1.43857,1.43877,1272200012.2070312
2011-06-22 13:28:00,1.43873,1.43873,1.43859,1.43866,1593000030.5175781
2011-06-22 13:29:00,1.43866,1.43886,1.43861,1.43867,991600036.6210938
2011-06-22 13:30:00,1.4387,1.43888,1.43863,1.43887,1536999969.4824219
2011-06-22 13:31:00,1.43887,1.43887,1.43853,1.43855,2292799987.7929688
2011-06-22 13:32:00,1.43855,1.43909,1.43855,1.43898,2238600006.1035156
2011-06-22 13:33:00,1.43898,1.43927,1.43886,1.43926,1512799987.7929688
2011-06-22 13:34:00,1.43926,1.43928,1.43903,1.43925,1762100067.1386719
2011-06-22 13:35:00,1.43929,1.43939,1.43906,1.43927,2027599945.0683594
2011-06-22 13:36:00,1.43927,1.43943,1.43908,1.43908,2038099975.5859375
2011-06-22 13:37:00,1.43907,1.43937,1.43907,1.4391,2260599975.5859375
2011-06-22 13:38:00,1.43911,1.43939,1.43911,1.43925,2385599975.5859375
2011-06-22 13:39:00,1.43925,1.43979,1.43924,1.43968,1885000000.0
2011-06-22 13:40:00,1.43965,1.43974,1.43936,1.43961,2753500061.0351562
2011-06-22 13:41:00,1.43962,1.44002,1.43962,1.43997,2907699890.1367188
2011-06-22 13:42:00,1.43997,1.44045,1.43997,1.44036,2659100036.6210938
2011-06-22 13:43:00,1.44034,1.44034,1.43997,1.43997,2300800018.310547
2011-06-22 13:44:00,1.43997,1.44062,1.43997,1.44041,2774500122.0703125
2011-06-22 13:45:00,1.44041,1.44054,1.44025,1.44029,2653500061.0351562
2011-06-22 13:46:00,1.44029,1.44114,1.44029,1.44086,3729899902.34375
2011-06-22 13:47:00,1.44088,1.44093,1.44054,1.44055,2654500122.0703125
2011-06-22 13:48:00,1.44056,1.44067,1.44045,1.44063,2069100036.6210938
2011-06-22 13:49:00,1.44063,1.4407,1.44021,1.4403,2326199951.171875
2011-06-22 13:50:00,1.4403,1.4403,1.44002,1.44025,2108099975.5859375
2011-06-22 13:51:00,1.44023,1.44037,1.44014,1.44031,2186100006.1035156
2011-06-22 13:52:00,1.44031,1.44059,1.44022,1.44053,2392100067.138672
2011-06-22 13:53:00,1.44051,1.44065,1.44043,1.44043,1770700073.2421875
2011-06-22 13:54:00,1.44044,1.44051,1.44029,1.44046,1821699981.6894531
2011-06-22 13:55:00,1.44048,1.44055,1.44021,1.44036,2663099975.5859375
2011-06-22 13:56:00,1.44038,1.44048,1.44029,1.44045,1850200042.7246094
2011-06-22 13:57:00,1.44046,1.44076,1.44045,1.44075,1372299957.2753906
2011-06-22 13:58:00,1.44074,1.4411,1.44068,1.4411,2086300048.828125
2011-06-22 13:59:00,1.4411,1.44142,1.441,1.44117,3236900024.4140625
2011-06-22 14:00:00,1.44124,1.44157,1.4412,1.44121,3067200012.2070312
2011-06-22 14:01:00,1.4412,1.4412,1.44093,1.44115,2333800048.828125
2011-06-22 14:02:00,1.44115,1.44115,1.4408,1.44101,2400200042.7246094
2011-06-22 14:03:00,1.441,1.44132,1.44077,1.44122,2431600036.6210938
2011-06-22 14:04:00,1.44124,1.44142,1.44109,1.44118,2213800048.828125
2011-06-22 14:05:00,1.44118,1.44141,1.4411,1.44138,1883300018.3105469
2011-06-22 14:06:00,1.44136,1.44141,1.4408,1.44087,3245499877.9296875
2011-06-22 14:07:00,1.44086,1.44134,1.44083,1.44134,2288300018.310547
2011-06-22 14:08:00,1.44136,1.44137,1.44093,1.44105,2141199951.171875
2011-06-22 14:09:00,1.44105,1.44107,1.44075,1.44096,1540899963.3789062
2011-06-22 14:10:00,1.44094,1.4411,1.44082,1.44099,2011600036.6210938
2011-06-22 14:11:00,1.441,1.44107,1.44075,1.44094,1614499969.4824219
2011-06-22 14:12:00,1.44095,1.44125,1.44093,1.44119,2013200073.2421875
2011-06-22 14:13:00,1.44118,1.44118,1.44072,1.44082,1801199951.171875
2011-06-22 14:14:00,1.4408,1.44105,1.44068,1.44095,2226499938.9648438
2011-06-22 14:15:00,1.44101,1.44103,1.44022,1.44022,2550200042.7246094
2011-06-22 14:16:00,1.44022,1.44022,1.43933,1.44005,3557999877.9296875
2011-06-22 14:17:00,1.44005,1.44048,1.43986,1.44035,2099900054.9316406
2011-06-22 14:18:00,1.44035,1.44048,1.43995,1.44004,2537299957.2753906
2011-06-22 14:19:00,1.44003,1.44033,1.44001,1.44001,1793999938.9648438
2011-06-22 14:20:00,1.43995,1.44021,1.43983,1.43985,2301100006.1035156
2011-06-22 14:21:00,1.43985,1.44011,1.43963,1.43997,2954899902.34375
2011-06-22 14:22:00,1.44,1.44017,1.4398,1.44005,2206399993.8964844
2011-06-22 14:23:00,1.44005,1.44061,1.44004,1.44047,2727500000.0
2011-06-22 14:24:00,1.44047,1.44121,1.44044,1.44106,2644700012.2070312
2011-06-22 14:25:00,1.44104,1.44124,1.44093,1.44109,1831000061.0351562
2011-06-22 14:26:00,1.4411,1.44117,1.44071,1.4409,1848899993.8964844
2011-06-22 14:27:00,1.4409,1.44097,1.44082,1.44087,1396399993.8964844
2011-06-22 14:28:00,1.44091,1.44094,1.44077,1.44079,2067799987.7929688
2011-06-22 14:29:00,1.44079,1.4411,1.4407,1.44108,1349400024.4140625
2011-06-22 14:30:00,1.44108,1.44182,1.44108,1.44162,2652900085.4492188
2011-06-22 14:31:00,1.44163,1.44299,1.44158,1.44299,4052600097.65625
2011-06-22 14:32:00,1.44296,1.44338,1.44279,1.44338,3356799926.7578125
2011-06-22 14:33:00,1.44338,1.44354,1.44299,1.44328,3808299865.7226562
2011-06-22 14:34:00,1.44333,1.44412,1.44331,1.44351,2906900024.4140625
2011-06-22 14:35:00,1.44346,1.44385,1.44336,1.44385,3063900146.484375
2011-06-22 14:36:00,1.44389,1.44396,1.44351,1.44352,3235000000.0
2011-06-22 14:37:00,1.44354,1.44393,1.44342,1.44385,2898399963.3789062
2011-06-22 14:38:00,1.44384,1.44387,1.44357,1.44375,2470200042.7246094
2011-06-22 14:39:00,1.44379,1.4438,1.4431,1.44332,2403999938.9648438
2011-06-22 14:40:00,1.44329,1.44329,1.44301,1.44302,2169299926.7578125
2011-06-22 14:41:00,1.44302,1.44309,1.44291,1.44298,2128500061.0351562
2011-06-22 14:42:00,1.44297,1.4431,1.44269,1.4427,1852799987.7929688
2011-06-22 14:43:00,1.44269,1.4429,1.44261,1.44287,2363999938.9648438
2011-06-22 14:44:00,1.44282,1.44282,1.44255,1.44261,2279600067.138672
2011-06-22 14:45:00,1.44261,1.44292,1.44261,1.44261,1883399963.3789062
2011-06-22 14:46:00,1.44261,1.44262,1.44241,1.44259,1352100067.1386719
2011-06-22 14:47:00,1.44258,1.4427,1.44249,1.44251,1490299987.7929688
2011-06-22 14:48:00,1.44252,1.44291,1.44252,1.44261,2021100006.1035156
2011-06-22 14:49:00,1.44263,1.44275,1.4424,1.44259,1669900054.9316406
2011-06-22 14:50:00,1.44259,1.44269,1.44257,1.44259,1433099975.5859375
2011-06-22 14:51:00,1.44259,1.44259,1.44216,1.44259,2227700042.7246094
2011-06-22 14:52:00,1.44259,1.44285,1.4425,1.44253,2003300018.3105469
2011-06-22 14:53:00,1.4426,1.44272,1.44251,1.44251,1878200073.2421875
2011-06-22 14:54:00,1.44251,1.44303,1.44243,1.443,2162799987.7929688
2011-06-22 14:55:00,1.443,1.44341,1.44289,1.4434,2056799926.7578125
2011-06-22 14:56:00,1.44341,1.44365,1.44335,1.44352,2136900024.4140625
2011-06-22 14:57:00,1.44351,1.44381,1.44351,1.44371,2227200012.2070312
2011-06-22 14:58:00,1.44371,1.44381,1.44357,1.44361,2077700042.7246094
2011-06-22 14:59:00,1.4436,1.44362,1.44331,1.44343,2806799926.7578125
2011-06-22 15:00:00,1.44343,1.44347,1.44316,1.44316,2238600006.1035156
2011-06-22 15:01:00,1.44316,1.44316,1.44293,1.44303,1838300018.3105469
2011-06-22 15:02:00,1.44303,1.44369,1.44292,1.44344,2890199890.1367188
2011-06-22 15:03:00,1.44343,1.44356,1.44325,1.44325,1578500061.0351562
2011-06-22 15:04:00,1.44324,1.44339,1.44312,1.44338,1766900024.4140625
2011-06-22 15:05:00,1.44338,1.44338,1.44314,1.44317,873600006.1035156
2011-06-22 15:06:00,1.44317,1.44337,1.44314,1.4432,1123399963.3789062
2011-06-22 15:07:00,1.4432,1.44324,1.44272,1.44279,2452100067.138672
2011-06-22 15:08:00,1.4428,1.44307,1.44275,1.44275,2177299957.2753906
2011-06-22 15:09:00,1.44273,1.44291,1.44257,1.44291,1762200012.2070312
2011-06-22 15:10:00,1.44291,1.44297,1.44275,1.44281,1294400024.4140625
2011-06-22 15:11:00,1.44281,1.4431,1.4427,1.44282,2057100067.1386719
2011-06-22 15:12:00,1.44282,1.44284,1.44247,1.44261,1769100036.6210938
2011-06-22 15:13:00,1.44261,1.44264,1.44236,1.44245,1383999938.9648438
2011-06-22 15:14:00,1.44249,1.44263,1.44243,1.44248,1568000030.5175781
2011-06-22 15:15:00,1.44251,1.4428,1.44251,1.44262,1463300018.3105469
2011-06-22 15:16:00,1.44262,1.44274,1.44252,1.44255,1342100067.1386719
2011-06-22 15:17:00,1.44254,1.44282,1.44245,1.44281,1610800018.3105469
2011-06-22 15:18:00,1.44282,1.44282,1.4426,1.44278,1925800018.3105469
2011-06-22 15:19:00,1.4428,1.44294,1.44258,1.44278,2492200012.2070312
2011-06-22 15:20:00,1.44281,1.44282,1.44252,1.44252,1145000000.0
2011-06-22 15:21:00,1.44252,1.44306,1.44252,1.443,2244299926.7578125
2011-06-22 15:22:00,1.44299,1.44328,1.44296,1.44327,1896799926.7578125
2011-06-22 15:23:00,1.44327,1.44391,1.44327,1.44345,2368500061.0351562
2011-06-22 15:24:00,1.44349,1.44364,1.44301,1.44305,1628999938.9648438
2011-06-22 15:25:00,1.44304,1.4432,1.44285,1.44295,1568600006.1035156
2011-06-22 15:26:00,1.44294,1.44294,1.44276,1.44277,1458399963.3789062
2011-06-22 15:27:00,1.44282,1.44282,1.44255,1.44264,1531799926.7578125
2011-06-22 15:28:00,1.44271,1.4429,1.44264,1.44274,1630299987.7929688
2011-06-22 15:29:00,1.44277,1.44282,1.44258,1.44282,1665700073.2421875
2011-06-22 15:30:00,1.44284,1.44284,1.44266,1.44274,1316100006.1035156
2011-06-22 15:31:00,1.44274,1.44295,1.44272,1.44293,1419400024.4140625
2011-06-22 15:32:00,1.44291,1.44295,1.44226,1.44226,1574600067.1386719
2011-06-22 15:33:00,1.44227,1.44268,1.44227,1.44262,1610800018.3105469
2011-06-22 15:34:00,1.44264,1.4428,1.44253,1.44275,1782299957.2753906
2011-06-22 15:35:00,1.44272,1.44272,1.44255,1.44271,812600021.3623047
2011-06-22 15:36:00,1.44268,1.44269,1.44252,1.44264,1714299926.7578125
2011-06-22 15:37:00,1.44264,1.44282,1.44262,1.44271,1576900024.4140625
2011-06-22 15:38:00,1.4427,1.4427,1.44253,1.44261,1171999969.4824219
2011-06-22 15:39:00,1.44262,1.44273,1.44252,1.44265,1486399993.8964844
2011-06-22 15:40:00,1.44264,1.44264,1.44127,1.44141,3208500061.0351562
2011-06-22 15:41:00,1.44141,1.44149,1.44031,1.44044,3166700134.2773438
2011-06-22 15:42:00,1.44046,1.44104,1.44036,1.44092,3460499877.9296875
2011-06-22 15:43:00,1.44092,1.4412,1.44091,1.44104,2061499938.9648438
2011-06-22 15:44:00,1.44105,1.44124,1.44102,1.44116,1396699981.6894531
2011-06-22 15:45:00,1.44115,1.44125,1.44082,1.44082,2063200073.2421875
2011-06-22 15:46:00,1.44083,1.44087,1.44061,1.44082,2129600067.1386719
2011-06-22 15:47:00,1.44082,1.44083,1.44062,1.44077,1663500061.0351562
2011-06-22 15:48:00,1.44077,1.44089,1.44047,1.44049,2338699951.171875
2011-06-22 15:49:00,1.44051,1.44051,1.44022,1.44051,2454900054.9316406
2011-06-22 15:50:00,1.44051,1.44071,1.44035,1.4406,2383800048.828125
2011-06-22 15:51:00,1.4406,1.44062,1.44045,1.44058,993300018.3105469
2011-06-22 15:52:00,1.44058,1.4406,1.44042,1.44049,1045699996.9482422
2011-06-22 15:53:00,1.44049,1.44051,1.44,1.44003,2164299926.7578125
2011-06-22 15:54:00,1.44001,1.44055,1.43991,1.4405,2831499938.9648438
2011-06-22 15:55:00,1.44056,1.4407,1.44049,1.4406,2486799926.7578125
2011-06-22 15:56:00,1.4406,1.44112,1.44057,1.44058,2538999938.9648438
2011-06-22 15:57:00,1.44059,1.44068,1.44057,1.44061,1257099990.8447266
2011-06-22 15:58:00,1.4406,1.44061,1.44048,1.44058,654700012.2070312
2011-06-22 15:59:00,1.44057,1.44062,1.44023,1.44023,1659100036.6210938
2011-06-22 16:00:00,1.44024,1.44031,1.43871,1.43931,4022099914.5507812
2011-06-22 16:01:00,1.43934,1.43936,1.43882,1.43889,2647399902.34375
2011-06-22 16:02:00,1.43888,1.43907,1.43858,1.43886,2001199951.171875
2011-06-22 16:03:00,1.43885,1.43907,1.43865,1.43905,2424600067.138672
2011-06-22 16:04:00,1.43908,1.43933,1.43899,1.43905,2071100006.1035156
2011-06-22 16:05:00,1.43904,1.43942,1.43899,1.43942,1554499969.4824219
2011-06-22 16:06:00,1.43943,1.43957,1.4393,1.43942,2107799987.7929688
2011-06-22 16:07:00,1.43942,1.43958,1.4394,1.43958,1057099990.8447266
2011-06-22 16:08:00,1.43957,1.44,1.43957,1.44,1472799987.7929688
2011-06-22 16:09:00,1.44002,1.44014,1.43989,1.44002,1673600006.1035156
2011-06-22 16:10:00,1.44003,1.44045,1.44,1.44032,1757599945.0683594
2011-06-22 16:11:00,1.44033,1.44067,1.44033,1.44058,1885500030.5175781
2011-06-22 16:12:00,1.44058,1.44075,1.44057,1.44071,1087699966.430664
2011-06-22 16:13:00,1.44071,1.44085,1.44071,1.44072,1058000030.5175781
2011-06-22 16:14:00,1.44069,1.4407,1.44051,1.44051,1638099975.5859375
2011-06-22 16:15:00,1.44051,1.442,1.44042,1.44176,3511300048.828125
2011-06-22 16:16:00,1.44175,1.44209,1.44144,1.44185,2757000122.0703125
2011-06-22 16:17:00,1.44184,1.44203,1.44163,1.4419,2303300018.310547
2011-06-22 16:18:00,1.4419,1.44192,1.44137,1.44137,2189199981.689453
2011-06-22 16:19:00,1.44137,1.44137,1.44097,1.44107,2034799957.2753906
2011-06-22 16:20:00,1.44109,1.44119,1.44108,1.44114,932699966.4306641
2011-06-22 16:21:00,1.44112,1.44128,1.44108,1.44128,1318600006.1035156
2011-06-22 16:22:00,1.44128,1.44149,1.44128,1.44143,1213700027.4658203
2011-06-22 16:23:00,1.44145,1.4417,1.44145,1.44154,1556100006.1035156
2011-06-22 16:24:00,1.44154,1.44154,1.4413,1.44139,1773000030.5175781
2011-06-22 16:25:00,1.4414,1.44167,1.44139,1.44155,1690000000.0
2011-06-22 16:26:00,1.44155,1.44161,1.4414,1.44149,1095500030.5175781
2011-06-22 16:27:00,1.44147,1.44152,1.44011,1.44027,3377699890.1367188
2011-06-22 16:28:00,1.44028,1.44049,1.43973,1.44043,3677099914.5507812
2011-06-22 16:29:00,1.44043,1.44122,1.44021,1.44108,3322200012.2070312
2011-06-22 16:30:00,1.44108,1.44116,1.44083,1.44096,2885799865.7226562
2011-06-22 16:31:00,1.44096,1.44096,1.4395,1.43951,3201499938.9648438
2011-06-22 16:32:00,1.43954,1.4403,1.43954,1.4403,2075099945.0683594
2011-06-22 16:33:00,1.44031,1.44059,1.44006,1.44014,2290200042.7246094
2011-06-22 16:34:00,1.44014,1.44035,1.43977,1.43977,2566099853.515625
2011-06-22 16:35:00,1.43976,1.43978,1.43898,1.43907,3492200012.2070312
2011-06-22 16:36:00,1.43907,1.43936,1.43861,1.43934,3367399902.34375
2011-06-22 16:37:00,1.43933,1.43978,1.43913,1.43978,2436600036.6210938
2011-06-22 16:38:00,1.43981,1.44061,1.4398,1.4402,3067300109.8632812
2011-06-22 16:39:00,1.44021,1.44049,1.44008,1.44023,2992600097.65625
2011-06-22 16:40:00,1.44024,1.44041,1.44013,1.4402,1941799926.7578125
2011-06-22 16:41:00,1.44019,1.44041,1.43999,1.43999,2140700073.2421875
2011-06-22 16:42:00,1.44,1.44013,1.43954,1.43981,2722300109.8632812
2011-06-22 16:43:00,1.43978,1.44021,1.43968,1.44017,2959400024.4140625
2011-06-22 16:44:00,1.44013,1.4407,1.44013,1.4404,3150100097.65625
2011-06-22 16:45:00,1.44041,1.44079,1.44029,1.44061,2515299987.7929688
2011-06-22 16:46:00,1.4406,1.44093,1.44056,1.44092,1728600006.1035156
2011-06-22 16:47:00,1.44095,1.44108,1.44051,1.44101,2646099853.515625
2011-06-22 16:48:00,1.44101,1.44138,1.441,1.4413,2039299926.7578125
2011-06-22 16:49:00,1.4413,1.44172,1.44115,1.44127,2979700012.2070312
2011-06-22 16:50:00,1.44131,1.44149,1.44121,1.44136,2351100006.1035156
2011-06-22 16:51:00,1.44142,1.4418,1.44129,1.4418,2503699951.171875
2011-06-22 16:52:00,1.44179,1.44179,1.44149,1.4415,1939100036.6210938
2011-06-22 16:53:00,1.44151,1.44205,1.44151,1.44205,2093099975.5859375
2011-06-22 16:54:00,1.44206,1.44206,1.44159,1.44161,1832299957.2753906
2011-06-22 16:55:00,1.4416,1.4416,1.44127,1.44141,1253000030.5175781
2011-06-22 16:56:00,1.44141,1.44142,1.44132,1.44134,712200012.2070312
2011-06-22 16:57:00,1.44134,1.44155,1.44134,1.44141,1583099975.5859375
2011-06-22 16:58:00,1.44143,1.4415,1.44127,1.44129,1293899993.8964844
2011-06-22 16:59:00,1.44129,1.44149,1.44126,1.44143,1633699951.171875
2011-06-22 17:00:00,1.44144,1.44147,1.44104,1.4411,1701199951.171875
2011-06-22 17:01:00,1.4411,1.44113,1.44079,1.4409,1461999969.4824219
2011-06-22 17:02:00,1.44089,1.44111,1.44084,1.44108,1448699951.171875
2011-06-22 17:03:00,1.44108,1.44108,1.44048,1.44048,1661499938.9648438
2011-06-22 17:04:00,1.44046,1.4406,1.44039,1.44045,1647299957.2753906
2011-06-22 17:05:00,1.44041,1.44044,1.44019,1.44028,1178000030.5175781
2011-06-22 17:06:00,1.44027,1.44039,1.44012,1.44035,1193799972.5341797
2011-06-22 17:07:00,1.44037,1.44043,1.44018,1.44027,1392200012.2070312
2011-06-22 17:08:00,1.44031,1.44048,1.44018,1.44021,1452899932.8613281
2011-06-22 17:09:00,1.44021,1.44053,1.44019,1.44037,1554199981.6894531
2011-06-22 17:10:00,1.44031,1.44032,1.4399,1.43991,1394100036.6210938
2011-06-22 17:11:00,1.43991,1.43991,1.4398,1.4398,781100006.1035156
2011-06-22 17:12:00,1.43979,1.43989,1.43978,1.43989,781500015.2587891
2011-06-22 17:13:00,1.43989,1.44009,1.43989,1.43998,1139400024.4140625
2011-06-22 17:14:00,1.43994,1.43994,1.43941,1.43941,1877200012.2070312
2011-06-22 17:15:00,1.43941,1.43951,1.43919,1.43931,1808699951.171875
2011-06-22 17:16:00,1.43931,1.43942,1.43909,1.43942,1483800048.828125
2011-06-22 17:17:00,1.43942,1.43965,1.43936,1.43939,1845700073.2421875
2011-06-22 17:18:00,1.43938,1.43943,1.43929,1.4394,1315599975.5859375
2011-06-22 17:19:00,1.43942,1.43952,1.43941,1.43949,705500030.5175781
2011-06-22 17:20:00,1.43948,1.43982,1.43937,1.43982,1286100006.1035156
2011-06-22 17:21:00,1.43983,1.44003,1.43982,1.43983,1272600021.3623047
2011-06-22 17:22:00,1.43983,1.43986,1.4397,1.43981,768399963.3789062
2011-06-22 17:23:00,1.43981,1.43982,1.43969,1.43982,733700027.4658203
2011-06-22 17:24:00,1.43981,1.43982,1.43948,1.43952,1152300033.569336
2011-06-22 17:25:00,1.43957,1.43967,1.43948,1.43956,749400024.4140625
2011-06-22 17:26:00,1.43955,1.43969,1.43944,1.43962,1149300003.0517578
2011-06-22 17:27:00,1.4396,1.4397,1.43954,1.43966,977600021.3623047
2011-06-22 17:28:00,1.43963,1.43999,1.43961,1.43999,1203499984.741211
2011-06-22 17:29:00,1.43999,1.4403,1.43999,1.44022,1620500030.5175781
2011-06-22 17:30:00,1.4402,1.44056,1.4402,1.44056,1385000000.0
2011-06-22 17:31:00,1.44056,1.44072,1.44048,1.44064,1442100067.1386719
2011-06-22 17:32:00,1.44064,1.44073,1.44037,1.44037,1303000030.5175781
2011-06-22 17:33:00,1.44036,1.44036,1.43999,1.44006,2371199951.171875
2011-06-22 17:34:00,1.44005,1.44032,1.44,1.44031,881100006.1035156
2011-06-22 17:35:00,1.4403,1.44035,1.4402,1.44027,802900009.1552734
2011-06-22 17:36:00,1.44028,1.44039,1.44021,1.44023,1102200012.2070312
2011-06-22 17:37:00,1.44023,1.44026,1.44021,1.44023,572700004.5776367
2011-06-22 17:38:00,1.44023,1.44037,1.44023,1.44034,1100999984.741211
2011-06-22 17:39:00,1.44033,1.44033,1.44019,1.44021,770500030.5175781
2011-06-22 17:40:00,1.4402,1.44021,1.44003,1.44003,1158099975.5859375
2011-06-22 17:41:00,1.44003,1.44003,1.43979,1.43982,1082699966.430664
2011-06-22 17:42:00,1.4398,1.43983,1.43979,1.43981,417500000.0
2011-06-22 17:43:00,1.4398,1.43982,1.43961,1.43961,613400001.5258789
2011-06-22 17:44:00,1.43961,1.43989,1.43952,1.43989,1265599975.5859375
2011-06-22 17:45:00,1.43988,1.43999,1.4398,1.43997,803099975.5859375
2011-06-22 17:46:00,1.43997,1.43998,1.43983,1.43983,708099975.5859375
2011-06-22 17:47:00,1.43981,1.43985,1.43969,1.43981,1008199996.9482422
2011-06-22 17:48:00,1.4398,1.43994,1.43979,1.43993,458199996.9482422
2011-06-22 17:49:00,1.43992,1.44009,1.43992,1.44009,1193199996.9482422
2011-06-22 17:50:00,1.44009,1.44013,1.44005,1.44005,690999984.7412109
2011-06-22 17:51:00,1.44005,1.44016,1.44001,1.44011,1018199996.9482422
2011-06-22 17:52:00,1.44011,1.44014,1.44008,1.44011,713700027.4658203
2011-06-22 17:53:00,1.44012,1.44023,1.44012,1.44022,753399963.3789062
2011-06-22 17:54:00,1.44021,1.44027,1.44016,1.44024,921500015.2587891
2011-06-22 17:55:00,1.44022,1.44025,1.44003,1.44004,886600036.6210938
2011-06-22 17:56:00,1.44004,1.44013,1.44002,1.44013,736699981.6894531
2011-06-22 17:57:00,1.44013,1.44065,1.44013,1.4405,1757899932.8613281
2011-06-22 17:58:00,1.44049,1.44049,1.44019,1.44021,1551900024.4140625
2011-06-22 17:59:00,1.44021,1.44039,1.43997,1.44023,1806499938.9648438
2011-06-22 18:00:00,1.44023,1.44035,1.44004,1.44032,2617000122.0703125
2011-06-22 18:01:00,1.44032,1.44045,1.44018,1.44041,1650800018.3105469
2011-06-22 18:02:00,1.44041,1.44096,1.44041,1.44094,1562500000.0
2011-06-22 18:03:00,1.44094,1.44105,1.44054,1.4406,1239700012.2070312
2011-06-22 18:04:00,1.4406,1.44062,1.44014,1.44016,1043799972.5341797
2011-06-22 18:05:00,1.44016,1.44018,1.43985,1.43987,1876900024.4140625
2011-06-22 18:06:00,1.43989,1.44024,1.43989,1.4402,1389799957.2753906
2011-06-22 18:07:00,1.4402,1.44021,1.43991,1.44005,1671900024.4140625
2011-06-22 18:08:00,1.44005,1.44034,1.44005,1.44022,1174100036.6210938
2011-06-22 18:09:00,1.4402,1.44093,1.4401,1.44093,2476199951.171875
2011-06-22 18:10:00,1.44096,1.4411,1.44069,1.44104,1696000061.0351562
2011-06-22 18:11:00,1.44104,1.44125,1.44091,1.44105,2659599914.5507812
2011-06-22 18:12:00,1.44105,1.44123,1.44091,1.44123,1363899993.8964844
2011-06-22 18:13:00,1.44123,1.44153,1.44123,1.44126,1701300048.828125
2011-06-22 18:14:00,1.44126,1.44128,1.4407,1.44081,1546900024.4140625
2011-06-22 18:15:00,1.44081,1.44124,1.44081,1.44106,1803999938.9648438
2011-06-22 18:16:00,1.44107,1.44182,1.44105,1.44182,2442200012.2070312
2011-06-22 18:17:00,1.44182,1.44185,1.44166,1.44175,3434200134.2773438
2011-06-22 18:18:00,1.44175,1.44175,1.44125,1.44141,1781900024.4140625
2011-06-22 18:19:00,1.44141,1.44156,1.44085,1.44089,1763699951.171875
2011-06-22 18:20:00,1.4409,1.44156,1.44074,1.44154,1980000000.0
2011-06-22 18:21:00,1.44153,1.44235,1.44153,1.44222,2767799987.7929688
2011-06-22 18:22:00,1.44229,1.44288,1.44228,1.44258,3518200073.2421875
2011-06-22 18:23:00,1.44256,1.44259,1.44212,1.44212,2401900024.4140625
2011-06-22 18:24:00,1.44212,1.44227,1.44171,1.4421,2014299926.7578125
2011-06-22 18:25:00,1.44215,1.44221,1.44173,1.44221,1781399993.8964844
2011-06-22 18:26:00,1.4422,1.44253,1.4419,1.44191,1496999969.4824219
2011-06-22 18:27:00,1.4419,1.44285,1.4419,1.4428,1899199981.6894531
2011-06-22 18:28:00,1.44279,1.44279,1.44163,1.44163,2732799987.7929688
2011-06-22 18:29:00,1.44162,1.44162,1.43997,1.44002,4284200134.2773438
2011-06-22 18:30:00,1.44002,1.44062,1.43974,1.43978,3033299865.7226562
2011-06-22 18:31:00,1.43977,1.44013,1.43945,1.43984,3066199951.171875
2011-06-22 18:32:00,1.43985,1.44037,1.43983,1.44023,2323899993.8964844
2011-06-22 18:33:00,1.44029,1.44035,1.44001,1.44007,2536100006.1035156
2011-06-22 18:34:00,1.44013,1.44067,1.44007,1.44059,2726099853.515625
2011-06-22 18:35:00,1.44052,1.44072,1.44029,1.4403,3146000061.0351562
2011-06-22 18:36:00,1.44031,1.44051,1.44016,1.44033,2545099945.0683594
2011-06-22 18:37:00,1.44033,1.44051,1.43975,1.43984,2755199890.1367188
2011-06-22 18:38:00,1.43982,1.43987,1.43903,1.43933,2763299865.7226562
2011-06-22 18:39:00,1.43934,1.43948,1.4391,1.4391,2635199890.1367188
2011-06-22 18:40:00,1.43908,1.43908,1.43854,1.43857,2095500030.5175781
2011-06-22 18:41:00,1.43858,1.4387,1.43809,1.43809,2290000000.0
2011-06-22 18:42:00,1.43808,1.43835,1.43761,1.43763,3325299987.7929688
2011-06-22 18:43:00,1.43763,1.43827,1.43763,1.43778,2286300048.828125
2011-06-22 18:44:00,1.43778,1.43782,1.4374,1.4377,2439799957.2753906
2011-06-22 18:45:00,1.43769,1.43838,1.43763,1.43838,1972299957.2753906
2011-06-22 18:46:00,1.43838,1.4386,1.43831,1.4386,1839900054.9316406
2011-06-22 18:47:00,1.43865,1.43875,1.43851,1.43875,1788899993.8964844
2011-06-22 18:48:00,1.43877,1.43877,1.4386,1.43869,1748999938.9648438
2011-06-22 18:49:00,1.43873,1.43911,1.43873,1.43891,1850700073.2421875
2011-06-22 18:50:00,1.43888,1.43933,1.43882,1.43882,2262400054.9316406
2011-06-22 18:51:00,1.43881,1.43881,1.43824,1.43851,2093300018.3105469
2011-06-22 18:52:00,1.43851,1.43851,1.4379,1.43801,1739499969.4824219
2011-06-22 18:53:00,1.438,1.438,1.43749,1.43781,2444700012.2070312
2011-06-22 18:54:00,1.43781,1.43784,1.43733,1.43737,2494100036.6210938
2011-06-22 18:55:00,1.43735,1.43742,1.43714,1.43723,1921799926.7578125
2011-06-22 18:56:00,1.43723,1.43724,1.43653,1.43676,2932399902.34375
2011-06-22 18:57:00,1.43677,1.43722,1.43677,1.43692,1801000061.0351562
2011-06-22 18:58:00,1.43692,1.43743,1.43661,1.43732,2031799926.7578125
2011-06-22 18:59:00,1.43732,1.43757,1.4371,1.43757,2977799987.7929688
2011-06-22 19:00:00,1.43763,1.43775,1.4374,1.43741,3236199951.171875
2011-06-22 19:01:00,1.43741,1.43788,1.43741,1.43788,3558299865.7226562
2011-06-22 19:02:00,1.4379,1.43807,1.43726,1.43732,2572000122.0703125
2011-06-22 19:03:00,1.43731,1.43766,1.43721,1.43763,2037899932.8613281
2011-06-22 19:04:00,1.43762,1.43767,1.4374,1.43748,1466499938.9648438
2011-06-22 19:05:00,1.43748,1.43748,1.43685,1.43702,1934299926.7578125
2011-06-22 19:06:00,1.43701,1.43763,1.43667,1.4376,2404900054.9316406
2011-06-22 19:07:00,1.4376,1.43764,1.43737,1.43745,2118600006.1035156
2011-06-22 19:08:00,1.43746,1.4376,1.43737,1.4374,1777599945.0683594
2011-06-22 19:09:00,1.4374,1.4374,1.43719,1.43739,861500015.2587891
2011-06-22 19:10:00,1.4374,1.43752,1.43724,1.43752,1300500030.5175781
2011-06-22 19:11:00,1.43751,1.43761,1.4373,1.43749,2022599945.0683594
2011-06-22 19:12:00,1.43749,1.43753,1.4369,1.4369,2060700073.2421875
2011-06-22 19:13:00,1.4369,1.43695,1.43666,1.43693,1802599945.0683594
2011-06-22 19:14:00,1.43692,1.43707,1.43669,1.43679,1371999969.4824219
2011-06-22 19:15:00,1.43678,1.43678,1.43641,1.43653,2154600067.138672
2011-06-22 19:16:00,1.43651,1.43677,1.43638,1.43673,2679700012.2070312
2011-06-22 19:17:00,1.43672,1.43733,1.43662,1.43731,1951499938.9648438
2011-06-22 19:18:00,1.43731,1.43737,1.43686,1.43703,2633599853.515625
2011-06-22 19:19:00,1.43703,1.4373,1.43703,1.4373,1271100006.1035156
2011-06-22 19:20:00,1.43735,1.43762,1.4373,1.43737,1447400054.9316406
2011-06-22 19:21:00,1.43737,1.43752,1.43698,1.43704,2304799957.2753906
2011-06-22 19:22:00,1.43705,1.43718,1.43699,1.43703,1053600006.1035156
2011-06-22 19:23:00,1.43701,1.43701,1.43653,1.43663,1529700012.2070312
2011-06-22 19:24:00,1.43663,1.43701,1.43663,1.43701,1333399963.3789062
2011-06-22 19:25:00,1.43704,1.43711,1.43678,1.43681,1965099945.0683594
2011-06-22 19:26:00,1.43682,1.4369,1.43646,1.4365,1699400024.4140625
2011-06-22 19:27:00,1.43652,1.43691,1.43651,1.4367,1444100036.6210938
2011-06-22 19:28:00,1.43671,1.43675,1.43652,1.4366,1358999938.9648438
2011-06-22 19:29:00,1.4366,1.43689,1.4366,1.43689,1179700012.2070312
2011-06-22 19:30:00,1.43689,1.43689,1.43597,1.43601,2199900054.9316406
2011-06-22 19:31:00,1.436,1.43631,1.43594,1.43615,2387700042.7246094
2011-06-22 19:32:00,1.43614,1.43614,1.43571,1.43571,2724599914.5507812
2011-06-22 19:33:00,1.43572,1.43605,1.43572,1.43598,1998500061.0351562
2011-06-22 19:34:00,1.43596,1.43607,1.43582,1.43596,1661900024.4140625
2011-06-22 19:35:00,1.43597,1.43599,1.43581,1.43588,1194199981.6894531
2011-06-22 19:36:00,1.43589,1.43617,1.4358,1.43617,1248700027.4658203
2011-06-22 19:37:00,1.43617,1.43619,1.43592,1.43592,1461300048.828125
2011-06-22 19:38:00,1.43591,1.43591,1.43562,1.43573,1391300048.828125
2011-06-22 19:39:00,1.43573,1.43615,1.43573,1.43599,1208499984.741211
2011-06-22 19:40:00,1.43597,1.43603,1.43585,1.43599,1514199981.6894531
2011-06-22 19:41:00,1.43602,1.43607,1.4358,1.43607,1880800018.3105469
2011-06-22 19:42:00,1.43608,1.43619,1.43604,1.43604,1628899993.8964844
2011-06-22 19:43:00,1.43604,1.43604,1.43561,1.43584,2496799926.7578125
2011-06-22 19:44:00,1.43583,1.43584,1.43556,1.43563,2347100067.138672
2011-06-22 19:45:00,1.4356,1.43598,1.43555,1.43589,2063200073.2421875
2011-06-22 19:46:00,1.43589,1.43589,1.43538,1.43561,1795899963.3789062
2011-06-22 19:47:00,1.43563,1.43603,1.43563,1.43599,1434700012.2070312
2011-06-22 19:48:00,1.43599,1.43631,1.43599,1.43622,1561699981.6894531
2011-06-22 19:49:00,1.43622,1.43629,1.43604,1.43606,1464199981.6894531
2011-06-22 19:50:00,1.43605,1.43605,1.4357,1.43603,1870599975.5859375
2011-06-22 19:51:00,1.43608,1.43628,1.43608,1.43628,1790000000.0
2011-06-22 19:52:00,1.43628,1.43644,1.43627,1.43644,1482200012.2070312
2011-06-22 19:53:00,1.43643,1.43645,1.43599,1.43603,2010500030.5175781
2011-06-22 19:54:00,1.43602,1.43602,1.43548,1.43548,1933999938.9648438
2011-06-22 19:55:00,1.43548,1.43548,1.43438,1.435,3652000122.0703125
2011-06-22 19:56:00,1.435,1.43526,1.435,1.43511,1966300048.828125
2011-06-22 19:57:00,1.43511,1.43523,1.43497,1.43512,1755000000.0
2011-06-22 19:58:00,1.43512,1.43552,1.43512,1.43542,1693999938.9648438
2011-06-22 19:59:00,1.43542,1.43572,1.43519,1.43562,2060099945.0683594
2011-06-22 20:00:00,1.43562,1.43565,1.43457,1.43474,2431799926.7578125
2011-06-22 20:01:00,1.43474,1.4349,1.43467,1.43484,1422400054.9316406
2011-06-22 20:02:00,1.43483,1.43513,1.43483,1.43495,1616100006.1035156
2011-06-22 20:03:00,1.43497,1.43499,1.43421,1.43421,2593399963.3789062
2011-06-22 20:04:00,1.43428,1.43453,1.43422,1.43448,1717500000.0
2011-06-22 20:05:00,1.43441,1.43473,1.4343,1.43443,2722699890.1367188
2011-06-22 20:06:00,1.43439,1.4344,1.43433,1.43435,1006500015.2587891
2011-06-22 20:07:00,1.43435,1.43479,1.43434,1.43467,1278300018.3105469
2011-06-22 20:08:00,1.43467,1.43477,1.43462,1.43477,840599975.5859375
2011-06-22 20:09:00,1.43477,1.43523,1.43477,1.4352,1165199966.430664
2011-06-22 20:10:00,1.43519,1.43546,1.43519,1.43538,2046799926.7578125
2011-06-22 20:11:00,1.43538,1.43538,1.43508,1.43511,1898999938.9648438
2011-06-22 20:12:00,1.43509,1.43509,1.43491,1.43494,1166999969.4824219
2011-06-22 20:13:00,1.43495,1.43506,1.43491,1.43506,985100021.3623047
2011-06-22 20:14:00,1.43508,1.4354,1.43508,1.43528,1017300033.5693359
2011-06-22 20:15:00,1.43528,1.43539,1.43528,1.43539,532500000.0
2011-06-22 20:16:00,1.43537,1.4355,1.43529,1.43538,976699981.6894531
2011-06-22 20:17:00,1.43541,1.43541,1.43516,1.43525,790800018.3105469
2011-06-22 20:18:00,1.43525,1.43525,1.43509,1.4351,641999969.4824219
2011-06-22 20:19:00,1.4351,1.4351,1.4351,1.4351,35999999.04632568
2011-06-22 20:20:00,1.43511,1.43528,1.43511,1.43518,1139400024.4140625
2011-06-22 20:21:00,1.43518,1.43555,1.43512,1.43548,1364600067.1386719
2011-06-22 20:22:00,1.43546,1.43558,1.43541,1.43556,1038000030.5175781
2011-06-22 20:23:00,1.43556,1.4356,1.43535,1.43541,1089000015.258789
2011-06-22 20:24:00,1.43542,1.43551,1.43531,1.43543,889800033.5693359
2011-06-22 20:25:00,1.43543,1.43544,1.43524,1.43528,865800018.3105469
2011-06-22 20:26:00,1.43529,1.4353,1.4352,1.4353,751900024.4140625
2011-06-22 20:27:00,1.4353,1.43536,1.43513,1.43516,432000007.62939453
2011-06-22 20:28:00,1.43524,1.43524,1.43442,1.43446,1690299987.7929688
2011-06-22 20:29:00,1.43446,1.43462,1.43442,1.43457,1141900024.4140625
2011-06-22 20:30:00,1.4346,1.43475,1.4346,1.43466,967699966.4306641
2011-06-22 20:31:00,1.43466,1.43471,1.43459,1.43471,477000007.62939453
2011-06-22 20:32:00,1.43473,1.43515,1.43473,1.43509,1248799972.5341797
2011-06-22 20:33:00,1.43509,1.43509,1.43489,1.43498,1133199996.9482422
2011-06-22 20:34:00,1.43498,1.43509,1.43497,1.43503,682799987.7929688
2011-06-22 20:35:00,1.43504,1.43507,1.435,1.435,675000000.0
2011-06-22 20:36:00,1.43503,1.43507,1.43477,1.43477,753499984.7412109
2011-06-22 20:37:00,1.43475,1.43475,1.43466,1.43468,552900009.1552734
2011-06-22 20:38:00,1.4347,1.43481,1.4347,1.43474,800599975.5859375
2011-06-22 20:39:00,1.43474,1.43487,1.43472,1.43474,479300003.0517578
2011-06-22 20:40:00,1.43473,1.43485,1.43473,1.43483,489300003.0517578
2011-06-22 20:41:00,1.43484,1.43487,1.43478,1.43478,422299995.4223633
2011-06-22 20:42:00,1.43484,1.4349,1.4348,1.43481,317800006.8664551
2011-06-22 20:43:00,1.43481,1.43488,1.43474,1.43477,684400024.4140625
2011-06-22 20:44:00,1.43481,1.43507,1.43481,1.43507,532500000.0
2011-06-22 20:45:00,1.43508,1.43508,1.43504,1.43504,217199993.13354492
2011-06-22 20:46:00,1.435,1.43519,1.435,1.43517,651999969.4824219
2011-06-22 20:47:00,1.43509,1.43519,1.43503,1.43518,591300010.6811523
2011-06-22 20:48:00,1.4352,1.43529,1.43503,1.43529,674100036.6210938
2011-06-22 20:49:00,1.43528,1.43551,1.43524,1.4354,824899978.6376953
2011-06-22 20:50:00,1.4354,1.43549,1.43512,1.43536,903399963.3789062
2011-06-22 20:51:00,1.43534,1.43537,1.43523,1.43527,262500000.0
2011-06-22 20:52:00,1.43526,1.43529,1.43522,1.43528,392099990.84472656
2011-06-22 20:53:00,1.43529,1.43529,1.43528,1.43529,263700008.39233398
2011-06-22 20:54:00,1.43529,1.43544,1.43529,1.43533,777300033.5693359
2011-06-22 20:55:00,1.43535,1.43544,1.43529,1.43534,1125100021.3623047
2011-06-22 20:56:00,1.43534,1.43559,1.43534,1.43558,1226500015.258789
2011-06-22 20:57:00,1.43556,1.43563,1.43555,1.43556,362299995.4223633
2011-06-22 20:58:00,1.43559,1.43566,1.43558,1.43564,385000000.0
2011-06-22 20:59:00,1.43564,1.43564,1.4352,1.43542,1098199996.9482422
2011-06-22 21:00:00,1.43539,1.43539,1.43511,1.43524,489000015.25878906
2011-06-22 21:01:00,1.43526,1.43542,1.43526,1.43542,235499992.37060547
2011-06-22 21:02:00,1.4354,1.43562,1.43533,1.43544,632999992.3706055
2011-06-22 21:03:00,1.43543,1.43556,1.43499,1.43499,1874400024.4140625
2011-06-22 21:04:00,1.43504,1.43522,1.43504,1.43522,678799972.5341797
2011-06-22 21:05:00,1.43527,1.43527,1.43505,1.43509,338600006.1035156
2011-06-22 21:06:00,1.43514,1.43526,1.43514,1.43518,266299991.60766602
2011-06-22 21:07:00,1.43518,1.43532,1.43505,1.43522,766699981.6894531
2011-06-22 21:08:00,1.43523,1.43538,1.43517,1.4353,930800018.3105469
2011-06-22 21:09:00,1.43529,1.43529,1.43513,1.43521,395999984.74121094
2011-06-22 21:10:00,1.43521,1.43524,1.43519,1.43524,282000007.62939453
2011-06-22 21:11:00,1.43526,1.43544,1.43526,1.43544,454500007.62939453
2011-06-22 21:12:00,1.43551,1.43562,1.43533,1.43536,402200012.20703125
2011-06-22 21:13:00,1.43529,1.43541,1.43526,1.43539,391500015.25878906
2011-06-22 21:14:00,1.43539,1.43539,1.43525,1.43535,343499984.74121094
2011-06-22 21:15:00,1.43535,1.4354,1.43524,1.43524,392999992.37060547
2011-06-22 21:16:00,1.43528,1.43529,1.43522,1.43522,263999996.18530273
2011-06-22 21:17:00,1.43522,1.43528,1.43522,1.43528,165000000.0
2011-06-22 21:18:00,1.43528,1.43529,1.43493,1.43524,953199996.9482422
2011-06-22 21:19:00,1.43523,1.43523,1.4351,1.43512,180000000.0
2011-06-22 21:20:00,1.43511,1.43511,1.43484,1.43487,785400009.1552734
2011-06-22 21:21:00,1.43488,1.43488,1.43462,1.4347,612500000.0
2011-06-22 21:22:00,1.4347,1.43473,1.4343,1.43432,898700027.4658203
2011-06-22 21:23:00,1.43433,1.43443,1.4342,1.43432,1312700042.7246094
2011-06-22 21:24:00,1.43435,1.43439,1.43383,1.43383,1062799987.7929688
2011-06-22 21:25:00,1.43382,1.4341,1.43364,1.4341,876500015.2587891
2011-06-22 21:26:00,1.43407,1.43409,1.4339,1.4339,555000000.0
2011-06-22 21:27:00,1.43388,1.43409,1.43386,1.43401,679499969.4824219
2011-06-22 21:28:00,1.434,1.43417,1.43397,1.43411,701999969.4824219
2011-06-22 21:29:00,1.43411,1.43436,1.43408,1.43431,612000007.6293945
2011-06-22 21:30:00,1.43431,1.43432,1.43429,1.43431,364500007.62939453
2011-06-22 21:31:00,1.43429,1.43431,1.43408,1.4342,450800018.3105469
2011-06-22 21:32:00,1.43426,1.43433,1.43425,1.43433,285000000.0
2011-06-22 21:33:00,1.43432,1.43432,1.43411,1.43413,537000007.6293945
2011-06-22 21:34:00,1.43416,1.43416,1.43386,1.43391,708000030.5175781
2011-06-22 21:35:00,1.43391,1.43391,1.43373,1.43379,481500015.25878906
2011-06-22 21:36:00,1.43379,1.43386,1.43372,1.43378,600900001.5258789
2011-06-22 21:37:00,1.43379,1.43409,1.43379,1.43409,747799987.7929688
2011-06-22 21:38:00,1.43409,1.43409,1.43399,1.43399,352500000.0
2011-06-22 21:39:00,1.43399,1.43399,1.43382,1.43396,432000007.62939453
2011-06-22 21:40:00,1.434,1.434,1.43387,1.43387,467999992.37060547
2011-06-22 21:41:00,1.43388,1.43397,1.43377,1.43392,640500030.5175781
2011-06-22 21:42:00,1.43394,1.43401,1.43379,1.43386,1721999969.4824219
2011-06-22 21:43:00,1.43385,1.43385,1.43367,1.43369,515999984.74121094
2011-06-22 21:44:00,1.43369,1.43369,1.43326,1.43357,1249300003.0517578
2011-06-22 21:45:00,1.4335,1.43359,1.43338,1.43349,764300003.0517578
2011-06-22 21:46:00,1.4335,1.43359,1.43344,1.43349,517599983.21533203
2011-06-22 21:47:00,1.43348,1.43348,1.43324,1.43333,466800003.0517578
2011-06-22 21:48:00,1.43333,1.43346,1.43333,1.4334,165000000.0
2011-06-22 21:49:00,1.43339,1.43347,1.43329,1.43329,352500000.0
2011-06-22 21:50:00,1.43333,1.43378,1.43333,1.43376,1428899993.8964844
2011-06-22 21:51:00,1.43376,1.43383,1.43362,1.43363,700500030.5175781
2011-06-22 21:52:00,1.4336,1.43362,1.43358,1.4336,217500000.0
2011-06-22 21:53:00,1.43358,1.43358,1.43358,1.43358,180000000.0
2011-06-22 21:54:00,1.4336,1.43365,1.4336,1.43365,67500000.0
2011-06-22 21:55:00,1.43365,1.4338,1.43365,1.4338,345000000.0
2011-06-22 21:56:00,1.43382,1.43382,1.43352,1.43352,503400001.5258789
2011-06-22 21:57:00,1.43352,1.43352,1.43345,1.43346,85500001.90734863
2011-06-22 21:58:00,1.43347,1.43347,1.43346,1.43347,75000000.0
2011-06-22 21:59:00,1.43347,1.43354,1.43336,1.43354,416199989.31884766
2011-06-22 22:00:00,1.43355,1.43379,1.43342,1.43342,2196100006.1035156
2011-06-22 22:01:00,1.43339,1.43348,1.43249,1.43264,1811900024.4140625
2011-06-22 22:02:00,1.43264,1.43275,1.43245,1.43252,1046500015.2587891
2011-06-22 22:03:00,1.43252,1.43259,1.43226,1.43226,1111399993.8964844
2011-06-22 22:04:00,1.4323,1.43232,1.43189,1.43191,1369799957.2753906
2011-06-22 22:05:00,1.43192,1.43219,1.43192,1.43219,1077200012.2070312
2011-06-22 22:06:00,1.43225,1.43238,1.43221,1.43236,922600021.3623047
2011-06-22 22:07:00,1.43237,1.43242,1.43229,1.43242,594000015.2587891
2011-06-22 22:08:00,1.43241,1.43248,1.43231,1.43241,1036999969.4824219
2011-06-22 22:09:00,1.4324,1.43246,1.43233,1.43238,518699989.31884766
2011-06-22 22:10:00,1.4324,1.43246,1.4323,1.43239,931500015.2587891
2011-06-22 22:11:00,1.43234,1.43241,1.43234,1.4324,499500007.62939453
2011-06-22 22:12:00,1.4324,1.43264,1.43238,1.43247,1464199981.6894531
2011-06-22 22:13:00,1.43249,1.43271,1.43249,1.43268,429000015.25878906
2011-06-22 22:14:00,1.43268,1.43274,1.43257,1.43266,934499969.4824219
2011-06-22 22:15:00,1.43267,1.4327,1.43267,1.43269,105000000.0
2011-06-22 22:16:00,1.4327,1.43286,1.4327,1.43285,232500000.0
2011-06-22 22:17:00,1.43284,1.43285,1.4327,1.43283,804000015.2587891
2011-06-22 22:18:00,1.43283,1.43311,1.43283,1.43311,588800010.6811523
2011-06-22 22:19:00,1.4331,1.4331,1.43309,1.43309,285000000.0
2011-06-22 22:20:00,1.43309,1.43325,1.43302,1.43309,1154700012.2070312
2011-06-22 22:21:00,1.43311,1.43339,1.43311,1.43339,701999969.4824219
2011-06-22 22:22:00,1.43339,1.43362,1.43332,1.43333,1464799957.2753906
2011-06-22 22:23:00,1.43335,1.43349,1.43335,1.43336,696800003.0517578
2011-06-22 22:24:00,1.43329,1.43332,1.43283,1.43285,1337400054.9316406
2011-06-22 22:25:00,1.43285,1.43285,1.43259,1.43275,1136999969.4824219
2011-06-22 22:26:00,1.43281,1.43282,1.4319,1.4319,2282500000.0
2011-06-22 22:27:00,1.43189,1.43189,1.431,1.43119,2811099853.515625
2011-06-22 22:28:00,1.43116,1.43145,1.43113,1.4313,2116499938.9648438
2011-06-22 22:29:00,1.43129,1.43145,1.43122,1.43143,1019300003.0517578
2011-06-22 22:30:00,1.43141,1.43141,1.43124,1.43133,1281799926.7578125
2011-06-22 22:31:00,1.43133,1.43164,1.43133,1.4316,1485000000.0
2011-06-22 22:32:00,1.4316,1.43176,1.43146,1.43152,1348500061.0351562
2011-06-22 22:33:00,1.43154,1.43166,1.43147,1.43164,1006500015.2587891
2011-06-22 22:34:00,1.43163,1.43179,1.43151,1.43179,1295299987.7929688
2011-06-22 22:35:00,1.43179,1.43184,1.43167,1.43173,1107799987.7929688
2011-06-22 22:36:00,1.43173,1.43173,1.43142,1.43144,969899978.6376953
2011-06-22 22:37:00,1.43145,1.43154,1.4314,1.43152,600000000.0
2011-06-22 22:38:00,1.43152,1.43166,1.43146,1.43166,765000000.0
2011-06-22 22:39:00,1.43168,1.43171,1.43164,1.43164,310499992.37060547
2011-06-22 22:40:00,1.43164,1.43168,1.43127,1.43137,1071800003.0517578
2011-06-22 22:41:00,1.43142,1.43182,1.43131,1.43173,1525599975.5859375
2011-06-22 22:42:00,1.43176,1.43176,1.43125,1.43131,1112399978.6376953
2011-06-22 22:43:00,1.43129,1.43148,1.4311,1.43145,1141500015.258789
2011-06-22 22:44:00,1.43145,1.43159,1.43135,1.43143,1200000000.0
2011-06-22 22:45:00,1.43146,1.43149,1.43132,1.43139,1010999984.7412109
2011-06-22 22:46:00,1.43143,1.43161,1.43137,1.43159,1011900024.4140625
2011-06-22 22:47:00,1.43159,1.43168,1.43151,1.43156,511500015.25878906
2011-06-22 22:48:00,1.43155,1.43169,1.43155,1.43162,656999969.4824219
2011-06-22 22:49:00,1.43167,1.43184,1.43166,1.43175,762099990.8447266
2011-06-22 22:50:00,1.43174,1.43176,1.43166,1.43166,412500000.0
2011-06-22 22:51:00,1.43164,1.43165,1.43135,1.4314,882500000.0
2011-06-22 22:52:00,1.43143,1.43157,1.43139,1.43155,784499969.4824219
2011-06-22 22:53:00,1.43156,1.43166,1.43151,1.43154,460499992.37060547
2011-06-22 22:54:00,1.43156,1.43163,1.43147,1.43148,753000030.5175781
2011-06-22 22:55:00,1.43148,1.43163,1.43148,1.43161,376500015.25878906
2011-06-22 22:56:00,1.43162,1.43163,1.43121,1.43121,1173199996.9482422
2011-06-22 22:57:00,1.43122,1.43137,1.43122,1.43136,281299991.607666
2011-06-22 22:58:00,1.4313,1.43136,1.43124,1.43124,527999992.37060547
2011-06-22 22:59:00,1.43124,1.43152,1.43124,1.43152,525000000.0
2011-06-22 23:00:00,1.4315,1.43159,1.43145,1.43147,538499984.7412109
2011-06-22 23:01:00,1.43147,1.43165,1.43144,1.4316,832699966.4306641
2011-06-22 23:02:00,1.4316,1.43164,1.4316,1.43161,412500000.0
2011-06-22 23:03:00,1.43158,1.43176,1.43158,1.43176,516800003.0517578
2011-06-22 23:04:00,1.43177,1.43177,1.43164,1.43166,508499984.74121094
2011-06-22 23:05:00,1.43168,1.43172,1.43161,1.43161,441800003.0517578
2011-06-22 23:06:00,1.43161,1.43167,1.43161,1.43161,292500000.0
2011-06-22 23:07:00,1.43161,1.43204,1.43161,1.43203,571500015.2587891
2011-06-22 23:08:00,1.43203,1.43241,1.43196,1.43241,1240599975.5859375
2011-06-22 23:09:00,1.43239,1.43244,1.43225,1.43231,562500000.0
2011-06-22 23:10:00,1.4323,1.4323,1.43217,1.43223,650999984.7412109
2011-06-22 23:11:00,1.43222,1.43222,1.43208,1.43209,399000015.25878906
2011-06-22 23:12:00,1.4321,1.43235,1.4321,1.43235,1023099975.5859375
2011-06-22 23:13:00,1.43236,1.43238,1.43222,1.43226,317999992.37060547
2011-06-22 23:14:00,1.43227,1.43236,1.43227,1.43236,202500000.0
2011-06-22 23:15:00,1.43235,1.43274,1.43235,1.43269,1218199996.9482422
2011-06-22 23:16:00,1.43269,1.4327,1.43211,1.43211,1041299972.5341797
2011-06-22 23:17:00,1.43211,1.43211,1.43177,1.43182,555099983.215332
2011-06-22 23:18:00,1.43183,1.43205,1.43183,1.43187,596300010.6811523
2011-06-22 23:19:00,1.43187,1.43188,1.43168,1.43176,735000000.0
2011-06-22 23:20:00,1.43177,1.43189,1.43151,1.43151,1315200042.7246094
2011-06-22 23:21:00,1.4315,1.43151,1.43114,1.43148,1918200073.2421875
2011-06-22 23:22:00,1.43148,1.4316,1.43141,1.43141,695999984.7412109
2011-06-22 23:23:00,1.43139,1.43141,1.43131,1.4314,442500000.0
2011-06-22 23:24:00,1.4314,1.43166,1.4314,1.4316,634500007.6293945
2011-06-22 23:25:00,1.43159,1.43159,1.4315,1.43153,250599994.65942383
2011-06-22 23:26:00,1.43153,1.43209,1.43153,1.43201,1473099975.5859375
2011-06-22 23:27:00,1.432,1.432,1.43183,1.43198,815299987.7929688
2011-06-22 23:28:00,1.43193,1.43197,1.43185,1.43187,330000000.0
2011-06-22 23:29:00,1.43187,1.43199,1.43185,1.43197,504000015.25878906
2011-06-22 23:30:00,1.43201,1.43218,1.432,1.43218,427500000.0
2011-06-22 23:31:00,1.4322,1.43233,1.4322,1.43227,550499992.3706055
2011-06-22 23:32:00,1.43226,1.43239,1.43224,1.43235,316499996.18530273
2011-06-22 23:33:00,1.43235,1.43239,1.43235,1.43239,135000000.0
2011-06-22 23:34:00,1.43239,1.43246,1.43231,1.43246,263999996.18530273
2011-06-22 23:35:00,1.43246,1.43246,1.43234,1.43236,317999992.37060547
2011-06-22 23:36:00,1.43233,1.43233,1.43213,1.43213,821999969.4824219
2011-06-22 23:37:00,1.43213,1.43218,1.43208,1.43211,520499992.37060547
2011-06-22 23:38:00,1.43206,1.43208,1.43194,1.43206,994499969.4824219
2011-06-22 23:39:00,1.43207,1.43207,1.43206,1.43206,71999998.09265137
2011-06-22 23:40:00,1.43207,1.43214,1.43206,1.43214,345000000.0
2011-06-22 23:41:00,1.43216,1.43216,1.43216,1.43216,75000000.0
2011-06-22 23:42:00,1.43216,1.43229,1.43216,1.43227,330099983.21533203
2011-06-22 23:43:00,1.43227,1.43251,1.43227,1.43251,371300010.68115234
2011-06-22 23:44:00,1.43251,1.43294,1.43251,1.43277,1149199981.6894531
2011-06-22 23:45:00,1.43278,1.43285,1.43275,1.43275,300000000.0
2011-06-22 23:46:00,1.43277,1.43281,1.43277,1.43281,67500000.0
2011-06-22 23:47:00,1.43281,1.43297,1.43274,1.43297,626300010.6811523
2011-06-22 23:48:00,1.43292,1.43304,1.43284,1.433,1156500015.258789
2011-06-22 23:49:00,1.43301,1.43322,1.43299,1.4332,909100036.6210938
2011-06-22 23:50:00,1.4332,1.43326,1.43315,1.43315,729800033.5693359
2011-06-22 23:51:00,1.43315,1.43315,1.43304,1.43306,297000007.62939453
2011-06-22 23:52:00,1.43304,1.43304,1.43283,1.43291,1369499969.4824219
2011-06-22 23:53:00,1.43291,1.43292,1.43282,1.43287,582000007.6293945
2011-06-22 23:54:00,1.43285,1.43295,1.4328,1.43289,486800003.0517578
2011-06-22 23:55:00,1.4329,1.43303,1.4329,1.43296,877200012.2070312
2011-06-22 23:56:00,1.43297,1.43311,1.43293,1.433,770999984.7412109
2011-06-22 23:57:00,1.43298,1.4331,1.43298,1.43309,1074000015.258789
2011-06-22 23:58:00,1.43309,1.43309,1.43304,1.43305,229500007.62939453
2011-06-22 23:59:00,1.43305,1.4331,1.43304,1.43304,340499992.37060547
2011-06-23 00:00:00,1.43304,1.43304,1.43262,1.4327,1575000000.0
2011-06-23 00:01:00,1.4327,1.43278,1.43264,1.43272,1134100036.6210938
2011-06-23 00:02:00,1.43272,1.43287,1.43253,1.43258,1197399978.6376953
2011-06-23 00:03:00,1.4326,1.4326,1.43223,1.43226,863899993.8964844
2011-06-23 00:04:00,1.43229,1.4323,1.4319,1.43224,1770200042.7246094
2011-06-23 00:05:00,1.43227,1.43233,1.43216,1.43228,1059800033.5693359
2011-06-23 00:06:00,1.43225,1.43252,1.4321,1.43252,959400024.4140625
2011-06-23 00:07:00,1.4325,1.43265,1.43249,1.4326,1123499984.741211
2011-06-23 00:08:00,1.4326,1.43271,1.43251,1.43261,1762500000.0
2011-06-23 00:09:00,1.43262,1.43263,1.4325,1.4325,775500030.5175781
2011-06-23 00:10:00,1.43251,1.43251,1.4324,1.43242,913700027.4658203
2011-06-23 00:11:00,1.43243,1.43243,1.43222,1.4323,926999969.4824219
2011-06-23 00:12:00,1.4323,1.43241,1.4323,1.43234,742500000.0
2011-06-23 00:13:00,1.43234,1.43239,1.43229,1.43231,619799995.4223633
2011-06-23 00:14:00,1.43231,1.43234,1.43228,1.43229,380999984.74121094
2011-06-23 00:15:00,1.4323,1.43241,1.43229,1.4323,1351499938.9648438
2011-06-23 00:16:00,1.43231,1.43235,1.43221,1.4323,547500000.0
2011-06-23 00:17:00,1.43231,1.43256,1.4323,1.43252,685500030.5175781
2011-06-23 00:18:00,1.43254,1.43255,1.43242,1.43244,564000015.2587891
2011-06-23 00:19:00,1.43242,1.43249,1.43241,1.43248,926299972.5341797
2011-06-23 00:20:00,1.43248,1.43256,1.4324,1.43244,847500000.0
2011-06-23 00:21:00,1.43245,1.43246,1.43231,1.43231,519000015.25878906
2011-06-23 00:22:00,1.43231,1.43292,1.43231,1.43285,1448999938.9648438
2011-06-23 00:23:00,1.43285,1.43285,1.43281,1.43285,1125000000.0
2011-06-23 00:24:00,1.43285,1.43287,1.43282,1.43287,667500000.0
2011-06-23 00:25:00,1.43288,1.43301,1.43282,1.43293,1458000030.5175781
2011-06-23 00:26:00,1.43295,1.433,1.43285,1.43292,1032799987.7929688
2011-06-23 00:27:00,1.43292,1.4331,1.43292,1.43308,1085999984.741211
2011-06-23 00:28:00,1.43308,1.43325,1.43293,1.43317,3102799987.7929688
2011-06-23 00:29:00,1.43316,1.43324,1.43311,1.43321,1747500000.0
2011-06-23 00:30:00,1.43321,1.4333,1.433,1.433,985800018.3105469
2011-06-23 00:31:00,1.43295,1.43295,1.4328,1.4328,632999992.3706055
2011-06-23 00:32:00,1.4328,1.43281,1.43249,1.43254,634500007.6293945
2011-06-23 00:33:00,1.43255,1.43272,1.43255,1.43271,984100036.6210938
2011-06-23 00:34:00,1.43272,1.43273,1.43262,1.43263,567000007.6293945
2011-06-23 00:35:00,1.43263,1.43265,1.43209,1.43211,1382799987.7929688
2011-06-23 00:36:00,1.43209,1.43237,1.43209,1.4321,1531100006.1035156
2011-06-23 00:37:00,1.43209,1.43219,1.43185,1.43203,1525399932.8613281
2011-06-23 00:38:00,1.43203,1.43204,1.43182,1.43197,1028700027.4658203
2011-06-23 00:39:00,1.43198,1.43201,1.43174,1.43188,961800003.0517578
2011-06-23 00:40:00,1.43188,1.43191,1.43156,1.43159,1108099975.5859375
2011-06-23 00:41:00,1.43159,1.43159,1.43071,1.43106,1825800018.3105469
2011-06-23 00:42:00,1.43106,1.43117,1.43099,1.43114,1386100006.1035156
2011-06-23 00:43:00,1.43116,1.43128,1.43098,1.43113,926999969.4824219
2011-06-23 00:44:00,1.43113,1.43126,1.431,1.43104,915000000.0
2011-06-23 00:45:00,1.43104,1.43105,1.43083,1.43083,663899993.8964844
2011-06-23 00:46:00,1.43081,1.43081,1.4306,1.43073,1666699981.6894531
2011-06-23 00:47:00,1.43078,1.43126,1.43078,1.43109,1490599975.5859375
2011-06-23 00:48:00,1.43111,1.43111,1.43094,1.43099,709899978.6376953
2011-06-23 00:49:00,1.43098,1.43131,1.43098,1.43131,1030500030.5175781
2011-06-23 00:50:00,1.4313,1.43152,1.4313,1.43149,998199996.9482422
2011-06-23 00:51:00,1.43151,1.43151,1.43134,1.43137,881699981.6894531
2011-06-23 00:52:00,1.43136,1.43152,1.43121,1.43141,1626300048.828125
2011-06-23 00:53:00,1.43141,1.43153,1.4313,1.4313,1346699981.6894531
2011-06-23 00:54:00,1.4313,1.43131,1.43122,1.43131,853099975.5859375
2011-06-23 00:55:00,1.43131,1.43172,1.43131,1.43165,1758000030.5175781
2011-06-23 00:56:00,1.43163,1.43185,1.43158,1.43164,1811699981.6894531
2011-06-23 00:57:00,1.43169,1.43169,1.43158,1.43165,527900009.15527344
2011-06-23 00:58:00,1.43168,1.43219,1.43167,1.43218,1294600067.1386719
2011-06-23 00:59:00,1.43215,1.43215,1.4319,1.43196,1579499969.4824219
2011-06-23 01:00:00,1.43196,1.43196,1.43161,1.43162,1428300018.3105469
2011-06-23 01:01:00,1.43162,1.43165,1.43115,1.43115,1491900024.4140625
2011-06-23 01:02:00,1.43116,1.43116,1.42988,1.42988,2357799987.7929688
2011-06-23 01:03:00,1.42988,1.43026,1.42981,1.43014,3077500000.0
2011-06-23 01:04:00,1.43021,1.43071,1.4302,1.43061,1789400024.4140625
2011-06-23 01:05:00,1.43054,1.43054,1.43006,1.4302,2465500030.517578
2011-06-23 01:06:00,1.4302,1.4305,1.43009,1.43032,2941499938.9648438
2011-06-23 01:07:00,1.43032,1.43065,1.43026,1.43064,1676000061.0351562
2011-06-23 01:08:00,1.43063,1.43069,1.43055,1.43055,1552100067.1386719
2011-06-23 01:09:00,1.43054,1.43073,1.43045,1.43067,802699966.4306641
2011-06-23 01:10:00,1.43067,1.4308,1.43056,1.43058,1353000030.5175781
2011-06-23 01:11:00,1.43055,1.43079,1.4305,1.43077,714599990.8447266
2011-06-23 01:12:00,1.43079,1.43089,1.43071,1.43089,831399993.8964844
2011-06-23 01:13:00,1.43088,1.43109,1.43088,1.43102,1173000030.5175781
2011-06-23 01:14:00,1.43102,1.43103,1.4308,1.4308,1041399993.8964844
2011-06-23 01:15:00,1.4308,1.43128,1.4308,1.43096,1378300018.3105469
2011-06-23 01:16:00,1.43092,1.43098,1.43041,1.43044,1526300048.828125
2011-06-23 01:17:00,1.43045,1.43057,1.43042,1.43047,1132500000.0
2011-06-23 01:18:00,1.43044,1.43044,1.42961,1.42964,1966799926.7578125
2011-06-23 01:19:00,1.42963,1.43039,1.42963,1.43033,1610000000.0
2011-06-23 01:20:00,1.43032,1.43032,1.42963,1.42971,2015299987.7929688
2011-06-23 01:21:00,1.42969,1.42971,1.4294,1.42949,1437299957.2753906
2011-06-23 01:22:00,1.42949,1.42972,1.42934,1.42972,1547799987.7929688
2011-06-23 01:23:00,1.42974,1.4301,1.42969,1.43006,1833300018.3105469
2011-06-23 01:24:00,1.43007,1.43029,1.43007,1.43022,801299972.5341797
2011-06-23 01:25:00,1.43028,1.43068,1.43012,1.43014,2427400054.9316406
2011-06-23 01:26:00,1.43017,1.43023,1.43009,1.43017,1247399978.6376953
2011-06-23 01:27:00,1.43017,1.43035,1.43003,1.43035,933399963.3789062
2011-06-23 01:28:00,1.43034,1.43045,1.43024,1.43028,916399993.8964844
2011-06-23 01:29:00,1.43028,1.43051,1.43028,1.43046,666399993.8964844
2011-06-23 01:30:00,1.43045,1.43049,1.43015,1.43017,1023300018.3105469
2011-06-23 01:31:00,1.43017,1.43061,1.43017,1.43051,1503000030.5175781
2011-06-23 01:32:00,1.43053,1.43057,1.43046,1.43056,1055100021.3623047
2011-06-23 01:33:00,1.43055,1.43071,1.43055,1.43067,836600036.6210938
2011-06-23 01:34:00,1.43068,1.43072,1.43037,1.4304,909800033.5693359
2011-06-23 01:35:00,1.43041,1.43042,1.43035,1.43038,371500015.25878906
2011-06-23 01:36:00,1.43035,1.43038,1.43032,1.43032,154600000.38146973
2011-06-23 01:37:00,1.43032,1.43032,1.43017,1.43026,848700027.4658203
2011-06-23 01:38:00,1.43027,1.43033,1.43005,1.4302,765699996.9482422
2011-06-23 01:39:00,1.4302,1.4302,1.42999,1.43001,770100021.3623047
2011-06-23 01:40:00,1.43002,1.43007,1.42995,1.42998,593300018.3105469
2011-06-23 01:41:00,1.42995,1.42995,1.42963,1.42976,1772400054.9316406
2011-06-23 01:42:00,1.42976,1.42979,1.42947,1.42962,1128300018.3105469
2011-06-23 01:43:00,1.4296,1.42972,1.42953,1.42961,1104800033.569336
2011-06-23 01:44:00,1.42958,1.42968,1.42944,1.42953,950400009.1552734
2011-06-23 01:45:00,1.42953,1.42953,1.42896,1.42904,2533600006.1035156
2011-06-23 01:46:00,1.429,1.4293,1.42891,1.42894,1205500030.5175781
2011-06-23 01:47:00,1.42895,1.42914,1.42889,1.42913,1035500030.5175781
2011-06-23 01:48:00,1.42912,1.42938,1.42912,1.42919,1133300018.3105469
2011-06-23 01:49:00,1.4292,1.42932,1.42905,1.42905,1635700073.2421875
2011-06-23 01:50:00,1.42904,1.42904,1.42862,1.42872,1683699951.171875
2011-06-23 01:51:00,1.42872,1.42882,1.42864,1.42881,1146600036.6210938
2011-06-23 01:52:00,1.42882,1.42926,1.42875,1.42915,1452200012.2070312
2011-06-23 01:53:00,1.42915,1.42932,1.42904,1.42925,1439199981.6894531
2011-06-23 01:54:00,1.42925,1.42934,1.4292,1.42926,1134000015.258789
2011-06-23 01:55:00,1.42933,1.42941,1.42933,1.42935,551500015.2587891
2011-06-23 01:56:00,1.42934,1.42941,1.42932,1.42937,741100006.1035156
2011-06-23 01:57:00,1.42938,1.42987,1.42935,1.42985,1700700073.2421875
2011-06-23 01:58:00,1.42986,1.42998,1.42984,1.42984,817200012.2070312
2011-06-23 01:59:00,1.4299,1.43009,1.42985,1.42997,2008800048.828125
2011-06-23 02:00:00,1.42995,1.42998,1.42972,1.42972,843099975.5859375
2011-06-23 02:01:00,1.42972,1.42972,1.42923,1.42963,1370800018.3105469
2011-06-23 02:02:00,1.42967,1.42974,1.42953,1.42965,1340899963.3789062
2011-06-23 02:03:00,1.42965,1.42991,1.42964,1.42986,901100006.1035156
2011-06-23 02:04:00,1.42985,1.4304,1.42983,1.43032,1174599990.8447266
2011-06-23 02:05:00,1.43032,1.43032,1.42994,1.43025,1854600067.1386719
2011-06-23 02:06:00,1.43025,1.43025,1.4299,1.42996,1059899978.6376953
2011-06-23 02:07:00,1.42996,1.4303,1.42996,1.43025,1192600021.3623047
2011-06-23 02:08:00,1.43025,1.43039,1.4301,1.4303,1248899993.8964844
2011-06-23 02:09:00,1.4303,1.43039,1.43019,1.43039,1111399993.8964844
2011-06-23 02:10:00,1.43039,1.43049,1.43032,1.43049,897799987.7929688
2011-06-23 02:11:00,1.43049,1.43051,1.43041,1.43041,458499984.74121094
2011-06-23 02:12:00,1.43043,1.43059,1.43041,1.43057,632900009.1552734
2011-06-23 02:13:00,1.43056,1.43067,1.43056,1.43061,604700012.2070312
2011-06-23 02:14:00,1.43061,1.43065,1.43045,1.4305,718799972.5341797
2011-06-23 02:15:00,1.43049,1.43061,1.43049,1.43059,350400009.15527344
2011-06-23 02:16:00,1.43059,1.43059,1.43041,1.4305,592700004.5776367
2011-06-23 02:17:00,1.4305,1.4305,1.43035,1.43035,594599990.8447266
2011-06-23 02:18:00,1.43037,1.43044,1.43026,1.43031,557900009.1552734
2011-06-23 02:19:00,1.43029,1.4303,1.42984,1.42986,815599975.5859375
2011-06-23 02:20:00,1.42986,1.43015,1.42985,1.43015,779499969.4824219
2011-06-23 02:21:00,1.43015,1.4304,1.43015,1.4304,843600006.1035156
2011-06-23 02:22:00,1.43039,1.4304,1.43029,1.4304,377900009.15527344
2011-06-23 02:23:00,1.4304,1.4304,1.43035,1.43039,295499992.37060547
2011-06-23 02:24:00,1.43037,1.43037,1.43021,1.43035,357700004.5776367
2011-06-23 02:25:00,1.43033,1.43043,1.43033,1.43039,187900009.15527344
2011-06-23 02:26:00,1.43037,1.43058,1.43035,1.43047,1166500015.258789
2011-06-23 02:27:00,1.43046,1.43062,1.43043,1.43052,1035299987.7929688
2011-06-23 02:28:00,1.43052,1.43059,1.4305,1.43051,723499984.7412109
2011-06-23 02:29:00,1.43051,1.43051,1.43047,1.43049,193899993.89648438
2011-06-23 02:30:00,1.43047,1.43055,1.43031,1.43031,1605500030.5175781
2011-06-23 02:31:00,1.4303,1.4303,1.43019,1.43023,1077799987.7929688
2011-06-23 02:32:00,1.43023,1.43023,1.43004,1.43005,698799972.5341797
2011-06-23 02:33:00,1.43003,1.43003,1.42972,1.42993,1899799957.2753906
2011-06-23 02:34:00,1.42991,1.43031,1.42987,1.43019,1100299987.7929688
2011-06-23 02:35:00,1.43023,1.43059,1.43023,1.43033,1331999969.4824219
2011-06-23 02:36:00,1.43034,1.43045,1.4303,1.43032,820299987.7929688
2011-06-23 02:37:00,1.43033,1.43073,1.4303,1.4306,1414600067.1386719
2011-06-23 02:38:00,1.43059,1.43071,1.43034,1.43041,1044199981.6894531
2011-06-23 02:39:00,1.4304,1.43057,1.4304,1.43048,554399986.2670898
2011-06-23 02:40:00,1.43053,1.43058,1.43035,1.43045,861500015.2587891
2011-06-23 02:41:00,1.43045,1.43045,1.43033,1.43033,587900009.1552734
2011-06-23 02:42:00,1.43036,1.43036,1.43023,1.43024,275000000.0
2011-06-23 02:43:00,1.43025,1.43025,1.43014,1.43019,332099990.84472656
2011-06-23 02:44:00,1.43018,1.43024,1.43018,1.43024,179799995.42236328
2011-06-23 02:45:00,1.43024,1.43026,1.4302,1.43022,210100002.28881836
2011-06-23 02:46:00,1.43022,1.43022,1.43002,1.43003,540600013.7329102
2011-06-23 02:47:00,1.43003,1.43026,1.43,1.43017,977500000.0
2011-06-23 02:48:00,1.43017,1.43033,1.43009,1.4301,905800018.3105469
2011-06-23 02:49:00,1.4301,1.43026,1.4301,1.43013,687500000.0
2011-06-23 02:50:00,1.43011,1.43022,1.43011,1.43012,379000015.25878906
2011-06-23 02:51:00,1.43013,1.43038,1.43013,1.43032,782399978.6376953
2011-06-23 02:52:00,1.4303,1.43036,1.43011,1.43034,755299987.7929688
2011-06-23 02:53:00,1.43037,1.4305,1.43036,1.43044,892300033.5693359
2011-06-23 02:54:00,1.43044,1.43048,1.43042,1.43047,230000000.0
2011-06-23 02:55:00,1.43046,1.4305,1.43046,1.4305,116300001.14440918
2011-06-23 02:56:00,1.43055,1.43077,1.43055,1.43077,751699981.6894531
2011-06-23 02:57:00,1.43079,1.43111,1.43079,1.43107,1980399932.8613281
2011-06-23 02:58:00,1.43107,1.43107,1.43102,1.43106,1153700027.4658203
2011-06-23 02:59:00,1.43106,1.4311,1.43104,1.43104,1308699951.171875
2011-06-23 03:00:00,1.43106,1.43109,1.43106,1.43109,376599998.4741211
2011-06-23 03:01:00,1.43109,1.43112,1.43106,1.43107,792699966.4306641
2011-06-23 03:02:00,1.43106,1.43106,1.43091,1.43098,1402799987.7929688
2011-06-23 03:03:00,1.43098,1.43108,1.43096,1.43105,664800033.5693359
2011-06-23 03:04:00,1.43105,1.4312,1.43105,1.43116,516599998.4741211
2011-06-23 03:05:00,1.43114,1.43114,1.4309,1.43096,798899993.8964844
2011-06-23 03:06:00,1.43096,1.43103,1.43096,1.43103,435900001.5258789
2011-06-23 03:07:00,1.43102,1.43113,1.43097,1.43108,462799987.79296875
2011-06-23 03:08:00,1.43109,1.4311,1.43091,1.43091,403699989.31884766
2011-06-23 03:09:00,1.43091,1.431,1.43081,1.43097,1157500000.0
2011-06-23 03:10:00,1.43098,1.43098,1.43098,1.43098,146300001.14440918
2011-06-23 03:11:00,1.43098,1.43115,1.43098,1.43106,1159599990.8447266
2011-06-23 03:12:00,1.43106,1.43123,1.43106,1.4311,1180400009.1552734
2011-06-23 03:13:00,1.43106,1.43109,1.43088,1.43091,1903200073.2421875
2011-06-23 03:14:00,1.43089,1.43101,1.4308,1.43094,1421199951.171875
2011-06-23 03:15:00,1.43094,1.43117,1.43088,1.43112,1190500030.5175781
2011-06-23 03:16:00,1.43111,1.43121,1.43109,1.43119,629700012.2070312
2011-06-23 03:17:00,1.43122,1.43122,1.43116,1.4312,361599998.4741211
2011-06-23 03:18:00,1.43122,1.43125,1.43109,1.43122,765899963.3789062
2011-06-23 03:19:00,1.43123,1.43126,1.43119,1.43125,302999992.37060547
2011-06-23 03:20:00,1.43127,1.4313,1.43119,1.43119,623600006.1035156
2011-06-23 03:21:00,1.43116,1.43121,1.43113,1.43114,368699989.31884766
2011-06-23 03:22:00,1.43112,1.43112,1.43099,1.43102,485200004.5776367
2011-06-23 03:23:00,1.43104,1.43105,1.43089,1.43089,1291900024.4140625
2011-06-23 03:24:00,1.43089,1.43107,1.43089,1.43104,449399986.26708984
2011-06-23 03:25:00,1.43104,1.43116,1.43089,1.43097,1016999969.4824219
2011-06-23 03:26:00,1.43093,1.43112,1.43089,1.43092,967300033.5693359
2011-06-23 03:27:00,1.43094,1.43096,1.43084,1.43096,156999998.09265137
2011-06-23 03:28:00,1.43095,1.43111,1.4309,1.43094,610200004.5776367
2011-06-23 03:29:00,1.43094,1.43114,1.43094,1.43105,642399978.6376953
2011-06-23 03:30:00,1.43105,1.43115,1.43086,1.43095,1028700027.4658203
2011-06-23 03:31:00,1.43095,1.43096,1.4308,1.43084,849400024.4140625
2011-06-23 03:32:00,1.43084,1.43084,1.4306,1.4307,732600021.3623047
2011-06-23 03:33:00,1.4307,1.4307,1.43045,1.43045,703600006.1035156
2011-06-23 03:34:00,1.43047,1.43058,1.43044,1.43058,746200027.4658203
2011-06-23 03:35:00,1.43059,1.43059,1.43047,1.43048,543199996.9482422
2011-06-23 03:36:00,1.43049,1.43049,1.43009,1.43009,612999992.3706055
2011-06-23 03:37:00,1.43011,1.43035,1.43009,1.43025,1199199981.6894531
2011-06-23 03:38:00,1.43026,1.43056,1.43026,1.43056,1008099975.5859375
2011-06-23 03:39:00,1.43057,1.43076,1.4304,1.43042,1192799987.7929688
2011-06-23 03:40:00,1.43043,1.43069,1.43043,1.43069,897900009.1552734
2011-06-23 03:41:00,1.4307,1.43088,1.4307,1.43088,570200004.5776367
2011-06-23 03:42:00,1.43088,1.43106,1.43088,1.43101,906399993.8964844
2011-06-23 03:43:00,1.43101,1.43101,1.43089,1.43095,396199989.31884766
2011-06-23 03:44:00,1.43095,1.43111,1.43088,1.43111,607200012.2070312
2011-06-23 03:45:00,1.43112,1.43112,1.43085,1.43088,743700027.4658203
2011-06-23 03:46:00,1.4309,1.4309,1.43087,1.43088,150299997.3297119
2011-06-23 03:47:00,1.4309,1.4309,1.43088,1.43088,172999992.37060547
2011-06-23 03:48:00,1.43088,1.43096,1.4307,1.43073,1081200027.4658203
2011-06-23 03:49:00,1.43074,1.43082,1.43067,1.43082,461100006.1035156
2011-06-23 03:50:00,1.43084,1.43084,1.43062,1.43063,627999992.3706055
2011-06-23 03:51:00,1.43062,1.43062,1.43042,1.43046,1158799972.5341797
2011-06-23 03:52:00,1.43047,1.43054,1.43017,1.43034,1014199981.6894531
2011-06-23 03:53:00,1.43034,1.43037,1.43012,1.43012,831900024.4140625
2011-06-23 03:54:00,1.43011,1.43023,1.42991,1.43014,1202699966.430664
2011-06-23 03:55:00,1.43015,1.43016,1.42996,1.43007,1115400009.1552734
2011-06-23 03:56:00,1.43007,1.43045,1.43007,1.43041,886699981.6894531
2011-06-23 03:57:00,1.43041,1.43041,1.43022,1.43032,571599998.4741211
2011-06-23 03:58:00,1.43032,1.43033,1.43025,1.43032,436199989.31884766
2011-06-23 03:59:00,1.43033,1.43033,1.43027,1.43027,288600006.1035156
2011-06-23 04:00:00,1.43029,1.43029,1.43026,1.43026,78899998.66485596
2011-06-23 04:01:00,1.43025,1.43025,1.4302,1.43022,355400009.15527344
2011-06-23 04:02:00,1.43029,1.43059,1.43029,1.43055,826200027.4658203
2011-06-23 04:03:00,1.43054,1.43054,1.43043,1.43046,257800006.86645508
2011-06-23 04:04:00,1.43046,1.43047,1.43044,1.43045,190799999.23706055
2011-06-23 04:05:00,1.43044,1.43053,1.43044,1.43053,218700008.39233398
2011-06-23 04:06:00,1.43052,1.43052,1.43031,1.43036,337299995.4223633
2011-06-23 04:07:00,1.43034,1.43044,1.43033,1.43041,521699981.6894531
2011-06-23 04:08:00,1.43041,1.43046,1.43041,1.43045,412200012.20703125
2011-06-23 04:09:00,1.43047,1.43084,1.43047,1.43075,869499969.4824219
2011-06-23 04:10:00,1.4307,1.43074,1.43055,1.43068,1212099990.8447266
2011-06-23 04:11:00,1.43069,1.4307,1.4306,1.43064,219400005.34057617
2011-06-23 04:12:00,1.43064,1.4307,1.43053,1.43059,1023300018.3105469
2011-06-23 04:13:00,1.43059,1.43068,1.43059,1.43067,274200000.76293945
2011-06-23 04:14:00,1.43067,1.43068,1.43049,1.4305,609099998.4741211
2011-06-23 04:15:00,1.4305,1.43052,1.43045,1.43045,249500007.62939453
2011-06-23 04:16:00,1.43046,1.43053,1.43045,1.43045,212000007.62939453
2011-06-23 04:17:00,1.43044,1.43044,1.43043,1.43043,124099998.4741211
2011-06-23 04:18:00,1.43043,1.43045,1.43028,1.43035,592299995.4223633
2011-06-23 04:19:00,1.43039,1.43039,1.43027,1.43029,560699996.9482422
2011-06-23 04:20:00,1.43031,1.43036,1.43031,1.43036,381500015.25878906
2011-06-23 04:21:00,1.43036,1.43058,1.43034,1.43058,900699996.9482422
2011-06-23 04:22:00,1.43061,1.43063,1.43042,1.43048,899499969.4824219
2011-06-23 04:23:00,1.43048,1.43048,1.43034,1.43045,576100006.1035156
2011-06-23 04:24:00,1.43042,1.43044,1.43041,1.43041,230100002.28881836
2011-06-23 04:25:00,1.43043,1.43058,1.43043,1.43058,424500007.62939453
2011-06-23 04:26:00,1.43065,1.43075,1.43064,1.43074,345499992.37060547
2011-06-23 04:27:00,1.43075,1.43083,1.43064,1.43083,437700004.5776367
2011-06-23 04:28:00,1.43082,1.43102,1.43081,1.43093,1165000000.0
2011-06-23 04:29:00,1.43094,1.43103,1.43094,1.43098,342999992.37060547
2011-06-23 04:30:00,1.43098,1.431,1.43083,1.43083,588699989.3188477
2011-06-23 04:31:00,1.43083,1.43092,1.43081,1.43088,507700004.5776367
2011-06-23 04:32:00,1.43088,1.43098,1.43082,1.43093,1328000030.5175781
2011-06-23 04:33:00,1.43096,1.43102,1.43083,1.43094,641299972.5341797
2011-06-23 04:34:00,1.43094,1.431,1.43082,1.43091,624099998.4741211
2011-06-23 04:35:00,1.43096,1.43112,1.43091,1.4311,580400009.1552734
2011-06-23 04:36:00,1.4311,1.43113,1.4311,1.43113,90200004.57763672
2011-06-23 04:37:00,1.43113,1.43113,1.43092,1.43094,445900001.5258789
2011-06-23 04:38:00,1.43092,1.431,1.43091,1.43094,420299987.79296875
2011-06-23 04:39:00,1.43094,1.43095,1.43093,1.43094,267000007.62939453
2011-06-23 04:40:00,1.43094,1.43099,1.43075,1.43075,871200027.4658203
2011-06-23 04:41:00,1.43076,1.43079,1.43075,1.43075,387900009.15527344
2011-06-23 04:42:00,1.43075,1.43076,1.43075,1.43076,48800001.14440918
2011-06-23 04:43:00,1.43076,1.43077,1.43062,1.43066,267199993.13354492
2011-06-23 04:44:00,1.43066,1.4307,1.43049,1.43061,664800033.5693359
2011-06-23 04:45:00,1.43058,1.4306,1.43045,1.43049,609799995.4223633
2011-06-23 04:46:00,1.43046,1.43049,1.43038,1.43043,444300003.0517578
2011-06-23 04:47:00,1.43043,1.43047,1.43034,1.43047,823099975.5859375
2011-06-23 04:48:00,1.43047,1.43063,1.43046,1.4305,768099975.5859375
2011-06-23 04:49:00,1.43049,1.43058,1.43045,1.43046,535800018.3105469
2011-06-23 04:50:00,1.43046,1.4307,1.43046,1.43065,504500007.62939453
2011-06-23 04:51:00,1.43065,1.4307,1.43048,1.43063,744100036.6210938
2011-06-23 04:52:00,1.43063,1.43073,1.43063,1.43069,284099998.4741211
2011-06-23 04:53:00,1.43067,1.43079,1.43066,1.43066,511199989.31884766
2011-06-23 04:54:00,1.43064,1.43074,1.43045,1.4305,850500030.5175781
2011-06-23 04:55:00,1.43049,1.43055,1.43045,1.43046,277999992.37060547
2011-06-23 04:56:00,1.43047,1.43051,1.43047,1.43047,115799999.23706055
2011-06-23 04:57:00,1.43049,1.4307,1.43049,1.43057,872699966.4306641
2011-06-23 04:58:00,1.43057,1.43063,1.43052,1.43056,600099983.215332
2011-06-23 04:59:00,1.43056,1.43057,1.43031,1.43031,793799972.5341797
2011-06-23 05:00:00,1.43031,1.43047,1.43031,1.43047,358800010.68115234
2011-06-23 05:01:00,1.43049,1.43077,1.43048,1.43075,585999984.7412109
2011-06-23 05:02:00,1.43074,1.43095,1.43074,1.43095,493899993.8964844
2011-06-23 05:03:00,1.43098,1.43118,1.43096,1.43107,1313000030.5175781
2011-06-23 05:04:00,1.43106,1.43118,1.43102,1.43104,666800003.0517578
2011-06-23 05:05:00,1.43103,1.43103,1.43075,1.43084,753199996.9482422
2011-06-23 05:06:00,1.43083,1.43092,1.43082,1.4309,442200012.20703125
2011-06-23 05:07:00,1.43088,1.43088,1.43073,1.43073,206000003.81469727
2011-06-23 05:08:00,1.43073,1.43088,1.43073,1.43088,327999992.37060547
2011-06-23 05:09:00,1.43089,1.43101,1.43089,1.43101,253899993.89648438
2011-06-23 05:10:00,1.43101,1.43101,1.43098,1.43098,349599990.84472656
2011-06-23 05:11:00,1.43098,1.43107,1.43098,1.43101,468199996.9482422
2011-06-23 05:12:00,1.43102,1.43106,1.431,1.43102,324399986.26708984
2011-06-23 05:13:00,1.43102,1.43107,1.4309,1.4309,367500000.0
2011-06-23 05:14:00,1.43089,1.43095,1.43056,1.43057,678700027.4658203
2011-06-23 05:15:00,1.43056,1.43074,1.43051,1.43058,1333999938.9648438
2011-06-23 05:16:00,1.43056,1.43076,1.43056,1.4307,719499969.4824219
2011-06-23 05:17:00,1.43071,1.43073,1.43064,1.43064,416100006.1035156
2011-06-23 05:18:00,1.43064,1.43066,1.43062,1.43062,278299999.23706055
2011-06-23 05:19:00,1.43062,1.4307,1.4306,1.4307,344300003.0517578
2011-06-23 05:20:00,1.43073,1.43089,1.43068,1.43076,722600021.3623047
2011-06-23 05:21:00,1.43073,1.43084,1.43072,1.43076,428699989.31884766
2011-06-23 05:22:00,1.43075,1.43092,1.43075,1.43081,454700012.20703125
2011-06-23 05:23:00,1.43081,1.4309,1.43077,1.43084,946100006.1035156
2011-06-23 05:24:00,1.43082,1.43085,1.43081,1.43084,921900024.4140625
2011-06-23 05:25:00,1.43084,1.43089,1.43081,1.43085,210200004.57763672
2011-06-23 05:26:00,1.43087,1.43101,1.43079,1.43083,907900009.1552734
2011-06-23 05:27:00,1.43082,1.43082,1.43066,1.43067,871900024.4140625
2011-06-23 05:28:00,1.4307,1.43081,1.43062,1.43069,902799987.7929688
2011-06-23 05:29:00,1.4307,1.43075,1.4307,1.43074,432999992.37060547
2011-06-23 05:30:00,1.43074,1.43074,1.43051,1.43056,731500015.2587891
2011-06-23 05:31:00,1.43057,1.43057,1.43003,1.43003,1242399978.6376953
2011-06-23 05:32:00,1.43002,1.43004,1.42969,1.43004,1140699996.9482422
2011-06-23 05:33:00,1.43004,1.43004,1.42961,1.42961,1339400024.4140625
2011-06-23 05:34:00,1.42961,1.42961,1.42918,1.4294,1276800003.0517578
2011-06-23 05:35:00,1.42937,1.42959,1.42937,1.42945,1621100006.1035156
2011-06-23 05:36:00,1.42945,1.4297,1.42941,1.4296,1476300048.828125
2011-06-23 05:37:00,1.42959,1.42961,1.42946,1.42959,895699996.9482422
2011-06-23 05:38:00,1.42954,1.42961,1.42943,1.42956,858199996.9482422
2011-06-23 05:39:00,1.42956,1.42956,1.42937,1.42938,584199981.6894531
2011-06-23 05:40:00,1.42939,1.42939,1.42874,1.42881,1885399932.8613281
2011-06-23 05:41:00,1.42881,1.429,1.42881,1.42893,975500030.5175781
2011-06-23 05:42:00,1.42895,1.42912,1.42891,1.42905,1122300033.569336
2011-06-23 05:43:00,1.42907,1.42928,1.42905,1.4292,1045800018.3105469
2011-06-23 05:44:00,1.42921,1.42921,1.42911,1.42919,675800018.3105469
2011-06-23 05:45:00,1.42919,1.42929,1.4291,1.42927,910100021.3623047
2011-06-23 05:46:00,1.42927,1.42971,1.42926,1.42971,1147099990.8447266
2011-06-23 05:47:00,1.42974,1.42982,1.42964,1.42967,711900024.4140625
2011-06-23 05:48:00,1.42967,1.42973,1.42962,1.42972,550999984.7412109
2011-06-23 05:49:00,1.42972,1.42973,1.42951,1.42951,1068300018.3105469
2011-06-23 05:50:00,1.42951,1.42963,1.42942,1.42962,783399963.3789062
2011-06-23 05:51:00,1.42962,1.42976,1.42961,1.4297,859499969.4824219
2011-06-23 05:52:00,1.42973,1.43007,1.42966,1.42991,1482799987.7929688
2011-06-23 05:53:00,1.4299,1.42994,1.42972,1.4298,764700012.2070312
2011-06-23 05:54:00,1.4298,1.42983,1.42955,1.4296,885800018.3105469
2011-06-23 05:55:00,1.42961,1.42961,1.42921,1.42921,1288200073.2421875
2011-06-23 05:56:00,1.42919,1.42941,1.42902,1.42941,1612100067.1386719
2011-06-23 05:57:00,1.42941,1.42966,1.4294,1.42965,1179400024.4140625
2011-06-23 05:58:00,1.42964,1.42969,1.4296,1.42968,653099975.5859375
2011-06-23 05:59:00,1.42968,1.42973,1.42964,1.42971,580699996.9482422
2011-06-23 06:00:00,1.4297,1.42973,1.42943,1.42948,1301499938.9648438
2011-06-23 06:01:00,1.42948,1.42964,1.42931,1.42942,1412700042.7246094
2011-06-23 06:02:00,1.42942,1.42943,1.42886,1.42887,1927299957.2753906
2011-06-23 06:03:00,1.42886,1.4289,1.4287,1.42876,1495200042.7246094
2011-06-23 06:04:00,1.42876,1.42883,1.42849,1.42852,1837599945.0683594
2011-06-23 06:05:00,1.42847,1.42855,1.42835,1.42855,2643800048.828125
2011-06-23 06:06:00,1.42855,1.42875,1.42839,1.42875,1896900024.4140625
2011-06-23 06:07:00,1.42877,1.42906,1.42857,1.42896,2025000000.0
2011-06-23 06:08:00,1.42896,1.42949,1.42889,1.42945,1716399993.8964844
2011-06-23 06:09:00,1.42949,1.42959,1.42929,1.42935,1846499938.9648438
2011-06-23 06:10:00,1.42933,1.42933,1.42906,1.42912,1006699981.6894531
2011-06-23 06:11:00,1.42909,1.42935,1.42881,1.42932,2186399993.8964844
2011-06-23 06:12:00,1.42932,1.42956,1.42924,1.42951,2008699951.171875
2011-06-23 06:13:00,1.42946,1.42951,1.4291,1.42913,1610299987.7929688
2011-06-23 06:14:00,1.42915,1.42939,1.42904,1.42905,1520700073.2421875
2011-06-23 06:15:00,1.42905,1.42935,1.42905,1.4292,1717299957.2753906
2011-06-23 06:16:00,1.42921,1.4293,1.42913,1.42917,1299600067.1386719
2011-06-23 06:17:00,1.42919,1.42935,1.42914,1.42926,2126799926.7578125
2011-06-23 06:18:00,1.42926,1.42936,1.42919,1.42919,841299972.5341797
2011-06-23 06:19:00,1.42919,1.42927,1.42865,1.42869,2357100067.138672
2011-06-23 06:20:00,1.42871,1.4288,1.42855,1.42857,1961900024.4140625
2011-06-23 06:21:00,1.42854,1.42862,1.4284,1.42852,1352700042.7246094
2011-06-23 06:22:00,1.42852,1.42886,1.42852,1.42878,1176200027.4658203
2011-06-23 06:23:00,1.42878,1.42892,1.4287,1.4289,966600036.6210938
2011-06-23 06:24:00,1.4289,1.42933,1.4289,1.42916,2011000061.0351562
2011-06-23 06:25:00,1.42916,1.42916,1.42885,1.42904,1821900024.4140625
2011-06-23 06:26:00,1.4291,1.42939,1.42902,1.42938,1813399963.3789062
2011-06-23 06:27:00,1.42939,1.42943,1.42931,1.42933,1642599945.0683594
2011-06-23 06:28:00,1.42932,1.42952,1.42911,1.42952,1645500030.5175781
2011-06-23 06:29:00,1.42952,1.42966,1.42947,1.42952,1614299926.7578125
2011-06-23 06:30:00,1.42953,1.42955,1.42914,1.42935,2236900024.4140625
2011-06-23 06:31:00,1.42937,1.42972,1.42937,1.42971,1676999969.4824219
2011-06-23 06:32:00,1.42971,1.43006,1.42971,1.43005,2697200012.2070312
2011-06-23 06:33:00,1.43005,1.43014,1.42987,1.43011,1885299987.7929688
2011-06-23 06:34:00,1.43011,1.43045,1.43009,1.4302,2739400024.4140625
2011-06-23 06:35:00,1.4302,1.43046,1.43005,1.43042,2085599975.5859375
2011-06-23 06:36:00,1.43043,1.43062,1.43041,1.43054,2307500000.0
2011-06-23 06:37:00,1.43054,1.43081,1.43051,1.43061,2326000061.0351562
2011-06-23 06:38:00,1.43057,1.43072,1.43054,1.43057,1703500061.0351562
2011-06-23 06:39:00,1.43056,1.43065,1.43052,1.43061,1216399993.8964844
2011-06-23 06:40:00,1.43063,1.43078,1.43052,1.43068,1502700042.7246094
2011-06-23 06:41:00,1.43067,1.43067,1.43031,1.43037,1288300018.3105469
2011-06-23 06:42:00,1.43037,1.43043,1.43009,1.4301,2007700042.7246094
2011-06-23 06:43:00,1.4301,1.43018,1.42987,1.43,1819100036.6210938
2011-06-23 06:44:00,1.43001,1.43013,1.43001,1.43012,712900009.1552734
2011-06-23 06:45:00,1.43012,1.43032,1.43012,1.43021,806900024.4140625
2011-06-23 06:46:00,1.43022,1.43023,1.43011,1.43015,651800003.0517578
2011-06-23 06:47:00,1.43016,1.4302,1.43004,1.4302,1000299987.7929688
2011-06-23 06:48:00,1.43021,1.43029,1.43008,1.43021,1132699966.430664
2011-06-23 06:49:00,1.43021,1.43028,1.43018,1.43018,384900016.78466797
2011-06-23 06:50:00,1.43019,1.43041,1.43019,1.43041,1415800018.3105469
2011-06-23 06:51:00,1.43041,1.43059,1.43039,1.43058,997300033.5693359
2011-06-23 06:52:00,1.43058,1.43062,1.43049,1.43056,1089499969.4824219
2011-06-23 06:53:00,1.43056,1.4307,1.4304,1.43068,1540200042.7246094
2011-06-23 06:54:00,1.43066,1.43111,1.43063,1.43111,1157699966.430664
2011-06-23 06:55:00,1.4311,1.43137,1.43095,1.4313,2820599975.5859375
2011-06-23 06:56:00,1.4313,1.4313,1.43115,1.43121,1679100036.6210938
2011-06-23 06:57:00,1.43123,1.43125,1.43114,1.43119,1085999984.741211
2011-06-23 06:58:00,1.4312,1.4312,1.43043,1.43046,2540299987.7929688
2011-06-23 06:59:00,1.43046,1.43048,1.42973,1.42979,2150200042.7246094
2011-06-23 07:00:00,1.42981,1.42998,1.42962,1.42986,2987399902.34375
2011-06-23 07:01:00,1.42987,1.42987,1.42894,1.42908,2316699981.689453
2011-06-23 07:02:00,1.4291,1.4291,1.4281,1.42827,3066799926.7578125
2011-06-23 07:03:00,1.42827,1.42866,1.4282,1.42855,2809299926.7578125
2011-06-23 07:04:00,1.42855,1.4286,1.42771,1.42779,2793299865.7226562
2011-06-23 07:05:00,1.42779,1.42799,1.42759,1.4276,3176099853.515625
2011-06-23 07:06:00,1.42761,1.42775,1.42745,1.4277,3073399963.3789062
2011-06-23 07:07:00,1.42771,1.42796,1.42765,1.42789,2217899932.861328
2011-06-23 07:08:00,1.42787,1.42788,1.42754,1.42766,3030199890.1367188
2011-06-23 07:09:00,1.42765,1.42765,1.42688,1.4269,3654200134.2773438
2011-06-23 07:10:00,1.4269,1.4269,1.4263,1.42642,3415700073.2421875
2011-06-23 07:11:00,1.42641,1.4268,1.4263,1.42677,2433200073.2421875
2011-06-23 07:12:00,1.42675,1.42687,1.42647,1.42683,3064200134.2773438
2011-06-23 07:13:00,1.42684,1.42697,1.42681,1.42697,2001799926.7578125
2011-06-23 07:14:00,1.42697,1.42699,1.42632,1.42641,3191300048.828125
2011-06-23 07:15:00,1.4264,1.42654,1.42563,1.4257,2724200134.2773438
2011-06-23 07:16:00,1.42568,1.42656,1.42566,1.4265,3550899963.3789062
2011-06-23 07:17:00,1.42651,1.42659,1.42609,1.4262,3086799926.7578125
2011-06-23 07:18:00,1.42621,1.42642,1.4261,1.4264,2258399963.3789062
2011-06-23 07:19:00,1.4264,1.42666,1.42627,1.42664,3058599853.515625
2011-06-23 07:20:00,1.42661,1.42661,1.4262,1.42631,2848800048.828125
2011-06-23 07:21:00,1.42631,1.42681,1.4263,1.42678,2105800018.3105469
2011-06-23 07:22:00,1.42677,1.42681,1.42634,1.42643,2779299926.7578125
2011-06-23 07:23:00,1.42642,1.42645,1.42624,1.42643,2409799957.2753906
2011-06-23 07:24:00,1.42643,1.42647,1.42633,1.42639,1735399932.8613281
2011-06-23 07:25:00,1.42638,1.42641,1.42559,1.42566,3132799987.7929688
2011-06-23 07:26:00,1.42566,1.42581,1.42548,1.42573,2939100036.6210938
2011-06-23 07:27:00,1.42572,1.42582,1.42562,1.42572,2627799987.7929688
2011-06-23 07:28:00,1.42571,1.42571,1.42501,1.42551,4218699951.171875
2011-06-23 07:29:00,1.42551,1.42569,1.42537,1.42561,3681400146.484375
2011-06-23 07:30:00,1.42562,1.42646,1.42559,1.42645,3603399963.3789062
2011-06-23 07:31:00,1.42647,1.42719,1.42635,1.42701,3413800048.828125
2011-06-23 07:32:00,1.42702,1.4272,1.42681,1.42704,2950799865.7226562
2011-06-23 07:33:00,1.42705,1.42735,1.42693,1.42725,2508800048.828125
2011-06-23 07:34:00,1.42725,1.42749,1.42675,1.42679,2222799987.7929688
2011-06-23 07:35:00,1.42677,1.427,1.42669,1.4269,1999799957.2753906
2011-06-23 07:36:00,1.42687,1.42691,1.42657,1.42689,1643099975.5859375
2011-06-23 07:37:00,1.42682,1.42725,1.42673,1.42712,2676300048.828125
2011-06-23 07:38:00,1.42711,1.42719,1.4269,1.42718,2194499969.482422
2011-06-23 07:39:00,1.42719,1.42747,1.4271,1.4274,2667799987.7929688
2011-06-23 07:40:00,1.4274,1.42759,1.42714,1.42721,2258899993.8964844
2011-06-23 07:41:00,1.4272,1.42732,1.42702,1.42708,1875899963.3789062
2011-06-23 07:42:00,1.42711,1.42758,1.42711,1.42733,1744199981.6894531
2011-06-23 07:43:00,1.42735,1.42779,1.42735,1.42776,2598800048.828125
2011-06-23 07:44:00,1.4278,1.42785,1.42767,1.42771,2277700042.7246094
2011-06-23 07:45:00,1.42771,1.42771,1.42742,1.42746,1854400024.4140625
2011-06-23 07:46:00,1.42747,1.42761,1.42741,1.4276,1572200012.2070312
2011-06-23 07:47:00,1.42765,1.42774,1.42617,1.42617,4537799987.792969
2011-06-23 07:48:00,1.42616,1.4267,1.42604,1.42623,3005700073.2421875
2011-06-23 07:49:00,1.42623,1.42681,1.42623,1.42673,1745299987.7929688
2011-06-23 07:50:00,1.42672,1.42685,1.4264,1.42647,1669299926.7578125
2011-06-23 07:51:00,1.42649,1.42677,1.42646,1.42671,1528999938.9648438
2011-06-23 07:52:00,1.42671,1.42689,1.42662,1.42667,1354299926.7578125
2011-06-23 07:53:00,1.42666,1.42716,1.42663,1.42714,2280599975.5859375
2011-06-23 07:54:00,1.42717,1.42762,1.42713,1.4274,2751600036.6210938
2011-06-23 07:55:00,1.4274,1.42773,1.4274,1.4277,1584900054.9316406
2011-06-23 07:56:00,1.4277,1.42773,1.42718,1.42718,1743000030.5175781
2011-06-23 07:57:00,1.42717,1.42717,1.42685,1.42704,1321000061.0351562
2011-06-23 07:58:00,1.42702,1.42702,1.42641,1.42641,2171499938.9648438
2011-06-23 07:59:00,1.42641,1.42651,1.42617,1.42651,2510200042.7246094
2011-06-23 08:00:00,1.42652,1.42666,1.42639,1.4265,2171300048.828125
2011-06-23 08:01:00,1.42649,1.42662,1.42571,1.42571,2587500000.0
2011-06-23 08:02:00,1.42568,1.42631,1.42541,1.42631,2111999969.4824219
2011-06-23 08:03:00,1.4263,1.42641,1.42612,1.42633,1614400024.4140625
2011-06-23 08:04:00,1.42634,1.42671,1.4262,1.42664,1863999938.9648438
2011-06-23 08:05:00,1.42664,1.42669,1.42574,1.42614,2907900085.4492188
2011-06-23 08:06:00,1.42618,1.42664,1.42607,1.42658,2254100036.6210938
2011-06-23 08:07:00,1.42656,1.42656,1.42618,1.42618,1248499984.741211
2011-06-23 08:08:00,1.4262,1.42663,1.42607,1.42632,2202899932.861328
2011-06-23 08:09:00,1.42636,1.42688,1.42632,1.42685,1738399963.3789062
2011-06-23 08:10:00,1.42684,1.42731,1.42684,1.42723,2401100006.1035156
2011-06-23 08:11:00,1.42721,1.42725,1.42715,1.42715,742200012.2070312
2011-06-23 08:12:00,1.4272,1.42747,1.42697,1.42713,2760899963.3789062
2011-06-23 08:13:00,1.42715,1.42717,1.42667,1.42671,2105899963.3789062
2011-06-23 08:14:00,1.4267,1.4267,1.42628,1.42641,2309600067.138672
2011-06-23 08:15:00,1.42643,1.42718,1.42643,1.42713,2595499877.9296875
2011-06-23 08:16:00,1.42717,1.42726,1.42671,1.42719,3146900024.4140625
2011-06-23 08:17:00,1.42718,1.42728,1.42703,1.4272,1552799987.7929688
2011-06-23 08:18:00,1.4272,1.42753,1.4272,1.42737,2683399963.3789062
2011-06-23 08:19:00,1.42738,1.42747,1.42731,1.42743,2187400054.9316406
2011-06-23 08:20:00,1.42743,1.42766,1.42735,1.42738,1997100067.1386719
2011-06-23 08:21:00,1.4274,1.42753,1.42721,1.42747,1688500061.0351562
2011-06-23 08:22:00,1.42747,1.42752,1.42742,1.42743,939700012.2070312
2011-06-23 08:23:00,1.42741,1.42775,1.42741,1.42759,1625299987.7929688
2011-06-23 08:24:00,1.42761,1.42767,1.42739,1.42743,2451300048.828125
2011-06-23 08:25:00,1.42742,1.42753,1.42725,1.42725,1788600006.1035156
2011-06-23 08:26:00,1.42725,1.42725,1.42711,1.42711,2114700012.2070312
2011-06-23 08:27:00,1.42713,1.42718,1.42702,1.42705,1234400024.4140625
2011-06-23 08:28:00,1.42704,1.42722,1.42691,1.42699,1502100067.1386719
2011-06-23 08:29:00,1.42699,1.42755,1.42699,1.42704,1858300018.3105469
2011-06-23 08:30:00,1.42704,1.4271,1.42654,1.4271,3132000122.0703125
2011-06-23 08:31:00,1.42712,1.42715,1.42691,1.42698,2326799926.7578125
2011-06-23 08:32:00,1.42698,1.42709,1.42665,1.42678,1905500030.5175781
2011-06-23 08:33:00,1.42679,1.42691,1.42673,1.42681,1820800018.3105469
2011-06-23 08:34:00,1.42681,1.42717,1.42677,1.42711,2053300018.3105469
2011-06-23 08:35:00,1.42711,1.42723,1.42701,1.42714,2130800018.3105469
2011-06-23 08:36:00,1.42717,1.42726,1.42713,1.42724,620900001.5258789
2011-06-23 08:37:00,1.42731,1.42764,1.42731,1.42756,1352599945.0683594
2011-06-23 08:38:00,1.42757,1.42757,1.42731,1.42732,741600036.6210938
2011-06-23 08:39:00,1.42731,1.42772,1.42731,1.42772,1802899932.8613281
2011-06-23 08:40:00,1.42774,1.42813,1.42774,1.42793,2194900054.9316406
2011-06-23 08:41:00,1.42793,1.42807,1.42783,1.42786,1717799987.7929688
2011-06-23 08:42:00,1.42788,1.42796,1.42762,1.42796,1624600067.1386719
2011-06-23 08:43:00,1.42795,1.42813,1.42792,1.42809,1925399932.8613281
2011-06-23 08:44:00,1.42808,1.42815,1.42773,1.42805,2237100067.138672
2011-06-23 08:45:00,1.42804,1.42818,1.42801,1.42809,1384700012.2070312
2011-06-23 08:46:00,1.4281,1.42811,1.42781,1.42802,1806900024.4140625
2011-06-23 08:47:00,1.428,1.42804,1.42764,1.42791,1476000061.0351562
2011-06-23 08:48:00,1.42792,1.42793,1.4279,1.4279,485499992.37060547
2011-06-23 08:49:00,1.4279,1.4279,1.42732,1.42741,2408899993.8964844
2011-06-23 08:50:00,1.42741,1.42741,1.4272,1.4272,1490899963.3789062
2011-06-23 08:51:00,1.4272,1.42777,1.42714,1.42753,2382599945.0683594
2011-06-23 08:52:00,1.42753,1.42756,1.42713,1.42715,1830899963.3789062
2011-06-23 08:53:00,1.42717,1.4272,1.42672,1.4272,2070899963.3789062
2011-06-23 08:54:00,1.4272,1.42726,1.42712,1.42713,1492599945.0683594
2011-06-23 08:55:00,1.42713,1.42713,1.42676,1.42709,1933699951.171875
2011-06-23 08:56:00,1.42705,1.42718,1.42703,1.42704,1865099945.0683594
2011-06-23 08:57:00,1.42704,1.42741,1.42702,1.42734,2368600006.1035156
2011-06-23 08:58:00,1.42734,1.42766,1.42731,1.42765,2113399963.3789062
2011-06-23 08:59:00,1.42764,1.42796,1.42763,1.42789,2176000061.0351562
2011-06-23 09:00:00,1.42788,1.42788,1.42752,1.42752,2362200012.2070312
2011-06-23 09:01:00,1.42753,1.42795,1.42744,1.42791,2222599945.0683594
2011-06-23 09:02:00,1.42791,1.42816,1.42784,1.42794,1942700042.7246094
2011-06-23 09:03:00,1.42794,1.42794,1.4275,1.42773,1616100006.1035156
2011-06-23 09:04:00,1.42772,1.42779,1.42759,1.42779,1165699996.9482422
2011-06-23 09:05:00,1.42779,1.42779,1.42761,1.42768,1494700012.2070312
2011-06-23 09:06:00,1.42769,1.42792,1.42768,1.42781,1393099975.5859375
2011-06-23 09:07:00,1.4278,1.42781,1.42753,1.42753,1147799987.7929688
2011-06-23 09:08:00,1.42751,1.4277,1.42742,1.42751,2338699951.171875
2011-06-23 09:09:00,1.42752,1.4277,1.42746,1.42765,1068499984.7412109
2011-06-23 09:10:00,1.4276,1.4276,1.42729,1.42732,1700099945.0683594
2011-06-23 09:11:00,1.42732,1.42732,1.42669,1.42686,2558600006.1035156
2011-06-23 09:12:00,1.42693,1.4273,1.42687,1.4272,1985000000.0
2011-06-23 09:13:00,1.4272,1.4273,1.42688,1.42705,1893800048.828125
2011-06-23 09:14:00,1.42705,1.42711,1.42682,1.42691,1865000000.0
2011-06-23 09:15:00,1.42692,1.42702,1.42692,1.42701,803600006.1035156
2011-06-23 09:16:00,1.42701,1.42701,1.4265,1.42655,1787299957.2753906
2011-06-23 09:17:00,1.42654,1.4268,1.42652,1.42659,1650099945.0683594
2011-06-23 09:18:00,1.42659,1.42663,1.42617,1.42621,1733500061.0351562
2011-06-23 09:19:00,1.42621,1.42621,1.4259,1.42611,2046999969.4824219
2011-06-23 09:20:00,1.42612,1.42656,1.42602,1.42647,3090299987.7929688
2011-06-23 09:21:00,1.42652,1.42659,1.42624,1.42645,1347899932.8613281
2011-06-23 09:22:00,1.42645,1.42672,1.42639,1.42659,1365899963.3789062
2011-06-23 09:23:00,1.42653,1.42685,1.42635,1.42635,2386100006.1035156
2011-06-23 09:24:00,1.42633,1.42635,1.42592,1.42592,2245200042.7246094
2011-06-23 09:25:00,1.42591,1.42591,1.42556,1.42587,2600299987.7929688
2011-06-23 09:26:00,1.42587,1.4259,1.42569,1.42583,2178500061.0351562
2011-06-23 09:27:00,1.42583,1.42593,1.42564,1.42567,1709400024.4140625
2011-06-23 09:28:00,1.42564,1.42564,1.42535,1.42541,2443500061.0351562
2011-06-23 09:29:00,1.42541,1.42541,1.42524,1.42529,1766600036.6210938
2011-06-23 09:30:00,1.42529,1.4253,1.425,1.4251,2627200012.2070312
2011-06-23 09:31:00,1.42509,1.42545,1.42509,1.42542,1862299957.2753906
2011-06-23 09:32:00,1.42542,1.42564,1.42541,1.42564,1693300018.3105469
2011-06-23 09:33:00,1.42562,1.42575,1.42535,1.42535,2438899993.8964844
2011-06-23 09:34:00,1.42533,1.42533,1.42453,1.42472,2834700012.2070312
2011-06-23 09:35:00,1.42472,1.42498,1.42455,1.42494,2182700042.7246094
2011-06-23 09:36:00,1.42494,1.42505,1.42486,1.42495,1510899963.3789062
2011-06-23 09:37:00,1.42494,1.42494,1.42421,1.42428,2707600097.65625
2011-06-23 09:38:00,1.42426,1.42435,1.42389,1.42403,2585100097.65625
2011-06-23 09:39:00,1.42404,1.42435,1.42402,1.42435,2374299926.7578125
2011-06-23 09:40:00,1.42433,1.42443,1.42412,1.42429,2442299957.2753906
2011-06-23 09:41:00,1.42429,1.42457,1.42429,1.42434,1753899993.8964844
2011-06-23 09:42:00,1.42435,1.42438,1.4241,1.42416,2013999938.9648438
2011-06-23 09:43:00,1.42418,1.42453,1.4241,1.42447,1958800048.828125
2011-06-23 09:44:00,1.42444,1.42464,1.42417,1.4243,2847600097.65625
2011-06-23 09:45:00,1.42429,1.42447,1.42422,1.42445,2100299987.7929688
2011-06-23 09:46:00,1.42445,1.42474,1.42444,1.42471,2319900054.9316406
2011-06-23 09:47:00,1.42471,1.42471,1.42439,1.42454,2133200073.2421875
2011-06-23 09:48:00,1.42456,1.42459,1.42449,1.42455,1361000061.0351562
2011-06-23 09:49:00,1.42454,1.42471,1.42449,1.42463,1733500061.0351562
2011-06-23 09:50:00,1.42463,1.42481,1.42461,1.42481,1901399993.8964844
2011-06-23 09:51:00,1.42485,1.42515,1.42455,1.42455,2268300018.310547
2011-06-23 09:52:00,1.42454,1.42454,1.42397,1.42421,1812299957.2753906
2011-06-23 09:53:00,1.42421,1.42431,1.42419,1.42429,1043199996.9482422
2011-06-23 09:54:00,1.42429,1.42436,1.42354,1.42355,1890099945.0683594
2011-06-23 09:55:00,1.42355,1.42377,1.42348,1.42372,2616499938.9648438
2011-06-23 09:56:00,1.42373,1.42404,1.42361,1.42385,2521399993.8964844
2011-06-23 09:57:00,1.42385,1.42442,1.42379,1.42438,2078800048.828125
2011-06-23 09:58:00,1.42438,1.42459,1.42432,1.42437,2124100036.6210938
2011-06-23 09:59:00,1.42438,1.42464,1.42437,1.42464,1835299987.7929688
2011-06-23 10:00:00,1.42464,1.42464,1.42402,1.42409,3149899902.34375
2011-06-23 10:01:00,1.42408,1.42441,1.42408,1.42411,2061000061.0351562
2011-06-23 10:02:00,1.42413,1.42431,1.42405,1.42419,1983800048.828125
2011-06-23 10:03:00,1.42418,1.4243,1.42404,1.42408,1849400024.4140625
2011-06-23 10:04:00,1.42408,1.42443,1.42408,1.4244,2000599975.5859375
2011-06-23 10:05:00,1.42441,1.42474,1.42438,1.42473,1653399963.3789062
2011-06-23 10:06:00,1.42474,1.42486,1.42461,1.42461,1641300048.828125
2011-06-23 10:07:00,1.42462,1.42481,1.42461,1.42465,1154599990.8447266
2011-06-23 10:08:00,1.42463,1.42508,1.42452,1.42508,1758099975.5859375
2011-06-23 10:09:00,1.42511,1.42538,1.42507,1.42536,2369299926.7578125
2011-06-23 10:10:00,1.42537,1.42537,1.42499,1.42503,1618099975.5859375
2011-06-23 10:11:00,1.42503,1.42512,1.42492,1.42511,1044000015.2587891
2011-06-23 10:12:00,1.42512,1.42523,1.42507,1.42507,1042099990.8447266
2011-06-23 10:13:00,1.42507,1.42507,1.42469,1.4247,1258700027.4658203
2011-06-23 10:14:00,1.42466,1.42466,1.42448,1.42454,1238399963.3789062
2011-06-23 10:15:00,1.42454,1.42471,1.42452,1.42467,1558300018.3105469
2011-06-23 10:16:00,1.42468,1.42469,1.42418,1.42423,1264100036.6210938
2011-06-23 10:17:00,1.42421,1.42427,1.42398,1.42424,1370000000.0
2011-06-23 10:18:00,1.42424,1.42439,1.42422,1.42431,1091399993.8964844
2011-06-23 10:19:00,1.42431,1.4244,1.42414,1.42414,1111900024.4140625
2011-06-23 10:20:00,1.42412,1.42426,1.42403,1.42421,1583999938.9648438
2011-06-23 10:21:00,1.42421,1.42439,1.42387,1.42387,1649700012.2070312
2011-06-23 10:22:00,1.42383,1.42383,1.42322,1.42323,2797500000.0
2011-06-23 10:23:00,1.42322,1.42328,1.42282,1.42288,3600499877.9296875
2011-06-23 10:24:00,1.42289,1.42321,1.42286,1.42306,3093099975.5859375
2011-06-23 10:25:00,1.42306,1.42309,1.42277,1.42296,2181199951.171875
2011-06-23 10:26:00,1.42293,1.4231,1.42278,1.4231,2397799987.7929688
2011-06-23 10:27:00,1.42314,1.4233,1.42309,1.42317,1672500000.0
2011-06-23 10:28:00,1.42311,1.42332,1.42295,1.42303,1989900054.9316406
2011-06-23 10:29:00,1.42302,1.42302,1.42281,1.42285,1532599945.0683594
2011-06-23 10:30:00,1.42285,1.4229,1.4226,1.4229,2662600097.65625
2011-06-23 10:31:00,1.4229,1.42317,1.4229,1.42309,1549299926.7578125
2011-06-23 10:32:00,1.42309,1.42333,1.42299,1.42322,2396499938.9648438
2011-06-23 10:33:00,1.42324,1.42324,1.42302,1.42309,1536999969.4824219
2011-06-23 10:34:00,1.42309,1.42319,1.42293,1.42306,2078600006.1035156
2011-06-23 10:35:00,1.42308,1.42328,1.42298,1.42324,1300899963.3789062
2011-06-23 10:36:00,1.4232,1.42333,1.42316,1.42329,1288899993.8964844
2011-06-23 10:37:00,1.42331,1.42331,1.42308,1.42308,1148300018.3105469
2011-06-23 10:38:00,1.42308,1.42308,1.4224,1.42246,2024299926.7578125
2011-06-23 10:39:00,1.42245,1.42259,1.42229,1.42229,2358600006.1035156
2011-06-23 10:40:00,1.4223,1.42237,1.4222,1.42235,1648300018.3105469
2011-06-23 10:41:00,1.42235,1.42244,1.4221,1.4221,1471100006.1035156
2011-06-23 10:42:00,1.42214,1.42241,1.42212,1.42221,1530800018.3105469
2011-06-23 10:43:00,1.4222,1.42254,1.4222,1.42243,2065500030.5175781
2011-06-23 10:44:00,1.42243,1.42257,1.42242,1.42252,1460800018.3105469
2011-06-23 10:45:00,1.42252,1.42252,1.42209,1.42224,2523699951.171875
2011-06-23 10:46:00,1.42224,1.42229,1.42207,1.42211,2611600036.6210938
2011-06-23 10:47:00,1.42212,1.42221,1.42212,1.42219,1424499969.4824219
2011-06-23 10:48:00,1.4222,1.42221,1.42192,1.42192,2129600067.1386719
2011-06-23 10:49:00,1.42194,1.42208,1.42183,1.42202,2004400024.4140625
2011-06-23 10:50:00,1.422,1.4223,1.42199,1.42201,2156600036.6210938
2011-06-23 10:51:00,1.42203,1.42219,1.42203,1.42216,2012299957.2753906
2011-06-23 10:52:00,1.42215,1.42219,1.42182,1.42183,2055000000.0
2011-06-23 10:53:00,1.42184,1.42201,1.42183,1.42188,1772400054.9316406
2011-06-23 10:54:00,1.42188,1.42208,1.42184,1.42201,1228399963.3789062
2011-06-23 10:55:00,1.42206,1.42221,1.42198,1.42217,2389799957.2753906
2011-06-23 10:56:00,1.42217,1.42221,1.42198,1.42218,1796100006.1035156
2011-06-23 10:57:00,1.42218,1.42221,1.4221,1.42212,1683600006.1035156
2011-06-23 10:58:00,1.4221,1.42227,1.42207,1.42227,1344299926.7578125
2011-06-23 10:59:00,1.42227,1.42248,1.42218,1.4222,2937500000.0
2011-06-23 11:00:00,1.4222,1.4222,1.42187,1.42187,2228200073.2421875
2011-06-23 11:01:00,1.42189,1.42191,1.4216,1.42161,2114400024.4140625
2011-06-23 11:02:00,1.42161,1.42175,1.4213,1.42138,2299100036.6210938
2011-06-23 11:03:00,1.42135,1.42165,1.42112,1.42145,3032500000.0
2011-06-23 11:04:00,1.42145,1.42178,1.42145,1.42169,2109400024.4140625
2011-06-23 11:05:00,1.4217,1.42178,1.42161,1.42175,1533500061.0351562
2011-06-23 11:06:00,1.42177,1.42178,1.42135,1.42148,2443999938.9648438
2011-06-23 11:07:00,1.42147,1.42159,1.42129,1.42138,1920800018.3105469
2011-06-23 11:08:00,1.42139,1.4216,1.42118,1.4215,2127799987.7929688
2011-06-23 11:09:00,1.42154,1.42166,1.42142,1.42149,2064900054.9316406
2011-06-23 11:10:00,1.42148,1.42201,1.42146,1.42201,2881199951.171875
2011-06-23 11:11:00,1.42201,1.42223,1.422,1.42222,969100036.6210938
2011-06-23 11:12:00,1.42221,1.42235,1.42213,1.42213,1544600067.1386719
2011-06-23 11:13:00,1.42213,1.42269,1.42213,1.42267,2146300048.828125
2011-06-23 11:14:00,1.42268,1.42279,1.42256,1.42269,1560800018.3105469
2011-06-23 11:15:00,1.42268,1.42283,1.42259,1.42269,2905100097.65625
2011-06-23 11:16:00,1.42268,1.42308,1.42268,1.42304,2605400085.4492188
2011-06-23 11:17:00,1.42306,1.42308,1.42278,1.42278,1494400024.4140625
2011-06-23 11:18:00,1.42278,1.42289,1.42248,1.42271,2028600006.1035156
2011-06-23 11:19:00,1.42271,1.4228,1.42239,1.42251,1733500061.0351562
2011-06-23 11:20:00,1.42252,1.42278,1.42247,1.42249,1563600006.1035156
2011-06-23 11:21:00,1.42249,1.42277,1.42249,1.42277,1662299957.2753906
2011-06-23 11:22:00,1.42275,1.42287,1.42265,1.42265,2491699981.689453
2011-06-23 11:23:00,1.42266,1.42274,1.42257,1.4226,1793699951.171875
2011-06-23 11:24:00,1.42262,1.42267,1.42249,1.42249,1410899963.3789062
2011-06-23 11:25:00,1.42257,1.42285,1.42254,1.42285,785599975.5859375
2011-06-23 11:26:00,1.42286,1.42308,1.4228,1.42291,1956399993.8964844
2011-06-23 11:27:00,1.42291,1.42297,1.42246,1.42248,1860299987.7929688
2011-06-23 11:28:00,1.42248,1.42249,1.42233,1.4224,2036199951.171875
2011-06-23 11:29:00,1.42239,1.42239,1.42183,1.42199,2902200012.2070312
2011-06-23 11:30:00,1.42197,1.4221,1.42182,1.42189,2472200012.2070312
2011-06-23 11:31:00,1.42189,1.42222,1.42181,1.4222,2083699951.171875
2011-06-23 11:32:00,1.4222,1.4226,1.4222,1.42259,2125800018.3105469
2011-06-23 11:33:00,1.42259,1.42259,1.42236,1.42247,1688200073.2421875
2011-06-23 11:34:00,1.42249,1.4228,1.42237,1.42237,1273199996.9482422
2011-06-23 11:35:00,1.42235,1.42238,1.422,1.42209,1982799987.7929688
2011-06-23 11:36:00,1.42209,1.42258,1.42209,1.42236,1766499938.9648438
2011-06-23 11:37:00,1.42237,1.42272,1.42237,1.42257,1754600067.1386719
2011-06-23 11:38:00,1.42257,1.4227,1.42246,1.42269,1446499938.9648438
2011-06-23 11:39:00,1.42267,1.42291,1.42267,1.4229,2914599914.5507812
2011-06-23 11:40:00,1.42289,1.42303,1.42288,1.42302,1035000000.0
2011-06-23 11:41:00,1.42301,1.42301,1.4228,1.42288,1541399993.8964844
2011-06-23 11:42:00,1.42289,1.42342,1.42289,1.42328,1743000030.5175781
2011-06-23 11:43:00,1.42331,1.42352,1.42319,1.42328,1745599975.5859375
2011-06-23 11:44:00,1.42328,1.42339,1.42319,1.42327,1593500061.0351562
2011-06-23 11:45:00,1.42328,1.42345,1.42321,1.42321,1772400054.9316406
2011-06-23 11:46:00,1.42323,1.42331,1.42306,1.42309,1065100021.3623047
2011-06-23 11:47:00,1.42308,1.4231,1.42298,1.42304,1640200042.7246094
2011-06-23 11:48:00,1.42304,1.42306,1.42239,1.4225,1693899993.8964844
2011-06-23 11:49:00,1.42251,1.42279,1.42251,1.42265,1452100067.1386719
2011-06-23 11:50:00,1.42264,1.42277,1.42259,1.42263,1148399963.3789062
2011-06-23 11:51:00,1.42264,1.42269,1.42251,1.42263,2212500000.0
2011-06-23 11:52:00,1.42263,1.42277,1.42254,1.42262,2392899932.861328
2011-06-23 11:53:00,1.4226,1.42276,1.42255,1.42265,1802799987.7929688
2011-06-23 11:54:00,1.42265,1.42294,1.42261,1.42294,1170599975.5859375
2011-06-23 11:55:00,1.42298,1.42311,1.42284,1.42284,2000700073.2421875
2011-06-23 11:56:00,1.42284,1.42313,1.4227,1.42305,2027299957.2753906
2011-06-23 11:57:00,1.42305,1.42313,1.42278,1.42278,1853099975.5859375
2011-06-23 11:58:00,1.42278,1.4228,1.42241,1.42256,1914600067.1386719
2011-06-23 11:59:00,1.42256,1.42265,1.42221,1.42229,1864100036.6210938
2011-06-23 12:00:00,1.42231,1.4224,1.42209,1.42213,2369299926.7578125
2011-06-23 12:01:00,1.42211,1.4222,1.42194,1.42205,2316399993.8964844
2011-06-23 12:02:00,1.42206,1.42229,1.42196,1.42229,1725599975.5859375
2011-06-23 12:03:00,1.42229,1.42239,1.4222,1.42223,2050000000.0
2011-06-23 12:04:00,1.42223,1.42223,1.42183,1.422,2738800048.828125
2011-06-23 12:05:00,1.422,1.422,1.42175,1.4218,2111000061.0351562
2011-06-23 12:06:00,1.4218,1.422,1.4217,1.42173,2621300048.828125
2011-06-23 12:07:00,1.42174,1.42185,1.4214,1.42153,2372599945.0683594
2011-06-23 12:08:00,1.42154,1.42203,1.42154,1.42201,1539100036.6210938
2011-06-23 12:09:00,1.42201,1.42217,1.42186,1.42186,1527200012.2070312
2011-06-23 12:10:00,1.42185,1.42185,1.42138,1.42157,2640299987.7929688
2011-06-23 12:11:00,1.42157,1.42166,1.42145,1.42157,1760200042.7246094
2011-06-23 12:12:00,1.4216,1.42176,1.42124,1.42125,2202200012.2070312
2011-06-23 12:13:00,1.42125,1.42126,1.421,1.42111,1524100036.6210938
2011-06-23 12:14:00,1.42111,1.42121,1.42091,1.42115,2882500000.0
2011-06-23 12:15:00,1.42113,1.42135,1.42112,1.42129,2118899993.8964844
2011-06-23 12:16:00,1.4213,1.42133,1.421,1.42112,2243300018.310547
2011-06-23 12:17:00,1.42112,1.42112,1.42077,1.42085,2138200073.2421875
2011-06-23 12:18:00,1.42088,1.42104,1.42076,1.42085,1336999969.4824219
2011-06-23 12:19:00,1.42086,1.42094,1.42015,1.42028,2470599975.5859375
2011-06-23 12:20:00,1.42031,1.4204,1.42005,1.42031,3655499877.9296875
2011-06-23 12:21:00,1.42033,1.42042,1.42015,1.42036,3738299865.7226562
2011-06-23 12:22:00,1.42036,1.42036,1.41998,1.42001,2443999938.9648438
2011-06-23 12:23:00,1.42002,1.42019,1.41971,1.41978,2945199890.1367188
2011-06-23 12:24:00,1.41975,1.41975,1.41925,1.41944,3263299865.7226562
2011-06-23 12:25:00,1.41945,1.41945,1.4187,1.41878,3733299865.7226562
2011-06-23 12:26:00,1.41876,1.41921,1.41868,1.4191,2867200012.2070312
2011-06-23 12:27:00,1.41908,1.4196,1.41901,1.41954,3055000000.0
2011-06-23 12:28:00,1.41956,1.41958,1.41935,1.41941,1595800018.3105469
2011-06-23 12:29:00,1.4194,1.41959,1.41871,1.41875,3605299987.7929688
2011-06-23 12:30:00,1.41872,1.41912,1.41837,1.41912,3806799926.7578125
2011-06-23 12:31:00,1.41915,1.42021,1.41915,1.41997,3475100097.65625
2011-06-23 12:32:00,1.41997,1.42002,1.41931,1.41934,3526400146.484375
2011-06-23 12:33:00,1.41935,1.41935,1.41869,1.41875,3902600097.65625
2011-06-23 12:34:00,1.41875,1.41957,1.41866,1.41955,3382200012.2070312
2011-06-23 12:35:00,1.41948,1.41967,1.41927,1.41935,3032900085.4492188
2011-06-23 12:36:00,1.41936,1.41961,1.41929,1.41929,2785499877.9296875
2011-06-23 12:37:00,1.41928,1.41928,1.41757,1.41761,4131300048.828125
2011-06-23 12:38:00,1.41759,1.41759,1.4164,1.417,4291199951.171875
2011-06-23 12:39:00,1.41697,1.41718,1.41694,1.41714,2536799926.7578125
2011-06-23 12:40:00,1.41716,1.41727,1.41603,1.41614,4314899902.34375
2011-06-23 12:41:00,1.41611,1.41643,1.41606,1.41636,2930599975.5859375
2011-06-23 12:42:00,1.41636,1.41677,1.41636,1.41641,2840799865.7226562
2011-06-23 12:43:00,1.41641,1.41671,1.41627,1.41656,2666400146.484375
2011-06-23 12:44:00,1.41654,1.41667,1.41547,1.41562,3317999877.9296875
2011-06-23 12:45:00,1.41564,1.41599,1.41562,1.41599,3782099914.5507812
2011-06-23 12:46:00,1.41599,1.41636,1.41599,1.4163,2556999969.482422
2011-06-23 12:47:00,1.41631,1.41642,1.41549,1.41561,3448399963.3789062
2011-06-23 12:48:00,1.41561,1.41581,1.41533,1.41576,3142000122.0703125
2011-06-23 12:49:00,1.41575,1.41616,1.4156,1.41573,3151499938.9648438
2011-06-23 12:50:00,1.41576,1.41589,1.41549,1.41572,3125700073.2421875
2011-06-23 12:51:00,1.41576,1.41579,1.41531,1.41559,3913399963.3789062
2011-06-23 12:52:00,1.41557,1.41622,1.41557,1.41613,3242399902.34375
2011-06-23 12:53:00,1.41615,1.41631,1.416,1.4161,3086900024.4140625
2011-06-23 12:54:00,1.41612,1.41642,1.41602,1.41641,2419799957.2753906
2011-06-23 12:55:00,1.41641,1.41665,1.41622,1.41665,2380800018.310547
2011-06-23 12:56:00,1.41665,1.41671,1.41648,1.41668,3007699890.1367188
2011-06-23 12:57:00,1.41668,1.4167,1.41642,1.41668,2515000000.0
2011-06-23 12:58:00,1.41668,1.41684,1.41652,1.41679,1890599975.5859375
2011-06-23 12:59:00,1.41679,1.41705,1.41677,1.41701,2085200042.7246094
2011-06-23 13:00:00,1.41703,1.41706,1.41669,1.4168,2600199890.1367188
2011-06-23 13:01:00,1.41679,1.41679,1.41623,1.41652,2587200012.2070312
2011-06-23 13:02:00,1.41651,1.41653,1.41595,1.41625,1878999938.9648438
2011-06-23 13:03:00,1.4163,1.41646,1.41607,1.41646,1952700042.7246094
2011-06-23 13:04:00,1.41647,1.4165,1.41631,1.41645,1575800018.3105469
2011-06-23 13:05:00,1.41648,1.41673,1.41645,1.41668,1239499969.4824219
2011-06-23 13:06:00,1.41665,1.41673,1.41642,1.41668,1311900024.4140625
2011-06-23 13:07:00,1.41667,1.417,1.41586,1.41592,3409899902.34375
2011-06-23 13:08:00,1.41587,1.41705,1.41571,1.41693,3553299865.7226562
2011-06-23 13:09:00,1.41692,1.41763,1.41692,1.41763,4381600036.621094
2011-06-23 13:10:00,1.41762,1.41828,1.41736,1.41819,4132500000.0
2011-06-23 13:11:00,1.41819,1.41819,1.41792,1.41792,2033000030.5175781
2011-06-23 13:12:00,1.41792,1.41793,1.41745,1.41752,2874500122.0703125
2011-06-23 13:13:00,1.41751,1.41812,1.41748,1.41811,2692200012.2070312
2011-06-23 13:14:00,1.41807,1.4183,1.41779,1.4183,3477200012.2070312
2011-06-23 13:15:00,1.41831,1.41831,1.41785,1.41789,2571400146.484375
2011-06-23 13:16:00,1.41789,1.418,1.41739,1.41758,2841099853.515625
2011-06-23 13:17:00,1.41758,1.41758,1.41699,1.41719,2121199951.171875
2011-06-23 13:18:00,1.4172,1.41775,1.4172,1.41773,2411600036.6210938
2011-06-23 13:19:00,1.41774,1.41781,1.41735,1.41745,3612900085.4492188
2011-06-23 13:20:00,1.41745,1.41774,1.41732,1.41774,2541799926.7578125
2011-06-23 13:21:00,1.41775,1.41803,1.41758,1.41766,1880700073.2421875
2011-06-23 13:22:00,1.41767,1.41773,1.41701,1.4171,2131399993.8964844
2011-06-23 13:23:00,1.4171,1.41732,1.41668,1.4167,2277899932.861328
2011-06-23 13:24:00,1.41671,1.41683,1.41661,1.41681,2078399963.3789062
2011-06-23 13:25:00,1.41681,1.41721,1.41681,1.41721,1570099945.0683594
2011-06-23 13:26:00,1.4172,1.41722,1.417,1.41711,1144700012.2070312
2011-06-23 13:27:00,1.41714,1.41714,1.4166,1.41662,1582100067.1386719
2011-06-23 13:28:00,1.41661,1.41702,1.4166,1.41696,1628999938.9648438
2011-06-23 13:29:00,1.41696,1.41718,1.41677,1.41718,2418500061.0351562
2011-06-23 13:30:00,1.41719,1.41725,1.41681,1.417,2223200073.2421875
2011-06-23 13:31:00,1.41698,1.41718,1.41651,1.41654,2799599914.5507812
2011-06-23 13:32:00,1.41654,1.41693,1.41654,1.41675,2323500061.0351562
2011-06-23 13:33:00,1.41675,1.41675,1.41644,1.41666,1940500030.5175781
2011-06-23 13:34:00,1.41669,1.41696,1.41667,1.41676,2191699981.689453
2011-06-23 13:35:00,1.41675,1.41724,1.41662,1.41699,2731099853.515625
2011-06-23 13:36:00,1.41698,1.41743,1.41688,1.41722,3017999877.9296875
2011-06-23 13:37:00,1.41722,1.41754,1.41722,1.41735,2926600036.6210938
2011-06-23 13:38:00,1.41736,1.41736,1.41699,1.41714,2737399902.34375
2011-06-23 13:39:00,1.41713,1.41739,1.41679,1.41738,3316199951.171875
2011-06-23 13:40:00,1.41738,1.41773,1.41733,1.41772,2700000000.0
2011-06-23 13:41:00,1.41774,1.41787,1.41722,1.41733,3058399963.3789062
2011-06-23 13:42:00,1.41733,1.41733,1.41675,1.41679,2766799926.7578125
2011-06-23 13:43:00,1.41679,1.41684,1.41652,1.41657,2445200042.7246094
2011-06-23 13:44:00,1.41659,1.41659,1.41607,1.41613,2948299865.7226562
2011-06-23 13:45:00,1.41614,1.41671,1.41604,1.41666,2309600067.138672
2011-06-23 13:46:00,1.41666,1.41667,1.41584,1.41593,2375000000.0
2011-06-23 13:47:00,1.41594,1.41599,1.41539,1.41548,2913900146.484375
2011-06-23 13:48:00,1.41546,1.41568,1.41537,1.41541,2545099945.0683594
2011-06-23 13:49:00,1.41541,1.41583,1.41532,1.41581,2443999938.9648438
2011-06-23 13:50:00,1.41581,1.41581,1.41545,1.41564,2775899963.3789062
2011-06-23 13:51:00,1.41564,1.41568,1.41486,1.41527,3195700073.2421875
2011-06-23 13:52:00,1.41526,1.41526,1.41431,1.41431,4621000061.035156
2011-06-23 13:53:00,1.4143,1.41453,1.41408,1.41408,3187200012.2070312
2011-06-23 13:54:00,1.41406,1.41406,1.41337,1.41351,3653099975.5859375
2011-06-23 13:55:00,1.4135,1.41421,1.41319,1.41421,2978800048.828125
2011-06-23 13:56:00,1.41428,1.41431,1.41374,1.41387,3442099914.5507812
2011-06-23 13:57:00,1.41385,1.41457,1.4138,1.41457,2220099945.0683594
2011-06-23 13:58:00,1.41456,1.41483,1.41445,1.41476,2349100036.6210938
2011-06-23 13:59:00,1.41476,1.41497,1.41468,1.41494,3223200073.2421875
2011-06-23 14:00:00,1.41487,1.41522,1.41465,1.4149,2867999877.9296875
2011-06-23 14:01:00,1.41489,1.41511,1.41449,1.41453,2500000000.0
2011-06-23 14:02:00,1.41457,1.41505,1.41452,1.41498,2526999969.482422
2011-06-23 14:03:00,1.41496,1.41562,1.41484,1.41562,3525299987.7929688
2011-06-23 14:04:00,1.41568,1.4161,1.41534,1.41604,2898900146.484375
2011-06-23 14:05:00,1.41605,1.41605,1.41545,1.41571,2972799987.7929688
2011-06-23 14:06:00,1.41572,1.41593,1.41546,1.41576,2428800048.828125
2011-06-23 14:07:00,1.41577,1.41577,1.4152,1.41542,2815499877.9296875
2011-06-23 14:08:00,1.41542,1.41615,1.41537,1.41599,3311300048.828125
2011-06-23 14:09:00,1.41596,1.41655,1.41591,1.41629,2609500122.0703125
2011-06-23 14:10:00,1.4163,1.41659,1.41609,1.4163,3094299926.7578125
2011-06-23 14:11:00,1.41631,1.41669,1.41631,1.4165,2257599945.0683594
2011-06-23 14:12:00,1.41649,1.4168,1.41625,1.41626,2200399932.861328
2011-06-23 14:13:00,1.41626,1.41647,1.41601,1.41623,2599500122.0703125
2011-06-23 14:14:00,1.41623,1.41624,1.41576,1.41579,3002500000.0
2011-06-23 14:15:00,1.41576,1.416,1.41557,1.41593,2951799926.7578125
2011-06-23 14:16:00,1.41591,1.41591,1.41554,1.41566,1885899963.3789062
2011-06-23 14:17:00,1.41568,1.4157,1.4149,1.41502,3169299926.7578125
2011-06-23 14:18:00,1.41501,1.41549,1.4149,1.41546,2950400085.4492188
2011-06-23 14:19:00,1.41546,1.41558,1.41527,1.41554,2525700073.2421875
2011-06-23 14:20:00,1.41554,1.41605,1.41554,1.41554,2496100006.1035156
2011-06-23 14:21:00,1.41555,1.41555,1.41485,1.41485,3387900085.4492188
2011-06-23 14:22:00,1.41485,1.41485,1.41424,1.41446,2440800018.310547
2011-06-23 14:23:00,1.41447,1.41523,1.41447,1.41523,2480099945.0683594
2011-06-23 14:24:00,1.41523,1.41539,1.41467,1.41478,2725700073.2421875
2011-06-23 14:25:00,1.41479,1.41479,1.41429,1.41449,2829500122.0703125
2011-06-23 14:26:00,1.41452,1.41495,1.41445,1.41478,2960899963.3789062
2011-06-23 14:27:00,1.41477,1.41514,1.41475,1.4148,2408500061.0351562
2011-06-23 14:28:00,1.4148,1.41531,1.41465,1.41528,2336399993.8964844
2011-06-23 14:29:00,1.41527,1.41531,1.41517,1.41522,1919900054.9316406
2011-06-23 14:30:00,1.41522,1.41522,1.41479,1.41486,2405099945.0683594
2011-06-23 14:31:00,1.41484,1.41484,1.41439,1.41456,3242900085.4492188
2011-06-23 14:32:00,1.41456,1.41496,1.41446,1.41457,2832000122.0703125
2011-06-23 14:33:00,1.41457,1.41457,1.41408,1.41427,3311499938.9648438
2011-06-23 14:34:00,1.41426,1.41426,1.41366,1.41407,3887099914.5507812
2011-06-23 14:35:00,1.41407,1.41431,1.41389,1.4143,3141400146.484375
2011-06-23 14:36:00,1.41429,1.41492,1.41427,1.41474,3021300048.828125
2011-06-23 14:37:00,1.41475,1.41475,1.4143,1.41447,2480200042.7246094
2011-06-23 14:38:00,1.4145,1.41468,1.41429,1.41459,3196199951.171875
2011-06-23 14:39:00,1.41466,1.4153,1.41466,1.41511,2532100067.138672
2011-06-23 14:40:00,1.41511,1.41559,1.41509,1.41521,3133299865.7226562
2011-06-23 14:41:00,1.41522,1.41539,1.41479,1.41526,2682300109.8632812
2011-06-23 14:42:00,1.41529,1.41548,1.41465,1.41497,2356000061.0351562
2011-06-23 14:43:00,1.41498,1.41511,1.4143,1.41474,3295199890.1367188
2011-06-23 14:44:00,1.41474,1.41527,1.41471,1.41482,3210700073.2421875
2011-06-23 14:45:00,1.41482,1.41483,1.41334,1.41343,3164200134.2773438
2011-06-23 14:46:00,1.41343,1.4135,1.41291,1.4135,4139899902.34375
2011-06-23 14:47:00,1.41355,1.41361,1.41308,1.41308,3044100036.6210938
2011-06-23 14:48:00,1.41302,1.4137,1.41268,1.4137,4140799865.7226562
2011-06-23 14:49:00,1.41369,1.41381,1.41318,1.41356,3044299926.7578125
2011-06-23 14:50:00,1.41356,1.4136,1.41286,1.4131,3664800109.8632812
2011-06-23 14:51:00,1.41309,1.4137,1.41285,1.41353,3986499938.9648438
2011-06-23 14:52:00,1.41355,1.41391,1.41351,1.41391,2840799865.7226562
2011-06-23 14:53:00,1.41399,1.41467,1.41399,1.41439,2920199890.1367188
2011-06-23 14:54:00,1.41441,1.41466,1.4141,1.41459,2496399993.8964844
2011-06-23 14:55:00,1.4146,1.41471,1.41441,1.41441,1808500061.0351562
2011-06-23 14:56:00,1.41441,1.41469,1.41437,1.41468,2966700134.2773438
2011-06-23 14:57:00,1.41467,1.41529,1.41461,1.41508,2546100006.1035156
2011-06-23 14:58:00,1.41506,1.41537,1.41497,1.41509,2605199890.1367188
2011-06-23 14:59:00,1.41508,1.41526,1.4146,1.41467,2793299865.7226562
2011-06-23 15:00:00,1.41467,1.41499,1.4146,1.41499,2767900085.4492188
2011-06-23 15:01:00,1.41498,1.41521,1.41483,1.41491,2849200134.2773438
2011-06-23 15:02:00,1.41491,1.41508,1.41454,1.41468,2579599914.5507812
2011-06-23 15:03:00,1.41469,1.41487,1.41439,1.41444,2384700012.2070312
2011-06-23 15:04:00,1.41446,1.41449,1.41415,1.41426,2817699890.1367188
2011-06-23 15:05:00,1.41428,1.41468,1.41419,1.4144,2363899993.8964844
2011-06-23 15:06:00,1.4144,1.41487,1.41438,1.41485,2002899932.8613281
2011-06-23 15:07:00,1.41486,1.41489,1.41469,1.4147,1729900054.9316406
2011-06-23 15:08:00,1.41472,1.41493,1.41471,1.41482,1620299987.7929688
2011-06-23 15:09:00,1.41482,1.41515,1.4147,1.41515,2066900024.4140625
2011-06-23 15:10:00,1.4152,1.41523,1.41487,1.41498,1661000061.0351562
2011-06-23 15:11:00,1.41498,1.41511,1.41466,1.41466,2536199951.171875
2011-06-23 15:12:00,1.41466,1.41475,1.41438,1.41452,2923800048.828125
2011-06-23 15:13:00,1.41454,1.41454,1.41387,1.41411,3187999877.9296875
2011-06-23 15:14:00,1.4141,1.4141,1.4135,1.41367,2780700073.2421875
2011-06-23 15:15:00,1.41367,1.41384,1.41336,1.41367,2587500000.0
2011-06-23 15:16:00,1.41367,1.41421,1.41367,1.41407,2349700012.2070312
2011-06-23 15:17:00,1.41404,1.41429,1.41384,1.41399,2219499969.482422
2011-06-23 15:18:00,1.414,1.41429,1.41397,1.41415,2411600036.6210938
2011-06-23 15:19:00,1.41411,1.41435,1.41395,1.41435,2147599945.0683594
2011-06-23 15:20:00,1.41433,1.41439,1.41403,1.41407,1837200012.2070312
2011-06-23 15:21:00,1.41409,1.41425,1.41398,1.41421,1714799957.2753906
2011-06-23 15:22:00,1.41421,1.41428,1.41416,1.41419,1175199966.430664
2011-06-23 15:23:00,1.41419,1.41457,1.41417,1.41457,1452100067.1386719
2011-06-23 15:24:00,1.41457,1.41461,1.41415,1.41437,2630799865.7226562
2011-06-23 15:25:00,1.41433,1.41449,1.41409,1.41439,2848500061.0351562
2011-06-23 15:26:00,1.41443,1.41458,1.41443,1.41456,1473300018.3105469
2011-06-23 15:27:00,1.41457,1.41459,1.41432,1.41448,1737899932.8613281
2011-06-23 15:28:00,1.41447,1.41488,1.41447,1.41482,1930099945.0683594
2011-06-23 15:29:00,1.41482,1.41515,1.41478,1.41494,2512100067.138672
2011-06-23 15:30:00,1.41496,1.4152,1.41487,1.41507,2798299865.7226562
2011-06-23 15:31:00,1.41508,1.41568,1.41508,1.41555,2705299987.7929688
2011-06-23 15:32:00,1.41558,1.41605,1.41558,1.4157,2688699951.171875
2011-06-23 15:33:00,1.4157,1.41587,1.41566,1.41575,1716499938.9648438
2011-06-23 15:34:00,1.41576,1.41613,1.41574,1.41589,2110399932.8613281
2011-06-23 15:35:00,1.41589,1.41633,1.41589,1.41626,1977200012.2070312
2011-06-23 15:36:00,1.41628,1.41639,1.41597,1.41615,2460599975.5859375
2011-06-23 15:37:00,1.41616,1.41667,1.41616,1.41664,2157200012.2070312
2011-06-23 15:38:00,1.41665,1.4167,1.41616,1.41617,2260399932.861328
2011-06-23 15:39:00,1.41618,1.41643,1.41606,1.41625,2329499969.482422
2011-06-23 15:40:00,1.41626,1.41654,1.41626,1.41637,2313500061.0351562
2011-06-23 15:41:00,1.4164,1.41667,1.41636,1.41637,2018600006.1035156
2011-06-23 15:42:00,1.41638,1.41647,1.41598,1.41598,2153699951.171875
2011-06-23 15:43:00,1.41597,1.41657,1.41589,1.41641,2397599945.0683594
2011-06-23 15:44:00,1.41639,1.41699,1.41625,1.41699,2650799865.7226562
2011-06-23 15:45:00,1.41699,1.41707,1.4166,1.4166,2421999969.482422
2011-06-23 15:46:00,1.41654,1.41697,1.41654,1.41664,2429700012.2070312
2011-06-23 15:47:00,1.41663,1.41667,1.41617,1.41633,2313200073.2421875
2011-06-23 15:48:00,1.41634,1.41656,1.41634,1.41646,1094300003.0517578
2011-06-23 15:49:00,1.41643,1.41643,1.4161,1.41633,1346399993.8964844
2011-06-23 15:50:00,1.41631,1.41683,1.41631,1.41674,2481300048.828125
2011-06-23 15:51:00,1.41672,1.41676,1.41653,1.41676,2119299926.7578125
2011-06-23 15:52:00,1.41675,1.41675,1.41645,1.41645,1599199981.6894531
2011-06-23 15:53:00,1.41644,1.41656,1.4164,1.41642,1337700042.7246094
2011-06-23 15:54:00,1.41642,1.41645,1.41607,1.41611,2128200073.2421875
2011-06-23 15:55:00,1.41608,1.41625,1.41593,1.41602,2638500061.0351562
2011-06-23 15:56:00,1.41602,1.41637,1.41602,1.4161,1482500000.0
2011-06-23 15:57:00,1.41611,1.41626,1.416,1.41621,1851199951.171875
2011-06-23 15:58:00,1.41621,1.41631,1.41609,1.41625,1336499938.9648438
2011-06-23 15:59:00,1.41625,1.41661,1.41625,1.41652,1981999969.4824219
2011-06-23 16:00:00,1.41651,1.4169,1.41651,1.41684,1708800048.828125
2011-06-23 16:01:00,1.41683,1.41731,1.41683,1.41731,2193800048.828125
2011-06-23 16:02:00,1.41732,1.41736,1.417,1.41707,2411499938.9648438
2011-06-23 16:03:00,1.41706,1.41753,1.41706,1.41747,1596300048.828125
2011-06-23 16:04:00,1.41748,1.41789,1.41748,1.41784,2529199981.689453
2011-06-23 16:05:00,1.41784,1.41786,1.41753,1.4177,1865700073.2421875
2011-06-23 16:06:00,1.41769,1.41789,1.41761,1.41768,1705399932.8613281
2011-06-23 16:07:00,1.41771,1.41772,1.41745,1.41748,1780899963.3789062
2011-06-23 16:08:00,1.41746,1.4175,1.41716,1.41732,2024100036.6210938
2011-06-23 16:09:00,1.41733,1.41746,1.41709,1.41713,1470099945.0683594
2011-06-23 16:10:00,1.41714,1.41733,1.41709,1.41725,882500000.0
2011-06-23 16:11:00,1.41724,1.41746,1.4172,1.41746,1363000030.5175781
2011-06-23 16:12:00,1.41747,1.41756,1.41721,1.41752,1739799957.2753906
2011-06-23 16:13:00,1.41749,1.4175,1.41714,1.41715,1854199981.6894531
2011-06-23 16:14:00,1.41714,1.41717,1.41685,1.41694,1343399963.3789062
2011-06-23 16:15:00,1.41694,1.41697,1.41674,1.41677,2046499938.9648438
2011-06-23 16:16:00,1.41678,1.41706,1.41673,1.41706,1774600067.1386719
2011-06-23 16:17:00,1.41705,1.41714,1.41694,1.41694,1391399993.8964844
2011-06-23 16:18:00,1.41695,1.41709,1.41662,1.41709,1875800018.3105469
2011-06-23 16:19:00,1.41716,1.41721,1.41684,1.41688,2006600036.6210938
2011-06-23 16:20:00,1.41688,1.41703,1.41682,1.41698,2048999938.9648438
2011-06-23 16:21:00,1.41696,1.41699,1.41677,1.41697,1816100006.1035156
2011-06-23 16:22:00,1.41695,1.41697,1.41656,1.41681,2345500030.517578
2011-06-23 16:23:00,1.41682,1.41719,1.41682,1.41712,2508800048.828125
2011-06-23 16:24:00,1.41709,1.4171,1.41663,1.41663,2592200012.2070312
2011-06-23 16:25:00,1.41663,1.41667,1.4163,1.41645,1803399963.3789062
2011-06-23 16:26:00,1.41645,1.4165,1.4163,1.41637,1743699951.171875
2011-06-23 16:27:00,1.41636,1.41636,1.41594,1.41605,1909600067.1386719
2011-06-23 16:28:00,1.41605,1.41637,1.41605,1.41637,1781999969.4824219
2011-06-23 16:29:00,1.41638,1.41666,1.41623,1.41666,2019700012.2070312
2011-06-23 16:30:00,1.41666,1.41666,1.41655,1.41657,1712899932.8613281
2011-06-23 16:31:00,1.41657,1.41678,1.41639,1.41673,1686900024.4140625
2011-06-23 16:32:00,1.41673,1.41683,1.41657,1.41677,1156100006.1035156
2011-06-23 16:33:00,1.41679,1.4173,1.41679,1.41729,1199199981.6894531
2011-06-23 16:34:00,1.41729,1.41729,1.41682,1.41684,1381900024.4140625
2011-06-23 16:35:00,1.41685,1.41711,1.41676,1.41676,2516499938.9648438
2011-06-23 16:36:00,1.41674,1.41676,1.41652,1.41664,1617700042.7246094
2011-06-23 16:37:00,1.41664,1.41675,1.41646,1.41661,1509600067.1386719
2011-06-23 16:38:00,1.41661,1.41684,1.41661,1.41683,1098000030.5175781
2011-06-23 16:39:00,1.41685,1.41723,1.41685,1.41704,1801100006.1035156
2011-06-23 16:40:00,1.41704,1.4174,1.41703,1.4174,2000399932.8613281
2011-06-23 16:41:00,1.4174,1.41741,1.41722,1.41723,1372400054.9316406
2011-06-23 16:42:00,1.41724,1.41734,1.417,1.41703,2083800048.828125
2011-06-23 16:43:00,1.41702,1.41769,1.41701,1.41751,1568000030.5175781
2011-06-23 16:44:00,1.41755,1.41755,1.41727,1.41745,1227699966.430664
2011-06-23 16:45:00,1.41743,1.41767,1.41721,1.41753,1862299957.2753906
2011-06-23 16:46:00,1.41757,1.41776,1.41757,1.41763,1830399932.8613281
2011-06-23 16:47:00,1.41764,1.41764,1.41734,1.41751,1993099975.5859375
2011-06-23 16:48:00,1.41752,1.41752,1.41733,1.41736,861500015.2587891
2011-06-23 16:49:00,1.41736,1.41748,1.41716,1.41727,1439499969.4824219
2011-06-23 16:50:00,1.41727,1.41767,1.41724,1.41761,1671699981.6894531
2011-06-23 16:51:00,1.4176,1.41777,1.4176,1.41763,1338899993.8964844
2011-06-23 16:52:00,1.41763,1.41805,1.41762,1.41794,2087700042.7246094
2011-06-23 16:53:00,1.41794,1.41795,1.41782,1.41784,1125699996.9482422
2011-06-23 16:54:00,1.41785,1.41785,1.41762,1.41768,1165800018.3105469
2011-06-23 16:55:00,1.41768,1.41781,1.41764,1.41781,1098199996.9482422
2011-06-23 16:56:00,1.41781,1.41802,1.41781,1.41798,1718899993.8964844
2011-06-23 16:57:00,1.41798,1.41844,1.41798,1.41833,1187300033.569336
2011-06-23 16:58:00,1.41833,1.41833,1.41787,1.41804,2314400024.4140625
2011-06-23 16:59:00,1.41804,1.41889,1.41803,1.41878,2878999938.9648438
2011-06-23 17:00:00,1.41874,1.41874,1.41825,1.41834,2836400146.484375
2011-06-23 17:01:00,1.41835,1.41837,1.41809,1.41825,1657799987.7929688
2011-06-23 17:02:00,1.41825,1.4184,1.4181,1.41836,1221699981.6894531
2011-06-23 17:03:00,1.41838,1.41866,1.41838,1.41861,1223399963.3789062
2011-06-23 17:04:00,1.41861,1.41862,1.4184,1.41852,2071300048.828125
2011-06-23 17:05:00,1.41853,1.41861,1.41842,1.41854,1214100036.6210938
2011-06-23 17:06:00,1.41855,1.41904,1.41855,1.41899,1926000061.0351562
2011-06-23 17:07:00,1.41899,1.41899,1.41867,1.41887,1618200073.2421875
2011-06-23 17:08:00,1.41888,1.41891,1.41858,1.41867,1633999938.9648438
2011-06-23 17:09:00,1.4187,1.41875,1.41853,1.41853,1217799987.7929688
2011-06-23 17:10:00,1.41853,1.41888,1.4185,1.41882,1449900054.9316406
2011-06-23 17:11:00,1.41882,1.41942,1.41881,1.41941,1433000030.5175781
2011-06-23 17:12:00,1.41941,1.41955,1.41923,1.41955,2231999969.482422
2011-06-23 17:13:00,1.41954,1.41972,1.41933,1.41933,2052200012.2070312
2011-06-23 17:14:00,1.41932,1.41932,1.41891,1.41892,1877100067.1386719
2011-06-23 17:15:00,1.41891,1.419,1.41872,1.41898,1941799926.7578125
2011-06-23 17:16:00,1.41898,1.41904,1.41894,1.41895,794499969.4824219
2011-06-23 17:17:00,1.41896,1.41896,1.41869,1.4187,1099199981.6894531
2011-06-23 17:18:00,1.4187,1.41877,1.41861,1.41869,1482599945.0683594
2011-06-23 17:19:00,1.4187,1.4187,1.41845,1.41845,1324900054.9316406
2011-06-23 17:20:00,1.41843,1.41862,1.41843,1.41852,2181699981.689453
2011-06-23 17:21:00,1.41852,1.41863,1.41851,1.41861,1173099975.5859375
2011-06-23 17:22:00,1.41861,1.41866,1.41851,1.41861,1121399993.8964844
2011-06-23 17:23:00,1.4186,1.4186,1.41804,1.41811,1516999969.4824219
2011-06-23 17:24:00,1.41814,1.41816,1.418,1.41801,1119000015.258789
2011-06-23 17:25:00,1.41802,1.41817,1.41802,1.41815,755500030.5175781
2011-06-23 17:26:00,1.41813,1.4186,1.41813,1.41854,1184700012.2070312
2011-06-23 17:27:00,1.41854,1.41882,1.41854,1.41867,926100006.1035156
2011-06-23 17:28:00,1.41861,1.41874,1.41853,1.41853,1409299926.7578125
2011-06-23 17:29:00,1.41853,1.41882,1.41842,1.41876,1700099945.0683594
2011-06-23 17:30:00,1.41877,1.4191,1.41869,1.41869,1674100036.6210938
2011-06-23 17:31:00,1.41869,1.41905,1.41869,1.41905,1294700012.2070312
2011-06-23 17:32:00,1.41905,1.41935,1.41905,1.41928,1328300018.3105469
2011-06-23 17:33:00,1.41932,1.41954,1.41931,1.41934,1595000000.0
2011-06-23 17:34:00,1.41934,1.41955,1.41931,1.41952,2180299987.7929688
2011-06-23 17:35:00,1.41952,1.42011,1.41951,1.41991,2270200042.7246094
2011-06-23 17:36:00,1.41992,1.4201,1.41982,1.41983,2220599975.5859375
2011-06-23 17:37:00,1.41983,1.41985,1.41951,1.41955,1699900054.9316406
2011-06-23 17:38:00,1.41953,1.41956,1.41927,1.41941,1578500061.0351562
2011-06-23 17:39:00,1.41943,1.41943,1.41914,1.41914,1442299957.2753906
2011-06-23 17:40:00,1.41912,1.41921,1.41898,1.41909,1353699951.171875
2011-06-23 17:41:00,1.41906,1.41907,1.41877,1.41895,1257799987.7929688
2011-06-23 17:42:00,1.41892,1.41915,1.41892,1.41913,1322799987.7929688
2011-06-23 17:43:00,1.41914,1.41923,1.41884,1.41884,1624499969.4824219
2011-06-23 17:44:00,1.41883,1.41883,1.41833,1.41833,2650499877.9296875
2011-06-23 17:45:00,1.41833,1.41893,1.41833,1.41891,1140999984.741211
2011-06-23 17:46:00,1.41891,1.41891,1.41875,1.41879,1048300018.3105469
2011-06-23 17:47:00,1.41879,1.41879,1.4185,1.4185,1333099975.5859375
2011-06-23 17:48:00,1.4185,1.41884,1.41849,1.41881,1244800033.569336
2011-06-23 17:49:00,1.41883,1.41891,1.41848,1.41848,979100036.6210938
2011-06-23 17:50:00,1.41848,1.41852,1.41831,1.41837,917500000.0
2011-06-23 17:51:00,1.41837,1.41839,1.41821,1.41832,1332200012.2070312
2011-06-23 17:52:00,1.41831,1.41845,1.41831,1.41834,980100021.3623047
2011-06-23 17:53:00,1.41835,1.41838,1.41796,1.41804,1800299987.7929688
2011-06-23 17:54:00,1.41804,1.41808,1.41779,1.41803,1433699951.171875
2011-06-23 17:55:00,1.418,1.41825,1.41792,1.41825,1539499969.4824219
2011-06-23 17:56:00,1.41825,1.41825,1.41798,1.41816,1823600006.1035156
2011-06-23 17:57:00,1.41817,1.4182,1.41795,1.41799,879000015.2587891
2011-06-23 17:58:00,1.41799,1.41833,1.41799,1.41833,2124799957.2753906
2011-06-23 17:59:00,1.41832,1.41853,1.41823,1.41838,1365899963.3789062
2011-06-23 18:00:00,1.41838,1.41852,1.41825,1.41831,941100006.1035156
2011-06-23 18:01:00,1.41833,1.41848,1.41803,1.41803,1253700027.4658203
2011-06-23 18:02:00,1.41805,1.41811,1.4179,1.41793,1763600006.1035156
2011-06-23 18:03:00,1.41791,1.41791,1.41741,1.41762,2548200073.2421875
2011-06-23 18:04:00,1.41763,1.41774,1.41752,1.41752,1259100036.6210938
2011-06-23 18:05:00,1.41749,1.41769,1.41743,1.41769,2852600097.65625
2011-06-23 18:06:00,1.41769,1.41804,1.41757,1.41798,2185599975.5859375
2011-06-23 18:07:00,1.41798,1.41798,1.41781,1.41783,1055199966.4306641
2011-06-23 18:08:00,1.41784,1.41792,1.41772,1.41782,998300018.3105469
2011-06-23 18:09:00,1.4178,1.41803,1.41772,1.41796,1423800048.828125
2011-06-23 18:10:00,1.41803,1.41825,1.41788,1.41823,904899978.6376953
2011-06-23 18:11:00,1.41823,1.41832,1.41799,1.41811,1435000000.0
2011-06-23 18:12:00,1.41811,1.41817,1.41801,1.41815,800500030.5175781
2011-06-23 18:13:00,1.41813,1.41813,1.41783,1.41785,1531600036.6210938
2011-06-23 18:14:00,1.41786,1.41794,1.41771,1.41785,1543399963.3789062
2011-06-23 18:15:00,1.41786,1.41794,1.41755,1.41764,2159499969.482422
2011-06-23 18:16:00,1.41763,1.41779,1.41755,1.41763,2041900024.4140625
2011-06-23 18:17:00,1.41763,1.41789,1.41762,1.41789,1468800048.828125
2011-06-23 18:18:00,1.41785,1.41793,1.41781,1.41787,996100006.1035156
2011-06-23 18:19:00,1.41788,1.41789,1.41775,1.41779,1218399963.3789062
2011-06-23 18:20:00,1.41776,1.41778,1.41743,1.41761,1829499969.4824219
2011-06-23 18:21:00,1.41761,1.41774,1.4176,1.41767,930699996.9482422
2011-06-23 18:22:00,1.41767,1.41783,1.41753,1.41753,1113499984.741211
2011-06-23 18:23:00,1.41755,1.41763,1.41741,1.4175,1245999984.741211
2011-06-23 18:24:00,1.41749,1.41764,1.41747,1.41761,1087200012.2070312
2011-06-23 18:25:00,1.41761,1.41784,1.4176,1.41761,1147099990.8447266
2011-06-23 18:26:00,1.41761,1.41763,1.41753,1.41762,981900024.4140625
2011-06-23 18:27:00,1.41761,1.41761,1.41724,1.41733,1743600006.1035156
2011-06-23 18:28:00,1.41733,1.41744,1.41728,1.41738,1615000000.0
2011-06-23 18:29:00,1.41739,1.41755,1.41739,1.41753,1238099975.5859375
2011-06-23 18:30:00,1.41754,1.41786,1.41753,1.41769,1103199996.9482422
2011-06-23 18:31:00,1.41769,1.41772,1.41759,1.41769,1238799972.5341797
2011-06-23 18:32:00,1.41768,1.41775,1.41766,1.41772,1180800018.3105469
2011-06-23 18:33:00,1.4177,1.4179,1.4177,1.41786,1105000000.0
2011-06-23 18:34:00,1.41786,1.41789,1.41779,1.41783,909700012.2070312
2011-06-23 18:35:00,1.41785,1.41789,1.41768,1.41778,1157200012.2070312
2011-06-23 18:36:00,1.41779,1.41781,1.41779,1.4178,267099990.84472656
2011-06-23 18:37:00,1.41778,1.41779,1.41759,1.41767,877799987.7929688
2011-06-23 18:38:00,1.41767,1.41767,1.41728,1.41739,1225400009.1552734
2011-06-23 18:39:00,1.41739,1.41739,1.41702,1.41709,1485700073.2421875
2011-06-23 18:40:00,1.41709,1.41722,1.4169,1.41693,1633999938.9648438
2011-06-23 18:41:00,1.4169,1.41712,1.4169,1.41712,995500030.5175781
2011-06-23 18:42:00,1.41711,1.41752,1.41711,1.4174,1491399993.8964844
2011-06-23 18:43:00,1.41739,1.41739,1.41699,1.41702,847099990.8447266
2011-06-23 18:44:00,1.41709,1.41722,1.41709,1.4172,1009300003.0517578
2011-06-23 18:45:00,1.4172,1.4172,1.41707,1.41718,1223199996.9482422
2011-06-23 18:46:00,1.41718,1.41725,1.41713,1.41718,1117799987.7929688
2011-06-23 18:47:00,1.41718,1.4172,1.4168,1.41691,1423899993.8964844
2011-06-23 18:48:00,1.4169,1.4169,1.41651,1.41652,1522599945.0683594
2011-06-23 18:49:00,1.4165,1.41682,1.41649,1.41675,1169300003.0517578
2011-06-23 18:50:00,1.41675,1.41682,1.41671,1.41671,863899993.8964844
2011-06-23 18:51:00,1.41672,1.41684,1.41665,1.41675,2409799957.2753906
2011-06-23 18:52:00,1.41675,1.41683,1.41672,1.4168,2004100036.6210938
2011-06-23 18:53:00,1.4168,1.41692,1.41677,1.41681,1743999938.9648438
2011-06-23 18:54:00,1.41681,1.41682,1.4167,1.41679,2326999969.482422
2011-06-23 18:55:00,1.41678,1.41679,1.41639,1.4166,2447299957.2753906
2011-06-23 18:56:00,1.4166,1.41858,1.41645,1.41858,4395199890.136719
2011-06-23 18:57:00,1.41857,1.42024,1.41857,1.42024,4538800048.828125
2011-06-23 18:58:00,1.42022,1.42149,1.42022,1.42096,3978800048.828125
2011-06-23 18:59:00,1.42095,1.42169,1.42058,1.42169,3648299865.7226562
2011-06-23 19:00:00,1.42172,1.42174,1.42079,1.421,4028599853.515625
2011-06-23 19:01:00,1.42101,1.42184,1.42071,1.42156,3669800109.8632812
2011-06-23 19:02:00,1.42155,1.42229,1.42132,1.42138,3973399963.3789062
2011-06-23 19:03:00,1.42137,1.42137,1.42082,1.42095,3438099975.5859375
2011-06-23 19:04:00,1.42095,1.42142,1.42059,1.42142,3417699890.1367188
2011-06-23 19:05:00,1.42142,1.42189,1.42119,1.42179,3389899902.34375
2011-06-23 19:06:00,1.4218,1.42251,1.42167,1.42218,4049400024.4140625
2011-06-23 19:07:00,1.4222,1.42371,1.4222,1.4235,3181600036.6210938
2011-06-23 19:08:00,1.42348,1.4246,1.42315,1.42411,4053800048.828125
2011-06-23 19:09:00,1.42409,1.42415,1.42341,1.42378,3382799987.7929688
2011-06-23 19:10:00,1.42377,1.42398,1.42264,1.42284,3618599853.515625
2011-06-23 19:11:00,1.42286,1.42359,1.42286,1.42309,3049200134.2773438
2011-06-23 19:12:00,1.42307,1.42415,1.42307,1.42394,3407699890.1367188
2011-06-23 19:13:00,1.42392,1.42445,1.42356,1.42366,2830400085.4492188
2011-06-23 19:14:00,1.42366,1.42418,1.42355,1.42389,2887099914.5507812
2011-06-23 19:15:00,1.42389,1.4243,1.42367,1.42397,2804100036.6210938
2011-06-23 19:16:00,1.42398,1.4247,1.42398,1.42443,3909299926.7578125
2011-06-23 19:17:00,1.42441,1.42511,1.42415,1.4251,3936199951.171875
2011-06-23 19:18:00,1.42511,1.42596,1.42498,1.42502,4031499938.9648438
2011-06-23 19:19:00,1.42501,1.42543,1.42467,1.42467,3415100097.65625
2011-06-23 19:20:00,1.42469,1.42469,1.42378,1.42378,3394299926.7578125
2011-06-23 19:21:00,1.42376,1.42402,1.42344,1.42402,3331199951.171875
2011-06-23 19:22:00,1.42404,1.42457,1.42359,1.42372,3707200012.2070312
2011-06-23 19:23:00,1.42375,1.42409,1.42361,1.42375,3213800048.828125
2011-06-23 19:24:00,1.42375,1.42389,1.42353,1.42353,2465299987.7929688
2011-06-23 19:25:00,1.42354,1.42375,1.42335,1.42375,2260800018.310547
2011-06-23 19:26:00,1.42375,1.42411,1.42361,1.42361,2936400146.484375
2011-06-23 19:27:00,1.42359,1.42359,1.42281,1.42283,2106900024.4140625
2011-06-23 19:28:00,1.42283,1.42312,1.42265,1.42304,2999299926.7578125
2011-06-23 19:29:00,1.42304,1.42347,1.42304,1.42325,2426699981.689453
2011-06-23 19:30:00,1.42325,1.42331,1.42252,1.42261,3276900024.4140625
2011-06-23 19:31:00,1.4226,1.4226,1.42204,1.42255,2929899902.34375
2011-06-23 19:32:00,1.42257,1.42276,1.42237,1.42255,2649100036.6210938
2011-06-23 19:33:00,1.42255,1.42279,1.42235,1.42279,2545299987.7929688
2011-06-23 19:34:00,1.42277,1.42315,1.42267,1.42311,2533500061.0351562
2011-06-23 19:35:00,1.42311,1.42392,1.42311,1.42343,2639299926.7578125
2011-06-23 19:36:00,1.42342,1.42379,1.42338,1.42377,2534499969.482422
2011-06-23 19:37:00,1.42379,1.42379,1.42308,1.42323,2427700042.7246094
2011-06-23 19:38:00,1.42325,1.42333,1.42292,1.42305,2356799926.7578125
2011-06-23 19:39:00,1.42304,1.42337,1.42293,1.42311,1704900054.9316406
2011-06-23 19:40:00,1.42311,1.42363,1.42311,1.42352,1785000000.0
2011-06-23 19:41:00,1.42353,1.42373,1.4235,1.4237,2191300048.828125
2011-06-23 19:42:00,1.42372,1.42437,1.42372,1.42428,2898999938.9648438
2011-06-23 19:43:00,1.42427,1.42429,1.42354,1.42382,2636700134.2773438
2011-06-23 19:44:00,1.42381,1.42403,1.42374,1.42374,2145299987.7929688
2011-06-23 19:45:00,1.42369,1.4241,1.42368,1.4241,2170700073.2421875
2011-06-23 19:46:00,1.42409,1.42429,1.4237,1.42423,1987299957.2753906
2011-06-23 19:47:00,1.42424,1.42454,1.42401,1.42454,2126199951.171875
2011-06-23 19:48:00,1.42456,1.42521,1.42456,1.42521,2130800018.3105469
2011-06-23 19:49:00,1.42523,1.42543,1.42473,1.42485,2817200012.2070312
2011-06-23 19:50:00,1.42484,1.42551,1.42477,1.42535,2385000000.0
2011-06-23 19:51:00,1.42537,1.42572,1.42498,1.42567,2677500000.0
2011-06-23 19:52:00,1.42569,1.42599,1.42547,1.42549,3003800048.828125
2011-06-23 19:53:00,1.42548,1.42556,1.42523,1.42546,2660899963.3789062
2011-06-23 19:54:00,1.42545,1.42545,1.42496,1.42508,2309400024.4140625
2011-06-23 19:55:00,1.42508,1.42549,1.42496,1.42549,2089900054.9316406
2011-06-23 19:56:00,1.42551,1.42555,1.42524,1.42538,1905599975.5859375
2011-06-23 19:57:00,1.42536,1.42557,1.42518,1.42533,1650000000.0
2011-06-23 19:58:00,1.42532,1.42593,1.42531,1.42593,1319499969.4824219
2011-06-23 19:59:00,1.42594,1.42607,1.42569,1.42579,2582099914.5507812
2011-06-23 20:00:00,1.42579,1.42603,1.42559,1.42575,2501399993.8964844
2011-06-23 20:01:00,1.42575,1.42595,1.42575,1.42587,1770500030.5175781
2011-06-23 20:02:00,1.42586,1.42592,1.4257,1.42577,1272900009.1552734
2011-06-23 20:03:00,1.42581,1.42587,1.42548,1.42555,1406399993.8964844
2011-06-23 20:04:00,1.42555,1.42605,1.42555,1.42596,1774700012.2070312
2011-06-23 20:05:00,1.42601,1.42615,1.42585,1.42589,1864499969.4824219
2011-06-23 20:06:00,1.42588,1.42617,1.4258,1.42616,1240699996.9482422
2011-06-23 20:07:00,1.42615,1.42618,1.42569,1.42573,1737200012.2070312
2011-06-23 20:08:00,1.42574,1.4258,1.42563,1.4258,1231600036.6210938
2011-06-23 20:09:00,1.42578,1.42593,1.42575,1.42589,1298999938.9648438
2011-06-23 20:10:00,1.42589,1.42594,1.42583,1.42587,1064300003.0517578
2011-06-23 20:11:00,1.42587,1.42596,1.42578,1.42595,808600006.1035156
2011-06-23 20:12:00,1.42595,1.42621,1.42595,1.4261,1286399993.8964844
2011-06-23 20:13:00,1.4261,1.4261,1.42597,1.42607,1440000000.0
2011-06-23 20:14:00,1.42607,1.42613,1.42603,1.42607,1577400054.9316406
2011-06-23 20:15:00,1.42607,1.42608,1.42576,1.4258,1423200073.2421875
2011-06-23 20:16:00,1.42576,1.42583,1.42569,1.42573,1215199966.430664
2011-06-23 20:17:00,1.42575,1.42576,1.42563,1.42565,675299987.7929688
2011-06-23 20:18:00,1.42565,1.42565,1.4254,1.42544,1930800018.3105469
2011-06-23 20:19:00,1.42544,1.42559,1.42537,1.42559,1337100067.1386719
2011-06-23 20:20:00,1.42563,1.42564,1.42541,1.42541,1389700012.2070312
2011-06-23 20:21:00,1.42539,1.42561,1.42537,1.42558,1031999969.4824219
2011-06-23 20:22:00,1.42551,1.42555,1.42525,1.42553,1588300018.3105469
2011-06-23 20:23:00,1.42553,1.42561,1.42547,1.42559,1308600006.1035156
2011-06-23 20:24:00,1.42559,1.42559,1.42548,1.42554,620999984.7412109
2011-06-23 20:25:00,1.42554,1.42566,1.42551,1.42556,1430500030.5175781
2011-06-23 20:26:00,1.42555,1.42569,1.42543,1.42559,1215000000.0
2011-06-23 20:27:00,1.42561,1.42564,1.42551,1.42559,935199966.4306641
2011-06-23 20:28:00,1.42558,1.42558,1.42535,1.42541,778700027.4658203
2011-06-23 20:29:00,1.42541,1.42554,1.42541,1.42549,828000030.5175781
2011-06-23 20:30:00,1.42549,1.42554,1.42539,1.42539,687500000.0
2011-06-23 20:31:00,1.42539,1.42548,1.42535,1.42537,883600006.1035156
2011-06-23 20:32:00,1.42539,1.42551,1.42535,1.42548,930699996.9482422
2011-06-23 20:33:00,1.42548,1.42553,1.42527,1.42527,1195000000.0
2011-06-23 20:34:00,1.42526,1.4253,1.42519,1.42527,724499969.4824219
2011-06-23 20:35:00,1.42528,1.42539,1.42527,1.42537,810999984.7412109
2011-06-23 20:36:00,1.42536,1.42576,1.42535,1.4257,924199981.6894531
2011-06-23 20:37:00,1.42569,1.42575,1.42565,1.42566,570200004.5776367
2011-06-23 20:38:00,1.42566,1.42567,1.42559,1.42559,288999996.18530273
2011-06-23 20:39:00,1.42558,1.42584,1.42551,1.42583,842099990.8447266
2011-06-23 20:40:00,1.42583,1.42583,1.42573,1.42583,838499984.7412109
2011-06-23 20:41:00,1.42583,1.42607,1.4258,1.42601,832200012.2070312
2011-06-23 20:42:00,1.42597,1.42614,1.42597,1.42609,715800018.3105469
2011-06-23 20:43:00,1.42612,1.42631,1.42612,1.42621,720000000.0
2011-06-23 20:44:00,1.42619,1.4262,1.42601,1.42603,846800003.0517578
2011-06-23 20:45:00,1.426,1.426,1.42593,1.426,302600002.28881836
2011-06-23 20:46:00,1.42599,1.42599,1.4259,1.42593,386399993.8964844
2011-06-23 20:47:00,1.42593,1.42596,1.42585,1.42589,390000000.0
2011-06-23 20:48:00,1.42589,1.42594,1.42581,1.42593,450099983.21533203
2011-06-23 20:49:00,1.4259,1.42611,1.42583,1.42583,665999984.7412109
2011-06-23 20:50:00,1.42585,1.4259,1.4258,1.42582,848300018.3105469
2011-06-23 20:51:00,1.42582,1.42582,1.42569,1.42574,103500003.81469727
2011-06-23 20:52:00,1.42573,1.42588,1.42573,1.42588,450999984.74121094
2011-06-23 20:53:00,1.42588,1.42588,1.42571,1.42576,270200004.5776367
2011-06-23 20:54:00,1.42576,1.42576,1.42558,1.42567,371500015.25878906
2011-06-23 20:55:00,1.42567,1.42568,1.4256,1.42566,296299991.607666
2011-06-23 20:56:00,1.42566,1.42569,1.42557,1.42559,339000015.25878906
2011-06-23 20:57:00,1.42554,1.4256,1.42548,1.42553,288799991.607666
2011-06-23 20:58:00,1.42549,1.42554,1.42539,1.42549,796399993.8964844
2011-06-23 20:59:00,1.42549,1.42554,1.42549,1.42549,489000015.25878906
2011-06-23 21:00:00,1.42554,1.42554,1.42525,1.42538,470099983.21533203
2011-06-23 21:01:00,1.42536,1.42541,1.42517,1.42517,384700012.20703125
2011-06-23 21:02:00,1.42525,1.42525,1.42505,1.42505,307000007.62939453
2011-06-23 21:03:00,1.42499,1.42508,1.42493,1.42493,557900009.1552734
2011-06-23 21:04:00,1.42495,1.42507,1.42495,1.42507,250499992.37060547
2011-06-23 21:05:00,1.42514,1.42526,1.42507,1.42523,735500030.5175781
2011-06-23 21:06:00,1.42524,1.42532,1.42521,1.42532,177000007.62939453
2011-06-23 21:07:00,1.42532,1.42536,1.42529,1.42536,70500001.90734863
2011-06-23 21:08:00,1.42541,1.42541,1.42536,1.42536,85500001.90734863
2011-06-23 21:09:00,1.42536,1.42536,1.42509,1.42531,522799987.79296875
2011-06-23 21:10:00,1.42531,1.42549,1.42531,1.42549,184500007.62939453
2011-06-23 21:11:00,1.42557,1.42596,1.42557,1.42593,580499992.3706055
2011-06-23 21:12:00,1.42593,1.42632,1.42593,1.42615,565600013.7329102
2011-06-23 21:13:00,1.42614,1.42618,1.42614,1.42618,90000000.0
2011-06-23 21:14:00,1.42618,1.42618,1.42607,1.42607,201000003.81469727
2011-06-23 21:15:00,1.42607,1.42607,1.42592,1.42595,422999992.37060547
2011-06-23 21:16:00,1.42596,1.42603,1.42582,1.42586,555900001.5258789
2011-06-23 21:17:00,1.42588,1.42588,1.42582,1.42586,225000000.0
2011-06-23 21:18:00,1.42585,1.42609,1.42577,1.42587,463499984.74121094
2011-06-23 21:19:00,1.4259,1.42593,1.4259,1.42593,142500000.0
2011-06-23 21:20:00,1.42593,1.42607,1.42591,1.42607,352500000.0
2011-06-23 21:21:00,1.42611,1.42614,1.42609,1.42614,207999992.37060547
2011-06-23 21:22:00,1.42614,1.42624,1.42614,1.42624,127500000.0
2011-06-23 21:23:00,1.42624,1.42657,1.42612,1.42657,818700027.4658203
2011-06-23 21:24:00,1.42659,1.42661,1.42622,1.42627,689400024.4140625
2011-06-23 21:25:00,1.42627,1.42627,1.42626,1.42626,45000000.0
2011-06-23 21:26:00,1.42625,1.42626,1.42606,1.42606,262600002.28881836
2011-06-23 21:27:00,1.42607,1.42612,1.42606,1.42611,297800006.8664551
2011-06-23 21:28:00,1.42611,1.42629,1.42611,1.42626,236299991.60766602
2011-06-23 21:29:00,1.42619,1.42619,1.42616,1.42616,75000000.0
2011-06-23 21:30:00,1.42614,1.42614,1.42609,1.42611,105000000.0
2011-06-23 21:31:00,1.42612,1.42612,1.42607,1.42609,75000000.0
2011-06-23 21:32:00,1.4261,1.42623,1.4261,1.42622,275400009.15527344
2011-06-23 21:33:00,1.42624,1.42634,1.42624,1.42629,187500000.0
2011-06-23 21:34:00,1.42628,1.42648,1.42617,1.42645,1076999969.4824219
2011-06-23 21:35:00,1.42646,1.42667,1.42646,1.4266,799599990.8447266
2011-06-23 21:36:00,1.4266,1.4266,1.42646,1.42652,477799987.79296875
2011-06-23 21:37:00,1.42652,1.42652,1.42639,1.42643,187500000.0
2011-06-23 21:38:00,1.42643,1.42649,1.42643,1.42647,448499984.74121094
2011-06-23 21:39:00,1.42647,1.42647,1.42644,1.42645,232500000.0
2011-06-23 21:40:00,1.42646,1.42646,1.42646,1.42646,135000000.0
2011-06-23 21:41:00,1.42646,1.42648,1.42639,1.42642,421500015.25878906
2011-06-23 21:42:00,1.42641,1.42643,1.42641,1.42643,150000000.0
2011-06-23 21:43:00,1.42641,1.42641,1.42612,1.42615,646500015.2587891
2011-06-23 21:44:00,1.42614,1.42629,1.4261,1.42624,674300003.0517578
2011-06-23 21:45:00,1.42624,1.42624,1.42621,1.42623,165000000.0
2011-06-23 21:46:00,1.42623,1.42631,1.42618,1.42631,295499992.37060547
2011-06-23 21:47:00,1.42631,1.42631,1.42631,1.42631,30000000.0
2011-06-23 21:48:00,1.4263,1.4263,1.42623,1.42623,120000000.0
2011-06-23 21:49:00,1.42622,1.42622,1.42615,1.4262,285000000.0
2011-06-23 21:50:00,1.42621,1.42623,1.42614,1.4262,255000000.0
2011-06-23 21:51:00,1.42624,1.42624,1.42621,1.42621,112500000.0
2011-06-23 21:52:00,1.42622,1.42625,1.4262,1.42625,150000000.0
2011-06-23 21:53:00,1.42624,1.42625,1.42624,1.42624,142500000.0
2011-06-23 21:54:00,1.42624,1.42624,1.42624,1.42624,15000000.0
2011-06-23 21:55:00,1.42624,1.42626,1.42624,1.42626,97500000.0
2011-06-23 21:56:00,1.42626,1.42632,1.42626,1.42628,196499996.18530273
2011-06-23 21:57:00,1.42628,1.42628,1.42628,1.42628,15000000.0
2011-06-23 21:58:00,1.42625,1.42629,1.42625,1.42627,195000000.0
2011-06-23 21:59:00,1.42628,1.42641,1.42628,1.42637,472500000.0
2011-06-23 22:00:00,1.42637,1.42658,1.42628,1.4265,837200012.2070312
2011-06-23 22:01:00,1.4265,1.42653,1.42639,1.42646,667500000.0
2011-06-23 22:02:00,1.42646,1.42648,1.42643,1.42648,420000000.0
2011-06-23 22:03:00,1.42648,1.42653,1.42643,1.42653,180000000.0
2011-06-23 22:04:00,1.42654,1.42677,1.42651,1.42677,1099499969.4824219
2011-06-23 22:05:00,1.42678,1.42699,1.42671,1.42692,763499984.7412109
2011-06-23 22:06:00,1.42692,1.42697,1.42668,1.42685,762900009.1552734
2011-06-23 22:07:00,1.42685,1.42704,1.42682,1.42683,941699981.6894531
2011-06-23 22:08:00,1.4268,1.4269,1.4268,1.42685,653799972.5341797
2011-06-23 22:09:00,1.42685,1.42708,1.42685,1.42703,413300018.3105469
2011-06-23 22:10:00,1.42704,1.42705,1.4268,1.4269,903899993.8964844
2011-06-23 22:11:00,1.4269,1.42692,1.4269,1.4269,105000000.0
2011-06-23 22:12:00,1.42687,1.4269,1.42682,1.4269,401300010.68115234
2011-06-23 22:13:00,1.4269,1.4269,1.42684,1.42684,372200012.20703125
2011-06-23 22:14:00,1.42683,1.42703,1.42678,1.42703,1258799972.5341797
2011-06-23 22:15:00,1.42703,1.42735,1.42703,1.42735,1611900024.4140625
2011-06-23 22:16:00,1.42735,1.42742,1.42733,1.42742,791999969.4824219
2011-06-23 22:17:00,1.42743,1.42749,1.42742,1.42745,774000015.2587891
2011-06-23 22:18:00,1.42743,1.4275,1.42728,1.4275,837300033.5693359
2011-06-23 22:19:00,1.42747,1.42765,1.42746,1.42765,1152699966.430664
2011-06-23 22:20:00,1.42765,1.42766,1.42754,1.42763,437799987.79296875
2011-06-23 22:21:00,1.42765,1.42765,1.42754,1.42758,461500015.25878906
2011-06-23 22:22:00,1.42758,1.42758,1.42745,1.42746,285000000.0
2011-06-23 22:23:00,1.42746,1.42746,1.42744,1.42744,302000007.62939453
2011-06-23 22:24:00,1.42744,1.42745,1.42732,1.42736,998300018.3105469
2011-06-23 22:25:00,1.42736,1.42739,1.42735,1.42735,268299999.23706055
2011-06-23 22:26:00,1.42735,1.42738,1.4273,1.42731,639900016.784668
2011-06-23 22:27:00,1.42735,1.4274,1.42731,1.42731,570499992.3706055
2011-06-23 22:28:00,1.42731,1.42735,1.42718,1.42721,515999984.74121094
2011-06-23 22:29:00,1.42721,1.42739,1.42721,1.4273,768300018.3105469
2011-06-23 22:30:00,1.4273,1.42746,1.42725,1.42744,738199996.9482422
2011-06-23 22:31:00,1.42744,1.42744,1.42731,1.42734,332999992.37060547
2011-06-23 22:32:00,1.42734,1.42745,1.42733,1.42733,397799987.79296875
2011-06-23 22:33:00,1.42733,1.4274,1.42732,1.42735,382599983.21533203
2011-06-23 22:34:00,1.42737,1.42745,1.42733,1.42733,475499992.37060547
2011-06-23 22:35:00,1.42733,1.42733,1.42725,1.42726,242999992.37060547
2011-06-23 22:36:00,1.42726,1.42746,1.42726,1.42746,480000000.0
2011-06-23 22:37:00,1.42746,1.42751,1.42744,1.42751,180000000.0
2011-06-23 22:38:00,1.4275,1.4275,1.42737,1.4274,676500015.2587891
2011-06-23 22:39:00,1.42745,1.42754,1.4274,1.4274,859300003.0517578
2011-06-23 22:40:00,1.4274,1.42745,1.4273,1.42742,772500000.0
2011-06-23 22:41:00,1.42739,1.42745,1.42731,1.42731,465000000.0
2011-06-23 22:42:00,1.42732,1.42735,1.42732,1.42735,187500000.0
2011-06-23 22:43:00,1.42735,1.42735,1.42717,1.42717,306000003.81469727
2011-06-23 22:44:00,1.42717,1.42717,1.42703,1.4271,435000000.0
2011-06-23 22:45:00,1.4271,1.4271,1.42702,1.42706,477000007.62939453
2011-06-23 22:46:00,1.42706,1.42714,1.42706,1.42713,295499992.37060547
2011-06-23 22:47:00,1.42712,1.42714,1.4269,1.4269,829499969.4824219
2011-06-23 22:48:00,1.42694,1.42694,1.42671,1.42673,742500000.0
2011-06-23 22:49:00,1.42675,1.42679,1.42671,1.42678,445499992.37060547
2011-06-23 22:50:00,1.42677,1.42679,1.42676,1.42678,187500000.0
2011-06-23 22:51:00,1.42679,1.42685,1.42675,1.42682,259500007.62939453
2011-06-23 22:52:00,1.42682,1.42687,1.42679,1.42685,553499984.7412109
2011-06-23 22:53:00,1.42685,1.42685,1.42668,1.42672,430499992.37060547
2011-06-23 22:54:00,1.42675,1.42675,1.4266,1.42668,390000000.0
2011-06-23 22:55:00,1.42668,1.42668,1.42645,1.42651,732600021.3623047
2011-06-23 22:56:00,1.42651,1.42653,1.42632,1.42652,984800033.5693359
2011-06-23 22:57:00,1.42652,1.42667,1.42652,1.42663,587999992.3706055
2011-06-23 22:58:00,1.42665,1.42667,1.42665,1.42666,255000000.0
2011-06-23 22:59:00,1.42667,1.42685,1.42665,1.42685,500999984.74121094
2011-06-23 23:00:00,1.42687,1.42717,1.42687,1.42717,535800018.3105469
2011-06-23 23:01:00,1.42718,1.4272,1.42704,1.42705,397000007.62939453
2011-06-23 23:02:00,1.42708,1.4273,1.427,1.42716,859000015.2587891
2011-06-23 23:03:00,1.4272,1.42731,1.4271,1.4273,695999984.7412109
2011-06-23 23:04:00,1.4273,1.42735,1.4273,1.42735,195000000.0
2011-06-23 23:05:00,1.42735,1.42735,1.42715,1.42719,1042500000.0
2011-06-23 23:06:00,1.42719,1.42726,1.42705,1.42706,990100021.3623047
2011-06-23 23:07:00,1.42706,1.4271,1.42706,1.42709,150000000.0
2011-06-23 23:08:00,1.4271,1.42723,1.42709,1.4272,952399978.6376953
2011-06-23 23:09:00,1.42721,1.42729,1.42716,1.42719,629000015.2587891
2011-06-23 23:10:00,1.42722,1.42728,1.42722,1.42726,195900001.5258789
2011-06-23 23:11:00,1.42726,1.4273,1.42709,1.42725,978799972.5341797
2011-06-23 23:12:00,1.42725,1.42725,1.42709,1.42718,305300006.8664551
2011-06-23 23:13:00,1.42718,1.42735,1.42718,1.4273,339000015.25878906
2011-06-23 23:14:00,1.42729,1.4273,1.42728,1.42728,108800001.14440918
2011-06-23 23:15:00,1.42728,1.42738,1.42726,1.42728,453199996.9482422
2011-06-23 23:16:00,1.42734,1.42735,1.42725,1.42726,559900016.784668
2011-06-23 23:17:00,1.42726,1.42736,1.42717,1.42727,615499992.3706055
2011-06-23 23:18:00,1.42729,1.42748,1.42729,1.42736,810199966.4306641
2011-06-23 23:19:00,1.42737,1.42738,1.42719,1.42738,601599998.4741211
2011-06-23 23:20:00,1.42739,1.42746,1.42739,1.42745,364000015.25878906
2011-06-23 23:21:00,1.42744,1.42749,1.42731,1.42736,664400024.4140625
2011-06-23 23:22:00,1.42737,1.42741,1.42714,1.42714,513199996.9482422
2011-06-23 23:23:00,1.42714,1.42714,1.42686,1.42686,325999984.74121094
2011-06-23 23:24:00,1.42686,1.42694,1.4268,1.42694,514500007.62939453
2011-06-23 23:25:00,1.42695,1.42709,1.4268,1.42694,785000000.0
2011-06-23 23:26:00,1.42694,1.42694,1.42686,1.42686,217199993.13354492
2011-06-23 23:27:00,1.42687,1.42687,1.42657,1.42657,654300003.0517578
2011-06-23 23:28:00,1.42657,1.42697,1.42656,1.42696,650699996.9482422
2011-06-23 23:29:00,1.42697,1.42703,1.42687,1.42687,517500000.0
2011-06-23 23:30:00,1.42691,1.42691,1.42674,1.42675,707799987.7929688
2011-06-23 23:31:00,1.42676,1.4268,1.4267,1.4268,386599998.4741211
2011-06-23 23:32:00,1.42679,1.42679,1.42667,1.42667,412900009.15527344
2011-06-23 23:33:00,1.42668,1.42678,1.42668,1.42675,371399993.8964844
2011-06-23 23:34:00,1.42676,1.42681,1.42635,1.42639,774300003.0517578
2011-06-23 23:35:00,1.42642,1.42655,1.42639,1.42639,359399986.26708984
2011-06-23 23:36:00,1.42639,1.42648,1.42625,1.4264,649000015.2587891
2011-06-23 23:37:00,1.42644,1.42653,1.4262,1.42623,593800010.6811523
2011-06-23 23:38:00,1.4262,1.4262,1.42593,1.42599,1270100021.3623047
2011-06-23 23:39:00,1.426,1.426,1.42576,1.42584,806500015.2587891
2011-06-23 23:40:00,1.42583,1.42594,1.42583,1.42591,690800018.3105469
2011-06-23 23:41:00,1.42591,1.42609,1.42587,1.42587,651999969.4824219
2011-06-23 23:42:00,1.42579,1.42589,1.42576,1.42588,416899986.26708984
2011-06-23 23:43:00,1.42587,1.4259,1.42552,1.42557,1138600006.1035156
2011-06-23 23:44:00,1.42556,1.42569,1.42556,1.4256,693300018.3105469
2011-06-23 23:45:00,1.42561,1.42566,1.42561,1.42564,241800003.0517578
2011-06-23 23:46:00,1.42566,1.42568,1.42561,1.42562,458400001.5258789
2011-06-23 23:47:00,1.42562,1.42562,1.42556,1.42558,220900001.5258789
2011-06-23 23:48:00,1.42557,1.42564,1.42552,1.42564,382400016.78466797
2011-06-23 23:49:00,1.42566,1.42579,1.42566,1.42576,428600006.1035156
2011-06-23 23:50:00,1.42576,1.42588,1.42572,1.42585,562999992.3706055
2011-06-23 23:51:00,1.42585,1.42585,1.42585,1.42585,199400005.34057617
2011-06-23 23:52:00,1.42584,1.42584,1.42572,1.42579,514099998.4741211
2011-06-23 23:53:00,1.42579,1.42588,1.42576,1.42586,539500007.6293945
2011-06-23 23:54:00,1.42585,1.42587,1.42578,1.42581,345499992.37060547
2011-06-23 23:55:00,1.42581,1.42588,1.42577,1.42581,499300003.0517578
2011-06-23 23:56:00,1.42581,1.42581,1.42581,1.42581,263199996.9482422
2011-06-23 23:57:00,1.42579,1.4258,1.42575,1.4258,345600013.73291016
2011-06-23 23:58:00,1.4258,1.42585,1.42569,1.42585,670599975.5859375
2011-06-23 23:59:00,1.42587,1.42614,1.42585,1.42614,613899993.8964844
2011-06-24 00:00:00,1.42614,1.42633,1.42596,1.42628,1325299987.7929688
2011-06-24 00:01:00,1.42627,1.42627,1.42607,1.42607,910500030.5175781
2011-06-24 00:02:00,1.42608,1.42608,1.4259,1.42603,1029899978.6376953
2011-06-24 00:03:00,1.42603,1.42603,1.42588,1.42601,476199989.31884766
2011-06-24 00:04:00,1.42601,1.42606,1.42586,1.42587,1105599975.5859375
2011-06-24 00:05:00,1.42596,1.42618,1.4258,1.42609,1908000030.5175781
2011-06-24 00:06:00,1.4261,1.42636,1.42603,1.42612,1433500061.0351562
2011-06-24 00:07:00,1.42612,1.42617,1.42587,1.42587,979300003.0517578
2011-06-24 00:08:00,1.42588,1.4262,1.42581,1.4262,731900024.4140625
2011-06-24 00:09:00,1.4262,1.4262,1.42574,1.42577,1381300048.828125
2011-06-24 00:10:00,1.42577,1.42584,1.42528,1.4253,1569199981.6894531
2011-06-24 00:11:00,1.42531,1.42532,1.42504,1.42504,831299972.5341797
2011-06-24 00:12:00,1.42506,1.42511,1.42485,1.42499,1272099990.8447266
2011-06-24 00:13:00,1.42499,1.42513,1.42485,1.42485,1201299972.5341797
2011-06-24 00:14:00,1.42486,1.42488,1.42471,1.42479,949300003.0517578
2011-06-24 00:15:00,1.42479,1.42537,1.42479,1.42535,1504299926.7578125
2011-06-24 00:16:00,1.42533,1.42563,1.42533,1.42563,634700012.2070312
2011-06-24 00:17:00,1.42561,1.42588,1.4256,1.42579,1399499969.4824219
2011-06-24 00:18:00,1.4258,1.42586,1.42564,1.42573,577099990.8447266
2011-06-24 00:19:00,1.42573,1.42575,1.42529,1.42532,899800033.5693359
2011-06-24 00:20:00,1.42532,1.42602,1.42529,1.42595,1184000015.258789
2011-06-24 00:21:00,1.42595,1.42595,1.42587,1.42587,220499992.37060547
2011-06-24 00:22:00,1.42587,1.42602,1.42587,1.42598,773399963.3789062
2011-06-24 00:23:00,1.426,1.42615,1.42599,1.42608,1026600036.6210938
2011-06-24 00:24:00,1.42609,1.42679,1.42607,1.42675,1670899963.3789062
2011-06-24 00:25:00,1.42674,1.42677,1.42661,1.42677,1063399963.3789062
2011-06-24 00:26:00,1.42675,1.42706,1.42674,1.42686,1427299957.2753906
2011-06-24 00:27:00,1.42685,1.42691,1.42668,1.42686,1203199996.9482422
2011-06-24 00:28:00,1.42685,1.42686,1.42651,1.42651,1267699966.430664
2011-06-24 00:29:00,1.42653,1.4268,1.42653,1.42675,640500030.5175781
2011-06-24 00:30:00,1.42674,1.4269,1.42658,1.4267,952300033.5693359
2011-06-24 00:31:00,1.4267,1.4269,1.42659,1.42669,1516000061.0351562
2011-06-24 00:32:00,1.42669,1.42675,1.42669,1.42669,252299995.42236328
2011-06-24 00:33:00,1.4267,1.42687,1.4267,1.42686,951900024.4140625
2011-06-24 00:34:00,1.42686,1.42691,1.42681,1.42683,261299991.60766602
2011-06-24 00:35:00,1.42681,1.42702,1.42677,1.42685,1112399978.6376953
2011-06-24 00:36:00,1.42685,1.42703,1.42663,1.42674,1911399993.8964844
2011-06-24 00:37:00,1.42676,1.4268,1.42638,1.4264,1290500030.5175781
2011-06-24 00:38:00,1.4264,1.42653,1.42634,1.42639,1337500000.0
2011-06-24 00:39:00,1.42642,1.42664,1.42635,1.42637,1004599990.8447266
2011-06-24 00:40:00,1.4264,1.42661,1.42634,1.42648,1262900009.1552734
2011-06-24 00:41:00,1.42649,1.42676,1.42642,1.4266,1139300003.0517578
2011-06-24 00:42:00,1.42658,1.42671,1.42643,1.42644,867900009.1552734
2011-06-24 00:43:00,1.42646,1.4267,1.42646,1.42664,656399993.8964844
2011-06-24 00:44:00,1.42667,1.42681,1.42664,1.42676,685100021.3623047
2011-06-24 00:45:00,1.42677,1.42677,1.42658,1.42658,1277099990.8447266
2011-06-24 00:46:00,1.42658,1.42658,1.4262,1.42622,1234199981.6894531
2011-06-24 00:47:00,1.4262,1.42628,1.42616,1.42623,1023000030.5175781
2011-06-24 00:48:00,1.42623,1.42635,1.42612,1.42635,780899963.3789062
2011-06-24 00:49:00,1.42633,1.42647,1.4261,1.4261,979199981.6894531
2011-06-24 00:50:00,1.42613,1.42621,1.42611,1.42612,474599990.84472656
2011-06-24 00:51:00,1.42609,1.42621,1.42608,1.42613,911600036.6210938
2011-06-24 00:52:00,1.42612,1.42647,1.42612,1.42647,800299987.7929688
2011-06-24 00:53:00,1.42648,1.42648,1.42621,1.42632,798700027.4658203
2011-06-24 00:54:00,1.42632,1.42641,1.42616,1.42616,1082900009.1552734
2011-06-24 00:55:00,1.42616,1.42638,1.42604,1.42631,1404499969.4824219
2011-06-24 00:56:00,1.4263,1.42637,1.42618,1.42618,723199996.9482422
2011-06-24 00:57:00,1.42618,1.42641,1.42616,1.42641,430800018.3105469
2011-06-24 00:58:00,1.42644,1.42678,1.42644,1.42674,1151200027.4658203
2011-06-24 00:59:00,1.42673,1.42673,1.42622,1.42644,1511600036.6210938
2011-06-24 01:00:00,1.42646,1.42693,1.42646,1.42678,1491499938.9648438
2011-06-24 01:01:00,1.42679,1.42717,1.42679,1.42712,1894499969.4824219
2011-06-24 01:02:00,1.42718,1.42726,1.42653,1.42655,1722599945.0683594
2011-06-24 01:03:00,1.42654,1.42657,1.42605,1.42616,1595899963.3789062
2011-06-24 01:04:00,1.42617,1.42634,1.42604,1.42608,986600036.6210938
2011-06-24 01:05:00,1.42608,1.42615,1.42562,1.42562,998300018.3105469
2011-06-24 01:06:00,1.42556,1.42586,1.42555,1.42573,1456799926.7578125
2011-06-24 01:07:00,1.42574,1.42578,1.4255,1.42568,1267300033.569336
2011-06-24 01:08:00,1.42568,1.4258,1.42557,1.42573,975999984.7412109
2011-06-24 01:09:00,1.42573,1.42599,1.42573,1.42581,656500015.2587891
2011-06-24 01:10:00,1.42577,1.42591,1.42559,1.42567,1369700012.2070312
2011-06-24 01:11:00,1.42566,1.42568,1.42562,1.42568,195300006.86645508
2011-06-24 01:12:00,1.42568,1.4257,1.42556,1.42557,726600036.6210938
2011-06-24 01:13:00,1.42559,1.426,1.42559,1.42594,1408699951.171875
2011-06-24 01:14:00,1.42594,1.42595,1.42584,1.42584,400600013.73291016
2011-06-24 01:15:00,1.42583,1.42583,1.4253,1.42533,1043300018.3105469
2011-06-24 01:16:00,1.42534,1.42534,1.42454,1.42454,1942200012.2070312
2011-06-24 01:17:00,1.42454,1.42476,1.42434,1.42476,1206299972.5341797
2011-06-24 01:18:00,1.42479,1.4249,1.42475,1.42475,1125999984.741211
2011-06-24 01:19:00,1.42474,1.42474,1.42453,1.42458,784000015.2587891
2011-06-24 01:20:00,1.42456,1.42466,1.42455,1.42464,916900024.4140625
2011-06-24 01:21:00,1.42465,1.4247,1.42439,1.42466,1251299972.5341797
2011-06-24 01:22:00,1.42466,1.42481,1.42463,1.42473,1072699966.4306641
2011-06-24 01:23:00,1.42473,1.42512,1.42473,1.42496,1249199981.6894531
2011-06-24 01:24:00,1.42498,1.42512,1.42485,1.42498,875699996.9482422
2011-06-24 01:25:00,1.42499,1.42526,1.42499,1.42526,915400009.1552734
2011-06-24 01:26:00,1.42525,1.42541,1.4252,1.4252,857399978.6376953
2011-06-24 01:27:00,1.42519,1.4253,1.42519,1.42525,564399986.2670898
2011-06-24 01:28:00,1.42529,1.42529,1.42492,1.42492,1774400024.4140625
2011-06-24 01:29:00,1.4249,1.42512,1.42483,1.42511,1136900024.4140625
2011-06-24 01:30:00,1.42511,1.42512,1.42493,1.42494,938799972.5341797
2011-06-24 01:31:00,1.42494,1.42501,1.42485,1.42495,516100006.1035156
2011-06-24 01:32:00,1.42495,1.42495,1.42451,1.42455,799000015.2587891
2011-06-24 01:33:00,1.42455,1.42456,1.4242,1.42424,1393200073.2421875
2011-06-24 01:34:00,1.42428,1.42437,1.42408,1.42409,1486999969.4824219
2011-06-24 01:35:00,1.42406,1.42406,1.42349,1.42349,2271399993.8964844
2011-06-24 01:36:00,1.42345,1.42361,1.42331,1.42357,1475800018.3105469
2011-06-24 01:37:00,1.42358,1.42392,1.42356,1.42389,1224000015.258789
2011-06-24 01:38:00,1.42389,1.4239,1.42382,1.42389,990299987.7929688
2011-06-24 01:39:00,1.4239,1.42429,1.42377,1.42417,1382299957.2753906
2011-06-24 01:40:00,1.42418,1.42429,1.42415,1.42422,910100021.3623047
2011-06-24 01:41:00,1.42421,1.42423,1.42411,1.42416,996800003.0517578
2011-06-24 01:42:00,1.42416,1.42436,1.42407,1.42409,1255999984.741211
2011-06-24 01:43:00,1.42409,1.42419,1.42397,1.424,1339499969.4824219
2011-06-24 01:44:00,1.42402,1.42406,1.42382,1.42392,970999984.7412109
2011-06-24 01:45:00,1.42389,1.42423,1.42389,1.42405,1184800033.569336
2011-06-24 01:46:00,1.42406,1.42437,1.42406,1.42437,719300003.0517578
2011-06-24 01:47:00,1.42438,1.42462,1.42438,1.42461,611399993.8964844
2011-06-24 01:48:00,1.42463,1.42483,1.4246,1.42481,1574900054.9316406
2011-06-24 01:49:00,1.4248,1.42502,1.42478,1.42491,2077799987.7929688
2011-06-24 01:50:00,1.42493,1.42506,1.42489,1.42495,1778699951.171875
2011-06-24 01:51:00,1.42493,1.42495,1.4244,1.4245,1729299926.7578125
2011-06-24 01:52:00,1.42451,1.42473,1.42451,1.42473,554199981.6894531
2011-06-24 01:53:00,1.42471,1.42517,1.4247,1.42502,1163199996.9482422
2011-06-24 01:54:00,1.42504,1.42513,1.42504,1.42507,631199989.3188477
2011-06-24 01:55:00,1.42507,1.42511,1.42483,1.42501,1147300033.569336
2011-06-24 01:56:00,1.42501,1.42518,1.42493,1.42518,1627899932.8613281
2011-06-24 01:57:00,1.42522,1.42534,1.42512,1.42531,1445700073.2421875
2011-06-24 01:58:00,1.42531,1.42543,1.42508,1.42535,1292500000.0
2011-06-24 01:59:00,1.42535,1.42535,1.42512,1.42526,982900009.1552734
2011-06-24 02:00:00,1.42523,1.42554,1.42519,1.42548,889800033.5693359
2011-06-24 02:01:00,1.42548,1.42551,1.42544,1.42547,416300010.68115234
2011-06-24 02:02:00,1.42548,1.42559,1.42542,1.42559,319200000.76293945
2011-06-24 02:03:00,1.42559,1.42559,1.4255,1.4255,424799995.4223633
2011-06-24 02:04:00,1.42552,1.42559,1.42535,1.42535,347400016.78466797
2011-06-24 02:05:00,1.42535,1.42542,1.42523,1.42535,1007900009.1552734
2011-06-24 02:06:00,1.42535,1.42539,1.42527,1.42535,759899978.6376953
2011-06-24 02:07:00,1.42535,1.42559,1.4253,1.42557,533100013.73291016
2011-06-24 02:08:00,1.42557,1.42574,1.42549,1.4257,391899986.26708984
2011-06-24 02:09:00,1.4257,1.42595,1.4256,1.42585,1054599990.8447266
2011-06-24 02:10:00,1.42585,1.42585,1.42572,1.42581,611800003.0517578
2011-06-24 02:11:00,1.42581,1.42581,1.42554,1.42556,456899986.26708984
2011-06-24 02:12:00,1.42556,1.42565,1.42555,1.42562,420400009.15527344
2011-06-24 02:13:00,1.42563,1.42565,1.42563,1.42563,165599994.65942383
2011-06-24 02:14:00,1.42563,1.42566,1.42559,1.42561,423600006.1035156
2011-06-24 02:15:00,1.42564,1.42565,1.42549,1.42549,572500000.0
2011-06-24 02:16:00,1.42549,1.42567,1.42549,1.42563,836500015.2587891
2011-06-24 02:17:00,1.42561,1.42567,1.42561,1.42562,417599983.21533203
2011-06-24 02:18:00,1.4256,1.42561,1.42558,1.42558,326300010.68115234
2011-06-24 02:19:00,1.42558,1.42558,1.42551,1.42551,208799991.60766602
2011-06-24 02:20:00,1.42551,1.42555,1.4255,1.4255,295200004.5776367
2011-06-24 02:21:00,1.4255,1.42574,1.4255,1.42568,794899978.6376953
2011-06-24 02:22:00,1.42566,1.42572,1.42559,1.42569,494399986.26708984
2011-06-24 02:23:00,1.42569,1.42569,1.42565,1.42568,109200000.76293945
2011-06-24 02:24:00,1.42568,1.42584,1.42568,1.42583,202900009.15527344
2011-06-24 02:25:00,1.42584,1.42638,1.42583,1.42636,1070699996.9482422
2011-06-24 02:26:00,1.42632,1.42636,1.4262,1.42635,867600021.3623047
2011-06-24 02:27:00,1.42637,1.42659,1.42633,1.42656,2245299987.7929688
2011-06-24 02:28:00,1.42656,1.42665,1.42648,1.42656,961200027.4658203
2011-06-24 02:29:00,1.42656,1.42671,1.42651,1.42671,854300003.0517578
2011-06-24 02:30:00,1.42671,1.42686,1.42671,1.42673,531800003.0517578
2011-06-24 02:31:00,1.42673,1.42674,1.42643,1.42643,817600021.3623047
2011-06-24 02:32:00,1.42644,1.42648,1.42633,1.42639,488300018.3105469
2011-06-24 02:33:00,1.42639,1.42639,1.42631,1.42637,320900001.5258789
2011-06-24 02:34:00,1.42639,1.4265,1.42639,1.42646,312299995.4223633
2011-06-24 02:35:00,1.42646,1.42648,1.42642,1.42642,213600006.10351562
2011-06-24 02:36:00,1.42643,1.42643,1.42641,1.42641,33800001.14440918
2011-06-24 02:37:00,1.42641,1.42641,1.42632,1.42632,430900001.5258789
2011-06-24 02:38:00,1.42631,1.42644,1.4263,1.42638,449500007.62939453
2011-06-24 02:39:00,1.42638,1.42638,1.42633,1.42633,311800003.0517578
2011-06-24 02:40:00,1.42635,1.42635,1.42633,1.42633,146899995.803833
2011-06-24 02:41:00,1.42629,1.42629,1.42581,1.42591,1465800018.3105469
2011-06-24 02:42:00,1.42591,1.42599,1.42556,1.42556,896399993.8964844
2011-06-24 02:43:00,1.42558,1.42559,1.42545,1.42559,747699966.4306641
2011-06-24 02:44:00,1.42562,1.42574,1.42562,1.42566,709899978.6376953
2011-06-24 02:45:00,1.42565,1.4257,1.42552,1.42566,523300018.3105469
2011-06-24 02:46:00,1.42568,1.42585,1.42568,1.42577,595200004.5776367
2011-06-24 02:47:00,1.42578,1.42591,1.42578,1.42582,531300010.68115234
2011-06-24 02:48:00,1.4258,1.42585,1.42559,1.42559,437999992.37060547
2011-06-24 02:49:00,1.42559,1.42588,1.42549,1.42562,1626999969.4824219
2011-06-24 02:50:00,1.42558,1.42563,1.42554,1.42558,537999992.3706055
2011-06-24 02:51:00,1.42555,1.42565,1.42552,1.42564,780400009.1552734
2011-06-24 02:52:00,1.42566,1.42568,1.42543,1.42543,780100021.3623047
2011-06-24 02:53:00,1.42543,1.42553,1.42538,1.42544,1722400054.9316406
2011-06-24 02:54:00,1.42545,1.42563,1.42545,1.42551,644800033.5693359
2011-06-24 02:55:00,1.42553,1.42553,1.42536,1.42538,847900009.1552734
2011-06-24 02:56:00,1.42538,1.42545,1.42534,1.42541,1117900009.1552734
2011-06-24 02:57:00,1.4254,1.42555,1.42536,1.42547,653199996.9482422
2011-06-24 02:58:00,1.42547,1.42547,1.4253,1.42531,654300003.0517578
2011-06-24 02:59:00,1.42531,1.42533,1.4251,1.42519,1245500030.5175781
2011-06-24 03:00:00,1.4252,1.42522,1.4251,1.42518,774400024.4140625
2011-06-24 03:01:00,1.42519,1.4254,1.42519,1.42525,1016399993.8964844
2011-06-24 03:02:00,1.42524,1.42532,1.42514,1.42522,713300018.3105469
2011-06-24 03:03:00,1.42519,1.42525,1.42501,1.42506,810500030.5175781
2011-06-24 03:04:00,1.42507,1.42533,1.42505,1.42526,997600021.3623047
2011-06-24 03:05:00,1.42523,1.42557,1.42523,1.42557,1156500015.258789
2011-06-24 03:06:00,1.42557,1.42565,1.42523,1.42545,1227500000.0
2011-06-24 03:07:00,1.42545,1.42559,1.42545,1.42556,651999969.4824219
2011-06-24 03:08:00,1.42556,1.42598,1.42554,1.42585,1078399963.3789062
2011-06-24 03:09:00,1.42588,1.42596,1.4257,1.42579,910800018.3105469
2011-06-24 03:10:00,1.42579,1.42579,1.42571,1.42572,448100013.73291016
2011-06-24 03:11:00,1.42573,1.4258,1.42573,1.42575,431899986.26708984
2011-06-24 03:12:00,1.42575,1.42579,1.42573,1.42573,182500000.0
2011-06-24 03:13:00,1.42575,1.42578,1.42574,1.42574,154600000.38146973
2011-06-24 03:14:00,1.42574,1.42574,1.4257,1.4257,153900003.43322754
2011-06-24 03:15:00,1.4257,1.42572,1.4257,1.4257,86400003.43322754
2011-06-24 03:16:00,1.42569,1.42574,1.42555,1.42561,705599975.5859375
2011-06-24 03:17:00,1.42562,1.42563,1.42529,1.42555,1099400024.4140625
2011-06-24 03:18:00,1.42555,1.42578,1.42547,1.42555,1165400009.1552734
2011-06-24 03:19:00,1.42555,1.42564,1.4254,1.42552,831100006.1035156
2011-06-24 03:20:00,1.4255,1.4255,1.42529,1.42535,1362100067.1386719
2011-06-24 03:21:00,1.42532,1.4254,1.42531,1.4254,457400016.78466797
2011-06-24 03:22:00,1.42539,1.42564,1.42528,1.42545,1747700042.7246094
2011-06-24 03:23:00,1.42545,1.42555,1.4254,1.42541,765500030.5175781
2011-06-24 03:24:00,1.42539,1.42539,1.42535,1.42539,188600006.10351562
2011-06-24 03:25:00,1.42539,1.42546,1.42525,1.42535,732300033.5693359
2011-06-24 03:26:00,1.42535,1.42536,1.42519,1.42525,709599990.8447266
2011-06-24 03:27:00,1.42525,1.42542,1.42516,1.42541,784599990.8447266
2011-06-24 03:28:00,1.42543,1.42553,1.42536,1.42541,671500015.2587891
2011-06-24 03:29:00,1.4254,1.42552,1.42534,1.42534,1372599945.0683594
2011-06-24 03:30:00,1.42532,1.4255,1.42526,1.42546,682200012.2070312
2011-06-24 03:31:00,1.42546,1.42556,1.42546,1.42555,845299987.7929688
2011-06-24 03:32:00,1.42556,1.42576,1.42556,1.42576,910699996.9482422
2011-06-24 03:33:00,1.42576,1.42576,1.42553,1.42571,1257500000.0
2011-06-24 03:34:00,1.4257,1.42611,1.42562,1.42608,1286699981.6894531
2011-06-24 03:35:00,1.42609,1.4261,1.42576,1.42576,1458000030.5175781
2011-06-24 03:36:00,1.42574,1.42606,1.42569,1.42596,1230800018.3105469
2011-06-24 03:37:00,1.42596,1.42603,1.42585,1.42595,706200027.4658203
2011-06-24 03:38:00,1.42594,1.42594,1.42592,1.42593,195699996.9482422
2011-06-24 03:39:00,1.42594,1.42599,1.42591,1.42593,149499998.09265137
2011-06-24 03:40:00,1.42591,1.42595,1.42591,1.42593,251000003.81469727
2011-06-24 03:41:00,1.42593,1.42597,1.42591,1.42593,312999992.37060547
2011-06-24 03:42:00,1.42592,1.42592,1.42592,1.42592,22500000.0
2011-06-24 03:43:00,1.42592,1.42592,1.42591,1.42591,37599999.90463257
2011-06-24 03:44:00,1.42593,1.42593,1.42562,1.42563,796900024.4140625
2011-06-24 03:45:00,1.42561,1.42564,1.42555,1.42555,349099998.4741211
2011-06-24 03:46:00,1.42555,1.42562,1.42553,1.42553,566100006.1035156
2011-06-24 03:47:00,1.42553,1.42559,1.4255,1.42555,720000000.0
2011-06-24 03:48:00,1.42557,1.42563,1.42556,1.42561,349700012.20703125
2011-06-24 03:49:00,1.42561,1.42575,1.4255,1.42572,1348500061.0351562
2011-06-24 03:50:00,1.42572,1.42573,1.42554,1.42554,719599990.8447266
2011-06-24 03:51:00,1.42554,1.42574,1.42554,1.42564,824800033.5693359
2011-06-24 03:52:00,1.42561,1.42561,1.42551,1.42551,475600013.73291016
2011-06-24 03:53:00,1.42551,1.4256,1.42541,1.42546,1276200027.4658203
2011-06-24 03:54:00,1.42546,1.42573,1.42545,1.42569,1105800018.3105469
2011-06-24 03:55:00,1.42568,1.42572,1.42557,1.42565,821500015.2587891
2011-06-24 03:56:00,1.42565,1.42596,1.42565,1.42596,690899963.3789062
2011-06-24 03:57:00,1.42596,1.42606,1.42591,1.42596,593199996.9482422
2011-06-24 03:58:00,1.42596,1.42596,1.42573,1.42586,771500015.2587891
2011-06-24 03:59:00,1.42588,1.42592,1.42571,1.42581,620600013.7329102
2011-06-24 04:00:00,1.42583,1.42585,1.42556,1.42563,1399499969.4824219
2011-06-24 04:01:00,1.42558,1.42588,1.42552,1.42585,1227399978.6376953
2011-06-24 04:02:00,1.42585,1.42586,1.42578,1.42582,644000015.2587891
2011-06-24 04:03:00,1.42584,1.42586,1.42574,1.42584,580900001.5258789
2011-06-24 04:04:00,1.42579,1.4259,1.42578,1.42585,352099990.84472656
2011-06-24 04:05:00,1.42583,1.42599,1.42577,1.42593,999199981.6894531
2011-06-24 04:06:00,1.42594,1.42616,1.42594,1.42614,327400016.78466797
2011-06-24 04:07:00,1.42616,1.42637,1.42614,1.42634,588800010.6811523
2011-06-24 04:08:00,1.42633,1.42633,1.42614,1.42616,1475899963.3789062
2011-06-24 04:09:00,1.42618,1.42629,1.42595,1.42599,1375200042.7246094
2011-06-24 04:10:00,1.42597,1.42627,1.42597,1.42616,954300003.0517578
2011-06-24 04:11:00,1.42616,1.42647,1.42616,1.42647,564000015.2587891
2011-06-24 04:12:00,1.42647,1.42653,1.42619,1.42639,2058399963.3789062
2011-06-24 04:13:00,1.42637,1.42648,1.42629,1.42643,854700012.2070312
2011-06-24 04:14:00,1.42647,1.42651,1.42642,1.42646,640400009.1552734
2011-06-24 04:15:00,1.42647,1.42686,1.42642,1.42686,1223399963.3789062
2011-06-24 04:16:00,1.42686,1.4271,1.4266,1.42668,1699799957.2753906
2011-06-24 04:17:00,1.42668,1.42673,1.4265,1.42652,1050800018.3105469
2011-06-24 04:18:00,1.42651,1.42678,1.42651,1.4266,1287899932.8613281
2011-06-24 04:19:00,1.4266,1.42669,1.42652,1.42656,736500015.2587891
2011-06-24 04:20:00,1.42658,1.42667,1.4265,1.42658,835500030.5175781
2011-06-24 04:21:00,1.42658,1.42658,1.4265,1.42657,720400009.1552734
2011-06-24 04:22:00,1.42656,1.42656,1.42613,1.42615,895500030.5175781
2011-06-24 04:23:00,1.42616,1.42655,1.42616,1.42647,553199996.9482422
2011-06-24 04:24:00,1.42647,1.42648,1.42642,1.42642,182600002.28881836
2011-06-24 04:25:00,1.42642,1.42643,1.42642,1.42643,73699998.85559082
2011-06-24 04:26:00,1.42643,1.42646,1.42633,1.42633,414900016.78466797
2011-06-24 04:27:00,1.42633,1.42635,1.42628,1.42635,309799995.4223633
2011-06-24 04:28:00,1.42635,1.42635,1.4263,1.4263,399900016.78466797
2011-06-24 04:29:00,1.4263,1.42635,1.4263,1.42635,70799999.23706055
2011-06-24 04:30:00,1.42635,1.42651,1.42633,1.42634,800899963.3789062
2011-06-24 04:31:00,1.42635,1.42635,1.4262,1.42629,702699966.4306641
2011-06-24 04:32:00,1.42635,1.42635,1.42625,1.42635,347200012.20703125
2011-06-24 04:33:00,1.42635,1.42635,1.42631,1.42632,150399999.61853027
2011-06-24 04:34:00,1.42631,1.42633,1.4262,1.4262,544700012.2070312
2011-06-24 04:35:00,1.42619,1.42621,1.42617,1.42619,281800003.0517578
2011-06-24 04:36:00,1.4262,1.42621,1.42608,1.42611,793499984.7412109
2011-06-24 04:37:00,1.42611,1.42612,1.426,1.42606,798000030.5175781
2011-06-24 04:38:00,1.42606,1.42607,1.426,1.42603,668099975.5859375
2011-06-24 04:39:00,1.42601,1.42603,1.42582,1.42586,675400009.1552734
2011-06-24 04:40:00,1.42586,1.42598,1.42583,1.4259,522400016.78466797
2011-06-24 04:41:00,1.4259,1.42612,1.4259,1.42603,888499984.7412109
2011-06-24 04:42:00,1.42603,1.42615,1.42603,1.42613,501899986.26708984
2011-06-24 04:43:00,1.42613,1.42613,1.42591,1.42593,761699981.6894531
2011-06-24 04:44:00,1.42594,1.42599,1.42584,1.42598,756299972.5341797
2011-06-24 04:45:00,1.42597,1.42625,1.42592,1.42615,1159199981.6894531
2011-06-24 04:46:00,1.42616,1.4263,1.42614,1.42619,973300018.3105469
2011-06-24 04:47:00,1.42619,1.42624,1.42604,1.42604,440400009.15527344
2011-06-24 04:48:00,1.42601,1.42606,1.42589,1.42602,603899993.8964844
2011-06-24 04:49:00,1.42602,1.42612,1.42601,1.42606,621100006.1035156
2011-06-24 04:50:00,1.42606,1.42613,1.42602,1.42612,484199981.6894531
2011-06-24 04:51:00,1.42612,1.42621,1.42612,1.42615,587999992.3706055
2011-06-24 04:52:00,1.42616,1.42616,1.42613,1.42613,93199996.94824219
2011-06-24 04:53:00,1.42612,1.42614,1.4261,1.42613,431199989.31884766
2011-06-24 04:54:00,1.42614,1.42621,1.4261,1.42619,503499984.74121094
2011-06-24 04:55:00,1.42619,1.42629,1.42619,1.42629,399099998.4741211
2011-06-24 04:56:00,1.42629,1.42629,1.42613,1.42614,468600006.1035156
2011-06-24 04:57:00,1.42613,1.42615,1.4261,1.42613,344199981.6894531
2011-06-24 04:58:00,1.42614,1.42618,1.42614,1.42618,289300003.0517578
2011-06-24 04:59:00,1.42616,1.42616,1.4261,1.42613,247299995.42236328
2011-06-24 05:00:00,1.42613,1.42615,1.42612,1.42613,148800001.14440918
2011-06-24 05:01:00,1.42614,1.42648,1.42614,1.42647,777300033.5693359
2011-06-24 05:02:00,1.42647,1.42666,1.42647,1.42651,565900001.5258789
2011-06-24 05:03:00,1.42651,1.42667,1.42644,1.42661,606399993.8964844
2011-06-24 05:04:00,1.42662,1.42674,1.42652,1.42652,651299972.5341797
2011-06-24 05:05:00,1.42654,1.42664,1.4265,1.42657,524300003.0517578
2011-06-24 05:06:00,1.42656,1.42668,1.42655,1.42664,540099983.215332
2011-06-24 05:07:00,1.42666,1.42684,1.42666,1.42676,940999984.7412109
2011-06-24 05:08:00,1.42676,1.42676,1.42644,1.42648,691900024.4140625
2011-06-24 05:09:00,1.42644,1.42655,1.4263,1.42633,815599975.5859375
2011-06-24 05:10:00,1.42636,1.42655,1.42635,1.42652,643000030.5175781
2011-06-24 05:11:00,1.42652,1.42654,1.42635,1.42646,1078399963.3789062
2011-06-24 05:12:00,1.42644,1.42653,1.42643,1.42653,472200012.20703125
2011-06-24 05:13:00,1.42654,1.42656,1.42641,1.42645,380699996.9482422
2011-06-24 05:14:00,1.42645,1.42654,1.4264,1.42647,624099998.4741211
2011-06-24 05:15:00,1.42647,1.42661,1.42647,1.42661,510699996.9482422
2011-06-24 05:16:00,1.42664,1.42685,1.42656,1.42676,1129000015.258789
2011-06-24 05:17:00,1.42677,1.42677,1.42672,1.42672,95399999.61853027
2011-06-24 05:18:00,1.42669,1.42683,1.42667,1.42683,420999984.74121094
2011-06-24 05:19:00,1.42681,1.42688,1.42681,1.42688,335000000.0
2011-06-24 05:20:00,1.4269,1.427,1.42688,1.42691,326100006.1035156
2011-06-24 05:21:00,1.42693,1.42714,1.42688,1.42695,1173700027.4658203
2011-06-24 05:22:00,1.42695,1.42697,1.42675,1.42686,991800003.0517578
2011-06-24 05:23:00,1.42685,1.42701,1.42683,1.42698,850199966.4306641
2011-06-24 05:24:00,1.427,1.42706,1.42672,1.42672,1306000061.0351562
2011-06-24 05:25:00,1.42674,1.42686,1.42667,1.42677,965599975.5859375
2011-06-24 05:26:00,1.42675,1.42685,1.42675,1.42681,632299995.4223633
2011-06-24 05:27:00,1.42681,1.4269,1.42674,1.42686,911399993.8964844
2011-06-24 05:28:00,1.42686,1.42696,1.42683,1.42696,506800003.0517578
2011-06-24 05:29:00,1.42695,1.42699,1.42682,1.42682,1046500015.2587891
2011-06-24 05:30:00,1.42681,1.42685,1.42676,1.42678,431100006.1035156
2011-06-24 05:31:00,1.42681,1.42691,1.42669,1.42669,1052699966.4306641
2011-06-24 05:32:00,1.42669,1.42677,1.42659,1.42662,762500000.0
2011-06-24 05:33:00,1.42662,1.42662,1.42624,1.42633,1607200012.2070312
2011-06-24 05:34:00,1.42627,1.42637,1.42604,1.42614,1036900024.4140625
2011-06-24 05:35:00,1.42615,1.42643,1.42615,1.4262,1000100021.3623047
2011-06-24 05:36:00,1.42623,1.42634,1.42623,1.42623,441699981.6894531
2011-06-24 05:37:00,1.42622,1.42635,1.42621,1.42626,599700012.2070312
2011-06-24 05:38:00,1.42626,1.42626,1.42594,1.426,417299995.4223633
2011-06-24 05:39:00,1.42605,1.42621,1.42605,1.42616,577400016.784668
2011-06-24 05:40:00,1.42616,1.42627,1.42592,1.42624,1342100067.1386719
2011-06-24 05:41:00,1.42624,1.42627,1.4262,1.42627,161599998.4741211
2011-06-24 05:42:00,1.42627,1.42627,1.42621,1.42621,255599994.65942383
2011-06-24 05:43:00,1.42622,1.42629,1.42619,1.42626,391399993.8964844
2011-06-24 05:44:00,1.42626,1.42634,1.42611,1.42611,547500000.0
2011-06-24 05:45:00,1.4261,1.4261,1.42556,1.42568,1108899993.8964844
2011-06-24 05:46:00,1.42569,1.42581,1.42569,1.42579,528199996.9482422
2011-06-24 05:47:00,1.42579,1.42579,1.42532,1.42534,1084499969.4824219
2011-06-24 05:48:00,1.42535,1.42551,1.42534,1.42548,719599990.8447266
2011-06-24 05:49:00,1.42549,1.42549,1.42531,1.4254,873300018.3105469
2011-06-24 05:50:00,1.42539,1.42548,1.4253,1.42539,999499969.4824219
2011-06-24 05:51:00,1.42536,1.4254,1.42531,1.4254,473100013.73291016
2011-06-24 05:52:00,1.42539,1.42539,1.42516,1.42534,830100021.3623047
2011-06-24 05:53:00,1.42534,1.42534,1.42507,1.42508,828000030.5175781
2011-06-24 05:54:00,1.42513,1.42527,1.42511,1.42522,797699966.4306641
2011-06-24 05:55:00,1.42522,1.42522,1.42491,1.42493,1238799972.5341797
2011-06-24 05:56:00,1.42493,1.42499,1.42488,1.42489,1006699981.6894531
2011-06-24 05:57:00,1.4249,1.42501,1.42489,1.42494,932900009.1552734
2011-06-24 05:58:00,1.42494,1.4251,1.42491,1.42506,1083300018.3105469
2011-06-24 05:59:00,1.42501,1.42516,1.42493,1.42512,850100021.3623047
2011-06-24 06:00:00,1.42514,1.4252,1.425,1.42504,1316000061.0351562
2011-06-24 06:01:00,1.42511,1.42541,1.42511,1.42536,1339100036.6210938
2011-06-24 06:02:00,1.42537,1.42561,1.42533,1.4254,1803399963.3789062
2011-06-24 06:03:00,1.4254,1.42561,1.42529,1.42529,1837899932.8613281
2011-06-24 06:04:00,1.42529,1.42552,1.42514,1.42552,1621000061.0351562
2011-06-24 06:05:00,1.42553,1.4256,1.42551,1.42552,1463399963.3789062
2011-06-24 06:06:00,1.42555,1.42585,1.42552,1.42567,1394199981.6894531
2011-06-24 06:07:00,1.42568,1.42582,1.4256,1.42573,1661999969.4824219
2011-06-24 06:08:00,1.42573,1.42573,1.4255,1.4255,776299972.5341797
2011-06-24 06:09:00,1.42553,1.42562,1.42519,1.42523,1071900024.4140625
2011-06-24 06:10:00,1.42523,1.42554,1.42523,1.4254,1615599975.5859375
2011-06-24 06:11:00,1.42538,1.42538,1.425,1.42502,1567200012.2070312
2011-06-24 06:12:00,1.42502,1.42523,1.42489,1.42523,1237399978.6376953
2011-06-24 06:13:00,1.42524,1.42555,1.42511,1.42535,1850800018.3105469
2011-06-24 06:14:00,1.42537,1.42538,1.42513,1.42529,1519400024.4140625
2011-06-24 06:15:00,1.42528,1.42563,1.42528,1.42552,1683099975.5859375
2011-06-24 06:16:00,1.42553,1.42593,1.42546,1.42588,1413300018.3105469
2011-06-24 06:17:00,1.42586,1.4259,1.42569,1.42588,1564799957.2753906
2011-06-24 06:18:00,1.42589,1.42652,1.42586,1.42652,2587200012.2070312
2011-06-24 06:19:00,1.42651,1.42659,1.42579,1.42592,2419700012.2070312
2011-06-24 06:20:00,1.42592,1.42641,1.42592,1.42625,2917300109.8632812
2011-06-24 06:21:00,1.42624,1.42641,1.42606,1.42641,2065500030.5175781
2011-06-24 06:22:00,1.42641,1.42645,1.4263,1.42634,1711699981.6894531
2011-06-24 06:23:00,1.42633,1.42635,1.42612,1.4262,1147699966.430664
2011-06-24 06:24:00,1.42621,1.42631,1.42611,1.42631,1299799957.2753906
2011-06-24 06:25:00,1.42637,1.42652,1.42631,1.4265,1592599945.0683594
2011-06-24 06:26:00,1.4265,1.42665,1.42635,1.42635,1686600036.6210938
2011-06-24 06:27:00,1.42635,1.42639,1.42604,1.42604,1903899993.8964844
2011-06-24 06:28:00,1.42603,1.42609,1.42588,1.4259,2113600006.1035156
2011-06-24 06:29:00,1.42596,1.42603,1.42561,1.42562,1736999969.4824219
2011-06-24 06:30:00,1.42562,1.42581,1.42556,1.42576,1065000000.0
2011-06-24 06:31:00,1.42574,1.42581,1.42558,1.42569,1607400054.9316406
2011-06-24 06:32:00,1.42569,1.42581,1.42559,1.42565,1179599990.8447266
2011-06-24 06:33:00,1.42565,1.42565,1.42508,1.42508,1194800033.569336
2011-06-24 06:34:00,1.42502,1.42507,1.424,1.42402,2461699981.689453
2011-06-24 06:35:00,1.42401,1.42433,1.42401,1.42431,1988600006.1035156
2011-06-24 06:36:00,1.42433,1.42435,1.42385,1.42385,2090700073.2421875
2011-06-24 06:37:00,1.42385,1.42394,1.42353,1.42364,2456199951.171875
2011-06-24 06:38:00,1.42357,1.42396,1.42355,1.42396,1298099975.5859375
2011-06-24 06:39:00,1.42397,1.42439,1.42395,1.4241,2196900024.4140625
2011-06-24 06:40:00,1.4241,1.4241,1.42301,1.42312,3083599853.515625
2011-06-24 06:41:00,1.42312,1.4232,1.4229,1.42294,1869199981.6894531
2011-06-24 06:42:00,1.42294,1.42351,1.42293,1.42344,1932400054.9316406
2011-06-24 06:43:00,1.42346,1.42352,1.42335,1.42352,1259100036.6210938
2011-06-24 06:44:00,1.4235,1.42363,1.42338,1.42359,1748000030.5175781
2011-06-24 06:45:00,1.42356,1.42365,1.42335,1.42342,2458300018.310547
2011-06-24 06:46:00,1.42341,1.42373,1.42317,1.42372,1927299957.2753906
2011-06-24 06:47:00,1.42372,1.42377,1.42361,1.42373,1591999969.4824219
2011-06-24 06:48:00,1.42372,1.42372,1.42332,1.42346,2437500000.0
2011-06-24 06:49:00,1.42346,1.42407,1.42346,1.42401,1998000030.5175781
2011-06-24 06:50:00,1.424,1.42432,1.42388,1.42399,2363899993.8964844
2011-06-24 06:51:00,1.42399,1.42399,1.42375,1.42375,2400700073.2421875
2011-06-24 06:52:00,1.42375,1.4239,1.42374,1.42378,1660800018.3105469
2011-06-24 06:53:00,1.42378,1.42378,1.42349,1.42354,1098499984.741211
2011-06-24 06:54:00,1.42358,1.4238,1.42358,1.42363,1931300048.828125
2011-06-24 06:55:00,1.42364,1.42391,1.42364,1.42383,933700027.4658203
2011-06-24 06:56:00,1.42383,1.42383,1.42333,1.42333,1504400024.4140625
2011-06-24 06:57:00,1.42332,1.42346,1.42315,1.42346,1554600067.1386719
2011-06-24 06:58:00,1.4234,1.42372,1.42331,1.42372,1396999969.4824219
2011-06-24 06:59:00,1.42373,1.42403,1.42373,1.42395,1305000000.0
2011-06-24 07:00:00,1.42396,1.42397,1.42341,1.42351,1929299926.7578125
2011-06-24 07:01:00,1.42349,1.42416,1.42349,1.42416,2547500000.0
2011-06-24 07:02:00,1.42416,1.42467,1.42416,1.42434,2221699981.689453
2011-06-24 07:03:00,1.42434,1.42443,1.4241,1.42423,2246900024.4140625
2011-06-24 07:04:00,1.42425,1.42433,1.42413,1.4242,1623300018.3105469
2011-06-24 07:05:00,1.42421,1.42438,1.42421,1.42434,1954600067.1386719
2011-06-24 07:06:00,1.42434,1.42458,1.42411,1.42456,2778599853.515625
2011-06-24 07:07:00,1.42457,1.42457,1.42423,1.42432,1836600036.6210938
2011-06-24 07:08:00,1.42432,1.42437,1.42406,1.42414,2142299957.2753906
2011-06-24 07:09:00,1.42413,1.42429,1.42403,1.42425,1705399932.8613281
2011-06-24 07:10:00,1.42425,1.42437,1.42409,1.42432,2793900146.484375
2011-06-24 07:11:00,1.42432,1.4244,1.42419,1.42424,2113600006.1035156
2011-06-24 07:12:00,1.42424,1.42424,1.42373,1.42373,2119299926.7578125
2011-06-24 07:13:00,1.42372,1.42381,1.4233,1.42335,2124700012.2070312
2011-06-24 07:14:00,1.42339,1.42351,1.42319,1.42347,1815299987.7929688
2011-06-24 07:15:00,1.42346,1.42363,1.42315,1.42342,2224199981.689453
2011-06-24 07:16:00,1.42342,1.42356,1.42339,1.42348,1538000030.5175781
2011-06-24 07:17:00,1.42349,1.42349,1.42339,1.42342,773499984.7412109
2011-06-24 07:18:00,1.42341,1.42342,1.42274,1.42293,1576699981.6894531
2011-06-24 07:19:00,1.42291,1.42291,1.42229,1.42251,2671400146.484375
2011-06-24 07:20:00,1.42253,1.42253,1.42226,1.42248,2255299987.7929688
2011-06-24 07:21:00,1.4225,1.42268,1.42236,1.4224,1983899993.8964844
2011-06-24 07:22:00,1.42241,1.42249,1.42231,1.42233,2191699981.689453
2011-06-24 07:23:00,1.42231,1.42231,1.42108,1.42122,3402300109.8632812
2011-06-24 07:24:00,1.42119,1.42166,1.42119,1.42159,2446999969.482422
2011-06-24 07:25:00,1.42158,1.42192,1.42154,1.42186,2420899963.3789062
2011-06-24 07:26:00,1.42186,1.42207,1.42182,1.42192,2322799987.7929688
2011-06-24 07:27:00,1.42192,1.42199,1.42155,1.42157,2699599914.5507812
2011-06-24 07:28:00,1.42155,1.42169,1.42139,1.42139,1774400024.4140625
2011-06-24 07:29:00,1.42139,1.42148,1.42077,1.42112,2795700073.2421875
2011-06-24 07:30:00,1.42112,1.42123,1.42062,1.42069,3282799987.7929688
2011-06-24 07:31:00,1.42066,1.42066,1.42012,1.42022,2972300109.8632812
2011-06-24 07:32:00,1.42027,1.42049,1.42023,1.42033,1744299926.7578125
2011-06-24 07:33:00,1.42033,1.4207,1.42033,1.4207,1921100006.1035156
2011-06-24 07:34:00,1.42069,1.42069,1.42015,1.42045,1899400024.4140625
2011-06-24 07:35:00,1.42045,1.42074,1.42034,1.42039,3638699951.171875
2011-06-24 07:36:00,1.42039,1.42045,1.41969,1.42003,2882099914.5507812
2011-06-24 07:37:00,1.42003,1.42003,1.41977,1.41996,2422400054.9316406
2011-06-24 07:38:00,1.41996,1.42047,1.41996,1.42046,3224299926.7578125
2011-06-24 07:39:00,1.42046,1.42046,1.42025,1.42032,3185100097.65625
2011-06-24 07:40:00,1.42032,1.42057,1.42032,1.42036,2710299987.7929688
2011-06-24 07:41:00,1.42034,1.42046,1.42013,1.42038,2530200042.7246094
2011-06-24 07:42:00,1.42038,1.42075,1.42033,1.42052,2868599853.515625
2011-06-24 07:43:00,1.42051,1.42088,1.42043,1.42086,3068599853.515625
2011-06-24 07:44:00,1.42086,1.421,1.42083,1.4209,2290700073.2421875
2011-06-24 07:45:00,1.4209,1.4209,1.42084,1.42084,1372500000.0
2011-06-24 07:46:00,1.42081,1.42086,1.42047,1.42047,1989499969.4824219
2011-06-24 07:47:00,1.42045,1.42083,1.42045,1.42083,979499969.4824219
2011-06-24 07:48:00,1.42083,1.42097,1.42081,1.42094,1244100036.6210938
2011-06-24 07:49:00,1.42097,1.42149,1.42094,1.42137,1938399963.3789062
2011-06-24 07:50:00,1.42136,1.42141,1.42113,1.42119,2832399902.34375
2011-06-24 07:51:00,1.42122,1.42123,1.42077,1.42089,2687799987.7929688
2011-06-24 07:52:00,1.42089,1.42123,1.42084,1.42097,1985700073.2421875
2011-06-24 07:53:00,1.42097,1.42127,1.42088,1.42125,1930299987.7929688
2011-06-24 07:54:00,1.42127,1.42139,1.42113,1.42117,2984299926.7578125
2011-06-24 07:55:00,1.42119,1.42126,1.4206,1.4206,2053500061.0351562
2011-06-24 07:56:00,1.42053,1.42093,1.42053,1.42078,1750299987.7929688
2011-06-24 07:57:00,1.42077,1.42112,1.42064,1.42064,2198699951.171875
2011-06-24 07:58:00,1.42064,1.4207,1.42045,1.42058,1635500030.5175781
2011-06-24 07:59:00,1.4206,1.42079,1.42046,1.42068,2342400054.9316406
2011-06-24 08:00:00,1.42068,1.42309,1.42055,1.42309,6275000000.0
2011-06-24 08:01:00,1.4231,1.42377,1.42266,1.42267,4878800048.828125
2011-06-24 08:02:00,1.42269,1.42356,1.42243,1.42356,4234500122.0703125
2011-06-24 08:03:00,1.42359,1.42393,1.42337,1.42384,4147999877.9296875
2011-06-24 08:04:00,1.42382,1.4239,1.42355,1.42365,3414400024.4140625
2011-06-24 08:05:00,1.42365,1.42365,1.4224,1.4228,3634800109.8632812
2011-06-24 08:06:00,1.42277,1.42332,1.4227,1.42327,3232200012.2070312
2011-06-24 08:07:00,1.42325,1.42331,1.42294,1.42315,2500000000.0
2011-06-24 08:08:00,1.42314,1.4239,1.42313,1.42364,3430000000.0
2011-06-24 08:09:00,1.42364,1.42374,1.42324,1.4233,2202200012.2070312
2011-06-24 08:10:00,1.42331,1.4235,1.42303,1.42306,2128099975.5859375
2011-06-24 08:11:00,1.42307,1.42324,1.42268,1.42268,2564500122.0703125
2011-06-24 08:12:00,1.4227,1.42315,1.4227,1.4231,2571700134.2773438
2011-06-24 08:13:00,1.42311,1.42336,1.42283,1.42283,2786499938.9648438
2011-06-24 08:14:00,1.42284,1.42303,1.42262,1.42292,1504400024.4140625
2011-06-24 08:15:00,1.42296,1.4233,1.42293,1.4233,2452299957.2753906
2011-06-24 08:16:00,1.42331,1.42334,1.42273,1.42326,2461300048.828125
2011-06-24 08:17:00,1.42328,1.42404,1.42315,1.42383,2660700073.2421875
2011-06-24 08:18:00,1.42383,1.42453,1.42365,1.42449,3149700012.2070312
2011-06-24 08:19:00,1.4245,1.4245,1.42403,1.42438,2917600097.65625
2011-06-24 08:20:00,1.42435,1.42481,1.42434,1.42434,2899400024.4140625
2011-06-24 08:21:00,1.42434,1.42446,1.42405,1.42408,2833900146.484375
2011-06-24 08:22:00,1.42408,1.42417,1.42404,1.42407,1438399963.3789062
2011-06-24 08:23:00,1.42406,1.42456,1.42393,1.42447,2012299957.2753906
2011-06-24 08:24:00,1.42451,1.42492,1.42443,1.42451,2582999877.9296875
2011-06-24 08:25:00,1.42455,1.42468,1.42431,1.42435,2078399963.3789062
2011-06-24 08:26:00,1.42435,1.42459,1.42424,1.4244,2360800018.310547
2011-06-24 08:27:00,1.42441,1.42469,1.42441,1.42457,2140800018.3105469
2011-06-24 08:28:00,1.42459,1.42466,1.42439,1.42443,1771900024.4140625
2011-06-24 08:29:00,1.42441,1.42467,1.42441,1.42465,1795500030.5175781
2011-06-24 08:30:00,1.42465,1.42477,1.42455,1.42477,2058000030.5175781
2011-06-24 08:31:00,1.42477,1.42508,1.42464,1.42501,2901400146.484375
2011-06-24 08:32:00,1.42495,1.42543,1.42493,1.42541,2448300018.310547
2011-06-24 08:33:00,1.42539,1.42569,1.42523,1.42565,2614599914.5507812
2011-06-24 08:34:00,1.42565,1.42565,1.42511,1.42535,2569599914.5507812
2011-06-24 08:35:00,1.42533,1.42563,1.42523,1.4253,3043500061.0351562
2011-06-24 08:36:00,1.42532,1.42606,1.42525,1.42596,3005000000.0
2011-06-24 08:37:00,1.42598,1.42611,1.42564,1.42569,2898999938.9648438
2011-06-24 08:38:00,1.42563,1.42578,1.42543,1.42545,1774100036.6210938
2011-06-24 08:39:00,1.42543,1.42567,1.42539,1.42567,1576199951.171875
2011-06-24 08:40:00,1.42566,1.42601,1.42565,1.42589,1075299987.7929688
2011-06-24 08:41:00,1.42589,1.42598,1.42565,1.42583,1790299987.7929688
2011-06-24 08:42:00,1.42589,1.42589,1.42551,1.42551,1490200042.7246094
2011-06-24 08:43:00,1.42551,1.42558,1.42545,1.42552,1450000000.0
2011-06-24 08:44:00,1.42552,1.42572,1.42546,1.42546,1888899993.8964844
2011-06-24 08:45:00,1.42546,1.42546,1.42527,1.42534,1808899993.8964844
2011-06-24 08:46:00,1.42534,1.42538,1.42523,1.42535,2046699981.6894531
2011-06-24 08:47:00,1.42533,1.42551,1.42529,1.42533,1857100067.1386719
2011-06-24 08:48:00,1.42534,1.42564,1.42534,1.42559,1295700073.2421875
2011-06-24 08:49:00,1.42552,1.42702,1.42548,1.42702,2540500030.517578
2011-06-24 08:50:00,1.42707,1.42771,1.42707,1.4275,4702799987.792969
2011-06-24 08:51:00,1.4275,1.42869,1.42746,1.42865,4582300109.863281
2011-06-24 08:52:00,1.42863,1.42876,1.42835,1.42858,3391700134.2773438
2011-06-24 08:53:00,1.42857,1.42878,1.42841,1.42871,3008699951.171875
2011-06-24 08:54:00,1.42871,1.42929,1.42864,1.42929,4070700073.2421875
2011-06-24 08:55:00,1.42928,1.42971,1.42925,1.42942,4291700134.2773438
2011-06-24 08:56:00,1.42941,1.42951,1.4292,1.42947,3195299987.7929688
2011-06-24 08:57:00,1.42953,1.42998,1.4294,1.42941,2516000061.0351562
2011-06-24 08:58:00,1.42941,1.42965,1.42937,1.42951,3596499938.9648438
2011-06-24 08:59:00,1.4295,1.43047,1.4295,1.43041,3949599914.5507812
2011-06-24 09:00:00,1.43041,1.43057,1.4302,1.43052,5055299987.792969
2011-06-24 09:01:00,1.43052,1.43054,1.43,1.43007,2699100036.6210938
2011-06-24 09:02:00,1.43003,1.43003,1.42967,1.42968,2484299926.7578125
2011-06-24 09:03:00,1.42968,1.42968,1.42937,1.42943,2112299957.2753906
2011-06-24 09:04:00,1.42945,1.42949,1.4292,1.4293,2123899993.8964844
2011-06-24 09:05:00,1.4293,1.42969,1.4293,1.42945,2496699981.689453
2011-06-24 09:06:00,1.42945,1.42999,1.42941,1.42997,2375399932.861328
2011-06-24 09:07:00,1.42996,1.43001,1.42955,1.42963,1724400024.4140625
2011-06-24 09:08:00,1.42965,1.42966,1.42909,1.42909,1647700042.7246094
2011-06-24 09:09:00,1.42905,1.42908,1.42857,1.42873,2115500030.5175781
2011-06-24 09:10:00,1.42872,1.42875,1.42848,1.42859,2734800109.8632812
2011-06-24 09:11:00,1.42859,1.42869,1.42835,1.42861,2618399963.3789062
2011-06-24 09:12:00,1.42861,1.42867,1.42854,1.42854,1346999969.4824219
2011-06-24 09:13:00,1.42853,1.42853,1.42833,1.42845,2115399932.8613281
2011-06-24 09:14:00,1.42847,1.42867,1.42844,1.42866,2221999969.482422
2011-06-24 09:15:00,1.42866,1.42875,1.42824,1.42825,2331000061.0351562
2011-06-24 09:16:00,1.42826,1.42853,1.42822,1.42849,1541300048.828125
2011-06-24 09:17:00,1.42849,1.42857,1.42844,1.42847,1626000061.0351562
2011-06-24 09:18:00,1.42847,1.42859,1.42835,1.42835,1225500030.5175781
2011-06-24 09:19:00,1.42833,1.42856,1.42821,1.42856,668399963.3789062
2011-06-24 09:20:00,1.42857,1.42876,1.42828,1.42828,1478200073.2421875
2011-06-24 09:21:00,1.42828,1.42832,1.42783,1.42783,1795000000.0
2011-06-24 09:22:00,1.42784,1.42815,1.42783,1.42805,2097500000.0
2011-06-24 09:23:00,1.42802,1.42805,1.42772,1.42773,2911600036.6210938
2011-06-24 09:24:00,1.42776,1.42786,1.42775,1.4278,2819700012.2070312
2011-06-24 09:25:00,1.42779,1.42797,1.42772,1.42784,2881900024.4140625
2011-06-24 09:26:00,1.42784,1.42843,1.42777,1.42843,3195599975.5859375
2011-06-24 09:27:00,1.42844,1.42867,1.42842,1.42856,2760499877.9296875
2011-06-24 09:28:00,1.42857,1.42869,1.42855,1.42864,1548500061.0351562
2011-06-24 09:29:00,1.42866,1.42866,1.42838,1.42838,2019299926.7578125
2011-06-24 09:30:00,1.42837,1.42851,1.42822,1.42827,1671600036.6210938
2011-06-24 09:31:00,1.42828,1.42832,1.42791,1.42792,2371600036.6210938
2011-06-24 09:32:00,1.42792,1.42794,1.42753,1.42758,2280800018.310547
2011-06-24 09:33:00,1.42756,1.42764,1.4275,1.42755,1186200027.4658203
2011-06-24 09:34:00,1.42755,1.42815,1.42755,1.42786,2429100036.6210938
2011-06-24 09:35:00,1.42783,1.42786,1.42769,1.42785,1403300018.3105469
2011-06-24 09:36:00,1.42789,1.42793,1.42778,1.42778,754300003.0517578
2011-06-24 09:37:00,1.42775,1.42775,1.42766,1.42772,1251299972.5341797
2011-06-24 09:38:00,1.42772,1.42805,1.4277,1.42787,1482100067.1386719
2011-06-24 09:39:00,1.42788,1.42813,1.42776,1.42808,1800399932.8613281
2011-06-24 09:40:00,1.42808,1.42808,1.42797,1.42805,1736799926.7578125
2011-06-24 09:41:00,1.42806,1.42831,1.42806,1.42825,1327500000.0
2011-06-24 09:42:00,1.42827,1.42833,1.42821,1.42829,1263899993.8964844
2011-06-24 09:43:00,1.42829,1.42829,1.42806,1.42814,1663300018.3105469
2011-06-24 09:44:00,1.42814,1.42832,1.42814,1.42826,1008099975.5859375
2011-06-24 09:45:00,1.42827,1.42834,1.42822,1.42832,2036999969.4824219
2011-06-24 09:46:00,1.42832,1.42859,1.42825,1.42854,1791300048.828125
2011-06-24 09:47:00,1.42854,1.42856,1.4281,1.42814,2123000030.5175781
2011-06-24 09:48:00,1.42813,1.42813,1.42788,1.4279,1055899963.3789062
2011-06-24 09:49:00,1.42788,1.42824,1.42788,1.4281,1854900054.9316406
2011-06-24 09:50:00,1.42804,1.42836,1.42794,1.42835,1543800048.828125
2011-06-24 09:51:00,1.42836,1.42838,1.42805,1.42811,1477700042.7246094
2011-06-24 09:52:00,1.42811,1.42815,1.42801,1.42806,1045999984.7412109
2011-06-24 09:53:00,1.42807,1.42807,1.42779,1.42792,1964700012.2070312
2011-06-24 09:54:00,1.42792,1.42795,1.4277,1.42771,1702899932.8613281
2011-06-24 09:55:00,1.42771,1.42798,1.42726,1.42798,2243699951.171875
2011-06-24 09:56:00,1.42798,1.42798,1.42727,1.42727,2154499969.482422
2011-06-24 09:57:00,1.42728,1.42745,1.42727,1.42739,1289900054.9316406
2011-06-24 09:58:00,1.42741,1.42759,1.42741,1.42757,862300033.5693359
2011-06-24 09:59:00,1.42757,1.42757,1.42724,1.42746,1164899978.6376953
2011-06-24 10:00:00,1.42747,1.42748,1.42722,1.42726,2006999969.4824219
2011-06-24 10:01:00,1.42727,1.42738,1.42719,1.42737,869700012.2070312
2011-06-24 10:02:00,1.42735,1.42741,1.42717,1.42718,1807100067.1386719
2011-06-24 10:03:00,1.4271,1.42717,1.42649,1.42654,2532200012.2070312
2011-06-24 10:04:00,1.42654,1.42654,1.4261,1.42617,2644500122.0703125
2011-06-24 10:05:00,1.42617,1.42617,1.42563,1.42563,3013099975.5859375
2011-06-24 10:06:00,1.42563,1.42587,1.42536,1.42536,2622900085.4492188
2011-06-24 10:07:00,1.42536,1.42536,1.42363,1.42363,3458500061.0351562
2011-06-24 10:08:00,1.42359,1.42442,1.42359,1.4239,3660400085.4492188
2011-06-24 10:09:00,1.42384,1.42439,1.42352,1.42438,3223099975.5859375
2011-06-24 10:10:00,1.42436,1.42457,1.42417,1.42444,3095299987.7929688
2011-06-24 10:11:00,1.42444,1.42446,1.42419,1.42439,2286900024.4140625
2011-06-24 10:12:00,1.42441,1.42496,1.42441,1.42495,3144700012.2070312
2011-06-24 10:13:00,1.42495,1.42555,1.42466,1.42467,3181600036.6210938
2011-06-24 10:14:00,1.42466,1.4247,1.42403,1.42437,3624500122.0703125
2011-06-24 10:15:00,1.4244,1.42451,1.42418,1.42418,3113999938.9648438
2011-06-24 10:16:00,1.42416,1.42416,1.42331,1.42331,3229400024.4140625
2011-06-24 10:17:00,1.42331,1.42331,1.42148,1.42169,3859200134.2773438
2011-06-24 10:18:00,1.42171,1.42208,1.42123,1.42206,4127200012.2070312
2011-06-24 10:19:00,1.42205,1.42282,1.42203,1.42249,3435499877.9296875
2011-06-24 10:20:00,1.42249,1.42285,1.42243,1.42261,2954599914.5507812
2011-06-24 10:21:00,1.42261,1.42261,1.42172,1.42191,3072699890.1367188
2011-06-24 10:22:00,1.42191,1.42241,1.42184,1.42219,3227300109.8632812
2011-06-24 10:23:00,1.42217,1.42271,1.42216,1.42255,2673099975.5859375
2011-06-24 10:24:00,1.42255,1.4228,1.42215,1.42277,2785299987.7929688
2011-06-24 10:25:00,1.42271,1.42352,1.42265,1.42333,2721600036.6210938
2011-06-24 10:26:00,1.42335,1.42353,1.42265,1.42275,3355599975.5859375
2011-06-24 10:27:00,1.42278,1.42289,1.42234,1.42275,2746400146.484375
2011-06-24 10:28:00,1.42279,1.42316,1.42269,1.42306,2677600097.65625
2011-06-24 10:29:00,1.42308,1.4237,1.42308,1.42352,3550100097.65625
2011-06-24 10:30:00,1.42349,1.42367,1.42292,1.42301,2947399902.34375
2011-06-24 10:31:00,1.42299,1.42361,1.42299,1.42339,3153800048.828125
2011-06-24 10:32:00,1.42338,1.42338,1.4224,1.42251,3191900024.4140625
2011-06-24 10:33:00,1.42252,1.42304,1.42252,1.42292,2301900024.4140625
2011-06-24 10:34:00,1.42291,1.42291,1.42184,1.42184,2848999938.9648438
2011-06-24 10:35:00,1.42183,1.42183,1.42109,1.42117,3608900146.484375
2011-06-24 10:36:00,1.42114,1.42168,1.42113,1.42113,3487300109.8632812
2011-06-24 10:37:00,1.42112,1.42157,1.42087,1.42125,3776499938.9648438
2011-06-24 10:38:00,1.42125,1.42176,1.42086,1.42162,4351000061.035156
2011-06-24 10:39:00,1.42166,1.42222,1.42166,1.42199,3891300048.828125
2011-06-24 10:40:00,1.42199,1.42204,1.42131,1.4215,3460000000.0
2011-06-24 10:41:00,1.42149,1.42185,1.42102,1.42105,3168999938.9648438
2011-06-24 10:42:00,1.42104,1.42124,1.42025,1.42056,3331099853.515625
2011-06-24 10:43:00,1.42056,1.42092,1.42023,1.42092,3088500061.0351562
2011-06-24 10:44:00,1.42096,1.42112,1.42082,1.42092,2115000000.0
2011-06-24 10:45:00,1.42093,1.42097,1.42064,1.42085,2127400054.9316406
2011-06-24 10:46:00,1.42081,1.42097,1.42049,1.42051,2299799957.2753906
2011-06-24 10:47:00,1.42051,1.42051,1.41911,1.41944,3937200012.2070312
2011-06-24 10:48:00,1.41944,1.42065,1.41944,1.42049,2860899963.3789062
2011-06-24 10:49:00,1.42051,1.42111,1.42032,1.42076,4131799926.7578125
2011-06-24 10:50:00,1.42072,1.42104,1.42063,1.42072,2362500000.0
2011-06-24 10:51:00,1.42072,1.42072,1.4203,1.42052,2617200012.2070312
2011-06-24 10:52:00,1.4205,1.42054,1.42025,1.42035,2228999938.9648438
2011-06-24 10:53:00,1.42034,1.42063,1.42033,1.42059,1897799987.7929688
2011-06-24 10:54:00,1.42068,1.42068,1.42037,1.42051,1921199951.171875
2011-06-24 10:55:00,1.4205,1.4205,1.42021,1.42032,2986199951.171875
2011-06-24 10:56:00,1.42033,1.42056,1.4197,1.4197,2129799957.2753906
2011-06-24 10:57:00,1.41969,1.41973,1.41922,1.41971,3213099975.5859375
2011-06-24 10:58:00,1.41972,1.42002,1.41956,1.41997,2685400085.4492188
2011-06-24 10:59:00,1.41998,1.42042,1.41989,1.42042,2758999938.9648438
2011-06-24 11:00:00,1.42043,1.42074,1.42025,1.4207,2894500122.0703125
2011-06-24 11:01:00,1.4207,1.42085,1.4206,1.42081,2615899963.3789062
2011-06-24 11:02:00,1.42081,1.42115,1.42072,1.42112,2717900085.4492188
2011-06-24 11:03:00,1.42112,1.42175,1.42093,1.4217,2762399902.34375
2011-06-24 11:04:00,1.42165,1.42205,1.42163,1.42167,2332799987.7929688
2011-06-24 11:05:00,1.42166,1.42166,1.42144,1.42148,1690399932.8613281
2011-06-24 11:06:00,1.42147,1.42164,1.42132,1.42133,2088200073.2421875
2011-06-24 11:07:00,1.42133,1.42189,1.42129,1.42185,2722099914.5507812
2011-06-24 11:08:00,1.42185,1.42186,1.42149,1.42173,2562099914.5507812
2011-06-24 11:09:00,1.42173,1.42189,1.42172,1.42189,1328399963.3789062
2011-06-24 11:10:00,1.42191,1.42239,1.42184,1.42239,2680599975.5859375
2011-06-24 11:11:00,1.42238,1.42264,1.42236,1.42243,2458800048.828125
2011-06-24 11:12:00,1.42245,1.42261,1.42237,1.4226,2514700012.2070312
2011-06-24 11:13:00,1.4226,1.4226,1.42212,1.42212,1886399993.8964844
2011-06-24 11:14:00,1.42211,1.42235,1.42196,1.42226,1961699981.6894531
2011-06-24 11:15:00,1.42225,1.4226,1.42224,1.4226,1428099975.5859375
2011-06-24 11:16:00,1.4226,1.42312,1.4225,1.42294,2440000000.0
2011-06-24 11:17:00,1.42292,1.42332,1.4228,1.42308,2856199951.171875
2011-06-24 11:18:00,1.42308,1.42321,1.42271,1.42284,1852700042.7246094
2011-06-24 11:19:00,1.42283,1.42311,1.42283,1.42294,1752400054.9316406
2011-06-24 11:20:00,1.42293,1.42324,1.42287,1.4229,1790099945.0683594
2011-06-24 11:21:00,1.42289,1.4229,1.42254,1.4226,2273699951.171875
2011-06-24 11:22:00,1.4226,1.42263,1.42236,1.42241,1330000000.0
2011-06-24 11:23:00,1.42241,1.42241,1.42199,1.42206,1581000061.0351562
2011-06-24 11:24:00,1.42207,1.42226,1.42203,1.42226,1180100021.3623047
2011-06-24 11:25:00,1.42226,1.42241,1.4222,1.42236,1953300018.3105469
2011-06-24 11:26:00,1.42237,1.42282,1.42237,1.42282,2603299865.7226562
2011-06-24 11:27:00,1.42284,1.42284,1.42182,1.42182,3294800109.8632812
2011-06-24 11:28:00,1.4218,1.42189,1.42132,1.42168,2284700012.2070312
2011-06-24 11:29:00,1.42169,1.42218,1.42167,1.42191,2328200073.2421875
2011-06-24 11:30:00,1.42191,1.42241,1.42191,1.42221,2409799957.2753906
2011-06-24 11:31:00,1.42221,1.4223,1.42185,1.42224,2517200012.2070312
2011-06-24 11:32:00,1.42223,1.42233,1.42212,1.42217,1645000000.0
2011-06-24 11:33:00,1.42218,1.42227,1.42205,1.42216,1941199951.171875
2011-06-24 11:34:00,1.42216,1.42216,1.42154,1.42161,2348699951.171875
2011-06-24 11:35:00,1.42162,1.42185,1.42162,1.42182,1782899932.8613281
2011-06-24 11:36:00,1.42179,1.4219,1.42164,1.4219,2372599945.0683594
2011-06-24 11:37:00,1.42189,1.42234,1.42183,1.42231,2538399963.3789062
2011-06-24 11:38:00,1.42233,1.42233,1.42203,1.42212,2059299926.7578125
2011-06-24 11:39:00,1.42214,1.4224,1.42212,1.42239,1762599945.0683594
2011-06-24 11:40:00,1.42233,1.4224,1.42225,1.4224,1214800033.569336
2011-06-24 11:41:00,1.4224,1.4224,1.42191,1.42197,1388200073.2421875
2011-06-24 11:42:00,1.42198,1.42213,1.4219,1.42203,1829299926.7578125
2011-06-24 11:43:00,1.42202,1.42216,1.422,1.42204,1358899993.8964844
2011-06-24 11:44:00,1.42202,1.42202,1.42166,1.42192,1443099975.5859375
2011-06-24 11:45:00,1.42195,1.42252,1.42194,1.42249,2029299926.7578125
2011-06-24 11:46:00,1.42249,1.4225,1.42234,1.42242,1852500000.0
2011-06-24 11:47:00,1.42242,1.42246,1.42211,1.42211,1088799972.5341797
2011-06-24 11:48:00,1.42211,1.42234,1.42184,1.42233,1589299926.7578125
2011-06-24 11:49:00,1.42236,1.42236,1.42208,1.42211,1281100006.1035156
2011-06-24 11:50:00,1.42212,1.42221,1.4219,1.422,1735899963.3789062
2011-06-24 11:51:00,1.42201,1.4224,1.42201,1.42238,1490099945.0683594
2011-06-24 11:52:00,1.4224,1.42261,1.42231,1.42258,1870099945.0683594
2011-06-24 11:53:00,1.4226,1.4226,1.42225,1.42229,1905500030.5175781
2011-06-24 11:54:00,1.42229,1.42229,1.422,1.422,1737299957.2753906
2011-06-24 11:55:00,1.42199,1.42199,1.42134,1.4214,1641199951.171875
2011-06-24 11:56:00,1.42139,1.42162,1.42139,1.4216,1020599975.5859375
2011-06-24 11:57:00,1.4216,1.42161,1.42126,1.4213,1292599945.0683594
2011-06-24 11:58:00,1.42127,1.42128,1.42099,1.42101,2011900024.4140625
2011-06-24 11:59:00,1.42104,1.42115,1.4205,1.42057,2087799987.7929688
2011-06-24 12:00:00,1.42056,1.42075,1.42051,1.42074,1874100036.6210938
2011-06-24 12:01:00,1.42075,1.421,1.42055,1.42091,2513600006.1035156
2011-06-24 12:02:00,1.4209,1.42099,1.42069,1.42081,2329900054.9316406
2011-06-24 12:03:00,1.4208,1.42097,1.42076,1.42081,1431300048.828125
2011-06-24 12:04:00,1.4208,1.42088,1.42072,1.42081,1234100036.6210938
2011-06-24 12:05:00,1.4208,1.4208,1.42009,1.42018,1661399993.8964844
2011-06-24 12:06:00,1.4202,1.4203,1.42017,1.4202,1884100036.6210938
2011-06-24 12:07:00,1.42019,1.42022,1.42,1.42011,1754700012.2070312
2011-06-24 12:08:00,1.42016,1.42038,1.42011,1.42037,1516000061.0351562
2011-06-24 12:09:00,1.42037,1.42065,1.42035,1.4204,2592500000.0
2011-06-24 12:10:00,1.4204,1.4206,1.42038,1.42048,1431999969.4824219
2011-06-24 12:11:00,1.42048,1.42069,1.42048,1.4206,1353000030.5175781
2011-06-24 12:12:00,1.42058,1.42058,1.42021,1.42043,2476300048.828125
2011-06-24 12:13:00,1.42043,1.42142,1.42043,1.4213,2813599853.515625
2011-06-24 12:14:00,1.42132,1.42201,1.42132,1.42181,3517699890.1367188
2011-06-24 12:15:00,1.42182,1.42192,1.42146,1.42149,2916900024.4140625
2011-06-24 12:16:00,1.42149,1.42178,1.42149,1.42173,2263300018.310547
2011-06-24 12:17:00,1.42175,1.42199,1.42175,1.42187,2341799926.7578125
2011-06-24 12:18:00,1.42188,1.42199,1.42169,1.42187,2142200012.2070312
2011-06-24 12:19:00,1.42187,1.42196,1.42186,1.42189,986200027.4658203
2011-06-24 12:20:00,1.42189,1.42201,1.42108,1.42108,2568399963.3789062
2011-06-24 12:21:00,1.42107,1.42127,1.42089,1.42125,2610499877.9296875
2011-06-24 12:22:00,1.42126,1.42142,1.42126,1.42137,2006000061.0351562
2011-06-24 12:23:00,1.42138,1.42173,1.42131,1.42171,2529299926.7578125
2011-06-24 12:24:00,1.4217,1.42231,1.4217,1.42216,2554199981.689453
2011-06-24 12:25:00,1.42215,1.42237,1.42207,1.42207,2652399902.34375
2011-06-24 12:26:00,1.42207,1.42232,1.42204,1.42209,1957200012.2070312
2011-06-24 12:27:00,1.42209,1.42249,1.42206,1.42248,2121399993.8964844
2011-06-24 12:28:00,1.4225,1.42308,1.42206,1.42231,3012600097.65625
2011-06-24 12:29:00,1.42232,1.42265,1.42232,1.42238,2181900024.4140625
2011-06-24 12:30:00,1.42239,1.42372,1.42234,1.42352,4768099975.5859375
2011-06-24 12:31:00,1.42351,1.42371,1.42302,1.42302,2778800048.828125
2011-06-24 12:32:00,1.42301,1.42301,1.42225,1.42228,3130199890.1367188
2011-06-24 12:33:00,1.42227,1.42247,1.42201,1.42201,3006700134.2773438
2011-06-24 12:34:00,1.42201,1.42263,1.42201,1.42247,2601199951.171875
2011-06-24 12:35:00,1.42246,1.42288,1.42237,1.42239,2903399963.3789062
2011-06-24 12:36:00,1.42235,1.42237,1.42199,1.42206,2486999969.482422
2011-06-24 12:37:00,1.42207,1.42215,1.42179,1.42208,1953000030.5175781
2011-06-24 12:38:00,1.42209,1.4225,1.42158,1.42158,2775599975.5859375
2011-06-24 12:39:00,1.42157,1.42157,1.42086,1.42086,2439700012.2070312
2011-06-24 12:40:00,1.42084,1.42117,1.42076,1.42109,2558899993.8964844
2011-06-24 12:41:00,1.42109,1.42249,1.42109,1.42233,3175400085.4492188
2011-06-24 12:42:00,1.42236,1.42251,1.42151,1.42151,2803500061.0351562
2011-06-24 12:43:00,1.42151,1.42171,1.42069,1.42069,3234200134.2773438
2011-06-24 12:44:00,1.42069,1.42154,1.42069,1.42113,2834500122.0703125
2011-06-24 12:45:00,1.42112,1.42112,1.42061,1.42097,2848399963.3789062
2011-06-24 12:46:00,1.42097,1.42119,1.42084,1.42095,2123300018.3105469
2011-06-24 12:47:00,1.42087,1.42145,1.42082,1.42136,2438399963.3789062
2011-06-24 12:48:00,1.42135,1.42225,1.42135,1.42223,2285700073.2421875
2011-06-24 12:49:00,1.42222,1.42232,1.42198,1.42219,1831300048.828125
2011-06-24 12:50:00,1.42219,1.42277,1.42219,1.42277,1774799957.2753906
2011-06-24 12:51:00,1.42275,1.4229,1.42215,1.42261,2746300048.828125
2011-06-24 12:52:00,1.42263,1.42277,1.42257,1.42272,2046799926.7578125
2011-06-24 12:53:00,1.4227,1.42291,1.42238,1.42282,2196600036.6210938
2011-06-24 12:54:00,1.42282,1.42337,1.42276,1.42321,2573599853.515625
2011-06-24 12:55:00,1.42321,1.42425,1.42321,1.42394,3583599853.515625
2011-06-24 12:56:00,1.42397,1.42431,1.4238,1.42408,3264800109.8632812
2011-06-24 12:57:00,1.42414,1.42479,1.42414,1.42451,3803800048.828125
2011-06-24 12:58:00,1.42451,1.42466,1.42372,1.42372,2961600036.6210938
2011-06-24 12:59:00,1.42373,1.42396,1.4237,1.42385,2544900054.9316406
2011-06-24 13:00:00,1.42385,1.42386,1.42315,1.42359,3232699890.1367188
2011-06-24 13:01:00,1.4236,1.42389,1.42356,1.42384,2881799926.7578125
2011-06-24 13:02:00,1.42384,1.42386,1.42322,1.42322,2485299987.7929688
2011-06-24 13:03:00,1.42322,1.42372,1.4232,1.42371,1496300048.828125
2011-06-24 13:04:00,1.42368,1.42368,1.42329,1.42351,2392100067.138672
2011-06-24 13:05:00,1.42352,1.42363,1.42339,1.42339,1334100036.6210938
2011-06-24 13:06:00,1.42337,1.42337,1.42254,1.42254,1872400054.9316406
2011-06-24 13:07:00,1.4225,1.42271,1.42239,1.42259,2800400085.4492188
2011-06-24 13:08:00,1.42258,1.42277,1.42216,1.42221,2447899932.861328
2011-06-24 13:09:00,1.42221,1.42277,1.42219,1.42277,2616600036.6210938
2011-06-24 13:10:00,1.42277,1.42285,1.42248,1.42261,1920200042.7246094
2011-06-24 13:11:00,1.4226,1.42263,1.4224,1.42258,2233600006.1035156
2011-06-24 13:12:00,1.42258,1.42277,1.42249,1.42256,1250199966.430664
2011-06-24 13:13:00,1.42257,1.42258,1.42223,1.42242,2153399963.3789062
2011-06-24 13:14:00,1.42243,1.4229,1.42243,1.4228,1630899963.3789062
2011-06-24 13:15:00,1.4228,1.42317,1.4228,1.42305,1964100036.6210938
2011-06-24 13:16:00,1.42305,1.42329,1.42294,1.42329,2102200012.2070312
2011-06-24 13:17:00,1.42329,1.42336,1.4225,1.4225,1654499969.4824219
2011-06-24 13:18:00,1.42246,1.42258,1.42229,1.4224,2191499938.9648438
2011-06-24 13:19:00,1.42242,1.42245,1.42178,1.42178,1855399932.8613281
2011-06-24 13:20:00,1.42171,1.4219,1.42167,1.42181,1559400024.4140625
2011-06-24 13:21:00,1.42179,1.42205,1.42167,1.42188,2030399932.8613281
2011-06-24 13:22:00,1.4219,1.42203,1.42161,1.42173,1749199981.6894531
2011-06-24 13:23:00,1.42174,1.42192,1.42174,1.42192,499399986.26708984
2011-06-24 13:24:00,1.42192,1.42222,1.42156,1.42156,2304100036.6210938
2011-06-24 13:25:00,1.42155,1.42168,1.42139,1.42167,2026499938.9648438
2011-06-24 13:26:00,1.42166,1.42177,1.42137,1.42168,2189299926.7578125
2011-06-24 13:27:00,1.42164,1.42188,1.42155,1.42167,2255000000.0
2011-06-24 13:28:00,1.42167,1.42167,1.42121,1.42121,2077700042.7246094
2011-06-24 13:29:00,1.42118,1.42121,1.42088,1.42102,1954299926.7578125
2011-06-24 13:30:00,1.42103,1.42135,1.42103,1.42121,2384199981.689453
2011-06-24 13:31:00,1.42123,1.42159,1.4212,1.42135,2698800048.828125
2011-06-24 13:32:00,1.42133,1.42151,1.42059,1.42059,3255000000.0
2011-06-24 13:33:00,1.42057,1.42064,1.42039,1.42061,2093300018.3105469
2011-06-24 13:34:00,1.42065,1.42128,1.4206,1.42116,2865499877.9296875
2011-06-24 13:35:00,1.42116,1.42141,1.42071,1.42099,2823900146.484375
2011-06-24 13:36:00,1.42098,1.42122,1.42077,1.42082,2544600067.138672
2011-06-24 13:37:00,1.42083,1.4215,1.42081,1.42131,2505099945.0683594
2011-06-24 13:38:00,1.42133,1.42204,1.42133,1.42165,2646199951.171875
2011-06-24 13:39:00,1.42167,1.42175,1.42145,1.4217,2508999938.9648438
2011-06-24 13:40:00,1.42169,1.42188,1.42151,1.42156,2866000061.0351562
2011-06-24 13:41:00,1.42154,1.42159,1.42121,1.42126,1989700012.2070312
2011-06-24 13:42:00,1.42125,1.42182,1.42125,1.42174,2592000122.0703125
2011-06-24 13:43:00,1.42174,1.4221,1.42174,1.42194,3383299865.7226562
2011-06-24 13:44:00,1.42192,1.422,1.4214,1.42141,2731700134.2773438
2011-06-24 13:45:00,1.42139,1.42161,1.42103,1.42111,2866700134.2773438
2011-06-24 13:46:00,1.4211,1.4211,1.42043,1.42049,2538399963.3789062
2011-06-24 13:47:00,1.42047,1.42057,1.41987,1.42033,3510700073.2421875
2011-06-24 13:48:00,1.42035,1.42071,1.42024,1.42039,3530899963.3789062
2011-06-24 13:49:00,1.42043,1.42066,1.42011,1.42062,3638099975.5859375
2011-06-24 13:50:00,1.42061,1.42061,1.4198,1.41995,3052600097.65625
2011-06-24 13:51:00,1.41997,1.42034,1.41997,1.42005,3602099914.5507812
2011-06-24 13:52:00,1.42002,1.42008,1.4195,1.42001,3686400146.484375
2011-06-24 13:53:00,1.41997,1.42063,1.41989,1.42055,2515599975.5859375
2011-06-24 13:54:00,1.42055,1.42058,1.42009,1.42035,2872500000.0
2011-06-24 13:55:00,1.42039,1.42039,1.4199,1.42037,2517400054.9316406
2011-06-24 13:56:00,1.42039,1.42042,1.4202,1.42042,1897700042.7246094
2011-06-24 13:57:00,1.42043,1.42062,1.42025,1.42039,2421999969.482422
2011-06-24 13:58:00,1.42039,1.42066,1.42024,1.42029,2242799987.7929688
2011-06-24 13:59:00,1.42031,1.42033,1.42,1.42028,2736099853.515625
2011-06-24 14:00:00,1.42028,1.42051,1.42011,1.4202,3375400085.4492188
2011-06-24 14:01:00,1.4202,1.42051,1.41993,1.42,2831199951.171875
2011-06-24 14:02:00,1.42001,1.42001,1.41884,1.41885,3384899902.34375
2011-06-24 14:03:00,1.41883,1.41941,1.41851,1.4193,3337000122.0703125
2011-06-24 14:04:00,1.41931,1.41936,1.4188,1.41896,3795000000.0
2011-06-24 14:05:00,1.41891,1.41895,1.41861,1.41861,2883299865.7226562
2011-06-24 14:06:00,1.41859,1.41868,1.4181,1.41852,3439500122.0703125
2011-06-24 14:07:00,1.41853,1.41858,1.41812,1.41843,2914500122.0703125
2011-06-24 14:08:00,1.41843,1.41843,1.4174,1.4174,3420299987.7929688
2011-06-24 14:09:00,1.41738,1.41784,1.41729,1.41783,2699700012.2070312
2011-06-24 14:10:00,1.41786,1.41827,1.41763,1.41773,2947799987.7929688
2011-06-24 14:11:00,1.41771,1.41792,1.41751,1.4178,3285199890.1367188
2011-06-24 14:12:00,1.41782,1.41783,1.41714,1.4172,3121499938.9648438
2011-06-24 14:13:00,1.41721,1.4175,1.41701,1.41704,2711499938.9648438
2011-06-24 14:14:00,1.41705,1.4174,1.41668,1.4171,3750400085.4492188
2011-06-24 14:15:00,1.4171,1.41737,1.41701,1.41737,2760100097.65625
2011-06-24 14:16:00,1.41738,1.41788,1.4172,1.41764,2214100036.6210938
2011-06-24 14:17:00,1.41764,1.41771,1.41662,1.41695,3378399963.3789062
2011-06-24 14:18:00,1.41692,1.41746,1.41672,1.41672,2339600067.138672
2011-06-24 14:19:00,1.41671,1.41701,1.41637,1.41641,3015799865.7226562
2011-06-24 14:20:00,1.41641,1.41709,1.41641,1.41679,3499899902.34375
2011-06-24 14:21:00,1.4168,1.41712,1.4168,1.41711,2835299987.7929688
2011-06-24 14:22:00,1.41712,1.41732,1.41688,1.41688,2432500000.0
2011-06-24 14:23:00,1.41685,1.41688,1.41615,1.41671,2907000122.0703125
2011-06-24 14:24:00,1.41668,1.41704,1.41652,1.41686,2863599853.515625
2011-06-24 14:25:00,1.41684,1.41684,1.41623,1.41651,2550200042.7246094
2011-06-24 14:26:00,1.41648,1.41679,1.41639,1.41663,3816900024.4140625
2011-06-24 14:27:00,1.41662,1.41691,1.41654,1.41688,2550800018.310547
2011-06-24 14:28:00,1.41687,1.41689,1.4167,1.41677,2038200073.2421875
2011-06-24 14:29:00,1.41673,1.4168,1.41651,1.41667,1786399993.8964844
2011-06-24 14:30:00,1.41664,1.41664,1.41631,1.41631,2752300109.8632812
2011-06-24 14:31:00,1.41633,1.41649,1.41615,1.4164,2935799865.7226562
2011-06-24 14:32:00,1.41641,1.4166,1.41631,1.41652,3233099975.5859375
2011-06-24 14:33:00,1.41654,1.417,1.41649,1.4169,3860199890.1367188
2011-06-24 14:34:00,1.4169,1.41755,1.41683,1.41726,3905000000.0
2011-06-24 14:35:00,1.41727,1.41761,1.41727,1.4176,3291499938.9648438
2011-06-24 14:36:00,1.41759,1.41809,1.41759,1.41799,3501799926.7578125
2011-06-24 14:37:00,1.41801,1.41805,1.41783,1.41797,2368500061.0351562
2011-06-24 14:38:00,1.41798,1.41811,1.41786,1.41791,2749899902.34375
2011-06-24 14:39:00,1.4179,1.41825,1.41789,1.41811,1653399963.3789062
2011-06-24 14:40:00,1.41811,1.41856,1.41802,1.4183,2676199951.171875
2011-06-24 14:41:00,1.4183,1.41836,1.41776,1.41777,2063600006.1035156
2011-06-24 14:42:00,1.41777,1.41832,1.41777,1.41819,2288800048.828125
2011-06-24 14:43:00,1.41819,1.41821,1.4176,1.41764,2359299926.7578125
2011-06-24 14:44:00,1.41763,1.41778,1.41717,1.41717,2322599945.0683594
2011-06-24 14:45:00,1.41715,1.41724,1.4168,1.41686,2107799987.7929688
2011-06-24 14:46:00,1.41684,1.41698,1.4166,1.41675,2670599975.5859375
2011-06-24 14:47:00,1.41676,1.41701,1.41676,1.41681,2050500030.5175781
2011-06-24 14:48:00,1.41679,1.41727,1.41661,1.41698,3160000000.0
2011-06-24 14:49:00,1.41697,1.41708,1.41655,1.41667,2726000061.0351562
2011-06-24 14:50:00,1.4167,1.41673,1.4163,1.41635,2670000000.0
2011-06-24 14:51:00,1.41635,1.4164,1.416,1.41602,2076799926.7578125
2011-06-24 14:52:00,1.41604,1.4165,1.41601,1.41642,2904299926.7578125
2011-06-24 14:53:00,1.41648,1.41709,1.41648,1.41663,3112300109.8632812
2011-06-24 14:54:00,1.41661,1.41721,1.41659,1.4172,2423899993.8964844
2011-06-24 14:55:00,1.4172,1.41739,1.41683,1.41683,2597799987.7929688
2011-06-24 14:56:00,1.41683,1.41689,1.41654,1.41673,3288500061.0351562
2011-06-24 14:57:00,1.41672,1.41679,1.41647,1.41652,3191000061.0351562
2011-06-24 14:58:00,1.41649,1.41692,1.41641,1.41687,2357700042.7246094
2011-06-24 14:59:00,1.41689,1.4169,1.41615,1.41637,3520499877.9296875
2011-06-24 15:00:00,1.41636,1.41691,1.41636,1.41691,2470899963.3789062
2011-06-24 15:01:00,1.41691,1.41737,1.41691,1.41711,3174200134.2773438
2011-06-24 15:02:00,1.4171,1.41731,1.41696,1.41708,2186199951.171875
2011-06-24 15:03:00,1.41711,1.41738,1.41711,1.41737,1690500030.5175781
2011-06-24 15:04:00,1.41735,1.41781,1.41735,1.4177,2089900054.9316406
2011-06-24 15:05:00,1.41769,1.41771,1.41698,1.41705,2171999969.482422
2011-06-24 15:06:00,1.41699,1.41707,1.41658,1.41679,2677099914.5507812
2011-06-24 15:07:00,1.41679,1.41699,1.41659,1.41669,2013000030.5175781
2011-06-24 15:08:00,1.41669,1.41699,1.41668,1.41679,1723600006.1035156
2011-06-24 15:09:00,1.41679,1.4174,1.41677,1.41734,2924800109.8632812
2011-06-24 15:10:00,1.41735,1.41735,1.41689,1.41691,2129799957.2753906
2011-06-24 15:11:00,1.41688,1.41705,1.41654,1.41658,2600400085.4492188
2011-06-24 15:12:00,1.4166,1.41689,1.41635,1.41667,2664200134.2773438
2011-06-24 15:13:00,1.41668,1.41681,1.41642,1.41652,3098399963.3789062
2011-06-24 15:14:00,1.41652,1.41717,1.41652,1.41707,1863999938.9648438
2011-06-24 15:15:00,1.41708,1.41774,1.41698,1.41744,2724200134.2773438
2011-06-24 15:16:00,1.41745,1.41774,1.41726,1.41753,3290799865.7226562
2011-06-24 15:17:00,1.41754,1.41781,1.41724,1.41777,2692999877.9296875
2011-06-24 15:18:00,1.41776,1.41788,1.4175,1.41786,2144199981.6894531
2011-06-24 15:19:00,1.41786,1.41795,1.41765,1.41793,2543399963.3789062
2011-06-24 15:20:00,1.41791,1.41832,1.41791,1.41809,3463500061.0351562
2011-06-24 15:21:00,1.41809,1.41826,1.41793,1.4182,1783699951.171875
2011-06-24 15:22:00,1.41821,1.41822,1.41778,1.41783,2464600067.138672
2011-06-24 15:23:00,1.41785,1.41826,1.41785,1.41813,2099100036.6210938
2011-06-24 15:24:00,1.41817,1.41835,1.41805,1.41834,1301000061.0351562
2011-06-24 15:25:00,1.41835,1.41841,1.41795,1.41805,3086499938.9648438
2011-06-24 15:26:00,1.41805,1.41817,1.41795,1.41796,1449400024.4140625
2011-06-24 15:27:00,1.41795,1.41795,1.41747,1.41755,1520899963.3789062
2011-06-24 15:28:00,1.41754,1.418,1.41754,1.41797,2593599853.515625
2011-06-24 15:29:00,1.4179,1.41845,1.41789,1.41823,2632500000.0
2011-06-24 15:30:00,1.41823,1.4183,1.41759,1.41796,2918699951.171875
2011-06-24 15:31:00,1.41797,1.41808,1.41781,1.41794,2265200042.7246094
2011-06-24 15:32:00,1.41791,1.41797,1.41781,1.41785,1203899993.8964844
2011-06-24 15:33:00,1.41788,1.41807,1.41786,1.41807,1232399978.6376953
2011-06-24 15:34:00,1.41805,1.4181,1.41789,1.41802,1323000030.5175781
2011-06-24 15:35:00,1.41803,1.41827,1.41799,1.41827,1388500061.0351562
2011-06-24 15:36:00,1.41827,1.41901,1.41826,1.41901,2442200012.2070312
2011-06-24 15:37:00,1.41902,1.41923,1.41869,1.41871,3325400085.4492188
2011-06-24 15:38:00,1.41874,1.41947,1.41874,1.41932,2208500061.0351562
2011-06-24 15:39:00,1.41929,1.41929,1.41888,1.41895,2547100067.138672
2011-06-24 15:40:00,1.41895,1.41895,1.41864,1.41877,1877700042.7246094
2011-06-24 15:41:00,1.41877,1.41898,1.4186,1.41891,1744100036.6210938
2011-06-24 15:42:00,1.41888,1.41958,1.41888,1.41958,2019199981.6894531
2011-06-24 15:43:00,1.41958,1.41992,1.41956,1.41974,2260299987.7929688
2011-06-24 15:44:00,1.41976,1.41981,1.41944,1.41975,2084100036.6210938
2011-06-24 15:45:00,1.41975,1.42008,1.4196,1.42008,2507400054.9316406
2011-06-24 15:46:00,1.42006,1.42008,1.41987,1.41999,1823000030.5175781
2011-06-24 15:47:00,1.41999,1.41999,1.41972,1.41978,1361100006.1035156
2011-06-24 15:48:00,1.41978,1.41978,1.41951,1.41951,1786399993.8964844
2011-06-24 15:49:00,1.41951,1.41963,1.4194,1.41959,1346100006.1035156
2011-06-24 15:50:00,1.41958,1.41958,1.41926,1.41929,1900599975.5859375
2011-06-24 15:51:00,1.41929,1.41936,1.41897,1.41903,1612799987.7929688
2011-06-24 15:52:00,1.41901,1.41908,1.41873,1.41876,1501600036.6210938
2011-06-24 15:53:00,1.4188,1.41898,1.4188,1.41889,1221100006.1035156
2011-06-24 15:54:00,1.4189,1.41898,1.41883,1.41895,934300003.0517578
2011-06-24 15:55:00,1.419,1.41917,1.419,1.41911,1377700042.7246094
2011-06-24 15:56:00,1.41917,1.41924,1.41884,1.41884,1988200073.2421875
2011-06-24 15:57:00,1.41884,1.41886,1.41808,1.41816,2101900024.4140625
2011-06-24 15:58:00,1.41816,1.41878,1.41812,1.41866,1426600036.6210938
2011-06-24 15:59:00,1.41867,1.41884,1.41858,1.41879,1790200042.7246094
2011-06-24 16:00:00,1.41878,1.41897,1.41855,1.41893,1896199951.171875
2011-06-24 16:01:00,1.41896,1.4192,1.41882,1.41882,1778899993.8964844
2011-06-24 16:02:00,1.41883,1.41901,1.41871,1.41895,1301900024.4140625
2011-06-24 16:03:00,1.41895,1.41949,1.41893,1.41947,2445700073.2421875
2011-06-24 16:04:00,1.41949,1.41965,1.41946,1.41965,2118399963.3789062
2011-06-24 16:05:00,1.41963,1.4198,1.41947,1.41947,1827299957.2753906
2011-06-24 16:06:00,1.41948,1.41949,1.41905,1.41932,2060800018.3105469
2011-06-24 16:07:00,1.4193,1.41971,1.41911,1.41947,3086499938.9648438
2011-06-24 16:08:00,1.41955,1.41955,1.41924,1.41927,2277899932.861328
2011-06-24 16:09:00,1.41929,1.41938,1.41909,1.41909,1182099990.8447266
2011-06-24 16:10:00,1.41908,1.41908,1.41837,1.41862,1935299987.7929688
2011-06-24 16:11:00,1.4186,1.41877,1.41852,1.41852,1333800048.828125
2011-06-24 16:12:00,1.41851,1.41865,1.41851,1.41864,1064499969.4824219
2011-06-24 16:13:00,1.41859,1.4189,1.41856,1.41881,1563500061.0351562
2011-06-24 16:14:00,1.41881,1.41924,1.41881,1.41897,1481900024.4140625
2011-06-24 16:15:00,1.41897,1.41922,1.41895,1.41921,1296100006.1035156
2011-06-24 16:16:00,1.41921,1.41961,1.41919,1.4195,1619799957.2753906
2011-06-24 16:17:00,1.41949,1.41969,1.41936,1.41969,1469700012.2070312
2011-06-24 16:18:00,1.41969,1.41972,1.41897,1.41897,3124700012.2070312
2011-06-24 16:19:00,1.41896,1.41896,1.41864,1.41864,2779299926.7578125
2011-06-24 16:20:00,1.41862,1.41897,1.41857,1.41897,1007099990.8447266
2011-06-24 16:21:00,1.41896,1.41911,1.41884,1.41884,1248399963.3789062
2011-06-24 16:22:00,1.41885,1.4189,1.41873,1.4189,1578200073.2421875
2011-06-24 16:23:00,1.41889,1.41892,1.41874,1.41887,1379600067.1386719
2011-06-24 16:24:00,1.41886,1.41905,1.41862,1.41899,1814100036.6210938
2011-06-24 16:25:00,1.41901,1.41913,1.41897,1.41903,1541300048.828125
2011-06-24 16:26:00,1.41903,1.41915,1.41884,1.41896,1278799972.5341797
2011-06-24 16:27:00,1.41897,1.41905,1.41889,1.41896,1829499969.4824219
2011-06-24 16:28:00,1.41896,1.41912,1.41889,1.41895,1327200012.2070312
2011-06-24 16:29:00,1.41896,1.41914,1.41892,1.41907,1246299972.5341797
2011-06-24 16:30:00,1.41905,1.41908,1.41883,1.41892,1671999969.4824219
2011-06-24 16:31:00,1.41892,1.41904,1.41876,1.41901,1351999969.4824219
2011-06-24 16:32:00,1.41901,1.41922,1.41888,1.41922,1805000000.0
2011-06-24 16:33:00,1.41925,1.41927,1.41903,1.41903,985699996.9482422
2011-06-24 16:34:00,1.41903,1.41932,1.41903,1.41929,953600006.1035156
2011-06-24 16:35:00,1.41929,1.41941,1.41922,1.41922,1061200027.4658203
2011-06-24 16:36:00,1.41921,1.41933,1.41901,1.41933,1531100006.1035156
2011-06-24 16:37:00,1.41937,1.41937,1.41872,1.41877,1522400054.9316406
2011-06-24 16:38:00,1.41877,1.41887,1.41874,1.41878,1352599945.0683594
2011-06-24 16:39:00,1.4188,1.41887,1.41874,1.41883,1209599990.8447266
2011-06-24 16:40:00,1.41883,1.41893,1.4187,1.41884,1841199951.171875
2011-06-24 16:41:00,1.41885,1.41889,1.4188,1.41886,1291199951.171875
2011-06-24 16:42:00,1.41886,1.41908,1.41885,1.41887,1678200073.2421875
2011-06-24 16:43:00,1.41887,1.41889,1.4184,1.4186,1790700073.2421875
2011-06-24 16:44:00,1.41859,1.41859,1.41836,1.41839,1915700073.2421875
2011-06-24 16:45:00,1.41837,1.41846,1.41804,1.41805,1624499969.4824219
2011-06-24 16:46:00,1.41805,1.41806,1.41778,1.4179,1573099975.5859375
2011-06-24 16:47:00,1.41793,1.41793,1.41749,1.41756,2085299987.7929688
2011-06-24 16:48:00,1.41752,1.41776,1.41749,1.41776,1570399932.8613281
2011-06-24 16:49:00,1.41776,1.41776,1.41742,1.41743,1344100036.6210938
2011-06-24 16:50:00,1.41743,1.41755,1.41727,1.41737,1803999938.9648438
2011-06-24 16:51:00,1.41738,1.4174,1.41681,1.4169,2407400054.9316406
2011-06-24 16:52:00,1.41689,1.41705,1.41669,1.41674,1909100036.6210938
2011-06-24 16:53:00,1.41673,1.41696,1.41656,1.41684,2340000000.0
2011-06-24 16:54:00,1.41682,1.41683,1.41668,1.41683,2037799987.7929688
2011-06-24 16:55:00,1.41681,1.41702,1.41678,1.41685,2190200042.7246094
2011-06-24 16:56:00,1.41685,1.41703,1.41679,1.41679,2255700073.2421875
2011-06-24 16:57:00,1.41678,1.41702,1.41669,1.41686,1577200012.2070312
2011-06-24 16:58:00,1.41686,1.41696,1.41676,1.41677,2050500030.5175781
2011-06-24 16:59:00,1.41677,1.41732,1.41677,1.41732,2272799987.7929688
2011-06-24 17:00:00,1.41732,1.41737,1.41715,1.41728,2380500030.517578
2011-06-24 17:01:00,1.41727,1.41729,1.41697,1.41697,2030200042.7246094
2011-06-24 17:02:00,1.41696,1.417,1.41661,1.41672,1858399963.3789062
2011-06-24 17:03:00,1.41673,1.41673,1.4156,1.41568,2898900146.484375
2011-06-24 17:04:00,1.41571,1.4159,1.4156,1.41583,1751600036.6210938
2011-06-24 17:05:00,1.41584,1.41602,1.41574,1.4159,1342200012.2070312
2011-06-24 17:06:00,1.4159,1.41597,1.41565,1.41567,1241800003.0517578
2011-06-24 17:07:00,1.41569,1.4157,1.41447,1.41447,3464200134.2773438
2011-06-24 17:08:00,1.41442,1.41475,1.41431,1.41475,2268600006.1035156
2011-06-24 17:09:00,1.41474,1.41524,1.41448,1.41511,2715100097.65625
2011-06-24 17:10:00,1.41516,1.41539,1.415,1.41537,2217299957.2753906
2011-06-24 17:11:00,1.41538,1.41558,1.41518,1.41523,1538999938.9648438
2011-06-24 17:12:00,1.41526,1.41586,1.4152,1.41579,2325099945.0683594
2011-06-24 17:13:00,1.41579,1.41636,1.41552,1.4161,2507799987.7929688
2011-06-24 17:14:00,1.41611,1.41625,1.41594,1.41598,1812500000.0
2011-06-24 17:15:00,1.41598,1.41655,1.41598,1.41655,1698000030.5175781
2011-06-24 17:16:00,1.41656,1.41662,1.4162,1.41625,1998000030.5175781
2011-06-24 17:17:00,1.41623,1.41671,1.41622,1.41671,1793600006.1035156
2011-06-24 17:18:00,1.4167,1.4167,1.4165,1.41667,1511399993.8964844
2011-06-24 17:19:00,1.41668,1.41671,1.4165,1.41656,1605899963.3789062
2011-06-24 17:20:00,1.41656,1.41659,1.41635,1.41635,1388300018.3105469
2011-06-24 17:21:00,1.41635,1.41635,1.41586,1.4159,1485700073.2421875
2011-06-24 17:22:00,1.4159,1.41617,1.4159,1.41617,1292299957.2753906
2011-06-24 17:23:00,1.41618,1.41638,1.41618,1.41635,566800003.0517578
2011-06-24 17:24:00,1.41637,1.41716,1.41635,1.41716,1594900054.9316406
2011-06-24 17:25:00,1.41716,1.41784,1.41716,1.41774,2536999969.482422
2011-06-24 17:26:00,1.41774,1.41885,1.41774,1.41884,3696400146.484375
2011-06-24 17:27:00,1.41888,1.41932,1.41826,1.41833,2876199951.171875
2011-06-24 17:28:00,1.4183,1.41878,1.41829,1.41878,3717900085.4492188
2011-06-24 17:29:00,1.41879,1.4192,1.41879,1.41908,2386900024.4140625
2011-06-24 17:30:00,1.41908,1.41938,1.41896,1.41913,2740400085.4492188
2011-06-24 17:31:00,1.41913,1.41915,1.41868,1.41874,2164900054.9316406
2011-06-24 17:32:00,1.41879,1.41906,1.41839,1.41906,1842500000.0
2011-06-24 17:33:00,1.41908,1.41908,1.41874,1.41874,1364400024.4140625
2011-06-24 17:34:00,1.41873,1.41873,1.41839,1.41866,1634100036.6210938
2011-06-24 17:35:00,1.41868,1.41884,1.41832,1.41876,2023099975.5859375
2011-06-24 17:36:00,1.41874,1.41876,1.41851,1.41876,1523999938.9648438
2011-06-24 17:37:00,1.41876,1.41877,1.41858,1.41872,988199996.9482422
2011-06-24 17:38:00,1.41872,1.4193,1.41872,1.4193,1957899932.8613281
2011-06-24 17:39:00,1.4193,1.41962,1.41898,1.41908,2273699951.171875
2011-06-24 17:40:00,1.41908,1.41952,1.41908,1.41928,2717099914.5507812
2011-06-24 17:41:00,1.41934,1.41939,1.41912,1.41912,1018300018.3105469
2011-06-24 17:42:00,1.41912,1.41919,1.41872,1.41886,1925800018.3105469
2011-06-24 17:43:00,1.41886,1.41908,1.41879,1.41898,1362899932.8613281
2011-06-24 17:44:00,1.41898,1.41917,1.4188,1.41897,1489799957.2753906
2011-06-24 17:45:00,1.41893,1.41943,1.4189,1.41935,1630200042.7246094
2011-06-24 17:46:00,1.41934,1.41939,1.4191,1.4193,2027700042.7246094
2011-06-24 17:47:00,1.41929,1.41942,1.41914,1.41938,1244700012.2070312
2011-06-24 17:48:00,1.41938,1.41939,1.41921,1.41924,1343099975.5859375
2011-06-24 17:49:00,1.41926,1.41934,1.41917,1.41929,1138000030.5175781
2011-06-24 17:50:00,1.41929,1.41959,1.41929,1.41948,1758099975.5859375
2011-06-24 17:51:00,1.41947,1.41973,1.41938,1.41944,1624600067.1386719
2011-06-24 17:52:00,1.41945,1.41949,1.41936,1.41938,1292899932.8613281
2011-06-24 17:53:00,1.41938,1.4194,1.41929,1.41933,1479299926.7578125
2011-06-24 17:54:00,1.41934,1.4194,1.41929,1.41934,861500015.2587891
2011-06-24 17:55:00,1.41931,1.41931,1.41875,1.41884,1520200042.7246094
2011-06-24 17:56:00,1.41885,1.41903,1.41866,1.41898,1146100006.1035156
2011-06-24 17:57:00,1.41897,1.41909,1.41886,1.4189,1312799987.7929688
2011-06-24 17:58:00,1.41892,1.41901,1.41885,1.41898,1677299957.2753906
2011-06-24 17:59:00,1.41897,1.41901,1.41879,1.4189,1978899993.8964844
2011-06-24 18:00:00,1.41887,1.41895,1.41881,1.41883,1457500000.0
2011-06-24 18:01:00,1.41882,1.41888,1.41824,1.41827,1989799957.2753906
2011-06-24 18:02:00,1.41827,1.41827,1.41788,1.418,1855800018.3105469
2011-06-24 18:03:00,1.41799,1.41819,1.41786,1.41791,2256499938.9648438
2011-06-24 18:04:00,1.41792,1.41808,1.41791,1.41796,1194899978.6376953
2011-06-24 18:05:00,1.41796,1.41804,1.41769,1.41769,1635500030.5175781
2011-06-24 18:06:00,1.41769,1.4179,1.41764,1.41765,1645299987.7929688
2011-06-24 18:07:00,1.41764,1.41791,1.4176,1.4178,1645000000.0
2011-06-24 18:08:00,1.41781,1.41805,1.41771,1.41772,1222699966.430664
2011-06-24 18:09:00,1.4177,1.41793,1.41762,1.41764,1734199981.6894531
2011-06-24 18:10:00,1.41764,1.41777,1.41758,1.4177,1561900024.4140625
2011-06-24 18:11:00,1.41769,1.41803,1.4176,1.41779,2382100067.138672
2011-06-24 18:12:00,1.41779,1.41791,1.41735,1.41739,1916999969.4824219
2011-06-24 18:13:00,1.41739,1.41746,1.41707,1.41716,2917300109.8632812
2011-06-24 18:14:00,1.41716,1.41737,1.41711,1.41726,1025100021.3623047
2011-06-24 18:15:00,1.41726,1.41776,1.41726,1.41768,1165899963.3789062
2011-06-24 18:16:00,1.41769,1.41775,1.41747,1.41751,1363600006.1035156
2011-06-24 18:17:00,1.41751,1.41783,1.41748,1.4177,1297700042.7246094
2011-06-24 18:18:00,1.41771,1.41817,1.4177,1.41813,1317400054.9316406
2011-06-24 18:19:00,1.41813,1.41822,1.41801,1.41822,1111200027.4658203
2011-06-24 18:20:00,1.41822,1.41822,1.41777,1.41793,1544600067.1386719
2011-06-24 18:21:00,1.418,1.41844,1.4179,1.41835,1873999938.9648438
2011-06-24 18:22:00,1.41832,1.41832,1.41791,1.41791,1494299926.7578125
2011-06-24 18:23:00,1.41791,1.41832,1.41789,1.41832,2101999969.4824219
2011-06-24 18:24:00,1.41831,1.41831,1.41795,1.41812,1677899932.8613281
2011-06-24 18:25:00,1.41811,1.41825,1.41773,1.4178,1604499969.4824219
2011-06-24 18:26:00,1.41782,1.41783,1.41757,1.41765,1536900024.4140625
2011-06-24 18:27:00,1.41768,1.41811,1.41764,1.41808,1418300018.3105469
2011-06-24 18:28:00,1.41808,1.41823,1.41773,1.41784,1173700027.4658203
2011-06-24 18:29:00,1.41784,1.41803,1.41774,1.41784,1744600067.1386719
2011-06-24 18:30:00,1.41784,1.41784,1.41772,1.41779,1154100036.6210938
2011-06-24 18:31:00,1.41781,1.41789,1.41773,1.41773,806299972.5341797
2011-06-24 18:32:00,1.41773,1.4179,1.41758,1.41781,793000030.5175781
2011-06-24 18:33:00,1.41783,1.41795,1.41781,1.41785,1106399993.8964844
2011-06-24 18:34:00,1.41785,1.41785,1.41755,1.41764,1072600021.3623047
2011-06-24 18:35:00,1.41764,1.41783,1.41743,1.41763,1549299926.7578125
2011-06-24 18:36:00,1.41761,1.41761,1.41727,1.41727,1742100067.1386719
2011-06-24 18:37:00,1.41726,1.41726,1.41667,1.41679,3158099975.5859375
2011-06-24 18:38:00,1.41676,1.417,1.41669,1.417,3095199890.1367188
2011-06-24 18:39:00,1.41701,1.41733,1.41701,1.41715,1664199981.6894531
2011-06-24 18:40:00,1.41717,1.41717,1.41711,1.41711,570600013.7329102
2011-06-24 18:41:00,1.41711,1.41711,1.41688,1.41695,1275899963.3789062
2011-06-24 18:42:00,1.41696,1.4171,1.41692,1.41704,1224100036.6210938
2011-06-24 18:43:00,1.41702,1.41737,1.41696,1.41731,1370200042.7246094
2011-06-24 18:44:00,1.41731,1.41759,1.41731,1.41753,1503099975.5859375
2011-06-24 18:45:00,1.41754,1.41756,1.41722,1.41751,1380500030.5175781
2011-06-24 18:46:00,1.41753,1.41791,1.41747,1.4178,1408000030.5175781
2011-06-24 18:47:00,1.41779,1.41779,1.41749,1.4175,830699996.9482422
2011-06-24 18:48:00,1.4175,1.41751,1.41737,1.41739,929899978.6376953
2011-06-24 18:49:00,1.41738,1.41739,1.41702,1.41709,1437799987.7929688
2011-06-24 18:50:00,1.41709,1.41711,1.41689,1.4171,1018300018.3105469
2011-06-24 18:51:00,1.41713,1.41763,1.41713,1.41754,1607200012.2070312
2011-06-24 18:52:00,1.41754,1.41763,1.4175,1.41762,1225500030.5175781
2011-06-24 18:53:00,1.41762,1.41762,1.41748,1.41748,577999992.3706055
2011-06-24 18:54:00,1.41745,1.41745,1.41721,1.41731,1399299926.7578125
2011-06-24 18:55:00,1.41729,1.41749,1.41712,1.41747,1717100067.1386719
2011-06-24 18:56:00,1.41747,1.41747,1.41683,1.41684,1831499938.9648438
2011-06-24 18:57:00,1.41683,1.41692,1.41677,1.41688,1040400009.1552734
2011-06-24 18:58:00,1.41689,1.41705,1.41681,1.41682,1468200073.2421875
2011-06-24 18:59:00,1.41681,1.41727,1.41678,1.41702,2547599945.0683594
2011-06-24 19:00:00,1.41703,1.41731,1.41699,1.41703,2098200073.2421875
2011-06-24 19:01:00,1.41704,1.4173,1.41699,1.41729,1261699981.6894531
2011-06-24 19:02:00,1.41729,1.41749,1.41729,1.4174,896100006.1035156
2011-06-24 19:03:00,1.41739,1.4174,1.41721,1.41724,528400001.5258789
2011-06-24 19:04:00,1.41722,1.41723,1.41689,1.41691,1368200073.2421875
2011-06-24 19:05:00,1.41692,1.41697,1.41661,1.41682,1966999969.4824219
2011-06-24 19:06:00,1.41683,1.41691,1.41631,1.41631,1728200073.2421875
2011-06-24 19:07:00,1.41631,1.4166,1.41631,1.41656,2003600006.1035156
2011-06-24 19:08:00,1.41656,1.41671,1.41653,1.41671,1273499984.741211
2011-06-24 19:09:00,1.41671,1.41675,1.41652,1.41654,1501799926.7578125
2011-06-24 19:10:00,1.41652,1.41655,1.4163,1.4163,1687899932.8613281
2011-06-24 19:11:00,1.4163,1.41655,1.4162,1.4165,1593300018.3105469
2011-06-24 19:12:00,1.41649,1.4165,1.4162,1.4162,2044100036.6210938
2011-06-24 19:13:00,1.4162,1.41621,1.41589,1.41594,2167599945.0683594
2011-06-24 19:14:00,1.41594,1.41609,1.41592,1.41609,1549499969.4824219
2011-06-24 19:15:00,1.41611,1.41611,1.41593,1.41609,1256500015.258789
2011-06-24 19:16:00,1.4161,1.41641,1.4161,1.4164,1262300033.569336
2011-06-24 19:17:00,1.4164,1.41651,1.41639,1.41648,1172099990.8447266
2011-06-24 19:18:00,1.41647,1.4165,1.41625,1.41633,1649600067.1386719
2011-06-24 19:19:00,1.41635,1.41653,1.41635,1.41646,1476900024.4140625
2011-06-24 19:20:00,1.41645,1.41645,1.4162,1.41621,1622899932.8613281
2011-06-24 19:21:00,1.41623,1.41639,1.41623,1.41637,1341799926.7578125
2011-06-24 19:22:00,1.41636,1.41679,1.41635,1.41679,1093499984.741211
2011-06-24 19:23:00,1.41681,1.41685,1.41671,1.41671,1302700042.7246094
2011-06-24 19:24:00,1.41668,1.41668,1.41632,1.41641,1655500030.5175781
2011-06-24 19:25:00,1.41644,1.41649,1.41639,1.41649,471500015.25878906
2011-06-24 19:26:00,1.4165,1.41668,1.4165,1.41659,833600006.1035156
2011-06-24 19:27:00,1.41659,1.41669,1.41657,1.41661,1233899993.8964844
2011-06-24 19:28:00,1.41661,1.41669,1.41639,1.41639,1035199966.4306641
2011-06-24 19:29:00,1.4164,1.41656,1.41639,1.41649,1366699981.6894531
2011-06-24 19:30:00,1.41649,1.41669,1.41649,1.41659,724199981.6894531
2011-06-24 19:31:00,1.41659,1.41686,1.41659,1.41686,892600021.3623047
2011-06-24 19:32:00,1.41694,1.41751,1.41694,1.4174,1656699981.6894531
2011-06-24 19:33:00,1.41742,1.41779,1.41742,1.41756,2090599975.5859375
2011-06-24 19:34:00,1.41756,1.41786,1.41756,1.41781,1319600067.1386719
2011-06-24 19:35:00,1.41781,1.41806,1.41778,1.41804,1293899993.8964844
2011-06-24 19:36:00,1.41804,1.41823,1.41787,1.4179,1227200012.2070312
2011-06-24 19:37:00,1.41791,1.418,1.41776,1.41782,1311699981.6894531
2011-06-24 19:38:00,1.41781,1.41781,1.41737,1.41738,1338999938.9648438
2011-06-24 19:39:00,1.41739,1.41751,1.41728,1.41738,1465200042.7246094
2011-06-24 19:40:00,1.41738,1.41775,1.41737,1.41741,2092700042.7246094
2011-06-24 19:41:00,1.41742,1.41779,1.41742,1.41779,1180599975.5859375
2011-06-24 19:42:00,1.41778,1.41797,1.41756,1.41758,1819900054.9316406
2011-06-24 19:43:00,1.41758,1.41761,1.41726,1.41739,1108300018.3105469
2011-06-24 19:44:00,1.41739,1.41768,1.41737,1.41768,1149000015.258789
2011-06-24 19:45:00,1.41767,1.41768,1.41741,1.41745,770999984.7412109
2011-06-24 19:46:00,1.41745,1.41749,1.41723,1.4174,1536900024.4140625
2011-06-24 19:47:00,1.41742,1.41757,1.41725,1.41725,1215899963.3789062
2011-06-24 19:48:00,1.41724,1.41731,1.41697,1.41725,1764299926.7578125
2011-06-24 19:49:00,1.41725,1.41741,1.41701,1.41741,1946300048.828125
2011-06-24 19:50:00,1.41739,1.41757,1.41737,1.41754,847600021.3623047
2011-06-24 19:51:00,1.41755,1.41758,1.41737,1.4174,1037300033.5693359
2011-06-24 19:52:00,1.41741,1.41742,1.41723,1.41733,1745700073.2421875
2011-06-24 19:53:00,1.41734,1.4176,1.41721,1.41758,1406000061.0351562
2011-06-24 19:54:00,1.41759,1.41767,1.41739,1.41739,1238899993.8964844
2011-06-24 19:55:00,1.4174,1.41755,1.41736,1.4175,713399963.3789062
2011-06-24 19:56:00,1.41751,1.4181,1.41745,1.4181,1590500030.5175781
2011-06-24 19:57:00,1.41811,1.41828,1.4181,1.41825,1655599975.5859375
2011-06-24 19:58:00,1.41825,1.41825,1.41815,1.4182,994000015.2587891
2011-06-24 19:59:00,1.4182,1.41823,1.41799,1.41807,1436000061.0351562
2011-06-24 20:00:00,1.41807,1.41812,1.41791,1.41791,877500000.0
2011-06-24 20:01:00,1.41791,1.41793,1.41754,1.41754,1237500000.0
2011-06-24 20:02:00,1.41753,1.41753,1.41731,1.41734,922500000.0
2011-06-24 20:03:00,1.41731,1.41747,1.41728,1.41742,821999969.4824219
2011-06-24 20:04:00,1.41743,1.41755,1.41737,1.41753,873000030.5175781
2011-06-24 20:05:00,1.41755,1.41774,1.41755,1.4177,920299987.7929688
2011-06-24 20:06:00,1.41769,1.41769,1.41736,1.41736,849000015.2587891
2011-06-24 20:07:00,1.41741,1.41777,1.41741,1.41771,1064800033.5693359
2011-06-24 20:08:00,1.41771,1.41781,1.41771,1.41773,924599990.8447266
2011-06-24 20:09:00,1.41773,1.41773,1.41747,1.41771,825199966.4306641
2011-06-24 20:10:00,1.41771,1.41779,1.41752,1.41778,622500000.0
2011-06-24 20:11:00,1.41776,1.41786,1.41761,1.41781,1042500000.0
2011-06-24 20:12:00,1.41781,1.41799,1.41775,1.41791,650999984.7412109
2011-06-24 20:13:00,1.41791,1.41817,1.41787,1.41817,845999984.7412109
2011-06-24 20:14:00,1.41817,1.4183,1.41806,1.4183,893300018.3105469
2011-06-24 20:15:00,1.41831,1.41859,1.41825,1.41825,1429499969.4824219
2011-06-24 20:16:00,1.41824,1.41824,1.41803,1.4181,602799987.7929688
2011-06-24 20:17:00,1.4181,1.41815,1.418,1.41809,844100036.6210938
2011-06-24 20:18:00,1.41809,1.41813,1.418,1.4181,542299995.4223633
2011-06-24 20:19:00,1.41807,1.41807,1.41795,1.41797,544599990.8447266
2011-06-24 20:20:00,1.41797,1.41805,1.41792,1.41805,442500000.0
2011-06-24 20:21:00,1.41805,1.41805,1.41788,1.41788,843799972.5341797
2011-06-24 20:22:00,1.41788,1.41795,1.41787,1.41787,502500000.0
2011-06-24 20:23:00,1.41788,1.41801,1.41787,1.41798,232500000.0
2011-06-24 20:24:00,1.41798,1.41813,1.41798,1.41807,244599990.84472656
2011-06-24 20:25:00,1.41805,1.41838,1.41801,1.41824,917300033.5693359
2011-06-24 20:26:00,1.41825,1.41829,1.41812,1.41814,735100021.3623047
2011-06-24 20:27:00,1.41815,1.41837,1.41812,1.41823,1605599975.5859375
2011-06-24 20:28:00,1.41823,1.4183,1.41806,1.41826,846100006.1035156
2011-06-24 20:29:00,1.41828,1.4183,1.41795,1.41797,867300033.5693359
2011-06-24 20:30:00,1.41796,1.41831,1.41791,1.41827,1252600021.3623047
2011-06-24 20:31:00,1.41827,1.41841,1.41823,1.41826,693199996.9482422
2011-06-24 20:32:00,1.41827,1.41857,1.41827,1.41857,594000015.2587891
2011-06-24 20:33:00,1.41858,1.41858,1.41836,1.41856,962300033.5693359
2011-06-24 20:34:00,1.41856,1.41871,1.41846,1.41862,1005999984.7412109
2011-06-24 20:35:00,1.41856,1.41865,1.4182,1.41822,841600036.6210938
2011-06-24 20:36:00,1.41822,1.41828,1.41817,1.41819,435000000.0
2011-06-24 20:37:00,1.41816,1.41825,1.41809,1.41825,975100021.3623047
2011-06-24 20:38:00,1.41825,1.41825,1.41817,1.41817,217500000.0
2011-06-24 20:39:00,1.41816,1.41845,1.41816,1.41843,545999984.7412109
2011-06-24 20:40:00,1.41847,1.41848,1.41837,1.41841,570099983.215332
2011-06-24 20:41:00,1.4184,1.4184,1.41811,1.41811,759499969.4824219
2011-06-24 20:42:00,1.4181,1.41811,1.41788,1.41793,471800003.0517578
2011-06-24 20:43:00,1.41793,1.41825,1.41793,1.41824,679000015.2587891
2011-06-24 20:44:00,1.41819,1.41819,1.41792,1.41794,621100006.1035156
2011-06-24 20:45:00,1.41793,1.41793,1.41784,1.41793,397500000.0
2011-06-24 20:46:00,1.418,1.41807,1.41796,1.41807,671299972.5341797
2011-06-24 20:47:00,1.41808,1.41846,1.41808,1.41838,1264400024.4140625
2011-06-24 20:48:00,1.41847,1.41856,1.41816,1.41847,443199996.9482422
2011-06-24 20:49:00,1.41855,1.41891,1.41844,1.41877,1776100006.1035156
2011-06-24 20:50:00,1.41878,1.41909,1.41862,1.41883,1001200027.4658203
2011-06-24 20:51:00,1.41878,1.41878,1.41857,1.41865,877900009.1552734
2011-06-24 20:52:00,1.4186,1.41877,1.4186,1.41868,692300033.5693359
2011-06-24 20:53:00,1.41882,1.41883,1.41859,1.41869,443100013.73291016
2011-06-24 20:54:00,1.41867,1.41892,1.4186,1.4188,543499984.7412109
2011-06-24 20:55:00,1.41878,1.41888,1.41863,1.41881,222099990.84472656
2011-06-24 20:56:00,1.41881,1.41886,1.41876,1.41886,218400001.5258789
2011-06-24 20:57:00,1.41883,1.41898,1.41875,1.4188,608699989.3188477
2011-06-24 20:58:00,1.41884,1.41903,1.4187,1.41881,1027600021.3623047
2011-06-24 20:59:00,1.41882,1.41889,1.41853,1.41888,1185899963.3789062
2011-06-24 21:00:00,1.41888,1.41888,1.41888,1.41888,0.0
2011-06-24 21:01:00,1.41888,1.41888,1.41888,1.41888,0.0
2011-06-24 21:02:00,1.41888,1.41888,1.41888,1.41888,0.0
2011-06-24 21:03:00,1.41888,1.41888,1.41888,1.41888,0.0
2011-06-24 21:04:00,1.41888,1.41888,1.41888,1.41888,0.0
2011-06-24 21:05:00,1.41888,1.41888,1.41888,1.41888,0.0
2011-06-24 21:06:00,1.41888,1.41888,1.41888,1.41888,0.0
2011-06-24 21:07:00,1.41888,1.41888,1.41888,1.41888,0.0
2011-06-24 21:08:00,1.41888,1.41888,1.41888,1.41888,0.0
2011-06-24 21:09:00,1.41888,1.41888,1.41888,1.41888,0.0
2011-06-24 21:10:00,1.41888,1.41888,1.41888,1.41888,0.0
2011-06-24 21:11:00,1.41888,1.41888,1.41888,1.41888,0.0
2011-06-24 21:12:00,1.41888,1.41888,1.41888,1.41888,0.0
2011-06-24 21:13:00,1.41888,1.41888,1.41888,1.41888,0.0
2011-06-24 21:14:00,1.41888,1.41888,1.41888,1.41888,0.0
2011-06-24 21:15:00,1.41888,1.41888,1.41888,1.41888,0.0
2011-06-24 21:16:00,1.41888,1.41888,1.41888,1.41888,0.0
2011-06-24 21:17:00,1.41888,1.41888,1.41888,1.41888,0.0
2011-06-24 21:18:00,1.41888,1.41888,1.41888,1.41888,0.0
2011-06-24 21:19:00,1.41888,1.41888,1.41888,1.41888,0.0
2011-06-24 21:20:00,1.41888,1.41888,1.41888,1.41888,0.0
2011-06-24 21:21:00,1.41888,1.41888,1.41888,1.41888,0.0
2011-06-24 21:22:00,1.41888,1.41888,1.41888,1.41888,0.0
2011-06-24 21:23:00,1.41888,1.41888,1.41888,1.41888,0.0
2011-06-24 21:24:00,1.41888,1.41888,1.41888,1.41888,0.0
2011-06-24 21:25:00,1.41888,1.41888,1.41888,1.41888,0.0
2011-06-24 21:26:00,1.41888,1.41888,1.41888,1.41888,0.0
2011-06-24 21:27:00,1.41888,1.41888,1.41888,1.41888,0.0
2011-06-24 21:28:00,1.41888,1.41888,1.41888,1.41888,0.0
2011-06-24 21:29:00,1.41888,1.41888,1.41888,1.41888,0.0
2011-06-24 21:30:00,1.41888,1.41888,1.41888,1.41888,0.0
2011-06-24 21:31:00,1.41888,1.41888,1.41888,1.41888,0.0
2011-06-24 21:32:00,1.41888,1.41888,1.41888,1.41888,0.0
2011-06-24 21:33:00,1.41888,1.41888,1.41888,1.41888,0.0
2011-06-24 21:34:00,1.41888,1.41888,1.41888,1.41888,0.0
2011-06-24 21:35:00,1.41888,1.41888,1.41888,1.41888,0.0
2011-06-24 21:36:00,1.41888,1.41888,1.41888,1.41888,0.0
2011-06-24 21:37:00,1.41888,1.41888,1.41888,1.41888,0.0
2011-06-24 21:38:00,1.41888,1.41888,1.41888,1.41888,0.0
2011-06-24 21:39:00,1.41888,1.41888,1.41888,1.41888,0.0
2011-06-24 21:40:00,1.41888,1.41888,1.41888,1.41888,0.0
2011-06-24 21:41:00,1.41888,1.41888,1.41888,1.41888,0.0
2011-06-24 21:42:00,1.41888,1.41888,1.41888,1.41888,0.0
2011-06-24 21:43:00,1.41888,1.41888,1.41888,1.41888,0.0
2011-06-24 21:44:00,1.41888,1.41888,1.41888,1.41888,0.0
2011-06-24 21:45:00,1.41888,1.41888,1.41888,1.41888,0.0
2011-06-24 21:46:00,1.41888,1.41888,1.41888,1.41888,0.0
2011-06-24 21:47:00,1.41888,1.41888,1.41888,1.41888,0.0
2011-06-24 21:48:00,1.41888,1.41888,1.41888,1.41888,0.0
2011-06-24 21:49:00,1.41888,1.41888,1.41888,1.41888,0.0
2011-06-24 21:50:00,1.41888,1.41888,1.41888,1.41888,0.0
2011-06-24 21:51:00,1.41888,1.41888,1.41888,1.41888,0.0
2011-06-24 21:52:00,1.41888,1.41888,1.41888,1.41888,0.0
2011-06-24 21:53:00,1.41888,1.41888,1.41888,1.41888,0.0
2011-06-24 21:54:00,1.41888,1.41888,1.41888,1.41888,0.0
2011-06-24 21:55:00,1.41888,1.41888,1.41888,1.41888,0.0
2011-06-24 21:56:00,1.41888,1.41888,1.41888,1.41888,0.0
2011-06-24 21:57:00,1.41888,1.41888,1.41888,1.41888,0.0
2011-06-24 21:58:00,1.41888,1.41888,1.41888,1.41888,0.0
2011-06-24 21:59:00,1.41888,1.41888,1.41888,1.41888,0.0
2011-06-24 22:00:00,1.41888,1.41888,1.41888,1.41888,0.0
2011-06-24 22:01:00,1.41888,1.41888,1.41888,1.41888,0.0
2011-06-24 22:02:00,1.41888,1.41888,1.41888,1.41888,0.0
2011-06-24 22:03:00,1.41888,1.41888,1.41888,1.41888,0.0
2011-06-24 22:04:00,1.41888,1.41888,1.41888,1.41888,0.0
2011-06-24 22:05:00,1.41888,1.41888,1.41888,1.41888,0.0
2011-06-24 22:06:00,1.41888,1.41888,1.41888,1.41888,0.0
2011-06-24 22:07:00,1.41888,1.41888,1.41888,1.41888,0.0
2011-06-24 22:08:00,1.41888,1.41888,1.41888,1.41888,0.0
2011-06-24 22:09:00,1.41888,1.41888,1.41888,1.41888,0.0
2011-06-24 22:10:00,1.41888,1.41888,1.41888,1.41888,0.0
2011-06-24 22:11:00,1.41888,1.41888,1.41888,1.41888,0.0
2011-06-24 22:12:00,1.41888,1.41888,1.41888,1.41888,0.0
2011-06-24 22:13:00,1.41888,1.41888,1.41888,1.41888,0.0
2011-06-24 22:14:00,1.41888,1.41888,1.41888,1.41888,0.0
2011-06-24 22:15:00,1.41888,1.41888,1.41888,1.41888,0.0
2011-06-24 22:16:00,1.41888,1.41888,1.41888,1.41888,0.0
2011-06-24 22:17:00,1.41888,1.41888,1.41888,1.41888,0.0
2011-06-24 22:18:00,1.41888,1.41888,1.41888,1.41888,0.0
2011-06-24 22:19:00,1.41888,1.41888,1.41888,1.41888,0.0
2011-06-24 22:20:00,1.41888,1.41888,1.41888,1.41888,0.0
2011-06-24 22:21:00,1.41888,1.41888,1.41888,1.41888,0.0
2011-06-24 22:22:00,1.41888,1.41888,1.41888,1.41888,0.0
2011-06-24 22:23:00,1.41888,1.41888,1.41888,1.41888,0.0
2011-06-24 22:24:00,1.41888,1.41888,1.41888,1.41888,0.0
2011-06-24 22:25:00,1.41888,1.41888,1.41888,1.41888,0.0
2011-06-24 22:26:00,1.41888,1.41888,1.41888,1.41888,0.0
2011-06-24 22:27:00,1.41888,1.41888,1.41888,1.41888,0.0
2011-06-24 22:28:00,1.41888,1.41888,1.41888,1.41888,0.0
2011-06-24 22:29:00,1.41888,1.41888,1.41888,1.41888,0.0
2011-06-24 22:30:00,1.41888,1.41888,1.41888,1.41888,0.0
2011-06-24 22:31:00,1.41888,1.41888,1.41888,1.41888,0.0
2011-06-24 22:32:00,1.41888,1.41888,1.41888,1.41888,0.0
2011-06-24 22:33:00,1.41888,1.41888,1.41888,1.41888,0.0
2011-06-24 22:34:00,1.41888,1.41888,1.41888,1.41888,0.0
2011-06-24 22:35:00,1.41888,1.41888,1.41888,1.41888,0.0
2011-06-24 22:36:00,1.41888,1.41888,1.41888,1.41888,0.0
2011-06-24 22:37:00,1.41888,1.41888,1.41888,1.41888,0.0
2011-06-24 22:38:00,1.41888,1.41888,1.41888,1.41888,0.0
2011-06-24 22:39:00,1.41888,1.41888,1.41888,1.41888,0.0
2011-06-24 22:40:00,1.41888,1.41888,1.41888,1.41888,0.0
2011-06-24 22:41:00,1.41888,1.41888,1.41888,1.41888,0.0
2011-06-24 22:42:00,1.41888,1.41888,1.41888,1.41888,0.0
2011-06-24 22:43:00,1.41888,1.41888,1.41888,1.41888,0.0
2011-06-24 22:44:00,1.41888,1.41888,1.41888,1.41888,0.0
2011-06-24 22:45:00,1.41888,1.41888,1.41888,1.41888,0.0
2011-06-24 22:46:00,1.41888,1.41888,1.41888,1.41888,0.0
2011-06-24 22:47:00,1.41888,1.41888,1.41888,1.41888,0.0
2011-06-24 22:48:00,1.41888,1.41888,1.41888,1.41888,0.0
2011-06-24 22:49:00,1.41888,1.41888,1.41888,1.41888,0.0
2011-06-24 22:50:00,1.41888,1.41888,1.41888,1.41888,0.0
2011-06-24 22:51:00,1.41888,1.41888,1.41888,1.41888,0.0
2011-06-24 22:52:00,1.41888,1.41888,1.41888,1.41888,0.0
2011-06-24 22:53:00,1.41888,1.41888,1.41888,1.41888,0.0
2011-06-24 22:54:00,1.41888,1.41888,1.41888,1.41888,0.0
2011-06-24 22:55:00,1.41888,1.41888,1.41888,1.41888,0.0
2011-06-24 22:56:00,1.41888,1.41888,1.41888,1.41888,0.0
2011-06-24 22:57:00,1.41888,1.41888,1.41888,1.41888,0.0
2011-06-24 22:58:00,1.41888,1.41888,1.41888,1.41888,0.0
2011-06-24 22:59:00,1.41888,1.41888,1.41888,1.41888,0.0
2011-06-24 23:00:00,1.41888,1.41888,1.41888,1.41888,0.0
2011-06-24 23:01:00,1.41888,1.41888,1.41888,1.41888,0.0
2011-06-24 23:02:00,1.41888,1.41888,1.41888,1.41888,0.0
2011-06-24 23:03:00,1.41888,1.41888,1.41888,1.41888,0.0
2011-06-24 23:04:00,1.41888,1.41888,1.41888,1.41888,0.0
2011-06-24 23:05:00,1.41888,1.41888,1.41888,1.41888,0.0
2011-06-24 23:06:00,1.41888,1.41888,1.41888,1.41888,0.0
2011-06-24 23:07:00,1.41888,1.41888,1.41888,1.41888,0.0
2011-06-24 23:08:00,1.41888,1.41888,1.41888,1.41888,0.0
2011-06-24 23:09:00,1.41888,1.41888,1.41888,1.41888,0.0
2011-06-24 23:10:00,1.41888,1.41888,1.41888,1.41888,0.0
2011-06-24 23:11:00,1.41888,1.41888,1.41888,1.41888,0.0
2011-06-24 23:12:00,1.41888,1.41888,1.41888,1.41888,0.0
2011-06-24 23:13:00,1.41888,1.41888,1.41888,1.41888,0.0
2011-06-24 23:14:00,1.41888,1.41888,1.41888,1.41888,0.0
2011-06-24 23:15:00,1.41888,1.41888,1.41888,1.41888,0.0
2011-06-24 23:16:00,1.41888,1.41888,1.41888,1.41888,0.0
2011-06-24 23:17:00,1.41888,1.41888,1.41888,1.41888,0.0
2011-06-24 23:18:00,1.41888,1.41888,1.41888,1.41888,0.0
2011-06-24 23:19:00,1.41888,1.41888,1.41888,1.41888,0.0
2011-06-24 23:20:00,1.41888,1.41888,1.41888,1.41888,0.0
2011-06-24 23:21:00,1.41888,1.41888,1.41888,1.41888,0.0
2011-06-24 23:22:00,1.41888,1.41888,1.41888,1.41888,0.0
2011-06-24 23:23:00,1.41888,1.41888,1.41888,1.41888,0.0
2011-06-24 23:24:00,1.41888,1.41888,1.41888,1.41888,0.0
2011-06-24 23:25:00,1.41888,1.41888,1.41888,1.41888,0.0
2011-06-24 23:26:00,1.41888,1.41888,1.41888,1.41888,0.0
2011-06-24 23:27:00,1.41888,1.41888,1.41888,1.41888,0.0
2011-06-24 23:28:00,1.41888,1.41888,1.41888,1.41888,0.0
2011-06-24 23:29:00,1.41888,1.41888,1.41888,1.41888,0.0
2011-06-24 23:30:00,1.41888,1.41888,1.41888,1.41888,0.0
2011-06-24 23:31:00,1.41888,1.41888,1.41888,1.41888,0.0
2011-06-24 23:32:00,1.41888,1.41888,1.41888,1.41888,0.0
2011-06-24 23:33:00,1.41888,1.41888,1.41888,1.41888,0.0
2011-06-24 23:34:00,1.41888,1.41888,1.41888,1.41888,0.0
2011-06-24 23:35:00,1.41888,1.41888,1.41888,1.41888,0.0
2011-06-24 23:36:00,1.41888,1.41888,1.41888,1.41888,0.0
2011-06-24 23:37:00,1.41888,1.41888,1.41888,1.41888,0.0
2011-06-24 23:38:00,1.41888,1.41888,1.41888,1.41888,0.0
2011-06-24 23:39:00,1.41888,1.41888,1.41888,1.41888,0.0
2011-06-24 23:40:00,1.41888,1.41888,1.41888,1.41888,0.0
2011-06-24 23:41:00,1.41888,1.41888,1.41888,1.41888,0.0
2011-06-24 23:42:00,1.41888,1.41888,1.41888,1.41888,0.0
2011-06-24 23:43:00,1.41888,1.41888,1.41888,1.41888,0.0
2011-06-24 23:44:00,1.41888,1.41888,1.41888,1.41888,0.0
2011-06-24 23:45:00,1.41888,1.41888,1.41888,1.41888,0.0
2011-06-24 23:46:00,1.41888,1.41888,1.41888,1.41888,0.0
2011-06-24 23:47:00,1.41888,1.41888,1.41888,1.41888,0.0
2011-06-24 23:48:00,1.41888,1.41888,1.41888,1.41888,0.0
2011-06-24 23:49:00,1.41888,1.41888,1.41888,1.41888,0.0
2011-06-24 23:50:00,1.41888,1.41888,1.41888,1.41888,0.0
2011-06-24 23:51:00,1.41888,1.41888,1.41888,1.41888,0.0
2011-06-24 23:52:00,1.41888,1.41888,1.41888,1.41888,0.0
2011-06-24 23:53:00,1.41888,1.41888,1.41888,1.41888,0.0
2011-06-24 23:54:00,1.41888,1.41888,1.41888,1.41888,0.0
2011-06-24 23:55:00,1.41888,1.41888,1.41888,1.41888,0.0
2011-06-24 23:56:00,1.41888,1.41888,1.41888,1.41888,0.0
2011-06-24 23:57:00,1.41888,1.41888,1.41888,1.41888,0.0
2011-06-24 23:58:00,1.41888,1.41888,1.41888,1.41888,0.0
2011-06-24 23:59:00,1.41888,1.41888,1.41888,1.41888,0.0
2011-06-25 00:00:00,1.41855,1.41855,1.41855,1.41855,0.0
2011-06-25 00:01:00,1.41855,1.41855,1.41855,1.41855,0.0
2011-06-25 00:02:00,1.41855,1.41855,1.41855,1.41855,0.0
2011-06-25 00:03:00,1.41855,1.41855,1.41855,1.41855,0.0
2011-06-25 00:04:00,1.41855,1.41855,1.41855,1.41855,0.0
2011-06-25 00:05:00,1.41855,1.41855,1.41855,1.41855,0.0
2011-06-25 00:06:00,1.41855,1.41855,1.41855,1.41855,0.0
2011-06-25 00:07:00,1.41855,1.41855,1.41855,1.41855,0.0
2011-06-25 00:08:00,1.41855,1.41855,1.41855,1.41855,0.0
2011-06-25 00:09:00,1.41855,1.41855,1.41855,1.41855,0.0
2011-06-25 00:10:00,1.41855,1.41855,1.41855,1.41855,0.0
2011-06-25 00:11:00,1.41855,1.41855,1.41855,1.41855,0.0
2011-06-25 00:12:00,1.41855,1.41855,1.41855,1.41855,0.0
2011-06-25 00:13:00,1.41855,1.41855,1.41855,1.41855,0.0
2011-06-25 00:14:00,1.41855,1.41855,1.41855,1.41855,0.0
2011-06-25 00:15:00,1.41855,1.41855,1.41855,1.41855,0.0
2011-06-25 00:16:00,1.41855,1.41855,1.41855,1.41855,0.0
2011-06-25 00:17:00,1.41855,1.41855,1.41855,1.41855,0.0
2011-06-25 00:18:00,1.41855,1.41855,1.41855,1.41855,0.0
2011-06-25 00:19:00,1.41855,1.41855,1.41855,1.41855,0.0
2011-06-25 00:20:00,1.41855,1.41855,1.41855,1.41855,0.0
2011-06-25 00:21:00,1.41855,1.41855,1.41855,1.41855,0.0
2011-06-25 00:22:00,1.41855,1.41855,1.41855,1.41855,0.0
2011-06-25 00:23:00,1.41855,1.41855,1.41855,1.41855,0.0
2011-06-25 00:24:00,1.41855,1.41855,1.41855,1.41855,0.0
2011-06-25 00:25:00,1.41855,1.41855,1.41855,1.41855,0.0
2011-06-25 00:26:00,1.41855,1.41855,1.41855,1.41855,0.0
2011-06-25 00:27:00,1.41855,1.41855,1.41855,1.41855,0.0
2011-06-25 00:28:00,1.41855,1.41855,1.41855,1.41855,0.0
2011-06-25 00:29:00,1.41855,1.41855,1.41855,1.41855,0.0
2011-06-25 00:30:00,1.41855,1.41855,1.41855,1.41855,0.0
2011-06-25 00:31:00,1.41855,1.41855,1.41855,1.41855,0.0
2011-06-25 00:32:00,1.41855,1.41855,1.41855,1.41855,0.0
2011-06-25 00:33:00,1.41855,1.41855,1.41855,1.41855,0.0
2011-06-25 00:34:00,1.41855,1.41855,1.41855,1.41855,0.0
2011-06-25 00:35:00,1.41855,1.41855,1.41855,1.41855,0.0
2011-06-25 00:36:00,1.41855,1.41855,1.41855,1.41855,0.0
2011-06-25 00:37:00,1.41855,1.41855,1.41855,1.41855,0.0
2011-06-25 00:38:00,1.41855,1.41855,1.41855,1.41855,0.0
2011-06-25 00:39:00,1.41855,1.41855,1.41855,1.41855,0.0
2011-06-25 00:40:00,1.41855,1.41855,1.41855,1.41855,0.0
2011-06-25 00:41:00,1.41855,1.41855,1.41855,1.41855,0.0
2011-06-25 00:42:00,1.41855,1.41855,1.41855,1.41855,0.0
2011-06-25 00:43:00,1.41855,1.41855,1.41855,1.41855,0.0
2011-06-25 00:44:00,1.41855,1.41855,1.41855,1.41855,0.0
2011-06-25 00:45:00,1.41855,1.41855,1.41855,1.41855,0.0
2011-06-25 00:46:00,1.41855,1.41855,1.41855,1.41855,0.0
2011-06-25 00:47:00,1.41855,1.41855,1.41855,1.41855,0.0
2011-06-25 00:48:00,1.41855,1.41855,1.41855,1.41855,0.0
2011-06-25 00:49:00,1.41855,1.41855,1.41855,1.41855,0.0
2011-06-25 00:50:00,1.41855,1.41855,1.41855,1.41855,0.0
2011-06-25 00:51:00,1.41855,1.41855,1.41855,1.41855,0.0
2011-06-25 00:52:00,1.41855,1.41855,1.41855,1.41855,0.0
2011-06-25 00:53:00,1.41855,1.41855,1.41855,1.41855,0.0
2011-06-25 00:54:00,1.41855,1.41855,1.41855,1.41855,0.0
2011-06-25 00:55:00,1.41855,1.41855,1.41855,1.41855,0.0
2011-06-25 00:56:00,1.41855,1.41855,1.41855,1.41855,0.0
2011-06-25 00:57:00,1.41855,1.41855,1.41855,1.41855,0.0
2011-06-25 00:58:00,1.41855,1.41855,1.41855,1.41855,0.0
2011-06-25 00:59:00,1.41855,1.41855,1.41855,1.41855,0.0
2011-06-25 01:00:00,1.41855,1.41855,1.41855,1.41855,0.0
2011-06-25 01:01:00,1.41855,1.41855,1.41855,1.41855,0.0
2011-06-25 01:02:00,1.41855,1.41855,1.41855,1.41855,0.0
2011-06-25 01:03:00,1.41855,1.41855,1.41855,1.41855,0.0
2011-06-25 01:04:00,1.41855,1.41855,1.41855,1.41855,0.0
2011-06-25 01:05:00,1.41855,1.41855,1.41855,1.41855,0.0
2011-06-25 01:06:00,1.41855,1.41855,1.41855,1.41855,0.0
2011-06-25 01:07:00,1.41855,1.41855,1.41855,1.41855,0.0
2011-06-25 01:08:00,1.41855,1.41855,1.41855,1.41855,0.0
2011-06-25 01:09:00,1.41855,1.41855,1.41855,1.41855,0.0
2011-06-25 01:10:00,1.41855,1.41855,1.41855,1.41855,0.0
2011-06-25 01:11:00,1.41855,1.41855,1.41855,1.41855,0.0
2011-06-25 01:12:00,1.41855,1.41855,1.41855,1.41855,0.0
2011-06-25 01:13:00,1.41855,1.41855,1.41855,1.41855,0.0
2011-06-25 01:14:00,1.41855,1.41855,1.41855,1.41855,0.0
2011-06-25 01:15:00,1.41855,1.41855,1.41855,1.41855,0.0
2011-06-25 01:16:00,1.41855,1.41855,1.41855,1.41855,0.0
2011-06-25 01:17:00,1.41855,1.41855,1.41855,1.41855,0.0
2011-06-25 01:18:00,1.41855,1.41855,1.41855,1.41855,0.0
2011-06-25 01:19:00,1.41855,1.41855,1.41855,1.41855,0.0
2011-06-25 01:20:00,1.41855,1.41855,1.41855,1.41855,0.0
2011-06-25 01:21:00,1.41855,1.41855,1.41855,1.41855,0.0
2011-06-25 01:22:00,1.41855,1.41855,1.41855,1.41855,0.0
2011-06-25 01:23:00,1.41855,1.41855,1.41855,1.41855,0.0
2011-06-25 01:24:00,1.41855,1.41855,1.41855,1.41855,0.0
2011-06-25 01:25:00,1.41855,1.41855,1.41855,1.41855,0.0
2011-06-25 01:26:00,1.41855,1.41855,1.41855,1.41855,0.0
2011-06-25 01:27:00,1.41855,1.41855,1.41855,1.41855,0.0
2011-06-25 01:28:00,1.41855,1.41855,1.41855,1.41855,0.0
2011-06-25 01:29:00,1.41855,1.41855,1.41855,1.41855,0.0
2011-06-25 01:30:00,1.41855,1.41855,1.41855,1.41855,0.0
2011-06-25 01:31:00,1.41855,1.41855,1.41855,1.41855,0.0
2011-06-25 01:32:00,1.41855,1.41855,1.41855,1.41855,0.0
2011-06-25 01:33:00,1.41855,1.41855,1.41855,1.41855,0.0
2011-06-25 01:34:00,1.41855,1.41855,1.41855,1.41855,0.0
2011-06-25 01:35:00,1.41855,1.41855,1.41855,1.41855,0.0
2011-06-25 01:36:00,1.41855,1.41855,1.41855,1.41855,0.0
2011-06-25 01:37:00,1.41855,1.41855,1.41855,1.41855,0.0
2011-06-25 01:38:00,1.41855,1.41855,1.41855,1.41855,0.0
2011-06-25 01:39:00,1.41855,1.41855,1.41855,1.41855,0.0
2011-06-25 01:40:00,1.41855,1.41855,1.41855,1.41855,0.0
2011-06-25 01:41:00,1.41855,1.41855,1.41855,1.41855,0.0
2011-06-25 01:42:00,1.41855,1.41855,1.41855,1.41855,0.0
2011-06-25 01:43:00,1.41855,1.41855,1.41855,1.41855,0.0
2011-06-25 01:44:00,1.41855,1.41855,1.41855,1.41855,0.0
2011-06-25 01:45:00,1.41855,1.41855,1.41855,1.41855,0.0
2011-06-25 01:46:00,1.41855,1.41855,1.41855,1.41855,0.0
2011-06-25 01:47:00,1.41855,1.41855,1.41855,1.41855,0.0
2011-06-25 01:48:00,1.41855,1.41855,1.41855,1.41855,0.0
2011-06-25 01:49:00,1.41855,1.41855,1.41855,1.41855,0.0
2011-06-25 01:50:00,1.41855,1.41855,1.41855,1.41855,0.0
2011-06-25 01:51:00,1.41855,1.41855,1.41855,1.41855,0.0
2011-06-25 01:52:00,1.41855,1.41855,1.41855,1.41855,0.0
2011-06-25 01:53:00,1.41855,1.41855,1.41855,1.41855,0.0
2011-06-25 01:54:00,1.41855,1.41855,1.41855,1.41855,0.0
2011-06-25 01:55:00,1.41855,1.41855,1.41855,1.41855,0.0
2011-06-25 01:56:00,1.41855,1.41855,1.41855,1.41855,0.0
2011-06-25 01:57:00,1.41855,1.41855,1.41855,1.41855,0.0
2011-06-25 01:58:00,1.41855,1.41855,1.41855,1.41855,0.0
2011-06-25 01:59:00,1.41855,1.41855,1.41855,1.41855,0.0
2011-06-25 02:00:00,1.41855,1.41855,1.41855,1.41855,0.0
2011-06-25 02:01:00,1.41855,1.41855,1.41855,1.41855,0.0
2011-06-25 02:02:00,1.41855,1.41855,1.41855,1.41855,0.0
2011-06-25 02:03:00,1.41855,1.41855,1.41855,1.41855,0.0
2011-06-25 02:04:00,1.41855,1.41855,1.41855,1.41855,0.0
2011-06-25 02:05:00,1.41855,1.41855,1.41855,1.41855,0.0
2011-06-25 02:06:00,1.41855,1.41855,1.41855,1.41855,0.0
2011-06-25 02:07:00,1.41855,1.41855,1.41855,1.41855,0.0
2011-06-25 02:08:00,1.41855,1.41855,1.41855,1.41855,0.0
2011-06-25 02:09:00,1.41855,1.41855,1.41855,1.41855,0.0
2011-06-25 02:10:00,1.41855,1.41855,1.41855,1.41855,0.0
2011-06-25 02:11:00,1.41855,1.41855,1.41855,1.41855,0.0
2011-06-25 02:12:00,1.41855,1.41855,1.41855,1.41855,0.0
2011-06-25 02:13:00,1.41855,1.41855,1.41855,1.41855,0.0
2011-06-25 02:14:00,1.41855,1.41855,1.41855,1.41855,0.0
2011-06-25 02:15:00,1.41855,1.41855,1.41855,1.41855,0.0
2011-06-25 02:16:00,1.41855,1.41855,1.41855,1.41855,0.0
2011-06-25 02:17:00,1.41855,1.41855,1.41855,1.41855,0.0
2011-06-25 02:18:00,1.41855,1.41855,1.41855,1.41855,0.0
2011-06-25 02:19:00,1.41855,1.41855,1.41855,1.41855,0.0
2011-06-25 02:20:00,1.41855,1.41855,1.41855,1.41855,0.0
2011-06-25 02:21:00,1.41855,1.41855,1.41855,1.41855,0.0
2011-06-25 02:22:00,1.41855,1.41855,1.41855,1.41855,0.0
2011-06-25 02:23:00,1.41855,1.41855,1.41855,1.41855,0.0
2011-06-25 02:24:00,1.41855,1.41855,1.41855,1.41855,0.0
2011-06-25 02:25:00,1.41855,1.41855,1.41855,1.41855,0.0
2011-06-25 02:26:00,1.41855,1.41855,1.41855,1.41855,0.0
2011-06-25 02:27:00,1.41855,1.41855,1.41855,1.41855,0.0
2011-06-25 02:28:00,1.41855,1.41855,1.41855,1.41855,0.0
2011-06-25 02:29:00,1.41855,1.41855,1.41855,1.41855,0.0
2011-06-25 02:30:00,1.41855,1.41855,1.41855,1.41855,0.0
2011-06-25 02:31:00,1.41855,1.41855,1.41855,1.41855,0.0
2011-06-25 02:32:00,1.41855,1.41855,1.41855,1.41855,0.0
2011-06-25 02:33:00,1.41855,1.41855,1.41855,1.41855,0.0
2011-06-25 02:34:00,1.41855,1.41855,1.41855,1.41855,0.0
2011-06-25 02:35:00,1.41855,1.41855,1.41855,1.41855,0.0
2011-06-25 02:36:00,1.41855,1.41855,1.41855,1.41855,0.0
2011-06-25 02:37:00,1.41855,1.41855,1.41855,1.41855,0.0
2011-06-25 02:38:00,1.41855,1.41855,1.41855,1.41855,0.0
2011-06-25 02:39:00,1.41855,1.41855,1.41855,1.41855,0.0
2011-06-25 02:40:00,1.41855,1.41855,1.41855,1.41855,0.0
2011-06-25 02:41:00,1.41855,1.41855,1.41855,1.41855,0.0
2011-06-25 02:42:00,1.41855,1.41855,1.41855,1.41855,0.0
2011-06-25 02:43:00,1.41855,1.41855,1.41855,1.41855,0.0
2011-06-25 02:44:00,1.41855,1.41855,1.41855,1.41855,0.0
2011-06-25 02:45:00,1.41855,1.41855,1.41855,1.41855,0.0
2011-06-25 02:46:00,1.41855,1.41855,1.41855,1.41855,0.0
2011-06-25 02:47:00,1.41855,1.41855,1.41855,1.41855,0.0
2011-06-25 02:48:00,1.41855,1.41855,1.41855,1.41855,0.0
2011-06-25 02:49:00,1.41855,1.41855,1.41855,1.41855,0.0
2011-06-25 02:50:00,1.41855,1.41855,1.41855,1.41855,0.0
2011-06-25 02:51:00,1.41855,1.41855,1.41855,1.41855,0.0
2011-06-25 02:52:00,1.41855,1.41855,1.41855,1.41855,0.0
2011-06-25 02:53:00,1.41855,1.41855,1.41855,1.41855,0.0
2011-06-25 02:54:00,1.41855,1.41855,1.41855,1.41855,0.0
2011-06-25 02:55:00,1.41855,1.41855,1.41855,1.41855,0.0
2011-06-25 02:56:00,1.41855,1.41855,1.41855,1.41855,0.0
2011-06-25 02:57:00,1.41855,1.41855,1.41855,1.41855,0.0
2011-06-25 02:58:00,1.41855,1.41855,1.41855,1.41855,0.0
2011-06-25 02:59:00,1.41855,1.41855,1.41855,1.41855,0.0
2011-06-25 03:00:00,1.41855,1.41855,1.41855,1.41855,0.0
2011-06-25 03:01:00,1.41855,1.41855,1.41855,1.41855,0.0
2011-06-25 03:02:00,1.41855,1.41855,1.41855,1.41855,0.0
2011-06-25 03:03:00,1.41855,1.41855,1.41855,1.41855,0.0
2011-06-25 03:04:00,1.41855,1.41855,1.41855,1.41855,0.0
2011-06-25 03:05:00,1.41855,1.41855,1.41855,1.41855,0.0
2011-06-25 03:06:00,1.41855,1.41855,1.41855,1.41855,0.0
2011-06-25 03:07:00,1.41855,1.41855,1.41855,1.41855,0.0
2011-06-25 03:08:00,1.41855,1.41855,1.41855,1.41855,0.0
2011-06-25 03:09:00,1.41855,1.41855,1.41855,1.41855,0.0
2011-06-25 03:10:00,1.41855,1.41855,1.41855,1.41855,0.0
2011-06-25 03:11:00,1.41855,1.41855,1.41855,1.41855,0.0
2011-06-25 03:12:00,1.41855,1.41855,1.41855,1.41855,0.0
2011-06-25 03:13:00,1.41855,1.41855,1.41855,1.41855,0.0
2011-06-25 03:14:00,1.41855,1.41855,1.41855,1.41855,0.0
2011-06-25 03:15:00,1.41855,1.41855,1.41855,1.41855,0.0
2011-06-25 03:16:00,1.41855,1.41855,1.41855,1.41855,0.0
2011-06-25 03:17:00,1.41855,1.41855,1.41855,1.41855,0.0
2011-06-25 03:18:00,1.41855,1.41855,1.41855,1.41855,0.0
2011-06-25 03:19:00,1.41855,1.41855,1.41855,1.41855,0.0
2011-06-25 03:20:00,1.41855,1.41855,1.41855,1.41855,0.0
2011-06-25 03:21:00,1.41855,1.41855,1.41855,1.41855,0.0
2011-06-25 03:22:00,1.41855,1.41855,1.41855,1.41855,0.0
2011-06-25 03:23:00,1.41855,1.41855,1.41855,1.41855,0.0
2011-06-25 03:24:00,1.41855,1.41855,1.41855,1.41855,0.0
2011-06-25 03:25:00,1.41855,1.41855,1.41855,1.41855,0.0
2011-06-25 03:26:00,1.41855,1.41855,1.41855,1.41855,0.0
2011-06-25 03:27:00,1.41855,1.41855,1.41855,1.41855,0.0
2011-06-25 03:28:00,1.41855,1.41855,1.41855,1.41855,0.0
2011-06-25 03:29:00,1.41855,1.41855,1.41855,1.41855,0.0
2011-06-25 03:30:00,1.41855,1.41855,1.41855,1.41855,0.0
2011-06-25 03:31:00,1.41855,1.41855,1.41855,1.41855,0.0
2011-06-25 03:32:00,1.41855,1.41855,1.41855,1.41855,0.0
2011-06-25 03:33:00,1.41855,1.41855,1.41855,1.41855,0.0
2011-06-25 03:34:00,1.41855,1.41855,1.41855,1.41855,0.0
2011-06-25 03:35:00,1.41855,1.41855,1.41855,1.41855,0.0
2011-06-25 03:36:00,1.41855,1.41855,1.41855,1.41855,0.0
2011-06-25 03:37:00,1.41855,1.41855,1.41855,1.41855,0.0
2011-06-25 03:38:00,1.41855,1.41855,1.41855,1.41855,0.0
2011-06-25 03:39:00,1.41855,1.41855,1.41855,1.41855,0.0
2011-06-25 03:40:00,1.41855,1.41855,1.41855,1.41855,0.0
2011-06-25 03:41:00,1.41855,1.41855,1.41855,1.41855,0.0
2011-06-25 03:42:00,1.41855,1.41855,1.41855,1.41855,0.0
2011-06-25 03:43:00,1.41855,1.41855,1.41855,1.41855,0.0
2011-06-25 03:44:00,1.41855,1.41855,1.41855,1.41855,0.0
2011-06-25 03:45:00,1.41855,1.41855,1.41855,1.41855,0.0
2011-06-25 03:46:00,1.41855,1.41855,1.41855,1.41855,0.0
2011-06-25 03:47:00,1.41855,1.41855,1.41855,1.41855,0.0
2011-06-25 03:48:00,1.41855,1.41855,1.41855,1.41855,0.0
2011-06-25 03:49:00,1.41855,1.41855,1.41855,1.41855,0.0
2011-06-25 03:50:00,1.41855,1.41855,1.41855,1.41855,0.0
2011-06-25 03:51:00,1.41855,1.41855,1.41855,1.41855,0.0
2011-06-25 03:52:00,1.41855,1.41855,1.41855,1.41855,0.0
2011-06-25 03:53:00,1.41855,1.41855,1.41855,1.41855,0.0
2011-06-25 03:54:00,1.41855,1.41855,1.41855,1.41855,0.0
2011-06-25 03:55:00,1.41855,1.41855,1.41855,1.41855,0.0
2011-06-25 03:56:00,1.41855,1.41855,1.41855,1.41855,0.0
2011-06-25 03:57:00,1.41855,1.41855,1.41855,1.41855,0.0
2011-06-25 03:58:00,1.41855,1.41855,1.41855,1.41855,0.0
2011-06-25 03:59:00,1.41855,1.41855,1.41855,1.41855,0.0
2011-06-25 04:00:00,1.41855,1.41855,1.41855,1.41855,0.0
2011-06-25 04:01:00,1.41855,1.41855,1.41855,1.41855,0.0
2011-06-25 04:02:00,1.41855,1.41855,1.41855,1.41855,0.0
2011-06-25 04:03:00,1.41855,1.41855,1.41855,1.41855,0.0
2011-06-25 04:04:00,1.41855,1.41855,1.41855,1.41855,0.0
2011-06-25 04:05:00,1.41855,1.41855,1.41855,1.41855,0.0
2011-06-25 04:06:00,1.41855,1.41855,1.41855,1.41855,0.0
2011-06-25 04:07:00,1.41855,1.41855,1.41855,1.41855,0.0
2011-06-25 04:08:00,1.41855,1.41855,1.41855,1.41855,0.0
2011-06-25 04:09:00,1.41855,1.41855,1.41855,1.41855,0.0
2011-06-25 04:10:00,1.41855,1.41855,1.41855,1.41855,0.0
2011-06-25 04:11:00,1.41855,1.41855,1.41855,1.41855,0.0
2011-06-25 04:12:00,1.41855,1.41855,1.41855,1.41855,0.0
2011-06-25 04:13:00,1.41855,1.41855,1.41855,1.41855,0.0
2011-06-25 04:14:00,1.41855,1.41855,1.41855,1.41855,0.0
2011-06-25 04:15:00,1.41855,1.41855,1.41855,1.41855,0.0
2011-06-25 04:16:00,1.41855,1.41855,1.41855,1.41855,0.0
2011-06-25 04:17:00,1.41855,1.41855,1.41855,1.41855,0.0
2011-06-25 04:18:00,1.41855,1.41855,1.41855,1.41855,0.0
2011-06-25 04:19:00,1.41855,1.41855,1.41855,1.41855,0.0
2011-06-25 04:20:00,1.41855,1.41855,1.41855,1.41855,0.0
2011-06-25 04:21:00,1.41855,1.41855,1.41855,1.41855,0.0
2011-06-25 04:22:00,1.41855,1.41855,1.41855,1.41855,0.0
2011-06-25 04:23:00,1.41855,1.41855,1.41855,1.41855,0.0
2011-06-25 04:24:00,1.41855,1.41855,1.41855,1.41855,0.0
2011-06-25 04:25:00,1.41855,1.41855,1.41855,1.41855,0.0
2011-06-25 04:26:00,1.41855,1.41855,1.41855,1.41855,0.0
2011-06-25 04:27:00,1.41855,1.41855,1.41855,1.41855,0.0
2011-06-25 04:28:00,1.41855,1.41855,1.41855,1.41855,0.0
2011-06-25 04:29:00,1.41855,1.41855,1.41855,1.41855,0.0
2011-06-25 04:30:00,1.41855,1.41855,1.41855,1.41855,0.0
2011-06-25 04:31:00,1.41855,1.41855,1.41855,1.41855,0.0
2011-06-25 04:32:00,1.41855,1.41855,1.41855,1.41855,0.0
2011-06-25 04:33:00,1.41855,1.41855,1.41855,1.41855,0.0
2011-06-25 04:34:00,1.41855,1.41855,1.41855,1.41855,0.0
2011-06-25 04:35:00,1.41855,1.41855,1.41855,1.41855,0.0
2011-06-25 04:36:00,1.41855,1.41855,1.41855,1.41855,0.0
2011-06-25 04:37:00,1.41855,1.41855,1.41855,1.41855,0.0
2011-06-25 04:38:00,1.41855,1.41855,1.41855,1.41855,0.0
2011-06-25 04:39:00,1.41855,1.41855,1.41855,1.41855,0.0
2011-06-25 04:40:00,1.41855,1.41855,1.41855,1.41855,0.0
2011-06-25 04:41:00,1.41855,1.41855,1.41855,1.41855,0.0
2011-06-25 04:42:00,1.41855,1.41855,1.41855,1.41855,0.0
2011-06-25 04:43:00,1.41855,1.41855,1.41855,1.41855,0.0
2011-06-25 04:44:00,1.41855,1.41855,1.41855,1.41855,0.0
2011-06-25 04:45:00,1.41855,1.41855,1.41855,1.41855,0.0
2011-06-25 04:46:00,1.41855,1.41855,1.41855,1.41855,0.0
2011-06-25 04:47:00,1.41855,1.41855,1.41855,1.41855,0.0
2011-06-25 04:48:00,1.41855,1.41855,1.41855,1.41855,0.0
2011-06-25 04:49:00,1.41855,1.41855,1.41855,1.41855,0.0
2011-06-25 04:50:00,1.41855,1.41855,1.41855,1.41855,0.0
2011-06-25 04:51:00,1.41855,1.41855,1.41855,1.41855,0.0
2011-06-25 04:52:00,1.41855,1.41855,1.41855,1.41855,0.0
2011-06-25 04:53:00,1.41855,1.41855,1.41855,1.41855,0.0
2011-06-25 04:54:00,1.41855,1.41855,1.41855,1.41855,0.0
2011-06-25 04:55:00,1.41855,1.41855,1.41855,1.41855,0.0
2011-06-25 04:56:00,1.41855,1.41855,1.41855,1.41855,0.0
2011-06-25 04:57:00,1.41855,1.41855,1.41855,1.41855,0.0
2011-06-25 04:58:00,1.41855,1.41855,1.41855,1.41855,0.0
2011-06-25 04:59:00,1.41855,1.41855,1.41855,1.41855,0.0
2011-06-25 05:00:00,1.41855,1.41855,1.41855,1.41855,0.0
2011-06-25 05:01:00,1.41855,1.41855,1.41855,1.41855,0.0
2011-06-25 05:02:00,1.41855,1.41855,1.41855,1.41855,0.0
2011-06-25 05:03:00,1.41855,1.41855,1.41855,1.41855,0.0
2011-06-25 05:04:00,1.41855,1.41855,1.41855,1.41855,0.0
2011-06-25 05:05:00,1.41855,1.41855,1.41855,1.41855,0.0
2011-06-25 05:06:00,1.41855,1.41855,1.41855,1.41855,0.0
2011-06-25 05:07:00,1.41855,1.41855,1.41855,1.41855,0.0
2011-06-25 05:08:00,1.41855,1.41855,1.41855,1.41855,0.0
2011-06-25 05:09:00,1.41855,1.41855,1.41855,1.41855,0.0
2011-06-25 05:10:00,1.41855,1.41855,1.41855,1.41855,0.0
2011-06-25 05:11:00,1.41855,1.41855,1.41855,1.41855,0.0
2011-06-25 05:12:00,1.41855,1.41855,1.41855,1.41855,0.0
2011-06-25 05:13:00,1.41855,1.41855,1.41855,1.41855,0.0
2011-06-25 05:14:00,1.41855,1.41855,1.41855,1.41855,0.0
2011-06-25 05:15:00,1.41855,1.41855,1.41855,1.41855,0.0
2011-06-25 05:16:00,1.41855,1.41855,1.41855,1.41855,0.0
2011-06-25 05:17:00,1.41855,1.41855,1.41855,1.41855,0.0
2011-06-25 05:18:00,1.41855,1.41855,1.41855,1.41855,0.0
2011-06-25 05:19:00,1.41855,1.41855,1.41855,1.41855,0.0
2011-06-25 05:20:00,1.41855,1.41855,1.41855,1.41855,0.0
2011-06-25 05:21:00,1.41855,1.41855,1.41855,1.41855,0.0
2011-06-25 05:22:00,1.41855,1.41855,1.41855,1.41855,0.0
2011-06-25 05:23:00,1.41855,1.41855,1.41855,1.41855,0.0
2011-06-25 05:24:00,1.41855,1.41855,1.41855,1.41855,0.0
2011-06-25 05:25:00,1.41855,1.41855,1.41855,1.41855,0.0
2011-06-25 05:26:00,1.41855,1.41855,1.41855,1.41855,0.0
2011-06-25 05:27:00,1.41855,1.41855,1.41855,1.41855,0.0
2011-06-25 05:28:00,1.41855,1.41855,1.41855,1.41855,0.0
2011-06-25 05:29:00,1.41855,1.41855,1.41855,1.41855,0.0
2011-06-25 05:30:00,1.41855,1.41855,1.41855,1.41855,0.0
2011-06-25 05:31:00,1.41855,1.41855,1.41855,1.41855,0.0
2011-06-25 05:32:00,1.41855,1.41855,1.41855,1.41855,0.0
2011-06-25 05:33:00,1.41855,1.41855,1.41855,1.41855,0.0
2011-06-25 05:34:00,1.41855,1.41855,1.41855,1.41855,0.0
2011-06-25 05:35:00,1.41855,1.41855,1.41855,1.41855,0.0
2011-06-25 05:36:00,1.41855,1.41855,1.41855,1.41855,0.0
2011-06-25 05:37:00,1.41855,1.41855,1.41855,1.41855,0.0
2011-06-25 05:38:00,1.41855,1.41855,1.41855,1.41855,0.0
2011-06-25 05:39:00,1.41855,1.41855,1.41855,1.41855,0.0
2011-06-25 05:40:00,1.41855,1.41855,1.41855,1.41855,0.0
2011-06-25 05:41:00,1.41855,1.41855,1.41855,1.41855,0.0
2011-06-25 05:42:00,1.41855,1.41855,1.41855,1.41855,0.0
2011-06-25 05:43:00,1.41855,1.41855,1.41855,1.41855,0.0
2011-06-25 05:44:00,1.41855,1.41855,1.41855,1.41855,0.0
2011-06-25 05:45:00,1.41855,1.41855,1.41855,1.41855,0.0
2011-06-25 05:46:00,1.41855,1.41855,1.41855,1.41855,0.0
2011-06-25 05:47:00,1.41855,1.41855,1.41855,1.41855,0.0
2011-06-25 05:48:00,1.41855,1.41855,1.41855,1.41855,0.0
2011-06-25 05:49:00,1.41855,1.41855,1.41855,1.41855,0.0
2011-06-25 05:50:00,1.41855,1.41855,1.41855,1.41855,0.0
2011-06-25 05:51:00,1.41855,1.41855,1.41855,1.41855,0.0
2011-06-25 05:52:00,1.41855,1.41855,1.41855,1.41855,0.0
2011-06-25 05:53:00,1.41855,1.41855,1.41855,1.41855,0.0
2011-06-25 05:54:00,1.41855,1.41855,1.41855,1.41855,0.0
2011-06-25 05:55:00,1.41855,1.41855,1.41855,1.41855,0.0
2011-06-25 05:56:00,1.41855,1.41855,1.41855,1.41855,0.0
2011-06-25 05:57:00,1.41855,1.41855,1.41855,1.41855,0.0
2011-06-25 05:58:00,1.41855,1.41855,1.41855,1.41855,0.0
2011-06-25 05:59:00,1.41855,1.41855,1.41855,1.41855,0.0
2011-06-25 06:00:00,1.41855,1.41855,1.41855,1.41855,0.0
2011-06-25 06:01:00,1.41855,1.41855,1.41855,1.41855,0.0
2011-06-25 06:02:00,1.41855,1.41855,1.41855,1.41855,0.0
2011-06-25 06:03:00,1.41855,1.41855,1.41855,1.41855,0.0
2011-06-25 06:04:00,1.41855,1.41855,1.41855,1.41855,0.0
2011-06-25 06:05:00,1.41855,1.41855,1.41855,1.41855,0.0
2011-06-25 06:06:00,1.41855,1.41855,1.41855,1.41855,0.0
2011-06-25 06:07:00,1.41855,1.41855,1.41855,1.41855,0.0
2011-06-25 06:08:00,1.41855,1.41855,1.41855,1.41855,0.0
2011-06-25 06:09:00,1.41855,1.41855,1.41855,1.41855,0.0
2011-06-25 06:10:00,1.41855,1.41855,1.41855,1.41855,0.0
2011-06-25 06:11:00,1.41855,1.41855,1.41855,1.41855,0.0
2011-06-25 06:12:00,1.41855,1.41855,1.41855,1.41855,0.0
2011-06-25 06:13:00,1.41855,1.41855,1.41855,1.41855,0.0
2011-06-25 06:14:00,1.41855,1.41855,1.41855,1.41855,0.0
2011-06-25 06:15:00,1.41855,1.41855,1.41855,1.41855,0.0
2011-06-25 06:16:00,1.41855,1.41855,1.41855,1.41855,0.0
2011-06-25 06:17:00,1.41855,1.41855,1.41855,1.41855,0.0
2011-06-25 06:18:00,1.41855,1.41855,1.41855,1.41855,0.0
2011-06-25 06:19:00,1.41855,1.41855,1.41855,1.41855,0.0
2011-06-25 06:20:00,1.41855,1.41855,1.41855,1.41855,0.0
2011-06-25 06:21:00,1.41855,1.41855,1.41855,1.41855,0.0
2011-06-25 06:22:00,1.41855,1.41855,1.41855,1.41855,0.0
2011-06-25 06:23:00,1.41855,1.41855,1.41855,1.41855,0.0
2011-06-25 06:24:00,1.41855,1.41855,1.41855,1.41855,0.0
2011-06-25 06:25:00,1.41855,1.41855,1.41855,1.41855,0.0
2011-06-25 06:26:00,1.41855,1.41855,1.41855,1.41855,0.0
2011-06-25 06:27:00,1.41855,1.41855,1.41855,1.41855,0.0
2011-06-25 06:28:00,1.41855,1.41855,1.41855,1.41855,0.0
2011-06-25 06:29:00,1.41855,1.41855,1.41855,1.41855,0.0
2011-06-25 06:30:00,1.41855,1.41855,1.41855,1.41855,0.0
2011-06-25 06:31:00,1.41855,1.41855,1.41855,1.41855,0.0
2011-06-25 06:32:00,1.41855,1.41855,1.41855,1.41855,0.0
2011-06-25 06:33:00,1.41855,1.41855,1.41855,1.41855,0.0
2011-06-25 06:34:00,1.41855,1.41855,1.41855,1.41855,0.0
2011-06-25 06:35:00,1.41855,1.41855,1.41855,1.41855,0.0
2011-06-25 06:36:00,1.41855,1.41855,1.41855,1.41855,0.0
2011-06-25 06:37:00,1.41855,1.41855,1.41855,1.41855,0.0
2011-06-25 06:38:00,1.41855,1.41855,1.41855,1.41855,0.0
2011-06-25 06:39:00,1.41855,1.41855,1.41855,1.41855,0.0
2011-06-25 06:40:00,1.41855,1.41855,1.41855,1.41855,0.0
2011-06-25 06:41:00,1.41855,1.41855,1.41855,1.41855,0.0
2011-06-25 06:42:00,1.41855,1.41855,1.41855,1.41855,0.0
2011-06-25 06:43:00,1.41855,1.41855,1.41855,1.41855,0.0
2011-06-25 06:44:00,1.41855,1.41855,1.41855,1.41855,0.0
2011-06-25 06:45:00,1.41855,1.41855,1.41855,1.41855,0.0
2011-06-25 06:46:00,1.41855,1.41855,1.41855,1.41855,0.0
2011-06-25 06:47:00,1.41855,1.41855,1.41855,1.41855,0.0
2011-06-25 06:48:00,1.41855,1.41855,1.41855,1.41855,0.0
2011-06-25 06:49:00,1.41855,1.41855,1.41855,1.41855,0.0
2011-06-25 06:50:00,1.41855,1.41855,1.41855,1.41855,0.0
2011-06-25 06:51:00,1.41855,1.41855,1.41855,1.41855,0.0
2011-06-25 06:52:00,1.41855,1.41855,1.41855,1.41855,0.0
2011-06-25 06:53:00,1.41855,1.41855,1.41855,1.41855,0.0
2011-06-25 06:54:00,1.41855,1.41855,1.41855,1.41855,0.0
2011-06-25 06:55:00,1.41855,1.41855,1.41855,1.41855,0.0
2011-06-25 06:56:00,1.41855,1.41855,1.41855,1.41855,0.0
2011-06-25 06:57:00,1.41855,1.41855,1.41855,1.41855,0.0
2011-06-25 06:58:00,1.41855,1.41855,1.41855,1.41855,0.0
2011-06-25 06:59:00,1.41855,1.41855,1.41855,1.41855,0.0
2011-06-25 07:00:00,1.41855,1.41855,1.41855,1.41855,0.0
2011-06-25 07:01:00,1.41855,1.41855,1.41855,1.41855,0.0
2011-06-25 07:02:00,1.41855,1.41855,1.41855,1.41855,0.0
2011-06-25 07:03:00,1.41855,1.41855,1.41855,1.41855,0.0
2011-06-25 07:04:00,1.41855,1.41855,1.41855,1.41855,0.0
2011-06-25 07:05:00,1.41855,1.41855,1.41855,1.41855,0.0
2011-06-25 07:06:00,1.41855,1.41855,1.41855,1.41855,0.0
2011-06-25 07:07:00,1.41855,1.41855,1.41855,1.41855,0.0
2011-06-25 07:08:00,1.41855,1.41855,1.41855,1.41855,0.0
2011-06-25 07:09:00,1.41855,1.41855,1.41855,1.41855,0.0
2011-06-25 07:10:00,1.41855,1.41855,1.41855,1.41855,0.0
2011-06-25 07:11:00,1.41855,1.41855,1.41855,1.41855,0.0
2011-06-25 07:12:00,1.41855,1.41855,1.41855,1.41855,0.0
2011-06-25 07:13:00,1.41855,1.41855,1.41855,1.41855,0.0
2011-06-25 07:14:00,1.41855,1.41855,1.41855,1.41855,0.0
2011-06-25 07:15:00,1.41855,1.41855,1.41855,1.41855,0.0
2011-06-25 07:16:00,1.41855,1.41855,1.41855,1.41855,0.0
2011-06-25 07:17:00,1.41855,1.41855,1.41855,1.41855,0.0
2011-06-25 07:18:00,1.41855,1.41855,1.41855,1.41855,0.0
2011-06-25 07:19:00,1.41855,1.41855,1.41855,1.41855,0.0
2011-06-25 07:20:00,1.41855,1.41855,1.41855,1.41855,0.0
2011-06-25 07:21:00,1.41855,1.41855,1.41855,1.41855,0.0
2011-06-25 07:22:00,1.41855,1.41855,1.41855,1.41855,0.0
2011-06-25 07:23:00,1.41855,1.41855,1.41855,1.41855,0.0
2011-06-25 07:24:00,1.41855,1.41855,1.41855,1.41855,0.0
2011-06-25 07:25:00,1.41855,1.41855,1.41855,1.41855,0.0
2011-06-25 07:26:00,1.41855,1.41855,1.41855,1.41855,0.0
2011-06-25 07:27:00,1.41855,1.41855,1.41855,1.41855,0.0
2011-06-25 07:28:00,1.41855,1.41855,1.41855,1.41855,0.0
2011-06-25 07:29:00,1.41855,1.41855,1.41855,1.41855,0.0
2011-06-25 07:30:00,1.41855,1.41855,1.41855,1.41855,0.0
2011-06-25 07:31:00,1.41855,1.41855,1.41855,1.41855,0.0
2011-06-25 07:32:00,1.41855,1.41855,1.41855,1.41855,0.0
2011-06-25 07:33:00,1.41855,1.41855,1.41855,1.41855,0.0
2011-06-25 07:34:00,1.41855,1.41855,1.41855,1.41855,0.0
2011-06-25 07:35:00,1.41855,1.41855,1.41855,1.41855,0.0
2011-06-25 07:36:00,1.41855,1.41855,1.41855,1.41855,0.0
2011-06-25 07:37:00,1.41855,1.41855,1.41855,1.41855,0.0
2011-06-25 07:38:00,1.41855,1.41855,1.41855,1.41855,0.0
2011-06-25 07:39:00,1.41855,1.41855,1.41855,1.41855,0.0
2011-06-25 07:40:00,1.41855,1.41855,1.41855,1.41855,0.0
2011-06-25 07:41:00,1.41855,1.41855,1.41855,1.41855,0.0
2011-06-25 07:42:00,1.41855,1.41855,1.41855,1.41855,0.0
2011-06-25 07:43:00,1.41855,1.41855,1.41855,1.41855,0.0
2011-06-25 07:44:00,1.41855,1.41855,1.41855,1.41855,0.0
2011-06-25 07:45:00,1.41855,1.41855,1.41855,1.41855,0.0
2011-06-25 07:46:00,1.41855,1.41855,1.41855,1.41855,0.0
2011-06-25 07:47:00,1.41855,1.41855,1.41855,1.41855,0.0
2011-06-25 07:48:00,1.41855,1.41855,1.41855,1.41855,0.0
2011-06-25 07:49:00,1.41855,1.41855,1.41855,1.41855,0.0
2011-06-25 07:50:00,1.41855,1.41855,1.41855,1.41855,0.0
2011-06-25 07:51:00,1.41855,1.41855,1.41855,1.41855,0.0
2011-06-25 07:52:00,1.41855,1.41855,1.41855,1.41855,0.0
2011-06-25 07:53:00,1.41855,1.41855,1.41855,1.41855,0.0
2011-06-25 07:54:00,1.41855,1.41855,1.41855,1.41855,0.0
2011-06-25 07:55:00,1.41855,1.41855,1.41855,1.41855,0.0
2011-06-25 07:56:00,1.41855,1.41855,1.41855,1.41855,0.0
2011-06-25 07:57:00,1.41855,1.41855,1.41855,1.41855,0.0
2011-06-25 07:58:00,1.41855,1.41855,1.41855,1.41855,0.0
2011-06-25 07:59:00,1.41855,1.41855,1.41855,1.41855,0.0
2011-06-25 08:00:00,1.41855,1.41855,1.41855,1.41855,0.0
2011-06-25 08:01:00,1.41855,1.41855,1.41855,1.41855,0.0
2011-06-25 08:02:00,1.41855,1.41855,1.41855,1.41855,0.0
2011-06-25 08:03:00,1.41855,1.41855,1.41855,1.41855,0.0
2011-06-25 08:04:00,1.41855,1.41855,1.41855,1.41855,0.0
2011-06-25 08:05:00,1.41855,1.41855,1.41855,1.41855,0.0
2011-06-25 08:06:00,1.41855,1.41855,1.41855,1.41855,0.0
2011-06-25 08:07:00,1.41855,1.41855,1.41855,1.41855,0.0
2011-06-25 08:08:00,1.41855,1.41855,1.41855,1.41855,0.0
2011-06-25 08:09:00,1.41855,1.41855,1.41855,1.41855,0.0
2011-06-25 08:10:00,1.41855,1.41855,1.41855,1.41855,0.0
2011-06-25 08:11:00,1.41855,1.41855,1.41855,1.41855,0.0
2011-06-25 08:12:00,1.41855,1.41855,1.41855,1.41855,0.0
2011-06-25 08:13:00,1.41855,1.41855,1.41855,1.41855,0.0
2011-06-25 08:14:00,1.41855,1.41855,1.41855,1.41855,0.0
2011-06-25 08:15:00,1.41855,1.41855,1.41855,1.41855,0.0
2011-06-25 08:16:00,1.41855,1.41855,1.41855,1.41855,0.0
2011-06-25 08:17:00,1.41855,1.41855,1.41855,1.41855,0.0
2011-06-25 08:18:00,1.41855,1.41855,1.41855,1.41855,0.0
2011-06-25 08:19:00,1.41855,1.41855,1.41855,1.41855,0.0
2011-06-25 08:20:00,1.41855,1.41855,1.41855,1.41855,0.0
2011-06-25 08:21:00,1.41855,1.41855,1.41855,1.41855,0.0
2011-06-25 08:22:00,1.41855,1.41855,1.41855,1.41855,0.0
2011-06-25 08:23:00,1.41855,1.41855,1.41855,1.41855,0.0
2011-06-25 08:24:00,1.41855,1.41855,1.41855,1.41855,0.0
2011-06-25 08:25:00,1.41855,1.41855,1.41855,1.41855,0.0
2011-06-25 08:26:00,1.41855,1.41855,1.41855,1.41855,0.0
2011-06-25 08:27:00,1.41855,1.41855,1.41855,1.41855,0.0
2011-06-25 08:28:00,1.41855,1.41855,1.41855,1.41855,0.0
2011-06-25 08:29:00,1.41855,1.41855,1.41855,1.41855,0.0
2011-06-25 08:30:00,1.41855,1.41855,1.41855,1.41855,0.0
2011-06-25 08:31:00,1.41855,1.41855,1.41855,1.41855,0.0
2011-06-25 08:32:00,1.41855,1.41855,1.41855,1.41855,0.0
2011-06-25 08:33:00,1.41855,1.41855,1.41855,1.41855,0.0
2011-06-25 08:34:00,1.41855,1.41855,1.41855,1.41855,0.0
2011-06-25 08:35:00,1.41855,1.41855,1.41855,1.41855,0.0
2011-06-25 08:36:00,1.41855,1.41855,1.41855,1.41855,0.0
2011-06-25 08:37:00,1.41855,1.41855,1.41855,1.41855,0.0
2011-06-25 08:38:00,1.41855,1.41855,1.41855,1.41855,0.0
2011-06-25 08:39:00,1.41855,1.41855,1.41855,1.41855,0.0
2011-06-25 08:40:00,1.41855,1.41855,1.41855,1.41855,0.0
2011-06-25 08:41:00,1.41855,1.41855,1.41855,1.41855,0.0
2011-06-25 08:42:00,1.41855,1.41855,1.41855,1.41855,0.0
2011-06-25 08:43:00,1.41855,1.41855,1.41855,1.41855,0.0
2011-06-25 08:44:00,1.41855,1.41855,1.41855,1.41855,0.0
2011-06-25 08:45:00,1.41855,1.41855,1.41855,1.41855,0.0
2011-06-25 08:46:00,1.41855,1.41855,1.41855,1.41855,0.0
2011-06-25 08:47:00,1.41855,1.41855,1.41855,1.41855,0.0
2011-06-25 08:48:00,1.41855,1.41855,1.41855,1.41855,0.0
2011-06-25 08:49:00,1.41855,1.41855,1.41855,1.41855,0.0
2011-06-25 08:50:00,1.41855,1.41855,1.41855,1.41855,0.0
2011-06-25 08:51:00,1.41855,1.41855,1.41855,1.41855,0.0
2011-06-25 08:52:00,1.41855,1.41855,1.41855,1.41855,0.0
2011-06-25 08:53:00,1.41855,1.41855,1.41855,1.41855,0.0
2011-06-25 08:54:00,1.41855,1.41855,1.41855,1.41855,0.0
2011-06-25 08:55:00,1.41855,1.41855,1.41855,1.41855,0.0
2011-06-25 08:56:00,1.41855,1.41855,1.41855,1.41855,0.0
2011-06-25 08:57:00,1.41855,1.41855,1.41855,1.41855,0.0
2011-06-25 08:58:00,1.41855,1.41855,1.41855,1.41855,0.0
2011-06-25 08:59:00,1.41855,1.41855,1.41855,1.41855,0.0
2011-06-25 09:00:00,1.41855,1.41855,1.41855,1.41855,0.0
2011-06-25 09:01:00,1.41855,1.41855,1.41855,1.41855,0.0
2011-06-25 09:02:00,1.41855,1.41855,1.41855,1.41855,0.0
2011-06-25 09:03:00,1.41855,1.41855,1.41855,1.41855,0.0
2011-06-25 09:04:00,1.41855,1.41855,1.41855,1.41855,0.0
2011-06-25 09:05:00,1.41855,1.41855,1.41855,1.41855,0.0
2011-06-25 09:06:00,1.41855,1.41855,1.41855,1.41855,0.0
2011-06-25 09:07:00,1.41855,1.41855,1.41855,1.41855,0.0
2011-06-25 09:08:00,1.41855,1.41855,1.41855,1.41855,0.0
2011-06-25 09:09:00,1.41855,1.41855,1.41855,1.41855,0.0
2011-06-25 09:10:00,1.41855,1.41855,1.41855,1.41855,0.0
2011-06-25 09:11:00,1.41855,1.41855,1.41855,1.41855,0.0
2011-06-25 09:12:00,1.41855,1.41855,1.41855,1.41855,0.0
2011-06-25 09:13:00,1.41855,1.41855,1.41855,1.41855,0.0
2011-06-25 09:14:00,1.41855,1.41855,1.41855,1.41855,0.0
2011-06-25 09:15:00,1.41855,1.41855,1.41855,1.41855,0.0
2011-06-25 09:16:00,1.41855,1.41855,1.41855,1.41855,0.0
2011-06-25 09:17:00,1.41855,1.41855,1.41855,1.41855,0.0
2011-06-25 09:18:00,1.41855,1.41855,1.41855,1.41855,0.0
2011-06-25 09:19:00,1.41855,1.41855,1.41855,1.41855,0.0
2011-06-25 09:20:00,1.41855,1.41855,1.41855,1.41855,0.0
2011-06-25 09:21:00,1.41855,1.41855,1.41855,1.41855,0.0
2011-06-25 09:22:00,1.41855,1.41855,1.41855,1.41855,0.0
2011-06-25 09:23:00,1.41855,1.41855,1.41855,1.41855,0.0
2011-06-25 09:24:00,1.41855,1.41855,1.41855,1.41855,0.0
2011-06-25 09:25:00,1.41855,1.41855,1.41855,1.41855,0.0
2011-06-25 09:26:00,1.41855,1.41855,1.41855,1.41855,0.0
2011-06-25 09:27:00,1.41855,1.41855,1.41855,1.41855,0.0
2011-06-25 09:28:00,1.41855,1.41855,1.41855,1.41855,0.0
2011-06-25 09:29:00,1.41855,1.41855,1.41855,1.41855,0.0
2011-06-25 09:30:00,1.41855,1.41855,1.41855,1.41855,0.0
2011-06-25 09:31:00,1.41855,1.41855,1.41855,1.41855,0.0
2011-06-25 09:32:00,1.41855,1.41855,1.41855,1.41855,0.0
2011-06-25 09:33:00,1.41855,1.41855,1.41855,1.41855,0.0
2011-06-25 09:34:00,1.41855,1.41855,1.41855,1.41855,0.0
2011-06-25 09:35:00,1.41855,1.41855,1.41855,1.41855,0.0
2011-06-25 09:36:00,1.41855,1.41855,1.41855,1.41855,0.0
2011-06-25 09:37:00,1.41855,1.41855,1.41855,1.41855,0.0
2011-06-25 09:38:00,1.41855,1.41855,1.41855,1.41855,0.0
2011-06-25 09:39:00,1.41855,1.41855,1.41855,1.41855,0.0
2011-06-25 09:40:00,1.41855,1.41855,1.41855,1.41855,0.0
2011-06-25 09:41:00,1.41855,1.41855,1.41855,1.41855,0.0
2011-06-25 09:42:00,1.41855,1.41855,1.41855,1.41855,0.0
2011-06-25 09:43:00,1.41855,1.41855,1.41855,1.41855,0.0
2011-06-25 09:44:00,1.41855,1.41855,1.41855,1.41855,0.0
2011-06-25 09:45:00,1.41855,1.41855,1.41855,1.41855,0.0
2011-06-25 09:46:00,1.41855,1.41855,1.41855,1.41855,0.0
2011-06-25 09:47:00,1.41855,1.41855,1.41855,1.41855,0.0
2011-06-25 09:48:00,1.41855,1.41855,1.41855,1.41855,0.0
2011-06-25 09:49:00,1.41855,1.41855,1.41855,1.41855,0.0
2011-06-25 09:50:00,1.41855,1.41855,1.41855,1.41855,0.0
2011-06-25 09:51:00,1.41855,1.41855,1.41855,1.41855,0.0
2011-06-25 09:52:00,1.41855,1.41855,1.41855,1.41855,0.0
2011-06-25 09:53:00,1.41855,1.41855,1.41855,1.41855,0.0
2011-06-25 09:54:00,1.41855,1.41855,1.41855,1.41855,0.0
2011-06-25 09:55:00,1.41855,1.41855,1.41855,1.41855,0.0
2011-06-25 09:56:00,1.41855,1.41855,1.41855,1.41855,0.0
2011-06-25 09:57:00,1.41855,1.41855,1.41855,1.41855,0.0
2011-06-25 09:58:00,1.41855,1.41855,1.41855,1.41855,0.0
2011-06-25 09:59:00,1.41855,1.41855,1.41855,1.41855,0.0
2011-06-25 10:00:00,1.41855,1.41855,1.41855,1.41855,0.0
2011-06-25 10:01:00,1.41855,1.41855,1.41855,1.41855,0.0
2011-06-25 10:02:00,1.41855,1.41855,1.41855,1.41855,0.0
2011-06-25 10:03:00,1.41855,1.41855,1.41855,1.41855,0.0
2011-06-25 10:04:00,1.41855,1.41855,1.41855,1.41855,0.0
2011-06-25 10:05:00,1.41855,1.41855,1.41855,1.41855,0.0
2011-06-25 10:06:00,1.41855,1.41855,1.41855,1.41855,0.0
2011-06-25 10:07:00,1.41855,1.41855,1.41855,1.41855,0.0
2011-06-25 10:08:00,1.41855,1.41855,1.41855,1.41855,0.0
2011-06-25 10:09:00,1.41855,1.41855,1.41855,1.41855,0.0
2011-06-25 10:10:00,1.41855,1.41855,1.41855,1.41855,0.0
2011-06-25 10:11:00,1.41855,1.41855,1.41855,1.41855,0.0
2011-06-25 10:12:00,1.41855,1.41855,1.41855,1.41855,0.0
2011-06-25 10:13:00,1.41855,1.41855,1.41855,1.41855,0.0
2011-06-25 10:14:00,1.41855,1.41855,1.41855,1.41855,0.0
2011-06-25 10:15:00,1.41855,1.41855,1.41855,1.41855,0.0
2011-06-25 10:16:00,1.41855,1.41855,1.41855,1.41855,0.0
2011-06-25 10:17:00,1.41855,1.41855,1.41855,1.41855,0.0
2011-06-25 10:18:00,1.41855,1.41855,1.41855,1.41855,0.0
2011-06-25 10:19:00,1.41855,1.41855,1.41855,1.41855,0.0
2011-06-25 10:20:00,1.41855,1.41855,1.41855,1.41855,0.0
2011-06-25 10:21:00,1.41855,1.41855,1.41855,1.41855,0.0
2011-06-25 10:22:00,1.41855,1.41855,1.41855,1.41855,0.0
2011-06-25 10:23:00,1.41855,1.41855,1.41855,1.41855,0.0
2011-06-25 10:24:00,1.41855,1.41855,1.41855,1.41855,0.0
2011-06-25 10:25:00,1.41855,1.41855,1.41855,1.41855,0.0
2011-06-25 10:26:00,1.41855,1.41855,1.41855,1.41855,0.0
2011-06-25 10:27:00,1.41855,1.41855,1.41855,1.41855,0.0
2011-06-25 10:28:00,1.41855,1.41855,1.41855,1.41855,0.0
2011-06-25 10:29:00,1.41855,1.41855,1.41855,1.41855,0.0
2011-06-25 10:30:00,1.41855,1.41855,1.41855,1.41855,0.0
2011-06-25 10:31:00,1.41855,1.41855,1.41855,1.41855,0.0
2011-06-25 10:32:00,1.41855,1.41855,1.41855,1.41855,0.0
2011-06-25 10:33:00,1.41855,1.41855,1.41855,1.41855,0.0
2011-06-25 10:34:00,1.41855,1.41855,1.41855,1.41855,0.0
2011-06-25 10:35:00,1.41855,1.41855,1.41855,1.41855,0.0
2011-06-25 10:36:00,1.41855,1.41855,1.41855,1.41855,0.0
2011-06-25 10:37:00,1.41855,1.41855,1.41855,1.41855,0.0
2011-06-25 10:38:00,1.41855,1.41855,1.41855,1.41855,0.0
2011-06-25 10:39:00,1.41855,1.41855,1.41855,1.41855,0.0
2011-06-25 10:40:00,1.41855,1.41855,1.41855,1.41855,0.0
2011-06-25 10:41:00,1.41855,1.41855,1.41855,1.41855,0.0
2011-06-25 10:42:00,1.41855,1.41855,1.41855,1.41855,0.0
2011-06-25 10:43:00,1.41855,1.41855,1.41855,1.41855,0.0
2011-06-25 10:44:00,1.41855,1.41855,1.41855,1.41855,0.0
2011-06-25 10:45:00,1.41855,1.41855,1.41855,1.41855,0.0
2011-06-25 10:46:00,1.41855,1.41855,1.41855,1.41855,0.0
2011-06-25 10:47:00,1.41855,1.41855,1.41855,1.41855,0.0
2011-06-25 10:48:00,1.41855,1.41855,1.41855,1.41855,0.0
2011-06-25 10:49:00,1.41855,1.41855,1.41855,1.41855,0.0
2011-06-25 10:50:00,1.41855,1.41855,1.41855,1.41855,0.0
2011-06-25 10:51:00,1.41855,1.41855,1.41855,1.41855,0.0
2011-06-25 10:52:00,1.41855,1.41855,1.41855,1.41855,0.0
2011-06-25 10:53:00,1.41855,1.41855,1.41855,1.41855,0.0
2011-06-25 10:54:00,1.41855,1.41855,1.41855,1.41855,0.0
2011-06-25 10:55:00,1.41855,1.41855,1.41855,1.41855,0.0
2011-06-25 10:56:00,1.41855,1.41855,1.41855,1.41855,0.0
2011-06-25 10:57:00,1.41855,1.41855,1.41855,1.41855,0.0
2011-06-25 10:58:00,1.41855,1.41855,1.41855,1.41855,0.0
2011-06-25 10:59:00,1.41855,1.41855,1.41855,1.41855,0.0
2011-06-25 11:00:00,1.41855,1.41855,1.41855,1.41855,0.0
2011-06-25 11:01:00,1.41855,1.41855,1.41855,1.41855,0.0
2011-06-25 11:02:00,1.41855,1.41855,1.41855,1.41855,0.0
2011-06-25 11:03:00,1.41855,1.41855,1.41855,1.41855,0.0
2011-06-25 11:04:00,1.41855,1.41855,1.41855,1.41855,0.0
2011-06-25 11:05:00,1.41855,1.41855,1.41855,1.41855,0.0
2011-06-25 11:06:00,1.41855,1.41855,1.41855,1.41855,0.0
2011-06-25 11:07:00,1.41855,1.41855,1.41855,1.41855,0.0
2011-06-25 11:08:00,1.41855,1.41855,1.41855,1.41855,0.0
2011-06-25 11:09:00,1.41855,1.41855,1.41855,1.41855,0.0
2011-06-25 11:10:00,1.41855,1.41855,1.41855,1.41855,0.0
2011-06-25 11:11:00,1.41855,1.41855,1.41855,1.41855,0.0
2011-06-25 11:12:00,1.41855,1.41855,1.41855,1.41855,0.0
2011-06-25 11:13:00,1.41855,1.41855,1.41855,1.41855,0.0
2011-06-25 11:14:00,1.41855,1.41855,1.41855,1.41855,0.0
2011-06-25 11:15:00,1.41855,1.41855,1.41855,1.41855,0.0
2011-06-25 11:16:00,1.41855,1.41855,1.41855,1.41855,0.0
2011-06-25 11:17:00,1.41855,1.41855,1.41855,1.41855,0.0
2011-06-25 11:18:00,1.41855,1.41855,1.41855,1.41855,0.0
2011-06-25 11:19:00,1.41855,1.41855,1.41855,1.41855,0.0
2011-06-25 11:20:00,1.41855,1.41855,1.41855,1.41855,0.0
2011-06-25 11:21:00,1.41855,1.41855,1.41855,1.41855,0.0
2011-06-25 11:22:00,1.41855,1.41855,1.41855,1.41855,0.0
2011-06-25 11:23:00,1.41855,1.41855,1.41855,1.41855,0.0
2011-06-25 11:24:00,1.41855,1.41855,1.41855,1.41855,0.0
2011-06-25 11:25:00,1.41855,1.41855,1.41855,1.41855,0.0
2011-06-25 11:26:00,1.41855,1.41855,1.41855,1.41855,0.0
2011-06-25 11:27:00,1.41855,1.41855,1.41855,1.41855,0.0
2011-06-25 11:28:00,1.41855,1.41855,1.41855,1.41855,0.0
2011-06-25 11:29:00,1.41855,1.41855,1.41855,1.41855,0.0
2011-06-25 11:30:00,1.41855,1.41855,1.41855,1.41855,0.0
2011-06-25 11:31:00,1.41855,1.41855,1.41855,1.41855,0.0
2011-06-25 11:32:00,1.41855,1.41855,1.41855,1.41855,0.0
2011-06-25 11:33:00,1.41855,1.41855,1.41855,1.41855,0.0
2011-06-25 11:34:00,1.41855,1.41855,1.41855,1.41855,0.0
2011-06-25 11:35:00,1.41855,1.41855,1.41855,1.41855,0.0
2011-06-25 11:36:00,1.41855,1.41855,1.41855,1.41855,0.0
2011-06-25 11:37:00,1.41855,1.41855,1.41855,1.41855,0.0
2011-06-25 11:38:00,1.41855,1.41855,1.41855,1.41855,0.0
2011-06-25 11:39:00,1.41855,1.41855,1.41855,1.41855,0.0
2011-06-25 11:40:00,1.41855,1.41855,1.41855,1.41855,0.0
2011-06-25 11:41:00,1.41855,1.41855,1.41855,1.41855,0.0
2011-06-25 11:42:00,1.41855,1.41855,1.41855,1.41855,0.0
2011-06-25 11:43:00,1.41855,1.41855,1.41855,1.41855,0.0
2011-06-25 11:44:00,1.41855,1.41855,1.41855,1.41855,0.0
2011-06-25 11:45:00,1.41855,1.41855,1.41855,1.41855,0.0
2011-06-25 11:46:00,1.41855,1.41855,1.41855,1.41855,0.0
2011-06-25 11:47:00,1.41855,1.41855,1.41855,1.41855,0.0
2011-06-25 11:48:00,1.41855,1.41855,1.41855,1.41855,0.0
2011-06-25 11:49:00,1.41855,1.41855,1.41855,1.41855,0.0
2011-06-25 11:50:00,1.41855,1.41855,1.41855,1.41855,0.0
2011-06-25 11:51:00,1.41855,1.41855,1.41855,1.41855,0.0
2011-06-25 11:52:00,1.41855,1.41855,1.41855,1.41855,0.0
2011-06-25 11:53:00,1.41855,1.41855,1.41855,1.41855,0.0
2011-06-25 11:54:00,1.41855,1.41855,1.41855,1.41855,0.0
2011-06-25 11:55:00,1.41855,1.41855,1.41855,1.41855,0.0
2011-06-25 11:56:00,1.41855,1.41855,1.41855,1.41855,0.0
2011-06-25 11:57:00,1.41855,1.41855,1.41855,1.41855,0.0
2011-06-25 11:58:00,1.41855,1.41855,1.41855,1.41855,0.0
2011-06-25 11:59:00,1.41855,1.41855,1.41855,1.41855,0.0
2011-06-25 12:00:00,1.41855,1.41855,1.41855,1.41855,0.0
2011-06-25 12:01:00,1.41855,1.41855,1.41855,1.41855,0.0
2011-06-25 12:02:00,1.41855,1.41855,1.41855,1.41855,0.0
2011-06-25 12:03:00,1.41855,1.41855,1.41855,1.41855,0.0
2011-06-25 12:04:00,1.41855,1.41855,1.41855,1.41855,0.0
2011-06-25 12:05:00,1.41855,1.41855,1.41855,1.41855,0.0
2011-06-25 12:06:00,1.41855,1.41855,1.41855,1.41855,0.0
2011-06-25 12:07:00,1.41855,1.41855,1.41855,1.41855,0.0
2011-06-25 12:08:00,1.41855,1.41855,1.41855,1.41855,0.0
2011-06-25 12:09:00,1.41855,1.41855,1.41855,1.41855,0.0
2011-06-25 12:10:00,1.41855,1.41855,1.41855,1.41855,0.0
2011-06-25 12:11:00,1.41855,1.41855,1.41855,1.41855,0.0
2011-06-25 12:12:00,1.41855,1.41855,1.41855,1.41855,0.0
2011-06-25 12:13:00,1.41855,1.41855,1.41855,1.41855,0.0
2011-06-25 12:14:00,1.41855,1.41855,1.41855,1.41855,0.0
2011-06-25 12:15:00,1.41855,1.41855,1.41855,1.41855,0.0
2011-06-25 12:16:00,1.41855,1.41855,1.41855,1.41855,0.0
2011-06-25 12:17:00,1.41855,1.41855,1.41855,1.41855,0.0
2011-06-25 12:18:00,1.41855,1.41855,1.41855,1.41855,0.0
2011-06-25 12:19:00,1.41855,1.41855,1.41855,1.41855,0.0
2011-06-25 12:20:00,1.41855,1.41855,1.41855,1.41855,0.0
2011-06-25 12:21:00,1.41855,1.41855,1.41855,1.41855,0.0
2011-06-25 12:22:00,1.41855,1.41855,1.41855,1.41855,0.0
2011-06-25 12:23:00,1.41855,1.41855,1.41855,1.41855,0.0
2011-06-25 12:24:00,1.41855,1.41855,1.41855,1.41855,0.0
2011-06-25 12:25:00,1.41855,1.41855,1.41855,1.41855,0.0
2011-06-25 12:26:00,1.41855,1.41855,1.41855,1.41855,0.0
2011-06-25 12:27:00,1.41855,1.41855,1.41855,1.41855,0.0
2011-06-25 12:28:00,1.41855,1.41855,1.41855,1.41855,0.0
2011-06-25 12:29:00,1.41855,1.41855,1.41855,1.41855,0.0
2011-06-25 12:30:00,1.41855,1.41855,1.41855,1.41855,0.0
2011-06-25 12:31:00,1.41855,1.41855,1.41855,1.41855,0.0
2011-06-25 12:32:00,1.41855,1.41855,1.41855,1.41855,0.0
2011-06-25 12:33:00,1.41855,1.41855,1.41855,1.41855,0.0
2011-06-25 12:34:00,1.41855,1.41855,1.41855,1.41855,0.0
2011-06-25 12:35:00,1.41855,1.41855,1.41855,1.41855,0.0
2011-06-25 12:36:00,1.41855,1.41855,1.41855,1.41855,0.0
2011-06-25 12:37:00,1.41855,1.41855,1.41855,1.41855,0.0
2011-06-25 12:38:00,1.41855,1.41855,1.41855,1.41855,0.0
2011-06-25 12:39:00,1.41855,1.41855,1.41855,1.41855,0.0
2011-06-25 12:40:00,1.41855,1.41855,1.41855,1.41855,0.0
2011-06-25 12:41:00,1.41855,1.41855,1.41855,1.41855,0.0
2011-06-25 12:42:00,1.41855,1.41855,1.41855,1.41855,0.0
2011-06-25 12:43:00,1.41855,1.41855,1.41855,1.41855,0.0
2011-06-25 12:44:00,1.41855,1.41855,1.41855,1.41855,0.0
2011-06-25 12:45:00,1.41855,1.41855,1.41855,1.41855,0.0
2011-06-25 12:46:00,1.41855,1.41855,1.41855,1.41855,0.0
2011-06-25 12:47:00,1.41855,1.41855,1.41855,1.41855,0.0
2011-06-25 12:48:00,1.41855,1.41855,1.41855,1.41855,0.0
2011-06-25 12:49:00,1.41855,1.41855,1.41855,1.41855,0.0
2011-06-25 12:50:00,1.41855,1.41855,1.41855,1.41855,0.0
2011-06-25 12:51:00,1.41855,1.41855,1.41855,1.41855,0.0
2011-06-25 12:52:00,1.41855,1.41855,1.41855,1.41855,0.0
2011-06-25 12:53:00,1.41855,1.41855,1.41855,1.41855,0.0
2011-06-25 12:54:00,1.41855,1.41855,1.41855,1.41855,0.0
2011-06-25 12:55:00,1.41855,1.41855,1.41855,1.41855,0.0
2011-06-25 12:56:00,1.41855,1.41855,1.41855,1.41855,0.0
2011-06-25 12:57:00,1.41855,1.41855,1.41855,1.41855,0.0
2011-06-25 12:58:00,1.41855,1.41855,1.41855,1.41855,0.0
2011-06-25 12:59:00,1.41855,1.41855,1.41855,1.41855,0.0
2011-06-25 13:00:00,1.41855,1.41855,1.41855,1.41855,0.0
2011-06-25 13:01:00,1.41855,1.41855,1.41855,1.41855,0.0
2011-06-25 13:02:00,1.41855,1.41855,1.41855,1.41855,0.0
2011-06-25 13:03:00,1.41855,1.41855,1.41855,1.41855,0.0
2011-06-25 13:04:00,1.41855,1.41855,1.41855,1.41855,0.0
2011-06-25 13:05:00,1.41855,1.41855,1.41855,1.41855,0.0
2011-06-25 13:06:00,1.41855,1.41855,1.41855,1.41855,0.0
2011-06-25 13:07:00,1.41855,1.41855,1.41855,1.41855,0.0
2011-06-25 13:08:00,1.41855,1.41855,1.41855,1.41855,0.0
2011-06-25 13:09:00,1.41855,1.41855,1.41855,1.41855,0.0
2011-06-25 13:10:00,1.41855,1.41855,1.41855,1.41855,0.0
2011-06-25 13:11:00,1.41855,1.41855,1.41855,1.41855,0.0
2011-06-25 13:12:00,1.41855,1.41855,1.41855,1.41855,0.0
2011-06-25 13:13:00,1.41855,1.41855,1.41855,1.41855,0.0
2011-06-25 13:14:00,1.41855,1.41855,1.41855,1.41855,0.0
2011-06-25 13:15:00,1.41855,1.41855,1.41855,1.41855,0.0
2011-06-25 13:16:00,1.41855,1.41855,1.41855,1.41855,0.0
2011-06-25 13:17:00,1.41855,1.41855,1.41855,1.41855,0.0
2011-06-25 13:18:00,1.41855,1.41855,1.41855,1.41855,0.0
2011-06-25 13:19:00,1.41855,1.41855,1.41855,1.41855,0.0
2011-06-25 13:20:00,1.41855,1.41855,1.41855,1.41855,0.0
2011-06-25 13:21:00,1.41855,1.41855,1.41855,1.41855,0.0
2011-06-25 13:22:00,1.41855,1.41855,1.41855,1.41855,0.0
2011-06-25 13:23:00,1.41855,1.41855,1.41855,1.41855,0.0
2011-06-25 13:24:00,1.41855,1.41855,1.41855,1.41855,0.0
2011-06-25 13:25:00,1.41855,1.41855,1.41855,1.41855,0.0
2011-06-25 13:26:00,1.41855,1.41855,1.41855,1.41855,0.0
2011-06-25 13:27:00,1.41855,1.41855,1.41855,1.41855,0.0
2011-06-25 13:28:00,1.41855,1.41855,1.41855,1.41855,0.0
2011-06-25 13:29:00,1.41855,1.41855,1.41855,1.41855,0.0
2011-06-25 13:30:00,1.41855,1.41855,1.41855,1.41855,0.0
2011-06-25 13:31:00,1.41855,1.41855,1.41855,1.41855,0.0
2011-06-25 13:32:00,1.41855,1.41855,1.41855,1.41855,0.0
2011-06-25 13:33:00,1.41855,1.41855,1.41855,1.41855,0.0
2011-06-25 13:34:00,1.41855,1.41855,1.41855,1.41855,0.0
2011-06-25 13:35:00,1.41855,1.41855,1.41855,1.41855,0.0
2011-06-25 13:36:00,1.41855,1.41855,1.41855,1.41855,0.0
2011-06-25 13:37:00,1.41855,1.41855,1.41855,1.41855,0.0
2011-06-25 13:38:00,1.41855,1.41855,1.41855,1.41855,0.0
2011-06-25 13:39:00,1.41855,1.41855,1.41855,1.41855,0.0
2011-06-25 13:40:00,1.41855,1.41855,1.41855,1.41855,0.0
2011-06-25 13:41:00,1.41855,1.41855,1.41855,1.41855,0.0
2011-06-25 13:42:00,1.41855,1.41855,1.41855,1.41855,0.0
2011-06-25 13:43:00,1.41855,1.41855,1.41855,1.41855,0.0
2011-06-25 13:44:00,1.41855,1.41855,1.41855,1.41855,0.0
2011-06-25 13:45:00,1.41855,1.41855,1.41855,1.41855,0.0
2011-06-25 13:46:00,1.41855,1.41855,1.41855,1.41855,0.0
2011-06-25 13:47:00,1.41855,1.41855,1.41855,1.41855,0.0
2011-06-25 13:48:00,1.41855,1.41855,1.41855,1.41855,0.0
2011-06-25 13:49:00,1.41855,1.41855,1.41855,1.41855,0.0
2011-06-25 13:50:00,1.41855,1.41855,1.41855,1.41855,0.0
2011-06-25 13:51:00,1.41855,1.41855,1.41855,1.41855,0.0
2011-06-25 13:52:00,1.41855,1.41855,1.41855,1.41855,0.0
2011-06-25 13:53:00,1.41855,1.41855,1.41855,1.41855,0.0
2011-06-25 13:54:00,1.41855,1.41855,1.41855,1.41855,0.0
2011-06-25 13:55:00,1.41855,1.41855,1.41855,1.41855,0.0
2011-06-25 13:56:00,1.41855,1.41855,1.41855,1.41855,0.0
2011-06-25 13:57:00,1.41855,1.41855,1.41855,1.41855,0.0
2011-06-25 13:58:00,1.41855,1.41855,1.41855,1.41855,0.0
2011-06-25 13:59:00,1.41855,1.41855,1.41855,1.41855,0.0
2011-06-25 14:00:00,1.41855,1.41855,1.41855,1.41855,0.0
2011-06-25 14:01:00,1.41855,1.41855,1.41855,1.41855,0.0
2011-06-25 14:02:00,1.41855,1.41855,1.41855,1.41855,0.0
2011-06-25 14:03:00,1.41855,1.41855,1.41855,1.41855,0.0
2011-06-25 14:04:00,1.41855,1.41855,1.41855,1.41855,0.0
2011-06-25 14:05:00,1.41855,1.41855,1.41855,1.41855,0.0
2011-06-25 14:06:00,1.41855,1.41855,1.41855,1.41855,0.0
2011-06-25 14:07:00,1.41855,1.41855,1.41855,1.41855,0.0
2011-06-25 14:08:00,1.41855,1.41855,1.41855,1.41855,0.0
2011-06-25 14:09:00,1.41855,1.41855,1.41855,1.41855,0.0
2011-06-25 14:10:00,1.41855,1.41855,1.41855,1.41855,0.0
2011-06-25 14:11:00,1.41855,1.41855,1.41855,1.41855,0.0
2011-06-25 14:12:00,1.41855,1.41855,1.41855,1.41855,0.0
2011-06-25 14:13:00,1.41855,1.41855,1.41855,1.41855,0.0
2011-06-25 14:14:00,1.41855,1.41855,1.41855,1.41855,0.0
2011-06-25 14:15:00,1.41855,1.41855,1.41855,1.41855,0.0
2011-06-25 14:16:00,1.41855,1.41855,1.41855,1.41855,0.0
2011-06-25 14:17:00,1.41855,1.41855,1.41855,1.41855,0.0
2011-06-25 14:18:00,1.41855,1.41855,1.41855,1.41855,0.0
2011-06-25 14:19:00,1.41855,1.41855,1.41855,1.41855,0.0
2011-06-25 14:20:00,1.41855,1.41855,1.41855,1.41855,0.0
2011-06-25 14:21:00,1.41855,1.41855,1.41855,1.41855,0.0
2011-06-25 14:22:00,1.41855,1.41855,1.41855,1.41855,0.0
2011-06-25 14:23:00,1.41855,1.41855,1.41855,1.41855,0.0
2011-06-25 14:24:00,1.41855,1.41855,1.41855,1.41855,0.0
2011-06-25 14:25:00,1.41855,1.41855,1.41855,1.41855,0.0
2011-06-25 14:26:00,1.41855,1.41855,1.41855,1.41855,0.0
2011-06-25 14:27:00,1.41855,1.41855,1.41855,1.41855,0.0
2011-06-25 14:28:00,1.41855,1.41855,1.41855,1.41855,0.0
2011-06-25 14:29:00,1.41855,1.41855,1.41855,1.41855,0.0
2011-06-25 14:30:00,1.41855,1.41855,1.41855,1.41855,0.0
2011-06-25 14:31:00,1.41855,1.41855,1.41855,1.41855,0.0
2011-06-25 14:32:00,1.41855,1.41855,1.41855,1.41855,0.0
2011-06-25 14:33:00,1.41855,1.41855,1.41855,1.41855,0.0
2011-06-25 14:34:00,1.41855,1.41855,1.41855,1.41855,0.0
2011-06-25 14:35:00,1.41855,1.41855,1.41855,1.41855,0.0
2011-06-25 14:36:00,1.41855,1.41855,1.41855,1.41855,0.0
2011-06-25 14:37:00,1.41855,1.41855,1.41855,1.41855,0.0
2011-06-25 14:38:00,1.41855,1.41855,1.41855,1.41855,0.0
2011-06-25 14:39:00,1.41855,1.41855,1.41855,1.41855,0.0
2011-06-25 14:40:00,1.41855,1.41855,1.41855,1.41855,0.0
2011-06-25 14:41:00,1.41855,1.41855,1.41855,1.41855,0.0
2011-06-25 14:42:00,1.41855,1.41855,1.41855,1.41855,0.0
2011-06-25 14:43:00,1.41855,1.41855,1.41855,1.41855,0.0
2011-06-25 14:44:00,1.41855,1.41855,1.41855,1.41855,0.0
2011-06-25 14:45:00,1.41855,1.41855,1.41855,1.41855,0.0
2011-06-25 14:46:00,1.41855,1.41855,1.41855,1.41855,0.0
2011-06-25 14:47:00,1.41855,1.41855,1.41855,1.41855,0.0
2011-06-25 14:48:00,1.41855,1.41855,1.41855,1.41855,0.0
2011-06-25 14:49:00,1.41855,1.41855,1.41855,1.41855,0.0
2011-06-25 14:50:00,1.41855,1.41855,1.41855,1.41855,0.0
2011-06-25 14:51:00,1.41855,1.41855,1.41855,1.41855,0.0
2011-06-25 14:52:00,1.41855,1.41855,1.41855,1.41855,0.0
2011-06-25 14:53:00,1.41855,1.41855,1.41855,1.41855,0.0
2011-06-25 14:54:00,1.41855,1.41855,1.41855,1.41855,0.0
2011-06-25 14:55:00,1.41855,1.41855,1.41855,1.41855,0.0
2011-06-25 14:56:00,1.41855,1.41855,1.41855,1.41855,0.0
2011-06-25 14:57:00,1.41855,1.41855,1.41855,1.41855,0.0
2011-06-25 14:58:00,1.41855,1.41855,1.41855,1.41855,0.0
2011-06-25 14:59:00,1.41855,1.41855,1.41855,1.41855,0.0
2011-06-25 15:00:00,1.41855,1.41855,1.41855,1.41855,0.0
2011-06-25 15:01:00,1.41855,1.41855,1.41855,1.41855,0.0
2011-06-25 15:02:00,1.41855,1.41855,1.41855,1.41855,0.0
2011-06-25 15:03:00,1.41855,1.41855,1.41855,1.41855,0.0
2011-06-25 15:04:00,1.41855,1.41855,1.41855,1.41855,0.0
2011-06-25 15:05:00,1.41855,1.41855,1.41855,1.41855,0.0
2011-06-25 15:06:00,1.41855,1.41855,1.41855,1.41855,0.0
2011-06-25 15:07:00,1.41855,1.41855,1.41855,1.41855,0.0
2011-06-25 15:08:00,1.41855,1.41855,1.41855,1.41855,0.0
2011-06-25 15:09:00,1.41855,1.41855,1.41855,1.41855,0.0
2011-06-25 15:10:00,1.41855,1.41855,1.41855,1.41855,0.0
2011-06-25 15:11:00,1.41855,1.41855,1.41855,1.41855,0.0
2011-06-25 15:12:00,1.41855,1.41855,1.41855,1.41855,0.0
2011-06-25 15:13:00,1.41855,1.41855,1.41855,1.41855,0.0
2011-06-25 15:14:00,1.41855,1.41855,1.41855,1.41855,0.0
2011-06-25 15:15:00,1.41855,1.41855,1.41855,1.41855,0.0
2011-06-25 15:16:00,1.41855,1.41855,1.41855,1.41855,0.0
2011-06-25 15:17:00,1.41855,1.41855,1.41855,1.41855,0.0
2011-06-25 15:18:00,1.41855,1.41855,1.41855,1.41855,0.0
2011-06-25 15:19:00,1.41855,1.41855,1.41855,1.41855,0.0
2011-06-25 15:20:00,1.41855,1.41855,1.41855,1.41855,0.0
2011-06-25 15:21:00,1.41855,1.41855,1.41855,1.41855,0.0
2011-06-25 15:22:00,1.41855,1.41855,1.41855,1.41855,0.0
2011-06-25 15:23:00,1.41855,1.41855,1.41855,1.41855,0.0
2011-06-25 15:24:00,1.41855,1.41855,1.41855,1.41855,0.0
2011-06-25 15:25:00,1.41855,1.41855,1.41855,1.41855,0.0
2011-06-25 15:26:00,1.41855,1.41855,1.41855,1.41855,0.0
2011-06-25 15:27:00,1.41855,1.41855,1.41855,1.41855,0.0
2011-06-25 15:28:00,1.41855,1.41855,1.41855,1.41855,0.0
2011-06-25 15:29:00,1.41855,1.41855,1.41855,1.41855,0.0
2011-06-25 15:30:00,1.41855,1.41855,1.41855,1.41855,0.0
2011-06-25 15:31:00,1.41855,1.41855,1.41855,1.41855,0.0
2011-06-25 15:32:00,1.41855,1.41855,1.41855,1.41855,0.0
2011-06-25 15:33:00,1.41855,1.41855,1.41855,1.41855,0.0
2011-06-25 15:34:00,1.41855,1.41855,1.41855,1.41855,0.0
2011-06-25 15:35:00,1.41855,1.41855,1.41855,1.41855,0.0
2011-06-25 15:36:00,1.41855,1.41855,1.41855,1.41855,0.0
2011-06-25 15:37:00,1.41855,1.41855,1.41855,1.41855,0.0
2011-06-25 15:38:00,1.41855,1.41855,1.41855,1.41855,0.0
2011-06-25 15:39:00,1.41855,1.41855,1.41855,1.41855,0.0
2011-06-25 15:40:00,1.41855,1.41855,1.41855,1.41855,0.0
2011-06-25 15:41:00,1.41855,1.41855,1.41855,1.41855,0.0
2011-06-25 15:42:00,1.41855,1.41855,1.41855,1.41855,0.0
2011-06-25 15:43:00,1.41855,1.41855,1.41855,1.41855,0.0
2011-06-25 15:44:00,1.41855,1.41855,1.41855,1.41855,0.0
2011-06-25 15:45:00,1.41855,1.41855,1.41855,1.41855,0.0
2011-06-25 15:46:00,1.41855,1.41855,1.41855,1.41855,0.0
2011-06-25 15:47:00,1.41855,1.41855,1.41855,1.41855,0.0
2011-06-25 15:48:00,1.41855,1.41855,1.41855,1.41855,0.0
2011-06-25 15:49:00,1.41855,1.41855,1.41855,1.41855,0.0
2011-06-25 15:50:00,1.41855,1.41855,1.41855,1.41855,0.0
2011-06-25 15:51:00,1.41855,1.41855,1.41855,1.41855,0.0
2011-06-25 15:52:00,1.41855,1.41855,1.41855,1.41855,0.0
2011-06-25 15:53:00,1.41855,1.41855,1.41855,1.41855,0.0
2011-06-25 15:54:00,1.41855,1.41855,1.41855,1.41855,0.0
2011-06-25 15:55:00,1.41855,1.41855,1.41855,1.41855,0.0
2011-06-25 15:56:00,1.41855,1.41855,1.41855,1.41855,0.0
2011-06-25 15:57:00,1.41855,1.41855,1.41855,1.41855,0.0
2011-06-25 15:58:00,1.41855,1.41855,1.41855,1.41855,0.0
2011-06-25 15:59:00,1.41855,1.41855,1.41855,1.41855,0.0
2011-06-25 16:00:00,1.41855,1.41855,1.41855,1.41855,0.0
2011-06-25 16:01:00,1.41855,1.41855,1.41855,1.41855,0.0
2011-06-25 16:02:00,1.41855,1.41855,1.41855,1.41855,0.0
2011-06-25 16:03:00,1.41855,1.41855,1.41855,1.41855,0.0
2011-06-25 16:04:00,1.41855,1.41855,1.41855,1.41855,0.0
2011-06-25 16:05:00,1.41855,1.41855,1.41855,1.41855,0.0
2011-06-25 16:06:00,1.41855,1.41855,1.41855,1.41855,0.0
2011-06-25 16:07:00,1.41855,1.41855,1.41855,1.41855,0.0
2011-06-25 16:08:00,1.41855,1.41855,1.41855,1.41855,0.0
2011-06-25 16:09:00,1.41855,1.41855,1.41855,1.41855,0.0
2011-06-25 16:10:00,1.41855,1.41855,1.41855,1.41855,0.0
2011-06-25 16:11:00,1.41855,1.41855,1.41855,1.41855,0.0
2011-06-25 16:12:00,1.41855,1.41855,1.41855,1.41855,0.0
2011-06-25 16:13:00,1.41855,1.41855,1.41855,1.41855,0.0
2011-06-25 16:14:00,1.41855,1.41855,1.41855,1.41855,0.0
2011-06-25 16:15:00,1.41855,1.41855,1.41855,1.41855,0.0
2011-06-25 16:16:00,1.41855,1.41855,1.41855,1.41855,0.0
2011-06-25 16:17:00,1.41855,1.41855,1.41855,1.41855,0.0
2011-06-25 16:18:00,1.41855,1.41855,1.41855,1.41855,0.0
2011-06-25 16:19:00,1.41855,1.41855,1.41855,1.41855,0.0
2011-06-25 16:20:00,1.41855,1.41855,1.41855,1.41855,0.0
2011-06-25 16:21:00,1.41855,1.41855,1.41855,1.41855,0.0
2011-06-25 16:22:00,1.41855,1.41855,1.41855,1.41855,0.0
2011-06-25 16:23:00,1.41855,1.41855,1.41855,1.41855,0.0
2011-06-25 16:24:00,1.41855,1.41855,1.41855,1.41855,0.0
2011-06-25 16:25:00,1.41855,1.41855,1.41855,1.41855,0.0
2011-06-25 16:26:00,1.41855,1.41855,1.41855,1.41855,0.0
2011-06-25 16:27:00,1.41855,1.41855,1.41855,1.41855,0.0
2011-06-25 16:28:00,1.41855,1.41855,1.41855,1.41855,0.0
2011-06-25 16:29:00,1.41855,1.41855,1.41855,1.41855,0.0
2011-06-25 16:30:00,1.41855,1.41855,1.41855,1.41855,0.0
2011-06-25 16:31:00,1.41855,1.41855,1.41855,1.41855,0.0
2011-06-25 16:32:00,1.41855,1.41855,1.41855,1.41855,0.0
2011-06-25 16:33:00,1.41855,1.41855,1.41855,1.41855,0.0
2011-06-25 16:34:00,1.41855,1.41855,1.41855,1.41855,0.0
2011-06-25 16:35:00,1.41855,1.41855,1.41855,1.41855,0.0
2011-06-25 16:36:00,1.41855,1.41855,1.41855,1.41855,0.0
2011-06-25 16:37:00,1.41855,1.41855,1.41855,1.41855,0.0
2011-06-25 16:38:00,1.41855,1.41855,1.41855,1.41855,0.0
2011-06-25 16:39:00,1.41855,1.41855,1.41855,1.41855,0.0
2011-06-25 16:40:00,1.41855,1.41855,1.41855,1.41855,0.0
2011-06-25 16:41:00,1.41855,1.41855,1.41855,1.41855,0.0
2011-06-25 16:42:00,1.41855,1.41855,1.41855,1.41855,0.0
2011-06-25 16:43:00,1.41855,1.41855,1.41855,1.41855,0.0
2011-06-25 16:44:00,1.41855,1.41855,1.41855,1.41855,0.0
2011-06-25 16:45:00,1.41855,1.41855,1.41855,1.41855,0.0
2011-06-25 16:46:00,1.41855,1.41855,1.41855,1.41855,0.0
2011-06-25 16:47:00,1.41855,1.41855,1.41855,1.41855,0.0
2011-06-25 16:48:00,1.41855,1.41855,1.41855,1.41855,0.0
2011-06-25 16:49:00,1.41855,1.41855,1.41855,1.41855,0.0
2011-06-25 16:50:00,1.41855,1.41855,1.41855,1.41855,0.0
2011-06-25 16:51:00,1.41855,1.41855,1.41855,1.41855,0.0
2011-06-25 16:52:00,1.41855,1.41855,1.41855,1.41855,0.0
2011-06-25 16:53:00,1.41855,1.41855,1.41855,1.41855,0.0
2011-06-25 16:54:00,1.41855,1.41855,1.41855,1.41855,0.0
2011-06-25 16:55:00,1.41855,1.41855,1.41855,1.41855,0.0
2011-06-25 16:56:00,1.41855,1.41855,1.41855,1.41855,0.0
2011-06-25 16:57:00,1.41855,1.41855,1.41855,1.41855,0.0
2011-06-25 16:58:00,1.41855,1.41855,1.41855,1.41855,0.0
2011-06-25 16:59:00,1.41855,1.41855,1.41855,1.41855,0.0
2011-06-25 17:00:00,1.41855,1.41855,1.41855,1.41855,0.0
2011-06-25 17:01:00,1.41855,1.41855,1.41855,1.41855,0.0
2011-06-25 17:02:00,1.41855,1.41855,1.41855,1.41855,0.0
2011-06-25 17:03:00,1.41855,1.41855,1.41855,1.41855,0.0
2011-06-25 17:04:00,1.41855,1.41855,1.41855,1.41855,0.0
2011-06-25 17:05:00,1.41855,1.41855,1.41855,1.41855,0.0
2011-06-25 17:06:00,1.41855,1.41855,1.41855,1.41855,0.0
2011-06-25 17:07:00,1.41855,1.41855,1.41855,1.41855,0.0
2011-06-25 17:08:00,1.41855,1.41855,1.41855,1.41855,0.0
2011-06-25 17:09:00,1.41855,1.41855,1.41855,1.41855,0.0
2011-06-25 17:10:00,1.41855,1.41855,1.41855,1.41855,0.0
2011-06-25 17:11:00,1.41855,1.41855,1.41855,1.41855,0.0
2011-06-25 17:12:00,1.41855,1.41855,1.41855,1.41855,0.0
2011-06-25 17:13:00,1.41855,1.41855,1.41855,1.41855,0.0
2011-06-25 17:14:00,1.41855,1.41855,1.41855,1.41855,0.0
2011-06-25 17:15:00,1.41855,1.41855,1.41855,1.41855,0.0
2011-06-25 17:16:00,1.41855,1.41855,1.41855,1.41855,0.0
2011-06-25 17:17:00,1.41855,1.41855,1.41855,1.41855,0.0
2011-06-25 17:18:00,1.41855,1.41855,1.41855,1.41855,0.0
2011-06-25 17:19:00,1.41855,1.41855,1.41855,1.41855,0.0
2011-06-25 17:20:00,1.41855,1.41855,1.41855,1.41855,0.0
2011-06-25 17:21:00,1.41855,1.41855,1.41855,1.41855,0.0
2011-06-25 17:22:00,1.41855,1.41855,1.41855,1.41855,0.0
2011-06-25 17:23:00,1.41855,1.41855,1.41855,1.41855,0.0
2011-06-25 17:24:00,1.41855,1.41855,1.41855,1.41855,0.0
2011-06-25 17:25:00,1.41855,1.41855,1.41855,1.41855,0.0
2011-06-25 17:26:00,1.41855,1.41855,1.41855,1.41855,0.0
2011-06-25 17:27:00,1.41855,1.41855,1.41855,1.41855,0.0
2011-06-25 17:28:00,1.41855,1.41855,1.41855,1.41855,0.0
2011-06-25 17:29:00,1.41855,1.41855,1.41855,1.41855,0.0
2011-06-25 17:30:00,1.41855,1.41855,1.41855,1.41855,0.0
2011-06-25 17:31:00,1.41855,1.41855,1.41855,1.41855,0.0
2011-06-25 17:32:00,1.41855,1.41855,1.41855,1.41855,0.0
2011-06-25 17:33:00,1.41855,1.41855,1.41855,1.41855,0.0
2011-06-25 17:34:00,1.41855,1.41855,1.41855,1.41855,0.0
2011-06-25 17:35:00,1.41855,1.41855,1.41855,1.41855,0.0
2011-06-25 17:36:00,1.41855,1.41855,1.41855,1.41855,0.0
2011-06-25 17:37:00,1.41855,1.41855,1.41855,1.41855,0.0
2011-06-25 17:38:00,1.41855,1.41855,1.41855,1.41855,0.0
2011-06-25 17:39:00,1.41855,1.41855,1.41855,1.41855,0.0
2011-06-25 17:40:00,1.41855,1.41855,1.41855,1.41855,0.0
2011-06-25 17:41:00,1.41855,1.41855,1.41855,1.41855,0.0
2011-06-25 17:42:00,1.41855,1.41855,1.41855,1.41855,0.0
2011-06-25 17:43:00,1.41855,1.41855,1.41855,1.41855,0.0
2011-06-25 17:44:00,1.41855,1.41855,1.41855,1.41855,0.0
2011-06-25 17:45:00,1.41855,1.41855,1.41855,1.41855,0.0
2011-06-25 17:46:00,1.41855,1.41855,1.41855,1.41855,0.0
2011-06-25 17:47:00,1.41855,1.41855,1.41855,1.41855,0.0
2011-06-25 17:48:00,1.41855,1.41855,1.41855,1.41855,0.0
2011-06-25 17:49:00,1.41855,1.41855,1.41855,1.41855,0.0
2011-06-25 17:50:00,1.41855,1.41855,1.41855,1.41855,0.0
2011-06-25 17:51:00,1.41855,1.41855,1.41855,1.41855,0.0
2011-06-25 17:52:00,1.41855,1.41855,1.41855,1.41855,0.0
2011-06-25 17:53:00,1.41855,1.41855,1.41855,1.41855,0.0
2011-06-25 17:54:00,1.41855,1.41855,1.41855,1.41855,0.0
2011-06-25 17:55:00,1.41855,1.41855,1.41855,1.41855,0.0
2011-06-25 17:56:00,1.41855,1.41855,1.41855,1.41855,0.0
2011-06-25 17:57:00,1.41855,1.41855,1.41855,1.41855,0.0
2011-06-25 17:58:00,1.41855,1.41855,1.41855,1.41855,0.0
2011-06-25 17:59:00,1.41855,1.41855,1.41855,1.41855,0.0
2011-06-25 18:00:00,1.41855,1.41855,1.41855,1.41855,0.0
2011-06-25 18:01:00,1.41855,1.41855,1.41855,1.41855,0.0
2011-06-25 18:02:00,1.41855,1.41855,1.41855,1.41855,0.0
2011-06-25 18:03:00,1.41855,1.41855,1.41855,1.41855,0.0
2011-06-25 18:04:00,1.41855,1.41855,1.41855,1.41855,0.0
2011-06-25 18:05:00,1.41855,1.41855,1.41855,1.41855,0.0
2011-06-25 18:06:00,1.41855,1.41855,1.41855,1.41855,0.0
2011-06-25 18:07:00,1.41855,1.41855,1.41855,1.41855,0.0
2011-06-25 18:08:00,1.41855,1.41855,1.41855,1.41855,0.0
2011-06-25 18:09:00,1.41855,1.41855,1.41855,1.41855,0.0
2011-06-25 18:10:00,1.41855,1.41855,1.41855,1.41855,0.0
2011-06-25 18:11:00,1.41855,1.41855,1.41855,1.41855,0.0
2011-06-25 18:12:00,1.41855,1.41855,1.41855,1.41855,0.0
2011-06-25 18:13:00,1.41855,1.41855,1.41855,1.41855,0.0
2011-06-25 18:14:00,1.41855,1.41855,1.41855,1.41855,0.0
2011-06-25 18:15:00,1.41855,1.41855,1.41855,1.41855,0.0
2011-06-25 18:16:00,1.41855,1.41855,1.41855,1.41855,0.0
2011-06-25 18:17:00,1.41855,1.41855,1.41855,1.41855,0.0
2011-06-25 18:18:00,1.41855,1.41855,1.41855,1.41855,0.0
2011-06-25 18:19:00,1.41855,1.41855,1.41855,1.41855,0.0
2011-06-25 18:20:00,1.41855,1.41855,1.41855,1.41855,0.0
2011-06-25 18:21:00,1.41855,1.41855,1.41855,1.41855,0.0
2011-06-25 18:22:00,1.41855,1.41855,1.41855,1.41855,0.0
2011-06-25 18:23:00,1.41855,1.41855,1.41855,1.41855,0.0
2011-06-25 18:24:00,1.41855,1.41855,1.41855,1.41855,0.0
2011-06-25 18:25:00,1.41855,1.41855,1.41855,1.41855,0.0
2011-06-25 18:26:00,1.41855,1.41855,1.41855,1.41855,0.0
2011-06-25 18:27:00,1.41855,1.41855,1.41855,1.41855,0.0
2011-06-25 18:28:00,1.41855,1.41855,1.41855,1.41855,0.0
2011-06-25 18:29:00,1.41855,1.41855,1.41855,1.41855,0.0
2011-06-25 18:30:00,1.41855,1.41855,1.41855,1.41855,0.0
2011-06-25 18:31:00,1.41855,1.41855,1.41855,1.41855,0.0
2011-06-25 18:32:00,1.41855,1.41855,1.41855,1.41855,0.0
2011-06-25 18:33:00,1.41855,1.41855,1.41855,1.41855,0.0
2011-06-25 18:34:00,1.41855,1.41855,1.41855,1.41855,0.0
2011-06-25 18:35:00,1.41855,1.41855,1.41855,1.41855,0.0
2011-06-25 18:36:00,1.41855,1.41855,1.41855,1.41855,0.0
2011-06-25 18:37:00,1.41855,1.41855,1.41855,1.41855,0.0
2011-06-25 18:38:00,1.41855,1.41855,1.41855,1.41855,0.0
2011-06-25 18:39:00,1.41855,1.41855,1.41855,1.41855,0.0
2011-06-25 18:40:00,1.41855,1.41855,1.41855,1.41855,0.0
2011-06-25 18:41:00,1.41855,1.41855,1.41855,1.41855,0.0
2011-06-25 18:42:00,1.41855,1.41855,1.41855,1.41855,0.0
2011-06-25 18:43:00,1.41855,1.41855,1.41855,1.41855,0.0
2011-06-25 18:44:00,1.41855,1.41855,1.41855,1.41855,0.0
2011-06-25 18:45:00,1.41855,1.41855,1.41855,1.41855,0.0
2011-06-25 18:46:00,1.41855,1.41855,1.41855,1.41855,0.0
2011-06-25 18:47:00,1.41855,1.41855,1.41855,1.41855,0.0
2011-06-25 18:48:00,1.41855,1.41855,1.41855,1.41855,0.0
2011-06-25 18:49:00,1.41855,1.41855,1.41855,1.41855,0.0
2011-06-25 18:50:00,1.41855,1.41855,1.41855,1.41855,0.0
2011-06-25 18:51:00,1.41855,1.41855,1.41855,1.41855,0.0
2011-06-25 18:52:00,1.41855,1.41855,1.41855,1.41855,0.0
2011-06-25 18:53:00,1.41855,1.41855,1.41855,1.41855,0.0
2011-06-25 18:54:00,1.41855,1.41855,1.41855,1.41855,0.0
2011-06-25 18:55:00,1.41855,1.41855,1.41855,1.41855,0.0
2011-06-25 18:56:00,1.41855,1.41855,1.41855,1.41855,0.0
2011-06-25 18:57:00,1.41855,1.41855,1.41855,1.41855,0.0
2011-06-25 18:58:00,1.41855,1.41855,1.41855,1.41855,0.0
2011-06-25 18:59:00,1.41855,1.41855,1.41855,1.41855,0.0
2011-06-25 19:00:00,1.41855,1.41855,1.41855,1.41855,0.0
2011-06-25 19:01:00,1.41855,1.41855,1.41855,1.41855,0.0
2011-06-25 19:02:00,1.41855,1.41855,1.41855,1.41855,0.0
2011-06-25 19:03:00,1.41855,1.41855,1.41855,1.41855,0.0
2011-06-25 19:04:00,1.41855,1.41855,1.41855,1.41855,0.0
2011-06-25 19:05:00,1.41855,1.41855,1.41855,1.41855,0.0
2011-06-25 19:06:00,1.41855,1.41855,1.41855,1.41855,0.0
2011-06-25 19:07:00,1.41855,1.41855,1.41855,1.41855,0.0
2011-06-25 19:08:00,1.41855,1.41855,1.41855,1.41855,0.0
2011-06-25 19:09:00,1.41855,1.41855,1.41855,1.41855,0.0
2011-06-25 19:10:00,1.41855,1.41855,1.41855,1.41855,0.0
2011-06-25 19:11:00,1.41855,1.41855,1.41855,1.41855,0.0
2011-06-25 19:12:00,1.41855,1.41855,1.41855,1.41855,0.0
2011-06-25 19:13:00,1.41855,1.41855,1.41855,1.41855,0.0
2011-06-25 19:14:00,1.41855,1.41855,1.41855,1.41855,0.0
2011-06-25 19:15:00,1.41855,1.41855,1.41855,1.41855,0.0
2011-06-25 19:16:00,1.41855,1.41855,1.41855,1.41855,0.0
2011-06-25 19:17:00,1.41855,1.41855,1.41855,1.41855,0.0
2011-06-25 19:18:00,1.41855,1.41855,1.41855,1.41855,0.0
2011-06-25 19:19:00,1.41855,1.41855,1.41855,1.41855,0.0
2011-06-25 19:20:00,1.41855,1.41855,1.41855,1.41855,0.0
2011-06-25 19:21:00,1.41855,1.41855,1.41855,1.41855,0.0
2011-06-25 19:22:00,1.41855,1.41855,1.41855,1.41855,0.0
2011-06-25 19:23:00,1.41855,1.41855,1.41855,1.41855,0.0
2011-06-25 19:24:00,1.41855,1.41855,1.41855,1.41855,0.0
2011-06-25 19:25:00,1.41855,1.41855,1.41855,1.41855,0.0
2011-06-25 19:26:00,1.41855,1.41855,1.41855,1.41855,0.0
2011-06-25 19:27:00,1.41855,1.41855,1.41855,1.41855,0.0
2011-06-25 19:28:00,1.41855,1.41855,1.41855,1.41855,0.0
2011-06-25 19:29:00,1.41855,1.41855,1.41855,1.41855,0.0
2011-06-25 19:30:00,1.41855,1.41855,1.41855,1.41855,0.0
2011-06-25 19:31:00,1.41855,1.41855,1.41855,1.41855,0.0
2011-06-25 19:32:00,1.41855,1.41855,1.41855,1.41855,0.0
2011-06-25 19:33:00,1.41855,1.41855,1.41855,1.41855,0.0
2011-06-25 19:34:00,1.41855,1.41855,1.41855,1.41855,0.0
2011-06-25 19:35:00,1.41855,1.41855,1.41855,1.41855,0.0
2011-06-25 19:36:00,1.41855,1.41855,1.41855,1.41855,0.0
2011-06-25 19:37:00,1.41855,1.41855,1.41855,1.41855,0.0
2011-06-25 19:38:00,1.41855,1.41855,1.41855,1.41855,0.0
2011-06-25 19:39:00,1.41855,1.41855,1.41855,1.41855,0.0
2011-06-25 19:40:00,1.41855,1.41855,1.41855,1.41855,0.0
2011-06-25 19:41:00,1.41855,1.41855,1.41855,1.41855,0.0
2011-06-25 19:42:00,1.41855,1.41855,1.41855,1.41855,0.0
2011-06-25 19:43:00,1.41855,1.41855,1.41855,1.41855,0.0
2011-06-25 19:44:00,1.41855,1.41855,1.41855,1.41855,0.0
2011-06-25 19:45:00,1.41855,1.41855,1.41855,1.41855,0.0
2011-06-25 19:46:00,1.41855,1.41855,1.41855,1.41855,0.0
2011-06-25 19:47:00,1.41855,1.41855,1.41855,1.41855,0.0
2011-06-25 19:48:00,1.41855,1.41855,1.41855,1.41855,0.0
2011-06-25 19:49:00,1.41855,1.41855,1.41855,1.41855,0.0
2011-06-25 19:50:00,1.41855,1.41855,1.41855,1.41855,0.0
2011-06-25 19:51:00,1.41855,1.41855,1.41855,1.41855,0.0
2011-06-25 19:52:00,1.41855,1.41855,1.41855,1.41855,0.0
2011-06-25 19:53:00,1.41855,1.41855,1.41855,1.41855,0.0
2011-06-25 19:54:00,1.41855,1.41855,1.41855,1.41855,0.0
2011-06-25 19:55:00,1.41855,1.41855,1.41855,1.41855,0.0
2011-06-25 19:56:00,1.41855,1.41855,1.41855,1.41855,0.0
2011-06-25 19:57:00,1.41855,1.41855,1.41855,1.41855,0.0
2011-06-25 19:58:00,1.41855,1.41855,1.41855,1.41855,0.0
2011-06-25 19:59:00,1.41855,1.41855,1.41855,1.41855,0.0
2011-06-25 20:00:00,1.41855,1.41855,1.41855,1.41855,0.0
2011-06-25 20:01:00,1.41855,1.41855,1.41855,1.41855,0.0
2011-06-25 20:02:00,1.41855,1.41855,1.41855,1.41855,0.0
2011-06-25 20:03:00,1.41855,1.41855,1.41855,1.41855,0.0
2011-06-25 20:04:00,1.41855,1.41855,1.41855,1.41855,0.0
2011-06-25 20:05:00,1.41855,1.41855,1.41855,1.41855,0.0
2011-06-25 20:06:00,1.41855,1.41855,1.41855,1.41855,0.0
2011-06-25 20:07:00,1.41855,1.41855,1.41855,1.41855,0.0
2011-06-25 20:08:00,1.41855,1.41855,1.41855,1.41855,0.0
2011-06-25 20:09:00,1.41855,1.41855,1.41855,1.41855,0.0
2011-06-25 20:10:00,1.41855,1.41855,1.41855,1.41855,0.0
2011-06-25 20:11:00,1.41855,1.41855,1.41855,1.41855,0.0
2011-06-25 20:12:00,1.41855,1.41855,1.41855,1.41855,0.0
2011-06-25 20:13:00,1.41855,1.41855,1.41855,1.41855,0.0
2011-06-25 20:14:00,1.41855,1.41855,1.41855,1.41855,0.0
2011-06-25 20:15:00,1.41855,1.41855,1.41855,1.41855,0.0
2011-06-25 20:16:00,1.41855,1.41855,1.41855,1.41855,0.0
2011-06-25 20:17:00,1.41855,1.41855,1.41855,1.41855,0.0
2011-06-25 20:18:00,1.41855,1.41855,1.41855,1.41855,0.0
2011-06-25 20:19:00,1.41855,1.41855,1.41855,1.41855,0.0
2011-06-25 20:20:00,1.41855,1.41855,1.41855,1.41855,0.0
2011-06-25 20:21:00,1.41855,1.41855,1.41855,1.41855,0.0
2011-06-25 20:22:00,1.41855,1.41855,1.41855,1.41855,0.0
2011-06-25 20:23:00,1.41855,1.41855,1.41855,1.41855,0.0
2011-06-25 20:24:00,1.41855,1.41855,1.41855,1.41855,0.0
2011-06-25 20:25:00,1.41855,1.41855,1.41855,1.41855,0.0
2011-06-25 20:26:00,1.41855,1.41855,1.41855,1.41855,0.0
2011-06-25 20:27:00,1.41855,1.41855,1.41855,1.41855,0.0
2011-06-25 20:28:00,1.41855,1.41855,1.41855,1.41855,0.0
2011-06-25 20:29:00,1.41855,1.41855,1.41855,1.41855,0.0
2011-06-25 20:30:00,1.41855,1.41855,1.41855,1.41855,0.0
2011-06-25 20:31:00,1.41855,1.41855,1.41855,1.41855,0.0
2011-06-25 20:32:00,1.41855,1.41855,1.41855,1.41855,0.0
2011-06-25 20:33:00,1.41855,1.41855,1.41855,1.41855,0.0
2011-06-25 20:34:00,1.41855,1.41855,1.41855,1.41855,0.0
2011-06-25 20:35:00,1.41855,1.41855,1.41855,1.41855,0.0
2011-06-25 20:36:00,1.41855,1.41855,1.41855,1.41855,0.0
2011-06-25 20:37:00,1.41855,1.41855,1.41855,1.41855,0.0
2011-06-25 20:38:00,1.41855,1.41855,1.41855,1.41855,0.0
2011-06-25 20:39:00,1.41855,1.41855,1.41855,1.41855,0.0
2011-06-25 20:40:00,1.41855,1.41855,1.41855,1.41855,0.0
2011-06-25 20:41:00,1.41855,1.41855,1.41855,1.41855,0.0
2011-06-25 20:42:00,1.41855,1.41855,1.41855,1.41855,0.0
2011-06-25 20:43:00,1.41855,1.41855,1.41855,1.41855,0.0
2011-06-25 20:44:00,1.41855,1.41855,1.41855,1.41855,0.0
2011-06-25 20:45:00,1.41855,1.41855,1.41855,1.41855,0.0
2011-06-25 20:46:00,1.41855,1.41855,1.41855,1.41855,0.0
2011-06-25 20:47:00,1.41855,1.41855,1.41855,1.41855,0.0
2011-06-25 20:48:00,1.41855,1.41855,1.41855,1.41855,0.0
2011-06-25 20:49:00,1.41855,1.41855,1.41855,1.41855,0.0
2011-06-25 20:50:00,1.41855,1.41855,1.41855,1.41855,0.0
2011-06-25 20:51:00,1.41855,1.41855,1.41855,1.41855,0.0
2011-06-25 20:52:00,1.41855,1.41855,1.41855,1.41855,0.0
2011-06-25 20:53:00,1.41855,1.41855,1.41855,1.41855,0.0
2011-06-25 20:54:00,1.41855,1.41855,1.41855,1.41855,0.0
2011-06-25 20:55:00,1.41855,1.41855,1.41855,1.41855,0.0
2011-06-25 20:56:00,1.41855,1.41855,1.41855,1.41855,0.0
2011-06-25 20:57:00,1.41855,1.41855,1.41855,1.41855,0.0
2011-06-25 20:58:00,1.41855,1.41855,1.41855,1.41855,0.0
2011-06-25 20:59:00,1.41855,1.41855,1.41855,1.41855,0.0
2011-06-25 21:00:00,1.41855,1.41855,1.41855,1.41855,0.0
2011-06-25 21:01:00,1.41855,1.41855,1.41855,1.41855,0.0
2011-06-25 21:02:00,1.41855,1.41855,1.41855,1.41855,0.0
2011-06-25 21:03:00,1.41855,1.41855,1.41855,1.41855,0.0
2011-06-25 21:04:00,1.41855,1.41855,1.41855,1.41855,0.0
2011-06-25 21:05:00,1.41855,1.41855,1.41855,1.41855,0.0
2011-06-25 21:06:00,1.41855,1.41855,1.41855,1.41855,0.0
2011-06-25 21:07:00,1.41855,1.41855,1.41855,1.41855,0.0
2011-06-25 21:08:00,1.41855,1.41855,1.41855,1.41855,0.0
2011-06-25 21:09:00,1.41855,1.41855,1.41855,1.41855,0.0
2011-06-25 21:10:00,1.41855,1.41855,1.41855,1.41855,0.0
2011-06-25 21:11:00,1.41855,1.41855,1.41855,1.41855,0.0
2011-06-25 21:12:00,1.41855,1.41855,1.41855,1.41855,0.0
2011-06-25 21:13:00,1.41855,1.41855,1.41855,1.41855,0.0
2011-06-25 21:14:00,1.41855,1.41855,1.41855,1.41855,0.0
2011-06-25 21:15:00,1.41855,1.41855,1.41855,1.41855,0.0
2011-06-25 21:16:00,1.41855,1.41855,1.41855,1.41855,0.0
2011-06-25 21:17:00,1.41855,1.41855,1.41855,1.41855,0.0
2011-06-25 21:18:00,1.41855,1.41855,1.41855,1.41855,0.0
2011-06-25 21:19:00,1.41855,1.41855,1.41855,1.41855,0.0
2011-06-25 21:20:00,1.41855,1.41855,1.41855,1.41855,0.0
2011-06-25 21:21:00,1.41855,1.41855,1.41855,1.41855,0.0
2011-06-25 21:22:00,1.41855,1.41855,1.41855,1.41855,0.0
2011-06-25 21:23:00,1.41855,1.41855,1.41855,1.41855,0.0
2011-06-25 21:24:00,1.41855,1.41855,1.41855,1.41855,0.0
2011-06-25 21:25:00,1.41855,1.41855,1.41855,1.41855,0.0
2011-06-25 21:26:00,1.41855,1.41855,1.41855,1.41855,0.0
2011-06-25 21:27:00,1.41855,1.41855,1.41855,1.41855,0.0
2011-06-25 21:28:00,1.41855,1.41855,1.41855,1.41855,0.0
2011-06-25 21:29:00,1.41855,1.41855,1.41855,1.41855,0.0
2011-06-25 21:30:00,1.41855,1.41855,1.41855,1.41855,0.0
2011-06-25 21:31:00,1.41855,1.41855,1.41855,1.41855,0.0
2011-06-25 21:32:00,1.41855,1.41855,1.41855,1.41855,0.0
2011-06-25 21:33:00,1.41855,1.41855,1.41855,1.41855,0.0
2011-06-25 21:34:00,1.41855,1.41855,1.41855,1.41855,0.0
2011-06-25 21:35:00,1.41855,1.41855,1.41855,1.41855,0.0
2011-06-25 21:36:00,1.41855,1.41855,1.41855,1.41855,0.0
2011-06-25 21:37:00,1.41855,1.41855,1.41855,1.41855,0.0
2011-06-25 21:38:00,1.41855,1.41855,1.41855,1.41855,0.0
2011-06-25 21:39:00,1.41855,1.41855,1.41855,1.41855,0.0
2011-06-25 21:40:00,1.41855,1.41855,1.41855,1.41855,0.0
2011-06-25 21:41:00,1.41855,1.41855,1.41855,1.41855,0.0
2011-06-25 21:42:00,1.41855,1.41855,1.41855,1.41855,0.0
2011-06-25 21:43:00,1.41855,1.41855,1.41855,1.41855,0.0
2011-06-25 21:44:00,1.41855,1.41855,1.41855,1.41855,0.0
2011-06-25 21:45:00,1.41855,1.41855,1.41855,1.41855,0.0
2011-06-25 21:46:00,1.41855,1.41855,1.41855,1.41855,0.0
2011-06-25 21:47:00,1.41855,1.41855,1.41855,1.41855,0.0
2011-06-25 21:48:00,1.41855,1.41855,1.41855,1.41855,0.0
2011-06-25 21:49:00,1.41855,1.41855,1.41855,1.41855,0.0
2011-06-25 21:50:00,1.41855,1.41855,1.41855,1.41855,0.0
2011-06-25 21:51:00,1.41855,1.41855,1.41855,1.41855,0.0
2011-06-25 21:52:00,1.41855,1.41855,1.41855,1.41855,0.0
2011-06-25 21:53:00,1.41855,1.41855,1.41855,1.41855,0.0
2011-06-25 21:54:00,1.41855,1.41855,1.41855,1.41855,0.0
2011-06-25 21:55:00,1.41855,1.41855,1.41855,1.41855,0.0
2011-06-25 21:56:00,1.41855,1.41855,1.41855,1.41855,0.0
2011-06-25 21:57:00,1.41855,1.41855,1.41855,1.41855,0.0
2011-06-25 21:58:00,1.41855,1.41855,1.41855,1.41855,0.0
2011-06-25 21:59:00,1.41855,1.41855,1.41855,1.41855,0.0
2011-06-25 22:00:00,1.41855,1.41855,1.41855,1.41855,0.0
2011-06-25 22:01:00,1.41855,1.41855,1.41855,1.41855,0.0
2011-06-25 22:02:00,1.41855,1.41855,1.41855,1.41855,0.0
2011-06-25 22:03:00,1.41855,1.41855,1.41855,1.41855,0.0
2011-06-25 22:04:00,1.41855,1.41855,1.41855,1.41855,0.0
2011-06-25 22:05:00,1.41855,1.41855,1.41855,1.41855,0.0
2011-06-25 22:06:00,1.41855,1.41855,1.41855,1.41855,0.0
2011-06-25 22:07:00,1.41855,1.41855,1.41855,1.41855,0.0
2011-06-25 22:08:00,1.41855,1.41855,1.41855,1.41855,0.0
2011-06-25 22:09:00,1.41855,1.41855,1.41855,1.41855,0.0
2011-06-25 22:10:00,1.41855,1.41855,1.41855,1.41855,0.0
2011-06-25 22:11:00,1.41855,1.41855,1.41855,1.41855,0.0
2011-06-25 22:12:00,1.41855,1.41855,1.41855,1.41855,0.0
2011-06-25 22:13:00,1.41855,1.41855,1.41855,1.41855,0.0
2011-06-25 22:14:00,1.41855,1.41855,1.41855,1.41855,0.0
2011-06-25 22:15:00,1.41855,1.41855,1.41855,1.41855,0.0
2011-06-25 22:16:00,1.41855,1.41855,1.41855,1.41855,0.0
2011-06-25 22:17:00,1.41855,1.41855,1.41855,1.41855,0.0
2011-06-25 22:18:00,1.41855,1.41855,1.41855,1.41855,0.0
2011-06-25 22:19:00,1.41855,1.41855,1.41855,1.41855,0.0
2011-06-25 22:20:00,1.41855,1.41855,1.41855,1.41855,0.0
2011-06-25 22:21:00,1.41855,1.41855,1.41855,1.41855,0.0
2011-06-25 22:22:00,1.41855,1.41855,1.41855,1.41855,0.0
2011-06-25 22:23:00,1.41855,1.41855,1.41855,1.41855,0.0
2011-06-25 22:24:00,1.41855,1.41855,1.41855,1.41855,0.0
2011-06-25 22:25:00,1.41855,1.41855,1.41855,1.41855,0.0
2011-06-25 22:26:00,1.41855,1.41855,1.41855,1.41855,0.0
2011-06-25 22:27:00,1.41855,1.41855,1.41855,1.41855,0.0
2011-06-25 22:28:00,1.41855,1.41855,1.41855,1.41855,0.0
2011-06-25 22:29:00,1.41855,1.41855,1.41855,1.41855,0.0
2011-06-25 22:30:00,1.41855,1.41855,1.41855,1.41855,0.0
2011-06-25 22:31:00,1.41855,1.41855,1.41855,1.41855,0.0
2011-06-25 22:32:00,1.41855,1.41855,1.41855,1.41855,0.0
2011-06-25 22:33:00,1.41855,1.41855,1.41855,1.41855,0.0
2011-06-25 22:34:00,1.41855,1.41855,1.41855,1.41855,0.0
2011-06-25 22:35:00,1.41855,1.41855,1.41855,1.41855,0.0
2011-06-25 22:36:00,1.41855,1.41855,1.41855,1.41855,0.0
2011-06-25 22:37:00,1.41855,1.41855,1.41855,1.41855,0.0
2011-06-25 22:38:00,1.41855,1.41855,1.41855,1.41855,0.0
2011-06-25 22:39:00,1.41855,1.41855,1.41855,1.41855,0.0
2011-06-25 22:40:00,1.41855,1.41855,1.41855,1.41855,0.0
2011-06-25 22:41:00,1.41855,1.41855,1.41855,1.41855,0.0
2011-06-25 22:42:00,1.41855,1.41855,1.41855,1.41855,0.0
2011-06-25 22:43:00,1.41855,1.41855,1.41855,1.41855,0.0
2011-06-25 22:44:00,1.41855,1.41855,1.41855,1.41855,0.0
2011-06-25 22:45:00,1.41855,1.41855,1.41855,1.41855,0.0
2011-06-25 22:46:00,1.41855,1.41855,1.41855,1.41855,0.0
2011-06-25 22:47:00,1.41855,1.41855,1.41855,1.41855,0.0
2011-06-25 22:48:00,1.41855,1.41855,1.41855,1.41855,0.0
2011-06-25 22:49:00,1.41855,1.41855,1.41855,1.41855,0.0
2011-06-25 22:50:00,1.41855,1.41855,1.41855,1.41855,0.0
2011-06-25 22:51:00,1.41855,1.41855,1.41855,1.41855,0.0
2011-06-25 22:52:00,1.41855,1.41855,1.41855,1.41855,0.0
2011-06-25 22:53:00,1.41855,1.41855,1.41855,1.41855,0.0
2011-06-25 22:54:00,1.41855,1.41855,1.41855,1.41855,0.0
2011-06-25 22:55:00,1.41855,1.41855,1.41855,1.41855,0.0
2011-06-25 22:56:00,1.41855,1.41855,1.41855,1.41855,0.0
2011-06-25 22:57:00,1.41855,1.41855,1.41855,1.41855,0.0
2011-06-25 22:58:00,1.41855,1.41855,1.41855,1.41855,0.0
2011-06-25 22:59:00,1.41855,1.41855,1.41855,1.41855,0.0
2011-06-25 23:00:00,1.41855,1.41855,1.41855,1.41855,0.0
2011-06-25 23:01:00,1.41855,1.41855,1.41855,1.41855,0.0
2011-06-25 23:02:00,1.41855,1.41855,1.41855,1.41855,0.0
2011-06-25 23:03:00,1.41855,1.41855,1.41855,1.41855,0.0
2011-06-25 23:04:00,1.41855,1.41855,1.41855,1.41855,0.0
2011-06-25 23:05:00,1.41855,1.41855,1.41855,1.41855,0.0
2011-06-25 23:06:00,1.41855,1.41855,1.41855,1.41855,0.0
2011-06-25 23:07:00,1.41855,1.41855,1.41855,1.41855,0.0
2011-06-25 23:08:00,1.41855,1.41855,1.41855,1.41855,0.0
2011-06-25 23:09:00,1.41855,1.41855,1.41855,1.41855,0.0
2011-06-25 23:10:00,1.41855,1.41855,1.41855,1.41855,0.0
2011-06-25 23:11:00,1.41855,1.41855,1.41855,1.41855,0.0
2011-06-25 23:12:00,1.41855,1.41855,1.41855,1.41855,0.0
2011-06-25 23:13:00,1.41855,1.41855,1.41855,1.41855,0.0
2011-06-25 23:14:00,1.41855,1.41855,1.41855,1.41855,0.0
2011-06-25 23:15:00,1.41855,1.41855,1.41855,1.41855,0.0
2011-06-25 23:16:00,1.41855,1.41855,1.41855,1.41855,0.0
2011-06-25 23:17:00,1.41855,1.41855,1.41855,1.41855,0.0
2011-06-25 23:18:00,1.41855,1.41855,1.41855,1.41855,0.0
2011-06-25 23:19:00,1.41855,1.41855,1.41855,1.41855,0.0
2011-06-25 23:20:00,1.41855,1.41855,1.41855,1.41855,0.0
2011-06-25 23:21:00,1.41855,1.41855,1.41855,1.41855,0.0
2011-06-25 23:22:00,1.41855,1.41855,1.41855,1.41855,0.0
2011-06-25 23:23:00,1.41855,1.41855,1.41855,1.41855,0.0
2011-06-25 23:24:00,1.41855,1.41855,1.41855,1.41855,0.0
2011-06-25 23:25:00,1.41855,1.41855,1.41855,1.41855,0.0
2011-06-25 23:26:00,1.41855,1.41855,1.41855,1.41855,0.0
2011-06-25 23:27:00,1.41855,1.41855,1.41855,1.41855,0.0
2011-06-25 23:28:00,1.41855,1.41855,1.41855,1.41855,0.0
2011-06-25 23:29:00,1.41855,1.41855,1.41855,1.41855,0.0
2011-06-25 23:30:00,1.41855,1.41855,1.41855,1.41855,0.0
2011-06-25 23:31:00,1.41855,1.41855,1.41855,1.41855,0.0
2011-06-25 23:32:00,1.41855,1.41855,1.41855,1.41855,0.0
2011-06-25 23:33:00,1.41855,1.41855,1.41855,1.41855,0.0
2011-06-25 23:34:00,1.41855,1.41855,1.41855,1.41855,0.0
2011-06-25 23:35:00,1.41855,1.41855,1.41855,1.41855,0.0
2011-06-25 23:36:00,1.41855,1.41855,1.41855,1.41855,0.0
2011-06-25 23:37:00,1.41855,1.41855,1.41855,1.41855,0.0
2011-06-25 23:38:00,1.41855,1.41855,1.41855,1.41855,0.0
2011-06-25 23:39:00,1.41855,1.41855,1.41855,1.41855,0.0
2011-06-25 23:40:00,1.41855,1.41855,1.41855,1.41855,0.0
2011-06-25 23:41:00,1.41855,1.41855,1.41855,1.41855,0.0
2011-06-25 23:42:00,1.41855,1.41855,1.41855,1.41855,0.0
2011-06-25 23:43:00,1.41855,1.41855,1.41855,1.41855,0.0
2011-06-25 23:44:00,1.41855,1.41855,1.41855,1.41855,0.0
2011-06-25 23:45:00,1.41855,1.41855,1.41855,1.41855,0.0
2011-06-25 23:46:00,1.41855,1.41855,1.41855,1.41855,0.0
2011-06-25 23:47:00,1.41855,1.41855,1.41855,1.41855,0.0
2011-06-25 23:48:00,1.41855,1.41855,1.41855,1.41855,0.0
2011-06-25 23:49:00,1.41855,1.41855,1.41855,1.41855,0.0
2011-06-25 23:50:00,1.41855,1.41855,1.41855,1.41855,0.0
2011-06-25 23:51:00,1.41855,1.41855,1.41855,1.41855,0.0
2011-06-25 23:52:00,1.41855,1.41855,1.41855,1.41855,0.0
2011-06-25 23:53:00,1.41855,1.41855,1.41855,1.41855,0.0
2011-06-25 23:54:00,1.41855,1.41855,1.41855,1.41855,0.0
2011-06-25 23:55:00,1.41855,1.41855,1.41855,1.41855,0.0
2011-06-25 23:56:00,1.41855,1.41855,1.41855,1.41855,0.0
2011-06-25 23:57:00,1.41855,1.41855,1.41855,1.41855,0.0
2011-06-25 23:58:00,1.41855,1.41855,1.41855,1.41855,0.0
2011-06-25 23:59:00,1.41855,1.41855,1.41855,1.41855,0.0
2011-06-26 00:00:00,1.41855,1.41855,1.41855,1.41855,0.0
2011-06-26 00:01:00,1.41855,1.41855,1.41855,1.41855,0.0
2011-06-26 00:02:00,1.41855,1.41855,1.41855,1.41855,0.0
2011-06-26 00:03:00,1.41855,1.41855,1.41855,1.41855,0.0
2011-06-26 00:04:00,1.41855,1.41855,1.41855,1.41855,0.0
2011-06-26 00:05:00,1.41855,1.41855,1.41855,1.41855,0.0
2011-06-26 00:06:00,1.41855,1.41855,1.41855,1.41855,0.0
2011-06-26 00:07:00,1.41855,1.41855,1.41855,1.41855,0.0
2011-06-26 00:08:00,1.41855,1.41855,1.41855,1.41855,0.0
2011-06-26 00:09:00,1.41855,1.41855,1.41855,1.41855,0.0
2011-06-26 00:10:00,1.41855,1.41855,1.41855,1.41855,0.0
2011-06-26 00:11:00,1.41855,1.41855,1.41855,1.41855,0.0
2011-06-26 00:12:00,1.41855,1.41855,1.41855,1.41855,0.0
2011-06-26 00:13:00,1.41855,1.41855,1.41855,1.41855,0.0
2011-06-26 00:14:00,1.41855,1.41855,1.41855,1.41855,0.0
2011-06-26 00:15:00,1.41855,1.41855,1.41855,1.41855,0.0
2011-06-26 00:16:00,1.41855,1.41855,1.41855,1.41855,0.0
2011-06-26 00:17:00,1.41855,1.41855,1.41855,1.41855,0.0
2011-06-26 00:18:00,1.41855,1.41855,1.41855,1.41855,0.0
2011-06-26 00:19:00,1.41855,1.41855,1.41855,1.41855,0.0
2011-06-26 00:20:00,1.41855,1.41855,1.41855,1.41855,0.0
2011-06-26 00:21:00,1.41855,1.41855,1.41855,1.41855,0.0
2011-06-26 00:22:00,1.41855,1.41855,1.41855,1.41855,0.0
2011-06-26 00:23:00,1.41855,1.41855,1.41855,1.41855,0.0
2011-06-26 00:24:00,1.41855,1.41855,1.41855,1.41855,0.0
2011-06-26 00:25:00,1.41855,1.41855,1.41855,1.41855,0.0
2011-06-26 00:26:00,1.41855,1.41855,1.41855,1.41855,0.0
2011-06-26 00:27:00,1.41855,1.41855,1.41855,1.41855,0.0
2011-06-26 00:28:00,1.41855,1.41855,1.41855,1.41855,0.0
2011-06-26 00:29:00,1.41855,1.41855,1.41855,1.41855,0.0
2011-06-26 00:30:00,1.41855,1.41855,1.41855,1.41855,0.0
2011-06-26 00:31:00,1.41855,1.41855,1.41855,1.41855,0.0
2011-06-26 00:32:00,1.41855,1.41855,1.41855,1.41855,0.0
2011-06-26 00:33:00,1.41855,1.41855,1.41855,1.41855,0.0
2011-06-26 00:34:00,1.41855,1.41855,1.41855,1.41855,0.0
2011-06-26 00:35:00,1.41855,1.41855,1.41855,1.41855,0.0
2011-06-26 00:36:00,1.41855,1.41855,1.41855,1.41855,0.0
2011-06-26 00:37:00,1.41855,1.41855,1.41855,1.41855,0.0
2011-06-26 00:38:00,1.41855,1.41855,1.41855,1.41855,0.0
2011-06-26 00:39:00,1.41855,1.41855,1.41855,1.41855,0.0
2011-06-26 00:40:00,1.41855,1.41855,1.41855,1.41855,0.0
2011-06-26 00:41:00,1.41855,1.41855,1.41855,1.41855,0.0
2011-06-26 00:42:00,1.41855,1.41855,1.41855,1.41855,0.0
2011-06-26 00:43:00,1.41855,1.41855,1.41855,1.41855,0.0
2011-06-26 00:44:00,1.41855,1.41855,1.41855,1.41855,0.0
2011-06-26 00:45:00,1.41855,1.41855,1.41855,1.41855,0.0
2011-06-26 00:46:00,1.41855,1.41855,1.41855,1.41855,0.0
2011-06-26 00:47:00,1.41855,1.41855,1.41855,1.41855,0.0
2011-06-26 00:48:00,1.41855,1.41855,1.41855,1.41855,0.0
2011-06-26 00:49:00,1.41855,1.41855,1.41855,1.41855,0.0
2011-06-26 00:50:00,1.41855,1.41855,1.41855,1.41855,0.0
2011-06-26 00:51:00,1.41855,1.41855,1.41855,1.41855,0.0
2011-06-26 00:52:00,1.41855,1.41855,1.41855,1.41855,0.0
2011-06-26 00:53:00,1.41855,1.41855,1.41855,1.41855,0.0
2011-06-26 00:54:00,1.41855,1.41855,1.41855,1.41855,0.0
2011-06-26 00:55:00,1.41855,1.41855,1.41855,1.41855,0.0
2011-06-26 00:56:00,1.41855,1.41855,1.41855,1.41855,0.0
2011-06-26 00:57:00,1.41855,1.41855,1.41855,1.41855,0.0
2011-06-26 00:58:00,1.41855,1.41855,1.41855,1.41855,0.0
2011-06-26 00:59:00,1.41855,1.41855,1.41855,1.41855,0.0
2011-06-26 01:00:00,1.41855,1.41855,1.41855,1.41855,0.0
2011-06-26 01:01:00,1.41855,1.41855,1.41855,1.41855,0.0
2011-06-26 01:02:00,1.41855,1.41855,1.41855,1.41855,0.0
2011-06-26 01:03:00,1.41855,1.41855,1.41855,1.41855,0.0
2011-06-26 01:04:00,1.41855,1.41855,1.41855,1.41855,0.0
2011-06-26 01:05:00,1.41855,1.41855,1.41855,1.41855,0.0
2011-06-26 01:06:00,1.41855,1.41855,1.41855,1.41855,0.0
2011-06-26 01:07:00,1.41855,1.41855,1.41855,1.41855,0.0
2011-06-26 01:08:00,1.41855,1.41855,1.41855,1.41855,0.0
2011-06-26 01:09:00,1.41855,1.41855,1.41855,1.41855,0.0
2011-06-26 01:10:00,1.41855,1.41855,1.41855,1.41855,0.0
2011-06-26 01:11:00,1.41855,1.41855,1.41855,1.41855,0.0
2011-06-26 01:12:00,1.41855,1.41855,1.41855,1.41855,0.0
2011-06-26 01:13:00,1.41855,1.41855,1.41855,1.41855,0.0
2011-06-26 01:14:00,1.41855,1.41855,1.41855,1.41855,0.0
2011-06-26 01:15:00,1.41855,1.41855,1.41855,1.41855,0.0
2011-06-26 01:16:00,1.41855,1.41855,1.41855,1.41855,0.0
2011-06-26 01:17:00,1.41855,1.41855,1.41855,1.41855,0.0
2011-06-26 01:18:00,1.41855,1.41855,1.41855,1.41855,0.0
2011-06-26 01:19:00,1.41855,1.41855,1.41855,1.41855,0.0
2011-06-26 01:20:00,1.41855,1.41855,1.41855,1.41855,0.0
2011-06-26 01:21:00,1.41855,1.41855,1.41855,1.41855,0.0
2011-06-26 01:22:00,1.41855,1.41855,1.41855,1.41855,0.0
2011-06-26 01:23:00,1.41855,1.41855,1.41855,1.41855,0.0
2011-06-26 01:24:00,1.41855,1.41855,1.41855,1.41855,0.0
2011-06-26 01:25:00,1.41855,1.41855,1.41855,1.41855,0.0
2011-06-26 01:26:00,1.41855,1.41855,1.41855,1.41855,0.0
2011-06-26 01:27:00,1.41855,1.41855,1.41855,1.41855,0.0
2011-06-26 01:28:00,1.41855,1.41855,1.41855,1.41855,0.0
2011-06-26 01:29:00,1.41855,1.41855,1.41855,1.41855,0.0
2011-06-26 01:30:00,1.41855,1.41855,1.41855,1.41855,0.0
2011-06-26 01:31:00,1.41855,1.41855,1.41855,1.41855,0.0
2011-06-26 01:32:00,1.41855,1.41855,1.41855,1.41855,0.0
2011-06-26 01:33:00,1.41855,1.41855,1.41855,1.41855,0.0
2011-06-26 01:34:00,1.41855,1.41855,1.41855,1.41855,0.0
2011-06-26 01:35:00,1.41855,1.41855,1.41855,1.41855,0.0
2011-06-26 01:36:00,1.41855,1.41855,1.41855,1.41855,0.0
2011-06-26 01:37:00,1.41855,1.41855,1.41855,1.41855,0.0
2011-06-26 01:38:00,1.41855,1.41855,1.41855,1.41855,0.0
2011-06-26 01:39:00,1.41855,1.41855,1.41855,1.41855,0.0
2011-06-26 01:40:00,1.41855,1.41855,1.41855,1.41855,0.0
2011-06-26 01:41:00,1.41855,1.41855,1.41855,1.41855,0.0
2011-06-26 01:42:00,1.41855,1.41855,1.41855,1.41855,0.0
2011-06-26 01:43:00,1.41855,1.41855,1.41855,1.41855,0.0
2011-06-26 01:44:00,1.41855,1.41855,1.41855,1.41855,0.0
2011-06-26 01:45:00,1.41855,1.41855,1.41855,1.41855,0.0
2011-06-26 01:46:00,1.41855,1.41855,1.41855,1.41855,0.0
2011-06-26 01:47:00,1.41855,1.41855,1.41855,1.41855,0.0
2011-06-26 01:48:00,1.41855,1.41855,1.41855,1.41855,0.0
2011-06-26 01:49:00,1.41855,1.41855,1.41855,1.41855,0.0
2011-06-26 01:50:00,1.41855,1.41855,1.41855,1.41855,0.0
2011-06-26 01:51:00,1.41855,1.41855,1.41855,1.41855,0.0
2011-06-26 01:52:00,1.41855,1.41855,1.41855,1.41855,0.0
2011-06-26 01:53:00,1.41855,1.41855,1.41855,1.41855,0.0
2011-06-26 01:54:00,1.41855,1.41855,1.41855,1.41855,0.0
2011-06-26 01:55:00,1.41855,1.41855,1.41855,1.41855,0.0
2011-06-26 01:56:00,1.41855,1.41855,1.41855,1.41855,0.0
2011-06-26 01:57:00,1.41855,1.41855,1.41855,1.41855,0.0
2011-06-26 01:58:00,1.41855,1.41855,1.41855,1.41855,0.0
2011-06-26 01:59:00,1.41855,1.41855,1.41855,1.41855,0.0
2011-06-26 02:00:00,1.41855,1.41855,1.41855,1.41855,0.0
2011-06-26 02:01:00,1.41855,1.41855,1.41855,1.41855,0.0
2011-06-26 02:02:00,1.41855,1.41855,1.41855,1.41855,0.0
2011-06-26 02:03:00,1.41855,1.41855,1.41855,1.41855,0.0
2011-06-26 02:04:00,1.41855,1.41855,1.41855,1.41855,0.0
2011-06-26 02:05:00,1.41855,1.41855,1.41855,1.41855,0.0
2011-06-26 02:06:00,1.41855,1.41855,1.41855,1.41855,0.0
2011-06-26 02:07:00,1.41855,1.41855,1.41855,1.41855,0.0
2011-06-26 02:08:00,1.41855,1.41855,1.41855,1.41855,0.0
2011-06-26 02:09:00,1.41855,1.41855,1.41855,1.41855,0.0
2011-06-26 02:10:00,1.41855,1.41855,1.41855,1.41855,0.0
2011-06-26 02:11:00,1.41855,1.41855,1.41855,1.41855,0.0
2011-06-26 02:12:00,1.41855,1.41855,1.41855,1.41855,0.0
2011-06-26 02:13:00,1.41855,1.41855,1.41855,1.41855,0.0
2011-06-26 02:14:00,1.41855,1.41855,1.41855,1.41855,0.0
2011-06-26 02:15:00,1.41855,1.41855,1.41855,1.41855,0.0
2011-06-26 02:16:00,1.41855,1.41855,1.41855,1.41855,0.0
2011-06-26 02:17:00,1.41855,1.41855,1.41855,1.41855,0.0
2011-06-26 02:18:00,1.41855,1.41855,1.41855,1.41855,0.0
2011-06-26 02:19:00,1.41855,1.41855,1.41855,1.41855,0.0
2011-06-26 02:20:00,1.41855,1.41855,1.41855,1.41855,0.0
2011-06-26 02:21:00,1.41855,1.41855,1.41855,1.41855,0.0
2011-06-26 02:22:00,1.41855,1.41855,1.41855,1.41855,0.0
2011-06-26 02:23:00,1.41855,1.41855,1.41855,1.41855,0.0
2011-06-26 02:24:00,1.41855,1.41855,1.41855,1.41855,0.0
2011-06-26 02:25:00,1.41855,1.41855,1.41855,1.41855,0.0
2011-06-26 02:26:00,1.41855,1.41855,1.41855,1.41855,0.0
2011-06-26 02:27:00,1.41855,1.41855,1.41855,1.41855,0.0
2011-06-26 02:28:00,1.41855,1.41855,1.41855,1.41855,0.0
2011-06-26 02:29:00,1.41855,1.41855,1.41855,1.41855,0.0
2011-06-26 02:30:00,1.41855,1.41855,1.41855,1.41855,0.0
2011-06-26 02:31:00,1.41855,1.41855,1.41855,1.41855,0.0
2011-06-26 02:32:00,1.41855,1.41855,1.41855,1.41855,0.0
2011-06-26 02:33:00,1.41855,1.41855,1.41855,1.41855,0.0
2011-06-26 02:34:00,1.41855,1.41855,1.41855,1.41855,0.0
2011-06-26 02:35:00,1.41855,1.41855,1.41855,1.41855,0.0
2011-06-26 02:36:00,1.41855,1.41855,1.41855,1.41855,0.0
2011-06-26 02:37:00,1.41855,1.41855,1.41855,1.41855,0.0
2011-06-26 02:38:00,1.41855,1.41855,1.41855,1.41855,0.0
2011-06-26 02:39:00,1.41855,1.41855,1.41855,1.41855,0.0
2011-06-26 02:40:00,1.41855,1.41855,1.41855,1.41855,0.0
2011-06-26 02:41:00,1.41855,1.41855,1.41855,1.41855,0.0
2011-06-26 02:42:00,1.41855,1.41855,1.41855,1.41855,0.0
2011-06-26 02:43:00,1.41855,1.41855,1.41855,1.41855,0.0
2011-06-26 02:44:00,1.41855,1.41855,1.41855,1.41855,0.0
2011-06-26 02:45:00,1.41855,1.41855,1.41855,1.41855,0.0
2011-06-26 02:46:00,1.41855,1.41855,1.41855,1.41855,0.0
2011-06-26 02:47:00,1.41855,1.41855,1.41855,1.41855,0.0
2011-06-26 02:48:00,1.41855,1.41855,1.41855,1.41855,0.0
2011-06-26 02:49:00,1.41855,1.41855,1.41855,1.41855,0.0
2011-06-26 02:50:00,1.41855,1.41855,1.41855,1.41855,0.0
2011-06-26 02:51:00,1.41855,1.41855,1.41855,1.41855,0.0
2011-06-26 02:52:00,1.41855,1.41855,1.41855,1.41855,0.0
2011-06-26 02:53:00,1.41855,1.41855,1.41855,1.41855,0.0
2011-06-26 02:54:00,1.41855,1.41855,1.41855,1.41855,0.0
2011-06-26 02:55:00,1.41855,1.41855,1.41855,1.41855,0.0
2011-06-26 02:56:00,1.41855,1.41855,1.41855,1.41855,0.0
2011-06-26 02:57:00,1.41855,1.41855,1.41855,1.41855,0.0
2011-06-26 02:58:00,1.41855,1.41855,1.41855,1.41855,0.0
2011-06-26 02:59:00,1.41855,1.41855,1.41855,1.41855,0.0
2011-06-26 03:00:00,1.41855,1.41855,1.41855,1.41855,0.0
2011-06-26 03:01:00,1.41855,1.41855,1.41855,1.41855,0.0
2011-06-26 03:02:00,1.41855,1.41855,1.41855,1.41855,0.0
2011-06-26 03:03:00,1.41855,1.41855,1.41855,1.41855,0.0
2011-06-26 03:04:00,1.41855,1.41855,1.41855,1.41855,0.0
2011-06-26 03:05:00,1.41855,1.41855,1.41855,1.41855,0.0
2011-06-26 03:06:00,1.41855,1.41855,1.41855,1.41855,0.0
2011-06-26 03:07:00,1.41855,1.41855,1.41855,1.41855,0.0
2011-06-26 03:08:00,1.41855,1.41855,1.41855,1.41855,0.0
2011-06-26 03:09:00,1.41855,1.41855,1.41855,1.41855,0.0
2011-06-26 03:10:00,1.41855,1.41855,1.41855,1.41855,0.0
2011-06-26 03:11:00,1.41855,1.41855,1.41855,1.41855,0.0
2011-06-26 03:12:00,1.41855,1.41855,1.41855,1.41855,0.0
2011-06-26 03:13:00,1.41855,1.41855,1.41855,1.41855,0.0
2011-06-26 03:14:00,1.41855,1.41855,1.41855,1.41855,0.0
2011-06-26 03:15:00,1.41855,1.41855,1.41855,1.41855,0.0
2011-06-26 03:16:00,1.41855,1.41855,1.41855,1.41855,0.0
2011-06-26 03:17:00,1.41855,1.41855,1.41855,1.41855,0.0
2011-06-26 03:18:00,1.41855,1.41855,1.41855,1.41855,0.0
2011-06-26 03:19:00,1.41855,1.41855,1.41855,1.41855,0.0
2011-06-26 03:20:00,1.41855,1.41855,1.41855,1.41855,0.0
2011-06-26 03:21:00,1.41855,1.41855,1.41855,1.41855,0.0
2011-06-26 03:22:00,1.41855,1.41855,1.41855,1.41855,0.0
2011-06-26 03:23:00,1.41855,1.41855,1.41855,1.41855,0.0
2011-06-26 03:24:00,1.41855,1.41855,1.41855,1.41855,0.0
2011-06-26 03:25:00,1.41855,1.41855,1.41855,1.41855,0.0
2011-06-26 03:26:00,1.41855,1.41855,1.41855,1.41855,0.0
2011-06-26 03:27:00,1.41855,1.41855,1.41855,1.41855,0.0
2011-06-26 03:28:00,1.41855,1.41855,1.41855,1.41855,0.0
2011-06-26 03:29:00,1.41855,1.41855,1.41855,1.41855,0.0
2011-06-26 03:30:00,1.41855,1.41855,1.41855,1.41855,0.0
2011-06-26 03:31:00,1.41855,1.41855,1.41855,1.41855,0.0
2011-06-26 03:32:00,1.41855,1.41855,1.41855,1.41855,0.0
2011-06-26 03:33:00,1.41855,1.41855,1.41855,1.41855,0.0
2011-06-26 03:34:00,1.41855,1.41855,1.41855,1.41855,0.0
2011-06-26 03:35:00,1.41855,1.41855,1.41855,1.41855,0.0
2011-06-26 03:36:00,1.41855,1.41855,1.41855,1.41855,0.0
2011-06-26 03:37:00,1.41855,1.41855,1.41855,1.41855,0.0
2011-06-26 03:38:00,1.41855,1.41855,1.41855,1.41855,0.0
2011-06-26 03:39:00,1.41855,1.41855,1.41855,1.41855,0.0
2011-06-26 03:40:00,1.41855,1.41855,1.41855,1.41855,0.0
2011-06-26 03:41:00,1.41855,1.41855,1.41855,1.41855,0.0
2011-06-26 03:42:00,1.41855,1.41855,1.41855,1.41855,0.0
2011-06-26 03:43:00,1.41855,1.41855,1.41855,1.41855,0.0
2011-06-26 03:44:00,1.41855,1.41855,1.41855,1.41855,0.0
2011-06-26 03:45:00,1.41855,1.41855,1.41855,1.41855,0.0
2011-06-26 03:46:00,1.41855,1.41855,1.41855,1.41855,0.0
2011-06-26 03:47:00,1.41855,1.41855,1.41855,1.41855,0.0
2011-06-26 03:48:00,1.41855,1.41855,1.41855,1.41855,0.0
2011-06-26 03:49:00,1.41855,1.41855,1.41855,1.41855,0.0
2011-06-26 03:50:00,1.41855,1.41855,1.41855,1.41855,0.0
2011-06-26 03:51:00,1.41855,1.41855,1.41855,1.41855,0.0
2011-06-26 03:52:00,1.41855,1.41855,1.41855,1.41855,0.0
2011-06-26 03:53:00,1.41855,1.41855,1.41855,1.41855,0.0
2011-06-26 03:54:00,1.41855,1.41855,1.41855,1.41855,0.0
2011-06-26 03:55:00,1.41855,1.41855,1.41855,1.41855,0.0
2011-06-26 03:56:00,1.41855,1.41855,1.41855,1.41855,0.0
2011-06-26 03:57:00,1.41855,1.41855,1.41855,1.41855,0.0
2011-06-26 03:58:00,1.41855,1.41855,1.41855,1.41855,0.0
2011-06-26 03:59:00,1.41855,1.41855,1.41855,1.41855,0.0
2011-06-26 04:00:00,1.41855,1.41855,1.41855,1.41855,0.0
2011-06-26 04:01:00,1.41855,1.41855,1.41855,1.41855,0.0
2011-06-26 04:02:00,1.41855,1.41855,1.41855,1.41855,0.0
2011-06-26 04:03:00,1.41855,1.41855,1.41855,1.41855,0.0
2011-06-26 04:04:00,1.41855,1.41855,1.41855,1.41855,0.0
2011-06-26 04:05:00,1.41855,1.41855,1.41855,1.41855,0.0
2011-06-26 04:06:00,1.41855,1.41855,1.41855,1.41855,0.0
2011-06-26 04:07:00,1.41855,1.41855,1.41855,1.41855,0.0
2011-06-26 04:08:00,1.41855,1.41855,1.41855,1.41855,0.0
2011-06-26 04:09:00,1.41855,1.41855,1.41855,1.41855,0.0
2011-06-26 04:10:00,1.41855,1.41855,1.41855,1.41855,0.0
2011-06-26 04:11:00,1.41855,1.41855,1.41855,1.41855,0.0
2011-06-26 04:12:00,1.41855,1.41855,1.41855,1.41855,0.0
2011-06-26 04:13:00,1.41855,1.41855,1.41855,1.41855,0.0
2011-06-26 04:14:00,1.41855,1.41855,1.41855,1.41855,0.0
2011-06-26 04:15:00,1.41855,1.41855,1.41855,1.41855,0.0
2011-06-26 04:16:00,1.41855,1.41855,1.41855,1.41855,0.0
2011-06-26 04:17:00,1.41855,1.41855,1.41855,1.41855,0.0
2011-06-26 04:18:00,1.41855,1.41855,1.41855,1.41855,0.0
2011-06-26 04:19:00,1.41855,1.41855,1.41855,1.41855,0.0
2011-06-26 04:20:00,1.41855,1.41855,1.41855,1.41855,0.0
2011-06-26 04:21:00,1.41855,1.41855,1.41855,1.41855,0.0
2011-06-26 04:22:00,1.41855,1.41855,1.41855,1.41855,0.0
2011-06-26 04:23:00,1.41855,1.41855,1.41855,1.41855,0.0
2011-06-26 04:24:00,1.41855,1.41855,1.41855,1.41855,0.0
2011-06-26 04:25:00,1.41855,1.41855,1.41855,1.41855,0.0
2011-06-26 04:26:00,1.41855,1.41855,1.41855,1.41855,0.0
2011-06-26 04:27:00,1.41855,1.41855,1.41855,1.41855,0.0
2011-06-26 04:28:00,1.41855,1.41855,1.41855,1.41855,0.0
2011-06-26 04:29:00,1.41855,1.41855,1.41855,1.41855,0.0
2011-06-26 04:30:00,1.41855,1.41855,1.41855,1.41855,0.0
2011-06-26 04:31:00,1.41855,1.41855,1.41855,1.41855,0.0
2011-06-26 04:32:00,1.41855,1.41855,1.41855,1.41855,0.0
2011-06-26 04:33:00,1.41855,1.41855,1.41855,1.41855,0.0
2011-06-26 04:34:00,1.41855,1.41855,1.41855,1.41855,0.0
2011-06-26 04:35:00,1.41855,1.41855,1.41855,1.41855,0.0
2011-06-26 04:36:00,1.41855,1.41855,1.41855,1.41855,0.0
2011-06-26 04:37:00,1.41855,1.41855,1.41855,1.41855,0.0
2011-06-26 04:38:00,1.41855,1.41855,1.41855,1.41855,0.0
2011-06-26 04:39:00,1.41855,1.41855,1.41855,1.41855,0.0
2011-06-26 04:40:00,1.41855,1.41855,1.41855,1.41855,0.0
2011-06-26 04:41:00,1.41855,1.41855,1.41855,1.41855,0.0
2011-06-26 04:42:00,1.41855,1.41855,1.41855,1.41855,0.0
2011-06-26 04:43:00,1.41855,1.41855,1.41855,1.41855,0.0
2011-06-26 04:44:00,1.41855,1.41855,1.41855,1.41855,0.0
2011-06-26 04:45:00,1.41855,1.41855,1.41855,1.41855,0.0
2011-06-26 04:46:00,1.41855,1.41855,1.41855,1.41855,0.0
2011-06-26 04:47:00,1.41855,1.41855,1.41855,1.41855,0.0
2011-06-26 04:48:00,1.41855,1.41855,1.41855,1.41855,0.0
2011-06-26 04:49:00,1.41855,1.41855,1.41855,1.41855,0.0
2011-06-26 04:50:00,1.41855,1.41855,1.41855,1.41855,0.0
2011-06-26 04:51:00,1.41855,1.41855,1.41855,1.41855,0.0
2011-06-26 04:52:00,1.41855,1.41855,1.41855,1.41855,0.0
2011-06-26 04:53:00,1.41855,1.41855,1.41855,1.41855,0.0
2011-06-26 04:54:00,1.41855,1.41855,1.41855,1.41855,0.0
2011-06-26 04:55:00,1.41855,1.41855,1.41855,1.41855,0.0
2011-06-26 04:56:00,1.41855,1.41855,1.41855,1.41855,0.0
2011-06-26 04:57:00,1.41855,1.41855,1.41855,1.41855,0.0
2011-06-26 04:58:00,1.41855,1.41855,1.41855,1.41855,0.0
2011-06-26 04:59:00,1.41855,1.41855,1.41855,1.41855,0.0
2011-06-26 05:00:00,1.41855,1.41855,1.41855,1.41855,0.0
2011-06-26 05:01:00,1.41855,1.41855,1.41855,1.41855,0.0
2011-06-26 05:02:00,1.41855,1.41855,1.41855,1.41855,0.0
2011-06-26 05:03:00,1.41855,1.41855,1.41855,1.41855,0.0
2011-06-26 05:04:00,1.41855,1.41855,1.41855,1.41855,0.0
2011-06-26 05:05:00,1.41855,1.41855,1.41855,1.41855,0.0
2011-06-26 05:06:00,1.41855,1.41855,1.41855,1.41855,0.0
2011-06-26 05:07:00,1.41855,1.41855,1.41855,1.41855,0.0
2011-06-26 05:08:00,1.41855,1.41855,1.41855,1.41855,0.0
2011-06-26 05:09:00,1.41855,1.41855,1.41855,1.41855,0.0
2011-06-26 05:10:00,1.41855,1.41855,1.41855,1.41855,0.0
2011-06-26 05:11:00,1.41855,1.41855,1.41855,1.41855,0.0
2011-06-26 05:12:00,1.41855,1.41855,1.41855,1.41855,0.0
2011-06-26 05:13:00,1.41855,1.41855,1.41855,1.41855,0.0
2011-06-26 05:14:00,1.41855,1.41855,1.41855,1.41855,0.0
2011-06-26 05:15:00,1.41855,1.41855,1.41855,1.41855,0.0
2011-06-26 05:16:00,1.41855,1.41855,1.41855,1.41855,0.0
2011-06-26 05:17:00,1.41855,1.41855,1.41855,1.41855,0.0
2011-06-26 05:18:00,1.41855,1.41855,1.41855,1.41855,0.0
2011-06-26 05:19:00,1.41855,1.41855,1.41855,1.41855,0.0
2011-06-26 05:20:00,1.41855,1.41855,1.41855,1.41855,0.0
2011-06-26 05:21:00,1.41855,1.41855,1.41855,1.41855,0.0
2011-06-26 05:22:00,1.41855,1.41855,1.41855,1.41855,0.0
2011-06-26 05:23:00,1.41855,1.41855,1.41855,1.41855,0.0
2011-06-26 05:24:00,1.41855,1.41855,1.41855,1.41855,0.0
2011-06-26 05:25:00,1.41855,1.41855,1.41855,1.41855,0.0
2011-06-26 05:26:00,1.41855,1.41855,1.41855,1.41855,0.0
2011-06-26 05:27:00,1.41855,1.41855,1.41855,1.41855,0.0
2011-06-26 05:28:00,1.41855,1.41855,1.41855,1.41855,0.0
2011-06-26 05:29:00,1.41855,1.41855,1.41855,1.41855,0.0
2011-06-26 05:30:00,1.41855,1.41855,1.41855,1.41855,0.0
2011-06-26 05:31:00,1.41855,1.41855,1.41855,1.41855,0.0
2011-06-26 05:32:00,1.41855,1.41855,1.41855,1.41855,0.0
2011-06-26 05:33:00,1.41855,1.41855,1.41855,1.41855,0.0
2011-06-26 05:34:00,1.41855,1.41855,1.41855,1.41855,0.0
2011-06-26 05:35:00,1.41855,1.41855,1.41855,1.41855,0.0
2011-06-26 05:36:00,1.41855,1.41855,1.41855,1.41855,0.0
2011-06-26 05:37:00,1.41855,1.41855,1.41855,1.41855,0.0
2011-06-26 05:38:00,1.41855,1.41855,1.41855,1.41855,0.0
2011-06-26 05:39:00,1.41855,1.41855,1.41855,1.41855,0.0
2011-06-26 05:40:00,1.41855,1.41855,1.41855,1.41855,0.0
2011-06-26 05:41:00,1.41855,1.41855,1.41855,1.41855,0.0
2011-06-26 05:42:00,1.41855,1.41855,1.41855,1.41855,0.0
2011-06-26 05:43:00,1.41855,1.41855,1.41855,1.41855,0.0
2011-06-26 05:44:00,1.41855,1.41855,1.41855,1.41855,0.0
2011-06-26 05:45:00,1.41855,1.41855,1.41855,1.41855,0.0
2011-06-26 05:46:00,1.41855,1.41855,1.41855,1.41855,0.0
2011-06-26 05:47:00,1.41855,1.41855,1.41855,1.41855,0.0
2011-06-26 05:48:00,1.41855,1.41855,1.41855,1.41855,0.0
2011-06-26 05:49:00,1.41855,1.41855,1.41855,1.41855,0.0
2011-06-26 05:50:00,1.41855,1.41855,1.41855,1.41855,0.0
2011-06-26 05:51:00,1.41855,1.41855,1.41855,1.41855,0.0
2011-06-26 05:52:00,1.41855,1.41855,1.41855,1.41855,0.0
2011-06-26 05:53:00,1.41855,1.41855,1.41855,1.41855,0.0
2011-06-26 05:54:00,1.41855,1.41855,1.41855,1.41855,0.0
2011-06-26 05:55:00,1.41855,1.41855,1.41855,1.41855,0.0
2011-06-26 05:56:00,1.41855,1.41855,1.41855,1.41855,0.0
2011-06-26 05:57:00,1.41855,1.41855,1.41855,1.41855,0.0
2011-06-26 05:58:00,1.41855,1.41855,1.41855,1.41855,0.0
2011-06-26 05:59:00,1.41855,1.41855,1.41855,1.41855,0.0
2011-06-26 06:00:00,1.41855,1.41855,1.41855,1.41855,0.0
2011-06-26 06:01:00,1.41855,1.41855,1.41855,1.41855,0.0
2011-06-26 06:02:00,1.41855,1.41855,1.41855,1.41855,0.0
2011-06-26 06:03:00,1.41855,1.41855,1.41855,1.41855,0.0
2011-06-26 06:04:00,1.41855,1.41855,1.41855,1.41855,0.0
2011-06-26 06:05:00,1.41855,1.41855,1.41855,1.41855,0.0
2011-06-26 06:06:00,1.41855,1.41855,1.41855,1.41855,0.0
2011-06-26 06:07:00,1.41855,1.41855,1.41855,1.41855,0.0
2011-06-26 06:08:00,1.41855,1.41855,1.41855,1.41855,0.0
2011-06-26 06:09:00,1.41855,1.41855,1.41855,1.41855,0.0
2011-06-26 06:10:00,1.41855,1.41855,1.41855,1.41855,0.0
2011-06-26 06:11:00,1.41855,1.41855,1.41855,1.41855,0.0
2011-06-26 06:12:00,1.41855,1.41855,1.41855,1.41855,0.0
2011-06-26 06:13:00,1.41855,1.41855,1.41855,1.41855,0.0
2011-06-26 06:14:00,1.41855,1.41855,1.41855,1.41855,0.0
2011-06-26 06:15:00,1.41855,1.41855,1.41855,1.41855,0.0
2011-06-26 06:16:00,1.41855,1.41855,1.41855,1.41855,0.0
2011-06-26 06:17:00,1.41855,1.41855,1.41855,1.41855,0.0
2011-06-26 06:18:00,1.41855,1.41855,1.41855,1.41855,0.0
2011-06-26 06:19:00,1.41855,1.41855,1.41855,1.41855,0.0
2011-06-26 06:20:00,1.41855,1.41855,1.41855,1.41855,0.0
2011-06-26 06:21:00,1.41855,1.41855,1.41855,1.41855,0.0
2011-06-26 06:22:00,1.41855,1.41855,1.41855,1.41855,0.0
2011-06-26 06:23:00,1.41855,1.41855,1.41855,1.41855,0.0
2011-06-26 06:24:00,1.41855,1.41855,1.41855,1.41855,0.0
2011-06-26 06:25:00,1.41855,1.41855,1.41855,1.41855,0.0
2011-06-26 06:26:00,1.41855,1.41855,1.41855,1.41855,0.0
2011-06-26 06:27:00,1.41855,1.41855,1.41855,1.41855,0.0
2011-06-26 06:28:00,1.41855,1.41855,1.41855,1.41855,0.0
2011-06-26 06:29:00,1.41855,1.41855,1.41855,1.41855,0.0
2011-06-26 06:30:00,1.41855,1.41855,1.41855,1.41855,0.0
2011-06-26 06:31:00,1.41855,1.41855,1.41855,1.41855,0.0
2011-06-26 06:32:00,1.41855,1.41855,1.41855,1.41855,0.0
2011-06-26 06:33:00,1.41855,1.41855,1.41855,1.41855,0.0
2011-06-26 06:34:00,1.41855,1.41855,1.41855,1.41855,0.0
2011-06-26 06:35:00,1.41855,1.41855,1.41855,1.41855,0.0
2011-06-26 06:36:00,1.41855,1.41855,1.41855,1.41855,0.0
2011-06-26 06:37:00,1.41855,1.41855,1.41855,1.41855,0.0
2011-06-26 06:38:00,1.41855,1.41855,1.41855,1.41855,0.0
2011-06-26 06:39:00,1.41855,1.41855,1.41855,1.41855,0.0
2011-06-26 06:40:00,1.41855,1.41855,1.41855,1.41855,0.0
2011-06-26 06:41:00,1.41855,1.41855,1.41855,1.41855,0.0
2011-06-26 06:42:00,1.41855,1.41855,1.41855,1.41855,0.0
2011-06-26 06:43:00,1.41855,1.41855,1.41855,1.41855,0.0
2011-06-26 06:44:00,1.41855,1.41855,1.41855,1.41855,0.0
2011-06-26 06:45:00,1.41855,1.41855,1.41855,1.41855,0.0
2011-06-26 06:46:00,1.41855,1.41855,1.41855,1.41855,0.0
2011-06-26 06:47:00,1.41855,1.41855,1.41855,1.41855,0.0
2011-06-26 06:48:00,1.41855,1.41855,1.41855,1.41855,0.0
2011-06-26 06:49:00,1.41855,1.41855,1.41855,1.41855,0.0
2011-06-26 06:50:00,1.41855,1.41855,1.41855,1.41855,0.0
2011-06-26 06:51:00,1.41855,1.41855,1.41855,1.41855,0.0
2011-06-26 06:52:00,1.41855,1.41855,1.41855,1.41855,0.0
2011-06-26 06:53:00,1.41855,1.41855,1.41855,1.41855,0.0
2011-06-26 06:54:00,1.41855,1.41855,1.41855,1.41855,0.0
2011-06-26 06:55:00,1.41855,1.41855,1.41855,1.41855,0.0
2011-06-26 06:56:00,1.41855,1.41855,1.41855,1.41855,0.0
2011-06-26 06:57:00,1.41855,1.41855,1.41855,1.41855,0.0
2011-06-26 06:58:00,1.41855,1.41855,1.41855,1.41855,0.0
2011-06-26 06:59:00,1.41855,1.41855,1.41855,1.41855,0.0
2011-06-26 07:00:00,1.41855,1.41855,1.41855,1.41855,0.0
2011-06-26 07:01:00,1.41855,1.41855,1.41855,1.41855,0.0
2011-06-26 07:02:00,1.41855,1.41855,1.41855,1.41855,0.0
2011-06-26 07:03:00,1.41855,1.41855,1.41855,1.41855,0.0
2011-06-26 07:04:00,1.41855,1.41855,1.41855,1.41855,0.0
2011-06-26 07:05:00,1.41855,1.41855,1.41855,1.41855,0.0
2011-06-26 07:06:00,1.41855,1.41855,1.41855,1.41855,0.0
2011-06-26 07:07:00,1.41855,1.41855,1.41855,1.41855,0.0
2011-06-26 07:08:00,1.41855,1.41855,1.41855,1.41855,0.0
2011-06-26 07:09:00,1.41855,1.41855,1.41855,1.41855,0.0
2011-06-26 07:10:00,1.41855,1.41855,1.41855,1.41855,0.0
2011-06-26 07:11:00,1.41855,1.41855,1.41855,1.41855,0.0
2011-06-26 07:12:00,1.41855,1.41855,1.41855,1.41855,0.0
2011-06-26 07:13:00,1.41855,1.41855,1.41855,1.41855,0.0
2011-06-26 07:14:00,1.41855,1.41855,1.41855,1.41855,0.0
2011-06-26 07:15:00,1.41855,1.41855,1.41855,1.41855,0.0
2011-06-26 07:16:00,1.41855,1.41855,1.41855,1.41855,0.0
2011-06-26 07:17:00,1.41855,1.41855,1.41855,1.41855,0.0
2011-06-26 07:18:00,1.41855,1.41855,1.41855,1.41855,0.0
2011-06-26 07:19:00,1.41855,1.41855,1.41855,1.41855,0.0
2011-06-26 07:20:00,1.41855,1.41855,1.41855,1.41855,0.0
2011-06-26 07:21:00,1.41855,1.41855,1.41855,1.41855,0.0
2011-06-26 07:22:00,1.41855,1.41855,1.41855,1.41855,0.0
2011-06-26 07:23:00,1.41855,1.41855,1.41855,1.41855,0.0
2011-06-26 07:24:00,1.41855,1.41855,1.41855,1.41855,0.0
2011-06-26 07:25:00,1.41855,1.41855,1.41855,1.41855,0.0
2011-06-26 07:26:00,1.41855,1.41855,1.41855,1.41855,0.0
2011-06-26 07:27:00,1.41855,1.41855,1.41855,1.41855,0.0
2011-06-26 07:28:00,1.41855,1.41855,1.41855,1.41855,0.0
2011-06-26 07:29:00,1.41855,1.41855,1.41855,1.41855,0.0
2011-06-26 07:30:00,1.41855,1.41855,1.41855,1.41855,0.0
2011-06-26 07:31:00,1.41855,1.41855,1.41855,1.41855,0.0
2011-06-26 07:32:00,1.41855,1.41855,1.41855,1.41855,0.0
2011-06-26 07:33:00,1.41855,1.41855,1.41855,1.41855,0.0
2011-06-26 07:34:00,1.41855,1.41855,1.41855,1.41855,0.0
2011-06-26 07:35:00,1.41855,1.41855,1.41855,1.41855,0.0
2011-06-26 07:36:00,1.41855,1.41855,1.41855,1.41855,0.0
2011-06-26 07:37:00,1.41855,1.41855,1.41855,1.41855,0.0
2011-06-26 07:38:00,1.41855,1.41855,1.41855,1.41855,0.0
2011-06-26 07:39:00,1.41855,1.41855,1.41855,1.41855,0.0
2011-06-26 07:40:00,1.41855,1.41855,1.41855,1.41855,0.0
2011-06-26 07:41:00,1.41855,1.41855,1.41855,1.41855,0.0
2011-06-26 07:42:00,1.41855,1.41855,1.41855,1.41855,0.0
2011-06-26 07:43:00,1.41855,1.41855,1.41855,1.41855,0.0
2011-06-26 07:44:00,1.41855,1.41855,1.41855,1.41855,0.0
2011-06-26 07:45:00,1.41855,1.41855,1.41855,1.41855,0.0
2011-06-26 07:46:00,1.41855,1.41855,1.41855,1.41855,0.0
2011-06-26 07:47:00,1.41855,1.41855,1.41855,1.41855,0.0
2011-06-26 07:48:00,1.41855,1.41855,1.41855,1.41855,0.0
2011-06-26 07:49:00,1.41855,1.41855,1.41855,1.41855,0.0
2011-06-26 07:50:00,1.41855,1.41855,1.41855,1.41855,0.0
2011-06-26 07:51:00,1.41855,1.41855,1.41855,1.41855,0.0
2011-06-26 07:52:00,1.41855,1.41855,1.41855,1.41855,0.0
2011-06-26 07:53:00,1.41855,1.41855,1.41855,1.41855,0.0
2011-06-26 07:54:00,1.41855,1.41855,1.41855,1.41855,0.0
2011-06-26 07:55:00,1.41855,1.41855,1.41855,1.41855,0.0
2011-06-26 07:56:00,1.41855,1.41855,1.41855,1.41855,0.0
2011-06-26 07:57:00,1.41855,1.41855,1.41855,1.41855,0.0
2011-06-26 07:58:00,1.41855,1.41855,1.41855,1.41855,0.0
2011-06-26 07:59:00,1.41855,1.41855,1.41855,1.41855,0.0
2011-06-26 08:00:00,1.41855,1.41855,1.41855,1.41855,0.0
2011-06-26 08:01:00,1.41855,1.41855,1.41855,1.41855,0.0
2011-06-26 08:02:00,1.41855,1.41855,1.41855,1.41855,0.0
2011-06-26 08:03:00,1.41855,1.41855,1.41855,1.41855,0.0
2011-06-26 08:04:00,1.41855,1.41855,1.41855,1.41855,0.0
2011-06-26 08:05:00,1.41855,1.41855,1.41855,1.41855,0.0
2011-06-26 08:06:00,1.41855,1.41855,1.41855,1.41855,0.0
2011-06-26 08:07:00,1.41855,1.41855,1.41855,1.41855,0.0
2011-06-26 08:08:00,1.41855,1.41855,1.41855,1.41855,0.0
2011-06-26 08:09:00,1.41855,1.41855,1.41855,1.41855,0.0
2011-06-26 08:10:00,1.41855,1.41855,1.41855,1.41855,0.0
2011-06-26 08:11:00,1.41855,1.41855,1.41855,1.41855,0.0
2011-06-26 08:12:00,1.41855,1.41855,1.41855,1.41855,0.0
2011-06-26 08:13:00,1.41855,1.41855,1.41855,1.41855,0.0
2011-06-26 08:14:00,1.41855,1.41855,1.41855,1.41855,0.0
2011-06-26 08:15:00,1.41855,1.41855,1.41855,1.41855,0.0
2011-06-26 08:16:00,1.41855,1.41855,1.41855,1.41855,0.0
2011-06-26 08:17:00,1.41855,1.41855,1.41855,1.41855,0.0
2011-06-26 08:18:00,1.41855,1.41855,1.41855,1.41855,0.0
2011-06-26 08:19:00,1.41855,1.41855,1.41855,1.41855,0.0
2011-06-26 08:20:00,1.41855,1.41855,1.41855,1.41855,0.0
2011-06-26 08:21:00,1.41855,1.41855,1.41855,1.41855,0.0
2011-06-26 08:22:00,1.41855,1.41855,1.41855,1.41855,0.0
2011-06-26 08:23:00,1.41855,1.41855,1.41855,1.41855,0.0
2011-06-26 08:24:00,1.41855,1.41855,1.41855,1.41855,0.0
2011-06-26 08:25:00,1.41855,1.41855,1.41855,1.41855,0.0
2011-06-26 08:26:00,1.41855,1.41855,1.41855,1.41855,0.0
2011-06-26 08:27:00,1.41855,1.41855,1.41855,1.41855,0.0
2011-06-26 08:28:00,1.41855,1.41855,1.41855,1.41855,0.0
2011-06-26 08:29:00,1.41855,1.41855,1.41855,1.41855,0.0
2011-06-26 08:30:00,1.41855,1.41855,1.41855,1.41855,0.0
2011-06-26 08:31:00,1.41855,1.41855,1.41855,1.41855,0.0
2011-06-26 08:32:00,1.41855,1.41855,1.41855,1.41855,0.0
2011-06-26 08:33:00,1.41855,1.41855,1.41855,1.41855,0.0
2011-06-26 08:34:00,1.41855,1.41855,1.41855,1.41855,0.0
2011-06-26 08:35:00,1.41855,1.41855,1.41855,1.41855,0.0
2011-06-26 08:36:00,1.41855,1.41855,1.41855,1.41855,0.0
2011-06-26 08:37:00,1.41855,1.41855,1.41855,1.41855,0.0
2011-06-26 08:38:00,1.41855,1.41855,1.41855,1.41855,0.0
2011-06-26 08:39:00,1.41855,1.41855,1.41855,1.41855,0.0
2011-06-26 08:40:00,1.41855,1.41855,1.41855,1.41855,0.0
2011-06-26 08:41:00,1.41855,1.41855,1.41855,1.41855,0.0
2011-06-26 08:42:00,1.41855,1.41855,1.41855,1.41855,0.0
2011-06-26 08:43:00,1.41855,1.41855,1.41855,1.41855,0.0
2011-06-26 08:44:00,1.41855,1.41855,1.41855,1.41855,0.0
2011-06-26 08:45:00,1.41855,1.41855,1.41855,1.41855,0.0
2011-06-26 08:46:00,1.41855,1.41855,1.41855,1.41855,0.0
2011-06-26 08:47:00,1.41855,1.41855,1.41855,1.41855,0.0
2011-06-26 08:48:00,1.41855,1.41855,1.41855,1.41855,0.0
2011-06-26 08:49:00,1.41855,1.41855,1.41855,1.41855,0.0
2011-06-26 08:50:00,1.41855,1.41855,1.41855,1.41855,0.0
2011-06-26 08:51:00,1.41855,1.41855,1.41855,1.41855,0.0
2011-06-26 08:52:00,1.41855,1.41855,1.41855,1.41855,0.0
2011-06-26 08:53:00,1.41855,1.41855,1.41855,1.41855,0.0
2011-06-26 08:54:00,1.41855,1.41855,1.41855,1.41855,0.0
2011-06-26 08:55:00,1.41855,1.41855,1.41855,1.41855,0.0
2011-06-26 08:56:00,1.41855,1.41855,1.41855,1.41855,0.0
2011-06-26 08:57:00,1.41855,1.41855,1.41855,1.41855,0.0
2011-06-26 08:58:00,1.41855,1.41855,1.41855,1.41855,0.0
2011-06-26 08:59:00,1.41855,1.41855,1.41855,1.41855,0.0
2011-06-26 09:00:00,1.41855,1.41855,1.41855,1.41855,0.0
2011-06-26 09:01:00,1.41855,1.41855,1.41855,1.41855,0.0
2011-06-26 09:02:00,1.41855,1.41855,1.41855,1.41855,0.0
2011-06-26 09:03:00,1.41855,1.41855,1.41855,1.41855,0.0
2011-06-26 09:04:00,1.41855,1.41855,1.41855,1.41855,0.0
2011-06-26 09:05:00,1.41855,1.41855,1.41855,1.41855,0.0
2011-06-26 09:06:00,1.41855,1.41855,1.41855,1.41855,0.0
2011-06-26 09:07:00,1.41855,1.41855,1.41855,1.41855,0.0
2011-06-26 09:08:00,1.41855,1.41855,1.41855,1.41855,0.0
2011-06-26 09:09:00,1.41855,1.41855,1.41855,1.41855,0.0
2011-06-26 09:10:00,1.41855,1.41855,1.41855,1.41855,0.0
2011-06-26 09:11:00,1.41855,1.41855,1.41855,1.41855,0.0
2011-06-26 09:12:00,1.41855,1.41855,1.41855,1.41855,0.0
2011-06-26 09:13:00,1.41855,1.41855,1.41855,1.41855,0.0
2011-06-26 09:14:00,1.41855,1.41855,1.41855,1.41855,0.0
2011-06-26 09:15:00,1.41855,1.41855,1.41855,1.41855,0.0
2011-06-26 09:16:00,1.41855,1.41855,1.41855,1.41855,0.0
2011-06-26 09:17:00,1.41855,1.41855,1.41855,1.41855,0.0
2011-06-26 09:18:00,1.41855,1.41855,1.41855,1.41855,0.0
2011-06-26 09:19:00,1.41855,1.41855,1.41855,1.41855,0.0
2011-06-26 09:20:00,1.41855,1.41855,1.41855,1.41855,0.0
2011-06-26 09:21:00,1.41855,1.41855,1.41855,1.41855,0.0
2011-06-26 09:22:00,1.41855,1.41855,1.41855,1.41855,0.0
2011-06-26 09:23:00,1.41855,1.41855,1.41855,1.41855,0.0
2011-06-26 09:24:00,1.41855,1.41855,1.41855,1.41855,0.0
2011-06-26 09:25:00,1.41855,1.41855,1.41855,1.41855,0.0
2011-06-26 09:26:00,1.41855,1.41855,1.41855,1.41855,0.0
2011-06-26 09:27:00,1.41855,1.41855,1.41855,1.41855,0.0
2011-06-26 09:28:00,1.41855,1.41855,1.41855,1.41855,0.0
2011-06-26 09:29:00,1.41855,1.41855,1.41855,1.41855,0.0
2011-06-26 09:30:00,1.41855,1.41855,1.41855,1.41855,0.0
2011-06-26 09:31:00,1.41855,1.41855,1.41855,1.41855,0.0
2011-06-26 09:32:00,1.41855,1.41855,1.41855,1.41855,0.0
2011-06-26 09:33:00,1.41855,1.41855,1.41855,1.41855,0.0
2011-06-26 09:34:00,1.41855,1.41855,1.41855,1.41855,0.0
2011-06-26 09:35:00,1.41855,1.41855,1.41855,1.41855,0.0
2011-06-26 09:36:00,1.41855,1.41855,1.41855,1.41855,0.0
2011-06-26 09:37:00,1.41855,1.41855,1.41855,1.41855,0.0
2011-06-26 09:38:00,1.41855,1.41855,1.41855,1.41855,0.0
2011-06-26 09:39:00,1.41855,1.41855,1.41855,1.41855,0.0
2011-06-26 09:40:00,1.41855,1.41855,1.41855,1.41855,0.0
2011-06-26 09:41:00,1.41855,1.41855,1.41855,1.41855,0.0
2011-06-26 09:42:00,1.41855,1.41855,1.41855,1.41855,0.0
2011-06-26 09:43:00,1.41855,1.41855,1.41855,1.41855,0.0
2011-06-26 09:44:00,1.41855,1.41855,1.41855,1.41855,0.0
2011-06-26 09:45:00,1.41855,1.41855,1.41855,1.41855,0.0
2011-06-26 09:46:00,1.41855,1.41855,1.41855,1.41855,0.0
2011-06-26 09:47:00,1.41855,1.41855,1.41855,1.41855,0.0
2011-06-26 09:48:00,1.41855,1.41855,1.41855,1.41855,0.0
2011-06-26 09:49:00,1.41855,1.41855,1.41855,1.41855,0.0
2011-06-26 09:50:00,1.41855,1.41855,1.41855,1.41855,0.0
2011-06-26 09:51:00,1.41855,1.41855,1.41855,1.41855,0.0
2011-06-26 09:52:00,1.41855,1.41855,1.41855,1.41855,0.0
2011-06-26 09:53:00,1.41855,1.41855,1.41855,1.41855,0.0
2011-06-26 09:54:00,1.41855,1.41855,1.41855,1.41855,0.0
2011-06-26 09:55:00,1.41855,1.41855,1.41855,1.41855,0.0
2011-06-26 09:56:00,1.41855,1.41855,1.41855,1.41855,0.0
2011-06-26 09:57:00,1.41855,1.41855,1.41855,1.41855,0.0
2011-06-26 09:58:00,1.41855,1.41855,1.41855,1.41855,0.0
2011-06-26 09:59:00,1.41855,1.41855,1.41855,1.41855,0.0
2011-06-26 10:00:00,1.41855,1.41855,1.41855,1.41855,0.0
2011-06-26 10:01:00,1.41855,1.41855,1.41855,1.41855,0.0
2011-06-26 10:02:00,1.41855,1.41855,1.41855,1.41855,0.0
2011-06-26 10:03:00,1.41855,1.41855,1.41855,1.41855,0.0
2011-06-26 10:04:00,1.41855,1.41855,1.41855,1.41855,0.0
2011-06-26 10:05:00,1.41855,1.41855,1.41855,1.41855,0.0
2011-06-26 10:06:00,1.41855,1.41855,1.41855,1.41855,0.0
2011-06-26 10:07:00,1.41855,1.41855,1.41855,1.41855,0.0
2011-06-26 10:08:00,1.41855,1.41855,1.41855,1.41855,0.0
2011-06-26 10:09:00,1.41855,1.41855,1.41855,1.41855,0.0
2011-06-26 10:10:00,1.41855,1.41855,1.41855,1.41855,0.0
2011-06-26 10:11:00,1.41855,1.41855,1.41855,1.41855,0.0
2011-06-26 10:12:00,1.41855,1.41855,1.41855,1.41855,0.0
2011-06-26 10:13:00,1.41855,1.41855,1.41855,1.41855,0.0
2011-06-26 10:14:00,1.41855,1.41855,1.41855,1.41855,0.0
2011-06-26 10:15:00,1.41855,1.41855,1.41855,1.41855,0.0
2011-06-26 10:16:00,1.41855,1.41855,1.41855,1.41855,0.0
2011-06-26 10:17:00,1.41855,1.41855,1.41855,1.41855,0.0
2011-06-26 10:18:00,1.41855,1.41855,1.41855,1.41855,0.0
2011-06-26 10:19:00,1.41855,1.41855,1.41855,1.41855,0.0
2011-06-26 10:20:00,1.41855,1.41855,1.41855,1.41855,0.0
2011-06-26 10:21:00,1.41855,1.41855,1.41855,1.41855,0.0
2011-06-26 10:22:00,1.41855,1.41855,1.41855,1.41855,0.0
2011-06-26 10:23:00,1.41855,1.41855,1.41855,1.41855,0.0
2011-06-26 10:24:00,1.41855,1.41855,1.41855,1.41855,0.0
2011-06-26 10:25:00,1.41855,1.41855,1.41855,1.41855,0.0
2011-06-26 10:26:00,1.41855,1.41855,1.41855,1.41855,0.0
2011-06-26 10:27:00,1.41855,1.41855,1.41855,1.41855,0.0
2011-06-26 10:28:00,1.41855,1.41855,1.41855,1.41855,0.0
2011-06-26 10:29:00,1.41855,1.41855,1.41855,1.41855,0.0
2011-06-26 10:30:00,1.41855,1.41855,1.41855,1.41855,0.0
2011-06-26 10:31:00,1.41855,1.41855,1.41855,1.41855,0.0
2011-06-26 10:32:00,1.41855,1.41855,1.41855,1.41855,0.0
2011-06-26 10:33:00,1.41855,1.41855,1.41855,1.41855,0.0
2011-06-26 10:34:00,1.41855,1.41855,1.41855,1.41855,0.0
2011-06-26 10:35:00,1.41855,1.41855,1.41855,1.41855,0.0
2011-06-26 10:36:00,1.41855,1.41855,1.41855,1.41855,0.0
2011-06-26 10:37:00,1.41855,1.41855,1.41855,1.41855,0.0
2011-06-26 10:38:00,1.41855,1.41855,1.41855,1.41855,0.0
2011-06-26 10:39:00,1.41855,1.41855,1.41855,1.41855,0.0
2011-06-26 10:40:00,1.41855,1.41855,1.41855,1.41855,0.0
2011-06-26 10:41:00,1.41855,1.41855,1.41855,1.41855,0.0
2011-06-26 10:42:00,1.41855,1.41855,1.41855,1.41855,0.0
2011-06-26 10:43:00,1.41855,1.41855,1.41855,1.41855,0.0
2011-06-26 10:44:00,1.41855,1.41855,1.41855,1.41855,0.0
2011-06-26 10:45:00,1.41855,1.41855,1.41855,1.41855,0.0
2011-06-26 10:46:00,1.41855,1.41855,1.41855,1.41855,0.0
2011-06-26 10:47:00,1.41855,1.41855,1.41855,1.41855,0.0
2011-06-26 10:48:00,1.41855,1.41855,1.41855,1.41855,0.0
2011-06-26 10:49:00,1.41855,1.41855,1.41855,1.41855,0.0
2011-06-26 10:50:00,1.41855,1.41855,1.41855,1.41855,0.0
2011-06-26 10:51:00,1.41855,1.41855,1.41855,1.41855,0.0
2011-06-26 10:52:00,1.41855,1.41855,1.41855,1.41855,0.0
2011-06-26 10:53:00,1.41855,1.41855,1.41855,1.41855,0.0
2011-06-26 10:54:00,1.41855,1.41855,1.41855,1.41855,0.0
2011-06-26 10:55:00,1.41855,1.41855,1.41855,1.41855,0.0
2011-06-26 10:56:00,1.41855,1.41855,1.41855,1.41855,0.0
2011-06-26 10:57:00,1.41855,1.41855,1.41855,1.41855,0.0
2011-06-26 10:58:00,1.41855,1.41855,1.41855,1.41855,0.0
2011-06-26 10:59:00,1.41855,1.41855,1.41855,1.41855,0.0
2011-06-26 11:00:00,1.41855,1.41855,1.41855,1.41855,0.0
2011-06-26 11:01:00,1.41855,1.41855,1.41855,1.41855,0.0
2011-06-26 11:02:00,1.41855,1.41855,1.41855,1.41855,0.0
2011-06-26 11:03:00,1.41855,1.41855,1.41855,1.41855,0.0
2011-06-26 11:04:00,1.41855,1.41855,1.41855,1.41855,0.0
2011-06-26 11:05:00,1.41855,1.41855,1.41855,1.41855,0.0
2011-06-26 11:06:00,1.41855,1.41855,1.41855,1.41855,0.0
2011-06-26 11:07:00,1.41855,1.41855,1.41855,1.41855,0.0
2011-06-26 11:08:00,1.41855,1.41855,1.41855,1.41855,0.0
2011-06-26 11:09:00,1.41855,1.41855,1.41855,1.41855,0.0
2011-06-26 11:10:00,1.41855,1.41855,1.41855,1.41855,0.0
2011-06-26 11:11:00,1.41855,1.41855,1.41855,1.41855,0.0
2011-06-26 11:12:00,1.41855,1.41855,1.41855,1.41855,0.0
2011-06-26 11:13:00,1.41855,1.41855,1.41855,1.41855,0.0
2011-06-26 11:14:00,1.41855,1.41855,1.41855,1.41855,0.0
2011-06-26 11:15:00,1.41855,1.41855,1.41855,1.41855,0.0
2011-06-26 11:16:00,1.41855,1.41855,1.41855,1.41855,0.0
2011-06-26 11:17:00,1.41855,1.41855,1.41855,1.41855,0.0
2011-06-26 11:18:00,1.41855,1.41855,1.41855,1.41855,0.0
2011-06-26 11:19:00,1.41855,1.41855,1.41855,1.41855,0.0
2011-06-26 11:20:00,1.41855,1.41855,1.41855,1.41855,0.0
2011-06-26 11:21:00,1.41855,1.41855,1.41855,1.41855,0.0
2011-06-26 11:22:00,1.41855,1.41855,1.41855,1.41855,0.0
2011-06-26 11:23:00,1.41855,1.41855,1.41855,1.41855,0.0
2011-06-26 11:24:00,1.41855,1.41855,1.41855,1.41855,0.0
2011-06-26 11:25:00,1.41855,1.41855,1.41855,1.41855,0.0
2011-06-26 11:26:00,1.41855,1.41855,1.41855,1.41855,0.0
2011-06-26 11:27:00,1.41855,1.41855,1.41855,1.41855,0.0
2011-06-26 11:28:00,1.41855,1.41855,1.41855,1.41855,0.0
2011-06-26 11:29:00,1.41855,1.41855,1.41855,1.41855,0.0
2011-06-26 11:30:00,1.41855,1.41855,1.41855,1.41855,0.0
2011-06-26 11:31:00,1.41855,1.41855,1.41855,1.41855,0.0
2011-06-26 11:32:00,1.41855,1.41855,1.41855,1.41855,0.0
2011-06-26 11:33:00,1.41855,1.41855,1.41855,1.41855,0.0
2011-06-26 11:34:00,1.41855,1.41855,1.41855,1.41855,0.0
2011-06-26 11:35:00,1.41855,1.41855,1.41855,1.41855,0.0
2011-06-26 11:36:00,1.41855,1.41855,1.41855,1.41855,0.0
2011-06-26 11:37:00,1.41855,1.41855,1.41855,1.41855,0.0
2011-06-26 11:38:00,1.41855,1.41855,1.41855,1.41855,0.0
2011-06-26 11:39:00,1.41855,1.41855,1.41855,1.41855,0.0
2011-06-26 11:40:00,1.41855,1.41855,1.41855,1.41855,0.0
2011-06-26 11:41:00,1.41855,1.41855,1.41855,1.41855,0.0
2011-06-26 11:42:00,1.41855,1.41855,1.41855,1.41855,0.0
2011-06-26 11:43:00,1.41855,1.41855,1.41855,1.41855,0.0
2011-06-26 11:44:00,1.41855,1.41855,1.41855,1.41855,0.0
2011-06-26 11:45:00,1.41855,1.41855,1.41855,1.41855,0.0
2011-06-26 11:46:00,1.41855,1.41855,1.41855,1.41855,0.0
2011-06-26 11:47:00,1.41855,1.41855,1.41855,1.41855,0.0
2011-06-26 11:48:00,1.41855,1.41855,1.41855,1.41855,0.0
2011-06-26 11:49:00,1.41855,1.41855,1.41855,1.41855,0.0
2011-06-26 11:50:00,1.41855,1.41855,1.41855,1.41855,0.0
2011-06-26 11:51:00,1.41855,1.41855,1.41855,1.41855,0.0
2011-06-26 11:52:00,1.41855,1.41855,1.41855,1.41855,0.0
2011-06-26 11:53:00,1.41855,1.41855,1.41855,1.41855,0.0
2011-06-26 11:54:00,1.41855,1.41855,1.41855,1.41855,0.0
2011-06-26 11:55:00,1.41855,1.41855,1.41855,1.41855,0.0
2011-06-26 11:56:00,1.41855,1.41855,1.41855,1.41855,0.0
2011-06-26 11:57:00,1.41855,1.41855,1.41855,1.41855,0.0
2011-06-26 11:58:00,1.41855,1.41855,1.41855,1.41855,0.0
2011-06-26 11:59:00,1.41855,1.41855,1.41855,1.41855,0.0
2011-06-26 12:00:00,1.41855,1.41855,1.41855,1.41855,0.0
2011-06-26 12:01:00,1.41855,1.41855,1.41855,1.41855,0.0
2011-06-26 12:02:00,1.41855,1.41855,1.41855,1.41855,0.0
2011-06-26 12:03:00,1.41855,1.41855,1.41855,1.41855,0.0
2011-06-26 12:04:00,1.41855,1.41855,1.41855,1.41855,0.0
2011-06-26 12:05:00,1.41855,1.41855,1.41855,1.41855,0.0
2011-06-26 12:06:00,1.41855,1.41855,1.41855,1.41855,0.0
2011-06-26 12:07:00,1.41855,1.41855,1.41855,1.41855,0.0
2011-06-26 12:08:00,1.41855,1.41855,1.41855,1.41855,0.0
2011-06-26 12:09:00,1.41855,1.41855,1.41855,1.41855,0.0
2011-06-26 12:10:00,1.41855,1.41855,1.41855,1.41855,0.0
2011-06-26 12:11:00,1.41855,1.41855,1.41855,1.41855,0.0
2011-06-26 12:12:00,1.41855,1.41855,1.41855,1.41855,0.0
2011-06-26 12:13:00,1.41855,1.41855,1.41855,1.41855,0.0
2011-06-26 12:14:00,1.41855,1.41855,1.41855,1.41855,0.0
2011-06-26 12:15:00,1.41855,1.41855,1.41855,1.41855,0.0
2011-06-26 12:16:00,1.41855,1.41855,1.41855,1.41855,0.0
2011-06-26 12:17:00,1.41855,1.41855,1.41855,1.41855,0.0
2011-06-26 12:18:00,1.41855,1.41855,1.41855,1.41855,0.0
2011-06-26 12:19:00,1.41855,1.41855,1.41855,1.41855,0.0
2011-06-26 12:20:00,1.41855,1.41855,1.41855,1.41855,0.0
2011-06-26 12:21:00,1.41855,1.41855,1.41855,1.41855,0.0
2011-06-26 12:22:00,1.41855,1.41855,1.41855,1.41855,0.0
2011-06-26 12:23:00,1.41855,1.41855,1.41855,1.41855,0.0
2011-06-26 12:24:00,1.41855,1.41855,1.41855,1.41855,0.0
2011-06-26 12:25:00,1.41855,1.41855,1.41855,1.41855,0.0
2011-06-26 12:26:00,1.41855,1.41855,1.41855,1.41855,0.0
2011-06-26 12:27:00,1.41855,1.41855,1.41855,1.41855,0.0
2011-06-26 12:28:00,1.41855,1.41855,1.41855,1.41855,0.0
2011-06-26 12:29:00,1.41855,1.41855,1.41855,1.41855,0.0
2011-06-26 12:30:00,1.41855,1.41855,1.41855,1.41855,0.0
2011-06-26 12:31:00,1.41855,1.41855,1.41855,1.41855,0.0
2011-06-26 12:32:00,1.41855,1.41855,1.41855,1.41855,0.0
2011-06-26 12:33:00,1.41855,1.41855,1.41855,1.41855,0.0
2011-06-26 12:34:00,1.41855,1.41855,1.41855,1.41855,0.0
2011-06-26 12:35:00,1.41855,1.41855,1.41855,1.41855,0.0
2011-06-26 12:36:00,1.41855,1.41855,1.41855,1.41855,0.0
2011-06-26 12:37:00,1.41855,1.41855,1.41855,1.41855,0.0
2011-06-26 12:38:00,1.41855,1.41855,1.41855,1.41855,0.0
2011-06-26 12:39:00,1.41855,1.41855,1.41855,1.41855,0.0
2011-06-26 12:40:00,1.41855,1.41855,1.41855,1.41855,0.0
2011-06-26 12:41:00,1.41855,1.41855,1.41855,1.41855,0.0
2011-06-26 12:42:00,1.41855,1.41855,1.41855,1.41855,0.0
2011-06-26 12:43:00,1.41855,1.41855,1.41855,1.41855,0.0
2011-06-26 12:44:00,1.41855,1.41855,1.41855,1.41855,0.0
2011-06-26 12:45:00,1.41855,1.41855,1.41855,1.41855,0.0
2011-06-26 12:46:00,1.41855,1.41855,1.41855,1.41855,0.0
2011-06-26 12:47:00,1.41855,1.41855,1.41855,1.41855,0.0
2011-06-26 12:48:00,1.41855,1.41855,1.41855,1.41855,0.0
2011-06-26 12:49:00,1.41855,1.41855,1.41855,1.41855,0.0
2011-06-26 12:50:00,1.41855,1.41855,1.41855,1.41855,0.0
2011-06-26 12:51:00,1.41855,1.41855,1.41855,1.41855,0.0
2011-06-26 12:52:00,1.41855,1.41855,1.41855,1.41855,0.0
2011-06-26 12:53:00,1.41855,1.41855,1.41855,1.41855,0.0
2011-06-26 12:54:00,1.41855,1.41855,1.41855,1.41855,0.0
2011-06-26 12:55:00,1.41855,1.41855,1.41855,1.41855,0.0
2011-06-26 12:56:00,1.41855,1.41855,1.41855,1.41855,0.0
2011-06-26 12:57:00,1.41855,1.41855,1.41855,1.41855,0.0
2011-06-26 12:58:00,1.41855,1.41855,1.41855,1.41855,0.0
2011-06-26 12:59:00,1.41855,1.41855,1.41855,1.41855,0.0
2011-06-26 13:00:00,1.41855,1.41855,1.41855,1.41855,0.0
2011-06-26 13:01:00,1.41855,1.41855,1.41855,1.41855,0.0
2011-06-26 13:02:00,1.41855,1.41855,1.41855,1.41855,0.0
2011-06-26 13:03:00,1.41855,1.41855,1.41855,1.41855,0.0
2011-06-26 13:04:00,1.41855,1.41855,1.41855,1.41855,0.0
2011-06-26 13:05:00,1.41855,1.41855,1.41855,1.41855,0.0
2011-06-26 13:06:00,1.41855,1.41855,1.41855,1.41855,0.0
2011-06-26 13:07:00,1.41855,1.41855,1.41855,1.41855,0.0
2011-06-26 13:08:00,1.41855,1.41855,1.41855,1.41855,0.0
2011-06-26 13:09:00,1.41855,1.41855,1.41855,1.41855,0.0
2011-06-26 13:10:00,1.41855,1.41855,1.41855,1.41855,0.0
2011-06-26 13:11:00,1.41855,1.41855,1.41855,1.41855,0.0
2011-06-26 13:12:00,1.41855,1.41855,1.41855,1.41855,0.0
2011-06-26 13:13:00,1.41855,1.41855,1.41855,1.41855,0.0
2011-06-26 13:14:00,1.41855,1.41855,1.41855,1.41855,0.0
2011-06-26 13:15:00,1.41855,1.41855,1.41855,1.41855,0.0
2011-06-26 13:16:00,1.41855,1.41855,1.41855,1.41855,0.0
2011-06-26 13:17:00,1.41855,1.41855,1.41855,1.41855,0.0
2011-06-26 13:18:00,1.41855,1.41855,1.41855,1.41855,0.0
2011-06-26 13:19:00,1.41855,1.41855,1.41855,1.41855,0.0
2011-06-26 13:20:00,1.41855,1.41855,1.41855,1.41855,0.0
2011-06-26 13:21:00,1.41855,1.41855,1.41855,1.41855,0.0
2011-06-26 13:22:00,1.41855,1.41855,1.41855,1.41855,0.0
2011-06-26 13:23:00,1.41855,1.41855,1.41855,1.41855,0.0
2011-06-26 13:24:00,1.41855,1.41855,1.41855,1.41855,0.0
2011-06-26 13:25:00,1.41855,1.41855,1.41855,1.41855,0.0
2011-06-26 13:26:00,1.41855,1.41855,1.41855,1.41855,0.0
2011-06-26 13:27:00,1.41855,1.41855,1.41855,1.41855,0.0
2011-06-26 13:28:00,1.41855,1.41855,1.41855,1.41855,0.0
2011-06-26 13:29:00,1.41855,1.41855,1.41855,1.41855,0.0
2011-06-26 13:30:00,1.41855,1.41855,1.41855,1.41855,0.0
2011-06-26 13:31:00,1.41855,1.41855,1.41855,1.41855,0.0
2011-06-26 13:32:00,1.41855,1.41855,1.41855,1.41855,0.0
2011-06-26 13:33:00,1.41855,1.41855,1.41855,1.41855,0.0
2011-06-26 13:34:00,1.41855,1.41855,1.41855,1.41855,0.0
2011-06-26 13:35:00,1.41855,1.41855,1.41855,1.41855,0.0
2011-06-26 13:36:00,1.41855,1.41855,1.41855,1.41855,0.0
2011-06-26 13:37:00,1.41855,1.41855,1.41855,1.41855,0.0
2011-06-26 13:38:00,1.41855,1.41855,1.41855,1.41855,0.0
2011-06-26 13:39:00,1.41855,1.41855,1.41855,1.41855,0.0
2011-06-26 13:40:00,1.41855,1.41855,1.41855,1.41855,0.0
2011-06-26 13:41:00,1.41855,1.41855,1.41855,1.41855,0.0
2011-06-26 13:42:00,1.41855,1.41855,1.41855,1.41855,0.0
2011-06-26 13:43:00,1.41855,1.41855,1.41855,1.41855,0.0
2011-06-26 13:44:00,1.41855,1.41855,1.41855,1.41855,0.0
2011-06-26 13:45:00,1.41855,1.41855,1.41855,1.41855,0.0
2011-06-26 13:46:00,1.41855,1.41855,1.41855,1.41855,0.0
2011-06-26 13:47:00,1.41855,1.41855,1.41855,1.41855,0.0
2011-06-26 13:48:00,1.41855,1.41855,1.41855,1.41855,0.0
2011-06-26 13:49:00,1.41855,1.41855,1.41855,1.41855,0.0
2011-06-26 13:50:00,1.41855,1.41855,1.41855,1.41855,0.0
2011-06-26 13:51:00,1.41855,1.41855,1.41855,1.41855,0.0
2011-06-26 13:52:00,1.41855,1.41855,1.41855,1.41855,0.0
2011-06-26 13:53:00,1.41855,1.41855,1.41855,1.41855,0.0
2011-06-26 13:54:00,1.41855,1.41855,1.41855,1.41855,0.0
2011-06-26 13:55:00,1.41855,1.41855,1.41855,1.41855,0.0
2011-06-26 13:56:00,1.41855,1.41855,1.41855,1.41855,0.0
2011-06-26 13:57:00,1.41855,1.41855,1.41855,1.41855,0.0
2011-06-26 13:58:00,1.41855,1.41855,1.41855,1.41855,0.0
2011-06-26 13:59:00,1.41855,1.41855,1.41855,1.41855,0.0
2011-06-26 14:00:00,1.41855,1.41855,1.41855,1.41855,0.0
2011-06-26 14:01:00,1.41855,1.41855,1.41855,1.41855,0.0
2011-06-26 14:02:00,1.41855,1.41855,1.41855,1.41855,0.0
2011-06-26 14:03:00,1.41855,1.41855,1.41855,1.41855,0.0
2011-06-26 14:04:00,1.41855,1.41855,1.41855,1.41855,0.0
2011-06-26 14:05:00,1.41855,1.41855,1.41855,1.41855,0.0
2011-06-26 14:06:00,1.41855,1.41855,1.41855,1.41855,0.0
2011-06-26 14:07:00,1.41855,1.41855,1.41855,1.41855,0.0
2011-06-26 14:08:00,1.41855,1.41855,1.41855,1.41855,0.0
2011-06-26 14:09:00,1.41855,1.41855,1.41855,1.41855,0.0
2011-06-26 14:10:00,1.41855,1.41855,1.41855,1.41855,0.0
2011-06-26 14:11:00,1.41855,1.41855,1.41855,1.41855,0.0
2011-06-26 14:12:00,1.41855,1.41855,1.41855,1.41855,0.0
2011-06-26 14:13:00,1.41855,1.41855,1.41855,1.41855,0.0
2011-06-26 14:14:00,1.41855,1.41855,1.41855,1.41855,0.0
2011-06-26 14:15:00,1.41855,1.41855,1.41855,1.41855,0.0
2011-06-26 14:16:00,1.41855,1.41855,1.41855,1.41855,0.0
2011-06-26 14:17:00,1.41855,1.41855,1.41855,1.41855,0.0
2011-06-26 14:18:00,1.41855,1.41855,1.41855,1.41855,0.0
2011-06-26 14:19:00,1.41855,1.41855,1.41855,1.41855,0.0
2011-06-26 14:20:00,1.41855,1.41855,1.41855,1.41855,0.0
2011-06-26 14:21:00,1.41855,1.41855,1.41855,1.41855,0.0
2011-06-26 14:22:00,1.41855,1.41855,1.41855,1.41855,0.0
2011-06-26 14:23:00,1.41855,1.41855,1.41855,1.41855,0.0
2011-06-26 14:24:00,1.41855,1.41855,1.41855,1.41855,0.0
2011-06-26 14:25:00,1.41855,1.41855,1.41855,1.41855,0.0
2011-06-26 14:26:00,1.41855,1.41855,1.41855,1.41855,0.0
2011-06-26 14:27:00,1.41855,1.41855,1.41855,1.41855,0.0
2011-06-26 14:28:00,1.41855,1.41855,1.41855,1.41855,0.0
2011-06-26 14:29:00,1.41855,1.41855,1.41855,1.41855,0.0
2011-06-26 14:30:00,1.41855,1.41855,1.41855,1.41855,0.0
2011-06-26 14:31:00,1.41855,1.41855,1.41855,1.41855,0.0
2011-06-26 14:32:00,1.41855,1.41855,1.41855,1.41855,0.0
2011-06-26 14:33:00,1.41855,1.41855,1.41855,1.41855,0.0
2011-06-26 14:34:00,1.41855,1.41855,1.41855,1.41855,0.0
2011-06-26 14:35:00,1.41855,1.41855,1.41855,1.41855,0.0
2011-06-26 14:36:00,1.41855,1.41855,1.41855,1.41855,0.0
2011-06-26 14:37:00,1.41855,1.41855,1.41855,1.41855,0.0
2011-06-26 14:38:00,1.41855,1.41855,1.41855,1.41855,0.0
2011-06-26 14:39:00,1.41855,1.41855,1.41855,1.41855,0.0
2011-06-26 14:40:00,1.41855,1.41855,1.41855,1.41855,0.0
2011-06-26 14:41:00,1.41855,1.41855,1.41855,1.41855,0.0
2011-06-26 14:42:00,1.41855,1.41855,1.41855,1.41855,0.0
2011-06-26 14:43:00,1.41855,1.41855,1.41855,1.41855,0.0
2011-06-26 14:44:00,1.41855,1.41855,1.41855,1.41855,0.0
2011-06-26 14:45:00,1.41855,1.41855,1.41855,1.41855,0.0
2011-06-26 14:46:00,1.41855,1.41855,1.41855,1.41855,0.0
2011-06-26 14:47:00,1.41855,1.41855,1.41855,1.41855,0.0
2011-06-26 14:48:00,1.41855,1.41855,1.41855,1.41855,0.0
2011-06-26 14:49:00,1.41855,1.41855,1.41855,1.41855,0.0
2011-06-26 14:50:00,1.41855,1.41855,1.41855,1.41855,0.0
2011-06-26 14:51:00,1.41855,1.41855,1.41855,1.41855,0.0
2011-06-26 14:52:00,1.41855,1.41855,1.41855,1.41855,0.0
2011-06-26 14:53:00,1.41855,1.41855,1.41855,1.41855,0.0
2011-06-26 14:54:00,1.41855,1.41855,1.41855,1.41855,0.0
2011-06-26 14:55:00,1.41855,1.41855,1.41855,1.41855,0.0
2011-06-26 14:56:00,1.41855,1.41855,1.41855,1.41855,0.0
2011-06-26 14:57:00,1.41855,1.41855,1.41855,1.41855,0.0
2011-06-26 14:58:00,1.41855,1.41855,1.41855,1.41855,0.0
2011-06-26 14:59:00,1.41855,1.41855,1.41855,1.41855,0.0
2011-06-26 15:00:00,1.41855,1.41855,1.41855,1.41855,0.0
2011-06-26 15:01:00,1.41855,1.41855,1.41855,1.41855,0.0
2011-06-26 15:02:00,1.41855,1.41855,1.41855,1.41855,0.0
2011-06-26 15:03:00,1.41855,1.41855,1.41855,1.41855,0.0
2011-06-26 15:04:00,1.41855,1.41855,1.41855,1.41855,0.0
2011-06-26 15:05:00,1.41855,1.41855,1.41855,1.41855,0.0
2011-06-26 15:06:00,1.41855,1.41855,1.41855,1.41855,0.0
2011-06-26 15:07:00,1.41855,1.41855,1.41855,1.41855,0.0
2011-06-26 15:08:00,1.41855,1.41855,1.41855,1.41855,0.0
2011-06-26 15:09:00,1.41855,1.41855,1.41855,1.41855,0.0
2011-06-26 15:10:00,1.41855,1.41855,1.41855,1.41855,0.0
2011-06-26 15:11:00,1.41855,1.41855,1.41855,1.41855,0.0
2011-06-26 15:12:00,1.41855,1.41855,1.41855,1.41855,0.0
2011-06-26 15:13:00,1.41855,1.41855,1.41855,1.41855,0.0
2011-06-26 15:14:00,1.41855,1.41855,1.41855,1.41855,0.0
2011-06-26 15:15:00,1.41855,1.41855,1.41855,1.41855,0.0
2011-06-26 15:16:00,1.41855,1.41855,1.41855,1.41855,0.0
2011-06-26 15:17:00,1.41855,1.41855,1.41855,1.41855,0.0
2011-06-26 15:18:00,1.41855,1.41855,1.41855,1.41855,0.0
2011-06-26 15:19:00,1.41855,1.41855,1.41855,1.41855,0.0
2011-06-26 15:20:00,1.41855,1.41855,1.41855,1.41855,0.0
2011-06-26 15:21:00,1.41855,1.41855,1.41855,1.41855,0.0
2011-06-26 15:22:00,1.41855,1.41855,1.41855,1.41855,0.0
2011-06-26 15:23:00,1.41855,1.41855,1.41855,1.41855,0.0
2011-06-26 15:24:00,1.41855,1.41855,1.41855,1.41855,0.0
2011-06-26 15:25:00,1.41855,1.41855,1.41855,1.41855,0.0
2011-06-26 15:26:00,1.41855,1.41855,1.41855,1.41855,0.0
2011-06-26 15:27:00,1.41855,1.41855,1.41855,1.41855,0.0
2011-06-26 15:28:00,1.41855,1.41855,1.41855,1.41855,0.0
2011-06-26 15:29:00,1.41855,1.41855,1.41855,1.41855,0.0
2011-06-26 15:30:00,1.41855,1.41855,1.41855,1.41855,0.0
2011-06-26 15:31:00,1.41855,1.41855,1.41855,1.41855,0.0
2011-06-26 15:32:00,1.41855,1.41855,1.41855,1.41855,0.0
2011-06-26 15:33:00,1.41855,1.41855,1.41855,1.41855,0.0
2011-06-26 15:34:00,1.41855,1.41855,1.41855,1.41855,0.0
2011-06-26 15:35:00,1.41855,1.41855,1.41855,1.41855,0.0
2011-06-26 15:36:00,1.41855,1.41855,1.41855,1.41855,0.0
2011-06-26 15:37:00,1.41855,1.41855,1.41855,1.41855,0.0
2011-06-26 15:38:00,1.41855,1.41855,1.41855,1.41855,0.0
2011-06-26 15:39:00,1.41855,1.41855,1.41855,1.41855,0.0
2011-06-26 15:40:00,1.41855,1.41855,1.41855,1.41855,0.0
2011-06-26 15:41:00,1.41855,1.41855,1.41855,1.41855,0.0
2011-06-26 15:42:00,1.41855,1.41855,1.41855,1.41855,0.0
2011-06-26 15:43:00,1.41855,1.41855,1.41855,1.41855,0.0
2011-06-26 15:44:00,1.41855,1.41855,1.41855,1.41855,0.0
2011-06-26 15:45:00,1.41855,1.41855,1.41855,1.41855,0.0
2011-06-26 15:46:00,1.41855,1.41855,1.41855,1.41855,0.0
2011-06-26 15:47:00,1.41855,1.41855,1.41855,1.41855,0.0
2011-06-26 15:48:00,1.41855,1.41855,1.41855,1.41855,0.0
2011-06-26 15:49:00,1.41855,1.41855,1.41855,1.41855,0.0
2011-06-26 15:50:00,1.41855,1.41855,1.41855,1.41855,0.0
2011-06-26 15:51:00,1.41855,1.41855,1.41855,1.41855,0.0
2011-06-26 15:52:00,1.41855,1.41855,1.41855,1.41855,0.0
2011-06-26 15:53:00,1.41855,1.41855,1.41855,1.41855,0.0
2011-06-26 15:54:00,1.41855,1.41855,1.41855,1.41855,0.0
2011-06-26 15:55:00,1.41855,1.41855,1.41855,1.41855,0.0
2011-06-26 15:56:00,1.41855,1.41855,1.41855,1.41855,0.0
2011-06-26 15:57:00,1.41855,1.41855,1.41855,1.41855,0.0
2011-06-26 15:58:00,1.41855,1.41855,1.41855,1.41855,0.0
2011-06-26 15:59:00,1.41855,1.41855,1.41855,1.41855,0.0
2011-06-26 16:00:00,1.41855,1.41855,1.41855,1.41855,0.0
2011-06-26 16:01:00,1.41855,1.41855,1.41855,1.41855,0.0
2011-06-26 16:02:00,1.41855,1.41855,1.41855,1.41855,0.0
2011-06-26 16:03:00,1.41855,1.41855,1.41855,1.41855,0.0
2011-06-26 16:04:00,1.41855,1.41855,1.41855,1.41855,0.0
2011-06-26 16:05:00,1.41855,1.41855,1.41855,1.41855,0.0
2011-06-26 16:06:00,1.41855,1.41855,1.41855,1.41855,0.0
2011-06-26 16:07:00,1.41855,1.41855,1.41855,1.41855,0.0
2011-06-26 16:08:00,1.41855,1.41855,1.41855,1.41855,0.0
2011-06-26 16:09:00,1.41855,1.41855,1.41855,1.41855,0.0
2011-06-26 16:10:00,1.41855,1.41855,1.41855,1.41855,0.0
2011-06-26 16:11:00,1.41855,1.41855,1.41855,1.41855,0.0
2011-06-26 16:12:00,1.41855,1.41855,1.41855,1.41855,0.0
2011-06-26 16:13:00,1.41855,1.41855,1.41855,1.41855,0.0
2011-06-26 16:14:00,1.41855,1.41855,1.41855,1.41855,0.0
2011-06-26 16:15:00,1.41855,1.41855,1.41855,1.41855,0.0
2011-06-26 16:16:00,1.41855,1.41855,1.41855,1.41855,0.0
2011-06-26 16:17:00,1.41855,1.41855,1.41855,1.41855,0.0
2011-06-26 16:18:00,1.41855,1.41855,1.41855,1.41855,0.0
2011-06-26 16:19:00,1.41855,1.41855,1.41855,1.41855,0.0
2011-06-26 16:20:00,1.41855,1.41855,1.41855,1.41855,0.0
2011-06-26 16:21:00,1.41855,1.41855,1.41855,1.41855,0.0
2011-06-26 16:22:00,1.41855,1.41855,1.41855,1.41855,0.0
2011-06-26 16:23:00,1.41855,1.41855,1.41855,1.41855,0.0
2011-06-26 16:24:00,1.41855,1.41855,1.41855,1.41855,0.0
2011-06-26 16:25:00,1.41855,1.41855,1.41855,1.41855,0.0
2011-06-26 16:26:00,1.41855,1.41855,1.41855,1.41855,0.0
2011-06-26 16:27:00,1.41855,1.41855,1.41855,1.41855,0.0
2011-06-26 16:28:00,1.41855,1.41855,1.41855,1.41855,0.0
2011-06-26 16:29:00,1.41855,1.41855,1.41855,1.41855,0.0
2011-06-26 16:30:00,1.41855,1.41855,1.41855,1.41855,0.0
2011-06-26 16:31:00,1.41855,1.41855,1.41855,1.41855,0.0
2011-06-26 16:32:00,1.41855,1.41855,1.41855,1.41855,0.0
2011-06-26 16:33:00,1.41855,1.41855,1.41855,1.41855,0.0
2011-06-26 16:34:00,1.41855,1.41855,1.41855,1.41855,0.0
2011-06-26 16:35:00,1.41855,1.41855,1.41855,1.41855,0.0
2011-06-26 16:36:00,1.41855,1.41855,1.41855,1.41855,0.0
2011-06-26 16:37:00,1.41855,1.41855,1.41855,1.41855,0.0
2011-06-26 16:38:00,1.41855,1.41855,1.41855,1.41855,0.0
2011-06-26 16:39:00,1.41855,1.41855,1.41855,1.41855,0.0
2011-06-26 16:40:00,1.41855,1.41855,1.41855,1.41855,0.0
2011-06-26 16:41:00,1.41855,1.41855,1.41855,1.41855,0.0
2011-06-26 16:42:00,1.41855,1.41855,1.41855,1.41855,0.0
2011-06-26 16:43:00,1.41855,1.41855,1.41855,1.41855,0.0
2011-06-26 16:44:00,1.41855,1.41855,1.41855,1.41855,0.0
2011-06-26 16:45:00,1.41855,1.41855,1.41855,1.41855,0.0
2011-06-26 16:46:00,1.41855,1.41855,1.41855,1.41855,0.0
2011-06-26 16:47:00,1.41855,1.41855,1.41855,1.41855,0.0
2011-06-26 16:48:00,1.41855,1.41855,1.41855,1.41855,0.0
2011-06-26 16:49:00,1.41855,1.41855,1.41855,1.41855,0.0
2011-06-26 16:50:00,1.41855,1.41855,1.41855,1.41855,0.0
2011-06-26 16:51:00,1.41855,1.41855,1.41855,1.41855,0.0
2011-06-26 16:52:00,1.41855,1.41855,1.41855,1.41855,0.0
2011-06-26 16:53:00,1.41855,1.41855,1.41855,1.41855,0.0
2011-06-26 16:54:00,1.41855,1.41855,1.41855,1.41855,0.0
2011-06-26 16:55:00,1.41855,1.41855,1.41855,1.41855,0.0
2011-06-26 16:56:00,1.41855,1.41855,1.41855,1.41855,0.0
2011-06-26 16:57:00,1.41855,1.41855,1.41855,1.41855,0.0
2011-06-26 16:58:00,1.41855,1.41855,1.41855,1.41855,0.0
2011-06-26 16:59:00,1.41855,1.41855,1.41855,1.41855,0.0
2011-06-26 17:00:00,1.41855,1.41855,1.41855,1.41855,0.0
2011-06-26 17:01:00,1.41855,1.41855,1.41855,1.41855,0.0
2011-06-26 17:02:00,1.41855,1.41855,1.41855,1.41855,0.0
2011-06-26 17:03:00,1.41855,1.41855,1.41855,1.41855,0.0
2011-06-26 17:04:00,1.41855,1.41855,1.41855,1.41855,0.0
2011-06-26 17:05:00,1.41855,1.41855,1.41855,1.41855,0.0
2011-06-26 17:06:00,1.41855,1.41855,1.41855,1.41855,0.0
2011-06-26 17:07:00,1.41855,1.41855,1.41855,1.41855,0.0
2011-06-26 17:08:00,1.41855,1.41855,1.41855,1.41855,0.0
2011-06-26 17:09:00,1.41855,1.41855,1.41855,1.41855,0.0
2011-06-26 17:10:00,1.41855,1.41855,1.41855,1.41855,0.0
2011-06-26 17:11:00,1.41855,1.41855,1.41855,1.41855,0.0
2011-06-26 17:12:00,1.41855,1.41855,1.41855,1.41855,0.0
2011-06-26 17:13:00,1.41855,1.41855,1.41855,1.41855,0.0
2011-06-26 17:14:00,1.41855,1.41855,1.41855,1.41855,0.0
2011-06-26 17:15:00,1.41855,1.41855,1.41855,1.41855,0.0
2011-06-26 17:16:00,1.41855,1.41855,1.41855,1.41855,0.0
2011-06-26 17:17:00,1.41855,1.41855,1.41855,1.41855,0.0
2011-06-26 17:18:00,1.41855,1.41855,1.41855,1.41855,0.0
2011-06-26 17:19:00,1.41855,1.41855,1.41855,1.41855,0.0
2011-06-26 17:20:00,1.41855,1.41855,1.41855,1.41855,0.0
2011-06-26 17:21:00,1.41855,1.41855,1.41855,1.41855,0.0
2011-06-26 17:22:00,1.41855,1.41855,1.41855,1.41855,0.0
2011-06-26 17:23:00,1.41855,1.41855,1.41855,1.41855,0.0
2011-06-26 17:24:00,1.41855,1.41855,1.41855,1.41855,0.0
2011-06-26 17:25:00,1.41855,1.41855,1.41855,1.41855,0.0
2011-06-26 17:26:00,1.41855,1.41855,1.41855,1.41855,0.0
2011-06-26 17:27:00,1.41855,1.41855,1.41855,1.41855,0.0
2011-06-26 17:28:00,1.41855,1.41855,1.41855,1.41855,0.0
2011-06-26 17:29:00,1.41855,1.41855,1.41855,1.41855,0.0
2011-06-26 17:30:00,1.41855,1.41855,1.41855,1.41855,0.0
2011-06-26 17:31:00,1.41855,1.41855,1.41855,1.41855,0.0
2011-06-26 17:32:00,1.41855,1.41855,1.41855,1.41855,0.0
2011-06-26 17:33:00,1.41855,1.41855,1.41855,1.41855,0.0
2011-06-26 17:34:00,1.41855,1.41855,1.41855,1.41855,0.0
2011-06-26 17:35:00,1.41855,1.41855,1.41855,1.41855,0.0
2011-06-26 17:36:00,1.41855,1.41855,1.41855,1.41855,0.0
2011-06-26 17:37:00,1.41855,1.41855,1.41855,1.41855,0.0
2011-06-26 17:38:00,1.41855,1.41855,1.41855,1.41855,0.0
2011-06-26 17:39:00,1.41855,1.41855,1.41855,1.41855,0.0
2011-06-26 17:40:00,1.41855,1.41855,1.41855,1.41855,0.0
2011-06-26 17:41:00,1.41855,1.41855,1.41855,1.41855,0.0
2011-06-26 17:42:00,1.41855,1.41855,1.41855,1.41855,0.0
2011-06-26 17:43:00,1.41855,1.41855,1.41855,1.41855,0.0
2011-06-26 17:44:00,1.41855,1.41855,1.41855,1.41855,0.0
2011-06-26 17:45:00,1.41855,1.41855,1.41855,1.41855,0.0
2011-06-26 17:46:00,1.41855,1.41855,1.41855,1.41855,0.0
2011-06-26 17:47:00,1.41855,1.41855,1.41855,1.41855,0.0
2011-06-26 17:48:00,1.41855,1.41855,1.41855,1.41855,0.0
2011-06-26 17:49:00,1.41855,1.41855,1.41855,1.41855,0.0
2011-06-26 17:50:00,1.41855,1.41855,1.41855,1.41855,0.0
2011-06-26 17:51:00,1.41855,1.41855,1.41855,1.41855,0.0
2011-06-26 17:52:00,1.41855,1.41855,1.41855,1.41855,0.0
2011-06-26 17:53:00,1.41855,1.41855,1.41855,1.41855,0.0
2011-06-26 17:54:00,1.41855,1.41855,1.41855,1.41855,0.0
2011-06-26 17:55:00,1.41855,1.41855,1.41855,1.41855,0.0
2011-06-26 17:56:00,1.41855,1.41855,1.41855,1.41855,0.0
2011-06-26 17:57:00,1.41855,1.41855,1.41855,1.41855,0.0
2011-06-26 17:58:00,1.41855,1.41855,1.41855,1.41855,0.0
2011-06-26 17:59:00,1.41855,1.41855,1.41855,1.41855,0.0
2011-06-26 18:00:00,1.41855,1.41855,1.41855,1.41855,0.0
2011-06-26 18:01:00,1.41855,1.41855,1.41855,1.41855,0.0
2011-06-26 18:02:00,1.41855,1.41855,1.41855,1.41855,0.0
2011-06-26 18:03:00,1.41855,1.41855,1.41855,1.41855,0.0
2011-06-26 18:04:00,1.41855,1.41855,1.41855,1.41855,0.0
2011-06-26 18:05:00,1.41855,1.41855,1.41855,1.41855,0.0
2011-06-26 18:06:00,1.41855,1.41855,1.41855,1.41855,0.0
2011-06-26 18:07:00,1.41855,1.41855,1.41855,1.41855,0.0
2011-06-26 18:08:00,1.41855,1.41855,1.41855,1.41855,0.0
2011-06-26 18:09:00,1.41855,1.41855,1.41855,1.41855,0.0
2011-06-26 18:10:00,1.41855,1.41855,1.41855,1.41855,0.0
2011-06-26 18:11:00,1.41855,1.41855,1.41855,1.41855,0.0
2011-06-26 18:12:00,1.41855,1.41855,1.41855,1.41855,0.0
2011-06-26 18:13:00,1.41855,1.41855,1.41855,1.41855,0.0
2011-06-26 18:14:00,1.41855,1.41855,1.41855,1.41855,0.0
2011-06-26 18:15:00,1.41855,1.41855,1.41855,1.41855,0.0
2011-06-26 18:16:00,1.41855,1.41855,1.41855,1.41855,0.0
2011-06-26 18:17:00,1.41855,1.41855,1.41855,1.41855,0.0
2011-06-26 18:18:00,1.41855,1.41855,1.41855,1.41855,0.0
2011-06-26 18:19:00,1.41855,1.41855,1.41855,1.41855,0.0
2011-06-26 18:20:00,1.41855,1.41855,1.41855,1.41855,0.0
2011-06-26 18:21:00,1.41855,1.41855,1.41855,1.41855,0.0
2011-06-26 18:22:00,1.41855,1.41855,1.41855,1.41855,0.0
2011-06-26 18:23:00,1.41855,1.41855,1.41855,1.41855,0.0
2011-06-26 18:24:00,1.41855,1.41855,1.41855,1.41855,0.0
2011-06-26 18:25:00,1.41855,1.41855,1.41855,1.41855,0.0
2011-06-26 18:26:00,1.41855,1.41855,1.41855,1.41855,0.0
2011-06-26 18:27:00,1.41855,1.41855,1.41855,1.41855,0.0
2011-06-26 18:28:00,1.41855,1.41855,1.41855,1.41855,0.0
2011-06-26 18:29:00,1.41855,1.41855,1.41855,1.41855,0.0
2011-06-26 18:30:00,1.41855,1.41855,1.41855,1.41855,0.0
2011-06-26 18:31:00,1.41855,1.41855,1.41855,1.41855,0.0
2011-06-26 18:32:00,1.41855,1.41855,1.41855,1.41855,0.0
2011-06-26 18:33:00,1.41855,1.41855,1.41855,1.41855,0.0
2011-06-26 18:34:00,1.41855,1.41855,1.41855,1.41855,0.0
2011-06-26 18:35:00,1.41855,1.41855,1.41855,1.41855,0.0
2011-06-26 18:36:00,1.41855,1.41855,1.41855,1.41855,0.0
2011-06-26 18:37:00,1.41855,1.41855,1.41855,1.41855,0.0
2011-06-26 18:38:00,1.41855,1.41855,1.41855,1.41855,0.0
2011-06-26 18:39:00,1.41855,1.41855,1.41855,1.41855,0.0
2011-06-26 18:40:00,1.41855,1.41855,1.41855,1.41855,0.0
2011-06-26 18:41:00,1.41855,1.41855,1.41855,1.41855,0.0
2011-06-26 18:42:00,1.41855,1.41855,1.41855,1.41855,0.0
2011-06-26 18:43:00,1.41855,1.41855,1.41855,1.41855,0.0
2011-06-26 18:44:00,1.41855,1.41855,1.41855,1.41855,0.0
2011-06-26 18:45:00,1.41855,1.41855,1.41855,1.41855,0.0
2011-06-26 18:46:00,1.41855,1.41855,1.41855,1.41855,0.0
2011-06-26 18:47:00,1.41855,1.41855,1.41855,1.41855,0.0
2011-06-26 18:48:00,1.41855,1.41855,1.41855,1.41855,0.0
2011-06-26 18:49:00,1.41855,1.41855,1.41855,1.41855,0.0
2011-06-26 18:50:00,1.41855,1.41855,1.41855,1.41855,0.0
2011-06-26 18:51:00,1.41855,1.41855,1.41855,1.41855,0.0
2011-06-26 18:52:00,1.41855,1.41855,1.41855,1.41855,0.0
2011-06-26 18:53:00,1.41855,1.41855,1.41855,1.41855,0.0
2011-06-26 18:54:00,1.41855,1.41855,1.41855,1.41855,0.0
2011-06-26 18:55:00,1.41855,1.41855,1.41855,1.41855,0.0
2011-06-26 18:56:00,1.41855,1.41855,1.41855,1.41855,0.0
2011-06-26 18:57:00,1.41855,1.41855,1.41855,1.41855,0.0
2011-06-26 18:58:00,1.41855,1.41855,1.41855,1.41855,0.0
2011-06-26 18:59:00,1.41855,1.41855,1.41855,1.41855,0.0
2011-06-26 19:00:00,1.41855,1.41855,1.41855,1.41855,0.0
2011-06-26 19:01:00,1.41855,1.41855,1.41855,1.41855,0.0
2011-06-26 19:02:00,1.41855,1.41855,1.41855,1.41855,0.0
2011-06-26 19:03:00,1.41855,1.41855,1.41855,1.41855,0.0
2011-06-26 19:04:00,1.41855,1.41855,1.41855,1.41855,0.0
2011-06-26 19:05:00,1.41855,1.41855,1.41855,1.41855,0.0
2011-06-26 19:06:00,1.41855,1.41855,1.41855,1.41855,0.0
2011-06-26 19:07:00,1.41855,1.41855,1.41855,1.41855,0.0
2011-06-26 19:08:00,1.41855,1.41855,1.41855,1.41855,0.0
2011-06-26 19:09:00,1.41855,1.41855,1.41855,1.41855,0.0
2011-06-26 19:10:00,1.41855,1.41855,1.41855,1.41855,0.0
2011-06-26 19:11:00,1.41855,1.41855,1.41855,1.41855,0.0
2011-06-26 19:12:00,1.41855,1.41855,1.41855,1.41855,0.0
2011-06-26 19:13:00,1.41855,1.41855,1.41855,1.41855,0.0
2011-06-26 19:14:00,1.41855,1.41855,1.41855,1.41855,0.0
2011-06-26 19:15:00,1.41855,1.41855,1.41855,1.41855,0.0
2011-06-26 19:16:00,1.41855,1.41855,1.41855,1.41855,0.0
2011-06-26 19:17:00,1.41855,1.41855,1.41855,1.41855,0.0
2011-06-26 19:18:00,1.41855,1.41855,1.41855,1.41855,0.0
2011-06-26 19:19:00,1.41855,1.41855,1.41855,1.41855,0.0
2011-06-26 19:20:00,1.41855,1.41855,1.41855,1.41855,0.0
2011-06-26 19:21:00,1.41855,1.41855,1.41855,1.41855,0.0
2011-06-26 19:22:00,1.41855,1.41855,1.41855,1.41855,0.0
2011-06-26 19:23:00,1.41855,1.41855,1.41855,1.41855,0.0
2011-06-26 19:24:00,1.41855,1.41855,1.41855,1.41855,0.0
2011-06-26 19:25:00,1.41855,1.41855,1.41855,1.41855,0.0
2011-06-26 19:26:00,1.41855,1.41855,1.41855,1.41855,0.0
2011-06-26 19:27:00,1.41855,1.41855,1.41855,1.41855,0.0
2011-06-26 19:28:00,1.41855,1.41855,1.41855,1.41855,0.0
2011-06-26 19:29:00,1.41855,1.41855,1.41855,1.41855,0.0
2011-06-26 19:30:00,1.41855,1.41855,1.41855,1.41855,0.0
2011-06-26 19:31:00,1.41855,1.41855,1.41855,1.41855,0.0
2011-06-26 19:32:00,1.41855,1.41855,1.41855,1.41855,0.0
2011-06-26 19:33:00,1.41855,1.41855,1.41855,1.41855,0.0
2011-06-26 19:34:00,1.41855,1.41855,1.41855,1.41855,0.0
2011-06-26 19:35:00,1.41855,1.41855,1.41855,1.41855,0.0
2011-06-26 19:36:00,1.41855,1.41855,1.41855,1.41855,0.0
2011-06-26 19:37:00,1.41855,1.41855,1.41855,1.41855,0.0
2011-06-26 19:38:00,1.41855,1.41855,1.41855,1.41855,0.0
2011-06-26 19:39:00,1.41855,1.41855,1.41855,1.41855,0.0
2011-06-26 19:40:00,1.41855,1.41855,1.41855,1.41855,0.0
2011-06-26 19:41:00,1.41855,1.41855,1.41855,1.41855,0.0
2011-06-26 19:42:00,1.41855,1.41855,1.41855,1.41855,0.0
2011-06-26 19:43:00,1.41855,1.41855,1.41855,1.41855,0.0
2011-06-26 19:44:00,1.41855,1.41855,1.41855,1.41855,0.0
2011-06-26 19:45:00,1.41855,1.41855,1.41855,1.41855,0.0
2011-06-26 19:46:00,1.41855,1.41855,1.41855,1.41855,0.0
2011-06-26 19:47:00,1.41855,1.41855,1.41855,1.41855,0.0
2011-06-26 19:48:00,1.41855,1.41855,1.41855,1.41855,0.0
2011-06-26 19:49:00,1.41855,1.41855,1.41855,1.41855,0.0
2011-06-26 19:50:00,1.41855,1.41855,1.41855,1.41855,0.0
2011-06-26 19:51:00,1.41855,1.41855,1.41855,1.41855,0.0
2011-06-26 19:52:00,1.41855,1.41855,1.41855,1.41855,0.0
2011-06-26 19:53:00,1.41855,1.41855,1.41855,1.41855,0.0
2011-06-26 19:54:00,1.41855,1.41855,1.41855,1.41855,0.0
2011-06-26 19:55:00,1.41855,1.41855,1.41855,1.41855,0.0
2011-06-26 19:56:00,1.41855,1.41855,1.41855,1.41855,0.0
2011-06-26 19:57:00,1.41855,1.41855,1.41855,1.41855,0.0
2011-06-26 19:58:00,1.41855,1.41855,1.41855,1.41855,0.0
2011-06-26 19:59:00,1.41855,1.41855,1.41855,1.41855,0.0
2011-06-26 20:00:00,1.41855,1.41855,1.41855,1.41855,0.0
2011-06-26 20:01:00,1.41855,1.41855,1.41855,1.41855,0.0
2011-06-26 20:02:00,1.41855,1.41855,1.41855,1.41855,0.0
2011-06-26 20:03:00,1.41855,1.41855,1.41855,1.41855,0.0
2011-06-26 20:04:00,1.41855,1.41855,1.41855,1.41855,0.0
2011-06-26 20:05:00,1.41855,1.41855,1.41855,1.41855,0.0
2011-06-26 20:06:00,1.41855,1.41855,1.41855,1.41855,0.0
2011-06-26 20:07:00,1.41855,1.41855,1.41855,1.41855,0.0
2011-06-26 20:08:00,1.41855,1.41855,1.41855,1.41855,0.0
2011-06-26 20:09:00,1.41855,1.41855,1.41855,1.41855,0.0
2011-06-26 20:10:00,1.41855,1.41855,1.41855,1.41855,0.0
2011-06-26 20:11:00,1.41855,1.41855,1.41855,1.41855,0.0
2011-06-26 20:12:00,1.41855,1.41855,1.41855,1.41855,0.0
2011-06-26 20:13:00,1.41855,1.41855,1.41855,1.41855,0.0
2011-06-26 20:14:00,1.41855,1.41855,1.41855,1.41855,0.0
2011-06-26 20:15:00,1.41855,1.41855,1.41855,1.41855,0.0
2011-06-26 20:16:00,1.41855,1.41855,1.41855,1.41855,0.0
2011-06-26 20:17:00,1.41855,1.41855,1.41855,1.41855,0.0
2011-06-26 20:18:00,1.41855,1.41855,1.41855,1.41855,0.0
2011-06-26 20:19:00,1.41855,1.41855,1.41855,1.41855,0.0
2011-06-26 20:20:00,1.41855,1.41855,1.41855,1.41855,0.0
2011-06-26 20:21:00,1.41855,1.41855,1.41855,1.41855,0.0
2011-06-26 20:22:00,1.41855,1.41855,1.41855,1.41855,0.0
2011-06-26 20:23:00,1.41855,1.41855,1.41855,1.41855,0.0
2011-06-26 20:24:00,1.41855,1.41855,1.41855,1.41855,0.0
2011-06-26 20:25:00,1.41855,1.41855,1.41855,1.41855,0.0
2011-06-26 20:26:00,1.41855,1.41855,1.41855,1.41855,0.0
2011-06-26 20:27:00,1.41855,1.41855,1.41855,1.41855,0.0
2011-06-26 20:28:00,1.41855,1.41855,1.41855,1.41855,0.0
2011-06-26 20:29:00,1.41855,1.41855,1.41855,1.41855,0.0
2011-06-26 20:30:00,1.41855,1.41855,1.41855,1.41855,0.0
2011-06-26 20:31:00,1.41855,1.41855,1.41855,1.41855,0.0
2011-06-26 20:32:00,1.41855,1.41855,1.41855,1.41855,0.0
2011-06-26 20:33:00,1.41855,1.41855,1.41855,1.41855,0.0
2011-06-26 20:34:00,1.41855,1.41855,1.41855,1.41855,0.0
2011-06-26 20:35:00,1.41855,1.41855,1.41855,1.41855,0.0
2011-06-26 20:36:00,1.41855,1.41855,1.41855,1.41855,0.0
2011-06-26 20:37:00,1.41855,1.41855,1.41855,1.41855,0.0
2011-06-26 20:38:00,1.41855,1.41855,1.41855,1.41855,0.0
2011-06-26 20:39:00,1.41855,1.41855,1.41855,1.41855,0.0
2011-06-26 20:40:00,1.41855,1.41855,1.41855,1.41855,0.0
2011-06-26 20:41:00,1.41855,1.41855,1.41855,1.41855,0.0
2011-06-26 20:42:00,1.41855,1.41855,1.41855,1.41855,0.0
2011-06-26 20:43:00,1.41855,1.41855,1.41855,1.41855,0.0
2011-06-26 20:44:00,1.41855,1.41855,1.41855,1.41855,0.0
2011-06-26 20:45:00,1.41855,1.41855,1.41855,1.41855,0.0
2011-06-26 20:46:00,1.41855,1.41855,1.41855,1.41855,0.0
2011-06-26 20:47:00,1.41855,1.41855,1.41855,1.41855,0.0
2011-06-26 20:48:00,1.41855,1.41855,1.41855,1.41855,0.0
2011-06-26 20:49:00,1.41855,1.41855,1.41855,1.41855,0.0
2011-06-26 20:50:00,1.41855,1.41855,1.41855,1.41855,0.0
2011-06-26 20:51:00,1.41855,1.41855,1.41855,1.41855,0.0
2011-06-26 20:52:00,1.41855,1.41855,1.41855,1.41855,0.0
2011-06-26 20:53:00,1.41855,1.41855,1.41855,1.41855,0.0
2011-06-26 20:54:00,1.41855,1.41855,1.41855,1.41855,0.0
2011-06-26 20:55:00,1.41855,1.41855,1.41855,1.41855,0.0
2011-06-26 20:56:00,1.41855,1.41855,1.41855,1.41855,0.0
2011-06-26 20:57:00,1.41855,1.41855,1.41855,1.41855,0.0
2011-06-26 20:58:00,1.41855,1.41855,1.41855,1.41855,0.0
2011-06-26 20:59:00,1.41855,1.41855,1.41855,1.41855,0.0
2011-06-26 21:00:00,1.4188,1.41918,1.4188,1.41918,277600002.28881836
2011-06-26 21:01:00,1.4192,1.41921,1.41908,1.41908,56300001.14440918
2011-06-26 21:02:00,1.41912,1.4192,1.41899,1.4192,123800001.14440918
2011-06-26 21:03:00,1.41928,1.41929,1.41896,1.41896,959899978.6376953
2011-06-26 21:04:00,1.41887,1.41887,1.41875,1.41877,90000000.0
2011-06-26 21:05:00,1.41878,1.41914,1.41878,1.41908,383600006.1035156
2011-06-26 21:06:00,1.41888,1.41895,1.41888,1.41895,75000000.0
2011-06-26 21:07:00,1.41899,1.41899,1.4189,1.4189,45000000.0
2011-06-26 21:08:00,1.41888,1.41905,1.41876,1.4188,352799987.79296875
2011-06-26 21:09:00,1.41881,1.41881,1.41875,1.41875,30000000.0
2011-06-26 21:10:00,1.41869,1.41869,1.41869,1.41869,15000000.0
2011-06-26 21:11:00,1.41877,1.41888,1.41868,1.41876,281299991.607666
2011-06-26 21:12:00,1.41877,1.41892,1.41871,1.41877,172600002.28881836
2011-06-26 21:13:00,1.41873,1.41873,1.41863,1.41864,108800001.14440918
2011-06-26 21:14:00,1.41865,1.41865,1.41865,1.41865,15000000.0
2011-06-26 21:15:00,1.4186,1.4186,1.4186,1.4186,15000000.0
2011-06-26 21:16:00,1.41869,1.4187,1.41869,1.4187,37500000.0
2011-06-26 21:17:00,1.41869,1.41869,1.41869,1.41869,22500000.0
2011-06-26 21:18:00,1.41857,1.41857,1.41857,1.41857,22500000.0
2011-06-26 21:19:00,1.41849,1.41849,1.41849,1.41849,15000000.0
2011-06-26 21:20:00,1.41849,1.41849,1.41849,1.41849,22500000.0
2011-06-26 21:21:00,1.41849,1.41849,1.41849,1.41849,15000000.0
2011-06-26 21:22:00,1.4185,1.41859,1.41849,1.41849,93100004.19616699
2011-06-26 21:23:00,1.41849,1.41859,1.41849,1.41849,166499996.18530273
2011-06-26 21:24:00,1.4185,1.4186,1.4185,1.4186,90000000.0
2011-06-26 21:25:00,1.41869,1.41885,1.41869,1.41885,90000000.0
2011-06-26 21:26:00,1.41879,1.41879,1.41869,1.41869,272299995.4223633
2011-06-26 21:27:00,1.41869,1.41888,1.41869,1.41879,126700000.76293945
2011-06-26 21:28:00,1.41884,1.4189,1.41884,1.4189,30000000.0
2011-06-26 21:29:00,1.419,1.41914,1.41875,1.41886,653700027.4658203
2011-06-26 21:30:00,1.41898,1.41903,1.41876,1.41891,297099990.84472656
2011-06-26 21:31:00,1.41892,1.41894,1.41881,1.41894,217500000.0
2011-06-26 21:32:00,1.41903,1.41923,1.41896,1.41919,480000000.0
2011-06-26 21:33:00,1.41919,1.41919,1.41907,1.4191,244599990.84472656
2011-06-26 21:34:00,1.41909,1.41931,1.41909,1.41924,388899993.8964844
2011-06-26 21:35:00,1.41925,1.41949,1.41925,1.41949,232500000.0
2011-06-26 21:36:00,1.41949,1.41959,1.4192,1.41921,425800018.3105469
2011-06-26 21:37:00,1.41921,1.41938,1.419,1.419,660199966.4306641
2011-06-26 21:38:00,1.419,1.41908,1.419,1.41908,75000000.0
2011-06-26 21:39:00,1.41912,1.41912,1.419,1.419,120000000.0
2011-06-26 21:40:00,1.419,1.419,1.41899,1.41899,45000000.0
2011-06-26 21:41:00,1.41899,1.41899,1.41898,1.41898,37500000.0
2011-06-26 21:42:00,1.41914,1.41914,1.41892,1.41899,712699966.4306641
2011-06-26 21:43:00,1.41894,1.41899,1.41885,1.41886,229599990.84472656
2011-06-26 21:44:00,1.4189,1.41899,1.4189,1.41899,93800001.14440918
2011-06-26 21:45:00,1.41914,1.41914,1.41885,1.41885,324799995.4223633
2011-06-26 21:46:00,1.4187,1.4187,1.4187,1.4187,45000000.0
2011-06-26 21:47:00,1.41868,1.41868,1.4186,1.4186,61900000.57220459
2011-06-26 21:48:00,1.41879,1.41882,1.41866,1.41882,154399995.803833
2011-06-26 21:49:00,1.41878,1.41879,1.41875,1.41879,138500003.81469727
2011-06-26 21:50:00,1.41876,1.41904,1.41876,1.41884,171200008.39233398
2011-06-26 21:51:00,1.41884,1.41884,1.41879,1.41879,105000000.0
2011-06-26 21:52:00,1.41879,1.41884,1.41876,1.41878,210000000.0
2011-06-26 21:53:00,1.41883,1.41883,1.41872,1.41872,219099998.4741211
2011-06-26 21:54:00,1.41865,1.41871,1.41865,1.41871,120000000.0
2011-06-26 21:55:00,1.41872,1.41875,1.41872,1.41875,60000000.0
2011-06-26 21:56:00,1.41877,1.41889,1.41877,1.41889,146300001.14440918
2011-06-26 21:57:00,1.41885,1.41913,1.41885,1.41899,408800010.68115234
2011-06-26 21:58:00,1.41899,1.41907,1.41899,1.41907,146400003.43322754
2011-06-26 21:59:00,1.41906,1.41906,1.41899,1.41905,86300001.14440918
2011-06-26 22:00:00,1.41905,1.41905,1.41862,1.41873,1586900024.4140625
2011-06-26 22:01:00,1.41876,1.41877,1.41837,1.41837,702099990.8447266
2011-06-26 22:02:00,1.41836,1.41837,1.41804,1.41808,906100006.1035156
2011-06-26 22:03:00,1.41808,1.41819,1.41793,1.41804,470400009.15527344
2011-06-26 22:04:00,1.41806,1.41819,1.41806,1.41813,270100002.28881836
2011-06-26 22:05:00,1.41814,1.41846,1.41814,1.41836,905400009.1552734
2011-06-26 22:06:00,1.41836,1.41845,1.41828,1.41828,367700004.5776367
2011-06-26 22:07:00,1.41828,1.41828,1.41807,1.41809,636800003.0517578
2011-06-26 22:08:00,1.41815,1.41823,1.41809,1.41813,339900016.78466797
2011-06-26 22:09:00,1.41813,1.41815,1.41813,1.41815,96000003.81469727
2011-06-26 22:10:00,1.41815,1.41815,1.41815,1.41815,186700000.76293945
2011-06-26 22:11:00,1.41815,1.41824,1.41813,1.41824,110299997.32971191
2011-06-26 22:12:00,1.41823,1.41834,1.41812,1.41823,239400005.34057617
2011-06-26 22:13:00,1.4182,1.4182,1.41814,1.41819,393300018.3105469
2011-06-26 22:14:00,1.41819,1.41823,1.41819,1.41823,133500003.81469727
2011-06-26 22:15:00,1.41825,1.41825,1.41823,1.41825,134799995.42236328
2011-06-26 22:16:00,1.41824,1.41824,1.41817,1.41817,98299999.23706055
2011-06-26 22:17:00,1.41817,1.41823,1.41817,1.41823,78800001.14440918
2011-06-26 22:18:00,1.41818,1.41839,1.41818,1.41839,217600002.28881836
2011-06-26 22:19:00,1.41838,1.41849,1.41834,1.41848,281599998.4741211
2011-06-26 22:20:00,1.41848,1.41848,1.41848,1.41848,272999992.37060547
2011-06-26 22:21:00,1.4185,1.4185,1.41847,1.41848,180000000.0
2011-06-26 22:22:00,1.41857,1.41859,1.41849,1.41849,190499992.37060547
2011-06-26 22:23:00,1.41849,1.41854,1.41843,1.41851,442500000.0
2011-06-26 22:24:00,1.41851,1.41865,1.41851,1.41853,564000015.2587891
2011-06-26 22:25:00,1.41855,1.41887,1.41852,1.4188,459799995.4223633
2011-06-26 22:26:00,1.4188,1.41884,1.41862,1.41865,960100021.3623047
2011-06-26 22:27:00,1.41866,1.41866,1.41841,1.41841,882500000.0
2011-06-26 22:28:00,1.4184,1.4184,1.41815,1.41815,1057500000.0
2011-06-26 22:29:00,1.41814,1.41818,1.41775,1.41777,1253799972.5341797
2011-06-26 22:30:00,1.41777,1.41787,1.41743,1.41744,1634299926.7578125
2011-06-26 22:31:00,1.41742,1.41753,1.41731,1.4174,806999969.4824219
2011-06-26 22:32:00,1.41741,1.41741,1.41737,1.41738,330000000.0
2011-06-26 22:33:00,1.41737,1.41745,1.41733,1.41745,690000000.0
2011-06-26 22:34:00,1.41748,1.41748,1.41741,1.41748,177000007.62939453
2011-06-26 22:35:00,1.41748,1.41753,1.4173,1.4173,697500000.0
2011-06-26 22:36:00,1.41726,1.41728,1.41674,1.417,1680899963.3789062
2011-06-26 22:37:00,1.41704,1.4172,1.41698,1.4172,1522500000.0
2011-06-26 22:38:00,1.41721,1.41722,1.41695,1.41695,783000030.5175781
2011-06-26 22:39:00,1.41695,1.41699,1.41676,1.41694,720000000.0
2011-06-26 22:40:00,1.41694,1.41714,1.41693,1.4171,643499984.7412109
2011-06-26 22:41:00,1.4171,1.41722,1.41706,1.41715,562500000.0
2011-06-26 22:42:00,1.41716,1.41723,1.41716,1.41723,97500000.0
2011-06-26 22:43:00,1.41721,1.41721,1.41701,1.41701,408100013.73291016
2011-06-26 22:44:00,1.417,1.417,1.41664,1.41685,857500000.0
2011-06-26 22:45:00,1.41684,1.41684,1.41659,1.41659,777799987.7929688
2011-06-26 22:46:00,1.41659,1.41659,1.41626,1.41638,1253300018.3105469
2011-06-26 22:47:00,1.41639,1.41669,1.4163,1.41642,1304299926.7578125
2011-06-26 22:48:00,1.41639,1.41651,1.41623,1.41623,1584199981.6894531
2011-06-26 22:49:00,1.41622,1.41643,1.41613,1.41623,1024400024.4140625
2011-06-26 22:50:00,1.41622,1.41634,1.41606,1.41615,1634100036.6210938
2011-06-26 22:51:00,1.41614,1.41626,1.41614,1.41626,495000000.0
2011-06-26 22:52:00,1.41626,1.41672,1.41626,1.41666,840599975.5859375
2011-06-26 22:53:00,1.41663,1.41708,1.4166,1.41689,894100036.6210938
2011-06-26 22:54:00,1.41686,1.41689,1.41649,1.41672,943499984.7412109
2011-06-26 22:55:00,1.41673,1.41678,1.41673,1.41678,157500000.0
2011-06-26 22:56:00,1.4168,1.41692,1.41674,1.41691,328499984.74121094
2011-06-26 22:57:00,1.41687,1.41696,1.41687,1.41688,425999984.74121094
2011-06-26 22:58:00,1.41688,1.41699,1.41683,1.41698,365299987.79296875
2011-06-26 22:59:00,1.41699,1.41717,1.41698,1.41717,335999984.74121094
2011-06-26 23:00:00,1.41715,1.41743,1.41713,1.41743,660800018.3105469
2011-06-26 23:01:00,1.41747,1.4175,1.41736,1.41739,1001399993.8964844
2011-06-26 23:02:00,1.41739,1.41741,1.41736,1.41741,225000000.0
2011-06-26 23:03:00,1.41741,1.41745,1.41731,1.41742,412500000.0
2011-06-26 23:04:00,1.41742,1.41749,1.41732,1.4174,885000000.0
2011-06-26 23:05:00,1.41742,1.41754,1.41716,1.41716,1056900024.4140625
2011-06-26 23:06:00,1.41715,1.41715,1.41669,1.41669,599399986.2670898
2011-06-26 23:07:00,1.41673,1.41674,1.41669,1.4167,526500015.25878906
2011-06-26 23:08:00,1.4167,1.41678,1.4167,1.41673,813199996.9482422
2011-06-26 23:09:00,1.41672,1.41681,1.41671,1.41681,613600006.1035156
2011-06-26 23:10:00,1.41685,1.41706,1.4167,1.41685,1114100036.6210938
2011-06-26 23:11:00,1.41685,1.41705,1.41676,1.41705,720899963.3789062
2011-06-26 23:12:00,1.41705,1.41741,1.41705,1.41725,822099990.8447266
2011-06-26 23:13:00,1.41725,1.41725,1.41679,1.41679,889899978.6376953
2011-06-26 23:14:00,1.41673,1.41704,1.41663,1.41697,1319600067.1386719
2011-06-26 23:15:00,1.41696,1.41696,1.41678,1.41678,150200004.57763672
2011-06-26 23:16:00,1.41678,1.41686,1.41663,1.41678,1106500015.258789
2011-06-26 23:17:00,1.41678,1.41705,1.41678,1.41705,500999984.74121094
2011-06-26 23:18:00,1.41705,1.41706,1.41694,1.41694,396100006.1035156
2011-06-26 23:19:00,1.41693,1.41694,1.41685,1.41692,300000000.0
2011-06-26 23:20:00,1.41693,1.41728,1.41685,1.41723,1834700012.2070312
2011-06-26 23:21:00,1.41723,1.41775,1.41721,1.41766,944800033.5693359
2011-06-26 23:22:00,1.41766,1.41783,1.41731,1.41731,1837599945.0683594
2011-06-26 23:23:00,1.41731,1.41731,1.41714,1.41715,448600006.1035156
2011-06-26 23:24:00,1.41714,1.41715,1.41702,1.41706,480000000.0
2011-06-26 23:25:00,1.41705,1.41706,1.41705,1.41706,270000000.0
2011-06-26 23:26:00,1.41706,1.41709,1.41701,1.41705,617299995.4223633
2011-06-26 23:27:00,1.41705,1.41705,1.41696,1.41696,105000000.0
2011-06-26 23:28:00,1.41699,1.41704,1.41699,1.41702,97500000.0
2011-06-26 23:29:00,1.41704,1.41707,1.41694,1.41701,175499992.37060547
2011-06-26 23:30:00,1.41703,1.41747,1.41703,1.41712,775699996.9482422
2011-06-26 23:31:00,1.41713,1.41737,1.41713,1.41718,378800010.68115234
2011-06-26 23:32:00,1.41717,1.41717,1.41678,1.41678,390000000.0
2011-06-26 23:33:00,1.41678,1.41697,1.41675,1.41697,309300003.0517578
2011-06-26 23:34:00,1.41697,1.41712,1.41697,1.41712,337500000.0
2011-06-26 23:35:00,1.41712,1.41722,1.41705,1.41705,378899993.8964844
2011-06-26 23:36:00,1.41702,1.41702,1.41683,1.41683,501800003.0517578
2011-06-26 23:37:00,1.41683,1.41683,1.41676,1.41676,191399993.89648438
2011-06-26 23:38:00,1.41676,1.41676,1.41644,1.41644,837500000.0
2011-06-26 23:39:00,1.41636,1.41643,1.41616,1.41634,744400024.4140625
2011-06-26 23:40:00,1.41633,1.41633,1.41571,1.41586,1437599945.0683594
2011-06-26 23:41:00,1.41585,1.41602,1.41569,1.41599,1169300003.0517578
2011-06-26 23:42:00,1.41599,1.41599,1.41517,1.41517,1551100006.1035156
2011-06-26 23:43:00,1.41516,1.41531,1.41461,1.41529,1513099975.5859375
2011-06-26 23:44:00,1.4153,1.41539,1.41503,1.41524,862799987.7929688
2011-06-26 23:45:00,1.41529,1.41543,1.41511,1.41532,978799972.5341797
2011-06-26 23:46:00,1.41531,1.41535,1.41524,1.41535,308299999.23706055
2011-06-26 23:47:00,1.41535,1.4155,1.4153,1.4154,775500030.5175781
2011-06-26 23:48:00,1.4154,1.41541,1.41532,1.41533,231000003.81469727
2011-06-26 23:49:00,1.41532,1.41539,1.41532,1.41539,212999992.37060547
2011-06-26 23:50:00,1.4154,1.41569,1.4154,1.41567,630600013.7329102
2011-06-26 23:51:00,1.41566,1.41566,1.41534,1.41548,2080099945.0683594
2011-06-26 23:52:00,1.41548,1.41605,1.41548,1.41601,1069899978.6376953
2011-06-26 23:53:00,1.41603,1.41606,1.41585,1.41606,739599990.8447266
2011-06-26 23:54:00,1.41605,1.41615,1.41588,1.41609,799499969.4824219
2011-06-26 23:55:00,1.41611,1.41628,1.41608,1.41627,603300018.3105469
2011-06-26 23:56:00,1.41627,1.41627,1.41603,1.41616,887099990.8447266
2011-06-26 23:57:00,1.41614,1.41632,1.41603,1.41616,1127300033.569336
2011-06-26 23:58:00,1.41616,1.41622,1.41608,1.4161,796500015.2587891
2011-06-26 23:59:00,1.41609,1.41613,1.41549,1.41549,1001399993.8964844
2011-06-27 00:00:00,1.41545,1.41545,1.41482,1.41507,1977799987.7929688
2011-06-27 00:01:00,1.41507,1.41552,1.41499,1.41536,2098800048.828125
2011-06-27 00:02:00,1.41536,1.41552,1.41504,1.41522,2638200073.2421875
2011-06-27 00:03:00,1.41522,1.41528,1.41483,1.41503,2230399932.861328
2011-06-27 00:04:00,1.41505,1.41513,1.41481,1.41485,1480000000.0
2011-06-27 00:05:00,1.41485,1.41503,1.41452,1.41452,1763300018.3105469
2011-06-27 00:06:00,1.41452,1.41455,1.41359,1.41392,2772300109.8632812
2011-06-27 00:07:00,1.41393,1.41423,1.41381,1.41423,2046000061.0351562
2011-06-27 00:08:00,1.41425,1.41479,1.41425,1.41479,2043800048.828125
2011-06-27 00:09:00,1.4148,1.41501,1.41449,1.41449,2567200012.2070312
2011-06-27 00:10:00,1.41448,1.41448,1.41381,1.41387,2053899993.8964844
2011-06-27 00:11:00,1.41387,1.41404,1.41372,1.41393,1981900024.4140625
2011-06-27 00:12:00,1.41395,1.41461,1.41395,1.41442,1751000061.0351562
2011-06-27 00:13:00,1.4144,1.4144,1.41381,1.41406,2508999938.9648438
2011-06-27 00:14:00,1.41405,1.41409,1.41378,1.41405,1386799926.7578125
2011-06-27 00:15:00,1.41405,1.41405,1.41291,1.41323,2026699981.6894531
2011-06-27 00:16:00,1.41324,1.41366,1.4132,1.41346,1803000030.5175781
2011-06-27 00:17:00,1.41348,1.41383,1.41344,1.41362,825100021.3623047
2011-06-27 00:18:00,1.4136,1.41371,1.41327,1.41336,1736399993.8964844
2011-06-27 00:19:00,1.41334,1.41372,1.41332,1.41368,1673600006.1035156
2011-06-27 00:20:00,1.41373,1.41417,1.41357,1.41406,1591000061.0351562
2011-06-27 00:21:00,1.41407,1.41428,1.414,1.41428,1046200027.4658203
2011-06-27 00:22:00,1.41428,1.41462,1.41428,1.41432,1380099945.0683594
2011-06-27 00:23:00,1.4143,1.4143,1.41379,1.41379,1056200027.4658203
2011-06-27 00:24:00,1.41376,1.41386,1.41349,1.41355,1773399963.3789062
2011-06-27 00:25:00,1.41354,1.41365,1.41339,1.41364,805100021.3623047
2011-06-27 00:26:00,1.41364,1.41396,1.41364,1.41368,1350700073.2421875
2011-06-27 00:27:00,1.41369,1.414,1.41369,1.41379,1814700012.2070312
2011-06-27 00:28:00,1.41382,1.41385,1.41343,1.41343,1717899932.8613281
2011-06-27 00:29:00,1.41343,1.4135,1.413,1.41345,2109199981.6894531
2011-06-27 00:30:00,1.41345,1.41355,1.41329,1.41345,1919700012.2070312
2011-06-27 00:31:00,1.41346,1.4135,1.413,1.4132,1740800018.3105469
2011-06-27 00:32:00,1.4132,1.4133,1.41172,1.41172,3255599975.5859375
2011-06-27 00:33:00,1.41172,1.41172,1.4111,1.41126,3618299865.7226562
2011-06-27 00:34:00,1.41131,1.41172,1.41108,1.41136,2650000000.0
2011-06-27 00:35:00,1.41135,1.41154,1.41102,1.41103,2555299987.7929688
2011-06-27 00:36:00,1.41103,1.41105,1.41072,1.41097,2450399932.861328
2011-06-27 00:37:00,1.41101,1.41107,1.41092,1.41098,1872100067.1386719
2011-06-27 00:38:00,1.41098,1.41143,1.41098,1.41142,1936999969.4824219
2011-06-27 00:39:00,1.41142,1.41152,1.41133,1.41141,1415500030.5175781
2011-06-27 00:40:00,1.41141,1.41154,1.41133,1.41137,1358200073.2421875
2011-06-27 00:41:00,1.41135,1.41184,1.41135,1.41176,1688699951.171875
2011-06-27 00:42:00,1.41179,1.41185,1.41127,1.41127,1949400024.4140625
2011-06-27 00:43:00,1.41126,1.41144,1.4108,1.4108,2069600067.1386719
2011-06-27 00:44:00,1.41081,1.41084,1.41058,1.41082,1709299926.7578125
2011-06-27 00:45:00,1.41081,1.41129,1.41081,1.41129,1591399993.8964844
2011-06-27 00:46:00,1.41131,1.41158,1.41063,1.41066,2299700012.2070312
2011-06-27 00:47:00,1.41059,1.41085,1.41051,1.41051,2066799926.7578125
2011-06-27 00:48:00,1.41056,1.4109,1.41056,1.4109,1568699951.171875
2011-06-27 00:49:00,1.41089,1.411,1.41075,1.4108,1144199981.6894531
2011-06-27 00:50:00,1.41079,1.41091,1.41025,1.41089,2262899932.861328
2011-06-27 00:51:00,1.41089,1.41095,1.41057,1.41065,1688099975.5859375
2011-06-27 00:52:00,1.41066,1.41105,1.41066,1.41099,1706900024.4140625
2011-06-27 00:53:00,1.41101,1.41131,1.41092,1.41128,1388200073.2421875
2011-06-27 00:54:00,1.41126,1.41126,1.41097,1.41101,1430000000.0
2011-06-27 00:55:00,1.41097,1.41139,1.41083,1.41128,2025000000.0
2011-06-27 00:56:00,1.41128,1.41154,1.41115,1.41144,1527700042.7246094
2011-06-27 00:57:00,1.41146,1.41159,1.41126,1.41145,1794900054.9316406
2011-06-27 00:58:00,1.41145,1.41178,1.41145,1.41173,1747200012.2070312
2011-06-27 00:59:00,1.41175,1.41186,1.41159,1.41159,1160699996.9482422
2011-06-27 01:00:00,1.41158,1.41185,1.41158,1.41159,1137500000.0
2011-06-27 01:01:00,1.41158,1.41166,1.4112,1.41136,1403300018.3105469
2011-06-27 01:02:00,1.41137,1.41165,1.41137,1.41165,630000000.0
2011-06-27 01:03:00,1.41167,1.41188,1.41164,1.41177,1659499969.4824219
2011-06-27 01:04:00,1.41177,1.41177,1.41154,1.41161,567700004.5776367
2011-06-27 01:05:00,1.41159,1.41175,1.41151,1.41162,745400009.1552734
2011-06-27 01:06:00,1.41162,1.4117,1.41149,1.41168,845000000.0
2011-06-27 01:07:00,1.41167,1.41179,1.4116,1.41179,950299987.7929688
2011-06-27 01:08:00,1.4118,1.41191,1.41175,1.41191,439300003.0517578
2011-06-27 01:09:00,1.41185,1.41223,1.41185,1.41221,1044100036.6210938
2011-06-27 01:10:00,1.41223,1.41256,1.41223,1.41256,1031699981.6894531
2011-06-27 01:11:00,1.41259,1.41259,1.4122,1.41234,1310899963.3789062
2011-06-27 01:12:00,1.41234,1.41237,1.41191,1.41206,1357200012.2070312
2011-06-27 01:13:00,1.41206,1.41206,1.41179,1.41189,1493200073.2421875
2011-06-27 01:14:00,1.41192,1.41192,1.41183,1.41183,467500000.0
2011-06-27 01:15:00,1.41183,1.41183,1.41152,1.41179,1166299972.5341797
2011-06-27 01:16:00,1.41179,1.41219,1.41175,1.41183,1827100067.1386719
2011-06-27 01:17:00,1.41181,1.41181,1.41159,1.41162,1439499969.4824219
2011-06-27 01:18:00,1.41161,1.41161,1.41125,1.41151,1019300003.0517578
2011-06-27 01:19:00,1.41151,1.41153,1.41133,1.41142,697099990.8447266
2011-06-27 01:20:00,1.4114,1.41142,1.41093,1.411,1358699951.171875
2011-06-27 01:21:00,1.411,1.41111,1.41084,1.41098,1504100036.6210938
2011-06-27 01:22:00,1.41102,1.41119,1.41101,1.41107,1282700042.7246094
2011-06-27 01:23:00,1.41107,1.41166,1.41095,1.4115,1511600036.6210938
2011-06-27 01:24:00,1.41149,1.41158,1.41132,1.41155,752799987.7929688
2011-06-27 01:25:00,1.41154,1.41156,1.41126,1.41137,1505000000.0
2011-06-27 01:26:00,1.41135,1.41163,1.41131,1.41161,1138899993.8964844
2011-06-27 01:27:00,1.41166,1.41194,1.41164,1.41188,1042300033.5693359
2011-06-27 01:28:00,1.41195,1.41222,1.41195,1.41204,1222500000.0
2011-06-27 01:29:00,1.41204,1.41208,1.41171,1.41178,1994900054.9316406
2011-06-27 01:30:00,1.41178,1.41269,1.41178,1.41259,1524799957.2753906
2011-06-27 01:31:00,1.41263,1.41265,1.41246,1.41246,1471699981.6894531
2011-06-27 01:32:00,1.41243,1.41249,1.41225,1.41237,1479400024.4140625
2011-06-27 01:33:00,1.41235,1.41259,1.41231,1.41258,780599975.5859375
2011-06-27 01:34:00,1.4126,1.41295,1.4126,1.41286,580699996.9482422
2011-06-27 01:35:00,1.41286,1.41301,1.41286,1.41298,798600006.1035156
2011-06-27 01:36:00,1.41299,1.413,1.41288,1.41299,899499969.4824219
2011-06-27 01:37:00,1.41299,1.41301,1.41267,1.41269,995699996.9482422
2011-06-27 01:38:00,1.41268,1.41271,1.41233,1.41248,1336199951.171875
2011-06-27 01:39:00,1.41248,1.41257,1.4124,1.41242,956100006.1035156
2011-06-27 01:40:00,1.41242,1.41252,1.41232,1.41235,1254400024.4140625
2011-06-27 01:41:00,1.41235,1.41251,1.41233,1.41245,1057200012.2070312
2011-06-27 01:42:00,1.41247,1.41287,1.41242,1.41286,1409499969.4824219
2011-06-27 01:43:00,1.41281,1.41282,1.41244,1.41246,1133700027.4658203
2011-06-27 01:44:00,1.41244,1.41246,1.41232,1.4124,1060899963.3789062
2011-06-27 01:45:00,1.41239,1.41245,1.41228,1.41231,908700027.4658203
2011-06-27 01:46:00,1.41231,1.41241,1.41231,1.41241,533600006.1035156
2011-06-27 01:47:00,1.41238,1.4125,1.41232,1.4125,758700027.4658203
2011-06-27 01:48:00,1.41248,1.4129,1.41248,1.41258,1408800048.828125
2011-06-27 01:49:00,1.41258,1.41264,1.41234,1.41264,866699981.6894531
2011-06-27 01:50:00,1.41264,1.41275,1.41255,1.4127,696699981.6894531
2011-06-27 01:51:00,1.41268,1.4128,1.41241,1.4128,1692899932.8613281
2011-06-27 01:52:00,1.41279,1.41281,1.41243,1.41281,1292299957.2753906
2011-06-27 01:53:00,1.41283,1.41286,1.41271,1.41271,539399986.2670898
2011-06-27 01:54:00,1.41271,1.41302,1.41271,1.41302,1061699981.6894531
2011-06-27 01:55:00,1.413,1.41319,1.413,1.41306,1754400024.4140625
2011-06-27 01:56:00,1.41308,1.41332,1.41308,1.4133,881600036.6210938
2011-06-27 01:57:00,1.41331,1.41339,1.41317,1.41317,996200027.4658203
2011-06-27 01:58:00,1.41312,1.4133,1.41307,1.41309,1236600036.6210938
2011-06-27 01:59:00,1.41313,1.4134,1.41307,1.4134,650000000.0
2011-06-27 02:00:00,1.4134,1.41344,1.41316,1.41318,1158399963.3789062
2011-06-27 02:01:00,1.41318,1.41327,1.41309,1.41327,640899963.3789062
2011-06-27 02:02:00,1.41327,1.41336,1.41327,1.41335,505600013.73291016
2011-06-27 02:03:00,1.41335,1.41361,1.41329,1.41344,1210400009.1552734
2011-06-27 02:04:00,1.41345,1.41346,1.41323,1.41333,828300018.3105469
2011-06-27 02:05:00,1.41333,1.41333,1.41323,1.41325,360499992.37060547
2011-06-27 02:06:00,1.41328,1.41337,1.41328,1.41337,208600006.10351562
2011-06-27 02:07:00,1.41339,1.41346,1.4129,1.41294,1406999969.4824219
2011-06-27 02:08:00,1.41294,1.41294,1.41283,1.41285,625800018.3105469
2011-06-27 02:09:00,1.41292,1.41292,1.41252,1.4126,1041699981.6894531
2011-06-27 02:10:00,1.41264,1.41292,1.4126,1.41261,1299900054.9316406
2011-06-27 02:11:00,1.41261,1.41282,1.41261,1.4128,1039300003.0517578
2011-06-27 02:12:00,1.41281,1.41294,1.41281,1.41282,752500000.0
2011-06-27 02:13:00,1.41281,1.41281,1.41263,1.41274,769300003.0517578
2011-06-27 02:14:00,1.41277,1.41288,1.41277,1.41287,342099990.84472656
2011-06-27 02:15:00,1.41285,1.41298,1.41282,1.41295,457500000.0
2011-06-27 02:16:00,1.41296,1.41317,1.41292,1.413,957300033.5693359
2011-06-27 02:17:00,1.41299,1.41325,1.41298,1.41325,671399993.8964844
2011-06-27 02:18:00,1.41324,1.41339,1.41322,1.41334,438600006.1035156
2011-06-27 02:19:00,1.41334,1.41336,1.41312,1.41331,1360899963.3789062
2011-06-27 02:20:00,1.41332,1.41366,1.41332,1.41362,1717799987.7929688
2011-06-27 02:21:00,1.41361,1.41361,1.41311,1.41311,1855899963.3789062
2011-06-27 02:22:00,1.4131,1.41335,1.4131,1.41331,400099983.21533203
2011-06-27 02:23:00,1.4133,1.4133,1.413,1.41311,711999969.4824219
2011-06-27 02:24:00,1.41311,1.41311,1.41306,1.4131,232900009.15527344
2011-06-27 02:25:00,1.4131,1.4132,1.4131,1.41314,464500007.62939453
2011-06-27 02:26:00,1.41314,1.4133,1.41314,1.41327,798099975.5859375
2011-06-27 02:27:00,1.41326,1.41327,1.41326,1.41326,127799997.32971191
2011-06-27 02:28:00,1.41326,1.41352,1.41323,1.41349,1413999938.9648438
2011-06-27 02:29:00,1.4135,1.41351,1.41338,1.41345,980299987.7929688
2011-06-27 02:30:00,1.41351,1.41351,1.41349,1.41351,122600002.28881836
2011-06-27 02:31:00,1.41351,1.41351,1.4135,1.4135,187600002.28881836
2011-06-27 02:32:00,1.41349,1.41361,1.41336,1.4135,513400001.5258789
2011-06-27 02:33:00,1.41347,1.41357,1.41345,1.41347,634500007.6293945
2011-06-27 02:34:00,1.41348,1.41355,1.41344,1.41353,484399986.26708984
2011-06-27 02:35:00,1.41353,1.4136,1.41331,1.41346,1149400024.4140625
2011-06-27 02:36:00,1.41346,1.41369,1.4134,1.4134,1279199981.6894531
2011-06-27 02:37:00,1.41341,1.41344,1.41332,1.41336,675800018.3105469
2011-06-27 02:38:00,1.41336,1.41338,1.41334,1.41334,151899995.803833
2011-06-27 02:39:00,1.41335,1.41362,1.41335,1.41358,678000030.5175781
2011-06-27 02:40:00,1.41359,1.41362,1.41354,1.41356,614000015.2587891
2011-06-27 02:41:00,1.41357,1.4137,1.41348,1.41358,604799995.4223633
2011-06-27 02:42:00,1.4136,1.41368,1.41349,1.41354,684899978.6376953
2011-06-27 02:43:00,1.41354,1.41367,1.41349,1.41363,768000030.5175781
2011-06-27 02:44:00,1.41363,1.41363,1.41348,1.41349,975299987.7929688
2011-06-27 02:45:00,1.41349,1.41359,1.4134,1.41348,1409799957.2753906
2011-06-27 02:46:00,1.41348,1.4135,1.4133,1.41334,916100006.1035156
2011-06-27 02:47:00,1.41332,1.41332,1.41315,1.41315,665299987.7929688
2011-06-27 02:48:00,1.41316,1.41319,1.41299,1.4131,1201500015.258789
2011-06-27 02:49:00,1.41309,1.41309,1.41263,1.41268,1218000030.5175781
2011-06-27 02:50:00,1.41268,1.41302,1.41268,1.41302,1252300033.569336
2011-06-27 02:51:00,1.41303,1.41307,1.41293,1.41301,944400024.4140625
2011-06-27 02:52:00,1.41303,1.41309,1.41289,1.41299,762200012.2070312
2011-06-27 02:53:00,1.41304,1.41306,1.41244,1.41246,1187600021.3623047
2011-06-27 02:54:00,1.41246,1.41267,1.41244,1.41267,713199996.9482422
2011-06-27 02:55:00,1.41272,1.41276,1.41266,1.41266,914700012.2070312
2011-06-27 02:56:00,1.41264,1.41284,1.41251,1.41283,896399993.8964844
2011-06-27 02:57:00,1.41287,1.41304,1.41287,1.41294,1043600006.1035156
2011-06-27 02:58:00,1.41293,1.41302,1.4128,1.4128,744300003.0517578
2011-06-27 02:59:00,1.41279,1.4128,1.41271,1.41279,479900016.78466797
2011-06-27 03:00:00,1.4128,1.41295,1.4128,1.41285,410800018.3105469
2011-06-27 03:01:00,1.41286,1.41286,1.41277,1.41278,347000007.62939453
2011-06-27 03:02:00,1.4128,1.4128,1.41278,1.41278,41300001.14440918
2011-06-27 03:03:00,1.41278,1.41279,1.41273,1.41273,214300003.0517578
2011-06-27 03:04:00,1.41271,1.41271,1.41233,1.41235,674100036.6210938
2011-06-27 03:05:00,1.41238,1.41259,1.41238,1.41259,805199966.4306641
2011-06-27 03:06:00,1.41261,1.41262,1.4123,1.41256,800299987.7929688
2011-06-27 03:07:00,1.41258,1.41258,1.41235,1.41247,659800033.5693359
2011-06-27 03:08:00,1.41248,1.41253,1.41241,1.41252,624099998.4741211
2011-06-27 03:09:00,1.41251,1.41291,1.41251,1.41283,585400009.1552734
2011-06-27 03:10:00,1.41286,1.41303,1.41286,1.41292,544500007.6293945
2011-06-27 03:11:00,1.41292,1.41304,1.41292,1.41304,207000007.62939453
2011-06-27 03:12:00,1.41303,1.41337,1.41303,1.41329,882900009.1552734
2011-06-27 03:13:00,1.41329,1.41329,1.41326,1.41328,221399993.89648438
2011-06-27 03:14:00,1.41327,1.41327,1.41301,1.41303,299899997.71118164
2011-06-27 03:15:00,1.41307,1.41317,1.41298,1.41298,340000000.0
2011-06-27 03:16:00,1.41296,1.41297,1.41282,1.41282,513300018.3105469
2011-06-27 03:17:00,1.41284,1.41286,1.41284,1.41286,67699999.80926514
2011-06-27 03:18:00,1.41286,1.41296,1.41286,1.41296,843399963.3789062
2011-06-27 03:19:00,1.41294,1.41299,1.41293,1.41295,340999984.74121094
2011-06-27 03:20:00,1.41294,1.41314,1.41294,1.41303,477400016.78466797
2011-06-27 03:21:00,1.41304,1.41332,1.41304,1.41316,981800003.0517578
2011-06-27 03:22:00,1.41316,1.4135,1.41316,1.41338,1047099990.8447266
2011-06-27 03:23:00,1.41334,1.41358,1.41325,1.41343,1333000030.5175781
2011-06-27 03:24:00,1.41344,1.41346,1.41335,1.41342,536699981.6894531
2011-06-27 03:25:00,1.41347,1.41349,1.41341,1.41342,428300018.3105469
2011-06-27 03:26:00,1.41348,1.41348,1.41341,1.41346,443199996.9482422
2011-06-27 03:27:00,1.41348,1.4135,1.41342,1.41343,443899993.8964844
2011-06-27 03:28:00,1.41343,1.41347,1.41342,1.41342,270699996.9482422
2011-06-27 03:29:00,1.41342,1.41342,1.41307,1.41313,557500000.0
2011-06-27 03:30:00,1.41313,1.41313,1.41299,1.41299,862200012.2070312
2011-06-27 03:31:00,1.41299,1.41299,1.4128,1.41294,977099990.8447266
2011-06-27 03:32:00,1.41293,1.41293,1.41291,1.41292,124200000.76293945
2011-06-27 03:33:00,1.41291,1.41297,1.41286,1.41286,404000015.25878906
2011-06-27 03:34:00,1.41286,1.41291,1.41284,1.4129,174400005.34057617
2011-06-27 03:35:00,1.41289,1.41289,1.41289,1.41289,195000000.0
2011-06-27 03:36:00,1.41298,1.41298,1.41292,1.41292,139799995.42236328
2011-06-27 03:37:00,1.4129,1.41298,1.4129,1.41297,423899993.8964844
2011-06-27 03:38:00,1.41297,1.41297,1.41291,1.41291,199200000.76293945
2011-06-27 03:39:00,1.41291,1.41291,1.41284,1.41284,472400016.78466797
2011-06-27 03:40:00,1.41285,1.41286,1.41248,1.41248,836100006.1035156
2011-06-27 03:41:00,1.41241,1.41261,1.41235,1.41261,1042099990.8447266
2011-06-27 03:42:00,1.41261,1.41265,1.41254,1.41257,568300018.3105469
2011-06-27 03:43:00,1.41258,1.41288,1.41257,1.41288,382900009.15527344
2011-06-27 03:44:00,1.4129,1.41296,1.41282,1.41282,717099990.8447266
2011-06-27 03:45:00,1.41282,1.41282,1.41267,1.41268,649499969.4824219
2011-06-27 03:46:00,1.41268,1.41276,1.41268,1.41273,236399993.89648438
2011-06-27 03:47:00,1.41274,1.41286,1.41274,1.41286,394000015.25878906
2011-06-27 03:48:00,1.41286,1.4132,1.41286,1.41312,1010899963.3789062
2011-06-27 03:49:00,1.41308,1.41316,1.41307,1.41307,627900009.1552734
2011-06-27 03:50:00,1.41307,1.41307,1.41291,1.41304,621899986.2670898
2011-06-27 03:51:00,1.41302,1.41302,1.41271,1.41291,806500015.2587891
2011-06-27 03:52:00,1.41291,1.4132,1.41291,1.41305,1399199981.6894531
2011-06-27 03:53:00,1.41305,1.41306,1.41288,1.41299,598600006.1035156
2011-06-27 03:54:00,1.41299,1.413,1.41289,1.4129,435099983.21533203
2011-06-27 03:55:00,1.4129,1.41299,1.41232,1.41247,1736699981.6894531
2011-06-27 03:56:00,1.41245,1.41262,1.41233,1.41251,1883899993.8964844
2011-06-27 03:57:00,1.41249,1.41264,1.41233,1.41259,904800033.5693359
2011-06-27 03:58:00,1.41259,1.41276,1.41254,1.41276,926600036.6210938
2011-06-27 03:59:00,1.41276,1.41278,1.41261,1.41271,786299972.5341797
2011-06-27 04:00:00,1.41269,1.41291,1.41268,1.41291,691699981.6894531
2011-06-27 04:01:00,1.41292,1.41311,1.4129,1.41309,1104100036.6210938
2011-06-27 04:02:00,1.41307,1.41307,1.4126,1.41279,1737500000.0
2011-06-27 04:03:00,1.4128,1.41287,1.41232,1.41237,1054700012.2070312
2011-06-27 04:04:00,1.41236,1.41255,1.41236,1.41255,930199966.4306641
2011-06-27 04:05:00,1.41254,1.41255,1.41241,1.41241,337700004.5776367
2011-06-27 04:06:00,1.4124,1.41258,1.4124,1.41256,537999992.3706055
2011-06-27 04:07:00,1.41256,1.41265,1.41254,1.41263,469900016.78466797
2011-06-27 04:08:00,1.41263,1.41264,1.41261,1.41263,394099998.4741211
2011-06-27 04:09:00,1.41263,1.41271,1.41261,1.41264,367700004.5776367
2011-06-27 04:10:00,1.41265,1.41268,1.4126,1.41262,655000000.0
2011-06-27 04:11:00,1.41264,1.41268,1.41261,1.41266,413400001.5258789
2011-06-27 04:12:00,1.41267,1.4129,1.41265,1.41281,843099975.5859375
2011-06-27 04:13:00,1.4128,1.41291,1.41276,1.41284,967799987.7929688
2011-06-27 04:14:00,1.41283,1.41296,1.41277,1.41293,846200027.4658203
2011-06-27 04:15:00,1.41293,1.41294,1.41275,1.41278,954000015.2587891
2011-06-27 04:16:00,1.41283,1.41283,1.41273,1.41273,840500030.5175781
2011-06-27 04:17:00,1.41273,1.41274,1.41254,1.41261,766200027.4658203
2011-06-27 04:18:00,1.4126,1.41265,1.41245,1.41252,824700012.2070312
2011-06-27 04:19:00,1.41252,1.41253,1.41241,1.41251,445999984.74121094
2011-06-27 04:20:00,1.41251,1.41251,1.41228,1.41228,1154300003.0517578
2011-06-27 04:21:00,1.41228,1.41228,1.41216,1.41223,761900024.4140625
2011-06-27 04:22:00,1.41223,1.41244,1.41216,1.41241,1339199981.6894531
2011-06-27 04:23:00,1.41242,1.41242,1.41224,1.41232,463800010.68115234
2011-06-27 04:24:00,1.41231,1.41239,1.41231,1.41233,397500000.0
2011-06-27 04:25:00,1.41231,1.41237,1.41229,1.41233,374300003.0517578
2011-06-27 04:26:00,1.41229,1.41229,1.41215,1.41215,630499992.3706055
2011-06-27 04:27:00,1.41215,1.41215,1.41189,1.41196,831399993.8964844
2011-06-27 04:28:00,1.41198,1.41206,1.41188,1.41196,715599975.5859375
2011-06-27 04:29:00,1.41196,1.412,1.41187,1.41199,1052500000.0
2011-06-27 04:30:00,1.41201,1.41205,1.4119,1.41205,692600021.3623047
2011-06-27 04:31:00,1.41208,1.41223,1.41208,1.41219,690500030.5175781
2011-06-27 04:32:00,1.4122,1.41274,1.4122,1.41267,1081100006.1035156
2011-06-27 04:33:00,1.41266,1.41266,1.4124,1.41253,1294299926.7578125
2011-06-27 04:34:00,1.4125,1.41251,1.41214,1.41241,1440000000.0
2011-06-27 04:35:00,1.41241,1.41253,1.41228,1.41228,607299995.4223633
2011-06-27 04:36:00,1.41225,1.41249,1.41224,1.41249,405600013.73291016
2011-06-27 04:37:00,1.41248,1.41248,1.41231,1.41231,532099990.84472656
2011-06-27 04:38:00,1.41232,1.41246,1.41231,1.41244,427000007.62939453
2011-06-27 04:39:00,1.41243,1.41244,1.41234,1.41244,370600013.73291016
2011-06-27 04:40:00,1.41242,1.41251,1.41241,1.41251,259599990.84472656
2011-06-27 04:41:00,1.41249,1.41256,1.4123,1.41233,618499984.7412109
2011-06-27 04:42:00,1.41233,1.41233,1.41229,1.41233,217800006.86645508
2011-06-27 04:43:00,1.41236,1.41262,1.41234,1.41262,609500007.6293945
2011-06-27 04:44:00,1.41262,1.41268,1.41257,1.41257,270100002.28881836
2011-06-27 04:45:00,1.41255,1.41264,1.41236,1.41251,701399993.8964844
2011-06-27 04:46:00,1.41252,1.41252,1.41235,1.41239,594900016.784668
2011-06-27 04:47:00,1.41237,1.41246,1.4123,1.41245,550000000.0
2011-06-27 04:48:00,1.41244,1.41244,1.41237,1.41239,285200004.5776367
2011-06-27 04:49:00,1.41239,1.4124,1.41207,1.41207,1252799987.7929688
2011-06-27 04:50:00,1.41207,1.41212,1.412,1.41204,951800003.0517578
2011-06-27 04:51:00,1.41204,1.41218,1.41204,1.41207,1229000015.258789
2011-06-27 04:52:00,1.41206,1.41218,1.41204,1.41209,810400009.1552734
2011-06-27 04:53:00,1.41207,1.41209,1.41176,1.41188,1613200073.2421875
2011-06-27 04:54:00,1.41189,1.41232,1.41188,1.41224,1548699951.171875
2011-06-27 04:55:00,1.41229,1.41244,1.41229,1.41242,604599990.8447266
2011-06-27 04:56:00,1.41242,1.41256,1.4124,1.41248,834199981.6894531
2011-06-27 04:57:00,1.41248,1.41248,1.41211,1.41217,981900024.4140625
2011-06-27 04:58:00,1.41223,1.41224,1.41208,1.41215,1255000000.0
2011-06-27 04:59:00,1.41215,1.41237,1.41215,1.41232,676600036.6210938
2011-06-27 05:00:00,1.41232,1.4124,1.41226,1.41232,483699989.31884766
2011-06-27 05:01:00,1.41231,1.41238,1.41228,1.41238,400900001.5258789
2011-06-27 05:02:00,1.41236,1.41242,1.4123,1.41238,749100036.6210938
2011-06-27 05:03:00,1.41238,1.41248,1.41219,1.41248,1050000000.0
2011-06-27 05:04:00,1.4125,1.41272,1.41242,1.41272,700199966.4306641
2011-06-27 05:05:00,1.41272,1.41276,1.41254,1.41269,1094199981.6894531
2011-06-27 05:06:00,1.41269,1.41299,1.4126,1.4126,1112699966.430664
2011-06-27 05:07:00,1.41259,1.41262,1.41251,1.41255,341399993.8964844
2011-06-27 05:08:00,1.41257,1.41261,1.41241,1.41248,673199996.9482422
2011-06-27 05:09:00,1.41249,1.41255,1.4122,1.4123,891800003.0517578
2011-06-27 05:10:00,1.41233,1.41235,1.41208,1.41223,1173399963.3789062
2011-06-27 05:11:00,1.41223,1.41245,1.4121,1.4123,1292200012.2070312
2011-06-27 05:12:00,1.4123,1.41242,1.41223,1.41242,1128199996.9482422
2011-06-27 05:13:00,1.41243,1.41255,1.41241,1.41246,1330000000.0
2011-06-27 05:14:00,1.41246,1.4128,1.41246,1.41269,880400009.1552734
2011-06-27 05:15:00,1.41268,1.4127,1.41248,1.41248,567700004.5776367
2011-06-27 05:16:00,1.41248,1.41267,1.41238,1.41265,1096600036.6210938
2011-06-27 05:17:00,1.41264,1.41277,1.41258,1.41265,687799987.7929688
2011-06-27 05:18:00,1.41267,1.41274,1.41254,1.41254,638499984.7412109
2011-06-27 05:19:00,1.41255,1.41284,1.41255,1.41269,568300018.3105469
2011-06-27 05:20:00,1.41268,1.41273,1.41252,1.41273,705500030.5175781
2011-06-27 05:21:00,1.41273,1.4129,1.41273,1.41275,700500030.5175781
2011-06-27 05:22:00,1.41274,1.41295,1.41273,1.41295,1337500000.0
2011-06-27 05:23:00,1.41298,1.41306,1.41264,1.41264,851800003.0517578
2011-06-27 05:24:00,1.41261,1.41286,1.4126,1.41286,740500030.5175781
2011-06-27 05:25:00,1.41286,1.41295,1.41283,1.4129,493899993.8964844
2011-06-27 05:26:00,1.41289,1.41291,1.41281,1.41281,340800018.3105469
2011-06-27 05:27:00,1.41285,1.41296,1.41285,1.41296,214099998.4741211
2011-06-27 05:28:00,1.41296,1.41338,1.41296,1.41337,1195899963.3789062
2011-06-27 05:29:00,1.41337,1.41341,1.41291,1.413,1111699981.6894531
2011-06-27 05:30:00,1.413,1.41302,1.41275,1.41284,1661300048.828125
2011-06-27 05:31:00,1.41285,1.41285,1.41242,1.41246,1282799987.7929688
2011-06-27 05:32:00,1.41246,1.41258,1.41236,1.41242,1357400054.9316406
2011-06-27 05:33:00,1.41242,1.41265,1.4123,1.4123,1326499938.9648438
2011-06-27 05:34:00,1.41231,1.41265,1.41231,1.41234,1887899932.8613281
2011-06-27 05:35:00,1.41234,1.41239,1.41224,1.41239,785100021.3623047
2011-06-27 05:36:00,1.41239,1.41239,1.41198,1.41198,1422299957.2753906
2011-06-27 05:37:00,1.412,1.412,1.41126,1.41134,1757799987.7929688
2011-06-27 05:38:00,1.41132,1.41159,1.41132,1.41154,1527799987.7929688
2011-06-27 05:39:00,1.41155,1.41172,1.41149,1.41171,601699981.6894531
2011-06-27 05:40:00,1.41176,1.41211,1.41176,1.41209,1385800018.3105469
2011-06-27 05:41:00,1.4121,1.41214,1.41205,1.41205,704800033.5693359
2011-06-27 05:42:00,1.41204,1.41209,1.41181,1.41186,765299987.7929688
2011-06-27 05:43:00,1.41183,1.41183,1.41157,1.41162,1073799972.5341797
2011-06-27 05:44:00,1.41162,1.41201,1.41161,1.412,692699966.4306641
2011-06-27 05:45:00,1.412,1.4121,1.41195,1.41208,865299987.7929688
2011-06-27 05:46:00,1.41207,1.41214,1.41171,1.41173,1706699981.6894531
2011-06-27 05:47:00,1.41175,1.41206,1.41162,1.41204,1090199966.430664
2011-06-27 05:48:00,1.41203,1.41203,1.41177,1.41187,1272300033.569336
2011-06-27 05:49:00,1.41186,1.41205,1.41177,1.41205,882799987.7929688
2011-06-27 05:50:00,1.41205,1.4122,1.41201,1.4122,1577700042.7246094
2011-06-27 05:51:00,1.4122,1.4124,1.41208,1.41237,1720700073.2421875
2011-06-27 05:52:00,1.41237,1.41239,1.41216,1.41227,1094800033.569336
2011-06-27 05:53:00,1.41229,1.41238,1.41225,1.41235,592099990.8447266
2011-06-27 05:54:00,1.41235,1.41247,1.41232,1.41246,495000000.0
2011-06-27 05:55:00,1.41247,1.41279,1.41242,1.41279,1466100006.1035156
2011-06-27 05:56:00,1.41278,1.41294,1.41278,1.41282,940299987.7929688
2011-06-27 05:57:00,1.41282,1.41335,1.41278,1.41333,2863699951.171875
2011-06-27 05:58:00,1.41333,1.41338,1.41309,1.41313,2065399932.8613281
2011-06-27 05:59:00,1.41313,1.41335,1.41311,1.41316,929300003.0517578
2011-06-27 06:00:00,1.41316,1.41334,1.41311,1.41322,1234700012.2070312
2011-06-27 06:01:00,1.41321,1.41367,1.4132,1.41362,1354900054.9316406
2011-06-27 06:02:00,1.41368,1.41386,1.41361,1.4138,1499799957.2753906
2011-06-27 06:03:00,1.41379,1.41387,1.41342,1.41344,2294100036.6210938
2011-06-27 06:04:00,1.41342,1.41408,1.41334,1.41408,2370099945.0683594
2011-06-27 06:05:00,1.41406,1.41422,1.414,1.4141,2205200042.7246094
2011-06-27 06:06:00,1.41406,1.41439,1.41406,1.41421,2867999877.9296875
2011-06-27 06:07:00,1.41421,1.41429,1.41403,1.41407,1362299957.2753906
2011-06-27 06:08:00,1.41407,1.41413,1.41394,1.41399,1205800018.3105469
2011-06-27 06:09:00,1.41399,1.414,1.41349,1.4136,1834199981.6894531
2011-06-27 06:10:00,1.4136,1.41363,1.41336,1.41346,1360800018.3105469
2011-06-27 06:11:00,1.41346,1.4138,1.41346,1.41369,1553800048.828125
2011-06-27 06:12:00,1.41369,1.41369,1.41345,1.41363,1200000000.0
2011-06-27 06:13:00,1.41365,1.41365,1.41329,1.41356,1524799957.2753906
2011-06-27 06:14:00,1.41353,1.41353,1.41299,1.413,1353500061.0351562
2011-06-27 06:15:00,1.41299,1.41353,1.41299,1.41345,1386600036.6210938
2011-06-27 06:16:00,1.41345,1.41351,1.41326,1.41331,1376399993.8964844
2011-06-27 06:17:00,1.41331,1.41331,1.41305,1.41305,762699966.4306641
2011-06-27 06:18:00,1.413,1.4131,1.413,1.41309,1121699981.6894531
2011-06-27 06:19:00,1.41308,1.41327,1.41265,1.41269,1802500000.0
2011-06-27 06:20:00,1.4127,1.41285,1.4126,1.41271,1776100006.1035156
2011-06-27 06:21:00,1.41272,1.41274,1.41235,1.41257,1856499938.9648438
2011-06-27 06:22:00,1.41255,1.41255,1.41238,1.41241,993700027.4658203
2011-06-27 06:23:00,1.41242,1.41306,1.4124,1.41293,1994299926.7578125
2011-06-27 06:24:00,1.41295,1.41296,1.41277,1.41291,1084700012.2070312
2011-06-27 06:25:00,1.4129,1.41356,1.4129,1.41334,1400700073.2421875
2011-06-27 06:26:00,1.41336,1.4135,1.41328,1.4134,1321699981.6894531
2011-06-27 06:27:00,1.41339,1.4135,1.41328,1.41347,908499984.7412109
2011-06-27 06:28:00,1.41347,1.4135,1.41317,1.41329,1725000000.0
2011-06-27 06:29:00,1.41323,1.41345,1.41322,1.41332,724800033.5693359
2011-06-27 06:30:00,1.41333,1.41352,1.41328,1.41351,988099975.5859375
2011-06-27 06:31:00,1.4135,1.41401,1.4135,1.41395,1607400054.9316406
2011-06-27 06:32:00,1.41393,1.41412,1.41371,1.41384,1355299987.7929688
2011-06-27 06:33:00,1.41384,1.41391,1.41362,1.41371,1215899963.3789062
2011-06-27 06:34:00,1.4137,1.4141,1.41361,1.41407,1823999938.9648438
2011-06-27 06:35:00,1.41406,1.41421,1.41392,1.41402,2012500000.0
2011-06-27 06:36:00,1.41402,1.41446,1.41394,1.41446,2024499969.4824219
2011-06-27 06:37:00,1.41446,1.41465,1.41435,1.41457,3254700012.2070312
2011-06-27 06:38:00,1.41457,1.41457,1.41421,1.41441,1996600036.6210938
2011-06-27 06:39:00,1.41443,1.41473,1.41443,1.41472,3034700012.2070312
2011-06-27 06:40:00,1.41471,1.41471,1.41424,1.41448,1764700012.2070312
2011-06-27 06:41:00,1.41448,1.41461,1.41441,1.4145,1198300018.3105469
2011-06-27 06:42:00,1.4145,1.41459,1.4143,1.41457,1456000061.0351562
2011-06-27 06:43:00,1.41457,1.41458,1.4144,1.41454,1360200042.7246094
2011-06-27 06:44:00,1.41454,1.41454,1.41381,1.41381,1697899932.8613281
2011-06-27 06:45:00,1.41381,1.41385,1.41336,1.41337,1751600036.6210938
2011-06-27 06:46:00,1.41338,1.4142,1.41337,1.41416,2038099975.5859375
2011-06-27 06:47:00,1.41419,1.41419,1.41382,1.41385,2174499969.482422
2011-06-27 06:48:00,1.41384,1.41414,1.41356,1.41403,2236699981.689453
2011-06-27 06:49:00,1.41403,1.41416,1.41398,1.41406,1046399993.8964844
2011-06-27 06:50:00,1.41406,1.4145,1.41406,1.41424,1857100067.1386719
2011-06-27 06:51:00,1.41423,1.41442,1.41404,1.41424,1839499969.4824219
2011-06-27 06:52:00,1.41422,1.41422,1.41381,1.41388,855100021.3623047
2011-06-27 06:53:00,1.41389,1.41409,1.41367,1.41367,1801100006.1035156
2011-06-27 06:54:00,1.41367,1.41367,1.41318,1.4132,2666199951.171875
2011-06-27 06:55:00,1.4132,1.4134,1.41319,1.41335,1528899993.8964844
2011-06-27 06:56:00,1.41337,1.4135,1.41337,1.41338,1133399963.3789062
2011-06-27 06:57:00,1.41338,1.41388,1.41338,1.41381,1595000000.0
2011-06-27 06:58:00,1.41379,1.41381,1.41348,1.41349,1631100006.1035156
2011-06-27 06:59:00,1.41349,1.41372,1.41345,1.4137,1015800018.3105469
2011-06-27 07:00:00,1.4137,1.41392,1.41365,1.41388,2078500061.0351562
2011-06-27 07:01:00,1.41387,1.41431,1.41387,1.41431,2294199981.689453
2011-06-27 07:02:00,1.41432,1.4153,1.41432,1.41521,3152600097.65625
2011-06-27 07:03:00,1.41522,1.41531,1.41506,1.41513,2773500061.0351562
2011-06-27 07:04:00,1.41512,1.41536,1.41493,1.41516,2462799987.7929688
2011-06-27 07:05:00,1.41516,1.41631,1.41514,1.41631,4681900024.4140625
2011-06-27 07:06:00,1.41633,1.4164,1.41605,1.41609,3802099914.5507812
2011-06-27 07:07:00,1.41605,1.41605,1.41556,1.41558,3306700134.2773438
2011-06-27 07:08:00,1.41558,1.41584,1.4155,1.41577,1889799957.2753906
2011-06-27 07:09:00,1.41578,1.41625,1.41578,1.41588,2736600036.6210938
2011-06-27 07:10:00,1.41591,1.41602,1.41577,1.416,2224100036.6210938
2011-06-27 07:11:00,1.41602,1.41607,1.41563,1.41563,2003999938.9648438
2011-06-27 07:12:00,1.4156,1.4157,1.4155,1.41565,2305800018.310547
2011-06-27 07:13:00,1.41565,1.41571,1.41531,1.41568,2413300018.310547
2011-06-27 07:14:00,1.41569,1.41579,1.41553,1.41556,1526999969.4824219
2011-06-27 07:15:00,1.41557,1.41584,1.41548,1.41579,1433000030.5175781
2011-06-27 07:16:00,1.41579,1.41588,1.41541,1.41578,2943999938.9648438
2011-06-27 07:17:00,1.41577,1.41599,1.41573,1.41573,1691900024.4140625
2011-06-27 07:18:00,1.41575,1.4162,1.4157,1.41594,2653900146.484375
2011-06-27 07:19:00,1.41595,1.41622,1.41561,1.4161,2698399963.3789062
2011-06-27 07:20:00,1.4161,1.41633,1.41604,1.41604,1629600067.1386719
2011-06-27 07:21:00,1.41603,1.41614,1.41582,1.41613,1984799957.2753906
2011-06-27 07:22:00,1.41611,1.41666,1.41605,1.41639,2933399963.3789062
2011-06-27 07:23:00,1.4164,1.41669,1.41632,1.41653,1805299987.7929688
2011-06-27 07:24:00,1.41658,1.41703,1.41642,1.41697,2347400054.9316406
2011-06-27 07:25:00,1.41697,1.4171,1.41669,1.41675,3318900146.484375
2011-06-27 07:26:00,1.41675,1.41687,1.41668,1.41668,1643099975.5859375
2011-06-27 07:27:00,1.41669,1.41703,1.4166,1.41701,2158800048.828125
2011-06-27 07:28:00,1.41697,1.41713,1.41665,1.4168,1993500061.0351562
2011-06-27 07:29:00,1.41685,1.41694,1.41657,1.41685,2304700012.2070312
2011-06-27 07:30:00,1.41685,1.4172,1.41685,1.41714,1903000030.5175781
2011-06-27 07:31:00,1.41712,1.4172,1.41676,1.41678,1887400054.9316406
2011-06-27 07:32:00,1.41679,1.41688,1.41657,1.41667,1938000030.5175781
2011-06-27 07:33:00,1.41665,1.41672,1.41663,1.41664,1497700042.7246094
2011-06-27 07:34:00,1.41664,1.41665,1.41633,1.41648,1596600036.6210938
2011-06-27 07:35:00,1.41648,1.41663,1.41643,1.41661,1909199981.6894531
2011-06-27 07:36:00,1.41661,1.41676,1.4165,1.41661,1815200042.7246094
2011-06-27 07:37:00,1.4166,1.41665,1.41633,1.41637,1777299957.2753906
2011-06-27 07:38:00,1.41637,1.41637,1.4161,1.41614,1529299926.7578125
2011-06-27 07:39:00,1.41614,1.41614,1.41592,1.41604,2153399963.3789062
2011-06-27 07:40:00,1.41606,1.41641,1.41602,1.41636,2646199951.171875
2011-06-27 07:41:00,1.41637,1.41637,1.41597,1.41597,2355200042.7246094
2011-06-27 07:42:00,1.41601,1.41613,1.4157,1.41613,2212500000.0
2011-06-27 07:43:00,1.41613,1.41631,1.4161,1.41629,1229300003.0517578
2011-06-27 07:44:00,1.4163,1.41634,1.41613,1.41615,1321900024.4140625
2011-06-27 07:45:00,1.41614,1.41618,1.41591,1.41591,1358899993.8964844
2011-06-27 07:46:00,1.41591,1.41591,1.41528,1.41542,2671700134.2773438
2011-06-27 07:47:00,1.41541,1.41541,1.41515,1.41521,2142599945.0683594
2011-06-27 07:48:00,1.41524,1.41569,1.41498,1.4156,2019499969.4824219
2011-06-27 07:49:00,1.4156,1.41573,1.41511,1.41513,2318899993.8964844
2011-06-27 07:50:00,1.41513,1.41531,1.41511,1.41531,1306100006.1035156
2011-06-27 07:51:00,1.41531,1.4154,1.41516,1.41536,1750200042.7246094
2011-06-27 07:52:00,1.41536,1.41555,1.41533,1.41535,1340899963.3789062
2011-06-27 07:53:00,1.41536,1.41536,1.41461,1.41463,2385800018.310547
2011-06-27 07:54:00,1.41462,1.4149,1.41462,1.41475,1901100006.1035156
2011-06-27 07:55:00,1.41474,1.41474,1.4136,1.41379,3424200134.2773438
2011-06-27 07:56:00,1.41381,1.41436,1.41379,1.41432,2691700134.2773438
2011-06-27 07:57:00,1.41432,1.41448,1.414,1.41401,2911099853.515625
2011-06-27 07:58:00,1.41399,1.41399,1.41304,1.41312,3675199890.1367188
2011-06-27 07:59:00,1.41314,1.41359,1.41314,1.41341,3315299987.7929688
2011-06-27 08:00:00,1.4134,1.41383,1.4132,1.41369,2647799987.7929688
2011-06-27 08:01:00,1.41372,1.41376,1.41359,1.41368,2936600036.6210938
2011-06-27 08:02:00,1.41368,1.41405,1.41367,1.41381,2329600067.138672
2011-06-27 08:03:00,1.41381,1.41408,1.41365,1.41401,2180599975.5859375
2011-06-27 08:04:00,1.414,1.41409,1.41353,1.41371,3185700073.2421875
2011-06-27 08:05:00,1.41371,1.41393,1.41355,1.41393,1265699996.9482422
2011-06-27 08:06:00,1.41393,1.41413,1.41372,1.41372,1807100067.1386719
2011-06-27 08:07:00,1.41372,1.41393,1.41366,1.41373,1783500061.0351562
2011-06-27 08:08:00,1.41372,1.41374,1.41289,1.4132,2875499877.9296875
2011-06-27 08:09:00,1.41319,1.41321,1.4125,1.4129,2909700012.2070312
2011-06-27 08:10:00,1.4129,1.41334,1.41284,1.41329,2726000061.0351562
2011-06-27 08:11:00,1.41329,1.41333,1.41316,1.41323,1726900024.4140625
2011-06-27 08:12:00,1.41326,1.41329,1.4132,1.41328,1215199966.430664
2011-06-27 08:13:00,1.41328,1.41401,1.41328,1.41387,2807399902.34375
2011-06-27 08:14:00,1.41388,1.4139,1.41361,1.41362,2421100006.1035156
2011-06-27 08:15:00,1.41363,1.41428,1.41363,1.41416,2487700042.7246094
2011-06-27 08:16:00,1.41418,1.4145,1.41401,1.41403,2334700012.2070312
2011-06-27 08:17:00,1.41403,1.41429,1.41403,1.41427,2018800048.828125
2011-06-27 08:18:00,1.41429,1.41459,1.41429,1.41457,2415000000.0
2011-06-27 08:19:00,1.41457,1.41462,1.41416,1.41423,1612700042.7246094
2011-06-27 08:20:00,1.41423,1.41434,1.41412,1.41434,1021699981.6894531
2011-06-27 08:21:00,1.41435,1.4151,1.41435,1.4151,2166399993.8964844
2011-06-27 08:22:00,1.41511,1.41529,1.41506,1.41521,2657600097.65625
2011-06-27 08:23:00,1.41521,1.41537,1.41513,1.41535,1987200012.2070312
2011-06-27 08:24:00,1.41535,1.41569,1.41535,1.41556,2869899902.34375
2011-06-27 08:25:00,1.41558,1.41562,1.4152,1.4153,2099499969.4824219
2011-06-27 08:26:00,1.41529,1.41563,1.41529,1.41553,2089299926.7578125
2011-06-27 08:27:00,1.41551,1.41584,1.41543,1.41577,1497500000.0
2011-06-27 08:28:00,1.41579,1.41579,1.41481,1.41491,2947399902.34375
2011-06-27 08:29:00,1.41489,1.41512,1.41483,1.41491,2139400024.4140625
2011-06-27 08:30:00,1.41489,1.41493,1.41431,1.41438,3334100036.6210938
2011-06-27 08:31:00,1.4144,1.4145,1.4143,1.41434,1540599975.5859375
2011-06-27 08:32:00,1.41435,1.41536,1.41429,1.41525,3019500122.0703125
2011-06-27 08:33:00,1.41525,1.41555,1.41525,1.41542,3262200012.2070312
2011-06-27 08:34:00,1.41542,1.41558,1.41512,1.41557,1838600006.1035156
2011-06-27 08:35:00,1.41557,1.41557,1.41507,1.41522,3579599914.5507812
2011-06-27 08:36:00,1.41521,1.41532,1.41438,1.41491,3430899963.3789062
2011-06-27 08:37:00,1.4149,1.41503,1.41445,1.4145,2908099975.5859375
2011-06-27 08:38:00,1.41451,1.41473,1.41446,1.41473,1542100067.1386719
2011-06-27 08:39:00,1.41474,1.41533,1.41474,1.41501,2221999969.482422
2011-06-27 08:40:00,1.41502,1.41528,1.41471,1.41473,1680399932.8613281
2011-06-27 08:41:00,1.41473,1.41486,1.41467,1.41483,1632899932.8613281
2011-06-27 08:42:00,1.41483,1.41491,1.41419,1.41422,2670700073.2421875
2011-06-27 08:43:00,1.41424,1.41456,1.41424,1.41441,2523500061.0351562
2011-06-27 08:44:00,1.41442,1.41475,1.41442,1.41469,1655299987.7929688
2011-06-27 08:45:00,1.4147,1.41494,1.4147,1.41472,2063699951.171875
2011-06-27 08:46:00,1.41472,1.41474,1.41445,1.41445,1776199951.171875
2011-06-27 08:47:00,1.41445,1.41476,1.41416,1.41471,1985200042.7246094
2011-06-27 08:48:00,1.41466,1.41466,1.41439,1.41445,1690099945.0683594
2011-06-27 08:49:00,1.41445,1.41481,1.41444,1.41477,2041199951.171875
2011-06-27 08:50:00,1.41482,1.41531,1.4148,1.4153,1974499969.4824219
2011-06-27 08:51:00,1.4153,1.41544,1.41521,1.41537,2685499877.9296875
2011-06-27 08:52:00,1.41535,1.41574,1.4153,1.41572,2763399963.3789062
2011-06-27 08:53:00,1.41572,1.41613,1.41569,1.41613,3023699951.171875
2011-06-27 08:54:00,1.41611,1.41668,1.41611,1.41661,4764400024.4140625
2011-06-27 08:55:00,1.41663,1.41713,1.41663,1.41713,4421199951.171875
2011-06-27 08:56:00,1.41713,1.41761,1.41713,1.41738,3842999877.9296875
2011-06-27 08:57:00,1.41741,1.41748,1.41727,1.4174,2097299957.2753906
2011-06-27 08:58:00,1.41738,1.41863,1.41738,1.41856,4114100036.6210938
2011-06-27 08:59:00,1.41857,1.41888,1.41835,1.41843,3866499938.9648438
2011-06-27 09:00:00,1.41849,1.41874,1.41843,1.4187,2677000122.0703125
2011-06-27 09:01:00,1.41869,1.4192,1.41862,1.41907,2894100036.6210938
2011-06-27 09:02:00,1.419,1.41901,1.41849,1.41849,1800700073.2421875
2011-06-27 09:03:00,1.41848,1.41911,1.41848,1.41902,4002900085.4492188
2011-06-27 09:04:00,1.41901,1.4191,1.41841,1.4185,2742000122.0703125
2011-06-27 09:05:00,1.41846,1.41871,1.41841,1.41853,2906400146.484375
2011-06-27 09:06:00,1.41853,1.41874,1.41853,1.41859,2418699951.171875
2011-06-27 09:07:00,1.41859,1.41875,1.4185,1.41867,2928699951.171875
2011-06-27 09:08:00,1.41867,1.41908,1.41856,1.41905,2223600006.1035156
2011-06-27 09:09:00,1.41906,1.41953,1.41905,1.41935,3145899963.3789062
2011-06-27 09:10:00,1.41936,1.41936,1.41902,1.41913,2429799957.2753906
2011-06-27 09:11:00,1.41914,1.41927,1.419,1.41926,1463300018.3105469
2011-06-27 09:12:00,1.41926,1.41939,1.41903,1.41932,1861300048.828125
2011-06-27 09:13:00,1.41933,1.41979,1.41904,1.41909,2670899963.3789062
2011-06-27 09:14:00,1.41909,1.41911,1.41891,1.41908,2567799987.7929688
2011-06-27 09:15:00,1.4191,1.4196,1.41906,1.41942,1984600067.1386719
2011-06-27 09:16:00,1.41946,1.41951,1.4191,1.41946,2100599975.5859375
2011-06-27 09:17:00,1.41946,1.41946,1.41923,1.4193,2131799926.7578125
2011-06-27 09:18:00,1.41929,1.41929,1.41891,1.41913,2031300048.828125
2011-06-27 09:19:00,1.41914,1.41923,1.41892,1.41893,2199799957.2753906
2011-06-27 09:20:00,1.41893,1.41923,1.41876,1.41923,2026300048.828125
2011-06-27 09:21:00,1.41926,1.41961,1.41926,1.41943,2886400146.484375
2011-06-27 09:22:00,1.41944,1.41981,1.41943,1.41981,3060100097.65625
2011-06-27 09:23:00,1.41979,1.42091,1.41972,1.42091,4383299865.722656
2011-06-27 09:24:00,1.4209,1.42093,1.42067,1.42081,3006700134.2773438
2011-06-27 09:25:00,1.42081,1.42081,1.42043,1.42043,2820000000.0
2011-06-27 09:26:00,1.42043,1.42055,1.4204,1.42047,1712500000.0
2011-06-27 09:27:00,1.42049,1.42055,1.42037,1.42045,1735500030.5175781
2011-06-27 09:28:00,1.42045,1.4205,1.42032,1.42035,2003699951.171875
2011-06-27 09:29:00,1.42035,1.42035,1.4201,1.42017,1425800018.3105469
2011-06-27 09:30:00,1.42016,1.42016,1.41989,1.42007,2159299926.7578125
2011-06-27 09:31:00,1.42007,1.42036,1.42001,1.42001,2557100067.138672
2011-06-27 09:32:00,1.41998,1.42006,1.41982,1.4199,2255500030.517578
2011-06-27 09:33:00,1.41988,1.42013,1.41988,1.41995,1595700073.2421875
2011-06-27 09:34:00,1.41995,1.41995,1.41951,1.41968,1988600006.1035156
2011-06-27 09:35:00,1.41968,1.41978,1.41942,1.41964,2130099945.0683594
2011-06-27 09:36:00,1.41967,1.42024,1.41963,1.42023,1909100036.6210938
2011-06-27 09:37:00,1.42023,1.42037,1.41989,1.41989,1861999969.4824219
2011-06-27 09:38:00,1.41986,1.4203,1.41971,1.4203,2219499969.482422
2011-06-27 09:39:00,1.42031,1.42034,1.41996,1.41996,2080800018.3105469
2011-06-27 09:40:00,1.41995,1.42003,1.41981,1.41989,1954100036.6210938
2011-06-27 09:41:00,1.41991,1.41993,1.41975,1.41982,1310200042.7246094
2011-06-27 09:42:00,1.41982,1.41991,1.41982,1.41985,931999969.4824219
2011-06-27 09:43:00,1.41984,1.42003,1.41968,1.41992,1932400054.9316406
2011-06-27 09:44:00,1.41993,1.42003,1.41981,1.41999,1699799957.2753906
2011-06-27 09:45:00,1.41999,1.42008,1.41985,1.42008,1137799987.7929688
2011-06-27 09:46:00,1.42009,1.42052,1.42009,1.42046,1794499969.4824219
2011-06-27 09:47:00,1.42046,1.42046,1.41965,1.41973,2507200012.2070312
2011-06-27 09:48:00,1.41976,1.41988,1.41969,1.41972,2112500000.0
2011-06-27 09:49:00,1.41975,1.41985,1.41954,1.41967,2298600006.1035156
2011-06-27 09:50:00,1.41968,1.4197,1.41952,1.4196,1605899963.3789062
2011-06-27 09:51:00,1.4196,1.41976,1.41952,1.41952,1565299987.7929688
2011-06-27 09:52:00,1.41952,1.41954,1.41943,1.41947,1712899932.8613281
2011-06-27 09:53:00,1.41945,1.4195,1.41921,1.41921,1425599975.5859375
2011-06-27 09:54:00,1.41924,1.41924,1.41898,1.419,2496699981.689453
2011-06-27 09:55:00,1.419,1.41904,1.41872,1.41873,904899978.6376953
2011-06-27 09:56:00,1.41873,1.41899,1.41871,1.41887,2465000000.0
2011-06-27 09:57:00,1.41889,1.41925,1.41877,1.41922,2455500030.517578
2011-06-27 09:58:00,1.41922,1.41972,1.41915,1.41958,2816300048.828125
2011-06-27 09:59:00,1.41954,1.41977,1.41945,1.41955,2638399963.3789062
2011-06-27 10:00:00,1.41955,1.4198,1.41951,1.41975,2269400024.4140625
2011-06-27 10:01:00,1.41975,1.41975,1.41925,1.41927,1905500030.5175781
2011-06-27 10:02:00,1.41928,1.41954,1.41921,1.41938,1732100067.1386719
2011-06-27 10:03:00,1.41937,1.4195,1.41932,1.41947,1708999938.9648438
2011-06-27 10:04:00,1.41947,1.41948,1.41934,1.41946,1657100067.1386719
2011-06-27 10:05:00,1.41947,1.42057,1.41944,1.42041,3081300048.828125
2011-06-27 10:06:00,1.42041,1.42112,1.42029,1.42085,3336199951.171875
2011-06-27 10:07:00,1.42084,1.421,1.4203,1.4203,3448999938.9648438
2011-06-27 10:08:00,1.42034,1.42055,1.42023,1.42042,2259299926.7578125
2011-06-27 10:09:00,1.42036,1.42151,1.42031,1.42143,3798299865.7226562
2011-06-27 10:10:00,1.42143,1.42148,1.4211,1.42111,2422500000.0
2011-06-27 10:11:00,1.42111,1.42141,1.42101,1.42137,2788200073.2421875
2011-06-27 10:12:00,1.42142,1.42157,1.42132,1.42135,2346799926.7578125
2011-06-27 10:13:00,1.42137,1.42166,1.42133,1.42135,2428999938.9648438
2011-06-27 10:14:00,1.42135,1.42156,1.4212,1.42155,2421300048.828125
2011-06-27 10:15:00,1.42155,1.42188,1.42127,1.42133,3598399963.3789062
2011-06-27 10:16:00,1.42131,1.42131,1.42111,1.42117,956399993.8964844
2011-06-27 10:17:00,1.42118,1.42147,1.42118,1.42147,1711900024.4140625
2011-06-27 10:18:00,1.42148,1.4215,1.42114,1.4212,2089700012.2070312
2011-06-27 10:19:00,1.42119,1.42134,1.42112,1.42134,1720899963.3789062
2011-06-27 10:20:00,1.42136,1.4214,1.42115,1.42115,1917400054.9316406
2011-06-27 10:21:00,1.42115,1.42153,1.42095,1.42153,2420399932.861328
2011-06-27 10:22:00,1.42149,1.42189,1.42147,1.42147,2855899963.3789062
2011-06-27 10:23:00,1.42145,1.42247,1.4213,1.42221,3976799926.7578125
2011-06-27 10:24:00,1.42223,1.4224,1.42183,1.42199,2725299987.7929688
2011-06-27 10:25:00,1.42199,1.42253,1.42199,1.42252,2779899902.34375
2011-06-27 10:26:00,1.42251,1.42259,1.42222,1.42247,3342699890.1367188
2011-06-27 10:27:00,1.42248,1.42249,1.42226,1.42228,2005399932.8613281
2011-06-27 10:28:00,1.42227,1.42236,1.42206,1.42206,1963500061.0351562
2011-06-27 10:29:00,1.42205,1.42218,1.4219,1.42218,2338500061.0351562
2011-06-27 10:30:00,1.42217,1.42244,1.42195,1.42232,3028699951.171875
2011-06-27 10:31:00,1.42232,1.42235,1.42191,1.42198,2776400146.484375
2011-06-27 10:32:00,1.42197,1.4221,1.42178,1.42181,2652399902.34375
2011-06-27 10:33:00,1.42178,1.42179,1.42155,1.42162,2389299926.7578125
2011-06-27 10:34:00,1.42161,1.42197,1.42161,1.42197,1862100067.1386719
2011-06-27 10:35:00,1.42199,1.4224,1.42186,1.42237,2291600036.6210938
2011-06-27 10:36:00,1.42236,1.42257,1.42233,1.42257,1569700012.2070312
2011-06-27 10:37:00,1.42258,1.42282,1.42247,1.42282,3522699890.1367188
2011-06-27 10:38:00,1.42281,1.42357,1.42281,1.42345,4019299926.7578125
2011-06-27 10:39:00,1.4234,1.42365,1.4232,1.4232,2398399963.3789062
2011-06-27 10:40:00,1.42315,1.42315,1.42286,1.4231,1985800018.3105469
2011-06-27 10:41:00,1.42311,1.42335,1.42304,1.42315,2189600067.138672
2011-06-27 10:42:00,1.42314,1.42321,1.42292,1.42293,2400099945.0683594
2011-06-27 10:43:00,1.42292,1.42302,1.42291,1.42294,1508099975.5859375
2011-06-27 10:44:00,1.42293,1.42321,1.42291,1.42309,1730800018.3105469
2011-06-27 10:45:00,1.4231,1.42315,1.4229,1.4229,1957100067.1386719
2011-06-27 10:46:00,1.4229,1.42296,1.42271,1.42276,1571399993.8964844
2011-06-27 10:47:00,1.42276,1.42277,1.42234,1.42237,1357899932.8613281
2011-06-27 10:48:00,1.42239,1.42239,1.4221,1.42221,1548000030.5175781
2011-06-27 10:49:00,1.42219,1.42225,1.42196,1.42199,1434700012.2070312
2011-06-27 10:50:00,1.42199,1.42206,1.4218,1.42205,1914900054.9316406
2011-06-27 10:51:00,1.42206,1.42209,1.42189,1.42194,2126499938.9648438
2011-06-27 10:52:00,1.42192,1.42199,1.42183,1.42185,1318500061.0351562
2011-06-27 10:53:00,1.42186,1.42199,1.42185,1.42189,1726999969.4824219
2011-06-27 10:54:00,1.42191,1.42205,1.42186,1.42202,910899963.3789062
2011-06-27 10:55:00,1.42201,1.42203,1.42183,1.42186,1269100036.6210938
2011-06-27 10:56:00,1.42186,1.42192,1.42138,1.42138,2049100036.6210938
2011-06-27 10:57:00,1.42138,1.42173,1.42138,1.42166,1551100006.1035156
2011-06-27 10:58:00,1.42168,1.42168,1.42146,1.42152,1589499969.4824219
2011-06-27 10:59:00,1.42153,1.42155,1.42129,1.42141,1943000030.5175781
2011-06-27 11:00:00,1.42137,1.42165,1.42137,1.42151,2143399963.3789062
2011-06-27 11:01:00,1.42151,1.42168,1.42144,1.42158,2444600067.138672
2011-06-27 11:02:00,1.4216,1.42179,1.42154,1.42176,2308200073.2421875
2011-06-27 11:03:00,1.42177,1.42193,1.42177,1.4219,1428000030.5175781
2011-06-27 11:04:00,1.4219,1.42194,1.42155,1.42159,1175000000.0
2011-06-27 11:05:00,1.42161,1.42173,1.42125,1.42137,2390399932.861328
2011-06-27 11:06:00,1.42137,1.42155,1.42124,1.42144,1789600067.1386719
2011-06-27 11:07:00,1.42144,1.42167,1.42135,1.42139,1854299926.7578125
2011-06-27 11:08:00,1.42138,1.42176,1.42133,1.42137,3222000122.0703125
2011-06-27 11:09:00,1.42136,1.42136,1.4208,1.42103,1777100067.1386719
2011-06-27 11:10:00,1.42105,1.4211,1.4208,1.42084,2409199981.689453
2011-06-27 11:11:00,1.42084,1.42097,1.42081,1.42084,1550200042.7246094
2011-06-27 11:12:00,1.42087,1.4211,1.42084,1.42088,2321999969.482422
2011-06-27 11:13:00,1.42089,1.42138,1.42083,1.42138,1743999938.9648438
2011-06-27 11:14:00,1.4214,1.42141,1.42116,1.42118,2221799926.7578125
2011-06-27 11:15:00,1.42119,1.42194,1.42119,1.4219,2306600036.6210938
2011-06-27 11:16:00,1.42191,1.42221,1.42189,1.42193,2383000030.517578
2011-06-27 11:17:00,1.42192,1.422,1.42159,1.42159,2021999969.4824219
2011-06-27 11:18:00,1.42159,1.42172,1.42139,1.42172,2174199981.689453
2011-06-27 11:19:00,1.42176,1.42217,1.42167,1.42214,1929700012.2070312
2011-06-27 11:20:00,1.42214,1.42217,1.4218,1.4218,1756799926.7578125
2011-06-27 11:21:00,1.42179,1.42186,1.42153,1.42155,1111600036.6210938
2011-06-27 11:22:00,1.42155,1.42186,1.4215,1.42181,1873200073.2421875
2011-06-27 11:23:00,1.4218,1.42191,1.42152,1.42163,2248200073.2421875
2011-06-27 11:24:00,1.42162,1.42171,1.42159,1.42161,979199981.6894531
2011-06-27 11:25:00,1.4216,1.4216,1.42127,1.4213,1431399993.8964844
2011-06-27 11:26:00,1.4213,1.4214,1.42103,1.42119,1626399993.8964844
2011-06-27 11:27:00,1.4212,1.42141,1.42115,1.42129,2088999938.9648438
2011-06-27 11:28:00,1.42127,1.42158,1.42122,1.42138,1665800018.3105469
2011-06-27 11:29:00,1.42138,1.42139,1.42082,1.42085,1605000000.0
2011-06-27 11:30:00,1.42085,1.42114,1.42081,1.42112,1857500000.0
2011-06-27 11:31:00,1.42111,1.42115,1.42084,1.42084,1893000030.5175781
2011-06-27 11:32:00,1.42084,1.42107,1.42081,1.4209,1565700073.2421875
2011-06-27 11:33:00,1.42087,1.42103,1.42073,1.42076,1870700073.2421875
2011-06-27 11:34:00,1.42079,1.42086,1.4207,1.42075,1676999969.4824219
2011-06-27 11:35:00,1.42073,1.42082,1.42058,1.42079,2226499938.9648438
2011-06-27 11:36:00,1.4208,1.4208,1.42049,1.42049,1964600067.1386719
2011-06-27 11:37:00,1.4205,1.42056,1.4203,1.42032,1270100021.3623047
2011-06-27 11:38:00,1.42033,1.42059,1.4203,1.42048,1859799957.2753906
2011-06-27 11:39:00,1.42048,1.42085,1.42048,1.42081,1775800018.3105469
2011-06-27 11:40:00,1.42081,1.42114,1.4207,1.4211,1333800048.828125
2011-06-27 11:41:00,1.4211,1.4211,1.42081,1.42081,2208399963.3789062
2011-06-27 11:42:00,1.42081,1.42088,1.42068,1.42068,1282799987.7929688
2011-06-27 11:43:00,1.4207,1.4209,1.42065,1.4208,1006299972.5341797
2011-06-27 11:44:00,1.42079,1.42096,1.42068,1.42094,990899963.3789062
2011-06-27 11:45:00,1.42095,1.42141,1.42095,1.42126,2349400024.4140625
2011-06-27 11:46:00,1.42123,1.42123,1.42086,1.42086,1559600067.1386719
2011-06-27 11:47:00,1.42085,1.42085,1.42059,1.42073,1350899963.3789062
2011-06-27 11:48:00,1.42075,1.42089,1.4206,1.42068,1269000015.258789
2011-06-27 11:49:00,1.42069,1.42069,1.42031,1.42055,1281100006.1035156
2011-06-27 11:50:00,1.42055,1.42055,1.42026,1.4203,1421199951.171875
2011-06-27 11:51:00,1.42027,1.42047,1.42026,1.42038,1144300003.0517578
2011-06-27 11:52:00,1.42042,1.42083,1.42042,1.42077,1329100036.6210938
2011-06-27 11:53:00,1.42076,1.42077,1.4203,1.4203,1236299972.5341797
2011-06-27 11:54:00,1.42027,1.42071,1.42027,1.42045,1776499938.9648438
2011-06-27 11:55:00,1.42045,1.42048,1.42026,1.42032,976600036.6210938
2011-06-27 11:56:00,1.42029,1.42061,1.42029,1.42058,1035400009.1552734
2011-06-27 11:57:00,1.42059,1.42062,1.42015,1.42015,1878699951.171875
2011-06-27 11:58:00,1.42014,1.42015,1.41987,1.41998,2840599975.5859375
2011-06-27 11:59:00,1.41999,1.41999,1.41936,1.41961,2160299987.7929688
2011-06-27 12:00:00,1.41962,1.42032,1.41962,1.4203,3459800109.8632812
2011-06-27 12:01:00,1.42031,1.4206,1.42012,1.42048,4133200073.2421875
2011-06-27 12:02:00,1.42048,1.42066,1.42024,1.42024,2944599914.5507812
2011-06-27 12:03:00,1.42028,1.42049,1.42022,1.42031,1608000030.5175781
2011-06-27 12:04:00,1.42031,1.42039,1.42005,1.42039,1970800018.3105469
2011-06-27 12:05:00,1.42039,1.4209,1.4203,1.4209,2224199981.689453
2011-06-27 12:06:00,1.4209,1.4209,1.42026,1.42029,1692100067.1386719
2011-06-27 12:07:00,1.42035,1.42055,1.42011,1.42045,1907299957.2753906
2011-06-27 12:08:00,1.42045,1.42068,1.42032,1.42058,1550099945.0683594
2011-06-27 12:09:00,1.42056,1.42056,1.42021,1.4204,1571699981.6894531
2011-06-27 12:10:00,1.42039,1.42052,1.4202,1.42052,1406199951.171875
2011-06-27 12:11:00,1.42052,1.42069,1.4205,1.42058,1598899993.8964844
2011-06-27 12:12:00,1.42057,1.42071,1.42041,1.42043,1714600067.1386719
2011-06-27 12:13:00,1.42046,1.42053,1.42039,1.42051,922600021.3623047
2011-06-27 12:14:00,1.42053,1.42078,1.42026,1.42057,2303800048.828125
2011-06-27 12:15:00,1.42057,1.42081,1.4205,1.42069,3144299926.7578125
2011-06-27 12:16:00,1.42069,1.42092,1.42069,1.42089,1805500030.5175781
2011-06-27 12:17:00,1.42087,1.42108,1.42082,1.42099,2058999938.9648438
2011-06-27 12:18:00,1.42096,1.42141,1.42096,1.42141,1549600067.1386719
2011-06-27 12:19:00,1.42141,1.42191,1.42141,1.42186,2220200042.7246094
2011-06-27 12:20:00,1.42186,1.42186,1.4213,1.42137,2626000061.0351562
2011-06-27 12:21:00,1.42137,1.42168,1.42132,1.42158,2224199981.689453
2011-06-27 12:22:00,1.42158,1.42188,1.42139,1.42188,2072799987.7929688
2011-06-27 12:23:00,1.42188,1.42191,1.42175,1.42189,1436499938.9648438
2011-06-27 12:24:00,1.42189,1.42189,1.4215,1.42151,1482700042.7246094
2011-06-27 12:25:00,1.42151,1.42162,1.4212,1.42135,1838000030.5175781
2011-06-27 12:26:00,1.42135,1.4214,1.42116,1.42119,1127099990.8447266
2011-06-27 12:27:00,1.42119,1.4212,1.4207,1.42072,1564600067.1386719
2011-06-27 12:28:00,1.42072,1.42072,1.42047,1.42062,1529799957.2753906
2011-06-27 12:29:00,1.42058,1.42061,1.42038,1.42059,1903000030.5175781
2011-06-27 12:30:00,1.42061,1.42061,1.41999,1.42024,3108099975.5859375
2011-06-27 12:31:00,1.42025,1.42044,1.42013,1.42024,2794700012.2070312
2011-06-27 12:32:00,1.42024,1.42024,1.41956,1.41962,3203900146.484375
2011-06-27 12:33:00,1.41962,1.41998,1.41961,1.41962,2426600036.6210938
2011-06-27 12:34:00,1.41962,1.41987,1.41953,1.4198,2043600006.1035156
2011-06-27 12:35:00,1.41977,1.42014,1.41954,1.42014,2466999969.482422
2011-06-27 12:36:00,1.42015,1.42028,1.41994,1.41998,2138999938.9648438
2011-06-27 12:37:00,1.41997,1.42026,1.4199,1.42015,1946300048.828125
2011-06-27 12:38:00,1.42015,1.42015,1.41948,1.41948,2756799926.7578125
2011-06-27 12:39:00,1.41949,1.41953,1.41916,1.41921,1512599945.0683594
2011-06-27 12:40:00,1.41921,1.41929,1.4189,1.41898,2400099945.0683594
2011-06-27 12:41:00,1.41899,1.41931,1.41892,1.41923,2507899932.861328
2011-06-27 12:42:00,1.41923,1.41923,1.41893,1.419,2514400024.4140625
2011-06-27 12:43:00,1.41901,1.41934,1.41899,1.41932,2228399963.3789062
2011-06-27 12:44:00,1.41931,1.41983,1.41931,1.41965,1746600036.6210938
2011-06-27 12:45:00,1.41966,1.41966,1.41935,1.41955,2046100006.1035156
2011-06-27 12:46:00,1.41958,1.41967,1.41948,1.41961,1640700073.2421875
2011-06-27 12:47:00,1.4196,1.4197,1.41949,1.41963,1160899963.3789062
2011-06-27 12:48:00,1.41962,1.41991,1.41962,1.41981,2092899932.8613281
2011-06-27 12:49:00,1.41981,1.41991,1.41954,1.41971,1511300048.828125
2011-06-27 12:50:00,1.4197,1.41998,1.41959,1.41991,1787899932.8613281
2011-06-27 12:51:00,1.4199,1.42022,1.41989,1.4202,2058200073.2421875
2011-06-27 12:52:00,1.42022,1.42036,1.42021,1.42029,1868899993.8964844
2011-06-27 12:53:00,1.42025,1.42025,1.42005,1.4201,2311399993.8964844
2011-06-27 12:54:00,1.42009,1.42009,1.41979,1.41988,1805099945.0683594
2011-06-27 12:55:00,1.4199,1.42015,1.41989,1.41998,1299400024.4140625
2011-06-27 12:56:00,1.41998,1.41998,1.4191,1.41934,2577999877.9296875
2011-06-27 12:57:00,1.41935,1.41965,1.4192,1.41954,1772700042.7246094
2011-06-27 12:58:00,1.41955,1.41963,1.41935,1.41936,1015299987.7929688
2011-06-27 12:59:00,1.4194,1.4194,1.41851,1.41862,1673600006.1035156
2011-06-27 13:00:00,1.4186,1.4186,1.41807,1.41834,3364899902.34375
2011-06-27 13:01:00,1.41833,1.41882,1.41823,1.41867,2539400024.4140625
2011-06-27 13:02:00,1.41867,1.41871,1.41823,1.41842,1933600006.1035156
2011-06-27 13:03:00,1.41841,1.41841,1.41802,1.41808,2469400024.4140625
2011-06-27 13:04:00,1.41809,1.4184,1.41797,1.41832,2433500061.0351562
2011-06-27 13:05:00,1.41831,1.4185,1.4183,1.41842,2089100036.6210938
2011-06-27 13:06:00,1.41842,1.41874,1.41839,1.41843,2345500030.517578
2011-06-27 13:07:00,1.41842,1.41866,1.41823,1.4183,2557400054.9316406
2011-06-27 13:08:00,1.41828,1.41829,1.4179,1.41803,1516999969.4824219
2011-06-27 13:09:00,1.41802,1.41824,1.41792,1.41824,1786499938.9648438
2011-06-27 13:10:00,1.41826,1.4185,1.41818,1.41829,2006699981.6894531
2011-06-27 13:11:00,1.41828,1.41871,1.41821,1.41857,2682500000.0
2011-06-27 13:12:00,1.41856,1.41869,1.41811,1.41819,2409100036.6210938
2011-06-27 13:13:00,1.4182,1.41831,1.41782,1.41782,1643800048.828125
2011-06-27 13:14:00,1.41784,1.41791,1.4175,1.4175,1726000061.0351562
2011-06-27 13:15:00,1.41748,1.41759,1.41698,1.41751,2626400146.484375
2011-06-27 13:16:00,1.41751,1.41774,1.4175,1.41764,1592299957.2753906
2011-06-27 13:17:00,1.41765,1.41771,1.41751,1.41753,1103000030.5175781
2011-06-27 13:18:00,1.41753,1.41811,1.41744,1.4181,1702299957.2753906
2011-06-27 13:19:00,1.41811,1.41811,1.41768,1.41768,1851199951.171875
2011-06-27 13:20:00,1.41762,1.41771,1.41759,1.41763,1738600006.1035156
2011-06-27 13:21:00,1.41763,1.41774,1.41725,1.41725,2154700012.2070312
2011-06-27 13:22:00,1.41721,1.41731,1.41696,1.41726,2898500061.0351562
2011-06-27 13:23:00,1.41731,1.41741,1.4172,1.41735,1553999938.9648438
2011-06-27 13:24:00,1.41734,1.41751,1.41692,1.41692,1747599945.0683594
2011-06-27 13:25:00,1.41687,1.41724,1.4168,1.41721,2803299865.7226562
2011-06-27 13:26:00,1.4172,1.4173,1.41686,1.41712,2572699890.1367188
2011-06-27 13:27:00,1.41714,1.41732,1.41714,1.41722,1256999969.4824219
2011-06-27 13:28:00,1.4172,1.41739,1.41703,1.41739,1847799987.7929688
2011-06-27 13:29:00,1.41739,1.41789,1.41739,1.41773,2652500000.0
2011-06-27 13:30:00,1.41774,1.41823,1.41774,1.4179,2484499969.482422
2011-06-27 13:31:00,1.41793,1.4182,1.4177,1.41819,3052600097.65625
2011-06-27 13:32:00,1.41821,1.4184,1.41812,1.41821,2300899963.3789062
2011-06-27 13:33:00,1.41817,1.41846,1.41803,1.41842,1798000030.5175781
2011-06-27 13:34:00,1.41842,1.41853,1.41804,1.41814,2152400054.9316406
2011-06-27 13:35:00,1.41817,1.41817,1.41767,1.41778,2468999938.9648438
2011-06-27 13:36:00,1.41785,1.41785,1.41746,1.41761,2914200134.2773438
2011-06-27 13:37:00,1.41761,1.41762,1.41713,1.41739,1948699951.171875
2011-06-27 13:38:00,1.41742,1.418,1.41742,1.4178,2253000030.517578
2011-06-27 13:39:00,1.4178,1.41783,1.41741,1.41758,2246600036.6210938
2011-06-27 13:40:00,1.41762,1.41762,1.41698,1.41703,2715599975.5859375
2011-06-27 13:41:00,1.41701,1.41752,1.41697,1.41743,2249299926.7578125
2011-06-27 13:42:00,1.41742,1.4187,1.41733,1.4187,3385599975.5859375
2011-06-27 13:43:00,1.41871,1.41932,1.41868,1.41928,3454899902.34375
2011-06-27 13:44:00,1.41929,1.42031,1.41885,1.42023,3496099853.515625
2011-06-27 13:45:00,1.42023,1.42074,1.41999,1.42074,3616099853.515625
2011-06-27 13:46:00,1.42076,1.42118,1.42074,1.42102,3282799987.7929688
2011-06-27 13:47:00,1.42104,1.42147,1.42052,1.42052,3307600097.65625
2011-06-27 13:48:00,1.42052,1.4217,1.42045,1.42165,3954899902.34375
2011-06-27 13:49:00,1.42163,1.42197,1.4214,1.42182,3172099914.5507812
2011-06-27 13:50:00,1.42181,1.42291,1.42174,1.42216,4042399902.34375
2011-06-27 13:51:00,1.42217,1.42275,1.42204,1.42275,3240400085.4492188
2011-06-27 13:52:00,1.42278,1.42307,1.42262,1.42292,3093999938.9648438
2011-06-27 13:53:00,1.42291,1.42375,1.42291,1.42306,4035299987.7929688
2011-06-27 13:54:00,1.42299,1.42331,1.42246,1.42253,3131900024.4140625
2011-06-27 13:55:00,1.42252,1.42287,1.42229,1.42254,3474200134.2773438
2011-06-27 13:56:00,1.42255,1.42279,1.42221,1.42233,2446100006.1035156
2011-06-27 13:57:00,1.42232,1.42281,1.42211,1.42262,2415700073.2421875
2011-06-27 13:58:00,1.42262,1.42272,1.42233,1.42248,1799299926.7578125
2011-06-27 13:59:00,1.42247,1.4229,1.42247,1.42253,2591799926.7578125
2011-06-27 14:00:00,1.42255,1.42291,1.42235,1.42237,2730000000.0
2011-06-27 14:01:00,1.4224,1.42323,1.4224,1.42312,3116799926.7578125
2011-06-27 14:02:00,1.42313,1.42335,1.42281,1.42323,3239700012.2070312
2011-06-27 14:03:00,1.42324,1.42422,1.42324,1.42408,3442900085.4492188
2011-06-27 14:04:00,1.42408,1.42419,1.4234,1.4236,2921700134.2773438
2011-06-27 14:05:00,1.42361,1.42361,1.42321,1.42323,2415599975.5859375
2011-06-27 14:06:00,1.42322,1.42326,1.42258,1.4226,2768099975.5859375
2011-06-27 14:07:00,1.42261,1.42263,1.42232,1.42261,1849499969.4824219
2011-06-27 14:08:00,1.42261,1.42302,1.42261,1.42284,2850499877.9296875
2011-06-27 14:09:00,1.42282,1.42282,1.42224,1.42231,2100099945.0683594
2011-06-27 14:10:00,1.42231,1.42293,1.42228,1.42274,2231199951.171875
2011-06-27 14:11:00,1.42275,1.42321,1.42275,1.42289,2531199951.171875
2011-06-27 14:12:00,1.42289,1.42351,1.4228,1.42324,2640499877.9296875
2011-06-27 14:13:00,1.42324,1.42411,1.42324,1.42381,3366499938.9648438
2011-06-27 14:14:00,1.42381,1.42398,1.4236,1.42388,2605499877.9296875
2011-06-27 14:15:00,1.4239,1.4241,1.42343,1.42343,2443899993.8964844
2011-06-27 14:16:00,1.42343,1.42451,1.42343,1.42451,2540099945.0683594
2011-06-27 14:17:00,1.42452,1.42455,1.4238,1.42414,2818800048.828125
2011-06-27 14:18:00,1.42416,1.42429,1.42391,1.42411,2417700042.7246094
2011-06-27 14:19:00,1.42412,1.42468,1.42412,1.42468,2464499969.482422
2011-06-27 14:20:00,1.42469,1.42491,1.4245,1.4245,3176000061.0351562
2011-06-27 14:21:00,1.4245,1.42599,1.4245,1.4259,4622099914.550781
2011-06-27 14:22:00,1.4259,1.42665,1.42589,1.42641,4430700073.2421875
2011-06-27 14:23:00,1.42636,1.42644,1.4259,1.4261,3127200012.2070312
2011-06-27 14:24:00,1.42614,1.4265,1.4259,1.42598,4253800048.828125
2011-06-27 14:25:00,1.42597,1.42661,1.42594,1.42619,3476000061.0351562
2011-06-27 14:26:00,1.42621,1.42646,1.42613,1.42635,3263099975.5859375
2011-06-27 14:27:00,1.42634,1.4266,1.42629,1.4263,3250400085.4492188
2011-06-27 14:28:00,1.42636,1.4265,1.4263,1.42638,2296000061.0351562
2011-06-27 14:29:00,1.42637,1.42723,1.42636,1.42717,3379899902.34375
2011-06-27 14:30:00,1.42715,1.42763,1.42694,1.42749,4141799926.7578125
2011-06-27 14:31:00,1.42755,1.42761,1.42711,1.42724,3123800048.828125
2011-06-27 14:32:00,1.42723,1.42742,1.42672,1.42688,3484400024.4140625
2011-06-27 14:33:00,1.42692,1.42713,1.42659,1.42667,2984899902.34375
2011-06-27 14:34:00,1.42667,1.42672,1.42633,1.42636,2602900085.4492188
2011-06-27 14:35:00,1.42636,1.42681,1.4263,1.42681,2794200134.2773438
2011-06-27 14:36:00,1.42687,1.42692,1.42659,1.42661,2474400024.4140625
2011-06-27 14:37:00,1.4266,1.42736,1.42657,1.42697,2943299865.7226562
2011-06-27 14:38:00,1.42698,1.42702,1.42673,1.42676,1415700073.2421875
2011-06-27 14:39:00,1.42672,1.42672,1.42637,1.42643,1907400054.9316406
2011-06-27 14:40:00,1.42643,1.42643,1.42629,1.42638,1585000000.0
2011-06-27 14:41:00,1.42637,1.4265,1.42621,1.42631,2416900024.4140625
2011-06-27 14:42:00,1.42631,1.42641,1.42615,1.42641,2221699981.689453
2011-06-27 14:43:00,1.42641,1.4266,1.4262,1.42637,2067500000.0
2011-06-27 14:44:00,1.42637,1.42762,1.42637,1.42739,3549899902.34375
2011-06-27 14:45:00,1.42739,1.4282,1.42739,1.4281,3261600036.6210938
2011-06-27 14:46:00,1.4281,1.42824,1.4278,1.4278,3162099914.5507812
2011-06-27 14:47:00,1.42779,1.42797,1.42765,1.42772,2573500061.0351562
2011-06-27 14:48:00,1.42772,1.4283,1.42757,1.4283,2359600067.138672
2011-06-27 14:49:00,1.4283,1.42853,1.42799,1.42808,3186199951.171875
2011-06-27 14:50:00,1.42809,1.42839,1.42805,1.42811,2456600036.6210938
2011-06-27 14:51:00,1.42812,1.42881,1.42803,1.4287,2982200012.2070312
2011-06-27 14:52:00,1.42868,1.42879,1.42794,1.42796,2956300048.828125
2011-06-27 14:53:00,1.42798,1.42807,1.42769,1.42769,1848099975.5859375
2011-06-27 14:54:00,1.42768,1.42803,1.4275,1.42802,2100599975.5859375
2011-06-27 14:55:00,1.42802,1.42802,1.42759,1.42762,2730499877.9296875
2011-06-27 14:56:00,1.42763,1.42799,1.42762,1.42771,2294100036.6210938
2011-06-27 14:57:00,1.42769,1.42775,1.42744,1.42771,2081699981.6894531
2011-06-27 14:58:00,1.42772,1.42795,1.42771,1.42777,1711799926.7578125
2011-06-27 14:59:00,1.42775,1.42814,1.42771,1.42802,1951300048.828125
2011-06-27 15:00:00,1.42801,1.42833,1.42796,1.42799,2103999938.9648438
2011-06-27 15:01:00,1.42797,1.4288,1.42792,1.42877,2249100036.6210938
2011-06-27 15:02:00,1.42879,1.42923,1.42878,1.42883,3038800048.828125
2011-06-27 15:03:00,1.42885,1.42921,1.42879,1.4288,2062100067.1386719
2011-06-27 15:04:00,1.42879,1.42908,1.42864,1.42881,2513500061.0351562
2011-06-27 15:05:00,1.42881,1.42881,1.42823,1.42828,2144700012.2070312
2011-06-27 15:06:00,1.42825,1.42836,1.42807,1.42821,1595299987.7929688
2011-06-27 15:07:00,1.42822,1.42829,1.42749,1.42752,3051499938.9648438
2011-06-27 15:08:00,1.42754,1.42761,1.42725,1.42746,2581300048.828125
2011-06-27 15:09:00,1.42747,1.42763,1.42715,1.42716,2411799926.7578125
2011-06-27 15:10:00,1.42715,1.42728,1.42706,1.42712,2041699981.6894531
2011-06-27 15:11:00,1.42711,1.42717,1.42691,1.42697,1778999938.9648438
2011-06-27 15:12:00,1.42697,1.42723,1.42682,1.42723,2331799926.7578125
2011-06-27 15:13:00,1.42721,1.42721,1.4271,1.4271,1198099975.5859375
2011-06-27 15:14:00,1.42712,1.42763,1.42711,1.42741,2543699951.171875
2011-06-27 15:15:00,1.4274,1.4274,1.427,1.42711,2425399932.861328
2011-06-27 15:16:00,1.42709,1.42709,1.42681,1.42692,2416900024.4140625
2011-06-27 15:17:00,1.42692,1.42692,1.42649,1.42659,2899700012.2070312
2011-06-27 15:18:00,1.42658,1.4267,1.42641,1.4265,2245200042.7246094
2011-06-27 15:19:00,1.42656,1.42668,1.42651,1.42652,1833899993.8964844
2011-06-27 15:20:00,1.42653,1.4267,1.42639,1.42662,2309600067.138672
2011-06-27 15:21:00,1.42661,1.42689,1.4266,1.42681,1932799987.7929688
2011-06-27 15:22:00,1.42682,1.42684,1.42662,1.42671,1671600036.6210938
2011-06-27 15:23:00,1.42669,1.42682,1.42667,1.42676,1332200012.2070312
2011-06-27 15:24:00,1.42675,1.42676,1.4265,1.4265,1456499938.9648438
2011-06-27 15:25:00,1.42651,1.42665,1.42651,1.42663,1851699981.6894531
2011-06-27 15:26:00,1.42663,1.42694,1.42657,1.42687,1576799926.7578125
2011-06-27 15:27:00,1.42685,1.42716,1.42685,1.4271,2126100006.1035156
2011-06-27 15:28:00,1.4271,1.42721,1.42708,1.42709,1954499969.4824219
2011-06-27 15:29:00,1.4271,1.4271,1.42667,1.4269,2118999938.9648438
2011-06-27 15:30:00,1.42688,1.42695,1.42658,1.42661,1836699981.6894531
2011-06-27 15:31:00,1.42661,1.4267,1.42652,1.42653,1204100036.6210938
2011-06-27 15:32:00,1.42652,1.42671,1.42642,1.42651,1816199951.171875
2011-06-27 15:33:00,1.42652,1.42686,1.42648,1.42655,2360000000.0
2011-06-27 15:34:00,1.42657,1.42696,1.42657,1.42684,1284299926.7578125
2011-06-27 15:35:00,1.42689,1.42711,1.42687,1.42703,1777400054.9316406
2011-06-27 15:36:00,1.42702,1.42707,1.42674,1.42676,1371499938.9648438
2011-06-27 15:37:00,1.4268,1.42713,1.42677,1.42713,1741900024.4140625
2011-06-27 15:38:00,1.42708,1.42709,1.4266,1.42663,2341600036.6210938
2011-06-27 15:39:00,1.4266,1.4269,1.42652,1.42659,1948899993.8964844
2011-06-27 15:40:00,1.42656,1.42666,1.4263,1.4263,1929400024.4140625
2011-06-27 15:41:00,1.42629,1.42635,1.42606,1.42635,2023800048.828125
2011-06-27 15:42:00,1.42633,1.42635,1.4262,1.42631,1381900024.4140625
2011-06-27 15:43:00,1.42631,1.42642,1.4262,1.42631,1165699996.9482422
2011-06-27 15:44:00,1.42631,1.42639,1.42625,1.42633,1160500030.5175781
2011-06-27 15:45:00,1.42633,1.42666,1.42633,1.42666,1313300018.3105469
2011-06-27 15:46:00,1.42666,1.42732,1.42666,1.42732,2692600097.65625
2011-06-27 15:47:00,1.42732,1.42737,1.42711,1.42733,2208899993.8964844
2011-06-27 15:48:00,1.42735,1.42751,1.42722,1.42747,2050500030.5175781
2011-06-27 15:49:00,1.42747,1.42772,1.42745,1.42745,1655700073.2421875
2011-06-27 15:50:00,1.42746,1.42752,1.42744,1.42751,772300033.5693359
2011-06-27 15:51:00,1.42752,1.42766,1.4274,1.42766,1472400054.9316406
2011-06-27 15:52:00,1.4277,1.42806,1.42766,1.4279,2699100036.6210938
2011-06-27 15:53:00,1.42797,1.42807,1.42789,1.42805,1817100067.1386719
2011-06-27 15:54:00,1.42805,1.42807,1.42771,1.42774,1186600036.6210938
2011-06-27 15:55:00,1.42777,1.42813,1.42777,1.42801,2293699951.171875
2011-06-27 15:56:00,1.42802,1.42816,1.42795,1.42804,1877500000.0
2011-06-27 15:57:00,1.42803,1.42804,1.42782,1.42787,1881100006.1035156
2011-06-27 15:58:00,1.42789,1.42795,1.42784,1.4279,1154199981.6894531
2011-06-27 15:59:00,1.42789,1.42812,1.42784,1.42805,1361100006.1035156
2011-06-27 16:00:00,1.42806,1.42823,1.42792,1.42802,2237799987.7929688
2011-06-27 16:01:00,1.42802,1.42817,1.42791,1.42803,1400700073.2421875
2011-06-27 16:02:00,1.42804,1.42821,1.42799,1.42808,1736300048.828125
2011-06-27 16:03:00,1.42806,1.42816,1.42791,1.42794,1398899993.8964844
2011-06-27 16:04:00,1.42794,1.42796,1.42774,1.42793,1798899993.8964844
2011-06-27 16:05:00,1.42793,1.42794,1.42759,1.42759,1518399963.3789062
2011-06-27 16:06:00,1.4276,1.42763,1.42733,1.42744,1655599975.5859375
2011-06-27 16:07:00,1.42742,1.42744,1.42718,1.42723,1734900054.9316406
2011-06-27 16:08:00,1.42726,1.42746,1.42721,1.42746,937200012.2070312
2011-06-27 16:09:00,1.42747,1.42779,1.42733,1.42734,2188999938.9648438
2011-06-27 16:10:00,1.42733,1.42757,1.42732,1.42756,1220800018.3105469
2011-06-27 16:11:00,1.42757,1.42782,1.42757,1.42767,1089599990.8447266
2011-06-27 16:12:00,1.42768,1.42775,1.42739,1.42754,2388899993.8964844
2011-06-27 16:13:00,1.42753,1.42754,1.42728,1.42728,1436399993.8964844
2011-06-27 16:14:00,1.42729,1.42745,1.42728,1.42732,850500030.5175781
2011-06-27 16:15:00,1.42731,1.42759,1.42731,1.42734,786399993.8964844
2011-06-27 16:16:00,1.42735,1.42746,1.42693,1.42695,1724799957.2753906
2011-06-27 16:17:00,1.42697,1.42702,1.42678,1.42683,1942400054.9316406
2011-06-27 16:18:00,1.42687,1.42687,1.42668,1.4267,1229499969.4824219
2011-06-27 16:19:00,1.42669,1.42687,1.42664,1.42685,786900024.4140625
2011-06-27 16:20:00,1.42686,1.42722,1.42686,1.42691,2575899963.3789062
2011-06-27 16:21:00,1.42694,1.4271,1.42686,1.42709,2658999938.9648438
2011-06-27 16:22:00,1.42708,1.42708,1.42672,1.42678,1960700073.2421875
2011-06-27 16:23:00,1.42679,1.42706,1.42673,1.42674,1100100021.3623047
2011-06-27 16:24:00,1.42675,1.42688,1.42662,1.42662,851999969.4824219
2011-06-27 16:25:00,1.42662,1.42696,1.42662,1.42696,1177699966.430664
2011-06-27 16:26:00,1.42696,1.42713,1.42692,1.42703,1379600067.1386719
2011-06-27 16:27:00,1.42704,1.42745,1.42704,1.4273,1833200073.2421875
2011-06-27 16:28:00,1.42729,1.4274,1.42713,1.42722,1403300018.3105469
2011-06-27 16:29:00,1.42721,1.42759,1.42716,1.42734,1330000000.0
2011-06-27 16:30:00,1.42728,1.42728,1.42696,1.42719,1814799957.2753906
2011-06-27 16:31:00,1.42719,1.42739,1.42706,1.42739,1745800018.3105469
2011-06-27 16:32:00,1.42737,1.42757,1.42722,1.42755,837799987.7929688
2011-06-27 16:33:00,1.42755,1.42762,1.42725,1.42732,1763099975.5859375
2011-06-27 16:34:00,1.42732,1.42732,1.42698,1.42723,1636999969.4824219
2011-06-27 16:35:00,1.42724,1.42737,1.42707,1.42707,1424199981.6894531
2011-06-27 16:36:00,1.42705,1.42727,1.42694,1.42723,1246699981.6894531
2011-06-27 16:37:00,1.42723,1.42724,1.42703,1.42714,1746999969.4824219
2011-06-27 16:38:00,1.42713,1.42713,1.42693,1.42704,1491000061.0351562
2011-06-27 16:39:00,1.42704,1.42719,1.42703,1.42705,1141800003.0517578
2011-06-27 16:40:00,1.42705,1.42707,1.42692,1.42702,599799995.4223633
2011-06-27 16:41:00,1.42703,1.42711,1.42696,1.42698,765800018.3105469
2011-06-27 16:42:00,1.42699,1.42708,1.42683,1.42697,1393699951.171875
2011-06-27 16:43:00,1.42696,1.42709,1.42695,1.42701,909400024.4140625
2011-06-27 16:44:00,1.42703,1.42709,1.42695,1.42702,1492899932.8613281
2011-06-27 16:45:00,1.42702,1.42726,1.42702,1.42724,1525000000.0
2011-06-27 16:46:00,1.42724,1.4273,1.42715,1.4272,999199981.6894531
2011-06-27 16:47:00,1.4272,1.42731,1.42707,1.4272,1570800018.3105469
2011-06-27 16:48:00,1.42718,1.42732,1.42718,1.42725,834800033.5693359
2011-06-27 16:49:00,1.42725,1.42727,1.42691,1.42725,1618600006.1035156
2011-06-27 16:50:00,1.42725,1.42731,1.42713,1.42717,974000015.2587891
2011-06-27 16:51:00,1.42714,1.42714,1.42684,1.42691,1327799987.7929688
2011-06-27 16:52:00,1.4269,1.4271,1.42686,1.42705,1146299972.5341797
2011-06-27 16:53:00,1.42703,1.42728,1.42692,1.42719,1735700073.2421875
2011-06-27 16:54:00,1.42719,1.42724,1.4271,1.42718,1586999969.4824219
2011-06-27 16:55:00,1.42718,1.4272,1.42684,1.42684,938499984.7412109
2011-06-27 16:56:00,1.42684,1.42687,1.42663,1.42666,2004499969.4824219
2011-06-27 16:57:00,1.42669,1.42671,1.4265,1.4266,1848200073.2421875
2011-06-27 16:58:00,1.4266,1.4266,1.42622,1.42645,1601900024.4140625
2011-06-27 16:59:00,1.42644,1.42644,1.42604,1.42604,2097400054.9316406
2011-06-27 17:00:00,1.42605,1.4264,1.42605,1.42639,2096900024.4140625
2011-06-27 17:01:00,1.4264,1.42666,1.4264,1.42666,1423899993.8964844
2011-06-27 17:02:00,1.42667,1.42678,1.42664,1.42674,1129100036.6210938
2011-06-27 17:03:00,1.42674,1.42691,1.42671,1.42681,1209300003.0517578
2011-06-27 17:04:00,1.42681,1.42701,1.42665,1.42665,1980899963.3789062
2011-06-27 17:05:00,1.42664,1.4268,1.4265,1.4265,1405800018.3105469
2011-06-27 17:06:00,1.42652,1.42658,1.42642,1.42656,997699966.4306641
2011-06-27 17:07:00,1.42658,1.42676,1.42658,1.4266,1436900024.4140625
2011-06-27 17:08:00,1.42661,1.42665,1.42654,1.42661,768099975.5859375
2011-06-27 17:09:00,1.42663,1.42681,1.42663,1.42674,902699966.4306641
2011-06-27 17:10:00,1.42677,1.42677,1.42661,1.42664,653700027.4658203
2011-06-27 17:11:00,1.42666,1.42668,1.42662,1.42665,485400009.15527344
2011-06-27 17:12:00,1.42665,1.42674,1.42665,1.42668,688600006.1035156
2011-06-27 17:13:00,1.4267,1.427,1.4267,1.42692,1347500000.0
2011-06-27 17:14:00,1.42692,1.42704,1.42686,1.42703,1131200027.4658203
2011-06-27 17:15:00,1.42701,1.42726,1.42696,1.42703,1883899993.8964844
2011-06-27 17:16:00,1.42704,1.42721,1.42702,1.4272,1210899963.3789062
2011-06-27 17:17:00,1.4272,1.42732,1.42715,1.42724,834899978.6376953
2011-06-27 17:18:00,1.42724,1.42729,1.42706,1.42706,738099975.5859375
2011-06-27 17:19:00,1.42706,1.42717,1.42701,1.42715,1149800033.569336
2011-06-27 17:20:00,1.42717,1.42728,1.42717,1.42718,360299987.79296875
2011-06-27 17:21:00,1.42719,1.42727,1.42693,1.42693,683199996.9482422
2011-06-27 17:22:00,1.42694,1.42695,1.42677,1.42678,863300018.3105469
2011-06-27 17:23:00,1.42678,1.42685,1.42669,1.42685,640699996.9482422
2011-06-27 17:24:00,1.42682,1.42687,1.4267,1.42674,1372400054.9316406
2011-06-27 17:25:00,1.42678,1.42684,1.42671,1.42671,772399978.6376953
2011-06-27 17:26:00,1.42671,1.42671,1.42654,1.42654,597799987.7929688
2011-06-27 17:27:00,1.42654,1.42654,1.42619,1.42626,1314400024.4140625
2011-06-27 17:28:00,1.42631,1.42635,1.42623,1.42631,1296300048.828125
2011-06-27 17:29:00,1.42631,1.42642,1.42624,1.42642,875699996.9482422
2011-06-27 17:30:00,1.42641,1.42656,1.42639,1.42648,1190699996.9482422
2011-06-27 17:31:00,1.42647,1.42647,1.42625,1.42631,1018099975.5859375
2011-06-27 17:32:00,1.42631,1.42644,1.4262,1.42634,1078799972.5341797
2011-06-27 17:33:00,1.4264,1.4264,1.42595,1.42602,1087399978.6376953
2011-06-27 17:34:00,1.42602,1.42602,1.42572,1.4258,2118200073.2421875
2011-06-27 17:35:00,1.42578,1.42583,1.42545,1.42568,1871900024.4140625
2011-06-27 17:36:00,1.42568,1.42602,1.42564,1.42599,1475800018.3105469
2011-06-27 17:37:00,1.42599,1.42629,1.42599,1.4262,1116999969.4824219
2011-06-27 17:38:00,1.42621,1.42637,1.42621,1.42623,1338000030.5175781
2011-06-27 17:39:00,1.42623,1.42623,1.42609,1.42619,989300003.0517578
2011-06-27 17:40:00,1.42619,1.42636,1.42616,1.42617,1518999938.9648438
2011-06-27 17:41:00,1.42615,1.42615,1.42592,1.42594,1560800018.3105469
2011-06-27 17:42:00,1.42594,1.42607,1.42588,1.42593,1185100021.3623047
2011-06-27 17:43:00,1.42593,1.42596,1.42575,1.42594,1127300033.569336
2011-06-27 17:44:00,1.42594,1.4261,1.42586,1.42605,1128700027.4658203
2011-06-27 17:45:00,1.42605,1.42619,1.42601,1.42609,1126900024.4140625
2011-06-27 17:46:00,1.4261,1.42619,1.42606,1.42613,1011600036.6210938
2011-06-27 17:47:00,1.42615,1.42622,1.42596,1.42604,1045800018.3105469
2011-06-27 17:48:00,1.42604,1.42619,1.42604,1.42608,585400009.1552734
2011-06-27 17:49:00,1.42609,1.42617,1.42579,1.42613,1641900024.4140625
2011-06-27 17:50:00,1.42613,1.42613,1.42593,1.42602,1016999969.4824219
2011-06-27 17:51:00,1.42603,1.42605,1.42582,1.42597,2303000030.517578
2011-06-27 17:52:00,1.42597,1.42622,1.42593,1.42614,1628800048.828125
2011-06-27 17:53:00,1.42614,1.42663,1.42614,1.42642,1389799957.2753906
2011-06-27 17:54:00,1.42641,1.42641,1.42615,1.42636,1525399932.8613281
2011-06-27 17:55:00,1.42635,1.42637,1.42627,1.42634,1308200073.2421875
2011-06-27 17:56:00,1.42634,1.42639,1.42627,1.42632,941399993.8964844
2011-06-27 17:57:00,1.42629,1.4264,1.42617,1.42636,1201500015.258789
2011-06-27 17:58:00,1.42637,1.42657,1.42636,1.42645,1149499969.4824219
2011-06-27 17:59:00,1.42649,1.4265,1.42629,1.4263,1014000015.2587891
2011-06-27 18:00:00,1.42629,1.42699,1.42629,1.42699,1566199951.171875
2011-06-27 18:01:00,1.42701,1.42719,1.427,1.42707,2076100006.1035156
2011-06-27 18:02:00,1.42707,1.4272,1.4269,1.42693,1461799926.7578125
2011-06-27 18:03:00,1.42693,1.42709,1.42685,1.42709,1748899993.8964844
2011-06-27 18:04:00,1.4271,1.42711,1.4269,1.42697,1917599945.0683594
2011-06-27 18:05:00,1.42701,1.42709,1.42693,1.42697,1423200073.2421875
2011-06-27 18:06:00,1.42698,1.42705,1.42691,1.42704,620299987.7929688
2011-06-27 18:07:00,1.42703,1.42708,1.42699,1.42706,433400001.5258789
2011-06-27 18:08:00,1.42705,1.42714,1.42694,1.4271,1021900024.4140625
2011-06-27 18:09:00,1.42711,1.42742,1.42711,1.42735,1471399993.8964844
2011-06-27 18:10:00,1.42736,1.42748,1.42716,1.42721,1352799987.7929688
2011-06-27 18:11:00,1.42721,1.42736,1.42702,1.4272,1571300048.828125
2011-06-27 18:12:00,1.42721,1.42741,1.4272,1.42727,1119599990.8447266
2011-06-27 18:13:00,1.42727,1.42734,1.42706,1.42727,1583800048.828125
2011-06-27 18:14:00,1.42727,1.42753,1.42717,1.42735,1710299987.7929688
2011-06-27 18:15:00,1.42735,1.42737,1.42722,1.42725,1323999938.9648438
2011-06-27 18:16:00,1.42725,1.42725,1.427,1.42708,1040500030.5175781
2011-06-27 18:17:00,1.42707,1.42726,1.427,1.427,956100006.1035156
2011-06-27 18:18:00,1.427,1.427,1.4269,1.42697,275799999.23706055
2011-06-27 18:19:00,1.42698,1.42698,1.42681,1.42683,841600036.6210938
2011-06-27 18:20:00,1.42681,1.4269,1.4268,1.42682,1459299926.7578125
2011-06-27 18:21:00,1.42683,1.427,1.42683,1.42687,1454299926.7578125
2011-06-27 18:22:00,1.42687,1.42699,1.42681,1.4269,967099990.8447266
2011-06-27 18:23:00,1.42688,1.42688,1.42661,1.42665,1090299987.7929688
2011-06-27 18:24:00,1.42664,1.42664,1.42643,1.42643,713399963.3789062
2011-06-27 18:25:00,1.42645,1.42653,1.42627,1.42647,1713899993.8964844
2011-06-27 18:26:00,1.42647,1.42664,1.42647,1.42656,1211299972.5341797
2011-06-27 18:27:00,1.42656,1.42684,1.42654,1.42677,1257600021.3623047
2011-06-27 18:28:00,1.42676,1.42676,1.42654,1.42665,634199981.6894531
2011-06-27 18:29:00,1.42665,1.42687,1.42664,1.42672,742900009.1552734
2011-06-27 18:30:00,1.42671,1.42676,1.42661,1.42665,1156200027.4658203
2011-06-27 18:31:00,1.42665,1.42685,1.42664,1.42685,628100013.7329102
2011-06-27 18:32:00,1.42683,1.42685,1.42665,1.42685,1032699966.4306641
2011-06-27 18:33:00,1.42685,1.42707,1.42685,1.42707,1172300033.569336
2011-06-27 18:34:00,1.42709,1.42725,1.42695,1.42701,1538500061.0351562
2011-06-27 18:35:00,1.42703,1.42735,1.42703,1.42733,646600036.6210938
2011-06-27 18:36:00,1.42733,1.42739,1.42716,1.42731,1019899978.6376953
2011-06-27 18:37:00,1.42732,1.42736,1.42726,1.42733,724499969.4824219
2011-06-27 18:38:00,1.42733,1.42741,1.42725,1.42726,1020400009.1552734
2011-06-27 18:39:00,1.42724,1.42737,1.42717,1.42729,1357899932.8613281
2011-06-27 18:40:00,1.42731,1.42743,1.42728,1.42737,1437400054.9316406
2011-06-27 18:41:00,1.42737,1.42737,1.42708,1.42719,806699981.6894531
2011-06-27 18:42:00,1.42719,1.42731,1.42712,1.42715,922099990.8447266
2011-06-27 18:43:00,1.42716,1.42717,1.42705,1.42707,605400009.1552734
2011-06-27 18:44:00,1.427,1.427,1.42691,1.42697,455999984.74121094
2011-06-27 18:45:00,1.42697,1.42709,1.42693,1.42698,1416699981.6894531
2011-06-27 18:46:00,1.42697,1.42697,1.4268,1.4268,1025899963.3789062
2011-06-27 18:47:00,1.4268,1.4269,1.4268,1.42689,806800003.0517578
2011-06-27 18:48:00,1.42689,1.42707,1.42682,1.42707,1473300018.3105469
2011-06-27 18:49:00,1.42712,1.42724,1.42696,1.42708,1807500000.0
2011-06-27 18:50:00,1.42708,1.42728,1.42705,1.42709,1882599945.0683594
2011-06-27 18:51:00,1.42709,1.42718,1.42706,1.42708,1032600021.3623047
2011-06-27 18:52:00,1.42709,1.42709,1.42694,1.42702,1408200073.2421875
2011-06-27 18:53:00,1.42703,1.42717,1.42697,1.42707,1402599945.0683594
2011-06-27 18:54:00,1.42708,1.42715,1.42707,1.42715,678000030.5175781
2011-06-27 18:55:00,1.42715,1.42715,1.42665,1.42675,1302799987.7929688
2011-06-27 18:56:00,1.42674,1.42679,1.42669,1.42669,1451100006.1035156
2011-06-27 18:57:00,1.4267,1.4267,1.4266,1.42661,492799987.79296875
2011-06-27 18:58:00,1.4266,1.42667,1.42647,1.4266,1383600006.1035156
2011-06-27 18:59:00,1.42659,1.42659,1.4264,1.42641,620999984.7412109
2011-06-27 19:00:00,1.42641,1.42672,1.42639,1.42669,1267699966.430664
2011-06-27 19:01:00,1.42669,1.42671,1.42657,1.42659,1544400024.4140625
2011-06-27 19:02:00,1.42659,1.42659,1.42645,1.4265,886699981.6894531
2011-06-27 19:03:00,1.4265,1.42663,1.4265,1.42654,1697799987.7929688
2011-06-27 19:04:00,1.42654,1.42669,1.42654,1.42665,1163799972.5341797
2011-06-27 19:05:00,1.42665,1.42669,1.42647,1.4265,918700027.4658203
2011-06-27 19:06:00,1.42648,1.42649,1.42644,1.42647,524099998.4741211
2011-06-27 19:07:00,1.42649,1.42659,1.42649,1.42654,578100013.7329102
2011-06-27 19:08:00,1.42654,1.42661,1.42647,1.42658,1004899978.6376953
2011-06-27 19:09:00,1.42658,1.42659,1.42647,1.42652,585200004.5776367
2011-06-27 19:10:00,1.42651,1.42657,1.42644,1.42651,1052500000.0
2011-06-27 19:11:00,1.42652,1.42691,1.42652,1.42681,1321799926.7578125
2011-06-27 19:12:00,1.42679,1.42691,1.42679,1.42687,1160000000.0
2011-06-27 19:13:00,1.42687,1.42694,1.42686,1.42694,513400001.5258789
2011-06-27 19:14:00,1.42694,1.42708,1.42693,1.42704,976999969.4824219
2011-06-27 19:15:00,1.42704,1.42711,1.42702,1.42709,877900009.1552734
2011-06-27 19:16:00,1.42709,1.4272,1.42709,1.42716,828099975.5859375
2011-06-27 19:17:00,1.42715,1.42715,1.42711,1.42712,531100006.1035156
2011-06-27 19:18:00,1.42711,1.42745,1.42698,1.42745,1369199981.6894531
2011-06-27 19:19:00,1.42746,1.42778,1.42735,1.42763,2095099945.0683594
2011-06-27 19:20:00,1.42762,1.42802,1.42753,1.42801,1717599945.0683594
2011-06-27 19:21:00,1.42801,1.42824,1.42781,1.42805,2770100097.65625
2011-06-27 19:22:00,1.42806,1.42818,1.42795,1.42797,1268499984.741211
2011-06-27 19:23:00,1.42797,1.42797,1.4278,1.42786,728300018.3105469
2011-06-27 19:24:00,1.42785,1.42797,1.42785,1.42787,1566699981.6894531
2011-06-27 19:25:00,1.42786,1.42791,1.42772,1.42772,1370800018.3105469
2011-06-27 19:26:00,1.42773,1.42792,1.42756,1.42756,2379600067.138672
2011-06-27 19:27:00,1.42756,1.42769,1.4274,1.42747,3200799865.7226562
2011-06-27 19:28:00,1.42747,1.42748,1.42742,1.42746,1461799926.7578125
2011-06-27 19:29:00,1.42746,1.42759,1.4274,1.4274,1089700012.2070312
2011-06-27 19:30:00,1.42741,1.42752,1.4274,1.42752,652900009.1552734
2011-06-27 19:31:00,1.42757,1.42758,1.42752,1.42755,327700004.5776367
2011-06-27 19:32:00,1.42755,1.42763,1.42742,1.42745,1240999984.741211
2011-06-27 19:33:00,1.42747,1.42747,1.42718,1.42718,791699981.6894531
2011-06-27 19:34:00,1.42718,1.42727,1.42717,1.42723,1002099990.8447266
2011-06-27 19:35:00,1.42725,1.42741,1.42725,1.42741,519599990.84472656
2011-06-27 19:36:00,1.42743,1.42772,1.42743,1.42745,1152799987.7929688
2011-06-27 19:37:00,1.42746,1.42746,1.42726,1.42745,907399978.6376953
2011-06-27 19:38:00,1.42745,1.42754,1.42742,1.42744,1071100006.1035156
2011-06-27 19:39:00,1.42745,1.42745,1.42726,1.42728,572999992.3706055
2011-06-27 19:40:00,1.42728,1.42768,1.42728,1.42768,1078399963.3789062
2011-06-27 19:41:00,1.42769,1.42777,1.42739,1.42745,1665899963.3789062
2011-06-27 19:42:00,1.42745,1.42748,1.42729,1.42733,1292899932.8613281
2011-06-27 19:43:00,1.42732,1.42796,1.42732,1.42785,1440000000.0
2011-06-27 19:44:00,1.42785,1.4285,1.42783,1.4285,2868200073.2421875
2011-06-27 19:45:00,1.4285,1.42853,1.42817,1.42817,2347700042.7246094
2011-06-27 19:46:00,1.42817,1.42829,1.42805,1.42805,1685500030.5175781
2011-06-27 19:47:00,1.42805,1.42806,1.42793,1.42803,1334799957.2753906
2011-06-27 19:48:00,1.42801,1.42803,1.42789,1.42794,905599975.5859375
2011-06-27 19:49:00,1.42794,1.42807,1.42785,1.42807,969700012.2070312
2011-06-27 19:50:00,1.4281,1.42824,1.42794,1.42817,1149100036.6210938
2011-06-27 19:51:00,1.42816,1.42817,1.42779,1.42785,1148700027.4658203
2011-06-27 19:52:00,1.42785,1.42785,1.42779,1.42779,571199989.3188477
2011-06-27 19:53:00,1.4278,1.42789,1.42776,1.42785,728000030.5175781
2011-06-27 19:54:00,1.42785,1.42804,1.42783,1.42793,1266500015.258789
2011-06-27 19:55:00,1.42792,1.42805,1.4278,1.4278,852799987.7929688
2011-06-27 19:56:00,1.42776,1.42779,1.4277,1.42771,283799991.607666
2011-06-27 19:57:00,1.42768,1.42774,1.42761,1.42774,748899993.8964844
2011-06-27 19:58:00,1.42774,1.42788,1.42769,1.42788,671800003.0517578
2011-06-27 19:59:00,1.42789,1.42809,1.42782,1.428,1023099975.5859375
2011-06-27 20:00:00,1.428,1.428,1.4276,1.42769,1763200073.2421875
2011-06-27 20:01:00,1.42769,1.42771,1.42764,1.4277,462799987.79296875
2011-06-27 20:02:00,1.4277,1.4277,1.4275,1.42754,875999984.7412109
2011-06-27 20:03:00,1.42755,1.42769,1.42755,1.42758,710999984.7412109
2011-06-27 20:04:00,1.42759,1.42759,1.42755,1.42755,212999992.37060547
2011-06-27 20:05:00,1.42755,1.42781,1.42749,1.42774,847699966.4306641
2011-06-27 20:06:00,1.42774,1.42775,1.42771,1.42775,346500015.25878906
2011-06-27 20:07:00,1.42775,1.42782,1.42774,1.42782,849000015.2587891
2011-06-27 20:08:00,1.42781,1.42792,1.42777,1.42787,2003999938.9648438
2011-06-27 20:09:00,1.42787,1.42799,1.42784,1.42793,1487299957.2753906
2011-06-27 20:10:00,1.42793,1.42816,1.42793,1.42807,1599900054.9316406
2011-06-27 20:11:00,1.42807,1.42807,1.42789,1.42801,1407200012.2070312
2011-06-27 20:12:00,1.42801,1.42805,1.42791,1.42793,1613300018.3105469
2011-06-27 20:13:00,1.42793,1.42801,1.42791,1.42797,1221200027.4658203
2011-06-27 20:14:00,1.42797,1.42824,1.42797,1.42823,1293000030.5175781
2011-06-27 20:15:00,1.4282,1.42854,1.42817,1.42843,1570599975.5859375
2011-06-27 20:16:00,1.42843,1.42844,1.42825,1.42825,1136200027.4658203
2011-06-27 20:17:00,1.42823,1.42828,1.4281,1.42819,951100006.1035156
2011-06-27 20:18:00,1.42819,1.4282,1.42802,1.42804,903199996.9482422
2011-06-27 20:19:00,1.42807,1.42807,1.42789,1.42789,518300018.3105469
2011-06-27 20:20:00,1.42789,1.42803,1.42787,1.42789,758600006.1035156
2011-06-27 20:21:00,1.42789,1.42801,1.42785,1.42799,811299972.5341797
2011-06-27 20:22:00,1.42799,1.42799,1.4279,1.42795,635999984.7412109
2011-06-27 20:23:00,1.42794,1.42798,1.42786,1.42796,1053000030.5175781
2011-06-27 20:24:00,1.42799,1.428,1.42791,1.42797,791999969.4824219
2011-06-27 20:25:00,1.42797,1.42803,1.4279,1.42801,755999984.7412109
2011-06-27 20:26:00,1.428,1.42801,1.42799,1.42799,226599998.4741211
2011-06-27 20:27:00,1.42799,1.42799,1.42791,1.42791,330299987.79296875
2011-06-27 20:28:00,1.42791,1.42793,1.42787,1.42789,312000007.62939453
2011-06-27 20:29:00,1.42789,1.4279,1.42782,1.42785,212999992.37060547
2011-06-27 20:30:00,1.42787,1.428,1.42787,1.42793,556500015.2587891
2011-06-27 20:31:00,1.42792,1.42795,1.42784,1.42787,270000000.0
2011-06-27 20:32:00,1.42787,1.42787,1.42786,1.42786,30000000.0
2011-06-27 20:33:00,1.42785,1.42791,1.42785,1.4279,615200004.5776367
2011-06-27 20:34:00,1.4279,1.4279,1.42779,1.42789,645299987.7929688
2011-06-27 20:35:00,1.42789,1.42792,1.42789,1.42792,627000007.6293945
2011-06-27 20:36:00,1.42792,1.42802,1.42787,1.42798,555000000.0
2011-06-27 20:37:00,1.42798,1.42803,1.42794,1.428,557900009.1552734
2011-06-27 20:38:00,1.428,1.4281,1.42798,1.42799,369500007.62939453
2011-06-27 20:39:00,1.42797,1.42804,1.42794,1.42803,302600002.28881836
2011-06-27 20:40:00,1.42803,1.42808,1.42801,1.42808,269400005.3405762
2011-06-27 20:41:00,1.42809,1.42809,1.42807,1.42809,187500000.0
2011-06-27 20:42:00,1.42807,1.42811,1.42802,1.42805,352099990.84472656
2011-06-27 20:43:00,1.42804,1.42805,1.42791,1.42801,682799987.7929688
2011-06-27 20:44:00,1.42805,1.42805,1.428,1.428,285000000.0
2011-06-27 20:45:00,1.42799,1.42799,1.42794,1.42798,197299995.42236328
2011-06-27 20:46:00,1.42797,1.42797,1.42781,1.42789,366800003.0517578
2011-06-27 20:47:00,1.42789,1.42789,1.42789,1.42789,267000007.62939453
2011-06-27 20:48:00,1.42789,1.42799,1.42789,1.42797,1441699981.6894531
2011-06-27 20:49:00,1.42797,1.42797,1.42787,1.42787,541599998.4741211
2011-06-27 20:50:00,1.42788,1.42819,1.42788,1.42819,757699966.4306641
2011-06-27 20:51:00,1.42819,1.42841,1.42808,1.42841,931299972.5341797
2011-06-27 20:52:00,1.42839,1.4285,1.42813,1.42815,1190199966.430664
2011-06-27 20:53:00,1.42812,1.42823,1.42809,1.42817,729199981.6894531
2011-06-27 20:54:00,1.42819,1.42839,1.42817,1.42835,1025199966.4306641
2011-06-27 20:55:00,1.42834,1.42835,1.42834,1.42834,235400009.15527344
2011-06-27 20:56:00,1.4283,1.42841,1.42826,1.42841,277900009.15527344
2011-06-27 20:57:00,1.4284,1.42846,1.42834,1.4284,251200008.39233398
2011-06-27 20:58:00,1.4284,1.42846,1.42825,1.42827,679400024.4140625
2011-06-27 20:59:00,1.42832,1.42856,1.42824,1.42856,878399963.3789062
2011-06-27 21:00:00,1.42854,1.42859,1.42847,1.42859,263400001.5258789
2011-06-27 21:01:00,1.42856,1.42856,1.42832,1.42832,338300018.3105469
2011-06-27 21:02:00,1.42835,1.42843,1.42827,1.42827,82500000.0
2011-06-27 21:03:00,1.42829,1.42835,1.42829,1.42831,41999998.09265137
2011-06-27 21:04:00,1.42836,1.42839,1.42823,1.42839,111099996.56677246
2011-06-27 21:05:00,1.42838,1.42861,1.42838,1.42855,354799995.4223633
2011-06-27 21:06:00,1.42852,1.42852,1.42844,1.42847,112500000.0
2011-06-27 21:07:00,1.42849,1.4285,1.42849,1.4285,43499999.04632568
2011-06-27 21:08:00,1.42845,1.42858,1.42844,1.42858,120100002.28881836
2011-06-27 21:09:00,1.42858,1.42858,1.42849,1.42855,158999996.18530273
2011-06-27 21:10:00,1.42863,1.4287,1.42849,1.42866,649499969.4824219
2011-06-27 21:11:00,1.42866,1.42866,1.42849,1.4285,539300003.0517578
2011-06-27 21:12:00,1.4285,1.4285,1.42835,1.4284,263999996.18530273
2011-06-27 21:13:00,1.42839,1.42839,1.42839,1.42839,69000000.95367432
2011-06-27 21:14:00,1.42839,1.42847,1.42839,1.42845,517500000.0
2011-06-27 21:15:00,1.42845,1.42849,1.42839,1.42839,311299991.607666
2011-06-27 21:16:00,1.42839,1.4284,1.42839,1.42839,184500007.62939453
2011-06-27 21:17:00,1.42847,1.42847,1.42839,1.4284,178500003.81469727
2011-06-27 21:18:00,1.42839,1.42856,1.42839,1.42853,387000007.62939453
2011-06-27 21:19:00,1.4285,1.42857,1.4285,1.42857,82500000.0
2011-06-27 21:20:00,1.42856,1.42858,1.42851,1.42852,197999992.37060547
2011-06-27 21:21:00,1.4286,1.42865,1.42824,1.42824,521899986.26708984
2011-06-27 21:22:00,1.42824,1.42824,1.42811,1.42816,374300003.0517578
2011-06-27 21:23:00,1.42816,1.42816,1.42809,1.4281,379500007.62939453
2011-06-27 21:24:00,1.4281,1.42829,1.42809,1.42825,585000000.0
2011-06-27 21:25:00,1.42822,1.42829,1.4282,1.42824,210000000.0
2011-06-27 21:26:00,1.42824,1.42827,1.42823,1.42823,150000000.0
2011-06-27 21:27:00,1.42823,1.42832,1.42823,1.4283,478600006.1035156
2011-06-27 21:28:00,1.4283,1.4283,1.42822,1.42822,115500001.90734863
2011-06-27 21:29:00,1.42821,1.42821,1.42793,1.42819,466699981.6894531
2011-06-27 21:30:00,1.42817,1.42822,1.42817,1.42821,262500000.0
2011-06-27 21:31:00,1.42824,1.42833,1.42822,1.42833,198899993.89648438
2011-06-27 21:32:00,1.42834,1.4284,1.42833,1.4284,149399995.803833
2011-06-27 21:33:00,1.42841,1.4286,1.42834,1.42835,961600036.6210938
2011-06-27 21:34:00,1.42834,1.42839,1.42829,1.42829,440299987.79296875
2011-06-27 21:35:00,1.42835,1.42835,1.42821,1.42822,437900009.15527344
2011-06-27 21:36:00,1.42824,1.42836,1.42822,1.42834,164300003.0517578
2011-06-27 21:37:00,1.42833,1.42834,1.42828,1.4283,154499998.09265137
2011-06-27 21:38:00,1.42826,1.42833,1.42826,1.42833,188700008.39233398
2011-06-27 21:39:00,1.42834,1.42834,1.42833,1.42833,141999998.09265137
2011-06-27 21:40:00,1.42833,1.42834,1.42826,1.42826,127600002.28881836
2011-06-27 21:41:00,1.42828,1.42828,1.42823,1.42823,165000000.0
2011-06-27 21:42:00,1.42824,1.42832,1.42824,1.42832,175499992.37060547
2011-06-27 21:43:00,1.42836,1.42859,1.42836,1.42854,530400009.15527344
2011-06-27 21:44:00,1.42855,1.42855,1.42835,1.42837,1132099990.8447266
2011-06-27 21:45:00,1.42836,1.4284,1.42836,1.4284,94499998.09265137
2011-06-27 21:46:00,1.42841,1.42856,1.4284,1.42851,183799991.60766602
2011-06-27 21:47:00,1.42849,1.42851,1.42849,1.42851,83999996.18530273
2011-06-27 21:48:00,1.42851,1.42852,1.4285,1.42852,216000003.81469727
2011-06-27 21:49:00,1.42852,1.42856,1.4284,1.42841,422999992.37060547
2011-06-27 21:50:00,1.42839,1.42849,1.42839,1.42845,510800018.3105469
2011-06-27 21:51:00,1.42845,1.42849,1.42836,1.42837,237000007.62939453
2011-06-27 21:52:00,1.42838,1.42853,1.42835,1.42845,497299995.4223633
2011-06-27 21:53:00,1.42845,1.42859,1.42845,1.42859,298500003.81469727
2011-06-27 21:54:00,1.42859,1.42872,1.42849,1.42869,609799995.4223633
2011-06-27 21:55:00,1.42869,1.42883,1.42868,1.42876,500999984.74121094
2011-06-27 21:56:00,1.42876,1.42881,1.42873,1.42874,330000000.0
2011-06-27 21:57:00,1.42874,1.42898,1.42871,1.42891,686299972.5341797
2011-06-27 21:58:00,1.42888,1.42888,1.42879,1.42879,217500000.0
2011-06-27 21:59:00,1.42879,1.42879,1.42865,1.42865,270000000.0
2011-06-27 22:00:00,1.42867,1.42887,1.42861,1.42861,1092799987.7929688
2011-06-27 22:01:00,1.42863,1.42899,1.42863,1.42899,1014100036.6210938
2011-06-27 22:02:00,1.42901,1.42979,1.42901,1.42979,2096499938.9648438
2011-06-27 22:03:00,1.42979,1.42986,1.42948,1.42957,1782299957.2753906
2011-06-27 22:04:00,1.42957,1.42957,1.42932,1.42939,926800003.0517578
2011-06-27 22:05:00,1.42943,1.42948,1.42921,1.42928,445600013.73291016
2011-06-27 22:06:00,1.42927,1.42939,1.42927,1.42934,1133799972.5341797
2011-06-27 22:07:00,1.42935,1.42958,1.42934,1.42951,977099990.8447266
2011-06-27 22:08:00,1.42952,1.42952,1.42948,1.42948,148100004.196167
2011-06-27 22:09:00,1.42947,1.42948,1.42929,1.42929,678300018.3105469
2011-06-27 22:10:00,1.42929,1.42939,1.42922,1.42926,815199966.4306641
2011-06-27 22:11:00,1.42926,1.42931,1.42908,1.42915,788099975.5859375
2011-06-27 22:12:00,1.42913,1.42917,1.42908,1.42911,319099998.4741211
2011-06-27 22:13:00,1.4291,1.42911,1.42907,1.42911,450600013.73291016
2011-06-27 22:14:00,1.42911,1.42916,1.42911,1.42914,306200008.392334
2011-06-27 22:15:00,1.42913,1.42916,1.42898,1.429,864100036.6210938
2011-06-27 22:16:00,1.42896,1.42914,1.42889,1.42905,1432100067.1386719
2011-06-27 22:17:00,1.42901,1.42905,1.42898,1.42904,225300006.86645508
2011-06-27 22:18:00,1.42903,1.42903,1.42874,1.42876,980999984.7412109
2011-06-27 22:19:00,1.42878,1.42878,1.42869,1.42874,571199989.3188477
2011-06-27 22:20:00,1.42876,1.42897,1.42876,1.42894,1161999969.4824219
2011-06-27 22:21:00,1.42898,1.429,1.42888,1.42894,574700012.2070312
2011-06-27 22:22:00,1.42894,1.42895,1.42877,1.4288,638899993.8964844
2011-06-27 22:23:00,1.42882,1.42917,1.42872,1.42917,980599975.5859375
2011-06-27 22:24:00,1.42918,1.42927,1.4291,1.42917,1132900009.1552734
2011-06-27 22:25:00,1.42916,1.4292,1.42913,1.4292,423300018.3105469
2011-06-27 22:26:00,1.4292,1.4292,1.42912,1.42912,130600004.19616699
2011-06-27 22:27:00,1.42912,1.42923,1.42909,1.42921,281499996.18530273
2011-06-27 22:28:00,1.42923,1.42925,1.42907,1.42911,2033600006.1035156
2011-06-27 22:29:00,1.42911,1.42922,1.42908,1.42909,1080400009.1552734
2011-06-27 22:30:00,1.42909,1.42918,1.42902,1.42914,1327700042.7246094
2011-06-27 22:31:00,1.42913,1.42922,1.42913,1.42919,283600006.1035156
2011-06-27 22:32:00,1.42919,1.42919,1.42915,1.42915,86499996.18530273
2011-06-27 22:33:00,1.42914,1.42923,1.42911,1.42923,509500007.62939453
2011-06-27 22:34:00,1.42922,1.42953,1.42922,1.42943,1019800033.5693359
2011-06-27 22:35:00,1.4294,1.4297,1.42937,1.42964,753000030.5175781
2011-06-27 22:36:00,1.42961,1.42964,1.42955,1.42964,931100006.1035156
2011-06-27 22:37:00,1.42965,1.43001,1.42965,1.4299,2157500000.0
2011-06-27 22:38:00,1.42991,1.43006,1.42984,1.42987,1158099975.5859375
2011-06-27 22:39:00,1.42979,1.43035,1.42979,1.43035,1875700073.2421875
2011-06-27 22:40:00,1.43035,1.43138,1.43035,1.43128,2992699890.1367188
2011-06-27 22:41:00,1.43124,1.43143,1.4312,1.43124,2496699981.689453
2011-06-27 22:42:00,1.43123,1.43221,1.43122,1.43221,2324100036.6210938
2011-06-27 22:43:00,1.43223,1.43249,1.4321,1.43234,3997000122.0703125
2011-06-27 22:44:00,1.43244,1.43262,1.43225,1.43242,2199700012.2070312
2011-06-27 22:45:00,1.43242,1.43242,1.43172,1.43177,2661000061.0351562
2011-06-27 22:46:00,1.43179,1.43192,1.43169,1.43192,1494900054.9316406
2011-06-27 22:47:00,1.43192,1.43201,1.43178,1.43191,1000199966.4306641
2011-06-27 22:48:00,1.43195,1.43195,1.43183,1.43191,1023000030.5175781
2011-06-27 22:49:00,1.4319,1.4319,1.43161,1.43171,773000030.5175781
2011-06-27 22:50:00,1.4317,1.4317,1.43159,1.43164,596899986.2670898
2011-06-27 22:51:00,1.43169,1.4317,1.43153,1.43153,583300018.3105469
2011-06-27 22:52:00,1.43153,1.43161,1.43144,1.43161,351300010.68115234
2011-06-27 22:53:00,1.4316,1.43165,1.43149,1.4316,921200027.4658203
2011-06-27 22:54:00,1.43161,1.43161,1.43155,1.43155,199200000.76293945
2011-06-27 22:55:00,1.43156,1.43159,1.43125,1.43141,908600006.1035156
2011-06-27 22:56:00,1.43138,1.43138,1.43122,1.43122,802399978.6376953
2011-06-27 22:57:00,1.43122,1.43131,1.43122,1.4313,723899993.8964844
2011-06-27 22:58:00,1.43129,1.43143,1.43105,1.4314,1219199981.6894531
2011-06-27 22:59:00,1.43144,1.43152,1.43141,1.43141,497700004.5776367
2011-06-27 23:00:00,1.43139,1.43152,1.43139,1.43145,603100013.7329102
2011-06-27 23:01:00,1.43143,1.43149,1.43136,1.43139,500299987.79296875
2011-06-27 23:02:00,1.43139,1.43179,1.43132,1.43179,1027699966.4306641
2011-06-27 23:03:00,1.43182,1.43188,1.43175,1.43186,517599983.21533203
2011-06-27 23:04:00,1.43186,1.43204,1.43176,1.43176,963899993.8964844
2011-06-27 23:05:00,1.43179,1.43191,1.43175,1.43178,365999984.74121094
2011-06-27 23:06:00,1.43168,1.43169,1.43148,1.43164,781100006.1035156
2011-06-27 23:07:00,1.43158,1.43158,1.43133,1.43137,716500015.2587891
2011-06-27 23:08:00,1.43137,1.43145,1.43119,1.43144,557299995.4223633
2011-06-27 23:09:00,1.43141,1.43141,1.43135,1.43135,156800003.0517578
2011-06-27 23:10:00,1.43138,1.43139,1.43104,1.43139,1413800048.828125
2011-06-27 23:11:00,1.43141,1.43148,1.43141,1.43148,231800003.0517578
2011-06-27 23:12:00,1.43148,1.4315,1.4314,1.4314,373400001.5258789
2011-06-27 23:13:00,1.43139,1.43139,1.43117,1.43117,925599975.5859375
2011-06-27 23:14:00,1.4311,1.4311,1.4308,1.43081,1132500000.0
2011-06-27 23:15:00,1.43079,1.4308,1.4307,1.43076,683399963.3789062
2011-06-27 23:16:00,1.43073,1.43082,1.4307,1.43071,512599983.21533203
2011-06-27 23:17:00,1.43071,1.43071,1.43033,1.43053,1011699981.6894531
2011-06-27 23:18:00,1.43053,1.43073,1.43052,1.43073,761900024.4140625
2011-06-27 23:19:00,1.43075,1.43091,1.43051,1.43055,1336199951.171875
2011-06-27 23:20:00,1.43056,1.43064,1.43042,1.43044,808000030.5175781
2011-06-27 23:21:00,1.43043,1.43043,1.43018,1.43035,971200027.4658203
2011-06-27 23:22:00,1.43035,1.43049,1.43031,1.43034,515800018.3105469
2011-06-27 23:23:00,1.43037,1.4306,1.43037,1.4306,513300018.3105469
2011-06-27 23:24:00,1.43062,1.43068,1.4306,1.43063,259200000.76293945
2011-06-27 23:25:00,1.43065,1.43142,1.43064,1.43142,1024400024.4140625
2011-06-27 23:26:00,1.43143,1.43195,1.43142,1.43184,1403899993.8964844
2011-06-27 23:27:00,1.43185,1.43185,1.4313,1.43138,1250500030.5175781
2011-06-27 23:28:00,1.43137,1.43216,1.43137,1.43205,1137300033.569336
2011-06-27 23:29:00,1.43203,1.43215,1.43189,1.43191,1363999938.9648438
2011-06-27 23:30:00,1.43189,1.43189,1.43153,1.43167,1227399978.6376953
2011-06-27 23:31:00,1.43168,1.43175,1.43167,1.43172,441399993.8964844
2011-06-27 23:32:00,1.43174,1.43179,1.43172,1.43172,424700012.20703125
2011-06-27 23:33:00,1.43172,1.43175,1.43172,1.43175,146899995.803833
2011-06-27 23:34:00,1.43176,1.43188,1.4315,1.4315,1039599990.8447266
2011-06-27 23:35:00,1.43152,1.43156,1.43149,1.4315,729400024.4140625
2011-06-27 23:36:00,1.4315,1.43152,1.4314,1.43148,646100006.1035156
2011-06-27 23:37:00,1.43147,1.43147,1.43133,1.43138,1052600021.3623047
2011-06-27 23:38:00,1.43138,1.43138,1.43131,1.43135,551899986.2670898
2011-06-27 23:39:00,1.43136,1.43139,1.43136,1.43139,102899999.61853027
2011-06-27 23:40:00,1.43137,1.4315,1.43136,1.43149,535699996.9482422
2011-06-27 23:41:00,1.4315,1.4317,1.4315,1.43163,747399978.6376953
2011-06-27 23:42:00,1.43163,1.43167,1.4316,1.43163,274099998.4741211
2011-06-27 23:43:00,1.43164,1.43164,1.43155,1.43157,496599998.4741211
2011-06-27 23:44:00,1.43159,1.43177,1.43157,1.43159,542000007.6293945
2011-06-27 23:45:00,1.43159,1.43159,1.43156,1.43159,82600002.28881836
2011-06-27 23:46:00,1.43158,1.43158,1.43136,1.43136,478699989.31884766
2011-06-27 23:47:00,1.43138,1.43149,1.43138,1.43141,285799999.23706055
2011-06-27 23:48:00,1.43139,1.43141,1.43139,1.43141,79099998.4741211
2011-06-27 23:49:00,1.43145,1.43145,1.43128,1.4313,575200004.5776367
2011-06-27 23:50:00,1.4313,1.43132,1.43102,1.43104,770999984.7412109
2011-06-27 23:51:00,1.43104,1.43109,1.43075,1.43075,811299972.5341797
2011-06-27 23:52:00,1.43079,1.4308,1.43058,1.43063,1680899963.3789062
2011-06-27 23:53:00,1.43068,1.43084,1.43061,1.43082,867300033.5693359
2011-06-27 23:54:00,1.43087,1.43121,1.43087,1.43107,1032900009.1552734
2011-06-27 23:55:00,1.43106,1.43119,1.43099,1.43101,934800033.5693359
2011-06-27 23:56:00,1.43102,1.43109,1.43102,1.43108,336699981.6894531
2011-06-27 23:57:00,1.43111,1.43115,1.43094,1.43099,656200027.4658203
2011-06-27 23:58:00,1.43101,1.43101,1.43095,1.43095,99499998.09265137
2011-06-27 23:59:00,1.43095,1.4311,1.43095,1.4311,285799999.23706055
2011-06-28 00:00:00,1.43106,1.43111,1.43087,1.43089,1481100006.1035156
2011-06-28 00:01:00,1.43089,1.43091,1.43056,1.43058,914700012.2070312
2011-06-28 00:02:00,1.43059,1.43062,1.43028,1.43031,990800018.3105469
2011-06-28 00:03:00,1.43038,1.43049,1.43024,1.43026,1116699981.6894531
2011-06-28 00:04:00,1.43024,1.43024,1.42955,1.4296,2102500000.0
2011-06-28 00:05:00,1.4296,1.42979,1.4295,1.42971,1655700073.2421875
2011-06-28 00:06:00,1.42971,1.42988,1.42962,1.42968,1199000015.258789
2011-06-28 00:07:00,1.42968,1.42979,1.42954,1.42954,617099990.8447266
2011-06-28 00:08:00,1.42949,1.42977,1.42942,1.42971,1370599975.5859375
2011-06-28 00:09:00,1.42969,1.42975,1.42964,1.42972,479799995.4223633
2011-06-28 00:10:00,1.42972,1.42972,1.42932,1.42935,891500015.2587891
2011-06-28 00:11:00,1.42933,1.42933,1.42903,1.4293,1121100006.1035156
2011-06-28 00:12:00,1.42929,1.42939,1.4291,1.42912,1084199981.6894531
2011-06-28 00:13:00,1.42911,1.42918,1.42881,1.42917,1032399978.6376953
2011-06-28 00:14:00,1.42913,1.42917,1.4289,1.42891,1246100006.1035156
2011-06-28 00:15:00,1.42891,1.42938,1.42891,1.42917,1453500061.0351562
2011-06-28 00:16:00,1.42919,1.42955,1.42919,1.42924,1609100036.6210938
2011-06-28 00:17:00,1.42922,1.42942,1.42898,1.42901,1522799987.7929688
2011-06-28 00:18:00,1.42907,1.42938,1.42907,1.4293,1080000000.0
2011-06-28 00:19:00,1.42929,1.42929,1.42907,1.42909,866699981.6894531
2011-06-28 00:20:00,1.42909,1.42921,1.4289,1.4292,1072099990.8447266
2011-06-28 00:21:00,1.42921,1.42948,1.42921,1.42948,1116500015.258789
2011-06-28 00:22:00,1.42948,1.42966,1.4293,1.42935,1707500000.0
2011-06-28 00:23:00,1.42935,1.4295,1.42932,1.42944,711200027.4658203
2011-06-28 00:24:00,1.42949,1.42957,1.42945,1.42945,559300003.0517578
2011-06-28 00:25:00,1.42945,1.42977,1.42931,1.42972,1386900024.4140625
2011-06-28 00:26:00,1.42979,1.43017,1.42979,1.42994,1809799957.2753906
2011-06-28 00:27:00,1.42993,1.42994,1.4297,1.4297,1218300018.3105469
2011-06-28 00:28:00,1.4297,1.42984,1.4297,1.42975,726200027.4658203
2011-06-28 00:29:00,1.42974,1.43009,1.42974,1.42994,1093099975.5859375
2011-06-28 00:30:00,1.42988,1.43009,1.42988,1.42989,1059899978.6376953
2011-06-28 00:31:00,1.42988,1.42988,1.42966,1.42978,1109800033.569336
2011-06-28 00:32:00,1.42981,1.42985,1.42977,1.42985,698700027.4658203
2011-06-28 00:33:00,1.42985,1.42999,1.42984,1.4299,886399993.8964844
2011-06-28 00:34:00,1.4299,1.42993,1.42957,1.42973,1334700012.2070312
2011-06-28 00:35:00,1.42973,1.42983,1.42963,1.42968,1026800003.0517578
2011-06-28 00:36:00,1.42967,1.4297,1.42963,1.42963,755199966.4306641
2011-06-28 00:37:00,1.42963,1.42966,1.42945,1.42945,620499992.3706055
2011-06-28 00:38:00,1.42946,1.42961,1.42931,1.42948,1528800048.828125
2011-06-28 00:39:00,1.42951,1.4298,1.42951,1.4298,604399986.2670898
2011-06-28 00:40:00,1.42979,1.42985,1.42965,1.4298,705800018.3105469
2011-06-28 00:41:00,1.42976,1.43,1.42973,1.42978,699400024.4140625
2011-06-28 00:42:00,1.42979,1.42992,1.42979,1.42987,910800018.3105469
2011-06-28 00:43:00,1.42986,1.42986,1.4296,1.42968,644800033.5693359
2011-06-28 00:44:00,1.42971,1.43026,1.42971,1.43026,1148199996.9482422
2011-06-28 00:45:00,1.43024,1.43025,1.4299,1.43001,706299972.5341797
2011-06-28 00:46:00,1.43001,1.43005,1.42986,1.42986,307199993.1335449
2011-06-28 00:47:00,1.4298,1.42994,1.42963,1.42964,1475399932.8613281
2011-06-28 00:48:00,1.42964,1.42984,1.42964,1.42968,749400024.4140625
2011-06-28 00:49:00,1.42969,1.42987,1.42966,1.42978,653300018.3105469
2011-06-28 00:50:00,1.42978,1.42981,1.42965,1.42972,484399986.26708984
2011-06-28 00:51:00,1.4297,1.42972,1.42933,1.42945,1101100006.1035156
2011-06-28 00:52:00,1.42945,1.42977,1.42943,1.42972,1302500000.0
2011-06-28 00:53:00,1.42972,1.42972,1.4294,1.42952,1087500000.0
2011-06-28 00:54:00,1.42951,1.42954,1.42925,1.42925,1339499969.4824219
2011-06-28 00:55:00,1.42925,1.42952,1.42911,1.42915,1366600036.6210938
2011-06-28 00:56:00,1.42914,1.42954,1.4291,1.42941,1633899993.8964844
2011-06-28 00:57:00,1.42942,1.42953,1.42941,1.42951,624399986.2670898
2011-06-28 00:58:00,1.42951,1.42986,1.42951,1.4296,1666799926.7578125
2011-06-28 00:59:00,1.42962,1.42971,1.42958,1.42958,1073300018.3105469
2011-06-28 01:00:00,1.42957,1.42976,1.42936,1.42976,1265400009.1552734
2011-06-28 01:01:00,1.42976,1.42991,1.42973,1.42991,813899993.8964844
2011-06-28 01:02:00,1.42994,1.43018,1.4299,1.43004,1129100036.6210938
2011-06-28 01:03:00,1.43004,1.43025,1.43002,1.43009,1421600036.6210938
2011-06-28 01:04:00,1.43009,1.43022,1.4299,1.42993,1186100006.1035156
2011-06-28 01:05:00,1.42994,1.43007,1.42979,1.42982,1120800018.3105469
2011-06-28 01:06:00,1.42982,1.42989,1.4298,1.42982,361899986.26708984
2011-06-28 01:07:00,1.42982,1.42983,1.42938,1.42953,943000030.5175781
2011-06-28 01:08:00,1.42955,1.4298,1.42955,1.42971,1156600036.6210938
2011-06-28 01:09:00,1.42977,1.42983,1.4296,1.4296,368199996.9482422
2011-06-28 01:10:00,1.4296,1.42964,1.42939,1.42941,1296699981.6894531
2011-06-28 01:11:00,1.42941,1.42945,1.42939,1.4294,620800018.3105469
2011-06-28 01:12:00,1.4294,1.42952,1.42939,1.4295,601899986.2670898
2011-06-28 01:13:00,1.4295,1.42965,1.42946,1.42955,528600006.1035156
2011-06-28 01:14:00,1.42955,1.42971,1.42955,1.42971,356899986.26708984
2011-06-28 01:15:00,1.4297,1.42994,1.4296,1.4299,1150100021.3623047
2011-06-28 01:16:00,1.42991,1.43016,1.42991,1.43009,1501900024.4140625
2011-06-28 01:17:00,1.43009,1.4303,1.43006,1.43029,1129300003.0517578
2011-06-28 01:18:00,1.43029,1.43082,1.43025,1.43065,1863300018.3105469
2011-06-28 01:19:00,1.43065,1.43073,1.43028,1.43043,1375299987.7929688
2011-06-28 01:20:00,1.43044,1.43067,1.43044,1.43056,789000015.2587891
2011-06-28 01:21:00,1.43057,1.43057,1.43017,1.43032,1116999969.4824219
2011-06-28 01:22:00,1.43033,1.4305,1.43033,1.43046,486399993.8964844
2011-06-28 01:23:00,1.43044,1.43061,1.43025,1.4306,739000015.2587891
2011-06-28 01:24:00,1.4306,1.4306,1.43034,1.43055,724899978.6376953
2011-06-28 01:25:00,1.43056,1.43058,1.43052,1.43057,368899993.8964844
2011-06-28 01:26:00,1.43058,1.43146,1.43058,1.4314,1488500061.0351562
2011-06-28 01:27:00,1.4314,1.43198,1.43138,1.43172,2819400024.4140625
2011-06-28 01:28:00,1.43172,1.43172,1.43139,1.43139,1408899993.8964844
2011-06-28 01:29:00,1.43141,1.43145,1.43134,1.43134,661100006.1035156
2011-06-28 01:30:00,1.43131,1.43136,1.43126,1.43132,730000000.0
2011-06-28 01:31:00,1.4313,1.43138,1.43129,1.4313,970699996.9482422
2011-06-28 01:32:00,1.4313,1.43131,1.43119,1.43119,470200004.5776367
2011-06-28 01:33:00,1.43119,1.43119,1.43063,1.43077,2690499877.9296875
2011-06-28 01:34:00,1.43078,1.43078,1.43051,1.43057,1327599945.0683594
2011-06-28 01:35:00,1.43057,1.43063,1.43056,1.4306,286200008.392334
2011-06-28 01:36:00,1.4306,1.43081,1.4306,1.43079,366899986.26708984
2011-06-28 01:37:00,1.43079,1.43081,1.43064,1.43064,394099998.4741211
2011-06-28 01:38:00,1.43059,1.43065,1.43041,1.4305,659599990.8447266
2011-06-28 01:39:00,1.43048,1.43092,1.43045,1.4308,1554900054.9316406
2011-06-28 01:40:00,1.43082,1.43102,1.43062,1.43101,2189799957.2753906
2011-06-28 01:41:00,1.43099,1.43104,1.43091,1.43099,1296100006.1035156
2011-06-28 01:42:00,1.43097,1.43101,1.43072,1.43083,2085500030.5175781
2011-06-28 01:43:00,1.43084,1.43097,1.43077,1.43083,1586499938.9648438
2011-06-28 01:44:00,1.43083,1.43092,1.43066,1.43071,1701300048.828125
2011-06-28 01:45:00,1.43073,1.4308,1.43067,1.43071,734100036.6210938
2011-06-28 01:46:00,1.43071,1.43071,1.43044,1.43054,948499984.7412109
2011-06-28 01:47:00,1.43054,1.43077,1.43045,1.43071,980699996.9482422
2011-06-28 01:48:00,1.43071,1.43071,1.43035,1.43049,1336100006.1035156
2011-06-28 01:49:00,1.43049,1.43064,1.43049,1.43056,566500015.2587891
2011-06-28 01:50:00,1.43057,1.43063,1.43045,1.43056,1274899978.6376953
2011-06-28 01:51:00,1.43055,1.4308,1.43051,1.4308,1234700012.2070312
2011-06-28 01:52:00,1.43079,1.43079,1.43046,1.43046,1302700042.7246094
2011-06-28 01:53:00,1.43047,1.43073,1.43047,1.43061,843300018.3105469
2011-06-28 01:54:00,1.43061,1.43064,1.43039,1.43043,798099975.5859375
2011-06-28 01:55:00,1.43043,1.43045,1.42994,1.43016,1821699981.6894531
2011-06-28 01:56:00,1.43016,1.43016,1.42992,1.42992,1374400024.4140625
2011-06-28 01:57:00,1.42989,1.43021,1.42986,1.43017,912600021.3623047
2011-06-28 01:58:00,1.43016,1.43018,1.4301,1.43012,747699966.4306641
2011-06-28 01:59:00,1.43011,1.43011,1.42981,1.42981,960400009.1552734
2011-06-28 02:00:00,1.42982,1.43021,1.42982,1.43002,1413300018.3105469
2011-06-28 02:01:00,1.43003,1.43026,1.42991,1.42995,1075800018.3105469
2011-06-28 02:02:00,1.42996,1.43012,1.42996,1.43006,866900024.4140625
2011-06-28 02:03:00,1.43005,1.43032,1.43003,1.43003,851600036.6210938
2011-06-28 02:04:00,1.43001,1.43002,1.42985,1.42985,997900009.1552734
2011-06-28 02:05:00,1.42988,1.43014,1.42982,1.43004,1138000030.5175781
2011-06-28 02:06:00,1.43001,1.43008,1.42997,1.42997,1191399993.8964844
2011-06-28 02:07:00,1.42996,1.43023,1.42991,1.43023,984700012.2070312
2011-06-28 02:08:00,1.43023,1.43032,1.4301,1.43018,2009700012.2070312
2011-06-28 02:09:00,1.4302,1.4303,1.42995,1.4302,1571000061.0351562
2011-06-28 02:10:00,1.43019,1.43023,1.43012,1.43018,475299987.79296875
2011-06-28 02:11:00,1.43016,1.43017,1.43011,1.43017,482500000.0
2011-06-28 02:12:00,1.43019,1.43025,1.43016,1.43016,464000015.25878906
2011-06-28 02:13:00,1.43012,1.4305,1.43006,1.4305,1087799987.7929688
2011-06-28 02:14:00,1.43052,1.4308,1.43051,1.43061,1293000030.5175781
2011-06-28 02:15:00,1.43059,1.43065,1.43049,1.43059,1149499969.4824219
2011-06-28 02:16:00,1.43059,1.43075,1.43055,1.43062,1217300033.569336
2011-06-28 02:17:00,1.43062,1.43074,1.43058,1.43061,948499984.7412109
2011-06-28 02:18:00,1.43059,1.4306,1.43039,1.4304,675100021.3623047
2011-06-28 02:19:00,1.4304,1.43071,1.43037,1.43061,665899963.3789062
2011-06-28 02:20:00,1.43062,1.43068,1.4305,1.43054,2004100036.6210938
2011-06-28 02:21:00,1.43048,1.43065,1.43048,1.43051,859000015.2587891
2011-06-28 02:22:00,1.43051,1.43081,1.43051,1.43063,1085599975.5859375
2011-06-28 02:23:00,1.43062,1.43085,1.43061,1.43085,579399986.2670898
2011-06-28 02:24:00,1.43085,1.43112,1.43067,1.43081,1894100036.6210938
2011-06-28 02:25:00,1.43082,1.43087,1.43082,1.43084,255300006.86645508
2011-06-28 02:26:00,1.43082,1.43082,1.4306,1.4306,299400005.3405762
2011-06-28 02:27:00,1.4306,1.43065,1.43054,1.4306,578400001.5258789
2011-06-28 02:28:00,1.43053,1.43088,1.43053,1.43057,2008200073.2421875
2011-06-28 02:29:00,1.43057,1.43066,1.43034,1.43035,1510899963.3789062
2011-06-28 02:30:00,1.43035,1.43035,1.43007,1.43026,1192300033.569336
2011-06-28 02:31:00,1.43029,1.43035,1.43014,1.43035,626899986.2670898
2011-06-28 02:32:00,1.43036,1.43043,1.43031,1.43033,549300003.0517578
2011-06-28 02:33:00,1.43033,1.43034,1.43033,1.43034,80900001.5258789
2011-06-28 02:34:00,1.43033,1.43033,1.43033,1.43033,11499999.76158142
2011-06-28 02:35:00,1.43034,1.43057,1.43034,1.43057,530400009.15527344
2011-06-28 02:36:00,1.43057,1.43057,1.43035,1.43041,724000015.2587891
2011-06-28 02:37:00,1.43039,1.4305,1.43039,1.4305,412700004.5776367
2011-06-28 02:38:00,1.43053,1.43056,1.43051,1.43051,441199989.31884766
2011-06-28 02:39:00,1.43051,1.43051,1.43045,1.43046,437000007.62939453
2011-06-28 02:40:00,1.43045,1.43045,1.43027,1.43038,816399993.8964844
2011-06-28 02:41:00,1.43038,1.43064,1.43033,1.43053,681800003.0517578
2011-06-28 02:42:00,1.43057,1.4306,1.43039,1.43039,255200004.57763672
2011-06-28 02:43:00,1.43041,1.43043,1.43041,1.43041,185699996.9482422
2011-06-28 02:44:00,1.43041,1.43041,1.43041,1.43041,22799999.713897705
2011-06-28 02:45:00,1.4304,1.43041,1.4304,1.43041,127500000.0
2011-06-28 02:46:00,1.4304,1.43058,1.43032,1.43041,1085999984.741211
2011-06-28 02:47:00,1.43042,1.43064,1.43041,1.43054,1141800003.0517578
2011-06-28 02:48:00,1.43058,1.43069,1.43054,1.43069,1082099990.8447266
2011-06-28 02:49:00,1.43069,1.43074,1.43054,1.4307,739100036.6210938
2011-06-28 02:50:00,1.4307,1.43078,1.43059,1.43061,376399993.8964844
2011-06-28 02:51:00,1.43059,1.43067,1.43057,1.43057,308299999.23706055
2011-06-28 02:52:00,1.43055,1.43068,1.43041,1.43061,930400009.1552734
2011-06-28 02:53:00,1.4306,1.43073,1.43056,1.43058,538499984.7412109
2011-06-28 02:54:00,1.43059,1.43059,1.43051,1.43051,114399995.80383301
2011-06-28 02:55:00,1.4305,1.43057,1.43044,1.4305,274599990.84472656
2011-06-28 02:56:00,1.4305,1.43066,1.4305,1.43065,506599998.4741211
2011-06-28 02:57:00,1.43068,1.43068,1.4306,1.4306,268600006.1035156
2011-06-28 02:58:00,1.43062,1.43064,1.4305,1.4305,479900016.78466797
2011-06-28 02:59:00,1.43046,1.43046,1.43026,1.43034,781999969.4824219
2011-06-28 03:00:00,1.43033,1.43041,1.43031,1.43033,585900001.5258789
2011-06-28 03:01:00,1.43033,1.4304,1.43025,1.43038,669899978.6376953
2011-06-28 03:02:00,1.43038,1.43038,1.43026,1.43036,558699989.3188477
2011-06-28 03:03:00,1.43038,1.4304,1.4303,1.43032,357000007.62939453
2011-06-28 03:04:00,1.43028,1.4304,1.43026,1.4304,446800003.0517578
2011-06-28 03:05:00,1.43043,1.43046,1.4304,1.43045,245300006.86645508
2011-06-28 03:06:00,1.43045,1.43045,1.43038,1.43038,160400009.15527344
2011-06-28 03:07:00,1.43038,1.4305,1.43038,1.43041,225799999.23706055
2011-06-28 03:08:00,1.43049,1.43049,1.43042,1.43043,210599994.65942383
2011-06-28 03:09:00,1.43042,1.43046,1.43041,1.43042,372000007.62939453
2011-06-28 03:10:00,1.43042,1.43043,1.43031,1.43031,291100006.1035156
2011-06-28 03:11:00,1.43031,1.4304,1.43031,1.43035,425299987.79296875
2011-06-28 03:12:00,1.43035,1.43036,1.43032,1.43036,125500001.90734863
2011-06-28 03:13:00,1.43034,1.43034,1.42997,1.43018,1160899963.3789062
2011-06-28 03:14:00,1.43018,1.43019,1.43012,1.43019,213400001.5258789
2011-06-28 03:15:00,1.43018,1.43023,1.43018,1.4302,253299999.23706055
2011-06-28 03:16:00,1.4302,1.4302,1.43015,1.4302,344700012.20703125
2011-06-28 03:17:00,1.43019,1.43021,1.43016,1.43021,176499996.18530273
2011-06-28 03:18:00,1.43021,1.43021,1.43019,1.4302,90000000.0
2011-06-28 03:19:00,1.43019,1.43019,1.43003,1.43003,502299995.4223633
2011-06-28 03:20:00,1.43002,1.4301,1.42999,1.4301,648700027.4658203
2011-06-28 03:21:00,1.4301,1.43034,1.4301,1.43034,490200004.5776367
2011-06-28 03:22:00,1.43035,1.43045,1.4303,1.43043,589199981.6894531
2011-06-28 03:23:00,1.43041,1.43041,1.43027,1.4303,511899986.26708984
2011-06-28 03:24:00,1.43028,1.43028,1.43006,1.43007,725299987.7929688
2011-06-28 03:25:00,1.43007,1.43021,1.42986,1.42987,1642700042.7246094
2011-06-28 03:26:00,1.42987,1.42987,1.42955,1.42971,1194300003.0517578
2011-06-28 03:27:00,1.42971,1.42979,1.4296,1.4296,527099990.84472656
2011-06-28 03:28:00,1.42959,1.42962,1.42937,1.42938,894899978.6376953
2011-06-28 03:29:00,1.42937,1.42946,1.42929,1.42938,1151100006.1035156
2011-06-28 03:30:00,1.4294,1.42947,1.42934,1.42938,977799987.7929688
2011-06-28 03:31:00,1.42938,1.42951,1.42938,1.42951,541300010.6811523
2011-06-28 03:32:00,1.42953,1.42972,1.42953,1.42972,524799995.4223633
2011-06-28 03:33:00,1.42973,1.42987,1.42973,1.42979,665899963.3789062
2011-06-28 03:34:00,1.42979,1.42979,1.42969,1.42972,502000007.62939453
2011-06-28 03:35:00,1.4297,1.42972,1.42961,1.42965,720699996.9482422
2011-06-28 03:36:00,1.42965,1.42968,1.42962,1.42962,244500007.62939453
2011-06-28 03:37:00,1.42962,1.42985,1.42962,1.42972,613400001.5258789
2011-06-28 03:38:00,1.42972,1.42974,1.42964,1.42968,597799987.7929688
2011-06-28 03:39:00,1.42968,1.42975,1.42966,1.42966,676800003.0517578
2011-06-28 03:40:00,1.42966,1.4297,1.42962,1.42962,494599990.84472656
2011-06-28 03:41:00,1.42962,1.42966,1.42961,1.42964,158100004.196167
2011-06-28 03:42:00,1.42965,1.42965,1.4294,1.4294,270699996.9482422
2011-06-28 03:43:00,1.4294,1.4294,1.429,1.42921,1026500015.2587891
2011-06-28 03:44:00,1.42922,1.42922,1.42908,1.42915,933000030.5175781
2011-06-28 03:45:00,1.42912,1.42957,1.42911,1.42949,2043600006.1035156
2011-06-28 03:46:00,1.42947,1.42947,1.42934,1.42935,590400009.1552734
2011-06-28 03:47:00,1.42938,1.42939,1.42917,1.42919,792300033.5693359
2011-06-28 03:48:00,1.42918,1.42933,1.42916,1.42919,1033199996.9482422
2011-06-28 03:49:00,1.4292,1.42932,1.4292,1.42932,292999992.37060547
2011-06-28 03:50:00,1.4293,1.42938,1.42902,1.42902,1468099975.5859375
2011-06-28 03:51:00,1.42902,1.42902,1.42865,1.42882,1670500030.5175781
2011-06-28 03:52:00,1.42884,1.42906,1.42884,1.42891,1621999969.4824219
2011-06-28 03:53:00,1.42891,1.429,1.42889,1.42889,864400024.4140625
2011-06-28 03:54:00,1.42889,1.42899,1.42885,1.42891,733600006.1035156
2011-06-28 03:55:00,1.42895,1.42911,1.42895,1.42911,476699981.6894531
2011-06-28 03:56:00,1.42911,1.42915,1.42911,1.42912,315300006.8664551
2011-06-28 03:57:00,1.42914,1.42932,1.42914,1.4292,1014700012.2070312
2011-06-28 03:58:00,1.42921,1.42939,1.42921,1.42931,1323600006.1035156
2011-06-28 03:59:00,1.42931,1.42941,1.42931,1.42938,992300033.5693359
2011-06-28 04:00:00,1.42935,1.42952,1.42932,1.42949,1019499969.4824219
2011-06-28 04:01:00,1.4295,1.42959,1.42945,1.42959,1280599975.5859375
2011-06-28 04:02:00,1.42958,1.4296,1.42955,1.42955,235699996.9482422
2011-06-28 04:03:00,1.42951,1.42956,1.4295,1.42955,166599998.4741211
2011-06-28 04:04:00,1.42955,1.42955,1.4294,1.4294,998799972.5341797
2011-06-28 04:05:00,1.42941,1.4295,1.42938,1.42946,1012900009.1552734
2011-06-28 04:06:00,1.42945,1.4295,1.42945,1.42947,1045500030.5175781
2011-06-28 04:07:00,1.4295,1.4296,1.42947,1.42951,995000000.0
2011-06-28 04:08:00,1.42949,1.42954,1.42947,1.42949,681699981.6894531
2011-06-28 04:09:00,1.42949,1.42953,1.42943,1.42947,605600013.7329102
2011-06-28 04:10:00,1.42948,1.42966,1.42948,1.42958,1003600006.1035156
2011-06-28 04:11:00,1.42958,1.42965,1.42957,1.42963,172999992.37060547
2011-06-28 04:12:00,1.42964,1.42973,1.42958,1.4296,620800018.3105469
2011-06-28 04:13:00,1.4296,1.42963,1.42955,1.42955,322400016.78466797
2011-06-28 04:14:00,1.42957,1.42958,1.42952,1.42955,449599990.84472656
2011-06-28 04:15:00,1.42961,1.42976,1.42957,1.42972,944000015.2587891
2011-06-28 04:16:00,1.42968,1.42974,1.42953,1.42964,1331199951.171875
2011-06-28 04:17:00,1.42967,1.4297,1.42961,1.42966,568100013.7329102
2011-06-28 04:18:00,1.42968,1.42969,1.42959,1.4296,391399993.8964844
2011-06-28 04:19:00,1.42965,1.42965,1.42945,1.42945,937300033.5693359
2011-06-28 04:20:00,1.42945,1.42945,1.42888,1.4289,1221699981.6894531
2011-06-28 04:21:00,1.42892,1.42904,1.42882,1.42889,1807700042.7246094
2011-06-28 04:22:00,1.42893,1.42905,1.42885,1.42888,806900024.4140625
2011-06-28 04:23:00,1.42888,1.429,1.42886,1.42894,799300003.0517578
2011-06-28 04:24:00,1.42892,1.429,1.42889,1.42899,860000000.0
2011-06-28 04:25:00,1.42899,1.42909,1.42893,1.42908,493300018.3105469
2011-06-28 04:26:00,1.42904,1.42906,1.42904,1.42906,45199999.80926514
2011-06-28 04:27:00,1.42906,1.42947,1.42906,1.4294,723600006.1035156
2011-06-28 04:28:00,1.4294,1.42944,1.4293,1.42932,285300006.8664551
2011-06-28 04:29:00,1.42932,1.42933,1.4293,1.42932,108999996.18530273
2011-06-28 04:30:00,1.42931,1.42932,1.42903,1.42914,612700004.5776367
2011-06-28 04:31:00,1.42913,1.42913,1.42904,1.42907,330900001.5258789
2011-06-28 04:32:00,1.42909,1.42913,1.42903,1.42906,413499984.74121094
2011-06-28 04:33:00,1.42907,1.42913,1.42906,1.42913,233600006.10351562
2011-06-28 04:34:00,1.42911,1.4292,1.42911,1.4292,237399997.71118164
2011-06-28 04:35:00,1.4292,1.42926,1.42915,1.42919,922300033.5693359
2011-06-28 04:36:00,1.42919,1.42924,1.42915,1.42919,522000007.62939453
2011-06-28 04:37:00,1.42919,1.42947,1.42919,1.42935,875000000.0
2011-06-28 04:38:00,1.42935,1.42935,1.42915,1.42918,660599975.5859375
2011-06-28 04:39:00,1.42918,1.42923,1.42916,1.42917,211200008.39233398
2011-06-28 04:40:00,1.42915,1.42936,1.42915,1.42936,277900009.15527344
2011-06-28 04:41:00,1.42935,1.42935,1.42932,1.42935,173099994.65942383
2011-06-28 04:42:00,1.42937,1.42943,1.42923,1.42941,1310899963.3789062
2011-06-28 04:43:00,1.42941,1.42961,1.42941,1.42953,642500000.0
2011-06-28 04:44:00,1.42952,1.42971,1.42952,1.42971,674100036.6210938
2011-06-28 04:45:00,1.4297,1.42991,1.42957,1.42962,1315200042.7246094
2011-06-28 04:46:00,1.42964,1.42964,1.42947,1.42947,633100013.7329102
2011-06-28 04:47:00,1.42948,1.42987,1.42948,1.42972,1019800033.5693359
2011-06-28 04:48:00,1.42974,1.42976,1.42956,1.42961,460699996.9482422
2011-06-28 04:49:00,1.42963,1.42985,1.42963,1.42967,999300003.0517578
2011-06-28 04:50:00,1.42971,1.4298,1.42968,1.4297,831800003.0517578
2011-06-28 04:51:00,1.4297,1.4297,1.42964,1.42964,161800003.0517578
2011-06-28 04:52:00,1.42963,1.42963,1.42936,1.42936,683700027.4658203
2011-06-28 04:53:00,1.42937,1.42951,1.42937,1.42949,732200012.2070312
2011-06-28 04:54:00,1.42949,1.42954,1.42936,1.42942,654499969.4824219
2011-06-28 04:55:00,1.42941,1.42941,1.4292,1.42922,667900009.1552734
2011-06-28 04:56:00,1.42918,1.42936,1.42918,1.42931,605600013.7329102
2011-06-28 04:57:00,1.4293,1.42943,1.42929,1.42942,465800018.3105469
2011-06-28 04:58:00,1.42943,1.42943,1.42928,1.42934,645199966.4306641
2011-06-28 04:59:00,1.42934,1.42941,1.4293,1.42941,645800018.3105469
2011-06-28 05:00:00,1.42939,1.4296,1.42935,1.42952,1537700042.7246094
2011-06-28 05:01:00,1.42952,1.42955,1.42937,1.4295,936800003.0517578
2011-06-28 05:02:00,1.42949,1.42965,1.42947,1.42965,602700004.5776367
2011-06-28 05:03:00,1.42964,1.42964,1.4294,1.42946,724400024.4140625
2011-06-28 05:04:00,1.42947,1.42968,1.42947,1.42968,453499984.74121094
2011-06-28 05:05:00,1.42968,1.42968,1.42951,1.42963,414799995.4223633
2011-06-28 05:06:00,1.42959,1.42959,1.42931,1.42955,686999969.4824219
2011-06-28 05:07:00,1.42953,1.42965,1.4295,1.42952,522400016.78466797
2011-06-28 05:08:00,1.42952,1.42952,1.42941,1.42948,349500007.62939453
2011-06-28 05:09:00,1.42948,1.42964,1.42948,1.42962,1078799972.5341797
2011-06-28 05:10:00,1.42964,1.42964,1.42923,1.42923,1037799987.7929688
2011-06-28 05:11:00,1.42922,1.42922,1.42902,1.42908,885800018.3105469
2011-06-28 05:12:00,1.42907,1.42912,1.42869,1.42873,1536799926.7578125
2011-06-28 05:13:00,1.42873,1.4288,1.42855,1.42874,1503000030.5175781
2011-06-28 05:14:00,1.42878,1.42887,1.42866,1.42868,1669600067.1386719
2011-06-28 05:15:00,1.42867,1.42869,1.4286,1.42869,730599975.5859375
2011-06-28 05:16:00,1.42869,1.42869,1.42856,1.42859,886600036.6210938
2011-06-28 05:17:00,1.42854,1.4286,1.4285,1.42851,655599975.5859375
2011-06-28 05:18:00,1.42853,1.42856,1.42814,1.42814,1076800003.0517578
2011-06-28 05:19:00,1.42814,1.42832,1.4279,1.4283,2033899993.8964844
2011-06-28 05:20:00,1.4283,1.42849,1.42788,1.42789,1789199981.6894531
2011-06-28 05:21:00,1.42787,1.42787,1.42749,1.42751,2710400085.4492188
2011-06-28 05:22:00,1.4275,1.42769,1.42721,1.42759,1961799926.7578125
2011-06-28 05:23:00,1.4276,1.42775,1.42737,1.42743,1425200042.7246094
2011-06-28 05:24:00,1.42743,1.42746,1.42721,1.42745,1828999938.9648438
2011-06-28 05:25:00,1.42745,1.4275,1.42726,1.42726,1078000030.5175781
2011-06-28 05:26:00,1.42728,1.42748,1.42728,1.42732,850199966.4306641
2011-06-28 05:27:00,1.42732,1.42744,1.42731,1.42744,754300003.0517578
2011-06-28 05:28:00,1.42746,1.42746,1.42676,1.42676,2119299926.7578125
2011-06-28 05:29:00,1.4268,1.42703,1.42668,1.42691,1675099945.0683594
2011-06-28 05:30:00,1.42691,1.42727,1.42691,1.42722,1422500000.0
2011-06-28 05:31:00,1.42722,1.4273,1.42717,1.42717,1148899993.8964844
2011-06-28 05:32:00,1.42712,1.42716,1.42695,1.42698,1776699981.6894531
2011-06-28 05:33:00,1.42698,1.42701,1.42668,1.42669,962799987.7929688
2011-06-28 05:34:00,1.42669,1.42677,1.4266,1.42677,1095199966.430664
2011-06-28 05:35:00,1.42678,1.42718,1.42678,1.42693,2336499938.9648438
2011-06-28 05:36:00,1.42692,1.42709,1.42688,1.42698,1327100067.1386719
2011-06-28 05:37:00,1.42697,1.42711,1.42694,1.42697,969400024.4140625
2011-06-28 05:38:00,1.42698,1.42736,1.42696,1.42729,1377299957.2753906
2011-06-28 05:39:00,1.42729,1.42772,1.42729,1.4277,1810000000.0
2011-06-28 05:40:00,1.4277,1.42771,1.42745,1.42749,1588899993.8964844
2011-06-28 05:41:00,1.42749,1.42754,1.42731,1.42742,1996499938.9648438
2011-06-28 05:42:00,1.42742,1.42749,1.42742,1.42749,495999984.74121094
2011-06-28 05:43:00,1.4275,1.4275,1.42743,1.42744,626100006.1035156
2011-06-28 05:44:00,1.42747,1.42749,1.42732,1.42732,382000007.62939453
2011-06-28 05:45:00,1.42732,1.42736,1.42678,1.42678,1595299987.7929688
2011-06-28 05:46:00,1.42679,1.42684,1.42655,1.4268,1747500000.0
2011-06-28 05:47:00,1.42681,1.427,1.42681,1.42695,794199981.6894531
2011-06-28 05:48:00,1.42698,1.42709,1.42695,1.42705,948799972.5341797
2011-06-28 05:49:00,1.42705,1.42708,1.42696,1.427,578699989.3188477
2011-06-28 05:50:00,1.427,1.42736,1.427,1.42736,1075299987.7929688
2011-06-28 05:51:00,1.42736,1.4275,1.42724,1.42725,980199966.4306641
2011-06-28 05:52:00,1.42725,1.42729,1.42718,1.42719,740599975.5859375
2011-06-28 05:53:00,1.4272,1.4272,1.42692,1.42692,836999969.4824219
2011-06-28 05:54:00,1.42692,1.42724,1.42685,1.42722,1899499969.4824219
2011-06-28 05:55:00,1.42722,1.42725,1.42713,1.42717,1415500030.5175781
2011-06-28 05:56:00,1.42717,1.42718,1.42691,1.42691,1055199966.4306641
2011-06-28 05:57:00,1.42692,1.42704,1.4269,1.4269,1135899963.3789062
2011-06-28 05:58:00,1.4269,1.42697,1.42683,1.42691,702300033.5693359
2011-06-28 05:59:00,1.42691,1.42707,1.42687,1.42693,1530899963.3789062
2011-06-28 06:00:00,1.42694,1.42739,1.42692,1.42734,2652200012.2070312
2011-06-28 06:01:00,1.42737,1.42744,1.42729,1.42744,1250400009.1552734
2011-06-28 06:02:00,1.42747,1.42752,1.42742,1.42751,1272699966.430664
2011-06-28 06:03:00,1.42751,1.42753,1.42735,1.42741,1837100067.1386719
2011-06-28 06:04:00,1.42742,1.42751,1.42712,1.42721,1459900054.9316406
2011-06-28 06:05:00,1.42721,1.42733,1.42713,1.42733,974199981.6894531
2011-06-28 06:06:00,1.42733,1.42741,1.42719,1.42735,1112099990.8447266
2011-06-28 06:07:00,1.42733,1.42748,1.42722,1.42741,1196999969.4824219
2011-06-28 06:08:00,1.42743,1.42753,1.4274,1.42753,1209199981.6894531
2011-06-28 06:09:00,1.42756,1.4277,1.42746,1.42751,2811600036.6210938
2011-06-28 06:10:00,1.42751,1.42751,1.4273,1.42735,1204100036.6210938
2011-06-28 06:11:00,1.42735,1.42742,1.42717,1.42737,1342500000.0
2011-06-28 06:12:00,1.42742,1.42782,1.42733,1.42782,985299987.7929688
2011-06-28 06:13:00,1.42781,1.42784,1.42766,1.42779,1349799957.2753906
2011-06-28 06:14:00,1.42777,1.4278,1.42751,1.42756,1421900024.4140625
2011-06-28 06:15:00,1.42756,1.42764,1.42734,1.42741,1908999938.9648438
2011-06-28 06:16:00,1.42741,1.42768,1.42741,1.42765,723000030.5175781
2011-06-28 06:17:00,1.42763,1.42784,1.4276,1.42781,2597099914.5507812
2011-06-28 06:18:00,1.42781,1.4279,1.42781,1.42782,2668800048.828125
2011-06-28 06:19:00,1.42782,1.42785,1.4276,1.4276,2327500000.0
2011-06-28 06:20:00,1.4276,1.4276,1.42722,1.4275,1368999938.9648438
2011-06-28 06:21:00,1.42757,1.42758,1.42726,1.42731,1936499938.9648438
2011-06-28 06:22:00,1.42731,1.42754,1.42729,1.42735,1516399993.8964844
2011-06-28 06:23:00,1.42735,1.4274,1.42729,1.42737,1245599975.5859375
2011-06-28 06:24:00,1.42737,1.42756,1.42736,1.42756,1732100067.1386719
2011-06-28 06:25:00,1.42756,1.42784,1.42749,1.42784,1693800048.828125
2011-06-28 06:26:00,1.42789,1.42842,1.42787,1.42842,2812099914.5507812
2011-06-28 06:27:00,1.42843,1.42858,1.42817,1.42822,2890100097.65625
2011-06-28 06:28:00,1.42824,1.4286,1.42821,1.42855,2009100036.6210938
2011-06-28 06:29:00,1.42861,1.42861,1.4282,1.42824,2427100067.138672
2011-06-28 06:30:00,1.42824,1.42862,1.42824,1.42843,1374499969.4824219
2011-06-28 06:31:00,1.42845,1.42847,1.42818,1.4282,2266699981.689453
2011-06-28 06:32:00,1.4282,1.42834,1.42808,1.42815,2385200042.7246094
2011-06-28 06:33:00,1.42815,1.42819,1.4279,1.42799,2529299926.7578125
2011-06-28 06:34:00,1.42796,1.42796,1.42771,1.42795,1740500030.5175781
2011-06-28 06:35:00,1.42793,1.42793,1.42736,1.42738,2434199981.689453
2011-06-28 06:36:00,1.42736,1.42743,1.42713,1.42721,2682200012.2070312
2011-06-28 06:37:00,1.42721,1.42733,1.42715,1.42728,1696199951.171875
2011-06-28 06:38:00,1.42725,1.42768,1.42723,1.42759,2257200012.2070312
2011-06-28 06:39:00,1.42758,1.42765,1.42742,1.42761,1811300048.828125
2011-06-28 06:40:00,1.42761,1.42762,1.42729,1.42758,2317599945.0683594
2011-06-28 06:41:00,1.42755,1.42755,1.42683,1.42707,2453600006.1035156
2011-06-28 06:42:00,1.42704,1.42762,1.42704,1.42741,2119499969.4824219
2011-06-28 06:43:00,1.4274,1.4274,1.4272,1.4272,1271399993.8964844
2011-06-28 06:44:00,1.42723,1.42731,1.42719,1.42731,1190100021.3623047
2011-06-28 06:45:00,1.42732,1.42756,1.42732,1.42739,2646400146.484375
2011-06-28 06:46:00,1.42741,1.42752,1.42723,1.42737,2425299987.7929688
2011-06-28 06:47:00,1.42739,1.42742,1.42725,1.42729,1828200073.2421875
2011-06-28 06:48:00,1.42728,1.4273,1.4265,1.42673,3290000000.0
2011-06-28 06:49:00,1.42674,1.4268,1.42628,1.42641,2551100006.1035156
2011-06-28 06:50:00,1.42643,1.42661,1.42637,1.42656,2105000000.0
2011-06-28 06:51:00,1.42654,1.42657,1.42631,1.42652,2026300048.828125
2011-06-28 06:52:00,1.42659,1.42664,1.4265,1.4266,1828399963.3789062
2011-06-28 06:53:00,1.42661,1.42692,1.42661,1.42688,1262300033.569336
2011-06-28 06:54:00,1.42688,1.42692,1.4267,1.4269,1526300048.828125
2011-06-28 06:55:00,1.42689,1.42703,1.42689,1.42694,1015699996.9482422
2011-06-28 06:56:00,1.42695,1.427,1.42683,1.42687,1259800033.569336
2011-06-28 06:57:00,1.42687,1.42687,1.42638,1.42652,1896100006.1035156
2011-06-28 06:58:00,1.42651,1.42682,1.42651,1.42678,1954700012.2070312
2011-06-28 06:59:00,1.42677,1.42691,1.42646,1.42646,2313600006.1035156
2011-06-28 07:00:00,1.42646,1.42646,1.42591,1.42612,3015100097.65625
2011-06-28 07:01:00,1.42612,1.42629,1.42603,1.42614,2209900054.9316406
2011-06-28 07:02:00,1.42614,1.42631,1.42598,1.42618,2115500030.5175781
2011-06-28 07:03:00,1.42619,1.42633,1.42611,1.42611,1432599945.0683594
2011-06-28 07:04:00,1.42611,1.42622,1.42579,1.42579,1459700012.2070312
2011-06-28 07:05:00,1.42578,1.42605,1.42549,1.42605,3036900024.4140625
2011-06-28 07:06:00,1.42605,1.42605,1.42539,1.42558,2462700042.7246094
2011-06-28 07:07:00,1.42561,1.42581,1.42554,1.42571,2061699981.6894531
2011-06-28 07:08:00,1.42572,1.42578,1.4254,1.42549,2219600067.138672
2011-06-28 07:09:00,1.42549,1.42601,1.42549,1.42595,2228600006.1035156
2011-06-28 07:10:00,1.42597,1.42642,1.42597,1.42634,2493399963.3789062
2011-06-28 07:11:00,1.42634,1.4268,1.42634,1.42677,2380299987.7929688
2011-06-28 07:12:00,1.42675,1.42699,1.42672,1.42677,2890799865.7226562
2011-06-28 07:13:00,1.42679,1.42732,1.42676,1.4273,2910000000.0
2011-06-28 07:14:00,1.4273,1.42735,1.42696,1.42711,2301600036.6210938
2011-06-28 07:15:00,1.42714,1.42728,1.42697,1.42725,2591400146.484375
2011-06-28 07:16:00,1.42725,1.42776,1.42709,1.42775,3118800048.828125
2011-06-28 07:17:00,1.42775,1.42778,1.42725,1.42725,3257300109.8632812
2011-06-28 07:18:00,1.42723,1.42761,1.42721,1.42755,2714899902.34375
2011-06-28 07:19:00,1.42756,1.42824,1.42756,1.42824,2507899932.861328
2011-06-28 07:20:00,1.42829,1.42846,1.42779,1.42781,3847699890.1367188
2011-06-28 07:21:00,1.42783,1.42821,1.42781,1.42807,3223099975.5859375
2011-06-28 07:22:00,1.42807,1.42807,1.42765,1.42788,2356499938.9648438
2011-06-28 07:23:00,1.42786,1.42793,1.42754,1.42763,2443999938.9648438
2011-06-28 07:24:00,1.42759,1.42779,1.42744,1.42779,1847200012.2070312
2011-06-28 07:25:00,1.42781,1.42801,1.42775,1.42789,1889900054.9316406
2011-06-28 07:26:00,1.4279,1.42842,1.4279,1.42839,2164400024.4140625
2011-06-28 07:27:00,1.42842,1.42844,1.42814,1.42815,2694899902.34375
2011-06-28 07:28:00,1.42815,1.42816,1.42784,1.42793,1726999969.4824219
2011-06-28 07:29:00,1.42793,1.42809,1.42781,1.42784,2075899963.3789062
2011-06-28 07:30:00,1.42784,1.42906,1.42771,1.42906,3821099853.515625
2011-06-28 07:31:00,1.42907,1.42982,1.42907,1.42975,4935599975.5859375
2011-06-28 07:32:00,1.42975,1.43048,1.42975,1.43047,3816199951.171875
2011-06-28 07:33:00,1.43049,1.43053,1.43023,1.43027,4252900085.4492188
2011-06-28 07:34:00,1.43025,1.43036,1.42997,1.43017,2802600097.65625
2011-06-28 07:35:00,1.43015,1.43075,1.43008,1.43057,2903099975.5859375
2011-06-28 07:36:00,1.43059,1.43119,1.43055,1.43119,2521300048.828125
2011-06-28 07:37:00,1.43122,1.43144,1.43111,1.43113,3341700134.2773438
2011-06-28 07:38:00,1.4311,1.4311,1.43081,1.43105,3114299926.7578125
2011-06-28 07:39:00,1.43105,1.43179,1.43098,1.43171,4031099853.515625
2011-06-28 07:40:00,1.43174,1.43182,1.4314,1.4314,3561499938.9648438
2011-06-28 07:41:00,1.43138,1.43151,1.43119,1.43119,2902900085.4492188
2011-06-28 07:42:00,1.43115,1.43136,1.43109,1.43115,2224799957.2753906
2011-06-28 07:43:00,1.43115,1.43125,1.43096,1.43104,2345399932.861328
2011-06-28 07:44:00,1.43104,1.43145,1.43104,1.43139,2370700073.2421875
2011-06-28 07:45:00,1.4314,1.43223,1.43135,1.43178,3586199951.171875
2011-06-28 07:46:00,1.43179,1.43192,1.43155,1.43158,2951499938.9648438
2011-06-28 07:47:00,1.43159,1.43177,1.43128,1.43131,2314400024.4140625
2011-06-28 07:48:00,1.43131,1.43139,1.43111,1.43118,2637000122.0703125
2011-06-28 07:49:00,1.43118,1.43132,1.43096,1.43132,2162599945.0683594
2011-06-28 07:50:00,1.43131,1.4314,1.43115,1.43133,2877999877.9296875
2011-06-28 07:51:00,1.43135,1.43137,1.43099,1.43099,2785100097.65625
2011-06-28 07:52:00,1.43099,1.43126,1.43099,1.43126,2675299987.7929688
2011-06-28 07:53:00,1.43132,1.43227,1.43132,1.43206,3213699951.171875
2011-06-28 07:54:00,1.43205,1.43205,1.43166,1.43169,3058099975.5859375
2011-06-28 07:55:00,1.43174,1.43174,1.43128,1.43149,2145200042.7246094
2011-06-28 07:56:00,1.43148,1.43149,1.43112,1.43112,1629700012.2070312
2011-06-28 07:57:00,1.4311,1.43145,1.43108,1.43114,1680299987.7929688
2011-06-28 07:58:00,1.43116,1.43116,1.43085,1.431,2095800018.3105469
2011-06-28 07:59:00,1.431,1.43181,1.43095,1.43181,2634800109.8632812
2011-06-28 08:00:00,1.43179,1.43275,1.43155,1.43245,3921099853.515625
2011-06-28 08:01:00,1.43244,1.43244,1.43192,1.43199,2908999938.9648438
2011-06-28 08:02:00,1.43199,1.43229,1.43175,1.43179,2404499969.482422
2011-06-28 08:03:00,1.43177,1.43227,1.4316,1.4316,3333500061.0351562
2011-06-28 08:04:00,1.43165,1.43188,1.43155,1.43165,2738500061.0351562
2011-06-28 08:05:00,1.43165,1.43165,1.43112,1.43131,3000299987.7929688
2011-06-28 08:06:00,1.43134,1.43154,1.43121,1.43121,1936999969.4824219
2011-06-28 08:07:00,1.43119,1.4312,1.43079,1.43085,2721799926.7578125
2011-06-28 08:08:00,1.43087,1.43087,1.43051,1.43053,2626300048.828125
2011-06-28 08:09:00,1.43052,1.43109,1.43052,1.43099,2686300048.828125
2011-06-28 08:10:00,1.43106,1.4311,1.43077,1.43087,3234500122.0703125
2011-06-28 08:11:00,1.43087,1.43087,1.43034,1.43038,2453200073.2421875
2011-06-28 08:12:00,1.43038,1.43041,1.42988,1.43019,3287000122.0703125
2011-06-28 08:13:00,1.4302,1.43053,1.43016,1.43031,3289200134.2773438
2011-06-28 08:14:00,1.43034,1.43052,1.43022,1.43052,2136799926.7578125
2011-06-28 08:15:00,1.43052,1.43073,1.43041,1.43065,3416600036.6210938
2011-06-28 08:16:00,1.43065,1.43065,1.43018,1.43036,3057900085.4492188
2011-06-28 08:17:00,1.43036,1.43045,1.43021,1.43024,2163300018.310547
2011-06-28 08:18:00,1.43025,1.43028,1.43,1.43005,2052500000.0
2011-06-28 08:19:00,1.43006,1.43021,1.42998,1.43,2112200012.2070312
2011-06-28 08:20:00,1.43001,1.43024,1.43001,1.43024,1603800048.828125
2011-06-28 08:21:00,1.43024,1.43024,1.42988,1.43016,2458999938.9648438
2011-06-28 08:22:00,1.43016,1.43065,1.43016,1.43057,2494400024.4140625
2011-06-28 08:23:00,1.43057,1.43077,1.43057,1.43065,1693800048.828125
2011-06-28 08:24:00,1.43067,1.43077,1.43056,1.43061,2713399963.3789062
2011-06-28 08:25:00,1.43061,1.43076,1.43053,1.43066,1549499969.4824219
2011-06-28 08:26:00,1.43066,1.43078,1.43044,1.43062,1970000000.0
2011-06-28 08:27:00,1.4306,1.4306,1.43037,1.43049,1192600021.3623047
2011-06-28 08:28:00,1.43049,1.43051,1.43038,1.43039,1176800003.0517578
2011-06-28 08:29:00,1.43037,1.43048,1.43027,1.43037,2038899993.8964844
2011-06-28 08:30:00,1.43041,1.43042,1.42982,1.42983,2161999969.482422
2011-06-28 08:31:00,1.42983,1.43015,1.42965,1.42969,2254700012.2070312
2011-06-28 08:32:00,1.42968,1.43005,1.42959,1.4297,2035099945.0683594
2011-06-28 08:33:00,1.4297,1.43046,1.4297,1.43045,2358899993.8964844
2011-06-28 08:34:00,1.43045,1.43088,1.43045,1.43057,4086600036.6210938
2011-06-28 08:35:00,1.43056,1.43061,1.43029,1.43042,2772099914.5507812
2011-06-28 08:36:00,1.43042,1.43069,1.43041,1.43066,2089700012.2070312
2011-06-28 08:37:00,1.43066,1.4308,1.43,1.43,2311499938.9648438
2011-06-28 08:38:00,1.42998,1.43047,1.42991,1.43035,2696400146.484375
2011-06-28 08:39:00,1.43035,1.43051,1.43019,1.4305,1956000061.0351562
2011-06-28 08:40:00,1.43051,1.43051,1.4302,1.43025,2210599975.5859375
2011-06-28 08:41:00,1.43026,1.43041,1.43005,1.43032,2077899932.8613281
2011-06-28 08:42:00,1.43036,1.43055,1.42987,1.4301,2267200012.2070312
2011-06-28 08:43:00,1.43012,1.43012,1.42916,1.42916,2480700073.2421875
2011-06-28 08:44:00,1.42912,1.42936,1.42879,1.42889,3231099853.515625
2011-06-28 08:45:00,1.42891,1.42891,1.42785,1.42816,4376199951.171875
2011-06-28 08:46:00,1.42816,1.42857,1.42802,1.42855,2988299865.7226562
2011-06-28 08:47:00,1.42856,1.42857,1.42833,1.42857,2601900024.4140625
2011-06-28 08:48:00,1.4286,1.42876,1.4286,1.4287,2758599853.515625
2011-06-28 08:49:00,1.4287,1.4287,1.42849,1.42856,1806900024.4140625
2011-06-28 08:50:00,1.42854,1.42854,1.42744,1.42744,3085400085.4492188
2011-06-28 08:51:00,1.42742,1.42762,1.42698,1.42755,3187200012.2070312
2011-06-28 08:52:00,1.42757,1.4276,1.42716,1.42717,2716499938.9648438
2011-06-28 08:53:00,1.42717,1.42767,1.42711,1.42753,3271199951.171875
2011-06-28 08:54:00,1.42752,1.42752,1.42722,1.42741,2433000030.517578
2011-06-28 08:55:00,1.4274,1.4281,1.4274,1.42808,2917799987.7929688
2011-06-28 08:56:00,1.42805,1.42812,1.42787,1.42809,2278399963.3789062
2011-06-28 08:57:00,1.42809,1.42828,1.4279,1.42794,2282700042.7246094
2011-06-28 08:58:00,1.42793,1.42795,1.4278,1.42791,1784900054.9316406
2011-06-28 08:59:00,1.42792,1.42826,1.42784,1.42784,1995399932.8613281
2011-06-28 09:00:00,1.42784,1.42803,1.42747,1.4275,2142799987.7929688
2011-06-28 09:01:00,1.4275,1.42758,1.4272,1.42757,2633500061.0351562
2011-06-28 09:02:00,1.42757,1.42784,1.42748,1.42748,1954799957.2753906
2011-06-28 09:03:00,1.42747,1.42765,1.42723,1.42741,2679100036.6210938
2011-06-28 09:04:00,1.42741,1.42782,1.42741,1.42782,1751600036.6210938
2011-06-28 09:05:00,1.42782,1.4281,1.42779,1.42795,3223800048.828125
2011-06-28 09:06:00,1.42795,1.42805,1.4277,1.42776,2814400024.4140625
2011-06-28 09:07:00,1.42778,1.42787,1.42743,1.42746,2656600036.6210938
2011-06-28 09:08:00,1.42744,1.42747,1.42715,1.42732,2670599975.5859375
2011-06-28 09:09:00,1.42731,1.42763,1.42725,1.42762,2650599975.5859375
2011-06-28 09:10:00,1.42763,1.42769,1.4266,1.42671,3122799987.7929688
2011-06-28 09:11:00,1.42671,1.42712,1.42665,1.42676,2396699981.689453
2011-06-28 09:12:00,1.42679,1.4273,1.42673,1.42722,2212200012.2070312
2011-06-28 09:13:00,1.42722,1.42725,1.42645,1.42659,3010199890.1367188
2011-06-28 09:14:00,1.4266,1.42667,1.42613,1.42633,2963399963.3789062
2011-06-28 09:15:00,1.42635,1.4267,1.42627,1.42654,3092500000.0
2011-06-28 09:16:00,1.42654,1.42686,1.42644,1.42686,2197100067.138672
2011-06-28 09:17:00,1.42687,1.42735,1.42687,1.42701,3013699951.171875
2011-06-28 09:18:00,1.42702,1.42702,1.42642,1.42642,2789800109.8632812
2011-06-28 09:19:00,1.42643,1.42674,1.42626,1.42673,1797500000.0
2011-06-28 09:20:00,1.42676,1.42696,1.4264,1.4269,3140499877.9296875
2011-06-28 09:21:00,1.4269,1.42721,1.4269,1.42721,2386000061.0351562
2011-06-28 09:22:00,1.4272,1.42739,1.42715,1.42737,2222599945.0683594
2011-06-28 09:23:00,1.42737,1.4278,1.42707,1.42729,2941300048.828125
2011-06-28 09:24:00,1.42731,1.42783,1.42731,1.42772,2656499938.9648438
2011-06-28 09:25:00,1.42766,1.42772,1.42739,1.42758,2448300018.310547
2011-06-28 09:26:00,1.42757,1.42757,1.42677,1.42699,2975799865.7226562
2011-06-28 09:27:00,1.42699,1.42719,1.4267,1.42719,2981700134.2773438
2011-06-28 09:28:00,1.42723,1.42733,1.42702,1.42714,2200700073.2421875
2011-06-28 09:29:00,1.42714,1.42763,1.42713,1.42758,2208300018.310547
2011-06-28 09:30:00,1.42758,1.42758,1.42726,1.42727,1782400054.9316406
2011-06-28 09:31:00,1.42733,1.42797,1.42733,1.42794,2650599975.5859375
2011-06-28 09:32:00,1.42792,1.42801,1.42773,1.42789,2049499969.4824219
2011-06-28 09:33:00,1.42791,1.42796,1.42735,1.42751,2604400024.4140625
2011-06-28 09:34:00,1.42749,1.42774,1.42734,1.42774,1771799926.7578125
2011-06-28 09:35:00,1.42775,1.42791,1.4276,1.42765,2796900024.4140625
2011-06-28 09:36:00,1.42765,1.42777,1.42733,1.42743,2102700042.7246094
2011-06-28 09:37:00,1.42743,1.42758,1.42743,1.42752,1763000030.5175781
2011-06-28 09:38:00,1.42751,1.42768,1.42735,1.42768,1741199951.171875
2011-06-28 09:39:00,1.42769,1.42826,1.42769,1.42826,1387599945.0683594
2011-06-28 09:40:00,1.42827,1.42827,1.42789,1.42806,3587600097.65625
2011-06-28 09:41:00,1.42806,1.42852,1.428,1.42851,1935399932.8613281
2011-06-28 09:42:00,1.42851,1.4286,1.42815,1.42816,3053699951.171875
2011-06-28 09:43:00,1.42819,1.42823,1.42783,1.42791,1559299926.7578125
2011-06-28 09:44:00,1.42789,1.42789,1.42754,1.42762,2342400054.9316406
2011-06-28 09:45:00,1.42762,1.42773,1.42745,1.42764,2150700073.2421875
2011-06-28 09:46:00,1.42764,1.42764,1.42709,1.42721,2846900024.4140625
2011-06-28 09:47:00,1.42721,1.42739,1.427,1.42739,2785299987.7929688
2011-06-28 09:48:00,1.4274,1.42797,1.4274,1.42769,2966099853.515625
2011-06-28 09:49:00,1.42772,1.42776,1.42734,1.42747,2475800018.310547
2011-06-28 09:50:00,1.42747,1.4278,1.42735,1.42772,1661600036.6210938
2011-06-28 09:51:00,1.42769,1.42814,1.42769,1.42807,1967500000.0
2011-06-28 09:52:00,1.42807,1.42808,1.42752,1.42752,2001499938.9648438
2011-06-28 09:53:00,1.42752,1.42804,1.42752,1.42804,1901199951.171875
2011-06-28 09:54:00,1.42802,1.42802,1.42753,1.42758,2304400024.4140625
2011-06-28 09:55:00,1.42763,1.42781,1.42727,1.42744,2743900146.484375
2011-06-28 09:56:00,1.42743,1.42743,1.42708,1.42711,2062400054.9316406
2011-06-28 09:57:00,1.42713,1.42731,1.42694,1.42715,2464100036.6210938
2011-06-28 09:58:00,1.42716,1.42718,1.42666,1.4267,2495500030.517578
2011-06-28 09:59:00,1.42669,1.42681,1.42663,1.42672,1342799987.7929688
2011-06-28 10:00:00,1.42673,1.42713,1.42661,1.42711,1755200042.7246094
2011-06-28 10:01:00,1.42711,1.42717,1.4267,1.42676,2117599945.0683594
2011-06-28 10:02:00,1.42675,1.42679,1.42611,1.42617,2961400146.484375
2011-06-28 10:03:00,1.42617,1.42626,1.42528,1.42536,3199299926.7578125
2011-06-28 10:04:00,1.42536,1.42563,1.42533,1.4255,2356199951.171875
2011-06-28 10:05:00,1.42554,1.42555,1.42535,1.42552,2303399963.3789062
2011-06-28 10:06:00,1.42552,1.42582,1.4255,1.42569,2554100036.6210938
2011-06-28 10:07:00,1.42568,1.42568,1.42544,1.42552,2530899963.3789062
2011-06-28 10:08:00,1.42552,1.42592,1.42552,1.42592,2537200012.2070312
2011-06-28 10:09:00,1.42592,1.42606,1.42544,1.42551,3022300109.8632812
2011-06-28 10:10:00,1.42551,1.42628,1.42547,1.42628,2422100067.138672
2011-06-28 10:11:00,1.42631,1.42675,1.42631,1.42631,2571700134.2773438
2011-06-28 10:12:00,1.42626,1.42638,1.42585,1.42608,1996699981.6894531
2011-06-28 10:13:00,1.4261,1.42614,1.42566,1.42569,1941499938.9648438
2011-06-28 10:14:00,1.42572,1.42579,1.42565,1.4257,1672299957.2753906
2011-06-28 10:15:00,1.42569,1.42591,1.42559,1.42591,1697599945.0683594
2011-06-28 10:16:00,1.42592,1.42626,1.42592,1.42611,1773300018.3105469
2011-06-28 10:17:00,1.4261,1.42619,1.4259,1.42617,2159100036.6210938
2011-06-28 10:18:00,1.42618,1.42633,1.42616,1.42632,1942500000.0
2011-06-28 10:19:00,1.42633,1.42668,1.42591,1.42591,3594800109.8632812
2011-06-28 10:20:00,1.42591,1.42591,1.4256,1.42567,2655599975.5859375
2011-06-28 10:21:00,1.42564,1.42579,1.42544,1.42544,2153699951.171875
2011-06-28 10:22:00,1.4254,1.42547,1.4247,1.4247,3120799865.7226562
2011-06-28 10:23:00,1.42469,1.42501,1.42468,1.425,2952300109.8632812
2011-06-28 10:24:00,1.425,1.42523,1.42488,1.4252,1915399932.8613281
2011-06-28 10:25:00,1.4252,1.42538,1.42509,1.42535,2253000030.517578
2011-06-28 10:26:00,1.42539,1.42555,1.42515,1.42553,3153099975.5859375
2011-06-28 10:27:00,1.42553,1.42594,1.42543,1.42593,3205499877.9296875
2011-06-28 10:28:00,1.42592,1.42616,1.42585,1.42616,3425000000.0
2011-06-28 10:29:00,1.42616,1.42667,1.42616,1.42647,2680799865.7226562
2011-06-28 10:30:00,1.42646,1.42654,1.42626,1.42631,2580799865.7226562
2011-06-28 10:31:00,1.42632,1.42667,1.42632,1.42654,2381000061.0351562
2011-06-28 10:32:00,1.42654,1.42711,1.4265,1.42711,1934299926.7578125
2011-06-28 10:33:00,1.42712,1.42713,1.42697,1.42708,2442700042.7246094
2011-06-28 10:34:00,1.42707,1.42707,1.42667,1.42677,1911000061.0351562
2011-06-28 10:35:00,1.42682,1.42721,1.42666,1.42717,2326600036.6210938
2011-06-28 10:36:00,1.42716,1.42781,1.42716,1.42781,2259100036.6210938
2011-06-28 10:37:00,1.42785,1.42791,1.42718,1.42718,1938600006.1035156
2011-06-28 10:38:00,1.42716,1.42727,1.42695,1.42695,1975800018.3105469
2011-06-28 10:39:00,1.42694,1.42719,1.42671,1.42719,2050500030.5175781
2011-06-28 10:40:00,1.4272,1.42728,1.42691,1.42697,1919900054.9316406
2011-06-28 10:41:00,1.42695,1.42717,1.42694,1.42714,1240599975.5859375
2011-06-28 10:42:00,1.42717,1.42732,1.42698,1.42698,1873600006.1035156
2011-06-28 10:43:00,1.42697,1.42768,1.42691,1.42757,2466799926.7578125
2011-06-28 10:44:00,1.42756,1.42758,1.42696,1.42756,2349199981.689453
2011-06-28 10:45:00,1.42755,1.42757,1.42716,1.42729,2509600067.138672
2011-06-28 10:46:00,1.42731,1.42746,1.42707,1.42722,1969199981.6894531
2011-06-28 10:47:00,1.4272,1.42758,1.42696,1.42758,1941600036.6210938
2011-06-28 10:48:00,1.42764,1.42766,1.42725,1.42732,1834299926.7578125
2011-06-28 10:49:00,1.42732,1.42748,1.427,1.42703,1676399993.8964844
2011-06-28 10:50:00,1.42704,1.42747,1.42703,1.42745,1636699981.6894531
2011-06-28 10:51:00,1.42745,1.42759,1.4273,1.42743,2498300018.310547
2011-06-28 10:52:00,1.42742,1.42752,1.42701,1.42701,1655700073.2421875
2011-06-28 10:53:00,1.42701,1.42701,1.42663,1.42667,1795700073.2421875
2011-06-28 10:54:00,1.42665,1.42695,1.42662,1.42694,1546300048.828125
2011-06-28 10:55:00,1.42695,1.42716,1.42681,1.4271,2428399963.3789062
2011-06-28 10:56:00,1.42711,1.42757,1.42686,1.42754,2736400146.484375
2011-06-28 10:57:00,1.42756,1.42767,1.42691,1.42706,2697600097.65625
2011-06-28 10:58:00,1.42705,1.42719,1.42662,1.42667,2495700073.2421875
2011-06-28 10:59:00,1.42667,1.4269,1.42665,1.42682,2424799957.2753906
2011-06-28 11:00:00,1.4268,1.42686,1.42669,1.42679,2197899932.861328
2011-06-28 11:01:00,1.42678,1.42707,1.42676,1.42677,1863099975.5859375
2011-06-28 11:02:00,1.42675,1.42678,1.4262,1.4262,2117500000.0
2011-06-28 11:03:00,1.4262,1.42629,1.42575,1.42575,2161900024.4140625
2011-06-28 11:04:00,1.42575,1.42606,1.42566,1.42599,2141399993.8964844
2011-06-28 11:05:00,1.42599,1.42611,1.4255,1.4255,1938000030.5175781
2011-06-28 11:06:00,1.42545,1.42581,1.42542,1.42574,2155099945.0683594
2011-06-28 11:07:00,1.42574,1.4263,1.42574,1.42595,1926900024.4140625
2011-06-28 11:08:00,1.42595,1.42595,1.42556,1.42575,1951100006.1035156
2011-06-28 11:09:00,1.42579,1.42585,1.42553,1.42578,1979400024.4140625
2011-06-28 11:10:00,1.42575,1.42609,1.42566,1.42609,1680700073.2421875
2011-06-28 11:11:00,1.42609,1.42627,1.42596,1.42607,2139900054.9316406
2011-06-28 11:12:00,1.42609,1.42614,1.4257,1.42599,1552500000.0
2011-06-28 11:13:00,1.42598,1.42636,1.42585,1.42596,2355800018.310547
2011-06-28 11:14:00,1.42598,1.42606,1.42493,1.42505,2898900146.484375
2011-06-28 11:15:00,1.42505,1.42553,1.42499,1.42523,2860700073.2421875
2011-06-28 11:16:00,1.42522,1.42561,1.4252,1.42555,1155899963.3789062
2011-06-28 11:17:00,1.42552,1.42552,1.42508,1.42512,2114600067.1386719
2011-06-28 11:18:00,1.42513,1.42526,1.42506,1.42508,2790199890.1367188
2011-06-28 11:19:00,1.42509,1.42531,1.42477,1.42527,2456300048.828125
2011-06-28 11:20:00,1.42524,1.42558,1.42518,1.42549,1992100067.1386719
2011-06-28 11:21:00,1.42551,1.42588,1.4254,1.42578,2304900054.9316406
2011-06-28 11:22:00,1.42576,1.42576,1.42538,1.42563,1606699981.6894531
2011-06-28 11:23:00,1.42564,1.42577,1.42559,1.42565,1335399932.8613281
2011-06-28 11:24:00,1.42568,1.42568,1.42545,1.42558,1890099945.0683594
2011-06-28 11:25:00,1.42555,1.42555,1.42495,1.42502,2587399902.34375
2011-06-28 11:26:00,1.425,1.42502,1.42419,1.42444,3681700134.2773438
2011-06-28 11:27:00,1.42442,1.42447,1.42374,1.42375,3152300109.8632812
2011-06-28 11:28:00,1.42375,1.4244,1.4237,1.42437,2790000000.0
2011-06-28 11:29:00,1.42434,1.4248,1.42401,1.42407,3237500000.0
2011-06-28 11:30:00,1.42407,1.42478,1.42407,1.42476,2842799987.7929688
2011-06-28 11:31:00,1.42475,1.42487,1.42443,1.42451,2152200012.2070312
2011-06-28 11:32:00,1.42451,1.42674,1.42451,1.42674,4657200012.207031
2011-06-28 11:33:00,1.42675,1.42728,1.42649,1.4265,3521900024.4140625
2011-06-28 11:34:00,1.42648,1.42697,1.42625,1.42678,2947300109.8632812
2011-06-28 11:35:00,1.42679,1.42732,1.42678,1.42707,2972600097.65625
2011-06-28 11:36:00,1.42706,1.42706,1.42673,1.42676,2768900146.484375
2011-06-28 11:37:00,1.42678,1.42749,1.42678,1.42704,2903299865.7226562
2011-06-28 11:38:00,1.42699,1.42759,1.42695,1.42739,2519499969.482422
2011-06-28 11:39:00,1.42738,1.42738,1.4268,1.42696,2603800048.828125
2011-06-28 11:40:00,1.42693,1.42763,1.42687,1.42763,3007799987.7929688
2011-06-28 11:41:00,1.42765,1.42836,1.42684,1.42684,5292299804.6875
2011-06-28 11:42:00,1.42684,1.42684,1.42549,1.42601,4464299926.7578125
2011-06-28 11:43:00,1.426,1.42637,1.42575,1.4258,3960000000.0
2011-06-28 11:44:00,1.4258,1.42653,1.4258,1.42653,3179899902.34375
2011-06-28 11:45:00,1.42654,1.42667,1.4261,1.42618,2914899902.34375
2011-06-28 11:46:00,1.42617,1.42627,1.42554,1.42573,3096199951.171875
2011-06-28 11:47:00,1.42572,1.42621,1.42566,1.4262,2535700073.2421875
2011-06-28 11:48:00,1.4262,1.4274,1.42619,1.42723,3477600097.65625
2011-06-28 11:49:00,1.42723,1.42732,1.42677,1.42715,2985299987.7929688
2011-06-28 11:50:00,1.42714,1.42756,1.42696,1.42728,2835100097.65625
2011-06-28 11:51:00,1.42728,1.42737,1.42717,1.42729,1886199951.171875
2011-06-28 11:52:00,1.42731,1.4276,1.42721,1.42737,2201900024.4140625
2011-06-28 11:53:00,1.42736,1.42737,1.42702,1.42724,2065399932.8613281
2011-06-28 11:54:00,1.42724,1.42726,1.42685,1.42685,2132100067.1386719
2011-06-28 11:55:00,1.42685,1.42706,1.42653,1.42659,2456399993.8964844
2011-06-28 11:56:00,1.4266,1.42691,1.42654,1.42678,2120700073.2421875
2011-06-28 11:57:00,1.42679,1.42682,1.42639,1.42645,1532200012.2070312
2011-06-28 11:58:00,1.42646,1.42701,1.42646,1.42685,1478600006.1035156
2011-06-28 11:59:00,1.42685,1.42697,1.42635,1.42649,2143999938.9648438
2011-06-28 12:00:00,1.42649,1.4266,1.42609,1.42609,2161799926.7578125
2011-06-28 12:01:00,1.42608,1.42737,1.42592,1.42731,3857399902.34375
2011-06-28 12:02:00,1.4273,1.42749,1.42682,1.42682,3543800048.828125
2011-06-28 12:03:00,1.42682,1.4275,1.42671,1.42737,4043800048.828125
2011-06-28 12:04:00,1.42737,1.42744,1.42695,1.42705,2431999969.482422
2011-06-28 12:05:00,1.42703,1.42763,1.42693,1.42758,3536600036.6210938
2011-06-28 12:06:00,1.42758,1.4277,1.42703,1.42707,2790799865.7226562
2011-06-28 12:07:00,1.4271,1.42737,1.42708,1.42731,1765899963.3789062
2011-06-28 12:08:00,1.42731,1.42733,1.42676,1.42696,1815200042.7246094
2011-06-28 12:09:00,1.42696,1.42713,1.42675,1.42679,2759500122.0703125
2011-06-28 12:10:00,1.42678,1.42679,1.42645,1.42651,2403099975.5859375
2011-06-28 12:11:00,1.4265,1.42681,1.42633,1.42678,1846199951.171875
2011-06-28 12:12:00,1.42678,1.42679,1.42655,1.42656,2005200042.7246094
2011-06-28 12:13:00,1.42654,1.42685,1.42645,1.4267,1679100036.6210938
2011-06-28 12:14:00,1.42669,1.4267,1.42617,1.42629,3400499877.9296875
2011-06-28 12:15:00,1.42626,1.4267,1.42619,1.42667,2573599853.515625
2011-06-28 12:16:00,1.42668,1.42673,1.42625,1.42643,2614100036.6210938
2011-06-28 12:17:00,1.42646,1.4268,1.42625,1.42667,2699599914.5507812
2011-06-28 12:18:00,1.42664,1.42666,1.42622,1.42623,3194500122.0703125
2011-06-28 12:19:00,1.42625,1.42641,1.42615,1.42621,2720299987.7929688
2011-06-28 12:20:00,1.4262,1.4262,1.4258,1.4258,2795299987.7929688
2011-06-28 12:21:00,1.42579,1.42632,1.42575,1.42629,3476300048.828125
2011-06-28 12:22:00,1.42629,1.42667,1.42628,1.42665,2427400054.9316406
2011-06-28 12:23:00,1.42663,1.4271,1.42639,1.4268,3338500061.0351562
2011-06-28 12:24:00,1.42681,1.42763,1.42681,1.42746,2949899902.34375
2011-06-28 12:25:00,1.42747,1.42775,1.42747,1.42749,2550200042.7246094
2011-06-28 12:26:00,1.42748,1.42774,1.42739,1.42772,2792099914.5507812
2011-06-28 12:27:00,1.42772,1.42838,1.4277,1.42822,3297500000.0
2011-06-28 12:28:00,1.4282,1.42827,1.4279,1.4281,2911400146.484375
2011-06-28 12:29:00,1.42816,1.42831,1.42811,1.42815,2120500030.5175781
2011-06-28 12:30:00,1.42815,1.4295,1.42815,1.42947,3806199951.171875
2011-06-28 12:31:00,1.42947,1.43018,1.42944,1.42999,4367399902.34375
2011-06-28 12:32:00,1.42999,1.43006,1.42978,1.42994,2911700134.2773438
2011-06-28 12:33:00,1.42996,1.43039,1.42996,1.4301,4679800109.863281
2011-06-28 12:34:00,1.4301,1.43059,1.43,1.43031,3449700012.2070312
2011-06-28 12:35:00,1.43032,1.43067,1.43032,1.43039,2686300048.828125
2011-06-28 12:36:00,1.43039,1.43047,1.43003,1.43012,2277299957.2753906
2011-06-28 12:37:00,1.43016,1.43016,1.4298,1.43005,2821000061.0351562
2011-06-28 12:38:00,1.43006,1.43024,1.42993,1.43006,3317600097.65625
2011-06-28 12:39:00,1.43006,1.43018,1.42982,1.42987,1894799957.2753906
2011-06-28 12:40:00,1.42988,1.43019,1.42987,1.42996,3031199951.171875
2011-06-28 12:41:00,1.42996,1.43018,1.42985,1.42994,2580599975.5859375
2011-06-28 12:42:00,1.42995,1.43027,1.42993,1.43013,2697699890.1367188
2011-06-28 12:43:00,1.43017,1.43021,1.42996,1.43001,2256999969.482422
2011-06-28 12:44:00,1.42999,1.43029,1.42989,1.43026,2707300109.8632812
2011-06-28 12:45:00,1.43026,1.43059,1.43003,1.43048,2990499877.9296875
2011-06-28 12:46:00,1.43047,1.43157,1.43039,1.43125,3433500061.0351562
2011-06-28 12:47:00,1.43125,1.43157,1.43107,1.43123,2643500061.0351562
2011-06-28 12:48:00,1.43123,1.43156,1.43112,1.43113,3201900024.4140625
2011-06-28 12:49:00,1.43111,1.43152,1.43108,1.43142,2376499938.9648438
2011-06-28 12:50:00,1.43143,1.43149,1.43105,1.43149,3535299987.7929688
2011-06-28 12:51:00,1.43146,1.43214,1.43146,1.43207,4242200012.2070312
2011-06-28 12:52:00,1.43207,1.43207,1.43162,1.43172,3332099914.5507812
2011-06-28 12:53:00,1.43172,1.43174,1.43127,1.43128,2794599914.5507812
2011-06-28 12:54:00,1.43129,1.43139,1.43108,1.43119,2506900024.4140625
2011-06-28 12:55:00,1.4312,1.43157,1.43115,1.43149,2647900085.4492188
2011-06-28 12:56:00,1.43147,1.43147,1.43108,1.43123,2503000030.517578
2011-06-28 12:57:00,1.4312,1.43136,1.431,1.43134,2603599853.515625
2011-06-28 12:58:00,1.43133,1.43171,1.43133,1.43149,3539700012.2070312
2011-06-28 12:59:00,1.43148,1.43182,1.43134,1.43162,3208599853.515625
2011-06-28 13:00:00,1.43158,1.43193,1.43141,1.43193,3331000061.0351562
2011-06-28 13:01:00,1.43194,1.43226,1.43186,1.43201,3842999877.9296875
2011-06-28 13:02:00,1.43201,1.43236,1.43179,1.43179,3438800048.828125
2011-06-28 13:03:00,1.43181,1.43256,1.43181,1.43205,3716499938.9648438
2011-06-28 13:04:00,1.43202,1.43203,1.43134,1.43156,3001700134.2773438
2011-06-28 13:05:00,1.43155,1.43155,1.431,1.43123,3881400146.484375
2011-06-28 13:06:00,1.43123,1.43142,1.43106,1.43142,2442599945.0683594
2011-06-28 13:07:00,1.43143,1.43153,1.43128,1.43142,2085399932.8613281
2011-06-28 13:08:00,1.43142,1.43187,1.43128,1.43176,2496999969.482422
2011-06-28 13:09:00,1.43176,1.43275,1.43165,1.43275,4273699951.171875
2011-06-28 13:10:00,1.43277,1.43287,1.43243,1.43254,3150499877.9296875
2011-06-28 13:11:00,1.43253,1.4326,1.43213,1.43223,2415599975.5859375
2011-06-28 13:12:00,1.43223,1.43223,1.43199,1.43204,2237299957.2753906
2011-06-28 13:13:00,1.43208,1.43215,1.43136,1.43173,3014700012.2070312
2011-06-28 13:14:00,1.43175,1.43175,1.43132,1.43142,2528600006.1035156
2011-06-28 13:15:00,1.43147,1.43152,1.43111,1.43139,2206300048.828125
2011-06-28 13:16:00,1.43138,1.43156,1.43131,1.43141,2908399963.3789062
2011-06-28 13:17:00,1.43142,1.43154,1.43133,1.43152,1782599945.0683594
2011-06-28 13:18:00,1.43153,1.43166,1.43146,1.43159,1915000000.0
2011-06-28 13:19:00,1.43159,1.43159,1.43083,1.43102,1924799957.2753906
2011-06-28 13:20:00,1.43102,1.43103,1.4307,1.4307,3007300109.8632812
2011-06-28 13:21:00,1.43073,1.43089,1.43059,1.43066,3225100097.65625
2011-06-28 13:22:00,1.43067,1.43077,1.4306,1.43075,2537299957.2753906
2011-06-28 13:23:00,1.43074,1.43074,1.43011,1.43014,3164899902.34375
2011-06-28 13:24:00,1.43018,1.43081,1.43018,1.4307,3520499877.9296875
2011-06-28 13:25:00,1.43071,1.43086,1.43063,1.43071,2012799987.7929688
2011-06-28 13:26:00,1.43071,1.43113,1.43068,1.43103,2431399993.8964844
2011-06-28 13:27:00,1.43106,1.43116,1.43098,1.43115,1658200073.2421875
2011-06-28 13:28:00,1.43117,1.43134,1.43111,1.43118,1707400054.9316406
2011-06-28 13:29:00,1.4312,1.43125,1.43107,1.43116,2095000000.0
2011-06-28 13:30:00,1.43115,1.43115,1.4305,1.4305,2934599914.5507812
2011-06-28 13:31:00,1.43054,1.43066,1.43032,1.4305,3454200134.2773438
2011-06-28 13:32:00,1.43048,1.43078,1.43046,1.43059,2713900146.484375
2011-06-28 13:33:00,1.43055,1.43055,1.43033,1.43043,2515399932.861328
2011-06-28 13:34:00,1.43044,1.43084,1.43041,1.43083,1719600067.1386719
2011-06-28 13:35:00,1.43081,1.43081,1.43031,1.43061,2736099853.515625
2011-06-28 13:36:00,1.43062,1.43156,1.43062,1.4314,2975400085.4492188
2011-06-28 13:37:00,1.43145,1.43217,1.43135,1.43188,3445899963.3789062
2011-06-28 13:38:00,1.43189,1.43218,1.43157,1.43213,3502699890.1367188
2011-06-28 13:39:00,1.43215,1.43236,1.4317,1.43225,3408699951.171875
2011-06-28 13:40:00,1.43225,1.43277,1.4321,1.43243,4295799865.722656
2011-06-28 13:41:00,1.43243,1.43326,1.43243,1.43272,3883399963.3789062
2011-06-28 13:42:00,1.4327,1.43287,1.43263,1.43276,3048500061.0351562
2011-06-28 13:43:00,1.43277,1.43316,1.43243,1.43243,3061000061.0351562
2011-06-28 13:44:00,1.43243,1.43252,1.43214,1.43252,2643800048.828125
2011-06-28 13:45:00,1.43254,1.43276,1.43241,1.43263,2789299926.7578125
2011-06-28 13:46:00,1.43266,1.43312,1.43266,1.43273,3121900024.4140625
2011-06-28 13:47:00,1.43273,1.43276,1.43223,1.43233,3694700012.2070312
2011-06-28 13:48:00,1.43234,1.43264,1.43223,1.43231,1777400054.9316406
2011-06-28 13:49:00,1.4323,1.43266,1.43215,1.43254,1849799957.2753906
2011-06-28 13:50:00,1.43253,1.43271,1.43214,1.43229,2432100067.138672
2011-06-28 13:51:00,1.43227,1.43252,1.43224,1.43237,1815000000.0
2011-06-28 13:52:00,1.43238,1.43253,1.43217,1.43224,2259199981.689453
2011-06-28 13:53:00,1.43224,1.43257,1.43223,1.43227,2859299926.7578125
2011-06-28 13:54:00,1.43228,1.43228,1.43164,1.43193,2932300109.8632812
2011-06-28 13:55:00,1.43192,1.43204,1.43173,1.43201,3455400085.4492188
2011-06-28 13:56:00,1.43202,1.43222,1.43182,1.43191,2604700012.2070312
2011-06-28 13:57:00,1.43191,1.4322,1.43185,1.43206,2845799865.7226562
2011-06-28 13:58:00,1.43204,1.43205,1.43174,1.43174,2385399932.861328
2011-06-28 13:59:00,1.43175,1.43241,1.43175,1.43228,3334800109.8632812
2011-06-28 14:00:00,1.43228,1.43228,1.43201,1.4322,2930599975.5859375
2011-06-28 14:01:00,1.4322,1.43301,1.43217,1.43278,2974800109.8632812
2011-06-28 14:02:00,1.43275,1.43371,1.43252,1.43339,3953399963.3789062
2011-06-28 14:03:00,1.43339,1.43388,1.43339,1.43373,3717600097.65625
2011-06-28 14:04:00,1.43373,1.43438,1.43356,1.43404,4319200134.277344
2011-06-28 14:05:00,1.43404,1.43469,1.43402,1.43431,3616700134.2773438
2011-06-28 14:06:00,1.4343,1.43435,1.43355,1.43364,3755199890.1367188
2011-06-28 14:07:00,1.43365,1.43367,1.43349,1.43366,2054799957.2753906
2011-06-28 14:08:00,1.43368,1.43391,1.43367,1.43378,2508200073.2421875
2011-06-28 14:09:00,1.43378,1.43458,1.43376,1.4345,3295100097.65625
2011-06-28 14:10:00,1.4345,1.43509,1.43407,1.43509,4801499938.964844
2011-06-28 14:11:00,1.43511,1.43562,1.43499,1.43562,3097000122.0703125
2011-06-28 14:12:00,1.43561,1.436,1.43549,1.43561,3411499938.9648438
2011-06-28 14:13:00,1.43561,1.43576,1.43534,1.43549,3109500122.0703125
2011-06-28 14:14:00,1.4355,1.43567,1.43527,1.43557,3140400085.4492188
2011-06-28 14:15:00,1.43559,1.43636,1.43558,1.43614,4629599914.550781
2011-06-28 14:16:00,1.43614,1.4363,1.43561,1.43581,3323900146.484375
2011-06-28 14:17:00,1.4358,1.43599,1.43565,1.43593,3117799987.7929688
2011-06-28 14:18:00,1.43597,1.43681,1.43584,1.43633,4454800109.863281
2011-06-28 14:19:00,1.43634,1.4369,1.43634,1.4364,3709500122.0703125
2011-06-28 14:20:00,1.4364,1.4368,1.4364,1.43642,3659899902.34375
2011-06-28 14:21:00,1.43641,1.43661,1.43624,1.43624,3309800109.8632812
2011-06-28 14:22:00,1.43618,1.43644,1.43595,1.43604,3315100097.65625
2011-06-28 14:23:00,1.43608,1.43627,1.43577,1.43579,3002000122.0703125
2011-06-28 14:24:00,1.43577,1.43668,1.43577,1.43668,3408200073.2421875
2011-06-28 14:25:00,1.43674,1.43711,1.43668,1.43687,4693599853.515625
2011-06-28 14:26:00,1.43688,1.43728,1.4367,1.43676,4345100097.65625
2011-06-28 14:27:00,1.43674,1.43684,1.43653,1.43672,3489400024.4140625
2011-06-28 14:28:00,1.43672,1.43761,1.43662,1.43759,3228200073.2421875
2011-06-28 14:29:00,1.43759,1.43787,1.43752,1.43759,4102699890.1367188
2011-06-28 14:30:00,1.43759,1.43875,1.43759,1.43851,4638900146.484375
2011-06-28 14:31:00,1.43854,1.43873,1.43823,1.43852,3717500000.0
2011-06-28 14:32:00,1.43852,1.43872,1.43842,1.4385,2396000061.0351562
2011-06-28 14:33:00,1.43845,1.4385,1.43815,1.43822,3179200134.2773438
2011-06-28 14:34:00,1.43827,1.43847,1.43816,1.43835,2818099975.5859375
2011-06-28 14:35:00,1.43831,1.43846,1.438,1.438,3103900146.484375
2011-06-28 14:36:00,1.43793,1.4381,1.43785,1.43791,2678800048.828125
2011-06-28 14:37:00,1.4379,1.43809,1.4377,1.438,2169199981.689453
2011-06-28 14:38:00,1.43802,1.43809,1.43769,1.43771,2561300048.828125
2011-06-28 14:39:00,1.43767,1.43787,1.43766,1.43778,2084299926.7578125
2011-06-28 14:40:00,1.43779,1.43792,1.43761,1.43779,2328099975.5859375
2011-06-28 14:41:00,1.43776,1.43817,1.43762,1.43805,2617200012.2070312
2011-06-28 14:42:00,1.43805,1.43876,1.43802,1.4385,3270100097.65625
2011-06-28 14:43:00,1.4385,1.4387,1.43841,1.43845,2483200073.2421875
2011-06-28 14:44:00,1.43845,1.43935,1.43845,1.43923,4100799865.7226562
2011-06-28 14:45:00,1.43923,1.43925,1.43893,1.43911,3355700073.2421875
2011-06-28 14:46:00,1.43912,1.43966,1.439,1.43966,3475899963.3789062
2011-06-28 14:47:00,1.43966,1.43966,1.43876,1.43895,3221600036.6210938
2011-06-28 14:48:00,1.43894,1.43894,1.43812,1.43812,3979599914.5507812
2011-06-28 14:49:00,1.43811,1.43824,1.43791,1.43791,2344700012.2070312
2011-06-28 14:50:00,1.43791,1.43794,1.43745,1.43756,2980000000.0
2011-06-28 14:51:00,1.43755,1.43779,1.43733,1.43751,2962699890.1367188
2011-06-28 14:52:00,1.43751,1.4376,1.43729,1.43729,2179400024.4140625
2011-06-28 14:53:00,1.43736,1.43746,1.4367,1.43683,3395899963.3789062
2011-06-28 14:54:00,1.4368,1.43714,1.43674,1.43701,2516900024.4140625
2011-06-28 14:55:00,1.43699,1.43712,1.4369,1.43703,3360499877.9296875
2011-06-28 14:56:00,1.437,1.43717,1.43683,1.43695,2602300109.8632812
2011-06-28 14:57:00,1.43695,1.43721,1.43683,1.43683,2458600006.1035156
2011-06-28 14:58:00,1.4368,1.43685,1.43668,1.43681,2648999938.9648438
2011-06-28 14:59:00,1.43681,1.43692,1.43601,1.43612,3506300048.828125
2011-06-28 15:00:00,1.43614,1.43641,1.43614,1.43634,3471499938.9648438
2011-06-28 15:01:00,1.43635,1.43638,1.43607,1.43621,2653500061.0351562
2011-06-28 15:02:00,1.43624,1.43631,1.43576,1.4359,2850700073.2421875
2011-06-28 15:03:00,1.43592,1.43603,1.43571,1.43583,2980199890.1367188
2011-06-28 15:04:00,1.43583,1.43604,1.43568,1.43601,2627300109.8632812
2011-06-28 15:05:00,1.436,1.43629,1.43596,1.43622,2256900024.4140625
2011-06-28 15:06:00,1.43621,1.43654,1.4361,1.43638,2066300048.828125
2011-06-28 15:07:00,1.43638,1.43641,1.43613,1.43636,1882599945.0683594
2011-06-28 15:08:00,1.43634,1.43639,1.43606,1.43626,2266900024.4140625
2011-06-28 15:09:00,1.43625,1.43636,1.43619,1.43633,2451300048.828125
2011-06-28 15:10:00,1.43633,1.43653,1.43622,1.43625,1703800048.828125
2011-06-28 15:11:00,1.43626,1.43635,1.43614,1.43625,1979100036.6210938
2011-06-28 15:12:00,1.43625,1.43647,1.43619,1.43619,2774599914.5507812
2011-06-28 15:13:00,1.43612,1.43648,1.43612,1.43634,1718200073.2421875
2011-06-28 15:14:00,1.43635,1.4365,1.43631,1.4365,1693200073.2421875
2011-06-28 15:15:00,1.43651,1.43686,1.43645,1.43664,2502400054.9316406
2011-06-28 15:16:00,1.43664,1.43693,1.43654,1.43691,2369199981.689453
2011-06-28 15:17:00,1.43691,1.43698,1.43679,1.43692,1890200042.7246094
2011-06-28 15:18:00,1.43693,1.43693,1.43651,1.43651,1366699981.6894531
2011-06-28 15:19:00,1.4365,1.43657,1.43621,1.43631,2267799987.7929688
2011-06-28 15:20:00,1.43632,1.43632,1.4356,1.43562,2513300018.310547
2011-06-28 15:21:00,1.43561,1.43561,1.43485,1.43518,3566799926.7578125
2011-06-28 15:22:00,1.43521,1.4354,1.43514,1.43514,2749800109.8632812
2011-06-28 15:23:00,1.43515,1.43578,1.43515,1.43562,3543800048.828125
2011-06-28 15:24:00,1.43563,1.43588,1.43552,1.43569,2682500000.0
2011-06-28 15:25:00,1.43571,1.4358,1.43553,1.43562,1763800048.828125
2011-06-28 15:26:00,1.43563,1.43573,1.43559,1.43566,1772700042.7246094
2011-06-28 15:27:00,1.43566,1.43622,1.43565,1.43616,2008899993.8964844
2011-06-28 15:28:00,1.43614,1.43614,1.43585,1.43613,1824199981.6894531
2011-06-28 15:29:00,1.43613,1.43625,1.43581,1.43617,2327400054.9316406
2011-06-28 15:30:00,1.43616,1.43677,1.43612,1.43676,3525700073.2421875
2011-06-28 15:31:00,1.43679,1.43682,1.43648,1.43648,2655000000.0
2011-06-28 15:32:00,1.43653,1.43676,1.43642,1.43659,2105800018.3105469
2011-06-28 15:33:00,1.43659,1.43679,1.43646,1.43664,2163699951.171875
2011-06-28 15:34:00,1.43664,1.43666,1.43622,1.43655,1720500030.5175781
2011-06-28 15:35:00,1.43656,1.43687,1.43639,1.43641,2090500030.5175781
2011-06-28 15:36:00,1.43642,1.43642,1.43606,1.43623,1748300018.3105469
2011-06-28 15:37:00,1.43623,1.43634,1.43609,1.43631,1317899932.8613281
2011-06-28 15:38:00,1.43631,1.43634,1.4361,1.4362,2019700012.2070312
2011-06-28 15:39:00,1.4362,1.4362,1.43583,1.43585,1449900054.9316406
2011-06-28 15:40:00,1.43583,1.43594,1.4357,1.4358,1670500030.5175781
2011-06-28 15:41:00,1.4358,1.43601,1.43578,1.43593,1495700073.2421875
2011-06-28 15:42:00,1.436,1.43614,1.43597,1.43597,1044100036.6210938
2011-06-28 15:43:00,1.43595,1.43595,1.43574,1.43584,1355500030.5175781
2011-06-28 15:44:00,1.43586,1.43618,1.43586,1.43614,1602500000.0
2011-06-28 15:45:00,1.4361,1.43648,1.4361,1.43627,2046900024.4140625
2011-06-28 15:46:00,1.43628,1.43705,1.43628,1.43684,2106300048.828125
2011-06-28 15:47:00,1.43682,1.43699,1.43682,1.43695,1222200012.2070312
2011-06-28 15:48:00,1.43696,1.43762,1.43695,1.43752,3443800048.828125
2011-06-28 15:49:00,1.43751,1.43751,1.4368,1.43699,1953600006.1035156
2011-06-28 15:50:00,1.43698,1.437,1.43645,1.43645,1642400054.9316406
2011-06-28 15:51:00,1.43645,1.43649,1.43618,1.43647,2015099945.0683594
2011-06-28 15:52:00,1.43646,1.43652,1.43622,1.43652,1782899932.8613281
2011-06-28 15:53:00,1.43653,1.43669,1.43634,1.43669,1661900024.4140625
2011-06-28 15:54:00,1.43669,1.43669,1.43628,1.43646,1586000061.0351562
2011-06-28 15:55:00,1.43647,1.43653,1.43589,1.43608,2283300018.310547
2011-06-28 15:56:00,1.43609,1.43619,1.43601,1.43619,1629299926.7578125
2011-06-28 15:57:00,1.43627,1.4366,1.43627,1.43642,1198300018.3105469
2011-06-28 15:58:00,1.43641,1.43666,1.43641,1.43657,1217900009.1552734
2011-06-28 15:59:00,1.43654,1.43674,1.4364,1.43673,1590800018.3105469
2011-06-28 16:00:00,1.43675,1.43681,1.43664,1.43669,1258600006.1035156
2011-06-28 16:01:00,1.43669,1.43685,1.43656,1.43667,2235500030.517578
2011-06-28 16:02:00,1.43665,1.43665,1.43645,1.4365,834199981.6894531
2011-06-28 16:03:00,1.4365,1.43667,1.43646,1.43662,1876999969.4824219
2011-06-28 16:04:00,1.43662,1.43702,1.43655,1.43702,2038899993.8964844
2011-06-28 16:05:00,1.43705,1.43707,1.4365,1.43674,2505299987.7929688
2011-06-28 16:06:00,1.43674,1.43674,1.43657,1.43662,1246100006.1035156
2011-06-28 16:07:00,1.43662,1.43663,1.43639,1.43653,1801100006.1035156
2011-06-28 16:08:00,1.43653,1.43659,1.43585,1.43602,2419299926.7578125
2011-06-28 16:09:00,1.43606,1.43608,1.43558,1.43558,1845599975.5859375
2011-06-28 16:10:00,1.43556,1.43603,1.43556,1.43588,2118800048.828125
2011-06-28 16:11:00,1.43587,1.43588,1.43505,1.43505,2231399993.8964844
2011-06-28 16:12:00,1.43505,1.43559,1.43505,1.43559,1433000030.5175781
2011-06-28 16:13:00,1.43559,1.43607,1.43559,1.43595,1817400054.9316406
2011-06-28 16:14:00,1.43595,1.43618,1.43593,1.43609,1858300018.3105469
2011-06-28 16:15:00,1.43609,1.43615,1.43596,1.436,820500030.5175781
2011-06-28 16:16:00,1.43597,1.43655,1.43597,1.43645,2003899993.8964844
2011-06-28 16:17:00,1.43645,1.43645,1.43615,1.43622,1153600006.1035156
2011-06-28 16:18:00,1.43622,1.43629,1.43584,1.43584,1326199951.171875
2011-06-28 16:19:00,1.43583,1.43605,1.43569,1.43583,1316000061.0351562
2011-06-28 16:20:00,1.43583,1.43634,1.43583,1.43618,1952299957.2753906
2011-06-28 16:21:00,1.43618,1.43622,1.43603,1.4361,1329700012.2070312
2011-06-28 16:22:00,1.43609,1.4361,1.43595,1.436,1436699981.6894531
2011-06-28 16:23:00,1.43599,1.43623,1.43599,1.43621,807699966.4306641
2011-06-28 16:24:00,1.43622,1.43623,1.43582,1.43584,1344499969.4824219
2011-06-28 16:25:00,1.43584,1.43589,1.43577,1.43584,1144800033.569336
2011-06-28 16:26:00,1.43582,1.43586,1.43564,1.43565,1540800018.3105469
2011-06-28 16:27:00,1.43564,1.43564,1.43534,1.43551,1988300018.3105469
2011-06-28 16:28:00,1.43551,1.43583,1.43545,1.43566,1556600036.6210938
2011-06-28 16:29:00,1.43564,1.43576,1.43535,1.43536,2508399963.3789062
2011-06-28 16:30:00,1.43538,1.43569,1.43538,1.43544,1858899993.8964844
2011-06-28 16:31:00,1.43546,1.43569,1.43532,1.43546,1731300048.828125
2011-06-28 16:32:00,1.43546,1.43581,1.43546,1.43565,1449900054.9316406
2011-06-28 16:33:00,1.43565,1.43579,1.43553,1.43569,1932799987.7929688
2011-06-28 16:34:00,1.43567,1.43576,1.43555,1.4357,1346600036.6210938
2011-06-28 16:35:00,1.43572,1.43595,1.43572,1.43582,1231800003.0517578
2011-06-28 16:36:00,1.43582,1.43604,1.43582,1.43604,1248600006.1035156
2011-06-28 16:37:00,1.43605,1.4363,1.43605,1.43629,1953899993.8964844
2011-06-28 16:38:00,1.43634,1.43655,1.43634,1.43635,1140299987.7929688
2011-06-28 16:39:00,1.43635,1.43639,1.43593,1.43594,1377799987.7929688
2011-06-28 16:40:00,1.43594,1.43608,1.43574,1.43592,1610299987.7929688
2011-06-28 16:41:00,1.43594,1.43614,1.43592,1.43614,1094300003.0517578
2011-06-28 16:42:00,1.43614,1.43624,1.43574,1.43575,1643099975.5859375
2011-06-28 16:43:00,1.43579,1.43585,1.43556,1.4356,1211100006.1035156
2011-06-28 16:44:00,1.4356,1.4357,1.43537,1.43559,1958600006.1035156
2011-06-28 16:45:00,1.43563,1.43577,1.43555,1.43575,1971699981.6894531
2011-06-28 16:46:00,1.43573,1.43577,1.43559,1.4357,1421499938.9648438
2011-06-28 16:47:00,1.4357,1.43577,1.43541,1.43576,1959600067.1386719
2011-06-28 16:48:00,1.43576,1.43583,1.43542,1.43547,1552200012.2070312
2011-06-28 16:49:00,1.43549,1.43567,1.43544,1.43567,1107200012.2070312
2011-06-28 16:50:00,1.43569,1.43581,1.43515,1.43515,1687799987.7929688
2011-06-28 16:51:00,1.43515,1.43538,1.43511,1.43513,1814700012.2070312
2011-06-28 16:52:00,1.43517,1.43555,1.43506,1.4355,2795899963.3789062
2011-06-28 16:53:00,1.43549,1.43554,1.43523,1.43523,1725200042.7246094
2011-06-28 16:54:00,1.43521,1.43521,1.43513,1.43517,764800033.5693359
2011-06-28 16:55:00,1.43518,1.43536,1.43517,1.43536,1164599990.8447266
2011-06-28 16:56:00,1.43536,1.43554,1.43534,1.43554,959700012.2070312
2011-06-28 16:57:00,1.43556,1.43572,1.43552,1.43563,1447400054.9316406
2011-06-28 16:58:00,1.43563,1.43563,1.43545,1.4356,1668300018.3105469
2011-06-28 16:59:00,1.4356,1.43566,1.43535,1.43545,2371799926.7578125
2011-06-28 17:00:00,1.43543,1.43558,1.43543,1.43552,1975399932.8613281
2011-06-28 17:01:00,1.4355,1.43561,1.43503,1.4352,2724700012.2070312
2011-06-28 17:02:00,1.43521,1.43555,1.43518,1.43538,1971900024.4140625
2011-06-28 17:03:00,1.43538,1.43572,1.43534,1.43565,1686100006.1035156
2011-06-28 17:04:00,1.43565,1.4359,1.43562,1.4359,1434199981.6894531
2011-06-28 17:05:00,1.4359,1.43628,1.4359,1.43614,2602900085.4492188
2011-06-28 17:06:00,1.43613,1.43617,1.43581,1.43581,1479100036.6210938
2011-06-28 17:07:00,1.43581,1.43604,1.43581,1.43587,1252200012.2070312
2011-06-28 17:08:00,1.43587,1.43601,1.43583,1.43594,1440200042.7246094
2011-06-28 17:09:00,1.43594,1.43602,1.43544,1.43562,1795500030.5175781
2011-06-28 17:10:00,1.43561,1.43564,1.43553,1.43562,1159700012.2070312
2011-06-28 17:11:00,1.43564,1.43579,1.43562,1.43579,812300033.5693359
2011-06-28 17:12:00,1.43583,1.43599,1.43571,1.43571,1733399963.3789062
2011-06-28 17:13:00,1.43569,1.43569,1.43518,1.43523,1511199951.171875
2011-06-28 17:14:00,1.43525,1.43525,1.43491,1.43515,2035800018.3105469
2011-06-28 17:15:00,1.43514,1.43539,1.43513,1.43518,1370200042.7246094
2011-06-28 17:16:00,1.43524,1.43536,1.43458,1.43458,1892599945.0683594
2011-06-28 17:17:00,1.43459,1.43482,1.43405,1.43421,1980500030.5175781
2011-06-28 17:18:00,1.43421,1.43466,1.43421,1.43466,1912299957.2753906
2011-06-28 17:19:00,1.43466,1.43501,1.43465,1.43501,1509799957.2753906
2011-06-28 17:20:00,1.43498,1.43509,1.43474,1.43477,1334799957.2753906
2011-06-28 17:21:00,1.43477,1.43488,1.43477,1.43486,1163799972.5341797
2011-06-28 17:22:00,1.43486,1.43492,1.4347,1.4347,1150599975.5859375
2011-06-28 17:23:00,1.43473,1.43485,1.43465,1.43485,934499969.4824219
2011-06-28 17:24:00,1.43485,1.43485,1.43454,1.43469,1275699996.9482422
2011-06-28 17:25:00,1.43471,1.43495,1.43471,1.43488,1673600006.1035156
2011-06-28 17:26:00,1.43489,1.43498,1.43484,1.43497,1100299987.7929688
2011-06-28 17:27:00,1.43496,1.43496,1.43442,1.43457,2091300048.828125
2011-06-28 17:28:00,1.43459,1.43489,1.43453,1.43472,1458300018.3105469
2011-06-28 17:29:00,1.43472,1.43483,1.43472,1.4348,1014100036.6210938
2011-06-28 17:30:00,1.4348,1.4348,1.43463,1.43469,1257600021.3623047
2011-06-28 17:31:00,1.43466,1.43486,1.43453,1.43459,1683300018.3105469
2011-06-28 17:32:00,1.43459,1.43459,1.43421,1.43457,1223399963.3789062
2011-06-28 17:33:00,1.43457,1.43465,1.43457,1.4346,450099983.21533203
2011-06-28 17:34:00,1.43462,1.43496,1.43459,1.43485,2071199951.171875
2011-06-28 17:35:00,1.43485,1.43485,1.43457,1.43468,1585399932.8613281
2011-06-28 17:36:00,1.43468,1.43493,1.43467,1.43471,1471799926.7578125
2011-06-28 17:37:00,1.43469,1.43489,1.43469,1.43485,917900009.1552734
2011-06-28 17:38:00,1.43484,1.43504,1.43481,1.43501,1140899963.3789062
2011-06-28 17:39:00,1.43501,1.43516,1.43497,1.43512,1071800003.0517578
2011-06-28 17:40:00,1.43512,1.43513,1.43494,1.435,1415700073.2421875
2011-06-28 17:41:00,1.435,1.43504,1.43495,1.43504,701600036.6210938
2011-06-28 17:42:00,1.43504,1.43506,1.43495,1.43498,760000000.0
2011-06-28 17:43:00,1.43498,1.43499,1.43486,1.43493,863199996.9482422
2011-06-28 17:44:00,1.43493,1.43499,1.43489,1.43497,1278399963.3789062
2011-06-28 17:45:00,1.43498,1.43507,1.43498,1.43499,1112900009.1552734
2011-06-28 17:46:00,1.43503,1.43512,1.43493,1.43504,1669700012.2070312
2011-06-28 17:47:00,1.43504,1.4351,1.43494,1.43498,814300003.0517578
2011-06-28 17:48:00,1.43498,1.43524,1.43498,1.43513,1498399963.3789062
2011-06-28 17:49:00,1.43511,1.43512,1.43494,1.435,1242900009.1552734
2011-06-28 17:50:00,1.435,1.43507,1.43495,1.43503,1053899993.8964844
2011-06-28 17:51:00,1.43501,1.43505,1.43498,1.43501,453600006.1035156
2011-06-28 17:52:00,1.43501,1.43507,1.43492,1.43502,1015800018.3105469
2011-06-28 17:53:00,1.43502,1.43504,1.43479,1.43503,1256100006.1035156
2011-06-28 17:54:00,1.43503,1.43527,1.43501,1.43525,634000015.2587891
2011-06-28 17:55:00,1.43524,1.4354,1.43506,1.43539,1427700042.7246094
2011-06-28 17:56:00,1.43539,1.43595,1.43539,1.43587,2023500061.0351562
2011-06-28 17:57:00,1.43588,1.43601,1.43588,1.43601,911299972.5341797
2011-06-28 17:58:00,1.43602,1.43621,1.4359,1.43598,1846699981.6894531
2011-06-28 17:59:00,1.43599,1.43602,1.4358,1.43585,1467599945.0683594
2011-06-28 18:00:00,1.43588,1.43588,1.43568,1.43584,1411300048.828125
2011-06-28 18:01:00,1.43585,1.43586,1.43574,1.43578,707099990.8447266
2011-06-28 18:02:00,1.43576,1.43584,1.43569,1.43579,774400024.4140625
2011-06-28 18:03:00,1.43578,1.43608,1.4357,1.43605,1166100006.1035156
2011-06-28 18:04:00,1.43604,1.43604,1.43564,1.43573,1836300048.828125
2011-06-28 18:05:00,1.43575,1.43576,1.4355,1.43553,1062300033.5693359
2011-06-28 18:06:00,1.43551,1.43578,1.43551,1.43564,1591699981.6894531
2011-06-28 18:07:00,1.43562,1.43565,1.43548,1.43548,872699966.4306641
2011-06-28 18:08:00,1.43546,1.43549,1.43536,1.43549,640999984.7412109
2011-06-28 18:09:00,1.43551,1.43551,1.43543,1.43551,812900009.1552734
2011-06-28 18:10:00,1.43549,1.4359,1.43547,1.43586,1568899993.8964844
2011-06-28 18:11:00,1.43588,1.43598,1.43586,1.43586,888899993.8964844
2011-06-28 18:12:00,1.43586,1.43586,1.43557,1.43567,961900024.4140625
2011-06-28 18:13:00,1.43567,1.43571,1.43553,1.43558,715800018.3105469
2011-06-28 18:14:00,1.43558,1.4356,1.43547,1.4356,1062699966.4306641
2011-06-28 18:15:00,1.4356,1.43593,1.4356,1.43585,1151699981.6894531
2011-06-28 18:16:00,1.43586,1.43599,1.43565,1.43566,777200012.2070312
2011-06-28 18:17:00,1.43566,1.43601,1.43559,1.43599,1146999969.4824219
2011-06-28 18:18:00,1.43597,1.43597,1.43593,1.43595,657500000.0
2011-06-28 18:19:00,1.43596,1.43614,1.43596,1.43606,1084899978.6376953
2011-06-28 18:20:00,1.43606,1.43612,1.43592,1.43594,691399993.8964844
2011-06-28 18:21:00,1.43593,1.43607,1.43593,1.43604,1602200012.2070312
2011-06-28 18:22:00,1.43606,1.43631,1.43606,1.43626,1450099945.0683594
2011-06-28 18:23:00,1.43631,1.43634,1.43608,1.43609,712600021.3623047
2011-06-28 18:24:00,1.43609,1.43609,1.43583,1.43583,583899993.8964844
2011-06-28 18:25:00,1.43583,1.43593,1.43583,1.43589,787300033.5693359
2011-06-28 18:26:00,1.43589,1.43608,1.43585,1.43602,1501999969.4824219
2011-06-28 18:27:00,1.43602,1.43607,1.43585,1.43607,766999969.4824219
2011-06-28 18:28:00,1.43608,1.4361,1.43604,1.43605,1095599975.5859375
2011-06-28 18:29:00,1.43604,1.43685,1.43593,1.43685,2424900054.9316406
2011-06-28 18:30:00,1.43687,1.43701,1.43646,1.43662,3447300109.8632812
2011-06-28 18:31:00,1.43662,1.43662,1.43615,1.43624,1754900054.9316406
2011-06-28 18:32:00,1.43624,1.43649,1.43616,1.43648,1279800033.569336
2011-06-28 18:33:00,1.43648,1.43649,1.43621,1.43622,1551000061.0351562
2011-06-28 18:34:00,1.43623,1.43666,1.43622,1.43654,1333399963.3789062
2011-06-28 18:35:00,1.43655,1.43703,1.43651,1.4368,1633099975.5859375
2011-06-28 18:36:00,1.43678,1.43678,1.4363,1.43659,1782799987.7929688
2011-06-28 18:37:00,1.43659,1.43672,1.43657,1.43662,859700012.2070312
2011-06-28 18:38:00,1.4366,1.43686,1.4366,1.43684,1295200042.7246094
2011-06-28 18:39:00,1.43683,1.43701,1.43677,1.43695,1257099990.8447266
2011-06-28 18:40:00,1.43696,1.43697,1.43659,1.43661,1587100067.1386719
2011-06-28 18:41:00,1.43655,1.43661,1.43624,1.43629,1167500000.0
2011-06-28 18:42:00,1.43628,1.43639,1.43611,1.43634,1104400024.4140625
2011-06-28 18:43:00,1.43634,1.43634,1.43592,1.43605,1127300033.569336
2011-06-28 18:44:00,1.43601,1.43621,1.43601,1.43619,517900009.15527344
2011-06-28 18:45:00,1.43619,1.43638,1.4361,1.43638,743000030.5175781
2011-06-28 18:46:00,1.43639,1.43652,1.4362,1.4362,1731100006.1035156
2011-06-28 18:47:00,1.43622,1.43642,1.43621,1.43635,755699996.9482422
2011-06-28 18:48:00,1.43634,1.43644,1.43627,1.43633,1171399993.8964844
2011-06-28 18:49:00,1.43633,1.43658,1.43631,1.43654,1062500000.0
2011-06-28 18:50:00,1.43655,1.43655,1.43633,1.43639,1018399963.3789062
2011-06-28 18:51:00,1.43639,1.43649,1.43625,1.43627,1247500000.0
2011-06-28 18:52:00,1.43627,1.43639,1.43627,1.43639,787200012.2070312
2011-06-28 18:53:00,1.4364,1.43641,1.43627,1.43632,757699966.4306641
2011-06-28 18:54:00,1.43631,1.43631,1.43603,1.43624,1364600067.1386719
2011-06-28 18:55:00,1.43622,1.43639,1.43622,1.43627,807699966.4306641
2011-06-28 18:56:00,1.43627,1.43628,1.43619,1.43627,673399963.3789062
2011-06-28 18:57:00,1.43627,1.43629,1.43603,1.43612,927900009.1552734
2011-06-28 18:58:00,1.43612,1.43619,1.43611,1.43619,1023700027.4658203
2011-06-28 18:59:00,1.43619,1.43629,1.43618,1.43629,776800003.0517578
2011-06-28 19:00:00,1.43629,1.43643,1.43625,1.43629,997799987.7929688
2011-06-28 19:01:00,1.43631,1.4364,1.43622,1.43625,905100021.3623047
2011-06-28 19:02:00,1.43624,1.43647,1.43619,1.43635,1243300018.3105469
2011-06-28 19:03:00,1.43633,1.43639,1.43625,1.43639,1153399963.3789062
2011-06-28 19:04:00,1.43641,1.43652,1.43641,1.43644,838000030.5175781
2011-06-28 19:05:00,1.43645,1.43645,1.43632,1.43632,621599998.4741211
2011-06-28 19:06:00,1.43628,1.43652,1.4362,1.43644,1127300033.569336
2011-06-28 19:07:00,1.43642,1.43652,1.43641,1.43652,256900005.34057617
2011-06-28 19:08:00,1.43655,1.43657,1.43645,1.43645,1513999938.9648438
2011-06-28 19:09:00,1.43645,1.43645,1.43632,1.43638,726200027.4658203
2011-06-28 19:10:00,1.43637,1.43654,1.43637,1.43642,815400009.1552734
2011-06-28 19:11:00,1.43641,1.43641,1.43629,1.43632,682699966.4306641
2011-06-28 19:12:00,1.43635,1.43638,1.43621,1.43621,1314199981.6894531
2011-06-28 19:13:00,1.43621,1.43632,1.43601,1.4361,1127399978.6376953
2011-06-28 19:14:00,1.4361,1.4361,1.43565,1.4357,1457100067.1386719
2011-06-28 19:15:00,1.43569,1.43586,1.43549,1.4358,1965700073.2421875
2011-06-28 19:16:00,1.43582,1.43598,1.43582,1.43582,1241699981.6894531
2011-06-28 19:17:00,1.4358,1.43596,1.43563,1.43594,1094499969.4824219
2011-06-28 19:18:00,1.43594,1.43595,1.43559,1.43559,1184899978.6376953
2011-06-28 19:19:00,1.43559,1.43578,1.43553,1.43571,1385200042.7246094
2011-06-28 19:20:00,1.4357,1.43575,1.43569,1.43575,318799991.607666
2011-06-28 19:21:00,1.43576,1.43588,1.4357,1.4358,1298500061.0351562
2011-06-28 19:22:00,1.4358,1.43586,1.43578,1.43579,760199966.4306641
2011-06-28 19:23:00,1.43583,1.43587,1.4358,1.43584,488300018.3105469
2011-06-28 19:24:00,1.43581,1.43589,1.43577,1.43577,858700027.4658203
2011-06-28 19:25:00,1.43578,1.4358,1.43565,1.43568,519000015.25878906
2011-06-28 19:26:00,1.43569,1.43595,1.43569,1.43592,753000030.5175781
2011-06-28 19:27:00,1.43592,1.43592,1.43578,1.43588,1232600021.3623047
2011-06-28 19:28:00,1.43587,1.43587,1.43575,1.43577,532200012.20703125
2011-06-28 19:29:00,1.43576,1.43576,1.43556,1.43566,993899993.8964844
2011-06-28 19:30:00,1.43568,1.43568,1.43544,1.43549,1473899993.8964844
2011-06-28 19:31:00,1.43552,1.43553,1.43536,1.43536,1296399993.8964844
2011-06-28 19:32:00,1.43535,1.43547,1.43529,1.43547,881600036.6210938
2011-06-28 19:33:00,1.43548,1.4355,1.43535,1.43545,1236200027.4658203
2011-06-28 19:34:00,1.43545,1.4355,1.4354,1.43543,884800033.5693359
2011-06-28 19:35:00,1.43541,1.4355,1.43533,1.43538,1399100036.6210938
2011-06-28 19:36:00,1.43539,1.43539,1.4351,1.43517,1443200073.2421875
2011-06-28 19:37:00,1.43518,1.43529,1.43518,1.43525,1191999969.4824219
2011-06-28 19:38:00,1.43526,1.4356,1.43526,1.43557,1113399963.3789062
2011-06-28 19:39:00,1.43557,1.43582,1.43557,1.43577,972600021.3623047
2011-06-28 19:40:00,1.43577,1.43577,1.4355,1.43552,1183899993.8964844
2011-06-28 19:41:00,1.43552,1.43562,1.43537,1.43561,915999984.7412109
2011-06-28 19:42:00,1.43563,1.43567,1.43547,1.43547,591399993.8964844
2011-06-28 19:43:00,1.43548,1.43566,1.43547,1.43554,1247799987.7929688
2011-06-28 19:44:00,1.43554,1.43559,1.43533,1.43533,1403800048.828125
2011-06-28 19:45:00,1.43532,1.43549,1.43514,1.43549,1743399963.3789062
2011-06-28 19:46:00,1.43551,1.43577,1.43544,1.43569,2115000000.0
2011-06-28 19:47:00,1.43569,1.43599,1.43569,1.43597,1891999969.4824219
2011-06-28 19:48:00,1.43599,1.43607,1.43595,1.43607,1144700012.2070312
2011-06-28 19:49:00,1.43607,1.43621,1.43594,1.43596,1170100021.3623047
2011-06-28 19:50:00,1.43596,1.43627,1.43596,1.43626,1705800018.3105469
2011-06-28 19:51:00,1.43626,1.43626,1.436,1.43605,1888999938.9648438
2011-06-28 19:52:00,1.43608,1.43619,1.43598,1.43603,1240999984.741211
2011-06-28 19:53:00,1.43603,1.4362,1.43596,1.4362,1308300018.3105469
2011-06-28 19:54:00,1.43621,1.43621,1.43595,1.43613,912500000.0
2011-06-28 19:55:00,1.43613,1.43613,1.43596,1.43603,532700004.5776367
2011-06-28 19:56:00,1.43603,1.43628,1.43603,1.43627,1634799957.2753906
2011-06-28 19:57:00,1.43627,1.43627,1.43614,1.43623,841600036.6210938
2011-06-28 19:58:00,1.43624,1.43633,1.43606,1.43618,2130800018.3105469
2011-06-28 19:59:00,1.43617,1.43635,1.43615,1.43632,1348699951.171875
2011-06-28 20:00:00,1.43631,1.43638,1.43627,1.43636,912200012.2070312
2011-06-28 20:01:00,1.43636,1.43667,1.43636,1.43646,1744299926.7578125
2011-06-28 20:02:00,1.43646,1.43647,1.43634,1.43645,1352100067.1386719
2011-06-28 20:03:00,1.43645,1.43648,1.43639,1.43639,1177699966.430664
2011-06-28 20:04:00,1.43639,1.43639,1.43634,1.43635,576100006.1035156
2011-06-28 20:05:00,1.43633,1.43649,1.43631,1.43635,1155000000.0
2011-06-28 20:06:00,1.43637,1.43637,1.43621,1.43633,792799987.7929688
2011-06-28 20:07:00,1.43632,1.43639,1.43622,1.43632,543899993.8964844
2011-06-28 20:08:00,1.43632,1.43653,1.43631,1.43645,1041800003.0517578
2011-06-28 20:09:00,1.43645,1.43653,1.43641,1.43649,519000015.25878906
2011-06-28 20:10:00,1.43649,1.43649,1.43622,1.43629,740400009.1552734
2011-06-28 20:11:00,1.43629,1.4365,1.43625,1.4365,675400009.1552734
2011-06-28 20:12:00,1.4365,1.43651,1.43649,1.43651,180000000.0
2011-06-28 20:13:00,1.43649,1.43657,1.43644,1.43657,483800010.68115234
2011-06-28 20:14:00,1.43657,1.43668,1.43652,1.43665,729000015.2587891
2011-06-28 20:15:00,1.43665,1.43688,1.43665,1.4367,1264800033.569336
2011-06-28 20:16:00,1.43674,1.43682,1.43666,1.43682,829599990.8447266
2011-06-28 20:17:00,1.43682,1.43682,1.43662,1.43667,597000007.6293945
2011-06-28 20:18:00,1.43669,1.43669,1.4366,1.43663,314400005.3405762
2011-06-28 20:19:00,1.43662,1.43663,1.43662,1.43663,112500000.0
2011-06-28 20:20:00,1.43663,1.43663,1.43653,1.43655,405000000.0
2011-06-28 20:21:00,1.43654,1.43658,1.43653,1.43656,465099983.21533203
2011-06-28 20:22:00,1.43656,1.43656,1.43639,1.43643,1034300003.0517578
2011-06-28 20:23:00,1.43643,1.4366,1.43643,1.4366,738899993.8964844
2011-06-28 20:24:00,1.43662,1.43665,1.43648,1.43652,589500007.6293945
2011-06-28 20:25:00,1.43652,1.43652,1.4364,1.43649,709499969.4824219
2011-06-28 20:26:00,1.4365,1.43652,1.43641,1.43648,278999996.18530273
2011-06-28 20:27:00,1.43648,1.43653,1.43643,1.43653,474000015.25878906
2011-06-28 20:28:00,1.43653,1.43675,1.43653,1.43663,598699989.3188477
2011-06-28 20:29:00,1.43665,1.43669,1.43663,1.43669,167999992.37060547
2011-06-28 20:30:00,1.43669,1.43669,1.43653,1.43658,557200012.2070312
2011-06-28 20:31:00,1.43658,1.43665,1.43656,1.43658,591399993.8964844
2011-06-28 20:32:00,1.43655,1.43665,1.43645,1.43659,1781499938.9648438
2011-06-28 20:33:00,1.43659,1.43665,1.43653,1.43664,1142699966.430664
2011-06-28 20:34:00,1.43664,1.43664,1.43653,1.43658,749300003.0517578
2011-06-28 20:35:00,1.43658,1.43663,1.43658,1.43662,632999992.3706055
2011-06-28 20:36:00,1.43662,1.43674,1.43662,1.43667,888300018.3105469
2011-06-28 20:37:00,1.43671,1.43671,1.43651,1.43655,810000000.0
2011-06-28 20:38:00,1.43655,1.43655,1.4365,1.43651,382500000.0
2011-06-28 20:39:00,1.43649,1.43659,1.43649,1.43659,281399993.8964844
2011-06-28 20:40:00,1.4366,1.43683,1.43659,1.43679,519000015.25878906
2011-06-28 20:41:00,1.43679,1.43695,1.43674,1.43687,415600013.73291016
2011-06-28 20:42:00,1.43688,1.43701,1.43683,1.43701,436699981.6894531
2011-06-28 20:43:00,1.43699,1.43701,1.43689,1.4369,753000030.5175781
2011-06-28 20:44:00,1.43695,1.43709,1.43679,1.43682,1102699966.430664
2011-06-28 20:45:00,1.43682,1.43689,1.43673,1.43685,574000015.2587891
2011-06-28 20:46:00,1.43684,1.43687,1.43684,1.43687,75000000.0
2011-06-28 20:47:00,1.43691,1.43703,1.43683,1.43694,984800033.5693359
2011-06-28 20:48:00,1.43695,1.43706,1.43695,1.43695,1311999969.4824219
2011-06-28 20:49:00,1.43697,1.43702,1.43695,1.437,385000000.0
2011-06-28 20:50:00,1.43699,1.43699,1.43697,1.43698,163500003.81469727
2011-06-28 20:51:00,1.43697,1.4371,1.43694,1.43709,531899986.26708984
2011-06-28 20:52:00,1.43709,1.43718,1.43699,1.43699,444000015.25878906
2011-06-28 20:53:00,1.43701,1.43701,1.43687,1.4369,335499992.37060547
2011-06-28 20:54:00,1.43689,1.43694,1.43681,1.43692,490499992.37060547
2011-06-28 20:55:00,1.43692,1.43702,1.43692,1.437,402000007.62939453
2011-06-28 20:56:00,1.43696,1.43711,1.43689,1.43696,1104100036.6210938
2011-06-28 20:57:00,1.43695,1.43703,1.43689,1.43703,882600021.3623047
2011-06-28 20:58:00,1.43702,1.43702,1.43687,1.43698,1040999984.7412109
2011-06-28 20:59:00,1.43692,1.43708,1.4369,1.43702,912600021.3623047
2011-06-28 21:00:00,1.43694,1.43715,1.43694,1.43697,210000000.0
2011-06-28 21:01:00,1.43693,1.43693,1.43693,1.43693,25499999.52316284
2011-06-28 21:02:00,1.43695,1.43699,1.43682,1.43695,196499996.18530273
2011-06-28 21:03:00,1.43692,1.43692,1.43692,1.43692,45000000.0
2011-06-28 21:04:00,1.43692,1.43722,1.43692,1.4372,549399986.2670898
2011-06-28 21:05:00,1.43722,1.43739,1.43719,1.43724,539300003.0517578
2011-06-28 21:06:00,1.43721,1.43721,1.43689,1.43699,735000000.0
2011-06-28 21:07:00,1.43698,1.43706,1.43672,1.43681,383400001.5258789
2011-06-28 21:08:00,1.43681,1.43685,1.43672,1.43672,297900009.15527344
2011-06-28 21:09:00,1.43673,1.4369,1.4367,1.43687,274500007.62939453
2011-06-28 21:10:00,1.43691,1.43691,1.43681,1.43684,340499992.37060547
2011-06-28 21:11:00,1.43685,1.4369,1.43676,1.43689,261000003.81469727
2011-06-28 21:12:00,1.43689,1.43695,1.43684,1.43689,210000000.0
2011-06-28 21:13:00,1.43689,1.43689,1.43684,1.43684,81000003.81469727
2011-06-28 21:14:00,1.43684,1.43685,1.43677,1.43677,247500000.0
2011-06-28 21:15:00,1.43677,1.43683,1.43676,1.43683,105000000.0
2011-06-28 21:16:00,1.43679,1.43686,1.43678,1.43685,252000007.62939453
2011-06-28 21:17:00,1.43691,1.43694,1.43685,1.43688,167999992.37060547
2011-06-28 21:18:00,1.43688,1.43703,1.43685,1.43685,225000000.0
2011-06-28 21:19:00,1.4368,1.43681,1.43674,1.43681,345000000.0
2011-06-28 21:20:00,1.43681,1.43684,1.43675,1.43675,184500007.62939453
2011-06-28 21:21:00,1.43675,1.43687,1.43671,1.43687,244500007.62939453
2011-06-28 21:22:00,1.43686,1.43691,1.43681,1.43689,232500000.0
2011-06-28 21:23:00,1.43689,1.43689,1.43688,1.43688,218999996.18530273
2011-06-28 21:24:00,1.43691,1.43691,1.43691,1.43691,45000000.0
2011-06-28 21:25:00,1.43691,1.43703,1.43687,1.43702,212999992.37060547
2011-06-28 21:26:00,1.43705,1.4372,1.43695,1.43711,1108600006.1035156
2011-06-28 21:27:00,1.43709,1.43721,1.43699,1.43721,343499984.74121094
2011-06-28 21:28:00,1.43722,1.43739,1.43719,1.43725,1152699966.430664
2011-06-28 21:29:00,1.43722,1.43722,1.43707,1.43716,442500000.0
2011-06-28 21:30:00,1.43716,1.43717,1.43712,1.43714,187500000.0
2011-06-28 21:31:00,1.43714,1.43715,1.43712,1.43713,142500000.0
2011-06-28 21:32:00,1.43715,1.43715,1.43711,1.43712,96000003.81469727
2011-06-28 21:33:00,1.43713,1.43717,1.43709,1.43709,262500000.0
2011-06-28 21:34:00,1.43709,1.4371,1.43665,1.43668,880299987.7929688
2011-06-28 21:35:00,1.43668,1.43677,1.43639,1.43655,823000030.5175781
2011-06-28 21:36:00,1.43657,1.43669,1.43632,1.43651,478499984.74121094
2011-06-28 21:37:00,1.4365,1.43656,1.43614,1.43618,1098799972.5341797
2011-06-28 21:38:00,1.43618,1.43641,1.43611,1.43641,512000007.62939453
2011-06-28 21:39:00,1.43641,1.43651,1.43641,1.43651,240000000.0
2011-06-28 21:40:00,1.43649,1.43651,1.43642,1.43651,113999996.18530273
2011-06-28 21:41:00,1.43648,1.43648,1.43641,1.43641,201000003.81469727
2011-06-28 21:42:00,1.43641,1.4365,1.43641,1.4365,127500000.0
2011-06-28 21:43:00,1.43648,1.43649,1.43645,1.43645,97500000.0
2011-06-28 21:44:00,1.43646,1.43646,1.43645,1.43645,37500000.0
2011-06-28 21:45:00,1.43645,1.4365,1.43641,1.43649,435000000.0
2011-06-28 21:46:00,1.43648,1.43648,1.43639,1.43639,412500000.0
2011-06-28 21:47:00,1.43639,1.43649,1.43639,1.43647,307500000.0
2011-06-28 21:48:00,1.43646,1.43646,1.43626,1.43638,413300018.3105469
2011-06-28 21:49:00,1.43637,1.43646,1.43628,1.43639,405900001.5258789
2011-06-28 21:50:00,1.43641,1.43642,1.4364,1.43642,135000000.0
2011-06-28 21:51:00,1.43649,1.43662,1.43636,1.43644,635299987.7929688
2011-06-28 21:52:00,1.43645,1.43685,1.43645,1.43671,615000000.0
2011-06-28 21:53:00,1.43673,1.43689,1.43673,1.43676,528800010.68115234
2011-06-28 21:54:00,1.43675,1.43675,1.43663,1.43663,238500003.81469727
2011-06-28 21:55:00,1.43663,1.43663,1.43661,1.43661,30000000.0
2011-06-28 21:56:00,1.43659,1.43659,1.43648,1.43659,250499992.37060547
2011-06-28 21:57:00,1.43659,1.43659,1.43649,1.43659,168799991.60766602
2011-06-28 21:58:00,1.43659,1.43668,1.43659,1.43668,241499996.18530273
2011-06-28 21:59:00,1.43669,1.43681,1.43669,1.43676,331500015.25878906
2011-06-28 22:00:00,1.43676,1.43677,1.43667,1.43671,730000000.0
2011-06-28 22:01:00,1.43671,1.43684,1.43669,1.43681,922699966.4306641
2011-06-28 22:02:00,1.43684,1.437,1.43666,1.43666,670199966.4306641
2011-06-28 22:03:00,1.43665,1.4367,1.43662,1.43668,266299991.60766602
2011-06-28 22:04:00,1.43668,1.43668,1.43652,1.43659,437000007.62939453
2011-06-28 22:05:00,1.43658,1.43658,1.4364,1.4364,574599990.8447266
2011-06-28 22:06:00,1.43638,1.43638,1.43605,1.43607,1099599990.8447266
2011-06-28 22:07:00,1.43607,1.43613,1.43593,1.43596,572700004.5776367
2011-06-28 22:08:00,1.43596,1.43612,1.43596,1.43612,240100002.28881836
2011-06-28 22:09:00,1.43612,1.43628,1.43611,1.43627,440299987.79296875
2011-06-28 22:10:00,1.43628,1.43649,1.43628,1.43639,2105800018.3105469
2011-06-28 22:11:00,1.43638,1.43649,1.43634,1.43639,393199996.9482422
2011-06-28 22:12:00,1.43639,1.43647,1.43638,1.43638,295499992.37060547
2011-06-28 22:13:00,1.43638,1.43645,1.43638,1.43639,167900009.15527344
2011-06-28 22:14:00,1.43639,1.43641,1.43638,1.43641,210000000.0
2011-06-28 22:15:00,1.4364,1.43644,1.4364,1.43644,221299991.60766602
2011-06-28 22:16:00,1.43644,1.43644,1.43644,1.43644,75000000.0
2011-06-28 22:17:00,1.43641,1.43647,1.4363,1.4363,307500000.0
2011-06-28 22:18:00,1.43629,1.43657,1.43623,1.43645,439700012.20703125
2011-06-28 22:19:00,1.43642,1.4365,1.43639,1.4365,285000000.0
2011-06-28 22:20:00,1.4365,1.43661,1.4365,1.43661,206299991.60766602
2011-06-28 22:21:00,1.43661,1.43694,1.43661,1.43694,529500007.62939453
2011-06-28 22:22:00,1.43697,1.437,1.43677,1.43698,605699996.9482422
2011-06-28 22:23:00,1.43692,1.4371,1.43691,1.43704,759899978.6376953
2011-06-28 22:24:00,1.43705,1.43705,1.43691,1.43693,310799999.23706055
2011-06-28 22:25:00,1.43693,1.43701,1.43677,1.43678,868399963.3789062
2011-06-28 22:26:00,1.43676,1.43676,1.43651,1.43651,373600006.1035156
2011-06-28 22:27:00,1.43651,1.43665,1.43651,1.43665,357000007.62939453
2011-06-28 22:28:00,1.43664,1.43667,1.43662,1.43665,330000000.0
2011-06-28 22:29:00,1.43664,1.43665,1.43664,1.43665,67500000.0
2011-06-28 22:30:00,1.43665,1.43665,1.43639,1.43651,1316399993.8964844
2011-06-28 22:31:00,1.43651,1.43653,1.43643,1.43652,748600006.1035156
2011-06-28 22:32:00,1.43651,1.43651,1.43634,1.43647,615000000.0
2011-06-28 22:33:00,1.43647,1.43658,1.43647,1.43658,120000000.0
2011-06-28 22:34:00,1.43655,1.43655,1.43655,1.43655,22500000.0
2011-06-28 22:35:00,1.43655,1.43658,1.43654,1.43657,82500000.0
2011-06-28 22:36:00,1.43656,1.43656,1.43651,1.43652,172600002.28881836
2011-06-28 22:37:00,1.43649,1.43651,1.43647,1.43647,278299999.23706055
2011-06-28 22:38:00,1.43647,1.43647,1.43631,1.43631,430999984.74121094
2011-06-28 22:39:00,1.43629,1.43629,1.43621,1.43622,578800010.6811523
2011-06-28 22:40:00,1.43621,1.43621,1.43598,1.43605,783300018.3105469
2011-06-28 22:41:00,1.43605,1.43627,1.43605,1.43627,573899993.8964844
2011-06-28 22:42:00,1.43624,1.43635,1.43623,1.43624,418699989.31884766
2011-06-28 22:43:00,1.43623,1.43625,1.43623,1.43624,202500000.0
2011-06-28 22:44:00,1.43625,1.43625,1.43615,1.43624,640500030.5175781
2011-06-28 22:45:00,1.43625,1.43626,1.43623,1.43625,235499992.37060547
2011-06-28 22:46:00,1.43624,1.43626,1.43613,1.43614,424000015.25878906
2011-06-28 22:47:00,1.43615,1.43622,1.43613,1.43614,272299995.4223633
2011-06-28 22:48:00,1.43612,1.43632,1.43596,1.43621,1011399993.8964844
2011-06-28 22:49:00,1.4362,1.43622,1.43589,1.43589,458100013.73291016
2011-06-28 22:50:00,1.43589,1.43589,1.43542,1.43554,594199981.6894531
2011-06-28 22:51:00,1.43554,1.43563,1.4355,1.4355,303799991.607666
2011-06-28 22:52:00,1.4355,1.43553,1.43534,1.43546,650500030.5175781
2011-06-28 22:53:00,1.43546,1.43564,1.43544,1.43564,487900009.15527344
2011-06-28 22:54:00,1.43564,1.43576,1.43551,1.43569,637700004.5776367
2011-06-28 22:55:00,1.43567,1.43567,1.43556,1.43561,394500007.62939453
2011-06-28 22:56:00,1.43561,1.43561,1.43553,1.43553,405000000.0
2011-06-28 22:57:00,1.43554,1.43555,1.43534,1.43534,228799991.60766602
2011-06-28 22:58:00,1.43533,1.43566,1.43533,1.43559,834000015.2587891
2011-06-28 22:59:00,1.43559,1.43559,1.43551,1.43556,287999992.37060547
2011-06-28 23:00:00,1.43559,1.43581,1.43559,1.43579,972900009.1552734
2011-06-28 23:01:00,1.43579,1.4358,1.43565,1.43569,543800010.6811523
2011-06-28 23:02:00,1.43567,1.43577,1.43562,1.43577,307500000.0
2011-06-28 23:03:00,1.43576,1.43576,1.43564,1.43565,242999992.37060547
2011-06-28 23:04:00,1.43565,1.43565,1.43563,1.43563,60000000.0
2011-06-28 23:05:00,1.43563,1.43571,1.4356,1.4356,346500015.25878906
2011-06-28 23:06:00,1.43562,1.43567,1.43545,1.43553,249799995.42236328
2011-06-28 23:07:00,1.43552,1.43559,1.43552,1.43556,270000000.0
2011-06-28 23:08:00,1.43556,1.4356,1.43556,1.43559,150000000.0
2011-06-28 23:09:00,1.43559,1.43559,1.43553,1.43555,188999996.18530273
2011-06-28 23:10:00,1.43555,1.43556,1.43555,1.43555,236399993.89648438
2011-06-28 23:11:00,1.43555,1.43555,1.43552,1.43552,236200008.39233398
2011-06-28 23:12:00,1.43553,1.43559,1.43553,1.43557,191299991.60766602
2011-06-28 23:13:00,1.43555,1.43559,1.43552,1.43559,266800003.0517578
2011-06-28 23:14:00,1.43557,1.43557,1.4355,1.43551,175900001.5258789
2011-06-28 23:15:00,1.43551,1.43559,1.43551,1.43554,295300006.8664551
2011-06-28 23:16:00,1.43554,1.43558,1.43547,1.43547,340099983.21533203
2011-06-28 23:17:00,1.43547,1.43547,1.43533,1.43536,243400001.5258789
2011-06-28 23:18:00,1.43538,1.43546,1.43535,1.43546,277999992.37060547
2011-06-28 23:19:00,1.43547,1.43564,1.43547,1.43564,338199996.9482422
2011-06-28 23:20:00,1.43565,1.43609,1.43565,1.43602,1289100036.6210938
2011-06-28 23:21:00,1.43604,1.43604,1.43576,1.43576,1108899993.8964844
2011-06-28 23:22:00,1.43578,1.43578,1.43575,1.43575,240300006.86645508
2011-06-28 23:23:00,1.43575,1.43575,1.43566,1.43566,160699996.9482422
2011-06-28 23:24:00,1.43563,1.43568,1.43548,1.43552,700999984.7412109
2011-06-28 23:25:00,1.43559,1.43559,1.43529,1.4353,888000030.5175781
2011-06-28 23:26:00,1.43525,1.43532,1.43525,1.43532,213899993.89648438
2011-06-28 23:27:00,1.43533,1.43559,1.43532,1.43547,918399963.3789062
2011-06-28 23:28:00,1.43546,1.43558,1.43531,1.43549,567299995.4223633
2011-06-28 23:29:00,1.43549,1.43551,1.43543,1.43543,228199996.9482422
2011-06-28 23:30:00,1.43544,1.43554,1.43544,1.43549,561599998.4741211
2011-06-28 23:31:00,1.43548,1.43548,1.43527,1.43534,1024100036.6210938
2011-06-28 23:32:00,1.43532,1.43534,1.43522,1.43534,467299995.4223633
2011-06-28 23:33:00,1.43535,1.43535,1.43521,1.43521,156099996.56677246
2011-06-28 23:34:00,1.4352,1.43521,1.4352,1.43521,56399998.66485596
2011-06-28 23:35:00,1.43521,1.43533,1.4352,1.43532,232999992.37060547
2011-06-28 23:36:00,1.43533,1.43542,1.4352,1.43535,598199996.9482422
2011-06-28 23:37:00,1.43532,1.43542,1.43532,1.43542,427099990.84472656
2011-06-28 23:38:00,1.43544,1.43596,1.43544,1.43595,634000015.2587891
2011-06-28 23:39:00,1.43593,1.43648,1.43592,1.4364,1281999969.4824219
2011-06-28 23:40:00,1.4364,1.43645,1.43634,1.43636,764499969.4824219
2011-06-28 23:41:00,1.43636,1.43636,1.43619,1.4362,627700004.5776367
2011-06-28 23:42:00,1.43619,1.43619,1.43588,1.43596,1198199996.9482422
2011-06-28 23:43:00,1.43593,1.43593,1.43586,1.43586,875000000.0
2011-06-28 23:44:00,1.43586,1.43586,1.43582,1.43583,123800001.14440918
2011-06-28 23:45:00,1.43583,1.43583,1.43543,1.43549,986399993.8964844
2011-06-28 23:46:00,1.43545,1.43545,1.43499,1.43504,985800018.3105469
2011-06-28 23:47:00,1.43504,1.43504,1.43488,1.4349,485999984.74121094
2011-06-28 23:48:00,1.43491,1.43511,1.43485,1.43511,768300018.3105469
2011-06-28 23:49:00,1.43511,1.43524,1.43509,1.43524,527500000.0
2011-06-28 23:50:00,1.43525,1.43556,1.43525,1.43547,1011600036.6210938
2011-06-28 23:51:00,1.43541,1.43554,1.43531,1.43536,1112699966.430664
2011-06-28 23:52:00,1.43536,1.43543,1.43535,1.4354,376699981.6894531
2011-06-28 23:53:00,1.4354,1.43545,1.43538,1.4354,417099990.84472656
2011-06-28 23:54:00,1.43543,1.43575,1.43543,1.43571,723499984.7412109
2011-06-28 23:55:00,1.43571,1.43571,1.43564,1.43564,236499996.18530273
2011-06-28 23:56:00,1.43564,1.43567,1.4355,1.43559,677799987.7929688
2011-06-28 23:57:00,1.43559,1.43568,1.43559,1.43563,274200000.76293945
2011-06-28 23:58:00,1.43563,1.43565,1.43552,1.43552,593100013.7329102
2011-06-28 23:59:00,1.43551,1.43571,1.43551,1.43571,886800003.0517578
2011-06-29 00:00:00,1.4357,1.43575,1.43537,1.43539,1538600006.1035156
2011-06-29 00:01:00,1.43537,1.43542,1.43498,1.43498,1773500061.0351562
2011-06-29 00:02:00,1.43496,1.43531,1.43479,1.43531,1248399963.3789062
2011-06-29 00:03:00,1.43531,1.43541,1.43521,1.4354,1003199996.9482422
2011-06-29 00:04:00,1.43541,1.43553,1.43538,1.43538,887900009.1552734
2011-06-29 00:05:00,1.4354,1.43545,1.43512,1.43515,1004800033.5693359
2011-06-29 00:06:00,1.43514,1.43522,1.43513,1.4352,405600013.73291016
2011-06-29 00:07:00,1.4352,1.43523,1.43513,1.43514,592299995.4223633
2011-06-29 00:08:00,1.43514,1.43528,1.43508,1.43518,896800003.0517578
2011-06-29 00:09:00,1.43519,1.4352,1.43516,1.4352,289099998.4741211
2011-06-29 00:10:00,1.43522,1.43524,1.43498,1.43498,571399993.8964844
2011-06-29 00:11:00,1.43495,1.43502,1.43483,1.43488,1302799987.7929688
2011-06-29 00:12:00,1.43487,1.43488,1.43483,1.43485,322999992.37060547
2011-06-29 00:13:00,1.43485,1.43485,1.4347,1.43471,617299995.4223633
2011-06-29 00:14:00,1.43472,1.43476,1.43453,1.43455,667900009.1552734
2011-06-29 00:15:00,1.43455,1.43524,1.43454,1.43524,1629100036.6210938
2011-06-29 00:16:00,1.43525,1.43561,1.43525,1.4355,1516300048.828125
2011-06-29 00:17:00,1.43551,1.43552,1.43541,1.43549,459700012.20703125
2011-06-29 00:18:00,1.43549,1.43565,1.43549,1.4356,503199996.9482422
2011-06-29 00:19:00,1.4356,1.4356,1.43516,1.43517,1104300003.0517578
2011-06-29 00:20:00,1.43515,1.4352,1.43491,1.43491,1119700012.2070312
2011-06-29 00:21:00,1.4349,1.43511,1.43476,1.43511,980100021.3623047
2011-06-29 00:22:00,1.4351,1.4351,1.43463,1.43474,1322700042.7246094
2011-06-29 00:23:00,1.43473,1.43482,1.4346,1.43473,726299972.5341797
2011-06-29 00:24:00,1.43473,1.43473,1.43433,1.43439,824499969.4824219
2011-06-29 00:25:00,1.43439,1.43439,1.43421,1.43425,1356699981.6894531
2011-06-29 00:26:00,1.43427,1.43429,1.43415,1.43415,724100036.6210938
2011-06-29 00:27:00,1.43414,1.43474,1.43402,1.43474,1473600006.1035156
2011-06-29 00:28:00,1.43475,1.43501,1.4347,1.43499,1566100006.1035156
2011-06-29 00:29:00,1.43502,1.43505,1.43472,1.43472,593899993.8964844
2011-06-29 00:30:00,1.43473,1.43478,1.43451,1.43453,1200800018.3105469
2011-06-29 00:31:00,1.43453,1.43454,1.43433,1.43435,1110100021.3623047
2011-06-29 00:32:00,1.43435,1.4345,1.43433,1.4345,1338800048.828125
2011-06-29 00:33:00,1.43451,1.43517,1.43451,1.43509,2032200012.2070312
2011-06-29 00:34:00,1.43512,1.43521,1.43495,1.43495,1279199981.6894531
2011-06-29 00:35:00,1.43494,1.43494,1.43472,1.43473,656299972.5341797
2011-06-29 00:36:00,1.43472,1.43472,1.43442,1.43444,580499992.3706055
2011-06-29 00:37:00,1.43443,1.43481,1.43442,1.43481,688799972.5341797
2011-06-29 00:38:00,1.43481,1.43501,1.43479,1.43479,597500000.0
2011-06-29 00:39:00,1.43479,1.435,1.43479,1.43488,700800018.3105469
2011-06-29 00:40:00,1.43486,1.43498,1.43475,1.4349,1408300018.3105469
2011-06-29 00:41:00,1.43489,1.43498,1.43476,1.43498,1081200027.4658203
2011-06-29 00:42:00,1.43499,1.4351,1.43496,1.43509,970999984.7412109
2011-06-29 00:43:00,1.43506,1.43509,1.43493,1.43503,1033799972.5341797
2011-06-29 00:44:00,1.43499,1.43502,1.43484,1.43498,608800010.6811523
2011-06-29 00:45:00,1.43498,1.43499,1.43475,1.43475,679499969.4824219
2011-06-29 00:46:00,1.43475,1.43514,1.43475,1.43514,1487299957.2753906
2011-06-29 00:47:00,1.43515,1.43554,1.43515,1.43531,1281300048.828125
2011-06-29 00:48:00,1.43532,1.43552,1.43523,1.43541,1301699981.6894531
2011-06-29 00:49:00,1.43541,1.43548,1.43531,1.43548,828799972.5341797
2011-06-29 00:50:00,1.43547,1.43551,1.43531,1.43541,1315899963.3789062
2011-06-29 00:51:00,1.43541,1.43541,1.43515,1.43517,945299987.7929688
2011-06-29 00:52:00,1.43519,1.43546,1.43519,1.43536,1147500000.0
2011-06-29 00:53:00,1.43536,1.43539,1.4353,1.43538,728099975.5859375
2011-06-29 00:54:00,1.43537,1.43537,1.43511,1.4352,1348899993.8964844
2011-06-29 00:55:00,1.43519,1.4353,1.43515,1.43519,721699981.6894531
2011-06-29 00:56:00,1.4352,1.43534,1.43516,1.43531,1048099975.5859375
2011-06-29 00:57:00,1.43534,1.43561,1.43531,1.43561,859100036.6210938
2011-06-29 00:58:00,1.43562,1.43562,1.43545,1.43551,1306399993.8964844
2011-06-29 00:59:00,1.4355,1.43551,1.43536,1.43547,1025000000.0
2011-06-29 01:00:00,1.43548,1.43561,1.43537,1.43561,1172600021.3623047
2011-06-29 01:01:00,1.43558,1.43558,1.43536,1.43547,1334799957.2753906
2011-06-29 01:02:00,1.43548,1.43559,1.43532,1.43541,955899963.3789062
2011-06-29 01:03:00,1.43541,1.43541,1.43538,1.4354,239400005.34057617
2011-06-29 01:04:00,1.4354,1.43541,1.43531,1.43535,368499984.74121094
2011-06-29 01:05:00,1.43535,1.43546,1.4351,1.43516,1319900054.9316406
2011-06-29 01:06:00,1.43516,1.43516,1.43489,1.43495,729499969.4824219
2011-06-29 01:07:00,1.43495,1.43536,1.4349,1.43536,882200012.2070312
2011-06-29 01:08:00,1.43536,1.43576,1.43534,1.43575,1006800003.0517578
2011-06-29 01:09:00,1.43575,1.43589,1.43572,1.43583,908499984.7412109
2011-06-29 01:10:00,1.43583,1.43583,1.43539,1.43539,1509600067.1386719
2011-06-29 01:11:00,1.4354,1.43561,1.4354,1.43559,725400009.1552734
2011-06-29 01:12:00,1.43559,1.43561,1.43552,1.43554,891399993.8964844
2011-06-29 01:13:00,1.43555,1.43562,1.4354,1.4354,772900009.1552734
2011-06-29 01:14:00,1.4354,1.43545,1.4348,1.43481,1936900024.4140625
2011-06-29 01:15:00,1.43481,1.43486,1.43461,1.43473,1028000030.5175781
2011-06-29 01:16:00,1.43474,1.43476,1.43462,1.43464,391300010.68115234
2011-06-29 01:17:00,1.43462,1.43462,1.43432,1.43454,1147200012.2070312
2011-06-29 01:18:00,1.43454,1.43477,1.43454,1.43474,554300003.0517578
2011-06-29 01:19:00,1.43474,1.43497,1.43473,1.43497,635699996.9482422
2011-06-29 01:20:00,1.43499,1.43507,1.43452,1.43458,1245599975.5859375
2011-06-29 01:21:00,1.43458,1.43462,1.43431,1.43435,1517599945.0683594
2011-06-29 01:22:00,1.43435,1.4346,1.43433,1.43458,1615200042.7246094
2011-06-29 01:23:00,1.4346,1.43481,1.4346,1.43466,811399993.8964844
2011-06-29 01:24:00,1.43466,1.43466,1.43464,1.43464,124099998.4741211
2011-06-29 01:25:00,1.43467,1.43467,1.4344,1.43441,1233700027.4658203
2011-06-29 01:26:00,1.43441,1.43455,1.43439,1.43439,584700012.2070312
2011-06-29 01:27:00,1.43438,1.43438,1.43422,1.43426,394000015.25878906
2011-06-29 01:28:00,1.43428,1.43449,1.43423,1.43438,831399993.8964844
2011-06-29 01:29:00,1.43439,1.43445,1.43421,1.43445,1205899963.3789062
2011-06-29 01:30:00,1.43441,1.43468,1.4344,1.43463,1562500000.0
2011-06-29 01:31:00,1.43463,1.43476,1.4346,1.43466,1036200027.4658203
2011-06-29 01:32:00,1.43467,1.4347,1.43464,1.43464,393100013.73291016
2011-06-29 01:33:00,1.43461,1.43461,1.43443,1.43443,631199989.3188477
2011-06-29 01:34:00,1.43442,1.43458,1.4344,1.43454,503699989.31884766
2011-06-29 01:35:00,1.43454,1.43455,1.43451,1.43454,138400001.5258789
2011-06-29 01:36:00,1.43454,1.43454,1.4344,1.43444,299099998.4741211
2011-06-29 01:37:00,1.43444,1.43449,1.43441,1.43442,327700004.5776367
2011-06-29 01:38:00,1.4344,1.4344,1.43419,1.43419,536500015.25878906
2011-06-29 01:39:00,1.43419,1.43419,1.43384,1.43393,1563200073.2421875
2011-06-29 01:40:00,1.43397,1.43411,1.43397,1.43406,756800003.0517578
2011-06-29 01:41:00,1.43406,1.43427,1.43406,1.43427,777799987.7929688
2011-06-29 01:42:00,1.43426,1.43427,1.43411,1.43419,497900009.15527344
2011-06-29 01:43:00,1.43418,1.43427,1.43414,1.43425,320099983.21533203
2011-06-29 01:44:00,1.43425,1.43467,1.43425,1.43461,1151900024.4140625
2011-06-29 01:45:00,1.4346,1.43471,1.43445,1.43459,1077300033.569336
2011-06-29 01:46:00,1.43459,1.43459,1.43441,1.43445,915599975.5859375
2011-06-29 01:47:00,1.43445,1.43449,1.43444,1.43449,372099990.84472656
2011-06-29 01:48:00,1.43449,1.43463,1.43449,1.43463,203700008.39233398
2011-06-29 01:49:00,1.43463,1.43473,1.43461,1.43473,204099998.4741211
2011-06-29 01:50:00,1.43475,1.43475,1.43462,1.43473,732600021.3623047
2011-06-29 01:51:00,1.43473,1.43475,1.4347,1.43475,323300018.3105469
2011-06-29 01:52:00,1.43473,1.43474,1.43473,1.43474,93900003.43322754
2011-06-29 01:53:00,1.43475,1.43492,1.43474,1.43492,588499984.7412109
2011-06-29 01:54:00,1.43491,1.43501,1.43485,1.43491,859000015.2587891
2011-06-29 01:55:00,1.43491,1.43501,1.43489,1.43498,293099994.6594238
2011-06-29 01:56:00,1.435,1.4351,1.43495,1.4351,467400016.78466797
2011-06-29 01:57:00,1.43511,1.43518,1.43511,1.43511,512000007.62939453
2011-06-29 01:58:00,1.43511,1.43526,1.43511,1.43525,824800033.5693359
2011-06-29 01:59:00,1.43525,1.43533,1.43518,1.43532,1216399993.8964844
2011-06-29 02:00:00,1.43536,1.43554,1.43536,1.43537,1119800033.569336
2011-06-29 02:01:00,1.43536,1.43536,1.43526,1.43531,359399986.26708984
2011-06-29 02:02:00,1.43533,1.43533,1.43529,1.43529,215200004.57763672
2011-06-29 02:03:00,1.43529,1.4353,1.43514,1.43528,847200012.2070312
2011-06-29 02:04:00,1.43529,1.43546,1.43529,1.43535,559099998.4741211
2011-06-29 02:05:00,1.43535,1.4355,1.43535,1.4355,485299987.79296875
2011-06-29 02:06:00,1.43551,1.4357,1.43551,1.4357,484900016.78466797
2011-06-29 02:07:00,1.4357,1.43582,1.43566,1.43579,1284700012.2070312
2011-06-29 02:08:00,1.43579,1.4358,1.43565,1.43569,627999992.3706055
2011-06-29 02:09:00,1.43569,1.4357,1.43545,1.43554,1035899963.3789062
2011-06-29 02:10:00,1.43552,1.43559,1.43532,1.43532,651800003.0517578
2011-06-29 02:11:00,1.43532,1.43532,1.43521,1.43525,684899978.6376953
2011-06-29 02:12:00,1.43527,1.4354,1.43501,1.43501,1147099990.8447266
2011-06-29 02:13:00,1.43501,1.43526,1.43501,1.43521,946800003.0517578
2011-06-29 02:14:00,1.43521,1.43531,1.43519,1.43525,709100036.6210938
2011-06-29 02:15:00,1.43525,1.43528,1.43522,1.43525,558699989.3188477
2011-06-29 02:16:00,1.43525,1.43528,1.43525,1.43525,1025500030.5175781
2011-06-29 02:17:00,1.43526,1.43543,1.43526,1.43542,279300003.0517578
2011-06-29 02:18:00,1.43544,1.43571,1.43544,1.43552,608600006.1035156
2011-06-29 02:19:00,1.43552,1.43569,1.43552,1.43568,655999984.7412109
2011-06-29 02:20:00,1.4357,1.43577,1.43554,1.43555,849899978.6376953
2011-06-29 02:21:00,1.4355,1.43559,1.43541,1.43559,611399993.8964844
2011-06-29 02:22:00,1.4356,1.4356,1.43543,1.43545,666200027.4658203
2011-06-29 02:23:00,1.43545,1.43545,1.43525,1.43525,896100006.1035156
2011-06-29 02:24:00,1.43526,1.43531,1.43513,1.4352,423400001.5258789
2011-06-29 02:25:00,1.43521,1.43523,1.43515,1.43518,247600002.28881836
2011-06-29 02:26:00,1.43519,1.43531,1.43519,1.43531,333899993.8964844
2011-06-29 02:27:00,1.4353,1.43531,1.43524,1.4353,299699993.1335449
2011-06-29 02:28:00,1.43532,1.43533,1.43528,1.43529,165200004.57763672
2011-06-29 02:29:00,1.43528,1.4353,1.43527,1.4353,71500000.95367432
2011-06-29 02:30:00,1.43531,1.43548,1.4353,1.43535,780699996.9482422
2011-06-29 02:31:00,1.43535,1.43563,1.43535,1.43559,759499969.4824219
2011-06-29 02:32:00,1.43558,1.43561,1.43537,1.43537,769599990.8447266
2011-06-29 02:33:00,1.43537,1.43561,1.43536,1.43554,758399963.3789062
2011-06-29 02:34:00,1.43555,1.43557,1.43545,1.43557,458600006.1035156
2011-06-29 02:35:00,1.43555,1.43555,1.43545,1.43551,532099990.84472656
2011-06-29 02:36:00,1.43551,1.43551,1.43547,1.43547,30099999.90463257
2011-06-29 02:37:00,1.43548,1.43557,1.43542,1.43554,613199996.9482422
2011-06-29 02:38:00,1.43552,1.43554,1.43551,1.43553,349099998.4741211
2011-06-29 02:39:00,1.43554,1.43554,1.43535,1.43535,561599998.4741211
2011-06-29 02:40:00,1.43537,1.43544,1.43533,1.43535,170699996.9482422
2011-06-29 02:41:00,1.43535,1.43555,1.43535,1.43555,232900009.15527344
2011-06-29 02:42:00,1.43554,1.43574,1.43545,1.43574,568600006.1035156
2011-06-29 02:43:00,1.43574,1.43574,1.43559,1.43561,937500000.0
2011-06-29 02:44:00,1.43561,1.43571,1.43557,1.43567,654800033.5693359
2011-06-29 02:45:00,1.43568,1.43571,1.43563,1.43565,496599998.4741211
2011-06-29 02:46:00,1.43565,1.43565,1.43564,1.43565,124099998.4741211
2011-06-29 02:47:00,1.43563,1.43565,1.43558,1.43562,570999984.7412109
2011-06-29 02:48:00,1.43562,1.43562,1.43554,1.43557,391500015.25878906
2011-06-29 02:49:00,1.43557,1.43558,1.43535,1.43538,515499992.37060547
2011-06-29 02:50:00,1.43538,1.43538,1.43519,1.43519,709800033.5693359
2011-06-29 02:51:00,1.43518,1.43518,1.43496,1.43502,922300033.5693359
2011-06-29 02:52:00,1.43505,1.43511,1.43496,1.43497,317800006.8664551
2011-06-29 02:53:00,1.43498,1.43511,1.43497,1.43509,388800010.68115234
2011-06-29 02:54:00,1.43506,1.43511,1.43503,1.43509,480499992.37060547
2011-06-29 02:55:00,1.43509,1.43517,1.43509,1.43516,517700004.5776367
2011-06-29 02:56:00,1.43515,1.43515,1.43485,1.43485,540000000.0
2011-06-29 02:57:00,1.43486,1.43492,1.43463,1.43464,609300003.0517578
2011-06-29 02:58:00,1.43464,1.43469,1.43461,1.43464,1188899993.8964844
2011-06-29 02:59:00,1.43464,1.43487,1.43462,1.43479,457000007.62939453
2011-06-29 03:00:00,1.43479,1.43479,1.4347,1.43479,467999992.37060547
2011-06-29 03:01:00,1.4348,1.43481,1.4348,1.43481,106000003.81469727
2011-06-29 03:02:00,1.43481,1.43481,1.43471,1.43471,127700004.57763672
2011-06-29 03:03:00,1.43473,1.43479,1.43471,1.43475,743700027.4658203
2011-06-29 03:04:00,1.43477,1.43479,1.43465,1.43479,710000000.0
2011-06-29 03:05:00,1.43479,1.43487,1.43473,1.43487,501699981.6894531
2011-06-29 03:06:00,1.43488,1.43527,1.43488,1.43524,791900024.4140625
2011-06-29 03:07:00,1.43525,1.43532,1.43515,1.43515,505999984.74121094
2011-06-29 03:08:00,1.43513,1.43524,1.43497,1.43501,833300018.3105469
2011-06-29 03:09:00,1.43501,1.43505,1.43485,1.43495,744000015.2587891
2011-06-29 03:10:00,1.43495,1.43512,1.43495,1.43511,460299987.79296875
2011-06-29 03:11:00,1.4351,1.4351,1.43501,1.43501,369099998.4741211
2011-06-29 03:12:00,1.43499,1.435,1.43489,1.4349,377099990.84472656
2011-06-29 03:13:00,1.43488,1.43499,1.43486,1.43495,269699993.1335449
2011-06-29 03:14:00,1.43495,1.43502,1.43495,1.43497,422099990.84472656
2011-06-29 03:15:00,1.43496,1.43501,1.43491,1.43495,621399993.8964844
2011-06-29 03:16:00,1.43496,1.435,1.43493,1.435,405800018.3105469
2011-06-29 03:17:00,1.43501,1.43501,1.43491,1.435,347599983.21533203
2011-06-29 03:18:00,1.43497,1.43505,1.43491,1.43492,620200004.5776367
2011-06-29 03:19:00,1.43491,1.43507,1.43491,1.43503,601399993.8964844
2011-06-29 03:20:00,1.43503,1.43504,1.43491,1.43492,719700012.2070312
2011-06-29 03:21:00,1.43491,1.43508,1.43491,1.43502,605900001.5258789
2011-06-29 03:22:00,1.43502,1.43515,1.43502,1.43513,436100006.1035156
2011-06-29 03:23:00,1.43513,1.43513,1.43504,1.43505,583499984.7412109
2011-06-29 03:24:00,1.43505,1.43519,1.43505,1.43519,493800010.68115234
2011-06-29 03:25:00,1.43517,1.43521,1.43513,1.43513,472099990.84472656
2011-06-29 03:26:00,1.43513,1.43513,1.43503,1.43507,505699996.9482422
2011-06-29 03:27:00,1.43507,1.43509,1.43504,1.43509,130699996.94824219
2011-06-29 03:28:00,1.43508,1.43521,1.43507,1.43509,562599983.215332
2011-06-29 03:29:00,1.43511,1.43515,1.43511,1.43513,120200004.57763672
2011-06-29 03:30:00,1.43513,1.43518,1.43501,1.43501,532099990.84472656
2011-06-29 03:31:00,1.43503,1.43518,1.43503,1.43514,309699993.1335449
2011-06-29 03:32:00,1.43516,1.43533,1.43512,1.43526,653899993.8964844
2011-06-29 03:33:00,1.43525,1.43525,1.43511,1.43514,260100002.28881836
2011-06-29 03:34:00,1.43515,1.43519,1.43514,1.43516,605999984.7412109
2011-06-29 03:35:00,1.43515,1.43517,1.43515,1.43517,230100002.28881836
2011-06-29 03:36:00,1.43515,1.43515,1.43503,1.43507,405800018.3105469
2011-06-29 03:37:00,1.43507,1.43514,1.43505,1.43514,232299995.42236328
2011-06-29 03:38:00,1.43515,1.43518,1.43515,1.43515,157899999.61853027
2011-06-29 03:39:00,1.43515,1.43532,1.43515,1.43529,495200004.5776367
2011-06-29 03:40:00,1.4353,1.4354,1.43524,1.4353,692300033.5693359
2011-06-29 03:41:00,1.43531,1.43535,1.43526,1.43535,398499984.74121094
2011-06-29 03:42:00,1.43533,1.43535,1.43531,1.43535,235200004.57763672
2011-06-29 03:43:00,1.43534,1.4354,1.43534,1.43534,290200004.5776367
2011-06-29 03:44:00,1.43532,1.43532,1.43521,1.43523,451500015.25878906
2011-06-29 03:45:00,1.43523,1.43523,1.43513,1.43515,380600013.73291016
2011-06-29 03:46:00,1.43516,1.43523,1.43516,1.43521,323100013.73291016
2011-06-29 03:47:00,1.43519,1.43519,1.43504,1.43504,289699993.1335449
2011-06-29 03:48:00,1.43504,1.43504,1.43476,1.43484,835500030.5175781
2011-06-29 03:49:00,1.43482,1.43484,1.43479,1.43484,602200012.2070312
2011-06-29 03:50:00,1.43484,1.43484,1.43477,1.43484,597700004.5776367
2011-06-29 03:51:00,1.43483,1.4349,1.43481,1.4349,477500000.0
2011-06-29 03:52:00,1.4349,1.43509,1.4349,1.43504,395600013.73291016
2011-06-29 03:53:00,1.43504,1.43509,1.43491,1.43491,929400024.4140625
2011-06-29 03:54:00,1.43491,1.43503,1.43491,1.43492,657699966.4306641
2011-06-29 03:55:00,1.43492,1.43501,1.43492,1.43501,180400009.15527344
2011-06-29 03:56:00,1.43501,1.43518,1.43501,1.43518,235100002.28881836
2011-06-29 03:57:00,1.43519,1.43519,1.43516,1.43516,259200000.76293945
2011-06-29 03:58:00,1.43515,1.43517,1.43507,1.43513,461800003.0517578
2011-06-29 03:59:00,1.43513,1.43515,1.43504,1.43506,406500015.25878906
2011-06-29 04:00:00,1.43502,1.43506,1.43495,1.43501,507000007.62939453
2011-06-29 04:01:00,1.435,1.435,1.43491,1.43495,460499992.37060547
2011-06-29 04:02:00,1.43494,1.43499,1.43494,1.43494,375800018.3105469
2011-06-29 04:03:00,1.43494,1.43496,1.43494,1.43496,30099999.90463257
2011-06-29 04:04:00,1.43496,1.43515,1.43496,1.43507,280400009.15527344
2011-06-29 04:05:00,1.43506,1.43511,1.43505,1.43509,259599990.84472656
2011-06-29 04:06:00,1.43508,1.43512,1.43507,1.43507,427000007.62939453
2011-06-29 04:07:00,1.43505,1.43507,1.43505,1.43507,116700000.76293945
2011-06-29 04:08:00,1.43508,1.43508,1.43502,1.43505,370699996.9482422
2011-06-29 04:09:00,1.43505,1.4351,1.43505,1.43508,145000000.0
2011-06-29 04:10:00,1.43507,1.43538,1.43507,1.43535,708199996.9482422
2011-06-29 04:11:00,1.43535,1.4354,1.43528,1.43539,753199996.9482422
2011-06-29 04:12:00,1.43539,1.43541,1.43533,1.43533,407799987.79296875
2011-06-29 04:13:00,1.43532,1.43533,1.43532,1.43533,262900009.15527344
2011-06-29 04:14:00,1.43533,1.43534,1.4353,1.43534,273999996.18530273
2011-06-29 04:15:00,1.43535,1.43535,1.43531,1.43531,247600002.28881836
2011-06-29 04:16:00,1.4353,1.43532,1.43521,1.43531,310300006.8664551
2011-06-29 04:17:00,1.43532,1.43532,1.43531,1.43532,199899997.71118164
2011-06-29 04:18:00,1.43531,1.43531,1.4352,1.43525,342799987.79296875
2011-06-29 04:19:00,1.43525,1.43526,1.43523,1.43526,231900005.34057617
2011-06-29 04:20:00,1.43526,1.43541,1.43523,1.43541,620800018.3105469
2011-06-29 04:21:00,1.43542,1.43547,1.43542,1.43547,382999992.37060547
2011-06-29 04:22:00,1.43548,1.43573,1.43544,1.43573,1046699981.6894531
2011-06-29 04:23:00,1.43573,1.43581,1.43562,1.43565,888700027.4658203
2011-06-29 04:24:00,1.43564,1.43582,1.43563,1.43576,938300018.3105469
2011-06-29 04:25:00,1.43574,1.43576,1.43572,1.43574,234200000.76293945
2011-06-29 04:26:00,1.43575,1.43581,1.43572,1.43581,697799987.7929688
2011-06-29 04:27:00,1.43581,1.43583,1.43578,1.43579,510699996.9482422
2011-06-29 04:28:00,1.43579,1.43591,1.43579,1.4359,326599998.4741211
2011-06-29 04:29:00,1.4359,1.4359,1.43574,1.43581,1071900024.4140625
2011-06-29 04:30:00,1.43584,1.43641,1.43583,1.43628,1516699981.6894531
2011-06-29 04:31:00,1.43628,1.4363,1.43611,1.43612,600400009.1552734
2011-06-29 04:32:00,1.43612,1.43622,1.43612,1.43622,154099998.4741211
2011-06-29 04:33:00,1.43625,1.43663,1.43625,1.4366,948000030.5175781
2011-06-29 04:34:00,1.4366,1.43663,1.43644,1.43655,1705399932.8613281
2011-06-29 04:35:00,1.43656,1.43664,1.43652,1.43654,1245299987.7929688
2011-06-29 04:36:00,1.43654,1.43718,1.43644,1.43712,1971399993.8964844
2011-06-29 04:37:00,1.43711,1.43733,1.43704,1.4372,1928200073.2421875
2011-06-29 04:38:00,1.4372,1.43727,1.43678,1.43708,1808999938.9648438
2011-06-29 04:39:00,1.43705,1.43728,1.43698,1.43707,1622599945.0683594
2011-06-29 04:40:00,1.43708,1.43718,1.43698,1.43706,1867899932.8613281
2011-06-29 04:41:00,1.43706,1.43706,1.43665,1.43676,1513000030.5175781
2011-06-29 04:42:00,1.43672,1.43676,1.43655,1.43667,861100006.1035156
2011-06-29 04:43:00,1.43666,1.43669,1.43661,1.43664,703399963.3789062
2011-06-29 04:44:00,1.43663,1.43671,1.43662,1.43663,548199996.9482422
2011-06-29 04:45:00,1.43666,1.43668,1.43661,1.43663,260699996.9482422
2011-06-29 04:46:00,1.43663,1.43667,1.43661,1.43663,270699996.9482422
2011-06-29 04:47:00,1.43663,1.43716,1.4366,1.43705,957200012.2070312
2011-06-29 04:48:00,1.43704,1.43704,1.43677,1.43688,999499969.4824219
2011-06-29 04:49:00,1.43687,1.43687,1.43674,1.43674,195599994.65942383
2011-06-29 04:50:00,1.43673,1.4368,1.43672,1.43677,502299995.4223633
2011-06-29 04:51:00,1.43677,1.43723,1.43673,1.43723,1150299987.7929688
2011-06-29 04:52:00,1.43725,1.43734,1.43718,1.43734,1210699996.9482422
2011-06-29 04:53:00,1.43734,1.4374,1.43728,1.43736,1197900009.1552734
2011-06-29 04:54:00,1.43736,1.43738,1.43722,1.43733,506300010.68115234
2011-06-29 04:55:00,1.43732,1.43735,1.43705,1.43711,819800033.5693359
2011-06-29 04:56:00,1.43711,1.43723,1.43692,1.43713,982500000.0
2011-06-29 04:57:00,1.43711,1.43714,1.43697,1.43697,1010100021.3623047
2011-06-29 04:58:00,1.437,1.43713,1.43698,1.43713,1136399993.8964844
2011-06-29 04:59:00,1.43712,1.43717,1.43707,1.43711,705800018.3105469
2011-06-29 05:00:00,1.43709,1.43711,1.43693,1.43704,726299972.5341797
2011-06-29 05:01:00,1.43706,1.43727,1.43698,1.4371,1089800033.569336
2011-06-29 05:02:00,1.4371,1.43723,1.4371,1.43721,475000000.0
2011-06-29 05:03:00,1.43722,1.43751,1.43721,1.43722,1364799957.2753906
2011-06-29 05:04:00,1.43727,1.43733,1.4372,1.43729,1013000030.5175781
2011-06-29 05:05:00,1.4373,1.43735,1.43722,1.43725,939199981.6894531
2011-06-29 05:06:00,1.43725,1.43736,1.43724,1.43732,1202099990.8447266
2011-06-29 05:07:00,1.43732,1.43741,1.43732,1.43734,615400009.1552734
2011-06-29 05:08:00,1.43736,1.43738,1.43721,1.43721,636599998.4741211
2011-06-29 05:09:00,1.43721,1.43729,1.437,1.437,713000030.5175781
2011-06-29 05:10:00,1.437,1.437,1.43691,1.43694,808700027.4658203
2011-06-29 05:11:00,1.43694,1.43701,1.4369,1.43698,579900016.784668
2011-06-29 05:12:00,1.437,1.43703,1.43683,1.4369,922900009.1552734
2011-06-29 05:13:00,1.4369,1.43691,1.4368,1.43689,816299972.5341797
2011-06-29 05:14:00,1.43689,1.43691,1.43662,1.43668,1211999969.4824219
2011-06-29 05:15:00,1.43667,1.43684,1.43666,1.4368,594500007.6293945
2011-06-29 05:16:00,1.4368,1.43706,1.4368,1.43706,1040000000.0
2011-06-29 05:17:00,1.43707,1.43721,1.43697,1.43703,1152500000.0
2011-06-29 05:18:00,1.43704,1.43734,1.43704,1.43734,1165400009.1552734
2011-06-29 05:19:00,1.43736,1.43736,1.43708,1.43718,861299972.5341797
2011-06-29 05:20:00,1.4372,1.43733,1.43715,1.43729,1125699996.9482422
2011-06-29 05:21:00,1.43728,1.43728,1.43696,1.43698,865599975.5859375
2011-06-29 05:22:00,1.43696,1.43698,1.43687,1.43693,795500030.5175781
2011-06-29 05:23:00,1.4369,1.43692,1.43668,1.43675,1120000000.0
2011-06-29 05:24:00,1.43672,1.43692,1.43668,1.43687,1569400024.4140625
2011-06-29 05:25:00,1.43689,1.43692,1.43681,1.4369,899000015.2587891
2011-06-29 05:26:00,1.43689,1.43711,1.43685,1.4371,940000000.0
2011-06-29 05:27:00,1.4371,1.43711,1.43701,1.43707,887699966.4306641
2011-06-29 05:28:00,1.43707,1.43711,1.4369,1.43696,717200012.2070312
2011-06-29 05:29:00,1.43693,1.43702,1.43691,1.43701,567400016.784668
2011-06-29 05:30:00,1.43702,1.43702,1.43677,1.43684,874599990.8447266
2011-06-29 05:31:00,1.43689,1.43714,1.43689,1.43714,1351499938.9648438
2011-06-29 05:32:00,1.4372,1.43771,1.4372,1.43754,2100000000.0
2011-06-29 05:33:00,1.43752,1.43752,1.43742,1.43742,681900024.4140625
2011-06-29 05:34:00,1.4374,1.4374,1.43724,1.43733,1556100006.1035156
2011-06-29 05:35:00,1.43733,1.43759,1.43727,1.43759,1770500030.5175781
2011-06-29 05:36:00,1.43759,1.43791,1.43759,1.43791,2499700012.2070312
2011-06-29 05:37:00,1.43793,1.43814,1.43763,1.43772,2111699981.6894531
2011-06-29 05:38:00,1.4377,1.43781,1.43767,1.43776,844499969.4824219
2011-06-29 05:39:00,1.43774,1.43775,1.43755,1.43766,928499984.7412109
2011-06-29 05:40:00,1.43766,1.43784,1.43764,1.43779,826699981.6894531
2011-06-29 05:41:00,1.4378,1.43789,1.43779,1.43779,529599990.84472656
2011-06-29 05:42:00,1.43779,1.43779,1.43755,1.43762,904400024.4140625
2011-06-29 05:43:00,1.43762,1.43801,1.43752,1.43795,2197100067.138672
2011-06-29 05:44:00,1.43791,1.43797,1.43782,1.43788,949499969.4824219
2011-06-29 05:45:00,1.43788,1.43789,1.43772,1.43776,1130899963.3789062
2011-06-29 05:46:00,1.43776,1.43779,1.43766,1.43773,864499969.4824219
2011-06-29 05:47:00,1.43773,1.43785,1.43772,1.43785,640899963.3789062
2011-06-29 05:48:00,1.43785,1.43792,1.43781,1.4379,801500015.2587891
2011-06-29 05:49:00,1.43788,1.43788,1.43773,1.43774,612900009.1552734
2011-06-29 05:50:00,1.43774,1.43779,1.43773,1.43778,369000015.25878906
2011-06-29 05:51:00,1.43782,1.43788,1.43773,1.43773,722200012.2070312
2011-06-29 05:52:00,1.43777,1.43778,1.4375,1.4375,788000030.5175781
2011-06-29 05:53:00,1.43752,1.43752,1.43732,1.43737,709599990.8447266
2011-06-29 05:54:00,1.4374,1.4374,1.43712,1.43717,1113600006.1035156
2011-06-29 05:55:00,1.43716,1.43721,1.43711,1.43711,471199989.31884766
2011-06-29 05:56:00,1.43713,1.4374,1.43713,1.43736,1832599945.0683594
2011-06-29 05:57:00,1.43738,1.43739,1.43716,1.43721,549300003.0517578
2011-06-29 05:58:00,1.43721,1.43729,1.43719,1.43725,693600006.1035156
2011-06-29 05:59:00,1.43724,1.43731,1.43666,1.4367,1745899963.3789062
2011-06-29 06:00:00,1.43672,1.43714,1.43669,1.43708,1937700042.7246094
2011-06-29 06:01:00,1.43705,1.43731,1.43702,1.43727,1580599975.5859375
2011-06-29 06:02:00,1.43727,1.4373,1.43678,1.43678,1791000061.0351562
2011-06-29 06:03:00,1.43677,1.43677,1.43635,1.43642,2117799987.7929688
2011-06-29 06:04:00,1.43642,1.43644,1.43602,1.4362,2513300018.310547
2011-06-29 06:05:00,1.43622,1.4364,1.43622,1.43635,1029599990.8447266
2011-06-29 06:06:00,1.43635,1.43654,1.43633,1.43651,771399993.8964844
2011-06-29 06:07:00,1.43653,1.43672,1.43629,1.4364,2141799926.7578125
2011-06-29 06:08:00,1.43639,1.4364,1.43631,1.4364,1248300018.3105469
2011-06-29 06:09:00,1.43644,1.43674,1.43639,1.43669,1792799987.7929688
2011-06-29 06:10:00,1.43668,1.43709,1.43666,1.437,1334299926.7578125
2011-06-29 06:11:00,1.43701,1.43711,1.43679,1.437,1259599990.8447266
2011-06-29 06:12:00,1.43698,1.4374,1.43696,1.43717,2155599975.5859375
2011-06-29 06:13:00,1.43717,1.4372,1.43682,1.4369,1529100036.6210938
2011-06-29 06:14:00,1.4369,1.4371,1.43689,1.4371,923899993.8964844
2011-06-29 06:15:00,1.43711,1.4377,1.43711,1.43769,1603300018.3105469
2011-06-29 06:16:00,1.43769,1.43778,1.43718,1.43718,2496499938.9648438
2011-06-29 06:17:00,1.43719,1.43734,1.43717,1.43727,2078200073.2421875
2011-06-29 06:18:00,1.43722,1.4373,1.43685,1.43687,1767700042.7246094
2011-06-29 06:19:00,1.43687,1.43704,1.43686,1.43697,1675200042.7246094
2011-06-29 06:20:00,1.43695,1.43722,1.43691,1.43711,1228399963.3789062
2011-06-29 06:21:00,1.43711,1.43711,1.4369,1.43697,1048700027.4658203
2011-06-29 06:22:00,1.43697,1.43734,1.43691,1.43728,1816000061.0351562
2011-06-29 06:23:00,1.43727,1.43757,1.43723,1.43738,2272599945.0683594
2011-06-29 06:24:00,1.4374,1.43761,1.43713,1.43715,2467100067.138672
2011-06-29 06:25:00,1.43715,1.43719,1.43692,1.43718,2161900024.4140625
2011-06-29 06:26:00,1.43718,1.43721,1.43694,1.43694,1899400024.4140625
2011-06-29 06:27:00,1.43691,1.43716,1.43689,1.43702,1558500061.0351562
2011-06-29 06:28:00,1.43702,1.43768,1.43702,1.43767,1399499969.4824219
2011-06-29 06:29:00,1.43765,1.43768,1.4375,1.43754,1427400054.9316406
2011-06-29 06:30:00,1.43754,1.43755,1.43738,1.43744,2302599945.0683594
2011-06-29 06:31:00,1.43739,1.43758,1.43739,1.43743,1128300018.3105469
2011-06-29 06:32:00,1.43743,1.43745,1.4373,1.43742,1156399993.8964844
2011-06-29 06:33:00,1.43743,1.43743,1.43717,1.43719,1082099990.8447266
2011-06-29 06:34:00,1.4372,1.4372,1.43691,1.43699,1403399963.3789062
2011-06-29 06:35:00,1.43699,1.437,1.43688,1.43698,1221900024.4140625
2011-06-29 06:36:00,1.43702,1.43741,1.437,1.43729,1762599945.0683594
2011-06-29 06:37:00,1.43726,1.4374,1.43716,1.43721,1029899978.6376953
2011-06-29 06:38:00,1.43721,1.4374,1.43708,1.43709,1319799957.2753906
2011-06-29 06:39:00,1.43711,1.43731,1.43704,1.43723,1661000061.0351562
2011-06-29 06:40:00,1.43722,1.43722,1.43701,1.43711,1695700073.2421875
2011-06-29 06:41:00,1.43712,1.43727,1.43705,1.43721,1425599975.5859375
2011-06-29 06:42:00,1.43721,1.43825,1.43721,1.43815,3150299987.7929688
2011-06-29 06:43:00,1.43815,1.43829,1.43787,1.43789,3822799987.7929688
2011-06-29 06:44:00,1.43789,1.43844,1.43789,1.43837,3068299865.7226562
2011-06-29 06:45:00,1.43839,1.43839,1.43815,1.43839,2217500000.0
2011-06-29 06:46:00,1.43839,1.43839,1.43811,1.43811,1993899993.8964844
2011-06-29 06:47:00,1.43811,1.43832,1.43793,1.43801,2215299987.7929688
2011-06-29 06:48:00,1.43802,1.4386,1.43799,1.4386,2906700134.2773438
2011-06-29 06:49:00,1.43859,1.43861,1.43836,1.43852,2562500000.0
2011-06-29 06:50:00,1.43854,1.43861,1.43833,1.43834,1616900024.4140625
2011-06-29 06:51:00,1.43833,1.43849,1.43826,1.43826,1422899932.8613281
2011-06-29 06:52:00,1.43827,1.43851,1.43827,1.4385,1335899963.3789062
2011-06-29 06:53:00,1.4385,1.43851,1.43815,1.43839,1403500061.0351562
2011-06-29 06:54:00,1.43839,1.43863,1.43835,1.43855,2212899932.861328
2011-06-29 06:55:00,1.43858,1.43898,1.43849,1.43898,2592900085.4492188
2011-06-29 06:56:00,1.43902,1.43902,1.43869,1.43871,1776100006.1035156
2011-06-29 06:57:00,1.43872,1.43877,1.4386,1.43861,1179100036.6210938
2011-06-29 06:58:00,1.43861,1.43866,1.4386,1.4386,956200027.4658203
2011-06-29 06:59:00,1.4386,1.4386,1.43843,1.43848,1109100036.6210938
2011-06-29 07:00:00,1.43847,1.43903,1.43847,1.43903,1592299957.2753906
2011-06-29 07:01:00,1.43903,1.43935,1.43895,1.43903,2418699951.171875
2011-06-29 07:02:00,1.43901,1.43957,1.439,1.43955,2078600006.1035156
2011-06-29 07:03:00,1.43955,1.43955,1.43912,1.4392,2121600036.6210938
2011-06-29 07:04:00,1.4392,1.43948,1.43912,1.43935,1858699951.171875
2011-06-29 07:05:00,1.43936,1.43969,1.43932,1.43939,2138500061.0351562
2011-06-29 07:06:00,1.43938,1.43956,1.43911,1.43956,3059400024.4140625
2011-06-29 07:07:00,1.43956,1.43996,1.4395,1.43983,4005499877.9296875
2011-06-29 07:08:00,1.43981,1.43982,1.43946,1.43978,2313800048.828125
2011-06-29 07:09:00,1.43981,1.43981,1.43952,1.4397,2028800048.828125
2011-06-29 07:10:00,1.4397,1.44001,1.43964,1.43998,1914700012.2070312
2011-06-29 07:11:00,1.43997,1.43998,1.43957,1.43959,2451100006.1035156
2011-06-29 07:12:00,1.43959,1.43959,1.43929,1.43945,2519199981.689453
2011-06-29 07:13:00,1.43944,1.43968,1.43937,1.43965,2222299957.2753906
2011-06-29 07:14:00,1.43965,1.43965,1.43922,1.43953,2245599975.5859375
2011-06-29 07:15:00,1.43952,1.43952,1.43904,1.43915,1959400024.4140625
2011-06-29 07:16:00,1.43916,1.43927,1.43906,1.43911,1942400054.9316406
2011-06-29 07:17:00,1.43913,1.43931,1.43912,1.4392,1688399963.3789062
2011-06-29 07:18:00,1.4392,1.43923,1.43888,1.43895,1976999969.4824219
2011-06-29 07:19:00,1.43893,1.43905,1.43879,1.43879,1533200073.2421875
2011-06-29 07:20:00,1.43879,1.43888,1.43871,1.43887,1504400024.4140625
2011-06-29 07:21:00,1.43886,1.43946,1.43886,1.43927,2895199890.1367188
2011-06-29 07:22:00,1.43927,1.43927,1.43888,1.43893,1773500061.0351562
2011-06-29 07:23:00,1.43895,1.4396,1.43887,1.43958,2177500000.0
2011-06-29 07:24:00,1.43961,1.43963,1.43934,1.43942,2506900024.4140625
2011-06-29 07:25:00,1.43943,1.43952,1.43908,1.43933,2655899963.3789062
2011-06-29 07:26:00,1.43933,1.43961,1.43915,1.43957,2050399932.8613281
2011-06-29 07:27:00,1.43956,1.43959,1.4394,1.43951,2143600006.1035156
2011-06-29 07:28:00,1.43951,1.43954,1.43932,1.43932,1407899932.8613281
2011-06-29 07:29:00,1.4393,1.4393,1.43901,1.4392,2202500000.0
2011-06-29 07:30:00,1.4392,1.44063,1.4392,1.44063,3771499938.9648438
2011-06-29 07:31:00,1.44062,1.44118,1.44062,1.44111,3788299865.7226562
2011-06-29 07:32:00,1.44111,1.4417,1.44107,1.44111,3488200073.2421875
2011-06-29 07:33:00,1.44111,1.44112,1.44079,1.44082,3012799987.7929688
2011-06-29 07:34:00,1.44082,1.44103,1.44059,1.44095,2656300048.828125
2011-06-29 07:35:00,1.44093,1.44093,1.44074,1.44086,1722100067.1386719
2011-06-29 07:36:00,1.44085,1.44119,1.44084,1.44107,2145800018.3105469
2011-06-29 07:37:00,1.44107,1.44117,1.44084,1.4409,1747299957.2753906
2011-06-29 07:38:00,1.44089,1.44091,1.44042,1.44052,2284400024.4140625
2011-06-29 07:39:00,1.44053,1.44077,1.44027,1.44073,1876000061.0351562
2011-06-29 07:40:00,1.44071,1.44079,1.4406,1.4406,2708800048.828125
2011-06-29 07:41:00,1.44061,1.44061,1.44025,1.44026,1998600006.1035156
2011-06-29 07:42:00,1.44024,1.44031,1.43969,1.43972,2895499877.9296875
2011-06-29 07:43:00,1.43979,1.43984,1.43914,1.43942,2948599853.515625
2011-06-29 07:44:00,1.43942,1.43958,1.43895,1.43895,2346600036.6210938
2011-06-29 07:45:00,1.43899,1.43928,1.43889,1.43922,2346100006.1035156
2011-06-29 07:46:00,1.43924,1.4397,1.43924,1.43963,2593099975.5859375
2011-06-29 07:47:00,1.43963,1.43975,1.43913,1.4392,2564400024.4140625
2011-06-29 07:48:00,1.43922,1.43969,1.43922,1.43935,2871600036.6210938
2011-06-29 07:49:00,1.43934,1.43941,1.43923,1.43936,2009799957.2753906
2011-06-29 07:50:00,1.43937,1.43961,1.43921,1.4393,4044200134.2773438
2011-06-29 07:51:00,1.43929,1.43941,1.43911,1.43918,2134799957.2753906
2011-06-29 07:52:00,1.43911,1.43935,1.43904,1.43925,2311000061.0351562
2011-06-29 07:53:00,1.43926,1.43938,1.43872,1.43874,2092100067.1386719
2011-06-29 07:54:00,1.43874,1.43877,1.43837,1.43839,2119400024.4140625
2011-06-29 07:55:00,1.43839,1.43951,1.43839,1.43949,2543000030.517578
2011-06-29 07:56:00,1.43947,1.43947,1.43911,1.43923,2225899963.3789062
2011-06-29 07:57:00,1.43921,1.43949,1.43914,1.43946,2327200012.2070312
2011-06-29 07:58:00,1.43947,1.44008,1.43947,1.43979,3612000122.0703125
2011-06-29 07:59:00,1.43979,1.43984,1.43944,1.43947,2748900146.484375
2011-06-29 08:00:00,1.43944,1.43946,1.43888,1.43898,3017900085.4492188
2011-06-29 08:01:00,1.43905,1.43985,1.439,1.43964,3378099975.5859375
2011-06-29 08:02:00,1.43964,1.4402,1.43944,1.4402,3526600036.6210938
2011-06-29 08:03:00,1.44022,1.44058,1.44005,1.4404,2015899963.3789062
2011-06-29 08:04:00,1.4404,1.44072,1.44036,1.44036,1831100006.1035156
2011-06-29 08:05:00,1.44036,1.44036,1.43968,1.43985,2374199981.689453
2011-06-29 08:06:00,1.43983,1.43984,1.43945,1.43981,2197400054.9316406
2011-06-29 08:07:00,1.4398,1.44003,1.43974,1.44002,1452100067.1386719
2011-06-29 08:08:00,1.44003,1.44003,1.439,1.43907,2082299957.2753906
2011-06-29 08:09:00,1.43903,1.43973,1.439,1.43973,1974700012.2070312
2011-06-29 08:10:00,1.43972,1.43996,1.43968,1.43981,1905800018.3105469
2011-06-29 08:11:00,1.43982,1.43997,1.43976,1.43989,1887899932.8613281
2011-06-29 08:12:00,1.43989,1.43991,1.43975,1.43987,1828600006.1035156
2011-06-29 08:13:00,1.43986,1.44051,1.43977,1.44051,1884299926.7578125
2011-06-29 08:14:00,1.44053,1.44065,1.4403,1.44065,1915399932.8613281
2011-06-29 08:15:00,1.44065,1.44075,1.44018,1.44025,3250000000.0
2011-06-29 08:16:00,1.44027,1.44072,1.44022,1.44056,2622500000.0
2011-06-29 08:17:00,1.44055,1.44077,1.44052,1.44076,2123999938.9648438
2011-06-29 08:18:00,1.44076,1.44076,1.44028,1.44035,2020700073.2421875
2011-06-29 08:19:00,1.44035,1.44041,1.44033,1.44035,726800003.0517578
2011-06-29 08:20:00,1.44035,1.44128,1.44035,1.44115,2420200042.7246094
2011-06-29 08:21:00,1.44113,1.44143,1.4411,1.44114,2402200012.2070312
2011-06-29 08:22:00,1.44113,1.44122,1.44094,1.44114,2039700012.2070312
2011-06-29 08:23:00,1.44114,1.44114,1.44072,1.44072,1803699951.171875
2011-06-29 08:24:00,1.4407,1.44104,1.44064,1.44094,1783800048.828125
2011-06-29 08:25:00,1.44092,1.44139,1.44088,1.44114,2752600097.65625
2011-06-29 08:26:00,1.44114,1.44131,1.44092,1.44127,3033599853.515625
2011-06-29 08:27:00,1.44127,1.44129,1.44099,1.44101,1531699981.6894531
2011-06-29 08:28:00,1.44101,1.44113,1.44093,1.44097,1460899963.3789062
2011-06-29 08:29:00,1.44093,1.44099,1.44073,1.44097,2061699981.6894531
2011-06-29 08:30:00,1.44097,1.44105,1.44023,1.44027,2029100036.6210938
2011-06-29 08:31:00,1.44027,1.44061,1.44025,1.44058,1648699951.171875
2011-06-29 08:32:00,1.44055,1.44055,1.44009,1.44011,1255400009.1552734
2011-06-29 08:33:00,1.44011,1.44051,1.44011,1.44049,1967100067.1386719
2011-06-29 08:34:00,1.44049,1.4405,1.43938,1.43939,2635199890.1367188
2011-06-29 08:35:00,1.43939,1.43941,1.43908,1.43917,3034200134.2773438
2011-06-29 08:36:00,1.43917,1.43923,1.43893,1.43906,2343099975.5859375
2011-06-29 08:37:00,1.43905,1.43957,1.43895,1.43957,2197700042.7246094
2011-06-29 08:38:00,1.43957,1.43982,1.43942,1.43942,1312400054.9316406
2011-06-29 08:39:00,1.43941,1.43944,1.43927,1.43927,1733000030.5175781
2011-06-29 08:40:00,1.43925,1.43925,1.439,1.43919,2624899902.34375
2011-06-29 08:41:00,1.43919,1.43934,1.43918,1.43923,2156399993.8964844
2011-06-29 08:42:00,1.43923,1.43927,1.43858,1.43858,3169299926.7578125
2011-06-29 08:43:00,1.4386,1.43879,1.43858,1.43878,2212200012.2070312
2011-06-29 08:44:00,1.43879,1.439,1.43879,1.43898,1781799926.7578125
2011-06-29 08:45:00,1.43898,1.43942,1.43898,1.43942,2041300048.828125
2011-06-29 08:46:00,1.43941,1.4398,1.43934,1.43978,2411300048.828125
2011-06-29 08:47:00,1.43977,1.43991,1.43959,1.43965,2528500061.0351562
2011-06-29 08:48:00,1.43966,1.4397,1.43932,1.43949,1373000030.5175781
2011-06-29 08:49:00,1.43949,1.43953,1.4393,1.43951,2210800018.310547
2011-06-29 08:50:00,1.43952,1.43952,1.43931,1.43931,1260699996.9482422
2011-06-29 08:51:00,1.43931,1.43932,1.43912,1.43924,1565099945.0683594
2011-06-29 08:52:00,1.43923,1.43928,1.43846,1.43856,2255399932.861328
2011-06-29 08:53:00,1.43853,1.43853,1.43819,1.43847,1831399993.8964844
2011-06-29 08:54:00,1.43845,1.43845,1.438,1.43811,2303000030.517578
2011-06-29 08:55:00,1.43811,1.43837,1.43811,1.43835,1989299926.7578125
2011-06-29 08:56:00,1.43835,1.43843,1.43809,1.43823,1416900024.4140625
2011-06-29 08:57:00,1.43823,1.43824,1.4378,1.43809,1988699951.171875
2011-06-29 08:58:00,1.43808,1.43841,1.43794,1.43837,1984600067.1386719
2011-06-29 08:59:00,1.43837,1.4384,1.43801,1.43801,1891399993.8964844
2011-06-29 09:00:00,1.43801,1.43819,1.43801,1.43808,1776100006.1035156
2011-06-29 09:01:00,1.43809,1.43838,1.43809,1.43832,2370599975.5859375
2011-06-29 09:02:00,1.43831,1.43884,1.43831,1.43847,3393299865.7226562
2011-06-29 09:03:00,1.43848,1.43905,1.43838,1.43903,3935299987.7929688
2011-06-29 09:04:00,1.43905,1.43931,1.43887,1.43903,3657399902.34375
2011-06-29 09:05:00,1.43903,1.43904,1.4384,1.43859,2995000000.0
2011-06-29 09:06:00,1.4386,1.43893,1.43849,1.4388,1962400054.9316406
2011-06-29 09:07:00,1.4388,1.4388,1.4384,1.43863,2233200073.2421875
2011-06-29 09:08:00,1.43863,1.43865,1.43825,1.43843,2318999938.9648438
2011-06-29 09:09:00,1.43843,1.43849,1.43831,1.43834,2087700042.7246094
2011-06-29 09:10:00,1.43834,1.43879,1.43834,1.43851,2040500030.5175781
2011-06-29 09:11:00,1.43851,1.43862,1.43845,1.43856,1582200012.2070312
2011-06-29 09:12:00,1.43855,1.43881,1.43851,1.43874,1679799957.2753906
2011-06-29 09:13:00,1.43874,1.43894,1.4383,1.43831,2515899963.3789062
2011-06-29 09:14:00,1.43831,1.43852,1.43831,1.43844,1652700042.7246094
2011-06-29 09:15:00,1.43844,1.43844,1.4381,1.43835,1354199981.6894531
2011-06-29 09:16:00,1.43836,1.43857,1.43828,1.43851,1477299957.2753906
2011-06-29 09:17:00,1.43852,1.43922,1.43842,1.43922,2558600006.1035156
2011-06-29 09:18:00,1.43923,1.43925,1.43905,1.4391,1860200042.7246094
2011-06-29 09:19:00,1.43907,1.43907,1.43864,1.43864,3087300109.8632812
2011-06-29 09:20:00,1.43863,1.43921,1.43863,1.43921,2357299957.2753906
2011-06-29 09:21:00,1.43922,1.43939,1.4391,1.4391,2504199981.689453
2011-06-29 09:22:00,1.4391,1.4391,1.43875,1.43892,1908600006.1035156
2011-06-29 09:23:00,1.43892,1.43938,1.43892,1.43938,2517100067.138672
2011-06-29 09:24:00,1.43939,1.43939,1.43912,1.43925,1882599945.0683594
2011-06-29 09:25:00,1.43926,1.43927,1.43913,1.43917,1812899932.8613281
2011-06-29 09:26:00,1.43919,1.43919,1.43896,1.43898,1582599945.0683594
2011-06-29 09:27:00,1.43899,1.43899,1.43872,1.43879,1265400009.1552734
2011-06-29 09:28:00,1.4388,1.4388,1.43837,1.4384,1542700042.7246094
2011-06-29 09:29:00,1.43843,1.43897,1.43839,1.43897,2017599945.0683594
2011-06-29 09:30:00,1.43895,1.43899,1.43833,1.43847,2008200073.2421875
2011-06-29 09:31:00,1.43849,1.43875,1.43836,1.43836,2180200042.7246094
2011-06-29 09:32:00,1.43835,1.43858,1.43829,1.43829,2082299957.2753906
2011-06-29 09:33:00,1.4383,1.43869,1.4383,1.43857,2475299987.7929688
2011-06-29 09:34:00,1.43855,1.43857,1.43815,1.43818,2519199981.689453
2011-06-29 09:35:00,1.43819,1.43825,1.43791,1.43806,2605199890.1367188
2011-06-29 09:36:00,1.43805,1.43805,1.43787,1.438,1785099945.0683594
2011-06-29 09:37:00,1.43806,1.43825,1.43798,1.43821,1468399963.3789062
2011-06-29 09:38:00,1.43822,1.43824,1.438,1.43801,1521300048.828125
2011-06-29 09:39:00,1.43801,1.4386,1.43801,1.4386,2180800018.310547
2011-06-29 09:40:00,1.43862,1.43894,1.43861,1.43871,2478200073.2421875
2011-06-29 09:41:00,1.43872,1.4388,1.43871,1.43877,1240899963.3789062
2011-06-29 09:42:00,1.43879,1.43911,1.43871,1.43882,1898899993.8964844
2011-06-29 09:43:00,1.43882,1.43891,1.43867,1.43877,1199199981.6894531
2011-06-29 09:44:00,1.43877,1.43877,1.43826,1.43833,1359799957.2753906
2011-06-29 09:45:00,1.43832,1.43903,1.43831,1.43901,2084700012.2070312
2011-06-29 09:46:00,1.439,1.439,1.4386,1.4386,2388699951.171875
2011-06-29 09:47:00,1.43858,1.43888,1.43849,1.43888,1691999969.4824219
2011-06-29 09:48:00,1.4389,1.43917,1.4389,1.43914,1634600067.1386719
2011-06-29 09:49:00,1.43922,1.43993,1.43921,1.43946,3903399963.3789062
2011-06-29 09:50:00,1.43948,1.43988,1.43948,1.43982,1709199981.6894531
2011-06-29 09:51:00,1.43982,1.44039,1.43982,1.44,3379100036.6210938
2011-06-29 09:52:00,1.44,1.4402,1.43995,1.4402,2396999969.482422
2011-06-29 09:53:00,1.44021,1.44021,1.43992,1.44006,1413699951.171875
2011-06-29 09:54:00,1.44005,1.44029,1.44004,1.44029,1897700042.7246094
2011-06-29 09:55:00,1.4403,1.44087,1.4403,1.44087,2867500000.0
2011-06-29 09:56:00,1.44088,1.44106,1.44039,1.44039,3261499938.9648438
2011-06-29 09:57:00,1.44043,1.44046,1.44019,1.44027,1714900054.9316406
2011-06-29 09:58:00,1.4403,1.44051,1.44028,1.44035,1352299957.2753906
2011-06-29 09:59:00,1.44035,1.44066,1.44033,1.44059,2071799926.7578125
2011-06-29 10:00:00,1.44057,1.44097,1.44029,1.44095,2358399963.3789062
2011-06-29 10:01:00,1.44096,1.4414,1.44094,1.44109,2905499877.9296875
2011-06-29 10:02:00,1.44106,1.44106,1.44071,1.44083,2011900024.4140625
2011-06-29 10:03:00,1.44083,1.44144,1.44083,1.4412,2686700134.2773438
2011-06-29 10:04:00,1.4412,1.44129,1.44101,1.44111,2269400024.4140625
2011-06-29 10:05:00,1.44112,1.44132,1.44112,1.4413,2766499938.9648438
2011-06-29 10:06:00,1.44125,1.44155,1.44114,1.44154,2812600097.65625
2011-06-29 10:07:00,1.44155,1.44171,1.44124,1.44171,2158800048.828125
2011-06-29 10:08:00,1.44175,1.44179,1.44122,1.44128,2745400085.4492188
2011-06-29 10:09:00,1.44127,1.44133,1.44099,1.4412,2135000000.0
2011-06-29 10:10:00,1.44121,1.44143,1.44113,1.44127,1878399963.3789062
2011-06-29 10:11:00,1.44128,1.44134,1.44066,1.44081,2241999969.482422
2011-06-29 10:12:00,1.44081,1.44091,1.4407,1.44071,1458099975.5859375
2011-06-29 10:13:00,1.44071,1.4409,1.44071,1.44087,1246600036.6210938
2011-06-29 10:14:00,1.44087,1.44101,1.44078,1.44078,1135800018.3105469
2011-06-29 10:15:00,1.44071,1.44072,1.44041,1.44051,1807599945.0683594
2011-06-29 10:16:00,1.4405,1.44051,1.44022,1.4403,1422100067.1386719
2011-06-29 10:17:00,1.44031,1.44053,1.44031,1.44043,2045099945.0683594
2011-06-29 10:18:00,1.44043,1.4407,1.44042,1.44063,1613600006.1035156
2011-06-29 10:19:00,1.44062,1.44069,1.44053,1.44068,1815200042.7246094
2011-06-29 10:20:00,1.44068,1.44074,1.44056,1.44067,1528200073.2421875
2011-06-29 10:21:00,1.44065,1.44065,1.44024,1.44029,1874799957.2753906
2011-06-29 10:22:00,1.4403,1.44062,1.4403,1.44039,2180299987.7929688
2011-06-29 10:23:00,1.44034,1.44052,1.44026,1.44026,1328800048.828125
2011-06-29 10:24:00,1.44025,1.44027,1.44019,1.44021,1153700027.4658203
2011-06-29 10:25:00,1.44021,1.44022,1.43976,1.43987,1966799926.7578125
2011-06-29 10:26:00,1.43986,1.44,1.43981,1.43993,1692700042.7246094
2011-06-29 10:27:00,1.43992,1.44011,1.43983,1.43988,1730599975.5859375
2011-06-29 10:28:00,1.43988,1.44019,1.43986,1.44017,1940099945.0683594
2011-06-29 10:29:00,1.44018,1.4403,1.43995,1.43996,1460399932.8613281
2011-06-29 10:30:00,1.43996,1.44001,1.43982,1.43983,1622599945.0683594
2011-06-29 10:31:00,1.43983,1.44021,1.43981,1.44013,1249300003.0517578
2011-06-29 10:32:00,1.44011,1.44033,1.44011,1.44017,1785099945.0683594
2011-06-29 10:33:00,1.44019,1.44033,1.44019,1.44021,1038300018.3105469
2011-06-29 10:34:00,1.44022,1.44024,1.43991,1.44003,1112900009.1552734
2011-06-29 10:35:00,1.44003,1.44012,1.43994,1.44003,1305099945.0683594
2011-06-29 10:36:00,1.44004,1.44017,1.44004,1.44013,1332700042.7246094
2011-06-29 10:37:00,1.44009,1.44016,1.43997,1.44006,1784400024.4140625
2011-06-29 10:38:00,1.44006,1.44029,1.44006,1.44021,1252099990.8447266
2011-06-29 10:39:00,1.44019,1.44049,1.4401,1.44041,2069799957.2753906
2011-06-29 10:40:00,1.4404,1.44083,1.44039,1.44072,3366700134.2773438
2011-06-29 10:41:00,1.44072,1.44194,1.44062,1.44193,3862000122.0703125
2011-06-29 10:42:00,1.44193,1.44259,1.44189,1.44241,4934400024.4140625
2011-06-29 10:43:00,1.44241,1.44252,1.4417,1.44174,3852699890.1367188
2011-06-29 10:44:00,1.44179,1.44198,1.44139,1.44152,3184700012.2070312
2011-06-29 10:45:00,1.44152,1.44224,1.44144,1.44217,3133699951.171875
2011-06-29 10:46:00,1.44217,1.44229,1.44191,1.44218,3204899902.34375
2011-06-29 10:47:00,1.44215,1.44215,1.44171,1.4418,2865899963.3789062
2011-06-29 10:48:00,1.44179,1.44238,1.44171,1.44206,2409700012.2070312
2011-06-29 10:49:00,1.44206,1.44218,1.44157,1.44207,2543300018.310547
2011-06-29 10:50:00,1.4421,1.4424,1.44184,1.4424,2799500122.0703125
2011-06-29 10:51:00,1.44243,1.4427,1.44219,1.44235,2178099975.5859375
2011-06-29 10:52:00,1.44235,1.44235,1.44207,1.44223,2675400085.4492188
2011-06-29 10:53:00,1.44221,1.44247,1.44212,1.44243,2463999938.9648438
2011-06-29 10:54:00,1.44243,1.44371,1.44241,1.44351,4429200134.277344
2011-06-29 10:55:00,1.44352,1.44389,1.44331,1.44342,4137999877.9296875
2011-06-29 10:56:00,1.44344,1.44347,1.44262,1.44277,3688999938.9648438
2011-06-29 10:57:00,1.44275,1.44311,1.44271,1.44308,2801600036.6210938
2011-06-29 10:58:00,1.44308,1.44339,1.44304,1.44319,2415200042.7246094
2011-06-29 10:59:00,1.44319,1.44325,1.44283,1.44284,1916399993.8964844
2011-06-29 11:00:00,1.44284,1.44431,1.44284,1.44429,4201600036.6210938
2011-06-29 11:01:00,1.44429,1.44429,1.4439,1.4439,3212600097.65625
2011-06-29 11:02:00,1.44391,1.44391,1.44337,1.44344,3262500000.0
2011-06-29 11:03:00,1.44343,1.4441,1.44343,1.44376,2893999938.9648438
2011-06-29 11:04:00,1.44376,1.44397,1.44369,1.44391,2163899993.8964844
2011-06-29 11:05:00,1.44392,1.44401,1.44326,1.44334,3206900024.4140625
2011-06-29 11:06:00,1.44337,1.44382,1.44333,1.4438,2552799987.7929688
2011-06-29 11:07:00,1.44384,1.44477,1.44379,1.44457,4212500000.0
2011-06-29 11:08:00,1.44455,1.44455,1.44426,1.44436,2564599914.5507812
2011-06-29 11:09:00,1.44436,1.44455,1.44404,1.44404,3488699951.171875
2011-06-29 11:10:00,1.44402,1.44412,1.4436,1.44375,3140400085.4492188
2011-06-29 11:11:00,1.44375,1.44375,1.44319,1.44337,2765000000.0
2011-06-29 11:12:00,1.44335,1.44367,1.44327,1.44333,2309900054.9316406
2011-06-29 11:13:00,1.44332,1.44332,1.44293,1.44307,2581700134.2773438
2011-06-29 11:14:00,1.44306,1.44314,1.44284,1.44301,2755799865.7226562
2011-06-29 11:15:00,1.44301,1.44311,1.44263,1.44274,2697999877.9296875
2011-06-29 11:16:00,1.44271,1.44271,1.44226,1.4426,2192299957.2753906
2011-06-29 11:17:00,1.4426,1.44261,1.44232,1.44235,1591699981.6894531
2011-06-29 11:18:00,1.44236,1.44303,1.44236,1.44303,1794700012.2070312
2011-06-29 11:19:00,1.44302,1.44326,1.44286,1.44296,3823399963.3789062
2011-06-29 11:20:00,1.44293,1.44311,1.44291,1.44307,2412299957.2753906
2011-06-29 11:21:00,1.44306,1.44329,1.44284,1.44321,3149100036.6210938
2011-06-29 11:22:00,1.44321,1.44364,1.44319,1.44346,2401199951.171875
2011-06-29 11:23:00,1.44346,1.44435,1.44346,1.44423,2796700134.2773438
2011-06-29 11:24:00,1.4442,1.4442,1.44341,1.44356,2779299926.7578125
2011-06-29 11:25:00,1.44356,1.44363,1.44318,1.44363,2103999938.9648438
2011-06-29 11:26:00,1.44363,1.44377,1.44332,1.44335,2267299957.2753906
2011-06-29 11:27:00,1.44337,1.44375,1.44337,1.4434,2109799957.2753906
2011-06-29 11:28:00,1.44348,1.44413,1.44348,1.44407,2293200073.2421875
2011-06-29 11:29:00,1.44403,1.44433,1.44386,1.44386,3850799865.7226562
2011-06-29 11:30:00,1.44388,1.44454,1.44387,1.44445,4193399963.3789062
2011-06-29 11:31:00,1.44443,1.44443,1.44352,1.44359,2677600097.65625
2011-06-29 11:32:00,1.44359,1.44359,1.44292,1.44311,2844100036.6210938
2011-06-29 11:33:00,1.44312,1.44332,1.44299,1.44325,2012200012.2070312
2011-06-29 11:34:00,1.44322,1.44322,1.44291,1.44294,2678900146.484375
2011-06-29 11:35:00,1.44297,1.44306,1.4428,1.44293,2771900024.4140625
2011-06-29 11:36:00,1.44295,1.44307,1.44272,1.44297,2432899932.861328
2011-06-29 11:37:00,1.44297,1.44299,1.44261,1.44265,1523000030.5175781
2011-06-29 11:38:00,1.44266,1.44288,1.44255,1.44286,1906399993.8964844
2011-06-29 11:39:00,1.44285,1.44285,1.44243,1.44268,2148999938.9648438
2011-06-29 11:40:00,1.44266,1.44277,1.44235,1.44236,2086399993.8964844
2011-06-29 11:41:00,1.44236,1.44251,1.44236,1.44248,1995099945.0683594
2011-06-29 11:42:00,1.44248,1.44277,1.44229,1.44246,2540399932.861328
2011-06-29 11:43:00,1.44246,1.44257,1.4423,1.44236,2085599975.5859375
2011-06-29 11:44:00,1.44235,1.44235,1.44191,1.44203,2013899993.8964844
2011-06-29 11:45:00,1.44205,1.44256,1.44205,1.44253,2124900054.9316406
2011-06-29 11:46:00,1.44252,1.4426,1.44235,1.4426,2599200134.2773438
2011-06-29 11:47:00,1.4426,1.4428,1.44247,1.44247,2258300018.310547
2011-06-29 11:48:00,1.44244,1.44247,1.44214,1.44238,2597399902.34375
2011-06-29 11:49:00,1.44236,1.44246,1.44225,1.44245,1566900024.4140625
2011-06-29 11:50:00,1.44242,1.44242,1.44217,1.44229,1107200012.2070312
2011-06-29 11:51:00,1.44231,1.44247,1.44196,1.44247,2719899902.34375
2011-06-29 11:52:00,1.44248,1.44257,1.4421,1.44218,2464199981.689453
2011-06-29 11:53:00,1.44217,1.44247,1.44217,1.44229,2298699951.171875
2011-06-29 11:54:00,1.44228,1.44235,1.44214,1.4422,2807399902.34375
2011-06-29 11:55:00,1.44219,1.44219,1.44175,1.44175,1726499938.9648438
2011-06-29 11:56:00,1.44175,1.44191,1.44162,1.44183,1366600036.6210938
2011-06-29 11:57:00,1.44182,1.44182,1.44123,1.44127,1934600067.1386719
2011-06-29 11:58:00,1.44124,1.44125,1.44085,1.44108,2786199951.171875
2011-06-29 11:59:00,1.44107,1.44133,1.44097,1.44114,2769200134.2773438
2011-06-29 12:00:00,1.44112,1.44138,1.44111,1.44127,1791199951.171875
2011-06-29 12:01:00,1.44126,1.4414,1.44119,1.44135,1968000030.5175781
2011-06-29 12:02:00,1.44135,1.44192,1.44134,1.44191,1743899993.8964844
2011-06-29 12:03:00,1.44189,1.44218,1.44176,1.44218,1862500000.0
2011-06-29 12:04:00,1.44219,1.4423,1.44193,1.44213,2293999938.9648438
2011-06-29 12:05:00,1.44211,1.44225,1.44202,1.44208,1723200073.2421875
2011-06-29 12:06:00,1.44208,1.44213,1.4419,1.44202,1575800018.3105469
2011-06-29 12:07:00,1.44207,1.44207,1.44185,1.44185,1902799987.7929688
2011-06-29 12:08:00,1.44185,1.44185,1.44153,1.44157,1702799987.7929688
2011-06-29 12:09:00,1.44155,1.44199,1.44151,1.44188,2200200042.7246094
2011-06-29 12:10:00,1.44189,1.44229,1.44178,1.44223,2210399932.861328
2011-06-29 12:11:00,1.44223,1.44223,1.44206,1.44209,1548000030.5175781
2011-06-29 12:12:00,1.44209,1.44255,1.44206,1.44227,2486499938.9648438
2011-06-29 12:13:00,1.44228,1.44262,1.44227,1.44261,1326499938.9648438
2011-06-29 12:14:00,1.44261,1.44277,1.44239,1.44252,2655199890.1367188
2011-06-29 12:15:00,1.44253,1.44266,1.44232,1.44249,2080399932.8613281
2011-06-29 12:16:00,1.44247,1.44247,1.44203,1.44229,2247100067.138672
2011-06-29 12:17:00,1.44226,1.44254,1.44225,1.44241,1188899993.8964844
2011-06-29 12:18:00,1.44239,1.44246,1.44221,1.44223,1742400054.9316406
2011-06-29 12:19:00,1.44223,1.44225,1.44208,1.44215,1043199996.9482422
2011-06-29 12:20:00,1.44213,1.44238,1.44195,1.44207,2261199951.171875
2011-06-29 12:21:00,1.44207,1.44228,1.44195,1.44222,2139400024.4140625
2011-06-29 12:22:00,1.44222,1.44236,1.44211,1.44211,1856799926.7578125
2011-06-29 12:23:00,1.4421,1.44218,1.44189,1.44196,1783099975.5859375
2011-06-29 12:24:00,1.44199,1.44247,1.44196,1.44232,2420299987.7929688
2011-06-29 12:25:00,1.44231,1.44241,1.44228,1.44238,1941000061.0351562
2011-06-29 12:26:00,1.44233,1.44236,1.44214,1.44232,1435500030.5175781
2011-06-29 12:27:00,1.44232,1.44235,1.44221,1.44235,996999969.4824219
2011-06-29 12:28:00,1.44235,1.44239,1.44211,1.44216,1389900054.9316406
2011-06-29 12:29:00,1.44216,1.44216,1.44186,1.44186,2106799926.7578125
2011-06-29 12:30:00,1.44185,1.44201,1.4416,1.4419,2375000000.0
2011-06-29 12:31:00,1.4419,1.44205,1.44165,1.44198,2809800109.8632812
2011-06-29 12:32:00,1.44197,1.44237,1.44197,1.44225,2676799926.7578125
2011-06-29 12:33:00,1.44225,1.44234,1.44185,1.44188,1995000000.0
2011-06-29 12:34:00,1.44187,1.44227,1.44187,1.44218,1887700042.7246094
2011-06-29 12:35:00,1.44218,1.44218,1.4418,1.44193,2200899963.3789062
2011-06-29 12:36:00,1.44193,1.44207,1.44185,1.44185,1756600036.6210938
2011-06-29 12:37:00,1.44185,1.44237,1.44175,1.44227,1732599945.0683594
2011-06-29 12:38:00,1.44229,1.44243,1.44213,1.44224,1809199981.6894531
2011-06-29 12:39:00,1.44221,1.44246,1.44212,1.4422,2445899963.3789062
2011-06-29 12:40:00,1.4422,1.44239,1.44209,1.4422,2309600067.138672
2011-06-29 12:41:00,1.4422,1.4422,1.44199,1.44204,1902599945.0683594
2011-06-29 12:42:00,1.44203,1.44203,1.44133,1.44144,2151900024.4140625
2011-06-29 12:43:00,1.44141,1.44158,1.44126,1.44133,2384299926.7578125
2011-06-29 12:44:00,1.44136,1.44186,1.44136,1.44179,2075099945.0683594
2011-06-29 12:45:00,1.4418,1.44186,1.44074,1.44074,2548699951.171875
2011-06-29 12:46:00,1.44079,1.44079,1.43806,1.43836,5506599731.4453125
2011-06-29 12:47:00,1.43833,1.4387,1.43769,1.4377,4606499938.964844
2011-06-29 12:48:00,1.43765,1.43956,1.4376,1.43917,4301499938.964844
2011-06-29 12:49:00,1.43917,1.43949,1.43902,1.43917,3592300109.8632812
2011-06-29 12:50:00,1.43919,1.43934,1.43851,1.43868,3634500122.0703125
2011-06-29 12:51:00,1.43869,1.44014,1.43857,1.44014,3796600036.6210938
2011-06-29 12:52:00,1.44014,1.44126,1.43997,1.44126,3541600036.6210938
2011-06-29 12:53:00,1.44125,1.44126,1.44033,1.44076,3189599914.5507812
2011-06-29 12:54:00,1.4408,1.44135,1.44078,1.44111,3201900024.4140625
2011-06-29 12:55:00,1.44114,1.44228,1.44114,1.44212,4271499938.9648438
2011-06-29 12:56:00,1.44215,1.44412,1.44215,1.44396,4992200012.207031
2011-06-29 12:57:00,1.44395,1.44396,1.44223,1.44241,4041499938.9648438
2011-06-29 12:58:00,1.44249,1.44299,1.44212,1.44224,3310700073.2421875
2011-06-29 12:59:00,1.44225,1.44259,1.44139,1.44139,3553599853.515625
2011-06-29 13:00:00,1.44137,1.44175,1.44105,1.4416,4382099914.550781
2011-06-29 13:01:00,1.44161,1.442,1.44161,1.44194,3644599914.5507812
2011-06-29 13:02:00,1.44193,1.44289,1.44188,1.44251,3617399902.34375
2011-06-29 13:03:00,1.44251,1.44296,1.44206,1.44264,3848200073.2421875
2011-06-29 13:04:00,1.44264,1.44326,1.44246,1.44305,3901700134.2773438
2011-06-29 13:05:00,1.44302,1.44302,1.44108,1.44108,5618499755.859375
2011-06-29 13:06:00,1.44105,1.44105,1.43947,1.43981,4837900085.449219
2011-06-29 13:07:00,1.43979,1.4405,1.4392,1.4392,3975100097.65625
2011-06-29 13:08:00,1.43917,1.43949,1.43868,1.43947,3244200134.2773438
2011-06-29 13:09:00,1.43949,1.44124,1.43945,1.44096,3889800109.8632812
2011-06-29 13:10:00,1.44094,1.44107,1.44061,1.44093,4220199890.1367188
2011-06-29 13:11:00,1.44095,1.44158,1.44037,1.44037,3638900146.484375
2011-06-29 13:12:00,1.44035,1.44035,1.43981,1.44023,3195899963.3789062
2011-06-29 13:13:00,1.44025,1.44025,1.43917,1.43937,3170700073.2421875
2011-06-29 13:14:00,1.43936,1.43936,1.43825,1.43863,4013900146.484375
2011-06-29 13:15:00,1.4386,1.43901,1.4386,1.4389,3607999877.9296875
2011-06-29 13:16:00,1.4389,1.43908,1.438,1.4381,3644800109.8632812
2011-06-29 13:17:00,1.4381,1.43925,1.43804,1.43896,3179599914.5507812
2011-06-29 13:18:00,1.43898,1.43921,1.4379,1.43829,3940499877.9296875
2011-06-29 13:19:00,1.43826,1.43939,1.43823,1.43935,4205199890.1367188
2011-06-29 13:20:00,1.43938,1.44042,1.43922,1.43971,3742000122.0703125
2011-06-29 13:21:00,1.43972,1.4409,1.43962,1.44089,3462200012.2070312
2011-06-29 13:22:00,1.4409,1.4411,1.43993,1.43993,4447000122.0703125
2011-06-29 13:23:00,1.43993,1.43993,1.43928,1.43952,3896700134.2773438
2011-06-29 13:24:00,1.43954,1.43981,1.43941,1.43963,3729700012.2070312
2011-06-29 13:25:00,1.43962,1.43962,1.43862,1.43881,3684700012.2070312
2011-06-29 13:26:00,1.4388,1.4388,1.43773,1.43808,4298999938.964844
2011-06-29 13:27:00,1.43806,1.43835,1.43792,1.43835,4019500122.0703125
2011-06-29 13:28:00,1.43835,1.43912,1.43835,1.43899,3694200134.2773438
2011-06-29 13:29:00,1.43899,1.43926,1.43873,1.43881,2673999938.9648438
2011-06-29 13:30:00,1.43877,1.43877,1.43811,1.4385,3483500061.0351562
2011-06-29 13:31:00,1.43855,1.43932,1.43854,1.43885,3097999877.9296875
2011-06-29 13:32:00,1.43887,1.43958,1.43881,1.43931,3178200073.2421875
2011-06-29 13:33:00,1.43929,1.43973,1.43909,1.43949,3210799865.7226562
2011-06-29 13:34:00,1.43947,1.43953,1.4382,1.43833,3664200134.2773438
2011-06-29 13:35:00,1.43834,1.43851,1.43781,1.43827,3453399963.3789062
2011-06-29 13:36:00,1.43829,1.43911,1.43829,1.4388,2929299926.7578125
2011-06-29 13:37:00,1.43881,1.43893,1.43829,1.43829,2795799865.7226562
2011-06-29 13:38:00,1.43823,1.43907,1.43823,1.43861,4091799926.7578125
2011-06-29 13:39:00,1.43863,1.43898,1.43835,1.43851,3001499938.9648438
2011-06-29 13:40:00,1.4385,1.43911,1.43812,1.43911,3355899963.3789062
2011-06-29 13:41:00,1.43914,1.43963,1.43871,1.43893,3663800048.828125
2011-06-29 13:42:00,1.43891,1.43909,1.43865,1.43877,3260799865.7226562
2011-06-29 13:43:00,1.43877,1.43883,1.43774,1.43774,4074700012.2070312
2011-06-29 13:44:00,1.43775,1.43808,1.4366,1.4366,3827500000.0
2011-06-29 13:45:00,1.43657,1.43725,1.43637,1.43708,3480400085.4492188
2011-06-29 13:46:00,1.43705,1.43707,1.43654,1.43654,3253399963.3789062
2011-06-29 13:47:00,1.43653,1.4373,1.43635,1.4372,3588999938.9648438
2011-06-29 13:48:00,1.43719,1.43721,1.43643,1.43664,3465899963.3789062
2011-06-29 13:49:00,1.43666,1.43685,1.43617,1.43617,4442200012.207031
2011-06-29 13:50:00,1.43617,1.43617,1.43548,1.4359,3804100036.6210938
2011-06-29 13:51:00,1.43595,1.43655,1.4359,1.43648,3222799987.7929688
2011-06-29 13:52:00,1.43647,1.43647,1.43551,1.43554,3014700012.2070312
2011-06-29 13:53:00,1.43553,1.43665,1.43553,1.4363,3703999938.9648438
2011-06-29 13:54:00,1.4363,1.43655,1.43585,1.43654,3497099914.5507812
2011-06-29 13:55:00,1.43653,1.43661,1.43606,1.43625,2670400085.4492188
2011-06-29 13:56:00,1.43625,1.43658,1.43602,1.43621,2666099853.515625
2011-06-29 13:57:00,1.43621,1.43635,1.4359,1.43623,3572500000.0
2011-06-29 13:58:00,1.43626,1.43645,1.43621,1.43638,1943699951.171875
2011-06-29 13:59:00,1.43637,1.43681,1.43636,1.4367,2983299865.7226562
2011-06-29 14:00:00,1.43665,1.43719,1.43634,1.43689,4378500061.035156
2011-06-29 14:01:00,1.43691,1.43701,1.43649,1.43674,3502399902.34375
2011-06-29 14:02:00,1.43672,1.43674,1.43592,1.43622,3967999877.9296875
2011-06-29 14:03:00,1.43621,1.43666,1.4362,1.43666,3196700134.2773438
2011-06-29 14:04:00,1.43668,1.43679,1.4364,1.43661,2957500000.0
2011-06-29 14:05:00,1.43661,1.43661,1.43531,1.4354,3240499877.9296875
2011-06-29 14:06:00,1.43542,1.43563,1.43515,1.43538,3737799987.7929688
2011-06-29 14:07:00,1.43539,1.43573,1.43507,1.43507,2869200134.2773438
2011-06-29 14:08:00,1.43506,1.43553,1.43474,1.43529,3857200012.2070312
2011-06-29 14:09:00,1.43529,1.43561,1.43522,1.43525,3199899902.34375
2011-06-29 14:10:00,1.43525,1.43543,1.43471,1.43543,2540700073.2421875
2011-06-29 14:11:00,1.43542,1.43552,1.43521,1.43526,1843800048.828125
2011-06-29 14:12:00,1.43526,1.43526,1.43463,1.4348,3137099914.5507812
2011-06-29 14:13:00,1.4348,1.43539,1.43473,1.43539,2806300048.828125
2011-06-29 14:14:00,1.4354,1.43569,1.4352,1.43569,2888200073.2421875
2011-06-29 14:15:00,1.43569,1.43641,1.43569,1.43625,3906300048.828125
2011-06-29 14:16:00,1.43622,1.43622,1.43588,1.4361,4330000000.0
2011-06-29 14:17:00,1.4361,1.43691,1.4361,1.43691,3005499877.9296875
2011-06-29 14:18:00,1.43692,1.43704,1.43669,1.43678,3411000061.0351562
2011-06-29 14:19:00,1.43679,1.43685,1.4367,1.43677,1704100036.6210938
2011-06-29 14:20:00,1.43675,1.43744,1.43671,1.43716,3672200012.2070312
2011-06-29 14:21:00,1.43719,1.43761,1.43713,1.43761,5107799987.792969
2011-06-29 14:22:00,1.43763,1.43822,1.43763,1.43809,4024599914.5507812
2011-06-29 14:23:00,1.43808,1.43808,1.43762,1.43785,2277599945.0683594
2011-06-29 14:24:00,1.43786,1.43787,1.43763,1.4377,2191699981.689453
2011-06-29 14:25:00,1.43769,1.4378,1.43735,1.43779,2326799926.7578125
2011-06-29 14:26:00,1.43779,1.43791,1.43765,1.43782,2338000030.517578
2011-06-29 14:27:00,1.43782,1.43786,1.43739,1.43746,2246499938.9648438
2011-06-29 14:28:00,1.43746,1.43762,1.43721,1.4373,2907000122.0703125
2011-06-29 14:29:00,1.4373,1.43752,1.43717,1.43752,1734900054.9316406
2011-06-29 14:30:00,1.43754,1.43816,1.43754,1.43786,3651099853.515625
2011-06-29 14:31:00,1.43788,1.4381,1.4377,1.4377,2433300018.310547
2011-06-29 14:32:00,1.43771,1.43829,1.43771,1.43806,2492200012.2070312
2011-06-29 14:33:00,1.43806,1.43824,1.43785,1.43819,2297799987.7929688
2011-06-29 14:34:00,1.43817,1.43884,1.43817,1.4387,2901300048.828125
2011-06-29 14:35:00,1.43871,1.43881,1.43819,1.43829,2701600036.6210938
2011-06-29 14:36:00,1.4383,1.43838,1.43769,1.43785,2324900054.9316406
2011-06-29 14:37:00,1.43786,1.43791,1.4376,1.43791,1941900024.4140625
2011-06-29 14:38:00,1.43792,1.4384,1.43792,1.43827,2051999969.4824219
2011-06-29 14:39:00,1.43827,1.43867,1.43827,1.43859,2739500122.0703125
2011-06-29 14:40:00,1.43859,1.43869,1.43838,1.43868,2091499938.9648438
2011-06-29 14:41:00,1.43869,1.43875,1.4385,1.43875,2073399963.3789062
2011-06-29 14:42:00,1.43874,1.43905,1.43861,1.43866,2338999938.9648438
2011-06-29 14:43:00,1.43866,1.43874,1.43841,1.43874,2217599945.0683594
2011-06-29 14:44:00,1.43875,1.43881,1.43867,1.4387,1912299957.2753906
2011-06-29 14:45:00,1.43869,1.43871,1.43821,1.43827,1690700073.2421875
2011-06-29 14:46:00,1.43825,1.43841,1.43797,1.43807,1433899993.8964844
2011-06-29 14:47:00,1.43803,1.43841,1.43802,1.43821,1773800048.828125
2011-06-29 14:48:00,1.43821,1.43823,1.43789,1.43789,1649499969.4824219
2011-06-29 14:49:00,1.4379,1.43837,1.4379,1.43833,2233999938.9648438
2011-06-29 14:50:00,1.43832,1.4385,1.43822,1.43842,1848399963.3789062
2011-06-29 14:51:00,1.43842,1.43851,1.43822,1.43833,1793600006.1035156
2011-06-29 14:52:00,1.43832,1.43835,1.4374,1.4374,2038399963.3789062
2011-06-29 14:53:00,1.43738,1.43767,1.4373,1.43748,2410800018.310547
2011-06-29 14:54:00,1.43748,1.43787,1.43748,1.43775,2275099945.0683594
2011-06-29 14:55:00,1.43776,1.43839,1.43776,1.43804,2553800048.828125
2011-06-29 14:56:00,1.43807,1.43867,1.43807,1.43865,2306399993.8964844
2011-06-29 14:57:00,1.43863,1.43867,1.43826,1.4386,2762300109.8632812
2011-06-29 14:58:00,1.43861,1.43944,1.43861,1.43938,2932999877.9296875
2011-06-29 14:59:00,1.4394,1.43969,1.43912,1.43957,3273200073.2421875
2011-06-29 15:00:00,1.43959,1.43962,1.43928,1.43957,2582000122.0703125
2011-06-29 15:01:00,1.43958,1.44013,1.43958,1.43978,4405799865.722656
2011-06-29 15:02:00,1.43979,1.43987,1.43953,1.43979,1966999969.4824219
2011-06-29 15:03:00,1.43977,1.43985,1.4395,1.43962,2079799957.2753906
2011-06-29 15:04:00,1.43962,1.44001,1.4395,1.44001,2423200073.2421875
2011-06-29 15:05:00,1.44,1.44,1.43956,1.43957,1905099945.0683594
2011-06-29 15:06:00,1.43955,1.44006,1.43925,1.44006,2278399963.3789062
2011-06-29 15:07:00,1.44012,1.44112,1.43999,1.44112,4379200134.277344
2011-06-29 15:08:00,1.44111,1.44198,1.44106,1.44198,4962000122.0703125
2011-06-29 15:09:00,1.44196,1.44245,1.44189,1.44222,3953999938.9648438
2011-06-29 15:10:00,1.44225,1.44227,1.44105,1.44131,3407099914.5507812
2011-06-29 15:11:00,1.44131,1.44168,1.44127,1.44161,2807200012.2070312
2011-06-29 15:12:00,1.4416,1.4416,1.44086,1.44104,2668999938.9648438
2011-06-29 15:13:00,1.44104,1.44131,1.4409,1.44096,3140199890.1367188
2011-06-29 15:14:00,1.44097,1.44118,1.4409,1.44115,2223099975.5859375
2011-06-29 15:15:00,1.44115,1.44153,1.44108,1.44153,2080500030.5175781
2011-06-29 15:16:00,1.44154,1.4419,1.44148,1.44189,2791199951.171875
2011-06-29 15:17:00,1.4419,1.44219,1.44172,1.44219,2673900146.484375
2011-06-29 15:18:00,1.44226,1.44279,1.44214,1.44244,2977000122.0703125
2011-06-29 15:19:00,1.44245,1.44271,1.44187,1.44189,2655899963.3789062
2011-06-29 15:20:00,1.44189,1.44276,1.44189,1.44232,2966900024.4140625
2011-06-29 15:21:00,1.44233,1.443,1.44233,1.44278,2640799865.7226562
2011-06-29 15:22:00,1.44278,1.44347,1.44278,1.44285,3380199890.1367188
2011-06-29 15:23:00,1.44285,1.44312,1.44254,1.44312,3354500122.0703125
2011-06-29 15:24:00,1.44313,1.44365,1.44307,1.44358,2864400024.4140625
2011-06-29 15:25:00,1.4436,1.44361,1.44315,1.44318,2678599853.515625
2011-06-29 15:26:00,1.44318,1.44372,1.44311,1.44372,2053899993.8964844
2011-06-29 15:27:00,1.44372,1.44382,1.44318,1.44318,2446900024.4140625
2011-06-29 15:28:00,1.44326,1.44326,1.44265,1.44297,2823699951.171875
2011-06-29 15:29:00,1.44297,1.44337,1.44295,1.44335,3462500000.0
2011-06-29 15:30:00,1.44335,1.4434,1.44307,1.44332,1924199981.6894531
2011-06-29 15:31:00,1.44331,1.44406,1.44328,1.44403,2937799987.7929688
2011-06-29 15:32:00,1.44401,1.44402,1.44346,1.44346,2173099975.5859375
2011-06-29 15:33:00,1.44341,1.4435,1.44321,1.44323,2089799957.2753906
2011-06-29 15:34:00,1.44322,1.44325,1.44259,1.44259,2465700073.2421875
2011-06-29 15:35:00,1.44259,1.44303,1.44247,1.44297,2391499938.9648438
2011-06-29 15:36:00,1.44296,1.44311,1.44285,1.44294,1988099975.5859375
2011-06-29 15:37:00,1.44293,1.44295,1.44242,1.44244,2198399963.3789062
2011-06-29 15:38:00,1.44248,1.4425,1.44173,1.44173,2884500122.0703125
2011-06-29 15:39:00,1.44173,1.44212,1.44163,1.44206,2099199981.6894531
2011-06-29 15:40:00,1.44207,1.4421,1.44181,1.44181,2056999969.4824219
2011-06-29 15:41:00,1.4418,1.44205,1.44153,1.44205,2599899902.34375
2011-06-29 15:42:00,1.44207,1.44223,1.44172,1.44213,2935400085.4492188
2011-06-29 15:43:00,1.44213,1.44213,1.44199,1.44207,1003199996.9482422
2011-06-29 15:44:00,1.44208,1.44219,1.44188,1.44199,1713200073.2421875
2011-06-29 15:45:00,1.44201,1.44208,1.44184,1.44186,1888000030.5175781
2011-06-29 15:46:00,1.44186,1.44209,1.44164,1.44195,2197299957.2753906
2011-06-29 15:47:00,1.44198,1.44255,1.44198,1.44226,2446000061.0351562
2011-06-29 15:48:00,1.44228,1.44238,1.44211,1.44217,1651000061.0351562
2011-06-29 15:49:00,1.4422,1.44239,1.44214,1.44223,1752799987.7929688
2011-06-29 15:50:00,1.44221,1.44269,1.44207,1.4422,1902299957.2753906
2011-06-29 15:51:00,1.44218,1.44223,1.44201,1.44216,1182200012.2070312
2011-06-29 15:52:00,1.44217,1.44219,1.44182,1.44197,1757899932.8613281
2011-06-29 15:53:00,1.44197,1.44221,1.4417,1.44219,1536199951.171875
2011-06-29 15:54:00,1.44219,1.44222,1.44195,1.44222,1066200027.4658203
2011-06-29 15:55:00,1.44221,1.44305,1.4421,1.44276,2719599914.5507812
2011-06-29 15:56:00,1.44276,1.44312,1.44261,1.44299,3398200073.2421875
2011-06-29 15:57:00,1.44298,1.4432,1.44285,1.44319,2222899932.861328
2011-06-29 15:58:00,1.44319,1.44319,1.44256,1.44256,2344100036.6210938
2011-06-29 15:59:00,1.44258,1.44281,1.4425,1.44267,1330200042.7246094
2011-06-29 16:00:00,1.44266,1.44278,1.44245,1.44266,2063800048.828125
2011-06-29 16:01:00,1.44266,1.44298,1.44265,1.44286,2098899993.8964844
2011-06-29 16:02:00,1.44286,1.44303,1.44284,1.443,1368099975.5859375
2011-06-29 16:03:00,1.44302,1.4432,1.44266,1.44297,2564200134.2773438
2011-06-29 16:04:00,1.44297,1.4433,1.44293,1.44321,1866000061.0351562
2011-06-29 16:05:00,1.4432,1.44329,1.443,1.44303,2399100036.6210938
2011-06-29 16:06:00,1.44303,1.4432,1.44296,1.44296,1545000000.0
2011-06-29 16:07:00,1.44295,1.44295,1.44274,1.4428,1312700042.7246094
2011-06-29 16:08:00,1.4428,1.4428,1.44263,1.44267,925800018.3105469
2011-06-29 16:09:00,1.44269,1.44307,1.44266,1.4429,1954299926.7578125
2011-06-29 16:10:00,1.4429,1.44304,1.44279,1.44293,2033200073.2421875
2011-06-29 16:11:00,1.44295,1.44297,1.44273,1.44273,1211800003.0517578
2011-06-29 16:12:00,1.44273,1.44283,1.44266,1.4428,874599990.8447266
2011-06-29 16:13:00,1.44281,1.44295,1.44279,1.44286,1402299957.2753906
2011-06-29 16:14:00,1.44286,1.443,1.44272,1.44274,1288099975.5859375
2011-06-29 16:15:00,1.44274,1.44276,1.44236,1.44249,1967400054.9316406
2011-06-29 16:16:00,1.44249,1.44265,1.44241,1.44242,1399400024.4140625
2011-06-29 16:17:00,1.44244,1.44244,1.44197,1.44203,1607299957.2753906
2011-06-29 16:18:00,1.44203,1.44235,1.44203,1.4423,1641300048.828125
2011-06-29 16:19:00,1.44229,1.44261,1.44217,1.44217,1880099945.0683594
2011-06-29 16:20:00,1.44218,1.44223,1.44192,1.44194,1320899963.3789062
2011-06-29 16:21:00,1.44194,1.44229,1.44184,1.44228,1589799957.2753906
2011-06-29 16:22:00,1.44228,1.4423,1.4419,1.44207,1680299987.7929688
2011-06-29 16:23:00,1.44205,1.44213,1.44191,1.44203,1499600067.1386719
2011-06-29 16:24:00,1.44201,1.44201,1.4418,1.44182,848799972.5341797
2011-06-29 16:25:00,1.44181,1.44203,1.4418,1.44199,1370700073.2421875
2011-06-29 16:26:00,1.44204,1.44206,1.44181,1.44186,1172300033.569336
2011-06-29 16:27:00,1.44186,1.44197,1.44179,1.44192,1320399932.8613281
2011-06-29 16:28:00,1.44196,1.44207,1.44188,1.44194,982600021.3623047
2011-06-29 16:29:00,1.44193,1.44198,1.44183,1.44185,1198499984.741211
2011-06-29 16:30:00,1.44184,1.44191,1.44177,1.44191,1217699966.430664
2011-06-29 16:31:00,1.44191,1.44217,1.44191,1.44217,988099975.5859375
2011-06-29 16:32:00,1.44222,1.44229,1.44187,1.4421,1800099945.0683594
2011-06-29 16:33:00,1.44215,1.44237,1.44195,1.44195,1788099975.5859375
2011-06-29 16:34:00,1.44196,1.44209,1.44191,1.44195,1024000015.2587891
2011-06-29 16:35:00,1.44195,1.44199,1.44175,1.44179,1202799987.7929688
2011-06-29 16:36:00,1.44179,1.44206,1.44167,1.44198,1900599975.5859375
2011-06-29 16:37:00,1.442,1.4423,1.442,1.44229,1558600006.1035156
2011-06-29 16:38:00,1.44232,1.44238,1.44208,1.4421,1671000061.0351562
2011-06-29 16:39:00,1.44211,1.44231,1.44211,1.44227,1115100021.3623047
2011-06-29 16:40:00,1.44227,1.44233,1.44213,1.44213,1049899978.6376953
2011-06-29 16:41:00,1.44215,1.44219,1.44212,1.44214,774899978.6376953
2011-06-29 16:42:00,1.44213,1.44226,1.44212,1.44221,624199981.6894531
2011-06-29 16:43:00,1.44224,1.4424,1.44222,1.44235,1210500030.5175781
2011-06-29 16:44:00,1.44235,1.44261,1.44231,1.44256,1457899932.8613281
2011-06-29 16:45:00,1.44251,1.44259,1.44221,1.44243,2070500030.5175781
2011-06-29 16:46:00,1.44245,1.44249,1.44228,1.44233,1492299957.2753906
2011-06-29 16:47:00,1.44235,1.44246,1.44226,1.44246,953300018.3105469
2011-06-29 16:48:00,1.44247,1.44297,1.44247,1.44275,1685200042.7246094
2011-06-29 16:49:00,1.44276,1.44277,1.44265,1.44267,801299972.5341797
2011-06-29 16:50:00,1.44265,1.44287,1.44261,1.44285,1089000015.258789
2011-06-29 16:51:00,1.44285,1.44287,1.44275,1.4428,494799995.4223633
2011-06-29 16:52:00,1.44277,1.44283,1.44258,1.44263,989400024.4140625
2011-06-29 16:53:00,1.44261,1.44262,1.44228,1.44229,1322700042.7246094
2011-06-29 16:54:00,1.44225,1.44244,1.44201,1.44226,1925800018.3105469
2011-06-29 16:55:00,1.44228,1.44236,1.44217,1.44222,1745800018.3105469
2011-06-29 16:56:00,1.44215,1.44241,1.44215,1.44233,1572200012.2070312
2011-06-29 16:57:00,1.44233,1.44239,1.44197,1.44204,1637700042.7246094
2011-06-29 16:58:00,1.44204,1.44237,1.44199,1.44221,1818000030.5175781
2011-06-29 16:59:00,1.44222,1.44235,1.44208,1.44216,2123000030.5175781
2011-06-29 17:00:00,1.44214,1.44219,1.44193,1.44207,2325200042.7246094
2011-06-29 17:01:00,1.44207,1.44226,1.442,1.442,1715500030.5175781
2011-06-29 17:02:00,1.442,1.44215,1.44171,1.44171,1859900054.9316406
2011-06-29 17:03:00,1.44173,1.44181,1.44155,1.44181,1833300018.3105469
2011-06-29 17:04:00,1.44181,1.4419,1.44177,1.44184,1219899978.6376953
2011-06-29 17:05:00,1.44184,1.442,1.44184,1.44197,1068799972.5341797
2011-06-29 17:06:00,1.44198,1.442,1.44182,1.44196,1110899963.3789062
2011-06-29 17:07:00,1.44195,1.44278,1.44194,1.44272,1665000000.0
2011-06-29 17:08:00,1.44273,1.44278,1.44236,1.44255,1379600067.1386719
2011-06-29 17:09:00,1.44253,1.44264,1.44235,1.44263,1324799957.2753906
2011-06-29 17:10:00,1.44263,1.44281,1.4425,1.44266,1341999969.4824219
2011-06-29 17:11:00,1.44266,1.44301,1.44264,1.44284,2134900054.9316406
2011-06-29 17:12:00,1.44285,1.44285,1.44251,1.44253,1800700073.2421875
2011-06-29 17:13:00,1.44253,1.44257,1.44235,1.44237,1466799926.7578125
2011-06-29 17:14:00,1.44237,1.44249,1.44232,1.44245,1432400054.9316406
2011-06-29 17:15:00,1.44245,1.44257,1.44231,1.44233,1430099945.0683594
2011-06-29 17:16:00,1.44234,1.44245,1.44225,1.44228,870699996.9482422
2011-06-29 17:17:00,1.44228,1.44239,1.4419,1.44203,1526999969.4824219
2011-06-29 17:18:00,1.44202,1.44211,1.44194,1.44207,666800003.0517578
2011-06-29 17:19:00,1.44208,1.44232,1.44194,1.44196,946299972.5341797
2011-06-29 17:20:00,1.44196,1.44196,1.44169,1.44191,1163899993.8964844
2011-06-29 17:21:00,1.44191,1.44204,1.44187,1.44199,1067900009.1552734
2011-06-29 17:22:00,1.44199,1.44219,1.44199,1.44202,1264000015.258789
2011-06-29 17:23:00,1.44206,1.4422,1.44199,1.44213,1475500030.5175781
2011-06-29 17:24:00,1.44213,1.44233,1.44208,1.44212,1579299926.7578125
2011-06-29 17:25:00,1.44212,1.44227,1.44195,1.44195,1584600067.1386719
2011-06-29 17:26:00,1.44196,1.4421,1.44186,1.44208,1620099945.0683594
2011-06-29 17:27:00,1.4421,1.44213,1.44195,1.44196,1216200027.4658203
2011-06-29 17:28:00,1.44196,1.44234,1.44195,1.44216,1885000000.0
2011-06-29 17:29:00,1.44216,1.44246,1.44205,1.44237,1324299926.7578125
2011-06-29 17:30:00,1.44237,1.44246,1.44219,1.44224,1343699951.171875
2011-06-29 17:31:00,1.44223,1.44237,1.44223,1.44232,1167500000.0
2011-06-29 17:32:00,1.44233,1.44264,1.44225,1.44264,1646999969.4824219
2011-06-29 17:33:00,1.44265,1.44287,1.44265,1.44287,1078799972.5341797
2011-06-29 17:34:00,1.44286,1.44287,1.44262,1.44274,1151299972.5341797
2011-06-29 17:35:00,1.44273,1.44286,1.4426,1.4428,1101100006.1035156
2011-06-29 17:36:00,1.4428,1.44281,1.44264,1.44266,1186200027.4658203
2011-06-29 17:37:00,1.44266,1.44267,1.44245,1.44251,1065100021.3623047
2011-06-29 17:38:00,1.44252,1.44307,1.44252,1.44296,1689900054.9316406
2011-06-29 17:39:00,1.44298,1.44352,1.44298,1.44352,2700400085.4492188
2011-06-29 17:40:00,1.4435,1.44424,1.44347,1.44407,3050299987.7929688
2011-06-29 17:41:00,1.44405,1.44405,1.44369,1.44386,1702299957.2753906
2011-06-29 17:42:00,1.44386,1.44386,1.4433,1.44335,1598800048.828125
2011-06-29 17:43:00,1.44335,1.44372,1.44332,1.44355,1750299987.7929688
2011-06-29 17:44:00,1.44355,1.44398,1.44355,1.44398,1044800033.5693359
2011-06-29 17:45:00,1.44404,1.44417,1.44388,1.4439,1507799987.7929688
2011-06-29 17:46:00,1.44391,1.44392,1.44343,1.44348,1547500000.0
2011-06-29 17:47:00,1.44347,1.4435,1.44333,1.44345,903700027.4658203
2011-06-29 17:48:00,1.44345,1.44362,1.44335,1.44351,1375099945.0683594
2011-06-29 17:49:00,1.44351,1.44377,1.4435,1.44372,1431399993.8964844
2011-06-29 17:50:00,1.44372,1.44374,1.44338,1.44346,1505599975.5859375
2011-06-29 17:51:00,1.44351,1.44376,1.44347,1.44375,1644799957.2753906
2011-06-29 17:52:00,1.44375,1.44375,1.4434,1.4434,1600200042.7246094
2011-06-29 17:53:00,1.44336,1.44337,1.44279,1.44279,1931999969.4824219
2011-06-29 17:54:00,1.44275,1.44303,1.44265,1.44296,2045399932.8613281
2011-06-29 17:55:00,1.44296,1.44365,1.44296,1.4435,2438600006.1035156
2011-06-29 17:56:00,1.44349,1.44351,1.44331,1.44339,1633399963.3789062
2011-06-29 17:57:00,1.44338,1.44339,1.44304,1.44315,1493399963.3789062
2011-06-29 17:58:00,1.44315,1.44359,1.4431,1.4431,2456900024.4140625
2011-06-29 17:59:00,1.44308,1.44328,1.443,1.44316,1473899993.8964844
2011-06-29 18:00:00,1.44316,1.44337,1.44309,1.44335,1475299987.7929688
2011-06-29 18:01:00,1.44335,1.44342,1.44297,1.44299,1679299926.7578125
2011-06-29 18:02:00,1.44299,1.44337,1.44299,1.44337,1321300048.828125
2011-06-29 18:03:00,1.44338,1.44379,1.44335,1.44378,2003999938.9648438
2011-06-29 18:04:00,1.44381,1.44408,1.44381,1.44392,2383099975.5859375
2011-06-29 18:05:00,1.44393,1.44393,1.44358,1.44364,1926499938.9648438
2011-06-29 18:06:00,1.44364,1.44365,1.44318,1.44322,2241399993.8964844
2011-06-29 18:07:00,1.44322,1.4433,1.44311,1.44325,1789400024.4140625
2011-06-29 18:08:00,1.44325,1.44325,1.44309,1.44309,899599990.8447266
2011-06-29 18:09:00,1.44308,1.44308,1.44288,1.44292,1175899963.3789062
2011-06-29 18:10:00,1.44292,1.44294,1.44281,1.44281,922600021.3623047
2011-06-29 18:11:00,1.44281,1.44281,1.4426,1.44271,1455899963.3789062
2011-06-29 18:12:00,1.44271,1.44292,1.4427,1.4427,1631199951.171875
2011-06-29 18:13:00,1.44269,1.44287,1.44261,1.44268,1180800018.3105469
2011-06-29 18:14:00,1.44269,1.44284,1.44262,1.44271,1896199951.171875
2011-06-29 18:15:00,1.44272,1.44283,1.44263,1.44273,1846300048.828125
2011-06-29 18:16:00,1.44272,1.44285,1.44264,1.44285,1692799987.7929688
2011-06-29 18:17:00,1.44285,1.44285,1.44268,1.44275,922699966.4306641
2011-06-29 18:18:00,1.44274,1.44284,1.44262,1.44279,1225899963.3789062
2011-06-29 18:19:00,1.44285,1.44325,1.44284,1.44316,1210000000.0
2011-06-29 18:20:00,1.44316,1.44318,1.44302,1.44307,950800018.3105469
2011-06-29 18:21:00,1.44305,1.44306,1.44276,1.4428,2052899932.8613281
2011-06-29 18:22:00,1.44278,1.44278,1.44259,1.44267,1484499969.4824219
2011-06-29 18:23:00,1.44267,1.44282,1.44239,1.44239,2611199951.171875
2011-06-29 18:24:00,1.44238,1.44259,1.44235,1.44259,2068300018.3105469
2011-06-29 18:25:00,1.44256,1.44256,1.44247,1.4425,972200012.2070312
2011-06-29 18:26:00,1.44248,1.44257,1.44225,1.44225,1326399993.8964844
2011-06-29 18:27:00,1.44227,1.44229,1.44179,1.44219,3819400024.4140625
2011-06-29 18:28:00,1.44219,1.44239,1.4421,1.44237,1698800048.828125
2011-06-29 18:29:00,1.4424,1.44271,1.44233,1.44269,1686799926.7578125
2011-06-29 18:30:00,1.44267,1.44269,1.44252,1.44253,1414199981.6894531
2011-06-29 18:31:00,1.44253,1.44264,1.44244,1.44245,1180299987.7929688
2011-06-29 18:32:00,1.44248,1.44266,1.44244,1.44263,856600036.6210938
2011-06-29 18:33:00,1.44264,1.44264,1.44234,1.44248,909599990.8447266
2011-06-29 18:34:00,1.4425,1.44271,1.4425,1.44269,498800010.68115234
2011-06-29 18:35:00,1.44267,1.44308,1.44263,1.4429,1593699951.171875
2011-06-29 18:36:00,1.44289,1.44293,1.44235,1.44235,1371799926.7578125
2011-06-29 18:37:00,1.44231,1.44258,1.44231,1.44244,1417100067.1386719
2011-06-29 18:38:00,1.44244,1.44274,1.44244,1.44267,1062399978.6376953
2011-06-29 18:39:00,1.44267,1.44276,1.44253,1.44256,1338699951.171875
2011-06-29 18:40:00,1.44259,1.44266,1.44226,1.44227,1134599990.8447266
2011-06-29 18:41:00,1.44226,1.44227,1.44203,1.44206,1175500030.5175781
2011-06-29 18:42:00,1.44205,1.44211,1.44193,1.44197,1041200027.4658203
2011-06-29 18:43:00,1.44196,1.44216,1.44191,1.44195,805899963.3789062
2011-06-29 18:44:00,1.44195,1.44198,1.44194,1.44195,1107600021.3623047
2011-06-29 18:45:00,1.44195,1.44216,1.44193,1.44203,1426100006.1035156
2011-06-29 18:46:00,1.44203,1.44222,1.44201,1.44202,1567599945.0683594
2011-06-29 18:47:00,1.44202,1.44218,1.44199,1.44218,1528899993.8964844
2011-06-29 18:48:00,1.44219,1.44245,1.44205,1.44215,2474199981.689453
2011-06-29 18:49:00,1.44213,1.44216,1.44179,1.44184,1251399993.8964844
2011-06-29 18:50:00,1.44185,1.44227,1.44183,1.44193,2453399963.3789062
2011-06-29 18:51:00,1.44194,1.44233,1.44194,1.44233,1141600036.6210938
2011-06-29 18:52:00,1.4424,1.44256,1.44223,1.44223,952799987.7929688
2011-06-29 18:53:00,1.44223,1.44233,1.44203,1.44213,1159100036.6210938
2011-06-29 18:54:00,1.44213,1.44219,1.44207,1.44214,524099998.4741211
2011-06-29 18:55:00,1.44214,1.44231,1.44206,1.44228,1050299987.7929688
2011-06-29 18:56:00,1.44229,1.44262,1.44229,1.44262,1213000030.5175781
2011-06-29 18:57:00,1.44262,1.44272,1.44252,1.44264,1506699981.6894531
2011-06-29 18:58:00,1.44266,1.44281,1.44264,1.44273,1188399963.3789062
2011-06-29 18:59:00,1.44272,1.44272,1.44242,1.44263,1969700012.2070312
2011-06-29 19:00:00,1.44265,1.4428,1.4426,1.44271,2001100006.1035156
2011-06-29 19:01:00,1.44273,1.44273,1.4425,1.44255,1642500000.0
2011-06-29 19:02:00,1.44256,1.44274,1.44246,1.44247,1471000061.0351562
2011-06-29 19:03:00,1.44243,1.44261,1.44243,1.44253,1179499969.4824219
2011-06-29 19:04:00,1.44252,1.44255,1.44219,1.44221,1168499984.741211
2011-06-29 19:05:00,1.44221,1.44227,1.44217,1.44226,1567700042.7246094
2011-06-29 19:06:00,1.44227,1.44227,1.44202,1.44205,1353200073.2421875
2011-06-29 19:07:00,1.44206,1.44214,1.44203,1.44212,918600006.1035156
2011-06-29 19:08:00,1.44213,1.44219,1.44197,1.44207,1025100021.3623047
2011-06-29 19:09:00,1.44209,1.44211,1.44199,1.44201,766299972.5341797
2011-06-29 19:10:00,1.44201,1.44245,1.44199,1.44234,1324100036.6210938
2011-06-29 19:11:00,1.44234,1.44264,1.44227,1.44247,1776000061.0351562
2011-06-29 19:12:00,1.44247,1.44247,1.44231,1.44231,1652100067.1386719
2011-06-29 19:13:00,1.44231,1.44256,1.44221,1.44246,1344900054.9316406
2011-06-29 19:14:00,1.44247,1.4426,1.44226,1.44226,1483600006.1035156
2011-06-29 19:15:00,1.44225,1.4425,1.44225,1.4425,965899963.3789062
2011-06-29 19:16:00,1.44249,1.44254,1.44235,1.44246,2161600036.6210938
2011-06-29 19:17:00,1.44246,1.44251,1.4423,1.44239,1351900024.4140625
2011-06-29 19:18:00,1.4424,1.44255,1.44239,1.44239,916999969.4824219
2011-06-29 19:19:00,1.44239,1.44247,1.44231,1.44246,1111800003.0517578
2011-06-29 19:20:00,1.44246,1.44248,1.44229,1.44229,767099990.8447266
2011-06-29 19:21:00,1.44229,1.44241,1.44222,1.44236,1943999938.9648438
2011-06-29 19:22:00,1.44236,1.44247,1.44229,1.44243,1276600036.6210938
2011-06-29 19:23:00,1.44242,1.44242,1.44233,1.44235,974199981.6894531
2011-06-29 19:24:00,1.44233,1.44247,1.44231,1.44247,815599975.5859375
2011-06-29 19:25:00,1.44247,1.44264,1.44241,1.44248,1564799957.2753906
2011-06-29 19:26:00,1.4425,1.44269,1.4425,1.44269,2028500061.0351562
2011-06-29 19:27:00,1.4427,1.44292,1.44268,1.44274,1134100036.6210938
2011-06-29 19:28:00,1.44274,1.44278,1.44238,1.44238,1672100067.1386719
2011-06-29 19:29:00,1.44241,1.44263,1.4424,1.44263,1720500030.5175781
2011-06-29 19:30:00,1.4427,1.4427,1.44236,1.44242,1183499984.741211
2011-06-29 19:31:00,1.44243,1.44254,1.44236,1.44242,1139899978.6376953
2011-06-29 19:32:00,1.44243,1.44248,1.44235,1.44246,1125800018.3105469
2011-06-29 19:33:00,1.44245,1.44254,1.44243,1.44254,1000500030.5175781
2011-06-29 19:34:00,1.44255,1.44276,1.44251,1.44256,1453399963.3789062
2011-06-29 19:35:00,1.44254,1.44275,1.44253,1.44263,1025500030.5175781
2011-06-29 19:36:00,1.44263,1.44266,1.44246,1.44251,687200012.2070312
2011-06-29 19:37:00,1.4425,1.44266,1.44247,1.4426,739000015.2587891
2011-06-29 19:38:00,1.4426,1.44268,1.4425,1.44267,902300033.5693359
2011-06-29 19:39:00,1.44268,1.44291,1.44268,1.44291,710899963.3789062
2011-06-29 19:40:00,1.44291,1.44291,1.44279,1.44291,869300003.0517578
2011-06-29 19:41:00,1.44291,1.44293,1.44286,1.44291,708499984.7412109
2011-06-29 19:42:00,1.44291,1.44313,1.44285,1.443,1659799957.2753906
2011-06-29 19:43:00,1.44302,1.44307,1.4429,1.44306,2304700012.2070312
2011-06-29 19:44:00,1.44307,1.44307,1.44278,1.4428,1108700027.4658203
2011-06-29 19:45:00,1.44277,1.44288,1.4426,1.44269,2503800048.828125
2011-06-29 19:46:00,1.44269,1.44305,1.44267,1.44305,1683800048.828125
2011-06-29 19:47:00,1.44307,1.44307,1.44275,1.44286,1805399932.8613281
2011-06-29 19:48:00,1.44287,1.44292,1.4428,1.4428,955899963.3789062
2011-06-29 19:49:00,1.4428,1.44305,1.4428,1.44288,1175800018.3105469
2011-06-29 19:50:00,1.44288,1.44293,1.44272,1.44272,1105699996.9482422
2011-06-29 19:51:00,1.44274,1.44289,1.44272,1.44289,644599990.8447266
2011-06-29 19:52:00,1.4429,1.44326,1.4429,1.44325,2077799987.7929688
2011-06-29 19:53:00,1.44332,1.44332,1.443,1.44301,2795299987.7929688
2011-06-29 19:54:00,1.44304,1.44314,1.44304,1.44309,1080400009.1552734
2011-06-29 19:55:00,1.44307,1.44317,1.44303,1.4431,1063600006.1035156
2011-06-29 19:56:00,1.44312,1.44312,1.44285,1.44296,1097399978.6376953
2011-06-29 19:57:00,1.44296,1.44297,1.44284,1.44293,912600021.3623047
2011-06-29 19:58:00,1.44291,1.44301,1.44289,1.44289,543600006.1035156
2011-06-29 19:59:00,1.44289,1.44301,1.44288,1.443,1597400054.9316406
2011-06-29 20:00:00,1.44302,1.44316,1.44302,1.44316,818499984.7412109
2011-06-29 20:01:00,1.44316,1.44366,1.44309,1.44365,1654799957.2753906
2011-06-29 20:02:00,1.44366,1.44369,1.44356,1.4436,1140100021.3623047
2011-06-29 20:03:00,1.4436,1.4436,1.44337,1.44346,947300033.5693359
2011-06-29 20:04:00,1.44346,1.44346,1.44334,1.44337,477000007.62939453
2011-06-29 20:05:00,1.44337,1.4434,1.44328,1.44338,656999969.4824219
2011-06-29 20:06:00,1.44337,1.4434,1.44333,1.44333,442500000.0
2011-06-29 20:07:00,1.44333,1.44341,1.44333,1.4434,577500000.0
2011-06-29 20:08:00,1.4434,1.4434,1.44332,1.44333,421500015.25878906
2011-06-29 20:09:00,1.44333,1.44338,1.44332,1.44335,270000000.0
2011-06-29 20:10:00,1.44334,1.44338,1.44332,1.44337,496800003.0517578
2011-06-29 20:11:00,1.44335,1.44343,1.44319,1.44335,663799972.5341797
2011-06-29 20:12:00,1.44335,1.44339,1.44332,1.44335,347999992.37060547
2011-06-29 20:13:00,1.44336,1.44338,1.44325,1.44325,720000000.0
2011-06-29 20:14:00,1.44326,1.44345,1.44326,1.44338,801800003.0517578
2011-06-29 20:15:00,1.44339,1.44367,1.44337,1.44361,1153499984.741211
2011-06-29 20:16:00,1.44357,1.44367,1.44356,1.44366,717099990.8447266
2011-06-29 20:17:00,1.44365,1.44367,1.44323,1.44336,1136900024.4140625
2011-06-29 20:18:00,1.44334,1.44342,1.44329,1.44342,980400009.1552734
2011-06-29 20:19:00,1.44343,1.44343,1.44333,1.44341,564799995.4223633
2011-06-29 20:20:00,1.44346,1.4435,1.44346,1.44347,442500000.0
2011-06-29 20:21:00,1.44345,1.44352,1.44335,1.44335,1058399963.3789062
2011-06-29 20:22:00,1.44335,1.4435,1.44335,1.44347,949100036.6210938
2011-06-29 20:23:00,1.44346,1.44346,1.44337,1.44342,581500015.2587891
2011-06-29 20:24:00,1.44346,1.44349,1.44337,1.44344,780899963.3789062
2011-06-29 20:25:00,1.44343,1.44345,1.44338,1.44339,922300033.5693359
2011-06-29 20:26:00,1.44339,1.44351,1.44339,1.44347,620299987.7929688
2011-06-29 20:27:00,1.44349,1.44349,1.44346,1.44347,150000000.0
2011-06-29 20:28:00,1.44345,1.44348,1.44327,1.44327,1056900024.4140625
2011-06-29 20:29:00,1.44331,1.44333,1.44321,1.44327,531899986.26708984
2011-06-29 20:30:00,1.44327,1.44333,1.44326,1.44327,453100013.73291016
2011-06-29 20:31:00,1.44327,1.44328,1.44325,1.44328,262500000.0
2011-06-29 20:32:00,1.44328,1.44333,1.44321,1.44329,419300003.0517578
2011-06-29 20:33:00,1.44329,1.44341,1.44327,1.44338,644300003.0517578
2011-06-29 20:34:00,1.44338,1.44338,1.44323,1.44335,696800003.0517578
2011-06-29 20:35:00,1.44335,1.44335,1.44327,1.44327,212999992.37060547
2011-06-29 20:36:00,1.44327,1.44327,1.4432,1.44327,527999992.37060547
2011-06-29 20:37:00,1.44327,1.44335,1.44323,1.44329,1142699966.430664
2011-06-29 20:38:00,1.44329,1.44348,1.44329,1.44347,717300033.5693359
2011-06-29 20:39:00,1.44347,1.44347,1.44343,1.44343,135000000.0
2011-06-29 20:40:00,1.44343,1.4435,1.44343,1.44348,362999992.37060547
2011-06-29 20:41:00,1.44347,1.44347,1.4434,1.4434,274400005.3405762
2011-06-29 20:42:00,1.44341,1.44341,1.44318,1.44321,635699996.9482422
2011-06-29 20:43:00,1.44316,1.4433,1.44295,1.44306,1245199966.430664
2011-06-29 20:44:00,1.44306,1.44306,1.44296,1.44296,278600006.1035156
2011-06-29 20:45:00,1.44296,1.44301,1.44292,1.443,655299987.7929688
2011-06-29 20:46:00,1.443,1.44307,1.443,1.443,285000000.0
2011-06-29 20:47:00,1.443,1.443,1.443,1.443,135000000.0
2011-06-29 20:48:00,1.44298,1.44321,1.44296,1.44319,605699996.9482422
2011-06-29 20:49:00,1.4432,1.44361,1.44309,1.44361,999499969.4824219
2011-06-29 20:50:00,1.44361,1.44372,1.44349,1.44363,685800018.3105469
2011-06-29 20:51:00,1.44364,1.44364,1.44354,1.44354,194400005.34057617
2011-06-29 20:52:00,1.44353,1.44353,1.44344,1.44344,205699996.9482422
2011-06-29 20:53:00,1.4434,1.44349,1.44338,1.44344,300300006.8664551
2011-06-29 20:54:00,1.44344,1.44344,1.44338,1.44338,210100002.28881836
2011-06-29 20:55:00,1.44338,1.44349,1.44305,1.44343,955800018.3105469
2011-06-29 20:56:00,1.44341,1.44343,1.44339,1.4434,167299995.42236328
2011-06-29 20:57:00,1.44345,1.44353,1.4433,1.44339,522799987.79296875
2011-06-29 20:58:00,1.44339,1.44347,1.44336,1.44341,831900024.4140625
2011-06-29 20:59:00,1.44336,1.44345,1.44325,1.44339,732699966.4306641
2011-06-29 21:00:00,1.44339,1.44347,1.44325,1.44341,312800006.8664551
2011-06-29 21:01:00,1.44341,1.44357,1.44336,1.44357,302999992.37060547
2011-06-29 21:02:00,1.44349,1.44349,1.44349,1.44349,67500000.0
2011-06-29 21:03:00,1.44349,1.44354,1.44349,1.44354,55500001.90734863
2011-06-29 21:04:00,1.4435,1.44357,1.4435,1.44357,55500001.90734863
2011-06-29 21:05:00,1.44359,1.44394,1.44358,1.44393,601599998.4741211
2011-06-29 21:06:00,1.44395,1.44399,1.44359,1.4437,612099990.8447266
2011-06-29 21:07:00,1.44369,1.4437,1.44364,1.44369,289500007.62939453
2011-06-29 21:08:00,1.44367,1.44372,1.44364,1.44371,217500000.0
2011-06-29 21:09:00,1.44377,1.44406,1.44365,1.44365,957900009.1552734
2011-06-29 21:10:00,1.44369,1.44375,1.44354,1.44365,595600013.7329102
2011-06-29 21:11:00,1.44365,1.44373,1.4436,1.44373,180799999.23706055
2011-06-29 21:12:00,1.4437,1.4437,1.44358,1.44358,298600006.1035156
2011-06-29 21:13:00,1.44358,1.44358,1.44347,1.4435,295499992.37060547
2011-06-29 21:14:00,1.44349,1.44349,1.44347,1.44349,70500001.90734863
2011-06-29 21:15:00,1.44355,1.44355,1.44346,1.44354,123000001.90734863
2011-06-29 21:16:00,1.44354,1.44359,1.44348,1.44348,317999992.37060547
2011-06-29 21:17:00,1.44345,1.44351,1.44345,1.44349,172500000.0
2011-06-29 21:18:00,1.44348,1.44351,1.44348,1.44351,78000001.90734863
2011-06-29 21:19:00,1.44351,1.44351,1.44331,1.44337,270799999.23706055
2011-06-29 21:20:00,1.44337,1.44337,1.44322,1.44329,519799995.4223633
2011-06-29 21:21:00,1.44329,1.44333,1.44327,1.44333,255000000.0
2011-06-29 21:22:00,1.44337,1.44341,1.44337,1.44341,113999996.18530273
2011-06-29 21:23:00,1.44341,1.44341,1.44341,1.44341,30000000.0
2011-06-29 21:24:00,1.44342,1.44342,1.44342,1.44342,60000000.0
2011-06-29 21:25:00,1.44342,1.44347,1.44342,1.44347,135000000.0
2011-06-29 21:26:00,1.44344,1.44347,1.44321,1.44321,487599983.21533203
2011-06-29 21:27:00,1.44319,1.44327,1.44306,1.4431,1038899993.8964844
2011-06-29 21:28:00,1.44311,1.44319,1.44305,1.44319,291800003.0517578
2011-06-29 21:29:00,1.44318,1.44318,1.44309,1.44309,126000003.81469727
2011-06-29 21:30:00,1.44308,1.44309,1.44304,1.44308,212999992.37060547
2011-06-29 21:31:00,1.44313,1.44321,1.44313,1.4432,105000000.0
2011-06-29 21:32:00,1.44321,1.44321,1.44321,1.44321,45000000.0
2011-06-29 21:33:00,1.44321,1.44334,1.44321,1.44331,120000000.0
2011-06-29 21:34:00,1.4433,1.4433,1.44317,1.44317,112500000.0
2011-06-29 21:35:00,1.44317,1.44326,1.44317,1.44326,218999996.18530273
2011-06-29 21:36:00,1.4433,1.44336,1.44327,1.44336,284500007.62939453
2011-06-29 21:37:00,1.44336,1.44336,1.44316,1.44316,235499992.37060547
2011-06-29 21:38:00,1.44314,1.44326,1.44306,1.4432,483199996.9482422
2011-06-29 21:39:00,1.44324,1.44334,1.44321,1.44332,266299991.60766602
2011-06-29 21:40:00,1.44334,1.44336,1.44332,1.44332,90000000.0
2011-06-29 21:41:00,1.44332,1.44332,1.44328,1.44329,180100002.28881836
2011-06-29 21:42:00,1.44329,1.44332,1.44322,1.44332,210100002.28881836
2011-06-29 21:43:00,1.44331,1.44331,1.44327,1.44327,82500000.0
2011-06-29 21:44:00,1.44327,1.44327,1.4432,1.44323,180000000.0
2011-06-29 21:45:00,1.44324,1.44334,1.44324,1.44332,225000000.0
2011-06-29 21:46:00,1.44332,1.44334,1.44319,1.44333,339000015.25878906
2011-06-29 21:47:00,1.44335,1.44347,1.44335,1.44337,612000007.6293945
2011-06-29 21:48:00,1.44336,1.44345,1.44327,1.44329,1009499969.4824219
2011-06-29 21:49:00,1.4433,1.44334,1.44322,1.44322,489000015.25878906
2011-06-29 21:50:00,1.44322,1.44331,1.44322,1.44331,201000003.81469727
2011-06-29 21:51:00,1.44331,1.44331,1.44331,1.44331,30000000.0
2011-06-29 21:52:00,1.44331,1.44335,1.44331,1.44335,232500000.0
2011-06-29 21:53:00,1.44333,1.4434,1.44331,1.4434,376500015.25878906
2011-06-29 21:54:00,1.4434,1.44349,1.4434,1.4434,175499992.37060547
2011-06-29 21:55:00,1.44338,1.44357,1.44334,1.44357,630699996.9482422
2011-06-29 21:56:00,1.44356,1.44359,1.44351,1.44358,325499992.37060547
2011-06-29 21:57:00,1.44358,1.44362,1.4435,1.4435,241499996.18530273
2011-06-29 21:58:00,1.4435,1.4435,1.44329,1.44344,235499992.37060547
2011-06-29 21:59:00,1.44344,1.44348,1.44344,1.44344,577500000.0
2011-06-29 22:00:00,1.44343,1.44345,1.4432,1.44333,1135599975.5859375
2011-06-29 22:01:00,1.44334,1.44347,1.44321,1.44321,917500000.0
2011-06-29 22:02:00,1.44321,1.44323,1.44294,1.44307,1297899932.8613281
2011-06-29 22:03:00,1.44308,1.44308,1.44306,1.44307,165000000.0
2011-06-29 22:04:00,1.44307,1.44308,1.44307,1.44308,105000000.0
2011-06-29 22:05:00,1.44308,1.44308,1.44305,1.44305,90000000.0
2011-06-29 22:06:00,1.44306,1.44306,1.44306,1.44306,60000000.0
2011-06-29 22:07:00,1.44307,1.44307,1.44292,1.44292,251299991.60766602
2011-06-29 22:08:00,1.4429,1.4429,1.44289,1.4429,146899995.803833
2011-06-29 22:09:00,1.4429,1.443,1.44289,1.443,150399999.61853027
2011-06-29 22:10:00,1.44297,1.44297,1.44273,1.44273,323199996.9482422
2011-06-29 22:11:00,1.44273,1.44286,1.44273,1.4428,671699981.6894531
2011-06-29 22:12:00,1.4428,1.44294,1.44275,1.44294,565600013.7329102
2011-06-29 22:13:00,1.44295,1.443,1.44294,1.44294,157600002.28881836
2011-06-29 22:14:00,1.44291,1.44291,1.44263,1.44278,651399993.8964844
2011-06-29 22:15:00,1.44279,1.44279,1.44279,1.44279,202500000.0
2011-06-29 22:16:00,1.44279,1.44285,1.44279,1.44285,180000000.0
2011-06-29 22:17:00,1.44285,1.44285,1.44269,1.44269,361399993.8964844
2011-06-29 22:18:00,1.44274,1.44329,1.44274,1.44329,769499969.4824219
2011-06-29 22:19:00,1.44329,1.44341,1.44327,1.44329,983099975.5859375
2011-06-29 22:20:00,1.44329,1.44329,1.44328,1.44329,146300001.14440918
2011-06-29 22:21:00,1.4433,1.4433,1.44308,1.44309,638600006.1035156
2011-06-29 22:22:00,1.44307,1.44321,1.44307,1.44309,285900001.5258789
2011-06-29 22:23:00,1.44308,1.44308,1.443,1.44305,318899993.8964844
2011-06-29 22:24:00,1.44301,1.44301,1.44295,1.443,221399993.89648438
2011-06-29 22:25:00,1.44305,1.44311,1.44304,1.4431,266800003.0517578
2011-06-29 22:26:00,1.44313,1.44336,1.44311,1.44336,299500007.62939453
2011-06-29 22:27:00,1.44335,1.44348,1.44333,1.44343,448600006.1035156
2011-06-29 22:28:00,1.44342,1.44348,1.44335,1.44343,329300003.0517578
2011-06-29 22:29:00,1.44342,1.44355,1.44342,1.44345,517500000.0
2011-06-29 22:30:00,1.44345,1.44355,1.44345,1.44347,287399997.71118164
2011-06-29 22:31:00,1.44347,1.44347,1.44333,1.44345,452599983.21533203
2011-06-29 22:32:00,1.44337,1.44349,1.44337,1.44348,796200027.4658203
2011-06-29 22:33:00,1.44347,1.44349,1.44338,1.44344,514300003.0517578
2011-06-29 22:34:00,1.44338,1.44346,1.44333,1.44346,442599983.21533203
2011-06-29 22:35:00,1.44347,1.44347,1.44334,1.44335,252000007.62939453
2011-06-29 22:36:00,1.44335,1.44339,1.44332,1.44335,171100006.10351562
2011-06-29 22:37:00,1.44337,1.44349,1.44335,1.44346,575999984.7412109
2011-06-29 22:38:00,1.44347,1.44359,1.44342,1.44351,668399963.3789062
2011-06-29 22:39:00,1.44351,1.44359,1.44345,1.44349,518300018.3105469
2011-06-29 22:40:00,1.44349,1.4435,1.44339,1.44349,669499969.4824219
2011-06-29 22:41:00,1.44349,1.44354,1.44347,1.44354,306000003.81469727
2011-06-29 22:42:00,1.44354,1.44355,1.44354,1.44355,60000000.0
2011-06-29 22:43:00,1.44355,1.44404,1.44355,1.44404,901999969.4824219
2011-06-29 22:44:00,1.44409,1.44415,1.44395,1.44415,1156800003.0517578
2011-06-29 22:45:00,1.44411,1.44483,1.44411,1.44473,2297500000.0
2011-06-29 22:46:00,1.4447,1.4447,1.44437,1.44449,1388399963.3789062
2011-06-29 22:47:00,1.44454,1.44568,1.44454,1.44568,1828300018.3105469
2011-06-29 22:48:00,1.44568,1.44757,1.44568,1.44737,5421199951.171875
2011-06-29 22:49:00,1.44734,1.44736,1.44669,1.44669,2612300109.8632812
2011-06-29 22:50:00,1.44673,1.44688,1.44645,1.44654,2502500000.0
2011-06-29 22:51:00,1.44657,1.44697,1.44649,1.44692,1368500061.0351562
2011-06-29 22:52:00,1.44694,1.44715,1.44679,1.44715,1373300018.3105469
2011-06-29 22:53:00,1.44714,1.44724,1.44655,1.44655,1407100067.1386719
2011-06-29 22:54:00,1.44653,1.44676,1.44643,1.4467,991800003.0517578
2011-06-29 22:55:00,1.44673,1.44674,1.4465,1.44652,812500000.0
2011-06-29 22:56:00,1.44654,1.44692,1.44654,1.44692,957600021.3623047
2011-06-29 22:57:00,1.44692,1.44721,1.44687,1.44712,855100021.3623047
2011-06-29 22:58:00,1.44712,1.44811,1.44695,1.44792,3647999877.9296875
2011-06-29 22:59:00,1.44788,1.44802,1.44761,1.44773,2033999938.9648438
2011-06-29 23:00:00,1.44773,1.44778,1.44746,1.44778,1765000000.0
2011-06-29 23:01:00,1.44778,1.448,1.44769,1.44769,1324400024.4140625
2011-06-29 23:02:00,1.44767,1.44767,1.44752,1.44756,875100021.3623047
2011-06-29 23:03:00,1.44756,1.44756,1.44726,1.44731,1333600006.1035156
2011-06-29 23:04:00,1.44732,1.44755,1.44729,1.44754,1260000000.0
2011-06-29 23:05:00,1.44753,1.44757,1.44713,1.4472,1676600036.6210938
2011-06-29 23:06:00,1.44719,1.44734,1.44713,1.44734,1338999938.9648438
2011-06-29 23:07:00,1.44734,1.44768,1.44734,1.44746,1777899932.8613281
2011-06-29 23:08:00,1.44746,1.44749,1.44728,1.44728,1206800003.0517578
2011-06-29 23:09:00,1.44727,1.44737,1.44716,1.44737,841500015.2587891
2011-06-29 23:10:00,1.44737,1.44739,1.44735,1.44737,285799999.23706055
2011-06-29 23:11:00,1.44734,1.44734,1.44719,1.44727,906299972.5341797
2011-06-29 23:12:00,1.44727,1.44727,1.44681,1.44718,1478399963.3789062
2011-06-29 23:13:00,1.44714,1.44721,1.44699,1.44702,957699966.4306641
2011-06-29 23:14:00,1.44702,1.44711,1.44694,1.44699,1385399932.8613281
2011-06-29 23:15:00,1.44695,1.44697,1.44688,1.44688,591199989.3188477
2011-06-29 23:16:00,1.44688,1.44729,1.44679,1.44719,2221499938.9648438
2011-06-29 23:17:00,1.44719,1.44727,1.44709,1.44719,1806999969.4824219
2011-06-29 23:18:00,1.44719,1.44753,1.44719,1.44752,948300018.3105469
2011-06-29 23:19:00,1.44752,1.44758,1.44736,1.44745,1269300003.0517578
2011-06-29 23:20:00,1.44744,1.448,1.44744,1.44779,1794400024.4140625
2011-06-29 23:21:00,1.44779,1.44795,1.44769,1.44779,1687100067.1386719
2011-06-29 23:22:00,1.44779,1.44779,1.4475,1.44766,1236399993.8964844
2011-06-29 23:23:00,1.4476,1.44765,1.4474,1.44755,1517700042.7246094
2011-06-29 23:24:00,1.44755,1.44759,1.44732,1.44743,930100021.3623047
2011-06-29 23:25:00,1.44745,1.44745,1.44716,1.44731,1474600067.1386719
2011-06-29 23:26:00,1.44731,1.44731,1.44684,1.44685,1766900024.4140625
2011-06-29 23:27:00,1.44688,1.44689,1.4465,1.44672,1696799926.7578125
2011-06-29 23:28:00,1.44672,1.44672,1.44608,1.44624,2007599945.0683594
2011-06-29 23:29:00,1.44624,1.44662,1.44624,1.4464,1305299987.7929688
2011-06-29 23:30:00,1.44638,1.44638,1.44605,1.44613,1856900024.4140625
2011-06-29 23:31:00,1.44613,1.44649,1.44613,1.44629,1516300048.828125
2011-06-29 23:32:00,1.44628,1.44635,1.44624,1.44629,749700012.2070312
2011-06-29 23:33:00,1.4463,1.44637,1.44628,1.44637,690800018.3105469
2011-06-29 23:34:00,1.44637,1.4464,1.4463,1.4464,634700012.2070312
2011-06-29 23:35:00,1.44642,1.44655,1.44635,1.4465,1512100067.1386719
2011-06-29 23:36:00,1.4465,1.44668,1.44642,1.4465,1041800003.0517578
2011-06-29 23:37:00,1.44647,1.44656,1.44641,1.44654,423400001.5258789
2011-06-29 23:38:00,1.44654,1.44678,1.44654,1.44672,397799987.79296875
2011-06-29 23:39:00,1.44668,1.44673,1.4466,1.44669,322700004.5776367
2011-06-29 23:40:00,1.44668,1.44679,1.44666,1.44666,887900009.1552734
2011-06-29 23:41:00,1.44666,1.44667,1.44666,1.44666,191700000.76293945
2011-06-29 23:42:00,1.44666,1.44669,1.44652,1.44662,709000015.2587891
2011-06-29 23:43:00,1.44659,1.44663,1.44655,1.44661,642799987.7929688
2011-06-29 23:44:00,1.44661,1.44668,1.44641,1.44641,851399993.8964844
2011-06-29 23:45:00,1.44641,1.44641,1.4461,1.44616,601100006.1035156
2011-06-29 23:46:00,1.44615,1.44639,1.4461,1.44614,1234499969.4824219
2011-06-29 23:47:00,1.44616,1.44674,1.44616,1.44666,1041800003.0517578
2011-06-29 23:48:00,1.44665,1.44676,1.4466,1.44663,526399993.8964844
2011-06-29 23:49:00,1.44662,1.44675,1.4466,1.44673,437700004.5776367
2011-06-29 23:50:00,1.4467,1.4467,1.44616,1.44633,1122300033.569336
2011-06-29 23:51:00,1.44632,1.44632,1.44591,1.44599,980100021.3623047
2011-06-29 23:52:00,1.44599,1.44618,1.44599,1.44617,468600006.1035156
2011-06-29 23:53:00,1.44616,1.44621,1.44616,1.44617,220599994.65942383
2011-06-29 23:54:00,1.44617,1.44644,1.44612,1.44644,525900001.5258789
2011-06-29 23:55:00,1.44644,1.44648,1.44643,1.44643,135100002.28881836
2011-06-29 23:56:00,1.44644,1.44647,1.44626,1.44631,278799991.607666
2011-06-29 23:57:00,1.44631,1.44644,1.44608,1.44612,950000000.0
2011-06-29 23:58:00,1.44614,1.44619,1.44614,1.44619,109099998.4741211
2011-06-29 23:59:00,1.4462,1.44635,1.4462,1.44635,394399986.26708984
2011-06-30 00:00:00,1.44636,1.44653,1.4459,1.446,1101100006.1035156
2011-06-30 00:01:00,1.446,1.44631,1.446,1.44627,1158099975.5859375
2011-06-30 00:02:00,1.44628,1.4469,1.44628,1.44684,1880200042.7246094
2011-06-30 00:03:00,1.44684,1.44688,1.44654,1.4467,1692100067.1386719
2011-06-30 00:04:00,1.4467,1.44726,1.44669,1.44726,1350800018.3105469
2011-06-30 00:05:00,1.44726,1.44756,1.44714,1.44714,1364799957.2753906
2011-06-30 00:06:00,1.44713,1.44719,1.44702,1.44702,493499984.74121094
2011-06-30 00:07:00,1.44701,1.44701,1.44639,1.44649,1616199951.171875
2011-06-30 00:08:00,1.44649,1.44668,1.44637,1.44652,1140199966.430664
2011-06-30 00:09:00,1.44652,1.44659,1.44635,1.44635,1786000061.0351562
2011-06-30 00:10:00,1.44635,1.44638,1.44619,1.44625,800000000.0
2011-06-30 00:11:00,1.44625,1.44625,1.446,1.44606,857699966.4306641
2011-06-30 00:12:00,1.44606,1.44619,1.4459,1.44609,1127900009.1552734
2011-06-30 00:13:00,1.44611,1.44619,1.44608,1.4461,608899993.8964844
2011-06-30 00:14:00,1.44611,1.44619,1.4461,1.44613,315599994.6594238
2011-06-30 00:15:00,1.44613,1.44616,1.44608,1.44614,676200027.4658203
2011-06-30 00:16:00,1.44614,1.44618,1.44587,1.44587,1058899993.8964844
2011-06-30 00:17:00,1.44588,1.44596,1.44585,1.44589,786500015.2587891
2011-06-30 00:18:00,1.44589,1.44591,1.44579,1.44584,1349700012.2070312
2011-06-30 00:19:00,1.44584,1.44587,1.44579,1.44587,439000015.25878906
2011-06-30 00:20:00,1.44586,1.44618,1.44582,1.44618,1448800048.828125
2011-06-30 00:21:00,1.44618,1.44658,1.44615,1.44632,1499900054.9316406
2011-06-30 00:22:00,1.44632,1.44658,1.44632,1.44658,1084599990.8447266
2011-06-30 00:23:00,1.44659,1.4466,1.44649,1.44649,703199996.9482422
2011-06-30 00:24:00,1.44649,1.44651,1.44636,1.4464,937200012.2070312
2011-06-30 00:25:00,1.44641,1.44682,1.44641,1.44681,1552200012.2070312
2011-06-30 00:26:00,1.4468,1.4468,1.44654,1.44662,1085699996.9482422
2011-06-30 00:27:00,1.44663,1.4467,1.44663,1.44668,429300003.0517578
2011-06-30 00:28:00,1.44668,1.4467,1.44645,1.4465,718600006.1035156
2011-06-30 00:29:00,1.44649,1.44651,1.44632,1.44632,359599990.84472656
2011-06-30 00:30:00,1.44633,1.44642,1.44606,1.44642,1928699951.171875
2011-06-30 00:31:00,1.44645,1.44645,1.44617,1.44622,998000030.5175781
2011-06-30 00:32:00,1.44624,1.44635,1.44624,1.44633,299599990.84472656
2011-06-30 00:33:00,1.44634,1.44635,1.44621,1.44625,727300033.5693359
2011-06-30 00:34:00,1.44627,1.4463,1.44621,1.44627,352200012.20703125
2011-06-30 00:35:00,1.44629,1.44635,1.44629,1.44633,484099998.4741211
2011-06-30 00:36:00,1.44632,1.44641,1.44631,1.4464,337900009.15527344
2011-06-30 00:37:00,1.44636,1.44677,1.44636,1.44677,1424900054.9316406
2011-06-30 00:38:00,1.4468,1.44712,1.4468,1.44699,1757700042.7246094
2011-06-30 00:39:00,1.44699,1.44699,1.44666,1.4467,1165500030.5175781
2011-06-30 00:40:00,1.44672,1.44676,1.44657,1.44668,1197600021.3623047
2011-06-30 00:41:00,1.44668,1.44668,1.44668,1.44668,176599998.4741211
2011-06-30 00:42:00,1.44668,1.44669,1.44642,1.44663,1521300048.828125
2011-06-30 00:43:00,1.44663,1.44663,1.44631,1.44641,993099975.5859375
2011-06-30 00:44:00,1.44643,1.44657,1.44643,1.44657,311800003.0517578
2011-06-30 00:45:00,1.4466,1.44676,1.44649,1.44651,709499969.4824219
2011-06-30 00:46:00,1.44651,1.44655,1.44627,1.44632,1333300018.3105469
2011-06-30 00:47:00,1.44632,1.44634,1.44625,1.44627,427400016.78466797
2011-06-30 00:48:00,1.44629,1.44639,1.44622,1.44628,594799995.4223633
2011-06-30 00:49:00,1.4463,1.44631,1.44626,1.44626,191499996.18530273
2011-06-30 00:50:00,1.44626,1.44649,1.44626,1.44647,816699981.6894531
2011-06-30 00:51:00,1.44647,1.44689,1.44643,1.44689,1295000000.0
2011-06-30 00:52:00,1.44695,1.44708,1.44676,1.44708,940199966.4306641
2011-06-30 00:53:00,1.44708,1.44729,1.44699,1.44699,1171299972.5341797
2011-06-30 00:54:00,1.44695,1.44701,1.44675,1.44688,1813999938.9648438
2011-06-30 00:55:00,1.4469,1.4469,1.44652,1.44671,1343099975.5859375
2011-06-30 00:56:00,1.44671,1.44679,1.44661,1.44667,641600036.6210938
2011-06-30 00:57:00,1.44668,1.447,1.44665,1.447,754599990.8447266
2011-06-30 00:58:00,1.44703,1.44739,1.447,1.44716,1322799987.7929688
2011-06-30 00:59:00,1.44716,1.44718,1.44699,1.44699,1352899932.8613281
2011-06-30 01:00:00,1.44699,1.44702,1.44687,1.44697,825899963.3789062
2011-06-30 01:01:00,1.44697,1.44707,1.44692,1.44694,781699981.6894531
2011-06-30 01:02:00,1.44694,1.44701,1.4467,1.4469,930400009.1552734
2011-06-30 01:03:00,1.44689,1.44709,1.44687,1.44706,791999969.4824219
2011-06-30 01:04:00,1.44706,1.44755,1.44706,1.4474,1545899963.3789062
2011-06-30 01:05:00,1.44741,1.44789,1.44739,1.4477,2024299926.7578125
2011-06-30 01:06:00,1.44772,1.44772,1.4472,1.44733,1858999938.9648438
2011-06-30 01:07:00,1.44732,1.44733,1.44711,1.44711,940299987.7929688
2011-06-30 01:08:00,1.44711,1.44718,1.44702,1.44706,880800018.3105469
2011-06-30 01:09:00,1.44706,1.44706,1.4469,1.44697,1073600006.1035156
2011-06-30 01:10:00,1.44697,1.44712,1.44694,1.4471,468300018.3105469
2011-06-30 01:11:00,1.44711,1.44725,1.44711,1.44725,558699989.3188477
2011-06-30 01:12:00,1.44725,1.44726,1.44699,1.44706,505699996.9482422
2011-06-30 01:13:00,1.44706,1.44724,1.44705,1.44719,364300003.0517578
2011-06-30 01:14:00,1.44719,1.44724,1.44718,1.44718,358899993.8964844
2011-06-30 01:15:00,1.44718,1.44762,1.44713,1.4474,1661399993.8964844
2011-06-30 01:16:00,1.44735,1.44743,1.44674,1.44674,2035599975.5859375
2011-06-30 01:17:00,1.44672,1.44672,1.44657,1.44661,1254100036.6210938
2011-06-30 01:18:00,1.44662,1.447,1.44662,1.44699,1908899993.8964844
2011-06-30 01:19:00,1.44699,1.44708,1.44639,1.4464,1421499938.9648438
2011-06-30 01:20:00,1.44636,1.4464,1.44628,1.44634,1299100036.6210938
2011-06-30 01:21:00,1.44635,1.44638,1.44614,1.4463,1764299926.7578125
2011-06-30 01:22:00,1.44634,1.44648,1.44628,1.44635,988600006.1035156
2011-06-30 01:23:00,1.44633,1.44654,1.44629,1.44632,1369799957.2753906
2011-06-30 01:24:00,1.44632,1.44657,1.44632,1.44652,1024800033.5693359
2011-06-30 01:25:00,1.44651,1.44651,1.4464,1.44642,688000030.5175781
2011-06-30 01:26:00,1.44642,1.44642,1.44602,1.44602,696500015.2587891
2011-06-30 01:27:00,1.44602,1.44608,1.446,1.44602,892300033.5693359
2011-06-30 01:28:00,1.44602,1.44638,1.44602,1.4463,820100021.3623047
2011-06-30 01:29:00,1.44629,1.44635,1.44627,1.4463,439099998.4741211
2011-06-30 01:30:00,1.4463,1.44643,1.4463,1.44641,604900016.784668
2011-06-30 01:31:00,1.4464,1.44672,1.44637,1.44672,898899993.8964844
2011-06-30 01:32:00,1.44671,1.44671,1.44661,1.44664,339599990.84472656
2011-06-30 01:33:00,1.44663,1.44668,1.44649,1.44653,619199981.6894531
2011-06-30 01:34:00,1.44653,1.44653,1.44627,1.44629,1210199966.430664
2011-06-30 01:35:00,1.44629,1.44629,1.44609,1.44611,641200027.4658203
2011-06-30 01:36:00,1.44611,1.44645,1.44608,1.44632,929599990.8447266
2011-06-30 01:37:00,1.44631,1.44641,1.44616,1.44638,966999969.4824219
2011-06-30 01:38:00,1.44634,1.44642,1.44629,1.44632,681699981.6894531
2011-06-30 01:39:00,1.4463,1.44632,1.4463,1.44632,90000000.0
2011-06-30 01:40:00,1.44632,1.44648,1.44619,1.44624,1010400009.1552734
2011-06-30 01:41:00,1.44621,1.44636,1.44618,1.44636,1058399963.3789062
2011-06-30 01:42:00,1.44636,1.44649,1.44619,1.44633,1789400024.4140625
2011-06-30 01:43:00,1.44633,1.4466,1.44633,1.44657,529599990.84472656
2011-06-30 01:44:00,1.44658,1.44666,1.4465,1.4466,703300018.3105469
2011-06-30 01:45:00,1.44663,1.44668,1.44658,1.4466,629099998.4741211
2011-06-30 01:46:00,1.4466,1.44681,1.4466,1.44679,513499984.74121094
2011-06-30 01:47:00,1.4468,1.44695,1.4468,1.44693,684800033.5693359
2011-06-30 01:48:00,1.44693,1.44703,1.44693,1.44698,430800018.3105469
2011-06-30 01:49:00,1.44696,1.44697,1.44683,1.44683,868000030.5175781
2011-06-30 01:50:00,1.44684,1.44684,1.44654,1.44654,953399963.3789062
2011-06-30 01:51:00,1.44654,1.44654,1.44634,1.4464,666699981.6894531
2011-06-30 01:52:00,1.44642,1.44658,1.44639,1.44647,1053300018.3105469
2011-06-30 01:53:00,1.44647,1.44647,1.44631,1.44635,775199966.4306641
2011-06-30 01:54:00,1.44635,1.44635,1.44587,1.44602,1885599975.5859375
2011-06-30 01:55:00,1.44603,1.44625,1.44603,1.44625,529099998.4741211
2011-06-30 01:56:00,1.44626,1.44626,1.44611,1.44623,444900016.78466797
2011-06-30 01:57:00,1.44623,1.44659,1.44623,1.44649,874400024.4140625
2011-06-30 01:58:00,1.4465,1.44659,1.44649,1.44649,746800003.0517578
2011-06-30 01:59:00,1.44648,1.4466,1.44644,1.4466,636800003.0517578
2011-06-30 02:00:00,1.44659,1.44665,1.44652,1.44665,247399997.71118164
2011-06-30 02:01:00,1.44665,1.44671,1.44652,1.44658,464300003.0517578
2011-06-30 02:02:00,1.44657,1.44657,1.44633,1.44633,537799987.7929688
2011-06-30 02:03:00,1.44632,1.44642,1.44631,1.44632,573899993.8964844
2011-06-30 02:04:00,1.44633,1.44652,1.44631,1.44652,616699981.6894531
2011-06-30 02:05:00,1.44655,1.44667,1.44655,1.44655,465400009.15527344
2011-06-30 02:06:00,1.44657,1.4466,1.44657,1.4466,133599996.56677246
2011-06-30 02:07:00,1.44661,1.4468,1.44661,1.44671,571899986.2670898
2011-06-30 02:08:00,1.44669,1.4467,1.44656,1.44662,1000000000.0
2011-06-30 02:09:00,1.44662,1.44674,1.44662,1.44668,487099990.84472656
2011-06-30 02:10:00,1.44667,1.44667,1.44662,1.44664,172800006.86645508
2011-06-30 02:11:00,1.44664,1.44664,1.44661,1.44664,210200004.57763672
2011-06-30 02:12:00,1.44663,1.44668,1.4466,1.44668,232800006.86645508
2011-06-30 02:13:00,1.4467,1.44674,1.44669,1.44673,123199996.94824219
2011-06-30 02:14:00,1.44673,1.44681,1.44668,1.44676,437599983.21533203
2011-06-30 02:15:00,1.44676,1.44677,1.44675,1.44676,153900003.43322754
2011-06-30 02:16:00,1.44676,1.44701,1.44674,1.44692,684499969.4824219
2011-06-30 02:17:00,1.44694,1.44699,1.44692,1.44692,315300006.8664551
2011-06-30 02:18:00,1.44692,1.44725,1.44692,1.44725,739599990.8447266
2011-06-30 02:19:00,1.44725,1.44755,1.44725,1.44742,1300899963.3789062
2011-06-30 02:20:00,1.44741,1.4475,1.44741,1.44745,611300010.6811523
2011-06-30 02:21:00,1.44745,1.44761,1.44745,1.4475,859100036.6210938
2011-06-30 02:22:00,1.44751,1.44761,1.44749,1.44754,587599983.215332
2011-06-30 02:23:00,1.44755,1.44777,1.44751,1.44777,1023199996.9482422
2011-06-30 02:24:00,1.44779,1.44798,1.44762,1.44764,1520800018.3105469
2011-06-30 02:25:00,1.44765,1.44783,1.44765,1.44779,627500000.0
2011-06-30 02:26:00,1.4478,1.44796,1.4478,1.44789,837300033.5693359
2011-06-30 02:27:00,1.44791,1.44921,1.44791,1.44911,4144700012.2070312
2011-06-30 02:28:00,1.44911,1.44911,1.44884,1.44896,1452599945.0683594
2011-06-30 02:29:00,1.44896,1.44897,1.44841,1.44877,2074700012.2070312
2011-06-30 02:30:00,1.44879,1.44899,1.44873,1.44891,848899993.8964844
2011-06-30 02:31:00,1.44889,1.45021,1.44889,1.44988,3438200073.2421875
2011-06-30 02:32:00,1.44984,1.44984,1.44941,1.44946,1496199951.171875
2011-06-30 02:33:00,1.44946,1.44946,1.44931,1.44934,1633899993.8964844
2011-06-30 02:34:00,1.44937,1.45022,1.44937,1.45022,2093899993.8964844
2011-06-30 02:35:00,1.45022,1.45032,1.44965,1.44967,1865399932.8613281
2011-06-30 02:36:00,1.44967,1.44981,1.44965,1.44968,971500015.2587891
2011-06-30 02:37:00,1.44968,1.44982,1.44958,1.44965,1816900024.4140625
2011-06-30 02:38:00,1.44965,1.44984,1.44957,1.44976,1180500030.5175781
2011-06-30 02:39:00,1.44978,1.4499,1.44966,1.44966,1722299957.2753906
2011-06-30 02:40:00,1.44967,1.44967,1.449,1.44901,1454299926.7578125
2011-06-30 02:41:00,1.44901,1.44914,1.4488,1.44894,1197900009.1552734
2011-06-30 02:42:00,1.44898,1.44899,1.44879,1.44896,1055999984.7412109
2011-06-30 02:43:00,1.44896,1.449,1.44887,1.44889,813399963.3789062
2011-06-30 02:44:00,1.44892,1.44905,1.44882,1.44884,1340000000.0
2011-06-30 02:45:00,1.44882,1.44902,1.44881,1.44902,475900001.5258789
2011-06-30 02:46:00,1.449,1.449,1.44864,1.44874,1253099975.5859375
2011-06-30 02:47:00,1.44875,1.449,1.44875,1.44882,1414199981.6894531
2011-06-30 02:48:00,1.4488,1.44892,1.44871,1.4489,1146399993.8964844
2011-06-30 02:49:00,1.44891,1.44909,1.44891,1.44909,525299987.79296875
2011-06-30 02:50:00,1.44911,1.44948,1.44911,1.44938,1430000000.0
2011-06-30 02:51:00,1.44935,1.4497,1.44932,1.44968,1326300048.828125
2011-06-30 02:52:00,1.44968,1.4498,1.44961,1.44961,1206900024.4140625
2011-06-30 02:53:00,1.44959,1.4496,1.44943,1.44957,954300003.0517578
2011-06-30 02:54:00,1.44956,1.44959,1.44942,1.44946,687300033.5693359
2011-06-30 02:55:00,1.44946,1.44946,1.44901,1.44901,1359499969.4824219
2011-06-30 02:56:00,1.44901,1.44959,1.44901,1.44959,1130000000.0
2011-06-30 02:57:00,1.44965,1.44988,1.44961,1.44988,833099975.5859375
2011-06-30 02:58:00,1.44989,1.45003,1.44974,1.44977,1256699981.6894531
2011-06-30 02:59:00,1.44972,1.44981,1.44962,1.44973,1378399963.3789062
2011-06-30 03:00:00,1.44973,1.45092,1.44972,1.45086,2717600097.65625
2011-06-30 03:01:00,1.45085,1.45097,1.45064,1.45064,2207500000.0
2011-06-30 03:02:00,1.45069,1.45074,1.4503,1.45032,1801499938.9648438
2011-06-30 03:03:00,1.4503,1.45057,1.45025,1.4503,1800800018.3105469
2011-06-30 03:04:00,1.45027,1.45103,1.45026,1.45103,1423999938.9648438
2011-06-30 03:05:00,1.45107,1.45159,1.45104,1.45127,2550599975.5859375
2011-06-30 03:06:00,1.45129,1.45129,1.45107,1.45107,1501199951.171875
2011-06-30 03:07:00,1.45108,1.45111,1.45045,1.45047,1942400054.9316406
2011-06-30 03:08:00,1.45048,1.45085,1.45042,1.45063,2401199951.171875
2011-06-30 03:09:00,1.45064,1.45073,1.45061,1.45064,521300010.68115234
2011-06-30 03:10:00,1.45065,1.45091,1.45057,1.45087,756500015.2587891
2011-06-30 03:11:00,1.45081,1.451,1.45074,1.45097,884199981.6894531
2011-06-30 03:12:00,1.45096,1.4512,1.45096,1.45111,1375599975.5859375
2011-06-30 03:13:00,1.45113,1.45114,1.45059,1.45072,2100299987.7929688
2011-06-30 03:14:00,1.45073,1.45073,1.45039,1.45045,1393999938.9648438
2011-06-30 03:15:00,1.45041,1.45049,1.45033,1.45035,1458000030.5175781
2011-06-30 03:16:00,1.45037,1.45038,1.4497,1.44997,2233200073.2421875
2011-06-30 03:17:00,1.44995,1.44996,1.44976,1.44982,1140000000.0
2011-06-30 03:18:00,1.44985,1.45005,1.44976,1.44976,1712700042.7246094
2011-06-30 03:19:00,1.44976,1.45039,1.44972,1.45033,2196300048.828125
2011-06-30 03:20:00,1.45035,1.45037,1.45004,1.4501,2097500000.0
2011-06-30 03:21:00,1.45015,1.45034,1.45013,1.45023,1126200027.4658203
2011-06-30 03:22:00,1.45024,1.45039,1.45024,1.45039,535000000.0
2011-06-30 03:23:00,1.45039,1.45087,1.45039,1.45072,1211500015.258789
2011-06-30 03:24:00,1.45072,1.45072,1.45049,1.45049,394599990.84472656
2011-06-30 03:25:00,1.45047,1.45081,1.45046,1.45056,1868000030.5175781
2011-06-30 03:26:00,1.4506,1.45074,1.45057,1.45074,866900024.4140625
2011-06-30 03:27:00,1.45073,1.45073,1.45059,1.45068,640699996.9482422
2011-06-30 03:28:00,1.45068,1.45076,1.45061,1.45073,1149300003.0517578
2011-06-30 03:29:00,1.45071,1.45071,1.45022,1.45042,1421100006.1035156
2011-06-30 03:30:00,1.45042,1.45058,1.45035,1.45047,729599990.8447266
2011-06-30 03:31:00,1.45047,1.45047,1.45018,1.4502,565499992.3706055
2011-06-30 03:32:00,1.45019,1.45042,1.45014,1.45042,1024499969.4824219
2011-06-30 03:33:00,1.45041,1.45041,1.45024,1.45032,654300003.0517578
2011-06-30 03:34:00,1.45032,1.45034,1.45027,1.45032,1053000030.5175781
2011-06-30 03:35:00,1.45029,1.45037,1.4502,1.45031,884100036.6210938
2011-06-30 03:36:00,1.45032,1.45039,1.45031,1.45031,430099983.21533203
2011-06-30 03:37:00,1.45029,1.45038,1.45024,1.45026,1229199981.6894531
2011-06-30 03:38:00,1.45026,1.45033,1.45005,1.45015,1240000000.0
2011-06-30 03:39:00,1.45013,1.45022,1.45002,1.45016,1264899978.6376953
2011-06-30 03:40:00,1.45016,1.45039,1.45016,1.4503,1316199951.171875
2011-06-30 03:41:00,1.4503,1.4505,1.45028,1.4505,941200027.4658203
2011-06-30 03:42:00,1.45049,1.45089,1.45047,1.45081,1373699951.171875
2011-06-30 03:43:00,1.45081,1.45081,1.45061,1.45066,1508300018.3105469
2011-06-30 03:44:00,1.45069,1.45074,1.4504,1.45054,1059599990.8447266
2011-06-30 03:45:00,1.45054,1.45069,1.4505,1.45061,1239800033.569336
2011-06-30 03:46:00,1.45059,1.45059,1.45048,1.45056,534700012.20703125
2011-06-30 03:47:00,1.45056,1.45067,1.45056,1.45067,442599983.21533203
2011-06-30 03:48:00,1.45068,1.45081,1.45065,1.45081,931500015.2587891
2011-06-30 03:49:00,1.45081,1.45124,1.45076,1.45117,1465000000.0
2011-06-30 03:50:00,1.4512,1.45128,1.45098,1.4512,2753099975.5859375
2011-06-30 03:51:00,1.45122,1.45176,1.45107,1.45176,2463600006.1035156
2011-06-30 03:52:00,1.45178,1.45178,1.45134,1.45136,2587699890.1367188
2011-06-30 03:53:00,1.45135,1.4514,1.45119,1.45119,627099990.8447266
2011-06-30 03:54:00,1.45119,1.45128,1.45117,1.45123,1057399978.6376953
2011-06-30 03:55:00,1.45123,1.45129,1.45115,1.45115,326699981.6894531
2011-06-30 03:56:00,1.45115,1.45116,1.45089,1.45089,655000000.0
2011-06-30 03:57:00,1.45089,1.45105,1.45073,1.45084,1063700027.4658203
2011-06-30 03:58:00,1.45085,1.45085,1.45078,1.45081,899899978.6376953
2011-06-30 03:59:00,1.45081,1.45081,1.45072,1.45074,932900009.1552734
2011-06-30 04:00:00,1.45074,1.45074,1.45058,1.4506,635800018.3105469
2011-06-30 04:01:00,1.4506,1.45064,1.45045,1.45053,948600006.1035156
2011-06-30 04:02:00,1.45056,1.45061,1.45052,1.45055,910899963.3789062
2011-06-30 04:03:00,1.45054,1.45059,1.45047,1.45052,734800033.5693359
2011-06-30 04:04:00,1.45053,1.45061,1.45052,1.4506,391300010.68115234
2011-06-30 04:05:00,1.4506,1.45062,1.45035,1.45051,1451999969.4824219
2011-06-30 04:06:00,1.4505,1.45058,1.45037,1.45037,1120400009.1552734
2011-06-30 04:07:00,1.45037,1.4505,1.45024,1.4505,1645299987.7929688
2011-06-30 04:08:00,1.4505,1.45071,1.45037,1.45071,1056999969.4824219
2011-06-30 04:09:00,1.45071,1.45091,1.45066,1.45086,551399993.8964844
2011-06-30 04:10:00,1.45086,1.45086,1.45071,1.45079,1034700012.2070312
2011-06-30 04:11:00,1.45077,1.45084,1.45074,1.45084,686800003.0517578
2011-06-30 04:12:00,1.45084,1.45086,1.45082,1.45085,487900009.15527344
2011-06-30 04:13:00,1.45084,1.45101,1.45084,1.45101,592500000.0
2011-06-30 04:14:00,1.45101,1.45105,1.45096,1.45099,669700012.2070312
2011-06-30 04:15:00,1.45099,1.45105,1.45082,1.4509,915199966.4306641
2011-06-30 04:16:00,1.4509,1.4509,1.45064,1.45073,863700027.4658203
2011-06-30 04:17:00,1.45073,1.45085,1.45044,1.45081,1162699966.430664
2011-06-30 04:18:00,1.45081,1.45094,1.45064,1.45069,725500030.5175781
2011-06-30 04:19:00,1.45069,1.45072,1.45039,1.45052,1316199951.171875
2011-06-30 04:20:00,1.45051,1.45051,1.45019,1.45019,1183199996.9482422
2011-06-30 04:21:00,1.45017,1.45028,1.45017,1.45025,1272699966.430664
2011-06-30 04:22:00,1.45025,1.45041,1.45025,1.45041,343499984.74121094
2011-06-30 04:23:00,1.45039,1.45058,1.45037,1.45051,1250199966.430664
2011-06-30 04:24:00,1.45049,1.45052,1.45045,1.45052,1174100036.6210938
2011-06-30 04:25:00,1.45052,1.45053,1.4505,1.45052,830999984.7412109
2011-06-30 04:26:00,1.45052,1.45052,1.45029,1.45032,840599975.5859375
2011-06-30 04:27:00,1.45032,1.45044,1.45032,1.45043,896200027.4658203
2011-06-30 04:28:00,1.45046,1.4505,1.45046,1.45046,366199989.31884766
2011-06-30 04:29:00,1.45049,1.45065,1.45047,1.45065,459300003.0517578
2011-06-30 04:30:00,1.45065,1.45069,1.45063,1.45069,371100006.1035156
2011-06-30 04:31:00,1.45067,1.45089,1.45067,1.45088,644599990.8447266
2011-06-30 04:32:00,1.45089,1.45109,1.45084,1.45104,539399986.2670898
2011-06-30 04:33:00,1.45104,1.45125,1.45104,1.45122,1154100036.6210938
2011-06-30 04:34:00,1.45121,1.45178,1.45121,1.45138,1803500061.0351562
2011-06-30 04:35:00,1.45142,1.45153,1.45136,1.45138,1352500000.0
2011-06-30 04:36:00,1.45137,1.45137,1.45094,1.45095,918399963.3789062
2011-06-30 04:37:00,1.45095,1.45104,1.45076,1.451,2194100036.6210938
2011-06-30 04:38:00,1.45101,1.45104,1.45093,1.45097,826600036.6210938
2011-06-30 04:39:00,1.45094,1.45103,1.4509,1.45098,1136999969.4824219
2011-06-30 04:40:00,1.45098,1.45121,1.45098,1.45113,1047900009.1552734
2011-06-30 04:41:00,1.45111,1.45114,1.45087,1.45096,1245800018.3105469
2011-06-30 04:42:00,1.45096,1.45107,1.45088,1.45104,1404499969.4824219
2011-06-30 04:43:00,1.45105,1.45121,1.45099,1.45101,1727299957.2753906
2011-06-30 04:44:00,1.45101,1.4512,1.45099,1.45103,973799972.5341797
2011-06-30 04:45:00,1.45103,1.45112,1.45094,1.45112,1060999984.7412109
2011-06-30 04:46:00,1.45111,1.4513,1.45111,1.4513,992600021.3623047
2011-06-30 04:47:00,1.45132,1.45169,1.45132,1.45143,1336199951.171875
2011-06-30 04:48:00,1.45142,1.45144,1.4512,1.45128,1452899932.8613281
2011-06-30 04:49:00,1.45128,1.45134,1.45122,1.45131,597200012.2070312
2011-06-30 04:50:00,1.45135,1.45135,1.4512,1.45126,981600036.6210938
2011-06-30 04:51:00,1.45126,1.45127,1.45117,1.45117,561100006.1035156
2011-06-30 04:52:00,1.45118,1.45119,1.45095,1.45095,1718999938.9648438
2011-06-30 04:53:00,1.45093,1.45093,1.45071,1.4508,1459299926.7578125
2011-06-30 04:54:00,1.4508,1.4511,1.45078,1.45088,1597799987.7929688
2011-06-30 04:55:00,1.45088,1.45089,1.45069,1.45089,651200027.4658203
2011-06-30 04:56:00,1.45089,1.45124,1.45089,1.45113,1066600036.6210938
2011-06-30 04:57:00,1.45116,1.45123,1.45101,1.45103,1672500000.0
2011-06-30 04:58:00,1.45103,1.45117,1.45101,1.4511,869700012.2070312
2011-06-30 04:59:00,1.45109,1.45124,1.45109,1.45117,1187399978.6376953
2011-06-30 05:00:00,1.45117,1.45138,1.45116,1.45131,966399993.8964844
2011-06-30 05:01:00,1.4513,1.4513,1.45102,1.45114,1609100036.6210938
2011-06-30 05:02:00,1.45112,1.4513,1.45111,1.4513,1376900024.4140625
2011-06-30 05:03:00,1.45128,1.45133,1.45119,1.45131,853399963.3789062
2011-06-30 05:04:00,1.45131,1.4514,1.4513,1.45131,725400009.1552734
2011-06-30 05:05:00,1.45131,1.45136,1.4512,1.45122,1025199966.4306641
2011-06-30 05:06:00,1.4512,1.4512,1.45081,1.45107,2635499877.9296875
2011-06-30 05:07:00,1.45108,1.4511,1.45063,1.45069,1629600067.1386719
2011-06-30 05:08:00,1.45068,1.45073,1.45059,1.4506,1620200042.7246094
2011-06-30 05:09:00,1.45062,1.45069,1.45024,1.45036,1623600006.1035156
2011-06-30 05:10:00,1.45034,1.45059,1.45029,1.45033,1286100006.1035156
2011-06-30 05:11:00,1.45033,1.45036,1.45015,1.45019,1726799926.7578125
2011-06-30 05:12:00,1.4502,1.45039,1.45005,1.45039,1440200042.7246094
2011-06-30 05:13:00,1.45039,1.45066,1.45034,1.45065,1802500000.0
2011-06-30 05:14:00,1.45065,1.45065,1.4504,1.45049,1221699981.6894531
2011-06-30 05:15:00,1.45049,1.45049,1.45025,1.45029,1750899963.3789062
2011-06-30 05:16:00,1.45028,1.45047,1.45021,1.45022,1405399932.8613281
2011-06-30 05:17:00,1.45022,1.45024,1.45006,1.45011,931500015.2587891
2011-06-30 05:18:00,1.45008,1.45015,1.45004,1.45007,1038199996.9482422
2011-06-30 05:19:00,1.45004,1.45004,1.44986,1.44993,2048699951.171875
2011-06-30 05:20:00,1.44993,1.45008,1.44969,1.45008,1783600006.1035156
2011-06-30 05:21:00,1.45007,1.45038,1.45004,1.45031,1526600036.6210938
2011-06-30 05:22:00,1.45031,1.45045,1.4502,1.45027,1498899993.8964844
2011-06-30 05:23:00,1.45027,1.45038,1.45027,1.45034,599900016.784668
2011-06-30 05:24:00,1.45033,1.45036,1.45024,1.45036,465999984.74121094
2011-06-30 05:25:00,1.45036,1.45038,1.45031,1.45034,739199981.6894531
2011-06-30 05:26:00,1.45034,1.45035,1.45009,1.45009,1054400024.4140625
2011-06-30 05:27:00,1.45013,1.45029,1.44997,1.44999,1299700012.2070312
2011-06-30 05:28:00,1.44997,1.44999,1.44989,1.44999,954599990.8447266
2011-06-30 05:29:00,1.45002,1.45017,1.45002,1.45011,952900009.1552734
2011-06-30 05:30:00,1.45011,1.45015,1.45005,1.4501,654499969.4824219
2011-06-30 05:31:00,1.4501,1.4501,1.44978,1.44979,1531100006.1035156
2011-06-30 05:32:00,1.4498,1.44996,1.4498,1.44993,572999992.3706055
2011-06-30 05:33:00,1.44993,1.45004,1.44993,1.45003,450900001.5258789
2011-06-30 05:34:00,1.45002,1.45002,1.44972,1.44976,1353099975.5859375
2011-06-30 05:35:00,1.44976,1.44981,1.44972,1.44979,998399963.3789062
2011-06-30 05:36:00,1.44976,1.4499,1.44973,1.44976,1236800003.0517578
2011-06-30 05:37:00,1.44976,1.44985,1.44967,1.44979,1109700012.2070312
2011-06-30 05:38:00,1.44981,1.44989,1.44976,1.44989,1023700027.4658203
2011-06-30 05:39:00,1.44986,1.45013,1.44984,1.45003,982399978.6376953
2011-06-30 05:40:00,1.45001,1.45003,1.44993,1.45003,468800010.68115234
2011-06-30 05:41:00,1.45003,1.45029,1.45003,1.45023,1030000000.0
2011-06-30 05:42:00,1.45022,1.45027,1.4502,1.45024,555600013.7329102
2011-06-30 05:43:00,1.45025,1.4503,1.45022,1.4503,480299987.79296875
2011-06-30 05:44:00,1.4503,1.4503,1.45023,1.45029,490800018.3105469
2011-06-30 05:45:00,1.45029,1.4503,1.45022,1.45022,571199989.3188477
2011-06-30 05:46:00,1.45021,1.45028,1.45021,1.45025,582000007.6293945
2011-06-30 05:47:00,1.45025,1.45026,1.45023,1.45024,385999984.74121094
2011-06-30 05:48:00,1.45025,1.4503,1.45015,1.45015,672099990.8447266
2011-06-30 05:49:00,1.45015,1.45021,1.45013,1.4502,288099994.6594238
2011-06-30 05:50:00,1.45019,1.45021,1.45014,1.45016,675899963.3789062
2011-06-30 05:51:00,1.45017,1.45026,1.45012,1.45023,536300010.68115234
2011-06-30 05:52:00,1.45024,1.45027,1.45017,1.45018,548800010.6811523
2011-06-30 05:53:00,1.45015,1.45021,1.45012,1.45012,306299991.607666
2011-06-30 05:54:00,1.45012,1.45015,1.45011,1.45015,150000000.0
2011-06-30 05:55:00,1.45016,1.45025,1.45016,1.45021,605699996.9482422
2011-06-30 05:56:00,1.45021,1.45021,1.44998,1.45004,1031500015.2587891
2011-06-30 05:57:00,1.45004,1.45021,1.45,1.45021,796200027.4658203
2011-06-30 05:58:00,1.45022,1.45031,1.45018,1.45029,869899978.6376953
2011-06-30 05:59:00,1.45025,1.45029,1.45018,1.45029,1115100021.3623047
2011-06-30 06:00:00,1.45028,1.4503,1.4499,1.44991,3344700012.2070312
2011-06-30 06:01:00,1.44992,1.44992,1.4496,1.44961,1566300048.828125
2011-06-30 06:02:00,1.44961,1.44961,1.44909,1.44931,2070000000.0
2011-06-30 06:03:00,1.4493,1.44957,1.44926,1.44928,1435599975.5859375
2011-06-30 06:04:00,1.44926,1.44938,1.44921,1.4493,1279800033.569336
2011-06-30 06:05:00,1.4493,1.4495,1.4493,1.44941,1228399963.3789062
2011-06-30 06:06:00,1.44941,1.4497,1.44936,1.44965,2139100036.6210938
2011-06-30 06:07:00,1.44964,1.44978,1.44945,1.44955,2341000061.0351562
2011-06-30 06:08:00,1.44953,1.44953,1.44935,1.4494,1205699996.9482422
2011-06-30 06:09:00,1.44939,1.44956,1.44936,1.44936,1129899978.6376953
2011-06-30 06:10:00,1.44936,1.44936,1.4491,1.4492,1047500000.0
2011-06-30 06:11:00,1.4492,1.4492,1.44879,1.44884,2089199981.6894531
2011-06-30 06:12:00,1.44882,1.44905,1.44851,1.4489,2479199981.689453
2011-06-30 06:13:00,1.4489,1.44904,1.44885,1.44888,1050100021.3623047
2011-06-30 06:14:00,1.44888,1.44891,1.4488,1.4488,1186299972.5341797
2011-06-30 06:15:00,1.4488,1.4488,1.44861,1.44864,1465299987.7929688
2011-06-30 06:16:00,1.44864,1.44884,1.44861,1.44864,1701000061.0351562
2011-06-30 06:17:00,1.44866,1.44893,1.44863,1.4489,1761100006.1035156
2011-06-30 06:18:00,1.44891,1.44901,1.44855,1.44855,1394700012.2070312
2011-06-30 06:19:00,1.44855,1.44904,1.44855,1.44904,1486999969.4824219
2011-06-30 06:20:00,1.44909,1.44912,1.44903,1.44906,1002399978.6376953
2011-06-30 06:21:00,1.44904,1.44912,1.449,1.44908,1427299957.2753906
2011-06-30 06:22:00,1.44909,1.44918,1.44861,1.44871,1791199951.171875
2011-06-30 06:23:00,1.44873,1.44897,1.44873,1.44884,1808099975.5859375
2011-06-30 06:24:00,1.44879,1.44892,1.44868,1.44875,1498000030.5175781
2011-06-30 06:25:00,1.44875,1.44912,1.44875,1.44907,1063700027.4658203
2011-06-30 06:26:00,1.44907,1.44907,1.44883,1.44899,1288300018.3105469
2011-06-30 06:27:00,1.44899,1.44904,1.4487,1.44876,1404600067.1386719
2011-06-30 06:28:00,1.44875,1.4488,1.44847,1.44859,1888699951.171875
2011-06-30 06:29:00,1.44861,1.44892,1.44834,1.44836,2249199981.689453
2011-06-30 06:30:00,1.44839,1.44862,1.44812,1.4485,2382799987.7929688
2011-06-30 06:31:00,1.4485,1.4489,1.4485,1.44883,2127500000.0
2011-06-30 06:32:00,1.44883,1.4491,1.44883,1.4489,1643500061.0351562
2011-06-30 06:33:00,1.44889,1.44892,1.44867,1.44885,1148899993.8964844
2011-06-30 06:34:00,1.44886,1.44887,1.44862,1.44866,1373600006.1035156
2011-06-30 06:35:00,1.44868,1.44876,1.44864,1.4487,929499969.4824219
2011-06-30 06:36:00,1.44871,1.44905,1.44871,1.44885,1598300018.3105469
2011-06-30 06:37:00,1.44885,1.44897,1.44878,1.44885,1238700027.4658203
2011-06-30 06:38:00,1.44886,1.44938,1.44886,1.44924,2420599975.5859375
2011-06-30 06:39:00,1.4492,1.44936,1.44905,1.44931,2926400146.484375
2011-06-30 06:40:00,1.44932,1.44951,1.44931,1.44949,1922599945.0683594
2011-06-30 06:41:00,1.44946,1.44947,1.44923,1.44934,2438500061.0351562
2011-06-30 06:42:00,1.44934,1.44941,1.44931,1.44937,908099975.5859375
2011-06-30 06:43:00,1.44937,1.44959,1.44931,1.44942,1956499938.9648438
2011-06-30 06:44:00,1.44942,1.44957,1.44937,1.44952,1545399932.8613281
2011-06-30 06:45:00,1.44951,1.44954,1.4494,1.44946,2266600036.6210938
2011-06-30 06:46:00,1.44945,1.44945,1.44911,1.44917,1672899932.8613281
2011-06-30 06:47:00,1.44916,1.44941,1.44913,1.4493,1491000061.0351562
2011-06-30 06:48:00,1.44926,1.44946,1.44924,1.44931,1496499938.9648438
2011-06-30 06:49:00,1.44931,1.44933,1.44921,1.44923,960100021.3623047
2011-06-30 06:50:00,1.44922,1.44937,1.4492,1.4493,1385299987.7929688
2011-06-30 06:51:00,1.44929,1.44941,1.44914,1.44924,1361499938.9648438
2011-06-30 06:52:00,1.44923,1.44934,1.44909,1.44909,1301900024.4140625
2011-06-30 06:53:00,1.44909,1.44928,1.44908,1.44926,1271200027.4658203
2011-06-30 06:54:00,1.44927,1.44961,1.44927,1.44957,1575599975.5859375
2011-06-30 06:55:00,1.44955,1.44984,1.44954,1.44975,2100099945.0683594
2011-06-30 06:56:00,1.44977,1.45002,1.44977,1.45002,2046399993.8964844
2011-06-30 06:57:00,1.45001,1.45001,1.44969,1.44971,1996100006.1035156
2011-06-30 06:58:00,1.44971,1.45002,1.44971,1.45002,1480700073.2421875
2011-06-30 06:59:00,1.45002,1.45006,1.44959,1.44959,2260000000.0
2011-06-30 07:00:00,1.4496,1.44995,1.4496,1.44987,2425599975.5859375
2011-06-30 07:01:00,1.44987,1.44987,1.44966,1.44985,1759600067.1386719
2011-06-30 07:02:00,1.4499,1.45018,1.4499,1.45018,1523600006.1035156
2011-06-30 07:03:00,1.45018,1.45056,1.45015,1.45055,2112799987.7929688
2011-06-30 07:04:00,1.45056,1.4506,1.45037,1.45045,2441499938.9648438
2011-06-30 07:05:00,1.45046,1.45077,1.45034,1.45055,2097400054.9316406
2011-06-30 07:06:00,1.45054,1.45054,1.45025,1.45026,1848000030.5175781
2011-06-30 07:07:00,1.45026,1.45026,1.4499,1.44992,2063200073.2421875
2011-06-30 07:08:00,1.4499,1.45021,1.44979,1.45018,1950299987.7929688
2011-06-30 07:09:00,1.45018,1.4506,1.45016,1.45053,2720499877.9296875
2011-06-30 07:10:00,1.45057,1.45091,1.45042,1.4508,2649299926.7578125
2011-06-30 07:11:00,1.45081,1.45093,1.45052,1.45087,3350000000.0
2011-06-30 07:12:00,1.45087,1.45115,1.4508,1.45115,2319400024.4140625
2011-06-30 07:13:00,1.4512,1.4515,1.45112,1.45124,3355700073.2421875
2011-06-30 07:14:00,1.45128,1.45139,1.45079,1.45086,2618200073.2421875
2011-06-30 07:15:00,1.45087,1.45088,1.45062,1.45068,1626199951.171875
2011-06-30 07:16:00,1.45069,1.45086,1.45037,1.45038,1896999969.4824219
2011-06-30 07:17:00,1.45037,1.45081,1.45031,1.45081,2393600006.1035156
2011-06-30 07:18:00,1.45084,1.45116,1.45084,1.45096,2749200134.2773438
2011-06-30 07:19:00,1.45095,1.451,1.45057,1.45077,2452899932.861328
2011-06-30 07:20:00,1.45078,1.45087,1.45045,1.45086,2475200042.7246094
2011-06-30 07:21:00,1.45085,1.45137,1.45085,1.45116,2940899963.3789062
2011-06-30 07:22:00,1.45114,1.45158,1.45101,1.45158,2466799926.7578125
2011-06-30 07:23:00,1.45158,1.45213,1.45158,1.452,4045499877.9296875
2011-06-30 07:24:00,1.452,1.452,1.45156,1.45166,2265800018.310547
2011-06-30 07:25:00,1.45165,1.45179,1.45144,1.4517,2456300048.828125
2011-06-30 07:26:00,1.45171,1.45189,1.4515,1.45181,3252600097.65625
2011-06-30 07:27:00,1.45176,1.45187,1.4514,1.45143,2365899963.3789062
2011-06-30 07:28:00,1.45146,1.45161,1.4512,1.45121,2360299987.7929688
2011-06-30 07:29:00,1.4512,1.45122,1.45081,1.4512,2500500030.517578
2011-06-30 07:30:00,1.45121,1.4514,1.4508,1.4508,2600000000.0
2011-06-30 07:31:00,1.45079,1.45089,1.45051,1.45051,2551100006.1035156
2011-06-30 07:32:00,1.4505,1.45093,1.45041,1.4509,2127799987.7929688
2011-06-30 07:33:00,1.45091,1.45091,1.4506,1.45072,2415200042.7246094
2011-06-30 07:34:00,1.45068,1.45068,1.45019,1.45019,2330500030.517578
2011-06-30 07:35:00,1.45019,1.4502,1.44967,1.44974,2753800048.828125
2011-06-30 07:36:00,1.44971,1.45011,1.44967,1.44999,2401399993.8964844
2011-06-30 07:37:00,1.44996,1.45034,1.44983,1.44991,2759200134.2773438
2011-06-30 07:38:00,1.4499,1.44994,1.4495,1.44951,2061600036.6210938
2011-06-30 07:39:00,1.44951,1.44977,1.4495,1.44962,1920200042.7246094
2011-06-30 07:40:00,1.44961,1.44966,1.44898,1.44903,2356799926.7578125
2011-06-30 07:41:00,1.44905,1.44943,1.44905,1.44935,2208300018.310547
2011-06-30 07:42:00,1.44934,1.44956,1.44932,1.44943,2412700042.7246094
2011-06-30 07:43:00,1.44943,1.44959,1.44935,1.44957,2274400024.4140625
2011-06-30 07:44:00,1.44959,1.44971,1.44959,1.44961,1653699951.171875
2011-06-30 07:45:00,1.44961,1.44972,1.44954,1.44971,1278300018.3105469
2011-06-30 07:46:00,1.44971,1.44981,1.44943,1.44944,1236600036.6210938
2011-06-30 07:47:00,1.44944,1.44946,1.44908,1.4492,1756399993.8964844
2011-06-30 07:48:00,1.44918,1.44947,1.44911,1.44935,1940800018.3105469
2011-06-30 07:49:00,1.44935,1.44939,1.44912,1.44918,1798099975.5859375
2011-06-30 07:50:00,1.44919,1.44925,1.44909,1.44919,2067799987.7929688
2011-06-30 07:51:00,1.44919,1.44923,1.44858,1.4486,2397799987.7929688
2011-06-30 07:52:00,1.4486,1.4486,1.44831,1.44852,2151399993.8964844
2011-06-30 07:53:00,1.44853,1.44874,1.44844,1.44851,2161699981.689453
2011-06-30 07:54:00,1.44851,1.4487,1.44851,1.44859,1695000000.0
2011-06-30 07:55:00,1.44856,1.449,1.44847,1.44897,1571499938.9648438
2011-06-30 07:56:00,1.44898,1.44911,1.44886,1.44895,2661600036.6210938
2011-06-30 07:57:00,1.44896,1.44899,1.44873,1.44885,1763200073.2421875
2011-06-30 07:58:00,1.44886,1.44905,1.44881,1.44899,1911199951.171875
2011-06-30 07:59:00,1.44905,1.44912,1.44863,1.44893,2319700012.2070312
2011-06-30 08:00:00,1.44891,1.44891,1.44871,1.44876,1798999938.9648438
2011-06-30 08:01:00,1.44881,1.44909,1.44879,1.44879,2725899963.3789062
2011-06-30 08:02:00,1.44879,1.44929,1.44874,1.44929,2446000061.0351562
2011-06-30 08:03:00,1.4493,1.4496,1.4493,1.44941,3792999877.9296875
2011-06-30 08:04:00,1.44943,1.44961,1.44921,1.44936,3052999877.9296875
2011-06-30 08:05:00,1.44934,1.44975,1.44924,1.44949,3080899963.3789062
2011-06-30 08:06:00,1.44949,1.44972,1.44945,1.44951,3726099853.515625
2011-06-30 08:07:00,1.44951,1.44953,1.44931,1.44939,1584299926.7578125
2011-06-30 08:08:00,1.44939,1.44939,1.44875,1.44881,2826000061.0351562
2011-06-30 08:09:00,1.44879,1.44897,1.44822,1.44822,2566799926.7578125
2011-06-30 08:10:00,1.4482,1.44822,1.4478,1.44817,2731000061.0351562
2011-06-30 08:11:00,1.44815,1.4485,1.44811,1.44828,2301499938.9648438
2011-06-30 08:12:00,1.44826,1.44838,1.44811,1.44831,1776699981.6894531
2011-06-30 08:13:00,1.44828,1.44829,1.44754,1.44757,2880400085.4492188
2011-06-30 08:14:00,1.44756,1.44779,1.44744,1.44777,2541699981.689453
2011-06-30 08:15:00,1.44777,1.44853,1.44777,1.44853,2746700134.2773438
2011-06-30 08:16:00,1.44854,1.4486,1.44826,1.44831,1846799926.7578125
2011-06-30 08:17:00,1.44827,1.44838,1.44809,1.44827,3859700012.2070312
2011-06-30 08:18:00,1.44826,1.44879,1.44807,1.44864,2665499877.9296875
2011-06-30 08:19:00,1.44867,1.44887,1.44831,1.4485,2387299957.2753906
2011-06-30 08:20:00,1.44851,1.449,1.4484,1.44893,2476999969.482422
2011-06-30 08:21:00,1.44894,1.44931,1.44873,1.4493,2931199951.171875
2011-06-30 08:22:00,1.4493,1.44931,1.44898,1.44907,1609900054.9316406
2011-06-30 08:23:00,1.44908,1.44911,1.44881,1.44895,2163099975.5859375
2011-06-30 08:24:00,1.44897,1.4491,1.44894,1.44904,2852300109.8632812
2011-06-30 08:25:00,1.44905,1.44906,1.44859,1.44888,2703699951.171875
2011-06-30 08:26:00,1.44888,1.44899,1.44879,1.44891,1576999969.4824219
2011-06-30 08:27:00,1.44892,1.44909,1.44886,1.44893,2045000000.0
2011-06-30 08:28:00,1.44895,1.44895,1.4485,1.4485,2524299926.7578125
2011-06-30 08:29:00,1.4485,1.4486,1.44834,1.44837,2103800048.828125
2011-06-30 08:30:00,1.44838,1.44838,1.44791,1.44792,1821300048.828125
2011-06-30 08:31:00,1.44794,1.44848,1.44794,1.44826,2101900024.4140625
2011-06-30 08:32:00,1.44826,1.44845,1.448,1.44802,1890099945.0683594
2011-06-30 08:33:00,1.44801,1.44829,1.44778,1.44825,2399700012.2070312
2011-06-30 08:34:00,1.44823,1.44858,1.4482,1.44858,2683900146.484375
2011-06-30 08:35:00,1.44857,1.4486,1.44833,1.44853,2233899993.8964844
2011-06-30 08:36:00,1.44851,1.44869,1.44838,1.44868,2037500000.0
2011-06-30 08:37:00,1.44868,1.4488,1.44852,1.44871,2036799926.7578125
2011-06-30 08:38:00,1.44869,1.44905,1.44859,1.44901,2920299987.7929688
2011-06-30 08:39:00,1.44901,1.44931,1.44883,1.44926,3030000000.0
2011-06-30 08:40:00,1.44923,1.44951,1.44923,1.4494,2753399963.3789062
2011-06-30 08:41:00,1.44941,1.44955,1.44939,1.44948,2297700042.7246094
2011-06-30 08:42:00,1.44946,1.44949,1.44933,1.44949,1525399932.8613281
2011-06-30 08:43:00,1.44946,1.44961,1.44931,1.4495,1919799957.2753906
2011-06-30 08:44:00,1.44951,1.44972,1.44941,1.44965,2076300048.828125
2011-06-30 08:45:00,1.44964,1.44964,1.44914,1.44914,2314600067.138672
2011-06-30 08:46:00,1.44912,1.44914,1.44869,1.4487,1816900024.4140625
2011-06-30 08:47:00,1.4487,1.44881,1.44862,1.44872,1529199981.6894531
2011-06-30 08:48:00,1.44876,1.44901,1.44869,1.44882,1771799926.7578125
2011-06-30 08:49:00,1.4488,1.44894,1.44851,1.44893,1706799926.7578125
2011-06-30 08:50:00,1.44894,1.44906,1.44875,1.44888,1451900024.4140625
2011-06-30 08:51:00,1.44889,1.44909,1.44883,1.449,1237300033.569336
2011-06-30 08:52:00,1.44899,1.44921,1.44888,1.44904,1814400024.4140625
2011-06-30 08:53:00,1.44904,1.44929,1.44902,1.44929,2117200012.2070312
2011-06-30 08:54:00,1.4493,1.44936,1.44893,1.44895,2104100036.6210938
2011-06-30 08:55:00,1.44895,1.44907,1.44876,1.44876,1377299957.2753906
2011-06-30 08:56:00,1.44876,1.44897,1.44867,1.44867,2381799926.7578125
2011-06-30 08:57:00,1.44866,1.44874,1.44849,1.44851,1335299987.7929688
2011-06-30 08:58:00,1.44851,1.44891,1.44851,1.44869,1626300048.828125
2011-06-30 08:59:00,1.44868,1.44868,1.44811,1.44824,2002100067.1386719
2011-06-30 09:00:00,1.44824,1.44855,1.44819,1.4485,2231499938.9648438
2011-06-30 09:01:00,1.4485,1.44873,1.44833,1.44858,1618699951.171875
2011-06-30 09:02:00,1.44859,1.44868,1.44847,1.4485,1284900054.9316406
2011-06-30 09:03:00,1.4485,1.44874,1.44837,1.44837,1746000061.0351562
2011-06-30 09:04:00,1.44836,1.44836,1.44789,1.44789,2066600036.6210938
2011-06-30 09:05:00,1.4479,1.4485,1.4479,1.44838,2698999938.9648438
2011-06-30 09:06:00,1.44837,1.44871,1.44829,1.44834,2653800048.828125
2011-06-30 09:07:00,1.44832,1.44859,1.44817,1.44836,2829899902.34375
2011-06-30 09:08:00,1.44837,1.44839,1.448,1.44802,2547200012.2070312
2011-06-30 09:09:00,1.44802,1.44829,1.44793,1.44813,2346699981.689453
2011-06-30 09:10:00,1.44812,1.44819,1.44795,1.44819,1431100006.1035156
2011-06-30 09:11:00,1.44824,1.4484,1.44806,1.44808,2574400024.4140625
2011-06-30 09:12:00,1.44807,1.44824,1.44801,1.44824,2031699981.6894531
2011-06-30 09:13:00,1.44822,1.44822,1.44805,1.44819,1148799972.5341797
2011-06-30 09:14:00,1.4482,1.4482,1.44759,1.44759,2206999969.482422
2011-06-30 09:15:00,1.44758,1.44758,1.44711,1.44725,2815299987.7929688
2011-06-30 09:16:00,1.44725,1.4475,1.44701,1.44703,2264199981.689453
2011-06-30 09:17:00,1.44701,1.44742,1.4469,1.4473,1745299987.7929688
2011-06-30 09:18:00,1.4473,1.44735,1.4465,1.44662,2370099945.0683594
2011-06-30 09:19:00,1.44662,1.44696,1.44655,1.44682,2181999969.482422
2011-06-30 09:20:00,1.44682,1.44685,1.44654,1.44668,1970599975.5859375
2011-06-30 09:21:00,1.44668,1.4468,1.44654,1.44668,2803699951.171875
2011-06-30 09:22:00,1.44668,1.44712,1.44668,1.44687,2654599914.5507812
2011-06-30 09:23:00,1.44687,1.44689,1.44639,1.44639,2364700012.2070312
2011-06-30 09:24:00,1.4464,1.44687,1.4464,1.44684,2343399963.3789062
2011-06-30 09:25:00,1.44683,1.44688,1.4467,1.44687,1717799987.7929688
2011-06-30 09:26:00,1.44686,1.44721,1.44677,1.44683,3237300109.8632812
2011-06-30 09:27:00,1.44684,1.4476,1.44683,1.4476,2770199890.1367188
2011-06-30 09:28:00,1.4476,1.44783,1.44747,1.4475,2639100036.6210938
2011-06-30 09:29:00,1.44751,1.44751,1.44709,1.44709,3151499938.9648438
2011-06-30 09:30:00,1.44711,1.4475,1.44702,1.44748,1796799926.7578125
2011-06-30 09:31:00,1.44749,1.44749,1.44731,1.44733,1492899932.8613281
2011-06-30 09:32:00,1.44731,1.44755,1.4472,1.44755,1822599945.0683594
2011-06-30 09:33:00,1.44755,1.44859,1.44755,1.44858,5138499755.859375
2011-06-30 09:34:00,1.44859,1.44876,1.44845,1.44869,3379400024.4140625
2011-06-30 09:35:00,1.44869,1.44898,1.44859,1.44867,3975799865.7226562
2011-06-30 09:36:00,1.44866,1.44875,1.44835,1.44836,2724899902.34375
2011-06-30 09:37:00,1.44836,1.44841,1.44819,1.44821,1199100036.6210938
2011-06-30 09:38:00,1.4482,1.44847,1.4481,1.44834,2115800018.3105469
2011-06-30 09:39:00,1.44833,1.44833,1.4481,1.44816,1543600006.1035156
2011-06-30 09:40:00,1.44816,1.44822,1.44811,1.44821,1122099990.8447266
2011-06-30 09:41:00,1.44825,1.4484,1.44795,1.44795,1678099975.5859375
2011-06-30 09:42:00,1.44793,1.44802,1.44781,1.44791,1593800048.828125
2011-06-30 09:43:00,1.4479,1.44794,1.44746,1.44759,2276600036.6210938
2011-06-30 09:44:00,1.44759,1.44772,1.4473,1.44741,2465099945.0683594
2011-06-30 09:45:00,1.44736,1.44743,1.44709,1.44709,2438399963.3789062
2011-06-30 09:46:00,1.44702,1.44711,1.44679,1.44708,2420000000.0
2011-06-30 09:47:00,1.44705,1.44721,1.44702,1.4471,2188999938.9648438
2011-06-30 09:48:00,1.44712,1.44714,1.44699,1.44706,1529600067.1386719
2011-06-30 09:49:00,1.44706,1.44706,1.44675,1.44682,1682500000.0
2011-06-30 09:50:00,1.44682,1.44685,1.44647,1.44658,3017099914.5507812
2011-06-30 09:51:00,1.44654,1.4466,1.44628,1.44639,2444499969.482422
2011-06-30 09:52:00,1.44639,1.44689,1.44639,1.44687,1947899932.8613281
2011-06-30 09:53:00,1.44687,1.44708,1.44684,1.44701,2275200042.7246094
2011-06-30 09:54:00,1.44701,1.44711,1.44695,1.447,1657299957.2753906
2011-06-30 09:55:00,1.44698,1.44722,1.44697,1.44711,1591499938.9648438
2011-06-30 09:56:00,1.44712,1.44717,1.44648,1.44654,1931300048.828125
2011-06-30 09:57:00,1.44653,1.44706,1.44653,1.4468,2915199890.1367188
2011-06-30 09:58:00,1.4468,1.44686,1.44669,1.44682,1226800003.0517578
2011-06-30 09:59:00,1.44681,1.44702,1.44665,1.44678,2246199951.171875
2011-06-30 10:00:00,1.4468,1.44761,1.4468,1.44733,3026900024.4140625
2011-06-30 10:01:00,1.44732,1.44745,1.44721,1.44724,1379700012.2070312
2011-06-30 10:02:00,1.44723,1.44724,1.44709,1.44723,1051800003.0517578
2011-06-30 10:03:00,1.44723,1.44738,1.44695,1.44695,1796300048.828125
2011-06-30 10:04:00,1.44695,1.44722,1.44687,1.44705,3253399963.3789062
2011-06-30 10:05:00,1.44708,1.44739,1.447,1.44731,2773099975.5859375
2011-06-30 10:06:00,1.4473,1.44731,1.44717,1.44725,1196900024.4140625
2011-06-30 10:07:00,1.4473,1.44749,1.44725,1.44734,2326900024.4140625
2011-06-30 10:08:00,1.44732,1.44746,1.44732,1.44741,1423500061.0351562
2011-06-30 10:09:00,1.44739,1.44774,1.44731,1.44771,2004499969.4824219
2011-06-30 10:10:00,1.44771,1.44793,1.44769,1.44786,2895000000.0
2011-06-30 10:11:00,1.44787,1.4479,1.44771,1.44775,1676900024.4140625
2011-06-30 10:12:00,1.44777,1.4479,1.44759,1.44761,1853899993.8964844
2011-06-30 10:13:00,1.44759,1.44759,1.44731,1.44731,1368500061.0351562
2011-06-30 10:14:00,1.44736,1.44739,1.44732,1.44736,1040999984.7412109
2011-06-30 10:15:00,1.44735,1.44735,1.44708,1.44725,1467799987.7929688
2011-06-30 10:16:00,1.44725,1.44778,1.44725,1.44773,2328000030.517578
2011-06-30 10:17:00,1.44774,1.44781,1.44761,1.44767,1449299926.7578125
2011-06-30 10:18:00,1.44764,1.44799,1.44761,1.44799,2497400054.9316406
2011-06-30 10:19:00,1.448,1.44829,1.4479,1.4479,2444400024.4140625
2011-06-30 10:20:00,1.44787,1.44791,1.44777,1.44778,1792899932.8613281
2011-06-30 10:21:00,1.44778,1.44779,1.44761,1.44779,1821900024.4140625
2011-06-30 10:22:00,1.44778,1.4481,1.44776,1.44798,2083200073.2421875
2011-06-30 10:23:00,1.44797,1.44826,1.44797,1.44806,2015599975.5859375
2011-06-30 10:24:00,1.44806,1.44877,1.44805,1.44877,2596300048.828125
2011-06-30 10:25:00,1.4488,1.44881,1.44833,1.44851,2193300018.310547
2011-06-30 10:26:00,1.44859,1.44863,1.44809,1.44809,2411999969.482422
2011-06-30 10:27:00,1.44804,1.4481,1.44779,1.44782,1840500030.5175781
2011-06-30 10:28:00,1.44783,1.44808,1.4478,1.44807,1360299987.7929688
2011-06-30 10:29:00,1.44807,1.44823,1.4479,1.44823,1542500000.0
2011-06-30 10:30:00,1.44824,1.44873,1.44824,1.44872,2491499938.9648438
2011-06-30 10:31:00,1.44871,1.44871,1.44843,1.44851,2127500000.0
2011-06-30 10:32:00,1.4485,1.44858,1.44832,1.44849,1403999938.9648438
2011-06-30 10:33:00,1.4485,1.44875,1.4485,1.4487,2251600036.6210938
2011-06-30 10:34:00,1.4487,1.44876,1.44842,1.44844,1552100067.1386719
2011-06-30 10:35:00,1.44845,1.44871,1.44843,1.44855,1258099975.5859375
2011-06-30 10:36:00,1.44855,1.44855,1.44814,1.44814,1111399993.8964844
2011-06-30 10:37:00,1.44814,1.44831,1.44814,1.44825,1582599945.0683594
2011-06-30 10:38:00,1.44827,1.44827,1.44791,1.44799,1500000000.0
2011-06-30 10:39:00,1.44801,1.44809,1.44747,1.44755,1849400024.4140625
2011-06-30 10:40:00,1.44753,1.44774,1.4475,1.44759,1687400054.9316406
2011-06-30 10:41:00,1.44759,1.44783,1.44759,1.4478,1416100006.1035156
2011-06-30 10:42:00,1.44779,1.44784,1.44763,1.44764,1127600021.3623047
2011-06-30 10:43:00,1.44765,1.44771,1.44753,1.44753,900199966.4306641
2011-06-30 10:44:00,1.44752,1.44759,1.44729,1.44753,1791600036.6210938
2011-06-30 10:45:00,1.44752,1.44752,1.44724,1.4473,1902599945.0683594
2011-06-30 10:46:00,1.44727,1.44758,1.44721,1.44757,2013000030.5175781
2011-06-30 10:47:00,1.44757,1.44757,1.44731,1.4474,924000015.2587891
2011-06-30 10:48:00,1.44736,1.44738,1.44662,1.44662,1611100006.1035156
2011-06-30 10:49:00,1.44667,1.44708,1.4466,1.44696,2423999938.9648438
2011-06-30 10:50:00,1.44697,1.44749,1.44695,1.44739,2180500030.517578
2011-06-30 10:51:00,1.4474,1.44764,1.44734,1.44758,1884400024.4140625
2011-06-30 10:52:00,1.44757,1.44769,1.44748,1.44748,2007899932.8613281
2011-06-30 10:53:00,1.44748,1.44789,1.44748,1.44771,3062099914.5507812
2011-06-30 10:54:00,1.44767,1.44795,1.44767,1.44783,1785099945.0683594
2011-06-30 10:55:00,1.44783,1.44793,1.44779,1.44782,1322200012.2070312
2011-06-30 10:56:00,1.44781,1.44782,1.44759,1.44761,1649499969.4824219
2011-06-30 10:57:00,1.44761,1.44774,1.4474,1.44754,2055399932.8613281
2011-06-30 10:58:00,1.44752,1.44781,1.44752,1.44774,1444600067.1386719
2011-06-30 10:59:00,1.44774,1.44776,1.44742,1.44752,1385599975.5859375
2011-06-30 11:00:00,1.44752,1.44754,1.44723,1.44725,1697299957.2753906
2011-06-30 11:01:00,1.44725,1.44725,1.44713,1.44714,928099975.5859375
2011-06-30 11:02:00,1.44714,1.44721,1.44713,1.44714,597099990.8447266
2011-06-30 11:03:00,1.44715,1.4473,1.44712,1.44712,1159199981.6894531
2011-06-30 11:04:00,1.44711,1.44711,1.44681,1.44699,1685000000.0
2011-06-30 11:05:00,1.447,1.4474,1.447,1.44736,1769900054.9316406
2011-06-30 11:06:00,1.44738,1.44738,1.44711,1.44711,1443099975.5859375
2011-06-30 11:07:00,1.44712,1.44713,1.4469,1.44691,1807799987.7929688
2011-06-30 11:08:00,1.44689,1.44689,1.44667,1.44679,1883000030.5175781
2011-06-30 11:09:00,1.4468,1.44751,1.4468,1.44749,2263699951.171875
2011-06-30 11:10:00,1.4475,1.44771,1.44747,1.44763,1278000030.5175781
2011-06-30 11:11:00,1.44763,1.44763,1.44741,1.44741,1534100036.6210938
2011-06-30 11:12:00,1.4474,1.4477,1.44739,1.44767,1416799926.7578125
2011-06-30 11:13:00,1.44767,1.44781,1.44761,1.44778,1511499938.9648438
2011-06-30 11:14:00,1.44779,1.44779,1.44741,1.44741,1034899978.6376953
2011-06-30 11:15:00,1.44744,1.44765,1.44734,1.44748,1743099975.5859375
2011-06-30 11:16:00,1.44746,1.44772,1.44746,1.44769,1558899993.8964844
2011-06-30 11:17:00,1.44769,1.44769,1.44733,1.44755,990800018.3105469
2011-06-30 11:18:00,1.44756,1.44778,1.44753,1.44762,1931900024.4140625
2011-06-30 11:19:00,1.44762,1.44772,1.44743,1.44772,2811799926.7578125
2011-06-30 11:20:00,1.44773,1.44778,1.44762,1.44775,1191600036.6210938
2011-06-30 11:21:00,1.44775,1.44781,1.44769,1.4477,1538399963.3789062
2011-06-30 11:22:00,1.44769,1.44773,1.44751,1.44754,1288999938.9648438
2011-06-30 11:23:00,1.44754,1.4477,1.44744,1.44744,1506199951.171875
2011-06-30 11:24:00,1.44746,1.44754,1.44721,1.44721,1463800048.828125
2011-06-30 11:25:00,1.44717,1.44727,1.44711,1.44727,1571999969.4824219
2011-06-30 11:26:00,1.44729,1.44743,1.44725,1.44743,1746799926.7578125
2011-06-30 11:27:00,1.44743,1.44759,1.44729,1.44746,2582399902.34375
2011-06-30 11:28:00,1.44745,1.44746,1.44726,1.44726,1277699966.430664
2011-06-30 11:29:00,1.44725,1.4474,1.44714,1.44732,2230899963.3789062
2011-06-30 11:30:00,1.44733,1.44769,1.44728,1.44766,1814799957.2753906
2011-06-30 11:31:00,1.44765,1.44767,1.4472,1.4472,1767700042.7246094
2011-06-30 11:32:00,1.4472,1.44723,1.44704,1.44704,1537700042.7246094
2011-06-30 11:33:00,1.44709,1.44718,1.44693,1.44705,1608200073.2421875
2011-06-30 11:34:00,1.44707,1.44723,1.44699,1.44707,1444600067.1386719
2011-06-30 11:35:00,1.44706,1.44717,1.44697,1.44712,2010599975.5859375
2011-06-30 11:36:00,1.44711,1.44712,1.44675,1.44676,1581499938.9648438
2011-06-30 11:37:00,1.44676,1.4469,1.44669,1.44671,1540700073.2421875
2011-06-30 11:38:00,1.4467,1.4467,1.44589,1.44623,2277700042.7246094
2011-06-30 11:39:00,1.44623,1.44663,1.44623,1.44663,2434600067.138672
2011-06-30 11:40:00,1.44662,1.44684,1.44652,1.44657,1545899963.3789062
2011-06-30 11:41:00,1.44657,1.4467,1.4465,1.44662,1314499969.4824219
2011-06-30 11:42:00,1.44658,1.44658,1.44591,1.44593,2001600036.6210938
2011-06-30 11:43:00,1.44592,1.44639,1.44543,1.4463,3387399902.34375
2011-06-30 11:44:00,1.44626,1.44629,1.44611,1.44611,2163699951.171875
2011-06-30 11:45:00,1.4461,1.4462,1.44584,1.4462,2108999938.9648438
2011-06-30 11:46:00,1.44621,1.44629,1.44602,1.44629,1609799957.2753906
2011-06-30 11:47:00,1.44629,1.44649,1.44622,1.44624,1655399932.8613281
2011-06-30 11:48:00,1.44625,1.4466,1.44624,1.44635,1628600006.1035156
2011-06-30 11:49:00,1.44636,1.44655,1.44603,1.44605,1782200012.2070312
2011-06-30 11:50:00,1.44604,1.44636,1.44604,1.44612,1678399963.3789062
2011-06-30 11:51:00,1.44611,1.44659,1.44611,1.44647,1786399993.8964844
2011-06-30 11:52:00,1.44645,1.44681,1.44643,1.44678,1755299987.7929688
2011-06-30 11:53:00,1.44677,1.44677,1.44637,1.44637,1948800048.828125
2011-06-30 11:54:00,1.44637,1.44663,1.4462,1.44655,1556499938.9648438
2011-06-30 11:55:00,1.44655,1.44657,1.44622,1.44625,1885000000.0
2011-06-30 11:56:00,1.44625,1.44645,1.44617,1.44644,1432700042.7246094
2011-06-30 11:57:00,1.44644,1.44649,1.44613,1.44617,1454400024.4140625
2011-06-30 11:58:00,1.44617,1.44619,1.44586,1.44611,1965599975.5859375
2011-06-30 11:59:00,1.44612,1.4464,1.44602,1.44606,1934400024.4140625
2011-06-30 12:00:00,1.44606,1.44606,1.44574,1.44597,1958000030.5175781
2011-06-30 12:01:00,1.44597,1.44607,1.4457,1.44587,1767899932.8613281
2011-06-30 12:02:00,1.44588,1.44611,1.44586,1.44596,1777599945.0683594
2011-06-30 12:03:00,1.44595,1.44607,1.44584,1.44605,1380899963.3789062
2011-06-30 12:04:00,1.44604,1.44621,1.44604,1.44617,1395200042.7246094
2011-06-30 12:05:00,1.44619,1.44641,1.44619,1.44633,1906000061.0351562
2011-06-30 12:06:00,1.44639,1.44641,1.44632,1.44634,1536100006.1035156
2011-06-30 12:07:00,1.44636,1.4465,1.44628,1.4463,1270199966.430664
2011-06-30 12:08:00,1.44631,1.44633,1.44624,1.44631,1169499969.4824219
2011-06-30 12:09:00,1.44632,1.4464,1.44595,1.44599,1892799987.7929688
2011-06-30 12:10:00,1.44599,1.44599,1.44565,1.4458,2364600067.138672
2011-06-30 12:11:00,1.4458,1.44591,1.44572,1.44589,1546499938.9648438
2011-06-30 12:12:00,1.44587,1.44602,1.44576,1.44592,1807899932.8613281
2011-06-30 12:13:00,1.44593,1.446,1.44563,1.44563,1479600067.1386719
2011-06-30 12:14:00,1.4456,1.4456,1.44526,1.44531,2713399963.3789062
2011-06-30 12:15:00,1.4453,1.4454,1.44496,1.44513,3727200012.2070312
2011-06-30 12:16:00,1.44515,1.44531,1.44508,1.44523,2404499969.482422
2011-06-30 12:17:00,1.44523,1.44537,1.44523,1.44525,1928600006.1035156
2011-06-30 12:18:00,1.44525,1.44528,1.44475,1.4448,2537599945.0683594
2011-06-30 12:19:00,1.4448,1.4452,1.4448,1.44507,2500200042.7246094
2011-06-30 12:20:00,1.4451,1.44535,1.4451,1.44535,1584199981.6894531
2011-06-30 12:21:00,1.44538,1.44566,1.44534,1.44565,2277200012.2070312
2011-06-30 12:22:00,1.44567,1.44602,1.44563,1.4457,2091799926.7578125
2011-06-30 12:23:00,1.4457,1.44581,1.44569,1.44576,1720399932.8613281
2011-06-30 12:24:00,1.44577,1.44584,1.44572,1.44574,2049299926.7578125
2011-06-30 12:25:00,1.44574,1.44597,1.44574,1.44591,1376699981.6894531
2011-06-30 12:26:00,1.44591,1.446,1.44585,1.44589,1221500015.258789
2011-06-30 12:27:00,1.44589,1.44611,1.44589,1.44609,1913800048.828125
2011-06-30 12:28:00,1.44609,1.44617,1.44605,1.44606,1290599975.5859375
2011-06-30 12:29:00,1.44605,1.44624,1.44594,1.44614,1534499969.4824219
2011-06-30 12:30:00,1.44614,1.44615,1.44566,1.4459,2601400146.484375
2011-06-30 12:31:00,1.44591,1.44617,1.44571,1.44573,2038500061.0351562
2011-06-30 12:32:00,1.44573,1.44613,1.44571,1.44597,1956100006.1035156
2011-06-30 12:33:00,1.44597,1.44631,1.44597,1.4463,1578999938.9648438
2011-06-30 12:34:00,1.44629,1.4463,1.44624,1.44626,1422899932.8613281
2011-06-30 12:35:00,1.44626,1.44644,1.44618,1.44633,1600700073.2421875
2011-06-30 12:36:00,1.44631,1.44658,1.44631,1.44645,2504499969.482422
2011-06-30 12:37:00,1.44643,1.44662,1.44641,1.44662,1463699951.171875
2011-06-30 12:38:00,1.44661,1.44663,1.44641,1.4465,1398300018.3105469
2011-06-30 12:39:00,1.4465,1.44667,1.44633,1.44663,2481000061.0351562
2011-06-30 12:40:00,1.44662,1.44682,1.4465,1.44679,1741000061.0351562
2011-06-30 12:41:00,1.44678,1.44697,1.44667,1.4468,2347500000.0
2011-06-30 12:42:00,1.4468,1.44681,1.4466,1.44667,1681699981.6894531
2011-06-30 12:43:00,1.44667,1.44668,1.44638,1.44641,1579600067.1386719
2011-06-30 12:44:00,1.4464,1.44651,1.44631,1.44632,1220400009.1552734
2011-06-30 12:45:00,1.44631,1.44631,1.4461,1.44618,1590200042.7246094
2011-06-30 12:46:00,1.44619,1.44622,1.44577,1.44601,1771399993.8964844
2011-06-30 12:47:00,1.44602,1.44631,1.44592,1.44631,2286600036.6210938
2011-06-30 12:48:00,1.44634,1.4467,1.44634,1.44662,2333200073.2421875
2011-06-30 12:49:00,1.44663,1.44725,1.44663,1.44725,2605299987.7929688
2011-06-30 12:50:00,1.44727,1.44759,1.44727,1.4473,4084200134.2773438
2011-06-30 12:51:00,1.44729,1.44766,1.44728,1.44756,3106900024.4140625
2011-06-30 12:52:00,1.44756,1.44769,1.44753,1.44768,2913200073.2421875
2011-06-30 12:53:00,1.44767,1.44771,1.44758,1.44765,3458399963.3789062
2011-06-30 12:54:00,1.44765,1.4478,1.44755,1.44778,1913999938.9648438
2011-06-30 12:55:00,1.44776,1.44832,1.44767,1.44811,2653900146.484375
2011-06-30 12:56:00,1.44811,1.44811,1.4475,1.44751,2140299987.7929688
2011-06-30 12:57:00,1.44751,1.44791,1.44741,1.44791,2533699951.171875
2011-06-30 12:58:00,1.4479,1.44862,1.4479,1.4486,2501199951.171875
2011-06-30 12:59:00,1.44859,1.44878,1.4485,1.4485,3156600036.6210938
2011-06-30 13:00:00,1.44852,1.44852,1.44831,1.44831,1913000030.5175781
2011-06-30 13:01:00,1.4483,1.4483,1.44774,1.44782,1853099975.5859375
2011-06-30 13:02:00,1.44778,1.44803,1.44777,1.44802,1940599975.5859375
2011-06-30 13:03:00,1.44801,1.44825,1.44788,1.44796,1885500030.5175781
2011-06-30 13:04:00,1.44796,1.44804,1.44771,1.44794,1899100036.6210938
2011-06-30 13:05:00,1.44792,1.4482,1.44779,1.44779,2235599975.5859375
2011-06-30 13:06:00,1.4478,1.44794,1.4476,1.44789,1646300048.828125
2011-06-30 13:07:00,1.44789,1.44798,1.44771,1.44788,2272599945.0683594
2011-06-30 13:08:00,1.44786,1.44789,1.44759,1.4478,1887100067.1386719
2011-06-30 13:09:00,1.4478,1.44797,1.44771,1.44778,2030800018.3105469
2011-06-30 13:10:00,1.44777,1.44784,1.44705,1.44736,2855899963.3789062
2011-06-30 13:11:00,1.44736,1.44761,1.44725,1.44753,1797899932.8613281
2011-06-30 13:12:00,1.44752,1.44767,1.44746,1.44751,2101100006.1035156
2011-06-30 13:13:00,1.44752,1.44825,1.44751,1.4482,2260200042.7246094
2011-06-30 13:14:00,1.44821,1.44822,1.44781,1.44781,2034299926.7578125
2011-06-30 13:15:00,1.4478,1.44782,1.44707,1.44714,2229400024.4140625
2011-06-30 13:16:00,1.44716,1.44737,1.44684,1.44684,2477700042.7246094
2011-06-30 13:17:00,1.44683,1.44717,1.44663,1.44714,3245599975.5859375
2011-06-30 13:18:00,1.44707,1.44712,1.44688,1.4469,2733900146.484375
2011-06-30 13:19:00,1.44694,1.44713,1.44674,1.44707,3143500061.0351562
2011-06-30 13:20:00,1.44706,1.44728,1.44697,1.44723,1616600036.6210938
2011-06-30 13:21:00,1.44723,1.44759,1.44723,1.44758,2442899932.861328
2011-06-30 13:22:00,1.44758,1.44788,1.44747,1.4476,3842099914.5507812
2011-06-30 13:23:00,1.44759,1.44779,1.44727,1.44737,2628599853.515625
2011-06-30 13:24:00,1.44738,1.44751,1.44694,1.44728,2919899902.34375
2011-06-30 13:25:00,1.44728,1.44751,1.44699,1.44737,2833500061.0351562
2011-06-30 13:26:00,1.44737,1.44765,1.44727,1.44765,3472399902.34375
2011-06-30 13:27:00,1.44765,1.44782,1.44751,1.44751,2660000000.0
2011-06-30 13:28:00,1.44752,1.44767,1.44715,1.44719,1846799926.7578125
2011-06-30 13:29:00,1.44719,1.44722,1.44698,1.44715,1745599975.5859375
2011-06-30 13:30:00,1.44721,1.44735,1.44669,1.44722,3081300048.828125
2011-06-30 13:31:00,1.44721,1.44727,1.44661,1.44678,2284900054.9316406
2011-06-30 13:32:00,1.44677,1.4468,1.44659,1.44673,2825299987.7929688
2011-06-30 13:33:00,1.44674,1.44709,1.44671,1.44681,1659100036.6210938
2011-06-30 13:34:00,1.4468,1.44711,1.44674,1.44706,2031399993.8964844
2011-06-30 13:35:00,1.44709,1.44722,1.4465,1.4465,3528599853.515625
2011-06-30 13:36:00,1.4465,1.4465,1.44608,1.4461,2404100036.6210938
2011-06-30 13:37:00,1.44611,1.44671,1.4459,1.44663,3188399963.3789062
2011-06-30 13:38:00,1.44664,1.44668,1.44622,1.44665,2191399993.8964844
2011-06-30 13:39:00,1.44665,1.44671,1.44603,1.44641,3255199890.1367188
2011-06-30 13:40:00,1.44649,1.44669,1.4461,1.44669,2568099975.5859375
2011-06-30 13:41:00,1.44673,1.44687,1.44659,1.44676,2286300048.828125
2011-06-30 13:42:00,1.44677,1.4483,1.44677,1.44817,3359800109.8632812
2011-06-30 13:43:00,1.44815,1.44837,1.4479,1.44818,2842300109.8632812
2011-06-30 13:44:00,1.44817,1.44817,1.44775,1.44784,2828699951.171875
2011-06-30 13:45:00,1.44784,1.4485,1.44781,1.44829,3016499938.9648438
2011-06-30 13:46:00,1.44828,1.44829,1.44761,1.44789,3111199951.171875
2011-06-30 13:47:00,1.44789,1.44826,1.44756,1.44767,3210199890.1367188
2011-06-30 13:48:00,1.44765,1.44765,1.4466,1.4466,3258599853.515625
2011-06-30 13:49:00,1.44662,1.44692,1.44643,1.44681,4026400146.484375
2011-06-30 13:50:00,1.44684,1.44702,1.44604,1.44604,3094700012.2070312
2011-06-30 13:51:00,1.44603,1.44689,1.44591,1.44687,2704100036.6210938
2011-06-30 13:52:00,1.44687,1.44688,1.44628,1.44653,3259599914.5507812
2011-06-30 13:53:00,1.44652,1.44652,1.44619,1.44633,2554299926.7578125
2011-06-30 13:54:00,1.44631,1.44651,1.44601,1.44624,2836799926.7578125
2011-06-30 13:55:00,1.44629,1.44661,1.44627,1.44651,2837099914.5507812
2011-06-30 13:56:00,1.44651,1.44659,1.44609,1.44609,2340899963.3789062
2011-06-30 13:57:00,1.4461,1.44671,1.4461,1.44662,2710400085.4492188
2011-06-30 13:58:00,1.44662,1.44719,1.44662,1.44701,2171499938.9648438
2011-06-30 13:59:00,1.447,1.447,1.44659,1.44679,2834100036.6210938
2011-06-30 14:00:00,1.44679,1.44714,1.44667,1.44714,2378200073.2421875
2011-06-30 14:01:00,1.44716,1.4476,1.44716,1.44754,3061300048.828125
2011-06-30 14:02:00,1.44752,1.4478,1.4474,1.44752,2611700134.2773438
2011-06-30 14:03:00,1.44752,1.44781,1.44741,1.44743,2809800109.8632812
2011-06-30 14:04:00,1.44741,1.44812,1.4474,1.44809,3764500122.0703125
2011-06-30 14:05:00,1.44811,1.44852,1.44806,1.44827,3291400146.484375
2011-06-30 14:06:00,1.44826,1.44832,1.44798,1.44798,2909599914.5507812
2011-06-30 14:07:00,1.44794,1.44794,1.44766,1.44782,2550599975.5859375
2011-06-30 14:08:00,1.44782,1.44819,1.44758,1.44816,3023800048.828125
2011-06-30 14:09:00,1.44822,1.44848,1.44803,1.44819,3301400146.484375
2011-06-30 14:10:00,1.4482,1.44839,1.44818,1.44826,2803099975.5859375
2011-06-30 14:11:00,1.44825,1.44895,1.44825,1.44857,3755799865.7226562
2011-06-30 14:12:00,1.44858,1.44859,1.44799,1.44799,2283999938.9648438
2011-06-30 14:13:00,1.44799,1.44809,1.4475,1.44754,2171199951.171875
2011-06-30 14:14:00,1.44751,1.44789,1.44751,1.44768,2478600006.1035156
2011-06-30 14:15:00,1.44768,1.44781,1.4474,1.44758,2934599914.5507812
2011-06-30 14:16:00,1.44758,1.44787,1.44737,1.44787,2680499877.9296875
2011-06-30 14:17:00,1.4478,1.44787,1.44747,1.44754,2164900054.9316406
2011-06-30 14:18:00,1.44754,1.4477,1.44739,1.44741,1905299987.7929688
2011-06-30 14:19:00,1.44739,1.44739,1.44674,1.44724,3128099975.5859375
2011-06-30 14:20:00,1.44724,1.44767,1.44719,1.44721,2895100097.65625
2011-06-30 14:21:00,1.44721,1.44769,1.44706,1.44769,2975899963.3789062
2011-06-30 14:22:00,1.44769,1.4483,1.44769,1.44798,3091600036.6210938
2011-06-30 14:23:00,1.44797,1.4483,1.44795,1.44819,1956000061.0351562
2011-06-30 14:24:00,1.44819,1.4486,1.44813,1.4486,2373899993.8964844
2011-06-30 14:25:00,1.44861,1.44949,1.44861,1.44925,3704400024.4140625
2011-06-30 14:26:00,1.44928,1.44928,1.44886,1.44906,2396900024.4140625
2011-06-30 14:27:00,1.44908,1.44933,1.44903,1.44907,2647699890.1367188
2011-06-30 14:28:00,1.44905,1.44923,1.44866,1.44868,2459400024.4140625
2011-06-30 14:29:00,1.44867,1.44913,1.44867,1.44904,2683599853.515625
2011-06-30 14:30:00,1.44903,1.44916,1.4489,1.4491,1943399963.3789062
2011-06-30 14:31:00,1.44908,1.44908,1.44856,1.44856,1729799957.2753906
2011-06-30 14:32:00,1.44858,1.4489,1.44848,1.44889,1940599975.5859375
2011-06-30 14:33:00,1.44888,1.44906,1.44864,1.44883,2309799957.2753906
2011-06-30 14:34:00,1.44883,1.44903,1.4486,1.44895,2362500000.0
2011-06-30 14:35:00,1.44895,1.44955,1.44887,1.44943,2823599853.515625
2011-06-30 14:36:00,1.44943,1.44989,1.44935,1.44989,2763800048.828125
2011-06-30 14:37:00,1.44989,1.44998,1.44938,1.44944,2927300109.8632812
2011-06-30 14:38:00,1.44946,1.44971,1.44945,1.44959,2330399932.861328
2011-06-30 14:39:00,1.44958,1.44962,1.44934,1.44934,2193200073.2421875
2011-06-30 14:40:00,1.44933,1.44938,1.44912,1.44918,2530899963.3789062
2011-06-30 14:41:00,1.44918,1.44927,1.4488,1.4488,2315200042.7246094
2011-06-30 14:42:00,1.44879,1.44966,1.44879,1.44948,3111499938.9648438
2011-06-30 14:43:00,1.44949,1.44986,1.44941,1.44961,2381300048.828125
2011-06-30 14:44:00,1.44963,1.44971,1.44928,1.44933,2834700012.2070312
2011-06-30 14:45:00,1.44933,1.44961,1.44916,1.44932,2732200012.2070312
2011-06-30 14:46:00,1.44932,1.44939,1.44919,1.44936,1863300018.3105469
2011-06-30 14:47:00,1.44934,1.44949,1.4491,1.44925,2259199981.689453
2011-06-30 14:48:00,1.44924,1.44928,1.44906,1.44907,2158899993.8964844
2011-06-30 14:49:00,1.44907,1.4491,1.44884,1.44901,2661300048.828125
2011-06-30 14:50:00,1.44902,1.44937,1.44902,1.4493,1898399963.3789062
2011-06-30 14:51:00,1.4493,1.44931,1.44888,1.44907,1650599975.5859375
2011-06-30 14:52:00,1.44907,1.44913,1.44901,1.44908,1571399993.8964844
2011-06-30 14:53:00,1.44907,1.44907,1.44863,1.44863,2059900054.9316406
2011-06-30 14:54:00,1.44862,1.44882,1.44858,1.44871,2141199951.171875
2011-06-30 14:55:00,1.44871,1.44877,1.44834,1.44851,2427599945.0683594
2011-06-30 14:56:00,1.44851,1.44881,1.44836,1.4488,2340000000.0
2011-06-30 14:57:00,1.4488,1.44881,1.44842,1.44843,1628399963.3789062
2011-06-30 14:58:00,1.44843,1.44912,1.44842,1.44912,2919800109.8632812
2011-06-30 14:59:00,1.44914,1.45,1.44914,1.44991,3614800109.8632812
2011-06-30 15:00:00,1.44992,1.44992,1.44949,1.4496,3376799926.7578125
2011-06-30 15:01:00,1.44959,1.45076,1.44953,1.45075,4461000061.035156
2011-06-30 15:02:00,1.45076,1.45094,1.45072,1.45078,4846499938.964844
2011-06-30 15:03:00,1.45074,1.4516,1.45074,1.45136,3561099853.515625
2011-06-30 15:04:00,1.45135,1.45189,1.45118,1.45176,3521199951.171875
2011-06-30 15:05:00,1.45176,1.45178,1.45157,1.45169,2508000030.517578
2011-06-30 15:06:00,1.45169,1.45259,1.45166,1.45213,4432999877.9296875
2011-06-30 15:07:00,1.45214,1.45238,1.45194,1.452,2800700073.2421875
2011-06-30 15:08:00,1.45201,1.45204,1.45145,1.45145,2779599914.5507812
2011-06-30 15:09:00,1.45145,1.45153,1.45128,1.45128,2138500061.0351562
2011-06-30 15:10:00,1.45128,1.45179,1.45125,1.45157,1936199951.171875
2011-06-30 15:11:00,1.45156,1.45167,1.45138,1.45147,2812300109.8632812
2011-06-30 15:12:00,1.45147,1.45179,1.45138,1.45174,2877600097.65625
2011-06-30 15:13:00,1.45172,1.45234,1.45171,1.45229,3730100097.65625
2011-06-30 15:14:00,1.4523,1.4531,1.45226,1.45228,4372799987.792969
2011-06-30 15:15:00,1.45227,1.45227,1.45204,1.45204,3040199890.1367188
2011-06-30 15:16:00,1.45201,1.45201,1.45138,1.45145,2249700012.2070312
2011-06-30 15:17:00,1.45145,1.45184,1.45141,1.45184,1939400024.4140625
2011-06-30 15:18:00,1.45183,1.45201,1.4518,1.45185,2043800048.828125
2011-06-30 15:19:00,1.45185,1.45189,1.45138,1.45156,2103600006.1035156
2011-06-30 15:20:00,1.45156,1.45162,1.45089,1.45131,2794800109.8632812
2011-06-30 15:21:00,1.45132,1.45189,1.45132,1.45182,1522299957.2753906
2011-06-30 15:22:00,1.45184,1.45238,1.45184,1.45209,2477299957.2753906
2011-06-30 15:23:00,1.45209,1.45259,1.45204,1.45227,2556399993.8964844
2011-06-30 15:24:00,1.45229,1.45229,1.45197,1.45216,1613699951.171875
2011-06-30 15:25:00,1.45215,1.45215,1.45197,1.45198,1158499984.741211
2011-06-30 15:26:00,1.45196,1.45209,1.45191,1.45199,2035099945.0683594
2011-06-30 15:27:00,1.45199,1.4521,1.45157,1.45168,2531600036.6210938
2011-06-30 15:28:00,1.45167,1.45171,1.45138,1.45166,2018600006.1035156
2011-06-30 15:29:00,1.45174,1.45193,1.45159,1.45193,2063600006.1035156
2011-06-30 15:30:00,1.45192,1.45236,1.4519,1.45225,1997500000.0
2011-06-30 15:31:00,1.45225,1.45225,1.4516,1.45176,1593200073.2421875
2011-06-30 15:32:00,1.45175,1.45201,1.4516,1.45199,1451199951.171875
2011-06-30 15:33:00,1.45198,1.45201,1.45176,1.45201,2228800048.828125
2011-06-30 15:34:00,1.45199,1.4523,1.4519,1.45221,1700299987.7929688
2011-06-30 15:35:00,1.45218,1.45223,1.45207,1.45211,1503999938.9648438
2011-06-30 15:36:00,1.4521,1.4521,1.45189,1.45194,1208799972.5341797
2011-06-30 15:37:00,1.45194,1.45207,1.45171,1.45177,1880399932.8613281
2011-06-30 15:38:00,1.45176,1.4518,1.45154,1.45154,2075299987.7929688
2011-06-30 15:39:00,1.45154,1.45167,1.45147,1.45159,1723500061.0351562
2011-06-30 15:40:00,1.4516,1.45166,1.45149,1.45159,933700027.4658203
2011-06-30 15:41:00,1.45159,1.45175,1.45151,1.45174,1657500000.0
2011-06-30 15:42:00,1.45173,1.45179,1.45119,1.45121,1580299987.7929688
2011-06-30 15:43:00,1.45122,1.45129,1.45114,1.45119,1892200012.2070312
2011-06-30 15:44:00,1.45118,1.45118,1.45098,1.45101,1803899993.8964844
2011-06-30 15:45:00,1.45102,1.45127,1.45097,1.45122,1693099975.5859375
2011-06-30 15:46:00,1.45121,1.45135,1.45117,1.45128,1830899963.3789062
2011-06-30 15:47:00,1.45134,1.45157,1.45129,1.45154,1520599975.5859375
2011-06-30 15:48:00,1.45156,1.45166,1.45156,1.45164,1083399963.3789062
2011-06-30 15:49:00,1.45164,1.45165,1.45139,1.45151,1297799987.7929688
2011-06-30 15:50:00,1.45146,1.4515,1.4512,1.4512,1467599945.0683594
2011-06-30 15:51:00,1.45121,1.45125,1.4512,1.45121,841699981.6894531
2011-06-30 15:52:00,1.4512,1.45122,1.45098,1.45099,1166500015.258789
2011-06-30 15:53:00,1.45099,1.45131,1.45097,1.45121,1278600006.1035156
2011-06-30 15:54:00,1.4512,1.45125,1.45112,1.4512,1231200027.4658203
2011-06-30 15:55:00,1.45118,1.45159,1.45112,1.45159,1505299987.7929688
2011-06-30 15:56:00,1.45159,1.45183,1.45159,1.45172,1064400024.4140625
2011-06-30 15:57:00,1.4517,1.45181,1.45149,1.45172,1763999938.9648438
2011-06-30 15:58:00,1.45172,1.45202,1.45145,1.45192,1878699951.171875
2011-06-30 15:59:00,1.45197,1.4524,1.45197,1.45227,1506799926.7578125
2011-06-30 16:00:00,1.45231,1.45254,1.45221,1.45222,1991600036.6210938
2011-06-30 16:01:00,1.45222,1.45228,1.4521,1.4521,1467700042.7246094
2011-06-30 16:02:00,1.45208,1.45211,1.45187,1.45207,1285599975.5859375
2011-06-30 16:03:00,1.45209,1.45245,1.45209,1.45245,1493999938.9648438
2011-06-30 16:04:00,1.45244,1.45254,1.45229,1.45231,1449600067.1386719
2011-06-30 16:05:00,1.45228,1.45238,1.45221,1.45236,1038499984.7412109
2011-06-30 16:06:00,1.45235,1.45239,1.4523,1.45235,876999969.4824219
2011-06-30 16:07:00,1.45237,1.4525,1.45237,1.45249,1156500015.258789
2011-06-30 16:08:00,1.45251,1.45353,1.45248,1.45347,3451499938.9648438
2011-06-30 16:09:00,1.45346,1.45346,1.45314,1.45326,2193899993.8964844
2011-06-30 16:10:00,1.45327,1.45375,1.45325,1.45361,2095200042.7246094
2011-06-30 16:11:00,1.45361,1.45361,1.45301,1.45318,2612300109.8632812
2011-06-30 16:12:00,1.45317,1.45347,1.45305,1.45345,1355399932.8613281
2011-06-30 16:13:00,1.45344,1.45357,1.45325,1.45336,1450000000.0
2011-06-30 16:14:00,1.45335,1.45335,1.45294,1.45299,1207200012.2070312
2011-06-30 16:15:00,1.45299,1.453,1.45289,1.4529,1756000061.0351562
2011-06-30 16:16:00,1.4529,1.45291,1.45257,1.45258,1373600006.1035156
2011-06-30 16:17:00,1.45257,1.45271,1.4523,1.45231,1974299926.7578125
2011-06-30 16:18:00,1.45231,1.4525,1.4523,1.45239,971299972.5341797
2011-06-30 16:19:00,1.45241,1.45242,1.4523,1.45231,1145000000.0
2011-06-30 16:20:00,1.45233,1.45238,1.452,1.45208,1038099975.5859375
2011-06-30 16:21:00,1.45208,1.45219,1.45208,1.45219,1265800018.3105469
2011-06-30 16:22:00,1.45217,1.45219,1.45184,1.45192,1468399963.3789062
2011-06-30 16:23:00,1.45192,1.45231,1.45192,1.4522,1065899963.3789062
2011-06-30 16:24:00,1.4522,1.4522,1.45198,1.452,1412500000.0
2011-06-30 16:25:00,1.452,1.45231,1.452,1.45222,876600036.6210938
2011-06-30 16:26:00,1.45222,1.45231,1.45216,1.4523,882600021.3623047
2011-06-30 16:27:00,1.45235,1.45258,1.45235,1.45255,1533399963.3789062
2011-06-30 16:28:00,1.45255,1.45275,1.45253,1.45272,1048300018.3105469
2011-06-30 16:29:00,1.45272,1.45275,1.45242,1.45246,1069899978.6376953
2011-06-30 16:30:00,1.45249,1.45254,1.45221,1.45229,1144499969.4824219
2011-06-30 16:31:00,1.45229,1.45235,1.45201,1.45208,1366100006.1035156
2011-06-30 16:32:00,1.45207,1.4521,1.45185,1.45189,1093899993.8964844
2011-06-30 16:33:00,1.45189,1.45196,1.45188,1.45196,548800010.6811523
2011-06-30 16:34:00,1.45195,1.45209,1.45188,1.45191,1650500030.5175781
2011-06-30 16:35:00,1.45189,1.45189,1.45173,1.45179,1148600006.1035156
2011-06-30 16:36:00,1.45179,1.45212,1.4517,1.4521,1350000000.0
2011-06-30 16:37:00,1.45206,1.45218,1.45199,1.45201,1069400024.4140625
2011-06-30 16:38:00,1.452,1.452,1.45188,1.4519,853899993.8964844
2011-06-30 16:39:00,1.4519,1.45191,1.45187,1.45189,420999984.74121094
2011-06-30 16:40:00,1.45189,1.452,1.45181,1.45187,1396600036.6210938
2011-06-30 16:41:00,1.45188,1.45191,1.45187,1.45188,478400001.5258789
2011-06-30 16:42:00,1.45188,1.45189,1.45143,1.45145,1296000061.0351562
2011-06-30 16:43:00,1.45145,1.45181,1.45141,1.45171,1648200073.2421875
2011-06-30 16:44:00,1.45172,1.45192,1.45171,1.45189,454799995.4223633
2011-06-30 16:45:00,1.45187,1.45207,1.45179,1.45182,1226800003.0517578
2011-06-30 16:46:00,1.45181,1.45181,1.45168,1.4517,1250500030.5175781
2011-06-30 16:47:00,1.45168,1.45181,1.45161,1.45168,1404199981.6894531
2011-06-30 16:48:00,1.45167,1.45201,1.45167,1.45201,1059700012.2070312
2011-06-30 16:49:00,1.45201,1.45209,1.45185,1.45189,922600021.3623047
2011-06-30 16:50:00,1.4519,1.4519,1.45167,1.45175,1056600036.6210938
2011-06-30 16:51:00,1.45175,1.45176,1.45169,1.45171,982600021.3623047
2011-06-30 16:52:00,1.45171,1.45171,1.451,1.451,1800099945.0683594
2011-06-30 16:53:00,1.451,1.4513,1.45096,1.4513,1342799987.7929688
2011-06-30 16:54:00,1.4513,1.45142,1.45124,1.45134,1151600036.6210938
2011-06-30 16:55:00,1.45132,1.45152,1.4512,1.45152,935500030.5175781
2011-06-30 16:56:00,1.45153,1.45161,1.45128,1.45131,1018300018.3105469
2011-06-30 16:57:00,1.4513,1.45138,1.45127,1.45131,878499984.7412109
2011-06-30 16:58:00,1.45131,1.45141,1.45099,1.45099,1478699951.171875
2011-06-30 16:59:00,1.451,1.45125,1.45099,1.45115,2072200012.2070312
2011-06-30 17:00:00,1.45115,1.45159,1.45115,1.45156,1571900024.4140625
2011-06-30 17:01:00,1.45157,1.45178,1.45153,1.45178,1091200027.4658203
2011-06-30 17:02:00,1.45179,1.45184,1.45165,1.45182,937099990.8447266
2011-06-30 17:03:00,1.45181,1.45199,1.45174,1.45193,1267600021.3623047
2011-06-30 17:04:00,1.45196,1.45215,1.45196,1.45209,1125400009.1552734
2011-06-30 17:05:00,1.45211,1.45221,1.452,1.45211,1110999984.741211
2011-06-30 17:06:00,1.45211,1.45239,1.45211,1.45236,1547400054.9316406
2011-06-30 17:07:00,1.45236,1.45236,1.45218,1.4522,776600036.6210938
2011-06-30 17:08:00,1.4522,1.45223,1.452,1.45205,983000030.5175781
2011-06-30 17:09:00,1.45205,1.45205,1.4519,1.45202,898199996.9482422
2011-06-30 17:10:00,1.45202,1.45202,1.45189,1.45194,745199966.4306641
2011-06-30 17:11:00,1.45194,1.45195,1.4518,1.45186,861299972.5341797
2011-06-30 17:12:00,1.45186,1.45189,1.45179,1.4518,486800003.0517578
2011-06-30 17:13:00,1.4518,1.45195,1.45168,1.45192,950699996.9482422
2011-06-30 17:14:00,1.45193,1.45194,1.4519,1.4519,465900001.5258789
2011-06-30 17:15:00,1.45189,1.45189,1.45173,1.45179,419700012.20703125
2011-06-30 17:16:00,1.45176,1.45181,1.4516,1.45166,1100699996.9482422
2011-06-30 17:17:00,1.45166,1.45166,1.45138,1.4514,765599975.5859375
2011-06-30 17:18:00,1.45138,1.45148,1.45137,1.45141,618899993.8964844
2011-06-30 17:19:00,1.45143,1.45151,1.45143,1.45148,345200004.5776367
2011-06-30 17:20:00,1.45148,1.45175,1.45148,1.45172,919899978.6376953
2011-06-30 17:21:00,1.45173,1.45175,1.45172,1.45172,340800018.3105469
2011-06-30 17:22:00,1.45174,1.45186,1.45172,1.45183,374500007.62939453
2011-06-30 17:23:00,1.45182,1.45184,1.45161,1.45161,748199996.9482422
2011-06-30 17:24:00,1.45161,1.4517,1.45156,1.45157,589099998.4741211
2011-06-30 17:25:00,1.45156,1.45176,1.45156,1.45158,870100021.3623047
2011-06-30 17:26:00,1.45158,1.4517,1.45158,1.4516,1156800003.0517578
2011-06-30 17:27:00,1.4516,1.45169,1.45158,1.45162,680299987.7929688
2011-06-30 17:28:00,1.45162,1.45168,1.45156,1.45168,532500000.0
2011-06-30 17:29:00,1.4517,1.45186,1.4517,1.45176,772600021.3623047
2011-06-30 17:30:00,1.45176,1.45183,1.4517,1.45179,938099975.5859375
2011-06-30 17:31:00,1.45184,1.45184,1.45151,1.45155,1383399963.3789062
2011-06-30 17:32:00,1.45155,1.45171,1.45153,1.45157,925199966.4306641
2011-06-30 17:33:00,1.45156,1.45168,1.45145,1.45163,836299972.5341797
2011-06-30 17:34:00,1.45164,1.45164,1.45155,1.45158,493499984.74121094
2011-06-30 17:35:00,1.4516,1.45164,1.45151,1.45153,477299995.4223633
2011-06-30 17:36:00,1.45153,1.45153,1.45103,1.45109,971600036.6210938
2011-06-30 17:37:00,1.4511,1.45119,1.45102,1.45119,931100006.1035156
2011-06-30 17:38:00,1.45119,1.45119,1.45097,1.451,1202399978.6376953
2011-06-30 17:39:00,1.451,1.45107,1.45082,1.45104,1527500000.0
2011-06-30 17:40:00,1.45105,1.45134,1.45105,1.45129,882399978.6376953
2011-06-30 17:41:00,1.4513,1.45148,1.4513,1.45146,673499984.7412109
2011-06-30 17:42:00,1.45146,1.45152,1.45143,1.45143,1087300033.569336
2011-06-30 17:43:00,1.45143,1.45152,1.45142,1.45148,976600036.6210938
2011-06-30 17:44:00,1.45148,1.45156,1.45148,1.45154,505099983.21533203
2011-06-30 17:45:00,1.45153,1.45161,1.45151,1.45161,745000000.0
2011-06-30 17:46:00,1.45161,1.45165,1.45159,1.45162,716100006.1035156
2011-06-30 17:47:00,1.45161,1.45161,1.45139,1.45139,1023199996.9482422
2011-06-30 17:48:00,1.45138,1.45152,1.45128,1.45152,1053399963.3789062
2011-06-30 17:49:00,1.45157,1.45165,1.45154,1.45162,868799972.5341797
2011-06-30 17:50:00,1.45162,1.45165,1.45151,1.45158,729000015.2587891
2011-06-30 17:51:00,1.45158,1.45159,1.45149,1.45151,560800018.3105469
2011-06-30 17:52:00,1.45151,1.45153,1.4514,1.4514,1333500061.0351562
2011-06-30 17:53:00,1.4514,1.45147,1.45129,1.45131,1173899993.8964844
2011-06-30 17:54:00,1.45131,1.45138,1.45129,1.45134,607000007.6293945
2011-06-30 17:55:00,1.45136,1.4516,1.45131,1.45155,1149599990.8447266
2011-06-30 17:56:00,1.45153,1.45161,1.45147,1.45161,723099975.5859375
2011-06-30 17:57:00,1.45159,1.45162,1.45159,1.45162,176299991.60766602
2011-06-30 17:58:00,1.45164,1.45188,1.45164,1.45181,1361399993.8964844
2011-06-30 17:59:00,1.45182,1.45186,1.45172,1.45172,1325299987.7929688
2011-06-30 18:00:00,1.45168,1.45184,1.45168,1.45183,1018799972.5341797
2011-06-30 18:01:00,1.45183,1.45216,1.45179,1.4521,1163199996.9482422
2011-06-30 18:02:00,1.45209,1.45231,1.45201,1.45231,1374799957.2753906
2011-06-30 18:03:00,1.45231,1.45231,1.45219,1.45222,470000000.0
2011-06-30 18:04:00,1.45222,1.45222,1.4521,1.45215,482799987.79296875
2011-06-30 18:05:00,1.45213,1.45219,1.45201,1.45201,717799987.7929688
2011-06-30 18:06:00,1.45201,1.45207,1.45201,1.45207,533300018.3105469
2011-06-30 18:07:00,1.45208,1.45222,1.45208,1.45222,602099990.8447266
2011-06-30 18:08:00,1.45223,1.4525,1.45218,1.45241,1289600067.1386719
2011-06-30 18:09:00,1.45241,1.45249,1.45238,1.45244,648000030.5175781
2011-06-30 18:10:00,1.45244,1.45249,1.45223,1.45225,1633300018.3105469
2011-06-30 18:11:00,1.45228,1.45228,1.45216,1.45217,991800003.0517578
2011-06-30 18:12:00,1.45217,1.45218,1.45215,1.45217,584700012.2070312
2011-06-30 18:13:00,1.45217,1.45221,1.45195,1.45201,1370399932.8613281
2011-06-30 18:14:00,1.45202,1.45202,1.45182,1.45185,659300003.0517578
2011-06-30 18:15:00,1.45186,1.45201,1.45182,1.45195,806600036.6210938
2011-06-30 18:16:00,1.45195,1.45195,1.45181,1.45181,357200012.20703125
2011-06-30 18:17:00,1.4518,1.45188,1.45179,1.45179,966100006.1035156
2011-06-30 18:18:00,1.45179,1.45179,1.45157,1.45164,985599975.5859375
2011-06-30 18:19:00,1.45163,1.45167,1.45161,1.45167,456300010.68115234
2011-06-30 18:20:00,1.45165,1.45165,1.4515,1.45151,597200012.2070312
2011-06-30 18:21:00,1.45151,1.4516,1.45141,1.45159,1343699951.171875
2011-06-30 18:22:00,1.45158,1.45177,1.4515,1.45153,1571199951.171875
2011-06-30 18:23:00,1.45155,1.45166,1.4515,1.4515,1247500000.0
2011-06-30 18:24:00,1.45149,1.45169,1.45148,1.45167,1174700012.2070312
2011-06-30 18:25:00,1.45168,1.4517,1.45156,1.45159,832600021.3623047
2011-06-30 18:26:00,1.45159,1.45163,1.45146,1.45151,833700027.4658203
2011-06-30 18:27:00,1.45148,1.45158,1.45147,1.45151,575900001.5258789
2011-06-30 18:28:00,1.45151,1.45153,1.45145,1.45149,526100006.1035156
2011-06-30 18:29:00,1.45148,1.4515,1.45137,1.45137,414399986.26708984
2011-06-30 18:30:00,1.45138,1.45147,1.45136,1.45147,458699989.31884766
2011-06-30 18:31:00,1.45148,1.45151,1.45143,1.45147,497000007.62939453
2011-06-30 18:32:00,1.45147,1.45151,1.45137,1.45137,585999984.7412109
2011-06-30 18:33:00,1.45137,1.4516,1.45129,1.4516,652200012.2070312
2011-06-30 18:34:00,1.4516,1.45176,1.4516,1.45176,1048499984.7412109
2011-06-30 18:35:00,1.45176,1.45184,1.45174,1.45184,788099975.5859375
2011-06-30 18:36:00,1.45189,1.45205,1.45182,1.452,985899963.3789062
2011-06-30 18:37:00,1.45199,1.45203,1.45186,1.45193,811699981.6894531
2011-06-30 18:38:00,1.45194,1.45207,1.45191,1.45207,1266600036.6210938
2011-06-30 18:39:00,1.45207,1.45207,1.45177,1.4518,939700012.2070312
2011-06-30 18:40:00,1.45179,1.45183,1.45165,1.45179,1453300018.3105469
2011-06-30 18:41:00,1.45179,1.45202,1.45179,1.45198,1212600021.3623047
2011-06-30 18:42:00,1.45195,1.45212,1.45191,1.45204,917900009.1552734
2011-06-30 18:43:00,1.45204,1.45239,1.45204,1.45227,1298800048.828125
2011-06-30 18:44:00,1.45227,1.45229,1.45211,1.45215,818000030.5175781
2011-06-30 18:45:00,1.45221,1.45221,1.45206,1.45207,772699966.4306641
2011-06-30 18:46:00,1.45206,1.45207,1.45182,1.45192,1241500015.258789
2011-06-30 18:47:00,1.45196,1.45196,1.45178,1.45182,765400009.1552734
2011-06-30 18:48:00,1.45182,1.45189,1.45169,1.4518,1157300033.569336
2011-06-30 18:49:00,1.45179,1.4518,1.45166,1.45167,322000007.62939453
2011-06-30 18:50:00,1.45166,1.45168,1.45152,1.45152,1251999969.4824219
2011-06-30 18:51:00,1.45154,1.4517,1.45152,1.4516,942200012.2070312
2011-06-30 18:52:00,1.45161,1.45173,1.45157,1.4517,715100021.3623047
2011-06-30 18:53:00,1.45168,1.45189,1.45168,1.45188,886699981.6894531
2011-06-30 18:54:00,1.4519,1.45202,1.45183,1.45187,707200012.2070312
2011-06-30 18:55:00,1.45188,1.45189,1.45174,1.45184,1495299987.7929688
2011-06-30 18:56:00,1.45185,1.45186,1.45169,1.45182,945400009.1552734
2011-06-30 18:57:00,1.45181,1.45188,1.45178,1.45187,747699966.4306641
2011-06-30 18:58:00,1.45185,1.45189,1.45179,1.45185,1595899963.3789062
2011-06-30 18:59:00,1.45187,1.45208,1.45175,1.45201,1346300048.828125
2011-06-30 19:00:00,1.45202,1.45205,1.45191,1.45201,784400024.4140625
2011-06-30 19:01:00,1.45198,1.45207,1.45195,1.45195,708000030.5175781
2011-06-30 19:02:00,1.45195,1.45197,1.45171,1.45173,1273600006.1035156
2011-06-30 19:03:00,1.45172,1.45181,1.45164,1.45169,1142900009.1552734
2011-06-30 19:04:00,1.45169,1.45177,1.45155,1.45161,1320399932.8613281
2011-06-30 19:05:00,1.45159,1.45189,1.45157,1.45174,1351499938.9648438
2011-06-30 19:06:00,1.45175,1.45177,1.4517,1.45177,999000015.2587891
2011-06-30 19:07:00,1.45175,1.45176,1.45167,1.45167,479500007.62939453
2011-06-30 19:08:00,1.45167,1.45177,1.45164,1.45167,442000007.62939453
2011-06-30 19:09:00,1.45167,1.45167,1.45165,1.45167,64000000.95367432
2011-06-30 19:10:00,1.45167,1.45168,1.45167,1.45168,22599999.90463257
2011-06-30 19:11:00,1.45167,1.45172,1.45167,1.45171,642099990.8447266
2011-06-30 19:12:00,1.45171,1.45171,1.45169,1.45171,211700000.76293945
2011-06-30 19:13:00,1.4517,1.4517,1.45168,1.4517,184599990.84472656
2011-06-30 19:14:00,1.45171,1.45171,1.45165,1.45168,589000015.2587891
2011-06-30 19:15:00,1.45168,1.4519,1.45165,1.45179,2056799926.7578125
2011-06-30 19:16:00,1.45179,1.45182,1.45179,1.45181,607099990.8447266
2011-06-30 19:17:00,1.45181,1.45181,1.45174,1.45174,275799999.23706055
2011-06-30 19:18:00,1.45175,1.45178,1.45162,1.45162,639000015.2587891
2011-06-30 19:19:00,1.45162,1.45174,1.45161,1.45169,1341600036.6210938
2011-06-30 19:20:00,1.45168,1.45182,1.45154,1.45182,1027799987.7929688
2011-06-30 19:21:00,1.45182,1.45182,1.45166,1.45172,459099998.4741211
2011-06-30 19:22:00,1.45171,1.45183,1.45171,1.45183,457500000.0
2011-06-30 19:23:00,1.45185,1.45189,1.45181,1.45185,618100013.7329102
2011-06-30 19:24:00,1.45184,1.45208,1.45181,1.45207,667500000.0
2011-06-30 19:25:00,1.45205,1.45213,1.452,1.45206,799300003.0517578
2011-06-30 19:26:00,1.45206,1.45206,1.45184,1.45203,645000000.0
2011-06-30 19:27:00,1.45203,1.45228,1.45196,1.4522,1359499969.4824219
2011-06-30 19:28:00,1.45219,1.45219,1.45176,1.45186,1169499969.4824219
2011-06-30 19:29:00,1.45186,1.45197,1.45178,1.45181,1018399963.3789062
2011-06-30 19:30:00,1.45182,1.45185,1.45182,1.45183,215400009.15527344
2011-06-30 19:31:00,1.45183,1.45219,1.45183,1.45219,871399993.8964844
2011-06-30 19:32:00,1.45218,1.45218,1.45193,1.45194,1008899993.8964844
2011-06-30 19:33:00,1.45193,1.45197,1.45177,1.45179,659000015.2587891
2011-06-30 19:34:00,1.45179,1.45187,1.45151,1.45157,900699996.9482422
2011-06-30 19:35:00,1.45159,1.45175,1.45159,1.45173,943499984.7412109
2011-06-30 19:36:00,1.45171,1.45175,1.45171,1.45175,146300001.14440918
2011-06-30 19:37:00,1.45175,1.45185,1.45175,1.45184,629900016.784668
2011-06-30 19:38:00,1.45182,1.45187,1.45173,1.45182,452900009.15527344
2011-06-30 19:39:00,1.45183,1.45185,1.45168,1.45168,569300003.0517578
2011-06-30 19:40:00,1.45168,1.45175,1.45151,1.45162,1059700012.2070312
2011-06-30 19:41:00,1.45163,1.45171,1.45157,1.45159,645299987.7929688
2011-06-30 19:42:00,1.45158,1.45163,1.45148,1.4515,1091500015.258789
2011-06-30 19:43:00,1.4515,1.4515,1.45142,1.45142,648700027.4658203
2011-06-30 19:44:00,1.4514,1.4514,1.45111,1.45115,1043700027.4658203
2011-06-30 19:45:00,1.45112,1.45116,1.45101,1.45115,979700012.2070312
2011-06-30 19:46:00,1.45115,1.45134,1.45106,1.45107,787900009.1552734
2011-06-30 19:47:00,1.45113,1.45127,1.45106,1.45127,1020100021.3623047
2011-06-30 19:48:00,1.45133,1.4514,1.45123,1.45131,1035699996.9482422
2011-06-30 19:49:00,1.45131,1.45131,1.45111,1.45118,1006200027.4658203
2011-06-30 19:50:00,1.45116,1.45117,1.45107,1.4511,1027600021.3623047
2011-06-30 19:51:00,1.45109,1.45117,1.45093,1.45096,1361199951.171875
2011-06-30 19:52:00,1.45097,1.45104,1.45089,1.45089,765699996.9482422
2011-06-30 19:53:00,1.45089,1.45111,1.45089,1.45105,722500000.0
2011-06-30 19:54:00,1.45107,1.45143,1.45105,1.45142,963499984.7412109
2011-06-30 19:55:00,1.4514,1.4514,1.45115,1.45118,903199996.9482422
2011-06-30 19:56:00,1.45117,1.45119,1.45105,1.45114,768700027.4658203
2011-06-30 19:57:00,1.45112,1.45112,1.45094,1.45096,830400009.1552734
2011-06-30 19:58:00,1.45094,1.45094,1.45033,1.45033,1222300033.569336
2011-06-30 19:59:00,1.45033,1.45038,1.44984,1.45005,2797099914.5507812
2011-06-30 20:00:00,1.45005,1.45043,1.45005,1.45024,1785200042.7246094
2011-06-30 20:01:00,1.45027,1.45051,1.45027,1.45051,1561499938.9648438
2011-06-30 20:02:00,1.45051,1.45056,1.45039,1.45045,1225599975.5859375
2011-06-30 20:03:00,1.45049,1.45051,1.45042,1.45046,402000007.62939453
2011-06-30 20:04:00,1.4505,1.4505,1.45047,1.45047,304500007.62939453
2011-06-30 20:05:00,1.45047,1.45047,1.4502,1.45021,981100006.1035156
2011-06-30 20:06:00,1.45017,1.45021,1.45003,1.45004,1360700073.2421875
2011-06-30 20:07:00,1.45008,1.45012,1.4499,1.45,1909400024.4140625
2011-06-30 20:08:00,1.45002,1.45022,1.45002,1.45014,1292299957.2753906
2011-06-30 20:09:00,1.45015,1.45031,1.45009,1.45031,1070400009.1552734
2011-06-30 20:10:00,1.45032,1.45052,1.45032,1.45045,733700027.4658203
2011-06-30 20:11:00,1.45045,1.45057,1.45045,1.45055,432000007.62939453
2011-06-30 20:12:00,1.45055,1.45057,1.45039,1.45045,1282200012.2070312
2011-06-30 20:13:00,1.45046,1.45046,1.45037,1.45042,495000000.0
2011-06-30 20:14:00,1.45042,1.4505,1.45041,1.45046,359300003.0517578
2011-06-30 20:15:00,1.45043,1.45043,1.45025,1.45037,1002300033.5693359
2011-06-30 20:16:00,1.4504,1.45047,1.45026,1.45029,579799995.4223633
2011-06-30 20:17:00,1.45028,1.4503,1.45021,1.45025,286499996.18530273
2011-06-30 20:18:00,1.45031,1.45033,1.45017,1.45028,836299972.5341797
2011-06-30 20:19:00,1.45027,1.45043,1.45027,1.45039,681900024.4140625
2011-06-30 20:20:00,1.45039,1.45043,1.45027,1.45031,948799972.5341797
2011-06-30 20:21:00,1.45031,1.45044,1.45029,1.45029,798199996.9482422
2011-06-30 20:22:00,1.45029,1.4503,1.45021,1.45029,511500015.25878906
2011-06-30 20:23:00,1.45028,1.45029,1.45019,1.45026,1102600021.3623047
2011-06-30 20:24:00,1.45029,1.45041,1.45023,1.45041,630000000.0
2011-06-30 20:25:00,1.45041,1.45042,1.4504,1.45042,82500000.0
2011-06-30 20:26:00,1.45042,1.45073,1.45042,1.45063,801100006.1035156
2011-06-30 20:27:00,1.45063,1.45064,1.45039,1.45039,1239100036.6210938
2011-06-30 20:28:00,1.45035,1.4505,1.45034,1.45045,495999984.74121094
2011-06-30 20:29:00,1.45044,1.45049,1.45019,1.45037,827399978.6376953
2011-06-30 20:30:00,1.45037,1.45054,1.45031,1.45051,476300010.68115234
2011-06-30 20:31:00,1.45051,1.45053,1.4505,1.4505,261000003.81469727
2011-06-30 20:32:00,1.45047,1.45047,1.45038,1.45038,195000000.0
2011-06-30 20:33:00,1.45042,1.45044,1.45025,1.4503,457599983.21533203
2011-06-30 20:34:00,1.4503,1.45036,1.45014,1.45021,392999992.37060547
2011-06-30 20:35:00,1.45022,1.45033,1.45022,1.45027,442500000.0
2011-06-30 20:36:00,1.45027,1.4503,1.45011,1.45013,649800033.5693359
2011-06-30 20:37:00,1.45011,1.45021,1.4501,1.4501,427500000.0
2011-06-30 20:38:00,1.45011,1.45013,1.45011,1.45013,52500000.0
2011-06-30 20:39:00,1.45012,1.45012,1.44997,1.44997,745400009.1552734
2011-06-30 20:40:00,1.44999,1.45042,1.44999,1.45039,766299972.5341797
2011-06-30 20:41:00,1.45038,1.45051,1.45037,1.45041,427200012.20703125
2011-06-30 20:42:00,1.45041,1.45042,1.45036,1.45036,310599994.6594238
2011-06-30 20:43:00,1.45036,1.45041,1.45031,1.45034,282800006.8664551
2011-06-30 20:44:00,1.45035,1.45041,1.45035,1.45041,82500000.0
2011-06-30 20:45:00,1.45039,1.45039,1.45031,1.45034,435900001.5258789
2011-06-30 20:46:00,1.45033,1.45033,1.45002,1.45002,856900024.4140625
2011-06-30 20:47:00,1.44998,1.44998,1.44988,1.44994,188999996.18530273
2011-06-30 20:48:00,1.44992,1.44993,1.44984,1.44987,464300003.0517578
2011-06-30 20:49:00,1.44984,1.44999,1.44984,1.44995,218999996.18530273
2011-06-30 20:50:00,1.44996,1.44999,1.44991,1.44991,298600006.1035156
2011-06-30 20:51:00,1.4499,1.4499,1.44979,1.44979,301499996.18530273
2011-06-30 20:52:00,1.44975,1.4498,1.44962,1.4498,676200027.4658203
2011-06-30 20:53:00,1.44987,1.44996,1.44987,1.44987,423100013.73291016
2011-06-30 20:54:00,1.44986,1.44995,1.44982,1.44995,507799987.79296875
2011-06-30 20:55:00,1.44998,1.44998,1.4499,1.4499,802500000.0
2011-06-30 20:56:00,1.4499,1.44995,1.44981,1.44985,779700012.2070312
2011-06-30 20:57:00,1.4499,1.45006,1.44982,1.45006,2428600006.1035156
2011-06-30 20:58:00,1.45008,1.45015,1.44997,1.4501,852600021.3623047
2011-06-30 20:59:00,1.45011,1.45017,1.45004,1.45014,227700004.57763672
2011-06-30 21:00:00,1.45014,1.45014,1.44995,1.45003,80299997.32971191
2011-06-30 21:01:00,1.45009,1.45009,1.44989,1.44995,156000003.81469727
2011-06-30 21:02:00,1.44994,1.45006,1.44994,1.45006,97500000.0
2011-06-30 21:03:00,1.45002,1.45008,1.45,1.45,70500001.90734863
2011-06-30 21:04:00,1.45,1.45,1.44994,1.44994,175499992.37060547
2011-06-30 21:05:00,1.44994,1.45,1.44991,1.44991,210000000.0
2011-06-30 21:06:00,1.44998,1.45009,1.44998,1.45009,148500003.81469727
2011-06-30 21:07:00,1.45012,1.45015,1.4501,1.45013,143999996.18530273
2011-06-30 21:08:00,1.45013,1.45028,1.45008,1.45028,230300006.86645508
2011-06-30 21:09:00,1.4502,1.45022,1.45019,1.45022,69800000.19073486
2011-06-30 21:10:00,1.45023,1.45035,1.45023,1.45031,143999996.18530273
2011-06-30 21:11:00,1.45027,1.45039,1.45027,1.45036,242999992.37060547
2011-06-30 21:12:00,1.45036,1.45041,1.45031,1.45039,335999984.74121094
2011-06-30 21:13:00,1.45039,1.45041,1.45039,1.45041,75000000.0
2011-06-30 21:14:00,1.45041,1.45044,1.45037,1.45038,165000000.0
2011-06-30 21:15:00,1.45044,1.45056,1.45037,1.45056,592500000.0
2011-06-30 21:16:00,1.45062,1.45108,1.45062,1.45074,1005000000.0
2011-06-30 21:17:00,1.45067,1.45089,1.45054,1.45064,1393500061.0351562
2011-06-30 21:18:00,1.45063,1.45088,1.45063,1.45081,477000007.62939453
2011-06-30 21:19:00,1.45081,1.45082,1.45067,1.4507,240000000.0
2011-06-30 21:20:00,1.4507,1.4507,1.45067,1.45069,97500000.0
2011-06-30 21:21:00,1.45068,1.45074,1.45065,1.45074,171000003.81469727
2011-06-30 21:22:00,1.45081,1.45083,1.45065,1.45065,628600006.1035156
2011-06-30 21:23:00,1.45065,1.45081,1.45065,1.45071,385499992.37060547
2011-06-30 21:24:00,1.45071,1.45074,1.45063,1.45073,478499984.74121094
2011-06-30 21:25:00,1.45073,1.45082,1.45063,1.45077,376500015.25878906
2011-06-30 21:26:00,1.45073,1.45079,1.45052,1.45052,435000000.0
2011-06-30 21:27:00,1.45052,1.45056,1.45052,1.45056,82500000.0
2011-06-30 21:28:00,1.4506,1.45076,1.45059,1.45062,516899986.26708984
2011-06-30 21:29:00,1.45062,1.45062,1.45049,1.45054,238500003.81469727
2011-06-30 21:30:00,1.45049,1.45064,1.45049,1.45059,570000000.0
2011-06-30 21:31:00,1.45061,1.45069,1.45013,1.45014,1026999969.4824219
2011-06-30 21:32:00,1.45019,1.45019,1.44987,1.44998,1169800033.569336
2011-06-30 21:33:00,1.44996,1.45,1.44996,1.44996,227099990.84472656
2011-06-30 21:34:00,1.4499,1.44991,1.44979,1.44984,481500015.25878906
2011-06-30 21:35:00,1.44984,1.44985,1.44977,1.44985,270000000.0
2011-06-30 21:36:00,1.44985,1.44997,1.44985,1.4499,225000000.0
2011-06-30 21:37:00,1.44989,1.44993,1.44965,1.4497,263999996.18530273
2011-06-30 21:38:00,1.4497,1.44986,1.44952,1.44979,744599990.8447266
2011-06-30 21:39:00,1.44975,1.44976,1.4496,1.44961,329300003.0517578
2011-06-30 21:40:00,1.44961,1.45,1.44961,1.44979,529500007.62939453
2011-06-30 21:41:00,1.44978,1.44978,1.44978,1.44978,15000000.0
2011-06-30 21:42:00,1.44973,1.44975,1.44951,1.44955,623199996.9482422
2011-06-30 21:43:00,1.44955,1.44971,1.44955,1.44971,300000000.0
2011-06-30 21:44:00,1.44971,1.44996,1.44968,1.44975,520499992.37060547
2011-06-30 21:45:00,1.44977,1.45004,1.44975,1.44996,1053099975.5859375
2011-06-30 21:46:00,1.44997,1.45004,1.44988,1.44988,373499984.74121094
2011-06-30 21:47:00,1.44988,1.4499,1.44988,1.4499,232500000.0
2011-06-30 21:48:00,1.4499,1.44991,1.4499,1.4499,67500000.0
2011-06-30 21:49:00,1.44998,1.45019,1.44998,1.45011,411800003.0517578
2011-06-30 21:50:00,1.4501,1.4501,1.44988,1.44988,535499992.37060547
2011-06-30 21:51:00,1.44989,1.44991,1.44989,1.4499,60000000.0
2011-06-30 21:52:00,1.4499,1.4499,1.4498,1.44982,172500000.0
2011-06-30 21:53:00,1.44984,1.44984,1.44969,1.44978,389300003.0517578
2011-06-30 21:54:00,1.4498,1.44982,1.44968,1.44968,422500000.0
2011-06-30 21:55:00,1.44966,1.44966,1.44942,1.44942,669000015.2587891
2011-06-30 21:56:00,1.44941,1.44949,1.44933,1.44941,647300033.5693359
2011-06-30 21:57:00,1.44941,1.44941,1.44931,1.44931,127500000.0
2011-06-30 21:58:00,1.44933,1.44939,1.44914,1.44927,705000000.0
2011-06-30 21:59:00,1.44927,1.44927,1.44899,1.44918,1142600021.3623047
2011-06-30 22:00:00,1.44921,1.4493,1.44915,1.4493,1179000015.258789
2011-06-30 22:01:00,1.44929,1.44946,1.44929,1.44944,620999984.7412109
2011-06-30 22:02:00,1.44946,1.44961,1.44941,1.44952,625499992.3706055
2011-06-30 22:03:00,1.44952,1.44971,1.44945,1.44952,560299987.7929688
2011-06-30 22:04:00,1.44961,1.44962,1.44959,1.44959,186000003.81469727
2011-06-30 22:05:00,1.44959,1.44959,1.44945,1.44945,471100006.1035156
2011-06-30 22:06:00,1.44947,1.44949,1.44929,1.44939,443300018.3105469
2011-06-30 22:07:00,1.44941,1.44942,1.4492,1.44929,534900016.78466797
2011-06-30 22:08:00,1.44929,1.44938,1.44914,1.44924,819000015.2587891
2011-06-30 22:09:00,1.44928,1.44936,1.44925,1.44925,330000000.0
2011-06-30 22:10:00,1.44925,1.44925,1.44908,1.44914,834000015.2587891
2011-06-30 22:11:00,1.44916,1.44947,1.44916,1.44927,1018499984.7412109
2011-06-30 22:12:00,1.44931,1.44944,1.44927,1.44927,382500000.0
2011-06-30 22:13:00,1.44928,1.44931,1.44924,1.44924,180000000.0
2011-06-30 22:14:00,1.44924,1.44926,1.44924,1.44926,97500000.0
2011-06-30 22:15:00,1.44924,1.4493,1.44924,1.44929,156000003.81469727
2011-06-30 22:16:00,1.4493,1.44989,1.4493,1.44941,1614100036.6210938
2011-06-30 22:17:00,1.4494,1.44952,1.44935,1.44952,1369600067.1386719
2011-06-30 22:18:00,1.44952,1.4497,1.44952,1.4496,706500015.2587891
2011-06-30 22:19:00,1.44964,1.44982,1.4496,1.44982,803399963.3789062
2011-06-30 22:20:00,1.4498,1.45002,1.4498,1.44988,1044899978.6376953
2011-06-30 22:21:00,1.44989,1.44999,1.44983,1.44989,505499992.37060547
2011-06-30 22:22:00,1.44989,1.45011,1.44983,1.45003,1005400009.1552734
2011-06-30 22:23:00,1.45002,1.4501,1.44999,1.45008,714000015.2587891
2011-06-30 22:24:00,1.45007,1.45013,1.45003,1.45005,360000000.0
2011-06-30 22:25:00,1.45013,1.45015,1.45012,1.45013,225000000.0
2011-06-30 22:26:00,1.45014,1.45014,1.45005,1.45005,405000000.0
2011-06-30 22:27:00,1.4501,1.45025,1.45006,1.45018,549000015.2587891
2011-06-30 22:28:00,1.45014,1.45024,1.45005,1.45017,549000015.2587891
2011-06-30 22:29:00,1.45017,1.45025,1.45017,1.45025,120000000.0
2011-06-30 22:30:00,1.45023,1.4505,1.45022,1.45029,1090899963.3789062
2011-06-30 22:31:00,1.45032,1.45043,1.45031,1.45031,525000000.0
2011-06-30 22:32:00,1.45039,1.45039,1.45031,1.45033,376500015.25878906
2011-06-30 22:33:00,1.45031,1.45032,1.44997,1.45018,1082399978.6376953
2011-06-30 22:34:00,1.45018,1.45018,1.44986,1.45006,552000007.6293945
2011-06-30 22:35:00,1.45006,1.45026,1.45006,1.45019,335999984.74121094
2011-06-30 22:36:00,1.45017,1.45019,1.45016,1.45016,382500000.0
2011-06-30 22:37:00,1.45018,1.4503,1.45015,1.45016,1154899978.6376953
2011-06-30 22:38:00,1.45019,1.45019,1.45002,1.45002,268899993.8964844
2011-06-30 22:39:00,1.45011,1.45013,1.45011,1.45012,75000000.0
2011-06-30 22:40:00,1.45009,1.45009,1.44985,1.44985,435000000.0
2011-06-30 22:41:00,1.44985,1.44985,1.44985,1.44985,60000000.0
2011-06-30 22:42:00,1.44985,1.44985,1.44954,1.44954,687099990.8447266
2011-06-30 22:43:00,1.44954,1.44957,1.44952,1.44955,388499984.74121094
2011-06-30 22:44:00,1.44957,1.44965,1.44953,1.44958,598499984.7412109
2011-06-30 22:45:00,1.44956,1.44956,1.4494,1.44952,508499984.74121094
2011-06-30 22:46:00,1.44953,1.44958,1.44947,1.44956,340499992.37060547
2011-06-30 22:47:00,1.44958,1.44963,1.44954,1.44963,382500000.0
2011-06-30 22:48:00,1.44963,1.44971,1.44962,1.44971,367500000.0
2011-06-30 22:49:00,1.44971,1.44977,1.44968,1.44977,415499992.37060547
2011-06-30 22:50:00,1.44977,1.44986,1.44974,1.44976,633100013.7329102
2011-06-30 22:51:00,1.44972,1.44976,1.44972,1.44973,116999998.09265137
2011-06-30 22:52:00,1.44974,1.44977,1.44961,1.44964,270000000.0
2011-06-30 22:53:00,1.44963,1.44963,1.449,1.44922,1544100036.6210938
2011-06-30 22:54:00,1.44922,1.44949,1.44922,1.44944,600900001.5258789
2011-06-30 22:55:00,1.44945,1.44945,1.44941,1.44941,253500003.81469727
2011-06-30 22:56:00,1.4494,1.4494,1.4494,1.4494,60000000.0
2011-06-30 22:57:00,1.4494,1.44942,1.4494,1.4494,52600002.28881836
2011-06-30 22:58:00,1.44946,1.44953,1.44941,1.44945,557999992.3706055
2011-06-30 22:59:00,1.44945,1.44948,1.44943,1.44944,300000000.0
2011-06-30 23:00:00,1.44945,1.44947,1.44942,1.44943,390099983.21533203
2011-06-30 23:01:00,1.44943,1.44964,1.44943,1.44954,499500007.62939453
2011-06-30 23:02:00,1.44954,1.4496,1.44954,1.44959,297099990.84472656
2011-06-30 23:03:00,1.44959,1.44959,1.44929,1.44949,889199981.6894531
2011-06-30 23:04:00,1.44949,1.4495,1.44931,1.4495,522000007.62939453
2011-06-30 23:05:00,1.44956,1.44956,1.44945,1.44949,306000003.81469727
2011-06-30 23:06:00,1.44943,1.44949,1.44937,1.44947,399799995.4223633
2011-06-30 23:07:00,1.44946,1.44946,1.44931,1.44932,382500000.0
2011-06-30 23:08:00,1.44933,1.44933,1.44922,1.44922,447000007.62939453
2011-06-30 23:09:00,1.44922,1.44922,1.44876,1.44877,1000400009.1552734
2011-06-30 23:10:00,1.44877,1.44889,1.44866,1.44884,807099990.8447266
2011-06-30 23:11:00,1.44884,1.44912,1.44884,1.44907,1005699996.9482422
2011-06-30 23:12:00,1.44907,1.4493,1.44907,1.44909,415999984.74121094
2011-06-30 23:13:00,1.44907,1.44916,1.44901,1.44913,497700004.5776367
2011-06-30 23:14:00,1.44912,1.44921,1.44908,1.44919,305499992.37060547
2011-06-30 23:15:00,1.44919,1.4492,1.44903,1.44907,743600006.1035156
2011-06-30 23:16:00,1.44905,1.44912,1.44899,1.44912,311299991.607666
2011-06-30 23:17:00,1.44912,1.44915,1.44908,1.44908,266499996.18530273
2011-06-30 23:18:00,1.44907,1.44925,1.44907,1.44923,366699981.6894531
2011-06-30 23:19:00,1.44923,1.44923,1.44917,1.44918,240400009.15527344
2011-06-30 23:20:00,1.44917,1.44921,1.44916,1.44916,240200004.57763672
2011-06-30 23:21:00,1.44916,1.44957,1.44916,1.44957,793300018.3105469
2011-06-30 23:22:00,1.44956,1.44969,1.44956,1.44963,318999996.18530273
2011-06-30 23:23:00,1.44962,1.44962,1.44936,1.44936,463600006.1035156
2011-06-30 23:24:00,1.44936,1.4494,1.44933,1.44936,355499992.37060547
2011-06-30 23:25:00,1.44935,1.44935,1.44932,1.44933,284799995.4223633
2011-06-30 23:26:00,1.44933,1.44937,1.44897,1.44897,786600036.6210938
2011-06-30 23:27:00,1.44896,1.44896,1.44878,1.44891,850599975.5859375
2011-06-30 23:28:00,1.44888,1.44888,1.44824,1.44832,1288800048.828125
2011-06-30 23:29:00,1.44831,1.44831,1.44774,1.44797,2522500000.0
2011-06-30 23:30:00,1.44793,1.44815,1.44704,1.44736,2949100036.6210938
2011-06-30 23:31:00,1.44736,1.44748,1.44723,1.44723,1409499969.4824219
2011-06-30 23:32:00,1.44721,1.44759,1.44721,1.44759,1148899993.8964844
2011-06-30 23:33:00,1.44759,1.44775,1.44759,1.44771,805899963.3789062
2011-06-30 23:34:00,1.44771,1.44771,1.44757,1.44766,870999984.7412109
2011-06-30 23:35:00,1.44768,1.44772,1.44766,1.44769,383199996.9482422
2011-06-30 23:36:00,1.44769,1.44789,1.44769,1.44779,794499969.4824219
2011-06-30 23:37:00,1.44779,1.44792,1.44763,1.4477,1603999938.9648438
2011-06-30 23:38:00,1.4477,1.4477,1.44736,1.44742,1353300018.3105469
2011-06-30 23:39:00,1.4474,1.44749,1.4471,1.44721,898399963.3789062
2011-06-30 23:40:00,1.44721,1.44721,1.44695,1.44703,601599998.4741211
2011-06-30 23:41:00,1.44707,1.44763,1.44707,1.44762,929400024.4140625
2011-06-30 23:42:00,1.44764,1.44784,1.44755,1.44772,1085199966.430664
2011-06-30 23:43:00,1.44775,1.44781,1.44768,1.44774,826299972.5341797
2011-06-30 23:44:00,1.44775,1.44804,1.44775,1.44804,539199981.6894531
2011-06-30 23:45:00,1.44809,1.44809,1.44768,1.4477,1002399978.6376953
2011-06-30 23:46:00,1.44767,1.44771,1.44742,1.44766,922600021.3623047
2011-06-30 23:47:00,1.44766,1.44774,1.44764,1.44774,306000003.81469727
2011-06-30 23:48:00,1.44774,1.44774,1.44764,1.44764,521199989.31884766
2011-06-30 23:49:00,1.44764,1.44771,1.44749,1.44771,793499984.7412109
2011-06-30 23:50:00,1.44771,1.44772,1.44721,1.44721,2006600036.6210938
2011-06-30 23:51:00,1.44718,1.44723,1.44685,1.44723,1094000015.258789
2011-06-30 23:52:00,1.44723,1.44757,1.44723,1.44741,721600036.6210938
2011-06-30 23:53:00,1.44741,1.44764,1.44741,1.44756,634700012.2070312
2011-06-30 23:54:00,1.44756,1.44758,1.44737,1.44744,601699981.6894531
2011-06-30 23:55:00,1.44746,1.44773,1.44746,1.44753,613699989.3188477
2011-06-30 23:56:00,1.44753,1.44778,1.44753,1.44774,542500000.0
2011-06-30 23:57:00,1.44773,1.44785,1.44755,1.44779,868199996.9482422
2011-06-30 23:58:00,1.44778,1.44789,1.4475,1.4475,786500015.2587891
2011-06-30 23:59:00,1.44749,1.44749,1.4474,1.44744,617099990.8447266
