Datetime,Open,High,Low,Close,Volume
2012-02-01 00:00:00,1.30756,1.30778,1.30752,1.30763,2455299987.7929688
2012-02-01 00:01:00,1.30763,1.30766,1.30723,1.3074,2069499969.4824219
2012-02-01 00:02:00,1.3074,1.30744,1.30714,1.30714,1492899932.8613281
2012-02-01 00:03:00,1.30714,1.30742,1.30714,1.30742,2065099945.0683594
2012-02-01 00:04:00,1.30742,1.30776,1.30738,1.30771,1823000030.5175781
2012-02-01 00:05:00,1.30771,1.30773,1.30762,1.30762,1125000000.0
2012-02-01 00:06:00,1.30763,1.30767,1.3076,1.30761,1102500000.0
2012-02-01 00:07:00,1.30761,1.30762,1.30753,1.30756,1276900024.4140625
2012-02-01 00:08:00,1.30757,1.30768,1.30752,1.30767,1444799957.2753906
2012-02-01 00:09:00,1.3077,1.30813,1.3077,1.30799,1595700073.2421875
2012-02-01 00:10:00,1.30799,1.30801,1.30789,1.308,1508300018.3105469
2012-02-01 00:11:00,1.308,1.30809,1.3078,1.3078,1577200012.2070312
2012-02-01 00:12:00,1.3078,1.30783,1.30763,1.30765,1181500015.258789
2012-02-01 00:13:00,1.30765,1.30786,1.30765,1.30782,877900009.1552734
2012-02-01 00:14:00,1.30782,1.30787,1.30764,1.30779,2176499938.9648438
2012-02-01 00:15:00,1.30779,1.30792,1.30779,1.30786,1354799957.2753906
2012-02-01 00:16:00,1.30786,1.30802,1.30784,1.30797,1228300018.3105469
2012-02-01 00:17:00,1.30797,1.30808,1.30794,1.30804,1316600036.6210938
2012-02-01 00:18:00,1.30808,1.30813,1.30805,1.3081,904499969.4824219
2012-02-01 00:19:00,1.3081,1.30848,1.30809,1.30848,1537299957.2753906
2012-02-01 00:20:00,1.30845,1.30845,1.30816,1.30816,2038300018.3105469
2012-02-01 00:21:00,1.30817,1.30827,1.30804,1.30808,1366699981.6894531
2012-02-01 00:22:00,1.30808,1.3082,1.30804,1.3082,1215400009.1552734
2012-02-01 00:23:00,1.3082,1.3082,1.30817,1.3082,1292100067.1386719
2012-02-01 00:24:00,1.3082,1.30828,1.30815,1.3082,1359600067.1386719
2012-02-01 00:25:00,1.30822,1.30863,1.30822,1.3086,2215200042.7246094
2012-02-01 00:26:00,1.3086,1.3086,1.30843,1.3085,1509799957.2753906
2012-02-01 00:27:00,1.3085,1.3085,1.30839,1.30841,833600006.1035156
2012-02-01 00:28:00,1.30841,1.30843,1.30836,1.30837,830500030.5175781
2012-02-01 00:29:00,1.30837,1.30839,1.30825,1.30831,675500030.5175781
2012-02-01 00:30:00,1.30828,1.3084,1.30825,1.3083,905699996.9482422
2012-02-01 00:31:00,1.3083,1.30833,1.30822,1.30831,603400001.5258789
2012-02-01 00:32:00,1.30829,1.30851,1.30821,1.30848,1008199996.9482422
2012-02-01 00:33:00,1.30849,1.30852,1.30827,1.30829,667500000.0
2012-02-01 00:34:00,1.3083,1.30834,1.30823,1.30823,831200027.4658203
2012-02-01 00:35:00,1.30825,1.30825,1.30779,1.30779,2056100006.1035156
2012-02-01 00:36:00,1.30779,1.30789,1.30779,1.30789,1480899963.3789062
2012-02-01 00:37:00,1.30789,1.30799,1.30788,1.30798,1178000030.5175781
2012-02-01 00:38:00,1.30798,1.30798,1.30791,1.30796,755400009.1552734
2012-02-01 00:39:00,1.30796,1.30824,1.30791,1.30821,2005899963.3789062
2012-02-01 00:40:00,1.30821,1.30836,1.30821,1.30835,1645000000.0
2012-02-01 00:41:00,1.30835,1.30858,1.30833,1.30857,623800010.6811523
2012-02-01 00:42:00,1.30856,1.30866,1.30844,1.30845,1388699951.171875
2012-02-01 00:43:00,1.30844,1.30852,1.30843,1.30851,1006200027.4658203
2012-02-01 00:44:00,1.30851,1.30863,1.30829,1.30829,1860599975.5859375
2012-02-01 00:45:00,1.30831,1.30831,1.30812,1.30812,1070999984.7412109
2012-02-01 00:46:00,1.30812,1.30825,1.30807,1.30824,1613699951.171875
2012-02-01 00:47:00,1.30824,1.30834,1.30822,1.30829,886699981.6894531
2012-02-01 00:48:00,1.30829,1.30835,1.30828,1.30832,829199981.6894531
2012-02-01 00:49:00,1.30832,1.30834,1.3081,1.30816,1362700042.7246094
2012-02-01 00:50:00,1.30821,1.30821,1.30786,1.30786,2056799926.7578125
2012-02-01 00:51:00,1.30786,1.30794,1.30765,1.30771,2351399993.8964844
2012-02-01 00:52:00,1.30773,1.30773,1.30742,1.30752,1602200012.2070312
2012-02-01 00:53:00,1.30751,1.30754,1.30732,1.30734,1801699981.6894531
2012-02-01 00:54:00,1.30728,1.30733,1.30712,1.30719,2221499938.9648438
2012-02-01 00:55:00,1.30713,1.30728,1.30702,1.30718,1994100036.6210938
2012-02-01 00:56:00,1.30718,1.30741,1.30718,1.30737,2604800109.8632812
2012-02-01 00:57:00,1.30737,1.30746,1.30733,1.30733,1360000000.0
2012-02-01 00:58:00,1.30733,1.30772,1.30729,1.30761,2166600036.6210938
2012-02-01 00:59:00,1.30762,1.30776,1.30757,1.30763,2478699951.171875
2012-02-01 01:00:00,1.30761,1.30828,1.3074,1.30828,3210299987.7929688
2012-02-01 01:01:00,1.3083,1.3083,1.30804,1.30806,2119400024.4140625
2012-02-01 01:02:00,1.30806,1.30806,1.3072,1.3072,3071400146.484375
2012-02-01 01:03:00,1.30722,1.3073,1.30645,1.3066,3114200134.2773438
2012-02-01 01:04:00,1.3066,1.3069,1.30649,1.30679,2758900146.484375
2012-02-01 01:05:00,1.30679,1.30702,1.30678,1.30695,2246900024.4140625
2012-02-01 01:06:00,1.30695,1.30699,1.30662,1.30671,2433399963.3789062
2012-02-01 01:07:00,1.30667,1.30669,1.30648,1.30651,1641100006.1035156
2012-02-01 01:08:00,1.3065,1.30651,1.30635,1.30649,1927100067.1386719
2012-02-01 01:09:00,1.30655,1.3071,1.30654,1.30709,2751900024.4140625
2012-02-01 01:10:00,1.30712,1.30773,1.3071,1.3077,3149400024.4140625
2012-02-01 01:11:00,1.3077,1.3077,1.3073,1.3073,1859600067.1386719
2012-02-01 01:12:00,1.3073,1.3076,1.30728,1.30755,1861100006.1035156
2012-02-01 01:13:00,1.30756,1.30765,1.30749,1.3075,1758200073.2421875
2012-02-01 01:14:00,1.3075,1.3077,1.30743,1.3076,1939700012.2070312
2012-02-01 01:15:00,1.30763,1.30785,1.30763,1.30769,1627799987.7929688
2012-02-01 01:16:00,1.30767,1.30777,1.30764,1.30764,1690700073.2421875
2012-02-01 01:17:00,1.30767,1.30772,1.30749,1.3075,1796000061.0351562
2012-02-01 01:18:00,1.3075,1.3075,1.30728,1.30728,1702400054.9316406
2012-02-01 01:19:00,1.30728,1.30744,1.30716,1.30744,2692300109.8632812
2012-02-01 01:20:00,1.30744,1.30759,1.30738,1.30759,1972400054.9316406
2012-02-01 01:21:00,1.30759,1.3076,1.30743,1.30758,1728300018.3105469
2012-02-01 01:22:00,1.30758,1.30767,1.30672,1.30672,2982900085.4492188
2012-02-01 01:23:00,1.30679,1.30679,1.30638,1.30668,2585499877.9296875
2012-02-01 01:24:00,1.30671,1.30672,1.3065,1.30657,2121900024.4140625
2012-02-01 01:25:00,1.30659,1.30664,1.30629,1.30638,2220800018.310547
2012-02-01 01:26:00,1.30639,1.30659,1.30631,1.30654,2253399963.3789062
2012-02-01 01:27:00,1.30656,1.30679,1.30643,1.30679,2135000000.0
2012-02-01 01:28:00,1.30679,1.30679,1.30644,1.30645,1634100036.6210938
2012-02-01 01:29:00,1.30646,1.30683,1.30642,1.3068,1748999938.9648438
2012-02-01 01:30:00,1.3068,1.3068,1.3066,1.30675,1144499969.4824219
2012-02-01 01:31:00,1.30675,1.30692,1.30669,1.30671,1041399993.8964844
2012-02-01 01:32:00,1.30671,1.30689,1.30669,1.30681,1538699951.171875
2012-02-01 01:33:00,1.30679,1.3068,1.30649,1.30649,1969799957.2753906
2012-02-01 01:34:00,1.3065,1.30655,1.30638,1.30646,1668399963.3789062
2012-02-01 01:35:00,1.30646,1.30658,1.30645,1.30649,1476799926.7578125
2012-02-01 01:36:00,1.30649,1.30659,1.30646,1.30646,939899978.6376953
2012-02-01 01:37:00,1.30644,1.30644,1.30567,1.3057,3261300048.828125
2012-02-01 01:38:00,1.3057,1.30593,1.3057,1.30583,1748699951.171875
2012-02-01 01:39:00,1.30583,1.30583,1.30528,1.30528,2623699951.171875
2012-02-01 01:40:00,1.30529,1.30571,1.30529,1.30556,2374900054.9316406
2012-02-01 01:41:00,1.30555,1.30564,1.30527,1.30544,2514600067.138672
2012-02-01 01:42:00,1.30544,1.30554,1.30542,1.30544,1169499969.4824219
2012-02-01 01:43:00,1.30544,1.30574,1.30543,1.30574,1343600006.1035156
2012-02-01 01:44:00,1.30574,1.30591,1.30574,1.30587,1718300018.3105469
2012-02-01 01:45:00,1.30587,1.30588,1.3057,1.30576,1455399932.8613281
2012-02-01 01:46:00,1.30574,1.30624,1.30574,1.30622,1793000030.5175781
2012-02-01 01:47:00,1.30622,1.30645,1.30608,1.30622,2328200073.2421875
2012-02-01 01:48:00,1.30622,1.30651,1.30622,1.30637,1862899932.8613281
2012-02-01 01:49:00,1.30641,1.30649,1.30622,1.30625,1592899932.8613281
2012-02-01 01:50:00,1.30625,1.30659,1.30625,1.30653,1871300048.828125
2012-02-01 01:51:00,1.30653,1.30663,1.30653,1.30657,867399978.6376953
2012-02-01 01:52:00,1.30657,1.3066,1.30639,1.30659,1727500000.0
2012-02-01 01:53:00,1.30655,1.3066,1.30654,1.30656,841200027.4658203
2012-02-01 01:54:00,1.30655,1.30659,1.30651,1.30655,1320899963.3789062
2012-02-01 01:55:00,1.3066,1.3068,1.30656,1.3068,2386499938.9648438
2012-02-01 01:56:00,1.3068,1.30686,1.3068,1.30681,1548200073.2421875
2012-02-01 01:57:00,1.30681,1.30685,1.3067,1.30671,2173600006.1035156
2012-02-01 01:58:00,1.30672,1.30674,1.3066,1.3066,1628399963.3789062
2012-02-01 01:59:00,1.3066,1.30678,1.30652,1.30678,1646999969.4824219
2012-02-01 02:00:00,1.30675,1.30704,1.30666,1.30704,1687500000.0
2012-02-01 02:01:00,1.30703,1.30736,1.30703,1.30733,2469799957.2753906
2012-02-01 02:02:00,1.30733,1.30746,1.30733,1.3074,1374700012.2070312
2012-02-01 02:03:00,1.3074,1.30756,1.30738,1.30745,2196799926.7578125
2012-02-01 02:04:00,1.30747,1.30776,1.30747,1.30758,2660799865.7226562
2012-02-01 02:05:00,1.30758,1.30769,1.30753,1.30758,1958500061.0351562
2012-02-01 02:06:00,1.30756,1.30772,1.30743,1.30746,2104700012.2070312
2012-02-01 02:07:00,1.30743,1.30746,1.30732,1.30733,1143199996.9482422
2012-02-01 02:08:00,1.30733,1.3074,1.30709,1.30717,1976300048.828125
2012-02-01 02:09:00,1.3072,1.30739,1.30715,1.30718,1917899932.8613281
2012-02-01 02:10:00,1.30718,1.30725,1.30712,1.30725,1508999938.9648438
2012-02-01 02:11:00,1.30723,1.30724,1.30706,1.30709,1526300048.828125
2012-02-01 02:12:00,1.3071,1.30728,1.30707,1.30728,1040599975.5859375
2012-02-01 02:13:00,1.30728,1.3073,1.30726,1.30728,610999984.7412109
2012-02-01 02:14:00,1.30728,1.30734,1.30719,1.30729,1289700012.2070312
2012-02-01 02:15:00,1.30735,1.30739,1.30719,1.3073,926699981.6894531
2012-02-01 02:16:00,1.3073,1.30739,1.3073,1.30739,523899993.8964844
2012-02-01 02:17:00,1.30739,1.30748,1.30732,1.30748,1046399993.8964844
2012-02-01 02:18:00,1.30745,1.30771,1.30741,1.30768,991999969.4824219
2012-02-01 02:19:00,1.30768,1.3078,1.30765,1.30767,1378399963.3789062
2012-02-01 02:20:00,1.30768,1.30771,1.30764,1.30767,873399963.3789062
2012-02-01 02:21:00,1.30767,1.30768,1.30759,1.30764,1002900009.1552734
2012-02-01 02:22:00,1.30761,1.30761,1.30716,1.30717,1900899963.3789062
2012-02-01 02:23:00,1.30719,1.30733,1.30717,1.3073,1045899963.3789062
2012-02-01 02:24:00,1.3073,1.30732,1.30723,1.30726,1560200042.7246094
2012-02-01 02:25:00,1.30726,1.30733,1.30726,1.30733,857699966.4306641
2012-02-01 02:26:00,1.30735,1.30745,1.30735,1.30741,1066100006.1035156
2012-02-01 02:27:00,1.30742,1.30768,1.30742,1.30753,1449700012.2070312
2012-02-01 02:28:00,1.30754,1.30754,1.30741,1.30747,912500000.0
2012-02-01 02:29:00,1.30747,1.30754,1.30737,1.30751,853799972.5341797
2012-02-01 02:30:00,1.30751,1.30752,1.30735,1.30735,1126399993.8964844
2012-02-01 02:31:00,1.30737,1.3074,1.30699,1.30708,1680899963.3789062
2012-02-01 02:32:00,1.30706,1.30706,1.30683,1.30701,1080599975.5859375
2012-02-01 02:33:00,1.30701,1.3072,1.30701,1.3071,1756499938.9648438
2012-02-01 02:34:00,1.3071,1.30716,1.30697,1.30711,1630200042.7246094
2012-02-01 02:35:00,1.30711,1.30741,1.30711,1.30737,1341399993.8964844
2012-02-01 02:36:00,1.30734,1.30736,1.30723,1.30723,495499992.37060547
2012-02-01 02:37:00,1.30725,1.30725,1.30692,1.30692,1851000061.0351562
2012-02-01 02:38:00,1.30692,1.30695,1.3067,1.30671,1375899963.3789062
2012-02-01 02:39:00,1.30673,1.30711,1.30673,1.30711,1525500030.5175781
2012-02-01 02:40:00,1.30708,1.30708,1.30687,1.30695,847900009.1552734
2012-02-01 02:41:00,1.30692,1.30701,1.30687,1.30701,620800018.3105469
2012-02-01 02:42:00,1.30701,1.3072,1.307,1.30712,1344799957.2753906
2012-02-01 02:43:00,1.30712,1.30713,1.30703,1.30709,930599975.5859375
2012-02-01 02:44:00,1.30709,1.30731,1.30709,1.30726,918600006.1035156
2012-02-01 02:45:00,1.30725,1.30725,1.3068,1.30707,1996399993.8964844
2012-02-01 02:46:00,1.30707,1.30719,1.30705,1.30719,785699996.9482422
2012-02-01 02:47:00,1.30716,1.3074,1.30716,1.30739,1100999984.741211
2012-02-01 02:48:00,1.30739,1.30753,1.30739,1.30751,924000015.2587891
2012-02-01 02:49:00,1.30751,1.30753,1.30724,1.30724,1035400009.1552734
2012-02-01 02:50:00,1.30723,1.30723,1.30706,1.30708,1224400024.4140625
2012-02-01 02:51:00,1.30708,1.30743,1.30702,1.3074,1202900009.1552734
2012-02-01 02:52:00,1.3074,1.3074,1.30719,1.3072,1296900024.4140625
2012-02-01 02:53:00,1.3072,1.3072,1.30719,1.30719,72699999.80926514
2012-02-01 02:54:00,1.3072,1.30731,1.30707,1.30731,727799987.7929688
2012-02-01 02:55:00,1.30731,1.30731,1.30686,1.30686,1578800048.828125
2012-02-01 02:56:00,1.30685,1.30685,1.30666,1.30669,1644299926.7578125
2012-02-01 02:57:00,1.30669,1.30674,1.30662,1.30665,1514100036.6210938
2012-02-01 02:58:00,1.30672,1.30672,1.30647,1.3065,1192600021.3623047
2012-02-01 02:59:00,1.30648,1.30648,1.30613,1.30624,2094400024.4140625
2012-02-01 03:00:00,1.30624,1.30626,1.30594,1.30612,2123999938.9648438
2012-02-01 03:01:00,1.30612,1.30642,1.30612,1.30636,2204700012.2070312
2012-02-01 03:02:00,1.3064,1.30663,1.30637,1.30659,1267900009.1552734
2012-02-01 03:03:00,1.30657,1.30661,1.30635,1.30661,1610599975.5859375
2012-02-01 03:04:00,1.30661,1.30662,1.30655,1.30658,1092200012.2070312
2012-02-01 03:05:00,1.30658,1.30663,1.30653,1.30653,1073099975.5859375
2012-02-01 03:06:00,1.30655,1.30655,1.30632,1.30632,1464100036.6210938
2012-02-01 03:07:00,1.30632,1.30658,1.30632,1.30655,1081800003.0517578
2012-02-01 03:08:00,1.30656,1.30671,1.30656,1.30671,1276299972.5341797
2012-02-01 03:09:00,1.30669,1.30669,1.30669,1.30669,236599998.4741211
2012-02-01 03:10:00,1.30669,1.30677,1.30669,1.30677,340900001.5258789
2012-02-01 03:11:00,1.30677,1.30679,1.30664,1.30668,1548600006.1035156
2012-02-01 03:12:00,1.30668,1.30674,1.30664,1.30668,519099998.4741211
2012-02-01 03:13:00,1.30668,1.30671,1.30668,1.30668,623899993.8964844
2012-02-01 03:14:00,1.30668,1.30672,1.30636,1.30636,1070500030.5175781
2012-02-01 03:15:00,1.30636,1.30647,1.30631,1.30647,1303600006.1035156
2012-02-01 03:16:00,1.30648,1.30662,1.30641,1.30662,1066600036.6210938
2012-02-01 03:17:00,1.30659,1.30673,1.30659,1.30672,816699981.6894531
2012-02-01 03:18:00,1.30672,1.30686,1.30672,1.30686,912500000.0
2012-02-01 03:19:00,1.30684,1.30684,1.30652,1.30652,1098700027.4658203
2012-02-01 03:20:00,1.30652,1.30662,1.30639,1.30659,1165599975.5859375
2012-02-01 03:21:00,1.30661,1.3067,1.30647,1.3067,841100006.1035156
2012-02-01 03:22:00,1.3067,1.30692,1.3067,1.30683,920800018.3105469
2012-02-01 03:23:00,1.30684,1.30686,1.30665,1.30667,740899963.3789062
2012-02-01 03:24:00,1.30664,1.30664,1.30646,1.3065,940400009.1552734
2012-02-01 03:25:00,1.3065,1.30703,1.3065,1.30699,1691399993.8964844
2012-02-01 03:26:00,1.30699,1.30714,1.30699,1.30706,1169300003.0517578
2012-02-01 03:27:00,1.30704,1.30704,1.30701,1.30703,694700012.2070312
2012-02-01 03:28:00,1.30703,1.30744,1.307,1.30743,1186399993.8964844
2012-02-01 03:29:00,1.30743,1.3075,1.30739,1.3075,661600036.6210938
2012-02-01 03:30:00,1.30748,1.30748,1.30715,1.3072,1858099975.5859375
2012-02-01 03:31:00,1.30722,1.30773,1.30722,1.30769,1374499969.4824219
2012-02-01 03:32:00,1.3077,1.3077,1.3075,1.30757,1847599945.0683594
2012-02-01 03:33:00,1.30759,1.30761,1.30752,1.30755,798099975.5859375
2012-02-01 03:34:00,1.30755,1.30764,1.30755,1.30758,804100036.6210938
2012-02-01 03:35:00,1.30758,1.30758,1.30748,1.30748,518800010.68115234
2012-02-01 03:36:00,1.30748,1.30749,1.3074,1.3074,781999969.4824219
2012-02-01 03:37:00,1.3074,1.30749,1.30728,1.30741,988300018.3105469
2012-02-01 03:38:00,1.30744,1.30754,1.30741,1.30753,528300018.3105469
2012-02-01 03:39:00,1.30753,1.30767,1.30742,1.30765,1020000000.0
2012-02-01 03:40:00,1.30762,1.30769,1.3076,1.30765,1093399963.3789062
2012-02-01 03:41:00,1.30764,1.30765,1.30755,1.3076,942500000.0
2012-02-01 03:42:00,1.3076,1.30761,1.30759,1.30759,1001399993.8964844
2012-02-01 03:43:00,1.30757,1.30759,1.3075,1.30755,694899978.6376953
2012-02-01 03:44:00,1.30755,1.30762,1.3075,1.30761,1034100036.6210938
2012-02-01 03:45:00,1.30761,1.30761,1.30734,1.30734,1044899978.6376953
2012-02-01 03:46:00,1.30734,1.30739,1.30719,1.30724,1347899932.8613281
2012-02-01 03:47:00,1.30724,1.30735,1.30718,1.30733,1358000030.5175781
2012-02-01 03:48:00,1.30732,1.30736,1.30724,1.30734,400299987.79296875
2012-02-01 03:49:00,1.30731,1.30734,1.30717,1.30724,1637599945.0683594
2012-02-01 03:50:00,1.30724,1.30724,1.30707,1.30708,933300018.3105469
2012-02-01 03:51:00,1.30707,1.30707,1.30697,1.30697,1225299987.7929688
2012-02-01 03:52:00,1.30699,1.30712,1.3069,1.30711,1166900024.4140625
2012-02-01 03:53:00,1.30709,1.3071,1.307,1.30707,1808099975.5859375
2012-02-01 03:54:00,1.30707,1.30711,1.30705,1.30707,930500030.5175781
2012-02-01 03:55:00,1.30708,1.30715,1.30707,1.30708,1272200012.2070312
2012-02-01 03:56:00,1.3071,1.3071,1.30703,1.30705,1258399963.3789062
2012-02-01 03:57:00,1.30705,1.30709,1.30705,1.30707,368699989.31884766
2012-02-01 03:58:00,1.30706,1.30711,1.30706,1.30708,359700012.20703125
2012-02-01 03:59:00,1.30707,1.30707,1.30694,1.30696,1743899993.8964844
2012-02-01 04:00:00,1.30692,1.30695,1.30685,1.30694,1812899932.8613281
2012-02-01 04:01:00,1.30694,1.30703,1.30692,1.30698,942799987.7929688
2012-02-01 04:02:00,1.307,1.30701,1.30691,1.30695,637400016.784668
2012-02-01 04:03:00,1.30695,1.3071,1.3069,1.3071,1066699981.6894531
2012-02-01 04:04:00,1.3071,1.30714,1.30703,1.30707,1368000030.5175781
2012-02-01 04:05:00,1.30705,1.30721,1.30705,1.30716,345099983.21533203
2012-02-01 04:06:00,1.30716,1.30731,1.30715,1.30726,1377899932.8613281
2012-02-01 04:07:00,1.30726,1.30729,1.30714,1.30716,1899499969.4824219
2012-02-01 04:08:00,1.30716,1.30722,1.30712,1.30719,925899963.3789062
2012-02-01 04:09:00,1.30719,1.3072,1.30714,1.30717,696500015.2587891
2012-02-01 04:10:00,1.30717,1.30718,1.30714,1.30717,437099990.84472656
2012-02-01 04:11:00,1.30717,1.30718,1.30712,1.30717,1316999969.4824219
2012-02-01 04:12:00,1.30719,1.30734,1.30718,1.30727,1183300018.3105469
2012-02-01 04:13:00,1.30725,1.30732,1.30719,1.3073,1075699996.9482422
2012-02-01 04:14:00,1.3073,1.30732,1.30723,1.30732,1190299987.7929688
2012-02-01 04:15:00,1.30732,1.30733,1.30722,1.30723,1035400009.1552734
2012-02-01 04:16:00,1.30723,1.30729,1.30715,1.30726,834000015.2587891
2012-02-01 04:17:00,1.30726,1.30731,1.30726,1.30731,651399993.8964844
2012-02-01 04:18:00,1.30731,1.30747,1.30727,1.30739,1034899978.6376953
2012-02-01 04:19:00,1.3074,1.30748,1.30737,1.30747,749000015.2587891
2012-02-01 04:20:00,1.30748,1.30763,1.30745,1.3075,1165800018.3105469
2012-02-01 04:21:00,1.3075,1.3075,1.30734,1.30735,1247300033.569336
2012-02-01 04:22:00,1.30735,1.30737,1.30726,1.30728,771500015.2587891
2012-02-01 04:23:00,1.30728,1.30732,1.30717,1.30717,1114000015.258789
2012-02-01 04:24:00,1.30718,1.30719,1.30714,1.30718,575900001.5258789
2012-02-01 04:25:00,1.30718,1.30718,1.30715,1.30717,387599983.21533203
2012-02-01 04:26:00,1.30714,1.3074,1.30711,1.30737,1202500000.0
2012-02-01 04:27:00,1.30737,1.30737,1.30728,1.30734,368300018.3105469
2012-02-01 04:28:00,1.30736,1.30738,1.30735,1.30738,171399993.89648438
2012-02-01 04:29:00,1.30738,1.30746,1.30734,1.30742,718199996.9482422
2012-02-01 04:30:00,1.30741,1.30748,1.30722,1.30747,2053600006.1035156
2012-02-01 04:31:00,1.30747,1.30751,1.30738,1.30751,1856900024.4140625
2012-02-01 04:32:00,1.30751,1.30751,1.30739,1.30747,917399978.6376953
2012-02-01 04:33:00,1.30748,1.30748,1.30729,1.30731,1057699966.4306641
2012-02-01 04:34:00,1.30728,1.30739,1.30728,1.30732,390000000.0
2012-02-01 04:35:00,1.30734,1.30734,1.30727,1.30728,418499984.74121094
2012-02-01 04:36:00,1.30728,1.30736,1.30712,1.30712,968300018.3105469
2012-02-01 04:37:00,1.30713,1.3073,1.30713,1.30726,936200027.4658203
2012-02-01 04:38:00,1.30723,1.3073,1.30714,1.30716,965899963.3789062
2012-02-01 04:39:00,1.30716,1.30724,1.30716,1.30724,513800010.68115234
2012-02-01 04:40:00,1.30724,1.30724,1.30702,1.30705,1765399932.8613281
2012-02-01 04:41:00,1.30705,1.30707,1.30695,1.30697,1198799972.5341797
2012-02-01 04:42:00,1.30699,1.30702,1.30696,1.30702,435099983.21533203
2012-02-01 04:43:00,1.30702,1.30704,1.30696,1.30697,686399993.8964844
2012-02-01 04:44:00,1.30697,1.3071,1.30689,1.30689,1418600006.1035156
2012-02-01 04:45:00,1.30688,1.30712,1.30688,1.3071,911100006.1035156
2012-02-01 04:46:00,1.30712,1.30712,1.30705,1.30707,565800018.3105469
2012-02-01 04:47:00,1.30707,1.30709,1.30697,1.30709,424900016.78466797
2012-02-01 04:48:00,1.30708,1.30708,1.30699,1.30699,690599975.5859375
2012-02-01 04:49:00,1.30699,1.30705,1.30697,1.30701,852099990.8447266
2012-02-01 04:50:00,1.30701,1.30709,1.30695,1.307,1151100006.1035156
2012-02-01 04:51:00,1.307,1.30711,1.307,1.30706,1083899993.8964844
2012-02-01 04:52:00,1.30706,1.30711,1.30706,1.30711,719400024.4140625
2012-02-01 04:53:00,1.30712,1.30715,1.30697,1.30698,1103399963.3789062
2012-02-01 04:54:00,1.30698,1.30708,1.30691,1.30693,786399993.8964844
2012-02-01 04:55:00,1.30693,1.30694,1.30692,1.30694,225499992.37060547
2012-02-01 04:56:00,1.30692,1.30692,1.30677,1.30677,1019300003.0517578
2012-02-01 04:57:00,1.30677,1.30677,1.30648,1.30673,1797200012.2070312
2012-02-01 04:58:00,1.30673,1.30673,1.30667,1.30669,688499984.7412109
2012-02-01 04:59:00,1.3067,1.3067,1.30659,1.30667,1129400024.4140625
2012-02-01 05:00:00,1.30665,1.30665,1.30661,1.30662,660000000.0
2012-02-01 05:01:00,1.30662,1.30662,1.30652,1.30658,922600021.3623047
2012-02-01 05:02:00,1.30658,1.30661,1.30657,1.30661,303799991.607666
2012-02-01 05:03:00,1.30662,1.30663,1.30649,1.30649,802500000.0
2012-02-01 05:04:00,1.30649,1.30658,1.30647,1.30658,1418399963.3789062
2012-02-01 05:05:00,1.30658,1.30671,1.30658,1.30662,1640700073.2421875
2012-02-01 05:06:00,1.30662,1.30679,1.30662,1.30669,787500000.0
2012-02-01 05:07:00,1.3067,1.30672,1.30667,1.30669,345000000.0
2012-02-01 05:08:00,1.30669,1.30685,1.30669,1.30685,614000015.2587891
2012-02-01 05:09:00,1.30685,1.30694,1.30677,1.3069,1764299926.7578125
2012-02-01 05:10:00,1.30691,1.30708,1.30691,1.30702,1575200042.7246094
2012-02-01 05:11:00,1.30702,1.30712,1.30696,1.30698,1593300018.3105469
2012-02-01 05:12:00,1.30698,1.3071,1.30688,1.30688,973899993.8964844
2012-02-01 05:13:00,1.30688,1.30688,1.30672,1.30679,948700027.4658203
2012-02-01 05:14:00,1.30679,1.30692,1.30679,1.30687,862600021.3623047
2012-02-01 05:15:00,1.30688,1.30688,1.30683,1.30687,382599983.21533203
2012-02-01 05:16:00,1.30687,1.30688,1.30682,1.30688,509500007.62939453
2012-02-01 05:17:00,1.30691,1.30697,1.30672,1.30677,1198700027.4658203
2012-02-01 05:18:00,1.30677,1.30677,1.30665,1.30667,589900016.784668
2012-02-01 05:19:00,1.3067,1.30675,1.3067,1.30671,133199996.94824219
2012-02-01 05:20:00,1.30671,1.30681,1.30671,1.30677,724499969.4824219
2012-02-01 05:21:00,1.30677,1.30677,1.30673,1.30674,892900009.1552734
2012-02-01 05:22:00,1.30674,1.30678,1.30669,1.30678,2278699951.171875
2012-02-01 05:23:00,1.30678,1.30686,1.30678,1.30679,505000000.0
2012-02-01 05:24:00,1.30677,1.30681,1.30656,1.30667,1074000015.258789
2012-02-01 05:25:00,1.30666,1.30671,1.30666,1.30668,821800003.0517578
2012-02-01 05:26:00,1.3067,1.3067,1.30656,1.30658,1124400024.4140625
2012-02-01 05:27:00,1.30658,1.30659,1.30648,1.30651,1616999969.4824219
2012-02-01 05:28:00,1.30651,1.3066,1.30651,1.30656,986299972.5341797
2012-02-01 05:29:00,1.30657,1.30662,1.30651,1.30657,1290700073.2421875
2012-02-01 05:30:00,1.30657,1.30663,1.30653,1.30663,667300033.5693359
2012-02-01 05:31:00,1.30664,1.30664,1.30654,1.30657,638400001.5258789
2012-02-01 05:32:00,1.30659,1.30659,1.3064,1.30651,1580599975.5859375
2012-02-01 05:33:00,1.30651,1.30663,1.30651,1.30661,923700027.4658203
2012-02-01 05:34:00,1.30662,1.30672,1.30662,1.30668,1228799972.5341797
2012-02-01 05:35:00,1.30668,1.30668,1.30659,1.30662,944800033.5693359
2012-02-01 05:36:00,1.30662,1.30665,1.30662,1.30663,1152799987.7929688
2012-02-01 05:37:00,1.30663,1.30666,1.30661,1.30664,429399986.26708984
2012-02-01 05:38:00,1.30664,1.30666,1.30663,1.30663,892500000.0
2012-02-01 05:39:00,1.30663,1.30666,1.30663,1.30664,547200012.2070312
2012-02-01 05:40:00,1.30665,1.30667,1.30662,1.30662,788300018.3105469
2012-02-01 05:41:00,1.30664,1.3068,1.30664,1.3068,1014100036.6210938
2012-02-01 05:42:00,1.3068,1.3068,1.30677,1.30678,665800018.3105469
2012-02-01 05:43:00,1.30676,1.30678,1.30676,1.30678,486599998.4741211
2012-02-01 05:44:00,1.30678,1.30693,1.30678,1.30685,911999969.4824219
2012-02-01 05:45:00,1.30681,1.30708,1.30681,1.307,1160199966.430664
2012-02-01 05:46:00,1.307,1.30702,1.30696,1.30698,809400024.4140625
2012-02-01 05:47:00,1.30698,1.30699,1.30692,1.30697,1339700012.2070312
2012-02-01 05:48:00,1.30698,1.30698,1.30691,1.30691,509700012.20703125
2012-02-01 05:49:00,1.30688,1.30691,1.30685,1.30688,414799995.4223633
2012-02-01 05:50:00,1.30688,1.30692,1.30674,1.30676,1225599975.5859375
2012-02-01 05:51:00,1.30676,1.30679,1.30668,1.30671,1265000000.0
2012-02-01 05:52:00,1.30673,1.30675,1.30664,1.30667,1861100006.1035156
2012-02-01 05:53:00,1.3067,1.30672,1.30659,1.30661,805400009.1552734
2012-02-01 05:54:00,1.3066,1.30665,1.30658,1.30665,1152900009.1552734
2012-02-01 05:55:00,1.30665,1.30676,1.30656,1.30676,884199981.6894531
2012-02-01 05:56:00,1.30677,1.30677,1.30674,1.30677,746699981.6894531
2012-02-01 05:57:00,1.30677,1.30698,1.30677,1.30697,1108000030.5175781
2012-02-01 05:58:00,1.30697,1.30703,1.30691,1.30701,1140899963.3789062
2012-02-01 05:59:00,1.30701,1.30704,1.30679,1.30685,1287700042.7246094
2012-02-01 06:00:00,1.30685,1.30697,1.30684,1.30695,1463500061.0351562
2012-02-01 06:01:00,1.30693,1.30705,1.30676,1.30683,1746000061.0351562
2012-02-01 06:02:00,1.30683,1.30684,1.30669,1.30671,1430500030.5175781
2012-02-01 06:03:00,1.30671,1.3069,1.3067,1.30687,1049300003.0517578
2012-02-01 06:04:00,1.30687,1.30689,1.30666,1.30669,1216299972.5341797
2012-02-01 06:05:00,1.30669,1.30669,1.30652,1.30664,1650800018.3105469
2012-02-01 06:06:00,1.30665,1.30665,1.30653,1.30661,893399963.3789062
2012-02-01 06:07:00,1.30661,1.30661,1.30631,1.30631,1135400009.1552734
2012-02-01 06:08:00,1.30631,1.30631,1.30602,1.30616,1853899993.8964844
2012-02-01 06:09:00,1.30616,1.30657,1.30616,1.30657,1499199981.6894531
2012-02-01 06:10:00,1.30656,1.30656,1.30638,1.30649,1356000061.0351562
2012-02-01 06:11:00,1.30649,1.30652,1.30646,1.3065,1246299972.5341797
2012-02-01 06:12:00,1.30652,1.30663,1.30651,1.30654,1449299926.7578125
2012-02-01 06:13:00,1.30654,1.3066,1.30652,1.30659,969599990.8447266
2012-02-01 06:14:00,1.30659,1.30677,1.30656,1.3067,1033099975.5859375
2012-02-01 06:15:00,1.3067,1.30676,1.30666,1.30669,1035899963.3789062
2012-02-01 06:16:00,1.30669,1.30669,1.30665,1.30665,272399997.71118164
2012-02-01 06:17:00,1.30665,1.30665,1.30623,1.30628,1997100067.1386719
2012-02-01 06:18:00,1.30628,1.30634,1.30622,1.30629,1331100006.1035156
2012-02-01 06:19:00,1.30629,1.3063,1.3054,1.30541,2191399993.8964844
2012-02-01 06:20:00,1.30542,1.30577,1.30542,1.3055,2196100006.1035156
2012-02-01 06:21:00,1.30552,1.30553,1.30531,1.30537,2282299957.2753906
2012-02-01 06:22:00,1.30537,1.30571,1.30537,1.30558,2019900054.9316406
2012-02-01 06:23:00,1.30558,1.30573,1.30555,1.30558,1718399963.3789062
2012-02-01 06:24:00,1.30558,1.30565,1.30527,1.3053,1604199981.6894531
2012-02-01 06:25:00,1.30529,1.30529,1.30488,1.30514,3071400146.484375
2012-02-01 06:26:00,1.30514,1.30516,1.30451,1.30464,3010400085.4492188
2012-02-01 06:27:00,1.30464,1.30489,1.30461,1.30482,1945899963.3789062
2012-02-01 06:28:00,1.30482,1.3051,1.30482,1.30494,2368999938.9648438
2012-02-01 06:29:00,1.30492,1.30494,1.30459,1.3049,2284199981.689453
2012-02-01 06:30:00,1.3049,1.30515,1.30485,1.30515,2412599945.0683594
2012-02-01 06:31:00,1.30515,1.30518,1.30479,1.30493,2631499938.9648438
2012-02-01 06:32:00,1.30494,1.30503,1.3049,1.30502,1901799926.7578125
2012-02-01 06:33:00,1.30502,1.30502,1.30489,1.30497,1365099945.0683594
2012-02-01 06:34:00,1.30497,1.30519,1.30496,1.30516,1403600006.1035156
2012-02-01 06:35:00,1.30515,1.30557,1.30507,1.30553,1634299926.7578125
2012-02-01 06:36:00,1.30556,1.3056,1.30514,1.30528,1868000030.5175781
2012-02-01 06:37:00,1.30528,1.30541,1.30518,1.30518,1306900024.4140625
2012-02-01 06:38:00,1.30518,1.30518,1.30492,1.30492,1355000000.0
2012-02-01 06:39:00,1.30492,1.305,1.30487,1.30498,1239199981.6894531
2012-02-01 06:40:00,1.30495,1.30503,1.30483,1.30485,2054100036.6210938
2012-02-01 06:41:00,1.30487,1.30514,1.30487,1.30514,2093200073.2421875
2012-02-01 06:42:00,1.30517,1.30533,1.30516,1.30531,1407200012.2070312
2012-02-01 06:43:00,1.30531,1.30543,1.30526,1.30543,1067799987.7929688
2012-02-01 06:44:00,1.30543,1.30554,1.30535,1.30552,2127200012.2070312
2012-02-01 06:45:00,1.30553,1.30554,1.30522,1.30522,2008000030.5175781
2012-02-01 06:46:00,1.30516,1.30525,1.30476,1.30479,2092700042.7246094
2012-02-01 06:47:00,1.30476,1.30504,1.30467,1.30504,2293500061.0351562
2012-02-01 06:48:00,1.30505,1.30516,1.30502,1.30508,1439400024.4140625
2012-02-01 06:49:00,1.30508,1.30523,1.30464,1.30464,1979100036.6210938
2012-02-01 06:50:00,1.30465,1.30503,1.30465,1.30497,1995399932.8613281
2012-02-01 06:51:00,1.30498,1.30504,1.30495,1.305,1030800018.3105469
2012-02-01 06:52:00,1.305,1.30504,1.30486,1.30486,1246299972.5341797
2012-02-01 06:53:00,1.30489,1.30501,1.30486,1.30492,1409100036.6210938
2012-02-01 06:54:00,1.30492,1.30492,1.30481,1.30492,898600006.1035156
2012-02-01 06:55:00,1.30492,1.3051,1.30491,1.30505,1142099990.8447266
2012-02-01 06:56:00,1.30508,1.30511,1.30449,1.30449,2926900024.4140625
2012-02-01 06:57:00,1.30445,1.30445,1.3033,1.30362,4596700134.277344
2012-02-01 06:58:00,1.3036,1.3036,1.30325,1.30338,3224700012.2070312
2012-02-01 06:59:00,1.30338,1.30362,1.30338,1.3036,2939400024.4140625
2012-02-01 07:00:00,1.30363,1.30397,1.30354,1.30371,2794200134.2773438
2012-02-01 07:01:00,1.30371,1.30389,1.30337,1.30337,3169200134.2773438
2012-02-01 07:02:00,1.30336,1.30343,1.3031,1.30319,3193299865.7226562
2012-02-01 07:03:00,1.30319,1.3034,1.30285,1.30304,3217900085.4492188
2012-02-01 07:04:00,1.30304,1.30322,1.30303,1.30318,2903099975.5859375
2012-02-01 07:05:00,1.30315,1.30315,1.30266,1.3028,3528399963.3789062
2012-02-01 07:06:00,1.30282,1.30297,1.30261,1.30263,3243500061.0351562
2012-02-01 07:07:00,1.30264,1.30301,1.30264,1.30292,2893500061.0351562
2012-02-01 07:08:00,1.30293,1.30293,1.3026,1.30284,3668399963.3789062
2012-02-01 07:09:00,1.30284,1.3031,1.3028,1.30304,2681199951.171875
2012-02-01 07:10:00,1.30304,1.3031,1.30298,1.3031,1707200012.2070312
2012-02-01 07:11:00,1.30309,1.30337,1.30309,1.30336,3452600097.65625
2012-02-01 07:12:00,1.30338,1.30341,1.30332,1.30335,2338999938.9648438
2012-02-01 07:13:00,1.30334,1.30354,1.30332,1.30337,2329299926.7578125
2012-02-01 07:14:00,1.30337,1.30337,1.30278,1.30294,2306900024.4140625
2012-02-01 07:15:00,1.30294,1.30339,1.30287,1.30335,2171000061.0351562
2012-02-01 07:16:00,1.30335,1.30338,1.30309,1.30313,1695599975.5859375
2012-02-01 07:17:00,1.30313,1.30358,1.30303,1.30358,2335700073.2421875
2012-02-01 07:18:00,1.30359,1.30376,1.30353,1.30371,2140899963.3789062
2012-02-01 07:19:00,1.30371,1.3038,1.30367,1.3037,1670000000.0
2012-02-01 07:20:00,1.30371,1.30373,1.30352,1.30356,1948699951.171875
2012-02-01 07:21:00,1.30357,1.30374,1.30344,1.30372,1890099945.0683594
2012-02-01 07:22:00,1.30371,1.30383,1.30371,1.3038,1147799987.7929688
2012-02-01 07:23:00,1.30379,1.30393,1.30375,1.30382,1661900024.4140625
2012-02-01 07:24:00,1.30382,1.30406,1.30381,1.30406,2073000030.5175781
2012-02-01 07:25:00,1.30406,1.30422,1.30394,1.30401,2852099914.5507812
2012-02-01 07:26:00,1.30401,1.30403,1.30373,1.30375,2160800018.310547
2012-02-01 07:27:00,1.30375,1.30399,1.30375,1.3039,1950899963.3789062
2012-02-01 07:28:00,1.3039,1.30401,1.30367,1.30372,1614799957.2753906
2012-02-01 07:29:00,1.30372,1.30373,1.30365,1.30371,2106499938.9648438
2012-02-01 07:30:00,1.3037,1.30457,1.30369,1.30447,2986700134.2773438
2012-02-01 07:31:00,1.30448,1.30456,1.30437,1.30453,2920100097.65625
2012-02-01 07:32:00,1.30453,1.30453,1.30379,1.30386,3593399963.3789062
2012-02-01 07:33:00,1.30385,1.30418,1.30385,1.30395,2216699981.689453
2012-02-01 07:34:00,1.30393,1.30405,1.3038,1.30384,2267599945.0683594
2012-02-01 07:35:00,1.30384,1.30412,1.30382,1.30402,2156399993.8964844
2012-02-01 07:36:00,1.30404,1.30426,1.30386,1.30426,2057200012.2070312
2012-02-01 07:37:00,1.30428,1.30439,1.30404,1.30426,3174899902.34375
2012-02-01 07:38:00,1.30426,1.30426,1.30412,1.30418,1714499969.4824219
2012-02-01 07:39:00,1.30417,1.3043,1.30408,1.30417,1834600067.1386719
2012-02-01 07:40:00,1.30418,1.30508,1.30418,1.30501,3360599975.5859375
2012-02-01 07:41:00,1.30501,1.30501,1.30467,1.30476,3518399963.3789062
2012-02-01 07:42:00,1.30478,1.30479,1.3045,1.30457,2861799926.7578125
2012-02-01 07:43:00,1.30457,1.30458,1.30444,1.30447,2051100006.1035156
2012-02-01 07:44:00,1.30448,1.30476,1.30447,1.30475,2193200073.2421875
2012-02-01 07:45:00,1.30474,1.30515,1.30474,1.30509,3096099853.515625
2012-02-01 07:46:00,1.30508,1.30508,1.30465,1.30469,2866000061.0351562
2012-02-01 07:47:00,1.30468,1.30471,1.30429,1.30429,2009199981.6894531
2012-02-01 07:48:00,1.30427,1.30461,1.30423,1.3046,2144700012.2070312
2012-02-01 07:49:00,1.30456,1.30456,1.30433,1.30448,1775399932.8613281
2012-02-01 07:50:00,1.30448,1.30451,1.30432,1.3044,2268200073.2421875
2012-02-01 07:51:00,1.30439,1.30446,1.30436,1.30436,1274700012.2070312
2012-02-01 07:52:00,1.30437,1.30444,1.30423,1.30444,1943699951.171875
2012-02-01 07:53:00,1.30444,1.30449,1.30386,1.30388,2469900054.9316406
2012-02-01 07:54:00,1.30386,1.30425,1.30385,1.30422,2649299926.7578125
2012-02-01 07:55:00,1.30424,1.30448,1.30416,1.30446,1521799926.7578125
2012-02-01 07:56:00,1.30448,1.30493,1.30448,1.30477,2071300048.828125
2012-02-01 07:57:00,1.30478,1.3049,1.30475,1.30477,1781999969.4824219
2012-02-01 07:58:00,1.30479,1.30485,1.30476,1.30485,1630200042.7246094
2012-02-01 07:59:00,1.30485,1.30493,1.30477,1.30493,2542200012.2070312
2012-02-01 08:00:00,1.30491,1.30554,1.3049,1.30533,3597399902.34375
2012-02-01 08:01:00,1.30533,1.30535,1.30512,1.30515,2658900146.484375
2012-02-01 08:02:00,1.30515,1.30556,1.30515,1.30543,2156300048.828125
2012-02-01 08:03:00,1.30543,1.30545,1.30524,1.30544,3077500000.0
2012-02-01 08:04:00,1.30544,1.30591,1.30543,1.30578,4214500122.0703125
2012-02-01 08:05:00,1.30578,1.30635,1.30562,1.30598,4326900024.4140625
2012-02-01 08:06:00,1.30599,1.30655,1.30598,1.30634,4715400085.449219
2012-02-01 08:07:00,1.30633,1.30645,1.30594,1.30604,3593900146.484375
2012-02-01 08:08:00,1.30606,1.30606,1.30588,1.30589,2085599975.5859375
2012-02-01 08:09:00,1.3059,1.3059,1.30576,1.30581,3184599914.5507812
2012-02-01 08:10:00,1.3058,1.3062,1.30578,1.30616,3123299865.7226562
2012-02-01 08:11:00,1.30614,1.30643,1.30603,1.30609,2577699890.1367188
2012-02-01 08:12:00,1.30612,1.30654,1.30607,1.30633,3013699951.171875
2012-02-01 08:13:00,1.30633,1.30633,1.30596,1.30596,2337400054.9316406
2012-02-01 08:14:00,1.30594,1.30626,1.30589,1.30607,2544799957.2753906
2012-02-01 08:15:00,1.3061,1.30654,1.3061,1.3065,3033999938.9648438
2012-02-01 08:16:00,1.3065,1.30652,1.30625,1.30628,2246199951.171875
2012-02-01 08:17:00,1.30628,1.30641,1.30616,1.30617,2548399963.3789062
2012-02-01 08:18:00,1.30617,1.3066,1.30601,1.3066,2956099853.515625
2012-02-01 08:19:00,1.30662,1.30674,1.30641,1.30664,2428999938.9648438
2012-02-01 08:20:00,1.30666,1.30695,1.30653,1.30681,5078800048.828125
2012-02-01 08:21:00,1.30678,1.30703,1.30672,1.30689,3315199890.1367188
2012-02-01 08:22:00,1.30688,1.30688,1.30643,1.30653,3070899963.3789062
2012-02-01 08:23:00,1.30653,1.30655,1.30637,1.30642,1388000030.5175781
2012-02-01 08:24:00,1.30643,1.30668,1.3064,1.30654,2748500061.0351562
2012-02-01 08:25:00,1.30651,1.30662,1.30641,1.30658,2550500030.517578
2012-02-01 08:26:00,1.30661,1.30683,1.30633,1.30633,3548699951.171875
2012-02-01 08:27:00,1.30631,1.30643,1.30604,1.30604,2698699951.171875
2012-02-01 08:28:00,1.30605,1.3062,1.306,1.3062,2168800048.828125
2012-02-01 08:29:00,1.3062,1.30643,1.30613,1.30627,2509199981.689453
2012-02-01 08:30:00,1.30624,1.30652,1.3062,1.30644,2427899932.861328
2012-02-01 08:31:00,1.30643,1.3067,1.30632,1.30669,2454499969.482422
2012-02-01 08:32:00,1.30669,1.30669,1.3063,1.30651,1801600036.6210938
2012-02-01 08:33:00,1.30647,1.30664,1.30634,1.30658,2590499877.9296875
2012-02-01 08:34:00,1.30658,1.3069,1.30643,1.30688,3137799987.7929688
2012-02-01 08:35:00,1.30685,1.3074,1.30685,1.30733,3665100097.65625
2012-02-01 08:36:00,1.30732,1.30766,1.30732,1.30757,2983900146.484375
2012-02-01 08:37:00,1.30755,1.30756,1.30726,1.30729,3155199890.1367188
2012-02-01 08:38:00,1.30727,1.30753,1.30722,1.30731,2250899963.3789062
2012-02-01 08:39:00,1.30731,1.30744,1.30728,1.30737,2208899993.8964844
2012-02-01 08:40:00,1.30739,1.30786,1.30735,1.30782,2661400146.484375
2012-02-01 08:41:00,1.30782,1.30785,1.30741,1.30744,3942000122.0703125
2012-02-01 08:42:00,1.30744,1.30757,1.30719,1.30722,3150499877.9296875
2012-02-01 08:43:00,1.30722,1.30753,1.30722,1.30751,2742799987.7929688
2012-02-01 08:44:00,1.3075,1.30764,1.30746,1.30757,2736700134.2773438
2012-02-01 08:45:00,1.30757,1.30759,1.30702,1.30711,3227799987.7929688
2012-02-01 08:46:00,1.30711,1.30711,1.30683,1.307,2538899993.8964844
2012-02-01 08:47:00,1.30701,1.30709,1.30686,1.30705,2771300048.828125
2012-02-01 08:48:00,1.30704,1.30704,1.30669,1.30669,3579100036.6210938
2012-02-01 08:49:00,1.30668,1.30674,1.3063,1.30649,2796600036.6210938
2012-02-01 08:50:00,1.30647,1.30673,1.30644,1.30665,2891600036.6210938
2012-02-01 08:51:00,1.30665,1.30734,1.30665,1.30727,3375899963.3789062
2012-02-01 08:52:00,1.30727,1.3076,1.30723,1.3074,3383500061.0351562
2012-02-01 08:53:00,1.3074,1.30742,1.30697,1.30699,3045400085.4492188
2012-02-01 08:54:00,1.30699,1.3074,1.30699,1.30739,3299800109.8632812
2012-02-01 08:55:00,1.3074,1.30765,1.30715,1.30736,3178399963.3789062
2012-02-01 08:56:00,1.30736,1.30736,1.30706,1.30717,2719100036.6210938
2012-02-01 08:57:00,1.30715,1.30724,1.30688,1.30694,2972099914.5507812
2012-02-01 08:58:00,1.30695,1.30715,1.30682,1.30715,2884899902.34375
2012-02-01 08:59:00,1.30715,1.30798,1.30715,1.3075,4718399963.378906
2012-02-01 09:00:00,1.30751,1.30902,1.30751,1.30901,4645199890.136719
2012-02-01 09:01:00,1.30902,1.30928,1.30879,1.30908,4062699890.1367188
2012-02-01 09:02:00,1.30908,1.31006,1.30908,1.30981,4487500000.0
2012-02-01 09:03:00,1.3098,1.30987,1.30954,1.30958,3075400085.4492188
2012-02-01 09:04:00,1.30961,1.30973,1.30935,1.30973,3256700134.2773438
2012-02-01 09:05:00,1.30971,1.31007,1.30937,1.30996,3441099853.515625
2012-02-01 09:06:00,1.30994,1.31059,1.30971,1.31034,4535100097.65625
2012-02-01 09:07:00,1.31035,1.31043,1.30997,1.31009,3970299987.7929688
2012-02-01 09:08:00,1.31007,1.31043,1.30989,1.31032,4003299865.7226562
2012-02-01 09:09:00,1.31028,1.31031,1.30987,1.30991,3401300048.828125
2012-02-01 09:10:00,1.30991,1.30992,1.30946,1.30979,4025000000.0
2012-02-01 09:11:00,1.30981,1.30998,1.30959,1.30991,3504700012.2070312
2012-02-01 09:12:00,1.30992,1.31051,1.30986,1.31022,3533800048.828125
2012-02-01 09:13:00,1.31022,1.31031,1.30984,1.30987,2690199890.1367188
2012-02-01 09:14:00,1.30987,1.31083,1.30984,1.31083,4052999877.9296875
2012-02-01 09:15:00,1.31083,1.31128,1.3107,1.31078,4277699890.1367188
2012-02-01 09:16:00,1.31078,1.3109,1.3104,1.31042,3208599853.515625
2012-02-01 09:17:00,1.31042,1.31045,1.31027,1.31029,3123800048.828125
2012-02-01 09:18:00,1.31032,1.31045,1.3102,1.31027,2725400085.4492188
2012-02-01 09:19:00,1.31027,1.31043,1.31007,1.31013,3129100036.6210938
2012-02-01 09:20:00,1.31013,1.31052,1.31011,1.31019,3130499877.9296875
2012-02-01 09:21:00,1.3102,1.31085,1.31013,1.31072,3725799865.7226562
2012-02-01 09:22:00,1.31072,1.31072,1.31035,1.31065,3651700134.2773438
2012-02-01 09:23:00,1.31063,1.31091,1.31058,1.31065,3406499938.9648438
2012-02-01 09:24:00,1.31065,1.31075,1.31056,1.31057,2743200073.2421875
2012-02-01 09:25:00,1.31058,1.3106,1.31026,1.31026,2827900085.4492188
2012-02-01 09:26:00,1.31025,1.31045,1.31,1.31021,2790400085.4492188
2012-02-01 09:27:00,1.3102,1.31034,1.31001,1.31021,2488000030.517578
2012-02-01 09:28:00,1.3102,1.31074,1.31016,1.3107,3220799865.7226562
2012-02-01 09:29:00,1.31075,1.31171,1.31073,1.3114,4565400085.449219
2012-02-01 09:30:00,1.3114,1.31155,1.3112,1.31136,3795799865.7226562
2012-02-01 09:31:00,1.31134,1.31139,1.31113,1.31117,2550800018.310547
2012-02-01 09:32:00,1.31117,1.31143,1.31114,1.31127,3259599914.5507812
2012-02-01 09:33:00,1.31128,1.31142,1.31102,1.31108,3212000122.0703125
2012-02-01 09:34:00,1.3111,1.31111,1.31067,1.31086,3019899902.34375
2012-02-01 09:35:00,1.31086,1.31165,1.31083,1.31163,3428900146.484375
2012-02-01 09:36:00,1.31161,1.31203,1.31143,1.31203,2543699951.171875
2012-02-01 09:37:00,1.31204,1.31204,1.3117,1.31176,3288399963.3789062
2012-02-01 09:38:00,1.31177,1.31193,1.3116,1.31192,3727000122.0703125
2012-02-01 09:39:00,1.31193,1.31193,1.31133,1.31133,3611700134.2773438
2012-02-01 09:40:00,1.31133,1.31171,1.31112,1.31145,2960000000.0
2012-02-01 09:41:00,1.31143,1.31159,1.31119,1.31127,2422100067.138672
2012-02-01 09:42:00,1.31127,1.31223,1.31127,1.31212,3376900024.4140625
2012-02-01 09:43:00,1.31211,1.31256,1.31208,1.31239,3305799865.7226562
2012-02-01 09:44:00,1.31235,1.31254,1.3121,1.31247,3012799987.7929688
2012-02-01 09:45:00,1.31246,1.31318,1.31235,1.31298,3764700012.2070312
2012-02-01 09:46:00,1.31299,1.31314,1.31283,1.31311,3669800109.8632812
2012-02-01 09:47:00,1.31309,1.31311,1.31268,1.31273,3777699890.1367188
2012-02-01 09:48:00,1.31275,1.31289,1.31253,1.31268,3706900024.4140625
2012-02-01 09:49:00,1.31266,1.31274,1.31237,1.31262,3320599975.5859375
2012-02-01 09:50:00,1.31262,1.31276,1.31257,1.31264,3357500000.0
2012-02-01 09:51:00,1.31263,1.3129,1.31257,1.31273,3738699951.171875
2012-02-01 09:52:00,1.31273,1.31283,1.31253,1.31266,3015599975.5859375
2012-02-01 09:53:00,1.31266,1.31295,1.31262,1.31277,3809200134.2773438
2012-02-01 09:54:00,1.31279,1.31302,1.31274,1.31283,2614899902.34375
2012-02-01 09:55:00,1.31282,1.31321,1.31279,1.3132,2508399963.3789062
2012-02-01 09:56:00,1.3132,1.31391,1.3131,1.3139,3862399902.34375
2012-02-01 09:57:00,1.31391,1.31406,1.31352,1.31353,4304800109.863281
2012-02-01 09:58:00,1.31353,1.3138,1.31344,1.3137,4068699951.171875
2012-02-01 09:59:00,1.3137,1.31413,1.3137,1.31412,4355000000.0
2012-02-01 10:00:00,1.31411,1.31479,1.31407,1.31441,4231099853.515625
2012-02-01 10:01:00,1.31441,1.31442,1.31385,1.3139,3790599975.5859375
2012-02-01 10:02:00,1.31392,1.31438,1.31391,1.31412,3713099975.5859375
2012-02-01 10:03:00,1.31413,1.31417,1.31362,1.31369,2818999938.9648438
2012-02-01 10:04:00,1.31368,1.31399,1.31361,1.31388,3031000061.0351562
2012-02-01 10:05:00,1.31388,1.31451,1.31388,1.31444,3105799865.7226562
2012-02-01 10:06:00,1.31443,1.31443,1.31405,1.31413,2110000000.0
2012-02-01 10:07:00,1.31411,1.31432,1.31381,1.31381,3187300109.8632812
2012-02-01 10:08:00,1.31382,1.3139,1.31339,1.31341,2650400085.4492188
2012-02-01 10:09:00,1.31341,1.31354,1.3132,1.31324,2610700073.2421875
2012-02-01 10:10:00,1.31325,1.31351,1.31313,1.31316,2708800048.828125
2012-02-01 10:11:00,1.31316,1.3132,1.31292,1.31296,2041600036.6210938
2012-02-01 10:12:00,1.31298,1.3132,1.31298,1.31313,2937200012.2070312
2012-02-01 10:13:00,1.31314,1.31334,1.31311,1.31324,3304800109.8632812
2012-02-01 10:14:00,1.31323,1.31331,1.31312,1.31324,2479700012.2070312
2012-02-01 10:15:00,1.31324,1.31344,1.31316,1.3133,2950400085.4492188
2012-02-01 10:16:00,1.31332,1.31351,1.31313,1.31339,2866300048.828125
2012-02-01 10:17:00,1.31339,1.31378,1.31335,1.31375,2272200012.2070312
2012-02-01 10:18:00,1.31377,1.31394,1.31369,1.31394,2272200012.2070312
2012-02-01 10:19:00,1.31394,1.31422,1.31389,1.31401,3123099975.5859375
2012-02-01 10:20:00,1.31401,1.31408,1.31367,1.31372,2553399963.3789062
2012-02-01 10:21:00,1.3137,1.31394,1.31366,1.31366,2670899963.3789062
2012-02-01 10:22:00,1.31366,1.31375,1.3134,1.31374,2391000061.0351562
2012-02-01 10:23:00,1.31373,1.31415,1.3137,1.3137,2754299926.7578125
2012-02-01 10:24:00,1.31369,1.31404,1.31364,1.31383,3201499938.9648438
2012-02-01 10:25:00,1.31383,1.31404,1.31368,1.31395,3238999938.9648438
2012-02-01 10:26:00,1.31396,1.31396,1.31367,1.31381,2635299987.7929688
2012-02-01 10:27:00,1.3138,1.314,1.31374,1.31382,2425500030.517578
2012-02-01 10:28:00,1.31381,1.31392,1.31359,1.31367,2713299865.7226562
2012-02-01 10:29:00,1.3137,1.31376,1.31349,1.31349,2103500061.0351562
2012-02-01 10:30:00,1.31347,1.31347,1.3131,1.31318,2904200134.2773438
2012-02-01 10:31:00,1.31318,1.31347,1.31305,1.31347,3286199951.171875
2012-02-01 10:32:00,1.31347,1.31364,1.31321,1.31328,2623699951.171875
2012-02-01 10:33:00,1.31328,1.31361,1.31307,1.31354,2803800048.828125
2012-02-01 10:34:00,1.31353,1.31353,1.31326,1.31326,2270399932.861328
2012-02-01 10:35:00,1.31326,1.31337,1.3132,1.31322,1838800048.828125
2012-02-01 10:36:00,1.31322,1.31325,1.3128,1.31282,2141699981.6894531
2012-02-01 10:37:00,1.31282,1.31282,1.31254,1.31281,2022400054.9316406
2012-02-01 10:38:00,1.31282,1.3132,1.31265,1.31265,3049299926.7578125
2012-02-01 10:39:00,1.31266,1.31304,1.31261,1.31263,3289200134.2773438
2012-02-01 10:40:00,1.31262,1.3128,1.3126,1.3127,2576799926.7578125
2012-02-01 10:41:00,1.31267,1.31272,1.31252,1.31271,2432500000.0
2012-02-01 10:42:00,1.31269,1.31283,1.31233,1.31234,2434799957.2753906
2012-02-01 10:43:00,1.31233,1.31257,1.31233,1.31241,2645000000.0
2012-02-01 10:44:00,1.31241,1.31276,1.31235,1.31273,2806099853.515625
2012-02-01 10:45:00,1.31272,1.31315,1.31267,1.31307,2749700012.2070312
2012-02-01 10:46:00,1.31307,1.31307,1.31271,1.31273,3020400085.4492188
2012-02-01 10:47:00,1.3127,1.3129,1.31259,1.3128,1825000000.0
2012-02-01 10:48:00,1.3128,1.31296,1.31254,1.31257,2173000030.517578
2012-02-01 10:49:00,1.31257,1.31283,1.31248,1.3127,2941799926.7578125
2012-02-01 10:50:00,1.3127,1.31275,1.31223,1.31242,3622099914.5507812
2012-02-01 10:51:00,1.31241,1.31251,1.3121,1.31228,2165099945.0683594
2012-02-01 10:52:00,1.31229,1.31243,1.31223,1.31243,2387200012.2070312
2012-02-01 10:53:00,1.31242,1.31265,1.31242,1.31262,2545899963.3789062
2012-02-01 10:54:00,1.31262,1.31263,1.31252,1.31261,2088500061.0351562
2012-02-01 10:55:00,1.31261,1.31315,1.31252,1.31315,3205700073.2421875
2012-02-01 10:56:00,1.31315,1.31333,1.31295,1.31313,2883200073.2421875
2012-02-01 10:57:00,1.31312,1.31335,1.31303,1.31332,2358500061.0351562
2012-02-01 10:58:00,1.31332,1.31332,1.31309,1.31319,2218899993.8964844
2012-02-01 10:59:00,1.31317,1.31348,1.313,1.31327,3848699951.171875
2012-02-01 11:00:00,1.3133,1.3134,1.31306,1.31331,2857999877.9296875
2012-02-01 11:01:00,1.31331,1.31344,1.31314,1.31316,2698299865.7226562
2012-02-01 11:02:00,1.31312,1.31343,1.31306,1.3134,2509900054.9316406
2012-02-01 11:03:00,1.31338,1.31353,1.31326,1.31333,2456999969.482422
2012-02-01 11:04:00,1.31333,1.31334,1.31292,1.31292,2055899963.3789062
2012-02-01 11:05:00,1.31295,1.31305,1.3128,1.31297,2429900054.9316406
2012-02-01 11:06:00,1.31296,1.31299,1.31261,1.31268,2183000030.517578
2012-02-01 11:07:00,1.31268,1.31283,1.31249,1.3125,2297700042.7246094
2012-02-01 11:08:00,1.3125,1.3129,1.3125,1.31282,2554299926.7578125
2012-02-01 11:09:00,1.31284,1.31295,1.31272,1.31278,2436300048.828125
2012-02-01 11:10:00,1.31277,1.31277,1.3125,1.31259,2668699951.171875
2012-02-01 11:11:00,1.31259,1.31279,1.31257,1.31263,2770400085.4492188
2012-02-01 11:12:00,1.31263,1.31264,1.31251,1.31251,1289900054.9316406
2012-02-01 11:13:00,1.31252,1.31294,1.31252,1.31274,2313600006.1035156
2012-02-01 11:14:00,1.31274,1.31317,1.31273,1.31309,3192900085.4492188
2012-02-01 11:15:00,1.31309,1.31312,1.31286,1.31294,2197500000.0
2012-02-01 11:16:00,1.3129,1.31305,1.3128,1.31286,1977700042.7246094
2012-02-01 11:17:00,1.31284,1.31302,1.31276,1.31291,2572500000.0
2012-02-01 11:18:00,1.31291,1.31296,1.31283,1.31293,2102799987.7929688
2012-02-01 11:19:00,1.31293,1.31317,1.31293,1.31311,2350500030.517578
2012-02-01 11:20:00,1.31312,1.31318,1.31285,1.31285,1724799957.2753906
2012-02-01 11:21:00,1.31287,1.31321,1.31287,1.31309,2851300048.828125
2012-02-01 11:22:00,1.3131,1.31311,1.31282,1.31282,2404400024.4140625
2012-02-01 11:23:00,1.31282,1.31298,1.3127,1.31281,1898099975.5859375
2012-02-01 11:24:00,1.31281,1.31296,1.31281,1.31288,2146900024.4140625
2012-02-01 11:25:00,1.31288,1.3129,1.31274,1.31276,1754900054.9316406
2012-02-01 11:26:00,1.31276,1.31277,1.31259,1.3126,2842999877.9296875
2012-02-01 11:27:00,1.3126,1.3126,1.31186,1.31193,3643599853.515625
2012-02-01 11:28:00,1.31192,1.31206,1.31177,1.31184,3290899963.3789062
2012-02-01 11:29:00,1.31184,1.31187,1.31164,1.31175,2869700012.2070312
2012-02-01 11:30:00,1.31175,1.31188,1.31172,1.31177,2742699890.1367188
2012-02-01 11:31:00,1.31177,1.31194,1.31174,1.3119,2641900024.4140625
2012-02-01 11:32:00,1.31189,1.3119,1.3118,1.31187,2576900024.4140625
2012-02-01 11:33:00,1.31189,1.31205,1.31189,1.31195,2147500000.0
2012-02-01 11:34:00,1.31194,1.31206,1.31182,1.31206,2225000000.0
2012-02-01 11:35:00,1.31206,1.31215,1.31197,1.31197,2453999938.9648438
2012-02-01 11:36:00,1.31193,1.31224,1.31193,1.31198,2147799987.7929688
2012-02-01 11:37:00,1.31198,1.31214,1.31179,1.31214,2832799987.7929688
2012-02-01 11:38:00,1.31215,1.31229,1.312,1.312,3130499877.9296875
2012-02-01 11:39:00,1.31196,1.31225,1.31194,1.31219,3397399902.34375
2012-02-01 11:40:00,1.31219,1.31286,1.31219,1.31273,3004899902.34375
2012-02-01 11:41:00,1.31273,1.31283,1.31254,1.31266,2909599914.5507812
2012-02-01 11:42:00,1.31266,1.31288,1.31265,1.31287,2208800048.828125
2012-02-01 11:43:00,1.31287,1.3131,1.31281,1.31287,2633599853.515625
2012-02-01 11:44:00,1.31285,1.31306,1.31283,1.31283,2604299926.7578125
2012-02-01 11:45:00,1.31283,1.31283,1.31257,1.31262,2965400085.4492188
2012-02-01 11:46:00,1.31262,1.31301,1.31261,1.31301,2113699951.171875
2012-02-01 11:47:00,1.31301,1.31309,1.31279,1.31287,3076499938.9648438
2012-02-01 11:48:00,1.31286,1.31292,1.31273,1.31292,2768399963.3789062
2012-02-01 11:49:00,1.31292,1.31303,1.31281,1.313,2265200042.7246094
2012-02-01 11:50:00,1.313,1.31324,1.31279,1.31324,3228299865.7226562
2012-02-01 11:51:00,1.31322,1.31329,1.31303,1.31326,2904100036.6210938
2012-02-01 11:52:00,1.31326,1.31335,1.31317,1.31329,1861699981.6894531
2012-02-01 11:53:00,1.31327,1.31331,1.31326,1.31327,1910099945.0683594
2012-02-01 11:54:00,1.31327,1.31328,1.31321,1.31323,1597799987.7929688
2012-02-01 11:55:00,1.31322,1.31337,1.3132,1.31335,2009400024.4140625
2012-02-01 11:56:00,1.31334,1.31344,1.31325,1.31327,3089899902.34375
2012-02-01 11:57:00,1.31328,1.31333,1.31315,1.31319,2470399932.861328
2012-02-01 11:58:00,1.31319,1.31324,1.31281,1.31281,2709100036.6210938
2012-02-01 11:59:00,1.3128,1.31285,1.3126,1.31275,2799299926.7578125
2012-02-01 12:00:00,1.31276,1.31283,1.31227,1.31235,2953200073.2421875
2012-02-01 12:01:00,1.31236,1.31243,1.31185,1.31204,2907300109.8632812
2012-02-01 12:02:00,1.31204,1.31207,1.31175,1.31199,3180700073.2421875
2012-02-01 12:03:00,1.31199,1.31206,1.31191,1.31194,2451100006.1035156
2012-02-01 12:04:00,1.31194,1.31225,1.31194,1.31214,2372100067.138672
2012-02-01 12:05:00,1.31214,1.31221,1.31187,1.31214,2373800048.828125
2012-02-01 12:06:00,1.31214,1.31231,1.31203,1.31224,2101600036.6210938
2012-02-01 12:07:00,1.31224,1.31231,1.31214,1.31231,1895399932.8613281
2012-02-01 12:08:00,1.31231,1.3124,1.3122,1.31232,2042700042.7246094
2012-02-01 12:09:00,1.31232,1.31236,1.31229,1.31235,1474900054.9316406
2012-02-01 12:10:00,1.31235,1.31254,1.31231,1.31245,2358399963.3789062
2012-02-01 12:11:00,1.31245,1.31249,1.31224,1.31246,3225799865.7226562
2012-02-01 12:12:00,1.31245,1.31247,1.31224,1.31242,2381199951.171875
2012-02-01 12:13:00,1.31242,1.3125,1.3124,1.31247,1119100036.6210938
2012-02-01 12:14:00,1.31248,1.31265,1.31248,1.31255,2886000061.0351562
2012-02-01 12:15:00,1.31255,1.31277,1.31255,1.31277,2067500000.0
2012-02-01 12:16:00,1.31277,1.3129,1.31268,1.31268,1971799926.7578125
2012-02-01 12:17:00,1.31268,1.31287,1.31267,1.31276,2385000000.0
2012-02-01 12:18:00,1.31277,1.31297,1.31275,1.31295,1992200012.2070312
2012-02-01 12:19:00,1.31295,1.31328,1.31289,1.31305,3395100097.65625
2012-02-01 12:20:00,1.31306,1.31322,1.31273,1.31278,3149599914.5507812
2012-02-01 12:21:00,1.31278,1.3134,1.31275,1.3134,2653299865.7226562
2012-02-01 12:22:00,1.31342,1.31369,1.31332,1.31345,3440700073.2421875
2012-02-01 12:23:00,1.31348,1.31361,1.31336,1.31346,3618999938.9648438
2012-02-01 12:24:00,1.31346,1.31359,1.31329,1.31336,2197400054.9316406
2012-02-01 12:25:00,1.31341,1.31355,1.31341,1.31349,2190000000.0
2012-02-01 12:26:00,1.31349,1.31403,1.31349,1.31398,3324200134.2773438
2012-02-01 12:27:00,1.31399,1.3144,1.31399,1.31437,3606400146.484375
2012-02-01 12:28:00,1.31437,1.31448,1.31413,1.31415,3637200012.2070312
2012-02-01 12:29:00,1.31415,1.31478,1.31415,1.31476,3661799926.7578125
2012-02-01 12:30:00,1.31476,1.316,1.31458,1.316,4996000061.035156
2012-02-01 12:31:00,1.31602,1.31713,1.31602,1.31712,5018599853.515625
2012-02-01 12:32:00,1.31716,1.31733,1.31684,1.31717,4566300048.828125
2012-02-01 12:33:00,1.31716,1.31753,1.31711,1.31731,3806300048.828125
2012-02-01 12:34:00,1.31731,1.31731,1.31698,1.31717,3429800109.8632812
2012-02-01 12:35:00,1.31717,1.31829,1.31717,1.31827,3969599914.5507812
2012-02-01 12:36:00,1.31829,1.31868,1.31829,1.31831,3688599853.515625
2012-02-01 12:37:00,1.3183,1.31838,1.31793,1.31801,3464500122.0703125
2012-02-01 12:38:00,1.31799,1.31815,1.3177,1.31784,3258800048.828125
2012-02-01 12:39:00,1.31786,1.31842,1.31786,1.31815,3454700012.2070312
2012-02-01 12:40:00,1.31821,1.31823,1.3178,1.31784,3029500122.0703125
2012-02-01 12:41:00,1.31783,1.3181,1.31772,1.318,2618299865.7226562
2012-02-01 12:42:00,1.31799,1.31861,1.31796,1.31861,2111399993.8964844
2012-02-01 12:43:00,1.31861,1.31866,1.31818,1.31862,3236099853.515625
2012-02-01 12:44:00,1.31863,1.31939,1.31851,1.31939,3624800109.8632812
2012-02-01 12:45:00,1.31939,1.32005,1.31938,1.3197,3661000061.0351562
2012-02-01 12:46:00,1.31977,1.31995,1.31947,1.31973,3735499877.9296875
2012-02-01 12:47:00,1.31975,1.31985,1.31945,1.31945,2952799987.7929688
2012-02-01 12:48:00,1.31944,1.31944,1.319,1.31931,3914899902.34375
2012-02-01 12:49:00,1.31931,1.31956,1.3192,1.31949,2436300048.828125
2012-02-01 12:50:00,1.3195,1.32018,1.3195,1.31986,3572799987.7929688
2012-02-01 12:51:00,1.31984,1.31992,1.3197,1.3197,3073500061.0351562
2012-02-01 12:52:00,1.31971,1.31971,1.31943,1.31943,3710199890.1367188
2012-02-01 12:53:00,1.31944,1.3195,1.31907,1.31912,2120000000.0
2012-02-01 12:54:00,1.31911,1.3193,1.31897,1.31897,2083699951.171875
2012-02-01 12:55:00,1.31899,1.31916,1.31867,1.31867,2923399963.3789062
2012-02-01 12:56:00,1.31866,1.31867,1.31837,1.31843,2701000061.0351562
2012-02-01 12:57:00,1.31843,1.31844,1.31808,1.31829,2839800109.8632812
2012-02-01 12:58:00,1.31829,1.31835,1.31806,1.31818,3054500122.0703125
2012-02-01 12:59:00,1.31816,1.31824,1.31791,1.31823,2587099914.5507812
2012-02-01 13:00:00,1.31823,1.31855,1.31808,1.31826,2947399902.34375
2012-02-01 13:01:00,1.31828,1.31838,1.31818,1.31833,2601900024.4140625
2012-02-01 13:02:00,1.31833,1.31858,1.3182,1.3184,2990799865.7226562
2012-02-01 13:03:00,1.3184,1.3184,1.31801,1.31803,2643500061.0351562
2012-02-01 13:04:00,1.31804,1.31811,1.31774,1.31787,2504199981.689453
2012-02-01 13:05:00,1.31785,1.31789,1.31772,1.31784,2291399993.8964844
2012-02-01 13:06:00,1.31784,1.31812,1.31769,1.31812,3074100036.6210938
2012-02-01 13:07:00,1.31812,1.31813,1.31772,1.3178,2702799987.7929688
2012-02-01 13:08:00,1.3178,1.31789,1.31721,1.31727,3072500000.0
2012-02-01 13:09:00,1.31725,1.31753,1.317,1.31725,3920400085.4492188
2012-02-01 13:10:00,1.31725,1.31738,1.31693,1.31738,2865599975.5859375
2012-02-01 13:11:00,1.3174,1.31753,1.31729,1.3175,2750499877.9296875
2012-02-01 13:12:00,1.3175,1.3175,1.31722,1.3174,3122500000.0
2012-02-01 13:13:00,1.31737,1.31742,1.31714,1.31725,2825799865.7226562
2012-02-01 13:14:00,1.31725,1.31747,1.31707,1.31747,3523599853.515625
2012-02-01 13:15:00,1.31747,1.31762,1.31705,1.31705,4030599975.5859375
2012-02-01 13:16:00,1.31707,1.31752,1.31703,1.31721,2933800048.828125
2012-02-01 13:17:00,1.31721,1.31725,1.31696,1.31711,2318099975.5859375
2012-02-01 13:18:00,1.31711,1.31743,1.31708,1.31728,2646099853.515625
2012-02-01 13:19:00,1.31727,1.31742,1.31719,1.31719,2278899993.8964844
2012-02-01 13:20:00,1.31721,1.31721,1.31689,1.31701,3302399902.34375
2012-02-01 13:21:00,1.317,1.31703,1.3168,1.3169,2560100097.65625
2012-02-01 13:22:00,1.31689,1.31694,1.3167,1.31687,2622200012.2070312
2012-02-01 13:23:00,1.31692,1.31743,1.31685,1.31739,3061400146.484375
2012-02-01 13:24:00,1.31739,1.31746,1.31735,1.31738,2338399963.3789062
2012-02-01 13:25:00,1.31736,1.31744,1.31727,1.31729,2458099975.5859375
2012-02-01 13:26:00,1.31727,1.31737,1.31688,1.31697,2014900054.9316406
2012-02-01 13:27:00,1.31697,1.31782,1.31696,1.31782,3392099914.5507812
2012-02-01 13:28:00,1.31782,1.31827,1.31782,1.31825,2981700134.2773438
2012-02-01 13:29:00,1.31826,1.31829,1.31802,1.31816,2899400024.4140625
2012-02-01 13:30:00,1.31815,1.31864,1.31812,1.31835,3539400024.4140625
2012-02-01 13:31:00,1.31837,1.31842,1.31798,1.31811,3925700073.2421875
2012-02-01 13:32:00,1.31809,1.31809,1.31755,1.31758,2777500000.0
2012-02-01 13:33:00,1.31759,1.3179,1.31759,1.3179,2130299987.7929688
2012-02-01 13:34:00,1.31788,1.31795,1.31752,1.31753,2326399993.8964844
2012-02-01 13:35:00,1.31753,1.31753,1.31713,1.31716,2342700042.7246094
2012-02-01 13:36:00,1.31714,1.31715,1.31696,1.31698,2917099914.5507812
2012-02-01 13:37:00,1.317,1.31738,1.31698,1.31711,3364700012.2070312
2012-02-01 13:38:00,1.3171,1.31717,1.31698,1.31701,3445400085.4492188
2012-02-01 13:39:00,1.31701,1.31709,1.31686,1.31694,2951300048.828125
2012-02-01 13:40:00,1.3169,1.31705,1.3169,1.31705,1945800018.3105469
2012-02-01 13:41:00,1.31705,1.31742,1.31699,1.31733,2701300048.828125
2012-02-01 13:42:00,1.31737,1.31768,1.31737,1.31765,2511100006.1035156
2012-02-01 13:43:00,1.31765,1.31767,1.31734,1.31742,2611199951.171875
2012-02-01 13:44:00,1.31742,1.31758,1.31738,1.31738,2980799865.7226562
2012-02-01 13:45:00,1.31738,1.31746,1.31738,1.31738,1406900024.4140625
2012-02-01 13:46:00,1.31738,1.31744,1.31725,1.31744,2421600036.6210938
2012-02-01 13:47:00,1.31744,1.31748,1.31734,1.31745,2649899902.34375
2012-02-01 13:48:00,1.31745,1.31785,1.31742,1.31784,2470899963.3789062
2012-02-01 13:49:00,1.31784,1.31787,1.31774,1.31779,1906499938.9648438
2012-02-01 13:50:00,1.31779,1.31825,1.31779,1.31818,3833099975.5859375
2012-02-01 13:51:00,1.31818,1.31827,1.31807,1.31807,2876600036.6210938
2012-02-01 13:52:00,1.31806,1.31808,1.31794,1.31799,2488399963.3789062
2012-02-01 13:53:00,1.31799,1.31802,1.31776,1.31776,2420200042.7246094
2012-02-01 13:54:00,1.31776,1.31792,1.31772,1.31792,2127200012.2070312
2012-02-01 13:55:00,1.31793,1.31799,1.31778,1.31784,2562900085.4492188
2012-02-01 13:56:00,1.31784,1.31784,1.31726,1.31727,2912999877.9296875
2012-02-01 13:57:00,1.31727,1.31747,1.31727,1.31729,2691900024.4140625
2012-02-01 13:58:00,1.31729,1.31751,1.31728,1.31728,2770000000.0
2012-02-01 13:59:00,1.31728,1.3173,1.31714,1.31728,2264900054.9316406
2012-02-01 14:00:00,1.3173,1.31752,1.31704,1.31704,3214500122.0703125
2012-02-01 14:01:00,1.31706,1.31733,1.31706,1.3173,2810700073.2421875
2012-02-01 14:02:00,1.31729,1.31731,1.317,1.31706,1937299957.2753906
2012-02-01 14:03:00,1.31706,1.31721,1.31698,1.31717,2530700073.2421875
2012-02-01 14:04:00,1.31715,1.31739,1.31715,1.31725,2132799987.7929688
2012-02-01 14:05:00,1.31725,1.31736,1.31724,1.31735,2086300048.828125
2012-02-01 14:06:00,1.31735,1.31752,1.31733,1.31744,2319499969.482422
2012-02-01 14:07:00,1.31748,1.3175,1.31722,1.31723,2184299926.7578125
2012-02-01 14:08:00,1.31723,1.31724,1.31705,1.31713,2156300048.828125
2012-02-01 14:09:00,1.31714,1.31741,1.31704,1.3174,2303899993.8964844
2012-02-01 14:10:00,1.31742,1.31756,1.31736,1.3175,2605599975.5859375
2012-02-01 14:11:00,1.31748,1.31748,1.31703,1.31707,2572999877.9296875
2012-02-01 14:12:00,1.3171,1.3171,1.31626,1.31636,4327000122.0703125
2012-02-01 14:13:00,1.31632,1.31632,1.31542,1.31548,3780299987.7929688
2012-02-01 14:14:00,1.31548,1.31575,1.31544,1.31573,2835799865.7226562
2012-02-01 14:15:00,1.31573,1.31577,1.31537,1.31558,3203299865.7226562
2012-02-01 14:16:00,1.31559,1.31614,1.31559,1.31601,2758200073.2421875
2012-02-01 14:17:00,1.31601,1.31628,1.31597,1.31619,1973500061.0351562
2012-02-01 14:18:00,1.31626,1.3164,1.31615,1.31632,3082399902.34375
2012-02-01 14:19:00,1.31632,1.31647,1.31618,1.31623,2632099914.5507812
2012-02-01 14:20:00,1.31622,1.31635,1.31603,1.31604,2062899932.8613281
2012-02-01 14:21:00,1.31604,1.31634,1.31585,1.31634,3604500122.0703125
2012-02-01 14:22:00,1.31633,1.31634,1.31614,1.31614,2374900054.9316406
2012-02-01 14:23:00,1.31614,1.31617,1.31583,1.31596,2214900054.9316406
2012-02-01 14:24:00,1.31596,1.31674,1.31596,1.31644,3256700134.2773438
2012-02-01 14:25:00,1.31644,1.31649,1.31635,1.31645,2198399963.3789062
2012-02-01 14:26:00,1.31645,1.31673,1.31641,1.31641,2246699981.689453
2012-02-01 14:27:00,1.31641,1.31643,1.31625,1.31638,1974299926.7578125
2012-02-01 14:28:00,1.31639,1.31659,1.31637,1.31659,2297899932.861328
2012-02-01 14:29:00,1.31659,1.31677,1.31645,1.31658,1769100036.6210938
2012-02-01 14:30:00,1.31659,1.31679,1.31659,1.31667,2625700073.2421875
2012-02-01 14:31:00,1.31667,1.31716,1.31666,1.31709,3430299987.7929688
2012-02-01 14:32:00,1.31709,1.31728,1.31706,1.31726,3021199951.171875
2012-02-01 14:33:00,1.31726,1.31735,1.31712,1.31712,2237200012.2070312
2012-02-01 14:34:00,1.31712,1.31729,1.31696,1.31724,4028800048.828125
2012-02-01 14:35:00,1.31724,1.31801,1.31724,1.318,3447099914.5507812
2012-02-01 14:36:00,1.31799,1.31847,1.31791,1.31834,4618500061.035156
2012-02-01 14:37:00,1.31834,1.31842,1.31813,1.31815,3479400024.4140625
2012-02-01 14:38:00,1.31815,1.31822,1.31796,1.31797,3227200012.2070312
2012-02-01 14:39:00,1.31797,1.31843,1.31797,1.31824,3541900024.4140625
2012-02-01 14:40:00,1.31824,1.31842,1.31783,1.31783,3407000122.0703125
2012-02-01 14:41:00,1.31783,1.31787,1.31761,1.31769,3502099914.5507812
2012-02-01 14:42:00,1.31768,1.31771,1.31704,1.31743,4514899902.34375
2012-02-01 14:43:00,1.31741,1.31743,1.3168,1.3168,3967999877.9296875
2012-02-01 14:44:00,1.31677,1.3168,1.31627,1.31669,4087300109.8632812
2012-02-01 14:45:00,1.31669,1.31679,1.31628,1.31679,3340799865.7226562
2012-02-01 14:46:00,1.31679,1.31699,1.31663,1.31698,2185700073.2421875
2012-02-01 14:47:00,1.31699,1.31699,1.31687,1.31694,1940200042.7246094
2012-02-01 14:48:00,1.31694,1.31695,1.3167,1.31679,2054799957.2753906
2012-02-01 14:49:00,1.31679,1.31715,1.31675,1.31709,2380200042.7246094
2012-02-01 14:50:00,1.31714,1.31747,1.3171,1.31747,3048299865.7226562
2012-02-01 14:51:00,1.31747,1.31751,1.31724,1.31748,3372600097.65625
2012-02-01 14:52:00,1.31749,1.31775,1.31742,1.31759,2302400054.9316406
2012-02-01 14:53:00,1.31761,1.31761,1.31701,1.31702,3589599914.5507812
2012-02-01 14:54:00,1.31702,1.31717,1.31701,1.31701,2666000061.0351562
2012-02-01 14:55:00,1.31701,1.31725,1.31694,1.317,3113900146.484375
2012-02-01 14:56:00,1.31699,1.31723,1.31699,1.31714,2858099975.5859375
2012-02-01 14:57:00,1.31714,1.3172,1.31692,1.31702,2258800048.828125
2012-02-01 14:58:00,1.31702,1.31718,1.31683,1.31718,3288200073.2421875
2012-02-01 14:59:00,1.31718,1.3172,1.31678,1.31678,3592000122.0703125
2012-02-01 15:00:00,1.31674,1.31712,1.31662,1.31682,3855000000.0
2012-02-01 15:01:00,1.31681,1.31681,1.31583,1.31583,4143800048.828125
2012-02-01 15:02:00,1.31583,1.31625,1.31565,1.31623,3498699951.171875
2012-02-01 15:03:00,1.31628,1.31676,1.31622,1.3166,3504899902.34375
2012-02-01 15:04:00,1.3166,1.31683,1.3165,1.31655,2664500122.0703125
2012-02-01 15:05:00,1.31656,1.31774,1.31656,1.31749,3594400024.4140625
2012-02-01 15:06:00,1.3175,1.31793,1.31732,1.31792,3914400024.4140625
2012-02-01 15:07:00,1.31794,1.31888,1.31787,1.31866,5109500122.0703125
2012-02-01 15:08:00,1.31866,1.31884,1.3184,1.31868,3902699890.1367188
2012-02-01 15:09:00,1.31868,1.31964,1.31866,1.31963,4004100036.6210938
2012-02-01 15:10:00,1.31962,1.31993,1.31917,1.31954,3538999938.9648438
2012-02-01 15:11:00,1.31953,1.31965,1.31925,1.3193,3015100097.65625
2012-02-01 15:12:00,1.31933,1.31943,1.31883,1.3189,3186000061.0351562
2012-02-01 15:13:00,1.3189,1.31916,1.31881,1.31893,2990499877.9296875
2012-02-01 15:14:00,1.31896,1.31968,1.31896,1.31934,4903699951.171875
2012-02-01 15:15:00,1.31935,1.31956,1.31911,1.31912,4077999877.9296875
2012-02-01 15:16:00,1.31911,1.31911,1.31827,1.31838,3579899902.34375
2012-02-01 15:17:00,1.31838,1.31876,1.31831,1.31866,4131700134.2773438
2012-02-01 15:18:00,1.31865,1.31865,1.31797,1.31803,3389700012.2070312
2012-02-01 15:19:00,1.31804,1.31807,1.31738,1.31738,4536199951.171875
2012-02-01 15:20:00,1.31739,1.31745,1.31693,1.31724,3737799987.7929688
2012-02-01 15:21:00,1.31724,1.3176,1.31724,1.31754,3374500122.0703125
2012-02-01 15:22:00,1.31755,1.31769,1.31735,1.31764,2775400085.4492188
2012-02-01 15:23:00,1.31763,1.31792,1.31763,1.31766,3365299987.7929688
2012-02-01 15:24:00,1.31765,1.31795,1.31765,1.31785,3315799865.7226562
2012-02-01 15:25:00,1.31784,1.31796,1.31767,1.31786,2673599853.515625
2012-02-01 15:26:00,1.31791,1.31824,1.31771,1.31771,2861600036.6210938
2012-02-01 15:27:00,1.31772,1.31774,1.31734,1.31734,2527100067.138672
2012-02-01 15:28:00,1.31729,1.31729,1.31684,1.31704,3847300109.8632812
2012-02-01 15:29:00,1.31704,1.3171,1.31641,1.31678,3098800048.828125
2012-02-01 15:30:00,1.31678,1.31679,1.31635,1.31676,2736700134.2773438
2012-02-01 15:31:00,1.31675,1.31698,1.31669,1.31698,2796600036.6210938
2012-02-01 15:32:00,1.31698,1.31704,1.31677,1.31696,3189400024.4140625
2012-02-01 15:33:00,1.31696,1.31726,1.3169,1.31696,3536499938.9648438
2012-02-01 15:34:00,1.31695,1.31699,1.31654,1.31654,2674899902.34375
2012-02-01 15:35:00,1.31654,1.31717,1.31654,1.317,2930499877.9296875
2012-02-01 15:36:00,1.317,1.31761,1.3169,1.31761,3390700073.2421875
2012-02-01 15:37:00,1.31759,1.31759,1.31727,1.31727,2886000061.0351562
2012-02-01 15:38:00,1.31724,1.31728,1.31721,1.31726,2952500000.0
2012-02-01 15:39:00,1.31726,1.31738,1.31719,1.31732,2294600067.138672
2012-02-01 15:40:00,1.31732,1.31788,1.31728,1.31782,3556199951.171875
2012-02-01 15:41:00,1.31781,1.31781,1.31732,1.31761,2958900146.484375
2012-02-01 15:42:00,1.3176,1.31763,1.31752,1.31755,2795899963.3789062
2012-02-01 15:43:00,1.31755,1.31756,1.31706,1.31723,3105199890.1367188
2012-02-01 15:44:00,1.31724,1.31772,1.31721,1.3176,4198800048.828125
2012-02-01 15:45:00,1.31762,1.31777,1.31713,1.31713,3616799926.7578125
2012-02-01 15:46:00,1.31712,1.3177,1.31712,1.31765,3137500000.0
2012-02-01 15:47:00,1.31765,1.31827,1.31765,1.31799,3170400085.4492188
2012-02-01 15:48:00,1.31796,1.31799,1.31767,1.31786,2652900085.4492188
2012-02-01 15:49:00,1.31786,1.31827,1.31786,1.31805,2839299926.7578125
2012-02-01 15:50:00,1.31805,1.31817,1.31793,1.31817,2905799865.7226562
2012-02-01 15:51:00,1.31816,1.31874,1.31813,1.31867,2792600097.65625
2012-02-01 15:52:00,1.31867,1.31906,1.31852,1.31903,3675499877.9296875
2012-02-01 15:53:00,1.31901,1.31943,1.31896,1.31934,3811499938.9648438
2012-02-01 15:54:00,1.31934,1.31935,1.31885,1.31896,3336499938.9648438
2012-02-01 15:55:00,1.31897,1.31907,1.31867,1.31884,3095799865.7226562
2012-02-01 15:56:00,1.31883,1.31904,1.31864,1.31877,3928900146.484375
2012-02-01 15:57:00,1.31877,1.31881,1.31844,1.31872,2691700134.2773438
2012-02-01 15:58:00,1.31873,1.31926,1.31872,1.31926,3270700073.2421875
2012-02-01 15:59:00,1.31926,1.31989,1.31912,1.31982,4001799926.7578125
2012-02-01 16:00:00,1.3198,1.31999,1.31957,1.31996,4429500122.0703125
2012-02-01 16:01:00,1.31998,1.32005,1.31944,1.31961,3618699951.171875
2012-02-01 16:02:00,1.31966,1.32057,1.31958,1.32054,3763200073.2421875
2012-02-01 16:03:00,1.32057,1.32113,1.32057,1.32073,5012000122.0703125
2012-02-01 16:04:00,1.32073,1.32083,1.32048,1.32064,3187500000.0
2012-02-01 16:05:00,1.32063,1.32064,1.32038,1.32046,3837799987.7929688
2012-02-01 16:06:00,1.32046,1.32056,1.32008,1.32022,3513999938.9648438
2012-02-01 16:07:00,1.32021,1.32087,1.32012,1.32077,3327600097.65625
2012-02-01 16:08:00,1.32077,1.32082,1.32054,1.32063,3194299926.7578125
2012-02-01 16:09:00,1.3207,1.32174,1.3207,1.32151,5364799804.6875
2012-02-01 16:10:00,1.32151,1.3216,1.32111,1.32147,4297300109.863281
2012-02-01 16:11:00,1.32147,1.32147,1.32096,1.32104,2959299926.7578125
2012-02-01 16:12:00,1.32105,1.32112,1.32079,1.32102,3582300109.8632812
2012-02-01 16:13:00,1.32103,1.32113,1.32084,1.32111,3219400024.4140625
2012-02-01 16:14:00,1.32112,1.32112,1.32063,1.32079,3142699890.1367188
2012-02-01 16:15:00,1.3208,1.32096,1.32063,1.32063,2973200073.2421875
2012-02-01 16:16:00,1.32063,1.32068,1.32038,1.32066,3013999938.9648438
2012-02-01 16:17:00,1.32066,1.32067,1.32043,1.32064,2958900146.484375
2012-02-01 16:18:00,1.32063,1.32086,1.32044,1.32048,2855000000.0
2012-02-01 16:19:00,1.32047,1.32047,1.32005,1.32013,3132799987.7929688
2012-02-01 16:20:00,1.32013,1.3202,1.31951,1.31951,4484400024.4140625
2012-02-01 16:21:00,1.31953,1.31954,1.31869,1.31907,3813200073.2421875
2012-02-01 16:22:00,1.31907,1.31927,1.31892,1.31898,3310100097.65625
2012-02-01 16:23:00,1.31896,1.31919,1.31886,1.31912,2736300048.828125
2012-02-01 16:24:00,1.31912,1.31912,1.31873,1.31879,2769200134.2773438
2012-02-01 16:25:00,1.31879,1.31928,1.31879,1.31917,2388800048.828125
2012-02-01 16:26:00,1.31917,1.31918,1.31877,1.31889,2250899963.3789062
2012-02-01 16:27:00,1.31886,1.31927,1.31884,1.31926,2263800048.828125
2012-02-01 16:28:00,1.31925,1.31946,1.31924,1.31937,1775599975.5859375
2012-02-01 16:29:00,1.31937,1.31954,1.31926,1.31926,2429499969.482422
2012-02-01 16:30:00,1.31926,1.31966,1.31926,1.31963,2575899963.3789062
2012-02-01 16:31:00,1.31963,1.32002,1.31963,1.31979,3075400085.4492188
2012-02-01 16:32:00,1.31977,1.3202,1.31977,1.32005,2892500000.0
2012-02-01 16:33:00,1.32007,1.3203,1.31993,1.32006,2945700073.2421875
2012-02-01 16:34:00,1.32005,1.32026,1.3198,1.32017,3581300048.828125
2012-02-01 16:35:00,1.32015,1.32054,1.32013,1.32035,3578399963.3789062
2012-02-01 16:36:00,1.32034,1.32034,1.31943,1.31944,2755299987.7929688
2012-02-01 16:37:00,1.31943,1.31966,1.31942,1.31964,2761000061.0351562
2012-02-01 16:38:00,1.31964,1.31965,1.31914,1.31916,2598200073.2421875
2012-02-01 16:39:00,1.31916,1.31936,1.31916,1.31925,1885800018.3105469
2012-02-01 16:40:00,1.31925,1.31926,1.31894,1.31898,2375700073.2421875
2012-02-01 16:41:00,1.31896,1.31916,1.31893,1.319,1945299987.7929688
2012-02-01 16:42:00,1.31901,1.31928,1.31896,1.31914,2054299926.7578125
2012-02-01 16:43:00,1.31911,1.31923,1.31896,1.31916,2589299926.7578125
2012-02-01 16:44:00,1.31917,1.31944,1.31896,1.31944,2747600097.65625
2012-02-01 16:45:00,1.31946,1.32026,1.31946,1.32026,4002099914.5507812
2012-02-01 16:46:00,1.32032,1.32069,1.31972,1.31986,3797600097.65625
2012-02-01 16:47:00,1.31986,1.31991,1.31904,1.31912,3144100036.6210938
2012-02-01 16:48:00,1.31914,1.31974,1.31912,1.31958,2831499938.9648438
2012-02-01 16:49:00,1.31958,1.31959,1.31936,1.31937,1830599975.5859375
2012-02-01 16:50:00,1.31937,1.31967,1.31937,1.31953,1892200012.2070312
2012-02-01 16:51:00,1.31955,1.31986,1.31955,1.31976,1410599975.5859375
2012-02-01 16:52:00,1.31975,1.32017,1.31965,1.32017,2328000030.517578
2012-02-01 16:53:00,1.32018,1.32042,1.32015,1.3203,2883900146.484375
2012-02-01 16:54:00,1.32028,1.32058,1.32025,1.32034,2462500000.0
2012-02-01 16:55:00,1.32032,1.32057,1.32021,1.32054,2990599975.5859375
2012-02-01 16:56:00,1.32054,1.32066,1.32031,1.32037,2501199951.171875
2012-02-01 16:57:00,1.32037,1.32054,1.32037,1.32047,2192700042.7246094
2012-02-01 16:58:00,1.32043,1.32083,1.32038,1.3207,2857200012.2070312
2012-02-01 16:59:00,1.32071,1.32074,1.32026,1.32026,2741400146.484375
2012-02-01 17:00:00,1.32027,1.32027,1.32006,1.32015,2082100067.1386719
2012-02-01 17:01:00,1.32018,1.32031,1.32011,1.32027,1685500030.5175781
2012-02-01 17:02:00,1.32029,1.32036,1.31983,1.31984,2177899932.861328
2012-02-01 17:03:00,1.31981,1.32035,1.31981,1.32024,2303200073.2421875
2012-02-01 17:04:00,1.32023,1.32023,1.31964,1.31964,2569299926.7578125
2012-02-01 17:05:00,1.31961,1.31961,1.31935,1.31945,2388800048.828125
2012-02-01 17:06:00,1.31945,1.31955,1.31915,1.31915,2778500061.0351562
2012-02-01 17:07:00,1.31915,1.31951,1.319,1.31945,2198800048.828125
2012-02-01 17:08:00,1.31946,1.31958,1.31943,1.3195,2484600067.138672
2012-02-01 17:09:00,1.31948,1.31965,1.31922,1.31965,2068000030.5175781
2012-02-01 17:10:00,1.31968,1.31969,1.31942,1.31961,1828800048.828125
2012-02-01 17:11:00,1.3196,1.32009,1.31958,1.32004,3067000122.0703125
2012-02-01 17:12:00,1.32007,1.3202,1.31994,1.3201,2007700042.7246094
2012-02-01 17:13:00,1.3201,1.32067,1.3201,1.32038,2768599853.515625
2012-02-01 17:14:00,1.32038,1.32038,1.32013,1.32034,1984199981.6894531
2012-02-01 17:15:00,1.32034,1.32058,1.32023,1.32054,2010200042.7246094
2012-02-01 17:16:00,1.32055,1.32106,1.32055,1.32095,3028399963.3789062
2012-02-01 17:17:00,1.32095,1.32106,1.32071,1.32072,2868800048.828125
2012-02-01 17:18:00,1.32072,1.32084,1.32068,1.32083,2126100006.1035156
2012-02-01 17:19:00,1.32083,1.32083,1.32042,1.32046,2557899932.861328
2012-02-01 17:20:00,1.32044,1.32047,1.32022,1.3203,2428099975.5859375
2012-02-01 17:21:00,1.32031,1.3204,1.32026,1.32032,1693800048.828125
2012-02-01 17:22:00,1.32032,1.32035,1.31998,1.32007,1921900024.4140625
2012-02-01 17:23:00,1.32007,1.32033,1.32005,1.32024,1873500061.0351562
2012-02-01 17:24:00,1.32022,1.32031,1.31993,1.31993,2497599945.0683594
2012-02-01 17:25:00,1.31995,1.32012,1.3197,1.32,2821400146.484375
2012-02-01 17:26:00,1.32,1.32013,1.31986,1.31991,2043899993.8964844
2012-02-01 17:27:00,1.3199,1.31995,1.31956,1.31962,2274400024.4140625
2012-02-01 17:28:00,1.31958,1.31975,1.31951,1.31962,2388000030.517578
2012-02-01 17:29:00,1.31962,1.3198,1.31954,1.31973,1804499969.4824219
2012-02-01 17:30:00,1.31974,1.31974,1.31931,1.31933,2207299957.2753906
2012-02-01 17:31:00,1.31932,1.31946,1.31908,1.31938,2610799865.7226562
2012-02-01 17:32:00,1.31938,1.31944,1.31926,1.31944,2541600036.6210938
2012-02-01 17:33:00,1.31945,1.31964,1.31943,1.31951,1848500061.0351562
2012-02-01 17:34:00,1.3195,1.31953,1.31913,1.31914,2677699890.1367188
2012-02-01 17:35:00,1.31914,1.31933,1.31914,1.31921,2140299987.7929688
2012-02-01 17:36:00,1.31921,1.31935,1.31912,1.31933,1286300048.828125
2012-02-01 17:37:00,1.31934,1.31949,1.31932,1.31934,1828899993.8964844
2012-02-01 17:38:00,1.31934,1.31942,1.31924,1.31925,1879799957.2753906
2012-02-01 17:39:00,1.31925,1.31925,1.31916,1.31924,1654100036.6210938
2012-02-01 17:40:00,1.31923,1.31923,1.31866,1.31873,2438399963.3789062
2012-02-01 17:41:00,1.31873,1.31888,1.31872,1.31888,1879900054.9316406
2012-02-01 17:42:00,1.31888,1.31888,1.31814,1.31814,2081300048.828125
2012-02-01 17:43:00,1.31816,1.31835,1.31815,1.31823,2562099914.5507812
2012-02-01 17:44:00,1.31823,1.31845,1.31822,1.31836,2444299926.7578125
2012-02-01 17:45:00,1.31836,1.31846,1.31831,1.31842,1217500000.0
2012-02-01 17:46:00,1.3185,1.3185,1.318,1.318,2118699951.171875
2012-02-01 17:47:00,1.318,1.318,1.31771,1.31796,1954199981.6894531
2012-02-01 17:48:00,1.31796,1.31816,1.31795,1.31813,1216999969.4824219
2012-02-01 17:49:00,1.31813,1.31821,1.31783,1.31795,2487700042.7246094
2012-02-01 17:50:00,1.31795,1.318,1.31784,1.31789,1456000061.0351562
2012-02-01 17:51:00,1.3179,1.31826,1.3179,1.31824,2360700073.2421875
2012-02-01 17:52:00,1.31821,1.31836,1.31817,1.3183,1843300018.3105469
2012-02-01 17:53:00,1.31828,1.31851,1.31826,1.31846,2283699951.171875
2012-02-01 17:54:00,1.31848,1.31859,1.31847,1.31857,1593399963.3789062
2012-02-01 17:55:00,1.31857,1.31876,1.31844,1.31844,2199799957.2753906
2012-02-01 17:56:00,1.31842,1.31852,1.31842,1.31843,994700012.2070312
2012-02-01 17:57:00,1.31843,1.31845,1.31841,1.31841,1087600021.3623047
2012-02-01 17:58:00,1.31843,1.31843,1.31816,1.31817,1762500000.0
2012-02-01 17:59:00,1.31817,1.31852,1.31817,1.31845,2923500061.0351562
2012-02-01 18:00:00,1.31844,1.31852,1.31836,1.31842,2019700012.2070312
2012-02-01 18:01:00,1.31842,1.31862,1.31838,1.31859,2221799926.7578125
2012-02-01 18:02:00,1.31859,1.31862,1.31843,1.31853,2127200012.2070312
2012-02-01 18:03:00,1.31853,1.31865,1.31851,1.31861,1632899932.8613281
2012-02-01 18:04:00,1.3186,1.31873,1.31856,1.31873,1510800018.3105469
2012-02-01 18:05:00,1.31871,1.31874,1.31863,1.31871,976500015.2587891
2012-02-01 18:06:00,1.31872,1.31901,1.31863,1.319,2144499969.4824219
2012-02-01 18:07:00,1.319,1.31905,1.31874,1.31895,2729500122.0703125
2012-02-01 18:08:00,1.31895,1.31908,1.31883,1.31884,3273699951.171875
2012-02-01 18:09:00,1.31884,1.31887,1.31863,1.31863,3109800109.8632812
2012-02-01 18:10:00,1.31863,1.31886,1.31862,1.31883,2001000061.0351562
2012-02-01 18:11:00,1.31886,1.31911,1.3188,1.31907,1508399963.3789062
2012-02-01 18:12:00,1.31907,1.31914,1.31894,1.31904,1652799987.7929688
2012-02-01 18:13:00,1.31904,1.31917,1.31904,1.31908,1182200012.2070312
2012-02-01 18:14:00,1.31907,1.31918,1.31907,1.31912,1913300018.3105469
2012-02-01 18:15:00,1.31914,1.31941,1.31913,1.31937,1862100067.1386719
2012-02-01 18:16:00,1.31937,1.31944,1.31926,1.31927,1626600036.6210938
2012-02-01 18:17:00,1.31927,1.31935,1.31908,1.31916,1730000000.0
2012-02-01 18:18:00,1.31915,1.31916,1.31895,1.31906,1423399963.3789062
2012-02-01 18:19:00,1.31906,1.31927,1.31904,1.31924,2284299926.7578125
2012-02-01 18:20:00,1.31924,1.31942,1.31915,1.31926,2453500061.0351562
2012-02-01 18:21:00,1.31925,1.31974,1.31923,1.31937,3128099975.5859375
2012-02-01 18:22:00,1.31937,1.31937,1.3189,1.31907,2260599975.5859375
2012-02-01 18:23:00,1.31907,1.3191,1.31875,1.31878,2061000061.0351562
2012-02-01 18:24:00,1.31878,1.31915,1.31873,1.31897,2785899963.3789062
2012-02-01 18:25:00,1.31897,1.31897,1.31879,1.31879,1736199951.171875
2012-02-01 18:26:00,1.31879,1.31895,1.31877,1.31887,1499100036.6210938
2012-02-01 18:27:00,1.31888,1.31895,1.31869,1.31869,1412899932.8613281
2012-02-01 18:28:00,1.31867,1.31867,1.31833,1.31836,1638200073.2421875
2012-02-01 18:29:00,1.31835,1.31837,1.31789,1.31803,2846000061.0351562
2012-02-01 18:30:00,1.31803,1.31817,1.31794,1.318,2501000061.0351562
2012-02-01 18:31:00,1.31801,1.31808,1.3179,1.31808,1721100006.1035156
2012-02-01 18:32:00,1.31809,1.31817,1.31802,1.31804,1485500030.5175781
2012-02-01 18:33:00,1.31806,1.31827,1.31802,1.31827,1201299972.5341797
2012-02-01 18:34:00,1.31827,1.31833,1.31825,1.31833,1183700027.4658203
2012-02-01 18:35:00,1.31834,1.31836,1.31831,1.31833,1590000000.0
2012-02-01 18:36:00,1.31833,1.31856,1.31832,1.31845,1680099945.0683594
2012-02-01 18:37:00,1.31845,1.3185,1.31832,1.31834,1175100021.3623047
2012-02-01 18:38:00,1.31834,1.31856,1.31833,1.31848,1383699951.171875
2012-02-01 18:39:00,1.31848,1.31862,1.31842,1.31856,2466900024.4140625
2012-02-01 18:40:00,1.31856,1.31858,1.31851,1.31855,898899993.8964844
2012-02-01 18:41:00,1.31855,1.31862,1.31855,1.31859,930999984.7412109
2012-02-01 18:42:00,1.31856,1.31864,1.31809,1.31814,1590099945.0683594
2012-02-01 18:43:00,1.31814,1.31815,1.31755,1.31758,2014900054.9316406
2012-02-01 18:44:00,1.31759,1.31761,1.31632,1.31665,4939500122.0703125
2012-02-01 18:45:00,1.31666,1.31712,1.31659,1.31702,2928800048.828125
2012-02-01 18:46:00,1.31701,1.3173,1.31695,1.31719,2367700042.7246094
2012-02-01 18:47:00,1.31719,1.31719,1.31646,1.31657,2585899963.3789062
2012-02-01 18:48:00,1.31657,1.31709,1.31653,1.31691,2022700042.7246094
2012-02-01 18:49:00,1.31691,1.31695,1.31674,1.31693,2109799957.2753906
2012-02-01 18:50:00,1.31693,1.31706,1.31668,1.31672,2247400054.9316406
2012-02-01 18:51:00,1.31674,1.31675,1.31631,1.31637,2975700073.2421875
2012-02-01 18:52:00,1.31636,1.31636,1.31616,1.31616,2458899993.8964844
2012-02-01 18:53:00,1.31616,1.31637,1.31604,1.31629,2396499938.9648438
2012-02-01 18:54:00,1.31629,1.31654,1.31615,1.31654,2999299926.7578125
2012-02-01 18:55:00,1.31654,1.31658,1.31632,1.31639,2058500061.0351562
2012-02-01 18:56:00,1.31639,1.31665,1.31631,1.31665,1841499938.9648438
2012-02-01 18:57:00,1.31664,1.31664,1.31651,1.31653,1996399993.8964844
2012-02-01 18:58:00,1.31655,1.31655,1.31635,1.31648,1785099945.0683594
2012-02-01 18:59:00,1.31649,1.31664,1.31645,1.31658,1379600067.1386719
2012-02-01 19:00:00,1.31659,1.31694,1.31659,1.31694,1860399932.8613281
2012-02-01 19:01:00,1.31693,1.31698,1.31669,1.31669,2401300048.828125
2012-02-01 19:02:00,1.31669,1.31697,1.31665,1.31688,1751600036.6210938
2012-02-01 19:03:00,1.31687,1.31687,1.31666,1.31671,982600021.3623047
2012-02-01 19:04:00,1.31668,1.3168,1.31664,1.31673,1108399963.3789062
2012-02-01 19:05:00,1.31673,1.31675,1.31664,1.31674,1060299987.7929688
2012-02-01 19:06:00,1.31672,1.31683,1.31634,1.31634,2330700073.2421875
2012-02-01 19:07:00,1.31634,1.31653,1.31631,1.31647,1644299926.7578125
2012-02-01 19:08:00,1.31647,1.31649,1.31609,1.31612,2162599945.0683594
2012-02-01 19:09:00,1.31613,1.31617,1.31606,1.31616,1419900054.9316406
2012-02-01 19:10:00,1.31616,1.31633,1.31603,1.31609,1966999969.4824219
2012-02-01 19:11:00,1.31607,1.31617,1.316,1.3161,1678099975.5859375
2012-02-01 19:12:00,1.3161,1.31639,1.31609,1.31629,1589700012.2070312
2012-02-01 19:13:00,1.31628,1.31642,1.31627,1.31636,1517899932.8613281
2012-02-01 19:14:00,1.31636,1.31636,1.31611,1.31614,1539100036.6210938
2012-02-01 19:15:00,1.31614,1.31667,1.31614,1.31665,2402100067.138672
2012-02-01 19:16:00,1.31665,1.31669,1.31648,1.31658,1562799987.7929688
2012-02-01 19:17:00,1.31657,1.31667,1.31657,1.3166,1404600067.1386719
2012-02-01 19:18:00,1.3166,1.31679,1.31653,1.31654,2099400024.4140625
2012-02-01 19:19:00,1.31654,1.31658,1.31644,1.31653,1374199981.6894531
2012-02-01 19:20:00,1.31653,1.31663,1.31643,1.31656,1599199981.6894531
2012-02-01 19:21:00,1.31653,1.31671,1.31642,1.31656,2174400024.4140625
2012-02-01 19:22:00,1.31653,1.3166,1.3165,1.31654,1747599945.0683594
2012-02-01 19:23:00,1.31654,1.31664,1.31641,1.31658,2179400024.4140625
2012-02-01 19:24:00,1.31655,1.31657,1.31645,1.3165,1346699981.6894531
2012-02-01 19:25:00,1.31652,1.31657,1.31622,1.31628,2214900054.9316406
2012-02-01 19:26:00,1.31635,1.31671,1.31623,1.31661,2237400054.9316406
2012-02-01 19:27:00,1.31664,1.31679,1.31663,1.31674,1508000030.5175781
2012-02-01 19:28:00,1.31676,1.31702,1.31676,1.317,2052799987.7929688
2012-02-01 19:29:00,1.31702,1.31703,1.31684,1.31685,1556799926.7578125
2012-02-01 19:30:00,1.31682,1.31682,1.31666,1.3167,1823600006.1035156
2012-02-01 19:31:00,1.31672,1.31672,1.31644,1.31652,1353800048.828125
2012-02-01 19:32:00,1.31652,1.31656,1.31643,1.31646,1278399963.3789062
2012-02-01 19:33:00,1.31646,1.31647,1.31637,1.3164,1415599975.5859375
2012-02-01 19:34:00,1.31644,1.31647,1.31633,1.31647,988099975.5859375
2012-02-01 19:35:00,1.31644,1.31646,1.31643,1.31644,809100036.6210938
2012-02-01 19:36:00,1.31644,1.31644,1.3162,1.31627,835500030.5175781
2012-02-01 19:37:00,1.31625,1.31646,1.31618,1.31637,1219599990.8447266
2012-02-01 19:38:00,1.31637,1.31639,1.31617,1.3162,1425200042.7246094
2012-02-01 19:39:00,1.31619,1.31639,1.31619,1.31634,1329299926.7578125
2012-02-01 19:40:00,1.31634,1.31659,1.3163,1.31657,1992700042.7246094
2012-02-01 19:41:00,1.31657,1.31664,1.31624,1.31627,1301199951.171875
2012-02-01 19:42:00,1.31625,1.31638,1.31622,1.31636,836900024.4140625
2012-02-01 19:43:00,1.31639,1.31662,1.3163,1.31633,2482799987.7929688
2012-02-01 19:44:00,1.31632,1.31644,1.31631,1.31641,1093000030.5175781
2012-02-01 19:45:00,1.3164,1.31642,1.31614,1.31619,1630700073.2421875
2012-02-01 19:46:00,1.31619,1.31623,1.31592,1.31592,2222400054.9316406
2012-02-01 19:47:00,1.31592,1.31592,1.3152,1.31535,2594400024.4140625
2012-02-01 19:48:00,1.31539,1.31546,1.3151,1.3151,2537200012.2070312
2012-02-01 19:49:00,1.31506,1.31522,1.315,1.31507,2509100036.6210938
2012-02-01 19:50:00,1.31502,1.31506,1.3145,1.31497,3795700073.2421875
2012-02-01 19:51:00,1.31497,1.31539,1.31489,1.31534,2126799926.7578125
2012-02-01 19:52:00,1.31534,1.31545,1.31525,1.31535,3115599975.5859375
2012-02-01 19:53:00,1.31535,1.31554,1.31529,1.31547,2197299957.2753906
2012-02-01 19:54:00,1.31547,1.31603,1.31546,1.31597,2668500061.0351562
2012-02-01 19:55:00,1.31595,1.31595,1.31552,1.31562,2753599853.515625
2012-02-01 19:56:00,1.31563,1.31578,1.31555,1.31578,1433099975.5859375
2012-02-01 19:57:00,1.31578,1.31578,1.31566,1.31569,1240599975.5859375
2012-02-01 19:58:00,1.31567,1.31567,1.31555,1.3156,1862500000.0
2012-02-01 19:59:00,1.31561,1.31583,1.31554,1.31565,2331900024.4140625
2012-02-01 20:00:00,1.31567,1.31586,1.31567,1.31574,2743800048.828125
2012-02-01 20:01:00,1.31574,1.31578,1.31563,1.31576,1970000000.0
2012-02-01 20:02:00,1.31576,1.31576,1.3156,1.31564,1956600036.6210938
2012-02-01 20:03:00,1.31565,1.31588,1.31564,1.31586,1378000030.5175781
2012-02-01 20:04:00,1.31585,1.31622,1.31585,1.31617,1953099975.5859375
2012-02-01 20:05:00,1.31615,1.31628,1.31603,1.31611,2509700012.2070312
2012-02-01 20:06:00,1.3161,1.31611,1.31605,1.31606,1098600006.1035156
2012-02-01 20:07:00,1.31607,1.31611,1.31599,1.31608,1154800033.569336
2012-02-01 20:08:00,1.31608,1.31619,1.31607,1.31619,1011900024.4140625
2012-02-01 20:09:00,1.31618,1.31624,1.31616,1.31624,1345599975.5859375
2012-02-01 20:10:00,1.31624,1.31643,1.31623,1.31643,1195199966.430664
2012-02-01 20:11:00,1.31643,1.31648,1.31627,1.31628,1475599975.5859375
2012-02-01 20:12:00,1.31628,1.31633,1.31612,1.31627,2169799957.2753906
2012-02-01 20:13:00,1.31627,1.31631,1.31617,1.31628,1016699981.6894531
2012-02-01 20:14:00,1.31628,1.31631,1.31605,1.31609,1058899993.8964844
2012-02-01 20:15:00,1.31608,1.3161,1.31586,1.31586,1336199951.171875
2012-02-01 20:16:00,1.31587,1.31592,1.31573,1.31575,1709400024.4140625
2012-02-01 20:17:00,1.31575,1.31608,1.31571,1.31608,1606799926.7578125
2012-02-01 20:18:00,1.31608,1.31609,1.31588,1.31596,1018099975.5859375
2012-02-01 20:19:00,1.31596,1.31606,1.31596,1.31605,573699989.3188477
2012-02-01 20:20:00,1.31603,1.31607,1.31587,1.31587,1705599975.5859375
2012-02-01 20:21:00,1.31588,1.31589,1.31559,1.31559,1955700073.2421875
2012-02-01 20:22:00,1.31559,1.31569,1.31544,1.31544,1956000061.0351562
2012-02-01 20:23:00,1.31545,1.3155,1.31535,1.31548,1401300048.828125
2012-02-01 20:24:00,1.31551,1.31578,1.31551,1.31577,1926600036.6210938
2012-02-01 20:25:00,1.31575,1.31577,1.31562,1.31574,1748500061.0351562
2012-02-01 20:26:00,1.31579,1.3158,1.31562,1.31564,1694600067.1386719
2012-02-01 20:27:00,1.31566,1.31577,1.31562,1.31576,1545399932.8613281
2012-02-01 20:28:00,1.31577,1.31577,1.31562,1.31576,1704199981.6894531
2012-02-01 20:29:00,1.31576,1.31579,1.31566,1.31569,1269599990.8447266
2012-02-01 20:30:00,1.31569,1.3157,1.31564,1.31567,519799995.4223633
2012-02-01 20:31:00,1.31567,1.31589,1.31567,1.3158,1507299957.2753906
2012-02-01 20:32:00,1.31578,1.3158,1.31559,1.31563,2088300018.3105469
2012-02-01 20:33:00,1.31566,1.31573,1.31555,1.31559,2442700042.7246094
2012-02-01 20:34:00,1.31559,1.31586,1.31555,1.31559,2047799987.7929688
2012-02-01 20:35:00,1.31562,1.31565,1.3155,1.31561,1941799926.7578125
2012-02-01 20:36:00,1.31561,1.31561,1.31536,1.31536,1487899932.8613281
2012-02-01 20:37:00,1.31539,1.31553,1.31539,1.31551,2044299926.7578125
2012-02-01 20:38:00,1.31549,1.31549,1.31493,1.31498,2186999969.482422
2012-02-01 20:39:00,1.31499,1.31527,1.31498,1.31522,2622600097.65625
2012-02-01 20:40:00,1.31525,1.31561,1.31525,1.31556,2157899932.861328
2012-02-01 20:41:00,1.31557,1.31579,1.31555,1.31574,2230099945.0683594
2012-02-01 20:42:00,1.31575,1.31609,1.31575,1.31591,2431100006.1035156
2012-02-01 20:43:00,1.31591,1.31591,1.31582,1.31587,1489199981.6894531
2012-02-01 20:44:00,1.31587,1.3161,1.31583,1.31599,1718399963.3789062
2012-02-01 20:45:00,1.31599,1.31637,1.31595,1.31614,2233300018.310547
2012-02-01 20:46:00,1.31613,1.31614,1.3159,1.31592,1518000030.5175781
2012-02-01 20:47:00,1.3159,1.3159,1.31552,1.31556,2231600036.6210938
2012-02-01 20:48:00,1.31555,1.31565,1.31552,1.31558,958600006.1035156
2012-02-01 20:49:00,1.31558,1.31559,1.31544,1.31548,1068899993.8964844
2012-02-01 20:50:00,1.31546,1.31556,1.31544,1.31546,1556699981.6894531
2012-02-01 20:51:00,1.31546,1.31546,1.31523,1.31527,1140999984.741211
2012-02-01 20:52:00,1.31527,1.31567,1.31518,1.31551,1743600006.1035156
2012-02-01 20:53:00,1.31552,1.31559,1.31547,1.31559,1061399993.8964844
2012-02-01 20:54:00,1.31559,1.3156,1.31515,1.31517,1359299926.7578125
2012-02-01 20:55:00,1.31517,1.31557,1.31517,1.31557,1319600067.1386719
2012-02-01 20:56:00,1.3156,1.3156,1.31513,1.31517,2154100036.6210938
2012-02-01 20:57:00,1.31518,1.31523,1.31499,1.315,1143000030.5175781
2012-02-01 20:58:00,1.315,1.31512,1.315,1.31511,1360000000.0
2012-02-01 20:59:00,1.31511,1.31525,1.31509,1.31509,450400009.15527344
2012-02-01 21:00:00,1.3151,1.31554,1.31497,1.31554,648799972.5341797
2012-02-01 21:01:00,1.31554,1.31559,1.31543,1.31545,919499969.4824219
2012-02-01 21:02:00,1.31543,1.31556,1.31537,1.3155,875800018.3105469
2012-02-01 21:03:00,1.3155,1.31551,1.3154,1.31541,938199996.9482422
2012-02-01 21:04:00,1.31541,1.31548,1.3154,1.31542,427799987.79296875
2012-02-01 21:05:00,1.31542,1.31542,1.31542,1.31542,85699996.94824219
2012-02-01 21:06:00,1.31542,1.31547,1.31536,1.31545,809100036.6210938
2012-02-01 21:07:00,1.31546,1.31546,1.31537,1.31546,858499984.7412109
2012-02-01 21:08:00,1.31547,1.31547,1.31538,1.31544,769800033.5693359
2012-02-01 21:09:00,1.31544,1.31547,1.31537,1.31543,834599990.8447266
2012-02-01 21:10:00,1.31541,1.31555,1.3154,1.31551,1025500030.5175781
2012-02-01 21:11:00,1.31551,1.31551,1.31547,1.31548,465299987.79296875
2012-02-01 21:12:00,1.31548,1.31554,1.31546,1.3155,821399993.8964844
2012-02-01 21:13:00,1.3155,1.31565,1.3155,1.31565,832500000.0
2012-02-01 21:14:00,1.31565,1.31573,1.31561,1.31572,642799987.7929688
2012-02-01 21:15:00,1.31571,1.31579,1.31569,1.31571,491300010.68115234
2012-02-01 21:16:00,1.31571,1.31582,1.31571,1.31581,474500007.62939453
2012-02-01 21:17:00,1.3158,1.31581,1.31567,1.3157,856800003.0517578
2012-02-01 21:18:00,1.31568,1.31572,1.31566,1.31572,284699993.1335449
2012-02-01 21:19:00,1.31571,1.31573,1.31571,1.31573,281299991.607666
2012-02-01 21:20:00,1.31573,1.31578,1.31571,1.31576,322700004.5776367
2012-02-01 21:21:00,1.31576,1.31576,1.31573,1.31576,105000000.0
2012-02-01 21:22:00,1.31577,1.31577,1.31574,1.31575,307500000.0
2012-02-01 21:23:00,1.31575,1.31576,1.31573,1.31576,108800001.14440918
2012-02-01 21:24:00,1.31575,1.31581,1.31574,1.31581,795000000.0
2012-02-01 21:25:00,1.31581,1.31589,1.3158,1.31589,311499996.18530273
2012-02-01 21:26:00,1.31589,1.31589,1.31584,1.31587,847900009.1552734
2012-02-01 21:27:00,1.31587,1.3159,1.31586,1.31589,826200027.4658203
2012-02-01 21:28:00,1.31589,1.31601,1.31589,1.31597,859899978.6376953
2012-02-01 21:29:00,1.31597,1.31601,1.31592,1.31595,591399993.8964844
2012-02-01 21:30:00,1.31594,1.31598,1.31581,1.31587,1050000000.0
2012-02-01 21:31:00,1.31587,1.31591,1.31582,1.31585,911500015.2587891
2012-02-01 21:32:00,1.31583,1.31586,1.3158,1.31586,1228499984.741211
2012-02-01 21:33:00,1.31585,1.31589,1.31581,1.31581,671699981.6894531
2012-02-01 21:34:00,1.31581,1.31591,1.31581,1.31591,728700027.4658203
2012-02-01 21:35:00,1.3159,1.31593,1.31584,1.3159,352700004.5776367
2012-02-01 21:36:00,1.31593,1.31608,1.31589,1.31608,743600006.1035156
2012-02-01 21:37:00,1.31608,1.31608,1.31599,1.31604,1056800003.0517578
2012-02-01 21:38:00,1.31606,1.3161,1.31603,1.31607,830500030.5175781
2012-02-01 21:39:00,1.31604,1.31605,1.31594,1.31595,819599990.8447266
2012-02-01 21:40:00,1.31597,1.31612,1.31597,1.31606,887300033.5693359
2012-02-01 21:41:00,1.31606,1.31612,1.31604,1.31612,762300033.5693359
2012-02-01 21:42:00,1.31611,1.3162,1.31611,1.31615,699499969.4824219
2012-02-01 21:43:00,1.31614,1.31614,1.31614,1.31614,67500000.0
2012-02-01 21:44:00,1.31616,1.31627,1.31614,1.31623,541899986.2670898
2012-02-01 21:45:00,1.31624,1.31624,1.31613,1.31613,621899986.2670898
2012-02-01 21:46:00,1.31614,1.31619,1.31613,1.31616,1163000030.5175781
2012-02-01 21:47:00,1.31616,1.31623,1.3161,1.31617,1407599945.0683594
2012-02-01 21:48:00,1.31617,1.31617,1.31599,1.31608,975100021.3623047
2012-02-01 21:49:00,1.31608,1.31608,1.31608,1.31608,337500000.0
2012-02-01 21:50:00,1.31608,1.31608,1.316,1.31601,542999992.3706055
2012-02-01 21:51:00,1.31601,1.31606,1.31601,1.31603,330699996.9482422
2012-02-01 21:52:00,1.31603,1.31609,1.31603,1.31607,2883800048.828125
2012-02-01 21:53:00,1.31607,1.31607,1.31607,1.31607,799100036.6210938
2012-02-01 21:54:00,1.31607,1.31614,1.31607,1.31613,697500000.0
2012-02-01 21:55:00,1.31613,1.31613,1.31595,1.31597,924800033.5693359
2012-02-01 21:56:00,1.31597,1.31598,1.31583,1.31583,1099499969.4824219
2012-02-01 21:57:00,1.3158,1.31595,1.31576,1.31578,1772700042.7246094
2012-02-01 21:58:00,1.31578,1.31583,1.31567,1.3157,1656600036.6210938
2012-02-01 21:59:00,1.31574,1.31604,1.31572,1.31602,268600006.1035156
2012-02-01 22:00:00,1.31602,1.31603,1.31587,1.3159,106899995.80383301
2012-02-01 22:01:00,1.31591,1.31596,1.31585,1.31596,17000000.47683716
2012-02-01 22:02:00,1.31596,1.31616,1.31584,1.31605,455600013.73291016
2012-02-01 22:03:00,1.31606,1.31644,1.31606,1.3164,386699981.6894531
2012-02-01 22:04:00,1.31638,1.31644,1.31632,1.31643,129600000.38146973
2012-02-01 22:05:00,1.31643,1.31665,1.31632,1.31642,306700000.76293945
2012-02-01 22:06:00,1.31643,1.31643,1.31613,1.31638,264500007.62939453
2012-02-01 22:07:00,1.31641,1.31647,1.31611,1.31615,421100006.1035156
2012-02-01 22:08:00,1.31611,1.31648,1.31611,1.31625,305599994.6594238
2012-02-01 22:09:00,1.31632,1.31641,1.31618,1.31638,252000007.62939453
2012-02-01 22:10:00,1.31638,1.31646,1.31624,1.31643,184400005.34057617
2012-02-01 22:11:00,1.31644,1.3168,1.31644,1.3168,174300003.0517578
2012-02-01 22:12:00,1.3168,1.3168,1.31653,1.31669,269099998.4741211
2012-02-01 22:13:00,1.31668,1.3167,1.31646,1.31658,315799999.23706055
2012-02-01 22:14:00,1.31658,1.31658,1.31655,1.31655,60100002.28881836
2012-02-01 22:15:00,1.31655,1.31676,1.31647,1.31663,410999984.74121094
2012-02-01 22:16:00,1.31662,1.31672,1.3166,1.3167,211800003.0517578
2012-02-01 22:17:00,1.31675,1.31682,1.31672,1.31672,106899995.80383301
2012-02-01 22:18:00,1.31676,1.31681,1.31672,1.31681,212800006.86645508
2012-02-01 22:19:00,1.3168,1.31695,1.3168,1.31695,635299987.7929688
2012-02-01 22:20:00,1.31692,1.31702,1.31679,1.31685,1054300003.0517578
2012-02-01 22:21:00,1.31684,1.31703,1.31681,1.31694,1149100036.6210938
2012-02-01 22:22:00,1.31693,1.31693,1.31676,1.31678,851600036.6210938
2012-02-01 22:23:00,1.31683,1.31686,1.31677,1.31679,585600013.7329102
2012-02-01 22:24:00,1.31678,1.31694,1.31651,1.31656,1010899963.3789062
2012-02-01 22:25:00,1.31652,1.31668,1.31639,1.31667,573600006.1035156
2012-02-01 22:26:00,1.31669,1.31684,1.31664,1.31668,377099990.84472656
2012-02-01 22:27:00,1.31666,1.31679,1.31663,1.31663,407200012.20703125
2012-02-01 22:28:00,1.31663,1.31663,1.31648,1.31655,414000015.25878906
2012-02-01 22:29:00,1.31655,1.31673,1.3165,1.31662,446599998.4741211
2012-02-01 22:30:00,1.31671,1.31672,1.31649,1.31649,546399993.8964844
2012-02-01 22:31:00,1.31654,1.31662,1.31654,1.31656,422799987.79296875
2012-02-01 22:32:00,1.31656,1.31681,1.31656,1.31663,844800033.5693359
2012-02-01 22:33:00,1.31663,1.31674,1.31662,1.31674,170799999.23706055
2012-02-01 22:34:00,1.31674,1.31675,1.31674,1.31675,97500000.0
2012-02-01 22:35:00,1.31675,1.31683,1.31674,1.31683,234899997.71118164
2012-02-01 22:36:00,1.31683,1.31702,1.3168,1.31702,431500015.25878906
2012-02-01 22:37:00,1.31702,1.31702,1.3168,1.31682,1141299972.5341797
2012-02-01 22:38:00,1.31683,1.31687,1.3168,1.31686,617799987.7929688
2012-02-01 22:39:00,1.31686,1.31711,1.31684,1.31686,1111800003.0517578
2012-02-01 22:40:00,1.31687,1.31698,1.3168,1.31692,553699989.3188477
2012-02-01 22:41:00,1.31689,1.3169,1.31664,1.31681,604000015.2587891
2012-02-01 22:42:00,1.31673,1.31673,1.31657,1.31658,418699989.31884766
2012-02-01 22:43:00,1.31659,1.31666,1.31658,1.31666,561899986.2670898
2012-02-01 22:44:00,1.31666,1.31669,1.31656,1.31656,469799995.4223633
2012-02-01 22:45:00,1.31657,1.31676,1.31656,1.31676,402000007.62939453
2012-02-01 22:46:00,1.31676,1.3169,1.31668,1.31672,553499984.7412109
2012-02-01 22:47:00,1.31672,1.31682,1.31667,1.31679,1009400024.4140625
2012-02-01 22:48:00,1.31679,1.31695,1.31679,1.31684,690199966.4306641
2012-02-01 22:49:00,1.31684,1.31699,1.31674,1.31683,1030000000.0
2012-02-01 22:50:00,1.31683,1.31708,1.31682,1.31707,615200004.5776367
2012-02-01 22:51:00,1.31715,1.31718,1.317,1.31711,833300018.3105469
2012-02-01 22:52:00,1.31709,1.31711,1.31706,1.31706,431399993.8964844
2012-02-01 22:53:00,1.31706,1.31715,1.31705,1.31714,410400009.15527344
2012-02-01 22:54:00,1.31716,1.31721,1.31714,1.31718,579500007.6293945
2012-02-01 22:55:00,1.31718,1.31721,1.31718,1.31721,245100002.28881836
2012-02-01 22:56:00,1.31723,1.31728,1.31719,1.31719,548400001.5258789
2012-02-01 22:57:00,1.31719,1.31722,1.31693,1.31698,822500000.0
2012-02-01 22:58:00,1.31692,1.31704,1.31677,1.31694,628899993.8964844
2012-02-01 22:59:00,1.31694,1.31705,1.31693,1.31695,322500000.0
2012-02-01 23:00:00,1.31694,1.317,1.31683,1.31683,1087600021.3623047
2012-02-01 23:01:00,1.31683,1.31692,1.31675,1.31675,956900024.4140625
2012-02-01 23:02:00,1.31675,1.31675,1.31646,1.31666,1008600006.1035156
2012-02-01 23:03:00,1.31665,1.31675,1.31663,1.31673,626300010.6811523
2012-02-01 23:04:00,1.31673,1.31673,1.31668,1.31668,526899986.26708984
2012-02-01 23:05:00,1.31668,1.31673,1.31663,1.31668,292600002.28881836
2012-02-01 23:06:00,1.31668,1.31673,1.31665,1.31673,712500000.0
2012-02-01 23:07:00,1.31673,1.31676,1.31668,1.31671,468899993.8964844
2012-02-01 23:08:00,1.31671,1.31671,1.3167,1.3167,739800033.5693359
2012-02-01 23:09:00,1.3167,1.31671,1.31669,1.31671,450000000.0
2012-02-01 23:10:00,1.3167,1.31672,1.31655,1.31672,990100021.3623047
2012-02-01 23:11:00,1.31672,1.3168,1.31671,1.3168,273999996.18530273
2012-02-01 23:12:00,1.3168,1.3168,1.3168,1.3168,120000000.0
2012-02-01 23:13:00,1.31681,1.3169,1.3168,1.31685,407200012.20703125
2012-02-01 23:14:00,1.31685,1.31688,1.31673,1.31673,813700027.4658203
2012-02-01 23:15:00,1.31673,1.3168,1.31673,1.31675,718600006.1035156
2012-02-01 23:16:00,1.31675,1.31678,1.31654,1.3166,1725000000.0
2012-02-01 23:17:00,1.31659,1.31664,1.31647,1.31648,1260000000.0
2012-02-01 23:18:00,1.31646,1.31668,1.31646,1.3166,426300010.68115234
2012-02-01 23:19:00,1.3166,1.31661,1.3166,1.31661,360000000.0
2012-02-01 23:20:00,1.31661,1.31664,1.31659,1.3166,554399986.2670898
2012-02-01 23:21:00,1.3166,1.31672,1.3166,1.31665,557400016.784668
2012-02-01 23:22:00,1.31665,1.3167,1.31658,1.31658,360200004.5776367
2012-02-01 23:23:00,1.31659,1.31665,1.31659,1.31665,634099998.4741211
2012-02-01 23:24:00,1.31666,1.31669,1.31665,1.31666,160000000.0
2012-02-01 23:25:00,1.31668,1.3167,1.3165,1.3165,567000007.6293945
2012-02-01 23:26:00,1.3165,1.31689,1.3165,1.31689,743600006.1035156
2012-02-01 23:27:00,1.31694,1.31698,1.31693,1.31695,509599990.84472656
2012-02-01 23:28:00,1.31694,1.31712,1.31694,1.3171,1148399963.3789062
2012-02-01 23:29:00,1.31708,1.31714,1.31686,1.31698,1003099975.5859375
2012-02-01 23:30:00,1.31698,1.31702,1.3165,1.3165,1305599975.5859375
2012-02-01 23:31:00,1.3165,1.3166,1.3164,1.3166,888099975.5859375
2012-02-01 23:32:00,1.3166,1.3166,1.3164,1.31649,737500000.0
2012-02-01 23:33:00,1.31652,1.31654,1.31651,1.31653,483100013.73291016
2012-02-01 23:34:00,1.3165,1.31654,1.3165,1.31651,331199989.31884766
2012-02-01 23:35:00,1.31646,1.31662,1.31644,1.31653,583199996.9482422
2012-02-01 23:36:00,1.31652,1.31653,1.31647,1.31647,455400009.15527344
2012-02-01 23:37:00,1.31647,1.31651,1.31647,1.31648,151800003.0517578
2012-02-01 23:38:00,1.3165,1.3165,1.31647,1.31648,218299999.23706055
2012-02-01 23:39:00,1.31648,1.31648,1.31648,1.31648,13799999.952316284
2012-02-01 23:40:00,1.31645,1.31648,1.31645,1.31648,277500000.0
2012-02-01 23:41:00,1.31648,1.31648,1.31648,1.31648,353699989.31884766
2012-02-01 23:42:00,1.31648,1.31651,1.31646,1.3165,163099994.65942383
2012-02-01 23:43:00,1.31651,1.31674,1.3165,1.3167,971600036.6210938
2012-02-01 23:44:00,1.3167,1.31679,1.3167,1.31679,614399986.2670898
2012-02-01 23:45:00,1.31677,1.31677,1.31672,1.31672,672699966.4306641
2012-02-01 23:46:00,1.31674,1.3168,1.31673,1.31679,538199996.9482422
2012-02-01 23:47:00,1.31677,1.31694,1.31677,1.31691,803399963.3789062
2012-02-01 23:48:00,1.3169,1.31691,1.31677,1.31683,555299987.7929688
2012-02-01 23:49:00,1.31684,1.31684,1.3167,1.31673,415499992.37060547
2012-02-01 23:50:00,1.31672,1.31672,1.31653,1.31661,777600021.3623047
2012-02-01 23:51:00,1.31661,1.31666,1.31661,1.31662,345000000.0
2012-02-01 23:52:00,1.31662,1.31668,1.31662,1.31663,292000007.62939453
2012-02-01 23:53:00,1.31663,1.31663,1.3165,1.31654,798700027.4658203
2012-02-01 23:54:00,1.31654,1.31673,1.31654,1.31671,710000000.0
2012-02-01 23:55:00,1.31671,1.31674,1.31671,1.31673,207000007.62939453
2012-02-01 23:56:00,1.31673,1.31681,1.31671,1.31678,262199993.13354492
2012-02-01 23:57:00,1.31678,1.31691,1.31677,1.31691,777600021.3623047
2012-02-01 23:58:00,1.31688,1.31691,1.31682,1.31691,551699981.6894531
2012-02-01 23:59:00,1.31692,1.3171,1.31691,1.31701,1232699966.430664
2012-02-02 00:00:00,1.31692,1.31709,1.31683,1.31703,1677100067.1386719
2012-02-02 00:01:00,1.31704,1.31704,1.31701,1.31702,1079199981.6894531
2012-02-02 00:02:00,1.31702,1.31703,1.31694,1.31696,1096399993.8964844
2012-02-02 00:03:00,1.31697,1.31706,1.31694,1.31694,1440000000.0
2012-02-02 00:04:00,1.31695,1.31701,1.31694,1.31696,1188399963.3789062
2012-02-02 00:05:00,1.31697,1.31702,1.31693,1.31699,893199996.9482422
2012-02-02 00:06:00,1.31699,1.31699,1.3169,1.31693,2441999969.482422
2012-02-02 00:07:00,1.31693,1.31701,1.31685,1.31701,1083600006.1035156
2012-02-02 00:08:00,1.31699,1.3171,1.31691,1.31709,1300899963.3789062
2012-02-02 00:09:00,1.3171,1.3171,1.31702,1.31703,720599975.5859375
2012-02-02 00:10:00,1.31704,1.31708,1.31692,1.31707,1631000061.0351562
2012-02-02 00:11:00,1.31707,1.31719,1.317,1.31719,1325800018.3105469
2012-02-02 00:12:00,1.31716,1.31743,1.31716,1.31739,1651000061.0351562
2012-02-02 00:13:00,1.31739,1.31739,1.31706,1.31708,928000030.5175781
2012-02-02 00:14:00,1.31707,1.31716,1.31704,1.31716,743099975.5859375
2012-02-02 00:15:00,1.31716,1.31717,1.31711,1.31716,841900024.4140625
2012-02-02 00:16:00,1.31715,1.31716,1.31702,1.31704,675500030.5175781
2012-02-02 00:17:00,1.31705,1.31705,1.3169,1.31696,1348099975.5859375
2012-02-02 00:18:00,1.31695,1.31697,1.31695,1.31696,1192600021.3623047
2012-02-02 00:19:00,1.31697,1.317,1.31692,1.317,1545000000.0
2012-02-02 00:20:00,1.31701,1.31703,1.31672,1.31679,2334400024.4140625
2012-02-02 00:21:00,1.31679,1.31681,1.31672,1.31679,1715599975.5859375
2012-02-02 00:22:00,1.3168,1.3168,1.31675,1.31675,670999984.7412109
2012-02-02 00:23:00,1.31675,1.31683,1.3167,1.31682,803600006.1035156
2012-02-02 00:24:00,1.31682,1.31685,1.3167,1.31671,1937799987.7929688
2012-02-02 00:25:00,1.31671,1.31691,1.31671,1.31689,1397200012.2070312
2012-02-02 00:26:00,1.31688,1.31713,1.31688,1.31713,854100036.6210938
2012-02-02 00:27:00,1.31713,1.31717,1.31706,1.3171,1212699966.430664
2012-02-02 00:28:00,1.3171,1.3171,1.31699,1.31699,515800018.3105469
2012-02-02 00:29:00,1.317,1.31703,1.31696,1.31703,901800003.0517578
2012-02-02 00:30:00,1.31703,1.3171,1.31691,1.31702,1801199951.171875
2012-02-02 00:31:00,1.31703,1.31725,1.31701,1.31719,1436699981.6894531
2012-02-02 00:32:00,1.3172,1.31785,1.3172,1.31782,1795700073.2421875
2012-02-02 00:33:00,1.31783,1.31785,1.31761,1.31761,1494499969.4824219
2012-02-02 00:34:00,1.31761,1.31764,1.31738,1.31742,1391100006.1035156
2012-02-02 00:35:00,1.3174,1.3175,1.3174,1.3175,990299987.7929688
2012-02-02 00:36:00,1.31749,1.31774,1.31749,1.3177,971999969.4824219
2012-02-02 00:37:00,1.31773,1.31775,1.31765,1.31773,1305800018.3105469
2012-02-02 00:38:00,1.31773,1.31849,1.3177,1.31849,2347599945.0683594
2012-02-02 00:39:00,1.3185,1.31864,1.31833,1.31836,1649400024.4140625
2012-02-02 00:40:00,1.31835,1.31846,1.31819,1.31843,1550000000.0
2012-02-02 00:41:00,1.31843,1.31898,1.31843,1.3188,2351199951.171875
2012-02-02 00:42:00,1.31881,1.31882,1.31857,1.31857,1572299957.2753906
2012-02-02 00:43:00,1.31854,1.31873,1.31853,1.31873,1494400024.4140625
2012-02-02 00:44:00,1.31875,1.31876,1.31864,1.31872,1348999938.9648438
2012-02-02 00:45:00,1.3187,1.31875,1.31848,1.31872,1611999969.4824219
2012-02-02 00:46:00,1.31875,1.31889,1.31864,1.31868,2335099945.0683594
2012-02-02 00:47:00,1.31867,1.31889,1.31863,1.31888,1417200012.2070312
2012-02-02 00:48:00,1.31888,1.31919,1.31888,1.31917,2141199951.171875
2012-02-02 00:49:00,1.31921,1.31921,1.31904,1.31908,1853099975.5859375
2012-02-02 00:50:00,1.31906,1.31912,1.31884,1.31884,1278499984.741211
2012-02-02 00:51:00,1.31885,1.31885,1.31876,1.3188,963799972.5341797
2012-02-02 00:52:00,1.31876,1.31883,1.31862,1.31862,2178999938.9648438
2012-02-02 00:53:00,1.3186,1.3186,1.31836,1.31837,1579700012.2070312
2012-02-02 00:54:00,1.31836,1.31842,1.31819,1.31819,1901799926.7578125
2012-02-02 00:55:00,1.31819,1.3187,1.31815,1.31866,2398800048.828125
2012-02-02 00:56:00,1.31866,1.31866,1.3185,1.31851,1578399963.3789062
2012-02-02 00:57:00,1.31851,1.31852,1.31838,1.31838,1207500000.0
2012-02-02 00:58:00,1.31836,1.31837,1.31823,1.31835,1798399963.3789062
2012-02-02 00:59:00,1.31837,1.31847,1.31826,1.3184,1714600067.1386719
2012-02-02 01:00:00,1.31839,1.31839,1.31813,1.31816,1703099975.5859375
2012-02-02 01:01:00,1.31816,1.31839,1.31813,1.31839,2028800048.828125
2012-02-02 01:02:00,1.31842,1.31872,1.31841,1.3187,1500899963.3789062
2012-02-02 01:03:00,1.3187,1.31895,1.31868,1.31892,1519900054.9316406
2012-02-02 01:04:00,1.3189,1.31916,1.31888,1.31892,2410399932.861328
2012-02-02 01:05:00,1.31889,1.319,1.31879,1.31882,1851499938.9648438
2012-02-02 01:06:00,1.31882,1.31882,1.31868,1.31869,1560700073.2421875
2012-02-02 01:07:00,1.31868,1.31875,1.3185,1.31875,1338399963.3789062
2012-02-02 01:08:00,1.31875,1.31881,1.31862,1.31862,1899499969.4824219
2012-02-02 01:09:00,1.31862,1.31886,1.31859,1.31886,1808000030.5175781
2012-02-02 01:10:00,1.31886,1.3192,1.31883,1.3192,1674499969.4824219
2012-02-02 01:11:00,1.3192,1.31956,1.31914,1.31948,2857500000.0
2012-02-02 01:12:00,1.31948,1.3196,1.31931,1.31933,1919600067.1386719
2012-02-02 01:13:00,1.31933,1.31947,1.31932,1.3194,1783099975.5859375
2012-02-02 01:14:00,1.31938,1.31938,1.3193,1.31934,2214900054.9316406
2012-02-02 01:15:00,1.31934,1.3194,1.31931,1.31939,1335599975.5859375
2012-02-02 01:16:00,1.31939,1.31939,1.3192,1.31922,1584600067.1386719
2012-02-02 01:17:00,1.31922,1.31927,1.31917,1.31917,1913300018.3105469
2012-02-02 01:18:00,1.31918,1.31926,1.31915,1.31915,1431699981.6894531
2012-02-02 01:19:00,1.31916,1.31919,1.31908,1.31915,1113099975.5859375
2012-02-02 01:20:00,1.31913,1.31923,1.3191,1.31921,977099990.8447266
2012-02-02 01:21:00,1.31922,1.31935,1.31921,1.31932,1628500061.0351562
2012-02-02 01:22:00,1.31932,1.31948,1.31932,1.31943,1070400009.1552734
2012-02-02 01:23:00,1.31941,1.31954,1.3194,1.3194,1519600067.1386719
2012-02-02 01:24:00,1.3194,1.3196,1.3194,1.3196,1142200012.2070312
2012-02-02 01:25:00,1.31961,1.31963,1.31949,1.31952,851500015.2587891
2012-02-02 01:26:00,1.31952,1.31958,1.31942,1.31955,1643300018.3105469
2012-02-02 01:27:00,1.31955,1.31966,1.31945,1.31958,1401000061.0351562
2012-02-02 01:28:00,1.31959,1.31959,1.31929,1.31929,2274199981.689453
2012-02-02 01:29:00,1.31929,1.31932,1.31917,1.31929,2464799957.2753906
2012-02-02 01:30:00,1.3193,1.31931,1.3191,1.3191,1290599975.5859375
2012-02-02 01:31:00,1.3191,1.3191,1.31872,1.31872,1343600006.1035156
2012-02-02 01:32:00,1.31872,1.31881,1.3187,1.31881,602999992.3706055
2012-02-02 01:33:00,1.3188,1.31886,1.31874,1.31884,1754700012.2070312
2012-02-02 01:34:00,1.31885,1.31907,1.31885,1.31901,1529400024.4140625
2012-02-02 01:35:00,1.31899,1.31902,1.31886,1.31892,1466499938.9648438
2012-02-02 01:36:00,1.31893,1.31899,1.3189,1.31899,980899963.3789062
2012-02-02 01:37:00,1.31897,1.319,1.31891,1.31892,812200012.2070312
2012-02-02 01:38:00,1.31888,1.31888,1.31868,1.31869,1681900024.4140625
2012-02-02 01:39:00,1.31869,1.31884,1.31867,1.31879,1275500030.5175781
2012-02-02 01:40:00,1.31879,1.31883,1.31852,1.31852,1525500030.5175781
2012-02-02 01:41:00,1.31852,1.31853,1.31818,1.31831,2655000000.0
2012-02-02 01:42:00,1.31831,1.31839,1.3183,1.31833,1414400024.4140625
2012-02-02 01:43:00,1.31833,1.31836,1.3181,1.31822,2055200042.7246094
2012-02-02 01:44:00,1.31822,1.31824,1.31816,1.31816,1170000000.0
2012-02-02 01:45:00,1.31815,1.31827,1.31802,1.31802,1876300048.828125
2012-02-02 01:46:00,1.31804,1.31806,1.31777,1.31785,1278099975.5859375
2012-02-02 01:47:00,1.31785,1.31818,1.31785,1.31818,1587500000.0
2012-02-02 01:48:00,1.31819,1.31823,1.31793,1.318,1111900024.4140625
2012-02-02 01:49:00,1.318,1.31813,1.31796,1.31805,1170599975.5859375
2012-02-02 01:50:00,1.31801,1.31825,1.31798,1.31825,1599900054.9316406
2012-02-02 01:51:00,1.31824,1.31828,1.31811,1.31828,1340700073.2421875
2012-02-02 01:52:00,1.31828,1.3184,1.31822,1.31838,1210500030.5175781
2012-02-02 01:53:00,1.31837,1.31838,1.31831,1.31834,1084499969.4824219
2012-02-02 01:54:00,1.31836,1.31845,1.31834,1.31835,2397400054.9316406
2012-02-02 01:55:00,1.31837,1.31851,1.31836,1.31847,1295299987.7929688
2012-02-02 01:56:00,1.31843,1.31843,1.3183,1.3183,1923099975.5859375
2012-02-02 01:57:00,1.3183,1.31839,1.3181,1.31838,2308300018.310547
2012-02-02 01:58:00,1.31836,1.31842,1.31826,1.31842,1521499938.9648438
2012-02-02 01:59:00,1.31842,1.31851,1.31832,1.31845,2096799926.7578125
2012-02-02 02:00:00,1.31845,1.31857,1.3182,1.31822,2805599975.5859375
2012-02-02 02:01:00,1.31822,1.31823,1.31792,1.31798,1863399963.3789062
2012-02-02 02:02:00,1.318,1.31802,1.31796,1.31798,945100021.3623047
2012-02-02 02:03:00,1.31798,1.31817,1.31798,1.3181,1305800018.3105469
2012-02-02 02:04:00,1.31811,1.31829,1.3181,1.31829,1094700012.2070312
2012-02-02 02:05:00,1.31827,1.3183,1.31813,1.31817,1093600006.1035156
2012-02-02 02:06:00,1.31817,1.31818,1.31811,1.31811,901299972.5341797
2012-02-02 02:07:00,1.31811,1.31811,1.31798,1.31799,1082799987.7929688
2012-02-02 02:08:00,1.31799,1.31817,1.31797,1.31807,1456100006.1035156
2012-02-02 02:09:00,1.31807,1.31807,1.31798,1.31798,806399993.8964844
2012-02-02 02:10:00,1.31798,1.31806,1.31794,1.31796,1029400024.4140625
2012-02-02 02:11:00,1.31792,1.31799,1.3179,1.31794,1726699981.6894531
2012-02-02 02:12:00,1.31794,1.31794,1.3176,1.31768,1883500061.0351562
2012-02-02 02:13:00,1.31767,1.31774,1.31762,1.31766,1931699981.6894531
2012-02-02 02:14:00,1.31766,1.31784,1.31766,1.31784,1396100006.1035156
2012-02-02 02:15:00,1.31784,1.31795,1.31784,1.31793,598499984.7412109
2012-02-02 02:16:00,1.31796,1.31798,1.31774,1.31783,1335700073.2421875
2012-02-02 02:17:00,1.31783,1.31785,1.31777,1.31785,1009800033.5693359
2012-02-02 02:18:00,1.31787,1.31801,1.31787,1.31793,1328500061.0351562
2012-02-02 02:19:00,1.31789,1.31831,1.31789,1.31828,1395200042.7246094
2012-02-02 02:20:00,1.31829,1.31838,1.31823,1.31829,1397700042.7246094
2012-02-02 02:21:00,1.31829,1.31851,1.31822,1.31841,1502500000.0
2012-02-02 02:22:00,1.31843,1.31851,1.31821,1.3183,1888399963.3789062
2012-02-02 02:23:00,1.31829,1.31847,1.31823,1.31836,2747799987.7929688
2012-02-02 02:24:00,1.31836,1.31845,1.31834,1.31842,1996699981.6894531
2012-02-02 02:25:00,1.31842,1.3185,1.31833,1.3185,1536399993.8964844
2012-02-02 02:26:00,1.31849,1.31857,1.31843,1.31843,1307899932.8613281
2012-02-02 02:27:00,1.3184,1.31853,1.31835,1.31853,1275999984.741211
2012-02-02 02:28:00,1.31854,1.31867,1.31848,1.31854,1547799987.7929688
2012-02-02 02:29:00,1.31854,1.31864,1.31853,1.31856,993700027.4658203
2012-02-02 02:30:00,1.31856,1.31864,1.31853,1.31864,1147900009.1552734
2012-02-02 02:31:00,1.31864,1.31864,1.31847,1.31847,849300003.0517578
2012-02-02 02:32:00,1.31848,1.31856,1.31835,1.31836,1408399963.3789062
2012-02-02 02:33:00,1.31834,1.3184,1.31808,1.31813,1739799957.2753906
2012-02-02 02:34:00,1.31813,1.31822,1.31813,1.31818,859800033.5693359
2012-02-02 02:35:00,1.31818,1.31821,1.31799,1.318,1125400009.1552734
2012-02-02 02:36:00,1.31799,1.318,1.31778,1.31787,674800033.5693359
2012-02-02 02:37:00,1.31785,1.31795,1.31772,1.31795,1421100006.1035156
2012-02-02 02:38:00,1.31795,1.31795,1.31779,1.31783,1559400024.4140625
2012-02-02 02:39:00,1.31784,1.31805,1.31782,1.31801,974100036.6210938
2012-02-02 02:40:00,1.318,1.31803,1.31791,1.31798,1202399978.6376953
2012-02-02 02:41:00,1.31798,1.31798,1.31793,1.31793,345000000.0
2012-02-02 02:42:00,1.31793,1.31793,1.31764,1.31768,570499992.3706055
2012-02-02 02:43:00,1.31769,1.31799,1.31769,1.31797,966399993.8964844
2012-02-02 02:44:00,1.31796,1.31804,1.31792,1.31792,800000000.0
2012-02-02 02:45:00,1.31794,1.318,1.31794,1.31796,850299987.7929688
2012-02-02 02:46:00,1.31797,1.318,1.31795,1.31796,355600013.73291016
2012-02-02 02:47:00,1.31796,1.31799,1.31795,1.31797,280499992.37060547
2012-02-02 02:48:00,1.31797,1.31812,1.31795,1.31805,1412200012.2070312
2012-02-02 02:49:00,1.31807,1.31809,1.31802,1.31809,931399993.8964844
2012-02-02 02:50:00,1.31809,1.3181,1.31802,1.31802,575099983.215332
2012-02-02 02:51:00,1.31804,1.31814,1.31803,1.31812,687600021.3623047
2012-02-02 02:52:00,1.31812,1.31821,1.31811,1.31815,694199981.6894531
2012-02-02 02:53:00,1.31814,1.31823,1.31814,1.31821,753300018.3105469
2012-02-02 02:54:00,1.31822,1.31836,1.31822,1.31833,771399993.8964844
2012-02-02 02:55:00,1.31832,1.31835,1.31822,1.31829,1394700012.2070312
2012-02-02 02:56:00,1.31827,1.31827,1.31805,1.31812,932699966.4306641
2012-02-02 02:57:00,1.31812,1.31814,1.31811,1.31813,405800018.3105469
2012-02-02 02:58:00,1.31813,1.31814,1.31801,1.31801,855500030.5175781
2012-02-02 02:59:00,1.318,1.31828,1.318,1.31828,1060500030.5175781
2012-02-02 03:00:00,1.31828,1.31868,1.31823,1.31868,2180599975.5859375
2012-02-02 03:01:00,1.31869,1.31897,1.31869,1.3188,2321600036.6210938
2012-02-02 03:02:00,1.3188,1.319,1.31879,1.31893,1905299987.7929688
2012-02-02 03:03:00,1.31891,1.31923,1.31888,1.31922,1906900024.4140625
2012-02-02 03:04:00,1.31921,1.31934,1.3192,1.31932,1468999938.9648438
2012-02-02 03:05:00,1.31932,1.31932,1.31902,1.31902,2205000000.0
2012-02-02 03:06:00,1.31902,1.31902,1.31885,1.31888,2401499938.9648438
2012-02-02 03:07:00,1.31889,1.31893,1.31887,1.31893,552900009.1552734
2012-02-02 03:08:00,1.31895,1.31911,1.31891,1.31903,1756799926.7578125
2012-02-02 03:09:00,1.31902,1.31912,1.31891,1.31895,1181600036.6210938
2012-02-02 03:10:00,1.31895,1.31901,1.31891,1.319,1848999938.9648438
2012-02-02 03:11:00,1.31901,1.31903,1.31897,1.31901,510099983.21533203
2012-02-02 03:12:00,1.31901,1.31903,1.31888,1.31903,1478800048.828125
2012-02-02 03:13:00,1.31904,1.31915,1.31894,1.31897,1424600067.1386719
2012-02-02 03:14:00,1.31897,1.31905,1.3189,1.31898,1330399932.8613281
2012-02-02 03:15:00,1.31898,1.31902,1.31896,1.31899,706999969.4824219
2012-02-02 03:16:00,1.31899,1.31903,1.31896,1.31903,986500015.2587891
2012-02-02 03:17:00,1.31903,1.31907,1.31901,1.31905,540000000.0
2012-02-02 03:18:00,1.31905,1.31906,1.31902,1.31905,249799995.42236328
2012-02-02 03:19:00,1.31905,1.31913,1.31902,1.31903,985299987.7929688
2012-02-02 03:20:00,1.31903,1.31931,1.31902,1.31921,2009299926.7578125
2012-02-02 03:21:00,1.31919,1.31919,1.319,1.319,1711100006.1035156
2012-02-02 03:22:00,1.319,1.319,1.31882,1.31885,1137699966.430664
2012-02-02 03:23:00,1.31885,1.31889,1.31882,1.31884,915699996.9482422
2012-02-02 03:24:00,1.31886,1.3189,1.31886,1.31889,386300010.68115234
2012-02-02 03:25:00,1.31889,1.3189,1.31885,1.31889,724599990.8447266
2012-02-02 03:26:00,1.31889,1.31889,1.31881,1.31882,419000015.25878906
2012-02-02 03:27:00,1.31882,1.31882,1.3185,1.31851,1751699981.6894531
2012-02-02 03:28:00,1.31852,1.31869,1.31848,1.31849,1368600006.1035156
2012-02-02 03:29:00,1.31849,1.3185,1.31824,1.3183,1727799987.7929688
2012-02-02 03:30:00,1.3183,1.31856,1.31827,1.31856,1551199951.171875
2012-02-02 03:31:00,1.31856,1.31856,1.31832,1.31832,893600006.1035156
2012-02-02 03:32:00,1.31832,1.31842,1.31831,1.3184,1017600021.3623047
2012-02-02 03:33:00,1.3184,1.3184,1.3183,1.31831,948600006.1035156
2012-02-02 03:34:00,1.31831,1.31837,1.31831,1.31835,674800033.5693359
2012-02-02 03:35:00,1.31833,1.31837,1.31827,1.31832,937600021.3623047
2012-02-02 03:36:00,1.31832,1.31842,1.31824,1.31826,1186699981.6894531
2012-02-02 03:37:00,1.31829,1.31835,1.31823,1.31824,1261100006.1035156
2012-02-02 03:38:00,1.31824,1.31828,1.31821,1.31827,382400016.78466797
2012-02-02 03:39:00,1.3183,1.3183,1.31815,1.31815,575200004.5776367
2012-02-02 03:40:00,1.31815,1.31815,1.31804,1.31807,870899963.3789062
2012-02-02 03:41:00,1.31807,1.31812,1.31804,1.31807,597599983.215332
2012-02-02 03:42:00,1.31807,1.3182,1.31804,1.31818,708799972.5341797
2012-02-02 03:43:00,1.31818,1.31824,1.31815,1.31823,662399978.6376953
2012-02-02 03:44:00,1.31823,1.31825,1.31819,1.31825,365000000.0
2012-02-02 03:45:00,1.31823,1.31839,1.31821,1.31835,832699966.4306641
2012-02-02 03:46:00,1.31837,1.31865,1.31837,1.31844,1891699981.6894531
2012-02-02 03:47:00,1.31843,1.31852,1.31837,1.31837,673300018.3105469
2012-02-02 03:48:00,1.31836,1.31836,1.31829,1.31834,387500000.0
2012-02-02 03:49:00,1.31834,1.31834,1.31831,1.31833,382799987.79296875
2012-02-02 03:50:00,1.31833,1.31833,1.3182,1.31822,372799987.79296875
2012-02-02 03:51:00,1.31822,1.31822,1.31798,1.31799,1936999969.4824219
2012-02-02 03:52:00,1.31799,1.31807,1.31795,1.31801,977300033.5693359
2012-02-02 03:53:00,1.31798,1.3181,1.31795,1.3181,631399993.8964844
2012-02-02 03:54:00,1.31807,1.31826,1.31807,1.31826,550600013.7329102
2012-02-02 03:55:00,1.31826,1.31837,1.31826,1.31834,632299995.4223633
2012-02-02 03:56:00,1.31834,1.31837,1.31826,1.31829,594099998.4741211
2012-02-02 03:57:00,1.31825,1.3184,1.31822,1.31838,697500000.0
2012-02-02 03:58:00,1.3184,1.31853,1.31837,1.31852,996399993.8964844
2012-02-02 03:59:00,1.31854,1.31855,1.31847,1.31855,414900016.78466797
2012-02-02 04:00:00,1.31849,1.31856,1.31844,1.31844,1320099945.0683594
2012-02-02 04:01:00,1.31844,1.31855,1.31844,1.31853,628600006.1035156
2012-02-02 04:02:00,1.31855,1.31859,1.31848,1.31855,622900009.1552734
2012-02-02 04:03:00,1.31856,1.31869,1.31841,1.31843,1533399963.3789062
2012-02-02 04:04:00,1.31842,1.31846,1.31831,1.31844,1400200042.7246094
2012-02-02 04:05:00,1.31843,1.31843,1.31836,1.31842,297700004.5776367
2012-02-02 04:06:00,1.31842,1.31845,1.3184,1.31842,269500007.62939453
2012-02-02 04:07:00,1.31842,1.31847,1.31836,1.31836,915400009.1552734
2012-02-02 04:08:00,1.31835,1.31835,1.31818,1.31818,427400016.78466797
2012-02-02 04:09:00,1.3182,1.31833,1.31819,1.31833,436399993.8964844
2012-02-02 04:10:00,1.31833,1.31837,1.31824,1.31828,816600036.6210938
2012-02-02 04:11:00,1.31828,1.31828,1.31823,1.31824,293199996.9482422
2012-02-02 04:12:00,1.31824,1.31824,1.31812,1.31812,436800003.0517578
2012-02-02 04:13:00,1.31812,1.31812,1.31799,1.31804,1026200027.4658203
2012-02-02 04:14:00,1.31804,1.31804,1.31786,1.31791,1124199981.6894531
2012-02-02 04:15:00,1.31791,1.31794,1.3179,1.31792,285599994.6594238
2012-02-02 04:16:00,1.3179,1.31793,1.3179,1.31792,790999984.7412109
2012-02-02 04:17:00,1.31793,1.31812,1.31793,1.31812,1118799972.5341797
2012-02-02 04:18:00,1.31812,1.3182,1.31808,1.31819,1058099975.5859375
2012-02-02 04:19:00,1.31816,1.31816,1.31813,1.31813,137899999.61853027
2012-02-02 04:20:00,1.31814,1.31814,1.31813,1.31814,364000015.25878906
2012-02-02 04:21:00,1.31814,1.31814,1.31785,1.31785,674100036.6210938
2012-02-02 04:22:00,1.31785,1.3179,1.31759,1.31782,1849799957.2753906
2012-02-02 04:23:00,1.31782,1.31783,1.31781,1.31783,469000015.25878906
2012-02-02 04:24:00,1.3178,1.31787,1.3178,1.31787,837900009.1552734
2012-02-02 04:25:00,1.31787,1.31787,1.31773,1.31773,1073000030.5175781
2012-02-02 04:26:00,1.31772,1.31772,1.31767,1.31767,675400009.1552734
2012-02-02 04:27:00,1.31767,1.31776,1.31757,1.31776,1149300003.0517578
2012-02-02 04:28:00,1.31777,1.31788,1.31775,1.31787,1175899963.3789062
2012-02-02 04:29:00,1.31787,1.31794,1.31785,1.3179,650800018.3105469
2012-02-02 04:30:00,1.3179,1.31799,1.31787,1.31794,1436900024.4140625
2012-02-02 04:31:00,1.31794,1.31798,1.31788,1.31794,700500030.5175781
2012-02-02 04:32:00,1.31794,1.31797,1.31786,1.31788,513899993.8964844
2012-02-02 04:33:00,1.31788,1.31796,1.31787,1.3179,1336699981.6894531
2012-02-02 04:34:00,1.3179,1.31792,1.31788,1.31792,595699996.9482422
2012-02-02 04:35:00,1.31792,1.31806,1.31792,1.31806,821900024.4140625
2012-02-02 04:36:00,1.31806,1.3182,1.31806,1.3182,750500030.5175781
2012-02-02 04:37:00,1.3182,1.31828,1.31818,1.31821,886600036.6210938
2012-02-02 04:38:00,1.31825,1.31831,1.31812,1.31815,1196100006.1035156
2012-02-02 04:39:00,1.31815,1.31816,1.31807,1.31814,986299972.5341797
2012-02-02 04:40:00,1.31814,1.31814,1.31801,1.31804,831900024.4140625
2012-02-02 04:41:00,1.31804,1.31808,1.31762,1.31762,1557299957.2753906
2012-02-02 04:42:00,1.31764,1.31764,1.31692,1.31692,2602000122.0703125
2012-02-02 04:43:00,1.31691,1.3171,1.3166,1.31686,2942300109.8632812
2012-02-02 04:44:00,1.31687,1.31694,1.31682,1.31689,2021900024.4140625
2012-02-02 04:45:00,1.31689,1.31706,1.31686,1.31697,1737100067.1386719
2012-02-02 04:46:00,1.31697,1.31697,1.31652,1.31656,2563999938.9648438
2012-02-02 04:47:00,1.31654,1.31661,1.31641,1.31659,1955000000.0
2012-02-02 04:48:00,1.31657,1.31666,1.31652,1.31666,2000800018.3105469
2012-02-02 04:49:00,1.31666,1.31677,1.31665,1.31675,1730200042.7246094
2012-02-02 04:50:00,1.31672,1.31672,1.3165,1.31652,1319100036.6210938
2012-02-02 04:51:00,1.3165,1.31652,1.31612,1.31637,1605500030.5175781
2012-02-02 04:52:00,1.31639,1.31639,1.31621,1.31626,2637200012.2070312
2012-02-02 04:53:00,1.31626,1.31636,1.31623,1.31632,705500030.5175781
2012-02-02 04:54:00,1.31634,1.31639,1.31624,1.31637,1928999938.9648438
2012-02-02 04:55:00,1.31638,1.31648,1.31629,1.31638,1878000030.5175781
2012-02-02 04:56:00,1.31638,1.3166,1.31634,1.31657,1001999969.4824219
2012-02-02 04:57:00,1.31654,1.3167,1.31654,1.3166,1466300048.828125
2012-02-02 04:58:00,1.3166,1.31661,1.31643,1.31648,1759299926.7578125
2012-02-02 04:59:00,1.31648,1.31657,1.31643,1.31657,1223099975.5859375
2012-02-02 05:00:00,1.31657,1.31659,1.31653,1.31659,631100006.1035156
2012-02-02 05:01:00,1.31659,1.31665,1.31655,1.31657,1102099990.8447266
2012-02-02 05:02:00,1.31657,1.3166,1.31655,1.31656,607200012.2070312
2012-02-02 05:03:00,1.31658,1.31658,1.31653,1.31655,537500000.0
2012-02-02 05:04:00,1.31655,1.31655,1.31643,1.31655,983199996.9482422
2012-02-02 05:05:00,1.31654,1.31664,1.31653,1.31663,835999984.7412109
2012-02-02 05:06:00,1.31664,1.31683,1.31663,1.31679,861900024.4140625
2012-02-02 05:07:00,1.31676,1.3168,1.31675,1.31677,511800003.0517578
2012-02-02 05:08:00,1.31677,1.31684,1.31661,1.31662,1240199966.430664
2012-02-02 05:09:00,1.3166,1.31668,1.31641,1.31668,1352599945.0683594
2012-02-02 05:10:00,1.31668,1.31676,1.3166,1.31675,775500030.5175781
2012-02-02 05:11:00,1.31674,1.31675,1.31669,1.31671,456899986.26708984
2012-02-02 05:12:00,1.31673,1.31681,1.31671,1.3168,309400005.3405762
2012-02-02 05:13:00,1.3168,1.3169,1.3166,1.3166,1008700027.4658203
2012-02-02 05:14:00,1.31659,1.31663,1.31645,1.31646,948799972.5341797
2012-02-02 05:15:00,1.31646,1.31649,1.31639,1.31648,827200012.2070312
2012-02-02 05:16:00,1.31649,1.31649,1.31642,1.31648,562799987.7929688
2012-02-02 05:17:00,1.31648,1.31651,1.31648,1.31649,366500015.25878906
2012-02-02 05:18:00,1.31649,1.31652,1.31648,1.3165,621899986.2670898
2012-02-02 05:19:00,1.31651,1.31652,1.31646,1.31648,587999992.3706055
2012-02-02 05:20:00,1.31649,1.31655,1.31649,1.31652,912500000.0
2012-02-02 05:21:00,1.31651,1.31652,1.31641,1.31642,1165500030.5175781
2012-02-02 05:22:00,1.31641,1.31641,1.31619,1.31627,2089100036.6210938
2012-02-02 05:23:00,1.31627,1.31645,1.31627,1.31644,1170000000.0
2012-02-02 05:24:00,1.31643,1.31651,1.31643,1.3165,593199996.9482422
2012-02-02 05:25:00,1.3165,1.31655,1.31643,1.31643,851800003.0517578
2012-02-02 05:26:00,1.31642,1.31653,1.31635,1.31653,807799987.7929688
2012-02-02 05:27:00,1.31653,1.31653,1.31651,1.31653,448300018.3105469
2012-02-02 05:28:00,1.31652,1.31654,1.3165,1.31653,343800010.68115234
2012-02-02 05:29:00,1.31653,1.3168,1.31653,1.31678,974400024.4140625
2012-02-02 05:30:00,1.31679,1.31712,1.31675,1.31706,1602400054.9316406
2012-02-02 05:31:00,1.31706,1.31725,1.31701,1.31712,1538899993.8964844
2012-02-02 05:32:00,1.31712,1.31717,1.31691,1.31692,1439199981.6894531
2012-02-02 05:33:00,1.31692,1.31705,1.31688,1.31702,1034499969.4824219
2012-02-02 05:34:00,1.31702,1.31709,1.31698,1.31699,607200012.2070312
2012-02-02 05:35:00,1.31699,1.31699,1.31688,1.31688,441399993.8964844
2012-02-02 05:36:00,1.31688,1.31688,1.31681,1.31684,600499992.3706055
2012-02-02 05:37:00,1.31681,1.31684,1.31659,1.31659,745899963.3789062
2012-02-02 05:38:00,1.31659,1.31675,1.31656,1.31675,797500000.0
2012-02-02 05:39:00,1.31672,1.31673,1.31668,1.31669,189300003.0517578
2012-02-02 05:40:00,1.31669,1.31669,1.31657,1.31659,919800033.5693359
2012-02-02 05:41:00,1.31659,1.31661,1.31643,1.31643,1821399993.8964844
2012-02-02 05:42:00,1.31644,1.31644,1.3162,1.3162,792900009.1552734
2012-02-02 05:43:00,1.31619,1.31622,1.3161,1.31618,1413899993.8964844
2012-02-02 05:44:00,1.31618,1.31632,1.31618,1.31626,980199966.4306641
2012-02-02 05:45:00,1.31627,1.31632,1.31627,1.31628,588600006.1035156
2012-02-02 05:46:00,1.31628,1.31633,1.31627,1.31633,555499992.3706055
2012-02-02 05:47:00,1.31631,1.3164,1.31611,1.31611,1351300048.828125
2012-02-02 05:48:00,1.31611,1.31634,1.31609,1.3163,2228899993.8964844
2012-02-02 05:49:00,1.3163,1.31652,1.3163,1.31646,1408699951.171875
2012-02-02 05:50:00,1.31646,1.31658,1.31646,1.31651,1360399932.8613281
2012-02-02 05:51:00,1.3165,1.3165,1.31628,1.31633,1436100006.1035156
2012-02-02 05:52:00,1.31632,1.31638,1.31623,1.31629,1302899932.8613281
2012-02-02 05:53:00,1.31632,1.31655,1.31632,1.3165,1752899932.8613281
2012-02-02 05:54:00,1.3165,1.3166,1.31641,1.31654,1379700012.2070312
2012-02-02 05:55:00,1.31653,1.31689,1.31653,1.31683,1518600006.1035156
2012-02-02 05:56:00,1.31683,1.31717,1.31683,1.31716,1529799957.2753906
2012-02-02 05:57:00,1.31715,1.31717,1.31701,1.31712,1487599945.0683594
2012-02-02 05:58:00,1.31708,1.31717,1.31695,1.31699,1511199951.171875
2012-02-02 05:59:00,1.31699,1.31737,1.31694,1.31723,2026499938.9648438
2012-02-02 06:00:00,1.31719,1.31725,1.31715,1.3172,1205699996.9482422
2012-02-02 06:01:00,1.3172,1.31743,1.3172,1.31743,2106699981.6894531
2012-02-02 06:02:00,1.3174,1.31762,1.31738,1.31743,2408500061.0351562
2012-02-02 06:03:00,1.31744,1.31745,1.31723,1.31726,2378500061.0351562
2012-02-02 06:04:00,1.31729,1.31737,1.31716,1.31716,1963200073.2421875
2012-02-02 06:05:00,1.31718,1.3172,1.317,1.31707,1649900054.9316406
2012-02-02 06:06:00,1.31707,1.3171,1.31702,1.31705,1390599975.5859375
2012-02-02 06:07:00,1.31705,1.3171,1.31693,1.31706,1730000000.0
2012-02-02 06:08:00,1.31708,1.31712,1.31705,1.31706,820199966.4306641
2012-02-02 06:09:00,1.31707,1.31716,1.317,1.31716,875800018.3105469
2012-02-02 06:10:00,1.31716,1.31742,1.31714,1.31742,1848999938.9648438
2012-02-02 06:11:00,1.31744,1.31758,1.3174,1.31754,1591699981.6894531
2012-02-02 06:12:00,1.31755,1.31765,1.31737,1.31737,2321300048.828125
2012-02-02 06:13:00,1.31741,1.31743,1.31735,1.31736,1047300033.5693359
2012-02-02 06:14:00,1.31736,1.31741,1.31736,1.31741,554000015.2587891
2012-02-02 06:15:00,1.31741,1.31741,1.31729,1.3173,1481900024.4140625
2012-02-02 06:16:00,1.31732,1.31741,1.3173,1.31741,740199966.4306641
2012-02-02 06:17:00,1.31738,1.3174,1.3173,1.3173,1361999969.4824219
2012-02-02 06:18:00,1.31732,1.31741,1.31718,1.3173,2117100067.1386719
2012-02-02 06:19:00,1.31732,1.31758,1.31732,1.31754,1801799926.7578125
2012-02-02 06:20:00,1.31754,1.3178,1.31753,1.31775,1946799926.7578125
2012-02-02 06:21:00,1.31777,1.3181,1.31776,1.3178,2353099975.5859375
2012-02-02 06:22:00,1.31779,1.31785,1.3177,1.3178,1323699951.171875
2012-02-02 06:23:00,1.3178,1.3178,1.3177,1.31774,1141800003.0517578
2012-02-02 06:24:00,1.31774,1.31777,1.31769,1.31771,1140899963.3789062
2012-02-02 06:25:00,1.31772,1.31772,1.31765,1.31766,1234100036.6210938
2012-02-02 06:26:00,1.31766,1.31781,1.31766,1.31779,1183099975.5859375
2012-02-02 06:27:00,1.3178,1.3183,1.3178,1.31822,1691600036.6210938
2012-02-02 06:28:00,1.31822,1.31831,1.31804,1.31824,1984900054.9316406
2012-02-02 06:29:00,1.31824,1.3183,1.3182,1.31824,1225100021.3623047
2012-02-02 06:30:00,1.31825,1.31845,1.31811,1.31811,2652799987.7929688
2012-02-02 06:31:00,1.31811,1.31811,1.31787,1.318,1982200012.2070312
2012-02-02 06:32:00,1.31801,1.31832,1.31801,1.3183,1379799957.2753906
2012-02-02 06:33:00,1.31831,1.31835,1.31808,1.31813,1476999969.4824219
2012-02-02 06:34:00,1.31813,1.31822,1.31809,1.31815,1296499938.9648438
2012-02-02 06:35:00,1.31815,1.3182,1.31799,1.318,1791199951.171875
2012-02-02 06:36:00,1.318,1.31802,1.31769,1.31775,2294600067.138672
2012-02-02 06:37:00,1.31773,1.31774,1.31721,1.3173,3039100036.6210938
2012-02-02 06:38:00,1.31731,1.31734,1.3171,1.3171,1397700042.7246094
2012-02-02 06:39:00,1.31711,1.31722,1.3171,1.31722,1296199951.171875
2012-02-02 06:40:00,1.31721,1.31738,1.31709,1.31712,2108099975.5859375
2012-02-02 06:41:00,1.31713,1.31713,1.31674,1.31677,1790099945.0683594
2012-02-02 06:42:00,1.31677,1.31684,1.31665,1.31677,1879299926.7578125
2012-02-02 06:43:00,1.31678,1.31687,1.3167,1.31687,1540299987.7929688
2012-02-02 06:44:00,1.31685,1.31718,1.31683,1.31718,1241100006.1035156
2012-02-02 06:45:00,1.31719,1.31753,1.31719,1.31749,1424600067.1386719
2012-02-02 06:46:00,1.31749,1.31758,1.3174,1.3175,1928899993.8964844
2012-02-02 06:47:00,1.31751,1.31753,1.31738,1.31739,1728399963.3789062
2012-02-02 06:48:00,1.31739,1.31741,1.31733,1.3174,1460500030.5175781
2012-02-02 06:49:00,1.3174,1.31741,1.31735,1.31738,1035100021.3623047
2012-02-02 06:50:00,1.31739,1.31739,1.31738,1.31739,680699996.9482422
2012-02-02 06:51:00,1.31739,1.3174,1.31729,1.31729,1385800018.3105469
2012-02-02 06:52:00,1.31729,1.3173,1.31721,1.31729,1176399993.8964844
2012-02-02 06:53:00,1.31729,1.31729,1.31714,1.31715,1184100036.6210938
2012-02-02 06:54:00,1.31715,1.31716,1.31701,1.31707,1147500000.0
2012-02-02 06:55:00,1.31705,1.3171,1.31674,1.31676,1932500000.0
2012-02-02 06:56:00,1.31679,1.31701,1.31679,1.31691,1499700012.2070312
2012-02-02 06:57:00,1.31693,1.31724,1.31693,1.3172,2146499938.9648438
2012-02-02 06:58:00,1.3172,1.31726,1.3172,1.31725,1213600006.1035156
2012-02-02 06:59:00,1.31725,1.31758,1.31725,1.31748,1868699951.171875
2012-02-02 07:00:00,1.31748,1.31748,1.31717,1.31721,1969400024.4140625
2012-02-02 07:01:00,1.31721,1.31733,1.31718,1.31733,1814600067.1386719
2012-02-02 07:02:00,1.31733,1.31742,1.31724,1.3173,1618999938.9648438
2012-02-02 07:03:00,1.31729,1.31746,1.31729,1.31741,1426699981.6894531
2012-02-02 07:04:00,1.31741,1.31741,1.3172,1.3172,1285099945.0683594
2012-02-02 07:05:00,1.31724,1.31735,1.31724,1.31726,733399963.3789062
2012-02-02 07:06:00,1.31724,1.31724,1.3172,1.3172,823099975.5859375
2012-02-02 07:07:00,1.31719,1.31731,1.31719,1.31729,975199966.4306641
2012-02-02 07:08:00,1.31729,1.31733,1.31721,1.31729,841900024.4140625
2012-02-02 07:09:00,1.31729,1.31747,1.31708,1.31708,2020000000.0
2012-02-02 07:10:00,1.31707,1.31707,1.31656,1.3166,2758999938.9648438
2012-02-02 07:11:00,1.3166,1.31714,1.31656,1.31707,2189600067.138672
2012-02-02 07:12:00,1.31706,1.31708,1.3167,1.31681,2145099945.0683594
2012-02-02 07:13:00,1.31681,1.31688,1.31667,1.31688,2018899993.8964844
2012-02-02 07:14:00,1.31688,1.31689,1.31672,1.3168,1958099975.5859375
2012-02-02 07:15:00,1.3168,1.31708,1.31679,1.31699,1418000030.5175781
2012-02-02 07:16:00,1.317,1.31714,1.31691,1.31691,1613399963.3789062
2012-02-02 07:17:00,1.31691,1.31697,1.3169,1.31692,1490599975.5859375
2012-02-02 07:18:00,1.31692,1.317,1.31679,1.3168,1623999938.9648438
2012-02-02 07:19:00,1.3168,1.317,1.31669,1.31699,2205299987.7929688
2012-02-02 07:20:00,1.31699,1.31699,1.31678,1.31681,1709199981.6894531
2012-02-02 07:21:00,1.31677,1.31693,1.31662,1.3169,2809899902.34375
2012-02-02 07:22:00,1.31691,1.31707,1.31688,1.31702,1638800048.828125
2012-02-02 07:23:00,1.31702,1.31704,1.3169,1.31704,956999969.4824219
2012-02-02 07:24:00,1.31704,1.31739,1.31702,1.31739,2161499938.9648438
2012-02-02 07:25:00,1.31741,1.31796,1.31741,1.31788,2680599975.5859375
2012-02-02 07:26:00,1.31787,1.31788,1.31762,1.31788,2786700134.2773438
2012-02-02 07:27:00,1.31789,1.31825,1.31786,1.31825,2212799987.7929688
2012-02-02 07:28:00,1.31826,1.31834,1.31819,1.31825,2659899902.34375
2012-02-02 07:29:00,1.31824,1.31824,1.31795,1.31797,2200500030.517578
2012-02-02 07:30:00,1.31797,1.31808,1.31787,1.31788,2195099945.0683594
2012-02-02 07:31:00,1.31788,1.31806,1.31769,1.31801,2482599945.0683594
2012-02-02 07:32:00,1.31801,1.31811,1.31792,1.3181,1582500000.0
2012-02-02 07:33:00,1.3181,1.31876,1.3181,1.31872,3498699951.171875
2012-02-02 07:34:00,1.31871,1.31879,1.31861,1.31869,2737000122.0703125
2012-02-02 07:35:00,1.3187,1.3192,1.31868,1.31908,4293399963.3789062
2012-02-02 07:36:00,1.31909,1.31918,1.3188,1.31881,4289100036.6210938
2012-02-02 07:37:00,1.3188,1.31901,1.3187,1.3187,1974199981.6894531
2012-02-02 07:38:00,1.3187,1.31875,1.31854,1.31857,2431199951.171875
2012-02-02 07:39:00,1.31854,1.31865,1.31847,1.3186,2184700012.2070312
2012-02-02 07:40:00,1.3186,1.31881,1.31853,1.31854,2269799957.2753906
2012-02-02 07:41:00,1.31852,1.31852,1.31819,1.3182,1972700042.7246094
2012-02-02 07:42:00,1.3182,1.31858,1.3182,1.31856,1317400054.9316406
2012-02-02 07:43:00,1.3186,1.31862,1.3184,1.31841,1986100006.1035156
2012-02-02 07:44:00,1.31842,1.31847,1.3181,1.31814,2161600036.6210938
2012-02-02 07:45:00,1.31814,1.31836,1.31814,1.31831,1751999969.4824219
2012-02-02 07:46:00,1.31833,1.3184,1.318,1.31803,2185700073.2421875
2012-02-02 07:47:00,1.31802,1.31805,1.31785,1.31785,1519700012.2070312
2012-02-02 07:48:00,1.31784,1.31789,1.31756,1.31757,2760799865.7226562
2012-02-02 07:49:00,1.31757,1.31779,1.31757,1.31779,1944100036.6210938
2012-02-02 07:50:00,1.31777,1.31777,1.3174,1.31752,2265399932.861328
2012-02-02 07:51:00,1.31752,1.31791,1.31752,1.31791,2264600067.138672
2012-02-02 07:52:00,1.31791,1.31831,1.31784,1.3183,2911499938.9648438
2012-02-02 07:53:00,1.3183,1.3183,1.31801,1.31801,1631999969.4824219
2012-02-02 07:54:00,1.31801,1.31808,1.3178,1.31805,2552200012.2070312
2012-02-02 07:55:00,1.31805,1.31815,1.31784,1.31787,2719100036.6210938
2012-02-02 07:56:00,1.31789,1.31802,1.31781,1.31797,1819199981.6894531
2012-02-02 07:57:00,1.31797,1.31823,1.31797,1.3182,2319600067.138672
2012-02-02 07:58:00,1.3182,1.31822,1.31805,1.31805,2224499969.482422
2012-02-02 07:59:00,1.31804,1.3184,1.31791,1.3184,2919200134.2773438
2012-02-02 08:00:00,1.3184,1.31849,1.31802,1.31804,3531600036.6210938
2012-02-02 08:01:00,1.31804,1.31855,1.31803,1.31843,3145000000.0
2012-02-02 08:02:00,1.31841,1.31843,1.31812,1.31813,2615700073.2421875
2012-02-02 08:03:00,1.31812,1.31837,1.31811,1.31818,2456399993.8964844
2012-02-02 08:04:00,1.31818,1.31819,1.31783,1.31783,2649200134.2773438
2012-02-02 08:05:00,1.31782,1.31782,1.3175,1.31751,3430899963.3789062
2012-02-02 08:06:00,1.31755,1.31765,1.3171,1.3171,2780400085.4492188
2012-02-02 08:07:00,1.3171,1.31725,1.31691,1.31702,3719200134.2773438
2012-02-02 08:08:00,1.31702,1.31708,1.31685,1.31701,3984899902.34375
2012-02-02 08:09:00,1.31702,1.31711,1.31638,1.31638,3017699890.1367188
2012-02-02 08:10:00,1.31638,1.31674,1.3162,1.3162,3622600097.65625
2012-02-02 08:11:00,1.3162,1.31623,1.31529,1.31529,3740899963.3789062
2012-02-02 08:12:00,1.31527,1.31548,1.31491,1.31491,3686400146.484375
2012-02-02 08:13:00,1.31491,1.31515,1.31461,1.31514,3784800109.8632812
2012-02-02 08:14:00,1.31514,1.31533,1.31491,1.31491,3258800048.828125
2012-02-02 08:15:00,1.31492,1.31492,1.31433,1.31451,3832099914.5507812
2012-02-02 08:16:00,1.31449,1.31449,1.31359,1.31375,3557200012.2070312
2012-02-02 08:17:00,1.31375,1.31433,1.31368,1.31428,4073900146.484375
2012-02-02 08:18:00,1.31426,1.31482,1.3142,1.31479,3379800109.8632812
2012-02-02 08:19:00,1.31479,1.31479,1.31423,1.31425,3626600036.6210938
2012-02-02 08:20:00,1.31424,1.31451,1.31424,1.3144,2962699890.1367188
2012-02-02 08:21:00,1.31442,1.31477,1.31442,1.31471,3205299987.7929688
2012-02-02 08:22:00,1.3147,1.31475,1.31402,1.31402,3873200073.2421875
2012-02-02 08:23:00,1.31402,1.31402,1.31356,1.31382,4091799926.7578125
2012-02-02 08:24:00,1.31383,1.31433,1.31361,1.31423,3634899902.34375
2012-02-02 08:25:00,1.31424,1.31425,1.31358,1.31364,3840299987.7929688
2012-02-02 08:26:00,1.31364,1.31389,1.31333,1.31389,3513399963.3789062
2012-02-02 08:27:00,1.31388,1.31456,1.31381,1.31453,3752799987.7929688
2012-02-02 08:28:00,1.31453,1.31458,1.31429,1.31429,3038800048.828125
2012-02-02 08:29:00,1.31429,1.31448,1.31409,1.31422,3473099975.5859375
2012-02-02 08:30:00,1.31423,1.31472,1.31423,1.3146,3216900024.4140625
2012-02-02 08:31:00,1.3146,1.31469,1.31448,1.3146,3156000061.0351562
2012-02-02 08:32:00,1.31459,1.31499,1.31456,1.31498,2117700042.7246094
2012-02-02 08:33:00,1.315,1.31542,1.315,1.31513,4368500061.035156
2012-02-02 08:34:00,1.31513,1.31531,1.31495,1.3153,3107000122.0703125
2012-02-02 08:35:00,1.3153,1.31568,1.3153,1.3156,4197900085.4492188
2012-02-02 08:36:00,1.31559,1.31559,1.31514,1.31514,2957999877.9296875
2012-02-02 08:37:00,1.31517,1.31527,1.31506,1.3151,2750299987.7929688
2012-02-02 08:38:00,1.31512,1.31545,1.31512,1.31541,2527799987.7929688
2012-02-02 08:39:00,1.31541,1.31544,1.31501,1.31502,2661199951.171875
2012-02-02 08:40:00,1.31502,1.31519,1.31491,1.31498,2522400054.9316406
2012-02-02 08:41:00,1.31497,1.31521,1.31489,1.31514,3330400085.4492188
2012-02-02 08:42:00,1.31513,1.31523,1.315,1.31521,2475599975.5859375
2012-02-02 08:43:00,1.31522,1.31569,1.31522,1.31548,3049599914.5507812
2012-02-02 08:44:00,1.31546,1.31599,1.31546,1.3158,3249100036.6210938
2012-02-02 08:45:00,1.3158,1.31581,1.31561,1.31569,2116600036.6210938
2012-02-02 08:46:00,1.31568,1.31569,1.31541,1.31541,2374400024.4140625
2012-02-02 08:47:00,1.31541,1.31544,1.3151,1.31522,2732200012.2070312
2012-02-02 08:48:00,1.31522,1.31551,1.31521,1.31551,2406900024.4140625
2012-02-02 08:49:00,1.31551,1.31558,1.31538,1.31552,1509100036.6210938
2012-02-02 08:50:00,1.31553,1.31563,1.31551,1.31551,1910899963.3789062
2012-02-02 08:51:00,1.31552,1.31554,1.31513,1.31526,2396999969.482422
2012-02-02 08:52:00,1.31525,1.31525,1.31472,1.31472,2910000000.0
2012-02-02 08:53:00,1.31472,1.31472,1.31436,1.31439,2970299987.7929688
2012-02-02 08:54:00,1.31441,1.31456,1.31441,1.31452,2217500000.0
2012-02-02 08:55:00,1.31453,1.31475,1.31444,1.31475,1978300018.3105469
2012-02-02 08:56:00,1.31475,1.31518,1.31475,1.31481,2031900024.4140625
2012-02-02 08:57:00,1.3148,1.31503,1.31463,1.31494,1986799926.7578125
2012-02-02 08:58:00,1.31495,1.31495,1.314,1.31405,3282000122.0703125
2012-02-02 08:59:00,1.31405,1.31405,1.31371,1.31371,3005899963.3789062
2012-02-02 09:00:00,1.31371,1.31379,1.31315,1.31315,3101000061.0351562
2012-02-02 09:01:00,1.31314,1.3132,1.31295,1.31308,3701700134.2773438
2012-02-02 09:02:00,1.31307,1.31349,1.31307,1.31347,3097000122.0703125
2012-02-02 09:03:00,1.31347,1.31385,1.31345,1.31368,3346700134.2773438
2012-02-02 09:04:00,1.31367,1.3137,1.31331,1.31332,2861900024.4140625
2012-02-02 09:05:00,1.31331,1.31337,1.31269,1.31293,3681300048.828125
2012-02-02 09:06:00,1.31295,1.31295,1.3124,1.3127,3083999938.9648438
2012-02-02 09:07:00,1.31271,1.31298,1.31267,1.31293,2837699890.1367188
2012-02-02 09:08:00,1.31293,1.31293,1.3125,1.31252,2777200012.2070312
2012-02-02 09:09:00,1.31255,1.31281,1.31249,1.31258,3701199951.171875
2012-02-02 09:10:00,1.31258,1.31293,1.31246,1.31293,2774700012.2070312
2012-02-02 09:11:00,1.31294,1.31299,1.31264,1.31287,2731000061.0351562
2012-02-02 09:12:00,1.31287,1.313,1.31287,1.31297,2616799926.7578125
2012-02-02 09:13:00,1.31298,1.31302,1.31257,1.31269,2428099975.5859375
2012-02-02 09:14:00,1.31266,1.31297,1.31266,1.31296,2004400024.4140625
2012-02-02 09:15:00,1.31296,1.3131,1.3128,1.31284,2718599853.515625
2012-02-02 09:16:00,1.31281,1.31282,1.31248,1.31248,2245399932.861328
2012-02-02 09:17:00,1.31247,1.3125,1.31232,1.31238,3219800109.8632812
2012-02-02 09:18:00,1.31238,1.31253,1.31226,1.31249,2383899993.8964844
2012-02-02 09:19:00,1.31251,1.31291,1.31246,1.31284,2987500000.0
2012-02-02 09:20:00,1.31283,1.31283,1.3123,1.3123,2652999877.9296875
2012-02-02 09:21:00,1.3123,1.31265,1.31228,1.31265,2695599975.5859375
2012-02-02 09:22:00,1.31265,1.31274,1.3124,1.31261,3007399902.34375
2012-02-02 09:23:00,1.31263,1.31289,1.3126,1.31275,2265599975.5859375
2012-02-02 09:24:00,1.31275,1.31296,1.31269,1.31276,2415299987.7929688
2012-02-02 09:25:00,1.31274,1.3131,1.31271,1.3131,1935399932.8613281
2012-02-02 09:26:00,1.31312,1.31365,1.31312,1.31352,3121300048.828125
2012-02-02 09:27:00,1.31351,1.31383,1.31348,1.31383,2988699951.171875
2012-02-02 09:28:00,1.31382,1.31386,1.31351,1.3136,2357299957.2753906
2012-02-02 09:29:00,1.3136,1.31368,1.31349,1.31359,1873099975.5859375
2012-02-02 09:30:00,1.3136,1.31388,1.31359,1.31381,2324700012.2070312
2012-02-02 09:31:00,1.31381,1.31394,1.31375,1.31387,2266000061.0351562
2012-02-02 09:32:00,1.31389,1.31418,1.31389,1.31416,2240899963.3789062
2012-02-02 09:33:00,1.31414,1.31432,1.31393,1.31401,2629800109.8632812
2012-02-02 09:34:00,1.31403,1.31419,1.31396,1.31419,1933800048.828125
2012-02-02 09:35:00,1.31418,1.31432,1.31398,1.31405,2206000061.0351562
2012-02-02 09:36:00,1.31409,1.31418,1.3139,1.31391,2248600006.1035156
2012-02-02 09:37:00,1.31391,1.31391,1.31365,1.31366,2563399963.3789062
2012-02-02 09:38:00,1.31367,1.31371,1.3135,1.31368,2374700012.2070312
2012-02-02 09:39:00,1.3137,1.31385,1.31353,1.31381,2033200073.2421875
2012-02-02 09:40:00,1.31381,1.31383,1.31362,1.31362,2124900054.9316406
2012-02-02 09:41:00,1.31363,1.31385,1.31362,1.31376,1548699951.171875
2012-02-02 09:42:00,1.31375,1.31377,1.31352,1.31352,2033800048.828125
2012-02-02 09:43:00,1.31352,1.31357,1.31326,1.31333,2941600036.6210938
2012-02-02 09:44:00,1.31329,1.3134,1.31296,1.31311,3217300109.8632812
2012-02-02 09:45:00,1.31311,1.31354,1.31303,1.31351,2599800109.8632812
2012-02-02 09:46:00,1.31351,1.31369,1.31344,1.31354,2927699890.1367188
2012-02-02 09:47:00,1.31352,1.31412,1.31352,1.31408,2924599914.5507812
2012-02-02 09:48:00,1.31409,1.31409,1.31359,1.3136,2941900024.4140625
2012-02-02 09:49:00,1.3136,1.31401,1.31352,1.314,3068800048.828125
2012-02-02 09:50:00,1.31399,1.31409,1.31374,1.31374,2984500122.0703125
2012-02-02 09:51:00,1.31373,1.31387,1.31356,1.31381,2529799957.2753906
2012-02-02 09:52:00,1.31381,1.31392,1.31368,1.31368,2381100006.1035156
2012-02-02 09:53:00,1.3137,1.3139,1.31345,1.31349,2803900146.484375
2012-02-02 09:54:00,1.31347,1.31353,1.31333,1.31346,2184600067.138672
2012-02-02 09:55:00,1.31349,1.31388,1.31349,1.31377,2157799987.7929688
2012-02-02 09:56:00,1.31376,1.31376,1.31341,1.31366,2246799926.7578125
2012-02-02 09:57:00,1.31366,1.31392,1.31366,1.31392,1992799987.7929688
2012-02-02 09:58:00,1.31393,1.31423,1.31393,1.31401,2453899993.8964844
2012-02-02 09:59:00,1.31401,1.31429,1.31397,1.31397,2125500030.5175781
2012-02-02 10:00:00,1.31395,1.31426,1.3139,1.31423,2355299987.7929688
2012-02-02 10:01:00,1.31421,1.31425,1.31418,1.31419,1307799987.7929688
2012-02-02 10:02:00,1.31414,1.31486,1.31414,1.31486,2426000061.0351562
2012-02-02 10:03:00,1.31485,1.31528,1.31484,1.31507,3179299926.7578125
2012-02-02 10:04:00,1.31507,1.31552,1.31507,1.31541,3593399963.3789062
2012-02-02 10:05:00,1.31543,1.31561,1.31533,1.31549,3137399902.34375
2012-02-02 10:06:00,1.31546,1.31551,1.31511,1.31519,2698399963.3789062
2012-02-02 10:07:00,1.3152,1.31526,1.31479,1.3149,2499299926.7578125
2012-02-02 10:08:00,1.3149,1.31497,1.31468,1.31471,2453300018.310547
2012-02-02 10:09:00,1.3147,1.3148,1.31463,1.31463,2615700073.2421875
2012-02-02 10:10:00,1.31462,1.31471,1.3144,1.31449,2737399902.34375
2012-02-02 10:11:00,1.31449,1.31465,1.31448,1.31462,2347400054.9316406
2012-02-02 10:12:00,1.31459,1.31461,1.31408,1.31411,2922699890.1367188
2012-02-02 10:13:00,1.3141,1.31449,1.3141,1.31445,2368800048.828125
2012-02-02 10:14:00,1.31446,1.31462,1.31441,1.31455,2141300048.828125
2012-02-02 10:15:00,1.31455,1.31455,1.31433,1.31434,1657500000.0
2012-02-02 10:16:00,1.31431,1.31442,1.31423,1.31442,1716999969.4824219
2012-02-02 10:17:00,1.31442,1.31446,1.31407,1.31407,2054100036.6210938
2012-02-02 10:18:00,1.31406,1.31406,1.31372,1.31377,2930599975.5859375
2012-02-02 10:19:00,1.31378,1.3138,1.31329,1.3133,3200000000.0
2012-02-02 10:20:00,1.3133,1.3133,1.31281,1.31306,2956900024.4140625
2012-02-02 10:21:00,1.31306,1.31311,1.31271,1.31283,2863200073.2421875
2012-02-02 10:22:00,1.31283,1.31312,1.3127,1.31308,2986600036.6210938
2012-02-02 10:23:00,1.3131,1.31325,1.31282,1.31286,2980100097.65625
2012-02-02 10:24:00,1.31285,1.31292,1.31233,1.31237,2980000000.0
2012-02-02 10:25:00,1.31237,1.31253,1.31237,1.31251,2484900054.9316406
2012-02-02 10:26:00,1.31252,1.31263,1.31243,1.3126,2340399932.861328
2012-02-02 10:27:00,1.31261,1.31309,1.31257,1.31307,3630000000.0
2012-02-02 10:28:00,1.31305,1.31305,1.31278,1.31292,3299800109.8632812
2012-02-02 10:29:00,1.31292,1.31318,1.31292,1.3131,3088299865.7226562
2012-02-02 10:30:00,1.31309,1.3132,1.31279,1.31279,3336000061.0351562
2012-02-02 10:31:00,1.31278,1.31319,1.31278,1.3131,2414799957.2753906
2012-02-02 10:32:00,1.31309,1.31328,1.31283,1.31328,2468899993.8964844
2012-02-02 10:33:00,1.31327,1.31492,1.31327,1.31492,5740499877.9296875
2012-02-02 10:34:00,1.31491,1.31658,1.31491,1.31658,5526199951.171875
2012-02-02 10:35:00,1.31657,1.3177,1.31657,1.31735,4576300048.828125
2012-02-02 10:36:00,1.31733,1.31746,1.31684,1.31688,4227699890.1367188
2012-02-02 10:37:00,1.31689,1.31729,1.31632,1.31642,4830899963.378906
2012-02-02 10:38:00,1.31644,1.31644,1.3159,1.31606,2895899963.3789062
2012-02-02 10:39:00,1.31607,1.31607,1.31545,1.31562,3310299987.7929688
2012-02-02 10:40:00,1.31563,1.31634,1.31563,1.31595,3085599975.5859375
2012-02-02 10:41:00,1.31594,1.31594,1.31473,1.31473,4090100097.65625
2012-02-02 10:42:00,1.31472,1.31478,1.31425,1.31478,3611600036.6210938
2012-02-02 10:43:00,1.31478,1.31478,1.3142,1.31457,3471499938.9648438
2012-02-02 10:44:00,1.31457,1.31463,1.31436,1.3146,2322299957.2753906
2012-02-02 10:45:00,1.31459,1.31518,1.31456,1.31508,3113800048.828125
2012-02-02 10:46:00,1.31507,1.31521,1.31472,1.31521,2613500061.0351562
2012-02-02 10:47:00,1.31521,1.31535,1.31499,1.31499,2350800018.310547
2012-02-02 10:48:00,1.31499,1.315,1.31475,1.3149,2921300048.828125
2012-02-02 10:49:00,1.3149,1.31492,1.3146,1.3146,2063699951.171875
2012-02-02 10:50:00,1.31459,1.3149,1.31426,1.3149,2808800048.828125
2012-02-02 10:51:00,1.31492,1.31553,1.31492,1.31552,2315099945.0683594
2012-02-02 10:52:00,1.31555,1.31555,1.31485,1.31489,2805700073.2421875
2012-02-02 10:53:00,1.31486,1.31493,1.31458,1.31459,2690899963.3789062
2012-02-02 10:54:00,1.31458,1.31473,1.31431,1.31441,2637699890.1367188
2012-02-02 10:55:00,1.31438,1.31498,1.31437,1.31491,2670700073.2421875
2012-02-02 10:56:00,1.31491,1.31545,1.31491,1.31526,2867300109.8632812
2012-02-02 10:57:00,1.31526,1.31564,1.31503,1.31556,2409499969.482422
2012-02-02 10:58:00,1.31555,1.31555,1.31514,1.31514,2028999938.9648438
2012-02-02 10:59:00,1.31514,1.31515,1.31477,1.31506,2466699981.689453
2012-02-02 11:00:00,1.31502,1.31514,1.31454,1.31454,2896799926.7578125
2012-02-02 11:01:00,1.31452,1.31473,1.31433,1.31468,2960400085.4492188
2012-02-02 11:02:00,1.31465,1.31467,1.31431,1.31465,2592999877.9296875
2012-02-02 11:03:00,1.31464,1.31464,1.31435,1.31441,1976699981.6894531
2012-02-02 11:04:00,1.31445,1.31491,1.31444,1.31484,2246600036.6210938
2012-02-02 11:05:00,1.31483,1.31483,1.31451,1.31459,1710200042.7246094
2012-02-02 11:06:00,1.31459,1.3148,1.31449,1.31476,1797400054.9316406
2012-02-02 11:07:00,1.31476,1.31478,1.31435,1.31437,2434900054.9316406
2012-02-02 11:08:00,1.31437,1.31452,1.31409,1.31414,2265599975.5859375
2012-02-02 11:09:00,1.31415,1.31415,1.31363,1.3139,2636300048.828125
2012-02-02 11:10:00,1.31392,1.31405,1.31382,1.31387,1935500030.5175781
2012-02-02 11:11:00,1.31386,1.31386,1.31331,1.31332,2834100036.6210938
2012-02-02 11:12:00,1.31331,1.3134,1.31293,1.31305,2962999877.9296875
2012-02-02 11:13:00,1.31305,1.31339,1.31305,1.31321,2559799957.2753906
2012-02-02 11:14:00,1.31321,1.31334,1.31303,1.3133,1848899993.8964844
2012-02-02 11:15:00,1.31329,1.31329,1.31269,1.31291,3351600036.6210938
2012-02-02 11:16:00,1.31292,1.31332,1.31292,1.3132,2686000061.0351562
2012-02-02 11:17:00,1.31319,1.31333,1.31315,1.3132,2016199951.171875
2012-02-02 11:18:00,1.31321,1.31354,1.31319,1.31329,2752999877.9296875
2012-02-02 11:19:00,1.3133,1.31341,1.31327,1.31333,1594600067.1386719
2012-02-02 11:20:00,1.31337,1.31344,1.31314,1.31316,1879600067.1386719
2012-02-02 11:21:00,1.31315,1.31318,1.31275,1.31316,2430899963.3789062
2012-02-02 11:22:00,1.31316,1.31324,1.31294,1.31324,1760599975.5859375
2012-02-02 11:23:00,1.31327,1.3136,1.31327,1.31356,2162200012.2070312
2012-02-02 11:24:00,1.31356,1.3137,1.31342,1.3137,1954799957.2753906
2012-02-02 11:25:00,1.31371,1.31422,1.31371,1.31422,2938299865.7226562
2012-02-02 11:26:00,1.31423,1.31435,1.31388,1.31389,2893599853.515625
2012-02-02 11:27:00,1.31389,1.31446,1.31389,1.31437,2992600097.65625
2012-02-02 11:28:00,1.31435,1.3144,1.31408,1.31435,2291000061.0351562
2012-02-02 11:29:00,1.31435,1.31436,1.31391,1.31401,2207700042.7246094
2012-02-02 11:30:00,1.31401,1.31444,1.31401,1.31435,2732500000.0
2012-02-02 11:31:00,1.31435,1.31436,1.31405,1.31418,2418999938.9648438
2012-02-02 11:32:00,1.31419,1.31436,1.31405,1.31435,2553399963.3789062
2012-02-02 11:33:00,1.31436,1.31445,1.31425,1.31433,2177899932.861328
2012-02-02 11:34:00,1.31431,1.31431,1.31414,1.31416,1718500061.0351562
2012-02-02 11:35:00,1.31415,1.31421,1.31414,1.31416,1556399993.8964844
2012-02-02 11:36:00,1.31417,1.31439,1.31407,1.31439,2898900146.484375
2012-02-02 11:37:00,1.31439,1.31459,1.31438,1.31454,1756900024.4140625
2012-02-02 11:38:00,1.31454,1.31483,1.31454,1.31461,2715599975.5859375
2012-02-02 11:39:00,1.31461,1.31473,1.31447,1.31447,1466600036.6210938
2012-02-02 11:40:00,1.31446,1.31469,1.31432,1.31469,1741699981.6894531
2012-02-02 11:41:00,1.3147,1.31486,1.31443,1.31445,2319400024.4140625
2012-02-02 11:42:00,1.31445,1.3147,1.31443,1.31468,1129899978.6376953
2012-02-02 11:43:00,1.3147,1.31474,1.31453,1.31464,1909499969.4824219
2012-02-02 11:44:00,1.31466,1.31475,1.31466,1.31475,875599975.5859375
2012-02-02 11:45:00,1.31475,1.31476,1.31446,1.31447,1868000030.5175781
2012-02-02 11:46:00,1.31447,1.31469,1.31444,1.31469,1994799957.2753906
2012-02-02 11:47:00,1.31469,1.31477,1.31435,1.31435,2243899993.8964844
2012-02-02 11:48:00,1.31434,1.31434,1.31382,1.31405,2765000000.0
2012-02-02 11:49:00,1.31404,1.31404,1.31356,1.31369,1978999938.9648438
2012-02-02 11:50:00,1.3137,1.31375,1.31344,1.31364,2387599945.0683594
2012-02-02 11:51:00,1.31364,1.31364,1.31341,1.31353,2142299957.2753906
2012-02-02 11:52:00,1.31355,1.31369,1.31339,1.31346,2020399932.8613281
2012-02-02 11:53:00,1.31346,1.31404,1.31341,1.31403,2485500030.517578
2012-02-02 11:54:00,1.31405,1.31409,1.31381,1.3139,2269900054.9316406
2012-02-02 11:55:00,1.3139,1.31401,1.31364,1.31364,2756700134.2773438
2012-02-02 11:56:00,1.31363,1.31363,1.31327,1.31354,3250499877.9296875
2012-02-02 11:57:00,1.31354,1.31386,1.31344,1.31385,2031199951.171875
2012-02-02 11:58:00,1.31384,1.31391,1.31363,1.31377,1512700042.7246094
2012-02-02 11:59:00,1.31376,1.31383,1.31342,1.31347,2014499969.4824219
2012-02-02 12:00:00,1.31347,1.31349,1.31318,1.31318,2853099975.5859375
2012-02-02 12:01:00,1.31318,1.31318,1.31281,1.31306,3076900024.4140625
2012-02-02 12:02:00,1.31305,1.31305,1.31187,1.31188,3629899902.34375
2012-02-02 12:03:00,1.31187,1.31187,1.31055,1.31055,4586300048.828125
2012-02-02 12:04:00,1.31054,1.31074,1.31044,1.31044,3696400146.484375
2012-02-02 12:05:00,1.31043,1.31046,1.31007,1.3104,4119299926.7578125
2012-02-02 12:06:00,1.3104,1.31088,1.31036,1.31051,3786700134.2773438
2012-02-02 12:07:00,1.3105,1.31056,1.3101,1.31016,3779500122.0703125
2012-02-02 12:08:00,1.31016,1.3105,1.31013,1.31039,3322200012.2070312
2012-02-02 12:09:00,1.31039,1.31039,1.30965,1.30969,4415199890.136719
2012-02-02 12:10:00,1.3097,1.30988,1.30908,1.30937,4016700134.2773438
2012-02-02 12:11:00,1.30937,1.30982,1.30937,1.30977,3243200073.2421875
2012-02-02 12:12:00,1.30977,1.30997,1.30964,1.30992,3090100097.65625
2012-02-02 12:13:00,1.30992,1.31023,1.30988,1.31017,3008500061.0351562
2012-02-02 12:14:00,1.31017,1.31021,1.3099,1.31016,2498899993.8964844
2012-02-02 12:15:00,1.31015,1.31018,1.30935,1.30936,3293099975.5859375
2012-02-02 12:16:00,1.30935,1.30935,1.30879,1.30879,3835299987.7929688
2012-02-02 12:17:00,1.30879,1.30904,1.30864,1.30904,3381600036.6210938
2012-02-02 12:18:00,1.30905,1.30941,1.30905,1.3094,2268800048.828125
2012-02-02 12:19:00,1.30941,1.3099,1.30941,1.3098,2560899963.3789062
2012-02-02 12:20:00,1.3098,1.31007,1.30968,1.30999,2674899902.34375
2012-02-02 12:21:00,1.31,1.31001,1.30966,1.30967,2468899993.8964844
2012-02-02 12:22:00,1.30967,1.31021,1.30964,1.31021,2767200012.2070312
2012-02-02 12:23:00,1.31022,1.31055,1.31007,1.3105,2807300109.8632812
2012-02-02 12:24:00,1.3105,1.31071,1.31041,1.31048,2728099975.5859375
2012-02-02 12:25:00,1.31048,1.3105,1.31038,1.31044,2567799987.7929688
2012-02-02 12:26:00,1.31042,1.31044,1.31029,1.31039,1682400054.9316406
2012-02-02 12:27:00,1.31039,1.3109,1.31037,1.3109,2398699951.171875
2012-02-02 12:28:00,1.31091,1.31106,1.31057,1.31057,3042099914.5507812
2012-02-02 12:29:00,1.31057,1.31059,1.31023,1.31031,2504400024.4140625
2012-02-02 12:30:00,1.3103,1.31041,1.3095,1.3095,3185100097.65625
2012-02-02 12:31:00,1.30948,1.30971,1.30937,1.30937,2888800048.828125
2012-02-02 12:32:00,1.30937,1.30971,1.30908,1.30971,2815899963.3789062
2012-02-02 12:33:00,1.3097,1.30984,1.30951,1.30983,2223899993.8964844
2012-02-02 12:34:00,1.30985,1.3099,1.30952,1.30984,2484100036.6210938
2012-02-02 12:35:00,1.30984,1.30996,1.30975,1.30976,2387200012.2070312
2012-02-02 12:36:00,1.30976,1.3098,1.30932,1.3097,3254500122.0703125
2012-02-02 12:37:00,1.30969,1.30988,1.30958,1.30988,2194799957.2753906
2012-02-02 12:38:00,1.30991,1.31028,1.30991,1.31014,1940800018.3105469
2012-02-02 12:39:00,1.31014,1.31029,1.31001,1.31023,1676000061.0351562
2012-02-02 12:40:00,1.31023,1.31028,1.31,1.31012,1540299987.7929688
2012-02-02 12:41:00,1.31012,1.3102,1.31001,1.31008,1786900024.4140625
2012-02-02 12:42:00,1.31007,1.31014,1.30968,1.30968,2679800109.8632812
2012-02-02 12:43:00,1.30966,1.30974,1.30949,1.30974,2164700012.2070312
2012-02-02 12:44:00,1.30974,1.31008,1.30973,1.30994,2117899932.8613281
2012-02-02 12:45:00,1.30995,1.31006,1.3096,1.30974,2321600036.6210938
2012-02-02 12:46:00,1.30976,1.30981,1.3096,1.30969,2002100067.1386719
2012-02-02 12:47:00,1.3097,1.30998,1.3097,1.30997,2373899993.8964844
2012-02-02 12:48:00,1.30999,1.31011,1.30989,1.31011,2231699981.689453
2012-02-02 12:49:00,1.31011,1.31048,1.31009,1.31023,2770899963.3789062
2012-02-02 12:50:00,1.31023,1.31045,1.31007,1.31045,3104500122.0703125
2012-02-02 12:51:00,1.31045,1.31065,1.31045,1.31057,2375500030.517578
2012-02-02 12:52:00,1.31061,1.31063,1.31037,1.31059,2305599975.5859375
2012-02-02 12:53:00,1.31058,1.3108,1.31048,1.31049,2420800018.310547
2012-02-02 12:54:00,1.31048,1.31076,1.31048,1.31067,2386600036.6210938
2012-02-02 12:55:00,1.31067,1.31067,1.31029,1.31034,2303999938.9648438
2012-02-02 12:56:00,1.31035,1.31052,1.31026,1.31026,2137200012.2070312
2012-02-02 12:57:00,1.31026,1.31053,1.31019,1.31053,2315700073.2421875
2012-02-02 12:58:00,1.31054,1.31066,1.31047,1.31057,2359400024.4140625
2012-02-02 12:59:00,1.31058,1.31088,1.31057,1.31074,2980599975.5859375
2012-02-02 13:00:00,1.31073,1.31087,1.31064,1.31067,2502100067.138672
2012-02-02 13:01:00,1.31066,1.3107,1.30999,1.31005,3698699951.171875
2012-02-02 13:02:00,1.31004,1.31016,1.30996,1.31014,2549900054.9316406
2012-02-02 13:03:00,1.31018,1.31036,1.31006,1.31006,1590200042.7246094
2012-02-02 13:04:00,1.31004,1.31004,1.30937,1.30956,2730700073.2421875
2012-02-02 13:05:00,1.30956,1.30986,1.30956,1.30986,2412599945.0683594
2012-02-02 13:06:00,1.30987,1.30989,1.30923,1.30938,2731099853.515625
2012-02-02 13:07:00,1.30937,1.30961,1.30931,1.30957,2325000000.0
2012-02-02 13:08:00,1.30956,1.30982,1.3095,1.30979,2073699951.171875
2012-02-02 13:09:00,1.30979,1.30987,1.3097,1.3097,2527599945.0683594
2012-02-02 13:10:00,1.3097,1.30979,1.30948,1.30966,2697699890.1367188
2012-02-02 13:11:00,1.30967,1.30976,1.30949,1.30949,1831900024.4140625
2012-02-02 13:12:00,1.30949,1.30949,1.30919,1.3093,2110800018.3105469
2012-02-02 13:13:00,1.30928,1.3094,1.30917,1.30924,2135599975.5859375
2012-02-02 13:14:00,1.30923,1.30951,1.30912,1.30913,2570499877.9296875
2012-02-02 13:15:00,1.30915,1.30984,1.30914,1.30984,3378200073.2421875
2012-02-02 13:16:00,1.30983,1.31042,1.3098,1.31027,3782200012.2070312
2012-02-02 13:17:00,1.31027,1.3104,1.31024,1.3104,2228000030.517578
2012-02-02 13:18:00,1.31039,1.3104,1.31013,1.31016,2890400085.4492188
2012-02-02 13:19:00,1.31016,1.31044,1.31014,1.3103,2924599914.5507812
2012-02-02 13:20:00,1.31032,1.3107,1.31031,1.31069,2104799957.2753906
2012-02-02 13:21:00,1.31068,1.31073,1.31041,1.31044,2967799987.7929688
2012-02-02 13:22:00,1.31044,1.31078,1.31043,1.31071,2512100067.138672
2012-02-02 13:23:00,1.31071,1.31074,1.31035,1.31066,3136499938.9648438
2012-02-02 13:24:00,1.31066,1.31099,1.31066,1.31099,2496600036.6210938
2012-02-02 13:25:00,1.31099,1.31102,1.31069,1.31069,2981600036.6210938
2012-02-02 13:26:00,1.31067,1.31092,1.31061,1.31078,3407999877.9296875
2012-02-02 13:27:00,1.31076,1.31086,1.31066,1.3108,2649100036.6210938
2012-02-02 13:28:00,1.31081,1.31137,1.31081,1.3112,2916400146.484375
2012-02-02 13:29:00,1.31119,1.31119,1.31065,1.3107,3120599975.5859375
2012-02-02 13:30:00,1.31072,1.31169,1.31065,1.31169,3744800109.8632812
2012-02-02 13:31:00,1.31168,1.3117,1.31137,1.31137,2646099853.515625
2012-02-02 13:32:00,1.31134,1.3114,1.31109,1.31109,3376099853.515625
2012-02-02 13:33:00,1.31109,1.31152,1.31109,1.31137,2676400146.484375
2012-02-02 13:34:00,1.31136,1.31168,1.31129,1.31168,2442400054.9316406
2012-02-02 13:35:00,1.3117,1.31191,1.31166,1.31181,2589200134.2773438
2012-02-02 13:36:00,1.3118,1.3118,1.31153,1.31154,2546300048.828125
2012-02-02 13:37:00,1.31153,1.312,1.31149,1.31194,3088800048.828125
2012-02-02 13:38:00,1.31193,1.31198,1.3117,1.31197,2861300048.828125
2012-02-02 13:39:00,1.31202,1.31251,1.31197,1.31199,4649800109.863281
2012-02-02 13:40:00,1.31196,1.31231,1.31176,1.31219,3355599975.5859375
2012-02-02 13:41:00,1.31219,1.3122,1.31178,1.31187,2455599975.5859375
2012-02-02 13:42:00,1.31187,1.31206,1.31183,1.31193,2004900054.9316406
2012-02-02 13:43:00,1.31192,1.31209,1.31192,1.31205,2039799957.2753906
2012-02-02 13:44:00,1.31205,1.31237,1.31205,1.31222,2413500061.0351562
2012-02-02 13:45:00,1.31221,1.31235,1.31221,1.3123,1703500061.0351562
2012-02-02 13:46:00,1.3123,1.31236,1.31227,1.31232,2176999969.482422
2012-02-02 13:47:00,1.31235,1.31235,1.31165,1.31169,2773500061.0351562
2012-02-02 13:48:00,1.31169,1.31172,1.31137,1.31137,2383300018.310547
2012-02-02 13:49:00,1.31141,1.31141,1.31118,1.31123,2597099914.5507812
2012-02-02 13:50:00,1.31121,1.31142,1.31098,1.31114,3655299987.7929688
2012-02-02 13:51:00,1.31114,1.31121,1.31072,1.31075,2393399963.3789062
2012-02-02 13:52:00,1.31078,1.31114,1.31072,1.31114,2499700012.2070312
2012-02-02 13:53:00,1.31115,1.31172,1.31115,1.31147,2665499877.9296875
2012-02-02 13:54:00,1.31145,1.3118,1.31132,1.31172,2425200042.7246094
2012-02-02 13:55:00,1.31172,1.31178,1.31123,1.31129,3394299926.7578125
2012-02-02 13:56:00,1.31129,1.31139,1.31051,1.31066,3483699951.171875
2012-02-02 13:57:00,1.31066,1.31124,1.31066,1.3112,3296400146.484375
2012-02-02 13:58:00,1.3112,1.31128,1.31102,1.31112,2952900085.4492188
2012-02-02 13:59:00,1.31112,1.3115,1.31112,1.3115,2930499877.9296875
2012-02-02 14:00:00,1.31151,1.31164,1.31126,1.31126,2807399902.34375
2012-02-02 14:01:00,1.31126,1.31139,1.3112,1.31128,2398200073.2421875
2012-02-02 14:02:00,1.31131,1.31141,1.31127,1.31129,2346499938.9648438
2012-02-02 14:03:00,1.31129,1.31169,1.31129,1.31154,2400800018.310547
2012-02-02 14:04:00,1.31156,1.3116,1.31131,1.31136,1886799926.7578125
2012-02-02 14:05:00,1.31136,1.31138,1.31106,1.31106,2807900085.4492188
2012-02-02 14:06:00,1.31106,1.31114,1.31086,1.31114,2321199951.171875
2012-02-02 14:07:00,1.31114,1.31152,1.31111,1.31152,3402999877.9296875
2012-02-02 14:08:00,1.31153,1.31172,1.31148,1.31169,2878999938.9648438
2012-02-02 14:09:00,1.3117,1.31188,1.31146,1.31148,3102500000.0
2012-02-02 14:10:00,1.31147,1.3115,1.31126,1.3113,2298699951.171875
2012-02-02 14:11:00,1.31132,1.31185,1.3112,1.31185,3062900085.4492188
2012-02-02 14:12:00,1.31186,1.31221,1.31186,1.31219,2998999938.9648438
2012-02-02 14:13:00,1.31217,1.3123,1.31206,1.31214,2516600036.6210938
2012-02-02 14:14:00,1.31214,1.31229,1.31205,1.3121,3005799865.7226562
2012-02-02 14:15:00,1.31211,1.31211,1.31188,1.3119,2209100036.6210938
2012-02-02 14:16:00,1.31189,1.312,1.3118,1.31183,2059900054.9316406
2012-02-02 14:17:00,1.31183,1.31188,1.31156,1.31188,2489900054.9316406
2012-02-02 14:18:00,1.31188,1.31216,1.31179,1.31179,2613099975.5859375
2012-02-02 14:19:00,1.31177,1.31205,1.31158,1.31205,2574800109.8632812
2012-02-02 14:20:00,1.31206,1.31237,1.31204,1.31236,2383099975.5859375
2012-02-02 14:21:00,1.31236,1.31337,1.31236,1.31334,4671900024.4140625
2012-02-02 14:22:00,1.31334,1.31391,1.31334,1.31374,3377099914.5507812
2012-02-02 14:23:00,1.31376,1.3141,1.31361,1.31371,3153599853.515625
2012-02-02 14:24:00,1.31368,1.31388,1.31358,1.31363,2990700073.2421875
2012-02-02 14:25:00,1.31361,1.31374,1.3135,1.31367,2549100036.6210938
2012-02-02 14:26:00,1.31367,1.31391,1.31365,1.31387,2391399993.8964844
2012-02-02 14:27:00,1.31391,1.31418,1.31361,1.31361,3441600036.6210938
2012-02-02 14:28:00,1.31361,1.31381,1.3136,1.31363,2831700134.2773438
2012-02-02 14:29:00,1.31362,1.3137,1.3133,1.31369,3022099914.5507812
2012-02-02 14:30:00,1.3137,1.31413,1.3137,1.31376,3459500122.0703125
2012-02-02 14:31:00,1.31377,1.31377,1.31348,1.31353,3122600097.65625
2012-02-02 14:32:00,1.31354,1.31368,1.31332,1.31353,2508300018.310547
2012-02-02 14:33:00,1.31354,1.31379,1.31344,1.31376,2495000000.0
2012-02-02 14:34:00,1.31377,1.31411,1.31369,1.31391,2714200134.2773438
2012-02-02 14:35:00,1.31391,1.31408,1.31359,1.31368,3057600097.65625
2012-02-02 14:36:00,1.3137,1.31387,1.31368,1.31377,2899200134.2773438
2012-02-02 14:37:00,1.31377,1.31377,1.3135,1.3135,1797500000.0
2012-02-02 14:38:00,1.31348,1.31349,1.313,1.31307,2821300048.828125
2012-02-02 14:39:00,1.31309,1.31318,1.31288,1.31293,2511900024.4140625
2012-02-02 14:40:00,1.31295,1.31332,1.31286,1.31324,3127099914.5507812
2012-02-02 14:41:00,1.31324,1.31334,1.31285,1.31304,2363399963.3789062
2012-02-02 14:42:00,1.31304,1.31314,1.3129,1.31311,2818699951.171875
2012-02-02 14:43:00,1.31309,1.31316,1.31287,1.31305,2495599975.5859375
2012-02-02 14:44:00,1.31305,1.31323,1.31293,1.31323,2782099914.5507812
2012-02-02 14:45:00,1.31323,1.31335,1.31317,1.31317,2838699951.171875
2012-02-02 14:46:00,1.31313,1.3132,1.31286,1.31305,3207600097.65625
2012-02-02 14:47:00,1.31305,1.31319,1.31295,1.31298,2142599945.0683594
2012-02-02 14:48:00,1.313,1.3132,1.31286,1.31317,2152599945.0683594
2012-02-02 14:49:00,1.31318,1.31326,1.31306,1.31325,2563399963.3789062
2012-02-02 14:50:00,1.31325,1.31346,1.31315,1.31344,2359799957.2753906
2012-02-02 14:51:00,1.31342,1.31358,1.31314,1.31314,2808800048.828125
2012-02-02 14:52:00,1.31316,1.31344,1.31313,1.31336,2913900146.484375
2012-02-02 14:53:00,1.31335,1.31357,1.31334,1.31347,2545700073.2421875
2012-02-02 14:54:00,1.31347,1.31355,1.3133,1.31343,2088099975.5859375
2012-02-02 14:55:00,1.31343,1.31381,1.31342,1.31374,2673800048.828125
2012-02-02 14:56:00,1.31373,1.3138,1.31363,1.31364,2800400085.4492188
2012-02-02 14:57:00,1.31364,1.31405,1.31364,1.31405,2862300109.8632812
2012-02-02 14:58:00,1.31403,1.31459,1.31394,1.31451,4736099853.515625
2012-02-02 14:59:00,1.3145,1.31473,1.31423,1.31432,4173500061.0351562
2012-02-02 15:00:00,1.31431,1.31449,1.31428,1.31441,3968900146.484375
2012-02-02 15:01:00,1.3144,1.31448,1.31417,1.31417,3133599853.515625
2012-02-02 15:02:00,1.31416,1.31416,1.31369,1.31383,3226099853.515625
2012-02-02 15:03:00,1.31383,1.31457,1.31371,1.31448,3175799865.7226562
2012-02-02 15:04:00,1.31447,1.31447,1.31405,1.31405,2838099975.5859375
2012-02-02 15:05:00,1.31405,1.31412,1.31367,1.31412,3654899902.34375
2012-02-02 15:06:00,1.31413,1.31441,1.31393,1.314,4714299926.7578125
2012-02-02 15:07:00,1.314,1.31428,1.31386,1.31421,3243099975.5859375
2012-02-02 15:08:00,1.31419,1.3145,1.31407,1.3145,3396099853.515625
2012-02-02 15:09:00,1.31451,1.31482,1.31445,1.31474,3579299926.7578125
2012-02-02 15:10:00,1.31473,1.31473,1.31425,1.3143,3521900024.4140625
2012-02-02 15:11:00,1.3143,1.31452,1.31428,1.31436,2678500061.0351562
2012-02-02 15:12:00,1.31436,1.3147,1.3142,1.31427,3619599914.5507812
2012-02-02 15:13:00,1.31426,1.31446,1.31421,1.3143,2308500061.0351562
2012-02-02 15:14:00,1.3143,1.3143,1.31399,1.31411,3213099975.5859375
2012-02-02 15:15:00,1.31412,1.31443,1.31412,1.31427,3004700012.2070312
2012-02-02 15:16:00,1.31425,1.31433,1.31405,1.31405,2839500122.0703125
2012-02-02 15:17:00,1.31405,1.31438,1.31405,1.31437,2657999877.9296875
2012-02-02 15:18:00,1.31437,1.31443,1.31426,1.31429,3305899963.3789062
2012-02-02 15:19:00,1.31428,1.31434,1.31404,1.31404,2171999969.482422
2012-02-02 15:20:00,1.31404,1.31408,1.31383,1.31396,2942999877.9296875
2012-02-02 15:21:00,1.31398,1.31398,1.31367,1.3137,2451000061.0351562
2012-02-02 15:22:00,1.31368,1.31386,1.31365,1.31386,2338800048.828125
2012-02-02 15:23:00,1.31385,1.31419,1.31384,1.31416,2424799957.2753906
2012-02-02 15:24:00,1.31417,1.31447,1.31393,1.3141,2770299987.7929688
2012-02-02 15:25:00,1.31411,1.31424,1.31395,1.31421,2600000000.0
2012-02-02 15:26:00,1.31418,1.31423,1.3138,1.31385,2171799926.7578125
2012-02-02 15:27:00,1.31387,1.31395,1.31367,1.31376,3028099975.5859375
2012-02-02 15:28:00,1.31376,1.31376,1.31337,1.31348,3001799926.7578125
2012-02-02 15:29:00,1.31351,1.31351,1.31313,1.31316,3111300048.828125
2012-02-02 15:30:00,1.31316,1.31348,1.3131,1.31337,2388200073.2421875
2012-02-02 15:31:00,1.31337,1.31337,1.31314,1.3133,2314400024.4140625
2012-02-02 15:32:00,1.31329,1.31346,1.31318,1.31334,2575799865.7226562
2012-02-02 15:33:00,1.31335,1.3136,1.31333,1.31355,2825899963.3789062
2012-02-02 15:34:00,1.31356,1.31361,1.31337,1.31361,2576300048.828125
2012-02-02 15:35:00,1.31361,1.31366,1.31346,1.31355,1985700073.2421875
2012-02-02 15:36:00,1.31356,1.31366,1.31345,1.31366,2094799957.2753906
2012-02-02 15:37:00,1.31366,1.31418,1.31365,1.31415,3202999877.9296875
2012-02-02 15:38:00,1.31416,1.31453,1.31408,1.31446,3130199890.1367188
2012-02-02 15:39:00,1.31446,1.31448,1.31417,1.31426,3098699951.171875
2012-02-02 15:40:00,1.31425,1.3155,1.31425,1.31549,4665599975.5859375
2012-02-02 15:41:00,1.31551,1.31693,1.31548,1.31669,5457600097.65625
2012-02-02 15:42:00,1.31669,1.31674,1.31641,1.31644,3465199890.1367188
2012-02-02 15:43:00,1.31643,1.31709,1.31635,1.31685,4056099853.515625
2012-02-02 15:44:00,1.31684,1.31684,1.31635,1.31635,3405599975.5859375
2012-02-02 15:45:00,1.31634,1.31743,1.31631,1.3172,4635899963.378906
2012-02-02 15:46:00,1.31719,1.31779,1.31719,1.31773,4159800109.8632812
2012-02-02 15:47:00,1.31773,1.31781,1.31728,1.31738,3329200134.2773438
2012-02-02 15:48:00,1.31739,1.31802,1.31739,1.31782,4261600036.6210938
2012-02-02 15:49:00,1.31782,1.31799,1.31752,1.31792,4108200073.2421875
2012-02-02 15:50:00,1.31791,1.31824,1.31784,1.3181,4292500000.0
2012-02-02 15:51:00,1.31807,1.31807,1.31755,1.31767,3493399963.3789062
2012-02-02 15:52:00,1.31766,1.31766,1.31736,1.31741,3316400146.484375
2012-02-02 15:53:00,1.31741,1.3176,1.3172,1.31755,3303299865.7226562
2012-02-02 15:54:00,1.31758,1.31803,1.31758,1.31771,3758999938.9648438
2012-02-02 15:55:00,1.31771,1.31849,1.31769,1.31818,4543399963.378906
2012-02-02 15:56:00,1.31818,1.31818,1.31777,1.3178,3368800048.828125
2012-02-02 15:57:00,1.3178,1.31807,1.31755,1.31769,3222099914.5507812
2012-02-02 15:58:00,1.3177,1.31773,1.31753,1.3176,3865299987.7929688
2012-02-02 15:59:00,1.3176,1.31762,1.31707,1.31707,2922099914.5507812
2012-02-02 16:00:00,1.31703,1.31754,1.31702,1.31741,3074899902.34375
2012-02-02 16:01:00,1.31741,1.31755,1.31738,1.31754,2821600036.6210938
2012-02-02 16:02:00,1.31754,1.31773,1.31748,1.31755,3030000000.0
2012-02-02 16:03:00,1.31756,1.31776,1.31742,1.31744,2728099975.5859375
2012-02-02 16:04:00,1.31743,1.31774,1.31741,1.31763,3085899963.3789062
2012-02-02 16:05:00,1.31764,1.31806,1.31764,1.31795,3960899963.3789062
2012-02-02 16:06:00,1.31798,1.31823,1.31798,1.31808,3712300109.8632812
2012-02-02 16:07:00,1.31807,1.31822,1.31797,1.31822,3002699890.1367188
2012-02-02 16:08:00,1.31824,1.31841,1.31816,1.31841,2802600097.65625
2012-02-02 16:09:00,1.31837,1.31854,1.31789,1.3179,3378699951.171875
2012-02-02 16:10:00,1.3179,1.31792,1.31741,1.31741,3010000000.0
2012-02-02 16:11:00,1.31742,1.31742,1.31699,1.31701,3162699890.1367188
2012-02-02 16:12:00,1.31702,1.31716,1.3169,1.31715,2708699951.171875
2012-02-02 16:13:00,1.31715,1.31718,1.31705,1.31714,2379600067.138672
2012-02-02 16:14:00,1.31713,1.31726,1.31708,1.31717,2119799957.2753906
2012-02-02 16:15:00,1.31718,1.31724,1.31667,1.31671,4580000000.0
2012-02-02 16:16:00,1.31672,1.31684,1.31646,1.3166,4042500000.0
2012-02-02 16:17:00,1.31659,1.3169,1.31645,1.31649,2242799987.7929688
2012-02-02 16:18:00,1.31649,1.31707,1.31649,1.31692,2859500122.0703125
2012-02-02 16:19:00,1.31692,1.31696,1.3167,1.31687,2684400024.4140625
2012-02-02 16:20:00,1.31685,1.31707,1.31685,1.31688,2181699981.689453
2012-02-02 16:21:00,1.31688,1.31688,1.31651,1.31665,3265599975.5859375
2012-02-02 16:22:00,1.31665,1.31683,1.31659,1.31683,2471000061.0351562
2012-02-02 16:23:00,1.31685,1.31719,1.31675,1.31675,2972099914.5507812
2012-02-02 16:24:00,1.31677,1.31678,1.31661,1.31661,2468000030.517578
2012-02-02 16:25:00,1.3166,1.31666,1.31647,1.31656,2002400054.9316406
2012-02-02 16:26:00,1.31656,1.31678,1.31647,1.3167,2358300018.310547
2012-02-02 16:27:00,1.31671,1.31735,1.31671,1.3173,3066600036.6210938
2012-02-02 16:28:00,1.31729,1.31738,1.31719,1.31719,3099599914.5507812
2012-02-02 16:29:00,1.31719,1.31719,1.31705,1.31706,2122500000.0
2012-02-02 16:30:00,1.31705,1.3172,1.31694,1.3172,2382599945.0683594
2012-02-02 16:31:00,1.31719,1.31721,1.31687,1.31687,1788600006.1035156
2012-02-02 16:32:00,1.31688,1.31688,1.31662,1.31662,1588099975.5859375
2012-02-02 16:33:00,1.31662,1.31666,1.3165,1.31655,2135399932.8613281
2012-02-02 16:34:00,1.31655,1.31666,1.31631,1.31637,2580299987.7929688
2012-02-02 16:35:00,1.31637,1.31647,1.31603,1.31619,2554299926.7578125
2012-02-02 16:36:00,1.31619,1.31636,1.31611,1.31612,2633399963.3789062
2012-02-02 16:37:00,1.31611,1.31611,1.31563,1.31597,3091099853.515625
2012-02-02 16:38:00,1.31598,1.31616,1.31597,1.31606,1972100067.1386719
2012-02-02 16:39:00,1.31608,1.31611,1.31598,1.31611,1926600036.6210938
2012-02-02 16:40:00,1.31611,1.31612,1.31594,1.31604,2376399993.8964844
2012-02-02 16:41:00,1.31605,1.31605,1.31568,1.31572,2305700073.2421875
2012-02-02 16:42:00,1.31572,1.31582,1.31566,1.31582,2312700042.7246094
2012-02-02 16:43:00,1.31582,1.31588,1.31569,1.31577,1746499938.9648438
2012-02-02 16:44:00,1.31577,1.31583,1.31576,1.31576,2074600067.1386719
2012-02-02 16:45:00,1.31578,1.31579,1.31551,1.31566,2426600036.6210938
2012-02-02 16:46:00,1.31569,1.31576,1.31554,1.31554,2580199890.1367188
2012-02-02 16:47:00,1.31553,1.31558,1.31544,1.31556,1890700073.2421875
2012-02-02 16:48:00,1.31555,1.31568,1.31552,1.31559,1764299926.7578125
2012-02-02 16:49:00,1.3156,1.3156,1.31544,1.31556,1401499938.9648438
2012-02-02 16:50:00,1.31555,1.31578,1.31549,1.31578,2619200134.2773438
2012-02-02 16:51:00,1.31577,1.31608,1.31577,1.31606,2068099975.5859375
2012-02-02 16:52:00,1.31606,1.3165,1.31606,1.31633,2675700073.2421875
2012-02-02 16:53:00,1.31636,1.31644,1.31627,1.3164,2235399932.861328
2012-02-02 16:54:00,1.3164,1.3164,1.31597,1.31604,1726600036.6210938
2012-02-02 16:55:00,1.31603,1.31617,1.31593,1.31593,2343200073.2421875
2012-02-02 16:56:00,1.31593,1.31609,1.31591,1.31597,1653800048.828125
2012-02-02 16:57:00,1.31595,1.31603,1.31572,1.31584,1591000061.0351562
2012-02-02 16:58:00,1.31585,1.31618,1.31585,1.31618,1605899963.3789062
2012-02-02 16:59:00,1.31614,1.31668,1.31606,1.31659,2869500122.0703125
2012-02-02 17:00:00,1.31658,1.31697,1.31654,1.31678,2665599975.5859375
2012-02-02 17:01:00,1.31678,1.31678,1.31614,1.3162,2138699951.171875
2012-02-02 17:02:00,1.31615,1.31629,1.31611,1.31617,2198600006.1035156
2012-02-02 17:03:00,1.31618,1.31633,1.31616,1.31628,1270100021.3623047
2012-02-02 17:04:00,1.31628,1.31628,1.31606,1.31613,2139299926.7578125
2012-02-02 17:05:00,1.31615,1.31624,1.31608,1.3161,1811199951.171875
2012-02-02 17:06:00,1.31611,1.31611,1.31579,1.31591,2796900024.4140625
2012-02-02 17:07:00,1.31591,1.31609,1.31589,1.31598,2140500030.5175781
2012-02-02 17:08:00,1.31601,1.31618,1.31598,1.31615,1720099945.0683594
2012-02-02 17:09:00,1.31614,1.31624,1.31612,1.31622,1808999938.9648438
2012-02-02 17:10:00,1.31622,1.31622,1.31597,1.31597,2123000030.5175781
2012-02-02 17:11:00,1.31597,1.316,1.31586,1.31596,2633099975.5859375
2012-02-02 17:12:00,1.31596,1.31607,1.3159,1.31593,2140599975.5859375
2012-02-02 17:13:00,1.31598,1.31603,1.31576,1.31585,2118399963.3789062
2012-02-02 17:14:00,1.31585,1.31585,1.31548,1.31549,2473000030.517578
2012-02-02 17:15:00,1.31547,1.31552,1.31537,1.31547,1771699981.6894531
2012-02-02 17:16:00,1.31547,1.31555,1.31538,1.3155,2706799926.7578125
2012-02-02 17:17:00,1.31549,1.31553,1.31532,1.31538,2082299957.2753906
2012-02-02 17:18:00,1.31538,1.31555,1.31538,1.31547,2998900146.484375
2012-02-02 17:19:00,1.31544,1.31556,1.31537,1.31553,1896300048.828125
2012-02-02 17:20:00,1.31556,1.31563,1.31534,1.31536,1667599945.0683594
2012-02-02 17:21:00,1.31535,1.31539,1.31525,1.31534,1974499969.4824219
2012-02-02 17:22:00,1.31534,1.31549,1.31513,1.31513,2379700012.2070312
2012-02-02 17:23:00,1.31513,1.31528,1.31497,1.31528,2407799987.7929688
2012-02-02 17:24:00,1.3153,1.31562,1.31521,1.31561,2976799926.7578125
2012-02-02 17:25:00,1.31562,1.31567,1.31556,1.31564,1942200012.2070312
2012-02-02 17:26:00,1.31564,1.31584,1.31564,1.31581,1962500000.0
2012-02-02 17:27:00,1.31585,1.316,1.31581,1.31582,2112400054.9316406
2012-02-02 17:28:00,1.31583,1.31585,1.31573,1.31577,804400024.4140625
2012-02-02 17:29:00,1.31574,1.31578,1.31555,1.31576,1661900024.4140625
2012-02-02 17:30:00,1.31576,1.31581,1.31542,1.31545,2737200012.2070312
2012-02-02 17:31:00,1.31545,1.31547,1.31524,1.31524,1858699951.171875
2012-02-02 17:32:00,1.31524,1.31524,1.31469,1.31474,2673200073.2421875
2012-02-02 17:33:00,1.3147,1.3148,1.31458,1.31464,2591099853.515625
2012-02-02 17:34:00,1.31465,1.31484,1.31462,1.31478,1338699951.171875
2012-02-02 17:35:00,1.31478,1.31497,1.31452,1.31452,2334100036.6210938
2012-02-02 17:36:00,1.31451,1.31451,1.314,1.31403,2373300018.310547
2012-02-02 17:37:00,1.31404,1.31405,1.31387,1.31387,2271399993.8964844
2012-02-02 17:38:00,1.31387,1.31406,1.31387,1.31397,1995099945.0683594
2012-02-02 17:39:00,1.31394,1.31414,1.31394,1.31409,1693300018.3105469
2012-02-02 17:40:00,1.31409,1.3141,1.31364,1.31374,2224900054.9316406
2012-02-02 17:41:00,1.31374,1.31386,1.31365,1.31383,1762100067.1386719
2012-02-02 17:42:00,1.31383,1.31399,1.31382,1.31392,2234199981.689453
2012-02-02 17:43:00,1.3139,1.31395,1.31377,1.31395,1496300048.828125
2012-02-02 17:44:00,1.31395,1.31403,1.31381,1.314,1989799957.2753906
2012-02-02 17:45:00,1.31399,1.31439,1.31399,1.31427,2038600006.1035156
2012-02-02 17:46:00,1.31427,1.31439,1.31426,1.31435,1240500030.5175781
2012-02-02 17:47:00,1.31435,1.31438,1.31428,1.31431,1426699981.6894531
2012-02-02 17:48:00,1.31432,1.31437,1.31428,1.31437,1642700042.7246094
2012-02-02 17:49:00,1.31437,1.31438,1.31419,1.31422,1286600036.6210938
2012-02-02 17:50:00,1.31421,1.31422,1.31397,1.31407,1367700042.7246094
2012-02-02 17:51:00,1.31405,1.31416,1.314,1.31414,1509100036.6210938
2012-02-02 17:52:00,1.31415,1.31443,1.31415,1.31438,2200500030.517578
2012-02-02 17:53:00,1.31437,1.31447,1.31434,1.31434,1421900024.4140625
2012-02-02 17:54:00,1.31435,1.31436,1.31431,1.31434,796399993.8964844
2012-02-02 17:55:00,1.31434,1.31435,1.31415,1.31435,1498099975.5859375
2012-02-02 17:56:00,1.31434,1.3146,1.31434,1.31437,1408099975.5859375
2012-02-02 17:57:00,1.3144,1.31469,1.31438,1.31467,1934600067.1386719
2012-02-02 17:58:00,1.31467,1.3149,1.31466,1.31476,1419700012.2070312
2012-02-02 17:59:00,1.31476,1.31507,1.31476,1.31507,2264600067.138672
2012-02-02 18:00:00,1.31507,1.3152,1.31502,1.31509,2492400054.9316406
2012-02-02 18:01:00,1.31507,1.31509,1.31481,1.31481,2205399932.861328
2012-02-02 18:02:00,1.31481,1.31489,1.31475,1.31477,2037799987.7929688
2012-02-02 18:03:00,1.31477,1.31489,1.31477,1.31477,1627299957.2753906
2012-02-02 18:04:00,1.31477,1.31478,1.31439,1.31439,1529900054.9316406
2012-02-02 18:05:00,1.31439,1.31439,1.31418,1.31419,1974799957.2753906
2012-02-02 18:06:00,1.31418,1.31438,1.31418,1.31434,2142799987.7929688
2012-02-02 18:07:00,1.31432,1.31438,1.31432,1.31434,710800018.3105469
2012-02-02 18:08:00,1.31434,1.31435,1.31424,1.31429,1253399963.3789062
2012-02-02 18:09:00,1.31428,1.31436,1.31426,1.31435,1328999938.9648438
2012-02-02 18:10:00,1.31433,1.3144,1.31431,1.31436,1558200073.2421875
2012-02-02 18:11:00,1.31437,1.31456,1.31435,1.31456,1528099975.5859375
2012-02-02 18:12:00,1.31456,1.31478,1.31455,1.31477,1721300048.828125
2012-02-02 18:13:00,1.31475,1.31475,1.31459,1.31465,1332599945.0683594
2012-02-02 18:14:00,1.31465,1.31468,1.31455,1.31455,1654499969.4824219
2012-02-02 18:15:00,1.31455,1.31456,1.31435,1.31446,1250800018.3105469
2012-02-02 18:16:00,1.31447,1.31459,1.31447,1.31457,768899993.8964844
2012-02-02 18:17:00,1.31459,1.31489,1.31457,1.31489,1248600006.1035156
2012-02-02 18:18:00,1.31491,1.31498,1.31485,1.31485,1802500000.0
2012-02-02 18:19:00,1.31485,1.31485,1.3148,1.31484,1408500061.0351562
2012-02-02 18:20:00,1.31485,1.31486,1.3148,1.31482,822200012.2070312
2012-02-02 18:21:00,1.31482,1.31485,1.31465,1.31465,1651300048.828125
2012-02-02 18:22:00,1.31464,1.31465,1.31425,1.31425,2427500000.0
2012-02-02 18:23:00,1.31425,1.31435,1.31422,1.31423,1201999969.4824219
2012-02-02 18:24:00,1.31423,1.31437,1.31422,1.31436,1421600036.6210938
2012-02-02 18:25:00,1.31436,1.31437,1.31423,1.31425,1776999969.4824219
2012-02-02 18:26:00,1.31425,1.31444,1.31425,1.31436,1269199981.6894531
2012-02-02 18:27:00,1.31436,1.31436,1.31426,1.31431,943000030.5175781
2012-02-02 18:28:00,1.31429,1.31429,1.31421,1.31426,2147599945.0683594
2012-02-02 18:29:00,1.31426,1.31426,1.31423,1.31423,980199966.4306641
2012-02-02 18:30:00,1.31423,1.31423,1.31412,1.31412,1067099990.8447266
2012-02-02 18:31:00,1.31413,1.31428,1.31413,1.31427,1545299987.7929688
2012-02-02 18:32:00,1.31429,1.31449,1.31429,1.31442,1845099945.0683594
2012-02-02 18:33:00,1.31442,1.31458,1.31442,1.31455,1060400009.1552734
2012-02-02 18:34:00,1.31455,1.31455,1.31445,1.31449,1082799987.7929688
2012-02-02 18:35:00,1.3145,1.31458,1.31444,1.31444,1135800018.3105469
2012-02-02 18:36:00,1.31442,1.31456,1.3144,1.31452,1198000030.5175781
2012-02-02 18:37:00,1.31452,1.31473,1.31452,1.31464,1659100036.6210938
2012-02-02 18:38:00,1.31465,1.3147,1.31459,1.31468,1287299957.2753906
2012-02-02 18:39:00,1.31468,1.31469,1.31468,1.31468,554900016.784668
2012-02-02 18:40:00,1.31468,1.31474,1.31446,1.31446,1209800033.569336
2012-02-02 18:41:00,1.3145,1.31457,1.31446,1.31457,1578800048.828125
2012-02-02 18:42:00,1.31456,1.31456,1.31439,1.31443,1671199951.171875
2012-02-02 18:43:00,1.31443,1.31443,1.31435,1.31438,1744799957.2753906
2012-02-02 18:44:00,1.31438,1.31439,1.31434,1.31437,1275899963.3789062
2012-02-02 18:45:00,1.31437,1.31471,1.31435,1.31471,1497400054.9316406
2012-02-02 18:46:00,1.31471,1.31489,1.31471,1.31488,1685399932.8613281
2012-02-02 18:47:00,1.31488,1.31488,1.31479,1.31487,1108099975.5859375
2012-02-02 18:48:00,1.31487,1.31522,1.31487,1.31518,1746900024.4140625
2012-02-02 18:49:00,1.31518,1.31521,1.31516,1.31521,1385000000.0
2012-02-02 18:50:00,1.31523,1.31537,1.31519,1.31519,1958300018.3105469
2012-02-02 18:51:00,1.3152,1.31529,1.31517,1.31521,1377599945.0683594
2012-02-02 18:52:00,1.31521,1.31521,1.31514,1.31516,1761300048.828125
2012-02-02 18:53:00,1.31516,1.3152,1.31505,1.31507,1353300018.3105469
2012-02-02 18:54:00,1.31508,1.31509,1.31496,1.315,1339199981.6894531
2012-02-02 18:55:00,1.31499,1.31499,1.31482,1.31492,1113000030.5175781
2012-02-02 18:56:00,1.31492,1.31492,1.31483,1.31486,1621999969.4824219
2012-02-02 18:57:00,1.31486,1.3151,1.31485,1.31506,1962500000.0
2012-02-02 18:58:00,1.31505,1.31506,1.31483,1.31494,1383699951.171875
2012-02-02 18:59:00,1.31493,1.31493,1.31468,1.31471,3724599914.5507812
2012-02-02 19:00:00,1.31471,1.31485,1.31469,1.31477,2289900054.9316406
2012-02-02 19:01:00,1.31477,1.31478,1.31477,1.31477,1063399963.3789062
2012-02-02 19:02:00,1.31477,1.31486,1.31455,1.31456,1983300018.3105469
2012-02-02 19:03:00,1.31455,1.31455,1.31445,1.31449,998700027.4658203
2012-02-02 19:04:00,1.31449,1.31457,1.31449,1.31457,1868099975.5859375
2012-02-02 19:05:00,1.31457,1.31462,1.31453,1.31462,1344400024.4140625
2012-02-02 19:06:00,1.31462,1.31463,1.31456,1.31456,811500015.2587891
2012-02-02 19:07:00,1.31456,1.31463,1.31456,1.3146,1232300033.569336
2012-02-02 19:08:00,1.3146,1.31465,1.31456,1.31456,1268499984.741211
2012-02-02 19:09:00,1.31456,1.31472,1.31456,1.31472,1169400024.4140625
2012-02-02 19:10:00,1.31472,1.31472,1.31464,1.31465,1064499969.4824219
2012-02-02 19:11:00,1.31465,1.31479,1.31456,1.31479,1538399963.3789062
2012-02-02 19:12:00,1.31477,1.31479,1.31469,1.31477,916900024.4140625
2012-02-02 19:13:00,1.31477,1.3149,1.31477,1.31489,1683000030.5175781
2012-02-02 19:14:00,1.31489,1.31497,1.3148,1.31485,1528899993.8964844
2012-02-02 19:15:00,1.31485,1.31486,1.31459,1.31462,2495099945.0683594
2012-02-02 19:16:00,1.3146,1.31472,1.31456,1.31458,2222700042.7246094
2012-02-02 19:17:00,1.31458,1.31473,1.31452,1.31456,1859799957.2753906
2012-02-02 19:18:00,1.31456,1.31463,1.31453,1.3146,1600000000.0
2012-02-02 19:19:00,1.31462,1.31462,1.31458,1.31458,1139300003.0517578
2012-02-02 19:20:00,1.31458,1.31459,1.31449,1.31455,1981600036.6210938
2012-02-02 19:21:00,1.31453,1.31471,1.3145,1.31469,1679400024.4140625
2012-02-02 19:22:00,1.31469,1.31488,1.31469,1.31484,1584400024.4140625
2012-02-02 19:23:00,1.31484,1.31491,1.31482,1.31484,1081200027.4658203
2012-02-02 19:24:00,1.31483,1.31496,1.31477,1.31491,1520700073.2421875
2012-02-02 19:25:00,1.31492,1.31498,1.31479,1.31492,1307799987.7929688
2012-02-02 19:26:00,1.31491,1.31492,1.3147,1.31478,1275699996.9482422
2012-02-02 19:27:00,1.31478,1.31485,1.31477,1.31482,1140000000.0
2012-02-02 19:28:00,1.31482,1.31504,1.31482,1.31503,1439199981.6894531
2012-02-02 19:29:00,1.31502,1.31502,1.31486,1.31488,1579600067.1386719
2012-02-02 19:30:00,1.31488,1.31488,1.31476,1.31477,1236800003.0517578
2012-02-02 19:31:00,1.31476,1.31487,1.31469,1.31473,1512200012.2070312
2012-02-02 19:32:00,1.31472,1.31474,1.31457,1.31462,1049199981.6894531
2012-02-02 19:33:00,1.31461,1.31463,1.31456,1.31457,1236399993.8964844
2012-02-02 19:34:00,1.31457,1.31472,1.31451,1.31471,1306300048.828125
2012-02-02 19:35:00,1.31471,1.31476,1.31466,1.31467,902500000.0
2012-02-02 19:36:00,1.31466,1.3148,1.31466,1.3148,726100006.1035156
2012-02-02 19:37:00,1.3148,1.31482,1.31466,1.31468,1552599945.0683594
2012-02-02 19:38:00,1.31469,1.31483,1.31467,1.31477,1395500030.5175781
2012-02-02 19:39:00,1.31478,1.31486,1.31471,1.31486,848300018.3105469
2012-02-02 19:40:00,1.31483,1.31483,1.31474,1.31475,1141900024.4140625
2012-02-02 19:41:00,1.31473,1.31476,1.31454,1.31456,842900009.1552734
2012-02-02 19:42:00,1.31454,1.3146,1.31454,1.31459,1013000030.5175781
2012-02-02 19:43:00,1.31459,1.31459,1.31423,1.31426,1631600036.6210938
2012-02-02 19:44:00,1.31422,1.31441,1.31422,1.31437,1227699966.430664
2012-02-02 19:45:00,1.31439,1.3146,1.31438,1.31456,1182099990.8447266
2012-02-02 19:46:00,1.31456,1.31463,1.31446,1.31449,1094499969.4824219
2012-02-02 19:47:00,1.31449,1.31449,1.31435,1.31435,1053000030.5175781
2012-02-02 19:48:00,1.31435,1.31435,1.31398,1.3141,2281799926.7578125
2012-02-02 19:49:00,1.31414,1.31437,1.31413,1.31425,1636600036.6210938
2012-02-02 19:50:00,1.31424,1.31424,1.31374,1.3138,2858999938.9648438
2012-02-02 19:51:00,1.31382,1.31407,1.31378,1.31401,1827500000.0
2012-02-02 19:52:00,1.31401,1.31401,1.31379,1.31379,2018000030.5175781
2012-02-02 19:53:00,1.31378,1.31379,1.31357,1.31379,1802400054.9316406
2012-02-02 19:54:00,1.3138,1.31392,1.31371,1.31392,1964100036.6210938
2012-02-02 19:55:00,1.31391,1.31408,1.31386,1.31404,1687700042.7246094
2012-02-02 19:56:00,1.31404,1.31411,1.31393,1.31409,1946399993.8964844
2012-02-02 19:57:00,1.31408,1.31416,1.31408,1.31409,1161699981.6894531
2012-02-02 19:58:00,1.31408,1.3141,1.31397,1.31409,1453800048.828125
2012-02-02 19:59:00,1.31408,1.31424,1.31402,1.3141,2257299957.2753906
2012-02-02 20:00:00,1.31412,1.31418,1.31404,1.31404,2588800048.828125
2012-02-02 20:01:00,1.31404,1.31407,1.314,1.31406,1806699981.6894531
2012-02-02 20:02:00,1.31406,1.31408,1.31403,1.31406,1485700073.2421875
2012-02-02 20:03:00,1.31406,1.31414,1.31404,1.3141,2234700012.2070312
2012-02-02 20:04:00,1.3141,1.31426,1.3141,1.3142,3622699890.1367188
2012-02-02 20:05:00,1.3142,1.31466,1.3142,1.31466,2600700073.2421875
2012-02-02 20:06:00,1.31469,1.31478,1.3144,1.3144,2477599945.0683594
2012-02-02 20:07:00,1.31439,1.31439,1.31432,1.31436,1460399932.8613281
2012-02-02 20:08:00,1.31435,1.31435,1.31432,1.31432,332500000.0
2012-02-02 20:09:00,1.31432,1.31432,1.31418,1.31418,1710299987.7929688
2012-02-02 20:10:00,1.31418,1.31423,1.31407,1.3142,1780599975.5859375
2012-02-02 20:11:00,1.3142,1.31422,1.31418,1.31418,907799987.7929688
2012-02-02 20:12:00,1.3142,1.31437,1.3142,1.31437,567099990.8447266
2012-02-02 20:13:00,1.31437,1.31448,1.31435,1.31436,1325700073.2421875
2012-02-02 20:14:00,1.31437,1.31449,1.31435,1.31448,952099990.8447266
2012-02-02 20:15:00,1.31449,1.31456,1.31436,1.31437,1236399993.8964844
2012-02-02 20:16:00,1.31435,1.31435,1.31406,1.31406,1158300018.3105469
2012-02-02 20:17:00,1.31405,1.31409,1.31399,1.31399,1075800018.3105469
2012-02-02 20:18:00,1.31399,1.31411,1.31399,1.31408,1377100067.1386719
2012-02-02 20:19:00,1.31408,1.31408,1.314,1.31402,226399993.89648438
2012-02-02 20:20:00,1.31402,1.31402,1.31388,1.31399,1347299957.2753906
2012-02-02 20:21:00,1.31399,1.31404,1.31394,1.31396,1113399963.3789062
2012-02-02 20:22:00,1.31397,1.314,1.31392,1.31393,1679400024.4140625
2012-02-02 20:23:00,1.31394,1.31409,1.31394,1.31394,1908099975.5859375
2012-02-02 20:24:00,1.31394,1.31409,1.31392,1.31403,1053499984.7412109
2012-02-02 20:25:00,1.314,1.31416,1.314,1.31408,1721300048.828125
2012-02-02 20:26:00,1.31409,1.3142,1.31408,1.31418,1456900024.4140625
2012-02-02 20:27:00,1.31416,1.31424,1.31415,1.31424,739599990.8447266
2012-02-02 20:28:00,1.31426,1.31436,1.31422,1.31427,1404100036.6210938
2012-02-02 20:29:00,1.31427,1.31436,1.31425,1.31425,2027899932.8613281
2012-02-02 20:30:00,1.31426,1.31429,1.31415,1.31417,1609600067.1386719
2012-02-02 20:31:00,1.31415,1.3142,1.31413,1.31416,1995299987.7929688
2012-02-02 20:32:00,1.31416,1.31427,1.31412,1.31412,1196500015.258789
2012-02-02 20:33:00,1.31415,1.31416,1.31407,1.3141,1206600036.6210938
2012-02-02 20:34:00,1.3141,1.31425,1.3141,1.31425,1490800018.3105469
2012-02-02 20:35:00,1.31425,1.31448,1.31425,1.31447,1382500000.0
2012-02-02 20:36:00,1.31447,1.31469,1.31447,1.31468,1526799926.7578125
2012-02-02 20:37:00,1.31468,1.31481,1.31468,1.31473,2577000122.0703125
2012-02-02 20:38:00,1.31473,1.31474,1.31466,1.31467,1716900024.4140625
2012-02-02 20:39:00,1.31467,1.31477,1.31465,1.31471,1901399993.8964844
2012-02-02 20:40:00,1.31471,1.31496,1.31467,1.31491,1641699981.6894531
2012-02-02 20:41:00,1.31492,1.31492,1.31479,1.31481,1599799957.2753906
2012-02-02 20:42:00,1.31478,1.31488,1.31478,1.31486,1374199981.6894531
2012-02-02 20:43:00,1.31486,1.31498,1.31484,1.31487,1501499938.9648438
2012-02-02 20:44:00,1.31487,1.31487,1.31475,1.31475,1307200012.2070312
2012-02-02 20:45:00,1.31475,1.31475,1.31443,1.31446,2275000000.0
2012-02-02 20:46:00,1.31446,1.31479,1.31441,1.31476,1771000061.0351562
2012-02-02 20:47:00,1.31477,1.31488,1.31475,1.31479,1607899932.8613281
2012-02-02 20:48:00,1.31479,1.31479,1.31457,1.31458,1257399978.6376953
2012-02-02 20:49:00,1.31458,1.31458,1.31442,1.31447,1487599945.0683594
2012-02-02 20:50:00,1.31447,1.31464,1.31438,1.3146,1328099975.5859375
2012-02-02 20:51:00,1.3146,1.3146,1.3145,1.3145,739400024.4140625
2012-02-02 20:52:00,1.3145,1.3145,1.31449,1.3145,306200008.392334
2012-02-02 20:53:00,1.3145,1.3145,1.31433,1.31433,1581000061.0351562
2012-02-02 20:54:00,1.31433,1.31442,1.31432,1.31438,1087500000.0
2012-02-02 20:55:00,1.31438,1.31439,1.31435,1.31435,1472700042.7246094
2012-02-02 20:56:00,1.31436,1.31448,1.31435,1.31441,1908300018.3105469
2012-02-02 20:57:00,1.31441,1.31448,1.31439,1.31445,1499199981.6894531
2012-02-02 20:58:00,1.31446,1.31459,1.31445,1.31458,1525000000.0
2012-02-02 20:59:00,1.31459,1.31459,1.31443,1.31445,972500000.0
2012-02-02 21:00:00,1.31448,1.31462,1.31446,1.31456,766200027.4658203
2012-02-02 21:01:00,1.31456,1.31476,1.31456,1.31475,877600021.3623047
2012-02-02 21:02:00,1.31476,1.31486,1.31475,1.31475,818700027.4658203
2012-02-02 21:03:00,1.31475,1.31475,1.31462,1.31462,1081200027.4658203
2012-02-02 21:04:00,1.31462,1.31464,1.31455,1.31455,482000007.62939453
2012-02-02 21:05:00,1.31455,1.3146,1.31455,1.31458,832799987.7929688
2012-02-02 21:06:00,1.31459,1.31459,1.31455,1.31456,861299972.5341797
2012-02-02 21:07:00,1.31456,1.31457,1.31451,1.31456,960599975.5859375
2012-02-02 21:08:00,1.31456,1.31459,1.31456,1.31458,302700004.5776367
2012-02-02 21:09:00,1.31458,1.31458,1.31432,1.31434,1396000061.0351562
2012-02-02 21:10:00,1.31432,1.31437,1.31431,1.31431,269099998.4741211
2012-02-02 21:11:00,1.3143,1.3143,1.31421,1.31421,614399986.2670898
2012-02-02 21:12:00,1.3142,1.31426,1.3142,1.3142,336500015.25878906
2012-02-02 21:13:00,1.31421,1.3143,1.31421,1.31428,662099990.8447266
2012-02-02 21:14:00,1.31425,1.3143,1.31423,1.31428,515600013.73291016
2012-02-02 21:15:00,1.31428,1.31437,1.31428,1.31437,1062900009.1552734
2012-02-02 21:16:00,1.31439,1.31463,1.31437,1.31461,709400024.4140625
2012-02-02 21:17:00,1.31462,1.31462,1.3146,1.31461,885899963.3789062
2012-02-02 21:18:00,1.31461,1.31466,1.31457,1.31466,421100006.1035156
2012-02-02 21:19:00,1.31466,1.31481,1.31463,1.31477,1272300033.569336
2012-02-02 21:20:00,1.31478,1.31478,1.31472,1.31474,637900009.1552734
2012-02-02 21:21:00,1.31473,1.31474,1.31465,1.3147,803799972.5341797
2012-02-02 21:22:00,1.3147,1.31473,1.31468,1.31468,669499969.4824219
2012-02-02 21:23:00,1.31468,1.31477,1.31466,1.31477,762099990.8447266
2012-02-02 21:24:00,1.31476,1.3148,1.31472,1.31476,537200012.2070312
2012-02-02 21:25:00,1.31475,1.31476,1.31474,1.31475,435900001.5258789
2012-02-02 21:26:00,1.31475,1.3148,1.31475,1.31476,500000000.0
2012-02-02 21:27:00,1.31476,1.31477,1.31476,1.31477,180900001.5258789
2012-02-02 21:28:00,1.31479,1.31479,1.31475,1.31475,301800003.0517578
2012-02-02 21:29:00,1.31475,1.31477,1.31465,1.31473,1210699996.9482422
2012-02-02 21:30:00,1.31473,1.31476,1.31468,1.31472,643099975.5859375
2012-02-02 21:31:00,1.31473,1.31473,1.31462,1.31462,376800003.0517578
2012-02-02 21:32:00,1.31463,1.31466,1.31461,1.31464,259799995.42236328
2012-02-02 21:33:00,1.31462,1.31462,1.31438,1.31444,1218300018.3105469
2012-02-02 21:34:00,1.31442,1.31449,1.31441,1.31441,395299987.79296875
2012-02-02 21:35:00,1.31441,1.31441,1.31432,1.31438,793799972.5341797
2012-02-02 21:36:00,1.31439,1.31451,1.31438,1.31445,659400024.4140625
2012-02-02 21:37:00,1.31443,1.31452,1.3144,1.31442,812399978.6376953
2012-02-02 21:38:00,1.31441,1.31441,1.31438,1.31438,594599990.8447266
2012-02-02 21:39:00,1.31438,1.31441,1.31438,1.31441,882799987.7929688
2012-02-02 21:40:00,1.31441,1.31451,1.31437,1.31443,805899963.3789062
2012-02-02 21:41:00,1.31442,1.31467,1.31442,1.3146,1433500061.0351562
2012-02-02 21:42:00,1.3146,1.3146,1.31441,1.31441,1226299972.5341797
2012-02-02 21:43:00,1.31441,1.31447,1.31432,1.31432,796800003.0517578
2012-02-02 21:44:00,1.31432,1.31437,1.31425,1.31432,715299987.7929688
2012-02-02 21:45:00,1.31432,1.31435,1.31432,1.31435,176700000.76293945
2012-02-02 21:46:00,1.31435,1.31435,1.31427,1.31431,999300003.0517578
2012-02-02 21:47:00,1.31431,1.3144,1.31425,1.3144,822500000.0
2012-02-02 21:48:00,1.3144,1.3144,1.3144,1.3144,264300003.0517578
2012-02-02 21:49:00,1.3144,1.3144,1.3144,1.3144,267399997.71118164
2012-02-02 21:50:00,1.3144,1.3144,1.31438,1.31438,206499996.18530273
2012-02-02 21:51:00,1.31438,1.31453,1.31438,1.31451,578800010.6811523
2012-02-02 21:52:00,1.31455,1.31468,1.31454,1.3146,1329700012.2070312
2012-02-02 21:53:00,1.31461,1.31461,1.3146,1.3146,330000000.0
2012-02-02 21:54:00,1.3146,1.31469,1.31456,1.31456,560600013.7329102
2012-02-02 21:55:00,1.31455,1.31455,1.31449,1.31451,210000000.0
2012-02-02 21:56:00,1.31448,1.31449,1.31431,1.31433,607500000.0
2012-02-02 21:57:00,1.31432,1.31434,1.3143,1.31431,397500000.0
2012-02-02 21:58:00,1.3143,1.31438,1.3143,1.31436,742500000.0
2012-02-02 21:59:00,1.31439,1.31442,1.31432,1.31433,570000000.0
2012-02-02 22:00:00,1.31435,1.31447,1.31425,1.31431,287999992.37060547
2012-02-02 22:01:00,1.31431,1.31438,1.31431,1.31438,60000000.0
2012-02-02 22:02:00,1.31445,1.31445,1.31431,1.31432,203099994.65942383
2012-02-02 22:03:00,1.31438,1.31444,1.31429,1.31433,131599998.4741211
2012-02-02 22:04:00,1.31437,1.31438,1.31426,1.31428,157600002.28881836
2012-02-02 22:05:00,1.31427,1.31434,1.31427,1.31431,94200000.76293945
2012-02-02 22:06:00,1.31434,1.31452,1.31434,1.31451,424799995.4223633
2012-02-02 22:07:00,1.31453,1.31459,1.31453,1.31458,286299991.607666
2012-02-02 22:08:00,1.31457,1.31458,1.3145,1.31451,113400001.5258789
2012-02-02 22:09:00,1.31451,1.31456,1.31449,1.3145,209400005.34057617
2012-02-02 22:10:00,1.3145,1.3145,1.31447,1.31447,43000001.90734863
2012-02-02 22:11:00,1.31449,1.31449,1.31444,1.31447,133999996.18530273
2012-02-02 22:12:00,1.31447,1.31458,1.31445,1.31456,411199989.31884766
2012-02-02 22:13:00,1.31457,1.31473,1.31457,1.31468,415200004.5776367
2012-02-02 22:14:00,1.31469,1.31478,1.31469,1.31471,263400001.5258789
2012-02-02 22:15:00,1.31471,1.31474,1.31468,1.31472,313700008.392334
2012-02-02 22:16:00,1.31472,1.31472,1.31448,1.31454,347599983.21533203
2012-02-02 22:17:00,1.31454,1.3146,1.31454,1.3146,80500001.90734863
2012-02-02 22:18:00,1.31461,1.3148,1.31461,1.31469,437999992.37060547
2012-02-02 22:19:00,1.31471,1.31477,1.31464,1.31464,131099996.56677246
2012-02-02 22:20:00,1.31464,1.31469,1.31459,1.31465,462200012.20703125
2012-02-02 22:21:00,1.31465,1.31465,1.31463,1.31465,226499996.18530273
2012-02-02 22:22:00,1.31462,1.31463,1.31448,1.31458,537900009.1552734
2012-02-02 22:23:00,1.31456,1.31466,1.31456,1.31466,201299991.60766602
2012-02-02 22:24:00,1.31468,1.3147,1.3146,1.31463,263899993.89648438
2012-02-02 22:25:00,1.31465,1.31479,1.31463,1.31479,626599998.4741211
2012-02-02 22:26:00,1.31479,1.31484,1.31463,1.31467,1155299987.7929688
2012-02-02 22:27:00,1.31467,1.31472,1.31462,1.31472,657399978.6376953
2012-02-02 22:28:00,1.31472,1.31488,1.31466,1.31484,918600006.1035156
2012-02-02 22:29:00,1.31483,1.31483,1.31458,1.31462,578499984.7412109
2012-02-02 22:30:00,1.31462,1.31463,1.3146,1.3146,1634299926.7578125
2012-02-02 22:31:00,1.3146,1.31472,1.31455,1.31472,1206100006.1035156
2012-02-02 22:32:00,1.31468,1.31472,1.3146,1.31466,1133799972.5341797
2012-02-02 22:33:00,1.3146,1.31471,1.3146,1.31469,1447299957.2753906
2012-02-02 22:34:00,1.31463,1.3147,1.31463,1.31464,310300006.8664551
2012-02-02 22:35:00,1.31465,1.31482,1.31465,1.31473,819800033.5693359
2012-02-02 22:36:00,1.31477,1.31478,1.31468,1.31473,1558699951.171875
2012-02-02 22:37:00,1.31473,1.31478,1.31466,1.31477,1725899963.3789062
2012-02-02 22:38:00,1.31477,1.31477,1.31467,1.31476,529900016.78466797
2012-02-02 22:39:00,1.31469,1.31474,1.31465,1.31469,779700012.2070312
2012-02-02 22:40:00,1.31468,1.31469,1.31467,1.31468,764499969.4824219
2012-02-02 22:41:00,1.31468,1.31468,1.31439,1.31439,1323699951.171875
2012-02-02 22:42:00,1.31439,1.31457,1.31438,1.31447,2702200012.2070312
2012-02-02 22:43:00,1.31446,1.31449,1.31428,1.31432,2263500061.0351562
2012-02-02 22:44:00,1.31432,1.31437,1.31432,1.31437,1200400009.1552734
2012-02-02 22:45:00,1.31437,1.31446,1.31437,1.31438,828899993.8964844
2012-02-02 22:46:00,1.31438,1.31444,1.31422,1.31425,761800003.0517578
2012-02-02 22:47:00,1.31432,1.31432,1.31421,1.31432,939400024.4140625
2012-02-02 22:48:00,1.31437,1.31444,1.31427,1.31442,1286900024.4140625
2012-02-02 22:49:00,1.31441,1.31444,1.31438,1.31439,597999992.3706055
2012-02-02 22:50:00,1.31439,1.31456,1.31439,1.31443,983099975.5859375
2012-02-02 22:51:00,1.31443,1.31448,1.31441,1.31443,735699996.9482422
2012-02-02 22:52:00,1.31443,1.31456,1.31438,1.31456,1000899963.3789062
2012-02-02 22:53:00,1.31456,1.31458,1.3145,1.3145,1025999984.7412109
2012-02-02 22:54:00,1.3145,1.3145,1.31444,1.31444,603400001.5258789
2012-02-02 22:55:00,1.31444,1.31455,1.3144,1.31441,1022799987.7929688
2012-02-02 22:56:00,1.31441,1.31451,1.31439,1.31446,1250699996.9482422
2012-02-02 22:57:00,1.31446,1.31446,1.3144,1.31441,1110800018.3105469
2012-02-02 22:58:00,1.31441,1.31446,1.3144,1.31441,507099990.84472656
2012-02-02 22:59:00,1.31441,1.31449,1.31441,1.31449,868700027.4658203
2012-02-02 23:00:00,1.3145,1.31458,1.31436,1.31443,681800003.0517578
2012-02-02 23:01:00,1.31444,1.31455,1.31442,1.3145,573100013.7329102
2012-02-02 23:02:00,1.31445,1.31454,1.31445,1.31454,333800010.68115234
2012-02-02 23:03:00,1.31454,1.31454,1.31439,1.31439,1229700012.2070312
2012-02-02 23:04:00,1.31439,1.31439,1.31432,1.31432,485800018.3105469
2012-02-02 23:05:00,1.31432,1.31434,1.31429,1.31433,775500030.5175781
2012-02-02 23:06:00,1.31431,1.31442,1.3143,1.31439,1365599975.5859375
2012-02-02 23:07:00,1.3144,1.31441,1.31438,1.31441,288799991.607666
2012-02-02 23:08:00,1.3144,1.3144,1.31439,1.31439,296299991.607666
2012-02-02 23:09:00,1.31439,1.31444,1.31439,1.31443,547200012.2070312
2012-02-02 23:10:00,1.31443,1.31446,1.31441,1.31446,146400003.43322754
2012-02-02 23:11:00,1.31449,1.31455,1.31449,1.3145,633400001.5258789
2012-02-02 23:12:00,1.3145,1.31455,1.31445,1.31445,694400024.4140625
2012-02-02 23:13:00,1.31445,1.31446,1.31445,1.31446,500299987.79296875
2012-02-02 23:14:00,1.31443,1.31443,1.31439,1.31439,568800010.6811523
2012-02-02 23:15:00,1.31439,1.31443,1.31439,1.31442,748899993.8964844
2012-02-02 23:16:00,1.31442,1.31442,1.31438,1.31442,323800010.68115234
2012-02-02 23:17:00,1.31442,1.31444,1.31441,1.31444,318999996.18530273
2012-02-02 23:18:00,1.31444,1.31448,1.31441,1.31443,400400009.15527344
2012-02-02 23:19:00,1.31444,1.31445,1.31443,1.31445,364599990.84472656
2012-02-02 23:20:00,1.31445,1.31445,1.31445,1.31445,385200004.5776367
2012-02-02 23:21:00,1.31445,1.31445,1.31445,1.31445,449599990.84472656
2012-02-02 23:22:00,1.31445,1.31445,1.31438,1.31441,674899978.6376953
2012-02-02 23:23:00,1.31443,1.31443,1.31438,1.31442,329000015.25878906
2012-02-02 23:24:00,1.31442,1.31442,1.31433,1.31433,359000015.25878906
2012-02-02 23:25:00,1.31434,1.31434,1.31434,1.31434,945299987.7929688
2012-02-02 23:26:00,1.31433,1.31433,1.31433,1.31433,345000000.0
2012-02-02 23:27:00,1.31433,1.31433,1.31433,1.31433,480499992.37060547
2012-02-02 23:28:00,1.31433,1.31444,1.31433,1.31444,571800003.0517578
2012-02-02 23:29:00,1.31444,1.31449,1.31442,1.31449,498600006.1035156
2012-02-02 23:30:00,1.31453,1.31456,1.31448,1.3145,478800010.68115234
2012-02-02 23:31:00,1.3145,1.31457,1.31449,1.31453,1065400009.1552734
2012-02-02 23:32:00,1.31453,1.31455,1.31453,1.31455,707699966.4306641
2012-02-02 23:33:00,1.31455,1.31455,1.31447,1.31451,339199981.6894531
2012-02-02 23:34:00,1.31451,1.31451,1.31448,1.31448,211800003.0517578
2012-02-02 23:35:00,1.3145,1.31457,1.3145,1.31454,522000007.62939453
2012-02-02 23:36:00,1.31454,1.31454,1.31449,1.31453,547299995.4223633
2012-02-02 23:37:00,1.31453,1.31454,1.31453,1.31453,522000007.62939453
2012-02-02 23:38:00,1.31453,1.31454,1.31452,1.31452,482299995.4223633
2012-02-02 23:39:00,1.31454,1.31454,1.31444,1.31447,655000000.0
2012-02-02 23:40:00,1.31447,1.31447,1.31445,1.31445,816399993.8964844
2012-02-02 23:41:00,1.31443,1.31443,1.31443,1.31443,451199989.31884766
2012-02-02 23:42:00,1.31443,1.31443,1.31442,1.31442,714499969.4824219
2012-02-02 23:43:00,1.31442,1.31443,1.31442,1.31442,1056200027.4658203
2012-02-02 23:44:00,1.31442,1.31462,1.31442,1.31462,933099975.5859375
2012-02-02 23:45:00,1.31462,1.31462,1.31453,1.31453,469300003.0517578
2012-02-02 23:46:00,1.31453,1.31454,1.31453,1.31454,429599990.84472656
2012-02-02 23:47:00,1.31454,1.31454,1.31454,1.31454,113699998.85559082
2012-02-02 23:48:00,1.31451,1.31451,1.31435,1.31435,298999996.18530273
2012-02-02 23:49:00,1.31435,1.3144,1.31431,1.3144,863399963.3789062
2012-02-02 23:50:00,1.3144,1.3144,1.31419,1.31419,703899993.8964844
2012-02-02 23:51:00,1.31417,1.31417,1.31385,1.31391,1240000000.0
2012-02-02 23:52:00,1.31391,1.31394,1.31369,1.31374,2088999938.9648438
2012-02-02 23:53:00,1.31374,1.31392,1.31371,1.31371,1654900054.9316406
2012-02-02 23:54:00,1.31371,1.31371,1.31364,1.31364,1536600036.6210938
2012-02-02 23:55:00,1.31363,1.31364,1.31355,1.31356,1343099975.5859375
2012-02-02 23:56:00,1.31356,1.31366,1.3135,1.31365,1253799972.5341797
2012-02-02 23:57:00,1.31369,1.31369,1.3136,1.31368,863799972.5341797
2012-02-02 23:58:00,1.31369,1.31369,1.31355,1.31356,1858500061.0351562
2012-02-02 23:59:00,1.31356,1.31362,1.31355,1.31356,966900024.4140625
2012-02-03 00:00:00,1.31356,1.31362,1.3135,1.31351,1937100067.1386719
2012-02-03 00:01:00,1.31352,1.31353,1.31338,1.31338,1255400009.1552734
2012-02-03 00:02:00,1.3134,1.31343,1.31319,1.31328,2169199981.689453
2012-02-03 00:03:00,1.31328,1.31345,1.31325,1.31345,1951999969.4824219
2012-02-03 00:04:00,1.31346,1.31366,1.31346,1.31366,1381300048.828125
2012-02-03 00:05:00,1.31366,1.31372,1.31358,1.31361,1330000000.0
2012-02-03 00:06:00,1.31361,1.31371,1.31361,1.31371,1437500000.0
2012-02-03 00:07:00,1.31371,1.31375,1.31367,1.31371,873700027.4658203
2012-02-03 00:08:00,1.31371,1.31371,1.31333,1.31335,1922799987.7929688
2012-02-03 00:09:00,1.31338,1.31343,1.31332,1.31332,1070599975.5859375
2012-02-03 00:10:00,1.31332,1.31334,1.31329,1.31334,1420099945.0683594
2012-02-03 00:11:00,1.31335,1.31348,1.31335,1.31343,1373000030.5175781
2012-02-03 00:12:00,1.31343,1.31358,1.31343,1.31358,914400024.4140625
2012-02-03 00:13:00,1.31357,1.31357,1.31343,1.31345,967300033.5693359
2012-02-03 00:14:00,1.31345,1.31354,1.31344,1.31354,1048300018.3105469
2012-02-03 00:15:00,1.31354,1.31354,1.31346,1.31347,318099994.6594238
2012-02-03 00:16:00,1.31346,1.31356,1.31345,1.31345,1119300003.0517578
2012-02-03 00:17:00,1.31344,1.31352,1.31333,1.31333,1157900009.1552734
2012-02-03 00:18:00,1.31333,1.31335,1.31332,1.31334,900100021.3623047
2012-02-03 00:19:00,1.31335,1.31336,1.31309,1.31309,1340399932.8613281
2012-02-03 00:20:00,1.31309,1.31309,1.31285,1.31293,1840200042.7246094
2012-02-03 00:21:00,1.31293,1.31293,1.31276,1.31279,1635200042.7246094
2012-02-03 00:22:00,1.3128,1.31283,1.31277,1.31282,1226699981.6894531
2012-02-03 00:23:00,1.31281,1.31323,1.31279,1.31322,2296300048.828125
2012-02-03 00:24:00,1.31322,1.31343,1.31322,1.31339,1670399932.8613281
2012-02-03 00:25:00,1.3134,1.31349,1.31327,1.31333,2058200073.2421875
2012-02-03 00:26:00,1.31333,1.31334,1.31332,1.31334,718799972.5341797
2012-02-03 00:27:00,1.31333,1.31334,1.31321,1.31329,1199700012.2070312
2012-02-03 00:28:00,1.31329,1.31339,1.31329,1.31336,869199981.6894531
2012-02-03 00:29:00,1.31334,1.31349,1.31334,1.31341,683099975.5859375
2012-02-03 00:30:00,1.31341,1.31341,1.31333,1.31334,837399978.6376953
2012-02-03 00:31:00,1.31334,1.31336,1.31294,1.31304,1873600006.1035156
2012-02-03 00:32:00,1.31306,1.31317,1.31301,1.31314,1180599975.5859375
2012-02-03 00:33:00,1.31314,1.31314,1.31302,1.31303,867500000.0
2012-02-03 00:34:00,1.31303,1.31314,1.31297,1.31314,1004499969.4824219
2012-02-03 00:35:00,1.31314,1.31336,1.31313,1.31333,1795000000.0
2012-02-03 00:36:00,1.31333,1.31339,1.31332,1.31337,760000000.0
2012-02-03 00:37:00,1.31339,1.3134,1.31324,1.31331,1002799987.7929688
2012-02-03 00:38:00,1.31331,1.31334,1.31331,1.31333,866500015.2587891
2012-02-03 00:39:00,1.31333,1.31335,1.31333,1.31335,111599998.4741211
2012-02-03 00:40:00,1.31335,1.3134,1.31333,1.3134,754300003.0517578
2012-02-03 00:41:00,1.3134,1.31356,1.31337,1.31356,1842299957.2753906
2012-02-03 00:42:00,1.31357,1.31361,1.31354,1.31358,799300003.0517578
2012-02-03 00:43:00,1.31358,1.31361,1.3135,1.3135,568300018.3105469
2012-02-03 00:44:00,1.31351,1.31359,1.31351,1.31355,603300018.3105469
2012-02-03 00:45:00,1.31356,1.31356,1.31351,1.31356,725899963.3789062
2012-02-03 00:46:00,1.31355,1.31358,1.31343,1.31348,1274700012.2070312
2012-02-03 00:47:00,1.31348,1.31352,1.31325,1.31326,1196699981.6894531
2012-02-03 00:48:00,1.31326,1.31343,1.31326,1.31336,1664799957.2753906
2012-02-03 00:49:00,1.31336,1.31336,1.31319,1.31326,1630899963.3789062
2012-02-03 00:50:00,1.31324,1.31335,1.3132,1.31335,1208700027.4658203
2012-02-03 00:51:00,1.31333,1.31359,1.31333,1.31359,1641399993.8964844
2012-02-03 00:52:00,1.3136,1.31369,1.3136,1.31365,1742299957.2753906
2012-02-03 00:53:00,1.31365,1.31365,1.31352,1.31355,1093499984.741211
2012-02-03 00:54:00,1.31355,1.31367,1.31354,1.31363,1294299926.7578125
2012-02-03 00:55:00,1.31367,1.31367,1.31333,1.31346,1366399993.8964844
2012-02-03 00:56:00,1.31348,1.31351,1.31343,1.31344,1014400024.4140625
2012-02-03 00:57:00,1.31344,1.31345,1.31334,1.31342,1288000030.5175781
2012-02-03 00:58:00,1.31342,1.31361,1.31342,1.31361,1759199981.6894531
2012-02-03 00:59:00,1.31359,1.31364,1.31324,1.31326,1558300018.3105469
2012-02-03 01:00:00,1.31325,1.31342,1.31322,1.31322,1513000030.5175781
2012-02-03 01:01:00,1.31321,1.31321,1.31284,1.31284,1648000030.5175781
2012-02-03 01:02:00,1.31283,1.31283,1.31253,1.3126,1987100067.1386719
2012-02-03 01:03:00,1.31259,1.31261,1.31237,1.31255,2226399993.8964844
2012-02-03 01:04:00,1.31256,1.3126,1.31243,1.31252,2011600036.6210938
2012-02-03 01:05:00,1.31252,1.31254,1.31241,1.31246,1432500000.0
2012-02-03 01:06:00,1.31246,1.31265,1.31246,1.31252,1534600067.1386719
2012-02-03 01:07:00,1.31254,1.31262,1.31244,1.31248,1566000061.0351562
2012-02-03 01:08:00,1.31247,1.31247,1.31205,1.31205,2196799926.7578125
2012-02-03 01:09:00,1.31205,1.31209,1.31179,1.31209,2882099914.5507812
2012-02-03 01:10:00,1.31207,1.31209,1.31202,1.31204,1328300018.3105469
2012-02-03 01:11:00,1.31204,1.31206,1.31194,1.31199,935999984.7412109
2012-02-03 01:12:00,1.31199,1.31199,1.31153,1.31173,2634100036.6210938
2012-02-03 01:13:00,1.31178,1.31186,1.31171,1.31184,1780700073.2421875
2012-02-03 01:14:00,1.31182,1.31201,1.31167,1.31194,1582899932.8613281
2012-02-03 01:15:00,1.31194,1.31202,1.31166,1.31166,1465599975.5859375
2012-02-03 01:16:00,1.31166,1.31172,1.31148,1.31172,1425000000.0
2012-02-03 01:17:00,1.31172,1.31173,1.31153,1.31169,1498399963.3789062
2012-02-03 01:18:00,1.31168,1.31196,1.31168,1.31194,1075400009.1552734
2012-02-03 01:19:00,1.31196,1.31229,1.31194,1.31219,1114899978.6376953
2012-02-03 01:20:00,1.31219,1.31221,1.31205,1.3121,1137900009.1552734
2012-02-03 01:21:00,1.3121,1.31211,1.3117,1.31178,1200800018.3105469
2012-02-03 01:22:00,1.31178,1.31203,1.31172,1.31203,1292100067.1386719
2012-02-03 01:23:00,1.31203,1.31217,1.31192,1.31192,1660899963.3789062
2012-02-03 01:24:00,1.31191,1.31197,1.31174,1.31194,1184700012.2070312
2012-02-03 01:25:00,1.31194,1.31197,1.31176,1.31179,1697400054.9316406
2012-02-03 01:26:00,1.31177,1.31181,1.31161,1.31181,1155500030.5175781
2012-02-03 01:27:00,1.3118,1.31196,1.31176,1.31196,972200012.2070312
2012-02-03 01:28:00,1.31196,1.31214,1.31196,1.31211,1548399963.3789062
2012-02-03 01:29:00,1.31211,1.3122,1.31206,1.31208,1494499969.4824219
2012-02-03 01:30:00,1.31212,1.3122,1.31204,1.31206,1422599945.0683594
2012-02-03 01:31:00,1.31206,1.31206,1.31193,1.31195,1224899978.6376953
2012-02-03 01:32:00,1.31195,1.31196,1.31165,1.31177,1600599975.5859375
2012-02-03 01:33:00,1.31179,1.3118,1.31163,1.31163,1618300018.3105469
2012-02-03 01:34:00,1.31163,1.31178,1.31163,1.31169,1598600006.1035156
2012-02-03 01:35:00,1.31169,1.31169,1.31144,1.31154,2056300048.828125
2012-02-03 01:36:00,1.31153,1.31166,1.31147,1.31166,1090299987.7929688
2012-02-03 01:37:00,1.31166,1.31174,1.31162,1.31162,1037799987.7929688
2012-02-03 01:38:00,1.31162,1.31176,1.31162,1.31174,846399993.8964844
2012-02-03 01:39:00,1.31174,1.31202,1.31174,1.312,981299972.5341797
2012-02-03 01:40:00,1.312,1.312,1.31184,1.31194,1255599975.5859375
2012-02-03 01:41:00,1.31195,1.31199,1.31189,1.31196,1151200027.4658203
2012-02-03 01:42:00,1.31196,1.31205,1.31194,1.31205,582299995.4223633
2012-02-03 01:43:00,1.31206,1.31227,1.31206,1.31224,818399963.3789062
2012-02-03 01:44:00,1.31224,1.31238,1.31223,1.31238,1112200012.2070312
2012-02-03 01:45:00,1.31238,1.31244,1.31211,1.31211,1692899932.8613281
2012-02-03 01:46:00,1.31211,1.31226,1.31211,1.3122,1288200073.2421875
2012-02-03 01:47:00,1.31219,1.31233,1.31219,1.31222,1488399963.3789062
2012-02-03 01:48:00,1.31222,1.31234,1.31221,1.31232,1211900024.4140625
2012-02-03 01:49:00,1.31232,1.31244,1.31232,1.31244,1056800003.0517578
2012-02-03 01:50:00,1.31244,1.31259,1.31243,1.31257,1151699981.6894531
2012-02-03 01:51:00,1.31257,1.31259,1.3124,1.3124,1119599990.8447266
2012-02-03 01:52:00,1.31239,1.31239,1.31228,1.31228,702600021.3623047
2012-02-03 01:53:00,1.31229,1.3126,1.31229,1.31252,1142300033.569336
2012-02-03 01:54:00,1.31256,1.31259,1.31253,1.31256,1019599990.8447266
2012-02-03 01:55:00,1.31256,1.31275,1.31256,1.3127,1068600006.1035156
2012-02-03 01:56:00,1.3127,1.31275,1.31268,1.31273,1069499969.4824219
2012-02-03 01:57:00,1.31273,1.31273,1.31232,1.31238,1321300048.828125
2012-02-03 01:58:00,1.31239,1.31252,1.31236,1.31252,1058099975.5859375
2012-02-03 01:59:00,1.31252,1.31256,1.31252,1.31252,401500015.25878906
2012-02-03 02:00:00,1.31252,1.31252,1.31235,1.3124,1080000000.0
2012-02-03 02:01:00,1.3124,1.31249,1.31225,1.31225,1264599990.8447266
2012-02-03 02:02:00,1.31225,1.31235,1.31211,1.31232,1548300018.3105469
2012-02-03 02:03:00,1.31232,1.31241,1.31231,1.31233,877900009.1552734
2012-02-03 02:04:00,1.31233,1.31252,1.31231,1.31251,1588800048.828125
2012-02-03 02:05:00,1.31251,1.31273,1.31251,1.31262,1623800048.828125
2012-02-03 02:06:00,1.31262,1.31271,1.3125,1.31254,1256299972.5341797
2012-02-03 02:07:00,1.31252,1.31252,1.31244,1.31248,780899963.3789062
2012-02-03 02:08:00,1.31249,1.31258,1.31249,1.3125,854700012.2070312
2012-02-03 02:09:00,1.31249,1.31261,1.31249,1.31254,1272600021.3623047
2012-02-03 02:10:00,1.31255,1.31255,1.31233,1.31239,821299972.5341797
2012-02-03 02:11:00,1.31239,1.31245,1.31239,1.31241,722399978.6376953
2012-02-03 02:12:00,1.31241,1.31255,1.31241,1.31255,745999984.7412109
2012-02-03 02:13:00,1.31255,1.31255,1.31251,1.31254,454700012.20703125
2012-02-03 02:14:00,1.31256,1.31257,1.31256,1.31256,248400001.5258789
2012-02-03 02:15:00,1.31256,1.31257,1.31256,1.31256,202700004.57763672
2012-02-03 02:16:00,1.31255,1.31266,1.31255,1.3126,641500015.2587891
2012-02-03 02:17:00,1.3126,1.3126,1.31254,1.31258,544900016.784668
2012-02-03 02:18:00,1.31258,1.31258,1.31256,1.31257,657500000.0
2012-02-03 02:19:00,1.31257,1.31265,1.31255,1.31264,808300018.3105469
2012-02-03 02:20:00,1.31263,1.31265,1.31258,1.31263,893700027.4658203
2012-02-03 02:21:00,1.31263,1.31263,1.31256,1.31256,744599990.8447266
2012-02-03 02:22:00,1.31256,1.31267,1.31256,1.31259,1150899963.3789062
2012-02-03 02:23:00,1.31258,1.31265,1.31252,1.31265,1441000061.0351562
2012-02-03 02:24:00,1.31263,1.31263,1.31243,1.31247,1107500000.0
2012-02-03 02:25:00,1.31247,1.31248,1.31234,1.31234,806699981.6894531
2012-02-03 02:26:00,1.31234,1.31239,1.31233,1.31238,1282100067.1386719
2012-02-03 02:27:00,1.31238,1.31254,1.31227,1.31254,1072099990.8447266
2012-02-03 02:28:00,1.31252,1.3126,1.31247,1.31256,1129400024.4140625
2012-02-03 02:29:00,1.31256,1.31272,1.31246,1.31263,1044499969.4824219
2012-02-03 02:30:00,1.31264,1.31304,1.31264,1.31298,1902200012.2070312
2012-02-03 02:31:00,1.31297,1.31327,1.31293,1.31324,1692799987.7929688
2012-02-03 02:32:00,1.31324,1.31338,1.31315,1.31319,1601900024.4140625
2012-02-03 02:33:00,1.31317,1.31336,1.31317,1.31324,1262600021.3623047
2012-02-03 02:34:00,1.31322,1.31329,1.31309,1.31327,1872299957.2753906
2012-02-03 02:35:00,1.31324,1.31344,1.31317,1.31337,1151699981.6894531
2012-02-03 02:36:00,1.31337,1.31341,1.31329,1.3133,1094000015.258789
2012-02-03 02:37:00,1.31329,1.31331,1.31312,1.31321,2334900054.9316406
2012-02-03 02:38:00,1.31322,1.31322,1.31307,1.31311,1030599975.5859375
2012-02-03 02:39:00,1.31312,1.31313,1.31288,1.31289,1399799957.2753906
2012-02-03 02:40:00,1.31287,1.31336,1.31283,1.31336,1408000030.5175781
2012-02-03 02:41:00,1.31336,1.31342,1.31335,1.31338,955500030.5175781
2012-02-03 02:42:00,1.31338,1.31339,1.31302,1.31302,1397599945.0683594
2012-02-03 02:43:00,1.31301,1.31329,1.31289,1.31329,1768099975.5859375
2012-02-03 02:44:00,1.31329,1.31329,1.31312,1.31312,1116699981.6894531
2012-02-03 02:45:00,1.31313,1.31333,1.31313,1.31332,1136200027.4658203
2012-02-03 02:46:00,1.31331,1.31357,1.31322,1.31342,2052400054.9316406
2012-02-03 02:47:00,1.31342,1.31348,1.31334,1.31335,1384100036.6210938
2012-02-03 02:48:00,1.31334,1.31338,1.31326,1.31326,1631399993.8964844
2012-02-03 02:49:00,1.31326,1.3134,1.31326,1.3134,1401100006.1035156
2012-02-03 02:50:00,1.3134,1.3134,1.31335,1.31338,844100036.6210938
2012-02-03 02:51:00,1.31338,1.31358,1.31338,1.31347,1574600067.1386719
2012-02-03 02:52:00,1.31349,1.31362,1.31348,1.31357,1055100021.3623047
2012-02-03 02:53:00,1.31357,1.31361,1.31355,1.31355,879100036.6210938
2012-02-03 02:54:00,1.31353,1.31353,1.31329,1.3133,1388000030.5175781
2012-02-03 02:55:00,1.3133,1.31333,1.31324,1.31327,577500000.0
2012-02-03 02:56:00,1.31328,1.31329,1.31315,1.31322,1418500061.0351562
2012-02-03 02:57:00,1.31321,1.31328,1.31321,1.31328,878499984.7412109
2012-02-03 02:58:00,1.31328,1.31331,1.31319,1.31319,579000015.2587891
2012-02-03 02:59:00,1.31318,1.31346,1.31316,1.31342,1420299987.7929688
2012-02-03 03:00:00,1.31342,1.31356,1.31341,1.3135,902699966.4306641
2012-02-03 03:01:00,1.3135,1.31363,1.3135,1.31359,506399993.8964844
2012-02-03 03:02:00,1.31358,1.31358,1.31339,1.31341,536399993.8964844
2012-02-03 03:03:00,1.31339,1.31346,1.31337,1.31337,524599990.84472656
2012-02-03 03:04:00,1.31338,1.31338,1.3133,1.31331,631699981.6894531
2012-02-03 03:05:00,1.31334,1.31347,1.31333,1.31343,785100021.3623047
2012-02-03 03:06:00,1.31343,1.31343,1.31342,1.31342,320699996.9482422
2012-02-03 03:07:00,1.31342,1.31342,1.31342,1.31342,138299999.23706055
2012-02-03 03:08:00,1.31341,1.31359,1.31341,1.31349,1050100021.3623047
2012-02-03 03:09:00,1.31348,1.31348,1.3134,1.3134,437099990.84472656
2012-02-03 03:10:00,1.31342,1.31343,1.31333,1.31333,293500003.81469727
2012-02-03 03:11:00,1.31332,1.31334,1.3133,1.3133,1017399978.6376953
2012-02-03 03:12:00,1.3133,1.3133,1.31327,1.31328,575099983.215332
2012-02-03 03:13:00,1.31328,1.3133,1.31328,1.31329,434700012.20703125
2012-02-03 03:14:00,1.3133,1.3133,1.31329,1.31329,673700027.4658203
2012-02-03 03:15:00,1.31328,1.31328,1.31291,1.31304,1162799987.7929688
2012-02-03 03:16:00,1.31307,1.31311,1.31307,1.31311,1031699981.6894531
2012-02-03 03:17:00,1.31311,1.31314,1.31299,1.31302,870599975.5859375
2012-02-03 03:18:00,1.31302,1.31303,1.31302,1.31303,115200004.57763672
2012-02-03 03:19:00,1.31303,1.31307,1.31302,1.31306,400499992.37060547
2012-02-03 03:20:00,1.31305,1.31306,1.31305,1.31306,79499998.09265137
2012-02-03 03:21:00,1.31306,1.31306,1.31304,1.31305,262199993.13354492
2012-02-03 03:22:00,1.31307,1.31308,1.31307,1.31307,225000000.0
2012-02-03 03:23:00,1.31308,1.31321,1.31308,1.31318,737799987.7929688
2012-02-03 03:24:00,1.31318,1.31318,1.31308,1.3131,752099990.8447266
2012-02-03 03:25:00,1.3131,1.31319,1.31309,1.31311,806699981.6894531
2012-02-03 03:26:00,1.31311,1.31311,1.31309,1.3131,1017900009.1552734
2012-02-03 03:27:00,1.3131,1.3131,1.31308,1.31308,441300010.68115234
2012-02-03 03:28:00,1.31308,1.3131,1.31298,1.31298,940699996.9482422
2012-02-03 03:29:00,1.31297,1.31304,1.31293,1.31297,859599990.8447266
2012-02-03 03:30:00,1.31297,1.31298,1.3129,1.3129,1183899993.8964844
2012-02-03 03:31:00,1.3129,1.31299,1.31289,1.31297,1346999969.4824219
2012-02-03 03:32:00,1.31297,1.31297,1.31285,1.31286,885000000.0
2012-02-03 03:33:00,1.31286,1.31306,1.31285,1.31288,1296199951.171875
2012-02-03 03:34:00,1.31288,1.31298,1.31288,1.31291,1110999984.741211
2012-02-03 03:35:00,1.31292,1.31295,1.31291,1.31292,598699989.3188477
2012-02-03 03:36:00,1.31292,1.31292,1.31266,1.31279,1683099975.5859375
2012-02-03 03:37:00,1.31279,1.31297,1.31279,1.31288,1945800018.3105469
2012-02-03 03:38:00,1.31288,1.31297,1.31286,1.3129,682099990.8447266
2012-02-03 03:39:00,1.31288,1.31291,1.31288,1.3129,915000000.0
2012-02-03 03:40:00,1.3129,1.3129,1.31284,1.31289,908899993.8964844
2012-02-03 03:41:00,1.31289,1.31294,1.31279,1.31285,748300018.3105469
2012-02-03 03:42:00,1.31286,1.31286,1.31278,1.31279,422700004.5776367
2012-02-03 03:43:00,1.31279,1.31281,1.31279,1.31279,1521399993.8964844
2012-02-03 03:44:00,1.31279,1.31307,1.31279,1.31306,1233799972.5341797
2012-02-03 03:45:00,1.31305,1.31305,1.31286,1.31293,1184300003.0517578
2012-02-03 03:46:00,1.31293,1.31293,1.31283,1.31291,1030299987.7929688
2012-02-03 03:47:00,1.3129,1.31303,1.3129,1.31303,1005100021.3623047
2012-02-03 03:48:00,1.31303,1.31304,1.3129,1.3129,886800003.0517578
2012-02-03 03:49:00,1.31289,1.31292,1.31287,1.31287,615400009.1552734
2012-02-03 03:50:00,1.31287,1.31288,1.31276,1.31278,1665000000.0
2012-02-03 03:51:00,1.31278,1.31278,1.31269,1.31276,785800018.3105469
2012-02-03 03:52:00,1.31276,1.31276,1.31251,1.31255,1263399963.3789062
2012-02-03 03:53:00,1.31256,1.31288,1.31256,1.31288,1441300048.828125
2012-02-03 03:54:00,1.31288,1.3129,1.31271,1.31285,1546499938.9648438
2012-02-03 03:55:00,1.31285,1.31286,1.31276,1.31276,738499984.7412109
2012-02-03 03:56:00,1.31276,1.31277,1.31269,1.31277,702500000.0
2012-02-03 03:57:00,1.31277,1.31277,1.31267,1.31267,572900009.1552734
2012-02-03 03:58:00,1.31268,1.31271,1.31267,1.3127,468400001.5258789
2012-02-03 03:59:00,1.31268,1.31272,1.31268,1.31271,222399997.71118164
2012-02-03 04:00:00,1.31271,1.31272,1.31268,1.31271,618699989.3188477
2012-02-03 04:01:00,1.31271,1.31277,1.31271,1.31274,862799987.7929688
2012-02-03 04:02:00,1.31274,1.31274,1.31268,1.31269,697600021.3623047
2012-02-03 04:03:00,1.31269,1.31269,1.31249,1.31259,1210500030.5175781
2012-02-03 04:04:00,1.3126,1.3127,1.3126,1.3127,540000000.0
2012-02-03 04:05:00,1.31271,1.31271,1.31269,1.31269,240499992.37060547
2012-02-03 04:06:00,1.31269,1.31269,1.31269,1.31269,558600006.1035156
2012-02-03 04:07:00,1.31269,1.31291,1.31269,1.31284,1189400024.4140625
2012-02-03 04:08:00,1.31284,1.31303,1.31283,1.31303,1341999969.4824219
2012-02-03 04:09:00,1.31304,1.31316,1.31304,1.31308,1563300018.3105469
2012-02-03 04:10:00,1.3131,1.31314,1.31302,1.31311,1426799926.7578125
2012-02-03 04:11:00,1.31311,1.31311,1.31309,1.31309,897099990.8447266
2012-02-03 04:12:00,1.31309,1.31309,1.31303,1.31303,767500000.0
2012-02-03 04:13:00,1.31303,1.31303,1.31299,1.31299,855400009.1552734
2012-02-03 04:14:00,1.31299,1.313,1.31298,1.31298,661600036.6210938
2012-02-03 04:15:00,1.31298,1.31298,1.31279,1.31284,1670000000.0
2012-02-03 04:16:00,1.31284,1.31291,1.3128,1.31291,1212799987.7929688
2012-02-03 04:17:00,1.31292,1.31297,1.3129,1.31291,439599990.84472656
2012-02-03 04:18:00,1.31291,1.313,1.3129,1.31298,1433099975.5859375
2012-02-03 04:19:00,1.313,1.313,1.31293,1.31299,1075599975.5859375
2012-02-03 04:20:00,1.31299,1.31311,1.31289,1.31292,1168099975.5859375
2012-02-03 04:21:00,1.31292,1.31301,1.31292,1.31301,1091800003.0517578
2012-02-03 04:22:00,1.31301,1.31301,1.31288,1.31296,1595099945.0683594
2012-02-03 04:23:00,1.31296,1.31296,1.31288,1.31288,1625399932.8613281
2012-02-03 04:24:00,1.31288,1.31291,1.31288,1.31291,567999992.3706055
2012-02-03 04:25:00,1.31291,1.31302,1.31291,1.313,1633200073.2421875
2012-02-03 04:26:00,1.31298,1.31298,1.31287,1.31291,853799972.5341797
2012-02-03 04:27:00,1.31291,1.31302,1.31281,1.31281,1406100006.1035156
2012-02-03 04:28:00,1.31281,1.31284,1.31275,1.31282,528300018.3105469
2012-02-03 04:29:00,1.31281,1.31281,1.31279,1.3128,183500003.81469727
2012-02-03 04:30:00,1.3128,1.31282,1.31278,1.31282,703799972.5341797
2012-02-03 04:31:00,1.31282,1.3129,1.31282,1.3129,1631900024.4140625
2012-02-03 04:32:00,1.3129,1.31293,1.3129,1.31293,1419400024.4140625
2012-02-03 04:33:00,1.31293,1.31304,1.31293,1.31304,742600021.3623047
2012-02-03 04:34:00,1.31304,1.31313,1.31303,1.31303,970500030.5175781
2012-02-03 04:35:00,1.31303,1.31305,1.31302,1.31305,996299972.5341797
2012-02-03 04:36:00,1.31305,1.31305,1.31305,1.31305,525900001.5258789
2012-02-03 04:37:00,1.31304,1.31304,1.31304,1.31304,43200001.71661377
2012-02-03 04:38:00,1.31304,1.31306,1.31304,1.31305,536800003.0517578
2012-02-03 04:39:00,1.31305,1.31305,1.31305,1.31305,374599990.84472656
2012-02-03 04:40:00,1.31303,1.31304,1.31302,1.31303,928099975.5859375
2012-02-03 04:41:00,1.31303,1.31303,1.31289,1.3129,1191200027.4658203
2012-02-03 04:42:00,1.31288,1.31292,1.31288,1.31292,428300018.3105469
2012-02-03 04:43:00,1.31292,1.31293,1.31288,1.3129,511500015.25878906
2012-02-03 04:44:00,1.3129,1.31296,1.31285,1.31296,979199981.6894531
2012-02-03 04:45:00,1.31296,1.3131,1.31296,1.31302,856200027.4658203
2012-02-03 04:46:00,1.31301,1.31309,1.31294,1.313,871100006.1035156
2012-02-03 04:47:00,1.313,1.31301,1.31279,1.3128,1476600036.6210938
2012-02-03 04:48:00,1.3128,1.3128,1.3127,1.31277,1226600036.6210938
2012-02-03 04:49:00,1.31277,1.31289,1.31277,1.31284,1057900009.1552734
2012-02-03 04:50:00,1.31284,1.31288,1.31284,1.31285,977200012.2070312
2012-02-03 04:51:00,1.31285,1.31298,1.31284,1.31294,1132500000.0
2012-02-03 04:52:00,1.31293,1.31304,1.31289,1.31304,1425200042.7246094
2012-02-03 04:53:00,1.31304,1.31304,1.31292,1.31292,1864600067.1386719
2012-02-03 04:54:00,1.31294,1.31298,1.31293,1.31296,1140199966.430664
2012-02-03 04:55:00,1.31298,1.313,1.3129,1.31299,844599990.8447266
2012-02-03 04:56:00,1.313,1.313,1.31293,1.31296,889899978.6376953
2012-02-03 04:57:00,1.31296,1.313,1.31291,1.31294,1487899932.8613281
2012-02-03 04:58:00,1.31294,1.31294,1.3129,1.31291,1260599975.5859375
2012-02-03 04:59:00,1.31291,1.31318,1.31291,1.31312,1400099945.0683594
2012-02-03 05:00:00,1.31311,1.31314,1.31307,1.3131,1182200012.2070312
2012-02-03 05:01:00,1.3131,1.31316,1.31304,1.31304,1210299987.7929688
2012-02-03 05:02:00,1.31304,1.31326,1.31303,1.31317,1638200073.2421875
2012-02-03 05:03:00,1.31317,1.31323,1.31313,1.31323,668099975.5859375
2012-02-03 05:04:00,1.31323,1.31329,1.31315,1.31329,1472100067.1386719
2012-02-03 05:05:00,1.3133,1.3133,1.31321,1.31323,882900009.1552734
2012-02-03 05:06:00,1.31323,1.31325,1.31322,1.31322,1379900054.9316406
2012-02-03 05:07:00,1.31322,1.31327,1.31319,1.31323,1400200042.7246094
2012-02-03 05:08:00,1.31323,1.31346,1.31319,1.31337,1559499969.4824219
2012-02-03 05:09:00,1.31337,1.3134,1.31334,1.31335,1116399993.8964844
2012-02-03 05:10:00,1.31335,1.31346,1.31333,1.31338,1826199951.171875
2012-02-03 05:11:00,1.31338,1.31338,1.31297,1.31334,2420700073.2421875
2012-02-03 05:12:00,1.31332,1.31342,1.31331,1.31337,864100036.6210938
2012-02-03 05:13:00,1.31341,1.31341,1.31329,1.31332,799300003.0517578
2012-02-03 05:14:00,1.31332,1.31342,1.31332,1.31342,1314400024.4140625
2012-02-03 05:15:00,1.31342,1.31343,1.31342,1.31343,1190199966.430664
2012-02-03 05:16:00,1.3134,1.3134,1.31322,1.31322,1266500015.258789
2012-02-03 05:17:00,1.31322,1.31346,1.3132,1.31346,1962500000.0
2012-02-03 05:18:00,1.31347,1.31358,1.3134,1.31358,1301900024.4140625
2012-02-03 05:19:00,1.31358,1.31367,1.31352,1.31365,1855000000.0
2012-02-03 05:20:00,1.31365,1.31381,1.31364,1.31374,1804799957.2753906
2012-02-03 05:21:00,1.31372,1.31407,1.31372,1.31394,2328699951.171875
2012-02-03 05:22:00,1.31395,1.31411,1.31389,1.31411,1244800033.569336
2012-02-03 05:23:00,1.31409,1.31409,1.31391,1.31391,1419600067.1386719
2012-02-03 05:24:00,1.31391,1.31405,1.31391,1.31397,865800018.3105469
2012-02-03 05:25:00,1.31397,1.31402,1.3139,1.31402,1163499984.741211
2012-02-03 05:26:00,1.31404,1.31404,1.3139,1.3139,1156600036.6210938
2012-02-03 05:27:00,1.3139,1.31391,1.31381,1.31391,853399963.3789062
2012-02-03 05:28:00,1.31391,1.31399,1.31381,1.31381,1234000015.258789
2012-02-03 05:29:00,1.3138,1.31381,1.31367,1.31373,1115599975.5859375
2012-02-03 05:30:00,1.31373,1.31392,1.3137,1.3139,1817500000.0
2012-02-03 05:31:00,1.3139,1.31391,1.31361,1.31378,1896600036.6210938
2012-02-03 05:32:00,1.31379,1.3139,1.31379,1.31383,1316000061.0351562
2012-02-03 05:33:00,1.31383,1.31401,1.31382,1.31399,1209100036.6210938
2012-02-03 05:34:00,1.31399,1.31404,1.31396,1.31401,1656799926.7578125
2012-02-03 05:35:00,1.31401,1.31407,1.3139,1.31395,1910500030.5175781
2012-02-03 05:36:00,1.31392,1.31419,1.31392,1.31418,1264199981.6894531
2012-02-03 05:37:00,1.31418,1.31419,1.31415,1.31417,769100036.6210938
2012-02-03 05:38:00,1.31415,1.3142,1.31404,1.31405,1033499984.7412109
2012-02-03 05:39:00,1.31405,1.31405,1.31399,1.314,1162300033.569336
2012-02-03 05:40:00,1.314,1.31427,1.314,1.31427,658499984.7412109
2012-02-03 05:41:00,1.31427,1.31428,1.31417,1.31422,1259599990.8447266
2012-02-03 05:42:00,1.31421,1.31423,1.31395,1.314,1310800018.3105469
2012-02-03 05:43:00,1.31399,1.31413,1.31396,1.31407,1606799926.7578125
2012-02-03 05:44:00,1.31411,1.31418,1.31402,1.31404,1428999938.9648438
2012-02-03 05:45:00,1.31404,1.31412,1.31404,1.31412,793499984.7412109
2012-02-03 05:46:00,1.31411,1.31414,1.314,1.31404,1059000015.2587891
2012-02-03 05:47:00,1.31407,1.31411,1.31405,1.31411,1028799972.5341797
2012-02-03 05:48:00,1.31411,1.31411,1.3141,1.3141,136400003.43322754
2012-02-03 05:49:00,1.3141,1.31413,1.3141,1.31413,468400001.5258789
2012-02-03 05:50:00,1.31411,1.31413,1.3141,1.31413,295699996.9482422
2012-02-03 05:51:00,1.31412,1.3142,1.31404,1.3142,1861699981.6894531
2012-02-03 05:52:00,1.3142,1.31422,1.3141,1.3141,1623899993.8964844
2012-02-03 05:53:00,1.3141,1.31413,1.3139,1.3139,1428000030.5175781
2012-02-03 05:54:00,1.31389,1.31409,1.31389,1.31407,2431199951.171875
2012-02-03 05:55:00,1.31406,1.31406,1.31381,1.31381,1015599975.5859375
2012-02-03 05:56:00,1.31381,1.31382,1.31359,1.31364,2000299987.7929688
2012-02-03 05:57:00,1.31363,1.31379,1.31363,1.31375,966900024.4140625
2012-02-03 05:58:00,1.31375,1.31376,1.31373,1.31373,621300010.6811523
2012-02-03 05:59:00,1.31375,1.31381,1.31372,1.31379,1081900024.4140625
2012-02-03 06:00:00,1.31379,1.31382,1.31361,1.31363,1974100036.6210938
2012-02-03 06:01:00,1.31363,1.31378,1.31355,1.31374,2241199951.171875
2012-02-03 06:02:00,1.31374,1.31381,1.31366,1.31381,1176999969.4824219
2012-02-03 06:03:00,1.31381,1.31381,1.31364,1.31375,1277200012.2070312
2012-02-03 06:04:00,1.31375,1.31375,1.31366,1.31371,1025999984.7412109
2012-02-03 06:05:00,1.31371,1.31382,1.31371,1.31378,991600036.6210938
2012-02-03 06:06:00,1.31379,1.31387,1.31372,1.31387,1356499938.9648438
2012-02-03 06:07:00,1.31387,1.31394,1.31385,1.31394,1608899993.8964844
2012-02-03 06:08:00,1.31394,1.31458,1.31394,1.31457,2562699890.1367188
2012-02-03 06:09:00,1.31459,1.31491,1.31458,1.31487,2398800048.828125
2012-02-03 06:10:00,1.31488,1.315,1.31472,1.31475,1521499938.9648438
2012-02-03 06:11:00,1.31475,1.31481,1.31469,1.31472,1226800003.0517578
2012-02-03 06:12:00,1.31473,1.31473,1.31458,1.31458,1753000030.5175781
2012-02-03 06:13:00,1.31458,1.31464,1.31452,1.31452,1559199981.6894531
2012-02-03 06:14:00,1.31452,1.31457,1.31442,1.31455,1935700073.2421875
2012-02-03 06:15:00,1.31455,1.31458,1.31452,1.31457,1361399993.8964844
2012-02-03 06:16:00,1.31457,1.31471,1.31452,1.3147,1690200042.7246094
2012-02-03 06:17:00,1.3147,1.31481,1.31465,1.31481,806900024.4140625
2012-02-03 06:18:00,1.31484,1.31485,1.31475,1.31483,1595299987.7929688
2012-02-03 06:19:00,1.31482,1.3152,1.31476,1.31517,1796900024.4140625
2012-02-03 06:20:00,1.31518,1.31521,1.31492,1.31497,2474499969.482422
2012-02-03 06:21:00,1.31496,1.31502,1.31492,1.31502,1733899993.8964844
2012-02-03 06:22:00,1.31502,1.3152,1.31502,1.31519,1663099975.5859375
2012-02-03 06:23:00,1.31519,1.31522,1.31501,1.31501,1447899932.8613281
2012-02-03 06:24:00,1.31501,1.31502,1.31493,1.31497,1581199951.171875
2012-02-03 06:25:00,1.31497,1.31499,1.31462,1.31464,2542200012.2070312
2012-02-03 06:26:00,1.31464,1.3147,1.31461,1.31465,2327299957.2753906
2012-02-03 06:27:00,1.31465,1.31471,1.31464,1.31471,940800018.3105469
2012-02-03 06:28:00,1.31471,1.31473,1.31467,1.3147,1041800003.0517578
2012-02-03 06:29:00,1.3147,1.31487,1.3147,1.31487,1302899932.8613281
2012-02-03 06:30:00,1.31488,1.31534,1.31488,1.31534,2250399932.861328
2012-02-03 06:31:00,1.31534,1.31555,1.31531,1.31543,2396600036.6210938
2012-02-03 06:32:00,1.31543,1.31544,1.31527,1.31527,1507400054.9316406
2012-02-03 06:33:00,1.31527,1.31529,1.3151,1.3151,1586399993.8964844
2012-02-03 06:34:00,1.31509,1.31509,1.31493,1.31502,1275299987.7929688
2012-02-03 06:35:00,1.31501,1.31507,1.31494,1.31494,541899986.2670898
2012-02-03 06:36:00,1.31494,1.31511,1.31494,1.31509,1724199981.6894531
2012-02-03 06:37:00,1.31507,1.31511,1.31486,1.31486,1633600006.1035156
2012-02-03 06:38:00,1.31486,1.31487,1.31476,1.31476,1185800018.3105469
2012-02-03 06:39:00,1.31477,1.31477,1.31469,1.31471,769300003.0517578
2012-02-03 06:40:00,1.31471,1.31487,1.31471,1.31483,1247200012.2070312
2012-02-03 06:41:00,1.31481,1.31487,1.31481,1.31487,839899978.6376953
2012-02-03 06:42:00,1.31487,1.31487,1.3147,1.31471,895000000.0
2012-02-03 06:43:00,1.31471,1.31472,1.31463,1.31468,975000000.0
2012-02-03 06:44:00,1.31468,1.3147,1.3144,1.31444,2207500000.0
2012-02-03 06:45:00,1.31444,1.31445,1.3143,1.31438,1705299987.7929688
2012-02-03 06:46:00,1.31438,1.31441,1.31438,1.31441,984199981.6894531
2012-02-03 06:47:00,1.31439,1.31444,1.31414,1.31424,1992599945.0683594
2012-02-03 06:48:00,1.31423,1.31434,1.31411,1.31434,2298399963.3789062
2012-02-03 06:49:00,1.31435,1.31448,1.31435,1.31446,1401000061.0351562
2012-02-03 06:50:00,1.31446,1.31446,1.31428,1.31437,839499969.4824219
2012-02-03 06:51:00,1.31437,1.31445,1.3143,1.31431,1698300018.3105469
2012-02-03 06:52:00,1.31431,1.31431,1.3142,1.31425,1135800018.3105469
2012-02-03 06:53:00,1.31425,1.31426,1.31392,1.31406,2202700042.7246094
2012-02-03 06:54:00,1.31405,1.31406,1.31381,1.31401,2320800018.310547
2012-02-03 06:55:00,1.31399,1.31399,1.31391,1.31398,1603699951.171875
2012-02-03 06:56:00,1.31399,1.314,1.31394,1.314,1169599990.8447266
2012-02-03 06:57:00,1.314,1.31421,1.31398,1.31403,1862799987.7929688
2012-02-03 06:58:00,1.31403,1.3142,1.31403,1.31414,1117099990.8447266
2012-02-03 06:59:00,1.31414,1.31431,1.31401,1.31431,1644400024.4140625
2012-02-03 07:00:00,1.31433,1.31445,1.31422,1.31438,1976900024.4140625
2012-02-03 07:01:00,1.31438,1.31439,1.31421,1.31423,1436600036.6210938
2012-02-03 07:02:00,1.31423,1.31452,1.31423,1.31452,1273000030.5175781
2012-02-03 07:03:00,1.31453,1.31462,1.31441,1.31459,1794900054.9316406
2012-02-03 07:04:00,1.31459,1.31478,1.31458,1.31474,1358699951.171875
2012-02-03 07:05:00,1.31476,1.31482,1.3147,1.31482,2439400024.4140625
2012-02-03 07:06:00,1.31482,1.31501,1.31481,1.3149,2211699981.689453
2012-02-03 07:07:00,1.31488,1.3149,1.31464,1.31472,1891799926.7578125
2012-02-03 07:08:00,1.31471,1.31476,1.31469,1.31476,1706799926.7578125
2012-02-03 07:09:00,1.31476,1.31486,1.31455,1.31455,1556399993.8964844
2012-02-03 07:10:00,1.31454,1.31465,1.31449,1.31451,1344499969.4824219
2012-02-03 07:11:00,1.31448,1.31451,1.3143,1.31432,1500899963.3789062
2012-02-03 07:12:00,1.31432,1.31432,1.3136,1.31364,2290800018.310547
2012-02-03 07:13:00,1.31364,1.31364,1.3133,1.31337,2596600036.6210938
2012-02-03 07:14:00,1.31334,1.31348,1.31329,1.31347,1906100006.1035156
2012-02-03 07:15:00,1.31347,1.31348,1.31295,1.31315,1805500030.5175781
2012-02-03 07:16:00,1.31317,1.31346,1.31316,1.31338,2277400054.9316406
2012-02-03 07:17:00,1.31338,1.31345,1.31301,1.31306,1980800018.3105469
2012-02-03 07:18:00,1.31307,1.31323,1.31302,1.31322,1930800018.3105469
2012-02-03 07:19:00,1.31322,1.31336,1.31322,1.31334,1460599975.5859375
2012-02-03 07:20:00,1.31332,1.3136,1.31331,1.31359,1486199951.171875
2012-02-03 07:21:00,1.31359,1.31371,1.31354,1.31354,1914100036.6210938
2012-02-03 07:22:00,1.31351,1.31357,1.31351,1.31354,1301199951.171875
2012-02-03 07:23:00,1.31355,1.3139,1.31355,1.31385,1835399932.8613281
2012-02-03 07:24:00,1.31385,1.31388,1.31365,1.31368,1117600021.3623047
2012-02-03 07:25:00,1.31366,1.31389,1.31361,1.31387,1721499938.9648438
2012-02-03 07:26:00,1.31387,1.31419,1.31387,1.31405,1834799957.2753906
2012-02-03 07:27:00,1.31403,1.31407,1.31399,1.31399,1308300018.3105469
2012-02-03 07:28:00,1.31399,1.31412,1.31388,1.31406,1947700042.7246094
2012-02-03 07:29:00,1.31403,1.31403,1.31377,1.31393,2093399963.3789062
2012-02-03 07:30:00,1.31393,1.31394,1.31369,1.31369,2706000061.0351562
2012-02-03 07:31:00,1.31369,1.31369,1.31265,1.31295,4202600097.65625
2012-02-03 07:32:00,1.31296,1.31345,1.31296,1.31341,2861099853.515625
2012-02-03 07:33:00,1.31342,1.31351,1.31311,1.31324,2716900024.4140625
2012-02-03 07:34:00,1.31324,1.31358,1.31316,1.31353,2369600067.138672
2012-02-03 07:35:00,1.31353,1.31353,1.31336,1.31345,1889499969.4824219
2012-02-03 07:36:00,1.31348,1.31348,1.31297,1.3132,2582099914.5507812
2012-02-03 07:37:00,1.31321,1.31357,1.31319,1.31352,1505899963.3789062
2012-02-03 07:38:00,1.31352,1.31353,1.31347,1.31348,1407200012.2070312
2012-02-03 07:39:00,1.31349,1.31349,1.31326,1.31336,1584100036.6210938
2012-02-03 07:40:00,1.31337,1.31381,1.31331,1.31381,1558200073.2421875
2012-02-03 07:41:00,1.31383,1.31387,1.31368,1.31371,2078200073.2421875
2012-02-03 07:42:00,1.31371,1.31371,1.31341,1.31366,2171999969.482422
2012-02-03 07:43:00,1.31366,1.31405,1.31366,1.31389,2550200042.7246094
2012-02-03 07:44:00,1.31389,1.31398,1.31386,1.31397,1968600006.1035156
2012-02-03 07:45:00,1.31399,1.31404,1.3139,1.3139,967399978.6376953
2012-02-03 07:46:00,1.3139,1.31411,1.31389,1.3141,1859299926.7578125
2012-02-03 07:47:00,1.31411,1.31417,1.31408,1.31411,770400009.1552734
2012-02-03 07:48:00,1.31411,1.31419,1.314,1.31413,2242799987.7929688
2012-02-03 07:49:00,1.31413,1.31436,1.31412,1.31436,1846100006.1035156
2012-02-03 07:50:00,1.31437,1.31483,1.31435,1.31482,2517299957.2753906
2012-02-03 07:51:00,1.31484,1.31503,1.31464,1.31467,2924700012.2070312
2012-02-03 07:52:00,1.31468,1.31495,1.31462,1.31489,2359600067.138672
2012-02-03 07:53:00,1.31488,1.31488,1.31468,1.31468,1823600006.1035156
2012-02-03 07:54:00,1.31469,1.31473,1.31469,1.31471,989199981.6894531
2012-02-03 07:55:00,1.31471,1.31471,1.31457,1.31463,1581399993.8964844
2012-02-03 07:56:00,1.31463,1.31487,1.31461,1.31487,1475700073.2421875
2012-02-03 07:57:00,1.31487,1.315,1.31477,1.31477,2577999877.9296875
2012-02-03 07:58:00,1.31477,1.31477,1.3145,1.31469,2043399963.3789062
2012-02-03 07:59:00,1.31469,1.31487,1.31465,1.31478,2047899932.8613281
2012-02-03 08:00:00,1.31476,1.31483,1.3146,1.31475,2829400024.4140625
2012-02-03 08:01:00,1.31473,1.31479,1.31454,1.31477,2689800109.8632812
2012-02-03 08:02:00,1.31476,1.31537,1.31476,1.31532,2541799926.7578125
2012-02-03 08:03:00,1.31532,1.31549,1.31531,1.31543,2708999938.9648438
2012-02-03 08:04:00,1.31542,1.31542,1.31504,1.31516,2340099945.0683594
2012-02-03 08:05:00,1.31515,1.31516,1.31481,1.31494,2241699981.689453
2012-02-03 08:06:00,1.31493,1.31503,1.31491,1.31497,1245500030.5175781
2012-02-03 08:07:00,1.31496,1.31496,1.31471,1.31472,1402799987.7929688
2012-02-03 08:08:00,1.31472,1.31477,1.31455,1.31455,1588300018.3105469
2012-02-03 08:09:00,1.31454,1.31454,1.31407,1.31411,3097200012.2070312
2012-02-03 08:10:00,1.3141,1.31434,1.31409,1.31413,2867699890.1367188
2012-02-03 08:11:00,1.31415,1.31421,1.31394,1.3142,2525000000.0
2012-02-03 08:12:00,1.31419,1.31421,1.31409,1.31419,1840899963.3789062
2012-02-03 08:13:00,1.31418,1.31418,1.31369,1.31385,3271300048.828125
2012-02-03 08:14:00,1.31385,1.31402,1.31368,1.3139,2386900024.4140625
2012-02-03 08:15:00,1.3139,1.31407,1.31382,1.31405,2033899993.8964844
2012-02-03 08:16:00,1.31405,1.3144,1.31405,1.31434,2303000030.517578
2012-02-03 08:17:00,1.31434,1.31448,1.31413,1.31419,2010700073.2421875
2012-02-03 08:18:00,1.31419,1.31473,1.31416,1.31473,2636499938.9648438
2012-02-03 08:19:00,1.31473,1.3148,1.31461,1.31463,2354299926.7578125
2012-02-03 08:20:00,1.31463,1.31511,1.31463,1.31508,1991999969.4824219
2012-02-03 08:21:00,1.31508,1.31524,1.31506,1.31524,1853999938.9648438
2012-02-03 08:22:00,1.31523,1.31525,1.31509,1.31521,1515000000.0
2012-02-03 08:23:00,1.31519,1.31519,1.31464,1.31468,1926799926.7578125
2012-02-03 08:24:00,1.31468,1.31469,1.31459,1.31467,1665700073.2421875
2012-02-03 08:25:00,1.31469,1.31469,1.31419,1.31419,1476999969.4824219
2012-02-03 08:26:00,1.3142,1.31429,1.31417,1.31427,1614400024.4140625
2012-02-03 08:27:00,1.31429,1.31429,1.31387,1.31387,2793999938.9648438
2012-02-03 08:28:00,1.31384,1.31401,1.31382,1.314,2471199951.171875
2012-02-03 08:29:00,1.31398,1.31401,1.31372,1.31373,2408899993.8964844
2012-02-03 08:30:00,1.31373,1.31399,1.31371,1.31399,2215200042.7246094
2012-02-03 08:31:00,1.31398,1.31404,1.31371,1.31375,1858800048.828125
2012-02-03 08:32:00,1.31375,1.31399,1.31371,1.31399,2271100006.1035156
2012-02-03 08:33:00,1.31399,1.31416,1.3139,1.31412,1748500061.0351562
2012-02-03 08:34:00,1.31412,1.31443,1.31405,1.31431,1846799926.7578125
2012-02-03 08:35:00,1.3143,1.31463,1.31422,1.31454,1926699981.6894531
2012-02-03 08:36:00,1.31454,1.31499,1.31447,1.3149,2614299926.7578125
2012-02-03 08:37:00,1.31489,1.3154,1.31487,1.31522,2398600006.1035156
2012-02-03 08:38:00,1.31522,1.3153,1.31508,1.31519,2988500061.0351562
2012-02-03 08:39:00,1.3152,1.3153,1.31498,1.31498,2409199981.689453
2012-02-03 08:40:00,1.31498,1.31504,1.31487,1.31502,1597599945.0683594
2012-02-03 08:41:00,1.31503,1.31536,1.31485,1.31507,2412299957.2753906
2012-02-03 08:42:00,1.31505,1.31519,1.31496,1.31519,2046999969.4824219
2012-02-03 08:43:00,1.31518,1.31529,1.31498,1.31502,1495899963.3789062
2012-02-03 08:44:00,1.315,1.31518,1.315,1.31506,1670500030.5175781
2012-02-03 08:45:00,1.31506,1.31563,1.31506,1.31556,2946799926.7578125
2012-02-03 08:46:00,1.31556,1.31623,1.31556,1.31598,3505700073.2421875
2012-02-03 08:47:00,1.31598,1.31613,1.31593,1.31599,3203299865.7226562
2012-02-03 08:48:00,1.31603,1.31606,1.3157,1.3157,2597799987.7929688
2012-02-03 08:49:00,1.3157,1.31575,1.3154,1.3154,2185299987.7929688
2012-02-03 08:50:00,1.3154,1.3155,1.31528,1.31539,2571099853.515625
2012-02-03 08:51:00,1.3154,1.3154,1.31524,1.31527,1809499969.4824219
2012-02-03 08:52:00,1.31527,1.31565,1.31527,1.31546,1931999969.4824219
2012-02-03 08:53:00,1.31546,1.31546,1.3151,1.31516,2264900054.9316406
2012-02-03 08:54:00,1.31515,1.31518,1.31479,1.31488,1619900054.9316406
2012-02-03 08:55:00,1.31491,1.31503,1.31491,1.31499,1751799926.7578125
2012-02-03 08:56:00,1.31499,1.31504,1.31483,1.31486,1417700042.7246094
2012-02-03 08:57:00,1.31487,1.3149,1.31484,1.31486,1668899993.8964844
2012-02-03 08:58:00,1.31485,1.31492,1.31483,1.31484,1652899932.8613281
2012-02-03 08:59:00,1.31484,1.31484,1.31441,1.31441,2802000122.0703125
2012-02-03 09:00:00,1.31442,1.31469,1.31442,1.31459,2497599945.0683594
2012-02-03 09:01:00,1.31459,1.31481,1.31459,1.31474,2022599945.0683594
2012-02-03 09:02:00,1.31474,1.31486,1.31474,1.31479,1405599975.5859375
2012-02-03 09:03:00,1.31478,1.3151,1.31478,1.31496,2657300109.8632812
2012-02-03 09:04:00,1.31496,1.31509,1.31494,1.31494,2159700012.2070312
2012-02-03 09:05:00,1.31493,1.31546,1.31493,1.31538,2123699951.171875
2012-02-03 09:06:00,1.31538,1.31583,1.31537,1.31566,3681400146.484375
2012-02-03 09:07:00,1.31567,1.31587,1.31554,1.31585,2471600036.6210938
2012-02-03 09:08:00,1.31584,1.31587,1.31564,1.31568,1668399963.3789062
2012-02-03 09:09:00,1.31568,1.31571,1.31558,1.31561,1595800018.3105469
2012-02-03 09:10:00,1.31561,1.31605,1.31558,1.3159,2583500061.0351562
2012-02-03 09:11:00,1.31591,1.31598,1.3157,1.31573,2606000061.0351562
2012-02-03 09:12:00,1.31572,1.31599,1.31567,1.31599,1839499969.4824219
2012-02-03 09:13:00,1.31599,1.31601,1.3157,1.31588,2699599914.5507812
2012-02-03 09:14:00,1.31588,1.31601,1.31574,1.31574,1862599945.0683594
2012-02-03 09:15:00,1.31576,1.31589,1.31563,1.31586,2694899902.34375
2012-02-03 09:16:00,1.31587,1.31617,1.31586,1.31616,2081100006.1035156
2012-02-03 09:17:00,1.31618,1.31624,1.31586,1.31595,2654400024.4140625
2012-02-03 09:18:00,1.31594,1.31594,1.31477,1.3149,4929400024.4140625
2012-02-03 09:19:00,1.31494,1.31509,1.3145,1.31509,3502699890.1367188
2012-02-03 09:20:00,1.31505,1.31505,1.31475,1.31483,2398500061.0351562
2012-02-03 09:21:00,1.31482,1.31509,1.31481,1.31509,2228600006.1035156
2012-02-03 09:22:00,1.31509,1.31527,1.31479,1.31479,2946799926.7578125
2012-02-03 09:23:00,1.31477,1.31493,1.3146,1.3149,2195700073.2421875
2012-02-03 09:24:00,1.3149,1.31517,1.3149,1.31512,3068099975.5859375
2012-02-03 09:25:00,1.31509,1.31528,1.31501,1.31506,2610100097.65625
2012-02-03 09:26:00,1.31506,1.31541,1.315,1.31524,2570400085.4492188
2012-02-03 09:27:00,1.31524,1.31528,1.31512,1.31512,1521100006.1035156
2012-02-03 09:28:00,1.31512,1.31538,1.31512,1.3153,2250800018.310547
2012-02-03 09:29:00,1.3153,1.31548,1.31529,1.31542,1776799926.7578125
2012-02-03 09:30:00,1.31542,1.31615,1.31542,1.31615,2961900024.4140625
2012-02-03 09:31:00,1.31617,1.31673,1.31617,1.31651,4241799926.7578125
2012-02-03 09:32:00,1.31653,1.31659,1.31634,1.31659,3056900024.4140625
2012-02-03 09:33:00,1.31659,1.31679,1.31649,1.31657,3290899963.3789062
2012-02-03 09:34:00,1.31655,1.31726,1.31655,1.31724,3576199951.171875
2012-02-03 09:35:00,1.31723,1.31742,1.31687,1.31687,3860199890.1367188
2012-02-03 09:36:00,1.31685,1.31693,1.31653,1.31671,3470899963.3789062
2012-02-03 09:37:00,1.31669,1.31699,1.31663,1.31673,3283500061.0351562
2012-02-03 09:38:00,1.31673,1.31675,1.31643,1.31648,3045599975.5859375
2012-02-03 09:39:00,1.31648,1.31674,1.31648,1.31672,2132899932.8613281
2012-02-03 09:40:00,1.31672,1.3168,1.31658,1.31659,2404199981.689453
2012-02-03 09:41:00,1.31656,1.31658,1.31624,1.31645,2546900024.4140625
2012-02-03 09:42:00,1.31646,1.31696,1.31646,1.31684,2601700134.2773438
2012-02-03 09:43:00,1.31685,1.31722,1.31685,1.31694,2805700073.2421875
2012-02-03 09:44:00,1.31693,1.31728,1.31688,1.31714,2564200134.2773438
2012-02-03 09:45:00,1.31712,1.31724,1.31701,1.31711,2615799865.7226562
2012-02-03 09:46:00,1.31708,1.31711,1.31687,1.31711,2175200042.7246094
2012-02-03 09:47:00,1.31711,1.31715,1.31673,1.31673,2084700012.2070312
2012-02-03 09:48:00,1.31671,1.31724,1.31661,1.3172,2248099975.5859375
2012-02-03 09:49:00,1.3172,1.31736,1.31702,1.31706,2714700012.2070312
2012-02-03 09:50:00,1.31706,1.3172,1.31698,1.31699,1939299926.7578125
2012-02-03 09:51:00,1.31699,1.31714,1.31683,1.31683,2096999969.4824219
2012-02-03 09:52:00,1.31682,1.317,1.3168,1.317,2036100006.1035156
2012-02-03 09:53:00,1.317,1.31712,1.3167,1.3167,2595400085.4492188
2012-02-03 09:54:00,1.31668,1.31669,1.31642,1.31664,2507700042.7246094
2012-02-03 09:55:00,1.31664,1.31698,1.31662,1.31663,2624800109.8632812
2012-02-03 09:56:00,1.31663,1.31663,1.31631,1.31645,1849100036.6210938
2012-02-03 09:57:00,1.31643,1.31653,1.31623,1.31639,2499100036.6210938
2012-02-03 09:58:00,1.31638,1.31662,1.31636,1.31662,2025299987.7929688
2012-02-03 09:59:00,1.3166,1.31667,1.31652,1.31666,2038500061.0351562
2012-02-03 10:00:00,1.31664,1.31664,1.3164,1.31661,2592999877.9296875
2012-02-03 10:01:00,1.31661,1.31722,1.31653,1.31714,2458699951.171875
2012-02-03 10:02:00,1.31713,1.31744,1.31703,1.31741,2369100036.6210938
2012-02-03 10:03:00,1.3174,1.31757,1.3173,1.3173,3106000061.0351562
2012-02-03 10:04:00,1.3173,1.31737,1.31723,1.31727,2440000000.0
2012-02-03 10:05:00,1.31728,1.3173,1.31709,1.31714,2292200012.2070312
2012-02-03 10:06:00,1.31714,1.31727,1.31696,1.31702,2262400054.9316406
2012-02-03 10:07:00,1.317,1.317,1.31651,1.31674,2331699981.689453
2012-02-03 10:08:00,1.31674,1.31674,1.31634,1.31648,2605000000.0
2012-02-03 10:09:00,1.31649,1.31657,1.31598,1.31612,2725000000.0
2012-02-03 10:10:00,1.31612,1.31653,1.31612,1.31644,2672300109.8632812
2012-02-03 10:11:00,1.31643,1.31698,1.31643,1.31675,2878999938.9648438
2012-02-03 10:12:00,1.31678,1.31713,1.31667,1.31687,3295899963.3789062
2012-02-03 10:13:00,1.31687,1.31712,1.31682,1.3169,2707999877.9296875
2012-02-03 10:14:00,1.31689,1.317,1.31683,1.31683,2483999938.9648438
2012-02-03 10:15:00,1.31683,1.31761,1.31682,1.31761,3205700073.2421875
2012-02-03 10:16:00,1.3176,1.31792,1.31753,1.31769,2635700073.2421875
2012-02-03 10:17:00,1.31768,1.31778,1.31748,1.31748,3031000061.0351562
2012-02-03 10:18:00,1.31747,1.31768,1.31725,1.31725,2474100036.6210938
2012-02-03 10:19:00,1.31723,1.31782,1.31719,1.31764,3178299865.7226562
2012-02-03 10:20:00,1.31764,1.31798,1.31758,1.31786,2516199951.171875
2012-02-03 10:21:00,1.31785,1.31796,1.3176,1.31761,3087900085.4492188
2012-02-03 10:22:00,1.31761,1.31762,1.31748,1.31755,2703699951.171875
2012-02-03 10:23:00,1.31754,1.3176,1.31748,1.31752,1733099975.5859375
2012-02-03 10:24:00,1.31749,1.31766,1.31738,1.31755,1581399993.8964844
2012-02-03 10:25:00,1.31753,1.31763,1.3175,1.3176,1407500000.0
2012-02-03 10:26:00,1.31762,1.31769,1.3173,1.31734,2240399932.861328
2012-02-03 10:27:00,1.31735,1.31742,1.31729,1.3173,1821399993.8964844
2012-02-03 10:28:00,1.31729,1.3174,1.31728,1.31731,1790700073.2421875
2012-02-03 10:29:00,1.31731,1.3178,1.31731,1.31755,2265800018.310547
2012-02-03 10:30:00,1.31758,1.31786,1.31755,1.31774,2616400146.484375
2012-02-03 10:31:00,1.31775,1.31781,1.31763,1.31763,2513200073.2421875
2012-02-03 10:32:00,1.31758,1.31766,1.3174,1.31766,2701700134.2773438
2012-02-03 10:33:00,1.31764,1.31764,1.31747,1.31753,1191999969.4824219
2012-02-03 10:34:00,1.31752,1.31763,1.31745,1.31758,2469900054.9316406
2012-02-03 10:35:00,1.31757,1.31783,1.31756,1.31783,2045500030.5175781
2012-02-03 10:36:00,1.31786,1.31793,1.31769,1.31787,1942700042.7246094
2012-02-03 10:37:00,1.31784,1.31787,1.31767,1.31777,2403500061.0351562
2012-02-03 10:38:00,1.31778,1.31793,1.31768,1.31768,1620800018.3105469
2012-02-03 10:39:00,1.31768,1.31768,1.31754,1.31768,1965000000.0
2012-02-03 10:40:00,1.31766,1.31782,1.3176,1.3177,2141999969.4824219
2012-02-03 10:41:00,1.31771,1.31779,1.31752,1.31758,2453699951.171875
2012-02-03 10:42:00,1.31758,1.31797,1.31757,1.31797,3118399963.3789062
2012-02-03 10:43:00,1.31797,1.31811,1.31795,1.31811,2309799957.2753906
2012-02-03 10:44:00,1.31814,1.31828,1.31798,1.318,2774800109.8632812
2012-02-03 10:45:00,1.318,1.31817,1.318,1.31815,1748600006.1035156
2012-02-03 10:46:00,1.31815,1.31829,1.31807,1.31821,2135200042.7246094
2012-02-03 10:47:00,1.31821,1.31823,1.31801,1.31803,2082700042.7246094
2012-02-03 10:48:00,1.31803,1.31804,1.31766,1.31773,2878299865.7226562
2012-02-03 10:49:00,1.31773,1.31782,1.31757,1.31763,1639900054.9316406
2012-02-03 10:50:00,1.31762,1.31771,1.31755,1.31765,2256000061.0351562
2012-02-03 10:51:00,1.31765,1.31773,1.31755,1.31765,2934599914.5507812
2012-02-03 10:52:00,1.31763,1.31765,1.31755,1.3176,3312399902.34375
2012-02-03 10:53:00,1.31761,1.31762,1.3173,1.31735,2057700042.7246094
2012-02-03 10:54:00,1.31738,1.31738,1.31716,1.31725,2185299987.7929688
2012-02-03 10:55:00,1.31725,1.31729,1.31709,1.31726,2434299926.7578125
2012-02-03 10:56:00,1.31724,1.31736,1.31724,1.31732,2038899993.8964844
2012-02-03 10:57:00,1.31733,1.31746,1.31727,1.31736,1839299926.7578125
2012-02-03 10:58:00,1.31736,1.31752,1.31736,1.31737,1640099945.0683594
2012-02-03 10:59:00,1.31737,1.3175,1.31734,1.31735,2327799987.7929688
2012-02-03 11:00:00,1.31735,1.31744,1.31699,1.31701,2036399993.8964844
2012-02-03 11:01:00,1.31703,1.31717,1.31702,1.31705,1558099975.5859375
2012-02-03 11:02:00,1.31704,1.31708,1.31674,1.31694,2541900024.4140625
2012-02-03 11:03:00,1.31695,1.31711,1.31688,1.31706,2659599914.5507812
2012-02-03 11:04:00,1.31709,1.31716,1.31693,1.31693,1891600036.6210938
2012-02-03 11:05:00,1.31691,1.31691,1.31667,1.31667,2712799987.7929688
2012-02-03 11:06:00,1.31667,1.31687,1.31667,1.31675,2372700042.7246094
2012-02-03 11:07:00,1.31674,1.31691,1.31673,1.31688,2642799987.7929688
2012-02-03 11:08:00,1.31689,1.31689,1.31685,1.31687,1466799926.7578125
2012-02-03 11:09:00,1.31688,1.31749,1.31685,1.31746,1858399963.3789062
2012-02-03 11:10:00,1.31744,1.31744,1.31724,1.31736,2303500061.0351562
2012-02-03 11:11:00,1.31736,1.31745,1.3173,1.31741,1373099975.5859375
2012-02-03 11:12:00,1.31737,1.31739,1.31721,1.31724,1474499969.4824219
2012-02-03 11:13:00,1.31724,1.31741,1.31723,1.31732,1721699981.6894531
2012-02-03 11:14:00,1.31733,1.31749,1.31719,1.31745,1707400054.9316406
2012-02-03 11:15:00,1.31744,1.31744,1.3172,1.3172,1713200073.2421875
2012-02-03 11:16:00,1.31719,1.31756,1.31716,1.31755,2466600036.6210938
2012-02-03 11:17:00,1.31755,1.3178,1.31755,1.31773,2219199981.689453
2012-02-03 11:18:00,1.31773,1.3179,1.31768,1.31783,1858800048.828125
2012-02-03 11:19:00,1.31784,1.31785,1.31766,1.31777,2302599945.0683594
2012-02-03 11:20:00,1.31777,1.31794,1.31772,1.31792,2147100067.1386719
2012-02-03 11:21:00,1.31795,1.31809,1.31783,1.31796,1781999969.4824219
2012-02-03 11:22:00,1.31797,1.3182,1.31795,1.31819,2583699951.171875
2012-02-03 11:23:00,1.31818,1.31818,1.31765,1.31768,2727600097.65625
2012-02-03 11:24:00,1.31766,1.31772,1.31756,1.31771,2640599975.5859375
2012-02-03 11:25:00,1.31772,1.31781,1.31758,1.31759,2079799957.2753906
2012-02-03 11:26:00,1.31759,1.31768,1.31745,1.31764,1996900024.4140625
2012-02-03 11:27:00,1.31763,1.31774,1.31754,1.31759,2248800048.828125
2012-02-03 11:28:00,1.31758,1.31798,1.3175,1.31793,2768299865.7226562
2012-02-03 11:29:00,1.31792,1.31827,1.31792,1.31827,4202399902.34375
2012-02-03 11:30:00,1.31828,1.31856,1.31827,1.31849,3794700012.2070312
2012-02-03 11:31:00,1.31848,1.31848,1.31831,1.31842,2798699951.171875
2012-02-03 11:32:00,1.31843,1.31852,1.31839,1.31846,2777699890.1367188
2012-02-03 11:33:00,1.31845,1.31846,1.31793,1.31793,2336799926.7578125
2012-02-03 11:34:00,1.31791,1.31791,1.31746,1.31748,3048200073.2421875
2012-02-03 11:35:00,1.31748,1.31758,1.31723,1.31728,2601300048.828125
2012-02-03 11:36:00,1.31729,1.31743,1.3172,1.31741,2902600097.65625
2012-02-03 11:37:00,1.31741,1.31748,1.31699,1.317,3091000061.0351562
2012-02-03 11:38:00,1.31699,1.3171,1.31675,1.31706,3463399963.3789062
2012-02-03 11:39:00,1.31708,1.31739,1.31688,1.31729,3239800109.8632812
2012-02-03 11:40:00,1.31729,1.31756,1.31719,1.31729,2733099975.5859375
2012-02-03 11:41:00,1.31729,1.31733,1.31714,1.31717,1320899963.3789062
2012-02-03 11:42:00,1.31715,1.31738,1.31711,1.31718,2164700012.2070312
2012-02-03 11:43:00,1.31716,1.31716,1.31671,1.31688,2313200073.2421875
2012-02-03 11:44:00,1.31689,1.31689,1.31625,1.31637,3881900024.4140625
2012-02-03 11:45:00,1.31637,1.31643,1.31621,1.31633,3466000061.0351562
2012-02-03 11:46:00,1.31634,1.3168,1.31627,1.31671,3455599975.5859375
2012-02-03 11:47:00,1.3167,1.3167,1.31648,1.31652,2045299987.7929688
2012-02-03 11:48:00,1.31651,1.3166,1.31648,1.3165,1644100036.6210938
2012-02-03 11:49:00,1.3165,1.3165,1.31608,1.31622,2879100036.6210938
2012-02-03 11:50:00,1.31622,1.31634,1.31597,1.31597,2705199890.1367188
2012-02-03 11:51:00,1.31597,1.31611,1.31579,1.31603,2416999969.482422
2012-02-03 11:52:00,1.31604,1.31611,1.31573,1.31581,2523200073.2421875
2012-02-03 11:53:00,1.31581,1.31616,1.31581,1.31606,1848600006.1035156
2012-02-03 11:54:00,1.31605,1.31645,1.31604,1.31638,2331999969.482422
2012-02-03 11:55:00,1.31637,1.31669,1.31623,1.31652,2459400024.4140625
2012-02-03 11:56:00,1.31651,1.31679,1.31647,1.31656,2698500061.0351562
2012-02-03 11:57:00,1.31654,1.31656,1.31631,1.31647,1673999938.9648438
2012-02-03 11:58:00,1.31645,1.31649,1.31642,1.31644,1255100021.3623047
2012-02-03 11:59:00,1.31644,1.31644,1.3159,1.31596,1978200073.2421875
2012-02-03 12:00:00,1.31598,1.31598,1.31567,1.31579,2222200012.2070312
2012-02-03 12:01:00,1.31579,1.31589,1.31566,1.31583,2489900054.9316406
2012-02-03 12:02:00,1.31584,1.31589,1.31576,1.31584,2291600036.6210938
2012-02-03 12:03:00,1.31584,1.31596,1.31573,1.31577,2424100036.6210938
2012-02-03 12:04:00,1.31578,1.31608,1.31576,1.31606,1978200073.2421875
2012-02-03 12:05:00,1.31607,1.31622,1.31607,1.31609,1861199951.171875
2012-02-03 12:06:00,1.31609,1.31618,1.31604,1.31616,2461699981.689453
2012-02-03 12:07:00,1.31615,1.31621,1.31611,1.31613,2167400054.9316406
2012-02-03 12:08:00,1.31613,1.31623,1.31611,1.31622,1335399932.8613281
2012-02-03 12:09:00,1.31622,1.3166,1.31622,1.31655,2462799987.7929688
2012-02-03 12:10:00,1.31655,1.31684,1.31646,1.31647,3383299865.7226562
2012-02-03 12:11:00,1.31647,1.31647,1.31625,1.31625,1575099945.0683594
2012-02-03 12:12:00,1.31625,1.31625,1.31594,1.31595,2300200042.7246094
2012-02-03 12:13:00,1.31597,1.31601,1.31575,1.316,1748500061.0351562
2012-02-03 12:14:00,1.31601,1.31601,1.31564,1.31589,2190000000.0
2012-02-03 12:15:00,1.31589,1.3159,1.31563,1.31568,2276600036.6210938
2012-02-03 12:16:00,1.31569,1.31573,1.31561,1.31571,1888899993.8964844
2012-02-03 12:17:00,1.31572,1.31575,1.31557,1.31574,1824900054.9316406
2012-02-03 12:18:00,1.31574,1.31593,1.31566,1.31593,1744199981.6894531
2012-02-03 12:19:00,1.31594,1.31595,1.31578,1.31592,2156199951.171875
2012-02-03 12:20:00,1.31592,1.31592,1.31572,1.31577,1442400054.9316406
2012-02-03 12:21:00,1.31579,1.31583,1.31561,1.31581,2042299957.2753906
2012-02-03 12:22:00,1.31581,1.3163,1.3158,1.3163,1813099975.5859375
2012-02-03 12:23:00,1.3163,1.3163,1.31609,1.31617,2670000000.0
2012-02-03 12:24:00,1.31617,1.3165,1.31607,1.31648,2565000000.0
2012-02-03 12:25:00,1.31648,1.31648,1.31619,1.31628,1952200012.2070312
2012-02-03 12:26:00,1.31629,1.3163,1.31608,1.31608,1923300018.3105469
2012-02-03 12:27:00,1.31609,1.31609,1.3159,1.31597,2285700073.2421875
2012-02-03 12:28:00,1.31597,1.31612,1.31592,1.31592,2051900024.4140625
2012-02-03 12:29:00,1.31592,1.31602,1.31592,1.316,1826300048.828125
2012-02-03 12:30:00,1.316,1.31621,1.316,1.31621,1680200042.7246094
2012-02-03 12:31:00,1.31621,1.3163,1.31608,1.31624,2376399993.8964844
2012-02-03 12:32:00,1.31627,1.31663,1.31615,1.31651,2375299987.7929688
2012-02-03 12:33:00,1.31651,1.31664,1.31645,1.31648,1716999969.4824219
2012-02-03 12:34:00,1.3165,1.31651,1.3162,1.31635,2094600067.1386719
2012-02-03 12:35:00,1.31635,1.31635,1.31623,1.31629,1285099945.0683594
2012-02-03 12:36:00,1.31629,1.31643,1.31619,1.31626,1631399993.8964844
2012-02-03 12:37:00,1.31626,1.31637,1.31605,1.31634,2076600036.6210938
2012-02-03 12:38:00,1.31632,1.31637,1.3161,1.31621,2205800018.310547
2012-02-03 12:39:00,1.31621,1.31638,1.31612,1.31631,2418000030.517578
2012-02-03 12:40:00,1.31631,1.31631,1.31619,1.3162,1336199951.171875
2012-02-03 12:41:00,1.31619,1.31628,1.31609,1.31625,1903699951.171875
2012-02-03 12:42:00,1.31627,1.31639,1.31614,1.31626,2191199951.171875
2012-02-03 12:43:00,1.31626,1.31627,1.31605,1.3161,1792100067.1386719
2012-02-03 12:44:00,1.31609,1.31622,1.31605,1.31621,1828500061.0351562
2012-02-03 12:45:00,1.31621,1.31623,1.3162,1.31621,565999984.7412109
2012-02-03 12:46:00,1.31621,1.31622,1.31605,1.3162,1823000030.5175781
2012-02-03 12:47:00,1.3162,1.31623,1.31607,1.31607,1357100067.1386719
2012-02-03 12:48:00,1.31606,1.31618,1.31599,1.31603,2085800018.3105469
2012-02-03 12:49:00,1.31603,1.31603,1.31559,1.3156,1766399993.8964844
2012-02-03 12:50:00,1.3156,1.31563,1.31543,1.31543,2610299987.7929688
2012-02-03 12:51:00,1.31543,1.31561,1.31542,1.31552,1776100006.1035156
2012-02-03 12:52:00,1.31552,1.31569,1.31536,1.31563,2079499969.4824219
2012-02-03 12:53:00,1.31563,1.31572,1.31545,1.31571,2690100097.65625
2012-02-03 12:54:00,1.31572,1.31584,1.31568,1.31568,2143999938.9648438
2012-02-03 12:55:00,1.31567,1.31567,1.31533,1.31533,1788999938.9648438
2012-02-03 12:56:00,1.31533,1.31539,1.31517,1.31522,2332700042.7246094
2012-02-03 12:57:00,1.31518,1.31553,1.31517,1.31543,2127400054.9316406
2012-02-03 12:58:00,1.31543,1.31563,1.31539,1.31559,1668000030.5175781
2012-02-03 12:59:00,1.31558,1.31575,1.31538,1.31538,2470000000.0
2012-02-03 13:00:00,1.31538,1.31543,1.31534,1.31535,2108500061.0351562
2012-02-03 13:01:00,1.31535,1.31566,1.31533,1.31565,1954199981.6894531
2012-02-03 13:02:00,1.31565,1.31596,1.31562,1.31593,2082200012.2070312
2012-02-03 13:03:00,1.31593,1.3162,1.31592,1.31613,2110899963.3789062
2012-02-03 13:04:00,1.31613,1.31638,1.31612,1.31613,1561699981.6894531
2012-02-03 13:05:00,1.31613,1.31613,1.31592,1.31596,2321799926.7578125
2012-02-03 13:06:00,1.31595,1.3161,1.31592,1.31603,1949799957.2753906
2012-02-03 13:07:00,1.31603,1.3161,1.31595,1.31599,1811699981.6894531
2012-02-03 13:08:00,1.31597,1.31633,1.31593,1.31625,2187200012.2070312
2012-02-03 13:09:00,1.31624,1.31635,1.31618,1.31624,1795599975.5859375
2012-02-03 13:10:00,1.31623,1.31623,1.31603,1.31606,2602799987.7929688
2012-02-03 13:11:00,1.31608,1.31609,1.31577,1.31579,1725399932.8613281
2012-02-03 13:12:00,1.3158,1.3158,1.3155,1.31578,2365200042.7246094
2012-02-03 13:13:00,1.31579,1.31599,1.3157,1.3157,2367400054.9316406
2012-02-03 13:14:00,1.3157,1.31579,1.31556,1.31578,2801199951.171875
2012-02-03 13:15:00,1.31576,1.31624,1.31576,1.31621,2570899963.3789062
2012-02-03 13:16:00,1.31621,1.31653,1.31614,1.31648,2314799957.2753906
2012-02-03 13:17:00,1.31647,1.31654,1.31636,1.31648,2414799957.2753906
2012-02-03 13:18:00,1.31648,1.31648,1.31623,1.31638,2073999938.9648438
2012-02-03 13:19:00,1.3164,1.31644,1.31633,1.31644,1751900024.4140625
2012-02-03 13:20:00,1.31645,1.31668,1.31645,1.31651,2427299957.2753906
2012-02-03 13:21:00,1.31651,1.31658,1.31628,1.31629,2677600097.65625
2012-02-03 13:22:00,1.31631,1.31651,1.31627,1.31651,2199299926.7578125
2012-02-03 13:23:00,1.31651,1.3166,1.31637,1.3164,2396000061.0351562
2012-02-03 13:24:00,1.31641,1.31673,1.31641,1.31662,3048500061.0351562
2012-02-03 13:25:00,1.31662,1.31666,1.31648,1.31652,2707399902.34375
2012-02-03 13:26:00,1.31652,1.31677,1.31652,1.31661,3673900146.484375
2012-02-03 13:27:00,1.31664,1.31664,1.31651,1.31656,2114900054.9316406
2012-02-03 13:28:00,1.31656,1.31692,1.31656,1.31683,2745799865.7226562
2012-02-03 13:29:00,1.31682,1.31707,1.31674,1.31702,2791600036.6210938
2012-02-03 13:30:00,1.31701,1.31841,1.31684,1.31841,3270400085.4492188
2012-02-03 13:31:00,1.31843,1.31913,1.3183,1.3183,4240400085.4492188
2012-02-03 13:32:00,1.31829,1.31831,1.31743,1.31744,4260100097.65625
2012-02-03 13:33:00,1.31742,1.31742,1.31614,1.31615,3982900085.4492188
2012-02-03 13:34:00,1.31612,1.31612,1.31515,1.31575,3775899963.3789062
2012-02-03 13:35:00,1.31574,1.31668,1.31574,1.31656,4718999938.964844
2012-02-03 13:36:00,1.31656,1.31718,1.31656,1.31715,4039400024.4140625
2012-02-03 13:37:00,1.31715,1.31836,1.31715,1.31815,4542500000.0
2012-02-03 13:38:00,1.31813,1.31813,1.31723,1.31735,4449700012.207031
2012-02-03 13:39:00,1.31738,1.31841,1.31737,1.31834,5133900146.484375
2012-02-03 13:40:00,1.31834,1.31861,1.31784,1.31795,5016099853.515625
2012-02-03 13:41:00,1.31793,1.31793,1.31697,1.31697,3639100036.6210938
2012-02-03 13:42:00,1.31697,1.31697,1.31553,1.31553,4267799987.7929688
2012-02-03 13:43:00,1.31553,1.31587,1.31504,1.31504,3819700012.2070312
2012-02-03 13:44:00,1.31501,1.31607,1.31501,1.31583,4281700134.2773438
2012-02-03 13:45:00,1.31583,1.31589,1.31471,1.31488,4827600097.65625
2012-02-03 13:46:00,1.31487,1.31487,1.31366,1.31366,4447200012.207031
2012-02-03 13:47:00,1.31363,1.31366,1.31266,1.31266,4529899902.34375
2012-02-03 13:48:00,1.31264,1.31265,1.31201,1.31238,4628599853.515625
2012-02-03 13:49:00,1.31238,1.31249,1.31199,1.31219,4377000122.0703125
2012-02-03 13:50:00,1.31219,1.31219,1.31144,1.31172,5366500244.140625
2012-02-03 13:51:00,1.31175,1.31261,1.31175,1.31261,4324700012.207031
2012-02-03 13:52:00,1.31263,1.31279,1.31215,1.31215,4573999938.964844
2012-02-03 13:53:00,1.31216,1.31216,1.31097,1.31097,3769100036.6210938
2012-02-03 13:54:00,1.31096,1.31096,1.31014,1.31016,4096300048.828125
2012-02-03 13:55:00,1.31017,1.31028,1.30948,1.31001,4466900024.4140625
2012-02-03 13:56:00,1.31001,1.31074,1.31001,1.31072,3740299987.7929688
2012-02-03 13:57:00,1.31073,1.31121,1.31067,1.31089,3838500061.0351562
2012-02-03 13:58:00,1.31088,1.3116,1.31055,1.31159,5121599731.4453125
2012-02-03 13:59:00,1.3116,1.31193,1.31144,1.31163,3967600097.65625
2012-02-03 14:00:00,1.31163,1.31186,1.31122,1.31173,3817399902.34375
2012-02-03 14:01:00,1.31173,1.31242,1.31154,1.31206,4777999877.9296875
2012-02-03 14:02:00,1.31206,1.31266,1.31178,1.31266,4223299865.7226562
2012-02-03 14:03:00,1.31266,1.31297,1.31228,1.31228,4110899963.3789062
2012-02-03 14:04:00,1.31228,1.3126,1.31212,1.31239,3446199951.171875
2012-02-03 14:05:00,1.31239,1.31239,1.31127,1.31144,3849700012.2070312
2012-02-03 14:06:00,1.31145,1.3117,1.3111,1.3111,4075799865.7226562
2012-02-03 14:07:00,1.31111,1.31111,1.31001,1.31006,4325299987.792969
2012-02-03 14:08:00,1.31008,1.31079,1.31008,1.31062,3829400024.4140625
2012-02-03 14:09:00,1.31061,1.31062,1.30975,1.31011,5207700195.3125
2012-02-03 14:10:00,1.31011,1.31011,1.30897,1.30897,4303500061.035156
2012-02-03 14:11:00,1.309,1.309,1.30788,1.30831,5024100036.621094
2012-02-03 14:12:00,1.30831,1.30896,1.30818,1.30895,4532699890.136719
2012-02-03 14:13:00,1.30895,1.30913,1.30878,1.30905,4202200012.2070312
2012-02-03 14:14:00,1.30909,1.30936,1.30853,1.30867,4295400085.449219
2012-02-03 14:15:00,1.30866,1.30876,1.30799,1.3082,4927099914.550781
2012-02-03 14:16:00,1.30818,1.30912,1.30808,1.30912,5112300109.863281
2012-02-03 14:17:00,1.30912,1.30939,1.30882,1.30882,5376500244.140625
2012-02-03 14:18:00,1.3088,1.30913,1.30854,1.3088,4024400024.4140625
2012-02-03 14:19:00,1.30879,1.3088,1.30807,1.30807,3536000061.0351562
2012-02-03 14:20:00,1.30804,1.30806,1.3068,1.30702,4155000000.0
2012-02-03 14:21:00,1.30705,1.30758,1.30699,1.30758,3942500000.0
2012-02-03 14:22:00,1.30759,1.30807,1.30759,1.30796,4504200134.277344
2012-02-03 14:23:00,1.30796,1.30836,1.30793,1.30793,3799700012.2070312
2012-02-03 14:24:00,1.30792,1.30813,1.30765,1.30798,4274400024.4140625
2012-02-03 14:25:00,1.30798,1.30825,1.30757,1.30779,3480499877.9296875
2012-02-03 14:26:00,1.30778,1.30832,1.30776,1.30806,4323699951.171875
2012-02-03 14:27:00,1.30807,1.3084,1.30807,1.30836,3957900085.4492188
2012-02-03 14:28:00,1.30836,1.30857,1.30784,1.30784,4077500000.0
2012-02-03 14:29:00,1.30784,1.30862,1.30776,1.30853,4002600097.65625
2012-02-03 14:30:00,1.30854,1.30911,1.30847,1.309,4320499877.9296875
2012-02-03 14:31:00,1.30902,1.30904,1.30857,1.30876,4273299865.7226562
2012-02-03 14:32:00,1.30874,1.3089,1.3084,1.30852,3476099853.515625
2012-02-03 14:33:00,1.30851,1.30928,1.30834,1.30893,3865899963.3789062
2012-02-03 14:34:00,1.30893,1.30935,1.30869,1.30927,3857999877.9296875
2012-02-03 14:35:00,1.30928,1.30979,1.30912,1.30975,4163500061.0351562
2012-02-03 14:36:00,1.30976,1.31016,1.30965,1.30987,4895000000.0
2012-02-03 14:37:00,1.30986,1.30987,1.30908,1.30919,3659200134.2773438
2012-02-03 14:38:00,1.30918,1.30958,1.30914,1.30931,3176099853.515625
2012-02-03 14:39:00,1.30932,1.30968,1.30923,1.30942,3805700073.2421875
2012-02-03 14:40:00,1.30946,1.3102,1.30945,1.31018,3016700134.2773438
2012-02-03 14:41:00,1.31017,1.31017,1.30952,1.30952,3578099975.5859375
2012-02-03 14:42:00,1.30949,1.30954,1.30895,1.30895,3855400085.4492188
2012-02-03 14:43:00,1.30895,1.30972,1.30893,1.30967,3541000061.0351562
2012-02-03 14:44:00,1.30968,1.31024,1.3096,1.30965,4537600097.65625
2012-02-03 14:45:00,1.30967,1.30976,1.30935,1.30975,3017200012.2070312
2012-02-03 14:46:00,1.30978,1.31037,1.30978,1.30988,3478999938.9648438
2012-02-03 14:47:00,1.30988,1.30988,1.30936,1.30943,3262200012.2070312
2012-02-03 14:48:00,1.3094,1.30982,1.3094,1.30963,3426799926.7578125
2012-02-03 14:49:00,1.30962,1.30979,1.30928,1.30978,3721000061.0351562
2012-02-03 14:50:00,1.30981,1.31002,1.30981,1.30983,3998299865.7226562
2012-02-03 14:51:00,1.30982,1.30989,1.30944,1.30989,2743800048.828125
2012-02-03 14:52:00,1.30993,1.30994,1.30949,1.3097,2988599853.515625
2012-02-03 14:53:00,1.3097,1.3098,1.30947,1.30949,2802000122.0703125
2012-02-03 14:54:00,1.3095,1.30965,1.30947,1.30957,2702099914.5507812
2012-02-03 14:55:00,1.30957,1.30975,1.3091,1.3091,3493500061.0351562
2012-02-03 14:56:00,1.30911,1.30971,1.30911,1.30948,2803900146.484375
2012-02-03 14:57:00,1.3095,1.30966,1.30927,1.30966,3497399902.34375
2012-02-03 14:58:00,1.30967,1.30995,1.30958,1.30995,4195899963.3789062
2012-02-03 14:59:00,1.30995,1.31038,1.30986,1.30996,4836000061.035156
2012-02-03 15:00:00,1.30996,1.31019,1.30935,1.30936,4928900146.484375
2012-02-03 15:01:00,1.30934,1.30983,1.30933,1.3096,3894500122.0703125
2012-02-03 15:02:00,1.3096,1.30968,1.30871,1.30871,4256700134.2773438
2012-02-03 15:03:00,1.30869,1.30869,1.30804,1.30817,4130000000.0
2012-02-03 15:04:00,1.30817,1.30883,1.30817,1.30872,3591799926.7578125
2012-02-03 15:05:00,1.30871,1.30894,1.30854,1.30854,2856799926.7578125
2012-02-03 15:06:00,1.30852,1.30908,1.30848,1.3088,3761400146.484375
2012-02-03 15:07:00,1.3088,1.30912,1.30875,1.309,4021000061.0351562
2012-02-03 15:08:00,1.30899,1.30903,1.30877,1.30899,3313599853.515625
2012-02-03 15:09:00,1.30899,1.30987,1.30899,1.30982,3956300048.828125
2012-02-03 15:10:00,1.30982,1.31055,1.3098,1.3103,4419100036.621094
2012-02-03 15:11:00,1.3103,1.31059,1.3102,1.3102,3094800109.8632812
2012-02-03 15:12:00,1.31023,1.31044,1.31009,1.31022,2559299926.7578125
2012-02-03 15:13:00,1.3102,1.311,1.3102,1.311,3541499938.9648438
2012-02-03 15:14:00,1.311,1.311,1.31068,1.31094,4968599853.515625
2012-02-03 15:15:00,1.31096,1.31207,1.31095,1.3119,5272100219.7265625
2012-02-03 15:16:00,1.31186,1.31203,1.3117,1.31195,3201499938.9648438
2012-02-03 15:17:00,1.31196,1.31196,1.31153,1.31182,3363599853.515625
2012-02-03 15:18:00,1.31179,1.31202,1.31169,1.31198,3862999877.9296875
2012-02-03 15:19:00,1.31198,1.31222,1.31158,1.31158,3818900146.484375
2012-02-03 15:20:00,1.31157,1.31198,1.31157,1.31177,3193599853.515625
2012-02-03 15:21:00,1.31177,1.31203,1.31177,1.31192,2805799865.7226562
2012-02-03 15:22:00,1.31189,1.31189,1.31146,1.31151,3061499938.9648438
2012-02-03 15:23:00,1.31151,1.31164,1.31148,1.31158,3012000122.0703125
2012-02-03 15:24:00,1.31155,1.31159,1.31135,1.31139,2598299865.7226562
2012-02-03 15:25:00,1.31139,1.31141,1.31112,1.31112,2906900024.4140625
2012-02-03 15:26:00,1.31112,1.31122,1.31096,1.31096,3133099975.5859375
2012-02-03 15:27:00,1.31096,1.31114,1.31095,1.31114,2472899932.861328
2012-02-03 15:28:00,1.31114,1.31151,1.31114,1.31151,3089599914.5507812
2012-02-03 15:29:00,1.31149,1.31158,1.31132,1.31149,3040700073.2421875
2012-02-03 15:30:00,1.31147,1.3116,1.31129,1.3114,2973599853.515625
2012-02-03 15:31:00,1.3114,1.31149,1.31116,1.31116,3304100036.6210938
2012-02-03 15:32:00,1.31116,1.31126,1.31102,1.31122,3301600036.6210938
2012-02-03 15:33:00,1.31125,1.31133,1.31088,1.31088,2977500000.0
2012-02-03 15:34:00,1.31087,1.31092,1.31073,1.31074,2227500000.0
2012-02-03 15:35:00,1.31073,1.31085,1.31058,1.31085,3456799926.7578125
2012-02-03 15:36:00,1.31085,1.3112,1.31077,1.3112,2886400146.484375
2012-02-03 15:37:00,1.3112,1.31165,1.3111,1.31154,3408999938.9648438
2012-02-03 15:38:00,1.31151,1.31171,1.3114,1.31171,2977699890.1367188
2012-02-03 15:39:00,1.31171,1.31193,1.31163,1.31186,3402000122.0703125
2012-02-03 15:40:00,1.31185,1.31185,1.31155,1.31156,2580000000.0
2012-02-03 15:41:00,1.31156,1.31181,1.31152,1.31169,3172099914.5507812
2012-02-03 15:42:00,1.31166,1.3117,1.31159,1.31161,2768800048.828125
2012-02-03 15:43:00,1.31159,1.31163,1.31152,1.3116,2858699951.171875
2012-02-03 15:44:00,1.31161,1.31171,1.3115,1.31171,2798699951.171875
2012-02-03 15:45:00,1.31169,1.31192,1.31159,1.31192,2454900054.9316406
2012-02-03 15:46:00,1.31193,1.31211,1.31191,1.31192,2951199951.171875
2012-02-03 15:47:00,1.31192,1.31223,1.31182,1.31211,3127300109.8632812
2012-02-03 15:48:00,1.31211,1.31215,1.31199,1.31207,1352799987.7929688
2012-02-03 15:49:00,1.31207,1.31225,1.31202,1.31222,2243000030.517578
2012-02-03 15:50:00,1.31222,1.31222,1.312,1.31216,3101499938.9648438
2012-02-03 15:51:00,1.31219,1.31225,1.31217,1.31221,2607399902.34375
2012-02-03 15:52:00,1.31221,1.3123,1.31193,1.31193,2823200073.2421875
2012-02-03 15:53:00,1.31193,1.3123,1.3119,1.31217,2885700073.2421875
2012-02-03 15:54:00,1.31218,1.31219,1.31189,1.31189,2848299865.7226562
2012-02-03 15:55:00,1.31189,1.31205,1.31183,1.31194,3074100036.6210938
2012-02-03 15:56:00,1.31194,1.31217,1.31187,1.31217,2093200073.2421875
2012-02-03 15:57:00,1.31214,1.31229,1.31206,1.31217,2811400146.484375
2012-02-03 15:58:00,1.31216,1.31217,1.31199,1.31206,1981399993.8964844
2012-02-03 15:59:00,1.31203,1.31221,1.31193,1.31218,3056900024.4140625
2012-02-03 16:00:00,1.31216,1.31217,1.31162,1.31168,3058999938.9648438
2012-02-03 16:01:00,1.31167,1.31171,1.31123,1.31125,3205899963.3789062
2012-02-03 16:02:00,1.31125,1.31126,1.311,1.31103,3190000000.0
2012-02-03 16:03:00,1.31103,1.31118,1.31094,1.31094,2663800048.828125
2012-02-03 16:04:00,1.31093,1.3112,1.31081,1.31095,2074400024.4140625
2012-02-03 16:05:00,1.31094,1.31094,1.31059,1.3108,3272099914.5507812
2012-02-03 16:06:00,1.31081,1.31105,1.31065,1.31065,2618399963.3789062
2012-02-03 16:07:00,1.31065,1.31103,1.31058,1.31103,2504100036.6210938
2012-02-03 16:08:00,1.31104,1.31111,1.31086,1.31098,2423999938.9648438
2012-02-03 16:09:00,1.31097,1.31099,1.31074,1.31074,3435199890.1367188
2012-02-03 16:10:00,1.31074,1.3109,1.3107,1.31089,2390099945.0683594
2012-02-03 16:11:00,1.31089,1.31091,1.31065,1.3108,2750799865.7226562
2012-02-03 16:12:00,1.31081,1.31091,1.31061,1.31061,2157599945.0683594
2012-02-03 16:13:00,1.31061,1.31065,1.31046,1.31065,2003899993.8964844
2012-02-03 16:14:00,1.31066,1.31072,1.31045,1.31058,3555599975.5859375
2012-02-03 16:15:00,1.31061,1.31094,1.31058,1.31094,2526300048.828125
2012-02-03 16:16:00,1.31095,1.31095,1.31081,1.31092,1525800018.3105469
2012-02-03 16:17:00,1.3109,1.31117,1.3109,1.31102,2316399993.8964844
2012-02-03 16:18:00,1.31102,1.31102,1.31083,1.31083,2504400024.4140625
2012-02-03 16:19:00,1.31082,1.31117,1.3108,1.31117,2805299987.7929688
2012-02-03 16:20:00,1.31118,1.31152,1.31113,1.31149,2793800048.828125
2012-02-03 16:21:00,1.31152,1.31182,1.31149,1.31177,2478099975.5859375
2012-02-03 16:22:00,1.31177,1.31178,1.31158,1.31159,2013099975.5859375
2012-02-03 16:23:00,1.31159,1.31189,1.31158,1.31188,1952400054.9316406
2012-02-03 16:24:00,1.3119,1.31201,1.31179,1.31188,2991499938.9648438
2012-02-03 16:25:00,1.31186,1.31199,1.31165,1.31168,2106699981.6894531
2012-02-03 16:26:00,1.31168,1.31185,1.31167,1.31174,2493099975.5859375
2012-02-03 16:27:00,1.31172,1.31173,1.31161,1.31168,2640000000.0
2012-02-03 16:28:00,1.31167,1.31171,1.31152,1.31159,2123600006.1035156
2012-02-03 16:29:00,1.31159,1.31167,1.31143,1.31162,1986600036.6210938
2012-02-03 16:30:00,1.31162,1.31172,1.31155,1.31166,2349299926.7578125
2012-02-03 16:31:00,1.31166,1.3118,1.31163,1.31163,2037700042.7246094
2012-02-03 16:32:00,1.31167,1.31176,1.31157,1.31161,2413899993.8964844
2012-02-03 16:33:00,1.31161,1.31177,1.31155,1.31171,1748699951.171875
2012-02-03 16:34:00,1.31168,1.31169,1.31161,1.31161,1780800018.3105469
2012-02-03 16:35:00,1.31161,1.31164,1.31143,1.31143,2449299926.7578125
2012-02-03 16:36:00,1.31145,1.31159,1.31138,1.3114,1667599945.0683594
2012-02-03 16:37:00,1.3114,1.31163,1.31139,1.31159,1944799957.2753906
2012-02-03 16:38:00,1.3116,1.31172,1.31148,1.31162,2141600036.6210938
2012-02-03 16:39:00,1.31161,1.31162,1.31136,1.31136,1628300018.3105469
2012-02-03 16:40:00,1.31136,1.31139,1.31131,1.31137,2471000061.0351562
2012-02-03 16:41:00,1.31137,1.31139,1.31125,1.31128,1131299972.5341797
2012-02-03 16:42:00,1.31129,1.3113,1.31078,1.31079,2134799957.2753906
2012-02-03 16:43:00,1.31077,1.31079,1.31059,1.31068,1863800048.828125
2012-02-03 16:44:00,1.31069,1.31082,1.31068,1.31078,2069299926.7578125
2012-02-03 16:45:00,1.31079,1.31091,1.31068,1.31079,2810899963.3789062
2012-02-03 16:46:00,1.3108,1.31092,1.31077,1.31089,2300899963.3789062
2012-02-03 16:47:00,1.31091,1.31104,1.31091,1.31101,2007700042.7246094
2012-02-03 16:48:00,1.31101,1.3111,1.311,1.31105,1627799987.7929688
2012-02-03 16:49:00,1.31105,1.31108,1.31081,1.31084,1998899993.8964844
2012-02-03 16:50:00,1.31084,1.31102,1.31084,1.31096,1780000000.0
2012-02-03 16:51:00,1.31095,1.311,1.31083,1.311,2163600006.1035156
2012-02-03 16:52:00,1.31097,1.31102,1.31076,1.31089,2120500030.5175781
2012-02-03 16:53:00,1.3109,1.31103,1.3108,1.3108,2196199951.171875
2012-02-03 16:54:00,1.3108,1.31131,1.31069,1.31131,1922299957.2753906
2012-02-03 16:55:00,1.3113,1.3113,1.31112,1.31112,2171300048.828125
2012-02-03 16:56:00,1.31112,1.31131,1.31109,1.31111,2219400024.4140625
2012-02-03 16:57:00,1.3111,1.31112,1.31049,1.31054,2282799987.7929688
2012-02-03 16:58:00,1.31055,1.31069,1.31048,1.31068,1845899963.3789062
2012-02-03 16:59:00,1.31069,1.31069,1.31058,1.31058,1402100067.1386719
2012-02-03 17:00:00,1.31058,1.31064,1.31049,1.31061,2220399932.861328
2012-02-03 17:01:00,1.31061,1.31074,1.31058,1.31074,2038300018.3105469
2012-02-03 17:02:00,1.31074,1.31078,1.31069,1.31072,2079499969.4824219
2012-02-03 17:03:00,1.31072,1.31072,1.31061,1.31062,1597500000.0
2012-02-03 17:04:00,1.31061,1.31094,1.31061,1.31091,1328800048.828125
2012-02-03 17:05:00,1.31092,1.31092,1.31052,1.31062,1529900054.9316406
2012-02-03 17:06:00,1.31062,1.31074,1.3106,1.31072,2183999938.9648438
2012-02-03 17:07:00,1.31076,1.31082,1.31073,1.31082,1679700012.2070312
2012-02-03 17:08:00,1.31082,1.31089,1.31079,1.31085,1376999969.4824219
2012-02-03 17:09:00,1.31084,1.31089,1.3108,1.31088,2448800048.828125
2012-02-03 17:10:00,1.31088,1.31122,1.31088,1.31107,2514299926.7578125
2012-02-03 17:11:00,1.31107,1.31127,1.31103,1.31127,1842500000.0
2012-02-03 17:12:00,1.31126,1.31133,1.31122,1.31133,1931100006.1035156
2012-02-03 17:13:00,1.31133,1.31134,1.31122,1.31123,900899963.3789062
2012-02-03 17:14:00,1.31123,1.31123,1.3111,1.3111,2147599945.0683594
2012-02-03 17:15:00,1.3111,1.31134,1.3111,1.31131,1865299987.7929688
2012-02-03 17:16:00,1.31131,1.31136,1.3113,1.31131,1545299987.7929688
2012-02-03 17:17:00,1.31131,1.31134,1.31114,1.31131,2033600006.1035156
2012-02-03 17:18:00,1.3113,1.31137,1.31119,1.31131,2557799987.7929688
2012-02-03 17:19:00,1.31133,1.31139,1.31121,1.31131,3203500061.0351562
2012-02-03 17:20:00,1.31131,1.31133,1.31121,1.31127,1928399963.3789062
2012-02-03 17:21:00,1.31128,1.31137,1.31128,1.31132,1463999938.9648438
2012-02-03 17:22:00,1.31131,1.3114,1.3113,1.3114,1627500000.0
2012-02-03 17:23:00,1.3114,1.3114,1.3113,1.31135,1842200012.2070312
2012-02-03 17:24:00,1.31135,1.31154,1.31133,1.31141,1683600006.1035156
2012-02-03 17:25:00,1.31141,1.31159,1.31132,1.31159,1930399932.8613281
2012-02-03 17:26:00,1.3116,1.31167,1.31149,1.31156,1850800018.3105469
2012-02-03 17:27:00,1.31156,1.31185,1.31152,1.31184,2121600036.6210938
2012-02-03 17:28:00,1.31184,1.31192,1.31183,1.31185,1676000061.0351562
2012-02-03 17:29:00,1.31185,1.31186,1.3117,1.31176,2661600036.6210938
2012-02-03 17:30:00,1.31176,1.31183,1.31169,1.31169,2307899932.861328
2012-02-03 17:31:00,1.31169,1.31175,1.31157,1.31173,1882500000.0
2012-02-03 17:32:00,1.31174,1.31203,1.31172,1.31195,2155099945.0683594
2012-02-03 17:33:00,1.31195,1.31203,1.31192,1.31192,1551199951.171875
2012-02-03 17:34:00,1.31192,1.312,1.31182,1.31185,1544199981.6894531
2012-02-03 17:35:00,1.31185,1.31194,1.31169,1.31194,2456100006.1035156
2012-02-03 17:36:00,1.31194,1.31231,1.31191,1.31231,2300800018.310547
2012-02-03 17:37:00,1.31231,1.31266,1.31231,1.31246,3339700012.2070312
2012-02-03 17:38:00,1.31246,1.31314,1.31238,1.31313,3740199890.1367188
2012-02-03 17:39:00,1.31314,1.31317,1.31293,1.31313,3180400085.4492188
2012-02-03 17:40:00,1.31313,1.3132,1.31306,1.31307,1907299957.2753906
2012-02-03 17:41:00,1.31307,1.31319,1.31298,1.31319,2296900024.4140625
2012-02-03 17:42:00,1.3132,1.31392,1.3132,1.31368,3963299865.7226562
2012-02-03 17:43:00,1.31367,1.31433,1.31367,1.31395,4329800109.863281
2012-02-03 17:44:00,1.31395,1.31425,1.31392,1.31406,3519599914.5507812
2012-02-03 17:45:00,1.31408,1.31448,1.31405,1.31433,2859400024.4140625
2012-02-03 17:46:00,1.31436,1.3148,1.31434,1.31459,3636799926.7578125
2012-02-03 17:47:00,1.31459,1.31467,1.3144,1.31466,3441400146.484375
2012-02-03 17:48:00,1.31467,1.31475,1.31446,1.31467,3235899963.3789062
2012-02-03 17:49:00,1.31466,1.31467,1.31421,1.31421,2289700012.2070312
2012-02-03 17:50:00,1.31419,1.31441,1.31414,1.31414,3122600097.65625
2012-02-03 17:51:00,1.31413,1.31442,1.31413,1.31427,2773399963.3789062
2012-02-03 17:52:00,1.31427,1.31428,1.31406,1.31416,2592600097.65625
2012-02-03 17:53:00,1.31415,1.31423,1.31401,1.31405,2616199951.171875
2012-02-03 17:54:00,1.31406,1.3141,1.31391,1.31397,2436699981.689453
2012-02-03 17:55:00,1.31397,1.31397,1.31383,1.31386,1443699951.171875
2012-02-03 17:56:00,1.31386,1.31393,1.31374,1.31382,2320200042.7246094
2012-02-03 17:57:00,1.31381,1.31382,1.31363,1.31374,2415299987.7929688
2012-02-03 17:58:00,1.31374,1.31375,1.31356,1.31366,1933099975.5859375
2012-02-03 17:59:00,1.31366,1.31394,1.31366,1.31387,2739800109.8632812
2012-02-03 18:00:00,1.31388,1.31392,1.31377,1.31378,2186600036.6210938
2012-02-03 18:01:00,1.31378,1.31378,1.31365,1.31369,1085500030.5175781
2012-02-03 18:02:00,1.31369,1.31384,1.31356,1.31361,2865799865.7226562
2012-02-03 18:03:00,1.31364,1.31377,1.31355,1.31376,2216999969.482422
2012-02-03 18:04:00,1.31376,1.31412,1.31376,1.31401,2226799926.7578125
2012-02-03 18:05:00,1.314,1.31402,1.31385,1.31385,1573000030.5175781
2012-02-03 18:06:00,1.31387,1.31396,1.31356,1.31357,2040599975.5859375
2012-02-03 18:07:00,1.31357,1.31366,1.31357,1.31364,1091399993.8964844
2012-02-03 18:08:00,1.31368,1.31383,1.31368,1.31381,1310099945.0683594
2012-02-03 18:09:00,1.31382,1.31384,1.3137,1.3137,1286300048.828125
2012-02-03 18:10:00,1.3137,1.31373,1.31368,1.31369,1221600036.6210938
2012-02-03 18:11:00,1.31369,1.31392,1.3136,1.31391,1846199951.171875
2012-02-03 18:12:00,1.3139,1.31434,1.3139,1.31434,2488699951.171875
2012-02-03 18:13:00,1.31433,1.31433,1.31425,1.31427,1295899963.3789062
2012-02-03 18:14:00,1.31427,1.31429,1.31417,1.31422,1164499969.4824219
2012-02-03 18:15:00,1.3142,1.31463,1.31419,1.31456,1964700012.2070312
2012-02-03 18:16:00,1.31458,1.31494,1.31457,1.31494,2973699951.171875
2012-02-03 18:17:00,1.31497,1.3151,1.31472,1.31484,2196999969.482422
2012-02-03 18:18:00,1.31483,1.31483,1.3147,1.31472,1032399978.6376953
2012-02-03 18:19:00,1.31472,1.31487,1.31457,1.31484,2067599945.0683594
2012-02-03 18:20:00,1.31486,1.31493,1.31482,1.31482,1162600021.3623047
2012-02-03 18:21:00,1.31482,1.31483,1.31464,1.31467,991800003.0517578
2012-02-03 18:22:00,1.31466,1.31475,1.31465,1.31475,1572799987.7929688
2012-02-03 18:23:00,1.31475,1.31475,1.31425,1.31435,2295599975.5859375
2012-02-03 18:24:00,1.31434,1.3145,1.31434,1.31449,1240000000.0
2012-02-03 18:25:00,1.31449,1.31451,1.31428,1.31428,1754199981.6894531
2012-02-03 18:26:00,1.31429,1.31436,1.31428,1.31434,795100021.3623047
2012-02-03 18:27:00,1.31434,1.31437,1.3143,1.31433,864899978.6376953
2012-02-03 18:28:00,1.31434,1.31452,1.31433,1.31448,1248000030.5175781
2012-02-03 18:29:00,1.31448,1.31453,1.31446,1.31447,2076999969.4824219
2012-02-03 18:30:00,1.31447,1.31447,1.31424,1.31425,2198899993.8964844
2012-02-03 18:31:00,1.31425,1.31433,1.31406,1.31409,2102599945.0683594
2012-02-03 18:32:00,1.31409,1.31425,1.31406,1.31425,2565100097.65625
2012-02-03 18:33:00,1.31425,1.31425,1.31421,1.31424,1182399978.6376953
2012-02-03 18:34:00,1.31424,1.31436,1.31421,1.31425,1354900054.9316406
2012-02-03 18:35:00,1.31426,1.31426,1.31413,1.31413,1806999969.4824219
2012-02-03 18:36:00,1.31413,1.31418,1.31409,1.31413,1510099945.0683594
2012-02-03 18:37:00,1.31413,1.31422,1.31413,1.31413,1500899963.3789062
2012-02-03 18:38:00,1.31413,1.31419,1.31405,1.31416,2059799957.2753906
2012-02-03 18:39:00,1.31415,1.31427,1.31411,1.31426,1520200042.7246094
2012-02-03 18:40:00,1.31428,1.31436,1.31423,1.31424,1517899932.8613281
2012-02-03 18:41:00,1.31424,1.31434,1.31423,1.31427,1330700073.2421875
2012-02-03 18:42:00,1.31426,1.31426,1.31413,1.31418,1668699951.171875
2012-02-03 18:43:00,1.31418,1.31418,1.31392,1.31394,2087400054.9316406
2012-02-03 18:44:00,1.31394,1.31394,1.31373,1.31385,1705200042.7246094
2012-02-03 18:45:00,1.31384,1.31398,1.31374,1.31385,2280099945.0683594
2012-02-03 18:46:00,1.31387,1.31387,1.31364,1.3137,1616699981.6894531
2012-02-03 18:47:00,1.31366,1.31388,1.31366,1.31381,2112100067.1386719
2012-02-03 18:48:00,1.31381,1.31399,1.31381,1.31399,1591600036.6210938
2012-02-03 18:49:00,1.31399,1.31419,1.31398,1.31409,1358999938.9648438
2012-02-03 18:50:00,1.31409,1.31413,1.31397,1.31403,1724400024.4140625
2012-02-03 18:51:00,1.31403,1.31403,1.31377,1.31377,1646799926.7578125
2012-02-03 18:52:00,1.31377,1.31406,1.31372,1.31406,1381900024.4140625
2012-02-03 18:53:00,1.31406,1.31413,1.31381,1.31381,2030500030.5175781
2012-02-03 18:54:00,1.31383,1.31408,1.31383,1.31407,1444600067.1386719
2012-02-03 18:55:00,1.31408,1.31422,1.31407,1.31407,2202500000.0
2012-02-03 18:56:00,1.31408,1.31415,1.31406,1.31407,1408999938.9648438
2012-02-03 18:57:00,1.31407,1.31407,1.31393,1.31396,1594700012.2070312
2012-02-03 18:58:00,1.31395,1.31407,1.31393,1.31404,1313200073.2421875
2012-02-03 18:59:00,1.31404,1.31418,1.31404,1.31416,1383200073.2421875
2012-02-03 19:00:00,1.31414,1.31425,1.31413,1.31415,1530599975.5859375
2012-02-03 19:01:00,1.31415,1.31443,1.31415,1.31443,2014799957.2753906
2012-02-03 19:02:00,1.31444,1.31454,1.31438,1.31454,1376600036.6210938
2012-02-03 19:03:00,1.31453,1.31464,1.31451,1.31461,1460899963.3789062
2012-02-03 19:04:00,1.3146,1.3146,1.31449,1.31452,1725200042.7246094
2012-02-03 19:05:00,1.31452,1.31482,1.31452,1.31479,1328000030.5175781
2012-02-03 19:06:00,1.31479,1.31482,1.31478,1.31482,1714499969.4824219
2012-02-03 19:07:00,1.31482,1.31484,1.31474,1.31484,1196800003.0517578
2012-02-03 19:08:00,1.31484,1.31484,1.31468,1.31475,1637400054.9316406
2012-02-03 19:09:00,1.31475,1.31482,1.31469,1.31482,1556199951.171875
2012-02-03 19:10:00,1.31482,1.31482,1.31453,1.31463,1806000061.0351562
2012-02-03 19:11:00,1.31463,1.31464,1.31452,1.31462,1065100021.3623047
2012-02-03 19:12:00,1.31461,1.31469,1.31458,1.31468,1770399932.8613281
2012-02-03 19:13:00,1.31468,1.31484,1.31468,1.31484,1273499984.741211
2012-02-03 19:14:00,1.31485,1.31497,1.31479,1.31494,1965899963.3789062
2012-02-03 19:15:00,1.31496,1.31516,1.31492,1.31511,2958500061.0351562
2012-02-03 19:16:00,1.31508,1.31575,1.31508,1.31569,3607999877.9296875
2012-02-03 19:17:00,1.31569,1.31573,1.31531,1.31535,2247899932.861328
2012-02-03 19:18:00,1.31535,1.31545,1.31529,1.31529,1523800048.828125
2012-02-03 19:19:00,1.31529,1.31531,1.31508,1.31531,1759299926.7578125
2012-02-03 19:20:00,1.31531,1.31555,1.31523,1.31526,1986499938.9648438
2012-02-03 19:21:00,1.31527,1.31539,1.31521,1.31522,1749499969.4824219
2012-02-03 19:22:00,1.31522,1.31534,1.31522,1.31534,1730000000.0
2012-02-03 19:23:00,1.31534,1.31542,1.31532,1.31534,1822100067.1386719
2012-02-03 19:24:00,1.31535,1.31555,1.31523,1.31543,3872500000.0
2012-02-03 19:25:00,1.31545,1.31557,1.3154,1.31541,3834599914.5507812
2012-02-03 19:26:00,1.31541,1.31546,1.31527,1.31546,2782000122.0703125
2012-02-03 19:27:00,1.31546,1.31614,1.31546,1.31612,3561700134.2773438
2012-02-03 19:28:00,1.31613,1.31613,1.31574,1.31574,2774700012.2070312
2012-02-03 19:29:00,1.31574,1.31625,1.31574,1.31615,2364600067.138672
2012-02-03 19:30:00,1.31615,1.31619,1.31598,1.31607,1898899993.8964844
2012-02-03 19:31:00,1.31605,1.31643,1.31605,1.31621,2538699951.171875
2012-02-03 19:32:00,1.31621,1.31621,1.31595,1.31602,1622200012.2070312
2012-02-03 19:33:00,1.31602,1.31617,1.31602,1.31609,673799972.5341797
2012-02-03 19:34:00,1.31607,1.31609,1.31603,1.31606,797300033.5693359
2012-02-03 19:35:00,1.31607,1.31608,1.31601,1.31605,1420700073.2421875
2012-02-03 19:36:00,1.31605,1.31619,1.31604,1.31617,1428600006.1035156
2012-02-03 19:37:00,1.31617,1.31636,1.31615,1.31623,1607700042.7246094
2012-02-03 19:38:00,1.31627,1.31673,1.31627,1.31672,1773999938.9648438
2012-02-03 19:39:00,1.31667,1.31668,1.31648,1.31656,2534199981.689453
2012-02-03 19:40:00,1.31655,1.31663,1.31643,1.31643,1791600036.6210938
2012-02-03 19:41:00,1.31642,1.31647,1.31621,1.31623,1953399963.3789062
2012-02-03 19:42:00,1.31622,1.31634,1.31619,1.31623,1909499969.4824219
2012-02-03 19:43:00,1.31623,1.31637,1.31617,1.31617,1831399993.8964844
2012-02-03 19:44:00,1.31617,1.31621,1.31608,1.31621,1265999984.741211
2012-02-03 19:45:00,1.31622,1.31625,1.31613,1.31616,985100021.3623047
2012-02-03 19:46:00,1.31617,1.31618,1.31606,1.31614,1725099945.0683594
2012-02-03 19:47:00,1.31614,1.31617,1.31567,1.31567,2221799926.7578125
2012-02-03 19:48:00,1.31567,1.31596,1.31567,1.31592,1312700042.7246094
2012-02-03 19:49:00,1.3159,1.3159,1.31572,1.3158,1802899932.8613281
2012-02-03 19:50:00,1.3158,1.31589,1.3157,1.3157,1490500030.5175781
2012-02-03 19:51:00,1.31571,1.31571,1.31556,1.31564,1665500030.5175781
2012-02-03 19:52:00,1.31563,1.31575,1.31563,1.31574,1354700012.2070312
2012-02-03 19:53:00,1.31575,1.31575,1.31553,1.31567,1763300018.3105469
2012-02-03 19:54:00,1.31566,1.31569,1.31521,1.31521,2467400054.9316406
2012-02-03 19:55:00,1.31519,1.31534,1.31514,1.31529,2269299926.7578125
2012-02-03 19:56:00,1.31531,1.31546,1.31528,1.31546,1347899932.8613281
2012-02-03 19:57:00,1.31546,1.31562,1.31546,1.31552,1410899963.3789062
2012-02-03 19:58:00,1.3155,1.3155,1.31521,1.31522,1754299926.7578125
2012-02-03 19:59:00,1.31522,1.31526,1.31517,1.31518,2024799957.2753906
2012-02-03 20:00:00,1.31517,1.3153,1.31506,1.31524,1853999938.9648438
2012-02-03 20:01:00,1.31525,1.31538,1.31516,1.31523,1657100067.1386719
2012-02-03 20:02:00,1.31523,1.31525,1.31502,1.31505,1809199981.6894531
2012-02-03 20:03:00,1.31505,1.31505,1.31461,1.31474,1959400024.4140625
2012-02-03 20:04:00,1.31473,1.31481,1.31473,1.31476,1109100036.6210938
2012-02-03 20:05:00,1.31476,1.31501,1.31476,1.31486,1679499969.4824219
2012-02-03 20:06:00,1.31486,1.31496,1.31486,1.31493,1417299957.2753906
2012-02-03 20:07:00,1.31494,1.31496,1.31484,1.31484,613800010.6811523
2012-02-03 20:08:00,1.31483,1.31489,1.31479,1.31482,960699996.9482422
2012-02-03 20:09:00,1.31483,1.31485,1.31455,1.31456,1179599990.8447266
2012-02-03 20:10:00,1.31456,1.31457,1.31429,1.31432,1915500030.5175781
2012-02-03 20:11:00,1.31433,1.31439,1.31422,1.31435,1113399963.3789062
2012-02-03 20:12:00,1.31434,1.31451,1.31434,1.31447,869800033.5693359
2012-02-03 20:13:00,1.31448,1.3145,1.31439,1.31446,886600036.6210938
2012-02-03 20:14:00,1.31448,1.31449,1.31434,1.31434,1249700012.2070312
2012-02-03 20:15:00,1.31432,1.31436,1.31423,1.31427,1312299957.2753906
2012-02-03 20:16:00,1.31427,1.31441,1.31425,1.31428,1720200042.7246094
2012-02-03 20:17:00,1.31428,1.31441,1.31425,1.31439,1020500030.5175781
2012-02-03 20:18:00,1.31441,1.31454,1.31439,1.3145,1191999969.4824219
2012-02-03 20:19:00,1.3145,1.31455,1.31437,1.31437,993000030.5175781
2012-02-03 20:20:00,1.31437,1.31447,1.31437,1.31441,1515800018.3105469
2012-02-03 20:21:00,1.31441,1.31445,1.31435,1.31438,571899986.2670898
2012-02-03 20:22:00,1.31437,1.31439,1.3143,1.31436,897399978.6376953
2012-02-03 20:23:00,1.31436,1.31439,1.31435,1.31439,566100006.1035156
2012-02-03 20:24:00,1.3144,1.31451,1.3144,1.31451,1120599975.5859375
2012-02-03 20:25:00,1.31449,1.3145,1.31387,1.31387,1558399963.3789062
2012-02-03 20:26:00,1.31388,1.31422,1.31388,1.31421,1458899993.8964844
2012-02-03 20:27:00,1.31421,1.31462,1.31421,1.3146,1911399993.8964844
2012-02-03 20:28:00,1.31458,1.31474,1.31458,1.31468,1441699981.6894531
2012-02-03 20:29:00,1.31468,1.31468,1.31461,1.31464,597799987.7929688
2012-02-03 20:30:00,1.31466,1.31473,1.31461,1.31463,701900024.4140625
2012-02-03 20:31:00,1.31464,1.31465,1.31452,1.31454,699300003.0517578
2012-02-03 20:32:00,1.31451,1.3146,1.31449,1.31455,1098499984.741211
2012-02-03 20:33:00,1.31456,1.31464,1.31455,1.31461,1055000000.0
2012-02-03 20:34:00,1.31461,1.31461,1.31447,1.31452,829400024.4140625
2012-02-03 20:35:00,1.31452,1.3147,1.3145,1.3147,881200027.4658203
2012-02-03 20:36:00,1.3147,1.3147,1.31458,1.31458,428199996.9482422
2012-02-03 20:37:00,1.3146,1.31462,1.31459,1.3146,357500000.0
2012-02-03 20:38:00,1.3146,1.31473,1.3146,1.31473,948000030.5175781
2012-02-03 20:39:00,1.31472,1.31482,1.31471,1.31479,848199996.9482422
2012-02-03 20:40:00,1.31477,1.31479,1.31473,1.31478,1012799987.7929688
2012-02-03 20:41:00,1.31478,1.3148,1.3147,1.31476,1704900054.9316406
2012-02-03 20:42:00,1.31476,1.31479,1.31474,1.31475,740199966.4306641
2012-02-03 20:43:00,1.31474,1.3148,1.31465,1.31467,618899993.8964844
2012-02-03 20:44:00,1.31466,1.31481,1.31466,1.3147,1077500000.0
2012-02-03 20:45:00,1.3147,1.31472,1.31461,1.31462,1307400054.9316406
2012-02-03 20:46:00,1.31462,1.31471,1.31461,1.31469,455999984.74121094
2012-02-03 20:47:00,1.31467,1.31468,1.3146,1.31465,1217799987.7929688
2012-02-03 20:48:00,1.31465,1.31467,1.31462,1.31464,357900009.15527344
2012-02-03 20:49:00,1.31463,1.31467,1.31449,1.31457,1377100067.1386719
2012-02-03 20:50:00,1.31457,1.31462,1.31454,1.3146,624500007.6293945
2012-02-03 20:51:00,1.31459,1.31469,1.31459,1.31462,1023499984.7412109
2012-02-03 20:52:00,1.31463,1.31469,1.31462,1.31464,695899963.3789062
2012-02-03 20:53:00,1.31463,1.3147,1.31462,1.3147,331899986.26708984
2012-02-03 20:54:00,1.3147,1.3147,1.31462,1.31464,770800018.3105469
2012-02-03 20:55:00,1.31464,1.31473,1.31463,1.31472,876900024.4140625
2012-02-03 20:56:00,1.31473,1.31473,1.31459,1.31461,1522700042.7246094
2012-02-03 20:57:00,1.31462,1.31464,1.31447,1.31447,1004300003.0517578
2012-02-03 20:58:00,1.31447,1.3146,1.31447,1.31457,563600006.1035156
2012-02-03 20:59:00,1.3146,1.31462,1.31455,1.31456,432500000.0
2012-02-03 21:00:00,1.31455,1.31458,1.3145,1.31454,226100006.10351562
2012-02-03 21:01:00,1.31454,1.31454,1.31441,1.31441,1009499969.4824219
2012-02-03 21:02:00,1.31441,1.31441,1.31437,1.31438,435900001.5258789
2012-02-03 21:03:00,1.31438,1.31443,1.3143,1.31431,1172300033.569336
2012-02-03 21:04:00,1.3143,1.31432,1.31421,1.31421,566199989.3188477
2012-02-03 21:05:00,1.31421,1.3143,1.3141,1.3141,949199981.6894531
2012-02-03 21:06:00,1.31411,1.31415,1.3141,1.31413,888300018.3105469
2012-02-03 21:07:00,1.31413,1.31413,1.31408,1.31412,403699989.31884766
2012-02-03 21:08:00,1.31412,1.31412,1.31409,1.31412,692399978.6376953
2012-02-03 21:09:00,1.31412,1.31415,1.31412,1.31413,335099983.21533203
2012-02-03 21:10:00,1.31412,1.31418,1.31408,1.31408,707200012.2070312
2012-02-03 21:11:00,1.31408,1.3141,1.31408,1.3141,101400003.43322754
2012-02-03 21:12:00,1.31412,1.3142,1.31411,1.3142,362700004.5776367
2012-02-03 21:13:00,1.31418,1.31424,1.31418,1.3142,279599990.84472656
2012-02-03 21:14:00,1.31422,1.31422,1.31415,1.31419,532400016.78466797
2012-02-03 21:15:00,1.31418,1.31431,1.31417,1.31431,802500000.0
2012-02-03 21:16:00,1.3143,1.31431,1.31426,1.3143,189400005.34057617
2012-02-03 21:17:00,1.31432,1.31432,1.3143,1.31431,992699966.4306641
2012-02-03 21:18:00,1.31431,1.31439,1.3142,1.31429,1013700027.4658203
2012-02-03 21:19:00,1.31428,1.31433,1.31428,1.31432,858899993.8964844
2012-02-03 21:20:00,1.31432,1.31434,1.31422,1.31432,1159899978.6376953
2012-02-03 21:21:00,1.31431,1.31431,1.31422,1.31424,748099975.5859375
2012-02-03 21:22:00,1.31423,1.31424,1.31418,1.31424,187800006.86645508
2012-02-03 21:23:00,1.31423,1.31427,1.31415,1.3142,975699996.9482422
2012-02-03 21:24:00,1.31422,1.31425,1.31418,1.31422,893700027.4658203
2012-02-03 21:25:00,1.31423,1.31423,1.31389,1.314,1230599975.5859375
2012-02-03 21:26:00,1.31398,1.31409,1.31398,1.31409,540000000.0
2012-02-03 21:27:00,1.3141,1.31421,1.31403,1.31421,702300033.5693359
2012-02-03 21:28:00,1.3142,1.31432,1.31419,1.3143,672300033.5693359
2012-02-03 21:29:00,1.3143,1.31431,1.3143,1.31431,330000000.0
2012-02-03 21:30:00,1.31432,1.31441,1.3143,1.31438,806299972.5341797
2012-02-03 21:31:00,1.31439,1.31447,1.31438,1.31447,888399963.3789062
2012-02-03 21:32:00,1.31447,1.31447,1.31437,1.31438,967500000.0
2012-02-03 21:33:00,1.31439,1.31446,1.31438,1.31446,699300003.0517578
2012-02-03 21:34:00,1.31449,1.3145,1.31435,1.31442,986500015.2587891
2012-02-03 21:35:00,1.31443,1.31463,1.31443,1.3146,779800033.5693359
2012-02-03 21:36:00,1.3146,1.3148,1.3146,1.3148,401800003.0517578
2012-02-03 21:37:00,1.3148,1.31481,1.3148,1.3148,75000000.0
2012-02-03 21:38:00,1.31484,1.31494,1.31479,1.31482,1099599990.8447266
2012-02-03 21:39:00,1.31483,1.31498,1.31482,1.31489,873499984.7412109
2012-02-03 21:40:00,1.31489,1.31499,1.31477,1.31483,652600021.3623047
2012-02-03 21:41:00,1.31484,1.31493,1.31477,1.31478,983499984.7412109
2012-02-03 21:42:00,1.31483,1.31483,1.3146,1.3146,438699989.31884766
2012-02-03 21:43:00,1.3146,1.31475,1.31457,1.31474,1046500015.2587891
2012-02-03 21:44:00,1.31477,1.31478,1.31466,1.31476,529599990.84472656
2012-02-03 21:45:00,1.31476,1.31485,1.3146,1.31468,1158499984.741211
2012-02-03 21:46:00,1.31468,1.31475,1.31465,1.31465,535499992.37060547
2012-02-03 21:47:00,1.31465,1.31467,1.3146,1.31465,494900016.78466797
2012-02-03 21:48:00,1.31465,1.31469,1.31465,1.31469,198899993.89648438
2012-02-03 21:49:00,1.3147,1.31471,1.3146,1.31465,838399963.3789062
2012-02-03 21:50:00,1.31465,1.31469,1.31461,1.31464,452799987.79296875
2012-02-03 21:51:00,1.31464,1.31467,1.31457,1.31467,632999992.3706055
2012-02-03 21:52:00,1.31468,1.31484,1.31464,1.31483,653199996.9482422
2012-02-03 21:53:00,1.31485,1.31544,1.31482,1.31544,1631900024.4140625
2012-02-03 21:54:00,1.31546,1.31593,1.31544,1.31593,2398600006.1035156
2012-02-03 21:55:00,1.31595,1.31616,1.31591,1.31595,1812799987.7929688
2012-02-03 21:56:00,1.31596,1.31601,1.31575,1.31585,1006999969.4824219
2012-02-03 21:57:00,1.31586,1.31595,1.31574,1.31583,691100006.1035156
2012-02-03 21:58:00,1.31584,1.3161,1.31566,1.31566,1445000000.0
2012-02-03 21:59:00,1.3157,1.31587,1.31563,1.31563,277500000.0
2012-02-03 22:00:00,1.31563,1.31563,1.31563,1.31563,0.0
2012-02-03 22:01:00,1.31563,1.31563,1.31563,1.31563,0.0
2012-02-03 22:02:00,1.31563,1.31563,1.31563,1.31563,0.0
2012-02-03 22:03:00,1.31563,1.31563,1.31563,1.31563,0.0
2012-02-03 22:04:00,1.31563,1.31563,1.31563,1.31563,0.0
2012-02-03 22:05:00,1.31563,1.31563,1.31563,1.31563,0.0
2012-02-03 22:06:00,1.31563,1.31563,1.31563,1.31563,0.0
2012-02-03 22:07:00,1.31563,1.31563,1.31563,1.31563,0.0
2012-02-03 22:08:00,1.31563,1.31563,1.31563,1.31563,0.0
2012-02-03 22:09:00,1.31563,1.31563,1.31563,1.31563,0.0
2012-02-03 22:10:00,1.31563,1.31563,1.31563,1.31563,0.0
2012-02-03 22:11:00,1.31563,1.31563,1.31563,1.31563,0.0
2012-02-03 22:12:00,1.31563,1.31563,1.31563,1.31563,0.0
2012-02-03 22:13:00,1.31563,1.31563,1.31563,1.31563,0.0
2012-02-03 22:14:00,1.31563,1.31563,1.31563,1.31563,0.0
2012-02-03 22:15:00,1.31563,1.31563,1.31563,1.31563,0.0
2012-02-03 22:16:00,1.31563,1.31563,1.31563,1.31563,0.0
2012-02-03 22:17:00,1.31563,1.31563,1.31563,1.31563,0.0
2012-02-03 22:18:00,1.31563,1.31563,1.31563,1.31563,0.0
2012-02-03 22:19:00,1.31563,1.31563,1.31563,1.31563,0.0
2012-02-03 22:20:00,1.31563,1.31563,1.31563,1.31563,0.0
2012-02-03 22:21:00,1.31563,1.31563,1.31563,1.31563,0.0
2012-02-03 22:22:00,1.31563,1.31563,1.31563,1.31563,0.0
2012-02-03 22:23:00,1.31563,1.31563,1.31563,1.31563,0.0
2012-02-03 22:24:00,1.31563,1.31563,1.31563,1.31563,0.0
2012-02-03 22:25:00,1.31563,1.31563,1.31563,1.31563,0.0
2012-02-03 22:26:00,1.31563,1.31563,1.31563,1.31563,0.0
2012-02-03 22:27:00,1.31563,1.31563,1.31563,1.31563,0.0
2012-02-03 22:28:00,1.31563,1.31563,1.31563,1.31563,0.0
2012-02-03 22:29:00,1.31563,1.31563,1.31563,1.31563,0.0
2012-02-03 22:30:00,1.31563,1.31563,1.31563,1.31563,0.0
2012-02-03 22:31:00,1.31563,1.31563,1.31563,1.31563,0.0
2012-02-03 22:32:00,1.31563,1.31563,1.31563,1.31563,0.0
2012-02-03 22:33:00,1.31563,1.31563,1.31563,1.31563,0.0
2012-02-03 22:34:00,1.31563,1.31563,1.31563,1.31563,0.0
2012-02-03 22:35:00,1.31563,1.31563,1.31563,1.31563,0.0
2012-02-03 22:36:00,1.31563,1.31563,1.31563,1.31563,0.0
2012-02-03 22:37:00,1.31563,1.31563,1.31563,1.31563,0.0
2012-02-03 22:38:00,1.31563,1.31563,1.31563,1.31563,0.0
2012-02-03 22:39:00,1.31563,1.31563,1.31563,1.31563,0.0
2012-02-03 22:40:00,1.31563,1.31563,1.31563,1.31563,0.0
2012-02-03 22:41:00,1.31563,1.31563,1.31563,1.31563,0.0
2012-02-03 22:42:00,1.31563,1.31563,1.31563,1.31563,0.0
2012-02-03 22:43:00,1.31563,1.31563,1.31563,1.31563,0.0
2012-02-03 22:44:00,1.31563,1.31563,1.31563,1.31563,0.0
2012-02-03 22:45:00,1.31563,1.31563,1.31563,1.31563,0.0
2012-02-03 22:46:00,1.31563,1.31563,1.31563,1.31563,0.0
2012-02-03 22:47:00,1.31563,1.31563,1.31563,1.31563,0.0
2012-02-03 22:48:00,1.31563,1.31563,1.31563,1.31563,0.0
2012-02-03 22:49:00,1.31563,1.31563,1.31563,1.31563,0.0
2012-02-03 22:50:00,1.31563,1.31563,1.31563,1.31563,0.0
2012-02-03 22:51:00,1.31563,1.31563,1.31563,1.31563,0.0
2012-02-03 22:52:00,1.31563,1.31563,1.31563,1.31563,0.0
2012-02-03 22:53:00,1.31563,1.31563,1.31563,1.31563,0.0
2012-02-03 22:54:00,1.31563,1.31563,1.31563,1.31563,0.0
2012-02-03 22:55:00,1.31563,1.31563,1.31563,1.31563,0.0
2012-02-03 22:56:00,1.31563,1.31563,1.31563,1.31563,0.0
2012-02-03 22:57:00,1.31563,1.31563,1.31563,1.31563,0.0
2012-02-03 22:58:00,1.31563,1.31563,1.31563,1.31563,0.0
2012-02-03 22:59:00,1.31563,1.31563,1.31563,1.31563,0.0
2012-02-03 23:00:00,1.31563,1.31563,1.31563,1.31563,0.0
2012-02-03 23:01:00,1.31563,1.31563,1.31563,1.31563,0.0
2012-02-03 23:02:00,1.31563,1.31563,1.31563,1.31563,0.0
2012-02-03 23:03:00,1.31563,1.31563,1.31563,1.31563,0.0
2012-02-03 23:04:00,1.31563,1.31563,1.31563,1.31563,0.0
2012-02-03 23:05:00,1.31563,1.31563,1.31563,1.31563,0.0
2012-02-03 23:06:00,1.31563,1.31563,1.31563,1.31563,0.0
2012-02-03 23:07:00,1.31563,1.31563,1.31563,1.31563,0.0
2012-02-03 23:08:00,1.31563,1.31563,1.31563,1.31563,0.0
2012-02-03 23:09:00,1.31563,1.31563,1.31563,1.31563,0.0
2012-02-03 23:10:00,1.31563,1.31563,1.31563,1.31563,0.0
2012-02-03 23:11:00,1.31563,1.31563,1.31563,1.31563,0.0
2012-02-03 23:12:00,1.31563,1.31563,1.31563,1.31563,0.0
2012-02-03 23:13:00,1.31563,1.31563,1.31563,1.31563,0.0
2012-02-03 23:14:00,1.31563,1.31563,1.31563,1.31563,0.0
2012-02-03 23:15:00,1.31563,1.31563,1.31563,1.31563,0.0
2012-02-03 23:16:00,1.31563,1.31563,1.31563,1.31563,0.0
2012-02-03 23:17:00,1.31563,1.31563,1.31563,1.31563,0.0
2012-02-03 23:18:00,1.31563,1.31563,1.31563,1.31563,0.0
2012-02-03 23:19:00,1.31563,1.31563,1.31563,1.31563,0.0
2012-02-03 23:20:00,1.31563,1.31563,1.31563,1.31563,0.0
2012-02-03 23:21:00,1.31563,1.31563,1.31563,1.31563,0.0
2012-02-03 23:22:00,1.31563,1.31563,1.31563,1.31563,0.0
2012-02-03 23:23:00,1.31563,1.31563,1.31563,1.31563,0.0
2012-02-03 23:24:00,1.31563,1.31563,1.31563,1.31563,0.0
2012-02-03 23:25:00,1.31563,1.31563,1.31563,1.31563,0.0
2012-02-03 23:26:00,1.31563,1.31563,1.31563,1.31563,0.0
2012-02-03 23:27:00,1.31563,1.31563,1.31563,1.31563,0.0
2012-02-03 23:28:00,1.31563,1.31563,1.31563,1.31563,0.0
2012-02-03 23:29:00,1.31563,1.31563,1.31563,1.31563,0.0
2012-02-03 23:30:00,1.31563,1.31563,1.31563,1.31563,0.0
2012-02-03 23:31:00,1.31563,1.31563,1.31563,1.31563,0.0
2012-02-03 23:32:00,1.31563,1.31563,1.31563,1.31563,0.0
2012-02-03 23:33:00,1.31563,1.31563,1.31563,1.31563,0.0
2012-02-03 23:34:00,1.31563,1.31563,1.31563,1.31563,0.0
2012-02-03 23:35:00,1.31563,1.31563,1.31563,1.31563,0.0
2012-02-03 23:36:00,1.31563,1.31563,1.31563,1.31563,0.0
2012-02-03 23:37:00,1.31563,1.31563,1.31563,1.31563,0.0
2012-02-03 23:38:00,1.31563,1.31563,1.31563,1.31563,0.0
2012-02-03 23:39:00,1.31563,1.31563,1.31563,1.31563,0.0
2012-02-03 23:40:00,1.31563,1.31563,1.31563,1.31563,0.0
2012-02-03 23:41:00,1.31563,1.31563,1.31563,1.31563,0.0
2012-02-03 23:42:00,1.31563,1.31563,1.31563,1.31563,0.0
2012-02-03 23:43:00,1.31563,1.31563,1.31563,1.31563,0.0
2012-02-03 23:44:00,1.31563,1.31563,1.31563,1.31563,0.0
2012-02-03 23:45:00,1.31563,1.31563,1.31563,1.31563,0.0
2012-02-03 23:46:00,1.31563,1.31563,1.31563,1.31563,0.0
2012-02-03 23:47:00,1.31563,1.31563,1.31563,1.31563,0.0
2012-02-03 23:48:00,1.31563,1.31563,1.31563,1.31563,0.0
2012-02-03 23:49:00,1.31563,1.31563,1.31563,1.31563,0.0
2012-02-03 23:50:00,1.31563,1.31563,1.31563,1.31563,0.0
2012-02-03 23:51:00,1.31563,1.31563,1.31563,1.31563,0.0
2012-02-03 23:52:00,1.31563,1.31563,1.31563,1.31563,0.0
2012-02-03 23:53:00,1.31563,1.31563,1.31563,1.31563,0.0
2012-02-03 23:54:00,1.31563,1.31563,1.31563,1.31563,0.0
2012-02-03 23:55:00,1.31563,1.31563,1.31563,1.31563,0.0
2012-02-03 23:56:00,1.31563,1.31563,1.31563,1.31563,0.0
2012-02-03 23:57:00,1.31563,1.31563,1.31563,1.31563,0.0
2012-02-03 23:58:00,1.31563,1.31563,1.31563,1.31563,0.0
2012-02-03 23:59:00,1.31563,1.31563,1.31563,1.31563,0.0
2012-02-04 00:00:00,1.31566,1.31566,1.31566,1.31566,0.0
2012-02-04 00:01:00,1.31566,1.31566,1.31566,1.31566,0.0
2012-02-04 00:02:00,1.31566,1.31566,1.31566,1.31566,0.0
2012-02-04 00:03:00,1.31566,1.31566,1.31566,1.31566,0.0
2012-02-04 00:04:00,1.31566,1.31566,1.31566,1.31566,0.0
2012-02-04 00:05:00,1.31566,1.31566,1.31566,1.31566,0.0
2012-02-04 00:06:00,1.31566,1.31566,1.31566,1.31566,0.0
2012-02-04 00:07:00,1.31566,1.31566,1.31566,1.31566,0.0
2012-02-04 00:08:00,1.31566,1.31566,1.31566,1.31566,0.0
2012-02-04 00:09:00,1.31566,1.31566,1.31566,1.31566,0.0
2012-02-04 00:10:00,1.31566,1.31566,1.31566,1.31566,0.0
2012-02-04 00:11:00,1.31566,1.31566,1.31566,1.31566,0.0
2012-02-04 00:12:00,1.31566,1.31566,1.31566,1.31566,0.0
2012-02-04 00:13:00,1.31566,1.31566,1.31566,1.31566,0.0
2012-02-04 00:14:00,1.31566,1.31566,1.31566,1.31566,0.0
2012-02-04 00:15:00,1.31566,1.31566,1.31566,1.31566,0.0
2012-02-04 00:16:00,1.31566,1.31566,1.31566,1.31566,0.0
2012-02-04 00:17:00,1.31566,1.31566,1.31566,1.31566,0.0
2012-02-04 00:18:00,1.31566,1.31566,1.31566,1.31566,0.0
2012-02-04 00:19:00,1.31566,1.31566,1.31566,1.31566,0.0
2012-02-04 00:20:00,1.31566,1.31566,1.31566,1.31566,0.0
2012-02-04 00:21:00,1.31566,1.31566,1.31566,1.31566,0.0
2012-02-04 00:22:00,1.31566,1.31566,1.31566,1.31566,0.0
2012-02-04 00:23:00,1.31566,1.31566,1.31566,1.31566,0.0
2012-02-04 00:24:00,1.31566,1.31566,1.31566,1.31566,0.0
2012-02-04 00:25:00,1.31566,1.31566,1.31566,1.31566,0.0
2012-02-04 00:26:00,1.31566,1.31566,1.31566,1.31566,0.0
2012-02-04 00:27:00,1.31566,1.31566,1.31566,1.31566,0.0
2012-02-04 00:28:00,1.31566,1.31566,1.31566,1.31566,0.0
2012-02-04 00:29:00,1.31566,1.31566,1.31566,1.31566,0.0
2012-02-04 00:30:00,1.31566,1.31566,1.31566,1.31566,0.0
2012-02-04 00:31:00,1.31566,1.31566,1.31566,1.31566,0.0
2012-02-04 00:32:00,1.31566,1.31566,1.31566,1.31566,0.0
2012-02-04 00:33:00,1.31566,1.31566,1.31566,1.31566,0.0
2012-02-04 00:34:00,1.31566,1.31566,1.31566,1.31566,0.0
2012-02-04 00:35:00,1.31566,1.31566,1.31566,1.31566,0.0
2012-02-04 00:36:00,1.31566,1.31566,1.31566,1.31566,0.0
2012-02-04 00:37:00,1.31566,1.31566,1.31566,1.31566,0.0
2012-02-04 00:38:00,1.31566,1.31566,1.31566,1.31566,0.0
2012-02-04 00:39:00,1.31566,1.31566,1.31566,1.31566,0.0
2012-02-04 00:40:00,1.31566,1.31566,1.31566,1.31566,0.0
2012-02-04 00:41:00,1.31566,1.31566,1.31566,1.31566,0.0
2012-02-04 00:42:00,1.31566,1.31566,1.31566,1.31566,0.0
2012-02-04 00:43:00,1.31566,1.31566,1.31566,1.31566,0.0
2012-02-04 00:44:00,1.31566,1.31566,1.31566,1.31566,0.0
2012-02-04 00:45:00,1.31566,1.31566,1.31566,1.31566,0.0
2012-02-04 00:46:00,1.31566,1.31566,1.31566,1.31566,0.0
2012-02-04 00:47:00,1.31566,1.31566,1.31566,1.31566,0.0
2012-02-04 00:48:00,1.31566,1.31566,1.31566,1.31566,0.0
2012-02-04 00:49:00,1.31566,1.31566,1.31566,1.31566,0.0
2012-02-04 00:50:00,1.31566,1.31566,1.31566,1.31566,0.0
2012-02-04 00:51:00,1.31566,1.31566,1.31566,1.31566,0.0
2012-02-04 00:52:00,1.31566,1.31566,1.31566,1.31566,0.0
2012-02-04 00:53:00,1.31566,1.31566,1.31566,1.31566,0.0
2012-02-04 00:54:00,1.31566,1.31566,1.31566,1.31566,0.0
2012-02-04 00:55:00,1.31566,1.31566,1.31566,1.31566,0.0
2012-02-04 00:56:00,1.31566,1.31566,1.31566,1.31566,0.0
2012-02-04 00:57:00,1.31566,1.31566,1.31566,1.31566,0.0
2012-02-04 00:58:00,1.31566,1.31566,1.31566,1.31566,0.0
2012-02-04 00:59:00,1.31566,1.31566,1.31566,1.31566,0.0
2012-02-04 01:00:00,1.31566,1.31566,1.31566,1.31566,0.0
2012-02-04 01:01:00,1.31566,1.31566,1.31566,1.31566,0.0
2012-02-04 01:02:00,1.31566,1.31566,1.31566,1.31566,0.0
2012-02-04 01:03:00,1.31566,1.31566,1.31566,1.31566,0.0
2012-02-04 01:04:00,1.31566,1.31566,1.31566,1.31566,0.0
2012-02-04 01:05:00,1.31566,1.31566,1.31566,1.31566,0.0
2012-02-04 01:06:00,1.31566,1.31566,1.31566,1.31566,0.0
2012-02-04 01:07:00,1.31566,1.31566,1.31566,1.31566,0.0
2012-02-04 01:08:00,1.31566,1.31566,1.31566,1.31566,0.0
2012-02-04 01:09:00,1.31566,1.31566,1.31566,1.31566,0.0
2012-02-04 01:10:00,1.31566,1.31566,1.31566,1.31566,0.0
2012-02-04 01:11:00,1.31566,1.31566,1.31566,1.31566,0.0
2012-02-04 01:12:00,1.31566,1.31566,1.31566,1.31566,0.0
2012-02-04 01:13:00,1.31566,1.31566,1.31566,1.31566,0.0
2012-02-04 01:14:00,1.31566,1.31566,1.31566,1.31566,0.0
2012-02-04 01:15:00,1.31566,1.31566,1.31566,1.31566,0.0
2012-02-04 01:16:00,1.31566,1.31566,1.31566,1.31566,0.0
2012-02-04 01:17:00,1.31566,1.31566,1.31566,1.31566,0.0
2012-02-04 01:18:00,1.31566,1.31566,1.31566,1.31566,0.0
2012-02-04 01:19:00,1.31566,1.31566,1.31566,1.31566,0.0
2012-02-04 01:20:00,1.31566,1.31566,1.31566,1.31566,0.0
2012-02-04 01:21:00,1.31566,1.31566,1.31566,1.31566,0.0
2012-02-04 01:22:00,1.31566,1.31566,1.31566,1.31566,0.0
2012-02-04 01:23:00,1.31566,1.31566,1.31566,1.31566,0.0
2012-02-04 01:24:00,1.31566,1.31566,1.31566,1.31566,0.0
2012-02-04 01:25:00,1.31566,1.31566,1.31566,1.31566,0.0
2012-02-04 01:26:00,1.31566,1.31566,1.31566,1.31566,0.0
2012-02-04 01:27:00,1.31566,1.31566,1.31566,1.31566,0.0
2012-02-04 01:28:00,1.31566,1.31566,1.31566,1.31566,0.0
2012-02-04 01:29:00,1.31566,1.31566,1.31566,1.31566,0.0
2012-02-04 01:30:00,1.31566,1.31566,1.31566,1.31566,0.0
2012-02-04 01:31:00,1.31566,1.31566,1.31566,1.31566,0.0
2012-02-04 01:32:00,1.31566,1.31566,1.31566,1.31566,0.0
2012-02-04 01:33:00,1.31566,1.31566,1.31566,1.31566,0.0
2012-02-04 01:34:00,1.31566,1.31566,1.31566,1.31566,0.0
2012-02-04 01:35:00,1.31566,1.31566,1.31566,1.31566,0.0
2012-02-04 01:36:00,1.31566,1.31566,1.31566,1.31566,0.0
2012-02-04 01:37:00,1.31566,1.31566,1.31566,1.31566,0.0
2012-02-04 01:38:00,1.31566,1.31566,1.31566,1.31566,0.0
2012-02-04 01:39:00,1.31566,1.31566,1.31566,1.31566,0.0
2012-02-04 01:40:00,1.31566,1.31566,1.31566,1.31566,0.0
2012-02-04 01:41:00,1.31566,1.31566,1.31566,1.31566,0.0
2012-02-04 01:42:00,1.31566,1.31566,1.31566,1.31566,0.0
2012-02-04 01:43:00,1.31566,1.31566,1.31566,1.31566,0.0
2012-02-04 01:44:00,1.31566,1.31566,1.31566,1.31566,0.0
2012-02-04 01:45:00,1.31566,1.31566,1.31566,1.31566,0.0
2012-02-04 01:46:00,1.31566,1.31566,1.31566,1.31566,0.0
2012-02-04 01:47:00,1.31566,1.31566,1.31566,1.31566,0.0
2012-02-04 01:48:00,1.31566,1.31566,1.31566,1.31566,0.0
2012-02-04 01:49:00,1.31566,1.31566,1.31566,1.31566,0.0
2012-02-04 01:50:00,1.31566,1.31566,1.31566,1.31566,0.0
2012-02-04 01:51:00,1.31566,1.31566,1.31566,1.31566,0.0
2012-02-04 01:52:00,1.31566,1.31566,1.31566,1.31566,0.0
2012-02-04 01:53:00,1.31566,1.31566,1.31566,1.31566,0.0
2012-02-04 01:54:00,1.31566,1.31566,1.31566,1.31566,0.0
2012-02-04 01:55:00,1.31566,1.31566,1.31566,1.31566,0.0
2012-02-04 01:56:00,1.31566,1.31566,1.31566,1.31566,0.0
2012-02-04 01:57:00,1.31566,1.31566,1.31566,1.31566,0.0
2012-02-04 01:58:00,1.31566,1.31566,1.31566,1.31566,0.0
2012-02-04 01:59:00,1.31566,1.31566,1.31566,1.31566,0.0
2012-02-04 02:00:00,1.31566,1.31566,1.31566,1.31566,0.0
2012-02-04 02:01:00,1.31566,1.31566,1.31566,1.31566,0.0
2012-02-04 02:02:00,1.31566,1.31566,1.31566,1.31566,0.0
2012-02-04 02:03:00,1.31566,1.31566,1.31566,1.31566,0.0
2012-02-04 02:04:00,1.31566,1.31566,1.31566,1.31566,0.0
2012-02-04 02:05:00,1.31566,1.31566,1.31566,1.31566,0.0
2012-02-04 02:06:00,1.31566,1.31566,1.31566,1.31566,0.0
2012-02-04 02:07:00,1.31566,1.31566,1.31566,1.31566,0.0
2012-02-04 02:08:00,1.31566,1.31566,1.31566,1.31566,0.0
2012-02-04 02:09:00,1.31566,1.31566,1.31566,1.31566,0.0
2012-02-04 02:10:00,1.31566,1.31566,1.31566,1.31566,0.0
2012-02-04 02:11:00,1.31566,1.31566,1.31566,1.31566,0.0
2012-02-04 02:12:00,1.31566,1.31566,1.31566,1.31566,0.0
2012-02-04 02:13:00,1.31566,1.31566,1.31566,1.31566,0.0
2012-02-04 02:14:00,1.31566,1.31566,1.31566,1.31566,0.0
2012-02-04 02:15:00,1.31566,1.31566,1.31566,1.31566,0.0
2012-02-04 02:16:00,1.31566,1.31566,1.31566,1.31566,0.0
2012-02-04 02:17:00,1.31566,1.31566,1.31566,1.31566,0.0
2012-02-04 02:18:00,1.31566,1.31566,1.31566,1.31566,0.0
2012-02-04 02:19:00,1.31566,1.31566,1.31566,1.31566,0.0
2012-02-04 02:20:00,1.31566,1.31566,1.31566,1.31566,0.0
2012-02-04 02:21:00,1.31566,1.31566,1.31566,1.31566,0.0
2012-02-04 02:22:00,1.31566,1.31566,1.31566,1.31566,0.0
2012-02-04 02:23:00,1.31566,1.31566,1.31566,1.31566,0.0
2012-02-04 02:24:00,1.31566,1.31566,1.31566,1.31566,0.0
2012-02-04 02:25:00,1.31566,1.31566,1.31566,1.31566,0.0
2012-02-04 02:26:00,1.31566,1.31566,1.31566,1.31566,0.0
2012-02-04 02:27:00,1.31566,1.31566,1.31566,1.31566,0.0
2012-02-04 02:28:00,1.31566,1.31566,1.31566,1.31566,0.0
2012-02-04 02:29:00,1.31566,1.31566,1.31566,1.31566,0.0
2012-02-04 02:30:00,1.31566,1.31566,1.31566,1.31566,0.0
2012-02-04 02:31:00,1.31566,1.31566,1.31566,1.31566,0.0
2012-02-04 02:32:00,1.31566,1.31566,1.31566,1.31566,0.0
2012-02-04 02:33:00,1.31566,1.31566,1.31566,1.31566,0.0
2012-02-04 02:34:00,1.31566,1.31566,1.31566,1.31566,0.0
2012-02-04 02:35:00,1.31566,1.31566,1.31566,1.31566,0.0
2012-02-04 02:36:00,1.31566,1.31566,1.31566,1.31566,0.0
2012-02-04 02:37:00,1.31566,1.31566,1.31566,1.31566,0.0
2012-02-04 02:38:00,1.31566,1.31566,1.31566,1.31566,0.0
2012-02-04 02:39:00,1.31566,1.31566,1.31566,1.31566,0.0
2012-02-04 02:40:00,1.31566,1.31566,1.31566,1.31566,0.0
2012-02-04 02:41:00,1.31566,1.31566,1.31566,1.31566,0.0
2012-02-04 02:42:00,1.31566,1.31566,1.31566,1.31566,0.0
2012-02-04 02:43:00,1.31566,1.31566,1.31566,1.31566,0.0
2012-02-04 02:44:00,1.31566,1.31566,1.31566,1.31566,0.0
2012-02-04 02:45:00,1.31566,1.31566,1.31566,1.31566,0.0
2012-02-04 02:46:00,1.31566,1.31566,1.31566,1.31566,0.0
2012-02-04 02:47:00,1.31566,1.31566,1.31566,1.31566,0.0
2012-02-04 02:48:00,1.31566,1.31566,1.31566,1.31566,0.0
2012-02-04 02:49:00,1.31566,1.31566,1.31566,1.31566,0.0
2012-02-04 02:50:00,1.31566,1.31566,1.31566,1.31566,0.0
2012-02-04 02:51:00,1.31566,1.31566,1.31566,1.31566,0.0
2012-02-04 02:52:00,1.31566,1.31566,1.31566,1.31566,0.0
2012-02-04 02:53:00,1.31566,1.31566,1.31566,1.31566,0.0
2012-02-04 02:54:00,1.31566,1.31566,1.31566,1.31566,0.0
2012-02-04 02:55:00,1.31566,1.31566,1.31566,1.31566,0.0
2012-02-04 02:56:00,1.31566,1.31566,1.31566,1.31566,0.0
2012-02-04 02:57:00,1.31566,1.31566,1.31566,1.31566,0.0
2012-02-04 02:58:00,1.31566,1.31566,1.31566,1.31566,0.0
2012-02-04 02:59:00,1.31566,1.31566,1.31566,1.31566,0.0
2012-02-04 03:00:00,1.31566,1.31566,1.31566,1.31566,0.0
2012-02-04 03:01:00,1.31566,1.31566,1.31566,1.31566,0.0
2012-02-04 03:02:00,1.31566,1.31566,1.31566,1.31566,0.0
2012-02-04 03:03:00,1.31566,1.31566,1.31566,1.31566,0.0
2012-02-04 03:04:00,1.31566,1.31566,1.31566,1.31566,0.0
2012-02-04 03:05:00,1.31566,1.31566,1.31566,1.31566,0.0
2012-02-04 03:06:00,1.31566,1.31566,1.31566,1.31566,0.0
2012-02-04 03:07:00,1.31566,1.31566,1.31566,1.31566,0.0
2012-02-04 03:08:00,1.31566,1.31566,1.31566,1.31566,0.0
2012-02-04 03:09:00,1.31566,1.31566,1.31566,1.31566,0.0
2012-02-04 03:10:00,1.31566,1.31566,1.31566,1.31566,0.0
2012-02-04 03:11:00,1.31566,1.31566,1.31566,1.31566,0.0
2012-02-04 03:12:00,1.31566,1.31566,1.31566,1.31566,0.0
2012-02-04 03:13:00,1.31566,1.31566,1.31566,1.31566,0.0
2012-02-04 03:14:00,1.31566,1.31566,1.31566,1.31566,0.0
2012-02-04 03:15:00,1.31566,1.31566,1.31566,1.31566,0.0
2012-02-04 03:16:00,1.31566,1.31566,1.31566,1.31566,0.0
2012-02-04 03:17:00,1.31566,1.31566,1.31566,1.31566,0.0
2012-02-04 03:18:00,1.31566,1.31566,1.31566,1.31566,0.0
2012-02-04 03:19:00,1.31566,1.31566,1.31566,1.31566,0.0
2012-02-04 03:20:00,1.31566,1.31566,1.31566,1.31566,0.0
2012-02-04 03:21:00,1.31566,1.31566,1.31566,1.31566,0.0
2012-02-04 03:22:00,1.31566,1.31566,1.31566,1.31566,0.0
2012-02-04 03:23:00,1.31566,1.31566,1.31566,1.31566,0.0
2012-02-04 03:24:00,1.31566,1.31566,1.31566,1.31566,0.0
2012-02-04 03:25:00,1.31566,1.31566,1.31566,1.31566,0.0
2012-02-04 03:26:00,1.31566,1.31566,1.31566,1.31566,0.0
2012-02-04 03:27:00,1.31566,1.31566,1.31566,1.31566,0.0
2012-02-04 03:28:00,1.31566,1.31566,1.31566,1.31566,0.0
2012-02-04 03:29:00,1.31566,1.31566,1.31566,1.31566,0.0
2012-02-04 03:30:00,1.31566,1.31566,1.31566,1.31566,0.0
2012-02-04 03:31:00,1.31566,1.31566,1.31566,1.31566,0.0
2012-02-04 03:32:00,1.31566,1.31566,1.31566,1.31566,0.0
2012-02-04 03:33:00,1.31566,1.31566,1.31566,1.31566,0.0
2012-02-04 03:34:00,1.31566,1.31566,1.31566,1.31566,0.0
2012-02-04 03:35:00,1.31566,1.31566,1.31566,1.31566,0.0
2012-02-04 03:36:00,1.31566,1.31566,1.31566,1.31566,0.0
2012-02-04 03:37:00,1.31566,1.31566,1.31566,1.31566,0.0
2012-02-04 03:38:00,1.31566,1.31566,1.31566,1.31566,0.0
2012-02-04 03:39:00,1.31566,1.31566,1.31566,1.31566,0.0
2012-02-04 03:40:00,1.31566,1.31566,1.31566,1.31566,0.0
2012-02-04 03:41:00,1.31566,1.31566,1.31566,1.31566,0.0
2012-02-04 03:42:00,1.31566,1.31566,1.31566,1.31566,0.0
2012-02-04 03:43:00,1.31566,1.31566,1.31566,1.31566,0.0
2012-02-04 03:44:00,1.31566,1.31566,1.31566,1.31566,0.0
2012-02-04 03:45:00,1.31566,1.31566,1.31566,1.31566,0.0
2012-02-04 03:46:00,1.31566,1.31566,1.31566,1.31566,0.0
2012-02-04 03:47:00,1.31566,1.31566,1.31566,1.31566,0.0
2012-02-04 03:48:00,1.31566,1.31566,1.31566,1.31566,0.0
2012-02-04 03:49:00,1.31566,1.31566,1.31566,1.31566,0.0
2012-02-04 03:50:00,1.31566,1.31566,1.31566,1.31566,0.0
2012-02-04 03:51:00,1.31566,1.31566,1.31566,1.31566,0.0
2012-02-04 03:52:00,1.31566,1.31566,1.31566,1.31566,0.0
2012-02-04 03:53:00,1.31566,1.31566,1.31566,1.31566,0.0
2012-02-04 03:54:00,1.31566,1.31566,1.31566,1.31566,0.0
2012-02-04 03:55:00,1.31566,1.31566,1.31566,1.31566,0.0
2012-02-04 03:56:00,1.31566,1.31566,1.31566,1.31566,0.0
2012-02-04 03:57:00,1.31566,1.31566,1.31566,1.31566,0.0
2012-02-04 03:58:00,1.31566,1.31566,1.31566,1.31566,0.0
2012-02-04 03:59:00,1.31566,1.31566,1.31566,1.31566,0.0
2012-02-04 04:00:00,1.31566,1.31566,1.31566,1.31566,0.0
2012-02-04 04:01:00,1.31566,1.31566,1.31566,1.31566,0.0
2012-02-04 04:02:00,1.31566,1.31566,1.31566,1.31566,0.0
2012-02-04 04:03:00,1.31566,1.31566,1.31566,1.31566,0.0
2012-02-04 04:04:00,1.31566,1.31566,1.31566,1.31566,0.0
2012-02-04 04:05:00,1.31566,1.31566,1.31566,1.31566,0.0
2012-02-04 04:06:00,1.31566,1.31566,1.31566,1.31566,0.0
2012-02-04 04:07:00,1.31566,1.31566,1.31566,1.31566,0.0
2012-02-04 04:08:00,1.31566,1.31566,1.31566,1.31566,0.0
2012-02-04 04:09:00,1.31566,1.31566,1.31566,1.31566,0.0
2012-02-04 04:10:00,1.31566,1.31566,1.31566,1.31566,0.0
2012-02-04 04:11:00,1.31566,1.31566,1.31566,1.31566,0.0
2012-02-04 04:12:00,1.31566,1.31566,1.31566,1.31566,0.0
2012-02-04 04:13:00,1.31566,1.31566,1.31566,1.31566,0.0
2012-02-04 04:14:00,1.31566,1.31566,1.31566,1.31566,0.0
2012-02-04 04:15:00,1.31566,1.31566,1.31566,1.31566,0.0
2012-02-04 04:16:00,1.31566,1.31566,1.31566,1.31566,0.0
2012-02-04 04:17:00,1.31566,1.31566,1.31566,1.31566,0.0
2012-02-04 04:18:00,1.31566,1.31566,1.31566,1.31566,0.0
2012-02-04 04:19:00,1.31566,1.31566,1.31566,1.31566,0.0
2012-02-04 04:20:00,1.31566,1.31566,1.31566,1.31566,0.0
2012-02-04 04:21:00,1.31566,1.31566,1.31566,1.31566,0.0
2012-02-04 04:22:00,1.31566,1.31566,1.31566,1.31566,0.0
2012-02-04 04:23:00,1.31566,1.31566,1.31566,1.31566,0.0
2012-02-04 04:24:00,1.31566,1.31566,1.31566,1.31566,0.0
2012-02-04 04:25:00,1.31566,1.31566,1.31566,1.31566,0.0
2012-02-04 04:26:00,1.31566,1.31566,1.31566,1.31566,0.0
2012-02-04 04:27:00,1.31566,1.31566,1.31566,1.31566,0.0
2012-02-04 04:28:00,1.31566,1.31566,1.31566,1.31566,0.0
2012-02-04 04:29:00,1.31566,1.31566,1.31566,1.31566,0.0
2012-02-04 04:30:00,1.31566,1.31566,1.31566,1.31566,0.0
2012-02-04 04:31:00,1.31566,1.31566,1.31566,1.31566,0.0
2012-02-04 04:32:00,1.31566,1.31566,1.31566,1.31566,0.0
2012-02-04 04:33:00,1.31566,1.31566,1.31566,1.31566,0.0
2012-02-04 04:34:00,1.31566,1.31566,1.31566,1.31566,0.0
2012-02-04 04:35:00,1.31566,1.31566,1.31566,1.31566,0.0
2012-02-04 04:36:00,1.31566,1.31566,1.31566,1.31566,0.0
2012-02-04 04:37:00,1.31566,1.31566,1.31566,1.31566,0.0
2012-02-04 04:38:00,1.31566,1.31566,1.31566,1.31566,0.0
2012-02-04 04:39:00,1.31566,1.31566,1.31566,1.31566,0.0
2012-02-04 04:40:00,1.31566,1.31566,1.31566,1.31566,0.0
2012-02-04 04:41:00,1.31566,1.31566,1.31566,1.31566,0.0
2012-02-04 04:42:00,1.31566,1.31566,1.31566,1.31566,0.0
2012-02-04 04:43:00,1.31566,1.31566,1.31566,1.31566,0.0
2012-02-04 04:44:00,1.31566,1.31566,1.31566,1.31566,0.0
2012-02-04 04:45:00,1.31566,1.31566,1.31566,1.31566,0.0
2012-02-04 04:46:00,1.31566,1.31566,1.31566,1.31566,0.0
2012-02-04 04:47:00,1.31566,1.31566,1.31566,1.31566,0.0
2012-02-04 04:48:00,1.31566,1.31566,1.31566,1.31566,0.0
2012-02-04 04:49:00,1.31566,1.31566,1.31566,1.31566,0.0
2012-02-04 04:50:00,1.31566,1.31566,1.31566,1.31566,0.0
2012-02-04 04:51:00,1.31566,1.31566,1.31566,1.31566,0.0
2012-02-04 04:52:00,1.31566,1.31566,1.31566,1.31566,0.0
2012-02-04 04:53:00,1.31566,1.31566,1.31566,1.31566,0.0
2012-02-04 04:54:00,1.31566,1.31566,1.31566,1.31566,0.0
2012-02-04 04:55:00,1.31566,1.31566,1.31566,1.31566,0.0
2012-02-04 04:56:00,1.31566,1.31566,1.31566,1.31566,0.0
2012-02-04 04:57:00,1.31566,1.31566,1.31566,1.31566,0.0
2012-02-04 04:58:00,1.31566,1.31566,1.31566,1.31566,0.0
2012-02-04 04:59:00,1.31566,1.31566,1.31566,1.31566,0.0
2012-02-04 05:00:00,1.31566,1.31566,1.31566,1.31566,0.0
2012-02-04 05:01:00,1.31566,1.31566,1.31566,1.31566,0.0
2012-02-04 05:02:00,1.31566,1.31566,1.31566,1.31566,0.0
2012-02-04 05:03:00,1.31566,1.31566,1.31566,1.31566,0.0
2012-02-04 05:04:00,1.31566,1.31566,1.31566,1.31566,0.0
2012-02-04 05:05:00,1.31566,1.31566,1.31566,1.31566,0.0
2012-02-04 05:06:00,1.31566,1.31566,1.31566,1.31566,0.0
2012-02-04 05:07:00,1.31566,1.31566,1.31566,1.31566,0.0
2012-02-04 05:08:00,1.31566,1.31566,1.31566,1.31566,0.0
2012-02-04 05:09:00,1.31566,1.31566,1.31566,1.31566,0.0
2012-02-04 05:10:00,1.31566,1.31566,1.31566,1.31566,0.0
2012-02-04 05:11:00,1.31566,1.31566,1.31566,1.31566,0.0
2012-02-04 05:12:00,1.31566,1.31566,1.31566,1.31566,0.0
2012-02-04 05:13:00,1.31566,1.31566,1.31566,1.31566,0.0
2012-02-04 05:14:00,1.31566,1.31566,1.31566,1.31566,0.0
2012-02-04 05:15:00,1.31566,1.31566,1.31566,1.31566,0.0
2012-02-04 05:16:00,1.31566,1.31566,1.31566,1.31566,0.0
2012-02-04 05:17:00,1.31566,1.31566,1.31566,1.31566,0.0
2012-02-04 05:18:00,1.31566,1.31566,1.31566,1.31566,0.0
2012-02-04 05:19:00,1.31566,1.31566,1.31566,1.31566,0.0
2012-02-04 05:20:00,1.31566,1.31566,1.31566,1.31566,0.0
2012-02-04 05:21:00,1.31566,1.31566,1.31566,1.31566,0.0
2012-02-04 05:22:00,1.31566,1.31566,1.31566,1.31566,0.0
2012-02-04 05:23:00,1.31566,1.31566,1.31566,1.31566,0.0
2012-02-04 05:24:00,1.31566,1.31566,1.31566,1.31566,0.0
2012-02-04 05:25:00,1.31566,1.31566,1.31566,1.31566,0.0
2012-02-04 05:26:00,1.31566,1.31566,1.31566,1.31566,0.0
2012-02-04 05:27:00,1.31566,1.31566,1.31566,1.31566,0.0
2012-02-04 05:28:00,1.31566,1.31566,1.31566,1.31566,0.0
2012-02-04 05:29:00,1.31566,1.31566,1.31566,1.31566,0.0
2012-02-04 05:30:00,1.31566,1.31566,1.31566,1.31566,0.0
2012-02-04 05:31:00,1.31566,1.31566,1.31566,1.31566,0.0
2012-02-04 05:32:00,1.31566,1.31566,1.31566,1.31566,0.0
2012-02-04 05:33:00,1.31566,1.31566,1.31566,1.31566,0.0
2012-02-04 05:34:00,1.31566,1.31566,1.31566,1.31566,0.0
2012-02-04 05:35:00,1.31566,1.31566,1.31566,1.31566,0.0
2012-02-04 05:36:00,1.31566,1.31566,1.31566,1.31566,0.0
2012-02-04 05:37:00,1.31566,1.31566,1.31566,1.31566,0.0
2012-02-04 05:38:00,1.31566,1.31566,1.31566,1.31566,0.0
2012-02-04 05:39:00,1.31566,1.31566,1.31566,1.31566,0.0
2012-02-04 05:40:00,1.31566,1.31566,1.31566,1.31566,0.0
2012-02-04 05:41:00,1.31566,1.31566,1.31566,1.31566,0.0
2012-02-04 05:42:00,1.31566,1.31566,1.31566,1.31566,0.0
2012-02-04 05:43:00,1.31566,1.31566,1.31566,1.31566,0.0
2012-02-04 05:44:00,1.31566,1.31566,1.31566,1.31566,0.0
2012-02-04 05:45:00,1.31566,1.31566,1.31566,1.31566,0.0
2012-02-04 05:46:00,1.31566,1.31566,1.31566,1.31566,0.0
2012-02-04 05:47:00,1.31566,1.31566,1.31566,1.31566,0.0
2012-02-04 05:48:00,1.31566,1.31566,1.31566,1.31566,0.0
2012-02-04 05:49:00,1.31566,1.31566,1.31566,1.31566,0.0
2012-02-04 05:50:00,1.31566,1.31566,1.31566,1.31566,0.0
2012-02-04 05:51:00,1.31566,1.31566,1.31566,1.31566,0.0
2012-02-04 05:52:00,1.31566,1.31566,1.31566,1.31566,0.0
2012-02-04 05:53:00,1.31566,1.31566,1.31566,1.31566,0.0
2012-02-04 05:54:00,1.31566,1.31566,1.31566,1.31566,0.0
2012-02-04 05:55:00,1.31566,1.31566,1.31566,1.31566,0.0
2012-02-04 05:56:00,1.31566,1.31566,1.31566,1.31566,0.0
2012-02-04 05:57:00,1.31566,1.31566,1.31566,1.31566,0.0
2012-02-04 05:58:00,1.31566,1.31566,1.31566,1.31566,0.0
2012-02-04 05:59:00,1.31566,1.31566,1.31566,1.31566,0.0
2012-02-04 06:00:00,1.31566,1.31566,1.31566,1.31566,0.0
2012-02-04 06:01:00,1.31566,1.31566,1.31566,1.31566,0.0
2012-02-04 06:02:00,1.31566,1.31566,1.31566,1.31566,0.0
2012-02-04 06:03:00,1.31566,1.31566,1.31566,1.31566,0.0
2012-02-04 06:04:00,1.31566,1.31566,1.31566,1.31566,0.0
2012-02-04 06:05:00,1.31566,1.31566,1.31566,1.31566,0.0
2012-02-04 06:06:00,1.31566,1.31566,1.31566,1.31566,0.0
2012-02-04 06:07:00,1.31566,1.31566,1.31566,1.31566,0.0
2012-02-04 06:08:00,1.31566,1.31566,1.31566,1.31566,0.0
2012-02-04 06:09:00,1.31566,1.31566,1.31566,1.31566,0.0
2012-02-04 06:10:00,1.31566,1.31566,1.31566,1.31566,0.0
2012-02-04 06:11:00,1.31566,1.31566,1.31566,1.31566,0.0
2012-02-04 06:12:00,1.31566,1.31566,1.31566,1.31566,0.0
2012-02-04 06:13:00,1.31566,1.31566,1.31566,1.31566,0.0
2012-02-04 06:14:00,1.31566,1.31566,1.31566,1.31566,0.0
2012-02-04 06:15:00,1.31566,1.31566,1.31566,1.31566,0.0
2012-02-04 06:16:00,1.31566,1.31566,1.31566,1.31566,0.0
2012-02-04 06:17:00,1.31566,1.31566,1.31566,1.31566,0.0
2012-02-04 06:18:00,1.31566,1.31566,1.31566,1.31566,0.0
2012-02-04 06:19:00,1.31566,1.31566,1.31566,1.31566,0.0
2012-02-04 06:20:00,1.31566,1.31566,1.31566,1.31566,0.0
2012-02-04 06:21:00,1.31566,1.31566,1.31566,1.31566,0.0
2012-02-04 06:22:00,1.31566,1.31566,1.31566,1.31566,0.0
2012-02-04 06:23:00,1.31566,1.31566,1.31566,1.31566,0.0
2012-02-04 06:24:00,1.31566,1.31566,1.31566,1.31566,0.0
2012-02-04 06:25:00,1.31566,1.31566,1.31566,1.31566,0.0
2012-02-04 06:26:00,1.31566,1.31566,1.31566,1.31566,0.0
2012-02-04 06:27:00,1.31566,1.31566,1.31566,1.31566,0.0
2012-02-04 06:28:00,1.31566,1.31566,1.31566,1.31566,0.0
2012-02-04 06:29:00,1.31566,1.31566,1.31566,1.31566,0.0
2012-02-04 06:30:00,1.31566,1.31566,1.31566,1.31566,0.0
2012-02-04 06:31:00,1.31566,1.31566,1.31566,1.31566,0.0
2012-02-04 06:32:00,1.31566,1.31566,1.31566,1.31566,0.0
2012-02-04 06:33:00,1.31566,1.31566,1.31566,1.31566,0.0
2012-02-04 06:34:00,1.31566,1.31566,1.31566,1.31566,0.0
2012-02-04 06:35:00,1.31566,1.31566,1.31566,1.31566,0.0
2012-02-04 06:36:00,1.31566,1.31566,1.31566,1.31566,0.0
2012-02-04 06:37:00,1.31566,1.31566,1.31566,1.31566,0.0
2012-02-04 06:38:00,1.31566,1.31566,1.31566,1.31566,0.0
2012-02-04 06:39:00,1.31566,1.31566,1.31566,1.31566,0.0
2012-02-04 06:40:00,1.31566,1.31566,1.31566,1.31566,0.0
2012-02-04 06:41:00,1.31566,1.31566,1.31566,1.31566,0.0
2012-02-04 06:42:00,1.31566,1.31566,1.31566,1.31566,0.0
2012-02-04 06:43:00,1.31566,1.31566,1.31566,1.31566,0.0
2012-02-04 06:44:00,1.31566,1.31566,1.31566,1.31566,0.0
2012-02-04 06:45:00,1.31566,1.31566,1.31566,1.31566,0.0
2012-02-04 06:46:00,1.31566,1.31566,1.31566,1.31566,0.0
2012-02-04 06:47:00,1.31566,1.31566,1.31566,1.31566,0.0
2012-02-04 06:48:00,1.31566,1.31566,1.31566,1.31566,0.0
2012-02-04 06:49:00,1.31566,1.31566,1.31566,1.31566,0.0
2012-02-04 06:50:00,1.31566,1.31566,1.31566,1.31566,0.0
2012-02-04 06:51:00,1.31566,1.31566,1.31566,1.31566,0.0
2012-02-04 06:52:00,1.31566,1.31566,1.31566,1.31566,0.0
2012-02-04 06:53:00,1.31566,1.31566,1.31566,1.31566,0.0
2012-02-04 06:54:00,1.31566,1.31566,1.31566,1.31566,0.0
2012-02-04 06:55:00,1.31566,1.31566,1.31566,1.31566,0.0
2012-02-04 06:56:00,1.31566,1.31566,1.31566,1.31566,0.0
2012-02-04 06:57:00,1.31566,1.31566,1.31566,1.31566,0.0
2012-02-04 06:58:00,1.31566,1.31566,1.31566,1.31566,0.0
2012-02-04 06:59:00,1.31566,1.31566,1.31566,1.31566,0.0
2012-02-04 07:00:00,1.31566,1.31566,1.31566,1.31566,0.0
2012-02-04 07:01:00,1.31566,1.31566,1.31566,1.31566,0.0
2012-02-04 07:02:00,1.31566,1.31566,1.31566,1.31566,0.0
2012-02-04 07:03:00,1.31566,1.31566,1.31566,1.31566,0.0
2012-02-04 07:04:00,1.31566,1.31566,1.31566,1.31566,0.0
2012-02-04 07:05:00,1.31566,1.31566,1.31566,1.31566,0.0
2012-02-04 07:06:00,1.31566,1.31566,1.31566,1.31566,0.0
2012-02-04 07:07:00,1.31566,1.31566,1.31566,1.31566,0.0
2012-02-04 07:08:00,1.31566,1.31566,1.31566,1.31566,0.0
2012-02-04 07:09:00,1.31566,1.31566,1.31566,1.31566,0.0
2012-02-04 07:10:00,1.31566,1.31566,1.31566,1.31566,0.0
2012-02-04 07:11:00,1.31566,1.31566,1.31566,1.31566,0.0
2012-02-04 07:12:00,1.31566,1.31566,1.31566,1.31566,0.0
2012-02-04 07:13:00,1.31566,1.31566,1.31566,1.31566,0.0
2012-02-04 07:14:00,1.31566,1.31566,1.31566,1.31566,0.0
2012-02-04 07:15:00,1.31566,1.31566,1.31566,1.31566,0.0
2012-02-04 07:16:00,1.31566,1.31566,1.31566,1.31566,0.0
2012-02-04 07:17:00,1.31566,1.31566,1.31566,1.31566,0.0
2012-02-04 07:18:00,1.31566,1.31566,1.31566,1.31566,0.0
2012-02-04 07:19:00,1.31566,1.31566,1.31566,1.31566,0.0
2012-02-04 07:20:00,1.31566,1.31566,1.31566,1.31566,0.0
2012-02-04 07:21:00,1.31566,1.31566,1.31566,1.31566,0.0
2012-02-04 07:22:00,1.31566,1.31566,1.31566,1.31566,0.0
2012-02-04 07:23:00,1.31566,1.31566,1.31566,1.31566,0.0
2012-02-04 07:24:00,1.31566,1.31566,1.31566,1.31566,0.0
2012-02-04 07:25:00,1.31566,1.31566,1.31566,1.31566,0.0
2012-02-04 07:26:00,1.31566,1.31566,1.31566,1.31566,0.0
2012-02-04 07:27:00,1.31566,1.31566,1.31566,1.31566,0.0
2012-02-04 07:28:00,1.31566,1.31566,1.31566,1.31566,0.0
2012-02-04 07:29:00,1.31566,1.31566,1.31566,1.31566,0.0
2012-02-04 07:30:00,1.31566,1.31566,1.31566,1.31566,0.0
2012-02-04 07:31:00,1.31566,1.31566,1.31566,1.31566,0.0
2012-02-04 07:32:00,1.31566,1.31566,1.31566,1.31566,0.0
2012-02-04 07:33:00,1.31566,1.31566,1.31566,1.31566,0.0
2012-02-04 07:34:00,1.31566,1.31566,1.31566,1.31566,0.0
2012-02-04 07:35:00,1.31566,1.31566,1.31566,1.31566,0.0
2012-02-04 07:36:00,1.31566,1.31566,1.31566,1.31566,0.0
2012-02-04 07:37:00,1.31566,1.31566,1.31566,1.31566,0.0
2012-02-04 07:38:00,1.31566,1.31566,1.31566,1.31566,0.0
2012-02-04 07:39:00,1.31566,1.31566,1.31566,1.31566,0.0
2012-02-04 07:40:00,1.31566,1.31566,1.31566,1.31566,0.0
2012-02-04 07:41:00,1.31566,1.31566,1.31566,1.31566,0.0
2012-02-04 07:42:00,1.31566,1.31566,1.31566,1.31566,0.0
2012-02-04 07:43:00,1.31566,1.31566,1.31566,1.31566,0.0
2012-02-04 07:44:00,1.31566,1.31566,1.31566,1.31566,0.0
2012-02-04 07:45:00,1.31566,1.31566,1.31566,1.31566,0.0
2012-02-04 07:46:00,1.31566,1.31566,1.31566,1.31566,0.0
2012-02-04 07:47:00,1.31566,1.31566,1.31566,1.31566,0.0
2012-02-04 07:48:00,1.31566,1.31566,1.31566,1.31566,0.0
2012-02-04 07:49:00,1.31566,1.31566,1.31566,1.31566,0.0
2012-02-04 07:50:00,1.31566,1.31566,1.31566,1.31566,0.0
2012-02-04 07:51:00,1.31566,1.31566,1.31566,1.31566,0.0
2012-02-04 07:52:00,1.31566,1.31566,1.31566,1.31566,0.0
2012-02-04 07:53:00,1.31566,1.31566,1.31566,1.31566,0.0
2012-02-04 07:54:00,1.31566,1.31566,1.31566,1.31566,0.0
2012-02-04 07:55:00,1.31566,1.31566,1.31566,1.31566,0.0
2012-02-04 07:56:00,1.31566,1.31566,1.31566,1.31566,0.0
2012-02-04 07:57:00,1.31566,1.31566,1.31566,1.31566,0.0
2012-02-04 07:58:00,1.31566,1.31566,1.31566,1.31566,0.0
2012-02-04 07:59:00,1.31566,1.31566,1.31566,1.31566,0.0
2012-02-04 08:00:00,1.31566,1.31566,1.31566,1.31566,0.0
2012-02-04 08:01:00,1.31566,1.31566,1.31566,1.31566,0.0
2012-02-04 08:02:00,1.31566,1.31566,1.31566,1.31566,0.0
2012-02-04 08:03:00,1.31566,1.31566,1.31566,1.31566,0.0
2012-02-04 08:04:00,1.31566,1.31566,1.31566,1.31566,0.0
2012-02-04 08:05:00,1.31566,1.31566,1.31566,1.31566,0.0
2012-02-04 08:06:00,1.31566,1.31566,1.31566,1.31566,0.0
2012-02-04 08:07:00,1.31566,1.31566,1.31566,1.31566,0.0
2012-02-04 08:08:00,1.31566,1.31566,1.31566,1.31566,0.0
2012-02-04 08:09:00,1.31566,1.31566,1.31566,1.31566,0.0
2012-02-04 08:10:00,1.31566,1.31566,1.31566,1.31566,0.0
2012-02-04 08:11:00,1.31566,1.31566,1.31566,1.31566,0.0
2012-02-04 08:12:00,1.31566,1.31566,1.31566,1.31566,0.0
2012-02-04 08:13:00,1.31566,1.31566,1.31566,1.31566,0.0
2012-02-04 08:14:00,1.31566,1.31566,1.31566,1.31566,0.0
2012-02-04 08:15:00,1.31566,1.31566,1.31566,1.31566,0.0
2012-02-04 08:16:00,1.31566,1.31566,1.31566,1.31566,0.0
2012-02-04 08:17:00,1.31566,1.31566,1.31566,1.31566,0.0
2012-02-04 08:18:00,1.31566,1.31566,1.31566,1.31566,0.0
2012-02-04 08:19:00,1.31566,1.31566,1.31566,1.31566,0.0
2012-02-04 08:20:00,1.31566,1.31566,1.31566,1.31566,0.0
2012-02-04 08:21:00,1.31566,1.31566,1.31566,1.31566,0.0
2012-02-04 08:22:00,1.31566,1.31566,1.31566,1.31566,0.0
2012-02-04 08:23:00,1.31566,1.31566,1.31566,1.31566,0.0
2012-02-04 08:24:00,1.31566,1.31566,1.31566,1.31566,0.0
2012-02-04 08:25:00,1.31566,1.31566,1.31566,1.31566,0.0
2012-02-04 08:26:00,1.31566,1.31566,1.31566,1.31566,0.0
2012-02-04 08:27:00,1.31566,1.31566,1.31566,1.31566,0.0
2012-02-04 08:28:00,1.31566,1.31566,1.31566,1.31566,0.0
2012-02-04 08:29:00,1.31566,1.31566,1.31566,1.31566,0.0
2012-02-04 08:30:00,1.31566,1.31566,1.31566,1.31566,0.0
2012-02-04 08:31:00,1.31566,1.31566,1.31566,1.31566,0.0
2012-02-04 08:32:00,1.31566,1.31566,1.31566,1.31566,0.0
2012-02-04 08:33:00,1.31566,1.31566,1.31566,1.31566,0.0
2012-02-04 08:34:00,1.31566,1.31566,1.31566,1.31566,0.0
2012-02-04 08:35:00,1.31566,1.31566,1.31566,1.31566,0.0
2012-02-04 08:36:00,1.31566,1.31566,1.31566,1.31566,0.0
2012-02-04 08:37:00,1.31566,1.31566,1.31566,1.31566,0.0
2012-02-04 08:38:00,1.31566,1.31566,1.31566,1.31566,0.0
2012-02-04 08:39:00,1.31566,1.31566,1.31566,1.31566,0.0
2012-02-04 08:40:00,1.31566,1.31566,1.31566,1.31566,0.0
2012-02-04 08:41:00,1.31566,1.31566,1.31566,1.31566,0.0
2012-02-04 08:42:00,1.31566,1.31566,1.31566,1.31566,0.0
2012-02-04 08:43:00,1.31566,1.31566,1.31566,1.31566,0.0
2012-02-04 08:44:00,1.31566,1.31566,1.31566,1.31566,0.0
2012-02-04 08:45:00,1.31566,1.31566,1.31566,1.31566,0.0
2012-02-04 08:46:00,1.31566,1.31566,1.31566,1.31566,0.0
2012-02-04 08:47:00,1.31566,1.31566,1.31566,1.31566,0.0
2012-02-04 08:48:00,1.31566,1.31566,1.31566,1.31566,0.0
2012-02-04 08:49:00,1.31566,1.31566,1.31566,1.31566,0.0
2012-02-04 08:50:00,1.31566,1.31566,1.31566,1.31566,0.0
2012-02-04 08:51:00,1.31566,1.31566,1.31566,1.31566,0.0
2012-02-04 08:52:00,1.31566,1.31566,1.31566,1.31566,0.0
2012-02-04 08:53:00,1.31566,1.31566,1.31566,1.31566,0.0
2012-02-04 08:54:00,1.31566,1.31566,1.31566,1.31566,0.0
2012-02-04 08:55:00,1.31566,1.31566,1.31566,1.31566,0.0
2012-02-04 08:56:00,1.31566,1.31566,1.31566,1.31566,0.0
2012-02-04 08:57:00,1.31566,1.31566,1.31566,1.31566,0.0
2012-02-04 08:58:00,1.31566,1.31566,1.31566,1.31566,0.0
2012-02-04 08:59:00,1.31566,1.31566,1.31566,1.31566,0.0
2012-02-04 09:00:00,1.31566,1.31566,1.31566,1.31566,0.0
2012-02-04 09:01:00,1.31566,1.31566,1.31566,1.31566,0.0
2012-02-04 09:02:00,1.31566,1.31566,1.31566,1.31566,0.0
2012-02-04 09:03:00,1.31566,1.31566,1.31566,1.31566,0.0
2012-02-04 09:04:00,1.31566,1.31566,1.31566,1.31566,0.0
2012-02-04 09:05:00,1.31566,1.31566,1.31566,1.31566,0.0
2012-02-04 09:06:00,1.31566,1.31566,1.31566,1.31566,0.0
2012-02-04 09:07:00,1.31566,1.31566,1.31566,1.31566,0.0
2012-02-04 09:08:00,1.31566,1.31566,1.31566,1.31566,0.0
2012-02-04 09:09:00,1.31566,1.31566,1.31566,1.31566,0.0
2012-02-04 09:10:00,1.31566,1.31566,1.31566,1.31566,0.0
2012-02-04 09:11:00,1.31566,1.31566,1.31566,1.31566,0.0
2012-02-04 09:12:00,1.31566,1.31566,1.31566,1.31566,0.0
2012-02-04 09:13:00,1.31566,1.31566,1.31566,1.31566,0.0
2012-02-04 09:14:00,1.31566,1.31566,1.31566,1.31566,0.0
2012-02-04 09:15:00,1.31566,1.31566,1.31566,1.31566,0.0
2012-02-04 09:16:00,1.31566,1.31566,1.31566,1.31566,0.0
2012-02-04 09:17:00,1.31566,1.31566,1.31566,1.31566,0.0
2012-02-04 09:18:00,1.31566,1.31566,1.31566,1.31566,0.0
2012-02-04 09:19:00,1.31566,1.31566,1.31566,1.31566,0.0
2012-02-04 09:20:00,1.31566,1.31566,1.31566,1.31566,0.0
2012-02-04 09:21:00,1.31566,1.31566,1.31566,1.31566,0.0
2012-02-04 09:22:00,1.31566,1.31566,1.31566,1.31566,0.0
2012-02-04 09:23:00,1.31566,1.31566,1.31566,1.31566,0.0
2012-02-04 09:24:00,1.31566,1.31566,1.31566,1.31566,0.0
2012-02-04 09:25:00,1.31566,1.31566,1.31566,1.31566,0.0
2012-02-04 09:26:00,1.31566,1.31566,1.31566,1.31566,0.0
2012-02-04 09:27:00,1.31566,1.31566,1.31566,1.31566,0.0
2012-02-04 09:28:00,1.31566,1.31566,1.31566,1.31566,0.0
2012-02-04 09:29:00,1.31566,1.31566,1.31566,1.31566,0.0
2012-02-04 09:30:00,1.31566,1.31566,1.31566,1.31566,0.0
2012-02-04 09:31:00,1.31566,1.31566,1.31566,1.31566,0.0
2012-02-04 09:32:00,1.31566,1.31566,1.31566,1.31566,0.0
2012-02-04 09:33:00,1.31566,1.31566,1.31566,1.31566,0.0
2012-02-04 09:34:00,1.31566,1.31566,1.31566,1.31566,0.0
2012-02-04 09:35:00,1.31566,1.31566,1.31566,1.31566,0.0
2012-02-04 09:36:00,1.31566,1.31566,1.31566,1.31566,0.0
2012-02-04 09:37:00,1.31566,1.31566,1.31566,1.31566,0.0
2012-02-04 09:38:00,1.31566,1.31566,1.31566,1.31566,0.0
2012-02-04 09:39:00,1.31566,1.31566,1.31566,1.31566,0.0
2012-02-04 09:40:00,1.31566,1.31566,1.31566,1.31566,0.0
2012-02-04 09:41:00,1.31566,1.31566,1.31566,1.31566,0.0
2012-02-04 09:42:00,1.31566,1.31566,1.31566,1.31566,0.0
2012-02-04 09:43:00,1.31566,1.31566,1.31566,1.31566,0.0
2012-02-04 09:44:00,1.31566,1.31566,1.31566,1.31566,0.0
2012-02-04 09:45:00,1.31566,1.31566,1.31566,1.31566,0.0
2012-02-04 09:46:00,1.31566,1.31566,1.31566,1.31566,0.0
2012-02-04 09:47:00,1.31566,1.31566,1.31566,1.31566,0.0
2012-02-04 09:48:00,1.31566,1.31566,1.31566,1.31566,0.0
2012-02-04 09:49:00,1.31566,1.31566,1.31566,1.31566,0.0
2012-02-04 09:50:00,1.31566,1.31566,1.31566,1.31566,0.0
2012-02-04 09:51:00,1.31566,1.31566,1.31566,1.31566,0.0
2012-02-04 09:52:00,1.31566,1.31566,1.31566,1.31566,0.0
2012-02-04 09:53:00,1.31566,1.31566,1.31566,1.31566,0.0
2012-02-04 09:54:00,1.31566,1.31566,1.31566,1.31566,0.0
2012-02-04 09:55:00,1.31566,1.31566,1.31566,1.31566,0.0
2012-02-04 09:56:00,1.31566,1.31566,1.31566,1.31566,0.0
2012-02-04 09:57:00,1.31566,1.31566,1.31566,1.31566,0.0
2012-02-04 09:58:00,1.31566,1.31566,1.31566,1.31566,0.0
2012-02-04 09:59:00,1.31566,1.31566,1.31566,1.31566,0.0
2012-02-04 10:00:00,1.31566,1.31566,1.31566,1.31566,0.0
2012-02-04 10:01:00,1.31566,1.31566,1.31566,1.31566,0.0
2012-02-04 10:02:00,1.31566,1.31566,1.31566,1.31566,0.0
2012-02-04 10:03:00,1.31566,1.31566,1.31566,1.31566,0.0
2012-02-04 10:04:00,1.31566,1.31566,1.31566,1.31566,0.0
2012-02-04 10:05:00,1.31566,1.31566,1.31566,1.31566,0.0
2012-02-04 10:06:00,1.31566,1.31566,1.31566,1.31566,0.0
2012-02-04 10:07:00,1.31566,1.31566,1.31566,1.31566,0.0
2012-02-04 10:08:00,1.31566,1.31566,1.31566,1.31566,0.0
2012-02-04 10:09:00,1.31566,1.31566,1.31566,1.31566,0.0
2012-02-04 10:10:00,1.31566,1.31566,1.31566,1.31566,0.0
2012-02-04 10:11:00,1.31566,1.31566,1.31566,1.31566,0.0
2012-02-04 10:12:00,1.31566,1.31566,1.31566,1.31566,0.0
2012-02-04 10:13:00,1.31566,1.31566,1.31566,1.31566,0.0
2012-02-04 10:14:00,1.31566,1.31566,1.31566,1.31566,0.0
2012-02-04 10:15:00,1.31566,1.31566,1.31566,1.31566,0.0
2012-02-04 10:16:00,1.31566,1.31566,1.31566,1.31566,0.0
2012-02-04 10:17:00,1.31566,1.31566,1.31566,1.31566,0.0
2012-02-04 10:18:00,1.31566,1.31566,1.31566,1.31566,0.0
2012-02-04 10:19:00,1.31566,1.31566,1.31566,1.31566,0.0
2012-02-04 10:20:00,1.31566,1.31566,1.31566,1.31566,0.0
2012-02-04 10:21:00,1.31566,1.31566,1.31566,1.31566,0.0
2012-02-04 10:22:00,1.31566,1.31566,1.31566,1.31566,0.0
2012-02-04 10:23:00,1.31566,1.31566,1.31566,1.31566,0.0
2012-02-04 10:24:00,1.31566,1.31566,1.31566,1.31566,0.0
2012-02-04 10:25:00,1.31566,1.31566,1.31566,1.31566,0.0
2012-02-04 10:26:00,1.31566,1.31566,1.31566,1.31566,0.0
2012-02-04 10:27:00,1.31566,1.31566,1.31566,1.31566,0.0
2012-02-04 10:28:00,1.31566,1.31566,1.31566,1.31566,0.0
2012-02-04 10:29:00,1.31566,1.31566,1.31566,1.31566,0.0
2012-02-04 10:30:00,1.31566,1.31566,1.31566,1.31566,0.0
2012-02-04 10:31:00,1.31566,1.31566,1.31566,1.31566,0.0
2012-02-04 10:32:00,1.31566,1.31566,1.31566,1.31566,0.0
2012-02-04 10:33:00,1.31566,1.31566,1.31566,1.31566,0.0
2012-02-04 10:34:00,1.31566,1.31566,1.31566,1.31566,0.0
2012-02-04 10:35:00,1.31566,1.31566,1.31566,1.31566,0.0
2012-02-04 10:36:00,1.31566,1.31566,1.31566,1.31566,0.0
2012-02-04 10:37:00,1.31566,1.31566,1.31566,1.31566,0.0
2012-02-04 10:38:00,1.31566,1.31566,1.31566,1.31566,0.0
2012-02-04 10:39:00,1.31566,1.31566,1.31566,1.31566,0.0
2012-02-04 10:40:00,1.31566,1.31566,1.31566,1.31566,0.0
2012-02-04 10:41:00,1.31566,1.31566,1.31566,1.31566,0.0
2012-02-04 10:42:00,1.31566,1.31566,1.31566,1.31566,0.0
2012-02-04 10:43:00,1.31566,1.31566,1.31566,1.31566,0.0
2012-02-04 10:44:00,1.31566,1.31566,1.31566,1.31566,0.0
2012-02-04 10:45:00,1.31566,1.31566,1.31566,1.31566,0.0
2012-02-04 10:46:00,1.31566,1.31566,1.31566,1.31566,0.0
2012-02-04 10:47:00,1.31566,1.31566,1.31566,1.31566,0.0
2012-02-04 10:48:00,1.31566,1.31566,1.31566,1.31566,0.0
2012-02-04 10:49:00,1.31566,1.31566,1.31566,1.31566,0.0
2012-02-04 10:50:00,1.31566,1.31566,1.31566,1.31566,0.0
2012-02-04 10:51:00,1.31566,1.31566,1.31566,1.31566,0.0
2012-02-04 10:52:00,1.31566,1.31566,1.31566,1.31566,0.0
2012-02-04 10:53:00,1.31566,1.31566,1.31566,1.31566,0.0
2012-02-04 10:54:00,1.31566,1.31566,1.31566,1.31566,0.0
2012-02-04 10:55:00,1.31566,1.31566,1.31566,1.31566,0.0
2012-02-04 10:56:00,1.31566,1.31566,1.31566,1.31566,0.0
2012-02-04 10:57:00,1.31566,1.31566,1.31566,1.31566,0.0
2012-02-04 10:58:00,1.31566,1.31566,1.31566,1.31566,0.0
2012-02-04 10:59:00,1.31566,1.31566,1.31566,1.31566,0.0
2012-02-04 11:00:00,1.31566,1.31566,1.31566,1.31566,0.0
2012-02-04 11:01:00,1.31566,1.31566,1.31566,1.31566,0.0
2012-02-04 11:02:00,1.31566,1.31566,1.31566,1.31566,0.0
2012-02-04 11:03:00,1.31566,1.31566,1.31566,1.31566,0.0
2012-02-04 11:04:00,1.31566,1.31566,1.31566,1.31566,0.0
2012-02-04 11:05:00,1.31566,1.31566,1.31566,1.31566,0.0
2012-02-04 11:06:00,1.31566,1.31566,1.31566,1.31566,0.0
2012-02-04 11:07:00,1.31566,1.31566,1.31566,1.31566,0.0
2012-02-04 11:08:00,1.31566,1.31566,1.31566,1.31566,0.0
2012-02-04 11:09:00,1.31566,1.31566,1.31566,1.31566,0.0
2012-02-04 11:10:00,1.31566,1.31566,1.31566,1.31566,0.0
2012-02-04 11:11:00,1.31566,1.31566,1.31566,1.31566,0.0
2012-02-04 11:12:00,1.31566,1.31566,1.31566,1.31566,0.0
2012-02-04 11:13:00,1.31566,1.31566,1.31566,1.31566,0.0
2012-02-04 11:14:00,1.31566,1.31566,1.31566,1.31566,0.0
2012-02-04 11:15:00,1.31566,1.31566,1.31566,1.31566,0.0
2012-02-04 11:16:00,1.31566,1.31566,1.31566,1.31566,0.0
2012-02-04 11:17:00,1.31566,1.31566,1.31566,1.31566,0.0
2012-02-04 11:18:00,1.31566,1.31566,1.31566,1.31566,0.0
2012-02-04 11:19:00,1.31566,1.31566,1.31566,1.31566,0.0
2012-02-04 11:20:00,1.31566,1.31566,1.31566,1.31566,0.0
2012-02-04 11:21:00,1.31566,1.31566,1.31566,1.31566,0.0
2012-02-04 11:22:00,1.31566,1.31566,1.31566,1.31566,0.0
2012-02-04 11:23:00,1.31566,1.31566,1.31566,1.31566,0.0
2012-02-04 11:24:00,1.31566,1.31566,1.31566,1.31566,0.0
2012-02-04 11:25:00,1.31566,1.31566,1.31566,1.31566,0.0
2012-02-04 11:26:00,1.31566,1.31566,1.31566,1.31566,0.0
2012-02-04 11:27:00,1.31566,1.31566,1.31566,1.31566,0.0
2012-02-04 11:28:00,1.31566,1.31566,1.31566,1.31566,0.0
2012-02-04 11:29:00,1.31566,1.31566,1.31566,1.31566,0.0
2012-02-04 11:30:00,1.31566,1.31566,1.31566,1.31566,0.0
2012-02-04 11:31:00,1.31566,1.31566,1.31566,1.31566,0.0
2012-02-04 11:32:00,1.31566,1.31566,1.31566,1.31566,0.0
2012-02-04 11:33:00,1.31566,1.31566,1.31566,1.31566,0.0
2012-02-04 11:34:00,1.31566,1.31566,1.31566,1.31566,0.0
2012-02-04 11:35:00,1.31566,1.31566,1.31566,1.31566,0.0
2012-02-04 11:36:00,1.31566,1.31566,1.31566,1.31566,0.0
2012-02-04 11:37:00,1.31566,1.31566,1.31566,1.31566,0.0
2012-02-04 11:38:00,1.31566,1.31566,1.31566,1.31566,0.0
2012-02-04 11:39:00,1.31566,1.31566,1.31566,1.31566,0.0
2012-02-04 11:40:00,1.31566,1.31566,1.31566,1.31566,0.0
2012-02-04 11:41:00,1.31566,1.31566,1.31566,1.31566,0.0
2012-02-04 11:42:00,1.31566,1.31566,1.31566,1.31566,0.0
2012-02-04 11:43:00,1.31566,1.31566,1.31566,1.31566,0.0
2012-02-04 11:44:00,1.31566,1.31566,1.31566,1.31566,0.0
2012-02-04 11:45:00,1.31566,1.31566,1.31566,1.31566,0.0
2012-02-04 11:46:00,1.31566,1.31566,1.31566,1.31566,0.0
2012-02-04 11:47:00,1.31566,1.31566,1.31566,1.31566,0.0
2012-02-04 11:48:00,1.31566,1.31566,1.31566,1.31566,0.0
2012-02-04 11:49:00,1.31566,1.31566,1.31566,1.31566,0.0
2012-02-04 11:50:00,1.31566,1.31566,1.31566,1.31566,0.0
2012-02-04 11:51:00,1.31566,1.31566,1.31566,1.31566,0.0
2012-02-04 11:52:00,1.31566,1.31566,1.31566,1.31566,0.0
2012-02-04 11:53:00,1.31566,1.31566,1.31566,1.31566,0.0
2012-02-04 11:54:00,1.31566,1.31566,1.31566,1.31566,0.0
2012-02-04 11:55:00,1.31566,1.31566,1.31566,1.31566,0.0
2012-02-04 11:56:00,1.31566,1.31566,1.31566,1.31566,0.0
2012-02-04 11:57:00,1.31566,1.31566,1.31566,1.31566,0.0
2012-02-04 11:58:00,1.31566,1.31566,1.31566,1.31566,0.0
2012-02-04 11:59:00,1.31566,1.31566,1.31566,1.31566,0.0
2012-02-04 12:00:00,1.31566,1.31566,1.31566,1.31566,0.0
2012-02-04 12:01:00,1.31566,1.31566,1.31566,1.31566,0.0
2012-02-04 12:02:00,1.31566,1.31566,1.31566,1.31566,0.0
2012-02-04 12:03:00,1.31566,1.31566,1.31566,1.31566,0.0
2012-02-04 12:04:00,1.31566,1.31566,1.31566,1.31566,0.0
2012-02-04 12:05:00,1.31566,1.31566,1.31566,1.31566,0.0
2012-02-04 12:06:00,1.31566,1.31566,1.31566,1.31566,0.0
2012-02-04 12:07:00,1.31566,1.31566,1.31566,1.31566,0.0
2012-02-04 12:08:00,1.31566,1.31566,1.31566,1.31566,0.0
2012-02-04 12:09:00,1.31566,1.31566,1.31566,1.31566,0.0
2012-02-04 12:10:00,1.31566,1.31566,1.31566,1.31566,0.0
2012-02-04 12:11:00,1.31566,1.31566,1.31566,1.31566,0.0
2012-02-04 12:12:00,1.31566,1.31566,1.31566,1.31566,0.0
2012-02-04 12:13:00,1.31566,1.31566,1.31566,1.31566,0.0
2012-02-04 12:14:00,1.31566,1.31566,1.31566,1.31566,0.0
2012-02-04 12:15:00,1.31566,1.31566,1.31566,1.31566,0.0
2012-02-04 12:16:00,1.31566,1.31566,1.31566,1.31566,0.0
2012-02-04 12:17:00,1.31566,1.31566,1.31566,1.31566,0.0
2012-02-04 12:18:00,1.31566,1.31566,1.31566,1.31566,0.0
2012-02-04 12:19:00,1.31566,1.31566,1.31566,1.31566,0.0
2012-02-04 12:20:00,1.31566,1.31566,1.31566,1.31566,0.0
2012-02-04 12:21:00,1.31566,1.31566,1.31566,1.31566,0.0
2012-02-04 12:22:00,1.31566,1.31566,1.31566,1.31566,0.0
2012-02-04 12:23:00,1.31566,1.31566,1.31566,1.31566,0.0
2012-02-04 12:24:00,1.31566,1.31566,1.31566,1.31566,0.0
2012-02-04 12:25:00,1.31566,1.31566,1.31566,1.31566,0.0
2012-02-04 12:26:00,1.31566,1.31566,1.31566,1.31566,0.0
2012-02-04 12:27:00,1.31566,1.31566,1.31566,1.31566,0.0
2012-02-04 12:28:00,1.31566,1.31566,1.31566,1.31566,0.0
2012-02-04 12:29:00,1.31566,1.31566,1.31566,1.31566,0.0
2012-02-04 12:30:00,1.31566,1.31566,1.31566,1.31566,0.0
2012-02-04 12:31:00,1.31566,1.31566,1.31566,1.31566,0.0
2012-02-04 12:32:00,1.31566,1.31566,1.31566,1.31566,0.0
2012-02-04 12:33:00,1.31566,1.31566,1.31566,1.31566,0.0
2012-02-04 12:34:00,1.31566,1.31566,1.31566,1.31566,0.0
2012-02-04 12:35:00,1.31566,1.31566,1.31566,1.31566,0.0
2012-02-04 12:36:00,1.31566,1.31566,1.31566,1.31566,0.0
2012-02-04 12:37:00,1.31566,1.31566,1.31566,1.31566,0.0
2012-02-04 12:38:00,1.31566,1.31566,1.31566,1.31566,0.0
2012-02-04 12:39:00,1.31566,1.31566,1.31566,1.31566,0.0
2012-02-04 12:40:00,1.31566,1.31566,1.31566,1.31566,0.0
2012-02-04 12:41:00,1.31566,1.31566,1.31566,1.31566,0.0
2012-02-04 12:42:00,1.31566,1.31566,1.31566,1.31566,0.0
2012-02-04 12:43:00,1.31566,1.31566,1.31566,1.31566,0.0
2012-02-04 12:44:00,1.31566,1.31566,1.31566,1.31566,0.0
2012-02-04 12:45:00,1.31566,1.31566,1.31566,1.31566,0.0
2012-02-04 12:46:00,1.31566,1.31566,1.31566,1.31566,0.0
2012-02-04 12:47:00,1.31566,1.31566,1.31566,1.31566,0.0
2012-02-04 12:48:00,1.31566,1.31566,1.31566,1.31566,0.0
2012-02-04 12:49:00,1.31566,1.31566,1.31566,1.31566,0.0
2012-02-04 12:50:00,1.31566,1.31566,1.31566,1.31566,0.0
2012-02-04 12:51:00,1.31566,1.31566,1.31566,1.31566,0.0
2012-02-04 12:52:00,1.31566,1.31566,1.31566,1.31566,0.0
2012-02-04 12:53:00,1.31566,1.31566,1.31566,1.31566,0.0
2012-02-04 12:54:00,1.31566,1.31566,1.31566,1.31566,0.0
2012-02-04 12:55:00,1.31566,1.31566,1.31566,1.31566,0.0
2012-02-04 12:56:00,1.31566,1.31566,1.31566,1.31566,0.0
2012-02-04 12:57:00,1.31566,1.31566,1.31566,1.31566,0.0
2012-02-04 12:58:00,1.31566,1.31566,1.31566,1.31566,0.0
2012-02-04 12:59:00,1.31566,1.31566,1.31566,1.31566,0.0
2012-02-04 13:00:00,1.31566,1.31566,1.31566,1.31566,0.0
2012-02-04 13:01:00,1.31566,1.31566,1.31566,1.31566,0.0
2012-02-04 13:02:00,1.31566,1.31566,1.31566,1.31566,0.0
2012-02-04 13:03:00,1.31566,1.31566,1.31566,1.31566,0.0
2012-02-04 13:04:00,1.31566,1.31566,1.31566,1.31566,0.0
2012-02-04 13:05:00,1.31566,1.31566,1.31566,1.31566,0.0
2012-02-04 13:06:00,1.31566,1.31566,1.31566,1.31566,0.0
2012-02-04 13:07:00,1.31566,1.31566,1.31566,1.31566,0.0
2012-02-04 13:08:00,1.31566,1.31566,1.31566,1.31566,0.0
2012-02-04 13:09:00,1.31566,1.31566,1.31566,1.31566,0.0
2012-02-04 13:10:00,1.31566,1.31566,1.31566,1.31566,0.0
2012-02-04 13:11:00,1.31566,1.31566,1.31566,1.31566,0.0
2012-02-04 13:12:00,1.31566,1.31566,1.31566,1.31566,0.0
2012-02-04 13:13:00,1.31566,1.31566,1.31566,1.31566,0.0
2012-02-04 13:14:00,1.31566,1.31566,1.31566,1.31566,0.0
2012-02-04 13:15:00,1.31566,1.31566,1.31566,1.31566,0.0
2012-02-04 13:16:00,1.31566,1.31566,1.31566,1.31566,0.0
2012-02-04 13:17:00,1.31566,1.31566,1.31566,1.31566,0.0
2012-02-04 13:18:00,1.31566,1.31566,1.31566,1.31566,0.0
2012-02-04 13:19:00,1.31566,1.31566,1.31566,1.31566,0.0
2012-02-04 13:20:00,1.31566,1.31566,1.31566,1.31566,0.0
2012-02-04 13:21:00,1.31566,1.31566,1.31566,1.31566,0.0
2012-02-04 13:22:00,1.31566,1.31566,1.31566,1.31566,0.0
2012-02-04 13:23:00,1.31566,1.31566,1.31566,1.31566,0.0
2012-02-04 13:24:00,1.31566,1.31566,1.31566,1.31566,0.0
2012-02-04 13:25:00,1.31566,1.31566,1.31566,1.31566,0.0
2012-02-04 13:26:00,1.31566,1.31566,1.31566,1.31566,0.0
2012-02-04 13:27:00,1.31566,1.31566,1.31566,1.31566,0.0
2012-02-04 13:28:00,1.31566,1.31566,1.31566,1.31566,0.0
2012-02-04 13:29:00,1.31566,1.31566,1.31566,1.31566,0.0
2012-02-04 13:30:00,1.31566,1.31566,1.31566,1.31566,0.0
2012-02-04 13:31:00,1.31566,1.31566,1.31566,1.31566,0.0
2012-02-04 13:32:00,1.31566,1.31566,1.31566,1.31566,0.0
2012-02-04 13:33:00,1.31566,1.31566,1.31566,1.31566,0.0
2012-02-04 13:34:00,1.31566,1.31566,1.31566,1.31566,0.0
2012-02-04 13:35:00,1.31566,1.31566,1.31566,1.31566,0.0
2012-02-04 13:36:00,1.31566,1.31566,1.31566,1.31566,0.0
2012-02-04 13:37:00,1.31566,1.31566,1.31566,1.31566,0.0
2012-02-04 13:38:00,1.31566,1.31566,1.31566,1.31566,0.0
2012-02-04 13:39:00,1.31566,1.31566,1.31566,1.31566,0.0
2012-02-04 13:40:00,1.31566,1.31566,1.31566,1.31566,0.0
2012-02-04 13:41:00,1.31566,1.31566,1.31566,1.31566,0.0
2012-02-04 13:42:00,1.31566,1.31566,1.31566,1.31566,0.0
2012-02-04 13:43:00,1.31566,1.31566,1.31566,1.31566,0.0
2012-02-04 13:44:00,1.31566,1.31566,1.31566,1.31566,0.0
2012-02-04 13:45:00,1.31566,1.31566,1.31566,1.31566,0.0
2012-02-04 13:46:00,1.31566,1.31566,1.31566,1.31566,0.0
2012-02-04 13:47:00,1.31566,1.31566,1.31566,1.31566,0.0
2012-02-04 13:48:00,1.31566,1.31566,1.31566,1.31566,0.0
2012-02-04 13:49:00,1.31566,1.31566,1.31566,1.31566,0.0
2012-02-04 13:50:00,1.31566,1.31566,1.31566,1.31566,0.0
2012-02-04 13:51:00,1.31566,1.31566,1.31566,1.31566,0.0
2012-02-04 13:52:00,1.31566,1.31566,1.31566,1.31566,0.0
2012-02-04 13:53:00,1.31566,1.31566,1.31566,1.31566,0.0
2012-02-04 13:54:00,1.31566,1.31566,1.31566,1.31566,0.0
2012-02-04 13:55:00,1.31566,1.31566,1.31566,1.31566,0.0
2012-02-04 13:56:00,1.31566,1.31566,1.31566,1.31566,0.0
2012-02-04 13:57:00,1.31566,1.31566,1.31566,1.31566,0.0
2012-02-04 13:58:00,1.31566,1.31566,1.31566,1.31566,0.0
2012-02-04 13:59:00,1.31566,1.31566,1.31566,1.31566,0.0
2012-02-04 14:00:00,1.31566,1.31566,1.31566,1.31566,0.0
2012-02-04 14:01:00,1.31566,1.31566,1.31566,1.31566,0.0
2012-02-04 14:02:00,1.31566,1.31566,1.31566,1.31566,0.0
2012-02-04 14:03:00,1.31566,1.31566,1.31566,1.31566,0.0
2012-02-04 14:04:00,1.31566,1.31566,1.31566,1.31566,0.0
2012-02-04 14:05:00,1.31566,1.31566,1.31566,1.31566,0.0
2012-02-04 14:06:00,1.31566,1.31566,1.31566,1.31566,0.0
2012-02-04 14:07:00,1.31566,1.31566,1.31566,1.31566,0.0
2012-02-04 14:08:00,1.31566,1.31566,1.31566,1.31566,0.0
2012-02-04 14:09:00,1.31566,1.31566,1.31566,1.31566,0.0
2012-02-04 14:10:00,1.31566,1.31566,1.31566,1.31566,0.0
2012-02-04 14:11:00,1.31566,1.31566,1.31566,1.31566,0.0
2012-02-04 14:12:00,1.31566,1.31566,1.31566,1.31566,0.0
2012-02-04 14:13:00,1.31566,1.31566,1.31566,1.31566,0.0
2012-02-04 14:14:00,1.31566,1.31566,1.31566,1.31566,0.0
2012-02-04 14:15:00,1.31566,1.31566,1.31566,1.31566,0.0
2012-02-04 14:16:00,1.31566,1.31566,1.31566,1.31566,0.0
2012-02-04 14:17:00,1.31566,1.31566,1.31566,1.31566,0.0
2012-02-04 14:18:00,1.31566,1.31566,1.31566,1.31566,0.0
2012-02-04 14:19:00,1.31566,1.31566,1.31566,1.31566,0.0
2012-02-04 14:20:00,1.31566,1.31566,1.31566,1.31566,0.0
2012-02-04 14:21:00,1.31566,1.31566,1.31566,1.31566,0.0
2012-02-04 14:22:00,1.31566,1.31566,1.31566,1.31566,0.0
2012-02-04 14:23:00,1.31566,1.31566,1.31566,1.31566,0.0
2012-02-04 14:24:00,1.31566,1.31566,1.31566,1.31566,0.0
2012-02-04 14:25:00,1.31566,1.31566,1.31566,1.31566,0.0
2012-02-04 14:26:00,1.31566,1.31566,1.31566,1.31566,0.0
2012-02-04 14:27:00,1.31566,1.31566,1.31566,1.31566,0.0
2012-02-04 14:28:00,1.31566,1.31566,1.31566,1.31566,0.0
2012-02-04 14:29:00,1.31566,1.31566,1.31566,1.31566,0.0
2012-02-04 14:30:00,1.31566,1.31566,1.31566,1.31566,0.0
2012-02-04 14:31:00,1.31566,1.31566,1.31566,1.31566,0.0
2012-02-04 14:32:00,1.31566,1.31566,1.31566,1.31566,0.0
2012-02-04 14:33:00,1.31566,1.31566,1.31566,1.31566,0.0
2012-02-04 14:34:00,1.31566,1.31566,1.31566,1.31566,0.0
2012-02-04 14:35:00,1.31566,1.31566,1.31566,1.31566,0.0
2012-02-04 14:36:00,1.31566,1.31566,1.31566,1.31566,0.0
2012-02-04 14:37:00,1.31566,1.31566,1.31566,1.31566,0.0
2012-02-04 14:38:00,1.31566,1.31566,1.31566,1.31566,0.0
2012-02-04 14:39:00,1.31566,1.31566,1.31566,1.31566,0.0
2012-02-04 14:40:00,1.31566,1.31566,1.31566,1.31566,0.0
2012-02-04 14:41:00,1.31566,1.31566,1.31566,1.31566,0.0
2012-02-04 14:42:00,1.31566,1.31566,1.31566,1.31566,0.0
2012-02-04 14:43:00,1.31566,1.31566,1.31566,1.31566,0.0
2012-02-04 14:44:00,1.31566,1.31566,1.31566,1.31566,0.0
2012-02-04 14:45:00,1.31566,1.31566,1.31566,1.31566,0.0
2012-02-04 14:46:00,1.31566,1.31566,1.31566,1.31566,0.0
2012-02-04 14:47:00,1.31566,1.31566,1.31566,1.31566,0.0
2012-02-04 14:48:00,1.31566,1.31566,1.31566,1.31566,0.0
2012-02-04 14:49:00,1.31566,1.31566,1.31566,1.31566,0.0
2012-02-04 14:50:00,1.31566,1.31566,1.31566,1.31566,0.0
2012-02-04 14:51:00,1.31566,1.31566,1.31566,1.31566,0.0
2012-02-04 14:52:00,1.31566,1.31566,1.31566,1.31566,0.0
2012-02-04 14:53:00,1.31566,1.31566,1.31566,1.31566,0.0
2012-02-04 14:54:00,1.31566,1.31566,1.31566,1.31566,0.0
2012-02-04 14:55:00,1.31566,1.31566,1.31566,1.31566,0.0
2012-02-04 14:56:00,1.31566,1.31566,1.31566,1.31566,0.0
2012-02-04 14:57:00,1.31566,1.31566,1.31566,1.31566,0.0
2012-02-04 14:58:00,1.31566,1.31566,1.31566,1.31566,0.0
2012-02-04 14:59:00,1.31566,1.31566,1.31566,1.31566,0.0
2012-02-04 15:00:00,1.31566,1.31566,1.31566,1.31566,0.0
2012-02-04 15:01:00,1.31566,1.31566,1.31566,1.31566,0.0
2012-02-04 15:02:00,1.31566,1.31566,1.31566,1.31566,0.0
2012-02-04 15:03:00,1.31566,1.31566,1.31566,1.31566,0.0
2012-02-04 15:04:00,1.31566,1.31566,1.31566,1.31566,0.0
2012-02-04 15:05:00,1.31566,1.31566,1.31566,1.31566,0.0
2012-02-04 15:06:00,1.31566,1.31566,1.31566,1.31566,0.0
2012-02-04 15:07:00,1.31566,1.31566,1.31566,1.31566,0.0
2012-02-04 15:08:00,1.31566,1.31566,1.31566,1.31566,0.0
2012-02-04 15:09:00,1.31566,1.31566,1.31566,1.31566,0.0
2012-02-04 15:10:00,1.31566,1.31566,1.31566,1.31566,0.0
2012-02-04 15:11:00,1.31566,1.31566,1.31566,1.31566,0.0
2012-02-04 15:12:00,1.31566,1.31566,1.31566,1.31566,0.0
2012-02-04 15:13:00,1.31566,1.31566,1.31566,1.31566,0.0
2012-02-04 15:14:00,1.31566,1.31566,1.31566,1.31566,0.0
2012-02-04 15:15:00,1.31566,1.31566,1.31566,1.31566,0.0
2012-02-04 15:16:00,1.31566,1.31566,1.31566,1.31566,0.0
2012-02-04 15:17:00,1.31566,1.31566,1.31566,1.31566,0.0
2012-02-04 15:18:00,1.31566,1.31566,1.31566,1.31566,0.0
2012-02-04 15:19:00,1.31566,1.31566,1.31566,1.31566,0.0
2012-02-04 15:20:00,1.31566,1.31566,1.31566,1.31566,0.0
2012-02-04 15:21:00,1.31566,1.31566,1.31566,1.31566,0.0
2012-02-04 15:22:00,1.31566,1.31566,1.31566,1.31566,0.0
2012-02-04 15:23:00,1.31566,1.31566,1.31566,1.31566,0.0
2012-02-04 15:24:00,1.31566,1.31566,1.31566,1.31566,0.0
2012-02-04 15:25:00,1.31566,1.31566,1.31566,1.31566,0.0
2012-02-04 15:26:00,1.31566,1.31566,1.31566,1.31566,0.0
2012-02-04 15:27:00,1.31566,1.31566,1.31566,1.31566,0.0
2012-02-04 15:28:00,1.31566,1.31566,1.31566,1.31566,0.0
2012-02-04 15:29:00,1.31566,1.31566,1.31566,1.31566,0.0
2012-02-04 15:30:00,1.31566,1.31566,1.31566,1.31566,0.0
2012-02-04 15:31:00,1.31566,1.31566,1.31566,1.31566,0.0
2012-02-04 15:32:00,1.31566,1.31566,1.31566,1.31566,0.0
2012-02-04 15:33:00,1.31566,1.31566,1.31566,1.31566,0.0
2012-02-04 15:34:00,1.31566,1.31566,1.31566,1.31566,0.0
2012-02-04 15:35:00,1.31566,1.31566,1.31566,1.31566,0.0
2012-02-04 15:36:00,1.31566,1.31566,1.31566,1.31566,0.0
2012-02-04 15:37:00,1.31566,1.31566,1.31566,1.31566,0.0
2012-02-04 15:38:00,1.31566,1.31566,1.31566,1.31566,0.0
2012-02-04 15:39:00,1.31566,1.31566,1.31566,1.31566,0.0
2012-02-04 15:40:00,1.31566,1.31566,1.31566,1.31566,0.0
2012-02-04 15:41:00,1.31566,1.31566,1.31566,1.31566,0.0
2012-02-04 15:42:00,1.31566,1.31566,1.31566,1.31566,0.0
2012-02-04 15:43:00,1.31566,1.31566,1.31566,1.31566,0.0
2012-02-04 15:44:00,1.31566,1.31566,1.31566,1.31566,0.0
2012-02-04 15:45:00,1.31566,1.31566,1.31566,1.31566,0.0
2012-02-04 15:46:00,1.31566,1.31566,1.31566,1.31566,0.0
2012-02-04 15:47:00,1.31566,1.31566,1.31566,1.31566,0.0
2012-02-04 15:48:00,1.31566,1.31566,1.31566,1.31566,0.0
2012-02-04 15:49:00,1.31566,1.31566,1.31566,1.31566,0.0
2012-02-04 15:50:00,1.31566,1.31566,1.31566,1.31566,0.0
2012-02-04 15:51:00,1.31566,1.31566,1.31566,1.31566,0.0
2012-02-04 15:52:00,1.31566,1.31566,1.31566,1.31566,0.0
2012-02-04 15:53:00,1.31566,1.31566,1.31566,1.31566,0.0
2012-02-04 15:54:00,1.31566,1.31566,1.31566,1.31566,0.0
2012-02-04 15:55:00,1.31566,1.31566,1.31566,1.31566,0.0
2012-02-04 15:56:00,1.31566,1.31566,1.31566,1.31566,0.0
2012-02-04 15:57:00,1.31566,1.31566,1.31566,1.31566,0.0
2012-02-04 15:58:00,1.31566,1.31566,1.31566,1.31566,0.0
2012-02-04 15:59:00,1.31566,1.31566,1.31566,1.31566,0.0
2012-02-04 16:00:00,1.31566,1.31566,1.31566,1.31566,0.0
2012-02-04 16:01:00,1.31566,1.31566,1.31566,1.31566,0.0
2012-02-04 16:02:00,1.31566,1.31566,1.31566,1.31566,0.0
2012-02-04 16:03:00,1.31566,1.31566,1.31566,1.31566,0.0
2012-02-04 16:04:00,1.31566,1.31566,1.31566,1.31566,0.0
2012-02-04 16:05:00,1.31566,1.31566,1.31566,1.31566,0.0
2012-02-04 16:06:00,1.31566,1.31566,1.31566,1.31566,0.0
2012-02-04 16:07:00,1.31566,1.31566,1.31566,1.31566,0.0
2012-02-04 16:08:00,1.31566,1.31566,1.31566,1.31566,0.0
2012-02-04 16:09:00,1.31566,1.31566,1.31566,1.31566,0.0
2012-02-04 16:10:00,1.31566,1.31566,1.31566,1.31566,0.0
2012-02-04 16:11:00,1.31566,1.31566,1.31566,1.31566,0.0
2012-02-04 16:12:00,1.31566,1.31566,1.31566,1.31566,0.0
2012-02-04 16:13:00,1.31566,1.31566,1.31566,1.31566,0.0
2012-02-04 16:14:00,1.31566,1.31566,1.31566,1.31566,0.0
2012-02-04 16:15:00,1.31566,1.31566,1.31566,1.31566,0.0
2012-02-04 16:16:00,1.31566,1.31566,1.31566,1.31566,0.0
2012-02-04 16:17:00,1.31566,1.31566,1.31566,1.31566,0.0
2012-02-04 16:18:00,1.31566,1.31566,1.31566,1.31566,0.0
2012-02-04 16:19:00,1.31566,1.31566,1.31566,1.31566,0.0
2012-02-04 16:20:00,1.31566,1.31566,1.31566,1.31566,0.0
2012-02-04 16:21:00,1.31566,1.31566,1.31566,1.31566,0.0
2012-02-04 16:22:00,1.31566,1.31566,1.31566,1.31566,0.0
2012-02-04 16:23:00,1.31566,1.31566,1.31566,1.31566,0.0
2012-02-04 16:24:00,1.31566,1.31566,1.31566,1.31566,0.0
2012-02-04 16:25:00,1.31566,1.31566,1.31566,1.31566,0.0
2012-02-04 16:26:00,1.31566,1.31566,1.31566,1.31566,0.0
2012-02-04 16:27:00,1.31566,1.31566,1.31566,1.31566,0.0
2012-02-04 16:28:00,1.31566,1.31566,1.31566,1.31566,0.0
2012-02-04 16:29:00,1.31566,1.31566,1.31566,1.31566,0.0
2012-02-04 16:30:00,1.31566,1.31566,1.31566,1.31566,0.0
2012-02-04 16:31:00,1.31566,1.31566,1.31566,1.31566,0.0
2012-02-04 16:32:00,1.31566,1.31566,1.31566,1.31566,0.0
2012-02-04 16:33:00,1.31566,1.31566,1.31566,1.31566,0.0
2012-02-04 16:34:00,1.31566,1.31566,1.31566,1.31566,0.0
2012-02-04 16:35:00,1.31566,1.31566,1.31566,1.31566,0.0
2012-02-04 16:36:00,1.31566,1.31566,1.31566,1.31566,0.0
2012-02-04 16:37:00,1.31566,1.31566,1.31566,1.31566,0.0
2012-02-04 16:38:00,1.31566,1.31566,1.31566,1.31566,0.0
2012-02-04 16:39:00,1.31566,1.31566,1.31566,1.31566,0.0
2012-02-04 16:40:00,1.31566,1.31566,1.31566,1.31566,0.0
2012-02-04 16:41:00,1.31566,1.31566,1.31566,1.31566,0.0
2012-02-04 16:42:00,1.31566,1.31566,1.31566,1.31566,0.0
2012-02-04 16:43:00,1.31566,1.31566,1.31566,1.31566,0.0
2012-02-04 16:44:00,1.31566,1.31566,1.31566,1.31566,0.0
2012-02-04 16:45:00,1.31566,1.31566,1.31566,1.31566,0.0
2012-02-04 16:46:00,1.31566,1.31566,1.31566,1.31566,0.0
2012-02-04 16:47:00,1.31566,1.31566,1.31566,1.31566,0.0
2012-02-04 16:48:00,1.31566,1.31566,1.31566,1.31566,0.0
2012-02-04 16:49:00,1.31566,1.31566,1.31566,1.31566,0.0
2012-02-04 16:50:00,1.31566,1.31566,1.31566,1.31566,0.0
2012-02-04 16:51:00,1.31566,1.31566,1.31566,1.31566,0.0
2012-02-04 16:52:00,1.31566,1.31566,1.31566,1.31566,0.0
2012-02-04 16:53:00,1.31566,1.31566,1.31566,1.31566,0.0
2012-02-04 16:54:00,1.31566,1.31566,1.31566,1.31566,0.0
2012-02-04 16:55:00,1.31566,1.31566,1.31566,1.31566,0.0
2012-02-04 16:56:00,1.31566,1.31566,1.31566,1.31566,0.0
2012-02-04 16:57:00,1.31566,1.31566,1.31566,1.31566,0.0
2012-02-04 16:58:00,1.31566,1.31566,1.31566,1.31566,0.0
2012-02-04 16:59:00,1.31566,1.31566,1.31566,1.31566,0.0
2012-02-04 17:00:00,1.31566,1.31566,1.31566,1.31566,0.0
2012-02-04 17:01:00,1.31566,1.31566,1.31566,1.31566,0.0
2012-02-04 17:02:00,1.31566,1.31566,1.31566,1.31566,0.0
2012-02-04 17:03:00,1.31566,1.31566,1.31566,1.31566,0.0
2012-02-04 17:04:00,1.31566,1.31566,1.31566,1.31566,0.0
2012-02-04 17:05:00,1.31566,1.31566,1.31566,1.31566,0.0
2012-02-04 17:06:00,1.31566,1.31566,1.31566,1.31566,0.0
2012-02-04 17:07:00,1.31566,1.31566,1.31566,1.31566,0.0
2012-02-04 17:08:00,1.31566,1.31566,1.31566,1.31566,0.0
2012-02-04 17:09:00,1.31566,1.31566,1.31566,1.31566,0.0
2012-02-04 17:10:00,1.31566,1.31566,1.31566,1.31566,0.0
2012-02-04 17:11:00,1.31566,1.31566,1.31566,1.31566,0.0
2012-02-04 17:12:00,1.31566,1.31566,1.31566,1.31566,0.0
2012-02-04 17:13:00,1.31566,1.31566,1.31566,1.31566,0.0
2012-02-04 17:14:00,1.31566,1.31566,1.31566,1.31566,0.0
2012-02-04 17:15:00,1.31566,1.31566,1.31566,1.31566,0.0
2012-02-04 17:16:00,1.31566,1.31566,1.31566,1.31566,0.0
2012-02-04 17:17:00,1.31566,1.31566,1.31566,1.31566,0.0
2012-02-04 17:18:00,1.31566,1.31566,1.31566,1.31566,0.0
2012-02-04 17:19:00,1.31566,1.31566,1.31566,1.31566,0.0
2012-02-04 17:20:00,1.31566,1.31566,1.31566,1.31566,0.0
2012-02-04 17:21:00,1.31566,1.31566,1.31566,1.31566,0.0
2012-02-04 17:22:00,1.31566,1.31566,1.31566,1.31566,0.0
2012-02-04 17:23:00,1.31566,1.31566,1.31566,1.31566,0.0
2012-02-04 17:24:00,1.31566,1.31566,1.31566,1.31566,0.0
2012-02-04 17:25:00,1.31566,1.31566,1.31566,1.31566,0.0
2012-02-04 17:26:00,1.31566,1.31566,1.31566,1.31566,0.0
2012-02-04 17:27:00,1.31566,1.31566,1.31566,1.31566,0.0
2012-02-04 17:28:00,1.31566,1.31566,1.31566,1.31566,0.0
2012-02-04 17:29:00,1.31566,1.31566,1.31566,1.31566,0.0
2012-02-04 17:30:00,1.31566,1.31566,1.31566,1.31566,0.0
2012-02-04 17:31:00,1.31566,1.31566,1.31566,1.31566,0.0
2012-02-04 17:32:00,1.31566,1.31566,1.31566,1.31566,0.0
2012-02-04 17:33:00,1.31566,1.31566,1.31566,1.31566,0.0
2012-02-04 17:34:00,1.31566,1.31566,1.31566,1.31566,0.0
2012-02-04 17:35:00,1.31566,1.31566,1.31566,1.31566,0.0
2012-02-04 17:36:00,1.31566,1.31566,1.31566,1.31566,0.0
2012-02-04 17:37:00,1.31566,1.31566,1.31566,1.31566,0.0
2012-02-04 17:38:00,1.31566,1.31566,1.31566,1.31566,0.0
2012-02-04 17:39:00,1.31566,1.31566,1.31566,1.31566,0.0
2012-02-04 17:40:00,1.31566,1.31566,1.31566,1.31566,0.0
2012-02-04 17:41:00,1.31566,1.31566,1.31566,1.31566,0.0
2012-02-04 17:42:00,1.31566,1.31566,1.31566,1.31566,0.0
2012-02-04 17:43:00,1.31566,1.31566,1.31566,1.31566,0.0
2012-02-04 17:44:00,1.31566,1.31566,1.31566,1.31566,0.0
2012-02-04 17:45:00,1.31566,1.31566,1.31566,1.31566,0.0
2012-02-04 17:46:00,1.31566,1.31566,1.31566,1.31566,0.0
2012-02-04 17:47:00,1.31566,1.31566,1.31566,1.31566,0.0
2012-02-04 17:48:00,1.31566,1.31566,1.31566,1.31566,0.0
2012-02-04 17:49:00,1.31566,1.31566,1.31566,1.31566,0.0
2012-02-04 17:50:00,1.31566,1.31566,1.31566,1.31566,0.0
2012-02-04 17:51:00,1.31566,1.31566,1.31566,1.31566,0.0
2012-02-04 17:52:00,1.31566,1.31566,1.31566,1.31566,0.0
2012-02-04 17:53:00,1.31566,1.31566,1.31566,1.31566,0.0
2012-02-04 17:54:00,1.31566,1.31566,1.31566,1.31566,0.0
2012-02-04 17:55:00,1.31566,1.31566,1.31566,1.31566,0.0
2012-02-04 17:56:00,1.31566,1.31566,1.31566,1.31566,0.0
2012-02-04 17:57:00,1.31566,1.31566,1.31566,1.31566,0.0
2012-02-04 17:58:00,1.31566,1.31566,1.31566,1.31566,0.0
2012-02-04 17:59:00,1.31566,1.31566,1.31566,1.31566,0.0
2012-02-04 18:00:00,1.31566,1.31566,1.31566,1.31566,0.0
2012-02-04 18:01:00,1.31566,1.31566,1.31566,1.31566,0.0
2012-02-04 18:02:00,1.31566,1.31566,1.31566,1.31566,0.0
2012-02-04 18:03:00,1.31566,1.31566,1.31566,1.31566,0.0
2012-02-04 18:04:00,1.31566,1.31566,1.31566,1.31566,0.0
2012-02-04 18:05:00,1.31566,1.31566,1.31566,1.31566,0.0
2012-02-04 18:06:00,1.31566,1.31566,1.31566,1.31566,0.0
2012-02-04 18:07:00,1.31566,1.31566,1.31566,1.31566,0.0
2012-02-04 18:08:00,1.31566,1.31566,1.31566,1.31566,0.0
2012-02-04 18:09:00,1.31566,1.31566,1.31566,1.31566,0.0
2012-02-04 18:10:00,1.31566,1.31566,1.31566,1.31566,0.0
2012-02-04 18:11:00,1.31566,1.31566,1.31566,1.31566,0.0
2012-02-04 18:12:00,1.31566,1.31566,1.31566,1.31566,0.0
2012-02-04 18:13:00,1.31566,1.31566,1.31566,1.31566,0.0
2012-02-04 18:14:00,1.31566,1.31566,1.31566,1.31566,0.0
2012-02-04 18:15:00,1.31566,1.31566,1.31566,1.31566,0.0
2012-02-04 18:16:00,1.31566,1.31566,1.31566,1.31566,0.0
2012-02-04 18:17:00,1.31566,1.31566,1.31566,1.31566,0.0
2012-02-04 18:18:00,1.31566,1.31566,1.31566,1.31566,0.0
2012-02-04 18:19:00,1.31566,1.31566,1.31566,1.31566,0.0
2012-02-04 18:20:00,1.31566,1.31566,1.31566,1.31566,0.0
2012-02-04 18:21:00,1.31566,1.31566,1.31566,1.31566,0.0
2012-02-04 18:22:00,1.31566,1.31566,1.31566,1.31566,0.0
2012-02-04 18:23:00,1.31566,1.31566,1.31566,1.31566,0.0
2012-02-04 18:24:00,1.31566,1.31566,1.31566,1.31566,0.0
2012-02-04 18:25:00,1.31566,1.31566,1.31566,1.31566,0.0
2012-02-04 18:26:00,1.31566,1.31566,1.31566,1.31566,0.0
2012-02-04 18:27:00,1.31566,1.31566,1.31566,1.31566,0.0
2012-02-04 18:28:00,1.31566,1.31566,1.31566,1.31566,0.0
2012-02-04 18:29:00,1.31566,1.31566,1.31566,1.31566,0.0
2012-02-04 18:30:00,1.31566,1.31566,1.31566,1.31566,0.0
2012-02-04 18:31:00,1.31566,1.31566,1.31566,1.31566,0.0
2012-02-04 18:32:00,1.31566,1.31566,1.31566,1.31566,0.0
2012-02-04 18:33:00,1.31566,1.31566,1.31566,1.31566,0.0
2012-02-04 18:34:00,1.31566,1.31566,1.31566,1.31566,0.0
2012-02-04 18:35:00,1.31566,1.31566,1.31566,1.31566,0.0
2012-02-04 18:36:00,1.31566,1.31566,1.31566,1.31566,0.0
2012-02-04 18:37:00,1.31566,1.31566,1.31566,1.31566,0.0
2012-02-04 18:38:00,1.31566,1.31566,1.31566,1.31566,0.0
2012-02-04 18:39:00,1.31566,1.31566,1.31566,1.31566,0.0
2012-02-04 18:40:00,1.31566,1.31566,1.31566,1.31566,0.0
2012-02-04 18:41:00,1.31566,1.31566,1.31566,1.31566,0.0
2012-02-04 18:42:00,1.31566,1.31566,1.31566,1.31566,0.0
2012-02-04 18:43:00,1.31566,1.31566,1.31566,1.31566,0.0
2012-02-04 18:44:00,1.31566,1.31566,1.31566,1.31566,0.0
2012-02-04 18:45:00,1.31566,1.31566,1.31566,1.31566,0.0
2012-02-04 18:46:00,1.31566,1.31566,1.31566,1.31566,0.0
2012-02-04 18:47:00,1.31566,1.31566,1.31566,1.31566,0.0
2012-02-04 18:48:00,1.31566,1.31566,1.31566,1.31566,0.0
2012-02-04 18:49:00,1.31566,1.31566,1.31566,1.31566,0.0
2012-02-04 18:50:00,1.31566,1.31566,1.31566,1.31566,0.0
2012-02-04 18:51:00,1.31566,1.31566,1.31566,1.31566,0.0
2012-02-04 18:52:00,1.31566,1.31566,1.31566,1.31566,0.0
2012-02-04 18:53:00,1.31566,1.31566,1.31566,1.31566,0.0
2012-02-04 18:54:00,1.31566,1.31566,1.31566,1.31566,0.0
2012-02-04 18:55:00,1.31566,1.31566,1.31566,1.31566,0.0
2012-02-04 18:56:00,1.31566,1.31566,1.31566,1.31566,0.0
2012-02-04 18:57:00,1.31566,1.31566,1.31566,1.31566,0.0
2012-02-04 18:58:00,1.31566,1.31566,1.31566,1.31566,0.0
2012-02-04 18:59:00,1.31566,1.31566,1.31566,1.31566,0.0
2012-02-04 19:00:00,1.31566,1.31566,1.31566,1.31566,0.0
2012-02-04 19:01:00,1.31566,1.31566,1.31566,1.31566,0.0
2012-02-04 19:02:00,1.31566,1.31566,1.31566,1.31566,0.0
2012-02-04 19:03:00,1.31566,1.31566,1.31566,1.31566,0.0
2012-02-04 19:04:00,1.31566,1.31566,1.31566,1.31566,0.0
2012-02-04 19:05:00,1.31566,1.31566,1.31566,1.31566,0.0
2012-02-04 19:06:00,1.31566,1.31566,1.31566,1.31566,0.0
2012-02-04 19:07:00,1.31566,1.31566,1.31566,1.31566,0.0
2012-02-04 19:08:00,1.31566,1.31566,1.31566,1.31566,0.0
2012-02-04 19:09:00,1.31566,1.31566,1.31566,1.31566,0.0
2012-02-04 19:10:00,1.31566,1.31566,1.31566,1.31566,0.0
2012-02-04 19:11:00,1.31566,1.31566,1.31566,1.31566,0.0
2012-02-04 19:12:00,1.31566,1.31566,1.31566,1.31566,0.0
2012-02-04 19:13:00,1.31566,1.31566,1.31566,1.31566,0.0
2012-02-04 19:14:00,1.31566,1.31566,1.31566,1.31566,0.0
2012-02-04 19:15:00,1.31566,1.31566,1.31566,1.31566,0.0
2012-02-04 19:16:00,1.31566,1.31566,1.31566,1.31566,0.0
2012-02-04 19:17:00,1.31566,1.31566,1.31566,1.31566,0.0
2012-02-04 19:18:00,1.31566,1.31566,1.31566,1.31566,0.0
2012-02-04 19:19:00,1.31566,1.31566,1.31566,1.31566,0.0
2012-02-04 19:20:00,1.31566,1.31566,1.31566,1.31566,0.0
2012-02-04 19:21:00,1.31566,1.31566,1.31566,1.31566,0.0
2012-02-04 19:22:00,1.31566,1.31566,1.31566,1.31566,0.0
2012-02-04 19:23:00,1.31566,1.31566,1.31566,1.31566,0.0
2012-02-04 19:24:00,1.31566,1.31566,1.31566,1.31566,0.0
2012-02-04 19:25:00,1.31566,1.31566,1.31566,1.31566,0.0
2012-02-04 19:26:00,1.31566,1.31566,1.31566,1.31566,0.0
2012-02-04 19:27:00,1.31566,1.31566,1.31566,1.31566,0.0
2012-02-04 19:28:00,1.31566,1.31566,1.31566,1.31566,0.0
2012-02-04 19:29:00,1.31566,1.31566,1.31566,1.31566,0.0
2012-02-04 19:30:00,1.31566,1.31566,1.31566,1.31566,0.0
2012-02-04 19:31:00,1.31566,1.31566,1.31566,1.31566,0.0
2012-02-04 19:32:00,1.31566,1.31566,1.31566,1.31566,0.0
2012-02-04 19:33:00,1.31566,1.31566,1.31566,1.31566,0.0
2012-02-04 19:34:00,1.31566,1.31566,1.31566,1.31566,0.0
2012-02-04 19:35:00,1.31566,1.31566,1.31566,1.31566,0.0
2012-02-04 19:36:00,1.31566,1.31566,1.31566,1.31566,0.0
2012-02-04 19:37:00,1.31566,1.31566,1.31566,1.31566,0.0
2012-02-04 19:38:00,1.31566,1.31566,1.31566,1.31566,0.0
2012-02-04 19:39:00,1.31566,1.31566,1.31566,1.31566,0.0
2012-02-04 19:40:00,1.31566,1.31566,1.31566,1.31566,0.0
2012-02-04 19:41:00,1.31566,1.31566,1.31566,1.31566,0.0
2012-02-04 19:42:00,1.31566,1.31566,1.31566,1.31566,0.0
2012-02-04 19:43:00,1.31566,1.31566,1.31566,1.31566,0.0
2012-02-04 19:44:00,1.31566,1.31566,1.31566,1.31566,0.0
2012-02-04 19:45:00,1.31566,1.31566,1.31566,1.31566,0.0
2012-02-04 19:46:00,1.31566,1.31566,1.31566,1.31566,0.0
2012-02-04 19:47:00,1.31566,1.31566,1.31566,1.31566,0.0
2012-02-04 19:48:00,1.31566,1.31566,1.31566,1.31566,0.0
2012-02-04 19:49:00,1.31566,1.31566,1.31566,1.31566,0.0
2012-02-04 19:50:00,1.31566,1.31566,1.31566,1.31566,0.0
2012-02-04 19:51:00,1.31566,1.31566,1.31566,1.31566,0.0
2012-02-04 19:52:00,1.31566,1.31566,1.31566,1.31566,0.0
2012-02-04 19:53:00,1.31566,1.31566,1.31566,1.31566,0.0
2012-02-04 19:54:00,1.31566,1.31566,1.31566,1.31566,0.0
2012-02-04 19:55:00,1.31566,1.31566,1.31566,1.31566,0.0
2012-02-04 19:56:00,1.31566,1.31566,1.31566,1.31566,0.0
2012-02-04 19:57:00,1.31566,1.31566,1.31566,1.31566,0.0
2012-02-04 19:58:00,1.31566,1.31566,1.31566,1.31566,0.0
2012-02-04 19:59:00,1.31566,1.31566,1.31566,1.31566,0.0
2012-02-04 20:00:00,1.31566,1.31566,1.31566,1.31566,0.0
2012-02-04 20:01:00,1.31566,1.31566,1.31566,1.31566,0.0
2012-02-04 20:02:00,1.31566,1.31566,1.31566,1.31566,0.0
2012-02-04 20:03:00,1.31566,1.31566,1.31566,1.31566,0.0
2012-02-04 20:04:00,1.31566,1.31566,1.31566,1.31566,0.0
2012-02-04 20:05:00,1.31566,1.31566,1.31566,1.31566,0.0
2012-02-04 20:06:00,1.31566,1.31566,1.31566,1.31566,0.0
2012-02-04 20:07:00,1.31566,1.31566,1.31566,1.31566,0.0
2012-02-04 20:08:00,1.31566,1.31566,1.31566,1.31566,0.0
2012-02-04 20:09:00,1.31566,1.31566,1.31566,1.31566,0.0
2012-02-04 20:10:00,1.31566,1.31566,1.31566,1.31566,0.0
2012-02-04 20:11:00,1.31566,1.31566,1.31566,1.31566,0.0
2012-02-04 20:12:00,1.31566,1.31566,1.31566,1.31566,0.0
2012-02-04 20:13:00,1.31566,1.31566,1.31566,1.31566,0.0
2012-02-04 20:14:00,1.31566,1.31566,1.31566,1.31566,0.0
2012-02-04 20:15:00,1.31566,1.31566,1.31566,1.31566,0.0
2012-02-04 20:16:00,1.31566,1.31566,1.31566,1.31566,0.0
2012-02-04 20:17:00,1.31566,1.31566,1.31566,1.31566,0.0
2012-02-04 20:18:00,1.31566,1.31566,1.31566,1.31566,0.0
2012-02-04 20:19:00,1.31566,1.31566,1.31566,1.31566,0.0
2012-02-04 20:20:00,1.31566,1.31566,1.31566,1.31566,0.0
2012-02-04 20:21:00,1.31566,1.31566,1.31566,1.31566,0.0
2012-02-04 20:22:00,1.31566,1.31566,1.31566,1.31566,0.0
2012-02-04 20:23:00,1.31566,1.31566,1.31566,1.31566,0.0
2012-02-04 20:24:00,1.31566,1.31566,1.31566,1.31566,0.0
2012-02-04 20:25:00,1.31566,1.31566,1.31566,1.31566,0.0
2012-02-04 20:26:00,1.31566,1.31566,1.31566,1.31566,0.0
2012-02-04 20:27:00,1.31566,1.31566,1.31566,1.31566,0.0
2012-02-04 20:28:00,1.31566,1.31566,1.31566,1.31566,0.0
2012-02-04 20:29:00,1.31566,1.31566,1.31566,1.31566,0.0
2012-02-04 20:30:00,1.31566,1.31566,1.31566,1.31566,0.0
2012-02-04 20:31:00,1.31566,1.31566,1.31566,1.31566,0.0
2012-02-04 20:32:00,1.31566,1.31566,1.31566,1.31566,0.0
2012-02-04 20:33:00,1.31566,1.31566,1.31566,1.31566,0.0
2012-02-04 20:34:00,1.31566,1.31566,1.31566,1.31566,0.0
2012-02-04 20:35:00,1.31566,1.31566,1.31566,1.31566,0.0
2012-02-04 20:36:00,1.31566,1.31566,1.31566,1.31566,0.0
2012-02-04 20:37:00,1.31566,1.31566,1.31566,1.31566,0.0
2012-02-04 20:38:00,1.31566,1.31566,1.31566,1.31566,0.0
2012-02-04 20:39:00,1.31566,1.31566,1.31566,1.31566,0.0
2012-02-04 20:40:00,1.31566,1.31566,1.31566,1.31566,0.0
2012-02-04 20:41:00,1.31566,1.31566,1.31566,1.31566,0.0
2012-02-04 20:42:00,1.31566,1.31566,1.31566,1.31566,0.0
2012-02-04 20:43:00,1.31566,1.31566,1.31566,1.31566,0.0
2012-02-04 20:44:00,1.31566,1.31566,1.31566,1.31566,0.0
2012-02-04 20:45:00,1.31566,1.31566,1.31566,1.31566,0.0
2012-02-04 20:46:00,1.31566,1.31566,1.31566,1.31566,0.0
2012-02-04 20:47:00,1.31566,1.31566,1.31566,1.31566,0.0
2012-02-04 20:48:00,1.31566,1.31566,1.31566,1.31566,0.0
2012-02-04 20:49:00,1.31566,1.31566,1.31566,1.31566,0.0
2012-02-04 20:50:00,1.31566,1.31566,1.31566,1.31566,0.0
2012-02-04 20:51:00,1.31566,1.31566,1.31566,1.31566,0.0
2012-02-04 20:52:00,1.31566,1.31566,1.31566,1.31566,0.0
2012-02-04 20:53:00,1.31566,1.31566,1.31566,1.31566,0.0
2012-02-04 20:54:00,1.31566,1.31566,1.31566,1.31566,0.0
2012-02-04 20:55:00,1.31566,1.31566,1.31566,1.31566,0.0
2012-02-04 20:56:00,1.31566,1.31566,1.31566,1.31566,0.0
2012-02-04 20:57:00,1.31566,1.31566,1.31566,1.31566,0.0
2012-02-04 20:58:00,1.31566,1.31566,1.31566,1.31566,0.0
2012-02-04 20:59:00,1.31566,1.31566,1.31566,1.31566,0.0
2012-02-04 21:00:00,1.31566,1.31566,1.31566,1.31566,0.0
2012-02-04 21:01:00,1.31566,1.31566,1.31566,1.31566,0.0
2012-02-04 21:02:00,1.31566,1.31566,1.31566,1.31566,0.0
2012-02-04 21:03:00,1.31566,1.31566,1.31566,1.31566,0.0
2012-02-04 21:04:00,1.31566,1.31566,1.31566,1.31566,0.0
2012-02-04 21:05:00,1.31566,1.31566,1.31566,1.31566,0.0
2012-02-04 21:06:00,1.31566,1.31566,1.31566,1.31566,0.0
2012-02-04 21:07:00,1.31566,1.31566,1.31566,1.31566,0.0
2012-02-04 21:08:00,1.31566,1.31566,1.31566,1.31566,0.0
2012-02-04 21:09:00,1.31566,1.31566,1.31566,1.31566,0.0
2012-02-04 21:10:00,1.31566,1.31566,1.31566,1.31566,0.0
2012-02-04 21:11:00,1.31566,1.31566,1.31566,1.31566,0.0
2012-02-04 21:12:00,1.31566,1.31566,1.31566,1.31566,0.0
2012-02-04 21:13:00,1.31566,1.31566,1.31566,1.31566,0.0
2012-02-04 21:14:00,1.31566,1.31566,1.31566,1.31566,0.0
2012-02-04 21:15:00,1.31566,1.31566,1.31566,1.31566,0.0
2012-02-04 21:16:00,1.31566,1.31566,1.31566,1.31566,0.0
2012-02-04 21:17:00,1.31566,1.31566,1.31566,1.31566,0.0
2012-02-04 21:18:00,1.31566,1.31566,1.31566,1.31566,0.0
2012-02-04 21:19:00,1.31566,1.31566,1.31566,1.31566,0.0
2012-02-04 21:20:00,1.31566,1.31566,1.31566,1.31566,0.0
2012-02-04 21:21:00,1.31566,1.31566,1.31566,1.31566,0.0
2012-02-04 21:22:00,1.31566,1.31566,1.31566,1.31566,0.0
2012-02-04 21:23:00,1.31566,1.31566,1.31566,1.31566,0.0
2012-02-04 21:24:00,1.31566,1.31566,1.31566,1.31566,0.0
2012-02-04 21:25:00,1.31566,1.31566,1.31566,1.31566,0.0
2012-02-04 21:26:00,1.31566,1.31566,1.31566,1.31566,0.0
2012-02-04 21:27:00,1.31566,1.31566,1.31566,1.31566,0.0
2012-02-04 21:28:00,1.31566,1.31566,1.31566,1.31566,0.0
2012-02-04 21:29:00,1.31566,1.31566,1.31566,1.31566,0.0
2012-02-04 21:30:00,1.31566,1.31566,1.31566,1.31566,0.0
2012-02-04 21:31:00,1.31566,1.31566,1.31566,1.31566,0.0
2012-02-04 21:32:00,1.31566,1.31566,1.31566,1.31566,0.0
2012-02-04 21:33:00,1.31566,1.31566,1.31566,1.31566,0.0
2012-02-04 21:34:00,1.31566,1.31566,1.31566,1.31566,0.0
2012-02-04 21:35:00,1.31566,1.31566,1.31566,1.31566,0.0
2012-02-04 21:36:00,1.31566,1.31566,1.31566,1.31566,0.0
2012-02-04 21:37:00,1.31566,1.31566,1.31566,1.31566,0.0
2012-02-04 21:38:00,1.31566,1.31566,1.31566,1.31566,0.0
2012-02-04 21:39:00,1.31566,1.31566,1.31566,1.31566,0.0
2012-02-04 21:40:00,1.31566,1.31566,1.31566,1.31566,0.0
2012-02-04 21:41:00,1.31566,1.31566,1.31566,1.31566,0.0
2012-02-04 21:42:00,1.31566,1.31566,1.31566,1.31566,0.0
2012-02-04 21:43:00,1.31566,1.31566,1.31566,1.31566,0.0
2012-02-04 21:44:00,1.31566,1.31566,1.31566,1.31566,0.0
2012-02-04 21:45:00,1.31566,1.31566,1.31566,1.31566,0.0
2012-02-04 21:46:00,1.31566,1.31566,1.31566,1.31566,0.0
2012-02-04 21:47:00,1.31566,1.31566,1.31566,1.31566,0.0
2012-02-04 21:48:00,1.31566,1.31566,1.31566,1.31566,0.0
2012-02-04 21:49:00,1.31566,1.31566,1.31566,1.31566,0.0
2012-02-04 21:50:00,1.31566,1.31566,1.31566,1.31566,0.0
2012-02-04 21:51:00,1.31566,1.31566,1.31566,1.31566,0.0
2012-02-04 21:52:00,1.31566,1.31566,1.31566,1.31566,0.0
2012-02-04 21:53:00,1.31566,1.31566,1.31566,1.31566,0.0
2012-02-04 21:54:00,1.31566,1.31566,1.31566,1.31566,0.0
2012-02-04 21:55:00,1.31566,1.31566,1.31566,1.31566,0.0
2012-02-04 21:56:00,1.31566,1.31566,1.31566,1.31566,0.0
2012-02-04 21:57:00,1.31566,1.31566,1.31566,1.31566,0.0
2012-02-04 21:58:00,1.31566,1.31566,1.31566,1.31566,0.0
2012-02-04 21:59:00,1.31566,1.31566,1.31566,1.31566,0.0
2012-02-04 22:00:00,1.31566,1.31566,1.31566,1.31566,0.0
2012-02-04 22:01:00,1.31566,1.31566,1.31566,1.31566,0.0
2012-02-04 22:02:00,1.31566,1.31566,1.31566,1.31566,0.0
2012-02-04 22:03:00,1.31566,1.31566,1.31566,1.31566,0.0
2012-02-04 22:04:00,1.31566,1.31566,1.31566,1.31566,0.0
2012-02-04 22:05:00,1.31566,1.31566,1.31566,1.31566,0.0
2012-02-04 22:06:00,1.31566,1.31566,1.31566,1.31566,0.0
2012-02-04 22:07:00,1.31566,1.31566,1.31566,1.31566,0.0
2012-02-04 22:08:00,1.31566,1.31566,1.31566,1.31566,0.0
2012-02-04 22:09:00,1.31566,1.31566,1.31566,1.31566,0.0
2012-02-04 22:10:00,1.31566,1.31566,1.31566,1.31566,0.0
2012-02-04 22:11:00,1.31566,1.31566,1.31566,1.31566,0.0
2012-02-04 22:12:00,1.31566,1.31566,1.31566,1.31566,0.0
2012-02-04 22:13:00,1.31566,1.31566,1.31566,1.31566,0.0
2012-02-04 22:14:00,1.31566,1.31566,1.31566,1.31566,0.0
2012-02-04 22:15:00,1.31566,1.31566,1.31566,1.31566,0.0
2012-02-04 22:16:00,1.31566,1.31566,1.31566,1.31566,0.0
2012-02-04 22:17:00,1.31566,1.31566,1.31566,1.31566,0.0
2012-02-04 22:18:00,1.31566,1.31566,1.31566,1.31566,0.0
2012-02-04 22:19:00,1.31566,1.31566,1.31566,1.31566,0.0
2012-02-04 22:20:00,1.31566,1.31566,1.31566,1.31566,0.0
2012-02-04 22:21:00,1.31566,1.31566,1.31566,1.31566,0.0
2012-02-04 22:22:00,1.31566,1.31566,1.31566,1.31566,0.0
2012-02-04 22:23:00,1.31566,1.31566,1.31566,1.31566,0.0
2012-02-04 22:24:00,1.31566,1.31566,1.31566,1.31566,0.0
2012-02-04 22:25:00,1.31566,1.31566,1.31566,1.31566,0.0
2012-02-04 22:26:00,1.31566,1.31566,1.31566,1.31566,0.0
2012-02-04 22:27:00,1.31566,1.31566,1.31566,1.31566,0.0
2012-02-04 22:28:00,1.31566,1.31566,1.31566,1.31566,0.0
2012-02-04 22:29:00,1.31566,1.31566,1.31566,1.31566,0.0
2012-02-04 22:30:00,1.31566,1.31566,1.31566,1.31566,0.0
2012-02-04 22:31:00,1.31566,1.31566,1.31566,1.31566,0.0
2012-02-04 22:32:00,1.31566,1.31566,1.31566,1.31566,0.0
2012-02-04 22:33:00,1.31566,1.31566,1.31566,1.31566,0.0
2012-02-04 22:34:00,1.31566,1.31566,1.31566,1.31566,0.0
2012-02-04 22:35:00,1.31566,1.31566,1.31566,1.31566,0.0
2012-02-04 22:36:00,1.31566,1.31566,1.31566,1.31566,0.0
2012-02-04 22:37:00,1.31566,1.31566,1.31566,1.31566,0.0
2012-02-04 22:38:00,1.31566,1.31566,1.31566,1.31566,0.0
2012-02-04 22:39:00,1.31566,1.31566,1.31566,1.31566,0.0
2012-02-04 22:40:00,1.31566,1.31566,1.31566,1.31566,0.0
2012-02-04 22:41:00,1.31566,1.31566,1.31566,1.31566,0.0
2012-02-04 22:42:00,1.31566,1.31566,1.31566,1.31566,0.0
2012-02-04 22:43:00,1.31566,1.31566,1.31566,1.31566,0.0
2012-02-04 22:44:00,1.31566,1.31566,1.31566,1.31566,0.0
2012-02-04 22:45:00,1.31566,1.31566,1.31566,1.31566,0.0
2012-02-04 22:46:00,1.31566,1.31566,1.31566,1.31566,0.0
2012-02-04 22:47:00,1.31566,1.31566,1.31566,1.31566,0.0
2012-02-04 22:48:00,1.31566,1.31566,1.31566,1.31566,0.0
2012-02-04 22:49:00,1.31566,1.31566,1.31566,1.31566,0.0
2012-02-04 22:50:00,1.31566,1.31566,1.31566,1.31566,0.0
2012-02-04 22:51:00,1.31566,1.31566,1.31566,1.31566,0.0
2012-02-04 22:52:00,1.31566,1.31566,1.31566,1.31566,0.0
2012-02-04 22:53:00,1.31566,1.31566,1.31566,1.31566,0.0
2012-02-04 22:54:00,1.31566,1.31566,1.31566,1.31566,0.0
2012-02-04 22:55:00,1.31566,1.31566,1.31566,1.31566,0.0
2012-02-04 22:56:00,1.31566,1.31566,1.31566,1.31566,0.0
2012-02-04 22:57:00,1.31566,1.31566,1.31566,1.31566,0.0
2012-02-04 22:58:00,1.31566,1.31566,1.31566,1.31566,0.0
2012-02-04 22:59:00,1.31566,1.31566,1.31566,1.31566,0.0
2012-02-04 23:00:00,1.31566,1.31566,1.31566,1.31566,0.0
2012-02-04 23:01:00,1.31566,1.31566,1.31566,1.31566,0.0
2012-02-04 23:02:00,1.31566,1.31566,1.31566,1.31566,0.0
2012-02-04 23:03:00,1.31566,1.31566,1.31566,1.31566,0.0
2012-02-04 23:04:00,1.31566,1.31566,1.31566,1.31566,0.0
2012-02-04 23:05:00,1.31566,1.31566,1.31566,1.31566,0.0
2012-02-04 23:06:00,1.31566,1.31566,1.31566,1.31566,0.0
2012-02-04 23:07:00,1.31566,1.31566,1.31566,1.31566,0.0
2012-02-04 23:08:00,1.31566,1.31566,1.31566,1.31566,0.0
2012-02-04 23:09:00,1.31566,1.31566,1.31566,1.31566,0.0
2012-02-04 23:10:00,1.31566,1.31566,1.31566,1.31566,0.0
2012-02-04 23:11:00,1.31566,1.31566,1.31566,1.31566,0.0
2012-02-04 23:12:00,1.31566,1.31566,1.31566,1.31566,0.0
2012-02-04 23:13:00,1.31566,1.31566,1.31566,1.31566,0.0
2012-02-04 23:14:00,1.31566,1.31566,1.31566,1.31566,0.0
2012-02-04 23:15:00,1.31566,1.31566,1.31566,1.31566,0.0
2012-02-04 23:16:00,1.31566,1.31566,1.31566,1.31566,0.0
2012-02-04 23:17:00,1.31566,1.31566,1.31566,1.31566,0.0
2012-02-04 23:18:00,1.31566,1.31566,1.31566,1.31566,0.0
2012-02-04 23:19:00,1.31566,1.31566,1.31566,1.31566,0.0
2012-02-04 23:20:00,1.31566,1.31566,1.31566,1.31566,0.0
2012-02-04 23:21:00,1.31566,1.31566,1.31566,1.31566,0.0
2012-02-04 23:22:00,1.31566,1.31566,1.31566,1.31566,0.0
2012-02-04 23:23:00,1.31566,1.31566,1.31566,1.31566,0.0
2012-02-04 23:24:00,1.31566,1.31566,1.31566,1.31566,0.0
2012-02-04 23:25:00,1.31566,1.31566,1.31566,1.31566,0.0
2012-02-04 23:26:00,1.31566,1.31566,1.31566,1.31566,0.0
2012-02-04 23:27:00,1.31566,1.31566,1.31566,1.31566,0.0
2012-02-04 23:28:00,1.31566,1.31566,1.31566,1.31566,0.0
2012-02-04 23:29:00,1.31566,1.31566,1.31566,1.31566,0.0
2012-02-04 23:30:00,1.31566,1.31566,1.31566,1.31566,0.0
2012-02-04 23:31:00,1.31566,1.31566,1.31566,1.31566,0.0
2012-02-04 23:32:00,1.31566,1.31566,1.31566,1.31566,0.0
2012-02-04 23:33:00,1.31566,1.31566,1.31566,1.31566,0.0
2012-02-04 23:34:00,1.31566,1.31566,1.31566,1.31566,0.0
2012-02-04 23:35:00,1.31566,1.31566,1.31566,1.31566,0.0
2012-02-04 23:36:00,1.31566,1.31566,1.31566,1.31566,0.0
2012-02-04 23:37:00,1.31566,1.31566,1.31566,1.31566,0.0
2012-02-04 23:38:00,1.31566,1.31566,1.31566,1.31566,0.0
2012-02-04 23:39:00,1.31566,1.31566,1.31566,1.31566,0.0
2012-02-04 23:40:00,1.31566,1.31566,1.31566,1.31566,0.0
2012-02-04 23:41:00,1.31566,1.31566,1.31566,1.31566,0.0
2012-02-04 23:42:00,1.31566,1.31566,1.31566,1.31566,0.0
2012-02-04 23:43:00,1.31566,1.31566,1.31566,1.31566,0.0
2012-02-04 23:44:00,1.31566,1.31566,1.31566,1.31566,0.0
2012-02-04 23:45:00,1.31566,1.31566,1.31566,1.31566,0.0
2012-02-04 23:46:00,1.31566,1.31566,1.31566,1.31566,0.0
2012-02-04 23:47:00,1.31566,1.31566,1.31566,1.31566,0.0
2012-02-04 23:48:00,1.31566,1.31566,1.31566,1.31566,0.0
2012-02-04 23:49:00,1.31566,1.31566,1.31566,1.31566,0.0
2012-02-04 23:50:00,1.31566,1.31566,1.31566,1.31566,0.0
2012-02-04 23:51:00,1.31566,1.31566,1.31566,1.31566,0.0
2012-02-04 23:52:00,1.31566,1.31566,1.31566,1.31566,0.0
2012-02-04 23:53:00,1.31566,1.31566,1.31566,1.31566,0.0
2012-02-04 23:54:00,1.31566,1.31566,1.31566,1.31566,0.0
2012-02-04 23:55:00,1.31566,1.31566,1.31566,1.31566,0.0
2012-02-04 23:56:00,1.31566,1.31566,1.31566,1.31566,0.0
2012-02-04 23:57:00,1.31566,1.31566,1.31566,1.31566,0.0
2012-02-04 23:58:00,1.31566,1.31566,1.31566,1.31566,0.0
2012-02-04 23:59:00,1.31566,1.31566,1.31566,1.31566,0.0
2012-02-05 00:00:00,1.31566,1.31566,1.31566,1.31566,0.0
2012-02-05 00:01:00,1.31566,1.31566,1.31566,1.31566,0.0
2012-02-05 00:02:00,1.31566,1.31566,1.31566,1.31566,0.0
2012-02-05 00:03:00,1.31566,1.31566,1.31566,1.31566,0.0
2012-02-05 00:04:00,1.31566,1.31566,1.31566,1.31566,0.0
2012-02-05 00:05:00,1.31566,1.31566,1.31566,1.31566,0.0
2012-02-05 00:06:00,1.31566,1.31566,1.31566,1.31566,0.0
2012-02-05 00:07:00,1.31566,1.31566,1.31566,1.31566,0.0
2012-02-05 00:08:00,1.31566,1.31566,1.31566,1.31566,0.0
2012-02-05 00:09:00,1.31566,1.31566,1.31566,1.31566,0.0
2012-02-05 00:10:00,1.31566,1.31566,1.31566,1.31566,0.0
2012-02-05 00:11:00,1.31566,1.31566,1.31566,1.31566,0.0
2012-02-05 00:12:00,1.31566,1.31566,1.31566,1.31566,0.0
2012-02-05 00:13:00,1.31566,1.31566,1.31566,1.31566,0.0
2012-02-05 00:14:00,1.31566,1.31566,1.31566,1.31566,0.0
2012-02-05 00:15:00,1.31566,1.31566,1.31566,1.31566,0.0
2012-02-05 00:16:00,1.31566,1.31566,1.31566,1.31566,0.0
2012-02-05 00:17:00,1.31566,1.31566,1.31566,1.31566,0.0
2012-02-05 00:18:00,1.31566,1.31566,1.31566,1.31566,0.0
2012-02-05 00:19:00,1.31566,1.31566,1.31566,1.31566,0.0
2012-02-05 00:20:00,1.31566,1.31566,1.31566,1.31566,0.0
2012-02-05 00:21:00,1.31566,1.31566,1.31566,1.31566,0.0
2012-02-05 00:22:00,1.31566,1.31566,1.31566,1.31566,0.0
2012-02-05 00:23:00,1.31566,1.31566,1.31566,1.31566,0.0
2012-02-05 00:24:00,1.31566,1.31566,1.31566,1.31566,0.0
2012-02-05 00:25:00,1.31566,1.31566,1.31566,1.31566,0.0
2012-02-05 00:26:00,1.31566,1.31566,1.31566,1.31566,0.0
2012-02-05 00:27:00,1.31566,1.31566,1.31566,1.31566,0.0
2012-02-05 00:28:00,1.31566,1.31566,1.31566,1.31566,0.0
2012-02-05 00:29:00,1.31566,1.31566,1.31566,1.31566,0.0
2012-02-05 00:30:00,1.31566,1.31566,1.31566,1.31566,0.0
2012-02-05 00:31:00,1.31566,1.31566,1.31566,1.31566,0.0
2012-02-05 00:32:00,1.31566,1.31566,1.31566,1.31566,0.0
2012-02-05 00:33:00,1.31566,1.31566,1.31566,1.31566,0.0
2012-02-05 00:34:00,1.31566,1.31566,1.31566,1.31566,0.0
2012-02-05 00:35:00,1.31566,1.31566,1.31566,1.31566,0.0
2012-02-05 00:36:00,1.31566,1.31566,1.31566,1.31566,0.0
2012-02-05 00:37:00,1.31566,1.31566,1.31566,1.31566,0.0
2012-02-05 00:38:00,1.31566,1.31566,1.31566,1.31566,0.0
2012-02-05 00:39:00,1.31566,1.31566,1.31566,1.31566,0.0
2012-02-05 00:40:00,1.31566,1.31566,1.31566,1.31566,0.0
2012-02-05 00:41:00,1.31566,1.31566,1.31566,1.31566,0.0
2012-02-05 00:42:00,1.31566,1.31566,1.31566,1.31566,0.0
2012-02-05 00:43:00,1.31566,1.31566,1.31566,1.31566,0.0
2012-02-05 00:44:00,1.31566,1.31566,1.31566,1.31566,0.0
2012-02-05 00:45:00,1.31566,1.31566,1.31566,1.31566,0.0
2012-02-05 00:46:00,1.31566,1.31566,1.31566,1.31566,0.0
2012-02-05 00:47:00,1.31566,1.31566,1.31566,1.31566,0.0
2012-02-05 00:48:00,1.31566,1.31566,1.31566,1.31566,0.0
2012-02-05 00:49:00,1.31566,1.31566,1.31566,1.31566,0.0
2012-02-05 00:50:00,1.31566,1.31566,1.31566,1.31566,0.0
2012-02-05 00:51:00,1.31566,1.31566,1.31566,1.31566,0.0
2012-02-05 00:52:00,1.31566,1.31566,1.31566,1.31566,0.0
2012-02-05 00:53:00,1.31566,1.31566,1.31566,1.31566,0.0
2012-02-05 00:54:00,1.31566,1.31566,1.31566,1.31566,0.0
2012-02-05 00:55:00,1.31566,1.31566,1.31566,1.31566,0.0
2012-02-05 00:56:00,1.31566,1.31566,1.31566,1.31566,0.0
2012-02-05 00:57:00,1.31566,1.31566,1.31566,1.31566,0.0
2012-02-05 00:58:00,1.31566,1.31566,1.31566,1.31566,0.0
2012-02-05 00:59:00,1.31566,1.31566,1.31566,1.31566,0.0
2012-02-05 01:00:00,1.31566,1.31566,1.31566,1.31566,0.0
2012-02-05 01:01:00,1.31566,1.31566,1.31566,1.31566,0.0
2012-02-05 01:02:00,1.31566,1.31566,1.31566,1.31566,0.0
2012-02-05 01:03:00,1.31566,1.31566,1.31566,1.31566,0.0
2012-02-05 01:04:00,1.31566,1.31566,1.31566,1.31566,0.0
2012-02-05 01:05:00,1.31566,1.31566,1.31566,1.31566,0.0
2012-02-05 01:06:00,1.31566,1.31566,1.31566,1.31566,0.0
2012-02-05 01:07:00,1.31566,1.31566,1.31566,1.31566,0.0
2012-02-05 01:08:00,1.31566,1.31566,1.31566,1.31566,0.0
2012-02-05 01:09:00,1.31566,1.31566,1.31566,1.31566,0.0
2012-02-05 01:10:00,1.31566,1.31566,1.31566,1.31566,0.0
2012-02-05 01:11:00,1.31566,1.31566,1.31566,1.31566,0.0
2012-02-05 01:12:00,1.31566,1.31566,1.31566,1.31566,0.0
2012-02-05 01:13:00,1.31566,1.31566,1.31566,1.31566,0.0
2012-02-05 01:14:00,1.31566,1.31566,1.31566,1.31566,0.0
2012-02-05 01:15:00,1.31566,1.31566,1.31566,1.31566,0.0
2012-02-05 01:16:00,1.31566,1.31566,1.31566,1.31566,0.0
2012-02-05 01:17:00,1.31566,1.31566,1.31566,1.31566,0.0
2012-02-05 01:18:00,1.31566,1.31566,1.31566,1.31566,0.0
2012-02-05 01:19:00,1.31566,1.31566,1.31566,1.31566,0.0
2012-02-05 01:20:00,1.31566,1.31566,1.31566,1.31566,0.0
2012-02-05 01:21:00,1.31566,1.31566,1.31566,1.31566,0.0
2012-02-05 01:22:00,1.31566,1.31566,1.31566,1.31566,0.0
2012-02-05 01:23:00,1.31566,1.31566,1.31566,1.31566,0.0
2012-02-05 01:24:00,1.31566,1.31566,1.31566,1.31566,0.0
2012-02-05 01:25:00,1.31566,1.31566,1.31566,1.31566,0.0
2012-02-05 01:26:00,1.31566,1.31566,1.31566,1.31566,0.0
2012-02-05 01:27:00,1.31566,1.31566,1.31566,1.31566,0.0
2012-02-05 01:28:00,1.31566,1.31566,1.31566,1.31566,0.0
2012-02-05 01:29:00,1.31566,1.31566,1.31566,1.31566,0.0
2012-02-05 01:30:00,1.31566,1.31566,1.31566,1.31566,0.0
2012-02-05 01:31:00,1.31566,1.31566,1.31566,1.31566,0.0
2012-02-05 01:32:00,1.31566,1.31566,1.31566,1.31566,0.0
2012-02-05 01:33:00,1.31566,1.31566,1.31566,1.31566,0.0
2012-02-05 01:34:00,1.31566,1.31566,1.31566,1.31566,0.0
2012-02-05 01:35:00,1.31566,1.31566,1.31566,1.31566,0.0
2012-02-05 01:36:00,1.31566,1.31566,1.31566,1.31566,0.0
2012-02-05 01:37:00,1.31566,1.31566,1.31566,1.31566,0.0
2012-02-05 01:38:00,1.31566,1.31566,1.31566,1.31566,0.0
2012-02-05 01:39:00,1.31566,1.31566,1.31566,1.31566,0.0
2012-02-05 01:40:00,1.31566,1.31566,1.31566,1.31566,0.0
2012-02-05 01:41:00,1.31566,1.31566,1.31566,1.31566,0.0
2012-02-05 01:42:00,1.31566,1.31566,1.31566,1.31566,0.0
2012-02-05 01:43:00,1.31566,1.31566,1.31566,1.31566,0.0
2012-02-05 01:44:00,1.31566,1.31566,1.31566,1.31566,0.0
2012-02-05 01:45:00,1.31566,1.31566,1.31566,1.31566,0.0
2012-02-05 01:46:00,1.31566,1.31566,1.31566,1.31566,0.0
2012-02-05 01:47:00,1.31566,1.31566,1.31566,1.31566,0.0
2012-02-05 01:48:00,1.31566,1.31566,1.31566,1.31566,0.0
2012-02-05 01:49:00,1.31566,1.31566,1.31566,1.31566,0.0
2012-02-05 01:50:00,1.31566,1.31566,1.31566,1.31566,0.0
2012-02-05 01:51:00,1.31566,1.31566,1.31566,1.31566,0.0
2012-02-05 01:52:00,1.31566,1.31566,1.31566,1.31566,0.0
2012-02-05 01:53:00,1.31566,1.31566,1.31566,1.31566,0.0
2012-02-05 01:54:00,1.31566,1.31566,1.31566,1.31566,0.0
2012-02-05 01:55:00,1.31566,1.31566,1.31566,1.31566,0.0
2012-02-05 01:56:00,1.31566,1.31566,1.31566,1.31566,0.0
2012-02-05 01:57:00,1.31566,1.31566,1.31566,1.31566,0.0
2012-02-05 01:58:00,1.31566,1.31566,1.31566,1.31566,0.0
2012-02-05 01:59:00,1.31566,1.31566,1.31566,1.31566,0.0
2012-02-05 02:00:00,1.31566,1.31566,1.31566,1.31566,0.0
2012-02-05 02:01:00,1.31566,1.31566,1.31566,1.31566,0.0
2012-02-05 02:02:00,1.31566,1.31566,1.31566,1.31566,0.0
2012-02-05 02:03:00,1.31566,1.31566,1.31566,1.31566,0.0
2012-02-05 02:04:00,1.31566,1.31566,1.31566,1.31566,0.0
2012-02-05 02:05:00,1.31566,1.31566,1.31566,1.31566,0.0
2012-02-05 02:06:00,1.31566,1.31566,1.31566,1.31566,0.0
2012-02-05 02:07:00,1.31566,1.31566,1.31566,1.31566,0.0
2012-02-05 02:08:00,1.31566,1.31566,1.31566,1.31566,0.0
2012-02-05 02:09:00,1.31566,1.31566,1.31566,1.31566,0.0
2012-02-05 02:10:00,1.31566,1.31566,1.31566,1.31566,0.0
2012-02-05 02:11:00,1.31566,1.31566,1.31566,1.31566,0.0
2012-02-05 02:12:00,1.31566,1.31566,1.31566,1.31566,0.0
2012-02-05 02:13:00,1.31566,1.31566,1.31566,1.31566,0.0
2012-02-05 02:14:00,1.31566,1.31566,1.31566,1.31566,0.0
2012-02-05 02:15:00,1.31566,1.31566,1.31566,1.31566,0.0
2012-02-05 02:16:00,1.31566,1.31566,1.31566,1.31566,0.0
2012-02-05 02:17:00,1.31566,1.31566,1.31566,1.31566,0.0
2012-02-05 02:18:00,1.31566,1.31566,1.31566,1.31566,0.0
2012-02-05 02:19:00,1.31566,1.31566,1.31566,1.31566,0.0
2012-02-05 02:20:00,1.31566,1.31566,1.31566,1.31566,0.0
2012-02-05 02:21:00,1.31566,1.31566,1.31566,1.31566,0.0
2012-02-05 02:22:00,1.31566,1.31566,1.31566,1.31566,0.0
2012-02-05 02:23:00,1.31566,1.31566,1.31566,1.31566,0.0
2012-02-05 02:24:00,1.31566,1.31566,1.31566,1.31566,0.0
2012-02-05 02:25:00,1.31566,1.31566,1.31566,1.31566,0.0
2012-02-05 02:26:00,1.31566,1.31566,1.31566,1.31566,0.0
2012-02-05 02:27:00,1.31566,1.31566,1.31566,1.31566,0.0
2012-02-05 02:28:00,1.31566,1.31566,1.31566,1.31566,0.0
2012-02-05 02:29:00,1.31566,1.31566,1.31566,1.31566,0.0
2012-02-05 02:30:00,1.31566,1.31566,1.31566,1.31566,0.0
2012-02-05 02:31:00,1.31566,1.31566,1.31566,1.31566,0.0
2012-02-05 02:32:00,1.31566,1.31566,1.31566,1.31566,0.0
2012-02-05 02:33:00,1.31566,1.31566,1.31566,1.31566,0.0
2012-02-05 02:34:00,1.31566,1.31566,1.31566,1.31566,0.0
2012-02-05 02:35:00,1.31566,1.31566,1.31566,1.31566,0.0
2012-02-05 02:36:00,1.31566,1.31566,1.31566,1.31566,0.0
2012-02-05 02:37:00,1.31566,1.31566,1.31566,1.31566,0.0
2012-02-05 02:38:00,1.31566,1.31566,1.31566,1.31566,0.0
2012-02-05 02:39:00,1.31566,1.31566,1.31566,1.31566,0.0
2012-02-05 02:40:00,1.31566,1.31566,1.31566,1.31566,0.0
2012-02-05 02:41:00,1.31566,1.31566,1.31566,1.31566,0.0
2012-02-05 02:42:00,1.31566,1.31566,1.31566,1.31566,0.0
2012-02-05 02:43:00,1.31566,1.31566,1.31566,1.31566,0.0
2012-02-05 02:44:00,1.31566,1.31566,1.31566,1.31566,0.0
2012-02-05 02:45:00,1.31566,1.31566,1.31566,1.31566,0.0
2012-02-05 02:46:00,1.31566,1.31566,1.31566,1.31566,0.0
2012-02-05 02:47:00,1.31566,1.31566,1.31566,1.31566,0.0
2012-02-05 02:48:00,1.31566,1.31566,1.31566,1.31566,0.0
2012-02-05 02:49:00,1.31566,1.31566,1.31566,1.31566,0.0
2012-02-05 02:50:00,1.31566,1.31566,1.31566,1.31566,0.0
2012-02-05 02:51:00,1.31566,1.31566,1.31566,1.31566,0.0
2012-02-05 02:52:00,1.31566,1.31566,1.31566,1.31566,0.0
2012-02-05 02:53:00,1.31566,1.31566,1.31566,1.31566,0.0
2012-02-05 02:54:00,1.31566,1.31566,1.31566,1.31566,0.0
2012-02-05 02:55:00,1.31566,1.31566,1.31566,1.31566,0.0
2012-02-05 02:56:00,1.31566,1.31566,1.31566,1.31566,0.0
2012-02-05 02:57:00,1.31566,1.31566,1.31566,1.31566,0.0
2012-02-05 02:58:00,1.31566,1.31566,1.31566,1.31566,0.0
2012-02-05 02:59:00,1.31566,1.31566,1.31566,1.31566,0.0
2012-02-05 03:00:00,1.31566,1.31566,1.31566,1.31566,0.0
2012-02-05 03:01:00,1.31566,1.31566,1.31566,1.31566,0.0
2012-02-05 03:02:00,1.31566,1.31566,1.31566,1.31566,0.0
2012-02-05 03:03:00,1.31566,1.31566,1.31566,1.31566,0.0
2012-02-05 03:04:00,1.31566,1.31566,1.31566,1.31566,0.0
2012-02-05 03:05:00,1.31566,1.31566,1.31566,1.31566,0.0
2012-02-05 03:06:00,1.31566,1.31566,1.31566,1.31566,0.0
2012-02-05 03:07:00,1.31566,1.31566,1.31566,1.31566,0.0
2012-02-05 03:08:00,1.31566,1.31566,1.31566,1.31566,0.0
2012-02-05 03:09:00,1.31566,1.31566,1.31566,1.31566,0.0
2012-02-05 03:10:00,1.31566,1.31566,1.31566,1.31566,0.0
2012-02-05 03:11:00,1.31566,1.31566,1.31566,1.31566,0.0
2012-02-05 03:12:00,1.31566,1.31566,1.31566,1.31566,0.0
2012-02-05 03:13:00,1.31566,1.31566,1.31566,1.31566,0.0
2012-02-05 03:14:00,1.31566,1.31566,1.31566,1.31566,0.0
2012-02-05 03:15:00,1.31566,1.31566,1.31566,1.31566,0.0
2012-02-05 03:16:00,1.31566,1.31566,1.31566,1.31566,0.0
2012-02-05 03:17:00,1.31566,1.31566,1.31566,1.31566,0.0
2012-02-05 03:18:00,1.31566,1.31566,1.31566,1.31566,0.0
2012-02-05 03:19:00,1.31566,1.31566,1.31566,1.31566,0.0
2012-02-05 03:20:00,1.31566,1.31566,1.31566,1.31566,0.0
2012-02-05 03:21:00,1.31566,1.31566,1.31566,1.31566,0.0
2012-02-05 03:22:00,1.31566,1.31566,1.31566,1.31566,0.0
2012-02-05 03:23:00,1.31566,1.31566,1.31566,1.31566,0.0
2012-02-05 03:24:00,1.31566,1.31566,1.31566,1.31566,0.0
2012-02-05 03:25:00,1.31566,1.31566,1.31566,1.31566,0.0
2012-02-05 03:26:00,1.31566,1.31566,1.31566,1.31566,0.0
2012-02-05 03:27:00,1.31566,1.31566,1.31566,1.31566,0.0
2012-02-05 03:28:00,1.31566,1.31566,1.31566,1.31566,0.0
2012-02-05 03:29:00,1.31566,1.31566,1.31566,1.31566,0.0
2012-02-05 03:30:00,1.31566,1.31566,1.31566,1.31566,0.0
2012-02-05 03:31:00,1.31566,1.31566,1.31566,1.31566,0.0
2012-02-05 03:32:00,1.31566,1.31566,1.31566,1.31566,0.0
2012-02-05 03:33:00,1.31566,1.31566,1.31566,1.31566,0.0
2012-02-05 03:34:00,1.31566,1.31566,1.31566,1.31566,0.0
2012-02-05 03:35:00,1.31566,1.31566,1.31566,1.31566,0.0
2012-02-05 03:36:00,1.31566,1.31566,1.31566,1.31566,0.0
2012-02-05 03:37:00,1.31566,1.31566,1.31566,1.31566,0.0
2012-02-05 03:38:00,1.31566,1.31566,1.31566,1.31566,0.0
2012-02-05 03:39:00,1.31566,1.31566,1.31566,1.31566,0.0
2012-02-05 03:40:00,1.31566,1.31566,1.31566,1.31566,0.0
2012-02-05 03:41:00,1.31566,1.31566,1.31566,1.31566,0.0
2012-02-05 03:42:00,1.31566,1.31566,1.31566,1.31566,0.0
2012-02-05 03:43:00,1.31566,1.31566,1.31566,1.31566,0.0
2012-02-05 03:44:00,1.31566,1.31566,1.31566,1.31566,0.0
2012-02-05 03:45:00,1.31566,1.31566,1.31566,1.31566,0.0
2012-02-05 03:46:00,1.31566,1.31566,1.31566,1.31566,0.0
2012-02-05 03:47:00,1.31566,1.31566,1.31566,1.31566,0.0
2012-02-05 03:48:00,1.31566,1.31566,1.31566,1.31566,0.0
2012-02-05 03:49:00,1.31566,1.31566,1.31566,1.31566,0.0
2012-02-05 03:50:00,1.31566,1.31566,1.31566,1.31566,0.0
2012-02-05 03:51:00,1.31566,1.31566,1.31566,1.31566,0.0
2012-02-05 03:52:00,1.31566,1.31566,1.31566,1.31566,0.0
2012-02-05 03:53:00,1.31566,1.31566,1.31566,1.31566,0.0
2012-02-05 03:54:00,1.31566,1.31566,1.31566,1.31566,0.0
2012-02-05 03:55:00,1.31566,1.31566,1.31566,1.31566,0.0
2012-02-05 03:56:00,1.31566,1.31566,1.31566,1.31566,0.0
2012-02-05 03:57:00,1.31566,1.31566,1.31566,1.31566,0.0
2012-02-05 03:58:00,1.31566,1.31566,1.31566,1.31566,0.0
2012-02-05 03:59:00,1.31566,1.31566,1.31566,1.31566,0.0
2012-02-05 04:00:00,1.31566,1.31566,1.31566,1.31566,0.0
2012-02-05 04:01:00,1.31566,1.31566,1.31566,1.31566,0.0
2012-02-05 04:02:00,1.31566,1.31566,1.31566,1.31566,0.0
2012-02-05 04:03:00,1.31566,1.31566,1.31566,1.31566,0.0
2012-02-05 04:04:00,1.31566,1.31566,1.31566,1.31566,0.0
2012-02-05 04:05:00,1.31566,1.31566,1.31566,1.31566,0.0
2012-02-05 04:06:00,1.31566,1.31566,1.31566,1.31566,0.0
2012-02-05 04:07:00,1.31566,1.31566,1.31566,1.31566,0.0
2012-02-05 04:08:00,1.31566,1.31566,1.31566,1.31566,0.0
2012-02-05 04:09:00,1.31566,1.31566,1.31566,1.31566,0.0
2012-02-05 04:10:00,1.31566,1.31566,1.31566,1.31566,0.0
2012-02-05 04:11:00,1.31566,1.31566,1.31566,1.31566,0.0
2012-02-05 04:12:00,1.31566,1.31566,1.31566,1.31566,0.0
2012-02-05 04:13:00,1.31566,1.31566,1.31566,1.31566,0.0
2012-02-05 04:14:00,1.31566,1.31566,1.31566,1.31566,0.0
2012-02-05 04:15:00,1.31566,1.31566,1.31566,1.31566,0.0
2012-02-05 04:16:00,1.31566,1.31566,1.31566,1.31566,0.0
2012-02-05 04:17:00,1.31566,1.31566,1.31566,1.31566,0.0
2012-02-05 04:18:00,1.31566,1.31566,1.31566,1.31566,0.0
2012-02-05 04:19:00,1.31566,1.31566,1.31566,1.31566,0.0
2012-02-05 04:20:00,1.31566,1.31566,1.31566,1.31566,0.0
2012-02-05 04:21:00,1.31566,1.31566,1.31566,1.31566,0.0
2012-02-05 04:22:00,1.31566,1.31566,1.31566,1.31566,0.0
2012-02-05 04:23:00,1.31566,1.31566,1.31566,1.31566,0.0
2012-02-05 04:24:00,1.31566,1.31566,1.31566,1.31566,0.0
2012-02-05 04:25:00,1.31566,1.31566,1.31566,1.31566,0.0
2012-02-05 04:26:00,1.31566,1.31566,1.31566,1.31566,0.0
2012-02-05 04:27:00,1.31566,1.31566,1.31566,1.31566,0.0
2012-02-05 04:28:00,1.31566,1.31566,1.31566,1.31566,0.0
2012-02-05 04:29:00,1.31566,1.31566,1.31566,1.31566,0.0
2012-02-05 04:30:00,1.31566,1.31566,1.31566,1.31566,0.0
2012-02-05 04:31:00,1.31566,1.31566,1.31566,1.31566,0.0
2012-02-05 04:32:00,1.31566,1.31566,1.31566,1.31566,0.0
2012-02-05 04:33:00,1.31566,1.31566,1.31566,1.31566,0.0
2012-02-05 04:34:00,1.31566,1.31566,1.31566,1.31566,0.0
2012-02-05 04:35:00,1.31566,1.31566,1.31566,1.31566,0.0
2012-02-05 04:36:00,1.31566,1.31566,1.31566,1.31566,0.0
2012-02-05 04:37:00,1.31566,1.31566,1.31566,1.31566,0.0
2012-02-05 04:38:00,1.31566,1.31566,1.31566,1.31566,0.0
2012-02-05 04:39:00,1.31566,1.31566,1.31566,1.31566,0.0
2012-02-05 04:40:00,1.31566,1.31566,1.31566,1.31566,0.0
2012-02-05 04:41:00,1.31566,1.31566,1.31566,1.31566,0.0
2012-02-05 04:42:00,1.31566,1.31566,1.31566,1.31566,0.0
2012-02-05 04:43:00,1.31566,1.31566,1.31566,1.31566,0.0
2012-02-05 04:44:00,1.31566,1.31566,1.31566,1.31566,0.0
2012-02-05 04:45:00,1.31566,1.31566,1.31566,1.31566,0.0
2012-02-05 04:46:00,1.31566,1.31566,1.31566,1.31566,0.0
2012-02-05 04:47:00,1.31566,1.31566,1.31566,1.31566,0.0
2012-02-05 04:48:00,1.31566,1.31566,1.31566,1.31566,0.0
2012-02-05 04:49:00,1.31566,1.31566,1.31566,1.31566,0.0
2012-02-05 04:50:00,1.31566,1.31566,1.31566,1.31566,0.0
2012-02-05 04:51:00,1.31566,1.31566,1.31566,1.31566,0.0
2012-02-05 04:52:00,1.31566,1.31566,1.31566,1.31566,0.0
2012-02-05 04:53:00,1.31566,1.31566,1.31566,1.31566,0.0
2012-02-05 04:54:00,1.31566,1.31566,1.31566,1.31566,0.0
2012-02-05 04:55:00,1.31566,1.31566,1.31566,1.31566,0.0
2012-02-05 04:56:00,1.31566,1.31566,1.31566,1.31566,0.0
2012-02-05 04:57:00,1.31566,1.31566,1.31566,1.31566,0.0
2012-02-05 04:58:00,1.31566,1.31566,1.31566,1.31566,0.0
2012-02-05 04:59:00,1.31566,1.31566,1.31566,1.31566,0.0
2012-02-05 05:00:00,1.31566,1.31566,1.31566,1.31566,0.0
2012-02-05 05:01:00,1.31566,1.31566,1.31566,1.31566,0.0
2012-02-05 05:02:00,1.31566,1.31566,1.31566,1.31566,0.0
2012-02-05 05:03:00,1.31566,1.31566,1.31566,1.31566,0.0
2012-02-05 05:04:00,1.31566,1.31566,1.31566,1.31566,0.0
2012-02-05 05:05:00,1.31566,1.31566,1.31566,1.31566,0.0
2012-02-05 05:06:00,1.31566,1.31566,1.31566,1.31566,0.0
2012-02-05 05:07:00,1.31566,1.31566,1.31566,1.31566,0.0
2012-02-05 05:08:00,1.31566,1.31566,1.31566,1.31566,0.0
2012-02-05 05:09:00,1.31566,1.31566,1.31566,1.31566,0.0
2012-02-05 05:10:00,1.31566,1.31566,1.31566,1.31566,0.0
2012-02-05 05:11:00,1.31566,1.31566,1.31566,1.31566,0.0
2012-02-05 05:12:00,1.31566,1.31566,1.31566,1.31566,0.0
2012-02-05 05:13:00,1.31566,1.31566,1.31566,1.31566,0.0
2012-02-05 05:14:00,1.31566,1.31566,1.31566,1.31566,0.0
2012-02-05 05:15:00,1.31566,1.31566,1.31566,1.31566,0.0
2012-02-05 05:16:00,1.31566,1.31566,1.31566,1.31566,0.0
2012-02-05 05:17:00,1.31566,1.31566,1.31566,1.31566,0.0
2012-02-05 05:18:00,1.31566,1.31566,1.31566,1.31566,0.0
2012-02-05 05:19:00,1.31566,1.31566,1.31566,1.31566,0.0
2012-02-05 05:20:00,1.31566,1.31566,1.31566,1.31566,0.0
2012-02-05 05:21:00,1.31566,1.31566,1.31566,1.31566,0.0
2012-02-05 05:22:00,1.31566,1.31566,1.31566,1.31566,0.0
2012-02-05 05:23:00,1.31566,1.31566,1.31566,1.31566,0.0
2012-02-05 05:24:00,1.31566,1.31566,1.31566,1.31566,0.0
2012-02-05 05:25:00,1.31566,1.31566,1.31566,1.31566,0.0
2012-02-05 05:26:00,1.31566,1.31566,1.31566,1.31566,0.0
2012-02-05 05:27:00,1.31566,1.31566,1.31566,1.31566,0.0
2012-02-05 05:28:00,1.31566,1.31566,1.31566,1.31566,0.0
2012-02-05 05:29:00,1.31566,1.31566,1.31566,1.31566,0.0
2012-02-05 05:30:00,1.31566,1.31566,1.31566,1.31566,0.0
2012-02-05 05:31:00,1.31566,1.31566,1.31566,1.31566,0.0
2012-02-05 05:32:00,1.31566,1.31566,1.31566,1.31566,0.0
2012-02-05 05:33:00,1.31566,1.31566,1.31566,1.31566,0.0
2012-02-05 05:34:00,1.31566,1.31566,1.31566,1.31566,0.0
2012-02-05 05:35:00,1.31566,1.31566,1.31566,1.31566,0.0
2012-02-05 05:36:00,1.31566,1.31566,1.31566,1.31566,0.0
2012-02-05 05:37:00,1.31566,1.31566,1.31566,1.31566,0.0
2012-02-05 05:38:00,1.31566,1.31566,1.31566,1.31566,0.0
2012-02-05 05:39:00,1.31566,1.31566,1.31566,1.31566,0.0
2012-02-05 05:40:00,1.31566,1.31566,1.31566,1.31566,0.0
2012-02-05 05:41:00,1.31566,1.31566,1.31566,1.31566,0.0
2012-02-05 05:42:00,1.31566,1.31566,1.31566,1.31566,0.0
2012-02-05 05:43:00,1.31566,1.31566,1.31566,1.31566,0.0
2012-02-05 05:44:00,1.31566,1.31566,1.31566,1.31566,0.0
2012-02-05 05:45:00,1.31566,1.31566,1.31566,1.31566,0.0
2012-02-05 05:46:00,1.31566,1.31566,1.31566,1.31566,0.0
2012-02-05 05:47:00,1.31566,1.31566,1.31566,1.31566,0.0
2012-02-05 05:48:00,1.31566,1.31566,1.31566,1.31566,0.0
2012-02-05 05:49:00,1.31566,1.31566,1.31566,1.31566,0.0
2012-02-05 05:50:00,1.31566,1.31566,1.31566,1.31566,0.0
2012-02-05 05:51:00,1.31566,1.31566,1.31566,1.31566,0.0
2012-02-05 05:52:00,1.31566,1.31566,1.31566,1.31566,0.0
2012-02-05 05:53:00,1.31566,1.31566,1.31566,1.31566,0.0
2012-02-05 05:54:00,1.31566,1.31566,1.31566,1.31566,0.0
2012-02-05 05:55:00,1.31566,1.31566,1.31566,1.31566,0.0
2012-02-05 05:56:00,1.31566,1.31566,1.31566,1.31566,0.0
2012-02-05 05:57:00,1.31566,1.31566,1.31566,1.31566,0.0
2012-02-05 05:58:00,1.31566,1.31566,1.31566,1.31566,0.0
2012-02-05 05:59:00,1.31566,1.31566,1.31566,1.31566,0.0
2012-02-05 06:00:00,1.31566,1.31566,1.31566,1.31566,0.0
2012-02-05 06:01:00,1.31566,1.31566,1.31566,1.31566,0.0
2012-02-05 06:02:00,1.31566,1.31566,1.31566,1.31566,0.0
2012-02-05 06:03:00,1.31566,1.31566,1.31566,1.31566,0.0
2012-02-05 06:04:00,1.31566,1.31566,1.31566,1.31566,0.0
2012-02-05 06:05:00,1.31566,1.31566,1.31566,1.31566,0.0
2012-02-05 06:06:00,1.31566,1.31566,1.31566,1.31566,0.0
2012-02-05 06:07:00,1.31566,1.31566,1.31566,1.31566,0.0
2012-02-05 06:08:00,1.31566,1.31566,1.31566,1.31566,0.0
2012-02-05 06:09:00,1.31566,1.31566,1.31566,1.31566,0.0
2012-02-05 06:10:00,1.31566,1.31566,1.31566,1.31566,0.0
2012-02-05 06:11:00,1.31566,1.31566,1.31566,1.31566,0.0
2012-02-05 06:12:00,1.31566,1.31566,1.31566,1.31566,0.0
2012-02-05 06:13:00,1.31566,1.31566,1.31566,1.31566,0.0
2012-02-05 06:14:00,1.31566,1.31566,1.31566,1.31566,0.0
2012-02-05 06:15:00,1.31566,1.31566,1.31566,1.31566,0.0
2012-02-05 06:16:00,1.31566,1.31566,1.31566,1.31566,0.0
2012-02-05 06:17:00,1.31566,1.31566,1.31566,1.31566,0.0
2012-02-05 06:18:00,1.31566,1.31566,1.31566,1.31566,0.0
2012-02-05 06:19:00,1.31566,1.31566,1.31566,1.31566,0.0
2012-02-05 06:20:00,1.31566,1.31566,1.31566,1.31566,0.0
2012-02-05 06:21:00,1.31566,1.31566,1.31566,1.31566,0.0
2012-02-05 06:22:00,1.31566,1.31566,1.31566,1.31566,0.0
2012-02-05 06:23:00,1.31566,1.31566,1.31566,1.31566,0.0
2012-02-05 06:24:00,1.31566,1.31566,1.31566,1.31566,0.0
2012-02-05 06:25:00,1.31566,1.31566,1.31566,1.31566,0.0
2012-02-05 06:26:00,1.31566,1.31566,1.31566,1.31566,0.0
2012-02-05 06:27:00,1.31566,1.31566,1.31566,1.31566,0.0
2012-02-05 06:28:00,1.31566,1.31566,1.31566,1.31566,0.0
2012-02-05 06:29:00,1.31566,1.31566,1.31566,1.31566,0.0
2012-02-05 06:30:00,1.31566,1.31566,1.31566,1.31566,0.0
2012-02-05 06:31:00,1.31566,1.31566,1.31566,1.31566,0.0
2012-02-05 06:32:00,1.31566,1.31566,1.31566,1.31566,0.0
2012-02-05 06:33:00,1.31566,1.31566,1.31566,1.31566,0.0
2012-02-05 06:34:00,1.31566,1.31566,1.31566,1.31566,0.0
2012-02-05 06:35:00,1.31566,1.31566,1.31566,1.31566,0.0
2012-02-05 06:36:00,1.31566,1.31566,1.31566,1.31566,0.0
2012-02-05 06:37:00,1.31566,1.31566,1.31566,1.31566,0.0
2012-02-05 06:38:00,1.31566,1.31566,1.31566,1.31566,0.0
2012-02-05 06:39:00,1.31566,1.31566,1.31566,1.31566,0.0
2012-02-05 06:40:00,1.31566,1.31566,1.31566,1.31566,0.0
2012-02-05 06:41:00,1.31566,1.31566,1.31566,1.31566,0.0
2012-02-05 06:42:00,1.31566,1.31566,1.31566,1.31566,0.0
2012-02-05 06:43:00,1.31566,1.31566,1.31566,1.31566,0.0
2012-02-05 06:44:00,1.31566,1.31566,1.31566,1.31566,0.0
2012-02-05 06:45:00,1.31566,1.31566,1.31566,1.31566,0.0
2012-02-05 06:46:00,1.31566,1.31566,1.31566,1.31566,0.0
2012-02-05 06:47:00,1.31566,1.31566,1.31566,1.31566,0.0
2012-02-05 06:48:00,1.31566,1.31566,1.31566,1.31566,0.0
2012-02-05 06:49:00,1.31566,1.31566,1.31566,1.31566,0.0
2012-02-05 06:50:00,1.31566,1.31566,1.31566,1.31566,0.0
2012-02-05 06:51:00,1.31566,1.31566,1.31566,1.31566,0.0
2012-02-05 06:52:00,1.31566,1.31566,1.31566,1.31566,0.0
2012-02-05 06:53:00,1.31566,1.31566,1.31566,1.31566,0.0
2012-02-05 06:54:00,1.31566,1.31566,1.31566,1.31566,0.0
2012-02-05 06:55:00,1.31566,1.31566,1.31566,1.31566,0.0
2012-02-05 06:56:00,1.31566,1.31566,1.31566,1.31566,0.0
2012-02-05 06:57:00,1.31566,1.31566,1.31566,1.31566,0.0
2012-02-05 06:58:00,1.31566,1.31566,1.31566,1.31566,0.0
2012-02-05 06:59:00,1.31566,1.31566,1.31566,1.31566,0.0
2012-02-05 07:00:00,1.31566,1.31566,1.31566,1.31566,0.0
2012-02-05 07:01:00,1.31566,1.31566,1.31566,1.31566,0.0
2012-02-05 07:02:00,1.31566,1.31566,1.31566,1.31566,0.0
2012-02-05 07:03:00,1.31566,1.31566,1.31566,1.31566,0.0
2012-02-05 07:04:00,1.31566,1.31566,1.31566,1.31566,0.0
2012-02-05 07:05:00,1.31566,1.31566,1.31566,1.31566,0.0
2012-02-05 07:06:00,1.31566,1.31566,1.31566,1.31566,0.0
2012-02-05 07:07:00,1.31566,1.31566,1.31566,1.31566,0.0
2012-02-05 07:08:00,1.31566,1.31566,1.31566,1.31566,0.0
2012-02-05 07:09:00,1.31566,1.31566,1.31566,1.31566,0.0
2012-02-05 07:10:00,1.31566,1.31566,1.31566,1.31566,0.0
2012-02-05 07:11:00,1.31566,1.31566,1.31566,1.31566,0.0
2012-02-05 07:12:00,1.31566,1.31566,1.31566,1.31566,0.0
2012-02-05 07:13:00,1.31566,1.31566,1.31566,1.31566,0.0
2012-02-05 07:14:00,1.31566,1.31566,1.31566,1.31566,0.0
2012-02-05 07:15:00,1.31566,1.31566,1.31566,1.31566,0.0
2012-02-05 07:16:00,1.31566,1.31566,1.31566,1.31566,0.0
2012-02-05 07:17:00,1.31566,1.31566,1.31566,1.31566,0.0
2012-02-05 07:18:00,1.31566,1.31566,1.31566,1.31566,0.0
2012-02-05 07:19:00,1.31566,1.31566,1.31566,1.31566,0.0
2012-02-05 07:20:00,1.31566,1.31566,1.31566,1.31566,0.0
2012-02-05 07:21:00,1.31566,1.31566,1.31566,1.31566,0.0
2012-02-05 07:22:00,1.31566,1.31566,1.31566,1.31566,0.0
2012-02-05 07:23:00,1.31566,1.31566,1.31566,1.31566,0.0
2012-02-05 07:24:00,1.31566,1.31566,1.31566,1.31566,0.0
2012-02-05 07:25:00,1.31566,1.31566,1.31566,1.31566,0.0
2012-02-05 07:26:00,1.31566,1.31566,1.31566,1.31566,0.0
2012-02-05 07:27:00,1.31566,1.31566,1.31566,1.31566,0.0
2012-02-05 07:28:00,1.31566,1.31566,1.31566,1.31566,0.0
2012-02-05 07:29:00,1.31566,1.31566,1.31566,1.31566,0.0
2012-02-05 07:30:00,1.31566,1.31566,1.31566,1.31566,0.0
2012-02-05 07:31:00,1.31566,1.31566,1.31566,1.31566,0.0
2012-02-05 07:32:00,1.31566,1.31566,1.31566,1.31566,0.0
2012-02-05 07:33:00,1.31566,1.31566,1.31566,1.31566,0.0
2012-02-05 07:34:00,1.31566,1.31566,1.31566,1.31566,0.0
2012-02-05 07:35:00,1.31566,1.31566,1.31566,1.31566,0.0
2012-02-05 07:36:00,1.31566,1.31566,1.31566,1.31566,0.0
2012-02-05 07:37:00,1.31566,1.31566,1.31566,1.31566,0.0
2012-02-05 07:38:00,1.31566,1.31566,1.31566,1.31566,0.0
2012-02-05 07:39:00,1.31566,1.31566,1.31566,1.31566,0.0
2012-02-05 07:40:00,1.31566,1.31566,1.31566,1.31566,0.0
2012-02-05 07:41:00,1.31566,1.31566,1.31566,1.31566,0.0
2012-02-05 07:42:00,1.31566,1.31566,1.31566,1.31566,0.0
2012-02-05 07:43:00,1.31566,1.31566,1.31566,1.31566,0.0
2012-02-05 07:44:00,1.31566,1.31566,1.31566,1.31566,0.0
2012-02-05 07:45:00,1.31566,1.31566,1.31566,1.31566,0.0
2012-02-05 07:46:00,1.31566,1.31566,1.31566,1.31566,0.0
2012-02-05 07:47:00,1.31566,1.31566,1.31566,1.31566,0.0
2012-02-05 07:48:00,1.31566,1.31566,1.31566,1.31566,0.0
2012-02-05 07:49:00,1.31566,1.31566,1.31566,1.31566,0.0
2012-02-05 07:50:00,1.31566,1.31566,1.31566,1.31566,0.0
2012-02-05 07:51:00,1.31566,1.31566,1.31566,1.31566,0.0
2012-02-05 07:52:00,1.31566,1.31566,1.31566,1.31566,0.0
2012-02-05 07:53:00,1.31566,1.31566,1.31566,1.31566,0.0
2012-02-05 07:54:00,1.31566,1.31566,1.31566,1.31566,0.0
2012-02-05 07:55:00,1.31566,1.31566,1.31566,1.31566,0.0
2012-02-05 07:56:00,1.31566,1.31566,1.31566,1.31566,0.0
2012-02-05 07:57:00,1.31566,1.31566,1.31566,1.31566,0.0
2012-02-05 07:58:00,1.31566,1.31566,1.31566,1.31566,0.0
2012-02-05 07:59:00,1.31566,1.31566,1.31566,1.31566,0.0
2012-02-05 08:00:00,1.31566,1.31566,1.31566,1.31566,0.0
2012-02-05 08:01:00,1.31566,1.31566,1.31566,1.31566,0.0
2012-02-05 08:02:00,1.31566,1.31566,1.31566,1.31566,0.0
2012-02-05 08:03:00,1.31566,1.31566,1.31566,1.31566,0.0
2012-02-05 08:04:00,1.31566,1.31566,1.31566,1.31566,0.0
2012-02-05 08:05:00,1.31566,1.31566,1.31566,1.31566,0.0
2012-02-05 08:06:00,1.31566,1.31566,1.31566,1.31566,0.0
2012-02-05 08:07:00,1.31566,1.31566,1.31566,1.31566,0.0
2012-02-05 08:08:00,1.31566,1.31566,1.31566,1.31566,0.0
2012-02-05 08:09:00,1.31566,1.31566,1.31566,1.31566,0.0
2012-02-05 08:10:00,1.31566,1.31566,1.31566,1.31566,0.0
2012-02-05 08:11:00,1.31566,1.31566,1.31566,1.31566,0.0
2012-02-05 08:12:00,1.31566,1.31566,1.31566,1.31566,0.0
2012-02-05 08:13:00,1.31566,1.31566,1.31566,1.31566,0.0
2012-02-05 08:14:00,1.31566,1.31566,1.31566,1.31566,0.0
2012-02-05 08:15:00,1.31566,1.31566,1.31566,1.31566,0.0
2012-02-05 08:16:00,1.31566,1.31566,1.31566,1.31566,0.0
2012-02-05 08:17:00,1.31566,1.31566,1.31566,1.31566,0.0
2012-02-05 08:18:00,1.31566,1.31566,1.31566,1.31566,0.0
2012-02-05 08:19:00,1.31566,1.31566,1.31566,1.31566,0.0
2012-02-05 08:20:00,1.31566,1.31566,1.31566,1.31566,0.0
2012-02-05 08:21:00,1.31566,1.31566,1.31566,1.31566,0.0
2012-02-05 08:22:00,1.31566,1.31566,1.31566,1.31566,0.0
2012-02-05 08:23:00,1.31566,1.31566,1.31566,1.31566,0.0
2012-02-05 08:24:00,1.31566,1.31566,1.31566,1.31566,0.0
2012-02-05 08:25:00,1.31566,1.31566,1.31566,1.31566,0.0
2012-02-05 08:26:00,1.31566,1.31566,1.31566,1.31566,0.0
2012-02-05 08:27:00,1.31566,1.31566,1.31566,1.31566,0.0
2012-02-05 08:28:00,1.31566,1.31566,1.31566,1.31566,0.0
2012-02-05 08:29:00,1.31566,1.31566,1.31566,1.31566,0.0
2012-02-05 08:30:00,1.31566,1.31566,1.31566,1.31566,0.0
2012-02-05 08:31:00,1.31566,1.31566,1.31566,1.31566,0.0
2012-02-05 08:32:00,1.31566,1.31566,1.31566,1.31566,0.0
2012-02-05 08:33:00,1.31566,1.31566,1.31566,1.31566,0.0
2012-02-05 08:34:00,1.31566,1.31566,1.31566,1.31566,0.0
2012-02-05 08:35:00,1.31566,1.31566,1.31566,1.31566,0.0
2012-02-05 08:36:00,1.31566,1.31566,1.31566,1.31566,0.0
2012-02-05 08:37:00,1.31566,1.31566,1.31566,1.31566,0.0
2012-02-05 08:38:00,1.31566,1.31566,1.31566,1.31566,0.0
2012-02-05 08:39:00,1.31566,1.31566,1.31566,1.31566,0.0
2012-02-05 08:40:00,1.31566,1.31566,1.31566,1.31566,0.0
2012-02-05 08:41:00,1.31566,1.31566,1.31566,1.31566,0.0
2012-02-05 08:42:00,1.31566,1.31566,1.31566,1.31566,0.0
2012-02-05 08:43:00,1.31566,1.31566,1.31566,1.31566,0.0
2012-02-05 08:44:00,1.31566,1.31566,1.31566,1.31566,0.0
2012-02-05 08:45:00,1.31566,1.31566,1.31566,1.31566,0.0
2012-02-05 08:46:00,1.31566,1.31566,1.31566,1.31566,0.0
2012-02-05 08:47:00,1.31566,1.31566,1.31566,1.31566,0.0
2012-02-05 08:48:00,1.31566,1.31566,1.31566,1.31566,0.0
2012-02-05 08:49:00,1.31566,1.31566,1.31566,1.31566,0.0
2012-02-05 08:50:00,1.31566,1.31566,1.31566,1.31566,0.0
2012-02-05 08:51:00,1.31566,1.31566,1.31566,1.31566,0.0
2012-02-05 08:52:00,1.31566,1.31566,1.31566,1.31566,0.0
2012-02-05 08:53:00,1.31566,1.31566,1.31566,1.31566,0.0
2012-02-05 08:54:00,1.31566,1.31566,1.31566,1.31566,0.0
2012-02-05 08:55:00,1.31566,1.31566,1.31566,1.31566,0.0
2012-02-05 08:56:00,1.31566,1.31566,1.31566,1.31566,0.0
2012-02-05 08:57:00,1.31566,1.31566,1.31566,1.31566,0.0
2012-02-05 08:58:00,1.31566,1.31566,1.31566,1.31566,0.0
2012-02-05 08:59:00,1.31566,1.31566,1.31566,1.31566,0.0
2012-02-05 09:00:00,1.31566,1.31566,1.31566,1.31566,0.0
2012-02-05 09:01:00,1.31566,1.31566,1.31566,1.31566,0.0
2012-02-05 09:02:00,1.31566,1.31566,1.31566,1.31566,0.0
2012-02-05 09:03:00,1.31566,1.31566,1.31566,1.31566,0.0
2012-02-05 09:04:00,1.31566,1.31566,1.31566,1.31566,0.0
2012-02-05 09:05:00,1.31566,1.31566,1.31566,1.31566,0.0
2012-02-05 09:06:00,1.31566,1.31566,1.31566,1.31566,0.0
2012-02-05 09:07:00,1.31566,1.31566,1.31566,1.31566,0.0
2012-02-05 09:08:00,1.31566,1.31566,1.31566,1.31566,0.0
2012-02-05 09:09:00,1.31566,1.31566,1.31566,1.31566,0.0
2012-02-05 09:10:00,1.31566,1.31566,1.31566,1.31566,0.0
2012-02-05 09:11:00,1.31566,1.31566,1.31566,1.31566,0.0
2012-02-05 09:12:00,1.31566,1.31566,1.31566,1.31566,0.0
2012-02-05 09:13:00,1.31566,1.31566,1.31566,1.31566,0.0
2012-02-05 09:14:00,1.31566,1.31566,1.31566,1.31566,0.0
2012-02-05 09:15:00,1.31566,1.31566,1.31566,1.31566,0.0
2012-02-05 09:16:00,1.31566,1.31566,1.31566,1.31566,0.0
2012-02-05 09:17:00,1.31566,1.31566,1.31566,1.31566,0.0
2012-02-05 09:18:00,1.31566,1.31566,1.31566,1.31566,0.0
2012-02-05 09:19:00,1.31566,1.31566,1.31566,1.31566,0.0
2012-02-05 09:20:00,1.31566,1.31566,1.31566,1.31566,0.0
2012-02-05 09:21:00,1.31566,1.31566,1.31566,1.31566,0.0
2012-02-05 09:22:00,1.31566,1.31566,1.31566,1.31566,0.0
2012-02-05 09:23:00,1.31566,1.31566,1.31566,1.31566,0.0
2012-02-05 09:24:00,1.31566,1.31566,1.31566,1.31566,0.0
2012-02-05 09:25:00,1.31566,1.31566,1.31566,1.31566,0.0
2012-02-05 09:26:00,1.31566,1.31566,1.31566,1.31566,0.0
2012-02-05 09:27:00,1.31566,1.31566,1.31566,1.31566,0.0
2012-02-05 09:28:00,1.31566,1.31566,1.31566,1.31566,0.0
2012-02-05 09:29:00,1.31566,1.31566,1.31566,1.31566,0.0
2012-02-05 09:30:00,1.31566,1.31566,1.31566,1.31566,0.0
2012-02-05 09:31:00,1.31566,1.31566,1.31566,1.31566,0.0
2012-02-05 09:32:00,1.31566,1.31566,1.31566,1.31566,0.0
2012-02-05 09:33:00,1.31566,1.31566,1.31566,1.31566,0.0
2012-02-05 09:34:00,1.31566,1.31566,1.31566,1.31566,0.0
2012-02-05 09:35:00,1.31566,1.31566,1.31566,1.31566,0.0
2012-02-05 09:36:00,1.31566,1.31566,1.31566,1.31566,0.0
2012-02-05 09:37:00,1.31566,1.31566,1.31566,1.31566,0.0
2012-02-05 09:38:00,1.31566,1.31566,1.31566,1.31566,0.0
2012-02-05 09:39:00,1.31566,1.31566,1.31566,1.31566,0.0
2012-02-05 09:40:00,1.31566,1.31566,1.31566,1.31566,0.0
2012-02-05 09:41:00,1.31566,1.31566,1.31566,1.31566,0.0
2012-02-05 09:42:00,1.31566,1.31566,1.31566,1.31566,0.0
2012-02-05 09:43:00,1.31566,1.31566,1.31566,1.31566,0.0
2012-02-05 09:44:00,1.31566,1.31566,1.31566,1.31566,0.0
2012-02-05 09:45:00,1.31566,1.31566,1.31566,1.31566,0.0
2012-02-05 09:46:00,1.31566,1.31566,1.31566,1.31566,0.0
2012-02-05 09:47:00,1.31566,1.31566,1.31566,1.31566,0.0
2012-02-05 09:48:00,1.31566,1.31566,1.31566,1.31566,0.0
2012-02-05 09:49:00,1.31566,1.31566,1.31566,1.31566,0.0
2012-02-05 09:50:00,1.31566,1.31566,1.31566,1.31566,0.0
2012-02-05 09:51:00,1.31566,1.31566,1.31566,1.31566,0.0
2012-02-05 09:52:00,1.31566,1.31566,1.31566,1.31566,0.0
2012-02-05 09:53:00,1.31566,1.31566,1.31566,1.31566,0.0
2012-02-05 09:54:00,1.31566,1.31566,1.31566,1.31566,0.0
2012-02-05 09:55:00,1.31566,1.31566,1.31566,1.31566,0.0
2012-02-05 09:56:00,1.31566,1.31566,1.31566,1.31566,0.0
2012-02-05 09:57:00,1.31566,1.31566,1.31566,1.31566,0.0
2012-02-05 09:58:00,1.31566,1.31566,1.31566,1.31566,0.0
2012-02-05 09:59:00,1.31566,1.31566,1.31566,1.31566,0.0
2012-02-05 10:00:00,1.31566,1.31566,1.31566,1.31566,0.0
2012-02-05 10:01:00,1.31566,1.31566,1.31566,1.31566,0.0
2012-02-05 10:02:00,1.31566,1.31566,1.31566,1.31566,0.0
2012-02-05 10:03:00,1.31566,1.31566,1.31566,1.31566,0.0
2012-02-05 10:04:00,1.31566,1.31566,1.31566,1.31566,0.0
2012-02-05 10:05:00,1.31566,1.31566,1.31566,1.31566,0.0
2012-02-05 10:06:00,1.31566,1.31566,1.31566,1.31566,0.0
2012-02-05 10:07:00,1.31566,1.31566,1.31566,1.31566,0.0
2012-02-05 10:08:00,1.31566,1.31566,1.31566,1.31566,0.0
2012-02-05 10:09:00,1.31566,1.31566,1.31566,1.31566,0.0
2012-02-05 10:10:00,1.31566,1.31566,1.31566,1.31566,0.0
2012-02-05 10:11:00,1.31566,1.31566,1.31566,1.31566,0.0
2012-02-05 10:12:00,1.31566,1.31566,1.31566,1.31566,0.0
2012-02-05 10:13:00,1.31566,1.31566,1.31566,1.31566,0.0
2012-02-05 10:14:00,1.31566,1.31566,1.31566,1.31566,0.0
2012-02-05 10:15:00,1.31566,1.31566,1.31566,1.31566,0.0
2012-02-05 10:16:00,1.31566,1.31566,1.31566,1.31566,0.0
2012-02-05 10:17:00,1.31566,1.31566,1.31566,1.31566,0.0
2012-02-05 10:18:00,1.31566,1.31566,1.31566,1.31566,0.0
2012-02-05 10:19:00,1.31566,1.31566,1.31566,1.31566,0.0
2012-02-05 10:20:00,1.31566,1.31566,1.31566,1.31566,0.0
2012-02-05 10:21:00,1.31566,1.31566,1.31566,1.31566,0.0
2012-02-05 10:22:00,1.31566,1.31566,1.31566,1.31566,0.0
2012-02-05 10:23:00,1.31566,1.31566,1.31566,1.31566,0.0
2012-02-05 10:24:00,1.31566,1.31566,1.31566,1.31566,0.0
2012-02-05 10:25:00,1.31566,1.31566,1.31566,1.31566,0.0
2012-02-05 10:26:00,1.31566,1.31566,1.31566,1.31566,0.0
2012-02-05 10:27:00,1.31566,1.31566,1.31566,1.31566,0.0
2012-02-05 10:28:00,1.31566,1.31566,1.31566,1.31566,0.0
2012-02-05 10:29:00,1.31566,1.31566,1.31566,1.31566,0.0
2012-02-05 10:30:00,1.31566,1.31566,1.31566,1.31566,0.0
2012-02-05 10:31:00,1.31566,1.31566,1.31566,1.31566,0.0
2012-02-05 10:32:00,1.31566,1.31566,1.31566,1.31566,0.0
2012-02-05 10:33:00,1.31566,1.31566,1.31566,1.31566,0.0
2012-02-05 10:34:00,1.31566,1.31566,1.31566,1.31566,0.0
2012-02-05 10:35:00,1.31566,1.31566,1.31566,1.31566,0.0
2012-02-05 10:36:00,1.31566,1.31566,1.31566,1.31566,0.0
2012-02-05 10:37:00,1.31566,1.31566,1.31566,1.31566,0.0
2012-02-05 10:38:00,1.31566,1.31566,1.31566,1.31566,0.0
2012-02-05 10:39:00,1.31566,1.31566,1.31566,1.31566,0.0
2012-02-05 10:40:00,1.31566,1.31566,1.31566,1.31566,0.0
2012-02-05 10:41:00,1.31566,1.31566,1.31566,1.31566,0.0
2012-02-05 10:42:00,1.31566,1.31566,1.31566,1.31566,0.0
2012-02-05 10:43:00,1.31566,1.31566,1.31566,1.31566,0.0
2012-02-05 10:44:00,1.31566,1.31566,1.31566,1.31566,0.0
2012-02-05 10:45:00,1.31566,1.31566,1.31566,1.31566,0.0
2012-02-05 10:46:00,1.31566,1.31566,1.31566,1.31566,0.0
2012-02-05 10:47:00,1.31566,1.31566,1.31566,1.31566,0.0
2012-02-05 10:48:00,1.31566,1.31566,1.31566,1.31566,0.0
2012-02-05 10:49:00,1.31566,1.31566,1.31566,1.31566,0.0
2012-02-05 10:50:00,1.31566,1.31566,1.31566,1.31566,0.0
2012-02-05 10:51:00,1.31566,1.31566,1.31566,1.31566,0.0
2012-02-05 10:52:00,1.31566,1.31566,1.31566,1.31566,0.0
2012-02-05 10:53:00,1.31566,1.31566,1.31566,1.31566,0.0
2012-02-05 10:54:00,1.31566,1.31566,1.31566,1.31566,0.0
2012-02-05 10:55:00,1.31566,1.31566,1.31566,1.31566,0.0
2012-02-05 10:56:00,1.31566,1.31566,1.31566,1.31566,0.0
2012-02-05 10:57:00,1.31566,1.31566,1.31566,1.31566,0.0
2012-02-05 10:58:00,1.31566,1.31566,1.31566,1.31566,0.0
2012-02-05 10:59:00,1.31566,1.31566,1.31566,1.31566,0.0
2012-02-05 11:00:00,1.31566,1.31566,1.31566,1.31566,0.0
2012-02-05 11:01:00,1.31566,1.31566,1.31566,1.31566,0.0
2012-02-05 11:02:00,1.31566,1.31566,1.31566,1.31566,0.0
2012-02-05 11:03:00,1.31566,1.31566,1.31566,1.31566,0.0
2012-02-05 11:04:00,1.31566,1.31566,1.31566,1.31566,0.0
2012-02-05 11:05:00,1.31566,1.31566,1.31566,1.31566,0.0
2012-02-05 11:06:00,1.31566,1.31566,1.31566,1.31566,0.0
2012-02-05 11:07:00,1.31566,1.31566,1.31566,1.31566,0.0
2012-02-05 11:08:00,1.31566,1.31566,1.31566,1.31566,0.0
2012-02-05 11:09:00,1.31566,1.31566,1.31566,1.31566,0.0
2012-02-05 11:10:00,1.31566,1.31566,1.31566,1.31566,0.0
2012-02-05 11:11:00,1.31566,1.31566,1.31566,1.31566,0.0
2012-02-05 11:12:00,1.31566,1.31566,1.31566,1.31566,0.0
2012-02-05 11:13:00,1.31566,1.31566,1.31566,1.31566,0.0
2012-02-05 11:14:00,1.31566,1.31566,1.31566,1.31566,0.0
2012-02-05 11:15:00,1.31566,1.31566,1.31566,1.31566,0.0
2012-02-05 11:16:00,1.31566,1.31566,1.31566,1.31566,0.0
2012-02-05 11:17:00,1.31566,1.31566,1.31566,1.31566,0.0
2012-02-05 11:18:00,1.31566,1.31566,1.31566,1.31566,0.0
2012-02-05 11:19:00,1.31566,1.31566,1.31566,1.31566,0.0
2012-02-05 11:20:00,1.31566,1.31566,1.31566,1.31566,0.0
2012-02-05 11:21:00,1.31566,1.31566,1.31566,1.31566,0.0
2012-02-05 11:22:00,1.31566,1.31566,1.31566,1.31566,0.0
2012-02-05 11:23:00,1.31566,1.31566,1.31566,1.31566,0.0
2012-02-05 11:24:00,1.31566,1.31566,1.31566,1.31566,0.0
2012-02-05 11:25:00,1.31566,1.31566,1.31566,1.31566,0.0
2012-02-05 11:26:00,1.31566,1.31566,1.31566,1.31566,0.0
2012-02-05 11:27:00,1.31566,1.31566,1.31566,1.31566,0.0
2012-02-05 11:28:00,1.31566,1.31566,1.31566,1.31566,0.0
2012-02-05 11:29:00,1.31566,1.31566,1.31566,1.31566,0.0
2012-02-05 11:30:00,1.31566,1.31566,1.31566,1.31566,0.0
2012-02-05 11:31:00,1.31566,1.31566,1.31566,1.31566,0.0
2012-02-05 11:32:00,1.31566,1.31566,1.31566,1.31566,0.0
2012-02-05 11:33:00,1.31566,1.31566,1.31566,1.31566,0.0
2012-02-05 11:34:00,1.31566,1.31566,1.31566,1.31566,0.0
2012-02-05 11:35:00,1.31566,1.31566,1.31566,1.31566,0.0
2012-02-05 11:36:00,1.31566,1.31566,1.31566,1.31566,0.0
2012-02-05 11:37:00,1.31566,1.31566,1.31566,1.31566,0.0
2012-02-05 11:38:00,1.31566,1.31566,1.31566,1.31566,0.0
2012-02-05 11:39:00,1.31566,1.31566,1.31566,1.31566,0.0
2012-02-05 11:40:00,1.31566,1.31566,1.31566,1.31566,0.0
2012-02-05 11:41:00,1.31566,1.31566,1.31566,1.31566,0.0
2012-02-05 11:42:00,1.31566,1.31566,1.31566,1.31566,0.0
2012-02-05 11:43:00,1.31566,1.31566,1.31566,1.31566,0.0
2012-02-05 11:44:00,1.31566,1.31566,1.31566,1.31566,0.0
2012-02-05 11:45:00,1.31566,1.31566,1.31566,1.31566,0.0
2012-02-05 11:46:00,1.31566,1.31566,1.31566,1.31566,0.0
2012-02-05 11:47:00,1.31566,1.31566,1.31566,1.31566,0.0
2012-02-05 11:48:00,1.31566,1.31566,1.31566,1.31566,0.0
2012-02-05 11:49:00,1.31566,1.31566,1.31566,1.31566,0.0
2012-02-05 11:50:00,1.31566,1.31566,1.31566,1.31566,0.0
2012-02-05 11:51:00,1.31566,1.31566,1.31566,1.31566,0.0
2012-02-05 11:52:00,1.31566,1.31566,1.31566,1.31566,0.0
2012-02-05 11:53:00,1.31566,1.31566,1.31566,1.31566,0.0
2012-02-05 11:54:00,1.31566,1.31566,1.31566,1.31566,0.0
2012-02-05 11:55:00,1.31566,1.31566,1.31566,1.31566,0.0
2012-02-05 11:56:00,1.31566,1.31566,1.31566,1.31566,0.0
2012-02-05 11:57:00,1.31566,1.31566,1.31566,1.31566,0.0
2012-02-05 11:58:00,1.31566,1.31566,1.31566,1.31566,0.0
2012-02-05 11:59:00,1.31566,1.31566,1.31566,1.31566,0.0
2012-02-05 12:00:00,1.31566,1.31566,1.31566,1.31566,0.0
2012-02-05 12:01:00,1.31566,1.31566,1.31566,1.31566,0.0
2012-02-05 12:02:00,1.31566,1.31566,1.31566,1.31566,0.0
2012-02-05 12:03:00,1.31566,1.31566,1.31566,1.31566,0.0
2012-02-05 12:04:00,1.31566,1.31566,1.31566,1.31566,0.0
2012-02-05 12:05:00,1.31566,1.31566,1.31566,1.31566,0.0
2012-02-05 12:06:00,1.31566,1.31566,1.31566,1.31566,0.0
2012-02-05 12:07:00,1.31566,1.31566,1.31566,1.31566,0.0
2012-02-05 12:08:00,1.31566,1.31566,1.31566,1.31566,0.0
2012-02-05 12:09:00,1.31566,1.31566,1.31566,1.31566,0.0
2012-02-05 12:10:00,1.31566,1.31566,1.31566,1.31566,0.0
2012-02-05 12:11:00,1.31566,1.31566,1.31566,1.31566,0.0
2012-02-05 12:12:00,1.31566,1.31566,1.31566,1.31566,0.0
2012-02-05 12:13:00,1.31566,1.31566,1.31566,1.31566,0.0
2012-02-05 12:14:00,1.31566,1.31566,1.31566,1.31566,0.0
2012-02-05 12:15:00,1.31566,1.31566,1.31566,1.31566,0.0
2012-02-05 12:16:00,1.31566,1.31566,1.31566,1.31566,0.0
2012-02-05 12:17:00,1.31566,1.31566,1.31566,1.31566,0.0
2012-02-05 12:18:00,1.31566,1.31566,1.31566,1.31566,0.0
2012-02-05 12:19:00,1.31566,1.31566,1.31566,1.31566,0.0
2012-02-05 12:20:00,1.31566,1.31566,1.31566,1.31566,0.0
2012-02-05 12:21:00,1.31566,1.31566,1.31566,1.31566,0.0
2012-02-05 12:22:00,1.31566,1.31566,1.31566,1.31566,0.0
2012-02-05 12:23:00,1.31566,1.31566,1.31566,1.31566,0.0
2012-02-05 12:24:00,1.31566,1.31566,1.31566,1.31566,0.0
2012-02-05 12:25:00,1.31566,1.31566,1.31566,1.31566,0.0
2012-02-05 12:26:00,1.31566,1.31566,1.31566,1.31566,0.0
2012-02-05 12:27:00,1.31566,1.31566,1.31566,1.31566,0.0
2012-02-05 12:28:00,1.31566,1.31566,1.31566,1.31566,0.0
2012-02-05 12:29:00,1.31566,1.31566,1.31566,1.31566,0.0
2012-02-05 12:30:00,1.31566,1.31566,1.31566,1.31566,0.0
2012-02-05 12:31:00,1.31566,1.31566,1.31566,1.31566,0.0
2012-02-05 12:32:00,1.31566,1.31566,1.31566,1.31566,0.0
2012-02-05 12:33:00,1.31566,1.31566,1.31566,1.31566,0.0
2012-02-05 12:34:00,1.31566,1.31566,1.31566,1.31566,0.0
2012-02-05 12:35:00,1.31566,1.31566,1.31566,1.31566,0.0
2012-02-05 12:36:00,1.31566,1.31566,1.31566,1.31566,0.0
2012-02-05 12:37:00,1.31566,1.31566,1.31566,1.31566,0.0
2012-02-05 12:38:00,1.31566,1.31566,1.31566,1.31566,0.0
2012-02-05 12:39:00,1.31566,1.31566,1.31566,1.31566,0.0
2012-02-05 12:40:00,1.31566,1.31566,1.31566,1.31566,0.0
2012-02-05 12:41:00,1.31566,1.31566,1.31566,1.31566,0.0
2012-02-05 12:42:00,1.31566,1.31566,1.31566,1.31566,0.0
2012-02-05 12:43:00,1.31566,1.31566,1.31566,1.31566,0.0
2012-02-05 12:44:00,1.31566,1.31566,1.31566,1.31566,0.0
2012-02-05 12:45:00,1.31566,1.31566,1.31566,1.31566,0.0
2012-02-05 12:46:00,1.31566,1.31566,1.31566,1.31566,0.0
2012-02-05 12:47:00,1.31566,1.31566,1.31566,1.31566,0.0
2012-02-05 12:48:00,1.31566,1.31566,1.31566,1.31566,0.0
2012-02-05 12:49:00,1.31566,1.31566,1.31566,1.31566,0.0
2012-02-05 12:50:00,1.31566,1.31566,1.31566,1.31566,0.0
2012-02-05 12:51:00,1.31566,1.31566,1.31566,1.31566,0.0
2012-02-05 12:52:00,1.31566,1.31566,1.31566,1.31566,0.0
2012-02-05 12:53:00,1.31566,1.31566,1.31566,1.31566,0.0
2012-02-05 12:54:00,1.31566,1.31566,1.31566,1.31566,0.0
2012-02-05 12:55:00,1.31566,1.31566,1.31566,1.31566,0.0
2012-02-05 12:56:00,1.31566,1.31566,1.31566,1.31566,0.0
2012-02-05 12:57:00,1.31566,1.31566,1.31566,1.31566,0.0
2012-02-05 12:58:00,1.31566,1.31566,1.31566,1.31566,0.0
2012-02-05 12:59:00,1.31566,1.31566,1.31566,1.31566,0.0
2012-02-05 13:00:00,1.31566,1.31566,1.31566,1.31566,0.0
2012-02-05 13:01:00,1.31566,1.31566,1.31566,1.31566,0.0
2012-02-05 13:02:00,1.31566,1.31566,1.31566,1.31566,0.0
2012-02-05 13:03:00,1.31566,1.31566,1.31566,1.31566,0.0
2012-02-05 13:04:00,1.31566,1.31566,1.31566,1.31566,0.0
2012-02-05 13:05:00,1.31566,1.31566,1.31566,1.31566,0.0
2012-02-05 13:06:00,1.31566,1.31566,1.31566,1.31566,0.0
2012-02-05 13:07:00,1.31566,1.31566,1.31566,1.31566,0.0
2012-02-05 13:08:00,1.31566,1.31566,1.31566,1.31566,0.0
2012-02-05 13:09:00,1.31566,1.31566,1.31566,1.31566,0.0
2012-02-05 13:10:00,1.31566,1.31566,1.31566,1.31566,0.0
2012-02-05 13:11:00,1.31566,1.31566,1.31566,1.31566,0.0
2012-02-05 13:12:00,1.31566,1.31566,1.31566,1.31566,0.0
2012-02-05 13:13:00,1.31566,1.31566,1.31566,1.31566,0.0
2012-02-05 13:14:00,1.31566,1.31566,1.31566,1.31566,0.0
2012-02-05 13:15:00,1.31566,1.31566,1.31566,1.31566,0.0
2012-02-05 13:16:00,1.31566,1.31566,1.31566,1.31566,0.0
2012-02-05 13:17:00,1.31566,1.31566,1.31566,1.31566,0.0
2012-02-05 13:18:00,1.31566,1.31566,1.31566,1.31566,0.0
2012-02-05 13:19:00,1.31566,1.31566,1.31566,1.31566,0.0
2012-02-05 13:20:00,1.31566,1.31566,1.31566,1.31566,0.0
2012-02-05 13:21:00,1.31566,1.31566,1.31566,1.31566,0.0
2012-02-05 13:22:00,1.31566,1.31566,1.31566,1.31566,0.0
2012-02-05 13:23:00,1.31566,1.31566,1.31566,1.31566,0.0
2012-02-05 13:24:00,1.31566,1.31566,1.31566,1.31566,0.0
2012-02-05 13:25:00,1.31566,1.31566,1.31566,1.31566,0.0
2012-02-05 13:26:00,1.31566,1.31566,1.31566,1.31566,0.0
2012-02-05 13:27:00,1.31566,1.31566,1.31566,1.31566,0.0
2012-02-05 13:28:00,1.31566,1.31566,1.31566,1.31566,0.0
2012-02-05 13:29:00,1.31566,1.31566,1.31566,1.31566,0.0
2012-02-05 13:30:00,1.31566,1.31566,1.31566,1.31566,0.0
2012-02-05 13:31:00,1.31566,1.31566,1.31566,1.31566,0.0
2012-02-05 13:32:00,1.31566,1.31566,1.31566,1.31566,0.0
2012-02-05 13:33:00,1.31566,1.31566,1.31566,1.31566,0.0
2012-02-05 13:34:00,1.31566,1.31566,1.31566,1.31566,0.0
2012-02-05 13:35:00,1.31566,1.31566,1.31566,1.31566,0.0
2012-02-05 13:36:00,1.31566,1.31566,1.31566,1.31566,0.0
2012-02-05 13:37:00,1.31566,1.31566,1.31566,1.31566,0.0
2012-02-05 13:38:00,1.31566,1.31566,1.31566,1.31566,0.0
2012-02-05 13:39:00,1.31566,1.31566,1.31566,1.31566,0.0
2012-02-05 13:40:00,1.31566,1.31566,1.31566,1.31566,0.0
2012-02-05 13:41:00,1.31566,1.31566,1.31566,1.31566,0.0
2012-02-05 13:42:00,1.31566,1.31566,1.31566,1.31566,0.0
2012-02-05 13:43:00,1.31566,1.31566,1.31566,1.31566,0.0
2012-02-05 13:44:00,1.31566,1.31566,1.31566,1.31566,0.0
2012-02-05 13:45:00,1.31566,1.31566,1.31566,1.31566,0.0
2012-02-05 13:46:00,1.31566,1.31566,1.31566,1.31566,0.0
2012-02-05 13:47:00,1.31566,1.31566,1.31566,1.31566,0.0
2012-02-05 13:48:00,1.31566,1.31566,1.31566,1.31566,0.0
2012-02-05 13:49:00,1.31566,1.31566,1.31566,1.31566,0.0
2012-02-05 13:50:00,1.31566,1.31566,1.31566,1.31566,0.0
2012-02-05 13:51:00,1.31566,1.31566,1.31566,1.31566,0.0
2012-02-05 13:52:00,1.31566,1.31566,1.31566,1.31566,0.0
2012-02-05 13:53:00,1.31566,1.31566,1.31566,1.31566,0.0
2012-02-05 13:54:00,1.31566,1.31566,1.31566,1.31566,0.0
2012-02-05 13:55:00,1.31566,1.31566,1.31566,1.31566,0.0
2012-02-05 13:56:00,1.31566,1.31566,1.31566,1.31566,0.0
2012-02-05 13:57:00,1.31566,1.31566,1.31566,1.31566,0.0
2012-02-05 13:58:00,1.31566,1.31566,1.31566,1.31566,0.0
2012-02-05 13:59:00,1.31566,1.31566,1.31566,1.31566,0.0
2012-02-05 14:00:00,1.31566,1.31566,1.31566,1.31566,0.0
2012-02-05 14:01:00,1.31566,1.31566,1.31566,1.31566,0.0
2012-02-05 14:02:00,1.31566,1.31566,1.31566,1.31566,0.0
2012-02-05 14:03:00,1.31566,1.31566,1.31566,1.31566,0.0
2012-02-05 14:04:00,1.31566,1.31566,1.31566,1.31566,0.0
2012-02-05 14:05:00,1.31566,1.31566,1.31566,1.31566,0.0
2012-02-05 14:06:00,1.31566,1.31566,1.31566,1.31566,0.0
2012-02-05 14:07:00,1.31566,1.31566,1.31566,1.31566,0.0
2012-02-05 14:08:00,1.31566,1.31566,1.31566,1.31566,0.0
2012-02-05 14:09:00,1.31566,1.31566,1.31566,1.31566,0.0
2012-02-05 14:10:00,1.31566,1.31566,1.31566,1.31566,0.0
2012-02-05 14:11:00,1.31566,1.31566,1.31566,1.31566,0.0
2012-02-05 14:12:00,1.31566,1.31566,1.31566,1.31566,0.0
2012-02-05 14:13:00,1.31566,1.31566,1.31566,1.31566,0.0
2012-02-05 14:14:00,1.31566,1.31566,1.31566,1.31566,0.0
2012-02-05 14:15:00,1.31566,1.31566,1.31566,1.31566,0.0
2012-02-05 14:16:00,1.31566,1.31566,1.31566,1.31566,0.0
2012-02-05 14:17:00,1.31566,1.31566,1.31566,1.31566,0.0
2012-02-05 14:18:00,1.31566,1.31566,1.31566,1.31566,0.0
2012-02-05 14:19:00,1.31566,1.31566,1.31566,1.31566,0.0
2012-02-05 14:20:00,1.31566,1.31566,1.31566,1.31566,0.0
2012-02-05 14:21:00,1.31566,1.31566,1.31566,1.31566,0.0
2012-02-05 14:22:00,1.31566,1.31566,1.31566,1.31566,0.0
2012-02-05 14:23:00,1.31566,1.31566,1.31566,1.31566,0.0
2012-02-05 14:24:00,1.31566,1.31566,1.31566,1.31566,0.0
2012-02-05 14:25:00,1.31566,1.31566,1.31566,1.31566,0.0
2012-02-05 14:26:00,1.31566,1.31566,1.31566,1.31566,0.0
2012-02-05 14:27:00,1.31566,1.31566,1.31566,1.31566,0.0
2012-02-05 14:28:00,1.31566,1.31566,1.31566,1.31566,0.0
2012-02-05 14:29:00,1.31566,1.31566,1.31566,1.31566,0.0
2012-02-05 14:30:00,1.31566,1.31566,1.31566,1.31566,0.0
2012-02-05 14:31:00,1.31566,1.31566,1.31566,1.31566,0.0
2012-02-05 14:32:00,1.31566,1.31566,1.31566,1.31566,0.0
2012-02-05 14:33:00,1.31566,1.31566,1.31566,1.31566,0.0
2012-02-05 14:34:00,1.31566,1.31566,1.31566,1.31566,0.0
2012-02-05 14:35:00,1.31566,1.31566,1.31566,1.31566,0.0
2012-02-05 14:36:00,1.31566,1.31566,1.31566,1.31566,0.0
2012-02-05 14:37:00,1.31566,1.31566,1.31566,1.31566,0.0
2012-02-05 14:38:00,1.31566,1.31566,1.31566,1.31566,0.0
2012-02-05 14:39:00,1.31566,1.31566,1.31566,1.31566,0.0
2012-02-05 14:40:00,1.31566,1.31566,1.31566,1.31566,0.0
2012-02-05 14:41:00,1.31566,1.31566,1.31566,1.31566,0.0
2012-02-05 14:42:00,1.31566,1.31566,1.31566,1.31566,0.0
2012-02-05 14:43:00,1.31566,1.31566,1.31566,1.31566,0.0
2012-02-05 14:44:00,1.31566,1.31566,1.31566,1.31566,0.0
2012-02-05 14:45:00,1.31566,1.31566,1.31566,1.31566,0.0
2012-02-05 14:46:00,1.31566,1.31566,1.31566,1.31566,0.0
2012-02-05 14:47:00,1.31566,1.31566,1.31566,1.31566,0.0
2012-02-05 14:48:00,1.31566,1.31566,1.31566,1.31566,0.0
2012-02-05 14:49:00,1.31566,1.31566,1.31566,1.31566,0.0
2012-02-05 14:50:00,1.31566,1.31566,1.31566,1.31566,0.0
2012-02-05 14:51:00,1.31566,1.31566,1.31566,1.31566,0.0
2012-02-05 14:52:00,1.31566,1.31566,1.31566,1.31566,0.0
2012-02-05 14:53:00,1.31566,1.31566,1.31566,1.31566,0.0
2012-02-05 14:54:00,1.31566,1.31566,1.31566,1.31566,0.0
2012-02-05 14:55:00,1.31566,1.31566,1.31566,1.31566,0.0
2012-02-05 14:56:00,1.31566,1.31566,1.31566,1.31566,0.0
2012-02-05 14:57:00,1.31566,1.31566,1.31566,1.31566,0.0
2012-02-05 14:58:00,1.31566,1.31566,1.31566,1.31566,0.0
2012-02-05 14:59:00,1.31566,1.31566,1.31566,1.31566,0.0
2012-02-05 15:00:00,1.31566,1.31566,1.31566,1.31566,0.0
2012-02-05 15:01:00,1.31566,1.31566,1.31566,1.31566,0.0
2012-02-05 15:02:00,1.31566,1.31566,1.31566,1.31566,0.0
2012-02-05 15:03:00,1.31566,1.31566,1.31566,1.31566,0.0
2012-02-05 15:04:00,1.31566,1.31566,1.31566,1.31566,0.0
2012-02-05 15:05:00,1.31566,1.31566,1.31566,1.31566,0.0
2012-02-05 15:06:00,1.31566,1.31566,1.31566,1.31566,0.0
2012-02-05 15:07:00,1.31566,1.31566,1.31566,1.31566,0.0
2012-02-05 15:08:00,1.31566,1.31566,1.31566,1.31566,0.0
2012-02-05 15:09:00,1.31566,1.31566,1.31566,1.31566,0.0
2012-02-05 15:10:00,1.31566,1.31566,1.31566,1.31566,0.0
2012-02-05 15:11:00,1.31566,1.31566,1.31566,1.31566,0.0
2012-02-05 15:12:00,1.31566,1.31566,1.31566,1.31566,0.0
2012-02-05 15:13:00,1.31566,1.31566,1.31566,1.31566,0.0
2012-02-05 15:14:00,1.31566,1.31566,1.31566,1.31566,0.0
2012-02-05 15:15:00,1.31566,1.31566,1.31566,1.31566,0.0
2012-02-05 15:16:00,1.31566,1.31566,1.31566,1.31566,0.0
2012-02-05 15:17:00,1.31566,1.31566,1.31566,1.31566,0.0
2012-02-05 15:18:00,1.31566,1.31566,1.31566,1.31566,0.0
2012-02-05 15:19:00,1.31566,1.31566,1.31566,1.31566,0.0
2012-02-05 15:20:00,1.31566,1.31566,1.31566,1.31566,0.0
2012-02-05 15:21:00,1.31566,1.31566,1.31566,1.31566,0.0
2012-02-05 15:22:00,1.31566,1.31566,1.31566,1.31566,0.0
2012-02-05 15:23:00,1.31566,1.31566,1.31566,1.31566,0.0
2012-02-05 15:24:00,1.31566,1.31566,1.31566,1.31566,0.0
2012-02-05 15:25:00,1.31566,1.31566,1.31566,1.31566,0.0
2012-02-05 15:26:00,1.31566,1.31566,1.31566,1.31566,0.0
2012-02-05 15:27:00,1.31566,1.31566,1.31566,1.31566,0.0
2012-02-05 15:28:00,1.31566,1.31566,1.31566,1.31566,0.0
2012-02-05 15:29:00,1.31566,1.31566,1.31566,1.31566,0.0
2012-02-05 15:30:00,1.31566,1.31566,1.31566,1.31566,0.0
2012-02-05 15:31:00,1.31566,1.31566,1.31566,1.31566,0.0
2012-02-05 15:32:00,1.31566,1.31566,1.31566,1.31566,0.0
2012-02-05 15:33:00,1.31566,1.31566,1.31566,1.31566,0.0
2012-02-05 15:34:00,1.31566,1.31566,1.31566,1.31566,0.0
2012-02-05 15:35:00,1.31566,1.31566,1.31566,1.31566,0.0
2012-02-05 15:36:00,1.31566,1.31566,1.31566,1.31566,0.0
2012-02-05 15:37:00,1.31566,1.31566,1.31566,1.31566,0.0
2012-02-05 15:38:00,1.31566,1.31566,1.31566,1.31566,0.0
2012-02-05 15:39:00,1.31566,1.31566,1.31566,1.31566,0.0
2012-02-05 15:40:00,1.31566,1.31566,1.31566,1.31566,0.0
2012-02-05 15:41:00,1.31566,1.31566,1.31566,1.31566,0.0
2012-02-05 15:42:00,1.31566,1.31566,1.31566,1.31566,0.0
2012-02-05 15:43:00,1.31566,1.31566,1.31566,1.31566,0.0
2012-02-05 15:44:00,1.31566,1.31566,1.31566,1.31566,0.0
2012-02-05 15:45:00,1.31566,1.31566,1.31566,1.31566,0.0
2012-02-05 15:46:00,1.31566,1.31566,1.31566,1.31566,0.0
2012-02-05 15:47:00,1.31566,1.31566,1.31566,1.31566,0.0
2012-02-05 15:48:00,1.31566,1.31566,1.31566,1.31566,0.0
2012-02-05 15:49:00,1.31566,1.31566,1.31566,1.31566,0.0
2012-02-05 15:50:00,1.31566,1.31566,1.31566,1.31566,0.0
2012-02-05 15:51:00,1.31566,1.31566,1.31566,1.31566,0.0
2012-02-05 15:52:00,1.31566,1.31566,1.31566,1.31566,0.0
2012-02-05 15:53:00,1.31566,1.31566,1.31566,1.31566,0.0
2012-02-05 15:54:00,1.31566,1.31566,1.31566,1.31566,0.0
2012-02-05 15:55:00,1.31566,1.31566,1.31566,1.31566,0.0
2012-02-05 15:56:00,1.31566,1.31566,1.31566,1.31566,0.0
2012-02-05 15:57:00,1.31566,1.31566,1.31566,1.31566,0.0
2012-02-05 15:58:00,1.31566,1.31566,1.31566,1.31566,0.0
2012-02-05 15:59:00,1.31566,1.31566,1.31566,1.31566,0.0
2012-02-05 16:00:00,1.31566,1.31566,1.31566,1.31566,0.0
2012-02-05 16:01:00,1.31566,1.31566,1.31566,1.31566,0.0
2012-02-05 16:02:00,1.31566,1.31566,1.31566,1.31566,0.0
2012-02-05 16:03:00,1.31566,1.31566,1.31566,1.31566,0.0
2012-02-05 16:04:00,1.31566,1.31566,1.31566,1.31566,0.0
2012-02-05 16:05:00,1.31566,1.31566,1.31566,1.31566,0.0
2012-02-05 16:06:00,1.31566,1.31566,1.31566,1.31566,0.0
2012-02-05 16:07:00,1.31566,1.31566,1.31566,1.31566,0.0
2012-02-05 16:08:00,1.31566,1.31566,1.31566,1.31566,0.0
2012-02-05 16:09:00,1.31566,1.31566,1.31566,1.31566,0.0
2012-02-05 16:10:00,1.31566,1.31566,1.31566,1.31566,0.0
2012-02-05 16:11:00,1.31566,1.31566,1.31566,1.31566,0.0
2012-02-05 16:12:00,1.31566,1.31566,1.31566,1.31566,0.0
2012-02-05 16:13:00,1.31566,1.31566,1.31566,1.31566,0.0
2012-02-05 16:14:00,1.31566,1.31566,1.31566,1.31566,0.0
2012-02-05 16:15:00,1.31566,1.31566,1.31566,1.31566,0.0
2012-02-05 16:16:00,1.31566,1.31566,1.31566,1.31566,0.0
2012-02-05 16:17:00,1.31566,1.31566,1.31566,1.31566,0.0
2012-02-05 16:18:00,1.31566,1.31566,1.31566,1.31566,0.0
2012-02-05 16:19:00,1.31566,1.31566,1.31566,1.31566,0.0
2012-02-05 16:20:00,1.31566,1.31566,1.31566,1.31566,0.0
2012-02-05 16:21:00,1.31566,1.31566,1.31566,1.31566,0.0
2012-02-05 16:22:00,1.31566,1.31566,1.31566,1.31566,0.0
2012-02-05 16:23:00,1.31566,1.31566,1.31566,1.31566,0.0
2012-02-05 16:24:00,1.31566,1.31566,1.31566,1.31566,0.0
2012-02-05 16:25:00,1.31566,1.31566,1.31566,1.31566,0.0
2012-02-05 16:26:00,1.31566,1.31566,1.31566,1.31566,0.0
2012-02-05 16:27:00,1.31566,1.31566,1.31566,1.31566,0.0
2012-02-05 16:28:00,1.31566,1.31566,1.31566,1.31566,0.0
2012-02-05 16:29:00,1.31566,1.31566,1.31566,1.31566,0.0
2012-02-05 16:30:00,1.31566,1.31566,1.31566,1.31566,0.0
2012-02-05 16:31:00,1.31566,1.31566,1.31566,1.31566,0.0
2012-02-05 16:32:00,1.31566,1.31566,1.31566,1.31566,0.0
2012-02-05 16:33:00,1.31566,1.31566,1.31566,1.31566,0.0
2012-02-05 16:34:00,1.31566,1.31566,1.31566,1.31566,0.0
2012-02-05 16:35:00,1.31566,1.31566,1.31566,1.31566,0.0
2012-02-05 16:36:00,1.31566,1.31566,1.31566,1.31566,0.0
2012-02-05 16:37:00,1.31566,1.31566,1.31566,1.31566,0.0
2012-02-05 16:38:00,1.31566,1.31566,1.31566,1.31566,0.0
2012-02-05 16:39:00,1.31566,1.31566,1.31566,1.31566,0.0
2012-02-05 16:40:00,1.31566,1.31566,1.31566,1.31566,0.0
2012-02-05 16:41:00,1.31566,1.31566,1.31566,1.31566,0.0
2012-02-05 16:42:00,1.31566,1.31566,1.31566,1.31566,0.0
2012-02-05 16:43:00,1.31566,1.31566,1.31566,1.31566,0.0
2012-02-05 16:44:00,1.31566,1.31566,1.31566,1.31566,0.0
2012-02-05 16:45:00,1.31566,1.31566,1.31566,1.31566,0.0
2012-02-05 16:46:00,1.31566,1.31566,1.31566,1.31566,0.0
2012-02-05 16:47:00,1.31566,1.31566,1.31566,1.31566,0.0
2012-02-05 16:48:00,1.31566,1.31566,1.31566,1.31566,0.0
2012-02-05 16:49:00,1.31566,1.31566,1.31566,1.31566,0.0
2012-02-05 16:50:00,1.31566,1.31566,1.31566,1.31566,0.0
2012-02-05 16:51:00,1.31566,1.31566,1.31566,1.31566,0.0
2012-02-05 16:52:00,1.31566,1.31566,1.31566,1.31566,0.0
2012-02-05 16:53:00,1.31566,1.31566,1.31566,1.31566,0.0
2012-02-05 16:54:00,1.31566,1.31566,1.31566,1.31566,0.0
2012-02-05 16:55:00,1.31566,1.31566,1.31566,1.31566,0.0
2012-02-05 16:56:00,1.31566,1.31566,1.31566,1.31566,0.0
2012-02-05 16:57:00,1.31566,1.31566,1.31566,1.31566,0.0
2012-02-05 16:58:00,1.31566,1.31566,1.31566,1.31566,0.0
2012-02-05 16:59:00,1.31566,1.31566,1.31566,1.31566,0.0
2012-02-05 17:00:00,1.31566,1.31566,1.31566,1.31566,0.0
2012-02-05 17:01:00,1.31566,1.31566,1.31566,1.31566,0.0
2012-02-05 17:02:00,1.31566,1.31566,1.31566,1.31566,0.0
2012-02-05 17:03:00,1.31566,1.31566,1.31566,1.31566,0.0
2012-02-05 17:04:00,1.31566,1.31566,1.31566,1.31566,0.0
2012-02-05 17:05:00,1.31566,1.31566,1.31566,1.31566,0.0
2012-02-05 17:06:00,1.31566,1.31566,1.31566,1.31566,0.0
2012-02-05 17:07:00,1.31566,1.31566,1.31566,1.31566,0.0
2012-02-05 17:08:00,1.31566,1.31566,1.31566,1.31566,0.0
2012-02-05 17:09:00,1.31566,1.31566,1.31566,1.31566,0.0
2012-02-05 17:10:00,1.31566,1.31566,1.31566,1.31566,0.0
2012-02-05 17:11:00,1.31566,1.31566,1.31566,1.31566,0.0
2012-02-05 17:12:00,1.31566,1.31566,1.31566,1.31566,0.0
2012-02-05 17:13:00,1.31566,1.31566,1.31566,1.31566,0.0
2012-02-05 17:14:00,1.31566,1.31566,1.31566,1.31566,0.0
2012-02-05 17:15:00,1.31566,1.31566,1.31566,1.31566,0.0
2012-02-05 17:16:00,1.31566,1.31566,1.31566,1.31566,0.0
2012-02-05 17:17:00,1.31566,1.31566,1.31566,1.31566,0.0
2012-02-05 17:18:00,1.31566,1.31566,1.31566,1.31566,0.0
2012-02-05 17:19:00,1.31566,1.31566,1.31566,1.31566,0.0
2012-02-05 17:20:00,1.31566,1.31566,1.31566,1.31566,0.0
2012-02-05 17:21:00,1.31566,1.31566,1.31566,1.31566,0.0
2012-02-05 17:22:00,1.31566,1.31566,1.31566,1.31566,0.0
2012-02-05 17:23:00,1.31566,1.31566,1.31566,1.31566,0.0
2012-02-05 17:24:00,1.31566,1.31566,1.31566,1.31566,0.0
2012-02-05 17:25:00,1.31566,1.31566,1.31566,1.31566,0.0
2012-02-05 17:26:00,1.31566,1.31566,1.31566,1.31566,0.0
2012-02-05 17:27:00,1.31566,1.31566,1.31566,1.31566,0.0
2012-02-05 17:28:00,1.31566,1.31566,1.31566,1.31566,0.0
2012-02-05 17:29:00,1.31566,1.31566,1.31566,1.31566,0.0
2012-02-05 17:30:00,1.31566,1.31566,1.31566,1.31566,0.0
2012-02-05 17:31:00,1.31566,1.31566,1.31566,1.31566,0.0
2012-02-05 17:32:00,1.31566,1.31566,1.31566,1.31566,0.0
2012-02-05 17:33:00,1.31566,1.31566,1.31566,1.31566,0.0
2012-02-05 17:34:00,1.31566,1.31566,1.31566,1.31566,0.0
2012-02-05 17:35:00,1.31566,1.31566,1.31566,1.31566,0.0
2012-02-05 17:36:00,1.31566,1.31566,1.31566,1.31566,0.0
2012-02-05 17:37:00,1.31566,1.31566,1.31566,1.31566,0.0
2012-02-05 17:38:00,1.31566,1.31566,1.31566,1.31566,0.0
2012-02-05 17:39:00,1.31566,1.31566,1.31566,1.31566,0.0
2012-02-05 17:40:00,1.31566,1.31566,1.31566,1.31566,0.0
2012-02-05 17:41:00,1.31566,1.31566,1.31566,1.31566,0.0
2012-02-05 17:42:00,1.31566,1.31566,1.31566,1.31566,0.0
2012-02-05 17:43:00,1.31566,1.31566,1.31566,1.31566,0.0
2012-02-05 17:44:00,1.31566,1.31566,1.31566,1.31566,0.0
2012-02-05 17:45:00,1.31566,1.31566,1.31566,1.31566,0.0
2012-02-05 17:46:00,1.31566,1.31566,1.31566,1.31566,0.0
2012-02-05 17:47:00,1.31566,1.31566,1.31566,1.31566,0.0
2012-02-05 17:48:00,1.31566,1.31566,1.31566,1.31566,0.0
2012-02-05 17:49:00,1.31566,1.31566,1.31566,1.31566,0.0
2012-02-05 17:50:00,1.31566,1.31566,1.31566,1.31566,0.0
2012-02-05 17:51:00,1.31566,1.31566,1.31566,1.31566,0.0
2012-02-05 17:52:00,1.31566,1.31566,1.31566,1.31566,0.0
2012-02-05 17:53:00,1.31566,1.31566,1.31566,1.31566,0.0
2012-02-05 17:54:00,1.31566,1.31566,1.31566,1.31566,0.0
2012-02-05 17:55:00,1.31566,1.31566,1.31566,1.31566,0.0
2012-02-05 17:56:00,1.31566,1.31566,1.31566,1.31566,0.0
2012-02-05 17:57:00,1.31566,1.31566,1.31566,1.31566,0.0
2012-02-05 17:58:00,1.31566,1.31566,1.31566,1.31566,0.0
2012-02-05 17:59:00,1.31566,1.31566,1.31566,1.31566,0.0
2012-02-05 18:00:00,1.31566,1.31566,1.31566,1.31566,0.0
2012-02-05 18:01:00,1.31566,1.31566,1.31566,1.31566,0.0
2012-02-05 18:02:00,1.31566,1.31566,1.31566,1.31566,0.0
2012-02-05 18:03:00,1.31566,1.31566,1.31566,1.31566,0.0
2012-02-05 18:04:00,1.31566,1.31566,1.31566,1.31566,0.0
2012-02-05 18:05:00,1.31566,1.31566,1.31566,1.31566,0.0
2012-02-05 18:06:00,1.31566,1.31566,1.31566,1.31566,0.0
2012-02-05 18:07:00,1.31566,1.31566,1.31566,1.31566,0.0
2012-02-05 18:08:00,1.31566,1.31566,1.31566,1.31566,0.0
2012-02-05 18:09:00,1.31566,1.31566,1.31566,1.31566,0.0
2012-02-05 18:10:00,1.31566,1.31566,1.31566,1.31566,0.0
2012-02-05 18:11:00,1.31566,1.31566,1.31566,1.31566,0.0
2012-02-05 18:12:00,1.31566,1.31566,1.31566,1.31566,0.0
2012-02-05 18:13:00,1.31566,1.31566,1.31566,1.31566,0.0
2012-02-05 18:14:00,1.31566,1.31566,1.31566,1.31566,0.0
2012-02-05 18:15:00,1.31566,1.31566,1.31566,1.31566,0.0
2012-02-05 18:16:00,1.31566,1.31566,1.31566,1.31566,0.0
2012-02-05 18:17:00,1.31566,1.31566,1.31566,1.31566,0.0
2012-02-05 18:18:00,1.31566,1.31566,1.31566,1.31566,0.0
2012-02-05 18:19:00,1.31566,1.31566,1.31566,1.31566,0.0
2012-02-05 18:20:00,1.31566,1.31566,1.31566,1.31566,0.0
2012-02-05 18:21:00,1.31566,1.31566,1.31566,1.31566,0.0
2012-02-05 18:22:00,1.31566,1.31566,1.31566,1.31566,0.0
2012-02-05 18:23:00,1.31566,1.31566,1.31566,1.31566,0.0
2012-02-05 18:24:00,1.31566,1.31566,1.31566,1.31566,0.0
2012-02-05 18:25:00,1.31566,1.31566,1.31566,1.31566,0.0
2012-02-05 18:26:00,1.31566,1.31566,1.31566,1.31566,0.0
2012-02-05 18:27:00,1.31566,1.31566,1.31566,1.31566,0.0
2012-02-05 18:28:00,1.31566,1.31566,1.31566,1.31566,0.0
2012-02-05 18:29:00,1.31566,1.31566,1.31566,1.31566,0.0
2012-02-05 18:30:00,1.31566,1.31566,1.31566,1.31566,0.0
2012-02-05 18:31:00,1.31566,1.31566,1.31566,1.31566,0.0
2012-02-05 18:32:00,1.31566,1.31566,1.31566,1.31566,0.0
2012-02-05 18:33:00,1.31566,1.31566,1.31566,1.31566,0.0
2012-02-05 18:34:00,1.31566,1.31566,1.31566,1.31566,0.0
2012-02-05 18:35:00,1.31566,1.31566,1.31566,1.31566,0.0
2012-02-05 18:36:00,1.31566,1.31566,1.31566,1.31566,0.0
2012-02-05 18:37:00,1.31566,1.31566,1.31566,1.31566,0.0
2012-02-05 18:38:00,1.31566,1.31566,1.31566,1.31566,0.0
2012-02-05 18:39:00,1.31566,1.31566,1.31566,1.31566,0.0
2012-02-05 18:40:00,1.31566,1.31566,1.31566,1.31566,0.0
2012-02-05 18:41:00,1.31566,1.31566,1.31566,1.31566,0.0
2012-02-05 18:42:00,1.31566,1.31566,1.31566,1.31566,0.0
2012-02-05 18:43:00,1.31566,1.31566,1.31566,1.31566,0.0
2012-02-05 18:44:00,1.31566,1.31566,1.31566,1.31566,0.0
2012-02-05 18:45:00,1.31566,1.31566,1.31566,1.31566,0.0
2012-02-05 18:46:00,1.31566,1.31566,1.31566,1.31566,0.0
2012-02-05 18:47:00,1.31566,1.31566,1.31566,1.31566,0.0
2012-02-05 18:48:00,1.31566,1.31566,1.31566,1.31566,0.0
2012-02-05 18:49:00,1.31566,1.31566,1.31566,1.31566,0.0
2012-02-05 18:50:00,1.31566,1.31566,1.31566,1.31566,0.0
2012-02-05 18:51:00,1.31566,1.31566,1.31566,1.31566,0.0
2012-02-05 18:52:00,1.31566,1.31566,1.31566,1.31566,0.0
2012-02-05 18:53:00,1.31566,1.31566,1.31566,1.31566,0.0
2012-02-05 18:54:00,1.31566,1.31566,1.31566,1.31566,0.0
2012-02-05 18:55:00,1.31566,1.31566,1.31566,1.31566,0.0
2012-02-05 18:56:00,1.31566,1.31566,1.31566,1.31566,0.0
2012-02-05 18:57:00,1.31566,1.31566,1.31566,1.31566,0.0
2012-02-05 18:58:00,1.31566,1.31566,1.31566,1.31566,0.0
2012-02-05 18:59:00,1.31566,1.31566,1.31566,1.31566,0.0
2012-02-05 19:00:00,1.31566,1.31566,1.31566,1.31566,0.0
2012-02-05 19:01:00,1.31566,1.31566,1.31566,1.31566,0.0
2012-02-05 19:02:00,1.31566,1.31566,1.31566,1.31566,0.0
2012-02-05 19:03:00,1.31566,1.31566,1.31566,1.31566,0.0
2012-02-05 19:04:00,1.31566,1.31566,1.31566,1.31566,0.0
2012-02-05 19:05:00,1.31566,1.31566,1.31566,1.31566,0.0
2012-02-05 19:06:00,1.31566,1.31566,1.31566,1.31566,0.0
2012-02-05 19:07:00,1.31566,1.31566,1.31566,1.31566,0.0
2012-02-05 19:08:00,1.31566,1.31566,1.31566,1.31566,0.0
2012-02-05 19:09:00,1.31566,1.31566,1.31566,1.31566,0.0
2012-02-05 19:10:00,1.31566,1.31566,1.31566,1.31566,0.0
2012-02-05 19:11:00,1.31566,1.31566,1.31566,1.31566,0.0
2012-02-05 19:12:00,1.31566,1.31566,1.31566,1.31566,0.0
2012-02-05 19:13:00,1.31566,1.31566,1.31566,1.31566,0.0
2012-02-05 19:14:00,1.31566,1.31566,1.31566,1.31566,0.0
2012-02-05 19:15:00,1.31566,1.31566,1.31566,1.31566,0.0
2012-02-05 19:16:00,1.31566,1.31566,1.31566,1.31566,0.0
2012-02-05 19:17:00,1.31566,1.31566,1.31566,1.31566,0.0
2012-02-05 19:18:00,1.31566,1.31566,1.31566,1.31566,0.0
2012-02-05 19:19:00,1.31566,1.31566,1.31566,1.31566,0.0
2012-02-05 19:20:00,1.31566,1.31566,1.31566,1.31566,0.0
2012-02-05 19:21:00,1.31566,1.31566,1.31566,1.31566,0.0
2012-02-05 19:22:00,1.31566,1.31566,1.31566,1.31566,0.0
2012-02-05 19:23:00,1.31566,1.31566,1.31566,1.31566,0.0
2012-02-05 19:24:00,1.31566,1.31566,1.31566,1.31566,0.0
2012-02-05 19:25:00,1.31566,1.31566,1.31566,1.31566,0.0
2012-02-05 19:26:00,1.31566,1.31566,1.31566,1.31566,0.0
2012-02-05 19:27:00,1.31566,1.31566,1.31566,1.31566,0.0
2012-02-05 19:28:00,1.31566,1.31566,1.31566,1.31566,0.0
2012-02-05 19:29:00,1.31566,1.31566,1.31566,1.31566,0.0
2012-02-05 19:30:00,1.31566,1.31566,1.31566,1.31566,0.0
2012-02-05 19:31:00,1.31566,1.31566,1.31566,1.31566,0.0
2012-02-05 19:32:00,1.31566,1.31566,1.31566,1.31566,0.0
2012-02-05 19:33:00,1.31566,1.31566,1.31566,1.31566,0.0
2012-02-05 19:34:00,1.31566,1.31566,1.31566,1.31566,0.0
2012-02-05 19:35:00,1.31566,1.31566,1.31566,1.31566,0.0
2012-02-05 19:36:00,1.31566,1.31566,1.31566,1.31566,0.0
2012-02-05 19:37:00,1.31566,1.31566,1.31566,1.31566,0.0
2012-02-05 19:38:00,1.31566,1.31566,1.31566,1.31566,0.0
2012-02-05 19:39:00,1.31566,1.31566,1.31566,1.31566,0.0
2012-02-05 19:40:00,1.31566,1.31566,1.31566,1.31566,0.0
2012-02-05 19:41:00,1.31566,1.31566,1.31566,1.31566,0.0
2012-02-05 19:42:00,1.31566,1.31566,1.31566,1.31566,0.0
2012-02-05 19:43:00,1.31566,1.31566,1.31566,1.31566,0.0
2012-02-05 19:44:00,1.31566,1.31566,1.31566,1.31566,0.0
2012-02-05 19:45:00,1.31566,1.31566,1.31566,1.31566,0.0
2012-02-05 19:46:00,1.31566,1.31566,1.31566,1.31566,0.0
2012-02-05 19:47:00,1.31566,1.31566,1.31566,1.31566,0.0
2012-02-05 19:48:00,1.31566,1.31566,1.31566,1.31566,0.0
2012-02-05 19:49:00,1.31566,1.31566,1.31566,1.31566,0.0
2012-02-05 19:50:00,1.31566,1.31566,1.31566,1.31566,0.0
2012-02-05 19:51:00,1.31566,1.31566,1.31566,1.31566,0.0
2012-02-05 19:52:00,1.31566,1.31566,1.31566,1.31566,0.0
2012-02-05 19:53:00,1.31566,1.31566,1.31566,1.31566,0.0
2012-02-05 19:54:00,1.31566,1.31566,1.31566,1.31566,0.0
2012-02-05 19:55:00,1.31566,1.31566,1.31566,1.31566,0.0
2012-02-05 19:56:00,1.31566,1.31566,1.31566,1.31566,0.0
2012-02-05 19:57:00,1.31566,1.31566,1.31566,1.31566,0.0
2012-02-05 19:58:00,1.31566,1.31566,1.31566,1.31566,0.0
2012-02-05 19:59:00,1.31566,1.31566,1.31566,1.31566,0.0
2012-02-05 20:00:00,1.31566,1.31566,1.31566,1.31566,0.0
2012-02-05 20:01:00,1.31566,1.31566,1.31566,1.31566,0.0
2012-02-05 20:02:00,1.31566,1.31566,1.31566,1.31566,0.0
2012-02-05 20:03:00,1.31566,1.31566,1.31566,1.31566,0.0
2012-02-05 20:04:00,1.31566,1.31566,1.31566,1.31566,0.0
2012-02-05 20:05:00,1.31566,1.31566,1.31566,1.31566,0.0
2012-02-05 20:06:00,1.31566,1.31566,1.31566,1.31566,0.0
2012-02-05 20:07:00,1.31566,1.31566,1.31566,1.31566,0.0
2012-02-05 20:08:00,1.31566,1.31566,1.31566,1.31566,0.0
2012-02-05 20:09:00,1.31566,1.31566,1.31566,1.31566,0.0
2012-02-05 20:10:00,1.31566,1.31566,1.31566,1.31566,0.0
2012-02-05 20:11:00,1.31566,1.31566,1.31566,1.31566,0.0
2012-02-05 20:12:00,1.31566,1.31566,1.31566,1.31566,0.0
2012-02-05 20:13:00,1.31566,1.31566,1.31566,1.31566,0.0
2012-02-05 20:14:00,1.31566,1.31566,1.31566,1.31566,0.0
2012-02-05 20:15:00,1.31566,1.31566,1.31566,1.31566,0.0
2012-02-05 20:16:00,1.31566,1.31566,1.31566,1.31566,0.0
2012-02-05 20:17:00,1.31566,1.31566,1.31566,1.31566,0.0
2012-02-05 20:18:00,1.31566,1.31566,1.31566,1.31566,0.0
2012-02-05 20:19:00,1.31566,1.31566,1.31566,1.31566,0.0
2012-02-05 20:20:00,1.31566,1.31566,1.31566,1.31566,0.0
2012-02-05 20:21:00,1.31566,1.31566,1.31566,1.31566,0.0
2012-02-05 20:22:00,1.31566,1.31566,1.31566,1.31566,0.0
2012-02-05 20:23:00,1.31566,1.31566,1.31566,1.31566,0.0
2012-02-05 20:24:00,1.31566,1.31566,1.31566,1.31566,0.0
2012-02-05 20:25:00,1.31566,1.31566,1.31566,1.31566,0.0
2012-02-05 20:26:00,1.31566,1.31566,1.31566,1.31566,0.0
2012-02-05 20:27:00,1.31566,1.31566,1.31566,1.31566,0.0
2012-02-05 20:28:00,1.31566,1.31566,1.31566,1.31566,0.0
2012-02-05 20:29:00,1.31566,1.31566,1.31566,1.31566,0.0
2012-02-05 20:30:00,1.31566,1.31566,1.31566,1.31566,0.0
2012-02-05 20:31:00,1.31566,1.31566,1.31566,1.31566,0.0
2012-02-05 20:32:00,1.31566,1.31566,1.31566,1.31566,0.0
2012-02-05 20:33:00,1.31566,1.31566,1.31566,1.31566,0.0
2012-02-05 20:34:00,1.31566,1.31566,1.31566,1.31566,0.0
2012-02-05 20:35:00,1.31566,1.31566,1.31566,1.31566,0.0
2012-02-05 20:36:00,1.31566,1.31566,1.31566,1.31566,0.0
2012-02-05 20:37:00,1.31566,1.31566,1.31566,1.31566,0.0
2012-02-05 20:38:00,1.31566,1.31566,1.31566,1.31566,0.0
2012-02-05 20:39:00,1.31566,1.31566,1.31566,1.31566,0.0
2012-02-05 20:40:00,1.31566,1.31566,1.31566,1.31566,0.0
2012-02-05 20:41:00,1.31566,1.31566,1.31566,1.31566,0.0
2012-02-05 20:42:00,1.31566,1.31566,1.31566,1.31566,0.0
2012-02-05 20:43:00,1.31566,1.31566,1.31566,1.31566,0.0
2012-02-05 20:44:00,1.31566,1.31566,1.31566,1.31566,0.0
2012-02-05 20:45:00,1.31566,1.31566,1.31566,1.31566,0.0
2012-02-05 20:46:00,1.31566,1.31566,1.31566,1.31566,0.0
2012-02-05 20:47:00,1.31566,1.31566,1.31566,1.31566,0.0
2012-02-05 20:48:00,1.31566,1.31566,1.31566,1.31566,0.0
2012-02-05 20:49:00,1.31566,1.31566,1.31566,1.31566,0.0
2012-02-05 20:50:00,1.31566,1.31566,1.31566,1.31566,0.0
2012-02-05 20:51:00,1.31566,1.31566,1.31566,1.31566,0.0
2012-02-05 20:52:00,1.31566,1.31566,1.31566,1.31566,0.0
2012-02-05 20:53:00,1.31566,1.31566,1.31566,1.31566,0.0
2012-02-05 20:54:00,1.31566,1.31566,1.31566,1.31566,0.0
2012-02-05 20:55:00,1.31566,1.31566,1.31566,1.31566,0.0
2012-02-05 20:56:00,1.31566,1.31566,1.31566,1.31566,0.0
2012-02-05 20:57:00,1.31566,1.31566,1.31566,1.31566,0.0
2012-02-05 20:58:00,1.31566,1.31566,1.31566,1.31566,0.0
2012-02-05 20:59:00,1.31566,1.31566,1.31566,1.31566,0.0
2012-02-05 21:00:00,1.31566,1.31566,1.31566,1.31566,0.0
2012-02-05 21:01:00,1.31566,1.31566,1.31566,1.31566,0.0
2012-02-05 21:02:00,1.31566,1.31566,1.31566,1.31566,0.0
2012-02-05 21:03:00,1.31566,1.31566,1.31566,1.31566,0.0
2012-02-05 21:04:00,1.31566,1.31566,1.31566,1.31566,0.0
2012-02-05 21:05:00,1.31566,1.31566,1.31566,1.31566,0.0
2012-02-05 21:06:00,1.31566,1.31566,1.31566,1.31566,0.0
2012-02-05 21:07:00,1.31566,1.31566,1.31566,1.31566,0.0
2012-02-05 21:08:00,1.31566,1.31566,1.31566,1.31566,0.0
2012-02-05 21:09:00,1.31566,1.31566,1.31566,1.31566,0.0
2012-02-05 21:10:00,1.31566,1.31566,1.31566,1.31566,0.0
2012-02-05 21:11:00,1.31566,1.31566,1.31566,1.31566,0.0
2012-02-05 21:12:00,1.31566,1.31566,1.31566,1.31566,0.0
2012-02-05 21:13:00,1.31566,1.31566,1.31566,1.31566,0.0
2012-02-05 21:14:00,1.31566,1.31566,1.31566,1.31566,0.0
2012-02-05 21:15:00,1.31566,1.31566,1.31566,1.31566,0.0
2012-02-05 21:16:00,1.31566,1.31566,1.31566,1.31566,0.0
2012-02-05 21:17:00,1.31566,1.31566,1.31566,1.31566,0.0
2012-02-05 21:18:00,1.31566,1.31566,1.31566,1.31566,0.0
2012-02-05 21:19:00,1.31566,1.31566,1.31566,1.31566,0.0
2012-02-05 21:20:00,1.31566,1.31566,1.31566,1.31566,0.0
2012-02-05 21:21:00,1.31566,1.31566,1.31566,1.31566,0.0
2012-02-05 21:22:00,1.31566,1.31566,1.31566,1.31566,0.0
2012-02-05 21:23:00,1.31566,1.31566,1.31566,1.31566,0.0
2012-02-05 21:24:00,1.31566,1.31566,1.31566,1.31566,0.0
2012-02-05 21:25:00,1.31566,1.31566,1.31566,1.31566,0.0
2012-02-05 21:26:00,1.31566,1.31566,1.31566,1.31566,0.0
2012-02-05 21:27:00,1.31566,1.31566,1.31566,1.31566,0.0
2012-02-05 21:28:00,1.31566,1.31566,1.31566,1.31566,0.0
2012-02-05 21:29:00,1.31566,1.31566,1.31566,1.31566,0.0
2012-02-05 21:30:00,1.31566,1.31566,1.31566,1.31566,0.0
2012-02-05 21:31:00,1.31566,1.31566,1.31566,1.31566,0.0
2012-02-05 21:32:00,1.31566,1.31566,1.31566,1.31566,0.0
2012-02-05 21:33:00,1.31566,1.31566,1.31566,1.31566,0.0
2012-02-05 21:34:00,1.31566,1.31566,1.31566,1.31566,0.0
2012-02-05 21:35:00,1.31566,1.31566,1.31566,1.31566,0.0
2012-02-05 21:36:00,1.31566,1.31566,1.31566,1.31566,0.0
2012-02-05 21:37:00,1.31566,1.31566,1.31566,1.31566,0.0
2012-02-05 21:38:00,1.31566,1.31566,1.31566,1.31566,0.0
2012-02-05 21:39:00,1.31566,1.31566,1.31566,1.31566,0.0
2012-02-05 21:40:00,1.31566,1.31566,1.31566,1.31566,0.0
2012-02-05 21:41:00,1.31566,1.31566,1.31566,1.31566,0.0
2012-02-05 21:42:00,1.31566,1.31566,1.31566,1.31566,0.0
2012-02-05 21:43:00,1.31566,1.31566,1.31566,1.31566,0.0
2012-02-05 21:44:00,1.31566,1.31566,1.31566,1.31566,0.0
2012-02-05 21:45:00,1.31566,1.31566,1.31566,1.31566,0.0
2012-02-05 21:46:00,1.31566,1.31566,1.31566,1.31566,0.0
2012-02-05 21:47:00,1.31566,1.31566,1.31566,1.31566,0.0
2012-02-05 21:48:00,1.31566,1.31566,1.31566,1.31566,0.0
2012-02-05 21:49:00,1.31566,1.31566,1.31566,1.31566,0.0
2012-02-05 21:50:00,1.31566,1.31566,1.31566,1.31566,0.0
2012-02-05 21:51:00,1.31566,1.31566,1.31566,1.31566,0.0
2012-02-05 21:52:00,1.31566,1.31566,1.31566,1.31566,0.0
2012-02-05 21:53:00,1.31566,1.31566,1.31566,1.31566,0.0
2012-02-05 21:54:00,1.31566,1.31566,1.31566,1.31566,0.0
2012-02-05 21:55:00,1.31566,1.31566,1.31566,1.31566,0.0
2012-02-05 21:56:00,1.31566,1.31566,1.31566,1.31566,0.0
2012-02-05 21:57:00,1.31566,1.31566,1.31566,1.31566,0.0
2012-02-05 21:58:00,1.31566,1.31566,1.31566,1.31566,0.0
2012-02-05 21:59:00,1.31566,1.31566,1.31566,1.31566,0.0
2012-02-05 22:00:00,1.3111,1.312,1.3111,1.31199,520000000.0
2012-02-05 22:01:00,1.31202,1.31242,1.31202,1.31236,574399986.2670898
2012-02-05 22:02:00,1.31236,1.31246,1.31222,1.31242,531100006.1035156
2012-02-05 22:03:00,1.31242,1.31243,1.31229,1.31241,367700004.5776367
2012-02-05 22:04:00,1.31241,1.31285,1.31241,1.31265,452299995.4223633
2012-02-05 22:05:00,1.31265,1.3127,1.31263,1.3127,105600004.19616699
2012-02-05 22:06:00,1.3127,1.31277,1.3127,1.31273,82500000.0
2012-02-05 22:07:00,1.31272,1.31277,1.31268,1.31272,277900009.15527344
2012-02-05 22:08:00,1.31272,1.31278,1.31251,1.31261,347200012.20703125
2012-02-05 22:09:00,1.31259,1.3126,1.31252,1.31254,180100002.28881836
2012-02-05 22:10:00,1.31254,1.31254,1.31232,1.31232,301200008.392334
2012-02-05 22:11:00,1.31232,1.31237,1.31207,1.31207,580699996.9482422
2012-02-05 22:12:00,1.31211,1.31213,1.31187,1.31187,327200012.20703125
2012-02-05 22:13:00,1.31189,1.31199,1.31173,1.31199,435000000.0
2012-02-05 22:14:00,1.31205,1.31228,1.31183,1.31184,682699966.4306641
2012-02-05 22:15:00,1.31187,1.31196,1.31185,1.31185,279300003.0517578
2012-02-05 22:16:00,1.31185,1.31192,1.31159,1.31159,537599983.215332
2012-02-05 22:17:00,1.31159,1.31177,1.31146,1.31164,576199989.3188477
2012-02-05 22:18:00,1.31164,1.31176,1.31163,1.31173,382599983.21533203
2012-02-05 22:19:00,1.31178,1.31183,1.31164,1.31173,167199993.13354492
2012-02-05 22:20:00,1.31175,1.31175,1.31148,1.31149,968499984.7412109
2012-02-05 22:21:00,1.31147,1.31147,1.31147,1.31147,13200000.524520874
2012-02-05 22:22:00,1.31146,1.31148,1.31111,1.31111,556100006.1035156
2012-02-05 22:23:00,1.31111,1.31132,1.3111,1.31122,383400001.5258789
2012-02-05 22:24:00,1.31129,1.31129,1.31116,1.31123,629700012.2070312
2012-02-05 22:25:00,1.31123,1.31139,1.31123,1.31137,600499992.3706055
2012-02-05 22:26:00,1.31139,1.31145,1.3113,1.3113,288099994.6594238
2012-02-05 22:27:00,1.31129,1.31129,1.3112,1.31122,222299995.42236328
2012-02-05 22:28:00,1.31125,1.31135,1.31125,1.31134,105799999.23706055
2012-02-05 22:29:00,1.31134,1.31177,1.31119,1.31175,917399978.6376953
2012-02-05 22:30:00,1.31174,1.31209,1.31174,1.31209,1099199981.6894531
2012-02-05 22:31:00,1.31209,1.31239,1.312,1.3121,1566300048.828125
2012-02-05 22:32:00,1.31213,1.31217,1.31188,1.31208,864800033.5693359
2012-02-05 22:33:00,1.31208,1.3123,1.31193,1.31222,1036699981.6894531
2012-02-05 22:34:00,1.31222,1.3125,1.31222,1.31249,740800018.3105469
2012-02-05 22:35:00,1.31249,1.3125,1.31235,1.3125,713600006.1035156
2012-02-05 22:36:00,1.31252,1.31257,1.31233,1.31245,882099990.8447266
2012-02-05 22:37:00,1.31242,1.31248,1.31234,1.31239,326899986.26708984
2012-02-05 22:38:00,1.31248,1.31258,1.31233,1.3125,1115199966.430664
2012-02-05 22:39:00,1.31248,1.31259,1.31244,1.31259,803799972.5341797
2012-02-05 22:40:00,1.31259,1.31259,1.31224,1.31233,1677500000.0
2012-02-05 22:41:00,1.31236,1.31238,1.31224,1.31232,556599998.4741211
2012-02-05 22:42:00,1.31232,1.3124,1.31232,1.31237,999400024.4140625
2012-02-05 22:43:00,1.31237,1.31246,1.31233,1.31243,798899993.8964844
2012-02-05 22:44:00,1.31243,1.31247,1.31233,1.3124,683899993.8964844
2012-02-05 22:45:00,1.3124,1.31247,1.31237,1.31247,533600006.1035156
2012-02-05 22:46:00,1.31247,1.31247,1.31247,1.31247,211200008.39233398
2012-02-05 22:47:00,1.31245,1.31245,1.31232,1.31238,567099990.8447266
2012-02-05 22:48:00,1.31237,1.31253,1.31231,1.31251,973899993.8964844
2012-02-05 22:49:00,1.3125,1.3125,1.3122,1.31223,1052200012.2070312
2012-02-05 22:50:00,1.31228,1.31272,1.31227,1.31261,1416699981.6894531
2012-02-05 22:51:00,1.31263,1.31269,1.31246,1.3125,1052799987.7929688
2012-02-05 22:52:00,1.3126,1.31266,1.31245,1.31255,967799987.7929688
2012-02-05 22:53:00,1.3125,1.31263,1.31249,1.31263,277700004.5776367
2012-02-05 22:54:00,1.31263,1.31264,1.31257,1.31263,498400001.5258789
2012-02-05 22:55:00,1.31263,1.31266,1.31262,1.31263,153100004.196167
2012-02-05 22:56:00,1.31266,1.31267,1.31266,1.31266,126000003.81469727
2012-02-05 22:57:00,1.31268,1.3129,1.31264,1.31275,970899963.3789062
2012-02-05 22:58:00,1.31267,1.31267,1.31266,1.31266,160400009.15527344
2012-02-05 22:59:00,1.31266,1.31267,1.31266,1.31266,335999984.74121094
2012-02-05 23:00:00,1.31267,1.31267,1.31211,1.31211,1351699981.6894531
2012-02-05 23:01:00,1.31211,1.31234,1.31211,1.31228,742600021.3623047
2012-02-05 23:02:00,1.31224,1.31234,1.31214,1.31222,1189499969.4824219
2012-02-05 23:03:00,1.31222,1.31234,1.31218,1.31221,963899993.8964844
2012-02-05 23:04:00,1.31221,1.3124,1.31221,1.31226,887300033.5693359
2012-02-05 23:05:00,1.31227,1.31244,1.31227,1.31241,1603999938.9648438
2012-02-05 23:06:00,1.31242,1.31246,1.3124,1.31246,517500000.0
2012-02-05 23:07:00,1.31246,1.31246,1.31233,1.31241,911900024.4140625
2012-02-05 23:08:00,1.31241,1.3125,1.31235,1.31245,308099994.6594238
2012-02-05 23:09:00,1.31244,1.31254,1.31234,1.31254,1181100006.1035156
2012-02-05 23:10:00,1.31254,1.31302,1.31254,1.31301,894899978.6376953
2012-02-05 23:11:00,1.31301,1.31303,1.31283,1.31284,876100006.1035156
2012-02-05 23:12:00,1.31284,1.31284,1.31275,1.31275,387099990.84472656
2012-02-05 23:13:00,1.31273,1.31275,1.31268,1.31268,258899993.89648438
2012-02-05 23:14:00,1.31272,1.31279,1.31263,1.31278,907200012.2070312
2012-02-05 23:15:00,1.3128,1.31281,1.31265,1.31275,1355800018.3105469
2012-02-05 23:16:00,1.31273,1.31287,1.3124,1.3124,1614199981.6894531
2012-02-05 23:17:00,1.3124,1.31244,1.31204,1.3121,2153099975.5859375
2012-02-05 23:18:00,1.31209,1.31223,1.31208,1.31223,954400024.4140625
2012-02-05 23:19:00,1.31223,1.31223,1.3121,1.31219,655400009.1552734
2012-02-05 23:20:00,1.3122,1.31232,1.31219,1.31228,1147500000.0
2012-02-05 23:21:00,1.31224,1.31252,1.31222,1.31247,1655599975.5859375
2012-02-05 23:22:00,1.31247,1.31255,1.31231,1.31234,1449199981.6894531
2012-02-05 23:23:00,1.31234,1.31243,1.31226,1.3123,1039899978.6376953
2012-02-05 23:24:00,1.31231,1.31235,1.31223,1.31223,942500000.0
2012-02-05 23:25:00,1.31223,1.31224,1.31221,1.31222,455999984.74121094
2012-02-05 23:26:00,1.31221,1.3123,1.31218,1.31225,730999984.7412109
2012-02-05 23:27:00,1.3122,1.31225,1.31219,1.31221,979800033.5693359
2012-02-05 23:28:00,1.31221,1.31221,1.31219,1.31221,561599998.4741211
2012-02-05 23:29:00,1.31221,1.31224,1.31219,1.3122,414300003.0517578
2012-02-05 23:30:00,1.3122,1.31236,1.3122,1.31221,1204700012.2070312
2012-02-05 23:31:00,1.3122,1.31225,1.31213,1.31213,1466600036.6210938
2012-02-05 23:32:00,1.31213,1.31213,1.312,1.3121,1413200073.2421875
2012-02-05 23:33:00,1.3121,1.31211,1.31199,1.312,1485500030.5175781
2012-02-05 23:34:00,1.312,1.312,1.31151,1.31154,1363399963.3789062
2012-02-05 23:35:00,1.31151,1.31159,1.31144,1.31144,1150199966.430664
2012-02-05 23:36:00,1.31145,1.31146,1.31137,1.31145,563699989.3188477
2012-02-05 23:37:00,1.31145,1.31159,1.31139,1.31159,1265999984.741211
2012-02-05 23:38:00,1.31158,1.31174,1.31151,1.31161,1330800018.3105469
2012-02-05 23:39:00,1.31161,1.31165,1.31151,1.31152,692399978.6376953
2012-02-05 23:40:00,1.31152,1.31158,1.31151,1.31157,877099990.8447266
2012-02-05 23:41:00,1.31158,1.31182,1.31144,1.31182,1092900009.1552734
2012-02-05 23:42:00,1.31182,1.31201,1.31182,1.312,1018000030.5175781
2012-02-05 23:43:00,1.31199,1.31222,1.31193,1.31217,849100036.6210938
2012-02-05 23:44:00,1.31217,1.31226,1.31205,1.31226,1896799926.7578125
2012-02-05 23:45:00,1.31226,1.31247,1.31221,1.31247,1549400024.4140625
2012-02-05 23:46:00,1.31247,1.3125,1.31247,1.3125,376199989.31884766
2012-02-05 23:47:00,1.3125,1.3125,1.31248,1.31248,221200008.39233398
2012-02-05 23:48:00,1.31245,1.31255,1.31241,1.31253,770199966.4306641
2012-02-05 23:49:00,1.31253,1.31256,1.31251,1.31256,218500003.81469727
2012-02-05 23:50:00,1.31256,1.3126,1.31254,1.31257,263700008.39233398
2012-02-05 23:51:00,1.31257,1.3126,1.3125,1.3125,555099983.215332
2012-02-05 23:52:00,1.31248,1.3125,1.31242,1.31248,569900016.784668
2012-02-05 23:53:00,1.31248,1.31257,1.31244,1.31256,897200012.2070312
2012-02-05 23:54:00,1.31256,1.31259,1.31252,1.31252,597599983.215332
2012-02-05 23:55:00,1.31252,1.31261,1.31252,1.31254,444500007.62939453
2012-02-05 23:56:00,1.31252,1.31253,1.31251,1.31253,97500000.0
2012-02-05 23:57:00,1.31253,1.31258,1.31251,1.31251,242299995.42236328
2012-02-05 23:58:00,1.31253,1.31253,1.31241,1.31241,645100021.3623047
2012-02-05 23:59:00,1.31241,1.31243,1.31236,1.3124,495099983.21533203
2012-02-06 00:00:00,1.3124,1.31264,1.3124,1.31264,1215000000.0
2012-02-06 00:01:00,1.31263,1.31286,1.31259,1.31284,1098099975.5859375
2012-02-06 00:02:00,1.31284,1.31307,1.31282,1.31283,1445800018.3105469
2012-02-06 00:03:00,1.31283,1.31283,1.31262,1.31268,1096800003.0517578
2012-02-06 00:04:00,1.31268,1.31268,1.31241,1.31241,1754199981.6894531
2012-02-06 00:05:00,1.31239,1.31246,1.31216,1.31218,1850200042.7246094
2012-02-06 00:06:00,1.31218,1.31224,1.31214,1.3122,890699996.9482422
2012-02-06 00:07:00,1.31221,1.31221,1.31202,1.31205,1244000015.258789
2012-02-06 00:08:00,1.31205,1.31212,1.31198,1.31201,1715899963.3789062
2012-02-06 00:09:00,1.31201,1.31213,1.31179,1.31179,1085500030.5175781
2012-02-06 00:10:00,1.31179,1.3121,1.31177,1.31208,1087099990.8447266
2012-02-06 00:11:00,1.3121,1.31223,1.3121,1.31219,1253600006.1035156
2012-02-06 00:12:00,1.31219,1.31221,1.31204,1.31215,1173199996.9482422
2012-02-06 00:13:00,1.31217,1.31217,1.3116,1.31172,1824700012.2070312
2012-02-06 00:14:00,1.31172,1.31176,1.31167,1.31174,1051299972.5341797
2012-02-06 00:15:00,1.31174,1.31177,1.31156,1.3116,1027399978.6376953
2012-02-06 00:16:00,1.3116,1.31169,1.31142,1.31142,1046200027.4658203
2012-02-06 00:17:00,1.31144,1.31145,1.3109,1.31108,2336100006.1035156
2012-02-06 00:18:00,1.31108,1.31124,1.3107,1.31075,2283200073.2421875
2012-02-06 00:19:00,1.31075,1.31099,1.31075,1.31099,921200027.4658203
2012-02-06 00:20:00,1.31099,1.31122,1.31099,1.31111,1719900054.9316406
2012-02-06 00:21:00,1.31114,1.31121,1.31112,1.3112,604099998.4741211
2012-02-06 00:22:00,1.3112,1.31136,1.3112,1.3113,1216399993.8964844
2012-02-06 00:23:00,1.3113,1.3113,1.31111,1.31119,1526799926.7578125
2012-02-06 00:24:00,1.31119,1.31127,1.31112,1.31122,919800033.5693359
2012-02-06 00:25:00,1.31122,1.31122,1.31093,1.31093,1599499969.4824219
2012-02-06 00:26:00,1.31093,1.31094,1.31074,1.31078,1114199981.6894531
2012-02-06 00:27:00,1.3108,1.31085,1.3107,1.31073,1160800018.3105469
2012-02-06 00:28:00,1.31067,1.31081,1.31061,1.31074,1286999969.4824219
2012-02-06 00:29:00,1.31074,1.31083,1.31068,1.31074,1668800048.828125
2012-02-06 00:30:00,1.31079,1.31079,1.31052,1.31068,1774299926.7578125
2012-02-06 00:31:00,1.31068,1.31109,1.31063,1.31098,1736900024.4140625
2012-02-06 00:32:00,1.31097,1.31121,1.31095,1.311,1922200012.2070312
2012-02-06 00:33:00,1.311,1.311,1.31082,1.31088,433800010.68115234
2012-02-06 00:34:00,1.31086,1.31107,1.31075,1.31107,931600036.6210938
2012-02-06 00:35:00,1.31107,1.31132,1.31106,1.31125,1414400024.4140625
2012-02-06 00:36:00,1.31125,1.31125,1.31117,1.31118,844000015.2587891
2012-02-06 00:37:00,1.31118,1.3112,1.31108,1.31112,909899978.6376953
2012-02-06 00:38:00,1.31109,1.31112,1.31081,1.3109,1123600006.1035156
2012-02-06 00:39:00,1.3109,1.31097,1.31088,1.31094,856200027.4658203
2012-02-06 00:40:00,1.31094,1.31108,1.31091,1.31101,1244599990.8447266
2012-02-06 00:41:00,1.31101,1.31105,1.3108,1.31082,1191699981.6894531
2012-02-06 00:42:00,1.31082,1.31082,1.31058,1.31067,756100006.1035156
2012-02-06 00:43:00,1.31069,1.31081,1.31067,1.31078,775100021.3623047
2012-02-06 00:44:00,1.31078,1.31083,1.31063,1.31081,871800003.0517578
2012-02-06 00:45:00,1.31077,1.31077,1.3107,1.31076,665100021.3623047
2012-02-06 00:46:00,1.31076,1.31083,1.31066,1.31066,1053799972.5341797
2012-02-06 00:47:00,1.31064,1.31065,1.31063,1.31063,564000015.2587891
2012-02-06 00:48:00,1.31063,1.31069,1.31063,1.31069,397900009.15527344
2012-02-06 00:49:00,1.3107,1.31071,1.31066,1.31067,287500000.0
2012-02-06 00:50:00,1.31067,1.31071,1.31061,1.31065,1487200012.2070312
2012-02-06 00:51:00,1.31065,1.31069,1.31065,1.31067,524399986.26708984
2012-02-06 00:52:00,1.31067,1.31074,1.31064,1.31067,1545200042.7246094
2012-02-06 00:53:00,1.31067,1.31069,1.31064,1.31069,490099983.21533203
2012-02-06 00:54:00,1.31069,1.31073,1.31057,1.31068,1887200012.2070312
2012-02-06 00:55:00,1.31068,1.31068,1.3105,1.31054,1210800018.3105469
2012-02-06 00:56:00,1.31054,1.31062,1.31051,1.31056,856999969.4824219
2012-02-06 00:57:00,1.31056,1.31088,1.31056,1.31084,1531499938.9648438
2012-02-06 00:58:00,1.31083,1.31105,1.31083,1.31091,1497299957.2753906
2012-02-06 00:59:00,1.31091,1.3111,1.31089,1.3111,1495399932.8613281
2012-02-06 01:00:00,1.3111,1.31127,1.3111,1.31121,1525099945.0683594
2012-02-06 01:01:00,1.31121,1.31129,1.31109,1.3111,1056100006.1035156
2012-02-06 01:02:00,1.31108,1.31118,1.31101,1.31114,1119300003.0517578
2012-02-06 01:03:00,1.31114,1.31133,1.31113,1.31123,1424199981.6894531
2012-02-06 01:04:00,1.31123,1.31132,1.31122,1.31126,712699966.4306641
2012-02-06 01:05:00,1.31126,1.3113,1.31103,1.31104,1303699951.171875
2012-02-06 01:06:00,1.31105,1.3111,1.31105,1.31106,1047500000.0
2012-02-06 01:07:00,1.31106,1.31123,1.31106,1.31117,945599975.5859375
2012-02-06 01:08:00,1.31117,1.31141,1.31117,1.31129,753399963.3789062
2012-02-06 01:09:00,1.31129,1.31136,1.31122,1.31129,984899978.6376953
2012-02-06 01:10:00,1.31129,1.31132,1.31127,1.31131,444199981.6894531
2012-02-06 01:11:00,1.31129,1.31129,1.31124,1.31124,522400016.78466797
2012-02-06 01:12:00,1.31123,1.31123,1.31099,1.31113,1249300003.0517578
2012-02-06 01:13:00,1.31113,1.31124,1.31113,1.3112,662500000.0
2012-02-06 01:14:00,1.3112,1.31121,1.31099,1.31103,1300500030.5175781
2012-02-06 01:15:00,1.31101,1.31104,1.31085,1.31088,1504799957.2753906
2012-02-06 01:16:00,1.31088,1.31088,1.3107,1.31079,1374299926.7578125
2012-02-06 01:17:00,1.31075,1.31081,1.31073,1.31078,1071500015.2587891
2012-02-06 01:18:00,1.31078,1.31102,1.31078,1.31102,685699996.9482422
2012-02-06 01:19:00,1.31099,1.31104,1.31098,1.31104,653600006.1035156
2012-02-06 01:20:00,1.31104,1.31113,1.31097,1.31113,802300033.5693359
2012-02-06 01:21:00,1.3111,1.3111,1.31105,1.31105,287900009.15527344
2012-02-06 01:22:00,1.31106,1.31114,1.31105,1.3111,204899997.71118164
2012-02-06 01:23:00,1.31108,1.31115,1.31107,1.31113,338199996.9482422
2012-02-06 01:24:00,1.31113,1.31115,1.31111,1.31113,375000000.0
2012-02-06 01:25:00,1.31112,1.31114,1.31109,1.31113,446500015.25878906
2012-02-06 01:26:00,1.31113,1.31146,1.31113,1.31139,1032300033.5693359
2012-02-06 01:27:00,1.31139,1.31154,1.31139,1.31152,770299987.7929688
2012-02-06 01:28:00,1.31153,1.31171,1.31153,1.31167,2071799926.7578125
2012-02-06 01:29:00,1.31167,1.31168,1.31149,1.31151,889599990.8447266
2012-02-06 01:30:00,1.31151,1.31151,1.31122,1.31127,901500015.2587891
2012-02-06 01:31:00,1.31129,1.31172,1.31129,1.31172,1036399993.8964844
2012-02-06 01:32:00,1.31172,1.31173,1.3114,1.3114,1727299957.2753906
2012-02-06 01:33:00,1.31143,1.31143,1.31138,1.31141,1204400024.4140625
2012-02-06 01:34:00,1.31141,1.3116,1.31141,1.31159,826399993.8964844
2012-02-06 01:35:00,1.3116,1.3116,1.31154,1.31154,944100036.6210938
2012-02-06 01:36:00,1.31154,1.31158,1.31142,1.31144,721900024.4140625
2012-02-06 01:37:00,1.31144,1.31149,1.3114,1.31149,808799972.5341797
2012-02-06 01:38:00,1.31146,1.31149,1.31141,1.31144,681399993.8964844
2012-02-06 01:39:00,1.31144,1.31157,1.31144,1.31153,1009800033.5693359
2012-02-06 01:40:00,1.31153,1.31154,1.31152,1.31152,552099990.8447266
2012-02-06 01:41:00,1.31152,1.31154,1.31128,1.31132,781200027.4658203
2012-02-06 01:42:00,1.31132,1.31134,1.3113,1.31133,887300033.5693359
2012-02-06 01:43:00,1.31133,1.31133,1.3113,1.3113,1297799987.7929688
2012-02-06 01:44:00,1.31131,1.31131,1.31108,1.3111,1607299957.2753906
2012-02-06 01:45:00,1.3111,1.31114,1.31103,1.31106,800500030.5175781
2012-02-06 01:46:00,1.31104,1.31106,1.31101,1.31101,605800018.3105469
2012-02-06 01:47:00,1.31102,1.31114,1.31102,1.31112,407500000.0
2012-02-06 01:48:00,1.31112,1.31112,1.31085,1.31085,1110100021.3623047
2012-02-06 01:49:00,1.31086,1.31091,1.31073,1.31074,736999969.4824219
2012-02-06 01:50:00,1.31072,1.31088,1.31071,1.31085,1068799972.5341797
2012-02-06 01:51:00,1.31085,1.31092,1.31083,1.31087,496300010.68115234
2012-02-06 01:52:00,1.31088,1.31091,1.31086,1.31091,430499992.37060547
2012-02-06 01:53:00,1.31088,1.31089,1.31079,1.3108,1689199981.6894531
2012-02-06 01:54:00,1.3108,1.3108,1.31068,1.31069,1113600006.1035156
2012-02-06 01:55:00,1.3107,1.3108,1.31068,1.31068,1194000015.258789
2012-02-06 01:56:00,1.31067,1.31068,1.3106,1.3106,709899978.6376953
2012-02-06 01:57:00,1.31061,1.31063,1.31059,1.31062,952799987.7929688
2012-02-06 01:58:00,1.31063,1.31064,1.31061,1.31064,583199996.9482422
2012-02-06 01:59:00,1.31064,1.31066,1.31063,1.31063,676500015.2587891
2012-02-06 02:00:00,1.31064,1.31066,1.31051,1.31054,863199996.9482422
2012-02-06 02:01:00,1.31053,1.31071,1.31053,1.31069,978600006.1035156
2012-02-06 02:02:00,1.31072,1.31074,1.3107,1.3107,464799995.4223633
2012-02-06 02:03:00,1.31068,1.31068,1.31035,1.31038,1070100021.3623047
2012-02-06 02:04:00,1.31038,1.31047,1.31038,1.31039,1012099990.8447266
2012-02-06 02:05:00,1.31039,1.31039,1.31019,1.31019,896299972.5341797
2012-02-06 02:06:00,1.31019,1.31021,1.30988,1.30989,1910700073.2421875
2012-02-06 02:07:00,1.30984,1.30984,1.3096,1.30976,1294100036.6210938
2012-02-06 02:08:00,1.30977,1.3099,1.30933,1.30935,2025000000.0
2012-02-06 02:09:00,1.30939,1.3096,1.30939,1.30949,1837500000.0
2012-02-06 02:10:00,1.30947,1.30951,1.30931,1.30938,1326600036.6210938
2012-02-06 02:11:00,1.30938,1.3094,1.30926,1.30932,1709400024.4140625
2012-02-06 02:12:00,1.30934,1.30939,1.30931,1.30935,812799987.7929688
2012-02-06 02:13:00,1.30935,1.30939,1.30907,1.30908,1726900024.4140625
2012-02-06 02:14:00,1.30909,1.30911,1.3088,1.3089,1855700073.2421875
2012-02-06 02:15:00,1.30892,1.30898,1.30892,1.30898,895999984.7412109
2012-02-06 02:16:00,1.30898,1.30936,1.30898,1.30934,1278799972.5341797
2012-02-06 02:17:00,1.30934,1.30934,1.30902,1.30909,1365000000.0
2012-02-06 02:18:00,1.30912,1.30919,1.30908,1.30908,990400009.1552734
2012-02-06 02:19:00,1.30908,1.30915,1.30899,1.30912,1172699966.430664
2012-02-06 02:20:00,1.3091,1.30916,1.30897,1.30916,1477799987.7929688
2012-02-06 02:21:00,1.30916,1.30953,1.3091,1.30947,1259800033.569336
2012-02-06 02:22:00,1.3095,1.30956,1.30947,1.30952,1179100036.6210938
2012-02-06 02:23:00,1.30952,1.30957,1.30919,1.3092,1567700042.7246094
2012-02-06 02:24:00,1.30922,1.30922,1.30889,1.30904,1915700073.2421875
2012-02-06 02:25:00,1.30904,1.30928,1.30903,1.30909,1782799987.7929688
2012-02-06 02:26:00,1.30909,1.30916,1.30909,1.3091,598300018.3105469
2012-02-06 02:27:00,1.3091,1.30918,1.30908,1.30914,692699966.4306641
2012-02-06 02:28:00,1.30917,1.30919,1.30871,1.3088,2010899963.3789062
2012-02-06 02:29:00,1.30885,1.30885,1.30859,1.30864,1340800018.3105469
2012-02-06 02:30:00,1.30864,1.30869,1.30848,1.30867,1711699981.6894531
2012-02-06 02:31:00,1.30867,1.30869,1.30849,1.30849,1465000000.0
2012-02-06 02:32:00,1.30849,1.30879,1.30849,1.3087,1521000061.0351562
2012-02-06 02:33:00,1.3087,1.30875,1.30858,1.30858,1333099975.5859375
2012-02-06 02:34:00,1.30858,1.30879,1.30858,1.30877,703300018.3105469
2012-02-06 02:35:00,1.30875,1.30878,1.30854,1.30869,1683399963.3789062
2012-02-06 02:36:00,1.30869,1.30878,1.30869,1.30878,755500030.5175781
2012-02-06 02:37:00,1.30879,1.30879,1.30863,1.30872,792900009.1552734
2012-02-06 02:38:00,1.3087,1.30871,1.30859,1.30859,1631300048.828125
2012-02-06 02:39:00,1.30861,1.30871,1.30861,1.30867,1159499969.4824219
2012-02-06 02:40:00,1.30869,1.30869,1.30859,1.30868,884100036.6210938
2012-02-06 02:41:00,1.30868,1.30868,1.30862,1.30865,470600013.73291016
2012-02-06 02:42:00,1.30868,1.30869,1.30865,1.30868,503199996.9482422
2012-02-06 02:43:00,1.30869,1.30883,1.30866,1.30881,854199981.6894531
2012-02-06 02:44:00,1.30881,1.30902,1.3088,1.30899,1809100036.6210938
2012-02-06 02:45:00,1.30897,1.30915,1.30897,1.30915,1377599945.0683594
2012-02-06 02:46:00,1.30921,1.30924,1.30899,1.30899,1345000000.0
2012-02-06 02:47:00,1.30899,1.30899,1.30883,1.3089,1260100021.3623047
2012-02-06 02:48:00,1.30885,1.30888,1.30873,1.30873,1011399993.8964844
2012-02-06 02:49:00,1.30873,1.30885,1.30873,1.3088,1173899993.8964844
2012-02-06 02:50:00,1.3088,1.30895,1.3088,1.30895,551100006.1035156
2012-02-06 02:51:00,1.30895,1.30901,1.30895,1.30901,165900001.5258789
2012-02-06 02:52:00,1.30901,1.30923,1.30899,1.30918,1051100006.1035156
2012-02-06 02:53:00,1.30918,1.30921,1.30908,1.30916,1215699996.9482422
2012-02-06 02:54:00,1.30916,1.30916,1.30903,1.30903,619000015.2587891
2012-02-06 02:55:00,1.30906,1.30911,1.30901,1.30906,702900009.1552734
2012-02-06 02:56:00,1.30906,1.30906,1.30871,1.3088,893600006.1035156
2012-02-06 02:57:00,1.3088,1.30886,1.3087,1.30882,1240899963.3789062
2012-02-06 02:58:00,1.3088,1.30882,1.30871,1.30871,494900016.78466797
2012-02-06 02:59:00,1.30871,1.30871,1.30862,1.30864,771399993.8964844
2012-02-06 03:00:00,1.30862,1.30868,1.30861,1.30866,385000000.0
2012-02-06 03:01:00,1.30866,1.30866,1.30807,1.3081,2147100067.1386719
2012-02-06 03:02:00,1.30813,1.30836,1.30813,1.30828,1846799926.7578125
2012-02-06 03:03:00,1.30829,1.3084,1.30828,1.30839,877699966.4306641
2012-02-06 03:04:00,1.30839,1.30841,1.30833,1.30836,1363699951.171875
2012-02-06 03:05:00,1.30836,1.30853,1.30833,1.30851,1024000015.2587891
2012-02-06 03:06:00,1.30849,1.30855,1.30829,1.30835,1378099975.5859375
2012-02-06 03:07:00,1.30835,1.30854,1.30835,1.30845,1343000030.5175781
2012-02-06 03:08:00,1.30845,1.30847,1.30827,1.30833,1247699966.430664
2012-02-06 03:09:00,1.30834,1.3085,1.30834,1.30849,1013099975.5859375
2012-02-06 03:10:00,1.30849,1.30852,1.30845,1.30849,713199996.9482422
2012-02-06 03:11:00,1.30849,1.30849,1.30837,1.30849,1003300018.3105469
2012-02-06 03:12:00,1.3085,1.3085,1.30842,1.30848,796699981.6894531
2012-02-06 03:13:00,1.3085,1.30855,1.3085,1.30854,439799995.4223633
2012-02-06 03:14:00,1.30854,1.30854,1.30842,1.30846,593300018.3105469
2012-02-06 03:15:00,1.30846,1.30857,1.30843,1.30857,840100021.3623047
2012-02-06 03:16:00,1.30861,1.30863,1.30851,1.3086,780400009.1552734
2012-02-06 03:17:00,1.3086,1.3086,1.30849,1.30855,1024300003.0517578
2012-02-06 03:18:00,1.30859,1.30868,1.30856,1.30865,1395700073.2421875
2012-02-06 03:19:00,1.30865,1.30872,1.30865,1.30868,526899986.26708984
2012-02-06 03:20:00,1.30868,1.30872,1.30864,1.30869,1446799926.7578125
2012-02-06 03:21:00,1.3087,1.30889,1.3087,1.30885,1960599975.5859375
2012-02-06 03:22:00,1.30885,1.30888,1.30875,1.30888,663799972.5341797
2012-02-06 03:23:00,1.30888,1.30888,1.30884,1.30888,1166699981.6894531
2012-02-06 03:24:00,1.30888,1.30888,1.30885,1.30887,1288800048.828125
2012-02-06 03:25:00,1.30887,1.3089,1.30887,1.30889,1073499984.7412109
2012-02-06 03:26:00,1.30889,1.30922,1.30889,1.30921,1341699981.6894531
2012-02-06 03:27:00,1.30921,1.30926,1.30917,1.30917,1238300018.3105469
2012-02-06 03:28:00,1.30917,1.30917,1.30913,1.30916,1364499969.4824219
2012-02-06 03:29:00,1.30913,1.30916,1.30896,1.30898,1094499969.4824219
2012-02-06 03:30:00,1.30898,1.309,1.30893,1.30899,916100006.1035156
2012-02-06 03:31:00,1.30899,1.30901,1.30895,1.30896,324000015.25878906
2012-02-06 03:32:00,1.30899,1.30908,1.30896,1.30908,487599983.21533203
2012-02-06 03:33:00,1.30909,1.30909,1.30876,1.30882,1686000061.0351562
2012-02-06 03:34:00,1.30882,1.30887,1.30861,1.30861,986200027.4658203
2012-02-06 03:35:00,1.3086,1.30867,1.30839,1.30859,1906799926.7578125
2012-02-06 03:36:00,1.30859,1.30862,1.30841,1.30843,1060599975.5859375
2012-02-06 03:37:00,1.30844,1.30855,1.30844,1.30855,1081299972.5341797
2012-02-06 03:38:00,1.30855,1.30887,1.30854,1.30886,1350700073.2421875
2012-02-06 03:39:00,1.30886,1.30897,1.30879,1.30891,1421300048.828125
2012-02-06 03:40:00,1.30892,1.30901,1.30876,1.30888,1356699981.6894531
2012-02-06 03:41:00,1.30888,1.30893,1.30888,1.3089,451399993.8964844
2012-02-06 03:42:00,1.3089,1.30926,1.30888,1.3092,1536600036.6210938
2012-02-06 03:43:00,1.3092,1.30922,1.30912,1.30922,882900009.1552734
2012-02-06 03:44:00,1.30922,1.30931,1.30916,1.30928,1063600006.1035156
2012-02-06 03:45:00,1.30928,1.30933,1.30926,1.30931,968199996.9482422
2012-02-06 03:46:00,1.30931,1.30931,1.30929,1.30929,227999992.37060547
2012-02-06 03:47:00,1.30929,1.30931,1.30929,1.30931,447000007.62939453
2012-02-06 03:48:00,1.30931,1.30931,1.30907,1.30909,1166900024.4140625
2012-02-06 03:49:00,1.30909,1.30909,1.30895,1.30902,1520899963.3789062
2012-02-06 03:50:00,1.30902,1.30903,1.30881,1.30891,1481600036.6210938
2012-02-06 03:51:00,1.30889,1.30899,1.30889,1.30897,963799972.5341797
2012-02-06 03:52:00,1.30893,1.30899,1.30893,1.30897,865000000.0
2012-02-06 03:53:00,1.30897,1.309,1.30892,1.30895,841299972.5341797
2012-02-06 03:54:00,1.30893,1.30961,1.30893,1.30953,1734199981.6894531
2012-02-06 03:55:00,1.30954,1.30954,1.30939,1.3094,1341399993.8964844
2012-02-06 03:56:00,1.30939,1.30941,1.3092,1.3092,1875500030.5175781
2012-02-06 03:57:00,1.3092,1.3092,1.30907,1.30917,868799972.5341797
2012-02-06 03:58:00,1.30917,1.30921,1.30917,1.30921,263700008.39233398
2012-02-06 03:59:00,1.30919,1.30927,1.30919,1.3092,786600036.6210938
2012-02-06 04:00:00,1.30925,1.3094,1.30925,1.30927,1613500061.0351562
2012-02-06 04:01:00,1.30927,1.30928,1.30923,1.30928,660199966.4306641
2012-02-06 04:02:00,1.30928,1.30959,1.30926,1.30929,1781399993.8964844
2012-02-06 04:03:00,1.30927,1.30927,1.30914,1.30919,1038499984.7412109
2012-02-06 04:04:00,1.30919,1.30925,1.30916,1.30921,1585399932.8613281
2012-02-06 04:05:00,1.30921,1.30924,1.30909,1.30912,1000599975.5859375
2012-02-06 04:06:00,1.3091,1.30914,1.30889,1.30902,1460299987.7929688
2012-02-06 04:07:00,1.30901,1.30901,1.30869,1.30874,2524700012.2070312
2012-02-06 04:08:00,1.30874,1.30886,1.30874,1.3088,811800003.0517578
2012-02-06 04:09:00,1.3088,1.30886,1.30867,1.30882,1201200027.4658203
2012-02-06 04:10:00,1.30882,1.30894,1.30875,1.30886,1306100006.1035156
2012-02-06 04:11:00,1.30889,1.30898,1.30886,1.30894,711299972.5341797
2012-02-06 04:12:00,1.30894,1.30894,1.30891,1.30891,515000000.0
2012-02-06 04:13:00,1.30891,1.30899,1.3089,1.30893,631199989.3188477
2012-02-06 04:14:00,1.30893,1.30902,1.30891,1.309,429799995.4223633
2012-02-06 04:15:00,1.309,1.309,1.30895,1.30898,210200004.57763672
2012-02-06 04:16:00,1.30899,1.30902,1.30899,1.30902,191700000.76293945
2012-02-06 04:17:00,1.30899,1.30901,1.30899,1.30901,139200000.76293945
2012-02-06 04:18:00,1.30901,1.30901,1.30895,1.30896,222199993.13354492
2012-02-06 04:19:00,1.30896,1.30896,1.30889,1.30892,677399978.6376953
2012-02-06 04:20:00,1.3089,1.30892,1.3089,1.3089,142200002.6702881
2012-02-06 04:21:00,1.30891,1.30896,1.3089,1.30893,475299987.79296875
2012-02-06 04:22:00,1.30891,1.30898,1.30891,1.30896,248700008.39233398
2012-02-06 04:23:00,1.30896,1.30913,1.30895,1.30913,576800003.0517578
2012-02-06 04:24:00,1.30908,1.30912,1.30894,1.30894,819499969.4824219
2012-02-06 04:25:00,1.30896,1.30904,1.30896,1.30904,610800018.3105469
2012-02-06 04:26:00,1.30906,1.30906,1.30899,1.30899,231900005.34057617
2012-02-06 04:27:00,1.30899,1.30899,1.30898,1.30898,205000000.0
2012-02-06 04:28:00,1.30898,1.30901,1.30887,1.30892,957300033.5693359
2012-02-06 04:29:00,1.30892,1.30901,1.30892,1.30901,515299987.79296875
2012-02-06 04:30:00,1.30901,1.30928,1.30901,1.30925,1375099945.0683594
2012-02-06 04:31:00,1.30925,1.30926,1.30908,1.30909,1519400024.4140625
2012-02-06 04:32:00,1.30909,1.30911,1.30909,1.30911,187299995.42236328
2012-02-06 04:33:00,1.30911,1.30927,1.30911,1.30918,913600006.1035156
2012-02-06 04:34:00,1.30918,1.3092,1.30916,1.3092,509700012.20703125
2012-02-06 04:35:00,1.3092,1.30925,1.3092,1.30925,285900001.5258789
2012-02-06 04:36:00,1.30925,1.30928,1.30912,1.30916,1451999969.4824219
2012-02-06 04:37:00,1.30916,1.30919,1.30915,1.30917,599099998.4741211
2012-02-06 04:38:00,1.30917,1.30918,1.30907,1.30908,710400009.1552734
2012-02-06 04:39:00,1.30909,1.30909,1.30899,1.309,539099998.4741211
2012-02-06 04:40:00,1.309,1.30901,1.30898,1.30901,242399997.71118164
2012-02-06 04:41:00,1.30901,1.30901,1.30898,1.30898,318899993.8964844
2012-02-06 04:42:00,1.30899,1.309,1.30892,1.309,519000015.25878906
2012-02-06 04:43:00,1.30898,1.30898,1.30891,1.30891,513300018.3105469
2012-02-06 04:44:00,1.30891,1.30891,1.30887,1.30889,482999992.37060547
2012-02-06 04:45:00,1.30888,1.30889,1.30887,1.30887,367200012.20703125
2012-02-06 04:46:00,1.30887,1.30888,1.30868,1.30868,817500000.0
2012-02-06 04:47:00,1.30868,1.30876,1.30866,1.30868,689400024.4140625
2012-02-06 04:48:00,1.30868,1.30868,1.3085,1.30851,1265599975.5859375
2012-02-06 04:49:00,1.30852,1.30878,1.30852,1.30878,879199981.6894531
2012-02-06 04:50:00,1.30878,1.30878,1.30869,1.30872,1158700027.4658203
2012-02-06 04:51:00,1.30872,1.30885,1.3087,1.30883,991500015.2587891
2012-02-06 04:52:00,1.30881,1.3089,1.3088,1.3089,1259100036.6210938
2012-02-06 04:53:00,1.30892,1.30892,1.30889,1.30889,677399978.6376953
2012-02-06 04:54:00,1.30889,1.30889,1.30871,1.30871,705100021.3623047
2012-02-06 04:55:00,1.30871,1.30871,1.30866,1.30866,385600013.73291016
2012-02-06 04:56:00,1.30867,1.30871,1.30867,1.30871,460499992.37060547
2012-02-06 04:57:00,1.3087,1.3087,1.30865,1.30868,429199981.6894531
2012-02-06 04:58:00,1.30861,1.30861,1.30832,1.3084,1073399963.3789062
2012-02-06 04:59:00,1.3084,1.30861,1.30839,1.30856,1048600006.1035156
2012-02-06 05:00:00,1.30856,1.30864,1.30842,1.30845,919300003.0517578
2012-02-06 05:01:00,1.30846,1.30846,1.30838,1.3084,971699981.6894531
2012-02-06 05:02:00,1.3084,1.30847,1.30838,1.30839,459900016.78466797
2012-02-06 05:03:00,1.30839,1.30844,1.30831,1.30842,894199981.6894531
2012-02-06 05:04:00,1.30842,1.30852,1.3084,1.30846,1442100067.1386719
2012-02-06 05:05:00,1.30844,1.30844,1.30839,1.30841,1165000000.0
2012-02-06 05:06:00,1.30841,1.30845,1.30841,1.30844,1087600021.3623047
2012-02-06 05:07:00,1.30844,1.30855,1.30844,1.30855,382900009.15527344
2012-02-06 05:08:00,1.30855,1.3086,1.30853,1.3086,530600013.73291016
2012-02-06 05:09:00,1.30859,1.30864,1.30857,1.3086,402299995.4223633
2012-02-06 05:10:00,1.3086,1.30872,1.3086,1.30872,389099998.4741211
2012-02-06 05:11:00,1.30872,1.30891,1.3087,1.30887,871200027.4658203
2012-02-06 05:12:00,1.30885,1.30885,1.30865,1.30872,960400009.1552734
2012-02-06 05:13:00,1.30866,1.30867,1.30865,1.30867,345800018.3105469
2012-02-06 05:14:00,1.30867,1.30872,1.30867,1.30869,869100036.6210938
2012-02-06 05:15:00,1.30869,1.30875,1.30865,1.30868,573600006.1035156
2012-02-06 05:16:00,1.30868,1.30868,1.30858,1.30865,579799995.4223633
2012-02-06 05:17:00,1.30865,1.3087,1.30864,1.3087,469900016.78466797
2012-02-06 05:18:00,1.30867,1.30869,1.30864,1.30864,274799995.4223633
2012-02-06 05:19:00,1.30864,1.30869,1.30861,1.30866,523199996.9482422
2012-02-06 05:20:00,1.30865,1.30866,1.30862,1.30863,280599994.6594238
2012-02-06 05:21:00,1.30863,1.30863,1.30842,1.30842,759899978.6376953
2012-02-06 05:22:00,1.3084,1.30843,1.3084,1.30843,219200000.76293945
2012-02-06 05:23:00,1.30839,1.30842,1.30838,1.30841,479500007.62939453
2012-02-06 05:24:00,1.30841,1.30843,1.30838,1.30838,340800018.3105469
2012-02-06 05:25:00,1.30841,1.30849,1.30838,1.30844,841600036.6210938
2012-02-06 05:26:00,1.30844,1.3085,1.30841,1.30849,1152200012.2070312
2012-02-06 05:27:00,1.30849,1.30852,1.30843,1.30843,480900001.5258789
2012-02-06 05:28:00,1.30849,1.30852,1.30845,1.30848,207399997.71118164
2012-02-06 05:29:00,1.30848,1.30848,1.30846,1.30846,246800003.0517578
2012-02-06 05:30:00,1.30847,1.3086,1.30846,1.3085,904899978.6376953
2012-02-06 05:31:00,1.30854,1.30879,1.30852,1.30879,778099975.5859375
2012-02-06 05:32:00,1.30881,1.30901,1.30868,1.30901,2268699951.171875
2012-02-06 05:33:00,1.30901,1.30901,1.30872,1.30873,1772200012.2070312
2012-02-06 05:34:00,1.30872,1.30875,1.30852,1.30859,2092299957.2753906
2012-02-06 05:35:00,1.30858,1.3086,1.30849,1.30849,523600006.1035156
2012-02-06 05:36:00,1.30847,1.30863,1.30844,1.30859,952600021.3623047
2012-02-06 05:37:00,1.30859,1.30865,1.30844,1.30853,1169300003.0517578
2012-02-06 05:38:00,1.30853,1.30853,1.30848,1.3085,587400016.784668
2012-02-06 05:39:00,1.30851,1.30857,1.30845,1.30857,776999969.4824219
2012-02-06 05:40:00,1.30857,1.30862,1.30816,1.30816,1873899993.8964844
2012-02-06 05:41:00,1.30815,1.30821,1.30814,1.30818,1324900054.9316406
2012-02-06 05:42:00,1.30818,1.30822,1.30811,1.30815,1209499969.4824219
2012-02-06 05:43:00,1.30815,1.30819,1.30815,1.30819,791299972.5341797
2012-02-06 05:44:00,1.30819,1.30842,1.30819,1.30839,1448800048.828125
2012-02-06 05:45:00,1.30839,1.30839,1.30827,1.30834,1645700073.2421875
2012-02-06 05:46:00,1.30834,1.30838,1.30828,1.30831,542900009.1552734
2012-02-06 05:47:00,1.30828,1.30831,1.30821,1.30828,557099990.8447266
2012-02-06 05:48:00,1.30828,1.30828,1.30824,1.30825,316499996.18530273
2012-02-06 05:49:00,1.30825,1.30828,1.3082,1.30824,656399993.8964844
2012-02-06 05:50:00,1.30824,1.30825,1.3082,1.30825,140900001.5258789
2012-02-06 05:51:00,1.30825,1.3084,1.30825,1.30833,503499984.74121094
2012-02-06 05:52:00,1.30836,1.30838,1.30833,1.30833,281299991.607666
2012-02-06 05:53:00,1.30836,1.30844,1.30831,1.30844,856500015.2587891
2012-02-06 05:54:00,1.30844,1.30865,1.30837,1.30864,1365599975.5859375
2012-02-06 05:55:00,1.30865,1.30875,1.30858,1.3087,1023600006.1035156
2012-02-06 05:56:00,1.3087,1.30897,1.3087,1.30889,1498899993.8964844
2012-02-06 05:57:00,1.30886,1.3089,1.30869,1.30871,974499969.4824219
2012-02-06 05:58:00,1.3087,1.30871,1.30861,1.30861,611399993.8964844
2012-02-06 05:59:00,1.30862,1.30863,1.30858,1.30863,601500015.2587891
2012-02-06 06:00:00,1.30863,1.30863,1.30854,1.30855,523100013.73291016
2012-02-06 06:01:00,1.30855,1.30855,1.30846,1.30846,765299987.7929688
2012-02-06 06:02:00,1.30846,1.30891,1.30843,1.30888,1927899932.8613281
2012-02-06 06:03:00,1.30888,1.30893,1.30869,1.30869,1167099990.8447266
2012-02-06 06:04:00,1.3087,1.30875,1.30869,1.30872,972600021.3623047
2012-02-06 06:05:00,1.30872,1.30874,1.30862,1.30867,877099990.8447266
2012-02-06 06:06:00,1.30872,1.30876,1.30851,1.30855,1042200012.2070312
2012-02-06 06:07:00,1.30855,1.30863,1.30849,1.30863,527299995.4223633
2012-02-06 06:08:00,1.3086,1.3086,1.3084,1.3084,753700027.4658203
2012-02-06 06:09:00,1.30842,1.3086,1.3084,1.30846,1283800048.828125
2012-02-06 06:10:00,1.3085,1.30864,1.3085,1.30857,669199981.6894531
2012-02-06 06:11:00,1.30857,1.30859,1.30851,1.30854,650400009.1552734
2012-02-06 06:12:00,1.30854,1.30856,1.30835,1.30837,1542599945.0683594
2012-02-06 06:13:00,1.3084,1.3085,1.3084,1.30849,722500000.0
2012-02-06 06:14:00,1.30846,1.30849,1.30838,1.30838,666299972.5341797
2012-02-06 06:15:00,1.30839,1.30839,1.30829,1.30831,859400024.4140625
2012-02-06 06:16:00,1.30831,1.30831,1.3082,1.30824,792600021.3623047
2012-02-06 06:17:00,1.30828,1.30828,1.30808,1.3081,1491699981.6894531
2012-02-06 06:18:00,1.3081,1.30817,1.30809,1.30815,870800018.3105469
2012-02-06 06:19:00,1.30815,1.30824,1.30745,1.30748,2689800109.8632812
2012-02-06 06:20:00,1.30747,1.30766,1.30745,1.3075,2066600036.6210938
2012-02-06 06:21:00,1.30749,1.30751,1.3074,1.30749,1805500030.5175781
2012-02-06 06:22:00,1.30751,1.30751,1.30673,1.30685,2748500061.0351562
2012-02-06 06:23:00,1.30685,1.30711,1.30685,1.3069,2077599945.0683594
2012-02-06 06:24:00,1.30691,1.30691,1.30588,1.30595,3059500122.0703125
2012-02-06 06:25:00,1.30595,1.30615,1.30571,1.30593,2827000122.0703125
2012-02-06 06:26:00,1.30593,1.30617,1.30592,1.30602,2837600097.65625
2012-02-06 06:27:00,1.30605,1.30624,1.306,1.30621,2133500061.0351562
2012-02-06 06:28:00,1.30618,1.30634,1.306,1.30605,2330800018.310547
2012-02-06 06:29:00,1.30605,1.30616,1.30589,1.30589,3026799926.7578125
2012-02-06 06:30:00,1.30589,1.30597,1.30548,1.30583,2333200073.2421875
2012-02-06 06:31:00,1.30583,1.30615,1.30581,1.30613,1757299957.2753906
2012-02-06 06:32:00,1.3061,1.30623,1.30606,1.30622,1954600067.1386719
2012-02-06 06:33:00,1.30622,1.30628,1.30613,1.30615,1691799926.7578125
2012-02-06 06:34:00,1.30614,1.30614,1.306,1.30601,1340800018.3105469
2012-02-06 06:35:00,1.30601,1.30641,1.30601,1.30636,1477500000.0
2012-02-06 06:36:00,1.30635,1.30676,1.30628,1.30667,1674900054.9316406
2012-02-06 06:37:00,1.30667,1.30679,1.30655,1.30675,2049700012.2070312
2012-02-06 06:38:00,1.30675,1.30686,1.30647,1.30651,1728800048.828125
2012-02-06 06:39:00,1.30652,1.30663,1.30651,1.30659,1078700027.4658203
2012-02-06 06:40:00,1.30658,1.30658,1.30631,1.30633,1186600036.6210938
2012-02-06 06:41:00,1.30633,1.30656,1.3063,1.30652,1348200073.2421875
2012-02-06 06:42:00,1.30652,1.30655,1.30623,1.30625,1062699966.4306641
2012-02-06 06:43:00,1.30625,1.30627,1.30615,1.30621,1837299957.2753906
2012-02-06 06:44:00,1.30622,1.30647,1.30612,1.30613,1382400054.9316406
2012-02-06 06:45:00,1.30613,1.30613,1.30552,1.30552,2345500030.517578
2012-02-06 06:46:00,1.30545,1.30576,1.30545,1.30575,1688200073.2421875
2012-02-06 06:47:00,1.3057,1.30585,1.30565,1.30582,1874299926.7578125
2012-02-06 06:48:00,1.30584,1.3059,1.30573,1.30583,1803399963.3789062
2012-02-06 06:49:00,1.30584,1.30612,1.30579,1.30583,2399799957.2753906
2012-02-06 06:50:00,1.30583,1.30638,1.30583,1.30638,2142599945.0683594
2012-02-06 06:51:00,1.30636,1.30642,1.30633,1.30633,1451000061.0351562
2012-02-06 06:52:00,1.30634,1.30652,1.30634,1.30647,1587299957.2753906
2012-02-06 06:53:00,1.30646,1.30648,1.30631,1.30631,2255599975.5859375
2012-02-06 06:54:00,1.30631,1.30633,1.30602,1.30604,2763999938.9648438
2012-02-06 06:55:00,1.30599,1.30632,1.30592,1.30632,2448699951.171875
2012-02-06 06:56:00,1.30631,1.30643,1.30629,1.30643,911299972.5341797
2012-02-06 06:57:00,1.30645,1.30654,1.30642,1.30652,917300033.5693359
2012-02-06 06:58:00,1.3065,1.30664,1.30648,1.30663,1446000061.0351562
2012-02-06 06:59:00,1.30663,1.30663,1.30654,1.30659,1682599945.0683594
2012-02-06 07:00:00,1.30661,1.30661,1.30637,1.30642,2306999969.482422
2012-02-06 07:01:00,1.30642,1.3065,1.30614,1.3062,2456699981.689453
2012-02-06 07:02:00,1.30614,1.30625,1.30609,1.30622,2531600036.6210938
2012-02-06 07:03:00,1.30623,1.30631,1.30613,1.30619,2541000061.0351562
2012-02-06 07:04:00,1.30617,1.30617,1.30577,1.30585,2253899993.8964844
2012-02-06 07:05:00,1.30585,1.30594,1.30568,1.30571,1907799987.7929688
2012-02-06 07:06:00,1.30572,1.30575,1.30561,1.30568,2025800018.3105469
2012-02-06 07:07:00,1.30568,1.30576,1.30557,1.30558,1794499969.4824219
2012-02-06 07:08:00,1.30558,1.30581,1.3053,1.30581,2535500030.517578
2012-02-06 07:09:00,1.30581,1.30634,1.30581,1.30629,2343399963.3789062
2012-02-06 07:10:00,1.3063,1.30639,1.30622,1.30623,1806799926.7578125
2012-02-06 07:11:00,1.30623,1.30628,1.30607,1.30627,1766600036.6210938
2012-02-06 07:12:00,1.30625,1.30669,1.3062,1.3066,2416399993.8964844
2012-02-06 07:13:00,1.30665,1.30742,1.30665,1.30734,3054500122.0703125
2012-02-06 07:14:00,1.30734,1.30734,1.30702,1.30702,2046499938.9648438
2012-02-06 07:15:00,1.307,1.30729,1.30697,1.30721,1624199981.6894531
2012-02-06 07:16:00,1.30721,1.30758,1.30721,1.30735,2706300048.828125
2012-02-06 07:17:00,1.30734,1.30734,1.30696,1.30699,1769600067.1386719
2012-02-06 07:18:00,1.30699,1.30701,1.30669,1.30676,2333600006.1035156
2012-02-06 07:19:00,1.30676,1.30677,1.3066,1.30662,1433600006.1035156
2012-02-06 07:20:00,1.30663,1.30698,1.30652,1.30671,2575299987.7929688
2012-02-06 07:21:00,1.30671,1.30679,1.30664,1.30672,2165099945.0683594
2012-02-06 07:22:00,1.30671,1.30671,1.30637,1.3064,1971199951.171875
2012-02-06 07:23:00,1.30639,1.30663,1.30635,1.30658,1639900054.9316406
2012-02-06 07:24:00,1.30658,1.30661,1.3064,1.30643,1209899978.6376953
2012-02-06 07:25:00,1.30643,1.30661,1.30641,1.30661,1205400009.1552734
2012-02-06 07:26:00,1.30662,1.3072,1.30662,1.30708,2466900024.4140625
2012-02-06 07:27:00,1.30711,1.30729,1.30708,1.30719,1985399932.8613281
2012-02-06 07:28:00,1.30716,1.30716,1.30704,1.30705,1126200027.4658203
2012-02-06 07:29:00,1.30704,1.30711,1.30695,1.30711,1673699951.171875
2012-02-06 07:30:00,1.30712,1.30735,1.30712,1.30726,1786900024.4140625
2012-02-06 07:31:00,1.30728,1.30762,1.30725,1.30762,1897400054.9316406
2012-02-06 07:32:00,1.30763,1.30773,1.30752,1.30767,2271199951.171875
2012-02-06 07:33:00,1.30767,1.30768,1.30754,1.30766,2422899932.861328
2012-02-06 07:34:00,1.30766,1.30769,1.30731,1.30739,2028200073.2421875
2012-02-06 07:35:00,1.30738,1.30755,1.30736,1.30747,2042599945.0683594
2012-02-06 07:36:00,1.30747,1.30793,1.30747,1.30781,2949899902.34375
2012-02-06 07:37:00,1.30781,1.30813,1.30781,1.308,2812699890.1367188
2012-02-06 07:38:00,1.308,1.30802,1.30777,1.30777,2062500000.0
2012-02-06 07:39:00,1.30777,1.30798,1.30768,1.30787,2125299987.7929688
2012-02-06 07:40:00,1.30782,1.30793,1.30782,1.3079,2163200073.2421875
2012-02-06 07:41:00,1.30791,1.30796,1.3078,1.30781,1598999938.9648438
2012-02-06 07:42:00,1.30785,1.30785,1.30764,1.30774,2046499938.9648438
2012-02-06 07:43:00,1.30775,1.30789,1.30775,1.30784,1522899932.8613281
2012-02-06 07:44:00,1.30783,1.30793,1.30777,1.30793,1859799957.2753906
2012-02-06 07:45:00,1.30793,1.30871,1.30792,1.30858,3392200012.2070312
2012-02-06 07:46:00,1.30855,1.30862,1.30842,1.3085,2833500061.0351562
2012-02-06 07:47:00,1.30851,1.30853,1.30834,1.30836,2039100036.6210938
2012-02-06 07:48:00,1.30833,1.30836,1.3082,1.30825,2190700073.2421875
2012-02-06 07:49:00,1.30826,1.30846,1.30825,1.30837,1673699951.171875
2012-02-06 07:50:00,1.30837,1.30856,1.30827,1.30853,1952700042.7246094
2012-02-06 07:51:00,1.30853,1.30901,1.3085,1.30881,2555800018.310547
2012-02-06 07:52:00,1.30881,1.30886,1.30855,1.30855,1479900054.9316406
2012-02-06 07:53:00,1.30851,1.30906,1.30849,1.30903,2609400024.4140625
2012-02-06 07:54:00,1.30903,1.30922,1.30878,1.3088,3739100036.6210938
2012-02-06 07:55:00,1.30882,1.30912,1.30882,1.30912,2514100036.6210938
2012-02-06 07:56:00,1.30912,1.30932,1.30904,1.30931,3435299987.7929688
2012-02-06 07:57:00,1.30933,1.30938,1.30912,1.30914,2677999877.9296875
2012-02-06 07:58:00,1.30914,1.30914,1.3089,1.30895,2627099914.5507812
2012-02-06 07:59:00,1.30894,1.30922,1.3089,1.30922,1395099945.0683594
2012-02-06 08:00:00,1.30924,1.3094,1.30907,1.30938,3422699890.1367188
2012-02-06 08:01:00,1.30938,1.3097,1.3093,1.30958,3556400146.484375
2012-02-06 08:02:00,1.30957,1.30957,1.30911,1.30918,2594700012.2070312
2012-02-06 08:03:00,1.30917,1.30919,1.30867,1.30867,2718500061.0351562
2012-02-06 08:04:00,1.30863,1.30891,1.30857,1.30882,2633200073.2421875
2012-02-06 08:05:00,1.30884,1.30908,1.30869,1.30874,2592999877.9296875
2012-02-06 08:06:00,1.30872,1.30881,1.30868,1.30868,2832900085.4492188
2012-02-06 08:07:00,1.30868,1.30869,1.30824,1.30828,2948900146.484375
2012-02-06 08:08:00,1.30825,1.30844,1.3081,1.30823,3255400085.4492188
2012-02-06 08:09:00,1.30823,1.30839,1.30815,1.30824,2017899932.8613281
2012-02-06 08:10:00,1.30824,1.30839,1.30791,1.30801,3205000000.0
2012-02-06 08:11:00,1.308,1.30843,1.308,1.30804,2672799987.7929688
2012-02-06 08:12:00,1.30806,1.3083,1.30803,1.30825,2779599914.5507812
2012-02-06 08:13:00,1.30825,1.30888,1.30824,1.30875,3138500061.0351562
2012-02-06 08:14:00,1.30874,1.30906,1.30867,1.30906,1618500061.0351562
2012-02-06 08:15:00,1.30905,1.30965,1.30903,1.3096,3448500061.0351562
2012-02-06 08:16:00,1.30957,1.30975,1.3094,1.30943,2777600097.65625
2012-02-06 08:17:00,1.30942,1.30948,1.30895,1.30895,3174700012.2070312
2012-02-06 08:18:00,1.30897,1.30921,1.30885,1.30889,2141399993.8964844
2012-02-06 08:19:00,1.30888,1.3089,1.30846,1.30859,2740499877.9296875
2012-02-06 08:20:00,1.30856,1.30878,1.30769,1.30771,3552300109.8632812
2012-02-06 08:21:00,1.30772,1.30792,1.3073,1.30756,4110499877.9296875
2012-02-06 08:22:00,1.30759,1.30791,1.30731,1.30755,3182699890.1367188
2012-02-06 08:23:00,1.30755,1.30755,1.30711,1.30727,3163900146.484375
2012-02-06 08:24:00,1.30727,1.30727,1.30666,1.30696,3712000122.0703125
2012-02-06 08:25:00,1.307,1.30719,1.30648,1.30718,3257600097.65625
2012-02-06 08:26:00,1.30718,1.30722,1.30678,1.30718,2780799865.7226562
2012-02-06 08:27:00,1.3072,1.3075,1.3072,1.30745,2620499877.9296875
2012-02-06 08:28:00,1.30745,1.30748,1.307,1.30706,1857500000.0
2012-02-06 08:29:00,1.30706,1.30734,1.30676,1.3072,2866900024.4140625
2012-02-06 08:30:00,1.30721,1.30722,1.30678,1.30678,2478300018.310547
2012-02-06 08:31:00,1.30677,1.30678,1.30637,1.30654,2816900024.4140625
2012-02-06 08:32:00,1.30654,1.30708,1.30654,1.30703,2419900054.9316406
2012-02-06 08:33:00,1.30706,1.30745,1.30699,1.30711,3896700134.2773438
2012-02-06 08:34:00,1.30718,1.30732,1.30688,1.30692,3376099853.515625
2012-02-06 08:35:00,1.30693,1.30697,1.30626,1.30647,2893599853.515625
2012-02-06 08:36:00,1.30647,1.3065,1.30602,1.30621,3410499877.9296875
2012-02-06 08:37:00,1.30619,1.3063,1.30575,1.30583,2440099945.0683594
2012-02-06 08:38:00,1.30583,1.30652,1.30583,1.30642,2880000000.0
2012-02-06 08:39:00,1.30645,1.3067,1.30631,1.30665,2860000000.0
2012-02-06 08:40:00,1.30666,1.3067,1.3064,1.30668,2470599975.5859375
2012-02-06 08:41:00,1.30666,1.3067,1.30647,1.30655,1834900054.9316406
2012-02-06 08:42:00,1.30656,1.30703,1.30638,1.30703,2804200134.2773438
2012-02-06 08:43:00,1.30702,1.30706,1.30658,1.3067,2203099975.5859375
2012-02-06 08:44:00,1.3067,1.30684,1.30662,1.30662,2359799957.2753906
2012-02-06 08:45:00,1.30661,1.30661,1.30552,1.30557,3322900085.4492188
2012-02-06 08:46:00,1.30557,1.30602,1.30551,1.3058,2794700012.2070312
2012-02-06 08:47:00,1.30575,1.30662,1.30572,1.30662,2664899902.34375
2012-02-06 08:48:00,1.30662,1.30664,1.30628,1.30635,2638399963.3789062
2012-02-06 08:49:00,1.30634,1.30659,1.30617,1.30659,3163099975.5859375
2012-02-06 08:50:00,1.30656,1.30673,1.30637,1.30637,2555899963.3789062
2012-02-06 08:51:00,1.30638,1.30638,1.30596,1.30599,2717600097.65625
2012-02-06 08:52:00,1.30601,1.30612,1.30563,1.30604,3083500061.0351562
2012-02-06 08:53:00,1.30603,1.30612,1.30558,1.30579,3216600036.6210938
2012-02-06 08:54:00,1.30577,1.30601,1.30573,1.30584,2742399902.34375
2012-02-06 08:55:00,1.30585,1.30623,1.30585,1.30619,2224499969.482422
2012-02-06 08:56:00,1.30619,1.30633,1.30611,1.30613,2950199890.1367188
2012-02-06 08:57:00,1.30615,1.30621,1.30605,1.30621,2242400054.9316406
2012-02-06 08:58:00,1.30621,1.30626,1.3061,1.30612,2791600036.6210938
2012-02-06 08:59:00,1.30611,1.30622,1.3058,1.30622,3210199890.1367188
2012-02-06 09:00:00,1.30625,1.30637,1.30602,1.30608,3154500122.0703125
2012-02-06 09:01:00,1.30606,1.30615,1.30598,1.30599,2424700012.2070312
2012-02-06 09:02:00,1.30598,1.30599,1.30519,1.30556,3441900024.4140625
2012-02-06 09:03:00,1.30557,1.30559,1.30444,1.30452,3929800109.8632812
2012-02-06 09:04:00,1.30457,1.30463,1.30416,1.30463,3380599975.5859375
2012-02-06 09:05:00,1.30464,1.30464,1.30383,1.30433,3881700134.2773438
2012-02-06 09:06:00,1.30428,1.30428,1.30371,1.30385,3317999877.9296875
2012-02-06 09:07:00,1.30383,1.30426,1.30379,1.3042,3577099914.5507812
2012-02-06 09:08:00,1.30424,1.30438,1.30411,1.3043,3391799926.7578125
2012-02-06 09:09:00,1.30429,1.30441,1.30413,1.30441,3029800109.8632812
2012-02-06 09:10:00,1.30441,1.30441,1.30371,1.30417,2619700012.2070312
2012-02-06 09:11:00,1.30418,1.30418,1.30363,1.3039,3082399902.34375
2012-02-06 09:12:00,1.30395,1.30399,1.30372,1.30385,2859899902.34375
2012-02-06 09:13:00,1.30389,1.30406,1.30382,1.30387,2421900024.4140625
2012-02-06 09:14:00,1.30387,1.304,1.30376,1.3039,2727399902.34375
2012-02-06 09:15:00,1.30389,1.30419,1.30362,1.30364,3241600036.6210938
2012-02-06 09:16:00,1.30364,1.30366,1.30326,1.30326,2912600097.65625
2012-02-06 09:17:00,1.30327,1.30398,1.30327,1.30397,3380700073.2421875
2012-02-06 09:18:00,1.30395,1.30414,1.30382,1.30408,2251699981.689453
2012-02-06 09:19:00,1.30407,1.30419,1.30373,1.30379,2507200012.2070312
2012-02-06 09:20:00,1.30379,1.30394,1.3036,1.30392,2264700012.2070312
2012-02-06 09:21:00,1.30397,1.30431,1.30397,1.30398,2394499969.482422
2012-02-06 09:22:00,1.30396,1.30407,1.30388,1.30406,2625899963.3789062
2012-02-06 09:23:00,1.30406,1.30434,1.30404,1.30413,2559700012.2070312
2012-02-06 09:24:00,1.30414,1.30422,1.30379,1.30382,2563800048.828125
2012-02-06 09:25:00,1.30382,1.30397,1.30352,1.30383,2992399902.34375
2012-02-06 09:26:00,1.30379,1.30381,1.30304,1.3032,3262999877.9296875
2012-02-06 09:27:00,1.3032,1.30342,1.30306,1.30309,2841900024.4140625
2012-02-06 09:28:00,1.30309,1.30348,1.30301,1.30348,2610299987.7929688
2012-02-06 09:29:00,1.30346,1.30364,1.30336,1.3035,2522100067.138672
2012-02-06 09:30:00,1.30352,1.30361,1.30332,1.30341,2829599914.5507812
2012-02-06 09:31:00,1.3034,1.30382,1.30339,1.30368,2912200012.2070312
2012-02-06 09:32:00,1.30367,1.30408,1.30364,1.30373,2572900085.4492188
2012-02-06 09:33:00,1.30372,1.30423,1.30368,1.3042,2597600097.65625
2012-02-06 09:34:00,1.30419,1.30423,1.30386,1.30394,1945099945.0683594
2012-02-06 09:35:00,1.30393,1.30426,1.3038,1.30426,2411600036.6210938
2012-02-06 09:36:00,1.30427,1.30449,1.30415,1.30433,3164800109.8632812
2012-02-06 09:37:00,1.30433,1.30461,1.30423,1.30461,2606000061.0351562
2012-02-06 09:38:00,1.3046,1.30472,1.30438,1.30463,2856499938.9648438
2012-02-06 09:39:00,1.30461,1.30485,1.30448,1.30449,2644299926.7578125
2012-02-06 09:40:00,1.30449,1.3045,1.30414,1.30431,3492500000.0
2012-02-06 09:41:00,1.30431,1.30432,1.30417,1.30432,1591600036.6210938
2012-02-06 09:42:00,1.30434,1.30448,1.30399,1.30399,2593299865.7226562
2012-02-06 09:43:00,1.304,1.30422,1.30392,1.30398,2613599853.515625
2012-02-06 09:44:00,1.30398,1.30398,1.30344,1.30349,2407400054.9316406
2012-02-06 09:45:00,1.30349,1.30353,1.3031,1.30347,2341000061.0351562
2012-02-06 09:46:00,1.30348,1.30371,1.30333,1.30362,2478899993.8964844
2012-02-06 09:47:00,1.30362,1.3039,1.30361,1.30385,1343800048.828125
2012-02-06 09:48:00,1.30384,1.30421,1.30361,1.30417,2476600036.6210938
2012-02-06 09:49:00,1.30418,1.30423,1.3039,1.30419,2821600036.6210938
2012-02-06 09:50:00,1.30418,1.30431,1.3041,1.30431,1586399993.8964844
2012-02-06 09:51:00,1.30433,1.30451,1.30407,1.30408,3169800109.8632812
2012-02-06 09:52:00,1.30406,1.30432,1.30406,1.30429,2663099975.5859375
2012-02-06 09:53:00,1.30428,1.30455,1.30425,1.30448,2241900024.4140625
2012-02-06 09:54:00,1.30449,1.30453,1.30439,1.30448,1953800048.828125
2012-02-06 09:55:00,1.30447,1.30501,1.30447,1.30466,3190299987.7929688
2012-02-06 09:56:00,1.30465,1.3049,1.30458,1.30467,2827500000.0
2012-02-06 09:57:00,1.30467,1.30469,1.30445,1.30452,1757500000.0
2012-02-06 09:58:00,1.3045,1.30457,1.3043,1.3043,1606600036.6210938
2012-02-06 09:59:00,1.30431,1.30431,1.304,1.30423,2991400146.484375
2012-02-06 10:00:00,1.30424,1.30424,1.30379,1.30415,2546699981.689453
2012-02-06 10:01:00,1.30415,1.30418,1.30358,1.30367,2263600006.1035156
2012-02-06 10:02:00,1.30368,1.30393,1.30353,1.30377,2615100097.65625
2012-02-06 10:03:00,1.30378,1.30381,1.30357,1.3038,2441699981.689453
2012-02-06 10:04:00,1.30383,1.30395,1.30348,1.30349,3276799926.7578125
2012-02-06 10:05:00,1.30349,1.30368,1.30318,1.3035,2785299987.7929688
2012-02-06 10:06:00,1.3035,1.30383,1.30346,1.30371,2141600036.6210938
2012-02-06 10:07:00,1.30367,1.30432,1.30364,1.30422,2598299865.7226562
2012-02-06 10:08:00,1.30421,1.30433,1.30404,1.30404,1868800048.828125
2012-02-06 10:09:00,1.30404,1.30416,1.3039,1.30409,2346100006.1035156
2012-02-06 10:10:00,1.30412,1.30441,1.30412,1.30421,2516100006.1035156
2012-02-06 10:11:00,1.30421,1.30434,1.30414,1.30427,2090700073.2421875
2012-02-06 10:12:00,1.30421,1.30446,1.30418,1.30443,2150500030.517578
2012-02-06 10:13:00,1.30443,1.3047,1.30435,1.30439,2697000122.0703125
2012-02-06 10:14:00,1.3044,1.30482,1.30438,1.30464,2881099853.515625
2012-02-06 10:15:00,1.30464,1.30481,1.30452,1.30454,2754200134.2773438
2012-02-06 10:16:00,1.30453,1.30479,1.30433,1.30479,2630499877.9296875
2012-02-06 10:17:00,1.3048,1.30495,1.30471,1.30471,2116100006.1035156
2012-02-06 10:18:00,1.30471,1.3048,1.30457,1.3046,2507700042.7246094
2012-02-06 10:19:00,1.3046,1.3046,1.30433,1.30439,2424799957.2753906
2012-02-06 10:20:00,1.30439,1.30454,1.30417,1.30426,1856100006.1035156
2012-02-06 10:21:00,1.30425,1.30428,1.30393,1.30409,1855700073.2421875
2012-02-06 10:22:00,1.30409,1.30416,1.30397,1.30416,2155200042.7246094
2012-02-06 10:23:00,1.30416,1.30459,1.30409,1.30456,3027699890.1367188
2012-02-06 10:24:00,1.30456,1.30469,1.30438,1.30467,3018200073.2421875
2012-02-06 10:25:00,1.30468,1.30505,1.30464,1.305,2591199951.171875
2012-02-06 10:26:00,1.30499,1.30539,1.30494,1.30538,3123900146.484375
2012-02-06 10:27:00,1.30538,1.30547,1.30513,1.30527,3172200012.2070312
2012-02-06 10:28:00,1.30527,1.3053,1.30506,1.30529,3162999877.9296875
2012-02-06 10:29:00,1.30529,1.30558,1.30524,1.3055,3001600036.6210938
2012-02-06 10:30:00,1.3055,1.30564,1.30526,1.30537,3296499938.9648438
2012-02-06 10:31:00,1.30536,1.30584,1.30536,1.30555,3412500000.0
2012-02-06 10:32:00,1.30555,1.30559,1.30522,1.30529,2697699890.1367188
2012-02-06 10:33:00,1.30531,1.30574,1.30531,1.30558,2466399993.8964844
2012-02-06 10:34:00,1.30558,1.3057,1.30527,1.30529,2509199981.689453
2012-02-06 10:35:00,1.30529,1.30529,1.30505,1.30511,2790100097.65625
2012-02-06 10:36:00,1.30509,1.3051,1.30456,1.30456,2122799987.7929688
2012-02-06 10:37:00,1.30458,1.30465,1.30445,1.30459,1716799926.7578125
2012-02-06 10:38:00,1.3046,1.30492,1.30451,1.30484,2697500000.0
2012-02-06 10:39:00,1.30482,1.30482,1.30456,1.30456,2719899902.34375
2012-02-06 10:40:00,1.30459,1.30466,1.30434,1.30441,1956000061.0351562
2012-02-06 10:41:00,1.30445,1.30525,1.30441,1.30524,2556300048.828125
2012-02-06 10:42:00,1.30526,1.3056,1.30521,1.30557,2697099914.5507812
2012-02-06 10:43:00,1.30556,1.30556,1.30514,1.30516,2481100006.1035156
2012-02-06 10:44:00,1.30516,1.3055,1.30514,1.3055,2258899993.8964844
2012-02-06 10:45:00,1.30545,1.30574,1.30522,1.30568,3244500122.0703125
2012-02-06 10:46:00,1.30568,1.3057,1.3054,1.30541,3061400146.484375
2012-02-06 10:47:00,1.30536,1.3054,1.30517,1.30526,2322400054.9316406
2012-02-06 10:48:00,1.30526,1.30527,1.30502,1.30516,2437599945.0683594
2012-02-06 10:49:00,1.30516,1.30534,1.30485,1.30485,2903099975.5859375
2012-02-06 10:50:00,1.30485,1.30485,1.30446,1.30451,2972999877.9296875
2012-02-06 10:51:00,1.30451,1.30461,1.30448,1.30457,1987100067.1386719
2012-02-06 10:52:00,1.30457,1.30461,1.30447,1.30447,1983999938.9648438
2012-02-06 10:53:00,1.30447,1.30468,1.30437,1.30466,2597200012.2070312
2012-02-06 10:54:00,1.30466,1.30467,1.30439,1.30449,2555899963.3789062
2012-02-06 10:55:00,1.30449,1.30454,1.30423,1.30424,1858500061.0351562
2012-02-06 10:56:00,1.30424,1.30438,1.30408,1.30437,1463600006.1035156
2012-02-06 10:57:00,1.30438,1.30438,1.30418,1.30418,1866399993.8964844
2012-02-06 10:58:00,1.30418,1.30421,1.30405,1.30419,1214700012.2070312
2012-02-06 10:59:00,1.30412,1.30438,1.30408,1.30435,2220899963.3789062
2012-02-06 11:00:00,1.3043,1.30468,1.3043,1.30462,2611499938.9648438
2012-02-06 11:01:00,1.3046,1.30502,1.3046,1.30488,2448899993.8964844
2012-02-06 11:02:00,1.30487,1.3049,1.30467,1.30487,2186199951.171875
2012-02-06 11:03:00,1.30487,1.30514,1.30483,1.30506,2143699951.171875
2012-02-06 11:04:00,1.30505,1.30505,1.30489,1.30489,1888999938.9648438
2012-02-06 11:05:00,1.30486,1.30488,1.30469,1.30469,1728099975.5859375
2012-02-06 11:06:00,1.30469,1.30476,1.30451,1.30457,1953300018.3105469
2012-02-06 11:07:00,1.30457,1.30497,1.30456,1.30492,2354600067.138672
2012-02-06 11:08:00,1.30492,1.30495,1.30485,1.30487,1015599975.5859375
2012-02-06 11:09:00,1.30487,1.30532,1.30487,1.30529,2306100006.1035156
2012-02-06 11:10:00,1.30529,1.30551,1.30505,1.30515,2390299987.7929688
2012-02-06 11:11:00,1.30515,1.30542,1.30511,1.30536,2310200042.7246094
2012-02-06 11:12:00,1.30537,1.30557,1.30531,1.30531,2470200042.7246094
2012-02-06 11:13:00,1.30527,1.30527,1.30492,1.30497,1950200042.7246094
2012-02-06 11:14:00,1.30495,1.30495,1.3049,1.30491,1115000000.0
2012-02-06 11:15:00,1.30492,1.30493,1.3047,1.30488,2029400024.4140625
2012-02-06 11:16:00,1.30488,1.30527,1.30488,1.30508,2264499969.482422
2012-02-06 11:17:00,1.30508,1.30516,1.30495,1.30515,1760099945.0683594
2012-02-06 11:18:00,1.30517,1.3052,1.30514,1.30517,1768099975.5859375
2012-02-06 11:19:00,1.30517,1.30534,1.30506,1.30534,1973600006.1035156
2012-02-06 11:20:00,1.30534,1.30548,1.30531,1.30533,2638500061.0351562
2012-02-06 11:21:00,1.30533,1.3054,1.30527,1.30529,2100299987.7929688
2012-02-06 11:22:00,1.30527,1.30547,1.30527,1.30545,2147500000.0
2012-02-06 11:23:00,1.30545,1.30548,1.30535,1.30545,2253899993.8964844
2012-02-06 11:24:00,1.30545,1.30558,1.30545,1.30551,1650399932.8613281
2012-02-06 11:25:00,1.30551,1.30551,1.30539,1.30539,1619600067.1386719
2012-02-06 11:26:00,1.30537,1.30544,1.3053,1.30537,929000015.2587891
2012-02-06 11:27:00,1.30536,1.30564,1.30536,1.30555,1441000061.0351562
2012-02-06 11:28:00,1.30556,1.30557,1.30544,1.30546,1216200027.4658203
2012-02-06 11:29:00,1.30545,1.30564,1.30536,1.30564,1356000061.0351562
2012-02-06 11:30:00,1.30564,1.30601,1.30564,1.30584,1909400024.4140625
2012-02-06 11:31:00,1.30583,1.30647,1.30583,1.30641,3180000000.0
2012-02-06 11:32:00,1.30641,1.30687,1.30641,1.30669,3187500000.0
2012-02-06 11:33:00,1.30668,1.30668,1.30643,1.30652,2907300109.8632812
2012-02-06 11:34:00,1.30651,1.30701,1.3064,1.30699,3429400024.4140625
2012-02-06 11:35:00,1.30698,1.30703,1.30676,1.30676,2499100036.6210938
2012-02-06 11:36:00,1.30676,1.30713,1.30676,1.30697,3005400085.4492188
2012-02-06 11:37:00,1.30695,1.30709,1.30674,1.30695,2729200134.2773438
2012-02-06 11:38:00,1.30694,1.30715,1.30684,1.30709,2598800048.828125
2012-02-06 11:39:00,1.30709,1.30712,1.3066,1.30666,2470899963.3789062
2012-02-06 11:40:00,1.30667,1.30667,1.30629,1.30634,2686799926.7578125
2012-02-06 11:41:00,1.30634,1.30635,1.30608,1.3062,2402400054.9316406
2012-02-06 11:42:00,1.3062,1.30651,1.30613,1.30648,2133300018.3105469
2012-02-06 11:43:00,1.30648,1.30649,1.30613,1.30613,2063699951.171875
2012-02-06 11:44:00,1.30613,1.30628,1.30584,1.30584,2643999938.9648438
2012-02-06 11:45:00,1.30583,1.30584,1.30541,1.30561,2869200134.2773438
2012-02-06 11:46:00,1.30563,1.30599,1.30563,1.30581,2237700042.7246094
2012-02-06 11:47:00,1.30581,1.30636,1.30581,1.30627,2554900054.9316406
2012-02-06 11:48:00,1.30627,1.30629,1.30615,1.3062,1983500061.0351562
2012-02-06 11:49:00,1.30615,1.30615,1.30473,1.30473,3749100036.6210938
2012-02-06 11:50:00,1.30471,1.30478,1.30395,1.30395,4229400024.4140625
2012-02-06 11:51:00,1.30392,1.30421,1.30341,1.30421,4219200134.2773438
2012-02-06 11:52:00,1.30419,1.30422,1.30365,1.30401,3260199890.1367188
2012-02-06 11:53:00,1.30402,1.3043,1.30402,1.30424,2500899963.3789062
2012-02-06 11:54:00,1.30424,1.30443,1.30412,1.30443,2635599975.5859375
2012-02-06 11:55:00,1.30443,1.3046,1.30431,1.30439,2116799926.7578125
2012-02-06 11:56:00,1.30439,1.30518,1.30432,1.30509,2664899902.34375
2012-02-06 11:57:00,1.30509,1.30607,1.30509,1.30595,5051099853.515625
2012-02-06 11:58:00,1.30589,1.3064,1.30577,1.30586,4595100097.65625
2012-02-06 11:59:00,1.30586,1.3061,1.30568,1.30575,3435700073.2421875
2012-02-06 12:00:00,1.30569,1.30583,1.3055,1.3055,2145700073.2421875
2012-02-06 12:01:00,1.30549,1.30599,1.30549,1.30589,3300000000.0
2012-02-06 12:02:00,1.30588,1.30616,1.30574,1.30598,2965799865.7226562
2012-02-06 12:03:00,1.30596,1.30596,1.30565,1.30565,2370299987.7929688
2012-02-06 12:04:00,1.30564,1.30613,1.30559,1.30612,2902799987.7929688
2012-02-06 12:05:00,1.3061,1.30621,1.30589,1.30592,2002299957.2753906
2012-02-06 12:06:00,1.3059,1.3059,1.30569,1.30584,2667500000.0
2012-02-06 12:07:00,1.30585,1.30654,1.30585,1.30633,1981300048.828125
2012-02-06 12:08:00,1.30633,1.30636,1.30583,1.30585,3060100097.65625
2012-02-06 12:09:00,1.30584,1.30599,1.30552,1.30553,2489400024.4140625
2012-02-06 12:10:00,1.30558,1.30581,1.30539,1.3058,2451199951.171875
2012-02-06 12:11:00,1.30579,1.30599,1.30569,1.30594,1374100036.6210938
2012-02-06 12:12:00,1.30593,1.30633,1.30593,1.30617,2566099853.515625
2012-02-06 12:13:00,1.30615,1.30626,1.3061,1.30625,1636100006.1035156
2012-02-06 12:14:00,1.30628,1.30653,1.30626,1.30651,2677999877.9296875
2012-02-06 12:15:00,1.30654,1.30659,1.30606,1.30617,2483300018.310547
2012-02-06 12:16:00,1.30614,1.30623,1.30586,1.30616,2361900024.4140625
2012-02-06 12:17:00,1.30616,1.30618,1.30596,1.30597,1563600006.1035156
2012-02-06 12:18:00,1.30597,1.30641,1.30579,1.30638,2366199951.171875
2012-02-06 12:19:00,1.3064,1.30737,1.3064,1.30736,4314200134.277344
2012-02-06 12:20:00,1.30732,1.30761,1.30709,1.3076,3723200073.2421875
2012-02-06 12:21:00,1.3076,1.30808,1.30749,1.30795,4520000000.0
2012-02-06 12:22:00,1.30798,1.30798,1.30738,1.30753,3427600097.65625
2012-02-06 12:23:00,1.30751,1.30758,1.30733,1.30756,2979299926.7578125
2012-02-06 12:24:00,1.30755,1.30755,1.30711,1.30734,2986400146.484375
2012-02-06 12:25:00,1.30734,1.30739,1.30712,1.30731,3606799926.7578125
2012-02-06 12:26:00,1.30734,1.30734,1.30716,1.30723,2033899993.8964844
2012-02-06 12:27:00,1.30724,1.30765,1.30704,1.30762,2584700012.2070312
2012-02-06 12:28:00,1.30762,1.30764,1.30735,1.30742,3191900024.4140625
2012-02-06 12:29:00,1.30742,1.30743,1.30706,1.30716,2252200012.2070312
2012-02-06 12:30:00,1.30718,1.30735,1.30717,1.30728,1725099945.0683594
2012-02-06 12:31:00,1.30728,1.30747,1.30704,1.30704,2174199981.689453
2012-02-06 12:32:00,1.30704,1.30708,1.30667,1.30687,2920799865.7226562
2012-02-06 12:33:00,1.30685,1.30685,1.30669,1.30671,1867400054.9316406
2012-02-06 12:34:00,1.30672,1.30672,1.30648,1.30656,2147500000.0
2012-02-06 12:35:00,1.30656,1.30681,1.30655,1.30678,1693600006.1035156
2012-02-06 12:36:00,1.30679,1.30698,1.30678,1.30698,2244799957.2753906
2012-02-06 12:37:00,1.30698,1.30711,1.3068,1.3068,2183999938.9648438
2012-02-06 12:38:00,1.30678,1.30688,1.30669,1.30678,1952700042.7246094
2012-02-06 12:39:00,1.30676,1.30689,1.30668,1.30682,2236699981.689453
2012-02-06 12:40:00,1.30682,1.30683,1.30657,1.30676,2448099975.5859375
2012-02-06 12:41:00,1.30676,1.30684,1.30621,1.30632,2918299865.7226562
2012-02-06 12:42:00,1.30633,1.30657,1.30629,1.30652,2218899993.8964844
2012-02-06 12:43:00,1.30651,1.30678,1.30651,1.30668,1491399993.8964844
2012-02-06 12:44:00,1.30667,1.30705,1.30667,1.30704,2205700073.2421875
2012-02-06 12:45:00,1.30705,1.30733,1.30693,1.30719,2676700134.2773438
2012-02-06 12:46:00,1.30719,1.30728,1.30707,1.30716,1378399963.3789062
2012-02-06 12:47:00,1.30716,1.3072,1.30706,1.30719,2053200073.2421875
2012-02-06 12:48:00,1.3072,1.30739,1.30714,1.30727,2945199890.1367188
2012-02-06 12:49:00,1.30727,1.30729,1.30705,1.30718,2308800048.828125
2012-02-06 12:50:00,1.30716,1.30747,1.30715,1.30727,3066099853.515625
2012-02-06 12:51:00,1.30727,1.30727,1.30706,1.30716,2518800048.828125
2012-02-06 12:52:00,1.30716,1.30718,1.3071,1.30714,1320200042.7246094
2012-02-06 12:53:00,1.30712,1.30713,1.30643,1.30647,2740299987.7929688
2012-02-06 12:54:00,1.30649,1.30664,1.30643,1.30651,2306999969.482422
2012-02-06 12:55:00,1.30644,1.30646,1.30622,1.30624,2039799957.2753906
2012-02-06 12:56:00,1.30624,1.30633,1.30618,1.3063,2168500061.0351562
2012-02-06 12:57:00,1.3063,1.30637,1.30618,1.30629,1485099945.0683594
2012-02-06 12:58:00,1.30628,1.30644,1.30621,1.30643,1670399932.8613281
2012-02-06 12:59:00,1.30643,1.30646,1.30636,1.30639,1967899932.8613281
2012-02-06 13:00:00,1.30644,1.30648,1.30634,1.30648,1856799926.7578125
2012-02-06 13:01:00,1.30649,1.30653,1.30637,1.30638,1449100036.6210938
2012-02-06 13:02:00,1.30638,1.30641,1.3059,1.30596,2242400054.9316406
2012-02-06 13:03:00,1.30594,1.30598,1.30555,1.30574,2769599914.5507812
2012-02-06 13:04:00,1.30574,1.3059,1.30532,1.30555,2798299865.7226562
2012-02-06 13:05:00,1.30559,1.30568,1.30547,1.30567,2369900054.9316406
2012-02-06 13:06:00,1.30566,1.30568,1.3055,1.30558,2881799926.7578125
2012-02-06 13:07:00,1.30558,1.30595,1.30557,1.30591,3041600036.6210938
2012-02-06 13:08:00,1.30592,1.30604,1.30586,1.30588,2912699890.1367188
2012-02-06 13:09:00,1.30588,1.30609,1.30588,1.30599,2370200042.7246094
2012-02-06 13:10:00,1.30599,1.30599,1.30526,1.30533,3027000122.0703125
2012-02-06 13:11:00,1.30534,1.30542,1.30519,1.30524,2476199951.171875
2012-02-06 13:12:00,1.30524,1.30524,1.305,1.30508,2667600097.65625
2012-02-06 13:13:00,1.30507,1.30507,1.3045,1.30455,3702799987.7929688
2012-02-06 13:14:00,1.30452,1.3046,1.30421,1.30424,3061799926.7578125
2012-02-06 13:15:00,1.3042,1.30422,1.30391,1.30412,3696600036.6210938
2012-02-06 13:16:00,1.30412,1.30416,1.30363,1.30381,2818099975.5859375
2012-02-06 13:17:00,1.30388,1.30412,1.30388,1.30409,2711199951.171875
2012-02-06 13:18:00,1.30408,1.3043,1.30408,1.3043,2439799957.2753906
2012-02-06 13:19:00,1.30427,1.3044,1.30425,1.30435,2644599914.5507812
2012-02-06 13:20:00,1.30436,1.30455,1.30436,1.30455,2782600097.65625
2012-02-06 13:21:00,1.30455,1.30475,1.30455,1.30457,2092100067.1386719
2012-02-06 13:22:00,1.30458,1.30464,1.30446,1.30448,1520599975.5859375
2012-02-06 13:23:00,1.30449,1.30476,1.30448,1.30464,2803699951.171875
2012-02-06 13:24:00,1.30468,1.30473,1.30368,1.3037,3651499938.9648438
2012-02-06 13:25:00,1.30367,1.30373,1.30335,1.30373,3145899963.3789062
2012-02-06 13:26:00,1.30375,1.30423,1.30369,1.30421,2976000061.0351562
2012-02-06 13:27:00,1.30419,1.30424,1.30407,1.30409,2026199951.171875
2012-02-06 13:28:00,1.30407,1.3045,1.30407,1.30444,2613200073.2421875
2012-02-06 13:29:00,1.30447,1.30447,1.30418,1.30426,3202799987.7929688
2012-02-06 13:30:00,1.30429,1.30498,1.30404,1.30497,2871799926.7578125
2012-02-06 13:31:00,1.30499,1.305,1.30481,1.30486,2664400024.4140625
2012-02-06 13:32:00,1.30484,1.30484,1.30443,1.30443,1904400024.4140625
2012-02-06 13:33:00,1.30443,1.30475,1.30442,1.30472,1551900024.4140625
2012-02-06 13:34:00,1.30471,1.30471,1.30415,1.30416,2733299865.7226562
2012-02-06 13:35:00,1.30419,1.30459,1.30419,1.30454,1806999969.4824219
2012-02-06 13:36:00,1.30456,1.30464,1.30428,1.30432,1722200012.2070312
2012-02-06 13:37:00,1.3043,1.30435,1.30423,1.30428,2240700073.2421875
2012-02-06 13:38:00,1.30428,1.30487,1.30428,1.30486,1996100006.1035156
2012-02-06 13:39:00,1.30486,1.30487,1.30395,1.30415,3331099853.515625
2012-02-06 13:40:00,1.30415,1.30433,1.30406,1.30428,2434600067.138672
2012-02-06 13:41:00,1.30428,1.30458,1.30424,1.30427,2646099853.515625
2012-02-06 13:42:00,1.30426,1.30428,1.30387,1.30387,2920499877.9296875
2012-02-06 13:43:00,1.30386,1.30417,1.30346,1.30417,3209800109.8632812
2012-02-06 13:44:00,1.30419,1.30457,1.30419,1.30435,1990700073.2421875
2012-02-06 13:45:00,1.30433,1.30459,1.30408,1.30457,2394199981.689453
2012-02-06 13:46:00,1.30457,1.30458,1.30419,1.30435,2333800048.828125
2012-02-06 13:47:00,1.30435,1.30449,1.30423,1.30446,3078099975.5859375
2012-02-06 13:48:00,1.30446,1.30474,1.30443,1.30458,2077799987.7929688
2012-02-06 13:49:00,1.30457,1.30468,1.30455,1.30463,2264799957.2753906
2012-02-06 13:50:00,1.30463,1.30471,1.30463,1.30466,1633600006.1035156
2012-02-06 13:51:00,1.30466,1.30511,1.30466,1.30485,2440399932.861328
2012-02-06 13:52:00,1.30483,1.30508,1.30483,1.30497,2436699981.689453
2012-02-06 13:53:00,1.30498,1.30505,1.30471,1.30472,2561400146.484375
2012-02-06 13:54:00,1.30471,1.30493,1.30463,1.30474,2908999938.9648438
2012-02-06 13:55:00,1.30475,1.30475,1.30457,1.30466,2637699890.1367188
2012-02-06 13:56:00,1.30467,1.30488,1.30457,1.30464,2154700012.2070312
2012-02-06 13:57:00,1.30464,1.30477,1.30414,1.30415,3559800109.8632812
2012-02-06 13:58:00,1.30416,1.30428,1.30378,1.30384,2691799926.7578125
2012-02-06 13:59:00,1.30384,1.30386,1.30281,1.30303,3881199951.171875
2012-02-06 14:00:00,1.30303,1.3035,1.30303,1.30336,4313200073.2421875
2012-02-06 14:01:00,1.30338,1.30344,1.30277,1.30344,3904200134.2773438
2012-02-06 14:02:00,1.30352,1.30379,1.3035,1.30365,4230799865.7226562
2012-02-06 14:03:00,1.30365,1.30375,1.30354,1.30369,3223099975.5859375
2012-02-06 14:04:00,1.3037,1.30378,1.30356,1.30359,2130200042.7246094
2012-02-06 14:05:00,1.30359,1.30359,1.30337,1.30352,2570100097.65625
2012-02-06 14:06:00,1.30354,1.30358,1.30331,1.30344,2352500000.0
2012-02-06 14:07:00,1.30343,1.30447,1.30343,1.30446,3205499877.9296875
2012-02-06 14:08:00,1.30443,1.30454,1.30423,1.30445,3122500000.0
2012-02-06 14:09:00,1.30444,1.30477,1.3044,1.30453,3348900146.484375
2012-02-06 14:10:00,1.30453,1.30453,1.30419,1.30448,2604599914.5507812
2012-02-06 14:11:00,1.30448,1.3045,1.30425,1.30429,2254600067.138672
2012-02-06 14:12:00,1.30429,1.30479,1.30428,1.30478,2304600067.138672
2012-02-06 14:13:00,1.30478,1.30478,1.30453,1.30467,2005099945.0683594
2012-02-06 14:14:00,1.30467,1.30472,1.30453,1.30454,2245099945.0683594
2012-02-06 14:15:00,1.30454,1.30458,1.30431,1.30442,2000800018.3105469
2012-02-06 14:16:00,1.30443,1.3046,1.30437,1.30456,1975200042.7246094
2012-02-06 14:17:00,1.30456,1.30507,1.30445,1.30501,2763800048.828125
2012-02-06 14:18:00,1.30501,1.30519,1.30477,1.30519,2617900085.4492188
2012-02-06 14:19:00,1.30517,1.3055,1.30517,1.3054,2757500000.0
2012-02-06 14:20:00,1.30541,1.30578,1.30539,1.30576,2685899963.3789062
2012-02-06 14:21:00,1.30576,1.30577,1.30521,1.30538,3027099914.5507812
2012-02-06 14:22:00,1.30538,1.30539,1.30512,1.30536,2059600067.1386719
2012-02-06 14:23:00,1.30536,1.30576,1.30536,1.30567,2023099975.5859375
2012-02-06 14:24:00,1.30567,1.30567,1.30548,1.30555,2006199951.171875
2012-02-06 14:25:00,1.30556,1.30577,1.30556,1.30562,1988200073.2421875
2012-02-06 14:26:00,1.30562,1.30563,1.30535,1.30542,2625299987.7929688
2012-02-06 14:27:00,1.30544,1.3057,1.30541,1.3055,2554600067.138672
2012-02-06 14:28:00,1.3055,1.30555,1.30535,1.30555,1940000000.0
2012-02-06 14:29:00,1.30555,1.30556,1.30534,1.30534,1893200073.2421875
2012-02-06 14:30:00,1.30535,1.30555,1.30531,1.30536,2706199951.171875
2012-02-06 14:31:00,1.30535,1.30544,1.30523,1.30531,2880499877.9296875
2012-02-06 14:32:00,1.30533,1.30568,1.30531,1.30564,2355700073.2421875
2012-02-06 14:33:00,1.30567,1.3057,1.30521,1.30525,2786499938.9648438
2012-02-06 14:34:00,1.30527,1.30527,1.30504,1.30508,2344499969.482422
2012-02-06 14:35:00,1.30508,1.30544,1.30494,1.30542,2795199890.1367188
2012-02-06 14:36:00,1.30539,1.30577,1.30539,1.3056,2646400146.484375
2012-02-06 14:37:00,1.3056,1.30569,1.30551,1.30561,2393000030.517578
2012-02-06 14:38:00,1.30561,1.30565,1.30547,1.30565,2516000061.0351562
2012-02-06 14:39:00,1.30565,1.30604,1.30563,1.30584,2826099853.515625
2012-02-06 14:40:00,1.30583,1.30588,1.3055,1.3055,2575299987.7929688
2012-02-06 14:41:00,1.30549,1.30556,1.30528,1.30528,2496000061.0351562
2012-02-06 14:42:00,1.30528,1.30535,1.30485,1.30489,2378999938.9648438
2012-02-06 14:43:00,1.30489,1.30517,1.3048,1.3048,2924599914.5507812
2012-02-06 14:44:00,1.3048,1.30498,1.30479,1.30489,1841300048.828125
2012-02-06 14:45:00,1.30489,1.30532,1.30482,1.30527,2327200012.2070312
2012-02-06 14:46:00,1.30529,1.30533,1.30517,1.30527,2158300018.310547
2012-02-06 14:47:00,1.30527,1.3056,1.30524,1.30559,2793599853.515625
2012-02-06 14:48:00,1.30559,1.30559,1.30526,1.30548,2008899993.8964844
2012-02-06 14:49:00,1.30548,1.30598,1.30548,1.30589,3030499877.9296875
2012-02-06 14:50:00,1.30589,1.30629,1.30588,1.3062,3829599914.5507812
2012-02-06 14:51:00,1.30621,1.30662,1.30614,1.30655,3307900085.4492188
2012-02-06 14:52:00,1.30657,1.30689,1.30656,1.30686,2808500061.0351562
2012-02-06 14:53:00,1.30686,1.30686,1.30643,1.30657,2997799987.7929688
2012-02-06 14:54:00,1.30658,1.30675,1.30634,1.30643,2853800048.828125
2012-02-06 14:55:00,1.30643,1.30649,1.30632,1.30632,2203800048.828125
2012-02-06 14:56:00,1.30632,1.30632,1.30597,1.30618,3055199890.1367188
2012-02-06 14:57:00,1.30617,1.30657,1.30617,1.30652,2709899902.34375
2012-02-06 14:58:00,1.30652,1.30696,1.30645,1.30646,2942799987.7929688
2012-02-06 14:59:00,1.30648,1.30655,1.30631,1.3065,2086300048.828125
2012-02-06 15:00:00,1.30648,1.30744,1.30647,1.30727,3552500000.0
2012-02-06 15:01:00,1.30724,1.30732,1.30699,1.30714,3335199890.1367188
2012-02-06 15:02:00,1.30714,1.30718,1.30675,1.30677,3620899963.3789062
2012-02-06 15:03:00,1.30677,1.30707,1.30665,1.30693,3320799865.7226562
2012-02-06 15:04:00,1.30691,1.307,1.30668,1.30676,2262799987.7929688
2012-02-06 15:05:00,1.30676,1.30745,1.30676,1.30732,3044100036.6210938
2012-02-06 15:06:00,1.30732,1.30737,1.3069,1.30697,3426900024.4140625
2012-02-06 15:07:00,1.30697,1.30719,1.30691,1.30719,3238900146.484375
2012-02-06 15:08:00,1.30719,1.30749,1.30715,1.30721,3493299865.7226562
2012-02-06 15:09:00,1.30716,1.30736,1.30705,1.30726,3467099914.5507812
2012-02-06 15:10:00,1.30725,1.30761,1.30717,1.30753,2816799926.7578125
2012-02-06 15:11:00,1.30753,1.30773,1.30747,1.30747,4176700134.2773438
2012-02-06 15:12:00,1.30744,1.30744,1.30707,1.30734,2401799926.7578125
2012-02-06 15:13:00,1.30734,1.30768,1.3072,1.30757,3191099853.515625
2012-02-06 15:14:00,1.30759,1.30768,1.30748,1.30767,2565799865.7226562
2012-02-06 15:15:00,1.30766,1.30803,1.30757,1.30803,3072999877.9296875
2012-02-06 15:16:00,1.30801,1.30804,1.30764,1.30764,2758999938.9648438
2012-02-06 15:17:00,1.30764,1.30786,1.30756,1.3076,2799899902.34375
2012-02-06 15:18:00,1.30762,1.30762,1.30722,1.30732,2429499969.482422
2012-02-06 15:19:00,1.30732,1.3074,1.30716,1.30716,2532200012.2070312
2012-02-06 15:20:00,1.30715,1.30727,1.30704,1.30706,2537599945.0683594
2012-02-06 15:21:00,1.30706,1.30711,1.30698,1.30705,2399199981.689453
2012-02-06 15:22:00,1.30705,1.30728,1.30697,1.30726,2230000000.0
2012-02-06 15:23:00,1.30726,1.30733,1.30716,1.30727,1821699981.6894531
2012-02-06 15:24:00,1.30727,1.3074,1.30725,1.30737,1700299987.7929688
2012-02-06 15:25:00,1.30738,1.30759,1.30735,1.30755,2782399902.34375
2012-02-06 15:26:00,1.30755,1.30762,1.30746,1.30747,2583699951.171875
2012-02-06 15:27:00,1.30752,1.30772,1.30752,1.30771,2775799865.7226562
2012-02-06 15:28:00,1.30774,1.30777,1.30742,1.30742,2265700073.2421875
2012-02-06 15:29:00,1.30743,1.30743,1.30702,1.30702,2272299957.2753906
2012-02-06 15:30:00,1.307,1.30719,1.30687,1.30711,2381799926.7578125
2012-02-06 15:31:00,1.30714,1.30746,1.30713,1.30739,2961799926.7578125
2012-02-06 15:32:00,1.30741,1.30775,1.30741,1.3076,4242000122.0703125
2012-02-06 15:33:00,1.3076,1.30763,1.3073,1.3074,3400599975.5859375
2012-02-06 15:34:00,1.3074,1.30744,1.30724,1.30725,2023300018.3105469
2012-02-06 15:35:00,1.30725,1.30754,1.30711,1.30737,2951300048.828125
2012-02-06 15:36:00,1.30735,1.30743,1.30716,1.30719,2239499969.482422
2012-02-06 15:37:00,1.30721,1.30726,1.30694,1.30694,3045299987.7929688
2012-02-06 15:38:00,1.30694,1.30708,1.30678,1.30691,2772900085.4492188
2012-02-06 15:39:00,1.30698,1.30714,1.30694,1.30695,2593999938.9648438
2012-02-06 15:40:00,1.30693,1.30699,1.30675,1.30696,2660499877.9296875
2012-02-06 15:41:00,1.30696,1.30699,1.30645,1.30646,2444199981.689453
2012-02-06 15:42:00,1.30646,1.30653,1.306,1.30617,3295400085.4492188
2012-02-06 15:43:00,1.30617,1.30619,1.30603,1.30612,2984500122.0703125
2012-02-06 15:44:00,1.30614,1.30627,1.30602,1.30617,3019299926.7578125
2012-02-06 15:45:00,1.30612,1.30623,1.30593,1.30619,2674500122.0703125
2012-02-06 15:46:00,1.30618,1.30649,1.30618,1.30649,1816199951.171875
2012-02-06 15:47:00,1.30651,1.3067,1.30636,1.30637,2303500061.0351562
2012-02-06 15:48:00,1.30638,1.3066,1.30633,1.30655,2614299926.7578125
2012-02-06 15:49:00,1.30655,1.30662,1.30648,1.30657,2242400054.9316406
2012-02-06 15:50:00,1.30659,1.3069,1.30656,1.30678,2596700134.2773438
2012-02-06 15:51:00,1.30679,1.30704,1.30669,1.30698,2523899993.8964844
2012-02-06 15:52:00,1.30699,1.30729,1.30699,1.30723,2786099853.515625
2012-02-06 15:53:00,1.30722,1.30745,1.30722,1.30735,2846700134.2773438
2012-02-06 15:54:00,1.30734,1.30741,1.30718,1.30724,2486399993.8964844
2012-02-06 15:55:00,1.30724,1.30757,1.30724,1.30745,3389299926.7578125
2012-02-06 15:56:00,1.30748,1.30775,1.30743,1.30744,2837900085.4492188
2012-02-06 15:57:00,1.30743,1.30751,1.30719,1.30751,2571300048.828125
2012-02-06 15:58:00,1.30752,1.30764,1.3074,1.30747,2265800018.310547
2012-02-06 15:59:00,1.30748,1.30786,1.30741,1.30785,3209700012.2070312
2012-02-06 16:00:00,1.30781,1.30785,1.30747,1.30762,3568200073.2421875
2012-02-06 16:01:00,1.30762,1.30771,1.30751,1.30771,2752699890.1367188
2012-02-06 16:02:00,1.30772,1.30776,1.30748,1.30763,3057900085.4492188
2012-02-06 16:03:00,1.30764,1.30768,1.30762,1.30766,1377400054.9316406
2012-02-06 16:04:00,1.30765,1.30798,1.3074,1.30794,3352999877.9296875
2012-02-06 16:05:00,1.30798,1.30914,1.30798,1.30895,4057500000.0
2012-02-06 16:06:00,1.30896,1.31018,1.30896,1.31018,4156600036.6210938
2012-02-06 16:07:00,1.3102,1.31124,1.31019,1.31115,5214400024.4140625
2012-02-06 16:08:00,1.31115,1.31125,1.3106,1.31063,4551499938.964844
2012-02-06 16:09:00,1.31063,1.31074,1.31043,1.3107,3539899902.34375
2012-02-06 16:10:00,1.3107,1.31223,1.3107,1.31212,4505400085.449219
2012-02-06 16:11:00,1.31212,1.31225,1.31163,1.31189,3604299926.7578125
2012-02-06 16:12:00,1.31189,1.31223,1.31158,1.31158,3407900085.4492188
2012-02-06 16:13:00,1.31159,1.31268,1.31159,1.31227,4307200012.207031
2012-02-06 16:14:00,1.31224,1.31224,1.3115,1.3115,3453500061.0351562
2012-02-06 16:15:00,1.31149,1.31176,1.31139,1.31147,2692200012.2070312
2012-02-06 16:16:00,1.31147,1.312,1.31139,1.31197,2431199951.171875
2012-02-06 16:17:00,1.31197,1.31216,1.31182,1.3119,2740599975.5859375
2012-02-06 16:18:00,1.31189,1.31196,1.31178,1.31178,2327700042.7246094
2012-02-06 16:19:00,1.31175,1.31188,1.31157,1.31173,2341799926.7578125
2012-02-06 16:20:00,1.31173,1.31189,1.31158,1.31179,2587799987.7929688
2012-02-06 16:21:00,1.31179,1.31179,1.31151,1.31151,2251999969.482422
2012-02-06 16:22:00,1.3115,1.31154,1.31132,1.31143,2355200042.7246094
2012-02-06 16:23:00,1.31143,1.31191,1.31142,1.31155,2860299987.7929688
2012-02-06 16:24:00,1.31155,1.31169,1.31147,1.3116,2281499938.9648438
2012-02-06 16:25:00,1.31161,1.31165,1.31151,1.31158,1851300048.828125
2012-02-06 16:26:00,1.31158,1.31161,1.31138,1.31161,2246399993.8964844
2012-02-06 16:27:00,1.31161,1.31163,1.3109,1.31102,2560100097.65625
2012-02-06 16:28:00,1.31106,1.31133,1.31082,1.31084,2509499969.482422
2012-02-06 16:29:00,1.31086,1.31099,1.31072,1.3108,2515899963.3789062
2012-02-06 16:30:00,1.3108,1.31093,1.31075,1.31082,2592099914.5507812
2012-02-06 16:31:00,1.31081,1.31102,1.3108,1.3109,2973800048.828125
2012-02-06 16:32:00,1.3109,1.311,1.31084,1.311,2564200134.2773438
2012-02-06 16:33:00,1.31097,1.31118,1.31097,1.31114,1477400054.9316406
2012-02-06 16:34:00,1.31114,1.31125,1.31095,1.31098,2341499938.9648438
2012-02-06 16:35:00,1.31096,1.31096,1.31069,1.31072,2286699981.689453
2012-02-06 16:36:00,1.31072,1.31077,1.31052,1.31053,2170599975.5859375
2012-02-06 16:37:00,1.31053,1.31062,1.31043,1.31059,2121900024.4140625
2012-02-06 16:38:00,1.31057,1.31079,1.31057,1.31073,2315299987.7929688
2012-02-06 16:39:00,1.31074,1.31108,1.31074,1.31105,1798000030.5175781
2012-02-06 16:40:00,1.31105,1.31119,1.3108,1.3108,1933200073.2421875
2012-02-06 16:41:00,1.31079,1.31084,1.31053,1.31074,1628099975.5859375
2012-02-06 16:42:00,1.31074,1.31086,1.31072,1.31083,1610099945.0683594
2012-02-06 16:43:00,1.31083,1.31085,1.31073,1.31081,1920500030.5175781
2012-02-06 16:44:00,1.31082,1.31104,1.31082,1.31096,2017599945.0683594
2012-02-06 16:45:00,1.31099,1.31107,1.31094,1.31105,1496499938.9648438
2012-02-06 16:46:00,1.31105,1.31158,1.31105,1.31152,2499799957.2753906
2012-02-06 16:47:00,1.31153,1.31153,1.31124,1.31132,2026100006.1035156
2012-02-06 16:48:00,1.31132,1.31134,1.31101,1.31111,1774700012.2070312
2012-02-06 16:49:00,1.31111,1.31111,1.31076,1.31083,2148500061.0351562
2012-02-06 16:50:00,1.31082,1.31082,1.31051,1.31051,1702899932.8613281
2012-02-06 16:51:00,1.31051,1.31106,1.31045,1.31093,2111600036.6210938
2012-02-06 16:52:00,1.31093,1.31094,1.31068,1.31079,2370399932.861328
2012-02-06 16:53:00,1.31079,1.31086,1.31072,1.31084,1651799926.7578125
2012-02-06 16:54:00,1.31083,1.31096,1.31081,1.31095,1392299957.2753906
2012-02-06 16:55:00,1.31095,1.31127,1.31094,1.31125,1633300018.3105469
2012-02-06 16:56:00,1.31125,1.31125,1.31113,1.31114,1669199981.6894531
2012-02-06 16:57:00,1.31115,1.31155,1.31107,1.31155,2638699951.171875
2012-02-06 16:58:00,1.31156,1.31301,1.31156,1.31301,3979400024.4140625
2012-02-06 16:59:00,1.31301,1.3133,1.31258,1.31285,3554200134.2773438
2012-02-06 17:00:00,1.31284,1.31361,1.31284,1.31355,3527900085.4492188
2012-02-06 17:01:00,1.31354,1.31354,1.31302,1.31318,2711799926.7578125
2012-02-06 17:02:00,1.31319,1.31322,1.31255,1.31269,2427400054.9316406
2012-02-06 17:03:00,1.31269,1.31312,1.31256,1.31306,2614500122.0703125
2012-02-06 17:04:00,1.31305,1.31307,1.31277,1.31301,2513800048.828125
2012-02-06 17:05:00,1.31299,1.31357,1.31286,1.31286,3343699951.171875
2012-02-06 17:06:00,1.31291,1.31296,1.31261,1.31261,2380399932.861328
2012-02-06 17:07:00,1.3126,1.31286,1.31234,1.3124,3608699951.171875
2012-02-06 17:08:00,1.31241,1.31258,1.31239,1.31256,2102500000.0
2012-02-06 17:09:00,1.31256,1.31292,1.31242,1.31248,2907999877.9296875
2012-02-06 17:10:00,1.31248,1.31264,1.31224,1.31231,2594299926.7578125
2012-02-06 17:11:00,1.31231,1.31261,1.31231,1.31246,1807700042.7246094
2012-02-06 17:12:00,1.3125,1.31293,1.31248,1.31278,2529700012.2070312
2012-02-06 17:13:00,1.31282,1.31295,1.31271,1.31285,2543399963.3789062
2012-02-06 17:14:00,1.31285,1.31287,1.31267,1.31272,2160500030.517578
2012-02-06 17:15:00,1.31274,1.31326,1.31272,1.31317,3289700012.2070312
2012-02-06 17:16:00,1.3132,1.31362,1.31319,1.31359,3428999938.9648438
2012-02-06 17:17:00,1.31359,1.31363,1.31336,1.31336,2276199951.171875
2012-02-06 17:18:00,1.31337,1.31383,1.31337,1.31383,2322899932.861328
2012-02-06 17:19:00,1.31384,1.31408,1.3138,1.31404,2699400024.4140625
2012-02-06 17:20:00,1.31404,1.31409,1.31384,1.31399,2463899993.8964844
2012-02-06 17:21:00,1.31398,1.31411,1.31382,1.31384,3195299987.7929688
2012-02-06 17:22:00,1.31388,1.314,1.31375,1.3139,2251900024.4140625
2012-02-06 17:23:00,1.3139,1.3141,1.31364,1.31368,2605100097.65625
2012-02-06 17:24:00,1.3137,1.31401,1.31367,1.31378,2475800018.310547
2012-02-06 17:25:00,1.31377,1.31404,1.31377,1.31399,2225399932.861328
2012-02-06 17:26:00,1.31399,1.31408,1.31353,1.31355,2792099914.5507812
2012-02-06 17:27:00,1.31355,1.31364,1.31344,1.31354,2301300048.828125
2012-02-06 17:28:00,1.31354,1.31356,1.3134,1.31341,1347100067.1386719
2012-02-06 17:29:00,1.31342,1.31374,1.31333,1.31335,2179700012.2070312
2012-02-06 17:30:00,1.31332,1.31338,1.31318,1.3133,2322100067.138672
2012-02-06 17:31:00,1.3133,1.31335,1.31304,1.31318,2207400054.9316406
2012-02-06 17:32:00,1.31318,1.31362,1.31313,1.31351,2580700073.2421875
2012-02-06 17:33:00,1.31352,1.31373,1.3135,1.3137,1419499969.4824219
2012-02-06 17:34:00,1.31371,1.31401,1.31371,1.31382,2244199981.689453
2012-02-06 17:35:00,1.31382,1.31383,1.31375,1.31375,1279400024.4140625
2012-02-06 17:36:00,1.31376,1.3138,1.31371,1.31373,1253700027.4658203
2012-02-06 17:37:00,1.31371,1.31371,1.31356,1.31361,1558200073.2421875
2012-02-06 17:38:00,1.31362,1.31362,1.31353,1.31359,2070299987.7929688
2012-02-06 17:39:00,1.31359,1.31359,1.31345,1.31351,2179400024.4140625
2012-02-06 17:40:00,1.31352,1.31359,1.31346,1.31354,1855800018.3105469
2012-02-06 17:41:00,1.31354,1.31354,1.31339,1.31344,1490500030.5175781
2012-02-06 17:42:00,1.31344,1.31344,1.31316,1.31323,1447599945.0683594
2012-02-06 17:43:00,1.31323,1.31334,1.31314,1.31319,1405399932.8613281
2012-02-06 17:44:00,1.31319,1.31319,1.31301,1.31304,2225099945.0683594
2012-02-06 17:45:00,1.31303,1.31313,1.31295,1.31312,2009400024.4140625
2012-02-06 17:46:00,1.31313,1.31317,1.31306,1.31315,1220800018.3105469
2012-02-06 17:47:00,1.31314,1.31316,1.31302,1.31302,1612799987.7929688
2012-02-06 17:48:00,1.31305,1.31305,1.31301,1.31303,460000000.0
2012-02-06 17:49:00,1.31303,1.31306,1.313,1.31302,748600006.1035156
2012-02-06 17:50:00,1.31302,1.31311,1.31301,1.31301,699800033.5693359
2012-02-06 17:51:00,1.313,1.313,1.31282,1.31284,1607700042.7246094
2012-02-06 17:52:00,1.31284,1.31285,1.31282,1.31283,703300018.3105469
2012-02-06 17:53:00,1.31283,1.31292,1.31251,1.31292,1905399932.8613281
2012-02-06 17:54:00,1.31287,1.31342,1.31283,1.31323,2345399932.861328
2012-02-06 17:55:00,1.31323,1.31331,1.31305,1.31331,1889900054.9316406
2012-02-06 17:56:00,1.31333,1.31337,1.31309,1.31311,1183600006.1035156
2012-02-06 17:57:00,1.31311,1.3132,1.31311,1.31316,1252099990.8447266
2012-02-06 17:58:00,1.31317,1.3133,1.31317,1.31326,1159499969.4824219
2012-02-06 17:59:00,1.31326,1.31326,1.31279,1.31279,2107400054.9316406
2012-02-06 18:00:00,1.31277,1.31314,1.31268,1.31308,2034900054.9316406
2012-02-06 18:01:00,1.31313,1.31341,1.31313,1.31327,2216399993.8964844
2012-02-06 18:02:00,1.31327,1.31344,1.31326,1.31344,1190699996.9482422
2012-02-06 18:03:00,1.31345,1.31383,1.31341,1.31359,2566300048.828125
2012-02-06 18:04:00,1.31359,1.31359,1.31333,1.31343,1741600036.6210938
2012-02-06 18:05:00,1.31344,1.31346,1.31325,1.31346,1698600006.1035156
2012-02-06 18:06:00,1.3135,1.31386,1.31314,1.31319,2786900024.4140625
2012-02-06 18:07:00,1.31319,1.31334,1.31298,1.31321,2063699951.171875
2012-02-06 18:08:00,1.31322,1.31333,1.31313,1.31316,1730200042.7246094
2012-02-06 18:09:00,1.31319,1.31362,1.31315,1.31338,1899499969.4824219
2012-02-06 18:10:00,1.31338,1.31338,1.3131,1.31325,1613500061.0351562
2012-02-06 18:11:00,1.31325,1.3133,1.31313,1.31316,1835200042.7246094
2012-02-06 18:12:00,1.31324,1.31324,1.31284,1.31287,1989400024.4140625
2012-02-06 18:13:00,1.31284,1.31308,1.31284,1.31294,1634100036.6210938
2012-02-06 18:14:00,1.31294,1.31315,1.31292,1.31297,1703300018.3105469
2012-02-06 18:15:00,1.31297,1.31313,1.31297,1.31313,1480000000.0
2012-02-06 18:16:00,1.31313,1.31322,1.31309,1.31319,1604600067.1386719
2012-02-06 18:17:00,1.31323,1.31326,1.31307,1.31309,1266399993.8964844
2012-02-06 18:18:00,1.31309,1.31348,1.31308,1.31324,1762200012.2070312
2012-02-06 18:19:00,1.31323,1.31337,1.31317,1.31337,1634199981.6894531
2012-02-06 18:20:00,1.31336,1.31341,1.31322,1.31335,1603200073.2421875
2012-02-06 18:21:00,1.31335,1.31335,1.31304,1.31324,2186100006.1035156
2012-02-06 18:22:00,1.31324,1.3133,1.31303,1.31318,2110299987.7929688
2012-02-06 18:23:00,1.31318,1.31321,1.31307,1.31321,1388099975.5859375
2012-02-06 18:24:00,1.31321,1.31339,1.31319,1.31334,1300899963.3789062
2012-02-06 18:25:00,1.31336,1.31336,1.31293,1.31295,1619700012.2070312
2012-02-06 18:26:00,1.31295,1.31295,1.31259,1.31259,2221699981.689453
2012-02-06 18:27:00,1.31259,1.31285,1.31259,1.31284,1777599945.0683594
2012-02-06 18:28:00,1.31285,1.31299,1.3128,1.31292,1154100036.6210938
2012-02-06 18:29:00,1.31292,1.31309,1.31292,1.31296,1405000000.0
2012-02-06 18:30:00,1.31296,1.31317,1.31295,1.31313,1302799987.7929688
2012-02-06 18:31:00,1.31314,1.31315,1.31299,1.31309,1874900054.9316406
2012-02-06 18:32:00,1.31309,1.31314,1.31305,1.31306,545000000.0
2012-02-06 18:33:00,1.31306,1.3131,1.31301,1.31303,1140800018.3105469
2012-02-06 18:34:00,1.31301,1.31301,1.31269,1.31271,1709900054.9316406
2012-02-06 18:35:00,1.31271,1.31281,1.31255,1.31261,1692500000.0
2012-02-06 18:36:00,1.31261,1.31267,1.31258,1.31263,1105000000.0
2012-02-06 18:37:00,1.31263,1.31266,1.31238,1.31238,2017299957.2753906
2012-02-06 18:38:00,1.31237,1.31238,1.31215,1.31229,1790800018.3105469
2012-02-06 18:39:00,1.31226,1.31227,1.31199,1.31211,2102500000.0
2012-02-06 18:40:00,1.31211,1.31213,1.31172,1.31177,3147699890.1367188
2012-02-06 18:41:00,1.31177,1.31183,1.31159,1.31181,1930299987.7929688
2012-02-06 18:42:00,1.31181,1.31187,1.31181,1.31181,1601499938.9648438
2012-02-06 18:43:00,1.31181,1.31186,1.31163,1.31182,1728600006.1035156
2012-02-06 18:44:00,1.31179,1.31184,1.31172,1.31172,1415099945.0683594
2012-02-06 18:45:00,1.31172,1.31172,1.3115,1.31154,1279199981.6894531
2012-02-06 18:46:00,1.31152,1.3116,1.31147,1.31149,1756699981.6894531
2012-02-06 18:47:00,1.3115,1.31158,1.31137,1.31152,1741100006.1035156
2012-02-06 18:48:00,1.31153,1.31164,1.31148,1.31152,1592400054.9316406
2012-02-06 18:49:00,1.31153,1.31168,1.31144,1.31165,1701900024.4140625
2012-02-06 18:50:00,1.31163,1.3117,1.31161,1.31166,1395700073.2421875
2012-02-06 18:51:00,1.31166,1.31171,1.31166,1.31169,562799987.7929688
2012-02-06 18:52:00,1.3117,1.31196,1.3117,1.31196,948899993.8964844
2012-02-06 18:53:00,1.31194,1.31206,1.31157,1.31176,2293999938.9648438
2012-02-06 18:54:00,1.31176,1.31192,1.31165,1.31167,2738500061.0351562
2012-02-06 18:55:00,1.31166,1.31171,1.31163,1.31171,1855399932.8613281
2012-02-06 18:56:00,1.31169,1.31169,1.31164,1.31166,1770000000.0
2012-02-06 18:57:00,1.31166,1.31171,1.31164,1.31165,1644400024.4140625
2012-02-06 18:58:00,1.31165,1.31169,1.31163,1.31166,1784400024.4140625
2012-02-06 18:59:00,1.31166,1.31174,1.31162,1.31172,1451000061.0351562
2012-02-06 19:00:00,1.31172,1.31174,1.31166,1.3117,1788500061.0351562
2012-02-06 19:01:00,1.31169,1.31171,1.31163,1.31164,1603699951.171875
2012-02-06 19:02:00,1.31166,1.3117,1.31163,1.31169,1217399978.6376953
2012-02-06 19:03:00,1.31167,1.31174,1.31163,1.31172,1556900024.4140625
2012-02-06 19:04:00,1.31174,1.31175,1.31162,1.31164,1259199981.6894531
2012-02-06 19:05:00,1.31166,1.31174,1.31162,1.31171,1458999938.9648438
2012-02-06 19:06:00,1.31171,1.31174,1.31166,1.31171,1137600021.3623047
2012-02-06 19:07:00,1.31171,1.31184,1.31169,1.31169,1653200073.2421875
2012-02-06 19:08:00,1.31172,1.31174,1.31167,1.31172,706399993.8964844
2012-02-06 19:09:00,1.31172,1.31186,1.31172,1.31184,987600021.3623047
2012-02-06 19:10:00,1.31184,1.31195,1.31181,1.31194,1089400024.4140625
2012-02-06 19:11:00,1.31193,1.31193,1.31173,1.3119,1246600036.6210938
2012-02-06 19:12:00,1.31189,1.31197,1.31189,1.31195,1360800018.3105469
2012-02-06 19:13:00,1.31195,1.31229,1.31195,1.31216,2057899932.8613281
2012-02-06 19:14:00,1.31214,1.3122,1.31209,1.31209,1129599990.8447266
2012-02-06 19:15:00,1.31209,1.31213,1.31203,1.3121,1215699996.9482422
2012-02-06 19:16:00,1.3121,1.31212,1.31203,1.31204,1357299957.2753906
2012-02-06 19:17:00,1.31204,1.31211,1.31204,1.31206,1268399963.3789062
2012-02-06 19:18:00,1.31206,1.31206,1.31195,1.31203,1596999969.4824219
2012-02-06 19:19:00,1.31205,1.31209,1.31192,1.31196,1368200073.2421875
2012-02-06 19:20:00,1.31195,1.31207,1.31186,1.31186,1560800018.3105469
2012-02-06 19:21:00,1.31187,1.31187,1.31162,1.31181,1760599975.5859375
2012-02-06 19:22:00,1.31181,1.31186,1.31173,1.31175,1843000030.5175781
2012-02-06 19:23:00,1.31176,1.31183,1.31176,1.31182,1916300048.828125
2012-02-06 19:24:00,1.31182,1.31183,1.31174,1.31182,1091399993.8964844
2012-02-06 19:25:00,1.31182,1.31182,1.31164,1.31167,1263899993.8964844
2012-02-06 19:26:00,1.31164,1.31166,1.31153,1.31156,974100036.6210938
2012-02-06 19:27:00,1.31156,1.31171,1.31156,1.31168,1021500015.2587891
2012-02-06 19:28:00,1.31168,1.3117,1.31165,1.31165,1083899993.8964844
2012-02-06 19:29:00,1.31165,1.31177,1.31165,1.31174,1150500030.5175781
2012-02-06 19:30:00,1.31174,1.3118,1.31171,1.3118,1126200027.4658203
2012-02-06 19:31:00,1.3118,1.31182,1.31176,1.3118,875999984.7412109
2012-02-06 19:32:00,1.31182,1.31184,1.31179,1.31182,599500007.6293945
2012-02-06 19:33:00,1.31182,1.31183,1.31181,1.31181,412500000.0
2012-02-06 19:34:00,1.31183,1.31184,1.31181,1.31181,297500000.0
2012-02-06 19:35:00,1.31181,1.31193,1.31181,1.31189,1374900054.9316406
2012-02-06 19:36:00,1.3119,1.31193,1.31186,1.31193,1189700012.2070312
2012-02-06 19:37:00,1.31193,1.31204,1.31191,1.31204,1034499969.4824219
2012-02-06 19:38:00,1.31204,1.31237,1.31204,1.31236,1828899993.8964844
2012-02-06 19:39:00,1.31236,1.31267,1.31235,1.31267,1482700042.7246094
2012-02-06 19:40:00,1.31267,1.31279,1.31263,1.31274,1092600021.3623047
2012-02-06 19:41:00,1.31274,1.31277,1.3125,1.31251,1583800048.828125
2012-02-06 19:42:00,1.31251,1.31254,1.31248,1.31248,484199981.6894531
2012-02-06 19:43:00,1.31248,1.3125,1.31247,1.31248,626100006.1035156
2012-02-06 19:44:00,1.31248,1.3125,1.31233,1.31233,1295200042.7246094
2012-02-06 19:45:00,1.31233,1.31234,1.31198,1.31198,1900500030.5175781
2012-02-06 19:46:00,1.31197,1.31197,1.31177,1.31184,913399963.3789062
2012-02-06 19:47:00,1.31184,1.31198,1.31175,1.31175,978000030.5175781
2012-02-06 19:48:00,1.31175,1.31207,1.31175,1.31206,963799972.5341797
2012-02-06 19:49:00,1.31206,1.31217,1.31204,1.31208,850500030.5175781
2012-02-06 19:50:00,1.31208,1.31224,1.31187,1.31212,2639400024.4140625
2012-02-06 19:51:00,1.31215,1.31218,1.31198,1.31199,2517899932.861328
2012-02-06 19:52:00,1.31198,1.312,1.31185,1.31197,2074100036.6210938
2012-02-06 19:53:00,1.31197,1.31198,1.31189,1.31193,1122200012.2070312
2012-02-06 19:54:00,1.31193,1.31194,1.31178,1.31188,909300003.0517578
2012-02-06 19:55:00,1.3119,1.31211,1.3119,1.31209,766500015.2587891
2012-02-06 19:56:00,1.31209,1.31241,1.31208,1.31239,1405599975.5859375
2012-02-06 19:57:00,1.3124,1.31265,1.31238,1.31242,2564899902.34375
2012-02-06 19:58:00,1.31242,1.31242,1.31227,1.31238,1463999938.9648438
2012-02-06 19:59:00,1.31238,1.31247,1.31225,1.31247,1338699951.171875
2012-02-06 20:00:00,1.31247,1.31267,1.31247,1.31252,1865599975.5859375
2012-02-06 20:01:00,1.31252,1.31256,1.31242,1.31256,967099990.8447266
2012-02-06 20:02:00,1.31256,1.31271,1.31255,1.31271,1038499984.7412109
2012-02-06 20:03:00,1.31272,1.31289,1.31272,1.31274,1544499969.4824219
2012-02-06 20:04:00,1.31273,1.31274,1.31255,1.31265,1553800048.828125
2012-02-06 20:05:00,1.31266,1.31282,1.31265,1.31279,1327100067.1386719
2012-02-06 20:06:00,1.31279,1.31279,1.31261,1.31264,832699966.4306641
2012-02-06 20:07:00,1.31263,1.31263,1.31254,1.31257,925100021.3623047
2012-02-06 20:08:00,1.31257,1.31258,1.31246,1.31248,749700012.2070312
2012-02-06 20:09:00,1.31248,1.31286,1.31248,1.31275,1361699981.6894531
2012-02-06 20:10:00,1.31276,1.31291,1.31273,1.3129,1000400009.1552734
2012-02-06 20:11:00,1.31291,1.31291,1.31256,1.31277,1709900054.9316406
2012-02-06 20:12:00,1.31276,1.31278,1.3127,1.31278,663899993.8964844
2012-02-06 20:13:00,1.31281,1.31283,1.3127,1.31273,1624700012.2070312
2012-02-06 20:14:00,1.31273,1.31273,1.31265,1.31268,479399986.26708984
2012-02-06 20:15:00,1.31267,1.31292,1.31267,1.31286,1286300048.828125
2012-02-06 20:16:00,1.31286,1.31287,1.31282,1.31285,728000030.5175781
2012-02-06 20:17:00,1.31284,1.31286,1.31283,1.31285,648799972.5341797
2012-02-06 20:18:00,1.31285,1.31285,1.31275,1.31276,629099998.4741211
2012-02-06 20:19:00,1.31276,1.31337,1.31276,1.31337,2810000000.0
2012-02-06 20:20:00,1.31338,1.31376,1.31338,1.3137,2014100036.6210938
2012-02-06 20:21:00,1.31371,1.31372,1.31354,1.31356,1271200027.4658203
2012-02-06 20:22:00,1.31355,1.31364,1.31352,1.31353,1568099975.5859375
2012-02-06 20:23:00,1.31353,1.31353,1.31343,1.31345,1879600067.1386719
2012-02-06 20:24:00,1.31345,1.31347,1.3133,1.31331,978099975.5859375
2012-02-06 20:25:00,1.31332,1.31349,1.3133,1.31347,1363800048.828125
2012-02-06 20:26:00,1.31348,1.31349,1.31342,1.31346,1416499938.9648438
2012-02-06 20:27:00,1.31347,1.31349,1.31345,1.31346,476500015.25878906
2012-02-06 20:28:00,1.31346,1.31346,1.31311,1.31312,1645599975.5859375
2012-02-06 20:29:00,1.31312,1.31326,1.3131,1.3132,1128600006.1035156
2012-02-06 20:30:00,1.31319,1.31322,1.31295,1.31304,1860800018.3105469
2012-02-06 20:31:00,1.31304,1.31312,1.31298,1.31304,1333300018.3105469
2012-02-06 20:32:00,1.31303,1.31311,1.31303,1.31308,1204499969.4824219
2012-02-06 20:33:00,1.31308,1.3132,1.31306,1.31313,1513899993.8964844
2012-02-06 20:34:00,1.31315,1.31318,1.31315,1.31317,660000000.0
2012-02-06 20:35:00,1.31317,1.31325,1.31315,1.31323,706900024.4140625
2012-02-06 20:36:00,1.31322,1.31322,1.31313,1.31314,1053600006.1035156
2012-02-06 20:37:00,1.31319,1.31321,1.31313,1.31315,1341999969.4824219
2012-02-06 20:38:00,1.31315,1.31315,1.31295,1.31295,1025899963.3789062
2012-02-06 20:39:00,1.31295,1.31311,1.31295,1.31309,1285000000.0
2012-02-06 20:40:00,1.31311,1.31318,1.31311,1.31318,1492400054.9316406
2012-02-06 20:41:00,1.31318,1.31321,1.31305,1.31307,792900009.1552734
2012-02-06 20:42:00,1.3131,1.31316,1.31298,1.31304,1251800003.0517578
2012-02-06 20:43:00,1.31303,1.31321,1.31302,1.31315,1101900024.4140625
2012-02-06 20:44:00,1.31316,1.3133,1.31316,1.3133,710000000.0
2012-02-06 20:45:00,1.31331,1.3136,1.31312,1.31312,1925800018.3105469
2012-02-06 20:46:00,1.31312,1.31316,1.31298,1.31298,1047900009.1552734
2012-02-06 20:47:00,1.31298,1.31304,1.31291,1.31299,1454100036.6210938
2012-02-06 20:48:00,1.31299,1.31302,1.31281,1.31295,1472400054.9316406
2012-02-06 20:49:00,1.31293,1.31295,1.31285,1.31294,1357500000.0
2012-02-06 20:50:00,1.31294,1.31316,1.31294,1.31316,1150800018.3105469
2012-02-06 20:51:00,1.31318,1.31337,1.31309,1.31309,1653699951.171875
2012-02-06 20:52:00,1.31309,1.31318,1.31297,1.31297,1599600067.1386719
2012-02-06 20:53:00,1.31296,1.31303,1.31291,1.31292,1175000000.0
2012-02-06 20:54:00,1.31292,1.31298,1.31289,1.31296,1326999969.4824219
2012-02-06 20:55:00,1.31294,1.31294,1.31286,1.31289,1316900024.4140625
2012-02-06 20:56:00,1.31289,1.31306,1.31289,1.31298,1080699996.9482422
2012-02-06 20:57:00,1.31297,1.31297,1.31277,1.31282,1599600067.1386719
2012-02-06 20:58:00,1.31282,1.31295,1.31279,1.31295,838499984.7412109
2012-02-06 20:59:00,1.31295,1.31309,1.31286,1.31307,956299972.5341797
2012-02-06 21:00:00,1.31309,1.31312,1.31292,1.31309,422999992.37060547
2012-02-06 21:01:00,1.31306,1.31316,1.31306,1.31314,550499992.3706055
2012-02-06 21:02:00,1.31314,1.31319,1.31312,1.31316,855000000.0
2012-02-06 21:03:00,1.31315,1.31316,1.31315,1.31315,171700000.76293945
2012-02-06 21:04:00,1.31315,1.31315,1.31312,1.31312,169200000.76293945
2012-02-06 21:05:00,1.31311,1.31312,1.31309,1.31312,1029700012.2070312
2012-02-06 21:06:00,1.31312,1.31315,1.3131,1.31312,296100006.1035156
2012-02-06 21:07:00,1.31311,1.31318,1.31306,1.31318,615200004.5776367
2012-02-06 21:08:00,1.31318,1.31319,1.31311,1.31311,602900009.1552734
2012-02-06 21:09:00,1.31308,1.31309,1.31302,1.31305,543699989.3188477
2012-02-06 21:10:00,1.31307,1.31307,1.31304,1.31304,593800010.6811523
2012-02-06 21:11:00,1.31304,1.3131,1.31301,1.3131,962600021.3623047
2012-02-06 21:12:00,1.3131,1.31311,1.31302,1.31311,365000000.0
2012-02-06 21:13:00,1.3131,1.31313,1.31304,1.31311,776299972.5341797
2012-02-06 21:14:00,1.31311,1.31318,1.31309,1.31317,708899993.8964844
2012-02-06 21:15:00,1.31317,1.31325,1.31317,1.31319,1092900009.1552734
2012-02-06 21:16:00,1.31319,1.31321,1.31319,1.31319,496300010.68115234
2012-02-06 21:17:00,1.31319,1.31319,1.31314,1.31314,870699996.9482422
2012-02-06 21:18:00,1.31314,1.31319,1.31306,1.31306,623199996.9482422
2012-02-06 21:19:00,1.31306,1.31312,1.31299,1.31301,1258600006.1035156
2012-02-06 21:20:00,1.313,1.31309,1.313,1.31303,517500000.0
2012-02-06 21:21:00,1.31303,1.31308,1.31302,1.31305,398899993.8964844
2012-02-06 21:22:00,1.31303,1.31305,1.31301,1.31302,440499992.37060547
2012-02-06 21:23:00,1.31302,1.31304,1.31291,1.31296,1029800033.5693359
2012-02-06 21:24:00,1.31296,1.31298,1.31263,1.31263,708199996.9482422
2012-02-06 21:25:00,1.31263,1.3128,1.3126,1.31278,903499984.7412109
2012-02-06 21:26:00,1.31279,1.31279,1.31269,1.3127,341800003.0517578
2012-02-06 21:27:00,1.31269,1.31269,1.31255,1.31257,202099990.84472656
2012-02-06 21:28:00,1.31255,1.31258,1.31252,1.31257,552900009.1552734
2012-02-06 21:29:00,1.31257,1.31259,1.31243,1.31243,569300003.0517578
2012-02-06 21:30:00,1.31243,1.31257,1.31241,1.31255,959499969.4824219
2012-02-06 21:31:00,1.31258,1.31271,1.31257,1.31267,914700012.2070312
2012-02-06 21:32:00,1.31267,1.31267,1.3126,1.3126,516500015.25878906
2012-02-06 21:33:00,1.31264,1.31271,1.31264,1.31271,1128600006.1035156
2012-02-06 21:34:00,1.31271,1.3129,1.31271,1.3129,718300018.3105469
2012-02-06 21:35:00,1.31288,1.31296,1.31287,1.31296,1652400054.9316406
2012-02-06 21:36:00,1.31296,1.31296,1.31286,1.31287,707200012.2070312
2012-02-06 21:37:00,1.31286,1.31286,1.31278,1.31278,535800018.3105469
2012-02-06 21:38:00,1.31278,1.3128,1.31278,1.3128,822900009.1552734
2012-02-06 21:39:00,1.31281,1.31282,1.31277,1.31281,472299995.4223633
2012-02-06 21:40:00,1.31281,1.31285,1.31279,1.3128,450000000.0
2012-02-06 21:41:00,1.31279,1.31287,1.31279,1.31285,1183600006.1035156
2012-02-06 21:42:00,1.31285,1.3129,1.31281,1.31287,597799987.7929688
2012-02-06 21:43:00,1.3129,1.31291,1.31289,1.31291,255000000.0
2012-02-06 21:44:00,1.31291,1.31298,1.31291,1.31294,382500000.0
2012-02-06 21:45:00,1.31294,1.31301,1.31294,1.313,459799995.4223633
2012-02-06 21:46:00,1.31299,1.31299,1.3129,1.3129,564199981.6894531
2012-02-06 21:47:00,1.3129,1.31311,1.31288,1.3131,1680299987.7929688
2012-02-06 21:48:00,1.3131,1.31326,1.31304,1.31324,1693600006.1035156
2012-02-06 21:49:00,1.31323,1.31338,1.31307,1.31335,1848699951.171875
2012-02-06 21:50:00,1.31335,1.31347,1.31331,1.31335,1231500015.258789
2012-02-06 21:51:00,1.31335,1.31352,1.31335,1.3135,1612299957.2753906
2012-02-06 21:52:00,1.31348,1.31355,1.31347,1.31348,724700012.2070312
2012-02-06 21:53:00,1.31348,1.31367,1.31348,1.31366,1984400024.4140625
2012-02-06 21:54:00,1.31367,1.31369,1.31352,1.31352,1265899963.3789062
2012-02-06 21:55:00,1.31353,1.31353,1.31325,1.31327,2719700012.2070312
2012-02-06 21:56:00,1.31327,1.31334,1.31316,1.31317,1179800033.569336
2012-02-06 21:57:00,1.31316,1.31319,1.31308,1.31313,733300018.3105469
2012-02-06 21:58:00,1.31313,1.31314,1.31305,1.31308,1020599975.5859375
2012-02-06 21:59:00,1.31311,1.31318,1.31293,1.31296,518499984.74121094
2012-02-06 22:00:00,1.313,1.31318,1.31283,1.31298,629799995.4223633
2012-02-06 22:01:00,1.31308,1.31309,1.31298,1.31302,154499998.09265137
2012-02-06 22:02:00,1.31301,1.3131,1.3129,1.31301,287999992.37060547
2012-02-06 22:03:00,1.31301,1.31328,1.31295,1.31325,144099998.4741211
2012-02-06 22:04:00,1.31325,1.31334,1.31307,1.31307,138199996.9482422
2012-02-06 22:05:00,1.31307,1.31317,1.31304,1.31305,112100000.38146973
2012-02-06 22:06:00,1.31305,1.31316,1.31305,1.31312,174400005.34057617
2012-02-06 22:07:00,1.31314,1.31314,1.31307,1.31312,135100002.28881836
2012-02-06 22:08:00,1.31312,1.31315,1.31312,1.31313,90000000.0
2012-02-06 22:09:00,1.31315,1.31323,1.31312,1.31314,279899997.71118164
2012-02-06 22:10:00,1.31314,1.31325,1.31307,1.3132,246200008.39233398
2012-02-06 22:11:00,1.3132,1.3133,1.31317,1.31317,216599998.4741211
2012-02-06 22:12:00,1.31317,1.31317,1.31301,1.31304,302800006.8664551
2012-02-06 22:13:00,1.31304,1.31305,1.31299,1.31304,105399999.61853027
2012-02-06 22:14:00,1.31305,1.31314,1.313,1.31302,120299997.32971191
2012-02-06 22:15:00,1.31299,1.31307,1.31298,1.31299,168199996.9482422
2012-02-06 22:16:00,1.31299,1.31299,1.31299,1.31299,28299999.237060547
2012-02-06 22:17:00,1.31298,1.31299,1.31287,1.31296,101000003.81469727
2012-02-06 22:18:00,1.31293,1.31302,1.31289,1.3129,163700008.39233398
2012-02-06 22:19:00,1.31293,1.31293,1.31287,1.31292,127899999.61853027
2012-02-06 22:20:00,1.31292,1.31298,1.31284,1.31292,334399986.26708984
2012-02-06 22:21:00,1.31293,1.31295,1.31281,1.31281,266000003.81469727
2012-02-06 22:22:00,1.31281,1.31285,1.31281,1.31285,166100006.10351562
2012-02-06 22:23:00,1.31285,1.31285,1.31279,1.31285,85299997.32971191
2012-02-06 22:24:00,1.31281,1.31284,1.31267,1.3128,312700004.5776367
2012-02-06 22:25:00,1.31278,1.31284,1.31274,1.31278,275200004.5776367
2012-02-06 22:26:00,1.31273,1.3128,1.31271,1.3128,181200008.39233398
2012-02-06 22:27:00,1.31278,1.31278,1.31264,1.31264,372299995.4223633
2012-02-06 22:28:00,1.31263,1.3127,1.31261,1.31261,679700012.2070312
2012-02-06 22:29:00,1.3126,1.31266,1.31246,1.31249,348100013.73291016
2012-02-06 22:30:00,1.31249,1.31251,1.31245,1.31251,573300018.3105469
2012-02-06 22:31:00,1.31251,1.31251,1.31243,1.31243,281700000.76293945
2012-02-06 22:32:00,1.31244,1.31261,1.31242,1.31261,591899986.2670898
2012-02-06 22:33:00,1.31261,1.31268,1.31255,1.31257,1811999969.4824219
2012-02-06 22:34:00,1.31257,1.3126,1.31253,1.31256,1267399978.6376953
2012-02-06 22:35:00,1.31255,1.31256,1.31253,1.31256,269300003.0517578
2012-02-06 22:36:00,1.3126,1.3126,1.31256,1.31258,428400001.5258789
2012-02-06 22:37:00,1.31258,1.31269,1.31256,1.31258,547400016.784668
2012-02-06 22:38:00,1.31257,1.31257,1.31229,1.31229,1175699996.9482422
2012-02-06 22:39:00,1.31229,1.31235,1.31229,1.31231,508199996.9482422
2012-02-06 22:40:00,1.31229,1.31239,1.31228,1.3123,695000000.0
2012-02-06 22:41:00,1.31231,1.31239,1.31223,1.31223,1771300048.828125
2012-02-06 22:42:00,1.31223,1.31223,1.31213,1.31221,976800003.0517578
2012-02-06 22:43:00,1.31221,1.31225,1.31217,1.31221,1819799957.2753906
2012-02-06 22:44:00,1.31221,1.3124,1.31219,1.31231,1270800018.3105469
2012-02-06 22:45:00,1.31231,1.31231,1.31223,1.31223,901100006.1035156
2012-02-06 22:46:00,1.31223,1.31226,1.31219,1.31222,1527200012.2070312
2012-02-06 22:47:00,1.31222,1.31223,1.31221,1.31221,527000007.62939453
2012-02-06 22:48:00,1.31221,1.31227,1.31221,1.31227,528899993.8964844
2012-02-06 22:49:00,1.31227,1.31232,1.31227,1.3123,184599990.84472656
2012-02-06 22:50:00,1.31225,1.31232,1.31221,1.31224,1158099975.5859375
2012-02-06 22:51:00,1.31224,1.31224,1.31221,1.31221,2622600097.65625
2012-02-06 22:52:00,1.31221,1.31224,1.31221,1.31223,679400024.4140625
2012-02-06 22:53:00,1.31224,1.31224,1.31223,1.31223,203600006.10351562
2012-02-06 22:54:00,1.31223,1.31224,1.31221,1.31224,318199996.9482422
2012-02-06 22:55:00,1.31224,1.31224,1.31223,1.31223,180799999.23706055
2012-02-06 22:56:00,1.31224,1.31231,1.3122,1.31231,833499984.7412109
2012-02-06 22:57:00,1.31231,1.31234,1.31231,1.31234,419900016.78466797
2012-02-06 22:58:00,1.31234,1.31241,1.3123,1.3123,451300010.68115234
2012-02-06 22:59:00,1.3123,1.3124,1.31217,1.31229,2378500061.0351562
2012-02-06 23:00:00,1.31232,1.31238,1.31224,1.31225,937600021.3623047
2012-02-06 23:01:00,1.31226,1.31228,1.31224,1.31224,347200012.20703125
2012-02-06 23:02:00,1.31224,1.31225,1.31224,1.31225,232700004.57763672
2012-02-06 23:03:00,1.31225,1.31225,1.31219,1.31219,349799995.4223633
2012-02-06 23:04:00,1.31219,1.31224,1.31214,1.31215,676100006.1035156
2012-02-06 23:05:00,1.31214,1.31215,1.31214,1.31215,228500003.81469727
2012-02-06 23:06:00,1.31214,1.31214,1.31214,1.31214,329799995.4223633
2012-02-06 23:07:00,1.31214,1.31224,1.31213,1.31214,865000000.0
2012-02-06 23:08:00,1.31214,1.31217,1.31211,1.31214,695899963.3789062
2012-02-06 23:09:00,1.31215,1.31219,1.31214,1.31219,75900001.5258789
2012-02-06 23:10:00,1.3122,1.31227,1.31214,1.31225,1082200012.2070312
2012-02-06 23:11:00,1.31225,1.31225,1.3122,1.3122,187900009.15527344
2012-02-06 23:12:00,1.3122,1.31222,1.31218,1.31222,135600004.196167
2012-02-06 23:13:00,1.31222,1.31222,1.31218,1.31221,255900001.5258789
2012-02-06 23:14:00,1.31217,1.3122,1.31217,1.3122,156400003.43322754
2012-02-06 23:15:00,1.3122,1.31221,1.31216,1.31218,405699996.9482422
2012-02-06 23:16:00,1.3122,1.3122,1.31217,1.3122,124099998.4741211
2012-02-06 23:17:00,1.31218,1.31236,1.31218,1.31235,1157600021.3623047
2012-02-06 23:18:00,1.31234,1.31241,1.31231,1.31234,975199966.4306641
2012-02-06 23:19:00,1.31234,1.31234,1.3123,1.31231,555200004.5776367
2012-02-06 23:20:00,1.31229,1.31231,1.31226,1.31229,285100002.28881836
2012-02-06 23:21:00,1.31229,1.31229,1.31222,1.31224,173299999.23706055
2012-02-06 23:22:00,1.31224,1.31224,1.31222,1.31223,157700004.57763672
2012-02-06 23:23:00,1.31223,1.31223,1.31222,1.31222,210499992.37060547
2012-02-06 23:24:00,1.31222,1.3123,1.31216,1.31221,1551799926.7578125
2012-02-06 23:25:00,1.31221,1.31223,1.31214,1.31214,984000015.2587891
2012-02-06 23:26:00,1.31214,1.31214,1.31205,1.3121,429799995.4223633
2012-02-06 23:27:00,1.3121,1.3121,1.31186,1.31186,313099994.6594238
2012-02-06 23:28:00,1.31187,1.31197,1.3118,1.31193,535200004.5776367
2012-02-06 23:29:00,1.31193,1.31202,1.3119,1.31199,307800006.8664551
2012-02-06 23:30:00,1.312,1.31212,1.312,1.31208,1150400009.1552734
2012-02-06 23:31:00,1.31208,1.31211,1.31203,1.31203,787699966.4306641
2012-02-06 23:32:00,1.31203,1.3121,1.31193,1.31196,692600021.3623047
2012-02-06 23:33:00,1.31196,1.31197,1.31194,1.31194,387500000.0
2012-02-06 23:34:00,1.31194,1.3121,1.31194,1.31206,423199996.9482422
2012-02-06 23:35:00,1.31204,1.31209,1.31203,1.31209,515900001.5258789
2012-02-06 23:36:00,1.31207,1.31212,1.31205,1.31211,241399993.89648438
2012-02-06 23:37:00,1.31211,1.31212,1.31211,1.31212,549099998.4741211
2012-02-06 23:38:00,1.31211,1.31211,1.31203,1.31204,318700008.392334
2012-02-06 23:39:00,1.31204,1.31208,1.31204,1.31206,192099990.84472656
2012-02-06 23:40:00,1.31206,1.31206,1.31176,1.31194,1161800003.0517578
2012-02-06 23:41:00,1.31196,1.31196,1.31183,1.31185,411800003.0517578
2012-02-06 23:42:00,1.31185,1.31188,1.31185,1.31188,270200004.5776367
2012-02-06 23:43:00,1.31185,1.31188,1.3118,1.31181,277800006.8664551
2012-02-06 23:44:00,1.31181,1.31182,1.31181,1.31182,90000000.0
2012-02-06 23:45:00,1.31181,1.31187,1.3117,1.31184,613800010.6811523
2012-02-06 23:46:00,1.31184,1.31184,1.31166,1.31171,663600006.1035156
2012-02-06 23:47:00,1.31171,1.31173,1.31165,1.31165,680699996.9482422
2012-02-06 23:48:00,1.31165,1.31165,1.31148,1.31152,1336799926.7578125
2012-02-06 23:49:00,1.31154,1.31159,1.31154,1.31159,556599998.4741211
2012-02-06 23:50:00,1.31159,1.3116,1.31155,1.31156,202900009.15527344
2012-02-06 23:51:00,1.31158,1.31189,1.31158,1.31189,1027399978.6376953
2012-02-06 23:52:00,1.3119,1.31196,1.3118,1.31184,1058199996.9482422
2012-02-06 23:53:00,1.31184,1.31192,1.31182,1.31185,443499984.74121094
2012-02-06 23:54:00,1.31185,1.31191,1.31171,1.31185,893499984.7412109
2012-02-06 23:55:00,1.31185,1.31195,1.31179,1.31182,1050699996.9482422
2012-02-06 23:56:00,1.31184,1.31184,1.3118,1.3118,240100002.28881836
2012-02-06 23:57:00,1.3118,1.31189,1.3118,1.31189,217600002.28881836
2012-02-06 23:58:00,1.31189,1.3119,1.31183,1.31184,412999992.37060547
2012-02-06 23:59:00,1.31184,1.31184,1.31173,1.31179,820699996.9482422
2012-02-07 00:00:00,1.31179,1.31179,1.31152,1.31152,1900399932.8613281
2012-02-07 00:01:00,1.31152,1.31155,1.31142,1.31145,1663000030.5175781
2012-02-07 00:02:00,1.31145,1.31145,1.31105,1.31122,1857100067.1386719
2012-02-07 00:03:00,1.31122,1.31143,1.31122,1.31141,937300033.5693359
2012-02-07 00:04:00,1.31141,1.31152,1.31139,1.31152,1295000000.0
2012-02-07 00:05:00,1.3115,1.31173,1.31148,1.31171,1478699951.171875
2012-02-07 00:06:00,1.31171,1.31174,1.31139,1.3114,2007700042.7246094
2012-02-07 00:07:00,1.31142,1.31169,1.3113,1.31161,2186000061.0351562
2012-02-07 00:08:00,1.31161,1.31182,1.31161,1.31176,1739799957.2753906
2012-02-07 00:09:00,1.31175,1.31181,1.31173,1.31179,1205999984.741211
2012-02-07 00:10:00,1.31176,1.31188,1.31172,1.31173,858300018.3105469
2012-02-07 00:11:00,1.31172,1.31188,1.31161,1.31187,1859100036.6210938
2012-02-07 00:12:00,1.31187,1.31187,1.31175,1.31175,1285700073.2421875
2012-02-07 00:13:00,1.31175,1.31202,1.31169,1.31199,1703999938.9648438
2012-02-07 00:14:00,1.31199,1.31215,1.31195,1.31211,1320800018.3105469
2012-02-07 00:15:00,1.31211,1.31224,1.31211,1.31219,1734900054.9316406
2012-02-07 00:16:00,1.3122,1.3122,1.31199,1.31203,1183499984.741211
2012-02-07 00:17:00,1.31203,1.31203,1.31168,1.31196,1605200042.7246094
2012-02-07 00:18:00,1.31196,1.31207,1.31193,1.31198,1535299987.7929688
2012-02-07 00:19:00,1.31199,1.3122,1.31196,1.3122,1024599990.8447266
2012-02-07 00:20:00,1.3122,1.31223,1.31201,1.31206,2136699981.6894531
2012-02-07 00:21:00,1.31206,1.31214,1.31206,1.31214,349399986.26708984
2012-02-07 00:22:00,1.31216,1.31228,1.31213,1.31222,1547599945.0683594
2012-02-07 00:23:00,1.31222,1.3125,1.31222,1.31241,1513099975.5859375
2012-02-07 00:24:00,1.3124,1.31241,1.31232,1.31233,458899993.8964844
2012-02-07 00:25:00,1.31233,1.31233,1.31213,1.31214,1099400024.4140625
2012-02-07 00:26:00,1.31214,1.31225,1.31214,1.31223,896800003.0517578
2012-02-07 00:27:00,1.31223,1.31223,1.31207,1.31209,793300018.3105469
2012-02-07 00:28:00,1.31209,1.3122,1.31206,1.31218,1108600006.1035156
2012-02-07 00:29:00,1.31218,1.31227,1.31218,1.31227,364000015.25878906
2012-02-07 00:30:00,1.31227,1.31232,1.31217,1.3122,1099599990.8447266
2012-02-07 00:31:00,1.31218,1.31232,1.31215,1.31231,1242099990.8447266
2012-02-07 00:32:00,1.31231,1.31233,1.31218,1.31228,1165999984.741211
2012-02-07 00:33:00,1.31228,1.31228,1.31213,1.31221,1008700027.4658203
2012-02-07 00:34:00,1.31221,1.31227,1.31221,1.31226,670400009.1552734
2012-02-07 00:35:00,1.31227,1.31232,1.31225,1.31232,692399978.6376953
2012-02-07 00:36:00,1.31232,1.31232,1.31226,1.31226,487700004.5776367
2012-02-07 00:37:00,1.31223,1.31225,1.31201,1.31202,1166999969.4824219
2012-02-07 00:38:00,1.31202,1.31221,1.31202,1.31213,1534299926.7578125
2012-02-07 00:39:00,1.31213,1.31225,1.31212,1.31225,1101299972.5341797
2012-02-07 00:40:00,1.31225,1.31225,1.31208,1.31208,1040699996.9482422
2012-02-07 00:41:00,1.31209,1.3123,1.31209,1.31229,450600013.73291016
2012-02-07 00:42:00,1.31229,1.31232,1.31213,1.31232,1016999969.4824219
2012-02-07 00:43:00,1.31232,1.31232,1.31216,1.31222,561699981.6894531
2012-02-07 00:44:00,1.31222,1.31238,1.3122,1.31232,540900001.5258789
2012-02-07 00:45:00,1.31234,1.31239,1.31228,1.31236,1310599975.5859375
2012-02-07 00:46:00,1.31236,1.31238,1.31236,1.31236,359799995.4223633
2012-02-07 00:47:00,1.31236,1.31236,1.31216,1.31221,695699996.9482422
2012-02-07 00:48:00,1.31221,1.31221,1.31209,1.31209,1139800033.569336
2012-02-07 00:49:00,1.3121,1.31218,1.312,1.31206,1829700012.2070312
2012-02-07 00:50:00,1.31209,1.31209,1.31179,1.312,1820299987.7929688
2012-02-07 00:51:00,1.31202,1.31205,1.31181,1.31196,1674400024.4140625
2012-02-07 00:52:00,1.31199,1.31199,1.31169,1.31182,1272799987.7929688
2012-02-07 00:53:00,1.31182,1.31186,1.3117,1.31185,1435599975.5859375
2012-02-07 00:54:00,1.31185,1.31196,1.31184,1.31185,895800018.3105469
2012-02-07 00:55:00,1.31185,1.31206,1.31181,1.31205,975899963.3789062
2012-02-07 00:56:00,1.31205,1.31205,1.31186,1.31195,1328500061.0351562
2012-02-07 00:57:00,1.31194,1.31214,1.31194,1.31214,631300010.6811523
2012-02-07 00:58:00,1.31216,1.31223,1.31211,1.31223,955299987.7929688
2012-02-07 00:59:00,1.31223,1.31248,1.31223,1.3124,1092399978.6376953
2012-02-07 01:00:00,1.31242,1.31242,1.31214,1.31215,929700012.2070312
2012-02-07 01:01:00,1.31215,1.31221,1.31203,1.31207,1878399963.3789062
2012-02-07 01:02:00,1.31207,1.31212,1.31193,1.31196,1622299957.2753906
2012-02-07 01:03:00,1.31196,1.31216,1.31196,1.31216,1252300033.569336
2012-02-07 01:04:00,1.31214,1.31214,1.31202,1.31208,570900001.5258789
2012-02-07 01:05:00,1.3121,1.31217,1.31169,1.31178,1367500000.0
2012-02-07 01:06:00,1.31177,1.31179,1.31165,1.31172,1608800048.828125
2012-02-07 01:07:00,1.3117,1.31191,1.31169,1.31188,1155000000.0
2012-02-07 01:08:00,1.31187,1.31193,1.31178,1.31186,907799987.7929688
2012-02-07 01:09:00,1.31187,1.31187,1.31181,1.31184,767600021.3623047
2012-02-07 01:10:00,1.31186,1.3121,1.31186,1.31207,1238399963.3789062
2012-02-07 01:11:00,1.31209,1.3121,1.31197,1.31198,844300003.0517578
2012-02-07 01:12:00,1.31198,1.312,1.31174,1.31196,1120400009.1552734
2012-02-07 01:13:00,1.31197,1.31205,1.3118,1.31193,1337100067.1386719
2012-02-07 01:14:00,1.31195,1.31205,1.31191,1.31201,660599975.5859375
2012-02-07 01:15:00,1.31199,1.31202,1.31182,1.31193,831399993.8964844
2012-02-07 01:16:00,1.31195,1.31205,1.31177,1.31205,1665000000.0
2012-02-07 01:17:00,1.31204,1.31221,1.31178,1.31182,2345399932.861328
2012-02-07 01:18:00,1.3118,1.31189,1.31177,1.31187,1086200027.4658203
2012-02-07 01:19:00,1.31187,1.3119,1.31177,1.3118,901200027.4658203
2012-02-07 01:20:00,1.31179,1.31192,1.31179,1.3119,1286300048.828125
2012-02-07 01:21:00,1.31186,1.31192,1.3118,1.3118,551699981.6894531
2012-02-07 01:22:00,1.3118,1.3119,1.3118,1.31187,962099990.8447266
2012-02-07 01:23:00,1.31187,1.31219,1.31187,1.31219,951600036.6210938
2012-02-07 01:24:00,1.31218,1.31221,1.31204,1.31218,1456799926.7578125
2012-02-07 01:25:00,1.31219,1.31241,1.3121,1.31225,1367200012.2070312
2012-02-07 01:26:00,1.31228,1.31236,1.31218,1.3122,1498399963.3789062
2012-02-07 01:27:00,1.31221,1.31228,1.3121,1.31212,1279400024.4140625
2012-02-07 01:28:00,1.31212,1.31222,1.31212,1.31218,278299999.23706055
2012-02-07 01:29:00,1.31218,1.31221,1.31216,1.3122,824499969.4824219
2012-02-07 01:30:00,1.31221,1.31225,1.3122,1.31225,352299995.4223633
2012-02-07 01:31:00,1.31225,1.31241,1.31221,1.31241,993899993.8964844
2012-02-07 01:32:00,1.31241,1.31256,1.31228,1.31256,1596000061.0351562
2012-02-07 01:33:00,1.31258,1.31262,1.31252,1.31259,1490399932.8613281
2012-02-07 01:34:00,1.31259,1.31262,1.31242,1.3126,1153300018.3105469
2012-02-07 01:35:00,1.3126,1.31263,1.31242,1.3125,1696999969.4824219
2012-02-07 01:36:00,1.31253,1.31253,1.31247,1.31247,195799999.23706055
2012-02-07 01:37:00,1.31245,1.31252,1.31234,1.31249,1239700012.2070312
2012-02-07 01:38:00,1.31249,1.31261,1.31237,1.31237,1069400024.4140625
2012-02-07 01:39:00,1.31237,1.31238,1.31228,1.31231,479700012.20703125
2012-02-07 01:40:00,1.31231,1.31236,1.31223,1.31231,1395299987.7929688
2012-02-07 01:41:00,1.31229,1.31236,1.31219,1.31231,884000015.2587891
2012-02-07 01:42:00,1.31231,1.31242,1.31222,1.3124,908700027.4658203
2012-02-07 01:43:00,1.3124,1.31272,1.3124,1.31266,1571499938.9648438
2012-02-07 01:44:00,1.31263,1.31263,1.31242,1.3125,1180500030.5175781
2012-02-07 01:45:00,1.31249,1.31264,1.31245,1.31257,1795899963.3789062
2012-02-07 01:46:00,1.31257,1.31266,1.31255,1.31265,1267600021.3623047
2012-02-07 01:47:00,1.31265,1.31267,1.31262,1.31264,392099990.84472656
2012-02-07 01:48:00,1.31262,1.31262,1.31249,1.3125,1207600021.3623047
2012-02-07 01:49:00,1.31253,1.31256,1.3124,1.3124,1187600021.3623047
2012-02-07 01:50:00,1.3124,1.31253,1.31229,1.31235,1400299987.7929688
2012-02-07 01:51:00,1.31234,1.31244,1.31229,1.31231,1385299987.7929688
2012-02-07 01:52:00,1.31231,1.31243,1.3122,1.31232,1305599975.5859375
2012-02-07 01:53:00,1.31232,1.31243,1.31218,1.31233,1299499969.4824219
2012-02-07 01:54:00,1.31233,1.31234,1.31219,1.31232,1228600006.1035156
2012-02-07 01:55:00,1.31232,1.31232,1.3122,1.31224,913899993.8964844
2012-02-07 01:56:00,1.31224,1.31234,1.31221,1.31221,904800033.5693359
2012-02-07 01:57:00,1.31221,1.31244,1.31221,1.31232,1049899978.6376953
2012-02-07 01:58:00,1.31232,1.31232,1.31217,1.31228,1264000015.258789
2012-02-07 01:59:00,1.31229,1.31229,1.31198,1.31198,1159899978.6376953
2012-02-07 02:00:00,1.31197,1.31216,1.3119,1.31214,1284100036.6210938
2012-02-07 02:01:00,1.31214,1.31235,1.31214,1.31233,1438600006.1035156
2012-02-07 02:02:00,1.31233,1.31262,1.31233,1.31262,1047300033.5693359
2012-02-07 02:03:00,1.31263,1.31266,1.31238,1.31238,1033899993.8964844
2012-02-07 02:04:00,1.31238,1.31257,1.31238,1.31245,1171699981.6894531
2012-02-07 02:05:00,1.31245,1.31255,1.31245,1.31253,510900001.5258789
2012-02-07 02:06:00,1.31253,1.3127,1.31253,1.31267,879300003.0517578
2012-02-07 02:07:00,1.31268,1.31271,1.31262,1.31268,684000015.2587891
2012-02-07 02:08:00,1.31268,1.31273,1.31239,1.31244,1678899993.8964844
2012-02-07 02:09:00,1.31244,1.31276,1.31244,1.31255,1532799987.7929688
2012-02-07 02:10:00,1.31255,1.31258,1.3123,1.3123,1586600036.6210938
2012-02-07 02:11:00,1.3123,1.31232,1.31217,1.31226,1503699951.171875
2012-02-07 02:12:00,1.31226,1.31228,1.31223,1.31223,1096900024.4140625
2012-02-07 02:13:00,1.31223,1.31227,1.31223,1.31227,797600021.3623047
2012-02-07 02:14:00,1.31228,1.31238,1.31226,1.31231,636300010.6811523
2012-02-07 02:15:00,1.31231,1.31234,1.31215,1.31232,1621300048.828125
2012-02-07 02:16:00,1.31236,1.31243,1.31236,1.31242,283500003.81469727
2012-02-07 02:17:00,1.31242,1.31242,1.3123,1.31233,857699966.4306641
2012-02-07 02:18:00,1.31233,1.31241,1.31231,1.31241,781399993.8964844
2012-02-07 02:19:00,1.31241,1.31241,1.31231,1.31235,739199981.6894531
2012-02-07 02:20:00,1.31235,1.31235,1.3123,1.31234,592999992.3706055
2012-02-07 02:21:00,1.31234,1.31239,1.31211,1.31216,1415800018.3105469
2012-02-07 02:22:00,1.31217,1.31222,1.31216,1.31222,502500000.0
2012-02-07 02:23:00,1.31222,1.31237,1.3122,1.31231,819300003.0517578
2012-02-07 02:24:00,1.31233,1.31237,1.31233,1.31233,581199989.3188477
2012-02-07 02:25:00,1.31233,1.31261,1.31233,1.31252,1454600067.1386719
2012-02-07 02:26:00,1.31252,1.31265,1.31252,1.31263,644300003.0517578
2012-02-07 02:27:00,1.31263,1.31263,1.31249,1.31249,594900016.784668
2012-02-07 02:28:00,1.31249,1.31249,1.31211,1.31229,1490599975.5859375
2012-02-07 02:29:00,1.31229,1.31229,1.31217,1.31222,1099199981.6894531
2012-02-07 02:30:00,1.3122,1.31221,1.3119,1.31193,1773600006.1035156
2012-02-07 02:31:00,1.31193,1.31198,1.31169,1.31171,2329799957.2753906
2012-02-07 02:32:00,1.31173,1.31187,1.31169,1.31185,1535000000.0
2012-02-07 02:33:00,1.31179,1.31179,1.31159,1.31165,1708099975.5859375
2012-02-07 02:34:00,1.31165,1.31175,1.3115,1.31157,1882100067.1386719
2012-02-07 02:35:00,1.31154,1.31156,1.31129,1.31148,1930099945.0683594
2012-02-07 02:36:00,1.31148,1.31151,1.31141,1.31143,631899986.2670898
2012-02-07 02:37:00,1.31143,1.31153,1.3113,1.31131,909400024.4140625
2012-02-07 02:38:00,1.31131,1.31135,1.31127,1.31131,1290200042.7246094
2012-02-07 02:39:00,1.31131,1.31138,1.31113,1.31113,1469100036.6210938
2012-02-07 02:40:00,1.31113,1.31123,1.311,1.31116,1884100036.6210938
2012-02-07 02:41:00,1.31112,1.31124,1.31106,1.31106,1068899993.8964844
2012-02-07 02:42:00,1.31106,1.3111,1.3109,1.31094,637500000.0
2012-02-07 02:43:00,1.31094,1.31096,1.31073,1.31093,1450599975.5859375
2012-02-07 02:44:00,1.31095,1.31103,1.31093,1.31096,1213600006.1035156
2012-02-07 02:45:00,1.31094,1.31096,1.31091,1.31096,431300010.68115234
2012-02-07 02:46:00,1.31096,1.31098,1.31085,1.31085,1226299972.5341797
2012-02-07 02:47:00,1.31085,1.311,1.31072,1.31097,1500299987.7929688
2012-02-07 02:48:00,1.31097,1.31118,1.31091,1.3111,2143999938.9648438
2012-02-07 02:49:00,1.31112,1.31152,1.31107,1.31152,2077500000.0
2012-02-07 02:50:00,1.31152,1.31164,1.31143,1.31152,1715000000.0
2012-02-07 02:51:00,1.31151,1.31159,1.31147,1.31153,1343099975.5859375
2012-02-07 02:52:00,1.31153,1.31157,1.31124,1.31124,665699996.9482422
2012-02-07 02:53:00,1.31124,1.31149,1.31121,1.31143,1223700027.4658203
2012-02-07 02:54:00,1.31148,1.31151,1.31116,1.31116,2160000000.0
2012-02-07 02:55:00,1.31118,1.31158,1.31118,1.31155,1932100067.1386719
2012-02-07 02:56:00,1.31155,1.31155,1.31145,1.31148,793799972.5341797
2012-02-07 02:57:00,1.31148,1.31148,1.31131,1.31136,823499984.7412109
2012-02-07 02:58:00,1.31136,1.31141,1.31132,1.31136,808199996.9482422
2012-02-07 02:59:00,1.31136,1.31136,1.31132,1.31134,996399993.8964844
2012-02-07 03:00:00,1.31134,1.31136,1.31126,1.31134,1348200073.2421875
2012-02-07 03:01:00,1.31134,1.31134,1.31119,1.31119,830699996.9482422
2012-02-07 03:02:00,1.31119,1.31123,1.31118,1.31119,433499984.74121094
2012-02-07 03:03:00,1.31118,1.31133,1.31118,1.31133,161299991.60766602
2012-02-07 03:04:00,1.31133,1.31148,1.31131,1.31143,1245500030.5175781
2012-02-07 03:05:00,1.31144,1.31158,1.31138,1.31152,1601999969.4824219
2012-02-07 03:06:00,1.31151,1.31152,1.31138,1.31138,548100013.7329102
2012-02-07 03:07:00,1.31138,1.31147,1.31138,1.31143,714499969.4824219
2012-02-07 03:08:00,1.31144,1.31151,1.31139,1.31151,1143799972.5341797
2012-02-07 03:09:00,1.31151,1.31154,1.31142,1.31143,1030599975.5859375
2012-02-07 03:10:00,1.31141,1.31141,1.3113,1.31131,705800018.3105469
2012-02-07 03:11:00,1.31131,1.31137,1.31129,1.31132,873899993.8964844
2012-02-07 03:12:00,1.31132,1.31138,1.31118,1.31132,1203499984.741211
2012-02-07 03:13:00,1.3113,1.31132,1.31125,1.31132,673199996.9482422
2012-02-07 03:14:00,1.31132,1.31132,1.31131,1.31131,127500000.0
2012-02-07 03:15:00,1.31132,1.31132,1.31125,1.31129,277800006.8664551
2012-02-07 03:16:00,1.31129,1.31129,1.31102,1.31112,1197300033.569336
2012-02-07 03:17:00,1.31112,1.31123,1.31099,1.31104,1655200042.7246094
2012-02-07 03:18:00,1.31102,1.31103,1.31067,1.31074,2288899993.8964844
2012-02-07 03:19:00,1.31074,1.3109,1.31066,1.3108,1673099975.5859375
2012-02-07 03:20:00,1.31079,1.31084,1.31069,1.31074,1175800018.3105469
2012-02-07 03:21:00,1.31074,1.31093,1.31072,1.31092,1153700027.4658203
2012-02-07 03:22:00,1.3109,1.311,1.3108,1.31097,1098000030.5175781
2012-02-07 03:23:00,1.31097,1.31099,1.31094,1.31096,653899993.8964844
2012-02-07 03:24:00,1.31096,1.31096,1.31085,1.31086,1341600036.6210938
2012-02-07 03:25:00,1.31086,1.311,1.31079,1.31098,923799972.5341797
2012-02-07 03:26:00,1.31098,1.31109,1.31089,1.31092,1714299926.7578125
2012-02-07 03:27:00,1.31089,1.311,1.31083,1.31098,1166800003.0517578
2012-02-07 03:28:00,1.31098,1.31103,1.31097,1.31101,744599990.8447266
2012-02-07 03:29:00,1.31101,1.31119,1.31091,1.311,1457100067.1386719
2012-02-07 03:30:00,1.311,1.31245,1.31098,1.31183,4412500000.0
2012-02-07 03:31:00,1.31183,1.31251,1.31169,1.31237,3032999877.9296875
2012-02-07 03:32:00,1.31237,1.31248,1.31218,1.31218,2717999877.9296875
2012-02-07 03:33:00,1.31213,1.3133,1.31213,1.3133,3702200012.2070312
2012-02-07 03:34:00,1.31331,1.31346,1.31272,1.31284,3114700012.2070312
2012-02-07 03:35:00,1.31283,1.31299,1.31258,1.31271,2745700073.2421875
2012-02-07 03:36:00,1.31271,1.31271,1.31229,1.31234,2063200073.2421875
2012-02-07 03:37:00,1.31233,1.3124,1.31175,1.31192,2641000061.0351562
2012-02-07 03:38:00,1.31193,1.31209,1.31171,1.31209,2087599945.0683594
2012-02-07 03:39:00,1.3121,1.31226,1.31192,1.31192,1589400024.4140625
2012-02-07 03:40:00,1.31193,1.31193,1.3115,1.31168,2096999969.4824219
2012-02-07 03:41:00,1.31164,1.31164,1.3112,1.3114,2385099945.0683594
2012-02-07 03:42:00,1.3114,1.31151,1.31124,1.31131,1910700073.2421875
2012-02-07 03:43:00,1.31131,1.31136,1.31097,1.31099,1548500061.0351562
2012-02-07 03:44:00,1.31101,1.31104,1.31014,1.31016,2344799957.2753906
2012-02-07 03:45:00,1.31018,1.31018,1.30964,1.30985,3165199890.1367188
2012-02-07 03:46:00,1.30986,1.31021,1.30986,1.31021,2354700012.2070312
2012-02-07 03:47:00,1.31021,1.31056,1.31015,1.31053,2373399963.3789062
2012-02-07 03:48:00,1.31053,1.31055,1.31029,1.31037,1870000000.0
2012-02-07 03:49:00,1.31035,1.31057,1.31018,1.31023,2025800018.3105469
2012-02-07 03:50:00,1.31021,1.31024,1.30928,1.3093,2780599975.5859375
2012-02-07 03:51:00,1.30929,1.30978,1.30926,1.30926,3165000000.0
2012-02-07 03:52:00,1.30926,1.30939,1.30889,1.30917,2966499938.9648438
2012-02-07 03:53:00,1.30918,1.30943,1.30905,1.30938,1841199951.171875
2012-02-07 03:54:00,1.30942,1.30946,1.30936,1.30944,1599400024.4140625
2012-02-07 03:55:00,1.30946,1.30958,1.30944,1.30953,1448899993.8964844
2012-02-07 03:56:00,1.30952,1.30956,1.30944,1.30953,1827100067.1386719
2012-02-07 03:57:00,1.30953,1.30965,1.30945,1.30945,1591699981.6894531
2012-02-07 03:58:00,1.30944,1.30952,1.30938,1.30946,1575299987.7929688
2012-02-07 03:59:00,1.30947,1.30964,1.30946,1.30954,1357599945.0683594
2012-02-07 04:00:00,1.30954,1.30955,1.30944,1.30946,686800003.0517578
2012-02-07 04:01:00,1.30946,1.30956,1.30944,1.30953,888300018.3105469
2012-02-07 04:02:00,1.30956,1.30977,1.30947,1.30977,1208199996.9482422
2012-02-07 04:03:00,1.30978,1.31005,1.30978,1.30998,2591000061.0351562
2012-02-07 04:04:00,1.30998,1.31003,1.30992,1.30994,1951300048.828125
2012-02-07 04:05:00,1.30998,1.30998,1.30987,1.30994,1080800018.3105469
2012-02-07 04:06:00,1.30991,1.31007,1.30991,1.31003,1389900054.9316406
2012-02-07 04:07:00,1.31003,1.31009,1.30998,1.30998,1488699951.171875
2012-02-07 04:08:00,1.30996,1.30996,1.30962,1.30971,1856499938.9648438
2012-02-07 04:09:00,1.30971,1.30986,1.30965,1.30983,1488999938.9648438
2012-02-07 04:10:00,1.30983,1.30985,1.30972,1.30983,891500015.2587891
2012-02-07 04:11:00,1.30984,1.30984,1.3095,1.3095,1457500000.0
2012-02-07 04:12:00,1.3095,1.3095,1.30916,1.30916,1438899993.8964844
2012-02-07 04:13:00,1.30918,1.30941,1.30917,1.30938,1687799987.7929688
2012-02-07 04:14:00,1.30938,1.30959,1.30938,1.30959,920100021.3623047
2012-02-07 04:15:00,1.30959,1.30966,1.3095,1.30956,1007399978.6376953
2012-02-07 04:16:00,1.3096,1.30963,1.3095,1.30951,823199996.9482422
2012-02-07 04:17:00,1.30951,1.30969,1.30951,1.30969,1298099975.5859375
2012-02-07 04:18:00,1.30974,1.30976,1.30969,1.30974,931500015.2587891
2012-02-07 04:19:00,1.30974,1.30998,1.30974,1.30992,1356499938.9648438
2012-02-07 04:20:00,1.3099,1.30993,1.30984,1.30988,945100021.3623047
2012-02-07 04:21:00,1.30988,1.30988,1.30971,1.30977,1001500015.2587891
2012-02-07 04:22:00,1.30976,1.30976,1.30966,1.30969,1044000015.2587891
2012-02-07 04:23:00,1.30967,1.30967,1.30948,1.30949,1062699966.4306641
2012-02-07 04:24:00,1.30948,1.30952,1.30944,1.30944,479099998.4741211
2012-02-07 04:25:00,1.30947,1.30949,1.30941,1.30945,1095299987.7929688
2012-02-07 04:26:00,1.30945,1.30975,1.30945,1.30975,893799972.5341797
2012-02-07 04:27:00,1.30973,1.30995,1.30973,1.30993,981299972.5341797
2012-02-07 04:28:00,1.30993,1.30995,1.30989,1.30989,867099990.8447266
2012-02-07 04:29:00,1.30988,1.30992,1.3098,1.30992,623699989.3188477
2012-02-07 04:30:00,1.30992,1.31003,1.30986,1.30986,1164700012.2070312
2012-02-07 04:31:00,1.30992,1.31004,1.30986,1.30992,972300033.5693359
2012-02-07 04:32:00,1.30988,1.3101,1.30982,1.3101,1574199981.6894531
2012-02-07 04:33:00,1.31009,1.31025,1.31009,1.31017,1372500000.0
2012-02-07 04:34:00,1.3102,1.31023,1.31013,1.31017,611899986.2670898
2012-02-07 04:35:00,1.31017,1.31022,1.30997,1.31003,1257699966.430664
2012-02-07 04:36:00,1.30998,1.31016,1.30996,1.3101,1058799972.5341797
2012-02-07 04:37:00,1.31012,1.31025,1.31012,1.31016,1087300033.569336
2012-02-07 04:38:00,1.31019,1.31059,1.31019,1.31054,2040200042.7246094
2012-02-07 04:39:00,1.31055,1.31102,1.31054,1.31096,2079499969.4824219
2012-02-07 04:40:00,1.31096,1.31104,1.31063,1.31068,2466799926.7578125
2012-02-07 04:41:00,1.31063,1.31116,1.31053,1.31116,2035000000.0
2012-02-07 04:42:00,1.31121,1.31131,1.31092,1.31092,2513800048.828125
2012-02-07 04:43:00,1.31091,1.31091,1.31079,1.31083,1463200073.2421875
2012-02-07 04:44:00,1.31087,1.31099,1.31087,1.31099,849700012.2070312
2012-02-07 04:45:00,1.31096,1.311,1.31076,1.3108,1161999969.4824219
2012-02-07 04:46:00,1.3108,1.31081,1.31073,1.31079,523800010.68115234
2012-02-07 04:47:00,1.31079,1.31079,1.31048,1.31061,1277399978.6376953
2012-02-07 04:48:00,1.31059,1.31061,1.31042,1.31046,786600036.6210938
2012-02-07 04:49:00,1.31046,1.31047,1.31029,1.31031,1052500000.0
2012-02-07 04:50:00,1.31033,1.31033,1.31019,1.31021,1142900009.1552734
2012-02-07 04:51:00,1.31019,1.31045,1.31016,1.31033,1541699981.6894531
2012-02-07 04:52:00,1.31035,1.31043,1.31023,1.31042,1364600067.1386719
2012-02-07 04:53:00,1.31042,1.31048,1.31039,1.31041,757900009.1552734
2012-02-07 04:54:00,1.31039,1.31039,1.31021,1.31035,1701399993.8964844
2012-02-07 04:55:00,1.31036,1.31036,1.31021,1.31025,1302899932.8613281
2012-02-07 04:56:00,1.31024,1.31028,1.31005,1.31013,1451000061.0351562
2012-02-07 04:57:00,1.31013,1.31013,1.30994,1.31007,1241100006.1035156
2012-02-07 04:58:00,1.31006,1.31006,1.30994,1.30994,968899993.8964844
2012-02-07 04:59:00,1.30989,1.31013,1.30989,1.31011,701800003.0517578
2012-02-07 05:00:00,1.31007,1.31041,1.31004,1.31036,930199966.4306641
2012-02-07 05:01:00,1.3103,1.31036,1.31029,1.31031,632200012.2070312
2012-02-07 05:02:00,1.31029,1.31048,1.31029,1.31036,1548300018.3105469
2012-02-07 05:03:00,1.3104,1.3104,1.31032,1.31032,350699996.9482422
2012-02-07 05:04:00,1.31032,1.31038,1.31009,1.31036,1540000000.0
2012-02-07 05:05:00,1.31036,1.31042,1.31032,1.31033,610999984.7412109
2012-02-07 05:06:00,1.31036,1.31042,1.31033,1.31034,442099990.84472656
2012-02-07 05:07:00,1.31037,1.31039,1.31024,1.31039,1102300033.569336
2012-02-07 05:08:00,1.31039,1.31071,1.31034,1.31064,1368000030.5175781
2012-02-07 05:09:00,1.31064,1.31066,1.31049,1.31055,2330299987.7929688
2012-02-07 05:10:00,1.31057,1.31075,1.31052,1.31067,1350399932.8613281
2012-02-07 05:11:00,1.31067,1.31072,1.31034,1.31035,1309299926.7578125
2012-02-07 05:12:00,1.31035,1.31048,1.31024,1.31038,1447899932.8613281
2012-02-07 05:13:00,1.31041,1.31041,1.31037,1.31037,454500007.62939453
2012-02-07 05:14:00,1.31037,1.31044,1.31033,1.3104,467599983.21533203
2012-02-07 05:15:00,1.3104,1.31057,1.3104,1.31041,1148399963.3789062
2012-02-07 05:16:00,1.31041,1.31047,1.3104,1.31046,484099998.4741211
2012-02-07 05:17:00,1.31046,1.31078,1.31042,1.31078,1312899932.8613281
2012-02-07 05:18:00,1.31076,1.3108,1.31066,1.31076,1276699981.6894531
2012-02-07 05:19:00,1.31076,1.31085,1.31065,1.31067,1201500015.258789
2012-02-07 05:20:00,1.31063,1.31067,1.31048,1.3106,1318200073.2421875
2012-02-07 05:21:00,1.3106,1.31062,1.3105,1.31057,1172300033.569336
2012-02-07 05:22:00,1.31057,1.31064,1.31056,1.31059,639300003.0517578
2012-02-07 05:23:00,1.31062,1.31068,1.31058,1.31063,893099975.5859375
2012-02-07 05:24:00,1.31062,1.31066,1.31049,1.3105,952799987.7929688
2012-02-07 05:25:00,1.3105,1.31053,1.31039,1.3105,1159400024.4140625
2012-02-07 05:26:00,1.3105,1.3105,1.3104,1.31042,998399963.3789062
2012-02-07 05:27:00,1.31042,1.31058,1.31042,1.31044,638300018.3105469
2012-02-07 05:28:00,1.31044,1.31053,1.31042,1.31051,893399963.3789062
2012-02-07 05:29:00,1.31051,1.31051,1.31032,1.31034,567599983.215332
2012-02-07 05:30:00,1.31034,1.31036,1.31034,1.31034,174899997.71118164
2012-02-07 05:31:00,1.31035,1.31037,1.31029,1.31033,1060199966.4306641
2012-02-07 05:32:00,1.31033,1.31034,1.3103,1.31032,1421699981.6894531
2012-02-07 05:33:00,1.3103,1.31032,1.31025,1.31029,1113000030.5175781
2012-02-07 05:34:00,1.31029,1.31029,1.31009,1.31011,963099975.5859375
2012-02-07 05:35:00,1.31014,1.3102,1.31005,1.3101,1594700012.2070312
2012-02-07 05:36:00,1.3101,1.31015,1.31009,1.31014,1431999969.4824219
2012-02-07 05:37:00,1.31014,1.31015,1.31009,1.31012,652500000.0
2012-02-07 05:38:00,1.31011,1.31014,1.31008,1.31008,606599998.4741211
2012-02-07 05:39:00,1.31008,1.31021,1.31008,1.31017,1029800033.5693359
2012-02-07 05:40:00,1.31019,1.3102,1.31019,1.31019,104200000.76293945
2012-02-07 05:41:00,1.31019,1.31031,1.31019,1.31019,451899986.26708984
2012-02-07 05:42:00,1.31019,1.3102,1.3101,1.31013,804800033.5693359
2012-02-07 05:43:00,1.31015,1.31029,1.31014,1.31026,689199981.6894531
2012-02-07 05:44:00,1.31026,1.3104,1.31023,1.3103,1256299972.5341797
2012-02-07 05:45:00,1.3103,1.3103,1.31011,1.31016,945699996.9482422
2012-02-07 05:46:00,1.31018,1.31018,1.31004,1.31005,960599975.5859375
2012-02-07 05:47:00,1.31005,1.31015,1.31005,1.31007,784400024.4140625
2012-02-07 05:48:00,1.31007,1.31007,1.30987,1.30988,866200027.4658203
2012-02-07 05:49:00,1.30988,1.3099,1.30969,1.30978,1653800048.828125
2012-02-07 05:50:00,1.30978,1.30979,1.3097,1.30974,1555399932.8613281
2012-02-07 05:51:00,1.30976,1.3098,1.30965,1.30977,1823800048.828125
2012-02-07 05:52:00,1.30977,1.30982,1.30973,1.30979,790599975.5859375
2012-02-07 05:53:00,1.3098,1.3102,1.30977,1.31014,2155800018.310547
2012-02-07 05:54:00,1.3101,1.3104,1.3101,1.31037,1878000030.5175781
2012-02-07 05:55:00,1.31037,1.31038,1.31032,1.31033,1097600021.3623047
2012-02-07 05:56:00,1.31035,1.31038,1.3103,1.31036,863600006.1035156
2012-02-07 05:57:00,1.31036,1.31054,1.31033,1.31042,1210299987.7929688
2012-02-07 05:58:00,1.31042,1.3105,1.31027,1.3105,1261500015.258789
2012-02-07 05:59:00,1.31051,1.31066,1.31035,1.31042,1443300018.3105469
2012-02-07 06:00:00,1.31042,1.31052,1.31027,1.3103,1948300018.3105469
2012-02-07 06:01:00,1.3103,1.31055,1.31019,1.31053,1873500061.0351562
2012-02-07 06:02:00,1.31055,1.31056,1.31023,1.31035,1900200042.7246094
2012-02-07 06:03:00,1.31034,1.31051,1.31034,1.31048,1015500030.5175781
2012-02-07 06:04:00,1.31048,1.31073,1.31048,1.31065,1916199951.171875
2012-02-07 06:05:00,1.31065,1.31085,1.31065,1.31081,1672899932.8613281
2012-02-07 06:06:00,1.31081,1.31093,1.31081,1.3109,1576399993.8964844
2012-02-07 06:07:00,1.31091,1.31102,1.31081,1.31093,1675599975.5859375
2012-02-07 06:08:00,1.31094,1.31095,1.31073,1.31074,2445200042.7246094
2012-02-07 06:09:00,1.31072,1.31086,1.3107,1.31085,1578200073.2421875
2012-02-07 06:10:00,1.31085,1.31104,1.31083,1.31104,1362700042.7246094
2012-02-07 06:11:00,1.31106,1.31125,1.31106,1.3111,1034100036.6210938
2012-02-07 06:12:00,1.31109,1.31112,1.31094,1.31112,1214000015.258789
2012-02-07 06:13:00,1.31112,1.31112,1.31101,1.31101,1453000030.5175781
2012-02-07 06:14:00,1.31101,1.31107,1.3108,1.3108,1640200042.7246094
2012-02-07 06:15:00,1.3108,1.31095,1.31072,1.31081,1167399978.6376953
2012-02-07 06:16:00,1.31081,1.3111,1.31079,1.31104,1167099990.8447266
2012-02-07 06:17:00,1.31103,1.31108,1.31079,1.31081,1410299987.7929688
2012-02-07 06:18:00,1.31081,1.31122,1.31081,1.31117,1548200073.2421875
2012-02-07 06:19:00,1.31116,1.3114,1.31116,1.31122,1581999969.4824219
2012-02-07 06:20:00,1.31122,1.31131,1.31087,1.31097,2692399902.34375
2012-02-07 06:21:00,1.311,1.31111,1.31083,1.3109,1559299926.7578125
2012-02-07 06:22:00,1.3109,1.31101,1.3109,1.31099,716399993.8964844
2012-02-07 06:23:00,1.31099,1.311,1.31079,1.3108,534599990.84472656
2012-02-07 06:24:00,1.31083,1.31089,1.31073,1.31077,1719299926.7578125
2012-02-07 06:25:00,1.31078,1.31081,1.31072,1.31075,880100021.3623047
2012-02-07 06:26:00,1.31073,1.31075,1.31062,1.31068,1489199981.6894531
2012-02-07 06:27:00,1.31068,1.31109,1.31068,1.31107,1647899932.8613281
2012-02-07 06:28:00,1.31107,1.31107,1.31079,1.31086,1452100067.1386719
2012-02-07 06:29:00,1.31086,1.31099,1.31083,1.31099,794499969.4824219
2012-02-07 06:30:00,1.31099,1.31109,1.31092,1.31105,1697200012.2070312
2012-02-07 06:31:00,1.31105,1.31121,1.31102,1.31116,1609499969.4824219
2012-02-07 06:32:00,1.31115,1.31141,1.31115,1.31138,1683600006.1035156
2012-02-07 06:33:00,1.31137,1.31143,1.31128,1.31131,1535000000.0
2012-02-07 06:34:00,1.31129,1.3113,1.31108,1.31109,1220000000.0
2012-02-07 06:35:00,1.3111,1.31112,1.31104,1.3111,838000030.5175781
2012-02-07 06:36:00,1.31108,1.31108,1.31094,1.31102,1533999938.9648438
2012-02-07 06:37:00,1.31102,1.31102,1.31076,1.31077,1476199951.171875
2012-02-07 06:38:00,1.31078,1.31096,1.31066,1.31095,1753099975.5859375
2012-02-07 06:39:00,1.311,1.31101,1.31091,1.31095,838799972.5341797
2012-02-07 06:40:00,1.31095,1.31101,1.31078,1.31078,1300200042.7246094
2012-02-07 06:41:00,1.3108,1.31085,1.31074,1.31083,752500000.0
2012-02-07 06:42:00,1.31081,1.31081,1.31072,1.31076,637000007.6293945
2012-02-07 06:43:00,1.31076,1.31079,1.31076,1.31078,255000000.0
2012-02-07 06:44:00,1.31078,1.31095,1.31078,1.31095,446399993.8964844
2012-02-07 06:45:00,1.31095,1.31098,1.31079,1.31082,963799972.5341797
2012-02-07 06:46:00,1.3108,1.31085,1.31075,1.31075,681200027.4658203
2012-02-07 06:47:00,1.31077,1.31091,1.31073,1.31084,726399993.8964844
2012-02-07 06:48:00,1.31082,1.31082,1.31066,1.31071,818700027.4658203
2012-02-07 06:49:00,1.31074,1.3108,1.3107,1.31077,953199996.9482422
2012-02-07 06:50:00,1.3108,1.31083,1.31045,1.31045,2034900054.9316406
2012-02-07 06:51:00,1.31043,1.31055,1.31029,1.3105,2786400146.484375
2012-02-07 06:52:00,1.3105,1.31052,1.31031,1.31049,1538699951.171875
2012-02-07 06:53:00,1.31051,1.31062,1.3105,1.31058,723700027.4658203
2012-02-07 06:54:00,1.31058,1.31062,1.31053,1.31059,640899963.3789062
2012-02-07 06:55:00,1.31059,1.31085,1.31054,1.3108,1089400024.4140625
2012-02-07 06:56:00,1.31078,1.31083,1.3105,1.31072,2166999969.482422
2012-02-07 06:57:00,1.31072,1.31076,1.31049,1.31049,1222399978.6376953
2012-02-07 06:58:00,1.31049,1.31049,1.31034,1.31034,753799972.5341797
2012-02-07 06:59:00,1.31034,1.31046,1.31034,1.3104,767300033.5693359
2012-02-07 07:00:00,1.3104,1.31046,1.31025,1.31045,1589700012.2070312
2012-02-07 07:01:00,1.31045,1.31124,1.31045,1.31121,2058399963.3789062
2012-02-07 07:02:00,1.31122,1.31173,1.31122,1.3115,2443999938.9648438
2012-02-07 07:03:00,1.31151,1.31177,1.31146,1.31166,2695000000.0
2012-02-07 07:04:00,1.3117,1.31175,1.31148,1.31173,2057200012.2070312
2012-02-07 07:05:00,1.31171,1.31175,1.31144,1.31144,2290599975.5859375
2012-02-07 07:06:00,1.31146,1.31161,1.31135,1.31145,2546100006.1035156
2012-02-07 07:07:00,1.31145,1.31156,1.31135,1.31148,2214900054.9316406
2012-02-07 07:08:00,1.31148,1.31177,1.31148,1.31175,2221199951.171875
2012-02-07 07:09:00,1.31174,1.31189,1.31172,1.31189,1523099975.5859375
2012-02-07 07:10:00,1.31187,1.31208,1.31187,1.31204,1382799987.7929688
2012-02-07 07:11:00,1.31205,1.31239,1.312,1.31222,2562699890.1367188
2012-02-07 07:12:00,1.31224,1.31266,1.31213,1.31256,3465400085.4492188
2012-02-07 07:13:00,1.31256,1.31265,1.31243,1.31245,3243399963.3789062
2012-02-07 07:14:00,1.3125,1.3125,1.31232,1.31237,1176800003.0517578
2012-02-07 07:15:00,1.31239,1.31258,1.31239,1.31239,1425700073.2421875
2012-02-07 07:16:00,1.31239,1.31243,1.31206,1.3123,2695100097.65625
2012-02-07 07:17:00,1.3123,1.31259,1.31228,1.31232,2342799987.7929688
2012-02-07 07:18:00,1.31232,1.31239,1.31228,1.31232,1294400024.4140625
2012-02-07 07:19:00,1.31232,1.31238,1.31224,1.31224,1592500000.0
2012-02-07 07:20:00,1.3122,1.31232,1.31217,1.3123,992300033.5693359
2012-02-07 07:21:00,1.3123,1.31279,1.31229,1.31279,1049700012.2070312
2012-02-07 07:22:00,1.31277,1.31293,1.31251,1.3128,3029599914.5507812
2012-02-07 07:23:00,1.3128,1.3132,1.31273,1.31295,2915899963.3789062
2012-02-07 07:24:00,1.31293,1.31302,1.31283,1.31287,1636000061.0351562
2012-02-07 07:25:00,1.31287,1.31295,1.31261,1.31261,1959700012.2070312
2012-02-07 07:26:00,1.31261,1.31276,1.31258,1.31262,1632400054.9316406
2012-02-07 07:27:00,1.31264,1.31287,1.31246,1.31287,2104900054.9316406
2012-02-07 07:28:00,1.31284,1.31301,1.31284,1.313,2166399993.8964844
2012-02-07 07:29:00,1.31297,1.3131,1.31273,1.31282,1906000061.0351562
2012-02-07 07:30:00,1.31282,1.31282,1.31262,1.31274,1832599945.0683594
2012-02-07 07:31:00,1.31274,1.31303,1.3126,1.31288,2636499938.9648438
2012-02-07 07:32:00,1.31288,1.31353,1.31286,1.31349,2948500061.0351562
2012-02-07 07:33:00,1.31351,1.3139,1.31341,1.31376,3799700012.2070312
2012-02-07 07:34:00,1.31376,1.31397,1.31368,1.31372,3064700012.2070312
2012-02-07 07:35:00,1.31375,1.31377,1.31351,1.31372,2634599914.5507812
2012-02-07 07:36:00,1.31373,1.31486,1.31373,1.31486,3560000000.0
2012-02-07 07:37:00,1.31488,1.31573,1.31488,1.31544,3910299987.7929688
2012-02-07 07:38:00,1.31546,1.31557,1.31535,1.31538,3561700134.2773438
2012-02-07 07:39:00,1.31538,1.31548,1.31503,1.31507,3525899963.3789062
2012-02-07 07:40:00,1.31508,1.31575,1.31508,1.31569,3002999877.9296875
2012-02-07 07:41:00,1.31568,1.31613,1.31568,1.31612,4706199951.171875
2012-02-07 07:42:00,1.31619,1.31646,1.31581,1.31582,3527099914.5507812
2012-02-07 07:43:00,1.31582,1.31597,1.31578,1.31579,2850700073.2421875
2012-02-07 07:44:00,1.31579,1.31583,1.31561,1.31566,2371100006.1035156
2012-02-07 07:45:00,1.31564,1.31572,1.31551,1.31554,2402100067.138672
2012-02-07 07:46:00,1.31553,1.31572,1.31541,1.3156,3186199951.171875
2012-02-07 07:47:00,1.31557,1.31627,1.31539,1.31619,3370199890.1367188
2012-02-07 07:48:00,1.31619,1.3165,1.31604,1.31618,3954200134.2773438
2012-02-07 07:49:00,1.31619,1.31619,1.31573,1.31591,2761600036.6210938
2012-02-07 07:50:00,1.31591,1.31595,1.31564,1.31566,2243800048.828125
2012-02-07 07:51:00,1.31566,1.31568,1.3153,1.31533,1730800018.3105469
2012-02-07 07:52:00,1.31534,1.31539,1.31513,1.31513,2854299926.7578125
2012-02-07 07:53:00,1.31513,1.3155,1.31513,1.3155,2408000030.517578
2012-02-07 07:54:00,1.31548,1.31567,1.31545,1.31561,1709100036.6210938
2012-02-07 07:55:00,1.31562,1.31562,1.31529,1.31532,1785599975.5859375
2012-02-07 07:56:00,1.31534,1.31534,1.31514,1.31522,1944199981.6894531
2012-02-07 07:57:00,1.3152,1.31521,1.31464,1.31468,3122999877.9296875
2012-02-07 07:58:00,1.31467,1.31483,1.31466,1.31481,2098999938.9648438
2012-02-07 07:59:00,1.31481,1.31481,1.31462,1.31467,2398399963.3789062
2012-02-07 08:00:00,1.31467,1.31477,1.31456,1.31466,2589599914.5507812
2012-02-07 08:01:00,1.31466,1.3147,1.31451,1.31453,2379100036.6210938
2012-02-07 08:02:00,1.31452,1.31464,1.31408,1.3145,3517000122.0703125
2012-02-07 08:03:00,1.31452,1.31472,1.31447,1.31468,3070199890.1367188
2012-02-07 08:04:00,1.31468,1.31506,1.3146,1.31506,2758099975.5859375
2012-02-07 08:05:00,1.31506,1.3152,1.31483,1.31485,2807799987.7929688
2012-02-07 08:06:00,1.31485,1.31496,1.31467,1.31477,2543099975.5859375
2012-02-07 08:07:00,1.31478,1.31527,1.31478,1.31525,3961199951.171875
2012-02-07 08:08:00,1.31524,1.3154,1.3148,1.31486,4075599975.5859375
2012-02-07 08:09:00,1.31486,1.31536,1.31482,1.31521,3036499938.9648438
2012-02-07 08:10:00,1.31521,1.31525,1.31459,1.31463,3278099975.5859375
2012-02-07 08:11:00,1.31463,1.31468,1.31444,1.31452,2348699951.171875
2012-02-07 08:12:00,1.31452,1.3148,1.31452,1.31472,2944400024.4140625
2012-02-07 08:13:00,1.31472,1.31479,1.31449,1.31457,2362500000.0
2012-02-07 08:14:00,1.31457,1.31468,1.3142,1.3142,3302200012.2070312
2012-02-07 08:15:00,1.3142,1.31454,1.31419,1.31449,2109600067.1386719
2012-02-07 08:16:00,1.31449,1.31449,1.31379,1.31389,3734100036.6210938
2012-02-07 08:17:00,1.31389,1.31399,1.3136,1.31399,3239200134.2773438
2012-02-07 08:18:00,1.314,1.31409,1.31374,1.31383,2409100036.6210938
2012-02-07 08:19:00,1.31383,1.31407,1.31373,1.31391,2467500000.0
2012-02-07 08:20:00,1.31388,1.31392,1.31358,1.31358,2820299987.7929688
2012-02-07 08:21:00,1.31358,1.31385,1.31358,1.31378,2511199951.171875
2012-02-07 08:22:00,1.31378,1.31403,1.31376,1.31394,2607500000.0
2012-02-07 08:23:00,1.31394,1.31397,1.31349,1.31353,2388800048.828125
2012-02-07 08:24:00,1.31353,1.31384,1.31353,1.31368,2103000030.5175781
2012-02-07 08:25:00,1.31369,1.31387,1.31367,1.31372,2402500000.0
2012-02-07 08:26:00,1.31371,1.31377,1.31362,1.31363,2284700012.2070312
2012-02-07 08:27:00,1.31363,1.31383,1.31353,1.31381,2684899902.34375
2012-02-07 08:28:00,1.31381,1.3139,1.31357,1.31386,2515399932.861328
2012-02-07 08:29:00,1.31387,1.31401,1.31382,1.31396,2422700042.7246094
2012-02-07 08:30:00,1.31396,1.31442,1.31394,1.31429,2568399963.3789062
2012-02-07 08:31:00,1.3143,1.31466,1.31428,1.31456,3528200073.2421875
2012-02-07 08:32:00,1.31457,1.31457,1.31434,1.31434,2651099853.515625
2012-02-07 08:33:00,1.31434,1.31448,1.31427,1.31439,2258300018.310547
2012-02-07 08:34:00,1.31439,1.31442,1.31414,1.31433,2455200042.7246094
2012-02-07 08:35:00,1.31433,1.31435,1.31385,1.31398,3190899963.3789062
2012-02-07 08:36:00,1.314,1.31414,1.31388,1.31394,2150599975.5859375
2012-02-07 08:37:00,1.31395,1.31438,1.31393,1.31413,2741400146.484375
2012-02-07 08:38:00,1.31413,1.31428,1.3141,1.31428,2748999938.9648438
2012-02-07 08:39:00,1.31427,1.31479,1.31427,1.31469,3294299926.7578125
2012-02-07 08:40:00,1.31469,1.31477,1.31465,1.31476,2328899993.8964844
2012-02-07 08:41:00,1.31476,1.315,1.31469,1.31469,3682500000.0
2012-02-07 08:42:00,1.31469,1.31469,1.3144,1.31443,2423300018.310547
2012-02-07 08:43:00,1.31443,1.31443,1.31402,1.31417,2768500061.0351562
2012-02-07 08:44:00,1.31424,1.31454,1.31412,1.31452,2505899963.3789062
2012-02-07 08:45:00,1.31452,1.31452,1.31416,1.31424,2102299957.2753906
2012-02-07 08:46:00,1.31428,1.31435,1.31392,1.31398,2521399993.8964844
2012-02-07 08:47:00,1.31398,1.31424,1.31398,1.31406,2383699951.171875
2012-02-07 08:48:00,1.31403,1.31426,1.31403,1.31421,2148899993.8964844
2012-02-07 08:49:00,1.31419,1.31462,1.31419,1.31458,2292799987.7929688
2012-02-07 08:50:00,1.31459,1.31494,1.31453,1.31486,2811300048.828125
2012-02-07 08:51:00,1.31485,1.3151,1.31482,1.31492,2916400146.484375
2012-02-07 08:52:00,1.3149,1.3149,1.31457,1.31479,2054700012.2070312
2012-02-07 08:53:00,1.31477,1.31479,1.31462,1.31475,1858800048.828125
2012-02-07 08:54:00,1.31475,1.31475,1.31437,1.31438,2253000030.517578
2012-02-07 08:55:00,1.31437,1.31453,1.31436,1.31444,1984799957.2753906
2012-02-07 08:56:00,1.31444,1.31455,1.31398,1.31408,3102999877.9296875
2012-02-07 08:57:00,1.31406,1.3141,1.31378,1.31398,2809100036.6210938
2012-02-07 08:58:00,1.31399,1.31405,1.31385,1.31392,2551100006.1035156
2012-02-07 08:59:00,1.31392,1.31397,1.31355,1.31355,2678500061.0351562
2012-02-07 09:00:00,1.31352,1.31354,1.31297,1.313,2772300109.8632812
2012-02-07 09:01:00,1.313,1.313,1.31268,1.31285,3542999877.9296875
2012-02-07 09:02:00,1.31283,1.31287,1.31243,1.31243,3234299926.7578125
2012-02-07 09:03:00,1.31244,1.31256,1.31235,1.31256,2693900146.484375
2012-02-07 09:04:00,1.31258,1.31279,1.31248,1.31256,3553500061.0351562
2012-02-07 09:05:00,1.31256,1.31275,1.31252,1.31261,2402400054.9316406
2012-02-07 09:06:00,1.31258,1.31267,1.31208,1.31234,3431499938.9648438
2012-02-07 09:07:00,1.31234,1.31266,1.31226,1.31266,2636400146.484375
2012-02-07 09:08:00,1.31266,1.31274,1.31252,1.31253,2558000030.517578
2012-02-07 09:09:00,1.31252,1.31275,1.31242,1.31267,2757999877.9296875
2012-02-07 09:10:00,1.31269,1.3129,1.31254,1.31254,3178900146.484375
2012-02-07 09:11:00,1.31254,1.31277,1.31244,1.31277,2454499969.482422
2012-02-07 09:12:00,1.31275,1.31294,1.3125,1.31293,2391399993.8964844
2012-02-07 09:13:00,1.31293,1.31299,1.31266,1.3129,2673500061.0351562
2012-02-07 09:14:00,1.3129,1.31318,1.3129,1.31294,2986499938.9648438
2012-02-07 09:15:00,1.31294,1.31307,1.31286,1.31302,2281699981.689453
2012-02-07 09:16:00,1.31304,1.31324,1.31295,1.31306,2655700073.2421875
2012-02-07 09:17:00,1.31304,1.31315,1.31285,1.31285,2419700012.2070312
2012-02-07 09:18:00,1.31284,1.31289,1.31265,1.31276,2621499938.9648438
2012-02-07 09:19:00,1.31275,1.31296,1.31255,1.31296,2532799987.7929688
2012-02-07 09:20:00,1.31297,1.31306,1.31252,1.31262,2292400054.9316406
2012-02-07 09:21:00,1.31264,1.31302,1.31258,1.31301,2944400024.4140625
2012-02-07 09:22:00,1.31302,1.31324,1.31302,1.31317,2656099853.515625
2012-02-07 09:23:00,1.31317,1.31337,1.31302,1.31316,2855599975.5859375
2012-02-07 09:24:00,1.31315,1.31316,1.31286,1.31288,2737099914.5507812
2012-02-07 09:25:00,1.31288,1.31308,1.31283,1.31299,2321199951.171875
2012-02-07 09:26:00,1.31304,1.31331,1.3129,1.31311,2667600097.65625
2012-02-07 09:27:00,1.31311,1.31333,1.31307,1.31314,2435399932.861328
2012-02-07 09:28:00,1.31314,1.31338,1.31312,1.31331,2760799865.7226562
2012-02-07 09:29:00,1.31329,1.31371,1.31328,1.31353,2513600006.1035156
2012-02-07 09:30:00,1.31353,1.31355,1.31333,1.31342,2673800048.828125
2012-02-07 09:31:00,1.31341,1.31353,1.31324,1.31338,2294199981.689453
2012-02-07 09:32:00,1.31338,1.3136,1.31338,1.31353,2449600067.138672
2012-02-07 09:33:00,1.31353,1.31386,1.31353,1.31374,3018200073.2421875
2012-02-07 09:34:00,1.31374,1.31389,1.31365,1.31366,1951100006.1035156
2012-02-07 09:35:00,1.31366,1.31372,1.31352,1.31355,1842899932.8613281
2012-02-07 09:36:00,1.31355,1.31358,1.31348,1.31348,1929400024.4140625
2012-02-07 09:37:00,1.3135,1.3135,1.31325,1.31334,2608399963.3789062
2012-02-07 09:38:00,1.31333,1.31337,1.3132,1.31327,2238500061.0351562
2012-02-07 09:39:00,1.31327,1.31346,1.31327,1.31336,1680099945.0683594
2012-02-07 09:40:00,1.31334,1.31342,1.3132,1.31322,1795599975.5859375
2012-02-07 09:41:00,1.31322,1.31366,1.3131,1.31365,2340700073.2421875
2012-02-07 09:42:00,1.31366,1.31407,1.31365,1.31406,2429600067.138672
2012-02-07 09:43:00,1.31406,1.31406,1.31385,1.3139,2461100006.1035156
2012-02-07 09:44:00,1.3139,1.31416,1.31372,1.31382,1848200073.2421875
2012-02-07 09:45:00,1.31384,1.31419,1.31384,1.31414,1884799957.2753906
2012-02-07 09:46:00,1.31414,1.31417,1.31403,1.31403,1855500030.5175781
2012-02-07 09:47:00,1.31403,1.31478,1.31395,1.31471,3199100036.6210938
2012-02-07 09:48:00,1.31471,1.31507,1.31459,1.31507,3165499877.9296875
2012-02-07 09:49:00,1.31514,1.31515,1.31476,1.31478,2823099975.5859375
2012-02-07 09:50:00,1.31479,1.31494,1.31457,1.31489,2573599853.515625
2012-02-07 09:51:00,1.31488,1.31544,1.31488,1.31543,1825700073.2421875
2012-02-07 09:52:00,1.31544,1.31555,1.31499,1.31522,3779899902.34375
2012-02-07 09:53:00,1.31521,1.31523,1.3148,1.31488,2337400054.9316406
2012-02-07 09:54:00,1.31488,1.3149,1.3147,1.31475,1767500000.0
2012-02-07 09:55:00,1.31475,1.31533,1.31474,1.31527,2581499938.9648438
2012-02-07 09:56:00,1.31527,1.31527,1.31505,1.31505,2270000000.0
2012-02-07 09:57:00,1.31507,1.3151,1.31483,1.31505,3189700012.2070312
2012-02-07 09:58:00,1.31505,1.31536,1.31499,1.31505,3217600097.65625
2012-02-07 09:59:00,1.31505,1.31511,1.31482,1.31492,2635299987.7929688
2012-02-07 10:00:00,1.31489,1.31516,1.31489,1.31512,2669200134.2773438
2012-02-07 10:01:00,1.31512,1.31562,1.31512,1.31548,3392799987.7929688
2012-02-07 10:02:00,1.31551,1.31617,1.31551,1.31576,3453699951.171875
2012-02-07 10:03:00,1.31575,1.31575,1.31534,1.31536,2420099945.0683594
2012-02-07 10:04:00,1.31536,1.3154,1.31516,1.31536,1796399993.8964844
2012-02-07 10:05:00,1.31537,1.31546,1.31521,1.31523,2319199981.689453
2012-02-07 10:06:00,1.31523,1.31523,1.31474,1.31478,3000499877.9296875
2012-02-07 10:07:00,1.3148,1.31512,1.31478,1.31512,2310899963.3789062
2012-02-07 10:08:00,1.31512,1.31537,1.31512,1.31524,2302599945.0683594
2012-02-07 10:09:00,1.31524,1.31524,1.31503,1.3151,2136000061.0351562
2012-02-07 10:10:00,1.31511,1.31538,1.31503,1.31505,2613999938.9648438
2012-02-07 10:11:00,1.31505,1.31509,1.31488,1.31497,1428999938.9648438
2012-02-07 10:12:00,1.31501,1.31519,1.31501,1.31508,2044499969.4824219
2012-02-07 10:13:00,1.31506,1.31506,1.31488,1.3149,1773200073.2421875
2012-02-07 10:14:00,1.31489,1.31489,1.31471,1.31479,1420299987.7929688
2012-02-07 10:15:00,1.31483,1.31501,1.31476,1.31482,3036300048.828125
2012-02-07 10:16:00,1.31479,1.31499,1.31462,1.31483,2571300048.828125
2012-02-07 10:17:00,1.31481,1.31481,1.31421,1.31446,2772399902.34375
2012-02-07 10:18:00,1.31446,1.31448,1.31426,1.31442,2329400024.4140625
2012-02-07 10:19:00,1.31442,1.31451,1.314,1.314,2230399932.861328
2012-02-07 10:20:00,1.314,1.314,1.31339,1.31372,3452500000.0
2012-02-07 10:21:00,1.31378,1.31378,1.31357,1.31358,2897099914.5507812
2012-02-07 10:22:00,1.31358,1.31358,1.31316,1.31319,2387799987.7929688
2012-02-07 10:23:00,1.31318,1.31354,1.31299,1.31299,3526700134.2773438
2012-02-07 10:24:00,1.31299,1.31342,1.31297,1.31338,2741700134.2773438
2012-02-07 10:25:00,1.31338,1.31356,1.31328,1.3133,1818800048.828125
2012-02-07 10:26:00,1.31328,1.31346,1.31318,1.31345,1557700042.7246094
2012-02-07 10:27:00,1.31344,1.3136,1.31337,1.3136,1925500030.5175781
2012-02-07 10:28:00,1.31361,1.31384,1.3136,1.31371,1551000061.0351562
2012-02-07 10:29:00,1.31372,1.31389,1.31348,1.31348,2659299926.7578125
2012-02-07 10:30:00,1.31348,1.31385,1.3134,1.31378,2930799865.7226562
2012-02-07 10:31:00,1.31378,1.31407,1.31374,1.314,3061300048.828125
2012-02-07 10:32:00,1.31399,1.31436,1.3138,1.31415,3083900146.484375
2012-02-07 10:33:00,1.31414,1.31414,1.31365,1.3138,2605799865.7226562
2012-02-07 10:34:00,1.31384,1.31405,1.31377,1.31403,1897400054.9316406
2012-02-07 10:35:00,1.31404,1.31428,1.31401,1.31416,2145800018.3105469
2012-02-07 10:36:00,1.31417,1.31428,1.31416,1.31423,2972999877.9296875
2012-02-07 10:37:00,1.31426,1.31451,1.31423,1.31446,2248500061.0351562
2012-02-07 10:38:00,1.31445,1.3147,1.31432,1.3147,1795599975.5859375
2012-02-07 10:39:00,1.3147,1.31471,1.31418,1.31418,1821300048.828125
2012-02-07 10:40:00,1.31418,1.31421,1.31388,1.31389,1984299926.7578125
2012-02-07 10:41:00,1.31389,1.31391,1.3136,1.3136,2080200042.7246094
2012-02-07 10:42:00,1.3136,1.31369,1.31344,1.31347,1412599945.0683594
2012-02-07 10:43:00,1.31344,1.31359,1.31344,1.31355,1861499938.9648438
2012-02-07 10:44:00,1.31355,1.31373,1.31354,1.31358,1761799926.7578125
2012-02-07 10:45:00,1.31358,1.31403,1.31358,1.31383,2391399993.8964844
2012-02-07 10:46:00,1.31385,1.31433,1.31385,1.31433,2607099914.5507812
2012-02-07 10:47:00,1.31433,1.31467,1.31424,1.31452,2319199981.689453
2012-02-07 10:48:00,1.31455,1.31459,1.31413,1.31413,2961099853.515625
2012-02-07 10:49:00,1.31415,1.31434,1.31412,1.31429,2780799865.7226562
2012-02-07 10:50:00,1.31429,1.31429,1.31382,1.31386,2415399932.861328
2012-02-07 10:51:00,1.31386,1.31389,1.31372,1.31378,1522400054.9316406
2012-02-07 10:52:00,1.31378,1.31409,1.31378,1.31407,1965599975.5859375
2012-02-07 10:53:00,1.31407,1.31407,1.31367,1.31368,1963800048.828125
2012-02-07 10:54:00,1.31369,1.31376,1.31354,1.31357,1268799972.5341797
2012-02-07 10:55:00,1.31354,1.31371,1.31317,1.31317,2576700134.2773438
2012-02-07 10:56:00,1.31317,1.31328,1.31309,1.31319,1516999969.4824219
2012-02-07 10:57:00,1.31316,1.31332,1.31301,1.31304,2050099945.0683594
2012-02-07 10:58:00,1.31307,1.31329,1.31307,1.31325,2010700073.2421875
2012-02-07 10:59:00,1.31325,1.31348,1.31311,1.31345,2843599853.515625
2012-02-07 11:00:00,1.31345,1.31347,1.31266,1.31277,3418399963.3789062
2012-02-07 11:01:00,1.31276,1.31277,1.312,1.312,2691000061.0351562
2012-02-07 11:02:00,1.312,1.31209,1.31169,1.31206,3456000061.0351562
2012-02-07 11:03:00,1.31206,1.31253,1.31202,1.31246,3104200134.2773438
2012-02-07 11:04:00,1.31245,1.31257,1.3122,1.31249,2415299987.7929688
2012-02-07 11:05:00,1.31253,1.31255,1.31209,1.31209,2178699951.171875
2012-02-07 11:06:00,1.31209,1.3124,1.31207,1.31232,2619899902.34375
2012-02-07 11:07:00,1.31233,1.31248,1.31205,1.31205,2971799926.7578125
2012-02-07 11:08:00,1.312,1.31228,1.31193,1.31218,2280700073.2421875
2012-02-07 11:09:00,1.31218,1.31219,1.31189,1.31208,2577600097.65625
2012-02-07 11:10:00,1.31207,1.31208,1.31156,1.31175,2720199890.1367188
2012-02-07 11:11:00,1.31173,1.31229,1.31159,1.31224,2846300048.828125
2012-02-07 11:12:00,1.31223,1.31251,1.31212,1.3124,2567900085.4492188
2012-02-07 11:13:00,1.3124,1.3127,1.31237,1.31247,2472400054.9316406
2012-02-07 11:14:00,1.31247,1.31259,1.31205,1.31229,2575599975.5859375
2012-02-07 11:15:00,1.31227,1.3123,1.31182,1.31211,3003800048.828125
2012-02-07 11:16:00,1.3121,1.31265,1.312,1.31263,3088500061.0351562
2012-02-07 11:17:00,1.3126,1.3126,1.31206,1.31206,3288999938.9648438
2012-02-07 11:18:00,1.31205,1.31206,1.31142,1.3116,3311400146.484375
2012-02-07 11:19:00,1.31159,1.31179,1.31137,1.31174,2694899902.34375
2012-02-07 11:20:00,1.31174,1.31198,1.31167,1.31195,2503000030.517578
2012-02-07 11:21:00,1.31196,1.31235,1.31186,1.31235,2739599914.5507812
2012-02-07 11:22:00,1.31235,1.31235,1.31207,1.31233,2582000122.0703125
2012-02-07 11:23:00,1.31231,1.31249,1.31226,1.31241,2392299957.2753906
2012-02-07 11:24:00,1.3124,1.31256,1.31214,1.31217,2379400024.4140625
2012-02-07 11:25:00,1.31216,1.31254,1.31214,1.3125,2431699981.689453
2012-02-07 11:26:00,1.31248,1.31248,1.31218,1.31231,2366000061.0351562
2012-02-07 11:27:00,1.31231,1.31264,1.31231,1.31249,1942599945.0683594
2012-02-07 11:28:00,1.3125,1.31276,1.31246,1.31265,2104600067.1386719
2012-02-07 11:29:00,1.31265,1.31267,1.31229,1.31234,2229100036.6210938
2012-02-07 11:30:00,1.31234,1.31234,1.3121,1.31218,2616099853.515625
2012-02-07 11:31:00,1.31218,1.31239,1.31214,1.31233,2135200042.7246094
2012-02-07 11:32:00,1.31232,1.31238,1.31217,1.31221,1783399963.3789062
2012-02-07 11:33:00,1.3122,1.31242,1.31219,1.31235,1950399932.8613281
2012-02-07 11:34:00,1.31235,1.31247,1.31222,1.31224,1785299987.7929688
2012-02-07 11:35:00,1.31224,1.31224,1.31182,1.31191,2850499877.9296875
2012-02-07 11:36:00,1.31191,1.31197,1.31169,1.31181,2633699951.171875
2012-02-07 11:37:00,1.31182,1.31216,1.31182,1.31201,2198200073.2421875
2012-02-07 11:38:00,1.31198,1.31204,1.31179,1.31186,1793999938.9648438
2012-02-07 11:39:00,1.31187,1.31196,1.31174,1.31196,1905000000.0
2012-02-07 11:40:00,1.31197,1.31218,1.31197,1.31212,1603399963.3789062
2012-02-07 11:41:00,1.31215,1.31216,1.312,1.31204,1717799987.7929688
2012-02-07 11:42:00,1.31204,1.31212,1.31178,1.3118,1968399963.3789062
2012-02-07 11:43:00,1.3118,1.31183,1.31155,1.31156,1707599945.0683594
2012-02-07 11:44:00,1.31159,1.31175,1.31148,1.31158,2637600097.65625
2012-02-07 11:45:00,1.31158,1.31161,1.31143,1.31147,1922299957.2753906
2012-02-07 11:46:00,1.31148,1.31202,1.31148,1.31196,2707799987.7929688
2012-02-07 11:47:00,1.31196,1.31197,1.31165,1.31193,2114900054.9316406
2012-02-07 11:48:00,1.31193,1.31237,1.31191,1.31202,2681900024.4140625
2012-02-07 11:49:00,1.31205,1.31217,1.31198,1.31205,2127899932.8613281
2012-02-07 11:50:00,1.31206,1.31246,1.31205,1.31246,3017300109.8632812
2012-02-07 11:51:00,1.31246,1.31268,1.31243,1.31266,3081000061.0351562
2012-02-07 11:52:00,1.31266,1.31268,1.31247,1.31258,2572399902.34375
2012-02-07 11:53:00,1.31258,1.31262,1.31211,1.31216,1951100006.1035156
2012-02-07 11:54:00,1.31216,1.31235,1.31205,1.3121,2505299987.7929688
2012-02-07 11:55:00,1.3121,1.31229,1.31202,1.31222,2314600067.138672
2012-02-07 11:56:00,1.31222,1.31231,1.31202,1.3121,2278600006.1035156
2012-02-07 11:57:00,1.31207,1.31217,1.31197,1.31209,2540500030.517578
2012-02-07 11:58:00,1.3121,1.31213,1.31169,1.3117,2772500000.0
2012-02-07 11:59:00,1.31172,1.31187,1.31165,1.31182,2399400024.4140625
2012-02-07 12:00:00,1.31182,1.31185,1.31153,1.31153,2612200012.2070312
2012-02-07 12:01:00,1.31153,1.31155,1.3109,1.31116,3205799865.7226562
2012-02-07 12:02:00,1.31116,1.31159,1.31116,1.31138,3573699951.171875
2012-02-07 12:03:00,1.31139,1.3114,1.31069,1.31076,3761600036.6210938
2012-02-07 12:04:00,1.31078,1.31105,1.31077,1.31088,2819400024.4140625
2012-02-07 12:05:00,1.3109,1.3111,1.31063,1.31105,2798900146.484375
2012-02-07 12:06:00,1.31105,1.31105,1.31077,1.31077,2068300018.3105469
2012-02-07 12:07:00,1.31071,1.31099,1.31069,1.31071,2346000061.0351562
2012-02-07 12:08:00,1.3107,1.3109,1.31045,1.31064,3170400085.4492188
2012-02-07 12:09:00,1.31059,1.31096,1.31047,1.31091,3111600036.6210938
2012-02-07 12:10:00,1.3109,1.31093,1.31056,1.31071,3304299926.7578125
2012-02-07 12:11:00,1.31071,1.31094,1.31067,1.31088,2535899963.3789062
2012-02-07 12:12:00,1.31088,1.31097,1.31075,1.31086,2333600006.1035156
2012-02-07 12:13:00,1.31086,1.31109,1.31076,1.31091,2339299926.7578125
2012-02-07 12:14:00,1.31093,1.31097,1.31062,1.31069,2137799987.7929688
2012-02-07 12:15:00,1.31069,1.31106,1.31066,1.31075,3034400024.4140625
2012-02-07 12:16:00,1.31076,1.31076,1.31032,1.31049,3295700073.2421875
2012-02-07 12:17:00,1.31049,1.3105,1.31025,1.3103,2325200042.7246094
2012-02-07 12:18:00,1.31028,1.31037,1.31013,1.31028,3516300048.828125
2012-02-07 12:19:00,1.3103,1.31035,1.30993,1.30995,3160499877.9296875
2012-02-07 12:20:00,1.30996,1.3101,1.30956,1.3097,3265000000.0
2012-02-07 12:21:00,1.30968,1.30992,1.30957,1.30971,3076300048.828125
2012-02-07 12:22:00,1.30971,1.30993,1.30966,1.30977,2727600097.65625
2012-02-07 12:23:00,1.30977,1.30984,1.30962,1.30969,2895799865.7226562
2012-02-07 12:24:00,1.30971,1.30995,1.30969,1.30987,2695199890.1367188
2012-02-07 12:25:00,1.30984,1.31006,1.30973,1.30981,2850799865.7226562
2012-02-07 12:26:00,1.30979,1.31022,1.30975,1.31012,2824500122.0703125
2012-02-07 12:27:00,1.31012,1.31054,1.31006,1.31038,2632000122.0703125
2012-02-07 12:28:00,1.31037,1.31063,1.3103,1.31047,2807999877.9296875
2012-02-07 12:29:00,1.31045,1.31048,1.31025,1.31041,2201100006.1035156
2012-02-07 12:30:00,1.31041,1.31066,1.3103,1.31065,2991000061.0351562
2012-02-07 12:31:00,1.31063,1.31079,1.31051,1.31062,2856400146.484375
2012-02-07 12:32:00,1.31062,1.31065,1.31013,1.31013,2983699951.171875
2012-02-07 12:33:00,1.31012,1.31034,1.31006,1.31022,1826100006.1035156
2012-02-07 12:34:00,1.31022,1.31027,1.31007,1.3101,2237100067.138672
2012-02-07 12:35:00,1.3101,1.31033,1.31005,1.31017,1957899932.8613281
2012-02-07 12:36:00,1.31017,1.3103,1.31009,1.31014,1656499938.9648438
2012-02-07 12:37:00,1.31015,1.31054,1.31015,1.31054,1730200042.7246094
2012-02-07 12:38:00,1.31054,1.31063,1.31019,1.3102,2259900054.9316406
2012-02-07 12:39:00,1.31021,1.31065,1.31019,1.31065,2231999969.482422
2012-02-07 12:40:00,1.31065,1.31074,1.3104,1.31044,2378300018.310547
2012-02-07 12:41:00,1.31044,1.3107,1.31042,1.31064,2172200012.2070312
2012-02-07 12:42:00,1.31064,1.3109,1.31052,1.3109,2351300048.828125
2012-02-07 12:43:00,1.3109,1.31108,1.31077,1.31082,2696199951.171875
2012-02-07 12:44:00,1.31082,1.31084,1.31053,1.3106,2664700012.2070312
2012-02-07 12:45:00,1.3106,1.31085,1.31059,1.31082,2314400024.4140625
2012-02-07 12:46:00,1.31082,1.31106,1.31076,1.31091,2553500061.0351562
2012-02-07 12:47:00,1.31091,1.31115,1.3109,1.31107,2341900024.4140625
2012-02-07 12:48:00,1.31105,1.31117,1.31098,1.31117,2208999938.9648438
2012-02-07 12:49:00,1.31118,1.3114,1.31109,1.31129,3316099853.515625
2012-02-07 12:50:00,1.3113,1.31135,1.31099,1.31103,2941700134.2773438
2012-02-07 12:51:00,1.31103,1.31103,1.31071,1.3108,3051400146.484375
2012-02-07 12:52:00,1.31081,1.311,1.3108,1.31088,2300399932.861328
2012-02-07 12:53:00,1.31088,1.31093,1.31065,1.31077,2050899963.3789062
2012-02-07 12:54:00,1.31077,1.31079,1.31062,1.31062,2054100036.6210938
2012-02-07 12:55:00,1.3106,1.31069,1.3106,1.31061,1518200073.2421875
2012-02-07 12:56:00,1.31062,1.31065,1.31045,1.31059,2120700073.2421875
2012-02-07 12:57:00,1.31058,1.31058,1.31046,1.31055,1271600036.6210938
2012-02-07 12:58:00,1.31055,1.3106,1.31037,1.3106,1697500000.0
2012-02-07 12:59:00,1.31059,1.3107,1.31051,1.31056,1820500030.5175781
2012-02-07 13:00:00,1.31056,1.31056,1.31016,1.31016,1832700042.7246094
2012-02-07 13:01:00,1.31016,1.31049,1.31016,1.3103,2063200073.2421875
2012-02-07 13:02:00,1.31029,1.31039,1.31003,1.31007,2461399993.8964844
2012-02-07 13:03:00,1.31006,1.31007,1.30976,1.30985,2478099975.5859375
2012-02-07 13:04:00,1.30985,1.31014,1.30976,1.31014,2381999969.482422
2012-02-07 13:05:00,1.31014,1.31015,1.30983,1.30996,2158600006.1035156
2012-02-07 13:06:00,1.30995,1.31022,1.30995,1.31019,2092500000.0
2012-02-07 13:07:00,1.31024,1.31053,1.3102,1.31048,2066499938.9648438
2012-02-07 13:08:00,1.31049,1.31062,1.31047,1.31053,2086300048.828125
2012-02-07 13:09:00,1.31055,1.31066,1.31046,1.31049,2489299926.7578125
2012-02-07 13:10:00,1.31049,1.31053,1.31033,1.31041,1727100067.1386719
2012-02-07 13:11:00,1.31041,1.31103,1.31037,1.31099,3225499877.9296875
2012-02-07 13:12:00,1.31099,1.31106,1.31079,1.31106,2373800048.828125
2012-02-07 13:13:00,1.31105,1.31117,1.31075,1.31109,3205299987.7929688
2012-02-07 13:14:00,1.31109,1.3113,1.31099,1.31127,2832399902.34375
2012-02-07 13:15:00,1.31125,1.31128,1.31107,1.3112,3469100036.6210938
2012-02-07 13:16:00,1.3112,1.31129,1.3111,1.31124,2597900085.4492188
2012-02-07 13:17:00,1.31124,1.31185,1.31124,1.31161,3160199890.1367188
2012-02-07 13:18:00,1.3116,1.31199,1.31158,1.3119,3750899963.3789062
2012-02-07 13:19:00,1.31189,1.31202,1.31166,1.31196,3486799926.7578125
2012-02-07 13:20:00,1.31196,1.31199,1.31184,1.31188,3242999877.9296875
2012-02-07 13:21:00,1.31185,1.31194,1.31171,1.31171,2315299987.7929688
2012-02-07 13:22:00,1.31168,1.31184,1.31168,1.31178,2110899963.3789062
2012-02-07 13:23:00,1.31179,1.31182,1.3113,1.31133,2555299987.7929688
2012-02-07 13:24:00,1.31135,1.31163,1.31135,1.31162,1842500000.0
2012-02-07 13:25:00,1.31162,1.31204,1.31161,1.31197,2905799865.7226562
2012-02-07 13:26:00,1.31197,1.31247,1.31185,1.31243,3808500061.0351562
2012-02-07 13:27:00,1.3124,1.31246,1.31212,1.31223,2884500122.0703125
2012-02-07 13:28:00,1.31226,1.31241,1.31226,1.31236,2346300048.828125
2012-02-07 13:29:00,1.31235,1.3124,1.31208,1.31237,3211400146.484375
2012-02-07 13:30:00,1.31239,1.31259,1.31228,1.31228,2445500030.517578
2012-02-07 13:31:00,1.31229,1.31299,1.31216,1.31299,4007999877.9296875
2012-02-07 13:32:00,1.31302,1.31458,1.31302,1.31441,4844400024.4140625
2012-02-07 13:33:00,1.31437,1.31458,1.31398,1.31455,4979200134.277344
2012-02-07 13:34:00,1.31455,1.31515,1.31455,1.31464,3943900146.484375
2012-02-07 13:35:00,1.31469,1.31506,1.31428,1.31452,3893099975.5859375
2012-02-07 13:36:00,1.31452,1.31534,1.31444,1.31523,4358299865.722656
2012-02-07 13:37:00,1.31523,1.31544,1.31468,1.31543,4202300109.8632812
2012-02-07 13:38:00,1.31549,1.31612,1.31547,1.31563,4062399902.34375
2012-02-07 13:39:00,1.31561,1.31671,1.31543,1.31671,3609700012.2070312
2012-02-07 13:40:00,1.3168,1.3171,1.3164,1.31666,4833299865.722656
2012-02-07 13:41:00,1.31669,1.31742,1.31662,1.31738,4350199890.136719
2012-02-07 13:42:00,1.31738,1.31738,1.31664,1.31664,4352300109.863281
2012-02-07 13:43:00,1.31664,1.31683,1.31632,1.31645,3184800109.8632812
2012-02-07 13:44:00,1.31648,1.31657,1.31603,1.31613,3127099914.5507812
2012-02-07 13:45:00,1.31614,1.31627,1.31591,1.31592,3059100036.6210938
2012-02-07 13:46:00,1.31592,1.31594,1.31567,1.31591,3091700134.2773438
2012-02-07 13:47:00,1.31592,1.31599,1.31573,1.3159,2138800048.828125
2012-02-07 13:48:00,1.31593,1.31593,1.31565,1.31578,1934700012.2070312
2012-02-07 13:49:00,1.31578,1.31585,1.31456,1.31456,4652600097.65625
2012-02-07 13:50:00,1.31459,1.31508,1.31458,1.31507,3970899963.3789062
2012-02-07 13:51:00,1.31509,1.31565,1.31497,1.31556,3519200134.2773438
2012-02-07 13:52:00,1.31557,1.31576,1.31529,1.31532,3398200073.2421875
2012-02-07 13:53:00,1.31532,1.31546,1.31517,1.3152,2826900024.4140625
2012-02-07 13:54:00,1.31516,1.31548,1.31508,1.31548,2014299926.7578125
2012-02-07 13:55:00,1.31547,1.31609,1.31547,1.31609,2839899902.34375
2012-02-07 13:56:00,1.31609,1.31641,1.31592,1.31627,3040400085.4492188
2012-02-07 13:57:00,1.31628,1.31675,1.31619,1.31662,2777000122.0703125
2012-02-07 13:58:00,1.31668,1.31722,1.31668,1.31706,3332799987.7929688
2012-02-07 13:59:00,1.31706,1.31794,1.31706,1.31773,4456099853.515625
2012-02-07 14:00:00,1.31775,1.31798,1.31752,1.31752,4364400024.4140625
2012-02-07 14:01:00,1.3175,1.31773,1.3173,1.31732,3552500000.0
2012-02-07 14:02:00,1.31732,1.31757,1.31722,1.31754,3647799987.7929688
2012-02-07 14:03:00,1.31753,1.31809,1.31752,1.31782,3617300109.8632812
2012-02-07 14:04:00,1.31777,1.31823,1.31765,1.31794,4016199951.171875
2012-02-07 14:05:00,1.31793,1.31867,1.31793,1.31824,4898900146.484375
2012-02-07 14:06:00,1.31826,1.31846,1.3179,1.31804,3582399902.34375
2012-02-07 14:07:00,1.31804,1.31804,1.3176,1.3176,3043699951.171875
2012-02-07 14:08:00,1.3176,1.31804,1.31754,1.31786,2716799926.7578125
2012-02-07 14:09:00,1.31781,1.31803,1.31755,1.3179,2742099914.5507812
2012-02-07 14:10:00,1.31787,1.3183,1.31778,1.31824,2982200012.2070312
2012-02-07 14:11:00,1.31821,1.31822,1.31766,1.31783,3374800109.8632812
2012-02-07 14:12:00,1.31783,1.31804,1.3176,1.31802,3129500122.0703125
2012-02-07 14:13:00,1.31805,1.3182,1.318,1.31808,3150700073.2421875
2012-02-07 14:14:00,1.31807,1.31818,1.31749,1.31749,2926499938.9648438
2012-02-07 14:15:00,1.3175,1.31772,1.3174,1.31759,3047099914.5507812
2012-02-07 14:16:00,1.31757,1.31767,1.31739,1.31745,2909800109.8632812
2012-02-07 14:17:00,1.31747,1.31754,1.31716,1.31748,2923699951.171875
2012-02-07 14:18:00,1.31747,1.31761,1.31741,1.31755,2863399963.3789062
2012-02-07 14:19:00,1.31755,1.31781,1.31755,1.31773,3056799926.7578125
2012-02-07 14:20:00,1.31773,1.31857,1.31773,1.31838,3661099853.515625
2012-02-07 14:21:00,1.31835,1.31854,1.31822,1.3183,3491099853.515625
2012-02-07 14:22:00,1.3183,1.31871,1.31826,1.31868,3755000000.0
2012-02-07 14:23:00,1.31867,1.31933,1.3185,1.31923,4627500000.0
2012-02-07 14:24:00,1.31924,1.31933,1.31898,1.31933,2773699951.171875
2012-02-07 14:25:00,1.31931,1.31946,1.31917,1.31937,3964200134.2773438
2012-02-07 14:26:00,1.31937,1.31954,1.31921,1.31928,3001799926.7578125
2012-02-07 14:27:00,1.31927,1.31936,1.31895,1.31898,3285799865.7226562
2012-02-07 14:28:00,1.31898,1.31898,1.31852,1.31857,3274700012.2070312
2012-02-07 14:29:00,1.31857,1.31885,1.31832,1.31885,2656600036.6210938
2012-02-07 14:30:00,1.31883,1.3195,1.31883,1.3195,3361000061.0351562
2012-02-07 14:31:00,1.31952,1.31967,1.3193,1.31938,3600400085.4492188
2012-02-07 14:32:00,1.31939,1.31958,1.31916,1.31944,3157399902.34375
2012-02-07 14:33:00,1.31942,1.31943,1.31912,1.31918,3131400146.484375
2012-02-07 14:34:00,1.31916,1.31935,1.31889,1.31892,3049400024.4140625
2012-02-07 14:35:00,1.31892,1.31908,1.31872,1.31881,3042099914.5507812
2012-02-07 14:36:00,1.31886,1.31895,1.31867,1.3187,3052999877.9296875
2012-02-07 14:37:00,1.31868,1.31889,1.31835,1.31838,2750499877.9296875
2012-02-07 14:38:00,1.31838,1.31856,1.31806,1.31806,2500099945.0683594
2012-02-07 14:39:00,1.31808,1.31826,1.31806,1.31811,3124899902.34375
2012-02-07 14:40:00,1.31811,1.31831,1.31807,1.31825,2850199890.1367188
2012-02-07 14:41:00,1.31824,1.31876,1.31815,1.31866,3242699890.1367188
2012-02-07 14:42:00,1.31866,1.31902,1.31862,1.31889,3883200073.2421875
2012-02-07 14:43:00,1.31886,1.31895,1.31878,1.31886,3456600036.6210938
2012-02-07 14:44:00,1.31887,1.31898,1.31866,1.31869,3597300109.8632812
2012-02-07 14:45:00,1.3187,1.31871,1.31821,1.31825,3472900085.4492188
2012-02-07 14:46:00,1.31825,1.3183,1.31804,1.31804,2206100006.1035156
2012-02-07 14:47:00,1.31809,1.31816,1.31795,1.31804,2785000000.0
2012-02-07 14:48:00,1.31801,1.31846,1.31798,1.31829,2931400146.484375
2012-02-07 14:49:00,1.31829,1.31829,1.31802,1.31816,2884400024.4140625
2012-02-07 14:50:00,1.31815,1.31817,1.31776,1.31783,3419899902.34375
2012-02-07 14:51:00,1.31782,1.31813,1.3175,1.31765,3724700012.2070312
2012-02-07 14:52:00,1.31765,1.31787,1.31756,1.31776,3628500061.0351562
2012-02-07 14:53:00,1.31775,1.31819,1.31775,1.31806,2993200073.2421875
2012-02-07 14:54:00,1.31804,1.31861,1.31804,1.31846,2775700073.2421875
2012-02-07 14:55:00,1.31847,1.3186,1.31827,1.31848,2847900085.4492188
2012-02-07 14:56:00,1.3185,1.31865,1.3181,1.31824,3162200012.2070312
2012-02-07 14:57:00,1.31824,1.31824,1.31795,1.31801,2778900146.484375
2012-02-07 14:58:00,1.31801,1.31836,1.31801,1.31836,2392500000.0
2012-02-07 14:59:00,1.31834,1.31912,1.3183,1.31912,3310499877.9296875
2012-02-07 15:00:00,1.31906,1.31934,1.31897,1.31902,4376000061.035156
2012-02-07 15:01:00,1.319,1.319,1.31843,1.31877,3450299987.7929688
2012-02-07 15:02:00,1.31878,1.31921,1.31867,1.31921,3696900024.4140625
2012-02-07 15:03:00,1.31921,1.31934,1.31856,1.31867,3513900146.484375
2012-02-07 15:04:00,1.31867,1.31868,1.31793,1.31795,3608099975.5859375
2012-02-07 15:05:00,1.31795,1.31869,1.31778,1.31861,3764800109.8632812
2012-02-07 15:06:00,1.31858,1.31929,1.31836,1.31924,3387799987.7929688
2012-02-07 15:07:00,1.31924,1.31924,1.31851,1.31893,3073500061.0351562
2012-02-07 15:08:00,1.31893,1.31907,1.31874,1.31882,3368599853.515625
2012-02-07 15:09:00,1.31881,1.31897,1.31867,1.31896,2887099914.5507812
2012-02-07 15:10:00,1.31897,1.31934,1.31892,1.31934,3574899902.34375
2012-02-07 15:11:00,1.31933,1.32069,1.31933,1.3205,4811199951.171875
2012-02-07 15:12:00,1.32049,1.3211,1.32047,1.32061,4733699951.171875
2012-02-07 15:13:00,1.32061,1.32101,1.32061,1.32079,4280499877.9296875
2012-02-07 15:14:00,1.32077,1.32121,1.32054,1.32073,4258599853.515625
2012-02-07 15:15:00,1.32073,1.3208,1.32035,1.32035,3628399963.3789062
2012-02-07 15:16:00,1.32035,1.32045,1.32021,1.32025,2530200042.7246094
2012-02-07 15:17:00,1.32023,1.32075,1.32013,1.32066,3318699951.171875
2012-02-07 15:18:00,1.32066,1.32078,1.32032,1.32065,2875499877.9296875
2012-02-07 15:19:00,1.32065,1.32065,1.32015,1.32036,3073599853.515625
2012-02-07 15:20:00,1.32038,1.32069,1.32022,1.32023,3299800109.8632812
2012-02-07 15:21:00,1.32022,1.32055,1.32021,1.32031,3008500061.0351562
2012-02-07 15:22:00,1.3203,1.32035,1.32018,1.32034,2288000030.517578
2012-02-07 15:23:00,1.32035,1.32064,1.32025,1.32057,2593599853.515625
2012-02-07 15:24:00,1.32061,1.32119,1.3206,1.32119,3733299865.7226562
2012-02-07 15:25:00,1.3212,1.32212,1.32117,1.32176,4380799865.722656
2012-02-07 15:26:00,1.3217,1.32183,1.32139,1.32174,3725299987.7929688
2012-02-07 15:27:00,1.32174,1.32174,1.32144,1.32145,2623599853.515625
2012-02-07 15:28:00,1.32145,1.32164,1.32119,1.32127,3732500000.0
2012-02-07 15:29:00,1.32124,1.32124,1.32076,1.32079,3155599975.5859375
2012-02-07 15:30:00,1.32083,1.32119,1.32077,1.32101,3066700134.2773438
2012-02-07 15:31:00,1.32103,1.32139,1.32093,1.32132,2862200012.2070312
2012-02-07 15:32:00,1.32129,1.3216,1.32129,1.32143,2433999938.9648438
2012-02-07 15:33:00,1.32143,1.32148,1.32112,1.32112,2201900024.4140625
2012-02-07 15:34:00,1.32114,1.32123,1.32093,1.32104,3510700073.2421875
2012-02-07 15:35:00,1.32102,1.3212,1.3209,1.32113,2660599975.5859375
2012-02-07 15:36:00,1.32115,1.32127,1.32054,1.32082,3254400024.4140625
2012-02-07 15:37:00,1.32084,1.32087,1.32063,1.32068,2746799926.7578125
2012-02-07 15:38:00,1.32069,1.32076,1.32049,1.32054,3262600097.65625
2012-02-07 15:39:00,1.32052,1.32063,1.32035,1.32063,2492799987.7929688
2012-02-07 15:40:00,1.32063,1.32123,1.32063,1.32123,2522899932.861328
2012-02-07 15:41:00,1.32123,1.32195,1.3212,1.32195,3561499938.9648438
2012-02-07 15:42:00,1.32194,1.32269,1.32194,1.32257,4750899963.378906
2012-02-07 15:43:00,1.32257,1.32257,1.32204,1.32226,3367699890.1367188
2012-02-07 15:44:00,1.32225,1.32247,1.32207,1.32226,3480100097.65625
2012-02-07 15:45:00,1.32228,1.32256,1.32205,1.32248,3466300048.828125
2012-02-07 15:46:00,1.32249,1.32311,1.32244,1.32263,3291600036.6210938
2012-02-07 15:47:00,1.32264,1.32272,1.32226,1.32261,3800199890.1367188
2012-02-07 15:48:00,1.32261,1.32274,1.32237,1.32241,3320000000.0
2012-02-07 15:49:00,1.32242,1.32246,1.3221,1.3222,3407000122.0703125
2012-02-07 15:50:00,1.3222,1.32285,1.3222,1.32279,3315199890.1367188
2012-02-07 15:51:00,1.32284,1.32373,1.32282,1.32341,4455100097.65625
2012-02-07 15:52:00,1.32334,1.32406,1.32331,1.32364,4380299987.792969
2012-02-07 15:53:00,1.32364,1.32372,1.32323,1.32333,3710700073.2421875
2012-02-07 15:54:00,1.32335,1.32372,1.32326,1.3237,3471799926.7578125
2012-02-07 15:55:00,1.32368,1.32399,1.32364,1.3237,3668699951.171875
2012-02-07 15:56:00,1.32368,1.32424,1.32368,1.32379,3327200012.2070312
2012-02-07 15:57:00,1.32385,1.32454,1.32376,1.32452,4087900085.4492188
2012-02-07 15:58:00,1.32452,1.32452,1.32399,1.32403,4263500061.0351562
2012-02-07 15:59:00,1.32403,1.32435,1.32399,1.32416,3484800109.8632812
2012-02-07 16:00:00,1.32414,1.32451,1.32407,1.32451,3202500000.0
2012-02-07 16:01:00,1.32451,1.32554,1.32451,1.32507,4260000000.0
2012-02-07 16:02:00,1.32511,1.32515,1.32469,1.32475,3872999877.9296875
2012-02-07 16:03:00,1.32471,1.32506,1.32471,1.32488,3688200073.2421875
2012-02-07 16:04:00,1.32489,1.32492,1.32462,1.32484,2735899963.3789062
2012-02-07 16:05:00,1.32483,1.32485,1.32439,1.32457,3226700134.2773438
2012-02-07 16:06:00,1.32456,1.32557,1.32452,1.32555,3884500122.0703125
2012-02-07 16:07:00,1.32558,1.32616,1.32558,1.32593,3703500061.0351562
2012-02-07 16:08:00,1.32594,1.3267,1.32594,1.32617,4086799926.7578125
2012-02-07 16:09:00,1.32617,1.32682,1.32616,1.32639,5061600036.621094
2012-02-07 16:10:00,1.32642,1.32674,1.32637,1.32645,4213200073.2421875
2012-02-07 16:11:00,1.32646,1.32646,1.32584,1.32593,3546300048.828125
2012-02-07 16:12:00,1.32592,1.32616,1.32572,1.32594,3434500122.0703125
2012-02-07 16:13:00,1.32597,1.32602,1.32574,1.32577,3330400085.4492188
2012-02-07 16:14:00,1.3258,1.32607,1.32562,1.32598,3451099853.515625
2012-02-07 16:15:00,1.32596,1.32654,1.32574,1.32654,5022200012.207031
2012-02-07 16:16:00,1.32654,1.32692,1.3265,1.32663,4608900146.484375
2012-02-07 16:17:00,1.32661,1.32666,1.32578,1.32578,3408299865.7226562
2012-02-07 16:18:00,1.32585,1.32618,1.32571,1.32612,3421600036.6210938
2012-02-07 16:19:00,1.32612,1.32612,1.32545,1.32572,2889800109.8632812
2012-02-07 16:20:00,1.32572,1.32603,1.32565,1.32583,2915499877.9296875
2012-02-07 16:21:00,1.32582,1.32588,1.32562,1.32566,2469499969.482422
2012-02-07 16:22:00,1.32565,1.32593,1.32561,1.32592,2098099975.5859375
2012-02-07 16:23:00,1.32592,1.32616,1.32587,1.32609,2786700134.2773438
2012-02-07 16:24:00,1.32607,1.32616,1.32564,1.32576,3027200012.2070312
2012-02-07 16:25:00,1.32576,1.32586,1.32554,1.32559,3182300109.8632812
2012-02-07 16:26:00,1.32564,1.32598,1.32554,1.32583,2597699890.1367188
2012-02-07 16:27:00,1.32584,1.32592,1.32563,1.32578,2786900024.4140625
2012-02-07 16:28:00,1.32578,1.32598,1.32573,1.3259,2634700012.2070312
2012-02-07 16:29:00,1.32589,1.32599,1.32574,1.3259,3310899963.3789062
2012-02-07 16:30:00,1.32591,1.32596,1.32563,1.32563,2692099914.5507812
2012-02-07 16:31:00,1.32563,1.32567,1.32543,1.3255,2865100097.65625
2012-02-07 16:32:00,1.3255,1.32555,1.32526,1.32533,2426399993.8964844
2012-02-07 16:33:00,1.32534,1.32549,1.32531,1.32537,1983899993.8964844
2012-02-07 16:34:00,1.32535,1.3255,1.32524,1.32533,3243299865.7226562
2012-02-07 16:35:00,1.32533,1.32541,1.32511,1.32511,3041499938.9648438
2012-02-07 16:36:00,1.32512,1.32515,1.3246,1.32468,3717799987.7929688
2012-02-07 16:37:00,1.32469,1.32503,1.3246,1.32471,2658999938.9648438
2012-02-07 16:38:00,1.32471,1.3248,1.32431,1.32477,2461000061.0351562
2012-02-07 16:39:00,1.32473,1.32474,1.3244,1.3245,2142200012.2070312
2012-02-07 16:40:00,1.32449,1.32472,1.32449,1.32463,1869100036.6210938
2012-02-07 16:41:00,1.3246,1.32471,1.32456,1.32464,2058500061.0351562
2012-02-07 16:42:00,1.32464,1.32464,1.3244,1.32442,2120899963.3789062
2012-02-07 16:43:00,1.3244,1.32462,1.3244,1.32444,2228000030.517578
2012-02-07 16:44:00,1.32444,1.32463,1.32442,1.32463,1257300033.569336
2012-02-07 16:45:00,1.32465,1.32465,1.32431,1.32432,1690500030.5175781
2012-02-07 16:46:00,1.32432,1.32439,1.32418,1.32421,2335200042.7246094
2012-02-07 16:47:00,1.32421,1.32429,1.324,1.32405,2731199951.171875
2012-02-07 16:48:00,1.32404,1.32417,1.32404,1.3241,1628300018.3105469
2012-02-07 16:49:00,1.32409,1.32424,1.32406,1.3241,1630800018.3105469
2012-02-07 16:50:00,1.3241,1.32429,1.32402,1.3242,1937799987.7929688
2012-02-07 16:51:00,1.32422,1.32433,1.32422,1.32425,1244000015.258789
2012-02-07 16:52:00,1.32425,1.32444,1.32423,1.32437,1471999969.4824219
2012-02-07 16:53:00,1.32437,1.32446,1.32426,1.32432,1234100036.6210938
2012-02-07 16:54:00,1.32438,1.3244,1.32409,1.32413,3210000000.0
2012-02-07 16:55:00,1.32414,1.32424,1.32397,1.32415,1879900054.9316406
2012-02-07 16:56:00,1.32413,1.32417,1.32407,1.32412,1305500030.5175781
2012-02-07 16:57:00,1.32413,1.32415,1.3239,1.32409,1813500061.0351562
2012-02-07 16:58:00,1.32409,1.32412,1.32403,1.32408,1018199996.9482422
2012-02-07 16:59:00,1.32407,1.32441,1.32407,1.32441,1788099975.5859375
2012-02-07 17:00:00,1.32441,1.32476,1.32429,1.32476,2246699981.689453
2012-02-07 17:01:00,1.32476,1.3248,1.32464,1.32477,2982900085.4492188
2012-02-07 17:02:00,1.32474,1.32474,1.32454,1.32455,1670700073.2421875
2012-02-07 17:03:00,1.32455,1.32461,1.32445,1.32453,1135800018.3105469
2012-02-07 17:04:00,1.32454,1.32454,1.32432,1.32446,1444100036.6210938
2012-02-07 17:05:00,1.32445,1.32451,1.32433,1.32443,1901900024.4140625
2012-02-07 17:06:00,1.32441,1.32443,1.3238,1.3238,1711600036.6210938
2012-02-07 17:07:00,1.32383,1.32404,1.32367,1.32384,2205800018.310547
2012-02-07 17:08:00,1.32384,1.32396,1.3238,1.3238,1945700073.2421875
2012-02-07 17:09:00,1.3238,1.32401,1.32373,1.324,1472100067.1386719
2012-02-07 17:10:00,1.32402,1.32415,1.32402,1.32414,1195899963.3789062
2012-02-07 17:11:00,1.32414,1.32436,1.32413,1.32434,1341399993.8964844
2012-02-07 17:12:00,1.32436,1.32459,1.32432,1.32458,2033999938.9648438
2012-02-07 17:13:00,1.32454,1.32499,1.32454,1.32499,2038099975.5859375
2012-02-07 17:14:00,1.32501,1.32517,1.32498,1.32498,2082799987.7929688
2012-02-07 17:15:00,1.32496,1.32526,1.32496,1.32523,1546799926.7578125
2012-02-07 17:16:00,1.32526,1.32533,1.32513,1.32528,2400599975.5859375
2012-02-07 17:17:00,1.32531,1.32544,1.32527,1.32538,1951399993.8964844
2012-02-07 17:18:00,1.32536,1.32544,1.32523,1.32523,1793300018.3105469
2012-02-07 17:19:00,1.32523,1.32554,1.32523,1.32548,1685000000.0
2012-02-07 17:20:00,1.32548,1.32576,1.32545,1.3257,2584500122.0703125
2012-02-07 17:21:00,1.32574,1.32578,1.32564,1.32572,2221999969.482422
2012-02-07 17:22:00,1.32572,1.32575,1.32564,1.32568,2068600006.1035156
2012-02-07 17:23:00,1.32568,1.32568,1.32554,1.32559,1727200012.2070312
2012-02-07 17:24:00,1.32557,1.32574,1.32556,1.32573,1356199951.171875
2012-02-07 17:25:00,1.32571,1.32579,1.32571,1.32576,1311799926.7578125
2012-02-07 17:26:00,1.32576,1.3259,1.32563,1.32583,2276799926.7578125
2012-02-07 17:27:00,1.32583,1.32585,1.32579,1.32582,1754199981.6894531
2012-02-07 17:28:00,1.32582,1.32584,1.32572,1.32579,1731699981.6894531
2012-02-07 17:29:00,1.32579,1.32586,1.32578,1.32582,2255899963.3789062
2012-02-07 17:30:00,1.32582,1.32589,1.3258,1.32586,1973099975.5859375
2012-02-07 17:31:00,1.32586,1.32603,1.32581,1.32603,2046399993.8964844
2012-02-07 17:32:00,1.32598,1.32598,1.32583,1.32585,1421000061.0351562
2012-02-07 17:33:00,1.32584,1.32585,1.32576,1.32584,1648899993.8964844
2012-02-07 17:34:00,1.32586,1.32586,1.32578,1.32584,1511000061.0351562
2012-02-07 17:35:00,1.32584,1.32589,1.32577,1.32584,1632899932.8613281
2012-02-07 17:36:00,1.32583,1.32596,1.32576,1.32587,2016300048.828125
2012-02-07 17:37:00,1.32588,1.32589,1.32586,1.32588,1059400024.4140625
2012-02-07 17:38:00,1.32588,1.32602,1.32576,1.32602,1779900054.9316406
2012-02-07 17:39:00,1.32602,1.32606,1.32595,1.32595,1494199981.6894531
2012-02-07 17:40:00,1.32595,1.32597,1.32585,1.32588,1309700012.2070312
2012-02-07 17:41:00,1.32589,1.32589,1.32575,1.3258,1505500030.5175781
2012-02-07 17:42:00,1.3258,1.32588,1.32573,1.32588,1448699951.171875
2012-02-07 17:43:00,1.32588,1.32602,1.32586,1.32591,1125400009.1552734
2012-02-07 17:44:00,1.32595,1.32596,1.32588,1.32588,508300018.3105469
2012-02-07 17:45:00,1.32588,1.32588,1.32567,1.32574,2449100036.6210938
2012-02-07 17:46:00,1.32573,1.32578,1.32565,1.32566,1883600006.1035156
2012-02-07 17:47:00,1.32566,1.32569,1.32557,1.3256,1609499969.4824219
2012-02-07 17:48:00,1.32559,1.32566,1.32555,1.32565,1495399932.8613281
2012-02-07 17:49:00,1.32565,1.32587,1.32563,1.32574,1606199951.171875
2012-02-07 17:50:00,1.32575,1.32577,1.32563,1.32568,1618800048.828125
2012-02-07 17:51:00,1.32569,1.32576,1.32569,1.32574,1571100006.1035156
2012-02-07 17:52:00,1.32574,1.32578,1.32557,1.32559,2649700012.2070312
2012-02-07 17:53:00,1.32559,1.3256,1.32546,1.32552,1487400054.9316406
2012-02-07 17:54:00,1.32553,1.32582,1.32553,1.32574,1780500030.5175781
2012-02-07 17:55:00,1.32574,1.32581,1.32564,1.3257,2576700134.2773438
2012-02-07 17:56:00,1.3257,1.32596,1.32568,1.32594,2612000122.0703125
2012-02-07 17:57:00,1.32594,1.32616,1.32591,1.32591,3257900085.4492188
2012-02-07 17:58:00,1.3259,1.3259,1.32563,1.32571,2000200042.7246094
2012-02-07 17:59:00,1.32571,1.32591,1.32571,1.3259,2340099945.0683594
2012-02-07 18:00:00,1.32593,1.32593,1.32579,1.32591,2842000122.0703125
2012-02-07 18:01:00,1.32597,1.32604,1.32589,1.32598,2433000030.517578
2012-02-07 18:02:00,1.32597,1.32611,1.32597,1.32608,1774400024.4140625
2012-02-07 18:03:00,1.32608,1.32628,1.32608,1.32627,2041000061.0351562
2012-02-07 18:04:00,1.32626,1.32637,1.32623,1.32633,2446000061.0351562
2012-02-07 18:05:00,1.32636,1.32669,1.32627,1.32669,2632500000.0
2012-02-07 18:06:00,1.32666,1.32666,1.3265,1.32651,2599100036.6210938
2012-02-07 18:07:00,1.32651,1.32651,1.32608,1.32608,2731199951.171875
2012-02-07 18:08:00,1.32609,1.32624,1.32609,1.32621,2001900024.4140625
2012-02-07 18:09:00,1.3262,1.32623,1.32606,1.32609,1772400054.9316406
2012-02-07 18:10:00,1.32606,1.32608,1.32595,1.326,1731499938.9648438
2012-02-07 18:11:00,1.326,1.32601,1.32584,1.32584,1251200027.4658203
2012-02-07 18:12:00,1.32584,1.3259,1.32567,1.32571,1338300018.3105469
2012-02-07 18:13:00,1.3257,1.32585,1.32561,1.32572,1974499969.4824219
2012-02-07 18:14:00,1.32572,1.32572,1.32553,1.32564,1861100006.1035156
2012-02-07 18:15:00,1.32563,1.32566,1.32548,1.32548,1997100067.1386719
2012-02-07 18:16:00,1.32549,1.32557,1.3253,1.32532,1308600006.1035156
2012-02-07 18:17:00,1.3253,1.32562,1.3253,1.32556,2169199981.689453
2012-02-07 18:18:00,1.32556,1.32566,1.32554,1.32566,1126600036.6210938
2012-02-07 18:19:00,1.32564,1.32564,1.32402,1.3241,3779700012.2070312
2012-02-07 18:20:00,1.3241,1.32423,1.32336,1.32368,3225299987.7929688
2012-02-07 18:21:00,1.32369,1.32428,1.32369,1.32386,2622200012.2070312
2012-02-07 18:22:00,1.32386,1.32409,1.32354,1.32385,2294199981.689453
2012-02-07 18:23:00,1.32384,1.32396,1.32326,1.32327,3207099914.5507812
2012-02-07 18:24:00,1.32326,1.32387,1.32325,1.32366,2654100036.6210938
2012-02-07 18:25:00,1.32366,1.32427,1.32366,1.32405,2781300048.828125
2012-02-07 18:26:00,1.32404,1.32404,1.32382,1.32397,2220099945.0683594
2012-02-07 18:27:00,1.32398,1.32458,1.32398,1.32433,2940100097.65625
2012-02-07 18:28:00,1.32431,1.32452,1.32427,1.32442,2035399932.8613281
2012-02-07 18:29:00,1.32443,1.32446,1.32432,1.32437,1616499938.9648438
2012-02-07 18:30:00,1.32439,1.32439,1.3239,1.32406,1993999938.9648438
2012-02-07 18:31:00,1.32406,1.32411,1.32391,1.32396,1235000000.0
2012-02-07 18:32:00,1.32397,1.32432,1.32397,1.32428,2002299957.2753906
2012-02-07 18:33:00,1.32425,1.32425,1.32409,1.32413,1285500030.5175781
2012-02-07 18:34:00,1.32412,1.32441,1.32412,1.32434,1908899993.8964844
2012-02-07 18:35:00,1.32433,1.32485,1.32429,1.32485,1493099975.5859375
2012-02-07 18:36:00,1.32488,1.32502,1.32487,1.32498,2002700042.7246094
2012-02-07 18:37:00,1.325,1.32508,1.32494,1.32503,2020399932.8613281
2012-02-07 18:38:00,1.32503,1.32506,1.32491,1.32492,1391199951.171875
2012-02-07 18:39:00,1.32493,1.32495,1.32487,1.32489,1759499969.4824219
2012-02-07 18:40:00,1.32489,1.32489,1.3246,1.32462,1808399963.3789062
2012-02-07 18:41:00,1.32462,1.32471,1.32453,1.32459,1660500030.5175781
2012-02-07 18:42:00,1.3246,1.32475,1.32453,1.32472,1642100067.1386719
2012-02-07 18:43:00,1.32472,1.32474,1.32469,1.32472,924800033.5693359
2012-02-07 18:44:00,1.32472,1.32473,1.32453,1.32453,1537100067.1386719
2012-02-07 18:45:00,1.32453,1.32463,1.32453,1.32458,1496000061.0351562
2012-02-07 18:46:00,1.32457,1.32468,1.32454,1.32462,1476300048.828125
2012-02-07 18:47:00,1.32463,1.32465,1.32449,1.32453,1383200073.2421875
2012-02-07 18:48:00,1.32453,1.32472,1.32453,1.32468,1528800048.828125
2012-02-07 18:49:00,1.32469,1.32493,1.32462,1.32493,1881300048.828125
2012-02-07 18:50:00,1.32492,1.32509,1.32487,1.3249,1775700073.2421875
2012-02-07 18:51:00,1.3249,1.32494,1.32489,1.32492,1890899963.3789062
2012-02-07 18:52:00,1.32494,1.32504,1.32484,1.32504,1794700012.2070312
2012-02-07 18:53:00,1.32502,1.32507,1.32499,1.32506,1328500061.0351562
2012-02-07 18:54:00,1.32504,1.32517,1.32495,1.32497,1579299926.7578125
2012-02-07 18:55:00,1.32497,1.32497,1.32477,1.32486,1450700073.2421875
2012-02-07 18:56:00,1.32486,1.32491,1.32472,1.32472,1380299987.7929688
2012-02-07 18:57:00,1.32473,1.32475,1.32443,1.32455,2009799957.2753906
2012-02-07 18:58:00,1.32457,1.32499,1.32446,1.32491,2104400024.4140625
2012-02-07 18:59:00,1.32492,1.32496,1.32465,1.32465,1741100006.1035156
2012-02-07 19:00:00,1.32463,1.3247,1.3245,1.32452,2160899963.3789062
2012-02-07 19:01:00,1.32454,1.32457,1.32436,1.32447,1203799972.5341797
2012-02-07 19:02:00,1.32447,1.32464,1.32447,1.32453,2083699951.171875
2012-02-07 19:03:00,1.32454,1.32459,1.32442,1.32445,1490099945.0683594
2012-02-07 19:04:00,1.32445,1.32445,1.32423,1.32426,1876600036.6210938
2012-02-07 19:05:00,1.32426,1.32434,1.32397,1.32399,1963099975.5859375
2012-02-07 19:06:00,1.32398,1.32406,1.32386,1.32386,2276399993.8964844
2012-02-07 19:07:00,1.32385,1.32423,1.32367,1.32423,1841000061.0351562
2012-02-07 19:08:00,1.32419,1.32427,1.32406,1.32408,1525899963.3789062
2012-02-07 19:09:00,1.32408,1.32445,1.32407,1.32434,1496199951.171875
2012-02-07 19:10:00,1.32434,1.32434,1.32414,1.32427,1318800048.828125
2012-02-07 19:11:00,1.32427,1.32435,1.32425,1.32434,565800018.3105469
2012-02-07 19:12:00,1.32434,1.32458,1.32434,1.32446,1518699951.171875
2012-02-07 19:13:00,1.32448,1.32448,1.32432,1.32443,946999969.4824219
2012-02-07 19:14:00,1.32443,1.32445,1.32423,1.32425,886200027.4658203
2012-02-07 19:15:00,1.32425,1.32456,1.32415,1.32447,1477899932.8613281
2012-02-07 19:16:00,1.32448,1.32455,1.3243,1.32454,1474499969.4824219
2012-02-07 19:17:00,1.32454,1.32455,1.32436,1.32443,1341000061.0351562
2012-02-07 19:18:00,1.32443,1.3247,1.32436,1.3247,1313699951.171875
2012-02-07 19:19:00,1.32469,1.32487,1.32463,1.32465,1355599975.5859375
2012-02-07 19:20:00,1.32464,1.32464,1.32445,1.3246,1821300048.828125
2012-02-07 19:21:00,1.3246,1.32464,1.32443,1.32456,1661699981.6894531
2012-02-07 19:22:00,1.32455,1.32455,1.32439,1.3244,1436199951.171875
2012-02-07 19:23:00,1.3244,1.32456,1.32436,1.32451,1752299957.2753906
2012-02-07 19:24:00,1.3245,1.32451,1.32394,1.32394,2710799865.7226562
2012-02-07 19:25:00,1.32387,1.32406,1.32359,1.32401,2310500030.517578
2012-02-07 19:26:00,1.324,1.32402,1.32391,1.32395,1522500000.0
2012-02-07 19:27:00,1.32395,1.32395,1.32351,1.32351,1658600006.1035156
2012-02-07 19:28:00,1.32345,1.32359,1.32343,1.32354,1191699981.6894531
2012-02-07 19:29:00,1.32354,1.3239,1.32352,1.3239,1511100006.1035156
2012-02-07 19:30:00,1.32393,1.32397,1.32386,1.32387,1133600006.1035156
2012-02-07 19:31:00,1.32387,1.32389,1.32375,1.32385,951900024.4140625
2012-02-07 19:32:00,1.32385,1.32388,1.32382,1.32385,705000000.0
2012-02-07 19:33:00,1.32385,1.32391,1.32382,1.32391,823099975.5859375
2012-02-07 19:34:00,1.3239,1.3239,1.32367,1.32378,1063600006.1035156
2012-02-07 19:35:00,1.32377,1.32391,1.32377,1.32388,626500015.2587891
2012-02-07 19:36:00,1.32388,1.32389,1.32372,1.32374,795599975.5859375
2012-02-07 19:37:00,1.32374,1.32377,1.32374,1.32375,620600013.7329102
2012-02-07 19:38:00,1.32375,1.32378,1.32369,1.3237,854400024.4140625
2012-02-07 19:39:00,1.3237,1.32377,1.32369,1.32375,1012699966.4306641
2012-02-07 19:40:00,1.32375,1.32388,1.32375,1.32387,1021800003.0517578
2012-02-07 19:41:00,1.32386,1.32387,1.32369,1.32371,613800010.6811523
2012-02-07 19:42:00,1.32372,1.32384,1.32372,1.32384,432200012.20703125
2012-02-07 19:43:00,1.32384,1.32387,1.32376,1.32377,731600036.6210938
2012-02-07 19:44:00,1.32377,1.3238,1.32376,1.32377,640400009.1552734
2012-02-07 19:45:00,1.32377,1.32388,1.32377,1.32387,703600006.1035156
2012-02-07 19:46:00,1.32388,1.32411,1.32385,1.32408,923799972.5341797
2012-02-07 19:47:00,1.32408,1.32412,1.32408,1.3241,785400009.1552734
2012-02-07 19:48:00,1.32409,1.32421,1.32409,1.32419,1213700027.4658203
2012-02-07 19:49:00,1.32419,1.32426,1.32417,1.3242,1391199951.171875
2012-02-07 19:50:00,1.32418,1.32425,1.32418,1.32425,1295399932.8613281
2012-02-07 19:51:00,1.32426,1.32429,1.32424,1.32424,1421900024.4140625
2012-02-07 19:52:00,1.32424,1.32448,1.32424,1.32447,1293999938.9648438
2012-02-07 19:53:00,1.32447,1.3245,1.32437,1.32449,1221299972.5341797
2012-02-07 19:54:00,1.32444,1.32449,1.32419,1.32419,1969100036.6210938
2012-02-07 19:55:00,1.32419,1.3243,1.32415,1.32429,1107099990.8447266
2012-02-07 19:56:00,1.32427,1.32428,1.32406,1.32412,1694700012.2070312
2012-02-07 19:57:00,1.32411,1.32432,1.32398,1.32426,1800000000.0
2012-02-07 19:58:00,1.32429,1.32441,1.32427,1.32441,1503099975.5859375
2012-02-07 19:59:00,1.32438,1.32475,1.32429,1.32473,2448699951.171875
2012-02-07 20:00:00,1.32474,1.32488,1.32472,1.32484,2131000061.0351562
2012-02-07 20:01:00,1.32487,1.32517,1.32487,1.32516,2177400054.9316406
2012-02-07 20:02:00,1.32516,1.32519,1.32495,1.32495,1558699951.171875
2012-02-07 20:03:00,1.32494,1.32502,1.32494,1.32495,1286699981.6894531
2012-02-07 20:04:00,1.32497,1.32518,1.32495,1.32517,2692300109.8632812
2012-02-07 20:05:00,1.32517,1.32517,1.32513,1.32516,2574599914.5507812
2012-02-07 20:06:00,1.32514,1.32557,1.32514,1.32535,1976999969.4824219
2012-02-07 20:07:00,1.32534,1.32546,1.3253,1.32536,1187900009.1552734
2012-02-07 20:08:00,1.32535,1.32536,1.32533,1.32536,1337500000.0
2012-02-07 20:09:00,1.32536,1.32544,1.32534,1.32543,974499969.4824219
2012-02-07 20:10:00,1.32543,1.32547,1.32542,1.32545,517200012.20703125
2012-02-07 20:11:00,1.32544,1.32551,1.32529,1.32529,1393600006.1035156
2012-02-07 20:12:00,1.32531,1.32537,1.32527,1.32533,943899993.8964844
2012-02-07 20:13:00,1.32533,1.32536,1.32524,1.32525,1803899993.8964844
2012-02-07 20:14:00,1.32524,1.32535,1.32523,1.32535,1453500061.0351562
2012-02-07 20:15:00,1.32535,1.32536,1.32531,1.32534,598400001.5258789
2012-02-07 20:16:00,1.32534,1.32546,1.3253,1.32546,802399978.6376953
2012-02-07 20:17:00,1.32543,1.32556,1.32541,1.32544,1603000030.5175781
2012-02-07 20:18:00,1.32543,1.32543,1.32525,1.32534,1900200042.7246094
2012-02-07 20:19:00,1.32536,1.32542,1.32532,1.32533,1533800048.828125
2012-02-07 20:20:00,1.32532,1.32536,1.32524,1.32524,1040299987.7929688
2012-02-07 20:21:00,1.32524,1.32526,1.32517,1.32522,1285899963.3789062
2012-02-07 20:22:00,1.32522,1.32531,1.32521,1.32529,2657900085.4492188
2012-02-07 20:23:00,1.32528,1.32535,1.32516,1.32534,1823399963.3789062
2012-02-07 20:24:00,1.32533,1.32539,1.32522,1.32525,1388099975.5859375
2012-02-07 20:25:00,1.32524,1.32525,1.32515,1.32519,1467200012.2070312
2012-02-07 20:26:00,1.32519,1.32536,1.32519,1.32531,1470700073.2421875
2012-02-07 20:27:00,1.32531,1.32531,1.32515,1.32521,1390000000.0
2012-02-07 20:28:00,1.32521,1.32522,1.32512,1.32521,1054100036.6210938
2012-02-07 20:29:00,1.3252,1.32528,1.32513,1.32515,1368600006.1035156
2012-02-07 20:30:00,1.32515,1.32518,1.32505,1.32506,545499992.3706055
2012-02-07 20:31:00,1.32508,1.32516,1.325,1.32516,953199996.9482422
2012-02-07 20:32:00,1.32516,1.32516,1.32481,1.32481,1149400024.4140625
2012-02-07 20:33:00,1.32481,1.32495,1.32481,1.32493,1111299972.5341797
2012-02-07 20:34:00,1.32491,1.32491,1.32478,1.32478,1354799957.2753906
2012-02-07 20:35:00,1.32479,1.3248,1.32475,1.32478,898099975.5859375
2012-02-07 20:36:00,1.32478,1.32481,1.32473,1.32475,1175899963.3789062
2012-02-07 20:37:00,1.32475,1.32478,1.32455,1.32458,1070899963.3789062
2012-02-07 20:38:00,1.32458,1.32458,1.32447,1.32448,821100006.1035156
2012-02-07 20:39:00,1.32448,1.32451,1.32429,1.32435,1556699981.6894531
2012-02-07 20:40:00,1.32434,1.32451,1.32433,1.3244,1421399993.8964844
2012-02-07 20:41:00,1.3244,1.32478,1.32437,1.32477,1206299972.5341797
2012-02-07 20:42:00,1.32476,1.32479,1.32467,1.3247,1165500030.5175781
2012-02-07 20:43:00,1.32471,1.32492,1.32471,1.32488,931500015.2587891
2012-02-07 20:44:00,1.32488,1.32492,1.32484,1.32486,682300033.5693359
2012-02-07 20:45:00,1.32485,1.32506,1.32484,1.32497,1063600006.1035156
2012-02-07 20:46:00,1.32495,1.32517,1.32495,1.32498,2158999938.9648438
2012-02-07 20:47:00,1.32497,1.32499,1.32472,1.32484,3040100097.65625
2012-02-07 20:48:00,1.32484,1.32484,1.32463,1.32483,2161799926.7578125
2012-02-07 20:49:00,1.32484,1.32507,1.32484,1.32493,2036399993.8964844
2012-02-07 20:50:00,1.32493,1.32496,1.32491,1.32493,1417200012.2070312
2012-02-07 20:51:00,1.32493,1.32493,1.32475,1.32484,2264700012.2070312
2012-02-07 20:52:00,1.32484,1.32484,1.32469,1.32473,1725899963.3789062
2012-02-07 20:53:00,1.32475,1.32476,1.32469,1.32475,1481300048.828125
2012-02-07 20:54:00,1.32475,1.32477,1.32471,1.32472,1207500000.0
2012-02-07 20:55:00,1.32473,1.32475,1.3247,1.32473,1155000000.0
2012-02-07 20:56:00,1.32472,1.32525,1.32472,1.32525,1510899963.3789062
2012-02-07 20:57:00,1.32526,1.32545,1.32491,1.32513,2995499877.9296875
2012-02-07 20:58:00,1.32513,1.32537,1.32494,1.32518,3089200134.2773438
2012-02-07 20:59:00,1.32518,1.32558,1.32516,1.32522,2314600067.138672
2012-02-07 21:00:00,1.32522,1.32539,1.32514,1.32527,749899978.6376953
2012-02-07 21:01:00,1.32534,1.32584,1.32534,1.32562,3132000122.0703125
2012-02-07 21:02:00,1.32561,1.32564,1.32545,1.32545,1544799957.2753906
2012-02-07 21:03:00,1.32545,1.32554,1.32544,1.32553,1761399993.8964844
2012-02-07 21:04:00,1.32553,1.32599,1.32553,1.32599,2055000000.0
2012-02-07 21:05:00,1.32601,1.32617,1.32578,1.32581,1707599945.0683594
2012-02-07 21:06:00,1.3258,1.32622,1.3258,1.32622,1769700012.2070312
2012-02-07 21:07:00,1.32622,1.32639,1.3262,1.32633,1461399993.8964844
2012-02-07 21:08:00,1.32633,1.32635,1.32613,1.32615,2742900085.4492188
2012-02-07 21:09:00,1.32616,1.32646,1.32615,1.32634,1914199981.6894531
2012-02-07 21:10:00,1.32637,1.32644,1.32628,1.32638,1478600006.1035156
2012-02-07 21:11:00,1.32638,1.3265,1.32635,1.32649,1018700027.4658203
2012-02-07 21:12:00,1.32647,1.32662,1.32643,1.32651,1406199951.171875
2012-02-07 21:13:00,1.32651,1.32651,1.32635,1.32637,1966100006.1035156
2012-02-07 21:14:00,1.32635,1.32641,1.32628,1.32639,886299972.5341797
2012-02-07 21:15:00,1.32639,1.3265,1.32631,1.32647,1957500000.0
2012-02-07 21:16:00,1.32647,1.32652,1.32646,1.32647,1027399978.6376953
2012-02-07 21:17:00,1.32647,1.32652,1.32641,1.32649,754100036.6210938
2012-02-07 21:18:00,1.32649,1.32649,1.3263,1.3263,1455200042.7246094
2012-02-07 21:19:00,1.3263,1.32644,1.32625,1.32644,1245400009.1552734
2012-02-07 21:20:00,1.32644,1.32664,1.32644,1.32651,1361000061.0351562
2012-02-07 21:21:00,1.32651,1.32651,1.3262,1.32628,2061799926.7578125
2012-02-07 21:22:00,1.32627,1.32629,1.32625,1.32628,643700027.4658203
2012-02-07 21:23:00,1.32627,1.32637,1.32622,1.32631,1781900024.4140625
2012-02-07 21:24:00,1.3263,1.32631,1.32621,1.32621,1327700042.7246094
2012-02-07 21:25:00,1.32621,1.32621,1.32609,1.32611,659400024.4140625
2012-02-07 21:26:00,1.32609,1.3263,1.326,1.32629,1023799972.5341797
2012-02-07 21:27:00,1.32629,1.3263,1.32614,1.32624,965299987.7929688
2012-02-07 21:28:00,1.32623,1.32629,1.32611,1.32623,1240599975.5859375
2012-02-07 21:29:00,1.32625,1.32629,1.32613,1.32623,1909100036.6210938
2012-02-07 21:30:00,1.32624,1.32638,1.32609,1.32622,1115500030.5175781
2012-02-07 21:31:00,1.3262,1.32628,1.3262,1.32627,870000000.0
2012-02-07 21:32:00,1.32625,1.32626,1.32617,1.32617,828399963.3789062
2012-02-07 21:33:00,1.32618,1.32618,1.32615,1.32616,367500000.0
2012-02-07 21:34:00,1.32616,1.3263,1.32615,1.3263,1283000030.5175781
2012-02-07 21:35:00,1.32633,1.32641,1.32629,1.32641,969800033.5693359
2012-02-07 21:36:00,1.3264,1.32644,1.32629,1.3263,1054000015.2587891
2012-02-07 21:37:00,1.32631,1.32631,1.32605,1.32605,2079799957.2753906
2012-02-07 21:38:00,1.32601,1.32617,1.32601,1.32608,1360000000.0
2012-02-07 21:39:00,1.32607,1.3262,1.32607,1.32618,743700027.4658203
2012-02-07 21:40:00,1.3262,1.3262,1.3261,1.32613,290499992.37060547
2012-02-07 21:41:00,1.32614,1.32615,1.32607,1.3261,404900016.78466797
2012-02-07 21:42:00,1.32609,1.32609,1.326,1.32604,1094400024.4140625
2012-02-07 21:43:00,1.32605,1.32611,1.32601,1.32602,802600021.3623047
2012-02-07 21:44:00,1.32602,1.32609,1.326,1.326,570000000.0
2012-02-07 21:45:00,1.326,1.32613,1.326,1.32612,806399993.8964844
2012-02-07 21:46:00,1.32613,1.32619,1.3261,1.32619,715500030.5175781
2012-02-07 21:47:00,1.32617,1.32621,1.32597,1.32597,1094700012.2070312
2012-02-07 21:48:00,1.32597,1.32604,1.32586,1.32595,1046299972.5341797
2012-02-07 21:49:00,1.32593,1.32605,1.32591,1.326,614000015.2587891
2012-02-07 21:50:00,1.32601,1.32614,1.32598,1.32607,1328399963.3789062
2012-02-07 21:51:00,1.32606,1.32607,1.326,1.32602,481500015.25878906
2012-02-07 21:52:00,1.32603,1.32608,1.32601,1.32608,622500000.0
2012-02-07 21:53:00,1.32606,1.32611,1.32606,1.32611,645000000.0
2012-02-07 21:54:00,1.32611,1.32619,1.32611,1.32617,608300018.3105469
2012-02-07 21:55:00,1.32617,1.32621,1.32601,1.32608,925100021.3623047
2012-02-07 21:56:00,1.32603,1.32615,1.326,1.32602,1147799987.7929688
2012-02-07 21:57:00,1.32599,1.3262,1.32596,1.3261,1465200042.7246094
2012-02-07 21:58:00,1.32607,1.32617,1.32599,1.32607,1145199966.430664
2012-02-07 21:59:00,1.32616,1.32617,1.32598,1.32601,384700012.20703125
2012-02-07 22:00:00,1.32602,1.32612,1.32596,1.32609,247700004.57763672
2012-02-07 22:01:00,1.3261,1.3261,1.32593,1.32599,133699998.85559082
2012-02-07 22:02:00,1.32594,1.32603,1.32594,1.32599,191499996.18530273
2012-02-07 22:03:00,1.32605,1.32605,1.32559,1.32561,314200000.76293945
2012-02-07 22:04:00,1.32561,1.32583,1.32561,1.32567,152100000.38146973
2012-02-07 22:05:00,1.32571,1.32583,1.32567,1.32572,252800006.86645508
2012-02-07 22:06:00,1.32573,1.32573,1.3255,1.32569,374099998.4741211
2012-02-07 22:07:00,1.32569,1.32583,1.3254,1.32568,700699996.9482422
2012-02-07 22:08:00,1.32568,1.32596,1.32564,1.32583,439799995.4223633
2012-02-07 22:09:00,1.32582,1.32582,1.32577,1.32577,69200000.76293945
2012-02-07 22:10:00,1.32577,1.32582,1.32577,1.3258,72800002.0980835
2012-02-07 22:11:00,1.3258,1.32587,1.32577,1.32581,246299991.60766602
2012-02-07 22:12:00,1.32582,1.32586,1.32579,1.32585,68000001.90734863
2012-02-07 22:13:00,1.32586,1.32586,1.32579,1.32579,56700000.76293945
2012-02-07 22:14:00,1.3258,1.3258,1.32578,1.3258,43200001.71661377
2012-02-07 22:15:00,1.32578,1.32579,1.32578,1.32579,16900000.57220459
2012-02-07 22:16:00,1.32579,1.32582,1.32567,1.32576,220200004.57763672
2012-02-07 22:17:00,1.32573,1.32575,1.32572,1.32574,82700004.57763672
2012-02-07 22:18:00,1.32572,1.32582,1.32572,1.3258,315100002.28881836
2012-02-07 22:19:00,1.32579,1.32592,1.32579,1.32589,382500000.0
2012-02-07 22:20:00,1.3259,1.3259,1.3258,1.32581,485099983.21533203
2012-02-07 22:21:00,1.32581,1.32581,1.32575,1.32576,149300003.0517578
2012-02-07 22:22:00,1.32574,1.32586,1.32572,1.32579,239300003.0517578
2012-02-07 22:23:00,1.32579,1.3258,1.32579,1.3258,62300000.19073486
2012-02-07 22:24:00,1.3258,1.32584,1.32579,1.32584,368300018.3105469
2012-02-07 22:25:00,1.32585,1.32586,1.3258,1.3258,247199993.13354492
2012-02-07 22:26:00,1.32581,1.32581,1.32581,1.32581,11299999.952316284
2012-02-07 22:27:00,1.32581,1.32595,1.32581,1.32589,311499996.18530273
2012-02-07 22:28:00,1.32591,1.32601,1.32591,1.32591,556500015.2587891
2012-02-07 22:29:00,1.32591,1.32591,1.32591,1.32591,109600000.38146973
2012-02-07 22:30:00,1.32591,1.32591,1.32584,1.32584,242000007.62939453
2012-02-07 22:31:00,1.32584,1.32585,1.32568,1.32568,222800006.86645508
2012-02-07 22:32:00,1.32568,1.32568,1.32544,1.32546,740899963.3789062
2012-02-07 22:33:00,1.32546,1.32577,1.32546,1.32568,1191399993.8964844
2012-02-07 22:34:00,1.32568,1.32569,1.32568,1.32568,248600006.10351562
2012-02-07 22:35:00,1.32569,1.32571,1.32563,1.32563,189599990.84472656
2012-02-07 22:36:00,1.32567,1.32583,1.32566,1.32569,406100006.1035156
2012-02-07 22:37:00,1.32569,1.32578,1.32565,1.32569,847099990.8447266
2012-02-07 22:38:00,1.32573,1.32573,1.3257,1.3257,146400003.43322754
2012-02-07 22:39:00,1.3257,1.32581,1.32567,1.3258,845100021.3623047
2012-02-07 22:40:00,1.32579,1.32589,1.32555,1.32589,1305899963.3789062
2012-02-07 22:41:00,1.32589,1.32602,1.32589,1.32599,460999984.74121094
2012-02-07 22:42:00,1.326,1.326,1.32599,1.32599,56500000.95367432
2012-02-07 22:43:00,1.32599,1.32614,1.32595,1.32612,851200027.4658203
2012-02-07 22:44:00,1.32613,1.32629,1.32613,1.3262,802900009.1552734
2012-02-07 22:45:00,1.32621,1.32622,1.32609,1.32618,771900024.4140625
2012-02-07 22:46:00,1.3262,1.32625,1.32619,1.32621,127899999.61853027
2012-02-07 22:47:00,1.32621,1.32621,1.32603,1.32604,314400005.3405762
2012-02-07 22:48:00,1.32604,1.32605,1.32571,1.32574,708899993.8964844
2012-02-07 22:49:00,1.32581,1.32583,1.32561,1.32564,1085599975.5859375
2012-02-07 22:50:00,1.32564,1.32574,1.3256,1.3256,822099990.8447266
2012-02-07 22:51:00,1.32561,1.32579,1.32558,1.32575,942099990.8447266
2012-02-07 22:52:00,1.32575,1.32585,1.32572,1.32575,354000015.25878906
2012-02-07 22:53:00,1.32573,1.32579,1.32573,1.32579,389599990.84472656
2012-02-07 22:54:00,1.32578,1.32588,1.32578,1.32588,244400005.34057617
2012-02-07 22:55:00,1.32589,1.32589,1.32575,1.32578,514599990.84472656
2012-02-07 22:56:00,1.32579,1.3258,1.32579,1.3258,271200008.392334
2012-02-07 22:57:00,1.3258,1.3258,1.32579,1.32579,173199996.9482422
2012-02-07 22:58:00,1.32579,1.32596,1.32579,1.32596,181299991.60766602
2012-02-07 22:59:00,1.32596,1.32626,1.32596,1.32612,604300003.0517578
2012-02-07 23:00:00,1.32611,1.32613,1.32587,1.32601,1527500000.0
2012-02-07 23:01:00,1.326,1.32618,1.32596,1.32599,1531799926.7578125
2012-02-07 23:02:00,1.32601,1.32601,1.32587,1.32588,689000015.2587891
2012-02-07 23:03:00,1.32588,1.32588,1.32577,1.32583,744199981.6894531
2012-02-07 23:04:00,1.32586,1.32587,1.32581,1.32582,427500000.0
2012-02-07 23:05:00,1.32582,1.32587,1.3258,1.32582,483800010.68115234
2012-02-07 23:06:00,1.32582,1.32582,1.32569,1.32569,1209000015.258789
2012-02-07 23:07:00,1.32569,1.32582,1.32568,1.3258,682200012.2070312
2012-02-07 23:08:00,1.32582,1.32588,1.32579,1.32581,870400009.1552734
2012-02-07 23:09:00,1.32581,1.3259,1.32581,1.32589,345099983.21533203
2012-02-07 23:10:00,1.32589,1.32595,1.32572,1.32576,779599990.8447266
2012-02-07 23:11:00,1.32576,1.32577,1.32558,1.32562,805299987.7929688
2012-02-07 23:12:00,1.32563,1.32574,1.32557,1.32557,1004400024.4140625
2012-02-07 23:13:00,1.32557,1.32561,1.3255,1.32551,501300010.68115234
2012-02-07 23:14:00,1.3255,1.32559,1.32528,1.32548,1793399963.3789062
2012-02-07 23:15:00,1.32548,1.32559,1.32533,1.32533,1695399932.8613281
2012-02-07 23:16:00,1.32531,1.32532,1.32501,1.32517,2790599975.5859375
2012-02-07 23:17:00,1.32516,1.32529,1.32511,1.32519,1542400054.9316406
2012-02-07 23:18:00,1.32519,1.32532,1.3251,1.3251,1328099975.5859375
2012-02-07 23:19:00,1.3251,1.32522,1.3251,1.32516,965999984.7412109
2012-02-07 23:20:00,1.32517,1.32522,1.3251,1.32513,915800018.3105469
2012-02-07 23:21:00,1.32514,1.32519,1.3251,1.3251,1570700073.2421875
2012-02-07 23:22:00,1.3251,1.32528,1.32508,1.32511,1079599990.8447266
2012-02-07 23:23:00,1.32513,1.32513,1.3249,1.32505,1464499969.4824219
2012-02-07 23:24:00,1.32505,1.3252,1.32504,1.32514,862099990.8447266
2012-02-07 23:25:00,1.32519,1.32539,1.32515,1.32539,841500015.2587891
2012-02-07 23:26:00,1.32537,1.32547,1.32533,1.32546,1561900024.4140625
2012-02-07 23:27:00,1.32546,1.32552,1.32541,1.32547,1487799987.7929688
2012-02-07 23:28:00,1.32544,1.32562,1.32543,1.32558,1556600036.6210938
2012-02-07 23:29:00,1.32558,1.32558,1.32517,1.32519,886999969.4824219
2012-02-07 23:30:00,1.32519,1.32528,1.32518,1.32526,931399993.8964844
2012-02-07 23:31:00,1.32526,1.32528,1.32522,1.32528,1025500030.5175781
2012-02-07 23:32:00,1.32528,1.32536,1.32522,1.32527,840000000.0
2012-02-07 23:33:00,1.32527,1.32529,1.32515,1.32529,1209100036.6210938
2012-02-07 23:34:00,1.32529,1.32532,1.32518,1.32518,1135800018.3105469
2012-02-07 23:35:00,1.32518,1.32519,1.32516,1.32517,259500007.62939453
2012-02-07 23:36:00,1.32517,1.32519,1.32517,1.32517,236499996.18530273
2012-02-07 23:37:00,1.32518,1.32519,1.32515,1.32516,558199996.9482422
2012-02-07 23:38:00,1.32513,1.32528,1.32507,1.32508,964700012.2070312
2012-02-07 23:39:00,1.32508,1.32513,1.32503,1.32503,535699996.9482422
2012-02-07 23:40:00,1.32504,1.32514,1.32504,1.32506,994499969.4824219
2012-02-07 23:41:00,1.32506,1.32518,1.32504,1.32518,563100013.7329102
2012-02-07 23:42:00,1.32518,1.32519,1.32515,1.32518,458100013.73291016
2012-02-07 23:43:00,1.32518,1.3252,1.32514,1.3252,386500015.25878906
2012-02-07 23:44:00,1.32519,1.3252,1.32519,1.3252,214400005.34057617
2012-02-07 23:45:00,1.32518,1.3253,1.32517,1.3253,318999996.18530273
2012-02-07 23:46:00,1.32529,1.32545,1.32522,1.32527,1933500061.0351562
2012-02-07 23:47:00,1.32527,1.32529,1.32516,1.32521,687300033.5693359
2012-02-07 23:48:00,1.32521,1.32522,1.32498,1.32498,1423399963.3789062
2012-02-07 23:49:00,1.32498,1.32501,1.32495,1.32496,655599975.5859375
2012-02-07 23:50:00,1.32496,1.325,1.32496,1.325,700500030.5175781
2012-02-07 23:51:00,1.325,1.32505,1.3247,1.32471,2171300048.828125
2012-02-07 23:52:00,1.32468,1.32472,1.32451,1.3246,1903999938.9648438
2012-02-07 23:53:00,1.3246,1.32484,1.32455,1.32469,1188000030.5175781
2012-02-07 23:54:00,1.32469,1.32493,1.32464,1.32482,1794299926.7578125
2012-02-07 23:55:00,1.32482,1.32482,1.32448,1.32475,2025599975.5859375
2012-02-07 23:56:00,1.32472,1.32478,1.32472,1.32477,647699966.4306641
2012-02-07 23:57:00,1.32477,1.32477,1.32475,1.32475,195100002.28881836
2012-02-07 23:58:00,1.32475,1.32483,1.32475,1.32482,1252399978.6376953
2012-02-07 23:59:00,1.32482,1.32482,1.32475,1.32475,970999984.7412109
2012-02-08 00:00:00,1.32473,1.32485,1.32473,1.32476,913899993.8964844
2012-02-08 00:01:00,1.32476,1.32479,1.32441,1.32454,2026100006.1035156
2012-02-08 00:02:00,1.32454,1.32454,1.32436,1.32438,1412799987.7929688
2012-02-08 00:03:00,1.32437,1.32443,1.32436,1.32441,997300033.5693359
2012-02-08 00:04:00,1.32441,1.32448,1.32439,1.32441,889100036.6210938
2012-02-08 00:05:00,1.32439,1.32454,1.32438,1.32453,1592500000.0
2012-02-08 00:06:00,1.32453,1.32471,1.32452,1.32467,1653200073.2421875
2012-02-08 00:07:00,1.32464,1.32468,1.32461,1.32467,1131500015.258789
2012-02-08 00:08:00,1.32468,1.3247,1.32456,1.32456,980299987.7929688
2012-02-08 00:09:00,1.32458,1.32476,1.32458,1.32469,1084000015.258789
2012-02-08 00:10:00,1.32469,1.32469,1.32461,1.32461,332500000.0
2012-02-08 00:11:00,1.3246,1.3246,1.32442,1.3245,1288999938.9648438
2012-02-08 00:12:00,1.3245,1.32453,1.32442,1.32446,1097799987.7929688
2012-02-08 00:13:00,1.32445,1.32457,1.32438,1.32452,1363899993.8964844
2012-02-08 00:14:00,1.32452,1.32452,1.32429,1.32435,1000800018.3105469
2012-02-08 00:15:00,1.32434,1.32482,1.32434,1.3248,1098300018.3105469
2012-02-08 00:16:00,1.32483,1.32486,1.32478,1.32485,693499984.7412109
2012-02-08 00:17:00,1.32486,1.32497,1.32485,1.32497,915400009.1552734
2012-02-08 00:18:00,1.32498,1.3251,1.32494,1.32507,694300003.0517578
2012-02-08 00:19:00,1.32507,1.3251,1.32497,1.32502,1740000000.0
2012-02-08 00:20:00,1.32502,1.32504,1.32497,1.32499,637700004.5776367
2012-02-08 00:21:00,1.32499,1.32506,1.32482,1.32503,1421799926.7578125
2012-02-08 00:22:00,1.32502,1.32502,1.32485,1.32489,1195199966.430664
2012-02-08 00:23:00,1.3249,1.32499,1.3248,1.32484,1059700012.2070312
2012-02-08 00:24:00,1.32486,1.3249,1.32473,1.32478,1540599975.5859375
2012-02-08 00:25:00,1.32478,1.32479,1.32473,1.32475,655500030.5175781
2012-02-08 00:26:00,1.32477,1.32498,1.32477,1.32498,671600036.6210938
2012-02-08 00:27:00,1.32497,1.32506,1.32493,1.32505,1119300003.0517578
2012-02-08 00:28:00,1.32504,1.32516,1.32503,1.32508,1497100067.1386719
2012-02-08 00:29:00,1.32508,1.32529,1.32508,1.32527,1214400024.4140625
2012-02-08 00:30:00,1.32526,1.32587,1.32526,1.32573,3383399963.3789062
2012-02-08 00:31:00,1.32572,1.32572,1.32546,1.32546,1986499938.9648438
2012-02-08 00:32:00,1.32548,1.32548,1.3253,1.32532,1493600006.1035156
2012-02-08 00:33:00,1.32532,1.32567,1.32531,1.32567,1805899963.3789062
2012-02-08 00:34:00,1.32572,1.32606,1.32569,1.32602,2785899963.3789062
2012-02-08 00:35:00,1.32603,1.32651,1.32599,1.32646,4090100097.65625
2012-02-08 00:36:00,1.32645,1.32645,1.32633,1.32635,2159900054.9316406
2012-02-08 00:37:00,1.32635,1.32636,1.32619,1.32623,1917100067.1386719
2012-02-08 00:38:00,1.32621,1.32622,1.32609,1.32622,908499984.7412109
2012-02-08 00:39:00,1.32622,1.32622,1.32591,1.32591,1899199981.6894531
2012-02-08 00:40:00,1.32591,1.32606,1.32577,1.32594,2074700012.2070312
2012-02-08 00:41:00,1.32596,1.32602,1.32586,1.32589,1167200012.2070312
2012-02-08 00:42:00,1.3259,1.3259,1.32563,1.32589,1642299957.2753906
2012-02-08 00:43:00,1.32588,1.32588,1.32579,1.3258,1154100036.6210938
2012-02-08 00:44:00,1.32579,1.32588,1.32577,1.32583,650699996.9482422
2012-02-08 00:45:00,1.32582,1.32595,1.3258,1.3259,1150599975.5859375
2012-02-08 00:46:00,1.32593,1.326,1.3256,1.3256,1906399993.8964844
2012-02-08 00:47:00,1.3256,1.32576,1.32553,1.32572,1911999969.4824219
2012-02-08 00:48:00,1.32575,1.32575,1.32557,1.32558,1072600021.3623047
2012-02-08 00:49:00,1.3256,1.3256,1.32544,1.32547,1340299987.7929688
2012-02-08 00:50:00,1.32547,1.32563,1.32545,1.32563,935599975.5859375
2012-02-08 00:51:00,1.32563,1.32578,1.32563,1.32575,824100036.6210938
2012-02-08 00:52:00,1.32575,1.3258,1.32557,1.32557,1254199981.6894531
2012-02-08 00:53:00,1.32554,1.32558,1.32547,1.32547,935299987.7929688
2012-02-08 00:54:00,1.32547,1.3255,1.3252,1.3252,1421100006.1035156
2012-02-08 00:55:00,1.32519,1.32529,1.32511,1.32523,1030199966.4306641
2012-02-08 00:56:00,1.32523,1.32545,1.32523,1.32545,571699981.6894531
2012-02-08 00:57:00,1.32542,1.32542,1.3253,1.32532,1244300003.0517578
2012-02-08 00:58:00,1.32533,1.32539,1.32529,1.32537,752399978.6376953
2012-02-08 00:59:00,1.32539,1.32542,1.32537,1.32537,882300033.5693359
2012-02-08 01:00:00,1.32537,1.32539,1.32527,1.32527,956299972.5341797
2012-02-08 01:01:00,1.32527,1.32529,1.32443,1.32455,2770599975.5859375
2012-02-08 01:02:00,1.32456,1.32513,1.32456,1.32494,2314100036.6210938
2012-02-08 01:03:00,1.32494,1.32498,1.32482,1.32493,1623399963.3789062
2012-02-08 01:04:00,1.32493,1.32497,1.32491,1.32493,995800018.3105469
2012-02-08 01:05:00,1.32494,1.32495,1.32486,1.32491,985299987.7929688
2012-02-08 01:06:00,1.32491,1.32512,1.32486,1.32505,1578800048.828125
2012-02-08 01:07:00,1.32506,1.32508,1.32462,1.32462,1680299987.7929688
2012-02-08 01:08:00,1.32462,1.32462,1.32435,1.32436,2039199981.6894531
2012-02-08 01:09:00,1.32436,1.32438,1.3242,1.32434,1685800018.3105469
2012-02-08 01:10:00,1.32437,1.32472,1.32435,1.32472,2165299987.7929688
2012-02-08 01:11:00,1.32476,1.3251,1.32471,1.32488,2997600097.65625
2012-02-08 01:12:00,1.32488,1.32532,1.32488,1.32493,2727099914.5507812
2012-02-08 01:13:00,1.32493,1.32493,1.32454,1.32458,1780299987.7929688
2012-02-08 01:14:00,1.32458,1.32471,1.32458,1.32469,1015599975.5859375
2012-02-08 01:15:00,1.32466,1.32474,1.32464,1.32472,859899978.6376953
2012-02-08 01:16:00,1.32472,1.32504,1.32472,1.32489,2526100006.1035156
2012-02-08 01:17:00,1.32489,1.32489,1.3248,1.32486,627900009.1552734
2012-02-08 01:18:00,1.32486,1.32498,1.32483,1.32495,855000000.0
2012-02-08 01:19:00,1.32495,1.32495,1.32482,1.32482,914400024.4140625
2012-02-08 01:20:00,1.32481,1.32481,1.32454,1.32457,1185100021.3623047
2012-02-08 01:21:00,1.32457,1.32457,1.32437,1.32437,1626100006.1035156
2012-02-08 01:22:00,1.32437,1.32444,1.32426,1.32442,904899978.6376953
2012-02-08 01:23:00,1.32442,1.32463,1.32442,1.32448,1219499969.4824219
2012-02-08 01:24:00,1.32451,1.32459,1.3244,1.32459,767799987.7929688
2012-02-08 01:25:00,1.32459,1.32467,1.32455,1.32461,1033600006.1035156
2012-02-08 01:26:00,1.32464,1.32466,1.32459,1.32466,850599975.5859375
2012-02-08 01:27:00,1.32462,1.32466,1.32458,1.32459,847099990.8447266
2012-02-08 01:28:00,1.32457,1.32462,1.32457,1.32462,700999984.7412109
2012-02-08 01:29:00,1.32466,1.32466,1.32462,1.32464,503100013.73291016
2012-02-08 01:30:00,1.32464,1.3249,1.32464,1.32487,1833999938.9648438
2012-02-08 01:31:00,1.32487,1.3249,1.3248,1.32485,872799987.7929688
2012-02-08 01:32:00,1.32487,1.32487,1.32481,1.32482,862300033.5693359
2012-02-08 01:33:00,1.32485,1.325,1.3248,1.32499,1050800018.3105469
2012-02-08 01:34:00,1.32499,1.32504,1.3249,1.3249,1561600036.6210938
2012-02-08 01:35:00,1.32495,1.32501,1.32491,1.32495,814300003.0517578
2012-02-08 01:36:00,1.32494,1.32498,1.32474,1.32477,1261900024.4140625
2012-02-08 01:37:00,1.32475,1.32485,1.32473,1.32485,722799987.7929688
2012-02-08 01:38:00,1.32485,1.32488,1.32481,1.32483,662799987.7929688
2012-02-08 01:39:00,1.3248,1.32483,1.32469,1.3247,1442200012.2070312
2012-02-08 01:40:00,1.32469,1.32469,1.3246,1.3246,974400024.4140625
2012-02-08 01:41:00,1.32464,1.32465,1.32453,1.32455,607200012.2070312
2012-02-08 01:42:00,1.32454,1.32454,1.32452,1.32452,401699981.6894531
2012-02-08 01:43:00,1.32452,1.3246,1.32451,1.3246,854000015.2587891
2012-02-08 01:44:00,1.3246,1.32465,1.3246,1.32463,352400016.78466797
2012-02-08 01:45:00,1.32463,1.32463,1.32455,1.32456,883000030.5175781
2012-02-08 01:46:00,1.32456,1.32462,1.32455,1.32455,602299995.4223633
2012-02-08 01:47:00,1.32455,1.32464,1.32455,1.32459,776399993.8964844
2012-02-08 01:48:00,1.32457,1.32459,1.32453,1.32458,684899978.6376953
2012-02-08 01:49:00,1.32456,1.32458,1.32451,1.32453,730299987.7929688
2012-02-08 01:50:00,1.32453,1.32464,1.32444,1.32446,1474900054.9316406
2012-02-08 01:51:00,1.32446,1.32458,1.32446,1.32458,1092900009.1552734
2012-02-08 01:52:00,1.32458,1.32459,1.32455,1.32457,636300010.6811523
2012-02-08 01:53:00,1.32457,1.3246,1.32455,1.32456,465999984.74121094
2012-02-08 01:54:00,1.32456,1.32474,1.32455,1.32471,1468899993.8964844
2012-02-08 01:55:00,1.32472,1.32472,1.32456,1.32457,811500015.2587891
2012-02-08 01:56:00,1.32457,1.32459,1.32448,1.32451,727900009.1552734
2012-02-08 01:57:00,1.32451,1.32459,1.32451,1.32455,592200012.2070312
2012-02-08 01:58:00,1.32455,1.32455,1.32449,1.32452,1022799987.7929688
2012-02-08 01:59:00,1.32449,1.32457,1.32449,1.32457,1099899978.6376953
2012-02-08 02:00:00,1.32458,1.32463,1.32451,1.32462,1641100006.1035156
2012-02-08 02:01:00,1.32462,1.3248,1.32462,1.32471,1440099945.0683594
2012-02-08 02:02:00,1.32471,1.32481,1.32471,1.32473,1088600006.1035156
2012-02-08 02:03:00,1.32473,1.32482,1.32468,1.3248,905699996.9482422
2012-02-08 02:04:00,1.3248,1.32486,1.3248,1.32482,747699966.4306641
2012-02-08 02:05:00,1.32481,1.325,1.32479,1.32498,766600036.6210938
2012-02-08 02:06:00,1.32498,1.32502,1.32486,1.32494,1400099945.0683594
2012-02-08 02:07:00,1.32496,1.32512,1.32491,1.32505,1666799926.7578125
2012-02-08 02:08:00,1.32505,1.32522,1.32504,1.32511,1751799926.7578125
2012-02-08 02:09:00,1.32509,1.32513,1.32508,1.32511,678300018.3105469
2012-02-08 02:10:00,1.3251,1.3251,1.32501,1.32503,1057300033.5693359
2012-02-08 02:11:00,1.32503,1.32503,1.32493,1.32494,504900016.78466797
2012-02-08 02:12:00,1.32494,1.32494,1.32488,1.32491,806900024.4140625
2012-02-08 02:13:00,1.32489,1.32503,1.32489,1.32503,1254499969.4824219
2012-02-08 02:14:00,1.32503,1.32512,1.32499,1.32501,1043899993.8964844
2012-02-08 02:15:00,1.32501,1.32505,1.32488,1.3249,723000030.5175781
2012-02-08 02:16:00,1.32488,1.3249,1.32474,1.3249,1501399993.8964844
2012-02-08 02:17:00,1.3249,1.3249,1.32486,1.32487,549599990.8447266
2012-02-08 02:18:00,1.32483,1.32484,1.3248,1.32484,965599975.5859375
2012-02-08 02:19:00,1.32482,1.32487,1.32473,1.32475,518699989.31884766
2012-02-08 02:20:00,1.32475,1.32479,1.32462,1.32472,1284700012.2070312
2012-02-08 02:21:00,1.32472,1.32473,1.32465,1.32473,376399993.8964844
2012-02-08 02:22:00,1.32473,1.32476,1.32463,1.32466,723899993.8964844
2012-02-08 02:23:00,1.32468,1.32491,1.32468,1.3249,838000030.5175781
2012-02-08 02:24:00,1.32493,1.32493,1.32471,1.32478,1316100006.1035156
2012-02-08 02:25:00,1.32478,1.32479,1.32474,1.32477,947300033.5693359
2012-02-08 02:26:00,1.32477,1.32479,1.32472,1.32477,146800003.0517578
2012-02-08 02:27:00,1.32477,1.32477,1.32465,1.32465,358699989.31884766
2012-02-08 02:28:00,1.32462,1.32474,1.32456,1.32471,1136299972.5341797
2012-02-08 02:29:00,1.32471,1.32476,1.32471,1.32476,172900009.15527344
2012-02-08 02:30:00,1.32475,1.32486,1.32472,1.32472,903799972.5341797
2012-02-08 02:31:00,1.32472,1.32481,1.32462,1.32466,1066699981.6894531
2012-02-08 02:32:00,1.32466,1.32466,1.32458,1.32458,437299995.4223633
2012-02-08 02:33:00,1.32458,1.32461,1.32453,1.32461,753300018.3105469
2012-02-08 02:34:00,1.32458,1.3246,1.32458,1.32459,76999998.09265137
2012-02-08 02:35:00,1.32461,1.32463,1.32456,1.32461,605000000.0
2012-02-08 02:36:00,1.32461,1.32468,1.32455,1.32464,1255599975.5859375
2012-02-08 02:37:00,1.32464,1.32466,1.32459,1.32466,617799987.7929688
2012-02-08 02:38:00,1.32466,1.32476,1.32459,1.32459,1730299987.7929688
2012-02-08 02:39:00,1.32461,1.32466,1.32457,1.32461,781900024.4140625
2012-02-08 02:40:00,1.3246,1.32461,1.32449,1.32449,660500030.5175781
2012-02-08 02:41:00,1.32449,1.32451,1.32446,1.32446,496699981.6894531
2012-02-08 02:42:00,1.32446,1.32465,1.32446,1.32465,624000015.2587891
2012-02-08 02:43:00,1.32465,1.3248,1.32462,1.32478,1899700012.2070312
2012-02-08 02:44:00,1.32478,1.32503,1.32477,1.32492,1773899993.8964844
2012-02-08 02:45:00,1.32489,1.32491,1.3248,1.32488,1333200073.2421875
2012-02-08 02:46:00,1.32491,1.32509,1.32491,1.32509,1052500000.0
2012-02-08 02:47:00,1.32509,1.3253,1.32509,1.32516,1981799926.7578125
2012-02-08 02:48:00,1.32517,1.32521,1.32514,1.32519,978799972.5341797
2012-02-08 02:49:00,1.32519,1.32534,1.32519,1.3253,2043600006.1035156
2012-02-08 02:50:00,1.3253,1.32541,1.3253,1.32537,1587700042.7246094
2012-02-08 02:51:00,1.32538,1.32552,1.32536,1.32539,2255500030.517578
2012-02-08 02:52:00,1.32539,1.32553,1.32532,1.32544,2647900085.4492188
2012-02-08 02:53:00,1.32544,1.32553,1.32532,1.32553,2059100036.6210938
2012-02-08 02:54:00,1.32553,1.3258,1.32546,1.32569,3444899902.34375
2012-02-08 02:55:00,1.32569,1.3257,1.32549,1.32551,1406499938.9648438
2012-02-08 02:56:00,1.32549,1.32552,1.32545,1.32552,1112900009.1552734
2012-02-08 02:57:00,1.32551,1.32552,1.32546,1.32546,634900016.784668
2012-02-08 02:58:00,1.32546,1.3255,1.32541,1.32545,956900024.4140625
2012-02-08 02:59:00,1.32545,1.32552,1.32535,1.32535,988700027.4658203
2012-02-08 03:00:00,1.32535,1.32544,1.32535,1.32541,571800003.0517578
2012-02-08 03:01:00,1.32541,1.32543,1.32537,1.3254,678099975.5859375
2012-02-08 03:02:00,1.32538,1.3254,1.32535,1.32536,541599998.4741211
2012-02-08 03:03:00,1.32534,1.32534,1.32516,1.32523,1291600036.6210938
2012-02-08 03:04:00,1.32523,1.32523,1.32512,1.32512,806200027.4658203
2012-02-08 03:05:00,1.32513,1.32521,1.32513,1.32519,1234599990.8447266
2012-02-08 03:06:00,1.32519,1.32519,1.32498,1.32498,1097300033.569336
2012-02-08 03:07:00,1.32498,1.32503,1.32494,1.325,699000015.2587891
2012-02-08 03:08:00,1.32498,1.32502,1.32494,1.32497,555099983.215332
2012-02-08 03:09:00,1.32496,1.325,1.32494,1.32499,1118499984.741211
2012-02-08 03:10:00,1.32501,1.32509,1.32498,1.32507,819000015.2587891
2012-02-08 03:11:00,1.32507,1.32512,1.32505,1.32507,997900009.1552734
2012-02-08 03:12:00,1.32509,1.3251,1.32505,1.32508,513600006.1035156
2012-02-08 03:13:00,1.32508,1.32509,1.32506,1.32509,501899986.26708984
2012-02-08 03:14:00,1.32509,1.32509,1.32491,1.32492,818700027.4658203
2012-02-08 03:15:00,1.32492,1.32493,1.32474,1.32476,1347700042.7246094
2012-02-08 03:16:00,1.32475,1.32501,1.32475,1.32496,1159599990.8447266
2012-02-08 03:17:00,1.32499,1.325,1.32485,1.32485,1009400024.4140625
2012-02-08 03:18:00,1.32485,1.32487,1.32482,1.32485,285599994.6594238
2012-02-08 03:19:00,1.32484,1.32485,1.32482,1.32482,136000003.81469727
2012-02-08 03:20:00,1.32482,1.32491,1.32481,1.32487,650500030.5175781
2012-02-08 03:21:00,1.32487,1.32491,1.32487,1.32489,430499992.37060547
2012-02-08 03:22:00,1.32487,1.32491,1.32487,1.32491,207299995.42236328
2012-02-08 03:23:00,1.32491,1.32492,1.32487,1.3249,322099990.84472656
2012-02-08 03:24:00,1.3249,1.32502,1.3249,1.32502,485099983.21533203
2012-02-08 03:25:00,1.32501,1.32514,1.32492,1.32511,959800033.5693359
2012-02-08 03:26:00,1.32511,1.32514,1.32505,1.32514,416199989.31884766
2012-02-08 03:27:00,1.32516,1.32518,1.32505,1.32517,956900024.4140625
2012-02-08 03:28:00,1.32516,1.32516,1.3251,1.3251,416899986.26708984
2012-02-08 03:29:00,1.3251,1.32511,1.32508,1.32511,867399978.6376953
2012-02-08 03:30:00,1.3251,1.3252,1.32508,1.3252,935500030.5175781
2012-02-08 03:31:00,1.3252,1.3253,1.3252,1.32521,1108899993.8964844
2012-02-08 03:32:00,1.32521,1.32526,1.32519,1.32519,1137300033.569336
2012-02-08 03:33:00,1.32518,1.3253,1.32518,1.32529,1281600036.6210938
2012-02-08 03:34:00,1.32529,1.3254,1.32527,1.32538,1842700042.7246094
2012-02-08 03:35:00,1.32538,1.3254,1.32536,1.32539,1057600021.3623047
2012-02-08 03:36:00,1.32539,1.32545,1.32538,1.32542,596899986.2670898
2012-02-08 03:37:00,1.32543,1.32544,1.32498,1.32498,1458899993.8964844
2012-02-08 03:38:00,1.32498,1.32498,1.32484,1.32491,1224599990.8447266
2012-02-08 03:39:00,1.32491,1.32493,1.32491,1.32492,240499992.37060547
2012-02-08 03:40:00,1.32492,1.32495,1.32492,1.32495,350900001.5258789
2012-02-08 03:41:00,1.32496,1.32524,1.32496,1.32524,1507299957.2753906
2012-02-08 03:42:00,1.32526,1.3253,1.32513,1.32522,949499969.4824219
2012-02-08 03:43:00,1.32523,1.32538,1.32504,1.32509,1488800048.828125
2012-02-08 03:44:00,1.32514,1.32519,1.32512,1.32515,756699981.6894531
2012-02-08 03:45:00,1.32518,1.32518,1.32496,1.325,1256500015.258789
2012-02-08 03:46:00,1.32499,1.32501,1.32498,1.325,611699981.6894531
2012-02-08 03:47:00,1.32501,1.32502,1.32496,1.32496,862900009.1552734
2012-02-08 03:48:00,1.32496,1.32498,1.32492,1.32496,799300003.0517578
2012-02-08 03:49:00,1.32496,1.32499,1.32495,1.32495,641600036.6210938
2012-02-08 03:50:00,1.32495,1.325,1.3249,1.32499,1007799987.7929688
2012-02-08 03:51:00,1.32499,1.32499,1.32464,1.32465,1762599945.0683594
2012-02-08 03:52:00,1.32465,1.32481,1.32462,1.3248,1299100036.6210938
2012-02-08 03:53:00,1.3248,1.32485,1.32451,1.32451,1146600036.6210938
2012-02-08 03:54:00,1.32454,1.32466,1.32453,1.32465,1463500061.0351562
2012-02-08 03:55:00,1.32467,1.32482,1.3246,1.3246,1265100021.3623047
2012-02-08 03:56:00,1.3246,1.32476,1.3246,1.32464,884499969.4824219
2012-02-08 03:57:00,1.32464,1.32464,1.32442,1.32454,1191299972.5341797
2012-02-08 03:58:00,1.32456,1.32456,1.32427,1.3245,1752200012.2070312
2012-02-08 03:59:00,1.32448,1.32482,1.32448,1.32464,1988899993.8964844
2012-02-08 04:00:00,1.32461,1.32486,1.32444,1.32445,2813699951.171875
2012-02-08 04:01:00,1.32445,1.32452,1.32427,1.32437,1883600006.1035156
2012-02-08 04:02:00,1.3244,1.32443,1.32431,1.32443,1194800033.569336
2012-02-08 04:03:00,1.32443,1.32446,1.32435,1.32435,837900009.1552734
2012-02-08 04:04:00,1.32436,1.32441,1.32422,1.32431,1022399978.6376953
2012-02-08 04:05:00,1.3243,1.32433,1.32413,1.32431,1585599975.5859375
2012-02-08 04:06:00,1.32431,1.32434,1.32422,1.32425,918799972.5341797
2012-02-08 04:07:00,1.32425,1.32445,1.32425,1.32435,1007099990.8447266
2012-02-08 04:08:00,1.32436,1.3244,1.32433,1.32438,165000000.0
2012-02-08 04:09:00,1.32438,1.32446,1.32435,1.32442,1338699951.171875
2012-02-08 04:10:00,1.32442,1.32442,1.32433,1.32436,422599983.21533203
2012-02-08 04:11:00,1.32436,1.32437,1.32429,1.32433,579900016.784668
2012-02-08 04:12:00,1.32433,1.32444,1.3243,1.32438,1236100006.1035156
2012-02-08 04:13:00,1.32438,1.32448,1.32437,1.32448,1103799972.5341797
2012-02-08 04:14:00,1.32445,1.32449,1.3244,1.32444,340299987.79296875
2012-02-08 04:15:00,1.32442,1.32463,1.32438,1.32463,1725299987.7929688
2012-02-08 04:16:00,1.32463,1.32467,1.32456,1.32466,416699981.6894531
2012-02-08 04:17:00,1.32467,1.32476,1.32458,1.32462,957699966.4306641
2012-02-08 04:18:00,1.32462,1.32467,1.32459,1.32467,362099990.84472656
2012-02-08 04:19:00,1.32465,1.32476,1.32465,1.32476,558300018.3105469
2012-02-08 04:20:00,1.32474,1.32476,1.32463,1.32465,958300018.3105469
2012-02-08 04:21:00,1.32465,1.32469,1.32463,1.32467,701900024.4140625
2012-02-08 04:22:00,1.32467,1.32478,1.32462,1.32464,1629299926.7578125
2012-02-08 04:23:00,1.32464,1.32487,1.32464,1.3248,925100021.3623047
2012-02-08 04:24:00,1.32482,1.32486,1.32478,1.32484,296299991.607666
2012-02-08 04:25:00,1.32484,1.32485,1.3248,1.32483,523899993.8964844
2012-02-08 04:26:00,1.32483,1.32485,1.32482,1.32482,628100013.7329102
2012-02-08 04:27:00,1.32482,1.32486,1.32474,1.32474,407700004.5776367
2012-02-08 04:28:00,1.32475,1.32476,1.32463,1.32466,786999969.4824219
2012-02-08 04:29:00,1.32466,1.32466,1.32456,1.32459,412000007.62939453
2012-02-08 04:30:00,1.32459,1.32459,1.32443,1.32449,1231299972.5341797
2012-02-08 04:31:00,1.32451,1.32455,1.32436,1.32439,1178199996.9482422
2012-02-08 04:32:00,1.3244,1.3245,1.32431,1.32448,1412299957.2753906
2012-02-08 04:33:00,1.32448,1.32454,1.3243,1.32446,1441900024.4140625
2012-02-08 04:34:00,1.32446,1.3245,1.32436,1.32446,1531000061.0351562
2012-02-08 04:35:00,1.32446,1.3245,1.32435,1.32438,1005999984.7412109
2012-02-08 04:36:00,1.32435,1.32444,1.32435,1.3244,409700012.20703125
2012-02-08 04:37:00,1.32437,1.32444,1.32437,1.32444,1216299972.5341797
2012-02-08 04:38:00,1.32444,1.32449,1.32439,1.32447,882500000.0
2012-02-08 04:39:00,1.32447,1.32467,1.32438,1.32462,1558699951.171875
2012-02-08 04:40:00,1.32462,1.32464,1.32443,1.32443,585699996.9482422
2012-02-08 04:41:00,1.32443,1.32449,1.32436,1.32438,610099983.215332
2012-02-08 04:42:00,1.32438,1.32443,1.32437,1.32438,378600006.1035156
2012-02-08 04:43:00,1.32438,1.32452,1.32438,1.32448,500400009.15527344
2012-02-08 04:44:00,1.32448,1.3245,1.32447,1.32447,289200000.76293945
2012-02-08 04:45:00,1.32447,1.32447,1.32437,1.32439,429900016.78466797
2012-02-08 04:46:00,1.32439,1.32439,1.32432,1.32432,881500015.2587891
2012-02-08 04:47:00,1.32428,1.32435,1.32428,1.32433,544500007.6293945
2012-02-08 04:48:00,1.32433,1.32442,1.32433,1.32442,505900001.5258789
2012-02-08 04:49:00,1.32442,1.32445,1.32442,1.32443,297299995.4223633
2012-02-08 04:50:00,1.32443,1.32454,1.32443,1.32451,758899993.8964844
2012-02-08 04:51:00,1.32449,1.32452,1.32438,1.32441,1396600036.6210938
2012-02-08 04:52:00,1.32445,1.32445,1.3244,1.3244,500699996.9482422
2012-02-08 04:53:00,1.32444,1.32452,1.32435,1.32443,740699996.9482422
2012-02-08 04:54:00,1.32443,1.32455,1.32441,1.32455,923700027.4658203
2012-02-08 04:55:00,1.32455,1.32455,1.32446,1.32449,670400009.1552734
2012-02-08 04:56:00,1.32451,1.32455,1.32448,1.32454,392799987.79296875
2012-02-08 04:57:00,1.32456,1.32462,1.32452,1.32459,493899993.8964844
2012-02-08 04:58:00,1.32459,1.32461,1.32438,1.32441,831800003.0517578
2012-02-08 04:59:00,1.32441,1.32446,1.32441,1.32441,377599983.21533203
2012-02-08 05:00:00,1.32441,1.3245,1.32437,1.3245,679700012.2070312
2012-02-08 05:01:00,1.3245,1.32459,1.32449,1.32458,685400009.1552734
2012-02-08 05:02:00,1.32458,1.32459,1.3245,1.32459,775000000.0
2012-02-08 05:03:00,1.32459,1.32459,1.32451,1.32456,554300003.0517578
2012-02-08 05:04:00,1.32458,1.32471,1.32457,1.32471,1390099945.0683594
2012-02-08 05:05:00,1.32471,1.32476,1.32465,1.32468,1219300003.0517578
2012-02-08 05:06:00,1.32465,1.32468,1.3246,1.32468,1074300003.0517578
2012-02-08 05:07:00,1.32466,1.32473,1.32464,1.32472,1136100006.1035156
2012-02-08 05:08:00,1.32472,1.32472,1.3246,1.32465,981399993.8964844
2012-02-08 05:09:00,1.32468,1.32477,1.32465,1.32476,645299987.7929688
2012-02-08 05:10:00,1.32474,1.32474,1.32472,1.32472,293700008.392334
2012-02-08 05:11:00,1.3247,1.32472,1.32459,1.32459,948799972.5341797
2012-02-08 05:12:00,1.32463,1.32471,1.32461,1.32467,1239800033.569336
2012-02-08 05:13:00,1.32467,1.3247,1.32464,1.32464,932200012.2070312
2012-02-08 05:14:00,1.32464,1.3247,1.32464,1.32467,785899963.3789062
2012-02-08 05:15:00,1.32467,1.32467,1.32463,1.32465,779000015.2587891
2012-02-08 05:16:00,1.32466,1.32472,1.32465,1.32471,475499992.37060547
2012-02-08 05:17:00,1.32471,1.32491,1.32465,1.32482,1248899993.8964844
2012-02-08 05:18:00,1.32482,1.32491,1.32481,1.32491,751600036.6210938
2012-02-08 05:19:00,1.32491,1.32494,1.32486,1.32488,958600006.1035156
2012-02-08 05:20:00,1.32488,1.32493,1.32488,1.32492,581599998.4741211
2012-02-08 05:21:00,1.32492,1.32492,1.32482,1.32483,1393500061.0351562
2012-02-08 05:22:00,1.32483,1.32489,1.32481,1.32483,1240100021.3623047
2012-02-08 05:23:00,1.32484,1.32485,1.32474,1.32478,471399993.8964844
2012-02-08 05:24:00,1.32474,1.325,1.32474,1.32499,1206500015.258789
2012-02-08 05:25:00,1.32499,1.32514,1.32499,1.32509,1582700042.7246094
2012-02-08 05:26:00,1.32506,1.3251,1.32501,1.32501,1209499969.4824219
2012-02-08 05:27:00,1.32502,1.32505,1.32493,1.32505,1072699966.4306641
2012-02-08 05:28:00,1.32505,1.32524,1.32499,1.32524,1844900054.9316406
2012-02-08 05:29:00,1.32526,1.32546,1.3251,1.32546,2921300048.828125
2012-02-08 05:30:00,1.32546,1.32556,1.32531,1.32551,2756900024.4140625
2012-02-08 05:31:00,1.32551,1.32554,1.32531,1.32531,2112299957.2753906
2012-02-08 05:32:00,1.3253,1.32538,1.32523,1.32533,873899993.8964844
2012-02-08 05:33:00,1.32533,1.32533,1.32523,1.3253,1111200027.4658203
2012-02-08 05:34:00,1.3253,1.3254,1.32528,1.32536,1431100006.1035156
2012-02-08 05:35:00,1.32536,1.32538,1.32517,1.32517,1511499938.9648438
2012-02-08 05:36:00,1.32516,1.32527,1.32507,1.32526,1676600036.6210938
2012-02-08 05:37:00,1.32526,1.32549,1.32522,1.32549,2134299926.7578125
2012-02-08 05:38:00,1.32552,1.32552,1.32538,1.32545,2071699981.6894531
2012-02-08 05:39:00,1.32544,1.32551,1.32541,1.32544,1805899963.3789062
2012-02-08 05:40:00,1.32544,1.32549,1.32543,1.32543,867799987.7929688
2012-02-08 05:41:00,1.32543,1.32549,1.32542,1.32544,808499984.7412109
2012-02-08 05:42:00,1.32544,1.32545,1.32542,1.32544,358600006.1035156
2012-02-08 05:43:00,1.32544,1.32549,1.32544,1.32547,244500007.62939453
2012-02-08 05:44:00,1.32546,1.32566,1.32546,1.32559,1128899993.8964844
2012-02-08 05:45:00,1.32559,1.32559,1.32545,1.32551,1640700073.2421875
2012-02-08 05:46:00,1.3255,1.32551,1.32544,1.32547,1427599945.0683594
2012-02-08 05:47:00,1.32546,1.32548,1.32533,1.32536,1461799926.7578125
2012-02-08 05:48:00,1.32535,1.32551,1.32532,1.32546,1351000061.0351562
2012-02-08 05:49:00,1.32545,1.32559,1.32544,1.32556,1522500000.0
2012-02-08 05:50:00,1.32556,1.32572,1.32556,1.32572,1487200012.2070312
2012-02-08 05:51:00,1.32571,1.32599,1.3256,1.32593,2253099975.5859375
2012-02-08 05:52:00,1.32594,1.32618,1.32588,1.32618,2280899963.3789062
2012-02-08 05:53:00,1.32621,1.32658,1.32621,1.32631,2842900085.4492188
2012-02-08 05:54:00,1.32629,1.32629,1.32608,1.3261,1762200012.2070312
2012-02-08 05:55:00,1.3261,1.32616,1.32607,1.32613,1315899963.3789062
2012-02-08 05:56:00,1.32613,1.32639,1.3261,1.32636,1541000061.0351562
2012-02-08 05:57:00,1.32636,1.32642,1.32626,1.32628,1415399932.8613281
2012-02-08 05:58:00,1.32629,1.32679,1.32629,1.32679,1931999969.4824219
2012-02-08 05:59:00,1.3268,1.32731,1.32668,1.32669,3627500000.0
2012-02-08 06:00:00,1.32672,1.32688,1.32658,1.3267,3122699890.1367188
2012-02-08 06:01:00,1.32671,1.32694,1.32666,1.32685,1700099945.0683594
2012-02-08 06:02:00,1.32683,1.32697,1.32665,1.32672,2185899963.3789062
2012-02-08 06:03:00,1.32672,1.32699,1.32672,1.32699,1338500061.0351562
2012-02-08 06:04:00,1.32699,1.32737,1.32698,1.32703,3887999877.9296875
2012-02-08 06:05:00,1.327,1.32718,1.32687,1.32702,1906499938.9648438
2012-02-08 06:06:00,1.32701,1.32701,1.32676,1.32683,1556000061.0351562
2012-02-08 06:07:00,1.32683,1.32683,1.32639,1.32647,2622999877.9296875
2012-02-08 06:08:00,1.32651,1.32677,1.32645,1.32665,1825200042.7246094
2012-02-08 06:09:00,1.32669,1.32671,1.32651,1.32663,1541000061.0351562
2012-02-08 06:10:00,1.32663,1.32721,1.32663,1.32721,2658500061.0351562
2012-02-08 06:11:00,1.32721,1.32721,1.32697,1.32705,1447700042.7246094
2012-02-08 06:12:00,1.32705,1.32705,1.32687,1.32693,1953099975.5859375
2012-02-08 06:13:00,1.32693,1.32714,1.32693,1.32703,1381499938.9648438
2012-02-08 06:14:00,1.32702,1.32716,1.32682,1.32712,1783399963.3789062
2012-02-08 06:15:00,1.32712,1.3272,1.3271,1.32715,963199996.9482422
2012-02-08 06:16:00,1.32716,1.32793,1.32716,1.3279,3567000122.0703125
2012-02-08 06:17:00,1.32788,1.32792,1.32744,1.3275,2364100036.6210938
2012-02-08 06:18:00,1.3275,1.32767,1.32749,1.32761,1538300018.3105469
2012-02-08 06:19:00,1.3276,1.32815,1.32754,1.32804,3685299987.7929688
2012-02-08 06:20:00,1.32807,1.32818,1.32799,1.32816,3021900024.4140625
2012-02-08 06:21:00,1.32816,1.32819,1.32786,1.32786,3847000122.0703125
2012-02-08 06:22:00,1.32786,1.3281,1.32782,1.3281,3355799865.7226562
2012-02-08 06:23:00,1.3281,1.32822,1.32805,1.3281,3516300048.828125
2012-02-08 06:24:00,1.32809,1.32812,1.32764,1.32766,2826600036.6210938
2012-02-08 06:25:00,1.32767,1.32779,1.32755,1.32757,2381300048.828125
2012-02-08 06:26:00,1.32757,1.32777,1.32755,1.32767,2433399963.3789062
2012-02-08 06:27:00,1.3277,1.3277,1.32744,1.32754,1986199951.171875
2012-02-08 06:28:00,1.32754,1.32801,1.32754,1.32789,3034200134.2773438
2012-02-08 06:29:00,1.32791,1.32851,1.32766,1.32851,3631600036.6210938
2012-02-08 06:30:00,1.32855,1.32859,1.32838,1.32848,3445199890.1367188
2012-02-08 06:31:00,1.32847,1.32854,1.32834,1.32835,2432200012.2070312
2012-02-08 06:32:00,1.32835,1.3284,1.32819,1.32819,2868699951.171875
2012-02-08 06:33:00,1.32817,1.32835,1.32806,1.32834,2526399993.8964844
2012-02-08 06:34:00,1.32835,1.32841,1.32822,1.32836,1666600036.6210938
2012-02-08 06:35:00,1.32834,1.32836,1.32804,1.32819,1827200012.2070312
2012-02-08 06:36:00,1.32819,1.32824,1.32802,1.3282,1695800018.3105469
2012-02-08 06:37:00,1.32819,1.32819,1.32795,1.32799,1577899932.8613281
2012-02-08 06:38:00,1.32798,1.32809,1.3279,1.32806,2239700012.2070312
2012-02-08 06:39:00,1.32806,1.32807,1.32791,1.32795,2288099975.5859375
2012-02-08 06:40:00,1.32795,1.32811,1.32795,1.32809,1958000030.5175781
2012-02-08 06:41:00,1.32809,1.32814,1.32803,1.32812,1571600036.6210938
2012-02-08 06:42:00,1.32812,1.32813,1.32802,1.32803,1683699951.171875
2012-02-08 06:43:00,1.32803,1.32811,1.32803,1.32803,1740399932.8613281
2012-02-08 06:44:00,1.32803,1.32803,1.32777,1.32782,1858699951.171875
2012-02-08 06:45:00,1.32782,1.32782,1.32756,1.32756,1845000000.0
2012-02-08 06:46:00,1.32755,1.32757,1.32734,1.32734,2678200073.2421875
2012-02-08 06:47:00,1.32734,1.32759,1.32734,1.32754,1919100036.6210938
2012-02-08 06:48:00,1.32753,1.32756,1.32726,1.32726,2142400054.9316406
2012-02-08 06:49:00,1.32728,1.32732,1.3271,1.32712,3083200073.2421875
2012-02-08 06:50:00,1.32711,1.32727,1.32689,1.3272,2431600036.6210938
2012-02-08 06:51:00,1.32723,1.32723,1.32689,1.32713,2439499969.482422
2012-02-08 06:52:00,1.3271,1.32721,1.32704,1.32719,1473500061.0351562
2012-02-08 06:53:00,1.32719,1.32726,1.32713,1.32723,2395800018.310547
2012-02-08 06:54:00,1.32723,1.32745,1.3272,1.32738,1844199981.6894531
2012-02-08 06:55:00,1.32739,1.32741,1.32713,1.32725,2203899993.8964844
2012-02-08 06:56:00,1.32728,1.32742,1.32723,1.32737,1610299987.7929688
2012-02-08 06:57:00,1.32738,1.32744,1.32734,1.32741,1976000061.0351562
2012-02-08 06:58:00,1.32741,1.32752,1.3274,1.32743,1920700073.2421875
2012-02-08 06:59:00,1.32743,1.32745,1.32714,1.32714,2469100036.6210938
2012-02-08 07:00:00,1.32713,1.32719,1.32696,1.32708,2940799865.7226562
2012-02-08 07:01:00,1.32705,1.32718,1.32702,1.32716,2009100036.6210938
2012-02-08 07:02:00,1.32714,1.32716,1.32695,1.32698,1591600036.6210938
2012-02-08 07:03:00,1.32699,1.32699,1.3268,1.32689,2098300018.3105469
2012-02-08 07:04:00,1.32688,1.32688,1.3267,1.32678,2226300048.828125
2012-02-08 07:05:00,1.32678,1.32686,1.32676,1.32678,1330500030.5175781
2012-02-08 07:06:00,1.32678,1.32685,1.32671,1.32681,1904900054.9316406
2012-02-08 07:07:00,1.32681,1.32685,1.32678,1.32684,782500000.0
2012-02-08 07:08:00,1.32684,1.32686,1.32679,1.32684,1121600036.6210938
2012-02-08 07:09:00,1.32684,1.3272,1.32682,1.3272,1846900024.4140625
2012-02-08 07:10:00,1.3272,1.32745,1.3272,1.32731,2049400024.4140625
2012-02-08 07:11:00,1.32732,1.32747,1.32729,1.32729,2869500122.0703125
2012-02-08 07:12:00,1.32728,1.32729,1.32702,1.32713,2494600067.138672
2012-02-08 07:13:00,1.32714,1.32771,1.32714,1.32758,2423300018.310547
2012-02-08 07:14:00,1.32758,1.32762,1.32728,1.32728,2041699981.6894531
2012-02-08 07:15:00,1.32728,1.32733,1.32722,1.32726,2141499938.9648438
2012-02-08 07:16:00,1.32726,1.32742,1.32698,1.32699,2535599975.5859375
2012-02-08 07:17:00,1.32695,1.32699,1.32679,1.32682,2152599945.0683594
2012-02-08 07:18:00,1.32682,1.32686,1.32653,1.32664,1236800003.0517578
2012-02-08 07:19:00,1.32663,1.32685,1.3266,1.32679,1905599975.5859375
2012-02-08 07:20:00,1.32678,1.3268,1.32665,1.3267,1578300018.3105469
2012-02-08 07:21:00,1.3267,1.32712,1.32669,1.32712,1953899993.8964844
2012-02-08 07:22:00,1.32713,1.32727,1.32711,1.32724,1516600036.6210938
2012-02-08 07:23:00,1.32722,1.32725,1.32721,1.32724,1611199951.171875
2012-02-08 07:24:00,1.32724,1.32731,1.32698,1.32698,1645899963.3789062
2012-02-08 07:25:00,1.32697,1.32698,1.3267,1.32671,1630299987.7929688
2012-02-08 07:26:00,1.32671,1.32683,1.3266,1.32674,1628999938.9648438
2012-02-08 07:27:00,1.32671,1.32672,1.32641,1.32652,2392400054.9316406
2012-02-08 07:28:00,1.32651,1.32655,1.32629,1.32655,2071100006.1035156
2012-02-08 07:29:00,1.32657,1.32669,1.32638,1.32643,2145099945.0683594
2012-02-08 07:30:00,1.3264,1.32667,1.32626,1.32667,2158899993.8964844
2012-02-08 07:31:00,1.32668,1.32678,1.32653,1.32671,2934500122.0703125
2012-02-08 07:32:00,1.32669,1.32684,1.32665,1.32682,1531900024.4140625
2012-02-08 07:33:00,1.32684,1.3272,1.3268,1.3268,2989700012.2070312
2012-02-08 07:34:00,1.32682,1.32693,1.32649,1.3265,3130700073.2421875
2012-02-08 07:35:00,1.3265,1.32656,1.32642,1.3265,1840299987.7929688
2012-02-08 07:36:00,1.32653,1.32673,1.32646,1.32671,2019100036.6210938
2012-02-08 07:37:00,1.32673,1.32687,1.32662,1.32679,1980000000.0
2012-02-08 07:38:00,1.32677,1.32678,1.32669,1.32674,1338699951.171875
2012-02-08 07:39:00,1.3267,1.32695,1.3267,1.32695,2260500030.517578
2012-02-08 07:40:00,1.32696,1.32708,1.32692,1.32708,2525099945.0683594
2012-02-08 07:41:00,1.32708,1.32708,1.32678,1.3268,1995099945.0683594
2012-02-08 07:42:00,1.3268,1.32683,1.32663,1.32663,1477500000.0
2012-02-08 07:43:00,1.32663,1.32672,1.3264,1.3264,1996799926.7578125
2012-02-08 07:44:00,1.32643,1.32655,1.32639,1.32647,1878999938.9648438
2012-02-08 07:45:00,1.32647,1.32647,1.32596,1.32607,2445700073.2421875
2012-02-08 07:46:00,1.32606,1.32607,1.32589,1.32602,2769800109.8632812
2012-02-08 07:47:00,1.32601,1.32606,1.32557,1.32573,2942300109.8632812
2012-02-08 07:48:00,1.32574,1.32604,1.32574,1.32584,2679800109.8632812
2012-02-08 07:49:00,1.32582,1.32594,1.32572,1.32594,1730299987.7929688
2012-02-08 07:50:00,1.32594,1.32623,1.32594,1.32619,1886399993.8964844
2012-02-08 07:51:00,1.3262,1.32623,1.32591,1.32595,1531300048.828125
2012-02-08 07:52:00,1.32596,1.32614,1.32589,1.32609,2636600036.6210938
2012-02-08 07:53:00,1.32612,1.3263,1.32612,1.32613,2191999969.482422
2012-02-08 07:54:00,1.32613,1.32647,1.32613,1.32632,1466000061.0351562
2012-02-08 07:55:00,1.32636,1.32637,1.32616,1.3262,1946399993.8964844
2012-02-08 07:56:00,1.32622,1.32623,1.32617,1.32618,1152600021.3623047
2012-02-08 07:57:00,1.32618,1.32661,1.32618,1.32655,1870000000.0
2012-02-08 07:58:00,1.32655,1.32672,1.32643,1.32672,1736900024.4140625
2012-02-08 07:59:00,1.32675,1.32692,1.3267,1.32683,2582600097.65625
2012-02-08 08:00:00,1.32683,1.32691,1.32655,1.32674,2709100036.6210938
2012-02-08 08:01:00,1.32673,1.3272,1.32673,1.32714,3023200073.2421875
2012-02-08 08:02:00,1.32714,1.32753,1.3271,1.32753,2618099975.5859375
2012-02-08 08:03:00,1.32753,1.32791,1.32749,1.32777,3675599975.5859375
2012-02-08 08:04:00,1.32774,1.32789,1.32749,1.32787,3164899902.34375
2012-02-08 08:05:00,1.32787,1.32806,1.3278,1.32805,4227099914.5507812
2012-02-08 08:06:00,1.32808,1.32843,1.32791,1.32802,4376499938.964844
2012-02-08 08:07:00,1.32802,1.32849,1.32797,1.3284,4019899902.34375
2012-02-08 08:08:00,1.32839,1.3285,1.32812,1.32846,3528999938.9648438
2012-02-08 08:09:00,1.32847,1.32847,1.32779,1.32783,2903099975.5859375
2012-02-08 08:10:00,1.32782,1.32791,1.32768,1.32776,2945299987.7929688
2012-02-08 08:11:00,1.32775,1.32776,1.32761,1.32768,2800499877.9296875
2012-02-08 08:12:00,1.32768,1.32852,1.32768,1.32848,3584599914.5507812
2012-02-08 08:13:00,1.32847,1.3285,1.32806,1.32806,2924700012.2070312
2012-02-08 08:14:00,1.32807,1.3282,1.3278,1.32795,2736700134.2773438
2012-02-08 08:15:00,1.32795,1.32801,1.32768,1.32777,2580000000.0
2012-02-08 08:16:00,1.32778,1.3283,1.32777,1.32808,2622699890.1367188
2012-02-08 08:17:00,1.32807,1.32807,1.32778,1.32792,1453600006.1035156
2012-02-08 08:18:00,1.3279,1.32834,1.32772,1.32834,2890499877.9296875
2012-02-08 08:19:00,1.32834,1.3284,1.32816,1.32817,2737600097.65625
2012-02-08 08:20:00,1.32816,1.32817,1.32809,1.32809,1386699981.6894531
2012-02-08 08:21:00,1.32805,1.32805,1.32761,1.32776,2999800109.8632812
2012-02-08 08:22:00,1.32778,1.32838,1.32774,1.32827,3007300109.8632812
2012-02-08 08:23:00,1.32827,1.32828,1.32791,1.32796,2521999969.482422
2012-02-08 08:24:00,1.32794,1.32796,1.32759,1.32763,2246300048.828125
2012-02-08 08:25:00,1.32763,1.32771,1.32745,1.32767,3609500122.0703125
2012-02-08 08:26:00,1.32768,1.32843,1.32757,1.32843,3036499938.9648438
2012-02-08 08:27:00,1.32844,1.32857,1.32806,1.32835,4277799987.7929688
2012-02-08 08:28:00,1.32834,1.32843,1.32809,1.32823,3062399902.34375
2012-02-08 08:29:00,1.32827,1.32827,1.32783,1.32817,2653800048.828125
2012-02-08 08:30:00,1.32818,1.32823,1.32782,1.32795,3207000122.0703125
2012-02-08 08:31:00,1.32795,1.32812,1.32777,1.32777,2378500061.0351562
2012-02-08 08:32:00,1.32778,1.32793,1.32758,1.32758,3176000061.0351562
2012-02-08 08:33:00,1.32758,1.32762,1.32699,1.32704,3246700134.2773438
2012-02-08 08:34:00,1.32704,1.32709,1.32652,1.32675,3493399963.3789062
2012-02-08 08:35:00,1.32675,1.32697,1.32663,1.32692,3458800048.828125
2012-02-08 08:36:00,1.32691,1.327,1.32672,1.32689,2893999938.9648438
2012-02-08 08:37:00,1.32688,1.32689,1.32659,1.32674,2500200042.7246094
2012-02-08 08:38:00,1.32675,1.32751,1.32675,1.32751,2875299987.7929688
2012-02-08 08:39:00,1.32751,1.32755,1.327,1.327,3510199890.1367188
2012-02-08 08:40:00,1.32698,1.32709,1.3269,1.32708,2616400146.484375
2012-02-08 08:41:00,1.3271,1.32719,1.32658,1.32663,2456399993.8964844
2012-02-08 08:42:00,1.32662,1.327,1.32644,1.327,2907300109.8632812
2012-02-08 08:43:00,1.327,1.32709,1.32686,1.32686,2222400054.9316406
2012-02-08 08:44:00,1.32685,1.32718,1.3268,1.32709,1849400024.4140625
2012-02-08 08:45:00,1.32709,1.32722,1.32696,1.32709,2219100036.6210938
2012-02-08 08:46:00,1.32707,1.32768,1.32705,1.32768,2589899902.34375
2012-02-08 08:47:00,1.32769,1.32797,1.32769,1.32769,2257599945.0683594
2012-02-08 08:48:00,1.32769,1.32788,1.32759,1.32764,2278899993.8964844
2012-02-08 08:49:00,1.32764,1.32773,1.32754,1.32756,2670400085.4492188
2012-02-08 08:50:00,1.32759,1.32783,1.32759,1.32775,2423000030.517578
2012-02-08 08:51:00,1.32775,1.3278,1.32757,1.32777,2530599975.5859375
2012-02-08 08:52:00,1.32777,1.32777,1.3273,1.3273,2951499938.9648438
2012-02-08 08:53:00,1.32734,1.32776,1.32732,1.32776,2525899963.3789062
2012-02-08 08:54:00,1.32774,1.32778,1.32756,1.32756,2599800109.8632812
2012-02-08 08:55:00,1.32758,1.32768,1.32755,1.32758,1731799926.7578125
2012-02-08 08:56:00,1.32758,1.32762,1.3273,1.32735,2163999938.9648438
2012-02-08 08:57:00,1.32734,1.32734,1.32709,1.32723,2082500000.0
2012-02-08 08:58:00,1.32726,1.32727,1.32704,1.3271,2457200012.2070312
2012-02-08 08:59:00,1.3271,1.32741,1.3271,1.32731,2516499938.9648438
2012-02-08 09:00:00,1.3273,1.32739,1.32716,1.32728,2871499938.9648438
2012-02-08 09:01:00,1.32728,1.32752,1.32715,1.3272,3077000122.0703125
2012-02-08 09:02:00,1.32718,1.32731,1.32711,1.32721,1864700012.2070312
2012-02-08 09:03:00,1.32722,1.3273,1.32709,1.3273,1597799987.7929688
2012-02-08 09:04:00,1.3273,1.3277,1.3273,1.32764,2455500030.517578
2012-02-08 09:05:00,1.32764,1.32772,1.32763,1.32767,2165200042.7246094
2012-02-08 09:06:00,1.32767,1.32829,1.32767,1.32829,3328500061.0351562
2012-02-08 09:07:00,1.3283,1.32848,1.3282,1.32825,3386799926.7578125
2012-02-08 09:08:00,1.32824,1.32825,1.32788,1.32796,3182099914.5507812
2012-02-08 09:09:00,1.32796,1.3283,1.32796,1.32828,2667399902.34375
2012-02-08 09:10:00,1.32828,1.3283,1.3281,1.32816,2703599853.515625
2012-02-08 09:11:00,1.32817,1.32833,1.32801,1.32806,2706099853.515625
2012-02-08 09:12:00,1.32808,1.32808,1.3278,1.32794,1912799987.7929688
2012-02-08 09:13:00,1.3279,1.32797,1.32771,1.32777,2408699951.171875
2012-02-08 09:14:00,1.32777,1.32781,1.32771,1.32778,1278099975.5859375
2012-02-08 09:15:00,1.32777,1.32793,1.32771,1.32777,1688800048.828125
2012-02-08 09:16:00,1.32775,1.32808,1.32774,1.32806,2177700042.7246094
2012-02-08 09:17:00,1.32807,1.32809,1.32789,1.32797,2350299987.7929688
2012-02-08 09:18:00,1.32795,1.32801,1.32786,1.32792,2589700012.2070312
2012-02-08 09:19:00,1.32791,1.32795,1.32751,1.32758,2545000000.0
2012-02-08 09:20:00,1.32759,1.3278,1.32743,1.32773,2725299987.7929688
2012-02-08 09:21:00,1.32772,1.3278,1.32762,1.32762,1640399932.8613281
2012-02-08 09:22:00,1.3276,1.32774,1.32752,1.32774,1888999938.9648438
2012-02-08 09:23:00,1.32774,1.32786,1.32761,1.32771,1545200042.7246094
2012-02-08 09:24:00,1.32771,1.3278,1.32761,1.32764,2414199981.689453
2012-02-08 09:25:00,1.32764,1.32777,1.32764,1.32777,1928000030.5175781
2012-02-08 09:26:00,1.32777,1.32781,1.32772,1.32775,1469199981.6894531
2012-02-08 09:27:00,1.32774,1.32778,1.32749,1.32752,1835800018.3105469
2012-02-08 09:28:00,1.3275,1.32758,1.32738,1.32744,2164499969.482422
2012-02-08 09:29:00,1.32743,1.32755,1.32718,1.32722,3363599853.515625
2012-02-08 09:30:00,1.32722,1.32724,1.32665,1.32667,2941300048.828125
2012-02-08 09:31:00,1.32669,1.32688,1.32661,1.32663,2689299926.7578125
2012-02-08 09:32:00,1.32663,1.3267,1.32652,1.32652,1588800048.828125
2012-02-08 09:33:00,1.32652,1.32686,1.32652,1.32683,2482799987.7929688
2012-02-08 09:34:00,1.32684,1.32704,1.32684,1.32699,1683399963.3789062
2012-02-08 09:35:00,1.32698,1.32704,1.3268,1.32701,1700000000.0
2012-02-08 09:36:00,1.32701,1.32723,1.32701,1.32723,1319199981.6894531
2012-02-08 09:37:00,1.32722,1.32757,1.32722,1.32756,2081499938.9648438
2012-02-08 09:38:00,1.32756,1.32786,1.32756,1.32771,2531600036.6210938
2012-02-08 09:39:00,1.32769,1.32771,1.32742,1.32758,2185700073.2421875
2012-02-08 09:40:00,1.32756,1.32759,1.32724,1.32724,1981600036.6210938
2012-02-08 09:41:00,1.32723,1.3274,1.32716,1.3274,1465000000.0
2012-02-08 09:42:00,1.32737,1.3274,1.32702,1.32705,1753000030.5175781
2012-02-08 09:43:00,1.32705,1.32712,1.32702,1.32709,1072300033.5693359
2012-02-08 09:44:00,1.32707,1.32714,1.32706,1.32709,1716600036.6210938
2012-02-08 09:45:00,1.32709,1.32732,1.32706,1.32724,1624799957.2753906
2012-02-08 09:46:00,1.32724,1.32774,1.32724,1.32761,1940500030.5175781
2012-02-08 09:47:00,1.32761,1.32806,1.3275,1.32803,3115199890.1367188
2012-02-08 09:48:00,1.32805,1.32851,1.32802,1.32851,4150599975.5859375
2012-02-08 09:49:00,1.32853,1.32858,1.32795,1.32795,2925599975.5859375
2012-02-08 09:50:00,1.32798,1.32813,1.32774,1.32775,2177599945.0683594
2012-02-08 09:51:00,1.32774,1.32774,1.32728,1.32739,2428500061.0351562
2012-02-08 09:52:00,1.32742,1.32752,1.32727,1.3273,2573900146.484375
2012-02-08 09:53:00,1.32728,1.32745,1.32721,1.32728,2061600036.6210938
2012-02-08 09:54:00,1.32728,1.32728,1.32673,1.32696,2719800109.8632812
2012-02-08 09:55:00,1.32694,1.32695,1.32632,1.32633,2774899902.34375
2012-02-08 09:56:00,1.32633,1.32633,1.32612,1.32614,2525500030.517578
2012-02-08 09:57:00,1.32614,1.3263,1.32613,1.32624,2399799957.2753906
2012-02-08 09:58:00,1.32622,1.32629,1.32596,1.32596,2588099975.5859375
2012-02-08 09:59:00,1.32595,1.32595,1.32545,1.32569,2868299865.7226562
2012-02-08 10:00:00,1.32567,1.32604,1.32564,1.32588,3359899902.34375
2012-02-08 10:01:00,1.32587,1.32598,1.32568,1.32598,2590499877.9296875
2012-02-08 10:02:00,1.32599,1.32623,1.32581,1.32581,3200700073.2421875
2012-02-08 10:03:00,1.32583,1.32601,1.32564,1.32597,2675499877.9296875
2012-02-08 10:04:00,1.32595,1.32606,1.32579,1.32594,2318399963.3789062
2012-02-08 10:05:00,1.32594,1.32639,1.32592,1.32635,2531499938.9648438
2012-02-08 10:06:00,1.32635,1.32647,1.32631,1.32635,2100200042.7246094
2012-02-08 10:07:00,1.32635,1.32649,1.32628,1.32637,1356000061.0351562
2012-02-08 10:08:00,1.32637,1.32646,1.32632,1.32643,1461399993.8964844
2012-02-08 10:09:00,1.32643,1.32646,1.32637,1.32637,2404799957.2753906
2012-02-08 10:10:00,1.32638,1.32652,1.32638,1.32638,1613399963.3789062
2012-02-08 10:11:00,1.32638,1.3266,1.32637,1.32653,1772400054.9316406
2012-02-08 10:12:00,1.32653,1.32653,1.32633,1.32638,2080299987.7929688
2012-02-08 10:13:00,1.32633,1.32633,1.32603,1.32606,2083099975.5859375
2012-02-08 10:14:00,1.32606,1.32606,1.32578,1.32596,2262700042.7246094
2012-02-08 10:15:00,1.32593,1.32603,1.3257,1.3257,2315800018.310547
2012-02-08 10:16:00,1.3257,1.32606,1.32565,1.32606,2539799957.2753906
2012-02-08 10:17:00,1.32607,1.3261,1.3259,1.32595,2251199951.171875
2012-02-08 10:18:00,1.32595,1.32597,1.32554,1.32557,2584400024.4140625
2012-02-08 10:19:00,1.32555,1.32562,1.32507,1.32542,3596700134.2773438
2012-02-08 10:20:00,1.32543,1.32555,1.32518,1.32555,3795499877.9296875
2012-02-08 10:21:00,1.32555,1.32558,1.32528,1.32558,2577200012.2070312
2012-02-08 10:22:00,1.3256,1.32587,1.32553,1.32553,2805400085.4492188
2012-02-08 10:23:00,1.32551,1.3259,1.32536,1.3259,2457899932.861328
2012-02-08 10:24:00,1.3259,1.32592,1.32554,1.32561,2374199981.689453
2012-02-08 10:25:00,1.32561,1.32561,1.32536,1.32536,2972900085.4492188
2012-02-08 10:26:00,1.32536,1.32538,1.32505,1.32531,3810700073.2421875
2012-02-08 10:27:00,1.32531,1.32538,1.32512,1.32518,2271000061.0351562
2012-02-08 10:28:00,1.32518,1.32523,1.32502,1.32502,2144799957.2753906
2012-02-08 10:29:00,1.32504,1.3251,1.32488,1.32494,2835400085.4492188
2012-02-08 10:30:00,1.32494,1.32521,1.32493,1.32511,2507299957.2753906
2012-02-08 10:31:00,1.32512,1.32536,1.3251,1.32534,2647099914.5507812
2012-02-08 10:32:00,1.32529,1.32578,1.32529,1.32568,3040899963.3789062
2012-02-08 10:33:00,1.32567,1.32585,1.32546,1.32547,2767300109.8632812
2012-02-08 10:34:00,1.32549,1.3256,1.3251,1.32512,2369900054.9316406
2012-02-08 10:35:00,1.32513,1.32531,1.32511,1.32513,2178699951.171875
2012-02-08 10:36:00,1.32518,1.32558,1.32518,1.32543,2349900054.9316406
2012-02-08 10:37:00,1.32543,1.3258,1.32538,1.32576,2302700042.7246094
2012-02-08 10:38:00,1.32576,1.32628,1.32572,1.32625,3797399902.34375
2012-02-08 10:39:00,1.32625,1.32644,1.32615,1.32642,2497500000.0
2012-02-08 10:40:00,1.32644,1.32659,1.32617,1.32659,2735199890.1367188
2012-02-08 10:41:00,1.32658,1.3268,1.32641,1.32675,3228099975.5859375
2012-02-08 10:42:00,1.32673,1.3269,1.32666,1.32668,2742500000.0
2012-02-08 10:43:00,1.32665,1.32682,1.32662,1.32676,2251999969.482422
2012-02-08 10:44:00,1.32677,1.32681,1.32648,1.32664,3242999877.9296875
2012-02-08 10:45:00,1.32665,1.32666,1.32638,1.32649,2010800018.3105469
2012-02-08 10:46:00,1.32649,1.3266,1.3263,1.32658,2860899963.3789062
2012-02-08 10:47:00,1.32658,1.3267,1.3265,1.3267,2477500000.0
2012-02-08 10:48:00,1.32671,1.32711,1.32671,1.32692,3257000122.0703125
2012-02-08 10:49:00,1.32692,1.3271,1.32686,1.32688,3028999938.9648438
2012-02-08 10:50:00,1.32689,1.32695,1.32669,1.32673,2688299865.7226562
2012-02-08 10:51:00,1.32675,1.32686,1.32658,1.32658,1635800018.3105469
2012-02-08 10:52:00,1.32657,1.3266,1.32647,1.3265,1807100067.1386719
2012-02-08 10:53:00,1.3265,1.32666,1.3264,1.3266,2064400024.4140625
2012-02-08 10:54:00,1.3266,1.32679,1.32638,1.32679,2321799926.7578125
2012-02-08 10:55:00,1.3268,1.32733,1.3268,1.32715,2747300109.8632812
2012-02-08 10:56:00,1.32715,1.32747,1.32697,1.32742,2050700073.2421875
2012-02-08 10:57:00,1.32742,1.32742,1.32698,1.327,2760199890.1367188
2012-02-08 10:58:00,1.327,1.32712,1.32678,1.32681,2102200012.2070312
2012-02-08 10:59:00,1.32681,1.32681,1.32658,1.32676,2962699890.1367188
2012-02-08 11:00:00,1.32676,1.32679,1.32646,1.32678,2967799987.7929688
2012-02-08 11:01:00,1.32676,1.32691,1.32666,1.32681,2113000030.5175781
2012-02-08 11:02:00,1.32678,1.32679,1.32662,1.32672,2120899963.3789062
2012-02-08 11:03:00,1.32674,1.32708,1.3267,1.32708,2568099975.5859375
2012-02-08 11:04:00,1.32709,1.32723,1.32698,1.32704,2582099914.5507812
2012-02-08 11:05:00,1.32703,1.32706,1.32682,1.32706,2469799957.2753906
2012-02-08 11:06:00,1.32707,1.32737,1.32706,1.32733,2532899932.861328
2012-02-08 11:07:00,1.32733,1.32738,1.32714,1.32736,3077900085.4492188
2012-02-08 11:08:00,1.32736,1.32759,1.32735,1.32757,2777699890.1367188
2012-02-08 11:09:00,1.32757,1.32779,1.32747,1.32777,2343099975.5859375
2012-02-08 11:10:00,1.32777,1.32816,1.32774,1.32806,3190100097.65625
2012-02-08 11:11:00,1.32804,1.32808,1.32778,1.32781,2745899963.3789062
2012-02-08 11:12:00,1.32781,1.32788,1.32747,1.32751,2679700012.2070312
2012-02-08 11:13:00,1.3275,1.3275,1.32738,1.3275,2699800109.8632812
2012-02-08 11:14:00,1.3275,1.32781,1.32749,1.32781,2070000000.0
2012-02-08 11:15:00,1.32781,1.32805,1.32779,1.32803,1856999969.4824219
2012-02-08 11:16:00,1.32803,1.3282,1.32764,1.32764,2487200012.2070312
2012-02-08 11:17:00,1.32761,1.3277,1.32748,1.32749,2285800018.310547
2012-02-08 11:18:00,1.32749,1.3275,1.32728,1.32731,2903699951.171875
2012-02-08 11:19:00,1.32731,1.32731,1.32701,1.32704,2714400024.4140625
2012-02-08 11:20:00,1.32704,1.32719,1.32679,1.32706,2616300048.828125
2012-02-08 11:21:00,1.32703,1.3272,1.327,1.32702,2629200134.2773438
2012-02-08 11:22:00,1.32704,1.32721,1.327,1.32717,1593200073.2421875
2012-02-08 11:23:00,1.32717,1.32733,1.32717,1.32727,1924100036.6210938
2012-02-08 11:24:00,1.32727,1.3274,1.32718,1.32718,1812799987.7929688
2012-02-08 11:25:00,1.32718,1.32718,1.32671,1.32681,2155000000.0
2012-02-08 11:26:00,1.32681,1.32684,1.32635,1.3264,2137700042.7246094
2012-02-08 11:27:00,1.32641,1.3266,1.32631,1.32644,2344400024.4140625
2012-02-08 11:28:00,1.32642,1.32643,1.32596,1.32613,2736000061.0351562
2012-02-08 11:29:00,1.32609,1.3261,1.32577,1.32588,3025799865.7226562
2012-02-08 11:30:00,1.32587,1.32616,1.32587,1.32605,1647500000.0
2012-02-08 11:31:00,1.32602,1.32602,1.3257,1.32585,2791300048.828125
2012-02-08 11:32:00,1.32585,1.32599,1.32579,1.32591,2815400085.4492188
2012-02-08 11:33:00,1.32593,1.32643,1.32593,1.32639,2041199951.171875
2012-02-08 11:34:00,1.32639,1.32659,1.32637,1.32657,2663800048.828125
2012-02-08 11:35:00,1.32657,1.32662,1.32648,1.3266,1721499938.9648438
2012-02-08 11:36:00,1.3266,1.3266,1.32638,1.32643,2269499969.482422
2012-02-08 11:37:00,1.32645,1.32667,1.32638,1.3266,1690099945.0683594
2012-02-08 11:38:00,1.32661,1.32703,1.32647,1.32703,2449400024.4140625
2012-02-08 11:39:00,1.32703,1.3273,1.32699,1.32724,3404200134.2773438
2012-02-08 11:40:00,1.32728,1.32784,1.32727,1.32748,4054899902.34375
2012-02-08 11:41:00,1.32746,1.32774,1.32734,1.32774,2681199951.171875
2012-02-08 11:42:00,1.32775,1.32778,1.32735,1.32735,2022700042.7246094
2012-02-08 11:43:00,1.32735,1.32771,1.32728,1.32762,2850299987.7929688
2012-02-08 11:44:00,1.32762,1.32768,1.32743,1.32764,2717699890.1367188
2012-02-08 11:45:00,1.32763,1.32763,1.32717,1.32717,2507599945.0683594
2012-02-08 11:46:00,1.32717,1.32744,1.327,1.32737,2829800109.8632812
2012-02-08 11:47:00,1.32736,1.32757,1.32716,1.32757,2579100036.6210938
2012-02-08 11:48:00,1.32757,1.32779,1.32757,1.32779,2326699981.689453
2012-02-08 11:49:00,1.32779,1.32801,1.32779,1.32782,2380599975.5859375
2012-02-08 11:50:00,1.32781,1.32785,1.32759,1.32759,2424199981.689453
2012-02-08 11:51:00,1.32757,1.32829,1.32751,1.32828,3014800109.8632812
2012-02-08 11:52:00,1.32828,1.32848,1.32809,1.32848,4002099914.5507812
2012-02-08 11:53:00,1.32849,1.32851,1.32817,1.32832,3172600097.65625
2012-02-08 11:54:00,1.3283,1.3283,1.32789,1.32818,2737900085.4492188
2012-02-08 11:55:00,1.32815,1.32826,1.32809,1.32809,2182299957.2753906
2012-02-08 11:56:00,1.32808,1.32818,1.32805,1.32812,2378300018.310547
2012-02-08 11:57:00,1.32812,1.32847,1.32811,1.32836,2555000000.0
2012-02-08 11:58:00,1.32837,1.32844,1.32821,1.32844,2749700012.2070312
2012-02-08 11:59:00,1.32844,1.32851,1.32814,1.32814,3549700012.2070312
2012-02-08 12:00:00,1.32814,1.32827,1.32788,1.32811,2387899932.861328
2012-02-08 12:01:00,1.3281,1.32832,1.32805,1.32822,2641900024.4140625
2012-02-08 12:02:00,1.32822,1.32829,1.32791,1.32797,1927799987.7929688
2012-02-08 12:03:00,1.32797,1.32797,1.32766,1.32771,2528699951.171875
2012-02-08 12:04:00,1.32772,1.32776,1.32751,1.32766,2456100006.1035156
2012-02-08 12:05:00,1.32765,1.32809,1.32765,1.32808,1744400024.4140625
2012-02-08 12:06:00,1.32808,1.32809,1.32767,1.32789,2789800109.8632812
2012-02-08 12:07:00,1.32789,1.32792,1.32764,1.32773,2336999969.482422
2012-02-08 12:08:00,1.32774,1.32786,1.32751,1.32751,2017599945.0683594
2012-02-08 12:09:00,1.32751,1.32763,1.3274,1.3276,2473999938.9648438
2012-02-08 12:10:00,1.3276,1.32808,1.32757,1.32801,2427299957.2753906
2012-02-08 12:11:00,1.32802,1.32809,1.32794,1.328,2002100067.1386719
2012-02-08 12:12:00,1.328,1.32806,1.32748,1.32751,2544100036.6210938
2012-02-08 12:13:00,1.32751,1.32764,1.32745,1.32746,1924799957.2753906
2012-02-08 12:14:00,1.32747,1.32749,1.32723,1.32736,2134499969.4824219
2012-02-08 12:15:00,1.32737,1.32749,1.32686,1.32702,3715199890.1367188
2012-02-08 12:16:00,1.32705,1.3271,1.32683,1.32683,2679299926.7578125
2012-02-08 12:17:00,1.3268,1.32701,1.32677,1.32697,2250800018.310547
2012-02-08 12:18:00,1.32697,1.3271,1.3269,1.32702,2674500122.0703125
2012-02-08 12:19:00,1.32702,1.32724,1.32693,1.32724,2880799865.7226562
2012-02-08 12:20:00,1.32722,1.32738,1.32716,1.32733,2409799957.2753906
2012-02-08 12:21:00,1.32733,1.32751,1.32717,1.32722,2485200042.7246094
2012-02-08 12:22:00,1.32722,1.32768,1.3271,1.32736,3443399963.3789062
2012-02-08 12:23:00,1.32736,1.32736,1.32715,1.32732,2535700073.2421875
2012-02-08 12:24:00,1.32733,1.32759,1.32728,1.32729,2659599914.5507812
2012-02-08 12:25:00,1.32728,1.32739,1.32691,1.32691,2697099914.5507812
2012-02-08 12:26:00,1.32691,1.32698,1.32678,1.32696,3072699890.1367188
2012-02-08 12:27:00,1.32696,1.32719,1.32678,1.32705,3323800048.828125
2012-02-08 12:28:00,1.32705,1.32716,1.32698,1.32715,2693699951.171875
2012-02-08 12:29:00,1.32717,1.32739,1.32716,1.32721,2981000061.0351562
2012-02-08 12:30:00,1.32719,1.32729,1.32709,1.32724,2010500030.5175781
2012-02-08 12:31:00,1.32724,1.32739,1.32722,1.32734,1626900024.4140625
2012-02-08 12:32:00,1.32734,1.32743,1.32729,1.32729,1720000000.0
2012-02-08 12:33:00,1.32729,1.32734,1.32721,1.32722,1878999938.9648438
2012-02-08 12:34:00,1.32723,1.32769,1.32723,1.32766,2478000030.517578
2012-02-08 12:35:00,1.32767,1.32769,1.32748,1.32749,1823800048.828125
2012-02-08 12:36:00,1.32749,1.3276,1.32748,1.32751,1536999969.4824219
2012-02-08 12:37:00,1.32751,1.32763,1.32751,1.32759,2075200042.7246094
2012-02-08 12:38:00,1.32759,1.32765,1.32752,1.32753,2126399993.8964844
2012-02-08 12:39:00,1.32753,1.32753,1.32717,1.32717,1793899993.8964844
2012-02-08 12:40:00,1.32716,1.32716,1.32688,1.3269,2793699951.171875
2012-02-08 12:41:00,1.32692,1.32692,1.32666,1.32672,2862000122.0703125
2012-02-08 12:42:00,1.32677,1.3271,1.32674,1.32709,2159700012.2070312
2012-02-08 12:43:00,1.32709,1.32729,1.32709,1.32727,2029100036.6210938
2012-02-08 12:44:00,1.32727,1.32736,1.32714,1.32734,2738299865.7226562
2012-02-08 12:45:00,1.32732,1.32748,1.32716,1.32748,2324499969.482422
2012-02-08 12:46:00,1.32748,1.32771,1.32739,1.32761,3165499877.9296875
2012-02-08 12:47:00,1.32764,1.32764,1.32725,1.32735,2910499877.9296875
2012-02-08 12:48:00,1.32735,1.32735,1.32718,1.32718,3157600097.65625
2012-02-08 12:49:00,1.32718,1.32728,1.32713,1.32725,2362400054.9316406
2012-02-08 12:50:00,1.32727,1.32771,1.32719,1.3277,2232599945.0683594
2012-02-08 12:51:00,1.32769,1.32785,1.32754,1.32778,2595299987.7929688
2012-02-08 12:52:00,1.32775,1.32788,1.3276,1.32783,2756700134.2773438
2012-02-08 12:53:00,1.32783,1.32785,1.32769,1.32775,2470200042.7246094
2012-02-08 12:54:00,1.32774,1.32774,1.32745,1.32746,2079400024.4140625
2012-02-08 12:55:00,1.32746,1.32748,1.32702,1.32711,3241400146.484375
2012-02-08 12:56:00,1.32711,1.32721,1.32704,1.32714,1936199951.171875
2012-02-08 12:57:00,1.32713,1.32729,1.32701,1.32725,2272200012.2070312
2012-02-08 12:58:00,1.32725,1.32738,1.327,1.32703,2416000061.0351562
2012-02-08 12:59:00,1.32702,1.32724,1.32697,1.32711,2204299926.7578125
2012-02-08 13:00:00,1.32709,1.32718,1.32693,1.32718,2088899993.8964844
2012-02-08 13:01:00,1.32718,1.32738,1.32715,1.32736,2459299926.7578125
2012-02-08 13:02:00,1.32736,1.3275,1.3273,1.32748,2406999969.482422
2012-02-08 13:03:00,1.32747,1.32774,1.32746,1.32746,2347700042.7246094
2012-02-08 13:04:00,1.32746,1.32749,1.32718,1.32718,2426499938.9648438
2012-02-08 13:05:00,1.32717,1.32719,1.32695,1.32698,3098800048.828125
2012-02-08 13:06:00,1.32698,1.32723,1.32698,1.32723,2527200012.2070312
2012-02-08 13:07:00,1.32722,1.32737,1.32715,1.32733,1778800048.828125
2012-02-08 13:08:00,1.32733,1.32739,1.32728,1.32735,1691999969.4824219
2012-02-08 13:09:00,1.32735,1.32738,1.32723,1.32724,1242699966.430664
2012-02-08 13:10:00,1.32723,1.32741,1.32723,1.32741,2377400054.9316406
2012-02-08 13:11:00,1.32741,1.32744,1.32704,1.32704,1877599945.0683594
2012-02-08 13:12:00,1.32704,1.32724,1.32689,1.32724,2546999969.482422
2012-02-08 13:13:00,1.32726,1.32749,1.32721,1.32738,2571499938.9648438
2012-02-08 13:14:00,1.32738,1.32768,1.32736,1.32751,3512799987.7929688
2012-02-08 13:15:00,1.3275,1.32751,1.32729,1.32741,4047200012.2070312
2012-02-08 13:16:00,1.32742,1.32742,1.32725,1.32726,2295200042.7246094
2012-02-08 13:17:00,1.32727,1.32728,1.32702,1.32702,3509400024.4140625
2012-02-08 13:18:00,1.32704,1.32738,1.32704,1.32733,2223200073.2421875
2012-02-08 13:19:00,1.32733,1.32751,1.3273,1.32751,2726700134.2773438
2012-02-08 13:20:00,1.32751,1.32758,1.32737,1.32742,2498399963.3789062
2012-02-08 13:21:00,1.32742,1.32763,1.32739,1.32762,2900100097.65625
2012-02-08 13:22:00,1.32762,1.32784,1.32762,1.32774,3434700012.2070312
2012-02-08 13:23:00,1.32774,1.32779,1.32757,1.32766,3310000000.0
2012-02-08 13:24:00,1.32765,1.32828,1.32765,1.32819,3108299865.7226562
2012-02-08 13:25:00,1.3282,1.32822,1.32796,1.32808,2996499938.9648438
2012-02-08 13:26:00,1.3281,1.32847,1.32802,1.32828,3953500061.0351562
2012-02-08 13:27:00,1.32828,1.32842,1.32817,1.32841,2580799865.7226562
2012-02-08 13:28:00,1.32842,1.32842,1.32814,1.32819,2738800048.828125
2012-02-08 13:29:00,1.32819,1.32831,1.32814,1.32828,1831499938.9648438
2012-02-08 13:30:00,1.32828,1.32834,1.32783,1.32791,3166300048.828125
2012-02-08 13:31:00,1.32791,1.32795,1.3276,1.32763,2270099945.0683594
2012-02-08 13:32:00,1.32763,1.32775,1.3275,1.3276,2875799865.7226562
2012-02-08 13:33:00,1.32759,1.32768,1.32755,1.32757,1947400054.9316406
2012-02-08 13:34:00,1.32757,1.32761,1.3273,1.32735,2487100067.138672
2012-02-08 13:35:00,1.32735,1.32739,1.32714,1.32738,3099899902.34375
2012-02-08 13:36:00,1.32737,1.32746,1.32722,1.32733,2313000030.517578
2012-02-08 13:37:00,1.32732,1.32734,1.32712,1.32728,2756600036.6210938
2012-02-08 13:38:00,1.3273,1.32757,1.3273,1.32755,1837200012.2070312
2012-02-08 13:39:00,1.32755,1.32779,1.32755,1.32768,2554499969.482422
2012-02-08 13:40:00,1.32767,1.32772,1.32691,1.32691,3312000122.0703125
2012-02-08 13:41:00,1.32692,1.3271,1.32691,1.32704,2978500061.0351562
2012-02-08 13:42:00,1.32704,1.32717,1.32701,1.3271,2386900024.4140625
2012-02-08 13:43:00,1.3271,1.32711,1.32698,1.32702,2651199951.171875
2012-02-08 13:44:00,1.32702,1.32719,1.32699,1.32711,2435800018.310547
2012-02-08 13:45:00,1.32711,1.32718,1.32696,1.32696,2504700012.2070312
2012-02-08 13:46:00,1.32695,1.32695,1.32635,1.3264,2379799957.2753906
2012-02-08 13:47:00,1.32641,1.32654,1.32631,1.32654,2241199951.171875
2012-02-08 13:48:00,1.32652,1.32668,1.32647,1.32654,2107100067.1386719
2012-02-08 13:49:00,1.32654,1.32673,1.32654,1.32662,2827699890.1367188
2012-02-08 13:50:00,1.32662,1.32682,1.32653,1.3268,2098000030.5175781
2012-02-08 13:51:00,1.32677,1.32692,1.32671,1.3269,1771399993.8964844
2012-02-08 13:52:00,1.32688,1.32694,1.32676,1.32681,2052700042.7246094
2012-02-08 13:53:00,1.32682,1.32708,1.32682,1.32703,2185099945.0683594
2012-02-08 13:54:00,1.32702,1.3272,1.32699,1.32711,2217400054.9316406
2012-02-08 13:55:00,1.32713,1.32726,1.32685,1.32686,1938200073.2421875
2012-02-08 13:56:00,1.32685,1.32685,1.32604,1.32612,2992900085.4492188
2012-02-08 13:57:00,1.32615,1.32619,1.32579,1.32579,3039800109.8632812
2012-02-08 13:58:00,1.3258,1.32595,1.32562,1.32582,2763099975.5859375
2012-02-08 13:59:00,1.32584,1.32596,1.32568,1.32573,2607000122.0703125
2012-02-08 14:00:00,1.3257,1.32571,1.32529,1.3256,2967200012.2070312
2012-02-08 14:01:00,1.32558,1.3257,1.32531,1.32549,2762900085.4492188
2012-02-08 14:02:00,1.32549,1.3257,1.32546,1.3257,2044900054.9316406
2012-02-08 14:03:00,1.32567,1.32581,1.32561,1.32573,2472400054.9316406
2012-02-08 14:04:00,1.32573,1.32573,1.3254,1.32552,1909400024.4140625
2012-02-08 14:05:00,1.32553,1.32567,1.32538,1.32542,1959600067.1386719
2012-02-08 14:06:00,1.32543,1.32559,1.32512,1.32515,2887799987.7929688
2012-02-08 14:07:00,1.32517,1.32543,1.32512,1.32537,2249400024.4140625
2012-02-08 14:08:00,1.32537,1.32564,1.32536,1.32555,2175299987.7929688
2012-02-08 14:09:00,1.32552,1.32559,1.32506,1.32523,2880499877.9296875
2012-02-08 14:10:00,1.32523,1.32549,1.32512,1.32548,2744500122.0703125
2012-02-08 14:11:00,1.32549,1.32582,1.32549,1.32579,2296499938.9648438
2012-02-08 14:12:00,1.32579,1.32633,1.32575,1.32626,3118999938.9648438
2012-02-08 14:13:00,1.32624,1.32627,1.32614,1.32625,2578500061.0351562
2012-02-08 14:14:00,1.32627,1.32639,1.32611,1.3262,2368000030.517578
2012-02-08 14:15:00,1.3262,1.32624,1.32614,1.32616,2030599975.5859375
2012-02-08 14:16:00,1.32613,1.32616,1.32582,1.32585,2552400054.9316406
2012-02-08 14:17:00,1.32584,1.32586,1.3256,1.32572,3454500122.0703125
2012-02-08 14:18:00,1.3257,1.3257,1.32516,1.3252,2863800048.828125
2012-02-08 14:19:00,1.3252,1.32549,1.3252,1.32542,2432299957.2753906
2012-02-08 14:20:00,1.32543,1.3257,1.32543,1.32567,2816700134.2773438
2012-02-08 14:21:00,1.32567,1.32578,1.32562,1.3257,2023300018.3105469
2012-02-08 14:22:00,1.3257,1.3257,1.32519,1.32525,2740299987.7929688
2012-02-08 14:23:00,1.32526,1.32552,1.3252,1.32537,2997799987.7929688
2012-02-08 14:24:00,1.32538,1.32575,1.32531,1.32531,3173500061.0351562
2012-02-08 14:25:00,1.32533,1.32537,1.32505,1.32517,2701799926.7578125
2012-02-08 14:26:00,1.32518,1.32541,1.32518,1.32528,2854800109.8632812
2012-02-08 14:27:00,1.32527,1.32527,1.32442,1.32457,3416099853.515625
2012-02-08 14:28:00,1.32458,1.3247,1.32451,1.32463,2697900085.4492188
2012-02-08 14:29:00,1.32463,1.32466,1.3244,1.32457,2587399902.34375
2012-02-08 14:30:00,1.32458,1.32484,1.32454,1.32454,2695199890.1367188
2012-02-08 14:31:00,1.32456,1.32474,1.32429,1.32474,3142200012.2070312
2012-02-08 14:32:00,1.32476,1.32508,1.32475,1.32508,2982900085.4492188
2012-02-08 14:33:00,1.32509,1.32545,1.32507,1.32509,3082000122.0703125
2012-02-08 14:34:00,1.32509,1.3255,1.32508,1.32549,1991000061.0351562
2012-02-08 14:35:00,1.32549,1.32575,1.3254,1.3254,2791700134.2773438
2012-02-08 14:36:00,1.32539,1.32539,1.32501,1.32503,3288500061.0351562
2012-02-08 14:37:00,1.32504,1.32541,1.32504,1.32523,3051600036.6210938
2012-02-08 14:38:00,1.32522,1.32541,1.32522,1.32527,3046300048.828125
2012-02-08 14:39:00,1.3253,1.32539,1.32504,1.32506,2641000061.0351562
2012-02-08 14:40:00,1.32504,1.32543,1.32488,1.3254,3008900146.484375
2012-02-08 14:41:00,1.32541,1.32587,1.32541,1.32567,3048500061.0351562
2012-02-08 14:42:00,1.32568,1.32582,1.32514,1.32514,3457900085.4492188
2012-02-08 14:43:00,1.32514,1.32548,1.32514,1.32524,3486099853.515625
2012-02-08 14:44:00,1.32524,1.32528,1.32479,1.32505,2757099914.5507812
2012-02-08 14:45:00,1.32505,1.32533,1.32494,1.32533,3000899963.3789062
2012-02-08 14:46:00,1.32533,1.32581,1.32533,1.32558,3556600036.6210938
2012-02-08 14:47:00,1.3256,1.32567,1.32544,1.32557,3881000061.0351562
2012-02-08 14:48:00,1.32558,1.32579,1.32557,1.32569,2347700042.7246094
2012-02-08 14:49:00,1.32568,1.32629,1.32568,1.32617,3696099853.515625
2012-02-08 14:50:00,1.32618,1.3266,1.32618,1.32649,3429500122.0703125
2012-02-08 14:51:00,1.32649,1.3265,1.32624,1.32631,3124800109.8632812
2012-02-08 14:52:00,1.3263,1.32644,1.32623,1.32633,3033699951.171875
2012-02-08 14:53:00,1.32633,1.32639,1.32625,1.32634,2802600097.65625
2012-02-08 14:54:00,1.32638,1.32676,1.32632,1.32658,3181499938.9648438
2012-02-08 14:55:00,1.32658,1.32664,1.3264,1.32657,3107500000.0
2012-02-08 14:56:00,1.32656,1.32657,1.32618,1.32623,3623399963.3789062
2012-02-08 14:57:00,1.32622,1.32635,1.32617,1.32624,2635799865.7226562
2012-02-08 14:58:00,1.32622,1.32637,1.32608,1.32617,3618900146.484375
2012-02-08 14:59:00,1.32617,1.3264,1.32593,1.32637,3765899963.3789062
2012-02-08 15:00:00,1.32638,1.32656,1.3262,1.32628,3929299926.7578125
2012-02-08 15:01:00,1.32627,1.32627,1.32607,1.3262,3170100097.65625
2012-02-08 15:02:00,1.32621,1.32629,1.32615,1.32625,2827099914.5507812
2012-02-08 15:03:00,1.32625,1.32634,1.32618,1.32633,2579899902.34375
2012-02-08 15:04:00,1.32634,1.3269,1.32634,1.32689,3907999877.9296875
2012-02-08 15:05:00,1.32691,1.3275,1.32691,1.32749,4388800048.828125
2012-02-08 15:06:00,1.3275,1.32771,1.32741,1.3276,3192600097.65625
2012-02-08 15:07:00,1.3276,1.32787,1.32756,1.32756,3567300109.8632812
2012-02-08 15:08:00,1.32755,1.32761,1.32739,1.32751,3137900085.4492188
2012-02-08 15:09:00,1.32752,1.32754,1.32738,1.32751,3482999877.9296875
2012-02-08 15:10:00,1.32752,1.32819,1.32751,1.32802,3856700134.2773438
2012-02-08 15:11:00,1.328,1.32801,1.32779,1.32782,2913200073.2421875
2012-02-08 15:12:00,1.32781,1.32789,1.32766,1.32772,3172099914.5507812
2012-02-08 15:13:00,1.32774,1.32778,1.32755,1.32773,3145000000.0
2012-02-08 15:14:00,1.32774,1.32778,1.32754,1.32756,2911000061.0351562
2012-02-08 15:15:00,1.32756,1.32767,1.32754,1.3276,2817200012.2070312
2012-02-08 15:16:00,1.3276,1.32769,1.3275,1.32759,2472400054.9316406
2012-02-08 15:17:00,1.32757,1.32797,1.32757,1.32796,2992699890.1367188
2012-02-08 15:18:00,1.32796,1.32806,1.32779,1.32779,2816600036.6210938
2012-02-08 15:19:00,1.32779,1.32799,1.32776,1.32778,2024600067.1386719
2012-02-08 15:20:00,1.32778,1.32809,1.32771,1.32771,3511099853.515625
2012-02-08 15:21:00,1.32771,1.32784,1.32761,1.32776,2385000000.0
2012-02-08 15:22:00,1.32776,1.3279,1.32768,1.32777,1971499938.9648438
2012-02-08 15:23:00,1.32776,1.32809,1.32775,1.32775,3341499938.9648438
2012-02-08 15:24:00,1.32775,1.32775,1.32732,1.32735,3074299926.7578125
2012-02-08 15:25:00,1.32732,1.32737,1.32687,1.32692,3450700073.2421875
2012-02-08 15:26:00,1.32695,1.32706,1.32688,1.32694,2952000122.0703125
2012-02-08 15:27:00,1.32694,1.32696,1.32655,1.32669,3357799987.7929688
2012-02-08 15:28:00,1.32671,1.32678,1.32649,1.32675,3205499877.9296875
2012-02-08 15:29:00,1.32674,1.32703,1.32672,1.32697,3359200134.2773438
2012-02-08 15:30:00,1.32698,1.32702,1.32681,1.32685,3379700012.2070312
2012-02-08 15:31:00,1.32688,1.32692,1.32669,1.32684,2548200073.2421875
2012-02-08 15:32:00,1.32681,1.32695,1.32653,1.32685,2595799865.7226562
2012-02-08 15:33:00,1.32685,1.32699,1.32628,1.32636,3264800109.8632812
2012-02-08 15:34:00,1.32634,1.32634,1.32559,1.32584,3871900024.4140625
2012-02-08 15:35:00,1.32583,1.32583,1.32495,1.32514,3998699951.171875
2012-02-08 15:36:00,1.32514,1.32545,1.3251,1.32525,3620299987.7929688
2012-02-08 15:37:00,1.32525,1.32558,1.32525,1.3254,3785000000.0
2012-02-08 15:38:00,1.32539,1.32539,1.325,1.32515,2927000122.0703125
2012-02-08 15:39:00,1.32516,1.32527,1.32455,1.32461,3465499877.9296875
2012-02-08 15:40:00,1.32464,1.32475,1.32438,1.32464,5213900146.484375
2012-02-08 15:41:00,1.32463,1.32463,1.32367,1.32382,4389599914.550781
2012-02-08 15:42:00,1.32384,1.32391,1.32344,1.32369,4101700134.2773438
2012-02-08 15:43:00,1.32371,1.32389,1.32334,1.32358,3764899902.34375
2012-02-08 15:44:00,1.32359,1.32375,1.32355,1.32373,2698599853.515625
2012-02-08 15:45:00,1.32374,1.32398,1.32374,1.32398,3091600036.6210938
2012-02-08 15:46:00,1.32402,1.32418,1.32397,1.32412,3485199890.1367188
2012-02-08 15:47:00,1.32412,1.32429,1.32412,1.32428,2851400146.484375
2012-02-08 15:48:00,1.32427,1.32463,1.32411,1.32463,2749200134.2773438
2012-02-08 15:49:00,1.32463,1.32472,1.32456,1.32468,2101799926.7578125
2012-02-08 15:50:00,1.32464,1.32496,1.32459,1.32488,2967200012.2070312
2012-02-08 15:51:00,1.32491,1.32494,1.32465,1.32466,2978099975.5859375
2012-02-08 15:52:00,1.32467,1.32484,1.32462,1.32468,2782600097.65625
2012-02-08 15:53:00,1.32467,1.32488,1.32453,1.32488,2973099975.5859375
2012-02-08 15:54:00,1.32488,1.32488,1.32465,1.32465,2715799865.7226562
2012-02-08 15:55:00,1.32465,1.3248,1.32456,1.32457,3037799987.7929688
2012-02-08 15:56:00,1.32457,1.32465,1.32428,1.3243,2813900146.484375
2012-02-08 15:57:00,1.32429,1.32429,1.32396,1.32418,1980000000.0
2012-02-08 15:58:00,1.32418,1.32429,1.32396,1.32426,2562099914.5507812
2012-02-08 15:59:00,1.32427,1.32527,1.32426,1.32526,3935400085.4492188
2012-02-08 16:00:00,1.32527,1.32561,1.32527,1.32546,3863500061.0351562
2012-02-08 16:01:00,1.32543,1.32579,1.3254,1.32575,2920000000.0
2012-02-08 16:02:00,1.32578,1.32585,1.32554,1.32562,2619200134.2773438
2012-02-08 16:03:00,1.32563,1.32563,1.32526,1.32527,3290299987.7929688
2012-02-08 16:04:00,1.32526,1.32551,1.32515,1.32526,3857699890.1367188
2012-02-08 16:05:00,1.32528,1.32528,1.32466,1.32479,3311499938.9648438
2012-02-08 16:06:00,1.32479,1.32506,1.32454,1.32454,3215899963.3789062
2012-02-08 16:07:00,1.32453,1.32453,1.32409,1.3242,2446300048.828125
2012-02-08 16:08:00,1.3242,1.3242,1.32315,1.32318,3745700073.2421875
2012-02-08 16:09:00,1.32315,1.32344,1.32295,1.32341,3604899902.34375
2012-02-08 16:10:00,1.32341,1.32387,1.32321,1.32362,3369599914.5507812
2012-02-08 16:11:00,1.32361,1.32361,1.32331,1.32343,2823500061.0351562
2012-02-08 16:12:00,1.32346,1.3235,1.32228,1.32229,4865000000.0
2012-02-08 16:13:00,1.32231,1.32296,1.32231,1.32296,4378399963.378906
2012-02-08 16:14:00,1.32296,1.32345,1.32296,1.32345,3503399963.3789062
2012-02-08 16:15:00,1.32346,1.3236,1.32329,1.32329,2694599914.5507812
2012-02-08 16:16:00,1.3233,1.32339,1.32309,1.32317,2290000000.0
2012-02-08 16:17:00,1.32317,1.32326,1.32276,1.32276,2332899932.861328
2012-02-08 16:18:00,1.32273,1.32274,1.32234,1.32265,2445299987.7929688
2012-02-08 16:19:00,1.32266,1.32291,1.3225,1.32251,3012900085.4492188
2012-02-08 16:20:00,1.3225,1.32291,1.32234,1.32284,2558000030.517578
2012-02-08 16:21:00,1.32284,1.32286,1.32259,1.32282,2175700073.2421875
2012-02-08 16:22:00,1.32281,1.32346,1.32281,1.32322,2750199890.1367188
2012-02-08 16:23:00,1.32321,1.32326,1.32286,1.32322,2998399963.3789062
2012-02-08 16:24:00,1.32324,1.3235,1.32318,1.3234,2774200134.2773438
2012-02-08 16:25:00,1.32339,1.32341,1.32305,1.3231,2311399993.8964844
2012-02-08 16:26:00,1.3231,1.3232,1.32279,1.32279,2037200012.2070312
2012-02-08 16:27:00,1.32279,1.32326,1.32276,1.32326,2503500061.0351562
2012-02-08 16:28:00,1.32328,1.32343,1.32328,1.32337,2596799926.7578125
2012-02-08 16:29:00,1.32338,1.32407,1.32337,1.32402,3648999938.9648438
2012-02-08 16:30:00,1.32403,1.3244,1.32402,1.32417,3006700134.2773438
2012-02-08 16:31:00,1.32421,1.32431,1.32418,1.3243,1944900054.9316406
2012-02-08 16:32:00,1.32431,1.32452,1.32429,1.32434,1858399963.3789062
2012-02-08 16:33:00,1.32436,1.32455,1.32434,1.32455,1683600006.1035156
2012-02-08 16:34:00,1.32456,1.32462,1.32412,1.32415,2021999969.4824219
2012-02-08 16:35:00,1.32417,1.32426,1.32377,1.32381,2594800109.8632812
2012-02-08 16:36:00,1.32382,1.32409,1.32375,1.32409,1573099975.5859375
2012-02-08 16:37:00,1.32409,1.32409,1.32357,1.32361,2414499969.482422
2012-02-08 16:38:00,1.3236,1.32381,1.3236,1.32373,1776799926.7578125
2012-02-08 16:39:00,1.32372,1.32408,1.32368,1.32401,2198000030.517578
2012-02-08 16:40:00,1.32403,1.32403,1.3237,1.32371,1907500000.0
2012-02-08 16:41:00,1.32372,1.32377,1.32357,1.32357,1932799987.7929688
2012-02-08 16:42:00,1.32356,1.3236,1.32318,1.32337,2399700012.2070312
2012-02-08 16:43:00,1.3234,1.32346,1.32321,1.3233,2119799957.2753906
2012-02-08 16:44:00,1.32333,1.32339,1.32314,1.32322,2073300018.3105469
2012-02-08 16:45:00,1.32323,1.32351,1.32322,1.32351,1756100006.1035156
2012-02-08 16:46:00,1.32351,1.32417,1.32349,1.32417,3014899902.34375
2012-02-08 16:47:00,1.32416,1.32455,1.32416,1.32455,2203500061.0351562
2012-02-08 16:48:00,1.32458,1.32459,1.32403,1.32403,2405099945.0683594
2012-02-08 16:49:00,1.32403,1.32418,1.32388,1.32388,2333000030.517578
2012-02-08 16:50:00,1.32388,1.32405,1.32377,1.32405,1832599945.0683594
2012-02-08 16:51:00,1.32406,1.32444,1.32406,1.32442,1977899932.8613281
2012-02-08 16:52:00,1.32439,1.32535,1.32439,1.32519,3749899902.34375
2012-02-08 16:53:00,1.32522,1.32581,1.32517,1.32567,2967200012.2070312
2012-02-08 16:54:00,1.32566,1.32573,1.32562,1.32568,2373399963.3789062
2012-02-08 16:55:00,1.32568,1.32577,1.32557,1.32575,1993399963.3789062
2012-02-08 16:56:00,1.32577,1.32577,1.32529,1.32529,2665599975.5859375
2012-02-08 16:57:00,1.32528,1.32528,1.32493,1.32493,2786400146.484375
2012-02-08 16:58:00,1.32493,1.32518,1.32493,1.32518,2024600067.1386719
2012-02-08 16:59:00,1.32516,1.32543,1.32516,1.32522,2388999938.9648438
2012-02-08 17:00:00,1.32522,1.32549,1.32522,1.32529,2378999938.9648438
2012-02-08 17:01:00,1.32529,1.32545,1.32528,1.32545,2008099975.5859375
2012-02-08 17:02:00,1.32546,1.32637,1.32546,1.32637,4088900146.484375
2012-02-08 17:03:00,1.32636,1.32638,1.32596,1.32596,2847000122.0703125
2012-02-08 17:04:00,1.32596,1.32606,1.32576,1.32595,2853999938.9648438
2012-02-08 17:05:00,1.32595,1.32654,1.32583,1.32642,3528399963.3789062
2012-02-08 17:06:00,1.32638,1.32652,1.32638,1.32646,1825200042.7246094
2012-02-08 17:07:00,1.32646,1.32646,1.32628,1.32628,2028999938.9648438
2012-02-08 17:08:00,1.32629,1.32631,1.32619,1.32629,1587799987.7929688
2012-02-08 17:09:00,1.32629,1.32629,1.32604,1.32613,1751499938.9648438
2012-02-08 17:10:00,1.32613,1.32624,1.32613,1.32616,1309700012.2070312
2012-02-08 17:11:00,1.32616,1.32657,1.32616,1.32656,2369400024.4140625
2012-02-08 17:12:00,1.32655,1.32699,1.32655,1.32697,2893900146.484375
2012-02-08 17:13:00,1.32699,1.32749,1.32699,1.32747,3236900024.4140625
2012-02-08 17:14:00,1.32747,1.32749,1.32717,1.32717,2353300018.310547
2012-02-08 17:15:00,1.32718,1.32722,1.32706,1.32711,1393800048.828125
2012-02-08 17:16:00,1.32712,1.32714,1.3268,1.32687,1815299987.7929688
2012-02-08 17:17:00,1.32686,1.3271,1.32684,1.32702,1613800048.828125
2012-02-08 17:18:00,1.32703,1.32708,1.32687,1.32693,2040800018.3105469
2012-02-08 17:19:00,1.32693,1.32696,1.32674,1.32685,1915399932.8613281
2012-02-08 17:20:00,1.32685,1.32687,1.32675,1.32681,1764199981.6894531
2012-02-08 17:21:00,1.32682,1.32692,1.32682,1.32682,1430299987.7929688
2012-02-08 17:22:00,1.32681,1.32692,1.32675,1.32689,1801499938.9648438
2012-02-08 17:23:00,1.32691,1.32706,1.32688,1.32704,1373600006.1035156
2012-02-08 17:24:00,1.32705,1.32726,1.32682,1.32682,2401000061.0351562
2012-02-08 17:25:00,1.32682,1.32682,1.3267,1.32681,1845299987.7929688
2012-02-08 17:26:00,1.32681,1.3269,1.32681,1.32688,1447200012.2070312
2012-02-08 17:27:00,1.32688,1.3269,1.32685,1.32687,988799972.5341797
2012-02-08 17:28:00,1.32686,1.32704,1.32686,1.32698,2018300018.3105469
2012-02-08 17:29:00,1.327,1.327,1.32695,1.32698,769300003.0517578
2012-02-08 17:30:00,1.32696,1.32708,1.32696,1.32707,1251900024.4140625
2012-02-08 17:31:00,1.3271,1.32716,1.32692,1.32696,899300003.0517578
2012-02-08 17:32:00,1.32695,1.32695,1.32654,1.32654,1594400024.4140625
2012-02-08 17:33:00,1.32653,1.32654,1.32625,1.32645,1747100067.1386719
2012-02-08 17:34:00,1.32644,1.32645,1.32624,1.32637,1936600036.6210938
2012-02-08 17:35:00,1.32638,1.32667,1.32638,1.32667,2519299926.7578125
2012-02-08 17:36:00,1.32667,1.32676,1.32656,1.32659,1576699981.6894531
2012-02-08 17:37:00,1.32659,1.32689,1.32659,1.32681,1644700012.2070312
2012-02-08 17:38:00,1.3268,1.32688,1.32678,1.32685,1838099975.5859375
2012-02-08 17:39:00,1.32684,1.32707,1.32684,1.32697,1518000030.5175781
2012-02-08 17:40:00,1.32696,1.32717,1.32696,1.32716,992099990.8447266
2012-02-08 17:41:00,1.32716,1.32737,1.32711,1.32731,1249300003.0517578
2012-02-08 17:42:00,1.32732,1.32742,1.3273,1.32739,1232900009.1552734
2012-02-08 17:43:00,1.32739,1.32757,1.32711,1.32712,1976499938.9648438
2012-02-08 17:44:00,1.32711,1.32714,1.32694,1.32707,1084000015.258789
2012-02-08 17:45:00,1.32707,1.32719,1.32704,1.32717,1307200012.2070312
2012-02-08 17:46:00,1.32716,1.32718,1.32706,1.32707,1322500000.0
2012-02-08 17:47:00,1.32707,1.32719,1.32705,1.32714,1327700042.7246094
2012-02-08 17:48:00,1.32714,1.32717,1.32703,1.32703,2423300018.310547
2012-02-08 17:49:00,1.32704,1.32704,1.32655,1.32657,2586499938.9648438
2012-02-08 17:50:00,1.32657,1.32671,1.32657,1.3267,1924299926.7578125
2012-02-08 17:51:00,1.32671,1.32675,1.32653,1.32655,1592200012.2070312
2012-02-08 17:52:00,1.32655,1.32665,1.32654,1.32658,1574799957.2753906
2012-02-08 17:53:00,1.32658,1.32689,1.32654,1.32687,1808899993.8964844
2012-02-08 17:54:00,1.32687,1.32724,1.32683,1.32724,1906900024.4140625
2012-02-08 17:55:00,1.32724,1.32726,1.32714,1.32723,1621199951.171875
2012-02-08 17:56:00,1.32723,1.32723,1.32702,1.32703,947300033.5693359
2012-02-08 17:57:00,1.32704,1.32716,1.32704,1.3271,1161200027.4658203
2012-02-08 17:58:00,1.32712,1.32724,1.32707,1.32707,1817700042.7246094
2012-02-08 17:59:00,1.32707,1.32726,1.32707,1.32722,1780200042.7246094
2012-02-08 18:00:00,1.32722,1.32731,1.32681,1.32683,2297200012.2070312
2012-02-08 18:01:00,1.32683,1.32697,1.32682,1.32691,1809700012.2070312
2012-02-08 18:02:00,1.32691,1.32694,1.32674,1.32675,1754600067.1386719
2012-02-08 18:03:00,1.32675,1.32704,1.32675,1.32681,2281600036.6210938
2012-02-08 18:04:00,1.32677,1.32686,1.32669,1.32671,1897500000.0
2012-02-08 18:05:00,1.32672,1.32678,1.32665,1.32674,1586799926.7578125
2012-02-08 18:06:00,1.32674,1.32677,1.32672,1.32673,1383600006.1035156
2012-02-08 18:07:00,1.32673,1.32689,1.32667,1.32689,1521399993.8964844
2012-02-08 18:08:00,1.32689,1.32689,1.3266,1.3266,1451199951.171875
2012-02-08 18:09:00,1.3266,1.3266,1.32631,1.32636,1398300018.3105469
2012-02-08 18:10:00,1.32636,1.32645,1.32634,1.32645,1731900024.4140625
2012-02-08 18:11:00,1.32648,1.32649,1.3263,1.32638,2119499969.4824219
2012-02-08 18:12:00,1.32638,1.32638,1.32597,1.32626,2449400024.4140625
2012-02-08 18:13:00,1.32623,1.32629,1.32618,1.32627,1774199981.6894531
2012-02-08 18:14:00,1.32627,1.32629,1.32607,1.3261,1952899932.8613281
2012-02-08 18:15:00,1.3261,1.32613,1.32601,1.32606,1945800018.3105469
2012-02-08 18:16:00,1.32604,1.3262,1.32577,1.32578,2940899963.3789062
2012-02-08 18:17:00,1.32578,1.32592,1.32547,1.32556,2575299987.7929688
2012-02-08 18:18:00,1.32554,1.32568,1.32549,1.32557,2751199951.171875
2012-02-08 18:19:00,1.32556,1.3256,1.32551,1.3256,1707200012.2070312
2012-02-08 18:20:00,1.3256,1.32594,1.3256,1.32594,1572200012.2070312
2012-02-08 18:21:00,1.32594,1.32617,1.32594,1.32614,1940700073.2421875
2012-02-08 18:22:00,1.32614,1.32614,1.32608,1.32613,1026399993.8964844
2012-02-08 18:23:00,1.32617,1.3262,1.32612,1.32618,2165500030.517578
2012-02-08 18:24:00,1.32618,1.32645,1.32617,1.32642,1962299957.2753906
2012-02-08 18:25:00,1.32641,1.32658,1.3264,1.32658,1967299957.2753906
2012-02-08 18:26:00,1.32658,1.32665,1.32656,1.32658,1248700027.4658203
2012-02-08 18:27:00,1.32656,1.3266,1.32652,1.32659,1292899932.8613281
2012-02-08 18:28:00,1.3266,1.32662,1.32654,1.32657,933199996.9482422
2012-02-08 18:29:00,1.32656,1.3269,1.32654,1.32688,2486600036.6210938
2012-02-08 18:30:00,1.32688,1.32691,1.32679,1.3269,2184799957.2753906
2012-02-08 18:31:00,1.3269,1.32698,1.32669,1.32669,2421499938.9648438
2012-02-08 18:32:00,1.32667,1.32687,1.3266,1.32686,1879100036.6210938
2012-02-08 18:33:00,1.32687,1.32692,1.32672,1.32678,2282100067.138672
2012-02-08 18:34:00,1.32678,1.32681,1.32675,1.32679,788799972.5341797
2012-02-08 18:35:00,1.32679,1.3268,1.32667,1.32678,1203000030.5175781
2012-02-08 18:36:00,1.32679,1.32699,1.32678,1.32696,1983300018.3105469
2012-02-08 18:37:00,1.32696,1.32699,1.32692,1.32692,1167500000.0
2012-02-08 18:38:00,1.32693,1.32698,1.32688,1.32691,1566199951.171875
2012-02-08 18:39:00,1.3269,1.32691,1.3268,1.32683,1451100006.1035156
2012-02-08 18:40:00,1.32683,1.3269,1.3268,1.32683,1303000030.5175781
2012-02-08 18:41:00,1.32683,1.32691,1.3268,1.32688,810400009.1552734
2012-02-08 18:42:00,1.3269,1.32698,1.32688,1.32692,1776199951.171875
2012-02-08 18:43:00,1.3269,1.32691,1.32673,1.32675,1019100036.6210938
2012-02-08 18:44:00,1.32675,1.32683,1.32673,1.32681,1436499938.9648438
2012-02-08 18:45:00,1.32679,1.32681,1.32664,1.32668,1456600036.6210938
2012-02-08 18:46:00,1.32668,1.32678,1.32645,1.32645,2087200012.2070312
2012-02-08 18:47:00,1.32645,1.32658,1.32634,1.3265,1354199981.6894531
2012-02-08 18:48:00,1.3265,1.3265,1.32635,1.32638,942300033.5693359
2012-02-08 18:49:00,1.32639,1.32649,1.32637,1.32649,1245100021.3623047
2012-02-08 18:50:00,1.32649,1.32656,1.32641,1.32644,1252200012.2070312
2012-02-08 18:51:00,1.32643,1.32653,1.32642,1.32651,1240999984.741211
2012-02-08 18:52:00,1.32651,1.32658,1.32649,1.3265,931800003.0517578
2012-02-08 18:53:00,1.3265,1.32658,1.32644,1.32653,1251600036.6210938
2012-02-08 18:54:00,1.32653,1.32653,1.32627,1.32633,1972299957.2753906
2012-02-08 18:55:00,1.32633,1.32633,1.3261,1.32618,1622400054.9316406
2012-02-08 18:56:00,1.32616,1.32619,1.32615,1.32617,1156100006.1035156
2012-02-08 18:57:00,1.32617,1.3262,1.32589,1.3259,1539199981.6894531
2012-02-08 18:58:00,1.3259,1.32609,1.3259,1.32606,1571600036.6210938
2012-02-08 18:59:00,1.32604,1.32608,1.32599,1.32605,1857700042.7246094
2012-02-08 19:00:00,1.32604,1.32604,1.32568,1.32579,2321499938.9648438
2012-02-08 19:01:00,1.32579,1.32589,1.32575,1.32577,1646499938.9648438
2012-02-08 19:02:00,1.32577,1.32589,1.32575,1.32589,1501000061.0351562
2012-02-08 19:03:00,1.32587,1.32608,1.32587,1.32602,2049700012.2070312
2012-02-08 19:04:00,1.32602,1.32602,1.32585,1.3259,1477500000.0
2012-02-08 19:05:00,1.32589,1.32599,1.32589,1.32592,1761199951.171875
2012-02-08 19:06:00,1.32593,1.3261,1.32593,1.32593,1625099945.0683594
2012-02-08 19:07:00,1.32594,1.32594,1.32571,1.32571,1523500061.0351562
2012-02-08 19:08:00,1.3257,1.32582,1.32561,1.32578,2561499938.9648438
2012-02-08 19:09:00,1.32577,1.32584,1.32562,1.32577,2147500000.0
2012-02-08 19:10:00,1.32577,1.32583,1.32577,1.32579,2152700042.7246094
2012-02-08 19:11:00,1.32579,1.32589,1.32576,1.32585,1524700012.2070312
2012-02-08 19:12:00,1.32585,1.32599,1.32584,1.32584,2002200012.2070312
2012-02-08 19:13:00,1.32585,1.32595,1.32583,1.32594,2601600036.6210938
2012-02-08 19:14:00,1.32594,1.32599,1.32591,1.32592,1983699951.171875
2012-02-08 19:15:00,1.3259,1.32595,1.32568,1.32568,2200000000.0
2012-02-08 19:16:00,1.32569,1.32574,1.3256,1.32565,1583899993.8964844
2012-02-08 19:17:00,1.32565,1.32573,1.3256,1.32565,1281999969.4824219
2012-02-08 19:18:00,1.32565,1.32565,1.32557,1.32557,1038399963.3789062
2012-02-08 19:19:00,1.32559,1.32566,1.32558,1.32564,1103399963.3789062
2012-02-08 19:20:00,1.32566,1.32587,1.32566,1.32576,1194499969.4824219
2012-02-08 19:21:00,1.32577,1.32578,1.32564,1.32565,1254899978.6376953
2012-02-08 19:22:00,1.32563,1.32565,1.32541,1.32565,1561499938.9648438
2012-02-08 19:23:00,1.32564,1.32566,1.32554,1.32558,1294499969.4824219
2012-02-08 19:24:00,1.3256,1.32567,1.32558,1.32567,1080899963.3789062
2012-02-08 19:25:00,1.32567,1.32608,1.32564,1.32608,2550000000.0
2012-02-08 19:26:00,1.32608,1.32621,1.326,1.32601,1549499969.4824219
2012-02-08 19:27:00,1.326,1.32617,1.32595,1.32616,771600036.6210938
2012-02-08 19:28:00,1.32616,1.32618,1.32607,1.32615,832399978.6376953
2012-02-08 19:29:00,1.32615,1.32619,1.32611,1.32619,1014499969.4824219
2012-02-08 19:30:00,1.3262,1.32637,1.32618,1.32623,1398000030.5175781
2012-02-08 19:31:00,1.32622,1.32623,1.32616,1.3262,588800010.6811523
2012-02-08 19:32:00,1.3262,1.32625,1.32607,1.32607,1343399963.3789062
2012-02-08 19:33:00,1.32607,1.32616,1.3259,1.32593,1456199951.171875
2012-02-08 19:34:00,1.32594,1.32594,1.32572,1.32574,1832899932.8613281
2012-02-08 19:35:00,1.32576,1.32589,1.32575,1.32586,1336999969.4824219
2012-02-08 19:36:00,1.32585,1.32592,1.32585,1.32592,320900001.5258789
2012-02-08 19:37:00,1.32595,1.32596,1.32576,1.32584,1595200042.7246094
2012-02-08 19:38:00,1.32583,1.32584,1.32573,1.32579,1622700042.7246094
2012-02-08 19:39:00,1.32579,1.3258,1.32563,1.32563,1344299926.7578125
2012-02-08 19:40:00,1.32563,1.32573,1.32554,1.32573,2464900054.9316406
2012-02-08 19:41:00,1.32574,1.32621,1.32574,1.32596,2061699981.6894531
2012-02-08 19:42:00,1.32596,1.3262,1.32594,1.32616,2022799987.7929688
2012-02-08 19:43:00,1.32618,1.32649,1.32618,1.32639,1913000030.5175781
2012-02-08 19:44:00,1.32638,1.32653,1.32628,1.32636,2221900024.4140625
2012-02-08 19:45:00,1.32638,1.32661,1.32638,1.32654,1485200042.7246094
2012-02-08 19:46:00,1.32656,1.32656,1.32636,1.32648,1388999938.9648438
2012-02-08 19:47:00,1.32648,1.32648,1.32618,1.32628,2067200012.2070312
2012-02-08 19:48:00,1.32626,1.32637,1.32618,1.32636,1412400054.9316406
2012-02-08 19:49:00,1.32636,1.32639,1.32621,1.32621,1713600006.1035156
2012-02-08 19:50:00,1.32622,1.32622,1.3261,1.32615,1210800018.3105469
2012-02-08 19:51:00,1.32615,1.32615,1.32564,1.32564,1915599975.5859375
2012-02-08 19:52:00,1.32564,1.32578,1.32564,1.32569,1810599975.5859375
2012-02-08 19:53:00,1.32568,1.32576,1.32559,1.32576,1410000000.0
2012-02-08 19:54:00,1.32576,1.32581,1.32574,1.32575,1166699981.6894531
2012-02-08 19:55:00,1.32574,1.32575,1.32553,1.32553,2575599975.5859375
2012-02-08 19:56:00,1.32553,1.32561,1.3255,1.32557,1648000030.5175781
2012-02-08 19:57:00,1.32558,1.32561,1.3255,1.32555,1387299957.2753906
2012-02-08 19:58:00,1.32556,1.32556,1.32545,1.32545,1372799987.7929688
2012-02-08 19:59:00,1.32546,1.32546,1.32507,1.32507,2545899963.3789062
2012-02-08 20:00:00,1.32506,1.32529,1.325,1.32529,2204900054.9316406
2012-02-08 20:01:00,1.32529,1.32537,1.32528,1.32531,1345500030.5175781
2012-02-08 20:02:00,1.32533,1.32561,1.32532,1.3255,1951100006.1035156
2012-02-08 20:03:00,1.32551,1.32563,1.32547,1.32562,1662100067.1386719
2012-02-08 20:04:00,1.32563,1.32578,1.32557,1.32559,1456900024.4140625
2012-02-08 20:05:00,1.32559,1.32595,1.32558,1.32587,2453200073.2421875
2012-02-08 20:06:00,1.32586,1.32599,1.32584,1.32597,1561600036.6210938
2012-02-08 20:07:00,1.32597,1.3262,1.32589,1.32614,2236100006.1035156
2012-02-08 20:08:00,1.32609,1.32624,1.32607,1.32607,2425399932.861328
2012-02-08 20:09:00,1.32607,1.32643,1.32607,1.3264,1680200042.7246094
2012-02-08 20:10:00,1.32642,1.32642,1.3263,1.32633,1193799972.5341797
2012-02-08 20:11:00,1.32633,1.32641,1.32629,1.32632,1147399978.6376953
2012-02-08 20:12:00,1.32632,1.32637,1.32631,1.32635,990000000.0
2012-02-08 20:13:00,1.32633,1.3264,1.32633,1.32638,1210999984.741211
2012-02-08 20:14:00,1.32638,1.3264,1.32617,1.32617,1343000030.5175781
2012-02-08 20:15:00,1.32616,1.32627,1.32606,1.32607,2460500030.517578
2012-02-08 20:16:00,1.32606,1.32607,1.32586,1.32598,1931999969.4824219
2012-02-08 20:17:00,1.32595,1.32611,1.32586,1.32608,1404499969.4824219
2012-02-08 20:18:00,1.32608,1.32633,1.32608,1.32622,1606999969.4824219
2012-02-08 20:19:00,1.32622,1.32625,1.32621,1.32624,668099975.5859375
2012-02-08 20:20:00,1.32623,1.32639,1.3262,1.32635,1424700012.2070312
2012-02-08 20:21:00,1.32634,1.32639,1.32629,1.32632,1181500015.258789
2012-02-08 20:22:00,1.32632,1.32634,1.3262,1.32626,1004499969.4824219
2012-02-08 20:23:00,1.32627,1.3263,1.3262,1.3262,1011500015.2587891
2012-02-08 20:24:00,1.3262,1.32627,1.3262,1.32627,997699966.4306641
2012-02-08 20:25:00,1.32627,1.32627,1.32624,1.32625,575699996.9482422
2012-02-08 20:26:00,1.32626,1.32631,1.32621,1.32628,697399978.6376953
2012-02-08 20:27:00,1.32628,1.32632,1.32628,1.32631,1042699966.4306641
2012-02-08 20:28:00,1.3263,1.3263,1.32625,1.32625,652600021.3623047
2012-02-08 20:29:00,1.32625,1.32641,1.32622,1.32624,1570299987.7929688
2012-02-08 20:30:00,1.32623,1.32628,1.32618,1.32622,2435700073.2421875
2012-02-08 20:31:00,1.32622,1.32623,1.32606,1.32606,1271999969.4824219
2012-02-08 20:32:00,1.32606,1.32607,1.3259,1.32591,1392299957.2753906
2012-02-08 20:33:00,1.32593,1.32598,1.3258,1.32582,1742200012.2070312
2012-02-08 20:34:00,1.32579,1.32582,1.3257,1.32582,1090699996.9482422
2012-02-08 20:35:00,1.32582,1.32597,1.32582,1.32596,1091900024.4140625
2012-02-08 20:36:00,1.32596,1.32602,1.32593,1.32601,934599990.8447266
2012-02-08 20:37:00,1.32601,1.32629,1.326,1.3262,1279199981.6894531
2012-02-08 20:38:00,1.32621,1.32621,1.3261,1.3261,806100006.1035156
2012-02-08 20:39:00,1.32611,1.32616,1.32591,1.32593,1554400024.4140625
2012-02-08 20:40:00,1.32593,1.32593,1.32574,1.32588,2037899932.8613281
2012-02-08 20:41:00,1.32588,1.3261,1.32579,1.3261,1918500061.0351562
2012-02-08 20:42:00,1.32612,1.32613,1.3259,1.32602,1832599945.0683594
2012-02-08 20:43:00,1.32602,1.32605,1.32592,1.32605,1010699996.9482422
2012-02-08 20:44:00,1.32607,1.32615,1.32607,1.32612,657500000.0
2012-02-08 20:45:00,1.32611,1.32612,1.32587,1.32587,1861499938.9648438
2012-02-08 20:46:00,1.32587,1.32587,1.32568,1.32579,1899400024.4140625
2012-02-08 20:47:00,1.3258,1.32581,1.32566,1.32567,960100021.3623047
2012-02-08 20:48:00,1.32567,1.32582,1.32567,1.32582,960899963.3789062
2012-02-08 20:49:00,1.32582,1.3259,1.32568,1.3257,941999969.4824219
2012-02-08 20:50:00,1.32569,1.32569,1.32547,1.32552,1496600036.6210938
2012-02-08 20:51:00,1.32552,1.3257,1.3255,1.3257,1243899993.8964844
2012-02-08 20:52:00,1.3257,1.32582,1.32561,1.32562,1271299972.5341797
2012-02-08 20:53:00,1.32559,1.32563,1.32557,1.32561,1165199966.430664
2012-02-08 20:54:00,1.3256,1.32567,1.32557,1.32559,1347400054.9316406
2012-02-08 20:55:00,1.32559,1.3256,1.32549,1.3256,1591999969.4824219
2012-02-08 20:56:00,1.3256,1.32563,1.32557,1.3256,551500015.2587891
2012-02-08 20:57:00,1.3256,1.32561,1.32554,1.3256,991600036.6210938
2012-02-08 20:58:00,1.32559,1.3256,1.32558,1.3256,784700012.2070312
2012-02-08 20:59:00,1.32562,1.32578,1.3256,1.32578,534900016.78466797
2012-02-08 21:00:00,1.32578,1.32589,1.32574,1.32581,223500003.81469727
2012-02-08 21:01:00,1.32579,1.32583,1.32575,1.32578,667600021.3623047
2012-02-08 21:02:00,1.32578,1.3258,1.32575,1.32577,1305800018.3105469
2012-02-08 21:03:00,1.32577,1.32582,1.32575,1.32578,437700004.5776367
2012-02-08 21:04:00,1.32578,1.32582,1.32577,1.32578,411399993.8964844
2012-02-08 21:05:00,1.32581,1.32581,1.32577,1.3258,529300003.0517578
2012-02-08 21:06:00,1.32577,1.32582,1.32576,1.32579,455200004.5776367
2012-02-08 21:07:00,1.32581,1.32581,1.32568,1.32572,1254199981.6894531
2012-02-08 21:08:00,1.32572,1.32579,1.32572,1.32578,958399963.3789062
2012-02-08 21:09:00,1.32577,1.32579,1.32573,1.32578,647099990.8447266
2012-02-08 21:10:00,1.32578,1.3258,1.32576,1.3258,478800010.68115234
2012-02-08 21:11:00,1.32579,1.32581,1.32579,1.32581,213299999.23706055
2012-02-08 21:12:00,1.32577,1.32582,1.32573,1.32573,443899993.8964844
2012-02-08 21:13:00,1.32573,1.32574,1.32571,1.32574,309099998.4741211
2012-02-08 21:14:00,1.32574,1.32582,1.32573,1.32582,498100013.73291016
2012-02-08 21:15:00,1.32581,1.32581,1.32571,1.32573,1214499969.4824219
2012-02-08 21:16:00,1.32573,1.32573,1.32558,1.32568,1600700073.2421875
2012-02-08 21:17:00,1.32569,1.32574,1.32565,1.32569,550999984.7412109
2012-02-08 21:18:00,1.32568,1.32572,1.32565,1.32566,913199996.9482422
2012-02-08 21:19:00,1.32566,1.32572,1.32566,1.3257,603699989.3188477
2012-02-08 21:20:00,1.32572,1.32576,1.32571,1.32575,692699966.4306641
2012-02-08 21:21:00,1.32575,1.32579,1.32575,1.32576,593899993.8964844
2012-02-08 21:22:00,1.32574,1.32578,1.32571,1.32575,722900009.1552734
2012-02-08 21:23:00,1.32574,1.32577,1.3257,1.32575,954400024.4140625
2012-02-08 21:24:00,1.32574,1.32575,1.32561,1.32561,748300018.3105469
2012-02-08 21:25:00,1.3256,1.32564,1.32554,1.32563,1237300033.569336
2012-02-08 21:26:00,1.32563,1.32565,1.3256,1.3256,288299999.23706055
2012-02-08 21:27:00,1.3256,1.32563,1.3256,1.32563,397599983.21533203
2012-02-08 21:28:00,1.32563,1.32567,1.32558,1.32567,569599990.8447266
2012-02-08 21:29:00,1.32567,1.32568,1.32559,1.32562,804199981.6894531
2012-02-08 21:30:00,1.32562,1.32562,1.32557,1.32559,755699996.9482422
2012-02-08 21:31:00,1.32561,1.32569,1.32561,1.32568,550099983.215332
2012-02-08 21:32:00,1.32568,1.32574,1.32565,1.32569,866800003.0517578
2012-02-08 21:33:00,1.32569,1.32569,1.32568,1.32568,187500000.0
2012-02-08 21:34:00,1.32568,1.32573,1.32563,1.32563,1161299972.5341797
2012-02-08 21:35:00,1.32565,1.32569,1.32565,1.32567,261700000.76293945
2012-02-08 21:36:00,1.32569,1.32576,1.32567,1.3257,940000000.0
2012-02-08 21:37:00,1.32571,1.3258,1.32571,1.32575,520299987.79296875
2012-02-08 21:38:00,1.32575,1.32575,1.3257,1.32575,434199981.6894531
2012-02-08 21:39:00,1.32574,1.32581,1.32573,1.3258,355900001.5258789
2012-02-08 21:40:00,1.3258,1.3258,1.32579,1.32579,247500000.0
2012-02-08 21:41:00,1.32579,1.32582,1.32579,1.32581,457099990.84472656
2012-02-08 21:42:00,1.32581,1.32596,1.32581,1.32596,723799972.5341797
2012-02-08 21:43:00,1.32597,1.32602,1.3259,1.32593,534700012.20703125
2012-02-08 21:44:00,1.32592,1.32592,1.32581,1.32581,777099990.8447266
2012-02-08 21:45:00,1.32582,1.32587,1.32574,1.32578,1158700027.4658203
2012-02-08 21:46:00,1.3258,1.32595,1.3258,1.32595,486699981.6894531
2012-02-08 21:47:00,1.32596,1.32603,1.32591,1.326,831299972.5341797
2012-02-08 21:48:00,1.326,1.32606,1.32586,1.32586,881299972.5341797
2012-02-08 21:49:00,1.32584,1.32594,1.32584,1.32585,660400009.1552734
2012-02-08 21:50:00,1.32584,1.32587,1.32583,1.32586,940500030.5175781
2012-02-08 21:51:00,1.32584,1.32587,1.32582,1.32583,1111200027.4658203
2012-02-08 21:52:00,1.32583,1.32609,1.32583,1.32607,736200027.4658203
2012-02-08 21:53:00,1.32607,1.32614,1.32596,1.32604,1584600067.1386719
2012-02-08 21:54:00,1.32602,1.3261,1.32589,1.32596,1552599945.0683594
2012-02-08 21:55:00,1.32595,1.32597,1.32586,1.3259,562500000.0
2012-02-08 21:56:00,1.32591,1.32591,1.32584,1.32589,313199996.9482422
2012-02-08 21:57:00,1.3259,1.32611,1.3259,1.32597,1144000015.258789
2012-02-08 21:58:00,1.32597,1.32597,1.32592,1.32593,527299995.4223633
2012-02-08 21:59:00,1.32597,1.32606,1.32593,1.32597,305699996.9482422
2012-02-08 22:00:00,1.32598,1.32599,1.32592,1.32592,89600000.38146973
2012-02-08 22:01:00,1.32594,1.326,1.32594,1.32595,97700004.57763672
2012-02-08 22:02:00,1.32595,1.32598,1.32577,1.32597,397400016.78466797
2012-02-08 22:03:00,1.32589,1.32595,1.32583,1.32583,79000000.95367432
2012-02-08 22:04:00,1.32589,1.32607,1.32584,1.32604,455400009.15527344
2012-02-08 22:05:00,1.32604,1.32616,1.326,1.32606,154200000.76293945
2012-02-08 22:06:00,1.32602,1.32602,1.32578,1.32582,399599990.84472656
2012-02-08 22:07:00,1.32582,1.32589,1.32582,1.32588,35999999.04632568
2012-02-08 22:08:00,1.32586,1.32594,1.32579,1.32594,147100000.38146973
2012-02-08 22:09:00,1.32597,1.32598,1.32579,1.32582,224200000.76293945
2012-02-08 22:10:00,1.32582,1.32582,1.32573,1.32574,112100000.38146973
2012-02-08 22:11:00,1.32575,1.32584,1.32566,1.32575,293299999.23706055
2012-02-08 22:12:00,1.32577,1.32584,1.32577,1.32581,104799995.42236328
2012-02-08 22:13:00,1.32581,1.32595,1.32581,1.32585,162900009.15527344
2012-02-08 22:14:00,1.32584,1.32602,1.32584,1.32589,262500000.0
2012-02-08 22:15:00,1.32593,1.32596,1.32572,1.32572,283199996.9482422
2012-02-08 22:16:00,1.32572,1.32588,1.32572,1.32579,403199996.9482422
2012-02-08 22:17:00,1.3258,1.32582,1.3256,1.3257,403199996.9482422
2012-02-08 22:18:00,1.32573,1.32578,1.32546,1.3256,842900009.1552734
2012-02-08 22:19:00,1.32559,1.3256,1.32535,1.32558,629099998.4741211
2012-02-08 22:20:00,1.32558,1.32558,1.32544,1.32549,384599990.84472656
2012-02-08 22:21:00,1.3255,1.3258,1.3255,1.3258,1100899963.3789062
2012-02-08 22:22:00,1.3258,1.3259,1.3258,1.32587,210000000.0
2012-02-08 22:23:00,1.32588,1.32603,1.32588,1.32603,514399986.26708984
2012-02-08 22:24:00,1.32606,1.32616,1.32602,1.32603,1027200012.2070312
2012-02-08 22:25:00,1.32602,1.32605,1.326,1.32601,195000000.0
2012-02-08 22:26:00,1.32599,1.32599,1.32588,1.32589,305699996.9482422
2012-02-08 22:27:00,1.3259,1.3259,1.32581,1.32581,315100002.28881836
2012-02-08 22:28:00,1.32581,1.32581,1.3258,1.32581,157500000.0
2012-02-08 22:29:00,1.3258,1.3258,1.3258,1.3258,499700012.20703125
2012-02-08 22:30:00,1.32581,1.32587,1.32581,1.32584,447299995.4223633
2012-02-08 22:31:00,1.32583,1.32583,1.32575,1.32575,444599990.84472656
2012-02-08 22:32:00,1.32575,1.32575,1.32571,1.32571,302299995.4223633
2012-02-08 22:33:00,1.32574,1.32574,1.32574,1.32574,91800003.05175781
2012-02-08 22:34:00,1.32574,1.3258,1.32574,1.3258,532400016.78466797
2012-02-08 22:35:00,1.32584,1.32593,1.32582,1.32582,1029400024.4140625
2012-02-08 22:36:00,1.32585,1.32585,1.32562,1.32562,654400024.4140625
2012-02-08 22:37:00,1.32564,1.32568,1.3254,1.32567,1369100036.6210938
2012-02-08 22:38:00,1.32565,1.32573,1.32561,1.32562,999300003.0517578
2012-02-08 22:39:00,1.32561,1.32566,1.32545,1.32563,1083600006.1035156
2012-02-08 22:40:00,1.32563,1.32581,1.32563,1.32579,1123799972.5341797
2012-02-08 22:41:00,1.32582,1.32582,1.32569,1.32571,339000015.25878906
2012-02-08 22:42:00,1.32571,1.32579,1.3257,1.32579,1073499984.7412109
2012-02-08 22:43:00,1.32579,1.32597,1.32574,1.32574,1074100036.6210938
2012-02-08 22:44:00,1.32573,1.32573,1.32562,1.32567,1000400009.1552734
2012-02-08 22:45:00,1.32568,1.32577,1.32564,1.32575,667900009.1552734
2012-02-08 22:46:00,1.32575,1.32585,1.32569,1.32584,815400009.1552734
2012-02-08 22:47:00,1.32581,1.32588,1.32567,1.32577,941999969.4824219
2012-02-08 22:48:00,1.32577,1.32588,1.32566,1.32567,1512799987.7929688
2012-02-08 22:49:00,1.32571,1.32573,1.3256,1.32564,923000030.5175781
2012-02-08 22:50:00,1.32565,1.32568,1.32542,1.32565,2136600036.6210938
2012-02-08 22:51:00,1.32567,1.32571,1.32559,1.3256,787500000.0
2012-02-08 22:52:00,1.32561,1.32578,1.32546,1.32546,1269300003.0517578
2012-02-08 22:53:00,1.32546,1.32546,1.3251,1.32527,2047400054.9316406
2012-02-08 22:54:00,1.32523,1.32534,1.3252,1.3252,523899993.8964844
2012-02-08 22:55:00,1.32519,1.32521,1.32517,1.32517,189500007.62939453
2012-02-08 22:56:00,1.3252,1.32524,1.32502,1.32518,1380299987.7929688
2012-02-08 22:57:00,1.32518,1.32528,1.32514,1.32526,925500030.5175781
2012-02-08 22:58:00,1.32526,1.32526,1.32522,1.32523,285000000.0
2012-02-08 22:59:00,1.32523,1.32523,1.32507,1.32507,571399993.8964844
2012-02-08 23:00:00,1.32505,1.32522,1.325,1.32505,1464799957.2753906
2012-02-08 23:01:00,1.32505,1.32506,1.3243,1.3243,2113500061.0351562
2012-02-08 23:02:00,1.3243,1.3243,1.3233,1.3233,3542099914.5507812
2012-02-08 23:03:00,1.32329,1.32358,1.32293,1.32357,3657999877.9296875
2012-02-08 23:04:00,1.32363,1.324,1.32359,1.32399,4238500061.0351562
2012-02-08 23:05:00,1.32398,1.3243,1.32398,1.32404,2210800018.310547
2012-02-08 23:06:00,1.32404,1.32404,1.32363,1.32371,2031499938.9648438
2012-02-08 23:07:00,1.32369,1.32378,1.32325,1.32327,3152999877.9296875
2012-02-08 23:08:00,1.32325,1.32331,1.32288,1.32302,2862300109.8632812
2012-02-08 23:09:00,1.32304,1.32308,1.32224,1.32224,3007000122.0703125
2012-02-08 23:10:00,1.32225,1.32282,1.32221,1.32282,1329799957.2753906
2012-02-08 23:11:00,1.32282,1.32339,1.32282,1.32332,1515000000.0
2012-02-08 23:12:00,1.32331,1.32343,1.32329,1.32329,945500030.5175781
2012-02-08 23:13:00,1.32329,1.32341,1.32329,1.32339,646500015.2587891
2012-02-08 23:14:00,1.32339,1.32339,1.32259,1.32259,1807599945.0683594
2012-02-08 23:15:00,1.32258,1.32258,1.32183,1.32229,3207300109.8632812
2012-02-08 23:16:00,1.32231,1.32245,1.3223,1.32242,1448999938.9648438
2012-02-08 23:17:00,1.32244,1.32314,1.32244,1.32298,2230599975.5859375
2012-02-08 23:18:00,1.32297,1.32298,1.32241,1.32266,2462799987.7929688
2012-02-08 23:19:00,1.32267,1.32316,1.32267,1.32306,2546399993.8964844
2012-02-08 23:20:00,1.32305,1.32342,1.32289,1.3234,2591600036.6210938
2012-02-08 23:21:00,1.32339,1.32339,1.323,1.32322,2187299957.2753906
2012-02-08 23:22:00,1.32324,1.32359,1.32324,1.32358,936800003.0517578
2012-02-08 23:23:00,1.32357,1.32376,1.32351,1.32376,1910899963.3789062
2012-02-08 23:24:00,1.32376,1.32387,1.32346,1.32346,2056699981.6894531
2012-02-08 23:25:00,1.32346,1.3236,1.32339,1.3236,1279300003.0517578
2012-02-08 23:26:00,1.3236,1.32374,1.3236,1.32369,1404700012.2070312
2012-02-08 23:27:00,1.32371,1.32374,1.32363,1.32366,906699981.6894531
2012-02-08 23:28:00,1.32366,1.32392,1.32359,1.32391,2023999938.9648438
2012-02-08 23:29:00,1.32391,1.32429,1.32391,1.324,2309799957.2753906
2012-02-08 23:30:00,1.324,1.324,1.32373,1.32373,870000000.0
2012-02-08 23:31:00,1.32375,1.32425,1.32375,1.32422,1267900009.1552734
2012-02-08 23:32:00,1.32422,1.32424,1.32412,1.32413,1213600006.1035156
2012-02-08 23:33:00,1.32412,1.32415,1.32412,1.32414,1862500000.0
2012-02-08 23:34:00,1.32413,1.32414,1.32412,1.32414,1552299957.2753906
2012-02-08 23:35:00,1.32413,1.32457,1.32413,1.32454,1813899993.8964844
2012-02-08 23:36:00,1.32454,1.32459,1.32419,1.32423,1988300018.3105469
2012-02-08 23:37:00,1.32423,1.32423,1.32399,1.32408,1372799987.7929688
2012-02-08 23:38:00,1.32408,1.32414,1.32405,1.32405,382599983.21533203
2012-02-08 23:39:00,1.32405,1.32424,1.324,1.32424,748600006.1035156
2012-02-08 23:40:00,1.32424,1.32442,1.32424,1.32442,758499984.7412109
2012-02-08 23:41:00,1.32443,1.32477,1.32443,1.32469,1125299987.7929688
2012-02-08 23:42:00,1.32466,1.32485,1.32463,1.32471,1515299987.7929688
2012-02-08 23:43:00,1.32471,1.32475,1.32451,1.32452,1421600036.6210938
2012-02-08 23:44:00,1.32452,1.32462,1.32452,1.32462,974300003.0517578
2012-02-08 23:45:00,1.32461,1.32462,1.3245,1.32451,949400024.4140625
2012-02-08 23:46:00,1.32451,1.32462,1.32451,1.32455,623699989.3188477
2012-02-08 23:47:00,1.32455,1.32459,1.3245,1.32456,761500015.2587891
2012-02-08 23:48:00,1.32456,1.32458,1.32453,1.32455,532400016.78466797
2012-02-08 23:49:00,1.32455,1.32455,1.32442,1.32445,555800018.3105469
2012-02-08 23:50:00,1.32444,1.32462,1.32444,1.32461,684800033.5693359
2012-02-08 23:51:00,1.32462,1.32533,1.32462,1.32507,4072999877.9296875
2012-02-08 23:52:00,1.32507,1.32551,1.32497,1.32536,2130800018.3105469
2012-02-08 23:53:00,1.32536,1.32536,1.32518,1.32518,480600013.73291016
2012-02-08 23:54:00,1.32518,1.32518,1.32507,1.32509,1199000015.258789
2012-02-08 23:55:00,1.32509,1.32511,1.32502,1.32502,926299972.5341797
2012-02-08 23:56:00,1.32502,1.32502,1.3247,1.32474,1125699996.9482422
2012-02-08 23:57:00,1.32474,1.3248,1.3247,1.32476,613199996.9482422
2012-02-08 23:58:00,1.32476,1.3248,1.32475,1.32478,493600006.1035156
2012-02-08 23:59:00,1.32478,1.32478,1.32471,1.32471,202900009.15527344
2012-02-09 00:00:00,1.32472,1.32501,1.32467,1.32499,1598899993.8964844
2012-02-09 00:01:00,1.32498,1.32501,1.32482,1.32501,1553600006.1035156
2012-02-09 00:02:00,1.32501,1.32506,1.32501,1.32504,488400001.5258789
2012-02-09 00:03:00,1.32501,1.32506,1.32488,1.3249,1077099990.8447266
2012-02-09 00:04:00,1.3249,1.32492,1.32465,1.32468,1150800018.3105469
2012-02-09 00:05:00,1.32469,1.32472,1.32447,1.32462,1814700012.2070312
2012-02-09 00:06:00,1.32462,1.32503,1.3245,1.32501,1521000061.0351562
2012-02-09 00:07:00,1.32502,1.32518,1.32502,1.32518,873600006.1035156
2012-02-09 00:08:00,1.32518,1.32536,1.32518,1.32529,806299972.5341797
2012-02-09 00:09:00,1.3253,1.32546,1.32525,1.32525,1358200073.2421875
2012-02-09 00:10:00,1.32525,1.32529,1.32501,1.32502,976800003.0517578
2012-02-09 00:11:00,1.32504,1.32512,1.32502,1.32504,825699996.9482422
2012-02-09 00:12:00,1.32503,1.32504,1.3249,1.32491,881800003.0517578
2012-02-09 00:13:00,1.32493,1.32494,1.32489,1.32492,380999984.74121094
2012-02-09 00:14:00,1.32489,1.32491,1.32477,1.32477,360000000.0
2012-02-09 00:15:00,1.32476,1.32477,1.32449,1.32463,1301300048.828125
2012-02-09 00:16:00,1.32464,1.32484,1.32463,1.32465,1303600006.1035156
2012-02-09 00:17:00,1.32466,1.32475,1.32466,1.32474,355900001.5258789
2012-02-09 00:18:00,1.32474,1.32492,1.32474,1.32485,822399978.6376953
2012-02-09 00:19:00,1.32485,1.32486,1.3246,1.32462,1190699996.9482422
2012-02-09 00:20:00,1.32462,1.32463,1.32432,1.32438,843099975.5859375
2012-02-09 00:21:00,1.32438,1.32461,1.32437,1.32448,1483200073.2421875
2012-02-09 00:22:00,1.32448,1.32454,1.32444,1.32446,1256500015.258789
2012-02-09 00:23:00,1.32446,1.32447,1.32426,1.3243,1220199966.430664
2012-02-09 00:24:00,1.32432,1.32447,1.32396,1.32398,1208799972.5341797
2012-02-09 00:25:00,1.32398,1.32398,1.32363,1.32377,2010700073.2421875
2012-02-09 00:26:00,1.32378,1.32401,1.32377,1.32393,1256600036.6210938
2012-02-09 00:27:00,1.32392,1.32406,1.32381,1.32405,1438000030.5175781
2012-02-09 00:28:00,1.32404,1.32408,1.32404,1.32405,404399986.26708984
2012-02-09 00:29:00,1.32406,1.32406,1.3237,1.32378,1011900024.4140625
2012-02-09 00:30:00,1.32377,1.32389,1.32373,1.32389,811699981.6894531
2012-02-09 00:31:00,1.32389,1.32391,1.32382,1.3239,742900009.1552734
2012-02-09 00:32:00,1.3239,1.3239,1.32367,1.32367,786200027.4658203
2012-02-09 00:33:00,1.32367,1.32377,1.32367,1.32374,620400009.1552734
2012-02-09 00:34:00,1.32374,1.32381,1.32374,1.32379,615499992.3706055
2012-02-09 00:35:00,1.32379,1.32391,1.32373,1.32388,1176800003.0517578
2012-02-09 00:36:00,1.32385,1.32391,1.32379,1.32384,785199966.4306641
2012-02-09 00:37:00,1.32383,1.32389,1.3238,1.32386,528400001.5258789
2012-02-09 00:38:00,1.32387,1.32387,1.32379,1.32379,748700027.4658203
2012-02-09 00:39:00,1.32381,1.32386,1.3237,1.32384,898000030.5175781
2012-02-09 00:40:00,1.32381,1.32383,1.32355,1.32356,1201900024.4140625
2012-02-09 00:41:00,1.32357,1.32357,1.32345,1.32348,490299987.79296875
2012-02-09 00:42:00,1.32341,1.32341,1.32309,1.32311,1505899963.3789062
2012-02-09 00:43:00,1.32313,1.3236,1.32312,1.32352,1281999969.4824219
2012-02-09 00:44:00,1.32351,1.32351,1.32333,1.32333,1056399993.8964844
2012-02-09 00:45:00,1.32333,1.32342,1.32332,1.32335,491100006.1035156
2012-02-09 00:46:00,1.32333,1.32347,1.32332,1.32346,839100036.6210938
2012-02-09 00:47:00,1.32346,1.32375,1.32346,1.3237,1367299957.2753906
2012-02-09 00:48:00,1.3237,1.32377,1.32367,1.32375,1327299957.2753906
2012-02-09 00:49:00,1.32375,1.32378,1.32369,1.32374,1177900009.1552734
2012-02-09 00:50:00,1.32373,1.32379,1.32362,1.32367,1203600006.1035156
2012-02-09 00:51:00,1.32369,1.32369,1.32312,1.32324,1740099945.0683594
2012-02-09 00:52:00,1.32324,1.32336,1.32319,1.32327,1446699981.6894531
2012-02-09 00:53:00,1.32327,1.32361,1.32327,1.32352,1082099990.8447266
2012-02-09 00:54:00,1.32353,1.32353,1.32284,1.32287,1714900054.9316406
2012-02-09 00:55:00,1.32281,1.32331,1.32279,1.32287,2265399932.861328
2012-02-09 00:56:00,1.32285,1.32307,1.32269,1.32299,1830299987.7929688
2012-02-09 00:57:00,1.32299,1.32339,1.32296,1.32335,1171600036.6210938
2012-02-09 00:58:00,1.32335,1.32349,1.32328,1.32338,2262500000.0
2012-02-09 00:59:00,1.32338,1.32396,1.32338,1.3239,2267500000.0
2012-02-09 01:00:00,1.32388,1.3239,1.32349,1.3235,1256100006.1035156
2012-02-09 01:01:00,1.3235,1.32382,1.32348,1.32376,1541000061.0351562
2012-02-09 01:02:00,1.32376,1.32383,1.32359,1.32359,1330700073.2421875
2012-02-09 01:03:00,1.32359,1.32366,1.32349,1.32365,1130800018.3105469
2012-02-09 01:04:00,1.32366,1.32369,1.32353,1.32369,1115100021.3623047
2012-02-09 01:05:00,1.32368,1.32412,1.32363,1.32366,1929299926.7578125
2012-02-09 01:06:00,1.32368,1.32382,1.32351,1.32379,2079199981.6894531
2012-02-09 01:07:00,1.32379,1.32391,1.32368,1.32376,1936000061.0351562
2012-02-09 01:08:00,1.32375,1.32376,1.32366,1.32369,1023000030.5175781
2012-02-09 01:09:00,1.32369,1.32389,1.32367,1.32388,1944499969.4824219
2012-02-09 01:10:00,1.32391,1.32403,1.3238,1.32393,1557500000.0
2012-02-09 01:11:00,1.32394,1.32411,1.32359,1.32359,2243200073.2421875
2012-02-09 01:12:00,1.32361,1.32361,1.32349,1.32355,515900001.5258789
2012-02-09 01:13:00,1.32355,1.32355,1.32345,1.32349,882900009.1552734
2012-02-09 01:14:00,1.32349,1.32389,1.32349,1.32381,1431399993.8964844
2012-02-09 01:15:00,1.3238,1.32381,1.32361,1.32361,1082900009.1552734
2012-02-09 01:16:00,1.3236,1.32392,1.32346,1.32368,1577599945.0683594
2012-02-09 01:17:00,1.32368,1.32378,1.32359,1.32376,1397700042.7246094
2012-02-09 01:18:00,1.32374,1.32376,1.3236,1.32361,371500015.25878906
2012-02-09 01:19:00,1.3236,1.32366,1.32337,1.32342,1365399932.8613281
2012-02-09 01:20:00,1.32343,1.3236,1.32341,1.32356,1523500061.0351562
2012-02-09 01:21:00,1.32356,1.32362,1.32353,1.3236,467900009.15527344
2012-02-09 01:22:00,1.32362,1.32377,1.32362,1.32374,781999969.4824219
2012-02-09 01:23:00,1.32375,1.32384,1.32374,1.32376,831600036.6210938
2012-02-09 01:24:00,1.32375,1.32376,1.32369,1.32369,552999992.3706055
2012-02-09 01:25:00,1.32369,1.32369,1.32352,1.32355,1030400009.1552734
2012-02-09 01:26:00,1.32355,1.32355,1.32343,1.32351,647699966.4306641
2012-02-09 01:27:00,1.32353,1.32355,1.32346,1.32346,938600006.1035156
2012-02-09 01:28:00,1.32346,1.32364,1.32346,1.32364,561100006.1035156
2012-02-09 01:29:00,1.32362,1.3238,1.3236,1.32367,1548000030.5175781
2012-02-09 01:30:00,1.32367,1.32376,1.32363,1.32366,523899993.8964844
2012-02-09 01:31:00,1.32365,1.32386,1.32365,1.32373,542700004.5776367
2012-02-09 01:32:00,1.32373,1.32373,1.32281,1.32309,2516399993.8964844
2012-02-09 01:33:00,1.32311,1.32345,1.32308,1.32325,2296999969.482422
2012-02-09 01:34:00,1.32322,1.32329,1.32304,1.32328,1567500000.0
2012-02-09 01:35:00,1.32328,1.32359,1.32324,1.32352,1484299926.7578125
2012-02-09 01:36:00,1.32356,1.32378,1.32348,1.32369,1380200042.7246094
2012-02-09 01:37:00,1.32371,1.32406,1.32368,1.32403,1499400024.4140625
2012-02-09 01:38:00,1.32402,1.32461,1.32401,1.32442,2304299926.7578125
2012-02-09 01:39:00,1.32442,1.32443,1.3241,1.3241,1319199981.6894531
2012-02-09 01:40:00,1.32409,1.32426,1.32401,1.3242,1493600006.1035156
2012-02-09 01:41:00,1.3242,1.3243,1.32415,1.3243,1086100006.1035156
2012-02-09 01:42:00,1.3243,1.3243,1.32419,1.32428,1026100006.1035156
2012-02-09 01:43:00,1.32431,1.32439,1.32412,1.32439,1446600036.6210938
2012-02-09 01:44:00,1.32439,1.32458,1.32439,1.32447,1135500030.5175781
2012-02-09 01:45:00,1.32448,1.32472,1.32448,1.32459,1410700073.2421875
2012-02-09 01:46:00,1.32463,1.32476,1.32456,1.32456,2288200073.2421875
2012-02-09 01:47:00,1.32456,1.32456,1.32436,1.32438,1080899963.3789062
2012-02-09 01:48:00,1.32436,1.3244,1.32431,1.3244,780800018.3105469
2012-02-09 01:49:00,1.3244,1.3244,1.32426,1.32426,483499984.74121094
2012-02-09 01:50:00,1.32426,1.3243,1.32416,1.32416,1185999984.741211
2012-02-09 01:51:00,1.32416,1.32429,1.32416,1.32429,470499992.37060547
2012-02-09 01:52:00,1.32429,1.32435,1.32427,1.32435,641100006.1035156
2012-02-09 01:53:00,1.32435,1.32446,1.32433,1.32442,541100006.1035156
2012-02-09 01:54:00,1.32444,1.32458,1.32441,1.32457,568600006.1035156
2012-02-09 01:55:00,1.32457,1.32466,1.32448,1.32466,725999984.7412109
2012-02-09 01:56:00,1.32467,1.32473,1.32453,1.32463,957799987.7929688
2012-02-09 01:57:00,1.32465,1.32468,1.3246,1.32466,822300033.5693359
2012-02-09 01:58:00,1.32466,1.32487,1.3246,1.32472,1206800003.0517578
2012-02-09 01:59:00,1.32471,1.32492,1.32471,1.32487,910199966.4306641
2012-02-09 02:00:00,1.32488,1.32534,1.32488,1.32528,1512400054.9316406
2012-02-09 02:01:00,1.32528,1.32536,1.32503,1.32504,1345700073.2421875
2012-02-09 02:02:00,1.32503,1.32527,1.32503,1.32516,1354900054.9316406
2012-02-09 02:03:00,1.32513,1.32531,1.32504,1.32531,1055999984.7412109
2012-02-09 02:04:00,1.3253,1.3253,1.32503,1.32522,1068899993.8964844
2012-02-09 02:05:00,1.32524,1.32528,1.32509,1.32511,780299987.7929688
2012-02-09 02:06:00,1.32511,1.32513,1.32506,1.32507,746600036.6210938
2012-02-09 02:07:00,1.32506,1.32513,1.32505,1.32509,1526799926.7578125
2012-02-09 02:08:00,1.32507,1.32507,1.32478,1.32478,1382799987.7929688
2012-02-09 02:09:00,1.32478,1.32486,1.32472,1.32486,1061399993.8964844
2012-02-09 02:10:00,1.32486,1.32491,1.32482,1.32486,995699996.9482422
2012-02-09 02:11:00,1.32486,1.32522,1.32481,1.32522,1489199981.6894531
2012-02-09 02:12:00,1.32522,1.3253,1.32515,1.32515,1192600021.3623047
2012-02-09 02:13:00,1.32515,1.32522,1.32504,1.32517,1879199981.6894531
2012-02-09 02:14:00,1.32516,1.32524,1.32515,1.32518,1391900024.4140625
2012-02-09 02:15:00,1.32517,1.32522,1.3251,1.32516,888600006.1035156
2012-02-09 02:16:00,1.32518,1.32523,1.32503,1.32507,977699966.4306641
2012-02-09 02:17:00,1.32507,1.32522,1.32503,1.3252,1373300018.3105469
2012-02-09 02:18:00,1.32523,1.32531,1.32522,1.32528,386699981.6894531
2012-02-09 02:19:00,1.32527,1.32551,1.32527,1.32548,1560399932.8613281
2012-02-09 02:20:00,1.32548,1.32617,1.32546,1.32607,2453099975.5859375
2012-02-09 02:21:00,1.32607,1.32607,1.32578,1.32582,2069299926.7578125
2012-02-09 02:22:00,1.32584,1.32587,1.32571,1.32578,1306600036.6210938
2012-02-09 02:23:00,1.32578,1.32583,1.32572,1.32581,1130400009.1552734
2012-02-09 02:24:00,1.32583,1.32598,1.3258,1.3258,1687599945.0683594
2012-02-09 02:25:00,1.32582,1.32589,1.32537,1.32543,2259400024.4140625
2012-02-09 02:26:00,1.32544,1.32568,1.32534,1.32556,2176000061.0351562
2012-02-09 02:27:00,1.32556,1.32556,1.32538,1.32538,1887200012.2070312
2012-02-09 02:28:00,1.32538,1.32545,1.32538,1.32543,646299972.5341797
2012-02-09 02:29:00,1.32543,1.32544,1.32532,1.32537,616599998.4741211
2012-02-09 02:30:00,1.32536,1.32561,1.32536,1.32545,1955099945.0683594
2012-02-09 02:31:00,1.32546,1.32549,1.32544,1.32549,976999969.4824219
2012-02-09 02:32:00,1.32549,1.32559,1.32543,1.3255,954499969.4824219
2012-02-09 02:33:00,1.3255,1.32556,1.3254,1.32544,871399993.8964844
2012-02-09 02:34:00,1.32545,1.32555,1.32543,1.32553,456699981.6894531
2012-02-09 02:35:00,1.32549,1.32569,1.32548,1.32559,1691399993.8964844
2012-02-09 02:36:00,1.32559,1.32564,1.32549,1.32552,925999984.7412109
2012-02-09 02:37:00,1.32551,1.32565,1.32551,1.32562,432900009.15527344
2012-02-09 02:38:00,1.32562,1.32571,1.32561,1.32569,637400016.784668
2012-02-09 02:39:00,1.32569,1.32579,1.32564,1.32571,663099975.5859375
2012-02-09 02:40:00,1.32571,1.32571,1.32567,1.32568,557599983.215332
2012-02-09 02:41:00,1.32566,1.32566,1.32552,1.32552,700599975.5859375
2012-02-09 02:42:00,1.32553,1.32553,1.32541,1.32542,967500000.0
2012-02-09 02:43:00,1.32542,1.32542,1.3253,1.32534,1079300003.0517578
2012-02-09 02:44:00,1.32535,1.32549,1.32534,1.32549,693799972.5341797
2012-02-09 02:45:00,1.32548,1.32566,1.32548,1.32565,1011999969.4824219
2012-02-09 02:46:00,1.32564,1.326,1.32563,1.3259,1666900024.4140625
2012-02-09 02:47:00,1.3259,1.32591,1.32585,1.32588,886999969.4824219
2012-02-09 02:48:00,1.32588,1.32632,1.32588,1.32632,1874900054.9316406
2012-02-09 02:49:00,1.32634,1.32635,1.32616,1.32617,876399993.8964844
2012-02-09 02:50:00,1.32616,1.3262,1.32614,1.32618,1086399993.8964844
2012-02-09 02:51:00,1.3262,1.32659,1.3262,1.32631,2029100036.6210938
2012-02-09 02:52:00,1.32632,1.3264,1.32632,1.32637,711500015.2587891
2012-02-09 02:53:00,1.32636,1.32638,1.3263,1.32637,570999984.7412109
2012-02-09 02:54:00,1.32636,1.32636,1.3263,1.32633,930100021.3623047
2012-02-09 02:55:00,1.32633,1.32633,1.32598,1.32599,1000500030.5175781
2012-02-09 02:56:00,1.32598,1.32598,1.32588,1.32591,1348200073.2421875
2012-02-09 02:57:00,1.32592,1.32602,1.32583,1.32585,774199981.6894531
2012-02-09 02:58:00,1.32585,1.32589,1.32583,1.32586,596100006.1035156
2012-02-09 02:59:00,1.32586,1.32599,1.32582,1.32591,1341900024.4140625
2012-02-09 03:00:00,1.32591,1.32597,1.32585,1.32597,849400024.4140625
2012-02-09 03:01:00,1.32596,1.32614,1.32591,1.3261,1184100036.6210938
2012-02-09 03:02:00,1.3261,1.3263,1.32598,1.326,2071499938.9648438
2012-02-09 03:03:00,1.326,1.32603,1.32588,1.32595,1125000000.0
2012-02-09 03:04:00,1.32595,1.32597,1.32592,1.32594,566699981.6894531
2012-02-09 03:05:00,1.32593,1.3261,1.32592,1.32609,1112200012.2070312
2012-02-09 03:06:00,1.3261,1.3262,1.3261,1.3261,905999984.7412109
2012-02-09 03:07:00,1.32617,1.32618,1.3261,1.32614,1102600021.3623047
2012-02-09 03:08:00,1.32615,1.32615,1.32589,1.32591,1274000015.258789
2012-02-09 03:09:00,1.32592,1.32595,1.32574,1.32577,1176200027.4658203
2012-02-09 03:10:00,1.32578,1.32592,1.32578,1.32582,689800033.5693359
2012-02-09 03:11:00,1.32583,1.32592,1.32583,1.32586,326399993.8964844
2012-02-09 03:12:00,1.32586,1.32589,1.32576,1.32582,1327200012.2070312
2012-02-09 03:13:00,1.32582,1.32591,1.32582,1.3259,788600006.1035156
2012-02-09 03:14:00,1.32588,1.32589,1.32578,1.32581,1680399932.8613281
2012-02-09 03:15:00,1.3258,1.32589,1.32569,1.3257,911200027.4658203
2012-02-09 03:16:00,1.32571,1.32586,1.32549,1.32586,1743699951.171875
2012-02-09 03:17:00,1.32586,1.32589,1.3258,1.3258,646900024.4140625
2012-02-09 03:18:00,1.3258,1.3258,1.32558,1.32562,1167200012.2070312
2012-02-09 03:19:00,1.32562,1.32567,1.32538,1.32538,1079199981.6894531
2012-02-09 03:20:00,1.32538,1.32538,1.32511,1.3252,1592400054.9316406
2012-02-09 03:21:00,1.32521,1.32583,1.32521,1.32574,2590799865.7226562
2012-02-09 03:22:00,1.32574,1.326,1.32564,1.32595,2213000030.517578
2012-02-09 03:23:00,1.32594,1.32598,1.32587,1.32589,1492400054.9316406
2012-02-09 03:24:00,1.32591,1.32591,1.3257,1.32588,1691999969.4824219
2012-02-09 03:25:00,1.32587,1.32589,1.32572,1.32576,1176699981.6894531
2012-02-09 03:26:00,1.32574,1.32576,1.3257,1.32575,695400009.1552734
2012-02-09 03:27:00,1.32575,1.32582,1.32573,1.32574,556800003.0517578
2012-02-09 03:28:00,1.32574,1.32579,1.3257,1.3257,465499992.37060547
2012-02-09 03:29:00,1.3257,1.32577,1.32567,1.32575,755400009.1552734
2012-02-09 03:30:00,1.32576,1.32578,1.32573,1.32576,1010500030.5175781
2012-02-09 03:31:00,1.32574,1.32587,1.32573,1.32587,347599983.21533203
2012-02-09 03:32:00,1.32586,1.32598,1.32586,1.32595,1602299957.2753906
2012-02-09 03:33:00,1.32597,1.3261,1.32594,1.32603,1214100036.6210938
2012-02-09 03:34:00,1.32605,1.32641,1.32605,1.32631,1492700042.7246094
2012-02-09 03:35:00,1.32631,1.32639,1.3261,1.32617,1771799926.7578125
2012-02-09 03:36:00,1.32615,1.32629,1.32609,1.32627,1218799972.5341797
2012-02-09 03:37:00,1.32625,1.32636,1.32624,1.32635,826200027.4658203
2012-02-09 03:38:00,1.32635,1.32657,1.32635,1.32644,1181299972.5341797
2012-02-09 03:39:00,1.32644,1.3266,1.32639,1.32651,1582899932.8613281
2012-02-09 03:40:00,1.32651,1.32651,1.32601,1.32613,2496199951.171875
2012-02-09 03:41:00,1.32615,1.32644,1.326,1.32639,1405000000.0
2012-02-09 03:42:00,1.32643,1.32654,1.3263,1.32631,1374499969.4824219
2012-02-09 03:43:00,1.32631,1.32641,1.32622,1.32634,1169000015.258789
2012-02-09 03:44:00,1.32637,1.3264,1.32631,1.32639,1921300048.828125
2012-02-09 03:45:00,1.32639,1.32644,1.32633,1.32639,1566399993.8964844
2012-02-09 03:46:00,1.32639,1.3264,1.32629,1.32638,941900024.4140625
2012-02-09 03:47:00,1.32638,1.32644,1.32638,1.32643,299799995.4223633
2012-02-09 03:48:00,1.32645,1.32645,1.32632,1.32632,570499992.3706055
2012-02-09 03:49:00,1.32633,1.32633,1.32603,1.32615,1347599945.0683594
2012-02-09 03:50:00,1.32614,1.32616,1.32608,1.32616,1387599945.0683594
2012-02-09 03:51:00,1.32616,1.32616,1.32596,1.32609,1776100006.1035156
2012-02-09 03:52:00,1.32608,1.32628,1.32597,1.32624,879700012.2070312
2012-02-09 03:53:00,1.32622,1.32638,1.32622,1.3263,1573800048.828125
2012-02-09 03:54:00,1.3263,1.32632,1.32623,1.32627,1344600067.1386719
2012-02-09 03:55:00,1.32627,1.32627,1.32613,1.32613,800400009.1552734
2012-02-09 03:56:00,1.32614,1.32614,1.32578,1.32583,1776799926.7578125
2012-02-09 03:57:00,1.32588,1.32609,1.32588,1.32609,1249000015.258789
2012-02-09 03:58:00,1.3261,1.3261,1.32501,1.32507,2714100036.6210938
2012-02-09 03:59:00,1.32506,1.32523,1.32454,1.32512,2345800018.310547
2012-02-09 04:00:00,1.32513,1.32532,1.32511,1.32527,1224000015.258789
2012-02-09 04:01:00,1.32527,1.3255,1.32522,1.3255,1398500061.0351562
2012-02-09 04:02:00,1.3255,1.3255,1.32501,1.32502,1320399932.8613281
2012-02-09 04:03:00,1.32504,1.32553,1.32502,1.32542,1491000061.0351562
2012-02-09 04:04:00,1.32543,1.32545,1.32527,1.32544,2120200042.7246094
2012-02-09 04:05:00,1.32546,1.32572,1.32544,1.32565,1744400024.4140625
2012-02-09 04:06:00,1.32567,1.32578,1.32567,1.32578,1321399993.8964844
2012-02-09 04:07:00,1.32577,1.32578,1.32556,1.32556,1207399978.6376953
2012-02-09 04:08:00,1.32556,1.32559,1.3255,1.32554,1264100036.6210938
2012-02-09 04:09:00,1.32555,1.32555,1.32542,1.32542,1479100036.6210938
2012-02-09 04:10:00,1.32544,1.32547,1.32526,1.32528,1392700042.7246094
2012-02-09 04:11:00,1.32528,1.32541,1.32525,1.32538,798899993.8964844
2012-02-09 04:12:00,1.32537,1.32537,1.32527,1.32529,915100021.3623047
2012-02-09 04:13:00,1.32529,1.32529,1.32511,1.32516,1537400054.9316406
2012-02-09 04:14:00,1.32516,1.32527,1.3251,1.32521,763700027.4658203
2012-02-09 04:15:00,1.32521,1.32523,1.32512,1.32516,1283899993.8964844
2012-02-09 04:16:00,1.32517,1.32539,1.32514,1.32523,1119599990.8447266
2012-02-09 04:17:00,1.32523,1.32535,1.32523,1.32532,1058799972.5341797
2012-02-09 04:18:00,1.32532,1.32561,1.32532,1.32558,698899993.8964844
2012-02-09 04:19:00,1.32558,1.32593,1.32558,1.32592,835999984.7412109
2012-02-09 04:20:00,1.32588,1.32612,1.32588,1.32597,1537799987.7929688
2012-02-09 04:21:00,1.32596,1.32596,1.32575,1.32577,1388800048.828125
2012-02-09 04:22:00,1.32577,1.32584,1.32569,1.32577,1037600021.3623047
2012-02-09 04:23:00,1.32575,1.32585,1.32561,1.32563,1108199996.9482422
2012-02-09 04:24:00,1.32563,1.32579,1.32563,1.32572,729599990.8447266
2012-02-09 04:25:00,1.32571,1.32579,1.32561,1.32569,1384400024.4140625
2012-02-09 04:26:00,1.32569,1.32579,1.32563,1.32572,1375399932.8613281
2012-02-09 04:27:00,1.32575,1.32577,1.3257,1.32573,747200012.2070312
2012-02-09 04:28:00,1.32572,1.32591,1.32572,1.32583,431100006.1035156
2012-02-09 04:29:00,1.32583,1.32607,1.32581,1.326,1615899963.3789062
2012-02-09 04:30:00,1.32601,1.3262,1.32601,1.32613,1376600036.6210938
2012-02-09 04:31:00,1.32613,1.32618,1.32608,1.32615,1302299957.2753906
2012-02-09 04:32:00,1.32616,1.3264,1.32613,1.32617,1238799972.5341797
2012-02-09 04:33:00,1.32617,1.32618,1.32594,1.32597,1211100006.1035156
2012-02-09 04:34:00,1.32597,1.32615,1.32591,1.32612,1556499938.9648438
2012-02-09 04:35:00,1.32611,1.32652,1.32611,1.32641,1520200042.7246094
2012-02-09 04:36:00,1.32641,1.32645,1.32631,1.32635,1275999984.741211
2012-02-09 04:37:00,1.32635,1.32638,1.3263,1.32633,1137600021.3623047
2012-02-09 04:38:00,1.32635,1.32678,1.32632,1.32678,1541399993.8964844
2012-02-09 04:39:00,1.32677,1.32678,1.3267,1.32677,1312200012.2070312
2012-02-09 04:40:00,1.32677,1.32728,1.32671,1.32687,2302100067.138672
2012-02-09 04:41:00,1.32686,1.32722,1.3268,1.32721,1676100006.1035156
2012-02-09 04:42:00,1.32726,1.32738,1.32721,1.32725,1963300018.3105469
2012-02-09 04:43:00,1.32725,1.3273,1.32721,1.32722,1165400009.1552734
2012-02-09 04:44:00,1.32722,1.32728,1.32711,1.32712,1090199966.430664
2012-02-09 04:45:00,1.32712,1.32716,1.32697,1.32697,1507799987.7929688
2012-02-09 04:46:00,1.32699,1.32749,1.32698,1.32748,1882299957.2753906
2012-02-09 04:47:00,1.32748,1.32777,1.32736,1.32742,1997899932.8613281
2012-02-09 04:48:00,1.32741,1.32747,1.32738,1.32741,1155999984.741211
2012-02-09 04:49:00,1.3274,1.32749,1.32729,1.32739,1477400054.9316406
2012-02-09 04:50:00,1.32739,1.32762,1.32739,1.32751,1054000015.2587891
2012-02-09 04:51:00,1.32752,1.32753,1.32728,1.32728,986399993.8964844
2012-02-09 04:52:00,1.3273,1.3274,1.32725,1.3274,805400009.1552734
2012-02-09 04:53:00,1.3274,1.3274,1.32725,1.32732,1466900024.4140625
2012-02-09 04:54:00,1.32733,1.3274,1.32731,1.32733,767300033.5693359
2012-02-09 04:55:00,1.32734,1.3276,1.32733,1.32753,1350599975.5859375
2012-02-09 04:56:00,1.32755,1.32758,1.32746,1.32757,845000000.0
2012-02-09 04:57:00,1.32756,1.32782,1.3275,1.32782,1663399963.3789062
2012-02-09 04:58:00,1.32782,1.32786,1.3277,1.32776,1307299957.2753906
2012-02-09 04:59:00,1.32776,1.32778,1.32756,1.32759,896600036.6210938
2012-02-09 05:00:00,1.32757,1.32762,1.3274,1.32744,1351300048.828125
2012-02-09 05:01:00,1.32744,1.32754,1.32741,1.32743,1166500015.258789
2012-02-09 05:02:00,1.32743,1.32746,1.32736,1.32743,1064700012.2070312
2012-02-09 05:03:00,1.32741,1.32761,1.32741,1.32753,1265599975.5859375
2012-02-09 05:04:00,1.32759,1.32759,1.32743,1.32749,1105500030.5175781
2012-02-09 05:05:00,1.32751,1.32752,1.32749,1.3275,572999992.3706055
2012-02-09 05:06:00,1.3275,1.32751,1.32742,1.32746,1068700027.4658203
2012-02-09 05:07:00,1.32746,1.3275,1.32731,1.32747,835999984.7412109
2012-02-09 05:08:00,1.32747,1.32756,1.32746,1.3275,1211999969.4824219
2012-02-09 05:09:00,1.32749,1.32751,1.32737,1.32744,2975100097.65625
2012-02-09 05:10:00,1.32742,1.32742,1.32736,1.32736,883700027.4658203
2012-02-09 05:11:00,1.32738,1.32742,1.32733,1.32738,1462400054.9316406
2012-02-09 05:12:00,1.32737,1.32739,1.32737,1.32737,981200027.4658203
2012-02-09 05:13:00,1.32737,1.32743,1.32737,1.3274,1361499938.9648438
2012-02-09 05:14:00,1.3274,1.3274,1.32735,1.32736,1295899963.3789062
2012-02-09 05:15:00,1.32736,1.32739,1.32728,1.32729,1045299987.7929688
2012-02-09 05:16:00,1.32728,1.3273,1.32719,1.3272,1362299957.2753906
2012-02-09 05:17:00,1.32722,1.32727,1.32714,1.32715,1099199981.6894531
2012-02-09 05:18:00,1.32714,1.32721,1.32709,1.32719,1770700073.2421875
2012-02-09 05:19:00,1.32718,1.32718,1.327,1.32701,1610000000.0
2012-02-09 05:20:00,1.32701,1.32713,1.327,1.32713,1058700027.4658203
2012-02-09 05:21:00,1.32713,1.32721,1.32705,1.32719,1233600006.1035156
2012-02-09 05:22:00,1.32719,1.32729,1.32711,1.32719,1323500061.0351562
2012-02-09 05:23:00,1.32721,1.32727,1.32721,1.32722,540499992.3706055
2012-02-09 05:24:00,1.32722,1.32741,1.32722,1.32733,1459799957.2753906
2012-02-09 05:25:00,1.32733,1.32745,1.32723,1.3273,1568300018.3105469
2012-02-09 05:26:00,1.3273,1.32738,1.32729,1.32734,1488800048.828125
2012-02-09 05:27:00,1.32734,1.32758,1.32732,1.32747,1863699951.171875
2012-02-09 05:28:00,1.32746,1.32768,1.32746,1.32751,1834700012.2070312
2012-02-09 05:29:00,1.32751,1.32752,1.32741,1.32744,1434100036.6210938
2012-02-09 05:30:00,1.32744,1.32755,1.32744,1.32753,1152600021.3623047
2012-02-09 05:31:00,1.32752,1.32757,1.32752,1.32756,1203700027.4658203
2012-02-09 05:32:00,1.32757,1.3276,1.32752,1.32759,1160100021.3623047
2012-02-09 05:33:00,1.32759,1.32777,1.32753,1.32777,1164499969.4824219
2012-02-09 05:34:00,1.32777,1.32786,1.3277,1.32772,1580200042.7246094
2012-02-09 05:35:00,1.32772,1.32774,1.32768,1.32773,1294600067.1386719
2012-02-09 05:36:00,1.32776,1.32814,1.32776,1.32798,3373200073.2421875
2012-02-09 05:37:00,1.32798,1.32799,1.32791,1.32798,2067100067.1386719
2012-02-09 05:38:00,1.32797,1.32804,1.32796,1.32801,1169000015.258789
2012-02-09 05:39:00,1.32799,1.328,1.32792,1.32792,943899993.8964844
2012-02-09 05:40:00,1.32791,1.32791,1.32774,1.32778,1826900024.4140625
2012-02-09 05:41:00,1.32778,1.32781,1.32768,1.32777,1616699981.6894531
2012-02-09 05:42:00,1.32777,1.32781,1.32771,1.32779,1480000000.0
2012-02-09 05:43:00,1.32779,1.32779,1.32755,1.32759,1379400024.4140625
2012-02-09 05:44:00,1.32759,1.32764,1.32759,1.3276,773899993.8964844
2012-02-09 05:45:00,1.3276,1.32762,1.32752,1.32761,1277099990.8447266
2012-02-09 05:46:00,1.32761,1.32766,1.32739,1.32743,1572299957.2753906
2012-02-09 05:47:00,1.32743,1.32751,1.32738,1.32748,1236399993.8964844
2012-02-09 05:48:00,1.32743,1.32747,1.32737,1.32738,435000000.0
2012-02-09 05:49:00,1.3274,1.32743,1.32735,1.32735,1140199966.430664
2012-02-09 05:50:00,1.32735,1.32741,1.3273,1.32733,1200400009.1552734
2012-02-09 05:51:00,1.32733,1.32747,1.32727,1.32729,1687799987.7929688
2012-02-09 05:52:00,1.3273,1.32739,1.3273,1.32737,787399978.6376953
2012-02-09 05:53:00,1.32743,1.32758,1.32729,1.32755,1305299987.7929688
2012-02-09 05:54:00,1.32755,1.32755,1.3275,1.32753,630000000.0
2012-02-09 05:55:00,1.32753,1.32756,1.32736,1.32754,892699966.4306641
2012-02-09 05:56:00,1.32754,1.32792,1.32752,1.32789,1809499969.4824219
2012-02-09 05:57:00,1.32789,1.32789,1.32764,1.32782,1381000061.0351562
2012-02-09 05:58:00,1.32784,1.32788,1.32781,1.32784,935800018.3105469
2012-02-09 05:59:00,1.32785,1.32788,1.32758,1.32758,1148000030.5175781
2012-02-09 06:00:00,1.32755,1.32813,1.32753,1.32813,1525399932.8613281
2012-02-09 06:01:00,1.32815,1.32854,1.32815,1.32846,2609299926.7578125
2012-02-09 06:02:00,1.32848,1.32971,1.3284,1.32971,3442900085.4492188
2012-02-09 06:03:00,1.32973,1.32993,1.32948,1.32948,3886799926.7578125
2012-02-09 06:04:00,1.32945,1.32949,1.3293,1.32932,2405200042.7246094
2012-02-09 06:05:00,1.32931,1.32949,1.32921,1.3293,2042200012.2070312
2012-02-09 06:06:00,1.3293,1.33028,1.32928,1.32994,3437999877.9296875
2012-02-09 06:07:00,1.32994,1.32994,1.32969,1.32971,2351000061.0351562
2012-02-09 06:08:00,1.32974,1.32978,1.3294,1.32961,2178699951.171875
2012-02-09 06:09:00,1.32961,1.33001,1.32958,1.33,2029900054.9316406
2012-02-09 06:10:00,1.33,1.33045,1.32994,1.33044,2868200073.2421875
2012-02-09 06:11:00,1.33042,1.33102,1.33041,1.33083,3176600036.6210938
2012-02-09 06:12:00,1.33082,1.33089,1.33041,1.33068,3554599914.5507812
2012-02-09 06:13:00,1.33065,1.33085,1.33034,1.33073,2801499938.9648438
2012-02-09 06:14:00,1.33072,1.33075,1.33041,1.33041,3097699890.1367188
2012-02-09 06:15:00,1.33041,1.33042,1.33025,1.33025,2434700012.2070312
2012-02-09 06:16:00,1.33025,1.33042,1.33007,1.33025,2199900054.9316406
2012-02-09 06:17:00,1.33025,1.33025,1.3298,1.3299,1927299957.2753906
2012-02-09 06:18:00,1.32991,1.33025,1.32991,1.33022,1856199951.171875
2012-02-09 06:19:00,1.33022,1.33042,1.33022,1.33036,2266799926.7578125
2012-02-09 06:20:00,1.33039,1.33042,1.33027,1.33031,1645700073.2421875
2012-02-09 06:21:00,1.33033,1.33056,1.33031,1.33044,2098800048.828125
2012-02-09 06:22:00,1.33045,1.33049,1.3301,1.33022,1347200012.2070312
2012-02-09 06:23:00,1.33022,1.33026,1.32994,1.33019,1756300048.828125
2012-02-09 06:24:00,1.33019,1.33032,1.33012,1.33024,1349100036.6210938
2012-02-09 06:25:00,1.33022,1.3303,1.33013,1.33026,1521600036.6210938
2012-02-09 06:26:00,1.33022,1.33026,1.32998,1.32998,1238499984.741211
2012-02-09 06:27:00,1.32997,1.3301,1.32987,1.32991,1529900054.9316406
2012-02-09 06:28:00,1.32991,1.32992,1.32982,1.32982,854700012.2070312
2012-02-09 06:29:00,1.32979,1.3298,1.32969,1.3297,1255199966.430664
2012-02-09 06:30:00,1.32973,1.32973,1.32955,1.32971,1015999984.7412109
2012-02-09 06:31:00,1.32971,1.32986,1.32968,1.3297,1753399963.3789062
2012-02-09 06:32:00,1.32973,1.32995,1.32973,1.32991,1541000061.0351562
2012-02-09 06:33:00,1.32991,1.33034,1.32986,1.33016,1696999969.4824219
2012-02-09 06:34:00,1.33017,1.33093,1.33017,1.33066,2998599853.515625
2012-02-09 06:35:00,1.33069,1.33123,1.33065,1.33117,2552500000.0
2012-02-09 06:36:00,1.33115,1.3312,1.33045,1.33059,2471999969.482422
2012-02-09 06:37:00,1.33059,1.33075,1.3304,1.33071,2061499938.9648438
2012-02-09 06:38:00,1.33075,1.33101,1.33068,1.33082,1599700012.2070312
2012-02-09 06:39:00,1.33082,1.33083,1.33066,1.33075,1095500030.5175781
2012-02-09 06:40:00,1.33075,1.33075,1.3303,1.33043,1747899932.8613281
2012-02-09 06:41:00,1.33041,1.33055,1.33031,1.33032,1730099945.0683594
2012-02-09 06:42:00,1.33031,1.33048,1.3302,1.33025,2256300048.828125
2012-02-09 06:43:00,1.33025,1.33046,1.33025,1.33034,1960599975.5859375
2012-02-09 06:44:00,1.33034,1.33039,1.33032,1.33038,1576100006.1035156
2012-02-09 06:45:00,1.33038,1.33038,1.32998,1.33001,2419400024.4140625
2012-02-09 06:46:00,1.33001,1.33054,1.32998,1.33051,1631499938.9648438
2012-02-09 06:47:00,1.33048,1.33051,1.3303,1.33033,2030099945.0683594
2012-02-09 06:48:00,1.33029,1.33035,1.33018,1.33035,996299972.5341797
2012-02-09 06:49:00,1.33033,1.33033,1.33004,1.33007,1728500061.0351562
2012-02-09 06:50:00,1.33007,1.3301,1.32999,1.33007,1598600006.1035156
2012-02-09 06:51:00,1.3301,1.33011,1.32993,1.32998,1056100006.1035156
2012-02-09 06:52:00,1.32997,1.33006,1.32993,1.33002,1362299957.2753906
2012-02-09 06:53:00,1.33004,1.33008,1.32973,1.32974,1466499938.9648438
2012-02-09 06:54:00,1.32974,1.32997,1.3297,1.32995,1085699996.9482422
2012-02-09 06:55:00,1.32995,1.33011,1.32992,1.33009,1188099975.5859375
2012-02-09 06:56:00,1.33007,1.33025,1.33004,1.33025,1820200042.7246094
2012-02-09 06:57:00,1.33023,1.3305,1.33018,1.33042,2454900054.9316406
2012-02-09 06:58:00,1.33042,1.3306,1.33042,1.33048,2195800018.310547
2012-02-09 06:59:00,1.33047,1.3306,1.33047,1.33049,2584500122.0703125
2012-02-09 07:00:00,1.3305,1.3305,1.33001,1.33003,2810299987.7929688
2012-02-09 07:01:00,1.33003,1.33003,1.32975,1.32983,2353300018.310547
2012-02-09 07:02:00,1.32982,1.3299,1.32967,1.32967,1747200012.2070312
2012-02-09 07:03:00,1.32967,1.32982,1.3295,1.32954,1484199981.6894531
2012-02-09 07:04:00,1.32953,1.32975,1.3294,1.32974,2010000000.0
2012-02-09 07:05:00,1.32977,1.33005,1.32973,1.33005,1561399993.8964844
2012-02-09 07:06:00,1.33007,1.33014,1.32979,1.32987,2075500030.5175781
2012-02-09 07:07:00,1.32987,1.33014,1.32987,1.33011,1633699951.171875
2012-02-09 07:08:00,1.3301,1.33046,1.3301,1.33026,1975700073.2421875
2012-02-09 07:09:00,1.33026,1.33028,1.33,1.33015,1565399932.8613281
2012-02-09 07:10:00,1.33017,1.33022,1.32987,1.32989,1209300003.0517578
2012-02-09 07:11:00,1.32989,1.32992,1.32958,1.32979,1447700042.7246094
2012-02-09 07:12:00,1.32979,1.33003,1.32975,1.32976,1615700073.2421875
2012-02-09 07:13:00,1.32981,1.32996,1.32979,1.32984,1201800003.0517578
2012-02-09 07:14:00,1.32985,1.32991,1.3297,1.3297,1169300003.0517578
2012-02-09 07:15:00,1.32972,1.32993,1.32969,1.32992,1728300018.3105469
2012-02-09 07:16:00,1.32993,1.33048,1.32992,1.33048,1829199981.6894531
2012-02-09 07:17:00,1.33048,1.33048,1.33018,1.33018,1990700073.2421875
2012-02-09 07:18:00,1.33017,1.33022,1.32987,1.32989,1366999969.4824219
2012-02-09 07:19:00,1.32989,1.33005,1.32978,1.33,1720299987.7929688
2012-02-09 07:20:00,1.33003,1.33066,1.33001,1.33046,2102899932.8613281
2012-02-09 07:21:00,1.33048,1.33048,1.33009,1.33018,1697700042.7246094
2012-02-09 07:22:00,1.33018,1.33021,1.32984,1.3299,1533699951.171875
2012-02-09 07:23:00,1.3299,1.32998,1.32981,1.32989,1325800018.3105469
2012-02-09 07:24:00,1.32991,1.32991,1.32961,1.32981,1581799926.7578125
2012-02-09 07:25:00,1.32979,1.32985,1.3297,1.3297,1769600067.1386719
2012-02-09 07:26:00,1.3297,1.32979,1.32964,1.32969,1531999969.4824219
2012-02-09 07:27:00,1.3297,1.32977,1.32967,1.32973,975599975.5859375
2012-02-09 07:28:00,1.3297,1.32972,1.3295,1.32954,988099975.5859375
2012-02-09 07:29:00,1.32951,1.32953,1.32934,1.32936,2196399993.8964844
2012-02-09 07:30:00,1.32936,1.32961,1.32932,1.32955,2390899963.3789062
2012-02-09 07:31:00,1.32955,1.32958,1.32954,1.32957,887500000.0
2012-02-09 07:32:00,1.32959,1.32971,1.32954,1.32969,1543500061.0351562
2012-02-09 07:33:00,1.32969,1.3297,1.32954,1.32955,2161600036.6210938
2012-02-09 07:34:00,1.32955,1.32957,1.32932,1.3294,2202200012.2070312
2012-02-09 07:35:00,1.3294,1.3294,1.32919,1.32925,1895599975.5859375
2012-02-09 07:36:00,1.32926,1.32929,1.32887,1.32912,3033299865.7226562
2012-02-09 07:37:00,1.32911,1.3293,1.3291,1.32929,1824199981.6894531
2012-02-09 07:38:00,1.3293,1.32958,1.3293,1.32956,1613000030.5175781
2012-02-09 07:39:00,1.32958,1.32965,1.32944,1.32947,1568699951.171875
2012-02-09 07:40:00,1.32947,1.32947,1.32923,1.32928,1671300048.828125
2012-02-09 07:41:00,1.32928,1.32933,1.32891,1.32892,1721000061.0351562
2012-02-09 07:42:00,1.32891,1.32902,1.32889,1.32898,1555299987.7929688
2012-02-09 07:43:00,1.32898,1.32905,1.32892,1.32901,1413699951.171875
2012-02-09 07:44:00,1.32901,1.32918,1.329,1.32915,1541999969.4824219
2012-02-09 07:45:00,1.32913,1.32966,1.32913,1.32966,1892700042.7246094
2012-02-09 07:46:00,1.32966,1.32966,1.32921,1.32938,1787599945.0683594
2012-02-09 07:47:00,1.32938,1.3296,1.32935,1.32954,1339100036.6210938
2012-02-09 07:48:00,1.32954,1.32962,1.3295,1.32957,1065199966.4306641
2012-02-09 07:49:00,1.32957,1.32965,1.32952,1.32959,1091699981.6894531
2012-02-09 07:50:00,1.32959,1.32959,1.3289,1.3289,2176600036.6210938
2012-02-09 07:51:00,1.3289,1.3289,1.32792,1.32832,3528099975.5859375
2012-02-09 07:52:00,1.32831,1.32841,1.32812,1.32832,2666300048.828125
2012-02-09 07:53:00,1.3283,1.32841,1.3283,1.32834,1481499938.9648438
2012-02-09 07:54:00,1.32836,1.3285,1.32821,1.32821,1843899993.8964844
2012-02-09 07:55:00,1.32821,1.32821,1.32767,1.32795,2737200012.2070312
2012-02-09 07:56:00,1.32794,1.32801,1.3275,1.32759,2414900054.9316406
2012-02-09 07:57:00,1.32758,1.32796,1.32755,1.32796,1933300018.3105469
2012-02-09 07:58:00,1.32799,1.32812,1.3279,1.32811,2028600006.1035156
2012-02-09 07:59:00,1.32813,1.32849,1.32808,1.32832,2636000061.0351562
2012-02-09 08:00:00,1.32829,1.3284,1.32812,1.32837,2842099914.5507812
2012-02-09 08:01:00,1.32838,1.32848,1.32827,1.32847,2058200073.2421875
2012-02-09 08:02:00,1.32846,1.32863,1.32837,1.32849,3163399963.3789062
2012-02-09 08:03:00,1.3285,1.32856,1.32819,1.32832,2075399932.8613281
2012-02-09 08:04:00,1.32832,1.32862,1.32829,1.3286,1867500000.0
2012-02-09 08:05:00,1.32859,1.32874,1.32848,1.32858,2483000030.517578
2012-02-09 08:06:00,1.32858,1.32861,1.32841,1.32846,2135700073.2421875
2012-02-09 08:07:00,1.32845,1.32845,1.32806,1.32807,2080899963.3789062
2012-02-09 08:08:00,1.32807,1.32852,1.32807,1.32831,2434100036.6210938
2012-02-09 08:09:00,1.32831,1.32831,1.32774,1.3278,2347700042.7246094
2012-02-09 08:10:00,1.32779,1.32808,1.32743,1.32806,2805599975.5859375
2012-02-09 08:11:00,1.32804,1.32818,1.32791,1.32791,2486799926.7578125
2012-02-09 08:12:00,1.3279,1.32795,1.32772,1.32784,2451999969.482422
2012-02-09 08:13:00,1.32783,1.32829,1.32783,1.32803,2633200073.2421875
2012-02-09 08:14:00,1.32801,1.3282,1.3279,1.32813,2628999938.9648438
2012-02-09 08:15:00,1.32812,1.32815,1.3276,1.32762,2982000122.0703125
2012-02-09 08:16:00,1.32765,1.32772,1.3272,1.32764,2898800048.828125
2012-02-09 08:17:00,1.32766,1.32785,1.32742,1.3277,2738699951.171875
2012-02-09 08:18:00,1.3277,1.32779,1.3275,1.32775,2153600006.1035156
2012-02-09 08:19:00,1.32775,1.32781,1.32755,1.32781,2374799957.2753906
2012-02-09 08:20:00,1.32783,1.32798,1.3277,1.32782,2740499877.9296875
2012-02-09 08:21:00,1.3278,1.32832,1.3278,1.32829,2141799926.7578125
2012-02-09 08:22:00,1.3283,1.32832,1.32783,1.32783,2919800109.8632812
2012-02-09 08:23:00,1.32783,1.32814,1.32769,1.32793,2321999969.482422
2012-02-09 08:24:00,1.32791,1.32799,1.32754,1.32784,2556000061.0351562
2012-02-09 08:25:00,1.32787,1.32824,1.32785,1.32813,2190800018.310547
2012-02-09 08:26:00,1.3281,1.32858,1.3281,1.32857,3066900024.4140625
2012-02-09 08:27:00,1.32856,1.32922,1.32854,1.32907,3571700134.2773438
2012-02-09 08:28:00,1.32906,1.32931,1.32883,1.32921,3822399902.34375
2012-02-09 08:29:00,1.32921,1.32934,1.32884,1.32885,3312600097.65625
2012-02-09 08:30:00,1.32884,1.32908,1.32867,1.32908,2995299987.7929688
2012-02-09 08:31:00,1.32909,1.32985,1.32909,1.32948,3290400085.4492188
2012-02-09 08:32:00,1.32948,1.32968,1.32928,1.32933,3629400024.4140625
2012-02-09 08:33:00,1.32933,1.3297,1.32923,1.3297,3367900085.4492188
2012-02-09 08:34:00,1.3297,1.32989,1.32954,1.32989,2855100097.65625
2012-02-09 08:35:00,1.32991,1.33038,1.32988,1.33004,3871199951.171875
2012-02-09 08:36:00,1.33005,1.3301,1.32978,1.32978,1964799957.2753906
2012-02-09 08:37:00,1.3298,1.32998,1.32971,1.32995,2456199951.171875
2012-02-09 08:38:00,1.32994,1.33012,1.32965,1.32974,3207300109.8632812
2012-02-09 08:39:00,1.3297,1.32972,1.3294,1.32962,2593999938.9648438
2012-02-09 08:40:00,1.32963,1.32981,1.3295,1.32977,2345200042.7246094
2012-02-09 08:41:00,1.32979,1.33001,1.32957,1.32962,3047900085.4492188
2012-02-09 08:42:00,1.32965,1.32989,1.3296,1.32979,2718900146.484375
2012-02-09 08:43:00,1.32979,1.33015,1.32979,1.33005,2601400146.484375
2012-02-09 08:44:00,1.33006,1.33032,1.33,1.33014,2499799957.2753906
2012-02-09 08:45:00,1.33016,1.33053,1.3301,1.33044,3286099853.515625
2012-02-09 08:46:00,1.33044,1.33057,1.33026,1.33026,2693200073.2421875
2012-02-09 08:47:00,1.33027,1.33032,1.33001,1.33022,2280399932.861328
2012-02-09 08:48:00,1.33023,1.33049,1.33019,1.33033,2184499969.482422
2012-02-09 08:49:00,1.33034,1.33041,1.33005,1.33035,2336600036.6210938
2012-02-09 08:50:00,1.33033,1.33033,1.32995,1.32997,1868600006.1035156
2012-02-09 08:51:00,1.32996,1.33011,1.32989,1.32989,1579100036.6210938
2012-02-09 08:52:00,1.32991,1.3303,1.32977,1.33026,2887200012.2070312
2012-02-09 08:53:00,1.33026,1.33031,1.33,1.33001,2647799987.7929688
2012-02-09 08:54:00,1.33003,1.33024,1.32997,1.33024,2430000000.0
2012-02-09 08:55:00,1.33025,1.33038,1.3302,1.33035,2908299865.7226562
2012-02-09 08:56:00,1.33035,1.33035,1.3299,1.32995,1631399993.8964844
2012-02-09 08:57:00,1.32995,1.32998,1.32943,1.32958,2651799926.7578125
2012-02-09 08:58:00,1.32957,1.3298,1.3295,1.32975,2288000030.517578
2012-02-09 08:59:00,1.32976,1.3298,1.32961,1.32962,2313300018.310547
2012-02-09 09:00:00,1.32964,1.3299,1.32952,1.32978,2600100097.65625
2012-02-09 09:01:00,1.32978,1.32994,1.3297,1.32976,2074299926.7578125
2012-02-09 09:02:00,1.32976,1.33024,1.32976,1.33,2468399963.3789062
2012-02-09 09:03:00,1.33,1.33022,1.32998,1.32998,2318099975.5859375
2012-02-09 09:04:00,1.33,1.33012,1.32977,1.32992,2694899902.34375
2012-02-09 09:05:00,1.32994,1.33001,1.32971,1.32989,2478999938.9648438
2012-02-09 09:06:00,1.32989,1.33026,1.32987,1.3302,2662799987.7929688
2012-02-09 09:07:00,1.33022,1.33022,1.32972,1.32975,3402200012.2070312
2012-02-09 09:08:00,1.32978,1.32988,1.32959,1.32987,1993099975.5859375
2012-02-09 09:09:00,1.32985,1.32985,1.32938,1.32938,2315299987.7929688
2012-02-09 09:10:00,1.32934,1.3298,1.32928,1.32978,1868699951.171875
2012-02-09 09:11:00,1.32979,1.32981,1.32942,1.32962,2593599853.515625
2012-02-09 09:12:00,1.32962,1.32982,1.32934,1.32934,2689899902.34375
2012-02-09 09:13:00,1.32941,1.3295,1.32896,1.32896,2791099853.515625
2012-02-09 09:14:00,1.32892,1.32895,1.32858,1.3288,3081300048.828125
2012-02-09 09:15:00,1.3288,1.32902,1.3288,1.32884,2326000061.0351562
2012-02-09 09:16:00,1.32884,1.3291,1.3288,1.32908,1685399932.8613281
2012-02-09 09:17:00,1.32907,1.32935,1.32897,1.32916,2483600006.1035156
2012-02-09 09:18:00,1.32914,1.3294,1.32911,1.32911,2266000061.0351562
2012-02-09 09:19:00,1.3291,1.32919,1.32893,1.32914,2036000061.0351562
2012-02-09 09:20:00,1.32916,1.32934,1.32897,1.32903,1817100067.1386719
2012-02-09 09:21:00,1.32903,1.32933,1.32899,1.32906,2172799987.7929688
2012-02-09 09:22:00,1.32906,1.32913,1.32889,1.32911,2642399902.34375
2012-02-09 09:23:00,1.32909,1.32912,1.32887,1.32903,1813099975.5859375
2012-02-09 09:24:00,1.32903,1.32952,1.32894,1.32952,1920800018.3105469
2012-02-09 09:25:00,1.3295,1.3295,1.32915,1.32941,2580000000.0
2012-02-09 09:26:00,1.32941,1.32942,1.32925,1.32925,1693399963.3789062
2012-02-09 09:27:00,1.32925,1.32926,1.32904,1.32925,2407700042.7246094
2012-02-09 09:28:00,1.32925,1.32977,1.32925,1.32965,2066399993.8964844
2012-02-09 09:29:00,1.32967,1.3297,1.32957,1.3296,1526499938.9648438
2012-02-09 09:30:00,1.32958,1.33006,1.32948,1.32998,3086799926.7578125
2012-02-09 09:31:00,1.32998,1.33003,1.32991,1.32993,2031699981.6894531
2012-02-09 09:32:00,1.32988,1.32988,1.32932,1.32939,2272500000.0
2012-02-09 09:33:00,1.3294,1.32959,1.32925,1.32939,2649599914.5507812
2012-02-09 09:34:00,1.3294,1.3295,1.3293,1.32941,1921999969.4824219
2012-02-09 09:35:00,1.32941,1.32997,1.32941,1.32991,2766600036.6210938
2012-02-09 09:36:00,1.32995,1.33,1.32976,1.32988,2517899932.861328
2012-02-09 09:37:00,1.32988,1.32994,1.32962,1.32994,2434199981.689453
2012-02-09 09:38:00,1.32996,1.33002,1.32956,1.32956,2486999969.482422
2012-02-09 09:39:00,1.32955,1.32968,1.32932,1.3294,2459299926.7578125
2012-02-09 09:40:00,1.3294,1.32957,1.32935,1.32955,1910200042.7246094
2012-02-09 09:41:00,1.32955,1.32955,1.32929,1.32933,1896100006.1035156
2012-02-09 09:42:00,1.32928,1.32946,1.32905,1.32912,2473000030.517578
2012-02-09 09:43:00,1.32912,1.32923,1.329,1.32921,2355200042.7246094
2012-02-09 09:44:00,1.32921,1.32941,1.3291,1.32939,1901799926.7578125
2012-02-09 09:45:00,1.32936,1.32987,1.32933,1.32976,2343899993.8964844
2012-02-09 09:46:00,1.32976,1.32979,1.32946,1.32951,2243800048.828125
2012-02-09 09:47:00,1.32951,1.32951,1.32924,1.32938,1850800018.3105469
2012-02-09 09:48:00,1.32939,1.3294,1.32911,1.32911,2186499938.9648438
2012-02-09 09:49:00,1.32911,1.32913,1.3289,1.32898,1827599945.0683594
2012-02-09 09:50:00,1.329,1.32926,1.32891,1.32903,2567099914.5507812
2012-02-09 09:51:00,1.32902,1.32929,1.32874,1.32874,2808299865.7226562
2012-02-09 09:52:00,1.32873,1.32873,1.3278,1.32818,3618399963.3789062
2012-02-09 09:53:00,1.32816,1.32823,1.32759,1.32789,3120599975.5859375
2012-02-09 09:54:00,1.32788,1.32818,1.3276,1.32793,3398200073.2421875
2012-02-09 09:55:00,1.32797,1.32806,1.32772,1.32796,2424299926.7578125
2012-02-09 09:56:00,1.32791,1.32798,1.32779,1.32786,2710299987.7929688
2012-02-09 09:57:00,1.32784,1.32796,1.32734,1.32752,2799400024.4140625
2012-02-09 09:58:00,1.32752,1.32756,1.32707,1.32715,2933800048.828125
2012-02-09 09:59:00,1.32713,1.32714,1.32658,1.32675,2980000000.0
2012-02-09 10:00:00,1.32673,1.32725,1.32659,1.32719,2602699890.1367188
2012-02-09 10:01:00,1.32717,1.32733,1.32717,1.3273,2462799987.7929688
2012-02-09 10:02:00,1.32731,1.32765,1.3273,1.32743,2306300048.828125
2012-02-09 10:03:00,1.32743,1.32745,1.3272,1.32738,3624899902.34375
2012-02-09 10:04:00,1.32738,1.3277,1.32735,1.32743,2605199890.1367188
2012-02-09 10:05:00,1.32743,1.32762,1.32729,1.32761,2485899963.3789062
2012-02-09 10:06:00,1.32762,1.32769,1.32746,1.32746,2743699951.171875
2012-02-09 10:07:00,1.32746,1.32773,1.32745,1.32749,1965099945.0683594
2012-02-09 10:08:00,1.32749,1.32765,1.32743,1.32743,1932100067.1386719
2012-02-09 10:09:00,1.32743,1.32782,1.32743,1.3275,2219100036.6210938
2012-02-09 10:10:00,1.3275,1.32778,1.32741,1.32776,2065500030.5175781
2012-02-09 10:11:00,1.32777,1.32782,1.32753,1.32782,1620700073.2421875
2012-02-09 10:12:00,1.32783,1.3279,1.32738,1.32782,2268999938.9648438
2012-02-09 10:13:00,1.32782,1.32825,1.32782,1.32822,2362599945.0683594
2012-02-09 10:14:00,1.32819,1.32825,1.32815,1.32822,2284100036.6210938
2012-02-09 10:15:00,1.32826,1.32854,1.3282,1.32834,2644700012.2070312
2012-02-09 10:16:00,1.32834,1.32838,1.32822,1.32831,1862899932.8613281
2012-02-09 10:17:00,1.32829,1.32842,1.32823,1.32832,2200099945.0683594
2012-02-09 10:18:00,1.32832,1.32841,1.32787,1.3279,2275000000.0
2012-02-09 10:19:00,1.32791,1.32816,1.32787,1.32798,1814900054.9316406
2012-02-09 10:20:00,1.32799,1.3282,1.32779,1.32819,2388600006.1035156
2012-02-09 10:21:00,1.32819,1.32819,1.32782,1.32805,2526199951.171875
2012-02-09 10:22:00,1.32802,1.32808,1.32776,1.32776,2794800109.8632812
2012-02-09 10:23:00,1.32774,1.32791,1.32772,1.32785,2260599975.5859375
2012-02-09 10:24:00,1.32785,1.32811,1.32769,1.328,2236300048.828125
2012-02-09 10:25:00,1.328,1.328,1.32782,1.32796,1496399993.8964844
2012-02-09 10:26:00,1.32796,1.32824,1.32796,1.32805,2232100067.138672
2012-02-09 10:27:00,1.32803,1.32804,1.32769,1.32774,2663699951.171875
2012-02-09 10:28:00,1.32774,1.32787,1.32771,1.32775,2204700012.2070312
2012-02-09 10:29:00,1.32777,1.32785,1.32772,1.32776,2258000030.517578
2012-02-09 10:30:00,1.32775,1.32819,1.32768,1.32819,2397700042.7246094
2012-02-09 10:31:00,1.32819,1.32855,1.3281,1.32839,2602600097.65625
2012-02-09 10:32:00,1.32839,1.32847,1.32822,1.3284,2246100006.1035156
2012-02-09 10:33:00,1.32839,1.32845,1.32829,1.32838,2866499938.9648438
2012-02-09 10:34:00,1.3284,1.3284,1.32814,1.32821,2200800018.310547
2012-02-09 10:35:00,1.32821,1.32824,1.3281,1.32817,1555899963.3789062
2012-02-09 10:36:00,1.32816,1.32843,1.32815,1.32839,1998800048.828125
2012-02-09 10:37:00,1.32838,1.32839,1.32815,1.32824,2620100097.65625
2012-02-09 10:38:00,1.32824,1.32833,1.32822,1.32823,1933300018.3105469
2012-02-09 10:39:00,1.32824,1.32826,1.32782,1.32811,2117899932.8613281
2012-02-09 10:40:00,1.32811,1.32819,1.32792,1.32794,2879400024.4140625
2012-02-09 10:41:00,1.32793,1.32796,1.3277,1.32771,2304799957.2753906
2012-02-09 10:42:00,1.32767,1.32767,1.32732,1.32742,2138999938.9648438
2012-02-09 10:43:00,1.32742,1.32743,1.327,1.327,2948500061.0351562
2012-02-09 10:44:00,1.32699,1.32732,1.32692,1.32692,2881099853.515625
2012-02-09 10:45:00,1.32693,1.3272,1.32667,1.32713,2686199951.171875
2012-02-09 10:46:00,1.32711,1.32732,1.32699,1.32699,2287899932.861328
2012-02-09 10:47:00,1.32699,1.32721,1.32695,1.32701,1949600067.1386719
2012-02-09 10:48:00,1.32701,1.3271,1.32673,1.32692,2469199981.689453
2012-02-09 10:49:00,1.32692,1.32692,1.32675,1.32689,2682200012.2070312
2012-02-09 10:50:00,1.32692,1.32732,1.32686,1.32718,2902000122.0703125
2012-02-09 10:51:00,1.32719,1.3275,1.32719,1.32723,2032799987.7929688
2012-02-09 10:52:00,1.32723,1.32748,1.32714,1.32741,1587599945.0683594
2012-02-09 10:53:00,1.32739,1.32747,1.32714,1.3272,2192500000.0
2012-02-09 10:54:00,1.32721,1.3274,1.32712,1.32736,1698000030.5175781
2012-02-09 10:55:00,1.32736,1.32743,1.32722,1.32722,1981199951.171875
2012-02-09 10:56:00,1.3272,1.32758,1.32704,1.32745,2983699951.171875
2012-02-09 10:57:00,1.32745,1.32756,1.32734,1.32743,1868899993.8964844
2012-02-09 10:58:00,1.32743,1.32759,1.32735,1.32755,1321300048.828125
2012-02-09 10:59:00,1.32756,1.32788,1.32751,1.32783,3052000122.0703125
2012-02-09 11:00:00,1.32783,1.32792,1.32773,1.32775,2036399993.8964844
2012-02-09 11:01:00,1.32777,1.32777,1.32757,1.32759,1345099945.0683594
2012-02-09 11:02:00,1.32759,1.32771,1.32756,1.32761,1941799926.7578125
2012-02-09 11:03:00,1.32763,1.32795,1.32763,1.32775,2147100067.1386719
2012-02-09 11:04:00,1.32774,1.32774,1.32757,1.32761,877500000.0
2012-02-09 11:05:00,1.32759,1.3278,1.32732,1.32756,2304700012.2070312
2012-02-09 11:06:00,1.32761,1.32773,1.32718,1.32718,2560599975.5859375
2012-02-09 11:07:00,1.32717,1.32757,1.32707,1.32753,2395099945.0683594
2012-02-09 11:08:00,1.32758,1.32766,1.32733,1.32748,2148999938.9648438
2012-02-09 11:09:00,1.32748,1.32773,1.3274,1.32773,1868300018.3105469
2012-02-09 11:10:00,1.32773,1.3279,1.32756,1.32758,1903600006.1035156
2012-02-09 11:11:00,1.32756,1.32759,1.3275,1.32756,1659400024.4140625
2012-02-09 11:12:00,1.32756,1.32759,1.32736,1.32746,1540800018.3105469
2012-02-09 11:13:00,1.32745,1.32774,1.32745,1.32768,2092700042.7246094
2012-02-09 11:14:00,1.3277,1.32782,1.32749,1.3275,1934900054.9316406
2012-02-09 11:15:00,1.3275,1.32784,1.32749,1.32762,1836199951.171875
2012-02-09 11:16:00,1.32766,1.32777,1.32761,1.32773,1781999969.4824219
2012-02-09 11:17:00,1.32771,1.32782,1.32758,1.32782,1943500061.0351562
2012-02-09 11:18:00,1.32784,1.32799,1.32775,1.32786,1635000000.0
2012-02-09 11:19:00,1.32788,1.32811,1.32751,1.32778,3028399963.3789062
2012-02-09 11:20:00,1.32778,1.3279,1.32763,1.32767,1736199951.171875
2012-02-09 11:21:00,1.32768,1.32804,1.32766,1.32779,3036700134.2773438
2012-02-09 11:22:00,1.32779,1.32818,1.32779,1.3279,3187600097.65625
2012-02-09 11:23:00,1.3279,1.32799,1.32779,1.32782,1836100006.1035156
2012-02-09 11:24:00,1.32782,1.32803,1.32782,1.32785,1682599945.0683594
2012-02-09 11:25:00,1.32785,1.32785,1.32769,1.32774,1345800018.3105469
2012-02-09 11:26:00,1.32776,1.32787,1.32768,1.32768,1386900024.4140625
2012-02-09 11:27:00,1.32768,1.32768,1.3275,1.32751,1900000000.0
2012-02-09 11:28:00,1.32749,1.32749,1.32738,1.32747,1630299987.7929688
2012-02-09 11:29:00,1.32747,1.32747,1.3272,1.32728,1324100036.6210938
2012-02-09 11:30:00,1.32726,1.32729,1.32718,1.32725,922099990.8447266
2012-02-09 11:31:00,1.32725,1.32734,1.3271,1.32717,2337100067.138672
2012-02-09 11:32:00,1.32717,1.32734,1.32711,1.32732,1848000030.5175781
2012-02-09 11:33:00,1.32732,1.32736,1.32693,1.32717,2421699981.689453
2012-02-09 11:34:00,1.32715,1.32715,1.32687,1.32708,2147299957.2753906
2012-02-09 11:35:00,1.32706,1.32713,1.32689,1.3271,1838500061.0351562
2012-02-09 11:36:00,1.3271,1.32711,1.327,1.32702,1265299987.7929688
2012-02-09 11:37:00,1.32702,1.32709,1.32689,1.32695,2438200073.2421875
2012-02-09 11:38:00,1.32695,1.32713,1.32694,1.32705,1767299957.2753906
2012-02-09 11:39:00,1.32708,1.32725,1.32702,1.3272,1805200042.7246094
2012-02-09 11:40:00,1.3272,1.32737,1.3272,1.32724,1654199981.6894531
2012-02-09 11:41:00,1.32724,1.32724,1.327,1.32704,1968399963.3789062
2012-02-09 11:42:00,1.32711,1.32711,1.32695,1.32706,2012599945.0683594
2012-02-09 11:43:00,1.32706,1.32737,1.32702,1.32713,2354700012.2070312
2012-02-09 11:44:00,1.3272,1.3272,1.32691,1.32702,1510500030.5175781
2012-02-09 11:45:00,1.32702,1.32702,1.3266,1.32664,2563099975.5859375
2012-02-09 11:46:00,1.32664,1.32667,1.3259,1.32632,3388299865.7226562
2012-02-09 11:47:00,1.32634,1.32639,1.32618,1.32623,2050299987.7929688
2012-02-09 11:48:00,1.32628,1.32637,1.32605,1.32605,2056000061.0351562
2012-02-09 11:49:00,1.32605,1.32606,1.3259,1.32598,1647599945.0683594
2012-02-09 11:50:00,1.32598,1.32601,1.32528,1.32546,3029200134.2773438
2012-02-09 11:51:00,1.32548,1.32556,1.3252,1.32555,2484600067.138672
2012-02-09 11:52:00,1.32555,1.32555,1.325,1.3251,2485000000.0
2012-02-09 11:53:00,1.32508,1.32524,1.32496,1.32519,2637699890.1367188
2012-02-09 11:54:00,1.32519,1.32532,1.32517,1.32531,1667500000.0
2012-02-09 11:55:00,1.32531,1.32541,1.32524,1.32532,2078000030.5175781
2012-02-09 11:56:00,1.32532,1.32549,1.32521,1.32549,1769299926.7578125
2012-02-09 11:57:00,1.32546,1.32574,1.32539,1.32567,2233999938.9648438
2012-02-09 11:58:00,1.32567,1.32567,1.32551,1.32552,1946799926.7578125
2012-02-09 11:59:00,1.32552,1.32552,1.32527,1.32531,2505299987.7929688
2012-02-09 12:00:00,1.32529,1.32545,1.32496,1.32529,2889400024.4140625
2012-02-09 12:01:00,1.32529,1.32573,1.32528,1.32562,2369900054.9316406
2012-02-09 12:02:00,1.32562,1.32562,1.32527,1.32528,2762600097.65625
2012-02-09 12:03:00,1.32529,1.3256,1.32527,1.32527,2536699981.689453
2012-02-09 12:04:00,1.32527,1.32533,1.32517,1.32517,1548999938.9648438
2012-02-09 12:05:00,1.32511,1.32522,1.32435,1.3244,2904599914.5507812
2012-02-09 12:06:00,1.32445,1.32514,1.32445,1.32513,3943599853.515625
2012-02-09 12:07:00,1.32513,1.32541,1.32505,1.32527,3528500061.0351562
2012-02-09 12:08:00,1.32526,1.32549,1.32521,1.32524,2636199951.171875
2012-02-09 12:09:00,1.32523,1.3254,1.32517,1.32536,2377400054.9316406
2012-02-09 12:10:00,1.32538,1.32556,1.32537,1.32545,2291600036.6210938
2012-02-09 12:11:00,1.32541,1.32551,1.32526,1.32529,1997799987.7929688
2012-02-09 12:12:00,1.3253,1.32538,1.3252,1.32538,1627700042.7246094
2012-02-09 12:13:00,1.32545,1.32555,1.32533,1.32543,1845800018.3105469
2012-02-09 12:14:00,1.32541,1.32544,1.32505,1.32508,2131999969.4824219
2012-02-09 12:15:00,1.32508,1.32529,1.32504,1.32529,2025299987.7929688
2012-02-09 12:16:00,1.32537,1.32574,1.32536,1.32574,2157100067.138672
2012-02-09 12:17:00,1.32574,1.32574,1.3256,1.32568,2702000122.0703125
2012-02-09 12:18:00,1.32568,1.32572,1.32515,1.32529,2872500000.0
2012-02-09 12:19:00,1.32528,1.32528,1.32446,1.3245,3053500061.0351562
2012-02-09 12:20:00,1.32452,1.3247,1.32447,1.32464,1539499969.4824219
2012-02-09 12:21:00,1.32464,1.32467,1.3244,1.32453,2794299926.7578125
2012-02-09 12:22:00,1.32453,1.32457,1.32437,1.32439,2410599975.5859375
2012-02-09 12:23:00,1.32439,1.3245,1.32395,1.32418,3072799987.7929688
2012-02-09 12:24:00,1.32421,1.3244,1.32416,1.32434,2427299957.2753906
2012-02-09 12:25:00,1.32434,1.32451,1.32429,1.3243,2146499938.9648438
2012-02-09 12:26:00,1.32429,1.32431,1.3236,1.3237,3751799926.7578125
2012-02-09 12:27:00,1.3237,1.32401,1.3237,1.32399,2458699951.171875
2012-02-09 12:28:00,1.32399,1.3245,1.32399,1.32449,2432700042.7246094
2012-02-09 12:29:00,1.32449,1.32472,1.32445,1.32445,2275099945.0683594
2012-02-09 12:30:00,1.3244,1.32449,1.32426,1.32441,2362100067.138672
2012-02-09 12:31:00,1.32442,1.32442,1.32385,1.32394,2454900054.9316406
2012-02-09 12:32:00,1.32394,1.32403,1.3235,1.32367,2480500030.517578
2012-02-09 12:33:00,1.32369,1.32387,1.32369,1.32378,2516300048.828125
2012-02-09 12:34:00,1.32377,1.32385,1.32374,1.32383,1664100036.6210938
2012-02-09 12:35:00,1.32378,1.3238,1.32345,1.32352,2560499877.9296875
2012-02-09 12:36:00,1.32352,1.32382,1.3235,1.32357,2849899902.34375
2012-02-09 12:37:00,1.32359,1.3239,1.3235,1.3239,2601600036.6210938
2012-02-09 12:38:00,1.3239,1.32441,1.32382,1.32431,2665400085.4492188
2012-02-09 12:39:00,1.32431,1.32475,1.32429,1.3245,2203800048.828125
2012-02-09 12:40:00,1.3245,1.32472,1.3245,1.32471,1715599975.5859375
2012-02-09 12:41:00,1.32472,1.32472,1.32439,1.32452,2568900146.484375
2012-02-09 12:42:00,1.32452,1.32453,1.32421,1.32444,2243099975.5859375
2012-02-09 12:43:00,1.32443,1.32482,1.3243,1.3248,2005200042.7246094
2012-02-09 12:44:00,1.3248,1.32501,1.32464,1.3247,3335899963.3789062
2012-02-09 12:45:00,1.32468,1.32532,1.32444,1.32532,3461199951.171875
2012-02-09 12:46:00,1.32532,1.32552,1.32517,1.3253,3011300048.828125
2012-02-09 12:47:00,1.3253,1.32562,1.32512,1.32556,3341499938.9648438
2012-02-09 12:48:00,1.32555,1.32555,1.32536,1.32537,2443699951.171875
2012-02-09 12:49:00,1.32539,1.32549,1.32486,1.32501,3024800109.8632812
2012-02-09 12:50:00,1.32502,1.32527,1.32485,1.32491,3427000122.0703125
2012-02-09 12:51:00,1.32492,1.32541,1.32489,1.32527,2982600097.65625
2012-02-09 12:52:00,1.32526,1.3253,1.32483,1.32485,2492299957.2753906
2012-02-09 12:53:00,1.32488,1.3253,1.32488,1.32499,2196300048.828125
2012-02-09 12:54:00,1.325,1.32513,1.32485,1.32513,2754800109.8632812
2012-02-09 12:55:00,1.3252,1.32535,1.3249,1.32497,3118500061.0351562
2012-02-09 12:56:00,1.32495,1.32514,1.32478,1.32514,2202700042.7246094
2012-02-09 12:57:00,1.32513,1.32525,1.32502,1.3251,1333200073.2421875
2012-02-09 12:58:00,1.32511,1.32513,1.32497,1.32503,1759199981.6894531
2012-02-09 12:59:00,1.32504,1.32512,1.32491,1.32506,1758600006.1035156
2012-02-09 13:00:00,1.32504,1.32511,1.32488,1.3251,2182200012.2070312
2012-02-09 13:01:00,1.32509,1.32509,1.32478,1.32486,1638000030.5175781
2012-02-09 13:02:00,1.32486,1.32488,1.32439,1.32439,2882500000.0
2012-02-09 13:03:00,1.32439,1.32475,1.32424,1.3247,2691300048.828125
2012-02-09 13:04:00,1.32471,1.32471,1.32447,1.32463,2493200073.2421875
2012-02-09 13:05:00,1.32465,1.32485,1.32461,1.32475,2081499938.9648438
2012-02-09 13:06:00,1.32477,1.32496,1.32467,1.32494,2300000000.0
2012-02-09 13:07:00,1.32494,1.32549,1.32488,1.32543,2767799987.7929688
2012-02-09 13:08:00,1.32541,1.32561,1.32531,1.32559,2723200073.2421875
2012-02-09 13:09:00,1.3256,1.32642,1.32552,1.32642,3278699951.171875
2012-02-09 13:10:00,1.32644,1.32735,1.32644,1.32703,4415799865.722656
2012-02-09 13:11:00,1.32704,1.32807,1.32704,1.32807,4389800109.863281
2012-02-09 13:12:00,1.32808,1.32842,1.32764,1.32842,4242000122.0703125
2012-02-09 13:13:00,1.32844,1.32902,1.32832,1.32836,5476699829.1015625
2012-02-09 13:14:00,1.32838,1.32919,1.32833,1.32901,3813500061.0351562
2012-02-09 13:15:00,1.32901,1.32901,1.32822,1.32865,3952399902.34375
2012-02-09 13:16:00,1.32865,1.32962,1.32865,1.3295,4538900146.484375
2012-02-09 13:17:00,1.3295,1.33012,1.3295,1.33012,3964299926.7578125
2012-02-09 13:18:00,1.33012,1.33048,1.3295,1.32954,4866600036.621094
2012-02-09 13:19:00,1.32953,1.32953,1.32876,1.32908,4360899963.378906
2012-02-09 13:20:00,1.3291,1.32991,1.32904,1.32966,3448500061.0351562
2012-02-09 13:21:00,1.32968,1.32979,1.32917,1.32958,3114700012.2070312
2012-02-09 13:22:00,1.32955,1.32959,1.32926,1.32954,2913999938.9648438
2012-02-09 13:23:00,1.32954,1.32961,1.32914,1.32914,2903800048.828125
2012-02-09 13:24:00,1.32914,1.32914,1.32867,1.3287,3148200073.2421875
2012-02-09 13:25:00,1.32876,1.32918,1.32873,1.32891,2541100006.1035156
2012-02-09 13:26:00,1.32892,1.32901,1.3288,1.32884,1911799926.7578125
2012-02-09 13:27:00,1.32885,1.32891,1.32846,1.32847,2780799865.7226562
2012-02-09 13:28:00,1.32848,1.32849,1.32768,1.32768,2491900024.4140625
2012-02-09 13:29:00,1.32771,1.32772,1.32719,1.32719,2796900024.4140625
2012-02-09 13:30:00,1.32719,1.32813,1.32717,1.32812,3696400146.484375
2012-02-09 13:31:00,1.3281,1.3281,1.32719,1.32719,3302200012.2070312
2012-02-09 13:32:00,1.3272,1.32735,1.32691,1.32692,3107699890.1367188
2012-02-09 13:33:00,1.3269,1.3269,1.32537,1.32551,4501300048.828125
2012-02-09 13:34:00,1.32553,1.32637,1.32548,1.32615,4068699951.171875
2012-02-09 13:35:00,1.3262,1.32635,1.32535,1.32535,3507000122.0703125
2012-02-09 13:36:00,1.32528,1.32569,1.32502,1.32503,3701400146.484375
2012-02-09 13:37:00,1.32502,1.32502,1.32427,1.32451,3646400146.484375
2012-02-09 13:38:00,1.32451,1.32586,1.32449,1.32579,3572399902.34375
2012-02-09 13:39:00,1.32578,1.32603,1.32546,1.32594,2798500061.0351562
2012-02-09 13:40:00,1.32595,1.32605,1.32552,1.32603,2894100036.6210938
2012-02-09 13:41:00,1.32604,1.32691,1.32604,1.32663,3294500122.0703125
2012-02-09 13:42:00,1.32661,1.32741,1.32661,1.32706,3316099853.515625
2012-02-09 13:43:00,1.32706,1.32717,1.32665,1.32665,3090400085.4492188
2012-02-09 13:44:00,1.32659,1.32791,1.32631,1.3279,4179500122.0703125
2012-02-09 13:45:00,1.3279,1.32836,1.32786,1.32803,3557900085.4492188
2012-02-09 13:46:00,1.32803,1.3292,1.3279,1.32888,3765199890.1367188
2012-02-09 13:47:00,1.32888,1.32888,1.3285,1.3285,3295100097.65625
2012-02-09 13:48:00,1.32848,1.32848,1.32806,1.32809,2746400146.484375
2012-02-09 13:49:00,1.32808,1.32809,1.3273,1.32761,3400199890.1367188
2012-02-09 13:50:00,1.32761,1.32793,1.32729,1.32757,3723999938.9648438
2012-02-09 13:51:00,1.32759,1.32811,1.32759,1.32789,3693699951.171875
2012-02-09 13:52:00,1.32791,1.32926,1.32789,1.32926,4193699951.171875
2012-02-09 13:53:00,1.32929,1.32954,1.32837,1.32851,3941499938.9648438
2012-02-09 13:54:00,1.32852,1.32888,1.32839,1.32876,3327999877.9296875
2012-02-09 13:55:00,1.32877,1.329,1.32837,1.32879,3392699890.1367188
2012-02-09 13:56:00,1.32879,1.32909,1.32834,1.32834,2736000061.0351562
2012-02-09 13:57:00,1.32832,1.32891,1.32829,1.32885,2266100006.1035156
2012-02-09 13:58:00,1.32885,1.32885,1.32854,1.32854,2088500061.0351562
2012-02-09 13:59:00,1.32848,1.32852,1.32769,1.32771,3294500122.0703125
2012-02-09 14:00:00,1.32771,1.32813,1.32721,1.32721,3384100036.6210938
2012-02-09 14:01:00,1.32716,1.32772,1.32696,1.32758,3085599975.5859375
2012-02-09 14:02:00,1.32758,1.32796,1.32746,1.32792,2645899963.3789062
2012-02-09 14:03:00,1.32792,1.32808,1.32739,1.32739,3103099975.5859375
2012-02-09 14:04:00,1.32739,1.32826,1.32736,1.32825,2967399902.34375
2012-02-09 14:05:00,1.32825,1.32886,1.32823,1.32823,3259700012.2070312
2012-02-09 14:06:00,1.32824,1.32824,1.32788,1.32788,1854900054.9316406
2012-02-09 14:07:00,1.32788,1.32829,1.32772,1.32826,2701300048.828125
2012-02-09 14:08:00,1.32825,1.32867,1.32825,1.32858,2695100097.65625
2012-02-09 14:09:00,1.32858,1.3288,1.3282,1.32822,2556600036.6210938
2012-02-09 14:10:00,1.32823,1.32839,1.32793,1.32838,2732799987.7929688
2012-02-09 14:11:00,1.32838,1.32858,1.32805,1.32808,2610100097.65625
2012-02-09 14:12:00,1.32804,1.32832,1.32779,1.32779,2497400054.9316406
2012-02-09 14:13:00,1.32778,1.32807,1.32778,1.32803,2224799957.2753906
2012-02-09 14:14:00,1.32804,1.32885,1.32804,1.32876,4077799987.7929688
2012-02-09 14:15:00,1.32878,1.33003,1.32878,1.33003,4346799926.7578125
2012-02-09 14:16:00,1.33001,1.33066,1.32999,1.33047,4461499938.964844
2012-02-09 14:17:00,1.33044,1.33054,1.32995,1.33001,3329500122.0703125
2012-02-09 14:18:00,1.32999,1.33,1.32956,1.3297,2730400085.4492188
2012-02-09 14:19:00,1.3297,1.32986,1.32939,1.32986,2581600036.6210938
2012-02-09 14:20:00,1.3299,1.33074,1.32989,1.33037,3790199890.1367188
2012-02-09 14:21:00,1.33035,1.33093,1.3301,1.33072,3564899902.34375
2012-02-09 14:22:00,1.33071,1.33073,1.33038,1.33039,2857000122.0703125
2012-02-09 14:23:00,1.33035,1.33051,1.33009,1.33026,3202399902.34375
2012-02-09 14:24:00,1.33025,1.33062,1.32986,1.33016,3578900146.484375
2012-02-09 14:25:00,1.33018,1.33059,1.33014,1.33059,2527599945.0683594
2012-02-09 14:26:00,1.33058,1.33068,1.33011,1.33029,2789400024.4140625
2012-02-09 14:27:00,1.33022,1.33068,1.33022,1.33029,2497799987.7929688
2012-02-09 14:28:00,1.33028,1.33035,1.32985,1.33017,3550000000.0
2012-02-09 14:29:00,1.33018,1.33057,1.33008,1.33051,3021199951.171875
2012-02-09 14:30:00,1.33051,1.33054,1.33,1.33011,3309100036.6210938
2012-02-09 14:31:00,1.3301,1.33032,1.3298,1.33028,3403099975.5859375
2012-02-09 14:32:00,1.33029,1.33071,1.33018,1.33018,3162799987.7929688
2012-02-09 14:33:00,1.33018,1.33018,1.32937,1.32949,3662399902.34375
2012-02-09 14:34:00,1.32949,1.32974,1.32949,1.32956,2588699951.171875
2012-02-09 14:35:00,1.32957,1.32961,1.32909,1.32909,3412500000.0
2012-02-09 14:36:00,1.32903,1.32912,1.32857,1.32866,3556700134.2773438
2012-02-09 14:37:00,1.32863,1.32884,1.32852,1.32868,3179899902.34375
2012-02-09 14:38:00,1.32868,1.32901,1.32868,1.32889,2678099975.5859375
2012-02-09 14:39:00,1.32887,1.32893,1.32829,1.32845,4012699890.1367188
2012-02-09 14:40:00,1.32843,1.32845,1.32769,1.32775,3452900085.4492188
2012-02-09 14:41:00,1.32775,1.32823,1.32761,1.32804,3047399902.34375
2012-02-09 14:42:00,1.32804,1.32819,1.32788,1.328,3033999938.9648438
2012-02-09 14:43:00,1.32799,1.32822,1.32792,1.32813,3552300109.8632812
2012-02-09 14:44:00,1.32811,1.32841,1.32803,1.32841,2557299957.2753906
2012-02-09 14:45:00,1.32839,1.32884,1.32839,1.32854,2968500061.0351562
2012-02-09 14:46:00,1.32855,1.3289,1.32848,1.32888,3188800048.828125
2012-02-09 14:47:00,1.32888,1.32899,1.3287,1.32899,2682200012.2070312
2012-02-09 14:48:00,1.32897,1.32972,1.32897,1.32921,3461199951.171875
2012-02-09 14:49:00,1.3292,1.32943,1.32893,1.32918,3345599975.5859375
2012-02-09 14:50:00,1.32918,1.3294,1.32898,1.32936,3377799987.7929688
2012-02-09 14:51:00,1.3293,1.32953,1.32909,1.32952,3148800048.828125
2012-02-09 14:52:00,1.32953,1.32996,1.32948,1.32992,3567999877.9296875
2012-02-09 14:53:00,1.32993,1.33012,1.32971,1.32999,2441600036.6210938
2012-02-09 14:54:00,1.33001,1.33078,1.33001,1.33056,3360899963.3789062
2012-02-09 14:55:00,1.33054,1.33095,1.33043,1.3307,3435599975.5859375
2012-02-09 14:56:00,1.33068,1.33174,1.33068,1.33174,5089100036.621094
2012-02-09 14:57:00,1.33174,1.33186,1.33123,1.33128,4015000000.0
2012-02-09 14:58:00,1.3313,1.33193,1.3313,1.33141,3484899902.34375
2012-02-09 14:59:00,1.3314,1.33147,1.33095,1.33105,2752900085.4492188
2012-02-09 15:00:00,1.33104,1.33135,1.33104,1.33117,3128900146.484375
2012-02-09 15:01:00,1.33116,1.33154,1.33095,1.33095,2851400146.484375
2012-02-09 15:02:00,1.33091,1.33102,1.33037,1.3304,4223099975.5859375
2012-02-09 15:03:00,1.33036,1.33054,1.32977,1.33,3449599914.5507812
2012-02-09 15:04:00,1.32997,1.33033,1.32959,1.33006,3740799865.7226562
2012-02-09 15:05:00,1.33006,1.33057,1.33006,1.33038,3226099853.515625
2012-02-09 15:06:00,1.33038,1.33043,1.3296,1.3296,3291799926.7578125
2012-02-09 15:07:00,1.32959,1.33005,1.32956,1.32977,3194100036.6210938
2012-02-09 15:08:00,1.32981,1.3299,1.32932,1.32936,3317300109.8632812
2012-02-09 15:09:00,1.32934,1.32969,1.32912,1.32937,3415400085.4492188
2012-02-09 15:10:00,1.32934,1.32956,1.32924,1.32954,3482999877.9296875
2012-02-09 15:11:00,1.32954,1.32993,1.32953,1.32993,2270200042.7246094
2012-02-09 15:12:00,1.32993,1.3301,1.32989,1.33007,2883699951.171875
2012-02-09 15:13:00,1.3301,1.33011,1.32989,1.32995,2806600036.6210938
2012-02-09 15:14:00,1.32996,1.33061,1.32995,1.3306,3002399902.34375
2012-02-09 15:15:00,1.33059,1.3307,1.33022,1.33022,3223800048.828125
2012-02-09 15:16:00,1.33023,1.33032,1.33019,1.33024,2444900054.9316406
2012-02-09 15:17:00,1.33024,1.33039,1.32991,1.33039,3068299865.7226562
2012-02-09 15:18:00,1.33039,1.3306,1.33034,1.33055,3263699951.171875
2012-02-09 15:19:00,1.33057,1.33061,1.33033,1.33033,2302299957.2753906
2012-02-09 15:20:00,1.33033,1.33035,1.32989,1.33005,3154800109.8632812
2012-02-09 15:21:00,1.33005,1.33027,1.32995,1.33005,3117099914.5507812
2012-02-09 15:22:00,1.33005,1.33007,1.32916,1.3292,3077000122.0703125
2012-02-09 15:23:00,1.3292,1.32929,1.329,1.3291,3174299926.7578125
2012-02-09 15:24:00,1.32912,1.32914,1.32874,1.32882,3022399902.34375
2012-02-09 15:25:00,1.32882,1.32898,1.32876,1.32892,2749500122.0703125
2012-02-09 15:26:00,1.32892,1.32908,1.32837,1.32869,3345100097.65625
2012-02-09 15:27:00,1.32869,1.32871,1.32814,1.32841,2930400085.4492188
2012-02-09 15:28:00,1.32845,1.32849,1.32809,1.32837,3106199951.171875
2012-02-09 15:29:00,1.32838,1.32846,1.3283,1.32839,2706700134.2773438
2012-02-09 15:30:00,1.32839,1.32843,1.32814,1.32838,2677999877.9296875
2012-02-09 15:31:00,1.32836,1.3285,1.32814,1.32814,2508300018.310547
2012-02-09 15:32:00,1.3281,1.32812,1.32732,1.32753,3338599853.515625
2012-02-09 15:33:00,1.32751,1.32755,1.3271,1.3274,2846900024.4140625
2012-02-09 15:34:00,1.32741,1.32795,1.32734,1.32789,3538999938.9648438
2012-02-09 15:35:00,1.32789,1.32793,1.32752,1.32752,2913099975.5859375
2012-02-09 15:36:00,1.32752,1.32782,1.32741,1.32777,3233500061.0351562
2012-02-09 15:37:00,1.32777,1.32804,1.32765,1.32791,2466300048.828125
2012-02-09 15:38:00,1.3279,1.32844,1.32781,1.32835,2807900085.4492188
2012-02-09 15:39:00,1.32835,1.3284,1.32802,1.32831,2467500000.0
2012-02-09 15:40:00,1.32831,1.32842,1.32813,1.32837,2855499877.9296875
2012-02-09 15:41:00,1.3284,1.32841,1.32813,1.32814,2258800048.828125
2012-02-09 15:42:00,1.32814,1.32826,1.32799,1.32821,2112500000.0
2012-02-09 15:43:00,1.3282,1.3283,1.3281,1.32818,2985000000.0
2012-02-09 15:44:00,1.32818,1.32818,1.32708,1.3272,4110499877.9296875
2012-02-09 15:45:00,1.3272,1.32767,1.3272,1.32762,2954599914.5507812
2012-02-09 15:46:00,1.32768,1.32832,1.32768,1.32821,2677999877.9296875
2012-02-09 15:47:00,1.32821,1.32854,1.32792,1.32805,3389700012.2070312
2012-02-09 15:48:00,1.32805,1.32845,1.32803,1.32832,3091600036.6210938
2012-02-09 15:49:00,1.32832,1.32868,1.32809,1.32854,2844599914.5507812
2012-02-09 15:50:00,1.32855,1.32859,1.32829,1.3283,2711199951.171875
2012-02-09 15:51:00,1.32832,1.32842,1.32824,1.3284,2400299987.7929688
2012-02-09 15:52:00,1.32838,1.32858,1.3283,1.32846,2367200012.2070312
2012-02-09 15:53:00,1.32845,1.32859,1.32828,1.32838,1988800048.828125
2012-02-09 15:54:00,1.32839,1.32849,1.32827,1.32848,1673800048.828125
2012-02-09 15:55:00,1.32855,1.32867,1.32839,1.32859,2182400054.9316406
2012-02-09 15:56:00,1.32859,1.32914,1.32859,1.32914,2762099914.5507812
2012-02-09 15:57:00,1.32914,1.32982,1.32914,1.32971,3139500122.0703125
2012-02-09 15:58:00,1.32971,1.33013,1.32956,1.33013,3401499938.9648438
2012-02-09 15:59:00,1.33012,1.33072,1.33012,1.3303,4895299987.792969
2012-02-09 16:00:00,1.33032,1.33047,1.33006,1.3301,3623699951.171875
2012-02-09 16:01:00,1.33009,1.33021,1.32986,1.33005,2684400024.4140625
2012-02-09 16:02:00,1.33004,1.33004,1.32969,1.32981,2721799926.7578125
2012-02-09 16:03:00,1.3298,1.33017,1.3298,1.33014,3049400024.4140625
2012-02-09 16:04:00,1.33016,1.33031,1.33004,1.3302,2863999938.9648438
2012-02-09 16:05:00,1.3302,1.33021,1.33006,1.3301,2465099945.0683594
2012-02-09 16:06:00,1.33008,1.33017,1.32984,1.32988,2850199890.1367188
2012-02-09 16:07:00,1.32989,1.32997,1.32948,1.32948,2707000122.0703125
2012-02-09 16:08:00,1.32947,1.32965,1.32912,1.32917,2805199890.1367188
2012-02-09 16:09:00,1.32916,1.3294,1.32911,1.32927,2742999877.9296875
2012-02-09 16:10:00,1.32927,1.32973,1.32927,1.3294,2577799987.7929688
2012-02-09 16:11:00,1.3294,1.32995,1.32928,1.32989,2817200012.2070312
2012-02-09 16:12:00,1.32991,1.32991,1.32968,1.32977,2636499938.9648438
2012-02-09 16:13:00,1.32972,1.33028,1.32968,1.33023,2765000000.0
2012-02-09 16:14:00,1.33023,1.33121,1.3302,1.33119,3350599975.5859375
2012-02-09 16:15:00,1.33119,1.3312,1.33048,1.33063,4067999877.9296875
2012-02-09 16:16:00,1.33063,1.33084,1.33051,1.33052,2568999938.9648438
2012-02-09 16:17:00,1.33052,1.33061,1.33019,1.33019,3154299926.7578125
2012-02-09 16:18:00,1.33019,1.33019,1.32992,1.32997,3312799987.7929688
2012-02-09 16:19:00,1.32997,1.3303,1.32997,1.33022,2852799987.7929688
2012-02-09 16:20:00,1.33022,1.33026,1.32988,1.32994,3579700012.2070312
2012-02-09 16:21:00,1.32995,1.33024,1.3299,1.33014,2338099975.5859375
2012-02-09 16:22:00,1.33014,1.33029,1.32993,1.32993,2563699951.171875
2012-02-09 16:23:00,1.32994,1.33004,1.32969,1.32969,2767900085.4492188
2012-02-09 16:24:00,1.3297,1.32971,1.32945,1.32964,2657399902.34375
2012-02-09 16:25:00,1.32963,1.3297,1.32941,1.32946,1950299987.7929688
2012-02-09 16:26:00,1.32948,1.32995,1.32948,1.32993,2668399963.3789062
2012-02-09 16:27:00,1.32992,1.33036,1.32992,1.33036,2485500030.517578
2012-02-09 16:28:00,1.33038,1.33042,1.32967,1.32968,3093900146.484375
2012-02-09 16:29:00,1.32968,1.32989,1.32964,1.32987,2401600036.6210938
2012-02-09 16:30:00,1.32987,1.33014,1.32985,1.32992,2202299957.2753906
2012-02-09 16:31:00,1.32992,1.32992,1.32964,1.32964,2155800018.310547
2012-02-09 16:32:00,1.32962,1.32963,1.32932,1.32932,2676300048.828125
2012-02-09 16:33:00,1.32932,1.3294,1.3292,1.32934,1826199951.171875
2012-02-09 16:34:00,1.32934,1.32941,1.32913,1.32919,1810200042.7246094
2012-02-09 16:35:00,1.32924,1.32927,1.329,1.32907,2317899932.861328
2012-02-09 16:36:00,1.32908,1.32913,1.32894,1.32894,1949499969.4824219
2012-02-09 16:37:00,1.32895,1.32904,1.32876,1.32891,2156399993.8964844
2012-02-09 16:38:00,1.32887,1.32905,1.32887,1.32892,1462200012.2070312
2012-02-09 16:39:00,1.32892,1.32892,1.32872,1.32878,1680800018.3105469
2012-02-09 16:40:00,1.32878,1.32882,1.32873,1.32881,1836900024.4140625
2012-02-09 16:41:00,1.3288,1.32881,1.32839,1.32841,2055200042.7246094
2012-02-09 16:42:00,1.32841,1.32866,1.32839,1.32862,1814700012.2070312
2012-02-09 16:43:00,1.32862,1.32862,1.32847,1.32848,1903300018.3105469
2012-02-09 16:44:00,1.32848,1.32889,1.32848,1.32887,2014900054.9316406
2012-02-09 16:45:00,1.32891,1.32901,1.32886,1.32901,1684299926.7578125
2012-02-09 16:46:00,1.32901,1.32913,1.32893,1.32894,2202100067.138672
2012-02-09 16:47:00,1.32901,1.32905,1.32859,1.32892,2780299987.7929688
2012-02-09 16:48:00,1.32893,1.3295,1.32888,1.32939,2251699981.689453
2012-02-09 16:49:00,1.32939,1.32952,1.32917,1.32919,1905000000.0
2012-02-09 16:50:00,1.3292,1.32938,1.32915,1.32921,1264800033.569336
2012-02-09 16:51:00,1.32922,1.32946,1.32908,1.32945,2242500000.0
2012-02-09 16:52:00,1.32945,1.3297,1.32945,1.3295,2496999969.482422
2012-02-09 16:53:00,1.32949,1.32966,1.32947,1.32952,1870000000.0
2012-02-09 16:54:00,1.3295,1.32965,1.32949,1.32958,1520299987.7929688
2012-02-09 16:55:00,1.32958,1.32973,1.32952,1.32957,1343899993.8964844
2012-02-09 16:56:00,1.32953,1.32961,1.32926,1.3294,2219900054.9316406
2012-02-09 16:57:00,1.3294,1.32942,1.32922,1.32926,1658600006.1035156
2012-02-09 16:58:00,1.32926,1.32945,1.32904,1.32945,2166799926.7578125
2012-02-09 16:59:00,1.32945,1.32963,1.3293,1.32959,1872200012.2070312
2012-02-09 17:00:00,1.32959,1.32998,1.32959,1.3299,2095599975.5859375
2012-02-09 17:01:00,1.32989,1.32992,1.3298,1.3298,1671699981.6894531
2012-02-09 17:02:00,1.3298,1.32991,1.3298,1.32987,1278300018.3105469
2012-02-09 17:03:00,1.32987,1.32995,1.32982,1.32982,835800018.3105469
2012-02-09 17:04:00,1.32982,1.32991,1.32977,1.32978,1439499969.4824219
2012-02-09 17:05:00,1.32978,1.32978,1.32948,1.32948,2633099975.5859375
2012-02-09 17:06:00,1.32948,1.32983,1.32945,1.32973,2174799957.2753906
2012-02-09 17:07:00,1.32973,1.32994,1.32971,1.32991,2040599975.5859375
2012-02-09 17:08:00,1.32991,1.33006,1.32988,1.32998,1897100067.1386719
2012-02-09 17:09:00,1.32998,1.33001,1.32977,1.32988,2555500030.517578
2012-02-09 17:10:00,1.32988,1.32988,1.32972,1.32978,1286199951.171875
2012-02-09 17:11:00,1.32978,1.3298,1.32968,1.32969,1552799987.7929688
2012-02-09 17:12:00,1.32969,1.3297,1.3295,1.32957,2203999938.9648438
2012-02-09 17:13:00,1.32957,1.32971,1.32957,1.32961,1655500030.5175781
2012-02-09 17:14:00,1.32961,1.32982,1.32961,1.32975,2101499938.9648438
2012-02-09 17:15:00,1.32975,1.32981,1.3297,1.32976,1361699981.6894531
2012-02-09 17:16:00,1.32973,1.32979,1.32951,1.32959,1830000000.0
2012-02-09 17:17:00,1.32959,1.32972,1.32953,1.32971,1335500030.5175781
2012-02-09 17:18:00,1.32971,1.32971,1.32948,1.32955,1845099945.0683594
2012-02-09 17:19:00,1.32954,1.32956,1.32928,1.3294,1789799957.2753906
2012-02-09 17:20:00,1.3294,1.32942,1.32929,1.32941,1904299926.7578125
2012-02-09 17:21:00,1.32941,1.32968,1.3294,1.32968,872699966.4306641
2012-02-09 17:22:00,1.32969,1.32983,1.32961,1.32962,1660299987.7929688
2012-02-09 17:23:00,1.32964,1.32974,1.32939,1.32943,1754700012.2070312
2012-02-09 17:24:00,1.32942,1.32942,1.32927,1.32933,1872500000.0
2012-02-09 17:25:00,1.32933,1.32954,1.32933,1.32948,1675899963.3789062
2012-02-09 17:26:00,1.32948,1.32951,1.32938,1.32939,1270299987.7929688
2012-02-09 17:27:00,1.32939,1.32939,1.3292,1.3293,1983200073.2421875
2012-02-09 17:28:00,1.32929,1.32933,1.32912,1.32916,1195800018.3105469
2012-02-09 17:29:00,1.32916,1.32931,1.32909,1.32916,1625800018.3105469
2012-02-09 17:30:00,1.32914,1.32918,1.32911,1.32916,1688600006.1035156
2012-02-09 17:31:00,1.32916,1.32926,1.32916,1.32922,1399100036.6210938
2012-02-09 17:32:00,1.32925,1.32925,1.32914,1.32915,1647200012.2070312
2012-02-09 17:33:00,1.32915,1.32928,1.32915,1.32925,1476900024.4140625
2012-02-09 17:34:00,1.32926,1.32931,1.32913,1.32914,1159300003.0517578
2012-02-09 17:35:00,1.32914,1.32918,1.32892,1.32908,1314299926.7578125
2012-02-09 17:36:00,1.32907,1.32918,1.32907,1.32918,1313399963.3789062
2012-02-09 17:37:00,1.32918,1.32919,1.32912,1.32912,906299972.5341797
2012-02-09 17:38:00,1.32912,1.32926,1.32912,1.32913,1532400054.9316406
2012-02-09 17:39:00,1.32913,1.32919,1.32911,1.32919,1536000061.0351562
2012-02-09 17:40:00,1.32919,1.32949,1.32918,1.32949,1608899993.8964844
2012-02-09 17:41:00,1.32949,1.32949,1.32915,1.32917,1894499969.4824219
2012-02-09 17:42:00,1.32917,1.32929,1.32917,1.32929,2139600067.1386719
2012-02-09 17:43:00,1.32928,1.32928,1.32918,1.32925,1616000061.0351562
2012-02-09 17:44:00,1.32925,1.32925,1.32908,1.32915,1807299957.2753906
2012-02-09 17:45:00,1.32918,1.32931,1.32918,1.3293,1465899963.3789062
2012-02-09 17:46:00,1.3293,1.32958,1.3293,1.3295,1666999969.4824219
2012-02-09 17:47:00,1.32951,1.32953,1.32942,1.32943,1391799926.7578125
2012-02-09 17:48:00,1.32942,1.32948,1.32942,1.32948,1406600036.6210938
2012-02-09 17:49:00,1.32948,1.32949,1.3292,1.3292,1867299957.2753906
2012-02-09 17:50:00,1.3292,1.3292,1.32882,1.32885,1902299957.2753906
2012-02-09 17:51:00,1.32889,1.32891,1.3287,1.32872,1914700012.2070312
2012-02-09 17:52:00,1.32872,1.32882,1.32872,1.32873,1747700042.7246094
2012-02-09 17:53:00,1.32873,1.32879,1.32872,1.32877,1822200012.2070312
2012-02-09 17:54:00,1.32877,1.32877,1.32852,1.32861,2375099945.0683594
2012-02-09 17:55:00,1.3286,1.32882,1.3286,1.3288,2086900024.4140625
2012-02-09 17:56:00,1.32881,1.32881,1.32864,1.32865,1059300003.0517578
2012-02-09 17:57:00,1.32865,1.32877,1.32855,1.3286,1334900054.9316406
2012-02-09 17:58:00,1.3286,1.3288,1.32852,1.3288,1101299972.5341797
2012-02-09 17:59:00,1.3288,1.32944,1.3288,1.32944,2571799926.7578125
2012-02-09 18:00:00,1.32944,1.32972,1.32944,1.32949,2191600036.6210938
2012-02-09 18:01:00,1.32949,1.32956,1.32938,1.32956,2264299926.7578125
2012-02-09 18:02:00,1.32956,1.32984,1.32956,1.32968,2145899963.3789062
2012-02-09 18:03:00,1.32969,1.3301,1.32969,1.32982,2596900024.4140625
2012-02-09 18:04:00,1.32982,1.32994,1.32961,1.32967,2664100036.6210938
2012-02-09 18:05:00,1.32965,1.32965,1.32908,1.3294,2618200073.2421875
2012-02-09 18:06:00,1.3294,1.32949,1.32927,1.32941,1884100036.6210938
2012-02-09 18:07:00,1.32938,1.32941,1.32924,1.32924,1210699996.9482422
2012-02-09 18:08:00,1.32926,1.32938,1.32926,1.3293,1255999984.741211
2012-02-09 18:09:00,1.3293,1.3293,1.3288,1.32888,1867799987.7929688
2012-02-09 18:10:00,1.32888,1.32902,1.32887,1.32898,779599990.8447266
2012-02-09 18:11:00,1.32898,1.32908,1.32891,1.32891,1077099990.8447266
2012-02-09 18:12:00,1.32891,1.32893,1.3287,1.32871,1120899963.3789062
2012-02-09 18:13:00,1.32871,1.32871,1.32857,1.32859,1380800018.3105469
2012-02-09 18:14:00,1.32859,1.32862,1.32852,1.32861,964100036.6210938
2012-02-09 18:15:00,1.32861,1.32891,1.32861,1.3289,1737899932.8613281
2012-02-09 18:16:00,1.3289,1.3289,1.32871,1.32874,1323899993.8964844
2012-02-09 18:17:00,1.32874,1.329,1.32874,1.32893,1175699996.9482422
2012-02-09 18:18:00,1.32893,1.32898,1.32884,1.3289,1672200012.2070312
2012-02-09 18:19:00,1.32889,1.32895,1.32876,1.32879,1839799957.2753906
2012-02-09 18:20:00,1.32879,1.32881,1.32869,1.32876,1511300048.828125
2012-02-09 18:21:00,1.32876,1.329,1.32876,1.32891,1296600036.6210938
2012-02-09 18:22:00,1.32891,1.32896,1.32889,1.32896,1132799987.7929688
2012-02-09 18:23:00,1.32896,1.32906,1.32895,1.32901,1058000030.5175781
2012-02-09 18:24:00,1.329,1.32916,1.32898,1.3291,1469400024.4140625
2012-02-09 18:25:00,1.3291,1.32916,1.32907,1.32916,1135299987.7929688
2012-02-09 18:26:00,1.32916,1.32934,1.32916,1.32928,1810899963.3789062
2012-02-09 18:27:00,1.32927,1.32928,1.32909,1.32919,1842599945.0683594
2012-02-09 18:28:00,1.32919,1.32919,1.32909,1.32909,1116500015.258789
2012-02-09 18:29:00,1.32909,1.32922,1.32908,1.32918,858000030.5175781
2012-02-09 18:30:00,1.32918,1.3295,1.32918,1.32931,1610700073.2421875
2012-02-09 18:31:00,1.32931,1.32936,1.32927,1.3293,838499984.7412109
2012-02-09 18:32:00,1.3293,1.32932,1.32918,1.32918,1143300018.3105469
2012-02-09 18:33:00,1.32918,1.32925,1.329,1.329,1457299957.2753906
2012-02-09 18:34:00,1.329,1.32915,1.329,1.32904,1353399963.3789062
2012-02-09 18:35:00,1.32904,1.3291,1.329,1.32906,1210299987.7929688
2012-02-09 18:36:00,1.32906,1.32906,1.32881,1.3289,1763200073.2421875
2012-02-09 18:37:00,1.3289,1.32903,1.3288,1.32898,1736000061.0351562
2012-02-09 18:38:00,1.32898,1.32902,1.3289,1.32891,1222799987.7929688
2012-02-09 18:39:00,1.3289,1.32893,1.32884,1.3289,986299972.5341797
2012-02-09 18:40:00,1.32898,1.32901,1.32884,1.3289,1204800033.569336
2012-02-09 18:41:00,1.3289,1.32895,1.32875,1.32875,1508500061.0351562
2012-02-09 18:42:00,1.32878,1.32878,1.32852,1.32862,1271600036.6210938
2012-02-09 18:43:00,1.32862,1.32873,1.32857,1.32873,1157900009.1552734
2012-02-09 18:44:00,1.32873,1.32875,1.32841,1.32841,1122900009.1552734
2012-02-09 18:45:00,1.32843,1.32862,1.32838,1.32861,1525299987.7929688
2012-02-09 18:46:00,1.32861,1.32881,1.32859,1.32879,953700027.4658203
2012-02-09 18:47:00,1.32879,1.32902,1.32879,1.32893,1463800048.828125
2012-02-09 18:48:00,1.32893,1.32904,1.3289,1.32894,1337100067.1386719
2012-02-09 18:49:00,1.32894,1.32903,1.32894,1.32896,1040400009.1552734
2012-02-09 18:50:00,1.32896,1.3291,1.3289,1.32906,1374499969.4824219
2012-02-09 18:51:00,1.32906,1.32912,1.32902,1.32904,1084599990.8447266
2012-02-09 18:52:00,1.32905,1.3291,1.32905,1.3291,796500015.2587891
2012-02-09 18:53:00,1.3291,1.32912,1.32904,1.32904,1433099975.5859375
2012-02-09 18:54:00,1.32903,1.32903,1.32872,1.32883,1948200073.2421875
2012-02-09 18:55:00,1.32883,1.32883,1.32862,1.32862,1019100036.6210938
2012-02-09 18:56:00,1.32863,1.32874,1.32861,1.3287,1647100067.1386719
2012-02-09 18:57:00,1.32869,1.32869,1.32839,1.3284,1474799957.2753906
2012-02-09 18:58:00,1.32842,1.32861,1.32838,1.32842,1755500030.5175781
2012-02-09 18:59:00,1.32843,1.32863,1.32837,1.32863,1866600036.6210938
2012-02-09 19:00:00,1.3287,1.3288,1.32869,1.32873,1051900024.4140625
2012-02-09 19:01:00,1.32874,1.32875,1.3286,1.32875,1390800018.3105469
2012-02-09 19:02:00,1.32875,1.32886,1.3287,1.32884,1580299987.7929688
2012-02-09 19:03:00,1.32882,1.32903,1.32882,1.32901,1431399993.8964844
2012-02-09 19:04:00,1.32901,1.32909,1.32898,1.32905,1486799926.7578125
2012-02-09 19:05:00,1.32905,1.32905,1.32894,1.32894,1277799987.7929688
2012-02-09 19:06:00,1.32893,1.32899,1.32888,1.32893,1482799987.7929688
2012-02-09 19:07:00,1.32893,1.32896,1.32881,1.32885,1486999969.4824219
2012-02-09 19:08:00,1.32884,1.32884,1.32861,1.32879,2473600006.1035156
2012-02-09 19:09:00,1.32878,1.32878,1.32852,1.32859,1946799926.7578125
2012-02-09 19:10:00,1.32859,1.3288,1.32857,1.32879,1352799987.7929688
2012-02-09 19:11:00,1.32883,1.32895,1.3288,1.3289,738899993.8964844
2012-02-09 19:12:00,1.3289,1.32904,1.32885,1.32903,1595899963.3789062
2012-02-09 19:13:00,1.32902,1.32902,1.32898,1.32901,869499969.4824219
2012-02-09 19:14:00,1.32899,1.32917,1.32899,1.32901,1720099945.0683594
2012-02-09 19:15:00,1.32899,1.32908,1.32898,1.32899,1520099945.0683594
2012-02-09 19:16:00,1.32899,1.3292,1.32898,1.32918,1136500015.258789
2012-02-09 19:17:00,1.32917,1.32917,1.32904,1.32906,1105800018.3105469
2012-02-09 19:18:00,1.32908,1.32911,1.32891,1.32891,1686300048.828125
2012-02-09 19:19:00,1.32891,1.32895,1.32879,1.32887,1345599975.5859375
2012-02-09 19:20:00,1.32887,1.32907,1.32877,1.32907,672399978.6376953
2012-02-09 19:21:00,1.32907,1.32919,1.32902,1.32911,1316699981.6894531
2012-02-09 19:22:00,1.3291,1.32922,1.32909,1.32914,1375000000.0
2012-02-09 19:23:00,1.32911,1.32913,1.32899,1.32909,1265999984.741211
2012-02-09 19:24:00,1.32909,1.32909,1.32884,1.32884,1304600067.1386719
2012-02-09 19:25:00,1.32885,1.329,1.32882,1.32897,1078099975.5859375
2012-02-09 19:26:00,1.32897,1.32918,1.32895,1.32918,1006100006.1035156
2012-02-09 19:27:00,1.32919,1.32919,1.32916,1.32916,844499969.4824219
2012-02-09 19:28:00,1.32915,1.32915,1.32906,1.32908,820999984.7412109
2012-02-09 19:29:00,1.32908,1.32914,1.32907,1.32912,1299299926.7578125
2012-02-09 19:30:00,1.32912,1.32912,1.32899,1.32907,1042099990.8447266
2012-02-09 19:31:00,1.32907,1.32924,1.32903,1.32917,1057500000.0
2012-02-09 19:32:00,1.32917,1.3293,1.32917,1.3292,1247799987.7929688
2012-02-09 19:33:00,1.3292,1.3292,1.32901,1.32908,1100199966.430664
2012-02-09 19:34:00,1.32909,1.32911,1.32904,1.32911,950899963.3789062
2012-02-09 19:35:00,1.32909,1.32911,1.32898,1.32904,1586999969.4824219
2012-02-09 19:36:00,1.32904,1.32927,1.32904,1.32927,1046500015.2587891
2012-02-09 19:37:00,1.32926,1.32957,1.32926,1.32939,1650200042.7246094
2012-02-09 19:38:00,1.32939,1.32941,1.32918,1.32919,1150599975.5859375
2012-02-09 19:39:00,1.32919,1.32922,1.32909,1.32922,1329299926.7578125
2012-02-09 19:40:00,1.32922,1.32935,1.32922,1.32931,1684799957.2753906
2012-02-09 19:41:00,1.32931,1.32933,1.32909,1.32911,1290599975.5859375
2012-02-09 19:42:00,1.32911,1.32921,1.3291,1.32921,794800033.5693359
2012-02-09 19:43:00,1.32924,1.32933,1.32919,1.32919,969599990.8447266
2012-02-09 19:44:00,1.3292,1.3295,1.3292,1.32942,1826499938.9648438
2012-02-09 19:45:00,1.32942,1.32946,1.32939,1.32942,1380599975.5859375
2012-02-09 19:46:00,1.32942,1.32942,1.32932,1.32933,981999969.4824219
2012-02-09 19:47:00,1.32935,1.32941,1.32932,1.32932,1917299957.2753906
2012-02-09 19:48:00,1.32932,1.32934,1.32921,1.32928,983899993.8964844
2012-02-09 19:49:00,1.32928,1.32929,1.32919,1.32925,745699996.9482422
2012-02-09 19:50:00,1.32925,1.32927,1.3292,1.3292,609099998.4741211
2012-02-09 19:51:00,1.3292,1.32927,1.32919,1.32927,1040899963.3789062
2012-02-09 19:52:00,1.32927,1.32928,1.32905,1.32905,1077699966.430664
2012-02-09 19:53:00,1.32904,1.32904,1.3289,1.3289,1327700042.7246094
2012-02-09 19:54:00,1.3289,1.32903,1.32889,1.32903,547599983.215332
2012-02-09 19:55:00,1.32901,1.32902,1.32897,1.329,691500015.2587891
2012-02-09 19:56:00,1.32908,1.32928,1.32908,1.32926,1254400024.4140625
2012-02-09 19:57:00,1.32927,1.32938,1.32923,1.32932,777399978.6376953
2012-02-09 19:58:00,1.32932,1.3294,1.32919,1.32919,1530299987.7929688
2012-02-09 19:59:00,1.32919,1.32921,1.32884,1.32884,2226799926.7578125
2012-02-09 20:00:00,1.3289,1.32901,1.32889,1.32895,1531300048.828125
2012-02-09 20:01:00,1.32895,1.32911,1.32891,1.32911,900999984.7412109
2012-02-09 20:02:00,1.32909,1.32921,1.32909,1.3292,816699981.6894531
2012-02-09 20:03:00,1.3292,1.32925,1.3292,1.32922,1269100036.6210938
2012-02-09 20:04:00,1.32922,1.32922,1.32911,1.32921,800800018.3105469
2012-02-09 20:05:00,1.32922,1.32945,1.32922,1.32928,1506799926.7578125
2012-02-09 20:06:00,1.32928,1.32941,1.32925,1.3293,1145899963.3789062
2012-02-09 20:07:00,1.32929,1.32939,1.32929,1.32935,818499984.7412109
2012-02-09 20:08:00,1.32938,1.32938,1.32901,1.32901,1260800018.3105469
2012-02-09 20:09:00,1.32901,1.32901,1.32883,1.32888,1282899932.8613281
2012-02-09 20:10:00,1.32888,1.32909,1.32888,1.32908,889400024.4140625
2012-02-09 20:11:00,1.3291,1.32919,1.32908,1.32916,1055699996.9482422
2012-02-09 20:12:00,1.32916,1.32919,1.32895,1.32895,1671499938.9648438
2012-02-09 20:13:00,1.32895,1.32895,1.32848,1.32865,2491499938.9648438
2012-02-09 20:14:00,1.32859,1.32865,1.32844,1.32857,1771199951.171875
2012-02-09 20:15:00,1.32858,1.32859,1.32855,1.32858,1452500000.0
2012-02-09 20:16:00,1.32859,1.32861,1.32859,1.32861,720000000.0
2012-02-09 20:17:00,1.32861,1.32864,1.32851,1.32855,1767200012.2070312
2012-02-09 20:18:00,1.32855,1.32858,1.32848,1.32853,1104300003.0517578
2012-02-09 20:19:00,1.32853,1.32862,1.32852,1.32853,1253600006.1035156
2012-02-09 20:20:00,1.32854,1.32859,1.32852,1.32852,523300018.3105469
2012-02-09 20:21:00,1.32852,1.32852,1.32849,1.32849,1117900009.1552734
2012-02-09 20:22:00,1.32849,1.32851,1.32848,1.32851,510900001.5258789
2012-02-09 20:23:00,1.32849,1.32851,1.32849,1.32851,1161200027.4658203
2012-02-09 20:24:00,1.32851,1.32871,1.32851,1.32871,1884700012.2070312
2012-02-09 20:25:00,1.32871,1.32878,1.32871,1.32872,1356499938.9648438
2012-02-09 20:26:00,1.32872,1.32875,1.3287,1.32871,723399963.3789062
2012-02-09 20:27:00,1.32872,1.32887,1.32872,1.3288,1605399932.8613281
2012-02-09 20:28:00,1.3288,1.3288,1.32863,1.32868,2147400054.9316406
2012-02-09 20:29:00,1.32868,1.3288,1.32868,1.3288,951299972.5341797
2012-02-09 20:30:00,1.32879,1.32883,1.32879,1.32881,622599983.215332
2012-02-09 20:31:00,1.3288,1.32881,1.3287,1.32879,807200012.2070312
2012-02-09 20:32:00,1.32879,1.32891,1.32879,1.32888,1251100006.1035156
2012-02-09 20:33:00,1.32889,1.32889,1.3288,1.32881,984300003.0517578
2012-02-09 20:34:00,1.32877,1.32881,1.32877,1.32877,634099998.4741211
2012-02-09 20:35:00,1.32877,1.32877,1.32849,1.3285,911600036.6210938
2012-02-09 20:36:00,1.32851,1.3286,1.3285,1.32859,1364799957.2753906
2012-02-09 20:37:00,1.32859,1.3286,1.32858,1.32859,716699981.6894531
2012-02-09 20:38:00,1.32859,1.32861,1.32858,1.32861,477400016.78466797
2012-02-09 20:39:00,1.32861,1.32861,1.32852,1.32858,1084499969.4824219
2012-02-09 20:40:00,1.32858,1.32858,1.32852,1.32854,1290899963.3789062
2012-02-09 20:41:00,1.32855,1.32858,1.3283,1.32835,2260399932.861328
2012-02-09 20:42:00,1.32836,1.3284,1.32835,1.32838,1366100006.1035156
2012-02-09 20:43:00,1.32838,1.32848,1.32837,1.32844,1267699966.430664
2012-02-09 20:44:00,1.32844,1.32847,1.32832,1.32847,1297700042.7246094
2012-02-09 20:45:00,1.32848,1.32848,1.32815,1.32818,1872599945.0683594
2012-02-09 20:46:00,1.32818,1.32842,1.32818,1.32842,840299987.7929688
2012-02-09 20:47:00,1.3284,1.32847,1.32837,1.32839,1197399978.6376953
2012-02-09 20:48:00,1.32838,1.32838,1.32817,1.32817,1945700073.2421875
2012-02-09 20:49:00,1.32817,1.32838,1.32817,1.32824,1247300033.569336
2012-02-09 20:50:00,1.32824,1.32824,1.32808,1.32813,2184100036.6210938
2012-02-09 20:51:00,1.32813,1.32821,1.32813,1.32821,1186299972.5341797
2012-02-09 20:52:00,1.3282,1.32828,1.32819,1.32828,1084300003.0517578
2012-02-09 20:53:00,1.32828,1.32841,1.32828,1.32838,1084400024.4140625
2012-02-09 20:54:00,1.32838,1.32838,1.32818,1.32821,1520399932.8613281
2012-02-09 20:55:00,1.32821,1.32822,1.32793,1.32799,1671199951.171875
2012-02-09 20:56:00,1.32795,1.32821,1.32791,1.3282,1251500015.258789
2012-02-09 20:57:00,1.32819,1.32842,1.32819,1.3284,1026699981.6894531
2012-02-09 20:58:00,1.32841,1.3286,1.32841,1.32856,1857500000.0
2012-02-09 20:59:00,1.32858,1.32858,1.32846,1.32846,360800018.3105469
2012-02-09 21:00:00,1.32846,1.32848,1.32836,1.32846,351899986.26708984
2012-02-09 21:01:00,1.32846,1.32848,1.32844,1.32846,289200000.76293945
2012-02-09 21:02:00,1.32846,1.32847,1.32833,1.32833,1246100006.1035156
2012-02-09 21:03:00,1.32833,1.32833,1.32818,1.32818,1108899993.8964844
2012-02-09 21:04:00,1.32818,1.32824,1.32814,1.32819,896699981.6894531
2012-02-09 21:05:00,1.32821,1.32821,1.32818,1.3282,245000000.0
2012-02-09 21:06:00,1.32823,1.32829,1.32819,1.32826,880599975.5859375
2012-02-09 21:07:00,1.32826,1.32847,1.32826,1.32831,1472599945.0683594
2012-02-09 21:08:00,1.32837,1.32847,1.32834,1.32838,755599975.5859375
2012-02-09 21:09:00,1.32839,1.32839,1.32829,1.3283,289599990.84472656
2012-02-09 21:10:00,1.3283,1.32837,1.3283,1.32835,1139400024.4140625
2012-02-09 21:11:00,1.32836,1.32837,1.3283,1.32836,1951100006.1035156
2012-02-09 21:12:00,1.32833,1.32835,1.32831,1.32831,453600006.1035156
2012-02-09 21:13:00,1.32831,1.32835,1.32831,1.32831,954000015.2587891
2012-02-09 21:14:00,1.32832,1.32836,1.32823,1.32823,1014599990.8447266
2012-02-09 21:15:00,1.32823,1.32832,1.32823,1.32829,725699996.9482422
2012-02-09 21:16:00,1.32829,1.32831,1.32829,1.3283,502700004.5776367
2012-02-09 21:17:00,1.3283,1.32831,1.3282,1.32823,1255100021.3623047
2012-02-09 21:18:00,1.32821,1.32827,1.32821,1.32825,978199996.9482422
2012-02-09 21:19:00,1.32825,1.32825,1.32822,1.32822,380000000.0
2012-02-09 21:20:00,1.32822,1.32827,1.32821,1.32827,580499992.3706055
2012-02-09 21:21:00,1.32827,1.32838,1.32827,1.32838,979599990.8447266
2012-02-09 21:22:00,1.32838,1.32845,1.32835,1.32845,824499969.4824219
2012-02-09 21:23:00,1.32842,1.32848,1.32838,1.32848,548300018.3105469
2012-02-09 21:24:00,1.32849,1.3286,1.32849,1.3286,410099983.21533203
2012-02-09 21:25:00,1.3286,1.32866,1.3286,1.32865,505400009.15527344
2012-02-09 21:26:00,1.32865,1.32869,1.32862,1.32865,1080500030.5175781
2012-02-09 21:27:00,1.32864,1.32865,1.32854,1.32854,420699996.9482422
2012-02-09 21:28:00,1.32854,1.32856,1.32853,1.32853,319400005.3405762
2012-02-09 21:29:00,1.32851,1.32854,1.32843,1.32848,718899993.8964844
2012-02-09 21:30:00,1.32849,1.3285,1.32848,1.32849,461199989.31884766
2012-02-09 21:31:00,1.32849,1.32849,1.32849,1.32849,170000000.0
2012-02-09 21:32:00,1.32849,1.3285,1.32849,1.32849,517400016.78466797
2012-02-09 21:33:00,1.32848,1.32848,1.32833,1.32838,767099990.8447266
2012-02-09 21:34:00,1.32838,1.32847,1.32838,1.32844,752200012.2070312
2012-02-09 21:35:00,1.32844,1.32845,1.32843,1.32845,372099990.84472656
2012-02-09 21:36:00,1.32845,1.32853,1.32843,1.32845,993099975.5859375
2012-02-09 21:37:00,1.32845,1.32847,1.32845,1.32847,292099990.84472656
2012-02-09 21:38:00,1.32845,1.32847,1.32845,1.32847,176700000.76293945
2012-02-09 21:39:00,1.32847,1.3285,1.32847,1.32848,229799995.42236328
2012-02-09 21:40:00,1.32848,1.32857,1.32848,1.32856,319699993.1335449
2012-02-09 21:41:00,1.32854,1.32854,1.32854,1.32854,109799995.42236328
2012-02-09 21:42:00,1.32854,1.32856,1.32851,1.32852,393499984.74121094
2012-02-09 21:43:00,1.32852,1.32858,1.32852,1.32858,397200012.20703125
2012-02-09 21:44:00,1.32858,1.32864,1.32857,1.32861,785299987.7929688
2012-02-09 21:45:00,1.32861,1.32867,1.3286,1.32862,395099983.21533203
2012-02-09 21:46:00,1.32862,1.32865,1.32859,1.3286,313600006.1035156
2012-02-09 21:47:00,1.32861,1.32861,1.32853,1.32853,247000007.62939453
2012-02-09 21:48:00,1.32853,1.32853,1.32831,1.32842,1031200027.4658203
2012-02-09 21:49:00,1.32842,1.32851,1.32838,1.32838,358800010.68115234
2012-02-09 21:50:00,1.32836,1.32848,1.32836,1.32848,366599998.4741211
2012-02-09 21:51:00,1.32848,1.32849,1.3284,1.3284,403300018.3105469
2012-02-09 21:52:00,1.32845,1.32867,1.32841,1.32863,914300003.0517578
2012-02-09 21:53:00,1.32863,1.32863,1.3285,1.32859,728700027.4658203
2012-02-09 21:54:00,1.32858,1.32862,1.32853,1.32855,309400005.3405762
2012-02-09 21:55:00,1.32855,1.32855,1.32849,1.32851,539500007.6293945
2012-02-09 21:56:00,1.32851,1.32864,1.3285,1.32858,928799972.5341797
2012-02-09 21:57:00,1.32857,1.32865,1.32852,1.32852,1089800033.569336
2012-02-09 21:58:00,1.3285,1.32856,1.32847,1.32847,301000003.81469727
2012-02-09 21:59:00,1.3285,1.32859,1.3285,1.32853,281399993.8964844
2012-02-09 22:00:00,1.32853,1.32853,1.32845,1.32849,208400001.5258789
2012-02-09 22:01:00,1.32849,1.32849,1.32828,1.32828,156300001.14440918
2012-02-09 22:02:00,1.32828,1.32853,1.32828,1.32843,119899997.71118164
2012-02-09 22:03:00,1.32835,1.32849,1.32835,1.32844,77100000.38146973
2012-02-09 22:04:00,1.32837,1.32844,1.32835,1.3284,69499998.09265137
2012-02-09 22:05:00,1.32841,1.32844,1.32831,1.32844,123100004.19616699
2012-02-09 22:06:00,1.32844,1.32851,1.32838,1.32848,133400001.5258789
2012-02-09 22:07:00,1.32849,1.32849,1.32835,1.32841,184599990.84472656
2012-02-09 22:08:00,1.3284,1.32842,1.3283,1.3283,492999992.37060547
2012-02-09 22:09:00,1.3283,1.32852,1.3283,1.32836,191900005.34057617
2012-02-09 22:10:00,1.32837,1.32838,1.32835,1.32836,224899997.71118164
2012-02-09 22:11:00,1.32836,1.32839,1.32836,1.32839,84799995.42236328
2012-02-09 22:12:00,1.32839,1.32846,1.32834,1.32845,185900001.5258789
2012-02-09 22:13:00,1.32845,1.3286,1.32845,1.32854,489799995.4223633
2012-02-09 22:14:00,1.32856,1.32856,1.32849,1.32851,213099994.65942383
2012-02-09 22:15:00,1.32852,1.32852,1.32837,1.3284,269599990.84472656
2012-02-09 22:16:00,1.32844,1.32852,1.32844,1.32851,151300001.14440918
2012-02-09 22:17:00,1.32851,1.32853,1.32851,1.32852,24200000.762939453
2012-02-09 22:18:00,1.32853,1.32853,1.32833,1.32841,176399993.89648438
2012-02-09 22:19:00,1.32846,1.32846,1.32838,1.3284,136599998.4741211
2012-02-09 22:20:00,1.3284,1.32849,1.3284,1.32849,570000000.0
2012-02-09 22:21:00,1.32849,1.32851,1.32845,1.32851,494799995.4223633
2012-02-09 22:22:00,1.32851,1.32854,1.32849,1.32854,701699981.6894531
2012-02-09 22:23:00,1.32854,1.32854,1.32844,1.32849,935000000.0
2012-02-09 22:24:00,1.32849,1.32859,1.32849,1.32854,212000007.62939453
2012-02-09 22:25:00,1.32852,1.32856,1.32851,1.32856,78800001.14440918
2012-02-09 22:26:00,1.32854,1.32859,1.32827,1.32838,811699981.6894531
2012-02-09 22:27:00,1.32835,1.32841,1.32821,1.32825,893399963.3789062
2012-02-09 22:28:00,1.3283,1.32835,1.32828,1.32834,667799987.7929688
2012-02-09 22:29:00,1.32833,1.32835,1.32833,1.32833,109499998.09265137
2012-02-09 22:30:00,1.32833,1.32845,1.32832,1.32845,188500003.81469727
2012-02-09 22:31:00,1.32845,1.32845,1.32838,1.32844,723099975.5859375
2012-02-09 22:32:00,1.32848,1.32848,1.32834,1.32838,380400009.15527344
2012-02-09 22:33:00,1.32838,1.32838,1.32831,1.32838,341899986.26708984
2012-02-09 22:34:00,1.32838,1.32844,1.32838,1.32839,505299987.79296875
2012-02-09 22:35:00,1.32839,1.32841,1.32831,1.32831,339900016.78466797
2012-02-09 22:36:00,1.32833,1.3284,1.32831,1.3284,342299995.4223633
2012-02-09 22:37:00,1.32838,1.32849,1.32836,1.32846,374700012.20703125
2012-02-09 22:38:00,1.32847,1.32853,1.32842,1.32853,265100002.28881836
2012-02-09 22:39:00,1.32849,1.3285,1.32843,1.32847,235100002.28881836
2012-02-09 22:40:00,1.32847,1.32847,1.32847,1.32847,34000000.95367432
2012-02-09 22:41:00,1.32847,1.3285,1.32847,1.32849,385499992.37060547
2012-02-09 22:42:00,1.32849,1.32852,1.32848,1.32849,1193300018.3105469
2012-02-09 22:43:00,1.32849,1.32853,1.32843,1.3285,578300018.3105469
2012-02-09 22:44:00,1.32851,1.32851,1.32851,1.32851,49000000.95367432
2012-02-09 22:45:00,1.32855,1.3286,1.32853,1.32856,440299987.79296875
2012-02-09 22:46:00,1.32857,1.32873,1.32856,1.32869,948000030.5175781
2012-02-09 22:47:00,1.32866,1.32871,1.32858,1.32858,1028000030.5175781
2012-02-09 22:48:00,1.3286,1.32872,1.32859,1.32872,258500003.81469727
2012-02-09 22:49:00,1.32872,1.32872,1.32861,1.32863,241499996.18530273
2012-02-09 22:50:00,1.32863,1.32864,1.3285,1.32852,330400009.15527344
2012-02-09 22:51:00,1.32852,1.32863,1.32851,1.32863,234200000.76293945
2012-02-09 22:52:00,1.32863,1.32864,1.32853,1.32856,371899986.26708984
2012-02-09 22:53:00,1.32854,1.32859,1.32854,1.32855,183899993.89648438
2012-02-09 22:54:00,1.32856,1.32856,1.32855,1.32855,120600004.19616699
2012-02-09 22:55:00,1.32854,1.32854,1.32848,1.3285,216299991.60766602
2012-02-09 22:56:00,1.32849,1.3285,1.32849,1.3285,291100006.1035156
2012-02-09 22:57:00,1.32849,1.32851,1.32846,1.32848,414000015.25878906
2012-02-09 22:58:00,1.32848,1.32848,1.32842,1.32847,551699981.6894531
2012-02-09 22:59:00,1.32847,1.32849,1.32845,1.32848,111099996.56677246
2012-02-09 23:00:00,1.32847,1.32849,1.32843,1.32848,522700004.5776367
2012-02-09 23:01:00,1.32849,1.32856,1.32848,1.32856,485400009.15527344
2012-02-09 23:02:00,1.32859,1.32862,1.32857,1.32858,310900001.5258789
2012-02-09 23:03:00,1.32857,1.32862,1.32856,1.32859,812500000.0
2012-02-09 23:04:00,1.32859,1.32861,1.32854,1.32858,544599990.8447266
2012-02-09 23:05:00,1.32858,1.32858,1.32858,1.32858,183099994.65942383
2012-02-09 23:06:00,1.32858,1.32859,1.32858,1.32858,115299997.32971191
2012-02-09 23:07:00,1.32859,1.32859,1.32856,1.32859,294300003.0517578
2012-02-09 23:08:00,1.32859,1.32861,1.32858,1.32859,198099994.65942383
2012-02-09 23:09:00,1.3286,1.3286,1.3285,1.32854,545400009.1552734
2012-02-09 23:10:00,1.32857,1.32857,1.32843,1.32846,688300018.3105469
2012-02-09 23:11:00,1.32846,1.32846,1.32821,1.32824,757600021.3623047
2012-02-09 23:12:00,1.32831,1.32835,1.32802,1.32803,1051800003.0517578
2012-02-09 23:13:00,1.32803,1.32804,1.32802,1.32803,333800010.68115234
2012-02-09 23:14:00,1.32804,1.32806,1.32797,1.32798,440000000.0
2012-02-09 23:15:00,1.32798,1.32799,1.32797,1.32798,644300003.0517578
2012-02-09 23:16:00,1.32798,1.32798,1.32794,1.32795,584000015.2587891
2012-02-09 23:17:00,1.32795,1.328,1.32794,1.32798,434599990.84472656
2012-02-09 23:18:00,1.32799,1.328,1.32797,1.328,333899993.8964844
2012-02-09 23:19:00,1.328,1.32813,1.32797,1.32808,949899978.6376953
2012-02-09 23:20:00,1.32807,1.32809,1.32804,1.32808,312800006.8664551
2012-02-09 23:21:00,1.32807,1.32817,1.32807,1.32814,319099998.4741211
2012-02-09 23:22:00,1.32812,1.32813,1.32808,1.32811,382599983.21533203
2012-02-09 23:23:00,1.32812,1.32815,1.32812,1.32813,249899997.71118164
2012-02-09 23:24:00,1.32812,1.32812,1.32789,1.32789,1009000015.2587891
2012-02-09 23:25:00,1.3279,1.3279,1.32776,1.32779,512500000.0
2012-02-09 23:26:00,1.3278,1.3278,1.32762,1.32763,673600006.1035156
2012-02-09 23:27:00,1.32762,1.32762,1.32748,1.32748,806200027.4658203
2012-02-09 23:28:00,1.32748,1.32749,1.32729,1.32729,1095199966.430664
2012-02-09 23:29:00,1.32731,1.32739,1.32731,1.32734,472200012.20703125
2012-02-09 23:30:00,1.32733,1.32765,1.32733,1.32758,775599975.5859375
2012-02-09 23:31:00,1.32759,1.32777,1.32753,1.32776,1183199996.9482422
2012-02-09 23:32:00,1.32777,1.32777,1.32753,1.32775,766699981.6894531
2012-02-09 23:33:00,1.32776,1.32785,1.32773,1.32775,604700012.2070312
2012-02-09 23:34:00,1.32775,1.32793,1.32765,1.32775,1140800018.3105469
2012-02-09 23:35:00,1.32775,1.32801,1.32771,1.32787,805500030.5175781
2012-02-09 23:36:00,1.32789,1.32798,1.32787,1.32798,689400024.4140625
2012-02-09 23:37:00,1.32799,1.32802,1.3275,1.32757,1161299972.5341797
2012-02-09 23:38:00,1.32758,1.32764,1.32734,1.32741,976100006.1035156
2012-02-09 23:39:00,1.32741,1.32757,1.3274,1.32756,848300018.3105469
2012-02-09 23:40:00,1.32756,1.32757,1.32733,1.32733,611800003.0517578
2012-02-09 23:41:00,1.32733,1.32763,1.32733,1.32761,1168700027.4658203
2012-02-09 23:42:00,1.32761,1.32763,1.32761,1.32763,261499996.18530273
2012-02-09 23:43:00,1.32763,1.32764,1.32754,1.32754,575400009.1552734
2012-02-09 23:44:00,1.32754,1.32761,1.32754,1.32754,757799987.7929688
2012-02-09 23:45:00,1.32753,1.32753,1.3272,1.32726,1243000030.5175781
2012-02-09 23:46:00,1.32726,1.3273,1.32719,1.3273,820400009.1552734
2012-02-09 23:47:00,1.32729,1.32756,1.32729,1.32752,922900009.1552734
2012-02-09 23:48:00,1.32754,1.3277,1.32747,1.32764,1431300048.828125
2012-02-09 23:49:00,1.32765,1.32768,1.32745,1.32745,639300003.0517578
2012-02-09 23:50:00,1.32745,1.32747,1.32739,1.32746,245599994.65942383
2012-02-09 23:51:00,1.32746,1.3275,1.32746,1.3275,295699996.9482422
2012-02-09 23:52:00,1.3275,1.32762,1.32749,1.32762,439399986.26708984
2012-02-09 23:53:00,1.32761,1.32765,1.3276,1.32764,955899963.3789062
2012-02-09 23:54:00,1.32764,1.3277,1.32763,1.32769,651200027.4658203
2012-02-09 23:55:00,1.32769,1.32771,1.32766,1.32767,245499992.37060547
2012-02-09 23:56:00,1.32767,1.32767,1.32762,1.32762,396699981.6894531
2012-02-09 23:57:00,1.32762,1.32764,1.32761,1.32761,652699966.4306641
2012-02-09 23:58:00,1.32761,1.32762,1.32758,1.3276,651600036.6210938
2012-02-09 23:59:00,1.3276,1.32767,1.3274,1.32754,962500000.0
2012-02-10 00:00:00,1.32752,1.32755,1.32741,1.32755,758099975.5859375
2012-02-10 00:01:00,1.32754,1.32765,1.32749,1.32749,1651100006.1035156
2012-02-10 00:02:00,1.32749,1.32765,1.32747,1.32757,1058399963.3789062
2012-02-10 00:03:00,1.32757,1.32767,1.32752,1.32752,580200004.5776367
2012-02-10 00:04:00,1.32751,1.32751,1.32739,1.32747,977399978.6376953
2012-02-10 00:05:00,1.32747,1.32753,1.32737,1.32741,1150199966.430664
2012-02-10 00:06:00,1.32741,1.32741,1.32709,1.32709,1699700012.2070312
2012-02-10 00:07:00,1.3271,1.32733,1.3271,1.32718,1636300048.828125
2012-02-10 00:08:00,1.32718,1.32731,1.32714,1.32729,1229100036.6210938
2012-02-10 00:09:00,1.32727,1.32731,1.3272,1.32721,998499984.7412109
2012-02-10 00:10:00,1.3272,1.3273,1.32718,1.32728,1348600006.1035156
2012-02-10 00:11:00,1.3273,1.32738,1.32727,1.32727,490099983.21533203
2012-02-10 00:12:00,1.32727,1.32738,1.32727,1.32737,534799995.4223633
2012-02-10 00:13:00,1.32738,1.32749,1.32736,1.32746,476699981.6894531
2012-02-10 00:14:00,1.32746,1.32761,1.32744,1.3276,799899978.6376953
2012-02-10 00:15:00,1.32762,1.32784,1.32761,1.32775,1382299957.2753906
2012-02-10 00:16:00,1.32775,1.32783,1.3277,1.32778,1048000030.5175781
2012-02-10 00:17:00,1.32778,1.32783,1.32775,1.32783,630699996.9482422
2012-02-10 00:18:00,1.32783,1.32799,1.32765,1.32765,1778200073.2421875
2012-02-10 00:19:00,1.32765,1.32777,1.32765,1.32777,468899993.8964844
2012-02-10 00:20:00,1.32777,1.32779,1.32744,1.32745,1250400009.1552734
2012-02-10 00:21:00,1.32743,1.32743,1.32731,1.32734,982699966.4306641
2012-02-10 00:22:00,1.32734,1.3275,1.32733,1.32745,1163700027.4658203
2012-02-10 00:23:00,1.32745,1.32763,1.32744,1.32763,522999992.37060547
2012-02-10 00:24:00,1.32762,1.32765,1.3276,1.32761,743099975.5859375
2012-02-10 00:25:00,1.32761,1.32761,1.32748,1.32748,970599975.5859375
2012-02-10 00:26:00,1.32748,1.32748,1.3273,1.32736,605600013.7329102
2012-02-10 00:27:00,1.32736,1.32736,1.32734,1.32735,320200004.5776367
2012-02-10 00:28:00,1.32735,1.32745,1.32735,1.32745,478899993.8964844
2012-02-10 00:29:00,1.32745,1.32758,1.32739,1.32754,868000030.5175781
2012-02-10 00:30:00,1.32753,1.32755,1.32715,1.32727,1739499969.4824219
2012-02-10 00:31:00,1.32728,1.32736,1.3272,1.3272,1157500000.0
2012-02-10 00:32:00,1.32721,1.32738,1.32718,1.32735,1161800003.0517578
2012-02-10 00:33:00,1.32735,1.32758,1.32734,1.32757,944199981.6894531
2012-02-10 00:34:00,1.32757,1.3276,1.32741,1.32741,871999969.4824219
2012-02-10 00:35:00,1.3274,1.32753,1.32738,1.32741,752500000.0
2012-02-10 00:36:00,1.3274,1.3276,1.3274,1.32754,1095899963.3789062
2012-02-10 00:37:00,1.32753,1.32758,1.32752,1.32754,813099975.5859375
2012-02-10 00:38:00,1.32752,1.32777,1.32752,1.32763,1558699951.171875
2012-02-10 00:39:00,1.32763,1.32766,1.32762,1.32765,361399993.8964844
2012-02-10 00:40:00,1.32765,1.32785,1.32764,1.32784,967300033.5693359
2012-02-10 00:41:00,1.32784,1.32784,1.32752,1.3277,1791100006.1035156
2012-02-10 00:42:00,1.3277,1.32776,1.32766,1.32771,1090800018.3105469
2012-02-10 00:43:00,1.32771,1.32778,1.32759,1.32763,943600006.1035156
2012-02-10 00:44:00,1.32762,1.32794,1.32758,1.3279,1071200027.4658203
2012-02-10 00:45:00,1.3279,1.32798,1.32757,1.32757,1496600036.6210938
2012-02-10 00:46:00,1.32757,1.32768,1.32756,1.32768,686800003.0517578
2012-02-10 00:47:00,1.32768,1.32771,1.3276,1.32769,1187699966.430664
2012-02-10 00:48:00,1.32769,1.32788,1.32765,1.32784,562999992.3706055
2012-02-10 00:49:00,1.32784,1.32784,1.32778,1.32783,485800018.3105469
2012-02-10 00:50:00,1.32783,1.3282,1.32782,1.32816,1333600006.1035156
2012-02-10 00:51:00,1.32817,1.32841,1.32816,1.32835,1855800018.3105469
2012-02-10 00:52:00,1.32833,1.32833,1.32821,1.32829,813499984.7412109
2012-02-10 00:53:00,1.32829,1.32829,1.32803,1.32804,1003399963.3789062
2012-02-10 00:54:00,1.32803,1.32826,1.32798,1.32816,1476100006.1035156
2012-02-10 00:55:00,1.32816,1.32831,1.32811,1.32828,982900009.1552734
2012-02-10 00:56:00,1.32828,1.32871,1.32828,1.32871,1479700012.2070312
2012-02-10 00:57:00,1.32873,1.329,1.32863,1.32874,1805299987.7929688
2012-02-10 00:58:00,1.32874,1.32881,1.32868,1.32881,987699966.4306641
2012-02-10 00:59:00,1.32881,1.329,1.32881,1.32887,1501799926.7578125
2012-02-10 01:00:00,1.32888,1.32888,1.32852,1.32857,1427299957.2753906
2012-02-10 01:01:00,1.32857,1.32862,1.32853,1.32862,1125000000.0
2012-02-10 01:02:00,1.32863,1.32863,1.32824,1.32824,1146299972.5341797
2012-02-10 01:03:00,1.3282,1.32828,1.32816,1.32827,1631600036.6210938
2012-02-10 01:04:00,1.32828,1.32855,1.32828,1.32855,1070199966.4306641
2012-02-10 01:05:00,1.32855,1.3286,1.3285,1.32858,716800003.0517578
2012-02-10 01:06:00,1.32858,1.32858,1.32839,1.32852,1933200073.2421875
2012-02-10 01:07:00,1.32855,1.32856,1.32834,1.32848,1495800018.3105469
2012-02-10 01:08:00,1.32849,1.32869,1.32846,1.32846,1600200042.7246094
2012-02-10 01:09:00,1.32846,1.32851,1.32844,1.32848,929100036.6210938
2012-02-10 01:10:00,1.32848,1.32853,1.32843,1.3285,817099990.8447266
2012-02-10 01:11:00,1.32848,1.32849,1.32833,1.32839,1479600067.1386719
2012-02-10 01:12:00,1.32838,1.32849,1.32836,1.32844,709100036.6210938
2012-02-10 01:13:00,1.32844,1.3286,1.32844,1.32856,1104100036.6210938
2012-02-10 01:14:00,1.32856,1.32885,1.32855,1.32878,1393999938.9648438
2012-02-10 01:15:00,1.32878,1.32878,1.32833,1.32838,1938200073.2421875
2012-02-10 01:16:00,1.32839,1.32851,1.32832,1.32843,2151300048.828125
2012-02-10 01:17:00,1.32844,1.32856,1.32844,1.32853,1176500015.258789
2012-02-10 01:18:00,1.32854,1.32858,1.32851,1.32852,895599975.5859375
2012-02-10 01:19:00,1.3285,1.3285,1.32836,1.32837,910000000.0
2012-02-10 01:20:00,1.32838,1.32856,1.32838,1.32856,1144800033.569336
2012-02-10 01:21:00,1.32856,1.32865,1.32849,1.32852,1072200012.2070312
2012-02-10 01:22:00,1.32853,1.32857,1.32838,1.32838,698399963.3789062
2012-02-10 01:23:00,1.32839,1.32841,1.32836,1.32837,1019000015.2587891
2012-02-10 01:24:00,1.32837,1.32841,1.32825,1.32825,1119100036.6210938
2012-02-10 01:25:00,1.32826,1.32829,1.3282,1.32828,1690700073.2421875
2012-02-10 01:26:00,1.32827,1.32833,1.32811,1.32828,1470000000.0
2012-02-10 01:27:00,1.32827,1.32837,1.32804,1.32804,1208899993.8964844
2012-02-10 01:28:00,1.32804,1.32823,1.32803,1.32823,1275599975.5859375
2012-02-10 01:29:00,1.32823,1.32823,1.32816,1.32819,486899986.26708984
2012-02-10 01:30:00,1.32816,1.32816,1.32799,1.32808,1470599975.5859375
2012-02-10 01:31:00,1.32809,1.32817,1.32804,1.32805,777500000.0
2012-02-10 01:32:00,1.32804,1.32806,1.32793,1.32793,626199989.3188477
2012-02-10 01:33:00,1.32795,1.32809,1.32788,1.32804,1164000015.258789
2012-02-10 01:34:00,1.32805,1.32805,1.32793,1.32794,1045800018.3105469
2012-02-10 01:35:00,1.32794,1.32797,1.3277,1.32779,1478300018.3105469
2012-02-10 01:36:00,1.32779,1.3278,1.32739,1.32745,1295500030.5175781
2012-02-10 01:37:00,1.32747,1.32769,1.32747,1.32765,851200027.4658203
2012-02-10 01:38:00,1.32765,1.32765,1.32737,1.32742,1148600006.1035156
2012-02-10 01:39:00,1.32742,1.32756,1.32738,1.32756,1177799987.7929688
2012-02-10 01:40:00,1.32755,1.32755,1.32737,1.32744,1180000000.0
2012-02-10 01:41:00,1.32746,1.32749,1.32727,1.32737,1221299972.5341797
2012-02-10 01:42:00,1.32738,1.32769,1.32737,1.32765,941999969.4824219
2012-02-10 01:43:00,1.32763,1.32778,1.32757,1.3276,1564400024.4140625
2012-02-10 01:44:00,1.32761,1.32802,1.32761,1.32799,1255899963.3789062
2012-02-10 01:45:00,1.32797,1.32819,1.32791,1.32812,1289900054.9316406
2012-02-10 01:46:00,1.32812,1.32822,1.32795,1.328,1185699996.9482422
2012-02-10 01:47:00,1.328,1.32804,1.32774,1.32775,1566799926.7578125
2012-02-10 01:48:00,1.32776,1.32794,1.32775,1.32782,1183499984.741211
2012-02-10 01:49:00,1.3278,1.32783,1.32766,1.32782,977399978.6376953
2012-02-10 01:50:00,1.32783,1.32785,1.32771,1.32771,791200027.4658203
2012-02-10 01:51:00,1.32771,1.32783,1.32767,1.32782,606399993.8964844
2012-02-10 01:52:00,1.3278,1.32782,1.32772,1.32772,510200004.5776367
2012-02-10 01:53:00,1.32773,1.32773,1.32753,1.32754,1051500015.2587891
2012-02-10 01:54:00,1.32753,1.32753,1.32736,1.32747,729300003.0517578
2012-02-10 01:55:00,1.32748,1.32765,1.32748,1.32756,984000015.2587891
2012-02-10 01:56:00,1.32756,1.32766,1.32754,1.32764,503499984.74121094
2012-02-10 01:57:00,1.32765,1.32774,1.32759,1.32773,1002399978.6376953
2012-02-10 01:58:00,1.32774,1.32782,1.32774,1.3278,494000015.25878906
2012-02-10 01:59:00,1.32778,1.32792,1.32778,1.32778,653000030.5175781
2012-02-10 02:00:00,1.32778,1.32785,1.32771,1.32778,749499969.4824219
2012-02-10 02:01:00,1.32778,1.32783,1.32772,1.32772,489500007.62939453
2012-02-10 02:02:00,1.32772,1.32772,1.32751,1.32752,1094199981.6894531
2012-02-10 02:03:00,1.32752,1.32776,1.32752,1.32775,1089000015.258789
2012-02-10 02:04:00,1.32776,1.32781,1.32769,1.3277,818399963.3789062
2012-02-10 02:05:00,1.32771,1.32803,1.32771,1.32784,1679700012.2070312
2012-02-10 02:06:00,1.32784,1.32791,1.3278,1.32791,665800018.3105469
2012-02-10 02:07:00,1.32789,1.32805,1.32789,1.32795,882300033.5693359
2012-02-10 02:08:00,1.32795,1.32797,1.32789,1.32789,800599975.5859375
2012-02-10 02:09:00,1.32787,1.32787,1.32754,1.32754,1574700012.2070312
2012-02-10 02:10:00,1.32753,1.32762,1.32749,1.32758,705400009.1552734
2012-02-10 02:11:00,1.32757,1.32776,1.32755,1.32776,1010800018.3105469
2012-02-10 02:12:00,1.32774,1.32782,1.32757,1.32757,884800033.5693359
2012-02-10 02:13:00,1.32757,1.32761,1.32755,1.3276,535900001.5258789
2012-02-10 02:14:00,1.32763,1.32764,1.32759,1.32759,226800003.0517578
2012-02-10 02:15:00,1.32762,1.32764,1.32753,1.32754,811299972.5341797
2012-02-10 02:16:00,1.32751,1.32752,1.32742,1.32749,400000000.0
2012-02-10 02:17:00,1.32749,1.32751,1.32747,1.32751,339599990.84472656
2012-02-10 02:18:00,1.32749,1.32754,1.32743,1.32743,322099990.84472656
2012-02-10 02:19:00,1.32744,1.32744,1.32742,1.32742,575299987.7929688
2012-02-10 02:20:00,1.32744,1.32751,1.32742,1.32747,490000000.0
2012-02-10 02:21:00,1.3275,1.32753,1.32743,1.32753,983499984.7412109
2012-02-10 02:22:00,1.32753,1.32763,1.32751,1.32763,655000000.0
2012-02-10 02:23:00,1.32762,1.32777,1.32762,1.32773,1106999969.4824219
2012-02-10 02:24:00,1.32775,1.32775,1.32771,1.32773,689100036.6210938
2012-02-10 02:25:00,1.32773,1.32773,1.32767,1.32767,531500015.25878906
2012-02-10 02:26:00,1.32766,1.32774,1.32766,1.32772,594199981.6894531
2012-02-10 02:27:00,1.32772,1.32774,1.32772,1.32773,766200027.4658203
2012-02-10 02:28:00,1.32773,1.32777,1.32773,1.32775,381899986.26708984
2012-02-10 02:29:00,1.32775,1.32794,1.32775,1.32792,920299987.7929688
2012-02-10 02:30:00,1.32792,1.32793,1.32773,1.32774,829700012.2070312
2012-02-10 02:31:00,1.32777,1.32778,1.3277,1.3277,848199996.9482422
2012-02-10 02:32:00,1.3277,1.3277,1.32756,1.32763,1088799972.5341797
2012-02-10 02:33:00,1.32762,1.32779,1.32761,1.32775,1218000030.5175781
2012-02-10 02:34:00,1.32775,1.32777,1.32758,1.32758,705999984.7412109
2012-02-10 02:35:00,1.32759,1.32765,1.32755,1.32762,691600036.6210938
2012-02-10 02:36:00,1.32763,1.32777,1.32762,1.32777,668499984.7412109
2012-02-10 02:37:00,1.32777,1.32777,1.32758,1.32759,647799987.7929688
2012-02-10 02:38:00,1.32759,1.32784,1.32757,1.32784,622400016.784668
2012-02-10 02:39:00,1.32784,1.32784,1.32766,1.32772,748199996.9482422
2012-02-10 02:40:00,1.32774,1.32779,1.3277,1.32774,892099990.8447266
2012-02-10 02:41:00,1.32774,1.32784,1.3277,1.32784,918700027.4658203
2012-02-10 02:42:00,1.32784,1.32795,1.32784,1.32795,349700012.20703125
2012-02-10 02:43:00,1.32793,1.32798,1.32792,1.32792,492400016.78466797
2012-02-10 02:44:00,1.32793,1.32795,1.32783,1.32785,395400009.15527344
2012-02-10 02:45:00,1.32783,1.32814,1.32783,1.328,1354799957.2753906
2012-02-10 02:46:00,1.32803,1.32811,1.32799,1.32811,777600021.3623047
2012-02-10 02:47:00,1.32811,1.32824,1.32808,1.32819,615000000.0
2012-02-10 02:48:00,1.32819,1.32822,1.32799,1.32809,951100006.1035156
2012-02-10 02:49:00,1.32808,1.32813,1.32803,1.32805,735000000.0
2012-02-10 02:50:00,1.32806,1.32808,1.32787,1.32808,1363800048.828125
2012-02-10 02:51:00,1.32808,1.3281,1.32776,1.32793,1802599945.0683594
2012-02-10 02:52:00,1.32794,1.32799,1.32785,1.32788,837300033.5693359
2012-02-10 02:53:00,1.32788,1.32798,1.32785,1.3279,473100013.73291016
2012-02-10 02:54:00,1.32789,1.32792,1.3278,1.3278,552900009.1552734
2012-02-10 02:55:00,1.32784,1.32788,1.32781,1.32785,458899993.8964844
2012-02-10 02:56:00,1.32785,1.32788,1.3278,1.32788,635200004.5776367
2012-02-10 02:57:00,1.32788,1.32788,1.32779,1.32786,558499984.7412109
2012-02-10 02:58:00,1.32786,1.32786,1.3277,1.32771,721600036.6210938
2012-02-10 02:59:00,1.3277,1.32776,1.32758,1.32758,1421999969.4824219
2012-02-10 03:00:00,1.32758,1.32767,1.32756,1.32759,1037500000.0
2012-02-10 03:01:00,1.3276,1.3276,1.32746,1.32747,860299987.7929688
2012-02-10 03:02:00,1.32748,1.3276,1.32747,1.32757,1267699966.430664
2012-02-10 03:03:00,1.32757,1.32758,1.32744,1.32752,826299972.5341797
2012-02-10 03:04:00,1.32752,1.32766,1.32745,1.32752,1446699981.6894531
2012-02-10 03:05:00,1.3275,1.3275,1.32727,1.32735,1102399978.6376953
2012-02-10 03:06:00,1.3274,1.3274,1.32733,1.32737,853099975.5859375
2012-02-10 03:07:00,1.32737,1.3275,1.32735,1.32738,1180899963.3789062
2012-02-10 03:08:00,1.32738,1.32748,1.32734,1.32748,962600021.3623047
2012-02-10 03:09:00,1.32745,1.32747,1.32738,1.32743,714800033.5693359
2012-02-10 03:10:00,1.32746,1.32759,1.32746,1.32756,916500015.2587891
2012-02-10 03:11:00,1.32756,1.32756,1.32742,1.32742,689100036.6210938
2012-02-10 03:12:00,1.32742,1.32742,1.32731,1.32738,617299995.4223633
2012-02-10 03:13:00,1.32737,1.32746,1.32737,1.32746,601599998.4741211
2012-02-10 03:14:00,1.32746,1.32746,1.32736,1.32736,510800018.3105469
2012-02-10 03:15:00,1.32736,1.32737,1.32735,1.32736,452599983.21533203
2012-02-10 03:16:00,1.32738,1.32743,1.32735,1.32743,486899986.26708984
2012-02-10 03:17:00,1.32743,1.32744,1.32735,1.32739,346599998.4741211
2012-02-10 03:18:00,1.32739,1.32742,1.32733,1.32736,1010500030.5175781
2012-02-10 03:19:00,1.32736,1.3274,1.32733,1.32735,593100013.7329102
2012-02-10 03:20:00,1.32734,1.32734,1.32713,1.32714,994899978.6376953
2012-02-10 03:21:00,1.32714,1.32724,1.32714,1.32723,1075400009.1552734
2012-02-10 03:22:00,1.32724,1.32724,1.32717,1.3272,701100006.1035156
2012-02-10 03:23:00,1.3272,1.32722,1.32714,1.32722,815999984.7412109
2012-02-10 03:24:00,1.32724,1.3273,1.3272,1.32729,662600021.3623047
2012-02-10 03:25:00,1.3273,1.32734,1.32724,1.32724,376500015.25878906
2012-02-10 03:26:00,1.32729,1.32739,1.32729,1.32739,683199996.9482422
2012-02-10 03:27:00,1.32739,1.32739,1.3273,1.32734,534199981.6894531
2012-02-10 03:28:00,1.32731,1.32731,1.32731,1.32731,139300003.0517578
2012-02-10 03:29:00,1.32733,1.32733,1.32714,1.32716,1106999969.4824219
2012-02-10 03:30:00,1.32716,1.32724,1.32715,1.32715,529799995.4223633
2012-02-10 03:31:00,1.32715,1.32719,1.3271,1.32712,889700012.2070312
2012-02-10 03:32:00,1.3271,1.3271,1.32705,1.32708,310300006.8664551
2012-02-10 03:33:00,1.32709,1.32709,1.32702,1.32702,588199996.9482422
2012-02-10 03:34:00,1.32702,1.32712,1.32702,1.32709,1199199981.6894531
2012-02-10 03:35:00,1.32705,1.32711,1.32669,1.32669,1148000030.5175781
2012-02-10 03:36:00,1.32669,1.32669,1.32649,1.32657,1331499938.9648438
2012-02-10 03:37:00,1.32657,1.32659,1.32653,1.32654,1076500015.258789
2012-02-10 03:38:00,1.32654,1.3268,1.32654,1.32678,1235899963.3789062
2012-02-10 03:39:00,1.32677,1.32677,1.32657,1.32659,687399978.6376953
2012-02-10 03:40:00,1.32657,1.3266,1.32648,1.32648,991699981.6894531
2012-02-10 03:41:00,1.32649,1.32649,1.32633,1.32642,1088799972.5341797
2012-02-10 03:42:00,1.32642,1.32644,1.32634,1.32635,953600006.1035156
2012-02-10 03:43:00,1.32635,1.3264,1.32632,1.32639,627400016.784668
2012-02-10 03:44:00,1.32639,1.3266,1.32639,1.32657,1075199966.430664
2012-02-10 03:45:00,1.32658,1.3268,1.32658,1.32677,694300003.0517578
2012-02-10 03:46:00,1.32677,1.32679,1.32667,1.32668,1056600036.6210938
2012-02-10 03:47:00,1.32668,1.32669,1.32655,1.32655,699400024.4140625
2012-02-10 03:48:00,1.32657,1.32676,1.32656,1.32664,791399993.8964844
2012-02-10 03:49:00,1.32666,1.32666,1.32649,1.32655,417900009.15527344
2012-02-10 03:50:00,1.32652,1.32654,1.32649,1.3265,715199966.4306641
2012-02-10 03:51:00,1.3265,1.32652,1.32645,1.32652,481199989.31884766
2012-02-10 03:52:00,1.3265,1.32664,1.32649,1.3266,676100006.1035156
2012-02-10 03:53:00,1.32661,1.32661,1.32651,1.32655,758300018.3105469
2012-02-10 03:54:00,1.32654,1.3266,1.32625,1.32625,1024899978.6376953
2012-02-10 03:55:00,1.32625,1.32629,1.32616,1.32629,1288000030.5175781
2012-02-10 03:56:00,1.32628,1.32633,1.32623,1.32626,1087399978.6376953
2012-02-10 03:57:00,1.32628,1.32638,1.32626,1.32635,1075500030.5175781
2012-02-10 03:58:00,1.32635,1.32639,1.32633,1.32637,276599998.4741211
2012-02-10 03:59:00,1.32638,1.32642,1.32637,1.32637,536899986.2670898
2012-02-10 04:00:00,1.32637,1.32638,1.32624,1.32634,744800033.5693359
2012-02-10 04:01:00,1.32634,1.32649,1.32624,1.32626,856100006.1035156
2012-02-10 04:02:00,1.32626,1.32636,1.32626,1.32634,631800003.0517578
2012-02-10 04:03:00,1.32634,1.32637,1.32631,1.32632,437900009.15527344
2012-02-10 04:04:00,1.32629,1.32647,1.32622,1.32624,1457400054.9316406
2012-02-10 04:05:00,1.32623,1.32631,1.32622,1.32622,943799972.5341797
2012-02-10 04:06:00,1.32621,1.32632,1.32621,1.32627,623800010.6811523
2012-02-10 04:07:00,1.32628,1.3264,1.32628,1.32638,761200027.4658203
2012-02-10 04:08:00,1.3264,1.32647,1.32636,1.32642,292800006.8664551
2012-02-10 04:09:00,1.32641,1.32659,1.32641,1.32659,816500015.2587891
2012-02-10 04:10:00,1.32657,1.32665,1.32653,1.3266,1400200042.7246094
2012-02-10 04:11:00,1.3266,1.3267,1.32657,1.3267,582299995.4223633
2012-02-10 04:12:00,1.3267,1.3267,1.32659,1.32667,746200027.4658203
2012-02-10 04:13:00,1.32667,1.3267,1.32662,1.32668,601300010.6811523
2012-02-10 04:14:00,1.32668,1.32671,1.32645,1.32649,734700012.2070312
2012-02-10 04:15:00,1.32647,1.32649,1.32634,1.32634,466100006.1035156
2012-02-10 04:16:00,1.32634,1.32658,1.3263,1.32648,931900024.4140625
2012-02-10 04:17:00,1.32651,1.32657,1.32641,1.32641,945400009.1552734
2012-02-10 04:18:00,1.32642,1.32646,1.32641,1.32645,472799987.79296875
2012-02-10 04:19:00,1.32646,1.32656,1.32645,1.32654,676900024.4140625
2012-02-10 04:20:00,1.32655,1.32659,1.32655,1.32658,157399997.71118164
2012-02-10 04:21:00,1.32658,1.32671,1.32655,1.32669,783000030.5175781
2012-02-10 04:22:00,1.32669,1.3267,1.32665,1.3267,494000015.25878906
2012-02-10 04:23:00,1.32672,1.32674,1.3267,1.32673,548600006.1035156
2012-02-10 04:24:00,1.32671,1.32671,1.3267,1.3267,45100002.28881836
2012-02-10 04:25:00,1.32669,1.32675,1.32658,1.32675,771999969.4824219
2012-02-10 04:26:00,1.32676,1.32682,1.3267,1.32672,571699981.6894531
2012-02-10 04:27:00,1.32672,1.32678,1.32665,1.32665,923199996.9482422
2012-02-10 04:28:00,1.32665,1.32667,1.32658,1.32667,1308500061.0351562
2012-02-10 04:29:00,1.32667,1.32668,1.32654,1.32657,1673399963.3789062
2012-02-10 04:30:00,1.32657,1.3266,1.32649,1.32656,713300018.3105469
2012-02-10 04:31:00,1.32656,1.32664,1.32655,1.32659,778499984.7412109
2012-02-10 04:32:00,1.32659,1.32669,1.32658,1.32664,797399978.6376953
2012-02-10 04:33:00,1.32665,1.32665,1.32649,1.32655,856699981.6894531
2012-02-10 04:34:00,1.32655,1.32656,1.32643,1.32643,657099990.8447266
2012-02-10 04:35:00,1.32643,1.32644,1.32626,1.32635,641999969.4824219
2012-02-10 04:36:00,1.32637,1.32638,1.32634,1.32635,491500015.25878906
2012-02-10 04:37:00,1.32635,1.32645,1.32635,1.32645,1029599990.8447266
2012-02-10 04:38:00,1.32647,1.32658,1.32645,1.32654,1172699966.430664
2012-02-10 04:39:00,1.32654,1.32659,1.32639,1.3264,913300018.3105469
2012-02-10 04:40:00,1.32639,1.3264,1.32639,1.3264,97100000.38146973
2012-02-10 04:41:00,1.3264,1.3265,1.3264,1.32649,492599983.21533203
2012-02-10 04:42:00,1.32649,1.32652,1.32642,1.32643,534700012.20703125
2012-02-10 04:43:00,1.32643,1.32643,1.32633,1.32643,695500030.5175781
2012-02-10 04:44:00,1.32643,1.32649,1.32641,1.32645,557500000.0
2012-02-10 04:45:00,1.32646,1.32647,1.32643,1.32647,274599990.84472656
2012-02-10 04:46:00,1.32646,1.32658,1.32645,1.32652,618199996.9482422
2012-02-10 04:47:00,1.32652,1.32669,1.32652,1.32665,716200027.4658203
2012-02-10 04:48:00,1.32665,1.32677,1.32662,1.32674,801200027.4658203
2012-02-10 04:49:00,1.32673,1.32676,1.32654,1.32654,1050199966.4306641
2012-02-10 04:50:00,1.32651,1.32651,1.3261,1.3261,1597100067.1386719
2012-02-10 04:51:00,1.3261,1.32625,1.32589,1.32623,2303399963.3789062
2012-02-10 04:52:00,1.32624,1.32624,1.32603,1.32609,1508899993.8964844
2012-02-10 04:53:00,1.32609,1.32617,1.32609,1.3261,721800003.0517578
2012-02-10 04:54:00,1.32609,1.32631,1.32604,1.32631,874599990.8447266
2012-02-10 04:55:00,1.32631,1.32642,1.32629,1.32632,1361399993.8964844
2012-02-10 04:56:00,1.32632,1.32634,1.32617,1.32624,985999984.7412109
2012-02-10 04:57:00,1.32624,1.32633,1.3262,1.32632,1006299972.5341797
2012-02-10 04:58:00,1.32632,1.32635,1.32619,1.32621,600699996.9482422
2012-02-10 04:59:00,1.32622,1.32626,1.32609,1.32609,527999992.37060547
2012-02-10 05:00:00,1.32609,1.32609,1.32589,1.32593,985800018.3105469
2012-02-10 05:01:00,1.32593,1.32595,1.32574,1.32588,1813099975.5859375
2012-02-10 05:02:00,1.32591,1.32591,1.32567,1.32581,1760800018.3105469
2012-02-10 05:03:00,1.32578,1.32586,1.32576,1.32586,1081699981.6894531
2012-02-10 05:04:00,1.32586,1.32586,1.32555,1.32563,1457700042.7246094
2012-02-10 05:05:00,1.32562,1.32572,1.32555,1.32566,1868899993.8964844
2012-02-10 05:06:00,1.32566,1.32595,1.32566,1.32584,1002799987.7929688
2012-02-10 05:07:00,1.32583,1.32591,1.32568,1.32568,1250000000.0
2012-02-10 05:08:00,1.32568,1.3257,1.32543,1.32563,1446100006.1035156
2012-02-10 05:09:00,1.32562,1.32582,1.32561,1.32574,808199996.9482422
2012-02-10 05:10:00,1.32574,1.32592,1.32574,1.3259,1246600036.6210938
2012-02-10 05:11:00,1.3259,1.32614,1.3259,1.32614,1296399993.8964844
2012-02-10 05:12:00,1.32613,1.32616,1.32608,1.32611,1283000030.5175781
2012-02-10 05:13:00,1.3261,1.32614,1.32592,1.32596,986900024.4140625
2012-02-10 05:14:00,1.32596,1.3262,1.32592,1.32608,1083099975.5859375
2012-02-10 05:15:00,1.32607,1.32607,1.32586,1.32599,998499984.7412109
2012-02-10 05:16:00,1.32599,1.32614,1.32585,1.32591,1489400024.4140625
2012-02-10 05:17:00,1.32592,1.32617,1.32587,1.3261,1372700042.7246094
2012-02-10 05:18:00,1.3261,1.32614,1.32589,1.32597,1292400054.9316406
2012-02-10 05:19:00,1.32597,1.32612,1.32595,1.32599,1054800033.5693359
2012-02-10 05:20:00,1.32597,1.32597,1.32586,1.32587,589799995.4223633
2012-02-10 05:21:00,1.32587,1.32605,1.32587,1.32604,1006900024.4140625
2012-02-10 05:22:00,1.32604,1.32612,1.32599,1.32606,1149100036.6210938
2012-02-10 05:23:00,1.32608,1.32623,1.32608,1.32621,729100036.6210938
2012-02-10 05:24:00,1.32623,1.32623,1.32609,1.32615,535999984.74121094
2012-02-10 05:25:00,1.32614,1.32618,1.3261,1.32617,904000015.2587891
2012-02-10 05:26:00,1.32617,1.3262,1.32616,1.3262,1280800018.3105469
2012-02-10 05:27:00,1.32619,1.32636,1.32617,1.32633,678600006.1035156
2012-02-10 05:28:00,1.32634,1.32642,1.32632,1.32637,991999969.4824219
2012-02-10 05:29:00,1.32637,1.3264,1.32636,1.3264,1025500030.5175781
2012-02-10 05:30:00,1.32642,1.32649,1.32639,1.32641,757099990.8447266
2012-02-10 05:31:00,1.32639,1.32651,1.32639,1.32651,474199981.6894531
2012-02-10 05:32:00,1.32651,1.32651,1.3264,1.32641,274400005.3405762
2012-02-10 05:33:00,1.32641,1.32648,1.32639,1.32645,462599983.21533203
2012-02-10 05:34:00,1.32645,1.32645,1.32637,1.32637,664400024.4140625
2012-02-10 05:35:00,1.32638,1.32641,1.32637,1.32638,663000030.5175781
2012-02-10 05:36:00,1.32635,1.32637,1.32615,1.32617,854700012.2070312
2012-02-10 05:37:00,1.32615,1.32621,1.32614,1.3262,569500007.6293945
2012-02-10 05:38:00,1.3262,1.3262,1.32617,1.3262,1001100006.1035156
2012-02-10 05:39:00,1.3262,1.32632,1.32615,1.32632,618800010.6811523
2012-02-10 05:40:00,1.32631,1.32646,1.32625,1.32642,1107799987.7929688
2012-02-10 05:41:00,1.32641,1.32641,1.32631,1.32632,876299972.5341797
2012-02-10 05:42:00,1.32633,1.32642,1.32627,1.32627,906900024.4140625
2012-02-10 05:43:00,1.32627,1.32636,1.32627,1.32629,573499984.7412109
2012-02-10 05:44:00,1.32629,1.32644,1.32628,1.32635,943300018.3105469
2012-02-10 05:45:00,1.32635,1.32637,1.32632,1.32633,813399963.3789062
2012-02-10 05:46:00,1.32633,1.32637,1.32632,1.32636,282299995.4223633
2012-02-10 05:47:00,1.32634,1.32634,1.32628,1.32633,494799995.4223633
2012-02-10 05:48:00,1.32632,1.32638,1.32628,1.32634,1217399978.6376953
2012-02-10 05:49:00,1.32634,1.32636,1.32633,1.32635,174599990.84472656
2012-02-10 05:50:00,1.32635,1.32638,1.32631,1.32636,662200012.2070312
2012-02-10 05:51:00,1.32632,1.32635,1.32623,1.32627,732099990.8447266
2012-02-10 05:52:00,1.32625,1.32625,1.32617,1.3262,540200004.5776367
2012-02-10 05:53:00,1.32619,1.32619,1.3258,1.3258,1209700012.2070312
2012-02-10 05:54:00,1.32577,1.32581,1.32562,1.32574,1958899993.8964844
2012-02-10 05:55:00,1.32572,1.3259,1.3257,1.32575,1027399978.6376953
2012-02-10 05:56:00,1.32573,1.32599,1.32569,1.32594,1538200073.2421875
2012-02-10 05:57:00,1.32594,1.32598,1.32585,1.32589,1387899932.8613281
2012-02-10 05:58:00,1.32589,1.32589,1.32581,1.32583,814400024.4140625
2012-02-10 05:59:00,1.32583,1.32608,1.32583,1.32608,768000030.5175781
2012-02-10 06:00:00,1.32605,1.32607,1.32604,1.32605,1102300033.569336
2012-02-10 06:01:00,1.32605,1.3261,1.326,1.326,861999969.4824219
2012-02-10 06:02:00,1.32601,1.32632,1.326,1.3263,1461199951.171875
2012-02-10 06:03:00,1.32632,1.32634,1.32616,1.32619,1200100021.3623047
2012-02-10 06:04:00,1.32616,1.32624,1.32616,1.32622,389799995.4223633
2012-02-10 06:05:00,1.32622,1.32622,1.32602,1.32608,1073399963.3789062
2012-02-10 06:06:00,1.32608,1.32614,1.32607,1.32609,653899993.8964844
2012-02-10 06:07:00,1.32611,1.32612,1.32599,1.32602,556399993.8964844
2012-02-10 06:08:00,1.32604,1.32609,1.32602,1.32605,822200012.2070312
2012-02-10 06:09:00,1.32606,1.32606,1.32602,1.32603,504599990.84472656
2012-02-10 06:10:00,1.32603,1.32608,1.32602,1.32604,563100013.7329102
2012-02-10 06:11:00,1.32604,1.32608,1.32594,1.32596,743199996.9482422
2012-02-10 06:12:00,1.32596,1.326,1.32594,1.326,804599990.8447266
2012-02-10 06:13:00,1.32598,1.32602,1.32595,1.32597,513199996.9482422
2012-02-10 06:14:00,1.32597,1.32598,1.32594,1.32597,347299995.4223633
2012-02-10 06:15:00,1.32594,1.32602,1.32593,1.32602,735400009.1552734
2012-02-10 06:16:00,1.32602,1.32609,1.32601,1.32604,512400016.78466797
2012-02-10 06:17:00,1.32603,1.32604,1.32581,1.32581,783799972.5341797
2012-02-10 06:18:00,1.32581,1.32584,1.32573,1.32577,811800003.0517578
2012-02-10 06:19:00,1.32578,1.32585,1.32575,1.32584,638100013.7329102
2012-02-10 06:20:00,1.32585,1.32596,1.32585,1.3259,786600036.6210938
2012-02-10 06:21:00,1.3259,1.32595,1.32586,1.32586,341699981.6894531
2012-02-10 06:22:00,1.32585,1.32591,1.32584,1.32589,689199981.6894531
2012-02-10 06:23:00,1.32589,1.32598,1.32584,1.32593,757300033.5693359
2012-02-10 06:24:00,1.32593,1.32602,1.32588,1.32589,1141800003.0517578
2012-02-10 06:25:00,1.32589,1.3259,1.32575,1.32576,853600006.1035156
2012-02-10 06:26:00,1.32578,1.32583,1.32575,1.32575,695699996.9482422
2012-02-10 06:27:00,1.32572,1.32572,1.32544,1.32544,1156699981.6894531
2012-02-10 06:28:00,1.32545,1.32563,1.32545,1.32555,1228300018.3105469
2012-02-10 06:29:00,1.32555,1.32558,1.32526,1.32545,2085899963.3789062
2012-02-10 06:30:00,1.32545,1.32552,1.32538,1.32547,1198399963.3789062
2012-02-10 06:31:00,1.32545,1.3255,1.3254,1.32549,1177600021.3623047
2012-02-10 06:32:00,1.3255,1.32555,1.32543,1.32544,1741199951.171875
2012-02-10 06:33:00,1.32543,1.32543,1.32521,1.32535,1698500061.0351562
2012-02-10 06:34:00,1.32535,1.32536,1.32512,1.32513,1222099990.8447266
2012-02-10 06:35:00,1.32513,1.32519,1.32509,1.32513,1487799987.7929688
2012-02-10 06:36:00,1.32513,1.32518,1.32509,1.32513,1600299987.7929688
2012-02-10 06:37:00,1.32516,1.32528,1.32515,1.32527,1230100021.3623047
2012-02-10 06:38:00,1.32527,1.32541,1.32527,1.32541,1044400024.4140625
2012-02-10 06:39:00,1.32543,1.32564,1.32543,1.32553,1376999969.4824219
2012-02-10 06:40:00,1.32551,1.32559,1.32548,1.32553,1085999984.741211
2012-02-10 06:41:00,1.32553,1.3256,1.32543,1.32544,1375500030.5175781
2012-02-10 06:42:00,1.32549,1.32565,1.32549,1.32563,1156699981.6894531
2012-02-10 06:43:00,1.32563,1.32566,1.32561,1.32562,1350700073.2421875
2012-02-10 06:44:00,1.32562,1.32576,1.32527,1.32528,2044700012.2070312
2012-02-10 06:45:00,1.32528,1.32531,1.32517,1.32517,1641799926.7578125
2012-02-10 06:46:00,1.32515,1.32524,1.32507,1.32522,1756300048.828125
2012-02-10 06:47:00,1.32522,1.32534,1.32516,1.32534,1225999984.741211
2012-02-10 06:48:00,1.32534,1.32538,1.3253,1.32532,583499984.7412109
2012-02-10 06:49:00,1.32536,1.32549,1.32532,1.32538,755899963.3789062
2012-02-10 06:50:00,1.32539,1.32541,1.32536,1.32536,472400016.78466797
2012-02-10 06:51:00,1.32537,1.32544,1.32536,1.32543,754000015.2587891
2012-02-10 06:52:00,1.32543,1.32543,1.32539,1.32542,466100006.1035156
2012-02-10 06:53:00,1.3254,1.32542,1.32538,1.32542,403699989.31884766
2012-02-10 06:54:00,1.32542,1.32543,1.32536,1.32541,1141399993.8964844
2012-02-10 06:55:00,1.32541,1.32551,1.3254,1.32545,833899993.8964844
2012-02-10 06:56:00,1.32547,1.32568,1.32545,1.32561,1301600036.6210938
2012-02-10 06:57:00,1.3256,1.3257,1.3256,1.3257,1341300048.828125
2012-02-10 06:58:00,1.3257,1.32576,1.32569,1.32575,1064800033.5693359
2012-02-10 06:59:00,1.32575,1.32585,1.32574,1.32584,1534100036.6210938
2012-02-10 07:00:00,1.32583,1.32584,1.32566,1.32566,2091699981.6894531
2012-02-10 07:01:00,1.32566,1.32566,1.32542,1.32543,1524700012.2070312
2012-02-10 07:02:00,1.32542,1.32547,1.32539,1.32545,1122200012.2070312
2012-02-10 07:03:00,1.32546,1.32572,1.32545,1.32572,1356300048.828125
2012-02-10 07:04:00,1.32573,1.32609,1.32573,1.32607,1728399963.3789062
2012-02-10 07:05:00,1.32608,1.32635,1.32592,1.32632,1906199951.171875
2012-02-10 07:06:00,1.32632,1.3267,1.32631,1.32663,2965899963.3789062
2012-02-10 07:07:00,1.32663,1.32663,1.32643,1.32643,2400000000.0
2012-02-10 07:08:00,1.32647,1.32682,1.32647,1.3268,2001799926.7578125
2012-02-10 07:09:00,1.3268,1.32689,1.32663,1.32676,1992400054.9316406
2012-02-10 07:10:00,1.32676,1.32676,1.32647,1.32656,1345800018.3105469
2012-02-10 07:11:00,1.32656,1.32658,1.32639,1.32645,1144000015.258789
2012-02-10 07:12:00,1.32646,1.32646,1.32624,1.32624,1324299926.7578125
2012-02-10 07:13:00,1.32624,1.32624,1.32613,1.32615,1194700012.2070312
2012-02-10 07:14:00,1.32615,1.32627,1.32612,1.3262,1457400054.9316406
2012-02-10 07:15:00,1.32618,1.32618,1.326,1.32607,2208999938.9648438
2012-02-10 07:16:00,1.32607,1.32619,1.32587,1.32587,2081900024.4140625
2012-02-10 07:17:00,1.32588,1.32601,1.32578,1.32585,2109100036.6210938
2012-02-10 07:18:00,1.32584,1.32588,1.3257,1.32578,1804100036.6210938
2012-02-10 07:19:00,1.32579,1.32604,1.32567,1.32601,1974600067.1386719
2012-02-10 07:20:00,1.32603,1.32603,1.3254,1.32545,2092700042.7246094
2012-02-10 07:21:00,1.32545,1.32558,1.32525,1.32528,2453500061.0351562
2012-02-10 07:22:00,1.32529,1.32567,1.32529,1.32567,2420700073.2421875
2012-02-10 07:23:00,1.3257,1.3257,1.32541,1.32546,1449499969.4824219
2012-02-10 07:24:00,1.32546,1.32547,1.32515,1.32515,1620800018.3105469
2012-02-10 07:25:00,1.32515,1.32532,1.32514,1.3252,1506600036.6210938
2012-02-10 07:26:00,1.3252,1.32524,1.32505,1.32509,1702500000.0
2012-02-10 07:27:00,1.32508,1.32508,1.3246,1.32462,2529600067.138672
2012-02-10 07:28:00,1.32461,1.32468,1.32447,1.32456,2278500061.0351562
2012-02-10 07:29:00,1.32456,1.32517,1.32453,1.32517,3033299865.7226562
2012-02-10 07:30:00,1.32516,1.32527,1.32503,1.32514,2049600067.1386719
2012-02-10 07:31:00,1.32514,1.32524,1.32506,1.32521,1873699951.171875
2012-02-10 07:32:00,1.32521,1.32526,1.32498,1.32505,1637400054.9316406
2012-02-10 07:33:00,1.32504,1.32528,1.32504,1.32528,1217099990.8447266
2012-02-10 07:34:00,1.32527,1.32559,1.32527,1.32548,2227200012.2070312
2012-02-10 07:35:00,1.32548,1.3257,1.32545,1.32563,2161900024.4140625
2012-02-10 07:36:00,1.32563,1.32572,1.3256,1.32571,1275899963.3789062
2012-02-10 07:37:00,1.32572,1.32572,1.32551,1.32552,1444400024.4140625
2012-02-10 07:38:00,1.32552,1.32552,1.32543,1.32548,1309799957.2753906
2012-02-10 07:39:00,1.32548,1.3255,1.32526,1.32526,1619799957.2753906
2012-02-10 07:40:00,1.32525,1.32525,1.32485,1.32485,2164299926.7578125
2012-02-10 07:41:00,1.32485,1.32485,1.3247,1.32474,2227100067.138672
2012-02-10 07:42:00,1.32474,1.32475,1.32461,1.32471,2555200042.7246094
2012-02-10 07:43:00,1.3247,1.32473,1.32433,1.3244,2125700073.2421875
2012-02-10 07:44:00,1.32439,1.3244,1.32426,1.32428,1998699951.171875
2012-02-10 07:45:00,1.32428,1.32441,1.32416,1.32441,2238999938.9648438
2012-02-10 07:46:00,1.32443,1.32465,1.32442,1.32461,1313099975.5859375
2012-02-10 07:47:00,1.32462,1.32478,1.32462,1.32477,1741799926.7578125
2012-02-10 07:48:00,1.3248,1.32485,1.32453,1.32485,2355599975.5859375
2012-02-10 07:49:00,1.32485,1.32525,1.32481,1.32521,3291700134.2773438
2012-02-10 07:50:00,1.32521,1.32544,1.32521,1.3254,2537100067.138672
2012-02-10 07:51:00,1.32538,1.32552,1.32532,1.32541,2956700134.2773438
2012-02-10 07:52:00,1.32542,1.32559,1.32533,1.32533,1864199981.6894531
2012-02-10 07:53:00,1.32533,1.32533,1.32508,1.3252,2461100006.1035156
2012-02-10 07:54:00,1.32523,1.32525,1.32483,1.32491,2739800109.8632812
2012-02-10 07:55:00,1.3249,1.32503,1.32477,1.325,2264600067.138672
2012-02-10 07:56:00,1.325,1.32535,1.325,1.32535,2262799987.7929688
2012-02-10 07:57:00,1.32538,1.32548,1.32533,1.32537,1857200012.2070312
2012-02-10 07:58:00,1.32537,1.32571,1.32535,1.32567,2157500000.0
2012-02-10 07:59:00,1.32567,1.32567,1.32543,1.32543,1411100006.1035156
2012-02-10 08:00:00,1.32543,1.32555,1.32522,1.32522,2016499938.9648438
2012-02-10 08:01:00,1.32522,1.32527,1.32503,1.32509,1844799957.2753906
2012-02-10 08:02:00,1.32509,1.32512,1.32462,1.32467,2238500061.0351562
2012-02-10 08:03:00,1.32466,1.32476,1.3244,1.3244,2182899932.861328
2012-02-10 08:04:00,1.32441,1.32447,1.32405,1.32405,2557299957.2753906
2012-02-10 08:05:00,1.32405,1.32442,1.32392,1.32392,3112799987.7929688
2012-02-10 08:06:00,1.32392,1.32423,1.32387,1.32402,3166900024.4140625
2012-02-10 08:07:00,1.32403,1.32443,1.32398,1.32437,2533699951.171875
2012-02-10 08:08:00,1.32438,1.32445,1.32414,1.3243,3028699951.171875
2012-02-10 08:09:00,1.32432,1.32449,1.32431,1.32448,2768399963.3789062
2012-02-10 08:10:00,1.32448,1.32476,1.32448,1.3247,2609899902.34375
2012-02-10 08:11:00,1.32471,1.32499,1.32471,1.32495,2577900085.4492188
2012-02-10 08:12:00,1.32495,1.32495,1.32457,1.32468,2196399993.8964844
2012-02-10 08:13:00,1.32469,1.3247,1.32448,1.32451,2038399963.3789062
2012-02-10 08:14:00,1.32451,1.32461,1.3245,1.32461,1587400054.9316406
2012-02-10 08:15:00,1.3246,1.32477,1.3245,1.32476,1962400054.9316406
2012-02-10 08:16:00,1.32475,1.3248,1.32463,1.32465,1903699951.171875
2012-02-10 08:17:00,1.32466,1.32537,1.32464,1.32536,2850499877.9296875
2012-02-10 08:18:00,1.32536,1.32551,1.32522,1.32532,2602999877.9296875
2012-02-10 08:19:00,1.32531,1.32587,1.32524,1.32584,3212600097.65625
2012-02-10 08:20:00,1.32586,1.3264,1.32584,1.32628,3501700134.2773438
2012-02-10 08:21:00,1.32627,1.32635,1.32616,1.32631,2277299957.2753906
2012-02-10 08:22:00,1.32631,1.32651,1.32623,1.32626,2685599975.5859375
2012-02-10 08:23:00,1.32627,1.32642,1.32623,1.32642,1612299957.2753906
2012-02-10 08:24:00,1.32642,1.32649,1.32612,1.32616,2317200012.2070312
2012-02-10 08:25:00,1.32615,1.32619,1.32576,1.32584,2615899963.3789062
2012-02-10 08:26:00,1.32584,1.3263,1.32579,1.3263,2378099975.5859375
2012-02-10 08:27:00,1.32631,1.32642,1.32604,1.32641,2939599914.5507812
2012-02-10 08:28:00,1.32641,1.3265,1.32628,1.32628,2068300018.3105469
2012-02-10 08:29:00,1.32628,1.32641,1.32625,1.32628,2377400054.9316406
2012-02-10 08:30:00,1.32628,1.3267,1.32628,1.32667,2545000000.0
2012-02-10 08:31:00,1.32665,1.3268,1.32657,1.32676,2694400024.4140625
2012-02-10 08:32:00,1.32675,1.32677,1.32632,1.32632,2290000000.0
2012-02-10 08:33:00,1.32634,1.32639,1.32624,1.32637,2326100006.1035156
2012-02-10 08:34:00,1.32639,1.32663,1.32639,1.32657,2026600036.6210938
2012-02-10 08:35:00,1.32659,1.3268,1.32645,1.32645,2448399963.3789062
2012-02-10 08:36:00,1.32644,1.32651,1.32626,1.32628,1685200042.7246094
2012-02-10 08:37:00,1.32629,1.32649,1.32628,1.3263,1878800048.828125
2012-02-10 08:38:00,1.3263,1.32652,1.32614,1.32615,2608399963.3789062
2012-02-10 08:39:00,1.32614,1.32624,1.32607,1.32608,2387100067.138672
2012-02-10 08:40:00,1.32608,1.32609,1.32582,1.32585,2864599914.5507812
2012-02-10 08:41:00,1.32584,1.32609,1.32579,1.32589,2086000061.0351562
2012-02-10 08:42:00,1.3259,1.32615,1.32571,1.32615,1737500000.0
2012-02-10 08:43:00,1.32616,1.32642,1.32616,1.3263,2819599914.5507812
2012-02-10 08:44:00,1.32632,1.32642,1.32596,1.32596,2133300018.3105469
2012-02-10 08:45:00,1.32596,1.32596,1.32572,1.32575,2508899993.8964844
2012-02-10 08:46:00,1.32575,1.32597,1.32558,1.32568,2207100067.138672
2012-02-10 08:47:00,1.32568,1.32586,1.32562,1.3258,2159400024.4140625
2012-02-10 08:48:00,1.3258,1.32584,1.3256,1.3257,1915200042.7246094
2012-02-10 08:49:00,1.3257,1.32615,1.3257,1.3261,2538000030.517578
2012-02-10 08:50:00,1.3261,1.32629,1.326,1.32622,1936600036.6210938
2012-02-10 08:51:00,1.32622,1.32655,1.32622,1.32644,1953399963.3789062
2012-02-10 08:52:00,1.32648,1.32673,1.32644,1.32663,2566000061.0351562
2012-02-10 08:53:00,1.32661,1.32663,1.32634,1.32652,2586600036.6210938
2012-02-10 08:54:00,1.32655,1.32666,1.3264,1.32665,2713099975.5859375
2012-02-10 08:55:00,1.32663,1.32679,1.32654,1.32679,2972799987.7929688
2012-02-10 08:56:00,1.32679,1.32679,1.32661,1.32666,2166199951.171875
2012-02-10 08:57:00,1.32666,1.32676,1.32659,1.32663,2237299957.2753906
2012-02-10 08:58:00,1.32663,1.32702,1.32663,1.32696,2642600097.65625
2012-02-10 08:59:00,1.32698,1.32751,1.32698,1.32743,2818800048.828125
2012-02-10 09:00:00,1.32743,1.32761,1.32731,1.32732,2470299987.7929688
2012-02-10 09:01:00,1.32734,1.32737,1.32716,1.32727,1959799957.2753906
2012-02-10 09:02:00,1.32727,1.32729,1.32705,1.32712,2061499938.9648438
2012-02-10 09:03:00,1.32712,1.3272,1.32707,1.32713,2386600036.6210938
2012-02-10 09:04:00,1.32713,1.32737,1.3271,1.32722,1982799987.7929688
2012-02-10 09:05:00,1.32726,1.32755,1.32724,1.32734,2056399993.8964844
2012-02-10 09:06:00,1.32734,1.32739,1.32705,1.32707,2151199951.171875
2012-02-10 09:07:00,1.32708,1.32719,1.32684,1.32694,2289900054.9316406
2012-02-10 09:08:00,1.32694,1.32706,1.3268,1.32706,2693699951.171875
2012-02-10 09:09:00,1.32706,1.32711,1.327,1.32706,1949700012.2070312
2012-02-10 09:10:00,1.32706,1.32728,1.327,1.32728,2153699951.171875
2012-02-10 09:11:00,1.32728,1.32809,1.32728,1.32809,2697200012.2070312
2012-02-10 09:12:00,1.32809,1.32825,1.32791,1.32803,2580899963.3789062
2012-02-10 09:13:00,1.32804,1.32821,1.32794,1.32794,2454299926.7578125
2012-02-10 09:14:00,1.32792,1.32792,1.32759,1.32791,2798599853.515625
2012-02-10 09:15:00,1.32789,1.32793,1.32765,1.32793,2327100067.138672
2012-02-10 09:16:00,1.32794,1.328,1.32781,1.32784,1980000000.0
2012-02-10 09:17:00,1.32783,1.32793,1.32771,1.32793,1976600036.6210938
2012-02-10 09:18:00,1.32793,1.32796,1.32774,1.32777,2246600036.6210938
2012-02-10 09:19:00,1.32778,1.32778,1.32738,1.32745,2749899902.34375
2012-02-10 09:20:00,1.32744,1.32776,1.32729,1.32776,2292899932.861328
2012-02-10 09:21:00,1.32778,1.32788,1.32776,1.32779,1718000030.5175781
2012-02-10 09:22:00,1.32779,1.32806,1.32767,1.32774,2583099975.5859375
2012-02-10 09:23:00,1.32776,1.328,1.32774,1.328,2061300048.828125
2012-02-10 09:24:00,1.328,1.32812,1.32794,1.32798,1771199951.171875
2012-02-10 09:25:00,1.328,1.32809,1.328,1.32802,1733000030.5175781
2012-02-10 09:26:00,1.32799,1.32802,1.32766,1.32766,2442700042.7246094
2012-02-10 09:27:00,1.32765,1.32765,1.32693,1.32706,3628800048.828125
2012-02-10 09:28:00,1.32706,1.32753,1.32703,1.32732,2799400024.4140625
2012-02-10 09:29:00,1.32734,1.32734,1.32695,1.32696,1636600036.6210938
2012-02-10 09:30:00,1.327,1.32728,1.32696,1.32721,1472799987.7929688
2012-02-10 09:31:00,1.32721,1.3278,1.3271,1.32777,2267400054.9316406
2012-02-10 09:32:00,1.32777,1.32777,1.3276,1.32771,1981199951.171875
2012-02-10 09:33:00,1.32772,1.32809,1.32772,1.32803,2810899963.3789062
2012-02-10 09:34:00,1.32803,1.32815,1.32795,1.32809,2400599975.5859375
2012-02-10 09:35:00,1.32809,1.32839,1.32809,1.32823,2291600036.6210938
2012-02-10 09:36:00,1.32823,1.32835,1.32809,1.32809,2401600036.6210938
2012-02-10 09:37:00,1.32806,1.32815,1.32779,1.32779,2462299957.2753906
2012-02-10 09:38:00,1.3278,1.32786,1.3277,1.32779,2007500000.0
2012-02-10 09:39:00,1.32779,1.32789,1.32754,1.32758,1814799957.2753906
2012-02-10 09:40:00,1.32759,1.3277,1.3273,1.32734,2215200042.7246094
2012-02-10 09:41:00,1.32736,1.32736,1.32678,1.32683,3029299926.7578125
2012-02-10 09:42:00,1.32682,1.32712,1.3267,1.32712,2692000122.0703125
2012-02-10 09:43:00,1.32711,1.32711,1.3267,1.32692,2357400054.9316406
2012-02-10 09:44:00,1.32694,1.32721,1.32694,1.32709,2501799926.7578125
2012-02-10 09:45:00,1.32706,1.32722,1.32703,1.32722,2039199981.6894531
2012-02-10 09:46:00,1.32722,1.32727,1.32713,1.32725,1625700073.2421875
2012-02-10 09:47:00,1.32727,1.3273,1.32712,1.32712,2353000030.517578
2012-02-10 09:48:00,1.32713,1.32713,1.32686,1.32686,2133500061.0351562
2012-02-10 09:49:00,1.32686,1.32686,1.32655,1.32656,2229400024.4140625
2012-02-10 09:50:00,1.32656,1.32694,1.32654,1.32683,2440000000.0
2012-02-10 09:51:00,1.3268,1.32704,1.32671,1.32673,2890799865.7226562
2012-02-10 09:52:00,1.32672,1.32678,1.32668,1.32673,2122500000.0
2012-02-10 09:53:00,1.32672,1.32677,1.32635,1.32638,2458399963.3789062
2012-02-10 09:54:00,1.32639,1.32657,1.32639,1.32652,2327899932.861328
2012-02-10 09:55:00,1.32652,1.32676,1.32651,1.32669,2759200134.2773438
2012-02-10 09:56:00,1.32669,1.32669,1.32655,1.32655,1331799926.7578125
2012-02-10 09:57:00,1.32654,1.32654,1.32622,1.32629,2043200073.2421875
2012-02-10 09:58:00,1.32627,1.32642,1.32616,1.32642,2182700042.7246094
2012-02-10 09:59:00,1.32641,1.32645,1.32617,1.32618,2515599975.5859375
2012-02-10 10:00:00,1.32618,1.32621,1.32608,1.32616,2200200042.7246094
2012-02-10 10:01:00,1.32616,1.32638,1.32591,1.32591,2271399993.8964844
2012-02-10 10:02:00,1.32591,1.32591,1.32558,1.32561,2648800048.828125
2012-02-10 10:03:00,1.32562,1.32566,1.32548,1.32566,2155200042.7246094
2012-02-10 10:04:00,1.32567,1.3257,1.32552,1.32555,1364100036.6210938
2012-02-10 10:05:00,1.32553,1.32582,1.32548,1.3257,2404400024.4140625
2012-02-10 10:06:00,1.3257,1.32573,1.32552,1.32553,2092100067.1386719
2012-02-10 10:07:00,1.32553,1.32553,1.32521,1.32531,2923699951.171875
2012-02-10 10:08:00,1.32531,1.32532,1.3252,1.32529,2115599975.5859375
2012-02-10 10:09:00,1.32532,1.32563,1.32532,1.3255,2113699951.171875
2012-02-10 10:10:00,1.32549,1.3255,1.32519,1.32521,2233099975.5859375
2012-02-10 10:11:00,1.32522,1.32567,1.32519,1.32562,1936000061.0351562
2012-02-10 10:12:00,1.3256,1.32563,1.3253,1.32532,2626000061.0351562
2012-02-10 10:13:00,1.32532,1.32532,1.32499,1.32518,2716400146.484375
2012-02-10 10:14:00,1.32515,1.32528,1.32513,1.32525,1817899932.8613281
2012-02-10 10:15:00,1.32525,1.32528,1.325,1.32508,2292299957.2753906
2012-02-10 10:16:00,1.32508,1.32525,1.32503,1.3252,1452799987.7929688
2012-02-10 10:17:00,1.3252,1.32523,1.32483,1.32488,1891900024.4140625
2012-02-10 10:18:00,1.32486,1.325,1.32483,1.32485,1824499969.4824219
2012-02-10 10:19:00,1.32486,1.32502,1.32477,1.32477,1627599945.0683594
2012-02-10 10:20:00,1.3248,1.32513,1.32471,1.32513,1913899993.8964844
2012-02-10 10:21:00,1.32513,1.32513,1.32476,1.325,1890399932.8613281
2012-02-10 10:22:00,1.325,1.32518,1.32485,1.32518,2415500030.517578
2012-02-10 10:23:00,1.32517,1.3253,1.32512,1.32525,2552700042.7246094
2012-02-10 10:24:00,1.32525,1.32558,1.32525,1.32534,3004200134.2773438
2012-02-10 10:25:00,1.32533,1.32534,1.32512,1.32513,2090000000.0
2012-02-10 10:26:00,1.32511,1.32532,1.32508,1.3252,2308800048.828125
2012-02-10 10:27:00,1.32522,1.32538,1.32518,1.32538,2176199951.171875
2012-02-10 10:28:00,1.32538,1.32546,1.32503,1.32508,2233200073.2421875
2012-02-10 10:29:00,1.32507,1.32508,1.32458,1.32461,1911000061.0351562
2012-02-10 10:30:00,1.32459,1.32459,1.3243,1.3244,2501199951.171875
2012-02-10 10:31:00,1.32437,1.32447,1.32431,1.32446,2424400024.4140625
2012-02-10 10:32:00,1.32446,1.32458,1.32443,1.32452,2079199981.6894531
2012-02-10 10:33:00,1.32452,1.32469,1.32437,1.32469,2533399963.3789062
2012-02-10 10:34:00,1.3247,1.32505,1.32469,1.32502,2843800048.828125
2012-02-10 10:35:00,1.32503,1.32506,1.32472,1.32506,3327399902.34375
2012-02-10 10:36:00,1.32508,1.32519,1.32495,1.32518,2451600036.6210938
2012-02-10 10:37:00,1.3252,1.32539,1.32513,1.32539,2928900146.484375
2012-02-10 10:38:00,1.3254,1.32541,1.32532,1.32535,2253099975.5859375
2012-02-10 10:39:00,1.32533,1.32558,1.32525,1.32558,2481499938.9648438
2012-02-10 10:40:00,1.32559,1.32579,1.32559,1.32579,2146300048.828125
2012-02-10 10:41:00,1.32578,1.32599,1.32567,1.32593,2747300109.8632812
2012-02-10 10:42:00,1.32593,1.32593,1.32577,1.32579,1915500030.5175781
2012-02-10 10:43:00,1.32579,1.32601,1.32573,1.32584,2404199981.689453
2012-02-10 10:44:00,1.32583,1.32595,1.32571,1.32581,2876799926.7578125
2012-02-10 10:45:00,1.32582,1.32582,1.32564,1.32564,2449400024.4140625
2012-02-10 10:46:00,1.32565,1.32574,1.32559,1.32571,2488500061.0351562
2012-02-10 10:47:00,1.32572,1.326,1.32572,1.326,1901300048.828125
2012-02-10 10:48:00,1.32604,1.32608,1.32587,1.32608,2223099975.5859375
2012-02-10 10:49:00,1.32608,1.32638,1.32596,1.32633,1783200073.2421875
2012-02-10 10:50:00,1.32632,1.32634,1.32591,1.32597,2564400024.4140625
2012-02-10 10:51:00,1.32597,1.32621,1.32597,1.3262,2229900054.9316406
2012-02-10 10:52:00,1.32618,1.32618,1.32606,1.32606,1277300033.569336
2012-02-10 10:53:00,1.32606,1.3263,1.32605,1.3263,2050299987.7929688
2012-02-10 10:54:00,1.32628,1.3263,1.32621,1.32626,1955200042.7246094
2012-02-10 10:55:00,1.32625,1.32625,1.32591,1.32607,2283399963.3789062
2012-02-10 10:56:00,1.32608,1.32612,1.32572,1.32577,2268699951.171875
2012-02-10 10:57:00,1.32577,1.32601,1.32577,1.32588,2287899932.861328
2012-02-10 10:58:00,1.32588,1.32592,1.32577,1.32589,1833200073.2421875
2012-02-10 10:59:00,1.3259,1.32593,1.32572,1.32578,1668500061.0351562
2012-02-10 11:00:00,1.32576,1.32581,1.32561,1.32561,1891199951.171875
2012-02-10 11:01:00,1.32562,1.32571,1.3254,1.32542,2862099914.5507812
2012-02-10 11:02:00,1.32542,1.32544,1.32531,1.32537,1910500030.5175781
2012-02-10 11:03:00,1.32536,1.32542,1.32511,1.32511,2192200012.2070312
2012-02-10 11:04:00,1.32511,1.32512,1.32493,1.32498,2368200073.2421875
2012-02-10 11:05:00,1.32495,1.32514,1.3249,1.32512,1809100036.6210938
2012-02-10 11:06:00,1.32512,1.3253,1.32511,1.32528,2102799987.7929688
2012-02-10 11:07:00,1.32527,1.32552,1.32525,1.32537,2908900146.484375
2012-02-10 11:08:00,1.32538,1.32545,1.32519,1.32541,2162500000.0
2012-02-10 11:09:00,1.32542,1.32566,1.32541,1.32565,2707500000.0
2012-02-10 11:10:00,1.32563,1.32563,1.32509,1.32509,1937100067.1386719
2012-02-10 11:11:00,1.32508,1.32513,1.3249,1.32503,2528899993.8964844
2012-02-10 11:12:00,1.32503,1.32517,1.32492,1.32504,2484600067.138672
2012-02-10 11:13:00,1.32505,1.32521,1.32501,1.3251,1522400054.9316406
2012-02-10 11:14:00,1.32512,1.32525,1.32492,1.32525,2384299926.7578125
2012-02-10 11:15:00,1.32525,1.32544,1.32525,1.32542,1867599945.0683594
2012-02-10 11:16:00,1.32542,1.32582,1.32538,1.32582,1875000000.0
2012-02-10 11:17:00,1.32583,1.32589,1.32581,1.32589,1404100036.6210938
2012-02-10 11:18:00,1.3259,1.32614,1.3259,1.3261,1803800048.828125
2012-02-10 11:19:00,1.32609,1.32609,1.32584,1.32584,1567599945.0683594
2012-02-10 11:20:00,1.32584,1.32584,1.32558,1.32577,1978800048.828125
2012-02-10 11:21:00,1.32575,1.32575,1.3255,1.32572,1776799926.7578125
2012-02-10 11:22:00,1.32572,1.32572,1.32541,1.32542,1920099945.0683594
2012-02-10 11:23:00,1.32542,1.32584,1.32542,1.32577,1978000030.5175781
2012-02-10 11:24:00,1.32577,1.32588,1.3257,1.3257,1844199981.6894531
2012-02-10 11:25:00,1.3257,1.3257,1.32541,1.32552,1363300018.3105469
2012-02-10 11:26:00,1.32552,1.32552,1.32536,1.32542,1745099945.0683594
2012-02-10 11:27:00,1.32541,1.32541,1.32506,1.32512,1849900054.9316406
2012-02-10 11:28:00,1.3251,1.32523,1.32498,1.32523,2592699890.1367188
2012-02-10 11:29:00,1.32523,1.32534,1.32511,1.32527,2652799987.7929688
2012-02-10 11:30:00,1.32524,1.32526,1.32493,1.32496,2170200042.7246094
2012-02-10 11:31:00,1.32496,1.32502,1.32481,1.32493,1713399963.3789062
2012-02-10 11:32:00,1.32493,1.32509,1.32487,1.32502,1730599975.5859375
2012-02-10 11:33:00,1.32503,1.32509,1.32484,1.32484,2066399993.8964844
2012-02-10 11:34:00,1.3248,1.32489,1.32469,1.32469,1824400024.4140625
2012-02-10 11:35:00,1.32468,1.32475,1.3246,1.32465,1855299987.7929688
2012-02-10 11:36:00,1.32464,1.32477,1.32441,1.32441,2651300048.828125
2012-02-10 11:37:00,1.32441,1.32452,1.32435,1.32449,1680200042.7246094
2012-02-10 11:38:00,1.32452,1.32464,1.32435,1.32459,2421999969.482422
2012-02-10 11:39:00,1.3246,1.32482,1.32443,1.3248,2569100036.6210938
2012-02-10 11:40:00,1.32477,1.32502,1.32473,1.32501,2536999969.482422
2012-02-10 11:41:00,1.32501,1.32501,1.32482,1.32497,2455000000.0
2012-02-10 11:42:00,1.32497,1.32507,1.32476,1.32484,2203899993.8964844
2012-02-10 11:43:00,1.32485,1.32491,1.32463,1.32471,1889299926.7578125
2012-02-10 11:44:00,1.32471,1.3248,1.32462,1.32463,1741199951.171875
2012-02-10 11:45:00,1.32463,1.32469,1.32419,1.32427,2612900085.4492188
2012-02-10 11:46:00,1.32428,1.32441,1.3242,1.32432,2303099975.5859375
2012-02-10 11:47:00,1.32431,1.32451,1.32431,1.32435,1545000000.0
2012-02-10 11:48:00,1.32433,1.32449,1.32425,1.32448,1954900054.9316406
2012-02-10 11:49:00,1.32448,1.3245,1.3242,1.32445,2483500061.0351562
2012-02-10 11:50:00,1.32444,1.32444,1.32422,1.32424,2119100036.6210938
2012-02-10 11:51:00,1.32424,1.32438,1.32403,1.3241,3152399902.34375
2012-02-10 11:52:00,1.3241,1.32418,1.32392,1.32401,3086099853.515625
2012-02-10 11:53:00,1.32401,1.32427,1.32392,1.32416,2560400085.4492188
2012-02-10 11:54:00,1.32417,1.32433,1.32413,1.3242,2716300048.828125
2012-02-10 11:55:00,1.32417,1.32457,1.32417,1.32448,2286499938.9648438
2012-02-10 11:56:00,1.32448,1.32456,1.32436,1.32447,2173500061.0351562
2012-02-10 11:57:00,1.32447,1.32448,1.32427,1.32427,1738000030.5175781
2012-02-10 11:58:00,1.3243,1.3245,1.32429,1.32444,1486000061.0351562
2012-02-10 11:59:00,1.32444,1.32444,1.32404,1.3241,2375500030.517578
2012-02-10 12:00:00,1.3241,1.32428,1.32408,1.32425,2308200073.2421875
2012-02-10 12:01:00,1.32425,1.32428,1.32377,1.32379,2640799865.7226562
2012-02-10 12:02:00,1.32379,1.32379,1.32327,1.32375,3307300109.8632812
2012-02-10 12:03:00,1.32372,1.32372,1.32345,1.32355,2696600036.6210938
2012-02-10 12:04:00,1.32356,1.32401,1.32347,1.32374,2792200012.2070312
2012-02-10 12:05:00,1.32372,1.32374,1.32346,1.32347,2660899963.3789062
2012-02-10 12:06:00,1.32348,1.32351,1.32287,1.32287,2879299926.7578125
2012-02-10 12:07:00,1.32285,1.32294,1.32248,1.32255,3158699951.171875
2012-02-10 12:08:00,1.32254,1.32299,1.32254,1.32294,1939400024.4140625
2012-02-10 12:09:00,1.32295,1.32296,1.32271,1.32292,2108000030.5175781
2012-02-10 12:10:00,1.32292,1.32317,1.32271,1.3228,3016300048.828125
2012-02-10 12:11:00,1.32281,1.32307,1.32281,1.32288,2553500061.0351562
2012-02-10 12:12:00,1.32286,1.32286,1.3216,1.32162,4053800048.828125
2012-02-10 12:13:00,1.32161,1.32161,1.32042,1.32043,4603099975.5859375
2012-02-10 12:14:00,1.32043,1.32058,1.32022,1.32045,4402900085.449219
2012-02-10 12:15:00,1.32048,1.3205,1.31938,1.31945,4308299865.722656
2012-02-10 12:16:00,1.31944,1.31944,1.3188,1.31898,3681700134.2773438
2012-02-10 12:17:00,1.319,1.31937,1.3189,1.31937,3891199951.171875
2012-02-10 12:18:00,1.31938,1.31996,1.31938,1.31986,4043599853.515625
2012-02-10 12:19:00,1.31986,1.32003,1.31976,1.31987,3297600097.65625
2012-02-10 12:20:00,1.31985,1.31996,1.31928,1.31928,3544500122.0703125
2012-02-10 12:21:00,1.31928,1.31948,1.31885,1.31948,3249200134.2773438
2012-02-10 12:22:00,1.31948,1.3203,1.31948,1.32007,3477699890.1367188
2012-02-10 12:23:00,1.32012,1.3203,1.31993,1.32021,3152600097.65625
2012-02-10 12:24:00,1.32021,1.32021,1.3199,1.32008,2727000122.0703125
2012-02-10 12:25:00,1.32009,1.32018,1.31962,1.31975,2692799987.7929688
2012-02-10 12:26:00,1.31975,1.32034,1.31975,1.32009,3137000122.0703125
2012-02-10 12:27:00,1.32009,1.3204,1.31992,1.3204,2978699951.171875
2012-02-10 12:28:00,1.32043,1.32046,1.3201,1.32036,3095700073.2421875
2012-02-10 12:29:00,1.32038,1.32055,1.32034,1.32046,3197900085.4492188
2012-02-10 12:30:00,1.32047,1.32052,1.32019,1.32021,3467099914.5507812
2012-02-10 12:31:00,1.3202,1.32046,1.32012,1.32046,2723399963.3789062
2012-02-10 12:32:00,1.32047,1.32064,1.32035,1.3205,3059100036.6210938
2012-02-10 12:33:00,1.32047,1.32052,1.32025,1.32036,2651900024.4140625
2012-02-10 12:34:00,1.32037,1.32049,1.32021,1.3204,3574400024.4140625
2012-02-10 12:35:00,1.32041,1.32041,1.31981,1.31981,2815000000.0
2012-02-10 12:36:00,1.3198,1.31985,1.31933,1.31945,2949100036.6210938
2012-02-10 12:37:00,1.31945,1.31962,1.31935,1.3195,2968500061.0351562
2012-02-10 12:38:00,1.3195,1.31988,1.3195,1.31957,2834100036.6210938
2012-02-10 12:39:00,1.31959,1.31976,1.31953,1.31961,2681700134.2773438
2012-02-10 12:40:00,1.3196,1.32042,1.31954,1.3204,3203800048.828125
2012-02-10 12:41:00,1.32039,1.32055,1.32021,1.32055,2879599914.5507812
2012-02-10 12:42:00,1.32054,1.32063,1.32034,1.32048,2253999938.9648438
2012-02-10 12:43:00,1.32047,1.32049,1.32013,1.32013,2379799957.2753906
2012-02-10 12:44:00,1.32012,1.32038,1.32007,1.32038,1493899993.8964844
2012-02-10 12:45:00,1.32041,1.32042,1.32014,1.32015,3113399963.3789062
2012-02-10 12:46:00,1.32018,1.32048,1.32006,1.32048,2737799987.7929688
2012-02-10 12:47:00,1.32048,1.32052,1.31961,1.31961,2777200012.2070312
2012-02-10 12:48:00,1.3196,1.31982,1.31947,1.31978,2680799865.7226562
2012-02-10 12:49:00,1.31975,1.31985,1.31957,1.31968,2174400024.4140625
2012-02-10 12:50:00,1.31967,1.31979,1.31959,1.31967,1893200073.2421875
2012-02-10 12:51:00,1.31966,1.3197,1.3195,1.31956,2186399993.8964844
2012-02-10 12:52:00,1.31951,1.3197,1.31943,1.31964,2618599853.515625
2012-02-10 12:53:00,1.31962,1.31965,1.31928,1.31928,3278900146.484375
2012-02-10 12:54:00,1.31928,1.31943,1.31894,1.31937,3625799865.7226562
2012-02-10 12:55:00,1.31938,1.31941,1.31898,1.31898,2847500000.0
2012-02-10 12:56:00,1.31896,1.31896,1.31864,1.31872,3994299926.7578125
2012-02-10 12:57:00,1.31871,1.31882,1.31852,1.31869,3050400085.4492188
2012-02-10 12:58:00,1.31871,1.31893,1.31853,1.31893,2658200073.2421875
2012-02-10 12:59:00,1.31895,1.31939,1.31894,1.31917,2743500061.0351562
2012-02-10 13:00:00,1.31919,1.31919,1.31878,1.31878,3166400146.484375
2012-02-10 13:01:00,1.31878,1.31879,1.31847,1.31859,3372200012.2070312
2012-02-10 13:02:00,1.3186,1.31883,1.31858,1.31868,2682600097.65625
2012-02-10 13:03:00,1.31867,1.31872,1.31847,1.31857,3111499938.9648438
2012-02-10 13:04:00,1.31856,1.31892,1.31848,1.31891,2628999938.9648438
2012-02-10 13:05:00,1.31891,1.31917,1.31887,1.31913,3308500061.0351562
2012-02-10 13:06:00,1.31913,1.31937,1.3191,1.31937,2701499938.9648438
2012-02-10 13:07:00,1.31937,1.31958,1.3193,1.31953,2948599853.515625
2012-02-10 13:08:00,1.31953,1.31994,1.31951,1.31993,3355299987.7929688
2012-02-10 13:09:00,1.31996,1.32036,1.3199,1.32003,3851799926.7578125
2012-02-10 13:10:00,1.32002,1.32004,1.31967,1.31979,2797300109.8632812
2012-02-10 13:11:00,1.3198,1.3198,1.31953,1.31978,2358999938.9648438
2012-02-10 13:12:00,1.31978,1.31983,1.31951,1.31951,2214199981.689453
2012-02-10 13:13:00,1.31953,1.31986,1.31943,1.31951,3163399963.3789062
2012-02-10 13:14:00,1.31951,1.31951,1.3189,1.31894,3221700134.2773438
2012-02-10 13:15:00,1.31889,1.31902,1.31855,1.31859,3292900085.4492188
2012-02-10 13:16:00,1.31859,1.31874,1.31799,1.31805,3532399902.34375
2012-02-10 13:17:00,1.31805,1.31845,1.31805,1.31824,2800700073.2421875
2012-02-10 13:18:00,1.31824,1.31848,1.31822,1.31839,2237599945.0683594
2012-02-10 13:19:00,1.31838,1.31853,1.31822,1.31825,3267399902.34375
2012-02-10 13:20:00,1.31825,1.31827,1.31764,1.31771,3817099914.5507812
2012-02-10 13:21:00,1.31769,1.3177,1.31729,1.31762,3081700134.2773438
2012-02-10 13:22:00,1.31766,1.31778,1.31707,1.31707,3325700073.2421875
2012-02-10 13:23:00,1.31705,1.31714,1.31681,1.317,3469100036.6210938
2012-02-10 13:24:00,1.317,1.31734,1.317,1.31734,3341700134.2773438
2012-02-10 13:25:00,1.31734,1.31763,1.31714,1.31714,3087799987.7929688
2012-02-10 13:26:00,1.31713,1.31741,1.317,1.31729,2311499938.9648438
2012-02-10 13:27:00,1.31732,1.31781,1.31732,1.3178,2452100067.138672
2012-02-10 13:28:00,1.31777,1.31788,1.3176,1.31761,2680100097.65625
2012-02-10 13:29:00,1.31759,1.3176,1.31711,1.31737,2832099914.5507812
2012-02-10 13:30:00,1.3174,1.3175,1.31713,1.31748,2198000030.517578
2012-02-10 13:31:00,1.31746,1.31752,1.31723,1.31735,2076499938.9648438
2012-02-10 13:32:00,1.31735,1.31795,1.31735,1.3179,2394100036.6210938
2012-02-10 13:33:00,1.31788,1.31812,1.31787,1.31799,2925499877.9296875
2012-02-10 13:34:00,1.31798,1.31811,1.31786,1.31809,2210200042.7246094
2012-02-10 13:35:00,1.31807,1.3182,1.31801,1.31814,2360800018.310547
2012-02-10 13:36:00,1.31816,1.31822,1.3178,1.31782,2286900024.4140625
2012-02-10 13:37:00,1.31782,1.31831,1.31782,1.3183,2624200134.2773438
2012-02-10 13:38:00,1.31832,1.31832,1.31786,1.31823,2526699981.689453
2012-02-10 13:39:00,1.31822,1.31837,1.31791,1.31831,2971099853.515625
2012-02-10 13:40:00,1.31834,1.3184,1.31805,1.31809,2558000030.517578
2012-02-10 13:41:00,1.31809,1.31809,1.3175,1.31752,2654500122.0703125
2012-02-10 13:42:00,1.31752,1.31777,1.31749,1.31772,2021900024.4140625
2012-02-10 13:43:00,1.31771,1.3178,1.31725,1.31725,2546100006.1035156
2012-02-10 13:44:00,1.31724,1.31773,1.31713,1.31736,3544599914.5507812
2012-02-10 13:45:00,1.31733,1.31734,1.31646,1.31659,3834899902.34375
2012-02-10 13:46:00,1.3166,1.31672,1.3164,1.31644,3283599853.515625
2012-02-10 13:47:00,1.31645,1.31699,1.31645,1.31699,2498399963.3789062
2012-02-10 13:48:00,1.31698,1.31701,1.31631,1.31631,2797900085.4492188
2012-02-10 13:49:00,1.31631,1.31631,1.31561,1.31578,3144899902.34375
2012-02-10 13:50:00,1.31578,1.31634,1.31578,1.31632,2874100036.6210938
2012-02-10 13:51:00,1.31632,1.31664,1.31621,1.31657,3017399902.34375
2012-02-10 13:52:00,1.31658,1.31687,1.31649,1.31687,2042799987.7929688
2012-02-10 13:53:00,1.31688,1.31691,1.31673,1.31682,2738099975.5859375
2012-02-10 13:54:00,1.31683,1.31684,1.31657,1.31667,2962699890.1367188
2012-02-10 13:55:00,1.31667,1.31676,1.3165,1.31667,2865000000.0
2012-02-10 13:56:00,1.31667,1.31699,1.31657,1.31688,2797399902.34375
2012-02-10 13:57:00,1.31688,1.31709,1.31672,1.31706,2827900085.4492188
2012-02-10 13:58:00,1.31706,1.3173,1.31701,1.31708,2609299926.7578125
2012-02-10 13:59:00,1.31707,1.31729,1.31695,1.31729,2276600036.6210938
2012-02-10 14:00:00,1.3173,1.31732,1.31699,1.31713,2478500061.0351562
2012-02-10 14:01:00,1.31714,1.31741,1.31714,1.31736,3175700073.2421875
2012-02-10 14:02:00,1.31736,1.31745,1.31719,1.31727,2993800048.828125
2012-02-10 14:03:00,1.31727,1.31727,1.31706,1.31723,2901900024.4140625
2012-02-10 14:04:00,1.31728,1.31742,1.31713,1.31742,2725299987.7929688
2012-02-10 14:05:00,1.31741,1.31751,1.3172,1.31749,3216799926.7578125
2012-02-10 14:06:00,1.31752,1.31768,1.3175,1.3176,2689800109.8632812
2012-02-10 14:07:00,1.31762,1.31772,1.31749,1.31762,2793200073.2421875
2012-02-10 14:08:00,1.31762,1.31764,1.31746,1.31761,2094799957.2753906
2012-02-10 14:09:00,1.31759,1.31764,1.31757,1.3176,1585599975.5859375
2012-02-10 14:10:00,1.3176,1.31768,1.31712,1.31728,2676400146.484375
2012-02-10 14:11:00,1.31728,1.31743,1.31723,1.31733,2201100006.1035156
2012-02-10 14:12:00,1.31735,1.31764,1.31733,1.31754,2178699951.171875
2012-02-10 14:13:00,1.31754,1.31762,1.31752,1.31762,1755500030.5175781
2012-02-10 14:14:00,1.31762,1.31783,1.31754,1.31774,2581199951.171875
2012-02-10 14:15:00,1.31774,1.31796,1.31768,1.31774,2505700073.2421875
2012-02-10 14:16:00,1.31773,1.31774,1.31764,1.31767,2338999938.9648438
2012-02-10 14:17:00,1.31767,1.31797,1.31767,1.31791,2603800048.828125
2012-02-10 14:18:00,1.31793,1.31806,1.31793,1.31794,2308800048.828125
2012-02-10 14:19:00,1.31793,1.31804,1.31791,1.318,2441300048.828125
2012-02-10 14:20:00,1.318,1.31822,1.318,1.31815,1847700042.7246094
2012-02-10 14:21:00,1.31814,1.31817,1.31797,1.31808,1970599975.5859375
2012-02-10 14:22:00,1.31809,1.31849,1.31809,1.31846,3294100036.6210938
2012-02-10 14:23:00,1.31843,1.31849,1.31838,1.3184,1900200042.7246094
2012-02-10 14:24:00,1.3184,1.3184,1.31804,1.3181,2129199981.6894531
2012-02-10 14:25:00,1.3181,1.31816,1.31787,1.31802,2582699890.1367188
2012-02-10 14:26:00,1.31802,1.31816,1.31788,1.31814,2034100036.6210938
2012-02-10 14:27:00,1.31814,1.31814,1.31777,1.31782,2214700012.2070312
2012-02-10 14:28:00,1.31783,1.31792,1.31781,1.31788,2042799987.7929688
2012-02-10 14:29:00,1.31789,1.31796,1.31773,1.31781,2945299987.7929688
2012-02-10 14:30:00,1.31781,1.31781,1.31754,1.31755,2405500030.517578
2012-02-10 14:31:00,1.31756,1.31768,1.3175,1.31752,2297899932.861328
2012-02-10 14:32:00,1.31752,1.31762,1.3175,1.3176,2559700012.2070312
2012-02-10 14:33:00,1.3176,1.31778,1.31749,1.31778,2062400054.9316406
2012-02-10 14:34:00,1.31778,1.31833,1.31778,1.31822,3337200012.2070312
2012-02-10 14:35:00,1.31822,1.31822,1.31761,1.31761,2189400024.4140625
2012-02-10 14:36:00,1.31761,1.31841,1.3176,1.31841,2600199890.1367188
2012-02-10 14:37:00,1.3184,1.31875,1.3184,1.31868,2850899963.3789062
2012-02-10 14:38:00,1.31868,1.31868,1.3185,1.31858,2858299865.7226562
2012-02-10 14:39:00,1.31859,1.31861,1.31839,1.3184,2141499938.9648438
2012-02-10 14:40:00,1.31841,1.31848,1.3183,1.31845,1677200012.2070312
2012-02-10 14:41:00,1.31844,1.31844,1.31805,1.31815,2160700073.2421875
2012-02-10 14:42:00,1.31815,1.3187,1.31815,1.31867,2020200042.7246094
2012-02-10 14:43:00,1.3187,1.3187,1.3181,1.31825,2239299926.7578125
2012-02-10 14:44:00,1.31825,1.31838,1.31822,1.31823,1714100036.6210938
2012-02-10 14:45:00,1.31823,1.31854,1.31821,1.31851,2144400024.4140625
2012-02-10 14:46:00,1.31851,1.31851,1.31806,1.31823,2064499969.4824219
2012-02-10 14:47:00,1.31826,1.31841,1.31812,1.31837,2197200012.2070312
2012-02-10 14:48:00,1.31837,1.31869,1.31828,1.31869,2716700134.2773438
2012-02-10 14:49:00,1.31871,1.31934,1.31869,1.31932,3044700012.2070312
2012-02-10 14:50:00,1.31932,1.31935,1.31904,1.31934,3540299987.7929688
2012-02-10 14:51:00,1.31935,1.31943,1.31914,1.31934,3348900146.484375
2012-02-10 14:52:00,1.31934,1.3195,1.3192,1.31931,3154100036.6210938
2012-02-10 14:53:00,1.31933,1.3194,1.31884,1.31896,3558099975.5859375
2012-02-10 14:54:00,1.31896,1.31916,1.31885,1.31885,2169900054.9316406
2012-02-10 14:55:00,1.31885,1.31894,1.31838,1.31843,2741400146.484375
2012-02-10 14:56:00,1.31842,1.31849,1.31821,1.31839,2343000030.517578
2012-02-10 14:57:00,1.3184,1.31876,1.31837,1.31855,3253200073.2421875
2012-02-10 14:58:00,1.31856,1.31856,1.31791,1.31813,2830899963.3789062
2012-02-10 14:59:00,1.31811,1.31817,1.31792,1.31804,2362299957.2753906
2012-02-10 15:00:00,1.31804,1.31809,1.3177,1.31807,3037099914.5507812
2012-02-10 15:01:00,1.31807,1.31847,1.31805,1.31838,2961700134.2773438
2012-02-10 15:02:00,1.31838,1.31838,1.31795,1.318,2380899963.3789062
2012-02-10 15:03:00,1.31801,1.31834,1.318,1.31824,2503899993.8964844
2012-02-10 15:04:00,1.31823,1.31828,1.31775,1.31785,3441199951.171875
2012-02-10 15:05:00,1.31785,1.31822,1.31777,1.31785,3542799987.7929688
2012-02-10 15:06:00,1.31783,1.3179,1.31742,1.31761,3303999938.9648438
2012-02-10 15:07:00,1.31762,1.31773,1.31737,1.3177,2805599975.5859375
2012-02-10 15:08:00,1.31772,1.3178,1.3175,1.3177,2824400024.4140625
2012-02-10 15:09:00,1.3177,1.31794,1.31769,1.31769,2360200042.7246094
2012-02-10 15:10:00,1.31769,1.31773,1.31751,1.31763,2512799987.7929688
2012-02-10 15:11:00,1.31763,1.31821,1.31763,1.31816,2599400024.4140625
2012-02-10 15:12:00,1.31817,1.31837,1.31812,1.31814,3069500122.0703125
2012-02-10 15:13:00,1.31816,1.31816,1.31775,1.31779,2957799987.7929688
2012-02-10 15:14:00,1.31777,1.31777,1.31753,1.31753,3079400024.4140625
2012-02-10 15:15:00,1.31751,1.3178,1.31749,1.31767,3034100036.6210938
2012-02-10 15:16:00,1.31768,1.31813,1.31768,1.318,3000199890.1367188
2012-02-10 15:17:00,1.31801,1.31843,1.31801,1.31819,3088699951.171875
2012-02-10 15:18:00,1.31819,1.31864,1.31817,1.31856,3034100036.6210938
2012-02-10 15:19:00,1.31855,1.31868,1.31852,1.31864,3160599975.5859375
2012-02-10 15:20:00,1.31864,1.3191,1.31852,1.3191,2618699951.171875
2012-02-10 15:21:00,1.3191,1.31911,1.31874,1.31896,2672399902.34375
2012-02-10 15:22:00,1.31892,1.319,1.31871,1.31882,3215799865.7226562
2012-02-10 15:23:00,1.31882,1.31886,1.31872,1.31885,2648200073.2421875
2012-02-10 15:24:00,1.31884,1.31892,1.3187,1.31886,2407200012.2070312
2012-02-10 15:25:00,1.31886,1.31931,1.31886,1.3191,2288699951.171875
2012-02-10 15:26:00,1.31909,1.3193,1.31909,1.31911,2538600006.1035156
2012-02-10 15:27:00,1.31911,1.31917,1.31882,1.31893,2947399902.34375
2012-02-10 15:28:00,1.31893,1.31909,1.31881,1.31881,2794700012.2070312
2012-02-10 15:29:00,1.31881,1.3192,1.31881,1.3192,2510200042.7246094
2012-02-10 15:30:00,1.31918,1.31921,1.3189,1.31901,3060799865.7226562
2012-02-10 15:31:00,1.31901,1.31911,1.3186,1.3186,1653399963.3789062
2012-02-10 15:32:00,1.3186,1.31884,1.3186,1.31884,1872100067.1386719
2012-02-10 15:33:00,1.31884,1.31892,1.31872,1.31888,1893800048.828125
2012-02-10 15:34:00,1.31888,1.31897,1.3188,1.31897,2099400024.4140625
2012-02-10 15:35:00,1.31897,1.31921,1.31896,1.31902,2128899993.8964844
2012-02-10 15:36:00,1.319,1.31902,1.31866,1.31875,2033800048.828125
2012-02-10 15:37:00,1.31878,1.31882,1.31854,1.31854,1779900054.9316406
2012-02-10 15:38:00,1.31855,1.31882,1.31846,1.31857,2066300048.828125
2012-02-10 15:39:00,1.31859,1.3188,1.31859,1.31864,2162500000.0
2012-02-10 15:40:00,1.31864,1.31873,1.31828,1.31829,2168399963.3789062
2012-02-10 15:41:00,1.31832,1.31862,1.31824,1.31861,2788500061.0351562
2012-02-10 15:42:00,1.31861,1.31889,1.31855,1.31861,2432200012.2070312
2012-02-10 15:43:00,1.31861,1.31884,1.31857,1.31884,2138500061.0351562
2012-02-10 15:44:00,1.31885,1.31901,1.31878,1.3188,1787100067.1386719
2012-02-10 15:45:00,1.3188,1.31884,1.31859,1.31864,2102100067.1386719
2012-02-10 15:46:00,1.31867,1.3188,1.31842,1.31845,2502599945.0683594
2012-02-10 15:47:00,1.31845,1.31856,1.31832,1.31838,2750400085.4492188
2012-02-10 15:48:00,1.3184,1.31853,1.31831,1.31845,2703200073.2421875
2012-02-10 15:49:00,1.31848,1.31853,1.31826,1.31834,1855800018.3105469
2012-02-10 15:50:00,1.31834,1.31863,1.3183,1.3186,1741399993.8964844
2012-02-10 15:51:00,1.3186,1.31864,1.31833,1.31843,2252899932.861328
2012-02-10 15:52:00,1.31843,1.31884,1.31839,1.31865,2582500000.0
2012-02-10 15:53:00,1.31867,1.31881,1.31865,1.31881,3072699890.1367188
2012-02-10 15:54:00,1.31879,1.31914,1.31875,1.31878,2495399932.861328
2012-02-10 15:55:00,1.31878,1.31894,1.3184,1.31845,2683800048.828125
2012-02-10 15:56:00,1.31845,1.3186,1.31837,1.3186,2343000030.517578
2012-02-10 15:57:00,1.31859,1.31863,1.3185,1.31861,2136499938.9648438
2012-02-10 15:58:00,1.3186,1.31885,1.31857,1.31885,2068300018.3105469
2012-02-10 15:59:00,1.31888,1.31909,1.3187,1.31876,2366300048.828125
2012-02-10 16:00:00,1.31876,1.31898,1.31874,1.31891,2213999938.9648438
2012-02-10 16:01:00,1.3189,1.3189,1.31871,1.31882,1673899993.8964844
2012-02-10 16:02:00,1.31882,1.31907,1.31875,1.31901,2121499938.9648438
2012-02-10 16:03:00,1.31901,1.31901,1.31861,1.31866,2514700012.2070312
2012-02-10 16:04:00,1.31865,1.31884,1.31862,1.31868,2657900085.4492188
2012-02-10 16:05:00,1.31867,1.31886,1.31857,1.31857,2944899902.34375
2012-02-10 16:06:00,1.31856,1.31872,1.31852,1.31869,2556199951.171875
2012-02-10 16:07:00,1.31869,1.31888,1.31869,1.31885,1705000000.0
2012-02-10 16:08:00,1.31885,1.31891,1.31872,1.31872,1752500000.0
2012-02-10 16:09:00,1.3187,1.31881,1.31859,1.31879,1831000061.0351562
2012-02-10 16:10:00,1.3188,1.31914,1.31879,1.319,1993300018.3105469
2012-02-10 16:11:00,1.31898,1.31904,1.31887,1.31888,1701199951.171875
2012-02-10 16:12:00,1.31888,1.3189,1.31866,1.31866,2405200042.7246094
2012-02-10 16:13:00,1.31864,1.31873,1.3185,1.3186,1858600006.1035156
2012-02-10 16:14:00,1.31861,1.31868,1.31855,1.31862,1859299926.7578125
2012-02-10 16:15:00,1.31862,1.31872,1.31849,1.31849,2442799987.7929688
2012-02-10 16:16:00,1.31848,1.31848,1.31823,1.31823,1786000061.0351562
2012-02-10 16:17:00,1.31823,1.31835,1.31786,1.31786,2737600097.65625
2012-02-10 16:18:00,1.31784,1.31792,1.31768,1.31768,2177200012.2070312
2012-02-10 16:19:00,1.31767,1.31792,1.31762,1.31792,1919199981.6894531
2012-02-10 16:20:00,1.31792,1.31794,1.31774,1.31777,2171300048.828125
2012-02-10 16:21:00,1.31776,1.31777,1.31753,1.31777,2162100067.138672
2012-02-10 16:22:00,1.31777,1.31804,1.31775,1.31804,2286499938.9648438
2012-02-10 16:23:00,1.31806,1.31813,1.31792,1.31804,2348200073.2421875
2012-02-10 16:24:00,1.31804,1.31822,1.31804,1.31822,1470000000.0
2012-02-10 16:25:00,1.31822,1.31835,1.31821,1.31835,1928200073.2421875
2012-02-10 16:26:00,1.31836,1.31836,1.31809,1.31819,1976600036.6210938
2012-02-10 16:27:00,1.31817,1.31823,1.3181,1.31813,1370099945.0683594
2012-02-10 16:28:00,1.3181,1.31812,1.31802,1.31802,1642500000.0
2012-02-10 16:29:00,1.31802,1.31811,1.3179,1.3179,2821900024.4140625
2012-02-10 16:30:00,1.3179,1.3179,1.31779,1.31781,1222900009.1552734
2012-02-10 16:31:00,1.31779,1.31791,1.31772,1.31783,1641699981.6894531
2012-02-10 16:32:00,1.31782,1.31811,1.31781,1.31803,2323899993.8964844
2012-02-10 16:33:00,1.31805,1.31808,1.31796,1.31808,1457400054.9316406
2012-02-10 16:34:00,1.31809,1.31852,1.31809,1.31844,2932600097.65625
2012-02-10 16:35:00,1.31843,1.31862,1.31831,1.31862,2130399932.8613281
2012-02-10 16:36:00,1.31864,1.31864,1.3185,1.31853,1219599990.8447266
2012-02-10 16:37:00,1.31854,1.31854,1.31826,1.31831,1660000000.0
2012-02-10 16:38:00,1.31834,1.31845,1.31824,1.31843,1549499969.4824219
2012-02-10 16:39:00,1.31841,1.31843,1.31826,1.31832,1461799926.7578125
2012-02-10 16:40:00,1.31832,1.31842,1.31827,1.31842,1925099945.0683594
2012-02-10 16:41:00,1.31842,1.31843,1.31824,1.31835,1414600067.1386719
2012-02-10 16:42:00,1.31835,1.31843,1.31831,1.31842,982699966.4306641
2012-02-10 16:43:00,1.31844,1.31864,1.31844,1.31863,1876699981.6894531
2012-02-10 16:44:00,1.31864,1.31864,1.31845,1.31855,1269000015.258789
2012-02-10 16:45:00,1.31855,1.3187,1.31846,1.31865,1331100006.1035156
2012-02-10 16:46:00,1.31868,1.31901,1.31868,1.31885,2074499969.4824219
2012-02-10 16:47:00,1.31885,1.31893,1.31883,1.3189,1807400054.9316406
2012-02-10 16:48:00,1.31892,1.31896,1.31889,1.31896,1113399963.3789062
2012-02-10 16:49:00,1.31896,1.31926,1.31893,1.31922,2302299957.2753906
2012-02-10 16:50:00,1.31921,1.31928,1.31913,1.31921,1903300018.3105469
2012-02-10 16:51:00,1.31921,1.31922,1.31904,1.31911,1835000000.0
2012-02-10 16:52:00,1.3191,1.31912,1.31907,1.31907,1411900024.4140625
2012-02-10 16:53:00,1.31907,1.3191,1.31899,1.31909,1206999969.4824219
2012-02-10 16:54:00,1.31909,1.31924,1.31907,1.31912,1369100036.6210938
2012-02-10 16:55:00,1.3191,1.3192,1.31908,1.31908,1313200073.2421875
2012-02-10 16:56:00,1.3191,1.31921,1.31909,1.31912,1474299926.7578125
2012-02-10 16:57:00,1.31911,1.31912,1.31858,1.31871,1904299926.7578125
2012-02-10 16:58:00,1.31867,1.3187,1.31849,1.31858,1746999969.4824219
2012-02-10 16:59:00,1.31857,1.31862,1.31842,1.31855,2074900054.9316406
2012-02-10 17:00:00,1.31857,1.31866,1.31851,1.31851,1973600006.1035156
2012-02-10 17:01:00,1.31851,1.31854,1.31851,1.31854,785699996.9482422
2012-02-10 17:02:00,1.31856,1.31865,1.31843,1.31844,1281799926.7578125
2012-02-10 17:03:00,1.31843,1.31845,1.31808,1.31814,1046500015.2587891
2012-02-10 17:04:00,1.31815,1.31822,1.31811,1.31821,1254000015.258789
2012-02-10 17:05:00,1.31822,1.31844,1.31822,1.31836,1126200027.4658203
2012-02-10 17:06:00,1.31836,1.31836,1.31823,1.31831,1288899993.8964844
2012-02-10 17:07:00,1.31831,1.31849,1.31831,1.31841,1021200027.4658203
2012-02-10 17:08:00,1.3184,1.31846,1.3183,1.31843,1438999938.9648438
2012-02-10 17:09:00,1.31846,1.31862,1.31843,1.31853,1522799987.7929688
2012-02-10 17:10:00,1.31853,1.31853,1.31843,1.31843,828000030.5175781
2012-02-10 17:11:00,1.31843,1.31854,1.31842,1.31851,1454100036.6210938
2012-02-10 17:12:00,1.31851,1.31859,1.31839,1.31856,1384799957.2753906
2012-02-10 17:13:00,1.31856,1.3187,1.31852,1.3187,1488099975.5859375
2012-02-10 17:14:00,1.31873,1.31873,1.31832,1.31833,1248000030.5175781
2012-02-10 17:15:00,1.31833,1.31842,1.3181,1.31842,1625399932.8613281
2012-02-10 17:16:00,1.31841,1.31851,1.31832,1.31834,1436699981.6894531
2012-02-10 17:17:00,1.31834,1.31846,1.31825,1.31845,1470200042.7246094
2012-02-10 17:18:00,1.31845,1.31856,1.31845,1.31853,1827899932.8613281
2012-02-10 17:19:00,1.31855,1.3186,1.3185,1.31853,1502799987.7929688
2012-02-10 17:20:00,1.31853,1.31859,1.31843,1.31849,2030800018.3105469
2012-02-10 17:21:00,1.3185,1.31872,1.3185,1.31867,1696900024.4140625
2012-02-10 17:22:00,1.31867,1.3187,1.3185,1.31853,2143999938.9648438
2012-02-10 17:23:00,1.31854,1.31862,1.31847,1.3185,1678600006.1035156
2012-02-10 17:24:00,1.3185,1.31854,1.31846,1.31846,1564700012.2070312
2012-02-10 17:25:00,1.31846,1.31859,1.3183,1.31836,1484199981.6894531
2012-02-10 17:26:00,1.31836,1.31843,1.31836,1.31841,504799995.4223633
2012-02-10 17:27:00,1.31841,1.31855,1.31841,1.31855,1224300003.0517578
2012-02-10 17:28:00,1.31856,1.31865,1.31856,1.31858,806299972.5341797
2012-02-10 17:29:00,1.31857,1.31863,1.31856,1.31863,305900001.5258789
2012-02-10 17:30:00,1.31863,1.31868,1.31863,1.31864,383400001.5258789
2012-02-10 17:31:00,1.31864,1.319,1.31852,1.31891,2374700012.2070312
2012-02-10 17:32:00,1.31891,1.31916,1.31884,1.31911,2211000061.0351562
2012-02-10 17:33:00,1.31911,1.31911,1.31892,1.31896,1510399932.8613281
2012-02-10 17:34:00,1.31896,1.31899,1.31891,1.31899,888600006.1035156
2012-02-10 17:35:00,1.319,1.3192,1.31893,1.3191,1782400054.9316406
2012-02-10 17:36:00,1.3191,1.31925,1.31909,1.31914,1570200042.7246094
2012-02-10 17:37:00,1.31914,1.31917,1.31884,1.319,1444499969.4824219
2012-02-10 17:38:00,1.31899,1.31907,1.31899,1.31901,1527799987.7929688
2012-02-10 17:39:00,1.319,1.319,1.31882,1.31882,848600006.1035156
2012-02-10 17:40:00,1.31881,1.31881,1.31861,1.31867,789000015.2587891
2012-02-10 17:41:00,1.31866,1.31894,1.31864,1.31882,1653699951.171875
2012-02-10 17:42:00,1.31881,1.31881,1.31866,1.31872,1656499938.9648438
2012-02-10 17:43:00,1.31872,1.31872,1.31854,1.31871,1193399963.3789062
2012-02-10 17:44:00,1.31873,1.3189,1.31873,1.3189,912399978.6376953
2012-02-10 17:45:00,1.31891,1.319,1.31889,1.31897,2008699951.171875
2012-02-10 17:46:00,1.319,1.31923,1.31898,1.31922,981800003.0517578
2012-02-10 17:47:00,1.31923,1.31938,1.3192,1.31929,1802799987.7929688
2012-02-10 17:48:00,1.31929,1.31932,1.31923,1.31926,1218000030.5175781
2012-02-10 17:49:00,1.31926,1.31926,1.31913,1.31916,1114100036.6210938
2012-02-10 17:50:00,1.31916,1.31918,1.31908,1.31913,1037699966.4306641
2012-02-10 17:51:00,1.31912,1.3192,1.3191,1.31914,1459100036.6210938
2012-02-10 17:52:00,1.31912,1.31912,1.319,1.319,1310599975.5859375
2012-02-10 17:53:00,1.31901,1.31904,1.31899,1.31902,914700012.2070312
2012-02-10 17:54:00,1.31901,1.31902,1.31891,1.31891,1061999969.4824219
2012-02-10 17:55:00,1.31891,1.31901,1.31886,1.31901,824199981.6894531
2012-02-10 17:56:00,1.31901,1.31918,1.31899,1.31914,1060800018.3105469
2012-02-10 17:57:00,1.31914,1.3193,1.31913,1.31923,1645200042.7246094
2012-02-10 17:58:00,1.31924,1.31932,1.3191,1.31912,1620700073.2421875
2012-02-10 17:59:00,1.31912,1.31929,1.31912,1.31929,1925000000.0
2012-02-10 18:00:00,1.3193,1.31932,1.31906,1.3191,1945800018.3105469
2012-02-10 18:01:00,1.3191,1.31915,1.3191,1.3191,423699989.31884766
2012-02-10 18:02:00,1.31911,1.31911,1.31901,1.31905,1090699996.9482422
2012-02-10 18:03:00,1.31903,1.3191,1.31902,1.31905,465000000.0
2012-02-10 18:04:00,1.31903,1.31903,1.31886,1.31886,1276200027.4658203
2012-02-10 18:05:00,1.31887,1.31889,1.31881,1.31883,1469299926.7578125
2012-02-10 18:06:00,1.31883,1.31904,1.3188,1.31902,1435599975.5859375
2012-02-10 18:07:00,1.31903,1.3193,1.31901,1.31921,1429299926.7578125
2012-02-10 18:08:00,1.31921,1.31925,1.31913,1.31914,1451999969.4824219
2012-02-10 18:09:00,1.31914,1.31915,1.31893,1.31895,1295899963.3789062
2012-02-10 18:10:00,1.31895,1.31913,1.31893,1.31911,901200027.4658203
2012-02-10 18:11:00,1.31911,1.31924,1.31911,1.31916,1122500000.0
2012-02-10 18:12:00,1.31917,1.31919,1.31908,1.3191,1080899963.3789062
2012-02-10 18:13:00,1.3191,1.31913,1.31903,1.31908,656100006.1035156
2012-02-10 18:14:00,1.31908,1.3191,1.31904,1.31905,591300010.6811523
2012-02-10 18:15:00,1.31905,1.31905,1.3189,1.31893,648000030.5175781
2012-02-10 18:16:00,1.31891,1.31892,1.3188,1.31882,1237200012.2070312
2012-02-10 18:17:00,1.31882,1.31886,1.31873,1.31883,1591300048.828125
2012-02-10 18:18:00,1.31882,1.31908,1.31882,1.31904,1598399963.3789062
2012-02-10 18:19:00,1.31904,1.31907,1.31897,1.31901,687099990.8447266
2012-02-10 18:20:00,1.31901,1.31902,1.31895,1.31896,622200012.2070312
2012-02-10 18:21:00,1.31896,1.31898,1.31891,1.31891,763000030.5175781
2012-02-10 18:22:00,1.31891,1.3191,1.31891,1.31895,1546300048.828125
2012-02-10 18:23:00,1.31894,1.31897,1.31888,1.31888,1716999969.4824219
2012-02-10 18:24:00,1.31888,1.31893,1.31879,1.3188,1246800003.0517578
2012-02-10 18:25:00,1.31878,1.31882,1.31873,1.31881,826699981.6894531
2012-02-10 18:26:00,1.31881,1.31882,1.31875,1.31875,827500000.0
2012-02-10 18:27:00,1.31875,1.31884,1.31875,1.31881,947900009.1552734
2012-02-10 18:28:00,1.31882,1.31889,1.31881,1.31882,846999969.4824219
2012-02-10 18:29:00,1.31883,1.31886,1.31842,1.31843,1394700012.2070312
2012-02-10 18:30:00,1.31843,1.31855,1.31821,1.3183,1864799957.2753906
2012-02-10 18:31:00,1.31832,1.31837,1.31829,1.31835,1765299987.7929688
2012-02-10 18:32:00,1.31835,1.31835,1.31806,1.31806,750999984.7412109
2012-02-10 18:33:00,1.31805,1.31805,1.31792,1.31794,1588399963.3789062
2012-02-10 18:34:00,1.31795,1.31802,1.31793,1.31801,1374799957.2753906
2012-02-10 18:35:00,1.31801,1.31802,1.31781,1.31782,1320500030.5175781
2012-02-10 18:36:00,1.31781,1.31784,1.31759,1.31769,1736100006.1035156
2012-02-10 18:37:00,1.31769,1.31778,1.31742,1.31749,2326699981.689453
2012-02-10 18:38:00,1.31749,1.31755,1.31746,1.31754,1662599945.0683594
2012-02-10 18:39:00,1.31752,1.31787,1.31752,1.31779,1628399963.3789062
2012-02-10 18:40:00,1.31778,1.31778,1.31764,1.31774,1609600067.1386719
2012-02-10 18:41:00,1.31775,1.31795,1.31774,1.31793,1018799972.5341797
2012-02-10 18:42:00,1.31795,1.31796,1.31785,1.31792,1126600036.6210938
2012-02-10 18:43:00,1.31795,1.31807,1.31794,1.31807,937900009.1552734
2012-02-10 18:44:00,1.31807,1.31816,1.31799,1.31816,993799972.5341797
2012-02-10 18:45:00,1.31816,1.31816,1.31793,1.31798,1887299957.2753906
2012-02-10 18:46:00,1.31798,1.31802,1.31797,1.31799,693199996.9482422
2012-02-10 18:47:00,1.31799,1.31803,1.31793,1.31795,728199996.9482422
2012-02-10 18:48:00,1.31793,1.31801,1.31791,1.31795,1476600036.6210938
2012-02-10 18:49:00,1.31795,1.31812,1.31794,1.31812,872399978.6376953
2012-02-10 18:50:00,1.31814,1.31816,1.31812,1.31813,712799987.7929688
2012-02-10 18:51:00,1.31813,1.31815,1.31799,1.31815,1378200073.2421875
2012-02-10 18:52:00,1.31815,1.3182,1.31802,1.31805,1174599990.8447266
2012-02-10 18:53:00,1.31804,1.31805,1.31777,1.31781,1062099990.8447266
2012-02-10 18:54:00,1.31781,1.31785,1.31773,1.31782,942500000.0
2012-02-10 18:55:00,1.31783,1.3181,1.31783,1.31809,1181100006.1035156
2012-02-10 18:56:00,1.31807,1.3181,1.31802,1.31803,1264700012.2070312
2012-02-10 18:57:00,1.31804,1.31806,1.31775,1.31775,1260800018.3105469
2012-02-10 18:58:00,1.31772,1.31772,1.3172,1.31724,1920200042.7246094
2012-02-10 18:59:00,1.31723,1.31725,1.31693,1.31709,2017500000.0
2012-02-10 19:00:00,1.31708,1.31755,1.31702,1.31752,2238899993.8964844
2012-02-10 19:01:00,1.31752,1.31761,1.31751,1.31757,1533300018.3105469
2012-02-10 19:02:00,1.31758,1.31761,1.31746,1.31747,1286300048.828125
2012-02-10 19:03:00,1.31747,1.31747,1.31735,1.31747,725899963.3789062
2012-02-10 19:04:00,1.31747,1.3175,1.31744,1.31747,916999969.4824219
2012-02-10 19:05:00,1.31746,1.31751,1.31743,1.31745,1627799987.7929688
2012-02-10 19:06:00,1.31745,1.31752,1.31742,1.3175,1352400054.9316406
2012-02-10 19:07:00,1.3175,1.31751,1.31741,1.31746,940699996.9482422
2012-02-10 19:08:00,1.31745,1.3175,1.31739,1.31739,1703200073.2421875
2012-02-10 19:09:00,1.31739,1.31741,1.31735,1.31738,889800033.5693359
2012-02-10 19:10:00,1.31738,1.31756,1.3173,1.31756,1375899963.3789062
2012-02-10 19:11:00,1.31757,1.31766,1.31753,1.31753,1461100006.1035156
2012-02-10 19:12:00,1.31754,1.31755,1.31752,1.31753,839599990.8447266
2012-02-10 19:13:00,1.31753,1.31761,1.31752,1.31758,1319199981.6894531
2012-02-10 19:14:00,1.3176,1.31763,1.3176,1.31762,363899993.8964844
2012-02-10 19:15:00,1.31762,1.31763,1.31729,1.31729,1723800048.828125
2012-02-10 19:16:00,1.31729,1.31751,1.31728,1.31746,1615000000.0
2012-02-10 19:17:00,1.31742,1.31758,1.31742,1.31751,1613600006.1035156
2012-02-10 19:18:00,1.31751,1.31752,1.31721,1.31724,1464700012.2070312
2012-02-10 19:19:00,1.31724,1.31735,1.31724,1.31733,700400009.1552734
2012-02-10 19:20:00,1.31734,1.31753,1.31733,1.3175,1467599945.0683594
2012-02-10 19:21:00,1.3175,1.31753,1.31744,1.31752,1286100006.1035156
2012-02-10 19:22:00,1.31753,1.31754,1.31748,1.3175,655199966.4306641
2012-02-10 19:23:00,1.3175,1.31754,1.31744,1.31745,1434299926.7578125
2012-02-10 19:24:00,1.31745,1.31753,1.31732,1.31738,1364499969.4824219
2012-02-10 19:25:00,1.31739,1.31743,1.31733,1.31739,923499984.7412109
2012-02-10 19:26:00,1.31736,1.31746,1.31732,1.31746,904300003.0517578
2012-02-10 19:27:00,1.31747,1.31756,1.31746,1.31753,881800003.0517578
2012-02-10 19:28:00,1.31753,1.31787,1.31753,1.31783,1884600067.1386719
2012-02-10 19:29:00,1.31783,1.31795,1.31782,1.31795,1686199951.171875
2012-02-10 19:30:00,1.31796,1.31804,1.31781,1.31793,1734600067.1386719
2012-02-10 19:31:00,1.31793,1.3182,1.31793,1.31817,1561799926.7578125
2012-02-10 19:32:00,1.31815,1.3182,1.31798,1.31798,1975899963.3789062
2012-02-10 19:33:00,1.31797,1.31798,1.31769,1.31771,1620099945.0683594
2012-02-10 19:34:00,1.31771,1.31792,1.31771,1.31792,1082600021.3623047
2012-02-10 19:35:00,1.31794,1.31795,1.31771,1.31771,1235599975.5859375
2012-02-10 19:36:00,1.31769,1.31769,1.31711,1.3172,1851300048.828125
2012-02-10 19:37:00,1.31717,1.31723,1.31696,1.31708,1705500030.5175781
2012-02-10 19:38:00,1.31709,1.31709,1.317,1.31702,1278099975.5859375
2012-02-10 19:39:00,1.31703,1.31713,1.31703,1.31711,1023499984.7412109
2012-02-10 19:40:00,1.31711,1.31728,1.31711,1.31723,1752700042.7246094
2012-02-10 19:41:00,1.31723,1.31729,1.31722,1.31723,959800033.5693359
2012-02-10 19:42:00,1.31722,1.31722,1.31704,1.31704,1107399978.6376953
2012-02-10 19:43:00,1.31705,1.31712,1.31695,1.31695,1447599945.0683594
2012-02-10 19:44:00,1.31695,1.3172,1.31695,1.3172,1078700027.4658203
2012-02-10 19:45:00,1.3172,1.3172,1.31713,1.31713,1073700027.4658203
2012-02-10 19:46:00,1.31713,1.31725,1.31713,1.31722,734199981.6894531
2012-02-10 19:47:00,1.31722,1.31729,1.31722,1.31729,866399993.8964844
2012-02-10 19:48:00,1.31728,1.31734,1.31726,1.31731,1356100006.1035156
2012-02-10 19:49:00,1.31731,1.31731,1.31719,1.31721,1092699966.430664
2012-02-10 19:50:00,1.31725,1.31731,1.31709,1.31712,1249800033.569336
2012-02-10 19:51:00,1.31712,1.31721,1.317,1.317,1640500030.5175781
2012-02-10 19:52:00,1.317,1.31709,1.31691,1.31706,1031600036.6210938
2012-02-10 19:53:00,1.31706,1.31706,1.31693,1.31698,1015999984.7412109
2012-02-10 19:54:00,1.31698,1.31714,1.31698,1.31713,607599983.215332
2012-02-10 19:55:00,1.31715,1.31723,1.31715,1.31723,915500030.5175781
2012-02-10 19:56:00,1.31724,1.31725,1.31703,1.31703,967500000.0
2012-02-10 19:57:00,1.31702,1.31702,1.31692,1.31693,1149300003.0517578
2012-02-10 19:58:00,1.31692,1.31705,1.31692,1.31704,1360000000.0
2012-02-10 19:59:00,1.31705,1.31714,1.31701,1.31701,1733500061.0351562
2012-02-10 20:00:00,1.317,1.31716,1.31694,1.317,1833600006.1035156
2012-02-10 20:01:00,1.317,1.31705,1.31699,1.31703,880599975.5859375
2012-02-10 20:02:00,1.31703,1.31703,1.31689,1.31689,1680399932.8613281
2012-02-10 20:03:00,1.3169,1.31694,1.31685,1.3169,1521699981.6894531
2012-02-10 20:04:00,1.3169,1.31707,1.31689,1.31702,1128600006.1035156
2012-02-10 20:05:00,1.31702,1.31702,1.31674,1.31674,1937500000.0
2012-02-10 20:06:00,1.31676,1.31681,1.31645,1.31654,1866699981.6894531
2012-02-10 20:07:00,1.31654,1.31692,1.31654,1.31682,1982500000.0
2012-02-10 20:08:00,1.31684,1.31685,1.31651,1.31654,1445500030.5175781
2012-02-10 20:09:00,1.31654,1.31663,1.31649,1.31655,1795399932.8613281
2012-02-10 20:10:00,1.31655,1.31664,1.31653,1.31655,1055500030.5175781
2012-02-10 20:11:00,1.31655,1.31661,1.31642,1.31658,1607400054.9316406
2012-02-10 20:12:00,1.31657,1.31676,1.31657,1.31663,1496600036.6210938
2012-02-10 20:13:00,1.31661,1.31677,1.31661,1.31675,1191200027.4658203
2012-02-10 20:14:00,1.31675,1.31681,1.31672,1.3168,1315099945.0683594
2012-02-10 20:15:00,1.3168,1.31701,1.31674,1.31701,1329900054.9316406
2012-02-10 20:16:00,1.31701,1.31701,1.31683,1.31687,1237399978.6376953
2012-02-10 20:17:00,1.31687,1.31691,1.31673,1.31674,1217600021.3623047
2012-02-10 20:18:00,1.31675,1.31675,1.31652,1.31655,1013199996.9482422
2012-02-10 20:19:00,1.31655,1.31668,1.31655,1.31668,1207799987.7929688
2012-02-10 20:20:00,1.31668,1.31679,1.31662,1.31677,1060199966.4306641
2012-02-10 20:21:00,1.31678,1.3168,1.31672,1.31678,625499992.3706055
2012-02-10 20:22:00,1.31677,1.31682,1.31669,1.31673,867099990.8447266
2012-02-10 20:23:00,1.31673,1.31673,1.31671,1.31673,1176200027.4658203
2012-02-10 20:24:00,1.31675,1.31676,1.31668,1.31671,812699966.4306641
2012-02-10 20:25:00,1.31671,1.31671,1.31654,1.3166,1337599945.0683594
2012-02-10 20:26:00,1.3166,1.31672,1.31648,1.31648,1470599975.5859375
2012-02-10 20:27:00,1.31648,1.31648,1.31634,1.3164,672799987.7929688
2012-02-10 20:28:00,1.3164,1.31658,1.3164,1.31658,1139700012.2070312
2012-02-10 20:29:00,1.31661,1.31679,1.31654,1.31678,1124400024.4140625
2012-02-10 20:30:00,1.31678,1.31684,1.31673,1.31674,1626000061.0351562
2012-02-10 20:31:00,1.31675,1.31677,1.31659,1.31661,2199299926.7578125
2012-02-10 20:32:00,1.3166,1.31664,1.31653,1.31659,1325700073.2421875
2012-02-10 20:33:00,1.31661,1.31679,1.31659,1.31679,1603999938.9648438
2012-02-10 20:34:00,1.31679,1.31686,1.31672,1.31679,871600036.6210938
2012-02-10 20:35:00,1.31679,1.3169,1.31674,1.31679,1698399963.3789062
2012-02-10 20:36:00,1.31678,1.3168,1.31669,1.31671,1319100036.6210938
2012-02-10 20:37:00,1.31671,1.31681,1.31671,1.3168,811200027.4658203
2012-02-10 20:38:00,1.3168,1.31681,1.31669,1.3167,1114100036.6210938
2012-02-10 20:39:00,1.3167,1.31672,1.31666,1.31672,610999984.7412109
2012-02-10 20:40:00,1.31672,1.31688,1.31672,1.31682,1060999984.7412109
2012-02-10 20:41:00,1.31681,1.31681,1.31679,1.31681,561599998.4741211
2012-02-10 20:42:00,1.31681,1.3169,1.31679,1.31686,1059499969.4824219
2012-02-10 20:43:00,1.31686,1.317,1.31684,1.31699,1230100021.3623047
2012-02-10 20:44:00,1.31699,1.31704,1.31694,1.31701,953799972.5341797
2012-02-10 20:45:00,1.317,1.31727,1.31698,1.31724,1660899963.3789062
2012-02-10 20:46:00,1.31724,1.31724,1.31716,1.31716,1292500000.0
2012-02-10 20:47:00,1.31717,1.31721,1.31688,1.31688,1588399963.3789062
2012-02-10 20:48:00,1.31686,1.31707,1.31686,1.31703,1015199966.4306641
2012-02-10 20:49:00,1.31704,1.31707,1.31685,1.3169,1290700073.2421875
2012-02-10 20:50:00,1.31691,1.31695,1.31687,1.31689,1450700073.2421875
2012-02-10 20:51:00,1.31689,1.31713,1.31689,1.31702,1105500030.5175781
2012-02-10 20:52:00,1.31703,1.31724,1.31701,1.3171,1696799926.7578125
2012-02-10 20:53:00,1.3171,1.31721,1.3171,1.31712,989800033.5693359
2012-02-10 20:54:00,1.31712,1.31717,1.31704,1.31705,1780599975.5859375
2012-02-10 20:55:00,1.31704,1.31704,1.31687,1.31702,1132500000.0
2012-02-10 20:56:00,1.31701,1.31703,1.31679,1.31679,1030800018.3105469
2012-02-10 20:57:00,1.31676,1.31708,1.31676,1.31706,1000299987.7929688
2012-02-10 20:58:00,1.31706,1.31721,1.31703,1.31717,1270000000.0
2012-02-10 20:59:00,1.3172,1.31743,1.31718,1.31724,518600006.1035156
2012-02-10 21:00:00,1.31725,1.31725,1.317,1.31709,570499992.3706055
2012-02-10 21:01:00,1.31709,1.31711,1.31698,1.31698,516899986.26708984
2012-02-10 21:02:00,1.317,1.317,1.31698,1.31698,265900001.5258789
2012-02-10 21:03:00,1.31698,1.31703,1.31698,1.31702,283799991.607666
2012-02-10 21:04:00,1.31702,1.3171,1.31702,1.31709,833199996.9482422
2012-02-10 21:05:00,1.31709,1.31713,1.31708,1.31708,414199981.6894531
2012-02-10 21:06:00,1.3171,1.3171,1.31688,1.317,1054000015.2587891
2012-02-10 21:07:00,1.317,1.31703,1.31697,1.31703,767099990.8447266
2012-02-10 21:08:00,1.31703,1.31713,1.31703,1.31712,765500030.5175781
2012-02-10 21:09:00,1.31713,1.31715,1.3171,1.31715,417299995.4223633
2012-02-10 21:10:00,1.31715,1.31733,1.31714,1.31726,666600036.6210938
2012-02-10 21:11:00,1.31726,1.31741,1.31726,1.31736,644400024.4140625
2012-02-10 21:12:00,1.31738,1.31738,1.3173,1.31734,540200004.5776367
2012-02-10 21:13:00,1.31733,1.31736,1.31729,1.31729,255000000.0
2012-02-10 21:14:00,1.31729,1.31738,1.31728,1.31732,830899963.3789062
2012-02-10 21:15:00,1.31731,1.31741,1.3173,1.31739,442599983.21533203
2012-02-10 21:16:00,1.31739,1.31741,1.31733,1.31741,487599983.21533203
2012-02-10 21:17:00,1.31742,1.31762,1.31742,1.31761,407000007.62939453
2012-02-10 21:18:00,1.31759,1.31763,1.31755,1.31757,402999992.37060547
2012-02-10 21:19:00,1.31755,1.31759,1.31747,1.31756,871800003.0517578
2012-02-10 21:20:00,1.31755,1.31763,1.31755,1.31763,459500007.62939453
2012-02-10 21:21:00,1.31764,1.31769,1.31764,1.31768,210000000.0
2012-02-10 21:22:00,1.31769,1.31782,1.31769,1.31774,525900001.5258789
2012-02-10 21:23:00,1.31773,1.31773,1.31763,1.31767,1043499984.7412109
2012-02-10 21:24:00,1.31767,1.31771,1.31763,1.31769,442599983.21533203
2012-02-10 21:25:00,1.31769,1.31779,1.31766,1.31768,685000000.0
2012-02-10 21:26:00,1.31767,1.31779,1.31767,1.31779,339399986.26708984
2012-02-10 21:27:00,1.31778,1.31778,1.31777,1.31777,127500000.0
2012-02-10 21:28:00,1.31777,1.31777,1.31774,1.31774,187500000.0
2012-02-10 21:29:00,1.31774,1.31775,1.31771,1.31775,510000000.0
2012-02-10 21:30:00,1.31775,1.31784,1.31773,1.31782,796900024.4140625
2012-02-10 21:31:00,1.3178,1.31817,1.31777,1.31808,1392200012.2070312
2012-02-10 21:32:00,1.3181,1.3181,1.3178,1.31788,888700027.4658203
2012-02-10 21:33:00,1.3179,1.31812,1.3179,1.31812,427999992.37060547
2012-02-10 21:34:00,1.31812,1.31847,1.31809,1.31847,1623999938.9648438
2012-02-10 21:35:00,1.31848,1.31872,1.31843,1.31872,1369400024.4140625
2012-02-10 21:36:00,1.31874,1.31894,1.31874,1.31885,1082399978.6376953
2012-02-10 21:37:00,1.31884,1.31893,1.31884,1.31892,937799987.7929688
2012-02-10 21:38:00,1.31892,1.31917,1.31892,1.31906,957600021.3623047
2012-02-10 21:39:00,1.31906,1.31921,1.31903,1.31907,905899963.3789062
2012-02-10 21:40:00,1.31907,1.31916,1.31898,1.31913,948799972.5341797
2012-02-10 21:41:00,1.31912,1.31913,1.31905,1.31913,572599983.215332
2012-02-10 21:42:00,1.31913,1.31913,1.3189,1.31891,525499992.37060547
2012-02-10 21:43:00,1.31896,1.31896,1.31877,1.3188,338100013.73291016
2012-02-10 21:44:00,1.31881,1.31893,1.31881,1.31887,1282500000.0
2012-02-10 21:45:00,1.31888,1.31905,1.31883,1.31899,952500000.0
2012-02-10 21:46:00,1.31898,1.31909,1.31895,1.31897,653700027.4658203
2012-02-10 21:47:00,1.31894,1.31909,1.31887,1.31909,1039700012.2070312
2012-02-10 21:48:00,1.31907,1.31936,1.31907,1.31936,1242099990.8447266
2012-02-10 21:49:00,1.31937,1.31938,1.31935,1.31937,1126900024.4140625
2012-02-10 21:50:00,1.31943,1.31948,1.31936,1.31941,732900009.1552734
2012-02-10 21:51:00,1.3194,1.31948,1.31937,1.31938,659000015.2587891
2012-02-10 21:52:00,1.31941,1.31948,1.31931,1.31946,1195999984.741211
2012-02-10 21:53:00,1.31947,1.32018,1.31946,1.32018,2168800048.828125
2012-02-10 21:54:00,1.32014,1.32019,1.31979,1.32007,1232099990.8447266
2012-02-10 21:55:00,1.32008,1.32028,1.32007,1.32008,838399963.3789062
2012-02-10 21:56:00,1.32009,1.32009,1.31964,1.31966,1050400009.1552734
2012-02-10 21:57:00,1.31972,1.31982,1.31958,1.31966,1360099945.0683594
2012-02-10 21:58:00,1.31967,1.31973,1.31952,1.31959,1096200027.4658203
2012-02-10 21:59:00,1.31963,1.31973,1.31958,1.31961,324199981.6894531
2012-02-10 22:00:00,1.31961,1.31961,1.31961,1.31961,0.0
2012-02-10 22:01:00,1.31961,1.31961,1.31961,1.31961,0.0
2012-02-10 22:02:00,1.31961,1.31961,1.31961,1.31961,0.0
2012-02-10 22:03:00,1.31961,1.31961,1.31961,1.31961,0.0
2012-02-10 22:04:00,1.31961,1.31961,1.31961,1.31961,0.0
2012-02-10 22:05:00,1.31961,1.31961,1.31961,1.31961,0.0
2012-02-10 22:06:00,1.31961,1.31961,1.31961,1.31961,0.0
2012-02-10 22:07:00,1.31961,1.31961,1.31961,1.31961,0.0
2012-02-10 22:08:00,1.31961,1.31961,1.31961,1.31961,0.0
2012-02-10 22:09:00,1.31961,1.31961,1.31961,1.31961,0.0
2012-02-10 22:10:00,1.31961,1.31961,1.31961,1.31961,0.0
2012-02-10 22:11:00,1.31961,1.31961,1.31961,1.31961,0.0
2012-02-10 22:12:00,1.31961,1.31961,1.31961,1.31961,0.0
2012-02-10 22:13:00,1.31961,1.31961,1.31961,1.31961,0.0
2012-02-10 22:14:00,1.31961,1.31961,1.31961,1.31961,0.0
2012-02-10 22:15:00,1.31961,1.31961,1.31961,1.31961,0.0
2012-02-10 22:16:00,1.31961,1.31961,1.31961,1.31961,0.0
2012-02-10 22:17:00,1.31961,1.31961,1.31961,1.31961,0.0
2012-02-10 22:18:00,1.31961,1.31961,1.31961,1.31961,0.0
2012-02-10 22:19:00,1.31961,1.31961,1.31961,1.31961,0.0
2012-02-10 22:20:00,1.31961,1.31961,1.31961,1.31961,0.0
2012-02-10 22:21:00,1.31961,1.31961,1.31961,1.31961,0.0
2012-02-10 22:22:00,1.31961,1.31961,1.31961,1.31961,0.0
2012-02-10 22:23:00,1.31961,1.31961,1.31961,1.31961,0.0
2012-02-10 22:24:00,1.31961,1.31961,1.31961,1.31961,0.0
2012-02-10 22:25:00,1.31961,1.31961,1.31961,1.31961,0.0
2012-02-10 22:26:00,1.31961,1.31961,1.31961,1.31961,0.0
2012-02-10 22:27:00,1.31961,1.31961,1.31961,1.31961,0.0
2012-02-10 22:28:00,1.31961,1.31961,1.31961,1.31961,0.0
2012-02-10 22:29:00,1.31961,1.31961,1.31961,1.31961,0.0
2012-02-10 22:30:00,1.31961,1.31961,1.31961,1.31961,0.0
2012-02-10 22:31:00,1.31961,1.31961,1.31961,1.31961,0.0
2012-02-10 22:32:00,1.31961,1.31961,1.31961,1.31961,0.0
2012-02-10 22:33:00,1.31961,1.31961,1.31961,1.31961,0.0
2012-02-10 22:34:00,1.31961,1.31961,1.31961,1.31961,0.0
2012-02-10 22:35:00,1.31961,1.31961,1.31961,1.31961,0.0
2012-02-10 22:36:00,1.31961,1.31961,1.31961,1.31961,0.0
2012-02-10 22:37:00,1.31961,1.31961,1.31961,1.31961,0.0
2012-02-10 22:38:00,1.31961,1.31961,1.31961,1.31961,0.0
2012-02-10 22:39:00,1.31961,1.31961,1.31961,1.31961,0.0
2012-02-10 22:40:00,1.31961,1.31961,1.31961,1.31961,0.0
2012-02-10 22:41:00,1.31961,1.31961,1.31961,1.31961,0.0
2012-02-10 22:42:00,1.31961,1.31961,1.31961,1.31961,0.0
2012-02-10 22:43:00,1.31961,1.31961,1.31961,1.31961,0.0
2012-02-10 22:44:00,1.31961,1.31961,1.31961,1.31961,0.0
2012-02-10 22:45:00,1.31961,1.31961,1.31961,1.31961,0.0
2012-02-10 22:46:00,1.31961,1.31961,1.31961,1.31961,0.0
2012-02-10 22:47:00,1.31961,1.31961,1.31961,1.31961,0.0
2012-02-10 22:48:00,1.31961,1.31961,1.31961,1.31961,0.0
2012-02-10 22:49:00,1.31961,1.31961,1.31961,1.31961,0.0
2012-02-10 22:50:00,1.31961,1.31961,1.31961,1.31961,0.0
2012-02-10 22:51:00,1.31961,1.31961,1.31961,1.31961,0.0
2012-02-10 22:52:00,1.31961,1.31961,1.31961,1.31961,0.0
2012-02-10 22:53:00,1.31961,1.31961,1.31961,1.31961,0.0
2012-02-10 22:54:00,1.31961,1.31961,1.31961,1.31961,0.0
2012-02-10 22:55:00,1.31961,1.31961,1.31961,1.31961,0.0
2012-02-10 22:56:00,1.31961,1.31961,1.31961,1.31961,0.0
2012-02-10 22:57:00,1.31961,1.31961,1.31961,1.31961,0.0
2012-02-10 22:58:00,1.31961,1.31961,1.31961,1.31961,0.0
2012-02-10 22:59:00,1.31961,1.31961,1.31961,1.31961,0.0
2012-02-10 23:00:00,1.31961,1.31961,1.31961,1.31961,0.0
2012-02-10 23:01:00,1.31961,1.31961,1.31961,1.31961,0.0
2012-02-10 23:02:00,1.31961,1.31961,1.31961,1.31961,0.0
2012-02-10 23:03:00,1.31961,1.31961,1.31961,1.31961,0.0
2012-02-10 23:04:00,1.31961,1.31961,1.31961,1.31961,0.0
2012-02-10 23:05:00,1.31961,1.31961,1.31961,1.31961,0.0
2012-02-10 23:06:00,1.31961,1.31961,1.31961,1.31961,0.0
2012-02-10 23:07:00,1.31961,1.31961,1.31961,1.31961,0.0
2012-02-10 23:08:00,1.31961,1.31961,1.31961,1.31961,0.0
2012-02-10 23:09:00,1.31961,1.31961,1.31961,1.31961,0.0
2012-02-10 23:10:00,1.31961,1.31961,1.31961,1.31961,0.0
2012-02-10 23:11:00,1.31961,1.31961,1.31961,1.31961,0.0
2012-02-10 23:12:00,1.31961,1.31961,1.31961,1.31961,0.0
2012-02-10 23:13:00,1.31961,1.31961,1.31961,1.31961,0.0
2012-02-10 23:14:00,1.31961,1.31961,1.31961,1.31961,0.0
2012-02-10 23:15:00,1.31961,1.31961,1.31961,1.31961,0.0
2012-02-10 23:16:00,1.31961,1.31961,1.31961,1.31961,0.0
2012-02-10 23:17:00,1.31961,1.31961,1.31961,1.31961,0.0
2012-02-10 23:18:00,1.31961,1.31961,1.31961,1.31961,0.0
2012-02-10 23:19:00,1.31961,1.31961,1.31961,1.31961,0.0
2012-02-10 23:20:00,1.31961,1.31961,1.31961,1.31961,0.0
2012-02-10 23:21:00,1.31961,1.31961,1.31961,1.31961,0.0
2012-02-10 23:22:00,1.31961,1.31961,1.31961,1.31961,0.0
2012-02-10 23:23:00,1.31961,1.31961,1.31961,1.31961,0.0
2012-02-10 23:24:00,1.31961,1.31961,1.31961,1.31961,0.0
2012-02-10 23:25:00,1.31961,1.31961,1.31961,1.31961,0.0
2012-02-10 23:26:00,1.31961,1.31961,1.31961,1.31961,0.0
2012-02-10 23:27:00,1.31961,1.31961,1.31961,1.31961,0.0
2012-02-10 23:28:00,1.31961,1.31961,1.31961,1.31961,0.0
2012-02-10 23:29:00,1.31961,1.31961,1.31961,1.31961,0.0
2012-02-10 23:30:00,1.31961,1.31961,1.31961,1.31961,0.0
2012-02-10 23:31:00,1.31961,1.31961,1.31961,1.31961,0.0
2012-02-10 23:32:00,1.31961,1.31961,1.31961,1.31961,0.0
2012-02-10 23:33:00,1.31961,1.31961,1.31961,1.31961,0.0
2012-02-10 23:34:00,1.31961,1.31961,1.31961,1.31961,0.0
2012-02-10 23:35:00,1.31961,1.31961,1.31961,1.31961,0.0
2012-02-10 23:36:00,1.31961,1.31961,1.31961,1.31961,0.0
2012-02-10 23:37:00,1.31961,1.31961,1.31961,1.31961,0.0
2012-02-10 23:38:00,1.31961,1.31961,1.31961,1.31961,0.0
2012-02-10 23:39:00,1.31961,1.31961,1.31961,1.31961,0.0
2012-02-10 23:40:00,1.31961,1.31961,1.31961,1.31961,0.0
2012-02-10 23:41:00,1.31961,1.31961,1.31961,1.31961,0.0
2012-02-10 23:42:00,1.31961,1.31961,1.31961,1.31961,0.0
2012-02-10 23:43:00,1.31961,1.31961,1.31961,1.31961,0.0
2012-02-10 23:44:00,1.31961,1.31961,1.31961,1.31961,0.0
2012-02-10 23:45:00,1.31961,1.31961,1.31961,1.31961,0.0
2012-02-10 23:46:00,1.31961,1.31961,1.31961,1.31961,0.0
2012-02-10 23:47:00,1.31961,1.31961,1.31961,1.31961,0.0
2012-02-10 23:48:00,1.31961,1.31961,1.31961,1.31961,0.0
2012-02-10 23:49:00,1.31961,1.31961,1.31961,1.31961,0.0
2012-02-10 23:50:00,1.31961,1.31961,1.31961,1.31961,0.0
2012-02-10 23:51:00,1.31961,1.31961,1.31961,1.31961,0.0
2012-02-10 23:52:00,1.31961,1.31961,1.31961,1.31961,0.0
2012-02-10 23:53:00,1.31961,1.31961,1.31961,1.31961,0.0
2012-02-10 23:54:00,1.31961,1.31961,1.31961,1.31961,0.0
2012-02-10 23:55:00,1.31961,1.31961,1.31961,1.31961,0.0
2012-02-10 23:56:00,1.31961,1.31961,1.31961,1.31961,0.0
2012-02-10 23:57:00,1.31961,1.31961,1.31961,1.31961,0.0
2012-02-10 23:58:00,1.31961,1.31961,1.31961,1.31961,0.0
2012-02-10 23:59:00,1.31961,1.31961,1.31961,1.31961,0.0
2012-02-11 00:00:00,1.31946,1.31946,1.31946,1.31946,0.0
2012-02-11 00:01:00,1.31946,1.31946,1.31946,1.31946,0.0
2012-02-11 00:02:00,1.31946,1.31946,1.31946,1.31946,0.0
2012-02-11 00:03:00,1.31946,1.31946,1.31946,1.31946,0.0
2012-02-11 00:04:00,1.31946,1.31946,1.31946,1.31946,0.0
2012-02-11 00:05:00,1.31946,1.31946,1.31946,1.31946,0.0
2012-02-11 00:06:00,1.31946,1.31946,1.31946,1.31946,0.0
2012-02-11 00:07:00,1.31946,1.31946,1.31946,1.31946,0.0
2012-02-11 00:08:00,1.31946,1.31946,1.31946,1.31946,0.0
2012-02-11 00:09:00,1.31946,1.31946,1.31946,1.31946,0.0
2012-02-11 00:10:00,1.31946,1.31946,1.31946,1.31946,0.0
2012-02-11 00:11:00,1.31946,1.31946,1.31946,1.31946,0.0
2012-02-11 00:12:00,1.31946,1.31946,1.31946,1.31946,0.0
2012-02-11 00:13:00,1.31946,1.31946,1.31946,1.31946,0.0
2012-02-11 00:14:00,1.31946,1.31946,1.31946,1.31946,0.0
2012-02-11 00:15:00,1.31946,1.31946,1.31946,1.31946,0.0
2012-02-11 00:16:00,1.31946,1.31946,1.31946,1.31946,0.0
2012-02-11 00:17:00,1.31946,1.31946,1.31946,1.31946,0.0
2012-02-11 00:18:00,1.31946,1.31946,1.31946,1.31946,0.0
2012-02-11 00:19:00,1.31946,1.31946,1.31946,1.31946,0.0
2012-02-11 00:20:00,1.31946,1.31946,1.31946,1.31946,0.0
2012-02-11 00:21:00,1.31946,1.31946,1.31946,1.31946,0.0
2012-02-11 00:22:00,1.31946,1.31946,1.31946,1.31946,0.0
2012-02-11 00:23:00,1.31946,1.31946,1.31946,1.31946,0.0
2012-02-11 00:24:00,1.31946,1.31946,1.31946,1.31946,0.0
2012-02-11 00:25:00,1.31946,1.31946,1.31946,1.31946,0.0
2012-02-11 00:26:00,1.31946,1.31946,1.31946,1.31946,0.0
2012-02-11 00:27:00,1.31946,1.31946,1.31946,1.31946,0.0
2012-02-11 00:28:00,1.31946,1.31946,1.31946,1.31946,0.0
2012-02-11 00:29:00,1.31946,1.31946,1.31946,1.31946,0.0
2012-02-11 00:30:00,1.31946,1.31946,1.31946,1.31946,0.0
2012-02-11 00:31:00,1.31946,1.31946,1.31946,1.31946,0.0
2012-02-11 00:32:00,1.31946,1.31946,1.31946,1.31946,0.0
2012-02-11 00:33:00,1.31946,1.31946,1.31946,1.31946,0.0
2012-02-11 00:34:00,1.31946,1.31946,1.31946,1.31946,0.0
2012-02-11 00:35:00,1.31946,1.31946,1.31946,1.31946,0.0
2012-02-11 00:36:00,1.31946,1.31946,1.31946,1.31946,0.0
2012-02-11 00:37:00,1.31946,1.31946,1.31946,1.31946,0.0
2012-02-11 00:38:00,1.31946,1.31946,1.31946,1.31946,0.0
2012-02-11 00:39:00,1.31946,1.31946,1.31946,1.31946,0.0
2012-02-11 00:40:00,1.31946,1.31946,1.31946,1.31946,0.0
2012-02-11 00:41:00,1.31946,1.31946,1.31946,1.31946,0.0
2012-02-11 00:42:00,1.31946,1.31946,1.31946,1.31946,0.0
2012-02-11 00:43:00,1.31946,1.31946,1.31946,1.31946,0.0
2012-02-11 00:44:00,1.31946,1.31946,1.31946,1.31946,0.0
2012-02-11 00:45:00,1.31946,1.31946,1.31946,1.31946,0.0
2012-02-11 00:46:00,1.31946,1.31946,1.31946,1.31946,0.0
2012-02-11 00:47:00,1.31946,1.31946,1.31946,1.31946,0.0
2012-02-11 00:48:00,1.31946,1.31946,1.31946,1.31946,0.0
2012-02-11 00:49:00,1.31946,1.31946,1.31946,1.31946,0.0
2012-02-11 00:50:00,1.31946,1.31946,1.31946,1.31946,0.0
2012-02-11 00:51:00,1.31946,1.31946,1.31946,1.31946,0.0
2012-02-11 00:52:00,1.31946,1.31946,1.31946,1.31946,0.0
2012-02-11 00:53:00,1.31946,1.31946,1.31946,1.31946,0.0
2012-02-11 00:54:00,1.31946,1.31946,1.31946,1.31946,0.0
2012-02-11 00:55:00,1.31946,1.31946,1.31946,1.31946,0.0
2012-02-11 00:56:00,1.31946,1.31946,1.31946,1.31946,0.0
2012-02-11 00:57:00,1.31946,1.31946,1.31946,1.31946,0.0
2012-02-11 00:58:00,1.31946,1.31946,1.31946,1.31946,0.0
2012-02-11 00:59:00,1.31946,1.31946,1.31946,1.31946,0.0
2012-02-11 01:00:00,1.31946,1.31946,1.31946,1.31946,0.0
2012-02-11 01:01:00,1.31946,1.31946,1.31946,1.31946,0.0
2012-02-11 01:02:00,1.31946,1.31946,1.31946,1.31946,0.0
2012-02-11 01:03:00,1.31946,1.31946,1.31946,1.31946,0.0
2012-02-11 01:04:00,1.31946,1.31946,1.31946,1.31946,0.0
2012-02-11 01:05:00,1.31946,1.31946,1.31946,1.31946,0.0
2012-02-11 01:06:00,1.31946,1.31946,1.31946,1.31946,0.0
2012-02-11 01:07:00,1.31946,1.31946,1.31946,1.31946,0.0
2012-02-11 01:08:00,1.31946,1.31946,1.31946,1.31946,0.0
2012-02-11 01:09:00,1.31946,1.31946,1.31946,1.31946,0.0
2012-02-11 01:10:00,1.31946,1.31946,1.31946,1.31946,0.0
2012-02-11 01:11:00,1.31946,1.31946,1.31946,1.31946,0.0
2012-02-11 01:12:00,1.31946,1.31946,1.31946,1.31946,0.0
2012-02-11 01:13:00,1.31946,1.31946,1.31946,1.31946,0.0
2012-02-11 01:14:00,1.31946,1.31946,1.31946,1.31946,0.0
2012-02-11 01:15:00,1.31946,1.31946,1.31946,1.31946,0.0
2012-02-11 01:16:00,1.31946,1.31946,1.31946,1.31946,0.0
2012-02-11 01:17:00,1.31946,1.31946,1.31946,1.31946,0.0
2012-02-11 01:18:00,1.31946,1.31946,1.31946,1.31946,0.0
2012-02-11 01:19:00,1.31946,1.31946,1.31946,1.31946,0.0
2012-02-11 01:20:00,1.31946,1.31946,1.31946,1.31946,0.0
2012-02-11 01:21:00,1.31946,1.31946,1.31946,1.31946,0.0
2012-02-11 01:22:00,1.31946,1.31946,1.31946,1.31946,0.0
2012-02-11 01:23:00,1.31946,1.31946,1.31946,1.31946,0.0
2012-02-11 01:24:00,1.31946,1.31946,1.31946,1.31946,0.0
2012-02-11 01:25:00,1.31946,1.31946,1.31946,1.31946,0.0
2012-02-11 01:26:00,1.31946,1.31946,1.31946,1.31946,0.0
2012-02-11 01:27:00,1.31946,1.31946,1.31946,1.31946,0.0
2012-02-11 01:28:00,1.31946,1.31946,1.31946,1.31946,0.0
2012-02-11 01:29:00,1.31946,1.31946,1.31946,1.31946,0.0
2012-02-11 01:30:00,1.31946,1.31946,1.31946,1.31946,0.0
2012-02-11 01:31:00,1.31946,1.31946,1.31946,1.31946,0.0
2012-02-11 01:32:00,1.31946,1.31946,1.31946,1.31946,0.0
2012-02-11 01:33:00,1.31946,1.31946,1.31946,1.31946,0.0
2012-02-11 01:34:00,1.31946,1.31946,1.31946,1.31946,0.0
2012-02-11 01:35:00,1.31946,1.31946,1.31946,1.31946,0.0
2012-02-11 01:36:00,1.31946,1.31946,1.31946,1.31946,0.0
2012-02-11 01:37:00,1.31946,1.31946,1.31946,1.31946,0.0
2012-02-11 01:38:00,1.31946,1.31946,1.31946,1.31946,0.0
2012-02-11 01:39:00,1.31946,1.31946,1.31946,1.31946,0.0
2012-02-11 01:40:00,1.31946,1.31946,1.31946,1.31946,0.0
2012-02-11 01:41:00,1.31946,1.31946,1.31946,1.31946,0.0
2012-02-11 01:42:00,1.31946,1.31946,1.31946,1.31946,0.0
2012-02-11 01:43:00,1.31946,1.31946,1.31946,1.31946,0.0
2012-02-11 01:44:00,1.31946,1.31946,1.31946,1.31946,0.0
2012-02-11 01:45:00,1.31946,1.31946,1.31946,1.31946,0.0
2012-02-11 01:46:00,1.31946,1.31946,1.31946,1.31946,0.0
2012-02-11 01:47:00,1.31946,1.31946,1.31946,1.31946,0.0
2012-02-11 01:48:00,1.31946,1.31946,1.31946,1.31946,0.0
2012-02-11 01:49:00,1.31946,1.31946,1.31946,1.31946,0.0
2012-02-11 01:50:00,1.31946,1.31946,1.31946,1.31946,0.0
2012-02-11 01:51:00,1.31946,1.31946,1.31946,1.31946,0.0
2012-02-11 01:52:00,1.31946,1.31946,1.31946,1.31946,0.0
2012-02-11 01:53:00,1.31946,1.31946,1.31946,1.31946,0.0
2012-02-11 01:54:00,1.31946,1.31946,1.31946,1.31946,0.0
2012-02-11 01:55:00,1.31946,1.31946,1.31946,1.31946,0.0
2012-02-11 01:56:00,1.31946,1.31946,1.31946,1.31946,0.0
2012-02-11 01:57:00,1.31946,1.31946,1.31946,1.31946,0.0
2012-02-11 01:58:00,1.31946,1.31946,1.31946,1.31946,0.0
2012-02-11 01:59:00,1.31946,1.31946,1.31946,1.31946,0.0
2012-02-11 02:00:00,1.31946,1.31946,1.31946,1.31946,0.0
2012-02-11 02:01:00,1.31946,1.31946,1.31946,1.31946,0.0
2012-02-11 02:02:00,1.31946,1.31946,1.31946,1.31946,0.0
2012-02-11 02:03:00,1.31946,1.31946,1.31946,1.31946,0.0
2012-02-11 02:04:00,1.31946,1.31946,1.31946,1.31946,0.0
2012-02-11 02:05:00,1.31946,1.31946,1.31946,1.31946,0.0
2012-02-11 02:06:00,1.31946,1.31946,1.31946,1.31946,0.0
2012-02-11 02:07:00,1.31946,1.31946,1.31946,1.31946,0.0
2012-02-11 02:08:00,1.31946,1.31946,1.31946,1.31946,0.0
2012-02-11 02:09:00,1.31946,1.31946,1.31946,1.31946,0.0
2012-02-11 02:10:00,1.31946,1.31946,1.31946,1.31946,0.0
2012-02-11 02:11:00,1.31946,1.31946,1.31946,1.31946,0.0
2012-02-11 02:12:00,1.31946,1.31946,1.31946,1.31946,0.0
2012-02-11 02:13:00,1.31946,1.31946,1.31946,1.31946,0.0
2012-02-11 02:14:00,1.31946,1.31946,1.31946,1.31946,0.0
2012-02-11 02:15:00,1.31946,1.31946,1.31946,1.31946,0.0
2012-02-11 02:16:00,1.31946,1.31946,1.31946,1.31946,0.0
2012-02-11 02:17:00,1.31946,1.31946,1.31946,1.31946,0.0
2012-02-11 02:18:00,1.31946,1.31946,1.31946,1.31946,0.0
2012-02-11 02:19:00,1.31946,1.31946,1.31946,1.31946,0.0
2012-02-11 02:20:00,1.31946,1.31946,1.31946,1.31946,0.0
2012-02-11 02:21:00,1.31946,1.31946,1.31946,1.31946,0.0
2012-02-11 02:22:00,1.31946,1.31946,1.31946,1.31946,0.0
2012-02-11 02:23:00,1.31946,1.31946,1.31946,1.31946,0.0
2012-02-11 02:24:00,1.31946,1.31946,1.31946,1.31946,0.0
2012-02-11 02:25:00,1.31946,1.31946,1.31946,1.31946,0.0
2012-02-11 02:26:00,1.31946,1.31946,1.31946,1.31946,0.0
2012-02-11 02:27:00,1.31946,1.31946,1.31946,1.31946,0.0
2012-02-11 02:28:00,1.31946,1.31946,1.31946,1.31946,0.0
2012-02-11 02:29:00,1.31946,1.31946,1.31946,1.31946,0.0
2012-02-11 02:30:00,1.31946,1.31946,1.31946,1.31946,0.0
2012-02-11 02:31:00,1.31946,1.31946,1.31946,1.31946,0.0
2012-02-11 02:32:00,1.31946,1.31946,1.31946,1.31946,0.0
2012-02-11 02:33:00,1.31946,1.31946,1.31946,1.31946,0.0
2012-02-11 02:34:00,1.31946,1.31946,1.31946,1.31946,0.0
2012-02-11 02:35:00,1.31946,1.31946,1.31946,1.31946,0.0
2012-02-11 02:36:00,1.31946,1.31946,1.31946,1.31946,0.0
2012-02-11 02:37:00,1.31946,1.31946,1.31946,1.31946,0.0
2012-02-11 02:38:00,1.31946,1.31946,1.31946,1.31946,0.0
2012-02-11 02:39:00,1.31946,1.31946,1.31946,1.31946,0.0
2012-02-11 02:40:00,1.31946,1.31946,1.31946,1.31946,0.0
2012-02-11 02:41:00,1.31946,1.31946,1.31946,1.31946,0.0
2012-02-11 02:42:00,1.31946,1.31946,1.31946,1.31946,0.0
2012-02-11 02:43:00,1.31946,1.31946,1.31946,1.31946,0.0
2012-02-11 02:44:00,1.31946,1.31946,1.31946,1.31946,0.0
2012-02-11 02:45:00,1.31946,1.31946,1.31946,1.31946,0.0
2012-02-11 02:46:00,1.31946,1.31946,1.31946,1.31946,0.0
2012-02-11 02:47:00,1.31946,1.31946,1.31946,1.31946,0.0
2012-02-11 02:48:00,1.31946,1.31946,1.31946,1.31946,0.0
2012-02-11 02:49:00,1.31946,1.31946,1.31946,1.31946,0.0
2012-02-11 02:50:00,1.31946,1.31946,1.31946,1.31946,0.0
2012-02-11 02:51:00,1.31946,1.31946,1.31946,1.31946,0.0
2012-02-11 02:52:00,1.31946,1.31946,1.31946,1.31946,0.0
2012-02-11 02:53:00,1.31946,1.31946,1.31946,1.31946,0.0
2012-02-11 02:54:00,1.31946,1.31946,1.31946,1.31946,0.0
2012-02-11 02:55:00,1.31946,1.31946,1.31946,1.31946,0.0
2012-02-11 02:56:00,1.31946,1.31946,1.31946,1.31946,0.0
2012-02-11 02:57:00,1.31946,1.31946,1.31946,1.31946,0.0
2012-02-11 02:58:00,1.31946,1.31946,1.31946,1.31946,0.0
2012-02-11 02:59:00,1.31946,1.31946,1.31946,1.31946,0.0
2012-02-11 03:00:00,1.31946,1.31946,1.31946,1.31946,0.0
2012-02-11 03:01:00,1.31946,1.31946,1.31946,1.31946,0.0
2012-02-11 03:02:00,1.31946,1.31946,1.31946,1.31946,0.0
2012-02-11 03:03:00,1.31946,1.31946,1.31946,1.31946,0.0
2012-02-11 03:04:00,1.31946,1.31946,1.31946,1.31946,0.0
2012-02-11 03:05:00,1.31946,1.31946,1.31946,1.31946,0.0
2012-02-11 03:06:00,1.31946,1.31946,1.31946,1.31946,0.0
2012-02-11 03:07:00,1.31946,1.31946,1.31946,1.31946,0.0
2012-02-11 03:08:00,1.31946,1.31946,1.31946,1.31946,0.0
2012-02-11 03:09:00,1.31946,1.31946,1.31946,1.31946,0.0
2012-02-11 03:10:00,1.31946,1.31946,1.31946,1.31946,0.0
2012-02-11 03:11:00,1.31946,1.31946,1.31946,1.31946,0.0
2012-02-11 03:12:00,1.31946,1.31946,1.31946,1.31946,0.0
2012-02-11 03:13:00,1.31946,1.31946,1.31946,1.31946,0.0
2012-02-11 03:14:00,1.31946,1.31946,1.31946,1.31946,0.0
2012-02-11 03:15:00,1.31946,1.31946,1.31946,1.31946,0.0
2012-02-11 03:16:00,1.31946,1.31946,1.31946,1.31946,0.0
2012-02-11 03:17:00,1.31946,1.31946,1.31946,1.31946,0.0
2012-02-11 03:18:00,1.31946,1.31946,1.31946,1.31946,0.0
2012-02-11 03:19:00,1.31946,1.31946,1.31946,1.31946,0.0
2012-02-11 03:20:00,1.31946,1.31946,1.31946,1.31946,0.0
2012-02-11 03:21:00,1.31946,1.31946,1.31946,1.31946,0.0
2012-02-11 03:22:00,1.31946,1.31946,1.31946,1.31946,0.0
2012-02-11 03:23:00,1.31946,1.31946,1.31946,1.31946,0.0
2012-02-11 03:24:00,1.31946,1.31946,1.31946,1.31946,0.0
2012-02-11 03:25:00,1.31946,1.31946,1.31946,1.31946,0.0
2012-02-11 03:26:00,1.31946,1.31946,1.31946,1.31946,0.0
2012-02-11 03:27:00,1.31946,1.31946,1.31946,1.31946,0.0
2012-02-11 03:28:00,1.31946,1.31946,1.31946,1.31946,0.0
2012-02-11 03:29:00,1.31946,1.31946,1.31946,1.31946,0.0
2012-02-11 03:30:00,1.31946,1.31946,1.31946,1.31946,0.0
2012-02-11 03:31:00,1.31946,1.31946,1.31946,1.31946,0.0
2012-02-11 03:32:00,1.31946,1.31946,1.31946,1.31946,0.0
2012-02-11 03:33:00,1.31946,1.31946,1.31946,1.31946,0.0
2012-02-11 03:34:00,1.31946,1.31946,1.31946,1.31946,0.0
2012-02-11 03:35:00,1.31946,1.31946,1.31946,1.31946,0.0
2012-02-11 03:36:00,1.31946,1.31946,1.31946,1.31946,0.0
2012-02-11 03:37:00,1.31946,1.31946,1.31946,1.31946,0.0
2012-02-11 03:38:00,1.31946,1.31946,1.31946,1.31946,0.0
2012-02-11 03:39:00,1.31946,1.31946,1.31946,1.31946,0.0
2012-02-11 03:40:00,1.31946,1.31946,1.31946,1.31946,0.0
2012-02-11 03:41:00,1.31946,1.31946,1.31946,1.31946,0.0
2012-02-11 03:42:00,1.31946,1.31946,1.31946,1.31946,0.0
2012-02-11 03:43:00,1.31946,1.31946,1.31946,1.31946,0.0
2012-02-11 03:44:00,1.31946,1.31946,1.31946,1.31946,0.0
2012-02-11 03:45:00,1.31946,1.31946,1.31946,1.31946,0.0
2012-02-11 03:46:00,1.31946,1.31946,1.31946,1.31946,0.0
2012-02-11 03:47:00,1.31946,1.31946,1.31946,1.31946,0.0
2012-02-11 03:48:00,1.31946,1.31946,1.31946,1.31946,0.0
2012-02-11 03:49:00,1.31946,1.31946,1.31946,1.31946,0.0
2012-02-11 03:50:00,1.31946,1.31946,1.31946,1.31946,0.0
2012-02-11 03:51:00,1.31946,1.31946,1.31946,1.31946,0.0
2012-02-11 03:52:00,1.31946,1.31946,1.31946,1.31946,0.0
2012-02-11 03:53:00,1.31946,1.31946,1.31946,1.31946,0.0
2012-02-11 03:54:00,1.31946,1.31946,1.31946,1.31946,0.0
2012-02-11 03:55:00,1.31946,1.31946,1.31946,1.31946,0.0
2012-02-11 03:56:00,1.31946,1.31946,1.31946,1.31946,0.0
2012-02-11 03:57:00,1.31946,1.31946,1.31946,1.31946,0.0
2012-02-11 03:58:00,1.31946,1.31946,1.31946,1.31946,0.0
2012-02-11 03:59:00,1.31946,1.31946,1.31946,1.31946,0.0
2012-02-11 04:00:00,1.31946,1.31946,1.31946,1.31946,0.0
2012-02-11 04:01:00,1.31946,1.31946,1.31946,1.31946,0.0
2012-02-11 04:02:00,1.31946,1.31946,1.31946,1.31946,0.0
2012-02-11 04:03:00,1.31946,1.31946,1.31946,1.31946,0.0
2012-02-11 04:04:00,1.31946,1.31946,1.31946,1.31946,0.0
2012-02-11 04:05:00,1.31946,1.31946,1.31946,1.31946,0.0
2012-02-11 04:06:00,1.31946,1.31946,1.31946,1.31946,0.0
2012-02-11 04:07:00,1.31946,1.31946,1.31946,1.31946,0.0
2012-02-11 04:08:00,1.31946,1.31946,1.31946,1.31946,0.0
2012-02-11 04:09:00,1.31946,1.31946,1.31946,1.31946,0.0
2012-02-11 04:10:00,1.31946,1.31946,1.31946,1.31946,0.0
2012-02-11 04:11:00,1.31946,1.31946,1.31946,1.31946,0.0
2012-02-11 04:12:00,1.31946,1.31946,1.31946,1.31946,0.0
2012-02-11 04:13:00,1.31946,1.31946,1.31946,1.31946,0.0
2012-02-11 04:14:00,1.31946,1.31946,1.31946,1.31946,0.0
2012-02-11 04:15:00,1.31946,1.31946,1.31946,1.31946,0.0
2012-02-11 04:16:00,1.31946,1.31946,1.31946,1.31946,0.0
2012-02-11 04:17:00,1.31946,1.31946,1.31946,1.31946,0.0
2012-02-11 04:18:00,1.31946,1.31946,1.31946,1.31946,0.0
2012-02-11 04:19:00,1.31946,1.31946,1.31946,1.31946,0.0
2012-02-11 04:20:00,1.31946,1.31946,1.31946,1.31946,0.0
2012-02-11 04:21:00,1.31946,1.31946,1.31946,1.31946,0.0
2012-02-11 04:22:00,1.31946,1.31946,1.31946,1.31946,0.0
2012-02-11 04:23:00,1.31946,1.31946,1.31946,1.31946,0.0
2012-02-11 04:24:00,1.31946,1.31946,1.31946,1.31946,0.0
2012-02-11 04:25:00,1.31946,1.31946,1.31946,1.31946,0.0
2012-02-11 04:26:00,1.31946,1.31946,1.31946,1.31946,0.0
2012-02-11 04:27:00,1.31946,1.31946,1.31946,1.31946,0.0
2012-02-11 04:28:00,1.31946,1.31946,1.31946,1.31946,0.0
2012-02-11 04:29:00,1.31946,1.31946,1.31946,1.31946,0.0
2012-02-11 04:30:00,1.31946,1.31946,1.31946,1.31946,0.0
2012-02-11 04:31:00,1.31946,1.31946,1.31946,1.31946,0.0
2012-02-11 04:32:00,1.31946,1.31946,1.31946,1.31946,0.0
2012-02-11 04:33:00,1.31946,1.31946,1.31946,1.31946,0.0
2012-02-11 04:34:00,1.31946,1.31946,1.31946,1.31946,0.0
2012-02-11 04:35:00,1.31946,1.31946,1.31946,1.31946,0.0
2012-02-11 04:36:00,1.31946,1.31946,1.31946,1.31946,0.0
2012-02-11 04:37:00,1.31946,1.31946,1.31946,1.31946,0.0
2012-02-11 04:38:00,1.31946,1.31946,1.31946,1.31946,0.0
2012-02-11 04:39:00,1.31946,1.31946,1.31946,1.31946,0.0
2012-02-11 04:40:00,1.31946,1.31946,1.31946,1.31946,0.0
2012-02-11 04:41:00,1.31946,1.31946,1.31946,1.31946,0.0
2012-02-11 04:42:00,1.31946,1.31946,1.31946,1.31946,0.0
2012-02-11 04:43:00,1.31946,1.31946,1.31946,1.31946,0.0
2012-02-11 04:44:00,1.31946,1.31946,1.31946,1.31946,0.0
2012-02-11 04:45:00,1.31946,1.31946,1.31946,1.31946,0.0
2012-02-11 04:46:00,1.31946,1.31946,1.31946,1.31946,0.0
2012-02-11 04:47:00,1.31946,1.31946,1.31946,1.31946,0.0
2012-02-11 04:48:00,1.31946,1.31946,1.31946,1.31946,0.0
2012-02-11 04:49:00,1.31946,1.31946,1.31946,1.31946,0.0
2012-02-11 04:50:00,1.31946,1.31946,1.31946,1.31946,0.0
2012-02-11 04:51:00,1.31946,1.31946,1.31946,1.31946,0.0
2012-02-11 04:52:00,1.31946,1.31946,1.31946,1.31946,0.0
2012-02-11 04:53:00,1.31946,1.31946,1.31946,1.31946,0.0
2012-02-11 04:54:00,1.31946,1.31946,1.31946,1.31946,0.0
2012-02-11 04:55:00,1.31946,1.31946,1.31946,1.31946,0.0
2012-02-11 04:56:00,1.31946,1.31946,1.31946,1.31946,0.0
2012-02-11 04:57:00,1.31946,1.31946,1.31946,1.31946,0.0
2012-02-11 04:58:00,1.31946,1.31946,1.31946,1.31946,0.0
2012-02-11 04:59:00,1.31946,1.31946,1.31946,1.31946,0.0
2012-02-11 05:00:00,1.31946,1.31946,1.31946,1.31946,0.0
2012-02-11 05:01:00,1.31946,1.31946,1.31946,1.31946,0.0
2012-02-11 05:02:00,1.31946,1.31946,1.31946,1.31946,0.0
2012-02-11 05:03:00,1.31946,1.31946,1.31946,1.31946,0.0
2012-02-11 05:04:00,1.31946,1.31946,1.31946,1.31946,0.0
2012-02-11 05:05:00,1.31946,1.31946,1.31946,1.31946,0.0
2012-02-11 05:06:00,1.31946,1.31946,1.31946,1.31946,0.0
2012-02-11 05:07:00,1.31946,1.31946,1.31946,1.31946,0.0
2012-02-11 05:08:00,1.31946,1.31946,1.31946,1.31946,0.0
2012-02-11 05:09:00,1.31946,1.31946,1.31946,1.31946,0.0
2012-02-11 05:10:00,1.31946,1.31946,1.31946,1.31946,0.0
2012-02-11 05:11:00,1.31946,1.31946,1.31946,1.31946,0.0
2012-02-11 05:12:00,1.31946,1.31946,1.31946,1.31946,0.0
2012-02-11 05:13:00,1.31946,1.31946,1.31946,1.31946,0.0
2012-02-11 05:14:00,1.31946,1.31946,1.31946,1.31946,0.0
2012-02-11 05:15:00,1.31946,1.31946,1.31946,1.31946,0.0
2012-02-11 05:16:00,1.31946,1.31946,1.31946,1.31946,0.0
2012-02-11 05:17:00,1.31946,1.31946,1.31946,1.31946,0.0
2012-02-11 05:18:00,1.31946,1.31946,1.31946,1.31946,0.0
2012-02-11 05:19:00,1.31946,1.31946,1.31946,1.31946,0.0
2012-02-11 05:20:00,1.31946,1.31946,1.31946,1.31946,0.0
2012-02-11 05:21:00,1.31946,1.31946,1.31946,1.31946,0.0
2012-02-11 05:22:00,1.31946,1.31946,1.31946,1.31946,0.0
2012-02-11 05:23:00,1.31946,1.31946,1.31946,1.31946,0.0
2012-02-11 05:24:00,1.31946,1.31946,1.31946,1.31946,0.0
2012-02-11 05:25:00,1.31946,1.31946,1.31946,1.31946,0.0
2012-02-11 05:26:00,1.31946,1.31946,1.31946,1.31946,0.0
2012-02-11 05:27:00,1.31946,1.31946,1.31946,1.31946,0.0
2012-02-11 05:28:00,1.31946,1.31946,1.31946,1.31946,0.0
2012-02-11 05:29:00,1.31946,1.31946,1.31946,1.31946,0.0
2012-02-11 05:30:00,1.31946,1.31946,1.31946,1.31946,0.0
2012-02-11 05:31:00,1.31946,1.31946,1.31946,1.31946,0.0
2012-02-11 05:32:00,1.31946,1.31946,1.31946,1.31946,0.0
2012-02-11 05:33:00,1.31946,1.31946,1.31946,1.31946,0.0
2012-02-11 05:34:00,1.31946,1.31946,1.31946,1.31946,0.0
2012-02-11 05:35:00,1.31946,1.31946,1.31946,1.31946,0.0
2012-02-11 05:36:00,1.31946,1.31946,1.31946,1.31946,0.0
2012-02-11 05:37:00,1.31946,1.31946,1.31946,1.31946,0.0
2012-02-11 05:38:00,1.31946,1.31946,1.31946,1.31946,0.0
2012-02-11 05:39:00,1.31946,1.31946,1.31946,1.31946,0.0
2012-02-11 05:40:00,1.31946,1.31946,1.31946,1.31946,0.0
2012-02-11 05:41:00,1.31946,1.31946,1.31946,1.31946,0.0
2012-02-11 05:42:00,1.31946,1.31946,1.31946,1.31946,0.0
2012-02-11 05:43:00,1.31946,1.31946,1.31946,1.31946,0.0
2012-02-11 05:44:00,1.31946,1.31946,1.31946,1.31946,0.0
2012-02-11 05:45:00,1.31946,1.31946,1.31946,1.31946,0.0
2012-02-11 05:46:00,1.31946,1.31946,1.31946,1.31946,0.0
2012-02-11 05:47:00,1.31946,1.31946,1.31946,1.31946,0.0
2012-02-11 05:48:00,1.31946,1.31946,1.31946,1.31946,0.0
2012-02-11 05:49:00,1.31946,1.31946,1.31946,1.31946,0.0
2012-02-11 05:50:00,1.31946,1.31946,1.31946,1.31946,0.0
2012-02-11 05:51:00,1.31946,1.31946,1.31946,1.31946,0.0
2012-02-11 05:52:00,1.31946,1.31946,1.31946,1.31946,0.0
2012-02-11 05:53:00,1.31946,1.31946,1.31946,1.31946,0.0
2012-02-11 05:54:00,1.31946,1.31946,1.31946,1.31946,0.0
2012-02-11 05:55:00,1.31946,1.31946,1.31946,1.31946,0.0
2012-02-11 05:56:00,1.31946,1.31946,1.31946,1.31946,0.0
2012-02-11 05:57:00,1.31946,1.31946,1.31946,1.31946,0.0
2012-02-11 05:58:00,1.31946,1.31946,1.31946,1.31946,0.0
2012-02-11 05:59:00,1.31946,1.31946,1.31946,1.31946,0.0
2012-02-11 06:00:00,1.31946,1.31946,1.31946,1.31946,0.0
2012-02-11 06:01:00,1.31946,1.31946,1.31946,1.31946,0.0
2012-02-11 06:02:00,1.31946,1.31946,1.31946,1.31946,0.0
2012-02-11 06:03:00,1.31946,1.31946,1.31946,1.31946,0.0
2012-02-11 06:04:00,1.31946,1.31946,1.31946,1.31946,0.0
2012-02-11 06:05:00,1.31946,1.31946,1.31946,1.31946,0.0
2012-02-11 06:06:00,1.31946,1.31946,1.31946,1.31946,0.0
2012-02-11 06:07:00,1.31946,1.31946,1.31946,1.31946,0.0
2012-02-11 06:08:00,1.31946,1.31946,1.31946,1.31946,0.0
2012-02-11 06:09:00,1.31946,1.31946,1.31946,1.31946,0.0
2012-02-11 06:10:00,1.31946,1.31946,1.31946,1.31946,0.0
2012-02-11 06:11:00,1.31946,1.31946,1.31946,1.31946,0.0
2012-02-11 06:12:00,1.31946,1.31946,1.31946,1.31946,0.0
2012-02-11 06:13:00,1.31946,1.31946,1.31946,1.31946,0.0
2012-02-11 06:14:00,1.31946,1.31946,1.31946,1.31946,0.0
2012-02-11 06:15:00,1.31946,1.31946,1.31946,1.31946,0.0
2012-02-11 06:16:00,1.31946,1.31946,1.31946,1.31946,0.0
2012-02-11 06:17:00,1.31946,1.31946,1.31946,1.31946,0.0
2012-02-11 06:18:00,1.31946,1.31946,1.31946,1.31946,0.0
2012-02-11 06:19:00,1.31946,1.31946,1.31946,1.31946,0.0
2012-02-11 06:20:00,1.31946,1.31946,1.31946,1.31946,0.0
2012-02-11 06:21:00,1.31946,1.31946,1.31946,1.31946,0.0
2012-02-11 06:22:00,1.31946,1.31946,1.31946,1.31946,0.0
2012-02-11 06:23:00,1.31946,1.31946,1.31946,1.31946,0.0
2012-02-11 06:24:00,1.31946,1.31946,1.31946,1.31946,0.0
2012-02-11 06:25:00,1.31946,1.31946,1.31946,1.31946,0.0
2012-02-11 06:26:00,1.31946,1.31946,1.31946,1.31946,0.0
2012-02-11 06:27:00,1.31946,1.31946,1.31946,1.31946,0.0
2012-02-11 06:28:00,1.31946,1.31946,1.31946,1.31946,0.0
2012-02-11 06:29:00,1.31946,1.31946,1.31946,1.31946,0.0
2012-02-11 06:30:00,1.31946,1.31946,1.31946,1.31946,0.0
2012-02-11 06:31:00,1.31946,1.31946,1.31946,1.31946,0.0
2012-02-11 06:32:00,1.31946,1.31946,1.31946,1.31946,0.0
2012-02-11 06:33:00,1.31946,1.31946,1.31946,1.31946,0.0
2012-02-11 06:34:00,1.31946,1.31946,1.31946,1.31946,0.0
2012-02-11 06:35:00,1.31946,1.31946,1.31946,1.31946,0.0
2012-02-11 06:36:00,1.31946,1.31946,1.31946,1.31946,0.0
2012-02-11 06:37:00,1.31946,1.31946,1.31946,1.31946,0.0
2012-02-11 06:38:00,1.31946,1.31946,1.31946,1.31946,0.0
2012-02-11 06:39:00,1.31946,1.31946,1.31946,1.31946,0.0
2012-02-11 06:40:00,1.31946,1.31946,1.31946,1.31946,0.0
2012-02-11 06:41:00,1.31946,1.31946,1.31946,1.31946,0.0
2012-02-11 06:42:00,1.31946,1.31946,1.31946,1.31946,0.0
2012-02-11 06:43:00,1.31946,1.31946,1.31946,1.31946,0.0
2012-02-11 06:44:00,1.31946,1.31946,1.31946,1.31946,0.0
2012-02-11 06:45:00,1.31946,1.31946,1.31946,1.31946,0.0
2012-02-11 06:46:00,1.31946,1.31946,1.31946,1.31946,0.0
2012-02-11 06:47:00,1.31946,1.31946,1.31946,1.31946,0.0
2012-02-11 06:48:00,1.31946,1.31946,1.31946,1.31946,0.0
2012-02-11 06:49:00,1.31946,1.31946,1.31946,1.31946,0.0
2012-02-11 06:50:00,1.31946,1.31946,1.31946,1.31946,0.0
2012-02-11 06:51:00,1.31946,1.31946,1.31946,1.31946,0.0
2012-02-11 06:52:00,1.31946,1.31946,1.31946,1.31946,0.0
2012-02-11 06:53:00,1.31946,1.31946,1.31946,1.31946,0.0
2012-02-11 06:54:00,1.31946,1.31946,1.31946,1.31946,0.0
2012-02-11 06:55:00,1.31946,1.31946,1.31946,1.31946,0.0
2012-02-11 06:56:00,1.31946,1.31946,1.31946,1.31946,0.0
2012-02-11 06:57:00,1.31946,1.31946,1.31946,1.31946,0.0
2012-02-11 06:58:00,1.31946,1.31946,1.31946,1.31946,0.0
2012-02-11 06:59:00,1.31946,1.31946,1.31946,1.31946,0.0
2012-02-11 07:00:00,1.31946,1.31946,1.31946,1.31946,0.0
2012-02-11 07:01:00,1.31946,1.31946,1.31946,1.31946,0.0
2012-02-11 07:02:00,1.31946,1.31946,1.31946,1.31946,0.0
2012-02-11 07:03:00,1.31946,1.31946,1.31946,1.31946,0.0
2012-02-11 07:04:00,1.31946,1.31946,1.31946,1.31946,0.0
2012-02-11 07:05:00,1.31946,1.31946,1.31946,1.31946,0.0
2012-02-11 07:06:00,1.31946,1.31946,1.31946,1.31946,0.0
2012-02-11 07:07:00,1.31946,1.31946,1.31946,1.31946,0.0
2012-02-11 07:08:00,1.31946,1.31946,1.31946,1.31946,0.0
2012-02-11 07:09:00,1.31946,1.31946,1.31946,1.31946,0.0
2012-02-11 07:10:00,1.31946,1.31946,1.31946,1.31946,0.0
2012-02-11 07:11:00,1.31946,1.31946,1.31946,1.31946,0.0
2012-02-11 07:12:00,1.31946,1.31946,1.31946,1.31946,0.0
2012-02-11 07:13:00,1.31946,1.31946,1.31946,1.31946,0.0
2012-02-11 07:14:00,1.31946,1.31946,1.31946,1.31946,0.0
2012-02-11 07:15:00,1.31946,1.31946,1.31946,1.31946,0.0
2012-02-11 07:16:00,1.31946,1.31946,1.31946,1.31946,0.0
2012-02-11 07:17:00,1.31946,1.31946,1.31946,1.31946,0.0
2012-02-11 07:18:00,1.31946,1.31946,1.31946,1.31946,0.0
2012-02-11 07:19:00,1.31946,1.31946,1.31946,1.31946,0.0
2012-02-11 07:20:00,1.31946,1.31946,1.31946,1.31946,0.0
2012-02-11 07:21:00,1.31946,1.31946,1.31946,1.31946,0.0
2012-02-11 07:22:00,1.31946,1.31946,1.31946,1.31946,0.0
2012-02-11 07:23:00,1.31946,1.31946,1.31946,1.31946,0.0
2012-02-11 07:24:00,1.31946,1.31946,1.31946,1.31946,0.0
2012-02-11 07:25:00,1.31946,1.31946,1.31946,1.31946,0.0
2012-02-11 07:26:00,1.31946,1.31946,1.31946,1.31946,0.0
2012-02-11 07:27:00,1.31946,1.31946,1.31946,1.31946,0.0
2012-02-11 07:28:00,1.31946,1.31946,1.31946,1.31946,0.0
2012-02-11 07:29:00,1.31946,1.31946,1.31946,1.31946,0.0
2012-02-11 07:30:00,1.31946,1.31946,1.31946,1.31946,0.0
2012-02-11 07:31:00,1.31946,1.31946,1.31946,1.31946,0.0
2012-02-11 07:32:00,1.31946,1.31946,1.31946,1.31946,0.0
2012-02-11 07:33:00,1.31946,1.31946,1.31946,1.31946,0.0
2012-02-11 07:34:00,1.31946,1.31946,1.31946,1.31946,0.0
2012-02-11 07:35:00,1.31946,1.31946,1.31946,1.31946,0.0
2012-02-11 07:36:00,1.31946,1.31946,1.31946,1.31946,0.0
2012-02-11 07:37:00,1.31946,1.31946,1.31946,1.31946,0.0
2012-02-11 07:38:00,1.31946,1.31946,1.31946,1.31946,0.0
2012-02-11 07:39:00,1.31946,1.31946,1.31946,1.31946,0.0
2012-02-11 07:40:00,1.31946,1.31946,1.31946,1.31946,0.0
2012-02-11 07:41:00,1.31946,1.31946,1.31946,1.31946,0.0
2012-02-11 07:42:00,1.31946,1.31946,1.31946,1.31946,0.0
2012-02-11 07:43:00,1.31946,1.31946,1.31946,1.31946,0.0
2012-02-11 07:44:00,1.31946,1.31946,1.31946,1.31946,0.0
2012-02-11 07:45:00,1.31946,1.31946,1.31946,1.31946,0.0
2012-02-11 07:46:00,1.31946,1.31946,1.31946,1.31946,0.0
2012-02-11 07:47:00,1.31946,1.31946,1.31946,1.31946,0.0
2012-02-11 07:48:00,1.31946,1.31946,1.31946,1.31946,0.0
2012-02-11 07:49:00,1.31946,1.31946,1.31946,1.31946,0.0
2012-02-11 07:50:00,1.31946,1.31946,1.31946,1.31946,0.0
2012-02-11 07:51:00,1.31946,1.31946,1.31946,1.31946,0.0
2012-02-11 07:52:00,1.31946,1.31946,1.31946,1.31946,0.0
2012-02-11 07:53:00,1.31946,1.31946,1.31946,1.31946,0.0
2012-02-11 07:54:00,1.31946,1.31946,1.31946,1.31946,0.0
2012-02-11 07:55:00,1.31946,1.31946,1.31946,1.31946,0.0
2012-02-11 07:56:00,1.31946,1.31946,1.31946,1.31946,0.0
2012-02-11 07:57:00,1.31946,1.31946,1.31946,1.31946,0.0
2012-02-11 07:58:00,1.31946,1.31946,1.31946,1.31946,0.0
2012-02-11 07:59:00,1.31946,1.31946,1.31946,1.31946,0.0
2012-02-11 08:00:00,1.31946,1.31946,1.31946,1.31946,0.0
2012-02-11 08:01:00,1.31946,1.31946,1.31946,1.31946,0.0
2012-02-11 08:02:00,1.31946,1.31946,1.31946,1.31946,0.0
2012-02-11 08:03:00,1.31946,1.31946,1.31946,1.31946,0.0
2012-02-11 08:04:00,1.31946,1.31946,1.31946,1.31946,0.0
2012-02-11 08:05:00,1.31946,1.31946,1.31946,1.31946,0.0
2012-02-11 08:06:00,1.31946,1.31946,1.31946,1.31946,0.0
2012-02-11 08:07:00,1.31946,1.31946,1.31946,1.31946,0.0
2012-02-11 08:08:00,1.31946,1.31946,1.31946,1.31946,0.0
2012-02-11 08:09:00,1.31946,1.31946,1.31946,1.31946,0.0
2012-02-11 08:10:00,1.31946,1.31946,1.31946,1.31946,0.0
2012-02-11 08:11:00,1.31946,1.31946,1.31946,1.31946,0.0
2012-02-11 08:12:00,1.31946,1.31946,1.31946,1.31946,0.0
2012-02-11 08:13:00,1.31946,1.31946,1.31946,1.31946,0.0
2012-02-11 08:14:00,1.31946,1.31946,1.31946,1.31946,0.0
2012-02-11 08:15:00,1.31946,1.31946,1.31946,1.31946,0.0
2012-02-11 08:16:00,1.31946,1.31946,1.31946,1.31946,0.0
2012-02-11 08:17:00,1.31946,1.31946,1.31946,1.31946,0.0
2012-02-11 08:18:00,1.31946,1.31946,1.31946,1.31946,0.0
2012-02-11 08:19:00,1.31946,1.31946,1.31946,1.31946,0.0
2012-02-11 08:20:00,1.31946,1.31946,1.31946,1.31946,0.0
2012-02-11 08:21:00,1.31946,1.31946,1.31946,1.31946,0.0
2012-02-11 08:22:00,1.31946,1.31946,1.31946,1.31946,0.0
2012-02-11 08:23:00,1.31946,1.31946,1.31946,1.31946,0.0
2012-02-11 08:24:00,1.31946,1.31946,1.31946,1.31946,0.0
2012-02-11 08:25:00,1.31946,1.31946,1.31946,1.31946,0.0
2012-02-11 08:26:00,1.31946,1.31946,1.31946,1.31946,0.0
2012-02-11 08:27:00,1.31946,1.31946,1.31946,1.31946,0.0
2012-02-11 08:28:00,1.31946,1.31946,1.31946,1.31946,0.0
2012-02-11 08:29:00,1.31946,1.31946,1.31946,1.31946,0.0
2012-02-11 08:30:00,1.31946,1.31946,1.31946,1.31946,0.0
2012-02-11 08:31:00,1.31946,1.31946,1.31946,1.31946,0.0
2012-02-11 08:32:00,1.31946,1.31946,1.31946,1.31946,0.0
2012-02-11 08:33:00,1.31946,1.31946,1.31946,1.31946,0.0
2012-02-11 08:34:00,1.31946,1.31946,1.31946,1.31946,0.0
2012-02-11 08:35:00,1.31946,1.31946,1.31946,1.31946,0.0
2012-02-11 08:36:00,1.31946,1.31946,1.31946,1.31946,0.0
2012-02-11 08:37:00,1.31946,1.31946,1.31946,1.31946,0.0
2012-02-11 08:38:00,1.31946,1.31946,1.31946,1.31946,0.0
2012-02-11 08:39:00,1.31946,1.31946,1.31946,1.31946,0.0
2012-02-11 08:40:00,1.31946,1.31946,1.31946,1.31946,0.0
2012-02-11 08:41:00,1.31946,1.31946,1.31946,1.31946,0.0
2012-02-11 08:42:00,1.31946,1.31946,1.31946,1.31946,0.0
2012-02-11 08:43:00,1.31946,1.31946,1.31946,1.31946,0.0
2012-02-11 08:44:00,1.31946,1.31946,1.31946,1.31946,0.0
2012-02-11 08:45:00,1.31946,1.31946,1.31946,1.31946,0.0
2012-02-11 08:46:00,1.31946,1.31946,1.31946,1.31946,0.0
2012-02-11 08:47:00,1.31946,1.31946,1.31946,1.31946,0.0
2012-02-11 08:48:00,1.31946,1.31946,1.31946,1.31946,0.0
2012-02-11 08:49:00,1.31946,1.31946,1.31946,1.31946,0.0
2012-02-11 08:50:00,1.31946,1.31946,1.31946,1.31946,0.0
2012-02-11 08:51:00,1.31946,1.31946,1.31946,1.31946,0.0
2012-02-11 08:52:00,1.31946,1.31946,1.31946,1.31946,0.0
2012-02-11 08:53:00,1.31946,1.31946,1.31946,1.31946,0.0
2012-02-11 08:54:00,1.31946,1.31946,1.31946,1.31946,0.0
2012-02-11 08:55:00,1.31946,1.31946,1.31946,1.31946,0.0
2012-02-11 08:56:00,1.31946,1.31946,1.31946,1.31946,0.0
2012-02-11 08:57:00,1.31946,1.31946,1.31946,1.31946,0.0
2012-02-11 08:58:00,1.31946,1.31946,1.31946,1.31946,0.0
2012-02-11 08:59:00,1.31946,1.31946,1.31946,1.31946,0.0
2012-02-11 09:00:00,1.31946,1.31946,1.31946,1.31946,0.0
2012-02-11 09:01:00,1.31946,1.31946,1.31946,1.31946,0.0
2012-02-11 09:02:00,1.31946,1.31946,1.31946,1.31946,0.0
2012-02-11 09:03:00,1.31946,1.31946,1.31946,1.31946,0.0
2012-02-11 09:04:00,1.31946,1.31946,1.31946,1.31946,0.0
2012-02-11 09:05:00,1.31946,1.31946,1.31946,1.31946,0.0
2012-02-11 09:06:00,1.31946,1.31946,1.31946,1.31946,0.0
2012-02-11 09:07:00,1.31946,1.31946,1.31946,1.31946,0.0
2012-02-11 09:08:00,1.31946,1.31946,1.31946,1.31946,0.0
2012-02-11 09:09:00,1.31946,1.31946,1.31946,1.31946,0.0
2012-02-11 09:10:00,1.31946,1.31946,1.31946,1.31946,0.0
2012-02-11 09:11:00,1.31946,1.31946,1.31946,1.31946,0.0
2012-02-11 09:12:00,1.31946,1.31946,1.31946,1.31946,0.0
2012-02-11 09:13:00,1.31946,1.31946,1.31946,1.31946,0.0
2012-02-11 09:14:00,1.31946,1.31946,1.31946,1.31946,0.0
2012-02-11 09:15:00,1.31946,1.31946,1.31946,1.31946,0.0
2012-02-11 09:16:00,1.31946,1.31946,1.31946,1.31946,0.0
2012-02-11 09:17:00,1.31946,1.31946,1.31946,1.31946,0.0
2012-02-11 09:18:00,1.31946,1.31946,1.31946,1.31946,0.0
2012-02-11 09:19:00,1.31946,1.31946,1.31946,1.31946,0.0
2012-02-11 09:20:00,1.31946,1.31946,1.31946,1.31946,0.0
2012-02-11 09:21:00,1.31946,1.31946,1.31946,1.31946,0.0
2012-02-11 09:22:00,1.31946,1.31946,1.31946,1.31946,0.0
2012-02-11 09:23:00,1.31946,1.31946,1.31946,1.31946,0.0
2012-02-11 09:24:00,1.31946,1.31946,1.31946,1.31946,0.0
2012-02-11 09:25:00,1.31946,1.31946,1.31946,1.31946,0.0
2012-02-11 09:26:00,1.31946,1.31946,1.31946,1.31946,0.0
2012-02-11 09:27:00,1.31946,1.31946,1.31946,1.31946,0.0
2012-02-11 09:28:00,1.31946,1.31946,1.31946,1.31946,0.0
2012-02-11 09:29:00,1.31946,1.31946,1.31946,1.31946,0.0
2012-02-11 09:30:00,1.31946,1.31946,1.31946,1.31946,0.0
2012-02-11 09:31:00,1.31946,1.31946,1.31946,1.31946,0.0
2012-02-11 09:32:00,1.31946,1.31946,1.31946,1.31946,0.0
2012-02-11 09:33:00,1.31946,1.31946,1.31946,1.31946,0.0
2012-02-11 09:34:00,1.31946,1.31946,1.31946,1.31946,0.0
2012-02-11 09:35:00,1.31946,1.31946,1.31946,1.31946,0.0
2012-02-11 09:36:00,1.31946,1.31946,1.31946,1.31946,0.0
2012-02-11 09:37:00,1.31946,1.31946,1.31946,1.31946,0.0
2012-02-11 09:38:00,1.31946,1.31946,1.31946,1.31946,0.0
2012-02-11 09:39:00,1.31946,1.31946,1.31946,1.31946,0.0
2012-02-11 09:40:00,1.31946,1.31946,1.31946,1.31946,0.0
2012-02-11 09:41:00,1.31946,1.31946,1.31946,1.31946,0.0
2012-02-11 09:42:00,1.31946,1.31946,1.31946,1.31946,0.0
2012-02-11 09:43:00,1.31946,1.31946,1.31946,1.31946,0.0
2012-02-11 09:44:00,1.31946,1.31946,1.31946,1.31946,0.0
2012-02-11 09:45:00,1.31946,1.31946,1.31946,1.31946,0.0
2012-02-11 09:46:00,1.31946,1.31946,1.31946,1.31946,0.0
2012-02-11 09:47:00,1.31946,1.31946,1.31946,1.31946,0.0
2012-02-11 09:48:00,1.31946,1.31946,1.31946,1.31946,0.0
2012-02-11 09:49:00,1.31946,1.31946,1.31946,1.31946,0.0
2012-02-11 09:50:00,1.31946,1.31946,1.31946,1.31946,0.0
2012-02-11 09:51:00,1.31946,1.31946,1.31946,1.31946,0.0
2012-02-11 09:52:00,1.31946,1.31946,1.31946,1.31946,0.0
2012-02-11 09:53:00,1.31946,1.31946,1.31946,1.31946,0.0
2012-02-11 09:54:00,1.31946,1.31946,1.31946,1.31946,0.0
2012-02-11 09:55:00,1.31946,1.31946,1.31946,1.31946,0.0
2012-02-11 09:56:00,1.31946,1.31946,1.31946,1.31946,0.0
2012-02-11 09:57:00,1.31946,1.31946,1.31946,1.31946,0.0
2012-02-11 09:58:00,1.31946,1.31946,1.31946,1.31946,0.0
2012-02-11 09:59:00,1.31946,1.31946,1.31946,1.31946,0.0
2012-02-11 10:00:00,1.31946,1.31946,1.31946,1.31946,0.0
2012-02-11 10:01:00,1.31946,1.31946,1.31946,1.31946,0.0
2012-02-11 10:02:00,1.31946,1.31946,1.31946,1.31946,0.0
2012-02-11 10:03:00,1.31946,1.31946,1.31946,1.31946,0.0
2012-02-11 10:04:00,1.31946,1.31946,1.31946,1.31946,0.0
2012-02-11 10:05:00,1.31946,1.31946,1.31946,1.31946,0.0
2012-02-11 10:06:00,1.31946,1.31946,1.31946,1.31946,0.0
2012-02-11 10:07:00,1.31946,1.31946,1.31946,1.31946,0.0
2012-02-11 10:08:00,1.31946,1.31946,1.31946,1.31946,0.0
2012-02-11 10:09:00,1.31946,1.31946,1.31946,1.31946,0.0
2012-02-11 10:10:00,1.31946,1.31946,1.31946,1.31946,0.0
2012-02-11 10:11:00,1.31946,1.31946,1.31946,1.31946,0.0
2012-02-11 10:12:00,1.31946,1.31946,1.31946,1.31946,0.0
2012-02-11 10:13:00,1.31946,1.31946,1.31946,1.31946,0.0
2012-02-11 10:14:00,1.31946,1.31946,1.31946,1.31946,0.0
2012-02-11 10:15:00,1.31946,1.31946,1.31946,1.31946,0.0
2012-02-11 10:16:00,1.31946,1.31946,1.31946,1.31946,0.0
2012-02-11 10:17:00,1.31946,1.31946,1.31946,1.31946,0.0
2012-02-11 10:18:00,1.31946,1.31946,1.31946,1.31946,0.0
2012-02-11 10:19:00,1.31946,1.31946,1.31946,1.31946,0.0
2012-02-11 10:20:00,1.31946,1.31946,1.31946,1.31946,0.0
2012-02-11 10:21:00,1.31946,1.31946,1.31946,1.31946,0.0
2012-02-11 10:22:00,1.31946,1.31946,1.31946,1.31946,0.0
2012-02-11 10:23:00,1.31946,1.31946,1.31946,1.31946,0.0
2012-02-11 10:24:00,1.31946,1.31946,1.31946,1.31946,0.0
2012-02-11 10:25:00,1.31946,1.31946,1.31946,1.31946,0.0
2012-02-11 10:26:00,1.31946,1.31946,1.31946,1.31946,0.0
2012-02-11 10:27:00,1.31946,1.31946,1.31946,1.31946,0.0
2012-02-11 10:28:00,1.31946,1.31946,1.31946,1.31946,0.0
2012-02-11 10:29:00,1.31946,1.31946,1.31946,1.31946,0.0
2012-02-11 10:30:00,1.31946,1.31946,1.31946,1.31946,0.0
2012-02-11 10:31:00,1.31946,1.31946,1.31946,1.31946,0.0
2012-02-11 10:32:00,1.31946,1.31946,1.31946,1.31946,0.0
2012-02-11 10:33:00,1.31946,1.31946,1.31946,1.31946,0.0
2012-02-11 10:34:00,1.31946,1.31946,1.31946,1.31946,0.0
2012-02-11 10:35:00,1.31946,1.31946,1.31946,1.31946,0.0
2012-02-11 10:36:00,1.31946,1.31946,1.31946,1.31946,0.0
2012-02-11 10:37:00,1.31946,1.31946,1.31946,1.31946,0.0
2012-02-11 10:38:00,1.31946,1.31946,1.31946,1.31946,0.0
2012-02-11 10:39:00,1.31946,1.31946,1.31946,1.31946,0.0
2012-02-11 10:40:00,1.31946,1.31946,1.31946,1.31946,0.0
2012-02-11 10:41:00,1.31946,1.31946,1.31946,1.31946,0.0
2012-02-11 10:42:00,1.31946,1.31946,1.31946,1.31946,0.0
2012-02-11 10:43:00,1.31946,1.31946,1.31946,1.31946,0.0
2012-02-11 10:44:00,1.31946,1.31946,1.31946,1.31946,0.0
2012-02-11 10:45:00,1.31946,1.31946,1.31946,1.31946,0.0
2012-02-11 10:46:00,1.31946,1.31946,1.31946,1.31946,0.0
2012-02-11 10:47:00,1.31946,1.31946,1.31946,1.31946,0.0
2012-02-11 10:48:00,1.31946,1.31946,1.31946,1.31946,0.0
2012-02-11 10:49:00,1.31946,1.31946,1.31946,1.31946,0.0
2012-02-11 10:50:00,1.31946,1.31946,1.31946,1.31946,0.0
2012-02-11 10:51:00,1.31946,1.31946,1.31946,1.31946,0.0
2012-02-11 10:52:00,1.31946,1.31946,1.31946,1.31946,0.0
2012-02-11 10:53:00,1.31946,1.31946,1.31946,1.31946,0.0
2012-02-11 10:54:00,1.31946,1.31946,1.31946,1.31946,0.0
2012-02-11 10:55:00,1.31946,1.31946,1.31946,1.31946,0.0
2012-02-11 10:56:00,1.31946,1.31946,1.31946,1.31946,0.0
2012-02-11 10:57:00,1.31946,1.31946,1.31946,1.31946,0.0
2012-02-11 10:58:00,1.31946,1.31946,1.31946,1.31946,0.0
2012-02-11 10:59:00,1.31946,1.31946,1.31946,1.31946,0.0
2012-02-11 11:00:00,1.31946,1.31946,1.31946,1.31946,0.0
2012-02-11 11:01:00,1.31946,1.31946,1.31946,1.31946,0.0
2012-02-11 11:02:00,1.31946,1.31946,1.31946,1.31946,0.0
2012-02-11 11:03:00,1.31946,1.31946,1.31946,1.31946,0.0
2012-02-11 11:04:00,1.31946,1.31946,1.31946,1.31946,0.0
2012-02-11 11:05:00,1.31946,1.31946,1.31946,1.31946,0.0
2012-02-11 11:06:00,1.31946,1.31946,1.31946,1.31946,0.0
2012-02-11 11:07:00,1.31946,1.31946,1.31946,1.31946,0.0
2012-02-11 11:08:00,1.31946,1.31946,1.31946,1.31946,0.0
2012-02-11 11:09:00,1.31946,1.31946,1.31946,1.31946,0.0
2012-02-11 11:10:00,1.31946,1.31946,1.31946,1.31946,0.0
2012-02-11 11:11:00,1.31946,1.31946,1.31946,1.31946,0.0
2012-02-11 11:12:00,1.31946,1.31946,1.31946,1.31946,0.0
2012-02-11 11:13:00,1.31946,1.31946,1.31946,1.31946,0.0
2012-02-11 11:14:00,1.31946,1.31946,1.31946,1.31946,0.0
2012-02-11 11:15:00,1.31946,1.31946,1.31946,1.31946,0.0
2012-02-11 11:16:00,1.31946,1.31946,1.31946,1.31946,0.0
2012-02-11 11:17:00,1.31946,1.31946,1.31946,1.31946,0.0
2012-02-11 11:18:00,1.31946,1.31946,1.31946,1.31946,0.0
2012-02-11 11:19:00,1.31946,1.31946,1.31946,1.31946,0.0
2012-02-11 11:20:00,1.31946,1.31946,1.31946,1.31946,0.0
2012-02-11 11:21:00,1.31946,1.31946,1.31946,1.31946,0.0
2012-02-11 11:22:00,1.31946,1.31946,1.31946,1.31946,0.0
2012-02-11 11:23:00,1.31946,1.31946,1.31946,1.31946,0.0
2012-02-11 11:24:00,1.31946,1.31946,1.31946,1.31946,0.0
2012-02-11 11:25:00,1.31946,1.31946,1.31946,1.31946,0.0
2012-02-11 11:26:00,1.31946,1.31946,1.31946,1.31946,0.0
2012-02-11 11:27:00,1.31946,1.31946,1.31946,1.31946,0.0
2012-02-11 11:28:00,1.31946,1.31946,1.31946,1.31946,0.0
2012-02-11 11:29:00,1.31946,1.31946,1.31946,1.31946,0.0
2012-02-11 11:30:00,1.31946,1.31946,1.31946,1.31946,0.0
2012-02-11 11:31:00,1.31946,1.31946,1.31946,1.31946,0.0
2012-02-11 11:32:00,1.31946,1.31946,1.31946,1.31946,0.0
2012-02-11 11:33:00,1.31946,1.31946,1.31946,1.31946,0.0
2012-02-11 11:34:00,1.31946,1.31946,1.31946,1.31946,0.0
2012-02-11 11:35:00,1.31946,1.31946,1.31946,1.31946,0.0
2012-02-11 11:36:00,1.31946,1.31946,1.31946,1.31946,0.0
2012-02-11 11:37:00,1.31946,1.31946,1.31946,1.31946,0.0
2012-02-11 11:38:00,1.31946,1.31946,1.31946,1.31946,0.0
2012-02-11 11:39:00,1.31946,1.31946,1.31946,1.31946,0.0
2012-02-11 11:40:00,1.31946,1.31946,1.31946,1.31946,0.0
2012-02-11 11:41:00,1.31946,1.31946,1.31946,1.31946,0.0
2012-02-11 11:42:00,1.31946,1.31946,1.31946,1.31946,0.0
2012-02-11 11:43:00,1.31946,1.31946,1.31946,1.31946,0.0
2012-02-11 11:44:00,1.31946,1.31946,1.31946,1.31946,0.0
2012-02-11 11:45:00,1.31946,1.31946,1.31946,1.31946,0.0
2012-02-11 11:46:00,1.31946,1.31946,1.31946,1.31946,0.0
2012-02-11 11:47:00,1.31946,1.31946,1.31946,1.31946,0.0
2012-02-11 11:48:00,1.31946,1.31946,1.31946,1.31946,0.0
2012-02-11 11:49:00,1.31946,1.31946,1.31946,1.31946,0.0
2012-02-11 11:50:00,1.31946,1.31946,1.31946,1.31946,0.0
2012-02-11 11:51:00,1.31946,1.31946,1.31946,1.31946,0.0
2012-02-11 11:52:00,1.31946,1.31946,1.31946,1.31946,0.0
2012-02-11 11:53:00,1.31946,1.31946,1.31946,1.31946,0.0
2012-02-11 11:54:00,1.31946,1.31946,1.31946,1.31946,0.0
2012-02-11 11:55:00,1.31946,1.31946,1.31946,1.31946,0.0
2012-02-11 11:56:00,1.31946,1.31946,1.31946,1.31946,0.0
2012-02-11 11:57:00,1.31946,1.31946,1.31946,1.31946,0.0
2012-02-11 11:58:00,1.31946,1.31946,1.31946,1.31946,0.0
2012-02-11 11:59:00,1.31946,1.31946,1.31946,1.31946,0.0
2012-02-11 12:00:00,1.31946,1.31946,1.31946,1.31946,0.0
2012-02-11 12:01:00,1.31946,1.31946,1.31946,1.31946,0.0
2012-02-11 12:02:00,1.31946,1.31946,1.31946,1.31946,0.0
2012-02-11 12:03:00,1.31946,1.31946,1.31946,1.31946,0.0
2012-02-11 12:04:00,1.31946,1.31946,1.31946,1.31946,0.0
2012-02-11 12:05:00,1.31946,1.31946,1.31946,1.31946,0.0
2012-02-11 12:06:00,1.31946,1.31946,1.31946,1.31946,0.0
2012-02-11 12:07:00,1.31946,1.31946,1.31946,1.31946,0.0
2012-02-11 12:08:00,1.31946,1.31946,1.31946,1.31946,0.0
2012-02-11 12:09:00,1.31946,1.31946,1.31946,1.31946,0.0
2012-02-11 12:10:00,1.31946,1.31946,1.31946,1.31946,0.0
2012-02-11 12:11:00,1.31946,1.31946,1.31946,1.31946,0.0
2012-02-11 12:12:00,1.31946,1.31946,1.31946,1.31946,0.0
2012-02-11 12:13:00,1.31946,1.31946,1.31946,1.31946,0.0
2012-02-11 12:14:00,1.31946,1.31946,1.31946,1.31946,0.0
2012-02-11 12:15:00,1.31946,1.31946,1.31946,1.31946,0.0
2012-02-11 12:16:00,1.31946,1.31946,1.31946,1.31946,0.0
2012-02-11 12:17:00,1.31946,1.31946,1.31946,1.31946,0.0
2012-02-11 12:18:00,1.31946,1.31946,1.31946,1.31946,0.0
2012-02-11 12:19:00,1.31946,1.31946,1.31946,1.31946,0.0
2012-02-11 12:20:00,1.31946,1.31946,1.31946,1.31946,0.0
2012-02-11 12:21:00,1.31946,1.31946,1.31946,1.31946,0.0
2012-02-11 12:22:00,1.31946,1.31946,1.31946,1.31946,0.0
2012-02-11 12:23:00,1.31946,1.31946,1.31946,1.31946,0.0
2012-02-11 12:24:00,1.31946,1.31946,1.31946,1.31946,0.0
2012-02-11 12:25:00,1.31946,1.31946,1.31946,1.31946,0.0
2012-02-11 12:26:00,1.31946,1.31946,1.31946,1.31946,0.0
2012-02-11 12:27:00,1.31946,1.31946,1.31946,1.31946,0.0
2012-02-11 12:28:00,1.31946,1.31946,1.31946,1.31946,0.0
2012-02-11 12:29:00,1.31946,1.31946,1.31946,1.31946,0.0
2012-02-11 12:30:00,1.31946,1.31946,1.31946,1.31946,0.0
2012-02-11 12:31:00,1.31946,1.31946,1.31946,1.31946,0.0
2012-02-11 12:32:00,1.31946,1.31946,1.31946,1.31946,0.0
2012-02-11 12:33:00,1.31946,1.31946,1.31946,1.31946,0.0
2012-02-11 12:34:00,1.31946,1.31946,1.31946,1.31946,0.0
2012-02-11 12:35:00,1.31946,1.31946,1.31946,1.31946,0.0
2012-02-11 12:36:00,1.31946,1.31946,1.31946,1.31946,0.0
2012-02-11 12:37:00,1.31946,1.31946,1.31946,1.31946,0.0
2012-02-11 12:38:00,1.31946,1.31946,1.31946,1.31946,0.0
2012-02-11 12:39:00,1.31946,1.31946,1.31946,1.31946,0.0
2012-02-11 12:40:00,1.31946,1.31946,1.31946,1.31946,0.0
2012-02-11 12:41:00,1.31946,1.31946,1.31946,1.31946,0.0
2012-02-11 12:42:00,1.31946,1.31946,1.31946,1.31946,0.0
2012-02-11 12:43:00,1.31946,1.31946,1.31946,1.31946,0.0
2012-02-11 12:44:00,1.31946,1.31946,1.31946,1.31946,0.0
2012-02-11 12:45:00,1.31946,1.31946,1.31946,1.31946,0.0
2012-02-11 12:46:00,1.31946,1.31946,1.31946,1.31946,0.0
2012-02-11 12:47:00,1.31946,1.31946,1.31946,1.31946,0.0
2012-02-11 12:48:00,1.31946,1.31946,1.31946,1.31946,0.0
2012-02-11 12:49:00,1.31946,1.31946,1.31946,1.31946,0.0
2012-02-11 12:50:00,1.31946,1.31946,1.31946,1.31946,0.0
2012-02-11 12:51:00,1.31946,1.31946,1.31946,1.31946,0.0
2012-02-11 12:52:00,1.31946,1.31946,1.31946,1.31946,0.0
2012-02-11 12:53:00,1.31946,1.31946,1.31946,1.31946,0.0
2012-02-11 12:54:00,1.31946,1.31946,1.31946,1.31946,0.0
2012-02-11 12:55:00,1.31946,1.31946,1.31946,1.31946,0.0
2012-02-11 12:56:00,1.31946,1.31946,1.31946,1.31946,0.0
2012-02-11 12:57:00,1.31946,1.31946,1.31946,1.31946,0.0
2012-02-11 12:58:00,1.31946,1.31946,1.31946,1.31946,0.0
2012-02-11 12:59:00,1.31946,1.31946,1.31946,1.31946,0.0
2012-02-11 13:00:00,1.31946,1.31946,1.31946,1.31946,0.0
2012-02-11 13:01:00,1.31946,1.31946,1.31946,1.31946,0.0
2012-02-11 13:02:00,1.31946,1.31946,1.31946,1.31946,0.0
2012-02-11 13:03:00,1.31946,1.31946,1.31946,1.31946,0.0
2012-02-11 13:04:00,1.31946,1.31946,1.31946,1.31946,0.0
2012-02-11 13:05:00,1.31946,1.31946,1.31946,1.31946,0.0
2012-02-11 13:06:00,1.31946,1.31946,1.31946,1.31946,0.0
2012-02-11 13:07:00,1.31946,1.31946,1.31946,1.31946,0.0
2012-02-11 13:08:00,1.31946,1.31946,1.31946,1.31946,0.0
2012-02-11 13:09:00,1.31946,1.31946,1.31946,1.31946,0.0
2012-02-11 13:10:00,1.31946,1.31946,1.31946,1.31946,0.0
2012-02-11 13:11:00,1.31946,1.31946,1.31946,1.31946,0.0
2012-02-11 13:12:00,1.31946,1.31946,1.31946,1.31946,0.0
2012-02-11 13:13:00,1.31946,1.31946,1.31946,1.31946,0.0
2012-02-11 13:14:00,1.31946,1.31946,1.31946,1.31946,0.0
2012-02-11 13:15:00,1.31946,1.31946,1.31946,1.31946,0.0
2012-02-11 13:16:00,1.31946,1.31946,1.31946,1.31946,0.0
2012-02-11 13:17:00,1.31946,1.31946,1.31946,1.31946,0.0
2012-02-11 13:18:00,1.31946,1.31946,1.31946,1.31946,0.0
2012-02-11 13:19:00,1.31946,1.31946,1.31946,1.31946,0.0
2012-02-11 13:20:00,1.31946,1.31946,1.31946,1.31946,0.0
2012-02-11 13:21:00,1.31946,1.31946,1.31946,1.31946,0.0
2012-02-11 13:22:00,1.31946,1.31946,1.31946,1.31946,0.0
2012-02-11 13:23:00,1.31946,1.31946,1.31946,1.31946,0.0
2012-02-11 13:24:00,1.31946,1.31946,1.31946,1.31946,0.0
2012-02-11 13:25:00,1.31946,1.31946,1.31946,1.31946,0.0
2012-02-11 13:26:00,1.31946,1.31946,1.31946,1.31946,0.0
2012-02-11 13:27:00,1.31946,1.31946,1.31946,1.31946,0.0
2012-02-11 13:28:00,1.31946,1.31946,1.31946,1.31946,0.0
2012-02-11 13:29:00,1.31946,1.31946,1.31946,1.31946,0.0
2012-02-11 13:30:00,1.31946,1.31946,1.31946,1.31946,0.0
2012-02-11 13:31:00,1.31946,1.31946,1.31946,1.31946,0.0
2012-02-11 13:32:00,1.31946,1.31946,1.31946,1.31946,0.0
2012-02-11 13:33:00,1.31946,1.31946,1.31946,1.31946,0.0
2012-02-11 13:34:00,1.31946,1.31946,1.31946,1.31946,0.0
2012-02-11 13:35:00,1.31946,1.31946,1.31946,1.31946,0.0
2012-02-11 13:36:00,1.31946,1.31946,1.31946,1.31946,0.0
2012-02-11 13:37:00,1.31946,1.31946,1.31946,1.31946,0.0
2012-02-11 13:38:00,1.31946,1.31946,1.31946,1.31946,0.0
2012-02-11 13:39:00,1.31946,1.31946,1.31946,1.31946,0.0
2012-02-11 13:40:00,1.31946,1.31946,1.31946,1.31946,0.0
2012-02-11 13:41:00,1.31946,1.31946,1.31946,1.31946,0.0
2012-02-11 13:42:00,1.31946,1.31946,1.31946,1.31946,0.0
2012-02-11 13:43:00,1.31946,1.31946,1.31946,1.31946,0.0
2012-02-11 13:44:00,1.31946,1.31946,1.31946,1.31946,0.0
2012-02-11 13:45:00,1.31946,1.31946,1.31946,1.31946,0.0
2012-02-11 13:46:00,1.31946,1.31946,1.31946,1.31946,0.0
2012-02-11 13:47:00,1.31946,1.31946,1.31946,1.31946,0.0
2012-02-11 13:48:00,1.31946,1.31946,1.31946,1.31946,0.0
2012-02-11 13:49:00,1.31946,1.31946,1.31946,1.31946,0.0
2012-02-11 13:50:00,1.31946,1.31946,1.31946,1.31946,0.0
2012-02-11 13:51:00,1.31946,1.31946,1.31946,1.31946,0.0
2012-02-11 13:52:00,1.31946,1.31946,1.31946,1.31946,0.0
2012-02-11 13:53:00,1.31946,1.31946,1.31946,1.31946,0.0
2012-02-11 13:54:00,1.31946,1.31946,1.31946,1.31946,0.0
2012-02-11 13:55:00,1.31946,1.31946,1.31946,1.31946,0.0
2012-02-11 13:56:00,1.31946,1.31946,1.31946,1.31946,0.0
2012-02-11 13:57:00,1.31946,1.31946,1.31946,1.31946,0.0
2012-02-11 13:58:00,1.31946,1.31946,1.31946,1.31946,0.0
2012-02-11 13:59:00,1.31946,1.31946,1.31946,1.31946,0.0
2012-02-11 14:00:00,1.31946,1.31946,1.31946,1.31946,0.0
2012-02-11 14:01:00,1.31946,1.31946,1.31946,1.31946,0.0
2012-02-11 14:02:00,1.31946,1.31946,1.31946,1.31946,0.0
2012-02-11 14:03:00,1.31946,1.31946,1.31946,1.31946,0.0
2012-02-11 14:04:00,1.31946,1.31946,1.31946,1.31946,0.0
2012-02-11 14:05:00,1.31946,1.31946,1.31946,1.31946,0.0
2012-02-11 14:06:00,1.31946,1.31946,1.31946,1.31946,0.0
2012-02-11 14:07:00,1.31946,1.31946,1.31946,1.31946,0.0
2012-02-11 14:08:00,1.31946,1.31946,1.31946,1.31946,0.0
2012-02-11 14:09:00,1.31946,1.31946,1.31946,1.31946,0.0
2012-02-11 14:10:00,1.31946,1.31946,1.31946,1.31946,0.0
2012-02-11 14:11:00,1.31946,1.31946,1.31946,1.31946,0.0
2012-02-11 14:12:00,1.31946,1.31946,1.31946,1.31946,0.0
2012-02-11 14:13:00,1.31946,1.31946,1.31946,1.31946,0.0
2012-02-11 14:14:00,1.31946,1.31946,1.31946,1.31946,0.0
2012-02-11 14:15:00,1.31946,1.31946,1.31946,1.31946,0.0
2012-02-11 14:16:00,1.31946,1.31946,1.31946,1.31946,0.0
2012-02-11 14:17:00,1.31946,1.31946,1.31946,1.31946,0.0
2012-02-11 14:18:00,1.31946,1.31946,1.31946,1.31946,0.0
2012-02-11 14:19:00,1.31946,1.31946,1.31946,1.31946,0.0
2012-02-11 14:20:00,1.31946,1.31946,1.31946,1.31946,0.0
2012-02-11 14:21:00,1.31946,1.31946,1.31946,1.31946,0.0
2012-02-11 14:22:00,1.31946,1.31946,1.31946,1.31946,0.0
2012-02-11 14:23:00,1.31946,1.31946,1.31946,1.31946,0.0
2012-02-11 14:24:00,1.31946,1.31946,1.31946,1.31946,0.0
2012-02-11 14:25:00,1.31946,1.31946,1.31946,1.31946,0.0
2012-02-11 14:26:00,1.31946,1.31946,1.31946,1.31946,0.0
2012-02-11 14:27:00,1.31946,1.31946,1.31946,1.31946,0.0
2012-02-11 14:28:00,1.31946,1.31946,1.31946,1.31946,0.0
2012-02-11 14:29:00,1.31946,1.31946,1.31946,1.31946,0.0
2012-02-11 14:30:00,1.31946,1.31946,1.31946,1.31946,0.0
2012-02-11 14:31:00,1.31946,1.31946,1.31946,1.31946,0.0
2012-02-11 14:32:00,1.31946,1.31946,1.31946,1.31946,0.0
2012-02-11 14:33:00,1.31946,1.31946,1.31946,1.31946,0.0
2012-02-11 14:34:00,1.31946,1.31946,1.31946,1.31946,0.0
2012-02-11 14:35:00,1.31946,1.31946,1.31946,1.31946,0.0
2012-02-11 14:36:00,1.31946,1.31946,1.31946,1.31946,0.0
2012-02-11 14:37:00,1.31946,1.31946,1.31946,1.31946,0.0
2012-02-11 14:38:00,1.31946,1.31946,1.31946,1.31946,0.0
2012-02-11 14:39:00,1.31946,1.31946,1.31946,1.31946,0.0
2012-02-11 14:40:00,1.31946,1.31946,1.31946,1.31946,0.0
2012-02-11 14:41:00,1.31946,1.31946,1.31946,1.31946,0.0
2012-02-11 14:42:00,1.31946,1.31946,1.31946,1.31946,0.0
2012-02-11 14:43:00,1.31946,1.31946,1.31946,1.31946,0.0
2012-02-11 14:44:00,1.31946,1.31946,1.31946,1.31946,0.0
2012-02-11 14:45:00,1.31946,1.31946,1.31946,1.31946,0.0
2012-02-11 14:46:00,1.31946,1.31946,1.31946,1.31946,0.0
2012-02-11 14:47:00,1.31946,1.31946,1.31946,1.31946,0.0
2012-02-11 14:48:00,1.31946,1.31946,1.31946,1.31946,0.0
2012-02-11 14:49:00,1.31946,1.31946,1.31946,1.31946,0.0
2012-02-11 14:50:00,1.31946,1.31946,1.31946,1.31946,0.0
2012-02-11 14:51:00,1.31946,1.31946,1.31946,1.31946,0.0
2012-02-11 14:52:00,1.31946,1.31946,1.31946,1.31946,0.0
2012-02-11 14:53:00,1.31946,1.31946,1.31946,1.31946,0.0
2012-02-11 14:54:00,1.31946,1.31946,1.31946,1.31946,0.0
2012-02-11 14:55:00,1.31946,1.31946,1.31946,1.31946,0.0
2012-02-11 14:56:00,1.31946,1.31946,1.31946,1.31946,0.0
2012-02-11 14:57:00,1.31946,1.31946,1.31946,1.31946,0.0
2012-02-11 14:58:00,1.31946,1.31946,1.31946,1.31946,0.0
2012-02-11 14:59:00,1.31946,1.31946,1.31946,1.31946,0.0
2012-02-11 15:00:00,1.31946,1.31946,1.31946,1.31946,0.0
2012-02-11 15:01:00,1.31946,1.31946,1.31946,1.31946,0.0
2012-02-11 15:02:00,1.31946,1.31946,1.31946,1.31946,0.0
2012-02-11 15:03:00,1.31946,1.31946,1.31946,1.31946,0.0
2012-02-11 15:04:00,1.31946,1.31946,1.31946,1.31946,0.0
2012-02-11 15:05:00,1.31946,1.31946,1.31946,1.31946,0.0
2012-02-11 15:06:00,1.31946,1.31946,1.31946,1.31946,0.0
2012-02-11 15:07:00,1.31946,1.31946,1.31946,1.31946,0.0
2012-02-11 15:08:00,1.31946,1.31946,1.31946,1.31946,0.0
2012-02-11 15:09:00,1.31946,1.31946,1.31946,1.31946,0.0
2012-02-11 15:10:00,1.31946,1.31946,1.31946,1.31946,0.0
2012-02-11 15:11:00,1.31946,1.31946,1.31946,1.31946,0.0
2012-02-11 15:12:00,1.31946,1.31946,1.31946,1.31946,0.0
2012-02-11 15:13:00,1.31946,1.31946,1.31946,1.31946,0.0
2012-02-11 15:14:00,1.31946,1.31946,1.31946,1.31946,0.0
2012-02-11 15:15:00,1.31946,1.31946,1.31946,1.31946,0.0
2012-02-11 15:16:00,1.31946,1.31946,1.31946,1.31946,0.0
2012-02-11 15:17:00,1.31946,1.31946,1.31946,1.31946,0.0
2012-02-11 15:18:00,1.31946,1.31946,1.31946,1.31946,0.0
2012-02-11 15:19:00,1.31946,1.31946,1.31946,1.31946,0.0
2012-02-11 15:20:00,1.31946,1.31946,1.31946,1.31946,0.0
2012-02-11 15:21:00,1.31946,1.31946,1.31946,1.31946,0.0
2012-02-11 15:22:00,1.31946,1.31946,1.31946,1.31946,0.0
2012-02-11 15:23:00,1.31946,1.31946,1.31946,1.31946,0.0
2012-02-11 15:24:00,1.31946,1.31946,1.31946,1.31946,0.0
2012-02-11 15:25:00,1.31946,1.31946,1.31946,1.31946,0.0
2012-02-11 15:26:00,1.31946,1.31946,1.31946,1.31946,0.0
2012-02-11 15:27:00,1.31946,1.31946,1.31946,1.31946,0.0
2012-02-11 15:28:00,1.31946,1.31946,1.31946,1.31946,0.0
2012-02-11 15:29:00,1.31946,1.31946,1.31946,1.31946,0.0
2012-02-11 15:30:00,1.31946,1.31946,1.31946,1.31946,0.0
2012-02-11 15:31:00,1.31946,1.31946,1.31946,1.31946,0.0
2012-02-11 15:32:00,1.31946,1.31946,1.31946,1.31946,0.0
2012-02-11 15:33:00,1.31946,1.31946,1.31946,1.31946,0.0
2012-02-11 15:34:00,1.31946,1.31946,1.31946,1.31946,0.0
2012-02-11 15:35:00,1.31946,1.31946,1.31946,1.31946,0.0
2012-02-11 15:36:00,1.31946,1.31946,1.31946,1.31946,0.0
2012-02-11 15:37:00,1.31946,1.31946,1.31946,1.31946,0.0
2012-02-11 15:38:00,1.31946,1.31946,1.31946,1.31946,0.0
2012-02-11 15:39:00,1.31946,1.31946,1.31946,1.31946,0.0
2012-02-11 15:40:00,1.31946,1.31946,1.31946,1.31946,0.0
2012-02-11 15:41:00,1.31946,1.31946,1.31946,1.31946,0.0
2012-02-11 15:42:00,1.31946,1.31946,1.31946,1.31946,0.0
2012-02-11 15:43:00,1.31946,1.31946,1.31946,1.31946,0.0
2012-02-11 15:44:00,1.31946,1.31946,1.31946,1.31946,0.0
2012-02-11 15:45:00,1.31946,1.31946,1.31946,1.31946,0.0
2012-02-11 15:46:00,1.31946,1.31946,1.31946,1.31946,0.0
2012-02-11 15:47:00,1.31946,1.31946,1.31946,1.31946,0.0
2012-02-11 15:48:00,1.31946,1.31946,1.31946,1.31946,0.0
2012-02-11 15:49:00,1.31946,1.31946,1.31946,1.31946,0.0
2012-02-11 15:50:00,1.31946,1.31946,1.31946,1.31946,0.0
2012-02-11 15:51:00,1.31946,1.31946,1.31946,1.31946,0.0
2012-02-11 15:52:00,1.31946,1.31946,1.31946,1.31946,0.0
2012-02-11 15:53:00,1.31946,1.31946,1.31946,1.31946,0.0
2012-02-11 15:54:00,1.31946,1.31946,1.31946,1.31946,0.0
2012-02-11 15:55:00,1.31946,1.31946,1.31946,1.31946,0.0
2012-02-11 15:56:00,1.31946,1.31946,1.31946,1.31946,0.0
2012-02-11 15:57:00,1.31946,1.31946,1.31946,1.31946,0.0
2012-02-11 15:58:00,1.31946,1.31946,1.31946,1.31946,0.0
2012-02-11 15:59:00,1.31946,1.31946,1.31946,1.31946,0.0
2012-02-11 16:00:00,1.31946,1.31946,1.31946,1.31946,0.0
2012-02-11 16:01:00,1.31946,1.31946,1.31946,1.31946,0.0
2012-02-11 16:02:00,1.31946,1.31946,1.31946,1.31946,0.0
2012-02-11 16:03:00,1.31946,1.31946,1.31946,1.31946,0.0
2012-02-11 16:04:00,1.31946,1.31946,1.31946,1.31946,0.0
2012-02-11 16:05:00,1.31946,1.31946,1.31946,1.31946,0.0
2012-02-11 16:06:00,1.31946,1.31946,1.31946,1.31946,0.0
2012-02-11 16:07:00,1.31946,1.31946,1.31946,1.31946,0.0
2012-02-11 16:08:00,1.31946,1.31946,1.31946,1.31946,0.0
2012-02-11 16:09:00,1.31946,1.31946,1.31946,1.31946,0.0
2012-02-11 16:10:00,1.31946,1.31946,1.31946,1.31946,0.0
2012-02-11 16:11:00,1.31946,1.31946,1.31946,1.31946,0.0
2012-02-11 16:12:00,1.31946,1.31946,1.31946,1.31946,0.0
2012-02-11 16:13:00,1.31946,1.31946,1.31946,1.31946,0.0
2012-02-11 16:14:00,1.31946,1.31946,1.31946,1.31946,0.0
2012-02-11 16:15:00,1.31946,1.31946,1.31946,1.31946,0.0
2012-02-11 16:16:00,1.31946,1.31946,1.31946,1.31946,0.0
2012-02-11 16:17:00,1.31946,1.31946,1.31946,1.31946,0.0
2012-02-11 16:18:00,1.31946,1.31946,1.31946,1.31946,0.0
2012-02-11 16:19:00,1.31946,1.31946,1.31946,1.31946,0.0
2012-02-11 16:20:00,1.31946,1.31946,1.31946,1.31946,0.0
2012-02-11 16:21:00,1.31946,1.31946,1.31946,1.31946,0.0
2012-02-11 16:22:00,1.31946,1.31946,1.31946,1.31946,0.0
2012-02-11 16:23:00,1.31946,1.31946,1.31946,1.31946,0.0
2012-02-11 16:24:00,1.31946,1.31946,1.31946,1.31946,0.0
2012-02-11 16:25:00,1.31946,1.31946,1.31946,1.31946,0.0
2012-02-11 16:26:00,1.31946,1.31946,1.31946,1.31946,0.0
2012-02-11 16:27:00,1.31946,1.31946,1.31946,1.31946,0.0
2012-02-11 16:28:00,1.31946,1.31946,1.31946,1.31946,0.0
2012-02-11 16:29:00,1.31946,1.31946,1.31946,1.31946,0.0
2012-02-11 16:30:00,1.31946,1.31946,1.31946,1.31946,0.0
2012-02-11 16:31:00,1.31946,1.31946,1.31946,1.31946,0.0
2012-02-11 16:32:00,1.31946,1.31946,1.31946,1.31946,0.0
2012-02-11 16:33:00,1.31946,1.31946,1.31946,1.31946,0.0
2012-02-11 16:34:00,1.31946,1.31946,1.31946,1.31946,0.0
2012-02-11 16:35:00,1.31946,1.31946,1.31946,1.31946,0.0
2012-02-11 16:36:00,1.31946,1.31946,1.31946,1.31946,0.0
2012-02-11 16:37:00,1.31946,1.31946,1.31946,1.31946,0.0
2012-02-11 16:38:00,1.31946,1.31946,1.31946,1.31946,0.0
2012-02-11 16:39:00,1.31946,1.31946,1.31946,1.31946,0.0
2012-02-11 16:40:00,1.31946,1.31946,1.31946,1.31946,0.0
2012-02-11 16:41:00,1.31946,1.31946,1.31946,1.31946,0.0
2012-02-11 16:42:00,1.31946,1.31946,1.31946,1.31946,0.0
2012-02-11 16:43:00,1.31946,1.31946,1.31946,1.31946,0.0
2012-02-11 16:44:00,1.31946,1.31946,1.31946,1.31946,0.0
2012-02-11 16:45:00,1.31946,1.31946,1.31946,1.31946,0.0
2012-02-11 16:46:00,1.31946,1.31946,1.31946,1.31946,0.0
2012-02-11 16:47:00,1.31946,1.31946,1.31946,1.31946,0.0
2012-02-11 16:48:00,1.31946,1.31946,1.31946,1.31946,0.0
2012-02-11 16:49:00,1.31946,1.31946,1.31946,1.31946,0.0
2012-02-11 16:50:00,1.31946,1.31946,1.31946,1.31946,0.0
2012-02-11 16:51:00,1.31946,1.31946,1.31946,1.31946,0.0
2012-02-11 16:52:00,1.31946,1.31946,1.31946,1.31946,0.0
2012-02-11 16:53:00,1.31946,1.31946,1.31946,1.31946,0.0
2012-02-11 16:54:00,1.31946,1.31946,1.31946,1.31946,0.0
2012-02-11 16:55:00,1.31946,1.31946,1.31946,1.31946,0.0
2012-02-11 16:56:00,1.31946,1.31946,1.31946,1.31946,0.0
2012-02-11 16:57:00,1.31946,1.31946,1.31946,1.31946,0.0
2012-02-11 16:58:00,1.31946,1.31946,1.31946,1.31946,0.0
2012-02-11 16:59:00,1.31946,1.31946,1.31946,1.31946,0.0
2012-02-11 17:00:00,1.31946,1.31946,1.31946,1.31946,0.0
2012-02-11 17:01:00,1.31946,1.31946,1.31946,1.31946,0.0
2012-02-11 17:02:00,1.31946,1.31946,1.31946,1.31946,0.0
2012-02-11 17:03:00,1.31946,1.31946,1.31946,1.31946,0.0
2012-02-11 17:04:00,1.31946,1.31946,1.31946,1.31946,0.0
2012-02-11 17:05:00,1.31946,1.31946,1.31946,1.31946,0.0
2012-02-11 17:06:00,1.31946,1.31946,1.31946,1.31946,0.0
2012-02-11 17:07:00,1.31946,1.31946,1.31946,1.31946,0.0
2012-02-11 17:08:00,1.31946,1.31946,1.31946,1.31946,0.0
2012-02-11 17:09:00,1.31946,1.31946,1.31946,1.31946,0.0
2012-02-11 17:10:00,1.31946,1.31946,1.31946,1.31946,0.0
2012-02-11 17:11:00,1.31946,1.31946,1.31946,1.31946,0.0
2012-02-11 17:12:00,1.31946,1.31946,1.31946,1.31946,0.0
2012-02-11 17:13:00,1.31946,1.31946,1.31946,1.31946,0.0
2012-02-11 17:14:00,1.31946,1.31946,1.31946,1.31946,0.0
2012-02-11 17:15:00,1.31946,1.31946,1.31946,1.31946,0.0
2012-02-11 17:16:00,1.31946,1.31946,1.31946,1.31946,0.0
2012-02-11 17:17:00,1.31946,1.31946,1.31946,1.31946,0.0
2012-02-11 17:18:00,1.31946,1.31946,1.31946,1.31946,0.0
2012-02-11 17:19:00,1.31946,1.31946,1.31946,1.31946,0.0
2012-02-11 17:20:00,1.31946,1.31946,1.31946,1.31946,0.0
2012-02-11 17:21:00,1.31946,1.31946,1.31946,1.31946,0.0
2012-02-11 17:22:00,1.31946,1.31946,1.31946,1.31946,0.0
2012-02-11 17:23:00,1.31946,1.31946,1.31946,1.31946,0.0
2012-02-11 17:24:00,1.31946,1.31946,1.31946,1.31946,0.0
2012-02-11 17:25:00,1.31946,1.31946,1.31946,1.31946,0.0
2012-02-11 17:26:00,1.31946,1.31946,1.31946,1.31946,0.0
2012-02-11 17:27:00,1.31946,1.31946,1.31946,1.31946,0.0
2012-02-11 17:28:00,1.31946,1.31946,1.31946,1.31946,0.0
2012-02-11 17:29:00,1.31946,1.31946,1.31946,1.31946,0.0
2012-02-11 17:30:00,1.31946,1.31946,1.31946,1.31946,0.0
2012-02-11 17:31:00,1.31946,1.31946,1.31946,1.31946,0.0
2012-02-11 17:32:00,1.31946,1.31946,1.31946,1.31946,0.0
2012-02-11 17:33:00,1.31946,1.31946,1.31946,1.31946,0.0
2012-02-11 17:34:00,1.31946,1.31946,1.31946,1.31946,0.0
2012-02-11 17:35:00,1.31946,1.31946,1.31946,1.31946,0.0
2012-02-11 17:36:00,1.31946,1.31946,1.31946,1.31946,0.0
2012-02-11 17:37:00,1.31946,1.31946,1.31946,1.31946,0.0
2012-02-11 17:38:00,1.31946,1.31946,1.31946,1.31946,0.0
2012-02-11 17:39:00,1.31946,1.31946,1.31946,1.31946,0.0
2012-02-11 17:40:00,1.31946,1.31946,1.31946,1.31946,0.0
2012-02-11 17:41:00,1.31946,1.31946,1.31946,1.31946,0.0
2012-02-11 17:42:00,1.31946,1.31946,1.31946,1.31946,0.0
2012-02-11 17:43:00,1.31946,1.31946,1.31946,1.31946,0.0
2012-02-11 17:44:00,1.31946,1.31946,1.31946,1.31946,0.0
2012-02-11 17:45:00,1.31946,1.31946,1.31946,1.31946,0.0
2012-02-11 17:46:00,1.31946,1.31946,1.31946,1.31946,0.0
2012-02-11 17:47:00,1.31946,1.31946,1.31946,1.31946,0.0
2012-02-11 17:48:00,1.31946,1.31946,1.31946,1.31946,0.0
2012-02-11 17:49:00,1.31946,1.31946,1.31946,1.31946,0.0
2012-02-11 17:50:00,1.31946,1.31946,1.31946,1.31946,0.0
2012-02-11 17:51:00,1.31946,1.31946,1.31946,1.31946,0.0
2012-02-11 17:52:00,1.31946,1.31946,1.31946,1.31946,0.0
2012-02-11 17:53:00,1.31946,1.31946,1.31946,1.31946,0.0
2012-02-11 17:54:00,1.31946,1.31946,1.31946,1.31946,0.0
2012-02-11 17:55:00,1.31946,1.31946,1.31946,1.31946,0.0
2012-02-11 17:56:00,1.31946,1.31946,1.31946,1.31946,0.0
2012-02-11 17:57:00,1.31946,1.31946,1.31946,1.31946,0.0
2012-02-11 17:58:00,1.31946,1.31946,1.31946,1.31946,0.0
2012-02-11 17:59:00,1.31946,1.31946,1.31946,1.31946,0.0
2012-02-11 18:00:00,1.31946,1.31946,1.31946,1.31946,0.0
2012-02-11 18:01:00,1.31946,1.31946,1.31946,1.31946,0.0
2012-02-11 18:02:00,1.31946,1.31946,1.31946,1.31946,0.0
2012-02-11 18:03:00,1.31946,1.31946,1.31946,1.31946,0.0
2012-02-11 18:04:00,1.31946,1.31946,1.31946,1.31946,0.0
2012-02-11 18:05:00,1.31946,1.31946,1.31946,1.31946,0.0
2012-02-11 18:06:00,1.31946,1.31946,1.31946,1.31946,0.0
2012-02-11 18:07:00,1.31946,1.31946,1.31946,1.31946,0.0
2012-02-11 18:08:00,1.31946,1.31946,1.31946,1.31946,0.0
2012-02-11 18:09:00,1.31946,1.31946,1.31946,1.31946,0.0
2012-02-11 18:10:00,1.31946,1.31946,1.31946,1.31946,0.0
2012-02-11 18:11:00,1.31946,1.31946,1.31946,1.31946,0.0
2012-02-11 18:12:00,1.31946,1.31946,1.31946,1.31946,0.0
2012-02-11 18:13:00,1.31946,1.31946,1.31946,1.31946,0.0
2012-02-11 18:14:00,1.31946,1.31946,1.31946,1.31946,0.0
2012-02-11 18:15:00,1.31946,1.31946,1.31946,1.31946,0.0
2012-02-11 18:16:00,1.31946,1.31946,1.31946,1.31946,0.0
2012-02-11 18:17:00,1.31946,1.31946,1.31946,1.31946,0.0
2012-02-11 18:18:00,1.31946,1.31946,1.31946,1.31946,0.0
2012-02-11 18:19:00,1.31946,1.31946,1.31946,1.31946,0.0
2012-02-11 18:20:00,1.31946,1.31946,1.31946,1.31946,0.0
2012-02-11 18:21:00,1.31946,1.31946,1.31946,1.31946,0.0
2012-02-11 18:22:00,1.31946,1.31946,1.31946,1.31946,0.0
2012-02-11 18:23:00,1.31946,1.31946,1.31946,1.31946,0.0
2012-02-11 18:24:00,1.31946,1.31946,1.31946,1.31946,0.0
2012-02-11 18:25:00,1.31946,1.31946,1.31946,1.31946,0.0
2012-02-11 18:26:00,1.31946,1.31946,1.31946,1.31946,0.0
2012-02-11 18:27:00,1.31946,1.31946,1.31946,1.31946,0.0
2012-02-11 18:28:00,1.31946,1.31946,1.31946,1.31946,0.0
2012-02-11 18:29:00,1.31946,1.31946,1.31946,1.31946,0.0
2012-02-11 18:30:00,1.31946,1.31946,1.31946,1.31946,0.0
2012-02-11 18:31:00,1.31946,1.31946,1.31946,1.31946,0.0
2012-02-11 18:32:00,1.31946,1.31946,1.31946,1.31946,0.0
2012-02-11 18:33:00,1.31946,1.31946,1.31946,1.31946,0.0
2012-02-11 18:34:00,1.31946,1.31946,1.31946,1.31946,0.0
2012-02-11 18:35:00,1.31946,1.31946,1.31946,1.31946,0.0
2012-02-11 18:36:00,1.31946,1.31946,1.31946,1.31946,0.0
2012-02-11 18:37:00,1.31946,1.31946,1.31946,1.31946,0.0
2012-02-11 18:38:00,1.31946,1.31946,1.31946,1.31946,0.0
2012-02-11 18:39:00,1.31946,1.31946,1.31946,1.31946,0.0
2012-02-11 18:40:00,1.31946,1.31946,1.31946,1.31946,0.0
2012-02-11 18:41:00,1.31946,1.31946,1.31946,1.31946,0.0
2012-02-11 18:42:00,1.31946,1.31946,1.31946,1.31946,0.0
2012-02-11 18:43:00,1.31946,1.31946,1.31946,1.31946,0.0
2012-02-11 18:44:00,1.31946,1.31946,1.31946,1.31946,0.0
2012-02-11 18:45:00,1.31946,1.31946,1.31946,1.31946,0.0
2012-02-11 18:46:00,1.31946,1.31946,1.31946,1.31946,0.0
2012-02-11 18:47:00,1.31946,1.31946,1.31946,1.31946,0.0
2012-02-11 18:48:00,1.31946,1.31946,1.31946,1.31946,0.0
2012-02-11 18:49:00,1.31946,1.31946,1.31946,1.31946,0.0
2012-02-11 18:50:00,1.31946,1.31946,1.31946,1.31946,0.0
2012-02-11 18:51:00,1.31946,1.31946,1.31946,1.31946,0.0
2012-02-11 18:52:00,1.31946,1.31946,1.31946,1.31946,0.0
2012-02-11 18:53:00,1.31946,1.31946,1.31946,1.31946,0.0
2012-02-11 18:54:00,1.31946,1.31946,1.31946,1.31946,0.0
2012-02-11 18:55:00,1.31946,1.31946,1.31946,1.31946,0.0
2012-02-11 18:56:00,1.31946,1.31946,1.31946,1.31946,0.0
2012-02-11 18:57:00,1.31946,1.31946,1.31946,1.31946,0.0
2012-02-11 18:58:00,1.31946,1.31946,1.31946,1.31946,0.0
2012-02-11 18:59:00,1.31946,1.31946,1.31946,1.31946,0.0
2012-02-11 19:00:00,1.31946,1.31946,1.31946,1.31946,0.0
2012-02-11 19:01:00,1.31946,1.31946,1.31946,1.31946,0.0
2012-02-11 19:02:00,1.31946,1.31946,1.31946,1.31946,0.0
2012-02-11 19:03:00,1.31946,1.31946,1.31946,1.31946,0.0
2012-02-11 19:04:00,1.31946,1.31946,1.31946,1.31946,0.0
2012-02-11 19:05:00,1.31946,1.31946,1.31946,1.31946,0.0
2012-02-11 19:06:00,1.31946,1.31946,1.31946,1.31946,0.0
2012-02-11 19:07:00,1.31946,1.31946,1.31946,1.31946,0.0
2012-02-11 19:08:00,1.31946,1.31946,1.31946,1.31946,0.0
2012-02-11 19:09:00,1.31946,1.31946,1.31946,1.31946,0.0
2012-02-11 19:10:00,1.31946,1.31946,1.31946,1.31946,0.0
2012-02-11 19:11:00,1.31946,1.31946,1.31946,1.31946,0.0
2012-02-11 19:12:00,1.31946,1.31946,1.31946,1.31946,0.0
2012-02-11 19:13:00,1.31946,1.31946,1.31946,1.31946,0.0
2012-02-11 19:14:00,1.31946,1.31946,1.31946,1.31946,0.0
2012-02-11 19:15:00,1.31946,1.31946,1.31946,1.31946,0.0
2012-02-11 19:16:00,1.31946,1.31946,1.31946,1.31946,0.0
2012-02-11 19:17:00,1.31946,1.31946,1.31946,1.31946,0.0
2012-02-11 19:18:00,1.31946,1.31946,1.31946,1.31946,0.0
2012-02-11 19:19:00,1.31946,1.31946,1.31946,1.31946,0.0
2012-02-11 19:20:00,1.31946,1.31946,1.31946,1.31946,0.0
2012-02-11 19:21:00,1.31946,1.31946,1.31946,1.31946,0.0
2012-02-11 19:22:00,1.31946,1.31946,1.31946,1.31946,0.0
2012-02-11 19:23:00,1.31946,1.31946,1.31946,1.31946,0.0
2012-02-11 19:24:00,1.31946,1.31946,1.31946,1.31946,0.0
2012-02-11 19:25:00,1.31946,1.31946,1.31946,1.31946,0.0
2012-02-11 19:26:00,1.31946,1.31946,1.31946,1.31946,0.0
2012-02-11 19:27:00,1.31946,1.31946,1.31946,1.31946,0.0
2012-02-11 19:28:00,1.31946,1.31946,1.31946,1.31946,0.0
2012-02-11 19:29:00,1.31946,1.31946,1.31946,1.31946,0.0
2012-02-11 19:30:00,1.31946,1.31946,1.31946,1.31946,0.0
2012-02-11 19:31:00,1.31946,1.31946,1.31946,1.31946,0.0
2012-02-11 19:32:00,1.31946,1.31946,1.31946,1.31946,0.0
2012-02-11 19:33:00,1.31946,1.31946,1.31946,1.31946,0.0
2012-02-11 19:34:00,1.31946,1.31946,1.31946,1.31946,0.0
2012-02-11 19:35:00,1.31946,1.31946,1.31946,1.31946,0.0
2012-02-11 19:36:00,1.31946,1.31946,1.31946,1.31946,0.0
2012-02-11 19:37:00,1.31946,1.31946,1.31946,1.31946,0.0
2012-02-11 19:38:00,1.31946,1.31946,1.31946,1.31946,0.0
2012-02-11 19:39:00,1.31946,1.31946,1.31946,1.31946,0.0
2012-02-11 19:40:00,1.31946,1.31946,1.31946,1.31946,0.0
2012-02-11 19:41:00,1.31946,1.31946,1.31946,1.31946,0.0
2012-02-11 19:42:00,1.31946,1.31946,1.31946,1.31946,0.0
2012-02-11 19:43:00,1.31946,1.31946,1.31946,1.31946,0.0
2012-02-11 19:44:00,1.31946,1.31946,1.31946,1.31946,0.0
2012-02-11 19:45:00,1.31946,1.31946,1.31946,1.31946,0.0
2012-02-11 19:46:00,1.31946,1.31946,1.31946,1.31946,0.0
2012-02-11 19:47:00,1.31946,1.31946,1.31946,1.31946,0.0
2012-02-11 19:48:00,1.31946,1.31946,1.31946,1.31946,0.0
2012-02-11 19:49:00,1.31946,1.31946,1.31946,1.31946,0.0
2012-02-11 19:50:00,1.31946,1.31946,1.31946,1.31946,0.0
2012-02-11 19:51:00,1.31946,1.31946,1.31946,1.31946,0.0
2012-02-11 19:52:00,1.31946,1.31946,1.31946,1.31946,0.0
2012-02-11 19:53:00,1.31946,1.31946,1.31946,1.31946,0.0
2012-02-11 19:54:00,1.31946,1.31946,1.31946,1.31946,0.0
2012-02-11 19:55:00,1.31946,1.31946,1.31946,1.31946,0.0
2012-02-11 19:56:00,1.31946,1.31946,1.31946,1.31946,0.0
2012-02-11 19:57:00,1.31946,1.31946,1.31946,1.31946,0.0
2012-02-11 19:58:00,1.31946,1.31946,1.31946,1.31946,0.0
2012-02-11 19:59:00,1.31946,1.31946,1.31946,1.31946,0.0
2012-02-11 20:00:00,1.31946,1.31946,1.31946,1.31946,0.0
2012-02-11 20:01:00,1.31946,1.31946,1.31946,1.31946,0.0
2012-02-11 20:02:00,1.31946,1.31946,1.31946,1.31946,0.0
2012-02-11 20:03:00,1.31946,1.31946,1.31946,1.31946,0.0
2012-02-11 20:04:00,1.31946,1.31946,1.31946,1.31946,0.0
2012-02-11 20:05:00,1.31946,1.31946,1.31946,1.31946,0.0
2012-02-11 20:06:00,1.31946,1.31946,1.31946,1.31946,0.0
2012-02-11 20:07:00,1.31946,1.31946,1.31946,1.31946,0.0
2012-02-11 20:08:00,1.31946,1.31946,1.31946,1.31946,0.0
2012-02-11 20:09:00,1.31946,1.31946,1.31946,1.31946,0.0
2012-02-11 20:10:00,1.31946,1.31946,1.31946,1.31946,0.0
2012-02-11 20:11:00,1.31946,1.31946,1.31946,1.31946,0.0
2012-02-11 20:12:00,1.31946,1.31946,1.31946,1.31946,0.0
2012-02-11 20:13:00,1.31946,1.31946,1.31946,1.31946,0.0
2012-02-11 20:14:00,1.31946,1.31946,1.31946,1.31946,0.0
2012-02-11 20:15:00,1.31946,1.31946,1.31946,1.31946,0.0
2012-02-11 20:16:00,1.31946,1.31946,1.31946,1.31946,0.0
2012-02-11 20:17:00,1.31946,1.31946,1.31946,1.31946,0.0
2012-02-11 20:18:00,1.31946,1.31946,1.31946,1.31946,0.0
2012-02-11 20:19:00,1.31946,1.31946,1.31946,1.31946,0.0
2012-02-11 20:20:00,1.31946,1.31946,1.31946,1.31946,0.0
2012-02-11 20:21:00,1.31946,1.31946,1.31946,1.31946,0.0
2012-02-11 20:22:00,1.31946,1.31946,1.31946,1.31946,0.0
2012-02-11 20:23:00,1.31946,1.31946,1.31946,1.31946,0.0
2012-02-11 20:24:00,1.31946,1.31946,1.31946,1.31946,0.0
2012-02-11 20:25:00,1.31946,1.31946,1.31946,1.31946,0.0
2012-02-11 20:26:00,1.31946,1.31946,1.31946,1.31946,0.0
2012-02-11 20:27:00,1.31946,1.31946,1.31946,1.31946,0.0
2012-02-11 20:28:00,1.31946,1.31946,1.31946,1.31946,0.0
2012-02-11 20:29:00,1.31946,1.31946,1.31946,1.31946,0.0
2012-02-11 20:30:00,1.31946,1.31946,1.31946,1.31946,0.0
2012-02-11 20:31:00,1.31946,1.31946,1.31946,1.31946,0.0
2012-02-11 20:32:00,1.31946,1.31946,1.31946,1.31946,0.0
2012-02-11 20:33:00,1.31946,1.31946,1.31946,1.31946,0.0
2012-02-11 20:34:00,1.31946,1.31946,1.31946,1.31946,0.0
2012-02-11 20:35:00,1.31946,1.31946,1.31946,1.31946,0.0
2012-02-11 20:36:00,1.31946,1.31946,1.31946,1.31946,0.0
2012-02-11 20:37:00,1.31946,1.31946,1.31946,1.31946,0.0
2012-02-11 20:38:00,1.31946,1.31946,1.31946,1.31946,0.0
2012-02-11 20:39:00,1.31946,1.31946,1.31946,1.31946,0.0
2012-02-11 20:40:00,1.31946,1.31946,1.31946,1.31946,0.0
2012-02-11 20:41:00,1.31946,1.31946,1.31946,1.31946,0.0
2012-02-11 20:42:00,1.31946,1.31946,1.31946,1.31946,0.0
2012-02-11 20:43:00,1.31946,1.31946,1.31946,1.31946,0.0
2012-02-11 20:44:00,1.31946,1.31946,1.31946,1.31946,0.0
2012-02-11 20:45:00,1.31946,1.31946,1.31946,1.31946,0.0
2012-02-11 20:46:00,1.31946,1.31946,1.31946,1.31946,0.0
2012-02-11 20:47:00,1.31946,1.31946,1.31946,1.31946,0.0
2012-02-11 20:48:00,1.31946,1.31946,1.31946,1.31946,0.0
2012-02-11 20:49:00,1.31946,1.31946,1.31946,1.31946,0.0
2012-02-11 20:50:00,1.31946,1.31946,1.31946,1.31946,0.0
2012-02-11 20:51:00,1.31946,1.31946,1.31946,1.31946,0.0
2012-02-11 20:52:00,1.31946,1.31946,1.31946,1.31946,0.0
2012-02-11 20:53:00,1.31946,1.31946,1.31946,1.31946,0.0
2012-02-11 20:54:00,1.31946,1.31946,1.31946,1.31946,0.0
2012-02-11 20:55:00,1.31946,1.31946,1.31946,1.31946,0.0
2012-02-11 20:56:00,1.31946,1.31946,1.31946,1.31946,0.0
2012-02-11 20:57:00,1.31946,1.31946,1.31946,1.31946,0.0
2012-02-11 20:58:00,1.31946,1.31946,1.31946,1.31946,0.0
2012-02-11 20:59:00,1.31946,1.31946,1.31946,1.31946,0.0
2012-02-11 21:00:00,1.31946,1.31946,1.31946,1.31946,0.0
2012-02-11 21:01:00,1.31946,1.31946,1.31946,1.31946,0.0
2012-02-11 21:02:00,1.31946,1.31946,1.31946,1.31946,0.0
2012-02-11 21:03:00,1.31946,1.31946,1.31946,1.31946,0.0
2012-02-11 21:04:00,1.31946,1.31946,1.31946,1.31946,0.0
2012-02-11 21:05:00,1.31946,1.31946,1.31946,1.31946,0.0
2012-02-11 21:06:00,1.31946,1.31946,1.31946,1.31946,0.0
2012-02-11 21:07:00,1.31946,1.31946,1.31946,1.31946,0.0
2012-02-11 21:08:00,1.31946,1.31946,1.31946,1.31946,0.0
2012-02-11 21:09:00,1.31946,1.31946,1.31946,1.31946,0.0
2012-02-11 21:10:00,1.31946,1.31946,1.31946,1.31946,0.0
2012-02-11 21:11:00,1.31946,1.31946,1.31946,1.31946,0.0
2012-02-11 21:12:00,1.31946,1.31946,1.31946,1.31946,0.0
2012-02-11 21:13:00,1.31946,1.31946,1.31946,1.31946,0.0
2012-02-11 21:14:00,1.31946,1.31946,1.31946,1.31946,0.0
2012-02-11 21:15:00,1.31946,1.31946,1.31946,1.31946,0.0
2012-02-11 21:16:00,1.31946,1.31946,1.31946,1.31946,0.0
2012-02-11 21:17:00,1.31946,1.31946,1.31946,1.31946,0.0
2012-02-11 21:18:00,1.31946,1.31946,1.31946,1.31946,0.0
2012-02-11 21:19:00,1.31946,1.31946,1.31946,1.31946,0.0
2012-02-11 21:20:00,1.31946,1.31946,1.31946,1.31946,0.0
2012-02-11 21:21:00,1.31946,1.31946,1.31946,1.31946,0.0
2012-02-11 21:22:00,1.31946,1.31946,1.31946,1.31946,0.0
2012-02-11 21:23:00,1.31946,1.31946,1.31946,1.31946,0.0
2012-02-11 21:24:00,1.31946,1.31946,1.31946,1.31946,0.0
2012-02-11 21:25:00,1.31946,1.31946,1.31946,1.31946,0.0
2012-02-11 21:26:00,1.31946,1.31946,1.31946,1.31946,0.0
2012-02-11 21:27:00,1.31946,1.31946,1.31946,1.31946,0.0
2012-02-11 21:28:00,1.31946,1.31946,1.31946,1.31946,0.0
2012-02-11 21:29:00,1.31946,1.31946,1.31946,1.31946,0.0
2012-02-11 21:30:00,1.31946,1.31946,1.31946,1.31946,0.0
2012-02-11 21:31:00,1.31946,1.31946,1.31946,1.31946,0.0
2012-02-11 21:32:00,1.31946,1.31946,1.31946,1.31946,0.0
2012-02-11 21:33:00,1.31946,1.31946,1.31946,1.31946,0.0
2012-02-11 21:34:00,1.31946,1.31946,1.31946,1.31946,0.0
2012-02-11 21:35:00,1.31946,1.31946,1.31946,1.31946,0.0
2012-02-11 21:36:00,1.31946,1.31946,1.31946,1.31946,0.0
2012-02-11 21:37:00,1.31946,1.31946,1.31946,1.31946,0.0
2012-02-11 21:38:00,1.31946,1.31946,1.31946,1.31946,0.0
2012-02-11 21:39:00,1.31946,1.31946,1.31946,1.31946,0.0
2012-02-11 21:40:00,1.31946,1.31946,1.31946,1.31946,0.0
2012-02-11 21:41:00,1.31946,1.31946,1.31946,1.31946,0.0
2012-02-11 21:42:00,1.31946,1.31946,1.31946,1.31946,0.0
2012-02-11 21:43:00,1.31946,1.31946,1.31946,1.31946,0.0
2012-02-11 21:44:00,1.31946,1.31946,1.31946,1.31946,0.0
2012-02-11 21:45:00,1.31946,1.31946,1.31946,1.31946,0.0
2012-02-11 21:46:00,1.31946,1.31946,1.31946,1.31946,0.0
2012-02-11 21:47:00,1.31946,1.31946,1.31946,1.31946,0.0
2012-02-11 21:48:00,1.31946,1.31946,1.31946,1.31946,0.0
2012-02-11 21:49:00,1.31946,1.31946,1.31946,1.31946,0.0
2012-02-11 21:50:00,1.31946,1.31946,1.31946,1.31946,0.0
2012-02-11 21:51:00,1.31946,1.31946,1.31946,1.31946,0.0
2012-02-11 21:52:00,1.31946,1.31946,1.31946,1.31946,0.0
2012-02-11 21:53:00,1.31946,1.31946,1.31946,1.31946,0.0
2012-02-11 21:54:00,1.31946,1.31946,1.31946,1.31946,0.0
2012-02-11 21:55:00,1.31946,1.31946,1.31946,1.31946,0.0
2012-02-11 21:56:00,1.31946,1.31946,1.31946,1.31946,0.0
2012-02-11 21:57:00,1.31946,1.31946,1.31946,1.31946,0.0
2012-02-11 21:58:00,1.31946,1.31946,1.31946,1.31946,0.0
2012-02-11 21:59:00,1.31946,1.31946,1.31946,1.31946,0.0
2012-02-11 22:00:00,1.31946,1.31946,1.31946,1.31946,0.0
2012-02-11 22:01:00,1.31946,1.31946,1.31946,1.31946,0.0
2012-02-11 22:02:00,1.31946,1.31946,1.31946,1.31946,0.0
2012-02-11 22:03:00,1.31946,1.31946,1.31946,1.31946,0.0
2012-02-11 22:04:00,1.31946,1.31946,1.31946,1.31946,0.0
2012-02-11 22:05:00,1.31946,1.31946,1.31946,1.31946,0.0
2012-02-11 22:06:00,1.31946,1.31946,1.31946,1.31946,0.0
2012-02-11 22:07:00,1.31946,1.31946,1.31946,1.31946,0.0
2012-02-11 22:08:00,1.31946,1.31946,1.31946,1.31946,0.0
2012-02-11 22:09:00,1.31946,1.31946,1.31946,1.31946,0.0
2012-02-11 22:10:00,1.31946,1.31946,1.31946,1.31946,0.0
2012-02-11 22:11:00,1.31946,1.31946,1.31946,1.31946,0.0
2012-02-11 22:12:00,1.31946,1.31946,1.31946,1.31946,0.0
2012-02-11 22:13:00,1.31946,1.31946,1.31946,1.31946,0.0
2012-02-11 22:14:00,1.31946,1.31946,1.31946,1.31946,0.0
2012-02-11 22:15:00,1.31946,1.31946,1.31946,1.31946,0.0
2012-02-11 22:16:00,1.31946,1.31946,1.31946,1.31946,0.0
2012-02-11 22:17:00,1.31946,1.31946,1.31946,1.31946,0.0
2012-02-11 22:18:00,1.31946,1.31946,1.31946,1.31946,0.0
2012-02-11 22:19:00,1.31946,1.31946,1.31946,1.31946,0.0
2012-02-11 22:20:00,1.31946,1.31946,1.31946,1.31946,0.0
2012-02-11 22:21:00,1.31946,1.31946,1.31946,1.31946,0.0
2012-02-11 22:22:00,1.31946,1.31946,1.31946,1.31946,0.0
2012-02-11 22:23:00,1.31946,1.31946,1.31946,1.31946,0.0
2012-02-11 22:24:00,1.31946,1.31946,1.31946,1.31946,0.0
2012-02-11 22:25:00,1.31946,1.31946,1.31946,1.31946,0.0
2012-02-11 22:26:00,1.31946,1.31946,1.31946,1.31946,0.0
2012-02-11 22:27:00,1.31946,1.31946,1.31946,1.31946,0.0
2012-02-11 22:28:00,1.31946,1.31946,1.31946,1.31946,0.0
2012-02-11 22:29:00,1.31946,1.31946,1.31946,1.31946,0.0
2012-02-11 22:30:00,1.31946,1.31946,1.31946,1.31946,0.0
2012-02-11 22:31:00,1.31946,1.31946,1.31946,1.31946,0.0
2012-02-11 22:32:00,1.31946,1.31946,1.31946,1.31946,0.0
2012-02-11 22:33:00,1.31946,1.31946,1.31946,1.31946,0.0
2012-02-11 22:34:00,1.31946,1.31946,1.31946,1.31946,0.0
2012-02-11 22:35:00,1.31946,1.31946,1.31946,1.31946,0.0
2012-02-11 22:36:00,1.31946,1.31946,1.31946,1.31946,0.0
2012-02-11 22:37:00,1.31946,1.31946,1.31946,1.31946,0.0
2012-02-11 22:38:00,1.31946,1.31946,1.31946,1.31946,0.0
2012-02-11 22:39:00,1.31946,1.31946,1.31946,1.31946,0.0
2012-02-11 22:40:00,1.31946,1.31946,1.31946,1.31946,0.0
2012-02-11 22:41:00,1.31946,1.31946,1.31946,1.31946,0.0
2012-02-11 22:42:00,1.31946,1.31946,1.31946,1.31946,0.0
2012-02-11 22:43:00,1.31946,1.31946,1.31946,1.31946,0.0
2012-02-11 22:44:00,1.31946,1.31946,1.31946,1.31946,0.0
2012-02-11 22:45:00,1.31946,1.31946,1.31946,1.31946,0.0
2012-02-11 22:46:00,1.31946,1.31946,1.31946,1.31946,0.0
2012-02-11 22:47:00,1.31946,1.31946,1.31946,1.31946,0.0
2012-02-11 22:48:00,1.31946,1.31946,1.31946,1.31946,0.0
2012-02-11 22:49:00,1.31946,1.31946,1.31946,1.31946,0.0
2012-02-11 22:50:00,1.31946,1.31946,1.31946,1.31946,0.0
2012-02-11 22:51:00,1.31946,1.31946,1.31946,1.31946,0.0
2012-02-11 22:52:00,1.31946,1.31946,1.31946,1.31946,0.0
2012-02-11 22:53:00,1.31946,1.31946,1.31946,1.31946,0.0
2012-02-11 22:54:00,1.31946,1.31946,1.31946,1.31946,0.0
2012-02-11 22:55:00,1.31946,1.31946,1.31946,1.31946,0.0
2012-02-11 22:56:00,1.31946,1.31946,1.31946,1.31946,0.0
2012-02-11 22:57:00,1.31946,1.31946,1.31946,1.31946,0.0
2012-02-11 22:58:00,1.31946,1.31946,1.31946,1.31946,0.0
2012-02-11 22:59:00,1.31946,1.31946,1.31946,1.31946,0.0
2012-02-11 23:00:00,1.31946,1.31946,1.31946,1.31946,0.0
2012-02-11 23:01:00,1.31946,1.31946,1.31946,1.31946,0.0
2012-02-11 23:02:00,1.31946,1.31946,1.31946,1.31946,0.0
2012-02-11 23:03:00,1.31946,1.31946,1.31946,1.31946,0.0
2012-02-11 23:04:00,1.31946,1.31946,1.31946,1.31946,0.0
2012-02-11 23:05:00,1.31946,1.31946,1.31946,1.31946,0.0
2012-02-11 23:06:00,1.31946,1.31946,1.31946,1.31946,0.0
2012-02-11 23:07:00,1.31946,1.31946,1.31946,1.31946,0.0
2012-02-11 23:08:00,1.31946,1.31946,1.31946,1.31946,0.0
2012-02-11 23:09:00,1.31946,1.31946,1.31946,1.31946,0.0
2012-02-11 23:10:00,1.31946,1.31946,1.31946,1.31946,0.0
2012-02-11 23:11:00,1.31946,1.31946,1.31946,1.31946,0.0
2012-02-11 23:12:00,1.31946,1.31946,1.31946,1.31946,0.0
2012-02-11 23:13:00,1.31946,1.31946,1.31946,1.31946,0.0
2012-02-11 23:14:00,1.31946,1.31946,1.31946,1.31946,0.0
2012-02-11 23:15:00,1.31946,1.31946,1.31946,1.31946,0.0
2012-02-11 23:16:00,1.31946,1.31946,1.31946,1.31946,0.0
2012-02-11 23:17:00,1.31946,1.31946,1.31946,1.31946,0.0
2012-02-11 23:18:00,1.31946,1.31946,1.31946,1.31946,0.0
2012-02-11 23:19:00,1.31946,1.31946,1.31946,1.31946,0.0
2012-02-11 23:20:00,1.31946,1.31946,1.31946,1.31946,0.0
2012-02-11 23:21:00,1.31946,1.31946,1.31946,1.31946,0.0
2012-02-11 23:22:00,1.31946,1.31946,1.31946,1.31946,0.0
2012-02-11 23:23:00,1.31946,1.31946,1.31946,1.31946,0.0
2012-02-11 23:24:00,1.31946,1.31946,1.31946,1.31946,0.0
2012-02-11 23:25:00,1.31946,1.31946,1.31946,1.31946,0.0
2012-02-11 23:26:00,1.31946,1.31946,1.31946,1.31946,0.0
2012-02-11 23:27:00,1.31946,1.31946,1.31946,1.31946,0.0
2012-02-11 23:28:00,1.31946,1.31946,1.31946,1.31946,0.0
2012-02-11 23:29:00,1.31946,1.31946,1.31946,1.31946,0.0
2012-02-11 23:30:00,1.31946,1.31946,1.31946,1.31946,0.0
2012-02-11 23:31:00,1.31946,1.31946,1.31946,1.31946,0.0
2012-02-11 23:32:00,1.31946,1.31946,1.31946,1.31946,0.0
2012-02-11 23:33:00,1.31946,1.31946,1.31946,1.31946,0.0
2012-02-11 23:34:00,1.31946,1.31946,1.31946,1.31946,0.0
2012-02-11 23:35:00,1.31946,1.31946,1.31946,1.31946,0.0
2012-02-11 23:36:00,1.31946,1.31946,1.31946,1.31946,0.0
2012-02-11 23:37:00,1.31946,1.31946,1.31946,1.31946,0.0
2012-02-11 23:38:00,1.31946,1.31946,1.31946,1.31946,0.0
2012-02-11 23:39:00,1.31946,1.31946,1.31946,1.31946,0.0
2012-02-11 23:40:00,1.31946,1.31946,1.31946,1.31946,0.0
2012-02-11 23:41:00,1.31946,1.31946,1.31946,1.31946,0.0
2012-02-11 23:42:00,1.31946,1.31946,1.31946,1.31946,0.0
2012-02-11 23:43:00,1.31946,1.31946,1.31946,1.31946,0.0
2012-02-11 23:44:00,1.31946,1.31946,1.31946,1.31946,0.0
2012-02-11 23:45:00,1.31946,1.31946,1.31946,1.31946,0.0
2012-02-11 23:46:00,1.31946,1.31946,1.31946,1.31946,0.0
2012-02-11 23:47:00,1.31946,1.31946,1.31946,1.31946,0.0
2012-02-11 23:48:00,1.31946,1.31946,1.31946,1.31946,0.0
2012-02-11 23:49:00,1.31946,1.31946,1.31946,1.31946,0.0
2012-02-11 23:50:00,1.31946,1.31946,1.31946,1.31946,0.0
2012-02-11 23:51:00,1.31946,1.31946,1.31946,1.31946,0.0
2012-02-11 23:52:00,1.31946,1.31946,1.31946,1.31946,0.0
2012-02-11 23:53:00,1.31946,1.31946,1.31946,1.31946,0.0
2012-02-11 23:54:00,1.31946,1.31946,1.31946,1.31946,0.0
2012-02-11 23:55:00,1.31946,1.31946,1.31946,1.31946,0.0
2012-02-11 23:56:00,1.31946,1.31946,1.31946,1.31946,0.0
2012-02-11 23:57:00,1.31946,1.31946,1.31946,1.31946,0.0
2012-02-11 23:58:00,1.31946,1.31946,1.31946,1.31946,0.0
2012-02-11 23:59:00,1.31946,1.31946,1.31946,1.31946,0.0
2012-02-12 00:00:00,1.31946,1.31946,1.31946,1.31946,0.0
2012-02-12 00:01:00,1.31946,1.31946,1.31946,1.31946,0.0
2012-02-12 00:02:00,1.31946,1.31946,1.31946,1.31946,0.0
2012-02-12 00:03:00,1.31946,1.31946,1.31946,1.31946,0.0
2012-02-12 00:04:00,1.31946,1.31946,1.31946,1.31946,0.0
2012-02-12 00:05:00,1.31946,1.31946,1.31946,1.31946,0.0
2012-02-12 00:06:00,1.31946,1.31946,1.31946,1.31946,0.0
2012-02-12 00:07:00,1.31946,1.31946,1.31946,1.31946,0.0
2012-02-12 00:08:00,1.31946,1.31946,1.31946,1.31946,0.0
2012-02-12 00:09:00,1.31946,1.31946,1.31946,1.31946,0.0
2012-02-12 00:10:00,1.31946,1.31946,1.31946,1.31946,0.0
2012-02-12 00:11:00,1.31946,1.31946,1.31946,1.31946,0.0
2012-02-12 00:12:00,1.31946,1.31946,1.31946,1.31946,0.0
2012-02-12 00:13:00,1.31946,1.31946,1.31946,1.31946,0.0
2012-02-12 00:14:00,1.31946,1.31946,1.31946,1.31946,0.0
2012-02-12 00:15:00,1.31946,1.31946,1.31946,1.31946,0.0
2012-02-12 00:16:00,1.31946,1.31946,1.31946,1.31946,0.0
2012-02-12 00:17:00,1.31946,1.31946,1.31946,1.31946,0.0
2012-02-12 00:18:00,1.31946,1.31946,1.31946,1.31946,0.0
2012-02-12 00:19:00,1.31946,1.31946,1.31946,1.31946,0.0
2012-02-12 00:20:00,1.31946,1.31946,1.31946,1.31946,0.0
2012-02-12 00:21:00,1.31946,1.31946,1.31946,1.31946,0.0
2012-02-12 00:22:00,1.31946,1.31946,1.31946,1.31946,0.0
2012-02-12 00:23:00,1.31946,1.31946,1.31946,1.31946,0.0
2012-02-12 00:24:00,1.31946,1.31946,1.31946,1.31946,0.0
2012-02-12 00:25:00,1.31946,1.31946,1.31946,1.31946,0.0
2012-02-12 00:26:00,1.31946,1.31946,1.31946,1.31946,0.0
2012-02-12 00:27:00,1.31946,1.31946,1.31946,1.31946,0.0
2012-02-12 00:28:00,1.31946,1.31946,1.31946,1.31946,0.0
2012-02-12 00:29:00,1.31946,1.31946,1.31946,1.31946,0.0
2012-02-12 00:30:00,1.31946,1.31946,1.31946,1.31946,0.0
2012-02-12 00:31:00,1.31946,1.31946,1.31946,1.31946,0.0
2012-02-12 00:32:00,1.31946,1.31946,1.31946,1.31946,0.0
2012-02-12 00:33:00,1.31946,1.31946,1.31946,1.31946,0.0
2012-02-12 00:34:00,1.31946,1.31946,1.31946,1.31946,0.0
2012-02-12 00:35:00,1.31946,1.31946,1.31946,1.31946,0.0
2012-02-12 00:36:00,1.31946,1.31946,1.31946,1.31946,0.0
2012-02-12 00:37:00,1.31946,1.31946,1.31946,1.31946,0.0
2012-02-12 00:38:00,1.31946,1.31946,1.31946,1.31946,0.0
2012-02-12 00:39:00,1.31946,1.31946,1.31946,1.31946,0.0
2012-02-12 00:40:00,1.31946,1.31946,1.31946,1.31946,0.0
2012-02-12 00:41:00,1.31946,1.31946,1.31946,1.31946,0.0
2012-02-12 00:42:00,1.31946,1.31946,1.31946,1.31946,0.0
2012-02-12 00:43:00,1.31946,1.31946,1.31946,1.31946,0.0
2012-02-12 00:44:00,1.31946,1.31946,1.31946,1.31946,0.0
2012-02-12 00:45:00,1.31946,1.31946,1.31946,1.31946,0.0
2012-02-12 00:46:00,1.31946,1.31946,1.31946,1.31946,0.0
2012-02-12 00:47:00,1.31946,1.31946,1.31946,1.31946,0.0
2012-02-12 00:48:00,1.31946,1.31946,1.31946,1.31946,0.0
2012-02-12 00:49:00,1.31946,1.31946,1.31946,1.31946,0.0
2012-02-12 00:50:00,1.31946,1.31946,1.31946,1.31946,0.0
2012-02-12 00:51:00,1.31946,1.31946,1.31946,1.31946,0.0
2012-02-12 00:52:00,1.31946,1.31946,1.31946,1.31946,0.0
2012-02-12 00:53:00,1.31946,1.31946,1.31946,1.31946,0.0
2012-02-12 00:54:00,1.31946,1.31946,1.31946,1.31946,0.0
2012-02-12 00:55:00,1.31946,1.31946,1.31946,1.31946,0.0
2012-02-12 00:56:00,1.31946,1.31946,1.31946,1.31946,0.0
2012-02-12 00:57:00,1.31946,1.31946,1.31946,1.31946,0.0
2012-02-12 00:58:00,1.31946,1.31946,1.31946,1.31946,0.0
2012-02-12 00:59:00,1.31946,1.31946,1.31946,1.31946,0.0
2012-02-12 01:00:00,1.31946,1.31946,1.31946,1.31946,0.0
2012-02-12 01:01:00,1.31946,1.31946,1.31946,1.31946,0.0
2012-02-12 01:02:00,1.31946,1.31946,1.31946,1.31946,0.0
2012-02-12 01:03:00,1.31946,1.31946,1.31946,1.31946,0.0
2012-02-12 01:04:00,1.31946,1.31946,1.31946,1.31946,0.0
2012-02-12 01:05:00,1.31946,1.31946,1.31946,1.31946,0.0
2012-02-12 01:06:00,1.31946,1.31946,1.31946,1.31946,0.0
2012-02-12 01:07:00,1.31946,1.31946,1.31946,1.31946,0.0
2012-02-12 01:08:00,1.31946,1.31946,1.31946,1.31946,0.0
2012-02-12 01:09:00,1.31946,1.31946,1.31946,1.31946,0.0
2012-02-12 01:10:00,1.31946,1.31946,1.31946,1.31946,0.0
2012-02-12 01:11:00,1.31946,1.31946,1.31946,1.31946,0.0
2012-02-12 01:12:00,1.31946,1.31946,1.31946,1.31946,0.0
2012-02-12 01:13:00,1.31946,1.31946,1.31946,1.31946,0.0
2012-02-12 01:14:00,1.31946,1.31946,1.31946,1.31946,0.0
2012-02-12 01:15:00,1.31946,1.31946,1.31946,1.31946,0.0
2012-02-12 01:16:00,1.31946,1.31946,1.31946,1.31946,0.0
2012-02-12 01:17:00,1.31946,1.31946,1.31946,1.31946,0.0
2012-02-12 01:18:00,1.31946,1.31946,1.31946,1.31946,0.0
2012-02-12 01:19:00,1.31946,1.31946,1.31946,1.31946,0.0
2012-02-12 01:20:00,1.31946,1.31946,1.31946,1.31946,0.0
2012-02-12 01:21:00,1.31946,1.31946,1.31946,1.31946,0.0
2012-02-12 01:22:00,1.31946,1.31946,1.31946,1.31946,0.0
2012-02-12 01:23:00,1.31946,1.31946,1.31946,1.31946,0.0
2012-02-12 01:24:00,1.31946,1.31946,1.31946,1.31946,0.0
2012-02-12 01:25:00,1.31946,1.31946,1.31946,1.31946,0.0
2012-02-12 01:26:00,1.31946,1.31946,1.31946,1.31946,0.0
2012-02-12 01:27:00,1.31946,1.31946,1.31946,1.31946,0.0
2012-02-12 01:28:00,1.31946,1.31946,1.31946,1.31946,0.0
2012-02-12 01:29:00,1.31946,1.31946,1.31946,1.31946,0.0
2012-02-12 01:30:00,1.31946,1.31946,1.31946,1.31946,0.0
2012-02-12 01:31:00,1.31946,1.31946,1.31946,1.31946,0.0
2012-02-12 01:32:00,1.31946,1.31946,1.31946,1.31946,0.0
2012-02-12 01:33:00,1.31946,1.31946,1.31946,1.31946,0.0
2012-02-12 01:34:00,1.31946,1.31946,1.31946,1.31946,0.0
2012-02-12 01:35:00,1.31946,1.31946,1.31946,1.31946,0.0
2012-02-12 01:36:00,1.31946,1.31946,1.31946,1.31946,0.0
2012-02-12 01:37:00,1.31946,1.31946,1.31946,1.31946,0.0
2012-02-12 01:38:00,1.31946,1.31946,1.31946,1.31946,0.0
2012-02-12 01:39:00,1.31946,1.31946,1.31946,1.31946,0.0
2012-02-12 01:40:00,1.31946,1.31946,1.31946,1.31946,0.0
2012-02-12 01:41:00,1.31946,1.31946,1.31946,1.31946,0.0
2012-02-12 01:42:00,1.31946,1.31946,1.31946,1.31946,0.0
2012-02-12 01:43:00,1.31946,1.31946,1.31946,1.31946,0.0
2012-02-12 01:44:00,1.31946,1.31946,1.31946,1.31946,0.0
2012-02-12 01:45:00,1.31946,1.31946,1.31946,1.31946,0.0
2012-02-12 01:46:00,1.31946,1.31946,1.31946,1.31946,0.0
2012-02-12 01:47:00,1.31946,1.31946,1.31946,1.31946,0.0
2012-02-12 01:48:00,1.31946,1.31946,1.31946,1.31946,0.0
2012-02-12 01:49:00,1.31946,1.31946,1.31946,1.31946,0.0
2012-02-12 01:50:00,1.31946,1.31946,1.31946,1.31946,0.0
2012-02-12 01:51:00,1.31946,1.31946,1.31946,1.31946,0.0
2012-02-12 01:52:00,1.31946,1.31946,1.31946,1.31946,0.0
2012-02-12 01:53:00,1.31946,1.31946,1.31946,1.31946,0.0
2012-02-12 01:54:00,1.31946,1.31946,1.31946,1.31946,0.0
2012-02-12 01:55:00,1.31946,1.31946,1.31946,1.31946,0.0
2012-02-12 01:56:00,1.31946,1.31946,1.31946,1.31946,0.0
2012-02-12 01:57:00,1.31946,1.31946,1.31946,1.31946,0.0
2012-02-12 01:58:00,1.31946,1.31946,1.31946,1.31946,0.0
2012-02-12 01:59:00,1.31946,1.31946,1.31946,1.31946,0.0
2012-02-12 02:00:00,1.31946,1.31946,1.31946,1.31946,0.0
2012-02-12 02:01:00,1.31946,1.31946,1.31946,1.31946,0.0
2012-02-12 02:02:00,1.31946,1.31946,1.31946,1.31946,0.0
2012-02-12 02:03:00,1.31946,1.31946,1.31946,1.31946,0.0
2012-02-12 02:04:00,1.31946,1.31946,1.31946,1.31946,0.0
2012-02-12 02:05:00,1.31946,1.31946,1.31946,1.31946,0.0
2012-02-12 02:06:00,1.31946,1.31946,1.31946,1.31946,0.0
2012-02-12 02:07:00,1.31946,1.31946,1.31946,1.31946,0.0
2012-02-12 02:08:00,1.31946,1.31946,1.31946,1.31946,0.0
2012-02-12 02:09:00,1.31946,1.31946,1.31946,1.31946,0.0
2012-02-12 02:10:00,1.31946,1.31946,1.31946,1.31946,0.0
2012-02-12 02:11:00,1.31946,1.31946,1.31946,1.31946,0.0
2012-02-12 02:12:00,1.31946,1.31946,1.31946,1.31946,0.0
2012-02-12 02:13:00,1.31946,1.31946,1.31946,1.31946,0.0
2012-02-12 02:14:00,1.31946,1.31946,1.31946,1.31946,0.0
2012-02-12 02:15:00,1.31946,1.31946,1.31946,1.31946,0.0
2012-02-12 02:16:00,1.31946,1.31946,1.31946,1.31946,0.0
2012-02-12 02:17:00,1.31946,1.31946,1.31946,1.31946,0.0
2012-02-12 02:18:00,1.31946,1.31946,1.31946,1.31946,0.0
2012-02-12 02:19:00,1.31946,1.31946,1.31946,1.31946,0.0
2012-02-12 02:20:00,1.31946,1.31946,1.31946,1.31946,0.0
2012-02-12 02:21:00,1.31946,1.31946,1.31946,1.31946,0.0
2012-02-12 02:22:00,1.31946,1.31946,1.31946,1.31946,0.0
2012-02-12 02:23:00,1.31946,1.31946,1.31946,1.31946,0.0
2012-02-12 02:24:00,1.31946,1.31946,1.31946,1.31946,0.0
2012-02-12 02:25:00,1.31946,1.31946,1.31946,1.31946,0.0
2012-02-12 02:26:00,1.31946,1.31946,1.31946,1.31946,0.0
2012-02-12 02:27:00,1.31946,1.31946,1.31946,1.31946,0.0
2012-02-12 02:28:00,1.31946,1.31946,1.31946,1.31946,0.0
2012-02-12 02:29:00,1.31946,1.31946,1.31946,1.31946,0.0
2012-02-12 02:30:00,1.31946,1.31946,1.31946,1.31946,0.0
2012-02-12 02:31:00,1.31946,1.31946,1.31946,1.31946,0.0
2012-02-12 02:32:00,1.31946,1.31946,1.31946,1.31946,0.0
2012-02-12 02:33:00,1.31946,1.31946,1.31946,1.31946,0.0
2012-02-12 02:34:00,1.31946,1.31946,1.31946,1.31946,0.0
2012-02-12 02:35:00,1.31946,1.31946,1.31946,1.31946,0.0
2012-02-12 02:36:00,1.31946,1.31946,1.31946,1.31946,0.0
2012-02-12 02:37:00,1.31946,1.31946,1.31946,1.31946,0.0
2012-02-12 02:38:00,1.31946,1.31946,1.31946,1.31946,0.0
2012-02-12 02:39:00,1.31946,1.31946,1.31946,1.31946,0.0
2012-02-12 02:40:00,1.31946,1.31946,1.31946,1.31946,0.0
2012-02-12 02:41:00,1.31946,1.31946,1.31946,1.31946,0.0
2012-02-12 02:42:00,1.31946,1.31946,1.31946,1.31946,0.0
2012-02-12 02:43:00,1.31946,1.31946,1.31946,1.31946,0.0
2012-02-12 02:44:00,1.31946,1.31946,1.31946,1.31946,0.0
2012-02-12 02:45:00,1.31946,1.31946,1.31946,1.31946,0.0
2012-02-12 02:46:00,1.31946,1.31946,1.31946,1.31946,0.0
2012-02-12 02:47:00,1.31946,1.31946,1.31946,1.31946,0.0
2012-02-12 02:48:00,1.31946,1.31946,1.31946,1.31946,0.0
2012-02-12 02:49:00,1.31946,1.31946,1.31946,1.31946,0.0
2012-02-12 02:50:00,1.31946,1.31946,1.31946,1.31946,0.0
2012-02-12 02:51:00,1.31946,1.31946,1.31946,1.31946,0.0
2012-02-12 02:52:00,1.31946,1.31946,1.31946,1.31946,0.0
2012-02-12 02:53:00,1.31946,1.31946,1.31946,1.31946,0.0
2012-02-12 02:54:00,1.31946,1.31946,1.31946,1.31946,0.0
2012-02-12 02:55:00,1.31946,1.31946,1.31946,1.31946,0.0
2012-02-12 02:56:00,1.31946,1.31946,1.31946,1.31946,0.0
2012-02-12 02:57:00,1.31946,1.31946,1.31946,1.31946,0.0
2012-02-12 02:58:00,1.31946,1.31946,1.31946,1.31946,0.0
2012-02-12 02:59:00,1.31946,1.31946,1.31946,1.31946,0.0
2012-02-12 03:00:00,1.31946,1.31946,1.31946,1.31946,0.0
2012-02-12 03:01:00,1.31946,1.31946,1.31946,1.31946,0.0
2012-02-12 03:02:00,1.31946,1.31946,1.31946,1.31946,0.0
2012-02-12 03:03:00,1.31946,1.31946,1.31946,1.31946,0.0
2012-02-12 03:04:00,1.31946,1.31946,1.31946,1.31946,0.0
2012-02-12 03:05:00,1.31946,1.31946,1.31946,1.31946,0.0
2012-02-12 03:06:00,1.31946,1.31946,1.31946,1.31946,0.0
2012-02-12 03:07:00,1.31946,1.31946,1.31946,1.31946,0.0
2012-02-12 03:08:00,1.31946,1.31946,1.31946,1.31946,0.0
2012-02-12 03:09:00,1.31946,1.31946,1.31946,1.31946,0.0
2012-02-12 03:10:00,1.31946,1.31946,1.31946,1.31946,0.0
2012-02-12 03:11:00,1.31946,1.31946,1.31946,1.31946,0.0
2012-02-12 03:12:00,1.31946,1.31946,1.31946,1.31946,0.0
2012-02-12 03:13:00,1.31946,1.31946,1.31946,1.31946,0.0
2012-02-12 03:14:00,1.31946,1.31946,1.31946,1.31946,0.0
2012-02-12 03:15:00,1.31946,1.31946,1.31946,1.31946,0.0
2012-02-12 03:16:00,1.31946,1.31946,1.31946,1.31946,0.0
2012-02-12 03:17:00,1.31946,1.31946,1.31946,1.31946,0.0
2012-02-12 03:18:00,1.31946,1.31946,1.31946,1.31946,0.0
2012-02-12 03:19:00,1.31946,1.31946,1.31946,1.31946,0.0
2012-02-12 03:20:00,1.31946,1.31946,1.31946,1.31946,0.0
2012-02-12 03:21:00,1.31946,1.31946,1.31946,1.31946,0.0
2012-02-12 03:22:00,1.31946,1.31946,1.31946,1.31946,0.0
2012-02-12 03:23:00,1.31946,1.31946,1.31946,1.31946,0.0
2012-02-12 03:24:00,1.31946,1.31946,1.31946,1.31946,0.0
2012-02-12 03:25:00,1.31946,1.31946,1.31946,1.31946,0.0
2012-02-12 03:26:00,1.31946,1.31946,1.31946,1.31946,0.0
2012-02-12 03:27:00,1.31946,1.31946,1.31946,1.31946,0.0
2012-02-12 03:28:00,1.31946,1.31946,1.31946,1.31946,0.0
2012-02-12 03:29:00,1.31946,1.31946,1.31946,1.31946,0.0
2012-02-12 03:30:00,1.31946,1.31946,1.31946,1.31946,0.0
2012-02-12 03:31:00,1.31946,1.31946,1.31946,1.31946,0.0
2012-02-12 03:32:00,1.31946,1.31946,1.31946,1.31946,0.0
2012-02-12 03:33:00,1.31946,1.31946,1.31946,1.31946,0.0
2012-02-12 03:34:00,1.31946,1.31946,1.31946,1.31946,0.0
2012-02-12 03:35:00,1.31946,1.31946,1.31946,1.31946,0.0
2012-02-12 03:36:00,1.31946,1.31946,1.31946,1.31946,0.0
2012-02-12 03:37:00,1.31946,1.31946,1.31946,1.31946,0.0
2012-02-12 03:38:00,1.31946,1.31946,1.31946,1.31946,0.0
2012-02-12 03:39:00,1.31946,1.31946,1.31946,1.31946,0.0
2012-02-12 03:40:00,1.31946,1.31946,1.31946,1.31946,0.0
2012-02-12 03:41:00,1.31946,1.31946,1.31946,1.31946,0.0
2012-02-12 03:42:00,1.31946,1.31946,1.31946,1.31946,0.0
2012-02-12 03:43:00,1.31946,1.31946,1.31946,1.31946,0.0
2012-02-12 03:44:00,1.31946,1.31946,1.31946,1.31946,0.0
2012-02-12 03:45:00,1.31946,1.31946,1.31946,1.31946,0.0
2012-02-12 03:46:00,1.31946,1.31946,1.31946,1.31946,0.0
2012-02-12 03:47:00,1.31946,1.31946,1.31946,1.31946,0.0
2012-02-12 03:48:00,1.31946,1.31946,1.31946,1.31946,0.0
2012-02-12 03:49:00,1.31946,1.31946,1.31946,1.31946,0.0
2012-02-12 03:50:00,1.31946,1.31946,1.31946,1.31946,0.0
2012-02-12 03:51:00,1.31946,1.31946,1.31946,1.31946,0.0
2012-02-12 03:52:00,1.31946,1.31946,1.31946,1.31946,0.0
2012-02-12 03:53:00,1.31946,1.31946,1.31946,1.31946,0.0
2012-02-12 03:54:00,1.31946,1.31946,1.31946,1.31946,0.0
2012-02-12 03:55:00,1.31946,1.31946,1.31946,1.31946,0.0
2012-02-12 03:56:00,1.31946,1.31946,1.31946,1.31946,0.0
2012-02-12 03:57:00,1.31946,1.31946,1.31946,1.31946,0.0
2012-02-12 03:58:00,1.31946,1.31946,1.31946,1.31946,0.0
2012-02-12 03:59:00,1.31946,1.31946,1.31946,1.31946,0.0
2012-02-12 04:00:00,1.31946,1.31946,1.31946,1.31946,0.0
2012-02-12 04:01:00,1.31946,1.31946,1.31946,1.31946,0.0
2012-02-12 04:02:00,1.31946,1.31946,1.31946,1.31946,0.0
2012-02-12 04:03:00,1.31946,1.31946,1.31946,1.31946,0.0
2012-02-12 04:04:00,1.31946,1.31946,1.31946,1.31946,0.0
2012-02-12 04:05:00,1.31946,1.31946,1.31946,1.31946,0.0
2012-02-12 04:06:00,1.31946,1.31946,1.31946,1.31946,0.0
2012-02-12 04:07:00,1.31946,1.31946,1.31946,1.31946,0.0
2012-02-12 04:08:00,1.31946,1.31946,1.31946,1.31946,0.0
2012-02-12 04:09:00,1.31946,1.31946,1.31946,1.31946,0.0
2012-02-12 04:10:00,1.31946,1.31946,1.31946,1.31946,0.0
2012-02-12 04:11:00,1.31946,1.31946,1.31946,1.31946,0.0
2012-02-12 04:12:00,1.31946,1.31946,1.31946,1.31946,0.0
2012-02-12 04:13:00,1.31946,1.31946,1.31946,1.31946,0.0
2012-02-12 04:14:00,1.31946,1.31946,1.31946,1.31946,0.0
2012-02-12 04:15:00,1.31946,1.31946,1.31946,1.31946,0.0
2012-02-12 04:16:00,1.31946,1.31946,1.31946,1.31946,0.0
2012-02-12 04:17:00,1.31946,1.31946,1.31946,1.31946,0.0
2012-02-12 04:18:00,1.31946,1.31946,1.31946,1.31946,0.0
2012-02-12 04:19:00,1.31946,1.31946,1.31946,1.31946,0.0
2012-02-12 04:20:00,1.31946,1.31946,1.31946,1.31946,0.0
2012-02-12 04:21:00,1.31946,1.31946,1.31946,1.31946,0.0
2012-02-12 04:22:00,1.31946,1.31946,1.31946,1.31946,0.0
2012-02-12 04:23:00,1.31946,1.31946,1.31946,1.31946,0.0
2012-02-12 04:24:00,1.31946,1.31946,1.31946,1.31946,0.0
2012-02-12 04:25:00,1.31946,1.31946,1.31946,1.31946,0.0
2012-02-12 04:26:00,1.31946,1.31946,1.31946,1.31946,0.0
2012-02-12 04:27:00,1.31946,1.31946,1.31946,1.31946,0.0
2012-02-12 04:28:00,1.31946,1.31946,1.31946,1.31946,0.0
2012-02-12 04:29:00,1.31946,1.31946,1.31946,1.31946,0.0
2012-02-12 04:30:00,1.31946,1.31946,1.31946,1.31946,0.0
2012-02-12 04:31:00,1.31946,1.31946,1.31946,1.31946,0.0
2012-02-12 04:32:00,1.31946,1.31946,1.31946,1.31946,0.0
2012-02-12 04:33:00,1.31946,1.31946,1.31946,1.31946,0.0
2012-02-12 04:34:00,1.31946,1.31946,1.31946,1.31946,0.0
2012-02-12 04:35:00,1.31946,1.31946,1.31946,1.31946,0.0
2012-02-12 04:36:00,1.31946,1.31946,1.31946,1.31946,0.0
2012-02-12 04:37:00,1.31946,1.31946,1.31946,1.31946,0.0
2012-02-12 04:38:00,1.31946,1.31946,1.31946,1.31946,0.0
2012-02-12 04:39:00,1.31946,1.31946,1.31946,1.31946,0.0
2012-02-12 04:40:00,1.31946,1.31946,1.31946,1.31946,0.0
2012-02-12 04:41:00,1.31946,1.31946,1.31946,1.31946,0.0
2012-02-12 04:42:00,1.31946,1.31946,1.31946,1.31946,0.0
2012-02-12 04:43:00,1.31946,1.31946,1.31946,1.31946,0.0
2012-02-12 04:44:00,1.31946,1.31946,1.31946,1.31946,0.0
2012-02-12 04:45:00,1.31946,1.31946,1.31946,1.31946,0.0
2012-02-12 04:46:00,1.31946,1.31946,1.31946,1.31946,0.0
2012-02-12 04:47:00,1.31946,1.31946,1.31946,1.31946,0.0
2012-02-12 04:48:00,1.31946,1.31946,1.31946,1.31946,0.0
2012-02-12 04:49:00,1.31946,1.31946,1.31946,1.31946,0.0
2012-02-12 04:50:00,1.31946,1.31946,1.31946,1.31946,0.0
2012-02-12 04:51:00,1.31946,1.31946,1.31946,1.31946,0.0
2012-02-12 04:52:00,1.31946,1.31946,1.31946,1.31946,0.0
2012-02-12 04:53:00,1.31946,1.31946,1.31946,1.31946,0.0
2012-02-12 04:54:00,1.31946,1.31946,1.31946,1.31946,0.0
2012-02-12 04:55:00,1.31946,1.31946,1.31946,1.31946,0.0
2012-02-12 04:56:00,1.31946,1.31946,1.31946,1.31946,0.0
2012-02-12 04:57:00,1.31946,1.31946,1.31946,1.31946,0.0
2012-02-12 04:58:00,1.31946,1.31946,1.31946,1.31946,0.0
2012-02-12 04:59:00,1.31946,1.31946,1.31946,1.31946,0.0
2012-02-12 05:00:00,1.31946,1.31946,1.31946,1.31946,0.0
2012-02-12 05:01:00,1.31946,1.31946,1.31946,1.31946,0.0
2012-02-12 05:02:00,1.31946,1.31946,1.31946,1.31946,0.0
2012-02-12 05:03:00,1.31946,1.31946,1.31946,1.31946,0.0
2012-02-12 05:04:00,1.31946,1.31946,1.31946,1.31946,0.0
2012-02-12 05:05:00,1.31946,1.31946,1.31946,1.31946,0.0
2012-02-12 05:06:00,1.31946,1.31946,1.31946,1.31946,0.0
2012-02-12 05:07:00,1.31946,1.31946,1.31946,1.31946,0.0
2012-02-12 05:08:00,1.31946,1.31946,1.31946,1.31946,0.0
2012-02-12 05:09:00,1.31946,1.31946,1.31946,1.31946,0.0
2012-02-12 05:10:00,1.31946,1.31946,1.31946,1.31946,0.0
2012-02-12 05:11:00,1.31946,1.31946,1.31946,1.31946,0.0
2012-02-12 05:12:00,1.31946,1.31946,1.31946,1.31946,0.0
2012-02-12 05:13:00,1.31946,1.31946,1.31946,1.31946,0.0
2012-02-12 05:14:00,1.31946,1.31946,1.31946,1.31946,0.0
2012-02-12 05:15:00,1.31946,1.31946,1.31946,1.31946,0.0
2012-02-12 05:16:00,1.31946,1.31946,1.31946,1.31946,0.0
2012-02-12 05:17:00,1.31946,1.31946,1.31946,1.31946,0.0
2012-02-12 05:18:00,1.31946,1.31946,1.31946,1.31946,0.0
2012-02-12 05:19:00,1.31946,1.31946,1.31946,1.31946,0.0
2012-02-12 05:20:00,1.31946,1.31946,1.31946,1.31946,0.0
2012-02-12 05:21:00,1.31946,1.31946,1.31946,1.31946,0.0
2012-02-12 05:22:00,1.31946,1.31946,1.31946,1.31946,0.0
2012-02-12 05:23:00,1.31946,1.31946,1.31946,1.31946,0.0
2012-02-12 05:24:00,1.31946,1.31946,1.31946,1.31946,0.0
2012-02-12 05:25:00,1.31946,1.31946,1.31946,1.31946,0.0
2012-02-12 05:26:00,1.31946,1.31946,1.31946,1.31946,0.0
2012-02-12 05:27:00,1.31946,1.31946,1.31946,1.31946,0.0
2012-02-12 05:28:00,1.31946,1.31946,1.31946,1.31946,0.0
2012-02-12 05:29:00,1.31946,1.31946,1.31946,1.31946,0.0
2012-02-12 05:30:00,1.31946,1.31946,1.31946,1.31946,0.0
2012-02-12 05:31:00,1.31946,1.31946,1.31946,1.31946,0.0
2012-02-12 05:32:00,1.31946,1.31946,1.31946,1.31946,0.0
2012-02-12 05:33:00,1.31946,1.31946,1.31946,1.31946,0.0
2012-02-12 05:34:00,1.31946,1.31946,1.31946,1.31946,0.0
2012-02-12 05:35:00,1.31946,1.31946,1.31946,1.31946,0.0
2012-02-12 05:36:00,1.31946,1.31946,1.31946,1.31946,0.0
2012-02-12 05:37:00,1.31946,1.31946,1.31946,1.31946,0.0
2012-02-12 05:38:00,1.31946,1.31946,1.31946,1.31946,0.0
2012-02-12 05:39:00,1.31946,1.31946,1.31946,1.31946,0.0
2012-02-12 05:40:00,1.31946,1.31946,1.31946,1.31946,0.0
2012-02-12 05:41:00,1.31946,1.31946,1.31946,1.31946,0.0
2012-02-12 05:42:00,1.31946,1.31946,1.31946,1.31946,0.0
2012-02-12 05:43:00,1.31946,1.31946,1.31946,1.31946,0.0
2012-02-12 05:44:00,1.31946,1.31946,1.31946,1.31946,0.0
2012-02-12 05:45:00,1.31946,1.31946,1.31946,1.31946,0.0
2012-02-12 05:46:00,1.31946,1.31946,1.31946,1.31946,0.0
2012-02-12 05:47:00,1.31946,1.31946,1.31946,1.31946,0.0
2012-02-12 05:48:00,1.31946,1.31946,1.31946,1.31946,0.0
2012-02-12 05:49:00,1.31946,1.31946,1.31946,1.31946,0.0
2012-02-12 05:50:00,1.31946,1.31946,1.31946,1.31946,0.0
2012-02-12 05:51:00,1.31946,1.31946,1.31946,1.31946,0.0
2012-02-12 05:52:00,1.31946,1.31946,1.31946,1.31946,0.0
2012-02-12 05:53:00,1.31946,1.31946,1.31946,1.31946,0.0
2012-02-12 05:54:00,1.31946,1.31946,1.31946,1.31946,0.0
2012-02-12 05:55:00,1.31946,1.31946,1.31946,1.31946,0.0
2012-02-12 05:56:00,1.31946,1.31946,1.31946,1.31946,0.0
2012-02-12 05:57:00,1.31946,1.31946,1.31946,1.31946,0.0
2012-02-12 05:58:00,1.31946,1.31946,1.31946,1.31946,0.0
2012-02-12 05:59:00,1.31946,1.31946,1.31946,1.31946,0.0
2012-02-12 06:00:00,1.31946,1.31946,1.31946,1.31946,0.0
2012-02-12 06:01:00,1.31946,1.31946,1.31946,1.31946,0.0
2012-02-12 06:02:00,1.31946,1.31946,1.31946,1.31946,0.0
2012-02-12 06:03:00,1.31946,1.31946,1.31946,1.31946,0.0
2012-02-12 06:04:00,1.31946,1.31946,1.31946,1.31946,0.0
2012-02-12 06:05:00,1.31946,1.31946,1.31946,1.31946,0.0
2012-02-12 06:06:00,1.31946,1.31946,1.31946,1.31946,0.0
2012-02-12 06:07:00,1.31946,1.31946,1.31946,1.31946,0.0
2012-02-12 06:08:00,1.31946,1.31946,1.31946,1.31946,0.0
2012-02-12 06:09:00,1.31946,1.31946,1.31946,1.31946,0.0
2012-02-12 06:10:00,1.31946,1.31946,1.31946,1.31946,0.0
2012-02-12 06:11:00,1.31946,1.31946,1.31946,1.31946,0.0
2012-02-12 06:12:00,1.31946,1.31946,1.31946,1.31946,0.0
2012-02-12 06:13:00,1.31946,1.31946,1.31946,1.31946,0.0
2012-02-12 06:14:00,1.31946,1.31946,1.31946,1.31946,0.0
2012-02-12 06:15:00,1.31946,1.31946,1.31946,1.31946,0.0
2012-02-12 06:16:00,1.31946,1.31946,1.31946,1.31946,0.0
2012-02-12 06:17:00,1.31946,1.31946,1.31946,1.31946,0.0
2012-02-12 06:18:00,1.31946,1.31946,1.31946,1.31946,0.0
2012-02-12 06:19:00,1.31946,1.31946,1.31946,1.31946,0.0
2012-02-12 06:20:00,1.31946,1.31946,1.31946,1.31946,0.0
2012-02-12 06:21:00,1.31946,1.31946,1.31946,1.31946,0.0
2012-02-12 06:22:00,1.31946,1.31946,1.31946,1.31946,0.0
2012-02-12 06:23:00,1.31946,1.31946,1.31946,1.31946,0.0
2012-02-12 06:24:00,1.31946,1.31946,1.31946,1.31946,0.0
2012-02-12 06:25:00,1.31946,1.31946,1.31946,1.31946,0.0
2012-02-12 06:26:00,1.31946,1.31946,1.31946,1.31946,0.0
2012-02-12 06:27:00,1.31946,1.31946,1.31946,1.31946,0.0
2012-02-12 06:28:00,1.31946,1.31946,1.31946,1.31946,0.0
2012-02-12 06:29:00,1.31946,1.31946,1.31946,1.31946,0.0
2012-02-12 06:30:00,1.31946,1.31946,1.31946,1.31946,0.0
2012-02-12 06:31:00,1.31946,1.31946,1.31946,1.31946,0.0
2012-02-12 06:32:00,1.31946,1.31946,1.31946,1.31946,0.0
2012-02-12 06:33:00,1.31946,1.31946,1.31946,1.31946,0.0
2012-02-12 06:34:00,1.31946,1.31946,1.31946,1.31946,0.0
2012-02-12 06:35:00,1.31946,1.31946,1.31946,1.31946,0.0
2012-02-12 06:36:00,1.31946,1.31946,1.31946,1.31946,0.0
2012-02-12 06:37:00,1.31946,1.31946,1.31946,1.31946,0.0
2012-02-12 06:38:00,1.31946,1.31946,1.31946,1.31946,0.0
2012-02-12 06:39:00,1.31946,1.31946,1.31946,1.31946,0.0
2012-02-12 06:40:00,1.31946,1.31946,1.31946,1.31946,0.0
2012-02-12 06:41:00,1.31946,1.31946,1.31946,1.31946,0.0
2012-02-12 06:42:00,1.31946,1.31946,1.31946,1.31946,0.0
2012-02-12 06:43:00,1.31946,1.31946,1.31946,1.31946,0.0
2012-02-12 06:44:00,1.31946,1.31946,1.31946,1.31946,0.0
2012-02-12 06:45:00,1.31946,1.31946,1.31946,1.31946,0.0
2012-02-12 06:46:00,1.31946,1.31946,1.31946,1.31946,0.0
2012-02-12 06:47:00,1.31946,1.31946,1.31946,1.31946,0.0
2012-02-12 06:48:00,1.31946,1.31946,1.31946,1.31946,0.0
2012-02-12 06:49:00,1.31946,1.31946,1.31946,1.31946,0.0
2012-02-12 06:50:00,1.31946,1.31946,1.31946,1.31946,0.0
2012-02-12 06:51:00,1.31946,1.31946,1.31946,1.31946,0.0
2012-02-12 06:52:00,1.31946,1.31946,1.31946,1.31946,0.0
2012-02-12 06:53:00,1.31946,1.31946,1.31946,1.31946,0.0
2012-02-12 06:54:00,1.31946,1.31946,1.31946,1.31946,0.0
2012-02-12 06:55:00,1.31946,1.31946,1.31946,1.31946,0.0
2012-02-12 06:56:00,1.31946,1.31946,1.31946,1.31946,0.0
2012-02-12 06:57:00,1.31946,1.31946,1.31946,1.31946,0.0
2012-02-12 06:58:00,1.31946,1.31946,1.31946,1.31946,0.0
2012-02-12 06:59:00,1.31946,1.31946,1.31946,1.31946,0.0
2012-02-12 07:00:00,1.31946,1.31946,1.31946,1.31946,0.0
2012-02-12 07:01:00,1.31946,1.31946,1.31946,1.31946,0.0
2012-02-12 07:02:00,1.31946,1.31946,1.31946,1.31946,0.0
2012-02-12 07:03:00,1.31946,1.31946,1.31946,1.31946,0.0
2012-02-12 07:04:00,1.31946,1.31946,1.31946,1.31946,0.0
2012-02-12 07:05:00,1.31946,1.31946,1.31946,1.31946,0.0
2012-02-12 07:06:00,1.31946,1.31946,1.31946,1.31946,0.0
2012-02-12 07:07:00,1.31946,1.31946,1.31946,1.31946,0.0
2012-02-12 07:08:00,1.31946,1.31946,1.31946,1.31946,0.0
2012-02-12 07:09:00,1.31946,1.31946,1.31946,1.31946,0.0
2012-02-12 07:10:00,1.31946,1.31946,1.31946,1.31946,0.0
2012-02-12 07:11:00,1.31946,1.31946,1.31946,1.31946,0.0
2012-02-12 07:12:00,1.31946,1.31946,1.31946,1.31946,0.0
2012-02-12 07:13:00,1.31946,1.31946,1.31946,1.31946,0.0
2012-02-12 07:14:00,1.31946,1.31946,1.31946,1.31946,0.0
2012-02-12 07:15:00,1.31946,1.31946,1.31946,1.31946,0.0
2012-02-12 07:16:00,1.31946,1.31946,1.31946,1.31946,0.0
2012-02-12 07:17:00,1.31946,1.31946,1.31946,1.31946,0.0
2012-02-12 07:18:00,1.31946,1.31946,1.31946,1.31946,0.0
2012-02-12 07:19:00,1.31946,1.31946,1.31946,1.31946,0.0
2012-02-12 07:20:00,1.31946,1.31946,1.31946,1.31946,0.0
2012-02-12 07:21:00,1.31946,1.31946,1.31946,1.31946,0.0
2012-02-12 07:22:00,1.31946,1.31946,1.31946,1.31946,0.0
2012-02-12 07:23:00,1.31946,1.31946,1.31946,1.31946,0.0
2012-02-12 07:24:00,1.31946,1.31946,1.31946,1.31946,0.0
2012-02-12 07:25:00,1.31946,1.31946,1.31946,1.31946,0.0
2012-02-12 07:26:00,1.31946,1.31946,1.31946,1.31946,0.0
2012-02-12 07:27:00,1.31946,1.31946,1.31946,1.31946,0.0
2012-02-12 07:28:00,1.31946,1.31946,1.31946,1.31946,0.0
2012-02-12 07:29:00,1.31946,1.31946,1.31946,1.31946,0.0
2012-02-12 07:30:00,1.31946,1.31946,1.31946,1.31946,0.0
2012-02-12 07:31:00,1.31946,1.31946,1.31946,1.31946,0.0
2012-02-12 07:32:00,1.31946,1.31946,1.31946,1.31946,0.0
2012-02-12 07:33:00,1.31946,1.31946,1.31946,1.31946,0.0
2012-02-12 07:34:00,1.31946,1.31946,1.31946,1.31946,0.0
2012-02-12 07:35:00,1.31946,1.31946,1.31946,1.31946,0.0
2012-02-12 07:36:00,1.31946,1.31946,1.31946,1.31946,0.0
2012-02-12 07:37:00,1.31946,1.31946,1.31946,1.31946,0.0
2012-02-12 07:38:00,1.31946,1.31946,1.31946,1.31946,0.0
2012-02-12 07:39:00,1.31946,1.31946,1.31946,1.31946,0.0
2012-02-12 07:40:00,1.31946,1.31946,1.31946,1.31946,0.0
2012-02-12 07:41:00,1.31946,1.31946,1.31946,1.31946,0.0
2012-02-12 07:42:00,1.31946,1.31946,1.31946,1.31946,0.0
2012-02-12 07:43:00,1.31946,1.31946,1.31946,1.31946,0.0
2012-02-12 07:44:00,1.31946,1.31946,1.31946,1.31946,0.0
2012-02-12 07:45:00,1.31946,1.31946,1.31946,1.31946,0.0
2012-02-12 07:46:00,1.31946,1.31946,1.31946,1.31946,0.0
2012-02-12 07:47:00,1.31946,1.31946,1.31946,1.31946,0.0
2012-02-12 07:48:00,1.31946,1.31946,1.31946,1.31946,0.0
2012-02-12 07:49:00,1.31946,1.31946,1.31946,1.31946,0.0
2012-02-12 07:50:00,1.31946,1.31946,1.31946,1.31946,0.0
2012-02-12 07:51:00,1.31946,1.31946,1.31946,1.31946,0.0
2012-02-12 07:52:00,1.31946,1.31946,1.31946,1.31946,0.0
2012-02-12 07:53:00,1.31946,1.31946,1.31946,1.31946,0.0
2012-02-12 07:54:00,1.31946,1.31946,1.31946,1.31946,0.0
2012-02-12 07:55:00,1.31946,1.31946,1.31946,1.31946,0.0
2012-02-12 07:56:00,1.31946,1.31946,1.31946,1.31946,0.0
2012-02-12 07:57:00,1.31946,1.31946,1.31946,1.31946,0.0
2012-02-12 07:58:00,1.31946,1.31946,1.31946,1.31946,0.0
2012-02-12 07:59:00,1.31946,1.31946,1.31946,1.31946,0.0
2012-02-12 08:00:00,1.31946,1.31946,1.31946,1.31946,0.0
2012-02-12 08:01:00,1.31946,1.31946,1.31946,1.31946,0.0
2012-02-12 08:02:00,1.31946,1.31946,1.31946,1.31946,0.0
2012-02-12 08:03:00,1.31946,1.31946,1.31946,1.31946,0.0
2012-02-12 08:04:00,1.31946,1.31946,1.31946,1.31946,0.0
2012-02-12 08:05:00,1.31946,1.31946,1.31946,1.31946,0.0
2012-02-12 08:06:00,1.31946,1.31946,1.31946,1.31946,0.0
2012-02-12 08:07:00,1.31946,1.31946,1.31946,1.31946,0.0
2012-02-12 08:08:00,1.31946,1.31946,1.31946,1.31946,0.0
2012-02-12 08:09:00,1.31946,1.31946,1.31946,1.31946,0.0
2012-02-12 08:10:00,1.31946,1.31946,1.31946,1.31946,0.0
2012-02-12 08:11:00,1.31946,1.31946,1.31946,1.31946,0.0
2012-02-12 08:12:00,1.31946,1.31946,1.31946,1.31946,0.0
2012-02-12 08:13:00,1.31946,1.31946,1.31946,1.31946,0.0
2012-02-12 08:14:00,1.31946,1.31946,1.31946,1.31946,0.0
2012-02-12 08:15:00,1.31946,1.31946,1.31946,1.31946,0.0
2012-02-12 08:16:00,1.31946,1.31946,1.31946,1.31946,0.0
2012-02-12 08:17:00,1.31946,1.31946,1.31946,1.31946,0.0
2012-02-12 08:18:00,1.31946,1.31946,1.31946,1.31946,0.0
2012-02-12 08:19:00,1.31946,1.31946,1.31946,1.31946,0.0
2012-02-12 08:20:00,1.31946,1.31946,1.31946,1.31946,0.0
2012-02-12 08:21:00,1.31946,1.31946,1.31946,1.31946,0.0
2012-02-12 08:22:00,1.31946,1.31946,1.31946,1.31946,0.0
2012-02-12 08:23:00,1.31946,1.31946,1.31946,1.31946,0.0
2012-02-12 08:24:00,1.31946,1.31946,1.31946,1.31946,0.0
2012-02-12 08:25:00,1.31946,1.31946,1.31946,1.31946,0.0
2012-02-12 08:26:00,1.31946,1.31946,1.31946,1.31946,0.0
2012-02-12 08:27:00,1.31946,1.31946,1.31946,1.31946,0.0
2012-02-12 08:28:00,1.31946,1.31946,1.31946,1.31946,0.0
2012-02-12 08:29:00,1.31946,1.31946,1.31946,1.31946,0.0
2012-02-12 08:30:00,1.31946,1.31946,1.31946,1.31946,0.0
2012-02-12 08:31:00,1.31946,1.31946,1.31946,1.31946,0.0
2012-02-12 08:32:00,1.31946,1.31946,1.31946,1.31946,0.0
2012-02-12 08:33:00,1.31946,1.31946,1.31946,1.31946,0.0
2012-02-12 08:34:00,1.31946,1.31946,1.31946,1.31946,0.0
2012-02-12 08:35:00,1.31946,1.31946,1.31946,1.31946,0.0
2012-02-12 08:36:00,1.31946,1.31946,1.31946,1.31946,0.0
2012-02-12 08:37:00,1.31946,1.31946,1.31946,1.31946,0.0
2012-02-12 08:38:00,1.31946,1.31946,1.31946,1.31946,0.0
2012-02-12 08:39:00,1.31946,1.31946,1.31946,1.31946,0.0
2012-02-12 08:40:00,1.31946,1.31946,1.31946,1.31946,0.0
2012-02-12 08:41:00,1.31946,1.31946,1.31946,1.31946,0.0
2012-02-12 08:42:00,1.31946,1.31946,1.31946,1.31946,0.0
2012-02-12 08:43:00,1.31946,1.31946,1.31946,1.31946,0.0
2012-02-12 08:44:00,1.31946,1.31946,1.31946,1.31946,0.0
2012-02-12 08:45:00,1.31946,1.31946,1.31946,1.31946,0.0
2012-02-12 08:46:00,1.31946,1.31946,1.31946,1.31946,0.0
2012-02-12 08:47:00,1.31946,1.31946,1.31946,1.31946,0.0
2012-02-12 08:48:00,1.31946,1.31946,1.31946,1.31946,0.0
2012-02-12 08:49:00,1.31946,1.31946,1.31946,1.31946,0.0
2012-02-12 08:50:00,1.31946,1.31946,1.31946,1.31946,0.0
2012-02-12 08:51:00,1.31946,1.31946,1.31946,1.31946,0.0
2012-02-12 08:52:00,1.31946,1.31946,1.31946,1.31946,0.0
2012-02-12 08:53:00,1.31946,1.31946,1.31946,1.31946,0.0
2012-02-12 08:54:00,1.31946,1.31946,1.31946,1.31946,0.0
2012-02-12 08:55:00,1.31946,1.31946,1.31946,1.31946,0.0
2012-02-12 08:56:00,1.31946,1.31946,1.31946,1.31946,0.0
2012-02-12 08:57:00,1.31946,1.31946,1.31946,1.31946,0.0
2012-02-12 08:58:00,1.31946,1.31946,1.31946,1.31946,0.0
2012-02-12 08:59:00,1.31946,1.31946,1.31946,1.31946,0.0
2012-02-12 09:00:00,1.31946,1.31946,1.31946,1.31946,0.0
2012-02-12 09:01:00,1.31946,1.31946,1.31946,1.31946,0.0
2012-02-12 09:02:00,1.31946,1.31946,1.31946,1.31946,0.0
2012-02-12 09:03:00,1.31946,1.31946,1.31946,1.31946,0.0
2012-02-12 09:04:00,1.31946,1.31946,1.31946,1.31946,0.0
2012-02-12 09:05:00,1.31946,1.31946,1.31946,1.31946,0.0
2012-02-12 09:06:00,1.31946,1.31946,1.31946,1.31946,0.0
2012-02-12 09:07:00,1.31946,1.31946,1.31946,1.31946,0.0
2012-02-12 09:08:00,1.31946,1.31946,1.31946,1.31946,0.0
2012-02-12 09:09:00,1.31946,1.31946,1.31946,1.31946,0.0
2012-02-12 09:10:00,1.31946,1.31946,1.31946,1.31946,0.0
2012-02-12 09:11:00,1.31946,1.31946,1.31946,1.31946,0.0
2012-02-12 09:12:00,1.31946,1.31946,1.31946,1.31946,0.0
2012-02-12 09:13:00,1.31946,1.31946,1.31946,1.31946,0.0
2012-02-12 09:14:00,1.31946,1.31946,1.31946,1.31946,0.0
2012-02-12 09:15:00,1.31946,1.31946,1.31946,1.31946,0.0
2012-02-12 09:16:00,1.31946,1.31946,1.31946,1.31946,0.0
2012-02-12 09:17:00,1.31946,1.31946,1.31946,1.31946,0.0
2012-02-12 09:18:00,1.31946,1.31946,1.31946,1.31946,0.0
2012-02-12 09:19:00,1.31946,1.31946,1.31946,1.31946,0.0
2012-02-12 09:20:00,1.31946,1.31946,1.31946,1.31946,0.0
2012-02-12 09:21:00,1.31946,1.31946,1.31946,1.31946,0.0
2012-02-12 09:22:00,1.31946,1.31946,1.31946,1.31946,0.0
2012-02-12 09:23:00,1.31946,1.31946,1.31946,1.31946,0.0
2012-02-12 09:24:00,1.31946,1.31946,1.31946,1.31946,0.0
2012-02-12 09:25:00,1.31946,1.31946,1.31946,1.31946,0.0
2012-02-12 09:26:00,1.31946,1.31946,1.31946,1.31946,0.0
2012-02-12 09:27:00,1.31946,1.31946,1.31946,1.31946,0.0
2012-02-12 09:28:00,1.31946,1.31946,1.31946,1.31946,0.0
2012-02-12 09:29:00,1.31946,1.31946,1.31946,1.31946,0.0
2012-02-12 09:30:00,1.31946,1.31946,1.31946,1.31946,0.0
2012-02-12 09:31:00,1.31946,1.31946,1.31946,1.31946,0.0
2012-02-12 09:32:00,1.31946,1.31946,1.31946,1.31946,0.0
2012-02-12 09:33:00,1.31946,1.31946,1.31946,1.31946,0.0
2012-02-12 09:34:00,1.31946,1.31946,1.31946,1.31946,0.0
2012-02-12 09:35:00,1.31946,1.31946,1.31946,1.31946,0.0
2012-02-12 09:36:00,1.31946,1.31946,1.31946,1.31946,0.0
2012-02-12 09:37:00,1.31946,1.31946,1.31946,1.31946,0.0
2012-02-12 09:38:00,1.31946,1.31946,1.31946,1.31946,0.0
2012-02-12 09:39:00,1.31946,1.31946,1.31946,1.31946,0.0
2012-02-12 09:40:00,1.31946,1.31946,1.31946,1.31946,0.0
2012-02-12 09:41:00,1.31946,1.31946,1.31946,1.31946,0.0
2012-02-12 09:42:00,1.31946,1.31946,1.31946,1.31946,0.0
2012-02-12 09:43:00,1.31946,1.31946,1.31946,1.31946,0.0
2012-02-12 09:44:00,1.31946,1.31946,1.31946,1.31946,0.0
2012-02-12 09:45:00,1.31946,1.31946,1.31946,1.31946,0.0
2012-02-12 09:46:00,1.31946,1.31946,1.31946,1.31946,0.0
2012-02-12 09:47:00,1.31946,1.31946,1.31946,1.31946,0.0
2012-02-12 09:48:00,1.31946,1.31946,1.31946,1.31946,0.0
2012-02-12 09:49:00,1.31946,1.31946,1.31946,1.31946,0.0
2012-02-12 09:50:00,1.31946,1.31946,1.31946,1.31946,0.0
2012-02-12 09:51:00,1.31946,1.31946,1.31946,1.31946,0.0
2012-02-12 09:52:00,1.31946,1.31946,1.31946,1.31946,0.0
2012-02-12 09:53:00,1.31946,1.31946,1.31946,1.31946,0.0
2012-02-12 09:54:00,1.31946,1.31946,1.31946,1.31946,0.0
2012-02-12 09:55:00,1.31946,1.31946,1.31946,1.31946,0.0
2012-02-12 09:56:00,1.31946,1.31946,1.31946,1.31946,0.0
2012-02-12 09:57:00,1.31946,1.31946,1.31946,1.31946,0.0
2012-02-12 09:58:00,1.31946,1.31946,1.31946,1.31946,0.0
2012-02-12 09:59:00,1.31946,1.31946,1.31946,1.31946,0.0
2012-02-12 10:00:00,1.31946,1.31946,1.31946,1.31946,0.0
2012-02-12 10:01:00,1.31946,1.31946,1.31946,1.31946,0.0
2012-02-12 10:02:00,1.31946,1.31946,1.31946,1.31946,0.0
2012-02-12 10:03:00,1.31946,1.31946,1.31946,1.31946,0.0
2012-02-12 10:04:00,1.31946,1.31946,1.31946,1.31946,0.0
2012-02-12 10:05:00,1.31946,1.31946,1.31946,1.31946,0.0
2012-02-12 10:06:00,1.31946,1.31946,1.31946,1.31946,0.0
2012-02-12 10:07:00,1.31946,1.31946,1.31946,1.31946,0.0
2012-02-12 10:08:00,1.31946,1.31946,1.31946,1.31946,0.0
2012-02-12 10:09:00,1.31946,1.31946,1.31946,1.31946,0.0
2012-02-12 10:10:00,1.31946,1.31946,1.31946,1.31946,0.0
2012-02-12 10:11:00,1.31946,1.31946,1.31946,1.31946,0.0
2012-02-12 10:12:00,1.31946,1.31946,1.31946,1.31946,0.0
2012-02-12 10:13:00,1.31946,1.31946,1.31946,1.31946,0.0
2012-02-12 10:14:00,1.31946,1.31946,1.31946,1.31946,0.0
2012-02-12 10:15:00,1.31946,1.31946,1.31946,1.31946,0.0
2012-02-12 10:16:00,1.31946,1.31946,1.31946,1.31946,0.0
2012-02-12 10:17:00,1.31946,1.31946,1.31946,1.31946,0.0
2012-02-12 10:18:00,1.31946,1.31946,1.31946,1.31946,0.0
2012-02-12 10:19:00,1.31946,1.31946,1.31946,1.31946,0.0
2012-02-12 10:20:00,1.31946,1.31946,1.31946,1.31946,0.0
2012-02-12 10:21:00,1.31946,1.31946,1.31946,1.31946,0.0
2012-02-12 10:22:00,1.31946,1.31946,1.31946,1.31946,0.0
2012-02-12 10:23:00,1.31946,1.31946,1.31946,1.31946,0.0
2012-02-12 10:24:00,1.31946,1.31946,1.31946,1.31946,0.0
2012-02-12 10:25:00,1.31946,1.31946,1.31946,1.31946,0.0
2012-02-12 10:26:00,1.31946,1.31946,1.31946,1.31946,0.0
2012-02-12 10:27:00,1.31946,1.31946,1.31946,1.31946,0.0
2012-02-12 10:28:00,1.31946,1.31946,1.31946,1.31946,0.0
2012-02-12 10:29:00,1.31946,1.31946,1.31946,1.31946,0.0
2012-02-12 10:30:00,1.31946,1.31946,1.31946,1.31946,0.0
2012-02-12 10:31:00,1.31946,1.31946,1.31946,1.31946,0.0
2012-02-12 10:32:00,1.31946,1.31946,1.31946,1.31946,0.0
2012-02-12 10:33:00,1.31946,1.31946,1.31946,1.31946,0.0
2012-02-12 10:34:00,1.31946,1.31946,1.31946,1.31946,0.0
2012-02-12 10:35:00,1.31946,1.31946,1.31946,1.31946,0.0
2012-02-12 10:36:00,1.31946,1.31946,1.31946,1.31946,0.0
2012-02-12 10:37:00,1.31946,1.31946,1.31946,1.31946,0.0
2012-02-12 10:38:00,1.31946,1.31946,1.31946,1.31946,0.0
2012-02-12 10:39:00,1.31946,1.31946,1.31946,1.31946,0.0
2012-02-12 10:40:00,1.31946,1.31946,1.31946,1.31946,0.0
2012-02-12 10:41:00,1.31946,1.31946,1.31946,1.31946,0.0
2012-02-12 10:42:00,1.31946,1.31946,1.31946,1.31946,0.0
2012-02-12 10:43:00,1.31946,1.31946,1.31946,1.31946,0.0
2012-02-12 10:44:00,1.31946,1.31946,1.31946,1.31946,0.0
2012-02-12 10:45:00,1.31946,1.31946,1.31946,1.31946,0.0
2012-02-12 10:46:00,1.31946,1.31946,1.31946,1.31946,0.0
2012-02-12 10:47:00,1.31946,1.31946,1.31946,1.31946,0.0
2012-02-12 10:48:00,1.31946,1.31946,1.31946,1.31946,0.0
2012-02-12 10:49:00,1.31946,1.31946,1.31946,1.31946,0.0
2012-02-12 10:50:00,1.31946,1.31946,1.31946,1.31946,0.0
2012-02-12 10:51:00,1.31946,1.31946,1.31946,1.31946,0.0
2012-02-12 10:52:00,1.31946,1.31946,1.31946,1.31946,0.0
2012-02-12 10:53:00,1.31946,1.31946,1.31946,1.31946,0.0
2012-02-12 10:54:00,1.31946,1.31946,1.31946,1.31946,0.0
2012-02-12 10:55:00,1.31946,1.31946,1.31946,1.31946,0.0
2012-02-12 10:56:00,1.31946,1.31946,1.31946,1.31946,0.0
2012-02-12 10:57:00,1.31946,1.31946,1.31946,1.31946,0.0
2012-02-12 10:58:00,1.31946,1.31946,1.31946,1.31946,0.0
2012-02-12 10:59:00,1.31946,1.31946,1.31946,1.31946,0.0
2012-02-12 11:00:00,1.31946,1.31946,1.31946,1.31946,0.0
2012-02-12 11:01:00,1.31946,1.31946,1.31946,1.31946,0.0
2012-02-12 11:02:00,1.31946,1.31946,1.31946,1.31946,0.0
2012-02-12 11:03:00,1.31946,1.31946,1.31946,1.31946,0.0
2012-02-12 11:04:00,1.31946,1.31946,1.31946,1.31946,0.0
2012-02-12 11:05:00,1.31946,1.31946,1.31946,1.31946,0.0
2012-02-12 11:06:00,1.31946,1.31946,1.31946,1.31946,0.0
2012-02-12 11:07:00,1.31946,1.31946,1.31946,1.31946,0.0
2012-02-12 11:08:00,1.31946,1.31946,1.31946,1.31946,0.0
2012-02-12 11:09:00,1.31946,1.31946,1.31946,1.31946,0.0
2012-02-12 11:10:00,1.31946,1.31946,1.31946,1.31946,0.0
2012-02-12 11:11:00,1.31946,1.31946,1.31946,1.31946,0.0
2012-02-12 11:12:00,1.31946,1.31946,1.31946,1.31946,0.0
2012-02-12 11:13:00,1.31946,1.31946,1.31946,1.31946,0.0
2012-02-12 11:14:00,1.31946,1.31946,1.31946,1.31946,0.0
2012-02-12 11:15:00,1.31946,1.31946,1.31946,1.31946,0.0
2012-02-12 11:16:00,1.31946,1.31946,1.31946,1.31946,0.0
2012-02-12 11:17:00,1.31946,1.31946,1.31946,1.31946,0.0
2012-02-12 11:18:00,1.31946,1.31946,1.31946,1.31946,0.0
2012-02-12 11:19:00,1.31946,1.31946,1.31946,1.31946,0.0
2012-02-12 11:20:00,1.31946,1.31946,1.31946,1.31946,0.0
2012-02-12 11:21:00,1.31946,1.31946,1.31946,1.31946,0.0
2012-02-12 11:22:00,1.31946,1.31946,1.31946,1.31946,0.0
2012-02-12 11:23:00,1.31946,1.31946,1.31946,1.31946,0.0
2012-02-12 11:24:00,1.31946,1.31946,1.31946,1.31946,0.0
2012-02-12 11:25:00,1.31946,1.31946,1.31946,1.31946,0.0
2012-02-12 11:26:00,1.31946,1.31946,1.31946,1.31946,0.0
2012-02-12 11:27:00,1.31946,1.31946,1.31946,1.31946,0.0
2012-02-12 11:28:00,1.31946,1.31946,1.31946,1.31946,0.0
2012-02-12 11:29:00,1.31946,1.31946,1.31946,1.31946,0.0
2012-02-12 11:30:00,1.31946,1.31946,1.31946,1.31946,0.0
2012-02-12 11:31:00,1.31946,1.31946,1.31946,1.31946,0.0
2012-02-12 11:32:00,1.31946,1.31946,1.31946,1.31946,0.0
2012-02-12 11:33:00,1.31946,1.31946,1.31946,1.31946,0.0
2012-02-12 11:34:00,1.31946,1.31946,1.31946,1.31946,0.0
2012-02-12 11:35:00,1.31946,1.31946,1.31946,1.31946,0.0
2012-02-12 11:36:00,1.31946,1.31946,1.31946,1.31946,0.0
2012-02-12 11:37:00,1.31946,1.31946,1.31946,1.31946,0.0
2012-02-12 11:38:00,1.31946,1.31946,1.31946,1.31946,0.0
2012-02-12 11:39:00,1.31946,1.31946,1.31946,1.31946,0.0
2012-02-12 11:40:00,1.31946,1.31946,1.31946,1.31946,0.0
2012-02-12 11:41:00,1.31946,1.31946,1.31946,1.31946,0.0
2012-02-12 11:42:00,1.31946,1.31946,1.31946,1.31946,0.0
2012-02-12 11:43:00,1.31946,1.31946,1.31946,1.31946,0.0
2012-02-12 11:44:00,1.31946,1.31946,1.31946,1.31946,0.0
2012-02-12 11:45:00,1.31946,1.31946,1.31946,1.31946,0.0
2012-02-12 11:46:00,1.31946,1.31946,1.31946,1.31946,0.0
2012-02-12 11:47:00,1.31946,1.31946,1.31946,1.31946,0.0
2012-02-12 11:48:00,1.31946,1.31946,1.31946,1.31946,0.0
2012-02-12 11:49:00,1.31946,1.31946,1.31946,1.31946,0.0
2012-02-12 11:50:00,1.31946,1.31946,1.31946,1.31946,0.0
2012-02-12 11:51:00,1.31946,1.31946,1.31946,1.31946,0.0
2012-02-12 11:52:00,1.31946,1.31946,1.31946,1.31946,0.0
2012-02-12 11:53:00,1.31946,1.31946,1.31946,1.31946,0.0
2012-02-12 11:54:00,1.31946,1.31946,1.31946,1.31946,0.0
2012-02-12 11:55:00,1.31946,1.31946,1.31946,1.31946,0.0
2012-02-12 11:56:00,1.31946,1.31946,1.31946,1.31946,0.0
2012-02-12 11:57:00,1.31946,1.31946,1.31946,1.31946,0.0
2012-02-12 11:58:00,1.31946,1.31946,1.31946,1.31946,0.0
2012-02-12 11:59:00,1.31946,1.31946,1.31946,1.31946,0.0
2012-02-12 12:00:00,1.31946,1.31946,1.31946,1.31946,0.0
2012-02-12 12:01:00,1.31946,1.31946,1.31946,1.31946,0.0
2012-02-12 12:02:00,1.31946,1.31946,1.31946,1.31946,0.0
2012-02-12 12:03:00,1.31946,1.31946,1.31946,1.31946,0.0
2012-02-12 12:04:00,1.31946,1.31946,1.31946,1.31946,0.0
2012-02-12 12:05:00,1.31946,1.31946,1.31946,1.31946,0.0
2012-02-12 12:06:00,1.31946,1.31946,1.31946,1.31946,0.0
2012-02-12 12:07:00,1.31946,1.31946,1.31946,1.31946,0.0
2012-02-12 12:08:00,1.31946,1.31946,1.31946,1.31946,0.0
2012-02-12 12:09:00,1.31946,1.31946,1.31946,1.31946,0.0
2012-02-12 12:10:00,1.31946,1.31946,1.31946,1.31946,0.0
2012-02-12 12:11:00,1.31946,1.31946,1.31946,1.31946,0.0
2012-02-12 12:12:00,1.31946,1.31946,1.31946,1.31946,0.0
2012-02-12 12:13:00,1.31946,1.31946,1.31946,1.31946,0.0
2012-02-12 12:14:00,1.31946,1.31946,1.31946,1.31946,0.0
2012-02-12 12:15:00,1.31946,1.31946,1.31946,1.31946,0.0
2012-02-12 12:16:00,1.31946,1.31946,1.31946,1.31946,0.0
2012-02-12 12:17:00,1.31946,1.31946,1.31946,1.31946,0.0
2012-02-12 12:18:00,1.31946,1.31946,1.31946,1.31946,0.0
2012-02-12 12:19:00,1.31946,1.31946,1.31946,1.31946,0.0
2012-02-12 12:20:00,1.31946,1.31946,1.31946,1.31946,0.0
2012-02-12 12:21:00,1.31946,1.31946,1.31946,1.31946,0.0
2012-02-12 12:22:00,1.31946,1.31946,1.31946,1.31946,0.0
2012-02-12 12:23:00,1.31946,1.31946,1.31946,1.31946,0.0
2012-02-12 12:24:00,1.31946,1.31946,1.31946,1.31946,0.0
2012-02-12 12:25:00,1.31946,1.31946,1.31946,1.31946,0.0
2012-02-12 12:26:00,1.31946,1.31946,1.31946,1.31946,0.0
2012-02-12 12:27:00,1.31946,1.31946,1.31946,1.31946,0.0
2012-02-12 12:28:00,1.31946,1.31946,1.31946,1.31946,0.0
2012-02-12 12:29:00,1.31946,1.31946,1.31946,1.31946,0.0
2012-02-12 12:30:00,1.31946,1.31946,1.31946,1.31946,0.0
2012-02-12 12:31:00,1.31946,1.31946,1.31946,1.31946,0.0
2012-02-12 12:32:00,1.31946,1.31946,1.31946,1.31946,0.0
2012-02-12 12:33:00,1.31946,1.31946,1.31946,1.31946,0.0
2012-02-12 12:34:00,1.31946,1.31946,1.31946,1.31946,0.0
2012-02-12 12:35:00,1.31946,1.31946,1.31946,1.31946,0.0
2012-02-12 12:36:00,1.31946,1.31946,1.31946,1.31946,0.0
2012-02-12 12:37:00,1.31946,1.31946,1.31946,1.31946,0.0
2012-02-12 12:38:00,1.31946,1.31946,1.31946,1.31946,0.0
2012-02-12 12:39:00,1.31946,1.31946,1.31946,1.31946,0.0
2012-02-12 12:40:00,1.31946,1.31946,1.31946,1.31946,0.0
2012-02-12 12:41:00,1.31946,1.31946,1.31946,1.31946,0.0
2012-02-12 12:42:00,1.31946,1.31946,1.31946,1.31946,0.0
2012-02-12 12:43:00,1.31946,1.31946,1.31946,1.31946,0.0
2012-02-12 12:44:00,1.31946,1.31946,1.31946,1.31946,0.0
2012-02-12 12:45:00,1.31946,1.31946,1.31946,1.31946,0.0
2012-02-12 12:46:00,1.31946,1.31946,1.31946,1.31946,0.0
2012-02-12 12:47:00,1.31946,1.31946,1.31946,1.31946,0.0
2012-02-12 12:48:00,1.31946,1.31946,1.31946,1.31946,0.0
2012-02-12 12:49:00,1.31946,1.31946,1.31946,1.31946,0.0
2012-02-12 12:50:00,1.31946,1.31946,1.31946,1.31946,0.0
2012-02-12 12:51:00,1.31946,1.31946,1.31946,1.31946,0.0
2012-02-12 12:52:00,1.31946,1.31946,1.31946,1.31946,0.0
2012-02-12 12:53:00,1.31946,1.31946,1.31946,1.31946,0.0
2012-02-12 12:54:00,1.31946,1.31946,1.31946,1.31946,0.0
2012-02-12 12:55:00,1.31946,1.31946,1.31946,1.31946,0.0
2012-02-12 12:56:00,1.31946,1.31946,1.31946,1.31946,0.0
2012-02-12 12:57:00,1.31946,1.31946,1.31946,1.31946,0.0
2012-02-12 12:58:00,1.31946,1.31946,1.31946,1.31946,0.0
2012-02-12 12:59:00,1.31946,1.31946,1.31946,1.31946,0.0
2012-02-12 13:00:00,1.31946,1.31946,1.31946,1.31946,0.0
2012-02-12 13:01:00,1.31946,1.31946,1.31946,1.31946,0.0
2012-02-12 13:02:00,1.31946,1.31946,1.31946,1.31946,0.0
2012-02-12 13:03:00,1.31946,1.31946,1.31946,1.31946,0.0
2012-02-12 13:04:00,1.31946,1.31946,1.31946,1.31946,0.0
2012-02-12 13:05:00,1.31946,1.31946,1.31946,1.31946,0.0
2012-02-12 13:06:00,1.31946,1.31946,1.31946,1.31946,0.0
2012-02-12 13:07:00,1.31946,1.31946,1.31946,1.31946,0.0
2012-02-12 13:08:00,1.31946,1.31946,1.31946,1.31946,0.0
2012-02-12 13:09:00,1.31946,1.31946,1.31946,1.31946,0.0
2012-02-12 13:10:00,1.31946,1.31946,1.31946,1.31946,0.0
2012-02-12 13:11:00,1.31946,1.31946,1.31946,1.31946,0.0
2012-02-12 13:12:00,1.31946,1.31946,1.31946,1.31946,0.0
2012-02-12 13:13:00,1.31946,1.31946,1.31946,1.31946,0.0
2012-02-12 13:14:00,1.31946,1.31946,1.31946,1.31946,0.0
2012-02-12 13:15:00,1.31946,1.31946,1.31946,1.31946,0.0
2012-02-12 13:16:00,1.31946,1.31946,1.31946,1.31946,0.0
2012-02-12 13:17:00,1.31946,1.31946,1.31946,1.31946,0.0
2012-02-12 13:18:00,1.31946,1.31946,1.31946,1.31946,0.0
2012-02-12 13:19:00,1.31946,1.31946,1.31946,1.31946,0.0
2012-02-12 13:20:00,1.31946,1.31946,1.31946,1.31946,0.0
2012-02-12 13:21:00,1.31946,1.31946,1.31946,1.31946,0.0
2012-02-12 13:22:00,1.31946,1.31946,1.31946,1.31946,0.0
2012-02-12 13:23:00,1.31946,1.31946,1.31946,1.31946,0.0
2012-02-12 13:24:00,1.31946,1.31946,1.31946,1.31946,0.0
2012-02-12 13:25:00,1.31946,1.31946,1.31946,1.31946,0.0
2012-02-12 13:26:00,1.31946,1.31946,1.31946,1.31946,0.0
2012-02-12 13:27:00,1.31946,1.31946,1.31946,1.31946,0.0
2012-02-12 13:28:00,1.31946,1.31946,1.31946,1.31946,0.0
2012-02-12 13:29:00,1.31946,1.31946,1.31946,1.31946,0.0
2012-02-12 13:30:00,1.31946,1.31946,1.31946,1.31946,0.0
2012-02-12 13:31:00,1.31946,1.31946,1.31946,1.31946,0.0
2012-02-12 13:32:00,1.31946,1.31946,1.31946,1.31946,0.0
2012-02-12 13:33:00,1.31946,1.31946,1.31946,1.31946,0.0
2012-02-12 13:34:00,1.31946,1.31946,1.31946,1.31946,0.0
2012-02-12 13:35:00,1.31946,1.31946,1.31946,1.31946,0.0
2012-02-12 13:36:00,1.31946,1.31946,1.31946,1.31946,0.0
2012-02-12 13:37:00,1.31946,1.31946,1.31946,1.31946,0.0
2012-02-12 13:38:00,1.31946,1.31946,1.31946,1.31946,0.0
2012-02-12 13:39:00,1.31946,1.31946,1.31946,1.31946,0.0
2012-02-12 13:40:00,1.31946,1.31946,1.31946,1.31946,0.0
2012-02-12 13:41:00,1.31946,1.31946,1.31946,1.31946,0.0
2012-02-12 13:42:00,1.31946,1.31946,1.31946,1.31946,0.0
2012-02-12 13:43:00,1.31946,1.31946,1.31946,1.31946,0.0
2012-02-12 13:44:00,1.31946,1.31946,1.31946,1.31946,0.0
2012-02-12 13:45:00,1.31946,1.31946,1.31946,1.31946,0.0
2012-02-12 13:46:00,1.31946,1.31946,1.31946,1.31946,0.0
2012-02-12 13:47:00,1.31946,1.31946,1.31946,1.31946,0.0
2012-02-12 13:48:00,1.31946,1.31946,1.31946,1.31946,0.0
2012-02-12 13:49:00,1.31946,1.31946,1.31946,1.31946,0.0
2012-02-12 13:50:00,1.31946,1.31946,1.31946,1.31946,0.0
2012-02-12 13:51:00,1.31946,1.31946,1.31946,1.31946,0.0
2012-02-12 13:52:00,1.31946,1.31946,1.31946,1.31946,0.0
2012-02-12 13:53:00,1.31946,1.31946,1.31946,1.31946,0.0
2012-02-12 13:54:00,1.31946,1.31946,1.31946,1.31946,0.0
2012-02-12 13:55:00,1.31946,1.31946,1.31946,1.31946,0.0
2012-02-12 13:56:00,1.31946,1.31946,1.31946,1.31946,0.0
2012-02-12 13:57:00,1.31946,1.31946,1.31946,1.31946,0.0
2012-02-12 13:58:00,1.31946,1.31946,1.31946,1.31946,0.0
2012-02-12 13:59:00,1.31946,1.31946,1.31946,1.31946,0.0
2012-02-12 14:00:00,1.31946,1.31946,1.31946,1.31946,0.0
2012-02-12 14:01:00,1.31946,1.31946,1.31946,1.31946,0.0
2012-02-12 14:02:00,1.31946,1.31946,1.31946,1.31946,0.0
2012-02-12 14:03:00,1.31946,1.31946,1.31946,1.31946,0.0
2012-02-12 14:04:00,1.31946,1.31946,1.31946,1.31946,0.0
2012-02-12 14:05:00,1.31946,1.31946,1.31946,1.31946,0.0
2012-02-12 14:06:00,1.31946,1.31946,1.31946,1.31946,0.0
2012-02-12 14:07:00,1.31946,1.31946,1.31946,1.31946,0.0
2012-02-12 14:08:00,1.31946,1.31946,1.31946,1.31946,0.0
2012-02-12 14:09:00,1.31946,1.31946,1.31946,1.31946,0.0
2012-02-12 14:10:00,1.31946,1.31946,1.31946,1.31946,0.0
2012-02-12 14:11:00,1.31946,1.31946,1.31946,1.31946,0.0
2012-02-12 14:12:00,1.31946,1.31946,1.31946,1.31946,0.0
2012-02-12 14:13:00,1.31946,1.31946,1.31946,1.31946,0.0
2012-02-12 14:14:00,1.31946,1.31946,1.31946,1.31946,0.0
2012-02-12 14:15:00,1.31946,1.31946,1.31946,1.31946,0.0
2012-02-12 14:16:00,1.31946,1.31946,1.31946,1.31946,0.0
2012-02-12 14:17:00,1.31946,1.31946,1.31946,1.31946,0.0
2012-02-12 14:18:00,1.31946,1.31946,1.31946,1.31946,0.0
2012-02-12 14:19:00,1.31946,1.31946,1.31946,1.31946,0.0
2012-02-12 14:20:00,1.31946,1.31946,1.31946,1.31946,0.0
2012-02-12 14:21:00,1.31946,1.31946,1.31946,1.31946,0.0
2012-02-12 14:22:00,1.31946,1.31946,1.31946,1.31946,0.0
2012-02-12 14:23:00,1.31946,1.31946,1.31946,1.31946,0.0
2012-02-12 14:24:00,1.31946,1.31946,1.31946,1.31946,0.0
2012-02-12 14:25:00,1.31946,1.31946,1.31946,1.31946,0.0
2012-02-12 14:26:00,1.31946,1.31946,1.31946,1.31946,0.0
2012-02-12 14:27:00,1.31946,1.31946,1.31946,1.31946,0.0
2012-02-12 14:28:00,1.31946,1.31946,1.31946,1.31946,0.0
2012-02-12 14:29:00,1.31946,1.31946,1.31946,1.31946,0.0
2012-02-12 14:30:00,1.31946,1.31946,1.31946,1.31946,0.0
2012-02-12 14:31:00,1.31946,1.31946,1.31946,1.31946,0.0
2012-02-12 14:32:00,1.31946,1.31946,1.31946,1.31946,0.0
2012-02-12 14:33:00,1.31946,1.31946,1.31946,1.31946,0.0
2012-02-12 14:34:00,1.31946,1.31946,1.31946,1.31946,0.0
2012-02-12 14:35:00,1.31946,1.31946,1.31946,1.31946,0.0
2012-02-12 14:36:00,1.31946,1.31946,1.31946,1.31946,0.0
2012-02-12 14:37:00,1.31946,1.31946,1.31946,1.31946,0.0
2012-02-12 14:38:00,1.31946,1.31946,1.31946,1.31946,0.0
2012-02-12 14:39:00,1.31946,1.31946,1.31946,1.31946,0.0
2012-02-12 14:40:00,1.31946,1.31946,1.31946,1.31946,0.0
2012-02-12 14:41:00,1.31946,1.31946,1.31946,1.31946,0.0
2012-02-12 14:42:00,1.31946,1.31946,1.31946,1.31946,0.0
2012-02-12 14:43:00,1.31946,1.31946,1.31946,1.31946,0.0
2012-02-12 14:44:00,1.31946,1.31946,1.31946,1.31946,0.0
2012-02-12 14:45:00,1.31946,1.31946,1.31946,1.31946,0.0
2012-02-12 14:46:00,1.31946,1.31946,1.31946,1.31946,0.0
2012-02-12 14:47:00,1.31946,1.31946,1.31946,1.31946,0.0
2012-02-12 14:48:00,1.31946,1.31946,1.31946,1.31946,0.0
2012-02-12 14:49:00,1.31946,1.31946,1.31946,1.31946,0.0
2012-02-12 14:50:00,1.31946,1.31946,1.31946,1.31946,0.0
2012-02-12 14:51:00,1.31946,1.31946,1.31946,1.31946,0.0
2012-02-12 14:52:00,1.31946,1.31946,1.31946,1.31946,0.0
2012-02-12 14:53:00,1.31946,1.31946,1.31946,1.31946,0.0
2012-02-12 14:54:00,1.31946,1.31946,1.31946,1.31946,0.0
2012-02-12 14:55:00,1.31946,1.31946,1.31946,1.31946,0.0
2012-02-12 14:56:00,1.31946,1.31946,1.31946,1.31946,0.0
2012-02-12 14:57:00,1.31946,1.31946,1.31946,1.31946,0.0
2012-02-12 14:58:00,1.31946,1.31946,1.31946,1.31946,0.0
2012-02-12 14:59:00,1.31946,1.31946,1.31946,1.31946,0.0
2012-02-12 15:00:00,1.31946,1.31946,1.31946,1.31946,0.0
2012-02-12 15:01:00,1.31946,1.31946,1.31946,1.31946,0.0
2012-02-12 15:02:00,1.31946,1.31946,1.31946,1.31946,0.0
2012-02-12 15:03:00,1.31946,1.31946,1.31946,1.31946,0.0
2012-02-12 15:04:00,1.31946,1.31946,1.31946,1.31946,0.0
2012-02-12 15:05:00,1.31946,1.31946,1.31946,1.31946,0.0
2012-02-12 15:06:00,1.31946,1.31946,1.31946,1.31946,0.0
2012-02-12 15:07:00,1.31946,1.31946,1.31946,1.31946,0.0
2012-02-12 15:08:00,1.31946,1.31946,1.31946,1.31946,0.0
2012-02-12 15:09:00,1.31946,1.31946,1.31946,1.31946,0.0
2012-02-12 15:10:00,1.31946,1.31946,1.31946,1.31946,0.0
2012-02-12 15:11:00,1.31946,1.31946,1.31946,1.31946,0.0
2012-02-12 15:12:00,1.31946,1.31946,1.31946,1.31946,0.0
2012-02-12 15:13:00,1.31946,1.31946,1.31946,1.31946,0.0
2012-02-12 15:14:00,1.31946,1.31946,1.31946,1.31946,0.0
2012-02-12 15:15:00,1.31946,1.31946,1.31946,1.31946,0.0
2012-02-12 15:16:00,1.31946,1.31946,1.31946,1.31946,0.0
2012-02-12 15:17:00,1.31946,1.31946,1.31946,1.31946,0.0
2012-02-12 15:18:00,1.31946,1.31946,1.31946,1.31946,0.0
2012-02-12 15:19:00,1.31946,1.31946,1.31946,1.31946,0.0
2012-02-12 15:20:00,1.31946,1.31946,1.31946,1.31946,0.0
2012-02-12 15:21:00,1.31946,1.31946,1.31946,1.31946,0.0
2012-02-12 15:22:00,1.31946,1.31946,1.31946,1.31946,0.0
2012-02-12 15:23:00,1.31946,1.31946,1.31946,1.31946,0.0
2012-02-12 15:24:00,1.31946,1.31946,1.31946,1.31946,0.0
2012-02-12 15:25:00,1.31946,1.31946,1.31946,1.31946,0.0
2012-02-12 15:26:00,1.31946,1.31946,1.31946,1.31946,0.0
2012-02-12 15:27:00,1.31946,1.31946,1.31946,1.31946,0.0
2012-02-12 15:28:00,1.31946,1.31946,1.31946,1.31946,0.0
2012-02-12 15:29:00,1.31946,1.31946,1.31946,1.31946,0.0
2012-02-12 15:30:00,1.31946,1.31946,1.31946,1.31946,0.0
2012-02-12 15:31:00,1.31946,1.31946,1.31946,1.31946,0.0
2012-02-12 15:32:00,1.31946,1.31946,1.31946,1.31946,0.0
2012-02-12 15:33:00,1.31946,1.31946,1.31946,1.31946,0.0
2012-02-12 15:34:00,1.31946,1.31946,1.31946,1.31946,0.0
2012-02-12 15:35:00,1.31946,1.31946,1.31946,1.31946,0.0
2012-02-12 15:36:00,1.31946,1.31946,1.31946,1.31946,0.0
2012-02-12 15:37:00,1.31946,1.31946,1.31946,1.31946,0.0
2012-02-12 15:38:00,1.31946,1.31946,1.31946,1.31946,0.0
2012-02-12 15:39:00,1.31946,1.31946,1.31946,1.31946,0.0
2012-02-12 15:40:00,1.31946,1.31946,1.31946,1.31946,0.0
2012-02-12 15:41:00,1.31946,1.31946,1.31946,1.31946,0.0
2012-02-12 15:42:00,1.31946,1.31946,1.31946,1.31946,0.0
2012-02-12 15:43:00,1.31946,1.31946,1.31946,1.31946,0.0
2012-02-12 15:44:00,1.31946,1.31946,1.31946,1.31946,0.0
2012-02-12 15:45:00,1.31946,1.31946,1.31946,1.31946,0.0
2012-02-12 15:46:00,1.31946,1.31946,1.31946,1.31946,0.0
2012-02-12 15:47:00,1.31946,1.31946,1.31946,1.31946,0.0
2012-02-12 15:48:00,1.31946,1.31946,1.31946,1.31946,0.0
2012-02-12 15:49:00,1.31946,1.31946,1.31946,1.31946,0.0
2012-02-12 15:50:00,1.31946,1.31946,1.31946,1.31946,0.0
2012-02-12 15:51:00,1.31946,1.31946,1.31946,1.31946,0.0
2012-02-12 15:52:00,1.31946,1.31946,1.31946,1.31946,0.0
2012-02-12 15:53:00,1.31946,1.31946,1.31946,1.31946,0.0
2012-02-12 15:54:00,1.31946,1.31946,1.31946,1.31946,0.0
2012-02-12 15:55:00,1.31946,1.31946,1.31946,1.31946,0.0
2012-02-12 15:56:00,1.31946,1.31946,1.31946,1.31946,0.0
2012-02-12 15:57:00,1.31946,1.31946,1.31946,1.31946,0.0
2012-02-12 15:58:00,1.31946,1.31946,1.31946,1.31946,0.0
2012-02-12 15:59:00,1.31946,1.31946,1.31946,1.31946,0.0
2012-02-12 16:00:00,1.31946,1.31946,1.31946,1.31946,0.0
2012-02-12 16:01:00,1.31946,1.31946,1.31946,1.31946,0.0
2012-02-12 16:02:00,1.31946,1.31946,1.31946,1.31946,0.0
2012-02-12 16:03:00,1.31946,1.31946,1.31946,1.31946,0.0
2012-02-12 16:04:00,1.31946,1.31946,1.31946,1.31946,0.0
2012-02-12 16:05:00,1.31946,1.31946,1.31946,1.31946,0.0
2012-02-12 16:06:00,1.31946,1.31946,1.31946,1.31946,0.0
2012-02-12 16:07:00,1.31946,1.31946,1.31946,1.31946,0.0
2012-02-12 16:08:00,1.31946,1.31946,1.31946,1.31946,0.0
2012-02-12 16:09:00,1.31946,1.31946,1.31946,1.31946,0.0
2012-02-12 16:10:00,1.31946,1.31946,1.31946,1.31946,0.0
2012-02-12 16:11:00,1.31946,1.31946,1.31946,1.31946,0.0
2012-02-12 16:12:00,1.31946,1.31946,1.31946,1.31946,0.0
2012-02-12 16:13:00,1.31946,1.31946,1.31946,1.31946,0.0
2012-02-12 16:14:00,1.31946,1.31946,1.31946,1.31946,0.0
2012-02-12 16:15:00,1.31946,1.31946,1.31946,1.31946,0.0
2012-02-12 16:16:00,1.31946,1.31946,1.31946,1.31946,0.0
2012-02-12 16:17:00,1.31946,1.31946,1.31946,1.31946,0.0
2012-02-12 16:18:00,1.31946,1.31946,1.31946,1.31946,0.0
2012-02-12 16:19:00,1.31946,1.31946,1.31946,1.31946,0.0
2012-02-12 16:20:00,1.31946,1.31946,1.31946,1.31946,0.0
2012-02-12 16:21:00,1.31946,1.31946,1.31946,1.31946,0.0
2012-02-12 16:22:00,1.31946,1.31946,1.31946,1.31946,0.0
2012-02-12 16:23:00,1.31946,1.31946,1.31946,1.31946,0.0
2012-02-12 16:24:00,1.31946,1.31946,1.31946,1.31946,0.0
2012-02-12 16:25:00,1.31946,1.31946,1.31946,1.31946,0.0
2012-02-12 16:26:00,1.31946,1.31946,1.31946,1.31946,0.0
2012-02-12 16:27:00,1.31946,1.31946,1.31946,1.31946,0.0
2012-02-12 16:28:00,1.31946,1.31946,1.31946,1.31946,0.0
2012-02-12 16:29:00,1.31946,1.31946,1.31946,1.31946,0.0
2012-02-12 16:30:00,1.31946,1.31946,1.31946,1.31946,0.0
2012-02-12 16:31:00,1.31946,1.31946,1.31946,1.31946,0.0
2012-02-12 16:32:00,1.31946,1.31946,1.31946,1.31946,0.0
2012-02-12 16:33:00,1.31946,1.31946,1.31946,1.31946,0.0
2012-02-12 16:34:00,1.31946,1.31946,1.31946,1.31946,0.0
2012-02-12 16:35:00,1.31946,1.31946,1.31946,1.31946,0.0
2012-02-12 16:36:00,1.31946,1.31946,1.31946,1.31946,0.0
2012-02-12 16:37:00,1.31946,1.31946,1.31946,1.31946,0.0
2012-02-12 16:38:00,1.31946,1.31946,1.31946,1.31946,0.0
2012-02-12 16:39:00,1.31946,1.31946,1.31946,1.31946,0.0
2012-02-12 16:40:00,1.31946,1.31946,1.31946,1.31946,0.0
2012-02-12 16:41:00,1.31946,1.31946,1.31946,1.31946,0.0
2012-02-12 16:42:00,1.31946,1.31946,1.31946,1.31946,0.0
2012-02-12 16:43:00,1.31946,1.31946,1.31946,1.31946,0.0
2012-02-12 16:44:00,1.31946,1.31946,1.31946,1.31946,0.0
2012-02-12 16:45:00,1.31946,1.31946,1.31946,1.31946,0.0
2012-02-12 16:46:00,1.31946,1.31946,1.31946,1.31946,0.0
2012-02-12 16:47:00,1.31946,1.31946,1.31946,1.31946,0.0
2012-02-12 16:48:00,1.31946,1.31946,1.31946,1.31946,0.0
2012-02-12 16:49:00,1.31946,1.31946,1.31946,1.31946,0.0
2012-02-12 16:50:00,1.31946,1.31946,1.31946,1.31946,0.0
2012-02-12 16:51:00,1.31946,1.31946,1.31946,1.31946,0.0
2012-02-12 16:52:00,1.31946,1.31946,1.31946,1.31946,0.0
2012-02-12 16:53:00,1.31946,1.31946,1.31946,1.31946,0.0
2012-02-12 16:54:00,1.31946,1.31946,1.31946,1.31946,0.0
2012-02-12 16:55:00,1.31946,1.31946,1.31946,1.31946,0.0
2012-02-12 16:56:00,1.31946,1.31946,1.31946,1.31946,0.0
2012-02-12 16:57:00,1.31946,1.31946,1.31946,1.31946,0.0
2012-02-12 16:58:00,1.31946,1.31946,1.31946,1.31946,0.0
2012-02-12 16:59:00,1.31946,1.31946,1.31946,1.31946,0.0
2012-02-12 17:00:00,1.31946,1.31946,1.31946,1.31946,0.0
2012-02-12 17:01:00,1.31946,1.31946,1.31946,1.31946,0.0
2012-02-12 17:02:00,1.31946,1.31946,1.31946,1.31946,0.0
2012-02-12 17:03:00,1.31946,1.31946,1.31946,1.31946,0.0
2012-02-12 17:04:00,1.31946,1.31946,1.31946,1.31946,0.0
2012-02-12 17:05:00,1.31946,1.31946,1.31946,1.31946,0.0
2012-02-12 17:06:00,1.31946,1.31946,1.31946,1.31946,0.0
2012-02-12 17:07:00,1.31946,1.31946,1.31946,1.31946,0.0
2012-02-12 17:08:00,1.31946,1.31946,1.31946,1.31946,0.0
2012-02-12 17:09:00,1.31946,1.31946,1.31946,1.31946,0.0
2012-02-12 17:10:00,1.31946,1.31946,1.31946,1.31946,0.0
2012-02-12 17:11:00,1.31946,1.31946,1.31946,1.31946,0.0
2012-02-12 17:12:00,1.31946,1.31946,1.31946,1.31946,0.0
2012-02-12 17:13:00,1.31946,1.31946,1.31946,1.31946,0.0
2012-02-12 17:14:00,1.31946,1.31946,1.31946,1.31946,0.0
2012-02-12 17:15:00,1.31946,1.31946,1.31946,1.31946,0.0
2012-02-12 17:16:00,1.31946,1.31946,1.31946,1.31946,0.0
2012-02-12 17:17:00,1.31946,1.31946,1.31946,1.31946,0.0
2012-02-12 17:18:00,1.31946,1.31946,1.31946,1.31946,0.0
2012-02-12 17:19:00,1.31946,1.31946,1.31946,1.31946,0.0
2012-02-12 17:20:00,1.31946,1.31946,1.31946,1.31946,0.0
2012-02-12 17:21:00,1.31946,1.31946,1.31946,1.31946,0.0
2012-02-12 17:22:00,1.31946,1.31946,1.31946,1.31946,0.0
2012-02-12 17:23:00,1.31946,1.31946,1.31946,1.31946,0.0
2012-02-12 17:24:00,1.31946,1.31946,1.31946,1.31946,0.0
2012-02-12 17:25:00,1.31946,1.31946,1.31946,1.31946,0.0
2012-02-12 17:26:00,1.31946,1.31946,1.31946,1.31946,0.0
2012-02-12 17:27:00,1.31946,1.31946,1.31946,1.31946,0.0
2012-02-12 17:28:00,1.31946,1.31946,1.31946,1.31946,0.0
2012-02-12 17:29:00,1.31946,1.31946,1.31946,1.31946,0.0
2012-02-12 17:30:00,1.31946,1.31946,1.31946,1.31946,0.0
2012-02-12 17:31:00,1.31946,1.31946,1.31946,1.31946,0.0
2012-02-12 17:32:00,1.31946,1.31946,1.31946,1.31946,0.0
2012-02-12 17:33:00,1.31946,1.31946,1.31946,1.31946,0.0
2012-02-12 17:34:00,1.31946,1.31946,1.31946,1.31946,0.0
2012-02-12 17:35:00,1.31946,1.31946,1.31946,1.31946,0.0
2012-02-12 17:36:00,1.31946,1.31946,1.31946,1.31946,0.0
2012-02-12 17:37:00,1.31946,1.31946,1.31946,1.31946,0.0
2012-02-12 17:38:00,1.31946,1.31946,1.31946,1.31946,0.0
2012-02-12 17:39:00,1.31946,1.31946,1.31946,1.31946,0.0
2012-02-12 17:40:00,1.31946,1.31946,1.31946,1.31946,0.0
2012-02-12 17:41:00,1.31946,1.31946,1.31946,1.31946,0.0
2012-02-12 17:42:00,1.31946,1.31946,1.31946,1.31946,0.0
2012-02-12 17:43:00,1.31946,1.31946,1.31946,1.31946,0.0
2012-02-12 17:44:00,1.31946,1.31946,1.31946,1.31946,0.0
2012-02-12 17:45:00,1.31946,1.31946,1.31946,1.31946,0.0
2012-02-12 17:46:00,1.31946,1.31946,1.31946,1.31946,0.0
2012-02-12 17:47:00,1.31946,1.31946,1.31946,1.31946,0.0
2012-02-12 17:48:00,1.31946,1.31946,1.31946,1.31946,0.0
2012-02-12 17:49:00,1.31946,1.31946,1.31946,1.31946,0.0
2012-02-12 17:50:00,1.31946,1.31946,1.31946,1.31946,0.0
2012-02-12 17:51:00,1.31946,1.31946,1.31946,1.31946,0.0
2012-02-12 17:52:00,1.31946,1.31946,1.31946,1.31946,0.0
2012-02-12 17:53:00,1.31946,1.31946,1.31946,1.31946,0.0
2012-02-12 17:54:00,1.31946,1.31946,1.31946,1.31946,0.0
2012-02-12 17:55:00,1.31946,1.31946,1.31946,1.31946,0.0
2012-02-12 17:56:00,1.31946,1.31946,1.31946,1.31946,0.0
2012-02-12 17:57:00,1.31946,1.31946,1.31946,1.31946,0.0
2012-02-12 17:58:00,1.31946,1.31946,1.31946,1.31946,0.0
2012-02-12 17:59:00,1.31946,1.31946,1.31946,1.31946,0.0
2012-02-12 18:00:00,1.31946,1.31946,1.31946,1.31946,0.0
2012-02-12 18:01:00,1.31946,1.31946,1.31946,1.31946,0.0
2012-02-12 18:02:00,1.31946,1.31946,1.31946,1.31946,0.0
2012-02-12 18:03:00,1.31946,1.31946,1.31946,1.31946,0.0
2012-02-12 18:04:00,1.31946,1.31946,1.31946,1.31946,0.0
2012-02-12 18:05:00,1.31946,1.31946,1.31946,1.31946,0.0
2012-02-12 18:06:00,1.31946,1.31946,1.31946,1.31946,0.0
2012-02-12 18:07:00,1.31946,1.31946,1.31946,1.31946,0.0
2012-02-12 18:08:00,1.31946,1.31946,1.31946,1.31946,0.0
2012-02-12 18:09:00,1.31946,1.31946,1.31946,1.31946,0.0
2012-02-12 18:10:00,1.31946,1.31946,1.31946,1.31946,0.0
2012-02-12 18:11:00,1.31946,1.31946,1.31946,1.31946,0.0
2012-02-12 18:12:00,1.31946,1.31946,1.31946,1.31946,0.0
2012-02-12 18:13:00,1.31946,1.31946,1.31946,1.31946,0.0
2012-02-12 18:14:00,1.31946,1.31946,1.31946,1.31946,0.0
2012-02-12 18:15:00,1.31946,1.31946,1.31946,1.31946,0.0
2012-02-12 18:16:00,1.31946,1.31946,1.31946,1.31946,0.0
2012-02-12 18:17:00,1.31946,1.31946,1.31946,1.31946,0.0
2012-02-12 18:18:00,1.31946,1.31946,1.31946,1.31946,0.0
2012-02-12 18:19:00,1.31946,1.31946,1.31946,1.31946,0.0
2012-02-12 18:20:00,1.31946,1.31946,1.31946,1.31946,0.0
2012-02-12 18:21:00,1.31946,1.31946,1.31946,1.31946,0.0
2012-02-12 18:22:00,1.31946,1.31946,1.31946,1.31946,0.0
2012-02-12 18:23:00,1.31946,1.31946,1.31946,1.31946,0.0
2012-02-12 18:24:00,1.31946,1.31946,1.31946,1.31946,0.0
2012-02-12 18:25:00,1.31946,1.31946,1.31946,1.31946,0.0
2012-02-12 18:26:00,1.31946,1.31946,1.31946,1.31946,0.0
2012-02-12 18:27:00,1.31946,1.31946,1.31946,1.31946,0.0
2012-02-12 18:28:00,1.31946,1.31946,1.31946,1.31946,0.0
2012-02-12 18:29:00,1.31946,1.31946,1.31946,1.31946,0.0
2012-02-12 18:30:00,1.31946,1.31946,1.31946,1.31946,0.0
2012-02-12 18:31:00,1.31946,1.31946,1.31946,1.31946,0.0
2012-02-12 18:32:00,1.31946,1.31946,1.31946,1.31946,0.0
2012-02-12 18:33:00,1.31946,1.31946,1.31946,1.31946,0.0
2012-02-12 18:34:00,1.31946,1.31946,1.31946,1.31946,0.0
2012-02-12 18:35:00,1.31946,1.31946,1.31946,1.31946,0.0
2012-02-12 18:36:00,1.31946,1.31946,1.31946,1.31946,0.0
2012-02-12 18:37:00,1.31946,1.31946,1.31946,1.31946,0.0
2012-02-12 18:38:00,1.31946,1.31946,1.31946,1.31946,0.0
2012-02-12 18:39:00,1.31946,1.31946,1.31946,1.31946,0.0
2012-02-12 18:40:00,1.31946,1.31946,1.31946,1.31946,0.0
2012-02-12 18:41:00,1.31946,1.31946,1.31946,1.31946,0.0
2012-02-12 18:42:00,1.31946,1.31946,1.31946,1.31946,0.0
2012-02-12 18:43:00,1.31946,1.31946,1.31946,1.31946,0.0
2012-02-12 18:44:00,1.31946,1.31946,1.31946,1.31946,0.0
2012-02-12 18:45:00,1.31946,1.31946,1.31946,1.31946,0.0
2012-02-12 18:46:00,1.31946,1.31946,1.31946,1.31946,0.0
2012-02-12 18:47:00,1.31946,1.31946,1.31946,1.31946,0.0
2012-02-12 18:48:00,1.31946,1.31946,1.31946,1.31946,0.0
2012-02-12 18:49:00,1.31946,1.31946,1.31946,1.31946,0.0
2012-02-12 18:50:00,1.31946,1.31946,1.31946,1.31946,0.0
2012-02-12 18:51:00,1.31946,1.31946,1.31946,1.31946,0.0
2012-02-12 18:52:00,1.31946,1.31946,1.31946,1.31946,0.0
2012-02-12 18:53:00,1.31946,1.31946,1.31946,1.31946,0.0
2012-02-12 18:54:00,1.31946,1.31946,1.31946,1.31946,0.0
2012-02-12 18:55:00,1.31946,1.31946,1.31946,1.31946,0.0
2012-02-12 18:56:00,1.31946,1.31946,1.31946,1.31946,0.0
2012-02-12 18:57:00,1.31946,1.31946,1.31946,1.31946,0.0
2012-02-12 18:58:00,1.31946,1.31946,1.31946,1.31946,0.0
2012-02-12 18:59:00,1.31946,1.31946,1.31946,1.31946,0.0
2012-02-12 19:00:00,1.31946,1.31946,1.31946,1.31946,0.0
2012-02-12 19:01:00,1.31946,1.31946,1.31946,1.31946,0.0
2012-02-12 19:02:00,1.31946,1.31946,1.31946,1.31946,0.0
2012-02-12 19:03:00,1.31946,1.31946,1.31946,1.31946,0.0
2012-02-12 19:04:00,1.31946,1.31946,1.31946,1.31946,0.0
2012-02-12 19:05:00,1.31946,1.31946,1.31946,1.31946,0.0
2012-02-12 19:06:00,1.31946,1.31946,1.31946,1.31946,0.0
2012-02-12 19:07:00,1.31946,1.31946,1.31946,1.31946,0.0
2012-02-12 19:08:00,1.31946,1.31946,1.31946,1.31946,0.0
2012-02-12 19:09:00,1.31946,1.31946,1.31946,1.31946,0.0
2012-02-12 19:10:00,1.31946,1.31946,1.31946,1.31946,0.0
2012-02-12 19:11:00,1.31946,1.31946,1.31946,1.31946,0.0
2012-02-12 19:12:00,1.31946,1.31946,1.31946,1.31946,0.0
2012-02-12 19:13:00,1.31946,1.31946,1.31946,1.31946,0.0
2012-02-12 19:14:00,1.31946,1.31946,1.31946,1.31946,0.0
2012-02-12 19:15:00,1.31946,1.31946,1.31946,1.31946,0.0
2012-02-12 19:16:00,1.31946,1.31946,1.31946,1.31946,0.0
2012-02-12 19:17:00,1.31946,1.31946,1.31946,1.31946,0.0
2012-02-12 19:18:00,1.31946,1.31946,1.31946,1.31946,0.0
2012-02-12 19:19:00,1.31946,1.31946,1.31946,1.31946,0.0
2012-02-12 19:20:00,1.31946,1.31946,1.31946,1.31946,0.0
2012-02-12 19:21:00,1.31946,1.31946,1.31946,1.31946,0.0
2012-02-12 19:22:00,1.31946,1.31946,1.31946,1.31946,0.0
2012-02-12 19:23:00,1.31946,1.31946,1.31946,1.31946,0.0
2012-02-12 19:24:00,1.31946,1.31946,1.31946,1.31946,0.0
2012-02-12 19:25:00,1.31946,1.31946,1.31946,1.31946,0.0
2012-02-12 19:26:00,1.31946,1.31946,1.31946,1.31946,0.0
2012-02-12 19:27:00,1.31946,1.31946,1.31946,1.31946,0.0
2012-02-12 19:28:00,1.31946,1.31946,1.31946,1.31946,0.0
2012-02-12 19:29:00,1.31946,1.31946,1.31946,1.31946,0.0
2012-02-12 19:30:00,1.31946,1.31946,1.31946,1.31946,0.0
2012-02-12 19:31:00,1.31946,1.31946,1.31946,1.31946,0.0
2012-02-12 19:32:00,1.31946,1.31946,1.31946,1.31946,0.0
2012-02-12 19:33:00,1.31946,1.31946,1.31946,1.31946,0.0
2012-02-12 19:34:00,1.31946,1.31946,1.31946,1.31946,0.0
2012-02-12 19:35:00,1.31946,1.31946,1.31946,1.31946,0.0
2012-02-12 19:36:00,1.31946,1.31946,1.31946,1.31946,0.0
2012-02-12 19:37:00,1.31946,1.31946,1.31946,1.31946,0.0
2012-02-12 19:38:00,1.31946,1.31946,1.31946,1.31946,0.0
2012-02-12 19:39:00,1.31946,1.31946,1.31946,1.31946,0.0
2012-02-12 19:40:00,1.31946,1.31946,1.31946,1.31946,0.0
2012-02-12 19:41:00,1.31946,1.31946,1.31946,1.31946,0.0
2012-02-12 19:42:00,1.31946,1.31946,1.31946,1.31946,0.0
2012-02-12 19:43:00,1.31946,1.31946,1.31946,1.31946,0.0
2012-02-12 19:44:00,1.31946,1.31946,1.31946,1.31946,0.0
2012-02-12 19:45:00,1.31946,1.31946,1.31946,1.31946,0.0
2012-02-12 19:46:00,1.31946,1.31946,1.31946,1.31946,0.0
2012-02-12 19:47:00,1.31946,1.31946,1.31946,1.31946,0.0
2012-02-12 19:48:00,1.31946,1.31946,1.31946,1.31946,0.0
2012-02-12 19:49:00,1.31946,1.31946,1.31946,1.31946,0.0
2012-02-12 19:50:00,1.31946,1.31946,1.31946,1.31946,0.0
2012-02-12 19:51:00,1.31946,1.31946,1.31946,1.31946,0.0
2012-02-12 19:52:00,1.31946,1.31946,1.31946,1.31946,0.0
2012-02-12 19:53:00,1.31946,1.31946,1.31946,1.31946,0.0
2012-02-12 19:54:00,1.31946,1.31946,1.31946,1.31946,0.0
2012-02-12 19:55:00,1.31946,1.31946,1.31946,1.31946,0.0
2012-02-12 19:56:00,1.31946,1.31946,1.31946,1.31946,0.0
2012-02-12 19:57:00,1.31946,1.31946,1.31946,1.31946,0.0
2012-02-12 19:58:00,1.31946,1.31946,1.31946,1.31946,0.0
2012-02-12 19:59:00,1.31946,1.31946,1.31946,1.31946,0.0
2012-02-12 20:00:00,1.31946,1.31946,1.31946,1.31946,0.0
2012-02-12 20:01:00,1.31946,1.31946,1.31946,1.31946,0.0
2012-02-12 20:02:00,1.31946,1.31946,1.31946,1.31946,0.0
2012-02-12 20:03:00,1.31946,1.31946,1.31946,1.31946,0.0
2012-02-12 20:04:00,1.31946,1.31946,1.31946,1.31946,0.0
2012-02-12 20:05:00,1.31946,1.31946,1.31946,1.31946,0.0
2012-02-12 20:06:00,1.31946,1.31946,1.31946,1.31946,0.0
2012-02-12 20:07:00,1.31946,1.31946,1.31946,1.31946,0.0
2012-02-12 20:08:00,1.31946,1.31946,1.31946,1.31946,0.0
2012-02-12 20:09:00,1.31946,1.31946,1.31946,1.31946,0.0
2012-02-12 20:10:00,1.31946,1.31946,1.31946,1.31946,0.0
2012-02-12 20:11:00,1.31946,1.31946,1.31946,1.31946,0.0
2012-02-12 20:12:00,1.31946,1.31946,1.31946,1.31946,0.0
2012-02-12 20:13:00,1.31946,1.31946,1.31946,1.31946,0.0
2012-02-12 20:14:00,1.31946,1.31946,1.31946,1.31946,0.0
2012-02-12 20:15:00,1.31946,1.31946,1.31946,1.31946,0.0
2012-02-12 20:16:00,1.31946,1.31946,1.31946,1.31946,0.0
2012-02-12 20:17:00,1.31946,1.31946,1.31946,1.31946,0.0
2012-02-12 20:18:00,1.31946,1.31946,1.31946,1.31946,0.0
2012-02-12 20:19:00,1.31946,1.31946,1.31946,1.31946,0.0
2012-02-12 20:20:00,1.31946,1.31946,1.31946,1.31946,0.0
2012-02-12 20:21:00,1.31946,1.31946,1.31946,1.31946,0.0
2012-02-12 20:22:00,1.31946,1.31946,1.31946,1.31946,0.0
2012-02-12 20:23:00,1.31946,1.31946,1.31946,1.31946,0.0
2012-02-12 20:24:00,1.31946,1.31946,1.31946,1.31946,0.0
2012-02-12 20:25:00,1.31946,1.31946,1.31946,1.31946,0.0
2012-02-12 20:26:00,1.31946,1.31946,1.31946,1.31946,0.0
2012-02-12 20:27:00,1.31946,1.31946,1.31946,1.31946,0.0
2012-02-12 20:28:00,1.31946,1.31946,1.31946,1.31946,0.0
2012-02-12 20:29:00,1.31946,1.31946,1.31946,1.31946,0.0
2012-02-12 20:30:00,1.31946,1.31946,1.31946,1.31946,0.0
2012-02-12 20:31:00,1.31946,1.31946,1.31946,1.31946,0.0
2012-02-12 20:32:00,1.31946,1.31946,1.31946,1.31946,0.0
2012-02-12 20:33:00,1.31946,1.31946,1.31946,1.31946,0.0
2012-02-12 20:34:00,1.31946,1.31946,1.31946,1.31946,0.0
2012-02-12 20:35:00,1.31946,1.31946,1.31946,1.31946,0.0
2012-02-12 20:36:00,1.31946,1.31946,1.31946,1.31946,0.0
2012-02-12 20:37:00,1.31946,1.31946,1.31946,1.31946,0.0
2012-02-12 20:38:00,1.31946,1.31946,1.31946,1.31946,0.0
2012-02-12 20:39:00,1.31946,1.31946,1.31946,1.31946,0.0
2012-02-12 20:40:00,1.31946,1.31946,1.31946,1.31946,0.0
2012-02-12 20:41:00,1.31946,1.31946,1.31946,1.31946,0.0
2012-02-12 20:42:00,1.31946,1.31946,1.31946,1.31946,0.0
2012-02-12 20:43:00,1.31946,1.31946,1.31946,1.31946,0.0
2012-02-12 20:44:00,1.31946,1.31946,1.31946,1.31946,0.0
2012-02-12 20:45:00,1.31946,1.31946,1.31946,1.31946,0.0
2012-02-12 20:46:00,1.31946,1.31946,1.31946,1.31946,0.0
2012-02-12 20:47:00,1.31946,1.31946,1.31946,1.31946,0.0
2012-02-12 20:48:00,1.31946,1.31946,1.31946,1.31946,0.0
2012-02-12 20:49:00,1.31946,1.31946,1.31946,1.31946,0.0
2012-02-12 20:50:00,1.31946,1.31946,1.31946,1.31946,0.0
2012-02-12 20:51:00,1.31946,1.31946,1.31946,1.31946,0.0
2012-02-12 20:52:00,1.31946,1.31946,1.31946,1.31946,0.0
2012-02-12 20:53:00,1.31946,1.31946,1.31946,1.31946,0.0
2012-02-12 20:54:00,1.31946,1.31946,1.31946,1.31946,0.0
2012-02-12 20:55:00,1.31946,1.31946,1.31946,1.31946,0.0
2012-02-12 20:56:00,1.31946,1.31946,1.31946,1.31946,0.0
2012-02-12 20:57:00,1.31946,1.31946,1.31946,1.31946,0.0
2012-02-12 20:58:00,1.31946,1.31946,1.31946,1.31946,0.0
2012-02-12 20:59:00,1.31946,1.31946,1.31946,1.31946,0.0
2012-02-12 21:00:00,1.31946,1.31946,1.31946,1.31946,0.0
2012-02-12 21:01:00,1.31946,1.31946,1.31946,1.31946,0.0
2012-02-12 21:02:00,1.31946,1.31946,1.31946,1.31946,0.0
2012-02-12 21:03:00,1.31946,1.31946,1.31946,1.31946,0.0
2012-02-12 21:04:00,1.31946,1.31946,1.31946,1.31946,0.0
2012-02-12 21:05:00,1.31946,1.31946,1.31946,1.31946,0.0
2012-02-12 21:06:00,1.31946,1.31946,1.31946,1.31946,0.0
2012-02-12 21:07:00,1.31946,1.31946,1.31946,1.31946,0.0
2012-02-12 21:08:00,1.31946,1.31946,1.31946,1.31946,0.0
2012-02-12 21:09:00,1.31946,1.31946,1.31946,1.31946,0.0
2012-02-12 21:10:00,1.31946,1.31946,1.31946,1.31946,0.0
2012-02-12 21:11:00,1.31946,1.31946,1.31946,1.31946,0.0
2012-02-12 21:12:00,1.31946,1.31946,1.31946,1.31946,0.0
2012-02-12 21:13:00,1.31946,1.31946,1.31946,1.31946,0.0
2012-02-12 21:14:00,1.31946,1.31946,1.31946,1.31946,0.0
2012-02-12 21:15:00,1.31946,1.31946,1.31946,1.31946,0.0
2012-02-12 21:16:00,1.31946,1.31946,1.31946,1.31946,0.0
2012-02-12 21:17:00,1.31946,1.31946,1.31946,1.31946,0.0
2012-02-12 21:18:00,1.31946,1.31946,1.31946,1.31946,0.0
2012-02-12 21:19:00,1.31946,1.31946,1.31946,1.31946,0.0
2012-02-12 21:20:00,1.31946,1.31946,1.31946,1.31946,0.0
2012-02-12 21:21:00,1.31946,1.31946,1.31946,1.31946,0.0
2012-02-12 21:22:00,1.31946,1.31946,1.31946,1.31946,0.0
2012-02-12 21:23:00,1.31946,1.31946,1.31946,1.31946,0.0
2012-02-12 21:24:00,1.31946,1.31946,1.31946,1.31946,0.0
2012-02-12 21:25:00,1.31946,1.31946,1.31946,1.31946,0.0
2012-02-12 21:26:00,1.31946,1.31946,1.31946,1.31946,0.0
2012-02-12 21:27:00,1.31946,1.31946,1.31946,1.31946,0.0
2012-02-12 21:28:00,1.31946,1.31946,1.31946,1.31946,0.0
2012-02-12 21:29:00,1.31946,1.31946,1.31946,1.31946,0.0
2012-02-12 21:30:00,1.31946,1.31946,1.31946,1.31946,0.0
2012-02-12 21:31:00,1.31946,1.31946,1.31946,1.31946,0.0
2012-02-12 21:32:00,1.31946,1.31946,1.31946,1.31946,0.0
2012-02-12 21:33:00,1.31946,1.31946,1.31946,1.31946,0.0
2012-02-12 21:34:00,1.31946,1.31946,1.31946,1.31946,0.0
2012-02-12 21:35:00,1.31946,1.31946,1.31946,1.31946,0.0
2012-02-12 21:36:00,1.31946,1.31946,1.31946,1.31946,0.0
2012-02-12 21:37:00,1.31946,1.31946,1.31946,1.31946,0.0
2012-02-12 21:38:00,1.31946,1.31946,1.31946,1.31946,0.0
2012-02-12 21:39:00,1.31946,1.31946,1.31946,1.31946,0.0
2012-02-12 21:40:00,1.31946,1.31946,1.31946,1.31946,0.0
2012-02-12 21:41:00,1.31946,1.31946,1.31946,1.31946,0.0
2012-02-12 21:42:00,1.31946,1.31946,1.31946,1.31946,0.0
2012-02-12 21:43:00,1.31946,1.31946,1.31946,1.31946,0.0
2012-02-12 21:44:00,1.31946,1.31946,1.31946,1.31946,0.0
2012-02-12 21:45:00,1.31946,1.31946,1.31946,1.31946,0.0
2012-02-12 21:46:00,1.31946,1.31946,1.31946,1.31946,0.0
2012-02-12 21:47:00,1.31946,1.31946,1.31946,1.31946,0.0
2012-02-12 21:48:00,1.31946,1.31946,1.31946,1.31946,0.0
2012-02-12 21:49:00,1.31946,1.31946,1.31946,1.31946,0.0
2012-02-12 21:50:00,1.31946,1.31946,1.31946,1.31946,0.0
2012-02-12 21:51:00,1.31946,1.31946,1.31946,1.31946,0.0
2012-02-12 21:52:00,1.31946,1.31946,1.31946,1.31946,0.0
2012-02-12 21:53:00,1.31946,1.31946,1.31946,1.31946,0.0
2012-02-12 21:54:00,1.31946,1.31946,1.31946,1.31946,0.0
2012-02-12 21:55:00,1.31946,1.31946,1.31946,1.31946,0.0
2012-02-12 21:56:00,1.31946,1.31946,1.31946,1.31946,0.0
2012-02-12 21:57:00,1.31946,1.31946,1.31946,1.31946,0.0
2012-02-12 21:58:00,1.31946,1.31946,1.31946,1.31946,0.0
2012-02-12 21:59:00,1.31946,1.31946,1.31946,1.31946,0.0
2012-02-12 22:00:00,1.32042,1.32088,1.32042,1.32087,281100006.1035156
2012-02-12 22:01:00,1.32088,1.32088,1.3207,1.32071,510800018.3105469
2012-02-12 22:02:00,1.32069,1.32069,1.32016,1.32016,956999969.4824219
2012-02-12 22:03:00,1.32017,1.32041,1.32017,1.3204,315300006.8664551
2012-02-12 22:04:00,1.32039,1.32041,1.32032,1.32033,52500000.0
2012-02-12 22:05:00,1.32032,1.32042,1.32029,1.32031,205100002.28881836
2012-02-12 22:06:00,1.32025,1.32044,1.32017,1.32044,367900009.15527344
2012-02-12 22:07:00,1.32048,1.32066,1.3204,1.32046,553400001.5258789
2012-02-12 22:08:00,1.32046,1.32064,1.32046,1.32064,108000001.90734863
2012-02-12 22:09:00,1.32062,1.32064,1.32062,1.32064,61799998.28338623
2012-02-12 22:10:00,1.32065,1.32087,1.32065,1.32082,527999992.37060547
2012-02-12 22:11:00,1.32081,1.32083,1.32079,1.32081,726900024.4140625
2012-02-12 22:12:00,1.32081,1.32085,1.32081,1.32083,197700004.57763672
2012-02-12 22:13:00,1.32083,1.32086,1.3208,1.32083,154799995.42236328
2012-02-12 22:14:00,1.32086,1.32088,1.32086,1.32088,15000000.0
2012-02-12 22:15:00,1.32088,1.32088,1.32081,1.32085,210000000.0
2012-02-12 22:16:00,1.32085,1.32085,1.32035,1.32058,625699996.9482422
2012-02-12 22:17:00,1.32065,1.32065,1.32065,1.32065,15000000.0
2012-02-12 22:18:00,1.32066,1.3208,1.32052,1.32053,275100002.28881836
2012-02-12 22:19:00,1.32052,1.32053,1.32052,1.32052,57899999.61853027
2012-02-12 22:20:00,1.3205,1.32067,1.3205,1.32067,465600013.73291016
2012-02-12 22:21:00,1.3207,1.32085,1.32062,1.32074,1438600006.1035156
2012-02-12 22:22:00,1.32074,1.32095,1.3207,1.3209,975699996.9482422
2012-02-12 22:23:00,1.32092,1.32216,1.32092,1.32216,2253500061.0351562
2012-02-12 22:24:00,1.32212,1.32264,1.32207,1.32261,2777999877.9296875
2012-02-12 22:25:00,1.32266,1.32283,1.32263,1.32271,1228399963.3789062
2012-02-12 22:26:00,1.32272,1.32298,1.32271,1.32271,864800033.5693359
2012-02-12 22:27:00,1.32271,1.32355,1.32271,1.32339,1891999969.4824219
2012-02-12 22:28:00,1.32343,1.32391,1.32342,1.32346,1623000030.5175781
2012-02-12 22:29:00,1.32348,1.32363,1.32334,1.32334,1185599975.5859375
2012-02-12 22:30:00,1.32334,1.32351,1.32316,1.32351,1542599945.0683594
2012-02-12 22:31:00,1.32349,1.32353,1.32316,1.32347,878899993.8964844
2012-02-12 22:32:00,1.32343,1.32356,1.32321,1.3235,1049100036.6210938
2012-02-12 22:33:00,1.32354,1.32434,1.3235,1.32429,2139900054.9316406
2012-02-12 22:34:00,1.32429,1.32459,1.3241,1.3241,1709100036.6210938
2012-02-12 22:35:00,1.3241,1.32411,1.3236,1.32363,1575899963.3789062
2012-02-12 22:36:00,1.32367,1.32409,1.32363,1.3239,1956799926.7578125
2012-02-12 22:37:00,1.32389,1.32406,1.32364,1.32364,1694499969.4824219
2012-02-12 22:38:00,1.32364,1.3237,1.32327,1.32333,1499499969.4824219
2012-02-12 22:39:00,1.32324,1.32358,1.32319,1.32351,1900500030.5175781
2012-02-12 22:40:00,1.32351,1.3236,1.32338,1.32349,1663699951.171875
2012-02-12 22:41:00,1.32353,1.32366,1.32348,1.32353,970100021.3623047
2012-02-12 22:42:00,1.32353,1.32364,1.32351,1.32351,529700012.20703125
2012-02-12 22:43:00,1.32355,1.32401,1.32355,1.32388,1355299987.7929688
2012-02-12 22:44:00,1.32391,1.32434,1.32381,1.32394,2129100036.6210938
2012-02-12 22:45:00,1.3239,1.32397,1.32376,1.32393,830699996.9482422
2012-02-12 22:46:00,1.32393,1.32431,1.32385,1.32431,1402200012.2070312
2012-02-12 22:47:00,1.32421,1.32441,1.32401,1.32405,2215800018.310547
2012-02-12 22:48:00,1.32406,1.3243,1.32374,1.32374,1116900024.4140625
2012-02-12 22:49:00,1.32379,1.32379,1.32308,1.32317,1855399932.8613281
2012-02-12 22:50:00,1.32318,1.32353,1.32313,1.32353,2233000030.517578
2012-02-12 22:51:00,1.32356,1.32396,1.32351,1.32389,2059799957.2753906
2012-02-12 22:52:00,1.32386,1.324,1.32366,1.32379,1176399993.8964844
2012-02-12 22:53:00,1.32384,1.32405,1.32382,1.32384,1060999984.7412109
2012-02-12 22:54:00,1.32384,1.32398,1.32382,1.32393,742500000.0
2012-02-12 22:55:00,1.32393,1.32396,1.32391,1.32391,377299995.4223633
2012-02-12 22:56:00,1.32391,1.32392,1.32384,1.32385,941200027.4658203
2012-02-12 22:57:00,1.32385,1.32389,1.32383,1.32387,682500000.0
2012-02-12 22:58:00,1.32388,1.32389,1.32362,1.32373,558699989.3188477
2012-02-12 22:59:00,1.3238,1.32388,1.32374,1.32388,1180800018.3105469
2012-02-12 23:00:00,1.32381,1.32403,1.32369,1.32394,2017700042.7246094
2012-02-12 23:01:00,1.32396,1.32399,1.32386,1.32397,1158700027.4658203
2012-02-12 23:02:00,1.32397,1.32426,1.32397,1.32426,1178199996.9482422
2012-02-12 23:03:00,1.32428,1.32484,1.32428,1.32465,2077799987.7929688
2012-02-12 23:04:00,1.32464,1.32476,1.32442,1.32448,1717700042.7246094
2012-02-12 23:05:00,1.32449,1.32466,1.32448,1.32463,732200012.2070312
2012-02-12 23:06:00,1.32463,1.32465,1.32444,1.32448,1468099975.5859375
2012-02-12 23:07:00,1.32448,1.32475,1.32448,1.32472,1510899963.3789062
2012-02-12 23:08:00,1.32467,1.32508,1.32466,1.32504,2905899963.3789062
2012-02-12 23:09:00,1.32506,1.32589,1.32494,1.32589,3242399902.34375
2012-02-12 23:10:00,1.32589,1.32592,1.32549,1.32549,1728099975.5859375
2012-02-12 23:11:00,1.32549,1.32557,1.32519,1.32521,1450700073.2421875
2012-02-12 23:12:00,1.32521,1.32524,1.32504,1.32508,1328300018.3105469
2012-02-12 23:13:00,1.32506,1.32517,1.32493,1.32493,1553800048.828125
2012-02-12 23:14:00,1.32503,1.32503,1.32446,1.3245,1761300048.828125
2012-02-12 23:15:00,1.3245,1.32498,1.32443,1.32498,2468300018.310547
2012-02-12 23:16:00,1.32498,1.32524,1.32478,1.32506,2587099914.5507812
2012-02-12 23:17:00,1.32506,1.32506,1.32438,1.32438,1644199981.6894531
2012-02-12 23:18:00,1.32438,1.32438,1.32393,1.32394,1840399932.8613281
2012-02-12 23:19:00,1.32394,1.32395,1.32366,1.32369,1517400054.9316406
2012-02-12 23:20:00,1.32373,1.32388,1.32355,1.32388,1622500000.0
2012-02-12 23:21:00,1.32388,1.32417,1.32388,1.32413,1252200012.2070312
2012-02-12 23:22:00,1.32413,1.32413,1.32391,1.32409,1328800048.828125
2012-02-12 23:23:00,1.32407,1.32407,1.32391,1.32399,1107600021.3623047
2012-02-12 23:24:00,1.32401,1.32401,1.32387,1.32397,1219499969.4824219
2012-02-12 23:25:00,1.32397,1.32399,1.32394,1.32394,516599998.4741211
2012-02-12 23:26:00,1.32396,1.32406,1.32395,1.32403,759599990.8447266
2012-02-12 23:27:00,1.32403,1.32404,1.32368,1.32379,1112300033.569336
2012-02-12 23:28:00,1.32379,1.3238,1.32357,1.3236,1116699981.6894531
2012-02-12 23:29:00,1.32359,1.32359,1.32347,1.32355,694400024.4140625
2012-02-12 23:30:00,1.32355,1.32364,1.32354,1.32355,878899993.8964844
2012-02-12 23:31:00,1.32356,1.32372,1.32356,1.3236,821800003.0517578
2012-02-12 23:32:00,1.3236,1.3236,1.32344,1.3235,1238899993.8964844
2012-02-12 23:33:00,1.3235,1.3235,1.32335,1.32348,657699966.4306641
2012-02-12 23:34:00,1.32349,1.32355,1.32345,1.32354,673399963.3789062
2012-02-12 23:35:00,1.32354,1.32372,1.32351,1.32366,1192300033.569336
2012-02-12 23:36:00,1.32365,1.32373,1.32359,1.32359,921900024.4140625
2012-02-12 23:37:00,1.32356,1.32361,1.3234,1.3234,1149800033.569336
2012-02-12 23:38:00,1.32337,1.32341,1.32332,1.32336,752600021.3623047
2012-02-12 23:39:00,1.32336,1.3234,1.32329,1.32336,1001500015.2587891
2012-02-12 23:40:00,1.32336,1.32336,1.32313,1.32313,718399963.3789062
2012-02-12 23:41:00,1.32313,1.32313,1.32295,1.32296,1144000015.258789
2012-02-12 23:42:00,1.32295,1.32295,1.32279,1.32283,1646499938.9648438
2012-02-12 23:43:00,1.32282,1.32282,1.3226,1.32268,1290099945.0683594
2012-02-12 23:44:00,1.32268,1.32268,1.32239,1.32249,1854199981.6894531
2012-02-12 23:45:00,1.32248,1.32271,1.32234,1.3227,1875500030.5175781
2012-02-12 23:46:00,1.3227,1.32271,1.32259,1.32261,1107300033.569336
2012-02-12 23:47:00,1.32262,1.32268,1.32252,1.32267,914599990.8447266
2012-02-12 23:48:00,1.32263,1.32263,1.32244,1.32255,958600006.1035156
2012-02-12 23:49:00,1.32256,1.32298,1.32253,1.32291,1271100006.1035156
2012-02-12 23:50:00,1.32289,1.32314,1.32289,1.32314,1147799987.7929688
2012-02-12 23:51:00,1.32307,1.3232,1.32298,1.32305,1643600006.1035156
2012-02-12 23:52:00,1.32311,1.32315,1.32304,1.32309,506500015.25878906
2012-02-12 23:53:00,1.32311,1.32324,1.32304,1.32307,978499984.7412109
2012-02-12 23:54:00,1.32311,1.32313,1.3231,1.32313,525600013.73291016
2012-02-12 23:55:00,1.32313,1.32321,1.32309,1.32317,951100006.1035156
2012-02-12 23:56:00,1.32319,1.32326,1.32319,1.32319,482599983.21533203
2012-02-12 23:57:00,1.32324,1.32342,1.32319,1.32342,567400016.784668
2012-02-12 23:58:00,1.32345,1.32366,1.32343,1.32359,947600021.3623047
2012-02-12 23:59:00,1.32358,1.32368,1.32341,1.32368,1237799987.7929688
2012-02-13 00:00:00,1.32398,1.32422,1.32388,1.3239,2889899902.34375
2012-02-13 00:01:00,1.32391,1.32441,1.32374,1.32441,2801099853.515625
2012-02-13 00:02:00,1.32438,1.325,1.32438,1.32471,2589899902.34375
2012-02-13 00:03:00,1.32472,1.32492,1.32472,1.32478,1822100067.1386719
2012-02-13 00:04:00,1.32475,1.32476,1.32394,1.32428,2035000000.0
2012-02-13 00:05:00,1.32429,1.32466,1.32429,1.32456,1926000061.0351562
2012-02-13 00:06:00,1.3246,1.3246,1.32434,1.3245,1705200042.7246094
2012-02-13 00:07:00,1.3245,1.32471,1.32446,1.32467,2007899932.8613281
2012-02-13 00:08:00,1.32467,1.32472,1.32432,1.32439,2303000030.517578
2012-02-13 00:09:00,1.32437,1.32437,1.32408,1.32417,1251399993.8964844
2012-02-13 00:10:00,1.32417,1.32445,1.32417,1.32432,2407100067.138672
2012-02-13 00:11:00,1.32432,1.32439,1.32399,1.32399,1718999938.9648438
2012-02-13 00:12:00,1.32401,1.32401,1.32354,1.3236,2200399932.861328
2012-02-13 00:13:00,1.3236,1.32361,1.32318,1.32331,1599600067.1386719
2012-02-13 00:14:00,1.32332,1.32348,1.32327,1.32327,1457899932.8613281
2012-02-13 00:15:00,1.32327,1.32345,1.32326,1.32335,1730800018.3105469
2012-02-13 00:16:00,1.32336,1.32345,1.32335,1.32345,1359600067.1386719
2012-02-13 00:17:00,1.32345,1.32357,1.32334,1.32336,2410599975.5859375
2012-02-13 00:18:00,1.32336,1.32341,1.32322,1.32322,1730000000.0
2012-02-13 00:19:00,1.32323,1.32346,1.32313,1.32343,2040099945.0683594
2012-02-13 00:20:00,1.32343,1.32355,1.32295,1.32295,2074499969.4824219
2012-02-13 00:21:00,1.32295,1.32331,1.32285,1.32301,1994299926.7578125
2012-02-13 00:22:00,1.32301,1.32342,1.323,1.32342,1434100036.6210938
2012-02-13 00:23:00,1.32342,1.32358,1.32338,1.32354,819199981.6894531
2012-02-13 00:24:00,1.32354,1.32366,1.32352,1.32364,1754700012.2070312
2012-02-13 00:25:00,1.32363,1.32363,1.32341,1.32353,1983300018.3105469
2012-02-13 00:26:00,1.32353,1.32356,1.32345,1.32345,1506600036.6210938
2012-02-13 00:27:00,1.32345,1.32353,1.32332,1.32335,1286999969.4824219
2012-02-13 00:28:00,1.32336,1.32336,1.32329,1.32329,988099975.5859375
2012-02-13 00:29:00,1.32325,1.3234,1.32325,1.32332,822099990.8447266
2012-02-13 00:30:00,1.3233,1.3233,1.32284,1.32284,1842599945.0683594
2012-02-13 00:31:00,1.32284,1.32291,1.3225,1.3225,1506499938.9648438
2012-02-13 00:32:00,1.32248,1.32251,1.32194,1.32194,2357799987.7929688
2012-02-13 00:33:00,1.32193,1.32193,1.32158,1.32177,2048099975.5859375
2012-02-13 00:34:00,1.32177,1.32181,1.32167,1.32175,1086600036.6210938
2012-02-13 00:35:00,1.32173,1.32197,1.32172,1.32196,948799972.5341797
2012-02-13 00:36:00,1.32195,1.3221,1.32166,1.32173,1901199951.171875
2012-02-13 00:37:00,1.32173,1.32184,1.32173,1.32183,732900009.1552734
2012-02-13 00:38:00,1.32182,1.32186,1.32138,1.32141,1756499938.9648438
2012-02-13 00:39:00,1.3214,1.3214,1.32109,1.32129,2401000061.0351562
2012-02-13 00:40:00,1.32129,1.32148,1.32121,1.32143,1369100036.6210938
2012-02-13 00:41:00,1.32143,1.32147,1.32124,1.32126,1417400054.9316406
2012-02-13 00:42:00,1.32125,1.32126,1.32095,1.32095,1157699966.430664
2012-02-13 00:43:00,1.32094,1.32106,1.32088,1.32106,1242399978.6376953
2012-02-13 00:44:00,1.32106,1.32113,1.32084,1.32084,2094499969.4824219
2012-02-13 00:45:00,1.32084,1.32121,1.32076,1.32118,1952400054.9316406
2012-02-13 00:46:00,1.32118,1.32156,1.32118,1.32143,1594100036.6210938
2012-02-13 00:47:00,1.32143,1.32153,1.32135,1.32153,1653999938.9648438
2012-02-13 00:48:00,1.32154,1.3217,1.32147,1.32147,1089300003.0517578
2012-02-13 00:49:00,1.32145,1.32145,1.32107,1.32109,1486399993.8964844
2012-02-13 00:50:00,1.32109,1.32118,1.32069,1.32118,2174600067.138672
2012-02-13 00:51:00,1.32119,1.32138,1.32119,1.32138,898099975.5859375
2012-02-13 00:52:00,1.32138,1.32138,1.32114,1.32114,1626999969.4824219
2012-02-13 00:53:00,1.32116,1.32153,1.32115,1.32135,1683600006.1035156
2012-02-13 00:54:00,1.32135,1.32139,1.32105,1.32107,1791600036.6210938
2012-02-13 00:55:00,1.32108,1.32134,1.32098,1.32134,1688399963.3789062
2012-02-13 00:56:00,1.32137,1.32155,1.32126,1.32155,1314900054.9316406
2012-02-13 00:57:00,1.32156,1.32172,1.32156,1.32171,1271399993.8964844
2012-02-13 00:58:00,1.32171,1.32173,1.32154,1.32157,1195800018.3105469
2012-02-13 00:59:00,1.32156,1.32175,1.32156,1.32164,1607100067.1386719
2012-02-13 01:00:00,1.32164,1.3217,1.32143,1.3217,1465500030.5175781
2012-02-13 01:01:00,1.3217,1.32185,1.3217,1.32182,1217099990.8447266
2012-02-13 01:02:00,1.32183,1.32198,1.32173,1.32197,1740800018.3105469
2012-02-13 01:03:00,1.32196,1.322,1.32194,1.322,1045199966.4306641
2012-02-13 01:04:00,1.32199,1.32216,1.32199,1.32215,846299972.5341797
2012-02-13 01:05:00,1.32215,1.3222,1.32211,1.3222,1733099975.5859375
2012-02-13 01:06:00,1.32221,1.32232,1.32213,1.32214,1140800018.3105469
2012-02-13 01:07:00,1.32213,1.32215,1.32208,1.32208,957699966.4306641
2012-02-13 01:08:00,1.32208,1.32208,1.32197,1.32207,814100036.6210938
2012-02-13 01:09:00,1.32207,1.32216,1.32207,1.32216,708899993.8964844
2012-02-13 01:10:00,1.32216,1.32216,1.32215,1.32215,482200012.20703125
2012-02-13 01:11:00,1.32215,1.32216,1.32212,1.32212,477900009.15527344
2012-02-13 01:12:00,1.32213,1.32216,1.32196,1.32198,1052600021.3623047
2012-02-13 01:13:00,1.322,1.32202,1.32195,1.32196,995999984.7412109
2012-02-13 01:14:00,1.32196,1.32203,1.32156,1.32157,1863300018.3105469
2012-02-13 01:15:00,1.32157,1.32182,1.32157,1.32182,760699996.9482422
2012-02-13 01:16:00,1.32182,1.32201,1.32182,1.32197,1362299957.2753906
2012-02-13 01:17:00,1.32197,1.32199,1.32188,1.32198,1878399963.3789062
2012-02-13 01:18:00,1.32198,1.32199,1.32179,1.32182,1557599945.0683594
2012-02-13 01:19:00,1.32182,1.32182,1.32164,1.32177,1132200012.2070312
2012-02-13 01:20:00,1.32178,1.3218,1.32166,1.32175,1002699966.4306641
2012-02-13 01:21:00,1.32173,1.32173,1.32161,1.32167,902099990.8447266
2012-02-13 01:22:00,1.32167,1.32175,1.32164,1.32167,938899993.8964844
2012-02-13 01:23:00,1.32167,1.32171,1.32159,1.32159,571100006.1035156
2012-02-13 01:24:00,1.32159,1.32159,1.32155,1.32157,420600013.73291016
2012-02-13 01:25:00,1.32157,1.32166,1.32155,1.32164,586800003.0517578
2012-02-13 01:26:00,1.32165,1.32165,1.32148,1.32159,1210400009.1552734
2012-02-13 01:27:00,1.32159,1.32189,1.32159,1.32187,900500030.5175781
2012-02-13 01:28:00,1.32187,1.32187,1.32155,1.32161,1174100036.6210938
2012-02-13 01:29:00,1.32161,1.32167,1.32156,1.32167,513600006.1035156
2012-02-13 01:30:00,1.32167,1.32174,1.32166,1.32172,478100013.73291016
2012-02-13 01:31:00,1.32171,1.32173,1.32145,1.32145,1302200012.2070312
2012-02-13 01:32:00,1.32143,1.32152,1.32134,1.32138,803399963.3789062
2012-02-13 01:33:00,1.3214,1.32148,1.3214,1.32147,211100006.10351562
2012-02-13 01:34:00,1.32147,1.32156,1.32144,1.32145,1042099990.8447266
2012-02-13 01:35:00,1.32145,1.32149,1.32135,1.32145,1446999969.4824219
2012-02-13 01:36:00,1.32145,1.32147,1.32138,1.3214,1140400009.1552734
2012-02-13 01:37:00,1.3214,1.32147,1.32139,1.32147,341100006.1035156
2012-02-13 01:38:00,1.32148,1.32166,1.32145,1.32165,635099983.215332
2012-02-13 01:39:00,1.32165,1.32167,1.32152,1.32153,521800003.0517578
2012-02-13 01:40:00,1.32153,1.32156,1.32153,1.32155,749800033.5693359
2012-02-13 01:41:00,1.32155,1.32166,1.32155,1.32166,761200027.4658203
2012-02-13 01:42:00,1.32166,1.32172,1.32166,1.32167,653300018.3105469
2012-02-13 01:43:00,1.3217,1.32205,1.3217,1.32205,1448300018.3105469
2012-02-13 01:44:00,1.32207,1.32208,1.32186,1.32186,1018600006.1035156
2012-02-13 01:45:00,1.32187,1.32214,1.32187,1.32209,1321000061.0351562
2012-02-13 01:46:00,1.32209,1.32259,1.32209,1.32257,1589100036.6210938
2012-02-13 01:47:00,1.32256,1.32259,1.32234,1.32249,1352200012.2070312
2012-02-13 01:48:00,1.32251,1.32256,1.32247,1.32254,1059400024.4140625
2012-02-13 01:49:00,1.32254,1.32254,1.32233,1.32242,900699996.9482422
2012-02-13 01:50:00,1.32242,1.32277,1.32242,1.32275,1170500030.5175781
2012-02-13 01:51:00,1.32274,1.32306,1.32274,1.32294,1452100067.1386719
2012-02-13 01:52:00,1.32294,1.32296,1.32282,1.32282,791100006.1035156
2012-02-13 01:53:00,1.32282,1.32294,1.32282,1.32289,520299987.79296875
2012-02-13 01:54:00,1.32289,1.32292,1.32282,1.32288,848799972.5341797
2012-02-13 01:55:00,1.32288,1.32305,1.32288,1.32305,1076800003.0517578
2012-02-13 01:56:00,1.32305,1.32318,1.32305,1.32313,1287400054.9316406
2012-02-13 01:57:00,1.32315,1.32325,1.32296,1.32306,1123799972.5341797
2012-02-13 01:58:00,1.32306,1.32306,1.32295,1.32301,852600021.3623047
2012-02-13 01:59:00,1.32303,1.3231,1.32292,1.32292,1053000030.5175781
2012-02-13 02:00:00,1.32293,1.32293,1.32292,1.32292,758300018.3105469
2012-02-13 02:01:00,1.32292,1.32293,1.32259,1.32262,1489499969.4824219
2012-02-13 02:02:00,1.32262,1.32315,1.32262,1.32315,1695000000.0
2012-02-13 02:03:00,1.32311,1.32329,1.3231,1.32328,981500015.2587891
2012-02-13 02:04:00,1.32329,1.32329,1.32315,1.32324,1368699951.171875
2012-02-13 02:05:00,1.32324,1.32338,1.32324,1.32334,992900009.1552734
2012-02-13 02:06:00,1.32334,1.32336,1.32329,1.32334,842900009.1552734
2012-02-13 02:07:00,1.32334,1.32335,1.32327,1.32327,731600036.6210938
2012-02-13 02:08:00,1.32327,1.32327,1.32291,1.32297,1175500030.5175781
2012-02-13 02:09:00,1.323,1.323,1.32284,1.32284,1366300048.828125
2012-02-13 02:10:00,1.32287,1.32295,1.32284,1.32294,773799972.5341797
2012-02-13 02:11:00,1.32294,1.32301,1.32293,1.32298,929499969.4824219
2012-02-13 02:12:00,1.32298,1.32306,1.32297,1.32304,844599990.8447266
2012-02-13 02:13:00,1.32305,1.32307,1.32284,1.32294,1108799972.5341797
2012-02-13 02:14:00,1.32296,1.32304,1.32296,1.32301,647799987.7929688
2012-02-13 02:15:00,1.32305,1.32305,1.32293,1.32301,1201500015.258789
2012-02-13 02:16:00,1.32303,1.32308,1.32297,1.32301,1418699951.171875
2012-02-13 02:17:00,1.32301,1.3231,1.32297,1.3231,825800018.3105469
2012-02-13 02:18:00,1.3231,1.32312,1.3231,1.3231,402299995.4223633
2012-02-13 02:19:00,1.3231,1.32313,1.32304,1.32309,1101900024.4140625
2012-02-13 02:20:00,1.32308,1.32321,1.32308,1.32321,547599983.215332
2012-02-13 02:21:00,1.32322,1.32339,1.3232,1.32338,1013300018.3105469
2012-02-13 02:22:00,1.32338,1.32351,1.32337,1.32351,1091699981.6894531
2012-02-13 02:23:00,1.32351,1.32357,1.32348,1.32355,486800003.0517578
2012-02-13 02:24:00,1.32351,1.32358,1.32351,1.32353,592099990.8447266
2012-02-13 02:25:00,1.32353,1.32354,1.32345,1.32352,850000000.0
2012-02-13 02:26:00,1.32351,1.32361,1.3235,1.3235,956500015.2587891
2012-02-13 02:27:00,1.3235,1.3235,1.32336,1.32336,710699996.9482422
2012-02-13 02:28:00,1.32336,1.32355,1.32335,1.32354,829300003.0517578
2012-02-13 02:29:00,1.32354,1.32357,1.32352,1.32354,558400001.5258789
2012-02-13 02:30:00,1.32356,1.3236,1.32356,1.32358,921699981.6894531
2012-02-13 02:31:00,1.32358,1.3236,1.32356,1.32359,477700004.5776367
2012-02-13 02:32:00,1.32359,1.32359,1.32343,1.32344,654599990.8447266
2012-02-13 02:33:00,1.32344,1.32344,1.32324,1.32329,1203700027.4658203
2012-02-13 02:34:00,1.32329,1.32329,1.3232,1.3232,825800018.3105469
2012-02-13 02:35:00,1.32319,1.3234,1.32319,1.32339,1643500061.0351562
2012-02-13 02:36:00,1.32339,1.32341,1.32333,1.32338,623100013.7329102
2012-02-13 02:37:00,1.32338,1.32338,1.32331,1.32333,979599990.8447266
2012-02-13 02:38:00,1.32336,1.32343,1.32333,1.32338,1114100036.6210938
2012-02-13 02:39:00,1.32341,1.32365,1.32341,1.32347,1183300018.3105469
2012-02-13 02:40:00,1.32345,1.32355,1.32345,1.32353,852900009.1552734
2012-02-13 02:41:00,1.32351,1.32355,1.32347,1.3235,691299972.5341797
2012-02-13 02:42:00,1.32351,1.32363,1.32348,1.32356,1366399993.8964844
2012-02-13 02:43:00,1.32356,1.32375,1.32351,1.32371,1890599975.5859375
2012-02-13 02:44:00,1.32372,1.32372,1.32343,1.32356,1713500061.0351562
2012-02-13 02:45:00,1.32356,1.32356,1.32339,1.32341,919700012.2070312
2012-02-13 02:46:00,1.32341,1.32344,1.32339,1.32342,871900024.4140625
2012-02-13 02:47:00,1.3234,1.3235,1.32337,1.32345,1290299987.7929688
2012-02-13 02:48:00,1.32345,1.32356,1.3234,1.32353,997300033.5693359
2012-02-13 02:49:00,1.32351,1.32354,1.32341,1.32341,740899963.3789062
2012-02-13 02:50:00,1.32341,1.32357,1.32341,1.32355,629700012.2070312
2012-02-13 02:51:00,1.32355,1.32355,1.32343,1.32344,882699966.4306641
2012-02-13 02:52:00,1.32344,1.32353,1.32337,1.32352,858099975.5859375
2012-02-13 02:53:00,1.32352,1.32359,1.32341,1.32358,985000000.0
2012-02-13 02:54:00,1.32358,1.32361,1.32349,1.32355,987399978.6376953
2012-02-13 02:55:00,1.32355,1.32358,1.32346,1.32353,845100021.3623047
2012-02-13 02:56:00,1.32353,1.32356,1.32346,1.32349,773600006.1035156
2012-02-13 02:57:00,1.32349,1.32353,1.32349,1.32349,933799972.5341797
2012-02-13 02:58:00,1.32349,1.32351,1.32335,1.32335,892799987.7929688
2012-02-13 02:59:00,1.32332,1.32334,1.32324,1.32328,1408899993.8964844
2012-02-13 03:00:00,1.32328,1.32328,1.32322,1.32326,685500030.5175781
2012-02-13 03:01:00,1.32326,1.32326,1.32311,1.32312,859400024.4140625
2012-02-13 03:02:00,1.32312,1.32314,1.32308,1.3231,839400024.4140625
2012-02-13 03:03:00,1.3231,1.32317,1.32304,1.32304,1080699996.9482422
2012-02-13 03:04:00,1.32304,1.32314,1.32304,1.32312,496800003.0517578
2012-02-13 03:05:00,1.32313,1.32321,1.32309,1.32321,800400009.1552734
2012-02-13 03:06:00,1.32321,1.32322,1.32308,1.32308,855599975.5859375
2012-02-13 03:07:00,1.32307,1.32311,1.323,1.32304,948000030.5175781
2012-02-13 03:08:00,1.32304,1.32304,1.32302,1.32302,273600006.1035156
2012-02-13 03:09:00,1.32302,1.32324,1.32301,1.32324,760800018.3105469
2012-02-13 03:10:00,1.32324,1.32324,1.3231,1.32314,742300033.5693359
2012-02-13 03:11:00,1.32314,1.32314,1.323,1.323,367799987.79296875
2012-02-13 03:12:00,1.323,1.32314,1.32293,1.32314,784400024.4140625
2012-02-13 03:13:00,1.32314,1.32315,1.32311,1.32314,718000030.5175781
2012-02-13 03:14:00,1.32314,1.32317,1.32313,1.32313,802099990.8447266
2012-02-13 03:15:00,1.32314,1.32318,1.32314,1.32318,177999992.37060547
2012-02-13 03:16:00,1.32318,1.3235,1.32318,1.3235,1274700012.2070312
2012-02-13 03:17:00,1.3235,1.32358,1.32344,1.32344,913799972.5341797
2012-02-13 03:18:00,1.32344,1.32344,1.32325,1.32326,628100013.7329102
2012-02-13 03:19:00,1.32326,1.32337,1.32324,1.32331,977900009.1552734
2012-02-13 03:20:00,1.32332,1.3234,1.3233,1.32339,807500000.0
2012-02-13 03:21:00,1.32338,1.32351,1.32336,1.32351,1004000015.2587891
2012-02-13 03:22:00,1.32353,1.32363,1.32347,1.32363,898899993.8964844
2012-02-13 03:23:00,1.32364,1.32376,1.32364,1.32371,744000015.2587891
2012-02-13 03:24:00,1.32369,1.32413,1.32369,1.3241,1631499938.9648438
2012-02-13 03:25:00,1.3241,1.32442,1.32409,1.32426,2068999938.9648438
2012-02-13 03:26:00,1.32427,1.32428,1.32413,1.32418,1942200012.2070312
2012-02-13 03:27:00,1.32416,1.32418,1.32405,1.32411,1068899993.8964844
2012-02-13 03:28:00,1.32411,1.32416,1.32401,1.32412,1157399978.6376953
2012-02-13 03:29:00,1.32412,1.32442,1.32412,1.32427,1496300048.828125
2012-02-13 03:30:00,1.32427,1.32441,1.32426,1.32433,1641000061.0351562
2012-02-13 03:31:00,1.32433,1.32441,1.32414,1.32417,1449700012.2070312
2012-02-13 03:32:00,1.32418,1.32418,1.32396,1.32396,1083799972.5341797
2012-02-13 03:33:00,1.32397,1.32401,1.32397,1.32399,784499969.4824219
2012-02-13 03:34:00,1.32397,1.32399,1.32394,1.32396,558499984.7412109
2012-02-13 03:35:00,1.32396,1.32424,1.32395,1.32424,1131699981.6894531
2012-02-13 03:36:00,1.32428,1.3243,1.32415,1.32416,693399963.3789062
2012-02-13 03:37:00,1.32414,1.32414,1.32394,1.32396,942099990.8447266
2012-02-13 03:38:00,1.32395,1.32395,1.32388,1.3239,810800018.3105469
2012-02-13 03:39:00,1.32392,1.32423,1.32392,1.32423,1308099975.5859375
2012-02-13 03:40:00,1.32423,1.32423,1.32414,1.32421,637500000.0
2012-02-13 03:41:00,1.32421,1.32421,1.32403,1.32404,1261200027.4658203
2012-02-13 03:42:00,1.32404,1.32406,1.32392,1.32393,505800018.3105469
2012-02-13 03:43:00,1.32394,1.32399,1.32394,1.32396,340499992.37060547
2012-02-13 03:44:00,1.32396,1.32401,1.32396,1.32399,645699996.9482422
2012-02-13 03:45:00,1.32398,1.32398,1.32388,1.32391,683000030.5175781
2012-02-13 03:46:00,1.32391,1.32394,1.32391,1.32393,348199996.9482422
2012-02-13 03:47:00,1.32391,1.32407,1.32391,1.32407,418499984.74121094
2012-02-13 03:48:00,1.32408,1.32435,1.32408,1.32433,761600036.6210938
2012-02-13 03:49:00,1.32432,1.32438,1.32431,1.32434,1235199966.430664
2012-02-13 03:50:00,1.32436,1.32439,1.32428,1.32435,1521000061.0351562
2012-02-13 03:51:00,1.32435,1.32457,1.32431,1.3245,1038899993.8964844
2012-02-13 03:52:00,1.3245,1.32457,1.3245,1.32451,1063600006.1035156
2012-02-13 03:53:00,1.32449,1.32452,1.32447,1.32448,585400009.1552734
2012-02-13 03:54:00,1.32448,1.32454,1.32441,1.32447,1329199981.6894531
2012-02-13 03:55:00,1.32447,1.32458,1.32445,1.32458,391800003.0517578
2012-02-13 03:56:00,1.32458,1.32485,1.32458,1.32485,773499984.7412109
2012-02-13 03:57:00,1.32485,1.32505,1.32479,1.32479,1758200073.2421875
2012-02-13 03:58:00,1.32479,1.32516,1.32477,1.32477,2387100067.138672
2012-02-13 03:59:00,1.32477,1.32478,1.3247,1.32473,482200012.20703125
2012-02-13 04:00:00,1.32473,1.32493,1.32473,1.32482,1620200042.7246094
2012-02-13 04:01:00,1.32482,1.32484,1.32481,1.32481,595200004.5776367
2012-02-13 04:02:00,1.32481,1.32487,1.3248,1.32485,419300003.0517578
2012-02-13 04:03:00,1.32485,1.32485,1.3248,1.3248,449799995.4223633
2012-02-13 04:04:00,1.3248,1.32485,1.3248,1.3248,231000003.81469727
2012-02-13 04:05:00,1.3248,1.3248,1.32465,1.32475,733499984.7412109
2012-02-13 04:06:00,1.32478,1.32489,1.32474,1.32484,1837899932.8613281
2012-02-13 04:07:00,1.32485,1.32485,1.32473,1.32475,368899993.8964844
2012-02-13 04:08:00,1.32472,1.32476,1.32455,1.32455,850999984.7412109
2012-02-13 04:09:00,1.32455,1.32501,1.32451,1.32501,1843600006.1035156
2012-02-13 04:10:00,1.32501,1.32501,1.32478,1.32478,1082900009.1552734
2012-02-13 04:11:00,1.32478,1.32478,1.32458,1.3246,1192500000.0
2012-02-13 04:12:00,1.3246,1.32465,1.32459,1.32465,754599990.8447266
2012-02-13 04:13:00,1.32465,1.32465,1.32449,1.32451,1222799987.7929688
2012-02-13 04:14:00,1.32451,1.32452,1.32447,1.32447,477700004.5776367
2012-02-13 04:15:00,1.32447,1.32449,1.32442,1.32442,267900009.15527344
2012-02-13 04:16:00,1.32442,1.3248,1.32437,1.32437,2083600006.1035156
2012-02-13 04:17:00,1.32436,1.32486,1.32433,1.32469,2009900054.9316406
2012-02-13 04:18:00,1.3247,1.32473,1.32448,1.32455,1011299972.5341797
2012-02-13 04:19:00,1.32455,1.32469,1.32455,1.3246,1084300003.0517578
2012-02-13 04:20:00,1.3246,1.32461,1.32454,1.32456,307900009.15527344
2012-02-13 04:21:00,1.32456,1.32456,1.32444,1.32449,760199966.4306641
2012-02-13 04:22:00,1.32448,1.32449,1.32442,1.32446,1081699981.6894531
2012-02-13 04:23:00,1.32446,1.3245,1.32441,1.32446,987799987.7929688
2012-02-13 04:24:00,1.32446,1.3245,1.32441,1.32447,945599975.5859375
2012-02-13 04:25:00,1.32447,1.32448,1.32432,1.32437,1106600036.6210938
2012-02-13 04:26:00,1.32437,1.32466,1.32435,1.32462,1275199966.430664
2012-02-13 04:27:00,1.32462,1.32462,1.32446,1.32455,722300033.5693359
2012-02-13 04:28:00,1.32454,1.32456,1.32431,1.32434,842600021.3623047
2012-02-13 04:29:00,1.32438,1.32438,1.32427,1.32431,840199966.4306641
2012-02-13 04:30:00,1.32431,1.32435,1.32425,1.32426,706800003.0517578
2012-02-13 04:31:00,1.32425,1.32461,1.32422,1.32461,1398000030.5175781
2012-02-13 04:32:00,1.32463,1.32467,1.32435,1.32437,905899963.3789062
2012-02-13 04:33:00,1.32436,1.32438,1.32429,1.32434,686900024.4140625
2012-02-13 04:34:00,1.32434,1.32469,1.32433,1.32469,1109899978.6376953
2012-02-13 04:35:00,1.32467,1.32467,1.32435,1.32437,1056800003.0517578
2012-02-13 04:36:00,1.32437,1.32437,1.3242,1.32436,868600006.1035156
2012-02-13 04:37:00,1.32438,1.32465,1.32438,1.32464,2281999969.482422
2012-02-13 04:38:00,1.32464,1.32496,1.32445,1.32496,2043800048.828125
2012-02-13 04:39:00,1.32497,1.32528,1.32488,1.32498,1925099945.0683594
2012-02-13 04:40:00,1.32497,1.32518,1.32497,1.3251,1214899978.6376953
2012-02-13 04:41:00,1.3251,1.32519,1.32488,1.32488,1410800018.3105469
2012-02-13 04:42:00,1.32488,1.32488,1.3247,1.32477,834000015.2587891
2012-02-13 04:43:00,1.32476,1.32518,1.32474,1.32505,2158300018.310547
2012-02-13 04:44:00,1.32505,1.32507,1.32475,1.32475,1572299957.2753906
2012-02-13 04:45:00,1.32476,1.32492,1.32476,1.32488,1205199966.430664
2012-02-13 04:46:00,1.32486,1.32515,1.32483,1.32496,1254400024.4140625
2012-02-13 04:47:00,1.32496,1.32501,1.32492,1.32499,655100021.3623047
2012-02-13 04:48:00,1.325,1.32522,1.32498,1.32519,1207300033.569336
2012-02-13 04:49:00,1.32521,1.3253,1.32513,1.32519,1229700012.2070312
2012-02-13 04:50:00,1.32521,1.32534,1.32521,1.32529,1154499969.4824219
2012-02-13 04:51:00,1.32527,1.32532,1.32523,1.32523,825000000.0
2012-02-13 04:52:00,1.32523,1.32541,1.32523,1.32541,1348600006.1035156
2012-02-13 04:53:00,1.3254,1.32543,1.32531,1.32531,1067200012.2070312
2012-02-13 04:54:00,1.32534,1.32534,1.32515,1.32516,1046999969.4824219
2012-02-13 04:55:00,1.32516,1.32516,1.32501,1.32507,1480000000.0
2012-02-13 04:56:00,1.32506,1.32515,1.32503,1.3251,1206500015.258789
2012-02-13 04:57:00,1.32508,1.32508,1.32498,1.325,597700004.5776367
2012-02-13 04:58:00,1.325,1.32506,1.325,1.32504,840599975.5859375
2012-02-13 04:59:00,1.32505,1.32509,1.32503,1.32503,718799972.5341797
2012-02-13 05:00:00,1.32504,1.32509,1.32493,1.32509,1032699966.4306641
2012-02-13 05:01:00,1.32508,1.32511,1.32493,1.32511,881699981.6894531
2012-02-13 05:02:00,1.32508,1.3251,1.32503,1.32508,307800006.8664551
2012-02-13 05:03:00,1.32508,1.32513,1.32497,1.32501,910999984.7412109
2012-02-13 05:04:00,1.32502,1.32507,1.32496,1.325,936900024.4140625
2012-02-13 05:05:00,1.32499,1.3251,1.32498,1.32506,765199966.4306641
2012-02-13 05:06:00,1.32507,1.32525,1.32507,1.32522,869000015.2587891
2012-02-13 05:07:00,1.32524,1.32534,1.3252,1.32526,1320000000.0
2012-02-13 05:08:00,1.32524,1.32524,1.32515,1.32517,1118399963.3789062
2012-02-13 05:09:00,1.32515,1.32519,1.32514,1.32518,562999992.3706055
2012-02-13 05:10:00,1.32517,1.32517,1.32514,1.32514,881600036.6210938
2012-02-13 05:11:00,1.32514,1.32514,1.32509,1.32509,478300018.3105469
2012-02-13 05:12:00,1.32507,1.32507,1.325,1.325,420499992.37060547
2012-02-13 05:13:00,1.325,1.32503,1.32494,1.32496,665599975.5859375
2012-02-13 05:14:00,1.32499,1.32515,1.32499,1.32515,690599975.5859375
2012-02-13 05:15:00,1.32516,1.32542,1.32509,1.32536,1463500061.0351562
2012-02-13 05:16:00,1.32536,1.32561,1.32536,1.32552,1354799957.2753906
2012-02-13 05:17:00,1.32552,1.3256,1.32549,1.32555,1205800018.3105469
2012-02-13 05:18:00,1.32555,1.32566,1.32555,1.32559,1202900009.1552734
2012-02-13 05:19:00,1.32559,1.32575,1.32559,1.32568,1296699981.6894531
2012-02-13 05:20:00,1.32568,1.32574,1.32553,1.32558,1546000061.0351562
2012-02-13 05:21:00,1.32557,1.32564,1.32554,1.32558,1648999938.9648438
2012-02-13 05:22:00,1.3256,1.32561,1.32558,1.32559,537099990.8447266
2012-02-13 05:23:00,1.32559,1.32581,1.32559,1.32581,1058700027.4658203
2012-02-13 05:24:00,1.3258,1.32581,1.32574,1.32578,768700027.4658203
2012-02-13 05:25:00,1.32581,1.32592,1.32581,1.32587,1598000030.5175781
2012-02-13 05:26:00,1.32588,1.32592,1.32574,1.32577,1488899993.8964844
2012-02-13 05:27:00,1.32579,1.3258,1.3256,1.32566,600800018.3105469
2012-02-13 05:28:00,1.32566,1.32566,1.32539,1.32539,1105599975.5859375
2012-02-13 05:29:00,1.32539,1.32539,1.3253,1.32536,718499984.7412109
2012-02-13 05:30:00,1.32537,1.32558,1.32537,1.32556,569599990.8447266
2012-02-13 05:31:00,1.32557,1.32561,1.32557,1.32558,424300003.0517578
2012-02-13 05:32:00,1.32558,1.32559,1.32552,1.32557,484000015.25878906
2012-02-13 05:33:00,1.32557,1.32557,1.3255,1.32551,745400009.1552734
2012-02-13 05:34:00,1.32551,1.32555,1.32551,1.32553,474000015.25878906
2012-02-13 05:35:00,1.32554,1.32563,1.32554,1.32563,1110500030.5175781
2012-02-13 05:36:00,1.32564,1.32569,1.32563,1.32567,723399963.3789062
2012-02-13 05:37:00,1.32567,1.32568,1.3256,1.32566,489900016.78466797
2012-02-13 05:38:00,1.32566,1.32566,1.32547,1.32549,1104800033.569336
2012-02-13 05:39:00,1.32549,1.32549,1.32502,1.32509,1791199951.171875
2012-02-13 05:40:00,1.32511,1.32538,1.32509,1.32538,1638200073.2421875
2012-02-13 05:41:00,1.32538,1.3254,1.3251,1.32526,1732899932.8613281
2012-02-13 05:42:00,1.32527,1.32536,1.32527,1.32535,640199966.4306641
2012-02-13 05:43:00,1.32535,1.32535,1.32524,1.3253,1546799926.7578125
2012-02-13 05:44:00,1.32528,1.32534,1.32517,1.32522,1571100006.1035156
2012-02-13 05:45:00,1.32521,1.32524,1.3251,1.32513,1209700012.2070312
2012-02-13 05:46:00,1.32513,1.32514,1.32509,1.32512,1097099990.8447266
2012-02-13 05:47:00,1.32513,1.32514,1.32511,1.32512,929599990.8447266
2012-02-13 05:48:00,1.32512,1.32514,1.32496,1.32496,975500030.5175781
2012-02-13 05:49:00,1.32498,1.32498,1.32489,1.32494,1000100021.3623047
2012-02-13 05:50:00,1.32495,1.32499,1.32486,1.32494,743399963.3789062
2012-02-13 05:51:00,1.32495,1.32498,1.32492,1.32492,304599990.84472656
2012-02-13 05:52:00,1.32492,1.32494,1.32474,1.32474,1010400009.1552734
2012-02-13 05:53:00,1.32474,1.32474,1.32465,1.32472,1491799926.7578125
2012-02-13 05:54:00,1.32471,1.32473,1.32461,1.32468,1306000061.0351562
2012-02-13 05:55:00,1.32468,1.32468,1.32458,1.32468,1080000000.0
2012-02-13 05:56:00,1.32469,1.32472,1.32466,1.32471,796200027.4658203
2012-02-13 05:57:00,1.32472,1.32474,1.32469,1.32474,913899993.8964844
2012-02-13 05:58:00,1.32473,1.32481,1.32465,1.32478,1052300033.5693359
2012-02-13 05:59:00,1.32479,1.3248,1.32474,1.32475,639500007.6293945
2012-02-13 06:00:00,1.32475,1.32495,1.32475,1.32495,1041200027.4658203
2012-02-13 06:01:00,1.32495,1.3252,1.32495,1.3252,1257200012.2070312
2012-02-13 06:02:00,1.3252,1.32522,1.32476,1.32478,1790899963.3789062
2012-02-13 06:03:00,1.32478,1.32504,1.32477,1.32504,1482200012.2070312
2012-02-13 06:04:00,1.32508,1.32514,1.32504,1.32506,1338300018.3105469
2012-02-13 06:05:00,1.32507,1.32517,1.32495,1.32517,1293800048.828125
2012-02-13 06:06:00,1.32518,1.32543,1.32517,1.32541,1208600006.1035156
2012-02-13 06:07:00,1.3254,1.32546,1.32535,1.32535,1171200027.4658203
2012-02-13 06:08:00,1.32535,1.32539,1.32508,1.32512,1220899963.3789062
2012-02-13 06:09:00,1.32513,1.32526,1.32508,1.32509,1158000030.5175781
2012-02-13 06:10:00,1.32504,1.32505,1.32503,1.32503,355499992.37060547
2012-02-13 06:11:00,1.32503,1.32507,1.32491,1.32504,1123600006.1035156
2012-02-13 06:12:00,1.32502,1.32504,1.32491,1.32497,1412599945.0683594
2012-02-13 06:13:00,1.32499,1.3252,1.32493,1.32517,980699996.9482422
2012-02-13 06:14:00,1.32518,1.32518,1.32513,1.32513,512700004.5776367
2012-02-13 06:15:00,1.32511,1.32511,1.32488,1.3249,982799987.7929688
2012-02-13 06:16:00,1.3249,1.3249,1.32476,1.32483,709199981.6894531
2012-02-13 06:17:00,1.32484,1.32484,1.32467,1.32473,645599975.5859375
2012-02-13 06:18:00,1.32471,1.32476,1.32459,1.32459,1089599990.8447266
2012-02-13 06:19:00,1.32459,1.32479,1.32459,1.32477,1391799926.7578125
2012-02-13 06:20:00,1.32476,1.32484,1.32473,1.32478,663600006.1035156
2012-02-13 06:21:00,1.32479,1.32483,1.32475,1.3248,579199981.6894531
2012-02-13 06:22:00,1.32483,1.32483,1.32469,1.32473,697699966.4306641
2012-02-13 06:23:00,1.32473,1.32477,1.32472,1.32475,496500015.25878906
2012-02-13 06:24:00,1.32475,1.32487,1.32475,1.32485,617400016.784668
2012-02-13 06:25:00,1.32482,1.32483,1.3248,1.3248,360200004.5776367
2012-02-13 06:26:00,1.32484,1.32487,1.32482,1.32482,912200012.2070312
2012-02-13 06:27:00,1.32482,1.32483,1.32479,1.32483,497599983.21533203
2012-02-13 06:28:00,1.32483,1.32488,1.32481,1.32481,943499984.7412109
2012-02-13 06:29:00,1.32481,1.3251,1.32481,1.3251,1345399932.8613281
2012-02-13 06:30:00,1.32512,1.32537,1.32512,1.32524,1410000000.0
2012-02-13 06:31:00,1.32524,1.32526,1.32519,1.32519,1222699966.430664
2012-02-13 06:32:00,1.3252,1.32522,1.3249,1.3251,1884299926.7578125
2012-02-13 06:33:00,1.3251,1.3251,1.32497,1.32506,1306900024.4140625
2012-02-13 06:34:00,1.32507,1.32511,1.32501,1.32506,1299299926.7578125
2012-02-13 06:35:00,1.32503,1.32514,1.32501,1.32514,746399993.8964844
2012-02-13 06:36:00,1.32518,1.32521,1.32505,1.32506,1188099975.5859375
2012-02-13 06:37:00,1.32506,1.32507,1.3249,1.3249,860000000.0
2012-02-13 06:38:00,1.3249,1.3249,1.3247,1.32471,1622200012.2070312
2012-02-13 06:39:00,1.32471,1.32482,1.32466,1.32468,1203600006.1035156
2012-02-13 06:40:00,1.32468,1.32468,1.32442,1.32443,1344400024.4140625
2012-02-13 06:41:00,1.32443,1.32469,1.32443,1.32456,1300099945.0683594
2012-02-13 06:42:00,1.32456,1.32468,1.32456,1.32465,1181699981.6894531
2012-02-13 06:43:00,1.32465,1.32465,1.32443,1.32446,791200027.4658203
2012-02-13 06:44:00,1.32445,1.32445,1.3243,1.32433,940899963.3789062
2012-02-13 06:45:00,1.32433,1.32448,1.32431,1.32432,1183799972.5341797
2012-02-13 06:46:00,1.32433,1.32436,1.32419,1.32424,1756699981.6894531
2012-02-13 06:47:00,1.32424,1.32429,1.32411,1.32413,1676699981.6894531
2012-02-13 06:48:00,1.32415,1.32421,1.32413,1.32419,1217799987.7929688
2012-02-13 06:49:00,1.32419,1.32426,1.32415,1.32415,1161999969.4824219
2012-02-13 06:50:00,1.32415,1.32415,1.324,1.32405,960299987.7929688
2012-02-13 06:51:00,1.32405,1.32406,1.32392,1.32406,1517500000.0
2012-02-13 06:52:00,1.32407,1.3242,1.32407,1.32412,1374100036.6210938
2012-02-13 06:53:00,1.3241,1.32419,1.3241,1.32418,668799972.5341797
2012-02-13 06:54:00,1.32418,1.32423,1.32418,1.32422,754800033.5693359
2012-02-13 06:55:00,1.32422,1.32438,1.32422,1.32433,1371600036.6210938
2012-02-13 06:56:00,1.32434,1.32434,1.3241,1.32422,1437100067.1386719
2012-02-13 06:57:00,1.3242,1.3242,1.324,1.32411,1633600006.1035156
2012-02-13 06:58:00,1.32411,1.32416,1.32403,1.32411,1945500030.5175781
2012-02-13 06:59:00,1.32411,1.32418,1.32409,1.32416,1012099990.8447266
2012-02-13 07:00:00,1.32416,1.32427,1.3241,1.32417,1734400024.4140625
2012-02-13 07:01:00,1.32417,1.3242,1.32393,1.32396,1159800033.569336
2012-02-13 07:02:00,1.32396,1.32404,1.32371,1.32372,2665299987.7929688
2012-02-13 07:03:00,1.32369,1.32381,1.32355,1.32381,3223900146.484375
2012-02-13 07:04:00,1.32381,1.32383,1.32371,1.32372,1933600006.1035156
2012-02-13 07:05:00,1.32372,1.32382,1.32362,1.32378,2382100067.138672
2012-02-13 07:06:00,1.32378,1.32393,1.32378,1.32393,1128399963.3789062
2012-02-13 07:07:00,1.32393,1.32419,1.32393,1.32417,1227600021.3623047
2012-02-13 07:08:00,1.32417,1.32423,1.32395,1.32412,1597299957.2753906
2012-02-13 07:09:00,1.32415,1.32449,1.32412,1.32449,1387100067.1386719
2012-02-13 07:10:00,1.3245,1.32484,1.3245,1.32482,1462200012.2070312
2012-02-13 07:11:00,1.32482,1.32551,1.32482,1.3255,2667399902.34375
2012-02-13 07:12:00,1.32552,1.32561,1.32528,1.32561,2677399902.34375
2012-02-13 07:13:00,1.32561,1.32606,1.32548,1.32601,3698299865.7226562
2012-02-13 07:14:00,1.32601,1.32604,1.32568,1.32586,3477200012.2070312
2012-02-13 07:15:00,1.32588,1.32648,1.32583,1.32648,3214500122.0703125
2012-02-13 07:16:00,1.3265,1.32717,1.3265,1.32705,3414400024.4140625
2012-02-13 07:17:00,1.32707,1.32757,1.32707,1.32721,2882099914.5507812
2012-02-13 07:18:00,1.32721,1.32739,1.32693,1.32693,1989400024.4140625
2012-02-13 07:19:00,1.32692,1.32697,1.32676,1.3268,2905899963.3789062
2012-02-13 07:20:00,1.3268,1.32718,1.32679,1.32701,2744299926.7578125
2012-02-13 07:21:00,1.32703,1.32705,1.32683,1.32684,2628299865.7226562
2012-02-13 07:22:00,1.32685,1.32689,1.32643,1.32646,2514299926.7578125
2012-02-13 07:23:00,1.32643,1.32653,1.32614,1.32614,2521499938.9648438
2012-02-13 07:24:00,1.32611,1.32638,1.32608,1.32634,3131799926.7578125
2012-02-13 07:25:00,1.32634,1.3264,1.32613,1.32615,2367700042.7246094
2012-02-13 07:26:00,1.32614,1.32628,1.32598,1.32622,2462200012.2070312
2012-02-13 07:27:00,1.32622,1.32633,1.32599,1.32621,2553300018.310547
2012-02-13 07:28:00,1.32621,1.32635,1.32619,1.32632,2254900054.9316406
2012-02-13 07:29:00,1.32632,1.32646,1.3262,1.32621,2609100036.6210938
2012-02-13 07:30:00,1.32621,1.32643,1.32618,1.32621,2752500000.0
2012-02-13 07:31:00,1.32619,1.3262,1.32598,1.32614,2465800018.310547
2012-02-13 07:32:00,1.32614,1.32622,1.32583,1.32583,2770100097.65625
2012-02-13 07:33:00,1.32582,1.326,1.32562,1.32598,4833500061.035156
2012-02-13 07:34:00,1.32598,1.326,1.32581,1.32583,2235899963.3789062
2012-02-13 07:35:00,1.32583,1.32608,1.3258,1.32604,2123500061.0351562
2012-02-13 07:36:00,1.32604,1.32614,1.32595,1.32613,1744900054.9316406
2012-02-13 07:37:00,1.32613,1.32624,1.32593,1.32593,2307599945.0683594
2012-02-13 07:38:00,1.32593,1.32593,1.32574,1.32582,2108399963.3789062
2012-02-13 07:39:00,1.32582,1.32603,1.32574,1.32592,1788200073.2421875
2012-02-13 07:40:00,1.32589,1.32597,1.32548,1.32548,2004799957.2753906
2012-02-13 07:41:00,1.32545,1.32553,1.3253,1.32536,1800399932.8613281
2012-02-13 07:42:00,1.32536,1.32547,1.32533,1.32534,1070800018.3105469
2012-02-13 07:43:00,1.32534,1.32583,1.32534,1.32583,1423300018.3105469
2012-02-13 07:44:00,1.32583,1.32584,1.32542,1.32545,1993899993.8964844
2012-02-13 07:45:00,1.32545,1.32564,1.32539,1.32563,1855099945.0683594
2012-02-13 07:46:00,1.32563,1.32587,1.32525,1.32525,3100599975.5859375
2012-02-13 07:47:00,1.32525,1.32529,1.3249,1.32526,2884899902.34375
2012-02-13 07:48:00,1.32525,1.32532,1.32523,1.32528,1336199951.171875
2012-02-13 07:49:00,1.32528,1.32556,1.32524,1.32552,2159100036.6210938
2012-02-13 07:50:00,1.32552,1.32562,1.32548,1.32561,2274900054.9316406
2012-02-13 07:51:00,1.32563,1.32566,1.32545,1.32547,1995800018.3105469
2012-02-13 07:52:00,1.32546,1.32598,1.32544,1.32598,2113699951.171875
2012-02-13 07:53:00,1.32598,1.32618,1.32593,1.32615,2727300109.8632812
2012-02-13 07:54:00,1.32614,1.32661,1.32606,1.32661,3044599914.5507812
2012-02-13 07:55:00,1.32662,1.3267,1.32613,1.32631,2934899902.34375
2012-02-13 07:56:00,1.32633,1.32634,1.32587,1.32588,2806499938.9648438
2012-02-13 07:57:00,1.32587,1.32587,1.32573,1.32579,2002500000.0
2012-02-13 07:58:00,1.32579,1.326,1.32578,1.3258,2511000061.0351562
2012-02-13 07:59:00,1.32579,1.32579,1.32527,1.32527,2176799926.7578125
2012-02-13 08:00:00,1.32525,1.32552,1.32504,1.32507,2982300109.8632812
2012-02-13 08:01:00,1.32509,1.3256,1.32508,1.32546,3520100097.65625
2012-02-13 08:02:00,1.32546,1.32553,1.32525,1.32552,2510599975.5859375
2012-02-13 08:03:00,1.3255,1.32573,1.3255,1.32564,2912099914.5507812
2012-02-13 08:04:00,1.32565,1.32612,1.32565,1.3261,2988999938.9648438
2012-02-13 08:05:00,1.32609,1.32609,1.32575,1.32586,2824899902.34375
2012-02-13 08:06:00,1.32587,1.32634,1.32586,1.32618,2875199890.1367188
2012-02-13 08:07:00,1.32618,1.32631,1.32607,1.32629,2643800048.828125
2012-02-13 08:08:00,1.3263,1.32642,1.3261,1.32628,2676900024.4140625
2012-02-13 08:09:00,1.32629,1.32629,1.32587,1.32588,2505899963.3789062
2012-02-13 08:10:00,1.32589,1.32645,1.32587,1.32645,3779299926.7578125
2012-02-13 08:11:00,1.32647,1.32655,1.32608,1.32619,3445000000.0
2012-02-13 08:12:00,1.32619,1.32651,1.32608,1.32633,3508900146.484375
2012-02-13 08:13:00,1.32633,1.32657,1.3262,1.32657,3897799987.7929688
2012-02-13 08:14:00,1.32659,1.32666,1.32599,1.32599,3512200012.2070312
2012-02-13 08:15:00,1.32599,1.32624,1.32595,1.32599,3857399902.34375
2012-02-13 08:16:00,1.32599,1.32604,1.32585,1.32585,2153999938.9648438
2012-02-13 08:17:00,1.32588,1.32595,1.32559,1.32559,2711199951.171875
2012-02-13 08:18:00,1.32559,1.32568,1.3254,1.32563,2967699890.1367188
2012-02-13 08:19:00,1.32564,1.326,1.32564,1.32586,2408500061.0351562
2012-02-13 08:20:00,1.32586,1.32588,1.32564,1.32568,2350000000.0
2012-02-13 08:21:00,1.32568,1.32613,1.32564,1.32604,2614899902.34375
2012-02-13 08:22:00,1.32603,1.32619,1.32581,1.32619,2742699890.1367188
2012-02-13 08:23:00,1.32621,1.3267,1.32621,1.3267,2579599914.5507812
2012-02-13 08:24:00,1.3267,1.327,1.32667,1.32679,2824200134.2773438
2012-02-13 08:25:00,1.32678,1.32715,1.32666,1.32698,3758900146.484375
2012-02-13 08:26:00,1.32702,1.3274,1.32702,1.32726,3716400146.484375
2012-02-13 08:27:00,1.32726,1.32741,1.32707,1.32736,2847900085.4492188
2012-02-13 08:28:00,1.32737,1.32744,1.32727,1.32731,2442400054.9316406
2012-02-13 08:29:00,1.3273,1.32748,1.32723,1.32743,1488099975.5859375
2012-02-13 08:30:00,1.32742,1.32803,1.32742,1.32775,4421400146.484375
2012-02-13 08:31:00,1.32776,1.32797,1.32765,1.32778,2509100036.6210938
2012-02-13 08:32:00,1.32778,1.32788,1.32776,1.32786,2145899963.3789062
2012-02-13 08:33:00,1.32786,1.32792,1.32757,1.32776,2582699890.1367188
2012-02-13 08:34:00,1.32778,1.32778,1.32754,1.32765,2345700073.2421875
2012-02-13 08:35:00,1.32765,1.32765,1.32741,1.3275,2904100036.6210938
2012-02-13 08:36:00,1.32749,1.32761,1.32741,1.32748,2463000030.517578
2012-02-13 08:37:00,1.32747,1.32748,1.32728,1.32728,1860500030.5175781
2012-02-13 08:38:00,1.3273,1.3273,1.32717,1.32728,2165800018.310547
2012-02-13 08:39:00,1.32728,1.3274,1.32711,1.32729,2264499969.482422
2012-02-13 08:40:00,1.32731,1.32755,1.32717,1.32725,2172799987.7929688
2012-02-13 08:41:00,1.32725,1.32726,1.32701,1.32704,2625199890.1367188
2012-02-13 08:42:00,1.32704,1.32704,1.32682,1.32682,2468699951.171875
2012-02-13 08:43:00,1.32682,1.32709,1.3267,1.32709,2217700042.7246094
2012-02-13 08:44:00,1.32711,1.32758,1.32708,1.32752,2606700134.2773438
2012-02-13 08:45:00,1.32752,1.32752,1.32724,1.32724,2071199951.171875
2012-02-13 08:46:00,1.32723,1.32746,1.32705,1.32744,2437400054.9316406
2012-02-13 08:47:00,1.32743,1.3277,1.32736,1.32768,2547100067.138672
2012-02-13 08:48:00,1.32769,1.32776,1.3275,1.32764,2507899932.861328
2012-02-13 08:49:00,1.32764,1.328,1.32764,1.32793,2539900054.9316406
2012-02-13 08:50:00,1.32792,1.32826,1.32779,1.32799,3282399902.34375
2012-02-13 08:51:00,1.32798,1.32825,1.32786,1.32821,3393299865.7226562
2012-02-13 08:52:00,1.3282,1.32823,1.32767,1.32769,3525100097.65625
2012-02-13 08:53:00,1.3277,1.32808,1.32769,1.32798,2519299926.7578125
2012-02-13 08:54:00,1.32798,1.32807,1.32764,1.32764,2462599945.0683594
2012-02-13 08:55:00,1.32764,1.32777,1.32752,1.32752,1718099975.5859375
2012-02-13 08:56:00,1.32748,1.32773,1.32726,1.32726,3106799926.7578125
2012-02-13 08:57:00,1.32726,1.32752,1.32725,1.32736,2552400054.9316406
2012-02-13 08:58:00,1.32736,1.32756,1.32736,1.32748,2126100006.1035156
2012-02-13 08:59:00,1.32748,1.32802,1.32745,1.32798,3202799987.7929688
2012-02-13 09:00:00,1.328,1.32811,1.32767,1.32767,3028900146.484375
2012-02-13 09:01:00,1.32767,1.32782,1.32764,1.3278,2493899993.8964844
2012-02-13 09:02:00,1.32782,1.32811,1.32781,1.32797,2421699981.689453
2012-02-13 09:03:00,1.32797,1.32797,1.32743,1.32743,2797200012.2070312
2012-02-13 09:04:00,1.32742,1.32754,1.32698,1.32707,3715400085.4492188
2012-02-13 09:05:00,1.32708,1.32729,1.32697,1.32723,2528899993.8964844
2012-02-13 09:06:00,1.32724,1.32727,1.32702,1.32717,2254499969.482422
2012-02-13 09:07:00,1.32719,1.3272,1.32705,1.3272,1855200042.7246094
2012-02-13 09:08:00,1.32719,1.32725,1.32678,1.32682,3227300109.8632812
2012-02-13 09:09:00,1.32682,1.32682,1.32662,1.32665,2326499938.9648438
2012-02-13 09:10:00,1.32663,1.32677,1.32657,1.3266,1905200042.7246094
2012-02-13 09:11:00,1.3266,1.32669,1.32639,1.32651,2666099853.515625
2012-02-13 09:12:00,1.32651,1.32679,1.3265,1.32665,2398699951.171875
2012-02-13 09:13:00,1.32665,1.32665,1.3264,1.32649,2163300018.310547
2012-02-13 09:14:00,1.32649,1.3265,1.32639,1.32648,1627799987.7929688
2012-02-13 09:15:00,1.32648,1.32681,1.32646,1.3268,2568999938.9648438
2012-02-13 09:16:00,1.3268,1.327,1.32676,1.32699,2215700073.2421875
2012-02-13 09:17:00,1.32698,1.32699,1.32692,1.32696,1308800048.828125
2012-02-13 09:18:00,1.32695,1.32712,1.32661,1.32662,2782999877.9296875
2012-02-13 09:19:00,1.32661,1.32662,1.32609,1.32644,3400400085.4492188
2012-02-13 09:20:00,1.32645,1.32645,1.32622,1.32623,2649899902.34375
2012-02-13 09:21:00,1.32621,1.32625,1.32597,1.32623,3196099853.515625
2012-02-13 09:22:00,1.32625,1.32669,1.32621,1.3266,3759800109.8632812
2012-02-13 09:23:00,1.3266,1.32662,1.32633,1.32645,2326399993.8964844
2012-02-13 09:24:00,1.32646,1.32655,1.32636,1.32638,2100899963.3789062
2012-02-13 09:25:00,1.32639,1.3264,1.3263,1.3264,1628000030.5175781
2012-02-13 09:26:00,1.32641,1.32641,1.3261,1.32616,2002799987.7929688
2012-02-13 09:27:00,1.32617,1.32621,1.32589,1.32594,2360000000.0
2012-02-13 09:28:00,1.32595,1.32628,1.32595,1.32622,3285299987.7929688
2012-02-13 09:29:00,1.32621,1.32658,1.32612,1.32648,3466199951.171875
2012-02-13 09:30:00,1.32648,1.32648,1.32625,1.32638,2784400024.4140625
2012-02-13 09:31:00,1.32639,1.32639,1.326,1.32604,2414799957.2753906
2012-02-13 09:32:00,1.32604,1.3265,1.32602,1.32649,2079400024.4140625
2012-02-13 09:33:00,1.32648,1.3266,1.32638,1.32652,1990899963.3789062
2012-02-13 09:34:00,1.32651,1.32675,1.32651,1.32662,1401499938.9648438
2012-02-13 09:35:00,1.32661,1.32661,1.32636,1.32636,2489700012.2070312
2012-02-13 09:36:00,1.32635,1.32641,1.32623,1.32633,2548500061.0351562
2012-02-13 09:37:00,1.32634,1.32637,1.32601,1.32602,1984799957.2753906
2012-02-13 09:38:00,1.32602,1.3261,1.32599,1.326,1359400024.4140625
2012-02-13 09:39:00,1.32599,1.32615,1.32587,1.32613,1963600006.1035156
2012-02-13 09:40:00,1.32616,1.32642,1.32616,1.32637,1773899993.8964844
2012-02-13 09:41:00,1.32637,1.3265,1.32637,1.32639,1723300018.3105469
2012-02-13 09:42:00,1.32637,1.32662,1.32625,1.32659,2254499969.482422
2012-02-13 09:43:00,1.32659,1.3266,1.32643,1.32644,1284199981.6894531
2012-02-13 09:44:00,1.32644,1.32644,1.32621,1.32623,1238000030.5175781
2012-02-13 09:45:00,1.32623,1.32623,1.32613,1.32623,1074800033.569336
2012-02-13 09:46:00,1.32624,1.32658,1.32607,1.32655,2618200073.2421875
2012-02-13 09:47:00,1.32654,1.32667,1.32649,1.32664,1581399993.8964844
2012-02-13 09:48:00,1.32664,1.32676,1.32657,1.32659,2101300048.828125
2012-02-13 09:49:00,1.32659,1.32665,1.32651,1.32651,1638800048.828125
2012-02-13 09:50:00,1.32651,1.32661,1.3264,1.32642,793499984.7412109
2012-02-13 09:51:00,1.32644,1.32661,1.32644,1.32656,1322400054.9316406
2012-02-13 09:52:00,1.32654,1.3266,1.32651,1.32658,1120199966.430664
2012-02-13 09:53:00,1.32659,1.3267,1.32633,1.3264,2286100006.1035156
2012-02-13 09:54:00,1.32639,1.32648,1.32611,1.32611,2787500000.0
2012-02-13 09:55:00,1.32611,1.32611,1.32565,1.32574,2222599945.0683594
2012-02-13 09:56:00,1.32572,1.32573,1.32528,1.32534,3346499938.9648438
2012-02-13 09:57:00,1.32535,1.3257,1.32535,1.32566,3079700012.2070312
2012-02-13 09:58:00,1.32567,1.32571,1.32556,1.3256,1229800033.569336
2012-02-13 09:59:00,1.3256,1.3258,1.32556,1.32577,2151100006.1035156
2012-02-13 10:00:00,1.32576,1.32578,1.32549,1.32562,2553099975.5859375
2012-02-13 10:01:00,1.32562,1.32568,1.32542,1.32546,1856399993.8964844
2012-02-13 10:02:00,1.32544,1.32546,1.32531,1.32545,1857899932.8613281
2012-02-13 10:03:00,1.32545,1.32569,1.32545,1.32558,1699499969.4824219
2012-02-13 10:04:00,1.32557,1.32577,1.32554,1.32576,1673699951.171875
2012-02-13 10:05:00,1.32576,1.32576,1.32545,1.32545,2048699951.171875
2012-02-13 10:06:00,1.32544,1.32549,1.32503,1.32511,2859400024.4140625
2012-02-13 10:07:00,1.32509,1.32532,1.32508,1.32528,2654100036.6210938
2012-02-13 10:08:00,1.32528,1.32548,1.32527,1.32537,1989799957.2753906
2012-02-13 10:09:00,1.32537,1.32559,1.32536,1.32558,1964600067.1386719
2012-02-13 10:10:00,1.32558,1.32559,1.32545,1.32553,1866699981.6894531
2012-02-13 10:11:00,1.32553,1.32561,1.32548,1.32558,1703000030.5175781
2012-02-13 10:12:00,1.32557,1.32579,1.32557,1.32573,2196300048.828125
2012-02-13 10:13:00,1.32574,1.32589,1.32563,1.32586,1553999938.9648438
2012-02-13 10:14:00,1.32587,1.32603,1.32586,1.32599,1166399993.8964844
2012-02-13 10:15:00,1.326,1.32617,1.32589,1.32598,1498600006.1035156
2012-02-13 10:16:00,1.32595,1.32619,1.32595,1.32598,2325500030.517578
2012-02-13 10:17:00,1.32599,1.32618,1.32596,1.3261,1581000061.0351562
2012-02-13 10:18:00,1.3261,1.32621,1.32604,1.32613,1258600006.1035156
2012-02-13 10:19:00,1.32612,1.32619,1.32598,1.326,1706000061.0351562
2012-02-13 10:20:00,1.32602,1.3261,1.32584,1.32591,2083099975.5859375
2012-02-13 10:21:00,1.32592,1.32597,1.32573,1.32573,1863899993.8964844
2012-02-13 10:22:00,1.32573,1.32573,1.32552,1.32552,2428000030.517578
2012-02-13 10:23:00,1.32553,1.32557,1.32515,1.32527,2433600006.1035156
2012-02-13 10:24:00,1.32527,1.32549,1.32527,1.32542,2778399963.3789062
2012-02-13 10:25:00,1.32542,1.32554,1.32525,1.32534,2133300018.3105469
2012-02-13 10:26:00,1.32532,1.3254,1.32517,1.32531,2412700042.7246094
2012-02-13 10:27:00,1.32532,1.32546,1.32527,1.32546,2402599945.0683594
2012-02-13 10:28:00,1.32547,1.32553,1.32538,1.32545,2579299926.7578125
2012-02-13 10:29:00,1.32545,1.32559,1.32543,1.32559,1571199951.171875
2012-02-13 10:30:00,1.3256,1.32579,1.32545,1.32579,3137000122.0703125
2012-02-13 10:31:00,1.32579,1.32601,1.32578,1.32594,2686499938.9648438
2012-02-13 10:32:00,1.32593,1.32616,1.32589,1.32608,2547200012.2070312
2012-02-13 10:33:00,1.32608,1.32627,1.32608,1.32619,2685000000.0
2012-02-13 10:34:00,1.32619,1.32621,1.32582,1.32585,3154299926.7578125
2012-02-13 10:35:00,1.32584,1.32609,1.32584,1.32602,2133000030.5175781
2012-02-13 10:36:00,1.32602,1.32617,1.32592,1.32603,2188899993.8964844
2012-02-13 10:37:00,1.32603,1.32651,1.32603,1.32644,2759899902.34375
2012-02-13 10:38:00,1.32645,1.3266,1.32638,1.32638,2693299865.7226562
2012-02-13 10:39:00,1.32637,1.32648,1.32632,1.32632,2022400054.9316406
2012-02-13 10:40:00,1.32631,1.3265,1.32629,1.3265,1581699981.6894531
2012-02-13 10:41:00,1.32652,1.32691,1.32652,1.32676,2810299987.7929688
2012-02-13 10:42:00,1.32676,1.32677,1.3266,1.32666,1993800048.828125
2012-02-13 10:43:00,1.32667,1.32674,1.32667,1.32674,1148499984.741211
2012-02-13 10:44:00,1.32672,1.32687,1.32666,1.32686,2189299926.7578125
2012-02-13 10:45:00,1.32686,1.3271,1.32682,1.32688,3732500000.0
2012-02-13 10:46:00,1.32689,1.32717,1.32689,1.32696,3921799926.7578125
2012-02-13 10:47:00,1.32696,1.32696,1.3266,1.32676,2170399932.861328
2012-02-13 10:48:00,1.32676,1.32682,1.32673,1.32674,1881300048.828125
2012-02-13 10:49:00,1.32673,1.32674,1.32653,1.32653,1984600067.1386719
2012-02-13 10:50:00,1.32653,1.32654,1.32628,1.3265,2547799987.7929688
2012-02-13 10:51:00,1.3265,1.32657,1.3263,1.32633,2648599853.515625
2012-02-13 10:52:00,1.32632,1.32639,1.32609,1.32609,2518999938.9648438
2012-02-13 10:53:00,1.32609,1.32625,1.32595,1.326,1605299987.7929688
2012-02-13 10:54:00,1.32601,1.32623,1.32584,1.32586,2475099945.0683594
2012-02-13 10:55:00,1.32588,1.32589,1.32575,1.32578,1860500030.5175781
2012-02-13 10:56:00,1.32578,1.32589,1.32568,1.32585,1665099945.0683594
2012-02-13 10:57:00,1.32585,1.32629,1.32585,1.32613,2139199981.6894531
2012-02-13 10:58:00,1.32614,1.32661,1.32613,1.32661,3783399963.3789062
2012-02-13 10:59:00,1.32662,1.32674,1.32646,1.32669,3202399902.34375
2012-02-13 11:00:00,1.32669,1.32677,1.32654,1.32663,3803699951.171875
2012-02-13 11:01:00,1.32662,1.32662,1.32638,1.32642,2805299987.7929688
2012-02-13 11:02:00,1.32643,1.32643,1.32627,1.32643,1644600067.1386719
2012-02-13 11:03:00,1.32647,1.32652,1.3264,1.32643,1922599945.0683594
2012-02-13 11:04:00,1.32645,1.32645,1.32613,1.32622,1480800018.3105469
2012-02-13 11:05:00,1.32621,1.32636,1.32605,1.32634,2683200073.2421875
2012-02-13 11:06:00,1.32637,1.3264,1.32626,1.32633,1333099975.5859375
2012-02-13 11:07:00,1.32633,1.32636,1.32615,1.32615,2251499938.9648438
2012-02-13 11:08:00,1.32616,1.32616,1.32586,1.32601,1929299926.7578125
2012-02-13 11:09:00,1.32599,1.32599,1.32581,1.32585,1736699981.6894531
2012-02-13 11:10:00,1.32588,1.326,1.32579,1.32599,1594600067.1386719
2012-02-13 11:11:00,1.326,1.3261,1.3259,1.32595,2496199951.171875
2012-02-13 11:12:00,1.32596,1.32602,1.32578,1.32584,2156900024.4140625
2012-02-13 11:13:00,1.32584,1.32601,1.32584,1.32597,2048099975.5859375
2012-02-13 11:14:00,1.32597,1.32613,1.32592,1.32609,2651700134.2773438
2012-02-13 11:15:00,1.32608,1.32631,1.32602,1.3262,3131400146.484375
2012-02-13 11:16:00,1.3262,1.3263,1.32612,1.32619,2235500030.517578
2012-02-13 11:17:00,1.32619,1.32619,1.32594,1.32595,1665899963.3789062
2012-02-13 11:18:00,1.32596,1.32601,1.32583,1.32592,1271200027.4658203
2012-02-13 11:19:00,1.32595,1.32619,1.32595,1.32612,2738900146.484375
2012-02-13 11:20:00,1.3261,1.32612,1.32597,1.32604,2701099853.515625
2012-02-13 11:21:00,1.32602,1.32615,1.32601,1.32613,1974400024.4140625
2012-02-13 11:22:00,1.32614,1.32615,1.32588,1.32588,2007500000.0
2012-02-13 11:23:00,1.32588,1.32588,1.32544,1.32545,2672500000.0
2012-02-13 11:24:00,1.32544,1.32571,1.32544,1.32567,1786600036.6210938
2012-02-13 11:25:00,1.32567,1.32571,1.32564,1.32566,1799700012.2070312
2012-02-13 11:26:00,1.32566,1.32582,1.32562,1.32581,1788300018.3105469
2012-02-13 11:27:00,1.32582,1.32584,1.32581,1.32582,1113099975.5859375
2012-02-13 11:28:00,1.32582,1.32583,1.3258,1.32581,924499969.4824219
2012-02-13 11:29:00,1.32586,1.32598,1.32584,1.3259,2157899932.861328
2012-02-13 11:30:00,1.32589,1.32616,1.32587,1.32587,3470799865.7226562
2012-02-13 11:31:00,1.32586,1.32607,1.32583,1.32586,2680299987.7929688
2012-02-13 11:32:00,1.32589,1.32611,1.32589,1.32604,1768099975.5859375
2012-02-13 11:33:00,1.32604,1.32609,1.32593,1.32593,1785899963.3789062
2012-02-13 11:34:00,1.32593,1.326,1.32583,1.326,1561699981.6894531
2012-02-13 11:35:00,1.32599,1.32622,1.32599,1.32621,2849299926.7578125
2012-02-13 11:36:00,1.32623,1.32647,1.32622,1.32643,2118300018.3105469
2012-02-13 11:37:00,1.32642,1.32647,1.32632,1.32637,2493600006.1035156
2012-02-13 11:38:00,1.32637,1.32649,1.32633,1.32634,2674800109.8632812
2012-02-13 11:39:00,1.32633,1.32638,1.32625,1.32629,1863200073.2421875
2012-02-13 11:40:00,1.32632,1.32632,1.32608,1.32613,1409799957.2753906
2012-02-13 11:41:00,1.32613,1.32618,1.32609,1.32618,1787500000.0
2012-02-13 11:42:00,1.32618,1.32649,1.32618,1.32644,2776099853.515625
2012-02-13 11:43:00,1.32642,1.32647,1.32626,1.32647,2022400054.9316406
2012-02-13 11:44:00,1.32648,1.32664,1.32638,1.32644,2296100006.1035156
2012-02-13 11:45:00,1.32644,1.32658,1.32641,1.32648,1923800048.828125
2012-02-13 11:46:00,1.32647,1.32655,1.3264,1.32645,1657700042.7246094
2012-02-13 11:47:00,1.32644,1.32646,1.3264,1.32642,1178600006.1035156
2012-02-13 11:48:00,1.32642,1.32643,1.3261,1.32615,2270700073.2421875
2012-02-13 11:49:00,1.32617,1.32619,1.32615,1.32616,1126500015.258789
2012-02-13 11:50:00,1.32614,1.32615,1.32583,1.32588,2978399963.3789062
2012-02-13 11:51:00,1.32591,1.32601,1.32586,1.32595,2213399963.3789062
2012-02-13 11:52:00,1.32595,1.32598,1.32579,1.32582,1787400054.9316406
2012-02-13 11:53:00,1.32582,1.32587,1.32572,1.32578,1813000030.5175781
2012-02-13 11:54:00,1.32578,1.32587,1.32571,1.32581,1711999969.4824219
2012-02-13 11:55:00,1.32581,1.32581,1.3256,1.32568,2062500000.0
2012-02-13 11:56:00,1.32568,1.3257,1.32552,1.32553,1281199951.171875
2012-02-13 11:57:00,1.32552,1.32553,1.32532,1.32535,2178699951.171875
2012-02-13 11:58:00,1.32535,1.32559,1.32535,1.32551,1872799987.7929688
2012-02-13 11:59:00,1.32551,1.32557,1.32533,1.32533,1663600006.1035156
2012-02-13 12:00:00,1.32532,1.3254,1.32527,1.32535,2143699951.171875
2012-02-13 12:01:00,1.32533,1.32541,1.3253,1.32538,1821999969.4824219
2012-02-13 12:02:00,1.3254,1.32549,1.32538,1.32542,1552299957.2753906
2012-02-13 12:03:00,1.32542,1.32548,1.32506,1.32506,1625099945.0683594
2012-02-13 12:04:00,1.32504,1.32504,1.32458,1.3246,2743299865.7226562
2012-02-13 12:05:00,1.3246,1.32491,1.32458,1.32484,3228599853.515625
2012-02-13 12:06:00,1.32486,1.32489,1.32422,1.32431,2910400085.4492188
2012-02-13 12:07:00,1.32431,1.32448,1.3243,1.32436,2407599945.0683594
2012-02-13 12:08:00,1.32435,1.32455,1.32433,1.32448,2335299987.7929688
2012-02-13 12:09:00,1.32448,1.32464,1.3244,1.32453,2493099975.5859375
2012-02-13 12:10:00,1.32454,1.32482,1.32454,1.32479,1664400024.4140625
2012-02-13 12:11:00,1.3248,1.32487,1.32469,1.32479,1614299926.7578125
2012-02-13 12:12:00,1.3248,1.32489,1.32478,1.32488,1576799926.7578125
2012-02-13 12:13:00,1.32488,1.32492,1.3248,1.3248,1677799987.7929688
2012-02-13 12:14:00,1.3248,1.32488,1.32479,1.32483,1137900009.1552734
2012-02-13 12:15:00,1.32483,1.32484,1.3245,1.32459,1881300048.828125
2012-02-13 12:16:00,1.32459,1.32472,1.32458,1.32459,1738699951.171875
2012-02-13 12:17:00,1.32459,1.32471,1.32459,1.32463,1221500015.258789
2012-02-13 12:18:00,1.32463,1.3247,1.32462,1.32469,1051999969.4824219
2012-02-13 12:19:00,1.32469,1.32481,1.32466,1.3248,1355200042.7246094
2012-02-13 12:20:00,1.32479,1.32479,1.32453,1.32455,1387700042.7246094
2012-02-13 12:21:00,1.32456,1.32468,1.32455,1.32461,2263999938.9648438
2012-02-13 12:22:00,1.32459,1.32475,1.32457,1.32474,1689799957.2753906
2012-02-13 12:23:00,1.32474,1.32483,1.32472,1.3248,1062600021.3623047
2012-02-13 12:24:00,1.3248,1.3249,1.32469,1.32483,1700099945.0683594
2012-02-13 12:25:00,1.32486,1.32516,1.32485,1.32516,1695200042.7246094
2012-02-13 12:26:00,1.32518,1.32543,1.32511,1.32542,2174499969.482422
2012-02-13 12:27:00,1.32542,1.32556,1.32536,1.32553,1544499969.4824219
2012-02-13 12:28:00,1.32554,1.32562,1.32551,1.32555,2450500030.517578
2012-02-13 12:29:00,1.32555,1.32558,1.32522,1.32527,2246900024.4140625
2012-02-13 12:30:00,1.32527,1.32533,1.32521,1.32529,1626300048.828125
2012-02-13 12:31:00,1.32529,1.32537,1.32528,1.32537,1756900024.4140625
2012-02-13 12:32:00,1.32536,1.32553,1.32536,1.32539,2078999938.9648438
2012-02-13 12:33:00,1.32538,1.3255,1.32536,1.32548,1703000030.5175781
2012-02-13 12:34:00,1.32549,1.32567,1.32543,1.32561,2306900024.4140625
2012-02-13 12:35:00,1.32561,1.32563,1.32546,1.32546,1306600036.6210938
2012-02-13 12:36:00,1.32546,1.32546,1.32538,1.32545,1159599990.8447266
2012-02-13 12:37:00,1.32548,1.32548,1.32533,1.32537,1718300018.3105469
2012-02-13 12:38:00,1.32536,1.32536,1.32522,1.32522,933399963.3789062
2012-02-13 12:39:00,1.32523,1.32561,1.32522,1.32559,1972799987.7929688
2012-02-13 12:40:00,1.32559,1.3256,1.32551,1.32558,1699499969.4824219
2012-02-13 12:41:00,1.32556,1.32556,1.32522,1.32522,1699600067.1386719
2012-02-13 12:42:00,1.32523,1.32529,1.3251,1.32528,2184400024.4140625
2012-02-13 12:43:00,1.32528,1.32538,1.3251,1.32518,2043800048.828125
2012-02-13 12:44:00,1.3252,1.32521,1.32507,1.32509,1214100036.6210938
2012-02-13 12:45:00,1.32507,1.32509,1.32498,1.32498,1035999984.7412109
2012-02-13 12:46:00,1.32499,1.3251,1.32499,1.32499,1413300018.3105469
2012-02-13 12:47:00,1.32498,1.32499,1.32481,1.32488,2187799987.7929688
2012-02-13 12:48:00,1.32488,1.32496,1.32487,1.32489,987300033.5693359
2012-02-13 12:49:00,1.32489,1.32496,1.32479,1.32487,1816699981.6894531
2012-02-13 12:50:00,1.32488,1.32488,1.32468,1.3248,1985700073.2421875
2012-02-13 12:51:00,1.3248,1.32495,1.32467,1.32491,2278699951.171875
2012-02-13 12:52:00,1.32491,1.32499,1.32475,1.32478,1231900024.4140625
2012-02-13 12:53:00,1.32479,1.3249,1.32472,1.32486,842500000.0
2012-02-13 12:54:00,1.32485,1.32491,1.32468,1.32489,1526300048.828125
2012-02-13 12:55:00,1.32492,1.32503,1.32491,1.32502,1275699996.9482422
2012-02-13 12:56:00,1.32502,1.32512,1.325,1.32512,1420500030.5175781
2012-02-13 12:57:00,1.32512,1.32556,1.3251,1.32556,2511399993.8964844
2012-02-13 12:58:00,1.32557,1.32584,1.32557,1.32571,1767200012.2070312
2012-02-13 12:59:00,1.3257,1.32575,1.32537,1.32541,2018800048.828125
2012-02-13 13:00:00,1.32541,1.32567,1.3254,1.32567,2583200073.2421875
2012-02-13 13:01:00,1.32567,1.32571,1.32558,1.32559,1474900054.9316406
2012-02-13 13:02:00,1.32559,1.32559,1.32549,1.32557,1018799972.5341797
2012-02-13 13:03:00,1.32557,1.32559,1.32525,1.3254,2020099945.0683594
2012-02-13 13:04:00,1.3254,1.3254,1.32509,1.32526,2728800048.828125
2012-02-13 13:05:00,1.32525,1.32544,1.32516,1.32516,1724100036.6210938
2012-02-13 13:06:00,1.32515,1.32518,1.32497,1.325,2505500030.517578
2012-02-13 13:07:00,1.325,1.32502,1.32487,1.32498,3237900085.4492188
2012-02-13 13:08:00,1.32498,1.32501,1.32487,1.32498,2708999938.9648438
2012-02-13 13:09:00,1.32496,1.32502,1.32479,1.32479,1876900024.4140625
2012-02-13 13:10:00,1.32475,1.32483,1.32469,1.32481,1882700042.7246094
2012-02-13 13:11:00,1.32481,1.32501,1.32481,1.32495,2645700073.2421875
2012-02-13 13:12:00,1.32499,1.32505,1.32488,1.32496,1950000000.0
2012-02-13 13:13:00,1.32497,1.32527,1.32482,1.32523,2612999877.9296875
2012-02-13 13:14:00,1.32524,1.32542,1.32519,1.32539,3656600036.6210938
2012-02-13 13:15:00,1.32538,1.32589,1.32536,1.32578,3714299926.7578125
2012-02-13 13:16:00,1.32577,1.3258,1.32568,1.32573,2690000000.0
2012-02-13 13:17:00,1.32572,1.32573,1.32556,1.32561,3232699890.1367188
2012-02-13 13:18:00,1.3256,1.32563,1.3254,1.32545,3082999877.9296875
2012-02-13 13:19:00,1.32545,1.32546,1.32529,1.32537,3137900085.4492188
2012-02-13 13:20:00,1.32537,1.32552,1.32537,1.32542,1404100036.6210938
2012-02-13 13:21:00,1.3254,1.32544,1.32522,1.3253,2241999969.482422
2012-02-13 13:22:00,1.32528,1.32545,1.32527,1.32539,1931499938.9648438
2012-02-13 13:23:00,1.32539,1.3254,1.32522,1.32526,1898000030.5175781
2012-02-13 13:24:00,1.32527,1.32541,1.32522,1.32541,2027400054.9316406
2012-02-13 13:25:00,1.3254,1.32546,1.3252,1.32528,2050000000.0
2012-02-13 13:26:00,1.32528,1.32543,1.32523,1.32541,1323699951.171875
2012-02-13 13:27:00,1.32538,1.32562,1.32538,1.32552,1117900009.1552734
2012-02-13 13:28:00,1.32552,1.32552,1.32531,1.32531,965899963.3789062
2012-02-13 13:29:00,1.3253,1.3253,1.32485,1.32485,1788999938.9648438
2012-02-13 13:30:00,1.32484,1.32484,1.32467,1.3248,2174299926.7578125
2012-02-13 13:31:00,1.32481,1.32495,1.32469,1.32479,1899900054.9316406
2012-02-13 13:32:00,1.32479,1.32495,1.32478,1.32494,1736999969.4824219
2012-02-13 13:33:00,1.32493,1.32502,1.32487,1.32493,1597100067.1386719
2012-02-13 13:34:00,1.32493,1.32501,1.3249,1.32494,1222900009.1552734
2012-02-13 13:35:00,1.32493,1.32504,1.32491,1.32499,1745299987.7929688
2012-02-13 13:36:00,1.32498,1.32519,1.32492,1.32516,1831799926.7578125
2012-02-13 13:37:00,1.32516,1.32526,1.32514,1.32522,2301600036.6210938
2012-02-13 13:38:00,1.32523,1.32527,1.32503,1.32506,2175599975.5859375
2012-02-13 13:39:00,1.32506,1.32506,1.32471,1.32478,2288300018.310547
2012-02-13 13:40:00,1.32478,1.32493,1.32476,1.32476,2011900024.4140625
2012-02-13 13:41:00,1.32476,1.3248,1.32475,1.3248,1481999969.4824219
2012-02-13 13:42:00,1.3248,1.32502,1.32459,1.3246,2140200042.7246094
2012-02-13 13:43:00,1.3246,1.3246,1.32441,1.32443,1757700042.7246094
2012-02-13 13:44:00,1.32444,1.32463,1.32443,1.32461,1959700012.2070312
2012-02-13 13:45:00,1.32465,1.32469,1.32444,1.32444,2236799926.7578125
2012-02-13 13:46:00,1.32444,1.32459,1.3244,1.32459,1569799957.2753906
2012-02-13 13:47:00,1.32459,1.32479,1.32452,1.32461,2500800018.310547
2012-02-13 13:48:00,1.32463,1.32465,1.32405,1.32405,2899599914.5507812
2012-02-13 13:49:00,1.32405,1.32405,1.32342,1.32356,3492900085.4492188
2012-02-13 13:50:00,1.32356,1.32386,1.32354,1.32359,3902200012.2070312
2012-02-13 13:51:00,1.32359,1.32373,1.32351,1.3237,2637500000.0
2012-02-13 13:52:00,1.3237,1.32383,1.32344,1.32383,1944700012.2070312
2012-02-13 13:53:00,1.32382,1.32382,1.32343,1.32351,2308699951.171875
2012-02-13 13:54:00,1.32352,1.32377,1.32352,1.32356,2065800018.3105469
2012-02-13 13:55:00,1.32356,1.32364,1.32343,1.32346,2436799926.7578125
2012-02-13 13:56:00,1.32346,1.32361,1.32331,1.32352,3739299926.7578125
2012-02-13 13:57:00,1.32354,1.32382,1.32354,1.32362,3100100097.65625
2012-02-13 13:58:00,1.32361,1.32391,1.32361,1.32388,2751000061.0351562
2012-02-13 13:59:00,1.32388,1.32407,1.3236,1.32361,3328200073.2421875
2012-02-13 14:00:00,1.32359,1.32388,1.32354,1.32388,2755100097.65625
2012-02-13 14:01:00,1.32387,1.32402,1.32368,1.32401,2610299987.7929688
2012-02-13 14:02:00,1.32401,1.32412,1.32389,1.324,2711400146.484375
2012-02-13 14:03:00,1.32401,1.3242,1.32399,1.32414,2262500000.0
2012-02-13 14:04:00,1.32415,1.32415,1.32388,1.32403,2558099975.5859375
2012-02-13 14:05:00,1.32403,1.32419,1.32396,1.32413,2288000030.517578
2012-02-13 14:06:00,1.32413,1.32427,1.32401,1.32413,2228800048.828125
2012-02-13 14:07:00,1.32413,1.32442,1.32412,1.32422,2948099975.5859375
2012-02-13 14:08:00,1.32422,1.32431,1.32409,1.32409,2201000061.0351562
2012-02-13 14:09:00,1.32409,1.3242,1.32409,1.32419,1673399963.3789062
2012-02-13 14:10:00,1.3242,1.32441,1.32419,1.32436,2074799957.2753906
2012-02-13 14:11:00,1.32437,1.32439,1.32431,1.32431,1686100006.1035156
2012-02-13 14:12:00,1.32431,1.32431,1.324,1.32417,2228999938.9648438
2012-02-13 14:13:00,1.32417,1.32428,1.32411,1.32411,2114799957.2753906
2012-02-13 14:14:00,1.32411,1.32417,1.32395,1.32395,830500030.5175781
2012-02-13 14:15:00,1.3239,1.32393,1.32378,1.32381,1370399932.8613281
2012-02-13 14:16:00,1.32382,1.32395,1.32375,1.32395,1644799957.2753906
2012-02-13 14:17:00,1.32395,1.32419,1.32391,1.32398,2029299926.7578125
2012-02-13 14:18:00,1.32397,1.32398,1.32381,1.32385,1510800018.3105469
2012-02-13 14:19:00,1.32383,1.32383,1.32363,1.32364,1326900024.4140625
2012-02-13 14:20:00,1.32364,1.3237,1.32358,1.32364,1978699951.171875
2012-02-13 14:21:00,1.32364,1.32368,1.3235,1.32356,2165899963.3789062
2012-02-13 14:22:00,1.32354,1.32361,1.32348,1.32359,1823099975.5859375
2012-02-13 14:23:00,1.3236,1.32417,1.32349,1.32412,2470800018.310547
2012-02-13 14:24:00,1.32411,1.32446,1.32411,1.32446,2887500000.0
2012-02-13 14:25:00,1.32447,1.32481,1.32447,1.32454,3017399902.34375
2012-02-13 14:26:00,1.32455,1.3247,1.32453,1.32463,1444900054.9316406
2012-02-13 14:27:00,1.32463,1.32472,1.32445,1.32459,2289799957.2753906
2012-02-13 14:28:00,1.32457,1.32469,1.32455,1.32469,1927500000.0
2012-02-13 14:29:00,1.32466,1.32468,1.32442,1.32452,2113600006.1035156
2012-02-13 14:30:00,1.32453,1.32462,1.3245,1.32455,2487299957.2753906
2012-02-13 14:31:00,1.32453,1.32471,1.3244,1.32466,2127700042.7246094
2012-02-13 14:32:00,1.32464,1.3247,1.3244,1.32443,1713500061.0351562
2012-02-13 14:33:00,1.32441,1.32442,1.32419,1.32422,2754299926.7578125
2012-02-13 14:34:00,1.32421,1.32423,1.3241,1.32413,2275299987.7929688
2012-02-13 14:35:00,1.32413,1.32428,1.32394,1.32395,2291600036.6210938
2012-02-13 14:36:00,1.32396,1.32398,1.32375,1.32398,2276300048.828125
2012-02-13 14:37:00,1.32396,1.32397,1.32359,1.32372,2429499969.482422
2012-02-13 14:38:00,1.32372,1.32393,1.32372,1.32376,3173800048.828125
2012-02-13 14:39:00,1.32376,1.32394,1.32373,1.32391,1924499969.4824219
2012-02-13 14:40:00,1.32391,1.32391,1.32363,1.32366,2002599945.0683594
2012-02-13 14:41:00,1.32365,1.32388,1.32363,1.32375,1987599945.0683594
2012-02-13 14:42:00,1.32375,1.32385,1.32359,1.32359,1952899932.8613281
2012-02-13 14:43:00,1.32357,1.32358,1.32293,1.32307,3033900146.484375
2012-02-13 14:44:00,1.32309,1.32311,1.3227,1.32274,2778900146.484375
2012-02-13 14:45:00,1.32276,1.32292,1.32253,1.32276,3453800048.828125
2012-02-13 14:46:00,1.32275,1.32275,1.32243,1.32245,2717600097.65625
2012-02-13 14:47:00,1.32244,1.32271,1.32243,1.32258,2686000061.0351562
2012-02-13 14:48:00,1.32258,1.32282,1.32249,1.3225,2353500061.0351562
2012-02-13 14:49:00,1.3225,1.32283,1.32244,1.32283,3022799987.7929688
2012-02-13 14:50:00,1.32283,1.32289,1.32268,1.32279,2685799865.7226562
2012-02-13 14:51:00,1.32279,1.32288,1.32263,1.32285,2513200073.2421875
2012-02-13 14:52:00,1.32283,1.32285,1.3226,1.32263,2899500122.0703125
2012-02-13 14:53:00,1.32264,1.32294,1.32255,1.32289,2787900085.4492188
2012-02-13 14:54:00,1.32291,1.32294,1.32278,1.32294,1621100006.1035156
2012-02-13 14:55:00,1.32293,1.32323,1.32293,1.32321,2808099975.5859375
2012-02-13 14:56:00,1.32323,1.32335,1.32313,1.32334,2654100036.6210938
2012-02-13 14:57:00,1.32333,1.32333,1.32312,1.3232,2645199890.1367188
2012-02-13 14:58:00,1.32319,1.32331,1.32311,1.32326,1799700012.2070312
2012-02-13 14:59:00,1.32327,1.32328,1.32287,1.323,2474499969.482422
2012-02-13 15:00:00,1.32299,1.32299,1.32231,1.32239,3698500061.0351562
2012-02-13 15:01:00,1.32237,1.32251,1.32208,1.32228,3186199951.171875
2012-02-13 15:02:00,1.32229,1.32261,1.32229,1.32233,3165899963.3789062
2012-02-13 15:03:00,1.32233,1.32234,1.32202,1.32206,2463300018.310547
2012-02-13 15:04:00,1.32208,1.32229,1.32195,1.32212,2621000061.0351562
2012-02-13 15:05:00,1.32212,1.32238,1.32212,1.32231,1965899963.3789062
2012-02-13 15:06:00,1.3223,1.3227,1.3222,1.32246,2939500122.0703125
2012-02-13 15:07:00,1.32246,1.32246,1.32201,1.32215,3100899963.3789062
2012-02-13 15:08:00,1.32212,1.32235,1.32202,1.32232,3094299926.7578125
2012-02-13 15:09:00,1.32232,1.32236,1.32201,1.32203,2205500030.517578
2012-02-13 15:10:00,1.32205,1.32217,1.32184,1.32217,2771700134.2773438
2012-02-13 15:11:00,1.32216,1.32221,1.32159,1.32178,3215599975.5859375
2012-02-13 15:12:00,1.32179,1.32182,1.3214,1.32162,3079299926.7578125
2012-02-13 15:13:00,1.32166,1.32168,1.32128,1.3214,3093399963.3789062
2012-02-13 15:14:00,1.32136,1.32182,1.32134,1.3216,3211099853.515625
2012-02-13 15:15:00,1.32161,1.32161,1.32132,1.32149,2985599975.5859375
2012-02-13 15:16:00,1.32148,1.32164,1.3213,1.3213,2867699890.1367188
2012-02-13 15:17:00,1.32128,1.32143,1.32116,1.32139,3305299987.7929688
2012-02-13 15:18:00,1.32138,1.32151,1.32124,1.32135,2784700012.2070312
2012-02-13 15:19:00,1.32138,1.32175,1.32136,1.32172,2472799987.7929688
2012-02-13 15:20:00,1.32172,1.32172,1.32132,1.32156,2538099975.5859375
2012-02-13 15:21:00,1.32155,1.32176,1.32148,1.32169,3083399963.3789062
2012-02-13 15:22:00,1.32171,1.32197,1.32161,1.32184,2706099853.515625
2012-02-13 15:23:00,1.32184,1.32198,1.32169,1.32177,2290399932.861328
2012-02-13 15:24:00,1.32177,1.3218,1.32154,1.32172,3013099975.5859375
2012-02-13 15:25:00,1.32172,1.32185,1.32163,1.32181,2942600097.65625
2012-02-13 15:26:00,1.32181,1.32201,1.32159,1.32198,2767300109.8632812
2012-02-13 15:27:00,1.32201,1.32212,1.32198,1.32204,1977500000.0
2012-02-13 15:28:00,1.32203,1.32215,1.32188,1.32188,1988800048.828125
2012-02-13 15:29:00,1.32188,1.32191,1.32168,1.32183,2446399993.8964844
2012-02-13 15:30:00,1.32182,1.32202,1.32172,1.32172,2480599975.5859375
2012-02-13 15:31:00,1.32172,1.32178,1.32157,1.3217,2296300048.828125
2012-02-13 15:32:00,1.3217,1.32177,1.32167,1.3217,1652599945.0683594
2012-02-13 15:33:00,1.32169,1.32169,1.32139,1.32139,2192599945.0683594
2012-02-13 15:34:00,1.32137,1.32158,1.32133,1.32147,2905199890.1367188
2012-02-13 15:35:00,1.32147,1.32197,1.3214,1.32197,2685700073.2421875
2012-02-13 15:36:00,1.32195,1.3223,1.32195,1.3222,2552799987.7929688
2012-02-13 15:37:00,1.3222,1.32226,1.32203,1.32221,2419900054.9316406
2012-02-13 15:38:00,1.3222,1.32224,1.32197,1.32197,3183399963.3789062
2012-02-13 15:39:00,1.32196,1.32196,1.32164,1.32164,2539400024.4140625
2012-02-13 15:40:00,1.32166,1.32194,1.32145,1.32164,2351900024.4140625
2012-02-13 15:41:00,1.32165,1.32178,1.32155,1.32167,2135299987.7929688
2012-02-13 15:42:00,1.32164,1.32164,1.32141,1.32152,2181399993.8964844
2012-02-13 15:43:00,1.32152,1.32172,1.32152,1.32154,1983200073.2421875
2012-02-13 15:44:00,1.32154,1.32156,1.32134,1.32135,2061600036.6210938
2012-02-13 15:45:00,1.32138,1.32138,1.32088,1.32104,2915799865.7226562
2012-02-13 15:46:00,1.32106,1.32133,1.32105,1.32114,2750700073.2421875
2012-02-13 15:47:00,1.32115,1.32135,1.32105,1.32124,2733200073.2421875
2012-02-13 15:48:00,1.32124,1.32157,1.32112,1.32155,2736499938.9648438
2012-02-13 15:49:00,1.32155,1.32156,1.32099,1.32099,3481499938.9648438
2012-02-13 15:50:00,1.32098,1.32102,1.32084,1.32095,3556900024.4140625
2012-02-13 15:51:00,1.32096,1.32135,1.32096,1.32135,3228099975.5859375
2012-02-13 15:52:00,1.32136,1.32173,1.32128,1.32164,2572000122.0703125
2012-02-13 15:53:00,1.32164,1.32212,1.32164,1.32194,3268900146.484375
2012-02-13 15:54:00,1.32196,1.32208,1.32171,1.32184,2652500000.0
2012-02-13 15:55:00,1.32184,1.32184,1.32148,1.32155,2413399963.3789062
2012-02-13 15:56:00,1.32154,1.32155,1.32119,1.32142,2621799926.7578125
2012-02-13 15:57:00,1.32141,1.32142,1.32117,1.32117,2805599975.5859375
2012-02-13 15:58:00,1.32115,1.32168,1.32115,1.32168,3227200012.2070312
2012-02-13 15:59:00,1.32168,1.32181,1.32155,1.32158,3303999938.9648438
2012-02-13 16:00:00,1.32158,1.32173,1.32151,1.32153,3527999877.9296875
2012-02-13 16:01:00,1.32154,1.32186,1.32151,1.32181,2781300048.828125
2012-02-13 16:02:00,1.32184,1.32216,1.32181,1.32212,3119100036.6210938
2012-02-13 16:03:00,1.32213,1.32224,1.32204,1.32209,2451300048.828125
2012-02-13 16:04:00,1.32209,1.32216,1.32193,1.32193,2667600097.65625
2012-02-13 16:05:00,1.32195,1.32204,1.32181,1.32198,2464900054.9316406
2012-02-13 16:06:00,1.32199,1.32211,1.32182,1.32182,2629500122.0703125
2012-02-13 16:07:00,1.32182,1.32188,1.32159,1.32159,2526199951.171875
2012-02-13 16:08:00,1.32158,1.32165,1.32151,1.32165,1863500061.0351562
2012-02-13 16:09:00,1.32163,1.32173,1.32146,1.32169,1844199981.6894531
2012-02-13 16:10:00,1.32169,1.3218,1.32162,1.32166,2626799926.7578125
2012-02-13 16:11:00,1.32166,1.3217,1.32144,1.32152,2156600036.6210938
2012-02-13 16:12:00,1.32153,1.3219,1.32153,1.3219,2339900054.9316406
2012-02-13 16:13:00,1.3219,1.32216,1.3219,1.32196,2712399902.34375
2012-02-13 16:14:00,1.32196,1.32212,1.32182,1.322,2891099853.515625
2012-02-13 16:15:00,1.32203,1.32218,1.32184,1.3219,2425299987.7929688
2012-02-13 16:16:00,1.32187,1.32199,1.32179,1.32195,2241999969.482422
2012-02-13 16:17:00,1.32196,1.32197,1.32172,1.32179,1947500000.0
2012-02-13 16:18:00,1.3218,1.32202,1.3218,1.32194,2131499938.9648438
2012-02-13 16:19:00,1.32195,1.32202,1.32187,1.32202,1493200073.2421875
2012-02-13 16:20:00,1.322,1.32217,1.322,1.32201,1601100006.1035156
2012-02-13 16:21:00,1.32201,1.32201,1.32164,1.32167,2493699951.171875
2012-02-13 16:22:00,1.32168,1.32171,1.32162,1.32163,1558000030.5175781
2012-02-13 16:23:00,1.32168,1.32183,1.32153,1.32163,1850500030.5175781
2012-02-13 16:24:00,1.32163,1.32191,1.32163,1.32183,1850599975.5859375
2012-02-13 16:25:00,1.32183,1.32192,1.32181,1.32192,1467400054.9316406
2012-02-13 16:26:00,1.32192,1.32194,1.32175,1.32179,1146399993.8964844
2012-02-13 16:27:00,1.32177,1.32177,1.32148,1.32167,2077599945.0683594
2012-02-13 16:28:00,1.32167,1.32187,1.32163,1.32185,2023500061.0351562
2012-02-13 16:29:00,1.32183,1.32184,1.32151,1.32152,1978800048.828125
2012-02-13 16:30:00,1.32153,1.32163,1.32133,1.32137,2228699951.171875
2012-02-13 16:31:00,1.32136,1.32159,1.32125,1.32153,2331399993.8964844
2012-02-13 16:32:00,1.32153,1.32171,1.3215,1.32166,2062599945.0683594
2012-02-13 16:33:00,1.32166,1.32175,1.32156,1.32156,1573500061.0351562
2012-02-13 16:34:00,1.32158,1.32165,1.32153,1.32159,1792400054.9316406
2012-02-13 16:35:00,1.32157,1.3216,1.32138,1.32143,1886499938.9648438
2012-02-13 16:36:00,1.32143,1.32143,1.32121,1.32124,2035599975.5859375
2012-02-13 16:37:00,1.32124,1.32133,1.32055,1.32056,2797600097.65625
2012-02-13 16:38:00,1.3205,1.32073,1.32035,1.32064,3258099975.5859375
2012-02-13 16:39:00,1.32065,1.32089,1.32044,1.32083,2496699981.689453
2012-02-13 16:40:00,1.32084,1.32103,1.32083,1.32095,2288399963.3789062
2012-02-13 16:41:00,1.32095,1.32097,1.32081,1.32083,974700012.2070312
2012-02-13 16:42:00,1.32083,1.32107,1.32082,1.32104,1943600006.1035156
2012-02-13 16:43:00,1.32104,1.3211,1.32091,1.32097,1896000061.0351562
2012-02-13 16:44:00,1.32098,1.32123,1.32098,1.32123,1791399993.8964844
2012-02-13 16:45:00,1.32122,1.32122,1.32072,1.32072,1665299987.7929688
2012-02-13 16:46:00,1.32072,1.32089,1.32067,1.32087,1813099975.5859375
2012-02-13 16:47:00,1.32088,1.32118,1.32086,1.32105,1705099945.0683594
2012-02-13 16:48:00,1.32106,1.32106,1.32072,1.32075,2047500000.0
2012-02-13 16:49:00,1.32078,1.32093,1.32078,1.32093,1498699951.171875
2012-02-13 16:50:00,1.32094,1.32141,1.32094,1.32141,1776999969.4824219
2012-02-13 16:51:00,1.32141,1.32164,1.32141,1.32147,2011300048.828125
2012-02-13 16:52:00,1.32148,1.32165,1.32148,1.32164,1593800048.828125
2012-02-13 16:53:00,1.32164,1.32176,1.32156,1.32159,1714700012.2070312
2012-02-13 16:54:00,1.32159,1.32161,1.32153,1.32155,862399978.6376953
2012-02-13 16:55:00,1.32158,1.32161,1.32134,1.32136,1361999969.4824219
2012-02-13 16:56:00,1.32137,1.32142,1.32133,1.32139,1290500030.5175781
2012-02-13 16:57:00,1.32136,1.32141,1.32132,1.32132,2021199951.171875
2012-02-13 16:58:00,1.32132,1.32132,1.3211,1.3211,1203600006.1035156
2012-02-13 16:59:00,1.32111,1.32111,1.32099,1.32106,776600036.6210938
2012-02-13 17:00:00,1.32107,1.32117,1.32107,1.32111,1263300018.3105469
2012-02-13 17:01:00,1.32111,1.32112,1.32101,1.32108,1202799987.7929688
2012-02-13 17:02:00,1.32109,1.32137,1.32108,1.32137,1370899963.3789062
2012-02-13 17:03:00,1.32137,1.32152,1.32135,1.32144,2025200042.7246094
2012-02-13 17:04:00,1.32144,1.32144,1.3212,1.3212,1979100036.6210938
2012-02-13 17:05:00,1.32121,1.32128,1.32113,1.32123,1560299987.7929688
2012-02-13 17:06:00,1.32123,1.3214,1.32123,1.32126,1131699981.6894531
2012-02-13 17:07:00,1.32126,1.32127,1.32101,1.32101,2199600067.138672
2012-02-13 17:08:00,1.32101,1.32103,1.32061,1.32061,1579499969.4824219
2012-02-13 17:09:00,1.32059,1.32074,1.32058,1.32074,1212099990.8447266
2012-02-13 17:10:00,1.32075,1.32076,1.32063,1.32063,912399978.6376953
2012-02-13 17:11:00,1.32064,1.32072,1.32062,1.32067,1105400009.1552734
2012-02-13 17:12:00,1.32066,1.3207,1.32062,1.3207,1236900024.4140625
2012-02-13 17:13:00,1.3207,1.32087,1.3207,1.32085,1479100036.6210938
2012-02-13 17:14:00,1.32085,1.32091,1.32083,1.32087,1311300048.828125
2012-02-13 17:15:00,1.32088,1.32088,1.32074,1.32084,1084000015.258789
2012-02-13 17:16:00,1.32085,1.3211,1.32085,1.32104,2032799987.7929688
2012-02-13 17:17:00,1.32105,1.32108,1.32085,1.32086,1597400054.9316406
2012-02-13 17:18:00,1.32087,1.32092,1.32083,1.32092,1585399932.8613281
2012-02-13 17:19:00,1.32092,1.32102,1.32092,1.32099,877600021.3623047
2012-02-13 17:20:00,1.32102,1.32106,1.32072,1.32075,1601100006.1035156
2012-02-13 17:21:00,1.32075,1.3208,1.32072,1.32078,723700027.4658203
2012-02-13 17:22:00,1.32078,1.32079,1.32053,1.32058,1881900024.4140625
2012-02-13 17:23:00,1.32058,1.3206,1.32043,1.32057,1751999969.4824219
2012-02-13 17:24:00,1.32056,1.32071,1.32056,1.32067,1132600021.3623047
2012-02-13 17:25:00,1.32067,1.32069,1.32061,1.32066,1044100036.6210938
2012-02-13 17:26:00,1.32066,1.3207,1.32064,1.32067,1118799972.5341797
2012-02-13 17:27:00,1.32067,1.3207,1.32054,1.3207,1531799926.7578125
2012-02-13 17:28:00,1.3207,1.32072,1.32057,1.32064,1189800033.569336
2012-02-13 17:29:00,1.32064,1.32064,1.32053,1.32055,922699966.4306641
2012-02-13 17:30:00,1.32056,1.32056,1.32029,1.3203,1836100006.1035156
2012-02-13 17:31:00,1.3203,1.32033,1.32022,1.32027,1737400054.9316406
2012-02-13 17:32:00,1.32027,1.32038,1.32025,1.32033,1762500000.0
2012-02-13 17:33:00,1.32037,1.32037,1.32024,1.32024,1406100006.1035156
2012-02-13 17:34:00,1.32024,1.3203,1.32018,1.32026,1102600021.3623047
2012-02-13 17:35:00,1.32026,1.3203,1.32024,1.32027,1342799987.7929688
2012-02-13 17:36:00,1.32027,1.32027,1.32023,1.32023,465000000.0
2012-02-13 17:37:00,1.32023,1.32024,1.32007,1.32013,1264199981.6894531
2012-02-13 17:38:00,1.32013,1.32013,1.31996,1.32005,1670500030.5175781
2012-02-13 17:39:00,1.32005,1.32019,1.31993,1.32015,1346999969.4824219
2012-02-13 17:40:00,1.32016,1.32027,1.31999,1.32027,2398399963.3789062
2012-02-13 17:41:00,1.32028,1.32044,1.32028,1.32036,1384600067.1386719
2012-02-13 17:42:00,1.32036,1.32054,1.32031,1.32051,1544400024.4140625
2012-02-13 17:43:00,1.32049,1.32052,1.32044,1.3205,915000000.0
2012-02-13 17:44:00,1.32052,1.32071,1.32051,1.32062,1261999969.4824219
2012-02-13 17:45:00,1.32062,1.32067,1.32053,1.32065,1228199996.9482422
2012-02-13 17:46:00,1.32066,1.32088,1.32066,1.32081,1254000015.258789
2012-02-13 17:47:00,1.32081,1.32082,1.32071,1.32073,801699981.6894531
2012-02-13 17:48:00,1.32074,1.32081,1.32062,1.32062,941299972.5341797
2012-02-13 17:49:00,1.32062,1.32062,1.32047,1.32059,1018899993.8964844
2012-02-13 17:50:00,1.3206,1.32061,1.3204,1.32046,1399400024.4140625
2012-02-13 17:51:00,1.32046,1.3205,1.32041,1.32043,641399993.8964844
2012-02-13 17:52:00,1.32043,1.32065,1.32043,1.32064,1154199981.6894531
2012-02-13 17:53:00,1.32063,1.32069,1.32063,1.32069,823600006.1035156
2012-02-13 17:54:00,1.32069,1.32069,1.32055,1.32063,1122699966.430664
2012-02-13 17:55:00,1.32065,1.32069,1.32065,1.32066,945400009.1552734
2012-02-13 17:56:00,1.32065,1.32066,1.32055,1.32061,1346399993.8964844
2012-02-13 17:57:00,1.32061,1.32061,1.32051,1.32058,1017399978.6376953
2012-02-13 17:58:00,1.32058,1.3207,1.32058,1.3207,728399963.3789062
2012-02-13 17:59:00,1.32071,1.32083,1.3206,1.32083,1130100021.3623047
2012-02-13 18:00:00,1.32083,1.32091,1.3207,1.32084,2007299957.2753906
2012-02-13 18:01:00,1.32084,1.32088,1.32072,1.32074,1497799987.7929688
2012-02-13 18:02:00,1.32074,1.32078,1.32071,1.32078,639099998.4741211
2012-02-13 18:03:00,1.32077,1.32091,1.32075,1.32088,1137500000.0
2012-02-13 18:04:00,1.32088,1.32094,1.32078,1.32084,1226200027.4658203
2012-02-13 18:05:00,1.32085,1.3209,1.32083,1.32084,843700027.4658203
2012-02-13 18:06:00,1.32083,1.32084,1.32081,1.32083,854100036.6210938
2012-02-13 18:07:00,1.32078,1.32091,1.32075,1.32091,1746600036.6210938
2012-02-13 18:08:00,1.32091,1.32091,1.32083,1.32086,1542700042.7246094
2012-02-13 18:09:00,1.32086,1.3209,1.32082,1.32082,984599990.8447266
2012-02-13 18:10:00,1.32082,1.3211,1.32082,1.32106,1588800048.828125
2012-02-13 18:11:00,1.32105,1.32124,1.32105,1.32122,1635299987.7929688
2012-02-13 18:12:00,1.32122,1.32122,1.3211,1.32115,1327799987.7929688
2012-02-13 18:13:00,1.32113,1.32116,1.32107,1.3211,1258799972.5341797
2012-02-13 18:14:00,1.3211,1.32111,1.32102,1.32104,913499984.7412109
2012-02-13 18:15:00,1.32106,1.32134,1.32106,1.32133,2079799957.2753906
2012-02-13 18:16:00,1.32133,1.32137,1.32123,1.32124,1249499969.4824219
2012-02-13 18:17:00,1.32123,1.32126,1.32117,1.3212,798300018.3105469
2012-02-13 18:18:00,1.3212,1.3212,1.32098,1.321,1886300048.828125
2012-02-13 18:19:00,1.321,1.32104,1.32084,1.32093,1422899932.8613281
2012-02-13 18:20:00,1.32096,1.32099,1.32078,1.32086,1435899963.3789062
2012-02-13 18:21:00,1.32086,1.32087,1.32079,1.32082,1722200012.2070312
2012-02-13 18:22:00,1.3208,1.32102,1.32077,1.32101,1456399993.8964844
2012-02-13 18:23:00,1.32103,1.32103,1.32093,1.32103,572099990.8447266
2012-02-13 18:24:00,1.32103,1.32106,1.32094,1.32094,942799987.7929688
2012-02-13 18:25:00,1.32096,1.32096,1.32075,1.32082,1442799987.7929688
2012-02-13 18:26:00,1.32083,1.32098,1.32083,1.32093,1384600067.1386719
2012-02-13 18:27:00,1.32093,1.32094,1.32092,1.32094,199799995.42236328
2012-02-13 18:28:00,1.32094,1.32113,1.32094,1.32105,925699996.9482422
2012-02-13 18:29:00,1.32106,1.32116,1.32106,1.32116,855199966.4306641
2012-02-13 18:30:00,1.32115,1.32116,1.32114,1.32115,728300018.3105469
2012-02-13 18:31:00,1.32115,1.32116,1.32103,1.32105,943499984.7412109
2012-02-13 18:32:00,1.32105,1.32106,1.32095,1.32105,905299987.7929688
2012-02-13 18:33:00,1.32105,1.3214,1.32105,1.3214,1636499938.9648438
2012-02-13 18:34:00,1.32141,1.32184,1.32141,1.32166,2247200012.2070312
2012-02-13 18:35:00,1.32166,1.32189,1.32154,1.32188,2904299926.7578125
2012-02-13 18:36:00,1.32187,1.32191,1.32173,1.32178,1801999969.4824219
2012-02-13 18:37:00,1.32178,1.32192,1.32178,1.32191,1280500030.5175781
2012-02-13 18:38:00,1.3219,1.32192,1.32152,1.32172,2109499969.4824219
2012-02-13 18:39:00,1.32173,1.32193,1.32173,1.32188,1395399932.8613281
2012-02-13 18:40:00,1.32187,1.32187,1.32159,1.32159,1697500000.0
2012-02-13 18:41:00,1.32159,1.32161,1.3215,1.32158,1212699966.430664
2012-02-13 18:42:00,1.32162,1.32171,1.32156,1.32171,1230199966.430664
2012-02-13 18:43:00,1.32171,1.3218,1.32162,1.32165,1019599990.8447266
2012-02-13 18:44:00,1.32165,1.32182,1.32165,1.32181,1024300003.0517578
2012-02-13 18:45:00,1.32182,1.32191,1.32182,1.32185,1275000000.0
2012-02-13 18:46:00,1.32184,1.32214,1.32183,1.32201,2816199951.171875
2012-02-13 18:47:00,1.32197,1.32197,1.3218,1.32182,871800003.0517578
2012-02-13 18:48:00,1.32182,1.32182,1.3217,1.3217,1041800003.0517578
2012-02-13 18:49:00,1.3217,1.32171,1.32149,1.32151,1156900024.4140625
2012-02-13 18:50:00,1.32151,1.32151,1.32129,1.3213,1378000030.5175781
2012-02-13 18:51:00,1.32131,1.32131,1.32111,1.3212,916200027.4658203
2012-02-13 18:52:00,1.3212,1.32134,1.32118,1.32133,948300018.3105469
2012-02-13 18:53:00,1.32131,1.32131,1.32117,1.32121,1070599975.5859375
2012-02-13 18:54:00,1.32121,1.32124,1.32121,1.32123,999499969.4824219
2012-02-13 18:55:00,1.32121,1.32133,1.32112,1.32133,1470299987.7929688
2012-02-13 18:56:00,1.32133,1.32146,1.32129,1.32139,1112099990.8447266
2012-02-13 18:57:00,1.32141,1.32146,1.32137,1.32145,496699981.6894531
2012-02-13 18:58:00,1.32145,1.32145,1.32041,1.32043,3551900024.4140625
2012-02-13 18:59:00,1.32043,1.32048,1.32036,1.32042,1795500030.5175781
2012-02-13 19:00:00,1.32043,1.32061,1.32041,1.32041,1680200042.7246094
2012-02-13 19:01:00,1.3204,1.32042,1.32023,1.32025,1767200012.2070312
2012-02-13 19:02:00,1.32024,1.32046,1.32024,1.32045,1493200073.2421875
2012-02-13 19:03:00,1.32044,1.32095,1.32043,1.32087,1908399963.3789062
2012-02-13 19:04:00,1.32087,1.32089,1.32071,1.32075,1504900054.9316406
2012-02-13 19:05:00,1.32077,1.32093,1.32076,1.32084,1181900024.4140625
2012-02-13 19:06:00,1.32084,1.32084,1.32076,1.32081,1239499969.4824219
2012-02-13 19:07:00,1.32081,1.32082,1.32075,1.32082,1230400009.1552734
2012-02-13 19:08:00,1.3208,1.32082,1.32071,1.32077,1166100006.1035156
2012-02-13 19:09:00,1.32076,1.32078,1.32058,1.32061,1425800018.3105469
2012-02-13 19:10:00,1.32061,1.3208,1.3206,1.32071,1386499938.9648438
2012-02-13 19:11:00,1.32071,1.3208,1.32065,1.32065,1468000030.5175781
2012-02-13 19:12:00,1.32065,1.32071,1.32064,1.32066,1485399932.8613281
2012-02-13 19:13:00,1.32065,1.32069,1.32062,1.32063,739800033.5693359
2012-02-13 19:14:00,1.32063,1.32068,1.32054,1.32054,697900009.1552734
2012-02-13 19:15:00,1.32053,1.32053,1.32032,1.32038,1395899963.3789062
2012-02-13 19:16:00,1.32035,1.32049,1.32032,1.32045,1189100036.6210938
2012-02-13 19:17:00,1.32043,1.32048,1.32043,1.32045,800999984.7412109
2012-02-13 19:18:00,1.32045,1.32048,1.32045,1.32046,513300018.3105469
2012-02-13 19:19:00,1.32046,1.32047,1.32038,1.32039,705999984.7412109
2012-02-13 19:20:00,1.32039,1.32045,1.32039,1.32044,780899963.3789062
2012-02-13 19:21:00,1.32044,1.32052,1.32044,1.32048,816600036.6210938
2012-02-13 19:22:00,1.32048,1.3205,1.32041,1.32047,643799972.5341797
2012-02-13 19:23:00,1.32047,1.32048,1.32042,1.32045,830000000.0
2012-02-13 19:24:00,1.32045,1.32047,1.32043,1.32045,427999992.37060547
2012-02-13 19:25:00,1.32045,1.32053,1.32044,1.32045,783000030.5175781
2012-02-13 19:26:00,1.32043,1.32062,1.32043,1.32058,1240000000.0
2012-02-13 19:27:00,1.32057,1.32074,1.32052,1.32069,1762799987.7929688
2012-02-13 19:28:00,1.3207,1.32096,1.3207,1.32084,1372100067.1386719
2012-02-13 19:29:00,1.32084,1.32086,1.32067,1.32072,866500015.2587891
2012-02-13 19:30:00,1.32072,1.32073,1.32066,1.3207,1096100006.1035156
2012-02-13 19:31:00,1.3207,1.32075,1.32066,1.32074,1007500000.0
2012-02-13 19:32:00,1.32076,1.32076,1.32065,1.32065,650500030.5175781
2012-02-13 19:33:00,1.32065,1.32073,1.32064,1.32069,677399978.6376953
2012-02-13 19:34:00,1.32069,1.32079,1.32069,1.32079,424000015.25878906
2012-02-13 19:35:00,1.3208,1.32092,1.32077,1.32092,1066500015.2587891
2012-02-13 19:36:00,1.32092,1.32108,1.32092,1.32104,1068199996.9482422
2012-02-13 19:37:00,1.32104,1.32121,1.32104,1.32114,1099800033.569336
2012-02-13 19:38:00,1.32112,1.32112,1.32107,1.32108,510900001.5258789
2012-02-13 19:39:00,1.32105,1.32105,1.32065,1.32073,1663000030.5175781
2012-02-13 19:40:00,1.32073,1.32102,1.32073,1.32092,2346499938.9648438
2012-02-13 19:41:00,1.32092,1.32092,1.32078,1.32078,1384700012.2070312
2012-02-13 19:42:00,1.32074,1.32086,1.32074,1.32083,1042900009.1552734
2012-02-13 19:43:00,1.32083,1.321,1.32083,1.32096,1495099945.0683594
2012-02-13 19:44:00,1.32096,1.32098,1.32074,1.32074,1549199981.6894531
2012-02-13 19:45:00,1.32074,1.32074,1.32047,1.32056,1500500030.5175781
2012-02-13 19:46:00,1.32057,1.32064,1.32053,1.32063,1052799987.7929688
2012-02-13 19:47:00,1.32063,1.32087,1.32063,1.32083,823000030.5175781
2012-02-13 19:48:00,1.32084,1.32099,1.32083,1.32085,1158899993.8964844
2012-02-13 19:49:00,1.32089,1.32097,1.32085,1.32093,1154100036.6210938
2012-02-13 19:50:00,1.32095,1.32098,1.32082,1.32089,1150800018.3105469
2012-02-13 19:51:00,1.32089,1.3209,1.32082,1.3209,566800003.0517578
2012-02-13 19:52:00,1.3209,1.32091,1.3206,1.32062,1542100067.1386719
2012-02-13 19:53:00,1.32062,1.32064,1.32056,1.32061,797200012.2070312
2012-02-13 19:54:00,1.32062,1.32062,1.32044,1.32053,1775599975.5859375
2012-02-13 19:55:00,1.3205,1.32051,1.32037,1.32044,1370299987.7929688
2012-02-13 19:56:00,1.32042,1.3205,1.32042,1.3205,695400009.1552734
2012-02-13 19:57:00,1.3205,1.32059,1.32047,1.32058,958600006.1035156
2012-02-13 19:58:00,1.32056,1.32061,1.32054,1.32061,1006399993.8964844
2012-02-13 19:59:00,1.32061,1.32061,1.32029,1.3203,1573200073.2421875
2012-02-13 20:00:00,1.32031,1.32041,1.32012,1.3202,2139700012.2070312
2012-02-13 20:01:00,1.3202,1.32025,1.32015,1.32024,1356300048.828125
2012-02-13 20:02:00,1.32023,1.32023,1.3202,1.3202,594900016.784668
2012-02-13 20:03:00,1.3202,1.3202,1.31962,1.3197,2475700073.2421875
2012-02-13 20:04:00,1.3197,1.31984,1.31965,1.3197,1726199951.171875
2012-02-13 20:05:00,1.31969,1.31973,1.31959,1.3196,1601000061.0351562
2012-02-13 20:06:00,1.31962,1.31962,1.31931,1.31938,2399199981.689453
2012-02-13 20:07:00,1.31938,1.31942,1.31932,1.31942,1601000061.0351562
2012-02-13 20:08:00,1.31942,1.31945,1.31938,1.31942,1077500000.0
2012-02-13 20:09:00,1.31943,1.31946,1.31939,1.31945,1051500015.2587891
2012-02-13 20:10:00,1.31945,1.31952,1.31939,1.31951,1434900054.9316406
2012-02-13 20:11:00,1.31951,1.31954,1.31945,1.31954,979800033.5693359
2012-02-13 20:12:00,1.31957,1.31957,1.31932,1.31932,1119599990.8447266
2012-02-13 20:13:00,1.31932,1.31937,1.31928,1.31932,1043000030.5175781
2012-02-13 20:14:00,1.31932,1.31935,1.3191,1.31915,1297400054.9316406
2012-02-13 20:15:00,1.31915,1.31935,1.31915,1.31934,1280399932.8613281
2012-02-13 20:16:00,1.31934,1.31943,1.31931,1.31939,1303699951.171875
2012-02-13 20:17:00,1.31938,1.3194,1.31933,1.31934,512299995.4223633
2012-02-13 20:18:00,1.31939,1.31942,1.31937,1.3194,660100021.3623047
2012-02-13 20:19:00,1.3194,1.31942,1.3194,1.31942,200900001.5258789
2012-02-13 20:20:00,1.31941,1.31944,1.31937,1.31938,962799987.7929688
2012-02-13 20:21:00,1.3194,1.31952,1.31935,1.31952,1038199996.9482422
2012-02-13 20:22:00,1.31954,1.31956,1.31948,1.31956,1080400009.1552734
2012-02-13 20:23:00,1.31955,1.31968,1.31955,1.31967,1100000000.0
2012-02-13 20:24:00,1.31967,1.3197,1.31966,1.3197,429399986.26708984
2012-02-13 20:25:00,1.3197,1.31986,1.3197,1.31982,992500000.0
2012-02-13 20:26:00,1.31981,1.31991,1.31981,1.31983,831399993.8964844
2012-02-13 20:27:00,1.31983,1.31984,1.31974,1.31978,789199981.6894531
2012-02-13 20:28:00,1.31976,1.31981,1.31976,1.31981,564000015.2587891
2012-02-13 20:29:00,1.31983,1.31991,1.31983,1.31987,802399978.6376953
2012-02-13 20:30:00,1.31987,1.3199,1.31985,1.31988,415999984.74121094
2012-02-13 20:31:00,1.31989,1.32,1.31989,1.31995,435299987.79296875
2012-02-13 20:32:00,1.31995,1.31997,1.31991,1.31992,616100006.1035156
2012-02-13 20:33:00,1.31992,1.32,1.3199,1.31993,884100036.6210938
2012-02-13 20:34:00,1.31993,1.31993,1.31981,1.31981,651900024.4140625
2012-02-13 20:35:00,1.31982,1.31983,1.31963,1.31963,1099599990.8447266
2012-02-13 20:36:00,1.31963,1.31969,1.31962,1.31962,1089300003.0517578
2012-02-13 20:37:00,1.31962,1.3197,1.31953,1.31953,844499969.4824219
2012-02-13 20:38:00,1.31953,1.31953,1.31933,1.31936,1217799987.7929688
2012-02-13 20:39:00,1.31936,1.31951,1.31934,1.31951,1103799972.5341797
2012-02-13 20:40:00,1.31951,1.31952,1.31939,1.31942,840000000.0
2012-02-13 20:41:00,1.31942,1.31951,1.31932,1.31932,926299972.5341797
2012-02-13 20:42:00,1.31932,1.31934,1.31922,1.31922,1339499969.4824219
2012-02-13 20:43:00,1.31921,1.31924,1.31909,1.31909,1030699996.9482422
2012-02-13 20:44:00,1.31909,1.31916,1.31894,1.31894,2322700042.7246094
2012-02-13 20:45:00,1.31891,1.31899,1.31883,1.31884,1821999969.4824219
2012-02-13 20:46:00,1.31884,1.31914,1.31884,1.31914,1477500000.0
2012-02-13 20:47:00,1.31912,1.31925,1.31912,1.31923,1199700012.2070312
2012-02-13 20:48:00,1.31922,1.31922,1.31912,1.31912,965000000.0
2012-02-13 20:49:00,1.31912,1.31914,1.31912,1.31914,382500000.0
2012-02-13 20:50:00,1.31914,1.31923,1.31913,1.31923,713799972.5341797
2012-02-13 20:51:00,1.31923,1.31937,1.3192,1.31932,1296399993.8964844
2012-02-13 20:52:00,1.31932,1.31934,1.31922,1.31923,825800018.3105469
2012-02-13 20:53:00,1.31924,1.31927,1.31917,1.31922,1099700012.2070312
2012-02-13 20:54:00,1.31923,1.31923,1.31911,1.31913,888199996.9482422
2012-02-13 20:55:00,1.31913,1.31922,1.31913,1.31913,581399993.8964844
2012-02-13 20:56:00,1.31911,1.31913,1.31909,1.31913,535800018.3105469
2012-02-13 20:57:00,1.31914,1.31931,1.31914,1.31925,1183300018.3105469
2012-02-13 20:58:00,1.31925,1.3193,1.31924,1.31925,1115999984.741211
2012-02-13 20:59:00,1.31925,1.31925,1.319,1.319,965899963.3789062
2012-02-13 21:00:00,1.31898,1.31926,1.31896,1.31913,917099990.8447266
2012-02-13 21:01:00,1.31914,1.31922,1.31909,1.31921,641399993.8964844
2012-02-13 21:02:00,1.31919,1.31921,1.31919,1.31921,352999992.37060547
2012-02-13 21:03:00,1.31924,1.31952,1.31924,1.31951,824599990.8447266
2012-02-13 21:04:00,1.31953,1.31953,1.31949,1.3195,359599990.84472656
2012-02-13 21:05:00,1.3195,1.31951,1.3195,1.3195,98500003.81469727
2012-02-13 21:06:00,1.3195,1.3195,1.31942,1.31945,294300003.0517578
2012-02-13 21:07:00,1.31945,1.31945,1.31938,1.3194,471500015.25878906
2012-02-13 21:08:00,1.31941,1.31942,1.31938,1.31941,365600013.73291016
2012-02-13 21:09:00,1.31941,1.31941,1.31924,1.31924,771399993.8964844
2012-02-13 21:10:00,1.31924,1.31928,1.31922,1.31922,383499984.74121094
2012-02-13 21:11:00,1.31922,1.31922,1.31919,1.31919,41500000.95367432
2012-02-13 21:12:00,1.31919,1.31929,1.31919,1.31927,331399993.8964844
2012-02-13 21:13:00,1.31928,1.31932,1.31921,1.31929,455999984.74121094
2012-02-13 21:14:00,1.3193,1.31939,1.31928,1.31938,568300018.3105469
2012-02-13 21:15:00,1.31938,1.31942,1.31937,1.3194,247500000.0
2012-02-13 21:16:00,1.3194,1.3194,1.31937,1.31938,424799995.4223633
2012-02-13 21:17:00,1.31939,1.3194,1.31937,1.31937,252800006.86645508
2012-02-13 21:18:00,1.31939,1.31943,1.31938,1.31943,349000015.25878906
2012-02-13 21:19:00,1.31943,1.31943,1.31936,1.31938,247500000.0
2012-02-13 21:20:00,1.31936,1.31938,1.31933,1.31936,285499992.37060547
2012-02-13 21:21:00,1.31934,1.31942,1.31932,1.3194,807500000.0
2012-02-13 21:22:00,1.3194,1.31941,1.31939,1.3194,258999996.18530273
2012-02-13 21:23:00,1.3194,1.31943,1.3194,1.31943,135000000.0
2012-02-13 21:24:00,1.3194,1.31945,1.3194,1.31945,135000000.0
2012-02-13 21:25:00,1.31945,1.31953,1.31945,1.31949,320200004.5776367
2012-02-13 21:26:00,1.31949,1.31953,1.31948,1.31951,496399993.8964844
2012-02-13 21:27:00,1.31952,1.31955,1.31952,1.31953,120000000.0
2012-02-13 21:28:00,1.31953,1.31955,1.31947,1.31948,458899993.8964844
2012-02-13 21:29:00,1.31949,1.31949,1.31941,1.31941,512299995.4223633
2012-02-13 21:30:00,1.31941,1.31941,1.31937,1.31941,371599998.4741211
2012-02-13 21:31:00,1.31941,1.31944,1.31938,1.31939,722500000.0
2012-02-13 21:32:00,1.31939,1.31945,1.31939,1.31942,514000015.25878906
2012-02-13 21:33:00,1.31941,1.31949,1.31939,1.31939,561300010.6811523
2012-02-13 21:34:00,1.3194,1.31944,1.3194,1.31942,378800010.68115234
2012-02-13 21:35:00,1.31942,1.31943,1.31933,1.31933,645500030.5175781
2012-02-13 21:36:00,1.31932,1.31932,1.31924,1.31925,213299999.23706055
2012-02-13 21:37:00,1.31925,1.31926,1.31924,1.31925,360000000.0
2012-02-13 21:38:00,1.31925,1.31925,1.31918,1.3192,522999992.37060547
2012-02-13 21:39:00,1.31918,1.31919,1.31918,1.31919,148000001.90734863
2012-02-13 21:40:00,1.31919,1.31919,1.31908,1.31912,473400001.5258789
2012-02-13 21:41:00,1.31912,1.31917,1.31908,1.31913,738099975.5859375
2012-02-13 21:42:00,1.31913,1.31915,1.31909,1.3191,415600013.73291016
2012-02-13 21:43:00,1.31911,1.31915,1.31905,1.31915,531100006.1035156
2012-02-13 21:44:00,1.31917,1.31928,1.31916,1.31924,492400016.78466797
2012-02-13 21:45:00,1.31924,1.31931,1.31924,1.31929,131499996.18530273
2012-02-13 21:46:00,1.31931,1.31938,1.31929,1.31935,315799999.23706055
2012-02-13 21:47:00,1.31935,1.31942,1.31934,1.31934,340000000.0
2012-02-13 21:48:00,1.31934,1.31937,1.31934,1.31935,185499992.37060547
2012-02-13 21:49:00,1.31936,1.31938,1.31931,1.31931,263999996.18530273
2012-02-13 21:50:00,1.3193,1.31938,1.31929,1.31938,309300003.0517578
2012-02-13 21:51:00,1.31936,1.3194,1.31931,1.31935,433699989.31884766
2012-02-13 21:52:00,1.31934,1.31937,1.31926,1.31926,253600006.10351562
2012-02-13 21:53:00,1.31925,1.31925,1.31901,1.31904,1026999969.4824219
2012-02-13 21:54:00,1.31901,1.31901,1.31887,1.31891,619000015.2587891
2012-02-13 21:55:00,1.31891,1.31893,1.31885,1.31887,405000000.0
2012-02-13 21:56:00,1.31887,1.31892,1.31886,1.31887,427599983.21533203
2012-02-13 21:57:00,1.31887,1.31888,1.31885,1.31885,164699993.13354492
2012-02-13 21:58:00,1.31885,1.31885,1.31861,1.31865,1110800018.3105469
2012-02-13 21:59:00,1.31867,1.31872,1.31858,1.3186,570099983.215332
2012-02-13 22:00:00,1.3186,1.31869,1.31831,1.31844,578899993.8964844
2012-02-13 22:01:00,1.31837,1.31852,1.31833,1.31838,357099990.84472656
2012-02-13 22:02:00,1.31831,1.31881,1.31831,1.31873,551100006.1035156
2012-02-13 22:03:00,1.31873,1.31873,1.31851,1.31852,301200008.392334
2012-02-13 22:04:00,1.31858,1.31868,1.31847,1.31867,390600013.73291016
2012-02-13 22:05:00,1.3187,1.31878,1.31868,1.31878,100299997.32971191
2012-02-13 22:06:00,1.31878,1.31878,1.3186,1.31872,160200004.57763672
2012-02-13 22:07:00,1.31874,1.31874,1.3187,1.3187,32400000.09536743
2012-02-13 22:08:00,1.31874,1.31879,1.31865,1.31879,94899997.71118164
2012-02-13 22:09:00,1.31877,1.31879,1.31871,1.31871,49000000.95367432
2012-02-13 22:10:00,1.31871,1.31872,1.31855,1.31855,140100002.28881836
2012-02-13 22:11:00,1.31855,1.31879,1.31855,1.31877,207299995.42236328
2012-02-13 22:12:00,1.31878,1.31879,1.31872,1.31879,147100000.38146973
2012-02-13 22:13:00,1.31878,1.3188,1.31865,1.31867,318500003.81469727
2012-02-13 22:14:00,1.31867,1.3187,1.31865,1.31867,110500001.90734863
2012-02-13 22:15:00,1.31867,1.31876,1.31861,1.31869,294300003.0517578
2012-02-13 22:16:00,1.31871,1.31873,1.31866,1.31873,106000003.81469727
2012-02-13 22:17:00,1.31874,1.3188,1.31873,1.3188,75000000.0
2012-02-13 22:18:00,1.31879,1.31879,1.31878,1.31878,19299999.475479126
2012-02-13 22:19:00,1.31885,1.31889,1.31885,1.31888,37500000.0
2012-02-13 22:20:00,1.31883,1.3189,1.31882,1.3189,216100006.10351562
2012-02-13 22:21:00,1.3189,1.319,1.31889,1.31899,462400016.78466797
2012-02-13 22:22:00,1.31899,1.31907,1.31899,1.31906,184400005.34057617
2012-02-13 22:23:00,1.31909,1.31921,1.31905,1.31905,583499984.7412109
2012-02-13 22:24:00,1.31907,1.31909,1.31905,1.31909,128599996.56677246
2012-02-13 22:25:00,1.31908,1.31908,1.31879,1.31884,828600006.1035156
2012-02-13 22:26:00,1.31884,1.31891,1.31878,1.31891,165900001.5258789
2012-02-13 22:27:00,1.31891,1.31891,1.31887,1.31888,86300001.14440918
2012-02-13 22:28:00,1.31889,1.31889,1.31878,1.3188,202900009.15527344
2012-02-13 22:29:00,1.31878,1.31879,1.31864,1.31867,366399993.8964844
2012-02-13 22:30:00,1.31868,1.31872,1.31868,1.3187,191700000.76293945
2012-02-13 22:31:00,1.3187,1.31875,1.3187,1.3187,135200004.57763672
2012-02-13 22:32:00,1.3187,1.31875,1.3187,1.31871,112700004.57763672
2012-02-13 22:33:00,1.3187,1.31872,1.31859,1.31865,547400016.784668
2012-02-13 22:34:00,1.31868,1.31872,1.31865,1.31869,501500015.25878906
2012-02-13 22:35:00,1.31869,1.31871,1.31865,1.31867,417999992.37060547
2012-02-13 22:36:00,1.31868,1.31898,1.31865,1.31882,1228000030.5175781
2012-02-13 22:37:00,1.31882,1.31894,1.31881,1.31883,1026399993.8964844
2012-02-13 22:38:00,1.31883,1.31905,1.3188,1.31902,554599990.8447266
2012-02-13 22:39:00,1.31905,1.31908,1.31892,1.31902,435400009.15527344
2012-02-13 22:40:00,1.31906,1.31913,1.31891,1.31898,1247900009.1552734
2012-02-13 22:41:00,1.319,1.31908,1.31881,1.31881,968700027.4658203
2012-02-13 22:42:00,1.3188,1.31881,1.31875,1.31878,274799995.4223633
2012-02-13 22:43:00,1.31878,1.31881,1.31877,1.31877,794899978.6376953
2012-02-13 22:44:00,1.31874,1.31874,1.31842,1.31848,637400016.784668
2012-02-13 22:45:00,1.31849,1.31855,1.31845,1.31851,499799995.4223633
2012-02-13 22:46:00,1.3185,1.31859,1.31842,1.31853,568800010.6811523
2012-02-13 22:47:00,1.31853,1.31857,1.31845,1.31857,762600021.3623047
2012-02-13 22:48:00,1.31857,1.31857,1.31847,1.3185,528499984.74121094
2012-02-13 22:49:00,1.3185,1.31852,1.31831,1.31838,982500000.0
2012-02-13 22:50:00,1.31836,1.31838,1.31791,1.318,1518899993.8964844
2012-02-13 22:51:00,1.31798,1.31805,1.31718,1.3173,3467900085.4492188
2012-02-13 22:52:00,1.31729,1.31736,1.31709,1.3172,1998500061.0351562
2012-02-13 22:53:00,1.31718,1.31742,1.31715,1.31715,928300018.3105469
2012-02-13 22:54:00,1.31716,1.31716,1.31687,1.31689,1665700073.2421875
2012-02-13 22:55:00,1.31691,1.31704,1.31688,1.31696,1652200012.2070312
2012-02-13 22:56:00,1.31696,1.3172,1.31692,1.31716,1436600036.6210938
2012-02-13 22:57:00,1.3172,1.31734,1.31713,1.31723,834700012.2070312
2012-02-13 22:58:00,1.31717,1.31748,1.31707,1.31729,1368000030.5175781
2012-02-13 22:59:00,1.31728,1.31744,1.31718,1.31737,1166900024.4140625
2012-02-13 23:00:00,1.31737,1.31744,1.31716,1.31744,1688300018.3105469
2012-02-13 23:01:00,1.3174,1.31741,1.31705,1.31713,954499969.4824219
2012-02-13 23:02:00,1.31711,1.31711,1.31669,1.31676,1474799957.2753906
2012-02-13 23:03:00,1.3168,1.31699,1.31673,1.31699,1593800048.828125
2012-02-13 23:04:00,1.31698,1.31698,1.31662,1.31668,1522899932.8613281
2012-02-13 23:05:00,1.3167,1.31675,1.31658,1.31658,725100021.3623047
2012-02-13 23:06:00,1.31654,1.3166,1.31635,1.31652,1415099945.0683594
2012-02-13 23:07:00,1.31652,1.31659,1.31642,1.31652,921200027.4658203
2012-02-13 23:08:00,1.31652,1.31664,1.31642,1.31664,758300018.3105469
2012-02-13 23:09:00,1.31669,1.31675,1.31656,1.31659,825800018.3105469
2012-02-13 23:10:00,1.31659,1.31667,1.31634,1.31638,1594499969.4824219
2012-02-13 23:11:00,1.31636,1.31659,1.31626,1.31634,2414400024.4140625
2012-02-13 23:12:00,1.31628,1.31644,1.31613,1.31638,1400099945.0683594
2012-02-13 23:13:00,1.31638,1.31644,1.31631,1.31631,843499984.7412109
2012-02-13 23:14:00,1.31632,1.31651,1.3163,1.31651,743199996.9482422
2012-02-13 23:15:00,1.31651,1.31653,1.31557,1.31561,2601799926.7578125
2012-02-13 23:16:00,1.31561,1.31568,1.3154,1.31549,1998800048.828125
2012-02-13 23:17:00,1.31549,1.31555,1.3154,1.31548,1682899932.8613281
2012-02-13 23:18:00,1.31549,1.31572,1.31548,1.31564,2002500000.0
2012-02-13 23:19:00,1.31565,1.31597,1.31565,1.31597,1921000061.0351562
2012-02-13 23:20:00,1.31598,1.31635,1.31598,1.31619,1768999938.9648438
2012-02-13 23:21:00,1.3162,1.31642,1.31616,1.31642,1978800048.828125
2012-02-13 23:22:00,1.31644,1.31658,1.31633,1.31633,1666600036.6210938
2012-02-13 23:23:00,1.31633,1.3165,1.31622,1.31624,1578300018.3105469
2012-02-13 23:24:00,1.31624,1.31642,1.31624,1.31633,1890800018.3105469
2012-02-13 23:25:00,1.31631,1.31656,1.31627,1.31656,1270500030.5175781
2012-02-13 23:26:00,1.31654,1.3166,1.31633,1.31641,1960200042.7246094
2012-02-13 23:27:00,1.31641,1.31641,1.31608,1.31618,2011300048.828125
2012-02-13 23:28:00,1.31618,1.31632,1.31618,1.31631,1211699981.6894531
2012-02-13 23:29:00,1.3163,1.31661,1.31629,1.3166,1222300033.569336
2012-02-13 23:30:00,1.3166,1.31664,1.31653,1.31663,1078300018.3105469
2012-02-13 23:31:00,1.31663,1.31682,1.31662,1.31676,1734299926.7578125
2012-02-13 23:32:00,1.31676,1.31705,1.31676,1.31689,1946199951.171875
2012-02-13 23:33:00,1.31687,1.31687,1.31669,1.31672,1124800033.569336
2012-02-13 23:34:00,1.31673,1.31681,1.31669,1.31669,915000000.0
2012-02-13 23:35:00,1.31669,1.31674,1.31658,1.31663,1572599945.0683594
2012-02-13 23:36:00,1.31666,1.31671,1.31653,1.31667,1266399993.8964844
2012-02-13 23:37:00,1.31667,1.31668,1.31655,1.31655,1082300033.569336
2012-02-13 23:38:00,1.31655,1.31655,1.31631,1.31631,1177300033.569336
2012-02-13 23:39:00,1.31629,1.31629,1.31601,1.31601,1082900009.1552734
2012-02-13 23:40:00,1.31602,1.31602,1.31483,1.31516,3872600097.65625
2012-02-13 23:41:00,1.31517,1.31521,1.31483,1.31517,2640499877.9296875
2012-02-13 23:42:00,1.31518,1.31546,1.31518,1.31546,1877700042.7246094
2012-02-13 23:43:00,1.31545,1.31554,1.31533,1.31543,2088699951.171875
2012-02-13 23:44:00,1.31543,1.31555,1.31522,1.31547,2059900054.9316406
2012-02-13 23:45:00,1.31548,1.31562,1.31548,1.3156,816800003.0517578
2012-02-13 23:46:00,1.3156,1.3159,1.3156,1.3159,1233799972.5341797
2012-02-13 23:47:00,1.31591,1.31594,1.31569,1.31579,1446399993.8964844
2012-02-13 23:48:00,1.31579,1.3158,1.31572,1.31572,1075199966.430664
2012-02-13 23:49:00,1.31571,1.31571,1.31529,1.31529,1708099975.5859375
2012-02-13 23:50:00,1.31529,1.31555,1.3152,1.3152,1723200073.2421875
2012-02-13 23:51:00,1.3152,1.31524,1.31496,1.315,1143199996.9482422
2012-02-13 23:52:00,1.31503,1.31529,1.31493,1.31529,1652500000.0
2012-02-13 23:53:00,1.31529,1.31538,1.31524,1.31526,1273300018.3105469
2012-02-13 23:54:00,1.31526,1.31546,1.31518,1.31545,1097300033.569336
2012-02-13 23:55:00,1.31547,1.31556,1.31533,1.31537,1168799972.5341797
2012-02-13 23:56:00,1.31538,1.31544,1.31538,1.31544,249599990.84472656
2012-02-13 23:57:00,1.31544,1.31548,1.31544,1.31548,216900005.34057617
2012-02-13 23:58:00,1.3155,1.3155,1.31519,1.31522,1325200042.7246094
2012-02-13 23:59:00,1.31524,1.31539,1.31524,1.31539,746399993.8964844
2012-02-14 00:00:00,1.31543,1.31543,1.31507,1.31533,2066300048.828125
2012-02-14 00:01:00,1.31534,1.3156,1.31534,1.31555,1345899963.3789062
2012-02-14 00:02:00,1.31555,1.31592,1.31555,1.31592,1406999969.4824219
2012-02-14 00:03:00,1.31592,1.31627,1.31592,1.31627,1737700042.7246094
2012-02-14 00:04:00,1.31627,1.31634,1.31592,1.31592,1944600067.1386719
2012-02-14 00:05:00,1.31591,1.31603,1.31589,1.31597,1370200042.7246094
2012-02-14 00:06:00,1.31598,1.3162,1.31593,1.31619,1356999969.4824219
2012-02-14 00:07:00,1.31617,1.3162,1.31606,1.3162,1293899993.8964844
2012-02-14 00:08:00,1.3162,1.31641,1.3162,1.31641,1089000015.258789
2012-02-14 00:09:00,1.31644,1.31649,1.31627,1.31642,2213300018.310547
2012-02-14 00:10:00,1.31643,1.3165,1.31633,1.31642,2014400024.4140625
2012-02-14 00:11:00,1.31642,1.3165,1.31611,1.31632,3408399963.3789062
2012-02-14 00:12:00,1.31629,1.31636,1.31615,1.31618,1257300033.569336
2012-02-14 00:13:00,1.31616,1.31618,1.31613,1.31616,1024300003.0517578
2012-02-14 00:14:00,1.31616,1.31642,1.31615,1.31637,1473000030.5175781
2012-02-14 00:15:00,1.31637,1.3164,1.31623,1.31636,2454400024.4140625
2012-02-14 00:16:00,1.31636,1.31642,1.31617,1.31624,2389799957.2753906
2012-02-14 00:17:00,1.31624,1.31639,1.31599,1.316,2914700012.2070312
2012-02-14 00:18:00,1.316,1.31609,1.31599,1.31603,748600006.1035156
2012-02-14 00:19:00,1.31601,1.31606,1.31592,1.31606,909599990.8447266
2012-02-14 00:20:00,1.31606,1.31613,1.31588,1.31604,781800003.0517578
2012-02-14 00:21:00,1.31604,1.31604,1.31597,1.316,597500000.0
2012-02-14 00:22:00,1.316,1.31612,1.31596,1.3161,483600006.1035156
2012-02-14 00:23:00,1.31612,1.31625,1.31598,1.31598,614000015.2587891
2012-02-14 00:24:00,1.31598,1.31629,1.31598,1.31626,826500015.2587891
2012-02-14 00:25:00,1.31623,1.31624,1.31591,1.31592,1280500030.5175781
2012-02-14 00:26:00,1.31593,1.31614,1.31593,1.31608,1089199981.6894531
2012-02-14 00:27:00,1.31608,1.31622,1.31602,1.31602,387999992.37060547
2012-02-14 00:28:00,1.316,1.31628,1.316,1.31627,1040999984.7412109
2012-02-14 00:29:00,1.31627,1.31628,1.31617,1.31619,374599990.84472656
2012-02-14 00:30:00,1.31622,1.31641,1.31622,1.31641,981999969.4824219
2012-02-14 00:31:00,1.3164,1.31645,1.31629,1.3163,985299987.7929688
2012-02-14 00:32:00,1.3163,1.31646,1.3163,1.31646,732500000.0
2012-02-14 00:33:00,1.31646,1.31651,1.31642,1.31651,630900001.5258789
2012-02-14 00:34:00,1.31652,1.31676,1.31652,1.31661,2071499938.9648438
2012-02-14 00:35:00,1.3166,1.3166,1.31649,1.31649,1271200027.4658203
2012-02-14 00:36:00,1.31649,1.31679,1.31649,1.31679,1189700012.2070312
2012-02-14 00:37:00,1.3168,1.31686,1.31664,1.31674,1558600006.1035156
2012-02-14 00:38:00,1.31675,1.31682,1.31671,1.31679,757399978.6376953
2012-02-14 00:39:00,1.31679,1.31679,1.31659,1.3166,848300018.3105469
2012-02-14 00:40:00,1.3166,1.3166,1.31635,1.31643,868399963.3789062
2012-02-14 00:41:00,1.31643,1.31657,1.31638,1.31657,631199989.3188477
2012-02-14 00:42:00,1.31657,1.31677,1.31655,1.31677,407299995.4223633
2012-02-14 00:43:00,1.31675,1.31679,1.31648,1.31651,867699966.4306641
2012-02-14 00:44:00,1.3165,1.31668,1.3165,1.31653,710699996.9482422
2012-02-14 00:45:00,1.31653,1.31657,1.31646,1.31648,1098399963.3789062
2012-02-14 00:46:00,1.31648,1.31651,1.3164,1.31642,585999984.7412109
2012-02-14 00:47:00,1.3164,1.3164,1.3162,1.31623,756200027.4658203
2012-02-14 00:48:00,1.31621,1.31622,1.31608,1.31609,435600013.73291016
2012-02-14 00:49:00,1.31609,1.31613,1.31607,1.31611,418100013.73291016
2012-02-14 00:50:00,1.31611,1.31613,1.31609,1.31613,429900016.78466797
2012-02-14 00:51:00,1.31613,1.31629,1.31613,1.31615,843099975.5859375
2012-02-14 00:52:00,1.31613,1.31622,1.31613,1.31615,634700012.2070312
2012-02-14 00:53:00,1.31614,1.31616,1.31609,1.31616,347299995.4223633
2012-02-14 00:54:00,1.31616,1.31632,1.31613,1.31632,951100006.1035156
2012-02-14 00:55:00,1.31632,1.31675,1.31632,1.3167,1538999938.9648438
2012-02-14 00:56:00,1.3167,1.31673,1.31667,1.31671,823700027.4658203
2012-02-14 00:57:00,1.31672,1.31702,1.31672,1.31696,1726600036.6210938
2012-02-14 00:58:00,1.31697,1.31701,1.3169,1.31699,1200599975.5859375
2012-02-14 00:59:00,1.31699,1.31729,1.31699,1.31723,1433399963.3789062
2012-02-14 01:00:00,1.31725,1.31746,1.31708,1.31708,1984499969.4824219
2012-02-14 01:01:00,1.31707,1.31713,1.31688,1.31688,1650299987.7929688
2012-02-14 01:02:00,1.31688,1.31696,1.31658,1.31666,1497100067.1386719
2012-02-14 01:03:00,1.31667,1.317,1.31667,1.31697,768899993.8964844
2012-02-14 01:04:00,1.31701,1.31701,1.31673,1.31673,1104899978.6376953
2012-02-14 01:05:00,1.31673,1.31674,1.31648,1.31652,1093300018.3105469
2012-02-14 01:06:00,1.31651,1.31666,1.31651,1.31654,899700012.2070312
2012-02-14 01:07:00,1.31654,1.3167,1.31653,1.31667,804199981.6894531
2012-02-14 01:08:00,1.31666,1.31667,1.31626,1.3163,850699996.9482422
2012-02-14 01:09:00,1.3163,1.31632,1.31608,1.31631,1583500061.0351562
2012-02-14 01:10:00,1.31631,1.31639,1.31623,1.31634,876500015.2587891
2012-02-14 01:11:00,1.31632,1.31633,1.31627,1.31628,473699989.31884766
2012-02-14 01:12:00,1.31628,1.31636,1.31613,1.31615,838499984.7412109
2012-02-14 01:13:00,1.31616,1.31638,1.31616,1.31633,582299995.4223633
2012-02-14 01:14:00,1.31634,1.31652,1.31634,1.31645,498600006.1035156
2012-02-14 01:15:00,1.31644,1.31644,1.31607,1.31631,1351600036.6210938
2012-02-14 01:16:00,1.31631,1.31668,1.31631,1.31643,1969400024.4140625
2012-02-14 01:17:00,1.31641,1.3165,1.31639,1.31648,659499969.4824219
2012-02-14 01:18:00,1.31648,1.31676,1.31643,1.3167,961800003.0517578
2012-02-14 01:19:00,1.31669,1.31675,1.31669,1.31675,627999992.3706055
2012-02-14 01:20:00,1.31676,1.3168,1.31667,1.31667,730100021.3623047
2012-02-14 01:21:00,1.31667,1.31669,1.31648,1.31669,674300003.0517578
2012-02-14 01:22:00,1.31668,1.3167,1.31649,1.31649,648700027.4658203
2012-02-14 01:23:00,1.31649,1.31656,1.31649,1.31653,680400009.1552734
2012-02-14 01:24:00,1.31652,1.31653,1.31642,1.31642,587400016.784668
2012-02-14 01:25:00,1.31643,1.31643,1.31624,1.31634,1139899978.6376953
2012-02-14 01:26:00,1.31635,1.31635,1.31607,1.3162,1260400009.1552734
2012-02-14 01:27:00,1.3162,1.31625,1.3161,1.31615,1241100006.1035156
2012-02-14 01:28:00,1.31616,1.31625,1.31611,1.31617,775999984.7412109
2012-02-14 01:29:00,1.31617,1.31618,1.31581,1.31583,1409600067.1386719
2012-02-14 01:30:00,1.31582,1.31601,1.31575,1.31597,1385899963.3789062
2012-02-14 01:31:00,1.31598,1.31608,1.31592,1.31599,1375299987.7929688
2012-02-14 01:32:00,1.31599,1.31602,1.31597,1.31602,473800010.68115234
2012-02-14 01:33:00,1.31601,1.31601,1.31547,1.31547,1782700042.7246094
2012-02-14 01:34:00,1.31548,1.31571,1.31548,1.31569,1661300048.828125
2012-02-14 01:35:00,1.31569,1.31578,1.31559,1.31559,1289799957.2753906
2012-02-14 01:36:00,1.31559,1.31572,1.31546,1.3157,1207799987.7929688
2012-02-14 01:37:00,1.31571,1.31583,1.31568,1.31571,920000000.0
2012-02-14 01:38:00,1.3157,1.3158,1.31567,1.31569,1060400009.1552734
2012-02-14 01:39:00,1.31568,1.31583,1.31564,1.31582,816100006.1035156
2012-02-14 01:40:00,1.3158,1.31592,1.3158,1.3159,764499969.4824219
2012-02-14 01:41:00,1.31591,1.31593,1.31588,1.31593,371100006.1035156
2012-02-14 01:42:00,1.31593,1.31602,1.31581,1.31582,1136100006.1035156
2012-02-14 01:43:00,1.31584,1.31584,1.31571,1.31581,683899993.8964844
2012-02-14 01:44:00,1.31581,1.31588,1.31581,1.31588,492099990.84472656
2012-02-14 01:45:00,1.31591,1.31596,1.31591,1.31596,411399993.8964844
2012-02-14 01:46:00,1.31596,1.31604,1.3159,1.31594,570400009.1552734
2012-02-14 01:47:00,1.31594,1.316,1.31591,1.31599,805999984.7412109
2012-02-14 01:48:00,1.31599,1.31611,1.31594,1.31603,1227399978.6376953
2012-02-14 01:49:00,1.31603,1.31608,1.31603,1.31608,616500015.2587891
2012-02-14 01:50:00,1.31611,1.31635,1.31611,1.31634,426899986.26708984
2012-02-14 01:51:00,1.31633,1.31633,1.31629,1.3163,790599975.5859375
2012-02-14 01:52:00,1.3163,1.31631,1.31624,1.31624,540499992.3706055
2012-02-14 01:53:00,1.31623,1.31624,1.31619,1.31621,780599975.5859375
2012-02-14 01:54:00,1.31621,1.31632,1.31614,1.31632,937099990.8447266
2012-02-14 01:55:00,1.31632,1.31652,1.31632,1.31636,1638099975.5859375
2012-02-14 01:56:00,1.31633,1.31633,1.31622,1.31622,634300003.0517578
2012-02-14 01:57:00,1.31623,1.31639,1.31619,1.31632,981500015.2587891
2012-02-14 01:58:00,1.31632,1.31636,1.31629,1.31629,849700012.2070312
2012-02-14 01:59:00,1.31629,1.31629,1.31588,1.31596,1482899932.8613281
2012-02-14 02:00:00,1.31595,1.31595,1.3157,1.31584,2160899963.3789062
2012-02-14 02:01:00,1.31585,1.31599,1.31575,1.31575,962200012.2070312
2012-02-14 02:02:00,1.31575,1.31578,1.31547,1.31548,1419600067.1386719
2012-02-14 02:03:00,1.31549,1.3158,1.31549,1.31576,1391100006.1035156
2012-02-14 02:04:00,1.31576,1.31585,1.31569,1.31569,833899993.8964844
2012-02-14 02:05:00,1.31568,1.31568,1.3153,1.31546,1766900024.4140625
2012-02-14 02:06:00,1.31545,1.31552,1.31534,1.31542,1637100067.1386719
2012-02-14 02:07:00,1.3154,1.31544,1.31527,1.31538,1105299987.7929688
2012-02-14 02:08:00,1.31539,1.31567,1.31539,1.31567,1056800003.0517578
2012-02-14 02:09:00,1.31566,1.31576,1.31558,1.31576,1277399978.6376953
2012-02-14 02:10:00,1.31576,1.3161,1.31576,1.3159,1521300048.828125
2012-02-14 02:11:00,1.31591,1.31613,1.31591,1.316,1383999938.9648438
2012-02-14 02:12:00,1.316,1.31604,1.31584,1.31604,1350299987.7929688
2012-02-14 02:13:00,1.31605,1.3161,1.31593,1.316,1433399963.3789062
2012-02-14 02:14:00,1.316,1.31605,1.3159,1.31599,840800018.3105469
2012-02-14 02:15:00,1.316,1.31613,1.31597,1.31608,655899963.3789062
2012-02-14 02:16:00,1.31608,1.31621,1.31608,1.3162,413300018.3105469
2012-02-14 02:17:00,1.31621,1.31639,1.31621,1.31637,1256600036.6210938
2012-02-14 02:18:00,1.31636,1.3164,1.31625,1.3164,1063499984.7412109
2012-02-14 02:19:00,1.31639,1.31639,1.31615,1.31625,1074400024.4140625
2012-02-14 02:20:00,1.31624,1.31649,1.31622,1.3163,986699981.6894531
2012-02-14 02:21:00,1.3163,1.31647,1.3163,1.31647,656900024.4140625
2012-02-14 02:22:00,1.31646,1.31646,1.31618,1.31626,1169499969.4824219
2012-02-14 02:23:00,1.31626,1.31627,1.3162,1.31622,354399986.26708984
2012-02-14 02:24:00,1.31621,1.31628,1.31614,1.31624,824300003.0517578
2012-02-14 02:25:00,1.31626,1.31633,1.31615,1.31618,850000000.0
2012-02-14 02:26:00,1.31617,1.31617,1.31598,1.31612,807699966.4306641
2012-02-14 02:27:00,1.31612,1.31645,1.31612,1.31629,928700027.4658203
2012-02-14 02:28:00,1.31629,1.31631,1.31616,1.31616,1213799972.5341797
2012-02-14 02:29:00,1.31616,1.31616,1.31594,1.31604,862900009.1552734
2012-02-14 02:30:00,1.31604,1.31613,1.3159,1.31608,1620800018.3105469
2012-02-14 02:31:00,1.31608,1.31636,1.31603,1.31632,1658200073.2421875
2012-02-14 02:32:00,1.31632,1.31638,1.31622,1.31634,1986100006.1035156
2012-02-14 02:33:00,1.31633,1.31639,1.31629,1.31634,1321199951.171875
2012-02-14 02:34:00,1.31637,1.31651,1.31634,1.31638,1318899993.8964844
2012-02-14 02:35:00,1.3164,1.31645,1.31634,1.31635,965299987.7929688
2012-02-14 02:36:00,1.31635,1.31637,1.31619,1.31627,1153000030.5175781
2012-02-14 02:37:00,1.31626,1.31636,1.31625,1.31633,430299987.79296875
2012-02-14 02:38:00,1.31635,1.31657,1.31633,1.31655,1007099990.8447266
2012-02-14 02:39:00,1.31653,1.31659,1.31634,1.31644,947500000.0
2012-02-14 02:40:00,1.31643,1.31643,1.31636,1.31637,593400001.5258789
2012-02-14 02:41:00,1.31637,1.31639,1.31628,1.31634,627299995.4223633
2012-02-14 02:42:00,1.31636,1.31646,1.31635,1.31638,973399963.3789062
2012-02-14 02:43:00,1.31638,1.31641,1.31631,1.31633,788399963.3789062
2012-02-14 02:44:00,1.31633,1.3165,1.31631,1.31634,1149599990.8447266
2012-02-14 02:45:00,1.31631,1.3166,1.31631,1.31651,1150800018.3105469
2012-02-14 02:46:00,1.3165,1.3165,1.31635,1.31636,861900024.4140625
2012-02-14 02:47:00,1.31636,1.31641,1.31634,1.31639,830299987.7929688
2012-02-14 02:48:00,1.31638,1.3164,1.31637,1.3164,220799999.23706055
2012-02-14 02:49:00,1.31642,1.31662,1.3164,1.31649,1285099945.0683594
2012-02-14 02:50:00,1.31649,1.31655,1.31649,1.31655,483199996.9482422
2012-02-14 02:51:00,1.31655,1.31656,1.31654,1.31656,137100000.38146973
2012-02-14 02:52:00,1.31655,1.31657,1.31654,1.31656,355900001.5258789
2012-02-14 02:53:00,1.31659,1.31666,1.31655,1.31663,1065199966.4306641
2012-02-14 02:54:00,1.31663,1.3167,1.31653,1.31653,1185999984.741211
2012-02-14 02:55:00,1.31653,1.31658,1.31652,1.31652,671200027.4658203
2012-02-14 02:56:00,1.31652,1.31655,1.31639,1.31639,861200027.4658203
2012-02-14 02:57:00,1.31638,1.31639,1.31619,1.31629,657500000.0
2012-02-14 02:58:00,1.31629,1.31629,1.31615,1.3162,818099975.5859375
2012-02-14 02:59:00,1.3162,1.3162,1.31586,1.31591,1551499938.9648438
2012-02-14 03:00:00,1.31591,1.31591,1.31563,1.31583,1798500061.0351562
2012-02-14 03:01:00,1.31584,1.31586,1.31575,1.31586,971999969.4824219
2012-02-14 03:02:00,1.31584,1.31594,1.31581,1.31589,1213399963.3789062
2012-02-14 03:03:00,1.31589,1.31593,1.31586,1.31586,825299987.7929688
2012-02-14 03:04:00,1.31586,1.31597,1.31586,1.31592,759100036.6210938
2012-02-14 03:05:00,1.31591,1.31607,1.31591,1.31597,896500015.2587891
2012-02-14 03:06:00,1.31596,1.31608,1.31594,1.31605,809800033.5693359
2012-02-14 03:07:00,1.31607,1.31607,1.31604,1.31606,422700004.5776367
2012-02-14 03:08:00,1.31605,1.3161,1.316,1.31608,284699993.1335449
2012-02-14 03:09:00,1.31608,1.31612,1.31606,1.31612,156099996.56677246
2012-02-14 03:10:00,1.31611,1.31614,1.31611,1.31613,465000000.0
2012-02-14 03:11:00,1.31613,1.31614,1.31576,1.31578,957300033.5693359
2012-02-14 03:12:00,1.31578,1.31584,1.31571,1.31584,781699981.6894531
2012-02-14 03:13:00,1.31585,1.31586,1.31561,1.31561,974300003.0517578
2012-02-14 03:14:00,1.3156,1.31583,1.31549,1.31568,1745299987.7929688
2012-02-14 03:15:00,1.31567,1.31577,1.31551,1.31574,1516399993.8964844
2012-02-14 03:16:00,1.31574,1.31585,1.3157,1.31585,734599990.8447266
2012-02-14 03:17:00,1.31584,1.31584,1.31564,1.31572,616599998.4741211
2012-02-14 03:18:00,1.31571,1.31572,1.31567,1.31567,476399993.8964844
2012-02-14 03:19:00,1.31568,1.31586,1.31568,1.31586,757900009.1552734
2012-02-14 03:20:00,1.31585,1.31585,1.3157,1.31573,707200012.2070312
2012-02-14 03:21:00,1.31573,1.31573,1.31552,1.31557,814499969.4824219
2012-02-14 03:22:00,1.31556,1.31563,1.31545,1.31548,820199966.4306641
2012-02-14 03:23:00,1.31546,1.31554,1.3154,1.31548,952699966.4306641
2012-02-14 03:24:00,1.31547,1.31549,1.3154,1.31548,522999992.37060547
2012-02-14 03:25:00,1.31552,1.31552,1.3151,1.31513,2457500000.0
2012-02-14 03:26:00,1.31513,1.31524,1.31502,1.31518,1960599975.5859375
2012-02-14 03:27:00,1.31518,1.31529,1.31515,1.31529,1435500030.5175781
2012-02-14 03:28:00,1.31528,1.31532,1.31503,1.31532,1574400024.4140625
2012-02-14 03:29:00,1.31533,1.31544,1.3153,1.31542,1261999969.4824219
2012-02-14 03:30:00,1.31542,1.31543,1.31527,1.31528,882200012.2070312
2012-02-14 03:31:00,1.31528,1.31543,1.31528,1.31541,789599990.8447266
2012-02-14 03:32:00,1.31541,1.3155,1.31515,1.31523,1348500061.0351562
2012-02-14 03:33:00,1.31525,1.31548,1.31523,1.31548,712699966.4306641
2012-02-14 03:34:00,1.31546,1.31546,1.31519,1.31519,975800018.3105469
2012-02-14 03:35:00,1.31518,1.31518,1.31503,1.31505,627099990.8447266
2012-02-14 03:36:00,1.31505,1.31523,1.31501,1.31514,913899993.8964844
2012-02-14 03:37:00,1.31513,1.31527,1.31508,1.31508,1040000000.0
2012-02-14 03:38:00,1.31508,1.31513,1.31508,1.3151,303400001.5258789
2012-02-14 03:39:00,1.3151,1.31525,1.31509,1.3152,812099990.8447266
2012-02-14 03:40:00,1.3152,1.31527,1.31516,1.31523,863000030.5175781
2012-02-14 03:41:00,1.31523,1.31529,1.31522,1.31525,544599990.8447266
2012-02-14 03:42:00,1.31525,1.31525,1.31515,1.31522,469500007.62939453
2012-02-14 03:43:00,1.31522,1.31554,1.31516,1.31548,1611999969.4824219
2012-02-14 03:44:00,1.3155,1.3155,1.31496,1.31496,1676699981.6894531
2012-02-14 03:45:00,1.31496,1.31515,1.3149,1.31511,1020299987.7929688
2012-02-14 03:46:00,1.31508,1.31544,1.31507,1.31543,1040000000.0
2012-02-14 03:47:00,1.31544,1.31544,1.31516,1.31517,814199981.6894531
2012-02-14 03:48:00,1.31518,1.31533,1.31518,1.31533,560299987.7929688
2012-02-14 03:49:00,1.31535,1.31541,1.31524,1.31526,765800018.3105469
2012-02-14 03:50:00,1.31524,1.31532,1.31523,1.3153,724400024.4140625
2012-02-14 03:51:00,1.3153,1.3153,1.31501,1.31509,1085000000.0
2012-02-14 03:52:00,1.31509,1.31523,1.31506,1.31523,595499992.3706055
2012-02-14 03:53:00,1.31523,1.31524,1.31501,1.31515,1830899963.3789062
2012-02-14 03:54:00,1.31515,1.31553,1.31514,1.31553,1399400024.4140625
2012-02-14 03:55:00,1.31551,1.31569,1.31549,1.31558,1586999969.4824219
2012-02-14 03:56:00,1.31557,1.31573,1.31549,1.3155,2710899963.3789062
2012-02-14 03:57:00,1.31553,1.3156,1.31553,1.31553,903300018.3105469
2012-02-14 03:58:00,1.31553,1.31563,1.31533,1.31534,1365299987.7929688
2012-02-14 03:59:00,1.31536,1.31572,1.31536,1.31546,1775899963.3789062
2012-02-14 04:00:00,1.31547,1.3156,1.31547,1.3156,913899993.8964844
2012-02-14 04:01:00,1.31559,1.31619,1.31559,1.31619,1832200012.2070312
2012-02-14 04:02:00,1.3162,1.3164,1.31615,1.31621,3324400024.4140625
2012-02-14 04:03:00,1.31621,1.31639,1.31613,1.31635,2247899932.861328
2012-02-14 04:04:00,1.31633,1.31639,1.31631,1.31636,1169700012.2070312
2012-02-14 04:05:00,1.31636,1.3164,1.31619,1.31637,1466300048.828125
2012-02-14 04:06:00,1.31638,1.31645,1.3163,1.31632,1338300018.3105469
2012-02-14 04:07:00,1.31628,1.31655,1.31628,1.31655,1181600036.6210938
2012-02-14 04:08:00,1.31655,1.31656,1.31631,1.31631,1115899963.3789062
2012-02-14 04:09:00,1.3163,1.3163,1.31605,1.31618,1755899963.3789062
2012-02-14 04:10:00,1.31618,1.3164,1.31618,1.31632,1527200012.2070312
2012-02-14 04:11:00,1.31627,1.31628,1.31616,1.31617,945000000.0
2012-02-14 04:12:00,1.31616,1.31624,1.3161,1.3161,940800018.3105469
2012-02-14 04:13:00,1.31609,1.31627,1.31609,1.31625,726900024.4140625
2012-02-14 04:14:00,1.31626,1.3163,1.31625,1.31626,285599994.6594238
2012-02-14 04:15:00,1.31625,1.31637,1.31624,1.31635,583300018.3105469
2012-02-14 04:16:00,1.31637,1.31639,1.31628,1.31636,592000007.6293945
2012-02-14 04:17:00,1.31635,1.31649,1.31635,1.31644,912399978.6376953
2012-02-14 04:18:00,1.31644,1.3165,1.31642,1.3165,291599998.4741211
2012-02-14 04:19:00,1.3165,1.31669,1.3165,1.31669,701999969.4824219
2012-02-14 04:20:00,1.3167,1.3167,1.31665,1.31669,246800003.0517578
2012-02-14 04:21:00,1.31667,1.31674,1.31664,1.31665,1240000000.0
2012-02-14 04:22:00,1.31665,1.31669,1.31661,1.31666,1015299987.7929688
2012-02-14 04:23:00,1.31664,1.31686,1.31664,1.31676,846999969.4824219
2012-02-14 04:24:00,1.31676,1.31684,1.31669,1.31684,833099975.5859375
2012-02-14 04:25:00,1.31685,1.31686,1.31676,1.31676,906399993.8964844
2012-02-14 04:26:00,1.31676,1.31676,1.31666,1.31668,679800033.5693359
2012-02-14 04:27:00,1.31669,1.31669,1.31666,1.31667,733199996.9482422
2012-02-14 04:28:00,1.31667,1.31669,1.31665,1.31666,413800010.68115234
2012-02-14 04:29:00,1.31664,1.31666,1.31657,1.31665,1371999969.4824219
2012-02-14 04:30:00,1.31665,1.31675,1.31664,1.31668,518800010.68115234
2012-02-14 04:31:00,1.31667,1.31673,1.31667,1.31671,337299995.4223633
2012-02-14 04:32:00,1.31672,1.31672,1.31663,1.31663,307600002.28881836
2012-02-14 04:33:00,1.31662,1.31662,1.31656,1.31658,179500007.62939453
2012-02-14 04:34:00,1.31658,1.31658,1.31648,1.3165,494500007.62939453
2012-02-14 04:35:00,1.31649,1.31649,1.31633,1.31637,803899993.8964844
2012-02-14 04:36:00,1.31637,1.3164,1.31631,1.31632,636500015.2587891
2012-02-14 04:37:00,1.31632,1.31633,1.31625,1.31629,714300003.0517578
2012-02-14 04:38:00,1.31628,1.3163,1.31621,1.31621,313400001.5258789
2012-02-14 04:39:00,1.31621,1.31621,1.31607,1.31607,334099998.4741211
2012-02-14 04:40:00,1.31606,1.3163,1.31606,1.31623,1206999969.4824219
2012-02-14 04:41:00,1.31623,1.31633,1.31623,1.31624,679100036.6210938
2012-02-14 04:42:00,1.31624,1.3164,1.31624,1.31638,456899986.26708984
2012-02-14 04:43:00,1.3164,1.3164,1.31628,1.3163,721900024.4140625
2012-02-14 04:44:00,1.31634,1.31636,1.31631,1.31636,175599994.65942383
2012-02-14 04:45:00,1.31637,1.31637,1.31632,1.31632,165900001.5258789
2012-02-14 04:46:00,1.31633,1.31635,1.31633,1.31633,205000000.0
2012-02-14 04:47:00,1.31633,1.31633,1.31607,1.31608,714199981.6894531
2012-02-14 04:48:00,1.31608,1.31608,1.3158,1.3158,749800033.5693359
2012-02-14 04:49:00,1.31578,1.31587,1.3157,1.31586,874100036.6210938
2012-02-14 04:50:00,1.31586,1.31593,1.31585,1.31589,466399993.8964844
2012-02-14 04:51:00,1.31589,1.31598,1.31588,1.31598,1121500015.258789
2012-02-14 04:52:00,1.31598,1.31613,1.31596,1.31613,313400001.5258789
2012-02-14 04:53:00,1.31612,1.31613,1.31589,1.31589,859300003.0517578
2012-02-14 04:54:00,1.31588,1.31588,1.31558,1.31573,1244700012.2070312
2012-02-14 04:55:00,1.31572,1.31577,1.31566,1.31571,595200004.5776367
2012-02-14 04:56:00,1.3157,1.31591,1.31567,1.31584,870299987.7929688
2012-02-14 04:57:00,1.31585,1.3161,1.31585,1.3161,991200027.4658203
2012-02-14 04:58:00,1.31609,1.31609,1.3158,1.3158,1039199981.6894531
2012-02-14 04:59:00,1.31578,1.31592,1.31578,1.31592,376599998.4741211
2012-02-14 05:00:00,1.31592,1.31599,1.31587,1.31598,764800033.5693359
2012-02-14 05:01:00,1.316,1.31611,1.31599,1.31607,608499984.7412109
2012-02-14 05:02:00,1.31607,1.31616,1.31606,1.31606,492299995.4223633
2012-02-14 05:03:00,1.31606,1.31615,1.31605,1.31612,587500000.0
2012-02-14 05:04:00,1.31612,1.31612,1.31594,1.31606,873099975.5859375
2012-02-14 05:05:00,1.31606,1.31609,1.31603,1.31605,630900001.5258789
2012-02-14 05:06:00,1.31605,1.31624,1.31604,1.3162,713799972.5341797
2012-02-14 05:07:00,1.31618,1.31631,1.31612,1.31614,885899963.3789062
2012-02-14 05:08:00,1.31614,1.31618,1.31612,1.31612,488600006.1035156
2012-02-14 05:09:00,1.31611,1.31612,1.3161,1.31611,182600002.28881836
2012-02-14 05:10:00,1.31608,1.31626,1.31608,1.31615,489500007.62939453
2012-02-14 05:11:00,1.31615,1.31619,1.31615,1.31616,513199996.9482422
2012-02-14 05:12:00,1.31617,1.31629,1.31616,1.31627,481300010.68115234
2012-02-14 05:13:00,1.31627,1.31635,1.31626,1.31627,365600013.73291016
2012-02-14 05:14:00,1.31626,1.31626,1.31622,1.31622,225000000.0
2012-02-14 05:15:00,1.31622,1.3163,1.31615,1.31615,661500015.2587891
2012-02-14 05:16:00,1.31615,1.31619,1.31611,1.31611,495299987.79296875
2012-02-14 05:17:00,1.31611,1.31629,1.31611,1.31629,986100006.1035156
2012-02-14 05:18:00,1.31629,1.31638,1.31628,1.31631,534000015.25878906
2012-02-14 05:19:00,1.3163,1.3164,1.31629,1.31638,457299995.4223633
2012-02-14 05:20:00,1.31638,1.31642,1.3163,1.31642,952099990.8447266
2012-02-14 05:21:00,1.3164,1.31649,1.31638,1.31638,784899978.6376953
2012-02-14 05:22:00,1.31639,1.31641,1.31638,1.31641,246900005.34057617
2012-02-14 05:23:00,1.31641,1.31642,1.31637,1.31641,376500015.25878906
2012-02-14 05:24:00,1.3164,1.31642,1.31638,1.31638,475999984.74121094
2012-02-14 05:25:00,1.31638,1.31638,1.31629,1.3163,714400024.4140625
2012-02-14 05:26:00,1.3163,1.3163,1.31621,1.31621,720899963.3789062
2012-02-14 05:27:00,1.31622,1.31622,1.31604,1.31607,1030000000.0
2012-02-14 05:28:00,1.31607,1.31618,1.31605,1.31605,676399993.8964844
2012-02-14 05:29:00,1.31604,1.31605,1.31592,1.31592,531199989.31884766
2012-02-14 05:30:00,1.31592,1.31605,1.31586,1.31598,960899963.3789062
2012-02-14 05:31:00,1.31598,1.31599,1.31581,1.31588,628899993.8964844
2012-02-14 05:32:00,1.31588,1.31594,1.31579,1.31579,649000015.2587891
2012-02-14 05:33:00,1.3158,1.31602,1.3158,1.31601,1214899978.6376953
2012-02-14 05:34:00,1.31601,1.31618,1.31601,1.3161,772600021.3623047
2012-02-14 05:35:00,1.31611,1.31615,1.31603,1.31612,821699981.6894531
2012-02-14 05:36:00,1.31611,1.31618,1.31609,1.31614,681200027.4658203
2012-02-14 05:37:00,1.31615,1.31615,1.31612,1.31613,569300003.0517578
2012-02-14 05:38:00,1.31612,1.31627,1.31612,1.31616,1009000015.2587891
2012-02-14 05:39:00,1.31616,1.31617,1.31612,1.31612,541399993.8964844
2012-02-14 05:40:00,1.31613,1.31614,1.31598,1.31602,725500030.5175781
2012-02-14 05:41:00,1.31601,1.31615,1.31601,1.31615,465800018.3105469
2012-02-14 05:42:00,1.31614,1.31629,1.3161,1.31629,916100006.1035156
2012-02-14 05:43:00,1.31628,1.31628,1.31622,1.31626,627400016.784668
2012-02-14 05:44:00,1.31629,1.31634,1.31626,1.31633,622599983.215332
2012-02-14 05:45:00,1.31633,1.31639,1.31626,1.31629,1489600067.1386719
2012-02-14 05:46:00,1.3163,1.3163,1.31623,1.31629,479500007.62939453
2012-02-14 05:47:00,1.31629,1.3164,1.31629,1.3163,995000000.0
2012-02-14 05:48:00,1.31629,1.31637,1.31625,1.31625,1001100006.1035156
2012-02-14 05:49:00,1.31628,1.3163,1.31623,1.31627,577900009.1552734
2012-02-14 05:50:00,1.31625,1.31625,1.31603,1.31605,1277300033.569336
2012-02-14 05:51:00,1.31605,1.31607,1.31602,1.31607,714899978.6376953
2012-02-14 05:52:00,1.31607,1.31616,1.31603,1.31611,580999984.7412109
2012-02-14 05:53:00,1.31612,1.31618,1.31605,1.31606,939199981.6894531
2012-02-14 05:54:00,1.31606,1.31609,1.31583,1.31585,1441199951.171875
2012-02-14 05:55:00,1.31587,1.31606,1.31581,1.31601,1506499938.9648438
2012-02-14 05:56:00,1.31602,1.31613,1.31602,1.31611,913799972.5341797
2012-02-14 05:57:00,1.31611,1.31622,1.31611,1.31616,385000000.0
2012-02-14 05:58:00,1.31616,1.31621,1.31611,1.31614,956299972.5341797
2012-02-14 05:59:00,1.31615,1.31619,1.31606,1.31606,1234199981.6894531
2012-02-14 06:00:00,1.31607,1.31612,1.31604,1.31606,1030299987.7929688
2012-02-14 06:01:00,1.31605,1.31611,1.316,1.31611,801900024.4140625
2012-02-14 06:02:00,1.3161,1.31611,1.31597,1.31599,733499984.7412109
2012-02-14 06:03:00,1.31598,1.316,1.31585,1.31589,1126699981.6894531
2012-02-14 06:04:00,1.31588,1.31597,1.31587,1.3159,559500007.6293945
2012-02-14 06:05:00,1.31589,1.31595,1.31585,1.31594,803899993.8964844
2012-02-14 06:06:00,1.31594,1.31614,1.31594,1.31604,873600006.1035156
2012-02-14 06:07:00,1.31604,1.31609,1.316,1.31608,922600021.3623047
2012-02-14 06:08:00,1.31605,1.3161,1.31604,1.31609,318999996.18530273
2012-02-14 06:09:00,1.31608,1.31608,1.31582,1.31583,858000030.5175781
2012-02-14 06:10:00,1.31583,1.31587,1.3157,1.31572,1257799987.7929688
2012-02-14 06:11:00,1.31572,1.31575,1.3157,1.31571,538499984.7412109
2012-02-14 06:12:00,1.3157,1.31575,1.3156,1.31563,793600006.1035156
2012-02-14 06:13:00,1.31563,1.31569,1.31521,1.31527,1708899993.8964844
2012-02-14 06:14:00,1.31527,1.31539,1.31527,1.31536,911299972.5341797
2012-02-14 06:15:00,1.31536,1.31552,1.31521,1.31551,1693999938.9648438
2012-02-14 06:16:00,1.3155,1.31553,1.31529,1.3153,563600006.1035156
2012-02-14 06:17:00,1.31531,1.31543,1.3153,1.3154,766100006.1035156
2012-02-14 06:18:00,1.3154,1.31558,1.3154,1.31548,1320599975.5859375
2012-02-14 06:19:00,1.31546,1.31546,1.3149,1.31497,3243900146.484375
2012-02-14 06:20:00,1.31497,1.31521,1.31495,1.31521,2005500030.5175781
2012-02-14 06:21:00,1.31521,1.31527,1.31519,1.31525,802099990.8447266
2012-02-14 06:22:00,1.31527,1.31536,1.31527,1.31536,694199981.6894531
2012-02-14 06:23:00,1.31537,1.31543,1.31527,1.31527,1187799987.7929688
2012-02-14 06:24:00,1.31526,1.31531,1.31522,1.31527,388899993.8964844
2012-02-14 06:25:00,1.31526,1.31528,1.31503,1.31503,964300003.0517578
2012-02-14 06:26:00,1.31502,1.31502,1.31403,1.31403,3594200134.2773438
2012-02-14 06:27:00,1.31403,1.31403,1.31346,1.31371,3985199890.1367188
2012-02-14 06:28:00,1.31371,1.31384,1.31346,1.31372,2546499938.9648438
2012-02-14 06:29:00,1.31373,1.31396,1.31353,1.31353,2725700073.2421875
2012-02-14 06:30:00,1.31354,1.31368,1.31339,1.31351,2428399963.3789062
2012-02-14 06:31:00,1.3135,1.3135,1.31295,1.31297,2592699890.1367188
2012-02-14 06:32:00,1.31297,1.3132,1.31297,1.3131,1756799926.7578125
2012-02-14 06:33:00,1.31313,1.31339,1.31312,1.31332,1648999938.9648438
2012-02-14 06:34:00,1.31333,1.31349,1.31315,1.31315,1101100006.1035156
2012-02-14 06:35:00,1.31311,1.31319,1.31302,1.31307,2399100036.6210938
2012-02-14 06:36:00,1.31312,1.31349,1.31302,1.31342,2353500061.0351562
2012-02-14 06:37:00,1.31342,1.31357,1.31335,1.31355,2100800018.3105469
2012-02-14 06:38:00,1.31354,1.3136,1.31349,1.31358,1303500061.0351562
2012-02-14 06:39:00,1.31357,1.31387,1.31357,1.31372,1681100006.1035156
2012-02-14 06:40:00,1.31371,1.31373,1.31357,1.31358,953799972.5341797
2012-02-14 06:41:00,1.31358,1.31373,1.31353,1.31357,1675099945.0683594
2012-02-14 06:42:00,1.31354,1.31371,1.31354,1.31361,1185500030.5175781
2012-02-14 06:43:00,1.31359,1.31363,1.31351,1.31351,990199966.4306641
2012-02-14 06:44:00,1.31353,1.31358,1.31353,1.31358,869400024.4140625
2012-02-14 06:45:00,1.31358,1.31365,1.31356,1.31365,841399993.8964844
2012-02-14 06:46:00,1.31369,1.3139,1.31366,1.3139,1726600036.6210938
2012-02-14 06:47:00,1.3139,1.31403,1.31387,1.31403,1201600036.6210938
2012-02-14 06:48:00,1.31405,1.31423,1.31392,1.31397,2501399993.8964844
2012-02-14 06:49:00,1.314,1.31436,1.31399,1.31428,2742399902.34375
2012-02-14 06:50:00,1.31427,1.31435,1.31388,1.31391,3082600097.65625
2012-02-14 06:51:00,1.31391,1.31395,1.31387,1.3139,1096299972.5341797
2012-02-14 06:52:00,1.31391,1.31403,1.31391,1.31401,1368800048.828125
2012-02-14 06:53:00,1.31401,1.31413,1.31396,1.31396,1425899963.3789062
2012-02-14 06:54:00,1.31395,1.31395,1.3138,1.31385,989899978.6376953
2012-02-14 06:55:00,1.31385,1.31393,1.31382,1.31393,880400009.1552734
2012-02-14 06:56:00,1.31393,1.3143,1.31393,1.31429,1083399963.3789062
2012-02-14 06:57:00,1.31429,1.3143,1.3142,1.31426,1760000000.0
2012-02-14 06:58:00,1.31426,1.31442,1.31426,1.31442,1311699981.6894531
2012-02-14 06:59:00,1.31442,1.31472,1.31442,1.31468,2789899902.34375
2012-02-14 07:00:00,1.31469,1.31476,1.31445,1.31447,2274199981.689453
2012-02-14 07:01:00,1.31447,1.31452,1.31442,1.31442,1018099975.5859375
2012-02-14 07:02:00,1.31443,1.31443,1.31416,1.31416,1610299987.7929688
2012-02-14 07:03:00,1.31414,1.31418,1.31369,1.31369,1909100036.6210938
2012-02-14 07:04:00,1.31367,1.31391,1.31358,1.31384,1553399963.3789062
2012-02-14 07:05:00,1.31387,1.31387,1.31345,1.31358,1731699981.6894531
2012-02-14 07:06:00,1.31359,1.31367,1.31336,1.31345,1641900024.4140625
2012-02-14 07:07:00,1.31349,1.31366,1.31348,1.31349,1406799926.7578125
2012-02-14 07:08:00,1.31348,1.31355,1.31304,1.31315,2478600006.1035156
2012-02-14 07:09:00,1.31317,1.31355,1.31317,1.31349,2216799926.7578125
2012-02-14 07:10:00,1.31349,1.3135,1.31329,1.31338,1642500000.0
2012-02-14 07:11:00,1.31339,1.31355,1.31335,1.31349,1603500061.0351562
2012-02-14 07:12:00,1.31351,1.3138,1.31346,1.3137,1073700027.4658203
2012-02-14 07:13:00,1.31369,1.31424,1.31367,1.31424,1680399932.8613281
2012-02-14 07:14:00,1.31426,1.31428,1.31411,1.31411,1125699996.9482422
2012-02-14 07:15:00,1.31411,1.31412,1.31381,1.31383,1266100006.1035156
2012-02-14 07:16:00,1.31383,1.31423,1.3138,1.31423,1254000015.258789
2012-02-14 07:17:00,1.31423,1.31434,1.31423,1.31425,991200027.4658203
2012-02-14 07:18:00,1.31424,1.31425,1.31376,1.31376,1348699951.171875
2012-02-14 07:19:00,1.31376,1.31376,1.31359,1.31368,1631900024.4140625
2012-02-14 07:20:00,1.31366,1.31374,1.31348,1.31374,1794600067.1386719
2012-02-14 07:21:00,1.31375,1.31412,1.31368,1.31369,2804800109.8632812
2012-02-14 07:22:00,1.31366,1.31403,1.31366,1.31388,1713300018.3105469
2012-02-14 07:23:00,1.31388,1.31422,1.31384,1.31422,1593000030.5175781
2012-02-14 07:24:00,1.31422,1.31434,1.31421,1.31425,2060800018.3105469
2012-02-14 07:25:00,1.31422,1.31423,1.31395,1.31411,1884799957.2753906
2012-02-14 07:26:00,1.31414,1.31421,1.31392,1.31397,2365200042.7246094
2012-02-14 07:27:00,1.31398,1.31406,1.31387,1.31405,2185000000.0
2012-02-14 07:28:00,1.31405,1.31419,1.314,1.31417,1052600021.3623047
2012-02-14 07:29:00,1.31417,1.31454,1.31416,1.31452,1222500000.0
2012-02-14 07:30:00,1.31452,1.31465,1.3145,1.31464,1907299957.2753906
2012-02-14 07:31:00,1.31465,1.31492,1.31458,1.31489,2068099975.5859375
2012-02-14 07:32:00,1.31491,1.31512,1.31486,1.31503,3127399902.34375
2012-02-14 07:33:00,1.31505,1.31522,1.31489,1.31496,3205000000.0
2012-02-14 07:34:00,1.31495,1.31511,1.31491,1.31505,1812299957.2753906
2012-02-14 07:35:00,1.31507,1.31508,1.31485,1.31485,1730599975.5859375
2012-02-14 07:36:00,1.31485,1.31487,1.31476,1.31484,1525099945.0683594
2012-02-14 07:37:00,1.31485,1.3151,1.31485,1.31509,1267200012.2070312
2012-02-14 07:38:00,1.3151,1.31529,1.3151,1.31529,1175699996.9482422
2012-02-14 07:39:00,1.31529,1.31551,1.31529,1.31541,2855700073.2421875
2012-02-14 07:40:00,1.31542,1.31546,1.31522,1.31532,2037299957.2753906
2012-02-14 07:41:00,1.31532,1.31535,1.315,1.31503,1900800018.3105469
2012-02-14 07:42:00,1.31503,1.31515,1.31502,1.31504,1957200012.2070312
2012-02-14 07:43:00,1.31504,1.31508,1.31493,1.31499,2161399993.8964844
2012-02-14 07:44:00,1.31499,1.31499,1.31471,1.3148,1287700042.7246094
2012-02-14 07:45:00,1.3148,1.31513,1.31476,1.31513,2102500000.0
2012-02-14 07:46:00,1.31514,1.31564,1.31514,1.31554,2588900146.484375
2012-02-14 07:47:00,1.31554,1.31554,1.31528,1.31531,1702299957.2753906
2012-02-14 07:48:00,1.31531,1.31558,1.31527,1.31558,1914900054.9316406
2012-02-14 07:49:00,1.31558,1.31573,1.31557,1.31567,2432400054.9316406
2012-02-14 07:50:00,1.31567,1.3157,1.31531,1.31543,2823500061.0351562
2012-02-14 07:51:00,1.31543,1.31543,1.3152,1.31526,2015099945.0683594
2012-02-14 07:52:00,1.31526,1.31543,1.31526,1.31537,1644100036.6210938
2012-02-14 07:53:00,1.31539,1.31539,1.31499,1.31511,1888099975.5859375
2012-02-14 07:54:00,1.31511,1.31519,1.3151,1.31515,1238399963.3789062
2012-02-14 07:55:00,1.31515,1.31525,1.31513,1.31519,1016699981.6894531
2012-02-14 07:56:00,1.31519,1.31519,1.31488,1.31489,1448099975.5859375
2012-02-14 07:57:00,1.31489,1.3149,1.31476,1.31482,1618399963.3789062
2012-02-14 07:58:00,1.31482,1.31514,1.31477,1.31507,2621199951.171875
2012-02-14 07:59:00,1.31509,1.31523,1.31499,1.31519,1748000030.5175781
2012-02-14 08:00:00,1.3152,1.31551,1.3152,1.31538,2114499969.4824219
2012-02-14 08:01:00,1.31537,1.31541,1.31517,1.3152,1943000030.5175781
2012-02-14 08:02:00,1.3152,1.31531,1.3148,1.31487,2484100036.6210938
2012-02-14 08:03:00,1.31488,1.31492,1.3147,1.31472,2901700134.2773438
2012-02-14 08:04:00,1.31471,1.31481,1.31461,1.31463,1774700012.2070312
2012-02-14 08:05:00,1.31464,1.31496,1.31462,1.31482,2203600006.1035156
2012-02-14 08:06:00,1.31482,1.31508,1.31464,1.31465,2551300048.828125
2012-02-14 08:07:00,1.31465,1.31487,1.31459,1.31463,2636300048.828125
2012-02-14 08:08:00,1.31463,1.31521,1.31463,1.31521,2426300048.828125
2012-02-14 08:09:00,1.31522,1.31553,1.31522,1.31533,2460099945.0683594
2012-02-14 08:10:00,1.31533,1.31582,1.31533,1.31559,3390899963.3789062
2012-02-14 08:11:00,1.31559,1.31579,1.31557,1.31577,2065800018.3105469
2012-02-14 08:12:00,1.31575,1.31581,1.31551,1.31581,1583099975.5859375
2012-02-14 08:13:00,1.31581,1.316,1.31572,1.316,2395200042.7246094
2012-02-14 08:14:00,1.31599,1.31608,1.31562,1.31565,3055799865.7226562
2012-02-14 08:15:00,1.31565,1.3158,1.31557,1.3158,2171699981.689453
2012-02-14 08:16:00,1.3158,1.31594,1.3157,1.31576,2750400085.4492188
2012-02-14 08:17:00,1.31574,1.31597,1.31574,1.31579,2466399993.8964844
2012-02-14 08:18:00,1.31579,1.31605,1.31577,1.31584,2619899902.34375
2012-02-14 08:19:00,1.31583,1.31583,1.31545,1.31551,2317500000.0
2012-02-14 08:20:00,1.31554,1.3159,1.31546,1.3159,2313399963.3789062
2012-02-14 08:21:00,1.31589,1.31596,1.31574,1.31574,1958600006.1035156
2012-02-14 08:22:00,1.31575,1.31581,1.31555,1.31567,2146199951.171875
2012-02-14 08:23:00,1.31567,1.31581,1.31552,1.31577,3023299865.7226562
2012-02-14 08:24:00,1.31577,1.31594,1.31575,1.31577,1567899932.8613281
2012-02-14 08:25:00,1.31576,1.31576,1.3154,1.31558,2595199890.1367188
2012-02-14 08:26:00,1.31559,1.31563,1.31545,1.31562,1768699951.171875
2012-02-14 08:27:00,1.31563,1.31601,1.31561,1.31597,1912400054.9316406
2012-02-14 08:28:00,1.31597,1.31603,1.31575,1.31575,2044799957.2753906
2012-02-14 08:29:00,1.31577,1.31601,1.31568,1.31589,2131100006.1035156
2012-02-14 08:30:00,1.31589,1.31631,1.31584,1.31584,3540199890.1367188
2012-02-14 08:31:00,1.31583,1.31591,1.31575,1.31588,1663899993.8964844
2012-02-14 08:32:00,1.31588,1.31588,1.31556,1.31583,2577000122.0703125
2012-02-14 08:33:00,1.3158,1.31595,1.3157,1.31573,1871900024.4140625
2012-02-14 08:34:00,1.31575,1.31623,1.31573,1.31618,2676400146.484375
2012-02-14 08:35:00,1.3162,1.31701,1.31619,1.31701,3673599853.515625
2012-02-14 08:36:00,1.31705,1.31724,1.31696,1.31711,3144400024.4140625
2012-02-14 08:37:00,1.31711,1.3173,1.31711,1.31711,2856099853.515625
2012-02-14 08:38:00,1.31711,1.31712,1.31683,1.31685,2539299926.7578125
2012-02-14 08:39:00,1.31684,1.317,1.3168,1.317,2888999938.9648438
2012-02-14 08:40:00,1.317,1.31719,1.31697,1.31698,1446300048.828125
2012-02-14 08:41:00,1.31697,1.31709,1.31689,1.31698,2203500061.0351562
2012-02-14 08:42:00,1.31698,1.31698,1.31672,1.31681,2601099853.515625
2012-02-14 08:43:00,1.3168,1.31714,1.3168,1.31713,2672999877.9296875
2012-02-14 08:44:00,1.31712,1.31713,1.31691,1.31704,2381999969.482422
2012-02-14 08:45:00,1.31701,1.31738,1.31701,1.31737,3106300048.828125
2012-02-14 08:46:00,1.31738,1.31744,1.3171,1.3171,2575000000.0
2012-02-14 08:47:00,1.3171,1.31717,1.31692,1.31701,2644800109.8632812
2012-02-14 08:48:00,1.317,1.317,1.31689,1.317,2161799926.7578125
2012-02-14 08:49:00,1.317,1.3172,1.31697,1.31711,1975500030.5175781
2012-02-14 08:50:00,1.31711,1.31723,1.31694,1.31694,2141999969.4824219
2012-02-14 08:51:00,1.31695,1.3171,1.31692,1.31703,1571900024.4140625
2012-02-14 08:52:00,1.31703,1.31712,1.31676,1.31676,1857799987.7929688
2012-02-14 08:53:00,1.31676,1.3171,1.31675,1.31699,2087899932.8613281
2012-02-14 08:54:00,1.31699,1.31708,1.31685,1.31692,1820099945.0683594
2012-02-14 08:55:00,1.31694,1.31701,1.31674,1.31694,2418500061.0351562
2012-02-14 08:56:00,1.31694,1.31708,1.31689,1.31708,1506300048.828125
2012-02-14 08:57:00,1.31708,1.31713,1.317,1.31707,1414199981.6894531
2012-02-14 08:58:00,1.31706,1.31722,1.31693,1.31717,2578500061.0351562
2012-02-14 08:59:00,1.31719,1.31721,1.31673,1.3168,2691499938.9648438
2012-02-14 09:00:00,1.31679,1.31711,1.31676,1.31707,3225100097.65625
2012-02-14 09:01:00,1.31707,1.31737,1.31701,1.31733,2549499969.482422
2012-02-14 09:02:00,1.31733,1.31745,1.3172,1.3172,2787799987.7929688
2012-02-14 09:03:00,1.31719,1.31719,1.31705,1.31711,2223899993.8964844
2012-02-14 09:04:00,1.31712,1.31728,1.31709,1.31711,1694700012.2070312
2012-02-14 09:05:00,1.31712,1.31729,1.31712,1.31719,2036999969.4824219
2012-02-14 09:06:00,1.31719,1.31727,1.31711,1.31711,1467799987.7929688
2012-02-14 09:07:00,1.31711,1.31711,1.31685,1.31703,2353800048.828125
2012-02-14 09:08:00,1.31702,1.31702,1.31684,1.31685,1833500061.0351562
2012-02-14 09:09:00,1.31685,1.31699,1.31673,1.31689,1955500030.5175781
2012-02-14 09:10:00,1.31693,1.31709,1.31656,1.31673,3341199951.171875
2012-02-14 09:11:00,1.31672,1.31681,1.31666,1.31668,2262200012.2070312
2012-02-14 09:12:00,1.31668,1.31691,1.31661,1.31671,2127899932.8613281
2012-02-14 09:13:00,1.31671,1.31687,1.31663,1.31666,2071399993.8964844
2012-02-14 09:14:00,1.31666,1.31678,1.31641,1.31642,2313300018.310547
2012-02-14 09:15:00,1.31642,1.31645,1.31629,1.31637,1651799926.7578125
2012-02-14 09:16:00,1.31637,1.31646,1.31622,1.31629,1693800048.828125
2012-02-14 09:17:00,1.3163,1.3165,1.3163,1.31641,2038899993.8964844
2012-02-14 09:18:00,1.31639,1.31641,1.31627,1.31629,1626499938.9648438
2012-02-14 09:19:00,1.31629,1.3165,1.31619,1.3165,1607599945.0683594
2012-02-14 09:20:00,1.3165,1.3167,1.31646,1.31663,2329499969.482422
2012-02-14 09:21:00,1.31663,1.3168,1.31662,1.3167,1573399963.3789062
2012-02-14 09:22:00,1.3167,1.31701,1.31669,1.3169,1366799926.7578125
2012-02-14 09:23:00,1.31689,1.31713,1.3168,1.31711,2688099975.5859375
2012-02-14 09:24:00,1.31711,1.31729,1.31705,1.31722,2112700042.7246094
2012-02-14 09:25:00,1.31724,1.31788,1.31724,1.31788,3502699890.1367188
2012-02-14 09:26:00,1.31788,1.31805,1.31767,1.31769,3357699890.1367188
2012-02-14 09:27:00,1.31769,1.31771,1.31749,1.31761,2651900024.4140625
2012-02-14 09:28:00,1.31761,1.31762,1.31731,1.31731,2022500000.0
2012-02-14 09:29:00,1.31732,1.31738,1.31712,1.31718,2607500000.0
2012-02-14 09:30:00,1.31719,1.31722,1.31679,1.31684,2870899963.3789062
2012-02-14 09:31:00,1.31684,1.317,1.31664,1.31665,2681000061.0351562
2012-02-14 09:32:00,1.31665,1.31691,1.31645,1.31685,2743399963.3789062
2012-02-14 09:33:00,1.31683,1.31686,1.31663,1.31686,1834499969.4824219
2012-02-14 09:34:00,1.31682,1.31697,1.31651,1.31651,2282599945.0683594
2012-02-14 09:35:00,1.31652,1.31663,1.31632,1.31652,3135899963.3789062
2012-02-14 09:36:00,1.31653,1.31656,1.31622,1.31636,2256999969.482422
2012-02-14 09:37:00,1.31637,1.3164,1.31592,1.31598,2809899902.34375
2012-02-14 09:38:00,1.31597,1.31627,1.31575,1.31625,2401000061.0351562
2012-02-14 09:39:00,1.31627,1.31636,1.31609,1.31636,2859800109.8632812
2012-02-14 09:40:00,1.31636,1.31649,1.31632,1.31646,2446100006.1035156
2012-02-14 09:41:00,1.31644,1.31668,1.31638,1.31665,2907999877.9296875
2012-02-14 09:42:00,1.31665,1.31685,1.31654,1.31685,2178800048.828125
2012-02-14 09:43:00,1.31686,1.31701,1.31673,1.31694,2335500030.517578
2012-02-14 09:44:00,1.31694,1.31733,1.31694,1.31733,2637900085.4492188
2012-02-14 09:45:00,1.31733,1.31767,1.31733,1.31752,2378699951.171875
2012-02-14 09:46:00,1.31755,1.31757,1.31732,1.31756,2405500030.517578
2012-02-14 09:47:00,1.31757,1.31832,1.31755,1.31821,4730700073.2421875
2012-02-14 09:48:00,1.31821,1.31836,1.3179,1.31816,3080499877.9296875
2012-02-14 09:49:00,1.31817,1.31876,1.31804,1.31864,3440700073.2421875
2012-02-14 09:50:00,1.31863,1.31888,1.31857,1.31857,2980199890.1367188
2012-02-14 09:51:00,1.31858,1.31869,1.31836,1.31846,2629400024.4140625
2012-02-14 09:52:00,1.31847,1.31873,1.31824,1.31833,2483800048.828125
2012-02-14 09:53:00,1.31836,1.3184,1.3181,1.31815,1921699981.6894531
2012-02-14 09:54:00,1.31812,1.31835,1.3181,1.31828,1643300018.3105469
2012-02-14 09:55:00,1.31829,1.31856,1.31829,1.31844,2068399963.3789062
2012-02-14 09:56:00,1.31844,1.31846,1.31837,1.31842,1541000061.0351562
2012-02-14 09:57:00,1.31842,1.31854,1.31833,1.31838,1794700012.2070312
2012-02-14 09:58:00,1.31837,1.31856,1.31837,1.31855,1945200042.7246094
2012-02-14 09:59:00,1.31855,1.31872,1.31845,1.31857,3003200073.2421875
2012-02-14 10:00:00,1.31852,1.3196,1.31847,1.31917,3941900024.4140625
2012-02-14 10:01:00,1.31918,1.32019,1.31918,1.32005,4209100036.6210938
2012-02-14 10:02:00,1.32006,1.32006,1.31963,1.31963,3176300048.828125
2012-02-14 10:03:00,1.3196,1.31966,1.31924,1.3193,3858800048.828125
2012-02-14 10:04:00,1.31926,1.31949,1.31926,1.31942,2402599945.0683594
2012-02-14 10:05:00,1.31943,1.31984,1.31943,1.31965,2579899902.34375
2012-02-14 10:06:00,1.31967,1.31973,1.31926,1.31926,1984900054.9316406
2012-02-14 10:07:00,1.31925,1.31925,1.31897,1.31915,2288899993.8964844
2012-02-14 10:08:00,1.31916,1.31935,1.31907,1.31918,2372799987.7929688
2012-02-14 10:09:00,1.31919,1.31937,1.31908,1.3192,3103500061.0351562
2012-02-14 10:10:00,1.3192,1.31921,1.31861,1.3188,3831199951.171875
2012-02-14 10:11:00,1.3188,1.31908,1.31879,1.31898,2919200134.2773438
2012-02-14 10:12:00,1.31897,1.31931,1.31895,1.3193,2289199981.689453
2012-02-14 10:13:00,1.3193,1.31953,1.31924,1.31942,2480800018.310547
2012-02-14 10:14:00,1.3194,1.31957,1.31928,1.31957,2014400024.4140625
2012-02-14 10:15:00,1.31958,1.31969,1.31945,1.31949,2380000000.0
2012-02-14 10:16:00,1.3195,1.3195,1.31941,1.31949,1672400054.9316406
2012-02-14 10:17:00,1.31951,1.31956,1.31927,1.31927,2667799987.7929688
2012-02-14 10:18:00,1.31926,1.31962,1.31919,1.31962,2229199981.689453
2012-02-14 10:19:00,1.31961,1.31998,1.31957,1.31998,3184100036.6210938
2012-02-14 10:20:00,1.32,1.3202,1.31995,1.3201,2326100006.1035156
2012-02-14 10:21:00,1.32009,1.32042,1.31999,1.32042,2527899932.861328
2012-02-14 10:22:00,1.32042,1.32105,1.32042,1.32097,2783900146.484375
2012-02-14 10:23:00,1.32097,1.32109,1.3206,1.32071,3751300048.828125
2012-02-14 10:24:00,1.32069,1.32126,1.32065,1.32126,3061600036.6210938
2012-02-14 10:25:00,1.32127,1.32141,1.32101,1.32101,2607000122.0703125
2012-02-14 10:26:00,1.32099,1.32136,1.32099,1.3212,2895199890.1367188
2012-02-14 10:27:00,1.32122,1.32122,1.32084,1.32086,2178200073.2421875
2012-02-14 10:28:00,1.32086,1.32093,1.32064,1.32089,2260299987.7929688
2012-02-14 10:29:00,1.32089,1.32128,1.32085,1.32127,2389499969.482422
2012-02-14 10:30:00,1.32128,1.32155,1.32101,1.32107,3602000122.0703125
2012-02-14 10:31:00,1.32107,1.32108,1.32068,1.32076,2581099853.515625
2012-02-14 10:32:00,1.32076,1.32076,1.32051,1.32066,3359100036.6210938
2012-02-14 10:33:00,1.32065,1.32069,1.32053,1.32053,2575100097.65625
2012-02-14 10:34:00,1.32055,1.32071,1.32037,1.32043,2740599975.5859375
2012-02-14 10:35:00,1.32043,1.32057,1.32043,1.32052,2418899993.8964844
2012-02-14 10:36:00,1.32053,1.32067,1.32039,1.32044,1646699981.6894531
2012-02-14 10:37:00,1.32044,1.3205,1.32011,1.32015,1981600036.6210938
2012-02-14 10:38:00,1.32015,1.32047,1.32015,1.32046,1663999938.9648438
2012-02-14 10:39:00,1.32046,1.32046,1.32011,1.32025,1982500000.0
2012-02-14 10:40:00,1.32025,1.32042,1.32021,1.32021,1984900054.9316406
2012-02-14 10:41:00,1.3202,1.32029,1.3201,1.3201,1963800048.828125
2012-02-14 10:42:00,1.32012,1.32047,1.32012,1.32036,2747799987.7929688
2012-02-14 10:43:00,1.32037,1.32069,1.32031,1.32051,2243500061.0351562
2012-02-14 10:44:00,1.32051,1.32057,1.32018,1.32049,2157799987.7929688
2012-02-14 10:45:00,1.32051,1.32068,1.32045,1.32061,1316900024.4140625
2012-02-14 10:46:00,1.32061,1.32064,1.32039,1.32054,1801399993.8964844
2012-02-14 10:47:00,1.32055,1.32094,1.32055,1.32085,1751600036.6210938
2012-02-14 10:48:00,1.32084,1.32091,1.32063,1.32075,2469400024.4140625
2012-02-14 10:49:00,1.32075,1.32092,1.32058,1.3207,2080899963.3789062
2012-02-14 10:50:00,1.3207,1.32099,1.3207,1.32089,2709899902.34375
2012-02-14 10:51:00,1.3209,1.32099,1.32072,1.32088,1847599945.0683594
2012-02-14 10:52:00,1.32088,1.321,1.32084,1.3209,2383399963.3789062
2012-02-14 10:53:00,1.32091,1.32097,1.3206,1.32062,2083399963.3789062
2012-02-14 10:54:00,1.32062,1.3207,1.32051,1.32066,2552299957.2753906
2012-02-14 10:55:00,1.32066,1.32068,1.32041,1.32045,1632500000.0
2012-02-14 10:56:00,1.32044,1.32051,1.32033,1.32039,1420000000.0
2012-02-14 10:57:00,1.32042,1.32052,1.32014,1.32027,3322300109.8632812
2012-02-14 10:58:00,1.32027,1.32054,1.32025,1.3205,2204499969.482422
2012-02-14 10:59:00,1.32051,1.32054,1.32026,1.32029,2337500000.0
2012-02-14 11:00:00,1.32028,1.32046,1.32027,1.32042,1634199981.6894531
2012-02-14 11:01:00,1.32044,1.32044,1.32002,1.32002,2749500122.0703125
2012-02-14 11:02:00,1.32001,1.32001,1.31967,1.31979,2927300109.8632812
2012-02-14 11:03:00,1.31979,1.31983,1.31968,1.3197,1940399932.8613281
2012-02-14 11:04:00,1.3197,1.31985,1.31968,1.31984,1262200012.2070312
2012-02-14 11:05:00,1.31987,1.32014,1.31987,1.32007,1967500000.0
2012-02-14 11:06:00,1.32004,1.32005,1.31967,1.31971,1503899993.8964844
2012-02-14 11:07:00,1.31971,1.31985,1.31969,1.31978,1755000000.0
2012-02-14 11:08:00,1.31978,1.31982,1.31947,1.31949,2086600036.6210938
2012-02-14 11:09:00,1.31949,1.31972,1.31938,1.31966,1863000030.5175781
2012-02-14 11:10:00,1.31967,1.32003,1.31967,1.32003,1528099975.5859375
2012-02-14 11:11:00,1.32003,1.3201,1.31987,1.31999,1654600067.1386719
2012-02-14 11:12:00,1.31999,1.32,1.3199,1.31993,1221800003.0517578
2012-02-14 11:13:00,1.31993,1.31994,1.31983,1.31991,1267500000.0
2012-02-14 11:14:00,1.31991,1.32023,1.31985,1.32003,2034100036.6210938
2012-02-14 11:15:00,1.32002,1.32002,1.31967,1.31975,1728899993.8964844
2012-02-14 11:16:00,1.31976,1.31988,1.31976,1.31979,1030599975.5859375
2012-02-14 11:17:00,1.31981,1.31983,1.31962,1.31971,1515800018.3105469
2012-02-14 11:18:00,1.31973,1.31991,1.31961,1.31972,1902500000.0
2012-02-14 11:19:00,1.31972,1.31987,1.31944,1.31944,1986600036.6210938
2012-02-14 11:20:00,1.31941,1.31974,1.31941,1.3195,2248600006.1035156
2012-02-14 11:21:00,1.3195,1.31953,1.31928,1.31953,1536900024.4140625
2012-02-14 11:22:00,1.31953,1.31962,1.31945,1.31945,1865200042.7246094
2012-02-14 11:23:00,1.31945,1.31945,1.31918,1.3192,2290800018.310547
2012-02-14 11:24:00,1.31918,1.3193,1.31917,1.3193,1221399993.8964844
2012-02-14 11:25:00,1.31929,1.31945,1.31927,1.31945,1876399993.8964844
2012-02-14 11:26:00,1.31945,1.3196,1.31942,1.3195,1536499938.9648438
2012-02-14 11:27:00,1.3195,1.31961,1.31943,1.31944,1224000015.258789
2012-02-14 11:28:00,1.31945,1.31958,1.31927,1.31934,1964499969.4824219
2012-02-14 11:29:00,1.31934,1.31954,1.31929,1.31952,1816300048.828125
2012-02-14 11:30:00,1.31949,1.31949,1.3193,1.31944,1349700012.2070312
2012-02-14 11:31:00,1.31944,1.31944,1.31914,1.31933,1745399932.8613281
2012-02-14 11:32:00,1.31933,1.31941,1.3193,1.31939,982699966.4306641
2012-02-14 11:33:00,1.31939,1.31952,1.31929,1.31948,1121699981.6894531
2012-02-14 11:34:00,1.31945,1.31945,1.31917,1.31936,2086199951.171875
2012-02-14 11:35:00,1.31936,1.31938,1.31923,1.31937,1526399993.8964844
2012-02-14 11:36:00,1.31937,1.31941,1.31928,1.31929,872399978.6376953
2012-02-14 11:37:00,1.31929,1.31931,1.31921,1.31929,978000030.5175781
2012-02-14 11:38:00,1.31929,1.31939,1.31925,1.31939,1473300018.3105469
2012-02-14 11:39:00,1.31939,1.3196,1.31939,1.31953,1255500030.5175781
2012-02-14 11:40:00,1.31953,1.31954,1.31934,1.31944,1201399993.8964844
2012-02-14 11:41:00,1.31944,1.31951,1.31941,1.3195,1133000030.5175781
2012-02-14 11:42:00,1.3195,1.31981,1.3195,1.3197,1836999969.4824219
2012-02-14 11:43:00,1.31968,1.32003,1.31968,1.32003,1408399963.3789062
2012-02-14 11:44:00,1.32003,1.3202,1.31995,1.32006,2025700073.2421875
2012-02-14 11:45:00,1.32005,1.32024,1.32005,1.32024,1085800018.3105469
2012-02-14 11:46:00,1.32024,1.32039,1.32018,1.32037,1777500000.0
2012-02-14 11:47:00,1.32037,1.32042,1.3203,1.32034,1371900024.4140625
2012-02-14 11:48:00,1.32033,1.32035,1.31989,1.3199,1556799926.7578125
2012-02-14 11:49:00,1.31991,1.32015,1.31991,1.32009,1256999969.4824219
2012-02-14 11:50:00,1.32008,1.32017,1.31994,1.32015,2020599975.5859375
2012-02-14 11:51:00,1.32014,1.32014,1.31985,1.31988,1574199981.6894531
2012-02-14 11:52:00,1.31988,1.31988,1.31978,1.31988,1279199981.6894531
2012-02-14 11:53:00,1.31987,1.31991,1.31968,1.31969,2756099853.515625
2012-02-14 11:54:00,1.31969,1.31973,1.31951,1.31973,2668099975.5859375
2012-02-14 11:55:00,1.31973,1.31976,1.31956,1.31971,2593500061.0351562
2012-02-14 11:56:00,1.3197,1.3198,1.31968,1.31971,1786000061.0351562
2012-02-14 11:57:00,1.31971,1.31989,1.31971,1.31974,1888800048.828125
2012-02-14 11:58:00,1.31975,1.31992,1.31975,1.31988,785299987.7929688
2012-02-14 11:59:00,1.3199,1.3199,1.31933,1.31935,2380500030.517578
2012-02-14 12:00:00,1.31935,1.31958,1.31928,1.31934,2556300048.828125
2012-02-14 12:01:00,1.31934,1.31946,1.31912,1.31946,1770800018.3105469
2012-02-14 12:02:00,1.31945,1.31945,1.31916,1.31926,1898999938.9648438
2012-02-14 12:03:00,1.31928,1.31932,1.31922,1.31926,1351999969.4824219
2012-02-14 12:04:00,1.31928,1.31929,1.31912,1.31914,1501100006.1035156
2012-02-14 12:05:00,1.31915,1.31919,1.31899,1.31908,1801900024.4140625
2012-02-14 12:06:00,1.31908,1.31927,1.31904,1.31904,1524900054.9316406
2012-02-14 12:07:00,1.31904,1.31914,1.31885,1.31901,2397500000.0
2012-02-14 12:08:00,1.31901,1.31913,1.31888,1.31894,2665400085.4492188
2012-02-14 12:09:00,1.31892,1.3191,1.3189,1.31905,1518999938.9648438
2012-02-14 12:10:00,1.31905,1.3193,1.31905,1.31921,1302500000.0
2012-02-14 12:11:00,1.31922,1.31922,1.31909,1.31918,1630399932.8613281
2012-02-14 12:12:00,1.31918,1.31925,1.31914,1.31925,941399993.8964844
2012-02-14 12:13:00,1.31926,1.31933,1.31923,1.31933,737500000.0
2012-02-14 12:14:00,1.31933,1.31934,1.31931,1.31933,379799995.4223633
2012-02-14 12:15:00,1.31933,1.31933,1.31913,1.31932,1452400054.9316406
2012-02-14 12:16:00,1.3193,1.31951,1.31929,1.31942,1599499969.4824219
2012-02-14 12:17:00,1.31942,1.31943,1.3193,1.3194,1646999969.4824219
2012-02-14 12:18:00,1.31939,1.3194,1.31925,1.3194,1050299987.7929688
2012-02-14 12:19:00,1.3194,1.3194,1.31905,1.31907,2171699981.689453
2012-02-14 12:20:00,1.31908,1.31943,1.31908,1.3194,1595700073.2421875
2012-02-14 12:21:00,1.3194,1.3194,1.31922,1.31933,1228700027.4658203
2012-02-14 12:22:00,1.31933,1.31957,1.31928,1.31957,1621000061.0351562
2012-02-14 12:23:00,1.31958,1.31974,1.31958,1.31963,1708699951.171875
2012-02-14 12:24:00,1.31963,1.31973,1.31944,1.31962,2565799865.7226562
2012-02-14 12:25:00,1.3196,1.31964,1.31943,1.31951,1423600006.1035156
2012-02-14 12:26:00,1.31951,1.31961,1.3195,1.31952,1320399932.8613281
2012-02-14 12:27:00,1.31952,1.31955,1.3194,1.31944,1546100006.1035156
2012-02-14 12:28:00,1.31944,1.31982,1.31942,1.31981,1761199951.171875
2012-02-14 12:29:00,1.31981,1.31983,1.31964,1.31978,1850500030.5175781
2012-02-14 12:30:00,1.3198,1.3198,1.31952,1.31962,1582200012.2070312
2012-02-14 12:31:00,1.31962,1.31973,1.31957,1.31962,1399499969.4824219
2012-02-14 12:32:00,1.31962,1.31983,1.31961,1.31981,1642700042.7246094
2012-02-14 12:33:00,1.31981,1.31991,1.31968,1.31969,2333399963.3789062
2012-02-14 12:34:00,1.31969,1.31969,1.31929,1.31929,1391799926.7578125
2012-02-14 12:35:00,1.31933,1.31943,1.31929,1.31934,1870200042.7246094
2012-02-14 12:36:00,1.31933,1.31957,1.3193,1.31952,2274199981.689453
2012-02-14 12:37:00,1.31949,1.31954,1.31934,1.31945,2424199981.689453
2012-02-14 12:38:00,1.31945,1.31954,1.31942,1.31952,1471600036.6210938
2012-02-14 12:39:00,1.31953,1.31961,1.31948,1.31948,1285800018.3105469
2012-02-14 12:40:00,1.31947,1.31947,1.31925,1.31927,1772400054.9316406
2012-02-14 12:41:00,1.31927,1.31929,1.31895,1.31902,2117799987.7929688
2012-02-14 12:42:00,1.31902,1.3191,1.31898,1.31909,1896100006.1035156
2012-02-14 12:43:00,1.31909,1.3191,1.31878,1.31883,1646100006.1035156
2012-02-14 12:44:00,1.31878,1.31898,1.31875,1.31889,2677600097.65625
2012-02-14 12:45:00,1.31889,1.31901,1.31878,1.31879,1858600006.1035156
2012-02-14 12:46:00,1.31875,1.31876,1.31833,1.31837,2059499969.4824219
2012-02-14 12:47:00,1.31839,1.31839,1.31798,1.31798,2555200042.7246094
2012-02-14 12:48:00,1.31798,1.31813,1.31785,1.31788,2459100036.6210938
2012-02-14 12:49:00,1.31789,1.31794,1.31774,1.31778,2951700134.2773438
2012-02-14 12:50:00,1.31778,1.31792,1.31768,1.31784,2923399963.3789062
2012-02-14 12:51:00,1.31783,1.3179,1.31767,1.3177,2302700042.7246094
2012-02-14 12:52:00,1.3177,1.31784,1.31764,1.31772,1939299926.7578125
2012-02-14 12:53:00,1.31771,1.31792,1.31768,1.31784,2758299865.7226562
2012-02-14 12:54:00,1.31783,1.31804,1.31773,1.31804,2030399932.8613281
2012-02-14 12:55:00,1.31804,1.31812,1.31793,1.318,1759100036.6210938
2012-02-14 12:56:00,1.318,1.3182,1.318,1.31811,1630700073.2421875
2012-02-14 12:57:00,1.31811,1.3182,1.31804,1.31819,1497299957.2753906
2012-02-14 12:58:00,1.31819,1.31825,1.31819,1.31822,922300033.5693359
2012-02-14 12:59:00,1.31822,1.31822,1.3181,1.3181,755599975.5859375
2012-02-14 13:00:00,1.31808,1.31808,1.3177,1.31774,2092899932.8613281
2012-02-14 13:01:00,1.31774,1.31775,1.31745,1.3175,1752100067.1386719
2012-02-14 13:02:00,1.31751,1.31765,1.31731,1.31731,2500599975.5859375
2012-02-14 13:03:00,1.31731,1.31743,1.31729,1.3174,2220200042.7246094
2012-02-14 13:04:00,1.3174,1.31742,1.31699,1.31699,2731499938.9648438
2012-02-14 13:05:00,1.31701,1.31713,1.31683,1.31713,2376999969.482422
2012-02-14 13:06:00,1.31713,1.31733,1.31713,1.31725,2834299926.7578125
2012-02-14 13:07:00,1.31723,1.31727,1.3171,1.31713,2083000030.5175781
2012-02-14 13:08:00,1.31712,1.31736,1.31711,1.31729,2412799987.7929688
2012-02-14 13:09:00,1.31728,1.3173,1.31713,1.31719,1698200073.2421875
2012-02-14 13:10:00,1.3172,1.31721,1.31669,1.31677,2734800109.8632812
2012-02-14 13:11:00,1.31673,1.31681,1.3166,1.31665,2668599853.515625
2012-02-14 13:12:00,1.31667,1.31673,1.31642,1.31649,2505599975.5859375
2012-02-14 13:13:00,1.3165,1.3165,1.31616,1.31617,3197699890.1367188
2012-02-14 13:14:00,1.31614,1.3167,1.31611,1.3167,3591900024.4140625
2012-02-14 13:15:00,1.31671,1.31683,1.31657,1.31658,3560199890.1367188
2012-02-14 13:16:00,1.31658,1.31664,1.31641,1.31645,3238699951.171875
2012-02-14 13:17:00,1.31645,1.31656,1.31642,1.31649,2283800048.828125
2012-02-14 13:18:00,1.3165,1.31664,1.31648,1.31658,2136100006.1035156
2012-02-14 13:19:00,1.31658,1.31679,1.31658,1.31676,2155700073.2421875
2012-02-14 13:20:00,1.31675,1.31681,1.31668,1.31673,1469400024.4140625
2012-02-14 13:21:00,1.31671,1.31681,1.31654,1.31656,1949100036.6210938
2012-02-14 13:22:00,1.31657,1.31662,1.31649,1.31652,1978600006.1035156
2012-02-14 13:23:00,1.31652,1.31661,1.31643,1.31648,2069299926.7578125
2012-02-14 13:24:00,1.31648,1.31652,1.31631,1.3164,1768300018.3105469
2012-02-14 13:25:00,1.31642,1.31645,1.31638,1.31639,1593699951.171875
2012-02-14 13:26:00,1.31639,1.31662,1.31632,1.31662,2027599945.0683594
2012-02-14 13:27:00,1.31661,1.31669,1.31652,1.31669,1745099945.0683594
2012-02-14 13:28:00,1.31669,1.31676,1.31659,1.31676,1691600036.6210938
2012-02-14 13:29:00,1.31677,1.31711,1.31676,1.31701,2437299957.2753906
2012-02-14 13:30:00,1.317,1.31701,1.31639,1.31639,3869100036.6210938
2012-02-14 13:31:00,1.31641,1.31642,1.31566,1.31566,2982699890.1367188
2012-02-14 13:32:00,1.31565,1.31583,1.3155,1.31567,3243099975.5859375
2012-02-14 13:33:00,1.31567,1.31573,1.31512,1.31521,3313200073.2421875
2012-02-14 13:34:00,1.31525,1.3157,1.31524,1.31568,4359700012.207031
2012-02-14 13:35:00,1.31566,1.31576,1.31543,1.31565,3086400146.484375
2012-02-14 13:36:00,1.31565,1.31577,1.31533,1.31553,2583399963.3789062
2012-02-14 13:37:00,1.31553,1.31581,1.31553,1.31576,2197200012.2070312
2012-02-14 13:38:00,1.31575,1.31599,1.31575,1.31587,2867999877.9296875
2012-02-14 13:39:00,1.31586,1.31615,1.31579,1.31615,3092300109.8632812
2012-02-14 13:40:00,1.31614,1.31614,1.31559,1.31568,2399199981.689453
2012-02-14 13:41:00,1.31567,1.31568,1.3154,1.31548,1959400024.4140625
2012-02-14 13:42:00,1.31547,1.31551,1.3154,1.31545,1574799957.2753906
2012-02-14 13:43:00,1.31545,1.31546,1.315,1.31501,2736700134.2773438
2012-02-14 13:44:00,1.31503,1.31522,1.31456,1.31456,3429700012.2070312
2012-02-14 13:45:00,1.31454,1.31483,1.31452,1.31469,2697900085.4492188
2012-02-14 13:46:00,1.31469,1.31493,1.31467,1.31474,2418699951.171875
2012-02-14 13:47:00,1.31473,1.31497,1.31434,1.31436,3544700012.2070312
2012-02-14 13:48:00,1.31434,1.31434,1.31393,1.31426,3892399902.34375
2012-02-14 13:49:00,1.31427,1.31489,1.31427,1.31481,3730599975.5859375
2012-02-14 13:50:00,1.3148,1.3148,1.31437,1.31474,3526799926.7578125
2012-02-14 13:51:00,1.31473,1.31476,1.31449,1.31465,2754599914.5507812
2012-02-14 13:52:00,1.31465,1.31505,1.31464,1.31505,3697300109.8632812
2012-02-14 13:53:00,1.31504,1.31522,1.31489,1.3152,3022699890.1367188
2012-02-14 13:54:00,1.31519,1.31539,1.31512,1.31516,3276499938.9648438
2012-02-14 13:55:00,1.31512,1.31519,1.31458,1.31461,2674899902.34375
2012-02-14 13:56:00,1.31461,1.31516,1.31461,1.31516,2150500030.517578
2012-02-14 13:57:00,1.31517,1.31555,1.31517,1.31536,2971499938.9648438
2012-02-14 13:58:00,1.31536,1.31554,1.3153,1.31533,2687500000.0
2012-02-14 13:59:00,1.31537,1.31558,1.3151,1.31558,2818200073.2421875
2012-02-14 14:00:00,1.31559,1.31564,1.31551,1.31552,1276200027.4658203
2012-02-14 14:01:00,1.31553,1.3156,1.31521,1.31525,2437299957.2753906
2012-02-14 14:02:00,1.31525,1.31529,1.31452,1.31463,2544499969.482422
2012-02-14 14:03:00,1.31466,1.31478,1.31456,1.31475,2551699981.689453
2012-02-14 14:04:00,1.31474,1.31474,1.31452,1.3147,2347400054.9316406
2012-02-14 14:05:00,1.3147,1.31497,1.3147,1.31497,2070800018.3105469
2012-02-14 14:06:00,1.31498,1.31551,1.31498,1.31543,2050700073.2421875
2012-02-14 14:07:00,1.3154,1.3156,1.31532,1.31556,2704599914.5507812
2012-02-14 14:08:00,1.31555,1.31558,1.31539,1.31539,2283800048.828125
2012-02-14 14:09:00,1.31539,1.31551,1.31532,1.31534,1809499969.4824219
2012-02-14 14:10:00,1.31534,1.31551,1.31533,1.31549,1465399932.8613281
2012-02-14 14:11:00,1.31549,1.31579,1.31547,1.31579,2240599975.5859375
2012-02-14 14:12:00,1.31579,1.3161,1.31579,1.31603,2236199951.171875
2012-02-14 14:13:00,1.31603,1.3163,1.316,1.31623,2876099853.515625
2012-02-14 14:14:00,1.31623,1.31641,1.31619,1.31621,2373099975.5859375
2012-02-14 14:15:00,1.31623,1.3164,1.31609,1.31611,3097799987.7929688
2012-02-14 14:16:00,1.31615,1.31633,1.31606,1.31606,2807099914.5507812
2012-02-14 14:17:00,1.31606,1.31606,1.31588,1.31588,1611100006.1035156
2012-02-14 14:18:00,1.31588,1.31598,1.31579,1.31585,2563599853.515625
2012-02-14 14:19:00,1.31585,1.31587,1.31565,1.31572,2144199981.6894531
2012-02-14 14:20:00,1.31572,1.31572,1.31566,1.31569,1226399993.8964844
2012-02-14 14:21:00,1.31569,1.31598,1.31569,1.31598,1708899993.8964844
2012-02-14 14:22:00,1.316,1.31632,1.31598,1.31628,2118899993.8964844
2012-02-14 14:23:00,1.31629,1.31653,1.31628,1.31644,2679299926.7578125
2012-02-14 14:24:00,1.31645,1.31654,1.3163,1.31634,2387200012.2070312
2012-02-14 14:25:00,1.31633,1.31634,1.31609,1.31624,1969900054.9316406
2012-02-14 14:26:00,1.31626,1.31637,1.31618,1.31622,2025099945.0683594
2012-02-14 14:27:00,1.31618,1.31618,1.31599,1.31604,1231100006.1035156
2012-02-14 14:28:00,1.31605,1.3161,1.3159,1.31599,2159499969.482422
2012-02-14 14:29:00,1.31601,1.31635,1.31601,1.31631,1926499938.9648438
2012-02-14 14:30:00,1.31632,1.3166,1.31609,1.31644,2904899902.34375
2012-02-14 14:31:00,1.31642,1.31663,1.31634,1.31661,2711000061.0351562
2012-02-14 14:32:00,1.31662,1.31692,1.31655,1.31681,3015899963.3789062
2012-02-14 14:33:00,1.31682,1.31688,1.31674,1.31684,2416399993.8964844
2012-02-14 14:34:00,1.31685,1.31691,1.31664,1.31664,2438999938.9648438
2012-02-14 14:35:00,1.31663,1.31681,1.31661,1.31661,2751799926.7578125
2012-02-14 14:36:00,1.31661,1.31682,1.31659,1.31679,2275200042.7246094
2012-02-14 14:37:00,1.31677,1.31683,1.31641,1.31651,1977799987.7929688
2012-02-14 14:38:00,1.31652,1.3168,1.31652,1.31661,2283300018.310547
2012-02-14 14:39:00,1.31662,1.3168,1.31649,1.3168,2249700012.2070312
2012-02-14 14:40:00,1.3168,1.31722,1.31678,1.31705,2983800048.828125
2012-02-14 14:41:00,1.31704,1.31707,1.31679,1.31698,2993200073.2421875
2012-02-14 14:42:00,1.31699,1.31718,1.3169,1.31711,3000899963.3789062
2012-02-14 14:43:00,1.31712,1.31723,1.31703,1.31703,2754200134.2773438
2012-02-14 14:44:00,1.31702,1.31711,1.31688,1.31711,2415899963.3789062
2012-02-14 14:45:00,1.31711,1.31765,1.31711,1.31763,3260000000.0
2012-02-14 14:46:00,1.31763,1.31778,1.31731,1.31733,3072699890.1367188
2012-02-14 14:47:00,1.31734,1.31758,1.31731,1.31739,2659599914.5507812
2012-02-14 14:48:00,1.3174,1.31749,1.31731,1.31733,1971100006.1035156
2012-02-14 14:49:00,1.3173,1.3175,1.31729,1.31739,2448999938.9648438
2012-02-14 14:50:00,1.31739,1.31758,1.31729,1.31755,2622200012.2070312
2012-02-14 14:51:00,1.31756,1.31758,1.31725,1.31733,2645299987.7929688
2012-02-14 14:52:00,1.31733,1.31751,1.31725,1.31741,3064500122.0703125
2012-02-14 14:53:00,1.31741,1.31741,1.31707,1.31718,2596700134.2773438
2012-02-14 14:54:00,1.31715,1.3172,1.31696,1.31697,2330700073.2421875
2012-02-14 14:55:00,1.31699,1.31699,1.31624,1.31627,4042099914.5507812
2012-02-14 14:56:00,1.31627,1.31651,1.31619,1.31639,2965000000.0
2012-02-14 14:57:00,1.31638,1.31645,1.31615,1.31621,2359299926.7578125
2012-02-14 14:58:00,1.31621,1.31632,1.31617,1.31621,1788399963.3789062
2012-02-14 14:59:00,1.31619,1.3162,1.31587,1.31589,2878399963.3789062
2012-02-14 15:00:00,1.31589,1.31628,1.31589,1.31615,2817099914.5507812
2012-02-14 15:01:00,1.31616,1.3162,1.31593,1.31609,1906399993.8964844
2012-02-14 15:02:00,1.31609,1.31609,1.3158,1.31583,2662999877.9296875
2012-02-14 15:03:00,1.31581,1.31586,1.31535,1.31551,3335299987.7929688
2012-02-14 15:04:00,1.3155,1.31561,1.31525,1.31558,3429100036.6210938
2012-02-14 15:05:00,1.31555,1.31563,1.31523,1.31523,3027300109.8632812
2012-02-14 15:06:00,1.31524,1.31563,1.31522,1.31556,3283699951.171875
2012-02-14 15:07:00,1.31556,1.31571,1.31536,1.31542,2784800109.8632812
2012-02-14 15:08:00,1.31542,1.31553,1.31517,1.31531,3056199951.171875
2012-02-14 15:09:00,1.31531,1.31538,1.31499,1.31508,3519500122.0703125
2012-02-14 15:10:00,1.31511,1.31517,1.3148,1.31506,3377699890.1367188
2012-02-14 15:11:00,1.31507,1.31553,1.31507,1.31524,3544200134.2773438
2012-02-14 15:12:00,1.31524,1.31526,1.31492,1.3152,3269599914.5507812
2012-02-14 15:13:00,1.31522,1.31557,1.31522,1.31553,2514499969.482422
2012-02-14 15:14:00,1.31553,1.31583,1.31553,1.3158,2684200134.2773438
2012-02-14 15:15:00,1.3158,1.31585,1.3157,1.31573,2768800048.828125
2012-02-14 15:16:00,1.31573,1.31577,1.31534,1.31555,2746400146.484375
2012-02-14 15:17:00,1.31556,1.31556,1.31528,1.31542,2323500061.0351562
2012-02-14 15:18:00,1.31543,1.31584,1.31534,1.31579,2534600067.138672
2012-02-14 15:19:00,1.31577,1.31592,1.31552,1.31553,3063299865.7226562
2012-02-14 15:20:00,1.31553,1.31601,1.31553,1.31591,2899100036.6210938
2012-02-14 15:21:00,1.31591,1.3162,1.31571,1.31571,2997600097.65625
2012-02-14 15:22:00,1.3157,1.31584,1.31555,1.31568,3103800048.828125
2012-02-14 15:23:00,1.31567,1.3163,1.31567,1.31618,3483900146.484375
2012-02-14 15:24:00,1.31616,1.31631,1.31607,1.3162,2415399932.861328
2012-02-14 15:25:00,1.3162,1.3163,1.31585,1.3163,2596199951.171875
2012-02-14 15:26:00,1.3163,1.31643,1.31624,1.31636,2888999938.9648438
2012-02-14 15:27:00,1.31636,1.3164,1.31628,1.31628,2532799987.7929688
2012-02-14 15:28:00,1.31626,1.31639,1.3162,1.31634,2390399932.861328
2012-02-14 15:29:00,1.31632,1.31643,1.3163,1.31634,2193999938.9648438
2012-02-14 15:30:00,1.31634,1.31636,1.31581,1.31585,3119599914.5507812
2012-02-14 15:31:00,1.31586,1.31603,1.3154,1.3154,3444200134.2773438
2012-02-14 15:32:00,1.3154,1.31557,1.31526,1.31555,2755400085.4492188
2012-02-14 15:33:00,1.31555,1.31596,1.31554,1.31581,2813500061.0351562
2012-02-14 15:34:00,1.31579,1.3159,1.31561,1.31581,2361300048.828125
2012-02-14 15:35:00,1.31581,1.31583,1.31537,1.31555,3038200073.2421875
2012-02-14 15:36:00,1.31558,1.31559,1.31532,1.31553,2987500000.0
2012-02-14 15:37:00,1.31553,1.31559,1.3153,1.31559,2789800109.8632812
2012-02-14 15:38:00,1.31561,1.31566,1.31515,1.31518,2786900024.4140625
2012-02-14 15:39:00,1.31517,1.31521,1.31469,1.31476,3817500000.0
2012-02-14 15:40:00,1.31473,1.31497,1.31469,1.31497,2473999938.9648438
2012-02-14 15:41:00,1.31498,1.31501,1.31442,1.31468,2933900146.484375
2012-02-14 15:42:00,1.31468,1.31473,1.3145,1.31473,2550800018.310547
2012-02-14 15:43:00,1.31473,1.31499,1.31462,1.31472,2207700042.7246094
2012-02-14 15:44:00,1.31474,1.31488,1.31471,1.31478,2581900024.4140625
2012-02-14 15:45:00,1.31478,1.31507,1.31478,1.31482,2551100006.1035156
2012-02-14 15:46:00,1.31482,1.3151,1.31482,1.315,2774200134.2773438
2012-02-14 15:47:00,1.31501,1.31503,1.31451,1.31451,1904700012.2070312
2012-02-14 15:48:00,1.3145,1.31461,1.3144,1.31441,2552799987.7929688
2012-02-14 15:49:00,1.31442,1.31449,1.3144,1.31448,2294400024.4140625
2012-02-14 15:50:00,1.31449,1.31453,1.31408,1.31423,2927099914.5507812
2012-02-14 15:51:00,1.31424,1.31434,1.31421,1.31432,2222100067.138672
2012-02-14 15:52:00,1.31435,1.3144,1.31424,1.3144,3248299865.7226562
2012-02-14 15:53:00,1.31438,1.31438,1.31399,1.31401,2845599975.5859375
2012-02-14 15:54:00,1.314,1.31411,1.31391,1.31403,3291499938.9648438
2012-02-14 15:55:00,1.31407,1.31407,1.31358,1.31376,3438099975.5859375
2012-02-14 15:56:00,1.31378,1.31381,1.31338,1.31346,3581000061.0351562
2012-02-14 15:57:00,1.31346,1.31357,1.31309,1.31314,3816300048.828125
2012-02-14 15:58:00,1.31313,1.31331,1.31278,1.31322,4373900146.484375
2012-02-14 15:59:00,1.31323,1.31331,1.31297,1.31306,3415299987.7929688
2012-02-14 16:00:00,1.31307,1.31314,1.31298,1.31302,3246099853.515625
2012-02-14 16:01:00,1.31303,1.31337,1.31303,1.31337,2141799926.7578125
2012-02-14 16:02:00,1.31338,1.31362,1.31338,1.3134,2634100036.6210938
2012-02-14 16:03:00,1.3134,1.31371,1.3134,1.31369,2247200012.2070312
2012-02-14 16:04:00,1.31368,1.3137,1.3133,1.31346,2207200012.2070312
2012-02-14 16:05:00,1.31349,1.31353,1.31331,1.31343,2394799957.2753906
2012-02-14 16:06:00,1.31343,1.31343,1.31329,1.31332,1647899932.8613281
2012-02-14 16:07:00,1.31333,1.31369,1.31331,1.31363,2298300018.310547
2012-02-14 16:08:00,1.31362,1.31406,1.31358,1.31393,2918800048.828125
2012-02-14 16:09:00,1.3139,1.31403,1.3138,1.31403,2419299926.7578125
2012-02-14 16:10:00,1.31403,1.31403,1.31387,1.31388,2218699951.171875
2012-02-14 16:11:00,1.3139,1.31392,1.31383,1.31389,1398200073.2421875
2012-02-14 16:12:00,1.31389,1.31391,1.31339,1.3134,2945599975.5859375
2012-02-14 16:13:00,1.31341,1.3136,1.31327,1.3134,2169600067.138672
2012-02-14 16:14:00,1.31342,1.31357,1.31334,1.31357,1658200073.2421875
2012-02-14 16:15:00,1.31358,1.31373,1.31358,1.31369,2031900024.4140625
2012-02-14 16:16:00,1.31369,1.31372,1.31345,1.31357,2785700073.2421875
2012-02-14 16:17:00,1.31359,1.31371,1.31347,1.31363,2090399932.8613281
2012-02-14 16:18:00,1.31362,1.31401,1.31351,1.314,2657300109.8632812
2012-02-14 16:19:00,1.31401,1.3141,1.31393,1.31396,2648200073.2421875
2012-02-14 16:20:00,1.31395,1.31403,1.31391,1.31392,1764299926.7578125
2012-02-14 16:21:00,1.31392,1.31408,1.31391,1.31403,1480800018.3105469
2012-02-14 16:22:00,1.31403,1.3141,1.314,1.31402,1971300048.828125
2012-02-14 16:23:00,1.31402,1.31411,1.31379,1.31384,1899700012.2070312
2012-02-14 16:24:00,1.31382,1.31382,1.31346,1.31352,1685200042.7246094
2012-02-14 16:25:00,1.31352,1.31365,1.31331,1.31365,2083200073.2421875
2012-02-14 16:26:00,1.31365,1.3138,1.31358,1.3138,1754299926.7578125
2012-02-14 16:27:00,1.3138,1.31385,1.31356,1.31378,1675500030.5175781
2012-02-14 16:28:00,1.3138,1.31409,1.31379,1.31381,2122500000.0
2012-02-14 16:29:00,1.31381,1.31408,1.31381,1.31398,1783600006.1035156
2012-02-14 16:30:00,1.31397,1.31437,1.3139,1.31432,2463699951.171875
2012-02-14 16:31:00,1.31429,1.31464,1.31419,1.31456,2655700073.2421875
2012-02-14 16:32:00,1.31457,1.31461,1.3144,1.31441,1937899932.8613281
2012-02-14 16:33:00,1.31441,1.31451,1.31435,1.31435,1650899963.3789062
2012-02-14 16:34:00,1.31434,1.31441,1.31422,1.31422,1416699981.6894531
2012-02-14 16:35:00,1.31422,1.31442,1.31412,1.31442,2178699951.171875
2012-02-14 16:36:00,1.31445,1.31462,1.31442,1.31462,1715399932.8613281
2012-02-14 16:37:00,1.31461,1.31484,1.31461,1.31475,1567700042.7246094
2012-02-14 16:38:00,1.31474,1.31477,1.31467,1.3147,2417500000.0
2012-02-14 16:39:00,1.3147,1.31472,1.31468,1.31468,1195400009.1552734
2012-02-14 16:40:00,1.31468,1.31479,1.31458,1.31469,1605500030.5175781
2012-02-14 16:41:00,1.31469,1.31469,1.31438,1.31438,2226799926.7578125
2012-02-14 16:42:00,1.31438,1.3144,1.31429,1.3143,855999984.7412109
2012-02-14 16:43:00,1.31431,1.31442,1.31431,1.31432,1605299987.7929688
2012-02-14 16:44:00,1.31433,1.31446,1.31432,1.31444,1229700012.2070312
2012-02-14 16:45:00,1.31444,1.31447,1.31428,1.31436,1783999938.9648438
2012-02-14 16:46:00,1.31436,1.31473,1.31433,1.31473,2024700012.2070312
2012-02-14 16:47:00,1.31476,1.31503,1.31476,1.31498,2061600036.6210938
2012-02-14 16:48:00,1.31498,1.31529,1.31498,1.31524,2920700073.2421875
2012-02-14 16:49:00,1.31524,1.31537,1.3152,1.3153,1712899932.8613281
2012-02-14 16:50:00,1.3153,1.31545,1.31521,1.31525,2270000000.0
2012-02-14 16:51:00,1.31524,1.3156,1.31524,1.3156,2186300048.828125
2012-02-14 16:52:00,1.31559,1.31564,1.31548,1.3155,3072399902.34375
2012-02-14 16:53:00,1.3155,1.31551,1.3153,1.31542,2061399993.8964844
2012-02-14 16:54:00,1.31542,1.31543,1.31506,1.31506,1990399932.8613281
2012-02-14 16:55:00,1.31505,1.31505,1.31438,1.31473,3472200012.2070312
2012-02-14 16:56:00,1.31476,1.31485,1.31441,1.31442,2733599853.515625
2012-02-14 16:57:00,1.31443,1.31466,1.31443,1.31451,2238300018.310547
2012-02-14 16:58:00,1.31451,1.31462,1.31429,1.31462,2343000030.517578
2012-02-14 16:59:00,1.31463,1.31491,1.31463,1.31481,2412599945.0683594
2012-02-14 17:00:00,1.31481,1.31493,1.31468,1.3147,1830299987.7929688
2012-02-14 17:01:00,1.3147,1.31478,1.31463,1.31463,2345899963.3789062
2012-02-14 17:02:00,1.31462,1.31462,1.31448,1.3146,1239400024.4140625
2012-02-14 17:03:00,1.3146,1.3148,1.3146,1.3148,1463899993.8964844
2012-02-14 17:04:00,1.31481,1.31487,1.3147,1.31484,1586199951.171875
2012-02-14 17:05:00,1.31485,1.31487,1.31452,1.31455,1875599975.5859375
2012-02-14 17:06:00,1.31455,1.31462,1.31443,1.31446,2801700134.2773438
2012-02-14 17:07:00,1.31446,1.31449,1.31399,1.31403,2591300048.828125
2012-02-14 17:08:00,1.31401,1.31427,1.314,1.31426,1615399932.8613281
2012-02-14 17:09:00,1.31424,1.31428,1.31419,1.31428,1423800048.828125
2012-02-14 17:10:00,1.31428,1.31428,1.31394,1.31398,1694499969.4824219
2012-02-14 17:11:00,1.31399,1.3142,1.31399,1.31416,1002900009.1552734
2012-02-14 17:12:00,1.31416,1.31421,1.31394,1.31398,1774799957.2753906
2012-02-14 17:13:00,1.31398,1.3141,1.31385,1.31407,1552799987.7929688
2012-02-14 17:14:00,1.31407,1.31407,1.31392,1.31397,898099975.5859375
2012-02-14 17:15:00,1.31396,1.31396,1.31365,1.3137,1330399932.8613281
2012-02-14 17:16:00,1.31369,1.31402,1.31369,1.31401,1678600006.1035156
2012-02-14 17:17:00,1.31402,1.31404,1.31389,1.31401,1838500061.0351562
2012-02-14 17:18:00,1.31399,1.31402,1.31392,1.31396,810899963.3789062
2012-02-14 17:19:00,1.31398,1.31467,1.31398,1.31457,1843999938.9648438
2012-02-14 17:20:00,1.31458,1.31461,1.31451,1.31452,1707899932.8613281
2012-02-14 17:21:00,1.31452,1.31459,1.31442,1.31456,1668899993.8964844
2012-02-14 17:22:00,1.31455,1.31477,1.31455,1.31465,1507299957.2753906
2012-02-14 17:23:00,1.31466,1.31473,1.31434,1.31434,1580899963.3789062
2012-02-14 17:24:00,1.31434,1.31451,1.31422,1.31439,1773099975.5859375
2012-02-14 17:25:00,1.31441,1.31449,1.31412,1.31418,1798399963.3789062
2012-02-14 17:26:00,1.31417,1.31424,1.314,1.31402,1111100006.1035156
2012-02-14 17:27:00,1.314,1.31429,1.31397,1.31426,1666900024.4140625
2012-02-14 17:28:00,1.31425,1.31425,1.31409,1.31419,1198099975.5859375
2012-02-14 17:29:00,1.31419,1.31426,1.31409,1.3142,1368699951.171875
2012-02-14 17:30:00,1.31424,1.31429,1.31413,1.31423,1340500030.5175781
2012-02-14 17:31:00,1.31424,1.31447,1.31423,1.31442,1500800018.3105469
2012-02-14 17:32:00,1.31443,1.31451,1.31435,1.31441,1898000030.5175781
2012-02-14 17:33:00,1.31441,1.31461,1.31441,1.31458,1980899963.3789062
2012-02-14 17:34:00,1.31459,1.31477,1.31452,1.31472,1709600067.1386719
2012-02-14 17:35:00,1.31471,1.31476,1.3147,1.31473,1691600036.6210938
2012-02-14 17:36:00,1.31474,1.31479,1.3147,1.31476,1768899993.8964844
2012-02-14 17:37:00,1.31476,1.31479,1.31454,1.31463,2378899993.8964844
2012-02-14 17:38:00,1.31463,1.31465,1.3143,1.31432,1413399963.3789062
2012-02-14 17:39:00,1.31432,1.3144,1.31378,1.31379,2076699981.6894531
2012-02-14 17:40:00,1.31379,1.31389,1.31336,1.31359,2454499969.482422
2012-02-14 17:41:00,1.3136,1.31366,1.3136,1.31363,1015199966.4306641
2012-02-14 17:42:00,1.31363,1.31364,1.31342,1.31361,2416699981.689453
2012-02-14 17:43:00,1.31361,1.31364,1.3134,1.3135,1039899978.6376953
2012-02-14 17:44:00,1.31349,1.3136,1.31328,1.3134,1945500030.5175781
2012-02-14 17:45:00,1.31341,1.3135,1.31338,1.3135,573800010.6811523
2012-02-14 17:46:00,1.3135,1.31351,1.31345,1.31349,1051600036.6210938
2012-02-14 17:47:00,1.31349,1.31378,1.31343,1.31374,1654299926.7578125
2012-02-14 17:48:00,1.31374,1.31379,1.31359,1.31359,1788399963.3789062
2012-02-14 17:49:00,1.31358,1.31362,1.31351,1.31362,1071699981.6894531
2012-02-14 17:50:00,1.31361,1.31362,1.31341,1.31351,1406699981.6894531
2012-02-14 17:51:00,1.3135,1.31357,1.31349,1.31354,1131800003.0517578
2012-02-14 17:52:00,1.31353,1.31356,1.3135,1.31353,1367899932.8613281
2012-02-14 17:53:00,1.31351,1.31356,1.3135,1.31351,1397299957.2753906
2012-02-14 17:54:00,1.31352,1.31352,1.31319,1.31319,1752200012.2070312
2012-02-14 17:55:00,1.31317,1.31317,1.31181,1.31181,3136300048.828125
2012-02-14 17:56:00,1.31181,1.31185,1.31132,1.31135,2974100036.6210938
2012-02-14 17:57:00,1.31135,1.31153,1.31109,1.31148,2932399902.34375
2012-02-14 17:58:00,1.3115,1.3115,1.3113,1.31143,2826099853.515625
2012-02-14 17:59:00,1.31146,1.31177,1.3114,1.31177,3004100036.6210938
2012-02-14 18:00:00,1.31175,1.31175,1.31123,1.31124,3757000122.0703125
2012-02-14 18:01:00,1.31125,1.31125,1.31063,1.31073,3085599975.5859375
2012-02-14 18:02:00,1.31073,1.31111,1.31073,1.31095,2841799926.7578125
2012-02-14 18:03:00,1.31095,1.3111,1.31077,1.31089,2944899902.34375
2012-02-14 18:04:00,1.31091,1.31131,1.3109,1.31122,2430200042.7246094
2012-02-14 18:05:00,1.31121,1.31122,1.31081,1.31082,2368300018.310547
2012-02-14 18:06:00,1.31082,1.31107,1.31079,1.31081,2714500122.0703125
2012-02-14 18:07:00,1.31081,1.31091,1.31073,1.31073,2321399993.8964844
2012-02-14 18:08:00,1.31072,1.31075,1.31039,1.31041,3069500122.0703125
2012-02-14 18:09:00,1.31043,1.31046,1.31024,1.31024,2939400024.4140625
2012-02-14 18:10:00,1.31024,1.3103,1.31016,1.3102,2242700042.7246094
2012-02-14 18:11:00,1.31019,1.31028,1.31014,1.31014,2821499938.9648438
2012-02-14 18:12:00,1.31014,1.31039,1.31014,1.31039,2646199951.171875
2012-02-14 18:13:00,1.3104,1.31052,1.3104,1.31047,2057400054.9316406
2012-02-14 18:14:00,1.31046,1.31053,1.31044,1.31049,2501999969.482422
2012-02-14 18:15:00,1.3105,1.3105,1.31005,1.31013,2660400085.4492188
2012-02-14 18:16:00,1.31011,1.31033,1.31011,1.31024,1948600006.1035156
2012-02-14 18:17:00,1.31025,1.31042,1.31021,1.31041,1711799926.7578125
2012-02-14 18:18:00,1.31041,1.31042,1.31024,1.31035,1858000030.5175781
2012-02-14 18:19:00,1.31036,1.31041,1.31013,1.31014,2019100036.6210938
2012-02-14 18:20:00,1.31014,1.31029,1.31008,1.31022,2420800018.310547
2012-02-14 18:21:00,1.31022,1.31024,1.3101,1.31012,1297400054.9316406
2012-02-14 18:22:00,1.31011,1.3103,1.31011,1.3103,2305899963.3789062
2012-02-14 18:23:00,1.3103,1.31043,1.31022,1.31041,2056300048.828125
2012-02-14 18:24:00,1.31041,1.31042,1.31029,1.31029,1565899963.3789062
2012-02-14 18:25:00,1.31029,1.31039,1.31012,1.31013,1466900024.4140625
2012-02-14 18:26:00,1.31012,1.31028,1.31011,1.3102,1838399963.3789062
2012-02-14 18:27:00,1.31019,1.31019,1.31002,1.31011,1882700042.7246094
2012-02-14 18:28:00,1.31011,1.31014,1.30999,1.31001,1547599945.0683594
2012-02-14 18:29:00,1.31001,1.31004,1.30992,1.31002,2205800018.310547
2012-02-14 18:30:00,1.31002,1.31061,1.31002,1.31061,3120899963.3789062
2012-02-14 18:31:00,1.31062,1.31101,1.31062,1.31099,1940899963.3789062
2012-02-14 18:32:00,1.31101,1.31135,1.31093,1.31123,2868599853.515625
2012-02-14 18:33:00,1.31123,1.31124,1.31102,1.31103,2268800048.828125
2012-02-14 18:34:00,1.31101,1.31103,1.31086,1.31088,1416799926.7578125
2012-02-14 18:35:00,1.31088,1.31112,1.31088,1.31098,2493500061.0351562
2012-02-14 18:36:00,1.31097,1.31121,1.31083,1.3112,2303300018.310547
2012-02-14 18:37:00,1.3112,1.31133,1.3112,1.31132,2097299957.2753906
2012-02-14 18:38:00,1.31132,1.31161,1.31125,1.31153,2303399963.3789062
2012-02-14 18:39:00,1.31151,1.31162,1.31141,1.31145,1533800048.828125
2012-02-14 18:40:00,1.31144,1.31148,1.31138,1.31139,1473000030.5175781
2012-02-14 18:41:00,1.31139,1.31141,1.31121,1.3114,1712899932.8613281
2012-02-14 18:42:00,1.31137,1.31139,1.31131,1.31131,1652799987.7929688
2012-02-14 18:43:00,1.31126,1.31126,1.31111,1.31112,1757799987.7929688
2012-02-14 18:44:00,1.31113,1.31113,1.31098,1.31098,1224300003.0517578
2012-02-14 18:45:00,1.31097,1.31112,1.31089,1.31101,1962799987.7929688
2012-02-14 18:46:00,1.31102,1.31103,1.31092,1.31098,882200012.2070312
2012-02-14 18:47:00,1.31098,1.31118,1.31098,1.31114,1471799926.7578125
2012-02-14 18:48:00,1.31116,1.31141,1.31116,1.31134,1678300018.3105469
2012-02-14 18:49:00,1.31133,1.31133,1.3112,1.31123,1381000061.0351562
2012-02-14 18:50:00,1.31122,1.31124,1.31111,1.31121,1538000030.5175781
2012-02-14 18:51:00,1.31121,1.31159,1.31121,1.31154,1842599945.0683594
2012-02-14 18:52:00,1.31152,1.31152,1.31126,1.31127,1597799987.7929688
2012-02-14 18:53:00,1.31127,1.31127,1.31105,1.31117,1709499969.4824219
2012-02-14 18:54:00,1.31115,1.31115,1.31083,1.31083,1195999984.741211
2012-02-14 18:55:00,1.31083,1.31111,1.31079,1.3111,1655099945.0683594
2012-02-14 18:56:00,1.3111,1.31111,1.31086,1.31103,1639400024.4140625
2012-02-14 18:57:00,1.31102,1.31131,1.31102,1.31119,1110100021.3623047
2012-02-14 18:58:00,1.3112,1.3113,1.31116,1.31128,1625299987.7929688
2012-02-14 18:59:00,1.3113,1.31133,1.31128,1.31133,871900024.4140625
2012-02-14 19:00:00,1.31132,1.31151,1.31132,1.31139,1527599945.0683594
2012-02-14 19:01:00,1.3114,1.31149,1.3114,1.31144,1316699981.6894531
2012-02-14 19:02:00,1.31144,1.31145,1.311,1.311,1950200042.7246094
2012-02-14 19:03:00,1.311,1.31119,1.31096,1.31113,2275700073.2421875
2012-02-14 19:04:00,1.31113,1.31121,1.3109,1.31096,1696999969.4824219
2012-02-14 19:05:00,1.31095,1.3112,1.31092,1.31118,1515899963.3789062
2012-02-14 19:06:00,1.31119,1.31139,1.31119,1.31129,1784299926.7578125
2012-02-14 19:07:00,1.31129,1.31131,1.31124,1.31129,906200027.4658203
2012-02-14 19:08:00,1.31129,1.3113,1.311,1.311,1269499969.4824219
2012-02-14 19:09:00,1.31099,1.31099,1.31056,1.31056,1971600036.6210938
2012-02-14 19:10:00,1.31058,1.31092,1.31058,1.3109,1731100006.1035156
2012-02-14 19:11:00,1.3109,1.31092,1.31065,1.31068,1427899932.8613281
2012-02-14 19:12:00,1.31068,1.31069,1.3106,1.31069,1195000000.0
2012-02-14 19:13:00,1.3107,1.3109,1.31068,1.31085,1467100067.1386719
2012-02-14 19:14:00,1.31084,1.31118,1.31074,1.31118,1461300048.828125
2012-02-14 19:15:00,1.3112,1.31124,1.31113,1.31114,1380399932.8613281
2012-02-14 19:16:00,1.31113,1.31113,1.31056,1.31062,2033600006.1035156
2012-02-14 19:17:00,1.31063,1.31069,1.31038,1.31044,2244400024.4140625
2012-02-14 19:18:00,1.31047,1.31059,1.31042,1.31051,1088199996.9482422
2012-02-14 19:19:00,1.31052,1.31068,1.31044,1.31044,1096200027.4658203
2012-02-14 19:20:00,1.31043,1.31043,1.31,1.31012,1641000061.0351562
2012-02-14 19:21:00,1.31012,1.31041,1.31012,1.31018,1493899993.8964844
2012-02-14 19:22:00,1.31018,1.31022,1.31002,1.31006,2172500000.0
2012-02-14 19:23:00,1.31007,1.3101,1.30938,1.30938,2779400024.4140625
2012-02-14 19:24:00,1.3094,1.3095,1.30929,1.30943,2417899932.861328
2012-02-14 19:25:00,1.30944,1.30944,1.30916,1.30936,2406999969.482422
2012-02-14 19:26:00,1.30939,1.30966,1.30917,1.30952,2335299987.7929688
2012-02-14 19:27:00,1.30958,1.30962,1.30932,1.30941,1803500061.0351562
2012-02-14 19:28:00,1.30939,1.30939,1.30902,1.30903,2775499877.9296875
2012-02-14 19:29:00,1.30902,1.30904,1.30879,1.30892,2687300109.8632812
2012-02-14 19:30:00,1.30893,1.30893,1.30855,1.30868,2323099975.5859375
2012-02-14 19:31:00,1.30869,1.3088,1.30852,1.30856,2757200012.2070312
2012-02-14 19:32:00,1.30859,1.30867,1.30819,1.30823,3146199951.171875
2012-02-14 19:33:00,1.30823,1.30834,1.30815,1.30821,2089600067.1386719
2012-02-14 19:34:00,1.30822,1.30852,1.30818,1.30835,2185800018.310547
2012-02-14 19:35:00,1.30836,1.30836,1.30816,1.30818,1853800048.828125
2012-02-14 19:36:00,1.30819,1.3082,1.30801,1.30815,3277500000.0
2012-02-14 19:37:00,1.30819,1.30832,1.30817,1.30822,2139199981.6894531
2012-02-14 19:38:00,1.30823,1.30848,1.30818,1.30848,2189600067.138672
2012-02-14 19:39:00,1.30848,1.30864,1.30848,1.30856,2169299926.7578125
2012-02-14 19:40:00,1.30856,1.30857,1.30847,1.30852,1072600021.3623047
2012-02-14 19:41:00,1.30852,1.30863,1.30852,1.30863,1330099945.0683594
2012-02-14 19:42:00,1.30862,1.30863,1.30832,1.30832,1728300018.3105469
2012-02-14 19:43:00,1.30834,1.30854,1.30834,1.30852,1446199951.171875
2012-02-14 19:44:00,1.30852,1.30852,1.30843,1.30846,1647799987.7929688
2012-02-14 19:45:00,1.30847,1.30869,1.30843,1.30867,1574600067.1386719
2012-02-14 19:46:00,1.30867,1.30868,1.30852,1.30859,1138600006.1035156
2012-02-14 19:47:00,1.30859,1.30874,1.30859,1.3087,1429499969.4824219
2012-02-14 19:48:00,1.30871,1.30874,1.30855,1.30871,1733800048.828125
2012-02-14 19:49:00,1.30871,1.30875,1.30857,1.30871,1077600021.3623047
2012-02-14 19:50:00,1.30873,1.30902,1.30872,1.30902,1895700073.2421875
2012-02-14 19:51:00,1.30899,1.30903,1.30895,1.30901,1878999938.9648438
2012-02-14 19:52:00,1.309,1.30923,1.30898,1.30913,2353000030.517578
2012-02-14 19:53:00,1.30911,1.30913,1.30901,1.30912,1153499984.741211
2012-02-14 19:54:00,1.30912,1.30925,1.3091,1.30913,1212300033.569336
2012-02-14 19:55:00,1.30913,1.30931,1.30909,1.30931,1829900054.9316406
2012-02-14 19:56:00,1.30931,1.30931,1.30922,1.30923,1402400054.9316406
2012-02-14 19:57:00,1.30923,1.30943,1.3092,1.30931,1695099945.0683594
2012-02-14 19:58:00,1.30931,1.30933,1.30928,1.30931,1037799987.7929688
2012-02-14 19:59:00,1.3093,1.30935,1.30914,1.30934,1872299957.2753906
2012-02-14 20:00:00,1.30934,1.30945,1.30931,1.3094,2192200012.2070312
2012-02-14 20:01:00,1.3094,1.30947,1.3094,1.30947,800800018.3105469
2012-02-14 20:02:00,1.30949,1.30962,1.30947,1.30949,1883999938.9648438
2012-02-14 20:03:00,1.3095,1.3095,1.3093,1.30933,2058500061.0351562
2012-02-14 20:04:00,1.30933,1.30951,1.30931,1.30939,1339700012.2070312
2012-02-14 20:05:00,1.30939,1.3096,1.30939,1.30959,1393800048.828125
2012-02-14 20:06:00,1.30959,1.30969,1.30958,1.30962,1422500000.0
2012-02-14 20:07:00,1.30962,1.30964,1.30953,1.30954,1550200042.7246094
2012-02-14 20:08:00,1.30954,1.30975,1.30951,1.30975,988700027.4658203
2012-02-14 20:09:00,1.30972,1.30973,1.30958,1.30963,1012699966.4306641
2012-02-14 20:10:00,1.30963,1.30965,1.30962,1.30962,1221500015.258789
2012-02-14 20:11:00,1.30959,1.3096,1.30942,1.30942,1710700073.2421875
2012-02-14 20:12:00,1.30942,1.30944,1.3094,1.3094,1244899978.6376953
2012-02-14 20:13:00,1.3094,1.30944,1.30938,1.30942,995299987.7929688
2012-02-14 20:14:00,1.30944,1.30944,1.30924,1.30924,1036699981.6894531
2012-02-14 20:15:00,1.30924,1.30929,1.30911,1.30911,1220400009.1552734
2012-02-14 20:16:00,1.30911,1.3092,1.30911,1.30919,1303500061.0351562
2012-02-14 20:17:00,1.30918,1.30919,1.30911,1.30912,1219800033.569336
2012-02-14 20:18:00,1.30912,1.30917,1.30903,1.30907,1297500000.0
2012-02-14 20:19:00,1.30906,1.30909,1.30901,1.30908,1330500030.5175781
2012-02-14 20:20:00,1.30908,1.30919,1.30908,1.30914,1601100006.1035156
2012-02-14 20:21:00,1.30913,1.3092,1.30901,1.30906,1821100006.1035156
2012-02-14 20:22:00,1.30906,1.30906,1.30879,1.30879,2139700012.2070312
2012-02-14 20:23:00,1.30879,1.3088,1.30871,1.3088,2017400054.9316406
2012-02-14 20:24:00,1.3088,1.309,1.30878,1.30897,1766699981.6894531
2012-02-14 20:25:00,1.30897,1.309,1.30872,1.30873,1038499984.7412109
2012-02-14 20:26:00,1.30873,1.309,1.30873,1.309,1284400024.4140625
2012-02-14 20:27:00,1.30901,1.30908,1.30899,1.30903,1199100036.6210938
2012-02-14 20:28:00,1.30903,1.30904,1.30877,1.30878,1502200012.2070312
2012-02-14 20:29:00,1.30878,1.30885,1.30871,1.30872,1301199951.171875
2012-02-14 20:30:00,1.30872,1.30872,1.30861,1.30862,1452700042.7246094
2012-02-14 20:31:00,1.30862,1.3089,1.30862,1.30883,1135199966.430664
2012-02-14 20:32:00,1.30881,1.30886,1.30872,1.30886,1077799987.7929688
2012-02-14 20:33:00,1.30889,1.30891,1.30881,1.30881,1088899993.8964844
2012-02-14 20:34:00,1.3088,1.30898,1.3088,1.30898,1276699981.6894531
2012-02-14 20:35:00,1.30902,1.30919,1.30902,1.30908,1337200012.2070312
2012-02-14 20:36:00,1.30907,1.30916,1.309,1.30916,1546699981.6894531
2012-02-14 20:37:00,1.30916,1.30929,1.30915,1.30927,1090100021.3623047
2012-02-14 20:38:00,1.30929,1.30981,1.30929,1.30981,2068600006.1035156
2012-02-14 20:39:00,1.30982,1.31033,1.30982,1.31013,3906099853.515625
2012-02-14 20:40:00,1.31013,1.31065,1.31012,1.31038,2964400024.4140625
2012-02-14 20:41:00,1.31038,1.31063,1.31036,1.31053,2416300048.828125
2012-02-14 20:42:00,1.31052,1.31064,1.31008,1.31008,2192100067.138672
2012-02-14 20:43:00,1.31006,1.31062,1.31005,1.31062,2164700012.2070312
2012-02-14 20:44:00,1.31064,1.31074,1.31034,1.31039,1696900024.4140625
2012-02-14 20:45:00,1.31041,1.31068,1.3104,1.31067,2600599975.5859375
2012-02-14 20:46:00,1.31069,1.31089,1.31066,1.31077,2290899963.3789062
2012-02-14 20:47:00,1.31076,1.31078,1.31058,1.31068,1873999938.9648438
2012-02-14 20:48:00,1.3107,1.31084,1.3107,1.3108,1525800018.3105469
2012-02-14 20:49:00,1.3108,1.31126,1.31078,1.31125,1842100067.1386719
2012-02-14 20:50:00,1.31126,1.31171,1.31126,1.31158,2913800048.828125
2012-02-14 20:51:00,1.31158,1.31181,1.31148,1.31154,2217400054.9316406
2012-02-14 20:52:00,1.31154,1.31178,1.31139,1.31139,2093699951.171875
2012-02-14 20:53:00,1.31139,1.31156,1.31135,1.31155,2113999938.9648438
2012-02-14 20:54:00,1.31154,1.31168,1.31154,1.31167,1662100067.1386719
2012-02-14 20:55:00,1.31167,1.3118,1.31163,1.31165,1837500000.0
2012-02-14 20:56:00,1.31165,1.3117,1.31158,1.31167,1703800048.828125
2012-02-14 20:57:00,1.31169,1.31204,1.31169,1.312,2108300018.3105469
2012-02-14 20:58:00,1.312,1.31204,1.31177,1.31181,1556999969.4824219
2012-02-14 20:59:00,1.31184,1.31204,1.31184,1.31199,445299987.79296875
2012-02-14 21:00:00,1.31198,1.312,1.31145,1.31151,1015500030.5175781
2012-02-14 21:01:00,1.3115,1.31169,1.31148,1.31159,1631699981.6894531
2012-02-14 21:02:00,1.31157,1.31171,1.31157,1.31169,1309799957.2753906
2012-02-14 21:03:00,1.31167,1.31196,1.31162,1.3119,2041600036.6210938
2012-02-14 21:04:00,1.31188,1.31193,1.31176,1.31177,1004199981.6894531
2012-02-14 21:05:00,1.31176,1.3118,1.31166,1.31166,821999969.4824219
2012-02-14 21:06:00,1.31167,1.31176,1.31166,1.31176,1208799972.5341797
2012-02-14 21:07:00,1.31177,1.31192,1.31177,1.31184,846800003.0517578
2012-02-14 21:08:00,1.31185,1.31201,1.31184,1.31201,544900016.784668
2012-02-14 21:09:00,1.31199,1.31219,1.31197,1.31219,1106600036.6210938
2012-02-14 21:10:00,1.31218,1.31227,1.31209,1.3121,1457500000.0
2012-02-14 21:11:00,1.3121,1.3121,1.31207,1.31208,278700008.392334
2012-02-14 21:12:00,1.31207,1.31208,1.3119,1.31192,1325200042.7246094
2012-02-14 21:13:00,1.31192,1.31198,1.31192,1.31195,632200012.2070312
2012-02-14 21:14:00,1.31195,1.31195,1.3119,1.31191,735199966.4306641
2012-02-14 21:15:00,1.31191,1.31192,1.31186,1.31186,650699996.9482422
2012-02-14 21:16:00,1.31186,1.31189,1.31185,1.31188,701699981.6894531
2012-02-14 21:17:00,1.31188,1.31199,1.31188,1.31198,666500015.2587891
2012-02-14 21:18:00,1.312,1.31203,1.31196,1.31198,581899986.2670898
2012-02-14 21:19:00,1.31198,1.31203,1.31196,1.31196,485499992.37060547
2012-02-14 21:20:00,1.31196,1.31196,1.31188,1.31191,831699981.6894531
2012-02-14 21:21:00,1.3119,1.31195,1.31189,1.3119,588300018.3105469
2012-02-14 21:22:00,1.3119,1.3119,1.31179,1.31179,397099990.84472656
2012-02-14 21:23:00,1.31181,1.31188,1.31176,1.3118,906299972.5341797
2012-02-14 21:24:00,1.3118,1.31184,1.31169,1.31174,607500000.0
2012-02-14 21:25:00,1.31173,1.31175,1.31172,1.31174,620099983.215332
2012-02-14 21:26:00,1.31174,1.31179,1.31168,1.31169,832799987.7929688
2012-02-14 21:27:00,1.31171,1.31189,1.31167,1.31189,1153899993.8964844
2012-02-14 21:28:00,1.31189,1.31194,1.31183,1.31183,356899986.26708984
2012-02-14 21:29:00,1.31184,1.31184,1.3118,1.31183,164699993.13354492
2012-02-14 21:30:00,1.31183,1.31183,1.31172,1.31178,563699989.3188477
2012-02-14 21:31:00,1.31178,1.31179,1.31173,1.31175,535400009.15527344
2012-02-14 21:32:00,1.31175,1.31179,1.31174,1.31179,477799987.79296875
2012-02-14 21:33:00,1.31178,1.31181,1.31174,1.31177,843499984.7412109
2012-02-14 21:34:00,1.31177,1.31198,1.31177,1.31193,643899993.8964844
2012-02-14 21:35:00,1.31193,1.312,1.31185,1.31185,609300003.0517578
2012-02-14 21:36:00,1.31185,1.31199,1.31185,1.31194,579000015.2587891
2012-02-14 21:37:00,1.31198,1.31228,1.31193,1.31228,1203799972.5341797
2012-02-14 21:38:00,1.3123,1.31235,1.31229,1.31233,367700004.5776367
2012-02-14 21:39:00,1.31235,1.31235,1.31234,1.31234,164799995.42236328
2012-02-14 21:40:00,1.31234,1.31244,1.31232,1.31232,774000015.2587891
2012-02-14 21:41:00,1.31234,1.31242,1.31231,1.31238,617099990.8447266
2012-02-14 21:42:00,1.31237,1.3125,1.31231,1.3125,1178899993.8964844
2012-02-14 21:43:00,1.31249,1.31249,1.31239,1.31239,508100013.73291016
2012-02-14 21:44:00,1.31239,1.31239,1.31227,1.31237,1040400009.1552734
2012-02-14 21:45:00,1.31237,1.31257,1.31233,1.31254,1349799957.2753906
2012-02-14 21:46:00,1.31254,1.31273,1.31253,1.31269,1366399993.8964844
2012-02-14 21:47:00,1.31271,1.31293,1.31271,1.31276,1234000015.258789
2012-02-14 21:48:00,1.31277,1.31277,1.31253,1.31259,1701199951.171875
2012-02-14 21:49:00,1.31259,1.3126,1.31254,1.31257,789599990.8447266
2012-02-14 21:50:00,1.31258,1.31262,1.31256,1.31259,635099983.215332
2012-02-14 21:51:00,1.31258,1.31266,1.31256,1.31259,853199996.9482422
2012-02-14 21:52:00,1.31259,1.31272,1.31253,1.31272,1526399993.8964844
2012-02-14 21:53:00,1.3127,1.31325,1.31269,1.31313,3096600036.6210938
2012-02-14 21:54:00,1.31315,1.31322,1.31292,1.31303,1578600006.1035156
2012-02-14 21:55:00,1.31306,1.31307,1.31296,1.313,779599990.8447266
2012-02-14 21:56:00,1.31301,1.31307,1.31295,1.313,885199966.4306641
2012-02-14 21:57:00,1.31301,1.31302,1.31295,1.31297,704599990.8447266
2012-02-14 21:58:00,1.31299,1.31299,1.3129,1.31295,333499984.74121094
2012-02-14 21:59:00,1.31302,1.31305,1.31291,1.31303,300799999.23706055
2012-02-14 22:00:00,1.31306,1.31327,1.31301,1.31327,327400016.78466797
2012-02-14 22:01:00,1.31327,1.31347,1.31325,1.31331,501699981.6894531
2012-02-14 22:02:00,1.31328,1.31331,1.31318,1.31318,277700004.5776367
2012-02-14 22:03:00,1.31318,1.3132,1.31298,1.31298,242999992.37060547
2012-02-14 22:04:00,1.313,1.31311,1.313,1.31306,41700000.76293945
2012-02-14 22:05:00,1.31306,1.31306,1.31271,1.31271,507799987.79296875
2012-02-14 22:06:00,1.31274,1.31279,1.3127,1.3127,306599998.4741211
2012-02-14 22:07:00,1.3127,1.31278,1.31255,1.31257,376699981.6894531
2012-02-14 22:08:00,1.31252,1.31271,1.31244,1.31264,651600036.6210938
2012-02-14 22:09:00,1.31264,1.31272,1.31261,1.31267,315000000.0
2012-02-14 22:10:00,1.31267,1.31267,1.31262,1.31266,192000007.62939453
2012-02-14 22:11:00,1.31266,1.31268,1.31259,1.31261,346599998.4741211
2012-02-14 22:12:00,1.31258,1.31259,1.31239,1.3125,355600013.73291016
2012-02-14 22:13:00,1.31251,1.31254,1.31242,1.31246,123299999.23706055
2012-02-14 22:14:00,1.3125,1.31255,1.3125,1.31255,98900003.43322754
2012-02-14 22:15:00,1.31259,1.31259,1.31249,1.31249,74099998.4741211
2012-02-14 22:16:00,1.31249,1.31249,1.3124,1.31247,76399998.66485596
2012-02-14 22:17:00,1.31249,1.3126,1.31249,1.31259,90000000.0
2012-02-14 22:18:00,1.31258,1.31258,1.31253,1.31258,107100000.38146973
2012-02-14 22:19:00,1.31256,1.31268,1.31254,1.31268,128000001.90734863
2012-02-14 22:20:00,1.31265,1.31277,1.31265,1.31277,180799999.23706055
2012-02-14 22:21:00,1.31281,1.31282,1.31279,1.31279,187999992.37060547
2012-02-14 22:22:00,1.31279,1.31281,1.31278,1.31281,261399993.89648438
2012-02-14 22:23:00,1.31281,1.31285,1.31277,1.31278,193299999.23706055
2012-02-14 22:24:00,1.31274,1.31274,1.31259,1.31259,345900001.5258789
2012-02-14 22:25:00,1.31259,1.31259,1.31248,1.3125,143900003.43322754
2012-02-14 22:26:00,1.3125,1.31253,1.31246,1.31246,154499998.09265137
2012-02-14 22:27:00,1.31247,1.31251,1.31238,1.31244,454599990.84472656
2012-02-14 22:28:00,1.31245,1.31277,1.31245,1.31272,962300033.5693359
2012-02-14 22:29:00,1.31272,1.31272,1.31263,1.31263,210599994.65942383
2012-02-14 22:30:00,1.31266,1.31266,1.31244,1.31251,869599990.8447266
2012-02-14 22:31:00,1.31249,1.31256,1.31241,1.31255,651399993.8964844
2012-02-14 22:32:00,1.31255,1.31255,1.31234,1.31235,532599983.21533203
2012-02-14 22:33:00,1.31234,1.3124,1.31227,1.31239,644199981.6894531
2012-02-14 22:34:00,1.31239,1.31252,1.31239,1.31249,289099998.4741211
2012-02-14 22:35:00,1.31249,1.31249,1.31247,1.31247,181000003.81469727
2012-02-14 22:36:00,1.31248,1.31251,1.31248,1.31248,124499998.09265137
2012-02-14 22:37:00,1.31248,1.3125,1.31247,1.31247,256499996.18530273
2012-02-14 22:38:00,1.31247,1.31247,1.31245,1.31245,88500003.81469727
2012-02-14 22:39:00,1.31245,1.31253,1.31245,1.31251,390499992.37060547
2012-02-14 22:40:00,1.31253,1.31258,1.31242,1.31252,701800003.0517578
2012-02-14 22:41:00,1.31252,1.31258,1.31232,1.31235,917300033.5693359
2012-02-14 22:42:00,1.31235,1.31256,1.31235,1.31249,503600006.1035156
2012-02-14 22:43:00,1.31247,1.31268,1.31247,1.31255,1366799926.7578125
2012-02-14 22:44:00,1.31255,1.3126,1.31255,1.3126,170000000.0
2012-02-14 22:45:00,1.3126,1.31274,1.31247,1.31247,1333699951.171875
2012-02-14 22:46:00,1.31247,1.31271,1.31238,1.31271,1699100036.6210938
2012-02-14 22:47:00,1.31272,1.31278,1.31257,1.3126,952699966.4306641
2012-02-14 22:48:00,1.3126,1.31264,1.31255,1.31262,725000000.0
2012-02-14 22:49:00,1.31261,1.31272,1.31257,1.31262,974400024.4140625
2012-02-14 22:50:00,1.31264,1.3128,1.3126,1.31265,1602299957.2753906
2012-02-14 22:51:00,1.31264,1.31283,1.3126,1.31282,585200004.5776367
2012-02-14 22:52:00,1.31282,1.31285,1.31278,1.31281,524000015.25878906
2012-02-14 22:53:00,1.31282,1.31314,1.31282,1.31311,1450200042.7246094
2012-02-14 22:54:00,1.31311,1.31313,1.31281,1.31281,783199996.9482422
2012-02-14 22:55:00,1.31281,1.3129,1.31281,1.31286,567999992.3706055
2012-02-14 22:56:00,1.31288,1.31288,1.31274,1.3128,735500030.5175781
2012-02-14 22:57:00,1.3128,1.31282,1.31276,1.31279,167500000.0
2012-02-14 22:58:00,1.31286,1.31286,1.31271,1.31275,754100036.6210938
2012-02-14 22:59:00,1.31275,1.31277,1.31274,1.31275,258500003.81469727
2012-02-14 23:00:00,1.31275,1.31297,1.31274,1.31297,1018300018.3105469
2012-02-14 23:01:00,1.31298,1.31313,1.31297,1.31301,1158300018.3105469
2012-02-14 23:02:00,1.31301,1.31301,1.31287,1.3129,628300018.3105469
2012-02-14 23:03:00,1.3129,1.31291,1.3128,1.31281,281499996.18530273
2012-02-14 23:04:00,1.31281,1.31282,1.31273,1.31275,379799995.4223633
2012-02-14 23:05:00,1.31275,1.31283,1.31272,1.31272,545000000.0
2012-02-14 23:06:00,1.31272,1.31282,1.31272,1.31282,574000015.2587891
2012-02-14 23:07:00,1.31281,1.31283,1.3128,1.31282,166000003.81469727
2012-02-14 23:08:00,1.31282,1.31282,1.31264,1.31272,1040699996.9482422
2012-02-14 23:09:00,1.31273,1.31288,1.31273,1.31288,296499996.18530273
2012-02-14 23:10:00,1.31288,1.3129,1.31281,1.31281,418199996.9482422
2012-02-14 23:11:00,1.31281,1.31295,1.31281,1.31295,630900001.5258789
2012-02-14 23:12:00,1.31296,1.3131,1.31293,1.31309,540099983.215332
2012-02-14 23:13:00,1.3131,1.31321,1.31306,1.31321,564000015.2587891
2012-02-14 23:14:00,1.31321,1.31324,1.3132,1.31324,406500015.25878906
2012-02-14 23:15:00,1.31324,1.31324,1.31299,1.31309,1840399932.8613281
2012-02-14 23:16:00,1.31306,1.3132,1.31306,1.31313,921800003.0517578
2012-02-14 23:17:00,1.31313,1.31322,1.31313,1.31321,559399986.2670898
2012-02-14 23:18:00,1.31321,1.3133,1.3132,1.3133,492999992.37060547
2012-02-14 23:19:00,1.31331,1.31334,1.31323,1.31323,394700012.20703125
2012-02-14 23:20:00,1.31322,1.31323,1.31315,1.3132,375499992.37060547
2012-02-14 23:21:00,1.31317,1.31319,1.31306,1.31306,441100006.1035156
2012-02-14 23:22:00,1.31305,1.31312,1.31302,1.31308,314300003.0517578
2012-02-14 23:23:00,1.31309,1.3131,1.31296,1.31307,1029199981.6894531
2012-02-14 23:24:00,1.31307,1.31307,1.31268,1.31268,1051999969.4824219
2012-02-14 23:25:00,1.31267,1.31277,1.31265,1.31277,1017200012.2070312
2012-02-14 23:26:00,1.31273,1.31277,1.31271,1.31271,787200012.2070312
2012-02-14 23:27:00,1.3127,1.31273,1.31261,1.31262,859100036.6210938
2012-02-14 23:28:00,1.31262,1.31269,1.31261,1.31268,545600013.7329102
2012-02-14 23:29:00,1.31267,1.31269,1.31263,1.31265,684100036.6210938
2012-02-14 23:30:00,1.31265,1.31269,1.31262,1.31262,658700027.4658203
2012-02-14 23:31:00,1.31262,1.31265,1.31261,1.31263,256900005.34057617
2012-02-14 23:32:00,1.31263,1.31265,1.31256,1.31256,239899997.71118164
2012-02-14 23:33:00,1.31256,1.31257,1.3125,1.31251,537799987.7929688
2012-02-14 23:34:00,1.31251,1.31265,1.31251,1.31257,534500007.62939453
2012-02-14 23:35:00,1.31256,1.31263,1.31256,1.31263,247000007.62939453
2012-02-14 23:36:00,1.31263,1.3127,1.31256,1.3127,408499984.74121094
2012-02-14 23:37:00,1.31271,1.31277,1.31271,1.31277,170699996.9482422
2012-02-14 23:38:00,1.31277,1.31283,1.31277,1.31281,390699996.9482422
2012-02-14 23:39:00,1.31281,1.31281,1.3126,1.31264,976200027.4658203
2012-02-14 23:40:00,1.31264,1.31265,1.31262,1.31265,505999984.74121094
2012-02-14 23:41:00,1.31262,1.31268,1.3125,1.31268,840199966.4306641
2012-02-14 23:42:00,1.31268,1.31272,1.31259,1.31271,597900009.1552734
2012-02-14 23:43:00,1.31274,1.31274,1.31258,1.31266,832699966.4306641
2012-02-14 23:44:00,1.31265,1.31274,1.31265,1.31273,294599990.84472656
2012-02-14 23:45:00,1.31272,1.31292,1.31271,1.31292,777600021.3623047
2012-02-14 23:46:00,1.31293,1.31304,1.31293,1.313,307900009.15527344
2012-02-14 23:47:00,1.31301,1.31302,1.31291,1.31299,809100036.6210938
2012-02-14 23:48:00,1.31299,1.31315,1.31299,1.31309,943300018.3105469
2012-02-14 23:49:00,1.3131,1.3133,1.31307,1.31324,1027500000.0
2012-02-14 23:50:00,1.31323,1.31338,1.31323,1.31338,603699989.3188477
2012-02-14 23:51:00,1.31338,1.31353,1.31335,1.31352,1113099975.5859375
2012-02-14 23:52:00,1.3135,1.31355,1.31346,1.31355,923000030.5175781
2012-02-14 23:53:00,1.31355,1.31362,1.31352,1.31354,625400009.1552734
2012-02-14 23:54:00,1.31351,1.31353,1.31341,1.31343,632999992.3706055
2012-02-14 23:55:00,1.31342,1.31346,1.31326,1.31326,1098899993.8964844
2012-02-14 23:56:00,1.3133,1.31341,1.31325,1.31331,671299972.5341797
2012-02-14 23:57:00,1.31331,1.31335,1.31327,1.31327,682600021.3623047
2012-02-14 23:58:00,1.31327,1.31327,1.3129,1.3129,1112500000.0
2012-02-14 23:59:00,1.31289,1.31289,1.3128,1.3128,431300010.68115234
2012-02-15 00:00:00,1.31281,1.31307,1.31281,1.31304,1441799926.7578125
2012-02-15 00:01:00,1.31304,1.31304,1.31268,1.31289,1578699951.171875
2012-02-15 00:02:00,1.31289,1.31289,1.31278,1.3128,844400024.4140625
2012-02-15 00:03:00,1.3128,1.3128,1.31268,1.31269,1408899993.8964844
2012-02-15 00:04:00,1.31269,1.31269,1.3123,1.31231,1842700042.7246094
2012-02-15 00:05:00,1.31231,1.31251,1.3123,1.31241,1359299926.7578125
2012-02-15 00:06:00,1.31241,1.31269,1.31241,1.31264,1203799972.5341797
2012-02-15 00:07:00,1.31264,1.31283,1.3126,1.31267,1433999938.9648438
2012-02-15 00:08:00,1.31267,1.31277,1.31267,1.3127,1309799957.2753906
2012-02-15 00:09:00,1.3127,1.3127,1.31246,1.31258,1287299957.2753906
2012-02-15 00:10:00,1.31258,1.31262,1.31228,1.31241,982699966.4306641
2012-02-15 00:11:00,1.31243,1.31259,1.31242,1.3125,775899963.3789062
2012-02-15 00:12:00,1.31251,1.31268,1.31251,1.31267,629300003.0517578
2012-02-15 00:13:00,1.31266,1.31283,1.31266,1.31272,1477299957.2753906
2012-02-15 00:14:00,1.31272,1.31292,1.31271,1.31284,858600006.1035156
2012-02-15 00:15:00,1.31284,1.313,1.31283,1.313,1144700012.2070312
2012-02-15 00:16:00,1.31301,1.31302,1.31287,1.31293,497799987.79296875
2012-02-15 00:17:00,1.31292,1.31292,1.31268,1.31275,1172399978.6376953
2012-02-15 00:18:00,1.31273,1.31278,1.31263,1.31278,1055599975.5859375
2012-02-15 00:19:00,1.31276,1.31278,1.31258,1.31278,961500015.2587891
2012-02-15 00:20:00,1.31278,1.31282,1.31269,1.31271,1048899993.8964844
2012-02-15 00:21:00,1.31271,1.31276,1.31256,1.31261,843000030.5175781
2012-02-15 00:22:00,1.31262,1.3127,1.3125,1.3125,731600036.6210938
2012-02-15 00:23:00,1.31251,1.31261,1.31251,1.31261,539199981.6894531
2012-02-15 00:24:00,1.31261,1.31261,1.31259,1.31259,185799999.23706055
2012-02-15 00:25:00,1.31259,1.31263,1.31253,1.31262,664599990.8447266
2012-02-15 00:26:00,1.31262,1.31272,1.31256,1.31257,989400024.4140625
2012-02-15 00:27:00,1.31257,1.31257,1.31245,1.31252,581699981.6894531
2012-02-15 00:28:00,1.31252,1.31252,1.31244,1.31244,867699966.4306641
2012-02-15 00:29:00,1.31244,1.31244,1.31239,1.3124,690400009.1552734
2012-02-15 00:30:00,1.31238,1.31282,1.31238,1.31272,964000015.2587891
2012-02-15 00:31:00,1.31272,1.31281,1.3127,1.31281,683399963.3789062
2012-02-15 00:32:00,1.3128,1.31296,1.31272,1.31295,1075599975.5859375
2012-02-15 00:33:00,1.31295,1.31301,1.31291,1.31295,1510200042.7246094
2012-02-15 00:34:00,1.31295,1.31295,1.31282,1.31286,779300003.0517578
2012-02-15 00:35:00,1.31286,1.31286,1.31276,1.31277,511699981.6894531
2012-02-15 00:36:00,1.31278,1.31283,1.31278,1.31283,165300006.86645508
2012-02-15 00:37:00,1.31283,1.31287,1.31282,1.31284,392000007.62939453
2012-02-15 00:38:00,1.31283,1.3132,1.31283,1.31311,1652599945.0683594
2012-02-15 00:39:00,1.31309,1.31309,1.31285,1.31294,1206999969.4824219
2012-02-15 00:40:00,1.31294,1.31294,1.31282,1.31292,710800018.3105469
2012-02-15 00:41:00,1.31292,1.31292,1.31275,1.31291,957900009.1552734
2012-02-15 00:42:00,1.31292,1.31297,1.31262,1.31266,1358800048.828125
2012-02-15 00:43:00,1.31266,1.31266,1.31244,1.31247,1408000030.5175781
2012-02-15 00:44:00,1.31246,1.31253,1.31235,1.31249,1004000015.2587891
2012-02-15 00:45:00,1.31247,1.31247,1.31226,1.31236,1499600067.1386719
2012-02-15 00:46:00,1.31236,1.31244,1.31228,1.31234,844599990.8447266
2012-02-15 00:47:00,1.31234,1.31238,1.31219,1.31228,1689499969.4824219
2012-02-15 00:48:00,1.31228,1.31236,1.31227,1.31227,925199966.4306641
2012-02-15 00:49:00,1.31225,1.31257,1.31224,1.31256,866100006.1035156
2012-02-15 00:50:00,1.31255,1.31255,1.31225,1.31225,942699966.4306641
2012-02-15 00:51:00,1.31225,1.31237,1.31213,1.31225,1040800018.3105469
2012-02-15 00:52:00,1.31221,1.31221,1.3121,1.3121,945500030.5175781
2012-02-15 00:53:00,1.31211,1.31211,1.3118,1.3118,1308800048.828125
2012-02-15 00:54:00,1.3118,1.31196,1.31178,1.31188,1605399932.8613281
2012-02-15 00:55:00,1.31185,1.31209,1.31176,1.31183,2199199981.689453
2012-02-15 00:56:00,1.31184,1.31186,1.31175,1.31183,1771199951.171875
2012-02-15 00:57:00,1.31182,1.31185,1.31172,1.31183,1429199981.6894531
2012-02-15 00:58:00,1.31186,1.31191,1.31186,1.31191,732500000.0
2012-02-15 00:59:00,1.31191,1.31221,1.31191,1.31214,1434400024.4140625
2012-02-15 01:00:00,1.31213,1.31234,1.31213,1.31234,746100006.1035156
2012-02-15 01:01:00,1.31234,1.31251,1.31234,1.31249,1566799926.7578125
2012-02-15 01:02:00,1.31248,1.31255,1.31228,1.31236,1047699966.4306641
2012-02-15 01:03:00,1.31235,1.31235,1.31217,1.31218,1038199996.9482422
2012-02-15 01:04:00,1.31218,1.31224,1.31192,1.31192,961100006.1035156
2012-02-15 01:05:00,1.31192,1.31207,1.31171,1.31173,1543099975.5859375
2012-02-15 01:06:00,1.31174,1.31183,1.31169,1.31169,1191999969.4824219
2012-02-15 01:07:00,1.3117,1.3117,1.31145,1.31145,1204499969.4824219
2012-02-15 01:08:00,1.31145,1.31155,1.31144,1.31153,1511799926.7578125
2012-02-15 01:09:00,1.31153,1.3116,1.31146,1.31149,1722599945.0683594
2012-02-15 01:10:00,1.31151,1.31176,1.31151,1.31164,1747100067.1386719
2012-02-15 01:11:00,1.31163,1.31163,1.31139,1.3114,853399963.3789062
2012-02-15 01:12:00,1.31135,1.31152,1.31135,1.31146,608600006.1035156
2012-02-15 01:13:00,1.31146,1.31156,1.31142,1.31147,1432200012.2070312
2012-02-15 01:14:00,1.31145,1.31155,1.31135,1.31154,2025000000.0
2012-02-15 01:15:00,1.31156,1.31181,1.31154,1.31174,1550899963.3789062
2012-02-15 01:16:00,1.31175,1.31178,1.31161,1.31163,1254000015.258789
2012-02-15 01:17:00,1.31165,1.31191,1.31164,1.31189,956100006.1035156
2012-02-15 01:18:00,1.31186,1.31201,1.31186,1.31192,1040500030.5175781
2012-02-15 01:19:00,1.31192,1.31211,1.31191,1.31206,1465800018.3105469
2012-02-15 01:20:00,1.31206,1.31207,1.31184,1.31189,1010999984.7412109
2012-02-15 01:21:00,1.31188,1.31229,1.31188,1.31228,1476300048.828125
2012-02-15 01:22:00,1.31228,1.31238,1.31215,1.31238,1772599945.0683594
2012-02-15 01:23:00,1.31247,1.31247,1.31226,1.3123,896100006.1035156
2012-02-15 01:24:00,1.3123,1.31232,1.31213,1.3122,1409100036.6210938
2012-02-15 01:25:00,1.31222,1.31232,1.3122,1.31222,3208500061.0351562
2012-02-15 01:26:00,1.31222,1.31234,1.31202,1.31202,1146699981.6894531
2012-02-15 01:27:00,1.31202,1.31202,1.3118,1.31187,746500015.2587891
2012-02-15 01:28:00,1.31186,1.31215,1.31181,1.31185,1468500061.0351562
2012-02-15 01:29:00,1.31185,1.31194,1.31185,1.31192,869899978.6376953
2012-02-15 01:30:00,1.31192,1.31213,1.31178,1.31213,2219600067.138672
2012-02-15 01:31:00,1.31214,1.31214,1.31176,1.31193,1289199981.6894531
2012-02-15 01:32:00,1.31193,1.31206,1.31177,1.31182,1560200042.7246094
2012-02-15 01:33:00,1.31182,1.3122,1.31182,1.31192,1471000061.0351562
2012-02-15 01:34:00,1.31192,1.31207,1.31159,1.31165,1569400024.4140625
2012-02-15 01:35:00,1.31165,1.31202,1.31162,1.31202,1339100036.6210938
2012-02-15 01:36:00,1.31199,1.312,1.3116,1.31175,1592299957.2753906
2012-02-15 01:37:00,1.31177,1.31194,1.31177,1.31189,1051399993.8964844
2012-02-15 01:38:00,1.3119,1.31192,1.31172,1.3118,993199996.9482422
2012-02-15 01:39:00,1.31185,1.31205,1.31169,1.31194,1313999938.9648438
2012-02-15 01:40:00,1.31195,1.31202,1.31188,1.31202,1102099990.8447266
2012-02-15 01:41:00,1.31202,1.31214,1.31202,1.31204,602599983.215332
2012-02-15 01:42:00,1.31204,1.31204,1.3119,1.3119,657200012.2070312
2012-02-15 01:43:00,1.31193,1.31207,1.31181,1.3119,1572899932.8613281
2012-02-15 01:44:00,1.3119,1.31213,1.3118,1.31205,1653800048.828125
2012-02-15 01:45:00,1.31206,1.31213,1.31199,1.31207,904599990.8447266
2012-02-15 01:46:00,1.31207,1.31208,1.3119,1.3119,1306399993.8964844
2012-02-15 01:47:00,1.31188,1.31201,1.31179,1.31182,1394199981.6894531
2012-02-15 01:48:00,1.31184,1.31192,1.31178,1.31183,924300003.0517578
2012-02-15 01:49:00,1.31185,1.31187,1.31137,1.31138,1379100036.6210938
2012-02-15 01:50:00,1.31138,1.31141,1.31122,1.31123,1443399963.3789062
2012-02-15 01:51:00,1.31123,1.3113,1.31105,1.3113,1488200073.2421875
2012-02-15 01:52:00,1.3113,1.31136,1.31129,1.31133,517299995.4223633
2012-02-15 01:53:00,1.3113,1.31144,1.31119,1.31139,923300018.3105469
2012-02-15 01:54:00,1.31132,1.31134,1.3113,1.31131,461300010.68115234
2012-02-15 01:55:00,1.31132,1.31143,1.31129,1.3113,814800033.5693359
2012-02-15 01:56:00,1.31133,1.31139,1.3113,1.31134,652099990.8447266
2012-02-15 01:57:00,1.31132,1.31134,1.31132,1.31133,599500007.6293945
2012-02-15 01:58:00,1.31133,1.31135,1.31087,1.311,1833600006.1035156
2012-02-15 01:59:00,1.311,1.31131,1.311,1.31128,1316900024.4140625
2012-02-15 02:00:00,1.31127,1.31142,1.31126,1.31142,780899963.3789062
2012-02-15 02:01:00,1.31141,1.31142,1.31135,1.31138,585999984.7412109
2012-02-15 02:02:00,1.31139,1.31158,1.31139,1.31146,1165599975.5859375
2012-02-15 02:03:00,1.31147,1.3116,1.31145,1.31145,1115999984.741211
2012-02-15 02:04:00,1.31147,1.31152,1.31145,1.31152,1012900009.1552734
2012-02-15 02:05:00,1.3115,1.3115,1.31138,1.31144,985699996.9482422
2012-02-15 02:06:00,1.31147,1.3115,1.31144,1.31147,1069899978.6376953
2012-02-15 02:07:00,1.3115,1.31181,1.31149,1.31181,1167600021.3623047
2012-02-15 02:08:00,1.31182,1.31185,1.31171,1.31184,1263899993.8964844
2012-02-15 02:09:00,1.31184,1.31194,1.31176,1.31186,1129499969.4824219
2012-02-15 02:10:00,1.31186,1.3124,1.31185,1.3124,1560299987.7929688
2012-02-15 02:11:00,1.31241,1.31273,1.31239,1.31252,1780200042.7246094
2012-02-15 02:12:00,1.31251,1.31275,1.3125,1.31269,1254199981.6894531
2012-02-15 02:13:00,1.31269,1.3127,1.31252,1.31269,946100006.1035156
2012-02-15 02:14:00,1.31272,1.31305,1.31271,1.3128,1726900024.4140625
2012-02-15 02:15:00,1.3128,1.3128,1.31267,1.31273,1252900009.1552734
2012-02-15 02:16:00,1.31272,1.31274,1.31255,1.31255,1165800018.3105469
2012-02-15 02:17:00,1.31255,1.31274,1.31255,1.31271,650899963.3789062
2012-02-15 02:18:00,1.3127,1.31277,1.31263,1.31276,785599975.5859375
2012-02-15 02:19:00,1.31275,1.31275,1.3127,1.31271,271399993.8964844
2012-02-15 02:20:00,1.3127,1.31277,1.31267,1.31274,401399993.8964844
2012-02-15 02:21:00,1.31273,1.31311,1.31273,1.31297,1168499984.741211
2012-02-15 02:22:00,1.31297,1.31329,1.31287,1.31315,1926999969.4824219
2012-02-15 02:23:00,1.31318,1.31321,1.31305,1.31308,1211900024.4140625
2012-02-15 02:24:00,1.31308,1.3132,1.31303,1.31318,1167500000.0
2012-02-15 02:25:00,1.3132,1.31366,1.31319,1.31354,2267799987.7929688
2012-02-15 02:26:00,1.31353,1.31414,1.31351,1.31412,2777900085.4492188
2012-02-15 02:27:00,1.31415,1.31461,1.31414,1.31455,2644599914.5507812
2012-02-15 02:28:00,1.31457,1.31467,1.31438,1.31438,1853500061.0351562
2012-02-15 02:29:00,1.31436,1.31466,1.31436,1.31466,1867200012.2070312
2012-02-15 02:30:00,1.31466,1.31485,1.31447,1.31456,2366100006.1035156
2012-02-15 02:31:00,1.31456,1.31462,1.31432,1.31458,2169700012.2070312
2012-02-15 02:32:00,1.31458,1.31499,1.31457,1.31495,2892999877.9296875
2012-02-15 02:33:00,1.31494,1.31537,1.31493,1.31537,2774400024.4140625
2012-02-15 02:34:00,1.31538,1.31563,1.31538,1.31547,2359700012.2070312
2012-02-15 02:35:00,1.31547,1.31553,1.3152,1.31535,2707999877.9296875
2012-02-15 02:36:00,1.31536,1.31547,1.31529,1.31531,2394900054.9316406
2012-02-15 02:37:00,1.31531,1.31532,1.31513,1.31517,1227399978.6376953
2012-02-15 02:38:00,1.31517,1.31521,1.31488,1.31493,2653299865.7226562
2012-02-15 02:39:00,1.31494,1.315,1.31477,1.31483,2120800018.3105469
2012-02-15 02:40:00,1.31483,1.31515,1.31481,1.31508,1745500030.5175781
2012-02-15 02:41:00,1.31508,1.31533,1.31501,1.31527,1736199951.171875
2012-02-15 02:42:00,1.3153,1.31533,1.31517,1.31517,1537899932.8613281
2012-02-15 02:43:00,1.31517,1.3153,1.31517,1.31525,1661900024.4140625
2012-02-15 02:44:00,1.31523,1.31524,1.315,1.31501,2061999969.4824219
2012-02-15 02:45:00,1.315,1.31514,1.31493,1.31514,1420500030.5175781
2012-02-15 02:46:00,1.31514,1.31523,1.31506,1.31512,1198300018.3105469
2012-02-15 02:47:00,1.31512,1.31513,1.31497,1.31499,717200012.2070312
2012-02-15 02:48:00,1.31497,1.31497,1.31479,1.31487,1363300018.3105469
2012-02-15 02:49:00,1.31487,1.31487,1.31476,1.31484,1280299987.7929688
2012-02-15 02:50:00,1.31484,1.31485,1.31468,1.31474,1534799957.2753906
2012-02-15 02:51:00,1.31474,1.31474,1.31451,1.31457,1710500030.5175781
2012-02-15 02:52:00,1.31457,1.31487,1.31457,1.31487,1097500000.0
2012-02-15 02:53:00,1.31487,1.31506,1.31482,1.31494,1736499938.9648438
2012-02-15 02:54:00,1.31494,1.31494,1.31456,1.31464,1481199951.171875
2012-02-15 02:55:00,1.31464,1.31469,1.31456,1.31463,1657200012.2070312
2012-02-15 02:56:00,1.31463,1.31539,1.31463,1.31538,2597999877.9296875
2012-02-15 02:57:00,1.31539,1.31599,1.31539,1.31569,3507999877.9296875
2012-02-15 02:58:00,1.3157,1.31591,1.31556,1.31582,2658399963.3789062
2012-02-15 02:59:00,1.31582,1.31601,1.31578,1.31578,1888899993.8964844
2012-02-15 03:00:00,1.31577,1.31583,1.31537,1.31556,2208000030.517578
2012-02-15 03:01:00,1.31554,1.3157,1.31541,1.31563,1657899932.8613281
2012-02-15 03:02:00,1.31563,1.31579,1.31558,1.31568,1495399932.8613281
2012-02-15 03:03:00,1.31566,1.31576,1.31562,1.31565,1936799926.7578125
2012-02-15 03:04:00,1.31567,1.3162,1.31566,1.3162,2209499969.482422
2012-02-15 03:05:00,1.31624,1.31633,1.31594,1.31601,1775000000.0
2012-02-15 03:06:00,1.31603,1.31611,1.31588,1.31602,2014600067.1386719
2012-02-15 03:07:00,1.31599,1.3162,1.31578,1.31578,1539700012.2070312
2012-02-15 03:08:00,1.31576,1.31584,1.31552,1.3157,2009700012.2070312
2012-02-15 03:09:00,1.31567,1.31587,1.31567,1.31583,1287700042.7246094
2012-02-15 03:10:00,1.31581,1.31582,1.31555,1.31555,955800018.3105469
2012-02-15 03:11:00,1.31555,1.31581,1.31554,1.31581,1689900054.9316406
2012-02-15 03:12:00,1.31581,1.3159,1.31561,1.31565,1640500030.5175781
2012-02-15 03:13:00,1.31565,1.31568,1.31548,1.31568,1874299926.7578125
2012-02-15 03:14:00,1.31568,1.31568,1.31539,1.31554,2005700073.2421875
2012-02-15 03:15:00,1.31552,1.31557,1.31548,1.31552,1050100021.3623047
2012-02-15 03:16:00,1.31552,1.31554,1.3154,1.3154,555800018.3105469
2012-02-15 03:17:00,1.3154,1.3156,1.31539,1.31558,944199981.6894531
2012-02-15 03:18:00,1.31556,1.31556,1.31546,1.31547,689100036.6210938
2012-02-15 03:19:00,1.31546,1.31558,1.31534,1.31534,1065400009.1552734
2012-02-15 03:20:00,1.31534,1.31562,1.31534,1.31555,1183300018.3105469
2012-02-15 03:21:00,1.31555,1.3157,1.31553,1.3156,1302500000.0
2012-02-15 03:22:00,1.31558,1.31591,1.31556,1.31578,1011600036.6210938
2012-02-15 03:23:00,1.31579,1.31608,1.31576,1.316,1348999938.9648438
2012-02-15 03:24:00,1.316,1.31601,1.31583,1.31595,1362200012.2070312
2012-02-15 03:25:00,1.31595,1.31615,1.31592,1.31615,650299987.7929688
2012-02-15 03:26:00,1.31614,1.31623,1.31601,1.31604,1234400024.4140625
2012-02-15 03:27:00,1.31605,1.31628,1.31604,1.31607,1584299926.7578125
2012-02-15 03:28:00,1.31605,1.31609,1.31584,1.31593,1298699951.171875
2012-02-15 03:29:00,1.31593,1.31606,1.31584,1.31587,646699981.6894531
2012-02-15 03:30:00,1.31587,1.31611,1.31583,1.31606,1172099990.8447266
2012-02-15 03:31:00,1.31605,1.31605,1.31587,1.31597,648000030.5175781
2012-02-15 03:32:00,1.31597,1.31604,1.31588,1.31604,506699981.6894531
2012-02-15 03:33:00,1.31604,1.31604,1.31592,1.31603,590999984.7412109
2012-02-15 03:34:00,1.31598,1.31598,1.31593,1.31593,516899986.26708984
2012-02-15 03:35:00,1.31596,1.31603,1.31596,1.31597,445400009.15527344
2012-02-15 03:36:00,1.31595,1.31603,1.31584,1.31591,949800033.5693359
2012-02-15 03:37:00,1.3159,1.31592,1.31585,1.3159,421800003.0517578
2012-02-15 03:38:00,1.3159,1.31606,1.31586,1.31604,561599998.4741211
2012-02-15 03:39:00,1.31602,1.31607,1.31602,1.31603,477299995.4223633
2012-02-15 03:40:00,1.31603,1.31605,1.31597,1.31597,545400009.1552734
2012-02-15 03:41:00,1.31597,1.31606,1.31596,1.31603,594900016.784668
2012-02-15 03:42:00,1.31603,1.31624,1.31603,1.31618,866900024.4140625
2012-02-15 03:43:00,1.31618,1.31649,1.31618,1.31636,1331199951.171875
2012-02-15 03:44:00,1.31636,1.31644,1.31623,1.31623,1090699996.9482422
2012-02-15 03:45:00,1.31623,1.31625,1.31601,1.31605,622999992.3706055
2012-02-15 03:46:00,1.31605,1.31609,1.31604,1.31606,683700027.4658203
2012-02-15 03:47:00,1.31606,1.31632,1.31606,1.31628,914700012.2070312
2012-02-15 03:48:00,1.31628,1.31635,1.31615,1.31623,1038300018.3105469
2012-02-15 03:49:00,1.31623,1.31651,1.31617,1.31641,1263300018.3105469
2012-02-15 03:50:00,1.31639,1.31643,1.31633,1.31643,850899963.3789062
2012-02-15 03:51:00,1.3164,1.31649,1.31631,1.31638,567700004.5776367
2012-02-15 03:52:00,1.31639,1.31658,1.31632,1.31657,1015899963.3789062
2012-02-15 03:53:00,1.31658,1.3169,1.31658,1.3169,1685599975.5859375
2012-02-15 03:54:00,1.31688,1.31702,1.3168,1.3168,1386000061.0351562
2012-02-15 03:55:00,1.31678,1.31684,1.3167,1.3167,1401799926.7578125
2012-02-15 03:56:00,1.31669,1.31689,1.31669,1.31688,976299972.5341797
2012-02-15 03:57:00,1.31689,1.31709,1.31689,1.31708,867099990.8447266
2012-02-15 03:58:00,1.3171,1.31721,1.31708,1.31718,1436000061.0351562
2012-02-15 03:59:00,1.31718,1.31721,1.31714,1.31718,898199996.9482422
2012-02-15 04:00:00,1.31717,1.31717,1.3167,1.31672,2041900024.4140625
2012-02-15 04:01:00,1.31672,1.31706,1.31672,1.3169,1886399993.8964844
2012-02-15 04:02:00,1.31691,1.31707,1.31687,1.31699,1195400009.1552734
2012-02-15 04:03:00,1.31697,1.31699,1.31674,1.31677,1536999969.4824219
2012-02-15 04:04:00,1.31675,1.31681,1.31665,1.31676,1029300003.0517578
2012-02-15 04:05:00,1.31681,1.31681,1.31652,1.31652,1367100067.1386719
2012-02-15 04:06:00,1.31652,1.31661,1.31636,1.31636,1513200073.2421875
2012-02-15 04:07:00,1.31638,1.31656,1.31638,1.31656,848099975.5859375
2012-02-15 04:08:00,1.31654,1.31668,1.31653,1.31659,965299987.7929688
2012-02-15 04:09:00,1.3166,1.31665,1.31647,1.31656,712699966.4306641
2012-02-15 04:10:00,1.31656,1.31662,1.31634,1.31638,1198199996.9482422
2012-02-15 04:11:00,1.31648,1.31661,1.31638,1.31658,1011999969.4824219
2012-02-15 04:12:00,1.31658,1.3167,1.31644,1.31646,1082500000.0
2012-02-15 04:13:00,1.31648,1.31668,1.31642,1.31657,956999969.4824219
2012-02-15 04:14:00,1.31655,1.31658,1.31641,1.31656,1165500030.5175781
2012-02-15 04:15:00,1.31656,1.31666,1.31656,1.31662,667200012.2070312
2012-02-15 04:16:00,1.31663,1.31672,1.31655,1.31657,558100013.7329102
2012-02-15 04:17:00,1.31658,1.31661,1.31656,1.31656,367599983.21533203
2012-02-15 04:18:00,1.31656,1.31685,1.31655,1.31676,1629299926.7578125
2012-02-15 04:19:00,1.31677,1.31678,1.31671,1.31678,1126399993.8964844
2012-02-15 04:20:00,1.31678,1.31682,1.31665,1.31665,901999969.4824219
2012-02-15 04:21:00,1.31665,1.31665,1.31647,1.31653,1526199951.171875
2012-02-15 04:22:00,1.31652,1.31657,1.31618,1.31627,1765399932.8613281
2012-02-15 04:23:00,1.31628,1.31635,1.31608,1.31615,1567599945.0683594
2012-02-15 04:24:00,1.31615,1.31629,1.31613,1.31629,768099975.5859375
2012-02-15 04:25:00,1.31629,1.31629,1.31616,1.31616,558300018.3105469
2012-02-15 04:26:00,1.31616,1.31624,1.31613,1.31624,679400024.4140625
2012-02-15 04:27:00,1.31624,1.3164,1.31616,1.31636,1219499969.4824219
2012-02-15 04:28:00,1.31637,1.31638,1.31625,1.3163,970999984.7412109
2012-02-15 04:29:00,1.3163,1.31649,1.31622,1.31626,1830599975.5859375
2012-02-15 04:30:00,1.31627,1.31643,1.31627,1.31637,759100036.6210938
2012-02-15 04:31:00,1.31638,1.31652,1.3163,1.31652,914000015.2587891
2012-02-15 04:32:00,1.31652,1.31659,1.31633,1.31639,1115199966.430664
2012-02-15 04:33:00,1.31639,1.31656,1.31631,1.31631,1516399993.8964844
2012-02-15 04:34:00,1.31631,1.31659,1.31631,1.3165,1109599990.8447266
2012-02-15 04:35:00,1.3165,1.31661,1.31649,1.31655,768000030.5175781
2012-02-15 04:36:00,1.31655,1.31655,1.31641,1.31644,648199996.9482422
2012-02-15 04:37:00,1.31641,1.31645,1.31634,1.31643,515499992.37060547
2012-02-15 04:38:00,1.31644,1.31649,1.31631,1.31631,728300018.3105469
2012-02-15 04:39:00,1.31632,1.31632,1.31629,1.31629,186000003.81469727
2012-02-15 04:40:00,1.31629,1.31636,1.31626,1.31633,767399978.6376953
2012-02-15 04:41:00,1.31633,1.31635,1.31632,1.31633,310900001.5258789
2012-02-15 04:42:00,1.31633,1.31633,1.31616,1.31619,774599990.8447266
2012-02-15 04:43:00,1.31619,1.31622,1.31618,1.31622,313500003.81469727
2012-02-15 04:44:00,1.3162,1.31629,1.31618,1.31629,500200004.5776367
2012-02-15 04:45:00,1.31627,1.31629,1.3161,1.31626,833000030.5175781
2012-02-15 04:46:00,1.31627,1.31643,1.31611,1.31616,1352500000.0
2012-02-15 04:47:00,1.31616,1.31633,1.31616,1.31631,750299987.7929688
2012-02-15 04:48:00,1.31628,1.31648,1.31627,1.31646,959700012.2070312
2012-02-15 04:49:00,1.31646,1.31654,1.31624,1.31641,1231600036.6210938
2012-02-15 04:50:00,1.31639,1.31655,1.31632,1.31646,1079000015.258789
2012-02-15 04:51:00,1.31647,1.31655,1.31647,1.31647,1021600036.6210938
2012-02-15 04:52:00,1.31646,1.31661,1.31639,1.3165,1291000061.0351562
2012-02-15 04:53:00,1.31647,1.31671,1.31647,1.31669,452999992.37060547
2012-02-15 04:54:00,1.31673,1.31677,1.31666,1.31666,785500030.5175781
2012-02-15 04:55:00,1.31666,1.31666,1.31654,1.31655,659700012.2070312
2012-02-15 04:56:00,1.31654,1.31659,1.31642,1.31659,801900024.4140625
2012-02-15 04:57:00,1.31659,1.3166,1.31651,1.31655,621599998.4741211
2012-02-15 04:58:00,1.31656,1.31661,1.31653,1.31658,998600006.1035156
2012-02-15 04:59:00,1.3166,1.31668,1.31657,1.31658,700500030.5175781
2012-02-15 05:00:00,1.31658,1.31667,1.31657,1.31664,801299972.5341797
2012-02-15 05:01:00,1.31663,1.3167,1.31659,1.31664,538199996.9482422
2012-02-15 05:02:00,1.31666,1.31676,1.31664,1.31674,830500030.5175781
2012-02-15 05:03:00,1.31674,1.31675,1.31657,1.31663,900999984.7412109
2012-02-15 05:04:00,1.31661,1.31669,1.3166,1.31669,437999992.37060547
2012-02-15 05:05:00,1.3167,1.31678,1.31668,1.31676,658799972.5341797
2012-02-15 05:06:00,1.31676,1.31677,1.31669,1.31669,387400016.78466797
2012-02-15 05:07:00,1.31671,1.31694,1.31671,1.31694,725000000.0
2012-02-15 05:08:00,1.31699,1.31725,1.31699,1.31725,1545700073.2421875
2012-02-15 05:09:00,1.31724,1.31736,1.3171,1.31713,778600006.1035156
2012-02-15 05:10:00,1.31715,1.31723,1.3171,1.3172,713199996.9482422
2012-02-15 05:11:00,1.3172,1.31727,1.31711,1.3172,1079400024.4140625
2012-02-15 05:12:00,1.31719,1.3173,1.31717,1.31729,311200008.392334
2012-02-15 05:13:00,1.31727,1.31728,1.31719,1.31719,586300010.6811523
2012-02-15 05:14:00,1.3172,1.3172,1.31709,1.31717,741699981.6894531
2012-02-15 05:15:00,1.31717,1.31717,1.31688,1.31693,930599975.5859375
2012-02-15 05:16:00,1.31693,1.31704,1.31693,1.31704,758600006.1035156
2012-02-15 05:17:00,1.31701,1.31704,1.31692,1.31703,845199966.4306641
2012-02-15 05:18:00,1.31703,1.31703,1.31691,1.31691,515400009.15527344
2012-02-15 05:19:00,1.31692,1.31711,1.31691,1.31711,1058199996.9482422
2012-02-15 05:20:00,1.31711,1.3172,1.31704,1.31714,1376199951.171875
2012-02-15 05:21:00,1.31714,1.31726,1.31697,1.31714,1317700042.7246094
2012-02-15 05:22:00,1.31713,1.31717,1.31702,1.31706,1070899963.3789062
2012-02-15 05:23:00,1.31706,1.31716,1.31706,1.31713,660999984.7412109
2012-02-15 05:24:00,1.31713,1.31725,1.31698,1.31707,1553500061.0351562
2012-02-15 05:25:00,1.31704,1.31709,1.31701,1.31705,928399963.3789062
2012-02-15 05:26:00,1.31705,1.31705,1.31702,1.31705,417500000.0
2012-02-15 05:27:00,1.31706,1.31716,1.31704,1.31713,637900009.1552734
2012-02-15 05:28:00,1.31712,1.31716,1.31696,1.31696,1098300018.3105469
2012-02-15 05:29:00,1.31696,1.31705,1.3169,1.31694,1104899978.6376953
2012-02-15 05:30:00,1.31694,1.31696,1.3169,1.31694,1203199996.9482422
2012-02-15 05:31:00,1.31694,1.31694,1.3167,1.31673,1323099975.5859375
2012-02-15 05:32:00,1.31673,1.31676,1.31668,1.31676,1051200027.4658203
2012-02-15 05:33:00,1.31675,1.31677,1.31669,1.31674,637900009.1552734
2012-02-15 05:34:00,1.31674,1.31674,1.3165,1.3165,1402700042.7246094
2012-02-15 05:35:00,1.31649,1.31665,1.31648,1.31662,885500030.5175781
2012-02-15 05:36:00,1.31663,1.31667,1.3165,1.31665,1130199966.430664
2012-02-15 05:37:00,1.31666,1.31684,1.31665,1.31684,720800018.3105469
2012-02-15 05:38:00,1.31682,1.31682,1.3166,1.31662,989400024.4140625
2012-02-15 05:39:00,1.31661,1.31665,1.31649,1.3166,952399978.6376953
2012-02-15 05:40:00,1.3166,1.31665,1.31657,1.31663,803300018.3105469
2012-02-15 05:41:00,1.31663,1.31669,1.31652,1.31652,530400009.15527344
2012-02-15 05:42:00,1.3165,1.31715,1.3165,1.31714,1740500030.5175781
2012-02-15 05:43:00,1.31714,1.31733,1.31714,1.31717,1286600036.6210938
2012-02-15 05:44:00,1.31718,1.31719,1.31708,1.3171,735100021.3623047
2012-02-15 05:45:00,1.3171,1.31713,1.31706,1.31708,762399978.6376953
2012-02-15 05:46:00,1.31708,1.31717,1.31707,1.31715,430400009.15527344
2012-02-15 05:47:00,1.31716,1.31716,1.317,1.31706,817200012.2070312
2012-02-15 05:48:00,1.31706,1.31706,1.31689,1.31689,760199966.4306641
2012-02-15 05:49:00,1.31689,1.31703,1.31686,1.31702,829899978.6376953
2012-02-15 05:50:00,1.31702,1.31729,1.317,1.31727,1146299972.5341797
2012-02-15 05:51:00,1.31728,1.31796,1.31721,1.31782,2184199981.689453
2012-02-15 05:52:00,1.31785,1.3179,1.3178,1.31782,1546100006.1035156
2012-02-15 05:53:00,1.31782,1.31845,1.31774,1.31816,2485399932.861328
2012-02-15 05:54:00,1.31818,1.31818,1.31771,1.31783,1793699951.171875
2012-02-15 05:55:00,1.31786,1.31792,1.31778,1.31789,1191900024.4140625
2012-02-15 05:56:00,1.3179,1.31802,1.31782,1.31802,1038199996.9482422
2012-02-15 05:57:00,1.31801,1.31823,1.318,1.31816,1566900024.4140625
2012-02-15 05:58:00,1.31816,1.31816,1.31785,1.31792,2018399963.3789062
2012-02-15 05:59:00,1.31792,1.31804,1.31777,1.31797,1253099975.5859375
2012-02-15 06:00:00,1.31798,1.31811,1.31781,1.31781,1607200012.2070312
2012-02-15 06:01:00,1.31782,1.31815,1.31782,1.31815,1151500015.258789
2012-02-15 06:02:00,1.31815,1.31817,1.31777,1.31777,1714900054.9316406
2012-02-15 06:03:00,1.31777,1.31789,1.31777,1.31778,2193999938.9648438
2012-02-15 06:04:00,1.31781,1.31782,1.31758,1.3176,1243700027.4658203
2012-02-15 06:05:00,1.31759,1.31769,1.31751,1.31751,890000000.0
2012-02-15 06:06:00,1.31751,1.31751,1.31745,1.3175,982399978.6376953
2012-02-15 06:07:00,1.3175,1.31761,1.31744,1.31754,1238000030.5175781
2012-02-15 06:08:00,1.31754,1.31763,1.31749,1.31762,889300003.0517578
2012-02-15 06:09:00,1.3176,1.31766,1.31752,1.31766,1092900009.1552734
2012-02-15 06:10:00,1.31765,1.31767,1.3176,1.31761,565000000.0
2012-02-15 06:11:00,1.31761,1.31761,1.31748,1.31749,756699981.6894531
2012-02-15 06:12:00,1.31746,1.31746,1.31716,1.31728,1764799957.2753906
2012-02-15 06:13:00,1.31728,1.31733,1.31726,1.31728,559300003.0517578
2012-02-15 06:14:00,1.31728,1.31729,1.31705,1.31705,1151200027.4658203
2012-02-15 06:15:00,1.317,1.31706,1.31681,1.31699,2039499969.4824219
2012-02-15 06:16:00,1.317,1.31739,1.317,1.31732,2561400146.484375
2012-02-15 06:17:00,1.31732,1.31745,1.3173,1.31737,1546000061.0351562
2012-02-15 06:18:00,1.31736,1.31753,1.31734,1.31753,1104599990.8447266
2012-02-15 06:19:00,1.31751,1.31752,1.31729,1.31745,1346699981.6894531
2012-02-15 06:20:00,1.31744,1.3175,1.31731,1.31731,1386000061.0351562
2012-02-15 06:21:00,1.31731,1.31765,1.31731,1.31761,1367200012.2070312
2012-02-15 06:22:00,1.31761,1.3177,1.31744,1.31746,1053000030.5175781
2012-02-15 06:23:00,1.31748,1.31752,1.31724,1.31724,1172500000.0
2012-02-15 06:24:00,1.31724,1.31724,1.31709,1.31709,857699966.4306641
2012-02-15 06:25:00,1.31709,1.31716,1.31701,1.31701,1179700012.2070312
2012-02-15 06:26:00,1.31701,1.31711,1.31701,1.3171,391800003.0517578
2012-02-15 06:27:00,1.3171,1.31734,1.3171,1.31734,491800003.0517578
2012-02-15 06:28:00,1.31734,1.31748,1.31733,1.31743,808600006.1035156
2012-02-15 06:29:00,1.31744,1.3175,1.3174,1.31741,762200012.2070312
2012-02-15 06:30:00,1.31742,1.31761,1.31742,1.31759,1588500061.0351562
2012-02-15 06:31:00,1.31759,1.31784,1.31759,1.31782,2322799987.7929688
2012-02-15 06:32:00,1.31783,1.31793,1.31776,1.31777,1261500015.258789
2012-02-15 06:33:00,1.31776,1.31779,1.31738,1.31757,1950299987.7929688
2012-02-15 06:34:00,1.31762,1.31767,1.31754,1.31761,1494900054.9316406
2012-02-15 06:35:00,1.31761,1.31763,1.31757,1.31761,633400001.5258789
2012-02-15 06:36:00,1.31759,1.31764,1.31748,1.31749,1037500000.0
2012-02-15 06:37:00,1.31748,1.31766,1.31735,1.3175,1931300048.828125
2012-02-15 06:38:00,1.31751,1.31763,1.31739,1.3176,1583300018.3105469
2012-02-15 06:39:00,1.31761,1.31801,1.31761,1.31797,2065299987.7929688
2012-02-15 06:40:00,1.31798,1.31822,1.31782,1.3181,2145700073.2421875
2012-02-15 06:41:00,1.31811,1.31819,1.31802,1.31802,965400009.1552734
2012-02-15 06:42:00,1.31801,1.31801,1.31761,1.31784,1454799957.2753906
2012-02-15 06:43:00,1.31788,1.318,1.31788,1.31789,1135800018.3105469
2012-02-15 06:44:00,1.3179,1.3179,1.31751,1.31751,1355700073.2421875
2012-02-15 06:45:00,1.31751,1.3176,1.31751,1.31755,688099975.5859375
2012-02-15 06:46:00,1.31755,1.31768,1.31752,1.31763,987399978.6376953
2012-02-15 06:47:00,1.31763,1.31771,1.31759,1.31767,1043899993.8964844
2012-02-15 06:48:00,1.31768,1.31768,1.31756,1.31757,741800003.0517578
2012-02-15 06:49:00,1.31756,1.31764,1.31756,1.31764,663600006.1035156
2012-02-15 06:50:00,1.31764,1.31784,1.31764,1.31784,768099975.5859375
2012-02-15 06:51:00,1.31785,1.3182,1.31785,1.31789,1149800033.569336
2012-02-15 06:52:00,1.31788,1.31802,1.31768,1.31769,1040000000.0
2012-02-15 06:53:00,1.31769,1.31769,1.31752,1.31752,873000030.5175781
2012-02-15 06:54:00,1.31752,1.31783,1.31752,1.31772,1835099945.0683594
2012-02-15 06:55:00,1.3177,1.31775,1.31753,1.31753,1075500030.5175781
2012-02-15 06:56:00,1.31757,1.31757,1.31749,1.31751,636699981.6894531
2012-02-15 06:57:00,1.31751,1.31751,1.31695,1.31706,2032400054.9316406
2012-02-15 06:58:00,1.31708,1.31712,1.31688,1.3169,1459799957.2753906
2012-02-15 06:59:00,1.3169,1.3171,1.31685,1.31702,2052700042.7246094
2012-02-15 07:00:00,1.31705,1.31754,1.31703,1.31751,2435000000.0
2012-02-15 07:01:00,1.31751,1.3176,1.31727,1.31727,2168200073.2421875
2012-02-15 07:02:00,1.3172,1.31724,1.31701,1.31712,1418800048.828125
2012-02-15 07:03:00,1.31712,1.31716,1.3171,1.31715,1091500015.258789
2012-02-15 07:04:00,1.31715,1.31755,1.31712,1.31731,1907299957.2753906
2012-02-15 07:05:00,1.31731,1.31751,1.3173,1.31745,1397299957.2753906
2012-02-15 07:06:00,1.31744,1.31748,1.31733,1.31733,951299972.5341797
2012-02-15 07:07:00,1.31731,1.31753,1.31725,1.3175,1296199951.171875
2012-02-15 07:08:00,1.3175,1.31755,1.31733,1.31737,872900009.1552734
2012-02-15 07:09:00,1.31738,1.31738,1.31725,1.31734,1430700073.2421875
2012-02-15 07:10:00,1.31734,1.31795,1.31734,1.31786,2470599975.5859375
2012-02-15 07:11:00,1.31785,1.31793,1.31762,1.31777,2368699951.171875
2012-02-15 07:12:00,1.31776,1.3178,1.31773,1.31776,873300018.3105469
2012-02-15 07:13:00,1.31777,1.31834,1.31777,1.31799,1869100036.6210938
2012-02-15 07:14:00,1.31799,1.3181,1.31779,1.31781,1494499969.4824219
2012-02-15 07:15:00,1.31782,1.31802,1.3178,1.31783,1431399993.8964844
2012-02-15 07:16:00,1.31783,1.31811,1.31783,1.31802,1638899993.8964844
2012-02-15 07:17:00,1.31802,1.31807,1.31787,1.31792,2030099945.0683594
2012-02-15 07:18:00,1.31793,1.31805,1.31782,1.31794,2436799926.7578125
2012-02-15 07:19:00,1.31793,1.31804,1.31791,1.31801,1197900009.1552734
2012-02-15 07:20:00,1.31801,1.31807,1.31785,1.31789,1455099945.0683594
2012-02-15 07:21:00,1.31789,1.31808,1.31787,1.31806,1920500030.5175781
2012-02-15 07:22:00,1.31803,1.31866,1.31803,1.3185,2571499938.9648438
2012-02-15 07:23:00,1.31853,1.31902,1.31853,1.3189,3118299865.7226562
2012-02-15 07:24:00,1.3189,1.3189,1.3186,1.31863,2040500030.5175781
2012-02-15 07:25:00,1.31863,1.31886,1.31859,1.31882,2161100006.1035156
2012-02-15 07:26:00,1.31882,1.31903,1.31832,1.31835,2760700073.2421875
2012-02-15 07:27:00,1.31837,1.31858,1.31824,1.31848,2616499938.9648438
2012-02-15 07:28:00,1.31851,1.31851,1.31816,1.31838,2273200073.2421875
2012-02-15 07:29:00,1.31838,1.31856,1.31829,1.31852,1927500000.0
2012-02-15 07:30:00,1.3185,1.31862,1.31805,1.31809,2295500030.517578
2012-02-15 07:31:00,1.31809,1.3181,1.31776,1.31778,2237899932.861328
2012-02-15 07:32:00,1.31779,1.3179,1.31771,1.31771,1642799987.7929688
2012-02-15 07:33:00,1.31776,1.3178,1.31759,1.31768,1756799926.7578125
2012-02-15 07:34:00,1.31771,1.31778,1.31752,1.31759,1375800018.3105469
2012-02-15 07:35:00,1.31763,1.31788,1.31763,1.31782,1661799926.7578125
2012-02-15 07:36:00,1.31782,1.31783,1.31768,1.31772,1359199981.6894531
2012-02-15 07:37:00,1.31772,1.31774,1.31749,1.31759,1768500061.0351562
2012-02-15 07:38:00,1.31759,1.31775,1.31754,1.3176,1486000061.0351562
2012-02-15 07:39:00,1.31759,1.31789,1.31759,1.31769,1685200042.7246094
2012-02-15 07:40:00,1.3177,1.31774,1.31754,1.31758,1842500000.0
2012-02-15 07:41:00,1.31761,1.31764,1.31741,1.31744,1711799926.7578125
2012-02-15 07:42:00,1.31742,1.31743,1.31738,1.3174,727799987.7929688
2012-02-15 07:43:00,1.3174,1.31741,1.31731,1.31731,1025000000.0
2012-02-15 07:44:00,1.31732,1.31732,1.31713,1.3172,1478000030.5175781
2012-02-15 07:45:00,1.3172,1.3172,1.31662,1.31669,2416600036.6210938
2012-02-15 07:46:00,1.31672,1.31691,1.3166,1.31672,2097500000.0
2012-02-15 07:47:00,1.31672,1.31683,1.31615,1.31635,3799200134.2773438
2012-02-15 07:48:00,1.31638,1.31664,1.31638,1.31657,2247700042.7246094
2012-02-15 07:49:00,1.31657,1.31673,1.316,1.31604,2618399963.3789062
2012-02-15 07:50:00,1.31604,1.31638,1.31602,1.31637,3145799865.7226562
2012-02-15 07:51:00,1.31638,1.31652,1.31617,1.31629,3162300109.8632812
2012-02-15 07:52:00,1.31627,1.31644,1.31611,1.31612,1970099945.0683594
2012-02-15 07:53:00,1.31612,1.3162,1.3159,1.31598,1944900054.9316406
2012-02-15 07:54:00,1.31598,1.31644,1.31598,1.31637,2276499938.9648438
2012-02-15 07:55:00,1.31637,1.31677,1.31637,1.31648,2820000000.0
2012-02-15 07:56:00,1.31649,1.31652,1.31648,1.31652,915400009.1552734
2012-02-15 07:57:00,1.31652,1.3167,1.31652,1.31658,1596799926.7578125
2012-02-15 07:58:00,1.31658,1.31664,1.31649,1.31651,898099975.5859375
2012-02-15 07:59:00,1.3165,1.31659,1.31637,1.31637,1495200042.7246094
2012-02-15 08:00:00,1.31638,1.31656,1.31636,1.31647,2100599975.5859375
2012-02-15 08:01:00,1.31646,1.31686,1.31642,1.31673,2834100036.6210938
2012-02-15 08:02:00,1.31671,1.31705,1.31661,1.31702,2266100006.1035156
2012-02-15 08:03:00,1.31702,1.31708,1.31688,1.31702,2318800048.828125
2012-02-15 08:04:00,1.31701,1.31703,1.31663,1.31693,2481000061.0351562
2012-02-15 08:05:00,1.31694,1.31717,1.31691,1.31717,2133300018.3105469
2012-02-15 08:06:00,1.31717,1.31717,1.31694,1.31699,1991799926.7578125
2012-02-15 08:07:00,1.31698,1.31699,1.3166,1.31671,2572000122.0703125
2012-02-15 08:08:00,1.31671,1.31672,1.31635,1.31655,2519799957.2753906
2012-02-15 08:09:00,1.31654,1.31661,1.31633,1.31661,2646799926.7578125
2012-02-15 08:10:00,1.31662,1.31688,1.3165,1.3165,2284799957.2753906
2012-02-15 08:11:00,1.3165,1.31657,1.31635,1.31638,2355800018.310547
2012-02-15 08:12:00,1.31639,1.31663,1.31628,1.31658,2522100067.138672
2012-02-15 08:13:00,1.31658,1.31664,1.31649,1.31653,1792899932.8613281
2012-02-15 08:14:00,1.31654,1.31668,1.31628,1.31633,2346000061.0351562
2012-02-15 08:15:00,1.31632,1.31662,1.31631,1.31661,2071900024.4140625
2012-02-15 08:16:00,1.31658,1.31664,1.31635,1.31653,2581600036.6210938
2012-02-15 08:17:00,1.31651,1.3169,1.31647,1.31675,2731499938.9648438
2012-02-15 08:18:00,1.31677,1.31709,1.31674,1.31694,2410800018.310547
2012-02-15 08:19:00,1.31694,1.31699,1.31663,1.3167,2578099975.5859375
2012-02-15 08:20:00,1.31667,1.31673,1.31639,1.31649,2645400085.4492188
2012-02-15 08:21:00,1.31649,1.31649,1.3161,1.31622,2921600036.6210938
2012-02-15 08:22:00,1.31623,1.31656,1.3162,1.31652,2812699890.1367188
2012-02-15 08:23:00,1.31652,1.31653,1.3161,1.3162,1874400024.4140625
2012-02-15 08:24:00,1.31619,1.31622,1.31573,1.31575,2573599853.515625
2012-02-15 08:25:00,1.31574,1.31613,1.31569,1.31605,3431700134.2773438
2012-02-15 08:26:00,1.31606,1.31625,1.31605,1.31619,2660899963.3789062
2012-02-15 08:27:00,1.3162,1.31637,1.3162,1.31626,2008300018.3105469
2012-02-15 08:28:00,1.31627,1.31627,1.3156,1.31571,2694400024.4140625
2012-02-15 08:29:00,1.3157,1.31574,1.31554,1.31566,3487500000.0
2012-02-15 08:30:00,1.31566,1.31595,1.3156,1.31563,2211100006.1035156
2012-02-15 08:31:00,1.31562,1.31585,1.31561,1.31564,1941000061.0351562
2012-02-15 08:32:00,1.31564,1.31584,1.31543,1.31574,3170799865.7226562
2012-02-15 08:33:00,1.31574,1.31583,1.31555,1.31568,2711900024.4140625
2012-02-15 08:34:00,1.31567,1.3157,1.31536,1.3154,2818599853.515625
2012-02-15 08:35:00,1.3154,1.31583,1.3154,1.3156,2075800018.3105469
2012-02-15 08:36:00,1.31562,1.31592,1.31559,1.31591,3014700012.2070312
2012-02-15 08:37:00,1.3159,1.31619,1.3159,1.31608,2374700012.2070312
2012-02-15 08:38:00,1.3161,1.31632,1.31602,1.31622,3060599975.5859375
2012-02-15 08:39:00,1.31622,1.31622,1.31584,1.31611,2469299926.7578125
2012-02-15 08:40:00,1.31611,1.31621,1.31609,1.3161,2369299926.7578125
2012-02-15 08:41:00,1.31611,1.31613,1.31578,1.31612,2686300048.828125
2012-02-15 08:42:00,1.31612,1.31624,1.31575,1.31581,2772099914.5507812
2012-02-15 08:43:00,1.31581,1.31595,1.31577,1.31581,1733899993.8964844
2012-02-15 08:44:00,1.31582,1.31593,1.31571,1.31583,1939299926.7578125
2012-02-15 08:45:00,1.31583,1.31597,1.31559,1.31562,2179600067.138672
2012-02-15 08:46:00,1.31561,1.31587,1.3156,1.31579,2001000061.0351562
2012-02-15 08:47:00,1.31579,1.31587,1.31576,1.31587,1718399963.3789062
2012-02-15 08:48:00,1.31587,1.31597,1.31579,1.31586,2382599945.0683594
2012-02-15 08:49:00,1.31586,1.31597,1.31573,1.31573,2059600067.1386719
2012-02-15 08:50:00,1.3157,1.31595,1.31549,1.31586,2667099914.5507812
2012-02-15 08:51:00,1.31588,1.31624,1.31588,1.31619,2492700042.7246094
2012-02-15 08:52:00,1.31619,1.31654,1.31598,1.31644,2413099975.5859375
2012-02-15 08:53:00,1.31647,1.31648,1.31621,1.31636,1846100006.1035156
2012-02-15 08:54:00,1.31636,1.31645,1.3163,1.31631,1575500030.5175781
2012-02-15 08:55:00,1.31631,1.3165,1.31625,1.31643,2249799957.2753906
2012-02-15 08:56:00,1.31643,1.31645,1.31627,1.31631,2021699981.6894531
2012-02-15 08:57:00,1.31631,1.31632,1.31621,1.31621,2287500000.0
2012-02-15 08:58:00,1.31619,1.31624,1.31613,1.31617,1634199981.6894531
2012-02-15 08:59:00,1.31617,1.31639,1.31607,1.31607,2759800109.8632812
2012-02-15 09:00:00,1.31608,1.31616,1.31579,1.31591,2992500000.0
2012-02-15 09:01:00,1.31592,1.31619,1.31591,1.31605,2357500000.0
2012-02-15 09:02:00,1.31601,1.31611,1.31577,1.31577,1787500000.0
2012-02-15 09:03:00,1.31577,1.31598,1.3157,1.3157,2658299865.7226562
2012-02-15 09:04:00,1.31573,1.31612,1.31569,1.31594,2268399963.3789062
2012-02-15 09:05:00,1.31594,1.31603,1.3158,1.31581,1640500030.5175781
2012-02-15 09:06:00,1.3158,1.31595,1.3158,1.31585,1407200012.2070312
2012-02-15 09:07:00,1.31586,1.31604,1.31576,1.31601,1910800018.3105469
2012-02-15 09:08:00,1.31601,1.31614,1.31593,1.31611,2401699981.689453
2012-02-15 09:09:00,1.31611,1.31633,1.31604,1.31607,1745599975.5859375
2012-02-15 09:10:00,1.31611,1.31625,1.31602,1.31603,1525800018.3105469
2012-02-15 09:11:00,1.31602,1.31613,1.3159,1.31592,2322400054.9316406
2012-02-15 09:12:00,1.31591,1.31624,1.31591,1.31621,2755000000.0
2012-02-15 09:13:00,1.31621,1.31621,1.31603,1.31603,1618099975.5859375
2012-02-15 09:14:00,1.31604,1.31606,1.31585,1.31602,3096799926.7578125
2012-02-15 09:15:00,1.31601,1.31614,1.316,1.31614,1952200012.2070312
2012-02-15 09:16:00,1.31613,1.31629,1.31613,1.31621,1574700012.2070312
2012-02-15 09:17:00,1.31622,1.31624,1.31577,1.31601,3008900146.484375
2012-02-15 09:18:00,1.31601,1.3168,1.31596,1.31671,3372799987.7929688
2012-02-15 09:19:00,1.31673,1.31711,1.31671,1.31671,2932500000.0
2012-02-15 09:20:00,1.31671,1.31735,1.31661,1.31735,2624400024.4140625
2012-02-15 09:21:00,1.31735,1.31762,1.3172,1.31762,2771199951.171875
2012-02-15 09:22:00,1.31761,1.3178,1.31747,1.3177,3012500000.0
2012-02-15 09:23:00,1.3177,1.31781,1.3176,1.31778,2691499938.9648438
2012-02-15 09:24:00,1.31777,1.31821,1.31776,1.31798,2440000000.0
2012-02-15 09:25:00,1.318,1.3183,1.31789,1.3183,2780299987.7929688
2012-02-15 09:26:00,1.3183,1.31831,1.31791,1.31791,2267799987.7929688
2012-02-15 09:27:00,1.31789,1.31789,1.31738,1.3176,2363800048.828125
2012-02-15 09:28:00,1.31759,1.31759,1.31736,1.31736,2344799957.2753906
2012-02-15 09:29:00,1.31731,1.31733,1.317,1.31711,2953200073.2421875
2012-02-15 09:30:00,1.31711,1.31737,1.31709,1.31712,2865400085.4492188
2012-02-15 09:31:00,1.3171,1.31731,1.31705,1.31707,1750200042.7246094
2012-02-15 09:32:00,1.31708,1.31708,1.31656,1.31692,2497899932.861328
2012-02-15 09:33:00,1.31693,1.31711,1.3169,1.31703,2792900085.4492188
2012-02-15 09:34:00,1.31704,1.31737,1.31697,1.31727,1796900024.4140625
2012-02-15 09:35:00,1.31727,1.31765,1.31726,1.31758,2443200073.2421875
2012-02-15 09:36:00,1.31757,1.3177,1.31725,1.31747,2882500000.0
2012-02-15 09:37:00,1.31743,1.31743,1.31725,1.3173,1874299926.7578125
2012-02-15 09:38:00,1.3173,1.31732,1.31686,1.31687,2120599975.5859375
2012-02-15 09:39:00,1.31688,1.3172,1.31677,1.31677,2092700042.7246094
2012-02-15 09:40:00,1.31677,1.31687,1.31662,1.3167,2117299957.2753906
2012-02-15 09:41:00,1.31669,1.31696,1.31669,1.31674,1810000000.0
2012-02-15 09:42:00,1.31675,1.31692,1.31675,1.31682,1474900054.9316406
2012-02-15 09:43:00,1.31685,1.31707,1.31685,1.31702,1215000000.0
2012-02-15 09:44:00,1.31702,1.31702,1.3167,1.31671,2198200073.2421875
2012-02-15 09:45:00,1.31669,1.31675,1.3166,1.31663,1433000030.5175781
2012-02-15 09:46:00,1.31663,1.31672,1.31662,1.31669,1257200012.2070312
2012-02-15 09:47:00,1.31669,1.31686,1.31669,1.3168,1463200073.2421875
2012-02-15 09:48:00,1.3168,1.31691,1.31671,1.31678,1976799926.7578125
2012-02-15 09:49:00,1.31677,1.31697,1.31677,1.31697,2231199951.171875
2012-02-15 09:50:00,1.31697,1.31726,1.31686,1.31724,1926799926.7578125
2012-02-15 09:51:00,1.31724,1.31738,1.3172,1.31724,1843000030.5175781
2012-02-15 09:52:00,1.31723,1.31735,1.31715,1.31731,1728600006.1035156
2012-02-15 09:53:00,1.3173,1.31768,1.31725,1.31756,2653200073.2421875
2012-02-15 09:54:00,1.31756,1.31772,1.31745,1.31745,2378399963.3789062
2012-02-15 09:55:00,1.31746,1.31753,1.3171,1.31741,2389299926.7578125
2012-02-15 09:56:00,1.3174,1.3174,1.31721,1.31736,1828800048.828125
2012-02-15 09:57:00,1.31736,1.31751,1.31735,1.31742,1989900054.9316406
2012-02-15 09:58:00,1.31742,1.31744,1.31699,1.31707,1958300018.3105469
2012-02-15 09:59:00,1.31711,1.31717,1.31678,1.3168,1380599975.5859375
2012-02-15 10:00:00,1.31681,1.31722,1.31681,1.31717,2220500030.517578
2012-02-15 10:01:00,1.31718,1.31729,1.31699,1.31699,1620500030.5175781
2012-02-15 10:02:00,1.31699,1.31723,1.31692,1.31723,1986000061.0351562
2012-02-15 10:03:00,1.31723,1.31744,1.3172,1.31743,2577900085.4492188
2012-02-15 10:04:00,1.31749,1.31783,1.31747,1.31779,4060499877.9296875
2012-02-15 10:05:00,1.3178,1.31801,1.3177,1.31791,2730899963.3789062
2012-02-15 10:06:00,1.31791,1.31791,1.3177,1.31772,2036699981.6894531
2012-02-15 10:07:00,1.31772,1.31774,1.31741,1.31753,2865100097.65625
2012-02-15 10:08:00,1.31753,1.3176,1.31745,1.31749,1929900054.9316406
2012-02-15 10:09:00,1.31749,1.31771,1.31745,1.31746,1899299926.7578125
2012-02-15 10:10:00,1.31751,1.31779,1.31747,1.3177,1726699981.6894531
2012-02-15 10:11:00,1.3177,1.3177,1.31734,1.3175,2678599853.515625
2012-02-15 10:12:00,1.31752,1.31753,1.31721,1.31737,2285599975.5859375
2012-02-15 10:13:00,1.31733,1.31742,1.3171,1.31717,1912100067.1386719
2012-02-15 10:14:00,1.31719,1.31733,1.31713,1.31727,1545200042.7246094
2012-02-15 10:15:00,1.31727,1.31744,1.31727,1.31731,1292899932.8613281
2012-02-15 10:16:00,1.31727,1.31737,1.3171,1.31733,1697799987.7929688
2012-02-15 10:17:00,1.31732,1.31739,1.31717,1.31739,1712799987.7929688
2012-02-15 10:18:00,1.3174,1.31751,1.31738,1.31739,1194599990.8447266
2012-02-15 10:19:00,1.31738,1.31738,1.31711,1.31723,2142200012.2070312
2012-02-15 10:20:00,1.31723,1.31726,1.31703,1.31723,1434100036.6210938
2012-02-15 10:21:00,1.31722,1.31724,1.31707,1.31714,1487400054.9316406
2012-02-15 10:22:00,1.31711,1.31739,1.3171,1.31719,1893500061.0351562
2012-02-15 10:23:00,1.3172,1.31752,1.31719,1.31735,1355299987.7929688
2012-02-15 10:24:00,1.31735,1.31759,1.31726,1.31749,1949100036.6210938
2012-02-15 10:25:00,1.31749,1.31749,1.31732,1.31748,2455700073.2421875
2012-02-15 10:26:00,1.31748,1.31763,1.31742,1.3175,2590299987.7929688
2012-02-15 10:27:00,1.31749,1.31782,1.31749,1.31779,2380899963.3789062
2012-02-15 10:28:00,1.3178,1.31789,1.31775,1.31777,1476499938.9648438
2012-02-15 10:29:00,1.31777,1.31777,1.31755,1.31766,2027599945.0683594
2012-02-15 10:30:00,1.31762,1.3177,1.31721,1.31721,2112200012.2070312
2012-02-15 10:31:00,1.3172,1.31732,1.31711,1.31712,1904100036.6210938
2012-02-15 10:32:00,1.31712,1.31715,1.31694,1.31714,1716000061.0351562
2012-02-15 10:33:00,1.31714,1.31743,1.31714,1.3174,2812000122.0703125
2012-02-15 10:34:00,1.31738,1.31743,1.31703,1.31711,2858699951.171875
2012-02-15 10:35:00,1.31706,1.31719,1.31676,1.31687,2525500030.517578
2012-02-15 10:36:00,1.3169,1.31713,1.31681,1.31692,2717399902.34375
2012-02-15 10:37:00,1.31692,1.31694,1.31681,1.31689,2632500000.0
2012-02-15 10:38:00,1.31689,1.31692,1.31671,1.31673,2087700042.7246094
2012-02-15 10:39:00,1.31674,1.31682,1.31637,1.31642,2790899963.3789062
2012-02-15 10:40:00,1.31643,1.31643,1.3162,1.31625,3409599914.5507812
2012-02-15 10:41:00,1.31625,1.31631,1.31596,1.31598,2706600036.6210938
2012-02-15 10:42:00,1.31598,1.31624,1.31598,1.31624,1381600036.6210938
2012-02-15 10:43:00,1.31624,1.31624,1.31565,1.31575,2491000061.0351562
2012-02-15 10:44:00,1.31573,1.31605,1.31573,1.31601,1967599945.0683594
2012-02-15 10:45:00,1.31602,1.31627,1.31593,1.31606,2174199981.689453
2012-02-15 10:46:00,1.31605,1.31605,1.31558,1.31565,2799400024.4140625
2012-02-15 10:47:00,1.3156,1.3156,1.3152,1.31541,3136300048.828125
2012-02-15 10:48:00,1.31541,1.31545,1.31523,1.31524,2329900054.9316406
2012-02-15 10:49:00,1.31522,1.31532,1.31489,1.31513,3586199951.171875
2012-02-15 10:50:00,1.31514,1.31555,1.31514,1.31552,2494600067.138672
2012-02-15 10:51:00,1.31552,1.31564,1.31523,1.31527,2636000061.0351562
2012-02-15 10:52:00,1.31528,1.31533,1.31482,1.31498,3370000000.0
2012-02-15 10:53:00,1.31499,1.31501,1.31468,1.31473,2804299926.7578125
2012-02-15 10:54:00,1.31473,1.31502,1.31455,1.31489,3165199890.1367188
2012-02-15 10:55:00,1.31489,1.31517,1.31489,1.31516,2578999938.9648438
2012-02-15 10:56:00,1.31514,1.31546,1.31511,1.31541,2241000061.0351562
2012-02-15 10:57:00,1.31542,1.31543,1.31521,1.31524,2083200073.2421875
2012-02-15 10:58:00,1.31522,1.31535,1.31521,1.31534,1121399993.8964844
2012-02-15 10:59:00,1.31534,1.31562,1.31531,1.31558,2684299926.7578125
2012-02-15 11:00:00,1.31557,1.31557,1.31527,1.31528,1883000030.5175781
2012-02-15 11:01:00,1.31528,1.31545,1.31527,1.31538,1804299926.7578125
2012-02-15 11:02:00,1.3154,1.31557,1.3154,1.31543,2073600006.1035156
2012-02-15 11:03:00,1.31544,1.31556,1.31542,1.3155,2058200073.2421875
2012-02-15 11:04:00,1.31551,1.31555,1.31544,1.3155,1385099945.0683594
2012-02-15 11:05:00,1.3155,1.31557,1.31535,1.31543,1597500000.0
2012-02-15 11:06:00,1.31542,1.3155,1.31534,1.31548,2058000030.5175781
2012-02-15 11:07:00,1.31548,1.31565,1.31546,1.31565,1752400054.9316406
2012-02-15 11:08:00,1.31565,1.31565,1.31528,1.31535,2223999938.9648438
2012-02-15 11:09:00,1.31534,1.31542,1.31527,1.3154,2130200042.7246094
2012-02-15 11:10:00,1.3154,1.31551,1.31515,1.31522,2361499938.9648438
2012-02-15 11:11:00,1.31522,1.31535,1.31506,1.31506,1485700073.2421875
2012-02-15 11:12:00,1.31506,1.31515,1.31491,1.31492,1908300018.3105469
2012-02-15 11:13:00,1.31493,1.3151,1.31492,1.31505,2077400054.9316406
2012-02-15 11:14:00,1.31505,1.3153,1.31505,1.31526,2356199951.171875
2012-02-15 11:15:00,1.31526,1.31536,1.31502,1.31521,2374900054.9316406
2012-02-15 11:16:00,1.31518,1.31542,1.31511,1.3154,2038099975.5859375
2012-02-15 11:17:00,1.3154,1.31542,1.31519,1.3152,1147399978.6376953
2012-02-15 11:18:00,1.3152,1.3153,1.31519,1.31528,1257300033.569336
2012-02-15 11:19:00,1.31527,1.31527,1.31504,1.31509,1466399993.8964844
2012-02-15 11:20:00,1.31508,1.31513,1.31486,1.31513,2563999938.9648438
2012-02-15 11:21:00,1.31514,1.31528,1.31514,1.31522,1195199966.430664
2012-02-15 11:22:00,1.31523,1.31557,1.31513,1.31551,2382100067.138672
2012-02-15 11:23:00,1.31551,1.3156,1.31547,1.3156,1527700042.7246094
2012-02-15 11:24:00,1.31559,1.31581,1.31559,1.31569,1974600067.1386719
2012-02-15 11:25:00,1.31569,1.31583,1.31563,1.31574,2010200042.7246094
2012-02-15 11:26:00,1.31575,1.31591,1.31564,1.31569,2441499938.9648438
2012-02-15 11:27:00,1.31569,1.31595,1.31569,1.31577,2093600006.1035156
2012-02-15 11:28:00,1.31577,1.31583,1.31572,1.31577,1578200073.2421875
2012-02-15 11:29:00,1.31576,1.31586,1.31575,1.31584,1473999938.9648438
2012-02-15 11:30:00,1.31584,1.31607,1.31564,1.31586,2555200042.7246094
2012-02-15 11:31:00,1.31585,1.31605,1.31583,1.31605,3077999877.9296875
2012-02-15 11:32:00,1.31604,1.31604,1.31582,1.3159,1814199981.6894531
2012-02-15 11:33:00,1.31592,1.31602,1.31588,1.31601,1346199951.171875
2012-02-15 11:34:00,1.31601,1.31603,1.31595,1.31599,967300033.5693359
2012-02-15 11:35:00,1.31599,1.31603,1.31587,1.31602,1472599945.0683594
2012-02-15 11:36:00,1.31602,1.31604,1.31591,1.31601,1062200012.2070312
2012-02-15 11:37:00,1.31601,1.31603,1.3159,1.31598,1377899932.8613281
2012-02-15 11:38:00,1.316,1.31611,1.31595,1.31611,1375700073.2421875
2012-02-15 11:39:00,1.31612,1.31635,1.31604,1.31632,1763899993.8964844
2012-02-15 11:40:00,1.31632,1.31642,1.31626,1.31632,2309700012.2070312
2012-02-15 11:41:00,1.31632,1.3164,1.31629,1.31639,1241999969.4824219
2012-02-15 11:42:00,1.31639,1.3164,1.31623,1.31627,1491199951.171875
2012-02-15 11:43:00,1.31628,1.31633,1.31621,1.31625,1326000061.0351562
2012-02-15 11:44:00,1.31626,1.31641,1.31622,1.31636,1453999938.9648438
2012-02-15 11:45:00,1.31635,1.31635,1.31623,1.31632,1829499969.4824219
2012-02-15 11:46:00,1.31632,1.31639,1.31623,1.31623,961900024.4140625
2012-02-15 11:47:00,1.31624,1.31626,1.31581,1.31582,2138300018.3105469
2012-02-15 11:48:00,1.31582,1.31583,1.3154,1.31561,2388200073.2421875
2012-02-15 11:49:00,1.31561,1.31562,1.31551,1.31553,1843300018.3105469
2012-02-15 11:50:00,1.31554,1.31563,1.31529,1.31533,2339799957.2753906
2012-02-15 11:51:00,1.31537,1.31541,1.31512,1.31541,1915299987.7929688
2012-02-15 11:52:00,1.31541,1.31545,1.31514,1.31532,1417500000.0
2012-02-15 11:53:00,1.31532,1.31541,1.31528,1.3154,950999984.7412109
2012-02-15 11:54:00,1.31539,1.31562,1.31533,1.31553,2058500061.0351562
2012-02-15 11:55:00,1.3155,1.3155,1.31499,1.31501,1776799926.7578125
2012-02-15 11:56:00,1.315,1.31502,1.31486,1.31502,1508899993.8964844
2012-02-15 11:57:00,1.31502,1.31505,1.31465,1.31482,2781600036.6210938
2012-02-15 11:58:00,1.31481,1.31489,1.31452,1.31464,3226400146.484375
2012-02-15 11:59:00,1.31463,1.31474,1.31443,1.31448,3233399963.3789062
2012-02-15 12:00:00,1.31444,1.31464,1.31432,1.31461,2825599975.5859375
2012-02-15 12:01:00,1.31462,1.31473,1.31452,1.31458,2606199951.171875
2012-02-15 12:02:00,1.31456,1.31476,1.31446,1.31475,1845000000.0
2012-02-15 12:03:00,1.31476,1.31491,1.3147,1.31471,1891199951.171875
2012-02-15 12:04:00,1.31472,1.31489,1.31458,1.31462,1995099945.0683594
2012-02-15 12:05:00,1.31462,1.31471,1.31448,1.31461,2539299926.7578125
2012-02-15 12:06:00,1.31461,1.31462,1.31439,1.31443,1981100006.1035156
2012-02-15 12:07:00,1.31443,1.31462,1.31443,1.31443,1849199981.6894531
2012-02-15 12:08:00,1.31443,1.31459,1.31434,1.31452,2356000061.0351562
2012-02-15 12:09:00,1.31452,1.31461,1.31433,1.31444,2183200073.2421875
2012-02-15 12:10:00,1.31443,1.31447,1.3141,1.3143,2719500122.0703125
2012-02-15 12:11:00,1.31431,1.31473,1.3143,1.31462,2853500061.0351562
2012-02-15 12:12:00,1.31462,1.31475,1.31436,1.3146,2241699981.689453
2012-02-15 12:13:00,1.31461,1.31501,1.31452,1.31493,1849799957.2753906
2012-02-15 12:14:00,1.31492,1.31492,1.31473,1.31477,1767400054.9316406
2012-02-15 12:15:00,1.31477,1.31526,1.31477,1.31523,2150200042.7246094
2012-02-15 12:16:00,1.31521,1.31534,1.31495,1.31496,1895800018.3105469
2012-02-15 12:17:00,1.31494,1.31524,1.31494,1.31512,2132200012.2070312
2012-02-15 12:18:00,1.31512,1.31525,1.31512,1.31523,908199996.9482422
2012-02-15 12:19:00,1.31523,1.31525,1.31514,1.31522,1662899932.8613281
2012-02-15 12:20:00,1.31522,1.31522,1.31501,1.31504,1365299987.7929688
2012-02-15 12:21:00,1.31504,1.31509,1.31485,1.31492,2126199951.171875
2012-02-15 12:22:00,1.31491,1.31495,1.31462,1.31473,1710299987.7929688
2012-02-15 12:23:00,1.31473,1.31479,1.31454,1.31478,1575299987.7929688
2012-02-15 12:24:00,1.31478,1.31481,1.31454,1.31473,1742799987.7929688
2012-02-15 12:25:00,1.31473,1.31475,1.31463,1.31475,1570700073.2421875
2012-02-15 12:26:00,1.31475,1.31477,1.31472,1.31475,865999984.7412109
2012-02-15 12:27:00,1.31478,1.31515,1.31478,1.31508,1994700012.2070312
2012-02-15 12:28:00,1.31508,1.31515,1.31494,1.31499,2079100036.6210938
2012-02-15 12:29:00,1.315,1.31541,1.315,1.31529,2645299987.7929688
2012-02-15 12:30:00,1.31529,1.31565,1.31529,1.31543,3233099975.5859375
2012-02-15 12:31:00,1.31543,1.31581,1.31524,1.31574,2552299957.2753906
2012-02-15 12:32:00,1.31573,1.31598,1.31561,1.31595,2616199951.171875
2012-02-15 12:33:00,1.31595,1.31595,1.31569,1.31573,1752500000.0
2012-02-15 12:34:00,1.31573,1.3159,1.31562,1.31571,1954199981.6894531
2012-02-15 12:35:00,1.3157,1.31576,1.3152,1.3152,3463900146.484375
2012-02-15 12:36:00,1.31521,1.31521,1.31463,1.31482,2766799926.7578125
2012-02-15 12:37:00,1.31482,1.31492,1.3146,1.3146,1535000000.0
2012-02-15 12:38:00,1.31457,1.31482,1.31452,1.31459,2281900024.4140625
2012-02-15 12:39:00,1.31459,1.31474,1.31459,1.31469,1518300018.3105469
2012-02-15 12:40:00,1.31468,1.31473,1.31452,1.31453,2292200012.2070312
2012-02-15 12:41:00,1.31454,1.3146,1.31435,1.31443,3581600036.6210938
2012-02-15 12:42:00,1.31443,1.31444,1.31406,1.31414,2587900085.4492188
2012-02-15 12:43:00,1.31417,1.3144,1.31413,1.31432,2181000061.0351562
2012-02-15 12:44:00,1.31432,1.31463,1.31431,1.31456,1863399963.3789062
2012-02-15 12:45:00,1.3146,1.31461,1.31434,1.31436,1880399932.8613281
2012-02-15 12:46:00,1.31435,1.31462,1.31434,1.31452,2057599945.0683594
2012-02-15 12:47:00,1.31452,1.31462,1.31438,1.31455,1981000061.0351562
2012-02-15 12:48:00,1.31454,1.31457,1.31434,1.31443,1190000000.0
2012-02-15 12:49:00,1.31443,1.31472,1.31438,1.31462,2841300048.828125
2012-02-15 12:50:00,1.31463,1.31464,1.31447,1.31451,1926799926.7578125
2012-02-15 12:51:00,1.31452,1.31452,1.31372,1.31374,4039200134.2773438
2012-02-15 12:52:00,1.31374,1.31377,1.31236,1.31256,4302500000.0
2012-02-15 12:53:00,1.31255,1.31294,1.3125,1.31282,3384599914.5507812
2012-02-15 12:54:00,1.3128,1.3128,1.31226,1.31248,2930100097.65625
2012-02-15 12:55:00,1.31249,1.31286,1.31248,1.31286,2984700012.2070312
2012-02-15 12:56:00,1.31284,1.31303,1.31278,1.31299,3048399963.3789062
2012-02-15 12:57:00,1.313,1.31301,1.31265,1.31271,2126600036.6210938
2012-02-15 12:58:00,1.31272,1.31274,1.31233,1.31262,3232099914.5507812
2012-02-15 12:59:00,1.31262,1.31301,1.31262,1.3129,2983299865.7226562
2012-02-15 13:00:00,1.31291,1.31293,1.31243,1.31263,2969400024.4140625
2012-02-15 13:01:00,1.31263,1.31309,1.31262,1.31304,2251199951.171875
2012-02-15 13:02:00,1.31302,1.31314,1.31292,1.31292,2014499969.4824219
2012-02-15 13:03:00,1.31287,1.31289,1.31258,1.3126,2660299987.7929688
2012-02-15 13:04:00,1.3126,1.31287,1.31251,1.31277,1833000030.5175781
2012-02-15 13:05:00,1.31277,1.31277,1.31231,1.31249,2424900054.9316406
2012-02-15 13:06:00,1.31247,1.31247,1.31196,1.31196,2460700073.2421875
2012-02-15 13:07:00,1.3119,1.31225,1.3118,1.31187,3160599975.5859375
2012-02-15 13:08:00,1.31186,1.31187,1.31142,1.31153,3184400024.4140625
2012-02-15 13:09:00,1.31154,1.31168,1.31126,1.31134,2992799987.7929688
2012-02-15 13:10:00,1.31134,1.31184,1.31134,1.31161,2519900054.9316406
2012-02-15 13:11:00,1.31162,1.31173,1.31151,1.31153,2460899963.3789062
2012-02-15 13:12:00,1.31153,1.31172,1.31153,1.31169,2974599914.5507812
2012-02-15 13:13:00,1.31171,1.312,1.311,1.31104,4066099853.515625
2012-02-15 13:14:00,1.31101,1.31101,1.30938,1.30939,5028200073.2421875
2012-02-15 13:15:00,1.30941,1.30942,1.30769,1.30777,4770199890.136719
2012-02-15 13:16:00,1.30777,1.30866,1.30769,1.30842,5037799987.792969
2012-02-15 13:17:00,1.30842,1.30853,1.30759,1.30778,4987099914.550781
2012-02-15 13:18:00,1.3078,1.30899,1.30779,1.30874,4659700012.207031
2012-02-15 13:19:00,1.30873,1.30899,1.30856,1.30871,3937900085.4492188
2012-02-15 13:20:00,1.30873,1.30895,1.308,1.30807,3453399963.3789062
2012-02-15 13:21:00,1.30808,1.30825,1.30783,1.30821,3493699951.171875
2012-02-15 13:22:00,1.30821,1.3094,1.30821,1.30923,4353399963.378906
2012-02-15 13:23:00,1.30923,1.30939,1.30875,1.30889,2991900024.4140625
2012-02-15 13:24:00,1.30889,1.30914,1.30859,1.30905,3309700012.2070312
2012-02-15 13:25:00,1.30905,1.30925,1.30905,1.30921,2856199951.171875
2012-02-15 13:26:00,1.30922,1.30963,1.30922,1.30946,3019400024.4140625
2012-02-15 13:27:00,1.30945,1.30979,1.30934,1.30934,3063399963.3789062
2012-02-15 13:28:00,1.30933,1.30953,1.30909,1.30953,2988299865.7226562
2012-02-15 13:29:00,1.30952,1.30978,1.30947,1.30967,3318699951.171875
2012-02-15 13:30:00,1.30969,1.30988,1.30923,1.30923,2675199890.1367188
2012-02-15 13:31:00,1.30923,1.30932,1.30884,1.30923,3115799865.7226562
2012-02-15 13:32:00,1.30921,1.30921,1.30858,1.30872,3521700134.2773438
2012-02-15 13:33:00,1.30872,1.30884,1.30845,1.3087,3307999877.9296875
2012-02-15 13:34:00,1.30869,1.30902,1.30856,1.30883,2729599914.5507812
2012-02-15 13:35:00,1.30883,1.30914,1.30863,1.30904,2751799926.7578125
2012-02-15 13:36:00,1.30904,1.30904,1.30864,1.30902,3087900085.4492188
2012-02-15 13:37:00,1.30901,1.30901,1.30836,1.30853,2829500122.0703125
2012-02-15 13:38:00,1.30855,1.30868,1.30819,1.30839,3314100036.6210938
2012-02-15 13:39:00,1.30839,1.30841,1.308,1.30822,2819100036.6210938
2012-02-15 13:40:00,1.30823,1.30823,1.30751,1.30751,4025100097.65625
2012-02-15 13:41:00,1.30751,1.30779,1.30725,1.30755,2974299926.7578125
2012-02-15 13:42:00,1.30757,1.30795,1.30744,1.30771,2782099914.5507812
2012-02-15 13:43:00,1.30771,1.30845,1.30762,1.30844,3283599853.515625
2012-02-15 13:44:00,1.30842,1.30883,1.30832,1.30851,3172099914.5507812
2012-02-15 13:45:00,1.30851,1.30883,1.30838,1.30853,2926600036.6210938
2012-02-15 13:46:00,1.30855,1.30881,1.30842,1.30861,2752600097.65625
2012-02-15 13:47:00,1.30861,1.30868,1.3084,1.3085,2981600036.6210938
2012-02-15 13:48:00,1.3085,1.30873,1.30829,1.30829,2667300109.8632812
2012-02-15 13:49:00,1.30828,1.30828,1.30774,1.30776,2795700073.2421875
2012-02-15 13:50:00,1.30776,1.30802,1.30736,1.30796,3790000000.0
2012-02-15 13:51:00,1.30794,1.30827,1.30785,1.3082,2587000122.0703125
2012-02-15 13:52:00,1.30821,1.30872,1.30821,1.3084,3069899902.34375
2012-02-15 13:53:00,1.30842,1.30844,1.3082,1.30822,2255299987.7929688
2012-02-15 13:54:00,1.30822,1.30878,1.30815,1.3087,2520200042.7246094
2012-02-15 13:55:00,1.30869,1.30883,1.30854,1.30873,3069899902.34375
2012-02-15 13:56:00,1.30873,1.30875,1.3085,1.30856,2608800048.828125
2012-02-15 13:57:00,1.30856,1.30873,1.30845,1.30873,2673599853.515625
2012-02-15 13:58:00,1.30872,1.30888,1.30863,1.30879,2963099975.5859375
2012-02-15 13:59:00,1.30879,1.30903,1.30873,1.30903,1802100067.1386719
2012-02-15 14:00:00,1.309,1.3092,1.30875,1.30907,3486600036.6210938
2012-02-15 14:01:00,1.30906,1.30941,1.30901,1.30914,1935500030.5175781
2012-02-15 14:02:00,1.30913,1.30917,1.30903,1.30903,2247500000.0
2012-02-15 14:03:00,1.30903,1.30977,1.30898,1.30945,3147300109.8632812
2012-02-15 14:04:00,1.30948,1.3096,1.30922,1.30955,2459600067.138672
2012-02-15 14:05:00,1.30955,1.30981,1.30942,1.3098,3523900146.484375
2012-02-15 14:06:00,1.3098,1.31031,1.30972,1.31022,4005700073.2421875
2012-02-15 14:07:00,1.31022,1.31024,1.30991,1.31001,3694899902.34375
2012-02-15 14:08:00,1.31002,1.31046,1.31002,1.31022,3345599975.5859375
2012-02-15 14:09:00,1.31021,1.31053,1.31014,1.31014,3312099914.5507812
2012-02-15 14:10:00,1.31014,1.31054,1.31014,1.31029,3536400146.484375
2012-02-15 14:11:00,1.31032,1.31049,1.31009,1.31038,3041499938.9648438
2012-02-15 14:12:00,1.31039,1.3104,1.30999,1.31001,3169100036.6210938
2012-02-15 14:13:00,1.31002,1.31004,1.30981,1.30993,2486999969.482422
2012-02-15 14:14:00,1.30992,1.31078,1.30991,1.31072,2525299987.7929688
2012-02-15 14:15:00,1.31072,1.31072,1.31034,1.31037,3000899963.3789062
2012-02-15 14:16:00,1.31036,1.31036,1.3101,1.31018,2787900085.4492188
2012-02-15 14:17:00,1.31021,1.3103,1.30987,1.30988,2330399932.861328
2012-02-15 14:18:00,1.30989,1.31029,1.30989,1.31017,2556600036.6210938
2012-02-15 14:19:00,1.31014,1.31047,1.3101,1.3101,1942799987.7929688
2012-02-15 14:20:00,1.3101,1.3101,1.30961,1.30992,3271400146.484375
2012-02-15 14:21:00,1.3099,1.31013,1.30961,1.31013,2415299987.7929688
2012-02-15 14:22:00,1.31013,1.31081,1.31004,1.31052,3113599853.515625
2012-02-15 14:23:00,1.31054,1.31102,1.31044,1.31088,3564299926.7578125
2012-02-15 14:24:00,1.31084,1.31092,1.31057,1.31062,3065700073.2421875
2012-02-15 14:25:00,1.31064,1.31094,1.31062,1.31073,2094799957.2753906
2012-02-15 14:26:00,1.31072,1.3109,1.3105,1.31074,2298000030.517578
2012-02-15 14:27:00,1.31073,1.31081,1.31041,1.31051,2248399963.3789062
2012-02-15 14:28:00,1.31051,1.31052,1.31041,1.31043,1728200073.2421875
2012-02-15 14:29:00,1.31044,1.31064,1.31035,1.31043,2557700042.7246094
2012-02-15 14:30:00,1.31043,1.31049,1.31013,1.31036,3215499877.9296875
2012-02-15 14:31:00,1.31036,1.31036,1.3095,1.30953,2941000061.0351562
2012-02-15 14:32:00,1.30954,1.30984,1.3093,1.3097,3240000000.0
2012-02-15 14:33:00,1.30972,1.30973,1.30929,1.30933,2729800109.8632812
2012-02-15 14:34:00,1.30934,1.30954,1.30915,1.30928,3417500000.0
2012-02-15 14:35:00,1.30927,1.30946,1.30914,1.30921,2927699890.1367188
2012-02-15 14:36:00,1.30919,1.30932,1.30878,1.30883,3006000061.0351562
2012-02-15 14:37:00,1.3088,1.30923,1.30876,1.30913,2937200012.2070312
2012-02-15 14:38:00,1.30912,1.30928,1.30889,1.30905,3845899963.3789062
2012-02-15 14:39:00,1.30905,1.30936,1.30886,1.30916,4839899902.34375
2012-02-15 14:40:00,1.30919,1.30924,1.30864,1.30924,4230299987.7929688
2012-02-15 14:41:00,1.30922,1.30938,1.30906,1.30934,3916300048.828125
2012-02-15 14:42:00,1.30934,1.30936,1.30911,1.30931,3247500000.0
2012-02-15 14:43:00,1.3093,1.30944,1.30903,1.30908,3106799926.7578125
2012-02-15 14:44:00,1.30908,1.30926,1.30873,1.30882,2511600036.6210938
2012-02-15 14:45:00,1.30882,1.30916,1.30851,1.30906,3059299926.7578125
2012-02-15 14:46:00,1.30905,1.30916,1.30901,1.30914,2916400146.484375
2012-02-15 14:47:00,1.30912,1.30925,1.30895,1.30919,2833399963.3789062
2012-02-15 14:48:00,1.30919,1.30955,1.30919,1.30942,3133999938.9648438
2012-02-15 14:49:00,1.3094,1.30952,1.30919,1.30941,2103600006.1035156
2012-02-15 14:50:00,1.30939,1.30972,1.30934,1.30967,3344400024.4140625
2012-02-15 14:51:00,1.30967,1.30976,1.30936,1.30958,2435700073.2421875
2012-02-15 14:52:00,1.30958,1.31022,1.30958,1.31011,3475199890.1367188
2012-02-15 14:53:00,1.3101,1.31017,1.30992,1.30994,2594800109.8632812
2012-02-15 14:54:00,1.30993,1.31013,1.30984,1.31002,2642699890.1367188
2012-02-15 14:55:00,1.31002,1.31004,1.30937,1.3094,3291799926.7578125
2012-02-15 14:56:00,1.3094,1.30962,1.3093,1.30955,2847600097.65625
2012-02-15 14:57:00,1.30954,1.30965,1.30936,1.30936,2215599975.5859375
2012-02-15 14:58:00,1.30935,1.30954,1.30911,1.30914,2791300048.828125
2012-02-15 14:59:00,1.30911,1.30942,1.30909,1.30916,2766600036.6210938
2012-02-15 15:00:00,1.30915,1.30955,1.30909,1.30924,3241000061.0351562
2012-02-15 15:01:00,1.30922,1.3093,1.30853,1.30855,4178399963.3789062
2012-02-15 15:02:00,1.30854,1.30871,1.30812,1.30821,4248599853.515625
2012-02-15 15:03:00,1.30822,1.30829,1.3078,1.30802,4060100097.65625
2012-02-15 15:04:00,1.30802,1.30834,1.30802,1.3081,3797600097.65625
2012-02-15 15:05:00,1.3081,1.30822,1.30792,1.30794,3786600036.6210938
2012-02-15 15:06:00,1.30794,1.30823,1.30789,1.30812,3197200012.2070312
2012-02-15 15:07:00,1.30809,1.30849,1.30803,1.30841,3218800048.828125
2012-02-15 15:08:00,1.30841,1.30855,1.30822,1.30852,3303399963.3789062
2012-02-15 15:09:00,1.30851,1.30864,1.30836,1.30837,3263299865.7226562
2012-02-15 15:10:00,1.30836,1.30848,1.30805,1.30834,2732300109.8632812
2012-02-15 15:11:00,1.30834,1.30843,1.30783,1.3079,3874500122.0703125
2012-02-15 15:12:00,1.30792,1.30802,1.30716,1.30753,3439200134.2773438
2012-02-15 15:13:00,1.30751,1.30751,1.3071,1.30734,3269400024.4140625
2012-02-15 15:14:00,1.30734,1.3076,1.30689,1.30699,3881900024.4140625
2012-02-15 15:15:00,1.30699,1.30704,1.30635,1.30648,4110199890.1367188
2012-02-15 15:16:00,1.30645,1.30684,1.30641,1.30684,3777900085.4492188
2012-02-15 15:17:00,1.30686,1.30691,1.30646,1.30646,2541199951.171875
2012-02-15 15:18:00,1.30644,1.30696,1.30637,1.30691,3662900085.4492188
2012-02-15 15:19:00,1.30694,1.30704,1.30664,1.30675,2944200134.2773438
2012-02-15 15:20:00,1.30675,1.30725,1.30663,1.30725,2991300048.828125
2012-02-15 15:21:00,1.30724,1.30737,1.30669,1.30673,3324700012.2070312
2012-02-15 15:22:00,1.30676,1.3069,1.30633,1.30647,3432399902.34375
2012-02-15 15:23:00,1.30654,1.30683,1.30654,1.30671,3419200134.2773438
2012-02-15 15:24:00,1.30665,1.30705,1.30653,1.30695,3352300109.8632812
2012-02-15 15:25:00,1.30695,1.30734,1.30684,1.30734,2277100067.138672
2012-02-15 15:26:00,1.30734,1.30791,1.30712,1.30791,3928599853.515625
2012-02-15 15:27:00,1.30793,1.30825,1.30793,1.308,3039400024.4140625
2012-02-15 15:28:00,1.308,1.30825,1.30794,1.30823,2686499938.9648438
2012-02-15 15:29:00,1.30823,1.30826,1.30783,1.30799,2636300048.828125
2012-02-15 15:30:00,1.30797,1.30828,1.30797,1.30805,3241600036.6210938
2012-02-15 15:31:00,1.30808,1.30825,1.30803,1.3081,3066300048.828125
2012-02-15 15:32:00,1.3081,1.30824,1.30793,1.3081,3502699890.1367188
2012-02-15 15:33:00,1.3081,1.30834,1.30797,1.30812,3503900146.484375
2012-02-15 15:34:00,1.30811,1.30812,1.30782,1.30786,3402900085.4492188
2012-02-15 15:35:00,1.30784,1.30854,1.30783,1.30846,2799299926.7578125
2012-02-15 15:36:00,1.30851,1.30863,1.30829,1.30832,2952399902.34375
2012-02-15 15:37:00,1.30832,1.3084,1.3082,1.30822,2724400024.4140625
2012-02-15 15:38:00,1.30821,1.30834,1.30792,1.30792,3131799926.7578125
2012-02-15 15:39:00,1.30793,1.30823,1.3077,1.30778,2689700012.2070312
2012-02-15 15:40:00,1.30784,1.30795,1.30775,1.30794,3350899963.3789062
2012-02-15 15:41:00,1.30793,1.30809,1.30772,1.30774,3047300109.8632812
2012-02-15 15:42:00,1.30777,1.30812,1.30773,1.30804,2550899963.3789062
2012-02-15 15:43:00,1.30804,1.30821,1.308,1.308,2833500061.0351562
2012-02-15 15:44:00,1.308,1.3085,1.30795,1.3085,3148900146.484375
2012-02-15 15:45:00,1.3085,1.30874,1.30846,1.30855,2784899902.34375
2012-02-15 15:46:00,1.30853,1.3088,1.30846,1.30846,2826900024.4140625
2012-02-15 15:47:00,1.3084,1.30848,1.30837,1.30844,2055500030.5175781
2012-02-15 15:48:00,1.30845,1.30859,1.3081,1.30828,3267099914.5507812
2012-02-15 15:49:00,1.3083,1.30844,1.30816,1.30816,1839600067.1386719
2012-02-15 15:50:00,1.30813,1.30826,1.30797,1.30798,3142699890.1367188
2012-02-15 15:51:00,1.30799,1.30821,1.30789,1.30799,3146300048.828125
2012-02-15 15:52:00,1.30797,1.30823,1.30797,1.30815,2378600006.1035156
2012-02-15 15:53:00,1.30817,1.30831,1.30789,1.308,3001300048.828125
2012-02-15 15:54:00,1.30799,1.30801,1.30723,1.30725,2941199951.171875
2012-02-15 15:55:00,1.30725,1.30741,1.30692,1.30711,2850799865.7226562
2012-02-15 15:56:00,1.30711,1.30732,1.30701,1.30712,3051400146.484375
2012-02-15 15:57:00,1.30712,1.30727,1.30712,1.30715,1706100006.1035156
2012-02-15 15:58:00,1.30715,1.3072,1.30689,1.30689,2852399902.34375
2012-02-15 15:59:00,1.3069,1.30691,1.30649,1.30651,3322000122.0703125
2012-02-15 16:00:00,1.30651,1.30668,1.30651,1.30661,3372900085.4492188
2012-02-15 16:01:00,1.30661,1.3067,1.30607,1.30607,2983599853.515625
2012-02-15 16:02:00,1.30613,1.30641,1.30583,1.30614,3775799865.7226562
2012-02-15 16:03:00,1.30616,1.30662,1.30615,1.30659,3307999877.9296875
2012-02-15 16:04:00,1.30654,1.30683,1.30649,1.30683,2505800018.310547
2012-02-15 16:05:00,1.30683,1.30692,1.3064,1.30663,3212399902.34375
2012-02-15 16:06:00,1.30663,1.30665,1.30631,1.30646,2533200073.2421875
2012-02-15 16:07:00,1.30649,1.30685,1.30645,1.30673,2000099945.0683594
2012-02-15 16:08:00,1.3068,1.30701,1.30661,1.30689,2494100036.6210938
2012-02-15 16:09:00,1.30689,1.30704,1.30663,1.30664,2958599853.515625
2012-02-15 16:10:00,1.30664,1.30674,1.30622,1.30622,2623399963.3789062
2012-02-15 16:11:00,1.30622,1.30643,1.30618,1.30642,3045100097.65625
2012-02-15 16:12:00,1.3064,1.30662,1.30634,1.30659,2557799987.7929688
2012-02-15 16:13:00,1.3066,1.30663,1.30637,1.30662,2382899932.861328
2012-02-15 16:14:00,1.3066,1.30674,1.3064,1.3064,2277799987.7929688
2012-02-15 16:15:00,1.30638,1.30684,1.30629,1.30681,3268900146.484375
2012-02-15 16:16:00,1.30681,1.30681,1.30649,1.30662,2235200042.7246094
2012-02-15 16:17:00,1.30662,1.30705,1.30654,1.30703,1558999938.9648438
2012-02-15 16:18:00,1.30708,1.30742,1.30708,1.30734,3257699890.1367188
2012-02-15 16:19:00,1.30734,1.30752,1.30725,1.30733,2750199890.1367188
2012-02-15 16:20:00,1.30733,1.30764,1.3073,1.30739,2087899932.8613281
2012-02-15 16:21:00,1.30739,1.30741,1.30707,1.30707,2399700012.2070312
2012-02-15 16:22:00,1.30709,1.30723,1.30707,1.30723,1568200073.2421875
2012-02-15 16:23:00,1.30721,1.30721,1.30695,1.30709,2123699951.171875
2012-02-15 16:24:00,1.30709,1.30714,1.30686,1.30698,2055299987.7929688
2012-02-15 16:25:00,1.30698,1.30742,1.30698,1.30741,2487200012.2070312
2012-02-15 16:26:00,1.30741,1.30755,1.30731,1.30744,2460000000.0
2012-02-15 16:27:00,1.30747,1.30753,1.30742,1.3075,1715599975.5859375
2012-02-15 16:28:00,1.3075,1.30779,1.3075,1.30774,2131399993.8964844
2012-02-15 16:29:00,1.30774,1.3078,1.30764,1.30776,1767899932.8613281
2012-02-15 16:30:00,1.30775,1.30786,1.30765,1.30765,1898699951.171875
2012-02-15 16:31:00,1.30767,1.30781,1.30762,1.3078,2000700073.2421875
2012-02-15 16:32:00,1.3078,1.3079,1.30766,1.30768,2053200073.2421875
2012-02-15 16:33:00,1.3077,1.30786,1.30767,1.30782,1641399993.8964844
2012-02-15 16:34:00,1.30782,1.3079,1.30755,1.30755,1877899932.8613281
2012-02-15 16:35:00,1.30748,1.30771,1.30748,1.30766,2142599945.0683594
2012-02-15 16:36:00,1.30766,1.30785,1.3076,1.30785,2394100036.6210938
2012-02-15 16:37:00,1.30785,1.3079,1.30773,1.3078,1633200073.2421875
2012-02-15 16:38:00,1.3078,1.30795,1.3078,1.30784,1913600006.1035156
2012-02-15 16:39:00,1.30784,1.30794,1.30773,1.30793,2555700073.2421875
2012-02-15 16:40:00,1.30792,1.30803,1.30781,1.30784,1851100006.1035156
2012-02-15 16:41:00,1.30784,1.30802,1.30778,1.30788,2021100006.1035156
2012-02-15 16:42:00,1.30784,1.30802,1.3077,1.30781,2412100067.138672
2012-02-15 16:43:00,1.30781,1.30812,1.30773,1.3081,1977400054.9316406
2012-02-15 16:44:00,1.30811,1.30821,1.30799,1.30821,1552599945.0683594
2012-02-15 16:45:00,1.30821,1.30845,1.3082,1.3084,1966199951.171875
2012-02-15 16:46:00,1.3084,1.3089,1.30838,1.30884,2103000030.5175781
2012-02-15 16:47:00,1.30884,1.30884,1.30848,1.30849,2452599945.0683594
2012-02-15 16:48:00,1.30851,1.30853,1.3084,1.30849,1593800048.828125
2012-02-15 16:49:00,1.30849,1.3088,1.30841,1.30866,2424600067.138672
2012-02-15 16:50:00,1.30865,1.30872,1.30861,1.30867,1977599945.0683594
2012-02-15 16:51:00,1.30868,1.3088,1.30866,1.30872,2538899993.8964844
2012-02-15 16:52:00,1.30872,1.30879,1.30869,1.30872,1540099945.0683594
2012-02-15 16:53:00,1.30873,1.30873,1.30841,1.30841,1708699951.171875
2012-02-15 16:54:00,1.30841,1.30859,1.30832,1.30857,2038399963.3789062
2012-02-15 16:55:00,1.30858,1.30858,1.3084,1.30842,1297899932.8613281
2012-02-15 16:56:00,1.30842,1.30864,1.30842,1.3085,1622899932.8613281
2012-02-15 16:57:00,1.30851,1.30872,1.30851,1.30864,1821900024.4140625
2012-02-15 16:58:00,1.30864,1.3087,1.30859,1.30869,1285299987.7929688
2012-02-15 16:59:00,1.30871,1.30871,1.30859,1.30864,1585599975.5859375
2012-02-15 17:00:00,1.30863,1.30863,1.30819,1.30825,2098500061.0351562
2012-02-15 17:01:00,1.30827,1.30827,1.30811,1.30818,1248700027.4658203
2012-02-15 17:02:00,1.30818,1.3082,1.30807,1.30807,2269700012.2070312
2012-02-15 17:03:00,1.30807,1.30816,1.30794,1.30809,2584299926.7578125
2012-02-15 17:04:00,1.3081,1.30821,1.3081,1.30819,918099975.5859375
2012-02-15 17:05:00,1.30819,1.3083,1.30819,1.30828,1017399978.6376953
2012-02-15 17:06:00,1.30828,1.3083,1.30819,1.3083,1199000015.258789
2012-02-15 17:07:00,1.30826,1.30834,1.3082,1.30833,1160400009.1552734
2012-02-15 17:08:00,1.30832,1.30838,1.3082,1.30838,1155599975.5859375
2012-02-15 17:09:00,1.30838,1.30842,1.30819,1.30821,1364400024.4140625
2012-02-15 17:10:00,1.30821,1.30842,1.30821,1.30832,1407299957.2753906
2012-02-15 17:11:00,1.30834,1.30839,1.3081,1.30813,1386900024.4140625
2012-02-15 17:12:00,1.30813,1.30827,1.30776,1.30783,2593699951.171875
2012-02-15 17:13:00,1.30783,1.30805,1.30783,1.30792,1681699981.6894531
2012-02-15 17:14:00,1.30792,1.30801,1.30789,1.30798,1146100006.1035156
2012-02-15 17:15:00,1.30799,1.30813,1.30786,1.3079,1563999938.9648438
2012-02-15 17:16:00,1.3079,1.30798,1.30787,1.3079,1129100036.6210938
2012-02-15 17:17:00,1.30789,1.30813,1.30788,1.30813,1192699966.430664
2012-02-15 17:18:00,1.30814,1.30823,1.30791,1.30792,1858200073.2421875
2012-02-15 17:19:00,1.30792,1.30792,1.30773,1.30777,1167399978.6376953
2012-02-15 17:20:00,1.30778,1.3078,1.30777,1.3078,501599998.4741211
2012-02-15 17:21:00,1.3078,1.3079,1.3078,1.30782,1001999969.4824219
2012-02-15 17:22:00,1.30779,1.3079,1.30775,1.30781,869899978.6376953
2012-02-15 17:23:00,1.30782,1.30782,1.30768,1.3077,1005599975.5859375
2012-02-15 17:24:00,1.30771,1.30786,1.30764,1.30769,1548999938.9648438
2012-02-15 17:25:00,1.30775,1.30791,1.30763,1.3079,1878600006.1035156
2012-02-15 17:26:00,1.3079,1.30799,1.30789,1.30792,1125500030.5175781
2012-02-15 17:27:00,1.30792,1.30805,1.30792,1.308,1052799987.7929688
2012-02-15 17:28:00,1.30799,1.30811,1.30798,1.30808,1324499969.4824219
2012-02-15 17:29:00,1.30808,1.30808,1.30792,1.308,1458699951.171875
2012-02-15 17:30:00,1.308,1.30812,1.30799,1.30801,1899199981.6894531
2012-02-15 17:31:00,1.30801,1.30809,1.30746,1.30746,2820299987.7929688
2012-02-15 17:32:00,1.30745,1.30778,1.30735,1.30774,1882599945.0683594
2012-02-15 17:33:00,1.30774,1.30782,1.3073,1.30738,2055200042.7246094
2012-02-15 17:34:00,1.30738,1.30785,1.30738,1.30774,1547500000.0
2012-02-15 17:35:00,1.30774,1.30805,1.30774,1.30802,1516999969.4824219
2012-02-15 17:36:00,1.30801,1.30805,1.30793,1.308,1309600067.1386719
2012-02-15 17:37:00,1.30799,1.30802,1.30784,1.30785,1706100006.1035156
2012-02-15 17:38:00,1.3078,1.30782,1.30761,1.30761,1442799987.7929688
2012-02-15 17:39:00,1.30761,1.30768,1.30741,1.30742,1524600067.1386719
2012-02-15 17:40:00,1.30743,1.3076,1.30739,1.30759,1554700012.2070312
2012-02-15 17:41:00,1.30758,1.30762,1.30753,1.30761,1529499969.4824219
2012-02-15 17:42:00,1.30761,1.30762,1.30743,1.30744,1909900054.9316406
2012-02-15 17:43:00,1.30746,1.3075,1.3072,1.30723,1882899932.8613281
2012-02-15 17:44:00,1.30721,1.30732,1.30693,1.30694,2538300018.310547
2012-02-15 17:45:00,1.30693,1.30703,1.30635,1.30649,2814299926.7578125
2012-02-15 17:46:00,1.3065,1.30665,1.30641,1.30644,2285399932.861328
2012-02-15 17:47:00,1.30646,1.30657,1.30626,1.30626,2418200073.2421875
2012-02-15 17:48:00,1.30625,1.30625,1.30599,1.3062,2807200012.2070312
2012-02-15 17:49:00,1.3062,1.30623,1.30591,1.30593,2294700012.2070312
2012-02-15 17:50:00,1.30591,1.30609,1.30569,1.30609,3149400024.4140625
2012-02-15 17:51:00,1.30609,1.30643,1.30609,1.30636,2298699951.171875
2012-02-15 17:52:00,1.30635,1.30635,1.30597,1.30612,2115099945.0683594
2012-02-15 17:53:00,1.30612,1.30613,1.30539,1.30553,3119599914.5507812
2012-02-15 17:54:00,1.30555,1.30559,1.30535,1.30544,3519500122.0703125
2012-02-15 17:55:00,1.30544,1.30566,1.30544,1.30551,3067500000.0
2012-02-15 17:56:00,1.3055,1.30555,1.30532,1.30554,3045899963.3789062
2012-02-15 17:57:00,1.30554,1.30595,1.30553,1.30594,2191100006.1035156
2012-02-15 17:58:00,1.30594,1.30604,1.30573,1.30598,2524900054.9316406
2012-02-15 17:59:00,1.30597,1.3061,1.30581,1.30608,2804599914.5507812
2012-02-15 18:00:00,1.30608,1.30608,1.30557,1.30585,3779500122.0703125
2012-02-15 18:01:00,1.30586,1.30601,1.30566,1.3057,2752000122.0703125
2012-02-15 18:02:00,1.30569,1.3062,1.30565,1.30612,2757799987.7929688
2012-02-15 18:03:00,1.30612,1.30633,1.30608,1.30608,2258999938.9648438
2012-02-15 18:04:00,1.30608,1.30641,1.30604,1.30634,3086400146.484375
2012-02-15 18:05:00,1.30632,1.30644,1.3061,1.30612,2341699981.689453
2012-02-15 18:06:00,1.30612,1.30612,1.30582,1.30592,2141199951.171875
2012-02-15 18:07:00,1.30596,1.30608,1.30576,1.30602,2171000061.0351562
2012-02-15 18:08:00,1.30606,1.30642,1.30604,1.30631,2855400085.4492188
2012-02-15 18:09:00,1.3063,1.30659,1.30626,1.30656,1913500061.0351562
2012-02-15 18:10:00,1.30654,1.3066,1.30639,1.30648,2221900024.4140625
2012-02-15 18:11:00,1.30649,1.30671,1.30643,1.30648,1892299957.2753906
2012-02-15 18:12:00,1.30649,1.30649,1.30622,1.30629,1658399963.3789062
2012-02-15 18:13:00,1.30629,1.3064,1.30613,1.30614,2160000000.0
2012-02-15 18:14:00,1.30614,1.30658,1.30614,1.30653,2453999938.9648438
2012-02-15 18:15:00,1.30656,1.30682,1.30656,1.30661,2150899963.3789062
2012-02-15 18:16:00,1.30661,1.30688,1.30661,1.30676,2204199981.689453
2012-02-15 18:17:00,1.30676,1.307,1.30673,1.30683,2098999938.9648438
2012-02-15 18:18:00,1.30683,1.30728,1.30683,1.30712,2372799987.7929688
2012-02-15 18:19:00,1.30712,1.3072,1.30703,1.30704,2168300018.310547
2012-02-15 18:20:00,1.30704,1.30704,1.30681,1.3069,1680000000.0
2012-02-15 18:21:00,1.30692,1.30706,1.30669,1.30677,1905899963.3789062
2012-02-15 18:22:00,1.30675,1.30675,1.30659,1.3066,1509400024.4140625
2012-02-15 18:23:00,1.3066,1.30672,1.3065,1.30672,1511000061.0351562
2012-02-15 18:24:00,1.30676,1.30704,1.30676,1.30703,2053500061.0351562
2012-02-15 18:25:00,1.30703,1.30711,1.30689,1.307,1268799972.5341797
2012-02-15 18:26:00,1.307,1.30727,1.307,1.30718,1702100067.1386719
2012-02-15 18:27:00,1.30719,1.30731,1.3068,1.30689,2298600006.1035156
2012-02-15 18:28:00,1.30688,1.30688,1.30669,1.30682,1990700073.2421875
2012-02-15 18:29:00,1.30684,1.30697,1.30679,1.30683,1783699951.171875
2012-02-15 18:30:00,1.30684,1.30711,1.30681,1.30692,1811900024.4140625
2012-02-15 18:31:00,1.30692,1.30713,1.30679,1.30689,1913500061.0351562
2012-02-15 18:32:00,1.30688,1.30689,1.30663,1.30669,2011000061.0351562
2012-02-15 18:33:00,1.30668,1.30669,1.3066,1.30662,1486900024.4140625
2012-02-15 18:34:00,1.30662,1.30662,1.30618,1.30623,2442500000.0
2012-02-15 18:35:00,1.30623,1.30632,1.30618,1.30623,1831100006.1035156
2012-02-15 18:36:00,1.30624,1.30665,1.30624,1.30665,2239400024.4140625
2012-02-15 18:37:00,1.30665,1.30695,1.30665,1.30681,2142100067.1386719
2012-02-15 18:38:00,1.30679,1.30692,1.30671,1.30684,1477799987.7929688
2012-02-15 18:39:00,1.30682,1.30686,1.30678,1.3068,2167899932.861328
2012-02-15 18:40:00,1.30684,1.30695,1.30679,1.30692,1930200042.7246094
2012-02-15 18:41:00,1.30692,1.30693,1.30675,1.3068,1172500000.0
2012-02-15 18:42:00,1.30674,1.30681,1.30662,1.30663,1596399993.8964844
2012-02-15 18:43:00,1.30663,1.30677,1.30663,1.30667,1164899978.6376953
2012-02-15 18:44:00,1.30662,1.30673,1.30662,1.30669,1444900054.9316406
2012-02-15 18:45:00,1.30667,1.30672,1.3066,1.30661,1388099975.5859375
2012-02-15 18:46:00,1.30661,1.30667,1.30648,1.30664,1845299987.7929688
2012-02-15 18:47:00,1.30664,1.30685,1.3066,1.30671,1992599945.0683594
2012-02-15 18:48:00,1.30675,1.307,1.30675,1.30692,2452100067.138672
2012-02-15 18:49:00,1.30691,1.30717,1.30691,1.30714,1270100021.3623047
2012-02-15 18:50:00,1.30714,1.30741,1.30714,1.30739,2434199981.689453
2012-02-15 18:51:00,1.30739,1.30772,1.30733,1.30768,1562599945.0683594
2012-02-15 18:52:00,1.30766,1.3077,1.30752,1.30752,2324400024.4140625
2012-02-15 18:53:00,1.30752,1.30753,1.3073,1.3073,1413300018.3105469
2012-02-15 18:54:00,1.3073,1.30763,1.30728,1.30759,1986300048.828125
2012-02-15 18:55:00,1.30759,1.30769,1.30753,1.30763,2084299926.7578125
2012-02-15 18:56:00,1.30764,1.30807,1.30764,1.30791,2954100036.6210938
2012-02-15 18:57:00,1.30789,1.30839,1.30771,1.30833,3012799987.7929688
2012-02-15 18:58:00,1.30834,1.30837,1.30812,1.30812,2479600067.138672
2012-02-15 18:59:00,1.30811,1.30821,1.308,1.30801,1487500000.0
2012-02-15 19:00:00,1.30801,1.30837,1.30758,1.30758,3869500122.0703125
2012-02-15 19:01:00,1.30757,1.30761,1.3067,1.30689,4068500061.0351562
2012-02-15 19:02:00,1.30694,1.30694,1.30567,1.30584,3769299926.7578125
2012-02-15 19:03:00,1.30584,1.30621,1.3054,1.30604,3531000061.0351562
2012-02-15 19:04:00,1.30605,1.30622,1.3058,1.30596,2792500000.0
2012-02-15 19:05:00,1.30593,1.30602,1.30543,1.30573,3714200134.2773438
2012-02-15 19:06:00,1.30573,1.30624,1.3055,1.30551,2902099914.5507812
2012-02-15 19:07:00,1.30551,1.30603,1.30532,1.30552,3363299865.7226562
2012-02-15 19:08:00,1.30552,1.30557,1.3052,1.30544,3189500122.0703125
2012-02-15 19:09:00,1.3054,1.30591,1.30535,1.3059,2749700012.2070312
2012-02-15 19:10:00,1.30595,1.30604,1.30528,1.30543,3116300048.828125
2012-02-15 19:11:00,1.30545,1.30545,1.30516,1.30526,2888200073.2421875
2012-02-15 19:12:00,1.30525,1.3053,1.30484,1.30502,3160100097.65625
2012-02-15 19:13:00,1.30502,1.30548,1.30489,1.30519,3224899902.34375
2012-02-15 19:14:00,1.30519,1.3054,1.30473,1.3049,3276600036.6210938
2012-02-15 19:15:00,1.30488,1.30532,1.30464,1.3053,3042099914.5507812
2012-02-15 19:16:00,1.30531,1.30531,1.30469,1.30476,2889700012.2070312
2012-02-15 19:17:00,1.30476,1.30497,1.3046,1.3046,2455700073.2421875
2012-02-15 19:18:00,1.30461,1.30494,1.3045,1.30492,3412399902.34375
2012-02-15 19:19:00,1.30492,1.30498,1.30441,1.30451,2647600097.65625
2012-02-15 19:20:00,1.30451,1.30496,1.30444,1.30491,3092399902.34375
2012-02-15 19:21:00,1.30492,1.30502,1.30482,1.305,2254600067.138672
2012-02-15 19:22:00,1.30499,1.30519,1.30499,1.3051,2414400024.4140625
2012-02-15 19:23:00,1.3051,1.3056,1.3051,1.30535,3017799987.7929688
2012-02-15 19:24:00,1.30533,1.30576,1.30533,1.30572,3261199951.171875
2012-02-15 19:25:00,1.3057,1.30605,1.30561,1.30602,2628999938.9648438
2012-02-15 19:26:00,1.30602,1.30612,1.30585,1.30601,2660199890.1367188
2012-02-15 19:27:00,1.30602,1.3063,1.30568,1.30628,2652099914.5507812
2012-02-15 19:28:00,1.30631,1.30823,1.30626,1.30818,4826300048.828125
2012-02-15 19:29:00,1.30815,1.30872,1.30808,1.30808,3876799926.7578125
2012-02-15 19:30:00,1.30809,1.30874,1.30794,1.30874,3778599853.515625
2012-02-15 19:31:00,1.30875,1.30894,1.30785,1.30799,4355799865.722656
2012-02-15 19:32:00,1.30799,1.3082,1.30792,1.30792,3102500000.0
2012-02-15 19:33:00,1.3079,1.30812,1.30747,1.30749,2557100067.138672
2012-02-15 19:34:00,1.3075,1.30755,1.30683,1.30686,3176499938.9648438
2012-02-15 19:35:00,1.30683,1.30711,1.30681,1.30708,2833599853.515625
2012-02-15 19:36:00,1.30707,1.30708,1.30658,1.30669,2541799926.7578125
2012-02-15 19:37:00,1.30671,1.30729,1.30671,1.30729,2191900024.4140625
2012-02-15 19:38:00,1.30729,1.30733,1.30715,1.30731,1895800018.3105469
2012-02-15 19:39:00,1.30731,1.30737,1.307,1.307,1985800018.3105469
2012-02-15 19:40:00,1.307,1.30721,1.30691,1.30699,2112200012.2070312
2012-02-15 19:41:00,1.30697,1.30723,1.30686,1.30723,2113899993.8964844
2012-02-15 19:42:00,1.30723,1.30743,1.30723,1.30739,2253099975.5859375
2012-02-15 19:43:00,1.3074,1.3074,1.30665,1.30669,2380899963.3789062
2012-02-15 19:44:00,1.30669,1.30708,1.30669,1.30687,3104500122.0703125
2012-02-15 19:45:00,1.30688,1.30689,1.3066,1.30674,2704100036.6210938
2012-02-15 19:46:00,1.30674,1.30699,1.30674,1.30689,2126699981.6894531
2012-02-15 19:47:00,1.30689,1.30712,1.3068,1.30707,2417100067.138672
2012-02-15 19:48:00,1.30707,1.30751,1.30704,1.30749,2436100006.1035156
2012-02-15 19:49:00,1.3075,1.30762,1.30731,1.30731,2201000061.0351562
2012-02-15 19:50:00,1.30731,1.30777,1.30731,1.3077,2496300048.828125
2012-02-15 19:51:00,1.3077,1.30773,1.3075,1.30765,1519100036.6210938
2012-02-15 19:52:00,1.30765,1.30768,1.3075,1.30758,1658399963.3789062
2012-02-15 19:53:00,1.30761,1.30771,1.30737,1.30737,1789299926.7578125
2012-02-15 19:54:00,1.30737,1.30737,1.30711,1.30727,2033000030.5175781
2012-02-15 19:55:00,1.30726,1.30749,1.30726,1.30736,1456399993.8964844
2012-02-15 19:56:00,1.30731,1.30746,1.30712,1.30712,1819700012.2070312
2012-02-15 19:57:00,1.30711,1.30711,1.30679,1.3068,1903300018.3105469
2012-02-15 19:58:00,1.3068,1.30682,1.30666,1.30666,2531999969.482422
2012-02-15 19:59:00,1.30666,1.30666,1.30612,1.30618,2466999969.482422
2012-02-15 20:00:00,1.30616,1.30632,1.30604,1.30623,2198800048.828125
2012-02-15 20:01:00,1.30623,1.30663,1.30617,1.30663,1846999969.4824219
2012-02-15 20:02:00,1.30663,1.30663,1.3063,1.30648,1841999969.4824219
2012-02-15 20:03:00,1.30648,1.3067,1.30639,1.30661,1609600067.1386719
2012-02-15 20:04:00,1.30661,1.30661,1.306,1.30602,2443300018.310547
2012-02-15 20:05:00,1.30601,1.30643,1.30595,1.30615,2292400054.9316406
2012-02-15 20:06:00,1.30615,1.30637,1.3061,1.3063,1700899963.3789062
2012-02-15 20:07:00,1.3063,1.3065,1.3063,1.30644,999700012.2070312
2012-02-15 20:08:00,1.30646,1.30666,1.30646,1.3066,1759400024.4140625
2012-02-15 20:09:00,1.30662,1.30669,1.30603,1.30629,2525399932.861328
2012-02-15 20:10:00,1.3063,1.30653,1.30621,1.30653,2486999969.482422
2012-02-15 20:11:00,1.30654,1.30677,1.30625,1.30636,1897799987.7929688
2012-02-15 20:12:00,1.30635,1.30663,1.30635,1.30635,1785299987.7929688
2012-02-15 20:13:00,1.30635,1.30647,1.30602,1.30605,2250700073.2421875
2012-02-15 20:14:00,1.30604,1.30635,1.30602,1.30635,1698600006.1035156
2012-02-15 20:15:00,1.30638,1.30638,1.30597,1.30618,1919400024.4140625
2012-02-15 20:16:00,1.30619,1.30636,1.30615,1.30624,1000699996.9482422
2012-02-15 20:17:00,1.30624,1.30669,1.30623,1.30668,2071199951.171875
2012-02-15 20:18:00,1.30668,1.30671,1.30663,1.30666,1858200073.2421875
2012-02-15 20:19:00,1.30667,1.30667,1.30615,1.30641,2010000000.0
2012-02-15 20:20:00,1.30641,1.30641,1.30613,1.30622,1917799987.7929688
2012-02-15 20:21:00,1.30622,1.30633,1.30621,1.30632,1589700012.2070312
2012-02-15 20:22:00,1.30631,1.30642,1.30626,1.30634,1466999969.4824219
2012-02-15 20:23:00,1.30633,1.3067,1.30633,1.30655,1922299957.2753906
2012-02-15 20:24:00,1.30654,1.30654,1.30633,1.30636,1448099975.5859375
2012-02-15 20:25:00,1.30638,1.30655,1.30631,1.30631,2013300018.3105469
2012-02-15 20:26:00,1.30631,1.30647,1.30626,1.3064,2533399963.3789062
2012-02-15 20:27:00,1.3064,1.30652,1.30634,1.30644,2391000061.0351562
2012-02-15 20:28:00,1.30644,1.30667,1.30643,1.30656,1529900054.9316406
2012-02-15 20:29:00,1.3066,1.30661,1.30644,1.3065,1917500000.0
2012-02-15 20:30:00,1.3065,1.30671,1.3065,1.30671,1575700073.2421875
2012-02-15 20:31:00,1.30671,1.3068,1.30658,1.30661,2342799987.7929688
2012-02-15 20:32:00,1.30661,1.30665,1.30651,1.30661,1557299957.2753906
2012-02-15 20:33:00,1.30661,1.30665,1.30643,1.30647,1823899993.8964844
2012-02-15 20:34:00,1.30648,1.30653,1.30631,1.30646,2365800018.310547
2012-02-15 20:35:00,1.30646,1.30649,1.30633,1.30638,1481799926.7578125
2012-02-15 20:36:00,1.30638,1.30653,1.30638,1.30652,1508300018.3105469
2012-02-15 20:37:00,1.30652,1.30655,1.30641,1.30654,1238600006.1035156
2012-02-15 20:38:00,1.30653,1.30665,1.30647,1.30654,1425899963.3789062
2012-02-15 20:39:00,1.30652,1.3067,1.30652,1.30666,1185899963.3789062
2012-02-15 20:40:00,1.30666,1.30681,1.30662,1.30669,1440800018.3105469
2012-02-15 20:41:00,1.30669,1.30699,1.30668,1.30695,1513099975.5859375
2012-02-15 20:42:00,1.30695,1.30717,1.30694,1.30717,1311300048.828125
2012-02-15 20:43:00,1.30719,1.30755,1.30703,1.30719,2491600036.6210938
2012-02-15 20:44:00,1.30719,1.30767,1.30716,1.30757,2372400054.9316406
2012-02-15 20:45:00,1.30758,1.30789,1.30758,1.30778,2460200042.7246094
2012-02-15 20:46:00,1.30778,1.30779,1.30765,1.30771,1514700012.2070312
2012-02-15 20:47:00,1.30771,1.30771,1.30754,1.30758,1514700012.2070312
2012-02-15 20:48:00,1.30757,1.3077,1.30755,1.30758,1671399993.8964844
2012-02-15 20:49:00,1.30759,1.3076,1.30728,1.30731,1304400024.4140625
2012-02-15 20:50:00,1.30729,1.30738,1.30706,1.30717,2286499938.9648438
2012-02-15 20:51:00,1.30717,1.30746,1.30717,1.30738,1921000061.0351562
2012-02-15 20:52:00,1.30735,1.30737,1.30717,1.3072,1733600006.1035156
2012-02-15 20:53:00,1.30719,1.3073,1.30716,1.30726,1026500015.2587891
2012-02-15 20:54:00,1.30725,1.30728,1.30719,1.30719,1524900054.9316406
2012-02-15 20:55:00,1.3072,1.30721,1.30706,1.30706,1505099945.0683594
2012-02-15 20:56:00,1.30707,1.30708,1.30697,1.30697,1070800018.3105469
2012-02-15 20:57:00,1.30694,1.30697,1.30649,1.30649,2395800018.310547
2012-02-15 20:58:00,1.30648,1.30657,1.30642,1.30642,1239199981.6894531
2012-02-15 20:59:00,1.30643,1.30667,1.30638,1.30663,685100021.3623047
2012-02-15 21:00:00,1.30664,1.30691,1.30664,1.30684,318999996.18530273
2012-02-15 21:01:00,1.30683,1.30683,1.3067,1.30671,1012600021.3623047
2012-02-15 21:02:00,1.30672,1.30695,1.30672,1.30691,607700004.5776367
2012-02-15 21:03:00,1.30691,1.30691,1.30679,1.30682,582200012.2070312
2012-02-15 21:04:00,1.30683,1.30685,1.30664,1.30665,715599975.5859375
2012-02-15 21:05:00,1.30664,1.30665,1.30656,1.30661,708000030.5175781
2012-02-15 21:06:00,1.30662,1.3067,1.3066,1.3067,472099990.84472656
2012-02-15 21:07:00,1.30672,1.30685,1.30672,1.30676,376199989.31884766
2012-02-15 21:08:00,1.30674,1.30681,1.30674,1.30674,530400009.15527344
2012-02-15 21:09:00,1.30676,1.30677,1.3067,1.30676,411500015.25878906
2012-02-15 21:10:00,1.30676,1.30676,1.30672,1.30673,275499992.37060547
2012-02-15 21:11:00,1.30673,1.30681,1.30672,1.3068,362799987.79296875
2012-02-15 21:12:00,1.3068,1.30681,1.30679,1.30681,130600004.19616699
2012-02-15 21:13:00,1.30682,1.30682,1.30678,1.30678,148199996.9482422
2012-02-15 21:14:00,1.30681,1.30684,1.3068,1.30683,186599998.4741211
2012-02-15 21:15:00,1.30684,1.30705,1.30684,1.30691,1007300033.5693359
2012-02-15 21:16:00,1.30692,1.30693,1.30683,1.30686,523699989.31884766
2012-02-15 21:17:00,1.30684,1.3069,1.30682,1.30683,564900016.784668
2012-02-15 21:18:00,1.3068,1.30684,1.3068,1.30683,405999984.74121094
2012-02-15 21:19:00,1.30683,1.30684,1.3068,1.30682,230799999.23706055
2012-02-15 21:20:00,1.30682,1.30682,1.3068,1.30682,206800003.0517578
2012-02-15 21:21:00,1.30679,1.30684,1.30669,1.30669,549700012.2070312
2012-02-15 21:22:00,1.30669,1.30673,1.30663,1.3067,363800010.68115234
2012-02-15 21:23:00,1.30672,1.30672,1.30667,1.30668,151099996.56677246
2012-02-15 21:24:00,1.30673,1.30678,1.3067,1.30677,784300003.0517578
2012-02-15 21:25:00,1.30677,1.30677,1.30666,1.30672,414199981.6894531
2012-02-15 21:26:00,1.30672,1.30673,1.30668,1.30668,261499996.18530273
2012-02-15 21:27:00,1.30667,1.30669,1.30667,1.30668,134499998.09265137
2012-02-15 21:28:00,1.30668,1.30671,1.30668,1.30669,197099990.84472656
2012-02-15 21:29:00,1.30668,1.30674,1.30667,1.30673,756600036.6210938
2012-02-15 21:30:00,1.30673,1.30679,1.3067,1.30675,925699996.9482422
2012-02-15 21:31:00,1.30676,1.30677,1.3067,1.30671,1143600006.1035156
2012-02-15 21:32:00,1.30672,1.3068,1.3067,1.30676,998300018.3105469
2012-02-15 21:33:00,1.30676,1.30682,1.3066,1.30661,1388300018.3105469
2012-02-15 21:34:00,1.30661,1.30663,1.30661,1.30663,169200000.76293945
2012-02-15 21:35:00,1.30661,1.30661,1.30651,1.30652,490499992.37060547
2012-02-15 21:36:00,1.30655,1.3066,1.3065,1.30653,229300003.0517578
2012-02-15 21:37:00,1.30652,1.30652,1.30637,1.30642,468699989.31884766
2012-02-15 21:38:00,1.30642,1.30647,1.30642,1.30644,202600002.28881836
2012-02-15 21:39:00,1.30642,1.30642,1.30639,1.30639,176100006.10351562
2012-02-15 21:40:00,1.30639,1.30643,1.30639,1.3064,296900005.3405762
2012-02-15 21:41:00,1.30639,1.30645,1.30639,1.30641,447799987.79296875
2012-02-15 21:42:00,1.30642,1.30648,1.30642,1.30647,250900001.5258789
2012-02-15 21:43:00,1.30653,1.30653,1.30646,1.30648,978199996.9482422
2012-02-15 21:44:00,1.30648,1.30652,1.30645,1.30646,531699981.6894531
2012-02-15 21:45:00,1.30646,1.30646,1.3064,1.30641,314699993.1335449
2012-02-15 21:46:00,1.30641,1.30649,1.30641,1.30649,231399993.89648438
2012-02-15 21:47:00,1.30649,1.30669,1.30648,1.30667,1448200073.2421875
2012-02-15 21:48:00,1.30665,1.30673,1.30664,1.30667,358400001.5258789
2012-02-15 21:49:00,1.30667,1.30669,1.30663,1.30668,569000015.2587891
2012-02-15 21:50:00,1.30668,1.30669,1.3066,1.3066,428300018.3105469
2012-02-15 21:51:00,1.30662,1.3067,1.30645,1.30656,919300003.0517578
2012-02-15 21:52:00,1.30656,1.30668,1.30654,1.30655,546599998.4741211
2012-02-15 21:53:00,1.30655,1.30664,1.30649,1.30653,921699981.6894531
2012-02-15 21:54:00,1.30653,1.30657,1.3065,1.30651,366500015.25878906
2012-02-15 21:55:00,1.30652,1.30669,1.30652,1.30659,778199996.9482422
2012-02-15 21:56:00,1.30659,1.30665,1.30654,1.3066,556599998.4741211
2012-02-15 21:57:00,1.3066,1.30663,1.30659,1.30662,397599983.21533203
2012-02-15 21:58:00,1.30662,1.30673,1.30662,1.30673,1080100021.3623047
2012-02-15 21:59:00,1.30674,1.30674,1.3065,1.30652,842500000.0
2012-02-15 22:00:00,1.30653,1.30657,1.30653,1.30653,98999996.18530273
2012-02-15 22:01:00,1.30653,1.30653,1.30638,1.30643,98299999.23706055
2012-02-15 22:02:00,1.30641,1.30641,1.3062,1.30626,337500000.0
2012-02-15 22:03:00,1.30627,1.30632,1.30625,1.30629,160400009.15527344
2012-02-15 22:04:00,1.30627,1.30628,1.306,1.30606,101800003.05175781
2012-02-15 22:05:00,1.30607,1.30608,1.30599,1.30605,113100004.19616699
2012-02-15 22:06:00,1.30605,1.30609,1.3058,1.30585,507599983.21533203
2012-02-15 22:07:00,1.30585,1.30595,1.30569,1.30576,433400001.5258789
2012-02-15 22:08:00,1.30577,1.30591,1.30571,1.3059,370400009.15527344
2012-02-15 22:09:00,1.3059,1.30608,1.30584,1.30597,400400009.15527344
2012-02-15 22:10:00,1.30594,1.30627,1.30588,1.30601,818099975.5859375
2012-02-15 22:11:00,1.30606,1.30629,1.30583,1.30616,791500015.2587891
2012-02-15 22:12:00,1.30617,1.30628,1.30608,1.30617,641200027.4658203
2012-02-15 22:13:00,1.30616,1.30626,1.30612,1.30614,236499996.18530273
2012-02-15 22:14:00,1.30615,1.30645,1.30613,1.3063,725100021.3623047
2012-02-15 22:15:00,1.30633,1.30633,1.30625,1.30629,335000000.0
2012-02-15 22:16:00,1.30629,1.30629,1.30629,1.30629,138599996.56677246
2012-02-15 22:17:00,1.30629,1.30644,1.30629,1.30641,154700002.6702881
2012-02-15 22:18:00,1.30647,1.30659,1.30637,1.30659,853000030.5175781
2012-02-15 22:19:00,1.30659,1.30662,1.30638,1.30655,681800003.0517578
2012-02-15 22:20:00,1.30655,1.30656,1.3063,1.30648,1270400009.1552734
2012-02-15 22:21:00,1.30649,1.30657,1.30636,1.30642,1468699951.171875
2012-02-15 22:22:00,1.3064,1.30648,1.3063,1.30635,1242900009.1552734
2012-02-15 22:23:00,1.30629,1.3065,1.30617,1.30629,1579900054.9316406
2012-02-15 22:24:00,1.30629,1.30633,1.30613,1.3062,769199981.6894531
2012-02-15 22:25:00,1.30619,1.3062,1.30599,1.30606,822500000.0
2012-02-15 22:26:00,1.30609,1.30615,1.30584,1.30591,754499969.4824219
2012-02-15 22:27:00,1.30591,1.30594,1.30581,1.30594,547599983.215332
2012-02-15 22:28:00,1.30593,1.306,1.30561,1.30585,1295700073.2421875
2012-02-15 22:29:00,1.30585,1.30587,1.3058,1.30581,438600006.1035156
2012-02-15 22:30:00,1.3058,1.30583,1.30565,1.30576,411199989.31884766
2012-02-15 22:31:00,1.30576,1.30585,1.30576,1.30585,305900001.5258789
2012-02-15 22:32:00,1.30585,1.30592,1.30585,1.3059,309300003.0517578
2012-02-15 22:33:00,1.3059,1.3059,1.3059,1.3059,169400005.34057617
2012-02-15 22:34:00,1.3059,1.3059,1.30549,1.30557,1115199966.430664
2012-02-15 22:35:00,1.30558,1.30579,1.30558,1.30561,877500000.0
2012-02-15 22:36:00,1.30561,1.30569,1.3056,1.30566,594599990.8447266
2012-02-15 22:37:00,1.30561,1.30575,1.30548,1.30561,1579299926.7578125
2012-02-15 22:38:00,1.30561,1.30576,1.30561,1.30573,510400009.15527344
2012-02-15 22:39:00,1.30572,1.30574,1.30553,1.30563,1037600021.3623047
2012-02-15 22:40:00,1.30563,1.30564,1.3053,1.30548,894100036.6210938
2012-02-15 22:41:00,1.30548,1.30567,1.30537,1.30562,1242500000.0
2012-02-15 22:42:00,1.30561,1.30589,1.30551,1.30558,1975099945.0683594
2012-02-15 22:43:00,1.30556,1.30582,1.30544,1.30548,2186300048.828125
2012-02-15 22:44:00,1.3055,1.30573,1.3055,1.30567,1396999969.4824219
2012-02-15 22:45:00,1.30567,1.30571,1.30566,1.30571,412700004.5776367
2012-02-15 22:46:00,1.30571,1.30572,1.30567,1.30572,147899999.61853027
2012-02-15 22:47:00,1.30572,1.30574,1.30566,1.30573,346699981.6894531
2012-02-15 22:48:00,1.30569,1.30578,1.30559,1.30578,671999969.4824219
2012-02-15 22:49:00,1.3058,1.30587,1.30563,1.30571,714100036.6210938
2012-02-15 22:50:00,1.30572,1.30573,1.30562,1.30568,275000000.0
2012-02-15 22:51:00,1.30568,1.30587,1.30561,1.30569,987200012.2070312
2012-02-15 22:52:00,1.30567,1.30583,1.30565,1.30571,979100036.6210938
2012-02-15 22:53:00,1.30573,1.30594,1.30572,1.30592,346500015.25878906
2012-02-15 22:54:00,1.30592,1.30595,1.3057,1.30595,2291600036.6210938
2012-02-15 22:55:00,1.30597,1.30598,1.30573,1.30596,1031600036.6210938
2012-02-15 22:56:00,1.30597,1.30609,1.30585,1.30609,732200012.2070312
2012-02-15 22:57:00,1.30607,1.30607,1.30579,1.30594,1500800018.3105469
2012-02-15 22:58:00,1.30594,1.30595,1.3059,1.30592,257199993.13354492
2012-02-15 22:59:00,1.30591,1.30591,1.30591,1.30591,38299999.23706055
2012-02-15 23:00:00,1.30591,1.30594,1.30587,1.30589,733300018.3105469
2012-02-15 23:01:00,1.30589,1.30599,1.30589,1.30593,770100021.3623047
2012-02-15 23:02:00,1.30591,1.30597,1.30586,1.30587,382799987.79296875
2012-02-15 23:03:00,1.30585,1.30585,1.30576,1.30577,425000000.0
2012-02-15 23:04:00,1.30577,1.30583,1.30576,1.30583,246800003.0517578
2012-02-15 23:05:00,1.30581,1.30591,1.30563,1.30579,936600036.6210938
2012-02-15 23:06:00,1.3058,1.30587,1.30561,1.30569,1478500061.0351562
2012-02-15 23:07:00,1.3057,1.30578,1.30551,1.30559,1757400054.9316406
2012-02-15 23:08:00,1.30559,1.30573,1.30542,1.3055,1242900009.1552734
2012-02-15 23:09:00,1.30546,1.30555,1.30546,1.30552,435000000.0
2012-02-15 23:10:00,1.30553,1.30557,1.30535,1.30535,1326199951.171875
2012-02-15 23:11:00,1.30536,1.3055,1.30529,1.30535,1325299987.7929688
2012-02-15 23:12:00,1.30535,1.30546,1.30531,1.3054,417500000.0
2012-02-15 23:13:00,1.30539,1.30539,1.3052,1.30525,930400009.1552734
2012-02-15 23:14:00,1.30525,1.30535,1.30525,1.30535,237299995.42236328
2012-02-15 23:15:00,1.30534,1.3054,1.30527,1.3053,354199981.6894531
2012-02-15 23:16:00,1.30531,1.30539,1.30525,1.30533,907900009.1552734
2012-02-15 23:17:00,1.30533,1.30536,1.30513,1.30516,1191399993.8964844
2012-02-15 23:18:00,1.30515,1.30516,1.30495,1.305,1360200042.7246094
2012-02-15 23:19:00,1.30501,1.30501,1.3047,1.30474,1072799987.7929688
2012-02-15 23:20:00,1.30474,1.30493,1.30474,1.30493,520200004.5776367
2012-02-15 23:21:00,1.30495,1.30527,1.30495,1.30527,1459299926.7578125
2012-02-15 23:22:00,1.30527,1.30527,1.30501,1.30512,1840599975.5859375
2012-02-15 23:23:00,1.30511,1.30521,1.30511,1.30519,406899986.26708984
2012-02-15 23:24:00,1.30516,1.30522,1.30516,1.3052,250300006.86645508
2012-02-15 23:25:00,1.30517,1.30518,1.30487,1.30496,1069300003.0517578
2012-02-15 23:26:00,1.30496,1.30504,1.30486,1.30493,1202500000.0
2012-02-15 23:27:00,1.30493,1.30516,1.30493,1.30516,1148199996.9482422
2012-02-15 23:28:00,1.30517,1.30523,1.30515,1.30522,355299987.79296875
2012-02-15 23:29:00,1.30522,1.30534,1.30522,1.30532,262199993.13354492
2012-02-15 23:30:00,1.30532,1.30532,1.3052,1.30526,650699996.9482422
2012-02-15 23:31:00,1.30529,1.30536,1.30527,1.30533,931299972.5341797
2012-02-15 23:32:00,1.30533,1.30557,1.30533,1.3055,776699981.6894531
2012-02-15 23:33:00,1.30551,1.30571,1.30551,1.30569,752099990.8447266
2012-02-15 23:34:00,1.3057,1.30591,1.30567,1.30577,967300033.5693359
2012-02-15 23:35:00,1.30574,1.306,1.30571,1.306,1170400009.1552734
2012-02-15 23:36:00,1.30598,1.30598,1.30589,1.30593,474000015.25878906
2012-02-15 23:37:00,1.30592,1.30598,1.30586,1.30589,672799987.7929688
2012-02-15 23:38:00,1.30589,1.30592,1.30587,1.3059,456800003.0517578
2012-02-15 23:39:00,1.3059,1.30597,1.3059,1.30595,338600006.1035156
2012-02-15 23:40:00,1.30598,1.30598,1.30586,1.30591,574700012.2070312
2012-02-15 23:41:00,1.30593,1.30605,1.30593,1.306,562400016.784668
2012-02-15 23:42:00,1.30601,1.30614,1.30601,1.30614,420999984.74121094
2012-02-15 23:43:00,1.30613,1.30614,1.30605,1.30614,465900001.5258789
2012-02-15 23:44:00,1.30614,1.30622,1.30603,1.30616,1396799926.7578125
2012-02-15 23:45:00,1.30616,1.30616,1.30598,1.30607,700800018.3105469
2012-02-15 23:46:00,1.30608,1.30618,1.30606,1.30608,898399963.3789062
2012-02-15 23:47:00,1.30607,1.30623,1.30607,1.30622,868899993.8964844
2012-02-15 23:48:00,1.30622,1.30634,1.30617,1.30626,790699996.9482422
2012-02-15 23:49:00,1.30626,1.30627,1.30624,1.30624,368199996.9482422
2012-02-15 23:50:00,1.30624,1.30624,1.30611,1.30611,293899993.8964844
2012-02-15 23:51:00,1.30611,1.30615,1.30608,1.30614,637400016.784668
2012-02-15 23:52:00,1.30612,1.30614,1.30599,1.30602,805199966.4306641
2012-02-15 23:53:00,1.30602,1.30606,1.30597,1.30597,464599990.84472656
2012-02-15 23:54:00,1.30597,1.30597,1.30534,1.30542,1349499969.4824219
2012-02-15 23:55:00,1.30542,1.30553,1.30534,1.30549,891900024.4140625
2012-02-15 23:56:00,1.30552,1.30589,1.30552,1.30573,970299987.7929688
2012-02-15 23:57:00,1.3057,1.3057,1.30559,1.30559,505099983.21533203
2012-02-15 23:58:00,1.30559,1.30577,1.30555,1.30555,1015100021.3623047
2012-02-15 23:59:00,1.30555,1.30556,1.30548,1.30548,336100006.1035156
2012-02-16 00:00:00,1.30548,1.30553,1.30532,1.30532,735299987.7929688
2012-02-16 00:01:00,1.30533,1.30534,1.30515,1.30518,1115999984.741211
2012-02-16 00:02:00,1.30518,1.30529,1.30517,1.30517,807300033.5693359
2012-02-16 00:03:00,1.3052,1.30524,1.30517,1.30517,808700027.4658203
2012-02-16 00:04:00,1.30517,1.30517,1.30482,1.30483,1037900009.1552734
2012-02-16 00:05:00,1.30485,1.30485,1.30465,1.30484,1569400024.4140625
2012-02-16 00:06:00,1.30485,1.30489,1.3048,1.30489,1083899993.8964844
2012-02-16 00:07:00,1.3049,1.30507,1.3049,1.30496,818799972.5341797
2012-02-16 00:08:00,1.30494,1.30512,1.30489,1.30512,1079000015.258789
2012-02-16 00:09:00,1.30512,1.3053,1.3051,1.3051,853499984.7412109
2012-02-16 00:10:00,1.30512,1.30516,1.30482,1.30508,1214400024.4140625
2012-02-16 00:11:00,1.30509,1.30517,1.30498,1.30507,1105000000.0
2012-02-16 00:12:00,1.30507,1.30518,1.305,1.30517,715500030.5175781
2012-02-16 00:13:00,1.30517,1.30522,1.30512,1.30516,718799972.5341797
2012-02-16 00:14:00,1.30516,1.30521,1.30512,1.30521,746699981.6894531
2012-02-16 00:15:00,1.30518,1.30518,1.30486,1.30486,821800003.0517578
2012-02-16 00:16:00,1.30485,1.30494,1.30482,1.30483,990400009.1552734
2012-02-16 00:17:00,1.30482,1.30482,1.30463,1.30475,1176100006.1035156
2012-02-16 00:18:00,1.30476,1.30484,1.30455,1.30455,1628800048.828125
2012-02-16 00:19:00,1.30452,1.30463,1.30438,1.30457,1255699996.9482422
2012-02-16 00:20:00,1.30457,1.30465,1.30453,1.30461,801399993.8964844
2012-02-16 00:21:00,1.30464,1.30469,1.30459,1.30459,503300018.3105469
2012-02-16 00:22:00,1.30458,1.3047,1.30457,1.30467,931500015.2587891
2012-02-16 00:23:00,1.30466,1.30468,1.30458,1.30464,1042099990.8447266
2012-02-16 00:24:00,1.30462,1.30481,1.30461,1.30481,547700004.5776367
2012-02-16 00:25:00,1.30488,1.3049,1.30458,1.30459,1128899993.8964844
2012-02-16 00:26:00,1.30459,1.30469,1.30454,1.30455,1287799987.7929688
2012-02-16 00:27:00,1.30454,1.30454,1.30426,1.30438,1439199981.6894531
2012-02-16 00:28:00,1.30438,1.30443,1.30415,1.30433,1050599975.5859375
2012-02-16 00:29:00,1.30433,1.30467,1.30424,1.30459,1549799957.2753906
2012-02-16 00:30:00,1.30457,1.3057,1.30454,1.30543,3608099975.5859375
2012-02-16 00:31:00,1.30544,1.30551,1.30436,1.30442,3301400146.484375
2012-02-16 00:32:00,1.30442,1.3046,1.30425,1.30459,1694100036.6210938
2012-02-16 00:33:00,1.30463,1.30494,1.30459,1.30491,2159900054.9316406
2012-02-16 00:34:00,1.30489,1.30491,1.30453,1.30457,1942100067.1386719
2012-02-16 00:35:00,1.30457,1.30483,1.3045,1.30452,1825099945.0683594
2012-02-16 00:36:00,1.30456,1.30465,1.30439,1.30439,1718399963.3789062
2012-02-16 00:37:00,1.30436,1.3044,1.30414,1.30414,1353399963.3789062
2012-02-16 00:38:00,1.30414,1.30414,1.3039,1.3041,1932200012.2070312
2012-02-16 00:39:00,1.30409,1.30419,1.304,1.30414,1462799987.7929688
2012-02-16 00:40:00,1.30414,1.30435,1.3038,1.30387,1816199951.171875
2012-02-16 00:41:00,1.30387,1.30391,1.3036,1.30363,1697799987.7929688
2012-02-16 00:42:00,1.30364,1.30366,1.30334,1.30351,1932299957.2753906
2012-02-16 00:43:00,1.30351,1.30355,1.30349,1.30353,1080800018.3105469
2012-02-16 00:44:00,1.30352,1.30375,1.30335,1.30362,1803600006.1035156
2012-02-16 00:45:00,1.30362,1.30368,1.30354,1.30358,1642100067.1386719
2012-02-16 00:46:00,1.30359,1.3036,1.30356,1.30358,479399986.26708984
2012-02-16 00:47:00,1.30355,1.30372,1.30355,1.30371,614700012.2070312
2012-02-16 00:48:00,1.30367,1.30368,1.30351,1.30363,1340399932.8613281
2012-02-16 00:49:00,1.30365,1.30386,1.30365,1.30386,805999984.7412109
2012-02-16 00:50:00,1.30386,1.30391,1.30378,1.30388,1040699996.9482422
2012-02-16 00:51:00,1.30389,1.30392,1.30356,1.30363,1366699981.6894531
2012-02-16 00:52:00,1.30364,1.30374,1.30357,1.30373,827699966.4306641
2012-02-16 00:53:00,1.30374,1.30393,1.30374,1.30392,736399993.8964844
2012-02-16 00:54:00,1.30393,1.30394,1.30364,1.30367,1584600067.1386719
2012-02-16 00:55:00,1.30365,1.30395,1.30365,1.30395,2055899963.3789062
2012-02-16 00:56:00,1.30396,1.30425,1.30394,1.30415,1842899932.8613281
2012-02-16 00:57:00,1.30416,1.30459,1.30416,1.30454,2495099945.0683594
2012-02-16 00:58:00,1.30454,1.30454,1.3043,1.30431,1554499969.4824219
2012-02-16 00:59:00,1.30431,1.30437,1.30424,1.30428,517700004.5776367
2012-02-16 01:00:00,1.30429,1.30429,1.30404,1.30407,1037200012.2070312
2012-02-16 01:01:00,1.30408,1.30425,1.30401,1.30424,1261900024.4140625
2012-02-16 01:02:00,1.30423,1.30434,1.30423,1.30428,1289100036.6210938
2012-02-16 01:03:00,1.30428,1.30433,1.30423,1.30427,814599990.8447266
2012-02-16 01:04:00,1.30425,1.30438,1.30425,1.30434,846299972.5341797
2012-02-16 01:05:00,1.30435,1.30438,1.30421,1.30422,1034000015.2587891
2012-02-16 01:06:00,1.30422,1.3043,1.30418,1.30428,1047600021.3623047
2012-02-16 01:07:00,1.30428,1.30436,1.30422,1.30422,751399993.8964844
2012-02-16 01:08:00,1.30423,1.30428,1.30397,1.30398,1386499938.9648438
2012-02-16 01:09:00,1.30398,1.30402,1.30389,1.30391,1340700073.2421875
2012-02-16 01:10:00,1.30389,1.30389,1.30345,1.30364,2099499969.4824219
2012-02-16 01:11:00,1.30364,1.30369,1.30335,1.30339,1241500015.258789
2012-02-16 01:12:00,1.30339,1.30355,1.30336,1.30343,1515700073.2421875
2012-02-16 01:13:00,1.30343,1.30351,1.3034,1.30345,629900016.784668
2012-02-16 01:14:00,1.30345,1.30359,1.30345,1.30351,966100006.1035156
2012-02-16 01:15:00,1.30351,1.30362,1.30351,1.30358,1074000015.258789
2012-02-16 01:16:00,1.3036,1.30386,1.30357,1.30384,1198300018.3105469
2012-02-16 01:17:00,1.30384,1.30403,1.30374,1.30377,1465399932.8613281
2012-02-16 01:18:00,1.30375,1.30403,1.30374,1.30397,1179899978.6376953
2012-02-16 01:19:00,1.30397,1.30414,1.30391,1.30392,1162099990.8447266
2012-02-16 01:20:00,1.30392,1.30396,1.30386,1.3039,1065100021.3623047
2012-02-16 01:21:00,1.3039,1.30403,1.30372,1.30375,1240699996.9482422
2012-02-16 01:22:00,1.30375,1.30376,1.30341,1.30354,1383699951.171875
2012-02-16 01:23:00,1.30354,1.3036,1.30342,1.30354,737300033.5693359
2012-02-16 01:24:00,1.30354,1.30366,1.30343,1.30362,1141100006.1035156
2012-02-16 01:25:00,1.30361,1.30361,1.30338,1.30348,1119700012.2070312
2012-02-16 01:26:00,1.30348,1.30363,1.30342,1.30354,1434499969.4824219
2012-02-16 01:27:00,1.30357,1.30361,1.30352,1.30355,763099975.5859375
2012-02-16 01:28:00,1.30355,1.30358,1.30354,1.30358,324599990.84472656
2012-02-16 01:29:00,1.30359,1.30371,1.30359,1.3037,603199996.9482422
2012-02-16 01:30:00,1.3037,1.30382,1.30365,1.30379,1369299926.7578125
2012-02-16 01:31:00,1.30379,1.3038,1.30375,1.30375,276900005.3405762
2012-02-16 01:32:00,1.30376,1.30385,1.30372,1.30384,492400016.78466797
2012-02-16 01:33:00,1.30384,1.30399,1.30365,1.3037,1678200073.2421875
2012-02-16 01:34:00,1.3037,1.30371,1.30358,1.30369,1280299987.7929688
2012-02-16 01:35:00,1.30369,1.30375,1.3035,1.30354,994800033.5693359
2012-02-16 01:36:00,1.30354,1.30354,1.30344,1.30344,938700027.4658203
2012-02-16 01:37:00,1.30343,1.30343,1.30331,1.30333,1536900024.4140625
2012-02-16 01:38:00,1.3033,1.30345,1.30326,1.30336,1730899963.3789062
2012-02-16 01:39:00,1.30336,1.30345,1.30329,1.30336,971800003.0517578
2012-02-16 01:40:00,1.30337,1.30345,1.30333,1.30345,461199989.31884766
2012-02-16 01:41:00,1.30344,1.30346,1.30342,1.30342,373800010.68115234
2012-02-16 01:42:00,1.30344,1.30366,1.30344,1.30354,1046600036.6210938
2012-02-16 01:43:00,1.30355,1.30366,1.30348,1.30352,1507799987.7929688
2012-02-16 01:44:00,1.30352,1.30367,1.30351,1.3036,1176399993.8964844
2012-02-16 01:45:00,1.3036,1.30366,1.30354,1.30355,935500030.5175781
2012-02-16 01:46:00,1.30355,1.30357,1.30345,1.30347,615900001.5258789
2012-02-16 01:47:00,1.30349,1.30359,1.30346,1.30359,596899986.2670898
2012-02-16 01:48:00,1.30359,1.30365,1.30349,1.3035,452400016.78466797
2012-02-16 01:49:00,1.3035,1.30361,1.3035,1.30352,1000699996.9482422
2012-02-16 01:50:00,1.30351,1.30359,1.30345,1.30357,329300003.0517578
2012-02-16 01:51:00,1.30359,1.3036,1.30346,1.30355,852500000.0
2012-02-16 01:52:00,1.30354,1.30355,1.30349,1.30351,412000007.62939453
2012-02-16 01:53:00,1.30353,1.30359,1.30345,1.30345,560299987.7929688
2012-02-16 01:54:00,1.30345,1.30349,1.30337,1.30349,622900009.1552734
2012-02-16 01:55:00,1.30349,1.30372,1.30349,1.3037,832099990.8447266
2012-02-16 01:56:00,1.3037,1.30376,1.30346,1.30355,1603500061.0351562
2012-02-16 01:57:00,1.30355,1.30364,1.30349,1.30364,821600036.6210938
2012-02-16 01:58:00,1.30365,1.30379,1.30362,1.30375,1012500000.0
2012-02-16 01:59:00,1.30375,1.30381,1.30361,1.30367,814599990.8447266
2012-02-16 02:00:00,1.30367,1.30367,1.30356,1.30363,809300003.0517578
2012-02-16 02:01:00,1.30362,1.3037,1.30354,1.30355,788000030.5175781
2012-02-16 02:02:00,1.30358,1.30363,1.30349,1.30349,509700012.20703125
2012-02-16 02:03:00,1.30349,1.30353,1.30343,1.3035,945699996.9482422
2012-02-16 02:04:00,1.30349,1.30355,1.30325,1.30329,1328300018.3105469
2012-02-16 02:05:00,1.30329,1.30336,1.30324,1.30328,1323999938.9648438
2012-02-16 02:06:00,1.30328,1.3033,1.30315,1.30323,1463600006.1035156
2012-02-16 02:07:00,1.30323,1.30341,1.30323,1.30329,933000030.5175781
2012-02-16 02:08:00,1.30329,1.30335,1.30311,1.30313,890299987.7929688
2012-02-16 02:09:00,1.30314,1.30326,1.30309,1.30309,1401100006.1035156
2012-02-16 02:10:00,1.3031,1.3031,1.30276,1.30281,2103000030.5175781
2012-02-16 02:11:00,1.30281,1.30321,1.30279,1.30321,2630499877.9296875
2012-02-16 02:12:00,1.30321,1.30325,1.30318,1.30318,1184100036.6210938
2012-02-16 02:13:00,1.30316,1.30316,1.30297,1.3031,1480299987.7929688
2012-02-16 02:14:00,1.3031,1.30326,1.30293,1.30301,1693699951.171875
2012-02-16 02:15:00,1.30299,1.30299,1.30294,1.30299,822399978.6376953
2012-02-16 02:16:00,1.30298,1.30298,1.30271,1.30274,1644100036.6210938
2012-02-16 02:17:00,1.30277,1.30287,1.30271,1.30287,1255899963.3789062
2012-02-16 02:18:00,1.30286,1.30286,1.30263,1.30275,1647799987.7929688
2012-02-16 02:19:00,1.30277,1.3028,1.30261,1.30271,1438399963.3789062
2012-02-16 02:20:00,1.30271,1.30271,1.30235,1.30242,1813699951.171875
2012-02-16 02:21:00,1.30241,1.3025,1.30202,1.30203,2109100036.6210938
2012-02-16 02:22:00,1.30199,1.30209,1.30183,1.30192,3569899902.34375
2012-02-16 02:23:00,1.3019,1.30204,1.30183,1.30203,2282700042.7246094
2012-02-16 02:24:00,1.30203,1.30235,1.30199,1.302,3430199890.1367188
2012-02-16 02:25:00,1.302,1.30212,1.30146,1.3015,2017599945.0683594
2012-02-16 02:26:00,1.30152,1.30156,1.30079,1.30099,3311600036.6210938
2012-02-16 02:27:00,1.30096,1.30114,1.30088,1.30114,2843999938.9648438
2012-02-16 02:28:00,1.3012,1.30127,1.30106,1.30114,2767699890.1367188
2012-02-16 02:29:00,1.30114,1.30126,1.30096,1.30113,1822599945.0683594
2012-02-16 02:30:00,1.30113,1.30135,1.30108,1.3013,1673600006.1035156
2012-02-16 02:31:00,1.30133,1.30155,1.30126,1.30153,1250299987.7929688
2012-02-16 02:32:00,1.3015,1.30191,1.30148,1.30152,3036000061.0351562
2012-02-16 02:33:00,1.30153,1.30165,1.30151,1.30162,1947400054.9316406
2012-02-16 02:34:00,1.30162,1.30163,1.30129,1.30129,1284100036.6210938
2012-02-16 02:35:00,1.30129,1.30168,1.30117,1.30168,1658000030.5175781
2012-02-16 02:36:00,1.30166,1.30172,1.30151,1.30151,1575399932.8613281
2012-02-16 02:37:00,1.30148,1.30155,1.30133,1.30155,1103899993.8964844
2012-02-16 02:38:00,1.30159,1.30161,1.30146,1.30161,749899978.6376953
2012-02-16 02:39:00,1.30169,1.30183,1.30169,1.30181,1419299926.7578125
2012-02-16 02:40:00,1.3018,1.3018,1.3017,1.30174,1470399932.8613281
2012-02-16 02:41:00,1.30174,1.30175,1.30171,1.30175,889800033.5693359
2012-02-16 02:42:00,1.30175,1.30203,1.30175,1.30199,1576699981.6894531
2012-02-16 02:43:00,1.30199,1.30224,1.30187,1.30224,1596600036.6210938
2012-02-16 02:44:00,1.30224,1.30252,1.30222,1.30251,2308899993.8964844
2012-02-16 02:45:00,1.30251,1.30253,1.30218,1.30222,1579900054.9316406
2012-02-16 02:46:00,1.30222,1.30222,1.3018,1.30186,1847500000.0
2012-02-16 02:47:00,1.30186,1.30203,1.30181,1.30196,920599975.5859375
2012-02-16 02:48:00,1.30195,1.30219,1.30195,1.30216,698099975.5859375
2012-02-16 02:49:00,1.30216,1.3022,1.30214,1.30215,444799995.4223633
2012-02-16 02:50:00,1.30215,1.30219,1.30213,1.30217,677300033.5693359
2012-02-16 02:51:00,1.3022,1.30229,1.30217,1.30218,1378899993.8964844
2012-02-16 02:52:00,1.30218,1.30218,1.30207,1.30208,683600006.1035156
2012-02-16 02:53:00,1.30211,1.30222,1.30211,1.30219,750000000.0
2012-02-16 02:54:00,1.30218,1.30229,1.30211,1.30229,1086900024.4140625
2012-02-16 02:55:00,1.3023,1.30231,1.30215,1.3022,631100006.1035156
2012-02-16 02:56:00,1.3022,1.30228,1.30218,1.30226,567799987.7929688
2012-02-16 02:57:00,1.30229,1.30249,1.30225,1.30239,1266800003.0517578
2012-02-16 02:58:00,1.30239,1.30241,1.30231,1.30235,1163499984.741211
2012-02-16 02:59:00,1.30235,1.30253,1.30235,1.30243,1468800048.828125
2012-02-16 03:00:00,1.30243,1.30245,1.30178,1.30178,2276799926.7578125
2012-02-16 03:01:00,1.30178,1.30191,1.30157,1.3019,1909799957.2753906
2012-02-16 03:02:00,1.30191,1.30213,1.30169,1.30172,1815599975.5859375
2012-02-16 03:03:00,1.30173,1.30184,1.30171,1.30175,1534299926.7578125
2012-02-16 03:04:00,1.30176,1.30188,1.30163,1.30185,1542200012.2070312
2012-02-16 03:05:00,1.30185,1.30204,1.30185,1.30193,1437200012.2070312
2012-02-16 03:06:00,1.30193,1.30193,1.30166,1.30175,1253199996.9482422
2012-02-16 03:07:00,1.30176,1.30187,1.30174,1.30182,1029700012.2070312
2012-02-16 03:08:00,1.30182,1.30193,1.30182,1.30185,608499984.7412109
2012-02-16 03:09:00,1.30183,1.30183,1.30145,1.30145,1187500000.0
2012-02-16 03:10:00,1.30146,1.30146,1.30101,1.3012,2576900024.4140625
2012-02-16 03:11:00,1.3012,1.30148,1.30114,1.30145,1487700042.7246094
2012-02-16 03:12:00,1.30149,1.30158,1.30149,1.30155,951500015.2587891
2012-02-16 03:13:00,1.30155,1.30178,1.3015,1.3016,1426399993.8964844
2012-02-16 03:14:00,1.30162,1.30163,1.30159,1.30163,624599990.8447266
2012-02-16 03:15:00,1.30163,1.30167,1.30154,1.30156,1329600067.1386719
2012-02-16 03:16:00,1.30156,1.30158,1.3015,1.3015,705000000.0
2012-02-16 03:17:00,1.30151,1.30165,1.30148,1.30165,693899993.8964844
2012-02-16 03:18:00,1.30162,1.30165,1.3016,1.3016,321699981.6894531
2012-02-16 03:19:00,1.30161,1.30168,1.30161,1.30167,563400001.5258789
2012-02-16 03:20:00,1.30167,1.30181,1.30166,1.30179,981399993.8964844
2012-02-16 03:21:00,1.30179,1.30183,1.30175,1.3018,737300033.5693359
2012-02-16 03:22:00,1.30181,1.30186,1.3018,1.30185,802900009.1552734
2012-02-16 03:23:00,1.30182,1.30186,1.30179,1.30181,1184400024.4140625
2012-02-16 03:24:00,1.30183,1.30186,1.30178,1.30184,990599975.5859375
2012-02-16 03:25:00,1.30184,1.30213,1.30183,1.30213,1393699951.171875
2012-02-16 03:26:00,1.30212,1.30234,1.30212,1.30231,1656399993.8964844
2012-02-16 03:27:00,1.30229,1.3023,1.30224,1.30229,645199966.4306641
2012-02-16 03:28:00,1.30227,1.30248,1.30227,1.30245,958899993.8964844
2012-02-16 03:29:00,1.30245,1.30247,1.30235,1.30238,1220100021.3623047
2012-02-16 03:30:00,1.30236,1.30241,1.30235,1.30239,1054800033.5693359
2012-02-16 03:31:00,1.30239,1.3024,1.30233,1.30233,883499984.7412109
2012-02-16 03:32:00,1.30233,1.30233,1.30222,1.30223,1347500000.0
2012-02-16 03:33:00,1.30223,1.30238,1.3022,1.30237,1485000000.0
2012-02-16 03:34:00,1.30237,1.30265,1.30236,1.30265,1172500000.0
2012-02-16 03:35:00,1.30265,1.3027,1.30262,1.30268,560900001.5258789
2012-02-16 03:36:00,1.30271,1.30288,1.3027,1.30277,2005700073.2421875
2012-02-16 03:37:00,1.30277,1.30285,1.30274,1.30276,1617400054.9316406
2012-02-16 03:38:00,1.30277,1.30283,1.30274,1.30283,856800003.0517578
2012-02-16 03:39:00,1.3028,1.30284,1.30269,1.30274,985199966.4306641
2012-02-16 03:40:00,1.30274,1.3028,1.30274,1.30279,919800033.5693359
2012-02-16 03:41:00,1.3028,1.30317,1.3028,1.303,1731300048.828125
2012-02-16 03:42:00,1.30299,1.30307,1.30287,1.30292,1563300018.3105469
2012-02-16 03:43:00,1.30293,1.30302,1.30293,1.30294,1195100021.3623047
2012-02-16 03:44:00,1.30294,1.30302,1.3029,1.30294,955500030.5175781
2012-02-16 03:45:00,1.30294,1.30313,1.30292,1.30313,1017699966.4306641
2012-02-16 03:46:00,1.30313,1.3033,1.30313,1.30324,1602899932.8613281
2012-02-16 03:47:00,1.30324,1.30331,1.3031,1.3031,759400024.4140625
2012-02-16 03:48:00,1.30311,1.30312,1.30297,1.30297,769499969.4824219
2012-02-16 03:49:00,1.30297,1.30297,1.30285,1.30294,820599975.5859375
2012-02-16 03:50:00,1.30293,1.30299,1.30292,1.30295,378600006.1035156
2012-02-16 03:51:00,1.30294,1.30294,1.30274,1.30275,774899978.6376953
2012-02-16 03:52:00,1.30274,1.30274,1.30247,1.30259,1327100067.1386719
2012-02-16 03:53:00,1.30259,1.30274,1.30259,1.30273,847399978.6376953
2012-02-16 03:54:00,1.30273,1.30273,1.3026,1.30262,691800003.0517578
2012-02-16 03:55:00,1.30264,1.30297,1.30262,1.30295,597999992.3706055
2012-02-16 03:56:00,1.30295,1.30305,1.30295,1.303,1558200073.2421875
2012-02-16 03:57:00,1.303,1.30309,1.30296,1.30297,641900024.4140625
2012-02-16 03:58:00,1.30297,1.30298,1.30271,1.30276,863000030.5175781
2012-02-16 03:59:00,1.30276,1.30295,1.30273,1.30292,711299972.5341797
2012-02-16 04:00:00,1.30292,1.303,1.30281,1.30298,1183700027.4658203
2012-02-16 04:01:00,1.30297,1.30299,1.30284,1.30289,855000000.0
2012-02-16 04:02:00,1.30286,1.30298,1.30285,1.30296,480200004.5776367
2012-02-16 04:03:00,1.30296,1.30297,1.30293,1.30297,560200004.5776367
2012-02-16 04:04:00,1.30297,1.30302,1.30279,1.30282,1225800018.3105469
2012-02-16 04:05:00,1.30282,1.30296,1.30274,1.3029,968099975.5859375
2012-02-16 04:06:00,1.3029,1.3029,1.30288,1.30288,311700000.76293945
2012-02-16 04:07:00,1.30289,1.30294,1.30289,1.30292,317399997.71118164
2012-02-16 04:08:00,1.30292,1.30301,1.30292,1.30296,799599990.8447266
2012-02-16 04:09:00,1.30294,1.30302,1.30292,1.30294,1388200073.2421875
2012-02-16 04:10:00,1.30291,1.30291,1.30278,1.30279,849400024.4140625
2012-02-16 04:11:00,1.30279,1.30279,1.3026,1.30265,1603099975.5859375
2012-02-16 04:12:00,1.30265,1.30267,1.30252,1.30253,646399993.8964844
2012-02-16 04:13:00,1.30254,1.30261,1.3024,1.3024,770400009.1552734
2012-02-16 04:14:00,1.3024,1.30244,1.30234,1.3024,863399963.3789062
2012-02-16 04:15:00,1.3024,1.30255,1.3024,1.30255,364599990.84472656
2012-02-16 04:16:00,1.30254,1.30268,1.30254,1.30256,475499992.37060547
2012-02-16 04:17:00,1.30255,1.30279,1.30255,1.30278,1146399993.8964844
2012-02-16 04:18:00,1.3028,1.3028,1.30272,1.30275,647799987.7929688
2012-02-16 04:19:00,1.30275,1.30278,1.30271,1.30276,488499984.74121094
2012-02-16 04:20:00,1.30276,1.30277,1.30273,1.30274,281800003.0517578
2012-02-16 04:21:00,1.30272,1.30272,1.30261,1.30263,928499984.7412109
2012-02-16 04:22:00,1.30263,1.30263,1.30233,1.30238,1662299957.2753906
2012-02-16 04:23:00,1.30238,1.30256,1.30231,1.30256,923600006.1035156
2012-02-16 04:24:00,1.30255,1.30258,1.30221,1.30228,1621499938.9648438
2012-02-16 04:25:00,1.30231,1.30236,1.30226,1.30227,650199966.4306641
2012-02-16 04:26:00,1.30229,1.30229,1.30226,1.30226,278400001.5258789
2012-02-16 04:27:00,1.30227,1.30246,1.30227,1.30241,1077399978.6376953
2012-02-16 04:28:00,1.30241,1.30254,1.30241,1.30248,895500030.5175781
2012-02-16 04:29:00,1.30246,1.30246,1.30244,1.30244,105299997.32971191
2012-02-16 04:30:00,1.30246,1.30247,1.30243,1.30247,746999969.4824219
2012-02-16 04:31:00,1.30246,1.30252,1.30244,1.30245,337700004.5776367
2012-02-16 04:32:00,1.30244,1.3025,1.30244,1.30249,486100006.1035156
2012-02-16 04:33:00,1.30249,1.30249,1.30247,1.30247,127600002.28881836
2012-02-16 04:34:00,1.30247,1.30256,1.30245,1.30253,696999969.4824219
2012-02-16 04:35:00,1.30252,1.30274,1.30252,1.30274,1244499969.4824219
2012-02-16 04:36:00,1.30274,1.30274,1.30256,1.30267,383300018.3105469
2012-02-16 04:37:00,1.30269,1.30276,1.30264,1.30274,457500000.0
2012-02-16 04:38:00,1.30273,1.30275,1.30269,1.30275,457799987.79296875
2012-02-16 04:39:00,1.30275,1.30275,1.30257,1.30269,1194800033.569336
2012-02-16 04:40:00,1.30268,1.3027,1.30234,1.30245,1279400024.4140625
2012-02-16 04:41:00,1.30245,1.30249,1.30243,1.30244,593499984.7412109
2012-02-16 04:42:00,1.30245,1.30252,1.30245,1.3025,375000000.0
2012-02-16 04:43:00,1.3025,1.3025,1.30248,1.30248,392099990.84472656
2012-02-16 04:44:00,1.30248,1.30248,1.30244,1.30246,274799995.4223633
2012-02-16 04:45:00,1.30246,1.30248,1.30244,1.30248,166900005.34057617
2012-02-16 04:46:00,1.30248,1.30248,1.30238,1.30238,500699996.9482422
2012-02-16 04:47:00,1.30238,1.30238,1.30214,1.30217,1304299926.7578125
2012-02-16 04:48:00,1.30217,1.30221,1.3021,1.30216,845199966.4306641
2012-02-16 04:49:00,1.30217,1.30225,1.30205,1.30211,1339600067.1386719
2012-02-16 04:50:00,1.3021,1.30218,1.302,1.30209,1449700012.2070312
2012-02-16 04:51:00,1.30209,1.3022,1.30207,1.30218,668499984.7412109
2012-02-16 04:52:00,1.30216,1.30221,1.30216,1.30218,410900001.5258789
2012-02-16 04:53:00,1.30218,1.30223,1.30212,1.30212,577299995.4223633
2012-02-16 04:54:00,1.30212,1.30212,1.30208,1.3021,576800003.0517578
2012-02-16 04:55:00,1.30209,1.30211,1.30208,1.30208,708700027.4658203
2012-02-16 04:56:00,1.30208,1.30212,1.302,1.30203,690800018.3105469
2012-02-16 04:57:00,1.30203,1.30203,1.30189,1.30189,772399978.6376953
2012-02-16 04:58:00,1.30189,1.30197,1.3018,1.3018,689700012.2070312
2012-02-16 04:59:00,1.3018,1.30184,1.30172,1.30173,727799987.7929688
2012-02-16 05:00:00,1.30171,1.30184,1.30169,1.30169,1070800018.3105469
2012-02-16 05:01:00,1.3017,1.3018,1.3017,1.30177,805599975.5859375
2012-02-16 05:02:00,1.30177,1.30182,1.30169,1.30169,1301199951.171875
2012-02-16 05:03:00,1.3017,1.3017,1.30139,1.30155,2030399932.8613281
2012-02-16 05:04:00,1.30155,1.30162,1.30152,1.30157,1395899963.3789062
2012-02-16 05:05:00,1.30156,1.30169,1.30129,1.30129,2046900024.4140625
2012-02-16 05:06:00,1.30128,1.30128,1.30096,1.3011,2731900024.4140625
2012-02-16 05:07:00,1.3011,1.30123,1.30102,1.30119,2268800048.828125
2012-02-16 05:08:00,1.30118,1.3015,1.30117,1.30141,1783699951.171875
2012-02-16 05:09:00,1.30141,1.30152,1.30133,1.30133,1195899963.3789062
2012-02-16 05:10:00,1.30134,1.30145,1.30116,1.3012,1831499938.9648438
2012-02-16 05:11:00,1.3012,1.30139,1.30107,1.30139,1395000000.0
2012-02-16 05:12:00,1.30139,1.30171,1.30136,1.3017,1376399993.8964844
2012-02-16 05:13:00,1.30169,1.3017,1.30137,1.30155,1368500061.0351562
2012-02-16 05:14:00,1.30158,1.30181,1.30148,1.30157,1418399963.3789062
2012-02-16 05:15:00,1.30157,1.30165,1.30157,1.30165,375499992.37060547
2012-02-16 05:16:00,1.30163,1.30166,1.30155,1.30161,876299972.5341797
2012-02-16 05:17:00,1.30158,1.30167,1.30158,1.30165,1619799957.2753906
2012-02-16 05:18:00,1.30165,1.30168,1.3016,1.30166,489599990.84472656
2012-02-16 05:19:00,1.30164,1.30177,1.30164,1.30177,458699989.31884766
2012-02-16 05:20:00,1.30177,1.3018,1.30175,1.30175,362400016.78466797
2012-02-16 05:21:00,1.30176,1.30176,1.30154,1.30158,789300003.0517578
2012-02-16 05:22:00,1.30158,1.30158,1.30112,1.30113,1872599945.0683594
2012-02-16 05:23:00,1.30111,1.30113,1.30084,1.30103,2042200012.2070312
2012-02-16 05:24:00,1.30102,1.3013,1.301,1.30113,1685200042.7246094
2012-02-16 05:25:00,1.30113,1.30132,1.301,1.30115,1834499969.4824219
2012-02-16 05:26:00,1.30115,1.30131,1.30108,1.30117,1430200042.7246094
2012-02-16 05:27:00,1.30125,1.30127,1.30113,1.30121,1630700073.2421875
2012-02-16 05:28:00,1.30117,1.30131,1.30112,1.30129,1334199981.6894531
2012-02-16 05:29:00,1.30128,1.30158,1.30124,1.30152,1162799987.7929688
2012-02-16 05:30:00,1.30153,1.30155,1.30135,1.30139,1170100021.3623047
2012-02-16 05:31:00,1.3014,1.30161,1.30139,1.30157,1341799926.7578125
2012-02-16 05:32:00,1.30157,1.30175,1.30155,1.30172,1160699996.9482422
2012-02-16 05:33:00,1.30173,1.30207,1.30173,1.30196,1859400024.4140625
2012-02-16 05:34:00,1.30195,1.30202,1.30191,1.30192,1575700073.2421875
2012-02-16 05:35:00,1.30191,1.30211,1.3019,1.30211,1380099945.0683594
2012-02-16 05:36:00,1.30211,1.3024,1.30207,1.30232,1110599975.5859375
2012-02-16 05:37:00,1.30234,1.30238,1.30225,1.30236,1591699981.6894531
2012-02-16 05:38:00,1.30234,1.30242,1.30228,1.30241,1293099975.5859375
2012-02-16 05:39:00,1.30241,1.30252,1.30239,1.30251,1305700073.2421875
2012-02-16 05:40:00,1.30249,1.30251,1.30223,1.30228,1711799926.7578125
2012-02-16 05:41:00,1.30227,1.30227,1.30218,1.30225,1223799972.5341797
2012-02-16 05:42:00,1.30232,1.30255,1.30232,1.30255,1439799957.2753906
2012-02-16 05:43:00,1.30255,1.30256,1.30239,1.30247,1317799987.7929688
2012-02-16 05:44:00,1.30248,1.3025,1.30219,1.30232,1525000000.0
2012-02-16 05:45:00,1.30233,1.30233,1.3022,1.30221,984599990.8447266
2012-02-16 05:46:00,1.3022,1.30225,1.30205,1.30206,1152200012.2070312
2012-02-16 05:47:00,1.30206,1.30208,1.3018,1.30199,1669900054.9316406
2012-02-16 05:48:00,1.30206,1.30206,1.30171,1.30174,1868000030.5175781
2012-02-16 05:49:00,1.30173,1.30173,1.30154,1.3016,1212699966.430664
2012-02-16 05:50:00,1.30163,1.30169,1.30138,1.30152,1465200042.7246094
2012-02-16 05:51:00,1.30152,1.30162,1.30138,1.30154,1706999969.4824219
2012-02-16 05:52:00,1.30149,1.3017,1.30148,1.30167,1160000000.0
2012-02-16 05:53:00,1.30167,1.30167,1.30155,1.30162,818600006.1035156
2012-02-16 05:54:00,1.30162,1.30174,1.30159,1.30171,960000000.0
2012-02-16 05:55:00,1.30171,1.30204,1.30171,1.30202,1427299957.2753906
2012-02-16 05:56:00,1.30202,1.30229,1.30201,1.30226,1421900024.4140625
2012-02-16 05:57:00,1.30226,1.30235,1.30217,1.30217,1161399993.8964844
2012-02-16 05:58:00,1.30216,1.3022,1.302,1.30217,893700027.4658203
2012-02-16 05:59:00,1.30217,1.30231,1.30217,1.30228,912799987.7929688
2012-02-16 06:00:00,1.30226,1.30231,1.30216,1.30227,1140999984.741211
2012-02-16 06:01:00,1.30227,1.3023,1.30218,1.30219,825500030.5175781
2012-02-16 06:02:00,1.30216,1.30224,1.30216,1.30224,857699966.4306641
2012-02-16 06:03:00,1.30224,1.30224,1.30215,1.3022,734100036.6210938
2012-02-16 06:04:00,1.30218,1.30218,1.30179,1.30181,1714700012.2070312
2012-02-16 06:05:00,1.30181,1.30182,1.30149,1.30162,1855899963.3789062
2012-02-16 06:06:00,1.30164,1.30166,1.3013,1.30134,1416799926.7578125
2012-02-16 06:07:00,1.30134,1.30143,1.30131,1.30139,1012900009.1552734
2012-02-16 06:08:00,1.30139,1.30174,1.30139,1.30162,1327100067.1386719
2012-02-16 06:09:00,1.30162,1.3017,1.30145,1.3017,1321699981.6894531
2012-02-16 06:10:00,1.3017,1.30178,1.30165,1.3017,719300003.0517578
2012-02-16 06:11:00,1.3017,1.3017,1.30154,1.30163,741399993.8964844
2012-02-16 06:12:00,1.30163,1.30205,1.3016,1.30205,1570000000.0
2012-02-16 06:13:00,1.30205,1.30214,1.302,1.30208,868099975.5859375
2012-02-16 06:14:00,1.30208,1.30222,1.30206,1.30222,1135000000.0
2012-02-16 06:15:00,1.30223,1.30252,1.30223,1.3024,1659400024.4140625
2012-02-16 06:16:00,1.30239,1.30243,1.30215,1.30232,1516799926.7578125
2012-02-16 06:17:00,1.30232,1.30234,1.30219,1.3023,1277699966.430664
2012-02-16 06:18:00,1.30231,1.3024,1.30181,1.30185,2145500030.5175781
2012-02-16 06:19:00,1.30185,1.30189,1.30177,1.30185,1427299957.2753906
2012-02-16 06:20:00,1.30185,1.30188,1.30182,1.30188,674100036.6210938
2012-02-16 06:21:00,1.30191,1.30201,1.30191,1.30197,435999984.74121094
2012-02-16 06:22:00,1.30197,1.302,1.30194,1.302,925699996.9482422
2012-02-16 06:23:00,1.30198,1.30206,1.30196,1.30199,980699996.9482422
2012-02-16 06:24:00,1.302,1.30232,1.302,1.30214,1235899963.3789062
2012-02-16 06:25:00,1.30215,1.30245,1.30215,1.30239,1028000030.5175781
2012-02-16 06:26:00,1.30239,1.3024,1.30222,1.30222,949100036.6210938
2012-02-16 06:27:00,1.30223,1.3023,1.30211,1.30215,1114700012.2070312
2012-02-16 06:28:00,1.30215,1.30237,1.30215,1.30224,1192200012.2070312
2012-02-16 06:29:00,1.30224,1.30232,1.30221,1.30223,1406900024.4140625
2012-02-16 06:30:00,1.30224,1.30239,1.30218,1.30231,1329299926.7578125
2012-02-16 06:31:00,1.30231,1.30245,1.30231,1.3024,787900009.1552734
2012-02-16 06:32:00,1.30241,1.30283,1.3024,1.30281,1603099975.5859375
2012-02-16 06:33:00,1.30281,1.30287,1.30279,1.3028,1496300048.828125
2012-02-16 06:34:00,1.3028,1.30296,1.3027,1.30272,1601999969.4824219
2012-02-16 06:35:00,1.30272,1.30273,1.30255,1.30273,1551199951.171875
2012-02-16 06:36:00,1.30273,1.30299,1.30269,1.30274,2043699951.171875
2012-02-16 06:37:00,1.30274,1.30277,1.30259,1.30266,1367899932.8613281
2012-02-16 06:38:00,1.30266,1.30269,1.30243,1.30248,1308999938.9648438
2012-02-16 06:39:00,1.30248,1.30252,1.30181,1.30184,2592500000.0
2012-02-16 06:40:00,1.30184,1.30184,1.30143,1.30144,2729800109.8632812
2012-02-16 06:41:00,1.30145,1.30155,1.30129,1.30137,1838200073.2421875
2012-02-16 06:42:00,1.30138,1.30153,1.30119,1.30153,2168999938.9648438
2012-02-16 06:43:00,1.30151,1.30161,1.30139,1.30158,1451499938.9648438
2012-02-16 06:44:00,1.30158,1.30159,1.30142,1.30156,1010199966.4306641
2012-02-16 06:45:00,1.30155,1.30172,1.30155,1.30164,1309600067.1386719
2012-02-16 06:46:00,1.3017,1.30172,1.30163,1.30169,1268600006.1035156
2012-02-16 06:47:00,1.30169,1.30173,1.3016,1.30171,1090800018.3105469
2012-02-16 06:48:00,1.30173,1.30185,1.30172,1.30185,1373699951.171875
2012-02-16 06:49:00,1.30185,1.30185,1.30136,1.30137,1970700073.2421875
2012-02-16 06:50:00,1.3013,1.3013,1.30067,1.30068,2998999938.9648438
2012-02-16 06:51:00,1.30069,1.30069,1.30005,1.30021,4307300109.863281
2012-02-16 06:52:00,1.30025,1.30058,1.30011,1.30053,3369200134.2773438
2012-02-16 06:53:00,1.30054,1.30079,1.30048,1.3005,2408999938.9648438
2012-02-16 06:54:00,1.3005,1.30082,1.30049,1.30073,2174100036.6210938
2012-02-16 06:55:00,1.30071,1.30085,1.30069,1.30069,1935000000.0
2012-02-16 06:56:00,1.3007,1.30072,1.30038,1.30054,2136499938.9648438
2012-02-16 06:57:00,1.30054,1.30085,1.3005,1.30053,2035599975.5859375
2012-02-16 06:58:00,1.30054,1.30054,1.2997,1.29996,3830799865.7226562
2012-02-16 06:59:00,1.29997,1.30053,1.2999,1.30051,3620799865.7226562
2012-02-16 07:00:00,1.30051,1.30054,1.29966,1.29985,3728800048.828125
2012-02-16 07:01:00,1.29983,1.29989,1.29959,1.29964,3269500122.0703125
2012-02-16 07:02:00,1.29964,1.30005,1.29937,1.29993,2621600036.6210938
2012-02-16 07:03:00,1.29993,1.30022,1.29989,1.30018,2601799926.7578125
2012-02-16 07:04:00,1.3002,1.30039,1.30009,1.3003,2201499938.9648438
2012-02-16 07:05:00,1.3003,1.30043,1.30025,1.30034,1952899932.8613281
2012-02-16 07:06:00,1.3003,1.30072,1.30029,1.30068,2603699951.171875
2012-02-16 07:07:00,1.30068,1.30119,1.30067,1.30117,2328600006.1035156
2012-02-16 07:08:00,1.30117,1.30137,1.30102,1.30137,2964200134.2773438
2012-02-16 07:09:00,1.30134,1.30145,1.30122,1.30129,2298500061.0351562
2012-02-16 07:10:00,1.30129,1.30157,1.30129,1.30145,2369700012.2070312
2012-02-16 07:11:00,1.30146,1.30176,1.3014,1.30152,2778900146.484375
2012-02-16 07:12:00,1.30151,1.30164,1.30139,1.30162,1843000030.5175781
2012-02-16 07:13:00,1.30162,1.30166,1.30107,1.30133,2895700073.2421875
2012-02-16 07:14:00,1.30133,1.30151,1.3013,1.30147,1408600006.1035156
2012-02-16 07:15:00,1.30147,1.30149,1.30126,1.30126,1849700012.2070312
2012-02-16 07:16:00,1.30126,1.30147,1.30115,1.30147,1591000061.0351562
2012-02-16 07:17:00,1.30147,1.30171,1.30144,1.30156,2402599945.0683594
2012-02-16 07:18:00,1.30156,1.30157,1.30142,1.30145,1024400024.4140625
2012-02-16 07:19:00,1.30144,1.30172,1.30142,1.30169,1192799987.7929688
2012-02-16 07:20:00,1.30169,1.30197,1.30169,1.3019,2519100036.6210938
2012-02-16 07:21:00,1.30192,1.30201,1.30181,1.30189,2091100006.1035156
2012-02-16 07:22:00,1.30189,1.30191,1.30151,1.30154,2061799926.7578125
2012-02-16 07:23:00,1.30152,1.30154,1.30135,1.3014,1998699951.171875
2012-02-16 07:24:00,1.30139,1.30139,1.30106,1.30106,1426199951.171875
2012-02-16 07:25:00,1.30106,1.3016,1.30106,1.30159,1719400024.4140625
2012-02-16 07:26:00,1.30161,1.30161,1.30131,1.30134,1211800003.0517578
2012-02-16 07:27:00,1.30134,1.3015,1.30127,1.30141,1571699981.6894531
2012-02-16 07:28:00,1.30141,1.30153,1.30092,1.30097,2121600036.6210938
2012-02-16 07:29:00,1.30097,1.3011,1.30081,1.30084,1987299957.2753906
2012-02-16 07:30:00,1.30084,1.30094,1.30078,1.30093,1951799926.7578125
2012-02-16 07:31:00,1.30092,1.3016,1.30092,1.30159,2156699981.689453
2012-02-16 07:32:00,1.3016,1.30173,1.30136,1.30151,2721400146.484375
2012-02-16 07:33:00,1.30151,1.30174,1.30135,1.30154,2553300018.310547
2012-02-16 07:34:00,1.30155,1.30167,1.3015,1.30166,1739199981.6894531
2012-02-16 07:35:00,1.30166,1.30182,1.30156,1.30159,2524799957.2753906
2012-02-16 07:36:00,1.30158,1.30175,1.30158,1.30166,1639799957.2753906
2012-02-16 07:37:00,1.30166,1.3017,1.3016,1.30168,2037100067.1386719
2012-02-16 07:38:00,1.30164,1.30186,1.30135,1.30185,2781700134.2773438
2012-02-16 07:39:00,1.30188,1.30192,1.30164,1.30191,2490500030.517578
2012-02-16 07:40:00,1.30191,1.30201,1.30191,1.30197,2024499969.4824219
2012-02-16 07:41:00,1.30197,1.302,1.3016,1.30187,2050399932.8613281
2012-02-16 07:42:00,1.30187,1.30191,1.30174,1.30189,1541499938.9648438
2012-02-16 07:43:00,1.30191,1.30197,1.3013,1.30138,2441999969.482422
2012-02-16 07:44:00,1.3014,1.30141,1.30115,1.30129,2087200012.2070312
2012-02-16 07:45:00,1.30131,1.3019,1.30131,1.30168,2913299865.7226562
2012-02-16 07:46:00,1.30168,1.30203,1.30168,1.30194,2340899963.3789062
2012-02-16 07:47:00,1.30194,1.30201,1.30182,1.30201,2273399963.3789062
2012-02-16 07:48:00,1.30199,1.30234,1.30194,1.3022,2529199981.689453
2012-02-16 07:49:00,1.3022,1.30232,1.30208,1.30211,1344700012.2070312
2012-02-16 07:50:00,1.30211,1.3025,1.30205,1.30235,2253500061.0351562
2012-02-16 07:51:00,1.30235,1.30255,1.30235,1.3025,2271300048.828125
2012-02-16 07:52:00,1.3025,1.30252,1.3024,1.30241,1789700012.2070312
2012-02-16 07:53:00,1.30242,1.30243,1.3021,1.3021,2166199951.171875
2012-02-16 07:54:00,1.3021,1.30217,1.30192,1.30214,2100200042.7246094
2012-02-16 07:55:00,1.30214,1.30214,1.30195,1.30199,2394499969.482422
2012-02-16 07:56:00,1.30199,1.30226,1.30199,1.30222,1642599945.0683594
2012-02-16 07:57:00,1.30222,1.30225,1.30212,1.30214,1743600006.1035156
2012-02-16 07:58:00,1.30214,1.30216,1.30177,1.30181,1824600067.1386719
2012-02-16 07:59:00,1.30181,1.30223,1.30162,1.30218,2751099853.515625
2012-02-16 08:00:00,1.30218,1.30218,1.30175,1.30201,2623299865.7226562
2012-02-16 08:01:00,1.30201,1.30201,1.30131,1.3014,2879599914.5507812
2012-02-16 08:02:00,1.3014,1.30146,1.30087,1.30093,2720100097.65625
2012-02-16 08:03:00,1.30092,1.30131,1.30089,1.30122,2587600097.65625
2012-02-16 08:04:00,1.30121,1.30182,1.3012,1.30178,2985799865.7226562
2012-02-16 08:05:00,1.30174,1.30201,1.30167,1.30181,3602900085.4492188
2012-02-16 08:06:00,1.30181,1.30183,1.30137,1.30137,2055299987.7929688
2012-02-16 08:07:00,1.30137,1.30139,1.30097,1.30122,3093900146.484375
2012-02-16 08:08:00,1.30118,1.30134,1.30092,1.30106,2702099914.5507812
2012-02-16 08:09:00,1.30106,1.30147,1.30096,1.30137,2420800018.310547
2012-02-16 08:10:00,1.30134,1.30145,1.301,1.30145,2680400085.4492188
2012-02-16 08:11:00,1.30145,1.30172,1.30145,1.30154,2326999969.482422
2012-02-16 08:12:00,1.30154,1.30188,1.30154,1.3018,2664100036.6210938
2012-02-16 08:13:00,1.30179,1.30195,1.30163,1.30192,2780000000.0
2012-02-16 08:14:00,1.3019,1.302,1.30178,1.30182,2235700073.2421875
2012-02-16 08:15:00,1.30177,1.30218,1.30177,1.30193,2607999877.9296875
2012-02-16 08:16:00,1.30196,1.30244,1.30184,1.30242,2801000061.0351562
2012-02-16 08:17:00,1.30238,1.30254,1.30214,1.30218,2767900085.4492188
2012-02-16 08:18:00,1.30221,1.30221,1.30179,1.30199,2331300048.828125
2012-02-16 08:19:00,1.30202,1.30216,1.30183,1.30188,1617899932.8613281
2012-02-16 08:20:00,1.30187,1.30209,1.3016,1.30162,2546900024.4140625
2012-02-16 08:21:00,1.30162,1.30164,1.30127,1.30137,2694899902.34375
2012-02-16 08:22:00,1.30139,1.30175,1.30119,1.30152,2756199951.171875
2012-02-16 08:23:00,1.30152,1.30158,1.3007,1.3008,4078699951.171875
2012-02-16 08:24:00,1.30083,1.30089,1.3003,1.30044,3170000000.0
2012-02-16 08:25:00,1.30042,1.30057,1.30002,1.3002,3670499877.9296875
2012-02-16 08:26:00,1.30021,1.30055,1.30009,1.30055,3244899902.34375
2012-02-16 08:27:00,1.30054,1.3006,1.30009,1.30013,2319400024.4140625
2012-02-16 08:28:00,1.30014,1.30049,1.30014,1.30028,2641400146.484375
2012-02-16 08:29:00,1.30027,1.30027,1.29989,1.29995,3205799865.7226562
2012-02-16 08:30:00,1.29995,1.30022,1.29971,1.3002,2781199951.171875
2012-02-16 08:31:00,1.30018,1.30052,1.30007,1.30027,3276499938.9648438
2012-02-16 08:32:00,1.30026,1.30039,1.29987,1.29993,3671600036.6210938
2012-02-16 08:33:00,1.29996,1.29996,1.2991,1.2991,3534100036.6210938
2012-02-16 08:34:00,1.29909,1.29938,1.29889,1.29923,4225299987.7929688
2012-02-16 08:35:00,1.29928,1.29929,1.29891,1.29903,3492699890.1367188
2012-02-16 08:36:00,1.29903,1.29973,1.29903,1.29967,3788099975.5859375
2012-02-16 08:37:00,1.29967,1.29972,1.29922,1.29954,3434899902.34375
2012-02-16 08:38:00,1.29956,1.29994,1.29952,1.29991,2534100036.6210938
2012-02-16 08:39:00,1.29992,1.30015,1.29978,1.29991,3352699890.1367188
2012-02-16 08:40:00,1.29991,1.3002,1.29987,1.29993,3085100097.65625
2012-02-16 08:41:00,1.29995,1.29998,1.29965,1.29979,3405599975.5859375
2012-02-16 08:42:00,1.29979,1.29983,1.29924,1.29924,2841300048.828125
2012-02-16 08:43:00,1.29923,1.29923,1.29835,1.29862,4280199890.1367188
2012-02-16 08:44:00,1.2986,1.29885,1.2985,1.29876,2988900146.484375
2012-02-16 08:45:00,1.29878,1.29878,1.29832,1.29845,3535299987.7929688
2012-02-16 08:46:00,1.29839,1.29904,1.29839,1.2989,2691799926.7578125
2012-02-16 08:47:00,1.29889,1.29923,1.29889,1.29906,2925000000.0
2012-02-16 08:48:00,1.29901,1.29906,1.29853,1.29853,2491699981.689453
2012-02-16 08:49:00,1.29854,1.29886,1.29853,1.29881,2775499877.9296875
2012-02-16 08:50:00,1.29882,1.29914,1.29882,1.29912,2519700012.2070312
2012-02-16 08:51:00,1.29912,1.29934,1.29893,1.29921,2534400024.4140625
2012-02-16 08:52:00,1.29921,1.29934,1.29904,1.29915,2226499938.9648438
2012-02-16 08:53:00,1.29915,1.2993,1.29899,1.29906,2641799926.7578125
2012-02-16 08:54:00,1.29909,1.29947,1.29902,1.29945,2713800048.828125
2012-02-16 08:55:00,1.29945,1.2998,1.29941,1.29958,3085899963.3789062
2012-02-16 08:56:00,1.29958,1.29982,1.29953,1.29975,2146000061.0351562
2012-02-16 08:57:00,1.29978,1.30005,1.29976,1.3,2738099975.5859375
2012-02-16 08:58:00,1.3,1.30015,1.29982,1.2999,2490700073.2421875
2012-02-16 08:59:00,1.2999,1.3001,1.29985,1.30008,2691700134.2773438
2012-02-16 09:00:00,1.30008,1.30031,1.29991,1.30027,3451900024.4140625
2012-02-16 09:01:00,1.30028,1.30067,1.30027,1.30049,2842600097.65625
2012-02-16 09:02:00,1.3005,1.30056,1.30026,1.3004,2928900146.484375
2012-02-16 09:03:00,1.30041,1.30048,1.30019,1.30029,3181000061.0351562
2012-02-16 09:04:00,1.3003,1.3004,1.30016,1.30024,1930599975.5859375
2012-02-16 09:05:00,1.30024,1.30034,1.30009,1.30015,2829500122.0703125
2012-02-16 09:06:00,1.30016,1.30039,1.3001,1.3002,2961700134.2773438
2012-02-16 09:07:00,1.30019,1.30019,1.29972,1.29973,2781700134.2773438
2012-02-16 09:08:00,1.29972,1.29972,1.29925,1.29925,2845199890.1367188
2012-02-16 09:09:00,1.29924,1.29948,1.29922,1.29948,2848999938.9648438
2012-02-16 09:10:00,1.2995,1.29975,1.29936,1.29969,2594299926.7578125
2012-02-16 09:11:00,1.2997,1.30002,1.29966,1.29977,2701199951.171875
2012-02-16 09:12:00,1.29977,1.2998,1.29954,1.29975,2351100006.1035156
2012-02-16 09:13:00,1.29973,1.29999,1.29969,1.29973,2970499877.9296875
2012-02-16 09:14:00,1.29974,1.29974,1.29929,1.29957,2656799926.7578125
2012-02-16 09:15:00,1.29958,1.30016,1.2994,1.30016,2761700134.2773438
2012-02-16 09:16:00,1.30016,1.30035,1.29996,1.30035,3146700134.2773438
2012-02-16 09:17:00,1.30034,1.30038,1.3002,1.3002,2541199951.171875
2012-02-16 09:18:00,1.3002,1.3002,1.29983,1.30001,2480599975.5859375
2012-02-16 09:19:00,1.30001,1.30001,1.29961,1.29972,3108200073.2421875
2012-02-16 09:20:00,1.29973,1.29986,1.2995,1.29962,2965700073.2421875
2012-02-16 09:21:00,1.2996,1.29975,1.29941,1.29959,2532700042.7246094
2012-02-16 09:22:00,1.29959,1.29961,1.2993,1.2995,2406699981.689453
2012-02-16 09:23:00,1.29946,1.29946,1.2991,1.29925,2538500061.0351562
2012-02-16 09:24:00,1.29925,1.29947,1.2991,1.29938,2340200042.7246094
2012-02-16 09:25:00,1.29938,1.29955,1.2993,1.29932,2356399993.8964844
2012-02-16 09:26:00,1.29937,1.29954,1.29937,1.29953,2739299926.7578125
2012-02-16 09:27:00,1.29954,1.2998,1.29949,1.29969,2451199951.171875
2012-02-16 09:28:00,1.29974,1.2998,1.29947,1.29974,2237599945.0683594
2012-02-16 09:29:00,1.29974,1.29974,1.29941,1.29945,2245399932.861328
2012-02-16 09:30:00,1.29943,1.29967,1.29939,1.29959,2323399963.3789062
2012-02-16 09:31:00,1.29959,1.29985,1.29936,1.2998,2788099975.5859375
2012-02-16 09:32:00,1.2998,1.3002,1.29972,1.30019,1966499938.9648438
2012-02-16 09:33:00,1.30017,1.30052,1.29992,1.30051,1967400054.9316406
2012-02-16 09:34:00,1.3005,1.30058,1.30026,1.30039,3463099975.5859375
2012-02-16 09:35:00,1.30039,1.3009,1.30039,1.30071,4326799926.7578125
2012-02-16 09:36:00,1.30071,1.30078,1.30058,1.30061,2572300109.8632812
2012-02-16 09:37:00,1.3006,1.30078,1.30051,1.30076,1876100006.1035156
2012-02-16 09:38:00,1.30076,1.30109,1.30076,1.30085,3389200134.2773438
2012-02-16 09:39:00,1.30085,1.30106,1.30083,1.30083,1839900054.9316406
2012-02-16 09:40:00,1.30083,1.30133,1.30083,1.30133,2745700073.2421875
2012-02-16 09:41:00,1.30132,1.30166,1.30128,1.30142,3032999877.9296875
2012-02-16 09:42:00,1.3014,1.30159,1.30113,1.30113,3078900146.484375
2012-02-16 09:43:00,1.3011,1.30122,1.30094,1.30106,2552400054.9316406
2012-02-16 09:44:00,1.30106,1.30112,1.3008,1.30088,2643099975.5859375
2012-02-16 09:45:00,1.30086,1.30122,1.30082,1.30112,3208800048.828125
2012-02-16 09:46:00,1.30111,1.30115,1.30092,1.30092,1809499969.4824219
2012-02-16 09:47:00,1.3009,1.3009,1.30071,1.30073,1757599945.0683594
2012-02-16 09:48:00,1.30072,1.30073,1.3003,1.30055,2441300048.828125
2012-02-16 09:49:00,1.30048,1.30053,1.30022,1.30025,1629199981.6894531
2012-02-16 09:50:00,1.30024,1.30044,1.30005,1.30042,1975399932.8613281
2012-02-16 09:51:00,1.30044,1.30066,1.30042,1.30065,2371300048.828125
2012-02-16 09:52:00,1.30065,1.30082,1.30053,1.30065,1600200042.7246094
2012-02-16 09:53:00,1.30065,1.30069,1.3005,1.30053,2232700042.7246094
2012-02-16 09:54:00,1.30053,1.30062,1.30051,1.30059,1273000030.5175781
2012-02-16 09:55:00,1.3006,1.30062,1.30005,1.30022,2303000030.517578
2012-02-16 09:56:00,1.30028,1.30049,1.30017,1.30027,2479400024.4140625
2012-02-16 09:57:00,1.30026,1.3006,1.30023,1.30049,2695299987.7929688
2012-02-16 09:58:00,1.30048,1.3006,1.30036,1.30044,2206399993.8964844
2012-02-16 09:59:00,1.30044,1.30079,1.30042,1.30052,2817500000.0
2012-02-16 10:00:00,1.30056,1.30056,1.30015,1.30035,2856600036.6210938
2012-02-16 10:01:00,1.30036,1.30036,1.30001,1.30029,2408600006.1035156
2012-02-16 10:02:00,1.30028,1.30068,1.30011,1.30053,2837399902.34375
2012-02-16 10:03:00,1.30054,1.30062,1.3003,1.30051,2300800018.310547
2012-02-16 10:04:00,1.3005,1.30084,1.3005,1.30073,2365099945.0683594
2012-02-16 10:05:00,1.30073,1.30079,1.30063,1.30074,1777100067.1386719
2012-02-16 10:06:00,1.30078,1.3009,1.30062,1.30076,2588299865.7226562
2012-02-16 10:07:00,1.30078,1.30082,1.30062,1.30069,2172799987.7929688
2012-02-16 10:08:00,1.30068,1.30089,1.30063,1.30064,2276199951.171875
2012-02-16 10:09:00,1.30066,1.3008,1.30055,1.30068,1560000000.0
2012-02-16 10:10:00,1.30068,1.301,1.30068,1.30089,1958399963.3789062
2012-02-16 10:11:00,1.30089,1.30091,1.30064,1.30068,2286799926.7578125
2012-02-16 10:12:00,1.30067,1.30098,1.30067,1.30081,2050299987.7929688
2012-02-16 10:13:00,1.30083,1.30102,1.30081,1.30098,2195399932.861328
2012-02-16 10:14:00,1.30098,1.30107,1.30085,1.30091,2451000061.0351562
2012-02-16 10:15:00,1.30091,1.3011,1.30091,1.30101,2310599975.5859375
2012-02-16 10:16:00,1.30105,1.30114,1.30092,1.30101,1813200073.2421875
2012-02-16 10:17:00,1.30101,1.30104,1.30083,1.30092,1691600036.6210938
2012-02-16 10:18:00,1.30094,1.301,1.3007,1.30084,2445399932.861328
2012-02-16 10:19:00,1.30084,1.30102,1.30082,1.30099,978899993.8964844
2012-02-16 10:20:00,1.30099,1.30104,1.30093,1.30097,1456399993.8964844
2012-02-16 10:21:00,1.30097,1.30097,1.30082,1.30084,2007200012.2070312
2012-02-16 10:22:00,1.30084,1.30097,1.3007,1.30093,2315200042.7246094
2012-02-16 10:23:00,1.30088,1.30094,1.30084,1.30092,1677799987.7929688
2012-02-16 10:24:00,1.30091,1.30104,1.30077,1.3008,1599600067.1386719
2012-02-16 10:25:00,1.30082,1.30088,1.3006,1.3006,2233000030.517578
2012-02-16 10:26:00,1.3006,1.3006,1.30035,1.30035,2020000000.0
2012-02-16 10:27:00,1.30036,1.30041,1.30011,1.30019,2327299957.2753906
2012-02-16 10:28:00,1.30019,1.30023,1.30004,1.30021,2354700012.2070312
2012-02-16 10:29:00,1.30021,1.30022,1.30008,1.3001,2386999969.482422
2012-02-16 10:30:00,1.30009,1.30009,1.29976,1.29976,2418999938.9648438
2012-02-16 10:31:00,1.29977,1.29977,1.29925,1.29939,2438899993.8964844
2012-02-16 10:32:00,1.29938,1.29948,1.29928,1.29931,2618299865.7226562
2012-02-16 10:33:00,1.29931,1.29953,1.2992,1.29937,2436900024.4140625
2012-02-16 10:34:00,1.29936,1.29976,1.29934,1.29968,2380800018.310547
2012-02-16 10:35:00,1.29967,1.29968,1.29938,1.29943,1991900024.4140625
2012-02-16 10:36:00,1.29943,1.29949,1.2991,1.29916,2587600097.65625
2012-02-16 10:37:00,1.29916,1.2996,1.29916,1.29938,2217200012.2070312
2012-02-16 10:38:00,1.29938,1.29966,1.29934,1.29962,1935800018.3105469
2012-02-16 10:39:00,1.29962,1.29965,1.29934,1.29949,2090299987.7929688
2012-02-16 10:40:00,1.29951,1.29963,1.29931,1.29961,2072500000.0
2012-02-16 10:41:00,1.29961,1.29975,1.29954,1.29955,2175800018.310547
2012-02-16 10:42:00,1.29956,1.29967,1.29941,1.29941,1595500030.5175781
2012-02-16 10:43:00,1.2994,1.29961,1.29939,1.29961,1723000030.5175781
2012-02-16 10:44:00,1.2996,1.2996,1.29949,1.29952,1240199966.430664
2012-02-16 10:45:00,1.29951,1.29951,1.29928,1.29941,2365099945.0683594
2012-02-16 10:46:00,1.2994,1.29972,1.2994,1.29967,1971100006.1035156
2012-02-16 10:47:00,1.29967,1.29988,1.29961,1.29978,1883200073.2421875
2012-02-16 10:48:00,1.29979,1.29991,1.29969,1.2999,1735000000.0
2012-02-16 10:49:00,1.29989,1.29991,1.29972,1.29986,2630000000.0
2012-02-16 10:50:00,1.29993,1.3,1.29988,1.29989,1257200012.2070312
2012-02-16 10:51:00,1.29995,1.30011,1.29991,1.30009,1790700073.2421875
2012-02-16 10:52:00,1.30007,1.30062,1.30007,1.30052,2757200012.2070312
2012-02-16 10:53:00,1.3005,1.30059,1.30031,1.30057,3026700134.2773438
2012-02-16 10:54:00,1.30058,1.30081,1.30058,1.30069,2010899963.3789062
2012-02-16 10:55:00,1.30068,1.30083,1.30057,1.30065,2023399963.3789062
2012-02-16 10:56:00,1.30065,1.30069,1.30028,1.30031,2308999938.9648438
2012-02-16 10:57:00,1.30031,1.30038,1.30021,1.30028,1893899993.8964844
2012-02-16 10:58:00,1.30028,1.30028,1.29999,1.30011,2767300109.8632812
2012-02-16 10:59:00,1.3002,1.3002,1.29999,1.30016,2197100067.138672
2012-02-16 11:00:00,1.30016,1.30035,1.30012,1.30028,1736000061.0351562
2012-02-16 11:01:00,1.30026,1.30058,1.30026,1.30031,2686499938.9648438
2012-02-16 11:02:00,1.30029,1.30062,1.30029,1.30059,2121499938.9648438
2012-02-16 11:03:00,1.30059,1.3008,1.30047,1.30052,1919299926.7578125
2012-02-16 11:04:00,1.30052,1.30052,1.30028,1.30038,1590599975.5859375
2012-02-16 11:05:00,1.30038,1.3005,1.30032,1.30034,1533699951.171875
2012-02-16 11:06:00,1.30033,1.30033,1.30011,1.30016,1884499969.4824219
2012-02-16 11:07:00,1.30015,1.30015,1.2999,1.30001,2290899963.3789062
2012-02-16 11:08:00,1.30001,1.30001,1.29968,1.29989,1870000000.0
2012-02-16 11:09:00,1.29989,1.30001,1.29982,1.29993,1036200027.4658203
2012-02-16 11:10:00,1.29993,1.30001,1.29987,1.29992,1349100036.6210938
2012-02-16 11:11:00,1.29993,1.30011,1.2998,1.2998,2337100067.138672
2012-02-16 11:12:00,1.2998,1.29982,1.29942,1.29962,2443800048.828125
2012-02-16 11:13:00,1.29962,1.29962,1.29948,1.29959,1821199951.171875
2012-02-16 11:14:00,1.29959,1.29959,1.29943,1.29951,1070400009.1552734
2012-02-16 11:15:00,1.29952,1.30003,1.29952,1.29992,2146699981.6894531
2012-02-16 11:16:00,1.29991,1.30049,1.29981,1.30049,1874600067.1386719
2012-02-16 11:17:00,1.3005,1.30056,1.30028,1.30049,1953899993.8964844
2012-02-16 11:18:00,1.30048,1.30051,1.30032,1.30046,1962400054.9316406
2012-02-16 11:19:00,1.30043,1.3006,1.30043,1.3005,2458500061.0351562
2012-02-16 11:20:00,1.3005,1.30063,1.30028,1.30045,3245499877.9296875
2012-02-16 11:21:00,1.30044,1.3005,1.30025,1.30041,2531499938.9648438
2012-02-16 11:22:00,1.30041,1.30062,1.30027,1.30045,1542200012.2070312
2012-02-16 11:23:00,1.30042,1.30081,1.30035,1.30065,2820299987.7929688
2012-02-16 11:24:00,1.30065,1.30068,1.30044,1.30052,1621199951.171875
2012-02-16 11:25:00,1.30052,1.3006,1.30043,1.30052,1248099975.5859375
2012-02-16 11:26:00,1.30052,1.30074,1.30042,1.30072,1295099945.0683594
2012-02-16 11:27:00,1.30075,1.30075,1.30057,1.30065,2599500122.0703125
2012-02-16 11:28:00,1.30065,1.30072,1.30052,1.30072,1339199981.6894531
2012-02-16 11:29:00,1.30072,1.30072,1.3004,1.30041,1921399993.8964844
2012-02-16 11:30:00,1.30041,1.3005,1.30035,1.30042,2038699951.171875
2012-02-16 11:31:00,1.30042,1.3005,1.30023,1.30028,1959400024.4140625
2012-02-16 11:32:00,1.30028,1.30046,1.30027,1.30035,1912200012.2070312
2012-02-16 11:33:00,1.30032,1.30032,1.3001,1.30012,1773399963.3789062
2012-02-16 11:34:00,1.30012,1.30018,1.30001,1.3001,1917799987.7929688
2012-02-16 11:35:00,1.30011,1.30025,1.3001,1.3002,1587200012.2070312
2012-02-16 11:36:00,1.3002,1.30047,1.3002,1.30043,2147200012.2070312
2012-02-16 11:37:00,1.30044,1.3005,1.3001,1.30013,2025700073.2421875
2012-02-16 11:38:00,1.30014,1.30016,1.29939,1.29957,2167799987.7929688
2012-02-16 11:39:00,1.29957,1.29967,1.29915,1.29967,2558399963.3789062
2012-02-16 11:40:00,1.29967,1.29972,1.29931,1.29967,2289799957.2753906
2012-02-16 11:41:00,1.29971,1.29971,1.29933,1.29945,2676499938.9648438
2012-02-16 11:42:00,1.29946,1.29974,1.29946,1.29974,1879199981.6894531
2012-02-16 11:43:00,1.29971,1.29972,1.29942,1.2995,1642100067.1386719
2012-02-16 11:44:00,1.29951,1.29993,1.29951,1.29991,1683699951.171875
2012-02-16 11:45:00,1.29991,1.30009,1.29984,1.30005,2168699951.171875
2012-02-16 11:46:00,1.30006,1.30022,1.29999,1.3,2230599975.5859375
2012-02-16 11:47:00,1.30002,1.30022,1.3,1.30019,1645099945.0683594
2012-02-16 11:48:00,1.30019,1.30019,1.29995,1.30005,2700400085.4492188
2012-02-16 11:49:00,1.30005,1.30005,1.29975,1.30002,1932500000.0
2012-02-16 11:50:00,1.30001,1.30001,1.29978,1.2998,2142899932.8613281
2012-02-16 11:51:00,1.29979,1.2998,1.29964,1.29967,1698899993.8964844
2012-02-16 11:52:00,1.29967,1.29976,1.29953,1.29966,1901900024.4140625
2012-02-16 11:53:00,1.29963,1.29984,1.29963,1.2998,1779499969.4824219
2012-02-16 11:54:00,1.29981,1.30001,1.29981,1.29991,855599975.5859375
2012-02-16 11:55:00,1.29991,1.30008,1.29991,1.3,1928899993.8964844
2012-02-16 11:56:00,1.29999,1.30009,1.29989,1.29994,1796100006.1035156
2012-02-16 11:57:00,1.29994,1.30009,1.29993,1.29998,1785700073.2421875
2012-02-16 11:58:00,1.29997,1.3,1.2998,1.2998,1079899978.6376953
2012-02-16 11:59:00,1.2998,1.29997,1.29978,1.29978,1883000030.5175781
2012-02-16 12:00:00,1.29979,1.29982,1.29959,1.2996,1685599975.5859375
2012-02-16 12:01:00,1.2996,1.2997,1.29953,1.29953,1782799987.7929688
2012-02-16 12:02:00,1.29955,1.29963,1.2993,1.2993,1539700012.2070312
2012-02-16 12:03:00,1.2993,1.29937,1.29916,1.29925,1915399932.8613281
2012-02-16 12:04:00,1.29923,1.29929,1.2987,1.2987,2353399963.3789062
2012-02-16 12:05:00,1.29873,1.29924,1.29864,1.29908,2333399963.3789062
2012-02-16 12:06:00,1.29908,1.29932,1.2989,1.2992,2293200073.2421875
2012-02-16 12:07:00,1.2992,1.29962,1.2992,1.29958,2835899963.3789062
2012-02-16 12:08:00,1.29953,1.29961,1.29939,1.29958,1841499938.9648438
2012-02-16 12:09:00,1.29958,1.29987,1.29956,1.29987,2589100036.6210938
2012-02-16 12:10:00,1.29985,1.29985,1.29964,1.29977,1745599975.5859375
2012-02-16 12:11:00,1.29976,1.29996,1.29974,1.2999,1833300018.3105469
2012-02-16 12:12:00,1.29993,1.3001,1.29991,1.3001,1693899993.8964844
2012-02-16 12:13:00,1.30007,1.30012,1.29987,1.3001,2426300048.828125
2012-02-16 12:14:00,1.3001,1.30019,1.30006,1.3001,1853399963.3789062
2012-02-16 12:15:00,1.3001,1.3001,1.29982,1.29985,1783999938.9648438
2012-02-16 12:16:00,1.29985,1.2999,1.29956,1.29971,2475899963.3789062
2012-02-16 12:17:00,1.29971,1.29993,1.29963,1.29981,2174600067.138672
2012-02-16 12:18:00,1.29981,1.29989,1.2995,1.29958,1495299987.7929688
2012-02-16 12:19:00,1.29959,1.2996,1.29933,1.29948,2015299987.7929688
2012-02-16 12:20:00,1.29948,1.29952,1.29926,1.29932,1694299926.7578125
2012-02-16 12:21:00,1.29933,1.29933,1.2991,1.2992,2239900054.9316406
2012-02-16 12:22:00,1.2992,1.29951,1.29908,1.29931,2399700012.2070312
2012-02-16 12:23:00,1.29931,1.29931,1.29889,1.29894,2294499969.482422
2012-02-16 12:24:00,1.29898,1.29926,1.29894,1.29916,2333999938.9648438
2012-02-16 12:25:00,1.29916,1.29934,1.29915,1.29933,1661999969.4824219
2012-02-16 12:26:00,1.29933,1.29937,1.29912,1.29929,1835500030.5175781
2012-02-16 12:27:00,1.29928,1.29931,1.29918,1.2993,1152699966.430664
2012-02-16 12:28:00,1.2993,1.2995,1.2993,1.2995,1438899993.8964844
2012-02-16 12:29:00,1.2995,1.2995,1.29931,1.29942,1808800048.828125
2012-02-16 12:30:00,1.29942,1.29942,1.29857,1.29863,2712399902.34375
2012-02-16 12:31:00,1.29863,1.29893,1.29858,1.29892,1918099975.5859375
2012-02-16 12:32:00,1.29893,1.29894,1.29856,1.29858,3220000000.0
2012-02-16 12:33:00,1.29858,1.29859,1.29751,1.29765,3976600036.6210938
2012-02-16 12:34:00,1.29769,1.29788,1.2976,1.29782,2934899902.34375
2012-02-16 12:35:00,1.29785,1.29842,1.29781,1.29842,3697799987.7929688
2012-02-16 12:36:00,1.29841,1.29851,1.298,1.29831,2610599975.5859375
2012-02-16 12:37:00,1.29831,1.29831,1.29793,1.29805,2657099914.5507812
2012-02-16 12:38:00,1.29805,1.29811,1.29753,1.29781,3328599853.515625
2012-02-16 12:39:00,1.29781,1.29835,1.29776,1.29831,2873200073.2421875
2012-02-16 12:40:00,1.29831,1.29851,1.29825,1.29844,2512100067.138672
2012-02-16 12:41:00,1.29845,1.2985,1.29841,1.29841,1907500000.0
2012-02-16 12:42:00,1.29847,1.29852,1.29839,1.29848,1914700012.2070312
2012-02-16 12:43:00,1.29847,1.29859,1.29847,1.29851,1160899963.3789062
2012-02-16 12:44:00,1.29852,1.29867,1.29841,1.29845,1872299957.2753906
2012-02-16 12:45:00,1.29846,1.29847,1.29831,1.29844,2609800109.8632812
2012-02-16 12:46:00,1.29845,1.29863,1.29844,1.29854,2718200073.2421875
2012-02-16 12:47:00,1.29854,1.29856,1.29835,1.29836,1968000030.5175781
2012-02-16 12:48:00,1.29838,1.29847,1.29836,1.2984,2018399963.3789062
2012-02-16 12:49:00,1.29839,1.29864,1.29838,1.29859,2218300018.310547
2012-02-16 12:50:00,1.29859,1.29865,1.29853,1.29859,1426000061.0351562
2012-02-16 12:51:00,1.29859,1.29862,1.29847,1.29855,1455500030.5175781
2012-02-16 12:52:00,1.29857,1.2986,1.2984,1.29843,1764400024.4140625
2012-02-16 12:53:00,1.29843,1.29863,1.29841,1.29861,1832299957.2753906
2012-02-16 12:54:00,1.29861,1.29905,1.29861,1.29896,2481699981.689453
2012-02-16 12:55:00,1.29896,1.29903,1.29878,1.29888,2330200042.7246094
2012-02-16 12:56:00,1.29889,1.299,1.29883,1.29897,1623699951.171875
2012-02-16 12:57:00,1.29899,1.29906,1.29868,1.2988,2614100036.6210938
2012-02-16 12:58:00,1.29879,1.2988,1.29847,1.29851,2934599914.5507812
2012-02-16 12:59:00,1.29852,1.29853,1.29831,1.2984,2625299987.7929688
2012-02-16 13:00:00,1.29844,1.29855,1.29839,1.29846,2024499969.4824219
2012-02-16 13:01:00,1.29845,1.29847,1.2982,1.2982,1827299957.2753906
2012-02-16 13:02:00,1.2982,1.2982,1.29766,1.29781,2809299926.7578125
2012-02-16 13:03:00,1.29779,1.29832,1.29779,1.29799,2746300048.828125
2012-02-16 13:04:00,1.298,1.29805,1.29788,1.29798,2348999938.9648438
2012-02-16 13:05:00,1.29797,1.2983,1.29797,1.29829,2026900024.4140625
2012-02-16 13:06:00,1.2983,1.2985,1.29811,1.2985,3230400085.4492188
2012-02-16 13:07:00,1.29849,1.29853,1.29832,1.29833,1963300018.3105469
2012-02-16 13:08:00,1.29833,1.29851,1.2982,1.2985,2194100036.6210938
2012-02-16 13:09:00,1.2985,1.29855,1.29838,1.29845,2261999969.482422
2012-02-16 13:10:00,1.29845,1.29851,1.29841,1.29847,2047200012.2070312
2012-02-16 13:11:00,1.29847,1.29859,1.29828,1.29855,2712699890.1367188
2012-02-16 13:12:00,1.29857,1.29872,1.29838,1.29838,2536199951.171875
2012-02-16 13:13:00,1.29843,1.29855,1.29818,1.29825,2416499938.9648438
2012-02-16 13:14:00,1.29825,1.29848,1.29816,1.29825,2550099945.0683594
2012-02-16 13:15:00,1.29824,1.29835,1.2981,1.2982,3522099914.5507812
2012-02-16 13:16:00,1.29821,1.29848,1.29819,1.29839,2187799987.7929688
2012-02-16 13:17:00,1.2984,1.29853,1.29834,1.29852,1792799987.7929688
2012-02-16 13:18:00,1.29852,1.29866,1.29841,1.29859,2711900024.4140625
2012-02-16 13:19:00,1.29859,1.29902,1.29855,1.29902,2429499969.482422
2012-02-16 13:20:00,1.29901,1.29921,1.29883,1.29909,3252999877.9296875
2012-02-16 13:21:00,1.29909,1.29941,1.29906,1.29933,2849899902.34375
2012-02-16 13:22:00,1.2993,1.29942,1.2992,1.29942,2666000061.0351562
2012-02-16 13:23:00,1.29939,1.29942,1.2989,1.29893,1976199951.171875
2012-02-16 13:24:00,1.29893,1.29925,1.29892,1.29923,2081499938.9648438
2012-02-16 13:25:00,1.29922,1.29935,1.29919,1.29932,2361699981.689453
2012-02-16 13:26:00,1.29932,1.29945,1.29923,1.29935,3164100036.6210938
2012-02-16 13:27:00,1.29935,1.29944,1.29931,1.29933,1962899932.8613281
2012-02-16 13:28:00,1.29933,1.2994,1.29927,1.29939,1848899993.8964844
2012-02-16 13:29:00,1.29939,1.29957,1.29937,1.29941,2816199951.171875
2012-02-16 13:30:00,1.2994,1.2997,1.29912,1.29933,3479400024.4140625
2012-02-16 13:31:00,1.29935,1.29954,1.29904,1.29926,3751099853.515625
2012-02-16 13:32:00,1.29923,1.29986,1.29921,1.29984,3731600036.6210938
2012-02-16 13:33:00,1.29983,1.30069,1.29983,1.30047,3884200134.2773438
2012-02-16 13:34:00,1.30045,1.30045,1.29994,1.29999,3765899963.3789062
2012-02-16 13:35:00,1.29999,1.30021,1.29986,1.30021,3246499938.9648438
2012-02-16 13:36:00,1.30022,1.30058,1.30015,1.30058,3426199951.171875
2012-02-16 13:37:00,1.30058,1.30066,1.3003,1.30053,3394400024.4140625
2012-02-16 13:38:00,1.30053,1.30055,1.30015,1.30024,2971000061.0351562
2012-02-16 13:39:00,1.30025,1.30042,1.30009,1.30033,3222600097.65625
2012-02-16 13:40:00,1.30033,1.30085,1.30017,1.30075,3072300109.8632812
2012-02-16 13:41:00,1.30073,1.30082,1.30049,1.30055,3377699890.1367188
2012-02-16 13:42:00,1.30055,1.30057,1.30009,1.30038,3491000061.0351562
2012-02-16 13:43:00,1.30037,1.30063,1.3002,1.30053,2818900146.484375
2012-02-16 13:44:00,1.30053,1.3007,1.30024,1.30038,3198699951.171875
2012-02-16 13:45:00,1.30038,1.30061,1.30035,1.30038,2778299865.7226562
2012-02-16 13:46:00,1.30039,1.30049,1.30023,1.3003,2967600097.65625
2012-02-16 13:47:00,1.3003,1.3005,1.30021,1.3003,2686199951.171875
2012-02-16 13:48:00,1.30029,1.30032,1.29989,1.2999,3132099914.5507812
2012-02-16 13:49:00,1.29988,1.29988,1.29939,1.29939,3100799865.7226562
2012-02-16 13:50:00,1.29939,1.29972,1.29936,1.29955,2561700134.2773438
2012-02-16 13:51:00,1.29955,1.29956,1.29932,1.29936,2826799926.7578125
2012-02-16 13:52:00,1.29934,1.29951,1.29933,1.2994,2476999969.482422
2012-02-16 13:53:00,1.2994,1.2994,1.29917,1.2992,2762699890.1367188
2012-02-16 13:54:00,1.2992,1.29943,1.29918,1.29923,2408500061.0351562
2012-02-16 13:55:00,1.29923,1.29929,1.29903,1.29909,2756600036.6210938
2012-02-16 13:56:00,1.2991,1.29923,1.29905,1.29916,2259499969.482422
2012-02-16 13:57:00,1.29916,1.29943,1.29913,1.29929,2983099975.5859375
2012-02-16 13:58:00,1.29929,1.29938,1.29921,1.29932,2544199981.689453
2012-02-16 13:59:00,1.29932,1.29945,1.29928,1.29929,2331300048.828125
2012-02-16 14:00:00,1.29929,1.30021,1.29928,1.30021,3042600097.65625
2012-02-16 14:01:00,1.3002,1.30027,1.29991,1.3002,3618599853.515625
2012-02-16 14:02:00,1.3002,1.30034,1.2999,1.3002,3052099914.5507812
2012-02-16 14:03:00,1.30025,1.3004,1.29979,1.30011,3515400085.4492188
2012-02-16 14:04:00,1.30011,1.30023,1.29983,1.2999,3209299926.7578125
2012-02-16 14:05:00,1.29988,1.29996,1.29973,1.29983,3261099853.515625
2012-02-16 14:06:00,1.29982,1.3006,1.29978,1.3005,3552399902.34375
2012-02-16 14:07:00,1.30049,1.30099,1.30049,1.30064,4199299926.7578125
2012-02-16 14:08:00,1.30064,1.30064,1.30035,1.30055,3416700134.2773438
2012-02-16 14:09:00,1.30057,1.30063,1.30022,1.30036,3073800048.828125
2012-02-16 14:10:00,1.30036,1.3011,1.30022,1.30101,3795000000.0
2012-02-16 14:11:00,1.30101,1.30181,1.30093,1.30171,4909200134.277344
2012-02-16 14:12:00,1.30171,1.30195,1.30143,1.30179,4731099853.515625
2012-02-16 14:13:00,1.30177,1.30182,1.3014,1.30147,3536700134.2773438
2012-02-16 14:14:00,1.30147,1.30204,1.30141,1.30196,4853500061.035156
2012-02-16 14:15:00,1.30196,1.30198,1.30147,1.3016,3290499877.9296875
2012-02-16 14:16:00,1.30159,1.30161,1.30117,1.30132,3489400024.4140625
2012-02-16 14:17:00,1.30133,1.30146,1.30077,1.30104,4592799987.792969
2012-02-16 14:18:00,1.30104,1.30116,1.30059,1.30067,4356000061.035156
2012-02-16 14:19:00,1.30067,1.30119,1.30064,1.301,3173099975.5859375
2012-02-16 14:20:00,1.30101,1.30142,1.301,1.3014,2949899902.34375
2012-02-16 14:21:00,1.30142,1.30191,1.3014,1.30158,3737600097.65625
2012-02-16 14:22:00,1.30159,1.30161,1.30112,1.30117,2820700073.2421875
2012-02-16 14:23:00,1.30119,1.30172,1.30115,1.30163,3161199951.171875
2012-02-16 14:24:00,1.30165,1.3018,1.30151,1.30155,2060399932.8613281
2012-02-16 14:25:00,1.30155,1.30166,1.30122,1.30123,2030800018.3105469
2012-02-16 14:26:00,1.30121,1.30165,1.30121,1.30149,2706400146.484375
2012-02-16 14:27:00,1.30148,1.30153,1.30135,1.30147,2797399902.34375
2012-02-16 14:28:00,1.30146,1.30178,1.30144,1.30176,2073699951.171875
2012-02-16 14:29:00,1.30177,1.30196,1.30157,1.30194,2909500122.0703125
2012-02-16 14:30:00,1.30194,1.30214,1.3018,1.30193,3653099975.5859375
2012-02-16 14:31:00,1.30196,1.30279,1.30192,1.30277,4314500122.0703125
2012-02-16 14:32:00,1.30278,1.30298,1.30249,1.3026,3995899963.3789062
2012-02-16 14:33:00,1.3026,1.30277,1.30243,1.30262,3437200012.2070312
2012-02-16 14:34:00,1.30255,1.30256,1.30225,1.30253,3346000061.0351562
2012-02-16 14:35:00,1.30253,1.30267,1.30218,1.30218,2918599853.515625
2012-02-16 14:36:00,1.30217,1.30238,1.30197,1.30203,4102900085.4492188
2012-02-16 14:37:00,1.30201,1.30203,1.30129,1.3015,4333500061.035156
2012-02-16 14:38:00,1.3015,1.30154,1.30127,1.3013,3369400024.4140625
2012-02-16 14:39:00,1.30129,1.30152,1.30121,1.30145,3567900085.4492188
2012-02-16 14:40:00,1.30143,1.30143,1.30087,1.30137,3376400146.484375
2012-02-16 14:41:00,1.30139,1.30192,1.30137,1.30175,3243900146.484375
2012-02-16 14:42:00,1.30176,1.30184,1.30152,1.30169,3206600036.6210938
2012-02-16 14:43:00,1.30169,1.30184,1.30156,1.30182,2883399963.3789062
2012-02-16 14:44:00,1.30182,1.30224,1.30172,1.30224,3158399963.3789062
2012-02-16 14:45:00,1.30227,1.30242,1.30195,1.30207,3744899902.34375
2012-02-16 14:46:00,1.3021,1.30226,1.30187,1.30212,3523599853.515625
2012-02-16 14:47:00,1.30214,1.30216,1.3017,1.30188,2677300109.8632812
2012-02-16 14:48:00,1.30189,1.30231,1.30181,1.30231,3359299926.7578125
2012-02-16 14:49:00,1.30233,1.30283,1.30232,1.30267,3991700134.2773438
2012-02-16 14:50:00,1.30268,1.30307,1.30268,1.30306,4756300048.828125
2012-02-16 14:51:00,1.30308,1.30377,1.30308,1.30377,4852900085.449219
2012-02-16 14:52:00,1.30375,1.30381,1.30328,1.30328,3505899963.3789062
2012-02-16 14:53:00,1.30322,1.30351,1.30309,1.3031,3797999877.9296875
2012-02-16 14:54:00,1.3031,1.3031,1.3017,1.3017,5026099853.515625
2012-02-16 14:55:00,1.30171,1.30187,1.30144,1.30187,5227800292.96875
2012-02-16 14:56:00,1.30187,1.30291,1.30187,1.30282,4473500061.035156
2012-02-16 14:57:00,1.3028,1.30322,1.30269,1.3029,3621499938.9648438
2012-02-16 14:58:00,1.30294,1.3034,1.30283,1.30312,3997999877.9296875
2012-02-16 14:59:00,1.3031,1.30364,1.30292,1.30326,3759800109.8632812
2012-02-16 15:00:00,1.30325,1.30434,1.30312,1.30406,4760899963.378906
2012-02-16 15:01:00,1.30405,1.30426,1.30344,1.30357,4913599853.515625
2012-02-16 15:02:00,1.30357,1.30378,1.30341,1.30373,3522600097.65625
2012-02-16 15:03:00,1.30372,1.30384,1.30356,1.30377,3814700012.2070312
2012-02-16 15:04:00,1.30377,1.30386,1.30341,1.3037,4396099853.515625
2012-02-16 15:05:00,1.30374,1.30432,1.30374,1.30424,4165299987.7929688
2012-02-16 15:06:00,1.30422,1.30426,1.30381,1.30395,4796700134.277344
2012-02-16 15:07:00,1.30395,1.30395,1.30355,1.30391,3140899963.3789062
2012-02-16 15:08:00,1.30391,1.30415,1.30373,1.30376,4347000122.0703125
2012-02-16 15:09:00,1.30376,1.30385,1.30339,1.30345,3941799926.7578125
2012-02-16 15:10:00,1.30342,1.30377,1.30342,1.3036,3924700012.2070312
2012-02-16 15:11:00,1.30361,1.30398,1.30355,1.30377,3478599853.515625
2012-02-16 15:12:00,1.30377,1.30377,1.30335,1.30339,2608999938.9648438
2012-02-16 15:13:00,1.30339,1.30352,1.30321,1.30325,3593699951.171875
2012-02-16 15:14:00,1.3033,1.30355,1.30324,1.3034,3799800109.8632812
2012-02-16 15:15:00,1.30338,1.30359,1.30316,1.30319,3405499877.9296875
2012-02-16 15:16:00,1.3032,1.30321,1.30279,1.30284,4270199890.1367188
2012-02-16 15:17:00,1.30284,1.30347,1.30284,1.30333,3642000122.0703125
2012-02-16 15:18:00,1.30334,1.30352,1.30301,1.30301,3202300109.8632812
2012-02-16 15:19:00,1.30299,1.30352,1.30299,1.30343,3032799987.7929688
2012-02-16 15:20:00,1.30343,1.30348,1.30304,1.30321,2782600097.65625
2012-02-16 15:21:00,1.30319,1.30355,1.3031,1.30344,2863200073.2421875
2012-02-16 15:22:00,1.30344,1.30354,1.30319,1.30332,3017799987.7929688
2012-02-16 15:23:00,1.30332,1.3034,1.3032,1.30328,2762799987.7929688
2012-02-16 15:24:00,1.30328,1.30348,1.30327,1.30334,2918900146.484375
2012-02-16 15:25:00,1.30334,1.30381,1.30334,1.30378,4079700012.2070312
2012-02-16 15:26:00,1.30379,1.304,1.30373,1.304,3055799865.7226562
2012-02-16 15:27:00,1.304,1.30426,1.30392,1.30399,4000899963.3789062
2012-02-16 15:28:00,1.30399,1.30409,1.30378,1.30385,2608800048.828125
2012-02-16 15:29:00,1.30386,1.30422,1.30379,1.30422,3487000122.0703125
2012-02-16 15:30:00,1.30423,1.30494,1.30422,1.30485,5078399963.378906
2012-02-16 15:31:00,1.30482,1.30482,1.30451,1.30458,3822399902.34375
2012-02-16 15:32:00,1.3046,1.30482,1.30442,1.30458,4014299926.7578125
2012-02-16 15:33:00,1.30454,1.30473,1.3043,1.30459,3366900024.4140625
2012-02-16 15:34:00,1.30459,1.30489,1.30459,1.30489,3611900024.4140625
2012-02-16 15:35:00,1.30488,1.30566,1.30488,1.30559,4818699951.171875
2012-02-16 15:36:00,1.30559,1.3059,1.30548,1.3058,4773599853.515625
2012-02-16 15:37:00,1.30581,1.3061,1.30562,1.30571,3871600036.6210938
2012-02-16 15:38:00,1.30571,1.30574,1.30528,1.30538,2761099853.515625
2012-02-16 15:39:00,1.30535,1.30543,1.30511,1.30518,3256600036.6210938
2012-02-16 15:40:00,1.30517,1.30541,1.30517,1.30529,2921099853.515625
2012-02-16 15:41:00,1.30527,1.30534,1.30518,1.30525,2372700042.7246094
2012-02-16 15:42:00,1.30525,1.30531,1.3051,1.30519,2515000000.0
2012-02-16 15:43:00,1.30521,1.30531,1.30502,1.30514,2513899993.8964844
2012-02-16 15:44:00,1.3052,1.30542,1.30518,1.30525,2887300109.8632812
2012-02-16 15:45:00,1.30527,1.30543,1.30526,1.30533,3446000061.0351562
2012-02-16 15:46:00,1.30533,1.30534,1.30495,1.305,2345500030.517578
2012-02-16 15:47:00,1.305,1.30518,1.30473,1.30476,3129400024.4140625
2012-02-16 15:48:00,1.30476,1.30493,1.30469,1.30489,2674299926.7578125
2012-02-16 15:49:00,1.30486,1.30486,1.30445,1.30445,2576199951.171875
2012-02-16 15:50:00,1.30445,1.30472,1.30445,1.30454,2498500061.0351562
2012-02-16 15:51:00,1.30451,1.30451,1.30408,1.30422,2660199890.1367188
2012-02-16 15:52:00,1.30423,1.30427,1.30411,1.30417,2772500000.0
2012-02-16 15:53:00,1.30418,1.30422,1.30395,1.30415,2756700134.2773438
2012-02-16 15:54:00,1.30412,1.30432,1.30411,1.30424,2800799865.7226562
2012-02-16 15:55:00,1.30423,1.30424,1.3039,1.3041,3077799987.7929688
2012-02-16 15:56:00,1.3041,1.30411,1.30377,1.3038,2778099975.5859375
2012-02-16 15:57:00,1.30383,1.30398,1.3036,1.30379,2876499938.9648438
2012-02-16 15:58:00,1.30379,1.30415,1.30367,1.30412,2390899963.3789062
2012-02-16 15:59:00,1.3041,1.30425,1.30394,1.30415,2927000122.0703125
2012-02-16 16:00:00,1.30415,1.30429,1.30407,1.30417,3061499938.9648438
2012-02-16 16:01:00,1.30417,1.30448,1.30416,1.30448,2866700134.2773438
2012-02-16 16:02:00,1.30449,1.30515,1.30449,1.30509,2991000061.0351562
2012-02-16 16:03:00,1.30509,1.30563,1.30502,1.30531,3041099853.515625
2012-02-16 16:04:00,1.30531,1.30569,1.30518,1.30518,3529200134.2773438
2012-02-16 16:05:00,1.30517,1.30542,1.30511,1.3052,3737900085.4492188
2012-02-16 16:06:00,1.3052,1.30572,1.30512,1.30512,4292600097.65625
2012-02-16 16:07:00,1.30513,1.30513,1.30399,1.3041,4339200134.277344
2012-02-16 16:08:00,1.3041,1.30444,1.30392,1.30396,3419299926.7578125
2012-02-16 16:09:00,1.30391,1.30411,1.3039,1.304,2899500122.0703125
2012-02-16 16:10:00,1.30396,1.30414,1.30374,1.30412,3048900146.484375
2012-02-16 16:11:00,1.3041,1.30414,1.30388,1.30391,3606900024.4140625
2012-02-16 16:12:00,1.30393,1.30466,1.30392,1.30466,3247200012.2070312
2012-02-16 16:13:00,1.30464,1.30473,1.30424,1.30424,2792399902.34375
2012-02-16 16:14:00,1.30425,1.30454,1.30425,1.30437,3245100097.65625
2012-02-16 16:15:00,1.30438,1.30467,1.30433,1.30465,3214100036.6210938
2012-02-16 16:16:00,1.30469,1.3047,1.30424,1.30467,3540799865.7226562
2012-02-16 16:17:00,1.3047,1.30503,1.30458,1.30494,3029299926.7578125
2012-02-16 16:18:00,1.30499,1.30531,1.3049,1.30499,3127699890.1367188
2012-02-16 16:19:00,1.30502,1.30505,1.30457,1.30489,3321499938.9648438
2012-02-16 16:20:00,1.30489,1.30498,1.30417,1.30421,2883900146.484375
2012-02-16 16:21:00,1.30422,1.30448,1.30418,1.30439,3325499877.9296875
2012-02-16 16:22:00,1.30439,1.30462,1.30438,1.30442,2532200012.2070312
2012-02-16 16:23:00,1.3044,1.3046,1.30438,1.3046,2137599945.0683594
2012-02-16 16:24:00,1.3046,1.3047,1.30447,1.3045,2059600067.1386719
2012-02-16 16:25:00,1.30457,1.30502,1.30457,1.30489,2152899932.861328
2012-02-16 16:26:00,1.30489,1.3049,1.30459,1.30472,2178200073.2421875
2012-02-16 16:27:00,1.3047,1.30475,1.30458,1.30462,1534799957.2753906
2012-02-16 16:28:00,1.30464,1.30479,1.30456,1.3047,2348800048.828125
2012-02-16 16:29:00,1.30471,1.30494,1.30471,1.30487,2367400054.9316406
2012-02-16 16:30:00,1.30485,1.30498,1.30482,1.30498,1690899963.3789062
2012-02-16 16:31:00,1.30497,1.305,1.30459,1.30464,2218999938.9648438
2012-02-16 16:32:00,1.30463,1.30471,1.30456,1.30462,2482400054.9316406
2012-02-16 16:33:00,1.30462,1.30474,1.3045,1.30454,2558000030.517578
2012-02-16 16:34:00,1.3046,1.305,1.30442,1.30499,2723900146.484375
2012-02-16 16:35:00,1.30501,1.30685,1.30501,1.30682,6393400268.5546875
2012-02-16 16:36:00,1.30685,1.30731,1.30676,1.30718,5253099975.5859375
2012-02-16 16:37:00,1.30717,1.30761,1.30702,1.30748,3791099853.515625
2012-02-16 16:38:00,1.3075,1.30849,1.30748,1.30836,4647900085.449219
2012-02-16 16:39:00,1.30836,1.30841,1.30798,1.30805,4020199890.1367188
2012-02-16 16:40:00,1.30808,1.30827,1.3079,1.30791,2580799865.7226562
2012-02-16 16:41:00,1.30784,1.30791,1.30761,1.30776,2876600036.6210938
2012-02-16 16:42:00,1.3078,1.30795,1.30775,1.30787,2468099975.5859375
2012-02-16 16:43:00,1.30791,1.30831,1.30767,1.30823,2617500000.0
2012-02-16 16:44:00,1.30822,1.3083,1.30789,1.30804,2817399902.34375
2012-02-16 16:45:00,1.30804,1.30807,1.3077,1.30784,2316900024.4140625
2012-02-16 16:46:00,1.30783,1.30785,1.30749,1.30756,2860899963.3789062
2012-02-16 16:47:00,1.30758,1.30774,1.30745,1.30749,2212299957.2753906
2012-02-16 16:48:00,1.30754,1.30798,1.30754,1.30756,3416600036.6210938
2012-02-16 16:49:00,1.30755,1.30758,1.30725,1.30727,1642200012.2070312
2012-02-16 16:50:00,1.30727,1.30734,1.30714,1.30734,2425399932.861328
2012-02-16 16:51:00,1.30736,1.3074,1.30708,1.30711,2096799926.7578125
2012-02-16 16:52:00,1.30711,1.30753,1.30707,1.30753,2297899932.861328
2012-02-16 16:53:00,1.30755,1.30788,1.30755,1.30768,2463000030.517578
2012-02-16 16:54:00,1.30769,1.30818,1.30755,1.30818,2015800018.3105469
2012-02-16 16:55:00,1.30819,1.30846,1.30799,1.30845,2175200042.7246094
2012-02-16 16:56:00,1.30846,1.30943,1.30846,1.30943,3881700134.2773438
2012-02-16 16:57:00,1.30942,1.30971,1.30939,1.30958,2858800048.828125
2012-02-16 16:58:00,1.3096,1.31102,1.3096,1.31102,4442699890.136719
2012-02-16 16:59:00,1.31103,1.31108,1.31067,1.31083,3538399963.3789062
2012-02-16 17:00:00,1.31082,1.31178,1.3108,1.31137,4133599853.515625
2012-02-16 17:01:00,1.31135,1.31158,1.31108,1.31122,4350599975.5859375
2012-02-16 17:02:00,1.3112,1.3113,1.31095,1.31096,3434899902.34375
2012-02-16 17:03:00,1.31094,1.31099,1.3108,1.3108,2012899932.8613281
2012-02-16 17:04:00,1.3108,1.31101,1.31077,1.31079,2709100036.6210938
2012-02-16 17:05:00,1.31079,1.31138,1.31076,1.31137,2377599945.0683594
2012-02-16 17:06:00,1.31136,1.31136,1.31096,1.31098,2406100006.1035156
2012-02-16 17:07:00,1.31098,1.31099,1.31068,1.31082,2828999938.9648438
2012-02-16 17:08:00,1.31082,1.31086,1.31054,1.31066,3058699951.171875
2012-02-16 17:09:00,1.31065,1.31097,1.31049,1.31096,3109899902.34375
2012-02-16 17:10:00,1.31096,1.31107,1.31077,1.31081,2691000061.0351562
2012-02-16 17:11:00,1.31081,1.31087,1.31057,1.31077,2169400024.4140625
2012-02-16 17:12:00,1.31077,1.31105,1.31068,1.31078,2616600036.6210938
2012-02-16 17:13:00,1.31078,1.3108,1.3105,1.31057,2152799987.7929688
2012-02-16 17:14:00,1.31058,1.31101,1.31054,1.3106,2701199951.171875
2012-02-16 17:15:00,1.31058,1.31087,1.31052,1.31057,3022500000.0
2012-02-16 17:16:00,1.31056,1.31064,1.31028,1.31046,2129299926.7578125
2012-02-16 17:17:00,1.31049,1.31052,1.31039,1.31045,1992500000.0
2012-02-16 17:18:00,1.31045,1.31068,1.31045,1.31064,1543899993.8964844
2012-02-16 17:19:00,1.31064,1.31067,1.31046,1.31047,2036799926.7578125
2012-02-16 17:20:00,1.31053,1.31055,1.31039,1.31047,1549799957.2753906
2012-02-16 17:21:00,1.3105,1.31119,1.3105,1.31107,2814299926.7578125
2012-02-16 17:22:00,1.311,1.31123,1.31092,1.31102,2851000061.0351562
2012-02-16 17:23:00,1.31107,1.3112,1.31097,1.31119,2300599975.5859375
2012-02-16 17:24:00,1.31119,1.31143,1.3108,1.3109,2911300048.828125
2012-02-16 17:25:00,1.31094,1.31109,1.31062,1.31062,2345800018.310547
2012-02-16 17:26:00,1.31064,1.31075,1.31056,1.31064,1391300048.828125
2012-02-16 17:27:00,1.31065,1.31069,1.31046,1.31059,1409700012.2070312
2012-02-16 17:28:00,1.3106,1.31065,1.31038,1.31052,1983699951.171875
2012-02-16 17:29:00,1.31052,1.31088,1.31052,1.31074,2205399932.861328
2012-02-16 17:30:00,1.31073,1.31073,1.31061,1.31062,1760599975.5859375
2012-02-16 17:31:00,1.31063,1.31071,1.3105,1.31066,1681999969.4824219
2012-02-16 17:32:00,1.31068,1.31077,1.31055,1.31058,1827599945.0683594
2012-02-16 17:33:00,1.3106,1.31082,1.3104,1.31078,1995700073.2421875
2012-02-16 17:34:00,1.31075,1.31075,1.31068,1.31071,1135899963.3789062
2012-02-16 17:35:00,1.31071,1.31072,1.31038,1.31038,1633699951.171875
2012-02-16 17:36:00,1.31039,1.31051,1.31039,1.31047,1686000061.0351562
2012-02-16 17:37:00,1.31046,1.31087,1.31044,1.31066,1697100067.1386719
2012-02-16 17:38:00,1.31068,1.31074,1.31065,1.31072,1392200012.2070312
2012-02-16 17:39:00,1.3107,1.3108,1.31058,1.31079,1167399978.6376953
2012-02-16 17:40:00,1.31079,1.31096,1.31074,1.31089,2207400054.9316406
2012-02-16 17:41:00,1.31089,1.31089,1.31048,1.31048,1901199951.171875
2012-02-16 17:42:00,1.31048,1.31058,1.31035,1.31056,2078200073.2421875
2012-02-16 17:43:00,1.31057,1.31064,1.31048,1.31049,2108300018.3105469
2012-02-16 17:44:00,1.31048,1.31059,1.31048,1.31056,1438399963.3789062
2012-02-16 17:45:00,1.31056,1.31071,1.31051,1.31054,1986699981.6894531
2012-02-16 17:46:00,1.31055,1.3106,1.31039,1.31059,2172400054.9316406
2012-02-16 17:47:00,1.31059,1.31073,1.31059,1.31069,2084299926.7578125
2012-02-16 17:48:00,1.3107,1.31071,1.31053,1.31054,2083800048.828125
2012-02-16 17:49:00,1.31055,1.31058,1.31049,1.3105,2132700042.7246094
2012-02-16 17:50:00,1.31049,1.31052,1.3103,1.31036,2065200042.7246094
2012-02-16 17:51:00,1.31037,1.31047,1.31025,1.31029,2286499938.9648438
2012-02-16 17:52:00,1.31029,1.31047,1.31029,1.31045,1884299926.7578125
2012-02-16 17:53:00,1.31046,1.31054,1.31044,1.31054,1466699981.6894531
2012-02-16 17:54:00,1.31053,1.31057,1.31046,1.31048,967300033.5693359
2012-02-16 17:55:00,1.31049,1.31053,1.31045,1.31046,1529900054.9316406
2012-02-16 17:56:00,1.31046,1.31057,1.31027,1.31029,1643699951.171875
2012-02-16 17:57:00,1.31029,1.31029,1.31007,1.31014,2275700073.2421875
2012-02-16 17:58:00,1.31014,1.31014,1.3099,1.30998,1968699951.171875
2012-02-16 17:59:00,1.30999,1.31041,1.30999,1.31034,2854200134.2773438
2012-02-16 18:00:00,1.31034,1.31055,1.31025,1.3103,2113000030.5175781
2012-02-16 18:01:00,1.31031,1.31039,1.31008,1.31012,2774400024.4140625
2012-02-16 18:02:00,1.31014,1.31036,1.31012,1.31035,1969799957.2753906
2012-02-16 18:03:00,1.31035,1.31052,1.31031,1.31046,1883399963.3789062
2012-02-16 18:04:00,1.31046,1.31068,1.31045,1.31066,1769700012.2070312
2012-02-16 18:05:00,1.31066,1.31092,1.31066,1.31089,3026099853.515625
2012-02-16 18:06:00,1.31088,1.31089,1.31066,1.31067,1847400054.9316406
2012-02-16 18:07:00,1.31068,1.31068,1.31045,1.31048,1855899963.3789062
2012-02-16 18:08:00,1.31048,1.3107,1.31047,1.31061,1844799957.2753906
2012-02-16 18:09:00,1.31061,1.31078,1.31061,1.31071,1561399993.8964844
2012-02-16 18:10:00,1.31071,1.31086,1.31069,1.31083,1931399993.8964844
2012-02-16 18:11:00,1.31083,1.31149,1.31078,1.31148,2610000000.0
2012-02-16 18:12:00,1.31147,1.31176,1.31138,1.31161,2725000000.0
2012-02-16 18:13:00,1.31161,1.31179,1.31156,1.31156,2224100036.6210938
2012-02-16 18:14:00,1.31156,1.31218,1.31156,1.31185,2756499938.9648438
2012-02-16 18:15:00,1.31185,1.31198,1.31163,1.31197,2098800048.828125
2012-02-16 18:16:00,1.31194,1.31199,1.31173,1.31187,3099700012.2070312
2012-02-16 18:17:00,1.31187,1.31189,1.31155,1.31157,2175099945.0683594
2012-02-16 18:18:00,1.31157,1.31165,1.31146,1.31164,1218399963.3789062
2012-02-16 18:19:00,1.31164,1.31188,1.31164,1.31173,2471300048.828125
2012-02-16 18:20:00,1.31172,1.31185,1.31168,1.31181,1845599975.5859375
2012-02-16 18:21:00,1.31176,1.31176,1.31153,1.31153,2073300018.3105469
2012-02-16 18:22:00,1.31153,1.31153,1.31131,1.31131,1705200042.7246094
2012-02-16 18:23:00,1.3113,1.3113,1.31115,1.31118,1531199951.171875
2012-02-16 18:24:00,1.31118,1.3112,1.31079,1.31079,1627400054.9316406
2012-02-16 18:25:00,1.31079,1.31109,1.31069,1.31096,1624499969.4824219
2012-02-16 18:26:00,1.31093,1.31098,1.31062,1.31076,2607600097.65625
2012-02-16 18:27:00,1.31077,1.31079,1.31044,1.31048,2467100067.138672
2012-02-16 18:28:00,1.31048,1.31079,1.31045,1.3107,1871300048.828125
2012-02-16 18:29:00,1.31067,1.3108,1.31065,1.31076,1926900024.4140625
2012-02-16 18:30:00,1.31077,1.31079,1.31075,1.31078,1242200012.2070312
2012-02-16 18:31:00,1.31076,1.31076,1.31057,1.31066,1595399932.8613281
2012-02-16 18:32:00,1.31066,1.31068,1.31066,1.31066,677500000.0
2012-02-16 18:33:00,1.31067,1.31088,1.31067,1.31088,1470500030.5175781
2012-02-16 18:34:00,1.31086,1.31088,1.31079,1.31088,1100500030.5175781
2012-02-16 18:35:00,1.31088,1.31128,1.31088,1.31125,1829100036.6210938
2012-02-16 18:36:00,1.31126,1.31144,1.31104,1.31144,2155000000.0
2012-02-16 18:37:00,1.31144,1.31144,1.31109,1.31109,2459400024.4140625
2012-02-16 18:38:00,1.31109,1.31141,1.31109,1.31141,1442400054.9316406
2012-02-16 18:39:00,1.3114,1.3114,1.3113,1.31134,2116699981.6894531
2012-02-16 18:40:00,1.31134,1.31134,1.31068,1.31072,1986199951.171875
2012-02-16 18:41:00,1.31073,1.31076,1.31053,1.31054,1979299926.7578125
2012-02-16 18:42:00,1.31053,1.31101,1.31053,1.31096,1884900054.9316406
2012-02-16 18:43:00,1.31095,1.31102,1.31081,1.31099,1761300048.828125
2012-02-16 18:44:00,1.311,1.31115,1.31087,1.3111,2474499969.482422
2012-02-16 18:45:00,1.31107,1.31107,1.31067,1.31067,1830099945.0683594
2012-02-16 18:46:00,1.31067,1.31086,1.31058,1.31074,1769199981.6894531
2012-02-16 18:47:00,1.31074,1.31085,1.31067,1.31075,1918699951.171875
2012-02-16 18:48:00,1.31074,1.31075,1.31055,1.31055,1576499938.9648438
2012-02-16 18:49:00,1.31055,1.31058,1.31047,1.3105,1570700073.2421875
2012-02-16 18:50:00,1.31051,1.31051,1.31023,1.3103,1404700012.2070312
2012-02-16 18:51:00,1.3103,1.3105,1.31028,1.3103,1706199951.171875
2012-02-16 18:52:00,1.3103,1.31042,1.31018,1.31019,2052599945.0683594
2012-02-16 18:53:00,1.31019,1.31047,1.31018,1.31032,2232100067.138672
2012-02-16 18:54:00,1.31032,1.31043,1.31029,1.31031,2026000061.0351562
2012-02-16 18:55:00,1.3103,1.31049,1.3103,1.31043,1559600067.1386719
2012-02-16 18:56:00,1.31043,1.31048,1.3104,1.31042,1615299987.7929688
2012-02-16 18:57:00,1.31043,1.31052,1.31029,1.31029,1325200042.7246094
2012-02-16 18:58:00,1.3103,1.31031,1.31022,1.31024,1744199981.6894531
2012-02-16 18:59:00,1.31025,1.31037,1.31021,1.31023,2047799987.7929688
2012-02-16 19:00:00,1.31023,1.31031,1.31015,1.31031,1603000030.5175781
2012-02-16 19:01:00,1.31031,1.31038,1.31031,1.31035,1377899932.8613281
2012-02-16 19:02:00,1.31035,1.31062,1.3103,1.31062,1683699951.171875
2012-02-16 19:03:00,1.31065,1.31071,1.3105,1.31063,1848500061.0351562
2012-02-16 19:04:00,1.31063,1.31082,1.31061,1.31082,1443399963.3789062
2012-02-16 19:05:00,1.31089,1.31102,1.31073,1.3109,2235500030.517578
2012-02-16 19:06:00,1.3109,1.3109,1.31064,1.31069,1184800033.569336
2012-02-16 19:07:00,1.31069,1.31084,1.31067,1.31079,1429499969.4824219
2012-02-16 19:08:00,1.31077,1.31077,1.31055,1.31069,1615200042.7246094
2012-02-16 19:09:00,1.31068,1.31068,1.31049,1.31057,1089899978.6376953
2012-02-16 19:10:00,1.31057,1.31071,1.31055,1.31062,1791799926.7578125
2012-02-16 19:11:00,1.31062,1.31073,1.31059,1.31064,1536900024.4140625
2012-02-16 19:12:00,1.31066,1.31067,1.31052,1.31055,1383300018.3105469
2012-02-16 19:13:00,1.31055,1.3107,1.31055,1.3107,1716000061.0351562
2012-02-16 19:14:00,1.31071,1.31083,1.31063,1.31066,1953500061.0351562
2012-02-16 19:15:00,1.31068,1.3107,1.31065,1.31069,1200999984.741211
2012-02-16 19:16:00,1.31065,1.31074,1.3106,1.3107,1124000015.258789
2012-02-16 19:17:00,1.31072,1.31087,1.31058,1.31086,1428500061.0351562
2012-02-16 19:18:00,1.31086,1.31096,1.31082,1.31083,1678999938.9648438
2012-02-16 19:19:00,1.31083,1.31114,1.31083,1.3111,2276900024.4140625
2012-02-16 19:20:00,1.31111,1.31111,1.31085,1.31087,2517700042.7246094
2012-02-16 19:21:00,1.31087,1.31108,1.31087,1.31107,1668099975.5859375
2012-02-16 19:22:00,1.31107,1.31139,1.31107,1.31137,2103399963.3789062
2012-02-16 19:23:00,1.31137,1.31137,1.31116,1.3113,2328200073.2421875
2012-02-16 19:24:00,1.3113,1.31139,1.31125,1.31138,1763000030.5175781
2012-02-16 19:25:00,1.3114,1.31151,1.31135,1.31142,1630099945.0683594
2012-02-16 19:26:00,1.31142,1.31184,1.31142,1.31182,2541399993.8964844
2012-02-16 19:27:00,1.3118,1.31218,1.31179,1.31218,2588299865.7226562
2012-02-16 19:28:00,1.31219,1.31254,1.31219,1.31249,2644100036.6210938
2012-02-16 19:29:00,1.31247,1.31266,1.31246,1.3126,2851099853.515625
2012-02-16 19:30:00,1.31264,1.31342,1.31261,1.31342,3646300048.828125
2012-02-16 19:31:00,1.31342,1.31348,1.31304,1.31308,2575599975.5859375
2012-02-16 19:32:00,1.31308,1.31326,1.31308,1.31317,2062500000.0
2012-02-16 19:33:00,1.31318,1.31362,1.31316,1.31351,2156399993.8964844
2012-02-16 19:34:00,1.31349,1.31442,1.31348,1.31442,4112099914.5507812
2012-02-16 19:35:00,1.31441,1.31453,1.31404,1.31408,3603299865.7226562
2012-02-16 19:36:00,1.31409,1.31422,1.31392,1.31399,2034600067.1386719
2012-02-16 19:37:00,1.31398,1.31403,1.31386,1.31396,2079600067.1386719
2012-02-16 19:38:00,1.31395,1.31401,1.3137,1.31401,2584299926.7578125
2012-02-16 19:39:00,1.31396,1.31397,1.31375,1.31378,2198600006.1035156
2012-02-16 19:40:00,1.31378,1.3139,1.31376,1.31379,2133300018.3105469
2012-02-16 19:41:00,1.31379,1.31397,1.31379,1.31397,1864600067.1386719
2012-02-16 19:42:00,1.31398,1.31399,1.31374,1.31376,1951499938.9648438
2012-02-16 19:43:00,1.31377,1.31381,1.3137,1.31371,1634100036.6210938
2012-02-16 19:44:00,1.31371,1.31378,1.31365,1.31376,1416000061.0351562
2012-02-16 19:45:00,1.31377,1.3139,1.31369,1.31388,2291499938.9648438
2012-02-16 19:46:00,1.31388,1.31399,1.31386,1.31395,1530399932.8613281
2012-02-16 19:47:00,1.31397,1.31438,1.31397,1.31427,1643800048.828125
2012-02-16 19:48:00,1.31428,1.31447,1.31428,1.31434,2318099975.5859375
2012-02-16 19:49:00,1.31434,1.3145,1.31404,1.31404,3016000061.0351562
2012-02-16 19:50:00,1.31404,1.31423,1.31404,1.31413,1774199981.6894531
2012-02-16 19:51:00,1.31414,1.31421,1.31382,1.3139,1744100036.6210938
2012-02-16 19:52:00,1.3139,1.31398,1.31383,1.31383,1470899963.3789062
2012-02-16 19:53:00,1.3138,1.31385,1.31339,1.31378,2483300018.310547
2012-02-16 19:54:00,1.31378,1.31378,1.31348,1.31353,2323699951.171875
2012-02-16 19:55:00,1.31353,1.31391,1.31353,1.31386,1568600006.1035156
2012-02-16 19:56:00,1.31386,1.31398,1.31385,1.31386,1740099945.0683594
2012-02-16 19:57:00,1.31389,1.31398,1.31385,1.31385,1455599975.5859375
2012-02-16 19:58:00,1.31385,1.314,1.31384,1.31395,1556399993.8964844
2012-02-16 19:59:00,1.31394,1.31396,1.31379,1.31393,2525099945.0683594
2012-02-16 20:00:00,1.31392,1.31422,1.31391,1.31419,2756700134.2773438
2012-02-16 20:01:00,1.31419,1.31429,1.31417,1.31418,1398999938.9648438
2012-02-16 20:02:00,1.31419,1.31419,1.31384,1.31388,2568500061.0351562
2012-02-16 20:03:00,1.31387,1.31395,1.31372,1.31377,2228699951.171875
2012-02-16 20:04:00,1.31377,1.31377,1.31364,1.31364,1039499969.4824219
2012-02-16 20:05:00,1.31364,1.31369,1.3135,1.31369,1968800048.828125
2012-02-16 20:06:00,1.3137,1.3138,1.31352,1.31354,1655899963.3789062
2012-02-16 20:07:00,1.31354,1.31358,1.31345,1.31356,1726300048.828125
2012-02-16 20:08:00,1.31356,1.31358,1.31337,1.3134,1711999969.4824219
2012-02-16 20:09:00,1.31339,1.31351,1.31292,1.31295,2347100067.138672
2012-02-16 20:10:00,1.31294,1.31318,1.31294,1.31301,1441999969.4824219
2012-02-16 20:11:00,1.31301,1.31322,1.31301,1.31321,1056900024.4140625
2012-02-16 20:12:00,1.31322,1.31324,1.3131,1.31313,1189300003.0517578
2012-02-16 20:13:00,1.31313,1.31315,1.31291,1.31292,1842599945.0683594
2012-02-16 20:14:00,1.31285,1.31311,1.31279,1.31309,2156799926.7578125
2012-02-16 20:15:00,1.31309,1.31325,1.31307,1.3132,963899993.8964844
2012-02-16 20:16:00,1.3132,1.31332,1.31305,1.31307,1440500030.5175781
2012-02-16 20:17:00,1.31309,1.31314,1.3129,1.3129,1503800048.828125
2012-02-16 20:18:00,1.31291,1.31312,1.31288,1.31291,1790099945.0683594
2012-02-16 20:19:00,1.31292,1.313,1.31291,1.31299,880599975.5859375
2012-02-16 20:20:00,1.31299,1.31308,1.31296,1.31303,1333600006.1035156
2012-02-16 20:21:00,1.31304,1.31326,1.31304,1.31314,1259000015.258789
2012-02-16 20:22:00,1.31313,1.3132,1.31311,1.31319,1187699966.430664
2012-02-16 20:23:00,1.31319,1.31322,1.31298,1.31302,943899993.8964844
2012-02-16 20:24:00,1.313,1.3132,1.313,1.31319,1380599975.5859375
2012-02-16 20:25:00,1.31319,1.31339,1.31313,1.31313,1609799957.2753906
2012-02-16 20:26:00,1.31313,1.31314,1.31308,1.31313,631300010.6811523
2012-02-16 20:27:00,1.31313,1.31328,1.313,1.31311,2027500000.0
2012-02-16 20:28:00,1.31311,1.31334,1.31305,1.31334,1667400054.9316406
2012-02-16 20:29:00,1.31334,1.31373,1.31331,1.31373,1629199981.6894531
2012-02-16 20:30:00,1.31372,1.31377,1.31347,1.31347,1732799987.7929688
2012-02-16 20:31:00,1.31347,1.31352,1.31332,1.31341,1906000061.0351562
2012-02-16 20:32:00,1.31342,1.31357,1.31337,1.31342,2095000000.0
2012-02-16 20:33:00,1.31344,1.31363,1.31335,1.31359,1371499938.9648438
2012-02-16 20:34:00,1.31359,1.31361,1.31352,1.31359,774000015.2587891
2012-02-16 20:35:00,1.31359,1.3136,1.31351,1.31357,1496000061.0351562
2012-02-16 20:36:00,1.31356,1.31361,1.3134,1.31341,1481199951.171875
2012-02-16 20:37:00,1.31343,1.31376,1.31339,1.31372,1579700012.2070312
2012-02-16 20:38:00,1.31373,1.31373,1.3135,1.31354,994199981.6894531
2012-02-16 20:39:00,1.31359,1.31372,1.31357,1.3137,1927599945.0683594
2012-02-16 20:40:00,1.3137,1.31398,1.3137,1.31398,1441499938.9648438
2012-02-16 20:41:00,1.31398,1.31409,1.31382,1.31408,1667799987.7929688
2012-02-16 20:42:00,1.31405,1.3141,1.31401,1.3141,1243000030.5175781
2012-02-16 20:43:00,1.3141,1.31423,1.31406,1.3141,1591199951.171875
2012-02-16 20:44:00,1.31411,1.31445,1.3141,1.31445,1616799926.7578125
2012-02-16 20:45:00,1.31448,1.31479,1.31448,1.31462,2317799987.7929688
2012-02-16 20:46:00,1.31462,1.31478,1.31446,1.31469,2931099853.515625
2012-02-16 20:47:00,1.31469,1.31477,1.3146,1.31477,1822899932.8613281
2012-02-16 20:48:00,1.31477,1.31551,1.31476,1.3154,3040899963.3789062
2012-02-16 20:49:00,1.3154,1.31551,1.31536,1.31538,2657699890.1367188
2012-02-16 20:50:00,1.31538,1.31544,1.31523,1.31534,2138899993.8964844
2012-02-16 20:51:00,1.31534,1.31539,1.31527,1.31529,1409900054.9316406
2012-02-16 20:52:00,1.31529,1.3153,1.31486,1.31498,1900200042.7246094
2012-02-16 20:53:00,1.31498,1.315,1.31459,1.31463,2404799957.2753906
2012-02-16 20:54:00,1.31464,1.3147,1.31459,1.31462,1844199981.6894531
2012-02-16 20:55:00,1.31462,1.3147,1.31461,1.31467,1494700012.2070312
2012-02-16 20:56:00,1.31473,1.31473,1.31414,1.31435,2346000061.0351562
2012-02-16 20:57:00,1.31434,1.31435,1.31415,1.31415,1086800003.0517578
2012-02-16 20:58:00,1.31419,1.3142,1.31408,1.31415,1142900009.1552734
2012-02-16 20:59:00,1.31412,1.31412,1.31362,1.31362,1200999984.741211
2012-02-16 21:00:00,1.31364,1.31405,1.31362,1.314,1217099990.8447266
2012-02-16 21:01:00,1.314,1.31414,1.314,1.31411,982500000.0
2012-02-16 21:02:00,1.31413,1.31413,1.3139,1.31395,815000000.0
2012-02-16 21:03:00,1.31395,1.31401,1.3139,1.314,406899986.26708984
2012-02-16 21:04:00,1.314,1.31401,1.31391,1.31391,640500030.5175781
2012-02-16 21:05:00,1.31391,1.31393,1.31371,1.31375,713399963.3789062
2012-02-16 21:06:00,1.31375,1.3139,1.31375,1.3139,394900016.78466797
2012-02-16 21:07:00,1.31388,1.3139,1.31386,1.31389,459900016.78466797
2012-02-16 21:08:00,1.31385,1.3139,1.31376,1.31379,866299972.5341797
2012-02-16 21:09:00,1.31379,1.3138,1.31366,1.31372,827399978.6376953
2012-02-16 21:10:00,1.31373,1.31407,1.31368,1.31407,1607200012.2070312
2012-02-16 21:11:00,1.31407,1.3142,1.31404,1.3142,1353699951.171875
2012-02-16 21:12:00,1.31416,1.31422,1.3141,1.31415,747799987.7929688
2012-02-16 21:13:00,1.31421,1.31421,1.31416,1.31416,207000007.62939453
2012-02-16 21:14:00,1.31416,1.31416,1.31406,1.3141,753799972.5341797
2012-02-16 21:15:00,1.3141,1.31412,1.31409,1.31409,499099998.4741211
2012-02-16 21:16:00,1.3141,1.31411,1.31405,1.31406,410999984.74121094
2012-02-16 21:17:00,1.31406,1.31411,1.31396,1.31396,543800010.6811523
2012-02-16 21:18:00,1.31396,1.31396,1.31379,1.31384,790999984.7412109
2012-02-16 21:19:00,1.31384,1.31384,1.31383,1.31384,274500007.62939453
2012-02-16 21:20:00,1.31384,1.31389,1.31382,1.31383,535499992.37060547
2012-02-16 21:21:00,1.31383,1.31384,1.31377,1.31381,424500007.62939453
2012-02-16 21:22:00,1.31381,1.31388,1.31374,1.31384,985299987.7929688
2012-02-16 21:23:00,1.31386,1.31386,1.31384,1.31386,250499992.37060547
2012-02-16 21:24:00,1.31384,1.31407,1.31384,1.31396,1373300018.3105469
2012-02-16 21:25:00,1.31396,1.31401,1.3139,1.31393,846800003.0517578
2012-02-16 21:26:00,1.31393,1.31393,1.3139,1.31393,178500003.81469727
2012-02-16 21:27:00,1.31393,1.31393,1.3134,1.31349,1894900054.9316406
2012-02-16 21:28:00,1.31352,1.31356,1.31346,1.31348,1147900009.1552734
2012-02-16 21:29:00,1.31348,1.3135,1.31346,1.3135,798799972.5341797
2012-02-16 21:30:00,1.3135,1.31361,1.3134,1.31361,1029400024.4140625
2012-02-16 21:31:00,1.3136,1.31362,1.31349,1.31352,523499984.74121094
2012-02-16 21:32:00,1.31352,1.31358,1.31351,1.31351,394500007.62939453
2012-02-16 21:33:00,1.31353,1.31361,1.31352,1.31355,534000015.25878906
2012-02-16 21:34:00,1.31355,1.3136,1.31354,1.31354,412500000.0
2012-02-16 21:35:00,1.3136,1.3136,1.31345,1.31349,1042500000.0
2012-02-16 21:36:00,1.31349,1.31352,1.31339,1.31351,1027500000.0
2012-02-16 21:37:00,1.31349,1.31349,1.3134,1.3134,272999992.37060547
2012-02-16 21:38:00,1.3134,1.3134,1.3133,1.31335,1020000000.0
2012-02-16 21:39:00,1.31335,1.31335,1.31328,1.31329,545299987.7929688
2012-02-16 21:40:00,1.31328,1.3133,1.31325,1.31325,218999996.18530273
2012-02-16 21:41:00,1.31325,1.31336,1.3132,1.31336,622599983.215332
2012-02-16 21:42:00,1.31331,1.31349,1.31328,1.31341,1250699996.9482422
2012-02-16 21:43:00,1.31338,1.31344,1.31338,1.31338,564900016.784668
2012-02-16 21:44:00,1.31339,1.31347,1.31339,1.31341,312099990.84472656
2012-02-16 21:45:00,1.31343,1.3135,1.31343,1.3135,420000000.0
2012-02-16 21:46:00,1.3135,1.31354,1.3135,1.31354,238500003.81469727
2012-02-16 21:47:00,1.31354,1.31354,1.31351,1.31353,299400005.3405762
2012-02-16 21:48:00,1.31352,1.31352,1.31343,1.31343,357000007.62939453
2012-02-16 21:49:00,1.31344,1.3135,1.31344,1.3135,404099998.4741211
2012-02-16 21:50:00,1.31352,1.31358,1.31352,1.31356,344300003.0517578
2012-02-16 21:51:00,1.31357,1.31362,1.3135,1.3135,373199996.9482422
2012-02-16 21:52:00,1.31349,1.31354,1.31349,1.31351,430499992.37060547
2012-02-16 21:53:00,1.3135,1.31354,1.3134,1.31353,768399963.3789062
2012-02-16 21:54:00,1.31354,1.31357,1.31346,1.31351,712900009.1552734
2012-02-16 21:55:00,1.31351,1.31359,1.31344,1.31351,420000000.0
2012-02-16 21:56:00,1.31351,1.31355,1.3134,1.31341,600000000.0
2012-02-16 21:57:00,1.31341,1.31351,1.3133,1.31346,988399963.3789062
2012-02-16 21:58:00,1.31347,1.31347,1.31332,1.31337,742600021.3623047
2012-02-16 21:59:00,1.31337,1.31337,1.31298,1.31298,564900016.784668
2012-02-16 22:00:00,1.31299,1.31326,1.31288,1.31323,639599990.8447266
2012-02-16 22:01:00,1.31323,1.31335,1.31323,1.31332,146899995.803833
2012-02-16 22:02:00,1.31332,1.31336,1.31322,1.31322,395400009.15527344
2012-02-16 22:03:00,1.31314,1.31325,1.31314,1.31325,129499998.09265137
2012-02-16 22:04:00,1.31325,1.31325,1.31319,1.31319,202099990.84472656
2012-02-16 22:05:00,1.31331,1.31333,1.31315,1.31319,440000000.0
2012-02-16 22:06:00,1.31324,1.3134,1.31316,1.31323,472599983.21533203
2012-02-16 22:07:00,1.31318,1.31322,1.31318,1.31319,83000001.90734863
2012-02-16 22:08:00,1.3132,1.31328,1.3132,1.31325,289799995.4223633
2012-02-16 22:09:00,1.31325,1.31328,1.31325,1.31328,140000000.0
2012-02-16 22:10:00,1.31326,1.31327,1.31324,1.31325,150200004.57763672
2012-02-16 22:11:00,1.31325,1.31325,1.31309,1.31319,231200008.39233398
2012-02-16 22:12:00,1.31319,1.31319,1.31318,1.31318,22500000.0
2012-02-16 22:13:00,1.31316,1.31319,1.31309,1.31313,164099998.4741211
2012-02-16 22:14:00,1.31313,1.31324,1.31293,1.31316,460800018.3105469
2012-02-16 22:15:00,1.31316,1.31316,1.31315,1.31316,135399999.61853027
2012-02-16 22:16:00,1.31316,1.31317,1.31316,1.31317,65999999.04632568
2012-02-16 22:17:00,1.31316,1.31316,1.31302,1.31306,126599998.4741211
2012-02-16 22:18:00,1.31311,1.31311,1.313,1.31301,313099994.6594238
2012-02-16 22:19:00,1.313,1.31307,1.31296,1.31303,188999996.18530273
2012-02-16 22:20:00,1.31301,1.31303,1.31291,1.31291,216000003.81469727
2012-02-16 22:21:00,1.31291,1.31307,1.31291,1.31299,611399993.8964844
2012-02-16 22:22:00,1.31298,1.31299,1.31295,1.31298,105000000.0
2012-02-16 22:23:00,1.31299,1.31303,1.31299,1.31303,64499998.09265137
2012-02-16 22:24:00,1.31302,1.31303,1.31302,1.31302,135000000.0
2012-02-16 22:25:00,1.31303,1.31303,1.31303,1.31303,30000000.0
2012-02-16 22:26:00,1.31302,1.31304,1.31284,1.31284,390099983.21533203
2012-02-16 22:27:00,1.31279,1.31279,1.31263,1.31264,503199996.9482422
2012-02-16 22:28:00,1.3127,1.31273,1.31264,1.31266,377700004.5776367
2012-02-16 22:29:00,1.31267,1.31267,1.31267,1.31267,78899998.66485596
2012-02-16 22:30:00,1.31268,1.31305,1.31268,1.31303,1044700012.2070312
2012-02-16 22:31:00,1.31304,1.31306,1.3129,1.3129,314799995.4223633
2012-02-16 22:32:00,1.31289,1.31301,1.31287,1.31291,573300018.3105469
2012-02-16 22:33:00,1.3129,1.31292,1.31281,1.31287,656800003.0517578
2012-02-16 22:34:00,1.31287,1.3129,1.31283,1.31289,434099998.4741211
2012-02-16 22:35:00,1.31289,1.31306,1.31289,1.31299,368199996.9482422
2012-02-16 22:36:00,1.31299,1.313,1.31288,1.31289,229699993.13354492
2012-02-16 22:37:00,1.31289,1.31292,1.31288,1.31291,127600002.28881836
2012-02-16 22:38:00,1.31296,1.31309,1.31293,1.31308,465200004.5776367
2012-02-16 22:39:00,1.31308,1.31312,1.31296,1.31299,642799987.7929688
2012-02-16 22:40:00,1.31299,1.31319,1.31299,1.31311,232000007.62939453
2012-02-16 22:41:00,1.31311,1.31328,1.31311,1.31323,371800003.0517578
2012-02-16 22:42:00,1.31322,1.31322,1.31318,1.31318,45000000.0
2012-02-16 22:43:00,1.31318,1.31324,1.31317,1.31322,500099983.21533203
2012-02-16 22:44:00,1.31325,1.31328,1.31324,1.31327,422700004.5776367
2012-02-16 22:45:00,1.31328,1.31344,1.31327,1.3134,968000030.5175781
2012-02-16 22:46:00,1.31341,1.31341,1.31334,1.31334,401399993.8964844
2012-02-16 22:47:00,1.31336,1.31344,1.31328,1.31337,992600021.3623047
2012-02-16 22:48:00,1.31334,1.31334,1.31326,1.31326,362999992.37060547
2012-02-16 22:49:00,1.31328,1.31328,1.31308,1.31319,408899993.8964844
2012-02-16 22:50:00,1.31319,1.31336,1.31314,1.31316,1284199981.6894531
2012-02-16 22:51:00,1.31316,1.31341,1.31314,1.31322,2410599975.5859375
2012-02-16 22:52:00,1.31319,1.31341,1.31319,1.31326,712200012.2070312
2012-02-16 22:53:00,1.31326,1.31337,1.31326,1.31331,263999996.18530273
2012-02-16 22:54:00,1.31331,1.31331,1.31317,1.31319,378400001.5258789
2012-02-16 22:55:00,1.31319,1.31331,1.31319,1.31325,270799999.23706055
2012-02-16 22:56:00,1.31325,1.31327,1.31307,1.31308,602000007.6293945
2012-02-16 22:57:00,1.31308,1.31314,1.31285,1.31307,1486199951.171875
2012-02-16 22:58:00,1.31307,1.31308,1.31299,1.31305,750100021.3623047
2012-02-16 22:59:00,1.31305,1.3131,1.31305,1.31307,394599990.84472656
2012-02-16 23:00:00,1.31306,1.31309,1.31304,1.31308,571500015.2587891
2012-02-16 23:01:00,1.31308,1.31313,1.31308,1.31309,916600036.6210938
2012-02-16 23:02:00,1.3131,1.31312,1.31293,1.31306,642500000.0
2012-02-16 23:03:00,1.31306,1.31308,1.31301,1.31301,527999992.37060547
2012-02-16 23:04:00,1.31301,1.31306,1.31295,1.31302,339500007.62939453
2012-02-16 23:05:00,1.313,1.31302,1.31298,1.31302,211700000.76293945
2012-02-16 23:06:00,1.31302,1.31308,1.31302,1.31303,123000001.90734863
2012-02-16 23:07:00,1.31306,1.31306,1.31299,1.313,86999998.09265137
2012-02-16 23:08:00,1.31303,1.31304,1.31299,1.31301,216000003.81469727
2012-02-16 23:09:00,1.31301,1.31301,1.313,1.313,31500000.953674316
2012-02-16 23:10:00,1.31302,1.31304,1.31299,1.31299,235499992.37060547
2012-02-16 23:11:00,1.313,1.31311,1.31299,1.31307,768000030.5175781
2012-02-16 23:12:00,1.31309,1.31311,1.31307,1.3131,223500003.81469727
2012-02-16 23:13:00,1.3131,1.3131,1.31303,1.3131,315000000.0
2012-02-16 23:14:00,1.31308,1.31311,1.31308,1.31311,274500007.62939453
2012-02-16 23:15:00,1.31311,1.31314,1.31306,1.31307,356399993.8964844
2012-02-16 23:16:00,1.31307,1.31308,1.31305,1.31306,267399997.71118164
2012-02-16 23:17:00,1.31306,1.31307,1.31306,1.31306,137700004.57763672
2012-02-16 23:18:00,1.31308,1.31309,1.31303,1.31309,410299987.79296875
2012-02-16 23:19:00,1.31309,1.31309,1.313,1.313,840199966.4306641
2012-02-16 23:20:00,1.31301,1.31303,1.31296,1.31301,349500007.62939453
2012-02-16 23:21:00,1.31302,1.31316,1.31302,1.31316,765699996.9482422
2012-02-16 23:22:00,1.31317,1.31323,1.31317,1.31319,572999992.3706055
2012-02-16 23:23:00,1.31319,1.31322,1.31314,1.31318,502500000.0
2012-02-16 23:24:00,1.31319,1.31333,1.31319,1.31327,525699996.9482422
2012-02-16 23:25:00,1.31327,1.31328,1.31324,1.31325,304300003.0517578
2012-02-16 23:26:00,1.31324,1.31335,1.31323,1.31334,265599994.65942383
2012-02-16 23:27:00,1.31336,1.31337,1.31322,1.31327,1111200027.4658203
2012-02-16 23:28:00,1.31327,1.31327,1.31314,1.31319,531599998.4741211
2012-02-16 23:29:00,1.31323,1.31333,1.31306,1.3131,744100036.6210938
2012-02-16 23:30:00,1.3131,1.3131,1.31275,1.31283,1456799926.7578125
2012-02-16 23:31:00,1.31283,1.31283,1.31255,1.31262,1009499969.4824219
2012-02-16 23:32:00,1.31262,1.31265,1.31261,1.31265,656999969.4824219
2012-02-16 23:33:00,1.31266,1.31268,1.31261,1.31261,825999984.7412109
2012-02-16 23:34:00,1.31261,1.31261,1.31256,1.31261,590999984.7412109
2012-02-16 23:35:00,1.31259,1.31268,1.31252,1.31253,1162600021.3623047
2012-02-16 23:36:00,1.31252,1.31252,1.31244,1.31247,428100013.73291016
2012-02-16 23:37:00,1.31247,1.31247,1.3123,1.31236,810100021.3623047
2012-02-16 23:38:00,1.31237,1.31238,1.31233,1.31238,505800018.3105469
2012-02-16 23:39:00,1.31238,1.31241,1.31231,1.31236,715899963.3789062
2012-02-16 23:40:00,1.31236,1.31271,1.31236,1.31271,1148199996.9482422
2012-02-16 23:41:00,1.31271,1.31283,1.3126,1.3126,1252600021.3623047
2012-02-16 23:42:00,1.3126,1.3127,1.31257,1.31263,1071800003.0517578
2012-02-16 23:43:00,1.31262,1.31262,1.31249,1.31259,952500000.0
2012-02-16 23:44:00,1.31261,1.31274,1.31259,1.31262,1094599990.8447266
2012-02-16 23:45:00,1.31261,1.31271,1.3125,1.31271,1376100006.1035156
2012-02-16 23:46:00,1.31271,1.31272,1.31258,1.31265,930800018.3105469
2012-02-16 23:47:00,1.31265,1.31265,1.31256,1.31265,931399993.8964844
2012-02-16 23:48:00,1.31265,1.31277,1.31265,1.3127,806999969.4824219
2012-02-16 23:49:00,1.3127,1.31279,1.3126,1.31273,515999984.74121094
2012-02-16 23:50:00,1.31274,1.31279,1.31265,1.31268,462700004.5776367
2012-02-16 23:51:00,1.31269,1.31275,1.3126,1.3126,939400024.4140625
2012-02-16 23:52:00,1.3126,1.31266,1.31254,1.31266,696200027.4658203
2012-02-16 23:53:00,1.31264,1.31275,1.31264,1.31269,1110000000.0
2012-02-16 23:54:00,1.3127,1.31278,1.3127,1.31274,887799987.7929688
2012-02-16 23:55:00,1.31273,1.31273,1.31241,1.3125,1164800033.569336
2012-02-16 23:56:00,1.31249,1.31259,1.31249,1.31257,666900024.4140625
2012-02-16 23:57:00,1.31257,1.31262,1.31254,1.31262,529599990.84472656
2012-02-16 23:58:00,1.31261,1.31282,1.31261,1.31282,816399993.8964844
2012-02-16 23:59:00,1.31282,1.31283,1.31269,1.31269,986100006.1035156
2012-02-17 00:00:00,1.31269,1.31291,1.31263,1.31291,1193099975.5859375
2012-02-17 00:01:00,1.31296,1.31309,1.31282,1.31297,1598899993.8964844
2012-02-17 00:02:00,1.31297,1.31299,1.3127,1.31296,1245199966.430664
2012-02-17 00:03:00,1.31297,1.31297,1.31289,1.31293,746299972.5341797
2012-02-17 00:04:00,1.31293,1.31295,1.31288,1.31291,931900024.4140625
2012-02-17 00:05:00,1.31294,1.31297,1.31281,1.31281,1391999969.4824219
2012-02-17 00:06:00,1.31279,1.31288,1.31279,1.31279,1248600006.1035156
2012-02-17 00:07:00,1.31279,1.31286,1.31268,1.31275,1311100006.1035156
2012-02-17 00:08:00,1.31276,1.31287,1.31253,1.3126,1935299987.7929688
2012-02-17 00:09:00,1.3126,1.31261,1.31236,1.31236,1033000030.5175781
2012-02-17 00:10:00,1.31234,1.31249,1.31228,1.31236,1510299987.7929688
2012-02-17 00:11:00,1.31236,1.31243,1.31224,1.3123,1421799926.7578125
2012-02-17 00:12:00,1.31226,1.31231,1.3122,1.31222,891699981.6894531
2012-02-17 00:13:00,1.31223,1.3123,1.31222,1.31225,997300033.5693359
2012-02-17 00:14:00,1.31225,1.31232,1.31223,1.31232,612400016.784668
2012-02-17 00:15:00,1.31233,1.31273,1.31232,1.31268,1726199951.171875
2012-02-17 00:16:00,1.31268,1.31269,1.31262,1.31265,1082200012.2070312
2012-02-17 00:17:00,1.31265,1.31267,1.31261,1.31267,429399986.26708984
2012-02-17 00:18:00,1.31265,1.31265,1.31261,1.31262,282500000.0
2012-02-17 00:19:00,1.31261,1.31271,1.3126,1.3127,873700027.4658203
2012-02-17 00:20:00,1.31271,1.31275,1.31268,1.31269,916699981.6894531
2012-02-17 00:21:00,1.31269,1.31269,1.3126,1.31262,810199966.4306641
2012-02-17 00:22:00,1.31262,1.31262,1.31239,1.31242,1271100006.1035156
2012-02-17 00:23:00,1.31242,1.31244,1.31239,1.31242,707099990.8447266
2012-02-17 00:24:00,1.31242,1.31259,1.31242,1.31254,1232200012.2070312
2012-02-17 00:25:00,1.31254,1.31263,1.31242,1.31263,1531900024.4140625
2012-02-17 00:26:00,1.31264,1.31279,1.31264,1.31276,1219499969.4824219
2012-02-17 00:27:00,1.31276,1.31293,1.3127,1.3127,1667200012.2070312
2012-02-17 00:28:00,1.31273,1.31277,1.31266,1.31274,578300018.3105469
2012-02-17 00:29:00,1.31274,1.31274,1.31248,1.31253,1540899963.3789062
2012-02-17 00:30:00,1.31253,1.31277,1.31251,1.31274,1346900024.4140625
2012-02-17 00:31:00,1.31274,1.31277,1.3126,1.31264,1132600021.3623047
2012-02-17 00:32:00,1.31263,1.31291,1.31263,1.31291,1297299957.2753906
2012-02-17 00:33:00,1.3129,1.3129,1.3127,1.31276,1615800018.3105469
2012-02-17 00:34:00,1.31276,1.31291,1.31275,1.31291,1376699981.6894531
2012-02-17 00:35:00,1.31291,1.31301,1.31289,1.313,1344799957.2753906
2012-02-17 00:36:00,1.313,1.31325,1.31298,1.3132,1519400024.4140625
2012-02-17 00:37:00,1.3132,1.31334,1.3132,1.31333,1648999938.9648438
2012-02-17 00:38:00,1.31328,1.31334,1.31321,1.31325,1076999969.4824219
2012-02-17 00:39:00,1.31327,1.31342,1.31327,1.31338,1122300033.569336
2012-02-17 00:40:00,1.31339,1.3136,1.31339,1.31355,986200027.4658203
2012-02-17 00:41:00,1.31355,1.31366,1.31335,1.31351,1476399993.8964844
2012-02-17 00:42:00,1.3135,1.31354,1.31334,1.31336,884199981.6894531
2012-02-17 00:43:00,1.31336,1.31346,1.31333,1.31344,959100036.6210938
2012-02-17 00:44:00,1.31346,1.31351,1.3134,1.31347,966399993.8964844
2012-02-17 00:45:00,1.31346,1.31346,1.31299,1.31299,1400599975.5859375
2012-02-17 00:46:00,1.31297,1.31299,1.31266,1.31267,1222900009.1552734
2012-02-17 00:47:00,1.31268,1.31286,1.31266,1.3128,880699996.9482422
2012-02-17 00:48:00,1.3128,1.31282,1.31273,1.31277,531300010.68115234
2012-02-17 00:49:00,1.31277,1.31286,1.31275,1.31285,762200012.2070312
2012-02-17 00:50:00,1.31285,1.31302,1.31285,1.313,884700012.2070312
2012-02-17 00:51:00,1.31299,1.313,1.31274,1.31274,1043700027.4658203
2012-02-17 00:52:00,1.31274,1.31294,1.31274,1.31282,1224599990.8447266
2012-02-17 00:53:00,1.31282,1.31282,1.31262,1.31269,1086900024.4140625
2012-02-17 00:54:00,1.31269,1.31284,1.31265,1.31265,1432799987.7929688
2012-02-17 00:55:00,1.31266,1.31274,1.31256,1.3127,1877599945.0683594
2012-02-17 00:56:00,1.31269,1.31279,1.31259,1.31279,1182099990.8447266
2012-02-17 00:57:00,1.31279,1.31295,1.31279,1.31293,964700012.2070312
2012-02-17 00:58:00,1.31293,1.31302,1.31286,1.31301,1436999969.4824219
2012-02-17 00:59:00,1.31301,1.31305,1.3128,1.31302,1397700042.7246094
2012-02-17 01:00:00,1.31298,1.31311,1.31286,1.31289,1623600006.1035156
2012-02-17 01:01:00,1.31291,1.31301,1.31274,1.31299,1463999938.9648438
2012-02-17 01:02:00,1.31299,1.3131,1.31284,1.31304,1084499969.4824219
2012-02-17 01:03:00,1.31304,1.31318,1.31304,1.3131,1180899963.3789062
2012-02-17 01:04:00,1.31307,1.31319,1.31294,1.31309,1697500000.0
2012-02-17 01:05:00,1.3131,1.31313,1.31306,1.31306,667399978.6376953
2012-02-17 01:06:00,1.31305,1.31323,1.31298,1.31318,1591999969.4824219
2012-02-17 01:07:00,1.31318,1.31318,1.31283,1.31298,1964700012.2070312
2012-02-17 01:08:00,1.31297,1.31313,1.31285,1.31312,1644799957.2753906
2012-02-17 01:09:00,1.31313,1.31317,1.31295,1.31295,1150299987.7929688
2012-02-17 01:10:00,1.31296,1.31322,1.31287,1.31292,1697799987.7929688
2012-02-17 01:11:00,1.31298,1.31298,1.31259,1.31272,1533600006.1035156
2012-02-17 01:12:00,1.31272,1.3128,1.31263,1.31264,1874600067.1386719
2012-02-17 01:13:00,1.31264,1.31268,1.31231,1.31235,1527899932.8613281
2012-02-17 01:14:00,1.31236,1.31261,1.31236,1.3126,841999969.4824219
2012-02-17 01:15:00,1.3126,1.31268,1.31255,1.31259,1077099990.8447266
2012-02-17 01:16:00,1.31261,1.31279,1.31261,1.31269,1742400054.9316406
2012-02-17 01:17:00,1.31271,1.31284,1.31256,1.31256,1451900024.4140625
2012-02-17 01:18:00,1.31256,1.31276,1.31253,1.31273,1119899978.6376953
2012-02-17 01:19:00,1.31273,1.3129,1.31273,1.3129,1158399963.3789062
2012-02-17 01:20:00,1.3129,1.31301,1.31287,1.31288,925999984.7412109
2012-02-17 01:21:00,1.31288,1.31293,1.31282,1.31284,584000015.2587891
2012-02-17 01:22:00,1.31284,1.31284,1.31261,1.31261,642900009.1552734
2012-02-17 01:23:00,1.31263,1.3128,1.31259,1.31275,1557599945.0683594
2012-02-17 01:24:00,1.31274,1.31307,1.31268,1.31305,1690099945.0683594
2012-02-17 01:25:00,1.31305,1.31318,1.31289,1.31318,2021900024.4140625
2012-02-17 01:26:00,1.31317,1.31331,1.31309,1.31331,1179300003.0517578
2012-02-17 01:27:00,1.31331,1.31385,1.31325,1.31382,2617399902.34375
2012-02-17 01:28:00,1.31384,1.31403,1.31339,1.31339,2608999938.9648438
2012-02-17 01:29:00,1.31339,1.31359,1.31329,1.31359,2240700073.2421875
2012-02-17 01:30:00,1.31359,1.31408,1.31359,1.31384,1980500030.5175781
2012-02-17 01:31:00,1.31386,1.31402,1.31376,1.31388,2338899993.8964844
2012-02-17 01:32:00,1.3139,1.31405,1.31384,1.31384,1253300018.3105469
2012-02-17 01:33:00,1.31384,1.31394,1.31384,1.31388,1322799987.7929688
2012-02-17 01:34:00,1.31388,1.31391,1.31384,1.31386,638899993.8964844
2012-02-17 01:35:00,1.31386,1.31386,1.31367,1.31377,1358099975.5859375
2012-02-17 01:36:00,1.31376,1.31388,1.31374,1.31387,1097900009.1552734
2012-02-17 01:37:00,1.31387,1.31407,1.31387,1.31405,928700027.4658203
2012-02-17 01:38:00,1.31405,1.31405,1.31388,1.31397,1272300033.569336
2012-02-17 01:39:00,1.31398,1.31416,1.31395,1.31405,1435800018.3105469
2012-02-17 01:40:00,1.31406,1.3141,1.31388,1.3141,1235999984.741211
2012-02-17 01:41:00,1.31407,1.3146,1.31405,1.31449,1122200012.2070312
2012-02-17 01:42:00,1.31449,1.31449,1.31418,1.31423,2031000061.0351562
2012-02-17 01:43:00,1.31423,1.31426,1.31423,1.31424,363800010.68115234
2012-02-17 01:44:00,1.31423,1.31423,1.31396,1.31398,1131200027.4658203
2012-02-17 01:45:00,1.31397,1.31402,1.31395,1.314,604599990.8447266
2012-02-17 01:46:00,1.314,1.314,1.31389,1.31391,1080100021.3623047
2012-02-17 01:47:00,1.31391,1.31391,1.31376,1.31379,976800003.0517578
2012-02-17 01:48:00,1.31379,1.31383,1.31371,1.31378,1148799972.5341797
2012-02-17 01:49:00,1.3138,1.31383,1.3137,1.31374,1281799926.7578125
2012-02-17 01:50:00,1.31374,1.31385,1.31374,1.31374,457700004.5776367
2012-02-17 01:51:00,1.31374,1.31377,1.31359,1.31359,775100021.3623047
2012-02-17 01:52:00,1.31359,1.31364,1.31359,1.31363,667799987.7929688
2012-02-17 01:53:00,1.31363,1.31372,1.31345,1.31372,1106900024.4140625
2012-02-17 01:54:00,1.31372,1.31372,1.31348,1.31352,1421900024.4140625
2012-02-17 01:55:00,1.31352,1.31378,1.31352,1.31378,1166699981.6894531
2012-02-17 01:56:00,1.31378,1.31379,1.31363,1.31365,743700027.4658203
2012-02-17 01:57:00,1.31365,1.31379,1.31365,1.31379,1096500015.258789
2012-02-17 01:58:00,1.31377,1.31377,1.31363,1.31365,1303300018.3105469
2012-02-17 01:59:00,1.31365,1.31375,1.31365,1.31375,907500000.0
2012-02-17 02:00:00,1.31374,1.31382,1.31365,1.31374,1053499984.7412109
2012-02-17 02:01:00,1.31375,1.31378,1.31371,1.31373,709499969.4824219
2012-02-17 02:02:00,1.31373,1.31375,1.31366,1.31372,556500015.2587891
2012-02-17 02:03:00,1.31372,1.31381,1.31368,1.31374,837300033.5693359
2012-02-17 02:04:00,1.31374,1.31382,1.31371,1.31381,860999984.7412109
2012-02-17 02:05:00,1.31385,1.31392,1.31378,1.31388,1128799972.5341797
2012-02-17 02:06:00,1.31388,1.31388,1.31366,1.31386,1420800018.3105469
2012-02-17 02:07:00,1.31385,1.31387,1.31373,1.31377,1032799987.7929688
2012-02-17 02:08:00,1.31376,1.31377,1.31368,1.31371,1497400054.9316406
2012-02-17 02:09:00,1.3137,1.3137,1.31356,1.31365,1067600021.3623047
2012-02-17 02:10:00,1.31363,1.31365,1.31357,1.31364,359700012.20703125
2012-02-17 02:11:00,1.31362,1.31365,1.31358,1.31361,743700027.4658203
2012-02-17 02:12:00,1.31361,1.31377,1.3136,1.31365,830199966.4306641
2012-02-17 02:13:00,1.31365,1.3137,1.31365,1.31367,790299987.7929688
2012-02-17 02:14:00,1.31367,1.31367,1.3135,1.31357,704000015.2587891
2012-02-17 02:15:00,1.31356,1.31356,1.31346,1.31348,980100021.3623047
2012-02-17 02:16:00,1.31348,1.31362,1.31348,1.31355,1025299987.7929688
2012-02-17 02:17:00,1.31355,1.31358,1.31352,1.31352,497299995.4223633
2012-02-17 02:18:00,1.31352,1.31353,1.31341,1.31342,780400009.1552734
2012-02-17 02:19:00,1.31341,1.31359,1.31341,1.31351,1580399932.8613281
2012-02-17 02:20:00,1.31351,1.31352,1.31332,1.3134,1108499984.741211
2012-02-17 02:21:00,1.3134,1.31341,1.31333,1.31338,758199996.9482422
2012-02-17 02:22:00,1.31338,1.31338,1.31333,1.31336,437700004.5776367
2012-02-17 02:23:00,1.31334,1.31337,1.31332,1.31334,871699981.6894531
2012-02-17 02:24:00,1.31334,1.31341,1.31324,1.31325,1317799987.7929688
2012-02-17 02:25:00,1.31323,1.31326,1.31308,1.3131,1369100036.6210938
2012-02-17 02:26:00,1.31303,1.31315,1.313,1.31311,941500015.2587891
2012-02-17 02:27:00,1.31311,1.31311,1.3129,1.31299,1267699966.430664
2012-02-17 02:28:00,1.31298,1.31298,1.31291,1.31292,490699996.9482422
2012-02-17 02:29:00,1.31293,1.313,1.31285,1.31296,873700027.4658203
2012-02-17 02:30:00,1.31299,1.31321,1.31295,1.3132,1174800033.569336
2012-02-17 02:31:00,1.3132,1.31322,1.31313,1.31319,657799987.7929688
2012-02-17 02:32:00,1.31319,1.31323,1.31315,1.31315,475200004.5776367
2012-02-17 02:33:00,1.31317,1.31318,1.31316,1.31317,327000007.62939453
2012-02-17 02:34:00,1.31317,1.31317,1.31279,1.31282,1178199996.9482422
2012-02-17 02:35:00,1.31281,1.31286,1.31274,1.31285,1147200012.2070312
2012-02-17 02:36:00,1.31286,1.31299,1.31286,1.31298,676500015.2587891
2012-02-17 02:37:00,1.31298,1.31302,1.31296,1.31301,665699996.9482422
2012-02-17 02:38:00,1.31299,1.31301,1.31295,1.31295,369000015.25878906
2012-02-17 02:39:00,1.31295,1.31305,1.31295,1.31299,1007900009.1552734
2012-02-17 02:40:00,1.31299,1.31308,1.31296,1.313,625499992.3706055
2012-02-17 02:41:00,1.31299,1.31303,1.31297,1.31303,360000000.0
2012-02-17 02:42:00,1.31303,1.31303,1.31297,1.31301,327000007.62939453
2012-02-17 02:43:00,1.31303,1.31307,1.31301,1.31304,877500000.0
2012-02-17 02:44:00,1.31304,1.31311,1.31302,1.31311,1069499969.4824219
2012-02-17 02:45:00,1.31311,1.31321,1.31311,1.31321,1259800033.569336
2012-02-17 02:46:00,1.31322,1.31332,1.31318,1.31322,1567500000.0
2012-02-17 02:47:00,1.31319,1.31332,1.31317,1.31332,1210199966.430664
2012-02-17 02:48:00,1.3133,1.3133,1.31316,1.3132,840000000.0
2012-02-17 02:49:00,1.3132,1.3132,1.31315,1.31316,570400009.1552734
2012-02-17 02:50:00,1.31316,1.31319,1.31314,1.31318,723000030.5175781
2012-02-17 02:51:00,1.31316,1.3132,1.31316,1.3132,361500015.25878906
2012-02-17 02:52:00,1.31321,1.31324,1.3132,1.3132,981800003.0517578
2012-02-17 02:53:00,1.31319,1.31321,1.31314,1.31317,415999984.74121094
2012-02-17 02:54:00,1.31317,1.31319,1.31315,1.31317,308999996.18530273
2012-02-17 02:55:00,1.31317,1.31321,1.31315,1.31319,393400001.5258789
2012-02-17 02:56:00,1.31319,1.3132,1.31315,1.3132,544500007.6293945
2012-02-17 02:57:00,1.31318,1.31331,1.31318,1.31322,1024300003.0517578
2012-02-17 02:58:00,1.31323,1.3133,1.31322,1.31324,535400009.15527344
2012-02-17 02:59:00,1.31325,1.31333,1.31324,1.31326,618800010.6811523
2012-02-17 03:00:00,1.31331,1.31332,1.31312,1.3132,1555599975.5859375
2012-02-17 03:01:00,1.3132,1.31323,1.31318,1.31318,1071800003.0517578
2012-02-17 03:02:00,1.31318,1.31321,1.31317,1.31319,592500000.0
2012-02-17 03:03:00,1.3132,1.31322,1.31316,1.31319,627799987.7929688
2012-02-17 03:04:00,1.3132,1.31321,1.31317,1.31317,316499996.18530273
2012-02-17 03:05:00,1.31318,1.31322,1.31315,1.31317,592500000.0
2012-02-17 03:06:00,1.31315,1.31324,1.31315,1.31319,262500000.0
2012-02-17 03:07:00,1.31317,1.31317,1.31308,1.31316,712399978.6376953
2012-02-17 03:08:00,1.31315,1.3133,1.31315,1.31327,635800018.3105469
2012-02-17 03:09:00,1.31327,1.3133,1.31323,1.31325,648799972.5341797
2012-02-17 03:10:00,1.31325,1.31339,1.31322,1.31332,714800033.5693359
2012-02-17 03:11:00,1.31333,1.31336,1.31324,1.31328,770699996.9482422
2012-02-17 03:12:00,1.31328,1.3133,1.31328,1.31328,449300003.0517578
2012-02-17 03:13:00,1.31328,1.31328,1.31324,1.31326,237800006.86645508
2012-02-17 03:14:00,1.31326,1.31326,1.31316,1.31318,498400001.5258789
2012-02-17 03:15:00,1.31318,1.31318,1.31304,1.31304,681100006.1035156
2012-02-17 03:16:00,1.31304,1.31304,1.31298,1.313,431399993.8964844
2012-02-17 03:17:00,1.31304,1.31322,1.31302,1.31317,568499984.7412109
2012-02-17 03:18:00,1.31317,1.31317,1.31315,1.31315,215400009.15527344
2012-02-17 03:19:00,1.31318,1.31318,1.31307,1.31313,729899978.6376953
2012-02-17 03:20:00,1.31316,1.31316,1.31304,1.31306,713700027.4658203
2012-02-17 03:21:00,1.31311,1.31315,1.31308,1.31315,602000007.6293945
2012-02-17 03:22:00,1.31317,1.3132,1.31303,1.31303,583800010.6811523
2012-02-17 03:23:00,1.31305,1.31315,1.31304,1.31315,1097099990.8447266
2012-02-17 03:24:00,1.31314,1.31315,1.31312,1.31315,125299997.32971191
2012-02-17 03:25:00,1.31315,1.31315,1.31315,1.31315,158999996.18530273
2012-02-17 03:26:00,1.31314,1.31319,1.31313,1.31313,346599998.4741211
2012-02-17 03:27:00,1.31313,1.31313,1.31309,1.31309,197999992.37060547
2012-02-17 03:28:00,1.31309,1.31311,1.31288,1.31296,574900016.784668
2012-02-17 03:29:00,1.31296,1.31301,1.31284,1.31293,912300033.5693359
2012-02-17 03:30:00,1.31294,1.31301,1.31281,1.31285,644000015.2587891
2012-02-17 03:31:00,1.31285,1.31285,1.31275,1.31276,901600036.6210938
2012-02-17 03:32:00,1.31283,1.31283,1.31261,1.31278,1338000030.5175781
2012-02-17 03:33:00,1.3128,1.31282,1.31255,1.31261,1092699966.430664
2012-02-17 03:34:00,1.31261,1.31263,1.31253,1.31255,774300003.0517578
2012-02-17 03:35:00,1.31255,1.3126,1.31254,1.31259,439000015.25878906
2012-02-17 03:36:00,1.3126,1.31276,1.31258,1.31267,1171100006.1035156
2012-02-17 03:37:00,1.31265,1.31271,1.31263,1.31263,741500015.2587891
2012-02-17 03:38:00,1.31261,1.31265,1.31259,1.31265,790999984.7412109
2012-02-17 03:39:00,1.31265,1.31268,1.31262,1.31267,778099975.5859375
2012-02-17 03:40:00,1.31267,1.31271,1.31266,1.31266,254500007.62939453
2012-02-17 03:41:00,1.31268,1.3127,1.31263,1.31267,1043799972.5341797
2012-02-17 03:42:00,1.31266,1.31267,1.31264,1.31265,307099990.84472656
2012-02-17 03:43:00,1.31264,1.31266,1.31262,1.31264,413800010.68115234
2012-02-17 03:44:00,1.31264,1.31267,1.31262,1.31265,691399993.8964844
2012-02-17 03:45:00,1.31265,1.31268,1.31265,1.31266,374900016.78466797
2012-02-17 03:46:00,1.31265,1.31272,1.31265,1.31272,325699996.9482422
2012-02-17 03:47:00,1.31272,1.31273,1.31262,1.31262,644700012.2070312
2012-02-17 03:48:00,1.31265,1.31268,1.31251,1.31251,610099983.215332
2012-02-17 03:49:00,1.31248,1.31255,1.31239,1.31246,1075199966.430664
2012-02-17 03:50:00,1.31244,1.31246,1.31242,1.31242,768000030.5175781
2012-02-17 03:51:00,1.31241,1.31251,1.31239,1.31241,670699996.9482422
2012-02-17 03:52:00,1.31245,1.31252,1.31245,1.3125,660100021.3623047
2012-02-17 03:53:00,1.31251,1.31262,1.31247,1.31258,839100036.6210938
2012-02-17 03:54:00,1.31258,1.31265,1.31256,1.31263,629199981.6894531
2012-02-17 03:55:00,1.31264,1.31272,1.31263,1.31272,609900016.784668
2012-02-17 03:56:00,1.31272,1.31273,1.31268,1.31269,385099983.21533203
2012-02-17 03:57:00,1.3127,1.31275,1.3127,1.31272,282500000.0
2012-02-17 03:58:00,1.31273,1.31281,1.31272,1.31278,1033499984.7412109
2012-02-17 03:59:00,1.31276,1.31303,1.31274,1.31299,914400024.4140625
2012-02-17 04:00:00,1.313,1.313,1.31293,1.31293,662600021.3623047
2012-02-17 04:01:00,1.31293,1.31297,1.31293,1.31294,190400009.15527344
2012-02-17 04:02:00,1.31295,1.31297,1.31295,1.31296,427200012.20703125
2012-02-17 04:03:00,1.31299,1.31312,1.31296,1.31308,1110500030.5175781
2012-02-17 04:04:00,1.31308,1.31312,1.31294,1.31309,1368800048.828125
2012-02-17 04:05:00,1.31309,1.31318,1.31306,1.31315,508600006.1035156
2012-02-17 04:06:00,1.31312,1.31312,1.31307,1.31308,741900024.4140625
2012-02-17 04:07:00,1.31305,1.31334,1.31305,1.31329,1664199981.6894531
2012-02-17 04:08:00,1.31328,1.3133,1.31314,1.31315,1227300033.569336
2012-02-17 04:09:00,1.31314,1.31321,1.31312,1.31319,1096999969.4824219
2012-02-17 04:10:00,1.31317,1.31338,1.31316,1.31325,1028099975.5859375
2012-02-17 04:11:00,1.31323,1.31325,1.31315,1.31324,742799987.7929688
2012-02-17 04:12:00,1.31324,1.31333,1.3132,1.3133,415900001.5258789
2012-02-17 04:13:00,1.3133,1.31331,1.31329,1.31329,251100006.10351562
2012-02-17 04:14:00,1.31329,1.31337,1.31319,1.31333,1327100067.1386719
2012-02-17 04:15:00,1.31333,1.31338,1.31328,1.31329,1063300018.3105469
2012-02-17 04:16:00,1.31332,1.31338,1.31319,1.31319,1206399993.8964844
2012-02-17 04:17:00,1.3132,1.31343,1.31319,1.31335,832399978.6376953
2012-02-17 04:18:00,1.31335,1.31343,1.3133,1.31334,1252200012.2070312
2012-02-17 04:19:00,1.31334,1.31343,1.31334,1.31343,675800018.3105469
2012-02-17 04:20:00,1.31343,1.31346,1.31339,1.31339,535999984.74121094
2012-02-17 04:21:00,1.3134,1.3134,1.31339,1.31339,42600002.28881836
2012-02-17 04:22:00,1.31339,1.31339,1.31337,1.31338,425999984.74121094
2012-02-17 04:23:00,1.31338,1.31338,1.31338,1.31338,297900009.15527344
2012-02-17 04:24:00,1.31338,1.31345,1.31337,1.31337,724100036.6210938
2012-02-17 04:25:00,1.31337,1.31339,1.31315,1.31318,868399963.3789062
2012-02-17 04:26:00,1.31318,1.31328,1.31307,1.31313,1383000030.5175781
2012-02-17 04:27:00,1.31313,1.31315,1.3131,1.31311,735999984.7412109
2012-02-17 04:28:00,1.31312,1.31312,1.31282,1.31282,826900024.4140625
2012-02-17 04:29:00,1.31281,1.31304,1.31281,1.31293,1210899963.3789062
2012-02-17 04:30:00,1.31293,1.31293,1.31274,1.31283,673499984.7412109
2012-02-17 04:31:00,1.31282,1.31295,1.31277,1.31295,674499969.4824219
2012-02-17 04:32:00,1.31294,1.31298,1.3128,1.31294,1110299987.7929688
2012-02-17 04:33:00,1.31298,1.31298,1.31284,1.31284,447999992.37060547
2012-02-17 04:34:00,1.31284,1.31287,1.31284,1.31287,151499996.18530273
2012-02-17 04:35:00,1.31287,1.31287,1.31286,1.31286,179500007.62939453
2012-02-17 04:36:00,1.31285,1.31295,1.31285,1.31293,315900001.5258789
2012-02-17 04:37:00,1.31294,1.31295,1.31274,1.31279,733899993.8964844
2012-02-17 04:38:00,1.31279,1.31284,1.31279,1.31281,253199996.9482422
2012-02-17 04:39:00,1.31281,1.31283,1.31268,1.31276,991500015.2587891
2012-02-17 04:40:00,1.31276,1.31283,1.31276,1.31283,450600013.73291016
2012-02-17 04:41:00,1.31283,1.31283,1.3128,1.3128,180000000.0
2012-02-17 04:42:00,1.3128,1.31283,1.3128,1.31282,307199993.1335449
2012-02-17 04:43:00,1.31282,1.31282,1.31273,1.31273,347599983.21533203
2012-02-17 04:44:00,1.31275,1.31278,1.31275,1.31278,127500000.0
2012-02-17 04:45:00,1.31278,1.31278,1.31273,1.31273,431199989.31884766
2012-02-17 04:46:00,1.31273,1.31278,1.31257,1.31268,1163399963.3789062
2012-02-17 04:47:00,1.31268,1.31282,1.31265,1.31282,337400016.78466797
2012-02-17 04:48:00,1.31284,1.31288,1.31283,1.31288,198799991.60766602
2012-02-17 04:49:00,1.31288,1.313,1.31288,1.313,487500000.0
2012-02-17 04:50:00,1.313,1.313,1.31298,1.31299,202800006.86645508
2012-02-17 04:51:00,1.31299,1.31302,1.31295,1.31297,252299995.42236328
2012-02-17 04:52:00,1.31297,1.31298,1.3129,1.3129,513199996.9482422
2012-02-17 04:53:00,1.3129,1.31301,1.3129,1.31299,518600006.1035156
2012-02-17 04:54:00,1.31295,1.313,1.31293,1.31295,495999984.74121094
2012-02-17 04:55:00,1.31295,1.313,1.31295,1.31297,324799995.4223633
2012-02-17 04:56:00,1.31296,1.31296,1.31289,1.31291,409799995.4223633
2012-02-17 04:57:00,1.3129,1.3129,1.3129,1.3129,122399997.71118164
2012-02-17 04:58:00,1.3129,1.313,1.3129,1.3129,484799995.4223633
2012-02-17 04:59:00,1.3129,1.31294,1.3129,1.31292,218500003.81469727
2012-02-17 05:00:00,1.31292,1.31297,1.31292,1.31296,380400009.15527344
2012-02-17 05:01:00,1.31296,1.31296,1.31289,1.31292,357700004.5776367
2012-02-17 05:02:00,1.31292,1.31296,1.31291,1.31291,454799995.4223633
2012-02-17 05:03:00,1.31291,1.31296,1.31289,1.31291,280799999.23706055
2012-02-17 05:04:00,1.31291,1.31291,1.31287,1.31291,281299991.607666
2012-02-17 05:05:00,1.31292,1.31294,1.31278,1.31279,504799995.4223633
2012-02-17 05:06:00,1.31279,1.31281,1.31279,1.3128,297500000.0
2012-02-17 05:07:00,1.3128,1.31289,1.3128,1.31288,513899993.8964844
2012-02-17 05:08:00,1.31288,1.31288,1.31287,1.31287,467700004.5776367
2012-02-17 05:09:00,1.31287,1.31293,1.31287,1.31289,759700012.2070312
2012-02-17 05:10:00,1.3129,1.31298,1.3129,1.31294,604700012.2070312
2012-02-17 05:11:00,1.31294,1.31294,1.31288,1.31288,354399986.26708984
2012-02-17 05:12:00,1.31288,1.31306,1.31288,1.31306,1294199981.6894531
2012-02-17 05:13:00,1.31309,1.3132,1.31305,1.31316,1317500000.0
2012-02-17 05:14:00,1.31316,1.31322,1.31302,1.31322,988899993.8964844
2012-02-17 05:15:00,1.31322,1.31343,1.31312,1.31331,1860800018.3105469
2012-02-17 05:16:00,1.31331,1.31337,1.31328,1.31328,662799987.7929688
2012-02-17 05:17:00,1.31328,1.31338,1.31328,1.31329,736500015.2587891
2012-02-17 05:18:00,1.31329,1.31333,1.3132,1.3132,1215999984.741211
2012-02-17 05:19:00,1.3132,1.31321,1.3131,1.31311,1181699981.6894531
2012-02-17 05:20:00,1.31311,1.31319,1.31305,1.31307,684499969.4824219
2012-02-17 05:21:00,1.31309,1.31313,1.31306,1.31309,482099990.84472656
2012-02-17 05:22:00,1.31309,1.31326,1.31309,1.31309,556399993.8964844
2012-02-17 05:23:00,1.31309,1.31339,1.31308,1.31339,696600036.6210938
2012-02-17 05:24:00,1.31339,1.31339,1.3132,1.31326,782300033.5693359
2012-02-17 05:25:00,1.31326,1.31328,1.31302,1.31302,612599983.215332
2012-02-17 05:26:00,1.31302,1.31315,1.31302,1.31313,405999984.74121094
2012-02-17 05:27:00,1.31312,1.31314,1.31301,1.31301,580200004.5776367
2012-02-17 05:28:00,1.31301,1.31305,1.31299,1.31301,465299987.79296875
2012-02-17 05:29:00,1.313,1.31311,1.313,1.31311,554500007.6293945
2012-02-17 05:30:00,1.31311,1.31311,1.31301,1.31304,466100006.1035156
2012-02-17 05:31:00,1.31304,1.31312,1.31304,1.31309,566699981.6894531
2012-02-17 05:32:00,1.3131,1.3131,1.31291,1.31291,361100006.1035156
2012-02-17 05:33:00,1.31289,1.31303,1.31287,1.31288,1016299972.5341797
2012-02-17 05:34:00,1.31291,1.31304,1.31289,1.31301,1150000000.0
2012-02-17 05:35:00,1.31301,1.31304,1.313,1.31303,572400016.784668
2012-02-17 05:36:00,1.31301,1.31302,1.31281,1.31293,1371699981.6894531
2012-02-17 05:37:00,1.31293,1.31293,1.31281,1.31286,586100006.1035156
2012-02-17 05:38:00,1.31286,1.31296,1.31282,1.31282,1250000000.0
2012-02-17 05:39:00,1.31282,1.31289,1.31281,1.31288,1035400009.1552734
2012-02-17 05:40:00,1.31288,1.31293,1.31286,1.3129,907600021.3623047
2012-02-17 05:41:00,1.3129,1.31302,1.31288,1.31288,1421999969.4824219
2012-02-17 05:42:00,1.31288,1.31288,1.3127,1.3128,541699981.6894531
2012-02-17 05:43:00,1.31282,1.3129,1.31279,1.31288,468100013.73291016
2012-02-17 05:44:00,1.31287,1.31289,1.31285,1.31287,558800010.6811523
2012-02-17 05:45:00,1.31286,1.31287,1.3127,1.31286,1357599945.0683594
2012-02-17 05:46:00,1.31286,1.31288,1.31279,1.31288,645800018.3105469
2012-02-17 05:47:00,1.31286,1.31286,1.31281,1.31281,593400001.5258789
2012-02-17 05:48:00,1.3128,1.31299,1.3128,1.31288,648300018.3105469
2012-02-17 05:49:00,1.31285,1.31285,1.31265,1.31273,1266299972.5341797
2012-02-17 05:50:00,1.31273,1.31281,1.31268,1.31268,937500000.0
2012-02-17 05:51:00,1.31269,1.31271,1.31263,1.31264,944000015.2587891
2012-02-17 05:52:00,1.31264,1.31269,1.31261,1.31267,514500007.62939453
2012-02-17 05:53:00,1.31267,1.31279,1.31267,1.31279,597599983.215332
2012-02-17 05:54:00,1.31274,1.31284,1.31274,1.3128,461800003.0517578
2012-02-17 05:55:00,1.3128,1.31291,1.31279,1.3129,825400009.1552734
2012-02-17 05:56:00,1.31292,1.31295,1.31291,1.31292,537500000.0
2012-02-17 05:57:00,1.31292,1.31299,1.31291,1.31299,550299987.7929688
2012-02-17 05:58:00,1.31299,1.31322,1.31296,1.3132,1020899963.3789062
2012-02-17 05:59:00,1.3132,1.31341,1.31315,1.31333,1465599975.5859375
2012-02-17 06:00:00,1.31334,1.31338,1.31317,1.31317,1183700027.4658203
2012-02-17 06:01:00,1.31317,1.31329,1.31315,1.31318,1392200012.2070312
2012-02-17 06:02:00,1.31317,1.31323,1.31299,1.31309,1220400009.1552734
2012-02-17 06:03:00,1.31306,1.3131,1.31304,1.3131,651200027.4658203
2012-02-17 06:04:00,1.3131,1.31318,1.31308,1.31311,803399963.3789062
2012-02-17 06:05:00,1.31311,1.31316,1.31304,1.31316,644899978.6376953
2012-02-17 06:06:00,1.31317,1.31322,1.31316,1.3132,850800018.3105469
2012-02-17 06:07:00,1.3132,1.3132,1.31311,1.3132,546399993.8964844
2012-02-17 06:08:00,1.3132,1.3132,1.31312,1.31313,706299972.5341797
2012-02-17 06:09:00,1.31313,1.31317,1.31307,1.3131,532900009.15527344
2012-02-17 06:10:00,1.31308,1.31308,1.31274,1.31282,1318999938.9648438
2012-02-17 06:11:00,1.3128,1.3129,1.31279,1.3129,610600013.7329102
2012-02-17 06:12:00,1.3129,1.31292,1.31282,1.31285,876800003.0517578
2012-02-17 06:13:00,1.31287,1.31291,1.31285,1.31289,615999984.7412109
2012-02-17 06:14:00,1.31289,1.31302,1.31289,1.31294,1182099990.8447266
2012-02-17 06:15:00,1.31295,1.31311,1.31288,1.31289,1449600067.1386719
2012-02-17 06:16:00,1.31287,1.31291,1.31282,1.31286,993399963.3789062
2012-02-17 06:17:00,1.31288,1.31291,1.31274,1.31281,1121999969.4824219
2012-02-17 06:18:00,1.31281,1.31283,1.31255,1.31268,1209400024.4140625
2012-02-17 06:19:00,1.31267,1.31271,1.31239,1.31244,982200012.2070312
2012-02-17 06:20:00,1.31247,1.31247,1.31227,1.31232,1190000000.0
2012-02-17 06:21:00,1.31232,1.31236,1.31213,1.31226,2083699951.171875
2012-02-17 06:22:00,1.31223,1.31241,1.31223,1.31227,1368399963.3789062
2012-02-17 06:23:00,1.31229,1.31236,1.31225,1.31236,714899978.6376953
2012-02-17 06:24:00,1.31236,1.31264,1.31236,1.3126,985500030.5175781
2012-02-17 06:25:00,1.31259,1.31259,1.31228,1.31231,1279700012.2070312
2012-02-17 06:26:00,1.3123,1.31244,1.31229,1.31233,1449799957.2753906
2012-02-17 06:27:00,1.31232,1.31237,1.31227,1.31233,886200027.4658203
2012-02-17 06:28:00,1.31231,1.31239,1.31231,1.31234,527500000.0
2012-02-17 06:29:00,1.31231,1.31235,1.3122,1.31222,550299987.7929688
2012-02-17 06:30:00,1.31222,1.31248,1.31222,1.31238,1507500000.0
2012-02-17 06:31:00,1.31238,1.31248,1.31232,1.31237,859000015.2587891
2012-02-17 06:32:00,1.31237,1.31253,1.31233,1.31253,1158700027.4658203
2012-02-17 06:33:00,1.31252,1.31252,1.3124,1.31242,753300018.3105469
2012-02-17 06:34:00,1.31235,1.31239,1.31227,1.31234,549700012.2070312
2012-02-17 06:35:00,1.31235,1.31239,1.31232,1.31235,437400016.78466797
2012-02-17 06:36:00,1.31234,1.31235,1.31233,1.31233,98599996.56677246
2012-02-17 06:37:00,1.31233,1.31239,1.3123,1.31239,594199981.6894531
2012-02-17 06:38:00,1.31239,1.31239,1.31199,1.31202,926500015.2587891
2012-02-17 06:39:00,1.31202,1.31205,1.3119,1.31193,1533099975.5859375
2012-02-17 06:40:00,1.31195,1.312,1.31161,1.31163,2700899963.3789062
2012-02-17 06:41:00,1.31163,1.31168,1.31149,1.31155,2020399932.8613281
2012-02-17 06:42:00,1.31155,1.3116,1.31151,1.31158,1108600006.1035156
2012-02-17 06:43:00,1.31159,1.31172,1.31156,1.31169,994800033.5693359
2012-02-17 06:44:00,1.31169,1.31171,1.31154,1.31154,1251999969.4824219
2012-02-17 06:45:00,1.31154,1.31183,1.3115,1.3118,1406999969.4824219
2012-02-17 06:46:00,1.31182,1.31186,1.3118,1.31185,817399978.6376953
2012-02-17 06:47:00,1.31185,1.31217,1.31185,1.31214,1885800018.3105469
2012-02-17 06:48:00,1.31217,1.31226,1.31205,1.31221,1352500000.0
2012-02-17 06:49:00,1.31219,1.31224,1.3121,1.31224,1066100006.1035156
2012-02-17 06:50:00,1.31222,1.3123,1.31205,1.31211,1857799987.7929688
2012-02-17 06:51:00,1.31211,1.31217,1.312,1.312,1251999969.4824219
2012-02-17 06:52:00,1.312,1.312,1.31184,1.31189,1042699966.4306641
2012-02-17 06:53:00,1.31189,1.3119,1.3117,1.31172,2218399963.3789062
2012-02-17 06:54:00,1.3117,1.31194,1.3117,1.31189,1202300033.569336
2012-02-17 06:55:00,1.31189,1.31189,1.31177,1.31177,593899993.8964844
2012-02-17 06:56:00,1.31177,1.31188,1.31176,1.31187,826100006.1035156
2012-02-17 06:57:00,1.31187,1.31193,1.31184,1.3119,919199981.6894531
2012-02-17 06:58:00,1.3119,1.31193,1.31163,1.31163,1047399978.6376953
2012-02-17 06:59:00,1.31161,1.31174,1.31158,1.31168,2306300048.828125
2012-02-17 07:00:00,1.31169,1.31207,1.31168,1.31205,1483300018.3105469
2012-02-17 07:01:00,1.31203,1.31206,1.31196,1.31205,1137200012.2070312
2012-02-17 07:02:00,1.31205,1.31206,1.31176,1.31176,1133199996.9482422
2012-02-17 07:03:00,1.31172,1.312,1.3116,1.31198,1343999938.9648438
2012-02-17 07:04:00,1.31199,1.31225,1.31199,1.31225,875999984.7412109
2012-02-17 07:05:00,1.31225,1.31225,1.31213,1.31224,1324400024.4140625
2012-02-17 07:06:00,1.31221,1.31221,1.31203,1.31207,953000030.5175781
2012-02-17 07:07:00,1.31207,1.31223,1.31207,1.31219,924100036.6210938
2012-02-17 07:08:00,1.3122,1.31226,1.31213,1.3122,1180100021.3623047
2012-02-17 07:09:00,1.3122,1.3123,1.31215,1.3123,1085699996.9482422
2012-02-17 07:10:00,1.3123,1.31265,1.31227,1.31261,1738899993.8964844
2012-02-17 07:11:00,1.31263,1.31264,1.31244,1.31255,1880099945.0683594
2012-02-17 07:12:00,1.31258,1.31258,1.31215,1.31222,1367899932.8613281
2012-02-17 07:13:00,1.31223,1.31265,1.31219,1.31265,1327500000.0
2012-02-17 07:14:00,1.31267,1.31275,1.31264,1.31275,1363000030.5175781
2012-02-17 07:15:00,1.31275,1.31313,1.31268,1.31297,2617600097.65625
2012-02-17 07:16:00,1.31296,1.31296,1.31266,1.31281,2093399963.3789062
2012-02-17 07:17:00,1.31278,1.31309,1.31276,1.31282,2062500000.0
2012-02-17 07:18:00,1.31274,1.31284,1.31246,1.31266,1939299926.7578125
2012-02-17 07:19:00,1.31273,1.31303,1.31267,1.31284,1447700042.7246094
2012-02-17 07:20:00,1.31284,1.31326,1.31277,1.31323,1643200073.2421875
2012-02-17 07:21:00,1.31324,1.31358,1.3132,1.31343,2332299957.2753906
2012-02-17 07:22:00,1.31345,1.31396,1.31327,1.31379,2493099975.5859375
2012-02-17 07:23:00,1.31377,1.31405,1.31369,1.31383,1978200073.2421875
2012-02-17 07:24:00,1.31386,1.31392,1.31376,1.31391,2026600036.6210938
2012-02-17 07:25:00,1.31393,1.31398,1.31355,1.31359,1758300018.3105469
2012-02-17 07:26:00,1.31357,1.31438,1.31351,1.31434,2264900054.9316406
2012-02-17 07:27:00,1.31434,1.31434,1.31381,1.31391,2076100006.1035156
2012-02-17 07:28:00,1.3139,1.3139,1.31347,1.31349,1969299926.7578125
2012-02-17 07:29:00,1.31349,1.31356,1.31342,1.31346,1046600036.6210938
2012-02-17 07:30:00,1.31346,1.31371,1.31345,1.31368,1888800048.828125
2012-02-17 07:31:00,1.3137,1.31389,1.31369,1.31378,1461199951.171875
2012-02-17 07:32:00,1.31378,1.31378,1.31362,1.31371,1680800018.3105469
2012-02-17 07:33:00,1.3137,1.31374,1.31367,1.31369,1592899932.8613281
2012-02-17 07:34:00,1.31369,1.31372,1.31364,1.31364,2015500030.5175781
2012-02-17 07:35:00,1.31366,1.31381,1.31364,1.31381,1397299957.2753906
2012-02-17 07:36:00,1.31381,1.31406,1.31374,1.31399,1852700042.7246094
2012-02-17 07:37:00,1.31399,1.31408,1.31396,1.31398,1547400054.9316406
2012-02-17 07:38:00,1.314,1.314,1.3138,1.31384,1677700042.7246094
2012-02-17 07:39:00,1.31382,1.3139,1.3137,1.3138,1291900024.4140625
2012-02-17 07:40:00,1.3138,1.3138,1.31343,1.31361,1926699981.6894531
2012-02-17 07:41:00,1.31361,1.31375,1.31355,1.3136,1801399993.8964844
2012-02-17 07:42:00,1.3136,1.31371,1.3134,1.31353,2115500030.5175781
2012-02-17 07:43:00,1.31354,1.31359,1.31344,1.31354,1264899978.6376953
2012-02-17 07:44:00,1.31352,1.31356,1.31351,1.31354,762799987.7929688
2012-02-17 07:45:00,1.31354,1.31363,1.31354,1.31363,982300033.5693359
2012-02-17 07:46:00,1.3136,1.31371,1.31359,1.31371,874400024.4140625
2012-02-17 07:47:00,1.31371,1.31399,1.31371,1.3139,1478600006.1035156
2012-02-17 07:48:00,1.31387,1.31388,1.31359,1.31388,2056499938.9648438
2012-02-17 07:49:00,1.31386,1.31392,1.31383,1.31383,1514499969.4824219
2012-02-17 07:50:00,1.31382,1.31439,1.31382,1.31433,2134199981.6894531
2012-02-17 07:51:00,1.31433,1.31433,1.31413,1.31428,1877100067.1386719
2012-02-17 07:52:00,1.31428,1.31452,1.31423,1.31442,1765500030.5175781
2012-02-17 07:53:00,1.31442,1.31467,1.31442,1.3145,2741700134.2773438
2012-02-17 07:54:00,1.3145,1.3145,1.31412,1.31412,2070899963.3789062
2012-02-17 07:55:00,1.31411,1.31433,1.31408,1.31431,1248000030.5175781
2012-02-17 07:56:00,1.31431,1.31443,1.31426,1.31427,1596999969.4824219
2012-02-17 07:57:00,1.31427,1.31433,1.31417,1.31424,1604400024.4140625
2012-02-17 07:58:00,1.31422,1.3143,1.31416,1.31427,1557400054.9316406
2012-02-17 07:59:00,1.31425,1.31427,1.31414,1.31419,2221600036.6210938
2012-02-17 08:00:00,1.31421,1.31425,1.31375,1.31379,2440000000.0
2012-02-17 08:01:00,1.31379,1.31381,1.31353,1.31364,2878800048.828125
2012-02-17 08:02:00,1.31364,1.31371,1.31345,1.31345,2112299957.2753906
2012-02-17 08:03:00,1.31346,1.31379,1.31343,1.31376,2080500030.5175781
2012-02-17 08:04:00,1.31376,1.31376,1.31361,1.31368,2095299987.7929688
2012-02-17 08:05:00,1.31368,1.31378,1.31364,1.31368,2103999938.9648438
2012-02-17 08:06:00,1.3137,1.31406,1.3137,1.31404,2074499969.4824219
2012-02-17 08:07:00,1.31403,1.31413,1.31393,1.31413,2592200012.2070312
2012-02-17 08:08:00,1.31414,1.31442,1.31414,1.3142,2679500122.0703125
2012-02-17 08:09:00,1.31421,1.31439,1.31383,1.31385,3289200134.2773438
2012-02-17 08:10:00,1.31385,1.31385,1.31352,1.31364,2139700012.2070312
2012-02-17 08:11:00,1.31366,1.31372,1.3132,1.31372,2388000030.517578
2012-02-17 08:12:00,1.31371,1.31372,1.31346,1.3137,2983200073.2421875
2012-02-17 08:13:00,1.31368,1.31419,1.31368,1.31419,2485500030.517578
2012-02-17 08:14:00,1.31419,1.31426,1.31365,1.31372,2866099853.515625
2012-02-17 08:15:00,1.3137,1.31382,1.31359,1.31362,2173999938.9648438
2012-02-17 08:16:00,1.31362,1.31382,1.31342,1.31362,2938800048.828125
2012-02-17 08:17:00,1.31361,1.31374,1.31341,1.31351,2344700012.2070312
2012-02-17 08:18:00,1.31351,1.31361,1.31335,1.31348,3286199951.171875
2012-02-17 08:19:00,1.31347,1.31349,1.3133,1.31346,2549100036.6210938
2012-02-17 08:20:00,1.31346,1.31357,1.31335,1.31349,2308600006.1035156
2012-02-17 08:21:00,1.31349,1.31349,1.3131,1.31331,2045000000.0
2012-02-17 08:22:00,1.31331,1.31331,1.31275,1.31304,2897300109.8632812
2012-02-17 08:23:00,1.31304,1.3131,1.3126,1.31263,2961199951.171875
2012-02-17 08:24:00,1.31264,1.31278,1.31251,1.31264,3350499877.9296875
2012-02-17 08:25:00,1.31264,1.31274,1.31252,1.31257,3061099853.515625
2012-02-17 08:26:00,1.31257,1.31269,1.31252,1.3126,1990200042.7246094
2012-02-17 08:27:00,1.31259,1.31275,1.31253,1.31263,2343800048.828125
2012-02-17 08:28:00,1.31263,1.31303,1.31263,1.31281,2281699981.689453
2012-02-17 08:29:00,1.31279,1.31285,1.31265,1.31272,2616700134.2773438
2012-02-17 08:30:00,1.31273,1.3129,1.3126,1.31272,2490200042.7246094
2012-02-17 08:31:00,1.31272,1.31277,1.31254,1.31255,2239299926.7578125
2012-02-17 08:32:00,1.31254,1.31256,1.31239,1.3125,2677300109.8632812
2012-02-17 08:33:00,1.31252,1.31261,1.3122,1.31231,2574299926.7578125
2012-02-17 08:34:00,1.31231,1.31232,1.31199,1.31224,2443600006.1035156
2012-02-17 08:35:00,1.31224,1.31236,1.31213,1.31236,2084799957.2753906
2012-02-17 08:36:00,1.31238,1.3124,1.31217,1.31225,2023000030.5175781
2012-02-17 08:37:00,1.31225,1.31254,1.31225,1.31244,2383500061.0351562
2012-02-17 08:38:00,1.31244,1.31254,1.31233,1.31234,2646199951.171875
2012-02-17 08:39:00,1.31238,1.31255,1.31219,1.3125,2678399963.3789062
2012-02-17 08:40:00,1.31248,1.3129,1.31242,1.31279,3043800048.828125
2012-02-17 08:41:00,1.31278,1.3132,1.31278,1.31311,3133699951.171875
2012-02-17 08:42:00,1.31311,1.31324,1.31266,1.31268,3101799926.7578125
2012-02-17 08:43:00,1.31268,1.31288,1.31263,1.31275,2419299926.7578125
2012-02-17 08:44:00,1.31275,1.31281,1.31241,1.31271,2208099975.5859375
2012-02-17 08:45:00,1.31271,1.31271,1.31235,1.31241,2538600006.1035156
2012-02-17 08:46:00,1.31239,1.3124,1.31219,1.31227,2610499877.9296875
2012-02-17 08:47:00,1.31226,1.31252,1.31225,1.31245,2606600036.6210938
2012-02-17 08:48:00,1.31247,1.31253,1.3123,1.31241,2263300018.310547
2012-02-17 08:49:00,1.31241,1.31243,1.31223,1.31232,1930299987.7929688
2012-02-17 08:50:00,1.31235,1.31242,1.31228,1.31232,2306399993.8964844
2012-02-17 08:51:00,1.31233,1.31241,1.31224,1.31241,1975899963.3789062
2012-02-17 08:52:00,1.31241,1.31262,1.31232,1.31257,1916699981.6894531
2012-02-17 08:53:00,1.31257,1.313,1.31257,1.31299,2301900024.4140625
2012-02-17 08:54:00,1.31299,1.313,1.31266,1.3129,2806499938.9648438
2012-02-17 08:55:00,1.31288,1.31297,1.3126,1.31266,1853500061.0351562
2012-02-17 08:56:00,1.31268,1.3128,1.31229,1.31238,2255500030.517578
2012-02-17 08:57:00,1.31241,1.31245,1.31185,1.31234,3795899963.3789062
2012-02-17 08:58:00,1.31233,1.3125,1.3123,1.31249,2630599975.5859375
2012-02-17 08:59:00,1.31249,1.31252,1.3122,1.31222,2669899902.34375
2012-02-17 09:00:00,1.31222,1.31256,1.31215,1.31247,2724100036.6210938
2012-02-17 09:01:00,1.31247,1.31279,1.31244,1.3126,2284799957.2753906
2012-02-17 09:02:00,1.3126,1.31317,1.3126,1.31312,3540299987.7929688
2012-02-17 09:03:00,1.31312,1.31312,1.31281,1.31289,2449700012.2070312
2012-02-17 09:04:00,1.3129,1.31314,1.31288,1.31302,2481300048.828125
2012-02-17 09:05:00,1.31303,1.31346,1.31303,1.31341,2597999877.9296875
2012-02-17 09:06:00,1.31341,1.31365,1.31336,1.31365,2135700073.2421875
2012-02-17 09:07:00,1.31363,1.31377,1.31362,1.31371,2298699951.171875
2012-02-17 09:08:00,1.31371,1.31374,1.3136,1.3137,1708300018.3105469
2012-02-17 09:09:00,1.3137,1.31388,1.31367,1.31374,1868000030.5175781
2012-02-17 09:10:00,1.31372,1.31376,1.3135,1.31364,2204499969.482422
2012-02-17 09:11:00,1.31364,1.31388,1.31358,1.3138,2371100006.1035156
2012-02-17 09:12:00,1.31379,1.31385,1.3137,1.3138,1716900024.4140625
2012-02-17 09:13:00,1.3138,1.31384,1.3134,1.31353,1903899993.8964844
2012-02-17 09:14:00,1.31352,1.31362,1.31343,1.31344,2005000000.0
2012-02-17 09:15:00,1.31344,1.31379,1.31334,1.31356,2074499969.4824219
2012-02-17 09:16:00,1.31356,1.31364,1.31351,1.31352,1826000061.0351562
2012-02-17 09:17:00,1.31353,1.31358,1.31334,1.31348,2331300048.828125
2012-02-17 09:18:00,1.31348,1.31352,1.31326,1.3133,1927899932.8613281
2012-02-17 09:19:00,1.3133,1.31335,1.31328,1.31333,753199996.9482422
2012-02-17 09:20:00,1.31333,1.31342,1.31323,1.31336,1900800018.3105469
2012-02-17 09:21:00,1.31338,1.31393,1.31338,1.31383,2191699981.689453
2012-02-17 09:22:00,1.31383,1.31399,1.31371,1.31392,2541399993.8964844
2012-02-17 09:23:00,1.31393,1.31397,1.31381,1.31383,1352899932.8613281
2012-02-17 09:24:00,1.31381,1.31381,1.3134,1.31346,1981799926.7578125
2012-02-17 09:25:00,1.31348,1.31351,1.31323,1.3133,2541699981.689453
2012-02-17 09:26:00,1.3133,1.31354,1.31326,1.31343,2094600067.1386719
2012-02-17 09:27:00,1.31341,1.31351,1.31334,1.31342,1620599975.5859375
2012-02-17 09:28:00,1.31343,1.31353,1.31338,1.31339,1420500030.5175781
2012-02-17 09:29:00,1.31338,1.31346,1.31327,1.31333,1574400024.4140625
2012-02-17 09:30:00,1.31333,1.3135,1.31322,1.31326,2506300048.828125
2012-02-17 09:31:00,1.31328,1.31341,1.31326,1.31339,1445800018.3105469
2012-02-17 09:32:00,1.31339,1.31339,1.31316,1.31324,2890400085.4492188
2012-02-17 09:33:00,1.31324,1.31329,1.31313,1.31326,2095399932.8613281
2012-02-17 09:34:00,1.31327,1.31456,1.31324,1.31456,3197399902.34375
2012-02-17 09:35:00,1.31463,1.31508,1.31463,1.31483,3251900024.4140625
2012-02-17 09:36:00,1.31483,1.31512,1.31471,1.31512,3001300048.828125
2012-02-17 09:37:00,1.31513,1.31587,1.31513,1.31586,3141900024.4140625
2012-02-17 09:38:00,1.31587,1.31592,1.31558,1.31576,2899500122.0703125
2012-02-17 09:39:00,1.31575,1.31601,1.31546,1.316,2650299987.7929688
2012-02-17 09:40:00,1.31601,1.31681,1.316,1.31666,4310299987.792969
2012-02-17 09:41:00,1.31665,1.31687,1.31661,1.31661,3394200134.2773438
2012-02-17 09:42:00,1.31661,1.3168,1.31631,1.31634,2236999969.482422
2012-02-17 09:43:00,1.31634,1.3164,1.316,1.31601,2249299926.7578125
2012-02-17 09:44:00,1.31601,1.31634,1.31593,1.31597,3052399902.34375
2012-02-17 09:45:00,1.31599,1.31608,1.3158,1.31599,2391100006.1035156
2012-02-17 09:46:00,1.31596,1.31597,1.31565,1.31572,2503200073.2421875
2012-02-17 09:47:00,1.3157,1.31603,1.3157,1.31583,2286600036.6210938
2012-02-17 09:48:00,1.31583,1.31592,1.3158,1.31591,1827599945.0683594
2012-02-17 09:49:00,1.31592,1.31611,1.31592,1.31609,1849199981.6894531
2012-02-17 09:50:00,1.3161,1.31637,1.31605,1.31637,2256000061.0351562
2012-02-17 09:51:00,1.31633,1.31634,1.3162,1.31622,1615800018.3105469
2012-02-17 09:52:00,1.31622,1.31624,1.316,1.31611,2111499938.9648438
2012-02-17 09:53:00,1.31614,1.31614,1.31588,1.31607,1744499969.4824219
2012-02-17 09:54:00,1.31603,1.31603,1.31586,1.31588,1889499969.4824219
2012-02-17 09:55:00,1.31588,1.31602,1.31579,1.31581,1455800018.3105469
2012-02-17 09:56:00,1.31574,1.31602,1.31574,1.31591,1601499938.9648438
2012-02-17 09:57:00,1.31594,1.31615,1.31589,1.31608,2257599945.0683594
2012-02-17 09:58:00,1.31608,1.31627,1.31598,1.31623,1706199951.171875
2012-02-17 09:59:00,1.31623,1.31624,1.3156,1.31563,2151900024.4140625
2012-02-17 10:00:00,1.31565,1.31583,1.31565,1.3157,2189499969.482422
2012-02-17 10:01:00,1.3157,1.3158,1.31565,1.31571,1825099945.0683594
2012-02-17 10:02:00,1.31571,1.31573,1.31558,1.3156,1889600067.1386719
2012-02-17 10:03:00,1.3156,1.31582,1.3156,1.3157,1895599975.5859375
2012-02-17 10:04:00,1.3157,1.31591,1.31564,1.31583,1757200012.2070312
2012-02-17 10:05:00,1.31581,1.31585,1.31557,1.31563,1847799987.7929688
2012-02-17 10:06:00,1.31561,1.31581,1.31559,1.31579,1578699951.171875
2012-02-17 10:07:00,1.31579,1.316,1.31574,1.3158,2535200042.7246094
2012-02-17 10:08:00,1.31581,1.31589,1.31576,1.31585,1741999969.4824219
2012-02-17 10:09:00,1.31587,1.31631,1.31586,1.31619,2252200012.2070312
2012-02-17 10:10:00,1.31619,1.31619,1.31585,1.31591,2102400054.9316406
2012-02-17 10:11:00,1.3159,1.31611,1.3159,1.31611,1473099975.5859375
2012-02-17 10:12:00,1.31611,1.31611,1.31581,1.3159,1990500030.5175781
2012-02-17 10:13:00,1.3159,1.31602,1.31575,1.31575,2201900024.4140625
2012-02-17 10:14:00,1.31574,1.31625,1.31569,1.31612,2968399963.3789062
2012-02-17 10:15:00,1.31615,1.31639,1.31615,1.31632,2177299957.2753906
2012-02-17 10:16:00,1.3163,1.31635,1.31591,1.31596,2288399963.3789062
2012-02-17 10:17:00,1.31594,1.31605,1.3158,1.31602,2714200134.2773438
2012-02-17 10:18:00,1.31602,1.31603,1.31573,1.3158,1791900024.4140625
2012-02-17 10:19:00,1.31576,1.31588,1.31556,1.31562,2707399902.34375
2012-02-17 10:20:00,1.31565,1.3157,1.31517,1.31531,2396499938.9648438
2012-02-17 10:21:00,1.31529,1.31539,1.31514,1.3153,2232700042.7246094
2012-02-17 10:22:00,1.3153,1.31532,1.3152,1.3153,1693099975.5859375
2012-02-17 10:23:00,1.31533,1.31554,1.31532,1.31537,1831300048.828125
2012-02-17 10:24:00,1.31539,1.31539,1.31512,1.3152,2020700073.2421875
2012-02-17 10:25:00,1.31521,1.31523,1.31509,1.31512,1601000061.0351562
2012-02-17 10:26:00,1.31512,1.31518,1.31482,1.31512,2541300048.828125
2012-02-17 10:27:00,1.31509,1.31513,1.31481,1.31498,2030099945.0683594
2012-02-17 10:28:00,1.31498,1.3151,1.3149,1.3151,1979299926.7578125
2012-02-17 10:29:00,1.3151,1.3151,1.3147,1.31478,2121499938.9648438
2012-02-17 10:30:00,1.31478,1.31497,1.31477,1.31486,1957700042.7246094
2012-02-17 10:31:00,1.31485,1.31494,1.31483,1.31493,1711000061.0351562
2012-02-17 10:32:00,1.31494,1.31504,1.31489,1.31503,1575700073.2421875
2012-02-17 10:33:00,1.31503,1.31533,1.31499,1.31524,939499969.4824219
2012-02-17 10:34:00,1.31524,1.31543,1.31522,1.31543,1636600036.6210938
2012-02-17 10:35:00,1.31543,1.31564,1.31535,1.31564,2117599945.0683594
2012-02-17 10:36:00,1.31564,1.31571,1.31542,1.31544,1560399932.8613281
2012-02-17 10:37:00,1.31545,1.31558,1.31541,1.31541,1517899932.8613281
2012-02-17 10:38:00,1.31541,1.3155,1.31516,1.31516,2263000030.517578
2012-02-17 10:39:00,1.31516,1.31529,1.31509,1.31517,1591900024.4140625
2012-02-17 10:40:00,1.31515,1.31527,1.31512,1.31514,1365500030.5175781
2012-02-17 10:41:00,1.31517,1.31522,1.31508,1.31515,2538600006.1035156
2012-02-17 10:42:00,1.31515,1.31521,1.31509,1.31517,1603000030.5175781
2012-02-17 10:43:00,1.31516,1.31527,1.31509,1.31524,1258799972.5341797
2012-02-17 10:44:00,1.31525,1.3153,1.31519,1.31528,2173800048.828125
2012-02-17 10:45:00,1.3153,1.3153,1.31519,1.31523,1873099975.5859375
2012-02-17 10:46:00,1.31523,1.31523,1.31506,1.31513,1730000000.0
2012-02-17 10:47:00,1.31512,1.31529,1.31508,1.31518,1511199951.171875
2012-02-17 10:48:00,1.31517,1.31517,1.31487,1.31491,1716399993.8964844
2012-02-17 10:49:00,1.31491,1.31493,1.31471,1.31482,2493699951.171875
2012-02-17 10:50:00,1.3148,1.31515,1.31479,1.31482,2271199951.171875
2012-02-17 10:51:00,1.31482,1.31512,1.31481,1.315,2524499969.482422
2012-02-17 10:52:00,1.315,1.31525,1.315,1.31519,2156199951.171875
2012-02-17 10:53:00,1.3152,1.31528,1.31512,1.31515,1468899993.8964844
2012-02-17 10:54:00,1.31515,1.31532,1.31515,1.31532,1522899932.8613281
2012-02-17 10:55:00,1.31532,1.31545,1.31532,1.31542,1377100067.1386719
2012-02-17 10:56:00,1.31545,1.31549,1.31521,1.31527,1694600067.1386719
2012-02-17 10:57:00,1.31534,1.31535,1.31489,1.31491,1897400054.9316406
2012-02-17 10:58:00,1.31491,1.31495,1.31435,1.31443,2520200042.7246094
2012-02-17 10:59:00,1.3145,1.31468,1.31441,1.31459,2208600006.1035156
2012-02-17 11:00:00,1.31464,1.31471,1.3144,1.31468,2859899902.34375
2012-02-17 11:01:00,1.31468,1.31478,1.31461,1.31466,2247700042.7246094
2012-02-17 11:02:00,1.31466,1.31472,1.3146,1.31471,2273899993.8964844
2012-02-17 11:03:00,1.31471,1.31479,1.3144,1.31448,2225200042.7246094
2012-02-17 11:04:00,1.31447,1.31452,1.31444,1.31445,1159300003.0517578
2012-02-17 11:05:00,1.31445,1.31451,1.31397,1.31402,2327400054.9316406
2012-02-17 11:06:00,1.31402,1.31406,1.31381,1.31381,2191499938.9648438
2012-02-17 11:07:00,1.3138,1.31385,1.3133,1.31339,2339100036.6210938
2012-02-17 11:08:00,1.31339,1.3136,1.31338,1.31359,1999400024.4140625
2012-02-17 11:09:00,1.31357,1.31358,1.31329,1.31353,1831100006.1035156
2012-02-17 11:10:00,1.31352,1.31356,1.31341,1.31349,1853600006.1035156
2012-02-17 11:11:00,1.31351,1.31357,1.31342,1.31354,1645700073.2421875
2012-02-17 11:12:00,1.31354,1.31354,1.31343,1.31351,1085299987.7929688
2012-02-17 11:13:00,1.31351,1.31352,1.3134,1.31352,1776000061.0351562
2012-02-17 11:14:00,1.31351,1.31371,1.31351,1.31371,1603200073.2421875
2012-02-17 11:15:00,1.31373,1.31383,1.31371,1.31373,2034700012.2070312
2012-02-17 11:16:00,1.31373,1.31378,1.31363,1.31369,1296000061.0351562
2012-02-17 11:17:00,1.31369,1.31393,1.31365,1.3139,1286999969.4824219
2012-02-17 11:18:00,1.31391,1.31394,1.3135,1.31362,1589199981.6894531
2012-02-17 11:19:00,1.31362,1.31366,1.31335,1.31348,1689600067.1386719
2012-02-17 11:20:00,1.31349,1.31356,1.31338,1.31354,1805800018.3105469
2012-02-17 11:21:00,1.31354,1.3137,1.31353,1.31361,1736600036.6210938
2012-02-17 11:22:00,1.31362,1.31381,1.31361,1.31374,1663399963.3789062
2012-02-17 11:23:00,1.31374,1.31386,1.31368,1.31383,1389799957.2753906
2012-02-17 11:24:00,1.31383,1.31413,1.31383,1.31412,2289600067.138672
2012-02-17 11:25:00,1.3141,1.31413,1.31404,1.31406,1187200012.2070312
2012-02-17 11:26:00,1.31407,1.31407,1.31388,1.314,1439799957.2753906
2012-02-17 11:27:00,1.314,1.31412,1.3139,1.31409,1089100036.6210938
2012-02-17 11:28:00,1.31413,1.31414,1.31399,1.31405,1377200012.2070312
2012-02-17 11:29:00,1.31405,1.31435,1.31404,1.31423,1620500030.5175781
2012-02-17 11:30:00,1.31429,1.31429,1.31411,1.31418,1889600067.1386719
2012-02-17 11:31:00,1.31417,1.31425,1.31405,1.31423,1664400024.4140625
2012-02-17 11:32:00,1.31423,1.31429,1.31408,1.31414,1219800033.569336
2012-02-17 11:33:00,1.31416,1.31464,1.31409,1.31461,1843500061.0351562
2012-02-17 11:34:00,1.3146,1.31483,1.31451,1.31483,2156100006.1035156
2012-02-17 11:35:00,1.31481,1.31486,1.31452,1.31485,2317599945.0683594
2012-02-17 11:36:00,1.31485,1.31491,1.31467,1.31488,2036399993.8964844
2012-02-17 11:37:00,1.3149,1.31497,1.31479,1.31479,974400024.4140625
2012-02-17 11:38:00,1.31482,1.31489,1.31455,1.31455,1160199966.430664
2012-02-17 11:39:00,1.31455,1.31462,1.31448,1.31454,1539499969.4824219
2012-02-17 11:40:00,1.31451,1.31451,1.31413,1.31413,2084700012.2070312
2012-02-17 11:41:00,1.31412,1.31413,1.31371,1.31372,2371300048.828125
2012-02-17 11:42:00,1.31372,1.31404,1.31372,1.31385,2163800048.828125
2012-02-17 11:43:00,1.31384,1.31384,1.31333,1.31353,2949899902.34375
2012-02-17 11:44:00,1.31353,1.31364,1.31332,1.3134,2123000030.5175781
2012-02-17 11:45:00,1.31339,1.31343,1.31306,1.31312,1654600067.1386719
2012-02-17 11:46:00,1.31312,1.31317,1.31291,1.31313,2201499938.9648438
2012-02-17 11:47:00,1.31316,1.31325,1.31292,1.31293,2674599914.5507812
2012-02-17 11:48:00,1.31294,1.31334,1.31294,1.3132,2032500000.0
2012-02-17 11:49:00,1.31324,1.31342,1.31322,1.31337,1557899932.8613281
2012-02-17 11:50:00,1.31337,1.31337,1.31319,1.31323,1392100067.1386719
2012-02-17 11:51:00,1.31323,1.31354,1.31323,1.31352,2003800048.828125
2012-02-17 11:52:00,1.31352,1.31396,1.31352,1.31372,2143899993.8964844
2012-02-17 11:53:00,1.31375,1.31375,1.31349,1.31351,1930800018.3105469
2012-02-17 11:54:00,1.3135,1.31368,1.31347,1.31368,1503899993.8964844
2012-02-17 11:55:00,1.31369,1.31381,1.3136,1.31366,1347299957.2753906
2012-02-17 11:56:00,1.31367,1.31386,1.31364,1.31373,1516399993.8964844
2012-02-17 11:57:00,1.31372,1.31379,1.31363,1.31364,1077799987.7929688
2012-02-17 11:58:00,1.31364,1.31374,1.31361,1.31371,1702200012.2070312
2012-02-17 11:59:00,1.31373,1.31394,1.31373,1.31387,2035200042.7246094
2012-02-17 12:00:00,1.31387,1.3139,1.31372,1.31374,1988899993.8964844
2012-02-17 12:01:00,1.31375,1.31382,1.31363,1.31369,2110899963.3789062
2012-02-17 12:02:00,1.31369,1.31369,1.31329,1.31331,2392299957.2753906
2012-02-17 12:03:00,1.31332,1.31344,1.31319,1.31335,2516300048.828125
2012-02-17 12:04:00,1.31333,1.31343,1.31322,1.31335,2870000000.0
2012-02-17 12:05:00,1.31336,1.3134,1.31318,1.31331,1713699951.171875
2012-02-17 12:06:00,1.3133,1.31342,1.31322,1.3133,2148899993.8964844
2012-02-17 12:07:00,1.31329,1.31361,1.31326,1.31361,1643300018.3105469
2012-02-17 12:08:00,1.31362,1.31385,1.31362,1.31374,2032700042.7246094
2012-02-17 12:09:00,1.31374,1.31385,1.31366,1.31383,2259400024.4140625
2012-02-17 12:10:00,1.31382,1.31386,1.31371,1.31379,2172100067.138672
2012-02-17 12:11:00,1.31379,1.31427,1.31367,1.31421,1859900054.9316406
2012-02-17 12:12:00,1.31423,1.31456,1.31422,1.31444,3008500061.0351562
2012-02-17 12:13:00,1.31445,1.31532,1.31426,1.31514,4332600097.65625
2012-02-17 12:14:00,1.31516,1.31585,1.31506,1.3155,3565599975.5859375
2012-02-17 12:15:00,1.3155,1.31576,1.31543,1.31557,2905000000.0
2012-02-17 12:16:00,1.31556,1.31556,1.31529,1.31532,1909299926.7578125
2012-02-17 12:17:00,1.31531,1.31553,1.31531,1.31544,2258699951.171875
2012-02-17 12:18:00,1.31544,1.31603,1.31544,1.31602,1981100006.1035156
2012-02-17 12:19:00,1.31602,1.31627,1.31602,1.31626,2471900024.4140625
2012-02-17 12:20:00,1.31627,1.3163,1.31577,1.3158,2590299987.7929688
2012-02-17 12:21:00,1.31578,1.31585,1.31561,1.31573,1895500030.5175781
2012-02-17 12:22:00,1.31572,1.31598,1.31566,1.31596,2090099945.0683594
2012-02-17 12:23:00,1.31592,1.31631,1.31589,1.31614,1910899963.3789062
2012-02-17 12:24:00,1.31614,1.31661,1.31614,1.31629,2918699951.171875
2012-02-17 12:25:00,1.3163,1.31682,1.3163,1.31642,3046900024.4140625
2012-02-17 12:26:00,1.31641,1.31691,1.31631,1.31691,3321799926.7578125
2012-02-17 12:27:00,1.31692,1.3173,1.31692,1.31717,2954299926.7578125
2012-02-17 12:28:00,1.31717,1.31721,1.31652,1.31673,3005799865.7226562
2012-02-17 12:29:00,1.31673,1.31689,1.31649,1.31664,3346199951.171875
2012-02-17 12:30:00,1.31664,1.31664,1.31627,1.31633,2505200042.7246094
2012-02-17 12:31:00,1.31633,1.31653,1.31607,1.31624,2156999969.482422
2012-02-17 12:32:00,1.31622,1.31648,1.31615,1.3164,2120099945.0683594
2012-02-17 12:33:00,1.31638,1.3164,1.3162,1.31627,2008999938.9648438
2012-02-17 12:34:00,1.31627,1.31627,1.31606,1.31611,2157799987.7929688
2012-02-17 12:35:00,1.31611,1.31641,1.31599,1.31641,2972999877.9296875
2012-02-17 12:36:00,1.31641,1.31647,1.31618,1.31628,3189599914.5507812
2012-02-17 12:37:00,1.31628,1.31641,1.31616,1.31639,1933500061.0351562
2012-02-17 12:38:00,1.31639,1.31641,1.31614,1.31629,1529700012.2070312
2012-02-17 12:39:00,1.31631,1.31631,1.31602,1.31603,1024300003.0517578
2012-02-17 12:40:00,1.31606,1.31621,1.31604,1.31619,2478000030.517578
2012-02-17 12:41:00,1.31619,1.31635,1.31605,1.31606,1886399993.8964844
2012-02-17 12:42:00,1.31608,1.31613,1.31587,1.31587,1651199951.171875
2012-02-17 12:43:00,1.31587,1.31589,1.31567,1.31571,2393000030.517578
2012-02-17 12:44:00,1.31572,1.31583,1.31556,1.31571,2300299987.7929688
2012-02-17 12:45:00,1.31571,1.31591,1.3152,1.31529,3168599853.515625
2012-02-17 12:46:00,1.31529,1.3153,1.31505,1.3151,2775100097.65625
2012-02-17 12:47:00,1.315,1.31536,1.31495,1.31511,2825299987.7929688
2012-02-17 12:48:00,1.31511,1.31557,1.31511,1.31557,2815599975.5859375
2012-02-17 12:49:00,1.31556,1.31603,1.31554,1.316,1921000061.0351562
2012-02-17 12:50:00,1.316,1.31603,1.31583,1.31597,2512700042.7246094
2012-02-17 12:51:00,1.31597,1.31624,1.31584,1.31618,2373999938.9648438
2012-02-17 12:52:00,1.31618,1.31618,1.31594,1.31599,2688399963.3789062
2012-02-17 12:53:00,1.31599,1.31601,1.31588,1.31596,1760299987.7929688
2012-02-17 12:54:00,1.31596,1.31614,1.31592,1.31595,1550899963.3789062
2012-02-17 12:55:00,1.31591,1.31632,1.3159,1.31628,2507799987.7929688
2012-02-17 12:56:00,1.31629,1.31631,1.31591,1.31608,1466100006.1035156
2012-02-17 12:57:00,1.3161,1.31642,1.31603,1.31641,1856799926.7578125
2012-02-17 12:58:00,1.31642,1.31662,1.3164,1.3166,2460899963.3789062
2012-02-17 12:59:00,1.31659,1.31701,1.31659,1.31693,3058800048.828125
2012-02-17 13:00:00,1.31692,1.31693,1.3163,1.31637,2873500061.0351562
2012-02-17 13:01:00,1.31637,1.3164,1.31626,1.31638,2046699981.6894531
2012-02-17 13:02:00,1.31638,1.31641,1.31609,1.31619,1972200012.2070312
2012-02-17 13:03:00,1.31617,1.31619,1.31597,1.31617,2378099975.5859375
2012-02-17 13:04:00,1.31617,1.31645,1.31615,1.31643,1671000061.0351562
2012-02-17 13:05:00,1.31643,1.31662,1.31642,1.31661,1887799987.7929688
2012-02-17 13:06:00,1.31661,1.31661,1.31628,1.31645,2894599914.5507812
2012-02-17 13:07:00,1.31645,1.31649,1.31614,1.31614,2881000061.0351562
2012-02-17 13:08:00,1.31614,1.31633,1.31614,1.31632,2362899932.861328
2012-02-17 13:09:00,1.31629,1.31641,1.31628,1.31629,2008000030.5175781
2012-02-17 13:10:00,1.31627,1.31627,1.31593,1.316,2876000061.0351562
2012-02-17 13:11:00,1.316,1.31605,1.31569,1.31579,2485899963.3789062
2012-02-17 13:12:00,1.31577,1.31579,1.31537,1.3155,2860899963.3789062
2012-02-17 13:13:00,1.3155,1.3157,1.31549,1.31569,2379400024.4140625
2012-02-17 13:14:00,1.31569,1.31611,1.31566,1.31598,2895299987.7929688
2012-02-17 13:15:00,1.31598,1.31613,1.31579,1.31599,3557399902.34375
2012-02-17 13:16:00,1.316,1.31631,1.31598,1.31623,2529299926.7578125
2012-02-17 13:17:00,1.31623,1.31624,1.3159,1.3159,1657200012.2070312
2012-02-17 13:18:00,1.31591,1.31671,1.31591,1.31641,4148699951.171875
2012-02-17 13:19:00,1.31641,1.3165,1.31568,1.31586,3839899902.34375
2012-02-17 13:20:00,1.31586,1.31668,1.31581,1.31668,3501799926.7578125
2012-02-17 13:21:00,1.31668,1.3168,1.3164,1.31651,3413900146.484375
2012-02-17 13:22:00,1.31651,1.31654,1.3162,1.3163,3027699890.1367188
2012-02-17 13:23:00,1.3163,1.31664,1.31625,1.3163,2868800048.828125
2012-02-17 13:24:00,1.3163,1.31652,1.31624,1.31652,2457899932.861328
2012-02-17 13:25:00,1.31655,1.31683,1.31648,1.31669,3299800109.8632812
2012-02-17 13:26:00,1.31672,1.31727,1.3166,1.31727,3445499877.9296875
2012-02-17 13:27:00,1.31728,1.31801,1.31728,1.31772,3637699890.1367188
2012-02-17 13:28:00,1.31772,1.3178,1.31766,1.31774,2948099975.5859375
2012-02-17 13:29:00,1.31772,1.31788,1.31766,1.31772,2175399932.861328
2012-02-17 13:30:00,1.31772,1.31819,1.31764,1.31819,3062900085.4492188
2012-02-17 13:31:00,1.31817,1.31867,1.31779,1.31861,3733800048.828125
2012-02-17 13:32:00,1.31859,1.31884,1.31836,1.31868,4097399902.34375
2012-02-17 13:33:00,1.31868,1.31868,1.31819,1.31837,3530100097.65625
2012-02-17 13:34:00,1.31837,1.31857,1.31809,1.31829,3238399963.3789062
2012-02-17 13:35:00,1.31829,1.31838,1.31779,1.31785,3011499938.9648438
2012-02-17 13:36:00,1.31788,1.31794,1.31771,1.31778,2810799865.7226562
2012-02-17 13:37:00,1.31775,1.31781,1.31755,1.3176,2749299926.7578125
2012-02-17 13:38:00,1.3176,1.31767,1.31721,1.3173,2844700012.2070312
2012-02-17 13:39:00,1.31735,1.31752,1.31721,1.31742,2455500030.517578
2012-02-17 13:40:00,1.31741,1.31797,1.31732,1.31793,2978099975.5859375
2012-02-17 13:41:00,1.31793,1.31795,1.3177,1.3177,2767099914.5507812
2012-02-17 13:42:00,1.3177,1.31782,1.31756,1.31782,2284299926.7578125
2012-02-17 13:43:00,1.31783,1.31843,1.31783,1.31823,3847699890.1367188
2012-02-17 13:44:00,1.31823,1.31842,1.31798,1.31813,3350799865.7226562
2012-02-17 13:45:00,1.31819,1.31842,1.31802,1.31836,2816000061.0351562
2012-02-17 13:46:00,1.31836,1.31852,1.31826,1.3185,2777900085.4492188
2012-02-17 13:47:00,1.3185,1.3185,1.31808,1.31821,2634800109.8632812
2012-02-17 13:48:00,1.31819,1.31819,1.31787,1.31787,2639599914.5507812
2012-02-17 13:49:00,1.31787,1.31787,1.31753,1.31767,2773599853.515625
2012-02-17 13:50:00,1.31767,1.31789,1.31765,1.31768,2279900054.9316406
2012-02-17 13:51:00,1.3177,1.31785,1.3175,1.31781,3022500000.0
2012-02-17 13:52:00,1.31782,1.31784,1.31755,1.3176,2678599853.515625
2012-02-17 13:53:00,1.31761,1.31761,1.31715,1.31726,2377299957.2753906
2012-02-17 13:54:00,1.31724,1.31743,1.31724,1.31731,2934400024.4140625
2012-02-17 13:55:00,1.31731,1.31746,1.31672,1.3168,3397099914.5507812
2012-02-17 13:56:00,1.31677,1.31685,1.3165,1.3167,3440799865.7226562
2012-02-17 13:57:00,1.31672,1.31691,1.31652,1.31688,2481999969.482422
2012-02-17 13:58:00,1.31688,1.31692,1.31681,1.31692,2078800048.828125
2012-02-17 13:59:00,1.31692,1.31728,1.31692,1.31727,1981199951.171875
2012-02-17 14:00:00,1.31726,1.31727,1.317,1.31703,2342700042.7246094
2012-02-17 14:01:00,1.31702,1.3171,1.31702,1.31705,2164700012.2070312
2012-02-17 14:02:00,1.31706,1.31733,1.31696,1.31733,2710100097.65625
2012-02-17 14:03:00,1.31733,1.3177,1.31731,1.31766,2480800018.310547
2012-02-17 14:04:00,1.31765,1.31794,1.31753,1.3179,2761900024.4140625
2012-02-17 14:05:00,1.31788,1.31827,1.31781,1.31803,2617099914.5507812
2012-02-17 14:06:00,1.31805,1.31811,1.31775,1.31781,2034600067.1386719
2012-02-17 14:07:00,1.31781,1.31791,1.31778,1.31791,2462500000.0
2012-02-17 14:08:00,1.31791,1.31823,1.31787,1.31813,2905499877.9296875
2012-02-17 14:09:00,1.31811,1.31832,1.31802,1.31827,2770799865.7226562
2012-02-17 14:10:00,1.31827,1.31863,1.31825,1.31833,2750499877.9296875
2012-02-17 14:11:00,1.31838,1.31838,1.31818,1.31818,1501799926.7578125
2012-02-17 14:12:00,1.31815,1.31824,1.31803,1.31813,2061499938.9648438
2012-02-17 14:13:00,1.31818,1.31871,1.31803,1.3187,3771000061.0351562
2012-02-17 14:14:00,1.3187,1.3187,1.31813,1.31831,3441600036.6210938
2012-02-17 14:15:00,1.31831,1.31837,1.31788,1.31812,2710199890.1367188
2012-02-17 14:16:00,1.31812,1.31839,1.31799,1.31805,3108200073.2421875
2012-02-17 14:17:00,1.31812,1.31833,1.31811,1.31824,2323399963.3789062
2012-02-17 14:18:00,1.31825,1.31841,1.31822,1.31839,2293999938.9648438
2012-02-17 14:19:00,1.31839,1.31852,1.31799,1.31804,3048399963.3789062
2012-02-17 14:20:00,1.31804,1.31811,1.31765,1.31771,2823299865.7226562
2012-02-17 14:21:00,1.31771,1.3179,1.31742,1.31747,2778399963.3789062
2012-02-17 14:22:00,1.31745,1.31768,1.31734,1.31744,2588399963.3789062
2012-02-17 14:23:00,1.31743,1.31795,1.31743,1.31773,2692099914.5507812
2012-02-17 14:24:00,1.31773,1.31776,1.31743,1.31765,2206199951.171875
2012-02-17 14:25:00,1.31764,1.31868,1.31763,1.31868,2919599914.5507812
2012-02-17 14:26:00,1.31873,1.31961,1.31873,1.31961,3601600036.6210938
2012-02-17 14:27:00,1.3196,1.31967,1.31941,1.31947,3967399902.34375
2012-02-17 14:28:00,1.31944,1.31946,1.31903,1.31928,2855499877.9296875
2012-02-17 14:29:00,1.31928,1.31932,1.31909,1.3192,2686700134.2773438
2012-02-17 14:30:00,1.31918,1.3193,1.31876,1.31876,3596900024.4140625
2012-02-17 14:31:00,1.31875,1.31882,1.31854,1.31865,2711199951.171875
2012-02-17 14:32:00,1.31868,1.3189,1.3184,1.31881,3020299987.7929688
2012-02-17 14:33:00,1.31881,1.31902,1.31881,1.319,2770499877.9296875
2012-02-17 14:34:00,1.31897,1.31952,1.31897,1.3195,4106000061.0351562
2012-02-17 14:35:00,1.31949,1.31949,1.31887,1.31887,4005199890.1367188
2012-02-17 14:36:00,1.31887,1.3189,1.31837,1.31837,3503699951.171875
2012-02-17 14:37:00,1.31837,1.31881,1.31816,1.31842,3723399963.3789062
2012-02-17 14:38:00,1.31842,1.31862,1.31808,1.31837,3575400085.4492188
2012-02-17 14:39:00,1.31837,1.31847,1.31819,1.31838,2844500122.0703125
2012-02-17 14:40:00,1.3184,1.3184,1.31799,1.31818,2688399963.3789062
2012-02-17 14:41:00,1.31818,1.31846,1.31799,1.31835,3192500000.0
2012-02-17 14:42:00,1.31838,1.31854,1.31832,1.31839,3021600036.6210938
2012-02-17 14:43:00,1.31839,1.3186,1.3182,1.31827,2677300109.8632812
2012-02-17 14:44:00,1.31832,1.31865,1.31825,1.31855,2824500122.0703125
2012-02-17 14:45:00,1.31855,1.31881,1.31836,1.31838,2616900024.4140625
2012-02-17 14:46:00,1.31837,1.3184,1.3181,1.31818,2327100067.138672
2012-02-17 14:47:00,1.31811,1.31819,1.31773,1.31773,3030000000.0
2012-02-17 14:48:00,1.31771,1.31771,1.31738,1.31749,3486000061.0351562
2012-02-17 14:49:00,1.31742,1.31761,1.31707,1.31713,3135499877.9296875
2012-02-17 14:50:00,1.31713,1.31713,1.31685,1.31702,3037000122.0703125
2012-02-17 14:51:00,1.31702,1.31732,1.31693,1.31703,3639599914.5507812
2012-02-17 14:52:00,1.31703,1.31705,1.31671,1.31688,3781900024.4140625
2012-02-17 14:53:00,1.31692,1.31708,1.31681,1.31688,2959800109.8632812
2012-02-17 14:54:00,1.3169,1.31728,1.31689,1.31724,2366199951.171875
2012-02-17 14:55:00,1.31725,1.3173,1.31681,1.31686,3171900024.4140625
2012-02-17 14:56:00,1.31686,1.31742,1.31686,1.31729,2927200012.2070312
2012-02-17 14:57:00,1.31727,1.31734,1.31722,1.31725,2749299926.7578125
2012-02-17 14:58:00,1.31725,1.31728,1.3171,1.31714,1901999969.4824219
2012-02-17 14:59:00,1.31714,1.31743,1.31711,1.3173,2943200073.2421875
2012-02-17 15:00:00,1.31732,1.31743,1.31708,1.3173,3176300048.828125
2012-02-17 15:01:00,1.31729,1.31729,1.31685,1.31697,3045599975.5859375
2012-02-17 15:02:00,1.31698,1.31702,1.31646,1.31646,4460199890.136719
2012-02-17 15:03:00,1.31645,1.31645,1.31528,1.31545,4161600036.6210938
2012-02-17 15:04:00,1.31547,1.3157,1.3153,1.31559,4145100097.65625
2012-02-17 15:05:00,1.31556,1.31602,1.31553,1.3156,3622200012.2070312
2012-02-17 15:06:00,1.3156,1.31583,1.31552,1.31554,3337799987.7929688
2012-02-17 15:07:00,1.31554,1.31562,1.31504,1.31504,3663599853.515625
2012-02-17 15:08:00,1.31503,1.3152,1.31493,1.31507,4743399963.378906
2012-02-17 15:09:00,1.31507,1.31518,1.31449,1.31469,4368900146.484375
2012-02-17 15:10:00,1.31471,1.3148,1.3143,1.31434,3638500061.0351562
2012-02-17 15:11:00,1.31434,1.31461,1.31429,1.3144,2920499877.9296875
2012-02-17 15:12:00,1.31438,1.31463,1.31417,1.31454,2890400085.4492188
2012-02-17 15:13:00,1.31451,1.31464,1.31408,1.31411,3577799987.7929688
2012-02-17 15:14:00,1.31412,1.31457,1.31412,1.31452,2518399963.3789062
2012-02-17 15:15:00,1.31452,1.3148,1.31435,1.31461,3520499877.9296875
2012-02-17 15:16:00,1.31459,1.31486,1.31454,1.31484,2857099914.5507812
2012-02-17 15:17:00,1.31484,1.31502,1.3148,1.31488,3295799865.7226562
2012-02-17 15:18:00,1.31488,1.31515,1.31485,1.31515,2874599914.5507812
2012-02-17 15:19:00,1.31515,1.31552,1.31514,1.31548,2862399902.34375
2012-02-17 15:20:00,1.31548,1.31557,1.3153,1.31532,2816700134.2773438
2012-02-17 15:21:00,1.31533,1.31574,1.31533,1.31561,3287699890.1367188
2012-02-17 15:22:00,1.3156,1.31582,1.31559,1.31559,3053299865.7226562
2012-02-17 15:23:00,1.31559,1.31584,1.31556,1.31583,2779200134.2773438
2012-02-17 15:24:00,1.31581,1.31581,1.3155,1.31576,3217399902.34375
2012-02-17 15:25:00,1.31575,1.31627,1.31555,1.3162,3042900085.4492188
2012-02-17 15:26:00,1.31621,1.31634,1.31601,1.31608,3157300109.8632812
2012-02-17 15:27:00,1.31608,1.31624,1.31601,1.31604,2088200073.2421875
2012-02-17 15:28:00,1.31604,1.31643,1.31603,1.31621,2838900146.484375
2012-02-17 15:29:00,1.31619,1.31626,1.31589,1.31603,2919899902.34375
2012-02-17 15:30:00,1.31602,1.31626,1.31594,1.31622,2318500061.0351562
2012-02-17 15:31:00,1.31622,1.31655,1.31621,1.31641,3243800048.828125
2012-02-17 15:32:00,1.3164,1.31668,1.31638,1.3164,2754299926.7578125
2012-02-17 15:33:00,1.31638,1.31638,1.31578,1.31582,3994299926.7578125
2012-02-17 15:34:00,1.3158,1.31581,1.3155,1.31571,3152799987.7929688
2012-02-17 15:35:00,1.3157,1.31574,1.31551,1.31565,2578999938.9648438
2012-02-17 15:36:00,1.31564,1.3157,1.31537,1.3155,3011199951.171875
2012-02-17 15:37:00,1.3155,1.31573,1.3155,1.31558,2587699890.1367188
2012-02-17 15:38:00,1.31557,1.31562,1.3155,1.31557,2270099945.0683594
2012-02-17 15:39:00,1.31558,1.31568,1.3155,1.31557,2713800048.828125
2012-02-17 15:40:00,1.31555,1.31559,1.3154,1.31546,2465500030.517578
2012-02-17 15:41:00,1.31554,1.3159,1.31551,1.31579,3074400024.4140625
2012-02-17 15:42:00,1.31579,1.31601,1.31564,1.31565,2776900024.4140625
2012-02-17 15:43:00,1.31566,1.3159,1.31561,1.31589,2254700012.2070312
2012-02-17 15:44:00,1.31587,1.316,1.31581,1.31596,2276300048.828125
2012-02-17 15:45:00,1.31603,1.31659,1.31603,1.31649,2129700012.2070312
2012-02-17 15:46:00,1.31648,1.31656,1.3162,1.31632,3087099914.5507812
2012-02-17 15:47:00,1.31633,1.31649,1.31616,1.31641,2469600067.138672
2012-02-17 15:48:00,1.31642,1.31642,1.31602,1.31608,2354499969.482422
2012-02-17 15:49:00,1.31608,1.31637,1.31597,1.31634,2206499938.9648438
2012-02-17 15:50:00,1.31635,1.31637,1.31606,1.31626,2748900146.484375
2012-02-17 15:51:00,1.31627,1.31632,1.31618,1.31623,1946100006.1035156
2012-02-17 15:52:00,1.31624,1.31638,1.31623,1.31633,2296499938.9648438
2012-02-17 15:53:00,1.31633,1.31641,1.31623,1.3163,1689600067.1386719
2012-02-17 15:54:00,1.31631,1.31641,1.3161,1.3161,2330299987.7929688
2012-02-17 15:55:00,1.3161,1.31619,1.31585,1.31601,3017099914.5507812
2012-02-17 15:56:00,1.31601,1.31616,1.31601,1.31607,2872399902.34375
2012-02-17 15:57:00,1.31608,1.31627,1.31599,1.316,1940500030.5175781
2012-02-17 15:58:00,1.316,1.31612,1.31594,1.31609,2376699981.689453
2012-02-17 15:59:00,1.31609,1.31651,1.31608,1.31644,2690499877.9296875
2012-02-17 16:00:00,1.31647,1.31647,1.31536,1.31536,5263599853.515625
2012-02-17 16:01:00,1.31535,1.31571,1.31535,1.3156,4571600036.621094
2012-02-17 16:02:00,1.3156,1.316,1.31558,1.31592,3308599853.515625
2012-02-17 16:03:00,1.31592,1.31592,1.3154,1.31543,3338500061.0351562
2012-02-17 16:04:00,1.31546,1.3156,1.31515,1.31519,2746000061.0351562
2012-02-17 16:05:00,1.3152,1.31551,1.31506,1.31544,3463699951.171875
2012-02-17 16:06:00,1.31543,1.31553,1.31512,1.31517,2934899902.34375
2012-02-17 16:07:00,1.3152,1.31521,1.31491,1.31513,2591000061.0351562
2012-02-17 16:08:00,1.31513,1.31522,1.31474,1.31482,3179800109.8632812
2012-02-17 16:09:00,1.3148,1.31532,1.31474,1.31522,2800100097.65625
2012-02-17 16:10:00,1.31522,1.31546,1.31516,1.31524,2431699981.689453
2012-02-17 16:11:00,1.31524,1.31547,1.31506,1.31542,3110100097.65625
2012-02-17 16:12:00,1.31542,1.31553,1.31532,1.31547,2637799987.7929688
2012-02-17 16:13:00,1.31547,1.31548,1.31516,1.31543,3081900024.4140625
2012-02-17 16:14:00,1.31541,1.31543,1.31526,1.3154,2680499877.9296875
2012-02-17 16:15:00,1.31537,1.31549,1.31519,1.31526,2718099975.5859375
2012-02-17 16:16:00,1.3152,1.3154,1.31507,1.31528,2798500061.0351562
2012-02-17 16:17:00,1.31532,1.31583,1.3153,1.31565,2613099975.5859375
2012-02-17 16:18:00,1.31567,1.3157,1.31543,1.31555,2143999938.9648438
2012-02-17 16:19:00,1.31559,1.31559,1.31516,1.31529,2732999877.9296875
2012-02-17 16:20:00,1.31529,1.3153,1.31505,1.31516,2511199951.171875
2012-02-17 16:21:00,1.31516,1.31531,1.31497,1.31497,1996300048.828125
2012-02-17 16:22:00,1.31497,1.31528,1.31497,1.31515,1802200012.2070312
2012-02-17 16:23:00,1.31516,1.31519,1.31502,1.31502,2250599975.5859375
2012-02-17 16:24:00,1.31502,1.31505,1.31465,1.3147,2219600067.138672
2012-02-17 16:25:00,1.3147,1.31495,1.3145,1.31462,2686400146.484375
2012-02-17 16:26:00,1.31464,1.31464,1.31385,1.3141,3138099975.5859375
2012-02-17 16:27:00,1.31411,1.3142,1.31397,1.31418,1959900054.9316406
2012-02-17 16:28:00,1.31419,1.31431,1.31402,1.31424,2808399963.3789062
2012-02-17 16:29:00,1.31423,1.31472,1.31421,1.3147,2313899993.8964844
2012-02-17 16:30:00,1.31472,1.31472,1.3141,1.31431,2721300048.828125
2012-02-17 16:31:00,1.31431,1.31452,1.3142,1.31443,2540200042.7246094
2012-02-17 16:32:00,1.31443,1.31481,1.31443,1.31481,2187100067.138672
2012-02-17 16:33:00,1.31481,1.31525,1.31481,1.31525,2305099945.0683594
2012-02-17 16:34:00,1.31524,1.31525,1.31489,1.3149,2118300018.3105469
2012-02-17 16:35:00,1.31484,1.31488,1.31468,1.31476,2150599975.5859375
2012-02-17 16:36:00,1.31476,1.3148,1.3145,1.31474,1495000000.0
2012-02-17 16:37:00,1.31479,1.3148,1.3142,1.31421,3976099853.515625
2012-02-17 16:38:00,1.31426,1.31467,1.31412,1.31467,3474200134.2773438
2012-02-17 16:39:00,1.31467,1.31502,1.31459,1.31502,2408999938.9648438
2012-02-17 16:40:00,1.31501,1.31513,1.31494,1.3151,2835400085.4492188
2012-02-17 16:41:00,1.3151,1.3153,1.31504,1.31519,2014600067.1386719
2012-02-17 16:42:00,1.31519,1.31543,1.31497,1.3152,2696199951.171875
2012-02-17 16:43:00,1.3152,1.31543,1.31518,1.31524,2280500030.517578
2012-02-17 16:44:00,1.31524,1.31533,1.31514,1.31514,1381900024.4140625
2012-02-17 16:45:00,1.31512,1.31516,1.31492,1.31503,2844100036.6210938
2012-02-17 16:46:00,1.31502,1.31571,1.31502,1.3157,2494100036.6210938
2012-02-17 16:47:00,1.3157,1.31581,1.31529,1.31535,2089900054.9316406
2012-02-17 16:48:00,1.31535,1.31548,1.31529,1.31529,2343899993.8964844
2012-02-17 16:49:00,1.31529,1.31529,1.3148,1.31497,1795399932.8613281
2012-02-17 16:50:00,1.31498,1.3151,1.31491,1.31508,1125000000.0
2012-02-17 16:51:00,1.31506,1.31515,1.31496,1.315,1863699951.171875
2012-02-17 16:52:00,1.31499,1.31518,1.31498,1.31518,1334700012.2070312
2012-02-17 16:53:00,1.31515,1.31521,1.31498,1.31521,1943800048.828125
2012-02-17 16:54:00,1.31521,1.31534,1.31513,1.31523,1960299987.7929688
2012-02-17 16:55:00,1.31523,1.31532,1.31502,1.31525,1468800048.828125
2012-02-17 16:56:00,1.31525,1.31527,1.31502,1.31513,1566199951.171875
2012-02-17 16:57:00,1.31513,1.31526,1.31511,1.31523,1177900009.1552734
2012-02-17 16:58:00,1.31523,1.31524,1.31483,1.31483,1729900054.9316406
2012-02-17 16:59:00,1.31483,1.3151,1.31473,1.31504,2003200073.2421875
2012-02-17 17:00:00,1.315,1.31508,1.3149,1.31494,2089799957.2753906
2012-02-17 17:01:00,1.31494,1.31497,1.3148,1.31493,1726900024.4140625
2012-02-17 17:02:00,1.31492,1.31493,1.31481,1.31485,1312500000.0
2012-02-17 17:03:00,1.31484,1.31493,1.31484,1.31491,1463699951.171875
2012-02-17 17:04:00,1.31491,1.31491,1.31482,1.31482,1360299987.7929688
2012-02-17 17:05:00,1.3148,1.31495,1.3148,1.31492,1212699966.430664
2012-02-17 17:06:00,1.31492,1.3152,1.31491,1.31514,3112300109.8632812
2012-02-17 17:07:00,1.31515,1.31534,1.31515,1.31532,1289600067.1386719
2012-02-17 17:08:00,1.31533,1.31566,1.31533,1.31563,1718099975.5859375
2012-02-17 17:09:00,1.31561,1.31574,1.31552,1.31564,1737299957.2753906
2012-02-17 17:10:00,1.3157,1.31572,1.31544,1.31572,2247299957.2753906
2012-02-17 17:11:00,1.31572,1.31593,1.31566,1.31582,2340399932.861328
2012-02-17 17:12:00,1.31582,1.3159,1.31582,1.31584,1176900024.4140625
2012-02-17 17:13:00,1.31583,1.31583,1.31551,1.31562,1775599975.5859375
2012-02-17 17:14:00,1.31563,1.31563,1.31543,1.31551,1568500061.0351562
2012-02-17 17:15:00,1.31553,1.31574,1.31552,1.31562,1184499969.4824219
2012-02-17 17:16:00,1.31562,1.31562,1.31536,1.31548,1340399932.8613281
2012-02-17 17:17:00,1.31548,1.31559,1.31542,1.31559,1212300033.569336
2012-02-17 17:18:00,1.31554,1.31565,1.31552,1.31552,1399199981.6894531
2012-02-17 17:19:00,1.31552,1.31568,1.3155,1.31568,1077600021.3623047
2012-02-17 17:20:00,1.31567,1.31567,1.31556,1.31557,1098300018.3105469
2012-02-17 17:21:00,1.31558,1.31561,1.31552,1.31554,1023399963.3789062
2012-02-17 17:22:00,1.31553,1.3156,1.31543,1.31545,1312799987.7929688
2012-02-17 17:23:00,1.31542,1.31553,1.31542,1.31548,1233000030.5175781
2012-02-17 17:24:00,1.31549,1.31549,1.31522,1.31522,1707100067.1386719
2012-02-17 17:25:00,1.31522,1.31538,1.3152,1.31521,1963800048.828125
2012-02-17 17:26:00,1.31521,1.31526,1.3151,1.31519,1805700073.2421875
2012-02-17 17:27:00,1.31519,1.31524,1.31507,1.31507,1580500030.5175781
2012-02-17 17:28:00,1.31511,1.31526,1.31491,1.31491,1373600006.1035156
2012-02-17 17:29:00,1.31491,1.3152,1.31479,1.31513,1736999969.4824219
2012-02-17 17:30:00,1.31518,1.31519,1.31504,1.31513,1392500000.0
2012-02-17 17:31:00,1.31514,1.31522,1.31504,1.31506,1333999938.9648438
2012-02-17 17:32:00,1.31505,1.31511,1.3148,1.3148,1080599975.5859375
2012-02-17 17:33:00,1.31479,1.31498,1.3147,1.31481,2301399993.8964844
2012-02-17 17:34:00,1.31481,1.31495,1.31465,1.31471,1577700042.7246094
2012-02-17 17:35:00,1.31471,1.31472,1.31459,1.31464,1653999938.9648438
2012-02-17 17:36:00,1.31466,1.31469,1.31453,1.31461,2244600067.138672
2012-02-17 17:37:00,1.31459,1.31484,1.31459,1.31475,1891399993.8964844
2012-02-17 17:38:00,1.31475,1.3148,1.31452,1.3146,1459799957.2753906
2012-02-17 17:39:00,1.31464,1.31486,1.31464,1.31481,1629199981.6894531
2012-02-17 17:40:00,1.31481,1.31489,1.31472,1.31473,1201800003.0517578
2012-02-17 17:41:00,1.31473,1.31474,1.31453,1.31461,1440500030.5175781
2012-02-17 17:42:00,1.31462,1.31463,1.3146,1.31463,630400009.1552734
2012-02-17 17:43:00,1.31463,1.31474,1.31461,1.31465,1478500061.0351562
2012-02-17 17:44:00,1.31465,1.31484,1.31464,1.3148,921999969.4824219
2012-02-17 17:45:00,1.31479,1.31486,1.31475,1.31481,1611999969.4824219
2012-02-17 17:46:00,1.31481,1.3149,1.3148,1.31483,1778399963.3789062
2012-02-17 17:47:00,1.31483,1.31518,1.31483,1.31518,1636199951.171875
2012-02-17 17:48:00,1.31521,1.31535,1.31521,1.31524,1916100006.1035156
2012-02-17 17:49:00,1.31526,1.3153,1.31523,1.31523,2079600067.1386719
2012-02-17 17:50:00,1.31523,1.31526,1.31508,1.31512,2013699951.171875
2012-02-17 17:51:00,1.31512,1.31524,1.3151,1.31524,1120299987.7929688
2012-02-17 17:52:00,1.31522,1.31534,1.31514,1.31519,1336499938.9648438
2012-02-17 17:53:00,1.31518,1.31527,1.31514,1.31526,1053399963.3789062
2012-02-17 17:54:00,1.31527,1.31529,1.31512,1.31516,1639900054.9316406
2012-02-17 17:55:00,1.31516,1.31523,1.31514,1.31514,767799987.7929688
2012-02-17 17:56:00,1.31513,1.31516,1.31509,1.31514,615900001.5258789
2012-02-17 17:57:00,1.31514,1.31527,1.315,1.31504,1329700012.2070312
2012-02-17 17:58:00,1.31503,1.31508,1.31489,1.31503,2246799926.7578125
2012-02-17 17:59:00,1.31506,1.31523,1.31506,1.31521,1610899963.3789062
2012-02-17 18:00:00,1.31524,1.31534,1.31521,1.31525,2108600006.1035156
2012-02-17 18:01:00,1.31525,1.31532,1.31519,1.31524,1033000030.5175781
2012-02-17 18:02:00,1.31524,1.31526,1.315,1.31502,864400024.4140625
2012-02-17 18:03:00,1.31499,1.31511,1.31499,1.31509,1463899993.8964844
2012-02-17 18:04:00,1.31509,1.31519,1.31507,1.31509,1103899993.8964844
2012-02-17 18:05:00,1.31511,1.31512,1.31504,1.3151,1294600067.1386719
2012-02-17 18:06:00,1.3151,1.31521,1.31507,1.3152,1342100067.1386719
2012-02-17 18:07:00,1.3152,1.31526,1.31511,1.31521,1692500000.0
2012-02-17 18:08:00,1.3152,1.31524,1.31511,1.31511,1430500030.5175781
2012-02-17 18:09:00,1.31513,1.31526,1.3151,1.31523,1287799987.7929688
2012-02-17 18:10:00,1.31523,1.31532,1.31515,1.31522,1426399993.8964844
2012-02-17 18:11:00,1.31522,1.3153,1.31513,1.31513,1819100036.6210938
2012-02-17 18:12:00,1.31513,1.31525,1.31509,1.31523,1666000061.0351562
2012-02-17 18:13:00,1.31522,1.3153,1.3152,1.31528,1241900024.4140625
2012-02-17 18:14:00,1.31528,1.3156,1.31528,1.31559,2172299957.2753906
2012-02-17 18:15:00,1.31559,1.31564,1.31552,1.3156,1211800003.0517578
2012-02-17 18:16:00,1.31559,1.31571,1.31559,1.3157,1726799926.7578125
2012-02-17 18:17:00,1.3157,1.31581,1.3157,1.31575,1470000000.0
2012-02-17 18:18:00,1.31575,1.31579,1.3157,1.31571,2445099945.0683594
2012-02-17 18:19:00,1.31571,1.31577,1.31562,1.31567,1720299987.7929688
2012-02-17 18:20:00,1.3157,1.31586,1.31569,1.3158,2371199951.171875
2012-02-17 18:21:00,1.3158,1.31585,1.31573,1.31578,1509700012.2070312
2012-02-17 18:22:00,1.31576,1.3158,1.31559,1.31564,1324400024.4140625
2012-02-17 18:23:00,1.31563,1.31563,1.3154,1.31551,2055500030.5175781
2012-02-17 18:24:00,1.31546,1.31557,1.31541,1.31554,1316600036.6210938
2012-02-17 18:25:00,1.31554,1.31556,1.3155,1.31553,1069100036.6210938
2012-02-17 18:26:00,1.31552,1.31558,1.31539,1.3154,1761199951.171875
2012-02-17 18:27:00,1.31542,1.31562,1.31542,1.31556,1774499969.4824219
2012-02-17 18:28:00,1.31556,1.31556,1.31541,1.31544,1342899932.8613281
2012-02-17 18:29:00,1.31542,1.31543,1.31503,1.31506,2861000061.0351562
2012-02-17 18:30:00,1.31506,1.31519,1.31501,1.31516,1575399932.8613281
2012-02-17 18:31:00,1.31515,1.3152,1.315,1.31505,987200012.2070312
2012-02-17 18:32:00,1.31505,1.3153,1.31504,1.3153,1987700042.7246094
2012-02-17 18:33:00,1.3153,1.31538,1.31526,1.31538,1575200042.7246094
2012-02-17 18:34:00,1.31538,1.3155,1.31532,1.31544,951699981.6894531
2012-02-17 18:35:00,1.31544,1.31546,1.31528,1.31542,974700012.2070312
2012-02-17 18:36:00,1.31543,1.31554,1.31542,1.31542,1580000000.0
2012-02-17 18:37:00,1.31542,1.3155,1.31531,1.31543,2430599975.5859375
2012-02-17 18:38:00,1.31544,1.31545,1.31542,1.31545,458100013.73291016
2012-02-17 18:39:00,1.31545,1.3155,1.31537,1.31543,1122699966.430664
2012-02-17 18:40:00,1.31544,1.31549,1.31531,1.31533,1833999938.9648438
2012-02-17 18:41:00,1.31533,1.31543,1.31515,1.31521,2149499969.482422
2012-02-17 18:42:00,1.31521,1.31522,1.31501,1.3151,1387500000.0
2012-02-17 18:43:00,1.31511,1.31528,1.31505,1.31511,1388500061.0351562
2012-02-17 18:44:00,1.31511,1.31536,1.31511,1.31536,1285000000.0
2012-02-17 18:45:00,1.31537,1.31539,1.31532,1.31532,1169100036.6210938
2012-02-17 18:46:00,1.31532,1.31532,1.31516,1.3152,1208899993.8964844
2012-02-17 18:47:00,1.31521,1.31527,1.31518,1.31524,1700000000.0
2012-02-17 18:48:00,1.31531,1.31531,1.31518,1.31528,1964600067.1386719
2012-02-17 18:49:00,1.31528,1.31535,1.31528,1.31533,1045800018.3105469
2012-02-17 18:50:00,1.31533,1.31533,1.31528,1.3153,1069400024.4140625
2012-02-17 18:51:00,1.3153,1.3153,1.31511,1.31515,1313600006.1035156
2012-02-17 18:52:00,1.31515,1.31515,1.3151,1.31513,994800033.5693359
2012-02-17 18:53:00,1.31513,1.31513,1.31503,1.31503,622000007.6293945
2012-02-17 18:54:00,1.31503,1.31503,1.3149,1.31493,1670800018.3105469
2012-02-17 18:55:00,1.31493,1.31497,1.31453,1.31458,1893800048.828125
2012-02-17 18:56:00,1.31463,1.31488,1.31458,1.31485,1275899963.3789062
2012-02-17 18:57:00,1.31485,1.31485,1.31467,1.31467,1350000000.0
2012-02-17 18:58:00,1.31468,1.31477,1.31463,1.31473,1104400024.4140625
2012-02-17 18:59:00,1.31473,1.31485,1.3147,1.31474,1179100036.6210938
2012-02-17 19:00:00,1.31474,1.31474,1.31454,1.31469,1437700042.7246094
2012-02-17 19:01:00,1.31468,1.31474,1.31464,1.31473,998499984.7412109
2012-02-17 19:02:00,1.31473,1.31474,1.31468,1.31473,826900024.4140625
2012-02-17 19:03:00,1.31471,1.31471,1.31464,1.31469,1357500000.0
2012-02-17 19:04:00,1.31468,1.3148,1.31466,1.31479,964700012.2070312
2012-02-17 19:05:00,1.31479,1.31482,1.31475,1.31481,1292899932.8613281
2012-02-17 19:06:00,1.31481,1.31485,1.31479,1.31484,738799972.5341797
2012-02-17 19:07:00,1.31484,1.31491,1.31472,1.31474,958499984.7412109
2012-02-17 19:08:00,1.31472,1.31509,1.31472,1.31509,1035599975.5859375
2012-02-17 19:09:00,1.31506,1.31511,1.31504,1.31504,1053300018.3105469
2012-02-17 19:10:00,1.31504,1.31504,1.31488,1.31488,923399963.3789062
2012-02-17 19:11:00,1.31489,1.31494,1.31484,1.31494,1054800033.5693359
2012-02-17 19:12:00,1.31494,1.3151,1.31494,1.31498,1518000030.5175781
2012-02-17 19:13:00,1.31499,1.31499,1.31484,1.31488,932200012.2070312
2012-02-17 19:14:00,1.31488,1.31494,1.31487,1.31494,945299987.7929688
2012-02-17 19:15:00,1.31492,1.31497,1.31491,1.31496,682500000.0
2012-02-17 19:16:00,1.31491,1.31515,1.31488,1.31507,952500000.0
2012-02-17 19:17:00,1.31507,1.31541,1.31501,1.31527,1427799987.7929688
2012-02-17 19:18:00,1.31526,1.3153,1.31519,1.31519,733799972.5341797
2012-02-17 19:19:00,1.3152,1.31527,1.31519,1.31524,830699996.9482422
2012-02-17 19:20:00,1.31524,1.31526,1.31522,1.31523,398100013.73291016
2012-02-17 19:21:00,1.31523,1.31542,1.31523,1.31533,754199981.6894531
2012-02-17 19:22:00,1.31536,1.31541,1.31506,1.31506,1066200027.4658203
2012-02-17 19:23:00,1.31505,1.31522,1.31501,1.31513,1735700073.2421875
2012-02-17 19:24:00,1.31513,1.31532,1.31508,1.31523,1872700042.7246094
2012-02-17 19:25:00,1.31525,1.31527,1.31522,1.31524,405299987.79296875
2012-02-17 19:26:00,1.31526,1.3153,1.31518,1.31525,775100021.3623047
2012-02-17 19:27:00,1.31525,1.31531,1.31521,1.31522,637500000.0
2012-02-17 19:28:00,1.31522,1.31523,1.31518,1.31521,953600006.1035156
2012-02-17 19:29:00,1.31519,1.3153,1.31511,1.31523,1299700012.2070312
2012-02-17 19:30:00,1.31523,1.31523,1.31515,1.31517,949100036.6210938
2012-02-17 19:31:00,1.31517,1.31521,1.31514,1.31518,751299972.5341797
2012-02-17 19:32:00,1.31518,1.31522,1.31517,1.31518,612500000.0
2012-02-17 19:33:00,1.31518,1.3152,1.31506,1.31508,1128099975.5859375
2012-02-17 19:34:00,1.31507,1.3151,1.31503,1.3151,1068000030.5175781
2012-02-17 19:35:00,1.31508,1.31513,1.31507,1.31511,1089800033.569336
2012-02-17 19:36:00,1.31511,1.31513,1.31509,1.31512,828099975.5859375
2012-02-17 19:37:00,1.31509,1.31519,1.31509,1.31516,1191800003.0517578
2012-02-17 19:38:00,1.31516,1.31519,1.31514,1.31516,741999969.4824219
2012-02-17 19:39:00,1.31515,1.31518,1.31512,1.31518,963899993.8964844
2012-02-17 19:40:00,1.31519,1.31521,1.31518,1.31521,420200004.5776367
2012-02-17 19:41:00,1.31521,1.31526,1.3152,1.31521,1107099990.8447266
2012-02-17 19:42:00,1.31523,1.31524,1.31517,1.3152,898499984.7412109
2012-02-17 19:43:00,1.31522,1.31522,1.31514,1.31516,1165100021.3623047
2012-02-17 19:44:00,1.31516,1.31519,1.3151,1.31513,801999969.4824219
2012-02-17 19:45:00,1.31513,1.31525,1.31513,1.31524,744199981.6894531
2012-02-17 19:46:00,1.31524,1.31536,1.31523,1.31532,577700004.5776367
2012-02-17 19:47:00,1.31532,1.31539,1.31528,1.31536,1150800018.3105469
2012-02-17 19:48:00,1.31534,1.31554,1.31524,1.31552,1737599945.0683594
2012-02-17 19:49:00,1.31551,1.31552,1.31542,1.31548,1228199996.9482422
2012-02-17 19:50:00,1.31548,1.31552,1.31543,1.31543,578100013.7329102
2012-02-17 19:51:00,1.31543,1.31559,1.31541,1.31559,557099990.8447266
2012-02-17 19:52:00,1.3156,1.31564,1.31554,1.31554,1467700042.7246094
2012-02-17 19:53:00,1.31554,1.31557,1.31546,1.31554,880100021.3623047
2012-02-17 19:54:00,1.31553,1.31566,1.31552,1.31566,1050199966.4306641
2012-02-17 19:55:00,1.31568,1.31575,1.31564,1.31574,1405200042.7246094
2012-02-17 19:56:00,1.31574,1.31596,1.31569,1.31593,2082700042.7246094
2012-02-17 19:57:00,1.31591,1.31594,1.31576,1.31583,2238099975.5859375
2012-02-17 19:58:00,1.31583,1.31583,1.31573,1.31573,1962400054.9316406
2012-02-17 19:59:00,1.31575,1.31586,1.31572,1.31584,2242200012.2070312
2012-02-17 20:00:00,1.31584,1.31594,1.31579,1.31582,2419799957.2753906
2012-02-17 20:01:00,1.31583,1.31589,1.31576,1.31583,2161000061.0351562
2012-02-17 20:02:00,1.31582,1.31587,1.31581,1.31582,1798099975.5859375
2012-02-17 20:03:00,1.31584,1.31585,1.3158,1.31585,1425599975.5859375
2012-02-17 20:04:00,1.31583,1.31593,1.31577,1.31591,1515899963.3789062
2012-02-17 20:05:00,1.3159,1.31612,1.3159,1.31595,1733399963.3789062
2012-02-17 20:06:00,1.31594,1.31613,1.31594,1.31612,1718300018.3105469
2012-02-17 20:07:00,1.31612,1.31612,1.31603,1.31609,1158799972.5341797
2012-02-17 20:08:00,1.31607,1.31607,1.31602,1.31603,754100036.6210938
2012-02-17 20:09:00,1.31603,1.31614,1.31603,1.31612,615400009.1552734
2012-02-17 20:10:00,1.31613,1.31614,1.3161,1.31611,453800010.68115234
2012-02-17 20:11:00,1.3161,1.31644,1.3161,1.31626,1154400024.4140625
2012-02-17 20:12:00,1.31625,1.31625,1.31619,1.31623,609700012.2070312
2012-02-17 20:13:00,1.31623,1.31637,1.31618,1.31633,1371199951.171875
2012-02-17 20:14:00,1.31634,1.31644,1.31634,1.31637,1209400024.4140625
2012-02-17 20:15:00,1.31638,1.31642,1.31633,1.31634,1017399978.6376953
2012-02-17 20:16:00,1.31633,1.31639,1.31621,1.31621,1610399932.8613281
2012-02-17 20:17:00,1.31622,1.31623,1.31597,1.316,1344900054.9316406
2012-02-17 20:18:00,1.316,1.3162,1.316,1.31617,1195500030.5175781
2012-02-17 20:19:00,1.31617,1.31619,1.316,1.316,1774400024.4140625
2012-02-17 20:20:00,1.31599,1.31614,1.31591,1.31614,1299100036.6210938
2012-02-17 20:21:00,1.31611,1.31611,1.31584,1.31587,1290200042.7246094
2012-02-17 20:22:00,1.31585,1.31585,1.31564,1.31568,1477500000.0
2012-02-17 20:23:00,1.31568,1.3158,1.31564,1.3158,1182699966.430664
2012-02-17 20:24:00,1.3158,1.3158,1.3157,1.31575,924400024.4140625
2012-02-17 20:25:00,1.31575,1.31582,1.31572,1.31581,623400001.5258789
2012-02-17 20:26:00,1.31579,1.31591,1.31579,1.31589,631199989.3188477
2012-02-17 20:27:00,1.31589,1.31591,1.31586,1.31588,572700004.5776367
2012-02-17 20:28:00,1.31588,1.31588,1.31552,1.31552,1110400009.1552734
2012-02-17 20:29:00,1.31553,1.3156,1.31551,1.31558,1013000030.5175781
2012-02-17 20:30:00,1.3156,1.31564,1.31553,1.31562,903199996.9482422
2012-02-17 20:31:00,1.31562,1.31562,1.31559,1.31561,300900001.5258789
2012-02-17 20:32:00,1.31561,1.31571,1.3156,1.31569,581199989.3188477
2012-02-17 20:33:00,1.31569,1.31571,1.31558,1.31561,1029100036.6210938
2012-02-17 20:34:00,1.31558,1.31562,1.31555,1.31555,1285800018.3105469
2012-02-17 20:35:00,1.31555,1.31581,1.31553,1.31578,2078899993.8964844
2012-02-17 20:36:00,1.31577,1.31579,1.31545,1.31547,618699989.3188477
2012-02-17 20:37:00,1.31547,1.31547,1.31524,1.31538,1435399932.8613281
2012-02-17 20:38:00,1.31537,1.31561,1.31529,1.31559,1812400054.9316406
2012-02-17 20:39:00,1.31559,1.31565,1.31549,1.31557,1172900009.1552734
2012-02-17 20:40:00,1.31557,1.31561,1.31554,1.31558,1171900024.4140625
2012-02-17 20:41:00,1.31558,1.31561,1.31546,1.31551,1099000015.258789
2012-02-17 20:42:00,1.31551,1.31562,1.31551,1.31561,909700012.2070312
2012-02-17 20:43:00,1.31561,1.31561,1.31555,1.31556,974700012.2070312
2012-02-17 20:44:00,1.31556,1.3156,1.31549,1.3156,1233899993.8964844
2012-02-17 20:45:00,1.31557,1.31564,1.31557,1.31562,1011900024.4140625
2012-02-17 20:46:00,1.3156,1.31578,1.3156,1.31575,1509199981.6894531
2012-02-17 20:47:00,1.31575,1.31582,1.31572,1.31579,976999969.4824219
2012-02-17 20:48:00,1.3158,1.3158,1.31569,1.31569,712200012.2070312
2012-02-17 20:49:00,1.31571,1.31575,1.31566,1.31575,686699981.6894531
2012-02-17 20:50:00,1.31576,1.31586,1.31574,1.31575,1590200042.7246094
2012-02-17 20:51:00,1.31574,1.31585,1.31573,1.31575,1497299957.2753906
2012-02-17 20:52:00,1.31574,1.31579,1.31567,1.31567,1312400054.9316406
2012-02-17 20:53:00,1.31569,1.31569,1.31527,1.31527,1927299957.2753906
2012-02-17 20:54:00,1.31527,1.31551,1.31525,1.3155,1445099945.0683594
2012-02-17 20:55:00,1.3155,1.31551,1.31532,1.31532,1453600006.1035156
2012-02-17 20:56:00,1.31533,1.31533,1.31527,1.31531,512400016.78466797
2012-02-17 20:57:00,1.31532,1.31534,1.31521,1.31521,854100036.6210938
2012-02-17 20:58:00,1.3152,1.31527,1.3152,1.31526,1357500000.0
2012-02-17 20:59:00,1.31526,1.31561,1.31524,1.31559,913300018.3105469
2012-02-17 21:00:00,1.31561,1.31562,1.31534,1.3154,506500015.25878906
2012-02-17 21:01:00,1.3154,1.31558,1.31536,1.31544,924499969.4824219
2012-02-17 21:02:00,1.31545,1.31545,1.31504,1.31515,1135199966.430664
2012-02-17 21:03:00,1.31515,1.31515,1.31482,1.31482,926999969.4824219
2012-02-17 21:04:00,1.31481,1.31481,1.31468,1.31469,960999984.7412109
2012-02-17 21:05:00,1.31471,1.31471,1.31449,1.31468,1180400009.1552734
2012-02-17 21:06:00,1.31468,1.31478,1.31459,1.31465,837200012.2070312
2012-02-17 21:07:00,1.31466,1.31467,1.31454,1.31456,374199981.6894531
2012-02-17 21:08:00,1.31461,1.31468,1.31455,1.31462,578600006.1035156
2012-02-17 21:09:00,1.31462,1.31466,1.31457,1.31465,632299995.4223633
2012-02-17 21:10:00,1.31467,1.31483,1.31464,1.31481,920999984.7412109
2012-02-17 21:11:00,1.31483,1.31501,1.31477,1.31477,978300018.3105469
2012-02-17 21:12:00,1.31478,1.31479,1.31473,1.31479,436699981.6894531
2012-02-17 21:13:00,1.31478,1.31482,1.31473,1.31477,472799987.79296875
2012-02-17 21:14:00,1.31479,1.31484,1.31479,1.3148,448499984.74121094
2012-02-17 21:15:00,1.31481,1.31498,1.31475,1.31486,783099975.5859375
2012-02-17 21:16:00,1.31487,1.3151,1.31481,1.31506,1183099975.5859375
2012-02-17 21:17:00,1.31508,1.31518,1.31503,1.31506,1544499969.4824219
2012-02-17 21:18:00,1.31506,1.31507,1.31497,1.31498,978000030.5175781
2012-02-17 21:19:00,1.31499,1.31501,1.31491,1.31493,432099990.84472656
2012-02-17 21:20:00,1.31493,1.31507,1.31492,1.31507,255000000.0
2012-02-17 21:21:00,1.31506,1.31506,1.31486,1.31503,882799987.7929688
2012-02-17 21:22:00,1.31505,1.31505,1.31483,1.3149,791600036.6210938
2012-02-17 21:23:00,1.3149,1.31502,1.31482,1.31493,1099000015.258789
2012-02-17 21:24:00,1.31497,1.31501,1.31497,1.315,86300001.14440918
2012-02-17 21:25:00,1.315,1.3151,1.315,1.31504,442700004.5776367
2012-02-17 21:26:00,1.31502,1.31523,1.315,1.3152,529700012.20703125
2012-02-17 21:27:00,1.31521,1.31526,1.31521,1.31523,322500000.0
2012-02-17 21:28:00,1.31522,1.31522,1.31494,1.31499,617900009.1552734
2012-02-17 21:29:00,1.315,1.3153,1.31498,1.31511,2298600006.1035156
2012-02-17 21:30:00,1.31512,1.31536,1.31503,1.31528,2380099945.0683594
2012-02-17 21:31:00,1.31528,1.31529,1.31495,1.31501,1008899993.8964844
2012-02-17 21:32:00,1.31499,1.31521,1.31495,1.31521,307700004.5776367
2012-02-17 21:33:00,1.31521,1.31527,1.31521,1.31523,482200012.20703125
2012-02-17 21:34:00,1.31523,1.3153,1.31519,1.3153,315000000.0
2012-02-17 21:35:00,1.3153,1.3153,1.31512,1.31512,592900009.1552734
2012-02-17 21:36:00,1.31511,1.3152,1.31504,1.31518,345400009.15527344
2012-02-17 21:37:00,1.31514,1.31519,1.31511,1.31514,483800010.68115234
2012-02-17 21:38:00,1.31514,1.31514,1.31506,1.3151,497700004.5776367
2012-02-17 21:39:00,1.31507,1.31516,1.31506,1.31516,632400016.784668
2012-02-17 21:40:00,1.31516,1.31518,1.31508,1.3151,707799987.7929688
2012-02-17 21:41:00,1.31509,1.31511,1.31509,1.31511,172800006.86645508
2012-02-17 21:42:00,1.31511,1.31515,1.31509,1.31512,398300018.3105469
2012-02-17 21:43:00,1.31514,1.31517,1.31504,1.31508,520600013.73291016
2012-02-17 21:44:00,1.31511,1.31513,1.31508,1.31513,235599994.65942383
2012-02-17 21:45:00,1.31511,1.31512,1.31507,1.31507,320999984.74121094
2012-02-17 21:46:00,1.31507,1.31521,1.31506,1.31518,615600013.7329102
2012-02-17 21:47:00,1.31518,1.31523,1.31505,1.31505,652099990.8447266
2012-02-17 21:48:00,1.31505,1.31505,1.31472,1.31479,828700027.4658203
2012-02-17 21:49:00,1.3148,1.31509,1.3148,1.31495,615900001.5258789
2012-02-17 21:50:00,1.31499,1.31513,1.31495,1.31496,580499992.3706055
2012-02-17 21:51:00,1.31496,1.31504,1.3149,1.31493,691200027.4658203
2012-02-17 21:52:00,1.31492,1.31494,1.31473,1.31476,256599998.4741211
2012-02-17 21:53:00,1.31475,1.31477,1.31459,1.31459,169400005.34057617
2012-02-17 21:54:00,1.31461,1.31466,1.31418,1.31422,482700004.5776367
2012-02-17 21:55:00,1.31422,1.31422,1.3139,1.3139,244400005.34057617
2012-02-17 21:56:00,1.31391,1.31419,1.31391,1.31404,360299987.79296875
2012-02-17 21:57:00,1.31407,1.31419,1.31398,1.31419,390699996.9482422
2012-02-17 21:58:00,1.31417,1.31424,1.31412,1.31418,184099998.4741211
2012-02-17 21:59:00,1.31421,1.31439,1.31412,1.31425,349099998.4741211
2012-02-17 22:00:00,1.31425,1.31425,1.31425,1.31425,0.0
2012-02-17 22:01:00,1.31425,1.31425,1.31425,1.31425,0.0
2012-02-17 22:02:00,1.31425,1.31425,1.31425,1.31425,0.0
2012-02-17 22:03:00,1.31425,1.31425,1.31425,1.31425,0.0
2012-02-17 22:04:00,1.31425,1.31425,1.31425,1.31425,0.0
2012-02-17 22:05:00,1.31425,1.31425,1.31425,1.31425,0.0
2012-02-17 22:06:00,1.31425,1.31425,1.31425,1.31425,0.0
2012-02-17 22:07:00,1.31425,1.31425,1.31425,1.31425,0.0
2012-02-17 22:08:00,1.31425,1.31425,1.31425,1.31425,0.0
2012-02-17 22:09:00,1.31425,1.31425,1.31425,1.31425,0.0
2012-02-17 22:10:00,1.31425,1.31425,1.31425,1.31425,0.0
2012-02-17 22:11:00,1.31425,1.31425,1.31425,1.31425,0.0
2012-02-17 22:12:00,1.31425,1.31425,1.31425,1.31425,0.0
2012-02-17 22:13:00,1.31425,1.31425,1.31425,1.31425,0.0
2012-02-17 22:14:00,1.31425,1.31425,1.31425,1.31425,0.0
2012-02-17 22:15:00,1.31425,1.31425,1.31425,1.31425,0.0
2012-02-17 22:16:00,1.31425,1.31425,1.31425,1.31425,0.0
2012-02-17 22:17:00,1.31425,1.31425,1.31425,1.31425,0.0
2012-02-17 22:18:00,1.31425,1.31425,1.31425,1.31425,0.0
2012-02-17 22:19:00,1.31425,1.31425,1.31425,1.31425,0.0
2012-02-17 22:20:00,1.31425,1.31425,1.31425,1.31425,0.0
2012-02-17 22:21:00,1.31425,1.31425,1.31425,1.31425,0.0
2012-02-17 22:22:00,1.31425,1.31425,1.31425,1.31425,0.0
2012-02-17 22:23:00,1.31425,1.31425,1.31425,1.31425,0.0
2012-02-17 22:24:00,1.31425,1.31425,1.31425,1.31425,0.0
2012-02-17 22:25:00,1.31425,1.31425,1.31425,1.31425,0.0
2012-02-17 22:26:00,1.31425,1.31425,1.31425,1.31425,0.0
2012-02-17 22:27:00,1.31425,1.31425,1.31425,1.31425,0.0
2012-02-17 22:28:00,1.31425,1.31425,1.31425,1.31425,0.0
2012-02-17 22:29:00,1.31425,1.31425,1.31425,1.31425,0.0
2012-02-17 22:30:00,1.31425,1.31425,1.31425,1.31425,0.0
2012-02-17 22:31:00,1.31425,1.31425,1.31425,1.31425,0.0
2012-02-17 22:32:00,1.31425,1.31425,1.31425,1.31425,0.0
2012-02-17 22:33:00,1.31425,1.31425,1.31425,1.31425,0.0
2012-02-17 22:34:00,1.31425,1.31425,1.31425,1.31425,0.0
2012-02-17 22:35:00,1.31425,1.31425,1.31425,1.31425,0.0
2012-02-17 22:36:00,1.31425,1.31425,1.31425,1.31425,0.0
2012-02-17 22:37:00,1.31425,1.31425,1.31425,1.31425,0.0
2012-02-17 22:38:00,1.31425,1.31425,1.31425,1.31425,0.0
2012-02-17 22:39:00,1.31425,1.31425,1.31425,1.31425,0.0
2012-02-17 22:40:00,1.31425,1.31425,1.31425,1.31425,0.0
2012-02-17 22:41:00,1.31425,1.31425,1.31425,1.31425,0.0
2012-02-17 22:42:00,1.31425,1.31425,1.31425,1.31425,0.0
2012-02-17 22:43:00,1.31425,1.31425,1.31425,1.31425,0.0
2012-02-17 22:44:00,1.31425,1.31425,1.31425,1.31425,0.0
2012-02-17 22:45:00,1.31425,1.31425,1.31425,1.31425,0.0
2012-02-17 22:46:00,1.31425,1.31425,1.31425,1.31425,0.0
2012-02-17 22:47:00,1.31425,1.31425,1.31425,1.31425,0.0
2012-02-17 22:48:00,1.31425,1.31425,1.31425,1.31425,0.0
2012-02-17 22:49:00,1.31425,1.31425,1.31425,1.31425,0.0
2012-02-17 22:50:00,1.31425,1.31425,1.31425,1.31425,0.0
2012-02-17 22:51:00,1.31425,1.31425,1.31425,1.31425,0.0
2012-02-17 22:52:00,1.31425,1.31425,1.31425,1.31425,0.0
2012-02-17 22:53:00,1.31425,1.31425,1.31425,1.31425,0.0
2012-02-17 22:54:00,1.31425,1.31425,1.31425,1.31425,0.0
2012-02-17 22:55:00,1.31425,1.31425,1.31425,1.31425,0.0
2012-02-17 22:56:00,1.31425,1.31425,1.31425,1.31425,0.0
2012-02-17 22:57:00,1.31425,1.31425,1.31425,1.31425,0.0
2012-02-17 22:58:00,1.31425,1.31425,1.31425,1.31425,0.0
2012-02-17 22:59:00,1.31425,1.31425,1.31425,1.31425,0.0
2012-02-17 23:00:00,1.31425,1.31425,1.31425,1.31425,0.0
2012-02-17 23:01:00,1.31425,1.31425,1.31425,1.31425,0.0
2012-02-17 23:02:00,1.31425,1.31425,1.31425,1.31425,0.0
2012-02-17 23:03:00,1.31425,1.31425,1.31425,1.31425,0.0
2012-02-17 23:04:00,1.31425,1.31425,1.31425,1.31425,0.0
2012-02-17 23:05:00,1.31425,1.31425,1.31425,1.31425,0.0
2012-02-17 23:06:00,1.31425,1.31425,1.31425,1.31425,0.0
2012-02-17 23:07:00,1.31425,1.31425,1.31425,1.31425,0.0
2012-02-17 23:08:00,1.31425,1.31425,1.31425,1.31425,0.0
2012-02-17 23:09:00,1.31425,1.31425,1.31425,1.31425,0.0
2012-02-17 23:10:00,1.31425,1.31425,1.31425,1.31425,0.0
2012-02-17 23:11:00,1.31425,1.31425,1.31425,1.31425,0.0
2012-02-17 23:12:00,1.31425,1.31425,1.31425,1.31425,0.0
2012-02-17 23:13:00,1.31425,1.31425,1.31425,1.31425,0.0
2012-02-17 23:14:00,1.31425,1.31425,1.31425,1.31425,0.0
2012-02-17 23:15:00,1.31425,1.31425,1.31425,1.31425,0.0
2012-02-17 23:16:00,1.31425,1.31425,1.31425,1.31425,0.0
2012-02-17 23:17:00,1.31425,1.31425,1.31425,1.31425,0.0
2012-02-17 23:18:00,1.31425,1.31425,1.31425,1.31425,0.0
2012-02-17 23:19:00,1.31425,1.31425,1.31425,1.31425,0.0
2012-02-17 23:20:00,1.31425,1.31425,1.31425,1.31425,0.0
2012-02-17 23:21:00,1.31425,1.31425,1.31425,1.31425,0.0
2012-02-17 23:22:00,1.31425,1.31425,1.31425,1.31425,0.0
2012-02-17 23:23:00,1.31425,1.31425,1.31425,1.31425,0.0
2012-02-17 23:24:00,1.31425,1.31425,1.31425,1.31425,0.0
2012-02-17 23:25:00,1.31425,1.31425,1.31425,1.31425,0.0
2012-02-17 23:26:00,1.31425,1.31425,1.31425,1.31425,0.0
2012-02-17 23:27:00,1.31425,1.31425,1.31425,1.31425,0.0
2012-02-17 23:28:00,1.31425,1.31425,1.31425,1.31425,0.0
2012-02-17 23:29:00,1.31425,1.31425,1.31425,1.31425,0.0
2012-02-17 23:30:00,1.31425,1.31425,1.31425,1.31425,0.0
2012-02-17 23:31:00,1.31425,1.31425,1.31425,1.31425,0.0
2012-02-17 23:32:00,1.31425,1.31425,1.31425,1.31425,0.0
2012-02-17 23:33:00,1.31425,1.31425,1.31425,1.31425,0.0
2012-02-17 23:34:00,1.31425,1.31425,1.31425,1.31425,0.0
2012-02-17 23:35:00,1.31425,1.31425,1.31425,1.31425,0.0
2012-02-17 23:36:00,1.31425,1.31425,1.31425,1.31425,0.0
2012-02-17 23:37:00,1.31425,1.31425,1.31425,1.31425,0.0
2012-02-17 23:38:00,1.31425,1.31425,1.31425,1.31425,0.0
2012-02-17 23:39:00,1.31425,1.31425,1.31425,1.31425,0.0
2012-02-17 23:40:00,1.31425,1.31425,1.31425,1.31425,0.0
2012-02-17 23:41:00,1.31425,1.31425,1.31425,1.31425,0.0
2012-02-17 23:42:00,1.31425,1.31425,1.31425,1.31425,0.0
2012-02-17 23:43:00,1.31425,1.31425,1.31425,1.31425,0.0
2012-02-17 23:44:00,1.31425,1.31425,1.31425,1.31425,0.0
2012-02-17 23:45:00,1.31425,1.31425,1.31425,1.31425,0.0
2012-02-17 23:46:00,1.31425,1.31425,1.31425,1.31425,0.0
2012-02-17 23:47:00,1.31425,1.31425,1.31425,1.31425,0.0
2012-02-17 23:48:00,1.31425,1.31425,1.31425,1.31425,0.0
2012-02-17 23:49:00,1.31425,1.31425,1.31425,1.31425,0.0
2012-02-17 23:50:00,1.31425,1.31425,1.31425,1.31425,0.0
2012-02-17 23:51:00,1.31425,1.31425,1.31425,1.31425,0.0
2012-02-17 23:52:00,1.31425,1.31425,1.31425,1.31425,0.0
2012-02-17 23:53:00,1.31425,1.31425,1.31425,1.31425,0.0
2012-02-17 23:54:00,1.31425,1.31425,1.31425,1.31425,0.0
2012-02-17 23:55:00,1.31425,1.31425,1.31425,1.31425,0.0
2012-02-17 23:56:00,1.31425,1.31425,1.31425,1.31425,0.0
2012-02-17 23:57:00,1.31425,1.31425,1.31425,1.31425,0.0
2012-02-17 23:58:00,1.31425,1.31425,1.31425,1.31425,0.0
2012-02-17 23:59:00,1.31425,1.31425,1.31425,1.31425,0.0
2012-02-18 00:00:00,1.31446,1.31446,1.31446,1.31446,0.0
2012-02-18 00:01:00,1.31446,1.31446,1.31446,1.31446,0.0
2012-02-18 00:02:00,1.31446,1.31446,1.31446,1.31446,0.0
2012-02-18 00:03:00,1.31446,1.31446,1.31446,1.31446,0.0
2012-02-18 00:04:00,1.31446,1.31446,1.31446,1.31446,0.0
2012-02-18 00:05:00,1.31446,1.31446,1.31446,1.31446,0.0
2012-02-18 00:06:00,1.31446,1.31446,1.31446,1.31446,0.0
2012-02-18 00:07:00,1.31446,1.31446,1.31446,1.31446,0.0
2012-02-18 00:08:00,1.31446,1.31446,1.31446,1.31446,0.0
2012-02-18 00:09:00,1.31446,1.31446,1.31446,1.31446,0.0
2012-02-18 00:10:00,1.31446,1.31446,1.31446,1.31446,0.0
2012-02-18 00:11:00,1.31446,1.31446,1.31446,1.31446,0.0
2012-02-18 00:12:00,1.31446,1.31446,1.31446,1.31446,0.0
2012-02-18 00:13:00,1.31446,1.31446,1.31446,1.31446,0.0
2012-02-18 00:14:00,1.31446,1.31446,1.31446,1.31446,0.0
2012-02-18 00:15:00,1.31446,1.31446,1.31446,1.31446,0.0
2012-02-18 00:16:00,1.31446,1.31446,1.31446,1.31446,0.0
2012-02-18 00:17:00,1.31446,1.31446,1.31446,1.31446,0.0
2012-02-18 00:18:00,1.31446,1.31446,1.31446,1.31446,0.0
2012-02-18 00:19:00,1.31446,1.31446,1.31446,1.31446,0.0
2012-02-18 00:20:00,1.31446,1.31446,1.31446,1.31446,0.0
2012-02-18 00:21:00,1.31446,1.31446,1.31446,1.31446,0.0
2012-02-18 00:22:00,1.31446,1.31446,1.31446,1.31446,0.0
2012-02-18 00:23:00,1.31446,1.31446,1.31446,1.31446,0.0
2012-02-18 00:24:00,1.31446,1.31446,1.31446,1.31446,0.0
2012-02-18 00:25:00,1.31446,1.31446,1.31446,1.31446,0.0
2012-02-18 00:26:00,1.31446,1.31446,1.31446,1.31446,0.0
2012-02-18 00:27:00,1.31446,1.31446,1.31446,1.31446,0.0
2012-02-18 00:28:00,1.31446,1.31446,1.31446,1.31446,0.0
2012-02-18 00:29:00,1.31446,1.31446,1.31446,1.31446,0.0
2012-02-18 00:30:00,1.31446,1.31446,1.31446,1.31446,0.0
2012-02-18 00:31:00,1.31446,1.31446,1.31446,1.31446,0.0
2012-02-18 00:32:00,1.31446,1.31446,1.31446,1.31446,0.0
2012-02-18 00:33:00,1.31446,1.31446,1.31446,1.31446,0.0
2012-02-18 00:34:00,1.31446,1.31446,1.31446,1.31446,0.0
2012-02-18 00:35:00,1.31446,1.31446,1.31446,1.31446,0.0
2012-02-18 00:36:00,1.31446,1.31446,1.31446,1.31446,0.0
2012-02-18 00:37:00,1.31446,1.31446,1.31446,1.31446,0.0
2012-02-18 00:38:00,1.31446,1.31446,1.31446,1.31446,0.0
2012-02-18 00:39:00,1.31446,1.31446,1.31446,1.31446,0.0
2012-02-18 00:40:00,1.31446,1.31446,1.31446,1.31446,0.0
2012-02-18 00:41:00,1.31446,1.31446,1.31446,1.31446,0.0
2012-02-18 00:42:00,1.31446,1.31446,1.31446,1.31446,0.0
2012-02-18 00:43:00,1.31446,1.31446,1.31446,1.31446,0.0
2012-02-18 00:44:00,1.31446,1.31446,1.31446,1.31446,0.0
2012-02-18 00:45:00,1.31446,1.31446,1.31446,1.31446,0.0
2012-02-18 00:46:00,1.31446,1.31446,1.31446,1.31446,0.0
2012-02-18 00:47:00,1.31446,1.31446,1.31446,1.31446,0.0
2012-02-18 00:48:00,1.31446,1.31446,1.31446,1.31446,0.0
2012-02-18 00:49:00,1.31446,1.31446,1.31446,1.31446,0.0
2012-02-18 00:50:00,1.31446,1.31446,1.31446,1.31446,0.0
2012-02-18 00:51:00,1.31446,1.31446,1.31446,1.31446,0.0
2012-02-18 00:52:00,1.31446,1.31446,1.31446,1.31446,0.0
2012-02-18 00:53:00,1.31446,1.31446,1.31446,1.31446,0.0
2012-02-18 00:54:00,1.31446,1.31446,1.31446,1.31446,0.0
2012-02-18 00:55:00,1.31446,1.31446,1.31446,1.31446,0.0
2012-02-18 00:56:00,1.31446,1.31446,1.31446,1.31446,0.0
2012-02-18 00:57:00,1.31446,1.31446,1.31446,1.31446,0.0
2012-02-18 00:58:00,1.31446,1.31446,1.31446,1.31446,0.0
2012-02-18 00:59:00,1.31446,1.31446,1.31446,1.31446,0.0
2012-02-18 01:00:00,1.31446,1.31446,1.31446,1.31446,0.0
2012-02-18 01:01:00,1.31446,1.31446,1.31446,1.31446,0.0
2012-02-18 01:02:00,1.31446,1.31446,1.31446,1.31446,0.0
2012-02-18 01:03:00,1.31446,1.31446,1.31446,1.31446,0.0
2012-02-18 01:04:00,1.31446,1.31446,1.31446,1.31446,0.0
2012-02-18 01:05:00,1.31446,1.31446,1.31446,1.31446,0.0
2012-02-18 01:06:00,1.31446,1.31446,1.31446,1.31446,0.0
2012-02-18 01:07:00,1.31446,1.31446,1.31446,1.31446,0.0
2012-02-18 01:08:00,1.31446,1.31446,1.31446,1.31446,0.0
2012-02-18 01:09:00,1.31446,1.31446,1.31446,1.31446,0.0
2012-02-18 01:10:00,1.31446,1.31446,1.31446,1.31446,0.0
2012-02-18 01:11:00,1.31446,1.31446,1.31446,1.31446,0.0
2012-02-18 01:12:00,1.31446,1.31446,1.31446,1.31446,0.0
2012-02-18 01:13:00,1.31446,1.31446,1.31446,1.31446,0.0
2012-02-18 01:14:00,1.31446,1.31446,1.31446,1.31446,0.0
2012-02-18 01:15:00,1.31446,1.31446,1.31446,1.31446,0.0
2012-02-18 01:16:00,1.31446,1.31446,1.31446,1.31446,0.0
2012-02-18 01:17:00,1.31446,1.31446,1.31446,1.31446,0.0
2012-02-18 01:18:00,1.31446,1.31446,1.31446,1.31446,0.0
2012-02-18 01:19:00,1.31446,1.31446,1.31446,1.31446,0.0
2012-02-18 01:20:00,1.31446,1.31446,1.31446,1.31446,0.0
2012-02-18 01:21:00,1.31446,1.31446,1.31446,1.31446,0.0
2012-02-18 01:22:00,1.31446,1.31446,1.31446,1.31446,0.0
2012-02-18 01:23:00,1.31446,1.31446,1.31446,1.31446,0.0
2012-02-18 01:24:00,1.31446,1.31446,1.31446,1.31446,0.0
2012-02-18 01:25:00,1.31446,1.31446,1.31446,1.31446,0.0
2012-02-18 01:26:00,1.31446,1.31446,1.31446,1.31446,0.0
2012-02-18 01:27:00,1.31446,1.31446,1.31446,1.31446,0.0
2012-02-18 01:28:00,1.31446,1.31446,1.31446,1.31446,0.0
2012-02-18 01:29:00,1.31446,1.31446,1.31446,1.31446,0.0
2012-02-18 01:30:00,1.31446,1.31446,1.31446,1.31446,0.0
2012-02-18 01:31:00,1.31446,1.31446,1.31446,1.31446,0.0
2012-02-18 01:32:00,1.31446,1.31446,1.31446,1.31446,0.0
2012-02-18 01:33:00,1.31446,1.31446,1.31446,1.31446,0.0
2012-02-18 01:34:00,1.31446,1.31446,1.31446,1.31446,0.0
2012-02-18 01:35:00,1.31446,1.31446,1.31446,1.31446,0.0
2012-02-18 01:36:00,1.31446,1.31446,1.31446,1.31446,0.0
2012-02-18 01:37:00,1.31446,1.31446,1.31446,1.31446,0.0
2012-02-18 01:38:00,1.31446,1.31446,1.31446,1.31446,0.0
2012-02-18 01:39:00,1.31446,1.31446,1.31446,1.31446,0.0
2012-02-18 01:40:00,1.31446,1.31446,1.31446,1.31446,0.0
2012-02-18 01:41:00,1.31446,1.31446,1.31446,1.31446,0.0
2012-02-18 01:42:00,1.31446,1.31446,1.31446,1.31446,0.0
2012-02-18 01:43:00,1.31446,1.31446,1.31446,1.31446,0.0
2012-02-18 01:44:00,1.31446,1.31446,1.31446,1.31446,0.0
2012-02-18 01:45:00,1.31446,1.31446,1.31446,1.31446,0.0
2012-02-18 01:46:00,1.31446,1.31446,1.31446,1.31446,0.0
2012-02-18 01:47:00,1.31446,1.31446,1.31446,1.31446,0.0
2012-02-18 01:48:00,1.31446,1.31446,1.31446,1.31446,0.0
2012-02-18 01:49:00,1.31446,1.31446,1.31446,1.31446,0.0
2012-02-18 01:50:00,1.31446,1.31446,1.31446,1.31446,0.0
2012-02-18 01:51:00,1.31446,1.31446,1.31446,1.31446,0.0
2012-02-18 01:52:00,1.31446,1.31446,1.31446,1.31446,0.0
2012-02-18 01:53:00,1.31446,1.31446,1.31446,1.31446,0.0
2012-02-18 01:54:00,1.31446,1.31446,1.31446,1.31446,0.0
2012-02-18 01:55:00,1.31446,1.31446,1.31446,1.31446,0.0
2012-02-18 01:56:00,1.31446,1.31446,1.31446,1.31446,0.0
2012-02-18 01:57:00,1.31446,1.31446,1.31446,1.31446,0.0
2012-02-18 01:58:00,1.31446,1.31446,1.31446,1.31446,0.0
2012-02-18 01:59:00,1.31446,1.31446,1.31446,1.31446,0.0
2012-02-18 02:00:00,1.31446,1.31446,1.31446,1.31446,0.0
2012-02-18 02:01:00,1.31446,1.31446,1.31446,1.31446,0.0
2012-02-18 02:02:00,1.31446,1.31446,1.31446,1.31446,0.0
2012-02-18 02:03:00,1.31446,1.31446,1.31446,1.31446,0.0
2012-02-18 02:04:00,1.31446,1.31446,1.31446,1.31446,0.0
2012-02-18 02:05:00,1.31446,1.31446,1.31446,1.31446,0.0
2012-02-18 02:06:00,1.31446,1.31446,1.31446,1.31446,0.0
2012-02-18 02:07:00,1.31446,1.31446,1.31446,1.31446,0.0
2012-02-18 02:08:00,1.31446,1.31446,1.31446,1.31446,0.0
2012-02-18 02:09:00,1.31446,1.31446,1.31446,1.31446,0.0
2012-02-18 02:10:00,1.31446,1.31446,1.31446,1.31446,0.0
2012-02-18 02:11:00,1.31446,1.31446,1.31446,1.31446,0.0
2012-02-18 02:12:00,1.31446,1.31446,1.31446,1.31446,0.0
2012-02-18 02:13:00,1.31446,1.31446,1.31446,1.31446,0.0
2012-02-18 02:14:00,1.31446,1.31446,1.31446,1.31446,0.0
2012-02-18 02:15:00,1.31446,1.31446,1.31446,1.31446,0.0
2012-02-18 02:16:00,1.31446,1.31446,1.31446,1.31446,0.0
2012-02-18 02:17:00,1.31446,1.31446,1.31446,1.31446,0.0
2012-02-18 02:18:00,1.31446,1.31446,1.31446,1.31446,0.0
2012-02-18 02:19:00,1.31446,1.31446,1.31446,1.31446,0.0
2012-02-18 02:20:00,1.31446,1.31446,1.31446,1.31446,0.0
2012-02-18 02:21:00,1.31446,1.31446,1.31446,1.31446,0.0
2012-02-18 02:22:00,1.31446,1.31446,1.31446,1.31446,0.0
2012-02-18 02:23:00,1.31446,1.31446,1.31446,1.31446,0.0
2012-02-18 02:24:00,1.31446,1.31446,1.31446,1.31446,0.0
2012-02-18 02:25:00,1.31446,1.31446,1.31446,1.31446,0.0
2012-02-18 02:26:00,1.31446,1.31446,1.31446,1.31446,0.0
2012-02-18 02:27:00,1.31446,1.31446,1.31446,1.31446,0.0
2012-02-18 02:28:00,1.31446,1.31446,1.31446,1.31446,0.0
2012-02-18 02:29:00,1.31446,1.31446,1.31446,1.31446,0.0
2012-02-18 02:30:00,1.31446,1.31446,1.31446,1.31446,0.0
2012-02-18 02:31:00,1.31446,1.31446,1.31446,1.31446,0.0
2012-02-18 02:32:00,1.31446,1.31446,1.31446,1.31446,0.0
2012-02-18 02:33:00,1.31446,1.31446,1.31446,1.31446,0.0
2012-02-18 02:34:00,1.31446,1.31446,1.31446,1.31446,0.0
2012-02-18 02:35:00,1.31446,1.31446,1.31446,1.31446,0.0
2012-02-18 02:36:00,1.31446,1.31446,1.31446,1.31446,0.0
2012-02-18 02:37:00,1.31446,1.31446,1.31446,1.31446,0.0
2012-02-18 02:38:00,1.31446,1.31446,1.31446,1.31446,0.0
2012-02-18 02:39:00,1.31446,1.31446,1.31446,1.31446,0.0
2012-02-18 02:40:00,1.31446,1.31446,1.31446,1.31446,0.0
2012-02-18 02:41:00,1.31446,1.31446,1.31446,1.31446,0.0
2012-02-18 02:42:00,1.31446,1.31446,1.31446,1.31446,0.0
2012-02-18 02:43:00,1.31446,1.31446,1.31446,1.31446,0.0
2012-02-18 02:44:00,1.31446,1.31446,1.31446,1.31446,0.0
2012-02-18 02:45:00,1.31446,1.31446,1.31446,1.31446,0.0
2012-02-18 02:46:00,1.31446,1.31446,1.31446,1.31446,0.0
2012-02-18 02:47:00,1.31446,1.31446,1.31446,1.31446,0.0
2012-02-18 02:48:00,1.31446,1.31446,1.31446,1.31446,0.0
2012-02-18 02:49:00,1.31446,1.31446,1.31446,1.31446,0.0
2012-02-18 02:50:00,1.31446,1.31446,1.31446,1.31446,0.0
2012-02-18 02:51:00,1.31446,1.31446,1.31446,1.31446,0.0
2012-02-18 02:52:00,1.31446,1.31446,1.31446,1.31446,0.0
2012-02-18 02:53:00,1.31446,1.31446,1.31446,1.31446,0.0
2012-02-18 02:54:00,1.31446,1.31446,1.31446,1.31446,0.0
2012-02-18 02:55:00,1.31446,1.31446,1.31446,1.31446,0.0
2012-02-18 02:56:00,1.31446,1.31446,1.31446,1.31446,0.0
2012-02-18 02:57:00,1.31446,1.31446,1.31446,1.31446,0.0
2012-02-18 02:58:00,1.31446,1.31446,1.31446,1.31446,0.0
2012-02-18 02:59:00,1.31446,1.31446,1.31446,1.31446,0.0
2012-02-18 03:00:00,1.31446,1.31446,1.31446,1.31446,0.0
2012-02-18 03:01:00,1.31446,1.31446,1.31446,1.31446,0.0
2012-02-18 03:02:00,1.31446,1.31446,1.31446,1.31446,0.0
2012-02-18 03:03:00,1.31446,1.31446,1.31446,1.31446,0.0
2012-02-18 03:04:00,1.31446,1.31446,1.31446,1.31446,0.0
2012-02-18 03:05:00,1.31446,1.31446,1.31446,1.31446,0.0
2012-02-18 03:06:00,1.31446,1.31446,1.31446,1.31446,0.0
2012-02-18 03:07:00,1.31446,1.31446,1.31446,1.31446,0.0
2012-02-18 03:08:00,1.31446,1.31446,1.31446,1.31446,0.0
2012-02-18 03:09:00,1.31446,1.31446,1.31446,1.31446,0.0
2012-02-18 03:10:00,1.31446,1.31446,1.31446,1.31446,0.0
2012-02-18 03:11:00,1.31446,1.31446,1.31446,1.31446,0.0
2012-02-18 03:12:00,1.31446,1.31446,1.31446,1.31446,0.0
2012-02-18 03:13:00,1.31446,1.31446,1.31446,1.31446,0.0
2012-02-18 03:14:00,1.31446,1.31446,1.31446,1.31446,0.0
2012-02-18 03:15:00,1.31446,1.31446,1.31446,1.31446,0.0
2012-02-18 03:16:00,1.31446,1.31446,1.31446,1.31446,0.0
2012-02-18 03:17:00,1.31446,1.31446,1.31446,1.31446,0.0
2012-02-18 03:18:00,1.31446,1.31446,1.31446,1.31446,0.0
2012-02-18 03:19:00,1.31446,1.31446,1.31446,1.31446,0.0
2012-02-18 03:20:00,1.31446,1.31446,1.31446,1.31446,0.0
2012-02-18 03:21:00,1.31446,1.31446,1.31446,1.31446,0.0
2012-02-18 03:22:00,1.31446,1.31446,1.31446,1.31446,0.0
2012-02-18 03:23:00,1.31446,1.31446,1.31446,1.31446,0.0
2012-02-18 03:24:00,1.31446,1.31446,1.31446,1.31446,0.0
2012-02-18 03:25:00,1.31446,1.31446,1.31446,1.31446,0.0
2012-02-18 03:26:00,1.31446,1.31446,1.31446,1.31446,0.0
2012-02-18 03:27:00,1.31446,1.31446,1.31446,1.31446,0.0
2012-02-18 03:28:00,1.31446,1.31446,1.31446,1.31446,0.0
2012-02-18 03:29:00,1.31446,1.31446,1.31446,1.31446,0.0
2012-02-18 03:30:00,1.31446,1.31446,1.31446,1.31446,0.0
2012-02-18 03:31:00,1.31446,1.31446,1.31446,1.31446,0.0
2012-02-18 03:32:00,1.31446,1.31446,1.31446,1.31446,0.0
2012-02-18 03:33:00,1.31446,1.31446,1.31446,1.31446,0.0
2012-02-18 03:34:00,1.31446,1.31446,1.31446,1.31446,0.0
2012-02-18 03:35:00,1.31446,1.31446,1.31446,1.31446,0.0
2012-02-18 03:36:00,1.31446,1.31446,1.31446,1.31446,0.0
2012-02-18 03:37:00,1.31446,1.31446,1.31446,1.31446,0.0
2012-02-18 03:38:00,1.31446,1.31446,1.31446,1.31446,0.0
2012-02-18 03:39:00,1.31446,1.31446,1.31446,1.31446,0.0
2012-02-18 03:40:00,1.31446,1.31446,1.31446,1.31446,0.0
2012-02-18 03:41:00,1.31446,1.31446,1.31446,1.31446,0.0
2012-02-18 03:42:00,1.31446,1.31446,1.31446,1.31446,0.0
2012-02-18 03:43:00,1.31446,1.31446,1.31446,1.31446,0.0
2012-02-18 03:44:00,1.31446,1.31446,1.31446,1.31446,0.0
2012-02-18 03:45:00,1.31446,1.31446,1.31446,1.31446,0.0
2012-02-18 03:46:00,1.31446,1.31446,1.31446,1.31446,0.0
2012-02-18 03:47:00,1.31446,1.31446,1.31446,1.31446,0.0
2012-02-18 03:48:00,1.31446,1.31446,1.31446,1.31446,0.0
2012-02-18 03:49:00,1.31446,1.31446,1.31446,1.31446,0.0
2012-02-18 03:50:00,1.31446,1.31446,1.31446,1.31446,0.0
2012-02-18 03:51:00,1.31446,1.31446,1.31446,1.31446,0.0
2012-02-18 03:52:00,1.31446,1.31446,1.31446,1.31446,0.0
2012-02-18 03:53:00,1.31446,1.31446,1.31446,1.31446,0.0
2012-02-18 03:54:00,1.31446,1.31446,1.31446,1.31446,0.0
2012-02-18 03:55:00,1.31446,1.31446,1.31446,1.31446,0.0
2012-02-18 03:56:00,1.31446,1.31446,1.31446,1.31446,0.0
2012-02-18 03:57:00,1.31446,1.31446,1.31446,1.31446,0.0
2012-02-18 03:58:00,1.31446,1.31446,1.31446,1.31446,0.0
2012-02-18 03:59:00,1.31446,1.31446,1.31446,1.31446,0.0
2012-02-18 04:00:00,1.31446,1.31446,1.31446,1.31446,0.0
2012-02-18 04:01:00,1.31446,1.31446,1.31446,1.31446,0.0
2012-02-18 04:02:00,1.31446,1.31446,1.31446,1.31446,0.0
2012-02-18 04:03:00,1.31446,1.31446,1.31446,1.31446,0.0
2012-02-18 04:04:00,1.31446,1.31446,1.31446,1.31446,0.0
2012-02-18 04:05:00,1.31446,1.31446,1.31446,1.31446,0.0
2012-02-18 04:06:00,1.31446,1.31446,1.31446,1.31446,0.0
2012-02-18 04:07:00,1.31446,1.31446,1.31446,1.31446,0.0
2012-02-18 04:08:00,1.31446,1.31446,1.31446,1.31446,0.0
2012-02-18 04:09:00,1.31446,1.31446,1.31446,1.31446,0.0
2012-02-18 04:10:00,1.31446,1.31446,1.31446,1.31446,0.0
2012-02-18 04:11:00,1.31446,1.31446,1.31446,1.31446,0.0
2012-02-18 04:12:00,1.31446,1.31446,1.31446,1.31446,0.0
2012-02-18 04:13:00,1.31446,1.31446,1.31446,1.31446,0.0
2012-02-18 04:14:00,1.31446,1.31446,1.31446,1.31446,0.0
2012-02-18 04:15:00,1.31446,1.31446,1.31446,1.31446,0.0
2012-02-18 04:16:00,1.31446,1.31446,1.31446,1.31446,0.0
2012-02-18 04:17:00,1.31446,1.31446,1.31446,1.31446,0.0
2012-02-18 04:18:00,1.31446,1.31446,1.31446,1.31446,0.0
2012-02-18 04:19:00,1.31446,1.31446,1.31446,1.31446,0.0
2012-02-18 04:20:00,1.31446,1.31446,1.31446,1.31446,0.0
2012-02-18 04:21:00,1.31446,1.31446,1.31446,1.31446,0.0
2012-02-18 04:22:00,1.31446,1.31446,1.31446,1.31446,0.0
2012-02-18 04:23:00,1.31446,1.31446,1.31446,1.31446,0.0
2012-02-18 04:24:00,1.31446,1.31446,1.31446,1.31446,0.0
2012-02-18 04:25:00,1.31446,1.31446,1.31446,1.31446,0.0
2012-02-18 04:26:00,1.31446,1.31446,1.31446,1.31446,0.0
2012-02-18 04:27:00,1.31446,1.31446,1.31446,1.31446,0.0
2012-02-18 04:28:00,1.31446,1.31446,1.31446,1.31446,0.0
2012-02-18 04:29:00,1.31446,1.31446,1.31446,1.31446,0.0
2012-02-18 04:30:00,1.31446,1.31446,1.31446,1.31446,0.0
2012-02-18 04:31:00,1.31446,1.31446,1.31446,1.31446,0.0
2012-02-18 04:32:00,1.31446,1.31446,1.31446,1.31446,0.0
2012-02-18 04:33:00,1.31446,1.31446,1.31446,1.31446,0.0
2012-02-18 04:34:00,1.31446,1.31446,1.31446,1.31446,0.0
2012-02-18 04:35:00,1.31446,1.31446,1.31446,1.31446,0.0
2012-02-18 04:36:00,1.31446,1.31446,1.31446,1.31446,0.0
2012-02-18 04:37:00,1.31446,1.31446,1.31446,1.31446,0.0
2012-02-18 04:38:00,1.31446,1.31446,1.31446,1.31446,0.0
2012-02-18 04:39:00,1.31446,1.31446,1.31446,1.31446,0.0
2012-02-18 04:40:00,1.31446,1.31446,1.31446,1.31446,0.0
2012-02-18 04:41:00,1.31446,1.31446,1.31446,1.31446,0.0
2012-02-18 04:42:00,1.31446,1.31446,1.31446,1.31446,0.0
2012-02-18 04:43:00,1.31446,1.31446,1.31446,1.31446,0.0
2012-02-18 04:44:00,1.31446,1.31446,1.31446,1.31446,0.0
2012-02-18 04:45:00,1.31446,1.31446,1.31446,1.31446,0.0
2012-02-18 04:46:00,1.31446,1.31446,1.31446,1.31446,0.0
2012-02-18 04:47:00,1.31446,1.31446,1.31446,1.31446,0.0
2012-02-18 04:48:00,1.31446,1.31446,1.31446,1.31446,0.0
2012-02-18 04:49:00,1.31446,1.31446,1.31446,1.31446,0.0
2012-02-18 04:50:00,1.31446,1.31446,1.31446,1.31446,0.0
2012-02-18 04:51:00,1.31446,1.31446,1.31446,1.31446,0.0
2012-02-18 04:52:00,1.31446,1.31446,1.31446,1.31446,0.0
2012-02-18 04:53:00,1.31446,1.31446,1.31446,1.31446,0.0
2012-02-18 04:54:00,1.31446,1.31446,1.31446,1.31446,0.0
2012-02-18 04:55:00,1.31446,1.31446,1.31446,1.31446,0.0
2012-02-18 04:56:00,1.31446,1.31446,1.31446,1.31446,0.0
2012-02-18 04:57:00,1.31446,1.31446,1.31446,1.31446,0.0
2012-02-18 04:58:00,1.31446,1.31446,1.31446,1.31446,0.0
2012-02-18 04:59:00,1.31446,1.31446,1.31446,1.31446,0.0
2012-02-18 05:00:00,1.31446,1.31446,1.31446,1.31446,0.0
2012-02-18 05:01:00,1.31446,1.31446,1.31446,1.31446,0.0
2012-02-18 05:02:00,1.31446,1.31446,1.31446,1.31446,0.0
2012-02-18 05:03:00,1.31446,1.31446,1.31446,1.31446,0.0
2012-02-18 05:04:00,1.31446,1.31446,1.31446,1.31446,0.0
2012-02-18 05:05:00,1.31446,1.31446,1.31446,1.31446,0.0
2012-02-18 05:06:00,1.31446,1.31446,1.31446,1.31446,0.0
2012-02-18 05:07:00,1.31446,1.31446,1.31446,1.31446,0.0
2012-02-18 05:08:00,1.31446,1.31446,1.31446,1.31446,0.0
2012-02-18 05:09:00,1.31446,1.31446,1.31446,1.31446,0.0
2012-02-18 05:10:00,1.31446,1.31446,1.31446,1.31446,0.0
2012-02-18 05:11:00,1.31446,1.31446,1.31446,1.31446,0.0
2012-02-18 05:12:00,1.31446,1.31446,1.31446,1.31446,0.0
2012-02-18 05:13:00,1.31446,1.31446,1.31446,1.31446,0.0
2012-02-18 05:14:00,1.31446,1.31446,1.31446,1.31446,0.0
2012-02-18 05:15:00,1.31446,1.31446,1.31446,1.31446,0.0
2012-02-18 05:16:00,1.31446,1.31446,1.31446,1.31446,0.0
2012-02-18 05:17:00,1.31446,1.31446,1.31446,1.31446,0.0
2012-02-18 05:18:00,1.31446,1.31446,1.31446,1.31446,0.0
2012-02-18 05:19:00,1.31446,1.31446,1.31446,1.31446,0.0
2012-02-18 05:20:00,1.31446,1.31446,1.31446,1.31446,0.0
2012-02-18 05:21:00,1.31446,1.31446,1.31446,1.31446,0.0
2012-02-18 05:22:00,1.31446,1.31446,1.31446,1.31446,0.0
2012-02-18 05:23:00,1.31446,1.31446,1.31446,1.31446,0.0
2012-02-18 05:24:00,1.31446,1.31446,1.31446,1.31446,0.0
2012-02-18 05:25:00,1.31446,1.31446,1.31446,1.31446,0.0
2012-02-18 05:26:00,1.31446,1.31446,1.31446,1.31446,0.0
2012-02-18 05:27:00,1.31446,1.31446,1.31446,1.31446,0.0
2012-02-18 05:28:00,1.31446,1.31446,1.31446,1.31446,0.0
2012-02-18 05:29:00,1.31446,1.31446,1.31446,1.31446,0.0
2012-02-18 05:30:00,1.31446,1.31446,1.31446,1.31446,0.0
2012-02-18 05:31:00,1.31446,1.31446,1.31446,1.31446,0.0
2012-02-18 05:32:00,1.31446,1.31446,1.31446,1.31446,0.0
2012-02-18 05:33:00,1.31446,1.31446,1.31446,1.31446,0.0
2012-02-18 05:34:00,1.31446,1.31446,1.31446,1.31446,0.0
2012-02-18 05:35:00,1.31446,1.31446,1.31446,1.31446,0.0
2012-02-18 05:36:00,1.31446,1.31446,1.31446,1.31446,0.0
2012-02-18 05:37:00,1.31446,1.31446,1.31446,1.31446,0.0
2012-02-18 05:38:00,1.31446,1.31446,1.31446,1.31446,0.0
2012-02-18 05:39:00,1.31446,1.31446,1.31446,1.31446,0.0
2012-02-18 05:40:00,1.31446,1.31446,1.31446,1.31446,0.0
2012-02-18 05:41:00,1.31446,1.31446,1.31446,1.31446,0.0
2012-02-18 05:42:00,1.31446,1.31446,1.31446,1.31446,0.0
2012-02-18 05:43:00,1.31446,1.31446,1.31446,1.31446,0.0
2012-02-18 05:44:00,1.31446,1.31446,1.31446,1.31446,0.0
2012-02-18 05:45:00,1.31446,1.31446,1.31446,1.31446,0.0
2012-02-18 05:46:00,1.31446,1.31446,1.31446,1.31446,0.0
2012-02-18 05:47:00,1.31446,1.31446,1.31446,1.31446,0.0
2012-02-18 05:48:00,1.31446,1.31446,1.31446,1.31446,0.0
2012-02-18 05:49:00,1.31446,1.31446,1.31446,1.31446,0.0
2012-02-18 05:50:00,1.31446,1.31446,1.31446,1.31446,0.0
2012-02-18 05:51:00,1.31446,1.31446,1.31446,1.31446,0.0
2012-02-18 05:52:00,1.31446,1.31446,1.31446,1.31446,0.0
2012-02-18 05:53:00,1.31446,1.31446,1.31446,1.31446,0.0
2012-02-18 05:54:00,1.31446,1.31446,1.31446,1.31446,0.0
2012-02-18 05:55:00,1.31446,1.31446,1.31446,1.31446,0.0
2012-02-18 05:56:00,1.31446,1.31446,1.31446,1.31446,0.0
2012-02-18 05:57:00,1.31446,1.31446,1.31446,1.31446,0.0
2012-02-18 05:58:00,1.31446,1.31446,1.31446,1.31446,0.0
2012-02-18 05:59:00,1.31446,1.31446,1.31446,1.31446,0.0
2012-02-18 06:00:00,1.31446,1.31446,1.31446,1.31446,0.0
2012-02-18 06:01:00,1.31446,1.31446,1.31446,1.31446,0.0
2012-02-18 06:02:00,1.31446,1.31446,1.31446,1.31446,0.0
2012-02-18 06:03:00,1.31446,1.31446,1.31446,1.31446,0.0
2012-02-18 06:04:00,1.31446,1.31446,1.31446,1.31446,0.0
2012-02-18 06:05:00,1.31446,1.31446,1.31446,1.31446,0.0
2012-02-18 06:06:00,1.31446,1.31446,1.31446,1.31446,0.0
2012-02-18 06:07:00,1.31446,1.31446,1.31446,1.31446,0.0
2012-02-18 06:08:00,1.31446,1.31446,1.31446,1.31446,0.0
2012-02-18 06:09:00,1.31446,1.31446,1.31446,1.31446,0.0
2012-02-18 06:10:00,1.31446,1.31446,1.31446,1.31446,0.0
2012-02-18 06:11:00,1.31446,1.31446,1.31446,1.31446,0.0
2012-02-18 06:12:00,1.31446,1.31446,1.31446,1.31446,0.0
2012-02-18 06:13:00,1.31446,1.31446,1.31446,1.31446,0.0
2012-02-18 06:14:00,1.31446,1.31446,1.31446,1.31446,0.0
2012-02-18 06:15:00,1.31446,1.31446,1.31446,1.31446,0.0
2012-02-18 06:16:00,1.31446,1.31446,1.31446,1.31446,0.0
2012-02-18 06:17:00,1.31446,1.31446,1.31446,1.31446,0.0
2012-02-18 06:18:00,1.31446,1.31446,1.31446,1.31446,0.0
2012-02-18 06:19:00,1.31446,1.31446,1.31446,1.31446,0.0
2012-02-18 06:20:00,1.31446,1.31446,1.31446,1.31446,0.0
2012-02-18 06:21:00,1.31446,1.31446,1.31446,1.31446,0.0
2012-02-18 06:22:00,1.31446,1.31446,1.31446,1.31446,0.0
2012-02-18 06:23:00,1.31446,1.31446,1.31446,1.31446,0.0
2012-02-18 06:24:00,1.31446,1.31446,1.31446,1.31446,0.0
2012-02-18 06:25:00,1.31446,1.31446,1.31446,1.31446,0.0
2012-02-18 06:26:00,1.31446,1.31446,1.31446,1.31446,0.0
2012-02-18 06:27:00,1.31446,1.31446,1.31446,1.31446,0.0
2012-02-18 06:28:00,1.31446,1.31446,1.31446,1.31446,0.0
2012-02-18 06:29:00,1.31446,1.31446,1.31446,1.31446,0.0
2012-02-18 06:30:00,1.31446,1.31446,1.31446,1.31446,0.0
2012-02-18 06:31:00,1.31446,1.31446,1.31446,1.31446,0.0
2012-02-18 06:32:00,1.31446,1.31446,1.31446,1.31446,0.0
2012-02-18 06:33:00,1.31446,1.31446,1.31446,1.31446,0.0
2012-02-18 06:34:00,1.31446,1.31446,1.31446,1.31446,0.0
2012-02-18 06:35:00,1.31446,1.31446,1.31446,1.31446,0.0
2012-02-18 06:36:00,1.31446,1.31446,1.31446,1.31446,0.0
2012-02-18 06:37:00,1.31446,1.31446,1.31446,1.31446,0.0
2012-02-18 06:38:00,1.31446,1.31446,1.31446,1.31446,0.0
2012-02-18 06:39:00,1.31446,1.31446,1.31446,1.31446,0.0
2012-02-18 06:40:00,1.31446,1.31446,1.31446,1.31446,0.0
2012-02-18 06:41:00,1.31446,1.31446,1.31446,1.31446,0.0
2012-02-18 06:42:00,1.31446,1.31446,1.31446,1.31446,0.0
2012-02-18 06:43:00,1.31446,1.31446,1.31446,1.31446,0.0
2012-02-18 06:44:00,1.31446,1.31446,1.31446,1.31446,0.0
2012-02-18 06:45:00,1.31446,1.31446,1.31446,1.31446,0.0
2012-02-18 06:46:00,1.31446,1.31446,1.31446,1.31446,0.0
2012-02-18 06:47:00,1.31446,1.31446,1.31446,1.31446,0.0
2012-02-18 06:48:00,1.31446,1.31446,1.31446,1.31446,0.0
2012-02-18 06:49:00,1.31446,1.31446,1.31446,1.31446,0.0
2012-02-18 06:50:00,1.31446,1.31446,1.31446,1.31446,0.0
2012-02-18 06:51:00,1.31446,1.31446,1.31446,1.31446,0.0
2012-02-18 06:52:00,1.31446,1.31446,1.31446,1.31446,0.0
2012-02-18 06:53:00,1.31446,1.31446,1.31446,1.31446,0.0
2012-02-18 06:54:00,1.31446,1.31446,1.31446,1.31446,0.0
2012-02-18 06:55:00,1.31446,1.31446,1.31446,1.31446,0.0
2012-02-18 06:56:00,1.31446,1.31446,1.31446,1.31446,0.0
2012-02-18 06:57:00,1.31446,1.31446,1.31446,1.31446,0.0
2012-02-18 06:58:00,1.31446,1.31446,1.31446,1.31446,0.0
2012-02-18 06:59:00,1.31446,1.31446,1.31446,1.31446,0.0
2012-02-18 07:00:00,1.31446,1.31446,1.31446,1.31446,0.0
2012-02-18 07:01:00,1.31446,1.31446,1.31446,1.31446,0.0
2012-02-18 07:02:00,1.31446,1.31446,1.31446,1.31446,0.0
2012-02-18 07:03:00,1.31446,1.31446,1.31446,1.31446,0.0
2012-02-18 07:04:00,1.31446,1.31446,1.31446,1.31446,0.0
2012-02-18 07:05:00,1.31446,1.31446,1.31446,1.31446,0.0
2012-02-18 07:06:00,1.31446,1.31446,1.31446,1.31446,0.0
2012-02-18 07:07:00,1.31446,1.31446,1.31446,1.31446,0.0
2012-02-18 07:08:00,1.31446,1.31446,1.31446,1.31446,0.0
2012-02-18 07:09:00,1.31446,1.31446,1.31446,1.31446,0.0
2012-02-18 07:10:00,1.31446,1.31446,1.31446,1.31446,0.0
2012-02-18 07:11:00,1.31446,1.31446,1.31446,1.31446,0.0
2012-02-18 07:12:00,1.31446,1.31446,1.31446,1.31446,0.0
2012-02-18 07:13:00,1.31446,1.31446,1.31446,1.31446,0.0
2012-02-18 07:14:00,1.31446,1.31446,1.31446,1.31446,0.0
2012-02-18 07:15:00,1.31446,1.31446,1.31446,1.31446,0.0
2012-02-18 07:16:00,1.31446,1.31446,1.31446,1.31446,0.0
2012-02-18 07:17:00,1.31446,1.31446,1.31446,1.31446,0.0
2012-02-18 07:18:00,1.31446,1.31446,1.31446,1.31446,0.0
2012-02-18 07:19:00,1.31446,1.31446,1.31446,1.31446,0.0
2012-02-18 07:20:00,1.31446,1.31446,1.31446,1.31446,0.0
2012-02-18 07:21:00,1.31446,1.31446,1.31446,1.31446,0.0
2012-02-18 07:22:00,1.31446,1.31446,1.31446,1.31446,0.0
2012-02-18 07:23:00,1.31446,1.31446,1.31446,1.31446,0.0
2012-02-18 07:24:00,1.31446,1.31446,1.31446,1.31446,0.0
2012-02-18 07:25:00,1.31446,1.31446,1.31446,1.31446,0.0
2012-02-18 07:26:00,1.31446,1.31446,1.31446,1.31446,0.0
2012-02-18 07:27:00,1.31446,1.31446,1.31446,1.31446,0.0
2012-02-18 07:28:00,1.31446,1.31446,1.31446,1.31446,0.0
2012-02-18 07:29:00,1.31446,1.31446,1.31446,1.31446,0.0
2012-02-18 07:30:00,1.31446,1.31446,1.31446,1.31446,0.0
2012-02-18 07:31:00,1.31446,1.31446,1.31446,1.31446,0.0
2012-02-18 07:32:00,1.31446,1.31446,1.31446,1.31446,0.0
2012-02-18 07:33:00,1.31446,1.31446,1.31446,1.31446,0.0
2012-02-18 07:34:00,1.31446,1.31446,1.31446,1.31446,0.0
2012-02-18 07:35:00,1.31446,1.31446,1.31446,1.31446,0.0
2012-02-18 07:36:00,1.31446,1.31446,1.31446,1.31446,0.0
2012-02-18 07:37:00,1.31446,1.31446,1.31446,1.31446,0.0
2012-02-18 07:38:00,1.31446,1.31446,1.31446,1.31446,0.0
2012-02-18 07:39:00,1.31446,1.31446,1.31446,1.31446,0.0
2012-02-18 07:40:00,1.31446,1.31446,1.31446,1.31446,0.0
2012-02-18 07:41:00,1.31446,1.31446,1.31446,1.31446,0.0
2012-02-18 07:42:00,1.31446,1.31446,1.31446,1.31446,0.0
2012-02-18 07:43:00,1.31446,1.31446,1.31446,1.31446,0.0
2012-02-18 07:44:00,1.31446,1.31446,1.31446,1.31446,0.0
2012-02-18 07:45:00,1.31446,1.31446,1.31446,1.31446,0.0
2012-02-18 07:46:00,1.31446,1.31446,1.31446,1.31446,0.0
2012-02-18 07:47:00,1.31446,1.31446,1.31446,1.31446,0.0
2012-02-18 07:48:00,1.31446,1.31446,1.31446,1.31446,0.0
2012-02-18 07:49:00,1.31446,1.31446,1.31446,1.31446,0.0
2012-02-18 07:50:00,1.31446,1.31446,1.31446,1.31446,0.0
2012-02-18 07:51:00,1.31446,1.31446,1.31446,1.31446,0.0
2012-02-18 07:52:00,1.31446,1.31446,1.31446,1.31446,0.0
2012-02-18 07:53:00,1.31446,1.31446,1.31446,1.31446,0.0
2012-02-18 07:54:00,1.31446,1.31446,1.31446,1.31446,0.0
2012-02-18 07:55:00,1.31446,1.31446,1.31446,1.31446,0.0
2012-02-18 07:56:00,1.31446,1.31446,1.31446,1.31446,0.0
2012-02-18 07:57:00,1.31446,1.31446,1.31446,1.31446,0.0
2012-02-18 07:58:00,1.31446,1.31446,1.31446,1.31446,0.0
2012-02-18 07:59:00,1.31446,1.31446,1.31446,1.31446,0.0
2012-02-18 08:00:00,1.31446,1.31446,1.31446,1.31446,0.0
2012-02-18 08:01:00,1.31446,1.31446,1.31446,1.31446,0.0
2012-02-18 08:02:00,1.31446,1.31446,1.31446,1.31446,0.0
2012-02-18 08:03:00,1.31446,1.31446,1.31446,1.31446,0.0
2012-02-18 08:04:00,1.31446,1.31446,1.31446,1.31446,0.0
2012-02-18 08:05:00,1.31446,1.31446,1.31446,1.31446,0.0
2012-02-18 08:06:00,1.31446,1.31446,1.31446,1.31446,0.0
2012-02-18 08:07:00,1.31446,1.31446,1.31446,1.31446,0.0
2012-02-18 08:08:00,1.31446,1.31446,1.31446,1.31446,0.0
2012-02-18 08:09:00,1.31446,1.31446,1.31446,1.31446,0.0
2012-02-18 08:10:00,1.31446,1.31446,1.31446,1.31446,0.0
2012-02-18 08:11:00,1.31446,1.31446,1.31446,1.31446,0.0
2012-02-18 08:12:00,1.31446,1.31446,1.31446,1.31446,0.0
2012-02-18 08:13:00,1.31446,1.31446,1.31446,1.31446,0.0
2012-02-18 08:14:00,1.31446,1.31446,1.31446,1.31446,0.0
2012-02-18 08:15:00,1.31446,1.31446,1.31446,1.31446,0.0
2012-02-18 08:16:00,1.31446,1.31446,1.31446,1.31446,0.0
2012-02-18 08:17:00,1.31446,1.31446,1.31446,1.31446,0.0
2012-02-18 08:18:00,1.31446,1.31446,1.31446,1.31446,0.0
2012-02-18 08:19:00,1.31446,1.31446,1.31446,1.31446,0.0
2012-02-18 08:20:00,1.31446,1.31446,1.31446,1.31446,0.0
2012-02-18 08:21:00,1.31446,1.31446,1.31446,1.31446,0.0
2012-02-18 08:22:00,1.31446,1.31446,1.31446,1.31446,0.0
2012-02-18 08:23:00,1.31446,1.31446,1.31446,1.31446,0.0
2012-02-18 08:24:00,1.31446,1.31446,1.31446,1.31446,0.0
2012-02-18 08:25:00,1.31446,1.31446,1.31446,1.31446,0.0
2012-02-18 08:26:00,1.31446,1.31446,1.31446,1.31446,0.0
2012-02-18 08:27:00,1.31446,1.31446,1.31446,1.31446,0.0
2012-02-18 08:28:00,1.31446,1.31446,1.31446,1.31446,0.0
2012-02-18 08:29:00,1.31446,1.31446,1.31446,1.31446,0.0
2012-02-18 08:30:00,1.31446,1.31446,1.31446,1.31446,0.0
2012-02-18 08:31:00,1.31446,1.31446,1.31446,1.31446,0.0
2012-02-18 08:32:00,1.31446,1.31446,1.31446,1.31446,0.0
2012-02-18 08:33:00,1.31446,1.31446,1.31446,1.31446,0.0
2012-02-18 08:34:00,1.31446,1.31446,1.31446,1.31446,0.0
2012-02-18 08:35:00,1.31446,1.31446,1.31446,1.31446,0.0
2012-02-18 08:36:00,1.31446,1.31446,1.31446,1.31446,0.0
2012-02-18 08:37:00,1.31446,1.31446,1.31446,1.31446,0.0
2012-02-18 08:38:00,1.31446,1.31446,1.31446,1.31446,0.0
2012-02-18 08:39:00,1.31446,1.31446,1.31446,1.31446,0.0
2012-02-18 08:40:00,1.31446,1.31446,1.31446,1.31446,0.0
2012-02-18 08:41:00,1.31446,1.31446,1.31446,1.31446,0.0
2012-02-18 08:42:00,1.31446,1.31446,1.31446,1.31446,0.0
2012-02-18 08:43:00,1.31446,1.31446,1.31446,1.31446,0.0
2012-02-18 08:44:00,1.31446,1.31446,1.31446,1.31446,0.0
2012-02-18 08:45:00,1.31446,1.31446,1.31446,1.31446,0.0
2012-02-18 08:46:00,1.31446,1.31446,1.31446,1.31446,0.0
2012-02-18 08:47:00,1.31446,1.31446,1.31446,1.31446,0.0
2012-02-18 08:48:00,1.31446,1.31446,1.31446,1.31446,0.0
2012-02-18 08:49:00,1.31446,1.31446,1.31446,1.31446,0.0
2012-02-18 08:50:00,1.31446,1.31446,1.31446,1.31446,0.0
2012-02-18 08:51:00,1.31446,1.31446,1.31446,1.31446,0.0
2012-02-18 08:52:00,1.31446,1.31446,1.31446,1.31446,0.0
2012-02-18 08:53:00,1.31446,1.31446,1.31446,1.31446,0.0
2012-02-18 08:54:00,1.31446,1.31446,1.31446,1.31446,0.0
2012-02-18 08:55:00,1.31446,1.31446,1.31446,1.31446,0.0
2012-02-18 08:56:00,1.31446,1.31446,1.31446,1.31446,0.0
2012-02-18 08:57:00,1.31446,1.31446,1.31446,1.31446,0.0
2012-02-18 08:58:00,1.31446,1.31446,1.31446,1.31446,0.0
2012-02-18 08:59:00,1.31446,1.31446,1.31446,1.31446,0.0
2012-02-18 09:00:00,1.31446,1.31446,1.31446,1.31446,0.0
2012-02-18 09:01:00,1.31446,1.31446,1.31446,1.31446,0.0
2012-02-18 09:02:00,1.31446,1.31446,1.31446,1.31446,0.0
2012-02-18 09:03:00,1.31446,1.31446,1.31446,1.31446,0.0
2012-02-18 09:04:00,1.31446,1.31446,1.31446,1.31446,0.0
2012-02-18 09:05:00,1.31446,1.31446,1.31446,1.31446,0.0
2012-02-18 09:06:00,1.31446,1.31446,1.31446,1.31446,0.0
2012-02-18 09:07:00,1.31446,1.31446,1.31446,1.31446,0.0
2012-02-18 09:08:00,1.31446,1.31446,1.31446,1.31446,0.0
2012-02-18 09:09:00,1.31446,1.31446,1.31446,1.31446,0.0
2012-02-18 09:10:00,1.31446,1.31446,1.31446,1.31446,0.0
2012-02-18 09:11:00,1.31446,1.31446,1.31446,1.31446,0.0
2012-02-18 09:12:00,1.31446,1.31446,1.31446,1.31446,0.0
2012-02-18 09:13:00,1.31446,1.31446,1.31446,1.31446,0.0
2012-02-18 09:14:00,1.31446,1.31446,1.31446,1.31446,0.0
2012-02-18 09:15:00,1.31446,1.31446,1.31446,1.31446,0.0
2012-02-18 09:16:00,1.31446,1.31446,1.31446,1.31446,0.0
2012-02-18 09:17:00,1.31446,1.31446,1.31446,1.31446,0.0
2012-02-18 09:18:00,1.31446,1.31446,1.31446,1.31446,0.0
2012-02-18 09:19:00,1.31446,1.31446,1.31446,1.31446,0.0
2012-02-18 09:20:00,1.31446,1.31446,1.31446,1.31446,0.0
2012-02-18 09:21:00,1.31446,1.31446,1.31446,1.31446,0.0
2012-02-18 09:22:00,1.31446,1.31446,1.31446,1.31446,0.0
2012-02-18 09:23:00,1.31446,1.31446,1.31446,1.31446,0.0
2012-02-18 09:24:00,1.31446,1.31446,1.31446,1.31446,0.0
2012-02-18 09:25:00,1.31446,1.31446,1.31446,1.31446,0.0
2012-02-18 09:26:00,1.31446,1.31446,1.31446,1.31446,0.0
2012-02-18 09:27:00,1.31446,1.31446,1.31446,1.31446,0.0
2012-02-18 09:28:00,1.31446,1.31446,1.31446,1.31446,0.0
2012-02-18 09:29:00,1.31446,1.31446,1.31446,1.31446,0.0
2012-02-18 09:30:00,1.31446,1.31446,1.31446,1.31446,0.0
2012-02-18 09:31:00,1.31446,1.31446,1.31446,1.31446,0.0
2012-02-18 09:32:00,1.31446,1.31446,1.31446,1.31446,0.0
2012-02-18 09:33:00,1.31446,1.31446,1.31446,1.31446,0.0
2012-02-18 09:34:00,1.31446,1.31446,1.31446,1.31446,0.0
2012-02-18 09:35:00,1.31446,1.31446,1.31446,1.31446,0.0
2012-02-18 09:36:00,1.31446,1.31446,1.31446,1.31446,0.0
2012-02-18 09:37:00,1.31446,1.31446,1.31446,1.31446,0.0
2012-02-18 09:38:00,1.31446,1.31446,1.31446,1.31446,0.0
2012-02-18 09:39:00,1.31446,1.31446,1.31446,1.31446,0.0
2012-02-18 09:40:00,1.31446,1.31446,1.31446,1.31446,0.0
2012-02-18 09:41:00,1.31446,1.31446,1.31446,1.31446,0.0
2012-02-18 09:42:00,1.31446,1.31446,1.31446,1.31446,0.0
2012-02-18 09:43:00,1.31446,1.31446,1.31446,1.31446,0.0
2012-02-18 09:44:00,1.31446,1.31446,1.31446,1.31446,0.0
2012-02-18 09:45:00,1.31446,1.31446,1.31446,1.31446,0.0
2012-02-18 09:46:00,1.31446,1.31446,1.31446,1.31446,0.0
2012-02-18 09:47:00,1.31446,1.31446,1.31446,1.31446,0.0
2012-02-18 09:48:00,1.31446,1.31446,1.31446,1.31446,0.0
2012-02-18 09:49:00,1.31446,1.31446,1.31446,1.31446,0.0
2012-02-18 09:50:00,1.31446,1.31446,1.31446,1.31446,0.0
2012-02-18 09:51:00,1.31446,1.31446,1.31446,1.31446,0.0
2012-02-18 09:52:00,1.31446,1.31446,1.31446,1.31446,0.0
2012-02-18 09:53:00,1.31446,1.31446,1.31446,1.31446,0.0
2012-02-18 09:54:00,1.31446,1.31446,1.31446,1.31446,0.0
2012-02-18 09:55:00,1.31446,1.31446,1.31446,1.31446,0.0
2012-02-18 09:56:00,1.31446,1.31446,1.31446,1.31446,0.0
2012-02-18 09:57:00,1.31446,1.31446,1.31446,1.31446,0.0
2012-02-18 09:58:00,1.31446,1.31446,1.31446,1.31446,0.0
2012-02-18 09:59:00,1.31446,1.31446,1.31446,1.31446,0.0
2012-02-18 10:00:00,1.31446,1.31446,1.31446,1.31446,0.0
2012-02-18 10:01:00,1.31446,1.31446,1.31446,1.31446,0.0
2012-02-18 10:02:00,1.31446,1.31446,1.31446,1.31446,0.0
2012-02-18 10:03:00,1.31446,1.31446,1.31446,1.31446,0.0
2012-02-18 10:04:00,1.31446,1.31446,1.31446,1.31446,0.0
2012-02-18 10:05:00,1.31446,1.31446,1.31446,1.31446,0.0
2012-02-18 10:06:00,1.31446,1.31446,1.31446,1.31446,0.0
2012-02-18 10:07:00,1.31446,1.31446,1.31446,1.31446,0.0
2012-02-18 10:08:00,1.31446,1.31446,1.31446,1.31446,0.0
2012-02-18 10:09:00,1.31446,1.31446,1.31446,1.31446,0.0
2012-02-18 10:10:00,1.31446,1.31446,1.31446,1.31446,0.0
2012-02-18 10:11:00,1.31446,1.31446,1.31446,1.31446,0.0
2012-02-18 10:12:00,1.31446,1.31446,1.31446,1.31446,0.0
2012-02-18 10:13:00,1.31446,1.31446,1.31446,1.31446,0.0
2012-02-18 10:14:00,1.31446,1.31446,1.31446,1.31446,0.0
2012-02-18 10:15:00,1.31446,1.31446,1.31446,1.31446,0.0
2012-02-18 10:16:00,1.31446,1.31446,1.31446,1.31446,0.0
2012-02-18 10:17:00,1.31446,1.31446,1.31446,1.31446,0.0
2012-02-18 10:18:00,1.31446,1.31446,1.31446,1.31446,0.0
2012-02-18 10:19:00,1.31446,1.31446,1.31446,1.31446,0.0
2012-02-18 10:20:00,1.31446,1.31446,1.31446,1.31446,0.0
2012-02-18 10:21:00,1.31446,1.31446,1.31446,1.31446,0.0
2012-02-18 10:22:00,1.31446,1.31446,1.31446,1.31446,0.0
2012-02-18 10:23:00,1.31446,1.31446,1.31446,1.31446,0.0
2012-02-18 10:24:00,1.31446,1.31446,1.31446,1.31446,0.0
2012-02-18 10:25:00,1.31446,1.31446,1.31446,1.31446,0.0
2012-02-18 10:26:00,1.31446,1.31446,1.31446,1.31446,0.0
2012-02-18 10:27:00,1.31446,1.31446,1.31446,1.31446,0.0
2012-02-18 10:28:00,1.31446,1.31446,1.31446,1.31446,0.0
2012-02-18 10:29:00,1.31446,1.31446,1.31446,1.31446,0.0
2012-02-18 10:30:00,1.31446,1.31446,1.31446,1.31446,0.0
2012-02-18 10:31:00,1.31446,1.31446,1.31446,1.31446,0.0
2012-02-18 10:32:00,1.31446,1.31446,1.31446,1.31446,0.0
2012-02-18 10:33:00,1.31446,1.31446,1.31446,1.31446,0.0
2012-02-18 10:34:00,1.31446,1.31446,1.31446,1.31446,0.0
2012-02-18 10:35:00,1.31446,1.31446,1.31446,1.31446,0.0
2012-02-18 10:36:00,1.31446,1.31446,1.31446,1.31446,0.0
2012-02-18 10:37:00,1.31446,1.31446,1.31446,1.31446,0.0
2012-02-18 10:38:00,1.31446,1.31446,1.31446,1.31446,0.0
2012-02-18 10:39:00,1.31446,1.31446,1.31446,1.31446,0.0
2012-02-18 10:40:00,1.31446,1.31446,1.31446,1.31446,0.0
2012-02-18 10:41:00,1.31446,1.31446,1.31446,1.31446,0.0
2012-02-18 10:42:00,1.31446,1.31446,1.31446,1.31446,0.0
2012-02-18 10:43:00,1.31446,1.31446,1.31446,1.31446,0.0
2012-02-18 10:44:00,1.31446,1.31446,1.31446,1.31446,0.0
2012-02-18 10:45:00,1.31446,1.31446,1.31446,1.31446,0.0
2012-02-18 10:46:00,1.31446,1.31446,1.31446,1.31446,0.0
2012-02-18 10:47:00,1.31446,1.31446,1.31446,1.31446,0.0
2012-02-18 10:48:00,1.31446,1.31446,1.31446,1.31446,0.0
2012-02-18 10:49:00,1.31446,1.31446,1.31446,1.31446,0.0
2012-02-18 10:50:00,1.31446,1.31446,1.31446,1.31446,0.0
2012-02-18 10:51:00,1.31446,1.31446,1.31446,1.31446,0.0
2012-02-18 10:52:00,1.31446,1.31446,1.31446,1.31446,0.0
2012-02-18 10:53:00,1.31446,1.31446,1.31446,1.31446,0.0
2012-02-18 10:54:00,1.31446,1.31446,1.31446,1.31446,0.0
2012-02-18 10:55:00,1.31446,1.31446,1.31446,1.31446,0.0
2012-02-18 10:56:00,1.31446,1.31446,1.31446,1.31446,0.0
2012-02-18 10:57:00,1.31446,1.31446,1.31446,1.31446,0.0
2012-02-18 10:58:00,1.31446,1.31446,1.31446,1.31446,0.0
2012-02-18 10:59:00,1.31446,1.31446,1.31446,1.31446,0.0
2012-02-18 11:00:00,1.31446,1.31446,1.31446,1.31446,0.0
2012-02-18 11:01:00,1.31446,1.31446,1.31446,1.31446,0.0
2012-02-18 11:02:00,1.31446,1.31446,1.31446,1.31446,0.0
2012-02-18 11:03:00,1.31446,1.31446,1.31446,1.31446,0.0
2012-02-18 11:04:00,1.31446,1.31446,1.31446,1.31446,0.0
2012-02-18 11:05:00,1.31446,1.31446,1.31446,1.31446,0.0
2012-02-18 11:06:00,1.31446,1.31446,1.31446,1.31446,0.0
2012-02-18 11:07:00,1.31446,1.31446,1.31446,1.31446,0.0
2012-02-18 11:08:00,1.31446,1.31446,1.31446,1.31446,0.0
2012-02-18 11:09:00,1.31446,1.31446,1.31446,1.31446,0.0
2012-02-18 11:10:00,1.31446,1.31446,1.31446,1.31446,0.0
2012-02-18 11:11:00,1.31446,1.31446,1.31446,1.31446,0.0
2012-02-18 11:12:00,1.31446,1.31446,1.31446,1.31446,0.0
2012-02-18 11:13:00,1.31446,1.31446,1.31446,1.31446,0.0
2012-02-18 11:14:00,1.31446,1.31446,1.31446,1.31446,0.0
2012-02-18 11:15:00,1.31446,1.31446,1.31446,1.31446,0.0
2012-02-18 11:16:00,1.31446,1.31446,1.31446,1.31446,0.0
2012-02-18 11:17:00,1.31446,1.31446,1.31446,1.31446,0.0
2012-02-18 11:18:00,1.31446,1.31446,1.31446,1.31446,0.0
2012-02-18 11:19:00,1.31446,1.31446,1.31446,1.31446,0.0
2012-02-18 11:20:00,1.31446,1.31446,1.31446,1.31446,0.0
2012-02-18 11:21:00,1.31446,1.31446,1.31446,1.31446,0.0
2012-02-18 11:22:00,1.31446,1.31446,1.31446,1.31446,0.0
2012-02-18 11:23:00,1.31446,1.31446,1.31446,1.31446,0.0
2012-02-18 11:24:00,1.31446,1.31446,1.31446,1.31446,0.0
2012-02-18 11:25:00,1.31446,1.31446,1.31446,1.31446,0.0
2012-02-18 11:26:00,1.31446,1.31446,1.31446,1.31446,0.0
2012-02-18 11:27:00,1.31446,1.31446,1.31446,1.31446,0.0
2012-02-18 11:28:00,1.31446,1.31446,1.31446,1.31446,0.0
2012-02-18 11:29:00,1.31446,1.31446,1.31446,1.31446,0.0
2012-02-18 11:30:00,1.31446,1.31446,1.31446,1.31446,0.0
2012-02-18 11:31:00,1.31446,1.31446,1.31446,1.31446,0.0
2012-02-18 11:32:00,1.31446,1.31446,1.31446,1.31446,0.0
2012-02-18 11:33:00,1.31446,1.31446,1.31446,1.31446,0.0
2012-02-18 11:34:00,1.31446,1.31446,1.31446,1.31446,0.0
2012-02-18 11:35:00,1.31446,1.31446,1.31446,1.31446,0.0
2012-02-18 11:36:00,1.31446,1.31446,1.31446,1.31446,0.0
2012-02-18 11:37:00,1.31446,1.31446,1.31446,1.31446,0.0
2012-02-18 11:38:00,1.31446,1.31446,1.31446,1.31446,0.0
2012-02-18 11:39:00,1.31446,1.31446,1.31446,1.31446,0.0
2012-02-18 11:40:00,1.31446,1.31446,1.31446,1.31446,0.0
2012-02-18 11:41:00,1.31446,1.31446,1.31446,1.31446,0.0
2012-02-18 11:42:00,1.31446,1.31446,1.31446,1.31446,0.0
2012-02-18 11:43:00,1.31446,1.31446,1.31446,1.31446,0.0
2012-02-18 11:44:00,1.31446,1.31446,1.31446,1.31446,0.0
2012-02-18 11:45:00,1.31446,1.31446,1.31446,1.31446,0.0
2012-02-18 11:46:00,1.31446,1.31446,1.31446,1.31446,0.0
2012-02-18 11:47:00,1.31446,1.31446,1.31446,1.31446,0.0
2012-02-18 11:48:00,1.31446,1.31446,1.31446,1.31446,0.0
2012-02-18 11:49:00,1.31446,1.31446,1.31446,1.31446,0.0
2012-02-18 11:50:00,1.31446,1.31446,1.31446,1.31446,0.0
2012-02-18 11:51:00,1.31446,1.31446,1.31446,1.31446,0.0
2012-02-18 11:52:00,1.31446,1.31446,1.31446,1.31446,0.0
2012-02-18 11:53:00,1.31446,1.31446,1.31446,1.31446,0.0
2012-02-18 11:54:00,1.31446,1.31446,1.31446,1.31446,0.0
2012-02-18 11:55:00,1.31446,1.31446,1.31446,1.31446,0.0
2012-02-18 11:56:00,1.31446,1.31446,1.31446,1.31446,0.0
2012-02-18 11:57:00,1.31446,1.31446,1.31446,1.31446,0.0
2012-02-18 11:58:00,1.31446,1.31446,1.31446,1.31446,0.0
2012-02-18 11:59:00,1.31446,1.31446,1.31446,1.31446,0.0
2012-02-18 12:00:00,1.31446,1.31446,1.31446,1.31446,0.0
2012-02-18 12:01:00,1.31446,1.31446,1.31446,1.31446,0.0
2012-02-18 12:02:00,1.31446,1.31446,1.31446,1.31446,0.0
2012-02-18 12:03:00,1.31446,1.31446,1.31446,1.31446,0.0
2012-02-18 12:04:00,1.31446,1.31446,1.31446,1.31446,0.0
2012-02-18 12:05:00,1.31446,1.31446,1.31446,1.31446,0.0
2012-02-18 12:06:00,1.31446,1.31446,1.31446,1.31446,0.0
2012-02-18 12:07:00,1.31446,1.31446,1.31446,1.31446,0.0
2012-02-18 12:08:00,1.31446,1.31446,1.31446,1.31446,0.0
2012-02-18 12:09:00,1.31446,1.31446,1.31446,1.31446,0.0
2012-02-18 12:10:00,1.31446,1.31446,1.31446,1.31446,0.0
2012-02-18 12:11:00,1.31446,1.31446,1.31446,1.31446,0.0
2012-02-18 12:12:00,1.31446,1.31446,1.31446,1.31446,0.0
2012-02-18 12:13:00,1.31446,1.31446,1.31446,1.31446,0.0
2012-02-18 12:14:00,1.31446,1.31446,1.31446,1.31446,0.0
2012-02-18 12:15:00,1.31446,1.31446,1.31446,1.31446,0.0
2012-02-18 12:16:00,1.31446,1.31446,1.31446,1.31446,0.0
2012-02-18 12:17:00,1.31446,1.31446,1.31446,1.31446,0.0
2012-02-18 12:18:00,1.31446,1.31446,1.31446,1.31446,0.0
2012-02-18 12:19:00,1.31446,1.31446,1.31446,1.31446,0.0
2012-02-18 12:20:00,1.31446,1.31446,1.31446,1.31446,0.0
2012-02-18 12:21:00,1.31446,1.31446,1.31446,1.31446,0.0
2012-02-18 12:22:00,1.31446,1.31446,1.31446,1.31446,0.0
2012-02-18 12:23:00,1.31446,1.31446,1.31446,1.31446,0.0
2012-02-18 12:24:00,1.31446,1.31446,1.31446,1.31446,0.0
2012-02-18 12:25:00,1.31446,1.31446,1.31446,1.31446,0.0
2012-02-18 12:26:00,1.31446,1.31446,1.31446,1.31446,0.0
2012-02-18 12:27:00,1.31446,1.31446,1.31446,1.31446,0.0
2012-02-18 12:28:00,1.31446,1.31446,1.31446,1.31446,0.0
2012-02-18 12:29:00,1.31446,1.31446,1.31446,1.31446,0.0
2012-02-18 12:30:00,1.31446,1.31446,1.31446,1.31446,0.0
2012-02-18 12:31:00,1.31446,1.31446,1.31446,1.31446,0.0
2012-02-18 12:32:00,1.31446,1.31446,1.31446,1.31446,0.0
2012-02-18 12:33:00,1.31446,1.31446,1.31446,1.31446,0.0
2012-02-18 12:34:00,1.31446,1.31446,1.31446,1.31446,0.0
2012-02-18 12:35:00,1.31446,1.31446,1.31446,1.31446,0.0
2012-02-18 12:36:00,1.31446,1.31446,1.31446,1.31446,0.0
2012-02-18 12:37:00,1.31446,1.31446,1.31446,1.31446,0.0
2012-02-18 12:38:00,1.31446,1.31446,1.31446,1.31446,0.0
2012-02-18 12:39:00,1.31446,1.31446,1.31446,1.31446,0.0
2012-02-18 12:40:00,1.31446,1.31446,1.31446,1.31446,0.0
2012-02-18 12:41:00,1.31446,1.31446,1.31446,1.31446,0.0
2012-02-18 12:42:00,1.31446,1.31446,1.31446,1.31446,0.0
2012-02-18 12:43:00,1.31446,1.31446,1.31446,1.31446,0.0
2012-02-18 12:44:00,1.31446,1.31446,1.31446,1.31446,0.0
2012-02-18 12:45:00,1.31446,1.31446,1.31446,1.31446,0.0
2012-02-18 12:46:00,1.31446,1.31446,1.31446,1.31446,0.0
2012-02-18 12:47:00,1.31446,1.31446,1.31446,1.31446,0.0
2012-02-18 12:48:00,1.31446,1.31446,1.31446,1.31446,0.0
2012-02-18 12:49:00,1.31446,1.31446,1.31446,1.31446,0.0
2012-02-18 12:50:00,1.31446,1.31446,1.31446,1.31446,0.0
2012-02-18 12:51:00,1.31446,1.31446,1.31446,1.31446,0.0
2012-02-18 12:52:00,1.31446,1.31446,1.31446,1.31446,0.0
2012-02-18 12:53:00,1.31446,1.31446,1.31446,1.31446,0.0
2012-02-18 12:54:00,1.31446,1.31446,1.31446,1.31446,0.0
2012-02-18 12:55:00,1.31446,1.31446,1.31446,1.31446,0.0
2012-02-18 12:56:00,1.31446,1.31446,1.31446,1.31446,0.0
2012-02-18 12:57:00,1.31446,1.31446,1.31446,1.31446,0.0
2012-02-18 12:58:00,1.31446,1.31446,1.31446,1.31446,0.0
2012-02-18 12:59:00,1.31446,1.31446,1.31446,1.31446,0.0
2012-02-18 13:00:00,1.31446,1.31446,1.31446,1.31446,0.0
2012-02-18 13:01:00,1.31446,1.31446,1.31446,1.31446,0.0
2012-02-18 13:02:00,1.31446,1.31446,1.31446,1.31446,0.0
2012-02-18 13:03:00,1.31446,1.31446,1.31446,1.31446,0.0
2012-02-18 13:04:00,1.31446,1.31446,1.31446,1.31446,0.0
2012-02-18 13:05:00,1.31446,1.31446,1.31446,1.31446,0.0
2012-02-18 13:06:00,1.31446,1.31446,1.31446,1.31446,0.0
2012-02-18 13:07:00,1.31446,1.31446,1.31446,1.31446,0.0
2012-02-18 13:08:00,1.31446,1.31446,1.31446,1.31446,0.0
2012-02-18 13:09:00,1.31446,1.31446,1.31446,1.31446,0.0
2012-02-18 13:10:00,1.31446,1.31446,1.31446,1.31446,0.0
2012-02-18 13:11:00,1.31446,1.31446,1.31446,1.31446,0.0
2012-02-18 13:12:00,1.31446,1.31446,1.31446,1.31446,0.0
2012-02-18 13:13:00,1.31446,1.31446,1.31446,1.31446,0.0
2012-02-18 13:14:00,1.31446,1.31446,1.31446,1.31446,0.0
2012-02-18 13:15:00,1.31446,1.31446,1.31446,1.31446,0.0
2012-02-18 13:16:00,1.31446,1.31446,1.31446,1.31446,0.0
2012-02-18 13:17:00,1.31446,1.31446,1.31446,1.31446,0.0
2012-02-18 13:18:00,1.31446,1.31446,1.31446,1.31446,0.0
2012-02-18 13:19:00,1.31446,1.31446,1.31446,1.31446,0.0
2012-02-18 13:20:00,1.31446,1.31446,1.31446,1.31446,0.0
2012-02-18 13:21:00,1.31446,1.31446,1.31446,1.31446,0.0
2012-02-18 13:22:00,1.31446,1.31446,1.31446,1.31446,0.0
2012-02-18 13:23:00,1.31446,1.31446,1.31446,1.31446,0.0
2012-02-18 13:24:00,1.31446,1.31446,1.31446,1.31446,0.0
2012-02-18 13:25:00,1.31446,1.31446,1.31446,1.31446,0.0
2012-02-18 13:26:00,1.31446,1.31446,1.31446,1.31446,0.0
2012-02-18 13:27:00,1.31446,1.31446,1.31446,1.31446,0.0
2012-02-18 13:28:00,1.31446,1.31446,1.31446,1.31446,0.0
2012-02-18 13:29:00,1.31446,1.31446,1.31446,1.31446,0.0
2012-02-18 13:30:00,1.31446,1.31446,1.31446,1.31446,0.0
2012-02-18 13:31:00,1.31446,1.31446,1.31446,1.31446,0.0
2012-02-18 13:32:00,1.31446,1.31446,1.31446,1.31446,0.0
2012-02-18 13:33:00,1.31446,1.31446,1.31446,1.31446,0.0
2012-02-18 13:34:00,1.31446,1.31446,1.31446,1.31446,0.0
2012-02-18 13:35:00,1.31446,1.31446,1.31446,1.31446,0.0
2012-02-18 13:36:00,1.31446,1.31446,1.31446,1.31446,0.0
2012-02-18 13:37:00,1.31446,1.31446,1.31446,1.31446,0.0
2012-02-18 13:38:00,1.31446,1.31446,1.31446,1.31446,0.0
2012-02-18 13:39:00,1.31446,1.31446,1.31446,1.31446,0.0
2012-02-18 13:40:00,1.31446,1.31446,1.31446,1.31446,0.0
2012-02-18 13:41:00,1.31446,1.31446,1.31446,1.31446,0.0
2012-02-18 13:42:00,1.31446,1.31446,1.31446,1.31446,0.0
2012-02-18 13:43:00,1.31446,1.31446,1.31446,1.31446,0.0
2012-02-18 13:44:00,1.31446,1.31446,1.31446,1.31446,0.0
2012-02-18 13:45:00,1.31446,1.31446,1.31446,1.31446,0.0
2012-02-18 13:46:00,1.31446,1.31446,1.31446,1.31446,0.0
2012-02-18 13:47:00,1.31446,1.31446,1.31446,1.31446,0.0
2012-02-18 13:48:00,1.31446,1.31446,1.31446,1.31446,0.0
2012-02-18 13:49:00,1.31446,1.31446,1.31446,1.31446,0.0
2012-02-18 13:50:00,1.31446,1.31446,1.31446,1.31446,0.0
2012-02-18 13:51:00,1.31446,1.31446,1.31446,1.31446,0.0
2012-02-18 13:52:00,1.31446,1.31446,1.31446,1.31446,0.0
2012-02-18 13:53:00,1.31446,1.31446,1.31446,1.31446,0.0
2012-02-18 13:54:00,1.31446,1.31446,1.31446,1.31446,0.0
2012-02-18 13:55:00,1.31446,1.31446,1.31446,1.31446,0.0
2012-02-18 13:56:00,1.31446,1.31446,1.31446,1.31446,0.0
2012-02-18 13:57:00,1.31446,1.31446,1.31446,1.31446,0.0
2012-02-18 13:58:00,1.31446,1.31446,1.31446,1.31446,0.0
2012-02-18 13:59:00,1.31446,1.31446,1.31446,1.31446,0.0
2012-02-18 14:00:00,1.31446,1.31446,1.31446,1.31446,0.0
2012-02-18 14:01:00,1.31446,1.31446,1.31446,1.31446,0.0
2012-02-18 14:02:00,1.31446,1.31446,1.31446,1.31446,0.0
2012-02-18 14:03:00,1.31446,1.31446,1.31446,1.31446,0.0
2012-02-18 14:04:00,1.31446,1.31446,1.31446,1.31446,0.0
2012-02-18 14:05:00,1.31446,1.31446,1.31446,1.31446,0.0
2012-02-18 14:06:00,1.31446,1.31446,1.31446,1.31446,0.0
2012-02-18 14:07:00,1.31446,1.31446,1.31446,1.31446,0.0
2012-02-18 14:08:00,1.31446,1.31446,1.31446,1.31446,0.0
2012-02-18 14:09:00,1.31446,1.31446,1.31446,1.31446,0.0
2012-02-18 14:10:00,1.31446,1.31446,1.31446,1.31446,0.0
2012-02-18 14:11:00,1.31446,1.31446,1.31446,1.31446,0.0
2012-02-18 14:12:00,1.31446,1.31446,1.31446,1.31446,0.0
2012-02-18 14:13:00,1.31446,1.31446,1.31446,1.31446,0.0
2012-02-18 14:14:00,1.31446,1.31446,1.31446,1.31446,0.0
2012-02-18 14:15:00,1.31446,1.31446,1.31446,1.31446,0.0
2012-02-18 14:16:00,1.31446,1.31446,1.31446,1.31446,0.0
2012-02-18 14:17:00,1.31446,1.31446,1.31446,1.31446,0.0
2012-02-18 14:18:00,1.31446,1.31446,1.31446,1.31446,0.0
2012-02-18 14:19:00,1.31446,1.31446,1.31446,1.31446,0.0
2012-02-18 14:20:00,1.31446,1.31446,1.31446,1.31446,0.0
2012-02-18 14:21:00,1.31446,1.31446,1.31446,1.31446,0.0
2012-02-18 14:22:00,1.31446,1.31446,1.31446,1.31446,0.0
2012-02-18 14:23:00,1.31446,1.31446,1.31446,1.31446,0.0
2012-02-18 14:24:00,1.31446,1.31446,1.31446,1.31446,0.0
2012-02-18 14:25:00,1.31446,1.31446,1.31446,1.31446,0.0
2012-02-18 14:26:00,1.31446,1.31446,1.31446,1.31446,0.0
2012-02-18 14:27:00,1.31446,1.31446,1.31446,1.31446,0.0
2012-02-18 14:28:00,1.31446,1.31446,1.31446,1.31446,0.0
2012-02-18 14:29:00,1.31446,1.31446,1.31446,1.31446,0.0
2012-02-18 14:30:00,1.31446,1.31446,1.31446,1.31446,0.0
2012-02-18 14:31:00,1.31446,1.31446,1.31446,1.31446,0.0
2012-02-18 14:32:00,1.31446,1.31446,1.31446,1.31446,0.0
2012-02-18 14:33:00,1.31446,1.31446,1.31446,1.31446,0.0
2012-02-18 14:34:00,1.31446,1.31446,1.31446,1.31446,0.0
2012-02-18 14:35:00,1.31446,1.31446,1.31446,1.31446,0.0
2012-02-18 14:36:00,1.31446,1.31446,1.31446,1.31446,0.0
2012-02-18 14:37:00,1.31446,1.31446,1.31446,1.31446,0.0
2012-02-18 14:38:00,1.31446,1.31446,1.31446,1.31446,0.0
2012-02-18 14:39:00,1.31446,1.31446,1.31446,1.31446,0.0
2012-02-18 14:40:00,1.31446,1.31446,1.31446,1.31446,0.0
2012-02-18 14:41:00,1.31446,1.31446,1.31446,1.31446,0.0
2012-02-18 14:42:00,1.31446,1.31446,1.31446,1.31446,0.0
2012-02-18 14:43:00,1.31446,1.31446,1.31446,1.31446,0.0
2012-02-18 14:44:00,1.31446,1.31446,1.31446,1.31446,0.0
2012-02-18 14:45:00,1.31446,1.31446,1.31446,1.31446,0.0
2012-02-18 14:46:00,1.31446,1.31446,1.31446,1.31446,0.0
2012-02-18 14:47:00,1.31446,1.31446,1.31446,1.31446,0.0
2012-02-18 14:48:00,1.31446,1.31446,1.31446,1.31446,0.0
2012-02-18 14:49:00,1.31446,1.31446,1.31446,1.31446,0.0
2012-02-18 14:50:00,1.31446,1.31446,1.31446,1.31446,0.0
2012-02-18 14:51:00,1.31446,1.31446,1.31446,1.31446,0.0
2012-02-18 14:52:00,1.31446,1.31446,1.31446,1.31446,0.0
2012-02-18 14:53:00,1.31446,1.31446,1.31446,1.31446,0.0
2012-02-18 14:54:00,1.31446,1.31446,1.31446,1.31446,0.0
2012-02-18 14:55:00,1.31446,1.31446,1.31446,1.31446,0.0
2012-02-18 14:56:00,1.31446,1.31446,1.31446,1.31446,0.0
2012-02-18 14:57:00,1.31446,1.31446,1.31446,1.31446,0.0
2012-02-18 14:58:00,1.31446,1.31446,1.31446,1.31446,0.0
2012-02-18 14:59:00,1.31446,1.31446,1.31446,1.31446,0.0
2012-02-18 15:00:00,1.31446,1.31446,1.31446,1.31446,0.0
2012-02-18 15:01:00,1.31446,1.31446,1.31446,1.31446,0.0
2012-02-18 15:02:00,1.31446,1.31446,1.31446,1.31446,0.0
2012-02-18 15:03:00,1.31446,1.31446,1.31446,1.31446,0.0
2012-02-18 15:04:00,1.31446,1.31446,1.31446,1.31446,0.0
2012-02-18 15:05:00,1.31446,1.31446,1.31446,1.31446,0.0
2012-02-18 15:06:00,1.31446,1.31446,1.31446,1.31446,0.0
2012-02-18 15:07:00,1.31446,1.31446,1.31446,1.31446,0.0
2012-02-18 15:08:00,1.31446,1.31446,1.31446,1.31446,0.0
2012-02-18 15:09:00,1.31446,1.31446,1.31446,1.31446,0.0
2012-02-18 15:10:00,1.31446,1.31446,1.31446,1.31446,0.0
2012-02-18 15:11:00,1.31446,1.31446,1.31446,1.31446,0.0
2012-02-18 15:12:00,1.31446,1.31446,1.31446,1.31446,0.0
2012-02-18 15:13:00,1.31446,1.31446,1.31446,1.31446,0.0
2012-02-18 15:14:00,1.31446,1.31446,1.31446,1.31446,0.0
2012-02-18 15:15:00,1.31446,1.31446,1.31446,1.31446,0.0
2012-02-18 15:16:00,1.31446,1.31446,1.31446,1.31446,0.0
2012-02-18 15:17:00,1.31446,1.31446,1.31446,1.31446,0.0
2012-02-18 15:18:00,1.31446,1.31446,1.31446,1.31446,0.0
2012-02-18 15:19:00,1.31446,1.31446,1.31446,1.31446,0.0
2012-02-18 15:20:00,1.31446,1.31446,1.31446,1.31446,0.0
2012-02-18 15:21:00,1.31446,1.31446,1.31446,1.31446,0.0
2012-02-18 15:22:00,1.31446,1.31446,1.31446,1.31446,0.0
2012-02-18 15:23:00,1.31446,1.31446,1.31446,1.31446,0.0
2012-02-18 15:24:00,1.31446,1.31446,1.31446,1.31446,0.0
2012-02-18 15:25:00,1.31446,1.31446,1.31446,1.31446,0.0
2012-02-18 15:26:00,1.31446,1.31446,1.31446,1.31446,0.0
2012-02-18 15:27:00,1.31446,1.31446,1.31446,1.31446,0.0
2012-02-18 15:28:00,1.31446,1.31446,1.31446,1.31446,0.0
2012-02-18 15:29:00,1.31446,1.31446,1.31446,1.31446,0.0
2012-02-18 15:30:00,1.31446,1.31446,1.31446,1.31446,0.0
2012-02-18 15:31:00,1.31446,1.31446,1.31446,1.31446,0.0
2012-02-18 15:32:00,1.31446,1.31446,1.31446,1.31446,0.0
2012-02-18 15:33:00,1.31446,1.31446,1.31446,1.31446,0.0
2012-02-18 15:34:00,1.31446,1.31446,1.31446,1.31446,0.0
2012-02-18 15:35:00,1.31446,1.31446,1.31446,1.31446,0.0
2012-02-18 15:36:00,1.31446,1.31446,1.31446,1.31446,0.0
2012-02-18 15:37:00,1.31446,1.31446,1.31446,1.31446,0.0
2012-02-18 15:38:00,1.31446,1.31446,1.31446,1.31446,0.0
2012-02-18 15:39:00,1.31446,1.31446,1.31446,1.31446,0.0
2012-02-18 15:40:00,1.31446,1.31446,1.31446,1.31446,0.0
2012-02-18 15:41:00,1.31446,1.31446,1.31446,1.31446,0.0
2012-02-18 15:42:00,1.31446,1.31446,1.31446,1.31446,0.0
2012-02-18 15:43:00,1.31446,1.31446,1.31446,1.31446,0.0
2012-02-18 15:44:00,1.31446,1.31446,1.31446,1.31446,0.0
2012-02-18 15:45:00,1.31446,1.31446,1.31446,1.31446,0.0
2012-02-18 15:46:00,1.31446,1.31446,1.31446,1.31446,0.0
2012-02-18 15:47:00,1.31446,1.31446,1.31446,1.31446,0.0
2012-02-18 15:48:00,1.31446,1.31446,1.31446,1.31446,0.0
2012-02-18 15:49:00,1.31446,1.31446,1.31446,1.31446,0.0
2012-02-18 15:50:00,1.31446,1.31446,1.31446,1.31446,0.0
2012-02-18 15:51:00,1.31446,1.31446,1.31446,1.31446,0.0
2012-02-18 15:52:00,1.31446,1.31446,1.31446,1.31446,0.0
2012-02-18 15:53:00,1.31446,1.31446,1.31446,1.31446,0.0
2012-02-18 15:54:00,1.31446,1.31446,1.31446,1.31446,0.0
2012-02-18 15:55:00,1.31446,1.31446,1.31446,1.31446,0.0
2012-02-18 15:56:00,1.31446,1.31446,1.31446,1.31446,0.0
2012-02-18 15:57:00,1.31446,1.31446,1.31446,1.31446,0.0
2012-02-18 15:58:00,1.31446,1.31446,1.31446,1.31446,0.0
2012-02-18 15:59:00,1.31446,1.31446,1.31446,1.31446,0.0
2012-02-18 16:00:00,1.31446,1.31446,1.31446,1.31446,0.0
2012-02-18 16:01:00,1.31446,1.31446,1.31446,1.31446,0.0
2012-02-18 16:02:00,1.31446,1.31446,1.31446,1.31446,0.0
2012-02-18 16:03:00,1.31446,1.31446,1.31446,1.31446,0.0
2012-02-18 16:04:00,1.31446,1.31446,1.31446,1.31446,0.0
2012-02-18 16:05:00,1.31446,1.31446,1.31446,1.31446,0.0
2012-02-18 16:06:00,1.31446,1.31446,1.31446,1.31446,0.0
2012-02-18 16:07:00,1.31446,1.31446,1.31446,1.31446,0.0
2012-02-18 16:08:00,1.31446,1.31446,1.31446,1.31446,0.0
2012-02-18 16:09:00,1.31446,1.31446,1.31446,1.31446,0.0
2012-02-18 16:10:00,1.31446,1.31446,1.31446,1.31446,0.0
2012-02-18 16:11:00,1.31446,1.31446,1.31446,1.31446,0.0
2012-02-18 16:12:00,1.31446,1.31446,1.31446,1.31446,0.0
2012-02-18 16:13:00,1.31446,1.31446,1.31446,1.31446,0.0
2012-02-18 16:14:00,1.31446,1.31446,1.31446,1.31446,0.0
2012-02-18 16:15:00,1.31446,1.31446,1.31446,1.31446,0.0
2012-02-18 16:16:00,1.31446,1.31446,1.31446,1.31446,0.0
2012-02-18 16:17:00,1.31446,1.31446,1.31446,1.31446,0.0
2012-02-18 16:18:00,1.31446,1.31446,1.31446,1.31446,0.0
2012-02-18 16:19:00,1.31446,1.31446,1.31446,1.31446,0.0
2012-02-18 16:20:00,1.31446,1.31446,1.31446,1.31446,0.0
2012-02-18 16:21:00,1.31446,1.31446,1.31446,1.31446,0.0
2012-02-18 16:22:00,1.31446,1.31446,1.31446,1.31446,0.0
2012-02-18 16:23:00,1.31446,1.31446,1.31446,1.31446,0.0
2012-02-18 16:24:00,1.31446,1.31446,1.31446,1.31446,0.0
2012-02-18 16:25:00,1.31446,1.31446,1.31446,1.31446,0.0
2012-02-18 16:26:00,1.31446,1.31446,1.31446,1.31446,0.0
2012-02-18 16:27:00,1.31446,1.31446,1.31446,1.31446,0.0
2012-02-18 16:28:00,1.31446,1.31446,1.31446,1.31446,0.0
2012-02-18 16:29:00,1.31446,1.31446,1.31446,1.31446,0.0
2012-02-18 16:30:00,1.31446,1.31446,1.31446,1.31446,0.0
2012-02-18 16:31:00,1.31446,1.31446,1.31446,1.31446,0.0
2012-02-18 16:32:00,1.31446,1.31446,1.31446,1.31446,0.0
2012-02-18 16:33:00,1.31446,1.31446,1.31446,1.31446,0.0
2012-02-18 16:34:00,1.31446,1.31446,1.31446,1.31446,0.0
2012-02-18 16:35:00,1.31446,1.31446,1.31446,1.31446,0.0
2012-02-18 16:36:00,1.31446,1.31446,1.31446,1.31446,0.0
2012-02-18 16:37:00,1.31446,1.31446,1.31446,1.31446,0.0
2012-02-18 16:38:00,1.31446,1.31446,1.31446,1.31446,0.0
2012-02-18 16:39:00,1.31446,1.31446,1.31446,1.31446,0.0
2012-02-18 16:40:00,1.31446,1.31446,1.31446,1.31446,0.0
2012-02-18 16:41:00,1.31446,1.31446,1.31446,1.31446,0.0
2012-02-18 16:42:00,1.31446,1.31446,1.31446,1.31446,0.0
2012-02-18 16:43:00,1.31446,1.31446,1.31446,1.31446,0.0
2012-02-18 16:44:00,1.31446,1.31446,1.31446,1.31446,0.0
2012-02-18 16:45:00,1.31446,1.31446,1.31446,1.31446,0.0
2012-02-18 16:46:00,1.31446,1.31446,1.31446,1.31446,0.0
2012-02-18 16:47:00,1.31446,1.31446,1.31446,1.31446,0.0
2012-02-18 16:48:00,1.31446,1.31446,1.31446,1.31446,0.0
2012-02-18 16:49:00,1.31446,1.31446,1.31446,1.31446,0.0
2012-02-18 16:50:00,1.31446,1.31446,1.31446,1.31446,0.0
2012-02-18 16:51:00,1.31446,1.31446,1.31446,1.31446,0.0
2012-02-18 16:52:00,1.31446,1.31446,1.31446,1.31446,0.0
2012-02-18 16:53:00,1.31446,1.31446,1.31446,1.31446,0.0
2012-02-18 16:54:00,1.31446,1.31446,1.31446,1.31446,0.0
2012-02-18 16:55:00,1.31446,1.31446,1.31446,1.31446,0.0
2012-02-18 16:56:00,1.31446,1.31446,1.31446,1.31446,0.0
2012-02-18 16:57:00,1.31446,1.31446,1.31446,1.31446,0.0
2012-02-18 16:58:00,1.31446,1.31446,1.31446,1.31446,0.0
2012-02-18 16:59:00,1.31446,1.31446,1.31446,1.31446,0.0
2012-02-18 17:00:00,1.31446,1.31446,1.31446,1.31446,0.0
2012-02-18 17:01:00,1.31446,1.31446,1.31446,1.31446,0.0
2012-02-18 17:02:00,1.31446,1.31446,1.31446,1.31446,0.0
2012-02-18 17:03:00,1.31446,1.31446,1.31446,1.31446,0.0
2012-02-18 17:04:00,1.31446,1.31446,1.31446,1.31446,0.0
2012-02-18 17:05:00,1.31446,1.31446,1.31446,1.31446,0.0
2012-02-18 17:06:00,1.31446,1.31446,1.31446,1.31446,0.0
2012-02-18 17:07:00,1.31446,1.31446,1.31446,1.31446,0.0
2012-02-18 17:08:00,1.31446,1.31446,1.31446,1.31446,0.0
2012-02-18 17:09:00,1.31446,1.31446,1.31446,1.31446,0.0
2012-02-18 17:10:00,1.31446,1.31446,1.31446,1.31446,0.0
2012-02-18 17:11:00,1.31446,1.31446,1.31446,1.31446,0.0
2012-02-18 17:12:00,1.31446,1.31446,1.31446,1.31446,0.0
2012-02-18 17:13:00,1.31446,1.31446,1.31446,1.31446,0.0
2012-02-18 17:14:00,1.31446,1.31446,1.31446,1.31446,0.0
2012-02-18 17:15:00,1.31446,1.31446,1.31446,1.31446,0.0
2012-02-18 17:16:00,1.31446,1.31446,1.31446,1.31446,0.0
2012-02-18 17:17:00,1.31446,1.31446,1.31446,1.31446,0.0
2012-02-18 17:18:00,1.31446,1.31446,1.31446,1.31446,0.0
2012-02-18 17:19:00,1.31446,1.31446,1.31446,1.31446,0.0
2012-02-18 17:20:00,1.31446,1.31446,1.31446,1.31446,0.0
2012-02-18 17:21:00,1.31446,1.31446,1.31446,1.31446,0.0
2012-02-18 17:22:00,1.31446,1.31446,1.31446,1.31446,0.0
2012-02-18 17:23:00,1.31446,1.31446,1.31446,1.31446,0.0
2012-02-18 17:24:00,1.31446,1.31446,1.31446,1.31446,0.0
2012-02-18 17:25:00,1.31446,1.31446,1.31446,1.31446,0.0
2012-02-18 17:26:00,1.31446,1.31446,1.31446,1.31446,0.0
2012-02-18 17:27:00,1.31446,1.31446,1.31446,1.31446,0.0
2012-02-18 17:28:00,1.31446,1.31446,1.31446,1.31446,0.0
2012-02-18 17:29:00,1.31446,1.31446,1.31446,1.31446,0.0
2012-02-18 17:30:00,1.31446,1.31446,1.31446,1.31446,0.0
2012-02-18 17:31:00,1.31446,1.31446,1.31446,1.31446,0.0
2012-02-18 17:32:00,1.31446,1.31446,1.31446,1.31446,0.0
2012-02-18 17:33:00,1.31446,1.31446,1.31446,1.31446,0.0
2012-02-18 17:34:00,1.31446,1.31446,1.31446,1.31446,0.0
2012-02-18 17:35:00,1.31446,1.31446,1.31446,1.31446,0.0
2012-02-18 17:36:00,1.31446,1.31446,1.31446,1.31446,0.0
2012-02-18 17:37:00,1.31446,1.31446,1.31446,1.31446,0.0
2012-02-18 17:38:00,1.31446,1.31446,1.31446,1.31446,0.0
2012-02-18 17:39:00,1.31446,1.31446,1.31446,1.31446,0.0
2012-02-18 17:40:00,1.31446,1.31446,1.31446,1.31446,0.0
2012-02-18 17:41:00,1.31446,1.31446,1.31446,1.31446,0.0
2012-02-18 17:42:00,1.31446,1.31446,1.31446,1.31446,0.0
2012-02-18 17:43:00,1.31446,1.31446,1.31446,1.31446,0.0
2012-02-18 17:44:00,1.31446,1.31446,1.31446,1.31446,0.0
2012-02-18 17:45:00,1.31446,1.31446,1.31446,1.31446,0.0
2012-02-18 17:46:00,1.31446,1.31446,1.31446,1.31446,0.0
2012-02-18 17:47:00,1.31446,1.31446,1.31446,1.31446,0.0
2012-02-18 17:48:00,1.31446,1.31446,1.31446,1.31446,0.0
2012-02-18 17:49:00,1.31446,1.31446,1.31446,1.31446,0.0
2012-02-18 17:50:00,1.31446,1.31446,1.31446,1.31446,0.0
2012-02-18 17:51:00,1.31446,1.31446,1.31446,1.31446,0.0
2012-02-18 17:52:00,1.31446,1.31446,1.31446,1.31446,0.0
2012-02-18 17:53:00,1.31446,1.31446,1.31446,1.31446,0.0
2012-02-18 17:54:00,1.31446,1.31446,1.31446,1.31446,0.0
2012-02-18 17:55:00,1.31446,1.31446,1.31446,1.31446,0.0
2012-02-18 17:56:00,1.31446,1.31446,1.31446,1.31446,0.0
2012-02-18 17:57:00,1.31446,1.31446,1.31446,1.31446,0.0
2012-02-18 17:58:00,1.31446,1.31446,1.31446,1.31446,0.0
2012-02-18 17:59:00,1.31446,1.31446,1.31446,1.31446,0.0
2012-02-18 18:00:00,1.31446,1.31446,1.31446,1.31446,0.0
2012-02-18 18:01:00,1.31446,1.31446,1.31446,1.31446,0.0
2012-02-18 18:02:00,1.31446,1.31446,1.31446,1.31446,0.0
2012-02-18 18:03:00,1.31446,1.31446,1.31446,1.31446,0.0
2012-02-18 18:04:00,1.31446,1.31446,1.31446,1.31446,0.0
2012-02-18 18:05:00,1.31446,1.31446,1.31446,1.31446,0.0
2012-02-18 18:06:00,1.31446,1.31446,1.31446,1.31446,0.0
2012-02-18 18:07:00,1.31446,1.31446,1.31446,1.31446,0.0
2012-02-18 18:08:00,1.31446,1.31446,1.31446,1.31446,0.0
2012-02-18 18:09:00,1.31446,1.31446,1.31446,1.31446,0.0
2012-02-18 18:10:00,1.31446,1.31446,1.31446,1.31446,0.0
2012-02-18 18:11:00,1.31446,1.31446,1.31446,1.31446,0.0
2012-02-18 18:12:00,1.31446,1.31446,1.31446,1.31446,0.0
2012-02-18 18:13:00,1.31446,1.31446,1.31446,1.31446,0.0
2012-02-18 18:14:00,1.31446,1.31446,1.31446,1.31446,0.0
2012-02-18 18:15:00,1.31446,1.31446,1.31446,1.31446,0.0
2012-02-18 18:16:00,1.31446,1.31446,1.31446,1.31446,0.0
2012-02-18 18:17:00,1.31446,1.31446,1.31446,1.31446,0.0
2012-02-18 18:18:00,1.31446,1.31446,1.31446,1.31446,0.0
2012-02-18 18:19:00,1.31446,1.31446,1.31446,1.31446,0.0
2012-02-18 18:20:00,1.31446,1.31446,1.31446,1.31446,0.0
2012-02-18 18:21:00,1.31446,1.31446,1.31446,1.31446,0.0
2012-02-18 18:22:00,1.31446,1.31446,1.31446,1.31446,0.0
2012-02-18 18:23:00,1.31446,1.31446,1.31446,1.31446,0.0
2012-02-18 18:24:00,1.31446,1.31446,1.31446,1.31446,0.0
2012-02-18 18:25:00,1.31446,1.31446,1.31446,1.31446,0.0
2012-02-18 18:26:00,1.31446,1.31446,1.31446,1.31446,0.0
2012-02-18 18:27:00,1.31446,1.31446,1.31446,1.31446,0.0
2012-02-18 18:28:00,1.31446,1.31446,1.31446,1.31446,0.0
2012-02-18 18:29:00,1.31446,1.31446,1.31446,1.31446,0.0
2012-02-18 18:30:00,1.31446,1.31446,1.31446,1.31446,0.0
2012-02-18 18:31:00,1.31446,1.31446,1.31446,1.31446,0.0
2012-02-18 18:32:00,1.31446,1.31446,1.31446,1.31446,0.0
2012-02-18 18:33:00,1.31446,1.31446,1.31446,1.31446,0.0
2012-02-18 18:34:00,1.31446,1.31446,1.31446,1.31446,0.0
2012-02-18 18:35:00,1.31446,1.31446,1.31446,1.31446,0.0
2012-02-18 18:36:00,1.31446,1.31446,1.31446,1.31446,0.0
2012-02-18 18:37:00,1.31446,1.31446,1.31446,1.31446,0.0
2012-02-18 18:38:00,1.31446,1.31446,1.31446,1.31446,0.0
2012-02-18 18:39:00,1.31446,1.31446,1.31446,1.31446,0.0
2012-02-18 18:40:00,1.31446,1.31446,1.31446,1.31446,0.0
2012-02-18 18:41:00,1.31446,1.31446,1.31446,1.31446,0.0
2012-02-18 18:42:00,1.31446,1.31446,1.31446,1.31446,0.0
2012-02-18 18:43:00,1.31446,1.31446,1.31446,1.31446,0.0
2012-02-18 18:44:00,1.31446,1.31446,1.31446,1.31446,0.0
2012-02-18 18:45:00,1.31446,1.31446,1.31446,1.31446,0.0
2012-02-18 18:46:00,1.31446,1.31446,1.31446,1.31446,0.0
2012-02-18 18:47:00,1.31446,1.31446,1.31446,1.31446,0.0
2012-02-18 18:48:00,1.31446,1.31446,1.31446,1.31446,0.0
2012-02-18 18:49:00,1.31446,1.31446,1.31446,1.31446,0.0
2012-02-18 18:50:00,1.31446,1.31446,1.31446,1.31446,0.0
2012-02-18 18:51:00,1.31446,1.31446,1.31446,1.31446,0.0
2012-02-18 18:52:00,1.31446,1.31446,1.31446,1.31446,0.0
2012-02-18 18:53:00,1.31446,1.31446,1.31446,1.31446,0.0
2012-02-18 18:54:00,1.31446,1.31446,1.31446,1.31446,0.0
2012-02-18 18:55:00,1.31446,1.31446,1.31446,1.31446,0.0
2012-02-18 18:56:00,1.31446,1.31446,1.31446,1.31446,0.0
2012-02-18 18:57:00,1.31446,1.31446,1.31446,1.31446,0.0
2012-02-18 18:58:00,1.31446,1.31446,1.31446,1.31446,0.0
2012-02-18 18:59:00,1.31446,1.31446,1.31446,1.31446,0.0
2012-02-18 19:00:00,1.31446,1.31446,1.31446,1.31446,0.0
2012-02-18 19:01:00,1.31446,1.31446,1.31446,1.31446,0.0
2012-02-18 19:02:00,1.31446,1.31446,1.31446,1.31446,0.0
2012-02-18 19:03:00,1.31446,1.31446,1.31446,1.31446,0.0
2012-02-18 19:04:00,1.31446,1.31446,1.31446,1.31446,0.0
2012-02-18 19:05:00,1.31446,1.31446,1.31446,1.31446,0.0
2012-02-18 19:06:00,1.31446,1.31446,1.31446,1.31446,0.0
2012-02-18 19:07:00,1.31446,1.31446,1.31446,1.31446,0.0
2012-02-18 19:08:00,1.31446,1.31446,1.31446,1.31446,0.0
2012-02-18 19:09:00,1.31446,1.31446,1.31446,1.31446,0.0
2012-02-18 19:10:00,1.31446,1.31446,1.31446,1.31446,0.0
2012-02-18 19:11:00,1.31446,1.31446,1.31446,1.31446,0.0
2012-02-18 19:12:00,1.31446,1.31446,1.31446,1.31446,0.0
2012-02-18 19:13:00,1.31446,1.31446,1.31446,1.31446,0.0
2012-02-18 19:14:00,1.31446,1.31446,1.31446,1.31446,0.0
2012-02-18 19:15:00,1.31446,1.31446,1.31446,1.31446,0.0
2012-02-18 19:16:00,1.31446,1.31446,1.31446,1.31446,0.0
2012-02-18 19:17:00,1.31446,1.31446,1.31446,1.31446,0.0
2012-02-18 19:18:00,1.31446,1.31446,1.31446,1.31446,0.0
2012-02-18 19:19:00,1.31446,1.31446,1.31446,1.31446,0.0
2012-02-18 19:20:00,1.31446,1.31446,1.31446,1.31446,0.0
2012-02-18 19:21:00,1.31446,1.31446,1.31446,1.31446,0.0
2012-02-18 19:22:00,1.31446,1.31446,1.31446,1.31446,0.0
2012-02-18 19:23:00,1.31446,1.31446,1.31446,1.31446,0.0
2012-02-18 19:24:00,1.31446,1.31446,1.31446,1.31446,0.0
2012-02-18 19:25:00,1.31446,1.31446,1.31446,1.31446,0.0
2012-02-18 19:26:00,1.31446,1.31446,1.31446,1.31446,0.0
2012-02-18 19:27:00,1.31446,1.31446,1.31446,1.31446,0.0
2012-02-18 19:28:00,1.31446,1.31446,1.31446,1.31446,0.0
2012-02-18 19:29:00,1.31446,1.31446,1.31446,1.31446,0.0
2012-02-18 19:30:00,1.31446,1.31446,1.31446,1.31446,0.0
2012-02-18 19:31:00,1.31446,1.31446,1.31446,1.31446,0.0
2012-02-18 19:32:00,1.31446,1.31446,1.31446,1.31446,0.0
2012-02-18 19:33:00,1.31446,1.31446,1.31446,1.31446,0.0
2012-02-18 19:34:00,1.31446,1.31446,1.31446,1.31446,0.0
2012-02-18 19:35:00,1.31446,1.31446,1.31446,1.31446,0.0
2012-02-18 19:36:00,1.31446,1.31446,1.31446,1.31446,0.0
2012-02-18 19:37:00,1.31446,1.31446,1.31446,1.31446,0.0
2012-02-18 19:38:00,1.31446,1.31446,1.31446,1.31446,0.0
2012-02-18 19:39:00,1.31446,1.31446,1.31446,1.31446,0.0
2012-02-18 19:40:00,1.31446,1.31446,1.31446,1.31446,0.0
2012-02-18 19:41:00,1.31446,1.31446,1.31446,1.31446,0.0
2012-02-18 19:42:00,1.31446,1.31446,1.31446,1.31446,0.0
2012-02-18 19:43:00,1.31446,1.31446,1.31446,1.31446,0.0
2012-02-18 19:44:00,1.31446,1.31446,1.31446,1.31446,0.0
2012-02-18 19:45:00,1.31446,1.31446,1.31446,1.31446,0.0
2012-02-18 19:46:00,1.31446,1.31446,1.31446,1.31446,0.0
2012-02-18 19:47:00,1.31446,1.31446,1.31446,1.31446,0.0
2012-02-18 19:48:00,1.31446,1.31446,1.31446,1.31446,0.0
2012-02-18 19:49:00,1.31446,1.31446,1.31446,1.31446,0.0
2012-02-18 19:50:00,1.31446,1.31446,1.31446,1.31446,0.0
2012-02-18 19:51:00,1.31446,1.31446,1.31446,1.31446,0.0
2012-02-18 19:52:00,1.31446,1.31446,1.31446,1.31446,0.0
2012-02-18 19:53:00,1.31446,1.31446,1.31446,1.31446,0.0
2012-02-18 19:54:00,1.31446,1.31446,1.31446,1.31446,0.0
2012-02-18 19:55:00,1.31446,1.31446,1.31446,1.31446,0.0
2012-02-18 19:56:00,1.31446,1.31446,1.31446,1.31446,0.0
2012-02-18 19:57:00,1.31446,1.31446,1.31446,1.31446,0.0
2012-02-18 19:58:00,1.31446,1.31446,1.31446,1.31446,0.0
2012-02-18 19:59:00,1.31446,1.31446,1.31446,1.31446,0.0
2012-02-18 20:00:00,1.31446,1.31446,1.31446,1.31446,0.0
2012-02-18 20:01:00,1.31446,1.31446,1.31446,1.31446,0.0
2012-02-18 20:02:00,1.31446,1.31446,1.31446,1.31446,0.0
2012-02-18 20:03:00,1.31446,1.31446,1.31446,1.31446,0.0
2012-02-18 20:04:00,1.31446,1.31446,1.31446,1.31446,0.0
2012-02-18 20:05:00,1.31446,1.31446,1.31446,1.31446,0.0
2012-02-18 20:06:00,1.31446,1.31446,1.31446,1.31446,0.0
2012-02-18 20:07:00,1.31446,1.31446,1.31446,1.31446,0.0
2012-02-18 20:08:00,1.31446,1.31446,1.31446,1.31446,0.0
2012-02-18 20:09:00,1.31446,1.31446,1.31446,1.31446,0.0
2012-02-18 20:10:00,1.31446,1.31446,1.31446,1.31446,0.0
2012-02-18 20:11:00,1.31446,1.31446,1.31446,1.31446,0.0
2012-02-18 20:12:00,1.31446,1.31446,1.31446,1.31446,0.0
2012-02-18 20:13:00,1.31446,1.31446,1.31446,1.31446,0.0
2012-02-18 20:14:00,1.31446,1.31446,1.31446,1.31446,0.0
2012-02-18 20:15:00,1.31446,1.31446,1.31446,1.31446,0.0
2012-02-18 20:16:00,1.31446,1.31446,1.31446,1.31446,0.0
2012-02-18 20:17:00,1.31446,1.31446,1.31446,1.31446,0.0
2012-02-18 20:18:00,1.31446,1.31446,1.31446,1.31446,0.0
2012-02-18 20:19:00,1.31446,1.31446,1.31446,1.31446,0.0
2012-02-18 20:20:00,1.31446,1.31446,1.31446,1.31446,0.0
2012-02-18 20:21:00,1.31446,1.31446,1.31446,1.31446,0.0
2012-02-18 20:22:00,1.31446,1.31446,1.31446,1.31446,0.0
2012-02-18 20:23:00,1.31446,1.31446,1.31446,1.31446,0.0
2012-02-18 20:24:00,1.31446,1.31446,1.31446,1.31446,0.0
2012-02-18 20:25:00,1.31446,1.31446,1.31446,1.31446,0.0
2012-02-18 20:26:00,1.31446,1.31446,1.31446,1.31446,0.0
2012-02-18 20:27:00,1.31446,1.31446,1.31446,1.31446,0.0
2012-02-18 20:28:00,1.31446,1.31446,1.31446,1.31446,0.0
2012-02-18 20:29:00,1.31446,1.31446,1.31446,1.31446,0.0
2012-02-18 20:30:00,1.31446,1.31446,1.31446,1.31446,0.0
2012-02-18 20:31:00,1.31446,1.31446,1.31446,1.31446,0.0
2012-02-18 20:32:00,1.31446,1.31446,1.31446,1.31446,0.0
2012-02-18 20:33:00,1.31446,1.31446,1.31446,1.31446,0.0
2012-02-18 20:34:00,1.31446,1.31446,1.31446,1.31446,0.0
2012-02-18 20:35:00,1.31446,1.31446,1.31446,1.31446,0.0
2012-02-18 20:36:00,1.31446,1.31446,1.31446,1.31446,0.0
2012-02-18 20:37:00,1.31446,1.31446,1.31446,1.31446,0.0
2012-02-18 20:38:00,1.31446,1.31446,1.31446,1.31446,0.0
2012-02-18 20:39:00,1.31446,1.31446,1.31446,1.31446,0.0
2012-02-18 20:40:00,1.31446,1.31446,1.31446,1.31446,0.0
2012-02-18 20:41:00,1.31446,1.31446,1.31446,1.31446,0.0
2012-02-18 20:42:00,1.31446,1.31446,1.31446,1.31446,0.0
2012-02-18 20:43:00,1.31446,1.31446,1.31446,1.31446,0.0
2012-02-18 20:44:00,1.31446,1.31446,1.31446,1.31446,0.0
2012-02-18 20:45:00,1.31446,1.31446,1.31446,1.31446,0.0
2012-02-18 20:46:00,1.31446,1.31446,1.31446,1.31446,0.0
2012-02-18 20:47:00,1.31446,1.31446,1.31446,1.31446,0.0
2012-02-18 20:48:00,1.31446,1.31446,1.31446,1.31446,0.0
2012-02-18 20:49:00,1.31446,1.31446,1.31446,1.31446,0.0
2012-02-18 20:50:00,1.31446,1.31446,1.31446,1.31446,0.0
2012-02-18 20:51:00,1.31446,1.31446,1.31446,1.31446,0.0
2012-02-18 20:52:00,1.31446,1.31446,1.31446,1.31446,0.0
2012-02-18 20:53:00,1.31446,1.31446,1.31446,1.31446,0.0
2012-02-18 20:54:00,1.31446,1.31446,1.31446,1.31446,0.0
2012-02-18 20:55:00,1.31446,1.31446,1.31446,1.31446,0.0
2012-02-18 20:56:00,1.31446,1.31446,1.31446,1.31446,0.0
2012-02-18 20:57:00,1.31446,1.31446,1.31446,1.31446,0.0
2012-02-18 20:58:00,1.31446,1.31446,1.31446,1.31446,0.0
2012-02-18 20:59:00,1.31446,1.31446,1.31446,1.31446,0.0
2012-02-18 21:00:00,1.31446,1.31446,1.31446,1.31446,0.0
2012-02-18 21:01:00,1.31446,1.31446,1.31446,1.31446,0.0
2012-02-18 21:02:00,1.31446,1.31446,1.31446,1.31446,0.0
2012-02-18 21:03:00,1.31446,1.31446,1.31446,1.31446,0.0
2012-02-18 21:04:00,1.31446,1.31446,1.31446,1.31446,0.0
2012-02-18 21:05:00,1.31446,1.31446,1.31446,1.31446,0.0
2012-02-18 21:06:00,1.31446,1.31446,1.31446,1.31446,0.0
2012-02-18 21:07:00,1.31446,1.31446,1.31446,1.31446,0.0
2012-02-18 21:08:00,1.31446,1.31446,1.31446,1.31446,0.0
2012-02-18 21:09:00,1.31446,1.31446,1.31446,1.31446,0.0
2012-02-18 21:10:00,1.31446,1.31446,1.31446,1.31446,0.0
2012-02-18 21:11:00,1.31446,1.31446,1.31446,1.31446,0.0
2012-02-18 21:12:00,1.31446,1.31446,1.31446,1.31446,0.0
2012-02-18 21:13:00,1.31446,1.31446,1.31446,1.31446,0.0
2012-02-18 21:14:00,1.31446,1.31446,1.31446,1.31446,0.0
2012-02-18 21:15:00,1.31446,1.31446,1.31446,1.31446,0.0
2012-02-18 21:16:00,1.31446,1.31446,1.31446,1.31446,0.0
2012-02-18 21:17:00,1.31446,1.31446,1.31446,1.31446,0.0
2012-02-18 21:18:00,1.31446,1.31446,1.31446,1.31446,0.0
2012-02-18 21:19:00,1.31446,1.31446,1.31446,1.31446,0.0
2012-02-18 21:20:00,1.31446,1.31446,1.31446,1.31446,0.0
2012-02-18 21:21:00,1.31446,1.31446,1.31446,1.31446,0.0
2012-02-18 21:22:00,1.31446,1.31446,1.31446,1.31446,0.0
2012-02-18 21:23:00,1.31446,1.31446,1.31446,1.31446,0.0
2012-02-18 21:24:00,1.31446,1.31446,1.31446,1.31446,0.0
2012-02-18 21:25:00,1.31446,1.31446,1.31446,1.31446,0.0
2012-02-18 21:26:00,1.31446,1.31446,1.31446,1.31446,0.0
2012-02-18 21:27:00,1.31446,1.31446,1.31446,1.31446,0.0
2012-02-18 21:28:00,1.31446,1.31446,1.31446,1.31446,0.0
2012-02-18 21:29:00,1.31446,1.31446,1.31446,1.31446,0.0
2012-02-18 21:30:00,1.31446,1.31446,1.31446,1.31446,0.0
2012-02-18 21:31:00,1.31446,1.31446,1.31446,1.31446,0.0
2012-02-18 21:32:00,1.31446,1.31446,1.31446,1.31446,0.0
2012-02-18 21:33:00,1.31446,1.31446,1.31446,1.31446,0.0
2012-02-18 21:34:00,1.31446,1.31446,1.31446,1.31446,0.0
2012-02-18 21:35:00,1.31446,1.31446,1.31446,1.31446,0.0
2012-02-18 21:36:00,1.31446,1.31446,1.31446,1.31446,0.0
2012-02-18 21:37:00,1.31446,1.31446,1.31446,1.31446,0.0
2012-02-18 21:38:00,1.31446,1.31446,1.31446,1.31446,0.0
2012-02-18 21:39:00,1.31446,1.31446,1.31446,1.31446,0.0
2012-02-18 21:40:00,1.31446,1.31446,1.31446,1.31446,0.0
2012-02-18 21:41:00,1.31446,1.31446,1.31446,1.31446,0.0
2012-02-18 21:42:00,1.31446,1.31446,1.31446,1.31446,0.0
2012-02-18 21:43:00,1.31446,1.31446,1.31446,1.31446,0.0
2012-02-18 21:44:00,1.31446,1.31446,1.31446,1.31446,0.0
2012-02-18 21:45:00,1.31446,1.31446,1.31446,1.31446,0.0
2012-02-18 21:46:00,1.31446,1.31446,1.31446,1.31446,0.0
2012-02-18 21:47:00,1.31446,1.31446,1.31446,1.31446,0.0
2012-02-18 21:48:00,1.31446,1.31446,1.31446,1.31446,0.0
2012-02-18 21:49:00,1.31446,1.31446,1.31446,1.31446,0.0
2012-02-18 21:50:00,1.31446,1.31446,1.31446,1.31446,0.0
2012-02-18 21:51:00,1.31446,1.31446,1.31446,1.31446,0.0
2012-02-18 21:52:00,1.31446,1.31446,1.31446,1.31446,0.0
2012-02-18 21:53:00,1.31446,1.31446,1.31446,1.31446,0.0
2012-02-18 21:54:00,1.31446,1.31446,1.31446,1.31446,0.0
2012-02-18 21:55:00,1.31446,1.31446,1.31446,1.31446,0.0
2012-02-18 21:56:00,1.31446,1.31446,1.31446,1.31446,0.0
2012-02-18 21:57:00,1.31446,1.31446,1.31446,1.31446,0.0
2012-02-18 21:58:00,1.31446,1.31446,1.31446,1.31446,0.0
2012-02-18 21:59:00,1.31446,1.31446,1.31446,1.31446,0.0
2012-02-18 22:00:00,1.31446,1.31446,1.31446,1.31446,0.0
2012-02-18 22:01:00,1.31446,1.31446,1.31446,1.31446,0.0
2012-02-18 22:02:00,1.31446,1.31446,1.31446,1.31446,0.0
2012-02-18 22:03:00,1.31446,1.31446,1.31446,1.31446,0.0
2012-02-18 22:04:00,1.31446,1.31446,1.31446,1.31446,0.0
2012-02-18 22:05:00,1.31446,1.31446,1.31446,1.31446,0.0
2012-02-18 22:06:00,1.31446,1.31446,1.31446,1.31446,0.0
2012-02-18 22:07:00,1.31446,1.31446,1.31446,1.31446,0.0
2012-02-18 22:08:00,1.31446,1.31446,1.31446,1.31446,0.0
2012-02-18 22:09:00,1.31446,1.31446,1.31446,1.31446,0.0
2012-02-18 22:10:00,1.31446,1.31446,1.31446,1.31446,0.0
2012-02-18 22:11:00,1.31446,1.31446,1.31446,1.31446,0.0
2012-02-18 22:12:00,1.31446,1.31446,1.31446,1.31446,0.0
2012-02-18 22:13:00,1.31446,1.31446,1.31446,1.31446,0.0
2012-02-18 22:14:00,1.31446,1.31446,1.31446,1.31446,0.0
2012-02-18 22:15:00,1.31446,1.31446,1.31446,1.31446,0.0
2012-02-18 22:16:00,1.31446,1.31446,1.31446,1.31446,0.0
2012-02-18 22:17:00,1.31446,1.31446,1.31446,1.31446,0.0
2012-02-18 22:18:00,1.31446,1.31446,1.31446,1.31446,0.0
2012-02-18 22:19:00,1.31446,1.31446,1.31446,1.31446,0.0
2012-02-18 22:20:00,1.31446,1.31446,1.31446,1.31446,0.0
2012-02-18 22:21:00,1.31446,1.31446,1.31446,1.31446,0.0
2012-02-18 22:22:00,1.31446,1.31446,1.31446,1.31446,0.0
2012-02-18 22:23:00,1.31446,1.31446,1.31446,1.31446,0.0
2012-02-18 22:24:00,1.31446,1.31446,1.31446,1.31446,0.0
2012-02-18 22:25:00,1.31446,1.31446,1.31446,1.31446,0.0
2012-02-18 22:26:00,1.31446,1.31446,1.31446,1.31446,0.0
2012-02-18 22:27:00,1.31446,1.31446,1.31446,1.31446,0.0
2012-02-18 22:28:00,1.31446,1.31446,1.31446,1.31446,0.0
2012-02-18 22:29:00,1.31446,1.31446,1.31446,1.31446,0.0
2012-02-18 22:30:00,1.31446,1.31446,1.31446,1.31446,0.0
2012-02-18 22:31:00,1.31446,1.31446,1.31446,1.31446,0.0
2012-02-18 22:32:00,1.31446,1.31446,1.31446,1.31446,0.0
2012-02-18 22:33:00,1.31446,1.31446,1.31446,1.31446,0.0
2012-02-18 22:34:00,1.31446,1.31446,1.31446,1.31446,0.0
2012-02-18 22:35:00,1.31446,1.31446,1.31446,1.31446,0.0
2012-02-18 22:36:00,1.31446,1.31446,1.31446,1.31446,0.0
2012-02-18 22:37:00,1.31446,1.31446,1.31446,1.31446,0.0
2012-02-18 22:38:00,1.31446,1.31446,1.31446,1.31446,0.0
2012-02-18 22:39:00,1.31446,1.31446,1.31446,1.31446,0.0
2012-02-18 22:40:00,1.31446,1.31446,1.31446,1.31446,0.0
2012-02-18 22:41:00,1.31446,1.31446,1.31446,1.31446,0.0
2012-02-18 22:42:00,1.31446,1.31446,1.31446,1.31446,0.0
2012-02-18 22:43:00,1.31446,1.31446,1.31446,1.31446,0.0
2012-02-18 22:44:00,1.31446,1.31446,1.31446,1.31446,0.0
2012-02-18 22:45:00,1.31446,1.31446,1.31446,1.31446,0.0
2012-02-18 22:46:00,1.31446,1.31446,1.31446,1.31446,0.0
2012-02-18 22:47:00,1.31446,1.31446,1.31446,1.31446,0.0
2012-02-18 22:48:00,1.31446,1.31446,1.31446,1.31446,0.0
2012-02-18 22:49:00,1.31446,1.31446,1.31446,1.31446,0.0
2012-02-18 22:50:00,1.31446,1.31446,1.31446,1.31446,0.0
2012-02-18 22:51:00,1.31446,1.31446,1.31446,1.31446,0.0
2012-02-18 22:52:00,1.31446,1.31446,1.31446,1.31446,0.0
2012-02-18 22:53:00,1.31446,1.31446,1.31446,1.31446,0.0
2012-02-18 22:54:00,1.31446,1.31446,1.31446,1.31446,0.0
2012-02-18 22:55:00,1.31446,1.31446,1.31446,1.31446,0.0
2012-02-18 22:56:00,1.31446,1.31446,1.31446,1.31446,0.0
2012-02-18 22:57:00,1.31446,1.31446,1.31446,1.31446,0.0
2012-02-18 22:58:00,1.31446,1.31446,1.31446,1.31446,0.0
2012-02-18 22:59:00,1.31446,1.31446,1.31446,1.31446,0.0
2012-02-18 23:00:00,1.31446,1.31446,1.31446,1.31446,0.0
2012-02-18 23:01:00,1.31446,1.31446,1.31446,1.31446,0.0
2012-02-18 23:02:00,1.31446,1.31446,1.31446,1.31446,0.0
2012-02-18 23:03:00,1.31446,1.31446,1.31446,1.31446,0.0
2012-02-18 23:04:00,1.31446,1.31446,1.31446,1.31446,0.0
2012-02-18 23:05:00,1.31446,1.31446,1.31446,1.31446,0.0
2012-02-18 23:06:00,1.31446,1.31446,1.31446,1.31446,0.0
2012-02-18 23:07:00,1.31446,1.31446,1.31446,1.31446,0.0
2012-02-18 23:08:00,1.31446,1.31446,1.31446,1.31446,0.0
2012-02-18 23:09:00,1.31446,1.31446,1.31446,1.31446,0.0
2012-02-18 23:10:00,1.31446,1.31446,1.31446,1.31446,0.0
2012-02-18 23:11:00,1.31446,1.31446,1.31446,1.31446,0.0
2012-02-18 23:12:00,1.31446,1.31446,1.31446,1.31446,0.0
2012-02-18 23:13:00,1.31446,1.31446,1.31446,1.31446,0.0
2012-02-18 23:14:00,1.31446,1.31446,1.31446,1.31446,0.0
2012-02-18 23:15:00,1.31446,1.31446,1.31446,1.31446,0.0
2012-02-18 23:16:00,1.31446,1.31446,1.31446,1.31446,0.0
2012-02-18 23:17:00,1.31446,1.31446,1.31446,1.31446,0.0
2012-02-18 23:18:00,1.31446,1.31446,1.31446,1.31446,0.0
2012-02-18 23:19:00,1.31446,1.31446,1.31446,1.31446,0.0
2012-02-18 23:20:00,1.31446,1.31446,1.31446,1.31446,0.0
2012-02-18 23:21:00,1.31446,1.31446,1.31446,1.31446,0.0
2012-02-18 23:22:00,1.31446,1.31446,1.31446,1.31446,0.0
2012-02-18 23:23:00,1.31446,1.31446,1.31446,1.31446,0.0
2012-02-18 23:24:00,1.31446,1.31446,1.31446,1.31446,0.0
2012-02-18 23:25:00,1.31446,1.31446,1.31446,1.31446,0.0
2012-02-18 23:26:00,1.31446,1.31446,1.31446,1.31446,0.0
2012-02-18 23:27:00,1.31446,1.31446,1.31446,1.31446,0.0
2012-02-18 23:28:00,1.31446,1.31446,1.31446,1.31446,0.0
2012-02-18 23:29:00,1.31446,1.31446,1.31446,1.31446,0.0
2012-02-18 23:30:00,1.31446,1.31446,1.31446,1.31446,0.0
2012-02-18 23:31:00,1.31446,1.31446,1.31446,1.31446,0.0
2012-02-18 23:32:00,1.31446,1.31446,1.31446,1.31446,0.0
2012-02-18 23:33:00,1.31446,1.31446,1.31446,1.31446,0.0
2012-02-18 23:34:00,1.31446,1.31446,1.31446,1.31446,0.0
2012-02-18 23:35:00,1.31446,1.31446,1.31446,1.31446,0.0
2012-02-18 23:36:00,1.31446,1.31446,1.31446,1.31446,0.0
2012-02-18 23:37:00,1.31446,1.31446,1.31446,1.31446,0.0
2012-02-18 23:38:00,1.31446,1.31446,1.31446,1.31446,0.0
2012-02-18 23:39:00,1.31446,1.31446,1.31446,1.31446,0.0
2012-02-18 23:40:00,1.31446,1.31446,1.31446,1.31446,0.0
2012-02-18 23:41:00,1.31446,1.31446,1.31446,1.31446,0.0
2012-02-18 23:42:00,1.31446,1.31446,1.31446,1.31446,0.0
2012-02-18 23:43:00,1.31446,1.31446,1.31446,1.31446,0.0
2012-02-18 23:44:00,1.31446,1.31446,1.31446,1.31446,0.0
2012-02-18 23:45:00,1.31446,1.31446,1.31446,1.31446,0.0
2012-02-18 23:46:00,1.31446,1.31446,1.31446,1.31446,0.0
2012-02-18 23:47:00,1.31446,1.31446,1.31446,1.31446,0.0
2012-02-18 23:48:00,1.31446,1.31446,1.31446,1.31446,0.0
2012-02-18 23:49:00,1.31446,1.31446,1.31446,1.31446,0.0
2012-02-18 23:50:00,1.31446,1.31446,1.31446,1.31446,0.0
2012-02-18 23:51:00,1.31446,1.31446,1.31446,1.31446,0.0
2012-02-18 23:52:00,1.31446,1.31446,1.31446,1.31446,0.0
2012-02-18 23:53:00,1.31446,1.31446,1.31446,1.31446,0.0
2012-02-18 23:54:00,1.31446,1.31446,1.31446,1.31446,0.0
2012-02-18 23:55:00,1.31446,1.31446,1.31446,1.31446,0.0
2012-02-18 23:56:00,1.31446,1.31446,1.31446,1.31446,0.0
2012-02-18 23:57:00,1.31446,1.31446,1.31446,1.31446,0.0
2012-02-18 23:58:00,1.31446,1.31446,1.31446,1.31446,0.0
2012-02-18 23:59:00,1.31446,1.31446,1.31446,1.31446,0.0
2012-02-19 00:00:00,1.31446,1.31446,1.31446,1.31446,0.0
2012-02-19 00:01:00,1.31446,1.31446,1.31446,1.31446,0.0
2012-02-19 00:02:00,1.31446,1.31446,1.31446,1.31446,0.0
2012-02-19 00:03:00,1.31446,1.31446,1.31446,1.31446,0.0
2012-02-19 00:04:00,1.31446,1.31446,1.31446,1.31446,0.0
2012-02-19 00:05:00,1.31446,1.31446,1.31446,1.31446,0.0
2012-02-19 00:06:00,1.31446,1.31446,1.31446,1.31446,0.0
2012-02-19 00:07:00,1.31446,1.31446,1.31446,1.31446,0.0
2012-02-19 00:08:00,1.31446,1.31446,1.31446,1.31446,0.0
2012-02-19 00:09:00,1.31446,1.31446,1.31446,1.31446,0.0
2012-02-19 00:10:00,1.31446,1.31446,1.31446,1.31446,0.0
2012-02-19 00:11:00,1.31446,1.31446,1.31446,1.31446,0.0
2012-02-19 00:12:00,1.31446,1.31446,1.31446,1.31446,0.0
2012-02-19 00:13:00,1.31446,1.31446,1.31446,1.31446,0.0
2012-02-19 00:14:00,1.31446,1.31446,1.31446,1.31446,0.0
2012-02-19 00:15:00,1.31446,1.31446,1.31446,1.31446,0.0
2012-02-19 00:16:00,1.31446,1.31446,1.31446,1.31446,0.0
2012-02-19 00:17:00,1.31446,1.31446,1.31446,1.31446,0.0
2012-02-19 00:18:00,1.31446,1.31446,1.31446,1.31446,0.0
2012-02-19 00:19:00,1.31446,1.31446,1.31446,1.31446,0.0
2012-02-19 00:20:00,1.31446,1.31446,1.31446,1.31446,0.0
2012-02-19 00:21:00,1.31446,1.31446,1.31446,1.31446,0.0
2012-02-19 00:22:00,1.31446,1.31446,1.31446,1.31446,0.0
2012-02-19 00:23:00,1.31446,1.31446,1.31446,1.31446,0.0
2012-02-19 00:24:00,1.31446,1.31446,1.31446,1.31446,0.0
2012-02-19 00:25:00,1.31446,1.31446,1.31446,1.31446,0.0
2012-02-19 00:26:00,1.31446,1.31446,1.31446,1.31446,0.0
2012-02-19 00:27:00,1.31446,1.31446,1.31446,1.31446,0.0
2012-02-19 00:28:00,1.31446,1.31446,1.31446,1.31446,0.0
2012-02-19 00:29:00,1.31446,1.31446,1.31446,1.31446,0.0
2012-02-19 00:30:00,1.31446,1.31446,1.31446,1.31446,0.0
2012-02-19 00:31:00,1.31446,1.31446,1.31446,1.31446,0.0
2012-02-19 00:32:00,1.31446,1.31446,1.31446,1.31446,0.0
2012-02-19 00:33:00,1.31446,1.31446,1.31446,1.31446,0.0
2012-02-19 00:34:00,1.31446,1.31446,1.31446,1.31446,0.0
2012-02-19 00:35:00,1.31446,1.31446,1.31446,1.31446,0.0
2012-02-19 00:36:00,1.31446,1.31446,1.31446,1.31446,0.0
2012-02-19 00:37:00,1.31446,1.31446,1.31446,1.31446,0.0
2012-02-19 00:38:00,1.31446,1.31446,1.31446,1.31446,0.0
2012-02-19 00:39:00,1.31446,1.31446,1.31446,1.31446,0.0
2012-02-19 00:40:00,1.31446,1.31446,1.31446,1.31446,0.0
2012-02-19 00:41:00,1.31446,1.31446,1.31446,1.31446,0.0
2012-02-19 00:42:00,1.31446,1.31446,1.31446,1.31446,0.0
2012-02-19 00:43:00,1.31446,1.31446,1.31446,1.31446,0.0
2012-02-19 00:44:00,1.31446,1.31446,1.31446,1.31446,0.0
2012-02-19 00:45:00,1.31446,1.31446,1.31446,1.31446,0.0
2012-02-19 00:46:00,1.31446,1.31446,1.31446,1.31446,0.0
2012-02-19 00:47:00,1.31446,1.31446,1.31446,1.31446,0.0
2012-02-19 00:48:00,1.31446,1.31446,1.31446,1.31446,0.0
2012-02-19 00:49:00,1.31446,1.31446,1.31446,1.31446,0.0
2012-02-19 00:50:00,1.31446,1.31446,1.31446,1.31446,0.0
2012-02-19 00:51:00,1.31446,1.31446,1.31446,1.31446,0.0
2012-02-19 00:52:00,1.31446,1.31446,1.31446,1.31446,0.0
2012-02-19 00:53:00,1.31446,1.31446,1.31446,1.31446,0.0
2012-02-19 00:54:00,1.31446,1.31446,1.31446,1.31446,0.0
2012-02-19 00:55:00,1.31446,1.31446,1.31446,1.31446,0.0
2012-02-19 00:56:00,1.31446,1.31446,1.31446,1.31446,0.0
2012-02-19 00:57:00,1.31446,1.31446,1.31446,1.31446,0.0
2012-02-19 00:58:00,1.31446,1.31446,1.31446,1.31446,0.0
2012-02-19 00:59:00,1.31446,1.31446,1.31446,1.31446,0.0
2012-02-19 01:00:00,1.31446,1.31446,1.31446,1.31446,0.0
2012-02-19 01:01:00,1.31446,1.31446,1.31446,1.31446,0.0
2012-02-19 01:02:00,1.31446,1.31446,1.31446,1.31446,0.0
2012-02-19 01:03:00,1.31446,1.31446,1.31446,1.31446,0.0
2012-02-19 01:04:00,1.31446,1.31446,1.31446,1.31446,0.0
2012-02-19 01:05:00,1.31446,1.31446,1.31446,1.31446,0.0
2012-02-19 01:06:00,1.31446,1.31446,1.31446,1.31446,0.0
2012-02-19 01:07:00,1.31446,1.31446,1.31446,1.31446,0.0
2012-02-19 01:08:00,1.31446,1.31446,1.31446,1.31446,0.0
2012-02-19 01:09:00,1.31446,1.31446,1.31446,1.31446,0.0
2012-02-19 01:10:00,1.31446,1.31446,1.31446,1.31446,0.0
2012-02-19 01:11:00,1.31446,1.31446,1.31446,1.31446,0.0
2012-02-19 01:12:00,1.31446,1.31446,1.31446,1.31446,0.0
2012-02-19 01:13:00,1.31446,1.31446,1.31446,1.31446,0.0
2012-02-19 01:14:00,1.31446,1.31446,1.31446,1.31446,0.0
2012-02-19 01:15:00,1.31446,1.31446,1.31446,1.31446,0.0
2012-02-19 01:16:00,1.31446,1.31446,1.31446,1.31446,0.0
2012-02-19 01:17:00,1.31446,1.31446,1.31446,1.31446,0.0
2012-02-19 01:18:00,1.31446,1.31446,1.31446,1.31446,0.0
2012-02-19 01:19:00,1.31446,1.31446,1.31446,1.31446,0.0
2012-02-19 01:20:00,1.31446,1.31446,1.31446,1.31446,0.0
2012-02-19 01:21:00,1.31446,1.31446,1.31446,1.31446,0.0
2012-02-19 01:22:00,1.31446,1.31446,1.31446,1.31446,0.0
2012-02-19 01:23:00,1.31446,1.31446,1.31446,1.31446,0.0
2012-02-19 01:24:00,1.31446,1.31446,1.31446,1.31446,0.0
2012-02-19 01:25:00,1.31446,1.31446,1.31446,1.31446,0.0
2012-02-19 01:26:00,1.31446,1.31446,1.31446,1.31446,0.0
2012-02-19 01:27:00,1.31446,1.31446,1.31446,1.31446,0.0
2012-02-19 01:28:00,1.31446,1.31446,1.31446,1.31446,0.0
2012-02-19 01:29:00,1.31446,1.31446,1.31446,1.31446,0.0
2012-02-19 01:30:00,1.31446,1.31446,1.31446,1.31446,0.0
2012-02-19 01:31:00,1.31446,1.31446,1.31446,1.31446,0.0
2012-02-19 01:32:00,1.31446,1.31446,1.31446,1.31446,0.0
2012-02-19 01:33:00,1.31446,1.31446,1.31446,1.31446,0.0
2012-02-19 01:34:00,1.31446,1.31446,1.31446,1.31446,0.0
2012-02-19 01:35:00,1.31446,1.31446,1.31446,1.31446,0.0
2012-02-19 01:36:00,1.31446,1.31446,1.31446,1.31446,0.0
2012-02-19 01:37:00,1.31446,1.31446,1.31446,1.31446,0.0
2012-02-19 01:38:00,1.31446,1.31446,1.31446,1.31446,0.0
2012-02-19 01:39:00,1.31446,1.31446,1.31446,1.31446,0.0
2012-02-19 01:40:00,1.31446,1.31446,1.31446,1.31446,0.0
2012-02-19 01:41:00,1.31446,1.31446,1.31446,1.31446,0.0
2012-02-19 01:42:00,1.31446,1.31446,1.31446,1.31446,0.0
2012-02-19 01:43:00,1.31446,1.31446,1.31446,1.31446,0.0
2012-02-19 01:44:00,1.31446,1.31446,1.31446,1.31446,0.0
2012-02-19 01:45:00,1.31446,1.31446,1.31446,1.31446,0.0
2012-02-19 01:46:00,1.31446,1.31446,1.31446,1.31446,0.0
2012-02-19 01:47:00,1.31446,1.31446,1.31446,1.31446,0.0
2012-02-19 01:48:00,1.31446,1.31446,1.31446,1.31446,0.0
2012-02-19 01:49:00,1.31446,1.31446,1.31446,1.31446,0.0
2012-02-19 01:50:00,1.31446,1.31446,1.31446,1.31446,0.0
2012-02-19 01:51:00,1.31446,1.31446,1.31446,1.31446,0.0
2012-02-19 01:52:00,1.31446,1.31446,1.31446,1.31446,0.0
2012-02-19 01:53:00,1.31446,1.31446,1.31446,1.31446,0.0
2012-02-19 01:54:00,1.31446,1.31446,1.31446,1.31446,0.0
2012-02-19 01:55:00,1.31446,1.31446,1.31446,1.31446,0.0
2012-02-19 01:56:00,1.31446,1.31446,1.31446,1.31446,0.0
2012-02-19 01:57:00,1.31446,1.31446,1.31446,1.31446,0.0
2012-02-19 01:58:00,1.31446,1.31446,1.31446,1.31446,0.0
2012-02-19 01:59:00,1.31446,1.31446,1.31446,1.31446,0.0
2012-02-19 02:00:00,1.31446,1.31446,1.31446,1.31446,0.0
2012-02-19 02:01:00,1.31446,1.31446,1.31446,1.31446,0.0
2012-02-19 02:02:00,1.31446,1.31446,1.31446,1.31446,0.0
2012-02-19 02:03:00,1.31446,1.31446,1.31446,1.31446,0.0
2012-02-19 02:04:00,1.31446,1.31446,1.31446,1.31446,0.0
2012-02-19 02:05:00,1.31446,1.31446,1.31446,1.31446,0.0
2012-02-19 02:06:00,1.31446,1.31446,1.31446,1.31446,0.0
2012-02-19 02:07:00,1.31446,1.31446,1.31446,1.31446,0.0
2012-02-19 02:08:00,1.31446,1.31446,1.31446,1.31446,0.0
2012-02-19 02:09:00,1.31446,1.31446,1.31446,1.31446,0.0
2012-02-19 02:10:00,1.31446,1.31446,1.31446,1.31446,0.0
2012-02-19 02:11:00,1.31446,1.31446,1.31446,1.31446,0.0
2012-02-19 02:12:00,1.31446,1.31446,1.31446,1.31446,0.0
2012-02-19 02:13:00,1.31446,1.31446,1.31446,1.31446,0.0
2012-02-19 02:14:00,1.31446,1.31446,1.31446,1.31446,0.0
2012-02-19 02:15:00,1.31446,1.31446,1.31446,1.31446,0.0
2012-02-19 02:16:00,1.31446,1.31446,1.31446,1.31446,0.0
2012-02-19 02:17:00,1.31446,1.31446,1.31446,1.31446,0.0
2012-02-19 02:18:00,1.31446,1.31446,1.31446,1.31446,0.0
2012-02-19 02:19:00,1.31446,1.31446,1.31446,1.31446,0.0
2012-02-19 02:20:00,1.31446,1.31446,1.31446,1.31446,0.0
2012-02-19 02:21:00,1.31446,1.31446,1.31446,1.31446,0.0
2012-02-19 02:22:00,1.31446,1.31446,1.31446,1.31446,0.0
2012-02-19 02:23:00,1.31446,1.31446,1.31446,1.31446,0.0
2012-02-19 02:24:00,1.31446,1.31446,1.31446,1.31446,0.0
2012-02-19 02:25:00,1.31446,1.31446,1.31446,1.31446,0.0
2012-02-19 02:26:00,1.31446,1.31446,1.31446,1.31446,0.0
2012-02-19 02:27:00,1.31446,1.31446,1.31446,1.31446,0.0
2012-02-19 02:28:00,1.31446,1.31446,1.31446,1.31446,0.0
2012-02-19 02:29:00,1.31446,1.31446,1.31446,1.31446,0.0
2012-02-19 02:30:00,1.31446,1.31446,1.31446,1.31446,0.0
2012-02-19 02:31:00,1.31446,1.31446,1.31446,1.31446,0.0
2012-02-19 02:32:00,1.31446,1.31446,1.31446,1.31446,0.0
2012-02-19 02:33:00,1.31446,1.31446,1.31446,1.31446,0.0
2012-02-19 02:34:00,1.31446,1.31446,1.31446,1.31446,0.0
2012-02-19 02:35:00,1.31446,1.31446,1.31446,1.31446,0.0
2012-02-19 02:36:00,1.31446,1.31446,1.31446,1.31446,0.0
2012-02-19 02:37:00,1.31446,1.31446,1.31446,1.31446,0.0
2012-02-19 02:38:00,1.31446,1.31446,1.31446,1.31446,0.0
2012-02-19 02:39:00,1.31446,1.31446,1.31446,1.31446,0.0
2012-02-19 02:40:00,1.31446,1.31446,1.31446,1.31446,0.0
2012-02-19 02:41:00,1.31446,1.31446,1.31446,1.31446,0.0
2012-02-19 02:42:00,1.31446,1.31446,1.31446,1.31446,0.0
2012-02-19 02:43:00,1.31446,1.31446,1.31446,1.31446,0.0
2012-02-19 02:44:00,1.31446,1.31446,1.31446,1.31446,0.0
2012-02-19 02:45:00,1.31446,1.31446,1.31446,1.31446,0.0
2012-02-19 02:46:00,1.31446,1.31446,1.31446,1.31446,0.0
2012-02-19 02:47:00,1.31446,1.31446,1.31446,1.31446,0.0
2012-02-19 02:48:00,1.31446,1.31446,1.31446,1.31446,0.0
2012-02-19 02:49:00,1.31446,1.31446,1.31446,1.31446,0.0
2012-02-19 02:50:00,1.31446,1.31446,1.31446,1.31446,0.0
2012-02-19 02:51:00,1.31446,1.31446,1.31446,1.31446,0.0
2012-02-19 02:52:00,1.31446,1.31446,1.31446,1.31446,0.0
2012-02-19 02:53:00,1.31446,1.31446,1.31446,1.31446,0.0
2012-02-19 02:54:00,1.31446,1.31446,1.31446,1.31446,0.0
2012-02-19 02:55:00,1.31446,1.31446,1.31446,1.31446,0.0
2012-02-19 02:56:00,1.31446,1.31446,1.31446,1.31446,0.0
2012-02-19 02:57:00,1.31446,1.31446,1.31446,1.31446,0.0
2012-02-19 02:58:00,1.31446,1.31446,1.31446,1.31446,0.0
2012-02-19 02:59:00,1.31446,1.31446,1.31446,1.31446,0.0
2012-02-19 03:00:00,1.31446,1.31446,1.31446,1.31446,0.0
2012-02-19 03:01:00,1.31446,1.31446,1.31446,1.31446,0.0
2012-02-19 03:02:00,1.31446,1.31446,1.31446,1.31446,0.0
2012-02-19 03:03:00,1.31446,1.31446,1.31446,1.31446,0.0
2012-02-19 03:04:00,1.31446,1.31446,1.31446,1.31446,0.0
2012-02-19 03:05:00,1.31446,1.31446,1.31446,1.31446,0.0
2012-02-19 03:06:00,1.31446,1.31446,1.31446,1.31446,0.0
2012-02-19 03:07:00,1.31446,1.31446,1.31446,1.31446,0.0
2012-02-19 03:08:00,1.31446,1.31446,1.31446,1.31446,0.0
2012-02-19 03:09:00,1.31446,1.31446,1.31446,1.31446,0.0
2012-02-19 03:10:00,1.31446,1.31446,1.31446,1.31446,0.0
2012-02-19 03:11:00,1.31446,1.31446,1.31446,1.31446,0.0
2012-02-19 03:12:00,1.31446,1.31446,1.31446,1.31446,0.0
2012-02-19 03:13:00,1.31446,1.31446,1.31446,1.31446,0.0
2012-02-19 03:14:00,1.31446,1.31446,1.31446,1.31446,0.0
2012-02-19 03:15:00,1.31446,1.31446,1.31446,1.31446,0.0
2012-02-19 03:16:00,1.31446,1.31446,1.31446,1.31446,0.0
2012-02-19 03:17:00,1.31446,1.31446,1.31446,1.31446,0.0
2012-02-19 03:18:00,1.31446,1.31446,1.31446,1.31446,0.0
2012-02-19 03:19:00,1.31446,1.31446,1.31446,1.31446,0.0
2012-02-19 03:20:00,1.31446,1.31446,1.31446,1.31446,0.0
2012-02-19 03:21:00,1.31446,1.31446,1.31446,1.31446,0.0
2012-02-19 03:22:00,1.31446,1.31446,1.31446,1.31446,0.0
2012-02-19 03:23:00,1.31446,1.31446,1.31446,1.31446,0.0
2012-02-19 03:24:00,1.31446,1.31446,1.31446,1.31446,0.0
2012-02-19 03:25:00,1.31446,1.31446,1.31446,1.31446,0.0
2012-02-19 03:26:00,1.31446,1.31446,1.31446,1.31446,0.0
2012-02-19 03:27:00,1.31446,1.31446,1.31446,1.31446,0.0
2012-02-19 03:28:00,1.31446,1.31446,1.31446,1.31446,0.0
2012-02-19 03:29:00,1.31446,1.31446,1.31446,1.31446,0.0
2012-02-19 03:30:00,1.31446,1.31446,1.31446,1.31446,0.0
2012-02-19 03:31:00,1.31446,1.31446,1.31446,1.31446,0.0
2012-02-19 03:32:00,1.31446,1.31446,1.31446,1.31446,0.0
2012-02-19 03:33:00,1.31446,1.31446,1.31446,1.31446,0.0
2012-02-19 03:34:00,1.31446,1.31446,1.31446,1.31446,0.0
2012-02-19 03:35:00,1.31446,1.31446,1.31446,1.31446,0.0
2012-02-19 03:36:00,1.31446,1.31446,1.31446,1.31446,0.0
2012-02-19 03:37:00,1.31446,1.31446,1.31446,1.31446,0.0
2012-02-19 03:38:00,1.31446,1.31446,1.31446,1.31446,0.0
2012-02-19 03:39:00,1.31446,1.31446,1.31446,1.31446,0.0
2012-02-19 03:40:00,1.31446,1.31446,1.31446,1.31446,0.0
2012-02-19 03:41:00,1.31446,1.31446,1.31446,1.31446,0.0
2012-02-19 03:42:00,1.31446,1.31446,1.31446,1.31446,0.0
2012-02-19 03:43:00,1.31446,1.31446,1.31446,1.31446,0.0
2012-02-19 03:44:00,1.31446,1.31446,1.31446,1.31446,0.0
2012-02-19 03:45:00,1.31446,1.31446,1.31446,1.31446,0.0
2012-02-19 03:46:00,1.31446,1.31446,1.31446,1.31446,0.0
2012-02-19 03:47:00,1.31446,1.31446,1.31446,1.31446,0.0
2012-02-19 03:48:00,1.31446,1.31446,1.31446,1.31446,0.0
2012-02-19 03:49:00,1.31446,1.31446,1.31446,1.31446,0.0
2012-02-19 03:50:00,1.31446,1.31446,1.31446,1.31446,0.0
2012-02-19 03:51:00,1.31446,1.31446,1.31446,1.31446,0.0
2012-02-19 03:52:00,1.31446,1.31446,1.31446,1.31446,0.0
2012-02-19 03:53:00,1.31446,1.31446,1.31446,1.31446,0.0
2012-02-19 03:54:00,1.31446,1.31446,1.31446,1.31446,0.0
2012-02-19 03:55:00,1.31446,1.31446,1.31446,1.31446,0.0
2012-02-19 03:56:00,1.31446,1.31446,1.31446,1.31446,0.0
2012-02-19 03:57:00,1.31446,1.31446,1.31446,1.31446,0.0
2012-02-19 03:58:00,1.31446,1.31446,1.31446,1.31446,0.0
2012-02-19 03:59:00,1.31446,1.31446,1.31446,1.31446,0.0
2012-02-19 04:00:00,1.31446,1.31446,1.31446,1.31446,0.0
2012-02-19 04:01:00,1.31446,1.31446,1.31446,1.31446,0.0
2012-02-19 04:02:00,1.31446,1.31446,1.31446,1.31446,0.0
2012-02-19 04:03:00,1.31446,1.31446,1.31446,1.31446,0.0
2012-02-19 04:04:00,1.31446,1.31446,1.31446,1.31446,0.0
2012-02-19 04:05:00,1.31446,1.31446,1.31446,1.31446,0.0
2012-02-19 04:06:00,1.31446,1.31446,1.31446,1.31446,0.0
2012-02-19 04:07:00,1.31446,1.31446,1.31446,1.31446,0.0
2012-02-19 04:08:00,1.31446,1.31446,1.31446,1.31446,0.0
2012-02-19 04:09:00,1.31446,1.31446,1.31446,1.31446,0.0
2012-02-19 04:10:00,1.31446,1.31446,1.31446,1.31446,0.0
2012-02-19 04:11:00,1.31446,1.31446,1.31446,1.31446,0.0
2012-02-19 04:12:00,1.31446,1.31446,1.31446,1.31446,0.0
2012-02-19 04:13:00,1.31446,1.31446,1.31446,1.31446,0.0
2012-02-19 04:14:00,1.31446,1.31446,1.31446,1.31446,0.0
2012-02-19 04:15:00,1.31446,1.31446,1.31446,1.31446,0.0
2012-02-19 04:16:00,1.31446,1.31446,1.31446,1.31446,0.0
2012-02-19 04:17:00,1.31446,1.31446,1.31446,1.31446,0.0
2012-02-19 04:18:00,1.31446,1.31446,1.31446,1.31446,0.0
2012-02-19 04:19:00,1.31446,1.31446,1.31446,1.31446,0.0
2012-02-19 04:20:00,1.31446,1.31446,1.31446,1.31446,0.0
2012-02-19 04:21:00,1.31446,1.31446,1.31446,1.31446,0.0
2012-02-19 04:22:00,1.31446,1.31446,1.31446,1.31446,0.0
2012-02-19 04:23:00,1.31446,1.31446,1.31446,1.31446,0.0
2012-02-19 04:24:00,1.31446,1.31446,1.31446,1.31446,0.0
2012-02-19 04:25:00,1.31446,1.31446,1.31446,1.31446,0.0
2012-02-19 04:26:00,1.31446,1.31446,1.31446,1.31446,0.0
2012-02-19 04:27:00,1.31446,1.31446,1.31446,1.31446,0.0
2012-02-19 04:28:00,1.31446,1.31446,1.31446,1.31446,0.0
2012-02-19 04:29:00,1.31446,1.31446,1.31446,1.31446,0.0
2012-02-19 04:30:00,1.31446,1.31446,1.31446,1.31446,0.0
2012-02-19 04:31:00,1.31446,1.31446,1.31446,1.31446,0.0
2012-02-19 04:32:00,1.31446,1.31446,1.31446,1.31446,0.0
2012-02-19 04:33:00,1.31446,1.31446,1.31446,1.31446,0.0
2012-02-19 04:34:00,1.31446,1.31446,1.31446,1.31446,0.0
2012-02-19 04:35:00,1.31446,1.31446,1.31446,1.31446,0.0
2012-02-19 04:36:00,1.31446,1.31446,1.31446,1.31446,0.0
2012-02-19 04:37:00,1.31446,1.31446,1.31446,1.31446,0.0
2012-02-19 04:38:00,1.31446,1.31446,1.31446,1.31446,0.0
2012-02-19 04:39:00,1.31446,1.31446,1.31446,1.31446,0.0
2012-02-19 04:40:00,1.31446,1.31446,1.31446,1.31446,0.0
2012-02-19 04:41:00,1.31446,1.31446,1.31446,1.31446,0.0
2012-02-19 04:42:00,1.31446,1.31446,1.31446,1.31446,0.0
2012-02-19 04:43:00,1.31446,1.31446,1.31446,1.31446,0.0
2012-02-19 04:44:00,1.31446,1.31446,1.31446,1.31446,0.0
2012-02-19 04:45:00,1.31446,1.31446,1.31446,1.31446,0.0
2012-02-19 04:46:00,1.31446,1.31446,1.31446,1.31446,0.0
2012-02-19 04:47:00,1.31446,1.31446,1.31446,1.31446,0.0
2012-02-19 04:48:00,1.31446,1.31446,1.31446,1.31446,0.0
2012-02-19 04:49:00,1.31446,1.31446,1.31446,1.31446,0.0
2012-02-19 04:50:00,1.31446,1.31446,1.31446,1.31446,0.0
2012-02-19 04:51:00,1.31446,1.31446,1.31446,1.31446,0.0
2012-02-19 04:52:00,1.31446,1.31446,1.31446,1.31446,0.0
2012-02-19 04:53:00,1.31446,1.31446,1.31446,1.31446,0.0
2012-02-19 04:54:00,1.31446,1.31446,1.31446,1.31446,0.0
2012-02-19 04:55:00,1.31446,1.31446,1.31446,1.31446,0.0
2012-02-19 04:56:00,1.31446,1.31446,1.31446,1.31446,0.0
2012-02-19 04:57:00,1.31446,1.31446,1.31446,1.31446,0.0
2012-02-19 04:58:00,1.31446,1.31446,1.31446,1.31446,0.0
2012-02-19 04:59:00,1.31446,1.31446,1.31446,1.31446,0.0
2012-02-19 05:00:00,1.31446,1.31446,1.31446,1.31446,0.0
2012-02-19 05:01:00,1.31446,1.31446,1.31446,1.31446,0.0
2012-02-19 05:02:00,1.31446,1.31446,1.31446,1.31446,0.0
2012-02-19 05:03:00,1.31446,1.31446,1.31446,1.31446,0.0
2012-02-19 05:04:00,1.31446,1.31446,1.31446,1.31446,0.0
2012-02-19 05:05:00,1.31446,1.31446,1.31446,1.31446,0.0
2012-02-19 05:06:00,1.31446,1.31446,1.31446,1.31446,0.0
2012-02-19 05:07:00,1.31446,1.31446,1.31446,1.31446,0.0
2012-02-19 05:08:00,1.31446,1.31446,1.31446,1.31446,0.0
2012-02-19 05:09:00,1.31446,1.31446,1.31446,1.31446,0.0
2012-02-19 05:10:00,1.31446,1.31446,1.31446,1.31446,0.0
2012-02-19 05:11:00,1.31446,1.31446,1.31446,1.31446,0.0
2012-02-19 05:12:00,1.31446,1.31446,1.31446,1.31446,0.0
2012-02-19 05:13:00,1.31446,1.31446,1.31446,1.31446,0.0
2012-02-19 05:14:00,1.31446,1.31446,1.31446,1.31446,0.0
2012-02-19 05:15:00,1.31446,1.31446,1.31446,1.31446,0.0
2012-02-19 05:16:00,1.31446,1.31446,1.31446,1.31446,0.0
2012-02-19 05:17:00,1.31446,1.31446,1.31446,1.31446,0.0
2012-02-19 05:18:00,1.31446,1.31446,1.31446,1.31446,0.0
2012-02-19 05:19:00,1.31446,1.31446,1.31446,1.31446,0.0
2012-02-19 05:20:00,1.31446,1.31446,1.31446,1.31446,0.0
2012-02-19 05:21:00,1.31446,1.31446,1.31446,1.31446,0.0
2012-02-19 05:22:00,1.31446,1.31446,1.31446,1.31446,0.0
2012-02-19 05:23:00,1.31446,1.31446,1.31446,1.31446,0.0
2012-02-19 05:24:00,1.31446,1.31446,1.31446,1.31446,0.0
2012-02-19 05:25:00,1.31446,1.31446,1.31446,1.31446,0.0
2012-02-19 05:26:00,1.31446,1.31446,1.31446,1.31446,0.0
2012-02-19 05:27:00,1.31446,1.31446,1.31446,1.31446,0.0
2012-02-19 05:28:00,1.31446,1.31446,1.31446,1.31446,0.0
2012-02-19 05:29:00,1.31446,1.31446,1.31446,1.31446,0.0
2012-02-19 05:30:00,1.31446,1.31446,1.31446,1.31446,0.0
2012-02-19 05:31:00,1.31446,1.31446,1.31446,1.31446,0.0
2012-02-19 05:32:00,1.31446,1.31446,1.31446,1.31446,0.0
2012-02-19 05:33:00,1.31446,1.31446,1.31446,1.31446,0.0
2012-02-19 05:34:00,1.31446,1.31446,1.31446,1.31446,0.0
2012-02-19 05:35:00,1.31446,1.31446,1.31446,1.31446,0.0
2012-02-19 05:36:00,1.31446,1.31446,1.31446,1.31446,0.0
2012-02-19 05:37:00,1.31446,1.31446,1.31446,1.31446,0.0
2012-02-19 05:38:00,1.31446,1.31446,1.31446,1.31446,0.0
2012-02-19 05:39:00,1.31446,1.31446,1.31446,1.31446,0.0
2012-02-19 05:40:00,1.31446,1.31446,1.31446,1.31446,0.0
2012-02-19 05:41:00,1.31446,1.31446,1.31446,1.31446,0.0
2012-02-19 05:42:00,1.31446,1.31446,1.31446,1.31446,0.0
2012-02-19 05:43:00,1.31446,1.31446,1.31446,1.31446,0.0
2012-02-19 05:44:00,1.31446,1.31446,1.31446,1.31446,0.0
2012-02-19 05:45:00,1.31446,1.31446,1.31446,1.31446,0.0
2012-02-19 05:46:00,1.31446,1.31446,1.31446,1.31446,0.0
2012-02-19 05:47:00,1.31446,1.31446,1.31446,1.31446,0.0
2012-02-19 05:48:00,1.31446,1.31446,1.31446,1.31446,0.0
2012-02-19 05:49:00,1.31446,1.31446,1.31446,1.31446,0.0
2012-02-19 05:50:00,1.31446,1.31446,1.31446,1.31446,0.0
2012-02-19 05:51:00,1.31446,1.31446,1.31446,1.31446,0.0
2012-02-19 05:52:00,1.31446,1.31446,1.31446,1.31446,0.0
2012-02-19 05:53:00,1.31446,1.31446,1.31446,1.31446,0.0
2012-02-19 05:54:00,1.31446,1.31446,1.31446,1.31446,0.0
2012-02-19 05:55:00,1.31446,1.31446,1.31446,1.31446,0.0
2012-02-19 05:56:00,1.31446,1.31446,1.31446,1.31446,0.0
2012-02-19 05:57:00,1.31446,1.31446,1.31446,1.31446,0.0
2012-02-19 05:58:00,1.31446,1.31446,1.31446,1.31446,0.0
2012-02-19 05:59:00,1.31446,1.31446,1.31446,1.31446,0.0
2012-02-19 06:00:00,1.31446,1.31446,1.31446,1.31446,0.0
2012-02-19 06:01:00,1.31446,1.31446,1.31446,1.31446,0.0
2012-02-19 06:02:00,1.31446,1.31446,1.31446,1.31446,0.0
2012-02-19 06:03:00,1.31446,1.31446,1.31446,1.31446,0.0
2012-02-19 06:04:00,1.31446,1.31446,1.31446,1.31446,0.0
2012-02-19 06:05:00,1.31446,1.31446,1.31446,1.31446,0.0
2012-02-19 06:06:00,1.31446,1.31446,1.31446,1.31446,0.0
2012-02-19 06:07:00,1.31446,1.31446,1.31446,1.31446,0.0
2012-02-19 06:08:00,1.31446,1.31446,1.31446,1.31446,0.0
2012-02-19 06:09:00,1.31446,1.31446,1.31446,1.31446,0.0
2012-02-19 06:10:00,1.31446,1.31446,1.31446,1.31446,0.0
2012-02-19 06:11:00,1.31446,1.31446,1.31446,1.31446,0.0
2012-02-19 06:12:00,1.31446,1.31446,1.31446,1.31446,0.0
2012-02-19 06:13:00,1.31446,1.31446,1.31446,1.31446,0.0
2012-02-19 06:14:00,1.31446,1.31446,1.31446,1.31446,0.0
2012-02-19 06:15:00,1.31446,1.31446,1.31446,1.31446,0.0
2012-02-19 06:16:00,1.31446,1.31446,1.31446,1.31446,0.0
2012-02-19 06:17:00,1.31446,1.31446,1.31446,1.31446,0.0
2012-02-19 06:18:00,1.31446,1.31446,1.31446,1.31446,0.0
2012-02-19 06:19:00,1.31446,1.31446,1.31446,1.31446,0.0
2012-02-19 06:20:00,1.31446,1.31446,1.31446,1.31446,0.0
2012-02-19 06:21:00,1.31446,1.31446,1.31446,1.31446,0.0
2012-02-19 06:22:00,1.31446,1.31446,1.31446,1.31446,0.0
2012-02-19 06:23:00,1.31446,1.31446,1.31446,1.31446,0.0
2012-02-19 06:24:00,1.31446,1.31446,1.31446,1.31446,0.0
2012-02-19 06:25:00,1.31446,1.31446,1.31446,1.31446,0.0
2012-02-19 06:26:00,1.31446,1.31446,1.31446,1.31446,0.0
2012-02-19 06:27:00,1.31446,1.31446,1.31446,1.31446,0.0
2012-02-19 06:28:00,1.31446,1.31446,1.31446,1.31446,0.0
2012-02-19 06:29:00,1.31446,1.31446,1.31446,1.31446,0.0
2012-02-19 06:30:00,1.31446,1.31446,1.31446,1.31446,0.0
2012-02-19 06:31:00,1.31446,1.31446,1.31446,1.31446,0.0
2012-02-19 06:32:00,1.31446,1.31446,1.31446,1.31446,0.0
2012-02-19 06:33:00,1.31446,1.31446,1.31446,1.31446,0.0
2012-02-19 06:34:00,1.31446,1.31446,1.31446,1.31446,0.0
2012-02-19 06:35:00,1.31446,1.31446,1.31446,1.31446,0.0
2012-02-19 06:36:00,1.31446,1.31446,1.31446,1.31446,0.0
2012-02-19 06:37:00,1.31446,1.31446,1.31446,1.31446,0.0
2012-02-19 06:38:00,1.31446,1.31446,1.31446,1.31446,0.0
2012-02-19 06:39:00,1.31446,1.31446,1.31446,1.31446,0.0
2012-02-19 06:40:00,1.31446,1.31446,1.31446,1.31446,0.0
2012-02-19 06:41:00,1.31446,1.31446,1.31446,1.31446,0.0
2012-02-19 06:42:00,1.31446,1.31446,1.31446,1.31446,0.0
2012-02-19 06:43:00,1.31446,1.31446,1.31446,1.31446,0.0
2012-02-19 06:44:00,1.31446,1.31446,1.31446,1.31446,0.0
2012-02-19 06:45:00,1.31446,1.31446,1.31446,1.31446,0.0
2012-02-19 06:46:00,1.31446,1.31446,1.31446,1.31446,0.0
2012-02-19 06:47:00,1.31446,1.31446,1.31446,1.31446,0.0
2012-02-19 06:48:00,1.31446,1.31446,1.31446,1.31446,0.0
2012-02-19 06:49:00,1.31446,1.31446,1.31446,1.31446,0.0
2012-02-19 06:50:00,1.31446,1.31446,1.31446,1.31446,0.0
2012-02-19 06:51:00,1.31446,1.31446,1.31446,1.31446,0.0
2012-02-19 06:52:00,1.31446,1.31446,1.31446,1.31446,0.0
2012-02-19 06:53:00,1.31446,1.31446,1.31446,1.31446,0.0
2012-02-19 06:54:00,1.31446,1.31446,1.31446,1.31446,0.0
2012-02-19 06:55:00,1.31446,1.31446,1.31446,1.31446,0.0
2012-02-19 06:56:00,1.31446,1.31446,1.31446,1.31446,0.0
2012-02-19 06:57:00,1.31446,1.31446,1.31446,1.31446,0.0
2012-02-19 06:58:00,1.31446,1.31446,1.31446,1.31446,0.0
2012-02-19 06:59:00,1.31446,1.31446,1.31446,1.31446,0.0
2012-02-19 07:00:00,1.31446,1.31446,1.31446,1.31446,0.0
2012-02-19 07:01:00,1.31446,1.31446,1.31446,1.31446,0.0
2012-02-19 07:02:00,1.31446,1.31446,1.31446,1.31446,0.0
2012-02-19 07:03:00,1.31446,1.31446,1.31446,1.31446,0.0
2012-02-19 07:04:00,1.31446,1.31446,1.31446,1.31446,0.0
2012-02-19 07:05:00,1.31446,1.31446,1.31446,1.31446,0.0
2012-02-19 07:06:00,1.31446,1.31446,1.31446,1.31446,0.0
2012-02-19 07:07:00,1.31446,1.31446,1.31446,1.31446,0.0
2012-02-19 07:08:00,1.31446,1.31446,1.31446,1.31446,0.0
2012-02-19 07:09:00,1.31446,1.31446,1.31446,1.31446,0.0
2012-02-19 07:10:00,1.31446,1.31446,1.31446,1.31446,0.0
2012-02-19 07:11:00,1.31446,1.31446,1.31446,1.31446,0.0
2012-02-19 07:12:00,1.31446,1.31446,1.31446,1.31446,0.0
2012-02-19 07:13:00,1.31446,1.31446,1.31446,1.31446,0.0
2012-02-19 07:14:00,1.31446,1.31446,1.31446,1.31446,0.0
2012-02-19 07:15:00,1.31446,1.31446,1.31446,1.31446,0.0
2012-02-19 07:16:00,1.31446,1.31446,1.31446,1.31446,0.0
2012-02-19 07:17:00,1.31446,1.31446,1.31446,1.31446,0.0
2012-02-19 07:18:00,1.31446,1.31446,1.31446,1.31446,0.0
2012-02-19 07:19:00,1.31446,1.31446,1.31446,1.31446,0.0
2012-02-19 07:20:00,1.31446,1.31446,1.31446,1.31446,0.0
2012-02-19 07:21:00,1.31446,1.31446,1.31446,1.31446,0.0
2012-02-19 07:22:00,1.31446,1.31446,1.31446,1.31446,0.0
2012-02-19 07:23:00,1.31446,1.31446,1.31446,1.31446,0.0
2012-02-19 07:24:00,1.31446,1.31446,1.31446,1.31446,0.0
2012-02-19 07:25:00,1.31446,1.31446,1.31446,1.31446,0.0
2012-02-19 07:26:00,1.31446,1.31446,1.31446,1.31446,0.0
2012-02-19 07:27:00,1.31446,1.31446,1.31446,1.31446,0.0
2012-02-19 07:28:00,1.31446,1.31446,1.31446,1.31446,0.0
2012-02-19 07:29:00,1.31446,1.31446,1.31446,1.31446,0.0
2012-02-19 07:30:00,1.31446,1.31446,1.31446,1.31446,0.0
2012-02-19 07:31:00,1.31446,1.31446,1.31446,1.31446,0.0
2012-02-19 07:32:00,1.31446,1.31446,1.31446,1.31446,0.0
2012-02-19 07:33:00,1.31446,1.31446,1.31446,1.31446,0.0
2012-02-19 07:34:00,1.31446,1.31446,1.31446,1.31446,0.0
2012-02-19 07:35:00,1.31446,1.31446,1.31446,1.31446,0.0
2012-02-19 07:36:00,1.31446,1.31446,1.31446,1.31446,0.0
2012-02-19 07:37:00,1.31446,1.31446,1.31446,1.31446,0.0
2012-02-19 07:38:00,1.31446,1.31446,1.31446,1.31446,0.0
2012-02-19 07:39:00,1.31446,1.31446,1.31446,1.31446,0.0
2012-02-19 07:40:00,1.31446,1.31446,1.31446,1.31446,0.0
2012-02-19 07:41:00,1.31446,1.31446,1.31446,1.31446,0.0
2012-02-19 07:42:00,1.31446,1.31446,1.31446,1.31446,0.0
2012-02-19 07:43:00,1.31446,1.31446,1.31446,1.31446,0.0
2012-02-19 07:44:00,1.31446,1.31446,1.31446,1.31446,0.0
2012-02-19 07:45:00,1.31446,1.31446,1.31446,1.31446,0.0
2012-02-19 07:46:00,1.31446,1.31446,1.31446,1.31446,0.0
2012-02-19 07:47:00,1.31446,1.31446,1.31446,1.31446,0.0
2012-02-19 07:48:00,1.31446,1.31446,1.31446,1.31446,0.0
2012-02-19 07:49:00,1.31446,1.31446,1.31446,1.31446,0.0
2012-02-19 07:50:00,1.31446,1.31446,1.31446,1.31446,0.0
2012-02-19 07:51:00,1.31446,1.31446,1.31446,1.31446,0.0
2012-02-19 07:52:00,1.31446,1.31446,1.31446,1.31446,0.0
2012-02-19 07:53:00,1.31446,1.31446,1.31446,1.31446,0.0
2012-02-19 07:54:00,1.31446,1.31446,1.31446,1.31446,0.0
2012-02-19 07:55:00,1.31446,1.31446,1.31446,1.31446,0.0
2012-02-19 07:56:00,1.31446,1.31446,1.31446,1.31446,0.0
2012-02-19 07:57:00,1.31446,1.31446,1.31446,1.31446,0.0
2012-02-19 07:58:00,1.31446,1.31446,1.31446,1.31446,0.0
2012-02-19 07:59:00,1.31446,1.31446,1.31446,1.31446,0.0
2012-02-19 08:00:00,1.31446,1.31446,1.31446,1.31446,0.0
2012-02-19 08:01:00,1.31446,1.31446,1.31446,1.31446,0.0
2012-02-19 08:02:00,1.31446,1.31446,1.31446,1.31446,0.0
2012-02-19 08:03:00,1.31446,1.31446,1.31446,1.31446,0.0
2012-02-19 08:04:00,1.31446,1.31446,1.31446,1.31446,0.0
2012-02-19 08:05:00,1.31446,1.31446,1.31446,1.31446,0.0
2012-02-19 08:06:00,1.31446,1.31446,1.31446,1.31446,0.0
2012-02-19 08:07:00,1.31446,1.31446,1.31446,1.31446,0.0
2012-02-19 08:08:00,1.31446,1.31446,1.31446,1.31446,0.0
2012-02-19 08:09:00,1.31446,1.31446,1.31446,1.31446,0.0
2012-02-19 08:10:00,1.31446,1.31446,1.31446,1.31446,0.0
2012-02-19 08:11:00,1.31446,1.31446,1.31446,1.31446,0.0
2012-02-19 08:12:00,1.31446,1.31446,1.31446,1.31446,0.0
2012-02-19 08:13:00,1.31446,1.31446,1.31446,1.31446,0.0
2012-02-19 08:14:00,1.31446,1.31446,1.31446,1.31446,0.0
2012-02-19 08:15:00,1.31446,1.31446,1.31446,1.31446,0.0
2012-02-19 08:16:00,1.31446,1.31446,1.31446,1.31446,0.0
2012-02-19 08:17:00,1.31446,1.31446,1.31446,1.31446,0.0
2012-02-19 08:18:00,1.31446,1.31446,1.31446,1.31446,0.0
2012-02-19 08:19:00,1.31446,1.31446,1.31446,1.31446,0.0
2012-02-19 08:20:00,1.31446,1.31446,1.31446,1.31446,0.0
2012-02-19 08:21:00,1.31446,1.31446,1.31446,1.31446,0.0
2012-02-19 08:22:00,1.31446,1.31446,1.31446,1.31446,0.0
2012-02-19 08:23:00,1.31446,1.31446,1.31446,1.31446,0.0
2012-02-19 08:24:00,1.31446,1.31446,1.31446,1.31446,0.0
2012-02-19 08:25:00,1.31446,1.31446,1.31446,1.31446,0.0
2012-02-19 08:26:00,1.31446,1.31446,1.31446,1.31446,0.0
2012-02-19 08:27:00,1.31446,1.31446,1.31446,1.31446,0.0
2012-02-19 08:28:00,1.31446,1.31446,1.31446,1.31446,0.0
2012-02-19 08:29:00,1.31446,1.31446,1.31446,1.31446,0.0
2012-02-19 08:30:00,1.31446,1.31446,1.31446,1.31446,0.0
2012-02-19 08:31:00,1.31446,1.31446,1.31446,1.31446,0.0
2012-02-19 08:32:00,1.31446,1.31446,1.31446,1.31446,0.0
2012-02-19 08:33:00,1.31446,1.31446,1.31446,1.31446,0.0
2012-02-19 08:34:00,1.31446,1.31446,1.31446,1.31446,0.0
2012-02-19 08:35:00,1.31446,1.31446,1.31446,1.31446,0.0
2012-02-19 08:36:00,1.31446,1.31446,1.31446,1.31446,0.0
2012-02-19 08:37:00,1.31446,1.31446,1.31446,1.31446,0.0
2012-02-19 08:38:00,1.31446,1.31446,1.31446,1.31446,0.0
2012-02-19 08:39:00,1.31446,1.31446,1.31446,1.31446,0.0
2012-02-19 08:40:00,1.31446,1.31446,1.31446,1.31446,0.0
2012-02-19 08:41:00,1.31446,1.31446,1.31446,1.31446,0.0
2012-02-19 08:42:00,1.31446,1.31446,1.31446,1.31446,0.0
2012-02-19 08:43:00,1.31446,1.31446,1.31446,1.31446,0.0
2012-02-19 08:44:00,1.31446,1.31446,1.31446,1.31446,0.0
2012-02-19 08:45:00,1.31446,1.31446,1.31446,1.31446,0.0
2012-02-19 08:46:00,1.31446,1.31446,1.31446,1.31446,0.0
2012-02-19 08:47:00,1.31446,1.31446,1.31446,1.31446,0.0
2012-02-19 08:48:00,1.31446,1.31446,1.31446,1.31446,0.0
2012-02-19 08:49:00,1.31446,1.31446,1.31446,1.31446,0.0
2012-02-19 08:50:00,1.31446,1.31446,1.31446,1.31446,0.0
2012-02-19 08:51:00,1.31446,1.31446,1.31446,1.31446,0.0
2012-02-19 08:52:00,1.31446,1.31446,1.31446,1.31446,0.0
2012-02-19 08:53:00,1.31446,1.31446,1.31446,1.31446,0.0
2012-02-19 08:54:00,1.31446,1.31446,1.31446,1.31446,0.0
2012-02-19 08:55:00,1.31446,1.31446,1.31446,1.31446,0.0
2012-02-19 08:56:00,1.31446,1.31446,1.31446,1.31446,0.0
2012-02-19 08:57:00,1.31446,1.31446,1.31446,1.31446,0.0
2012-02-19 08:58:00,1.31446,1.31446,1.31446,1.31446,0.0
2012-02-19 08:59:00,1.31446,1.31446,1.31446,1.31446,0.0
2012-02-19 09:00:00,1.31446,1.31446,1.31446,1.31446,0.0
2012-02-19 09:01:00,1.31446,1.31446,1.31446,1.31446,0.0
2012-02-19 09:02:00,1.31446,1.31446,1.31446,1.31446,0.0
2012-02-19 09:03:00,1.31446,1.31446,1.31446,1.31446,0.0
2012-02-19 09:04:00,1.31446,1.31446,1.31446,1.31446,0.0
2012-02-19 09:05:00,1.31446,1.31446,1.31446,1.31446,0.0
2012-02-19 09:06:00,1.31446,1.31446,1.31446,1.31446,0.0
2012-02-19 09:07:00,1.31446,1.31446,1.31446,1.31446,0.0
2012-02-19 09:08:00,1.31446,1.31446,1.31446,1.31446,0.0
2012-02-19 09:09:00,1.31446,1.31446,1.31446,1.31446,0.0
2012-02-19 09:10:00,1.31446,1.31446,1.31446,1.31446,0.0
2012-02-19 09:11:00,1.31446,1.31446,1.31446,1.31446,0.0
2012-02-19 09:12:00,1.31446,1.31446,1.31446,1.31446,0.0
2012-02-19 09:13:00,1.31446,1.31446,1.31446,1.31446,0.0
2012-02-19 09:14:00,1.31446,1.31446,1.31446,1.31446,0.0
2012-02-19 09:15:00,1.31446,1.31446,1.31446,1.31446,0.0
2012-02-19 09:16:00,1.31446,1.31446,1.31446,1.31446,0.0
2012-02-19 09:17:00,1.31446,1.31446,1.31446,1.31446,0.0
2012-02-19 09:18:00,1.31446,1.31446,1.31446,1.31446,0.0
2012-02-19 09:19:00,1.31446,1.31446,1.31446,1.31446,0.0
2012-02-19 09:20:00,1.31446,1.31446,1.31446,1.31446,0.0
2012-02-19 09:21:00,1.31446,1.31446,1.31446,1.31446,0.0
2012-02-19 09:22:00,1.31446,1.31446,1.31446,1.31446,0.0
2012-02-19 09:23:00,1.31446,1.31446,1.31446,1.31446,0.0
2012-02-19 09:24:00,1.31446,1.31446,1.31446,1.31446,0.0
2012-02-19 09:25:00,1.31446,1.31446,1.31446,1.31446,0.0
2012-02-19 09:26:00,1.31446,1.31446,1.31446,1.31446,0.0
2012-02-19 09:27:00,1.31446,1.31446,1.31446,1.31446,0.0
2012-02-19 09:28:00,1.31446,1.31446,1.31446,1.31446,0.0
2012-02-19 09:29:00,1.31446,1.31446,1.31446,1.31446,0.0
2012-02-19 09:30:00,1.31446,1.31446,1.31446,1.31446,0.0
2012-02-19 09:31:00,1.31446,1.31446,1.31446,1.31446,0.0
2012-02-19 09:32:00,1.31446,1.31446,1.31446,1.31446,0.0
2012-02-19 09:33:00,1.31446,1.31446,1.31446,1.31446,0.0
2012-02-19 09:34:00,1.31446,1.31446,1.31446,1.31446,0.0
2012-02-19 09:35:00,1.31446,1.31446,1.31446,1.31446,0.0
2012-02-19 09:36:00,1.31446,1.31446,1.31446,1.31446,0.0
2012-02-19 09:37:00,1.31446,1.31446,1.31446,1.31446,0.0
2012-02-19 09:38:00,1.31446,1.31446,1.31446,1.31446,0.0
2012-02-19 09:39:00,1.31446,1.31446,1.31446,1.31446,0.0
2012-02-19 09:40:00,1.31446,1.31446,1.31446,1.31446,0.0
2012-02-19 09:41:00,1.31446,1.31446,1.31446,1.31446,0.0
2012-02-19 09:42:00,1.31446,1.31446,1.31446,1.31446,0.0
2012-02-19 09:43:00,1.31446,1.31446,1.31446,1.31446,0.0
2012-02-19 09:44:00,1.31446,1.31446,1.31446,1.31446,0.0
2012-02-19 09:45:00,1.31446,1.31446,1.31446,1.31446,0.0
2012-02-19 09:46:00,1.31446,1.31446,1.31446,1.31446,0.0
2012-02-19 09:47:00,1.31446,1.31446,1.31446,1.31446,0.0
2012-02-19 09:48:00,1.31446,1.31446,1.31446,1.31446,0.0
2012-02-19 09:49:00,1.31446,1.31446,1.31446,1.31446,0.0
2012-02-19 09:50:00,1.31446,1.31446,1.31446,1.31446,0.0
2012-02-19 09:51:00,1.31446,1.31446,1.31446,1.31446,0.0
2012-02-19 09:52:00,1.31446,1.31446,1.31446,1.31446,0.0
2012-02-19 09:53:00,1.31446,1.31446,1.31446,1.31446,0.0
2012-02-19 09:54:00,1.31446,1.31446,1.31446,1.31446,0.0
2012-02-19 09:55:00,1.31446,1.31446,1.31446,1.31446,0.0
2012-02-19 09:56:00,1.31446,1.31446,1.31446,1.31446,0.0
2012-02-19 09:57:00,1.31446,1.31446,1.31446,1.31446,0.0
2012-02-19 09:58:00,1.31446,1.31446,1.31446,1.31446,0.0
2012-02-19 09:59:00,1.31446,1.31446,1.31446,1.31446,0.0
2012-02-19 10:00:00,1.31446,1.31446,1.31446,1.31446,0.0
2012-02-19 10:01:00,1.31446,1.31446,1.31446,1.31446,0.0
2012-02-19 10:02:00,1.31446,1.31446,1.31446,1.31446,0.0
2012-02-19 10:03:00,1.31446,1.31446,1.31446,1.31446,0.0
2012-02-19 10:04:00,1.31446,1.31446,1.31446,1.31446,0.0
2012-02-19 10:05:00,1.31446,1.31446,1.31446,1.31446,0.0
2012-02-19 10:06:00,1.31446,1.31446,1.31446,1.31446,0.0
2012-02-19 10:07:00,1.31446,1.31446,1.31446,1.31446,0.0
2012-02-19 10:08:00,1.31446,1.31446,1.31446,1.31446,0.0
2012-02-19 10:09:00,1.31446,1.31446,1.31446,1.31446,0.0
2012-02-19 10:10:00,1.31446,1.31446,1.31446,1.31446,0.0
2012-02-19 10:11:00,1.31446,1.31446,1.31446,1.31446,0.0
2012-02-19 10:12:00,1.31446,1.31446,1.31446,1.31446,0.0
2012-02-19 10:13:00,1.31446,1.31446,1.31446,1.31446,0.0
2012-02-19 10:14:00,1.31446,1.31446,1.31446,1.31446,0.0
2012-02-19 10:15:00,1.31446,1.31446,1.31446,1.31446,0.0
2012-02-19 10:16:00,1.31446,1.31446,1.31446,1.31446,0.0
2012-02-19 10:17:00,1.31446,1.31446,1.31446,1.31446,0.0
2012-02-19 10:18:00,1.31446,1.31446,1.31446,1.31446,0.0
2012-02-19 10:19:00,1.31446,1.31446,1.31446,1.31446,0.0
2012-02-19 10:20:00,1.31446,1.31446,1.31446,1.31446,0.0
2012-02-19 10:21:00,1.31446,1.31446,1.31446,1.31446,0.0
2012-02-19 10:22:00,1.31446,1.31446,1.31446,1.31446,0.0
2012-02-19 10:23:00,1.31446,1.31446,1.31446,1.31446,0.0
2012-02-19 10:24:00,1.31446,1.31446,1.31446,1.31446,0.0
2012-02-19 10:25:00,1.31446,1.31446,1.31446,1.31446,0.0
2012-02-19 10:26:00,1.31446,1.31446,1.31446,1.31446,0.0
2012-02-19 10:27:00,1.31446,1.31446,1.31446,1.31446,0.0
2012-02-19 10:28:00,1.31446,1.31446,1.31446,1.31446,0.0
2012-02-19 10:29:00,1.31446,1.31446,1.31446,1.31446,0.0
2012-02-19 10:30:00,1.31446,1.31446,1.31446,1.31446,0.0
2012-02-19 10:31:00,1.31446,1.31446,1.31446,1.31446,0.0
2012-02-19 10:32:00,1.31446,1.31446,1.31446,1.31446,0.0
2012-02-19 10:33:00,1.31446,1.31446,1.31446,1.31446,0.0
2012-02-19 10:34:00,1.31446,1.31446,1.31446,1.31446,0.0
2012-02-19 10:35:00,1.31446,1.31446,1.31446,1.31446,0.0
2012-02-19 10:36:00,1.31446,1.31446,1.31446,1.31446,0.0
2012-02-19 10:37:00,1.31446,1.31446,1.31446,1.31446,0.0
2012-02-19 10:38:00,1.31446,1.31446,1.31446,1.31446,0.0
2012-02-19 10:39:00,1.31446,1.31446,1.31446,1.31446,0.0
2012-02-19 10:40:00,1.31446,1.31446,1.31446,1.31446,0.0
2012-02-19 10:41:00,1.31446,1.31446,1.31446,1.31446,0.0
2012-02-19 10:42:00,1.31446,1.31446,1.31446,1.31446,0.0
2012-02-19 10:43:00,1.31446,1.31446,1.31446,1.31446,0.0
2012-02-19 10:44:00,1.31446,1.31446,1.31446,1.31446,0.0
2012-02-19 10:45:00,1.31446,1.31446,1.31446,1.31446,0.0
2012-02-19 10:46:00,1.31446,1.31446,1.31446,1.31446,0.0
2012-02-19 10:47:00,1.31446,1.31446,1.31446,1.31446,0.0
2012-02-19 10:48:00,1.31446,1.31446,1.31446,1.31446,0.0
2012-02-19 10:49:00,1.31446,1.31446,1.31446,1.31446,0.0
2012-02-19 10:50:00,1.31446,1.31446,1.31446,1.31446,0.0
2012-02-19 10:51:00,1.31446,1.31446,1.31446,1.31446,0.0
2012-02-19 10:52:00,1.31446,1.31446,1.31446,1.31446,0.0
2012-02-19 10:53:00,1.31446,1.31446,1.31446,1.31446,0.0
2012-02-19 10:54:00,1.31446,1.31446,1.31446,1.31446,0.0
2012-02-19 10:55:00,1.31446,1.31446,1.31446,1.31446,0.0
2012-02-19 10:56:00,1.31446,1.31446,1.31446,1.31446,0.0
2012-02-19 10:57:00,1.31446,1.31446,1.31446,1.31446,0.0
2012-02-19 10:58:00,1.31446,1.31446,1.31446,1.31446,0.0
2012-02-19 10:59:00,1.31446,1.31446,1.31446,1.31446,0.0
2012-02-19 11:00:00,1.31446,1.31446,1.31446,1.31446,0.0
2012-02-19 11:01:00,1.31446,1.31446,1.31446,1.31446,0.0
2012-02-19 11:02:00,1.31446,1.31446,1.31446,1.31446,0.0
2012-02-19 11:03:00,1.31446,1.31446,1.31446,1.31446,0.0
2012-02-19 11:04:00,1.31446,1.31446,1.31446,1.31446,0.0
2012-02-19 11:05:00,1.31446,1.31446,1.31446,1.31446,0.0
2012-02-19 11:06:00,1.31446,1.31446,1.31446,1.31446,0.0
2012-02-19 11:07:00,1.31446,1.31446,1.31446,1.31446,0.0
2012-02-19 11:08:00,1.31446,1.31446,1.31446,1.31446,0.0
2012-02-19 11:09:00,1.31446,1.31446,1.31446,1.31446,0.0
2012-02-19 11:10:00,1.31446,1.31446,1.31446,1.31446,0.0
2012-02-19 11:11:00,1.31446,1.31446,1.31446,1.31446,0.0
2012-02-19 11:12:00,1.31446,1.31446,1.31446,1.31446,0.0
2012-02-19 11:13:00,1.31446,1.31446,1.31446,1.31446,0.0
2012-02-19 11:14:00,1.31446,1.31446,1.31446,1.31446,0.0
2012-02-19 11:15:00,1.31446,1.31446,1.31446,1.31446,0.0
2012-02-19 11:16:00,1.31446,1.31446,1.31446,1.31446,0.0
2012-02-19 11:17:00,1.31446,1.31446,1.31446,1.31446,0.0
2012-02-19 11:18:00,1.31446,1.31446,1.31446,1.31446,0.0
2012-02-19 11:19:00,1.31446,1.31446,1.31446,1.31446,0.0
2012-02-19 11:20:00,1.31446,1.31446,1.31446,1.31446,0.0
2012-02-19 11:21:00,1.31446,1.31446,1.31446,1.31446,0.0
2012-02-19 11:22:00,1.31446,1.31446,1.31446,1.31446,0.0
2012-02-19 11:23:00,1.31446,1.31446,1.31446,1.31446,0.0
2012-02-19 11:24:00,1.31446,1.31446,1.31446,1.31446,0.0
2012-02-19 11:25:00,1.31446,1.31446,1.31446,1.31446,0.0
2012-02-19 11:26:00,1.31446,1.31446,1.31446,1.31446,0.0
2012-02-19 11:27:00,1.31446,1.31446,1.31446,1.31446,0.0
2012-02-19 11:28:00,1.31446,1.31446,1.31446,1.31446,0.0
2012-02-19 11:29:00,1.31446,1.31446,1.31446,1.31446,0.0
2012-02-19 11:30:00,1.31446,1.31446,1.31446,1.31446,0.0
2012-02-19 11:31:00,1.31446,1.31446,1.31446,1.31446,0.0
2012-02-19 11:32:00,1.31446,1.31446,1.31446,1.31446,0.0
2012-02-19 11:33:00,1.31446,1.31446,1.31446,1.31446,0.0
2012-02-19 11:34:00,1.31446,1.31446,1.31446,1.31446,0.0
2012-02-19 11:35:00,1.31446,1.31446,1.31446,1.31446,0.0
2012-02-19 11:36:00,1.31446,1.31446,1.31446,1.31446,0.0
2012-02-19 11:37:00,1.31446,1.31446,1.31446,1.31446,0.0
2012-02-19 11:38:00,1.31446,1.31446,1.31446,1.31446,0.0
2012-02-19 11:39:00,1.31446,1.31446,1.31446,1.31446,0.0
2012-02-19 11:40:00,1.31446,1.31446,1.31446,1.31446,0.0
2012-02-19 11:41:00,1.31446,1.31446,1.31446,1.31446,0.0
2012-02-19 11:42:00,1.31446,1.31446,1.31446,1.31446,0.0
2012-02-19 11:43:00,1.31446,1.31446,1.31446,1.31446,0.0
2012-02-19 11:44:00,1.31446,1.31446,1.31446,1.31446,0.0
2012-02-19 11:45:00,1.31446,1.31446,1.31446,1.31446,0.0
2012-02-19 11:46:00,1.31446,1.31446,1.31446,1.31446,0.0
2012-02-19 11:47:00,1.31446,1.31446,1.31446,1.31446,0.0
2012-02-19 11:48:00,1.31446,1.31446,1.31446,1.31446,0.0
2012-02-19 11:49:00,1.31446,1.31446,1.31446,1.31446,0.0
2012-02-19 11:50:00,1.31446,1.31446,1.31446,1.31446,0.0
2012-02-19 11:51:00,1.31446,1.31446,1.31446,1.31446,0.0
2012-02-19 11:52:00,1.31446,1.31446,1.31446,1.31446,0.0
2012-02-19 11:53:00,1.31446,1.31446,1.31446,1.31446,0.0
2012-02-19 11:54:00,1.31446,1.31446,1.31446,1.31446,0.0
2012-02-19 11:55:00,1.31446,1.31446,1.31446,1.31446,0.0
2012-02-19 11:56:00,1.31446,1.31446,1.31446,1.31446,0.0
2012-02-19 11:57:00,1.31446,1.31446,1.31446,1.31446,0.0
2012-02-19 11:58:00,1.31446,1.31446,1.31446,1.31446,0.0
2012-02-19 11:59:00,1.31446,1.31446,1.31446,1.31446,0.0
2012-02-19 12:00:00,1.31446,1.31446,1.31446,1.31446,0.0
2012-02-19 12:01:00,1.31446,1.31446,1.31446,1.31446,0.0
2012-02-19 12:02:00,1.31446,1.31446,1.31446,1.31446,0.0
2012-02-19 12:03:00,1.31446,1.31446,1.31446,1.31446,0.0
2012-02-19 12:04:00,1.31446,1.31446,1.31446,1.31446,0.0
2012-02-19 12:05:00,1.31446,1.31446,1.31446,1.31446,0.0
2012-02-19 12:06:00,1.31446,1.31446,1.31446,1.31446,0.0
2012-02-19 12:07:00,1.31446,1.31446,1.31446,1.31446,0.0
2012-02-19 12:08:00,1.31446,1.31446,1.31446,1.31446,0.0
2012-02-19 12:09:00,1.31446,1.31446,1.31446,1.31446,0.0
2012-02-19 12:10:00,1.31446,1.31446,1.31446,1.31446,0.0
2012-02-19 12:11:00,1.31446,1.31446,1.31446,1.31446,0.0
2012-02-19 12:12:00,1.31446,1.31446,1.31446,1.31446,0.0
2012-02-19 12:13:00,1.31446,1.31446,1.31446,1.31446,0.0
2012-02-19 12:14:00,1.31446,1.31446,1.31446,1.31446,0.0
2012-02-19 12:15:00,1.31446,1.31446,1.31446,1.31446,0.0
2012-02-19 12:16:00,1.31446,1.31446,1.31446,1.31446,0.0
2012-02-19 12:17:00,1.31446,1.31446,1.31446,1.31446,0.0
2012-02-19 12:18:00,1.31446,1.31446,1.31446,1.31446,0.0
2012-02-19 12:19:00,1.31446,1.31446,1.31446,1.31446,0.0
2012-02-19 12:20:00,1.31446,1.31446,1.31446,1.31446,0.0
2012-02-19 12:21:00,1.31446,1.31446,1.31446,1.31446,0.0
2012-02-19 12:22:00,1.31446,1.31446,1.31446,1.31446,0.0
2012-02-19 12:23:00,1.31446,1.31446,1.31446,1.31446,0.0
2012-02-19 12:24:00,1.31446,1.31446,1.31446,1.31446,0.0
2012-02-19 12:25:00,1.31446,1.31446,1.31446,1.31446,0.0
2012-02-19 12:26:00,1.31446,1.31446,1.31446,1.31446,0.0
2012-02-19 12:27:00,1.31446,1.31446,1.31446,1.31446,0.0
2012-02-19 12:28:00,1.31446,1.31446,1.31446,1.31446,0.0
2012-02-19 12:29:00,1.31446,1.31446,1.31446,1.31446,0.0
2012-02-19 12:30:00,1.31446,1.31446,1.31446,1.31446,0.0
2012-02-19 12:31:00,1.31446,1.31446,1.31446,1.31446,0.0
2012-02-19 12:32:00,1.31446,1.31446,1.31446,1.31446,0.0
2012-02-19 12:33:00,1.31446,1.31446,1.31446,1.31446,0.0
2012-02-19 12:34:00,1.31446,1.31446,1.31446,1.31446,0.0
2012-02-19 12:35:00,1.31446,1.31446,1.31446,1.31446,0.0
2012-02-19 12:36:00,1.31446,1.31446,1.31446,1.31446,0.0
2012-02-19 12:37:00,1.31446,1.31446,1.31446,1.31446,0.0
2012-02-19 12:38:00,1.31446,1.31446,1.31446,1.31446,0.0
2012-02-19 12:39:00,1.31446,1.31446,1.31446,1.31446,0.0
2012-02-19 12:40:00,1.31446,1.31446,1.31446,1.31446,0.0
2012-02-19 12:41:00,1.31446,1.31446,1.31446,1.31446,0.0
2012-02-19 12:42:00,1.31446,1.31446,1.31446,1.31446,0.0
2012-02-19 12:43:00,1.31446,1.31446,1.31446,1.31446,0.0
2012-02-19 12:44:00,1.31446,1.31446,1.31446,1.31446,0.0
2012-02-19 12:45:00,1.31446,1.31446,1.31446,1.31446,0.0
2012-02-19 12:46:00,1.31446,1.31446,1.31446,1.31446,0.0
2012-02-19 12:47:00,1.31446,1.31446,1.31446,1.31446,0.0
2012-02-19 12:48:00,1.31446,1.31446,1.31446,1.31446,0.0
2012-02-19 12:49:00,1.31446,1.31446,1.31446,1.31446,0.0
2012-02-19 12:50:00,1.31446,1.31446,1.31446,1.31446,0.0
2012-02-19 12:51:00,1.31446,1.31446,1.31446,1.31446,0.0
2012-02-19 12:52:00,1.31446,1.31446,1.31446,1.31446,0.0
2012-02-19 12:53:00,1.31446,1.31446,1.31446,1.31446,0.0
2012-02-19 12:54:00,1.31446,1.31446,1.31446,1.31446,0.0
2012-02-19 12:55:00,1.31446,1.31446,1.31446,1.31446,0.0
2012-02-19 12:56:00,1.31446,1.31446,1.31446,1.31446,0.0
2012-02-19 12:57:00,1.31446,1.31446,1.31446,1.31446,0.0
2012-02-19 12:58:00,1.31446,1.31446,1.31446,1.31446,0.0
2012-02-19 12:59:00,1.31446,1.31446,1.31446,1.31446,0.0
2012-02-19 13:00:00,1.31446,1.31446,1.31446,1.31446,0.0
2012-02-19 13:01:00,1.31446,1.31446,1.31446,1.31446,0.0
2012-02-19 13:02:00,1.31446,1.31446,1.31446,1.31446,0.0
2012-02-19 13:03:00,1.31446,1.31446,1.31446,1.31446,0.0
2012-02-19 13:04:00,1.31446,1.31446,1.31446,1.31446,0.0
2012-02-19 13:05:00,1.31446,1.31446,1.31446,1.31446,0.0
2012-02-19 13:06:00,1.31446,1.31446,1.31446,1.31446,0.0
2012-02-19 13:07:00,1.31446,1.31446,1.31446,1.31446,0.0
2012-02-19 13:08:00,1.31446,1.31446,1.31446,1.31446,0.0
2012-02-19 13:09:00,1.31446,1.31446,1.31446,1.31446,0.0
2012-02-19 13:10:00,1.31446,1.31446,1.31446,1.31446,0.0
2012-02-19 13:11:00,1.31446,1.31446,1.31446,1.31446,0.0
2012-02-19 13:12:00,1.31446,1.31446,1.31446,1.31446,0.0
2012-02-19 13:13:00,1.31446,1.31446,1.31446,1.31446,0.0
2012-02-19 13:14:00,1.31446,1.31446,1.31446,1.31446,0.0
2012-02-19 13:15:00,1.31446,1.31446,1.31446,1.31446,0.0
2012-02-19 13:16:00,1.31446,1.31446,1.31446,1.31446,0.0
2012-02-19 13:17:00,1.31446,1.31446,1.31446,1.31446,0.0
2012-02-19 13:18:00,1.31446,1.31446,1.31446,1.31446,0.0
2012-02-19 13:19:00,1.31446,1.31446,1.31446,1.31446,0.0
2012-02-19 13:20:00,1.31446,1.31446,1.31446,1.31446,0.0
2012-02-19 13:21:00,1.31446,1.31446,1.31446,1.31446,0.0
2012-02-19 13:22:00,1.31446,1.31446,1.31446,1.31446,0.0
2012-02-19 13:23:00,1.31446,1.31446,1.31446,1.31446,0.0
2012-02-19 13:24:00,1.31446,1.31446,1.31446,1.31446,0.0
2012-02-19 13:25:00,1.31446,1.31446,1.31446,1.31446,0.0
2012-02-19 13:26:00,1.31446,1.31446,1.31446,1.31446,0.0
2012-02-19 13:27:00,1.31446,1.31446,1.31446,1.31446,0.0
2012-02-19 13:28:00,1.31446,1.31446,1.31446,1.31446,0.0
2012-02-19 13:29:00,1.31446,1.31446,1.31446,1.31446,0.0
2012-02-19 13:30:00,1.31446,1.31446,1.31446,1.31446,0.0
2012-02-19 13:31:00,1.31446,1.31446,1.31446,1.31446,0.0
2012-02-19 13:32:00,1.31446,1.31446,1.31446,1.31446,0.0
2012-02-19 13:33:00,1.31446,1.31446,1.31446,1.31446,0.0
2012-02-19 13:34:00,1.31446,1.31446,1.31446,1.31446,0.0
2012-02-19 13:35:00,1.31446,1.31446,1.31446,1.31446,0.0
2012-02-19 13:36:00,1.31446,1.31446,1.31446,1.31446,0.0
2012-02-19 13:37:00,1.31446,1.31446,1.31446,1.31446,0.0
2012-02-19 13:38:00,1.31446,1.31446,1.31446,1.31446,0.0
2012-02-19 13:39:00,1.31446,1.31446,1.31446,1.31446,0.0
2012-02-19 13:40:00,1.31446,1.31446,1.31446,1.31446,0.0
2012-02-19 13:41:00,1.31446,1.31446,1.31446,1.31446,0.0
2012-02-19 13:42:00,1.31446,1.31446,1.31446,1.31446,0.0
2012-02-19 13:43:00,1.31446,1.31446,1.31446,1.31446,0.0
2012-02-19 13:44:00,1.31446,1.31446,1.31446,1.31446,0.0
2012-02-19 13:45:00,1.31446,1.31446,1.31446,1.31446,0.0
2012-02-19 13:46:00,1.31446,1.31446,1.31446,1.31446,0.0
2012-02-19 13:47:00,1.31446,1.31446,1.31446,1.31446,0.0
2012-02-19 13:48:00,1.31446,1.31446,1.31446,1.31446,0.0
2012-02-19 13:49:00,1.31446,1.31446,1.31446,1.31446,0.0
2012-02-19 13:50:00,1.31446,1.31446,1.31446,1.31446,0.0
2012-02-19 13:51:00,1.31446,1.31446,1.31446,1.31446,0.0
2012-02-19 13:52:00,1.31446,1.31446,1.31446,1.31446,0.0
2012-02-19 13:53:00,1.31446,1.31446,1.31446,1.31446,0.0
2012-02-19 13:54:00,1.31446,1.31446,1.31446,1.31446,0.0
2012-02-19 13:55:00,1.31446,1.31446,1.31446,1.31446,0.0
2012-02-19 13:56:00,1.31446,1.31446,1.31446,1.31446,0.0
2012-02-19 13:57:00,1.31446,1.31446,1.31446,1.31446,0.0
2012-02-19 13:58:00,1.31446,1.31446,1.31446,1.31446,0.0
2012-02-19 13:59:00,1.31446,1.31446,1.31446,1.31446,0.0
2012-02-19 14:00:00,1.31446,1.31446,1.31446,1.31446,0.0
2012-02-19 14:01:00,1.31446,1.31446,1.31446,1.31446,0.0
2012-02-19 14:02:00,1.31446,1.31446,1.31446,1.31446,0.0
2012-02-19 14:03:00,1.31446,1.31446,1.31446,1.31446,0.0
2012-02-19 14:04:00,1.31446,1.31446,1.31446,1.31446,0.0
2012-02-19 14:05:00,1.31446,1.31446,1.31446,1.31446,0.0
2012-02-19 14:06:00,1.31446,1.31446,1.31446,1.31446,0.0
2012-02-19 14:07:00,1.31446,1.31446,1.31446,1.31446,0.0
2012-02-19 14:08:00,1.31446,1.31446,1.31446,1.31446,0.0
2012-02-19 14:09:00,1.31446,1.31446,1.31446,1.31446,0.0
2012-02-19 14:10:00,1.31446,1.31446,1.31446,1.31446,0.0
2012-02-19 14:11:00,1.31446,1.31446,1.31446,1.31446,0.0
2012-02-19 14:12:00,1.31446,1.31446,1.31446,1.31446,0.0
2012-02-19 14:13:00,1.31446,1.31446,1.31446,1.31446,0.0
2012-02-19 14:14:00,1.31446,1.31446,1.31446,1.31446,0.0
2012-02-19 14:15:00,1.31446,1.31446,1.31446,1.31446,0.0
2012-02-19 14:16:00,1.31446,1.31446,1.31446,1.31446,0.0
2012-02-19 14:17:00,1.31446,1.31446,1.31446,1.31446,0.0
2012-02-19 14:18:00,1.31446,1.31446,1.31446,1.31446,0.0
2012-02-19 14:19:00,1.31446,1.31446,1.31446,1.31446,0.0
2012-02-19 14:20:00,1.31446,1.31446,1.31446,1.31446,0.0
2012-02-19 14:21:00,1.31446,1.31446,1.31446,1.31446,0.0
2012-02-19 14:22:00,1.31446,1.31446,1.31446,1.31446,0.0
2012-02-19 14:23:00,1.31446,1.31446,1.31446,1.31446,0.0
2012-02-19 14:24:00,1.31446,1.31446,1.31446,1.31446,0.0
2012-02-19 14:25:00,1.31446,1.31446,1.31446,1.31446,0.0
2012-02-19 14:26:00,1.31446,1.31446,1.31446,1.31446,0.0
2012-02-19 14:27:00,1.31446,1.31446,1.31446,1.31446,0.0
2012-02-19 14:28:00,1.31446,1.31446,1.31446,1.31446,0.0
2012-02-19 14:29:00,1.31446,1.31446,1.31446,1.31446,0.0
2012-02-19 14:30:00,1.31446,1.31446,1.31446,1.31446,0.0
2012-02-19 14:31:00,1.31446,1.31446,1.31446,1.31446,0.0
2012-02-19 14:32:00,1.31446,1.31446,1.31446,1.31446,0.0
2012-02-19 14:33:00,1.31446,1.31446,1.31446,1.31446,0.0
2012-02-19 14:34:00,1.31446,1.31446,1.31446,1.31446,0.0
2012-02-19 14:35:00,1.31446,1.31446,1.31446,1.31446,0.0
2012-02-19 14:36:00,1.31446,1.31446,1.31446,1.31446,0.0
2012-02-19 14:37:00,1.31446,1.31446,1.31446,1.31446,0.0
2012-02-19 14:38:00,1.31446,1.31446,1.31446,1.31446,0.0
2012-02-19 14:39:00,1.31446,1.31446,1.31446,1.31446,0.0
2012-02-19 14:40:00,1.31446,1.31446,1.31446,1.31446,0.0
2012-02-19 14:41:00,1.31446,1.31446,1.31446,1.31446,0.0
2012-02-19 14:42:00,1.31446,1.31446,1.31446,1.31446,0.0
2012-02-19 14:43:00,1.31446,1.31446,1.31446,1.31446,0.0
2012-02-19 14:44:00,1.31446,1.31446,1.31446,1.31446,0.0
2012-02-19 14:45:00,1.31446,1.31446,1.31446,1.31446,0.0
2012-02-19 14:46:00,1.31446,1.31446,1.31446,1.31446,0.0
2012-02-19 14:47:00,1.31446,1.31446,1.31446,1.31446,0.0
2012-02-19 14:48:00,1.31446,1.31446,1.31446,1.31446,0.0
2012-02-19 14:49:00,1.31446,1.31446,1.31446,1.31446,0.0
2012-02-19 14:50:00,1.31446,1.31446,1.31446,1.31446,0.0
2012-02-19 14:51:00,1.31446,1.31446,1.31446,1.31446,0.0
2012-02-19 14:52:00,1.31446,1.31446,1.31446,1.31446,0.0
2012-02-19 14:53:00,1.31446,1.31446,1.31446,1.31446,0.0
2012-02-19 14:54:00,1.31446,1.31446,1.31446,1.31446,0.0
2012-02-19 14:55:00,1.31446,1.31446,1.31446,1.31446,0.0
2012-02-19 14:56:00,1.31446,1.31446,1.31446,1.31446,0.0
2012-02-19 14:57:00,1.31446,1.31446,1.31446,1.31446,0.0
2012-02-19 14:58:00,1.31446,1.31446,1.31446,1.31446,0.0
2012-02-19 14:59:00,1.31446,1.31446,1.31446,1.31446,0.0
2012-02-19 15:00:00,1.31446,1.31446,1.31446,1.31446,0.0
2012-02-19 15:01:00,1.31446,1.31446,1.31446,1.31446,0.0
2012-02-19 15:02:00,1.31446,1.31446,1.31446,1.31446,0.0
2012-02-19 15:03:00,1.31446,1.31446,1.31446,1.31446,0.0
2012-02-19 15:04:00,1.31446,1.31446,1.31446,1.31446,0.0
2012-02-19 15:05:00,1.31446,1.31446,1.31446,1.31446,0.0
2012-02-19 15:06:00,1.31446,1.31446,1.31446,1.31446,0.0
2012-02-19 15:07:00,1.31446,1.31446,1.31446,1.31446,0.0
2012-02-19 15:08:00,1.31446,1.31446,1.31446,1.31446,0.0
2012-02-19 15:09:00,1.31446,1.31446,1.31446,1.31446,0.0
2012-02-19 15:10:00,1.31446,1.31446,1.31446,1.31446,0.0
2012-02-19 15:11:00,1.31446,1.31446,1.31446,1.31446,0.0
2012-02-19 15:12:00,1.31446,1.31446,1.31446,1.31446,0.0
2012-02-19 15:13:00,1.31446,1.31446,1.31446,1.31446,0.0
2012-02-19 15:14:00,1.31446,1.31446,1.31446,1.31446,0.0
2012-02-19 15:15:00,1.31446,1.31446,1.31446,1.31446,0.0
2012-02-19 15:16:00,1.31446,1.31446,1.31446,1.31446,0.0
2012-02-19 15:17:00,1.31446,1.31446,1.31446,1.31446,0.0
2012-02-19 15:18:00,1.31446,1.31446,1.31446,1.31446,0.0
2012-02-19 15:19:00,1.31446,1.31446,1.31446,1.31446,0.0
2012-02-19 15:20:00,1.31446,1.31446,1.31446,1.31446,0.0
2012-02-19 15:21:00,1.31446,1.31446,1.31446,1.31446,0.0
2012-02-19 15:22:00,1.31446,1.31446,1.31446,1.31446,0.0
2012-02-19 15:23:00,1.31446,1.31446,1.31446,1.31446,0.0
2012-02-19 15:24:00,1.31446,1.31446,1.31446,1.31446,0.0
2012-02-19 15:25:00,1.31446,1.31446,1.31446,1.31446,0.0
2012-02-19 15:26:00,1.31446,1.31446,1.31446,1.31446,0.0
2012-02-19 15:27:00,1.31446,1.31446,1.31446,1.31446,0.0
2012-02-19 15:28:00,1.31446,1.31446,1.31446,1.31446,0.0
2012-02-19 15:29:00,1.31446,1.31446,1.31446,1.31446,0.0
2012-02-19 15:30:00,1.31446,1.31446,1.31446,1.31446,0.0
2012-02-19 15:31:00,1.31446,1.31446,1.31446,1.31446,0.0
2012-02-19 15:32:00,1.31446,1.31446,1.31446,1.31446,0.0
2012-02-19 15:33:00,1.31446,1.31446,1.31446,1.31446,0.0
2012-02-19 15:34:00,1.31446,1.31446,1.31446,1.31446,0.0
2012-02-19 15:35:00,1.31446,1.31446,1.31446,1.31446,0.0
2012-02-19 15:36:00,1.31446,1.31446,1.31446,1.31446,0.0
2012-02-19 15:37:00,1.31446,1.31446,1.31446,1.31446,0.0
2012-02-19 15:38:00,1.31446,1.31446,1.31446,1.31446,0.0
2012-02-19 15:39:00,1.31446,1.31446,1.31446,1.31446,0.0
2012-02-19 15:40:00,1.31446,1.31446,1.31446,1.31446,0.0
2012-02-19 15:41:00,1.31446,1.31446,1.31446,1.31446,0.0
2012-02-19 15:42:00,1.31446,1.31446,1.31446,1.31446,0.0
2012-02-19 15:43:00,1.31446,1.31446,1.31446,1.31446,0.0
2012-02-19 15:44:00,1.31446,1.31446,1.31446,1.31446,0.0
2012-02-19 15:45:00,1.31446,1.31446,1.31446,1.31446,0.0
2012-02-19 15:46:00,1.31446,1.31446,1.31446,1.31446,0.0
2012-02-19 15:47:00,1.31446,1.31446,1.31446,1.31446,0.0
2012-02-19 15:48:00,1.31446,1.31446,1.31446,1.31446,0.0
2012-02-19 15:49:00,1.31446,1.31446,1.31446,1.31446,0.0
2012-02-19 15:50:00,1.31446,1.31446,1.31446,1.31446,0.0
2012-02-19 15:51:00,1.31446,1.31446,1.31446,1.31446,0.0
2012-02-19 15:52:00,1.31446,1.31446,1.31446,1.31446,0.0
2012-02-19 15:53:00,1.31446,1.31446,1.31446,1.31446,0.0
2012-02-19 15:54:00,1.31446,1.31446,1.31446,1.31446,0.0
2012-02-19 15:55:00,1.31446,1.31446,1.31446,1.31446,0.0
2012-02-19 15:56:00,1.31446,1.31446,1.31446,1.31446,0.0
2012-02-19 15:57:00,1.31446,1.31446,1.31446,1.31446,0.0
2012-02-19 15:58:00,1.31446,1.31446,1.31446,1.31446,0.0
2012-02-19 15:59:00,1.31446,1.31446,1.31446,1.31446,0.0
2012-02-19 16:00:00,1.31446,1.31446,1.31446,1.31446,0.0
2012-02-19 16:01:00,1.31446,1.31446,1.31446,1.31446,0.0
2012-02-19 16:02:00,1.31446,1.31446,1.31446,1.31446,0.0
2012-02-19 16:03:00,1.31446,1.31446,1.31446,1.31446,0.0
2012-02-19 16:04:00,1.31446,1.31446,1.31446,1.31446,0.0
2012-02-19 16:05:00,1.31446,1.31446,1.31446,1.31446,0.0
2012-02-19 16:06:00,1.31446,1.31446,1.31446,1.31446,0.0
2012-02-19 16:07:00,1.31446,1.31446,1.31446,1.31446,0.0
2012-02-19 16:08:00,1.31446,1.31446,1.31446,1.31446,0.0
2012-02-19 16:09:00,1.31446,1.31446,1.31446,1.31446,0.0
2012-02-19 16:10:00,1.31446,1.31446,1.31446,1.31446,0.0
2012-02-19 16:11:00,1.31446,1.31446,1.31446,1.31446,0.0
2012-02-19 16:12:00,1.31446,1.31446,1.31446,1.31446,0.0
2012-02-19 16:13:00,1.31446,1.31446,1.31446,1.31446,0.0
2012-02-19 16:14:00,1.31446,1.31446,1.31446,1.31446,0.0
2012-02-19 16:15:00,1.31446,1.31446,1.31446,1.31446,0.0
2012-02-19 16:16:00,1.31446,1.31446,1.31446,1.31446,0.0
2012-02-19 16:17:00,1.31446,1.31446,1.31446,1.31446,0.0
2012-02-19 16:18:00,1.31446,1.31446,1.31446,1.31446,0.0
2012-02-19 16:19:00,1.31446,1.31446,1.31446,1.31446,0.0
2012-02-19 16:20:00,1.31446,1.31446,1.31446,1.31446,0.0
2012-02-19 16:21:00,1.31446,1.31446,1.31446,1.31446,0.0
2012-02-19 16:22:00,1.31446,1.31446,1.31446,1.31446,0.0
2012-02-19 16:23:00,1.31446,1.31446,1.31446,1.31446,0.0
2012-02-19 16:24:00,1.31446,1.31446,1.31446,1.31446,0.0
2012-02-19 16:25:00,1.31446,1.31446,1.31446,1.31446,0.0
2012-02-19 16:26:00,1.31446,1.31446,1.31446,1.31446,0.0
2012-02-19 16:27:00,1.31446,1.31446,1.31446,1.31446,0.0
2012-02-19 16:28:00,1.31446,1.31446,1.31446,1.31446,0.0
2012-02-19 16:29:00,1.31446,1.31446,1.31446,1.31446,0.0
2012-02-19 16:30:00,1.31446,1.31446,1.31446,1.31446,0.0
2012-02-19 16:31:00,1.31446,1.31446,1.31446,1.31446,0.0
2012-02-19 16:32:00,1.31446,1.31446,1.31446,1.31446,0.0
2012-02-19 16:33:00,1.31446,1.31446,1.31446,1.31446,0.0
2012-02-19 16:34:00,1.31446,1.31446,1.31446,1.31446,0.0
2012-02-19 16:35:00,1.31446,1.31446,1.31446,1.31446,0.0
2012-02-19 16:36:00,1.31446,1.31446,1.31446,1.31446,0.0
2012-02-19 16:37:00,1.31446,1.31446,1.31446,1.31446,0.0
2012-02-19 16:38:00,1.31446,1.31446,1.31446,1.31446,0.0
2012-02-19 16:39:00,1.31446,1.31446,1.31446,1.31446,0.0
2012-02-19 16:40:00,1.31446,1.31446,1.31446,1.31446,0.0
2012-02-19 16:41:00,1.31446,1.31446,1.31446,1.31446,0.0
2012-02-19 16:42:00,1.31446,1.31446,1.31446,1.31446,0.0
2012-02-19 16:43:00,1.31446,1.31446,1.31446,1.31446,0.0
2012-02-19 16:44:00,1.31446,1.31446,1.31446,1.31446,0.0
2012-02-19 16:45:00,1.31446,1.31446,1.31446,1.31446,0.0
2012-02-19 16:46:00,1.31446,1.31446,1.31446,1.31446,0.0
2012-02-19 16:47:00,1.31446,1.31446,1.31446,1.31446,0.0
2012-02-19 16:48:00,1.31446,1.31446,1.31446,1.31446,0.0
2012-02-19 16:49:00,1.31446,1.31446,1.31446,1.31446,0.0
2012-02-19 16:50:00,1.31446,1.31446,1.31446,1.31446,0.0
2012-02-19 16:51:00,1.31446,1.31446,1.31446,1.31446,0.0
2012-02-19 16:52:00,1.31446,1.31446,1.31446,1.31446,0.0
2012-02-19 16:53:00,1.31446,1.31446,1.31446,1.31446,0.0
2012-02-19 16:54:00,1.31446,1.31446,1.31446,1.31446,0.0
2012-02-19 16:55:00,1.31446,1.31446,1.31446,1.31446,0.0
2012-02-19 16:56:00,1.31446,1.31446,1.31446,1.31446,0.0
2012-02-19 16:57:00,1.31446,1.31446,1.31446,1.31446,0.0
2012-02-19 16:58:00,1.31446,1.31446,1.31446,1.31446,0.0
2012-02-19 16:59:00,1.31446,1.31446,1.31446,1.31446,0.0
2012-02-19 17:00:00,1.31446,1.31446,1.31446,1.31446,0.0
2012-02-19 17:01:00,1.31446,1.31446,1.31446,1.31446,0.0
2012-02-19 17:02:00,1.31446,1.31446,1.31446,1.31446,0.0
2012-02-19 17:03:00,1.31446,1.31446,1.31446,1.31446,0.0
2012-02-19 17:04:00,1.31446,1.31446,1.31446,1.31446,0.0
2012-02-19 17:05:00,1.31446,1.31446,1.31446,1.31446,0.0
2012-02-19 17:06:00,1.31446,1.31446,1.31446,1.31446,0.0
2012-02-19 17:07:00,1.31446,1.31446,1.31446,1.31446,0.0
2012-02-19 17:08:00,1.31446,1.31446,1.31446,1.31446,0.0
2012-02-19 17:09:00,1.31446,1.31446,1.31446,1.31446,0.0
2012-02-19 17:10:00,1.31446,1.31446,1.31446,1.31446,0.0
2012-02-19 17:11:00,1.31446,1.31446,1.31446,1.31446,0.0
2012-02-19 17:12:00,1.31446,1.31446,1.31446,1.31446,0.0
2012-02-19 17:13:00,1.31446,1.31446,1.31446,1.31446,0.0
2012-02-19 17:14:00,1.31446,1.31446,1.31446,1.31446,0.0
2012-02-19 17:15:00,1.31446,1.31446,1.31446,1.31446,0.0
2012-02-19 17:16:00,1.31446,1.31446,1.31446,1.31446,0.0
2012-02-19 17:17:00,1.31446,1.31446,1.31446,1.31446,0.0
2012-02-19 17:18:00,1.31446,1.31446,1.31446,1.31446,0.0
2012-02-19 17:19:00,1.31446,1.31446,1.31446,1.31446,0.0
2012-02-19 17:20:00,1.31446,1.31446,1.31446,1.31446,0.0
2012-02-19 17:21:00,1.31446,1.31446,1.31446,1.31446,0.0
2012-02-19 17:22:00,1.31446,1.31446,1.31446,1.31446,0.0
2012-02-19 17:23:00,1.31446,1.31446,1.31446,1.31446,0.0
2012-02-19 17:24:00,1.31446,1.31446,1.31446,1.31446,0.0
2012-02-19 17:25:00,1.31446,1.31446,1.31446,1.31446,0.0
2012-02-19 17:26:00,1.31446,1.31446,1.31446,1.31446,0.0
2012-02-19 17:27:00,1.31446,1.31446,1.31446,1.31446,0.0
2012-02-19 17:28:00,1.31446,1.31446,1.31446,1.31446,0.0
2012-02-19 17:29:00,1.31446,1.31446,1.31446,1.31446,0.0
2012-02-19 17:30:00,1.31446,1.31446,1.31446,1.31446,0.0
2012-02-19 17:31:00,1.31446,1.31446,1.31446,1.31446,0.0
2012-02-19 17:32:00,1.31446,1.31446,1.31446,1.31446,0.0
2012-02-19 17:33:00,1.31446,1.31446,1.31446,1.31446,0.0
2012-02-19 17:34:00,1.31446,1.31446,1.31446,1.31446,0.0
2012-02-19 17:35:00,1.31446,1.31446,1.31446,1.31446,0.0
2012-02-19 17:36:00,1.31446,1.31446,1.31446,1.31446,0.0
2012-02-19 17:37:00,1.31446,1.31446,1.31446,1.31446,0.0
2012-02-19 17:38:00,1.31446,1.31446,1.31446,1.31446,0.0
2012-02-19 17:39:00,1.31446,1.31446,1.31446,1.31446,0.0
2012-02-19 17:40:00,1.31446,1.31446,1.31446,1.31446,0.0
2012-02-19 17:41:00,1.31446,1.31446,1.31446,1.31446,0.0
2012-02-19 17:42:00,1.31446,1.31446,1.31446,1.31446,0.0
2012-02-19 17:43:00,1.31446,1.31446,1.31446,1.31446,0.0
2012-02-19 17:44:00,1.31446,1.31446,1.31446,1.31446,0.0
2012-02-19 17:45:00,1.31446,1.31446,1.31446,1.31446,0.0
2012-02-19 17:46:00,1.31446,1.31446,1.31446,1.31446,0.0
2012-02-19 17:47:00,1.31446,1.31446,1.31446,1.31446,0.0
2012-02-19 17:48:00,1.31446,1.31446,1.31446,1.31446,0.0
2012-02-19 17:49:00,1.31446,1.31446,1.31446,1.31446,0.0
2012-02-19 17:50:00,1.31446,1.31446,1.31446,1.31446,0.0
2012-02-19 17:51:00,1.31446,1.31446,1.31446,1.31446,0.0
2012-02-19 17:52:00,1.31446,1.31446,1.31446,1.31446,0.0
2012-02-19 17:53:00,1.31446,1.31446,1.31446,1.31446,0.0
2012-02-19 17:54:00,1.31446,1.31446,1.31446,1.31446,0.0
2012-02-19 17:55:00,1.31446,1.31446,1.31446,1.31446,0.0
2012-02-19 17:56:00,1.31446,1.31446,1.31446,1.31446,0.0
2012-02-19 17:57:00,1.31446,1.31446,1.31446,1.31446,0.0
2012-02-19 17:58:00,1.31446,1.31446,1.31446,1.31446,0.0
2012-02-19 17:59:00,1.31446,1.31446,1.31446,1.31446,0.0
2012-02-19 18:00:00,1.31446,1.31446,1.31446,1.31446,0.0
2012-02-19 18:01:00,1.31446,1.31446,1.31446,1.31446,0.0
2012-02-19 18:02:00,1.31446,1.31446,1.31446,1.31446,0.0
2012-02-19 18:03:00,1.31446,1.31446,1.31446,1.31446,0.0
2012-02-19 18:04:00,1.31446,1.31446,1.31446,1.31446,0.0
2012-02-19 18:05:00,1.31446,1.31446,1.31446,1.31446,0.0
2012-02-19 18:06:00,1.31446,1.31446,1.31446,1.31446,0.0
2012-02-19 18:07:00,1.31446,1.31446,1.31446,1.31446,0.0
2012-02-19 18:08:00,1.31446,1.31446,1.31446,1.31446,0.0
2012-02-19 18:09:00,1.31446,1.31446,1.31446,1.31446,0.0
2012-02-19 18:10:00,1.31446,1.31446,1.31446,1.31446,0.0
2012-02-19 18:11:00,1.31446,1.31446,1.31446,1.31446,0.0
2012-02-19 18:12:00,1.31446,1.31446,1.31446,1.31446,0.0
2012-02-19 18:13:00,1.31446,1.31446,1.31446,1.31446,0.0
2012-02-19 18:14:00,1.31446,1.31446,1.31446,1.31446,0.0
2012-02-19 18:15:00,1.31446,1.31446,1.31446,1.31446,0.0
2012-02-19 18:16:00,1.31446,1.31446,1.31446,1.31446,0.0
2012-02-19 18:17:00,1.31446,1.31446,1.31446,1.31446,0.0
2012-02-19 18:18:00,1.31446,1.31446,1.31446,1.31446,0.0
2012-02-19 18:19:00,1.31446,1.31446,1.31446,1.31446,0.0
2012-02-19 18:20:00,1.31446,1.31446,1.31446,1.31446,0.0
2012-02-19 18:21:00,1.31446,1.31446,1.31446,1.31446,0.0
2012-02-19 18:22:00,1.31446,1.31446,1.31446,1.31446,0.0
2012-02-19 18:23:00,1.31446,1.31446,1.31446,1.31446,0.0
2012-02-19 18:24:00,1.31446,1.31446,1.31446,1.31446,0.0
2012-02-19 18:25:00,1.31446,1.31446,1.31446,1.31446,0.0
2012-02-19 18:26:00,1.31446,1.31446,1.31446,1.31446,0.0
2012-02-19 18:27:00,1.31446,1.31446,1.31446,1.31446,0.0
2012-02-19 18:28:00,1.31446,1.31446,1.31446,1.31446,0.0
2012-02-19 18:29:00,1.31446,1.31446,1.31446,1.31446,0.0
2012-02-19 18:30:00,1.31446,1.31446,1.31446,1.31446,0.0
2012-02-19 18:31:00,1.31446,1.31446,1.31446,1.31446,0.0
2012-02-19 18:32:00,1.31446,1.31446,1.31446,1.31446,0.0
2012-02-19 18:33:00,1.31446,1.31446,1.31446,1.31446,0.0
2012-02-19 18:34:00,1.31446,1.31446,1.31446,1.31446,0.0
2012-02-19 18:35:00,1.31446,1.31446,1.31446,1.31446,0.0
2012-02-19 18:36:00,1.31446,1.31446,1.31446,1.31446,0.0
2012-02-19 18:37:00,1.31446,1.31446,1.31446,1.31446,0.0
2012-02-19 18:38:00,1.31446,1.31446,1.31446,1.31446,0.0
2012-02-19 18:39:00,1.31446,1.31446,1.31446,1.31446,0.0
2012-02-19 18:40:00,1.31446,1.31446,1.31446,1.31446,0.0
2012-02-19 18:41:00,1.31446,1.31446,1.31446,1.31446,0.0
2012-02-19 18:42:00,1.31446,1.31446,1.31446,1.31446,0.0
2012-02-19 18:43:00,1.31446,1.31446,1.31446,1.31446,0.0
2012-02-19 18:44:00,1.31446,1.31446,1.31446,1.31446,0.0
2012-02-19 18:45:00,1.31446,1.31446,1.31446,1.31446,0.0
2012-02-19 18:46:00,1.31446,1.31446,1.31446,1.31446,0.0
2012-02-19 18:47:00,1.31446,1.31446,1.31446,1.31446,0.0
2012-02-19 18:48:00,1.31446,1.31446,1.31446,1.31446,0.0
2012-02-19 18:49:00,1.31446,1.31446,1.31446,1.31446,0.0
2012-02-19 18:50:00,1.31446,1.31446,1.31446,1.31446,0.0
2012-02-19 18:51:00,1.31446,1.31446,1.31446,1.31446,0.0
2012-02-19 18:52:00,1.31446,1.31446,1.31446,1.31446,0.0
2012-02-19 18:53:00,1.31446,1.31446,1.31446,1.31446,0.0
2012-02-19 18:54:00,1.31446,1.31446,1.31446,1.31446,0.0
2012-02-19 18:55:00,1.31446,1.31446,1.31446,1.31446,0.0
2012-02-19 18:56:00,1.31446,1.31446,1.31446,1.31446,0.0
2012-02-19 18:57:00,1.31446,1.31446,1.31446,1.31446,0.0
2012-02-19 18:58:00,1.31446,1.31446,1.31446,1.31446,0.0
2012-02-19 18:59:00,1.31446,1.31446,1.31446,1.31446,0.0
2012-02-19 19:00:00,1.31446,1.31446,1.31446,1.31446,0.0
2012-02-19 19:01:00,1.31446,1.31446,1.31446,1.31446,0.0
2012-02-19 19:02:00,1.31446,1.31446,1.31446,1.31446,0.0
2012-02-19 19:03:00,1.31446,1.31446,1.31446,1.31446,0.0
2012-02-19 19:04:00,1.31446,1.31446,1.31446,1.31446,0.0
2012-02-19 19:05:00,1.31446,1.31446,1.31446,1.31446,0.0
2012-02-19 19:06:00,1.31446,1.31446,1.31446,1.31446,0.0
2012-02-19 19:07:00,1.31446,1.31446,1.31446,1.31446,0.0
2012-02-19 19:08:00,1.31446,1.31446,1.31446,1.31446,0.0
2012-02-19 19:09:00,1.31446,1.31446,1.31446,1.31446,0.0
2012-02-19 19:10:00,1.31446,1.31446,1.31446,1.31446,0.0
2012-02-19 19:11:00,1.31446,1.31446,1.31446,1.31446,0.0
2012-02-19 19:12:00,1.31446,1.31446,1.31446,1.31446,0.0
2012-02-19 19:13:00,1.31446,1.31446,1.31446,1.31446,0.0
2012-02-19 19:14:00,1.31446,1.31446,1.31446,1.31446,0.0
2012-02-19 19:15:00,1.31446,1.31446,1.31446,1.31446,0.0
2012-02-19 19:16:00,1.31446,1.31446,1.31446,1.31446,0.0
2012-02-19 19:17:00,1.31446,1.31446,1.31446,1.31446,0.0
2012-02-19 19:18:00,1.31446,1.31446,1.31446,1.31446,0.0
2012-02-19 19:19:00,1.31446,1.31446,1.31446,1.31446,0.0
2012-02-19 19:20:00,1.31446,1.31446,1.31446,1.31446,0.0
2012-02-19 19:21:00,1.31446,1.31446,1.31446,1.31446,0.0
2012-02-19 19:22:00,1.31446,1.31446,1.31446,1.31446,0.0
2012-02-19 19:23:00,1.31446,1.31446,1.31446,1.31446,0.0
2012-02-19 19:24:00,1.31446,1.31446,1.31446,1.31446,0.0
2012-02-19 19:25:00,1.31446,1.31446,1.31446,1.31446,0.0
2012-02-19 19:26:00,1.31446,1.31446,1.31446,1.31446,0.0
2012-02-19 19:27:00,1.31446,1.31446,1.31446,1.31446,0.0
2012-02-19 19:28:00,1.31446,1.31446,1.31446,1.31446,0.0
2012-02-19 19:29:00,1.31446,1.31446,1.31446,1.31446,0.0
2012-02-19 19:30:00,1.31446,1.31446,1.31446,1.31446,0.0
2012-02-19 19:31:00,1.31446,1.31446,1.31446,1.31446,0.0
2012-02-19 19:32:00,1.31446,1.31446,1.31446,1.31446,0.0
2012-02-19 19:33:00,1.31446,1.31446,1.31446,1.31446,0.0
2012-02-19 19:34:00,1.31446,1.31446,1.31446,1.31446,0.0
2012-02-19 19:35:00,1.31446,1.31446,1.31446,1.31446,0.0
2012-02-19 19:36:00,1.31446,1.31446,1.31446,1.31446,0.0
2012-02-19 19:37:00,1.31446,1.31446,1.31446,1.31446,0.0
2012-02-19 19:38:00,1.31446,1.31446,1.31446,1.31446,0.0
2012-02-19 19:39:00,1.31446,1.31446,1.31446,1.31446,0.0
2012-02-19 19:40:00,1.31446,1.31446,1.31446,1.31446,0.0
2012-02-19 19:41:00,1.31446,1.31446,1.31446,1.31446,0.0
2012-02-19 19:42:00,1.31446,1.31446,1.31446,1.31446,0.0
2012-02-19 19:43:00,1.31446,1.31446,1.31446,1.31446,0.0
2012-02-19 19:44:00,1.31446,1.31446,1.31446,1.31446,0.0
2012-02-19 19:45:00,1.31446,1.31446,1.31446,1.31446,0.0
2012-02-19 19:46:00,1.31446,1.31446,1.31446,1.31446,0.0
2012-02-19 19:47:00,1.31446,1.31446,1.31446,1.31446,0.0
2012-02-19 19:48:00,1.31446,1.31446,1.31446,1.31446,0.0
2012-02-19 19:49:00,1.31446,1.31446,1.31446,1.31446,0.0
2012-02-19 19:50:00,1.31446,1.31446,1.31446,1.31446,0.0
2012-02-19 19:51:00,1.31446,1.31446,1.31446,1.31446,0.0
2012-02-19 19:52:00,1.31446,1.31446,1.31446,1.31446,0.0
2012-02-19 19:53:00,1.31446,1.31446,1.31446,1.31446,0.0
2012-02-19 19:54:00,1.31446,1.31446,1.31446,1.31446,0.0
2012-02-19 19:55:00,1.31446,1.31446,1.31446,1.31446,0.0
2012-02-19 19:56:00,1.31446,1.31446,1.31446,1.31446,0.0
2012-02-19 19:57:00,1.31446,1.31446,1.31446,1.31446,0.0
2012-02-19 19:58:00,1.31446,1.31446,1.31446,1.31446,0.0
2012-02-19 19:59:00,1.31446,1.31446,1.31446,1.31446,0.0
2012-02-19 20:00:00,1.31446,1.31446,1.31446,1.31446,0.0
2012-02-19 20:01:00,1.31446,1.31446,1.31446,1.31446,0.0
2012-02-19 20:02:00,1.31446,1.31446,1.31446,1.31446,0.0
2012-02-19 20:03:00,1.31446,1.31446,1.31446,1.31446,0.0
2012-02-19 20:04:00,1.31446,1.31446,1.31446,1.31446,0.0
2012-02-19 20:05:00,1.31446,1.31446,1.31446,1.31446,0.0
2012-02-19 20:06:00,1.31446,1.31446,1.31446,1.31446,0.0
2012-02-19 20:07:00,1.31446,1.31446,1.31446,1.31446,0.0
2012-02-19 20:08:00,1.31446,1.31446,1.31446,1.31446,0.0
2012-02-19 20:09:00,1.31446,1.31446,1.31446,1.31446,0.0
2012-02-19 20:10:00,1.31446,1.31446,1.31446,1.31446,0.0
2012-02-19 20:11:00,1.31446,1.31446,1.31446,1.31446,0.0
2012-02-19 20:12:00,1.31446,1.31446,1.31446,1.31446,0.0
2012-02-19 20:13:00,1.31446,1.31446,1.31446,1.31446,0.0
2012-02-19 20:14:00,1.31446,1.31446,1.31446,1.31446,0.0
2012-02-19 20:15:00,1.31446,1.31446,1.31446,1.31446,0.0
2012-02-19 20:16:00,1.31446,1.31446,1.31446,1.31446,0.0
2012-02-19 20:17:00,1.31446,1.31446,1.31446,1.31446,0.0
2012-02-19 20:18:00,1.31446,1.31446,1.31446,1.31446,0.0
2012-02-19 20:19:00,1.31446,1.31446,1.31446,1.31446,0.0
2012-02-19 20:20:00,1.31446,1.31446,1.31446,1.31446,0.0
2012-02-19 20:21:00,1.31446,1.31446,1.31446,1.31446,0.0
2012-02-19 20:22:00,1.31446,1.31446,1.31446,1.31446,0.0
2012-02-19 20:23:00,1.31446,1.31446,1.31446,1.31446,0.0
2012-02-19 20:24:00,1.31446,1.31446,1.31446,1.31446,0.0
2012-02-19 20:25:00,1.31446,1.31446,1.31446,1.31446,0.0
2012-02-19 20:26:00,1.31446,1.31446,1.31446,1.31446,0.0
2012-02-19 20:27:00,1.31446,1.31446,1.31446,1.31446,0.0
2012-02-19 20:28:00,1.31446,1.31446,1.31446,1.31446,0.0
2012-02-19 20:29:00,1.31446,1.31446,1.31446,1.31446,0.0
2012-02-19 20:30:00,1.31446,1.31446,1.31446,1.31446,0.0
2012-02-19 20:31:00,1.31446,1.31446,1.31446,1.31446,0.0
2012-02-19 20:32:00,1.31446,1.31446,1.31446,1.31446,0.0
2012-02-19 20:33:00,1.31446,1.31446,1.31446,1.31446,0.0
2012-02-19 20:34:00,1.31446,1.31446,1.31446,1.31446,0.0
2012-02-19 20:35:00,1.31446,1.31446,1.31446,1.31446,0.0
2012-02-19 20:36:00,1.31446,1.31446,1.31446,1.31446,0.0
2012-02-19 20:37:00,1.31446,1.31446,1.31446,1.31446,0.0
2012-02-19 20:38:00,1.31446,1.31446,1.31446,1.31446,0.0
2012-02-19 20:39:00,1.31446,1.31446,1.31446,1.31446,0.0
2012-02-19 20:40:00,1.31446,1.31446,1.31446,1.31446,0.0
2012-02-19 20:41:00,1.31446,1.31446,1.31446,1.31446,0.0
2012-02-19 20:42:00,1.31446,1.31446,1.31446,1.31446,0.0
2012-02-19 20:43:00,1.31446,1.31446,1.31446,1.31446,0.0
2012-02-19 20:44:00,1.31446,1.31446,1.31446,1.31446,0.0
2012-02-19 20:45:00,1.31446,1.31446,1.31446,1.31446,0.0
2012-02-19 20:46:00,1.31446,1.31446,1.31446,1.31446,0.0
2012-02-19 20:47:00,1.31446,1.31446,1.31446,1.31446,0.0
2012-02-19 20:48:00,1.31446,1.31446,1.31446,1.31446,0.0
2012-02-19 20:49:00,1.31446,1.31446,1.31446,1.31446,0.0
2012-02-19 20:50:00,1.31446,1.31446,1.31446,1.31446,0.0
2012-02-19 20:51:00,1.31446,1.31446,1.31446,1.31446,0.0
2012-02-19 20:52:00,1.31446,1.31446,1.31446,1.31446,0.0
2012-02-19 20:53:00,1.31446,1.31446,1.31446,1.31446,0.0
2012-02-19 20:54:00,1.31446,1.31446,1.31446,1.31446,0.0
2012-02-19 20:55:00,1.31446,1.31446,1.31446,1.31446,0.0
2012-02-19 20:56:00,1.31446,1.31446,1.31446,1.31446,0.0
2012-02-19 20:57:00,1.31446,1.31446,1.31446,1.31446,0.0
2012-02-19 20:58:00,1.31446,1.31446,1.31446,1.31446,0.0
2012-02-19 20:59:00,1.31446,1.31446,1.31446,1.31446,0.0
2012-02-19 21:00:00,1.31446,1.31446,1.31446,1.31446,0.0
2012-02-19 21:01:00,1.31446,1.31446,1.31446,1.31446,0.0
2012-02-19 21:02:00,1.31446,1.31446,1.31446,1.31446,0.0
2012-02-19 21:03:00,1.31446,1.31446,1.31446,1.31446,0.0
2012-02-19 21:04:00,1.31446,1.31446,1.31446,1.31446,0.0
2012-02-19 21:05:00,1.31446,1.31446,1.31446,1.31446,0.0
2012-02-19 21:06:00,1.31446,1.31446,1.31446,1.31446,0.0
2012-02-19 21:07:00,1.31446,1.31446,1.31446,1.31446,0.0
2012-02-19 21:08:00,1.31446,1.31446,1.31446,1.31446,0.0
2012-02-19 21:09:00,1.31446,1.31446,1.31446,1.31446,0.0
2012-02-19 21:10:00,1.31446,1.31446,1.31446,1.31446,0.0
2012-02-19 21:11:00,1.31446,1.31446,1.31446,1.31446,0.0
2012-02-19 21:12:00,1.31446,1.31446,1.31446,1.31446,0.0
2012-02-19 21:13:00,1.31446,1.31446,1.31446,1.31446,0.0
2012-02-19 21:14:00,1.31446,1.31446,1.31446,1.31446,0.0
2012-02-19 21:15:00,1.31446,1.31446,1.31446,1.31446,0.0
2012-02-19 21:16:00,1.31446,1.31446,1.31446,1.31446,0.0
2012-02-19 21:17:00,1.31446,1.31446,1.31446,1.31446,0.0
2012-02-19 21:18:00,1.31446,1.31446,1.31446,1.31446,0.0
2012-02-19 21:19:00,1.31446,1.31446,1.31446,1.31446,0.0
2012-02-19 21:20:00,1.31446,1.31446,1.31446,1.31446,0.0
2012-02-19 21:21:00,1.31446,1.31446,1.31446,1.31446,0.0
2012-02-19 21:22:00,1.31446,1.31446,1.31446,1.31446,0.0
2012-02-19 21:23:00,1.31446,1.31446,1.31446,1.31446,0.0
2012-02-19 21:24:00,1.31446,1.31446,1.31446,1.31446,0.0
2012-02-19 21:25:00,1.31446,1.31446,1.31446,1.31446,0.0
2012-02-19 21:26:00,1.31446,1.31446,1.31446,1.31446,0.0
2012-02-19 21:27:00,1.31446,1.31446,1.31446,1.31446,0.0
2012-02-19 21:28:00,1.31446,1.31446,1.31446,1.31446,0.0
2012-02-19 21:29:00,1.31446,1.31446,1.31446,1.31446,0.0
2012-02-19 21:30:00,1.31446,1.31446,1.31446,1.31446,0.0
2012-02-19 21:31:00,1.31446,1.31446,1.31446,1.31446,0.0
2012-02-19 21:32:00,1.31446,1.31446,1.31446,1.31446,0.0
2012-02-19 21:33:00,1.31446,1.31446,1.31446,1.31446,0.0
2012-02-19 21:34:00,1.31446,1.31446,1.31446,1.31446,0.0
2012-02-19 21:35:00,1.31446,1.31446,1.31446,1.31446,0.0
2012-02-19 21:36:00,1.31446,1.31446,1.31446,1.31446,0.0
2012-02-19 21:37:00,1.31446,1.31446,1.31446,1.31446,0.0
2012-02-19 21:38:00,1.31446,1.31446,1.31446,1.31446,0.0
2012-02-19 21:39:00,1.31446,1.31446,1.31446,1.31446,0.0
2012-02-19 21:40:00,1.31446,1.31446,1.31446,1.31446,0.0
2012-02-19 21:41:00,1.31446,1.31446,1.31446,1.31446,0.0
2012-02-19 21:42:00,1.31446,1.31446,1.31446,1.31446,0.0
2012-02-19 21:43:00,1.31446,1.31446,1.31446,1.31446,0.0
2012-02-19 21:44:00,1.31446,1.31446,1.31446,1.31446,0.0
2012-02-19 21:45:00,1.31446,1.31446,1.31446,1.31446,0.0
2012-02-19 21:46:00,1.31446,1.31446,1.31446,1.31446,0.0
2012-02-19 21:47:00,1.31446,1.31446,1.31446,1.31446,0.0
2012-02-19 21:48:00,1.31446,1.31446,1.31446,1.31446,0.0
2012-02-19 21:49:00,1.31446,1.31446,1.31446,1.31446,0.0
2012-02-19 21:50:00,1.31446,1.31446,1.31446,1.31446,0.0
2012-02-19 21:51:00,1.31446,1.31446,1.31446,1.31446,0.0
2012-02-19 21:52:00,1.31446,1.31446,1.31446,1.31446,0.0
2012-02-19 21:53:00,1.31446,1.31446,1.31446,1.31446,0.0
2012-02-19 21:54:00,1.31446,1.31446,1.31446,1.31446,0.0
2012-02-19 21:55:00,1.31446,1.31446,1.31446,1.31446,0.0
2012-02-19 21:56:00,1.31446,1.31446,1.31446,1.31446,0.0
2012-02-19 21:57:00,1.31446,1.31446,1.31446,1.31446,0.0
2012-02-19 21:58:00,1.31446,1.31446,1.31446,1.31446,0.0
2012-02-19 21:59:00,1.31446,1.31446,1.31446,1.31446,0.0
2012-02-19 22:00:00,1.31795,1.31801,1.31766,1.31766,397900009.15527344
2012-02-19 22:01:00,1.31764,1.31784,1.31755,1.31784,478199996.9482422
2012-02-19 22:02:00,1.31784,1.31784,1.31749,1.31756,495600013.73291016
2012-02-19 22:03:00,1.31759,1.3177,1.31754,1.31761,243099994.65942383
2012-02-19 22:04:00,1.31759,1.3176,1.31733,1.31739,210000000.0
2012-02-19 22:05:00,1.31739,1.31777,1.31739,1.31777,286900005.3405762
2012-02-19 22:06:00,1.31777,1.31779,1.31755,1.31769,392400016.78466797
2012-02-19 22:07:00,1.31769,1.31785,1.31767,1.31776,172500000.0
2012-02-19 22:08:00,1.31776,1.31785,1.31771,1.31779,99399995.80383301
2012-02-19 22:09:00,1.3178,1.31797,1.31776,1.31797,318700008.392334
2012-02-19 22:10:00,1.31798,1.31851,1.31798,1.31846,646200027.4658203
2012-02-19 22:11:00,1.31846,1.3189,1.31846,1.31884,777699966.4306641
2012-02-19 22:12:00,1.31884,1.3191,1.31884,1.31897,534500007.62939453
2012-02-19 22:13:00,1.31897,1.31957,1.31892,1.31956,758700027.4658203
2012-02-19 22:14:00,1.31956,1.31993,1.31938,1.31981,654899978.6376953
2012-02-19 22:15:00,1.31968,1.32013,1.31967,1.32001,637000007.6293945
2012-02-19 22:16:00,1.32008,1.32016,1.31995,1.32002,225000000.0
2012-02-19 22:17:00,1.32001,1.32019,1.32001,1.32019,386699981.6894531
2012-02-19 22:18:00,1.32019,1.32085,1.32019,1.32075,713600006.1035156
2012-02-19 22:19:00,1.32076,1.32087,1.32048,1.3208,603800010.6811523
2012-02-19 22:20:00,1.32077,1.32082,1.32028,1.32029,852399978.6376953
2012-02-19 22:21:00,1.32029,1.32041,1.31986,1.31991,1054000015.2587891
2012-02-19 22:22:00,1.31993,1.32021,1.3199,1.32009,807799987.7929688
2012-02-19 22:23:00,1.31998,1.32019,1.31998,1.32,459900016.78466797
2012-02-19 22:24:00,1.31999,1.32005,1.31999,1.32004,171800003.0517578
2012-02-19 22:25:00,1.32004,1.32049,1.32004,1.32049,740500030.5175781
2012-02-19 22:26:00,1.32049,1.3207,1.32047,1.3206,1259599990.8447266
2012-02-19 22:27:00,1.3206,1.32083,1.32054,1.32054,1301300048.828125
2012-02-19 22:28:00,1.3206,1.32061,1.32017,1.32017,985699996.9482422
2012-02-19 22:29:00,1.32017,1.32022,1.31979,1.3198,983899993.8964844
2012-02-19 22:30:00,1.3198,1.31996,1.3198,1.31982,445600013.73291016
2012-02-19 22:31:00,1.31983,1.31997,1.31979,1.31996,703399963.3789062
2012-02-19 22:32:00,1.31996,1.31996,1.3198,1.31983,860800018.3105469
2012-02-19 22:33:00,1.31981,1.31983,1.3198,1.3198,690000000.0
2012-02-19 22:34:00,1.31981,1.31983,1.3197,1.31982,1598000030.5175781
2012-02-19 22:35:00,1.31986,1.31986,1.31969,1.31971,3828099975.5859375
2012-02-19 22:36:00,1.31972,1.31992,1.31962,1.31982,3159899902.34375
2012-02-19 22:37:00,1.31982,1.31987,1.31959,1.31963,2006199951.171875
2012-02-19 22:38:00,1.3196,1.3196,1.31924,1.31933,2594500122.0703125
2012-02-19 22:39:00,1.31935,1.31953,1.31888,1.31888,2960499877.9296875
2012-02-19 22:40:00,1.31888,1.31888,1.31841,1.31864,2365500030.517578
2012-02-19 22:41:00,1.31868,1.31881,1.31859,1.31878,2846099853.515625
2012-02-19 22:42:00,1.31875,1.31973,1.31875,1.31971,2146000061.0351562
2012-02-19 22:43:00,1.31972,1.31974,1.31953,1.31963,2609899902.34375
2012-02-19 22:44:00,1.31963,1.31978,1.31959,1.31968,1976600036.6210938
2012-02-19 22:45:00,1.31968,1.31987,1.31964,1.31979,1943300018.3105469
2012-02-19 22:46:00,1.3198,1.3198,1.31953,1.31961,2333200073.2421875
2012-02-19 22:47:00,1.31961,1.31975,1.31946,1.31961,2358099975.5859375
2012-02-19 22:48:00,1.31975,1.31975,1.31937,1.31941,1530500030.5175781
2012-02-19 22:49:00,1.31941,1.31958,1.31941,1.31954,1446000061.0351562
2012-02-19 22:50:00,1.31954,1.31962,1.31943,1.31954,1385399932.8613281
2012-02-19 22:51:00,1.31943,1.31973,1.31943,1.31963,1538399963.3789062
2012-02-19 22:52:00,1.31961,1.32032,1.31953,1.32028,1697599945.0683594
2012-02-19 22:53:00,1.32031,1.32041,1.32019,1.32027,1707599945.0683594
2012-02-19 22:54:00,1.32027,1.32049,1.32019,1.32019,1859199981.6894531
2012-02-19 22:55:00,1.3202,1.32046,1.32004,1.32039,1463600006.1035156
2012-02-19 22:56:00,1.32039,1.32049,1.32029,1.32029,1446300048.828125
2012-02-19 22:57:00,1.32029,1.32029,1.32012,1.32027,1325899963.3789062
2012-02-19 22:58:00,1.32018,1.32032,1.32017,1.32031,1323399963.3789062
2012-02-19 22:59:00,1.32031,1.32037,1.32025,1.32025,199400005.34057617
2012-02-19 23:00:00,1.32024,1.32055,1.32011,1.32045,1237600021.3623047
2012-02-19 23:01:00,1.32039,1.32062,1.32039,1.32059,677399978.6376953
2012-02-19 23:02:00,1.32059,1.32102,1.32053,1.32102,1556300048.828125
2012-02-19 23:03:00,1.321,1.32104,1.32077,1.32089,1195299987.7929688
2012-02-19 23:04:00,1.32091,1.32097,1.32077,1.32084,530299987.79296875
2012-02-19 23:05:00,1.32085,1.32096,1.32078,1.3208,515800018.3105469
2012-02-19 23:06:00,1.3208,1.32119,1.32079,1.32118,1211500015.258789
2012-02-19 23:07:00,1.32118,1.32168,1.32102,1.32168,2014900054.9316406
2012-02-19 23:08:00,1.32167,1.32206,1.32158,1.32158,2249600067.138672
2012-02-19 23:09:00,1.32158,1.32169,1.32149,1.3215,1580700073.2421875
2012-02-19 23:10:00,1.3215,1.32169,1.3215,1.3216,716200027.4658203
2012-02-19 23:11:00,1.3216,1.32176,1.3216,1.32176,1047300033.5693359
2012-02-19 23:12:00,1.32176,1.32198,1.32166,1.32191,1335399932.8613281
2012-02-19 23:13:00,1.32191,1.32195,1.32174,1.32184,1699100036.6210938
2012-02-19 23:14:00,1.32179,1.32217,1.32179,1.32204,1162600021.3623047
2012-02-19 23:15:00,1.32204,1.32265,1.32202,1.32265,1620099945.0683594
2012-02-19 23:16:00,1.32266,1.32355,1.32266,1.32343,3924299926.7578125
2012-02-19 23:17:00,1.32343,1.32367,1.32343,1.32357,1902700042.7246094
2012-02-19 23:18:00,1.32357,1.32357,1.32328,1.32329,1156500015.258789
2012-02-19 23:19:00,1.32329,1.32329,1.32296,1.32306,1485700073.2421875
2012-02-19 23:20:00,1.32301,1.32355,1.32296,1.32355,1664700012.2070312
2012-02-19 23:21:00,1.32354,1.32354,1.32336,1.32349,894800033.5693359
2012-02-19 23:22:00,1.3235,1.32365,1.32342,1.32349,1235699996.9482422
2012-02-19 23:23:00,1.32348,1.32356,1.32326,1.32326,1065199966.4306641
2012-02-19 23:24:00,1.32327,1.32327,1.32309,1.3231,888600006.1035156
2012-02-19 23:25:00,1.3231,1.32312,1.32285,1.32285,1173600006.1035156
2012-02-19 23:26:00,1.32285,1.32286,1.32246,1.32247,1539199981.6894531
2012-02-19 23:27:00,1.32253,1.32266,1.32235,1.32239,1999499969.4824219
2012-02-19 23:28:00,1.32239,1.32248,1.32232,1.32247,784899978.6376953
2012-02-19 23:29:00,1.32246,1.32246,1.3223,1.3223,1086900024.4140625
2012-02-19 23:30:00,1.3223,1.32262,1.32229,1.32254,1409299926.7578125
2012-02-19 23:31:00,1.32254,1.32273,1.32247,1.3227,832900009.1552734
2012-02-19 23:32:00,1.32272,1.32272,1.32256,1.32269,617299995.4223633
2012-02-19 23:33:00,1.32271,1.3228,1.32256,1.32278,752900009.1552734
2012-02-19 23:34:00,1.32278,1.32293,1.32276,1.32292,657600021.3623047
2012-02-19 23:35:00,1.32289,1.32298,1.32286,1.32288,850999984.7412109
2012-02-19 23:36:00,1.32288,1.32298,1.32281,1.32291,1065400009.1552734
2012-02-19 23:37:00,1.32291,1.32318,1.32291,1.32311,834400024.4140625
2012-02-19 23:38:00,1.32311,1.32331,1.32311,1.32322,1967799987.7929688
2012-02-19 23:39:00,1.32322,1.32322,1.3229,1.32304,1142099990.8447266
2012-02-19 23:40:00,1.32304,1.32321,1.32291,1.32307,1489900054.9316406
2012-02-19 23:41:00,1.32307,1.32313,1.32296,1.32296,633899993.8964844
2012-02-19 23:42:00,1.32298,1.32302,1.32284,1.32291,982799987.7929688
2012-02-19 23:43:00,1.32288,1.32294,1.32255,1.32266,1283500061.0351562
2012-02-19 23:44:00,1.32266,1.32278,1.32257,1.32276,712300033.5693359
2012-02-19 23:45:00,1.32275,1.32287,1.32275,1.32286,848199996.9482422
2012-02-19 23:46:00,1.32285,1.32289,1.32276,1.32276,1379700012.2070312
2012-02-19 23:47:00,1.32278,1.3228,1.32272,1.32272,805500030.5175781
2012-02-19 23:48:00,1.32272,1.32274,1.32266,1.32266,215100002.28881836
2012-02-19 23:49:00,1.32267,1.32269,1.32249,1.32267,868600006.1035156
2012-02-19 23:50:00,1.32267,1.32271,1.32259,1.32269,838700027.4658203
2012-02-19 23:51:00,1.32269,1.32272,1.32264,1.32269,954700012.2070312
2012-02-19 23:52:00,1.32268,1.32282,1.32268,1.3228,973799972.5341797
2012-02-19 23:53:00,1.3228,1.32287,1.32277,1.3228,697300033.5693359
2012-02-19 23:54:00,1.3228,1.32281,1.32277,1.32277,447000007.62939453
2012-02-19 23:55:00,1.32277,1.32281,1.32275,1.32281,584000015.2587891
2012-02-19 23:56:00,1.32281,1.32283,1.3227,1.32272,690100021.3623047
2012-02-19 23:57:00,1.32268,1.32279,1.32249,1.32251,940999984.7412109
2012-02-19 23:58:00,1.32251,1.32259,1.32251,1.32252,684800033.5693359
2012-02-19 23:59:00,1.32252,1.32252,1.32228,1.32232,1410800018.3105469
2012-02-20 00:00:00,1.32232,1.32234,1.32152,1.32154,2068399963.3789062
2012-02-20 00:01:00,1.32154,1.3216,1.3214,1.3216,1989199981.6894531
2012-02-20 00:02:00,1.3216,1.32163,1.3211,1.32113,2485200042.7246094
2012-02-20 00:03:00,1.32114,1.32138,1.32113,1.32122,1704400024.4140625
2012-02-20 00:04:00,1.32119,1.32152,1.32119,1.32147,1554700012.2070312
2012-02-20 00:05:00,1.32147,1.32164,1.3214,1.32156,1625299987.7929688
2012-02-20 00:06:00,1.32156,1.32159,1.32139,1.32141,1335899963.3789062
2012-02-20 00:07:00,1.32141,1.32161,1.32137,1.32137,1713399963.3789062
2012-02-20 00:08:00,1.32138,1.32141,1.32131,1.32136,970800018.3105469
2012-02-20 00:09:00,1.32136,1.32147,1.32136,1.32145,1918300018.3105469
2012-02-20 00:10:00,1.32143,1.32146,1.32136,1.32141,1099300003.0517578
2012-02-20 00:11:00,1.32143,1.32151,1.32138,1.32144,1089300003.0517578
2012-02-20 00:12:00,1.32147,1.32147,1.32135,1.32136,575800018.3105469
2012-02-20 00:13:00,1.32136,1.32136,1.32126,1.32126,653000030.5175781
2012-02-20 00:14:00,1.32126,1.3213,1.3211,1.32121,1065500030.5175781
2012-02-20 00:15:00,1.32118,1.3213,1.32111,1.32111,1329700012.2070312
2012-02-20 00:16:00,1.32112,1.32112,1.32083,1.32088,1555800018.3105469
2012-02-20 00:17:00,1.32089,1.32096,1.32083,1.32088,1198899993.8964844
2012-02-20 00:18:00,1.32089,1.32098,1.32089,1.32093,1082399978.6376953
2012-02-20 00:19:00,1.32093,1.32093,1.32076,1.32076,1030699996.9482422
2012-02-20 00:20:00,1.32076,1.32076,1.32058,1.32063,1695000000.0
2012-02-20 00:21:00,1.32063,1.32078,1.32059,1.32071,1246900024.4140625
2012-02-20 00:22:00,1.32071,1.3209,1.32067,1.32078,1615299987.7929688
2012-02-20 00:23:00,1.32078,1.32087,1.32072,1.32082,732099990.8447266
2012-02-20 00:24:00,1.3208,1.32107,1.32074,1.32104,1120299987.7929688
2012-02-20 00:25:00,1.32104,1.32108,1.32083,1.32107,1362500000.0
2012-02-20 00:26:00,1.32108,1.32132,1.32103,1.32128,1381000061.0351562
2012-02-20 00:27:00,1.32128,1.32134,1.32121,1.32128,1961600036.6210938
2012-02-20 00:28:00,1.32128,1.32153,1.32128,1.32144,1233099975.5859375
2012-02-20 00:29:00,1.32143,1.32143,1.32127,1.32129,835899963.3789062
2012-02-20 00:30:00,1.32129,1.32147,1.3211,1.32113,2033000030.5175781
2012-02-20 00:31:00,1.3211,1.32124,1.32107,1.32124,1336600036.6210938
2012-02-20 00:32:00,1.32124,1.32133,1.32119,1.32127,1261800003.0517578
2012-02-20 00:33:00,1.32129,1.32133,1.32116,1.32133,851600036.6210938
2012-02-20 00:34:00,1.32131,1.32133,1.32111,1.32117,1062300033.5693359
2012-02-20 00:35:00,1.32117,1.32129,1.32101,1.32128,1590399932.8613281
2012-02-20 00:36:00,1.32128,1.32149,1.32122,1.32126,1296900024.4140625
2012-02-20 00:37:00,1.3213,1.32159,1.3213,1.32159,1656399993.8964844
2012-02-20 00:38:00,1.32162,1.32174,1.32144,1.32149,1520700073.2421875
2012-02-20 00:39:00,1.3215,1.32171,1.32148,1.32162,1176999969.4824219
2012-02-20 00:40:00,1.3216,1.32194,1.32158,1.32191,1556300048.828125
2012-02-20 00:41:00,1.32191,1.32203,1.32174,1.32179,1740399932.8613281
2012-02-20 00:42:00,1.32179,1.3218,1.32155,1.32159,1059000015.2587891
2012-02-20 00:43:00,1.32159,1.32178,1.32159,1.32172,1296300048.828125
2012-02-20 00:44:00,1.32172,1.32203,1.32171,1.32203,1496100006.1035156
2012-02-20 00:45:00,1.32203,1.32211,1.32179,1.322,2607900085.4492188
2012-02-20 00:46:00,1.32202,1.32206,1.32191,1.32195,1488899993.8964844
2012-02-20 00:47:00,1.32193,1.32208,1.3219,1.32191,1487899932.8613281
2012-02-20 00:48:00,1.3219,1.32212,1.3219,1.32193,1470599975.5859375
2012-02-20 00:49:00,1.322,1.32211,1.32182,1.32202,2174199981.689453
2012-02-20 00:50:00,1.32197,1.32208,1.32193,1.32205,1303600006.1035156
2012-02-20 00:51:00,1.32205,1.32209,1.32192,1.32202,1480299987.7929688
2012-02-20 00:52:00,1.32205,1.32246,1.32202,1.32213,1589199981.6894531
2012-02-20 00:53:00,1.32212,1.32214,1.32193,1.32197,1496199951.171875
2012-02-20 00:54:00,1.32196,1.32211,1.32179,1.32179,1763399963.3789062
2012-02-20 00:55:00,1.32178,1.32193,1.32161,1.32191,1233399963.3789062
2012-02-20 00:56:00,1.32191,1.32199,1.3219,1.3219,901200027.4658203
2012-02-20 00:57:00,1.32193,1.32197,1.32185,1.32187,617900009.1552734
2012-02-20 00:58:00,1.32184,1.32193,1.32176,1.32184,1235299987.7929688
2012-02-20 00:59:00,1.32188,1.32201,1.32184,1.32189,1217699966.430664
2012-02-20 01:00:00,1.3219,1.32218,1.3219,1.32208,1470599975.5859375
2012-02-20 01:01:00,1.32208,1.32209,1.32188,1.32191,1480800018.3105469
2012-02-20 01:02:00,1.32191,1.32191,1.32172,1.32173,1296100006.1035156
2012-02-20 01:03:00,1.32173,1.3218,1.32158,1.32158,1249300003.0517578
2012-02-20 01:04:00,1.32158,1.32158,1.32127,1.32132,1930000000.0
2012-02-20 01:05:00,1.32132,1.32132,1.32096,1.32105,1607400054.9316406
2012-02-20 01:06:00,1.32106,1.32123,1.32102,1.3211,1733899993.8964844
2012-02-20 01:07:00,1.32111,1.32118,1.32098,1.32118,1504900054.9316406
2012-02-20 01:08:00,1.32117,1.32117,1.32106,1.32109,676999969.4824219
2012-02-20 01:09:00,1.32109,1.32109,1.32082,1.32092,1110699996.9482422
2012-02-20 01:10:00,1.32092,1.32107,1.32083,1.32096,1770000000.0
2012-02-20 01:11:00,1.32094,1.32107,1.32089,1.32093,1361000061.0351562
2012-02-20 01:12:00,1.32093,1.32098,1.32084,1.32089,1265599975.5859375
2012-02-20 01:13:00,1.32091,1.32095,1.3209,1.32095,371300010.68115234
2012-02-20 01:14:00,1.32095,1.32137,1.32095,1.32129,1364100036.6210938
2012-02-20 01:15:00,1.32129,1.32139,1.32118,1.32136,1011699981.6894531
2012-02-20 01:16:00,1.32135,1.32136,1.32125,1.32129,928199996.9482422
2012-02-20 01:17:00,1.32129,1.32135,1.32127,1.32129,637500000.0
2012-02-20 01:18:00,1.32129,1.32129,1.32116,1.32117,880899963.3789062
2012-02-20 01:19:00,1.32118,1.32122,1.32111,1.32112,772500000.0
2012-02-20 01:20:00,1.3211,1.32112,1.32104,1.3211,915199966.4306641
2012-02-20 01:21:00,1.3211,1.32125,1.32105,1.32108,1543800048.828125
2012-02-20 01:22:00,1.32106,1.32123,1.32082,1.32093,1433300018.3105469
2012-02-20 01:23:00,1.32093,1.32117,1.32079,1.32081,1487299957.2753906
2012-02-20 01:24:00,1.3208,1.321,1.3208,1.32095,1483699951.171875
2012-02-20 01:25:00,1.32094,1.32099,1.32081,1.32082,1445599975.5859375
2012-02-20 01:26:00,1.32082,1.32102,1.32053,1.32098,2363399963.3789062
2012-02-20 01:27:00,1.32093,1.32095,1.32051,1.32071,1106900024.4140625
2012-02-20 01:28:00,1.32068,1.32086,1.32048,1.32052,1879600067.1386719
2012-02-20 01:29:00,1.32054,1.32084,1.3205,1.32079,1012900009.1552734
2012-02-20 01:30:00,1.32078,1.32089,1.32069,1.32088,1901399993.8964844
2012-02-20 01:31:00,1.32085,1.32085,1.32054,1.32054,1478500061.0351562
2012-02-20 01:32:00,1.32055,1.32067,1.32054,1.32067,1105400009.1552734
2012-02-20 01:33:00,1.32067,1.32076,1.32067,1.3207,580600013.7329102
2012-02-20 01:34:00,1.32069,1.32086,1.32065,1.32086,1811199951.171875
2012-02-20 01:35:00,1.32086,1.32093,1.32072,1.32077,1909299926.7578125
2012-02-20 01:36:00,1.32077,1.32102,1.32074,1.32095,1976300048.828125
2012-02-20 01:37:00,1.32092,1.32106,1.32084,1.32102,1445000000.0
2012-02-20 01:38:00,1.32102,1.32112,1.32092,1.32112,989599990.8447266
2012-02-20 01:39:00,1.32117,1.32132,1.32099,1.3211,1592400054.9316406
2012-02-20 01:40:00,1.3211,1.32116,1.32102,1.32102,1273099975.5859375
2012-02-20 01:41:00,1.32103,1.32107,1.32089,1.32094,1211200027.4658203
2012-02-20 01:42:00,1.32094,1.32103,1.32092,1.32097,858000030.5175781
2012-02-20 01:43:00,1.32097,1.32105,1.32093,1.32093,1180500030.5175781
2012-02-20 01:44:00,1.32092,1.321,1.32092,1.32097,551300010.6811523
2012-02-20 01:45:00,1.32097,1.321,1.32092,1.32095,1097699966.430664
2012-02-20 01:46:00,1.32095,1.32095,1.32081,1.32092,1338899993.8964844
2012-02-20 01:47:00,1.32092,1.32098,1.32092,1.32097,553199996.9482422
2012-02-20 01:48:00,1.32097,1.32106,1.32093,1.32093,848499984.7412109
2012-02-20 01:49:00,1.3209,1.32098,1.32072,1.32098,1710299987.7929688
2012-02-20 01:50:00,1.32096,1.32099,1.32084,1.32091,552799987.7929688
2012-02-20 01:51:00,1.32095,1.32099,1.32095,1.32099,255100002.28881836
2012-02-20 01:52:00,1.32102,1.32106,1.32097,1.32101,638899993.8964844
2012-02-20 01:53:00,1.32103,1.32104,1.32099,1.321,547500000.0
2012-02-20 01:54:00,1.321,1.32101,1.32092,1.32094,594399986.2670898
2012-02-20 01:55:00,1.32095,1.32104,1.32084,1.32095,1191500015.258789
2012-02-20 01:56:00,1.32093,1.32096,1.32092,1.32092,397500000.0
2012-02-20 01:57:00,1.32092,1.32094,1.32086,1.32087,918799972.5341797
2012-02-20 01:58:00,1.32091,1.32101,1.32085,1.321,741900024.4140625
2012-02-20 01:59:00,1.32099,1.32103,1.32098,1.32101,1076699981.6894531
2012-02-20 02:00:00,1.32101,1.32111,1.32101,1.32111,762600021.3623047
2012-02-20 02:01:00,1.32111,1.32111,1.32098,1.32105,1376399993.8964844
2012-02-20 02:02:00,1.32109,1.32116,1.32104,1.32107,613899993.8964844
2012-02-20 02:03:00,1.32108,1.32124,1.32108,1.32124,777300033.5693359
2012-02-20 02:04:00,1.32127,1.32133,1.32123,1.32128,1371000061.0351562
2012-02-20 02:05:00,1.32128,1.32128,1.32123,1.32125,232500000.0
2012-02-20 02:06:00,1.32125,1.32126,1.32117,1.32118,535499992.37060547
2012-02-20 02:07:00,1.32118,1.32128,1.32117,1.32124,802799987.7929688
2012-02-20 02:08:00,1.32124,1.32133,1.32121,1.3213,669599990.8447266
2012-02-20 02:09:00,1.3213,1.32135,1.32122,1.32122,837300033.5693359
2012-02-20 02:10:00,1.32123,1.32127,1.32121,1.32122,502500000.0
2012-02-20 02:11:00,1.32122,1.32129,1.32119,1.32119,976900024.4140625
2012-02-20 02:12:00,1.32121,1.32121,1.32115,1.32118,245699996.9482422
2012-02-20 02:13:00,1.32118,1.32132,1.32118,1.32128,1001900024.4140625
2012-02-20 02:14:00,1.32128,1.32128,1.32116,1.32118,532599983.21533203
2012-02-20 02:15:00,1.32118,1.32131,1.32114,1.32128,735500030.5175781
2012-02-20 02:16:00,1.32128,1.32128,1.32109,1.32113,993099975.5859375
2012-02-20 02:17:00,1.32114,1.32133,1.32114,1.32127,556899986.2670898
2012-02-20 02:18:00,1.32127,1.32135,1.32127,1.32133,839800033.5693359
2012-02-20 02:19:00,1.32132,1.32132,1.32121,1.32122,437000007.62939453
2012-02-20 02:20:00,1.32122,1.32122,1.3212,1.3212,52500000.0
2012-02-20 02:21:00,1.32118,1.32135,1.32118,1.32127,564500007.6293945
2012-02-20 02:22:00,1.32127,1.32128,1.32116,1.32119,247500000.0
2012-02-20 02:23:00,1.32119,1.3212,1.3211,1.3211,362000007.62939453
2012-02-20 02:24:00,1.3211,1.32114,1.3211,1.32114,382500000.0
2012-02-20 02:25:00,1.32114,1.32116,1.32109,1.32114,435000000.0
2012-02-20 02:26:00,1.32111,1.32111,1.32102,1.3211,663799972.5341797
2012-02-20 02:27:00,1.32108,1.32109,1.32108,1.32109,300000000.0
2012-02-20 02:28:00,1.32109,1.32111,1.32107,1.32108,150100002.28881836
2012-02-20 02:29:00,1.32108,1.32125,1.32099,1.32125,921100006.1035156
2012-02-20 02:30:00,1.32126,1.3216,1.32126,1.3214,1427899932.8613281
2012-02-20 02:31:00,1.3214,1.3214,1.32129,1.32133,879700012.2070312
2012-02-20 02:32:00,1.32132,1.32132,1.32109,1.32114,668499984.7412109
2012-02-20 02:33:00,1.32113,1.32128,1.32113,1.32124,816600036.6210938
2012-02-20 02:34:00,1.32127,1.32128,1.32098,1.32121,987300033.5693359
2012-02-20 02:35:00,1.32121,1.32127,1.32114,1.32116,721299972.5341797
2012-02-20 02:36:00,1.32116,1.32128,1.3211,1.32128,871999969.4824219
2012-02-20 02:37:00,1.32129,1.32147,1.32129,1.3213,1061999969.4824219
2012-02-20 02:38:00,1.3213,1.32146,1.32121,1.32121,1073700027.4658203
2012-02-20 02:39:00,1.32121,1.32128,1.32121,1.32125,272999992.37060547
2012-02-20 02:40:00,1.32125,1.32128,1.32122,1.32122,265900001.5258789
2012-02-20 02:41:00,1.32122,1.32126,1.32121,1.32123,354500007.62939453
2012-02-20 02:42:00,1.32123,1.32123,1.32121,1.32121,180400009.15527344
2012-02-20 02:43:00,1.32121,1.32121,1.32118,1.32118,247500000.0
2012-02-20 02:44:00,1.3212,1.32121,1.32117,1.32117,262700004.57763672
2012-02-20 02:45:00,1.32117,1.32118,1.32113,1.32115,572500000.0
2012-02-20 02:46:00,1.32115,1.32117,1.32115,1.32117,356500015.25878906
2012-02-20 02:47:00,1.32116,1.3212,1.32116,1.3212,219899997.71118164
2012-02-20 02:48:00,1.3212,1.32121,1.32118,1.3212,150000000.0
2012-02-20 02:49:00,1.3212,1.3212,1.32116,1.32116,260100002.28881836
2012-02-20 02:50:00,1.32117,1.32121,1.32116,1.32119,570800018.3105469
2012-02-20 02:51:00,1.32119,1.32119,1.32099,1.32103,886100006.1035156
2012-02-20 02:52:00,1.32107,1.32109,1.32094,1.32104,581599998.4741211
2012-02-20 02:53:00,1.32104,1.32108,1.32102,1.32108,295599994.6594238
2012-02-20 02:54:00,1.32108,1.32114,1.32102,1.32104,379199981.6894531
2012-02-20 02:55:00,1.32101,1.32102,1.32079,1.321,1305200042.7246094
2012-02-20 02:56:00,1.321,1.3211,1.32094,1.32096,1277799987.7929688
2012-02-20 02:57:00,1.32096,1.32096,1.32092,1.32093,304699993.1335449
2012-02-20 02:58:00,1.3209,1.3209,1.32078,1.32079,753300018.3105469
2012-02-20 02:59:00,1.32082,1.32088,1.32081,1.32081,585800018.3105469
2012-02-20 03:00:00,1.32083,1.32089,1.32083,1.32086,288199996.9482422
2012-02-20 03:01:00,1.32086,1.32095,1.32083,1.32087,755599975.5859375
2012-02-20 03:02:00,1.32088,1.32088,1.32087,1.32087,195100002.28881836
2012-02-20 03:03:00,1.32087,1.32091,1.32086,1.32089,660899963.3789062
2012-02-20 03:04:00,1.32088,1.32094,1.32086,1.32094,477799987.79296875
2012-02-20 03:05:00,1.32094,1.32101,1.3209,1.32095,1212200012.2070312
2012-02-20 03:06:00,1.32095,1.321,1.32089,1.32092,345900001.5258789
2012-02-20 03:07:00,1.3209,1.32101,1.3209,1.321,389599990.84472656
2012-02-20 03:08:00,1.321,1.32101,1.32098,1.32098,67500000.0
2012-02-20 03:09:00,1.32098,1.32112,1.32097,1.32108,636599998.4741211
2012-02-20 03:10:00,1.32109,1.32114,1.32106,1.32111,562700004.5776367
2012-02-20 03:11:00,1.3211,1.32111,1.32108,1.32111,355299987.79296875
2012-02-20 03:12:00,1.32111,1.32111,1.32109,1.32109,415400009.15527344
2012-02-20 03:13:00,1.32109,1.32117,1.32101,1.32101,806900024.4140625
2012-02-20 03:14:00,1.32101,1.32109,1.32101,1.32109,526599998.4741211
2012-02-20 03:15:00,1.32109,1.32111,1.32106,1.32111,495600013.73291016
2012-02-20 03:16:00,1.32111,1.32123,1.32111,1.32123,442599983.21533203
2012-02-20 03:17:00,1.32123,1.32172,1.32123,1.32171,2013000030.5175781
2012-02-20 03:18:00,1.32171,1.32172,1.3216,1.32168,1198600006.1035156
2012-02-20 03:19:00,1.32167,1.32176,1.32164,1.3217,1274499969.4824219
2012-02-20 03:20:00,1.3217,1.32173,1.32157,1.32163,834499969.4824219
2012-02-20 03:21:00,1.32164,1.32166,1.32158,1.32161,1095999984.741211
2012-02-20 03:22:00,1.32162,1.32165,1.32155,1.32159,658099975.5859375
2012-02-20 03:23:00,1.32159,1.3219,1.32159,1.32182,1634700012.2070312
2012-02-20 03:24:00,1.32178,1.32182,1.32164,1.32176,852600021.3623047
2012-02-20 03:25:00,1.32176,1.32188,1.32176,1.32183,1423600006.1035156
2012-02-20 03:26:00,1.32183,1.32184,1.3217,1.32177,1226999969.4824219
2012-02-20 03:27:00,1.32176,1.32185,1.32171,1.32185,538400001.5258789
2012-02-20 03:28:00,1.32185,1.32185,1.32171,1.32177,1193000030.5175781
2012-02-20 03:29:00,1.32179,1.32186,1.32179,1.32179,730899963.3789062
2012-02-20 03:30:00,1.32179,1.32179,1.3216,1.32165,1214199981.6894531
2012-02-20 03:31:00,1.32165,1.32168,1.32161,1.32163,410000000.0
2012-02-20 03:32:00,1.32165,1.32167,1.32153,1.32153,953099975.5859375
2012-02-20 03:33:00,1.32153,1.32157,1.32153,1.32157,946100006.1035156
2012-02-20 03:34:00,1.32158,1.32158,1.32148,1.32148,686600036.6210938
2012-02-20 03:35:00,1.32148,1.32148,1.32139,1.32147,597200012.2070312
2012-02-20 03:36:00,1.32144,1.32144,1.32138,1.32139,246200008.39233398
2012-02-20 03:37:00,1.32138,1.32138,1.32135,1.32135,539799995.4223633
2012-02-20 03:38:00,1.32135,1.3214,1.32127,1.32138,940899963.3789062
2012-02-20 03:39:00,1.32138,1.32159,1.32138,1.32157,881600036.6210938
2012-02-20 03:40:00,1.32157,1.3216,1.32154,1.32156,407700004.5776367
2012-02-20 03:41:00,1.32154,1.32157,1.32153,1.32157,323600006.1035156
2012-02-20 03:42:00,1.3216,1.32164,1.32153,1.32161,452299995.4223633
2012-02-20 03:43:00,1.32159,1.32164,1.32141,1.32142,1370899963.3789062
2012-02-20 03:44:00,1.32144,1.32148,1.32138,1.32141,392599983.21533203
2012-02-20 03:45:00,1.32138,1.32146,1.32138,1.3214,477099990.84472656
2012-02-20 03:46:00,1.3214,1.32145,1.32138,1.32138,576300010.6811523
2012-02-20 03:47:00,1.32138,1.32141,1.32128,1.32129,1592700042.7246094
2012-02-20 03:48:00,1.32133,1.32136,1.32118,1.32124,792699966.4306641
2012-02-20 03:49:00,1.32124,1.3213,1.32115,1.32129,1110400009.1552734
2012-02-20 03:50:00,1.32129,1.32129,1.32118,1.32119,585200004.5776367
2012-02-20 03:51:00,1.32119,1.32127,1.3211,1.32124,663799972.5341797
2012-02-20 03:52:00,1.32124,1.32124,1.32116,1.32121,580699996.9482422
2012-02-20 03:53:00,1.32121,1.32124,1.3211,1.32115,864599990.8447266
2012-02-20 03:54:00,1.32114,1.32117,1.32114,1.32114,142500000.0
2012-02-20 03:55:00,1.32114,1.3212,1.32106,1.32113,710400009.1552734
2012-02-20 03:56:00,1.32113,1.32117,1.3211,1.3211,675199966.4306641
2012-02-20 03:57:00,1.32112,1.32142,1.32112,1.32131,969599990.8447266
2012-02-20 03:58:00,1.32133,1.32133,1.32128,1.32131,280599994.6594238
2012-02-20 03:59:00,1.32128,1.32133,1.32119,1.32133,1089899978.6376953
2012-02-20 04:00:00,1.32133,1.32133,1.32116,1.32117,1048399963.3789062
2012-02-20 04:01:00,1.32117,1.32122,1.32117,1.32117,285000000.0
2012-02-20 04:02:00,1.32117,1.32119,1.32117,1.32119,153800001.14440918
2012-02-20 04:03:00,1.32119,1.32119,1.32113,1.32114,247500000.0
2012-02-20 04:04:00,1.32116,1.32118,1.32114,1.32114,438800010.68115234
2012-02-20 04:05:00,1.32114,1.32117,1.32102,1.32102,663899993.8964844
2012-02-20 04:06:00,1.32104,1.32111,1.32103,1.32106,723899993.8964844
2012-02-20 04:07:00,1.32106,1.32106,1.321,1.32104,399399986.26708984
2012-02-20 04:08:00,1.32104,1.32114,1.32104,1.32114,609900016.784668
2012-02-20 04:09:00,1.32112,1.32116,1.32106,1.3211,682500000.0
2012-02-20 04:10:00,1.3211,1.32111,1.32103,1.32103,763600006.1035156
2012-02-20 04:11:00,1.32101,1.32104,1.32087,1.32093,772600021.3623047
2012-02-20 04:12:00,1.32092,1.32102,1.32082,1.32094,1349299926.7578125
2012-02-20 04:13:00,1.32094,1.321,1.32089,1.32092,843899993.8964844
2012-02-20 04:14:00,1.32092,1.321,1.32089,1.321,549900016.784668
2012-02-20 04:15:00,1.32099,1.3211,1.32098,1.32098,1023300018.3105469
2012-02-20 04:16:00,1.32098,1.32099,1.32083,1.32086,875000000.0
2012-02-20 04:17:00,1.32086,1.32092,1.32082,1.32092,693799972.5341797
2012-02-20 04:18:00,1.32092,1.32102,1.32092,1.321,658300018.3105469
2012-02-20 04:19:00,1.32099,1.32105,1.3209,1.32103,698700027.4658203
2012-02-20 04:20:00,1.32102,1.32107,1.32096,1.32096,660500030.5175781
2012-02-20 04:21:00,1.32095,1.321,1.32089,1.32093,150000000.0
2012-02-20 04:22:00,1.32093,1.32113,1.3209,1.32101,679599990.8447266
2012-02-20 04:23:00,1.32099,1.32117,1.32094,1.32099,1172300033.569336
2012-02-20 04:24:00,1.32099,1.32102,1.32082,1.3209,610499992.3706055
2012-02-20 04:25:00,1.3209,1.3209,1.3208,1.3208,195000000.0
2012-02-20 04:26:00,1.3208,1.3209,1.32079,1.3209,313500003.81469727
2012-02-20 04:27:00,1.32091,1.32102,1.32089,1.321,1024599990.8447266
2012-02-20 04:28:00,1.32105,1.32107,1.32092,1.32093,820000000.0
2012-02-20 04:29:00,1.32093,1.32099,1.32083,1.32091,1120299987.7929688
2012-02-20 04:30:00,1.32091,1.32095,1.3209,1.32095,297700004.5776367
2012-02-20 04:31:00,1.32093,1.32095,1.32081,1.32084,727699966.4306641
2012-02-20 04:32:00,1.32084,1.32086,1.32077,1.32078,626899986.2670898
2012-02-20 04:33:00,1.32079,1.32082,1.32079,1.3208,157500000.0
2012-02-20 04:34:00,1.32082,1.32089,1.32072,1.32072,1097699966.430664
2012-02-20 04:35:00,1.32072,1.32081,1.32069,1.32076,575099983.215332
2012-02-20 04:36:00,1.32076,1.32082,1.32071,1.32082,737099990.8447266
2012-02-20 04:37:00,1.32075,1.32086,1.32069,1.3207,1049400024.4140625
2012-02-20 04:38:00,1.3207,1.32079,1.32069,1.32074,519199981.6894531
2012-02-20 04:39:00,1.32074,1.32074,1.32058,1.3206,861900024.4140625
2012-02-20 04:40:00,1.32062,1.32076,1.32062,1.32071,378800010.68115234
2012-02-20 04:41:00,1.32071,1.32082,1.32067,1.3208,380200004.5776367
2012-02-20 04:42:00,1.32081,1.32081,1.32078,1.32079,195100002.28881836
2012-02-20 04:43:00,1.32079,1.32088,1.32079,1.32088,296800003.0517578
2012-02-20 04:44:00,1.3209,1.32091,1.32084,1.32084,316900005.3405762
2012-02-20 04:45:00,1.32084,1.32088,1.32083,1.32085,337500000.0
2012-02-20 04:46:00,1.32085,1.32093,1.32082,1.32093,369799995.4223633
2012-02-20 04:47:00,1.32093,1.32102,1.32092,1.32102,596699981.6894531
2012-02-20 04:48:00,1.32102,1.3211,1.32096,1.32104,1125100021.3623047
2012-02-20 04:49:00,1.32104,1.32112,1.3209,1.32095,1602799987.7929688
2012-02-20 04:50:00,1.32095,1.32101,1.3209,1.32096,957099990.8447266
2012-02-20 04:51:00,1.32098,1.32108,1.32093,1.32096,1256800003.0517578
2012-02-20 04:52:00,1.32097,1.32113,1.32094,1.32107,1281799926.7578125
2012-02-20 04:53:00,1.32107,1.3212,1.32107,1.32118,883300018.3105469
2012-02-20 04:54:00,1.32118,1.32118,1.32093,1.32098,866999969.4824219
2012-02-20 04:55:00,1.32098,1.32098,1.32091,1.32091,268999996.18530273
2012-02-20 04:56:00,1.32091,1.32096,1.3209,1.32093,1250800018.3105469
2012-02-20 04:57:00,1.32093,1.32098,1.32091,1.32096,588800010.6811523
2012-02-20 04:58:00,1.32097,1.32111,1.32078,1.32088,1181800003.0517578
2012-02-20 04:59:00,1.32091,1.32099,1.32089,1.32089,530699996.9482422
2012-02-20 05:00:00,1.3209,1.32099,1.32089,1.32094,896800003.0517578
2012-02-20 05:01:00,1.32094,1.32094,1.3208,1.32081,752300033.5693359
2012-02-20 05:02:00,1.32081,1.32085,1.32077,1.32083,529900016.78466797
2012-02-20 05:03:00,1.32083,1.32095,1.32083,1.32093,292500000.0
2012-02-20 05:04:00,1.32093,1.32112,1.32093,1.32101,1366900024.4140625
2012-02-20 05:05:00,1.32101,1.3212,1.32101,1.32106,886800003.0517578
2012-02-20 05:06:00,1.32106,1.32113,1.32102,1.32109,729599990.8447266
2012-02-20 05:07:00,1.32111,1.32114,1.32103,1.32109,607599983.215332
2012-02-20 05:08:00,1.32109,1.32117,1.32107,1.3211,397500000.0
2012-02-20 05:09:00,1.32108,1.32114,1.32105,1.32106,702500000.0
2012-02-20 05:10:00,1.32108,1.32115,1.32106,1.32113,526199989.31884766
2012-02-20 05:11:00,1.32116,1.32119,1.32111,1.32112,525099983.21533203
2012-02-20 05:12:00,1.32112,1.32116,1.32104,1.32104,695999984.7412109
2012-02-20 05:13:00,1.32104,1.32112,1.32101,1.32112,1029599990.8447266
2012-02-20 05:14:00,1.32112,1.32112,1.32098,1.32099,684899978.6376953
2012-02-20 05:15:00,1.32101,1.32105,1.32101,1.32103,487500000.0
2012-02-20 05:16:00,1.32106,1.32106,1.32099,1.32099,345000000.0
2012-02-20 05:17:00,1.321,1.32104,1.321,1.32103,465000000.0
2012-02-20 05:18:00,1.32103,1.32107,1.32101,1.32106,352599983.21533203
2012-02-20 05:19:00,1.32106,1.32108,1.32103,1.32104,385200004.5776367
2012-02-20 05:20:00,1.32101,1.32104,1.32098,1.32102,731699981.6894531
2012-02-20 05:21:00,1.32102,1.32109,1.321,1.32102,433199996.9482422
2012-02-20 05:22:00,1.32105,1.3211,1.32103,1.32106,421100006.1035156
2012-02-20 05:23:00,1.32109,1.32109,1.32101,1.32103,244099998.4741211
2012-02-20 05:24:00,1.32103,1.32112,1.32102,1.32108,227099990.84472656
2012-02-20 05:25:00,1.32108,1.32111,1.32104,1.32104,626500015.2587891
2012-02-20 05:26:00,1.32107,1.3211,1.32105,1.32107,390000000.0
2012-02-20 05:27:00,1.32107,1.3211,1.32104,1.32104,300000000.0
2012-02-20 05:28:00,1.32104,1.32111,1.32104,1.32104,247500000.0
2012-02-20 05:29:00,1.32104,1.32106,1.32097,1.32098,760699996.9482422
2012-02-20 05:30:00,1.32098,1.32105,1.32093,1.321,947500000.0
2012-02-20 05:31:00,1.32095,1.32103,1.32095,1.32103,475999984.74121094
2012-02-20 05:32:00,1.32105,1.32105,1.32088,1.32089,501100006.1035156
2012-02-20 05:33:00,1.32089,1.3209,1.32083,1.32084,444199981.6894531
2012-02-20 05:34:00,1.32085,1.32088,1.32081,1.32088,643399963.3789062
2012-02-20 05:35:00,1.32086,1.32086,1.3208,1.32081,631100006.1035156
2012-02-20 05:36:00,1.32083,1.32086,1.32079,1.32079,682600021.3623047
2012-02-20 05:37:00,1.32078,1.32079,1.32071,1.32072,605800018.3105469
2012-02-20 05:38:00,1.32072,1.32092,1.3207,1.32091,936999969.4824219
2012-02-20 05:39:00,1.32091,1.32101,1.32091,1.32099,830899963.3789062
2012-02-20 05:40:00,1.321,1.32108,1.321,1.32103,487500000.0
2012-02-20 05:41:00,1.32103,1.32108,1.32094,1.32098,986299972.5341797
2012-02-20 05:42:00,1.321,1.32105,1.32096,1.32103,472500000.0
2012-02-20 05:43:00,1.32102,1.32104,1.3209,1.32094,828799972.5341797
2012-02-20 05:44:00,1.32091,1.32099,1.3208,1.32098,1198499984.741211
2012-02-20 05:45:00,1.32095,1.32096,1.32092,1.32094,335800018.3105469
2012-02-20 05:46:00,1.32091,1.32108,1.32091,1.32099,870199966.4306641
2012-02-20 05:47:00,1.32099,1.321,1.32095,1.32099,315000000.0
2012-02-20 05:48:00,1.32101,1.3211,1.32101,1.32108,547500000.0
2012-02-20 05:49:00,1.32105,1.32108,1.32094,1.32103,1114800033.569336
2012-02-20 05:50:00,1.32103,1.32111,1.32103,1.32108,430900001.5258789
2012-02-20 05:51:00,1.32108,1.32108,1.32101,1.32103,172500000.0
2012-02-20 05:52:00,1.32103,1.32103,1.32098,1.32098,420000000.0
2012-02-20 05:53:00,1.32099,1.32112,1.32099,1.321,628300018.3105469
2012-02-20 05:54:00,1.32102,1.32122,1.32102,1.3212,1581199951.171875
2012-02-20 05:55:00,1.32118,1.32118,1.32099,1.32103,1273399963.3789062
2012-02-20 05:56:00,1.32103,1.32103,1.32078,1.32085,1027200012.2070312
2012-02-20 05:57:00,1.32084,1.32098,1.32072,1.32096,1573399963.3789062
2012-02-20 05:58:00,1.32096,1.32099,1.3209,1.32092,954899978.6376953
2012-02-20 05:59:00,1.32092,1.321,1.3209,1.32094,579700012.2070312
2012-02-20 06:00:00,1.32094,1.32094,1.32069,1.32076,1906900024.4140625
2012-02-20 06:01:00,1.32076,1.32087,1.32075,1.3208,572299995.4223633
2012-02-20 06:02:00,1.32078,1.3209,1.32077,1.32087,737200012.2070312
2012-02-20 06:03:00,1.32089,1.32091,1.32078,1.32088,1056600036.6210938
2012-02-20 06:04:00,1.32088,1.32098,1.32088,1.32094,518300018.3105469
2012-02-20 06:05:00,1.32091,1.32098,1.3209,1.32093,496599998.4741211
2012-02-20 06:06:00,1.32093,1.32098,1.32091,1.32098,744000015.2587891
2012-02-20 06:07:00,1.32093,1.32098,1.32092,1.32093,260699996.9482422
2012-02-20 06:08:00,1.32093,1.32102,1.32087,1.32092,904899978.6376953
2012-02-20 06:09:00,1.3209,1.32096,1.3209,1.32093,724000015.2587891
2012-02-20 06:10:00,1.32094,1.32103,1.32091,1.32103,888899993.8964844
2012-02-20 06:11:00,1.32103,1.32103,1.3209,1.32098,1070299987.7929688
2012-02-20 06:12:00,1.32098,1.321,1.32097,1.32097,501399993.8964844
2012-02-20 06:13:00,1.321,1.32108,1.32097,1.32098,450499992.37060547
2012-02-20 06:14:00,1.32097,1.321,1.32091,1.32094,734400024.4140625
2012-02-20 06:15:00,1.32094,1.32099,1.32093,1.32095,311499996.18530273
2012-02-20 06:16:00,1.32094,1.32099,1.32091,1.32092,569500007.6293945
2012-02-20 06:17:00,1.3209,1.32091,1.32065,1.32068,1049700012.2070312
2012-02-20 06:18:00,1.32069,1.32081,1.32069,1.32077,836399993.8964844
2012-02-20 06:19:00,1.32078,1.32101,1.32075,1.321,885199966.4306641
2012-02-20 06:20:00,1.321,1.32104,1.32091,1.321,875100021.3623047
2012-02-20 06:21:00,1.321,1.32102,1.32096,1.32102,153800001.14440918
2012-02-20 06:22:00,1.32097,1.32112,1.32097,1.32106,799000015.2587891
2012-02-20 06:23:00,1.32109,1.3212,1.32105,1.3211,1096100006.1035156
2012-02-20 06:24:00,1.32115,1.32115,1.32107,1.32115,576599998.4741211
2012-02-20 06:25:00,1.32115,1.32123,1.32113,1.32118,778199996.9482422
2012-02-20 06:26:00,1.32118,1.32146,1.32118,1.32146,1895500030.5175781
2012-02-20 06:27:00,1.32149,1.32154,1.32117,1.32117,1258300018.3105469
2012-02-20 06:28:00,1.32119,1.32146,1.32119,1.32138,1477299957.2753906
2012-02-20 06:29:00,1.32139,1.32142,1.32117,1.32117,1303899993.8964844
2012-02-20 06:30:00,1.32117,1.32124,1.32106,1.32106,2024799957.2753906
2012-02-20 06:31:00,1.32107,1.32118,1.32107,1.32112,776299972.5341797
2012-02-20 06:32:00,1.3211,1.32112,1.32106,1.3211,708300018.3105469
2012-02-20 06:33:00,1.3211,1.3211,1.3209,1.32103,1112099990.8447266
2012-02-20 06:34:00,1.32105,1.32114,1.32105,1.32111,513800010.68115234
2012-02-20 06:35:00,1.32111,1.32114,1.32108,1.32108,667099990.8447266
2012-02-20 06:36:00,1.3211,1.32125,1.32108,1.32121,416100006.1035156
2012-02-20 06:37:00,1.32122,1.3213,1.32117,1.32119,649899978.6376953
2012-02-20 06:38:00,1.32119,1.32119,1.32112,1.32119,547500000.0
2012-02-20 06:39:00,1.32119,1.32121,1.32115,1.32117,685400009.1552734
2012-02-20 06:40:00,1.32117,1.32132,1.32116,1.32125,760400009.1552734
2012-02-20 06:41:00,1.32123,1.32125,1.32116,1.32121,796299972.5341797
2012-02-20 06:42:00,1.32118,1.32142,1.32117,1.32137,956600036.6210938
2012-02-20 06:43:00,1.32139,1.32143,1.32131,1.32137,1117900009.1552734
2012-02-20 06:44:00,1.32137,1.32142,1.3213,1.32135,1058899993.8964844
2012-02-20 06:45:00,1.32135,1.32184,1.32135,1.3217,1931399993.8964844
2012-02-20 06:46:00,1.3217,1.32189,1.32168,1.32171,2141699981.6894531
2012-02-20 06:47:00,1.32171,1.32174,1.32148,1.32148,1088399963.3789062
2012-02-20 06:48:00,1.32146,1.32146,1.32132,1.3214,1305000000.0
2012-02-20 06:49:00,1.3214,1.3215,1.32137,1.32137,1328999938.9648438
2012-02-20 06:50:00,1.32137,1.32143,1.32132,1.32138,718000030.5175781
2012-02-20 06:51:00,1.32138,1.3214,1.32134,1.32139,349799995.4223633
2012-02-20 06:52:00,1.32136,1.32138,1.32103,1.32115,1110400009.1552734
2012-02-20 06:53:00,1.32115,1.32124,1.32108,1.32112,928099975.5859375
2012-02-20 06:54:00,1.32109,1.32112,1.32108,1.32108,549700012.2070312
2012-02-20 06:55:00,1.32108,1.32108,1.32091,1.32091,1085599975.5859375
2012-02-20 06:56:00,1.32091,1.32102,1.32088,1.32102,908399963.3789062
2012-02-20 06:57:00,1.32102,1.32114,1.32102,1.32105,1081299972.5341797
2012-02-20 06:58:00,1.32105,1.32113,1.3209,1.32091,1610299987.7929688
2012-02-20 06:59:00,1.32089,1.32105,1.32081,1.32101,1311900024.4140625
2012-02-20 07:00:00,1.32099,1.32115,1.32097,1.32101,2129199981.6894531
2012-02-20 07:01:00,1.32098,1.32115,1.32095,1.32104,1988800048.828125
2012-02-20 07:02:00,1.32102,1.32109,1.32095,1.32109,1703800048.828125
2012-02-20 07:03:00,1.32109,1.32109,1.32078,1.32084,1567100067.1386719
2012-02-20 07:04:00,1.32083,1.32098,1.32079,1.32088,1728200073.2421875
2012-02-20 07:05:00,1.32088,1.32114,1.32088,1.3211,1563399963.3789062
2012-02-20 07:06:00,1.3211,1.32127,1.32107,1.32127,1392799987.7929688
2012-02-20 07:07:00,1.32124,1.32134,1.3211,1.32112,1782599945.0683594
2012-02-20 07:08:00,1.32112,1.3212,1.32109,1.32117,1221200027.4658203
2012-02-20 07:09:00,1.32117,1.32122,1.32113,1.32119,985199966.4306641
2012-02-20 07:10:00,1.32117,1.32126,1.32115,1.32125,834100036.6210938
2012-02-20 07:11:00,1.32125,1.32125,1.32114,1.32117,1090800018.3105469
2012-02-20 07:12:00,1.32117,1.32118,1.32098,1.32105,1605000000.0
2012-02-20 07:13:00,1.32105,1.32111,1.321,1.32108,1316399993.8964844
2012-02-20 07:14:00,1.32109,1.3212,1.32106,1.32106,1386100006.1035156
2012-02-20 07:15:00,1.32105,1.32105,1.3205,1.32054,2175099945.0683594
2012-02-20 07:16:00,1.32054,1.32076,1.3202,1.32037,2864899902.34375
2012-02-20 07:17:00,1.32037,1.32043,1.3202,1.3203,2081300048.828125
2012-02-20 07:18:00,1.3203,1.32057,1.3201,1.32038,2572300109.8632812
2012-02-20 07:19:00,1.32033,1.32033,1.31985,1.31988,2100099945.0683594
2012-02-20 07:20:00,1.31986,1.32013,1.31982,1.32004,1752100067.1386719
2012-02-20 07:21:00,1.32004,1.3202,1.31991,1.32008,2193600006.1035156
2012-02-20 07:22:00,1.32006,1.3204,1.31992,1.32032,1963000030.5175781
2012-02-20 07:23:00,1.32034,1.32034,1.31928,1.31937,2168800048.828125
2012-02-20 07:24:00,1.31939,1.31939,1.31922,1.31924,2518300018.310547
2012-02-20 07:25:00,1.31928,1.31954,1.31924,1.31942,2408399963.3789062
2012-02-20 07:26:00,1.31942,1.31946,1.31928,1.3194,1371699981.6894531
2012-02-20 07:27:00,1.31941,1.31944,1.31898,1.31929,2299299926.7578125
2012-02-20 07:28:00,1.31929,1.31943,1.31918,1.31923,1950500030.5175781
2012-02-20 07:29:00,1.31924,1.31963,1.31917,1.31963,1606799926.7578125
2012-02-20 07:30:00,1.31963,1.31963,1.31945,1.31948,1178099975.5859375
2012-02-20 07:31:00,1.31948,1.31981,1.31935,1.31975,2920700073.2421875
2012-02-20 07:32:00,1.31975,1.31984,1.31943,1.3195,2118899993.8964844
2012-02-20 07:33:00,1.3195,1.31956,1.3194,1.31951,1774400024.4140625
2012-02-20 07:34:00,1.31951,1.31973,1.31951,1.31962,1615599975.5859375
2012-02-20 07:35:00,1.31962,1.32004,1.31962,1.32004,1563999938.9648438
2012-02-20 07:36:00,1.32002,1.32002,1.31968,1.31985,1988399963.3789062
2012-02-20 07:37:00,1.31985,1.31994,1.31973,1.31973,1845399932.8613281
2012-02-20 07:38:00,1.31973,1.32006,1.31973,1.32002,2305800018.310547
2012-02-20 07:39:00,1.32004,1.32011,1.31972,1.31978,2061199951.171875
2012-02-20 07:40:00,1.31978,1.31996,1.31978,1.31986,1916499938.9648438
2012-02-20 07:41:00,1.31991,1.32022,1.31979,1.31979,2984700012.2070312
2012-02-20 07:42:00,1.31978,1.3198,1.31952,1.31969,2303999938.9648438
2012-02-20 07:43:00,1.31969,1.31988,1.31958,1.31988,2052299957.2753906
2012-02-20 07:44:00,1.3199,1.32002,1.31988,1.31997,1762899932.8613281
2012-02-20 07:45:00,1.31997,1.32032,1.31997,1.3202,2434199981.689453
2012-02-20 07:46:00,1.32019,1.32021,1.32006,1.32014,1808600006.1035156
2012-02-20 07:47:00,1.32016,1.32042,1.32012,1.32024,2370500030.517578
2012-02-20 07:48:00,1.32023,1.32034,1.32012,1.32018,2022599945.0683594
2012-02-20 07:49:00,1.32018,1.32021,1.32013,1.3202,1689400024.4140625
2012-02-20 07:50:00,1.3202,1.32026,1.31985,1.31989,1860899963.3789062
2012-02-20 07:51:00,1.3199,1.32001,1.3199,1.31998,1417899932.8613281
2012-02-20 07:52:00,1.31998,1.31998,1.31976,1.31992,1898200073.2421875
2012-02-20 07:53:00,1.31992,1.32002,1.31983,1.31984,1920599975.5859375
2012-02-20 07:54:00,1.31985,1.32008,1.31985,1.32003,1939499969.4824219
2012-02-20 07:55:00,1.32003,1.32018,1.32001,1.32008,805500030.5175781
2012-02-20 07:56:00,1.32008,1.32013,1.32003,1.32006,1134899978.6376953
2012-02-20 07:57:00,1.32006,1.32006,1.31979,1.31982,1318800048.828125
2012-02-20 07:58:00,1.31982,1.31982,1.31959,1.3197,1282599945.0683594
2012-02-20 07:59:00,1.31969,1.3197,1.3193,1.31944,2380099945.0683594
2012-02-20 08:00:00,1.31946,1.31954,1.31874,1.31891,2778599853.515625
2012-02-20 08:01:00,1.31893,1.31929,1.31893,1.31925,2010399932.8613281
2012-02-20 08:02:00,1.31925,1.31947,1.31923,1.31942,1658300018.3105469
2012-02-20 08:03:00,1.31945,1.31952,1.31911,1.31912,2584100036.6210938
2012-02-20 08:04:00,1.31914,1.31916,1.31872,1.31879,2374700012.2070312
2012-02-20 08:05:00,1.31876,1.31905,1.31865,1.31883,2715799865.7226562
2012-02-20 08:06:00,1.31879,1.3191,1.31879,1.31894,2833200073.2421875
2012-02-20 08:07:00,1.31893,1.31899,1.31871,1.31872,2554900054.9316406
2012-02-20 08:08:00,1.31875,1.31886,1.31864,1.31881,2523800048.828125
2012-02-20 08:09:00,1.31881,1.31886,1.31852,1.31855,2653800048.828125
2012-02-20 08:10:00,1.31858,1.31867,1.31856,1.3186,2027899932.8613281
2012-02-20 08:11:00,1.3186,1.31862,1.31823,1.31838,2703099975.5859375
2012-02-20 08:12:00,1.31838,1.31875,1.31836,1.31873,2440200042.7246094
2012-02-20 08:13:00,1.31873,1.31923,1.31871,1.31907,2662099914.5507812
2012-02-20 08:14:00,1.31907,1.31927,1.31902,1.31927,3482900085.4492188
2012-02-20 08:15:00,1.31927,1.31951,1.31927,1.31949,3096600036.6210938
2012-02-20 08:16:00,1.31946,1.31948,1.31905,1.31936,2634100036.6210938
2012-02-20 08:17:00,1.31937,1.31945,1.31924,1.31924,2232500000.0
2012-02-20 08:18:00,1.31924,1.3193,1.31898,1.31901,2068600006.1035156
2012-02-20 08:19:00,1.31901,1.3194,1.31901,1.31939,2597600097.65625
2012-02-20 08:20:00,1.31939,1.31948,1.31912,1.31928,3255000000.0
2012-02-20 08:21:00,1.31929,1.31941,1.31912,1.31914,2590000000.0
2012-02-20 08:22:00,1.31913,1.31913,1.31882,1.31897,2677000122.0703125
2012-02-20 08:23:00,1.31896,1.31915,1.31889,1.31892,2174799957.2753906
2012-02-20 08:24:00,1.31894,1.31901,1.3187,1.31879,2013899993.8964844
2012-02-20 08:25:00,1.31879,1.31896,1.31876,1.31885,2460500030.517578
2012-02-20 08:26:00,1.31884,1.31907,1.31881,1.31898,2045399932.8613281
2012-02-20 08:27:00,1.31899,1.31917,1.31897,1.31916,2308200073.2421875
2012-02-20 08:28:00,1.31916,1.31941,1.31915,1.31941,2325000000.0
2012-02-20 08:29:00,1.31939,1.3194,1.31911,1.31931,2562699890.1367188
2012-02-20 08:30:00,1.31932,1.3196,1.31929,1.31943,2353099975.5859375
2012-02-20 08:31:00,1.31943,1.31947,1.31938,1.31941,1895700073.2421875
2012-02-20 08:32:00,1.31941,1.31996,1.3194,1.31983,2537500000.0
2012-02-20 08:33:00,1.31983,1.31989,1.31971,1.31975,2562399902.34375
2012-02-20 08:34:00,1.31975,1.31977,1.31945,1.31945,2372500000.0
2012-02-20 08:35:00,1.31945,1.31945,1.31918,1.31927,1885800018.3105469
2012-02-20 08:36:00,1.31926,1.31935,1.31911,1.31916,1646100006.1035156
2012-02-20 08:37:00,1.31916,1.31926,1.31915,1.31916,1570399932.8613281
2012-02-20 08:38:00,1.31916,1.31935,1.319,1.31918,2658800048.828125
2012-02-20 08:39:00,1.3192,1.31934,1.31912,1.31921,1790200042.7246094
2012-02-20 08:40:00,1.31921,1.31921,1.31902,1.31912,1354499969.4824219
2012-02-20 08:41:00,1.3191,1.31931,1.3191,1.31928,1691499938.9648438
2012-02-20 08:42:00,1.31926,1.31932,1.31919,1.31932,1549299926.7578125
2012-02-20 08:43:00,1.31932,1.31943,1.31916,1.31922,1793300018.3105469
2012-02-20 08:44:00,1.31922,1.31933,1.31903,1.31933,1802400054.9316406
2012-02-20 08:45:00,1.31934,1.31958,1.31932,1.31938,2250299987.7929688
2012-02-20 08:46:00,1.31936,1.31944,1.31927,1.31934,1879100036.6210938
2012-02-20 08:47:00,1.31934,1.31942,1.3192,1.31937,2210200042.7246094
2012-02-20 08:48:00,1.31937,1.31951,1.3193,1.31947,1765299987.7929688
2012-02-20 08:49:00,1.31947,1.3195,1.31923,1.31927,1975399932.8613281
2012-02-20 08:50:00,1.31927,1.3193,1.31922,1.31926,1670800018.3105469
2012-02-20 08:51:00,1.31926,1.31953,1.31924,1.31944,1611199951.171875
2012-02-20 08:52:00,1.31942,1.31951,1.31931,1.31949,1603500061.0351562
2012-02-20 08:53:00,1.31949,1.31959,1.31933,1.31952,2075200042.7246094
2012-02-20 08:54:00,1.31959,1.31961,1.31939,1.31947,1891799926.7578125
2012-02-20 08:55:00,1.31949,1.31958,1.31939,1.31945,2128099975.5859375
2012-02-20 08:56:00,1.31943,1.31943,1.31911,1.31914,1847100067.1386719
2012-02-20 08:57:00,1.31912,1.3193,1.31912,1.31921,2030099945.0683594
2012-02-20 08:58:00,1.31921,1.31952,1.31921,1.31952,2417799987.7929688
2012-02-20 08:59:00,1.31953,1.31974,1.31953,1.31967,2196900024.4140625
2012-02-20 09:00:00,1.31971,1.32021,1.31971,1.32009,3642900085.4492188
2012-02-20 09:01:00,1.3201,1.32052,1.3201,1.32051,2386699981.689453
2012-02-20 09:02:00,1.32051,1.32051,1.32021,1.32021,2949800109.8632812
2012-02-20 09:03:00,1.32022,1.32038,1.32018,1.32029,2002599945.0683594
2012-02-20 09:04:00,1.3203,1.32041,1.32028,1.32038,1085100021.3623047
2012-02-20 09:05:00,1.32038,1.32069,1.32038,1.32048,2651600036.6210938
2012-02-20 09:06:00,1.32048,1.32059,1.32038,1.32049,1980500030.5175781
2012-02-20 09:07:00,1.32049,1.32071,1.32047,1.32071,2473800048.828125
2012-02-20 09:08:00,1.32071,1.32086,1.32059,1.32085,3303800048.828125
2012-02-20 09:09:00,1.32085,1.32091,1.32075,1.3209,2296300048.828125
2012-02-20 09:10:00,1.3209,1.32092,1.32083,1.32092,1997599945.0683594
2012-02-20 09:11:00,1.32096,1.32106,1.32093,1.32102,2077400054.9316406
2012-02-20 09:12:00,1.32102,1.32111,1.32085,1.32099,2063300018.3105469
2012-02-20 09:13:00,1.32099,1.32113,1.3209,1.32103,2287400054.9316406
2012-02-20 09:14:00,1.32103,1.32131,1.32097,1.32131,2267599945.0683594
2012-02-20 09:15:00,1.32132,1.32201,1.32132,1.32191,3773999938.9648438
2012-02-20 09:16:00,1.32191,1.32191,1.32167,1.32169,2203899993.8964844
2012-02-20 09:17:00,1.32168,1.32186,1.32149,1.3218,2781400146.484375
2012-02-20 09:18:00,1.32179,1.32202,1.32178,1.32192,2210099945.0683594
2012-02-20 09:19:00,1.32192,1.32197,1.32178,1.3218,1788800048.828125
2012-02-20 09:20:00,1.32182,1.32182,1.32121,1.3214,2060399932.8613281
2012-02-20 09:21:00,1.32142,1.3216,1.32125,1.32126,2468899993.8964844
2012-02-20 09:22:00,1.32125,1.32162,1.32112,1.32162,2819400024.4140625
2012-02-20 09:23:00,1.32162,1.32202,1.32151,1.32191,2470599975.5859375
2012-02-20 09:24:00,1.32189,1.32201,1.32177,1.32178,2686199951.171875
2012-02-20 09:25:00,1.32177,1.32183,1.32163,1.32181,2805000000.0
2012-02-20 09:26:00,1.32181,1.32183,1.32156,1.32159,2038200073.2421875
2012-02-20 09:27:00,1.32158,1.32163,1.32133,1.32156,1825599975.5859375
2012-02-20 09:28:00,1.32154,1.32155,1.32139,1.3215,2108500061.0351562
2012-02-20 09:29:00,1.32153,1.32168,1.32141,1.32168,1556399993.8964844
2012-02-20 09:30:00,1.32171,1.3219,1.32154,1.32157,2650799865.7226562
2012-02-20 09:31:00,1.3216,1.32185,1.32154,1.32163,1807500000.0
2012-02-20 09:32:00,1.32162,1.32162,1.32151,1.32154,2147899932.861328
2012-02-20 09:33:00,1.32154,1.32169,1.32151,1.32157,1484700012.2070312
2012-02-20 09:34:00,1.32157,1.32168,1.32151,1.32151,1465599975.5859375
2012-02-20 09:35:00,1.3215,1.32169,1.32148,1.32153,2479799957.2753906
2012-02-20 09:36:00,1.32153,1.32162,1.32148,1.32158,1537799987.7929688
2012-02-20 09:37:00,1.32158,1.32159,1.32132,1.32146,1880000000.0
2012-02-20 09:38:00,1.32144,1.32158,1.32144,1.3215,1657500000.0
2012-02-20 09:39:00,1.3215,1.32157,1.32147,1.32157,1020899963.3789062
2012-02-20 09:40:00,1.32157,1.32157,1.32138,1.32148,1473099975.5859375
2012-02-20 09:41:00,1.32149,1.3218,1.32149,1.32156,1681600036.6210938
2012-02-20 09:42:00,1.32156,1.32177,1.32145,1.32171,1981100006.1035156
2012-02-20 09:43:00,1.32169,1.3218,1.32148,1.3215,1841399993.8964844
2012-02-20 09:44:00,1.32148,1.32166,1.32148,1.32152,1472500000.0
2012-02-20 09:45:00,1.32152,1.32165,1.3214,1.32158,1724900054.9316406
2012-02-20 09:46:00,1.32158,1.32161,1.32144,1.32149,1666399993.8964844
2012-02-20 09:47:00,1.32149,1.32158,1.32142,1.32145,1151699981.6894531
2012-02-20 09:48:00,1.32145,1.3218,1.32141,1.32179,2016300048.828125
2012-02-20 09:49:00,1.32179,1.32233,1.32169,1.32225,4071600036.6210938
2012-02-20 09:50:00,1.32219,1.32243,1.32215,1.32238,2582399902.34375
2012-02-20 09:51:00,1.32238,1.32291,1.32238,1.3229,2897300109.8632812
2012-02-20 09:52:00,1.32288,1.32288,1.32258,1.32262,2657300109.8632812
2012-02-20 09:53:00,1.32262,1.32268,1.32251,1.32253,2026699981.6894531
2012-02-20 09:54:00,1.32252,1.32263,1.32252,1.32259,1350000000.0
2012-02-20 09:55:00,1.32259,1.3227,1.3224,1.32245,2024600067.1386719
2012-02-20 09:56:00,1.32245,1.32245,1.32215,1.32219,2087799987.7929688
2012-02-20 09:57:00,1.3222,1.32235,1.32213,1.32217,1950899963.3789062
2012-02-20 09:58:00,1.32217,1.32232,1.32207,1.32225,2183800048.828125
2012-02-20 09:59:00,1.32224,1.32224,1.3219,1.32213,2497899932.861328
2012-02-20 10:00:00,1.32214,1.32221,1.32185,1.32186,2697399902.34375
2012-02-20 10:01:00,1.32186,1.32203,1.3218,1.32189,2412500000.0
2012-02-20 10:02:00,1.32189,1.32189,1.32171,1.32187,1481100006.1035156
2012-02-20 10:03:00,1.32189,1.32197,1.32178,1.3219,2659700012.2070312
2012-02-20 10:04:00,1.3219,1.322,1.32188,1.32193,1999799957.2753906
2012-02-20 10:05:00,1.32191,1.32202,1.32185,1.322,1894299926.7578125
2012-02-20 10:06:00,1.322,1.32261,1.32191,1.32243,3733900146.484375
2012-02-20 10:07:00,1.32243,1.32264,1.32222,1.32235,3153299865.7226562
2012-02-20 10:08:00,1.32235,1.32254,1.322,1.322,2346499938.9648438
2012-02-20 10:09:00,1.322,1.32209,1.32166,1.3217,2043300018.3105469
2012-02-20 10:10:00,1.32168,1.32169,1.32117,1.32124,2665899963.3789062
2012-02-20 10:11:00,1.32123,1.32124,1.32091,1.32121,2635499877.9296875
2012-02-20 10:12:00,1.32121,1.32135,1.32066,1.32067,2821900024.4140625
2012-02-20 10:13:00,1.32068,1.32088,1.32068,1.32087,2636400146.484375
2012-02-20 10:14:00,1.32087,1.32089,1.32065,1.32072,1834700012.2070312
2012-02-20 10:15:00,1.32072,1.32104,1.32072,1.32098,1759400024.4140625
2012-02-20 10:16:00,1.32102,1.32105,1.32083,1.32084,2111199951.171875
2012-02-20 10:17:00,1.32089,1.32112,1.32087,1.32109,2256600036.6210938
2012-02-20 10:18:00,1.32109,1.32129,1.32109,1.32117,2303500061.0351562
2012-02-20 10:19:00,1.32119,1.32145,1.32117,1.32137,2105000000.0
2012-02-20 10:20:00,1.32137,1.32154,1.32129,1.32147,2414799957.2753906
2012-02-20 10:21:00,1.32147,1.32174,1.32141,1.32169,3034899902.34375
2012-02-20 10:22:00,1.32171,1.32181,1.32153,1.32181,1786300048.828125
2012-02-20 10:23:00,1.32182,1.32193,1.32165,1.32165,2093899993.8964844
2012-02-20 10:24:00,1.32162,1.32182,1.32161,1.32176,2653599853.515625
2012-02-20 10:25:00,1.32177,1.32177,1.32149,1.32155,2140599975.5859375
2012-02-20 10:26:00,1.32155,1.32162,1.32143,1.32155,2012899932.8613281
2012-02-20 10:27:00,1.32155,1.32169,1.32143,1.32158,2622500000.0
2012-02-20 10:28:00,1.32156,1.32163,1.32152,1.32155,1576699981.6894531
2012-02-20 10:29:00,1.32155,1.32173,1.32155,1.32166,1208499984.741211
2012-02-20 10:30:00,1.32166,1.32184,1.32154,1.32162,1973699951.171875
2012-02-20 10:31:00,1.32161,1.3221,1.3216,1.32209,2053899993.8964844
2012-02-20 10:32:00,1.32209,1.32253,1.32208,1.32253,2349199981.689453
2012-02-20 10:33:00,1.32253,1.32287,1.32253,1.32266,2975100097.65625
2012-02-20 10:34:00,1.32262,1.32288,1.32251,1.32288,2303899993.8964844
2012-02-20 10:35:00,1.32287,1.32309,1.3226,1.32296,2848900146.484375
2012-02-20 10:36:00,1.32296,1.32297,1.32271,1.32272,2026100006.1035156
2012-02-20 10:37:00,1.3227,1.32279,1.32256,1.32257,1745200042.7246094
2012-02-20 10:38:00,1.32261,1.32263,1.3224,1.32248,1682599945.0683594
2012-02-20 10:39:00,1.32248,1.32248,1.3222,1.32228,1195400009.1552734
2012-02-20 10:40:00,1.32228,1.32252,1.32226,1.32239,2046900024.4140625
2012-02-20 10:41:00,1.32236,1.32262,1.32218,1.32252,2892099914.5507812
2012-02-20 10:42:00,1.32254,1.32281,1.32253,1.32281,1970200042.7246094
2012-02-20 10:43:00,1.32285,1.32288,1.3225,1.32254,2625000000.0
2012-02-20 10:44:00,1.32254,1.32263,1.3223,1.32239,2495200042.7246094
2012-02-20 10:45:00,1.32242,1.32271,1.32238,1.32258,2478200073.2421875
2012-02-20 10:46:00,1.32258,1.32265,1.32248,1.32262,2256000061.0351562
2012-02-20 10:47:00,1.32262,1.32266,1.32253,1.32262,2014400024.4140625
2012-02-20 10:48:00,1.32269,1.32274,1.32236,1.32239,2486199951.171875
2012-02-20 10:49:00,1.32239,1.32271,1.32237,1.32269,2781700134.2773438
2012-02-20 10:50:00,1.32269,1.32271,1.32248,1.32268,1606100006.1035156
2012-02-20 10:51:00,1.32268,1.32313,1.32268,1.323,2629299926.7578125
2012-02-20 10:52:00,1.32302,1.32336,1.32302,1.32314,2693200073.2421875
2012-02-20 10:53:00,1.32314,1.32314,1.32292,1.32302,1836300048.828125
2012-02-20 10:54:00,1.323,1.3233,1.32293,1.32324,2599100036.6210938
2012-02-20 10:55:00,1.32323,1.32323,1.32279,1.32294,2537899932.861328
2012-02-20 10:56:00,1.32291,1.32307,1.32289,1.32293,3513699951.171875
2012-02-20 10:57:00,1.32291,1.32302,1.32278,1.32278,2036300048.828125
2012-02-20 10:58:00,1.32279,1.32301,1.32279,1.32301,2068899993.8964844
2012-02-20 10:59:00,1.32299,1.32343,1.32296,1.32343,2341600036.6210938
2012-02-20 11:00:00,1.32343,1.3245,1.3233,1.32449,3821400146.484375
2012-02-20 11:01:00,1.3245,1.3247,1.32446,1.32451,3633299865.7226562
2012-02-20 11:02:00,1.32449,1.32458,1.32432,1.32441,3058099975.5859375
2012-02-20 11:03:00,1.32444,1.32479,1.32444,1.32453,2572999877.9296875
2012-02-20 11:04:00,1.32456,1.32506,1.32442,1.32504,2295700073.2421875
2012-02-20 11:05:00,1.32504,1.32545,1.32484,1.32545,3623999938.9648438
2012-02-20 11:06:00,1.32544,1.32602,1.32544,1.32602,4325799865.722656
2012-02-20 11:07:00,1.32598,1.32604,1.32578,1.32604,3083900146.484375
2012-02-20 11:08:00,1.32604,1.32646,1.32596,1.32621,3866799926.7578125
2012-02-20 11:09:00,1.32622,1.32629,1.32597,1.32599,2153300018.310547
2012-02-20 11:10:00,1.32598,1.32606,1.3259,1.32599,1792599945.0683594
2012-02-20 11:11:00,1.32599,1.32617,1.3259,1.3259,2400000000.0
2012-02-20 11:12:00,1.32589,1.32591,1.32558,1.32558,2062599945.0683594
2012-02-20 11:13:00,1.32559,1.32588,1.32557,1.32586,1974799957.2753906
2012-02-20 11:14:00,1.32582,1.32611,1.3257,1.32576,3072399902.34375
2012-02-20 11:15:00,1.32576,1.32583,1.32556,1.32564,2653500061.0351562
2012-02-20 11:16:00,1.3256,1.32577,1.32559,1.32569,2006999969.4824219
2012-02-20 11:17:00,1.32569,1.32569,1.3254,1.32547,2388899993.8964844
2012-02-20 11:18:00,1.32542,1.32546,1.32538,1.3254,1671600036.6210938
2012-02-20 11:19:00,1.32538,1.3258,1.32537,1.32571,3330799865.7226562
2012-02-20 11:20:00,1.3257,1.32576,1.32561,1.32567,1956399993.8964844
2012-02-20 11:21:00,1.32568,1.32572,1.32551,1.32565,2478500061.0351562
2012-02-20 11:22:00,1.32565,1.32573,1.32552,1.3256,2472100067.138672
2012-02-20 11:23:00,1.32562,1.32592,1.32559,1.32591,2100399932.8613281
2012-02-20 11:24:00,1.32591,1.3262,1.32586,1.32619,2534400024.4140625
2012-02-20 11:25:00,1.32619,1.3262,1.32598,1.32603,2065500030.5175781
2012-02-20 11:26:00,1.32603,1.32631,1.32583,1.32631,2217400054.9316406
2012-02-20 11:27:00,1.32633,1.32672,1.32625,1.32655,3041300048.828125
2012-02-20 11:28:00,1.32655,1.32657,1.3264,1.3265,1992200012.2070312
2012-02-20 11:29:00,1.3265,1.32659,1.3265,1.32652,1489900054.9316406
2012-02-20 11:30:00,1.32652,1.32655,1.3264,1.32652,1276399993.8964844
2012-02-20 11:31:00,1.32652,1.32652,1.3263,1.32637,1550500030.5175781
2012-02-20 11:32:00,1.32637,1.32663,1.32633,1.32662,1903500061.0351562
2012-02-20 11:33:00,1.32663,1.3272,1.32663,1.32719,3642099914.5507812
2012-02-20 11:34:00,1.32719,1.32734,1.32713,1.32714,2028600006.1035156
2012-02-20 11:35:00,1.32714,1.32724,1.32708,1.32713,1926199951.171875
2012-02-20 11:36:00,1.32713,1.32713,1.327,1.32703,1873800048.828125
2012-02-20 11:37:00,1.32703,1.32704,1.3268,1.32683,1984600067.1386719
2012-02-20 11:38:00,1.32684,1.32743,1.32675,1.32741,2917500000.0
2012-02-20 11:39:00,1.32742,1.32748,1.32719,1.32719,2489100036.6210938
2012-02-20 11:40:00,1.32719,1.32728,1.32718,1.32727,1546199951.171875
2012-02-20 11:41:00,1.32727,1.32728,1.32706,1.32725,2757699890.1367188
2012-02-20 11:42:00,1.32726,1.32726,1.32677,1.32677,2113399963.3789062
2012-02-20 11:43:00,1.32677,1.3269,1.32677,1.3268,1821799926.7578125
2012-02-20 11:44:00,1.32684,1.32711,1.32682,1.32698,1840399932.8613281
2012-02-20 11:45:00,1.32697,1.32704,1.32679,1.32689,2288500061.0351562
2012-02-20 11:46:00,1.32689,1.32695,1.32668,1.32671,2458800048.828125
2012-02-20 11:47:00,1.32671,1.32681,1.32655,1.32667,2157899932.861328
2012-02-20 11:48:00,1.32667,1.32679,1.32658,1.32668,1829700012.2070312
2012-02-20 11:49:00,1.32669,1.3267,1.32655,1.32658,1782799987.7929688
2012-02-20 11:50:00,1.3266,1.32665,1.32653,1.32654,1767400054.9316406
2012-02-20 11:51:00,1.32654,1.32668,1.3265,1.32665,1364600067.1386719
2012-02-20 11:52:00,1.32665,1.32671,1.32658,1.32669,2956499938.9648438
2012-02-20 11:53:00,1.32669,1.32692,1.32667,1.32687,1897400054.9316406
2012-02-20 11:54:00,1.32687,1.32703,1.3268,1.32686,2663500061.0351562
2012-02-20 11:55:00,1.32688,1.32689,1.32668,1.32679,1636399993.8964844
2012-02-20 11:56:00,1.32679,1.32679,1.32654,1.3266,3150100097.65625
2012-02-20 11:57:00,1.32662,1.32662,1.32637,1.32645,2205700073.2421875
2012-02-20 11:58:00,1.32645,1.32645,1.32625,1.32639,2444299926.7578125
2012-02-20 11:59:00,1.32639,1.32651,1.3263,1.32633,2312500000.0
2012-02-20 12:00:00,1.32633,1.32641,1.32615,1.32624,2212899932.861328
2012-02-20 12:01:00,1.32626,1.32633,1.32625,1.32632,1275400009.1552734
2012-02-20 12:02:00,1.32632,1.32633,1.32622,1.32633,1473899993.8964844
2012-02-20 12:03:00,1.32633,1.32635,1.32619,1.32621,919400024.4140625
2012-02-20 12:04:00,1.32621,1.32621,1.32604,1.32604,1655200042.7246094
2012-02-20 12:05:00,1.32604,1.32609,1.326,1.32608,1591699981.6894531
2012-02-20 12:06:00,1.32607,1.32648,1.32607,1.32646,1500200042.7246094
2012-02-20 12:07:00,1.32645,1.32661,1.32642,1.32651,2161999969.482422
2012-02-20 12:08:00,1.3265,1.32674,1.3265,1.32669,1681399993.8964844
2012-02-20 12:09:00,1.32669,1.32669,1.32644,1.32652,1377100067.1386719
2012-02-20 12:10:00,1.32651,1.32652,1.3264,1.32649,1676999969.4824219
2012-02-20 12:11:00,1.32649,1.3266,1.32638,1.3264,1394400024.4140625
2012-02-20 12:12:00,1.3264,1.32644,1.32631,1.32639,1729299926.7578125
2012-02-20 12:13:00,1.3264,1.32647,1.32625,1.32638,2072599945.0683594
2012-02-20 12:14:00,1.32639,1.32642,1.32634,1.32641,926999969.4824219
2012-02-20 12:15:00,1.32642,1.32655,1.32637,1.32649,1289499969.4824219
2012-02-20 12:16:00,1.32649,1.32652,1.32621,1.32635,1752899932.8613281
2012-02-20 12:17:00,1.32635,1.32639,1.32632,1.32635,1116500015.258789
2012-02-20 12:18:00,1.32635,1.32635,1.326,1.32608,2866300048.828125
2012-02-20 12:19:00,1.32607,1.32618,1.32607,1.32617,1796100006.1035156
2012-02-20 12:20:00,1.32619,1.32635,1.32619,1.32619,1264400024.4140625
2012-02-20 12:21:00,1.32619,1.32622,1.3261,1.32611,1237099990.8447266
2012-02-20 12:22:00,1.32611,1.32623,1.3261,1.32618,1168499984.741211
2012-02-20 12:23:00,1.32618,1.32624,1.3261,1.32624,1156100006.1035156
2012-02-20 12:24:00,1.32624,1.32626,1.32612,1.32612,1267500000.0
2012-02-20 12:25:00,1.32614,1.32631,1.32595,1.32628,1514600067.1386719
2012-02-20 12:26:00,1.32631,1.32641,1.32631,1.32638,1200299987.7929688
2012-02-20 12:27:00,1.32638,1.32653,1.32638,1.32646,1715200042.7246094
2012-02-20 12:28:00,1.32647,1.32647,1.32613,1.32625,1433000030.5175781
2012-02-20 12:29:00,1.32625,1.3264,1.32625,1.32628,1883600006.1035156
2012-02-20 12:30:00,1.32627,1.32633,1.32593,1.32603,2917399902.34375
2012-02-20 12:31:00,1.32604,1.32614,1.32587,1.32598,2175800018.310547
2012-02-20 12:32:00,1.32595,1.3261,1.32595,1.32599,1039199981.6894531
2012-02-20 12:33:00,1.32606,1.32617,1.32597,1.32607,1961199951.171875
2012-02-20 12:34:00,1.32607,1.3262,1.32605,1.32608,1366999969.4824219
2012-02-20 12:35:00,1.32609,1.32624,1.326,1.32617,1615000000.0
2012-02-20 12:36:00,1.32618,1.32619,1.3258,1.3258,2206100006.1035156
2012-02-20 12:37:00,1.3258,1.32582,1.32557,1.32572,2076699981.6894531
2012-02-20 12:38:00,1.32572,1.32576,1.32552,1.32569,1723200073.2421875
2012-02-20 12:39:00,1.32565,1.32581,1.32565,1.32581,2097799987.7929688
2012-02-20 12:40:00,1.32581,1.32584,1.3257,1.32572,891699981.6894531
2012-02-20 12:41:00,1.32571,1.3258,1.3257,1.32573,1647400054.9316406
2012-02-20 12:42:00,1.32573,1.3258,1.32572,1.32573,1086299972.5341797
2012-02-20 12:43:00,1.32573,1.32585,1.3256,1.32578,1823000030.5175781
2012-02-20 12:44:00,1.32578,1.32587,1.32573,1.32578,2031900024.4140625
2012-02-20 12:45:00,1.32576,1.3258,1.32572,1.32579,745699996.9482422
2012-02-20 12:46:00,1.32579,1.32593,1.32576,1.32585,1455200042.7246094
2012-02-20 12:47:00,1.32587,1.32592,1.32569,1.3259,1982599945.0683594
2012-02-20 12:48:00,1.32589,1.326,1.32588,1.3259,1114400024.4140625
2012-02-20 12:49:00,1.3259,1.32593,1.32576,1.32584,1207799987.7929688
2012-02-20 12:50:00,1.32584,1.3259,1.3258,1.32582,1519700012.2070312
2012-02-20 12:51:00,1.32582,1.32589,1.32582,1.32584,996200027.4658203
2012-02-20 12:52:00,1.32586,1.32597,1.32583,1.32594,2143200073.2421875
2012-02-20 12:53:00,1.32593,1.32603,1.32586,1.32602,2538000030.517578
2012-02-20 12:54:00,1.32601,1.32601,1.32582,1.32598,1730800018.3105469
2012-02-20 12:55:00,1.32596,1.32644,1.32588,1.32643,2551100006.1035156
2012-02-20 12:56:00,1.32639,1.32705,1.32639,1.32693,3533800048.828125
2012-02-20 12:57:00,1.32693,1.32725,1.3268,1.3272,2251000061.0351562
2012-02-20 12:58:00,1.32717,1.32731,1.32705,1.32731,2457700042.7246094
2012-02-20 12:59:00,1.32731,1.32731,1.32688,1.32692,1863099975.5859375
2012-02-20 13:00:00,1.32692,1.32722,1.32692,1.32718,2022200012.2070312
2012-02-20 13:01:00,1.32719,1.32731,1.32711,1.32718,1911399993.8964844
2012-02-20 13:02:00,1.32718,1.32729,1.32713,1.32716,1831199951.171875
2012-02-20 13:03:00,1.32717,1.32717,1.32708,1.32711,1851399993.8964844
2012-02-20 13:04:00,1.32711,1.32713,1.3268,1.32686,2292299957.2753906
2012-02-20 13:05:00,1.32686,1.32689,1.32672,1.32679,2553699951.171875
2012-02-20 13:06:00,1.32678,1.32686,1.32647,1.32652,3262099914.5507812
2012-02-20 13:07:00,1.32651,1.32658,1.3264,1.3265,3287900085.4492188
2012-02-20 13:08:00,1.3265,1.32655,1.32627,1.32629,2187500000.0
2012-02-20 13:09:00,1.32629,1.32658,1.32626,1.32651,1739900054.9316406
2012-02-20 13:10:00,1.32651,1.32653,1.32629,1.32636,2534100036.6210938
2012-02-20 13:11:00,1.32634,1.32638,1.32622,1.32638,1258099975.5859375
2012-02-20 13:12:00,1.32637,1.32675,1.32636,1.32671,2912500000.0
2012-02-20 13:13:00,1.32669,1.32682,1.32667,1.32682,2411100006.1035156
2012-02-20 13:14:00,1.32684,1.32689,1.32645,1.32666,2116600036.6210938
2012-02-20 13:15:00,1.32665,1.32668,1.32638,1.32639,3006199951.171875
2012-02-20 13:16:00,1.32639,1.32646,1.32629,1.32643,2217599945.0683594
2012-02-20 13:17:00,1.32642,1.32643,1.32631,1.3264,1708699951.171875
2012-02-20 13:18:00,1.32641,1.32655,1.32627,1.32628,2337899932.861328
2012-02-20 13:19:00,1.32629,1.32636,1.32625,1.32626,1648200073.2421875
2012-02-20 13:20:00,1.32629,1.32659,1.32629,1.32656,2107599945.0683594
2012-02-20 13:21:00,1.32658,1.32658,1.32647,1.32658,1249000015.258789
2012-02-20 13:22:00,1.32658,1.3267,1.32648,1.32652,1764499969.4824219
2012-02-20 13:23:00,1.32658,1.32674,1.32658,1.32661,1403300018.3105469
2012-02-20 13:24:00,1.32662,1.32712,1.32661,1.32709,2114499969.4824219
2012-02-20 13:25:00,1.3271,1.3275,1.32709,1.32744,2924299926.7578125
2012-02-20 13:26:00,1.32744,1.32766,1.3273,1.3273,2855299987.7929688
2012-02-20 13:27:00,1.3273,1.32749,1.32726,1.32735,2194299926.7578125
2012-02-20 13:28:00,1.32737,1.32741,1.3273,1.32738,1833899993.8964844
2012-02-20 13:29:00,1.32738,1.32739,1.3272,1.3272,1269599990.8447266
2012-02-20 13:30:00,1.32722,1.32722,1.32688,1.32691,2618800048.828125
2012-02-20 13:31:00,1.32692,1.32705,1.32688,1.32688,2114799957.2753906
2012-02-20 13:32:00,1.32691,1.32691,1.32617,1.32621,2756799926.7578125
2012-02-20 13:33:00,1.32621,1.3263,1.3262,1.32628,1606999969.4824219
2012-02-20 13:34:00,1.32631,1.32665,1.32628,1.32658,1900800018.3105469
2012-02-20 13:35:00,1.32659,1.32659,1.32635,1.32647,784700012.2070312
2012-02-20 13:36:00,1.32647,1.32647,1.32638,1.32641,1629799957.2753906
2012-02-20 13:37:00,1.32641,1.32668,1.32638,1.32638,2649599914.5507812
2012-02-20 13:38:00,1.32638,1.32639,1.3259,1.32605,2928200073.2421875
2012-02-20 13:39:00,1.32605,1.32612,1.32585,1.32609,1943500061.0351562
2012-02-20 13:40:00,1.32609,1.32618,1.32599,1.32612,1334499969.4824219
2012-02-20 13:41:00,1.32611,1.32615,1.32597,1.32614,1501300048.828125
2012-02-20 13:42:00,1.32614,1.3262,1.32593,1.32606,1886999969.4824219
2012-02-20 13:43:00,1.32604,1.32618,1.32601,1.32616,1646600036.6210938
2012-02-20 13:44:00,1.32616,1.32621,1.32603,1.32605,1775599975.5859375
2012-02-20 13:45:00,1.32609,1.32615,1.32591,1.3261,1719199981.6894531
2012-02-20 13:46:00,1.32607,1.3263,1.32602,1.32611,1534199981.6894531
2012-02-20 13:47:00,1.32612,1.32634,1.32609,1.3263,2023999938.9648438
2012-02-20 13:48:00,1.32632,1.32634,1.32587,1.326,1730700073.2421875
2012-02-20 13:49:00,1.32597,1.32599,1.32577,1.32584,2206999969.482422
2012-02-20 13:50:00,1.32582,1.32583,1.32566,1.32582,1843200073.2421875
2012-02-20 13:51:00,1.32581,1.3263,1.32581,1.3262,2518200073.2421875
2012-02-20 13:52:00,1.32621,1.32623,1.32611,1.32613,1401399993.8964844
2012-02-20 13:53:00,1.32613,1.32623,1.32609,1.32621,1474600067.1386719
2012-02-20 13:54:00,1.3262,1.3263,1.32565,1.3257,1855899963.3789062
2012-02-20 13:55:00,1.3257,1.32572,1.32557,1.32561,1014499969.4824219
2012-02-20 13:56:00,1.32561,1.32572,1.32558,1.32565,1682200012.2070312
2012-02-20 13:57:00,1.32565,1.32598,1.32565,1.32574,2128600006.1035156
2012-02-20 13:58:00,1.32572,1.3259,1.32572,1.32582,1632700042.7246094
2012-02-20 13:59:00,1.32582,1.32604,1.32582,1.32593,1191699981.6894531
2012-02-20 14:00:00,1.32595,1.32611,1.32594,1.32611,1145400009.1552734
2012-02-20 14:01:00,1.3261,1.32641,1.3261,1.32636,1811900024.4140625
2012-02-20 14:02:00,1.32636,1.32652,1.32629,1.32642,2099499969.4824219
2012-02-20 14:03:00,1.3264,1.3264,1.32611,1.32626,1561199951.171875
2012-02-20 14:04:00,1.32626,1.32634,1.32609,1.32618,1222200012.2070312
2012-02-20 14:05:00,1.32618,1.32622,1.326,1.32613,2034799957.2753906
2012-02-20 14:06:00,1.32606,1.3262,1.32603,1.32603,2450299987.7929688
2012-02-20 14:07:00,1.32603,1.32614,1.32595,1.32595,1933899993.8964844
2012-02-20 14:08:00,1.32593,1.32608,1.32592,1.32599,1575299987.7929688
2012-02-20 14:09:00,1.32599,1.32608,1.3259,1.32592,1839199981.6894531
2012-02-20 14:10:00,1.32591,1.326,1.32564,1.32564,2553800048.828125
2012-02-20 14:11:00,1.32571,1.32571,1.32548,1.32552,1931499938.9648438
2012-02-20 14:12:00,1.32552,1.32565,1.32552,1.32565,795100021.3623047
2012-02-20 14:13:00,1.32565,1.32582,1.32565,1.32578,1756499938.9648438
2012-02-20 14:14:00,1.3258,1.32591,1.32573,1.32582,1347400054.9316406
2012-02-20 14:15:00,1.32583,1.32589,1.32581,1.32583,1701300048.828125
2012-02-20 14:16:00,1.32584,1.32615,1.32584,1.32613,1712500000.0
2012-02-20 14:17:00,1.32613,1.32621,1.32609,1.32612,1433699951.171875
2012-02-20 14:18:00,1.32612,1.3263,1.32605,1.32625,1408300018.3105469
2012-02-20 14:19:00,1.32625,1.3263,1.32619,1.32623,1086999969.4824219
2012-02-20 14:20:00,1.32623,1.32629,1.32618,1.32628,1618600006.1035156
2012-02-20 14:21:00,1.3263,1.32633,1.32622,1.32632,1460800018.3105469
2012-02-20 14:22:00,1.32633,1.32642,1.32629,1.32642,1109700012.2070312
2012-02-20 14:23:00,1.32647,1.3266,1.32643,1.3265,1273000030.5175781
2012-02-20 14:24:00,1.3265,1.32654,1.3264,1.3264,825999984.7412109
2012-02-20 14:25:00,1.32638,1.32638,1.3262,1.32628,1421399993.8964844
2012-02-20 14:26:00,1.3263,1.3263,1.3262,1.32628,841600036.6210938
2012-02-20 14:27:00,1.32627,1.3265,1.32622,1.32647,1701000061.0351562
2012-02-20 14:28:00,1.32648,1.32648,1.32631,1.32631,1109899978.6376953
2012-02-20 14:29:00,1.32631,1.32636,1.32605,1.32605,2190599975.5859375
2012-02-20 14:30:00,1.32607,1.32609,1.32569,1.32582,2518500061.0351562
2012-02-20 14:31:00,1.32583,1.32594,1.32569,1.32569,1694799957.2753906
2012-02-20 14:32:00,1.32569,1.3258,1.32569,1.3258,1172600021.3623047
2012-02-20 14:33:00,1.3258,1.32591,1.32575,1.32584,1560500030.5175781
2012-02-20 14:34:00,1.32588,1.32601,1.32583,1.32586,1661699981.6894531
2012-02-20 14:35:00,1.32587,1.3259,1.32581,1.32585,844499969.4824219
2012-02-20 14:36:00,1.32591,1.32591,1.32579,1.32588,1384199981.6894531
2012-02-20 14:37:00,1.32588,1.32612,1.32587,1.32609,942799987.7929688
2012-02-20 14:38:00,1.32612,1.32619,1.32609,1.32614,710400009.1552734
2012-02-20 14:39:00,1.32616,1.32621,1.32612,1.32614,1345800018.3105469
2012-02-20 14:40:00,1.32614,1.32621,1.32607,1.32617,1488300018.3105469
2012-02-20 14:41:00,1.32617,1.32632,1.32617,1.32624,1318500061.0351562
2012-02-20 14:42:00,1.32624,1.32624,1.32591,1.32595,1436399993.8964844
2012-02-20 14:43:00,1.32595,1.32599,1.32589,1.32594,1061500015.2587891
2012-02-20 14:44:00,1.32594,1.32596,1.32555,1.3256,2060299987.7929688
2012-02-20 14:45:00,1.3256,1.32566,1.3254,1.32547,1610899963.3789062
2012-02-20 14:46:00,1.32547,1.32554,1.32517,1.32525,1999199981.6894531
2012-02-20 14:47:00,1.32527,1.32527,1.3248,1.32497,3217799987.7929688
2012-02-20 14:48:00,1.32496,1.32497,1.32428,1.32463,3198699951.171875
2012-02-20 14:49:00,1.3247,1.3247,1.32429,1.32436,2924599914.5507812
2012-02-20 14:50:00,1.32433,1.32459,1.32432,1.32459,2321300048.828125
2012-02-20 14:51:00,1.32459,1.32473,1.32443,1.32445,2731900024.4140625
2012-02-20 14:52:00,1.32449,1.32464,1.32435,1.32444,2066300048.828125
2012-02-20 14:53:00,1.32446,1.32449,1.32405,1.32416,2466699981.689453
2012-02-20 14:54:00,1.32416,1.32434,1.32405,1.3243,2391600036.6210938
2012-02-20 14:55:00,1.3243,1.3243,1.324,1.32404,2059299926.7578125
2012-02-20 14:56:00,1.32401,1.32442,1.32398,1.32438,1649100036.6210938
2012-02-20 14:57:00,1.32439,1.32443,1.32429,1.32442,2104499969.4824219
2012-02-20 14:58:00,1.32442,1.32464,1.3244,1.32445,1938300018.3105469
2012-02-20 14:59:00,1.32445,1.32458,1.32425,1.32425,2445200042.7246094
2012-02-20 15:00:00,1.32425,1.32455,1.32421,1.3244,2774400024.4140625
2012-02-20 15:01:00,1.32438,1.32446,1.32413,1.32419,2172700042.7246094
2012-02-20 15:02:00,1.32418,1.32443,1.32413,1.32436,1952100067.1386719
2012-02-20 15:03:00,1.3243,1.3244,1.32413,1.32437,1830000000.0
2012-02-20 15:04:00,1.32437,1.32445,1.32431,1.32439,1769100036.6210938
2012-02-20 15:05:00,1.32439,1.32451,1.32428,1.32449,2096499938.9648438
2012-02-20 15:06:00,1.32447,1.3245,1.32441,1.32445,1153300018.3105469
2012-02-20 15:07:00,1.32442,1.32444,1.3244,1.3244,885199966.4306641
2012-02-20 15:08:00,1.3244,1.32446,1.32429,1.3243,1033199996.9482422
2012-02-20 15:09:00,1.3243,1.32434,1.3243,1.32433,881500015.2587891
2012-02-20 15:10:00,1.32433,1.32453,1.32432,1.32451,1591699981.6894531
2012-02-20 15:11:00,1.32451,1.32459,1.32448,1.32459,1417100067.1386719
2012-02-20 15:12:00,1.32459,1.32459,1.32448,1.32455,1798600006.1035156
2012-02-20 15:13:00,1.32455,1.32485,1.32454,1.32482,1685399932.8613281
2012-02-20 15:14:00,1.32489,1.32494,1.32483,1.32491,1917599945.0683594
2012-02-20 15:15:00,1.32491,1.32511,1.32491,1.32509,2031799926.7578125
2012-02-20 15:16:00,1.32509,1.32512,1.32491,1.32511,1395099945.0683594
2012-02-20 15:17:00,1.32514,1.32518,1.32508,1.32518,2363399963.3789062
2012-02-20 15:18:00,1.32519,1.32521,1.32486,1.32486,1961199951.171875
2012-02-20 15:19:00,1.32486,1.32486,1.32479,1.32479,941399993.8964844
2012-02-20 15:20:00,1.32479,1.32479,1.3247,1.32471,1641300048.828125
2012-02-20 15:21:00,1.32471,1.32491,1.32471,1.32487,1710500030.5175781
2012-02-20 15:22:00,1.32487,1.32489,1.32471,1.32472,1164000015.258789
2012-02-20 15:23:00,1.32471,1.32471,1.32431,1.32446,1994499969.4824219
2012-02-20 15:24:00,1.32446,1.32454,1.32428,1.32439,1642700042.7246094
2012-02-20 15:25:00,1.32439,1.32454,1.32438,1.32452,1763099975.5859375
2012-02-20 15:26:00,1.3245,1.32455,1.32431,1.32431,1866399993.8964844
2012-02-20 15:27:00,1.32431,1.32454,1.32431,1.32454,1394400024.4140625
2012-02-20 15:28:00,1.32453,1.32456,1.32449,1.32456,596300010.6811523
2012-02-20 15:29:00,1.32456,1.32485,1.32456,1.32485,1281699981.6894531
2012-02-20 15:30:00,1.32485,1.32506,1.32485,1.32489,1027799987.7929688
2012-02-20 15:31:00,1.32487,1.32499,1.32478,1.32492,1403000030.5175781
2012-02-20 15:32:00,1.32492,1.32511,1.32492,1.32503,1246299972.5341797
2012-02-20 15:33:00,1.32504,1.32511,1.32498,1.32503,1137300033.569336
2012-02-20 15:34:00,1.32503,1.32505,1.32495,1.32501,1144300003.0517578
2012-02-20 15:35:00,1.32501,1.32506,1.32496,1.32502,1020500030.5175781
2012-02-20 15:36:00,1.325,1.32508,1.32498,1.325,1380099945.0683594
2012-02-20 15:37:00,1.325,1.32504,1.32487,1.32487,1280000000.0
2012-02-20 15:38:00,1.32493,1.32504,1.32488,1.32492,2160899963.3789062
2012-02-20 15:39:00,1.32491,1.32493,1.32478,1.32478,1426799926.7578125
2012-02-20 15:40:00,1.32478,1.32483,1.32477,1.32478,1355200042.7246094
2012-02-20 15:41:00,1.32478,1.32491,1.32472,1.32487,1408999938.9648438
2012-02-20 15:42:00,1.32487,1.32493,1.32483,1.32489,1374100036.6210938
2012-02-20 15:43:00,1.32489,1.32492,1.32484,1.32487,1781300048.828125
2012-02-20 15:44:00,1.3249,1.32532,1.3249,1.32529,2027200012.2070312
2012-02-20 15:45:00,1.32529,1.32585,1.32529,1.32572,2095299987.7929688
2012-02-20 15:46:00,1.32573,1.32616,1.32573,1.32616,2002700042.7246094
2012-02-20 15:47:00,1.32615,1.32721,1.32615,1.32701,3888999938.9648438
2012-02-20 15:48:00,1.32697,1.32708,1.32673,1.32676,2584400024.4140625
2012-02-20 15:49:00,1.32673,1.32678,1.32649,1.32649,2343600006.1035156
2012-02-20 15:50:00,1.32647,1.32662,1.3263,1.32638,2359900054.9316406
2012-02-20 15:51:00,1.32639,1.3264,1.32629,1.32635,2039799957.2753906
2012-02-20 15:52:00,1.32634,1.32646,1.32631,1.32633,1789499969.4824219
2012-02-20 15:53:00,1.32633,1.32667,1.32631,1.32664,1733200073.2421875
2012-02-20 15:54:00,1.32667,1.32681,1.32661,1.32677,2457700042.7246094
2012-02-20 15:55:00,1.32676,1.32684,1.32667,1.32677,1601300048.828125
2012-02-20 15:56:00,1.32677,1.3268,1.32662,1.32671,1935500030.5175781
2012-02-20 15:57:00,1.32671,1.32683,1.32663,1.32665,2427400054.9316406
2012-02-20 15:58:00,1.32664,1.32664,1.32631,1.3266,2312500000.0
2012-02-20 15:59:00,1.32658,1.32692,1.32657,1.32672,3051400146.484375
2012-02-20 16:00:00,1.32671,1.32675,1.32658,1.32669,2484900054.9316406
2012-02-20 16:01:00,1.3267,1.32671,1.32648,1.32651,1909900054.9316406
2012-02-20 16:02:00,1.32653,1.32661,1.32641,1.32641,2488699951.171875
2012-02-20 16:03:00,1.32641,1.32644,1.32613,1.32617,1971699981.6894531
2012-02-20 16:04:00,1.32617,1.32629,1.32617,1.32624,1611300048.828125
2012-02-20 16:05:00,1.32626,1.32626,1.32619,1.3262,1083099975.5859375
2012-02-20 16:06:00,1.32619,1.32622,1.32607,1.32617,1496799926.7578125
2012-02-20 16:07:00,1.32617,1.32621,1.32608,1.32616,1315899963.3789062
2012-02-20 16:08:00,1.32617,1.3262,1.32616,1.32618,772300033.5693359
2012-02-20 16:09:00,1.32618,1.32631,1.32618,1.32619,1152799987.7929688
2012-02-20 16:10:00,1.3262,1.32621,1.32615,1.32619,915000000.0
2012-02-20 16:11:00,1.32619,1.32656,1.32616,1.32656,1335899963.3789062
2012-02-20 16:12:00,1.32655,1.32656,1.32639,1.32639,1191900024.4140625
2012-02-20 16:13:00,1.32634,1.32641,1.32623,1.32623,1782799987.7929688
2012-02-20 16:14:00,1.32625,1.32629,1.32612,1.32628,1545399932.8613281
2012-02-20 16:15:00,1.3263,1.32657,1.3263,1.32646,2258399963.3789062
2012-02-20 16:16:00,1.32648,1.3265,1.32607,1.32609,2776499938.9648438
2012-02-20 16:17:00,1.32609,1.32609,1.32557,1.3257,2400599975.5859375
2012-02-20 16:18:00,1.32575,1.32592,1.3257,1.32592,1559499969.4824219
2012-02-20 16:19:00,1.32592,1.32602,1.32587,1.32589,1002699966.4306641
2012-02-20 16:20:00,1.32589,1.32589,1.32575,1.32585,898899993.8964844
2012-02-20 16:21:00,1.32586,1.32586,1.32554,1.3256,1413200073.2421875
2012-02-20 16:22:00,1.3256,1.32566,1.32556,1.3256,667500000.0
2012-02-20 16:23:00,1.3256,1.32565,1.32556,1.32564,1126900024.4140625
2012-02-20 16:24:00,1.32563,1.32568,1.3256,1.32566,1325700073.2421875
2012-02-20 16:25:00,1.32565,1.3258,1.32565,1.32576,1415200042.7246094
2012-02-20 16:26:00,1.32576,1.32608,1.32576,1.32605,1554900054.9316406
2012-02-20 16:27:00,1.32606,1.32608,1.32589,1.32591,1364299926.7578125
2012-02-20 16:28:00,1.32591,1.32603,1.32588,1.32602,852799987.7929688
2012-02-20 16:29:00,1.32603,1.32615,1.32602,1.3261,1104499969.4824219
2012-02-20 16:30:00,1.32611,1.32612,1.32597,1.32598,783899993.8964844
2012-02-20 16:31:00,1.32598,1.32598,1.3255,1.32551,1497100067.1386719
2012-02-20 16:32:00,1.3255,1.32564,1.3255,1.32564,1260100021.3623047
2012-02-20 16:33:00,1.32565,1.32565,1.32559,1.32563,1272300033.569336
2012-02-20 16:34:00,1.32563,1.32565,1.3256,1.3256,613400001.5258789
2012-02-20 16:35:00,1.3256,1.3256,1.32536,1.32536,1034400024.4140625
2012-02-20 16:36:00,1.32537,1.32546,1.32536,1.32546,808600006.1035156
2012-02-20 16:37:00,1.32546,1.32567,1.32543,1.32565,1522100067.1386719
2012-02-20 16:38:00,1.32564,1.32574,1.3256,1.32572,1572899932.8613281
2012-02-20 16:39:00,1.32572,1.32578,1.3257,1.32575,1017900009.1552734
2012-02-20 16:40:00,1.32574,1.32574,1.3256,1.3256,655400009.1552734
2012-02-20 16:41:00,1.32558,1.3256,1.32547,1.32548,734899978.6376953
2012-02-20 16:42:00,1.32546,1.32551,1.32546,1.32551,1039400024.4140625
2012-02-20 16:43:00,1.32551,1.32558,1.32548,1.32558,1017600021.3623047
2012-02-20 16:44:00,1.32557,1.32558,1.32555,1.32555,247199993.13354492
2012-02-20 16:45:00,1.32555,1.32561,1.32555,1.32558,840999984.7412109
2012-02-20 16:46:00,1.32556,1.32563,1.32555,1.32563,521399993.8964844
2012-02-20 16:47:00,1.32562,1.32593,1.32561,1.32593,1049400024.4140625
2012-02-20 16:48:00,1.32594,1.32594,1.32587,1.32587,527000007.62939453
2012-02-20 16:49:00,1.32587,1.32591,1.32578,1.3258,851699981.6894531
2012-02-20 16:50:00,1.3258,1.32583,1.32566,1.32573,933000030.5175781
2012-02-20 16:51:00,1.32573,1.32575,1.32571,1.32575,375600013.73291016
2012-02-20 16:52:00,1.32575,1.32575,1.32567,1.32571,475400009.15527344
2012-02-20 16:53:00,1.32571,1.32576,1.3257,1.32573,736699981.6894531
2012-02-20 16:54:00,1.32573,1.3258,1.32571,1.32577,530999984.74121094
2012-02-20 16:55:00,1.32577,1.32579,1.32571,1.32571,556599998.4741211
2012-02-20 16:56:00,1.32572,1.32572,1.3253,1.32535,1255500030.5175781
2012-02-20 16:57:00,1.32534,1.32535,1.32489,1.32493,2218699951.171875
2012-02-20 16:58:00,1.32491,1.32491,1.32437,1.32457,2426199951.171875
2012-02-20 16:59:00,1.32456,1.32484,1.32456,1.32475,1663600006.1035156
2012-02-20 17:00:00,1.32474,1.32487,1.32442,1.32451,1858000030.5175781
2012-02-20 17:01:00,1.32456,1.32479,1.32456,1.32474,1023000030.5175781
2012-02-20 17:02:00,1.32473,1.32478,1.3247,1.32471,1201900024.4140625
2012-02-20 17:03:00,1.32472,1.3248,1.3246,1.3248,1163300018.3105469
2012-02-20 17:04:00,1.32481,1.32481,1.32445,1.32446,1096299972.5341797
2012-02-20 17:05:00,1.32445,1.32447,1.32435,1.32436,1069899978.6376953
2012-02-20 17:06:00,1.32435,1.3244,1.32434,1.3244,1379299926.7578125
2012-02-20 17:07:00,1.3244,1.32463,1.3244,1.32458,1050299987.7929688
2012-02-20 17:08:00,1.32456,1.32491,1.32456,1.32489,969199981.6894531
2012-02-20 17:09:00,1.32488,1.32502,1.32471,1.32481,2768699951.171875
2012-02-20 17:10:00,1.32484,1.32486,1.32469,1.3247,1363300018.3105469
2012-02-20 17:11:00,1.32471,1.32494,1.32466,1.32494,1416499938.9648438
2012-02-20 17:12:00,1.32501,1.32501,1.32484,1.32484,1931199951.171875
2012-02-20 17:13:00,1.32486,1.32495,1.32484,1.32485,1694299926.7578125
2012-02-20 17:14:00,1.32489,1.32489,1.32481,1.32481,500400009.15527344
2012-02-20 17:15:00,1.32481,1.32485,1.32481,1.32482,553699989.3188477
2012-02-20 17:16:00,1.32482,1.32482,1.32475,1.32477,754199981.6894531
2012-02-20 17:17:00,1.32477,1.32477,1.32472,1.32475,720100021.3623047
2012-02-20 17:18:00,1.32475,1.32477,1.32464,1.32464,1027600021.3623047
2012-02-20 17:19:00,1.32464,1.32469,1.32457,1.32464,1159100036.6210938
2012-02-20 17:20:00,1.32464,1.32472,1.32463,1.3247,734800033.5693359
2012-02-20 17:21:00,1.3247,1.32497,1.3247,1.32497,938700027.4658203
2012-02-20 17:22:00,1.32497,1.32514,1.32497,1.32514,630600013.7329102
2012-02-20 17:23:00,1.32514,1.32514,1.32503,1.32503,518300018.3105469
2012-02-20 17:24:00,1.32504,1.32507,1.32466,1.3247,1201500015.258789
2012-02-20 17:25:00,1.32469,1.32469,1.32459,1.3246,942099990.8447266
2012-02-20 17:26:00,1.3246,1.32469,1.3246,1.32469,820100021.3623047
2012-02-20 17:27:00,1.32469,1.32469,1.32462,1.32463,343400001.5258789
2012-02-20 17:28:00,1.32463,1.32469,1.32459,1.32461,957300033.5693359
2012-02-20 17:29:00,1.32461,1.32462,1.32436,1.3244,977200012.2070312
2012-02-20 17:30:00,1.32437,1.32511,1.32435,1.32511,2008600006.1035156
2012-02-20 17:31:00,1.32511,1.32513,1.32507,1.32512,957600021.3623047
2012-02-20 17:32:00,1.32511,1.32513,1.32508,1.32512,689800033.5693359
2012-02-20 17:33:00,1.32512,1.32512,1.32495,1.325,744899978.6376953
2012-02-20 17:34:00,1.325,1.325,1.32463,1.32463,1379299926.7578125
2012-02-20 17:35:00,1.32463,1.32482,1.32462,1.32481,1195999984.741211
2012-02-20 17:36:00,1.3248,1.32488,1.32477,1.32486,620000000.0
2012-02-20 17:37:00,1.32488,1.3249,1.32481,1.32489,593499984.7412109
2012-02-20 17:38:00,1.32489,1.32501,1.32486,1.3249,944800033.5693359
2012-02-20 17:39:00,1.3249,1.32497,1.32486,1.32486,942500000.0
2012-02-20 17:40:00,1.32486,1.32487,1.32484,1.32485,763300018.3105469
2012-02-20 17:41:00,1.32485,1.32496,1.32485,1.32489,992900009.1552734
2012-02-20 17:42:00,1.32489,1.32498,1.32488,1.32494,794300003.0517578
2012-02-20 17:43:00,1.32491,1.32491,1.3248,1.32481,921999969.4824219
2012-02-20 17:44:00,1.32481,1.32482,1.32476,1.32479,415900001.5258789
2012-02-20 17:45:00,1.32476,1.32479,1.32443,1.32445,1164700012.2070312
2012-02-20 17:46:00,1.32445,1.32453,1.32444,1.32449,1113199996.9482422
2012-02-20 17:47:00,1.32445,1.3245,1.32435,1.32439,1037600021.3623047
2012-02-20 17:48:00,1.32439,1.32445,1.32438,1.32442,723899993.8964844
2012-02-20 17:49:00,1.32443,1.32448,1.32442,1.32444,769800033.5693359
2012-02-20 17:50:00,1.32444,1.32445,1.32425,1.32429,1143899993.8964844
2012-02-20 17:51:00,1.32427,1.32427,1.3241,1.32424,689000015.2587891
2012-02-20 17:52:00,1.3242,1.3243,1.32415,1.32428,1310899963.3789062
2012-02-20 17:53:00,1.32428,1.3243,1.32426,1.32429,646100006.1035156
2012-02-20 17:54:00,1.32429,1.32449,1.32428,1.32448,933399963.3789062
2012-02-20 17:55:00,1.32448,1.32451,1.32431,1.32431,1495599975.5859375
2012-02-20 17:56:00,1.32432,1.3245,1.32432,1.32444,928000030.5175781
2012-02-20 17:57:00,1.32444,1.32446,1.32417,1.3243,1363800048.828125
2012-02-20 17:58:00,1.32429,1.32432,1.32412,1.32412,1237699966.430664
2012-02-20 17:59:00,1.32414,1.32418,1.32389,1.32394,1809700012.2070312
2012-02-20 18:00:00,1.32394,1.32445,1.3238,1.32439,2184400024.4140625
2012-02-20 18:01:00,1.32439,1.32439,1.32422,1.32431,790199966.4306641
2012-02-20 18:02:00,1.32431,1.32433,1.32429,1.32429,480000000.0
2012-02-20 18:03:00,1.3243,1.3243,1.3242,1.32424,569399986.2670898
2012-02-20 18:04:00,1.32422,1.32427,1.32421,1.32427,534599990.84472656
2012-02-20 18:05:00,1.32427,1.32448,1.32422,1.32439,776500015.2587891
2012-02-20 18:06:00,1.3244,1.3245,1.3244,1.32443,971100006.1035156
2012-02-20 18:07:00,1.32441,1.32447,1.32431,1.32443,1045000000.0
2012-02-20 18:08:00,1.32443,1.32443,1.3244,1.32441,141800003.0517578
2012-02-20 18:09:00,1.3244,1.32442,1.32434,1.3244,315000000.0
2012-02-20 18:10:00,1.32441,1.32442,1.32437,1.32438,491300010.68115234
2012-02-20 18:11:00,1.32438,1.32446,1.32435,1.32441,717799987.7929688
2012-02-20 18:12:00,1.32441,1.32449,1.3244,1.32448,727500000.0
2012-02-20 18:13:00,1.32448,1.32448,1.32442,1.32445,646600036.6210938
2012-02-20 18:14:00,1.32445,1.3246,1.32444,1.32453,723399963.3789062
2012-02-20 18:15:00,1.32449,1.3246,1.32449,1.32459,440299987.79296875
2012-02-20 18:16:00,1.32459,1.32483,1.32459,1.32483,615900001.5258789
2012-02-20 18:17:00,1.32483,1.32494,1.32481,1.32492,772799987.7929688
2012-02-20 18:18:00,1.32492,1.32497,1.3249,1.32492,287299995.4223633
2012-02-20 18:19:00,1.32491,1.32491,1.32489,1.32489,213899993.89648438
2012-02-20 18:20:00,1.32489,1.32489,1.32473,1.32476,498400001.5258789
2012-02-20 18:21:00,1.32474,1.32476,1.32465,1.3247,622500000.0
2012-02-20 18:22:00,1.3247,1.32473,1.32455,1.32458,373800010.68115234
2012-02-20 18:23:00,1.32458,1.32461,1.32452,1.32453,412700004.5776367
2012-02-20 18:24:00,1.32455,1.32459,1.32455,1.32459,345000000.0
2012-02-20 18:25:00,1.32458,1.32458,1.32454,1.32454,135000000.0
2012-02-20 18:26:00,1.32456,1.32462,1.32454,1.32462,360800018.3105469
2012-02-20 18:27:00,1.32461,1.32471,1.3246,1.32471,251299991.60766602
2012-02-20 18:28:00,1.3247,1.32478,1.32468,1.32468,494399986.26708984
2012-02-20 18:29:00,1.32466,1.3247,1.32466,1.32467,266399993.89648438
2012-02-20 18:30:00,1.32468,1.32481,1.32468,1.32481,574700012.2070312
2012-02-20 18:31:00,1.3248,1.32486,1.3248,1.32483,440000000.0
2012-02-20 18:32:00,1.32485,1.32503,1.32485,1.32497,660699996.9482422
2012-02-20 18:33:00,1.32499,1.32499,1.32497,1.32497,82500000.0
2012-02-20 18:34:00,1.32497,1.32498,1.32496,1.32496,108199996.94824219
2012-02-20 18:35:00,1.32497,1.32498,1.32497,1.32498,180300006.86645508
2012-02-20 18:36:00,1.32498,1.32498,1.32496,1.32497,172500000.0
2012-02-20 18:37:00,1.32496,1.32496,1.32468,1.32468,618800010.6811523
2012-02-20 18:38:00,1.32464,1.32466,1.32377,1.32377,2078899993.8964844
2012-02-20 18:39:00,1.3238,1.3238,1.3233,1.3233,1315399932.8613281
2012-02-20 18:40:00,1.3233,1.32383,1.32309,1.32383,1951100006.1035156
2012-02-20 18:41:00,1.32386,1.32389,1.32349,1.3236,1498600006.1035156
2012-02-20 18:42:00,1.3236,1.32364,1.32355,1.32355,446800003.0517578
2012-02-20 18:43:00,1.32356,1.32422,1.32354,1.32422,1946600036.6210938
2012-02-20 18:44:00,1.32426,1.32428,1.32408,1.3241,1079899978.6376953
2012-02-20 18:45:00,1.3241,1.32421,1.32389,1.3239,1011900024.4140625
2012-02-20 18:46:00,1.32389,1.3239,1.32369,1.3237,758300018.3105469
2012-02-20 18:47:00,1.32372,1.32389,1.32366,1.32366,1186100006.1035156
2012-02-20 18:48:00,1.32367,1.32371,1.32365,1.32365,663799972.5341797
2012-02-20 18:49:00,1.32365,1.32369,1.32365,1.32369,262500000.0
2012-02-20 18:50:00,1.32368,1.3237,1.32368,1.32369,481500015.25878906
2012-02-20 18:51:00,1.3237,1.32391,1.32368,1.32391,682500000.0
2012-02-20 18:52:00,1.32391,1.32408,1.32382,1.32406,957900009.1552734
2012-02-20 18:53:00,1.32406,1.32427,1.32406,1.3242,895999984.7412109
2012-02-20 18:54:00,1.3242,1.32427,1.3242,1.32426,264599990.84472656
2012-02-20 18:55:00,1.32428,1.32457,1.32428,1.32456,912300033.5693359
2012-02-20 18:56:00,1.32458,1.32466,1.32451,1.32464,1009000015.2587891
2012-02-20 18:57:00,1.32464,1.3248,1.32457,1.32457,1072600021.3623047
2012-02-20 18:58:00,1.32457,1.32457,1.32448,1.32453,419199981.6894531
2012-02-20 18:59:00,1.32453,1.32454,1.3245,1.32454,399099998.4741211
2012-02-20 19:00:00,1.32454,1.32468,1.32452,1.32463,535699996.9482422
2012-02-20 19:01:00,1.32467,1.3248,1.32467,1.32471,660199966.4306641
2012-02-20 19:02:00,1.32467,1.32467,1.32467,1.32467,130100002.28881836
2012-02-20 19:03:00,1.32468,1.32474,1.32468,1.32471,320000000.0
2012-02-20 19:04:00,1.32471,1.32471,1.32468,1.32468,60199999.80926514
2012-02-20 19:05:00,1.32471,1.32471,1.32466,1.32468,1152500000.0
2012-02-20 19:06:00,1.32468,1.32469,1.32447,1.32448,455200004.5776367
2012-02-20 19:07:00,1.32448,1.32448,1.32445,1.32445,83999996.18530273
2012-02-20 19:08:00,1.32445,1.32445,1.32424,1.32426,496800003.0517578
2012-02-20 19:09:00,1.32427,1.32429,1.32427,1.32427,145900001.5258789
2012-02-20 19:10:00,1.32428,1.32428,1.32425,1.32426,333300018.3105469
2012-02-20 19:11:00,1.32425,1.32428,1.32423,1.32428,153199996.9482422
2012-02-20 19:12:00,1.32428,1.3243,1.32427,1.3243,241900005.34057617
2012-02-20 19:13:00,1.3243,1.3243,1.32428,1.32428,135000000.0
2012-02-20 19:14:00,1.32427,1.32429,1.32404,1.32404,510200004.5776367
2012-02-20 19:15:00,1.32405,1.32405,1.32403,1.32404,165000000.0
2012-02-20 19:16:00,1.32404,1.32405,1.32404,1.32405,30099999.90463257
2012-02-20 19:17:00,1.32404,1.32409,1.32404,1.32407,256000003.81469727
2012-02-20 19:18:00,1.32407,1.32418,1.32407,1.32418,466699981.6894531
2012-02-20 19:19:00,1.32418,1.32426,1.32417,1.32426,338300018.3105469
2012-02-20 19:20:00,1.32426,1.32427,1.32426,1.32427,90000000.0
2012-02-20 19:21:00,1.32424,1.32426,1.32424,1.32426,75000000.0
2012-02-20 19:22:00,1.32426,1.32426,1.32424,1.32424,105000000.0
2012-02-20 19:23:00,1.32426,1.32426,1.32424,1.32425,90000000.0
2012-02-20 19:24:00,1.32426,1.32427,1.32426,1.32427,150000000.0
2012-02-20 19:25:00,1.32427,1.32427,1.32421,1.32421,172999992.37060547
2012-02-20 19:26:00,1.3242,1.32427,1.3242,1.32427,146700000.76293945
2012-02-20 19:27:00,1.32427,1.32441,1.32427,1.32441,899400024.4140625
2012-02-20 19:28:00,1.32441,1.32448,1.32432,1.32439,1049300003.0517578
2012-02-20 19:29:00,1.32438,1.32438,1.32435,1.32435,169799995.42236328
2012-02-20 19:30:00,1.32435,1.32438,1.32423,1.3243,404900016.78466797
2012-02-20 19:31:00,1.3243,1.3243,1.32417,1.32421,546399993.8964844
2012-02-20 19:32:00,1.32421,1.32424,1.32421,1.32422,120299997.32971191
2012-02-20 19:33:00,1.32422,1.32425,1.32421,1.32421,180599994.65942383
2012-02-20 19:34:00,1.32419,1.32425,1.32419,1.32424,285499992.37060547
2012-02-20 19:35:00,1.32423,1.32426,1.32423,1.32425,128199996.94824219
2012-02-20 19:36:00,1.32425,1.32426,1.32419,1.32426,168899993.89648438
2012-02-20 19:37:00,1.32426,1.3243,1.32424,1.32427,191900005.34057617
2012-02-20 19:38:00,1.32427,1.32428,1.32422,1.32422,270799999.23706055
2012-02-20 19:39:00,1.32425,1.32427,1.32421,1.32421,218400001.5258789
2012-02-20 19:40:00,1.32421,1.32422,1.32421,1.32421,60399999.61853027
2012-02-20 19:41:00,1.32421,1.32424,1.32421,1.32421,180400009.15527344
2012-02-20 19:42:00,1.32424,1.32426,1.32422,1.32422,102299995.42236328
2012-02-20 19:43:00,1.32424,1.32426,1.32421,1.32426,86599998.4741211
2012-02-20 19:44:00,1.32425,1.32434,1.32418,1.32434,150200004.57763672
2012-02-20 19:45:00,1.32434,1.32436,1.32433,1.32433,82500000.0
2012-02-20 19:46:00,1.32434,1.32434,1.32423,1.32423,263299999.23706055
2012-02-20 19:47:00,1.32423,1.32426,1.32423,1.32425,63800001.14440918
2012-02-20 19:48:00,1.32426,1.32426,1.32426,1.32426,60000000.0
2012-02-20 19:49:00,1.32427,1.32427,1.32426,1.32426,75000000.0
2012-02-20 19:50:00,1.32426,1.32426,1.32419,1.32419,207000007.62939453
2012-02-20 19:51:00,1.32419,1.32423,1.32418,1.32422,210900001.5258789
2012-02-20 19:52:00,1.32422,1.32426,1.3242,1.32421,375600013.73291016
2012-02-20 19:53:00,1.3242,1.32432,1.32418,1.32432,443100013.73291016
2012-02-20 19:54:00,1.32432,1.32432,1.32416,1.32425,330400009.15527344
2012-02-20 19:55:00,1.32423,1.32427,1.32423,1.32425,117100000.38146973
2012-02-20 19:56:00,1.32425,1.32425,1.32423,1.32423,98000001.90734863
2012-02-20 19:57:00,1.32422,1.32423,1.32422,1.32423,105000000.0
2012-02-20 19:58:00,1.32423,1.32423,1.32409,1.32409,368499984.74121094
2012-02-20 19:59:00,1.32409,1.32409,1.32376,1.32377,967099990.8447266
2012-02-20 20:00:00,1.3238,1.32414,1.32372,1.32408,1074599990.8447266
2012-02-20 20:01:00,1.32408,1.3241,1.32404,1.32406,165699996.9482422
2012-02-20 20:02:00,1.32404,1.32418,1.32404,1.32418,225499992.37060547
2012-02-20 20:03:00,1.32418,1.32419,1.32418,1.32419,75000000.0
2012-02-20 20:04:00,1.32418,1.32428,1.32418,1.32427,342799987.79296875
2012-02-20 20:05:00,1.32428,1.3243,1.32428,1.3243,90000000.0
2012-02-20 20:06:00,1.32429,1.32429,1.32427,1.32427,103199996.94824219
2012-02-20 20:07:00,1.32428,1.32434,1.32408,1.32408,800299987.7929688
2012-02-20 20:08:00,1.32408,1.32408,1.324,1.32403,225400009.15527344
2012-02-20 20:09:00,1.32403,1.32405,1.324,1.32404,127799997.32971191
2012-02-20 20:10:00,1.32406,1.32408,1.32406,1.32408,120399999.61853027
2012-02-20 20:11:00,1.32412,1.32421,1.32412,1.32421,236900005.34057617
2012-02-20 20:12:00,1.32421,1.32421,1.32415,1.32415,248600006.10351562
2012-02-20 20:13:00,1.32415,1.32415,1.324,1.32405,446699981.6894531
2012-02-20 20:14:00,1.32404,1.32406,1.32404,1.32406,90000000.0
2012-02-20 20:15:00,1.32405,1.32414,1.32405,1.32412,120299997.32971191
2012-02-20 20:16:00,1.32412,1.32413,1.32411,1.32411,127700004.57763672
2012-02-20 20:17:00,1.32411,1.32417,1.32408,1.32413,291000003.81469727
2012-02-20 20:18:00,1.32412,1.32413,1.32407,1.32409,304899997.71118164
2012-02-20 20:19:00,1.32409,1.32409,1.3239,1.3239,300799999.23706055
2012-02-20 20:20:00,1.3239,1.32393,1.3239,1.32391,240499992.37060547
2012-02-20 20:21:00,1.32385,1.32417,1.32385,1.32416,672699966.4306641
2012-02-20 20:22:00,1.32415,1.32415,1.32397,1.32398,260200004.57763672
2012-02-20 20:23:00,1.32398,1.32402,1.32395,1.324,315900001.5258789
2012-02-20 20:24:00,1.32401,1.32401,1.32386,1.32386,385499992.37060547
2012-02-20 20:25:00,1.32386,1.32391,1.32386,1.32387,185799999.23706055
2012-02-20 20:26:00,1.32387,1.32387,1.32383,1.32387,183099994.65942383
2012-02-20 20:27:00,1.32386,1.32399,1.32386,1.32397,221700000.76293945
2012-02-20 20:28:00,1.32397,1.32411,1.32397,1.32411,499799995.4223633
2012-02-20 20:29:00,1.32412,1.32439,1.32412,1.32439,443600006.1035156
2012-02-20 20:30:00,1.32439,1.32439,1.32405,1.32416,715299987.7929688
2012-02-20 20:31:00,1.32416,1.32416,1.3241,1.32413,180100002.28881836
2012-02-20 20:32:00,1.32413,1.32414,1.32413,1.32413,112500000.0
2012-02-20 20:33:00,1.32413,1.32414,1.32404,1.32406,382599983.21533203
2012-02-20 20:34:00,1.32406,1.32406,1.32405,1.32406,195400009.15527344
2012-02-20 20:35:00,1.32406,1.32409,1.32406,1.32406,150000000.0
2012-02-20 20:36:00,1.32406,1.32406,1.324,1.324,172500000.0
2012-02-20 20:37:00,1.324,1.32406,1.32392,1.32393,305599994.6594238
2012-02-20 20:38:00,1.32393,1.32398,1.32383,1.3239,564500007.6293945
2012-02-20 20:39:00,1.32389,1.32394,1.32385,1.32389,293799991.607666
2012-02-20 20:40:00,1.32389,1.32395,1.32388,1.32395,180499992.37060547
2012-02-20 20:41:00,1.32392,1.32419,1.32392,1.32407,710199966.4306641
2012-02-20 20:42:00,1.32407,1.32411,1.32405,1.32411,203099994.65942383
2012-02-20 20:43:00,1.32411,1.32411,1.324,1.32402,412599983.21533203
2012-02-20 20:44:00,1.32402,1.32418,1.32402,1.32418,270400009.15527344
2012-02-20 20:45:00,1.32418,1.32418,1.32415,1.32415,197500000.0
2012-02-20 20:46:00,1.32414,1.32418,1.32405,1.32405,435600013.73291016
2012-02-20 20:47:00,1.32404,1.32419,1.32389,1.32419,497700004.5776367
2012-02-20 20:48:00,1.32419,1.32419,1.32409,1.32409,173999996.18530273
2012-02-20 20:49:00,1.32405,1.32411,1.32398,1.32405,422400016.78466797
2012-02-20 20:50:00,1.32405,1.32409,1.32399,1.32408,210000000.0
2012-02-20 20:51:00,1.32408,1.32408,1.32402,1.32402,88599996.56677246
2012-02-20 20:52:00,1.32402,1.32409,1.32397,1.32404,407299995.4223633
2012-02-20 20:53:00,1.32403,1.32403,1.32391,1.32391,395400009.15527344
2012-02-20 20:54:00,1.32395,1.32395,1.32393,1.32395,60000000.0
2012-02-20 20:55:00,1.32392,1.32395,1.32389,1.3239,127500000.0
2012-02-20 20:56:00,1.3239,1.3239,1.3239,1.3239,60000000.0
2012-02-20 20:57:00,1.3239,1.324,1.3239,1.32393,285000000.0
2012-02-20 20:58:00,1.32393,1.32394,1.3238,1.32383,298999996.18530273
2012-02-20 20:59:00,1.32384,1.32385,1.32357,1.32362,476899986.26708984
2012-02-20 21:00:00,1.32365,1.32384,1.32365,1.32379,690100021.3623047
2012-02-20 21:01:00,1.32379,1.3238,1.32378,1.3238,355800018.3105469
2012-02-20 21:02:00,1.3238,1.32392,1.32379,1.32392,316700000.76293945
2012-02-20 21:03:00,1.32391,1.32391,1.32379,1.32388,90200004.57763672
2012-02-20 21:04:00,1.32399,1.32399,1.32383,1.32383,136099996.56677246
2012-02-20 21:05:00,1.32385,1.32385,1.32385,1.32385,52500000.0
2012-02-20 21:06:00,1.32385,1.32389,1.32384,1.32389,135000000.0
2012-02-20 21:07:00,1.32389,1.3239,1.32386,1.3239,140399999.61853027
2012-02-20 21:08:00,1.32388,1.32388,1.32386,1.32387,112500000.0
2012-02-20 21:09:00,1.32387,1.32387,1.32379,1.32383,187299995.42236328
2012-02-20 21:10:00,1.32383,1.32383,1.32383,1.32383,22500000.0
2012-02-20 21:11:00,1.32381,1.32381,1.3238,1.3238,158299999.23706055
2012-02-20 21:12:00,1.32374,1.32391,1.32374,1.32387,150399999.61853027
2012-02-20 21:13:00,1.32388,1.32388,1.3238,1.32384,254300003.0517578
2012-02-20 21:14:00,1.32383,1.32391,1.32383,1.32391,105000000.0
2012-02-20 21:15:00,1.32391,1.32393,1.32385,1.32385,202700004.57763672
2012-02-20 21:16:00,1.32388,1.32388,1.32385,1.32386,210000000.0
2012-02-20 21:17:00,1.3239,1.32401,1.32387,1.32394,382500000.0
2012-02-20 21:18:00,1.32395,1.32426,1.32393,1.32425,785899963.3789062
2012-02-20 21:19:00,1.32426,1.32428,1.32419,1.32423,243799991.60766602
2012-02-20 21:20:00,1.32422,1.32422,1.32415,1.32415,78800001.14440918
2012-02-20 21:21:00,1.32416,1.32439,1.32416,1.32439,322500000.0
2012-02-20 21:22:00,1.32439,1.32441,1.32439,1.32441,45000000.0
2012-02-20 21:23:00,1.32441,1.32441,1.32439,1.32441,67500000.0
2012-02-20 21:24:00,1.3244,1.3244,1.32424,1.32429,247500000.0
2012-02-20 21:25:00,1.32429,1.32429,1.32405,1.32405,378800010.68115234
2012-02-20 21:26:00,1.32406,1.3241,1.32406,1.32406,135000000.0
2012-02-20 21:27:00,1.32406,1.32406,1.32398,1.32403,405200004.5776367
2012-02-20 21:28:00,1.32403,1.32406,1.32396,1.32404,307600002.28881836
2012-02-20 21:29:00,1.32401,1.32407,1.324,1.32407,240000000.0
2012-02-20 21:30:00,1.32407,1.32415,1.32407,1.32414,183799991.60766602
2012-02-20 21:31:00,1.32415,1.32424,1.32415,1.32417,120000000.0
2012-02-20 21:32:00,1.32416,1.32421,1.32415,1.3242,187500000.0
2012-02-20 21:33:00,1.3242,1.32424,1.32405,1.32405,341300010.68115234
2012-02-20 21:34:00,1.32403,1.32403,1.32399,1.324,195000000.0
2012-02-20 21:35:00,1.324,1.324,1.324,1.324,195000000.0
2012-02-20 21:36:00,1.32401,1.32409,1.32401,1.32409,93800001.14440918
2012-02-20 21:37:00,1.32409,1.32411,1.32407,1.32411,210000000.0
2012-02-20 21:38:00,1.32411,1.32413,1.3241,1.32413,90000000.0
2012-02-20 21:39:00,1.32413,1.3242,1.32413,1.32419,120000000.0
2012-02-20 21:40:00,1.3242,1.3243,1.32418,1.32429,311399993.8964844
2012-02-20 21:41:00,1.32429,1.32447,1.32429,1.3244,466399993.8964844
2012-02-20 21:42:00,1.32441,1.32447,1.32439,1.32446,176299991.60766602
2012-02-20 21:43:00,1.32444,1.32445,1.32442,1.32442,75000000.0
2012-02-20 21:44:00,1.32444,1.32444,1.32438,1.32438,180000000.0
2012-02-20 21:45:00,1.32437,1.32437,1.32435,1.32435,60000000.0
2012-02-20 21:46:00,1.32434,1.32434,1.32427,1.3243,300000000.0
2012-02-20 21:47:00,1.32427,1.32441,1.32425,1.32441,195000000.0
2012-02-20 21:48:00,1.32441,1.32442,1.32434,1.32442,210000000.0
2012-02-20 21:49:00,1.32442,1.32465,1.32442,1.32454,675100021.3623047
2012-02-20 21:50:00,1.32454,1.32456,1.32449,1.32452,345000000.0
2012-02-20 21:51:00,1.32453,1.32454,1.32451,1.32451,90000000.0
2012-02-20 21:52:00,1.32451,1.32459,1.32449,1.32449,247600002.28881836
2012-02-20 21:53:00,1.32446,1.32448,1.32432,1.32442,375299987.79296875
2012-02-20 21:54:00,1.32438,1.32442,1.32426,1.3243,206900005.34057617
2012-02-20 21:55:00,1.32431,1.32431,1.32422,1.32422,75000000.0
2012-02-20 21:56:00,1.32422,1.32422,1.32415,1.32415,401399993.8964844
2012-02-20 21:57:00,1.32416,1.32427,1.32413,1.32422,328800010.68115234
2012-02-20 21:58:00,1.32423,1.32426,1.32415,1.32418,281399993.8964844
2012-02-20 21:59:00,1.32418,1.32428,1.32416,1.32416,139200000.76293945
2012-02-20 22:00:00,1.3242,1.32434,1.32419,1.32425,67500000.0
2012-02-20 22:01:00,1.32428,1.32449,1.32415,1.32434,123999996.18530273
2012-02-20 22:02:00,1.32433,1.32462,1.32417,1.3243,222099990.84472656
2012-02-20 22:03:00,1.32432,1.3244,1.32416,1.3244,443499984.74121094
2012-02-20 22:04:00,1.32439,1.32447,1.32416,1.32429,139099998.4741211
2012-02-20 22:05:00,1.32428,1.32469,1.32428,1.32452,458699989.31884766
2012-02-20 22:06:00,1.3245,1.32459,1.32428,1.32428,433800010.68115234
2012-02-20 22:07:00,1.32434,1.32434,1.32381,1.32384,454099998.4741211
2012-02-20 22:08:00,1.32385,1.32392,1.3237,1.32391,764100036.6210938
2012-02-20 22:09:00,1.32392,1.32403,1.32388,1.32399,332799987.79296875
2012-02-20 22:10:00,1.32397,1.32408,1.32394,1.32408,352700004.5776367
2012-02-20 22:11:00,1.3241,1.32412,1.32408,1.32412,140500001.90734863
2012-02-20 22:12:00,1.32415,1.32417,1.3241,1.3241,141899995.803833
2012-02-20 22:13:00,1.32411,1.32416,1.3241,1.32415,227999992.37060547
2012-02-20 22:14:00,1.32415,1.32416,1.32409,1.32413,234899997.71118164
2012-02-20 22:15:00,1.32412,1.32423,1.32412,1.32418,220100002.28881836
2012-02-20 22:16:00,1.32422,1.32422,1.32417,1.32417,112700004.57763672
2012-02-20 22:17:00,1.32417,1.32418,1.324,1.32404,165499992.37060547
2012-02-20 22:18:00,1.32403,1.32403,1.32398,1.32402,97799997.32971191
2012-02-20 22:19:00,1.32404,1.32419,1.32387,1.32389,271000003.81469727
2012-02-20 22:20:00,1.32392,1.32404,1.32392,1.32404,118599996.56677246
2012-02-20 22:21:00,1.32404,1.32413,1.32404,1.32404,293600006.1035156
2012-02-20 22:22:00,1.32404,1.32404,1.32399,1.324,35299999.713897705
2012-02-20 22:23:00,1.32401,1.32409,1.32401,1.32405,113000001.90734863
2012-02-20 22:24:00,1.32409,1.32416,1.32406,1.3241,304799995.4223633
2012-02-20 22:25:00,1.3241,1.32412,1.32399,1.32411,271100006.1035156
2012-02-20 22:26:00,1.32408,1.32439,1.32408,1.32414,657600021.3623047
2012-02-20 22:27:00,1.32414,1.32415,1.32377,1.32387,935299987.7929688
2012-02-20 22:28:00,1.32389,1.32418,1.32383,1.32409,969000015.2587891
2012-02-20 22:29:00,1.32409,1.32414,1.32372,1.32372,587299995.4223633
2012-02-20 22:30:00,1.3238,1.3238,1.32339,1.32376,1103399963.3789062
2012-02-20 22:31:00,1.32375,1.32395,1.32374,1.32374,1026500015.2587891
2012-02-20 22:32:00,1.32383,1.32384,1.32364,1.32378,603100013.7329102
2012-02-20 22:33:00,1.32377,1.32377,1.32362,1.32367,441199989.31884766
2012-02-20 22:34:00,1.32367,1.32376,1.32367,1.32374,114499998.09265137
2012-02-20 22:35:00,1.32376,1.32396,1.32376,1.32394,372999992.37060547
2012-02-20 22:36:00,1.32394,1.32397,1.32393,1.32393,77199997.9019165
2012-02-20 22:37:00,1.32395,1.32413,1.32393,1.32413,304699993.1335449
2012-02-20 22:38:00,1.32413,1.32422,1.32412,1.32422,142899999.61853027
2012-02-20 22:39:00,1.32422,1.32422,1.32421,1.32421,45100002.28881836
2012-02-20 22:40:00,1.32422,1.32427,1.3242,1.3242,169200000.76293945
2012-02-20 22:41:00,1.3242,1.32421,1.3242,1.32421,82799997.32971191
2012-02-20 22:42:00,1.32421,1.32436,1.32421,1.32435,398499984.74121094
2012-02-20 22:43:00,1.32433,1.32433,1.32398,1.32412,597500000.0
2012-02-20 22:44:00,1.32412,1.32412,1.32394,1.32401,605000000.0
2012-02-20 22:45:00,1.32401,1.32421,1.32401,1.32419,632299995.4223633
2012-02-20 22:46:00,1.32419,1.32428,1.32412,1.32428,142799997.3297119
2012-02-20 22:47:00,1.32422,1.32422,1.32389,1.32397,585499992.3706055
2012-02-20 22:48:00,1.32394,1.32421,1.32374,1.32404,920000000.0
2012-02-20 22:49:00,1.32404,1.32404,1.32375,1.32391,870999984.7412109
2012-02-20 22:50:00,1.3239,1.32401,1.32383,1.32393,558699989.3188477
2012-02-20 22:51:00,1.32393,1.32403,1.32382,1.32383,661900024.4140625
2012-02-20 22:52:00,1.32386,1.32393,1.32364,1.32374,768600006.1035156
2012-02-20 22:53:00,1.32373,1.32387,1.32364,1.32384,809499969.4824219
2012-02-20 22:54:00,1.32385,1.32388,1.3238,1.3238,338400001.5258789
2012-02-20 22:55:00,1.3238,1.32385,1.32365,1.32372,594900016.784668
2012-02-20 22:56:00,1.32367,1.32367,1.32331,1.32335,645999984.7412109
2012-02-20 22:57:00,1.32338,1.3235,1.32333,1.32339,375900001.5258789
2012-02-20 22:58:00,1.32335,1.32337,1.32323,1.32323,291900005.3405762
2012-02-20 22:59:00,1.32325,1.32329,1.3232,1.32329,281399993.8964844
2012-02-20 23:00:00,1.32329,1.32348,1.32324,1.32339,712399978.6376953
2012-02-20 23:01:00,1.32339,1.32341,1.32321,1.32328,605099983.215332
2012-02-20 23:02:00,1.32328,1.32328,1.32317,1.32324,587299995.4223633
2012-02-20 23:03:00,1.32324,1.32327,1.32321,1.32325,416300010.68115234
2012-02-20 23:04:00,1.32326,1.32326,1.32323,1.32324,341500015.25878906
2012-02-20 23:05:00,1.32322,1.32326,1.32317,1.32326,1012200012.2070312
2012-02-20 23:06:00,1.32327,1.32333,1.32327,1.32329,377900009.15527344
2012-02-20 23:07:00,1.3233,1.32339,1.3233,1.32338,206800003.0517578
2012-02-20 23:08:00,1.32339,1.3234,1.32331,1.32331,466800003.0517578
2012-02-20 23:09:00,1.32331,1.32331,1.32321,1.32325,1246800003.0517578
2012-02-20 23:10:00,1.32325,1.32326,1.3231,1.32315,849700012.2070312
2012-02-20 23:11:00,1.32318,1.32318,1.32257,1.32257,2146300048.828125
2012-02-20 23:12:00,1.32255,1.32263,1.32222,1.32233,1818800048.828125
2012-02-20 23:13:00,1.32237,1.32243,1.32229,1.32232,1344499969.4824219
2012-02-20 23:14:00,1.32232,1.32232,1.32209,1.32224,1451399993.8964844
2012-02-20 23:15:00,1.3222,1.3222,1.32185,1.32187,1564400024.4140625
2012-02-20 23:16:00,1.32187,1.32188,1.32164,1.32172,1005699996.9482422
2012-02-20 23:17:00,1.32172,1.32174,1.321,1.321,1327500000.0
2012-02-20 23:18:00,1.32101,1.32119,1.32085,1.3211,2254299926.7578125
2012-02-20 23:19:00,1.32107,1.32113,1.321,1.32107,1255899963.3789062
2012-02-20 23:20:00,1.32109,1.32139,1.32109,1.32119,1560899963.3789062
2012-02-20 23:21:00,1.32117,1.32134,1.32107,1.32118,1510000000.0
2012-02-20 23:22:00,1.32119,1.32119,1.32096,1.32103,1218000030.5175781
2012-02-20 23:23:00,1.32103,1.32109,1.32095,1.32109,1721300048.828125
2012-02-20 23:24:00,1.32109,1.32109,1.32051,1.32051,1970200042.7246094
2012-02-20 23:25:00,1.32056,1.32059,1.32035,1.32043,1332500000.0
2012-02-20 23:26:00,1.32043,1.32043,1.32,1.32004,1994100036.6210938
2012-02-20 23:27:00,1.32004,1.32006,1.31986,1.31995,1608000030.5175781
2012-02-20 23:28:00,1.31996,1.32023,1.31996,1.32013,1950299987.7929688
2012-02-20 23:29:00,1.32012,1.32034,1.32008,1.32028,1691300048.828125
2012-02-20 23:30:00,1.32026,1.32044,1.32025,1.32036,922200012.2070312
2012-02-20 23:31:00,1.32043,1.32053,1.32039,1.32039,1558800048.828125
2012-02-20 23:32:00,1.32036,1.32043,1.32036,1.32037,691600036.6210938
2012-02-20 23:33:00,1.32037,1.32042,1.32037,1.32038,507099990.84472656
2012-02-20 23:34:00,1.32038,1.32041,1.32032,1.32038,925999984.7412109
2012-02-20 23:35:00,1.32037,1.32083,1.32037,1.32076,1642599945.0683594
2012-02-20 23:36:00,1.32075,1.32085,1.32071,1.32072,1378600006.1035156
2012-02-20 23:37:00,1.32074,1.32098,1.32073,1.32091,1265299987.7929688
2012-02-20 23:38:00,1.32091,1.32097,1.32088,1.32093,351399993.8964844
2012-02-20 23:39:00,1.32091,1.32094,1.32068,1.32069,682900009.1552734
2012-02-20 23:40:00,1.32069,1.32089,1.32066,1.32087,564900016.784668
2012-02-20 23:41:00,1.32087,1.32088,1.32087,1.32087,211800003.0517578
2012-02-20 23:42:00,1.32088,1.32088,1.32072,1.32074,795599975.5859375
2012-02-20 23:43:00,1.32074,1.32074,1.32054,1.32054,1373800048.828125
2012-02-20 23:44:00,1.32054,1.32072,1.3204,1.32067,1428999938.9648438
2012-02-20 23:45:00,1.32067,1.32088,1.32067,1.32083,1004199981.6894531
2012-02-20 23:46:00,1.32083,1.32083,1.32063,1.32068,891100006.1035156
2012-02-20 23:47:00,1.32068,1.32078,1.32066,1.32068,1470399932.8613281
2012-02-20 23:48:00,1.32068,1.32073,1.32048,1.32054,967900009.1552734
2012-02-20 23:49:00,1.32054,1.32068,1.32047,1.32064,1012500000.0
2012-02-20 23:50:00,1.32066,1.32067,1.32037,1.3205,1452700042.7246094
2012-02-20 23:51:00,1.32052,1.32053,1.32021,1.32033,1408000030.5175781
2012-02-20 23:52:00,1.32033,1.32033,1.32003,1.32004,1899499969.4824219
2012-02-20 23:53:00,1.32003,1.32012,1.31998,1.32012,1135299987.7929688
2012-02-20 23:54:00,1.32013,1.32044,1.32013,1.32044,760800018.3105469
2012-02-20 23:55:00,1.32051,1.32051,1.3202,1.32025,1154499969.4824219
2012-02-20 23:56:00,1.32025,1.3205,1.32024,1.32039,923300018.3105469
2012-02-20 23:57:00,1.32039,1.32045,1.3203,1.32033,693399963.3789062
2012-02-20 23:58:00,1.3203,1.32053,1.3202,1.32053,1017600021.3623047
2012-02-20 23:59:00,1.32053,1.32074,1.32047,1.32074,763199996.9482422
2012-02-21 00:00:00,1.32071,1.32128,1.3207,1.32123,1721199951.171875
2012-02-21 00:01:00,1.32123,1.32129,1.32089,1.32122,2456900024.4140625
2012-02-21 00:02:00,1.32119,1.32142,1.32118,1.3214,1378300018.3105469
2012-02-21 00:03:00,1.3214,1.32165,1.3214,1.3216,1830500030.5175781
2012-02-21 00:04:00,1.32159,1.32159,1.32132,1.32153,2045899963.3789062
2012-02-21 00:05:00,1.32153,1.32153,1.32135,1.32137,1651600036.6210938
2012-02-21 00:06:00,1.32137,1.32147,1.32114,1.3212,1866100006.1035156
2012-02-21 00:07:00,1.3212,1.32147,1.32116,1.32144,848799972.5341797
2012-02-21 00:08:00,1.32144,1.32144,1.32096,1.32104,1314499969.4824219
2012-02-21 00:09:00,1.32103,1.32129,1.32095,1.32115,1217500000.0
2012-02-21 00:10:00,1.32116,1.32138,1.32098,1.32128,1153099975.5859375
2012-02-21 00:11:00,1.32128,1.32152,1.32128,1.32151,694599990.8447266
2012-02-21 00:12:00,1.32148,1.3215,1.32114,1.32124,1103899993.8964844
2012-02-21 00:13:00,1.32124,1.32124,1.32109,1.32109,364199981.6894531
2012-02-21 00:14:00,1.32106,1.32112,1.32091,1.3211,1020299987.7929688
2012-02-21 00:15:00,1.32108,1.32121,1.32095,1.32095,1069599990.8447266
2012-02-21 00:16:00,1.32091,1.32099,1.32088,1.32097,1390099945.0683594
2012-02-21 00:17:00,1.32097,1.32113,1.32092,1.32112,1314100036.6210938
2012-02-21 00:18:00,1.32113,1.32123,1.32106,1.32113,1164100036.6210938
2012-02-21 00:19:00,1.32112,1.32112,1.321,1.32105,762399978.6376953
2012-02-21 00:20:00,1.32104,1.32106,1.32078,1.32084,1574400024.4140625
2012-02-21 00:21:00,1.32084,1.32104,1.32068,1.32095,1266900024.4140625
2012-02-21 00:22:00,1.32095,1.3212,1.32092,1.32114,1061600036.6210938
2012-02-21 00:23:00,1.32113,1.32113,1.32093,1.32102,575499992.3706055
2012-02-21 00:24:00,1.32102,1.32114,1.32092,1.32092,649199981.6894531
2012-02-21 00:25:00,1.32089,1.32089,1.32069,1.3207,606699981.6894531
2012-02-21 00:26:00,1.32071,1.32081,1.32071,1.32072,362200012.20703125
2012-02-21 00:27:00,1.32072,1.3209,1.32044,1.32058,1030800018.3105469
2012-02-21 00:28:00,1.32057,1.32061,1.32049,1.32058,532400016.78466797
2012-02-21 00:29:00,1.32059,1.32063,1.32052,1.32057,1173199996.9482422
2012-02-21 00:30:00,1.32057,1.32058,1.32009,1.32032,2794400024.4140625
2012-02-21 00:31:00,1.32037,1.32088,1.32033,1.32058,2611199951.171875
2012-02-21 00:32:00,1.32058,1.32058,1.32029,1.32047,1558999938.9648438
2012-02-21 00:33:00,1.32047,1.3209,1.32047,1.3209,2117599945.0683594
2012-02-21 00:34:00,1.32091,1.32116,1.32091,1.32097,1959700012.2070312
2012-02-21 00:35:00,1.32097,1.32097,1.32091,1.32095,915500030.5175781
2012-02-21 00:36:00,1.32095,1.32105,1.32094,1.32094,1422899932.8613281
2012-02-21 00:37:00,1.32093,1.32093,1.3208,1.32081,645000000.0
2012-02-21 00:38:00,1.32081,1.32096,1.32079,1.32094,607500000.0
2012-02-21 00:39:00,1.32093,1.32098,1.32091,1.32092,757600021.3623047
2012-02-21 00:40:00,1.32095,1.32095,1.32071,1.32071,959100036.6210938
2012-02-21 00:41:00,1.32075,1.32089,1.3207,1.32081,1280099945.0683594
2012-02-21 00:42:00,1.32081,1.32098,1.32081,1.32093,1305000000.0
2012-02-21 00:43:00,1.32093,1.3211,1.32087,1.3211,1159899978.6376953
2012-02-21 00:44:00,1.32111,1.32195,1.32111,1.32171,2189600067.138672
2012-02-21 00:45:00,1.32171,1.32223,1.32168,1.32214,2016100006.1035156
2012-02-21 00:46:00,1.32213,1.32213,1.32192,1.32192,1926199951.171875
2012-02-21 00:47:00,1.32192,1.32203,1.3219,1.322,1342500000.0
2012-02-21 00:48:00,1.322,1.32216,1.322,1.32209,1167699966.430664
2012-02-21 00:49:00,1.32211,1.32212,1.32203,1.32205,1180100021.3623047
2012-02-21 00:50:00,1.32205,1.32205,1.32177,1.32179,1642799987.7929688
2012-02-21 00:51:00,1.32179,1.32181,1.32169,1.3217,1757100067.1386719
2012-02-21 00:52:00,1.32169,1.32185,1.32168,1.3218,1728800048.828125
2012-02-21 00:53:00,1.3218,1.3218,1.3217,1.3217,1646300048.828125
2012-02-21 00:54:00,1.3217,1.32198,1.3217,1.32198,2463899993.8964844
2012-02-21 00:55:00,1.32198,1.32214,1.3219,1.32193,2781000061.0351562
2012-02-21 00:56:00,1.32193,1.3222,1.32192,1.32211,2070099945.0683594
2012-02-21 00:57:00,1.32215,1.32223,1.32201,1.32218,1828099975.5859375
2012-02-21 00:58:00,1.32218,1.32245,1.32215,1.32242,1387599945.0683594
2012-02-21 00:59:00,1.32241,1.3225,1.32241,1.32244,1513600006.1035156
2012-02-21 01:00:00,1.32246,1.3226,1.32218,1.32221,1518500061.0351562
2012-02-21 01:01:00,1.32221,1.32234,1.32221,1.32231,999800033.5693359
2012-02-21 01:02:00,1.32231,1.32232,1.32217,1.32227,1525700073.2421875
2012-02-21 01:03:00,1.32227,1.32227,1.32216,1.32218,901800003.0517578
2012-02-21 01:04:00,1.32219,1.32235,1.32219,1.32222,1626300048.828125
2012-02-21 01:05:00,1.32222,1.32226,1.32214,1.32224,1440700073.2421875
2012-02-21 01:06:00,1.32224,1.32228,1.32218,1.32226,911299972.5341797
2012-02-21 01:07:00,1.32226,1.32238,1.32215,1.32234,1271500015.258789
2012-02-21 01:08:00,1.32236,1.32236,1.32222,1.32228,1274400024.4140625
2012-02-21 01:09:00,1.32231,1.32231,1.32215,1.32223,675699996.9482422
2012-02-21 01:10:00,1.32225,1.32226,1.32212,1.32212,961299972.5341797
2012-02-21 01:11:00,1.32212,1.32223,1.32206,1.32223,974000015.2587891
2012-02-21 01:12:00,1.32225,1.32228,1.32215,1.32222,962799987.7929688
2012-02-21 01:13:00,1.32222,1.32222,1.32218,1.32218,504399986.26708984
2012-02-21 01:14:00,1.32216,1.32216,1.32189,1.32193,1588699951.171875
2012-02-21 01:15:00,1.3219,1.32204,1.32186,1.32199,1249899978.6376953
2012-02-21 01:16:00,1.32199,1.32199,1.3219,1.32192,459099998.4741211
2012-02-21 01:17:00,1.32192,1.32195,1.32178,1.3219,1406499938.9648438
2012-02-21 01:18:00,1.32191,1.32214,1.32191,1.32196,1484499969.4824219
2012-02-21 01:19:00,1.32198,1.32215,1.32196,1.32204,1441999969.4824219
2012-02-21 01:20:00,1.32205,1.32218,1.32203,1.32215,600000000.0
2012-02-21 01:21:00,1.32217,1.3222,1.32202,1.32206,422500000.0
2012-02-21 01:22:00,1.32206,1.32206,1.32198,1.32206,285000000.0
2012-02-21 01:23:00,1.32209,1.32212,1.32201,1.32211,596399993.8964844
2012-02-21 01:24:00,1.32211,1.32211,1.32192,1.32196,592700004.5776367
2012-02-21 01:25:00,1.32193,1.32193,1.3218,1.32187,774499969.4824219
2012-02-21 01:26:00,1.32189,1.32207,1.32189,1.32207,1074199981.6894531
2012-02-21 01:27:00,1.32205,1.32207,1.32193,1.32193,819400024.4140625
2012-02-21 01:28:00,1.3219,1.3219,1.32172,1.32183,1152200012.2070312
2012-02-21 01:29:00,1.3218,1.32188,1.32173,1.32177,1091600036.6210938
2012-02-21 01:30:00,1.32171,1.32217,1.32169,1.32207,1710599975.5859375
2012-02-21 01:31:00,1.32207,1.32217,1.32195,1.32197,915999984.7412109
2012-02-21 01:32:00,1.32197,1.32201,1.32183,1.32195,1046500015.2587891
2012-02-21 01:33:00,1.32197,1.32201,1.32188,1.3219,647399978.6376953
2012-02-21 01:34:00,1.32192,1.32197,1.32183,1.32196,1289900054.9316406
2012-02-21 01:35:00,1.32196,1.32197,1.32185,1.32194,865999984.7412109
2012-02-21 01:36:00,1.32191,1.322,1.32184,1.32197,1176500015.258789
2012-02-21 01:37:00,1.32197,1.32201,1.32196,1.32199,385099983.21533203
2012-02-21 01:38:00,1.322,1.32212,1.322,1.32204,596899986.2670898
2012-02-21 01:39:00,1.32204,1.32231,1.32204,1.3221,1328099975.5859375
2012-02-21 01:40:00,1.32213,1.32219,1.32209,1.32212,294400005.3405762
2012-02-21 01:41:00,1.32212,1.32223,1.32212,1.32216,765800018.3105469
2012-02-21 01:42:00,1.32222,1.32229,1.32212,1.32228,761500015.2587891
2012-02-21 01:43:00,1.32226,1.32227,1.32222,1.32226,698099975.5859375
2012-02-21 01:44:00,1.32228,1.32228,1.32209,1.32217,623499984.7412109
2012-02-21 01:45:00,1.32217,1.32219,1.32209,1.3221,894899978.6376953
2012-02-21 01:46:00,1.32208,1.32211,1.32188,1.32208,1497200012.2070312
2012-02-21 01:47:00,1.32208,1.32212,1.32196,1.32212,940100021.3623047
2012-02-21 01:48:00,1.32212,1.32222,1.32198,1.3221,1088700027.4658203
2012-02-21 01:49:00,1.32214,1.32214,1.32203,1.32209,545600013.7329102
2012-02-21 01:50:00,1.32207,1.32207,1.32191,1.32191,465099983.21533203
2012-02-21 01:51:00,1.32191,1.3221,1.3218,1.3221,1352200012.2070312
2012-02-21 01:52:00,1.3221,1.32212,1.32207,1.32209,393800010.68115234
2012-02-21 01:53:00,1.32209,1.3221,1.32202,1.32209,647099990.8447266
2012-02-21 01:54:00,1.32209,1.32216,1.32204,1.32215,605900001.5258789
2012-02-21 01:55:00,1.32215,1.32227,1.32207,1.32207,750699996.9482422
2012-02-21 01:56:00,1.32207,1.32207,1.32186,1.32187,796699981.6894531
2012-02-21 01:57:00,1.32187,1.32187,1.32161,1.32168,1533399963.3789062
2012-02-21 01:58:00,1.32167,1.32168,1.32149,1.3215,1183799972.5341797
2012-02-21 01:59:00,1.3215,1.3215,1.3213,1.32138,1350200042.7246094
2012-02-21 02:00:00,1.32138,1.32149,1.32107,1.32111,2236000061.0351562
2012-02-21 02:01:00,1.32111,1.32136,1.32109,1.32119,1705599975.5859375
2012-02-21 02:02:00,1.32119,1.3214,1.32108,1.3214,1268799972.5341797
2012-02-21 02:03:00,1.3214,1.32145,1.3211,1.32125,1106699981.6894531
2012-02-21 02:04:00,1.32125,1.3213,1.32119,1.32123,851900024.4140625
2012-02-21 02:05:00,1.32126,1.3214,1.32126,1.3214,1260199966.430664
2012-02-21 02:06:00,1.32138,1.32167,1.32135,1.32154,1416900024.4140625
2012-02-21 02:07:00,1.32154,1.3219,1.32152,1.32157,1566600036.6210938
2012-02-21 02:08:00,1.32157,1.32173,1.32157,1.32166,876999969.4824219
2012-02-21 02:09:00,1.32166,1.32166,1.3213,1.3213,973700027.4658203
2012-02-21 02:10:00,1.32128,1.32146,1.3212,1.32138,1565099945.0683594
2012-02-21 02:11:00,1.32138,1.32138,1.32125,1.32129,666699981.6894531
2012-02-21 02:12:00,1.32129,1.32147,1.32129,1.32144,883899993.8964844
2012-02-21 02:13:00,1.32144,1.32155,1.32142,1.32142,718399963.3789062
2012-02-21 02:14:00,1.32147,1.32147,1.32138,1.32144,723000030.5175781
2012-02-21 02:15:00,1.32145,1.32149,1.32059,1.3206,1873600006.1035156
2012-02-21 02:16:00,1.3206,1.32089,1.32046,1.32062,1869799957.2753906
2012-02-21 02:17:00,1.32062,1.3207,1.32059,1.32063,865299987.7929688
2012-02-21 02:18:00,1.32066,1.32066,1.32036,1.32039,1443899993.8964844
2012-02-21 02:19:00,1.32039,1.32039,1.32002,1.32026,2283000030.517578
2012-02-21 02:20:00,1.3202,1.32042,1.32012,1.32042,1602799987.7929688
2012-02-21 02:21:00,1.32042,1.32048,1.32014,1.32016,1462599945.0683594
2012-02-21 02:22:00,1.32013,1.32019,1.32013,1.32019,1161100006.1035156
2012-02-21 02:23:00,1.32019,1.32041,1.32019,1.32039,1095400009.1552734
2012-02-21 02:24:00,1.32039,1.32041,1.32029,1.32035,805999984.7412109
2012-02-21 02:25:00,1.32041,1.32053,1.32038,1.32053,1448099975.5859375
2012-02-21 02:26:00,1.32053,1.32072,1.32043,1.32072,1155599975.5859375
2012-02-21 02:27:00,1.32072,1.32103,1.32072,1.32088,1793399963.3789062
2012-02-21 02:28:00,1.32088,1.32089,1.32069,1.3207,1058799972.5341797
2012-02-21 02:29:00,1.3207,1.32079,1.32067,1.3207,718399963.3789062
2012-02-21 02:30:00,1.32068,1.32076,1.32048,1.32049,782600021.3623047
2012-02-21 02:31:00,1.32048,1.3205,1.32027,1.32035,1350899963.3789062
2012-02-21 02:32:00,1.32034,1.3205,1.32031,1.32046,803799972.5341797
2012-02-21 02:33:00,1.32048,1.32049,1.31955,1.31955,2416999969.482422
2012-02-21 02:34:00,1.31955,1.3196,1.3191,1.31942,2850199890.1367188
2012-02-21 02:35:00,1.31944,1.31944,1.31897,1.31908,2161300048.828125
2012-02-21 02:36:00,1.31908,1.31961,1.31907,1.3196,1483099975.5859375
2012-02-21 02:37:00,1.31959,1.31971,1.31942,1.31949,2172400054.9316406
2012-02-21 02:38:00,1.31946,1.31946,1.31889,1.31894,2385399932.861328
2012-02-21 02:39:00,1.31894,1.31937,1.31894,1.31919,2731600036.6210938
2012-02-21 02:40:00,1.31919,1.31919,1.3187,1.31911,2408300018.310547
2012-02-21 02:41:00,1.31911,1.31924,1.31887,1.31904,1737899932.8613281
2012-02-21 02:42:00,1.31904,1.31928,1.31898,1.31927,1609499969.4824219
2012-02-21 02:43:00,1.31928,1.31942,1.31928,1.31928,1416399993.8964844
2012-02-21 02:44:00,1.31928,1.31928,1.31897,1.31905,1939700012.2070312
2012-02-21 02:45:00,1.31904,1.31911,1.31898,1.31911,1688200073.2421875
2012-02-21 02:46:00,1.31908,1.31944,1.31905,1.31944,856999969.4824219
2012-02-21 02:47:00,1.31944,1.31944,1.31883,1.31893,1657299957.2753906
2012-02-21 02:48:00,1.31893,1.31953,1.31892,1.31916,1600599975.5859375
2012-02-21 02:49:00,1.31912,1.31995,1.31912,1.31995,2512599945.0683594
2012-02-21 02:50:00,1.31995,1.32195,1.31995,1.32194,4327200012.207031
2012-02-21 02:51:00,1.32195,1.32365,1.32195,1.32365,3495000000.0
2012-02-21 02:52:00,1.3236,1.32524,1.3236,1.32524,3714100036.6210938
2012-02-21 02:53:00,1.32525,1.32576,1.32451,1.32491,4003599853.515625
2012-02-21 02:54:00,1.32495,1.32545,1.32482,1.32496,3652300109.8632812
2012-02-21 02:55:00,1.32498,1.3257,1.32478,1.32536,3456499938.9648438
2012-02-21 02:56:00,1.32536,1.32555,1.32507,1.3251,2510500030.517578
2012-02-21 02:57:00,1.3251,1.3251,1.32359,1.32389,2583299865.7226562
2012-02-21 02:58:00,1.32385,1.32454,1.32384,1.32439,3091499938.9648438
2012-02-21 02:59:00,1.32439,1.32483,1.32412,1.32477,2255200042.7246094
2012-02-21 03:00:00,1.3247,1.32481,1.3239,1.32392,2785299987.7929688
2012-02-21 03:01:00,1.32389,1.32438,1.32384,1.32433,2633500061.0351562
2012-02-21 03:02:00,1.32433,1.32495,1.32429,1.3248,2296199951.171875
2012-02-21 03:03:00,1.3248,1.32524,1.32451,1.32522,2647300109.8632812
2012-02-21 03:04:00,1.32523,1.32585,1.32523,1.32569,3206700134.2773438
2012-02-21 03:05:00,1.32569,1.32583,1.32538,1.32538,2110299987.7929688
2012-02-21 03:06:00,1.32538,1.32585,1.32538,1.32556,2373099975.5859375
2012-02-21 03:07:00,1.32556,1.32688,1.32556,1.32688,3201400146.484375
2012-02-21 03:08:00,1.32688,1.32772,1.32688,1.32704,4708699951.171875
2012-02-21 03:09:00,1.32702,1.32802,1.327,1.32779,4249500122.0703125
2012-02-21 03:10:00,1.32777,1.32864,1.32747,1.32864,3384500122.0703125
2012-02-21 03:11:00,1.32866,1.32881,1.3285,1.32874,2722399902.34375
2012-02-21 03:12:00,1.32874,1.32926,1.32869,1.32922,2793399963.3789062
2012-02-21 03:13:00,1.32922,1.32922,1.32817,1.32835,3222000122.0703125
2012-02-21 03:14:00,1.32837,1.32903,1.32836,1.32895,3216700134.2773438
2012-02-21 03:15:00,1.32898,1.32916,1.32863,1.32895,2925000000.0
2012-02-21 03:16:00,1.32896,1.3292,1.32889,1.32898,2431399993.8964844
2012-02-21 03:17:00,1.32895,1.32897,1.32863,1.32867,2407400054.9316406
2012-02-21 03:18:00,1.32867,1.32868,1.32805,1.32814,3189599914.5507812
2012-02-21 03:19:00,1.32814,1.32819,1.32803,1.32807,1946900024.4140625
2012-02-21 03:20:00,1.32804,1.32839,1.328,1.32833,1929299926.7578125
2012-02-21 03:21:00,1.32834,1.3285,1.32767,1.3277,2181199951.171875
2012-02-21 03:22:00,1.3277,1.32813,1.32767,1.32787,2616000061.0351562
2012-02-21 03:23:00,1.32787,1.32794,1.32749,1.32765,2494199981.689453
2012-02-21 03:24:00,1.32767,1.32792,1.32763,1.32763,1816300048.828125
2012-02-21 03:25:00,1.32767,1.32791,1.32763,1.32776,1500500030.5175781
2012-02-21 03:26:00,1.32776,1.32791,1.32772,1.32782,1401000061.0351562
2012-02-21 03:27:00,1.32781,1.32844,1.32781,1.32813,2153999938.9648438
2012-02-21 03:28:00,1.32812,1.3284,1.32798,1.32838,2243399963.3789062
2012-02-21 03:29:00,1.32838,1.32838,1.32791,1.32798,1840700073.2421875
2012-02-21 03:30:00,1.32797,1.32797,1.32772,1.32781,1300500030.5175781
2012-02-21 03:31:00,1.32781,1.32781,1.32739,1.32752,1499100036.6210938
2012-02-21 03:32:00,1.32753,1.32778,1.32752,1.32771,1516999969.4824219
2012-02-21 03:33:00,1.32771,1.32778,1.32731,1.32735,1422500000.0
2012-02-21 03:34:00,1.32735,1.32738,1.32683,1.32702,2426600036.6210938
2012-02-21 03:35:00,1.32702,1.32703,1.32664,1.32703,2443999938.9648438
2012-02-21 03:36:00,1.32701,1.32701,1.32682,1.32686,1539100036.6210938
2012-02-21 03:37:00,1.32684,1.3269,1.3265,1.32654,2135299987.7929688
2012-02-21 03:38:00,1.32654,1.32662,1.3264,1.32647,1699299926.7578125
2012-02-21 03:39:00,1.32649,1.3266,1.32639,1.32657,1830700073.2421875
2012-02-21 03:40:00,1.32659,1.32674,1.3265,1.32672,1243399963.3789062
2012-02-21 03:41:00,1.32668,1.3267,1.32633,1.32655,1727700042.7246094
2012-02-21 03:42:00,1.32655,1.32692,1.32649,1.32685,1722200012.2070312
2012-02-21 03:43:00,1.32685,1.32691,1.32665,1.32667,1716900024.4140625
2012-02-21 03:44:00,1.32667,1.32668,1.32626,1.32627,2344199981.689453
2012-02-21 03:45:00,1.32621,1.32621,1.32572,1.3258,2357500000.0
2012-02-21 03:46:00,1.32584,1.32628,1.32584,1.32628,1652400054.9316406
2012-02-21 03:47:00,1.3263,1.32633,1.32611,1.32633,1463399963.3789062
2012-02-21 03:48:00,1.32633,1.32643,1.32631,1.32631,791299972.5341797
2012-02-21 03:49:00,1.32633,1.32638,1.32615,1.32638,1216600036.6210938
2012-02-21 03:50:00,1.32638,1.32658,1.32635,1.32658,1003199996.9482422
2012-02-21 03:51:00,1.32662,1.32668,1.32644,1.32644,1727500000.0
2012-02-21 03:52:00,1.32644,1.32647,1.32621,1.32621,1697700042.7246094
2012-02-21 03:53:00,1.32617,1.32621,1.32595,1.32596,1323099975.5859375
2012-02-21 03:54:00,1.32596,1.32596,1.3257,1.32583,1519900054.9316406
2012-02-21 03:55:00,1.32583,1.32588,1.32576,1.32586,1280599975.5859375
2012-02-21 03:56:00,1.32586,1.32599,1.32585,1.32589,1426999969.4824219
2012-02-21 03:57:00,1.3259,1.3259,1.32558,1.32569,1513000030.5175781
2012-02-21 03:58:00,1.32566,1.32566,1.32515,1.32539,1903999938.9648438
2012-02-21 03:59:00,1.3254,1.32588,1.32537,1.32588,1868099975.5859375
2012-02-21 04:00:00,1.32587,1.32607,1.3258,1.32599,2135099945.0683594
2012-02-21 04:01:00,1.32592,1.32592,1.32539,1.32544,1897400054.9316406
2012-02-21 04:02:00,1.32551,1.32559,1.32513,1.32513,1949400024.4140625
2012-02-21 04:03:00,1.32512,1.32525,1.32483,1.3252,2086000061.0351562
2012-02-21 04:04:00,1.3252,1.32542,1.32519,1.32535,1317700042.7246094
2012-02-21 04:05:00,1.32533,1.32551,1.32523,1.32529,1574499969.4824219
2012-02-21 04:06:00,1.32536,1.32572,1.32529,1.32553,1889400024.4140625
2012-02-21 04:07:00,1.32551,1.32563,1.32538,1.32547,1648800048.828125
2012-02-21 04:08:00,1.32545,1.32567,1.32543,1.32563,1000999984.7412109
2012-02-21 04:09:00,1.32563,1.32593,1.32563,1.32593,1244599990.8447266
2012-02-21 04:10:00,1.32592,1.32593,1.32564,1.32572,1706000061.0351562
2012-02-21 04:11:00,1.32572,1.32586,1.32569,1.32578,715599975.5859375
2012-02-21 04:12:00,1.32578,1.32582,1.32574,1.32581,683000030.5175781
2012-02-21 04:13:00,1.3258,1.3258,1.32534,1.32541,1329100036.6210938
2012-02-21 04:14:00,1.32541,1.3257,1.3254,1.32562,808700027.4658203
2012-02-21 04:15:00,1.32556,1.32588,1.32541,1.32588,1512700042.7246094
2012-02-21 04:16:00,1.32589,1.32636,1.32589,1.32634,1170899963.3789062
2012-02-21 04:17:00,1.32634,1.32639,1.32597,1.32606,1472500000.0
2012-02-21 04:18:00,1.32606,1.3263,1.32606,1.32621,1001299972.5341797
2012-02-21 04:19:00,1.32621,1.3264,1.32606,1.32639,1414400024.4140625
2012-02-21 04:20:00,1.32637,1.32649,1.32627,1.3263,1853500061.0351562
2012-02-21 04:21:00,1.32631,1.32639,1.3262,1.3262,646999969.4824219
2012-02-21 04:22:00,1.32619,1.32626,1.32614,1.32625,1247500000.0
2012-02-21 04:23:00,1.32623,1.32639,1.3261,1.32635,1213499984.741211
2012-02-21 04:24:00,1.32635,1.32642,1.32619,1.32637,1236100006.1035156
2012-02-21 04:25:00,1.32634,1.32663,1.32634,1.32661,1186600036.6210938
2012-02-21 04:26:00,1.32658,1.32658,1.32634,1.32634,731600036.6210938
2012-02-21 04:27:00,1.32634,1.32639,1.32611,1.32614,1360099945.0683594
2012-02-21 04:28:00,1.32614,1.32631,1.32614,1.3262,835800018.3105469
2012-02-21 04:29:00,1.3262,1.3263,1.32612,1.32612,926399993.8964844
2012-02-21 04:30:00,1.32613,1.32624,1.32613,1.32616,580099983.215332
2012-02-21 04:31:00,1.32618,1.32623,1.32614,1.32614,301800003.0517578
2012-02-21 04:32:00,1.32614,1.32614,1.32581,1.32595,1043399963.3789062
2012-02-21 04:33:00,1.32595,1.32636,1.32595,1.32636,1129899978.6376953
2012-02-21 04:34:00,1.32636,1.32636,1.32596,1.32597,1010699996.9482422
2012-02-21 04:35:00,1.32598,1.32608,1.32592,1.32608,577500000.0
2012-02-21 04:36:00,1.32608,1.32613,1.32604,1.32613,355200004.5776367
2012-02-21 04:37:00,1.32615,1.32617,1.32601,1.32607,737900009.1552734
2012-02-21 04:38:00,1.32607,1.32607,1.32567,1.32567,1030299987.7929688
2012-02-21 04:39:00,1.32567,1.32567,1.32523,1.32533,1766100006.1035156
2012-02-21 04:40:00,1.32533,1.32541,1.3253,1.3253,1440399932.8613281
2012-02-21 04:41:00,1.3253,1.32547,1.32529,1.32547,840400009.1552734
2012-02-21 04:42:00,1.32547,1.32568,1.32539,1.3255,1663099975.5859375
2012-02-21 04:43:00,1.3255,1.32559,1.32545,1.32546,774700012.2070312
2012-02-21 04:44:00,1.32547,1.32565,1.32547,1.32549,720000000.0
2012-02-21 04:45:00,1.32551,1.3258,1.32551,1.32578,1077399978.6376953
2012-02-21 04:46:00,1.32578,1.32588,1.32577,1.32588,480299987.79296875
2012-02-21 04:47:00,1.32586,1.32605,1.32585,1.32603,1059000015.2587891
2012-02-21 04:48:00,1.32605,1.32611,1.326,1.32602,922500000.0
2012-02-21 04:49:00,1.32602,1.32625,1.32601,1.32623,895899963.3789062
2012-02-21 04:50:00,1.32623,1.32625,1.32621,1.32624,699300003.0517578
2012-02-21 04:51:00,1.32624,1.32626,1.32624,1.32624,429099998.4741211
2012-02-21 04:52:00,1.32626,1.32636,1.32624,1.32633,581399993.8964844
2012-02-21 04:53:00,1.32634,1.32695,1.32634,1.32695,2139199981.6894531
2012-02-21 04:54:00,1.32694,1.32738,1.32693,1.32725,2773099975.5859375
2012-02-21 04:55:00,1.32724,1.32735,1.32696,1.32721,1954299926.7578125
2012-02-21 04:56:00,1.32721,1.32729,1.32717,1.32721,976500015.2587891
2012-02-21 04:57:00,1.32721,1.32729,1.32716,1.32726,1148799972.5341797
2012-02-21 04:58:00,1.32726,1.32726,1.32684,1.32689,1450500030.5175781
2012-02-21 04:59:00,1.32689,1.32706,1.32686,1.32698,1137799987.7929688
2012-02-21 05:00:00,1.32698,1.32718,1.32689,1.32704,1591999969.4824219
2012-02-21 05:01:00,1.32704,1.32719,1.32688,1.32713,1066100006.1035156
2012-02-21 05:02:00,1.32714,1.3273,1.32714,1.32718,968600006.1035156
2012-02-21 05:03:00,1.32716,1.32722,1.32708,1.32713,933799972.5341797
2012-02-21 05:04:00,1.32712,1.32748,1.32709,1.3274,1634499969.4824219
2012-02-21 05:05:00,1.32741,1.32741,1.32697,1.32702,1090599975.5859375
2012-02-21 05:06:00,1.32704,1.32709,1.32699,1.32702,518100013.73291016
2012-02-21 05:07:00,1.32702,1.32711,1.32691,1.32711,778700027.4658203
2012-02-21 05:08:00,1.32707,1.32717,1.32702,1.3271,637900009.1552734
2012-02-21 05:09:00,1.32709,1.32711,1.32679,1.3268,1292100067.1386719
2012-02-21 05:10:00,1.32681,1.3269,1.32675,1.32675,1052799987.7929688
2012-02-21 05:11:00,1.32675,1.32677,1.32675,1.32676,132299995.42236328
2012-02-21 05:12:00,1.32679,1.3272,1.32679,1.3271,942300033.5693359
2012-02-21 05:13:00,1.3271,1.32711,1.32693,1.32693,1228300018.3105469
2012-02-21 05:14:00,1.32693,1.32693,1.3267,1.32674,1091100006.1035156
2012-02-21 05:15:00,1.32675,1.32679,1.32672,1.32677,669599990.8447266
2012-02-21 05:16:00,1.32677,1.32689,1.32676,1.32684,557299995.4223633
2012-02-21 05:17:00,1.32683,1.32689,1.32682,1.32683,533400001.5258789
2012-02-21 05:18:00,1.32685,1.32701,1.32682,1.32687,1441600036.6210938
2012-02-21 05:19:00,1.32687,1.32698,1.32666,1.32687,1402200012.2070312
2012-02-21 05:20:00,1.32684,1.32689,1.32668,1.32677,755100021.3623047
2012-02-21 05:21:00,1.32677,1.32688,1.32662,1.32669,1238000030.5175781
2012-02-21 05:22:00,1.32665,1.32666,1.32653,1.32654,1191200027.4658203
2012-02-21 05:23:00,1.32654,1.32664,1.32654,1.32659,896299972.5341797
2012-02-21 05:24:00,1.32659,1.32669,1.32656,1.32658,854100036.6210938
2012-02-21 05:25:00,1.32659,1.32664,1.32652,1.3266,627000007.6293945
2012-02-21 05:26:00,1.3266,1.3266,1.32653,1.32657,287999992.37060547
2012-02-21 05:27:00,1.32657,1.32668,1.32654,1.32668,932600021.3623047
2012-02-21 05:28:00,1.32668,1.32695,1.32668,1.32695,1426499938.9648438
2012-02-21 05:29:00,1.32695,1.32699,1.32669,1.3267,1330200042.7246094
2012-02-21 05:30:00,1.32672,1.32677,1.32672,1.32672,629399986.2670898
2012-02-21 05:31:00,1.32671,1.32677,1.32665,1.32671,672799987.7929688
2012-02-21 05:32:00,1.32671,1.32676,1.32659,1.32659,1021200027.4658203
2012-02-21 05:33:00,1.32659,1.32663,1.3263,1.32657,1564299926.7578125
2012-02-21 05:34:00,1.32657,1.3266,1.32647,1.3265,915899963.3789062
2012-02-21 05:35:00,1.3265,1.3268,1.3265,1.32669,897099990.8447266
2012-02-21 05:36:00,1.32669,1.3268,1.32667,1.32678,921100006.1035156
2012-02-21 05:37:00,1.32681,1.32687,1.32669,1.32684,945999984.7412109
2012-02-21 05:38:00,1.32684,1.32693,1.32675,1.32675,1064400024.4140625
2012-02-21 05:39:00,1.32675,1.32675,1.32652,1.32657,926800003.0517578
2012-02-21 05:40:00,1.3266,1.32685,1.3266,1.32676,1650200042.7246094
2012-02-21 05:41:00,1.32676,1.32681,1.32672,1.32674,656399993.8964844
2012-02-21 05:42:00,1.32676,1.32684,1.32673,1.32675,1019000015.2587891
2012-02-21 05:43:00,1.32675,1.32675,1.3266,1.32662,809599990.8447266
2012-02-21 05:44:00,1.32662,1.32665,1.32659,1.32659,422200012.20703125
2012-02-21 05:45:00,1.32659,1.32668,1.32652,1.32668,862099990.8447266
2012-02-21 05:46:00,1.32669,1.32696,1.32669,1.32679,1174599990.8447266
2012-02-21 05:47:00,1.32679,1.32687,1.32672,1.32684,767300033.5693359
2012-02-21 05:48:00,1.32684,1.32703,1.32681,1.32696,1046800003.0517578
2012-02-21 05:49:00,1.32696,1.3271,1.32686,1.32706,1238899993.8964844
2012-02-21 05:50:00,1.32705,1.32727,1.32705,1.32727,2009100036.6210938
2012-02-21 05:51:00,1.32727,1.32758,1.32717,1.32731,2372899932.861328
2012-02-21 05:52:00,1.32731,1.3274,1.3271,1.32715,1494600067.1386719
2012-02-21 05:53:00,1.32715,1.32716,1.32698,1.32703,1292799987.7929688
2012-02-21 05:54:00,1.327,1.32705,1.32698,1.32703,471399993.8964844
2012-02-21 05:55:00,1.32703,1.32725,1.32703,1.32716,1561900024.4140625
2012-02-21 05:56:00,1.32719,1.32747,1.32718,1.32734,1338000030.5175781
2012-02-21 05:57:00,1.32735,1.3275,1.32728,1.32736,986999969.4824219
2012-02-21 05:58:00,1.32736,1.32754,1.32734,1.32741,939800033.5693359
2012-02-21 05:59:00,1.32741,1.32745,1.32714,1.32726,1369100036.6210938
2012-02-21 06:00:00,1.32727,1.32738,1.32702,1.32709,1460599975.5859375
2012-02-21 06:01:00,1.32709,1.32724,1.32708,1.32717,1326499938.9648438
2012-02-21 06:02:00,1.32716,1.32722,1.32709,1.3271,853199996.9482422
2012-02-21 06:03:00,1.32711,1.32721,1.32709,1.32719,885699996.9482422
2012-02-21 06:04:00,1.32719,1.32719,1.32704,1.32712,804300003.0517578
2012-02-21 06:05:00,1.32709,1.32721,1.32707,1.32716,1332899932.8613281
2012-02-21 06:06:00,1.32716,1.32718,1.32713,1.32716,797300033.5693359
2012-02-21 06:07:00,1.32718,1.32718,1.32709,1.32714,805199966.4306641
2012-02-21 06:08:00,1.32711,1.32725,1.32708,1.32709,962600021.3623047
2012-02-21 06:09:00,1.3271,1.32717,1.32707,1.32707,695199966.4306641
2012-02-21 06:10:00,1.32709,1.32717,1.32704,1.32713,500900001.5258789
2012-02-21 06:11:00,1.32712,1.32721,1.32704,1.32708,879899978.6376953
2012-02-21 06:12:00,1.32708,1.32711,1.32703,1.32707,683199996.9482422
2012-02-21 06:13:00,1.32704,1.32707,1.32674,1.32674,1094599990.8447266
2012-02-21 06:14:00,1.32674,1.32683,1.32667,1.32681,1451399993.8964844
2012-02-21 06:15:00,1.32681,1.32683,1.3266,1.32671,1531199951.171875
2012-02-21 06:16:00,1.32669,1.32676,1.32664,1.32672,1036600036.6210938
2012-02-21 06:17:00,1.32667,1.32667,1.32625,1.32634,1619900054.9316406
2012-02-21 06:18:00,1.32636,1.32677,1.32631,1.32648,1369499969.4824219
2012-02-21 06:19:00,1.32648,1.32678,1.32646,1.32669,1333399963.3789062
2012-02-21 06:20:00,1.32669,1.32686,1.32669,1.32683,1089199981.6894531
2012-02-21 06:21:00,1.32683,1.32694,1.32681,1.3269,666399993.8964844
2012-02-21 06:22:00,1.32691,1.32712,1.32688,1.32712,1185199966.430664
2012-02-21 06:23:00,1.32714,1.32734,1.32707,1.32734,1143099975.5859375
2012-02-21 06:24:00,1.32734,1.32794,1.32725,1.32792,2179499969.482422
2012-02-21 06:25:00,1.32791,1.32823,1.32778,1.32823,2002100067.1386719
2012-02-21 06:26:00,1.32824,1.32824,1.32783,1.32799,1931300048.828125
2012-02-21 06:27:00,1.32801,1.32815,1.328,1.32806,2336900024.4140625
2012-02-21 06:28:00,1.32804,1.32805,1.32763,1.32768,2019600067.1386719
2012-02-21 06:29:00,1.32765,1.32775,1.32759,1.32775,1641100006.1035156
2012-02-21 06:30:00,1.32773,1.32776,1.32761,1.3277,1515399932.8613281
2012-02-21 06:31:00,1.3277,1.32816,1.32767,1.32814,1373699951.171875
2012-02-21 06:32:00,1.32812,1.32814,1.32772,1.32774,1816999969.4824219
2012-02-21 06:33:00,1.32774,1.32778,1.32761,1.32773,1104199981.6894531
2012-02-21 06:34:00,1.32772,1.32776,1.32769,1.3277,506300010.68115234
2012-02-21 06:35:00,1.32771,1.3279,1.32763,1.32787,1338699951.171875
2012-02-21 06:36:00,1.32787,1.32812,1.32781,1.32807,2020899963.3789062
2012-02-21 06:37:00,1.32807,1.32807,1.32792,1.32792,1017699966.4306641
2012-02-21 06:38:00,1.32791,1.32792,1.32732,1.32733,1800899963.3789062
2012-02-21 06:39:00,1.32733,1.32761,1.32729,1.32729,2013200073.2421875
2012-02-21 06:40:00,1.32729,1.32743,1.32728,1.32739,1174100036.6210938
2012-02-21 06:41:00,1.3274,1.32742,1.32739,1.32739,543400001.5258789
2012-02-21 06:42:00,1.32741,1.32771,1.32741,1.32767,1584499969.4824219
2012-02-21 06:43:00,1.32769,1.32784,1.32767,1.32784,1399299926.7578125
2012-02-21 06:44:00,1.32782,1.32791,1.32775,1.32786,1058199996.9482422
2012-02-21 06:45:00,1.32786,1.32827,1.32786,1.32826,2103600006.1035156
2012-02-21 06:46:00,1.32824,1.32849,1.32824,1.32834,3363399963.3789062
2012-02-21 06:47:00,1.32835,1.3286,1.32822,1.32836,2960299987.7929688
2012-02-21 06:48:00,1.32838,1.32866,1.32838,1.32861,2390399932.861328
2012-02-21 06:49:00,1.32861,1.3289,1.32861,1.32889,2097799987.7929688
2012-02-21 06:50:00,1.32889,1.32889,1.32842,1.3285,2267799987.7929688
2012-02-21 06:51:00,1.3285,1.3285,1.32796,1.32808,1955399932.8613281
2012-02-21 06:52:00,1.32807,1.32814,1.32781,1.32794,1404600067.1386719
2012-02-21 06:53:00,1.32796,1.32817,1.32793,1.32809,2497299957.2753906
2012-02-21 06:54:00,1.32808,1.32822,1.32798,1.32821,1128199996.9482422
2012-02-21 06:55:00,1.32823,1.32859,1.32823,1.32842,2263999938.9648438
2012-02-21 06:56:00,1.32843,1.32844,1.32825,1.32828,1359600067.1386719
2012-02-21 06:57:00,1.32828,1.32829,1.32784,1.32784,1694499969.4824219
2012-02-21 06:58:00,1.32783,1.32802,1.32783,1.32794,1767299957.2753906
2012-02-21 06:59:00,1.32793,1.32828,1.32785,1.32823,2689700012.2070312
2012-02-21 07:00:00,1.32825,1.32834,1.32811,1.32834,2504799957.2753906
2012-02-21 07:01:00,1.32834,1.32859,1.32825,1.32837,2497500000.0
2012-02-21 07:02:00,1.32837,1.32844,1.32782,1.32797,2301999969.482422
2012-02-21 07:03:00,1.32797,1.32797,1.32761,1.32772,2015899963.3789062
2012-02-21 07:04:00,1.32771,1.32771,1.32722,1.32755,2225299987.7929688
2012-02-21 07:05:00,1.32755,1.32764,1.32736,1.32759,2064199981.6894531
2012-02-21 07:06:00,1.32759,1.32759,1.32739,1.32743,1606399993.8964844
2012-02-21 07:07:00,1.32744,1.32746,1.32725,1.32736,2007400054.9316406
2012-02-21 07:08:00,1.32735,1.32746,1.32723,1.32731,2157799987.7929688
2012-02-21 07:09:00,1.32732,1.32773,1.32732,1.32768,1361499938.9648438
2012-02-21 07:10:00,1.32774,1.32794,1.32743,1.32743,2683599853.515625
2012-02-21 07:11:00,1.32742,1.32748,1.32697,1.32697,2905000000.0
2012-02-21 07:12:00,1.32697,1.32707,1.32686,1.32691,2024400024.4140625
2012-02-21 07:13:00,1.32691,1.32697,1.32656,1.32656,2443000030.517578
2012-02-21 07:14:00,1.3265,1.32676,1.32648,1.32651,2278099975.5859375
2012-02-21 07:15:00,1.32651,1.32651,1.3261,1.32634,2465800018.310547
2012-02-21 07:16:00,1.32632,1.32651,1.32622,1.3265,2208500061.0351562
2012-02-21 07:17:00,1.32649,1.32688,1.32647,1.32683,3572300109.8632812
2012-02-21 07:18:00,1.32681,1.32686,1.32637,1.3264,2589299926.7578125
2012-02-21 07:19:00,1.32638,1.32641,1.32535,1.3256,3635599975.5859375
2012-02-21 07:20:00,1.32559,1.32592,1.32559,1.32591,2408300018.310547
2012-02-21 07:21:00,1.32593,1.32594,1.32574,1.32577,2074900054.9316406
2012-02-21 07:22:00,1.32574,1.32575,1.32529,1.32531,2184799957.2753906
2012-02-21 07:23:00,1.32534,1.32549,1.32466,1.32473,2769700012.2070312
2012-02-21 07:24:00,1.32473,1.32521,1.3247,1.32521,3335499877.9296875
2012-02-21 07:25:00,1.32521,1.32524,1.325,1.32522,3214200134.2773438
2012-02-21 07:26:00,1.32523,1.32561,1.32521,1.32559,2552100067.138672
2012-02-21 07:27:00,1.32559,1.32559,1.32508,1.32508,2577500000.0
2012-02-21 07:28:00,1.32508,1.32524,1.32506,1.32524,2310899963.3789062
2012-02-21 07:29:00,1.32525,1.32549,1.32522,1.32541,2367799987.7929688
2012-02-21 07:30:00,1.32541,1.32551,1.32534,1.32551,1552500000.0
2012-02-21 07:31:00,1.32553,1.32557,1.32531,1.32536,1872700042.7246094
2012-02-21 07:32:00,1.32537,1.32537,1.32434,1.32434,2982900085.4492188
2012-02-21 07:33:00,1.32433,1.32433,1.32389,1.32412,3103299865.7226562
2012-02-21 07:34:00,1.32417,1.32427,1.32404,1.32415,2614299926.7578125
2012-02-21 07:35:00,1.32416,1.32423,1.32404,1.32421,2449799957.2753906
2012-02-21 07:36:00,1.3242,1.3242,1.32328,1.32335,3614299926.7578125
2012-02-21 07:37:00,1.32334,1.32355,1.32332,1.3235,2041799926.7578125
2012-02-21 07:38:00,1.3235,1.32352,1.32324,1.32345,2810700073.2421875
2012-02-21 07:39:00,1.32345,1.32365,1.32328,1.32365,2346300048.828125
2012-02-21 07:40:00,1.32369,1.32386,1.3236,1.32383,2956600036.6210938
2012-02-21 07:41:00,1.32382,1.32386,1.32374,1.32383,3278999938.9648438
2012-02-21 07:42:00,1.32382,1.32389,1.32352,1.32389,2804200134.2773438
2012-02-21 07:43:00,1.32389,1.32403,1.32381,1.324,2382599945.0683594
2012-02-21 07:44:00,1.324,1.3246,1.324,1.3246,3257600097.65625
2012-02-21 07:45:00,1.32459,1.32473,1.32455,1.32471,2433500061.0351562
2012-02-21 07:46:00,1.32471,1.32484,1.32463,1.32481,1703399963.3789062
2012-02-21 07:47:00,1.32481,1.32493,1.32481,1.32482,1586399993.8964844
2012-02-21 07:48:00,1.32481,1.32485,1.32454,1.32476,2170399932.861328
2012-02-21 07:49:00,1.32474,1.32505,1.32473,1.32496,2263699951.171875
2012-02-21 07:50:00,1.32496,1.32523,1.32472,1.32472,2245500030.517578
2012-02-21 07:51:00,1.32471,1.32494,1.32471,1.32471,2735499877.9296875
2012-02-21 07:52:00,1.3247,1.32502,1.32464,1.32495,1538500061.0351562
2012-02-21 07:53:00,1.32495,1.32528,1.32495,1.32528,2006900024.4140625
2012-02-21 07:54:00,1.32528,1.32542,1.32528,1.32529,1796100006.1035156
2012-02-21 07:55:00,1.32529,1.32529,1.32492,1.32501,2242799987.7929688
2012-02-21 07:56:00,1.32505,1.32508,1.32483,1.32485,2125299987.7929688
2012-02-21 07:57:00,1.32479,1.32502,1.32473,1.325,2297599945.0683594
2012-02-21 07:58:00,1.325,1.32508,1.325,1.32508,1361100006.1035156
2012-02-21 07:59:00,1.32509,1.32535,1.32508,1.32527,1295800018.3105469
2012-02-21 08:00:00,1.32526,1.32527,1.32507,1.32512,2470200042.7246094
2012-02-21 08:01:00,1.32513,1.32519,1.32494,1.32497,2238999938.9648438
2012-02-21 08:02:00,1.32496,1.32496,1.32455,1.32474,1716699981.6894531
2012-02-21 08:03:00,1.32474,1.32543,1.32469,1.32539,2340500030.517578
2012-02-21 08:04:00,1.3254,1.3254,1.32499,1.32507,2013099975.5859375
2012-02-21 08:05:00,1.32507,1.32519,1.3247,1.32472,2565000000.0
2012-02-21 08:06:00,1.32471,1.32481,1.32438,1.32439,2936700134.2773438
2012-02-21 08:07:00,1.32438,1.32438,1.324,1.32407,2595299987.7929688
2012-02-21 08:08:00,1.32409,1.32417,1.3238,1.32394,3062000122.0703125
2012-02-21 08:09:00,1.32397,1.32409,1.32372,1.32385,2989700012.2070312
2012-02-21 08:10:00,1.32384,1.32387,1.32348,1.32361,3239100036.6210938
2012-02-21 08:11:00,1.32364,1.32379,1.32351,1.32371,2809100036.6210938
2012-02-21 08:12:00,1.32374,1.32382,1.32362,1.32366,2300099945.0683594
2012-02-21 08:13:00,1.32367,1.32412,1.32367,1.3241,2104900054.9316406
2012-02-21 08:14:00,1.32415,1.32421,1.32385,1.32404,3024100036.6210938
2012-02-21 08:15:00,1.32404,1.32404,1.3235,1.32365,3565899963.3789062
2012-02-21 08:16:00,1.32365,1.32366,1.32325,1.32354,2599400024.4140625
2012-02-21 08:17:00,1.32354,1.32369,1.32335,1.32335,2392899932.861328
2012-02-21 08:18:00,1.32336,1.32373,1.32336,1.32361,2269199981.689453
2012-02-21 08:19:00,1.32361,1.3239,1.32354,1.32386,2197299957.2753906
2012-02-21 08:20:00,1.32385,1.3243,1.32382,1.3243,2530000000.0
2012-02-21 08:21:00,1.3243,1.32469,1.32424,1.32459,2869800109.8632812
2012-02-21 08:22:00,1.32457,1.32471,1.32449,1.32463,2116100006.1035156
2012-02-21 08:23:00,1.32463,1.32502,1.32456,1.32501,3038699951.171875
2012-02-21 08:24:00,1.32501,1.32522,1.325,1.32503,2678200073.2421875
2012-02-21 08:25:00,1.32501,1.32502,1.32471,1.32478,2280000000.0
2012-02-21 08:26:00,1.32476,1.3248,1.32431,1.32439,2569599914.5507812
2012-02-21 08:27:00,1.32439,1.32468,1.32439,1.32467,2752600097.65625
2012-02-21 08:28:00,1.32469,1.32484,1.3243,1.3244,1969600067.1386719
2012-02-21 08:29:00,1.3244,1.32448,1.32431,1.32434,1377100067.1386719
2012-02-21 08:30:00,1.32435,1.32462,1.32435,1.32443,1546100006.1035156
2012-02-21 08:31:00,1.32444,1.32501,1.32444,1.32501,2051399993.8964844
2012-02-21 08:32:00,1.32502,1.32563,1.32502,1.32549,2878900146.484375
2012-02-21 08:33:00,1.32551,1.32559,1.32508,1.32508,2370200042.7246094
2012-02-21 08:34:00,1.32508,1.32521,1.32486,1.32511,2983999938.9648438
2012-02-21 08:35:00,1.3251,1.32582,1.3251,1.32582,2387700042.7246094
2012-02-21 08:36:00,1.32582,1.32582,1.32548,1.32565,2796400146.484375
2012-02-21 08:37:00,1.32566,1.32623,1.3256,1.32598,3073200073.2421875
2012-02-21 08:38:00,1.32598,1.32602,1.32563,1.32564,2350099945.0683594
2012-02-21 08:39:00,1.32564,1.32576,1.32562,1.32572,2651799926.7578125
2012-02-21 08:40:00,1.32571,1.32571,1.32528,1.32528,2870100097.65625
2012-02-21 08:41:00,1.32527,1.32532,1.325,1.32516,2894400024.4140625
2012-02-21 08:42:00,1.32517,1.32531,1.32507,1.3252,2174700012.2070312
2012-02-21 08:43:00,1.32519,1.32551,1.32517,1.32538,2338300018.310547
2012-02-21 08:44:00,1.32539,1.32565,1.32537,1.32552,2463800048.828125
2012-02-21 08:45:00,1.32547,1.32567,1.32534,1.32562,2500899963.3789062
2012-02-21 08:46:00,1.32562,1.32607,1.32562,1.32597,2527100067.138672
2012-02-21 08:47:00,1.326,1.32626,1.32591,1.32595,2915700073.2421875
2012-02-21 08:48:00,1.32596,1.32644,1.32583,1.32644,2674899902.34375
2012-02-21 08:49:00,1.3264,1.32651,1.32615,1.32622,2694400024.4140625
2012-02-21 08:50:00,1.32627,1.32632,1.32604,1.32609,1813699951.171875
2012-02-21 08:51:00,1.32609,1.32632,1.32589,1.32589,2361000061.0351562
2012-02-21 08:52:00,1.32588,1.32599,1.32576,1.32587,1986499938.9648438
2012-02-21 08:53:00,1.32587,1.3261,1.32586,1.32603,2248600006.1035156
2012-02-21 08:54:00,1.32604,1.32634,1.32604,1.32628,1875200042.7246094
2012-02-21 08:55:00,1.32628,1.32659,1.32627,1.32649,1726399993.8964844
2012-02-21 08:56:00,1.32652,1.327,1.32647,1.32682,4037900085.4492188
2012-02-21 08:57:00,1.32688,1.3274,1.32686,1.3273,5215399780.2734375
2012-02-21 08:58:00,1.3273,1.3276,1.3272,1.32739,2922200012.2070312
2012-02-21 08:59:00,1.32739,1.32756,1.32737,1.32748,2572900085.4492188
2012-02-21 09:00:00,1.32747,1.3276,1.32719,1.32752,3436799926.7578125
2012-02-21 09:01:00,1.32751,1.32801,1.32743,1.32799,2465299987.7929688
2012-02-21 09:02:00,1.32801,1.32845,1.32801,1.32843,3022600097.65625
2012-02-21 09:03:00,1.32843,1.32843,1.32789,1.3279,2887399902.34375
2012-02-21 09:04:00,1.32789,1.32792,1.32765,1.32768,1848899993.8964844
2012-02-21 09:05:00,1.32768,1.32768,1.32735,1.32739,1921600036.6210938
2012-02-21 09:06:00,1.3274,1.32742,1.32712,1.32739,2038500061.0351562
2012-02-21 09:07:00,1.3274,1.3276,1.32734,1.32759,2043000030.5175781
2012-02-21 09:08:00,1.3276,1.32802,1.32758,1.32785,2619899902.34375
2012-02-21 09:09:00,1.32787,1.32797,1.32779,1.3279,2286799926.7578125
2012-02-21 09:10:00,1.32786,1.32833,1.32775,1.32819,2465500030.517578
2012-02-21 09:11:00,1.3282,1.32879,1.328,1.3284,4029700012.2070312
2012-02-21 09:12:00,1.3284,1.32858,1.32836,1.32858,2380200042.7246094
2012-02-21 09:13:00,1.32859,1.32898,1.32848,1.32848,3623599853.515625
2012-02-21 09:14:00,1.32847,1.32847,1.3278,1.32803,2882000122.0703125
2012-02-21 09:15:00,1.32805,1.32828,1.32786,1.32812,3494899902.34375
2012-02-21 09:16:00,1.32813,1.3283,1.32789,1.3283,2390000000.0
2012-02-21 09:17:00,1.32831,1.32831,1.32768,1.32782,2851400146.484375
2012-02-21 09:18:00,1.32782,1.32782,1.32756,1.32756,2432200012.2070312
2012-02-21 09:19:00,1.32756,1.3276,1.32728,1.32749,2090800018.3105469
2012-02-21 09:20:00,1.3275,1.32769,1.3275,1.32756,2618200073.2421875
2012-02-21 09:21:00,1.32756,1.32764,1.32736,1.32764,1908099975.5859375
2012-02-21 09:22:00,1.32764,1.32768,1.32747,1.32748,2500599975.5859375
2012-02-21 09:23:00,1.32747,1.32747,1.327,1.32705,2496199951.171875
2012-02-21 09:24:00,1.32705,1.32706,1.32667,1.32685,2943399963.3789062
2012-02-21 09:25:00,1.32686,1.32688,1.32674,1.32686,2161999969.482422
2012-02-21 09:26:00,1.32687,1.32689,1.32669,1.32674,2673900146.484375
2012-02-21 09:27:00,1.32674,1.32689,1.32656,1.32664,2099600067.1386719
2012-02-21 09:28:00,1.32662,1.32667,1.32647,1.32662,1836000061.0351562
2012-02-21 09:29:00,1.32662,1.32662,1.326,1.32644,2983299865.7226562
2012-02-21 09:30:00,1.32643,1.32676,1.32629,1.3267,2565000000.0
2012-02-21 09:31:00,1.3267,1.32694,1.32663,1.32667,2077599945.0683594
2012-02-21 09:32:00,1.32668,1.32668,1.3263,1.3263,2310000000.0
2012-02-21 09:33:00,1.32629,1.32635,1.32601,1.32633,2211300048.828125
2012-02-21 09:34:00,1.32634,1.32642,1.3262,1.3262,1555500030.5175781
2012-02-21 09:35:00,1.32621,1.32623,1.32572,1.32592,2264199981.689453
2012-02-21 09:36:00,1.32591,1.32602,1.3256,1.3259,3079400024.4140625
2012-02-21 09:37:00,1.32589,1.32605,1.32586,1.32602,1840299987.7929688
2012-02-21 09:38:00,1.32602,1.32618,1.32601,1.32615,1876000061.0351562
2012-02-21 09:39:00,1.32621,1.32652,1.32616,1.32646,1714600067.1386719
2012-02-21 09:40:00,1.32647,1.32663,1.32645,1.32663,1465700073.2421875
2012-02-21 09:41:00,1.32661,1.32677,1.32651,1.32677,2042700042.7246094
2012-02-21 09:42:00,1.32677,1.32689,1.32667,1.32686,2038999938.9648438
2012-02-21 09:43:00,1.32687,1.32688,1.32667,1.32675,1981600036.6210938
2012-02-21 09:44:00,1.32678,1.32687,1.32671,1.32672,1780800018.3105469
2012-02-21 09:45:00,1.32673,1.32695,1.32617,1.32624,2905599975.5859375
2012-02-21 09:46:00,1.32624,1.32656,1.32609,1.32656,3258599853.515625
2012-02-21 09:47:00,1.32656,1.32696,1.32646,1.32676,2793800048.828125
2012-02-21 09:48:00,1.32675,1.32678,1.32655,1.32663,2821199951.171875
2012-02-21 09:49:00,1.32659,1.32684,1.32657,1.32677,2199100036.6210938
2012-02-21 09:50:00,1.32681,1.32693,1.32662,1.32662,2979800109.8632812
2012-02-21 09:51:00,1.32664,1.32664,1.32629,1.3263,2023999938.9648438
2012-02-21 09:52:00,1.32631,1.32637,1.32597,1.32601,3285700073.2421875
2012-02-21 09:53:00,1.32598,1.32631,1.32598,1.32626,3530000000.0
2012-02-21 09:54:00,1.32625,1.32625,1.32568,1.32575,4146799926.7578125
2012-02-21 09:55:00,1.32574,1.32579,1.32518,1.32523,3812000122.0703125
2012-02-21 09:56:00,1.32522,1.32551,1.3252,1.3253,2290399932.861328
2012-02-21 09:57:00,1.32532,1.32534,1.32514,1.3253,2066100006.1035156
2012-02-21 09:58:00,1.32531,1.32551,1.3252,1.3252,1975899963.3789062
2012-02-21 09:59:00,1.32519,1.32546,1.32518,1.32518,2206000061.0351562
2012-02-21 10:00:00,1.32519,1.32545,1.32518,1.32532,2034900054.9316406
2012-02-21 10:01:00,1.32532,1.32559,1.32517,1.32554,2280500030.517578
2012-02-21 10:02:00,1.32554,1.32566,1.32542,1.32556,2225500030.517578
2012-02-21 10:03:00,1.32556,1.32577,1.32555,1.3257,2288200073.2421875
2012-02-21 10:04:00,1.32568,1.32578,1.32557,1.32563,2344299926.7578125
2012-02-21 10:05:00,1.32564,1.32571,1.3252,1.32522,2712300109.8632812
2012-02-21 10:06:00,1.32522,1.32522,1.32452,1.32452,3458099975.5859375
2012-02-21 10:07:00,1.32452,1.32468,1.32376,1.32376,3806700134.2773438
2012-02-21 10:08:00,1.32377,1.32377,1.3233,1.32347,4200400085.4492188
2012-02-21 10:09:00,1.32347,1.3237,1.32317,1.32337,4571600036.621094
2012-02-21 10:10:00,1.32336,1.32381,1.32318,1.32374,3056400146.484375
2012-02-21 10:11:00,1.32372,1.32411,1.32366,1.3241,3646199951.171875
2012-02-21 10:12:00,1.32409,1.32412,1.32392,1.32407,3713999938.9648438
2012-02-21 10:13:00,1.32407,1.32407,1.32352,1.32362,2705899963.3789062
2012-02-21 10:14:00,1.32366,1.32386,1.32359,1.32375,3065299987.7929688
2012-02-21 10:15:00,1.32375,1.32379,1.32315,1.32321,2824700012.2070312
2012-02-21 10:16:00,1.32327,1.32336,1.32286,1.32307,3834200134.2773438
2012-02-21 10:17:00,1.32307,1.32307,1.32257,1.3228,3704899902.34375
2012-02-21 10:18:00,1.3228,1.32306,1.32266,1.32302,2995100097.65625
2012-02-21 10:19:00,1.32302,1.32354,1.32302,1.32322,3171799926.7578125
2012-02-21 10:20:00,1.32321,1.3235,1.32306,1.32339,3298999938.9648438
2012-02-21 10:21:00,1.3234,1.32355,1.32321,1.32354,2569200134.2773438
2012-02-21 10:22:00,1.32356,1.32356,1.32341,1.32349,1384499969.4824219
2012-02-21 10:23:00,1.32349,1.32356,1.32342,1.32354,1883500061.0351562
2012-02-21 10:24:00,1.32354,1.32359,1.32279,1.32287,3206700134.2773438
2012-02-21 10:25:00,1.32292,1.32298,1.32245,1.32246,3524200134.2773438
2012-02-21 10:26:00,1.32246,1.32256,1.3222,1.32223,2782900085.4492188
2012-02-21 10:27:00,1.3222,1.32256,1.32213,1.32254,3449400024.4140625
2012-02-21 10:28:00,1.32252,1.32269,1.32242,1.32254,2764100036.6210938
2012-02-21 10:29:00,1.32256,1.32266,1.3225,1.32263,1787299957.2753906
2012-02-21 10:30:00,1.32263,1.32278,1.32251,1.3227,2355399932.861328
2012-02-21 10:31:00,1.32269,1.32275,1.32264,1.32271,1340000000.0
2012-02-21 10:32:00,1.32271,1.32314,1.32263,1.32311,2874200134.2773438
2012-02-21 10:33:00,1.3231,1.32352,1.3231,1.32345,2439700012.2070312
2012-02-21 10:34:00,1.32349,1.32372,1.32337,1.32344,2669800109.8632812
2012-02-21 10:35:00,1.32344,1.32361,1.32341,1.32348,2497799987.7929688
2012-02-21 10:36:00,1.32348,1.32369,1.32348,1.32354,1808899993.8964844
2012-02-21 10:37:00,1.32354,1.32354,1.32334,1.32341,2385299987.7929688
2012-02-21 10:38:00,1.32341,1.32364,1.32341,1.32345,1932200012.2070312
2012-02-21 10:39:00,1.32345,1.32377,1.3234,1.3235,2396000061.0351562
2012-02-21 10:40:00,1.32349,1.32363,1.32335,1.32353,1800599975.5859375
2012-02-21 10:41:00,1.32354,1.32382,1.32351,1.32382,1368600006.1035156
2012-02-21 10:42:00,1.32382,1.32399,1.32371,1.32374,2047899932.8613281
2012-02-21 10:43:00,1.3237,1.32376,1.32361,1.32363,1977899932.8613281
2012-02-21 10:44:00,1.32362,1.32366,1.32341,1.32342,1162300033.569336
2012-02-21 10:45:00,1.32342,1.32375,1.32342,1.32364,1920399932.8613281
2012-02-21 10:46:00,1.32367,1.32377,1.32362,1.32366,1906999969.4824219
2012-02-21 10:47:00,1.32366,1.32378,1.32344,1.32375,1965000000.0
2012-02-21 10:48:00,1.32375,1.32388,1.32369,1.32379,1523399963.3789062
2012-02-21 10:49:00,1.32381,1.32381,1.32349,1.32352,1920899963.3789062
2012-02-21 10:50:00,1.3235,1.32354,1.32318,1.3232,2290099945.0683594
2012-02-21 10:51:00,1.32321,1.32351,1.32321,1.32347,2252899932.861328
2012-02-21 10:52:00,1.32347,1.32378,1.32345,1.32369,1834400024.4140625
2012-02-21 10:53:00,1.32369,1.32376,1.32343,1.32343,1673399963.3789062
2012-02-21 10:54:00,1.32343,1.32363,1.32329,1.32355,2172200012.2070312
2012-02-21 10:55:00,1.32353,1.32353,1.32313,1.32314,1764199981.6894531
2012-02-21 10:56:00,1.32316,1.32327,1.32291,1.32319,2661199951.171875
2012-02-21 10:57:00,1.3232,1.32331,1.32317,1.3232,2189400024.4140625
2012-02-21 10:58:00,1.32319,1.32333,1.32292,1.32323,2822699890.1367188
2012-02-21 10:59:00,1.32323,1.32338,1.323,1.32305,2960899963.3789062
2012-02-21 11:00:00,1.32305,1.32331,1.32299,1.32299,2818599853.515625
2012-02-21 11:01:00,1.32295,1.32295,1.32269,1.32294,2912999877.9296875
2012-02-21 11:02:00,1.32294,1.32317,1.32288,1.32317,2486799926.7578125
2012-02-21 11:03:00,1.32318,1.32326,1.32305,1.32315,2145899963.3789062
2012-02-21 11:04:00,1.32319,1.32354,1.32315,1.32351,2866499938.9648438
2012-02-21 11:05:00,1.32351,1.32383,1.32349,1.32376,2321399993.8964844
2012-02-21 11:06:00,1.32378,1.32378,1.3234,1.32345,2245200042.7246094
2012-02-21 11:07:00,1.32345,1.32376,1.32337,1.32376,1826300048.828125
2012-02-21 11:08:00,1.32376,1.32407,1.32367,1.32402,2424700012.2070312
2012-02-21 11:09:00,1.32402,1.32411,1.32373,1.32373,3290599975.5859375
2012-02-21 11:10:00,1.32368,1.3238,1.32321,1.3233,2809500122.0703125
2012-02-21 11:11:00,1.3233,1.32332,1.32291,1.32304,2432400054.9316406
2012-02-21 11:12:00,1.32303,1.32313,1.3229,1.32302,2147299957.2753906
2012-02-21 11:13:00,1.32302,1.3234,1.32302,1.3233,1964799957.2753906
2012-02-21 11:14:00,1.32329,1.3234,1.32317,1.32326,2510299987.7929688
2012-02-21 11:15:00,1.32328,1.32354,1.32328,1.32353,2377400054.9316406
2012-02-21 11:16:00,1.32355,1.32376,1.32343,1.32346,2036100006.1035156
2012-02-21 11:17:00,1.32344,1.32344,1.3231,1.32327,2142200012.2070312
2012-02-21 11:18:00,1.32326,1.32329,1.32306,1.32329,2391600036.6210938
2012-02-21 11:19:00,1.32329,1.32335,1.32316,1.32334,1603500061.0351562
2012-02-21 11:20:00,1.32334,1.32351,1.32332,1.32348,2067899932.8613281
2012-02-21 11:21:00,1.32348,1.32355,1.32305,1.32311,2362799987.7929688
2012-02-21 11:22:00,1.32311,1.32314,1.32274,1.32274,2192299957.2753906
2012-02-21 11:23:00,1.3227,1.32273,1.32209,1.32242,3543299865.7226562
2012-02-21 11:24:00,1.32242,1.32252,1.32221,1.32227,2767699890.1367188
2012-02-21 11:25:00,1.32227,1.32231,1.322,1.322,2672200012.2070312
2012-02-21 11:26:00,1.32195,1.32195,1.32159,1.32189,3517600097.65625
2012-02-21 11:27:00,1.32188,1.32205,1.32182,1.32201,1809100036.6210938
2012-02-21 11:28:00,1.32201,1.32216,1.32201,1.32212,2311999969.482422
2012-02-21 11:29:00,1.32215,1.32233,1.32206,1.3223,2146199951.171875
2012-02-21 11:30:00,1.32231,1.32243,1.32227,1.32235,1671799926.7578125
2012-02-21 11:31:00,1.32235,1.32283,1.32234,1.3227,2918399963.3789062
2012-02-21 11:32:00,1.32271,1.32282,1.32261,1.32273,1771499938.9648438
2012-02-21 11:33:00,1.32274,1.32276,1.32247,1.32247,1703899993.8964844
2012-02-21 11:34:00,1.32245,1.32245,1.32156,1.32163,2799400024.4140625
2012-02-21 11:35:00,1.32164,1.32167,1.32136,1.3216,2533699951.171875
2012-02-21 11:36:00,1.32161,1.32173,1.32155,1.32162,1396999969.4824219
2012-02-21 11:37:00,1.32162,1.32184,1.32154,1.32182,1870599975.5859375
2012-02-21 11:38:00,1.32182,1.32182,1.3209,1.3209,4175400085.4492188
2012-02-21 11:39:00,1.3209,1.32091,1.32058,1.32059,3273699951.171875
2012-02-21 11:40:00,1.32059,1.32079,1.32058,1.32076,2478000030.517578
2012-02-21 11:41:00,1.32076,1.32101,1.32075,1.32091,2275299987.7929688
2012-02-21 11:42:00,1.32091,1.321,1.32073,1.32074,2420399932.861328
2012-02-21 11:43:00,1.32077,1.32083,1.32058,1.32063,2391499938.9648438
2012-02-21 11:44:00,1.32064,1.32071,1.3204,1.32046,2333300018.310547
2012-02-21 11:45:00,1.32047,1.32051,1.32005,1.32022,3021300048.828125
2012-02-21 11:46:00,1.32023,1.32033,1.32007,1.32022,3333399963.3789062
2012-02-21 11:47:00,1.32028,1.32043,1.32011,1.32038,2261900024.4140625
2012-02-21 11:48:00,1.32035,1.32035,1.32011,1.3202,2830899963.3789062
2012-02-21 11:49:00,1.32021,1.32046,1.32021,1.32034,2287299957.2753906
2012-02-21 11:50:00,1.32034,1.32051,1.3202,1.32043,2543399963.3789062
2012-02-21 11:51:00,1.32048,1.32066,1.32043,1.32054,2076000061.0351562
2012-02-21 11:52:00,1.32054,1.32059,1.32041,1.32046,2004900054.9316406
2012-02-21 11:53:00,1.32045,1.32047,1.32029,1.32042,2816799926.7578125
2012-02-21 11:54:00,1.32041,1.32042,1.3201,1.32016,1942200012.2070312
2012-02-21 11:55:00,1.32016,1.32022,1.32005,1.32011,2096999969.4824219
2012-02-21 11:56:00,1.32017,1.32033,1.3201,1.3201,2197799987.7929688
2012-02-21 11:57:00,1.3201,1.3203,1.31993,1.31994,2736700134.2773438
2012-02-21 11:58:00,1.31993,1.32014,1.3198,1.32013,2373999938.9648438
2012-02-21 11:59:00,1.32014,1.32067,1.32014,1.32053,2280200042.7246094
2012-02-21 12:00:00,1.32053,1.3207,1.32043,1.32069,1663000030.5175781
2012-02-21 12:01:00,1.32072,1.32124,1.32065,1.32105,2271999969.482422
2012-02-21 12:02:00,1.32104,1.32133,1.32104,1.32128,1855399932.8613281
2012-02-21 12:03:00,1.32128,1.32166,1.32114,1.32164,2781099853.515625
2012-02-21 12:04:00,1.32164,1.32165,1.32129,1.32129,2517599945.0683594
2012-02-21 12:05:00,1.3213,1.32167,1.3213,1.32166,1872599945.0683594
2012-02-21 12:06:00,1.32169,1.32174,1.32129,1.32132,2294299926.7578125
2012-02-21 12:07:00,1.32132,1.32152,1.32122,1.32142,1832200012.2070312
2012-02-21 12:08:00,1.32141,1.32166,1.32135,1.32165,1726199951.171875
2012-02-21 12:09:00,1.32165,1.32165,1.32135,1.32145,2150599975.5859375
2012-02-21 12:10:00,1.32145,1.32146,1.32135,1.32143,1856699981.6894531
2012-02-21 12:11:00,1.32143,1.32156,1.32143,1.32144,1551900024.4140625
2012-02-21 12:12:00,1.32144,1.32144,1.32124,1.32129,1193000030.5175781
2012-02-21 12:13:00,1.3213,1.32141,1.32123,1.32128,1588300018.3105469
2012-02-21 12:14:00,1.32127,1.32151,1.32127,1.32135,1946499938.9648438
2012-02-21 12:15:00,1.32132,1.32149,1.32132,1.32138,1792599945.0683594
2012-02-21 12:16:00,1.32137,1.32137,1.32096,1.32096,2639700012.2070312
2012-02-21 12:17:00,1.32095,1.32095,1.3205,1.32062,2525800018.310547
2012-02-21 12:18:00,1.32061,1.32074,1.32045,1.32062,2251600036.6210938
2012-02-21 12:19:00,1.3206,1.32064,1.32046,1.32061,2028000030.5175781
2012-02-21 12:20:00,1.32062,1.32075,1.32037,1.32067,1920599975.5859375
2012-02-21 12:21:00,1.32067,1.32072,1.32045,1.32068,1601100006.1035156
2012-02-21 12:22:00,1.32072,1.32104,1.32066,1.32104,2310500030.517578
2012-02-21 12:23:00,1.32104,1.32179,1.32104,1.32173,3115899963.3789062
2012-02-21 12:24:00,1.32176,1.3222,1.32176,1.32188,3290000000.0
2012-02-21 12:25:00,1.32188,1.32221,1.32188,1.32219,2252299957.2753906
2012-02-21 12:26:00,1.32216,1.32223,1.32203,1.32214,1842200012.2070312
2012-02-21 12:27:00,1.32214,1.32216,1.3216,1.32174,1888300018.3105469
2012-02-21 12:28:00,1.32174,1.32174,1.32141,1.32158,2082200012.2070312
2012-02-21 12:29:00,1.32158,1.32172,1.32152,1.32165,1857299957.2753906
2012-02-21 12:30:00,1.32166,1.32234,1.32166,1.32234,2977300109.8632812
2012-02-21 12:31:00,1.32234,1.32285,1.32234,1.32263,4145000000.0
2012-02-21 12:32:00,1.32262,1.32262,1.32222,1.32232,3247600097.65625
2012-02-21 12:33:00,1.32234,1.3225,1.32222,1.32239,2011900024.4140625
2012-02-21 12:34:00,1.32239,1.32239,1.32219,1.32231,1466300048.828125
2012-02-21 12:35:00,1.3223,1.3224,1.32223,1.32226,1856100006.1035156
2012-02-21 12:36:00,1.32226,1.32227,1.32208,1.32215,2430099945.0683594
2012-02-21 12:37:00,1.32217,1.32281,1.32217,1.32259,3384400024.4140625
2012-02-21 12:38:00,1.3226,1.32274,1.32255,1.32259,1701300048.828125
2012-02-21 12:39:00,1.3226,1.32264,1.32236,1.32249,2238699951.171875
2012-02-21 12:40:00,1.32243,1.32271,1.32237,1.32268,2046600036.6210938
2012-02-21 12:41:00,1.32271,1.32271,1.32221,1.32241,2338999938.9648438
2012-02-21 12:42:00,1.32241,1.32251,1.32228,1.32246,1879600067.1386719
2012-02-21 12:43:00,1.32246,1.32262,1.32239,1.32243,1546000061.0351562
2012-02-21 12:44:00,1.3224,1.32292,1.3224,1.32278,1865399932.8613281
2012-02-21 12:45:00,1.32278,1.32283,1.3225,1.32252,2199299926.7578125
2012-02-21 12:46:00,1.32251,1.32259,1.32228,1.32231,2304600067.138672
2012-02-21 12:47:00,1.32231,1.32233,1.3222,1.3222,1424100036.6210938
2012-02-21 12:48:00,1.32218,1.32218,1.32185,1.32204,2499900054.9316406
2012-02-21 12:49:00,1.32204,1.32225,1.32193,1.3222,1776199951.171875
2012-02-21 12:50:00,1.3222,1.3222,1.32195,1.32198,1876699981.6894531
2012-02-21 12:51:00,1.32191,1.32194,1.32164,1.32169,2734500122.0703125
2012-02-21 12:52:00,1.32169,1.3218,1.3216,1.32164,2182899932.861328
2012-02-21 12:53:00,1.32164,1.32164,1.32129,1.32132,1773300018.3105469
2012-02-21 12:54:00,1.32132,1.32132,1.32108,1.32121,2399400024.4140625
2012-02-21 12:55:00,1.32121,1.32123,1.32113,1.32118,2217899932.861328
2012-02-21 12:56:00,1.32119,1.32124,1.32113,1.32122,1716999969.4824219
2012-02-21 12:57:00,1.32121,1.32143,1.3212,1.32143,1831499938.9648438
2012-02-21 12:58:00,1.32144,1.32183,1.32143,1.32183,2267599945.0683594
2012-02-21 12:59:00,1.32183,1.32183,1.3213,1.32131,2181499938.9648438
2012-02-21 13:00:00,1.32131,1.32187,1.32129,1.32158,2668999938.9648438
2012-02-21 13:01:00,1.32161,1.32167,1.32067,1.32072,3754800109.8632812
2012-02-21 13:02:00,1.32072,1.32085,1.32072,1.32085,2366600036.6210938
2012-02-21 13:03:00,1.32083,1.32107,1.3207,1.3207,2151300048.828125
2012-02-21 13:04:00,1.32069,1.32085,1.32059,1.32059,2513800048.828125
2012-02-21 13:05:00,1.32058,1.32081,1.3205,1.32081,3033800048.828125
2012-02-21 13:06:00,1.32081,1.32108,1.32062,1.32108,3256400146.484375
2012-02-21 13:07:00,1.32106,1.32106,1.32091,1.321,2440899963.3789062
2012-02-21 13:08:00,1.321,1.32103,1.32091,1.32093,1488200073.2421875
2012-02-21 13:09:00,1.32094,1.32094,1.3206,1.32073,2124400024.4140625
2012-02-21 13:10:00,1.32073,1.32077,1.32063,1.32074,2083000030.5175781
2012-02-21 13:11:00,1.32074,1.32137,1.3207,1.32135,2216199951.171875
2012-02-21 13:12:00,1.32135,1.32136,1.32122,1.32132,1495599975.5859375
2012-02-21 13:13:00,1.32133,1.32164,1.32131,1.32144,2689500122.0703125
2012-02-21 13:14:00,1.32144,1.32194,1.32144,1.32193,2824800109.8632812
2012-02-21 13:15:00,1.32195,1.32215,1.32192,1.32192,3672300109.8632812
2012-02-21 13:16:00,1.32192,1.32209,1.32188,1.32209,3008599853.515625
2012-02-21 13:17:00,1.32211,1.32235,1.32211,1.32228,2693099975.5859375
2012-02-21 13:18:00,1.32228,1.32228,1.32178,1.32178,2763099975.5859375
2012-02-21 13:19:00,1.32179,1.32198,1.32178,1.3219,1827500000.0
2012-02-21 13:20:00,1.3219,1.32254,1.3219,1.32254,2682699890.1367188
2012-02-21 13:21:00,1.32256,1.32256,1.32212,1.32217,2718800048.828125
2012-02-21 13:22:00,1.32219,1.32233,1.32192,1.32211,2999400024.4140625
2012-02-21 13:23:00,1.3221,1.32258,1.3221,1.32235,2928099975.5859375
2012-02-21 13:24:00,1.32236,1.32255,1.32209,1.32228,2723299865.7226562
2012-02-21 13:25:00,1.32225,1.32246,1.32208,1.32209,2582099914.5507812
2012-02-21 13:26:00,1.32209,1.32212,1.32199,1.3221,1983000030.5175781
2012-02-21 13:27:00,1.32209,1.32212,1.32192,1.32201,1481600036.6210938
2012-02-21 13:28:00,1.32199,1.32214,1.32196,1.32206,1332299957.2753906
2012-02-21 13:29:00,1.32204,1.32211,1.32192,1.32196,2115700073.2421875
2012-02-21 13:30:00,1.32196,1.32206,1.3218,1.322,2458200073.2421875
2012-02-21 13:31:00,1.322,1.32207,1.32184,1.32204,2250500030.517578
2012-02-21 13:32:00,1.32204,1.32235,1.3219,1.32219,2778200073.2421875
2012-02-21 13:33:00,1.32219,1.32275,1.32219,1.3224,2758299865.7226562
2012-02-21 13:34:00,1.3224,1.3226,1.3222,1.32241,3053500061.0351562
2012-02-21 13:35:00,1.32244,1.32254,1.32214,1.32214,2033600006.1035156
2012-02-21 13:36:00,1.32214,1.32214,1.32166,1.32169,2435099945.0683594
2012-02-21 13:37:00,1.32168,1.32168,1.32083,1.32103,3238500061.0351562
2012-02-21 13:38:00,1.32103,1.32106,1.32068,1.32084,2512500000.0
2012-02-21 13:39:00,1.32092,1.3213,1.32092,1.32121,2600199890.1367188
2012-02-21 13:40:00,1.32121,1.32121,1.32069,1.32101,2510299987.7929688
2012-02-21 13:41:00,1.32101,1.32123,1.32095,1.32113,2053099975.5859375
2012-02-21 13:42:00,1.32112,1.32112,1.32088,1.32098,1684199981.6894531
2012-02-21 13:43:00,1.32099,1.321,1.32067,1.32088,2462200012.2070312
2012-02-21 13:44:00,1.32088,1.3215,1.32088,1.3215,2553399963.3789062
2012-02-21 13:45:00,1.32152,1.32156,1.32116,1.32146,2465700073.2421875
2012-02-21 13:46:00,1.32147,1.32174,1.3214,1.32157,2364799957.2753906
2012-02-21 13:47:00,1.32156,1.32175,1.32146,1.3217,2158800048.828125
2012-02-21 13:48:00,1.3217,1.32178,1.32133,1.32144,3255499877.9296875
2012-02-21 13:49:00,1.32142,1.3215,1.32121,1.3215,2521799926.7578125
2012-02-21 13:50:00,1.32148,1.3218,1.32148,1.32166,1943300018.3105469
2012-02-21 13:51:00,1.32165,1.32177,1.32158,1.32163,1836799926.7578125
2012-02-21 13:52:00,1.32163,1.32199,1.32161,1.32192,2983800048.828125
2012-02-21 13:53:00,1.32192,1.32195,1.32168,1.32181,2191900024.4140625
2012-02-21 13:54:00,1.32186,1.3221,1.32183,1.32209,1953500061.0351562
2012-02-21 13:55:00,1.32207,1.32243,1.32201,1.32224,2493800048.828125
2012-02-21 13:56:00,1.32226,1.3225,1.32221,1.32241,3227900085.4492188
2012-02-21 13:57:00,1.32242,1.32251,1.32221,1.32236,2350200042.7246094
2012-02-21 13:58:00,1.32236,1.32252,1.3223,1.32237,2137200012.2070312
2012-02-21 13:59:00,1.32236,1.32266,1.32232,1.3224,3037799987.7929688
2012-02-21 14:00:00,1.3224,1.32312,1.3224,1.32312,3022999877.9296875
2012-02-21 14:01:00,1.3231,1.3231,1.32277,1.32293,2052200012.2070312
2012-02-21 14:02:00,1.32295,1.32317,1.3229,1.323,2090899963.3789062
2012-02-21 14:03:00,1.323,1.32332,1.323,1.32314,2150299987.7929688
2012-02-21 14:04:00,1.32314,1.32333,1.32304,1.32304,2018800048.828125
2012-02-21 14:05:00,1.32305,1.32327,1.32281,1.32327,2846199951.171875
2012-02-21 14:06:00,1.32327,1.32352,1.3232,1.32323,2762200012.2070312
2012-02-21 14:07:00,1.32322,1.32344,1.3231,1.32344,2184400024.4140625
2012-02-21 14:08:00,1.32345,1.32434,1.32345,1.32429,3193099975.5859375
2012-02-21 14:09:00,1.32429,1.32442,1.32411,1.32415,2840599975.5859375
2012-02-21 14:10:00,1.32416,1.32422,1.32395,1.32398,3088200073.2421875
2012-02-21 14:11:00,1.32398,1.32406,1.3236,1.32381,3399599914.5507812
2012-02-21 14:12:00,1.3238,1.32387,1.3236,1.32362,2334900054.9316406
2012-02-21 14:13:00,1.32361,1.32363,1.3234,1.32349,2626900024.4140625
2012-02-21 14:14:00,1.32349,1.32349,1.32328,1.32335,2768800048.828125
2012-02-21 14:15:00,1.32335,1.32365,1.32335,1.32362,1884299926.7578125
2012-02-21 14:16:00,1.32362,1.32374,1.32351,1.32351,1804600067.1386719
2012-02-21 14:17:00,1.32349,1.32356,1.32332,1.32333,2396300048.828125
2012-02-21 14:18:00,1.32333,1.32367,1.32332,1.32367,2209400024.4140625
2012-02-21 14:19:00,1.3237,1.32371,1.3235,1.32357,2797300109.8632812
2012-02-21 14:20:00,1.32356,1.32417,1.32341,1.32414,2637099914.5507812
2012-02-21 14:21:00,1.32414,1.32475,1.32406,1.32469,3885599975.5859375
2012-02-21 14:22:00,1.3247,1.32474,1.32445,1.32451,3485199890.1367188
2012-02-21 14:23:00,1.32451,1.32456,1.32443,1.32454,1746999969.4824219
2012-02-21 14:24:00,1.32454,1.32469,1.32445,1.32453,2225899963.3789062
2012-02-21 14:25:00,1.32453,1.32465,1.32441,1.32443,1937799987.7929688
2012-02-21 14:26:00,1.32443,1.32452,1.32432,1.32448,1818300018.3105469
2012-02-21 14:27:00,1.32447,1.32447,1.32413,1.32419,2178999938.9648438
2012-02-21 14:28:00,1.32422,1.32437,1.32418,1.32419,2274400024.4140625
2012-02-21 14:29:00,1.3242,1.32431,1.32409,1.3243,1891300048.828125
2012-02-21 14:30:00,1.32436,1.32473,1.32436,1.32473,2570400085.4492188
2012-02-21 14:31:00,1.32479,1.32486,1.32415,1.32422,3146700134.2773438
2012-02-21 14:32:00,1.32417,1.32453,1.32417,1.32445,2761799926.7578125
2012-02-21 14:33:00,1.32444,1.32459,1.32429,1.32448,2546499938.9648438
2012-02-21 14:34:00,1.32446,1.32459,1.32418,1.32419,2780899963.3789062
2012-02-21 14:35:00,1.32419,1.32432,1.32367,1.3239,3385499877.9296875
2012-02-21 14:36:00,1.32389,1.32415,1.32357,1.32371,2896099853.515625
2012-02-21 14:37:00,1.32371,1.3238,1.32336,1.3237,2586199951.171875
2012-02-21 14:38:00,1.32371,1.32373,1.32347,1.32353,2113699951.171875
2012-02-21 14:39:00,1.32352,1.32403,1.32347,1.32398,2086100006.1035156
2012-02-21 14:40:00,1.32397,1.32403,1.32362,1.32381,2698099975.5859375
2012-02-21 14:41:00,1.32381,1.32436,1.32378,1.32415,2361999969.482422
2012-02-21 14:42:00,1.32412,1.32438,1.3241,1.32432,2290700073.2421875
2012-02-21 14:43:00,1.3243,1.32459,1.32424,1.32448,2221399993.8964844
2012-02-21 14:44:00,1.32449,1.3245,1.32408,1.32409,3034700012.2070312
2012-02-21 14:45:00,1.32409,1.3244,1.32409,1.3242,2836900024.4140625
2012-02-21 14:46:00,1.32419,1.3242,1.324,1.32419,2241499938.9648438
2012-02-21 14:47:00,1.32419,1.3242,1.32388,1.324,2290500030.517578
2012-02-21 14:48:00,1.32401,1.32401,1.3232,1.32321,3601499938.9648438
2012-02-21 14:49:00,1.32321,1.32321,1.3225,1.32262,3636700134.2773438
2012-02-21 14:50:00,1.32261,1.32291,1.32261,1.3229,2458800048.828125
2012-02-21 14:51:00,1.3229,1.32291,1.32249,1.32259,2362100067.138672
2012-02-21 14:52:00,1.32259,1.32281,1.3224,1.3228,3083599853.515625
2012-02-21 14:53:00,1.32275,1.32288,1.32259,1.32259,1912599945.0683594
2012-02-21 14:54:00,1.3226,1.32283,1.32256,1.32257,2341199951.171875
2012-02-21 14:55:00,1.32254,1.32255,1.32211,1.32217,2400599975.5859375
2012-02-21 14:56:00,1.32215,1.32225,1.32199,1.32202,2432299957.2753906
2012-02-21 14:57:00,1.322,1.3224,1.32199,1.32231,2604100036.6210938
2012-02-21 14:58:00,1.32231,1.32257,1.32221,1.32241,2323399963.3789062
2012-02-21 14:59:00,1.32242,1.32251,1.32229,1.3223,2032100067.1386719
2012-02-21 15:00:00,1.32232,1.3224,1.32203,1.32208,2706499938.9648438
2012-02-21 15:01:00,1.32206,1.32249,1.32202,1.32247,2569800109.8632812
2012-02-21 15:02:00,1.32247,1.3228,1.32247,1.32272,2046199951.171875
2012-02-21 15:03:00,1.32273,1.32284,1.32271,1.32274,2065899963.3789062
2012-02-21 15:04:00,1.32275,1.32314,1.32274,1.32302,2235200042.7246094
2012-02-21 15:05:00,1.32304,1.32313,1.3228,1.32286,2326900024.4140625
2012-02-21 15:06:00,1.32288,1.32288,1.32237,1.32241,2881400146.484375
2012-02-21 15:07:00,1.3224,1.32271,1.3224,1.3227,1928000030.5175781
2012-02-21 15:08:00,1.32269,1.32297,1.32269,1.32286,2031000061.0351562
2012-02-21 15:09:00,1.32286,1.3229,1.32256,1.32256,1958399963.3789062
2012-02-21 15:10:00,1.32255,1.3226,1.32232,1.3225,2359299926.7578125
2012-02-21 15:11:00,1.3225,1.3233,1.3225,1.32328,2671099853.515625
2012-02-21 15:12:00,1.3233,1.32342,1.32309,1.32342,2776099853.515625
2012-02-21 15:13:00,1.32341,1.32392,1.32341,1.3239,2557500000.0
2012-02-21 15:14:00,1.32391,1.32408,1.32386,1.32386,2722099914.5507812
2012-02-21 15:15:00,1.32386,1.324,1.32362,1.32399,3324400024.4140625
2012-02-21 15:16:00,1.32398,1.32399,1.32386,1.32388,2687600097.65625
2012-02-21 15:17:00,1.32387,1.32388,1.32365,1.32366,2638999938.9648438
2012-02-21 15:18:00,1.32366,1.3238,1.32354,1.32367,2571799926.7578125
2012-02-21 15:19:00,1.32366,1.32389,1.32347,1.32374,2451100006.1035156
2012-02-21 15:20:00,1.32374,1.32382,1.32357,1.32369,2313000030.517578
2012-02-21 15:21:00,1.32362,1.32375,1.3234,1.32375,2557100067.138672
2012-02-21 15:22:00,1.32377,1.32509,1.32377,1.32509,4031499938.9648438
2012-02-21 15:23:00,1.3251,1.32555,1.3251,1.32524,3217000122.0703125
2012-02-21 15:24:00,1.32524,1.3258,1.32522,1.32575,3185299987.7929688
2012-02-21 15:25:00,1.32573,1.3258,1.32549,1.32573,3198900146.484375
2012-02-21 15:26:00,1.32573,1.32573,1.32531,1.32566,3320599975.5859375
2012-02-21 15:27:00,1.32566,1.32566,1.32525,1.3254,2821099853.515625
2012-02-21 15:28:00,1.32539,1.32539,1.32518,1.32518,2647500000.0
2012-02-21 15:29:00,1.32519,1.32531,1.32507,1.3252,3578399963.3789062
2012-02-21 15:30:00,1.3252,1.32555,1.32518,1.32528,2635000000.0
2012-02-21 15:31:00,1.32527,1.32547,1.32525,1.3253,2728699951.171875
2012-02-21 15:32:00,1.32529,1.32565,1.32519,1.32551,3453599853.515625
2012-02-21 15:33:00,1.32552,1.32576,1.32543,1.32558,2662799987.7929688
2012-02-21 15:34:00,1.32559,1.3258,1.32559,1.3257,2445700073.2421875
2012-02-21 15:35:00,1.32569,1.32584,1.32568,1.32569,2375599975.5859375
2012-02-21 15:36:00,1.32567,1.3264,1.32567,1.32631,3270700073.2421875
2012-02-21 15:37:00,1.32631,1.32641,1.32599,1.32641,3722999877.9296875
2012-02-21 15:38:00,1.32645,1.32678,1.32645,1.3265,3958500061.0351562
2012-02-21 15:39:00,1.32652,1.32668,1.32647,1.32659,2629400024.4140625
2012-02-21 15:40:00,1.32658,1.32687,1.32658,1.32677,2207500000.0
2012-02-21 15:41:00,1.32674,1.32674,1.32639,1.32648,2848200073.2421875
2012-02-21 15:42:00,1.32648,1.32649,1.32631,1.32648,3447999877.9296875
2012-02-21 15:43:00,1.32648,1.32648,1.3261,1.32616,3236099853.515625
2012-02-21 15:44:00,1.32617,1.32633,1.32615,1.32619,3017399902.34375
2012-02-21 15:45:00,1.32618,1.32629,1.32577,1.32579,2993299865.7226562
2012-02-21 15:46:00,1.3258,1.32589,1.32565,1.32583,3534700012.2070312
2012-02-21 15:47:00,1.32582,1.32598,1.32567,1.32598,3191799926.7578125
2012-02-21 15:48:00,1.32599,1.32599,1.32565,1.32586,2725899963.3789062
2012-02-21 15:49:00,1.32587,1.32587,1.32558,1.32568,2381499938.9648438
2012-02-21 15:50:00,1.32568,1.32584,1.32567,1.32581,2219600067.138672
2012-02-21 15:51:00,1.32579,1.32619,1.32577,1.326,2086399993.8964844
2012-02-21 15:52:00,1.32601,1.32612,1.32583,1.32584,2768500061.0351562
2012-02-21 15:53:00,1.32583,1.32585,1.32568,1.32575,2140800018.3105469
2012-02-21 15:54:00,1.32576,1.32576,1.32525,1.3254,3384899902.34375
2012-02-21 15:55:00,1.3254,1.32561,1.3253,1.32548,2548800048.828125
2012-02-21 15:56:00,1.32549,1.32569,1.32538,1.32545,2148300018.310547
2012-02-21 15:57:00,1.32545,1.32582,1.32537,1.32582,2923800048.828125
2012-02-21 15:58:00,1.32577,1.32592,1.32565,1.32592,2964500122.0703125
2012-02-21 15:59:00,1.32591,1.32639,1.32591,1.32639,4653299865.722656
2012-02-21 16:00:00,1.32639,1.3267,1.32639,1.32651,4037200012.2070312
2012-02-21 16:01:00,1.32652,1.32667,1.32643,1.32652,4350199890.136719
2012-02-21 16:02:00,1.32651,1.32691,1.32643,1.32682,3983399963.3789062
2012-02-21 16:03:00,1.3268,1.32681,1.32655,1.32658,3664700012.2070312
2012-02-21 16:04:00,1.32659,1.32678,1.3265,1.32652,3272900085.4492188
2012-02-21 16:05:00,1.32652,1.32682,1.32647,1.32679,3095599975.5859375
2012-02-21 16:06:00,1.32681,1.32711,1.32675,1.32709,3110499877.9296875
2012-02-21 16:07:00,1.32709,1.32726,1.32698,1.32711,2634899902.34375
2012-02-21 16:08:00,1.3271,1.32734,1.3271,1.32716,2816199951.171875
2012-02-21 16:09:00,1.32718,1.32753,1.32711,1.32743,3058500061.0351562
2012-02-21 16:10:00,1.32742,1.32743,1.32708,1.32715,2897900085.4492188
2012-02-21 16:11:00,1.32715,1.32744,1.32709,1.32716,3369500122.0703125
2012-02-21 16:12:00,1.32717,1.32717,1.32679,1.32679,3429400024.4140625
2012-02-21 16:13:00,1.32679,1.32687,1.32635,1.32637,2603599853.515625
2012-02-21 16:14:00,1.32637,1.32684,1.32637,1.32678,2132299957.2753906
2012-02-21 16:15:00,1.32679,1.32682,1.32639,1.32641,2023600006.1035156
2012-02-21 16:16:00,1.32641,1.32667,1.32641,1.32662,2058000030.5175781
2012-02-21 16:17:00,1.32663,1.32676,1.32646,1.3267,1881699981.6894531
2012-02-21 16:18:00,1.3267,1.32709,1.32668,1.32709,2058800048.828125
2012-02-21 16:19:00,1.32711,1.32728,1.32702,1.32717,2825400085.4492188
2012-02-21 16:20:00,1.32716,1.32719,1.3269,1.32698,2621400146.484375
2012-02-21 16:21:00,1.32698,1.32699,1.32689,1.32694,3126400146.484375
2012-02-21 16:22:00,1.32694,1.32709,1.32694,1.32697,2030200042.7246094
2012-02-21 16:23:00,1.32696,1.32696,1.32686,1.32688,1291499938.9648438
2012-02-21 16:24:00,1.32688,1.32707,1.32664,1.32666,1798200073.2421875
2012-02-21 16:25:00,1.32665,1.32665,1.32626,1.32629,1867599945.0683594
2012-02-21 16:26:00,1.3263,1.32659,1.32629,1.32651,1794100036.6210938
2012-02-21 16:27:00,1.32651,1.32657,1.32627,1.32628,2694899902.34375
2012-02-21 16:28:00,1.32628,1.32642,1.32621,1.32639,2621700134.2773438
2012-02-21 16:29:00,1.32641,1.32677,1.32637,1.32677,2216399993.8964844
2012-02-21 16:30:00,1.32678,1.32678,1.32648,1.32653,2163300018.310547
2012-02-21 16:31:00,1.32652,1.32686,1.3265,1.32662,2076900024.4140625
2012-02-21 16:32:00,1.32662,1.32683,1.3266,1.32663,1210899963.3789062
2012-02-21 16:33:00,1.32662,1.32672,1.32662,1.32672,2402700042.7246094
2012-02-21 16:34:00,1.32673,1.327,1.32667,1.32667,2269199981.689453
2012-02-21 16:35:00,1.32667,1.3267,1.32631,1.32631,1589600067.1386719
2012-02-21 16:36:00,1.32632,1.32636,1.32615,1.32615,1853300018.3105469
2012-02-21 16:37:00,1.32621,1.32621,1.32585,1.32585,1828999938.9648438
2012-02-21 16:38:00,1.32586,1.32588,1.32567,1.32579,2785700073.2421875
2012-02-21 16:39:00,1.32578,1.326,1.32576,1.32598,2215899963.3789062
2012-02-21 16:40:00,1.32599,1.32603,1.32582,1.32589,1861300048.828125
2012-02-21 16:41:00,1.32589,1.32601,1.32584,1.32594,2119400024.4140625
2012-02-21 16:42:00,1.32593,1.32596,1.32582,1.32583,1523699951.171875
2012-02-21 16:43:00,1.32583,1.32583,1.3257,1.3258,1318399963.3789062
2012-02-21 16:44:00,1.32579,1.32579,1.3255,1.3256,1608500061.0351562
2012-02-21 16:45:00,1.3256,1.32575,1.32553,1.32559,1807299957.2753906
2012-02-21 16:46:00,1.32557,1.32557,1.32541,1.32542,904300003.0517578
2012-02-21 16:47:00,1.32542,1.32579,1.32542,1.32567,1480700073.2421875
2012-02-21 16:48:00,1.32568,1.32568,1.32545,1.32551,1801199951.171875
2012-02-21 16:49:00,1.32551,1.32562,1.3255,1.32553,1486499938.9648438
2012-02-21 16:50:00,1.32553,1.32581,1.32553,1.32571,1732100067.1386719
2012-02-21 16:51:00,1.32571,1.32581,1.32562,1.32581,1785200042.7246094
2012-02-21 16:52:00,1.32581,1.32603,1.3258,1.32591,2317899932.861328
2012-02-21 16:53:00,1.32591,1.32609,1.32591,1.32607,1013600006.1035156
2012-02-21 16:54:00,1.3261,1.3261,1.32576,1.32583,1444199981.6894531
2012-02-21 16:55:00,1.32582,1.32584,1.32563,1.32574,1635000000.0
2012-02-21 16:56:00,1.32573,1.3259,1.32573,1.32574,1316399993.8964844
2012-02-21 16:57:00,1.32572,1.32581,1.32564,1.32581,712399978.6376953
2012-02-21 16:58:00,1.32581,1.32581,1.32553,1.32558,1837400054.9316406
2012-02-21 16:59:00,1.32557,1.32557,1.32541,1.32543,1057099990.8447266
2012-02-21 17:00:00,1.32542,1.32566,1.32536,1.32561,1812899932.8613281
2012-02-21 17:01:00,1.3256,1.3257,1.32545,1.32559,1665800018.3105469
2012-02-21 17:02:00,1.32558,1.32579,1.32558,1.32577,830500030.5175781
2012-02-21 17:03:00,1.32579,1.32601,1.32576,1.32601,1693500061.0351562
2012-02-21 17:04:00,1.32601,1.32642,1.32601,1.32629,1953300018.3105469
2012-02-21 17:05:00,1.32629,1.3267,1.32629,1.32651,2650299987.7929688
2012-02-21 17:06:00,1.32651,1.3267,1.3264,1.3264,1902799987.7929688
2012-02-21 17:07:00,1.32641,1.32653,1.32619,1.32637,1999400024.4140625
2012-02-21 17:08:00,1.32636,1.32637,1.32609,1.32623,1859799957.2753906
2012-02-21 17:09:00,1.32623,1.32633,1.3262,1.32633,542900009.1552734
2012-02-21 17:10:00,1.32632,1.32644,1.32632,1.32643,1018399963.3789062
2012-02-21 17:11:00,1.32643,1.32652,1.32631,1.32632,1371900024.4140625
2012-02-21 17:12:00,1.32631,1.32637,1.32623,1.32623,507000007.62939453
2012-02-21 17:13:00,1.32622,1.3263,1.3262,1.32621,849300003.0517578
2012-02-21 17:14:00,1.32621,1.32631,1.32611,1.32611,530099983.21533203
2012-02-21 17:15:00,1.32611,1.32621,1.32606,1.32611,1146800003.0517578
2012-02-21 17:16:00,1.32611,1.32621,1.32601,1.32601,1308699951.171875
2012-02-21 17:17:00,1.32603,1.32603,1.32562,1.32562,2225700073.2421875
2012-02-21 17:18:00,1.3257,1.32572,1.3256,1.32561,2322299957.2753906
2012-02-21 17:19:00,1.32561,1.32566,1.32555,1.32555,2547100067.138672
2012-02-21 17:20:00,1.32556,1.32581,1.32552,1.32581,1321300048.828125
2012-02-21 17:21:00,1.32581,1.32581,1.32569,1.32572,819599990.8447266
2012-02-21 17:22:00,1.32573,1.32574,1.32561,1.32564,711900024.4140625
2012-02-21 17:23:00,1.32564,1.32569,1.32548,1.32548,1383200073.2421875
2012-02-21 17:24:00,1.3255,1.32563,1.32539,1.32543,1639900054.9316406
2012-02-21 17:25:00,1.32541,1.32562,1.3254,1.32556,1103199996.9482422
2012-02-21 17:26:00,1.32556,1.32585,1.32555,1.32582,1237600021.3623047
2012-02-21 17:27:00,1.32581,1.32581,1.32561,1.32564,641200027.4658203
2012-02-21 17:28:00,1.32564,1.32583,1.32564,1.3258,1140800018.3105469
2012-02-21 17:29:00,1.3258,1.32582,1.32561,1.32564,1058799972.5341797
2012-02-21 17:30:00,1.32564,1.32567,1.3256,1.32567,595400009.1552734
2012-02-21 17:31:00,1.3257,1.32584,1.3257,1.32573,920699996.9482422
2012-02-21 17:32:00,1.32574,1.32583,1.32573,1.3258,607099990.8447266
2012-02-21 17:33:00,1.32579,1.32579,1.32558,1.32571,1344600067.1386719
2012-02-21 17:34:00,1.3257,1.32578,1.3256,1.3256,935699996.9482422
2012-02-21 17:35:00,1.32561,1.32571,1.3256,1.32562,1158600006.1035156
2012-02-21 17:36:00,1.32564,1.32592,1.32563,1.32583,1003499984.7412109
2012-02-21 17:37:00,1.32582,1.32585,1.3257,1.32581,1010199966.4306641
2012-02-21 17:38:00,1.32581,1.32632,1.32581,1.32616,1969499969.4824219
2012-02-21 17:39:00,1.32619,1.32623,1.32591,1.32592,1384799957.2753906
2012-02-21 17:40:00,1.32592,1.32592,1.32563,1.32573,1077399978.6376953
2012-02-21 17:41:00,1.32573,1.32573,1.3254,1.32549,1655800018.3105469
2012-02-21 17:42:00,1.32549,1.32549,1.32535,1.32542,828300018.3105469
2012-02-21 17:43:00,1.32541,1.32543,1.3252,1.32532,1749799957.2753906
2012-02-21 17:44:00,1.32533,1.32544,1.32531,1.32532,1020299987.7929688
2012-02-21 17:45:00,1.32532,1.32556,1.32531,1.32556,1473399963.3789062
2012-02-21 17:46:00,1.32557,1.32558,1.32532,1.32532,1271399993.8964844
2012-02-21 17:47:00,1.32532,1.32534,1.32532,1.32534,553499984.7412109
2012-02-21 17:48:00,1.32533,1.32551,1.32533,1.32543,1137300033.569336
2012-02-21 17:49:00,1.32543,1.3257,1.32542,1.32569,1112600021.3623047
2012-02-21 17:50:00,1.32569,1.3257,1.32549,1.32562,1246900024.4140625
2012-02-21 17:51:00,1.32563,1.32563,1.32521,1.32523,1421000061.0351562
2012-02-21 17:52:00,1.32523,1.32529,1.32505,1.32508,1265100021.3623047
2012-02-21 17:53:00,1.32509,1.32532,1.32495,1.32523,1322400054.9316406
2012-02-21 17:54:00,1.32523,1.32528,1.3251,1.32517,1493200073.2421875
2012-02-21 17:55:00,1.32516,1.32532,1.32516,1.32531,769199981.6894531
2012-02-21 17:56:00,1.32529,1.32531,1.32512,1.32512,1336499938.9648438
2012-02-21 17:57:00,1.32512,1.32521,1.325,1.32521,1433500061.0351562
2012-02-21 17:58:00,1.32519,1.32519,1.32495,1.325,1582200012.2070312
2012-02-21 17:59:00,1.325,1.32501,1.32455,1.32457,1386900024.4140625
2012-02-21 18:00:00,1.32457,1.32473,1.32435,1.32435,2436699981.689453
2012-02-21 18:01:00,1.32436,1.32453,1.32436,1.3244,2154299926.7578125
2012-02-21 18:02:00,1.3244,1.32451,1.32435,1.32451,1664700012.2070312
2012-02-21 18:03:00,1.32452,1.32473,1.32452,1.32458,1753800048.828125
2012-02-21 18:04:00,1.32459,1.32472,1.32452,1.3246,1494499969.4824219
2012-02-21 18:05:00,1.3246,1.3246,1.3243,1.32434,1950099945.0683594
2012-02-21 18:06:00,1.32434,1.32449,1.32431,1.32446,878899993.8964844
2012-02-21 18:07:00,1.32446,1.32448,1.32405,1.32405,2631099853.515625
2012-02-21 18:08:00,1.32405,1.32411,1.32389,1.32411,1601999969.4824219
2012-02-21 18:09:00,1.32412,1.32433,1.32409,1.32433,1695500030.5175781
2012-02-21 18:10:00,1.32432,1.32455,1.32432,1.32449,1779600067.1386719
2012-02-21 18:11:00,1.32449,1.32473,1.32449,1.32468,1407700042.7246094
2012-02-21 18:12:00,1.32467,1.32473,1.32449,1.32456,1582899932.8613281
2012-02-21 18:13:00,1.32456,1.32474,1.32452,1.32471,1904299926.7578125
2012-02-21 18:14:00,1.32475,1.32487,1.32465,1.32481,1883000030.5175781
2012-02-21 18:15:00,1.3248,1.32483,1.32471,1.32481,1792799987.7929688
2012-02-21 18:16:00,1.32483,1.32494,1.32483,1.32493,1986300048.828125
2012-02-21 18:17:00,1.32493,1.3251,1.32475,1.32489,2266000061.0351562
2012-02-21 18:18:00,1.32488,1.32524,1.32488,1.32524,1885899963.3789062
2012-02-21 18:19:00,1.32524,1.32525,1.325,1.32512,2320599975.5859375
2012-02-21 18:20:00,1.32512,1.32529,1.3251,1.32511,1545599975.5859375
2012-02-21 18:21:00,1.32512,1.32527,1.32512,1.32525,1300099945.0683594
2012-02-21 18:22:00,1.32525,1.32542,1.32524,1.32542,1483500061.0351562
2012-02-21 18:23:00,1.32541,1.32554,1.32541,1.32544,1717500000.0
2012-02-21 18:24:00,1.32544,1.3256,1.32542,1.32543,2000000000.0
2012-02-21 18:25:00,1.32543,1.32543,1.32529,1.3253,1986900024.4140625
2012-02-21 18:26:00,1.3253,1.32553,1.3253,1.3254,1549199981.6894531
2012-02-21 18:27:00,1.32539,1.32551,1.3253,1.32533,1598200073.2421875
2012-02-21 18:28:00,1.32531,1.32538,1.32531,1.32534,760999984.7412109
2012-02-21 18:29:00,1.32534,1.32542,1.32534,1.3254,1359100036.6210938
2012-02-21 18:30:00,1.3254,1.3254,1.32523,1.32531,960299987.7929688
2012-02-21 18:31:00,1.32532,1.32533,1.32522,1.32522,620999984.7412109
2012-02-21 18:32:00,1.32522,1.32522,1.32512,1.32512,959499969.4824219
2012-02-21 18:33:00,1.32512,1.32514,1.32512,1.32512,616300010.6811523
2012-02-21 18:34:00,1.32512,1.32545,1.32512,1.32542,2330200042.7246094
2012-02-21 18:35:00,1.32543,1.32581,1.3254,1.32581,1995200042.7246094
2012-02-21 18:36:00,1.32582,1.32585,1.32574,1.32574,1490899963.3789062
2012-02-21 18:37:00,1.32575,1.32591,1.32575,1.3259,2843500061.0351562
2012-02-21 18:38:00,1.32592,1.32616,1.32591,1.32616,2422200012.2070312
2012-02-21 18:39:00,1.32615,1.32622,1.3259,1.32593,1598000030.5175781
2012-02-21 18:40:00,1.32593,1.32593,1.32569,1.3257,1669799957.2753906
2012-02-21 18:41:00,1.3257,1.32588,1.32565,1.32574,1589700012.2070312
2012-02-21 18:42:00,1.32574,1.32587,1.32574,1.32579,765299987.7929688
2012-02-21 18:43:00,1.32576,1.32576,1.32558,1.32559,1242099990.8447266
2012-02-21 18:44:00,1.32561,1.32582,1.32553,1.32575,1570599975.5859375
2012-02-21 18:45:00,1.32573,1.32582,1.32562,1.32575,1720700073.2421875
2012-02-21 18:46:00,1.32575,1.32581,1.32575,1.32577,737500000.0
2012-02-21 18:47:00,1.32576,1.32577,1.32559,1.32561,1120100021.3623047
2012-02-21 18:48:00,1.32561,1.32562,1.32551,1.3256,878300018.3105469
2012-02-21 18:49:00,1.3256,1.32571,1.32551,1.32562,1788000030.5175781
2012-02-21 18:50:00,1.32561,1.32572,1.32541,1.32548,1626999969.4824219
2012-02-21 18:51:00,1.32549,1.32551,1.32539,1.32539,2367100067.138672
2012-02-21 18:52:00,1.32541,1.32561,1.3254,1.3255,1691199951.171875
2012-02-21 18:53:00,1.32549,1.32551,1.32528,1.32528,1636499938.9648438
2012-02-21 18:54:00,1.32528,1.32531,1.32484,1.3251,2476100006.1035156
2012-02-21 18:55:00,1.32512,1.32522,1.32457,1.32479,2113399963.3789062
2012-02-21 18:56:00,1.32479,1.3248,1.32438,1.32458,2001399993.8964844
2012-02-21 18:57:00,1.3246,1.32482,1.32456,1.32479,1104899978.6376953
2012-02-21 18:58:00,1.32479,1.3248,1.32459,1.32469,1733200073.2421875
2012-02-21 18:59:00,1.32469,1.32479,1.3244,1.32442,1502700042.7246094
2012-02-21 19:00:00,1.32445,1.32481,1.32445,1.3246,1833800048.828125
2012-02-21 19:01:00,1.32464,1.32473,1.32448,1.32448,2061300048.828125
2012-02-21 19:02:00,1.32448,1.32472,1.32448,1.3247,1322400054.9316406
2012-02-21 19:03:00,1.32469,1.32478,1.32466,1.32468,1437299957.2753906
2012-02-21 19:04:00,1.32468,1.32479,1.32453,1.32457,2237500000.0
2012-02-21 19:05:00,1.32459,1.32467,1.32451,1.32455,1694499969.4824219
2012-02-21 19:06:00,1.32453,1.3246,1.32451,1.32459,1157300033.569336
2012-02-21 19:07:00,1.32459,1.32482,1.32459,1.32473,1430000000.0
2012-02-21 19:08:00,1.32473,1.32478,1.32459,1.32469,1562899932.8613281
2012-02-21 19:09:00,1.32468,1.32498,1.32466,1.32498,2630400085.4492188
2012-02-21 19:10:00,1.32497,1.32512,1.32459,1.32459,2433600006.1035156
2012-02-21 19:11:00,1.3246,1.32473,1.3244,1.3244,2174199981.689453
2012-02-21 19:12:00,1.32433,1.32454,1.3243,1.3245,1712100067.1386719
2012-02-21 19:13:00,1.32451,1.32459,1.32439,1.32459,1944499969.4824219
2012-02-21 19:14:00,1.32461,1.3248,1.32456,1.32467,2091000061.0351562
2012-02-21 19:15:00,1.32467,1.32492,1.32461,1.32485,1859400024.4140625
2012-02-21 19:16:00,1.32486,1.32493,1.32465,1.32468,1685800018.3105469
2012-02-21 19:17:00,1.32468,1.32499,1.32468,1.32499,1604900054.9316406
2012-02-21 19:18:00,1.32498,1.32555,1.32498,1.32545,2607000122.0703125
2012-02-21 19:19:00,1.32544,1.32544,1.32511,1.32511,2051999969.4824219
2012-02-21 19:20:00,1.32511,1.3252,1.32497,1.32499,1853500061.0351562
2012-02-21 19:21:00,1.32499,1.3254,1.32499,1.32529,2035200042.7246094
2012-02-21 19:22:00,1.32529,1.32543,1.32522,1.32542,1391999969.4824219
2012-02-21 19:23:00,1.32543,1.32589,1.32531,1.32589,2107299957.2753906
2012-02-21 19:24:00,1.32589,1.32635,1.32589,1.32618,2578800048.828125
2012-02-21 19:25:00,1.32618,1.32629,1.32606,1.32627,1556100006.1035156
2012-02-21 19:26:00,1.32627,1.32627,1.32605,1.32607,1605700073.2421875
2012-02-21 19:27:00,1.32607,1.32607,1.32587,1.32592,1715500030.5175781
2012-02-21 19:28:00,1.32592,1.32592,1.3258,1.32581,1122699966.430664
2012-02-21 19:29:00,1.32581,1.32584,1.32569,1.32579,1461600036.6210938
2012-02-21 19:30:00,1.32578,1.32578,1.32548,1.32548,2210899963.3789062
2012-02-21 19:31:00,1.32548,1.32558,1.32546,1.32549,1389700012.2070312
2012-02-21 19:32:00,1.3255,1.3256,1.32548,1.32557,1270699996.9482422
2012-02-21 19:33:00,1.32557,1.3256,1.32517,1.3252,1406300048.828125
2012-02-21 19:34:00,1.3252,1.32521,1.32501,1.32501,1806799926.7578125
2012-02-21 19:35:00,1.32501,1.32528,1.32501,1.32528,1237600021.3623047
2012-02-21 19:36:00,1.32529,1.32531,1.32492,1.32492,1355099945.0683594
2012-02-21 19:37:00,1.32491,1.3251,1.32482,1.32504,1319600067.1386719
2012-02-21 19:38:00,1.32509,1.32509,1.32492,1.32496,1211500015.258789
2012-02-21 19:39:00,1.32498,1.32501,1.32479,1.32482,1504499969.4824219
2012-02-21 19:40:00,1.32483,1.32489,1.3246,1.32489,1621399993.8964844
2012-02-21 19:41:00,1.32489,1.32514,1.32484,1.32513,1540200042.7246094
2012-02-21 19:42:00,1.32511,1.32511,1.32501,1.32504,1072500000.0
2012-02-21 19:43:00,1.32505,1.32513,1.32478,1.32479,962799987.7929688
2012-02-21 19:44:00,1.32479,1.325,1.32477,1.32496,1552799987.7929688
2012-02-21 19:45:00,1.32496,1.32519,1.32495,1.32517,1736300048.828125
2012-02-21 19:46:00,1.32517,1.32521,1.32509,1.32513,1191900024.4140625
2012-02-21 19:47:00,1.32513,1.32532,1.32513,1.32532,843099975.5859375
2012-02-21 19:48:00,1.32536,1.32541,1.32532,1.32532,1125899963.3789062
2012-02-21 19:49:00,1.32532,1.32534,1.3252,1.32523,870899963.3789062
2012-02-21 19:50:00,1.32523,1.3255,1.32523,1.32542,1843600006.1035156
2012-02-21 19:51:00,1.32543,1.32543,1.32499,1.3251,1279300003.0517578
2012-02-21 19:52:00,1.32511,1.32513,1.32488,1.32489,1456900024.4140625
2012-02-21 19:53:00,1.32488,1.32489,1.32458,1.32461,1858600006.1035156
2012-02-21 19:54:00,1.32463,1.32469,1.32415,1.32419,2761099853.515625
2012-02-21 19:55:00,1.32419,1.32462,1.32419,1.32462,2151499938.9648438
2012-02-21 19:56:00,1.32459,1.32461,1.32443,1.32448,1359400024.4140625
2012-02-21 19:57:00,1.32447,1.32462,1.32447,1.3246,1611399993.8964844
2012-02-21 19:58:00,1.3246,1.32461,1.32439,1.32441,1653999938.9648438
2012-02-21 19:59:00,1.32443,1.32459,1.32441,1.32453,2086900024.4140625
2012-02-21 20:00:00,1.32457,1.32457,1.32429,1.32434,2047200012.2070312
2012-02-21 20:01:00,1.32427,1.32442,1.32426,1.32442,940000000.0
2012-02-21 20:02:00,1.32442,1.32478,1.32441,1.32475,1233000030.5175781
2012-02-21 20:03:00,1.32477,1.32481,1.3247,1.3247,1475200042.7246094
2012-02-21 20:04:00,1.32471,1.32481,1.3247,1.32472,1343099975.5859375
2012-02-21 20:05:00,1.32471,1.32503,1.32471,1.32499,1493899993.8964844
2012-02-21 20:06:00,1.32499,1.32502,1.32492,1.32492,1269100036.6210938
2012-02-21 20:07:00,1.32491,1.32491,1.32461,1.32464,1989299926.7578125
2012-02-21 20:08:00,1.32464,1.32464,1.32428,1.3244,2149400024.4140625
2012-02-21 20:09:00,1.32441,1.32451,1.3242,1.32424,2132100067.1386719
2012-02-21 20:10:00,1.32424,1.32424,1.3241,1.32413,1719600067.1386719
2012-02-21 20:11:00,1.32414,1.32418,1.32414,1.32416,774000015.2587891
2012-02-21 20:12:00,1.32417,1.32417,1.32346,1.32346,1907700042.7246094
2012-02-21 20:13:00,1.32345,1.32346,1.32322,1.32331,2873699951.171875
2012-02-21 20:14:00,1.3233,1.32337,1.3232,1.32325,1745200042.7246094
2012-02-21 20:15:00,1.32324,1.32334,1.32312,1.32333,1746499938.9648438
2012-02-21 20:16:00,1.32333,1.32342,1.32326,1.32337,1399700012.2070312
2012-02-21 20:17:00,1.32337,1.32351,1.32332,1.32343,1541900024.4140625
2012-02-21 20:18:00,1.32343,1.32357,1.32343,1.32354,1276100006.1035156
2012-02-21 20:19:00,1.32356,1.32357,1.3234,1.32341,991500015.2587891
2012-02-21 20:20:00,1.3234,1.32341,1.32329,1.32334,886500015.2587891
2012-02-21 20:21:00,1.32334,1.32341,1.3233,1.32333,1165400009.1552734
2012-02-21 20:22:00,1.32333,1.32347,1.32331,1.32338,1011399993.8964844
2012-02-21 20:23:00,1.32338,1.32357,1.32338,1.32356,1025400009.1552734
2012-02-21 20:24:00,1.32356,1.32366,1.32342,1.32344,1082500000.0
2012-02-21 20:25:00,1.32342,1.32342,1.32316,1.32327,1634100036.6210938
2012-02-21 20:26:00,1.32326,1.32326,1.32301,1.32306,1903899993.8964844
2012-02-21 20:27:00,1.32306,1.32308,1.3229,1.323,1768000030.5175781
2012-02-21 20:28:00,1.323,1.32353,1.32296,1.32341,1957100067.1386719
2012-02-21 20:29:00,1.32341,1.32362,1.3234,1.32351,1720599975.5859375
2012-02-21 20:30:00,1.32351,1.32371,1.32348,1.3236,1959900054.9316406
2012-02-21 20:31:00,1.3236,1.32361,1.32331,1.32332,1679799957.2753906
2012-02-21 20:32:00,1.32332,1.32332,1.32296,1.323,1203300018.3105469
2012-02-21 20:33:00,1.32301,1.32313,1.32295,1.32312,921800003.0517578
2012-02-21 20:34:00,1.32313,1.32337,1.32313,1.32322,1700599975.5859375
2012-02-21 20:35:00,1.32322,1.32332,1.32278,1.32278,2153899993.8964844
2012-02-21 20:36:00,1.32278,1.32305,1.32265,1.32297,1845500030.5175781
2012-02-21 20:37:00,1.32297,1.32326,1.32297,1.32322,1174199981.6894531
2012-02-21 20:38:00,1.32328,1.32353,1.32328,1.32345,981299972.5341797
2012-02-21 20:39:00,1.32346,1.32364,1.32346,1.3236,1724700012.2070312
2012-02-21 20:40:00,1.3236,1.32373,1.3236,1.32369,1391499938.9648438
2012-02-21 20:41:00,1.32369,1.32371,1.32363,1.32368,902300033.5693359
2012-02-21 20:42:00,1.32368,1.32392,1.32363,1.32392,2051499938.9648438
2012-02-21 20:43:00,1.32394,1.32443,1.32388,1.32441,2577099914.5507812
2012-02-21 20:44:00,1.32441,1.32447,1.32405,1.32412,2235599975.5859375
2012-02-21 20:45:00,1.32412,1.32431,1.3241,1.32431,1607700042.7246094
2012-02-21 20:46:00,1.3243,1.32432,1.32415,1.3242,2099600067.1386719
2012-02-21 20:47:00,1.32421,1.32421,1.32396,1.32396,2341699981.689453
2012-02-21 20:48:00,1.32395,1.32398,1.32393,1.32395,2531699981.689453
2012-02-21 20:49:00,1.32396,1.32409,1.32395,1.32398,1902500000.0
2012-02-21 20:50:00,1.32401,1.3243,1.32401,1.32412,2314600067.138672
2012-02-21 20:51:00,1.32412,1.32416,1.32396,1.32416,1412899932.8613281
2012-02-21 20:52:00,1.32415,1.32415,1.32402,1.32402,547400016.784668
2012-02-21 20:53:00,1.32401,1.3241,1.32398,1.3241,1202300033.569336
2012-02-21 20:54:00,1.3241,1.32421,1.32407,1.32418,1729299926.7578125
2012-02-21 20:55:00,1.3242,1.32421,1.32408,1.3242,1971100006.1035156
2012-02-21 20:56:00,1.32421,1.32422,1.32387,1.32393,1281399993.8964844
2012-02-21 20:57:00,1.3239,1.32395,1.32369,1.32371,1618999938.9648438
2012-02-21 20:58:00,1.32369,1.32381,1.32369,1.32381,1282799987.7929688
2012-02-21 20:59:00,1.32382,1.3241,1.3238,1.3241,412700004.5776367
2012-02-21 21:00:00,1.32411,1.32412,1.32392,1.32408,523699989.31884766
2012-02-21 21:01:00,1.32408,1.32428,1.32408,1.32411,1343600006.1035156
2012-02-21 21:02:00,1.32411,1.32412,1.3241,1.32411,862699966.4306641
2012-02-21 21:03:00,1.32407,1.32415,1.32407,1.32415,548199996.9482422
2012-02-21 21:04:00,1.32415,1.32415,1.32411,1.32412,447700004.5776367
2012-02-21 21:05:00,1.32413,1.32415,1.32411,1.32415,558100013.7329102
2012-02-21 21:06:00,1.32416,1.32427,1.32416,1.32426,435099983.21533203
2012-02-21 21:07:00,1.32426,1.32427,1.32418,1.32419,1016800003.0517578
2012-02-21 21:08:00,1.32422,1.32425,1.32413,1.32418,1775299987.7929688
2012-02-21 21:09:00,1.32418,1.32425,1.32418,1.32425,825599975.5859375
2012-02-21 21:10:00,1.32425,1.32434,1.32425,1.32427,806699981.6894531
2012-02-21 21:11:00,1.32427,1.32429,1.32427,1.32429,106000003.81469727
2012-02-21 21:12:00,1.32428,1.32432,1.32423,1.32432,549199981.6894531
2012-02-21 21:13:00,1.3243,1.32432,1.3242,1.3242,836299972.5341797
2012-02-21 21:14:00,1.32419,1.32419,1.32414,1.32417,508899993.8964844
2012-02-21 21:15:00,1.32417,1.32419,1.32413,1.32414,352400016.78466797
2012-02-21 21:16:00,1.32414,1.32414,1.32406,1.32411,551500015.2587891
2012-02-21 21:17:00,1.3241,1.32413,1.32387,1.32388,683300018.3105469
2012-02-21 21:18:00,1.32388,1.3239,1.32387,1.32388,255699996.9482422
2012-02-21 21:19:00,1.32388,1.32388,1.32385,1.32385,149700002.6702881
2012-02-21 21:20:00,1.32387,1.32389,1.32384,1.32384,304500007.62939453
2012-02-21 21:21:00,1.32386,1.32386,1.32378,1.32382,321699981.6894531
2012-02-21 21:22:00,1.3238,1.3238,1.32354,1.32364,1014000015.2587891
2012-02-21 21:23:00,1.32365,1.32365,1.3234,1.32341,1229499969.4824219
2012-02-21 21:24:00,1.32341,1.32352,1.32341,1.32351,564300003.0517578
2012-02-21 21:25:00,1.32351,1.32352,1.32348,1.32348,327799987.79296875
2012-02-21 21:26:00,1.32349,1.32352,1.32349,1.32351,475000000.0
2012-02-21 21:27:00,1.32351,1.3236,1.32351,1.3236,982200012.2070312
2012-02-21 21:28:00,1.3236,1.32373,1.32356,1.32371,870699996.9482422
2012-02-21 21:29:00,1.32372,1.32385,1.3237,1.32375,796699981.6894531
2012-02-21 21:30:00,1.32375,1.32378,1.3237,1.32377,718300018.3105469
2012-02-21 21:31:00,1.32377,1.32386,1.32377,1.32384,815599975.5859375
2012-02-21 21:32:00,1.32384,1.32384,1.32379,1.32383,518400001.5258789
2012-02-21 21:33:00,1.32382,1.32388,1.32374,1.32374,883099975.5859375
2012-02-21 21:34:00,1.32375,1.32375,1.32362,1.32362,332099990.84472656
2012-02-21 21:35:00,1.32362,1.32363,1.32359,1.32361,277500000.0
2012-02-21 21:36:00,1.3236,1.32361,1.3236,1.3236,52500000.0
2012-02-21 21:37:00,1.3236,1.32371,1.32355,1.32355,349599990.84472656
2012-02-21 21:38:00,1.32359,1.32371,1.32359,1.32371,300000000.0
2012-02-21 21:39:00,1.3237,1.32383,1.3237,1.32376,530999984.74121094
2012-02-21 21:40:00,1.32375,1.32378,1.32372,1.32374,405200004.5776367
2012-02-21 21:41:00,1.32374,1.32376,1.32374,1.32375,161299991.60766602
2012-02-21 21:42:00,1.32376,1.32376,1.32376,1.32376,52500000.0
2012-02-21 21:43:00,1.32373,1.32375,1.32371,1.32373,195599994.65942383
2012-02-21 21:44:00,1.32374,1.3238,1.32374,1.3238,345400009.15527344
2012-02-21 21:45:00,1.32379,1.32389,1.32377,1.3238,444900016.78466797
2012-02-21 21:46:00,1.32379,1.32383,1.32378,1.32378,157799997.3297119
2012-02-21 21:47:00,1.32378,1.32389,1.32373,1.32389,657399978.6376953
2012-02-21 21:48:00,1.3239,1.3239,1.32344,1.32345,998899993.8964844
2012-02-21 21:49:00,1.32345,1.32351,1.32339,1.32351,771200027.4658203
2012-02-21 21:50:00,1.32351,1.32363,1.32348,1.32362,801900024.4140625
2012-02-21 21:51:00,1.32361,1.32361,1.32351,1.32353,488499984.74121094
2012-02-21 21:52:00,1.32353,1.32369,1.32353,1.32363,1402100067.1386719
2012-02-21 21:53:00,1.32363,1.32363,1.32351,1.32352,745800018.3105469
2012-02-21 21:54:00,1.32351,1.32356,1.32319,1.32321,693000030.5175781
2012-02-21 21:55:00,1.32321,1.32343,1.3232,1.32341,1217099990.8447266
2012-02-21 21:56:00,1.32344,1.32347,1.32331,1.32331,433300018.3105469
2012-02-21 21:57:00,1.32331,1.32346,1.32329,1.32343,979100036.6210938
2012-02-21 21:58:00,1.32344,1.32363,1.32343,1.32357,1663000030.5175781
2012-02-21 21:59:00,1.32359,1.3236,1.32328,1.32329,565299987.7929688
2012-02-21 22:00:00,1.32329,1.32332,1.32308,1.32322,144899997.71118164
2012-02-21 22:01:00,1.3232,1.3232,1.32309,1.32309,91899995.80383301
2012-02-21 22:02:00,1.32321,1.32336,1.32305,1.32336,191299991.60766602
2012-02-21 22:03:00,1.32333,1.32335,1.3232,1.3232,118199996.94824219
2012-02-21 22:04:00,1.3232,1.32322,1.323,1.32304,197600002.28881836
2012-02-21 22:05:00,1.32303,1.3233,1.32302,1.32324,170100002.28881836
2012-02-21 22:06:00,1.32324,1.32331,1.32306,1.32331,127100000.38146973
2012-02-21 22:07:00,1.32332,1.32334,1.32326,1.3233,85399999.61853027
2012-02-21 22:08:00,1.32326,1.3234,1.32325,1.32333,105799999.23706055
2012-02-21 22:09:00,1.32334,1.32345,1.32334,1.32341,59800000.19073486
2012-02-21 22:10:00,1.32343,1.32359,1.32343,1.32354,103500003.81469727
2012-02-21 22:11:00,1.32355,1.32359,1.32348,1.32348,92200002.67028809
2012-02-21 22:12:00,1.32353,1.32353,1.32331,1.3234,58800001.14440918
2012-02-21 22:13:00,1.32337,1.32346,1.32312,1.32319,123000001.90734863
2012-02-21 22:14:00,1.32333,1.32355,1.32313,1.32352,83100004.19616699
2012-02-21 22:15:00,1.32357,1.32361,1.32337,1.32346,102600002.28881836
2012-02-21 22:16:00,1.32349,1.3237,1.32349,1.32368,71700000.76293945
2012-02-21 22:17:00,1.32363,1.32363,1.32345,1.32349,113199996.94824219
2012-02-21 22:18:00,1.32351,1.32369,1.32342,1.32357,119399995.80383301
2012-02-21 22:19:00,1.32363,1.32363,1.32351,1.32357,97799997.32971191
2012-02-21 22:20:00,1.32353,1.32383,1.32353,1.32376,1147399978.6376953
2012-02-21 22:21:00,1.32374,1.32374,1.32363,1.32365,171000003.81469727
2012-02-21 22:22:00,1.32361,1.3238,1.32361,1.3238,103999996.18530273
2012-02-21 22:23:00,1.3238,1.32386,1.32373,1.32375,193500003.81469727
2012-02-21 22:24:00,1.32374,1.32374,1.32345,1.32345,651600036.6210938
2012-02-21 22:25:00,1.32345,1.32347,1.32317,1.32333,622799987.7929688
2012-02-21 22:26:00,1.32337,1.32338,1.32321,1.32334,1137300033.569336
2012-02-21 22:27:00,1.32334,1.32334,1.32323,1.32324,228999996.18530273
2012-02-21 22:28:00,1.32323,1.32323,1.32323,1.32323,45000000.0
2012-02-21 22:29:00,1.32319,1.32328,1.32319,1.32328,69299998.28338623
2012-02-21 22:30:00,1.32328,1.32329,1.32327,1.32327,105399999.61853027
2012-02-21 22:31:00,1.32327,1.32333,1.32327,1.32327,204799995.42236328
2012-02-21 22:32:00,1.32323,1.32323,1.32323,1.32323,15000000.0
2012-02-21 22:33:00,1.32326,1.32332,1.32322,1.32328,604000015.2587891
2012-02-21 22:34:00,1.32328,1.32339,1.32328,1.32339,159899997.71118164
2012-02-21 22:35:00,1.32339,1.32345,1.32335,1.3234,481800003.0517578
2012-02-21 22:36:00,1.3234,1.32346,1.3234,1.32344,126000003.81469727
2012-02-21 22:37:00,1.32345,1.32359,1.32345,1.32357,679000015.2587891
2012-02-21 22:38:00,1.32357,1.32357,1.32345,1.32345,379799995.4223633
2012-02-21 22:39:00,1.3234,1.32361,1.32319,1.3235,1325700073.2421875
2012-02-21 22:40:00,1.32347,1.32347,1.32319,1.32346,986399993.8964844
2012-02-21 22:41:00,1.32346,1.32349,1.32336,1.32343,824800033.5693359
2012-02-21 22:42:00,1.32342,1.32342,1.32339,1.32339,80699996.94824219
2012-02-21 22:43:00,1.32339,1.32354,1.32319,1.3233,1869600067.1386719
2012-02-21 22:44:00,1.3233,1.3233,1.32317,1.32325,677900009.1552734
2012-02-21 22:45:00,1.32326,1.3233,1.32323,1.32326,404199981.6894531
2012-02-21 22:46:00,1.32326,1.32326,1.32309,1.32309,310599994.6594238
2012-02-21 22:47:00,1.32308,1.3231,1.32266,1.32274,1086999969.4824219
2012-02-21 22:48:00,1.32274,1.32297,1.32269,1.32288,926600036.6210938
2012-02-21 22:49:00,1.32294,1.32335,1.32294,1.32314,1648099975.5859375
2012-02-21 22:50:00,1.32315,1.32335,1.32315,1.32317,1005999984.7412109
2012-02-21 22:51:00,1.32318,1.32334,1.32315,1.32321,765800018.3105469
2012-02-21 22:52:00,1.32321,1.32342,1.32321,1.32342,1409400024.4140625
2012-02-21 22:53:00,1.32339,1.32351,1.32338,1.32347,1425399932.8613281
2012-02-21 22:54:00,1.32347,1.32347,1.32325,1.32327,784300003.0517578
2012-02-21 22:55:00,1.32327,1.3234,1.32327,1.32335,420000000.0
2012-02-21 22:56:00,1.32335,1.32336,1.3232,1.3232,511399993.8964844
2012-02-21 22:57:00,1.3232,1.32321,1.32316,1.32317,153900003.43322754
2012-02-21 22:58:00,1.32317,1.32317,1.32314,1.32315,373699989.31884766
2012-02-21 22:59:00,1.32315,1.3232,1.32314,1.32314,541699981.6894531
2012-02-21 23:00:00,1.32313,1.32316,1.32284,1.32307,1107300033.569336
2012-02-21 23:01:00,1.32307,1.32316,1.32307,1.32311,568400001.5258789
2012-02-21 23:02:00,1.3231,1.32336,1.32308,1.32327,1065699996.9482422
2012-02-21 23:03:00,1.32326,1.32339,1.32324,1.32337,1295899963.3789062
2012-02-21 23:04:00,1.32337,1.32343,1.32308,1.32314,909800033.5693359
2012-02-21 23:05:00,1.32313,1.32314,1.32308,1.32314,380999984.74121094
2012-02-21 23:06:00,1.32315,1.32318,1.32307,1.32317,457799987.79296875
2012-02-21 23:07:00,1.32317,1.32319,1.32307,1.32315,415600013.73291016
2012-02-21 23:08:00,1.32317,1.32322,1.3231,1.32315,1296900024.4140625
2012-02-21 23:09:00,1.32314,1.32316,1.32314,1.32315,681600036.6210938
2012-02-21 23:10:00,1.32317,1.32324,1.32314,1.32322,739899978.6376953
2012-02-21 23:11:00,1.32324,1.32324,1.32315,1.32319,226499996.18530273
2012-02-21 23:12:00,1.32319,1.32329,1.32316,1.32317,557000007.6293945
2012-02-21 23:13:00,1.32321,1.32331,1.32317,1.3233,377999992.37060547
2012-02-21 23:14:00,1.3233,1.32332,1.32328,1.3233,421599998.4741211
2012-02-21 23:15:00,1.32331,1.3234,1.32325,1.32339,753399963.3789062
2012-02-21 23:16:00,1.3234,1.3234,1.32332,1.32335,151099996.56677246
2012-02-21 23:17:00,1.32332,1.32332,1.32327,1.32328,297299995.4223633
2012-02-21 23:18:00,1.32325,1.32327,1.3232,1.32327,387299995.4223633
2012-02-21 23:19:00,1.32325,1.32326,1.32325,1.32326,62899999.61853027
2012-02-21 23:20:00,1.32326,1.32327,1.32326,1.32327,62899999.61853027
2012-02-21 23:21:00,1.32326,1.32328,1.32325,1.32327,177700004.57763672
2012-02-21 23:22:00,1.32327,1.32327,1.32327,1.32327,81099996.56677246
2012-02-21 23:23:00,1.32328,1.32329,1.32319,1.32319,238500003.81469727
2012-02-21 23:24:00,1.32321,1.32324,1.32321,1.32322,234300003.0517578
2012-02-21 23:25:00,1.32321,1.32326,1.3232,1.32322,259400005.34057617
2012-02-21 23:26:00,1.32322,1.32329,1.3232,1.32329,391800003.0517578
2012-02-21 23:27:00,1.32329,1.32329,1.32325,1.32325,193899993.89648438
2012-02-21 23:28:00,1.32325,1.32345,1.32325,1.32345,741100006.1035156
2012-02-21 23:29:00,1.32347,1.32371,1.32344,1.32368,1007699966.4306641
2012-02-21 23:30:00,1.32368,1.3238,1.32368,1.32372,700000000.0
2012-02-21 23:31:00,1.32371,1.32388,1.32367,1.32373,716399993.8964844
2012-02-21 23:32:00,1.32373,1.32378,1.3237,1.32378,526399993.8964844
2012-02-21 23:33:00,1.32378,1.32379,1.32366,1.32375,299400005.3405762
2012-02-21 23:34:00,1.32374,1.32382,1.3237,1.32372,345800018.3105469
2012-02-21 23:35:00,1.32371,1.3238,1.32369,1.32372,408600006.1035156
2012-02-21 23:36:00,1.32372,1.32383,1.32367,1.3238,370999984.74121094
2012-02-21 23:37:00,1.32379,1.32391,1.32375,1.32381,852600021.3623047
2012-02-21 23:38:00,1.32381,1.32381,1.32369,1.32369,124600000.38146973
2012-02-21 23:39:00,1.32368,1.32369,1.32363,1.32366,150000000.0
2012-02-21 23:40:00,1.32366,1.32366,1.32365,1.32365,62800002.098083496
2012-02-21 23:41:00,1.32363,1.32363,1.3235,1.32356,494000015.25878906
2012-02-21 23:42:00,1.32356,1.32366,1.32356,1.32357,433199996.9482422
2012-02-21 23:43:00,1.32357,1.32359,1.32357,1.32359,86499996.18530273
2012-02-21 23:44:00,1.3236,1.32366,1.32359,1.3236,243099994.65942383
2012-02-21 23:45:00,1.3236,1.32375,1.32359,1.32375,292399997.71118164
2012-02-21 23:46:00,1.32376,1.32392,1.32376,1.32385,418600006.1035156
2012-02-21 23:47:00,1.32386,1.32414,1.32386,1.32409,1552200012.2070312
2012-02-21 23:48:00,1.32409,1.32409,1.32398,1.32399,410000000.0
2012-02-21 23:49:00,1.32401,1.32408,1.324,1.32403,612000007.6293945
2012-02-21 23:50:00,1.32405,1.3243,1.32405,1.32428,1183600006.1035156
2012-02-21 23:51:00,1.32427,1.32429,1.32409,1.32422,1453099975.5859375
2012-02-21 23:52:00,1.32423,1.32425,1.32412,1.32425,286599998.4741211
2012-02-21 23:53:00,1.32424,1.32424,1.32415,1.32416,322500000.0
2012-02-21 23:54:00,1.32417,1.32417,1.32415,1.32417,160200004.57763672
2012-02-21 23:55:00,1.32417,1.32428,1.32417,1.32425,166000003.81469727
2012-02-21 23:56:00,1.32425,1.32428,1.32415,1.32415,417500000.0
2012-02-21 23:57:00,1.32415,1.32436,1.32415,1.32436,477000007.62939453
2012-02-21 23:58:00,1.32435,1.32452,1.32435,1.32445,936500015.2587891
2012-02-21 23:59:00,1.32445,1.32484,1.32445,1.32482,1150899963.3789062
2012-02-22 00:00:00,1.32482,1.32488,1.32454,1.32458,1836600036.6210938
2012-02-22 00:01:00,1.32459,1.32459,1.32443,1.32447,1233300018.3105469
2012-02-22 00:02:00,1.32446,1.32456,1.32441,1.32448,813600006.1035156
2012-02-22 00:03:00,1.32449,1.3245,1.32435,1.32437,1142200012.2070312
2012-02-22 00:04:00,1.32438,1.32439,1.32391,1.32391,1446699981.6894531
2012-02-22 00:05:00,1.32391,1.32396,1.32359,1.32394,1463600006.1035156
2012-02-22 00:06:00,1.32394,1.32394,1.32353,1.32353,1155800018.3105469
2012-02-22 00:07:00,1.32352,1.32352,1.32325,1.32325,1055899963.3789062
2012-02-22 00:08:00,1.32322,1.32351,1.32316,1.32351,1133899993.8964844
2012-02-22 00:09:00,1.32352,1.32391,1.32352,1.32386,1235599975.5859375
2012-02-22 00:10:00,1.32386,1.32394,1.3237,1.32377,1814600067.1386719
2012-02-22 00:11:00,1.32377,1.32417,1.32377,1.32392,1292700042.7246094
2012-02-22 00:12:00,1.32391,1.32391,1.32368,1.32369,414500007.62939453
2012-02-22 00:13:00,1.32369,1.32371,1.32356,1.32356,404199981.6894531
2012-02-22 00:14:00,1.32356,1.3236,1.3235,1.32359,461300010.68115234
2012-02-22 00:15:00,1.32356,1.32356,1.3234,1.32341,865000000.0
2012-02-22 00:16:00,1.32343,1.32356,1.3234,1.32353,794800033.5693359
2012-02-22 00:17:00,1.32353,1.32356,1.32346,1.32346,747200012.2070312
2012-02-22 00:18:00,1.32344,1.32393,1.32337,1.32388,1528899993.8964844
2012-02-22 00:19:00,1.32388,1.32388,1.32323,1.32331,1455099945.0683594
2012-02-22 00:20:00,1.32331,1.32355,1.32317,1.32347,1533699951.171875
2012-02-22 00:21:00,1.32347,1.32347,1.32308,1.32308,930299987.7929688
2012-02-22 00:22:00,1.32308,1.32338,1.32292,1.32338,1453300018.3105469
2012-02-22 00:23:00,1.32339,1.32354,1.32325,1.32325,1686199951.171875
2012-02-22 00:24:00,1.32325,1.32337,1.32319,1.32337,1251100006.1035156
2012-02-22 00:25:00,1.32338,1.32348,1.32337,1.32338,512099990.84472656
2012-02-22 00:26:00,1.32339,1.32354,1.32336,1.32346,701699981.6894531
2012-02-22 00:27:00,1.32346,1.32346,1.32299,1.3232,1692599945.0683594
2012-02-22 00:28:00,1.32323,1.32334,1.32322,1.32327,582799987.7929688
2012-02-22 00:29:00,1.32326,1.32358,1.32326,1.32357,555699996.9482422
2012-02-22 00:30:00,1.32357,1.32375,1.32344,1.32346,849100036.6210938
2012-02-22 00:31:00,1.32347,1.32349,1.32306,1.32308,1462899932.8613281
2012-02-22 00:32:00,1.32308,1.32332,1.32308,1.32332,683300018.3105469
2012-02-22 00:33:00,1.32333,1.32356,1.32333,1.32356,412099990.84472656
2012-02-22 00:34:00,1.32356,1.32378,1.32356,1.32369,683000030.5175781
2012-02-22 00:35:00,1.32369,1.32382,1.32369,1.3238,347000007.62939453
2012-02-22 00:36:00,1.32382,1.32405,1.32381,1.324,1543800048.828125
2012-02-22 00:37:00,1.324,1.324,1.32392,1.32392,708899993.8964844
2012-02-22 00:38:00,1.32394,1.32397,1.32383,1.32395,584399986.2670898
2012-02-22 00:39:00,1.32393,1.32393,1.32377,1.32378,510999984.74121094
2012-02-22 00:40:00,1.32376,1.32376,1.32363,1.32364,343400001.5258789
2012-02-22 00:41:00,1.32364,1.32365,1.32356,1.32365,602999992.3706055
2012-02-22 00:42:00,1.32365,1.32375,1.32355,1.32357,601100006.1035156
2012-02-22 00:43:00,1.32359,1.3237,1.32357,1.3237,394099998.4741211
2012-02-22 00:44:00,1.32371,1.32383,1.32367,1.32367,1064499969.4824219
2012-02-22 00:45:00,1.32367,1.32397,1.32367,1.32396,818399963.3789062
2012-02-22 00:46:00,1.32395,1.32402,1.3239,1.3239,520000000.0
2012-02-22 00:47:00,1.32388,1.32388,1.32367,1.32369,1120699996.9482422
2012-02-22 00:48:00,1.32369,1.32371,1.32358,1.3236,835100021.3623047
2012-02-22 00:49:00,1.32361,1.32362,1.32356,1.32359,471899986.26708984
2012-02-22 00:50:00,1.32358,1.32362,1.32357,1.32358,211599998.4741211
2012-02-22 00:51:00,1.3236,1.32367,1.32356,1.32359,463400001.5258789
2012-02-22 00:52:00,1.32357,1.32358,1.32347,1.32347,722500000.0
2012-02-22 00:53:00,1.32348,1.32367,1.32348,1.32357,1106500015.258789
2012-02-22 00:54:00,1.32357,1.32357,1.32339,1.3234,817099990.8447266
2012-02-22 00:55:00,1.32341,1.32349,1.32327,1.32337,1445399932.8613281
2012-02-22 00:56:00,1.32336,1.32337,1.32318,1.32324,1076200027.4658203
2012-02-22 00:57:00,1.32326,1.32332,1.32324,1.32331,1007500000.0
2012-02-22 00:58:00,1.32333,1.32337,1.3232,1.32336,1486499938.9648438
2012-02-22 00:59:00,1.32336,1.32342,1.32327,1.32327,976800003.0517578
2012-02-22 01:00:00,1.32327,1.32327,1.32296,1.32296,1374100036.6210938
2012-02-22 01:01:00,1.32293,1.32315,1.32293,1.32304,1428500061.0351562
2012-02-22 01:02:00,1.32305,1.32323,1.323,1.32307,1225199966.430664
2012-02-22 01:03:00,1.32307,1.3232,1.32307,1.32318,637799987.7929688
2012-02-22 01:04:00,1.32318,1.32331,1.32314,1.32331,775599975.5859375
2012-02-22 01:05:00,1.32332,1.32334,1.32319,1.32325,827399978.6376953
2012-02-22 01:06:00,1.32325,1.32326,1.3232,1.32324,745999984.7412109
2012-02-22 01:07:00,1.32324,1.32328,1.32318,1.32318,1045400009.1552734
2012-02-22 01:08:00,1.32319,1.32319,1.32303,1.32313,838799972.5341797
2012-02-22 01:09:00,1.32311,1.32311,1.32281,1.32283,847600021.3623047
2012-02-22 01:10:00,1.32283,1.32283,1.32279,1.32279,313899993.8964844
2012-02-22 01:11:00,1.32279,1.32297,1.32279,1.32296,882399978.6376953
2012-02-22 01:12:00,1.32294,1.32294,1.3227,1.3227,892799987.7929688
2012-02-22 01:13:00,1.3227,1.3227,1.32241,1.32252,2170599975.5859375
2012-02-22 01:14:00,1.3225,1.3226,1.3224,1.32256,1798399963.3789062
2012-02-22 01:15:00,1.32256,1.32259,1.32211,1.32218,1559499969.4824219
2012-02-22 01:16:00,1.32218,1.32234,1.32213,1.32225,1578300018.3105469
2012-02-22 01:17:00,1.32225,1.32232,1.32219,1.32228,1411499938.9648438
2012-02-22 01:18:00,1.32228,1.32256,1.32228,1.32245,1019300003.0517578
2012-02-22 01:19:00,1.32246,1.32254,1.32226,1.3223,1347400054.9316406
2012-02-22 01:20:00,1.32229,1.32249,1.32228,1.32247,1032799987.7929688
2012-02-22 01:21:00,1.32244,1.3226,1.32244,1.32256,1410399932.8613281
2012-02-22 01:22:00,1.32254,1.32258,1.32244,1.32255,1245500030.5175781
2012-02-22 01:23:00,1.32254,1.32254,1.32244,1.32245,569700012.2070312
2012-02-22 01:24:00,1.32242,1.32257,1.32237,1.32239,1015800018.3105469
2012-02-22 01:25:00,1.32239,1.32251,1.32231,1.3225,539700012.2070312
2012-02-22 01:26:00,1.32249,1.32249,1.32238,1.32239,651699981.6894531
2012-02-22 01:27:00,1.32239,1.32242,1.32226,1.32229,713199996.9482422
2012-02-22 01:28:00,1.32229,1.3223,1.32224,1.32229,556399993.8964844
2012-02-22 01:29:00,1.32229,1.32229,1.32189,1.32189,1213799972.5341797
2012-02-22 01:30:00,1.3219,1.32196,1.32153,1.32189,2322500000.0
2012-02-22 01:31:00,1.32188,1.32198,1.32177,1.3218,1591799926.7578125
2012-02-22 01:32:00,1.3218,1.32181,1.32113,1.32118,1997599945.0683594
2012-02-22 01:33:00,1.32119,1.32137,1.32116,1.32127,1656399993.8964844
2012-02-22 01:34:00,1.32127,1.3213,1.32116,1.32119,1738500061.0351562
2012-02-22 01:35:00,1.32117,1.32128,1.32115,1.32123,1115199966.430664
2012-02-22 01:36:00,1.32123,1.32127,1.32109,1.32122,1570500030.5175781
2012-02-22 01:37:00,1.32121,1.32132,1.32116,1.3213,2072599945.0683594
2012-02-22 01:38:00,1.3213,1.32158,1.3213,1.32158,1716199951.171875
2012-02-22 01:39:00,1.3216,1.32195,1.32155,1.32195,2293200073.2421875
2012-02-22 01:40:00,1.32195,1.32203,1.32174,1.32182,1753200073.2421875
2012-02-22 01:41:00,1.32183,1.32196,1.3217,1.32171,1044000015.2587891
2012-02-22 01:42:00,1.32171,1.32172,1.32154,1.32156,865899963.3789062
2012-02-22 01:43:00,1.32157,1.32192,1.32155,1.32192,2025700073.2421875
2012-02-22 01:44:00,1.32192,1.32192,1.32156,1.32166,1369600067.1386719
2012-02-22 01:45:00,1.32165,1.32182,1.32161,1.32179,814000015.2587891
2012-02-22 01:46:00,1.32182,1.32206,1.32178,1.32198,1525000000.0
2012-02-22 01:47:00,1.32196,1.3221,1.32183,1.3221,1733000030.5175781
2012-02-22 01:48:00,1.32207,1.3222,1.32206,1.3221,1189300003.0517578
2012-02-22 01:49:00,1.32212,1.32221,1.32212,1.3222,554399986.2670898
2012-02-22 01:50:00,1.3222,1.32227,1.32216,1.3222,1238399963.3789062
2012-02-22 01:51:00,1.32221,1.32226,1.32202,1.32208,1147799987.7929688
2012-02-22 01:52:00,1.32204,1.32219,1.32204,1.32215,1137699966.430664
2012-02-22 01:53:00,1.32214,1.32225,1.32214,1.32216,590699996.9482422
2012-02-22 01:54:00,1.32218,1.32228,1.32214,1.32228,517400016.78466797
2012-02-22 01:55:00,1.32228,1.32228,1.32194,1.32194,786100006.1035156
2012-02-22 01:56:00,1.32192,1.32198,1.32168,1.32179,1787299957.2753906
2012-02-22 01:57:00,1.32179,1.32196,1.32179,1.32189,1063000030.5175781
2012-02-22 01:58:00,1.32189,1.3221,1.32182,1.3221,1086800003.0517578
2012-02-22 01:59:00,1.32209,1.3221,1.32192,1.32205,1417700042.7246094
2012-02-22 02:00:00,1.32206,1.32206,1.3218,1.32201,1136600036.6210938
2012-02-22 02:01:00,1.32202,1.32213,1.32179,1.32182,1853800048.828125
2012-02-22 02:02:00,1.32183,1.32193,1.32182,1.32191,920999984.7412109
2012-02-22 02:03:00,1.32191,1.32195,1.32177,1.32178,815999984.7412109
2012-02-22 02:04:00,1.32177,1.32186,1.32175,1.32183,1415200042.7246094
2012-02-22 02:05:00,1.32184,1.32192,1.32184,1.32192,426699981.6894531
2012-02-22 02:06:00,1.32192,1.32205,1.32192,1.32203,688000030.5175781
2012-02-22 02:07:00,1.32202,1.32211,1.3219,1.32193,1258899993.8964844
2012-02-22 02:08:00,1.32194,1.32196,1.32183,1.32183,962600021.3623047
2012-02-22 02:09:00,1.32184,1.32189,1.32179,1.32179,702399978.6376953
2012-02-22 02:10:00,1.32179,1.32205,1.32178,1.32195,1353600006.1035156
2012-02-22 02:11:00,1.32194,1.32201,1.32191,1.32201,776100006.1035156
2012-02-22 02:12:00,1.32201,1.3221,1.32191,1.32191,1378600006.1035156
2012-02-22 02:13:00,1.32191,1.32205,1.32186,1.32195,2460700073.2421875
2012-02-22 02:14:00,1.32194,1.32194,1.3218,1.32184,1718300018.3105469
2012-02-22 02:15:00,1.32186,1.32195,1.32179,1.32184,1119700012.2070312
2012-02-22 02:16:00,1.32184,1.32197,1.32184,1.32189,1056800003.0517578
2012-02-22 02:17:00,1.3219,1.32224,1.3219,1.32222,1002799987.7929688
2012-02-22 02:18:00,1.32225,1.32261,1.32223,1.32254,1496699981.6894531
2012-02-22 02:19:00,1.32255,1.32266,1.32255,1.32259,1173199996.9482422
2012-02-22 02:20:00,1.32258,1.32263,1.32235,1.32236,1391699981.6894531
2012-02-22 02:21:00,1.32235,1.32261,1.32233,1.32259,879100036.6210938
2012-02-22 02:22:00,1.32259,1.32278,1.32257,1.32269,1200199966.430664
2012-02-22 02:23:00,1.3227,1.32283,1.3227,1.32283,684599990.8447266
2012-02-22 02:24:00,1.32282,1.32305,1.32282,1.32305,1171200027.4658203
2012-02-22 02:25:00,1.32303,1.32303,1.32279,1.32281,916999969.4824219
2012-02-22 02:26:00,1.32279,1.32279,1.32272,1.32277,552900009.1552734
2012-02-22 02:27:00,1.32278,1.32278,1.32274,1.32278,511800003.0517578
2012-02-22 02:28:00,1.32276,1.32278,1.3226,1.3226,604599990.8447266
2012-02-22 02:29:00,1.32263,1.32279,1.32262,1.32276,876800003.0517578
2012-02-22 02:30:00,1.32275,1.32301,1.32275,1.32292,1699900054.9316406
2012-02-22 02:31:00,1.3229,1.32292,1.32279,1.32284,1453899993.8964844
2012-02-22 02:32:00,1.32283,1.32284,1.32246,1.32246,1607100067.1386719
2012-02-22 02:33:00,1.32245,1.32245,1.32227,1.3224,1246299972.5341797
2012-02-22 02:34:00,1.3224,1.32264,1.32238,1.32264,730000000.0
2012-02-22 02:35:00,1.32264,1.32288,1.32256,1.32257,1184499969.4824219
2012-02-22 02:36:00,1.32259,1.32265,1.32255,1.32256,833899993.8964844
2012-02-22 02:37:00,1.32256,1.32258,1.32256,1.32258,293899993.8964844
2012-02-22 02:38:00,1.32258,1.3226,1.32249,1.32249,411500015.25878906
2012-02-22 02:39:00,1.3225,1.32266,1.3225,1.32258,779400024.4140625
2012-02-22 02:40:00,1.32255,1.32266,1.32255,1.32262,1096800003.0517578
2012-02-22 02:41:00,1.32263,1.32263,1.32234,1.32234,763399963.3789062
2012-02-22 02:42:00,1.32231,1.32251,1.32231,1.32238,850400009.1552734
2012-02-22 02:43:00,1.32239,1.32245,1.32235,1.32238,450699996.9482422
2012-02-22 02:44:00,1.32237,1.32243,1.32235,1.32243,412299995.4223633
2012-02-22 02:45:00,1.3224,1.3224,1.32213,1.32213,898099975.5859375
2012-02-22 02:46:00,1.32213,1.32213,1.32181,1.32197,1411300048.828125
2012-02-22 02:47:00,1.32197,1.32206,1.32189,1.32189,802500000.0
2012-02-22 02:48:00,1.3219,1.3219,1.32161,1.32169,984700012.2070312
2012-02-22 02:49:00,1.32169,1.32189,1.32169,1.32178,836399993.8964844
2012-02-22 02:50:00,1.32177,1.32177,1.32151,1.32151,758300018.3105469
2012-02-22 02:51:00,1.32149,1.32149,1.32137,1.32148,927699966.4306641
2012-02-22 02:52:00,1.32148,1.32159,1.32147,1.32148,1050999984.7412109
2012-02-22 02:53:00,1.32151,1.32161,1.32148,1.32161,604099998.4741211
2012-02-22 02:54:00,1.32161,1.32176,1.32161,1.32176,520999984.74121094
2012-02-22 02:55:00,1.32175,1.32176,1.32159,1.32159,622000007.6293945
2012-02-22 02:56:00,1.3216,1.32186,1.3216,1.32185,923799972.5341797
2012-02-22 02:57:00,1.32185,1.32196,1.32174,1.32192,1507899932.8613281
2012-02-22 02:58:00,1.32192,1.32192,1.32148,1.32156,1712500000.0
2012-02-22 02:59:00,1.32155,1.32158,1.32142,1.32146,1028600006.1035156
2012-02-22 03:00:00,1.32143,1.32147,1.32126,1.32145,1245500030.5175781
2012-02-22 03:01:00,1.32145,1.32167,1.32145,1.32165,960400009.1552734
2012-02-22 03:02:00,1.32165,1.32167,1.32146,1.32153,766600036.6210938
2012-02-22 03:03:00,1.32152,1.3216,1.32149,1.32151,370999984.74121094
2012-02-22 03:04:00,1.32151,1.3218,1.32151,1.32173,914000015.2587891
2012-02-22 03:05:00,1.32174,1.32203,1.32174,1.32199,1787200012.2070312
2012-02-22 03:06:00,1.32199,1.32218,1.32192,1.32217,819599990.8447266
2012-02-22 03:07:00,1.32218,1.3222,1.3221,1.32218,913099975.5859375
2012-02-22 03:08:00,1.32222,1.3227,1.32222,1.32257,1504799957.2753906
2012-02-22 03:09:00,1.32256,1.32256,1.32224,1.32249,1439100036.6210938
2012-02-22 03:10:00,1.32253,1.32253,1.32247,1.32248,655999984.7412109
2012-02-22 03:11:00,1.32246,1.32252,1.32245,1.32249,237900009.15527344
2012-02-22 03:12:00,1.32246,1.32247,1.32226,1.32234,1078399963.3789062
2012-02-22 03:13:00,1.32237,1.32249,1.32235,1.32245,959499969.4824219
2012-02-22 03:14:00,1.32245,1.32253,1.32244,1.32249,600600013.7329102
2012-02-22 03:15:00,1.32249,1.3225,1.32224,1.32227,1348699951.171875
2012-02-22 03:16:00,1.32227,1.32239,1.32222,1.32231,1545099945.0683594
2012-02-22 03:17:00,1.32231,1.32233,1.32224,1.32224,737200012.2070312
2012-02-22 03:18:00,1.32224,1.32224,1.32218,1.3222,548400001.5258789
2012-02-22 03:19:00,1.3222,1.32224,1.32219,1.32223,466599998.4741211
2012-02-22 03:20:00,1.32222,1.32232,1.3222,1.32232,375099983.21533203
2012-02-22 03:21:00,1.32233,1.32236,1.32227,1.32229,266100006.10351562
2012-02-22 03:22:00,1.32229,1.32251,1.32229,1.32246,766200027.4658203
2012-02-22 03:23:00,1.32245,1.32248,1.32226,1.32226,752900009.1552734
2012-02-22 03:24:00,1.32227,1.32231,1.32225,1.32229,333100013.73291016
2012-02-22 03:25:00,1.32228,1.32236,1.32219,1.32219,639199981.6894531
2012-02-22 03:26:00,1.32216,1.32216,1.32214,1.32215,101999998.09265137
2012-02-22 03:27:00,1.32214,1.32222,1.32211,1.32222,567000007.6293945
2012-02-22 03:28:00,1.32221,1.32223,1.3222,1.32223,1411799926.7578125
2012-02-22 03:29:00,1.32223,1.3224,1.32223,1.3224,577700004.5776367
2012-02-22 03:30:00,1.3224,1.32258,1.3224,1.32258,916800003.0517578
2012-02-22 03:31:00,1.32258,1.32274,1.32258,1.32268,1221800003.0517578
2012-02-22 03:32:00,1.32269,1.32292,1.32269,1.32292,1045599975.5859375
2012-02-22 03:33:00,1.32294,1.32313,1.32284,1.32285,1545899963.3789062
2012-02-22 03:34:00,1.32284,1.32305,1.3228,1.3228,1656199951.171875
2012-02-22 03:35:00,1.32283,1.32315,1.32282,1.32309,1700800018.3105469
2012-02-22 03:36:00,1.32309,1.3233,1.32298,1.32328,1014899978.6376953
2012-02-22 03:37:00,1.32325,1.32329,1.32321,1.32321,367599983.21533203
2012-02-22 03:38:00,1.32322,1.32363,1.32321,1.32354,2019600067.1386719
2012-02-22 03:39:00,1.32354,1.32356,1.32335,1.32335,660699996.9482422
2012-02-22 03:40:00,1.32335,1.3236,1.32333,1.32358,658499984.7412109
2012-02-22 03:41:00,1.32357,1.32357,1.3234,1.32344,1015100021.3623047
2012-02-22 03:42:00,1.32344,1.32345,1.32319,1.32319,1251200027.4658203
2012-02-22 03:43:00,1.32319,1.32323,1.32314,1.32323,632400016.784668
2012-02-22 03:44:00,1.32323,1.32335,1.32323,1.32326,671399993.8964844
2012-02-22 03:45:00,1.32325,1.32325,1.32308,1.32308,811800003.0517578
2012-02-22 03:46:00,1.32309,1.32314,1.32307,1.32314,1089499969.4824219
2012-02-22 03:47:00,1.32315,1.32325,1.32315,1.32324,437799987.79296875
2012-02-22 03:48:00,1.32325,1.32333,1.32315,1.32315,920599975.5859375
2012-02-22 03:49:00,1.32315,1.32315,1.32302,1.32303,438800010.68115234
2012-02-22 03:50:00,1.32303,1.32303,1.32261,1.3227,1232699966.430664
2012-02-22 03:51:00,1.3227,1.32308,1.32269,1.32287,1634400024.4140625
2012-02-22 03:52:00,1.32287,1.3229,1.32275,1.32276,625800018.3105469
2012-02-22 03:53:00,1.32275,1.32301,1.32275,1.323,696900024.4140625
2012-02-22 03:54:00,1.32301,1.3232,1.32301,1.32302,1394100036.6210938
2012-02-22 03:55:00,1.32302,1.32306,1.32287,1.32297,959199981.6894531
2012-02-22 03:56:00,1.32297,1.32307,1.32297,1.32304,785800018.3105469
2012-02-22 03:57:00,1.32304,1.32304,1.32295,1.32296,321699981.6894531
2012-02-22 03:58:00,1.32297,1.32319,1.32296,1.32318,886900024.4140625
2012-02-22 03:59:00,1.32319,1.3234,1.32317,1.32336,1643800048.828125
2012-02-22 04:00:00,1.32336,1.32337,1.32317,1.32319,1120100021.3623047
2012-02-22 04:01:00,1.32319,1.32321,1.32313,1.32316,793099975.5859375
2012-02-22 04:02:00,1.32315,1.32315,1.32304,1.32311,781999969.4824219
2012-02-22 04:03:00,1.3231,1.32314,1.32308,1.32309,550200004.5776367
2012-02-22 04:04:00,1.32309,1.3232,1.32309,1.32314,486300010.68115234
2012-02-22 04:05:00,1.32313,1.32315,1.32302,1.32302,984800033.5693359
2012-02-22 04:06:00,1.32302,1.32305,1.32285,1.32305,1005899963.3789062
2012-02-22 04:07:00,1.32305,1.32307,1.32281,1.32286,1244700012.2070312
2012-02-22 04:08:00,1.32286,1.32307,1.32285,1.32302,1066600036.6210938
2012-02-22 04:09:00,1.323,1.32302,1.32289,1.32289,553600006.1035156
2012-02-22 04:10:00,1.32289,1.32309,1.32289,1.32299,1166500015.258789
2012-02-22 04:11:00,1.32299,1.32307,1.32289,1.32304,923899993.8964844
2012-02-22 04:12:00,1.32304,1.32313,1.32304,1.32307,591800003.0517578
2012-02-22 04:13:00,1.32305,1.3231,1.32302,1.3231,459300003.0517578
2012-02-22 04:14:00,1.32309,1.32312,1.32308,1.3231,368600006.1035156
2012-02-22 04:15:00,1.32309,1.32309,1.32297,1.32297,680500030.5175781
2012-02-22 04:16:00,1.32297,1.32304,1.32296,1.32303,461100006.1035156
2012-02-22 04:17:00,1.32305,1.32314,1.32303,1.32314,358899993.8964844
2012-02-22 04:18:00,1.32313,1.32319,1.32308,1.32312,395900001.5258789
2012-02-22 04:19:00,1.32313,1.32322,1.32312,1.32317,525999984.74121094
2012-02-22 04:20:00,1.32317,1.32317,1.32308,1.32315,757300033.5693359
2012-02-22 04:21:00,1.32315,1.32321,1.32301,1.3231,1502799987.7929688
2012-02-22 04:22:00,1.32309,1.32318,1.32308,1.32318,258999996.18530273
2012-02-22 04:23:00,1.32319,1.32326,1.32311,1.32313,1111800003.0517578
2012-02-22 04:24:00,1.32315,1.32333,1.32313,1.32317,1684700012.2070312
2012-02-22 04:25:00,1.32316,1.32318,1.32308,1.32308,311700000.76293945
2012-02-22 04:26:00,1.32308,1.32315,1.32308,1.32315,152299995.42236328
2012-02-22 04:27:00,1.32315,1.32323,1.32315,1.32323,166800003.0517578
2012-02-22 04:28:00,1.32325,1.32331,1.32325,1.32326,271100006.1035156
2012-02-22 04:29:00,1.32324,1.32324,1.32296,1.32306,820400009.1552734
2012-02-22 04:30:00,1.32309,1.32309,1.32267,1.32267,1363399963.3789062
2012-02-22 04:31:00,1.32266,1.32285,1.32261,1.32277,941699981.6894531
2012-02-22 04:32:00,1.32277,1.32277,1.3227,1.32273,374500007.62939453
2012-02-22 04:33:00,1.32271,1.32271,1.32256,1.32263,1039599990.8447266
2012-02-22 04:34:00,1.32263,1.32278,1.32263,1.32273,374900016.78466797
2012-02-22 04:35:00,1.32273,1.32274,1.3227,1.32271,272399997.71118164
2012-02-22 04:36:00,1.3227,1.32279,1.32263,1.32277,647200012.2070312
2012-02-22 04:37:00,1.32276,1.32286,1.32272,1.32283,757200012.2070312
2012-02-22 04:38:00,1.32283,1.32295,1.32283,1.32286,481199989.31884766
2012-02-22 04:39:00,1.32286,1.3229,1.3228,1.3229,542700004.5776367
2012-02-22 04:40:00,1.3229,1.32298,1.3229,1.32293,733799972.5341797
2012-02-22 04:41:00,1.32294,1.32307,1.32293,1.32299,822200012.2070312
2012-02-22 04:42:00,1.323,1.32301,1.32295,1.32301,569700012.2070312
2012-02-22 04:43:00,1.32303,1.32303,1.32276,1.32289,1293399963.3789062
2012-02-22 04:44:00,1.32289,1.32293,1.32285,1.32293,367999992.37060547
2012-02-22 04:45:00,1.32294,1.32304,1.32293,1.32294,644100036.6210938
2012-02-22 04:46:00,1.32293,1.32302,1.32274,1.3229,1684400024.4140625
2012-02-22 04:47:00,1.32293,1.32303,1.3227,1.3227,1403800048.828125
2012-02-22 04:48:00,1.3227,1.323,1.32265,1.3229,1740899963.3789062
2012-02-22 04:49:00,1.3229,1.32295,1.32282,1.32282,515699996.9482422
2012-02-22 04:50:00,1.32282,1.32293,1.32279,1.32293,407400016.78466797
2012-02-22 04:51:00,1.32294,1.32295,1.32293,1.32293,151300001.14440918
2012-02-22 04:52:00,1.32294,1.32302,1.3227,1.32298,1251299972.5341797
2012-02-22 04:53:00,1.32297,1.32297,1.32292,1.32292,130699996.94824219
2012-02-22 04:54:00,1.32292,1.32292,1.32279,1.32283,532500000.0
2012-02-22 04:55:00,1.32282,1.32284,1.32265,1.32266,790199966.4306641
2012-02-22 04:56:00,1.32265,1.32266,1.32257,1.32259,544500007.6293945
2012-02-22 04:57:00,1.32261,1.32276,1.32261,1.32276,543300018.3105469
2012-02-22 04:58:00,1.32277,1.32281,1.32255,1.32256,1163899993.8964844
2012-02-22 04:59:00,1.32257,1.32257,1.3224,1.32254,1328999938.9648438
2012-02-22 05:00:00,1.32256,1.32259,1.32249,1.32255,783099975.5859375
2012-02-22 05:01:00,1.3226,1.3226,1.32254,1.32256,370800018.3105469
2012-02-22 05:02:00,1.32254,1.32256,1.32245,1.32254,446399993.8964844
2012-02-22 05:03:00,1.32254,1.32254,1.32245,1.32246,409199981.6894531
2012-02-22 05:04:00,1.32246,1.32246,1.32236,1.32237,598300018.3105469
2012-02-22 05:05:00,1.32239,1.32251,1.32239,1.32249,808000030.5175781
2012-02-22 05:06:00,1.3225,1.32259,1.32245,1.32257,479599990.84472656
2012-02-22 05:07:00,1.32257,1.32282,1.32257,1.32281,783300018.3105469
2012-02-22 05:08:00,1.32283,1.32283,1.32268,1.32268,395600013.73291016
2012-02-22 05:09:00,1.32269,1.32273,1.32269,1.3227,449500007.62939453
2012-02-22 05:10:00,1.3227,1.3227,1.3226,1.32265,569900016.784668
2012-02-22 05:11:00,1.32265,1.32269,1.32261,1.32261,362799987.79296875
2012-02-22 05:12:00,1.32258,1.32265,1.32258,1.32264,124099998.4741211
2012-02-22 05:13:00,1.32265,1.32292,1.32265,1.32282,1166200027.4658203
2012-02-22 05:14:00,1.32281,1.32286,1.32275,1.32276,526599998.4741211
2012-02-22 05:15:00,1.32275,1.32289,1.32275,1.32286,643700027.4658203
2012-02-22 05:16:00,1.32286,1.32286,1.32262,1.32265,757399978.6376953
2012-02-22 05:17:00,1.32267,1.32268,1.32262,1.32264,442099990.84472656
2012-02-22 05:18:00,1.32264,1.32264,1.32254,1.32258,314699993.1335449
2012-02-22 05:19:00,1.3226,1.3226,1.3225,1.3225,390800018.3105469
2012-02-22 05:20:00,1.3225,1.32256,1.32245,1.32254,750599975.5859375
2012-02-22 05:21:00,1.32254,1.32254,1.32244,1.32252,866800003.0517578
2012-02-22 05:22:00,1.3225,1.32251,1.32243,1.32247,459000015.25878906
2012-02-22 05:23:00,1.32247,1.32282,1.32244,1.3228,1570800018.3105469
2012-02-22 05:24:00,1.3228,1.32284,1.32265,1.32274,1542500000.0
2012-02-22 05:25:00,1.32274,1.32276,1.32264,1.32266,380299987.79296875
2012-02-22 05:26:00,1.32268,1.32281,1.32264,1.32272,994899978.6376953
2012-02-22 05:27:00,1.32275,1.32279,1.32264,1.32264,545099983.215332
2012-02-22 05:28:00,1.32264,1.32274,1.32262,1.32274,495499992.37060547
2012-02-22 05:29:00,1.32274,1.32276,1.32273,1.32275,100799999.23706055
2012-02-22 05:30:00,1.32273,1.32281,1.32271,1.32272,750599975.5859375
2012-02-22 05:31:00,1.32272,1.32278,1.32262,1.32265,390200004.5776367
2012-02-22 05:32:00,1.32266,1.3229,1.32266,1.32288,557500000.0
2012-02-22 05:33:00,1.32288,1.32288,1.32271,1.32279,761999969.4824219
2012-02-22 05:34:00,1.32279,1.3228,1.32264,1.32275,736600036.6210938
2012-02-22 05:35:00,1.32275,1.3228,1.32268,1.32274,630499992.3706055
2012-02-22 05:36:00,1.32274,1.32276,1.32272,1.32275,354700012.20703125
2012-02-22 05:37:00,1.32275,1.32287,1.32273,1.3228,683300018.3105469
2012-02-22 05:38:00,1.3228,1.32304,1.32272,1.32293,1243399963.3789062
2012-02-22 05:39:00,1.32293,1.32314,1.32292,1.32311,1023099975.5859375
2012-02-22 05:40:00,1.3231,1.32324,1.3231,1.32321,1166800003.0517578
2012-02-22 05:41:00,1.32323,1.32349,1.3232,1.32349,1298000030.5175781
2012-02-22 05:42:00,1.3235,1.32367,1.3235,1.32362,1281799926.7578125
2012-02-22 05:43:00,1.32361,1.32361,1.32354,1.32358,1050899963.3789062
2012-02-22 05:44:00,1.3236,1.32378,1.32354,1.32378,1418899993.8964844
2012-02-22 05:45:00,1.32376,1.32386,1.3237,1.32379,1646900024.4140625
2012-02-22 05:46:00,1.32381,1.32381,1.32364,1.3237,1453099975.5859375
2012-02-22 05:47:00,1.3237,1.32385,1.3237,1.32385,1085699996.9482422
2012-02-22 05:48:00,1.32389,1.32389,1.32364,1.32365,945500030.5175781
2012-02-22 05:49:00,1.32365,1.32375,1.32365,1.32369,1121800003.0517578
2012-02-22 05:50:00,1.32369,1.32372,1.32368,1.32372,549599990.8447266
2012-02-22 05:51:00,1.32372,1.3238,1.32361,1.32362,1795200042.7246094
2012-02-22 05:52:00,1.32362,1.32368,1.32358,1.32362,1238799972.5341797
2012-02-22 05:53:00,1.32362,1.32382,1.32362,1.32375,1083300018.3105469
2012-02-22 05:54:00,1.32375,1.32402,1.32374,1.32395,1222900009.1552734
2012-02-22 05:55:00,1.32395,1.32395,1.32361,1.32361,981299972.5341797
2012-02-22 05:56:00,1.32364,1.32388,1.3236,1.32379,852799987.7929688
2012-02-22 05:57:00,1.32379,1.32382,1.32371,1.32374,725100021.3623047
2012-02-22 05:58:00,1.32376,1.32381,1.32365,1.32375,1211800003.0517578
2012-02-22 05:59:00,1.32373,1.3238,1.32367,1.32376,986500015.2587891
2012-02-22 06:00:00,1.32379,1.32379,1.32355,1.32365,1446300048.828125
2012-02-22 06:01:00,1.32365,1.32374,1.32356,1.32372,1144100036.6210938
2012-02-22 06:02:00,1.32372,1.3238,1.32365,1.32365,1171100006.1035156
2012-02-22 06:03:00,1.32365,1.32365,1.32355,1.32364,537099990.8447266
2012-02-22 06:04:00,1.32363,1.3237,1.32359,1.32363,646299972.5341797
2012-02-22 06:05:00,1.32363,1.32365,1.32359,1.32361,697300033.5693359
2012-02-22 06:06:00,1.32361,1.32367,1.32349,1.3235,877600021.3623047
2012-02-22 06:07:00,1.32351,1.32359,1.32347,1.32352,948600006.1035156
2012-02-22 06:08:00,1.32352,1.32354,1.32349,1.32349,349500007.62939453
2012-02-22 06:09:00,1.32349,1.32349,1.32339,1.32346,873600006.1035156
2012-02-22 06:10:00,1.32344,1.32349,1.32343,1.32348,552099990.8447266
2012-02-22 06:11:00,1.32349,1.32351,1.3233,1.32333,776299972.5341797
2012-02-22 06:12:00,1.32333,1.3234,1.32333,1.32337,1075100021.3623047
2012-02-22 06:13:00,1.32337,1.32346,1.32331,1.32341,1135800018.3105469
2012-02-22 06:14:00,1.32345,1.32345,1.3234,1.3234,409700012.20703125
2012-02-22 06:15:00,1.3234,1.3235,1.3234,1.32342,483600006.1035156
2012-02-22 06:16:00,1.32342,1.32344,1.32338,1.32342,374300003.0517578
2012-02-22 06:17:00,1.32342,1.32342,1.32334,1.32334,506399993.8964844
2012-02-22 06:18:00,1.3233,1.32338,1.3233,1.32337,319899997.71118164
2012-02-22 06:19:00,1.32335,1.32337,1.32333,1.32333,345900001.5258789
2012-02-22 06:20:00,1.32333,1.32336,1.32332,1.32333,528300018.3105469
2012-02-22 06:21:00,1.32333,1.32347,1.32332,1.32347,834899978.6376953
2012-02-22 06:22:00,1.32343,1.32349,1.3234,1.32349,430800018.3105469
2012-02-22 06:23:00,1.32347,1.3235,1.32345,1.32348,332799987.79296875
2012-02-22 06:24:00,1.3235,1.3235,1.32339,1.3234,637900009.1552734
2012-02-22 06:25:00,1.32337,1.32347,1.32335,1.32345,1075999984.741211
2012-02-22 06:26:00,1.32344,1.32361,1.32339,1.32347,2074299926.7578125
2012-02-22 06:27:00,1.32348,1.32362,1.32347,1.32362,1074599990.8447266
2012-02-22 06:28:00,1.32362,1.32383,1.32357,1.32379,901299972.5341797
2012-02-22 06:29:00,1.32376,1.32384,1.32371,1.32384,768700027.4658203
2012-02-22 06:30:00,1.32384,1.32385,1.3237,1.32379,906500015.2587891
2012-02-22 06:31:00,1.32379,1.324,1.32379,1.324,1790299987.7929688
2012-02-22 06:32:00,1.324,1.32403,1.3238,1.32385,1494100036.6210938
2012-02-22 06:33:00,1.32382,1.32392,1.32376,1.32388,910999984.7412109
2012-02-22 06:34:00,1.32388,1.32393,1.32376,1.32384,1036299972.5341797
2012-02-22 06:35:00,1.32382,1.32392,1.32382,1.32389,893399963.3789062
2012-02-22 06:36:00,1.32386,1.32394,1.32385,1.32385,455499992.37060547
2012-02-22 06:37:00,1.32385,1.32401,1.32385,1.32397,1117600021.3623047
2012-02-22 06:38:00,1.32397,1.324,1.32376,1.32384,1461100006.1035156
2012-02-22 06:39:00,1.32386,1.32397,1.32384,1.32397,1063499984.7412109
2012-02-22 06:40:00,1.32397,1.32401,1.3239,1.32398,1226299972.5341797
2012-02-22 06:41:00,1.32398,1.32431,1.32394,1.32428,2026999969.4824219
2012-02-22 06:42:00,1.32426,1.32437,1.32417,1.3242,1886600036.6210938
2012-02-22 06:43:00,1.3242,1.32431,1.32413,1.32431,1885299987.7929688
2012-02-22 06:44:00,1.32431,1.32433,1.32418,1.32427,1237799987.7929688
2012-02-22 06:45:00,1.32425,1.3244,1.3242,1.3244,1238199996.9482422
2012-02-22 06:46:00,1.32443,1.32448,1.3243,1.32442,1692799987.7929688
2012-02-22 06:47:00,1.32442,1.32447,1.32414,1.32414,1690599975.5859375
2012-02-22 06:48:00,1.32414,1.32427,1.32407,1.32411,1318899993.8964844
2012-02-22 06:49:00,1.32412,1.32414,1.32396,1.32399,1043600006.1035156
2012-02-22 06:50:00,1.32399,1.32401,1.3239,1.3239,1036900024.4140625
2012-02-22 06:51:00,1.32389,1.32392,1.3237,1.32378,1204199981.6894531
2012-02-22 06:52:00,1.32378,1.32382,1.3237,1.3238,1527200012.2070312
2012-02-22 06:53:00,1.3238,1.32396,1.32369,1.32396,1401900024.4140625
2012-02-22 06:54:00,1.32396,1.32408,1.32393,1.32398,1082799987.7929688
2012-02-22 06:55:00,1.32398,1.32404,1.32394,1.324,877699966.4306641
2012-02-22 06:56:00,1.324,1.32403,1.32387,1.32387,667600021.3623047
2012-02-22 06:57:00,1.32388,1.32392,1.32373,1.32376,930899963.3789062
2012-02-22 06:58:00,1.32379,1.32379,1.32358,1.32366,1138899993.8964844
2012-02-22 06:59:00,1.32369,1.3239,1.32367,1.3239,1093099975.5859375
2012-02-22 07:00:00,1.32391,1.32414,1.3238,1.32383,2968999938.9648438
2012-02-22 07:01:00,1.3238,1.3244,1.32378,1.32428,1964700012.2070312
2012-02-22 07:02:00,1.32428,1.32428,1.32391,1.32406,1956999969.4824219
2012-02-22 07:03:00,1.32405,1.32406,1.32395,1.32405,981200027.4658203
2012-02-22 07:04:00,1.32405,1.3242,1.32405,1.32406,1165299987.7929688
2012-02-22 07:05:00,1.32406,1.32415,1.32399,1.32411,1597400054.9316406
2012-02-22 07:06:00,1.32413,1.32437,1.32413,1.3243,1253799972.5341797
2012-02-22 07:07:00,1.3243,1.3243,1.3241,1.3241,944199981.6894531
2012-02-22 07:08:00,1.32408,1.32408,1.32383,1.32387,1201200027.4658203
2012-02-22 07:09:00,1.32387,1.32403,1.32378,1.3238,1333500061.0351562
2012-02-22 07:10:00,1.3238,1.324,1.32376,1.324,1169199981.6894531
2012-02-22 07:11:00,1.324,1.32413,1.32393,1.32394,983899993.8964844
2012-02-22 07:12:00,1.32396,1.32441,1.32394,1.32439,2033699951.171875
2012-02-22 07:13:00,1.32437,1.32454,1.32423,1.32443,1973500061.0351562
2012-02-22 07:14:00,1.32446,1.32446,1.32412,1.32412,1610099945.0683594
2012-02-22 07:15:00,1.32411,1.32428,1.32406,1.32415,1629100036.6210938
2012-02-22 07:16:00,1.32418,1.32451,1.32413,1.32448,1833300018.3105469
2012-02-22 07:17:00,1.32449,1.32451,1.3244,1.3244,1635800018.3105469
2012-02-22 07:18:00,1.3244,1.32445,1.32433,1.32442,1983000030.5175781
2012-02-22 07:19:00,1.32442,1.32443,1.32421,1.32424,932600021.3623047
2012-02-22 07:20:00,1.32422,1.32424,1.32409,1.32409,705000000.0
2012-02-22 07:21:00,1.32409,1.32425,1.32388,1.32388,1613000030.5175781
2012-02-22 07:22:00,1.32384,1.32387,1.32362,1.32377,1981999969.4824219
2012-02-22 07:23:00,1.32377,1.32381,1.3235,1.32358,1863800048.828125
2012-02-22 07:24:00,1.32358,1.32387,1.32358,1.32387,2366699981.689453
2012-02-22 07:25:00,1.32387,1.32398,1.32356,1.32358,1608999938.9648438
2012-02-22 07:26:00,1.32358,1.32404,1.32358,1.32402,2303300018.310547
2012-02-22 07:27:00,1.32403,1.32418,1.32399,1.32405,1259199981.6894531
2012-02-22 07:28:00,1.32405,1.32405,1.32369,1.32371,1388600006.1035156
2012-02-22 07:29:00,1.32371,1.32373,1.32346,1.32356,2566099853.515625
2012-02-22 07:30:00,1.32357,1.32366,1.32328,1.32338,2613299865.7226562
2012-02-22 07:31:00,1.32338,1.32346,1.32331,1.32337,1766100006.1035156
2012-02-22 07:32:00,1.32336,1.32336,1.32305,1.32328,2566700134.2773438
2012-02-22 07:33:00,1.32328,1.32334,1.3232,1.3232,1855000000.0
2012-02-22 07:34:00,1.32321,1.32378,1.32319,1.32376,2488300018.310547
2012-02-22 07:35:00,1.32375,1.32403,1.3237,1.32403,2720799865.7226562
2012-02-22 07:36:00,1.32403,1.3244,1.32403,1.32438,3175899963.3789062
2012-02-22 07:37:00,1.3244,1.32499,1.32437,1.32498,3441700134.2773438
2012-02-22 07:38:00,1.32501,1.32525,1.32499,1.32506,3440899963.3789062
2012-02-22 07:39:00,1.32504,1.32543,1.32502,1.32528,2552299957.2753906
2012-02-22 07:40:00,1.32527,1.32571,1.3252,1.3256,2614899902.34375
2012-02-22 07:41:00,1.3256,1.3256,1.3253,1.3253,3310000000.0
2012-02-22 07:42:00,1.32533,1.32534,1.32521,1.32534,2361600036.6210938
2012-02-22 07:43:00,1.32535,1.32555,1.32535,1.32537,2270099945.0683594
2012-02-22 07:44:00,1.32536,1.32536,1.32514,1.32532,3024700012.2070312
2012-02-22 07:45:00,1.32532,1.3257,1.32532,1.32552,3478500061.0351562
2012-02-22 07:46:00,1.32552,1.32552,1.32519,1.32519,2271199951.171875
2012-02-22 07:47:00,1.32518,1.32526,1.32512,1.32515,2262500000.0
2012-02-22 07:48:00,1.32515,1.32516,1.32499,1.32499,2221100006.1035156
2012-02-22 07:49:00,1.32498,1.32511,1.32475,1.32511,2237899932.861328
2012-02-22 07:50:00,1.3251,1.32524,1.32502,1.32505,2418800048.828125
2012-02-22 07:51:00,1.32504,1.32507,1.32491,1.32493,1444400024.4140625
2012-02-22 07:52:00,1.32494,1.32524,1.3249,1.32524,2021999969.4824219
2012-02-22 07:53:00,1.32525,1.32592,1.32521,1.32584,3311700134.2773438
2012-02-22 07:54:00,1.32584,1.32618,1.32577,1.32595,2721099853.515625
2012-02-22 07:55:00,1.32595,1.326,1.32584,1.32588,2041199951.171875
2012-02-22 07:56:00,1.32588,1.32602,1.32577,1.32596,2739700012.2070312
2012-02-22 07:57:00,1.32594,1.32599,1.32572,1.32572,2295200042.7246094
2012-02-22 07:58:00,1.32572,1.32585,1.3257,1.32582,1561999969.4824219
2012-02-22 07:59:00,1.32583,1.32586,1.32575,1.32577,1315099945.0683594
2012-02-22 08:00:00,1.32577,1.32595,1.32563,1.32569,2508300018.310547
2012-02-22 08:01:00,1.32568,1.32571,1.3255,1.32561,1920899963.3789062
2012-02-22 08:02:00,1.32559,1.32595,1.32559,1.32578,2105899963.3789062
2012-02-22 08:03:00,1.32578,1.32596,1.32574,1.3258,2030800018.3105469
2012-02-22 08:04:00,1.32579,1.32614,1.32567,1.3261,3359299926.7578125
2012-02-22 08:05:00,1.3261,1.32634,1.32599,1.32601,3726199951.171875
2012-02-22 08:06:00,1.32601,1.32601,1.32568,1.32583,3210299987.7929688
2012-02-22 08:07:00,1.32582,1.32582,1.32536,1.32554,3318999938.9648438
2012-02-22 08:08:00,1.32552,1.32566,1.3252,1.32522,2940400085.4492188
2012-02-22 08:09:00,1.32522,1.3255,1.32521,1.3253,3343099975.5859375
2012-02-22 08:10:00,1.3253,1.32547,1.32517,1.32546,3363999938.9648438
2012-02-22 08:11:00,1.32546,1.32556,1.3254,1.32552,2563699951.171875
2012-02-22 08:12:00,1.32553,1.32553,1.32523,1.32523,2591900024.4140625
2012-02-22 08:13:00,1.32524,1.3253,1.3251,1.32527,2234499969.482422
2012-02-22 08:14:00,1.32526,1.32526,1.32498,1.32509,2824800109.8632812
2012-02-22 08:15:00,1.32506,1.32515,1.32501,1.32502,2387599945.0683594
2012-02-22 08:16:00,1.32502,1.32537,1.32499,1.32535,3435799865.7226562
2012-02-22 08:17:00,1.32536,1.32536,1.32508,1.32511,2636900024.4140625
2012-02-22 08:18:00,1.32512,1.32546,1.3251,1.32546,2732600097.65625
2012-02-22 08:19:00,1.32546,1.32583,1.32546,1.32581,2569899902.34375
2012-02-22 08:20:00,1.32581,1.32588,1.32562,1.32563,3153299865.7226562
2012-02-22 08:21:00,1.32562,1.3259,1.32562,1.32581,3120000000.0
2012-02-22 08:22:00,1.32581,1.32608,1.3258,1.32604,3053900146.484375
2012-02-22 08:23:00,1.32604,1.3263,1.32602,1.32627,2581700134.2773438
2012-02-22 08:24:00,1.32627,1.3263,1.32606,1.32608,2445399932.861328
2012-02-22 08:25:00,1.32608,1.32608,1.3255,1.32565,2850599975.5859375
2012-02-22 08:26:00,1.32563,1.32563,1.32549,1.32559,1742899932.8613281
2012-02-22 08:27:00,1.32559,1.32562,1.32537,1.32543,1778000030.5175781
2012-02-22 08:28:00,1.32544,1.32549,1.3244,1.32443,3870700073.2421875
2012-02-22 08:29:00,1.32447,1.32465,1.32427,1.32442,3143900146.484375
2012-02-22 08:30:00,1.32445,1.32451,1.32425,1.32451,2925400085.4492188
2012-02-22 08:31:00,1.32451,1.32483,1.32438,1.32483,2758200073.2421875
2012-02-22 08:32:00,1.32482,1.32482,1.3242,1.32424,3042900085.4492188
2012-02-22 08:33:00,1.32424,1.32424,1.3233,1.3233,3013999938.9648438
2012-02-22 08:34:00,1.32332,1.32348,1.32311,1.3233,3359200134.2773438
2012-02-22 08:35:00,1.32331,1.32331,1.32276,1.32284,2920599975.5859375
2012-02-22 08:36:00,1.32284,1.32316,1.32284,1.32311,2074900054.9316406
2012-02-22 08:37:00,1.32311,1.32333,1.32284,1.32284,2642600097.65625
2012-02-22 08:38:00,1.32283,1.32289,1.3225,1.32281,2954299926.7578125
2012-02-22 08:39:00,1.3228,1.3228,1.32259,1.32275,3112999877.9296875
2012-02-22 08:40:00,1.32275,1.32327,1.32275,1.32321,3358399963.3789062
2012-02-22 08:41:00,1.32322,1.32322,1.32295,1.32296,2969500122.0703125
2012-02-22 08:42:00,1.32297,1.3232,1.3228,1.3232,3229899902.34375
2012-02-22 08:43:00,1.32321,1.32329,1.32278,1.3229,2396900024.4140625
2012-02-22 08:44:00,1.32291,1.32321,1.32291,1.32315,2847500000.0
2012-02-22 08:45:00,1.32316,1.32334,1.323,1.32311,3399200134.2773438
2012-02-22 08:46:00,1.32313,1.32313,1.32281,1.32286,2056999969.4824219
2012-02-22 08:47:00,1.32286,1.32289,1.32263,1.3228,1899700012.2070312
2012-02-22 08:48:00,1.32279,1.32298,1.32265,1.32298,2615700073.2421875
2012-02-22 08:49:00,1.32298,1.32353,1.32297,1.3234,2544299926.7578125
2012-02-22 08:50:00,1.32342,1.3238,1.32342,1.3238,2260099945.0683594
2012-02-22 08:51:00,1.32381,1.32395,1.32375,1.32376,2350899963.3789062
2012-02-22 08:52:00,1.32377,1.32395,1.32357,1.32363,2356300048.828125
2012-02-22 08:53:00,1.32364,1.32369,1.32343,1.32346,2255399932.861328
2012-02-22 08:54:00,1.32348,1.3235,1.32309,1.32342,2510099945.0683594
2012-02-22 08:55:00,1.32342,1.32367,1.32342,1.3236,2458399963.3789062
2012-02-22 08:56:00,1.3236,1.32382,1.32354,1.32368,1998399963.3789062
2012-02-22 08:57:00,1.32368,1.32376,1.32346,1.32349,2318899993.8964844
2012-02-22 08:58:00,1.32349,1.32349,1.32295,1.32299,2968299865.7226562
2012-02-22 08:59:00,1.32299,1.32299,1.32261,1.32265,3275400085.4492188
2012-02-22 09:00:00,1.32265,1.3228,1.32259,1.32273,2514600067.138672
2012-02-22 09:01:00,1.32274,1.32277,1.32218,1.32218,2676900024.4140625
2012-02-22 09:02:00,1.32217,1.32223,1.3219,1.32206,3735799865.7226562
2012-02-22 09:03:00,1.32207,1.32251,1.32198,1.32248,3773999938.9648438
2012-02-22 09:04:00,1.3225,1.32265,1.3224,1.32249,3420299987.7929688
2012-02-22 09:05:00,1.32249,1.32253,1.3222,1.32238,2503000030.517578
2012-02-22 09:06:00,1.32238,1.32255,1.32196,1.32203,2739400024.4140625
2012-02-22 09:07:00,1.32203,1.32222,1.32172,1.32211,3473900146.484375
2012-02-22 09:08:00,1.32212,1.32238,1.32201,1.32212,2894700012.2070312
2012-02-22 09:09:00,1.32212,1.32274,1.32212,1.32267,2826900024.4140625
2012-02-22 09:10:00,1.32264,1.32272,1.32217,1.32224,2697600097.65625
2012-02-22 09:11:00,1.32226,1.32233,1.32196,1.32211,2700799865.7226562
2012-02-22 09:12:00,1.32211,1.32242,1.32211,1.32234,2373500061.0351562
2012-02-22 09:13:00,1.32232,1.32232,1.32204,1.3222,2604200134.2773438
2012-02-22 09:14:00,1.32221,1.32244,1.32211,1.32216,3101900024.4140625
2012-02-22 09:15:00,1.32215,1.32215,1.32171,1.32177,3509899902.34375
2012-02-22 09:16:00,1.32178,1.32197,1.32174,1.32182,2218800048.828125
2012-02-22 09:17:00,1.32182,1.322,1.32181,1.3219,1881499938.9648438
2012-02-22 09:18:00,1.3219,1.32217,1.3219,1.32204,2067100067.1386719
2012-02-22 09:19:00,1.32204,1.32258,1.32198,1.32257,3073900146.484375
2012-02-22 09:20:00,1.3226,1.32301,1.32258,1.32263,3444599914.5507812
2012-02-22 09:21:00,1.32263,1.32293,1.3224,1.3224,2506300048.828125
2012-02-22 09:22:00,1.32239,1.32239,1.32207,1.32212,2235099945.0683594
2012-02-22 09:23:00,1.32212,1.32242,1.32212,1.3224,2719599914.5507812
2012-02-22 09:24:00,1.3224,1.32279,1.32238,1.32276,2064700012.2070312
2012-02-22 09:25:00,1.32275,1.3228,1.32244,1.32245,1882299957.2753906
2012-02-22 09:26:00,1.32245,1.32267,1.32242,1.32246,2110299987.7929688
2012-02-22 09:27:00,1.32246,1.32268,1.32244,1.32255,2493699951.171875
2012-02-22 09:28:00,1.32253,1.32271,1.32253,1.32256,2005500030.5175781
2012-02-22 09:29:00,1.32256,1.32262,1.32243,1.32253,2599100036.6210938
2012-02-22 09:30:00,1.32252,1.32265,1.3224,1.32257,4059500122.0703125
2012-02-22 09:31:00,1.32257,1.32271,1.32237,1.3226,3390000000.0
2012-02-22 09:32:00,1.3226,1.32262,1.32219,1.32224,2282100067.138672
2012-02-22 09:33:00,1.32225,1.3224,1.32191,1.32191,2457700042.7246094
2012-02-22 09:34:00,1.3219,1.32221,1.32178,1.32186,2896900024.4140625
2012-02-22 09:35:00,1.32186,1.32259,1.32186,1.3224,3778500061.0351562
2012-02-22 09:36:00,1.32239,1.32299,1.32228,1.3227,3819899902.34375
2012-02-22 09:37:00,1.3227,1.32308,1.32256,1.3229,3215899963.3789062
2012-02-22 09:38:00,1.3229,1.32292,1.32275,1.32281,2608900146.484375
2012-02-22 09:39:00,1.32281,1.3233,1.32281,1.3233,3643299865.7226562
2012-02-22 09:40:00,1.32331,1.32357,1.32308,1.32343,3370299987.7929688
2012-02-22 09:41:00,1.32345,1.3235,1.32291,1.32296,2553300018.310547
2012-02-22 09:42:00,1.32297,1.32309,1.32274,1.32274,2009100036.6210938
2012-02-22 09:43:00,1.32274,1.32279,1.32267,1.3227,1899100036.6210938
2012-02-22 09:44:00,1.32271,1.3229,1.32271,1.32282,1804299926.7578125
2012-02-22 09:45:00,1.3228,1.32331,1.32279,1.32331,2084799957.2753906
2012-02-22 09:46:00,1.32334,1.32342,1.32322,1.3233,1757500000.0
2012-02-22 09:47:00,1.3233,1.32342,1.32318,1.32323,2893699951.171875
2012-02-22 09:48:00,1.32323,1.32353,1.32311,1.3234,2863399963.3789062
2012-02-22 09:49:00,1.3234,1.32375,1.32338,1.32371,1819100036.6210938
2012-02-22 09:50:00,1.32372,1.32376,1.3234,1.32361,2527899932.861328
2012-02-22 09:51:00,1.32358,1.32358,1.32333,1.32342,1986699981.6894531
2012-02-22 09:52:00,1.32342,1.3237,1.32339,1.32366,1841100006.1035156
2012-02-22 09:53:00,1.32366,1.32366,1.32333,1.32359,2068399963.3789062
2012-02-22 09:54:00,1.32358,1.32382,1.32354,1.32365,1979299926.7578125
2012-02-22 09:55:00,1.32363,1.32369,1.32356,1.32364,1856799926.7578125
2012-02-22 09:56:00,1.32364,1.32365,1.32349,1.32355,1739400024.4140625
2012-02-22 09:57:00,1.32352,1.32352,1.32319,1.32319,1723800048.828125
2012-02-22 09:58:00,1.32313,1.32321,1.32312,1.32317,1565200042.7246094
2012-02-22 09:59:00,1.32319,1.32322,1.3229,1.32293,1984900054.9316406
2012-02-22 10:00:00,1.32294,1.32311,1.32294,1.32304,2085800018.3105469
2012-02-22 10:01:00,1.32305,1.32321,1.32301,1.32317,2554199981.689453
2012-02-22 10:02:00,1.32318,1.32323,1.32307,1.32307,2395399932.861328
2012-02-22 10:03:00,1.32303,1.32324,1.32303,1.32323,1879900054.9316406
2012-02-22 10:04:00,1.32323,1.32349,1.32317,1.32318,3075700073.2421875
2012-02-22 10:05:00,1.3232,1.32325,1.32307,1.32319,2049799957.2753906
2012-02-22 10:06:00,1.32319,1.32326,1.32313,1.32324,1693899993.8964844
2012-02-22 10:07:00,1.32324,1.32342,1.32324,1.32337,1746799926.7578125
2012-02-22 10:08:00,1.32337,1.32337,1.32319,1.32322,1311399993.8964844
2012-02-22 10:09:00,1.32322,1.3234,1.32306,1.32308,2260700073.2421875
2012-02-22 10:10:00,1.32311,1.32319,1.32289,1.32289,2051100006.1035156
2012-02-22 10:11:00,1.32288,1.32288,1.32248,1.32261,3567099914.5507812
2012-02-22 10:12:00,1.32261,1.32264,1.32251,1.32252,2422799987.7929688
2012-02-22 10:13:00,1.32255,1.32281,1.32255,1.32275,2248800048.828125
2012-02-22 10:14:00,1.32275,1.32278,1.32256,1.32266,1719499969.4824219
2012-02-22 10:15:00,1.32266,1.32306,1.32266,1.32305,1324400024.4140625
2012-02-22 10:16:00,1.32304,1.32314,1.3229,1.32299,1701399993.8964844
2012-02-22 10:17:00,1.32298,1.32312,1.32282,1.32282,1721699981.6894531
2012-02-22 10:18:00,1.32282,1.32288,1.3228,1.3228,2225299987.7929688
2012-02-22 10:19:00,1.32279,1.3228,1.32249,1.32262,1726600036.6210938
2012-02-22 10:20:00,1.32264,1.3228,1.32262,1.32274,2284100036.6210938
2012-02-22 10:21:00,1.32274,1.32281,1.32259,1.32277,2147799987.7929688
2012-02-22 10:22:00,1.32277,1.32323,1.32273,1.32319,2181499938.9648438
2012-02-22 10:23:00,1.32318,1.32345,1.32311,1.32332,2139199981.6894531
2012-02-22 10:24:00,1.32331,1.32331,1.32313,1.32316,1611399993.8964844
2012-02-22 10:25:00,1.32316,1.32319,1.32299,1.32304,2616099853.515625
2012-02-22 10:26:00,1.32304,1.32332,1.32301,1.32319,2405399932.861328
2012-02-22 10:27:00,1.32319,1.3233,1.32319,1.3233,1548600006.1035156
2012-02-22 10:28:00,1.3233,1.32361,1.3233,1.32353,1793399963.3789062
2012-02-22 10:29:00,1.32353,1.32385,1.32353,1.32379,2440700073.2421875
2012-02-22 10:30:00,1.32379,1.32379,1.32365,1.32373,1936399993.8964844
2012-02-22 10:31:00,1.32373,1.32413,1.32362,1.32413,2491000061.0351562
2012-02-22 10:32:00,1.32411,1.32422,1.32395,1.32418,2920000000.0
2012-02-22 10:33:00,1.32418,1.32431,1.32407,1.3242,2615899963.3789062
2012-02-22 10:34:00,1.3242,1.32424,1.32409,1.32409,1363500061.0351562
2012-02-22 10:35:00,1.32408,1.32408,1.32386,1.32386,1925500030.5175781
2012-02-22 10:36:00,1.32385,1.32392,1.32348,1.3236,2869700012.2070312
2012-02-22 10:37:00,1.32361,1.32394,1.32359,1.32359,2248800048.828125
2012-02-22 10:38:00,1.3236,1.3236,1.32322,1.32326,1965899963.3789062
2012-02-22 10:39:00,1.32327,1.32333,1.32322,1.32331,1973000030.5175781
2012-02-22 10:40:00,1.32327,1.32327,1.32311,1.32314,1817799987.7929688
2012-02-22 10:41:00,1.32313,1.32336,1.32309,1.32336,1889900054.9316406
2012-02-22 10:42:00,1.32336,1.32351,1.32335,1.32339,2196199951.171875
2012-02-22 10:43:00,1.32342,1.32361,1.32338,1.3236,2877799987.7929688
2012-02-22 10:44:00,1.32359,1.32375,1.32339,1.32357,3069100036.6210938
2012-02-22 10:45:00,1.32357,1.3237,1.32354,1.32361,2089100036.6210938
2012-02-22 10:46:00,1.32361,1.32376,1.3236,1.32364,1799400024.4140625
2012-02-22 10:47:00,1.32365,1.32365,1.32348,1.3235,1859900054.9316406
2012-02-22 10:48:00,1.3235,1.32357,1.32338,1.32341,1956199951.171875
2012-02-22 10:49:00,1.32341,1.32352,1.32329,1.32329,1828200073.2421875
2012-02-22 10:50:00,1.32331,1.32352,1.32328,1.32341,1736900024.4140625
2012-02-22 10:51:00,1.32346,1.32354,1.32305,1.32311,2426000061.0351562
2012-02-22 10:52:00,1.32311,1.32313,1.32301,1.3231,1576999969.4824219
2012-02-22 10:53:00,1.3231,1.3231,1.32298,1.32308,706600036.6210938
2012-02-22 10:54:00,1.32308,1.32309,1.32282,1.32296,1889799957.2753906
2012-02-22 10:55:00,1.32297,1.32302,1.32268,1.3227,1958300018.3105469
2012-02-22 10:56:00,1.32271,1.32294,1.32255,1.32294,2070000000.0
2012-02-22 10:57:00,1.32294,1.32312,1.32292,1.32312,1668999938.9648438
2012-02-22 10:58:00,1.32314,1.32328,1.32314,1.32319,1803399963.3789062
2012-02-22 10:59:00,1.32319,1.32342,1.32319,1.3233,1642899932.8613281
2012-02-22 11:00:00,1.3233,1.32332,1.32309,1.32311,1296699981.6894531
2012-02-22 11:01:00,1.3231,1.32319,1.32278,1.3228,2112500000.0
2012-02-22 11:02:00,1.3228,1.32329,1.3228,1.32329,2048500061.0351562
2012-02-22 11:03:00,1.32332,1.32371,1.32327,1.32371,2350599975.5859375
2012-02-22 11:04:00,1.32371,1.32375,1.32349,1.32355,2107799987.7929688
2012-02-22 11:05:00,1.32355,1.32361,1.32293,1.32293,2785299987.7929688
2012-02-22 11:06:00,1.32291,1.32324,1.32291,1.32307,2282799987.7929688
2012-02-22 11:07:00,1.32308,1.32332,1.32292,1.32292,2012299957.2753906
2012-02-22 11:08:00,1.32291,1.32308,1.32271,1.32307,2543300018.310547
2012-02-22 11:09:00,1.32306,1.32308,1.32296,1.32296,1405599975.5859375
2012-02-22 11:10:00,1.32295,1.32295,1.32267,1.32272,1693000030.5175781
2012-02-22 11:11:00,1.32272,1.32275,1.32258,1.32272,1362299957.2753906
2012-02-22 11:12:00,1.32271,1.32274,1.32241,1.32263,2105500030.5175781
2012-02-22 11:13:00,1.32263,1.32268,1.32244,1.32259,2633699951.171875
2012-02-22 11:14:00,1.3226,1.32275,1.3225,1.32275,2719599914.5507812
2012-02-22 11:15:00,1.32275,1.32288,1.32256,1.32259,2226900024.4140625
2012-02-22 11:16:00,1.32259,1.32286,1.32259,1.32283,2065599975.5859375
2012-02-22 11:17:00,1.32284,1.32297,1.32273,1.32281,2058899993.8964844
2012-02-22 11:18:00,1.32281,1.32293,1.3227,1.32292,1836199951.171875
2012-02-22 11:19:00,1.32293,1.32318,1.32293,1.32314,2128999938.9648438
2012-02-22 11:20:00,1.32316,1.32334,1.32312,1.32324,2447299957.2753906
2012-02-22 11:21:00,1.32322,1.32339,1.32306,1.32328,2357599945.0683594
2012-02-22 11:22:00,1.32328,1.32328,1.32301,1.32311,2357100067.138672
2012-02-22 11:23:00,1.32311,1.32319,1.32305,1.32316,1732100067.1386719
2012-02-22 11:24:00,1.32316,1.32329,1.32308,1.32315,1704499969.4824219
2012-02-22 11:25:00,1.32315,1.32336,1.32313,1.32335,1281900024.4140625
2012-02-22 11:26:00,1.32335,1.32368,1.32335,1.32366,1853399963.3789062
2012-02-22 11:27:00,1.32365,1.32365,1.3233,1.32353,2379499969.482422
2012-02-22 11:28:00,1.32352,1.32352,1.32345,1.32347,1757700042.7246094
2012-02-22 11:29:00,1.32347,1.32369,1.32346,1.32367,1483800048.828125
2012-02-22 11:30:00,1.32367,1.3237,1.32351,1.32358,1406999969.4824219
2012-02-22 11:31:00,1.32356,1.32359,1.32332,1.3234,2012899932.8613281
2012-02-22 11:32:00,1.32338,1.32346,1.3233,1.3234,1627299957.2753906
2012-02-22 11:33:00,1.32341,1.32348,1.32323,1.32323,1820099945.0683594
2012-02-22 11:34:00,1.3232,1.32321,1.32272,1.32299,3235799865.7226562
2012-02-22 11:35:00,1.323,1.32322,1.32287,1.32321,1802899932.8613281
2012-02-22 11:36:00,1.32321,1.32321,1.32286,1.32291,1959700012.2070312
2012-02-22 11:37:00,1.3229,1.32318,1.32285,1.32315,2335800018.310547
2012-02-22 11:38:00,1.32316,1.3232,1.32276,1.32277,2724299926.7578125
2012-02-22 11:39:00,1.32277,1.32277,1.32243,1.32266,2442700042.7246094
2012-02-22 11:40:00,1.32268,1.32281,1.32245,1.32254,2059499969.4824219
2012-02-22 11:41:00,1.32253,1.32256,1.3224,1.32251,2572799987.7929688
2012-02-22 11:42:00,1.32251,1.32261,1.3225,1.32254,1659900054.9316406
2012-02-22 11:43:00,1.32255,1.32272,1.32255,1.3227,1324499969.4824219
2012-02-22 11:44:00,1.3227,1.3228,1.3223,1.3223,2064100036.6210938
2012-02-22 11:45:00,1.3223,1.32231,1.32209,1.32216,2207400054.9316406
2012-02-22 11:46:00,1.32216,1.32242,1.32203,1.32242,2110800018.3105469
2012-02-22 11:47:00,1.32242,1.32255,1.32217,1.32217,2316100006.1035156
2012-02-22 11:48:00,1.32218,1.32223,1.322,1.32215,2458699951.171875
2012-02-22 11:49:00,1.32215,1.3222,1.32195,1.32219,1825299987.7929688
2012-02-22 11:50:00,1.32219,1.3224,1.32219,1.32237,1308999938.9648438
2012-02-22 11:51:00,1.32236,1.32266,1.32233,1.32255,2133999938.9648438
2012-02-22 11:52:00,1.32254,1.32255,1.32233,1.32237,1805000000.0
2012-02-22 11:53:00,1.32237,1.32237,1.32207,1.32216,1956600036.6210938
2012-02-22 11:54:00,1.32217,1.32256,1.32217,1.32246,1726000061.0351562
2012-02-22 11:55:00,1.32245,1.3226,1.32244,1.32248,1593800048.828125
2012-02-22 11:56:00,1.32247,1.32247,1.3224,1.32241,651399993.8964844
2012-02-22 11:57:00,1.32241,1.32276,1.32241,1.3227,1989299926.7578125
2012-02-22 11:58:00,1.3227,1.32275,1.32225,1.32225,2280200042.7246094
2012-02-22 11:59:00,1.32224,1.32224,1.3219,1.32192,2120200042.7246094
2012-02-22 12:00:00,1.32191,1.32201,1.32177,1.32193,2275800018.310547
2012-02-22 12:01:00,1.32193,1.32194,1.32139,1.32154,3353299865.7226562
2012-02-22 12:02:00,1.32154,1.32161,1.32144,1.32158,1986000061.0351562
2012-02-22 12:03:00,1.32158,1.32192,1.32158,1.32182,1910399932.8613281
2012-02-22 12:04:00,1.32182,1.32201,1.32173,1.32199,1666300048.828125
2012-02-22 12:05:00,1.322,1.32223,1.32188,1.32221,2226699981.689453
2012-02-22 12:06:00,1.32221,1.32255,1.32221,1.32226,2407500000.0
2012-02-22 12:07:00,1.32226,1.32256,1.32222,1.3225,2032700042.7246094
2012-02-22 12:08:00,1.32249,1.32265,1.32243,1.32253,2364700012.2070312
2012-02-22 12:09:00,1.32253,1.32276,1.32247,1.32272,2660199890.1367188
2012-02-22 12:10:00,1.32271,1.32272,1.3224,1.32246,1630200042.7246094
2012-02-22 12:11:00,1.32247,1.32259,1.32238,1.32238,2218300018.310547
2012-02-22 12:12:00,1.32237,1.32268,1.32231,1.32254,2199700012.2070312
2012-02-22 12:13:00,1.32254,1.32266,1.32241,1.32243,1837400054.9316406
2012-02-22 12:14:00,1.32243,1.32251,1.32238,1.32242,1761799926.7578125
2012-02-22 12:15:00,1.32241,1.32267,1.32241,1.32261,2225500030.517578
2012-02-22 12:16:00,1.32264,1.32265,1.32237,1.32238,2650400085.4492188
2012-02-22 12:17:00,1.3224,1.32247,1.32236,1.32241,1780299987.7929688
2012-02-22 12:18:00,1.32241,1.32262,1.32241,1.32256,2593099975.5859375
2012-02-22 12:19:00,1.32257,1.32273,1.32257,1.3227,826600036.6210938
2012-02-22 12:20:00,1.32271,1.3228,1.32271,1.3228,1897200012.2070312
2012-02-22 12:21:00,1.3228,1.32312,1.32277,1.32305,2041999969.4824219
2012-02-22 12:22:00,1.32303,1.32341,1.32302,1.32338,2534900054.9316406
2012-02-22 12:23:00,1.32338,1.3235,1.32325,1.32346,2633500061.0351562
2012-02-22 12:24:00,1.32344,1.32352,1.32341,1.32347,1648699951.171875
2012-02-22 12:25:00,1.32348,1.32351,1.32336,1.3234,1837799987.7929688
2012-02-22 12:26:00,1.32341,1.32352,1.32332,1.32335,2203399963.3789062
2012-02-22 12:27:00,1.32335,1.32339,1.3232,1.32332,2164199981.689453
2012-02-22 12:28:00,1.3233,1.32351,1.32321,1.32351,2516000061.0351562
2012-02-22 12:29:00,1.32351,1.32353,1.32326,1.32337,2850599975.5859375
2012-02-22 12:30:00,1.32338,1.32343,1.32322,1.32335,1908899993.8964844
2012-02-22 12:31:00,1.32335,1.32363,1.32333,1.32359,2712600097.65625
2012-02-22 12:32:00,1.3236,1.32366,1.32327,1.32332,2533500061.0351562
2012-02-22 12:33:00,1.32335,1.32348,1.3233,1.32334,1442100067.1386719
2012-02-22 12:34:00,1.32334,1.32342,1.32331,1.32338,1420200042.7246094
2012-02-22 12:35:00,1.32338,1.32345,1.3233,1.32339,2060500030.5175781
2012-02-22 12:36:00,1.32338,1.32343,1.32327,1.32336,1746799926.7578125
2012-02-22 12:37:00,1.32337,1.32343,1.32331,1.32332,1219000015.258789
2012-02-22 12:38:00,1.32331,1.32383,1.32329,1.32369,1919799957.2753906
2012-02-22 12:39:00,1.32373,1.32424,1.32373,1.32407,2477100067.138672
2012-02-22 12:40:00,1.32409,1.32499,1.32403,1.32499,3292999877.9296875
2012-02-22 12:41:00,1.32498,1.32526,1.32494,1.32497,3726900024.4140625
2012-02-22 12:42:00,1.32497,1.32505,1.32479,1.32479,2571900024.4140625
2012-02-22 12:43:00,1.32479,1.32495,1.32466,1.32494,2330700073.2421875
2012-02-22 12:44:00,1.32494,1.32529,1.32494,1.32514,3039500122.0703125
2012-02-22 12:45:00,1.32512,1.3255,1.325,1.32537,3837200012.2070312
2012-02-22 12:46:00,1.32537,1.32553,1.32523,1.32531,2854700012.2070312
2012-02-22 12:47:00,1.32534,1.3254,1.32489,1.32489,3211099853.515625
2012-02-22 12:48:00,1.3249,1.325,1.32478,1.32483,2319100036.6210938
2012-02-22 12:49:00,1.32485,1.32487,1.32463,1.32469,2418399963.3789062
2012-02-22 12:50:00,1.32468,1.3249,1.32468,1.32479,2468699951.171875
2012-02-22 12:51:00,1.32478,1.32488,1.32465,1.32466,2229199981.689453
2012-02-22 12:52:00,1.32462,1.32482,1.32461,1.32463,2123999938.9648438
2012-02-22 12:53:00,1.32463,1.32463,1.32422,1.32423,2104700012.2070312
2012-02-22 12:54:00,1.32424,1.32434,1.3241,1.32431,2674400024.4140625
2012-02-22 12:55:00,1.32431,1.32442,1.3243,1.32434,1850700073.2421875
2012-02-22 12:56:00,1.32432,1.32433,1.32388,1.3239,2083300018.3105469
2012-02-22 12:57:00,1.3239,1.32411,1.32386,1.32411,2424199981.689453
2012-02-22 12:58:00,1.32411,1.32411,1.32397,1.32397,2591799926.7578125
2012-02-22 12:59:00,1.32396,1.32409,1.3239,1.32402,2814800109.8632812
2012-02-22 13:00:00,1.32403,1.3242,1.32396,1.32403,3019400024.4140625
2012-02-22 13:01:00,1.32403,1.32415,1.32375,1.32381,3261300048.828125
2012-02-22 13:02:00,1.32381,1.3239,1.32372,1.32387,2053300018.3105469
2012-02-22 13:03:00,1.32388,1.32388,1.3235,1.32351,2757799987.7929688
2012-02-22 13:04:00,1.32351,1.32378,1.32345,1.32357,1989100036.6210938
2012-02-22 13:05:00,1.32357,1.32362,1.32348,1.32359,1438899993.8964844
2012-02-22 13:06:00,1.32359,1.32371,1.32359,1.3237,1145800018.3105469
2012-02-22 13:07:00,1.3237,1.32373,1.32341,1.32345,1786100006.1035156
2012-02-22 13:08:00,1.32342,1.32342,1.323,1.32313,2292100067.138672
2012-02-22 13:09:00,1.32316,1.32328,1.32309,1.32322,2445099945.0683594
2012-02-22 13:10:00,1.3232,1.32336,1.32319,1.32325,2077400054.9316406
2012-02-22 13:11:00,1.32325,1.3233,1.32316,1.3232,1962799987.7929688
2012-02-22 13:12:00,1.3232,1.3234,1.3232,1.32331,2015899963.3789062
2012-02-22 13:13:00,1.32331,1.32331,1.32317,1.32322,1867700042.7246094
2012-02-22 13:14:00,1.32322,1.32325,1.32294,1.32314,2888200073.2421875
2012-02-22 13:15:00,1.32316,1.32345,1.32301,1.3234,3133099975.5859375
2012-02-22 13:16:00,1.3234,1.32343,1.32319,1.32335,2269499969.482422
2012-02-22 13:17:00,1.32335,1.32335,1.32308,1.32312,1977500000.0
2012-02-22 13:18:00,1.32313,1.32313,1.32246,1.32248,2691700134.2773438
2012-02-22 13:19:00,1.32248,1.32248,1.32221,1.32226,2859400024.4140625
2012-02-22 13:20:00,1.32226,1.32232,1.32209,1.32224,3132099914.5507812
2012-02-22 13:21:00,1.32222,1.32234,1.32217,1.32233,2124199981.6894531
2012-02-22 13:22:00,1.32234,1.32264,1.32233,1.32254,2165099945.0683594
2012-02-22 13:23:00,1.32256,1.32256,1.32217,1.32233,2275800018.310547
2012-02-22 13:24:00,1.32232,1.32239,1.32218,1.32236,1911799926.7578125
2012-02-22 13:25:00,1.32234,1.32234,1.32162,1.32173,3687699890.1367188
2012-02-22 13:26:00,1.32174,1.32219,1.32172,1.32212,3139400024.4140625
2012-02-22 13:27:00,1.32213,1.32252,1.32209,1.32244,2207799987.7929688
2012-02-22 13:28:00,1.32244,1.32265,1.3224,1.32255,2300299987.7929688
2012-02-22 13:29:00,1.32255,1.32274,1.32253,1.32272,2100500030.5175781
2012-02-22 13:30:00,1.32268,1.32278,1.32254,1.32265,2498000030.517578
2012-02-22 13:31:00,1.32266,1.32275,1.32248,1.32253,2009299926.7578125
2012-02-22 13:32:00,1.32255,1.32261,1.32239,1.32244,2721000061.0351562
2012-02-22 13:33:00,1.32243,1.32258,1.32239,1.32247,2439199981.689453
2012-02-22 13:34:00,1.32248,1.32282,1.32242,1.32271,2169299926.7578125
2012-02-22 13:35:00,1.32272,1.32286,1.32264,1.32284,1893200073.2421875
2012-02-22 13:36:00,1.32284,1.32287,1.32229,1.32233,2113500061.0351562
2012-02-22 13:37:00,1.32233,1.3227,1.32233,1.32263,2316499938.9648438
2012-02-22 13:38:00,1.32263,1.32276,1.32262,1.32266,2361999969.482422
2012-02-22 13:39:00,1.32266,1.32294,1.32262,1.32292,1842599945.0683594
2012-02-22 13:40:00,1.32293,1.32323,1.32291,1.32308,2762000122.0703125
2012-02-22 13:41:00,1.32308,1.32314,1.32286,1.32286,2129900054.9316406
2012-02-22 13:42:00,1.32286,1.32287,1.3225,1.32258,2263000030.517578
2012-02-22 13:43:00,1.32257,1.32259,1.32245,1.32255,1850099945.0683594
2012-02-22 13:44:00,1.32255,1.32257,1.32221,1.32226,1636000061.0351562
2012-02-22 13:45:00,1.32227,1.3225,1.32227,1.32249,2088399963.3789062
2012-02-22 13:46:00,1.32249,1.323,1.32249,1.32283,2630400085.4492188
2012-02-22 13:47:00,1.32279,1.32281,1.32261,1.32278,2358999938.9648438
2012-02-22 13:48:00,1.3228,1.32302,1.32279,1.32299,2298300018.310547
2012-02-22 13:49:00,1.323,1.32324,1.3229,1.32321,1756300048.828125
2012-02-22 13:50:00,1.32321,1.32321,1.32291,1.32291,1500800018.3105469
2012-02-22 13:51:00,1.32292,1.32316,1.3229,1.32316,1958999938.9648438
2012-02-22 13:52:00,1.32318,1.32344,1.32318,1.3232,3103699951.171875
2012-02-22 13:53:00,1.3232,1.32333,1.32314,1.32333,1196800003.0517578
2012-02-22 13:54:00,1.32334,1.32338,1.32309,1.32327,2096799926.7578125
2012-02-22 13:55:00,1.32327,1.32349,1.32327,1.32349,1685800018.3105469
2012-02-22 13:56:00,1.32349,1.3235,1.32329,1.32343,822500000.0
2012-02-22 13:57:00,1.32344,1.32348,1.32309,1.32338,2662099914.5507812
2012-02-22 13:58:00,1.32339,1.32368,1.32339,1.32365,2016199951.171875
2012-02-22 13:59:00,1.32365,1.32371,1.32351,1.32369,1533399963.3789062
2012-02-22 14:00:00,1.32368,1.32393,1.32361,1.32379,2520099945.0683594
2012-02-22 14:01:00,1.32379,1.32384,1.32356,1.32376,2482599945.0683594
2012-02-22 14:02:00,1.32376,1.3239,1.32361,1.32362,1884700012.2070312
2012-02-22 14:03:00,1.32362,1.32396,1.32362,1.32393,2609800109.8632812
2012-02-22 14:04:00,1.32396,1.32424,1.32378,1.32412,3739100036.6210938
2012-02-22 14:05:00,1.3241,1.32413,1.32385,1.32391,2530299987.7929688
2012-02-22 14:06:00,1.32393,1.32418,1.32385,1.3239,2514799957.2753906
2012-02-22 14:07:00,1.32391,1.32437,1.32387,1.32437,3131300048.828125
2012-02-22 14:08:00,1.32437,1.32437,1.32418,1.32428,2934100036.6210938
2012-02-22 14:09:00,1.32428,1.32431,1.32411,1.3242,1302400054.9316406
2012-02-22 14:10:00,1.32421,1.32432,1.32393,1.32393,2785199890.1367188
2012-02-22 14:11:00,1.32393,1.32413,1.32384,1.32409,2473099975.5859375
2012-02-22 14:12:00,1.32409,1.3241,1.32369,1.32389,2493899993.8964844
2012-02-22 14:13:00,1.32389,1.32418,1.32387,1.32412,2766000061.0351562
2012-02-22 14:14:00,1.32412,1.32423,1.32405,1.32419,3101799926.7578125
2012-02-22 14:15:00,1.32421,1.32436,1.3239,1.32395,2923399963.3789062
2012-02-22 14:16:00,1.32395,1.32408,1.32394,1.32398,1987500000.0
2012-02-22 14:17:00,1.32397,1.32397,1.32381,1.32386,1575700073.2421875
2012-02-22 14:18:00,1.32382,1.32399,1.32378,1.3239,1883300018.3105469
2012-02-22 14:19:00,1.32392,1.32394,1.32381,1.32387,1324499969.4824219
2012-02-22 14:20:00,1.32388,1.32393,1.3238,1.32388,1768500061.0351562
2012-02-22 14:21:00,1.32388,1.3239,1.32379,1.3238,1925099945.0683594
2012-02-22 14:22:00,1.32379,1.32379,1.32334,1.32341,3538299865.7226562
2012-02-22 14:23:00,1.3234,1.32341,1.32317,1.32328,1595800018.3105469
2012-02-22 14:24:00,1.32329,1.32348,1.32319,1.32329,1980800018.3105469
2012-02-22 14:25:00,1.32329,1.32333,1.32312,1.32312,1570599975.5859375
2012-02-22 14:26:00,1.32312,1.32321,1.32293,1.32307,2475099945.0683594
2012-02-22 14:27:00,1.32308,1.32341,1.32305,1.3234,2987500000.0
2012-02-22 14:28:00,1.3234,1.32354,1.32329,1.32349,2037599945.0683594
2012-02-22 14:29:00,1.32349,1.32352,1.32342,1.32349,2157400054.9316406
2012-02-22 14:30:00,1.32351,1.32371,1.32336,1.32342,2648699951.171875
2012-02-22 14:31:00,1.32343,1.32344,1.32318,1.32318,2359600067.138672
2012-02-22 14:32:00,1.32319,1.3232,1.32297,1.32311,2591000061.0351562
2012-02-22 14:33:00,1.32311,1.32322,1.3226,1.32261,2748299865.7226562
2012-02-22 14:34:00,1.32261,1.32307,1.3226,1.32304,2973599853.515625
2012-02-22 14:35:00,1.32307,1.32316,1.3227,1.32277,2450500030.517578
2012-02-22 14:36:00,1.32277,1.32312,1.32275,1.32298,2692799987.7929688
2012-02-22 14:37:00,1.32298,1.32311,1.32284,1.32291,3062699890.1367188
2012-02-22 14:38:00,1.32292,1.32301,1.32271,1.32282,2043699951.171875
2012-02-22 14:39:00,1.32281,1.32284,1.32244,1.32255,3299800109.8632812
2012-02-22 14:40:00,1.32255,1.32275,1.32246,1.32275,2348000030.517578
2012-02-22 14:41:00,1.32278,1.32325,1.32275,1.32311,2421799926.7578125
2012-02-22 14:42:00,1.32311,1.32351,1.32311,1.32339,2438200073.2421875
2012-02-22 14:43:00,1.32339,1.32355,1.32328,1.32339,2225399932.861328
2012-02-22 14:44:00,1.32337,1.32348,1.32318,1.32348,2767500000.0
2012-02-22 14:45:00,1.32349,1.32356,1.3233,1.32337,2548200073.2421875
2012-02-22 14:46:00,1.32337,1.32375,1.32321,1.32364,2519299926.7578125
2012-02-22 14:47:00,1.32365,1.32374,1.32342,1.32373,2052599945.0683594
2012-02-22 14:48:00,1.32371,1.32371,1.32331,1.32343,2920100097.65625
2012-02-22 14:49:00,1.32345,1.32351,1.32285,1.3229,2626099853.515625
2012-02-22 14:50:00,1.32288,1.3229,1.32273,1.3228,2859599914.5507812
2012-02-22 14:51:00,1.3228,1.32281,1.32252,1.32252,2387599945.0683594
2012-02-22 14:52:00,1.32252,1.32261,1.3224,1.32255,2274299926.7578125
2012-02-22 14:53:00,1.32256,1.32268,1.32247,1.32254,1997899932.8613281
2012-02-22 14:54:00,1.32257,1.32276,1.32253,1.32268,2458399963.3789062
2012-02-22 14:55:00,1.32268,1.32293,1.32268,1.32293,2683800048.828125
2012-02-22 14:56:00,1.32294,1.32307,1.32283,1.32294,2381900024.4140625
2012-02-22 14:57:00,1.32292,1.32293,1.32277,1.32279,1994499969.4824219
2012-02-22 14:58:00,1.32281,1.3229,1.32268,1.32282,1569400024.4140625
2012-02-22 14:59:00,1.32282,1.32298,1.32259,1.32263,2477100067.138672
2012-02-22 15:00:00,1.32261,1.32294,1.32245,1.32249,4028999938.9648438
2012-02-22 15:01:00,1.3225,1.32272,1.32226,1.32226,2730000000.0
2012-02-22 15:02:00,1.32227,1.32228,1.32186,1.32195,2640700073.2421875
2012-02-22 15:03:00,1.3219,1.32193,1.32135,1.32159,3079200134.2773438
2012-02-22 15:04:00,1.32159,1.32198,1.32145,1.32174,2576300048.828125
2012-02-22 15:05:00,1.32175,1.32184,1.32159,1.32159,2528399963.3789062
2012-02-22 15:06:00,1.3216,1.32212,1.32159,1.32212,2637699890.1367188
2012-02-22 15:07:00,1.32214,1.32216,1.32185,1.32194,2134600067.1386719
2012-02-22 15:08:00,1.32194,1.32255,1.32194,1.32246,2833099975.5859375
2012-02-22 15:09:00,1.32248,1.3225,1.32228,1.3224,2785899963.3789062
2012-02-22 15:10:00,1.3224,1.32281,1.32218,1.32281,3152600097.65625
2012-02-22 15:11:00,1.32283,1.32338,1.32277,1.32338,2698599853.515625
2012-02-22 15:12:00,1.32339,1.32355,1.32321,1.32321,3181400146.484375
2012-02-22 15:13:00,1.32321,1.32346,1.32313,1.32335,2726499938.9648438
2012-02-22 15:14:00,1.32334,1.32334,1.323,1.32306,2872999877.9296875
2012-02-22 15:15:00,1.32307,1.32311,1.32278,1.32295,2178099975.5859375
2012-02-22 15:16:00,1.32296,1.323,1.32273,1.32276,2348399963.3789062
2012-02-22 15:17:00,1.32278,1.32289,1.32267,1.32289,1637299957.2753906
2012-02-22 15:18:00,1.3229,1.32358,1.3229,1.32349,3140299987.7929688
2012-02-22 15:19:00,1.32349,1.32364,1.32317,1.32317,3533200073.2421875
2012-02-22 15:20:00,1.32316,1.32316,1.3228,1.32298,2902699890.1367188
2012-02-22 15:21:00,1.32299,1.32335,1.32299,1.32319,2736499938.9648438
2012-02-22 15:22:00,1.32319,1.32352,1.32308,1.32321,2813900146.484375
2012-02-22 15:23:00,1.32321,1.32328,1.3229,1.32297,2876499938.9648438
2012-02-22 15:24:00,1.32296,1.32306,1.3228,1.32306,2375899963.3789062
2012-02-22 15:25:00,1.32307,1.32363,1.32307,1.32361,2634100036.6210938
2012-02-22 15:26:00,1.32362,1.32367,1.32341,1.32357,2804400024.4140625
2012-02-22 15:27:00,1.32358,1.32362,1.32345,1.32348,2369299926.7578125
2012-02-22 15:28:00,1.3235,1.32362,1.32335,1.32359,2382299957.2753906
2012-02-22 15:29:00,1.32359,1.32359,1.32321,1.32328,2286300048.828125
2012-02-22 15:30:00,1.32325,1.32333,1.32304,1.32304,2181000061.0351562
2012-02-22 15:31:00,1.32304,1.32304,1.32289,1.32291,1644299926.7578125
2012-02-22 15:32:00,1.32291,1.32291,1.3222,1.32234,3378299865.7226562
2012-02-22 15:33:00,1.32235,1.32244,1.32227,1.32227,2225399932.861328
2012-02-22 15:34:00,1.32226,1.32257,1.32205,1.32257,2363200073.2421875
2012-02-22 15:35:00,1.32257,1.32283,1.32257,1.32267,3047000122.0703125
2012-02-22 15:36:00,1.32267,1.32312,1.32261,1.32309,2626499938.9648438
2012-02-22 15:37:00,1.3231,1.3231,1.32266,1.32275,2816700134.2773438
2012-02-22 15:38:00,1.32274,1.32306,1.32264,1.32292,2125599975.5859375
2012-02-22 15:39:00,1.32293,1.32293,1.32274,1.32288,1798500061.0351562
2012-02-22 15:40:00,1.32288,1.32314,1.3228,1.32313,1801100006.1035156
2012-02-22 15:41:00,1.32313,1.32353,1.32306,1.32336,2422400054.9316406
2012-02-22 15:42:00,1.32332,1.32342,1.32323,1.3233,2026499938.9648438
2012-02-22 15:43:00,1.32331,1.32331,1.32303,1.32322,2115299987.7929688
2012-02-22 15:44:00,1.32322,1.32322,1.32291,1.32297,1900700073.2421875
2012-02-22 15:45:00,1.32296,1.32323,1.32285,1.32321,2164700012.2070312
2012-02-22 15:46:00,1.3232,1.32345,1.32307,1.3234,3015199890.1367188
2012-02-22 15:47:00,1.3234,1.32354,1.32313,1.32351,2489799957.2753906
2012-02-22 15:48:00,1.32351,1.32352,1.32335,1.32337,1938800048.828125
2012-02-22 15:49:00,1.32336,1.32369,1.32333,1.32369,2399299926.7578125
2012-02-22 15:50:00,1.32369,1.32406,1.32369,1.32389,3179599914.5507812
2012-02-22 15:51:00,1.32388,1.324,1.32384,1.3239,1718600006.1035156
2012-02-22 15:52:00,1.3239,1.324,1.32382,1.32388,1759600067.1386719
2012-02-22 15:53:00,1.32387,1.3242,1.32383,1.32411,3124500122.0703125
2012-02-22 15:54:00,1.3241,1.32429,1.32392,1.32402,2861799926.7578125
2012-02-22 15:55:00,1.32403,1.32427,1.32394,1.32397,2836099853.515625
2012-02-22 15:56:00,1.32397,1.32399,1.32362,1.32362,3198699951.171875
2012-02-22 15:57:00,1.32362,1.32377,1.32352,1.32359,2649599914.5507812
2012-02-22 15:58:00,1.32358,1.32358,1.32345,1.32346,2199299926.7578125
2012-02-22 15:59:00,1.32346,1.32405,1.32339,1.32405,2789599914.5507812
2012-02-22 16:00:00,1.32406,1.32422,1.32399,1.32403,3737999877.9296875
2012-02-22 16:01:00,1.32404,1.32421,1.32389,1.3242,2734800109.8632812
2012-02-22 16:02:00,1.3242,1.32528,1.3241,1.32528,4261600036.6210938
2012-02-22 16:03:00,1.32528,1.32544,1.32496,1.32517,3725199890.1367188
2012-02-22 16:04:00,1.32519,1.32519,1.32489,1.32511,3238900146.484375
2012-02-22 16:05:00,1.32514,1.32572,1.3251,1.32559,3837399902.34375
2012-02-22 16:06:00,1.32559,1.32564,1.3253,1.32552,2916600036.6210938
2012-02-22 16:07:00,1.32552,1.32581,1.32542,1.32581,3771799926.7578125
2012-02-22 16:08:00,1.32578,1.32638,1.32578,1.32608,3546099853.515625
2012-02-22 16:09:00,1.32608,1.3262,1.32578,1.3259,2895899963.3789062
2012-02-22 16:10:00,1.32591,1.32606,1.32585,1.3259,2317799987.7929688
2012-02-22 16:11:00,1.32591,1.326,1.3256,1.3256,2069199981.6894531
2012-02-22 16:12:00,1.3256,1.32574,1.32556,1.32568,2959299926.7578125
2012-02-22 16:13:00,1.32569,1.32578,1.32554,1.32567,2126100006.1035156
2012-02-22 16:14:00,1.32566,1.32566,1.32519,1.32523,2820199890.1367188
2012-02-22 16:15:00,1.32524,1.32559,1.32524,1.32545,1973999938.9648438
2012-02-22 16:16:00,1.32545,1.3255,1.32526,1.32539,2266999969.482422
2012-02-22 16:17:00,1.32539,1.32548,1.32536,1.32538,2194199981.689453
2012-02-22 16:18:00,1.32538,1.32549,1.32532,1.32543,1431799926.7578125
2012-02-22 16:19:00,1.32542,1.32542,1.32511,1.3253,2476900024.4140625
2012-02-22 16:20:00,1.3253,1.32537,1.32508,1.32509,1560299987.7929688
2012-02-22 16:21:00,1.32509,1.32514,1.32498,1.3251,1714299926.7578125
2012-02-22 16:22:00,1.32508,1.3253,1.32507,1.32528,1779900054.9316406
2012-02-22 16:23:00,1.32528,1.32561,1.32528,1.32557,2002500000.0
2012-02-22 16:24:00,1.32554,1.32566,1.3255,1.32551,2337200012.2070312
2012-02-22 16:25:00,1.32551,1.32571,1.32547,1.32547,2116499938.9648438
2012-02-22 16:26:00,1.32549,1.32552,1.32533,1.32546,1681900024.4140625
2012-02-22 16:27:00,1.32548,1.32548,1.32529,1.32533,1240299987.7929688
2012-02-22 16:28:00,1.32531,1.32532,1.32517,1.32525,1856799926.7578125
2012-02-22 16:29:00,1.32527,1.32527,1.32502,1.32515,1929100036.6210938
2012-02-22 16:30:00,1.32518,1.32521,1.32507,1.32512,2691600036.6210938
2012-02-22 16:31:00,1.32511,1.3252,1.3248,1.32483,1726900024.4140625
2012-02-22 16:32:00,1.32483,1.32493,1.32465,1.32477,2050700073.2421875
2012-02-22 16:33:00,1.32476,1.32478,1.3244,1.32458,2142500000.0
2012-02-22 16:34:00,1.32461,1.32465,1.3244,1.32454,2569200134.2773438
2012-02-22 16:35:00,1.32454,1.32461,1.32439,1.3244,2152100067.138672
2012-02-22 16:36:00,1.32436,1.32436,1.32411,1.32411,2664100036.6210938
2012-02-22 16:37:00,1.32412,1.32433,1.32397,1.32403,2332400054.9316406
2012-02-22 16:38:00,1.32404,1.32411,1.324,1.32404,2068099975.5859375
2012-02-22 16:39:00,1.32404,1.32431,1.32403,1.32423,1888699951.171875
2012-02-22 16:40:00,1.32425,1.32426,1.32392,1.32409,1606100006.1035156
2012-02-22 16:41:00,1.32408,1.32424,1.32403,1.32412,1995299987.7929688
2012-02-22 16:42:00,1.32412,1.32418,1.32365,1.32372,2508099975.5859375
2012-02-22 16:43:00,1.32371,1.32371,1.3235,1.32367,2514400024.4140625
2012-02-22 16:44:00,1.32367,1.32384,1.32365,1.3237,2631499938.9648438
2012-02-22 16:45:00,1.3237,1.32383,1.32351,1.32383,1836699981.6894531
2012-02-22 16:46:00,1.32383,1.32383,1.3236,1.32367,2213300018.310547
2012-02-22 16:47:00,1.32366,1.32394,1.32365,1.3238,2227899932.861328
2012-02-22 16:48:00,1.32381,1.32394,1.32366,1.32374,2269799957.2753906
2012-02-22 16:49:00,1.32375,1.3239,1.32364,1.32388,1801999969.4824219
2012-02-22 16:50:00,1.32391,1.324,1.32384,1.32398,1476600036.6210938
2012-02-22 16:51:00,1.32398,1.32398,1.32375,1.32381,1509100036.6210938
2012-02-22 16:52:00,1.3238,1.32401,1.32379,1.32394,895699996.9482422
2012-02-22 16:53:00,1.32394,1.32412,1.32386,1.32409,1398600006.1035156
2012-02-22 16:54:00,1.3241,1.32426,1.3241,1.32422,1963300018.3105469
2012-02-22 16:55:00,1.32421,1.3244,1.32414,1.3244,1994199981.6894531
2012-02-22 16:56:00,1.32441,1.32454,1.32441,1.32443,1292700042.7246094
2012-02-22 16:57:00,1.32441,1.3246,1.32429,1.3246,1935899963.3789062
2012-02-22 16:58:00,1.3246,1.32499,1.32455,1.32491,2137799987.7929688
2012-02-22 16:59:00,1.32492,1.32503,1.32473,1.3249,2508300018.310547
2012-02-22 17:00:00,1.32491,1.32493,1.32477,1.32482,1653399963.3789062
2012-02-22 17:01:00,1.32482,1.32505,1.3248,1.32496,2302100067.138672
2012-02-22 17:02:00,1.32496,1.32521,1.32495,1.3252,1641699981.6894531
2012-02-22 17:03:00,1.3252,1.3253,1.32494,1.32494,1901900024.4140625
2012-02-22 17:04:00,1.32492,1.32493,1.3247,1.3247,1458699951.171875
2012-02-22 17:05:00,1.32472,1.32475,1.32423,1.32423,1473399963.3789062
2012-02-22 17:06:00,1.32424,1.32434,1.32396,1.32397,1586100006.1035156
2012-02-22 17:07:00,1.32396,1.324,1.32385,1.32394,1607299957.2753906
2012-02-22 17:08:00,1.32395,1.32422,1.32395,1.32411,1493899993.8964844
2012-02-22 17:09:00,1.32409,1.32409,1.32397,1.32398,1613699951.171875
2012-02-22 17:10:00,1.32398,1.32439,1.32397,1.32439,1385299987.7929688
2012-02-22 17:11:00,1.32438,1.32438,1.32417,1.3242,1275500030.5175781
2012-02-22 17:12:00,1.3242,1.32426,1.32411,1.32417,1339799957.2753906
2012-02-22 17:13:00,1.32416,1.32426,1.32409,1.32422,1049300003.0517578
2012-02-22 17:14:00,1.32422,1.32449,1.32421,1.32449,1278399963.3789062
2012-02-22 17:15:00,1.32448,1.32481,1.32421,1.32421,2129700012.2070312
2012-02-22 17:16:00,1.32421,1.32454,1.32415,1.32449,1294700012.2070312
2012-02-22 17:17:00,1.32449,1.32467,1.32449,1.32467,1170199966.430664
2012-02-22 17:18:00,1.32467,1.32488,1.32464,1.32464,1344400024.4140625
2012-02-22 17:19:00,1.32463,1.32463,1.32438,1.32444,2014400024.4140625
2012-02-22 17:20:00,1.32444,1.32451,1.32437,1.32442,1299700012.2070312
2012-02-22 17:21:00,1.32442,1.32468,1.3244,1.32468,924899978.6376953
2012-02-22 17:22:00,1.32468,1.32482,1.32468,1.3248,1163099975.5859375
2012-02-22 17:23:00,1.3248,1.32482,1.32471,1.32473,891399993.8964844
2012-02-22 17:24:00,1.32475,1.32478,1.32445,1.32445,1235599975.5859375
2012-02-22 17:25:00,1.32445,1.32485,1.32439,1.32485,1227200012.2070312
2012-02-22 17:26:00,1.32485,1.32491,1.3248,1.32483,579799995.4223633
2012-02-22 17:27:00,1.32482,1.32504,1.32472,1.32504,1781699981.6894531
2012-02-22 17:28:00,1.32504,1.32538,1.32504,1.32526,1996199951.171875
2012-02-22 17:29:00,1.32527,1.3253,1.32519,1.32526,1459799957.2753906
2012-02-22 17:30:00,1.32525,1.32539,1.32525,1.32537,1402299957.2753906
2012-02-22 17:31:00,1.32539,1.3256,1.32538,1.3256,1226800003.0517578
2012-02-22 17:32:00,1.32561,1.32569,1.32533,1.32534,2017700042.7246094
2012-02-22 17:33:00,1.32534,1.32534,1.32523,1.32528,1188700027.4658203
2012-02-22 17:34:00,1.32528,1.32528,1.32499,1.32499,1247500000.0
2012-02-22 17:35:00,1.32499,1.32507,1.32499,1.32507,809000015.2587891
2012-02-22 17:36:00,1.32506,1.32506,1.32498,1.325,1642799987.7929688
2012-02-22 17:37:00,1.325,1.32509,1.32497,1.32505,1463000030.5175781
2012-02-22 17:38:00,1.32503,1.32537,1.32502,1.32537,1308300018.3105469
2012-02-22 17:39:00,1.32537,1.32574,1.32537,1.32574,1054300003.0517578
2012-02-22 17:40:00,1.32575,1.3258,1.32561,1.32562,1112600021.3623047
2012-02-22 17:41:00,1.3256,1.32566,1.32544,1.32549,1085999984.741211
2012-02-22 17:42:00,1.32549,1.32554,1.32511,1.32527,1881100006.1035156
2012-02-22 17:43:00,1.32527,1.32538,1.32524,1.32538,1216699981.6894531
2012-02-22 17:44:00,1.3254,1.3254,1.32522,1.32526,1298300018.3105469
2012-02-22 17:45:00,1.32526,1.32545,1.32521,1.32539,1275599975.5859375
2012-02-22 17:46:00,1.32538,1.32538,1.3252,1.3253,1179000015.258789
2012-02-22 17:47:00,1.32531,1.32544,1.32515,1.32523,1565000000.0
2012-02-22 17:48:00,1.32523,1.32549,1.32523,1.3254,1420000000.0
2012-02-22 17:49:00,1.32539,1.3254,1.3253,1.3253,1261999969.4824219
2012-02-22 17:50:00,1.32531,1.32533,1.32513,1.32521,946399993.8964844
2012-02-22 17:51:00,1.32521,1.32529,1.32519,1.32528,829499969.4824219
2012-02-22 17:52:00,1.32528,1.32542,1.32527,1.32539,893199996.9482422
2012-02-22 17:53:00,1.32539,1.32551,1.32539,1.32544,1220699996.9482422
2012-02-22 17:54:00,1.32544,1.32545,1.32526,1.32526,989700012.2070312
2012-02-22 17:55:00,1.32529,1.32538,1.32526,1.32537,1253099975.5859375
2012-02-22 17:56:00,1.32537,1.32537,1.32518,1.3252,1093199996.9482422
2012-02-22 17:57:00,1.3252,1.32544,1.32519,1.32544,1216999969.4824219
2012-02-22 17:58:00,1.32546,1.3255,1.32492,1.32492,2017700042.7246094
2012-02-22 17:59:00,1.32496,1.32509,1.32459,1.32459,1925800018.3105469
2012-02-22 18:00:00,1.32458,1.32481,1.32456,1.32479,2200099945.0683594
2012-02-22 18:01:00,1.32478,1.32481,1.32457,1.32459,1599700012.2070312
2012-02-22 18:02:00,1.32459,1.32478,1.32459,1.32468,1595800018.3105469
2012-02-22 18:03:00,1.32467,1.3249,1.32459,1.32487,1622500000.0
2012-02-22 18:04:00,1.32488,1.32521,1.32487,1.32513,1950899963.3789062
2012-02-22 18:05:00,1.32513,1.32525,1.32503,1.32525,1365299987.7929688
2012-02-22 18:06:00,1.32525,1.32545,1.32517,1.32522,1886999969.4824219
2012-02-22 18:07:00,1.32523,1.32529,1.32491,1.32491,2326999969.482422
2012-02-22 18:08:00,1.3249,1.32492,1.32467,1.32468,1754900054.9316406
2012-02-22 18:09:00,1.3247,1.3248,1.3247,1.3248,747900009.1552734
2012-02-22 18:10:00,1.32481,1.32521,1.32481,1.32516,1298500061.0351562
2012-02-22 18:11:00,1.32517,1.32517,1.32474,1.32475,1972299957.2753906
2012-02-22 18:12:00,1.32473,1.32498,1.32471,1.32498,1661699981.6894531
2012-02-22 18:13:00,1.32501,1.32511,1.32497,1.325,1505299987.7929688
2012-02-22 18:14:00,1.325,1.32503,1.3248,1.3249,1431300048.828125
2012-02-22 18:15:00,1.32492,1.32521,1.32492,1.32521,985699996.9482422
2012-02-22 18:16:00,1.3252,1.3252,1.32507,1.32517,1406999969.4824219
2012-02-22 18:17:00,1.32518,1.32541,1.3251,1.32539,2614100036.6210938
2012-02-22 18:18:00,1.32538,1.3254,1.32528,1.3253,1861999969.4824219
2012-02-22 18:19:00,1.32529,1.32532,1.32514,1.3252,1332700042.7246094
2012-02-22 18:20:00,1.32518,1.3255,1.32517,1.32535,2066199951.171875
2012-02-22 18:21:00,1.32534,1.32534,1.32519,1.32531,1347200012.2070312
2012-02-22 18:22:00,1.32531,1.32536,1.325,1.32503,1524499969.4824219
2012-02-22 18:23:00,1.32503,1.32504,1.3249,1.32491,882399978.6376953
2012-02-22 18:24:00,1.3249,1.32506,1.3249,1.32503,1509100036.6210938
2012-02-22 18:25:00,1.32501,1.32517,1.32498,1.32499,1456999969.4824219
2012-02-22 18:26:00,1.325,1.32525,1.325,1.32511,1138499984.741211
2012-02-22 18:27:00,1.32516,1.32524,1.3251,1.32511,1225100021.3623047
2012-02-22 18:28:00,1.32511,1.32512,1.32502,1.3251,1027699966.4306641
2012-02-22 18:29:00,1.32511,1.32524,1.3251,1.32516,1234400024.4140625
2012-02-22 18:30:00,1.32515,1.32521,1.325,1.325,1577899932.8613281
2012-02-22 18:31:00,1.325,1.32501,1.32493,1.32498,1027699966.4306641
2012-02-22 18:32:00,1.32498,1.32501,1.3249,1.32497,1752700042.7246094
2012-02-22 18:33:00,1.32498,1.3252,1.32496,1.32513,1667200012.2070312
2012-02-22 18:34:00,1.32513,1.32519,1.32497,1.32516,1905899963.3789062
2012-02-22 18:35:00,1.32516,1.32519,1.32507,1.32519,1878000030.5175781
2012-02-22 18:36:00,1.32519,1.32521,1.32507,1.32513,1278000030.5175781
2012-02-22 18:37:00,1.32512,1.32523,1.32509,1.32511,1015400009.1552734
2012-02-22 18:38:00,1.32511,1.32511,1.325,1.32508,1030100021.3623047
2012-02-22 18:39:00,1.32507,1.3252,1.32501,1.3252,1623300018.3105469
2012-02-22 18:40:00,1.3252,1.32521,1.32496,1.32496,1248700027.4658203
2012-02-22 18:41:00,1.32493,1.32494,1.32477,1.32478,1410299987.7929688
2012-02-22 18:42:00,1.32478,1.32498,1.32474,1.32479,1639900054.9316406
2012-02-22 18:43:00,1.32479,1.3249,1.32478,1.32489,1066999969.4824219
2012-02-22 18:44:00,1.32489,1.32493,1.32481,1.32482,961299972.5341797
2012-02-22 18:45:00,1.32482,1.32485,1.32475,1.32482,1044599990.8447266
2012-02-22 18:46:00,1.32482,1.32492,1.32477,1.32492,957699966.4306641
2012-02-22 18:47:00,1.32493,1.32503,1.32493,1.32502,859400024.4140625
2012-02-22 18:48:00,1.32503,1.32504,1.32493,1.32493,642799987.7929688
2012-02-22 18:49:00,1.32493,1.32502,1.32477,1.32477,1155500030.5175781
2012-02-22 18:50:00,1.32477,1.32494,1.32472,1.32494,1156999969.4824219
2012-02-22 18:51:00,1.32496,1.32504,1.32486,1.32492,1668899993.8964844
2012-02-22 18:52:00,1.32491,1.32503,1.32489,1.32502,837099990.8447266
2012-02-22 18:53:00,1.32502,1.32504,1.32501,1.32504,755199966.4306641
2012-02-22 18:54:00,1.32503,1.32524,1.32503,1.32519,749199981.6894531
2012-02-22 18:55:00,1.32519,1.32521,1.32501,1.32512,1504900054.9316406
2012-02-22 18:56:00,1.32512,1.3254,1.32512,1.32531,1485500030.5175781
2012-02-22 18:57:00,1.32531,1.32541,1.32528,1.32529,1109000015.258789
2012-02-22 18:58:00,1.32529,1.3253,1.32519,1.32521,787600021.3623047
2012-02-22 18:59:00,1.3252,1.32523,1.32514,1.32516,1172200012.2070312
2012-02-22 19:00:00,1.32516,1.32522,1.32509,1.32509,1326499938.9648438
2012-02-22 19:01:00,1.32509,1.32532,1.32509,1.32532,755599975.5859375
2012-02-22 19:02:00,1.3253,1.32531,1.32519,1.32519,954700012.2070312
2012-02-22 19:03:00,1.32519,1.32521,1.325,1.32508,1375599975.5859375
2012-02-22 19:04:00,1.32508,1.32512,1.32504,1.3251,1290899963.3789062
2012-02-22 19:05:00,1.32511,1.32515,1.32502,1.32502,1179100036.6210938
2012-02-22 19:06:00,1.32501,1.32509,1.32499,1.32509,1222900009.1552734
2012-02-22 19:07:00,1.3251,1.32534,1.32509,1.32534,1532299957.2753906
2012-02-22 19:08:00,1.32538,1.3254,1.32527,1.32532,1285599975.5859375
2012-02-22 19:09:00,1.32532,1.32536,1.32505,1.32509,1492500000.0
2012-02-22 19:10:00,1.32509,1.32513,1.32498,1.3251,1540200042.7246094
2012-02-22 19:11:00,1.3251,1.32515,1.3251,1.32513,995699996.9482422
2012-02-22 19:12:00,1.32514,1.32517,1.32513,1.32516,644700012.2070312
2012-02-22 19:13:00,1.32514,1.32523,1.32514,1.32518,1638699951.171875
2012-02-22 19:14:00,1.32518,1.32522,1.32512,1.32512,924800033.5693359
2012-02-22 19:15:00,1.32511,1.32529,1.32511,1.32529,993000030.5175781
2012-02-22 19:16:00,1.3253,1.3253,1.32519,1.32519,1144300003.0517578
2012-02-22 19:17:00,1.32519,1.32566,1.32518,1.32566,1504799957.2753906
2012-02-22 19:18:00,1.32565,1.3258,1.32551,1.32557,2311799926.7578125
2012-02-22 19:19:00,1.3256,1.32567,1.3255,1.32566,996100006.1035156
2012-02-22 19:20:00,1.32566,1.32572,1.32562,1.32569,796800003.0517578
2012-02-22 19:21:00,1.32569,1.32569,1.32542,1.32542,774499969.4824219
2012-02-22 19:22:00,1.32541,1.32542,1.32523,1.32529,950400009.1552734
2012-02-22 19:23:00,1.3253,1.32547,1.3253,1.32537,1381100006.1035156
2012-02-22 19:24:00,1.32539,1.32561,1.32536,1.32553,1567500000.0
2012-02-22 19:25:00,1.32553,1.32557,1.32531,1.32531,1398699951.171875
2012-02-22 19:26:00,1.32532,1.32535,1.32519,1.3252,1260800018.3105469
2012-02-22 19:27:00,1.3252,1.32532,1.3252,1.32522,1528399963.3789062
2012-02-22 19:28:00,1.32522,1.32531,1.32522,1.32524,967500000.0
2012-02-22 19:29:00,1.32524,1.32528,1.32514,1.32515,1791600036.6210938
2012-02-22 19:30:00,1.32515,1.32518,1.32502,1.32511,1393099975.5859375
2012-02-22 19:31:00,1.32511,1.32511,1.32504,1.32511,904499969.4824219
2012-02-22 19:32:00,1.3251,1.32512,1.32502,1.32512,676399993.8964844
2012-02-22 19:33:00,1.32512,1.32512,1.32496,1.32501,1372700042.7246094
2012-02-22 19:34:00,1.32501,1.32512,1.32501,1.32508,923000030.5175781
2012-02-22 19:35:00,1.32507,1.32508,1.3248,1.32481,1224100036.6210938
2012-02-22 19:36:00,1.32481,1.32485,1.32476,1.32483,1218000030.5175781
2012-02-22 19:37:00,1.32482,1.32486,1.32475,1.32486,1519700012.2070312
2012-02-22 19:38:00,1.32489,1.32495,1.32462,1.32469,1720099945.0683594
2012-02-22 19:39:00,1.32469,1.32469,1.32438,1.3244,1215299987.7929688
2012-02-22 19:40:00,1.3244,1.32444,1.32419,1.3244,2376399993.8964844
2012-02-22 19:41:00,1.3244,1.3244,1.32414,1.32423,1748699951.171875
2012-02-22 19:42:00,1.32423,1.32423,1.32405,1.32406,1452799987.7929688
2012-02-22 19:43:00,1.32406,1.32425,1.324,1.32423,1456699981.6894531
2012-02-22 19:44:00,1.32421,1.32421,1.32404,1.3242,1074700012.2070312
2012-02-22 19:45:00,1.3242,1.32434,1.3242,1.3243,845899963.3789062
2012-02-22 19:46:00,1.3243,1.32435,1.32429,1.32434,478199996.9482422
2012-02-22 19:47:00,1.32434,1.3245,1.32434,1.32445,1008000030.5175781
2012-02-22 19:48:00,1.32445,1.32446,1.32439,1.32443,1269100036.6210938
2012-02-22 19:49:00,1.32442,1.32442,1.32405,1.32407,1603500061.0351562
2012-02-22 19:50:00,1.32409,1.32415,1.32399,1.32415,1318699951.171875
2012-02-22 19:51:00,1.32415,1.32421,1.3241,1.32412,928199996.9482422
2012-02-22 19:52:00,1.32412,1.32421,1.32409,1.3241,1622700042.7246094
2012-02-22 19:53:00,1.3241,1.32413,1.32404,1.32413,999599990.8447266
2012-02-22 19:54:00,1.32412,1.32433,1.32411,1.32433,975400009.1552734
2012-02-22 19:55:00,1.32432,1.32445,1.32429,1.32429,862099990.8447266
2012-02-22 19:56:00,1.3243,1.32437,1.32418,1.32433,1095199966.430664
2012-02-22 19:57:00,1.32435,1.32448,1.32435,1.32445,873600006.1035156
2012-02-22 19:58:00,1.32444,1.32444,1.32435,1.32439,957699966.4306641
2012-02-22 19:59:00,1.32439,1.32449,1.32429,1.32447,1385200042.7246094
2012-02-22 20:00:00,1.32448,1.32448,1.32416,1.32432,1791900024.4140625
2012-02-22 20:01:00,1.32429,1.32436,1.32418,1.3242,1225400009.1552734
2012-02-22 20:02:00,1.32421,1.32436,1.32413,1.32417,1576799926.7578125
2012-02-22 20:03:00,1.32417,1.3245,1.32415,1.32447,1157699966.430664
2012-02-22 20:04:00,1.32447,1.32456,1.32439,1.32439,1621799926.7578125
2012-02-22 20:05:00,1.3244,1.32441,1.32438,1.32438,383400001.5258789
2012-02-22 20:06:00,1.32439,1.32457,1.32437,1.32455,1487599945.0683594
2012-02-22 20:07:00,1.32458,1.32473,1.32443,1.3245,1575099945.0683594
2012-02-22 20:08:00,1.32449,1.3245,1.3244,1.3244,1296499938.9648438
2012-02-22 20:09:00,1.32441,1.32451,1.3244,1.32451,835699996.9482422
2012-02-22 20:10:00,1.32451,1.32451,1.32441,1.32441,590200004.5776367
2012-02-22 20:11:00,1.32441,1.3245,1.3244,1.32449,797099990.8447266
2012-02-22 20:12:00,1.32449,1.32483,1.32449,1.32467,1694700012.2070312
2012-02-22 20:13:00,1.32467,1.32481,1.32467,1.32479,930899963.3789062
2012-02-22 20:14:00,1.32478,1.3249,1.32476,1.3249,1083000030.5175781
2012-02-22 20:15:00,1.32491,1.32495,1.3248,1.3248,1306399993.8964844
2012-02-22 20:16:00,1.32478,1.3248,1.32467,1.32467,796299972.5341797
2012-02-22 20:17:00,1.32468,1.32475,1.32459,1.3246,1404600067.1386719
2012-02-22 20:18:00,1.3246,1.32474,1.3246,1.32474,280599994.6594238
2012-02-22 20:19:00,1.32476,1.32486,1.32471,1.32471,1362599945.0683594
2012-02-22 20:20:00,1.32468,1.3248,1.32467,1.32479,757699966.4306641
2012-02-22 20:21:00,1.3248,1.3248,1.32464,1.32464,650599975.5859375
2012-02-22 20:22:00,1.32464,1.32475,1.3246,1.3246,998700027.4658203
2012-02-22 20:23:00,1.3246,1.3247,1.3246,1.32462,1152699966.430664
2012-02-22 20:24:00,1.32462,1.32464,1.32454,1.32454,607500000.0
2012-02-22 20:25:00,1.32455,1.32464,1.32455,1.3246,876600036.6210938
2012-02-22 20:26:00,1.3246,1.3246,1.32441,1.32445,1030100021.3623047
2012-02-22 20:27:00,1.32445,1.32464,1.32443,1.32459,1763899993.8964844
2012-02-22 20:28:00,1.3246,1.3246,1.32451,1.32456,874400024.4140625
2012-02-22 20:29:00,1.32458,1.32463,1.32441,1.32446,950500030.5175781
2012-02-22 20:30:00,1.32446,1.32449,1.32441,1.32444,947200012.2070312
2012-02-22 20:31:00,1.32445,1.32453,1.32444,1.32451,508100013.73291016
2012-02-22 20:32:00,1.32452,1.32452,1.32443,1.32443,479199981.6894531
2012-02-22 20:33:00,1.32443,1.32445,1.32428,1.32429,1524900054.9316406
2012-02-22 20:34:00,1.32429,1.32441,1.32425,1.32437,1138300018.3105469
2012-02-22 20:35:00,1.3244,1.3244,1.32438,1.32439,800299987.7929688
2012-02-22 20:36:00,1.32439,1.32464,1.32439,1.32464,1789299926.7578125
2012-02-22 20:37:00,1.32463,1.32464,1.32452,1.32461,956100006.1035156
2012-02-22 20:38:00,1.32461,1.32468,1.32455,1.32468,762500000.0
2012-02-22 20:39:00,1.32468,1.32474,1.32468,1.3247,584399986.2670898
2012-02-22 20:40:00,1.3247,1.3248,1.32469,1.3247,1107900009.1552734
2012-02-22 20:41:00,1.3247,1.32478,1.32464,1.32478,1486399993.8964844
2012-02-22 20:42:00,1.32478,1.32489,1.3247,1.32472,1256100006.1035156
2012-02-22 20:43:00,1.32473,1.3248,1.32471,1.32472,1541499938.9648438
2012-02-22 20:44:00,1.32472,1.32472,1.3246,1.32462,890800018.3105469
2012-02-22 20:45:00,1.32461,1.32462,1.32452,1.32452,734700012.2070312
2012-02-22 20:46:00,1.32452,1.32456,1.32429,1.32431,1911399993.8964844
2012-02-22 20:47:00,1.32431,1.3244,1.32423,1.32439,1940899963.3789062
2012-02-22 20:48:00,1.32439,1.3244,1.32436,1.32439,1115699996.9482422
2012-02-22 20:49:00,1.32438,1.32452,1.32428,1.32432,1361699981.6894531
2012-02-22 20:50:00,1.32433,1.32438,1.3243,1.32434,1814799957.2753906
2012-02-22 20:51:00,1.32434,1.32434,1.32421,1.32422,625299987.7929688
2012-02-22 20:52:00,1.32422,1.32424,1.32419,1.3242,622999992.3706055
2012-02-22 20:53:00,1.3242,1.32421,1.32409,1.32409,1927899932.8613281
2012-02-22 20:54:00,1.32406,1.32421,1.32395,1.32421,1917200012.2070312
2012-02-22 20:55:00,1.3242,1.32421,1.32418,1.3242,848399963.3789062
2012-02-22 20:56:00,1.32421,1.32421,1.32419,1.32419,605200004.5776367
2012-02-22 20:57:00,1.3242,1.3243,1.32419,1.32426,699300003.0517578
2012-02-22 20:58:00,1.32425,1.32428,1.3242,1.32428,819199981.6894531
2012-02-22 20:59:00,1.32428,1.32442,1.32428,1.32438,618100013.7329102
2012-02-22 21:00:00,1.32437,1.32437,1.32422,1.32422,407799987.79296875
2012-02-22 21:01:00,1.32419,1.32426,1.32412,1.32423,1530500030.5175781
2012-02-22 21:02:00,1.32421,1.32423,1.32412,1.32412,512599983.21533203
2012-02-22 21:03:00,1.32411,1.32412,1.32406,1.32412,481300010.68115234
2012-02-22 21:04:00,1.32412,1.32424,1.32412,1.3242,752300033.5693359
2012-02-22 21:05:00,1.32419,1.32421,1.32418,1.32418,114200000.76293945
2012-02-22 21:06:00,1.32418,1.32421,1.32416,1.32421,482500000.0
2012-02-22 21:07:00,1.32421,1.32456,1.32419,1.3245,1026299972.5341797
2012-02-22 21:08:00,1.32447,1.32448,1.32438,1.32438,618199996.9482422
2012-02-22 21:09:00,1.32438,1.32441,1.32431,1.32435,882799987.7929688
2012-02-22 21:10:00,1.32436,1.32446,1.32434,1.32444,632599983.215332
2012-02-22 21:11:00,1.32442,1.32442,1.3243,1.32438,702300033.5693359
2012-02-22 21:12:00,1.32438,1.32439,1.32431,1.32436,713499984.7412109
2012-02-22 21:13:00,1.32434,1.32437,1.32434,1.32436,303500003.81469727
2012-02-22 21:14:00,1.32436,1.32439,1.32435,1.32439,269200000.76293945
2012-02-22 21:15:00,1.32437,1.32446,1.32436,1.32442,470400009.15527344
2012-02-22 21:16:00,1.32442,1.32444,1.32434,1.3244,662099990.8447266
2012-02-22 21:17:00,1.32439,1.3244,1.32435,1.32436,475299987.79296875
2012-02-22 21:18:00,1.32436,1.32449,1.32436,1.32443,646800003.0517578
2012-02-22 21:19:00,1.32443,1.32443,1.3244,1.32441,154200000.76293945
2012-02-22 21:20:00,1.32441,1.32441,1.3244,1.3244,52199997.901916504
2012-02-22 21:21:00,1.3244,1.32443,1.3244,1.32443,188299999.23706055
2012-02-22 21:22:00,1.32442,1.32444,1.32442,1.32444,350400009.15527344
2012-02-22 21:23:00,1.32446,1.32455,1.32442,1.32449,783899993.8964844
2012-02-22 21:24:00,1.32448,1.32448,1.32433,1.32433,287999992.37060547
2012-02-22 21:25:00,1.32431,1.32431,1.3242,1.32421,487400016.78466797
2012-02-22 21:26:00,1.32421,1.32425,1.32413,1.32424,586599998.4741211
2012-02-22 21:27:00,1.32423,1.32427,1.32423,1.32427,298299999.23706055
2012-02-22 21:28:00,1.32427,1.32441,1.32427,1.32441,286499996.18530273
2012-02-22 21:29:00,1.32442,1.32448,1.32442,1.32442,193199996.9482422
2012-02-22 21:30:00,1.32442,1.32453,1.32442,1.32453,322400016.78466797
2012-02-22 21:31:00,1.32452,1.32453,1.32447,1.32449,313099994.6594238
2012-02-22 21:32:00,1.32449,1.32452,1.32448,1.32448,350699996.9482422
2012-02-22 21:33:00,1.32447,1.32449,1.32443,1.32449,270599994.6594238
2012-02-22 21:34:00,1.3245,1.32469,1.3245,1.32468,1444400024.4140625
2012-02-22 21:35:00,1.32467,1.32469,1.32467,1.32468,353199996.9482422
2012-02-22 21:36:00,1.32469,1.32472,1.32467,1.32471,476399993.8964844
2012-02-22 21:37:00,1.32472,1.32472,1.32471,1.32472,81700000.76293945
2012-02-22 21:38:00,1.32472,1.32474,1.3247,1.32473,198500003.81469727
2012-02-22 21:39:00,1.32472,1.32473,1.32471,1.32471,186700000.76293945
2012-02-22 21:40:00,1.32471,1.32472,1.32462,1.32467,464500007.62939453
2012-02-22 21:41:00,1.32467,1.32471,1.32466,1.32471,324900016.78466797
2012-02-22 21:42:00,1.32471,1.32475,1.32463,1.32469,486699981.6894531
2012-02-22 21:43:00,1.32469,1.3247,1.32463,1.3247,395900001.5258789
2012-02-22 21:44:00,1.3247,1.32471,1.3247,1.32471,158500003.81469727
2012-02-22 21:45:00,1.32476,1.32484,1.3247,1.32477,577599983.215332
2012-02-22 21:46:00,1.32476,1.32481,1.32473,1.32479,275900001.5258789
2012-02-22 21:47:00,1.32479,1.3248,1.32464,1.32464,736500015.2587891
2012-02-22 21:48:00,1.32464,1.32464,1.32462,1.32463,182099990.84472656
2012-02-22 21:49:00,1.32464,1.32464,1.32456,1.32459,453600006.1035156
2012-02-22 21:50:00,1.32459,1.32482,1.32454,1.32478,2050099945.0683594
2012-02-22 21:51:00,1.3248,1.32495,1.32475,1.32477,2178399963.3789062
2012-02-22 21:52:00,1.32481,1.32494,1.32475,1.32484,1939299926.7578125
2012-02-22 21:53:00,1.32487,1.32512,1.32487,1.32502,1186299972.5341797
2012-02-22 21:54:00,1.32501,1.32509,1.325,1.32505,828600006.1035156
2012-02-22 21:55:00,1.32506,1.32518,1.32504,1.32517,993099975.5859375
2012-02-22 21:56:00,1.32519,1.32535,1.32519,1.3253,901999969.4824219
2012-02-22 21:57:00,1.3253,1.3253,1.32519,1.32528,757799987.7929688
2012-02-22 21:58:00,1.32526,1.32531,1.32507,1.32507,936600036.6210938
2012-02-22 21:59:00,1.3251,1.32511,1.32493,1.32493,265200004.57763672
2012-02-22 22:00:00,1.32494,1.32494,1.32476,1.32488,204300003.0517578
2012-02-22 22:01:00,1.3249,1.32511,1.32486,1.32492,34000000.95367432
2012-02-22 22:02:00,1.32489,1.32489,1.32472,1.32486,410999984.74121094
2012-02-22 22:03:00,1.32486,1.32486,1.3248,1.32482,79299998.28338623
2012-02-22 22:04:00,1.32482,1.32484,1.32481,1.32483,44699997.901916504
2012-02-22 22:05:00,1.32482,1.32489,1.3248,1.3248,110399999.61853027
2012-02-22 22:06:00,1.3248,1.32481,1.32478,1.32478,44600000.38146973
2012-02-22 22:07:00,1.32477,1.32478,1.32477,1.32478,30599999.42779541
2012-02-22 22:08:00,1.32478,1.32481,1.32478,1.32481,17100000.381469727
2012-02-22 22:09:00,1.32479,1.32479,1.32479,1.32479,3799999.952316284
2012-02-22 22:10:00,1.32481,1.32485,1.32476,1.32476,37699999.80926514
2012-02-22 22:11:00,1.32474,1.32485,1.32473,1.32478,121599998.4741211
2012-02-22 22:12:00,1.32478,1.32483,1.32472,1.32483,248199996.9482422
2012-02-22 22:13:00,1.32483,1.32486,1.32477,1.32482,146700000.76293945
2012-02-22 22:14:00,1.32481,1.32482,1.32481,1.32482,50700001.71661377
2012-02-22 22:15:00,1.32481,1.32484,1.3246,1.32462,143999996.18530273
2012-02-22 22:16:00,1.32462,1.32465,1.32452,1.32461,246000003.81469727
2012-02-22 22:17:00,1.3246,1.32463,1.32456,1.32463,55399999.61853027
2012-02-22 22:18:00,1.32463,1.32463,1.32459,1.32459,73099999.42779541
2012-02-22 22:19:00,1.3246,1.32469,1.3246,1.32468,28499999.046325684
2012-02-22 22:20:00,1.32468,1.3247,1.32468,1.32468,75199999.80926514
2012-02-22 22:21:00,1.32468,1.32475,1.32468,1.32475,147100000.38146973
2012-02-22 22:22:00,1.32476,1.32482,1.32476,1.32482,79800000.19073486
2012-02-22 22:23:00,1.32488,1.32488,1.32462,1.32463,304699993.1335449
2012-02-22 22:24:00,1.3247,1.32478,1.32461,1.32473,441399993.8964844
2012-02-22 22:25:00,1.32471,1.32478,1.32471,1.32478,205200004.57763672
2012-02-22 22:26:00,1.32478,1.32478,1.32473,1.32473,89300003.05175781
2012-02-22 22:27:00,1.32471,1.32473,1.32471,1.32473,143999996.18530273
2012-02-22 22:28:00,1.32473,1.32475,1.32473,1.32475,36099998.95095825
2012-02-22 22:29:00,1.32473,1.32477,1.32468,1.32471,135399999.61853027
2012-02-22 22:30:00,1.32472,1.32488,1.32471,1.32472,635400009.1552734
2012-02-22 22:31:00,1.32472,1.3248,1.32471,1.32471,280599994.6594238
2012-02-22 22:32:00,1.32471,1.32478,1.32468,1.32468,135399999.61853027
2012-02-22 22:33:00,1.3247,1.3247,1.3246,1.32461,156800003.0517578
2012-02-22 22:34:00,1.32461,1.32463,1.32461,1.32463,62600002.28881836
2012-02-22 22:35:00,1.32463,1.32499,1.32463,1.32493,466300010.68115234
2012-02-22 22:36:00,1.32499,1.32508,1.32488,1.32488,377999992.37060547
2012-02-22 22:37:00,1.3249,1.32493,1.32468,1.32468,417599983.21533203
2012-02-22 22:38:00,1.32468,1.32472,1.3246,1.32461,313500003.81469727
2012-02-22 22:39:00,1.32461,1.32474,1.32461,1.3247,550000000.0
2012-02-22 22:40:00,1.32469,1.32472,1.32459,1.32464,582799987.7929688
2012-02-22 22:41:00,1.32465,1.32466,1.32462,1.32463,169899997.71118164
2012-02-22 22:42:00,1.32467,1.32471,1.32465,1.32469,459399986.26708984
2012-02-22 22:43:00,1.3247,1.32476,1.32469,1.32476,122899999.61853027
2012-02-22 22:44:00,1.32475,1.32483,1.3247,1.3247,478600006.1035156
2012-02-22 22:45:00,1.32472,1.32472,1.32462,1.32466,349900016.78466797
2012-02-22 22:46:00,1.32466,1.32466,1.32466,1.32466,39900000.09536743
2012-02-22 22:47:00,1.32466,1.32466,1.32459,1.32461,240499992.37060547
2012-02-22 22:48:00,1.32463,1.32464,1.32462,1.32462,66500000.95367432
2012-02-22 22:49:00,1.32462,1.32463,1.32458,1.3246,289799995.4223633
2012-02-22 22:50:00,1.3246,1.32465,1.3245,1.32457,1000599975.5859375
2012-02-22 22:51:00,1.32459,1.32468,1.32449,1.32449,649199981.6894531
2012-02-22 22:52:00,1.32449,1.3245,1.32449,1.3245,133199996.94824219
2012-02-22 22:53:00,1.32449,1.3245,1.32448,1.32448,120900001.5258789
2012-02-22 22:54:00,1.32448,1.32449,1.32437,1.32438,195100002.28881836
2012-02-22 22:55:00,1.32443,1.32456,1.32438,1.32456,357200012.20703125
2012-02-22 22:56:00,1.32456,1.32462,1.32454,1.32462,348699989.31884766
2012-02-22 22:57:00,1.32462,1.32472,1.32462,1.32472,329700012.20703125
2012-02-22 22:58:00,1.32473,1.32494,1.32473,1.32487,618199996.9482422
2012-02-22 22:59:00,1.32484,1.32484,1.32476,1.32479,253099994.65942383
2012-02-22 23:00:00,1.32478,1.32485,1.32465,1.32471,1961999969.4824219
2012-02-22 23:01:00,1.32471,1.32479,1.3247,1.32477,582599983.215332
2012-02-22 23:02:00,1.32478,1.32488,1.32471,1.32484,438199996.9482422
2012-02-22 23:03:00,1.32485,1.32494,1.32469,1.32486,1701399993.8964844
2012-02-22 23:04:00,1.32485,1.32488,1.32484,1.32488,510299987.79296875
2012-02-22 23:05:00,1.32488,1.3249,1.32483,1.32483,200000000.0
2012-02-22 23:06:00,1.32484,1.32486,1.32483,1.32486,133000001.90734863
2012-02-22 23:07:00,1.32483,1.32484,1.32482,1.32483,169500007.62939453
2012-02-22 23:08:00,1.32482,1.32483,1.32476,1.32478,336399993.8964844
2012-02-22 23:09:00,1.32477,1.32477,1.32473,1.32476,210300006.86645508
2012-02-22 23:10:00,1.32476,1.32483,1.32473,1.32482,410299987.79296875
2012-02-22 23:11:00,1.32481,1.32484,1.32466,1.32471,511599998.4741211
2012-02-22 23:12:00,1.32471,1.32471,1.3246,1.32463,563600006.1035156
2012-02-22 23:13:00,1.32463,1.32463,1.32454,1.32456,509000015.25878906
2012-02-22 23:14:00,1.32455,1.32463,1.32452,1.32457,460900001.5258789
2012-02-22 23:15:00,1.32456,1.32465,1.32454,1.32462,462999992.37060547
2012-02-22 23:16:00,1.3246,1.32464,1.32457,1.32461,840100021.3623047
2012-02-22 23:17:00,1.3246,1.32473,1.32456,1.32472,422700004.5776367
2012-02-22 23:18:00,1.32471,1.32484,1.32471,1.32484,520000000.0
2012-02-22 23:19:00,1.32483,1.32484,1.32481,1.32484,197299995.42236328
2012-02-22 23:20:00,1.32484,1.32484,1.32482,1.32483,193700008.39233398
2012-02-22 23:21:00,1.32483,1.32484,1.3247,1.3247,271499996.18530273
2012-02-22 23:22:00,1.32469,1.32485,1.32465,1.32475,559500007.6293945
2012-02-22 23:23:00,1.32476,1.32481,1.32474,1.32479,125399999.61853027
2012-02-22 23:24:00,1.32479,1.3248,1.32475,1.32477,188099994.65942383
2012-02-22 23:25:00,1.32477,1.32478,1.32474,1.32477,159499998.09265137
2012-02-22 23:26:00,1.32477,1.32479,1.32477,1.32479,113999996.18530273
2012-02-22 23:27:00,1.3248,1.32482,1.32477,1.32477,225900001.5258789
2012-02-22 23:28:00,1.32477,1.32477,1.32472,1.32472,655400009.1552734
2012-02-22 23:29:00,1.32472,1.32475,1.32467,1.3247,461699981.6894531
2012-02-22 23:30:00,1.3247,1.32473,1.32468,1.32473,417400016.78466797
2012-02-22 23:31:00,1.32473,1.32477,1.32469,1.32473,300300006.8664551
2012-02-22 23:32:00,1.32473,1.32475,1.32468,1.32468,279300003.0517578
2012-02-22 23:33:00,1.32468,1.32468,1.32459,1.32462,500800018.3105469
2012-02-22 23:34:00,1.32461,1.32462,1.32458,1.32461,109899997.71118164
2012-02-22 23:35:00,1.32462,1.32469,1.32461,1.32466,428899993.8964844
2012-02-22 23:36:00,1.32466,1.32468,1.32465,1.32466,89200000.76293945
2012-02-22 23:37:00,1.32466,1.32467,1.32462,1.32463,144700002.6702881
2012-02-22 23:38:00,1.32463,1.32463,1.32459,1.32461,371100006.1035156
2012-02-22 23:39:00,1.32461,1.32463,1.32461,1.32461,288799991.607666
2012-02-22 23:40:00,1.32461,1.32469,1.32459,1.32468,354399986.26708984
2012-02-22 23:41:00,1.32468,1.32475,1.32468,1.32472,648399963.3789062
2012-02-22 23:42:00,1.32471,1.32475,1.32471,1.32473,725100021.3623047
2012-02-22 23:43:00,1.32473,1.32483,1.32472,1.32477,975999984.7412109
2012-02-22 23:44:00,1.32478,1.32484,1.32475,1.3248,764199981.6894531
2012-02-22 23:45:00,1.32479,1.32495,1.32479,1.32479,761900024.4140625
2012-02-22 23:46:00,1.32478,1.3248,1.3245,1.3245,1397500000.0
2012-02-22 23:47:00,1.32449,1.32468,1.32448,1.32463,1063799972.5341797
2012-02-22 23:48:00,1.32462,1.32469,1.3246,1.32462,1104800033.569336
2012-02-22 23:49:00,1.32461,1.32471,1.32461,1.32471,440299987.79296875
2012-02-22 23:50:00,1.32471,1.32471,1.32465,1.32468,597900009.1552734
2012-02-22 23:51:00,1.32468,1.32468,1.32461,1.32462,400299987.79296875
2012-02-22 23:52:00,1.32462,1.32489,1.32462,1.32487,1020699996.9482422
2012-02-22 23:53:00,1.32486,1.32509,1.32484,1.32507,629700012.2070312
2012-02-22 23:54:00,1.32507,1.32525,1.32505,1.32521,1357299957.2753906
2012-02-22 23:55:00,1.32521,1.32531,1.32517,1.32531,1112399978.6376953
2012-02-22 23:56:00,1.32529,1.32533,1.3252,1.32529,1225299987.7929688
2012-02-22 23:57:00,1.32529,1.3254,1.32529,1.32538,1149400024.4140625
2012-02-22 23:58:00,1.32536,1.32551,1.32536,1.32541,921600036.6210938
2012-02-22 23:59:00,1.32541,1.3255,1.32539,1.3255,708300018.3105469
2012-02-23 00:00:00,1.3255,1.32556,1.32527,1.32527,1416999969.4824219
2012-02-23 00:01:00,1.32529,1.32532,1.32517,1.32526,958600006.1035156
2012-02-23 00:02:00,1.32528,1.32546,1.32523,1.32528,1590200042.7246094
2012-02-23 00:03:00,1.32529,1.3254,1.32525,1.32532,1387899932.8613281
2012-02-23 00:04:00,1.32532,1.32534,1.3253,1.32532,637000007.6293945
2012-02-23 00:05:00,1.32531,1.32533,1.32529,1.3253,498800010.68115234
2012-02-23 00:06:00,1.32529,1.32529,1.3252,1.32521,574900016.784668
2012-02-23 00:07:00,1.32521,1.3254,1.32521,1.3254,985100021.3623047
2012-02-23 00:08:00,1.3254,1.32541,1.32535,1.32535,630600013.7329102
2012-02-23 00:09:00,1.32536,1.32541,1.32533,1.32537,760899963.3789062
2012-02-23 00:10:00,1.32539,1.32539,1.32525,1.32525,780999984.7412109
2012-02-23 00:11:00,1.32525,1.32525,1.32492,1.32492,1196900024.4140625
2012-02-23 00:12:00,1.32492,1.32495,1.3249,1.32495,485699996.9482422
2012-02-23 00:13:00,1.32494,1.32497,1.32484,1.32484,812799987.7929688
2012-02-23 00:14:00,1.32484,1.32485,1.32478,1.32483,1091500015.258789
2012-02-23 00:15:00,1.32481,1.32486,1.32478,1.32484,632900009.1552734
2012-02-23 00:16:00,1.32484,1.32484,1.32482,1.32482,146400003.43322754
2012-02-23 00:17:00,1.32483,1.32483,1.32469,1.32476,846699981.6894531
2012-02-23 00:18:00,1.32477,1.32481,1.32477,1.3248,342099990.84472656
2012-02-23 00:19:00,1.32482,1.32487,1.32478,1.32487,834899978.6376953
2012-02-23 00:20:00,1.32487,1.32487,1.32475,1.3248,513800010.68115234
2012-02-23 00:21:00,1.32481,1.32482,1.32458,1.3246,851699981.6894531
2012-02-23 00:22:00,1.3246,1.32471,1.32459,1.32462,826100006.1035156
2012-02-23 00:23:00,1.32462,1.32466,1.32459,1.32459,511300010.68115234
2012-02-23 00:24:00,1.3246,1.32465,1.32452,1.32455,536699981.6894531
2012-02-23 00:25:00,1.32455,1.32455,1.3244,1.32441,942300033.5693359
2012-02-23 00:26:00,1.32441,1.32453,1.32441,1.32441,884800033.5693359
2012-02-23 00:27:00,1.32441,1.32456,1.3243,1.32439,1401199951.171875
2012-02-23 00:28:00,1.32438,1.32439,1.32434,1.32439,923499984.7412109
2012-02-23 00:29:00,1.32439,1.32441,1.32431,1.32433,470600013.73291016
2012-02-23 00:30:00,1.32436,1.32448,1.32434,1.32441,1005500030.5175781
2012-02-23 00:31:00,1.3244,1.32441,1.3243,1.3243,761900024.4140625
2012-02-23 00:32:00,1.32429,1.3244,1.32423,1.32431,1188899993.8964844
2012-02-23 00:33:00,1.32431,1.32442,1.32421,1.32421,807600021.3623047
2012-02-23 00:34:00,1.32422,1.32422,1.32412,1.32414,723199996.9482422
2012-02-23 00:35:00,1.32414,1.32415,1.32409,1.32415,825899963.3789062
2012-02-23 00:36:00,1.32415,1.32429,1.32415,1.32429,1002799987.7929688
2012-02-23 00:37:00,1.32429,1.32435,1.32419,1.3242,770000000.0
2012-02-23 00:38:00,1.3242,1.32428,1.32412,1.32414,664800033.5693359
2012-02-23 00:39:00,1.32413,1.32418,1.32412,1.32417,418499984.74121094
2012-02-23 00:40:00,1.32417,1.32425,1.32415,1.32425,859599990.8447266
2012-02-23 00:41:00,1.32425,1.32448,1.32424,1.3244,1200400009.1552734
2012-02-23 00:42:00,1.32442,1.32453,1.3244,1.32449,935899963.3789062
2012-02-23 00:43:00,1.32451,1.32452,1.3244,1.32442,871500015.2587891
2012-02-23 00:44:00,1.32441,1.32441,1.32429,1.32433,848099975.5859375
2012-02-23 00:45:00,1.32432,1.32442,1.3243,1.32442,615499992.3706055
2012-02-23 00:46:00,1.3244,1.32441,1.32437,1.3244,220499992.37060547
2012-02-23 00:47:00,1.32438,1.32442,1.32434,1.32439,511199989.31884766
2012-02-23 00:48:00,1.32439,1.32441,1.32427,1.32427,585800018.3105469
2012-02-23 00:49:00,1.32427,1.32427,1.32423,1.32423,260499992.37060547
2012-02-23 00:50:00,1.32423,1.32428,1.32417,1.32427,1062799987.7929688
2012-02-23 00:51:00,1.32427,1.32427,1.32424,1.32424,630800018.3105469
2012-02-23 00:52:00,1.32423,1.32428,1.32421,1.32421,930899963.3789062
2012-02-23 00:53:00,1.3242,1.3242,1.32412,1.32413,1387700042.7246094
2012-02-23 00:54:00,1.32409,1.32409,1.32381,1.32386,1949499969.4824219
2012-02-23 00:55:00,1.32386,1.32392,1.32373,1.32385,1968500061.0351562
2012-02-23 00:56:00,1.32385,1.32385,1.32378,1.32384,860999984.7412109
2012-02-23 00:57:00,1.32383,1.32395,1.32383,1.3239,1047500000.0
2012-02-23 00:58:00,1.3239,1.3239,1.32375,1.32378,1057200012.2070312
2012-02-23 00:59:00,1.32377,1.32377,1.32369,1.32369,820999984.7412109
2012-02-23 01:00:00,1.32365,1.32368,1.32359,1.32361,1026200027.4658203
2012-02-23 01:01:00,1.32361,1.32371,1.32359,1.32359,1103300018.3105469
2012-02-23 01:02:00,1.3236,1.3236,1.32349,1.32352,1151399993.8964844
2012-02-23 01:03:00,1.32352,1.32363,1.32352,1.3236,1252200012.2070312
2012-02-23 01:04:00,1.32361,1.32366,1.32353,1.32364,1031399993.8964844
2012-02-23 01:05:00,1.32362,1.32382,1.32362,1.32382,1204599990.8447266
2012-02-23 01:06:00,1.32384,1.32395,1.32382,1.32388,810400009.1552734
2012-02-23 01:07:00,1.32388,1.32388,1.32365,1.32366,1225100021.3623047
2012-02-23 01:08:00,1.32366,1.32383,1.32361,1.32366,1317200012.2070312
2012-02-23 01:09:00,1.32369,1.3239,1.32369,1.32384,965299987.7929688
2012-02-23 01:10:00,1.32386,1.32395,1.32378,1.32382,883600006.1035156
2012-02-23 01:11:00,1.32385,1.32399,1.32384,1.32388,1022300033.5693359
2012-02-23 01:12:00,1.32388,1.32388,1.32369,1.32377,1009499969.4824219
2012-02-23 01:13:00,1.32377,1.32382,1.32358,1.32378,1409799957.2753906
2012-02-23 01:14:00,1.32376,1.32376,1.32357,1.32361,948600006.1035156
2012-02-23 01:15:00,1.32361,1.32369,1.32352,1.32369,1315500030.5175781
2012-02-23 01:16:00,1.32369,1.32369,1.32318,1.32328,1400599975.5859375
2012-02-23 01:17:00,1.32331,1.32364,1.32331,1.32351,1339799957.2753906
2012-02-23 01:18:00,1.32351,1.32381,1.32351,1.32381,860100021.3623047
2012-02-23 01:19:00,1.32381,1.324,1.3237,1.324,1142399978.6376953
2012-02-23 01:20:00,1.32404,1.32412,1.32399,1.324,1298399963.3789062
2012-02-23 01:21:00,1.32399,1.32405,1.32381,1.32384,950599975.5859375
2012-02-23 01:22:00,1.32385,1.32428,1.32382,1.32427,1052099990.8447266
2012-02-23 01:23:00,1.32427,1.32427,1.32408,1.32426,864100036.6210938
2012-02-23 01:24:00,1.32427,1.32431,1.32405,1.32407,945899963.3789062
2012-02-23 01:25:00,1.32408,1.32417,1.32397,1.32417,861900024.4140625
2012-02-23 01:26:00,1.32417,1.32459,1.32417,1.32459,1191600036.6210938
2012-02-23 01:27:00,1.32463,1.32463,1.32427,1.32431,871999969.4824219
2012-02-23 01:28:00,1.32432,1.32437,1.32426,1.32427,512999992.37060547
2012-02-23 01:29:00,1.32428,1.32428,1.32405,1.32414,1068099975.5859375
2012-02-23 01:30:00,1.32416,1.32423,1.32405,1.32408,1088799972.5341797
2012-02-23 01:31:00,1.32409,1.32419,1.32409,1.32418,448300018.3105469
2012-02-23 01:32:00,1.32419,1.32423,1.32414,1.32416,383300018.3105469
2012-02-23 01:33:00,1.32414,1.32414,1.324,1.324,824899978.6376953
2012-02-23 01:34:00,1.324,1.32401,1.32391,1.32391,668300018.3105469
2012-02-23 01:35:00,1.32391,1.32391,1.32381,1.32382,647699966.4306641
2012-02-23 01:36:00,1.32382,1.32404,1.32382,1.32403,1121200027.4658203
2012-02-23 01:37:00,1.32404,1.32425,1.32402,1.32423,865599975.5859375
2012-02-23 01:38:00,1.32424,1.32454,1.32424,1.32446,1036500015.2587891
2012-02-23 01:39:00,1.32446,1.32447,1.3244,1.32446,970400009.1552734
2012-02-23 01:40:00,1.32446,1.32457,1.32434,1.32434,1273000030.5175781
2012-02-23 01:41:00,1.32434,1.32435,1.32433,1.32433,365600013.73291016
2012-02-23 01:42:00,1.32433,1.32462,1.32433,1.32462,818700027.4658203
2012-02-23 01:43:00,1.32461,1.32461,1.32445,1.32454,874400024.4140625
2012-02-23 01:44:00,1.32454,1.32463,1.32451,1.32459,1051699981.6894531
2012-02-23 01:45:00,1.32459,1.32462,1.32443,1.32461,735299987.7929688
2012-02-23 01:46:00,1.32461,1.32465,1.32455,1.32462,810899963.3789062
2012-02-23 01:47:00,1.32463,1.32474,1.32463,1.32473,682300033.5693359
2012-02-23 01:48:00,1.32474,1.32493,1.32474,1.3249,1264800033.569336
2012-02-23 01:49:00,1.32491,1.32493,1.32476,1.32479,1028799972.5341797
2012-02-23 01:50:00,1.32479,1.32483,1.32479,1.3248,330699996.9482422
2012-02-23 01:51:00,1.32479,1.3248,1.32472,1.32472,257900009.15527344
2012-02-23 01:52:00,1.32472,1.32478,1.32472,1.32476,486300010.68115234
2012-02-23 01:53:00,1.32476,1.32485,1.32476,1.32482,258700008.39233398
2012-02-23 01:54:00,1.32482,1.32503,1.32479,1.32479,1490000000.0
2012-02-23 01:55:00,1.32478,1.32478,1.32469,1.32474,883199996.9482422
2012-02-23 01:56:00,1.32474,1.32474,1.32451,1.32455,1104800033.569336
2012-02-23 01:57:00,1.32455,1.3246,1.32448,1.3246,864599990.8447266
2012-02-23 01:58:00,1.32459,1.32469,1.32458,1.32461,702500000.0
2012-02-23 01:59:00,1.32461,1.32462,1.32443,1.3245,1368300018.3105469
2012-02-23 02:00:00,1.32451,1.32459,1.32439,1.32442,939100036.6210938
2012-02-23 02:01:00,1.32441,1.32461,1.32438,1.3246,1294600067.1386719
2012-02-23 02:02:00,1.3246,1.3246,1.32456,1.3246,182700004.57763672
2012-02-23 02:03:00,1.3246,1.32464,1.32458,1.32464,575999984.7412109
2012-02-23 02:04:00,1.32464,1.32464,1.32462,1.32462,292000007.62939453
2012-02-23 02:05:00,1.32462,1.32477,1.3246,1.32477,631599998.4741211
2012-02-23 02:06:00,1.3248,1.32489,1.32477,1.3248,705100021.3623047
2012-02-23 02:07:00,1.32483,1.32486,1.32483,1.32486,484599990.84472656
2012-02-23 02:08:00,1.32486,1.32496,1.32482,1.32482,801399993.8964844
2012-02-23 02:09:00,1.32483,1.3249,1.32481,1.32488,781200027.4658203
2012-02-23 02:10:00,1.3249,1.32492,1.32489,1.32489,206700000.76293945
2012-02-23 02:11:00,1.3249,1.32497,1.32488,1.32495,767300033.5693359
2012-02-23 02:12:00,1.32495,1.32496,1.32491,1.32494,795199966.4306641
2012-02-23 02:13:00,1.32494,1.32495,1.3249,1.32494,692200012.2070312
2012-02-23 02:14:00,1.32493,1.32493,1.32487,1.32489,447999992.37060547
2012-02-23 02:15:00,1.32488,1.32488,1.32476,1.32478,702600021.3623047
2012-02-23 02:16:00,1.32478,1.32482,1.32475,1.32475,513899993.8964844
2012-02-23 02:17:00,1.32476,1.32493,1.32476,1.32484,624000015.2587891
2012-02-23 02:18:00,1.32484,1.32492,1.3248,1.32488,520600013.73291016
2012-02-23 02:19:00,1.32487,1.32491,1.32481,1.32489,900800018.3105469
2012-02-23 02:20:00,1.32488,1.32488,1.32483,1.32484,373400001.5258789
2012-02-23 02:21:00,1.32487,1.32488,1.32472,1.32479,700199966.4306641
2012-02-23 02:22:00,1.32481,1.32481,1.32475,1.32477,815999984.7412109
2012-02-23 02:23:00,1.32478,1.32481,1.32473,1.3248,621500015.2587891
2012-02-23 02:24:00,1.3248,1.32481,1.32478,1.32481,232700004.57763672
2012-02-23 02:25:00,1.32481,1.32498,1.32478,1.3249,534500007.62939453
2012-02-23 02:26:00,1.32491,1.32491,1.32473,1.32473,617999992.3706055
2012-02-23 02:27:00,1.32474,1.32474,1.32467,1.32469,606599998.4741211
2012-02-23 02:28:00,1.32471,1.32488,1.32471,1.32482,839899978.6376953
2012-02-23 02:29:00,1.32482,1.32487,1.32479,1.32487,459900016.78466797
2012-02-23 02:30:00,1.32487,1.32488,1.32483,1.32483,177199993.13354492
2012-02-23 02:31:00,1.32483,1.32483,1.32482,1.32482,136899995.803833
2012-02-23 02:32:00,1.32483,1.32485,1.32483,1.32483,357000007.62939453
2012-02-23 02:33:00,1.32482,1.32487,1.32479,1.32487,378199996.9482422
2012-02-23 02:34:00,1.32487,1.32503,1.32487,1.32501,605800018.3105469
2012-02-23 02:35:00,1.32501,1.32501,1.32499,1.32501,127200002.67028809
2012-02-23 02:36:00,1.32501,1.32501,1.32488,1.3249,450600013.73291016
2012-02-23 02:37:00,1.32489,1.32489,1.32471,1.32484,805299987.7929688
2012-02-23 02:38:00,1.32484,1.32489,1.3248,1.3248,220000000.0
2012-02-23 02:39:00,1.3248,1.32487,1.3248,1.32486,343100013.73291016
2012-02-23 02:40:00,1.32486,1.32486,1.3247,1.32473,359300003.0517578
2012-02-23 02:41:00,1.32474,1.3248,1.32474,1.3248,422099990.84472656
2012-02-23 02:42:00,1.3248,1.32486,1.32477,1.32486,523699989.31884766
2012-02-23 02:43:00,1.32486,1.32486,1.32482,1.32483,586100006.1035156
2012-02-23 02:44:00,1.32483,1.3249,1.32483,1.32487,705100021.3623047
2012-02-23 02:45:00,1.32487,1.32498,1.32487,1.32496,501699981.6894531
2012-02-23 02:46:00,1.32496,1.32496,1.3249,1.32491,342599983.21533203
2012-02-23 02:47:00,1.32489,1.32494,1.32484,1.32494,945999984.7412109
2012-02-23 02:48:00,1.32494,1.32498,1.3249,1.3249,489700012.20703125
2012-02-23 02:49:00,1.3249,1.32491,1.32486,1.32489,518400001.5258789
2012-02-23 02:50:00,1.3249,1.32496,1.32487,1.32489,435200004.5776367
2012-02-23 02:51:00,1.32489,1.32491,1.32489,1.32491,260000000.0
2012-02-23 02:52:00,1.3249,1.3249,1.32487,1.32489,93400001.5258789
2012-02-23 02:53:00,1.32489,1.32498,1.32489,1.32496,521899986.26708984
2012-02-23 02:54:00,1.32497,1.325,1.32493,1.32493,170699996.9482422
2012-02-23 02:55:00,1.32493,1.32515,1.32493,1.32515,535600013.73291016
2012-02-23 02:56:00,1.32516,1.32554,1.32516,1.3255,1155100021.3623047
2012-02-23 02:57:00,1.3255,1.32585,1.3255,1.32585,1572200012.2070312
2012-02-23 02:58:00,1.32583,1.32593,1.32577,1.32583,1703200073.2421875
2012-02-23 02:59:00,1.32583,1.32593,1.32582,1.32583,718600006.1035156
2012-02-23 03:00:00,1.32583,1.32584,1.32578,1.32582,1265500030.5175781
2012-02-23 03:01:00,1.32582,1.3259,1.3258,1.32581,1085400009.1552734
2012-02-23 03:02:00,1.32582,1.32584,1.32578,1.32578,459700012.20703125
2012-02-23 03:03:00,1.32577,1.32579,1.32574,1.32578,447999992.37060547
2012-02-23 03:04:00,1.32579,1.32579,1.32567,1.32572,676399993.8964844
2012-02-23 03:05:00,1.32572,1.32578,1.32572,1.32576,1166100006.1035156
2012-02-23 03:06:00,1.32576,1.32581,1.32563,1.32563,1221500015.258789
2012-02-23 03:07:00,1.32566,1.32573,1.32561,1.32562,701299972.5341797
2012-02-23 03:08:00,1.32562,1.32571,1.32561,1.32569,750699996.9482422
2012-02-23 03:09:00,1.32569,1.3257,1.3256,1.32561,500900001.5258789
2012-02-23 03:10:00,1.32562,1.32566,1.32561,1.32562,247099990.84472656
2012-02-23 03:11:00,1.32562,1.32564,1.3256,1.3256,349700012.20703125
2012-02-23 03:12:00,1.32562,1.32565,1.32559,1.32562,413400001.5258789
2012-02-23 03:13:00,1.32562,1.3259,1.32562,1.3259,1060199966.4306641
2012-02-23 03:14:00,1.3259,1.32601,1.32589,1.32589,1243000030.5175781
2012-02-23 03:15:00,1.3259,1.3259,1.32582,1.32583,225400009.15527344
2012-02-23 03:16:00,1.32583,1.32584,1.32581,1.32583,410999984.74121094
2012-02-23 03:17:00,1.32584,1.32595,1.32582,1.32582,773199996.9482422
2012-02-23 03:18:00,1.32582,1.32582,1.32574,1.32575,475900001.5258789
2012-02-23 03:19:00,1.32576,1.32579,1.32571,1.32576,633499984.7412109
2012-02-23 03:20:00,1.32576,1.32579,1.32572,1.32573,642200012.2070312
2012-02-23 03:21:00,1.32572,1.32573,1.32561,1.32564,484099998.4741211
2012-02-23 03:22:00,1.32564,1.32565,1.32553,1.32553,570499992.3706055
2012-02-23 03:23:00,1.32552,1.32554,1.3255,1.32551,290100002.28881836
2012-02-23 03:24:00,1.3255,1.32552,1.32544,1.32544,295100002.28881836
2012-02-23 03:25:00,1.32545,1.3255,1.32525,1.32525,1360800018.3105469
2012-02-23 03:26:00,1.32524,1.32526,1.32521,1.32524,623600006.1035156
2012-02-23 03:27:00,1.32524,1.32538,1.32523,1.32529,693700027.4658203
2012-02-23 03:28:00,1.32529,1.3254,1.32529,1.32536,833899993.8964844
2012-02-23 03:29:00,1.32533,1.32538,1.32533,1.32535,161399993.89648438
2012-02-23 03:30:00,1.32535,1.32537,1.32531,1.32536,556899986.2670898
2012-02-23 03:31:00,1.32533,1.32536,1.32533,1.32536,123199996.94824219
2012-02-23 03:32:00,1.32536,1.32536,1.32533,1.32533,280799999.23706055
2012-02-23 03:33:00,1.32533,1.32534,1.32533,1.32534,100100002.28881836
2012-02-23 03:34:00,1.32535,1.32535,1.32533,1.32535,437299995.4223633
2012-02-23 03:35:00,1.32535,1.32536,1.32533,1.32535,237600002.28881836
2012-02-23 03:36:00,1.32534,1.32541,1.32534,1.3254,390400009.15527344
2012-02-23 03:37:00,1.3254,1.3254,1.3254,1.3254,273600006.1035156
2012-02-23 03:38:00,1.3254,1.32548,1.3254,1.32547,438499984.74121094
2012-02-23 03:39:00,1.32547,1.32558,1.32544,1.32557,1247799987.7929688
2012-02-23 03:40:00,1.32557,1.3256,1.32554,1.32557,956800003.0517578
2012-02-23 03:41:00,1.32559,1.32559,1.32551,1.32552,615400009.1552734
2012-02-23 03:42:00,1.32552,1.32555,1.32548,1.32552,828300018.3105469
2012-02-23 03:43:00,1.32552,1.32552,1.32551,1.32552,376899986.26708984
2012-02-23 03:44:00,1.32552,1.32564,1.32552,1.32559,766100006.1035156
2012-02-23 03:45:00,1.32559,1.32563,1.32559,1.3256,705400009.1552734
2012-02-23 03:46:00,1.3256,1.32564,1.32546,1.32548,793000030.5175781
2012-02-23 03:47:00,1.32549,1.32554,1.32545,1.3255,711999969.4824219
2012-02-23 03:48:00,1.32552,1.32552,1.32552,1.32552,30000000.0
2012-02-23 03:49:00,1.32552,1.32556,1.32552,1.32556,419900016.78466797
2012-02-23 03:50:00,1.32555,1.32563,1.32551,1.32559,849499969.4824219
2012-02-23 03:51:00,1.32559,1.32559,1.32554,1.32554,598899993.8964844
2012-02-23 03:52:00,1.32555,1.32561,1.32547,1.32561,422200012.20703125
2012-02-23 03:53:00,1.32559,1.32565,1.32556,1.32557,640100021.3623047
2012-02-23 03:54:00,1.32557,1.32557,1.32552,1.32552,643300018.3105469
2012-02-23 03:55:00,1.32553,1.32563,1.32552,1.32555,466699981.6894531
2012-02-23 03:56:00,1.32555,1.32565,1.32554,1.32556,956800003.0517578
2012-02-23 03:57:00,1.32556,1.3256,1.32554,1.32557,604199981.6894531
2012-02-23 03:58:00,1.32557,1.32557,1.32555,1.32556,112100000.38146973
2012-02-23 03:59:00,1.32558,1.3257,1.32552,1.32569,732099990.8447266
2012-02-23 04:00:00,1.3257,1.32573,1.32568,1.32568,1183300018.3105469
2012-02-23 04:01:00,1.32568,1.32571,1.32558,1.32558,605200004.5776367
2012-02-23 04:02:00,1.32558,1.32566,1.32558,1.32565,421500015.25878906
2012-02-23 04:03:00,1.32563,1.32565,1.3256,1.32564,459500007.62939453
2012-02-23 04:04:00,1.32564,1.32564,1.32557,1.32558,377599983.21533203
2012-02-23 04:05:00,1.3256,1.3256,1.32557,1.32558,305100002.28881836
2012-02-23 04:06:00,1.32558,1.3256,1.32557,1.32559,446500015.25878906
2012-02-23 04:07:00,1.32559,1.32561,1.32559,1.3256,339399986.26708984
2012-02-23 04:08:00,1.32559,1.32579,1.32559,1.32577,940899963.3789062
2012-02-23 04:09:00,1.32578,1.32579,1.32572,1.32574,593499984.7412109
2012-02-23 04:10:00,1.32575,1.3258,1.32573,1.32579,467900009.15527344
2012-02-23 04:11:00,1.32579,1.32581,1.32578,1.32579,335400009.15527344
2012-02-23 04:12:00,1.32578,1.32579,1.32577,1.32579,1109100036.6210938
2012-02-23 04:13:00,1.32579,1.32579,1.32573,1.32579,1055100021.3623047
2012-02-23 04:14:00,1.32579,1.32579,1.32575,1.32579,873899993.8964844
2012-02-23 04:15:00,1.32579,1.32581,1.32579,1.3258,801500015.2587891
2012-02-23 04:16:00,1.3258,1.32585,1.32575,1.3258,1160299987.7929688
2012-02-23 04:17:00,1.32581,1.32581,1.32566,1.32566,984100036.6210938
2012-02-23 04:18:00,1.32567,1.32574,1.32557,1.32557,1478699951.171875
2012-02-23 04:19:00,1.32559,1.32565,1.32558,1.32561,614300003.0517578
2012-02-23 04:20:00,1.32562,1.32565,1.32559,1.32565,668899993.8964844
2012-02-23 04:21:00,1.32563,1.32575,1.32563,1.32567,839199981.6894531
2012-02-23 04:22:00,1.32567,1.32582,1.32567,1.32581,936200027.4658203
2012-02-23 04:23:00,1.32581,1.32584,1.32573,1.32574,711500015.2587891
2012-02-23 04:24:00,1.32574,1.32602,1.32574,1.326,1565599975.5859375
2012-02-23 04:25:00,1.326,1.3263,1.326,1.32627,1416799926.7578125
2012-02-23 04:26:00,1.3263,1.32637,1.32613,1.32627,2886300048.828125
2012-02-23 04:27:00,1.32627,1.32627,1.32612,1.32625,1948899993.8964844
2012-02-23 04:28:00,1.32623,1.32626,1.32617,1.32618,1484700012.2070312
2012-02-23 04:29:00,1.32618,1.32635,1.32618,1.32632,1301199951.171875
2012-02-23 04:30:00,1.32634,1.32634,1.32632,1.32632,624399986.2670898
2012-02-23 04:31:00,1.32632,1.32632,1.32608,1.32608,1048300018.3105469
2012-02-23 04:32:00,1.32608,1.32625,1.32607,1.32621,1201299972.5341797
2012-02-23 04:33:00,1.32621,1.32621,1.32616,1.32618,807399978.6376953
2012-02-23 04:34:00,1.32618,1.32628,1.32617,1.32625,967200012.2070312
2012-02-23 04:35:00,1.32624,1.32629,1.3262,1.32629,556899986.2670898
2012-02-23 04:36:00,1.32629,1.32635,1.32625,1.32629,1243600006.1035156
2012-02-23 04:37:00,1.3263,1.3263,1.3261,1.32616,644000015.2587891
2012-02-23 04:38:00,1.3262,1.32623,1.32615,1.32615,636100006.1035156
2012-02-23 04:39:00,1.32614,1.3262,1.32614,1.3262,204200000.76293945
2012-02-23 04:40:00,1.3262,1.3263,1.32615,1.3263,1190199966.430664
2012-02-23 04:41:00,1.3263,1.3263,1.32618,1.32623,1179100036.6210938
2012-02-23 04:42:00,1.32624,1.32624,1.32605,1.32608,1183099975.5859375
2012-02-23 04:43:00,1.3261,1.3261,1.32596,1.32598,917300033.5693359
2012-02-23 04:44:00,1.32598,1.32598,1.32596,1.32596,484099998.4741211
2012-02-23 04:45:00,1.32594,1.32594,1.32587,1.32588,676900024.4140625
2012-02-23 04:46:00,1.32586,1.32593,1.32583,1.32583,789000015.2587891
2012-02-23 04:47:00,1.3258,1.32593,1.32578,1.32589,822799987.7929688
2012-02-23 04:48:00,1.3259,1.32609,1.32587,1.32605,757099990.8447266
2012-02-23 04:49:00,1.32603,1.32612,1.32601,1.32608,713600006.1035156
2012-02-23 04:50:00,1.32608,1.32614,1.32606,1.3261,688099975.5859375
2012-02-23 04:51:00,1.32611,1.32611,1.32587,1.32587,597999992.3706055
2012-02-23 04:52:00,1.32586,1.32588,1.32572,1.3258,1284100036.6210938
2012-02-23 04:53:00,1.3258,1.32585,1.32577,1.32582,673099975.5859375
2012-02-23 04:54:00,1.32582,1.32582,1.32579,1.3258,513600006.1035156
2012-02-23 04:55:00,1.32578,1.32579,1.3257,1.32573,983700027.4658203
2012-02-23 04:56:00,1.32571,1.32575,1.32571,1.32574,552099990.8447266
2012-02-23 04:57:00,1.32573,1.32576,1.32572,1.32574,705199966.4306641
2012-02-23 04:58:00,1.32573,1.32573,1.3257,1.32571,455299987.79296875
2012-02-23 04:59:00,1.32571,1.32577,1.32561,1.32577,709199981.6894531
2012-02-23 05:00:00,1.32576,1.32591,1.32576,1.32585,1314299926.7578125
2012-02-23 05:01:00,1.32584,1.32584,1.32568,1.32574,793300018.3105469
2012-02-23 05:02:00,1.32574,1.32577,1.32561,1.32565,900500030.5175781
2012-02-23 05:03:00,1.32565,1.32569,1.32565,1.32568,654499969.4824219
2012-02-23 05:04:00,1.32568,1.32573,1.32568,1.32569,344399986.26708984
2012-02-23 05:05:00,1.32567,1.32568,1.32567,1.32568,212700004.57763672
2012-02-23 05:06:00,1.32568,1.32568,1.32568,1.32568,40199999.80926514
2012-02-23 05:07:00,1.32567,1.32574,1.32559,1.32559,577200012.2070312
2012-02-23 05:08:00,1.32559,1.32559,1.32541,1.32542,655999984.7412109
2012-02-23 05:09:00,1.32541,1.32554,1.32541,1.32554,438600006.1035156
2012-02-23 05:10:00,1.32552,1.32552,1.32547,1.32548,480400009.15527344
2012-02-23 05:11:00,1.32549,1.32549,1.32542,1.32542,469199981.6894531
2012-02-23 05:12:00,1.32542,1.32544,1.3254,1.32542,217800006.86645508
2012-02-23 05:13:00,1.32543,1.32552,1.32543,1.32552,310000000.0
2012-02-23 05:14:00,1.32552,1.32552,1.3255,1.32551,143599996.56677246
2012-02-23 05:15:00,1.32552,1.32553,1.32551,1.32551,633699989.3188477
2012-02-23 05:16:00,1.32551,1.32567,1.32551,1.32565,769100036.6210938
2012-02-23 05:17:00,1.32565,1.32575,1.32565,1.32575,456800003.0517578
2012-02-23 05:18:00,1.32576,1.32578,1.3257,1.32577,475400009.15527344
2012-02-23 05:19:00,1.3258,1.32595,1.3258,1.32595,955100021.3623047
2012-02-23 05:20:00,1.32596,1.32598,1.32585,1.32596,1309600067.1386719
2012-02-23 05:21:00,1.32595,1.32595,1.32575,1.32577,918300018.3105469
2012-02-23 05:22:00,1.32577,1.32596,1.32575,1.32592,1280200042.7246094
2012-02-23 05:23:00,1.32591,1.32593,1.3259,1.32592,330299987.79296875
2012-02-23 05:24:00,1.32592,1.32592,1.32582,1.32582,803899993.8964844
2012-02-23 05:25:00,1.32577,1.32587,1.32577,1.32583,589500007.6293945
2012-02-23 05:26:00,1.32584,1.326,1.32584,1.32592,878399963.3789062
2012-02-23 05:27:00,1.3259,1.32593,1.3259,1.32592,250200004.57763672
2012-02-23 05:28:00,1.32593,1.32597,1.32592,1.32594,658199996.9482422
2012-02-23 05:29:00,1.32592,1.32592,1.3257,1.3257,917200012.2070312
2012-02-23 05:30:00,1.32573,1.32587,1.32573,1.32585,799199981.6894531
2012-02-23 05:31:00,1.32586,1.32588,1.32576,1.32576,960400009.1552734
2012-02-23 05:32:00,1.32578,1.32578,1.32569,1.32571,763099975.5859375
2012-02-23 05:33:00,1.3257,1.3257,1.32566,1.3257,403400001.5258789
2012-02-23 05:34:00,1.32569,1.32583,1.32566,1.32583,796900024.4140625
2012-02-23 05:35:00,1.32583,1.32583,1.32575,1.32575,236599998.4741211
2012-02-23 05:36:00,1.32574,1.32575,1.32566,1.32566,326599998.4741211
2012-02-23 05:37:00,1.32566,1.32576,1.32559,1.32576,791200027.4658203
2012-02-23 05:38:00,1.32577,1.32589,1.32577,1.32581,609700012.2070312
2012-02-23 05:39:00,1.32581,1.32582,1.32572,1.32579,916100006.1035156
2012-02-23 05:40:00,1.32578,1.32586,1.32578,1.32583,395200004.5776367
2012-02-23 05:41:00,1.32584,1.32587,1.32583,1.32587,331399993.8964844
2012-02-23 05:42:00,1.32587,1.3259,1.32577,1.32577,848300018.3105469
2012-02-23 05:43:00,1.32575,1.32575,1.3257,1.32573,385200004.5776367
2012-02-23 05:44:00,1.32573,1.32579,1.32565,1.32565,566899986.2670898
2012-02-23 05:45:00,1.32567,1.32569,1.32566,1.32567,300699996.9482422
2012-02-23 05:46:00,1.32567,1.32572,1.32567,1.32572,551199989.3188477
2012-02-23 05:47:00,1.32573,1.32585,1.32569,1.32585,573600006.1035156
2012-02-23 05:48:00,1.32585,1.32585,1.32576,1.32582,796500015.2587891
2012-02-23 05:49:00,1.32582,1.32589,1.32577,1.32587,323199996.9482422
2012-02-23 05:50:00,1.32587,1.32592,1.32587,1.32591,378199996.9482422
2012-02-23 05:51:00,1.32591,1.32591,1.32578,1.32589,631699981.6894531
2012-02-23 05:52:00,1.32589,1.32589,1.32574,1.32574,496199989.31884766
2012-02-23 05:53:00,1.32574,1.3259,1.32574,1.32588,699100036.6210938
2012-02-23 05:54:00,1.32591,1.32592,1.32589,1.32591,618800010.6811523
2012-02-23 05:55:00,1.32589,1.32589,1.32588,1.32589,328499984.74121094
2012-02-23 05:56:00,1.32588,1.3259,1.32573,1.32575,640899963.3789062
2012-02-23 05:57:00,1.32575,1.32575,1.32571,1.32575,472700004.5776367
2012-02-23 05:58:00,1.32575,1.32589,1.32575,1.32579,900000000.0
2012-02-23 05:59:00,1.32576,1.3258,1.3257,1.32572,889300003.0517578
2012-02-23 06:00:00,1.32572,1.32573,1.32568,1.32568,651299972.5341797
2012-02-23 06:01:00,1.32568,1.32579,1.32563,1.32579,778300018.3105469
2012-02-23 06:02:00,1.32579,1.32584,1.32572,1.32572,659899978.6376953
2012-02-23 06:03:00,1.32573,1.3258,1.3257,1.32579,572500000.0
2012-02-23 06:04:00,1.3258,1.32587,1.32578,1.32587,393300018.3105469
2012-02-23 06:05:00,1.32587,1.32589,1.32576,1.32576,931399993.8964844
2012-02-23 06:06:00,1.32576,1.32588,1.32575,1.32587,683799972.5341797
2012-02-23 06:07:00,1.32587,1.32588,1.32586,1.32587,135600004.196167
2012-02-23 06:08:00,1.32587,1.32602,1.32587,1.32593,956299972.5341797
2012-02-23 06:09:00,1.32593,1.32602,1.32592,1.32597,916800003.0517578
2012-02-23 06:10:00,1.32595,1.32599,1.32593,1.32598,323300018.3105469
2012-02-23 06:11:00,1.32597,1.326,1.32591,1.32597,837399978.6376953
2012-02-23 06:12:00,1.32597,1.32598,1.32589,1.32597,635000000.0
2012-02-23 06:13:00,1.32599,1.326,1.32598,1.32598,655800018.3105469
2012-02-23 06:14:00,1.32599,1.32599,1.32593,1.32593,791399993.8964844
2012-02-23 06:15:00,1.32593,1.32595,1.3259,1.3259,585900001.5258789
2012-02-23 06:16:00,1.3259,1.32592,1.32588,1.3259,627700004.5776367
2012-02-23 06:17:00,1.32589,1.326,1.32588,1.326,436399993.8964844
2012-02-23 06:18:00,1.326,1.32601,1.32598,1.32601,173299999.23706055
2012-02-23 06:19:00,1.32601,1.32601,1.32588,1.32588,499099998.4741211
2012-02-23 06:20:00,1.32587,1.3259,1.32584,1.32589,844199981.6894531
2012-02-23 06:21:00,1.32587,1.32591,1.32583,1.32589,640599975.5859375
2012-02-23 06:22:00,1.32589,1.32589,1.32583,1.32583,433800010.68115234
2012-02-23 06:23:00,1.32583,1.32586,1.32581,1.32581,693700027.4658203
2012-02-23 06:24:00,1.32579,1.32581,1.32571,1.32572,610499992.3706055
2012-02-23 06:25:00,1.32571,1.32578,1.32566,1.32571,860199966.4306641
2012-02-23 06:26:00,1.32571,1.32572,1.32568,1.32569,537400016.784668
2012-02-23 06:27:00,1.3257,1.32583,1.3257,1.32573,1276900024.4140625
2012-02-23 06:28:00,1.32574,1.32576,1.32565,1.32567,1031800003.0517578
2012-02-23 06:29:00,1.32567,1.32569,1.32566,1.32569,246399993.89648438
2012-02-23 06:30:00,1.32569,1.32578,1.32569,1.32575,932200012.2070312
2012-02-23 06:31:00,1.32575,1.32575,1.3256,1.32566,936999969.4824219
2012-02-23 06:32:00,1.32569,1.32576,1.32567,1.32574,572999992.3706055
2012-02-23 06:33:00,1.32572,1.32592,1.32572,1.32592,661100006.1035156
2012-02-23 06:34:00,1.32589,1.32596,1.32586,1.32591,944899978.6376953
2012-02-23 06:35:00,1.32591,1.32593,1.32583,1.32583,614300003.0517578
2012-02-23 06:36:00,1.32585,1.32589,1.32585,1.32589,572099990.8447266
2012-02-23 06:37:00,1.32588,1.3259,1.32587,1.32588,426300010.68115234
2012-02-23 06:38:00,1.32589,1.3259,1.32586,1.32586,434199981.6894531
2012-02-23 06:39:00,1.32587,1.32587,1.32581,1.32581,300300006.8664551
2012-02-23 06:40:00,1.32579,1.32579,1.32576,1.32576,149600000.38146973
2012-02-23 06:41:00,1.32576,1.32576,1.32575,1.32575,97399997.71118164
2012-02-23 06:42:00,1.32575,1.32576,1.32574,1.32574,214500007.62939453
2012-02-23 06:43:00,1.32574,1.32577,1.32574,1.32577,218999996.18530273
2012-02-23 06:44:00,1.32575,1.32575,1.32574,1.32574,74899997.71118164
2012-02-23 06:45:00,1.32574,1.32581,1.32574,1.3258,365400009.15527344
2012-02-23 06:46:00,1.32581,1.3261,1.3258,1.32607,1078099975.5859375
2012-02-23 06:47:00,1.32608,1.3262,1.32603,1.3262,1616199951.171875
2012-02-23 06:48:00,1.32619,1.32666,1.32615,1.32666,2443899993.8964844
2012-02-23 06:49:00,1.32666,1.32767,1.32664,1.32753,3708399963.3789062
2012-02-23 06:50:00,1.32755,1.32766,1.32744,1.32751,1854600067.1386719
2012-02-23 06:51:00,1.32751,1.32764,1.3274,1.32747,2386600036.6210938
2012-02-23 06:52:00,1.32748,1.3275,1.32721,1.3273,2178999938.9648438
2012-02-23 06:53:00,1.3273,1.32731,1.32721,1.32724,1592599945.0683594
2012-02-23 06:54:00,1.32724,1.32731,1.32716,1.32731,1494400024.4140625
2012-02-23 06:55:00,1.32731,1.32735,1.32725,1.32733,1344700012.2070312
2012-02-23 06:56:00,1.32733,1.32776,1.32733,1.32771,2512799987.7929688
2012-02-23 06:57:00,1.32771,1.32773,1.32759,1.32767,2128600006.1035156
2012-02-23 06:58:00,1.32767,1.32768,1.3275,1.32764,2001999969.4824219
2012-02-23 06:59:00,1.32766,1.3278,1.32762,1.3278,1759499969.4824219
2012-02-23 07:00:00,1.3278,1.32781,1.32755,1.32757,1928999938.9648438
2012-02-23 07:01:00,1.32758,1.3278,1.32758,1.3278,2100800018.3105469
2012-02-23 07:02:00,1.32779,1.32829,1.32778,1.32808,2876099853.515625
2012-02-23 07:03:00,1.32808,1.32809,1.32769,1.32769,2661199951.171875
2012-02-23 07:04:00,1.32769,1.32778,1.32749,1.32776,1702100067.1386719
2012-02-23 07:05:00,1.32776,1.32787,1.32771,1.32772,2136799926.7578125
2012-02-23 07:06:00,1.32769,1.32778,1.32766,1.32767,1633399963.3789062
2012-02-23 07:07:00,1.32766,1.32766,1.32744,1.32744,1908600006.1035156
2012-02-23 07:08:00,1.32742,1.32742,1.32708,1.32723,2363699951.171875
2012-02-23 07:09:00,1.32723,1.32732,1.32723,1.32726,1283500061.0351562
2012-02-23 07:10:00,1.32726,1.32727,1.32706,1.32709,1799900054.9316406
2012-02-23 07:11:00,1.32707,1.32711,1.32691,1.32708,2024400024.4140625
2012-02-23 07:12:00,1.3271,1.32745,1.3271,1.32731,1566000061.0351562
2012-02-23 07:13:00,1.3273,1.32737,1.3269,1.32694,2061300048.828125
2012-02-23 07:14:00,1.32691,1.32729,1.32691,1.327,2048999938.9648438
2012-02-23 07:15:00,1.32702,1.32727,1.32702,1.32714,1355800018.3105469
2012-02-23 07:16:00,1.32713,1.32715,1.32688,1.32708,1459600067.1386719
2012-02-23 07:17:00,1.32707,1.3273,1.32701,1.3273,1670899963.3789062
2012-02-23 07:18:00,1.3273,1.32752,1.3273,1.32737,1860500030.5175781
2012-02-23 07:19:00,1.32737,1.32737,1.32702,1.32702,1484799957.2753906
2012-02-23 07:20:00,1.32702,1.32725,1.32699,1.32722,1800800018.3105469
2012-02-23 07:21:00,1.32723,1.32749,1.32723,1.32749,1253000030.5175781
2012-02-23 07:22:00,1.32749,1.3276,1.32739,1.3274,1425899963.3789062
2012-02-23 07:23:00,1.32738,1.32757,1.32729,1.32749,1498600006.1035156
2012-02-23 07:24:00,1.3275,1.32759,1.32737,1.32739,1335700073.2421875
2012-02-23 07:25:00,1.32739,1.32744,1.32721,1.32722,1119400024.4140625
2012-02-23 07:26:00,1.3272,1.32725,1.32713,1.32723,1267699966.430664
2012-02-23 07:27:00,1.32725,1.32748,1.32725,1.32738,1662599945.0683594
2012-02-23 07:28:00,1.32738,1.32784,1.32737,1.3278,1810000000.0
2012-02-23 07:29:00,1.3278,1.32811,1.32776,1.32808,2098600006.1035156
2012-02-23 07:30:00,1.32808,1.32856,1.32803,1.32848,3761000061.0351562
2012-02-23 07:31:00,1.32848,1.32862,1.32809,1.32812,3479299926.7578125
2012-02-23 07:32:00,1.32809,1.32837,1.328,1.32832,2277799987.7929688
2012-02-23 07:33:00,1.32832,1.32842,1.32823,1.32823,2532799987.7929688
2012-02-23 07:34:00,1.32823,1.32825,1.32788,1.32794,2185599975.5859375
2012-02-23 07:35:00,1.32794,1.32799,1.32791,1.32794,1610599975.5859375
2012-02-23 07:36:00,1.32797,1.328,1.32771,1.32773,1810200042.7246094
2012-02-23 07:37:00,1.32773,1.32786,1.32767,1.32784,1833300018.3105469
2012-02-23 07:38:00,1.32784,1.32784,1.32769,1.32769,1227500000.0
2012-02-23 07:39:00,1.32771,1.32792,1.32771,1.32772,1013099975.5859375
2012-02-23 07:40:00,1.32772,1.32784,1.32759,1.32761,1588399963.3789062
2012-02-23 07:41:00,1.32759,1.32765,1.32752,1.32762,848199996.9482422
2012-02-23 07:42:00,1.32763,1.32765,1.32747,1.32748,1422400054.9316406
2012-02-23 07:43:00,1.32748,1.32791,1.32745,1.32784,1660800018.3105469
2012-02-23 07:44:00,1.32784,1.32814,1.32779,1.32808,1954299926.7578125
2012-02-23 07:45:00,1.32808,1.3283,1.32808,1.32819,1755800018.3105469
2012-02-23 07:46:00,1.3282,1.32864,1.32814,1.32847,2242299957.2753906
2012-02-23 07:47:00,1.32846,1.32846,1.32787,1.32798,2142500000.0
2012-02-23 07:48:00,1.32798,1.32811,1.32797,1.32807,1261200027.4658203
2012-02-23 07:49:00,1.32808,1.32812,1.32792,1.32792,1310099945.0683594
2012-02-23 07:50:00,1.32789,1.32809,1.32789,1.32801,1882799987.7929688
2012-02-23 07:51:00,1.32799,1.32799,1.32771,1.3278,1705800018.3105469
2012-02-23 07:52:00,1.32779,1.328,1.32777,1.32777,1352700042.7246094
2012-02-23 07:53:00,1.32778,1.32778,1.32736,1.32737,1563300018.3105469
2012-02-23 07:54:00,1.32736,1.32738,1.32729,1.32731,1124599990.8447266
2012-02-23 07:55:00,1.32732,1.32741,1.32731,1.3274,1849299926.7578125
2012-02-23 07:56:00,1.3274,1.32745,1.32737,1.32742,851699981.6894531
2012-02-23 07:57:00,1.32742,1.32742,1.32709,1.32709,1633399963.3789062
2012-02-23 07:58:00,1.32709,1.32722,1.32699,1.32706,1826900024.4140625
2012-02-23 07:59:00,1.32707,1.32735,1.32707,1.32727,1722599945.0683594
2012-02-23 08:00:00,1.32727,1.32743,1.32725,1.32732,1545299987.7929688
2012-02-23 08:01:00,1.32732,1.32732,1.32717,1.3273,1848699951.171875
2012-02-23 08:02:00,1.3273,1.32766,1.32728,1.32766,2223899993.8964844
2012-02-23 08:03:00,1.32767,1.32792,1.32758,1.32758,2153999938.9648438
2012-02-23 08:04:00,1.3276,1.3276,1.32688,1.32689,2690299987.7929688
2012-02-23 08:05:00,1.32689,1.32709,1.3268,1.32691,2091499938.9648438
2012-02-23 08:06:00,1.32691,1.32749,1.32686,1.32749,2548000030.517578
2012-02-23 08:07:00,1.32751,1.32789,1.3275,1.32788,3102900085.4492188
2012-02-23 08:08:00,1.32787,1.32807,1.3277,1.32781,2402400054.9316406
2012-02-23 08:09:00,1.32779,1.32806,1.32778,1.32806,1873300018.3105469
2012-02-23 08:10:00,1.32807,1.32856,1.32807,1.32854,2470000000.0
2012-02-23 08:11:00,1.32857,1.32984,1.32857,1.32968,5734099731.4453125
2012-02-23 08:12:00,1.32968,1.32968,1.32927,1.32955,2728200073.2421875
2012-02-23 08:13:00,1.32955,1.3297,1.3291,1.3291,3139700012.2070312
2012-02-23 08:14:00,1.32916,1.32968,1.32905,1.32964,2627399902.34375
2012-02-23 08:15:00,1.32967,1.32981,1.32958,1.32958,3207300109.8632812
2012-02-23 08:16:00,1.32958,1.32978,1.3294,1.3295,3596400146.484375
2012-02-23 08:17:00,1.32949,1.3295,1.32905,1.3291,2747500000.0
2012-02-23 08:18:00,1.32909,1.32957,1.32908,1.32955,2479499969.482422
2012-02-23 08:19:00,1.32958,1.32968,1.32914,1.32922,2139499969.4824219
2012-02-23 08:20:00,1.32923,1.32929,1.32875,1.32877,3016300048.828125
2012-02-23 08:21:00,1.32877,1.32913,1.32873,1.32875,2809100036.6210938
2012-02-23 08:22:00,1.32875,1.32904,1.32873,1.32902,2636099853.515625
2012-02-23 08:23:00,1.32904,1.32923,1.32889,1.32918,1958099975.5859375
2012-02-23 08:24:00,1.32919,1.32947,1.32911,1.32924,1634100036.6210938
2012-02-23 08:25:00,1.32924,1.32924,1.32899,1.32912,2275700073.2421875
2012-02-23 08:26:00,1.32912,1.32937,1.32912,1.32927,1751000061.0351562
2012-02-23 08:27:00,1.32927,1.32955,1.32921,1.32955,2218200073.2421875
2012-02-23 08:28:00,1.32956,1.32975,1.32956,1.32969,2544499969.482422
2012-02-23 08:29:00,1.32969,1.3297,1.32929,1.32937,2352299957.2753906
2012-02-23 08:30:00,1.32936,1.32957,1.32922,1.32923,2601000061.0351562
2012-02-23 08:31:00,1.32923,1.32951,1.32899,1.32951,2303600006.1035156
2012-02-23 08:32:00,1.32952,1.32965,1.32933,1.32941,2947799987.7929688
2012-02-23 08:33:00,1.3294,1.3294,1.32917,1.32924,1938000030.5175781
2012-02-23 08:34:00,1.32925,1.3296,1.32925,1.32949,3121799926.7578125
2012-02-23 08:35:00,1.32951,1.3297,1.32951,1.32954,2754899902.34375
2012-02-23 08:36:00,1.32954,1.32956,1.32903,1.32911,1986300048.828125
2012-02-23 08:37:00,1.32913,1.32919,1.3291,1.32911,1359799957.2753906
2012-02-23 08:38:00,1.32911,1.32932,1.32902,1.32927,1730000000.0
2012-02-23 08:39:00,1.32927,1.3294,1.32915,1.32925,2695899963.3789062
2012-02-23 08:40:00,1.32925,1.3293,1.32911,1.32919,1758600006.1035156
2012-02-23 08:41:00,1.32917,1.32917,1.32888,1.32888,1894299926.7578125
2012-02-23 08:42:00,1.32888,1.32907,1.32881,1.32881,2219199981.689453
2012-02-23 08:43:00,1.32881,1.32919,1.32874,1.32904,1589100036.6210938
2012-02-23 08:44:00,1.329,1.32916,1.32898,1.329,1475599975.5859375
2012-02-23 08:45:00,1.329,1.32951,1.32892,1.32938,2578999938.9648438
2012-02-23 08:46:00,1.32938,1.32954,1.32929,1.32946,2922999877.9296875
2012-02-23 08:47:00,1.32948,1.32957,1.32938,1.32945,2798299865.7226562
2012-02-23 08:48:00,1.32943,1.32947,1.32925,1.32944,2277799987.7929688
2012-02-23 08:49:00,1.32946,1.32946,1.32912,1.32931,3350799865.7226562
2012-02-23 08:50:00,1.32932,1.32945,1.32932,1.32939,2499499969.482422
2012-02-23 08:51:00,1.32938,1.32938,1.32916,1.32921,2056799926.7578125
2012-02-23 08:52:00,1.32921,1.32923,1.32908,1.3292,1492700042.7246094
2012-02-23 08:53:00,1.32921,1.32931,1.32912,1.3292,1651300048.828125
2012-02-23 08:54:00,1.32921,1.32929,1.32918,1.32926,1224400024.4140625
2012-02-23 08:55:00,1.32927,1.32947,1.32922,1.32929,2109299926.7578125
2012-02-23 08:56:00,1.32929,1.32956,1.32923,1.32956,1523899993.8964844
2012-02-23 08:57:00,1.32957,1.33058,1.32957,1.33043,3903599853.515625
2012-02-23 08:58:00,1.33041,1.33041,1.33009,1.33022,2579700012.2070312
2012-02-23 08:59:00,1.33022,1.33024,1.32975,1.3299,2586700134.2773438
2012-02-23 09:00:00,1.3299,1.33118,1.3299,1.33118,3967200012.2070312
2012-02-23 09:01:00,1.33117,1.33139,1.3309,1.33107,3460000000.0
2012-02-23 09:02:00,1.33107,1.33228,1.33107,1.33228,3569700012.2070312
2012-02-23 09:03:00,1.33228,1.33248,1.33154,1.33157,3654899902.34375
2012-02-23 09:04:00,1.33158,1.3319,1.33158,1.33162,2916199951.171875
2012-02-23 09:05:00,1.33162,1.33252,1.3316,1.33202,3660400085.4492188
2012-02-23 09:06:00,1.33202,1.33202,1.33133,1.33133,3091400146.484375
2012-02-23 09:07:00,1.33133,1.33158,1.33123,1.33158,2923500061.0351562
2012-02-23 09:08:00,1.33159,1.33199,1.33158,1.3317,3605499877.9296875
2012-02-23 09:09:00,1.3317,1.33178,1.33131,1.33178,2742500000.0
2012-02-23 09:10:00,1.33179,1.33207,1.33145,1.33145,3007699890.1367188
2012-02-23 09:11:00,1.33144,1.3318,1.33142,1.3315,3344899902.34375
2012-02-23 09:12:00,1.33149,1.33171,1.33147,1.33171,2644700012.2070312
2012-02-23 09:13:00,1.33172,1.33193,1.33158,1.33158,2938299865.7226562
2012-02-23 09:14:00,1.33158,1.33178,1.33155,1.33155,1553899993.8964844
2012-02-23 09:15:00,1.33152,1.33179,1.3315,1.33175,1939199981.6894531
2012-02-23 09:16:00,1.33175,1.33175,1.3315,1.3317,2277599945.0683594
2012-02-23 09:17:00,1.33171,1.33199,1.33164,1.33199,1782700042.7246094
2012-02-23 09:18:00,1.332,1.33219,1.33191,1.33191,2510200042.7246094
2012-02-23 09:19:00,1.3319,1.33191,1.33162,1.33162,2021000061.0351562
2012-02-23 09:20:00,1.33161,1.33161,1.33137,1.33145,2548899993.8964844
2012-02-23 09:21:00,1.33145,1.33176,1.33145,1.33159,2363000030.517578
2012-02-23 09:22:00,1.33161,1.33161,1.33129,1.33131,2030299987.7929688
2012-02-23 09:23:00,1.33131,1.33146,1.33117,1.33137,2318200073.2421875
2012-02-23 09:24:00,1.3314,1.33154,1.3312,1.33128,2294499969.482422
2012-02-23 09:25:00,1.33128,1.33128,1.33103,1.33108,2619200134.2773438
2012-02-23 09:26:00,1.33108,1.33136,1.33108,1.33131,2103099975.5859375
2012-02-23 09:27:00,1.33132,1.3314,1.33116,1.33125,2010399932.8613281
2012-02-23 09:28:00,1.33125,1.33126,1.33098,1.33108,1991699981.6894531
2012-02-23 09:29:00,1.33109,1.33161,1.33109,1.33157,2005899963.3789062
2012-02-23 09:30:00,1.33158,1.33166,1.33132,1.33141,2775499877.9296875
2012-02-23 09:31:00,1.33142,1.33172,1.33142,1.33172,1606600036.6210938
2012-02-23 09:32:00,1.33172,1.33174,1.3316,1.33169,1157099990.8447266
2012-02-23 09:33:00,1.33169,1.33206,1.33166,1.33188,2630899963.3789062
2012-02-23 09:34:00,1.33188,1.3327,1.33188,1.33269,4247099914.5507812
2012-02-23 09:35:00,1.33272,1.33358,1.33271,1.33351,3401600036.6210938
2012-02-23 09:36:00,1.33352,1.3338,1.33338,1.33338,2643999938.9648438
2012-02-23 09:37:00,1.33335,1.33367,1.33328,1.33346,3288999938.9648438
2012-02-23 09:38:00,1.33345,1.33355,1.33317,1.33328,3598800048.828125
2012-02-23 09:39:00,1.33328,1.33334,1.333,1.33308,2666400146.484375
2012-02-23 09:40:00,1.33309,1.33323,1.3329,1.33318,2176199951.171875
2012-02-23 09:41:00,1.33318,1.33353,1.33318,1.3334,3009299926.7578125
2012-02-23 09:42:00,1.33339,1.33357,1.33335,1.33354,2050700073.2421875
2012-02-23 09:43:00,1.33354,1.33407,1.33354,1.33361,3777200012.2070312
2012-02-23 09:44:00,1.33362,1.3338,1.33335,1.33369,2654500122.0703125
2012-02-23 09:45:00,1.33372,1.3341,1.33369,1.3341,3230499877.9296875
2012-02-23 09:46:00,1.3341,1.3341,1.33361,1.33361,2861099853.515625
2012-02-23 09:47:00,1.33361,1.33369,1.33331,1.33337,2998099975.5859375
2012-02-23 09:48:00,1.33335,1.33351,1.33309,1.33351,2384799957.2753906
2012-02-23 09:49:00,1.3335,1.3335,1.33286,1.333,3470799865.7226562
2012-02-23 09:50:00,1.33301,1.33312,1.33288,1.33303,2405200042.7246094
2012-02-23 09:51:00,1.33302,1.33309,1.33273,1.3328,3087200012.2070312
2012-02-23 09:52:00,1.3328,1.33302,1.33262,1.33295,2372400054.9316406
2012-02-23 09:53:00,1.33296,1.33302,1.33262,1.33262,2422799987.7929688
2012-02-23 09:54:00,1.33265,1.33267,1.33245,1.3326,2671499938.9648438
2012-02-23 09:55:00,1.3326,1.33276,1.3326,1.33271,2389299926.7578125
2012-02-23 09:56:00,1.3327,1.3327,1.33249,1.33257,2583699951.171875
2012-02-23 09:57:00,1.33258,1.33277,1.33249,1.33276,1984100036.6210938
2012-02-23 09:58:00,1.33275,1.33275,1.33244,1.33246,2087799987.7929688
2012-02-23 09:59:00,1.33244,1.33261,1.33232,1.33251,1898000030.5175781
2012-02-23 10:00:00,1.33251,1.33259,1.33207,1.33211,3355299987.7929688
2012-02-23 10:01:00,1.33213,1.33213,1.33166,1.33168,3427099914.5507812
2012-02-23 10:02:00,1.33169,1.33201,1.33165,1.33192,3259700012.2070312
2012-02-23 10:03:00,1.33192,1.33214,1.33191,1.33213,2216199951.171875
2012-02-23 10:04:00,1.33214,1.33238,1.33214,1.33235,2725000000.0
2012-02-23 10:05:00,1.33235,1.33236,1.33216,1.33229,1793999938.9648438
2012-02-23 10:06:00,1.33232,1.33242,1.33229,1.33242,1210100021.3623047
2012-02-23 10:07:00,1.33242,1.33242,1.33208,1.33216,1938800048.828125
2012-02-23 10:08:00,1.33216,1.33222,1.332,1.33222,1600200042.7246094
2012-02-23 10:09:00,1.33222,1.33231,1.33209,1.33226,2121799926.7578125
2012-02-23 10:10:00,1.33227,1.33231,1.33202,1.3321,2358000030.517578
2012-02-23 10:11:00,1.33211,1.33224,1.332,1.33201,1762299957.2753906
2012-02-23 10:12:00,1.33203,1.33203,1.3319,1.33194,1105999984.741211
2012-02-23 10:13:00,1.33194,1.33211,1.33191,1.33199,2156900024.4140625
2012-02-23 10:14:00,1.33199,1.33199,1.33158,1.33158,2477400054.9316406
2012-02-23 10:15:00,1.33157,1.33157,1.33095,1.33105,2523099975.5859375
2012-02-23 10:16:00,1.33104,1.33127,1.331,1.33108,3277500000.0
2012-02-23 10:17:00,1.3311,1.33113,1.3307,1.33081,3176199951.171875
2012-02-23 10:18:00,1.33081,1.33091,1.33057,1.33069,2699500122.0703125
2012-02-23 10:19:00,1.33068,1.33073,1.33056,1.33065,2546699981.689453
2012-02-23 10:20:00,1.33067,1.33091,1.33056,1.33081,2142299957.2753906
2012-02-23 10:21:00,1.33083,1.331,1.33063,1.33092,2812399902.34375
2012-02-23 10:22:00,1.33092,1.33143,1.33092,1.33133,2976400146.484375
2012-02-23 10:23:00,1.33134,1.33134,1.33119,1.33133,2182799987.7929688
2012-02-23 10:24:00,1.33133,1.33133,1.3307,1.3307,1563899993.8964844
2012-02-23 10:25:00,1.3307,1.33079,1.33046,1.33046,1943500061.0351562
2012-02-23 10:26:00,1.33043,1.33069,1.33036,1.3306,2513000030.517578
2012-02-23 10:27:00,1.33059,1.33077,1.33058,1.3307,1908399963.3789062
2012-02-23 10:28:00,1.33067,1.33083,1.33058,1.3306,2762799987.7929688
2012-02-23 10:29:00,1.3306,1.33079,1.3306,1.3307,2132599945.0683594
2012-02-23 10:30:00,1.33067,1.33089,1.3306,1.33077,2087899932.8613281
2012-02-23 10:31:00,1.33079,1.33087,1.33074,1.33087,1535599975.5859375
2012-02-23 10:32:00,1.33086,1.33119,1.33086,1.33112,2344900054.9316406
2012-02-23 10:33:00,1.3311,1.33138,1.33108,1.3312,2276000061.0351562
2012-02-23 10:34:00,1.33121,1.33188,1.33121,1.33186,2349799957.2753906
2012-02-23 10:35:00,1.33187,1.33187,1.33171,1.33183,1288699951.171875
2012-02-23 10:36:00,1.33182,1.33182,1.33145,1.33147,1855899963.3789062
2012-02-23 10:37:00,1.33147,1.3315,1.33128,1.33132,1969100036.6210938
2012-02-23 10:38:00,1.3313,1.33138,1.3312,1.33121,1495700073.2421875
2012-02-23 10:39:00,1.3312,1.33121,1.33106,1.33113,1727700042.7246094
2012-02-23 10:40:00,1.33112,1.3314,1.33106,1.33109,1528800048.828125
2012-02-23 10:41:00,1.33108,1.3312,1.33099,1.33118,1370200042.7246094
2012-02-23 10:42:00,1.3312,1.3312,1.33093,1.33096,1510599975.5859375
2012-02-23 10:43:00,1.33097,1.33107,1.33091,1.33107,1324299926.7578125
2012-02-23 10:44:00,1.33107,1.33111,1.33088,1.33089,1457100067.1386719
2012-02-23 10:45:00,1.33088,1.3311,1.33078,1.33101,1876999969.4824219
2012-02-23 10:46:00,1.33099,1.33118,1.33092,1.33109,2072899932.8613281
2012-02-23 10:47:00,1.33111,1.33129,1.33111,1.33122,2037700042.7246094
2012-02-23 10:48:00,1.33122,1.33125,1.33109,1.33114,1893500061.0351562
2012-02-23 10:49:00,1.33114,1.33133,1.33113,1.33133,1177699966.430664
2012-02-23 10:50:00,1.33133,1.33148,1.33131,1.33148,1054599990.8447266
2012-02-23 10:51:00,1.33148,1.33151,1.33135,1.33136,1406499938.9648438
2012-02-23 10:52:00,1.33138,1.33169,1.33138,1.33163,1788999938.9648438
2012-02-23 10:53:00,1.33163,1.33166,1.33149,1.33153,2087799987.7929688
2012-02-23 10:54:00,1.33152,1.33172,1.33148,1.33151,2126199951.171875
2012-02-23 10:55:00,1.33151,1.33151,1.33119,1.33123,1478200073.2421875
2012-02-23 10:56:00,1.33123,1.33155,1.33123,1.33155,2210299987.7929688
2012-02-23 10:57:00,1.33154,1.33161,1.3314,1.33143,1698300018.3105469
2012-02-23 10:58:00,1.33143,1.33143,1.33121,1.33133,1702400054.9316406
2012-02-23 10:59:00,1.33137,1.33139,1.3309,1.33093,2175299987.7929688
2012-02-23 11:00:00,1.33092,1.33111,1.33081,1.33089,1505099945.0683594
2012-02-23 11:01:00,1.33086,1.33093,1.33064,1.33064,1732899932.8613281
2012-02-23 11:02:00,1.33063,1.33063,1.33051,1.33059,1215599975.5859375
2012-02-23 11:03:00,1.33058,1.3308,1.33052,1.33077,1828899993.8964844
2012-02-23 11:04:00,1.33076,1.33082,1.33049,1.33058,2441799926.7578125
2012-02-23 11:05:00,1.33058,1.3306,1.33016,1.33028,1885500030.5175781
2012-02-23 11:06:00,1.33027,1.33027,1.32974,1.32974,2587999877.9296875
2012-02-23 11:07:00,1.32971,1.32986,1.32962,1.3297,2632099914.5507812
2012-02-23 11:08:00,1.32971,1.32989,1.3296,1.32969,2457700042.7246094
2012-02-23 11:09:00,1.3297,1.3297,1.32941,1.32948,2430099945.0683594
2012-02-23 11:10:00,1.32948,1.32979,1.32943,1.32972,2909599914.5507812
2012-02-23 11:11:00,1.32971,1.3298,1.32933,1.32933,1770200042.7246094
2012-02-23 11:12:00,1.32933,1.32951,1.32933,1.32942,2693900146.484375
2012-02-23 11:13:00,1.32943,1.32972,1.32938,1.32967,2193300018.310547
2012-02-23 11:14:00,1.32967,1.32981,1.32962,1.32979,2286199951.171875
2012-02-23 11:15:00,1.32979,1.3298,1.32953,1.3296,1706900024.4140625
2012-02-23 11:16:00,1.3296,1.32968,1.3296,1.32964,1709700012.2070312
2012-02-23 11:17:00,1.32967,1.32971,1.32959,1.32961,1197799987.7929688
2012-02-23 11:18:00,1.3296,1.32968,1.3294,1.3294,1629100036.6210938
2012-02-23 11:19:00,1.3294,1.32952,1.32931,1.32931,1381600036.6210938
2012-02-23 11:20:00,1.32931,1.32967,1.32931,1.32962,2084400024.4140625
2012-02-23 11:21:00,1.32961,1.32961,1.32943,1.3296,1373600006.1035156
2012-02-23 11:22:00,1.3296,1.32976,1.32943,1.32973,1904400024.4140625
2012-02-23 11:23:00,1.32973,1.32973,1.32941,1.32957,1380399932.8613281
2012-02-23 11:24:00,1.32958,1.32993,1.32958,1.32991,1666100006.1035156
2012-02-23 11:25:00,1.3299,1.3299,1.32966,1.32969,1709400024.4140625
2012-02-23 11:26:00,1.3297,1.32986,1.32961,1.32973,2598500061.0351562
2012-02-23 11:27:00,1.3297,1.32986,1.32958,1.32984,2633200073.2421875
2012-02-23 11:28:00,1.32984,1.3299,1.32976,1.3299,1738999938.9648438
2012-02-23 11:29:00,1.32994,1.32997,1.32981,1.32981,1351000061.0351562
2012-02-23 11:30:00,1.32981,1.3301,1.32981,1.33009,2217299957.2753906
2012-02-23 11:31:00,1.33008,1.33008,1.32995,1.33008,1412299957.2753906
2012-02-23 11:32:00,1.33008,1.33014,1.33006,1.33011,1129499969.4824219
2012-02-23 11:33:00,1.3301,1.33028,1.32999,1.33028,2749500122.0703125
2012-02-23 11:34:00,1.33026,1.33026,1.33002,1.33005,1992899932.8613281
2012-02-23 11:35:00,1.33005,1.33025,1.32998,1.3301,2515099945.0683594
2012-02-23 11:36:00,1.33012,1.33015,1.32995,1.32997,2312200012.2070312
2012-02-23 11:37:00,1.32997,1.33015,1.32992,1.33001,2994299926.7578125
2012-02-23 11:38:00,1.33003,1.33007,1.32991,1.32993,1803000030.5175781
2012-02-23 11:39:00,1.32992,1.33003,1.32986,1.33003,1827500000.0
2012-02-23 11:40:00,1.33,1.33018,1.32997,1.33009,1936300048.828125
2012-02-23 11:41:00,1.33009,1.33014,1.32993,1.33012,1630399932.8613281
2012-02-23 11:42:00,1.33012,1.33021,1.32986,1.32989,1420700073.2421875
2012-02-23 11:43:00,1.32989,1.32998,1.32986,1.32986,1961799926.7578125
2012-02-23 11:44:00,1.32985,1.32985,1.32961,1.32966,1840299987.7929688
2012-02-23 11:45:00,1.32966,1.32975,1.32961,1.32975,1948000030.5175781
2012-02-23 11:46:00,1.32975,1.32975,1.32956,1.3296,2067200012.2070312
2012-02-23 11:47:00,1.3296,1.3298,1.32958,1.32971,1513999938.9648438
2012-02-23 11:48:00,1.32972,1.33,1.32963,1.32997,1893800048.828125
2012-02-23 11:49:00,1.32997,1.3301,1.32991,1.32991,1949400024.4140625
2012-02-23 11:50:00,1.32991,1.32996,1.32982,1.32983,1622700042.7246094
2012-02-23 11:51:00,1.32983,1.32999,1.32975,1.32988,1849199981.6894531
2012-02-23 11:52:00,1.32988,1.32989,1.32962,1.32969,2144199981.6894531
2012-02-23 11:53:00,1.32972,1.32975,1.32959,1.32962,1616499938.9648438
2012-02-23 11:54:00,1.3296,1.32972,1.32954,1.32961,1783399963.3789062
2012-02-23 11:55:00,1.32962,1.32978,1.32956,1.32958,1535700073.2421875
2012-02-23 11:56:00,1.32958,1.32959,1.32928,1.3293,2127200012.2070312
2012-02-23 11:57:00,1.32932,1.32948,1.3293,1.32933,1702799987.7929688
2012-02-23 11:58:00,1.3293,1.32932,1.32929,1.32932,694300003.0517578
2012-02-23 11:59:00,1.32932,1.32932,1.32918,1.32928,2852000122.0703125
2012-02-23 12:00:00,1.32928,1.32928,1.3291,1.32917,2629100036.6210938
2012-02-23 12:01:00,1.32916,1.32918,1.3291,1.32917,1873999938.9648438
2012-02-23 12:02:00,1.32918,1.32938,1.32918,1.3293,2188200073.2421875
2012-02-23 12:03:00,1.32931,1.32935,1.32924,1.3293,1454900054.9316406
2012-02-23 12:04:00,1.32931,1.32931,1.32912,1.32921,1878699951.171875
2012-02-23 12:05:00,1.3292,1.32929,1.3291,1.32912,1392100067.1386719
2012-02-23 12:06:00,1.32912,1.3293,1.32909,1.32924,1819799957.2753906
2012-02-23 12:07:00,1.32925,1.32933,1.32924,1.32928,1123099975.5859375
2012-02-23 12:08:00,1.32925,1.32935,1.32925,1.32929,1289600067.1386719
2012-02-23 12:09:00,1.32929,1.3293,1.32915,1.32917,1813099975.5859375
2012-02-23 12:10:00,1.32917,1.32919,1.32877,1.32879,2285000000.0
2012-02-23 12:11:00,1.32879,1.3289,1.32877,1.32884,2286000061.0351562
2012-02-23 12:12:00,1.32882,1.32882,1.32868,1.3287,1862100067.1386719
2012-02-23 12:13:00,1.32871,1.3288,1.32863,1.32879,2355000000.0
2012-02-23 12:14:00,1.3288,1.32899,1.32872,1.32875,1374600067.1386719
2012-02-23 12:15:00,1.32876,1.32888,1.32873,1.32883,1340700073.2421875
2012-02-23 12:16:00,1.32884,1.32922,1.32883,1.32897,2721199951.171875
2012-02-23 12:17:00,1.32896,1.32903,1.32893,1.32899,1295099945.0683594
2012-02-23 12:18:00,1.32899,1.32938,1.32899,1.32938,1794799957.2753906
2012-02-23 12:19:00,1.32939,1.32962,1.32939,1.3295,2180299987.7929688
2012-02-23 12:20:00,1.32949,1.32953,1.32932,1.32952,1699900054.9316406
2012-02-23 12:21:00,1.32952,1.32963,1.3295,1.32963,1044000015.2587891
2012-02-23 12:22:00,1.32963,1.32968,1.3296,1.32963,1408399963.3789062
2012-02-23 12:23:00,1.32962,1.32964,1.32944,1.32954,1843200073.2421875
2012-02-23 12:24:00,1.32954,1.32958,1.32934,1.32952,1482100067.1386719
2012-02-23 12:25:00,1.32952,1.32964,1.32952,1.32959,1119400024.4140625
2012-02-23 12:26:00,1.32959,1.32982,1.32946,1.32973,2622000122.0703125
2012-02-23 12:27:00,1.32972,1.32987,1.32966,1.32972,2275899963.3789062
2012-02-23 12:28:00,1.32971,1.32974,1.32945,1.32947,1662700042.7246094
2012-02-23 12:29:00,1.32949,1.32965,1.32949,1.32959,1373699951.171875
2012-02-23 12:30:00,1.32959,1.32974,1.32958,1.3296,2019900054.9316406
2012-02-23 12:31:00,1.32961,1.32963,1.32952,1.32958,824100036.6210938
2012-02-23 12:32:00,1.32959,1.32984,1.32959,1.32971,1804900054.9316406
2012-02-23 12:33:00,1.32969,1.32969,1.32919,1.32922,1781100006.1035156
2012-02-23 12:34:00,1.32921,1.32932,1.32921,1.32926,1201900024.4140625
2012-02-23 12:35:00,1.32925,1.32925,1.32913,1.32915,1217399978.6376953
2012-02-23 12:36:00,1.32916,1.32929,1.32912,1.32928,755599975.5859375
2012-02-23 12:37:00,1.32929,1.32941,1.32917,1.32925,1679400024.4140625
2012-02-23 12:38:00,1.32924,1.32926,1.3292,1.32924,1163199996.9482422
2012-02-23 12:39:00,1.32922,1.32925,1.32895,1.32895,1713500061.0351562
2012-02-23 12:40:00,1.32895,1.32895,1.32855,1.32858,1974400024.4140625
2012-02-23 12:41:00,1.32858,1.32881,1.32847,1.32872,1654700012.2070312
2012-02-23 12:42:00,1.32873,1.32897,1.32873,1.32893,2132599945.0683594
2012-02-23 12:43:00,1.32894,1.32894,1.32891,1.32893,810500030.5175781
2012-02-23 12:44:00,1.32894,1.32961,1.32894,1.32942,2402100067.138672
2012-02-23 12:45:00,1.32942,1.32959,1.32935,1.32958,1904799957.2753906
2012-02-23 12:46:00,1.32959,1.3296,1.32931,1.32949,1697200012.2070312
2012-02-23 12:47:00,1.32949,1.32949,1.3293,1.32935,1502500000.0
2012-02-23 12:48:00,1.32931,1.32952,1.32923,1.32949,1257900009.1552734
2012-02-23 12:49:00,1.32949,1.3295,1.32924,1.32926,1652599945.0683594
2012-02-23 12:50:00,1.32926,1.32947,1.32926,1.32945,1740000000.0
2012-02-23 12:51:00,1.32944,1.32944,1.32929,1.32944,1399100036.6210938
2012-02-23 12:52:00,1.32947,1.32959,1.32944,1.3295,1487400054.9316406
2012-02-23 12:53:00,1.3295,1.32959,1.32943,1.32948,1611199951.171875
2012-02-23 12:54:00,1.32947,1.32956,1.3294,1.32952,2030399932.8613281
2012-02-23 12:55:00,1.32952,1.32962,1.3294,1.3294,1340800018.3105469
2012-02-23 12:56:00,1.32942,1.32942,1.32903,1.32911,1211699981.6894531
2012-02-23 12:57:00,1.32911,1.32924,1.32911,1.32922,1136299972.5341797
2012-02-23 12:58:00,1.32923,1.32927,1.32921,1.32925,708700027.4658203
2012-02-23 12:59:00,1.32924,1.32938,1.3292,1.32938,1856300048.828125
2012-02-23 13:00:00,1.32936,1.32939,1.32928,1.32932,1645899963.3789062
2012-02-23 13:01:00,1.32931,1.32931,1.3292,1.32923,1262900009.1552734
2012-02-23 13:02:00,1.32923,1.32923,1.32895,1.32913,1872899932.8613281
2012-02-23 13:03:00,1.32911,1.32952,1.32911,1.32952,1801900024.4140625
2012-02-23 13:04:00,1.32953,1.32974,1.32953,1.32973,1497400054.9316406
2012-02-23 13:05:00,1.32973,1.33005,1.32962,1.32995,1798399963.3789062
2012-02-23 13:06:00,1.32995,1.33007,1.32981,1.32983,2186699981.689453
2012-02-23 13:07:00,1.32981,1.32982,1.32962,1.32982,1536699981.6894531
2012-02-23 13:08:00,1.32982,1.33007,1.32982,1.33002,2044299926.7578125
2012-02-23 13:09:00,1.33001,1.33047,1.33001,1.33035,3693500061.0351562
2012-02-23 13:10:00,1.33038,1.33065,1.33037,1.33063,3157799987.7929688
2012-02-23 13:11:00,1.33065,1.33069,1.33046,1.33053,3068800048.828125
2012-02-23 13:12:00,1.33053,1.33053,1.33019,1.33043,2363899993.8964844
2012-02-23 13:13:00,1.33043,1.33043,1.33006,1.33017,2383300018.310547
2012-02-23 13:14:00,1.33017,1.33019,1.32989,1.32997,2705799865.7226562
2012-02-23 13:15:00,1.33,1.33001,1.32955,1.32961,2800199890.1367188
2012-02-23 13:16:00,1.32961,1.32981,1.32961,1.3298,2428099975.5859375
2012-02-23 13:17:00,1.3298,1.32983,1.32964,1.32966,2023500061.0351562
2012-02-23 13:18:00,1.32965,1.3297,1.32962,1.3297,2072799987.7929688
2012-02-23 13:19:00,1.32971,1.32972,1.32946,1.32971,2038600006.1035156
2012-02-23 13:20:00,1.32971,1.33004,1.32971,1.32982,1995399932.8613281
2012-02-23 13:21:00,1.32979,1.32986,1.32964,1.32986,2060099945.0683594
2012-02-23 13:22:00,1.32986,1.33029,1.32986,1.33029,2498300018.310547
2012-02-23 13:23:00,1.3303,1.33055,1.33028,1.33052,2598699951.171875
2012-02-23 13:24:00,1.33052,1.33071,1.33048,1.33058,1527299957.2753906
2012-02-23 13:25:00,1.33057,1.33064,1.33042,1.33042,1589799957.2753906
2012-02-23 13:26:00,1.33042,1.33049,1.33025,1.33025,1252300033.569336
2012-02-23 13:27:00,1.33024,1.33056,1.3302,1.33049,1609199981.6894531
2012-02-23 13:28:00,1.33047,1.33071,1.33041,1.33044,1521999969.4824219
2012-02-23 13:29:00,1.33043,1.33047,1.33019,1.33029,2438600006.1035156
2012-02-23 13:30:00,1.33029,1.33051,1.33007,1.33019,2647999877.9296875
2012-02-23 13:31:00,1.3302,1.33043,1.32997,1.33009,1805899963.3789062
2012-02-23 13:32:00,1.33011,1.33019,1.32966,1.3299,2435800018.310547
2012-02-23 13:33:00,1.3299,1.32993,1.32958,1.32972,2702099914.5507812
2012-02-23 13:34:00,1.32974,1.32986,1.32963,1.32971,2654700012.2070312
2012-02-23 13:35:00,1.32972,1.32979,1.32944,1.32944,2218200073.2421875
2012-02-23 13:36:00,1.32945,1.32945,1.32918,1.32918,2066600036.6210938
2012-02-23 13:37:00,1.32919,1.32942,1.32918,1.32931,2302100067.138672
2012-02-23 13:38:00,1.32932,1.32935,1.32903,1.32903,2827600097.65625
2012-02-23 13:39:00,1.32903,1.32911,1.32896,1.32911,2249199981.689453
2012-02-23 13:40:00,1.32911,1.32937,1.32911,1.32922,1593699951.171875
2012-02-23 13:41:00,1.32922,1.32923,1.329,1.32913,2157500000.0
2012-02-23 13:42:00,1.32913,1.32948,1.32907,1.32929,3141000061.0351562
2012-02-23 13:43:00,1.32928,1.32943,1.32904,1.32943,2615299987.7929688
2012-02-23 13:44:00,1.32943,1.32952,1.32915,1.32915,2089199981.6894531
2012-02-23 13:45:00,1.32915,1.32918,1.329,1.32917,2205800018.310547
2012-02-23 13:46:00,1.32918,1.3295,1.32918,1.32949,2145700073.2421875
2012-02-23 13:47:00,1.32951,1.32985,1.32951,1.32974,2615599975.5859375
2012-02-23 13:48:00,1.32974,1.33019,1.32972,1.33002,3380400085.4492188
2012-02-23 13:49:00,1.33001,1.33025,1.32996,1.33012,2005800018.3105469
2012-02-23 13:50:00,1.33014,1.33018,1.33007,1.33009,2158000030.517578
2012-02-23 13:51:00,1.33009,1.33025,1.32999,1.33025,2416300048.828125
2012-02-23 13:52:00,1.33029,1.33039,1.33003,1.33006,2473699951.171875
2012-02-23 13:53:00,1.33005,1.33023,1.3299,1.32991,1911399993.8964844
2012-02-23 13:54:00,1.32992,1.32992,1.32972,1.32972,1369199981.6894531
2012-02-23 13:55:00,1.32973,1.32988,1.3295,1.32988,2762699890.1367188
2012-02-23 13:56:00,1.32987,1.32987,1.32958,1.32962,1454900054.9316406
2012-02-23 13:57:00,1.32962,1.32978,1.32962,1.32978,1360399932.8613281
2012-02-23 13:58:00,1.32981,1.32986,1.3296,1.32962,1551900024.4140625
2012-02-23 13:59:00,1.32962,1.3297,1.32939,1.32969,1914299926.7578125
2012-02-23 14:00:00,1.32966,1.32969,1.32944,1.32953,2169600067.138672
2012-02-23 14:01:00,1.32953,1.32961,1.32922,1.32922,1575599975.5859375
2012-02-23 14:02:00,1.32922,1.32944,1.32917,1.32923,1566799926.7578125
2012-02-23 14:03:00,1.32922,1.3297,1.32922,1.32969,2041499938.9648438
2012-02-23 14:04:00,1.3297,1.3297,1.32933,1.32941,2571799926.7578125
2012-02-23 14:05:00,1.32941,1.32959,1.32911,1.32913,2940700073.2421875
2012-02-23 14:06:00,1.32915,1.32933,1.32908,1.32924,2953299865.7226562
2012-02-23 14:07:00,1.32923,1.32953,1.32916,1.32953,2657099914.5507812
2012-02-23 14:08:00,1.32953,1.32962,1.32929,1.32929,2460800018.310547
2012-02-23 14:09:00,1.32929,1.32931,1.32917,1.32921,2106999969.4824219
2012-02-23 14:10:00,1.32922,1.32941,1.32917,1.32927,2078000030.5175781
2012-02-23 14:11:00,1.32927,1.32957,1.32923,1.32957,1870200042.7246094
2012-02-23 14:12:00,1.3296,1.3299,1.32959,1.32985,2555399932.861328
2012-02-23 14:13:00,1.32986,1.32995,1.32981,1.32981,1470500030.5175781
2012-02-23 14:14:00,1.3298,1.33001,1.32969,1.32987,2321399993.8964844
2012-02-23 14:15:00,1.3299,1.33008,1.32987,1.32988,2609700012.2070312
2012-02-23 14:16:00,1.32988,1.32991,1.32963,1.32981,2318099975.5859375
2012-02-23 14:17:00,1.32982,1.32983,1.3295,1.32953,2299100036.6210938
2012-02-23 14:18:00,1.32953,1.32954,1.32924,1.32929,1963099975.5859375
2012-02-23 14:19:00,1.3293,1.32941,1.32923,1.3294,1190999984.741211
2012-02-23 14:20:00,1.32939,1.32948,1.3289,1.3289,2629400024.4140625
2012-02-23 14:21:00,1.3289,1.32892,1.3287,1.32892,2605100097.65625
2012-02-23 14:22:00,1.32892,1.32938,1.32892,1.32916,2497299957.2753906
2012-02-23 14:23:00,1.32915,1.32915,1.32892,1.32895,1676999969.4824219
2012-02-23 14:24:00,1.32895,1.32912,1.3289,1.32912,2423200073.2421875
2012-02-23 14:25:00,1.32913,1.32916,1.3289,1.32904,2066699981.6894531
2012-02-23 14:26:00,1.32905,1.32936,1.32905,1.32918,2729700012.2070312
2012-02-23 14:27:00,1.32919,1.32932,1.32899,1.329,2177500000.0
2012-02-23 14:28:00,1.32902,1.32903,1.32885,1.32901,2089700012.2070312
2012-02-23 14:29:00,1.32901,1.32937,1.32901,1.32928,2179499969.482422
2012-02-23 14:30:00,1.32928,1.32929,1.32886,1.32905,2508099975.5859375
2012-02-23 14:31:00,1.32906,1.3293,1.32906,1.3291,2250700073.2421875
2012-02-23 14:32:00,1.32908,1.32909,1.32854,1.32854,2421699981.689453
2012-02-23 14:33:00,1.32853,1.32855,1.3282,1.32829,3181600036.6210938
2012-02-23 14:34:00,1.32829,1.32851,1.32821,1.32848,2755400085.4492188
2012-02-23 14:35:00,1.32847,1.32858,1.32828,1.32831,2950000000.0
2012-02-23 14:36:00,1.32832,1.32841,1.32817,1.32825,2672500000.0
2012-02-23 14:37:00,1.32824,1.32825,1.3279,1.32822,3199200134.2773438
2012-02-23 14:38:00,1.32823,1.32839,1.3282,1.32828,2298500061.0351562
2012-02-23 14:39:00,1.32831,1.32855,1.3283,1.32846,2403099975.5859375
2012-02-23 14:40:00,1.32844,1.3285,1.3283,1.32842,2310099945.0683594
2012-02-23 14:41:00,1.32842,1.32844,1.32825,1.32835,2616900024.4140625
2012-02-23 14:42:00,1.32834,1.32848,1.32799,1.328,2926099853.515625
2012-02-23 14:43:00,1.32803,1.32811,1.32726,1.3273,3692300109.8632812
2012-02-23 14:44:00,1.3273,1.32733,1.32705,1.32722,3311700134.2773438
2012-02-23 14:45:00,1.32723,1.32736,1.32699,1.32722,2930899963.3789062
2012-02-23 14:46:00,1.32724,1.3276,1.32724,1.32758,3742900085.4492188
2012-02-23 14:47:00,1.32756,1.32768,1.3275,1.32762,3125100097.65625
2012-02-23 14:48:00,1.32763,1.32771,1.3274,1.32741,3056099853.515625
2012-02-23 14:49:00,1.3274,1.32758,1.3272,1.32727,2678999938.9648438
2012-02-23 14:50:00,1.32727,1.3274,1.32711,1.32711,3990799865.7226562
2012-02-23 14:51:00,1.32712,1.3275,1.32704,1.3275,3111000061.0351562
2012-02-23 14:52:00,1.32751,1.32782,1.3275,1.32779,3726300048.828125
2012-02-23 14:53:00,1.32777,1.32784,1.32768,1.32783,3163500061.0351562
2012-02-23 14:54:00,1.32783,1.32794,1.32764,1.32791,2439299926.7578125
2012-02-23 14:55:00,1.32789,1.32814,1.32789,1.32812,1995200042.7246094
2012-02-23 14:56:00,1.32813,1.32849,1.32801,1.32849,2753999938.9648438
2012-02-23 14:57:00,1.32852,1.32881,1.32849,1.32859,3557000122.0703125
2012-02-23 14:58:00,1.32861,1.32869,1.32839,1.32858,2981600036.6210938
2012-02-23 14:59:00,1.32858,1.32859,1.32826,1.32827,1844400024.4140625
2012-02-23 15:00:00,1.32827,1.32873,1.32818,1.32871,2757900085.4492188
2012-02-23 15:01:00,1.32871,1.3288,1.32852,1.32856,2400899963.3789062
2012-02-23 15:02:00,1.32856,1.32863,1.32839,1.3286,2735899963.3789062
2012-02-23 15:03:00,1.3286,1.32886,1.32859,1.32886,2959200134.2773438
2012-02-23 15:04:00,1.32888,1.32891,1.3285,1.32851,2500299987.7929688
2012-02-23 15:05:00,1.32851,1.32867,1.32848,1.32867,2140399932.8613281
2012-02-23 15:06:00,1.32867,1.32884,1.3286,1.32873,2719400024.4140625
2012-02-23 15:07:00,1.32875,1.32899,1.32875,1.32885,2921499938.9648438
2012-02-23 15:08:00,1.32887,1.32917,1.32872,1.3291,2703900146.484375
2012-02-23 15:09:00,1.32912,1.32932,1.32901,1.32926,3122000122.0703125
2012-02-23 15:10:00,1.32926,1.3293,1.32899,1.32903,2520700073.2421875
2012-02-23 15:11:00,1.32905,1.32922,1.3289,1.32894,2889500122.0703125
2012-02-23 15:12:00,1.32894,1.32912,1.32879,1.3291,3051799926.7578125
2012-02-23 15:13:00,1.32911,1.32942,1.32908,1.32911,2898099975.5859375
2012-02-23 15:14:00,1.32912,1.32943,1.32912,1.32938,2227899932.861328
2012-02-23 15:15:00,1.3294,1.3297,1.3294,1.32941,3270299987.7929688
2012-02-23 15:16:00,1.3294,1.32954,1.32909,1.32949,3726099853.515625
2012-02-23 15:17:00,1.32948,1.32958,1.32918,1.32918,3628200073.2421875
2012-02-23 15:18:00,1.32918,1.32932,1.32914,1.32932,2773999938.9648438
2012-02-23 15:19:00,1.3293,1.32962,1.3293,1.3294,2272799987.7929688
2012-02-23 15:20:00,1.32941,1.32949,1.32926,1.32926,2598099975.5859375
2012-02-23 15:21:00,1.32925,1.3295,1.32903,1.32903,2531699981.689453
2012-02-23 15:22:00,1.32904,1.32945,1.32904,1.32945,1635500030.5175781
2012-02-23 15:23:00,1.32944,1.32948,1.32917,1.32925,2088300018.3105469
2012-02-23 15:24:00,1.32924,1.3293,1.32918,1.32928,1353300018.3105469
2012-02-23 15:25:00,1.32929,1.3297,1.32928,1.3297,2609200134.2773438
2012-02-23 15:26:00,1.32972,1.32984,1.32958,1.32963,2307500000.0
2012-02-23 15:27:00,1.32963,1.32985,1.32962,1.32964,2146300048.828125
2012-02-23 15:28:00,1.32968,1.32969,1.32938,1.32966,2320500030.517578
2012-02-23 15:29:00,1.32966,1.3298,1.3296,1.32967,2459499969.482422
2012-02-23 15:30:00,1.32967,1.3304,1.32963,1.33039,3774299926.7578125
2012-02-23 15:31:00,1.33037,1.33068,1.33031,1.33066,3225700073.2421875
2012-02-23 15:32:00,1.33066,1.33069,1.33035,1.33044,3028900146.484375
2012-02-23 15:33:00,1.33042,1.33042,1.33007,1.3301,2444600067.138672
2012-02-23 15:34:00,1.33008,1.33025,1.33008,1.33025,2518800048.828125
2012-02-23 15:35:00,1.33027,1.33048,1.33027,1.33027,3031300048.828125
2012-02-23 15:36:00,1.33027,1.33027,1.32989,1.32996,2143999938.9648438
2012-02-23 15:37:00,1.32995,1.33013,1.3299,1.32996,2598299865.7226562
2012-02-23 15:38:00,1.32995,1.33008,1.32979,1.32982,2442299957.2753906
2012-02-23 15:39:00,1.32982,1.33004,1.32982,1.32987,2543200073.2421875
2012-02-23 15:40:00,1.32987,1.3302,1.32987,1.33017,2556000061.0351562
2012-02-23 15:41:00,1.33017,1.33017,1.32989,1.32994,2329299926.7578125
2012-02-23 15:42:00,1.32996,1.32999,1.32969,1.32987,2749599914.5507812
2012-02-23 15:43:00,1.32987,1.32993,1.32969,1.32988,2320500030.517578
2012-02-23 15:44:00,1.32988,1.32988,1.32968,1.32971,1761499938.9648438
2012-02-23 15:45:00,1.32971,1.32985,1.32967,1.32979,1866100006.1035156
2012-02-23 15:46:00,1.32979,1.32984,1.32955,1.32957,2007500000.0
2012-02-23 15:47:00,1.32958,1.32967,1.32955,1.32956,1754799957.2753906
2012-02-23 15:48:00,1.32955,1.3297,1.32949,1.3296,2003800048.828125
2012-02-23 15:49:00,1.3296,1.3299,1.3296,1.32974,1685200042.7246094
2012-02-23 15:50:00,1.32975,1.32979,1.32958,1.32966,2108600006.1035156
2012-02-23 15:51:00,1.32966,1.33024,1.32961,1.3302,2465500030.517578
2012-02-23 15:52:00,1.3302,1.33034,1.33013,1.3303,2626099853.515625
2012-02-23 15:53:00,1.33031,1.33059,1.33018,1.33059,2781400146.484375
2012-02-23 15:54:00,1.33059,1.33151,1.33059,1.33137,4048200073.2421875
2012-02-23 15:55:00,1.33137,1.33151,1.3312,1.33129,2811199951.171875
2012-02-23 15:56:00,1.3313,1.33148,1.33128,1.33141,2518200073.2421875
2012-02-23 15:57:00,1.33139,1.33163,1.33138,1.33156,2576799926.7578125
2012-02-23 15:58:00,1.33159,1.33168,1.33139,1.33151,2549799957.2753906
2012-02-23 15:59:00,1.33152,1.33179,1.33134,1.33134,3836700134.2773438
2012-02-23 16:00:00,1.33132,1.33132,1.33075,1.33075,3882799987.7929688
2012-02-23 16:01:00,1.33075,1.33092,1.33064,1.33067,3563200073.2421875
2012-02-23 16:02:00,1.33068,1.33086,1.3306,1.33069,2741199951.171875
2012-02-23 16:03:00,1.3307,1.33076,1.33047,1.33051,2733999938.9648438
2012-02-23 16:04:00,1.33052,1.33052,1.33033,1.33041,2668399963.3789062
2012-02-23 16:05:00,1.33043,1.33052,1.33031,1.33048,2700000000.0
2012-02-23 16:06:00,1.33048,1.33071,1.33041,1.33071,2023699951.171875
2012-02-23 16:07:00,1.3307,1.3308,1.33053,1.33072,2544299926.7578125
2012-02-23 16:08:00,1.3307,1.33082,1.33062,1.33081,2777799987.7929688
2012-02-23 16:09:00,1.33081,1.33083,1.33072,1.33073,1823699951.171875
2012-02-23 16:10:00,1.33073,1.33131,1.3306,1.33131,3061600036.6210938
2012-02-23 16:11:00,1.33133,1.33148,1.33115,1.33141,2266100006.1035156
2012-02-23 16:12:00,1.33138,1.33144,1.33108,1.33119,2116999969.4824219
2012-02-23 16:13:00,1.33122,1.33139,1.33115,1.33134,3133800048.828125
2012-02-23 16:14:00,1.33133,1.33146,1.33115,1.33131,2486100006.1035156
2012-02-23 16:15:00,1.33131,1.33169,1.3313,1.33153,3037699890.1367188
2012-02-23 16:16:00,1.33153,1.33153,1.33133,1.33139,2588099975.5859375
2012-02-23 16:17:00,1.33139,1.33172,1.33139,1.33159,3409299926.7578125
2012-02-23 16:18:00,1.33159,1.33159,1.33131,1.33131,2316000061.0351562
2012-02-23 16:19:00,1.33132,1.33132,1.33086,1.33086,2836000061.0351562
2012-02-23 16:20:00,1.33085,1.33103,1.33073,1.33091,3247900085.4492188
2012-02-23 16:21:00,1.33091,1.33125,1.33091,1.33118,2137500000.0
2012-02-23 16:22:00,1.33121,1.33139,1.33118,1.33139,2128399963.3789062
2012-02-23 16:23:00,1.33136,1.33154,1.33131,1.33141,1958899993.8964844
2012-02-23 16:24:00,1.33141,1.33153,1.33132,1.33138,2099700012.2070312
2012-02-23 16:25:00,1.33138,1.33154,1.33134,1.33142,1497100067.1386719
2012-02-23 16:26:00,1.33143,1.3316,1.33127,1.33138,2118000030.5175781
2012-02-23 16:27:00,1.33138,1.33148,1.33118,1.3312,1922799987.7929688
2012-02-23 16:28:00,1.3312,1.33138,1.33118,1.33128,2151600036.6210938
2012-02-23 16:29:00,1.33128,1.33145,1.33121,1.3313,2311600036.6210938
2012-02-23 16:30:00,1.3313,1.3313,1.33119,1.3312,2131399993.8964844
2012-02-23 16:31:00,1.3312,1.33122,1.3311,1.33115,2322599945.0683594
2012-02-23 16:32:00,1.33116,1.33127,1.33108,1.33118,1881600036.6210938
2012-02-23 16:33:00,1.33118,1.3314,1.33117,1.33127,1673000030.5175781
2012-02-23 16:34:00,1.33127,1.33129,1.33117,1.33117,1794299926.7578125
2012-02-23 16:35:00,1.33117,1.33121,1.33093,1.331,2793999938.9648438
2012-02-23 16:36:00,1.33101,1.33111,1.3309,1.3309,2327899932.861328
2012-02-23 16:37:00,1.33092,1.331,1.33087,1.33089,2254199981.689453
2012-02-23 16:38:00,1.33089,1.331,1.3308,1.33092,2424199981.689453
2012-02-23 16:39:00,1.33092,1.33094,1.33076,1.33082,1362599945.0683594
2012-02-23 16:40:00,1.33082,1.33095,1.33077,1.33081,1952899932.8613281
2012-02-23 16:41:00,1.33081,1.33081,1.3305,1.33055,1730700073.2421875
2012-02-23 16:42:00,1.33056,1.33075,1.33051,1.3307,1614499969.4824219
2012-02-23 16:43:00,1.33071,1.33071,1.33058,1.33066,1599100036.6210938
2012-02-23 16:44:00,1.33063,1.331,1.33061,1.33094,1775899963.3789062
2012-02-23 16:45:00,1.33094,1.33094,1.3307,1.33092,1753800048.828125
2012-02-23 16:46:00,1.33095,1.33106,1.33089,1.33092,2028800048.828125
2012-02-23 16:47:00,1.3309,1.33099,1.33075,1.3308,1425500030.5175781
2012-02-23 16:48:00,1.3308,1.331,1.3308,1.331,1611999969.4824219
2012-02-23 16:49:00,1.331,1.33102,1.3308,1.3308,1110800018.3105469
2012-02-23 16:50:00,1.3308,1.33089,1.33073,1.33073,1461300048.828125
2012-02-23 16:51:00,1.3307,1.33083,1.3307,1.33074,2131000061.0351562
2012-02-23 16:52:00,1.33073,1.3309,1.33069,1.3309,1573000030.5175781
2012-02-23 16:53:00,1.33089,1.33098,1.33079,1.33079,1465399932.8613281
2012-02-23 16:54:00,1.33079,1.33104,1.33079,1.33102,1382899932.8613281
2012-02-23 16:55:00,1.33102,1.33116,1.331,1.3311,1609799957.2753906
2012-02-23 16:56:00,1.33111,1.33122,1.33109,1.33111,1318399963.3789062
2012-02-23 16:57:00,1.3311,1.33115,1.33087,1.33087,2156900024.4140625
2012-02-23 16:58:00,1.33087,1.33089,1.33085,1.33085,1378999938.9648438
2012-02-23 16:59:00,1.33084,1.33088,1.33069,1.3308,1939900054.9316406
2012-02-23 17:00:00,1.33081,1.33098,1.33066,1.33085,1756799926.7578125
2012-02-23 17:01:00,1.33082,1.33092,1.33079,1.33081,1690000000.0
2012-02-23 17:02:00,1.33081,1.33123,1.33081,1.33119,1904700012.2070312
2012-02-23 17:03:00,1.33121,1.33127,1.33102,1.33113,1266699981.6894531
2012-02-23 17:04:00,1.33115,1.33119,1.331,1.33108,1896900024.4140625
2012-02-23 17:05:00,1.33111,1.33111,1.33092,1.33094,1774600067.1386719
2012-02-23 17:06:00,1.33094,1.33098,1.33044,1.33044,2192799987.7929688
2012-02-23 17:07:00,1.33047,1.33071,1.33046,1.33068,1421100006.1035156
2012-02-23 17:08:00,1.33066,1.33067,1.33052,1.33056,1017399978.6376953
2012-02-23 17:09:00,1.33057,1.33078,1.33055,1.33078,1071699981.6894531
2012-02-23 17:10:00,1.3308,1.33089,1.33071,1.33075,1259499969.4824219
2012-02-23 17:11:00,1.33077,1.33083,1.33071,1.33077,1253099975.5859375
2012-02-23 17:12:00,1.33077,1.3308,1.33065,1.33068,1246999969.4824219
2012-02-23 17:13:00,1.33068,1.3309,1.33068,1.33087,1039400024.4140625
2012-02-23 17:14:00,1.33087,1.33089,1.33064,1.33064,1252699966.430664
2012-02-23 17:15:00,1.33064,1.33067,1.33058,1.33067,1467299957.2753906
2012-02-23 17:16:00,1.33068,1.33075,1.33067,1.33074,1015899963.3789062
2012-02-23 17:17:00,1.3307,1.3307,1.33049,1.33059,1979600067.1386719
2012-02-23 17:18:00,1.33058,1.33069,1.33058,1.33068,1036699981.6894531
2012-02-23 17:19:00,1.33068,1.33079,1.33062,1.33065,2219499969.482422
2012-02-23 17:20:00,1.33067,1.33078,1.33065,1.33077,1986600036.6210938
2012-02-23 17:21:00,1.33077,1.33079,1.33058,1.33061,1241100006.1035156
2012-02-23 17:22:00,1.33061,1.33068,1.33048,1.33056,1501100006.1035156
2012-02-23 17:23:00,1.33058,1.33059,1.33027,1.33039,1625099945.0683594
2012-02-23 17:24:00,1.33038,1.3306,1.33038,1.33059,1695500030.5175781
2012-02-23 17:25:00,1.33057,1.3307,1.33049,1.33068,2097599945.0683594
2012-02-23 17:26:00,1.33068,1.33081,1.33068,1.33078,1910200042.7246094
2012-02-23 17:27:00,1.33079,1.33111,1.33079,1.33098,2332500000.0
2012-02-23 17:28:00,1.33098,1.33112,1.33089,1.33097,1681100006.1035156
2012-02-23 17:29:00,1.331,1.33107,1.33092,1.33097,1258899993.8964844
2012-02-23 17:30:00,1.33099,1.33108,1.33079,1.33085,2300099945.0683594
2012-02-23 17:31:00,1.33086,1.33105,1.33086,1.33101,1696999969.4824219
2012-02-23 17:32:00,1.331,1.33108,1.33075,1.33078,1839499969.4824219
2012-02-23 17:33:00,1.33078,1.33087,1.33075,1.33078,1664299926.7578125
2012-02-23 17:34:00,1.33078,1.3309,1.33058,1.33059,2073600006.1035156
2012-02-23 17:35:00,1.33059,1.33065,1.33057,1.33057,1443999938.9648438
2012-02-23 17:36:00,1.33057,1.33065,1.33057,1.33059,1159300003.0517578
2012-02-23 17:37:00,1.33059,1.33059,1.33039,1.33045,1981199951.171875
2012-02-23 17:38:00,1.33045,1.33059,1.33037,1.33056,1482400054.9316406
2012-02-23 17:39:00,1.33058,1.33091,1.33039,1.33089,1902299957.2753906
2012-02-23 17:40:00,1.33089,1.33096,1.33077,1.3309,1750800018.3105469
2012-02-23 17:41:00,1.3309,1.33109,1.33087,1.33108,1508699951.171875
2012-02-23 17:42:00,1.33109,1.33144,1.33094,1.33144,2349499969.482422
2012-02-23 17:43:00,1.33145,1.33186,1.33144,1.33185,2635000000.0
2012-02-23 17:44:00,1.33186,1.33217,1.33185,1.33215,1920299987.7929688
2012-02-23 17:45:00,1.33216,1.33238,1.33216,1.33234,3526900024.4140625
2012-02-23 17:46:00,1.33234,1.33234,1.33206,1.3322,2121600036.6210938
2012-02-23 17:47:00,1.33221,1.33227,1.33208,1.33215,2333300018.310547
2012-02-23 17:48:00,1.33215,1.33216,1.33205,1.33208,1504100036.6210938
2012-02-23 17:49:00,1.33208,1.33208,1.33204,1.33207,1159199981.6894531
2012-02-23 17:50:00,1.33207,1.33214,1.33203,1.33205,1661699981.6894531
2012-02-23 17:51:00,1.33207,1.33209,1.33195,1.33198,2082700042.7246094
2012-02-23 17:52:00,1.33198,1.33205,1.33172,1.33172,1240299987.7929688
2012-02-23 17:53:00,1.33168,1.33183,1.33164,1.33183,1233000030.5175781
2012-02-23 17:54:00,1.33186,1.33187,1.33165,1.33174,2159499969.482422
2012-02-23 17:55:00,1.33174,1.33187,1.33173,1.33186,1076800003.0517578
2012-02-23 17:56:00,1.33187,1.33195,1.33187,1.33188,517599983.21533203
2012-02-23 17:57:00,1.33189,1.33195,1.33184,1.33188,1436900024.4140625
2012-02-23 17:58:00,1.33188,1.33194,1.33175,1.33179,1268300018.3105469
2012-02-23 17:59:00,1.33178,1.3318,1.33159,1.33164,2399499969.482422
2012-02-23 18:00:00,1.33164,1.33181,1.33161,1.33175,2138600006.1035156
2012-02-23 18:01:00,1.33175,1.33178,1.33163,1.33166,1914799957.2753906
2012-02-23 18:02:00,1.33169,1.33177,1.33156,1.33166,2085700073.2421875
2012-02-23 18:03:00,1.33166,1.33172,1.33162,1.33172,1401199951.171875
2012-02-23 18:04:00,1.33171,1.33187,1.33171,1.33185,1980899963.3789062
2012-02-23 18:05:00,1.33185,1.33195,1.33166,1.33195,2553000030.517578
2012-02-23 18:06:00,1.33195,1.33206,1.33174,1.33205,1872500000.0
2012-02-23 18:07:00,1.33205,1.33205,1.33186,1.33188,1445099945.0683594
2012-02-23 18:08:00,1.33188,1.33194,1.33177,1.33194,1017399978.6376953
2012-02-23 18:09:00,1.33194,1.33199,1.33176,1.33176,1786699981.6894531
2012-02-23 18:10:00,1.33177,1.33197,1.33177,1.33186,1470899963.3789062
2012-02-23 18:11:00,1.33186,1.33191,1.33177,1.33184,1237099990.8447266
2012-02-23 18:12:00,1.33183,1.33192,1.33169,1.33189,1968099975.5859375
2012-02-23 18:13:00,1.33188,1.33207,1.33184,1.33198,1180500030.5175781
2012-02-23 18:14:00,1.33199,1.33243,1.33199,1.33241,2183000030.517578
2012-02-23 18:15:00,1.33241,1.3326,1.33237,1.33257,2048200073.2421875
2012-02-23 18:16:00,1.33255,1.33318,1.33255,1.33318,3673500061.0351562
2012-02-23 18:17:00,1.33319,1.33324,1.33307,1.33308,2088600006.1035156
2012-02-23 18:18:00,1.33311,1.33328,1.33311,1.33326,1970800018.3105469
2012-02-23 18:19:00,1.33326,1.33331,1.33316,1.33329,1744100036.6210938
2012-02-23 18:20:00,1.33333,1.33335,1.33307,1.33312,2048999938.9648438
2012-02-23 18:21:00,1.33313,1.33347,1.33312,1.33339,2353500061.0351562
2012-02-23 18:22:00,1.33339,1.33374,1.33334,1.33339,3061900024.4140625
2012-02-23 18:23:00,1.33341,1.33347,1.33323,1.33329,2264400024.4140625
2012-02-23 18:24:00,1.33327,1.33361,1.33315,1.33361,2148099975.5859375
2012-02-23 18:25:00,1.33363,1.3338,1.33363,1.33366,2594500122.0703125
2012-02-23 18:26:00,1.33366,1.33387,1.33362,1.33378,2509900054.9316406
2012-02-23 18:27:00,1.33379,1.33388,1.33363,1.33368,2378300018.310547
2012-02-23 18:28:00,1.33367,1.33383,1.33355,1.33355,2762000122.0703125
2012-02-23 18:29:00,1.33357,1.3336,1.33343,1.33355,1768600006.1035156
2012-02-23 18:30:00,1.33355,1.33359,1.33326,1.33327,1104700012.2070312
2012-02-23 18:31:00,1.33327,1.33337,1.33326,1.33333,1654600067.1386719
2012-02-23 18:32:00,1.33333,1.33348,1.33325,1.33337,2054499969.4824219
2012-02-23 18:33:00,1.33339,1.33348,1.33329,1.3333,1958300018.3105469
2012-02-23 18:34:00,1.3333,1.33342,1.33319,1.33342,2087200012.2070312
2012-02-23 18:35:00,1.33341,1.3335,1.33318,1.33318,1921499938.9648438
2012-02-23 18:36:00,1.33318,1.33326,1.33314,1.33326,1632599945.0683594
2012-02-23 18:37:00,1.33328,1.33328,1.33308,1.3331,1248600006.1035156
2012-02-23 18:38:00,1.33309,1.33313,1.33288,1.33296,2004299926.7578125
2012-02-23 18:39:00,1.33296,1.33306,1.33294,1.33306,785400009.1552734
2012-02-23 18:40:00,1.33306,1.33316,1.33301,1.3331,1101200027.4658203
2012-02-23 18:41:00,1.3331,1.33319,1.33309,1.33311,708899993.8964844
2012-02-23 18:42:00,1.33311,1.33321,1.33309,1.33314,2009100036.6210938
2012-02-23 18:43:00,1.33314,1.3333,1.33312,1.33329,1846199951.171875
2012-02-23 18:44:00,1.33333,1.3334,1.3333,1.33336,1424400024.4140625
2012-02-23 18:45:00,1.33338,1.33357,1.33338,1.33357,1787799987.7929688
2012-02-23 18:46:00,1.33357,1.33359,1.33347,1.33348,1621999969.4824219
2012-02-23 18:47:00,1.33348,1.33356,1.33347,1.33354,1359900054.9316406
2012-02-23 18:48:00,1.33355,1.33355,1.33334,1.33335,1741900024.4140625
2012-02-23 18:49:00,1.33335,1.33335,1.33325,1.33328,1008499984.7412109
2012-02-23 18:50:00,1.33328,1.33328,1.33311,1.33311,1002799987.7929688
2012-02-23 18:51:00,1.3331,1.33336,1.3331,1.33336,1476499938.9648438
2012-02-23 18:52:00,1.33337,1.33357,1.33337,1.33338,2043300018.3105469
2012-02-23 18:53:00,1.33338,1.33346,1.33328,1.33328,2293099975.5859375
2012-02-23 18:54:00,1.33326,1.33348,1.33326,1.33348,2021000061.0351562
2012-02-23 18:55:00,1.33348,1.33354,1.33335,1.33341,2290099945.0683594
2012-02-23 18:56:00,1.33343,1.33351,1.33329,1.33332,1810200042.7246094
2012-02-23 18:57:00,1.33332,1.33333,1.33324,1.33332,1180400009.1552734
2012-02-23 18:58:00,1.33332,1.3334,1.33326,1.33326,1464900054.9316406
2012-02-23 18:59:00,1.33324,1.33337,1.33324,1.33336,1309299926.7578125
2012-02-23 19:00:00,1.33336,1.33338,1.33323,1.33327,1915899963.3789062
2012-02-23 19:01:00,1.33327,1.33329,1.33313,1.33313,1408500061.0351562
2012-02-23 19:02:00,1.33312,1.33312,1.33295,1.33298,900299987.7929688
2012-02-23 19:03:00,1.33299,1.33308,1.33296,1.33308,810599975.5859375
2012-02-23 19:04:00,1.33308,1.33309,1.33298,1.33307,1155100021.3623047
2012-02-23 19:05:00,1.33307,1.33315,1.33297,1.33315,1180699996.9482422
2012-02-23 19:06:00,1.33315,1.33336,1.33315,1.33326,2847300109.8632812
2012-02-23 19:07:00,1.33324,1.3334,1.33324,1.33338,3025499877.9296875
2012-02-23 19:08:00,1.33339,1.33356,1.33338,1.33351,2473699951.171875
2012-02-23 19:09:00,1.33346,1.33368,1.33346,1.33365,1742500000.0
2012-02-23 19:10:00,1.33363,1.33368,1.33358,1.3336,1472599945.0683594
2012-02-23 19:11:00,1.33362,1.3338,1.33359,1.3338,1488399963.3789062
2012-02-23 19:12:00,1.3338,1.33389,1.33373,1.33387,1459400024.4140625
2012-02-23 19:13:00,1.33386,1.33389,1.33377,1.33386,1440000000.0
2012-02-23 19:14:00,1.33386,1.33388,1.33378,1.33383,1740099945.0683594
2012-02-23 19:15:00,1.33382,1.33389,1.33375,1.33388,2774200134.2773438
2012-02-23 19:16:00,1.33387,1.33393,1.33375,1.33386,2285099945.0683594
2012-02-23 19:17:00,1.33386,1.33398,1.33382,1.33385,1711300048.828125
2012-02-23 19:18:00,1.33386,1.33389,1.33375,1.33375,1015899963.3789062
2012-02-23 19:19:00,1.33375,1.33391,1.33375,1.33384,1118799972.5341797
2012-02-23 19:20:00,1.33383,1.33401,1.33381,1.3339,1759900054.9316406
2012-02-23 19:21:00,1.3339,1.3339,1.33378,1.33379,1411300048.828125
2012-02-23 19:22:00,1.33379,1.33379,1.33353,1.33353,1393999938.9648438
2012-02-23 19:23:00,1.33353,1.33361,1.3335,1.3336,1255699996.9482422
2012-02-23 19:24:00,1.3336,1.33368,1.33353,1.33354,1664100036.6210938
2012-02-23 19:25:00,1.33355,1.33359,1.33352,1.33352,1371699981.6894531
2012-02-23 19:26:00,1.33352,1.33354,1.33349,1.33353,1092099990.8447266
2012-02-23 19:27:00,1.33352,1.33353,1.33348,1.33349,1152099990.8447266
2012-02-23 19:28:00,1.33349,1.33369,1.33339,1.33369,2091799926.7578125
2012-02-23 19:29:00,1.3337,1.33396,1.3337,1.33386,3237000122.0703125
2012-02-23 19:30:00,1.33386,1.33388,1.33374,1.33375,1343200073.2421875
2012-02-23 19:31:00,1.33375,1.33378,1.33366,1.33374,1564400024.4140625
2012-02-23 19:32:00,1.33376,1.33388,1.3337,1.33376,1362500000.0
2012-02-23 19:33:00,1.33376,1.33384,1.33371,1.33375,1995099945.0683594
2012-02-23 19:34:00,1.33372,1.33375,1.33353,1.33361,1325899963.3789062
2012-02-23 19:35:00,1.3336,1.33368,1.3336,1.33366,1092699966.430664
2012-02-23 19:36:00,1.33366,1.33387,1.33364,1.33384,925899963.3789062
2012-02-23 19:37:00,1.33382,1.33394,1.33378,1.33388,1815099945.0683594
2012-02-23 19:38:00,1.3339,1.33397,1.33387,1.33397,1811100006.1035156
2012-02-23 19:39:00,1.33398,1.33402,1.33394,1.33399,1307100067.1386719
2012-02-23 19:40:00,1.334,1.33407,1.33393,1.33395,2212200012.2070312
2012-02-23 19:41:00,1.33395,1.33398,1.33375,1.33379,1665599975.5859375
2012-02-23 19:42:00,1.33378,1.3338,1.33369,1.33376,1797200012.2070312
2012-02-23 19:43:00,1.33379,1.33379,1.33356,1.33357,1436300048.828125
2012-02-23 19:44:00,1.33356,1.33371,1.33351,1.33369,1173499984.741211
2012-02-23 19:45:00,1.33369,1.33377,1.33364,1.3337,793799972.5341797
2012-02-23 19:46:00,1.3337,1.33371,1.33348,1.33354,1621199951.171875
2012-02-23 19:47:00,1.33354,1.33367,1.33349,1.3336,1615700073.2421875
2012-02-23 19:48:00,1.33359,1.33367,1.33351,1.33358,1396300048.828125
2012-02-23 19:49:00,1.33357,1.33371,1.33357,1.33361,792200012.2070312
2012-02-23 19:50:00,1.33365,1.33368,1.33353,1.33355,829899978.6376953
2012-02-23 19:51:00,1.33356,1.33368,1.33356,1.33357,1190500030.5175781
2012-02-23 19:52:00,1.33357,1.33357,1.33348,1.33348,1558399963.3789062
2012-02-23 19:53:00,1.33348,1.33351,1.33348,1.33348,816800003.0517578
2012-02-23 19:54:00,1.33348,1.33357,1.33347,1.3335,974300003.0517578
2012-02-23 19:55:00,1.3335,1.33352,1.33348,1.3335,1295599975.5859375
2012-02-23 19:56:00,1.3335,1.33351,1.33334,1.33339,1644499969.4824219
2012-02-23 19:57:00,1.33339,1.33346,1.33337,1.33337,1521300048.828125
2012-02-23 19:58:00,1.33337,1.33351,1.33337,1.33341,1341600036.6210938
2012-02-23 19:59:00,1.33341,1.3335,1.33338,1.33343,2510500030.517578
2012-02-23 20:00:00,1.33343,1.33371,1.33342,1.33362,1885299987.7929688
2012-02-23 20:01:00,1.33361,1.3338,1.33359,1.33378,2259400024.4140625
2012-02-23 20:02:00,1.33377,1.33392,1.33376,1.3338,1771000061.0351562
2012-02-23 20:03:00,1.33381,1.33388,1.33371,1.33374,1308699951.171875
2012-02-23 20:04:00,1.33377,1.33388,1.33377,1.33385,962300033.5693359
2012-02-23 20:05:00,1.33384,1.33392,1.33381,1.33392,1425800018.3105469
2012-02-23 20:06:00,1.3339,1.33405,1.33386,1.33405,1131200027.4658203
2012-02-23 20:07:00,1.33407,1.33419,1.33403,1.33419,1689499969.4824219
2012-02-23 20:08:00,1.33419,1.33444,1.33413,1.33428,2287700042.7246094
2012-02-23 20:09:00,1.33433,1.33448,1.33428,1.33448,1843000030.5175781
2012-02-23 20:10:00,1.33448,1.33544,1.33447,1.33544,4169100036.6210938
2012-02-23 20:11:00,1.33545,1.3365,1.33543,1.3363,3754400024.4140625
2012-02-23 20:12:00,1.33628,1.33669,1.33622,1.33661,2671300048.828125
2012-02-23 20:13:00,1.33664,1.33676,1.33657,1.33676,1338200073.2421875
2012-02-23 20:14:00,1.33678,1.33715,1.33676,1.33679,3235000000.0
2012-02-23 20:15:00,1.33679,1.33697,1.33662,1.33667,2139900054.9316406
2012-02-23 20:16:00,1.33666,1.33697,1.33665,1.33686,2192299957.2753906
2012-02-23 20:17:00,1.33686,1.33713,1.33677,1.33682,1975000000.0
2012-02-23 20:18:00,1.33683,1.33707,1.33683,1.33691,1588200073.2421875
2012-02-23 20:19:00,1.33688,1.3369,1.33658,1.33663,1689499969.4824219
2012-02-23 20:20:00,1.33663,1.33666,1.33641,1.33648,1839400024.4140625
2012-02-23 20:21:00,1.33649,1.33669,1.33648,1.33648,1877200012.2070312
2012-02-23 20:22:00,1.33646,1.33654,1.33641,1.33646,1465500030.5175781
2012-02-23 20:23:00,1.33646,1.33683,1.3364,1.33683,1795099945.0683594
2012-02-23 20:24:00,1.33684,1.33707,1.33671,1.33676,1841699981.6894531
2012-02-23 20:25:00,1.33674,1.33675,1.33665,1.33667,1649799957.2753906
2012-02-23 20:26:00,1.33668,1.33678,1.33639,1.33639,1514900054.9316406
2012-02-23 20:27:00,1.3364,1.3366,1.33638,1.33645,1288899993.8964844
2012-02-23 20:28:00,1.33647,1.33656,1.33623,1.33626,1164599990.8447266
2012-02-23 20:29:00,1.33626,1.33653,1.33625,1.3365,1301900024.4140625
2012-02-23 20:30:00,1.3365,1.3365,1.33622,1.33631,2018500061.0351562
2012-02-23 20:31:00,1.33631,1.33648,1.33627,1.33642,1315000000.0
2012-02-23 20:32:00,1.33641,1.33648,1.33619,1.33625,1644299926.7578125
2012-02-23 20:33:00,1.33624,1.33624,1.33614,1.33617,1498099975.5859375
2012-02-23 20:34:00,1.33622,1.3364,1.33618,1.33638,1404100036.6210938
2012-02-23 20:35:00,1.3364,1.33672,1.33638,1.3367,1077099990.8447266
2012-02-23 20:36:00,1.3367,1.33678,1.3366,1.33672,1324400024.4140625
2012-02-23 20:37:00,1.33672,1.33672,1.33646,1.33649,1410399932.8613281
2012-02-23 20:38:00,1.3365,1.33676,1.3365,1.33664,1052399978.6376953
2012-02-23 20:39:00,1.33662,1.33671,1.33658,1.33669,1076800003.0517578
2012-02-23 20:40:00,1.33667,1.3368,1.33667,1.33672,865899963.3789062
2012-02-23 20:41:00,1.33672,1.33683,1.33667,1.33683,830299987.7929688
2012-02-23 20:42:00,1.33683,1.33694,1.33679,1.33694,871699981.6894531
2012-02-23 20:43:00,1.33696,1.33705,1.33691,1.33691,1224199981.6894531
2012-02-23 20:44:00,1.3369,1.33711,1.33675,1.33705,2076100006.1035156
2012-02-23 20:45:00,1.33709,1.33709,1.3367,1.33676,1790500030.5175781
2012-02-23 20:46:00,1.33676,1.33678,1.33662,1.33675,1790399932.8613281
2012-02-23 20:47:00,1.33674,1.33675,1.33639,1.3365,1401300048.828125
2012-02-23 20:48:00,1.33651,1.33676,1.33647,1.33667,1284499969.4824219
2012-02-23 20:49:00,1.33667,1.3367,1.33657,1.33659,634900016.784668
2012-02-23 20:50:00,1.33659,1.33663,1.33651,1.33653,1673000030.5175781
2012-02-23 20:51:00,1.33651,1.33667,1.3365,1.33652,844700012.2070312
2012-02-23 20:52:00,1.3365,1.3365,1.33638,1.33646,1033199996.9482422
2012-02-23 20:53:00,1.33646,1.33651,1.33644,1.3365,1117200012.2070312
2012-02-23 20:54:00,1.3365,1.33659,1.33643,1.33659,1099400024.4140625
2012-02-23 20:55:00,1.33661,1.33681,1.33659,1.33681,1080500030.5175781
2012-02-23 20:56:00,1.33681,1.33683,1.33676,1.3368,1661600036.6210938
2012-02-23 20:57:00,1.3368,1.33718,1.3368,1.33716,2443500061.0351562
2012-02-23 20:58:00,1.33716,1.33723,1.33704,1.33706,2292899932.861328
2012-02-23 20:59:00,1.33709,1.3371,1.33689,1.33703,695000000.0
2012-02-23 21:00:00,1.33704,1.33711,1.33688,1.337,1170299987.7929688
2012-02-23 21:01:00,1.33696,1.337,1.3369,1.3369,730699996.9482422
2012-02-23 21:02:00,1.3369,1.33692,1.33673,1.33673,1080800018.3105469
2012-02-23 21:03:00,1.33673,1.33686,1.33673,1.33686,448899993.8964844
2012-02-23 21:04:00,1.33686,1.33694,1.33682,1.33694,573499984.7412109
2012-02-23 21:05:00,1.33694,1.33694,1.3368,1.33684,1238000030.5175781
2012-02-23 21:06:00,1.33682,1.33682,1.33669,1.33675,925599975.5859375
2012-02-23 21:07:00,1.33675,1.33678,1.33669,1.33669,828399963.3789062
2012-02-23 21:08:00,1.33666,1.33667,1.33658,1.33658,585800018.3105469
2012-02-23 21:09:00,1.33659,1.33662,1.33653,1.33662,834899978.6376953
2012-02-23 21:10:00,1.33662,1.33663,1.33652,1.33661,960299987.7929688
2012-02-23 21:11:00,1.33661,1.33674,1.3366,1.33664,1359400024.4140625
2012-02-23 21:12:00,1.33664,1.33665,1.33653,1.33657,1042500000.0
2012-02-23 21:13:00,1.33657,1.33664,1.33657,1.3366,682300033.5693359
2012-02-23 21:14:00,1.3366,1.33665,1.3366,1.33665,644800033.5693359
2012-02-23 21:15:00,1.33665,1.3367,1.33662,1.3367,735199966.4306641
2012-02-23 21:16:00,1.3367,1.33682,1.33667,1.33679,793000030.5175781
2012-02-23 21:17:00,1.33679,1.33692,1.33679,1.33687,905999984.7412109
2012-02-23 21:18:00,1.33689,1.33689,1.33677,1.33687,1036100006.1035156
2012-02-23 21:19:00,1.33686,1.33689,1.33684,1.33689,180000000.0
2012-02-23 21:20:00,1.33689,1.33718,1.33689,1.33718,649300003.0517578
2012-02-23 21:21:00,1.33717,1.3372,1.33717,1.33719,405299987.79296875
2012-02-23 21:22:00,1.33719,1.33721,1.3371,1.33716,853600006.1035156
2012-02-23 21:23:00,1.33716,1.3373,1.33714,1.33721,1333800048.828125
2012-02-23 21:24:00,1.33721,1.33732,1.33715,1.33724,993199996.9482422
2012-02-23 21:25:00,1.33722,1.33723,1.33711,1.33717,634000015.2587891
2012-02-23 21:26:00,1.33716,1.33718,1.33712,1.33716,745999984.7412109
2012-02-23 21:27:00,1.33716,1.33739,1.33716,1.33734,1154599990.8447266
2012-02-23 21:28:00,1.33734,1.33734,1.33723,1.33726,563499984.7412109
2012-02-23 21:29:00,1.33726,1.33733,1.33724,1.33733,415000000.0
2012-02-23 21:30:00,1.33733,1.33739,1.33732,1.33734,843300018.3105469
2012-02-23 21:31:00,1.33732,1.33733,1.33724,1.33732,753199996.9482422
2012-02-23 21:32:00,1.33732,1.33774,1.33732,1.33771,1729799957.2753906
2012-02-23 21:33:00,1.33771,1.33778,1.33766,1.33774,934499969.4824219
2012-02-23 21:34:00,1.33776,1.33777,1.33769,1.3377,978899993.8964844
2012-02-23 21:35:00,1.3377,1.33779,1.33768,1.33769,1070899963.3789062
2012-02-23 21:36:00,1.33769,1.33769,1.33749,1.3375,1093000030.5175781
2012-02-23 21:37:00,1.3375,1.33754,1.33748,1.33754,394900016.78466797
2012-02-23 21:38:00,1.33754,1.33758,1.33751,1.33752,455499992.37060547
2012-02-23 21:39:00,1.33751,1.3376,1.33751,1.3376,608699989.3188477
2012-02-23 21:40:00,1.3376,1.33768,1.33755,1.33762,1113799972.5341797
2012-02-23 21:41:00,1.33765,1.33769,1.33763,1.33768,352799987.79296875
2012-02-23 21:42:00,1.33767,1.33767,1.33763,1.33765,253899993.89648438
2012-02-23 21:43:00,1.33761,1.33767,1.33761,1.33767,397400016.78466797
2012-02-23 21:44:00,1.33767,1.33767,1.33744,1.3375,1379400024.4140625
2012-02-23 21:45:00,1.3375,1.33756,1.3374,1.33756,850800018.3105469
2012-02-23 21:46:00,1.33756,1.33757,1.3375,1.33751,694400024.4140625
2012-02-23 21:47:00,1.33755,1.33757,1.3375,1.33753,706299972.5341797
2012-02-23 21:48:00,1.33755,1.33755,1.33747,1.33747,489399986.26708984
2012-02-23 21:49:00,1.33746,1.33751,1.33741,1.33745,617299995.4223633
2012-02-23 21:50:00,1.33745,1.33748,1.33714,1.33715,1214100036.6210938
2012-02-23 21:51:00,1.33714,1.33735,1.33712,1.3373,1296699981.6894531
2012-02-23 21:52:00,1.33729,1.33745,1.33729,1.33734,1502200012.2070312
2012-02-23 21:53:00,1.33733,1.33733,1.33722,1.33725,537799987.7929688
2012-02-23 21:54:00,1.33727,1.33728,1.33706,1.33706,632700004.5776367
2012-02-23 21:55:00,1.33703,1.33703,1.33681,1.33687,1041800003.0517578
2012-02-23 21:56:00,1.33684,1.33692,1.33682,1.33692,586500015.2587891
2012-02-23 21:57:00,1.33692,1.33696,1.33686,1.33686,412999992.37060547
2012-02-23 21:58:00,1.33685,1.33698,1.33685,1.33694,812300033.5693359
2012-02-23 21:59:00,1.33695,1.33713,1.33689,1.33707,637700004.5776367
2012-02-23 22:00:00,1.33707,1.33712,1.33672,1.33695,562999992.3706055
2012-02-23 22:01:00,1.33689,1.33696,1.33686,1.33688,118800001.14440918
2012-02-23 22:02:00,1.33687,1.33696,1.33682,1.33686,243999996.18530273
2012-02-23 22:03:00,1.33686,1.33686,1.33682,1.33684,93999996.18530273
2012-02-23 22:04:00,1.33682,1.33688,1.33682,1.33682,86300001.14440918
2012-02-23 22:05:00,1.3368,1.3368,1.3367,1.33671,69600000.38146973
2012-02-23 22:06:00,1.33671,1.33679,1.33667,1.33671,175900001.5258789
2012-02-23 22:07:00,1.33671,1.33671,1.33665,1.33667,58200001.71661377
2012-02-23 22:08:00,1.33671,1.33671,1.33671,1.33671,125799999.23706055
2012-02-23 22:09:00,1.33671,1.33681,1.3367,1.33681,215799999.23706055
2012-02-23 22:10:00,1.33681,1.33686,1.33674,1.33685,192600002.28881836
2012-02-23 22:11:00,1.33686,1.33686,1.33683,1.33683,52800002.098083496
2012-02-23 22:12:00,1.33684,1.33686,1.33684,1.33686,35899999.141693115
2012-02-23 22:13:00,1.33686,1.33693,1.3368,1.33693,219899997.71118164
2012-02-23 22:14:00,1.33691,1.33703,1.33691,1.33695,117700004.57763672
2012-02-23 22:15:00,1.33697,1.33702,1.33696,1.33699,170900001.5258789
2012-02-23 22:16:00,1.33698,1.337,1.33696,1.33696,58400001.525878906
2012-02-23 22:17:00,1.33694,1.33698,1.33682,1.33684,150399999.61853027
2012-02-23 22:18:00,1.33686,1.33688,1.33685,1.33685,37500000.0
2012-02-23 22:19:00,1.33687,1.33703,1.33686,1.33702,135100002.28881836
2012-02-23 22:20:00,1.337,1.33707,1.33689,1.33696,559799995.4223633
2012-02-23 22:21:00,1.33696,1.33696,1.33672,1.33675,482099990.84472656
2012-02-23 22:22:00,1.33673,1.33673,1.33671,1.33671,60000000.0
2012-02-23 22:23:00,1.33671,1.33672,1.33663,1.33663,262900009.15527344
2012-02-23 22:24:00,1.33663,1.33663,1.3365,1.33655,568699989.3188477
2012-02-23 22:25:00,1.33656,1.33656,1.33648,1.33648,159499998.09265137
2012-02-23 22:26:00,1.33649,1.33659,1.33649,1.33659,377500000.0
2012-02-23 22:27:00,1.33658,1.3366,1.33657,1.3366,199200000.76293945
2012-02-23 22:28:00,1.33663,1.33669,1.33663,1.33669,182299995.42236328
2012-02-23 22:29:00,1.33672,1.33682,1.33668,1.33673,790299987.7929688
2012-02-23 22:30:00,1.33673,1.33692,1.33673,1.33691,766500015.2587891
2012-02-23 22:31:00,1.33691,1.33696,1.33689,1.33689,563300018.3105469
2012-02-23 22:32:00,1.33688,1.33707,1.33681,1.33707,800100021.3623047
2012-02-23 22:33:00,1.33707,1.33707,1.33696,1.33697,395900001.5258789
2012-02-23 22:34:00,1.33701,1.33701,1.33689,1.33689,281499996.18530273
2012-02-23 22:35:00,1.33688,1.33689,1.33673,1.33679,227299995.42236328
2012-02-23 22:36:00,1.33679,1.33694,1.33678,1.33688,236299991.60766602
2012-02-23 22:37:00,1.33688,1.33705,1.33688,1.33704,672600021.3623047
2012-02-23 22:38:00,1.33706,1.33722,1.33706,1.33716,678899993.8964844
2012-02-23 22:39:00,1.33715,1.33723,1.33715,1.33723,352999992.37060547
2012-02-23 22:40:00,1.33723,1.33735,1.33723,1.33727,689899978.6376953
2012-02-23 22:41:00,1.33734,1.33776,1.33729,1.33759,1891600036.6210938
2012-02-23 22:42:00,1.33759,1.3376,1.33748,1.33751,543800010.6811523
2012-02-23 22:43:00,1.33754,1.33759,1.33744,1.33745,537500000.0
2012-02-23 22:44:00,1.33744,1.33745,1.33728,1.3373,973799972.5341797
2012-02-23 22:45:00,1.33729,1.3373,1.3372,1.3372,931699981.6894531
2012-02-23 22:46:00,1.33718,1.33728,1.33709,1.33719,1076600036.6210938
2012-02-23 22:47:00,1.33719,1.33733,1.33716,1.33728,1054300003.0517578
2012-02-23 22:48:00,1.33728,1.33738,1.33717,1.33721,697600021.3623047
2012-02-23 22:49:00,1.33721,1.33721,1.33703,1.33714,536500015.25878906
2012-02-23 22:50:00,1.33715,1.33735,1.33704,1.33712,1721000061.0351562
2012-02-23 22:51:00,1.33712,1.33726,1.33711,1.33719,1133499984.741211
2012-02-23 22:52:00,1.33721,1.33736,1.33721,1.33735,760199966.4306641
2012-02-23 22:53:00,1.33737,1.33744,1.33724,1.33731,1095299987.7929688
2012-02-23 22:54:00,1.33731,1.33735,1.3373,1.33731,281399993.8964844
2012-02-23 22:55:00,1.33731,1.33732,1.33731,1.33732,330400009.15527344
2012-02-23 22:56:00,1.33731,1.33731,1.33721,1.33721,375400009.15527344
2012-02-23 22:57:00,1.3372,1.3372,1.33703,1.33703,387700004.5776367
2012-02-23 22:58:00,1.33703,1.33725,1.33703,1.33724,886500015.2587891
2012-02-23 22:59:00,1.33724,1.33743,1.33716,1.33742,649800033.5693359
2012-02-23 23:00:00,1.33744,1.33744,1.33717,1.33723,1265400009.1552734
2012-02-23 23:01:00,1.33723,1.33732,1.33721,1.33729,1210800018.3105469
2012-02-23 23:02:00,1.33729,1.3373,1.3372,1.33724,1054599990.8447266
2012-02-23 23:03:00,1.33724,1.33726,1.33702,1.33704,870400009.1552734
2012-02-23 23:04:00,1.33703,1.33704,1.33672,1.33672,1356600036.6210938
2012-02-23 23:05:00,1.33669,1.33711,1.33663,1.33711,1780899963.3789062
2012-02-23 23:06:00,1.33708,1.33717,1.33707,1.33716,673799972.5341797
2012-02-23 23:07:00,1.33716,1.33725,1.33701,1.33708,1157900009.1552734
2012-02-23 23:08:00,1.33706,1.33717,1.33701,1.33716,742600021.3623047
2012-02-23 23:09:00,1.33714,1.33718,1.3371,1.33711,1194400024.4140625
2012-02-23 23:10:00,1.33714,1.3373,1.33711,1.33715,2151799926.7578125
2012-02-23 23:11:00,1.33715,1.33717,1.33709,1.33709,330000000.0
2012-02-23 23:12:00,1.3371,1.3371,1.33696,1.33698,1417599945.0683594
2012-02-23 23:13:00,1.337,1.33704,1.33696,1.33696,541899986.2670898
2012-02-23 23:14:00,1.33698,1.33702,1.33689,1.33689,866500015.2587891
2012-02-23 23:15:00,1.3369,1.33706,1.33689,1.33701,1494499969.4824219
2012-02-23 23:16:00,1.33701,1.33707,1.33697,1.33707,720100021.3623047
2012-02-23 23:17:00,1.33708,1.33716,1.33708,1.33716,360000000.0
2012-02-23 23:18:00,1.33716,1.33729,1.33708,1.33719,1361600036.6210938
2012-02-23 23:19:00,1.33719,1.33719,1.3371,1.3371,774800033.5693359
2012-02-23 23:20:00,1.33711,1.33716,1.33701,1.33704,1262699966.430664
2012-02-23 23:21:00,1.33703,1.33725,1.33703,1.33712,1129599990.8447266
2012-02-23 23:22:00,1.33715,1.33723,1.33707,1.33721,2288600006.1035156
2012-02-23 23:23:00,1.33721,1.33731,1.3372,1.33721,1045899963.3789062
2012-02-23 23:24:00,1.33721,1.33731,1.33718,1.3373,1024499969.4824219
2012-02-23 23:25:00,1.33728,1.33739,1.33721,1.33724,1449100036.6210938
2012-02-23 23:26:00,1.33725,1.33725,1.33722,1.33722,207000007.62939453
2012-02-23 23:27:00,1.33721,1.33728,1.33716,1.33721,1052500000.0
2012-02-23 23:28:00,1.33719,1.3372,1.33713,1.33713,474500007.62939453
2012-02-23 23:29:00,1.33713,1.33713,1.33713,1.33713,54000000.95367432
2012-02-23 23:30:00,1.33716,1.33725,1.33702,1.33716,1335099945.0683594
2012-02-23 23:31:00,1.33716,1.33725,1.33708,1.33718,1504900054.9316406
2012-02-23 23:32:00,1.3372,1.33731,1.33718,1.33731,1123700027.4658203
2012-02-23 23:33:00,1.33731,1.33737,1.33729,1.33731,514700012.20703125
2012-02-23 23:34:00,1.33731,1.33734,1.33725,1.33728,1297400054.9316406
2012-02-23 23:35:00,1.33728,1.33732,1.33727,1.33729,398699989.31884766
2012-02-23 23:36:00,1.33729,1.33729,1.33721,1.33723,388199996.9482422
2012-02-23 23:37:00,1.33723,1.33725,1.33713,1.33716,743799972.5341797
2012-02-23 23:38:00,1.33717,1.33724,1.33715,1.33719,736399993.8964844
2012-02-23 23:39:00,1.33722,1.33735,1.33716,1.33728,805699996.9482422
2012-02-23 23:40:00,1.33726,1.33729,1.33714,1.33715,630800018.3105469
2012-02-23 23:41:00,1.33715,1.33715,1.33704,1.33706,654400024.4140625
2012-02-23 23:42:00,1.33707,1.3372,1.33706,1.33718,1040599975.5859375
2012-02-23 23:43:00,1.33718,1.33721,1.33704,1.33704,944700012.2070312
2012-02-23 23:44:00,1.33703,1.33714,1.337,1.33714,755100021.3623047
2012-02-23 23:45:00,1.33714,1.33718,1.33711,1.33714,527900009.15527344
2012-02-23 23:46:00,1.33713,1.33713,1.33701,1.33712,599300003.0517578
2012-02-23 23:47:00,1.33708,1.33712,1.33708,1.33712,300200004.5776367
2012-02-23 23:48:00,1.3371,1.3371,1.33707,1.33708,219599990.84472656
2012-02-23 23:49:00,1.33709,1.3371,1.33709,1.3371,226900005.34057617
2012-02-23 23:50:00,1.3371,1.3371,1.33706,1.33708,309799995.4223633
2012-02-23 23:51:00,1.33711,1.33711,1.33695,1.33695,601699981.6894531
2012-02-23 23:52:00,1.33695,1.33713,1.33695,1.33711,822200012.2070312
2012-02-23 23:53:00,1.3371,1.33711,1.33699,1.33704,1016900024.4140625
2012-02-23 23:54:00,1.33703,1.33711,1.33696,1.33711,775699996.9482422
2012-02-23 23:55:00,1.33711,1.33711,1.33693,1.33711,980699996.9482422
2012-02-23 23:56:00,1.3371,1.33723,1.3371,1.33713,1035100021.3623047
2012-02-23 23:57:00,1.33713,1.33732,1.3371,1.33729,1213000030.5175781
2012-02-23 23:58:00,1.33729,1.33733,1.33721,1.33733,819100036.6210938
2012-02-23 23:59:00,1.33732,1.33739,1.33726,1.33739,1123700027.4658203
2012-02-24 00:00:00,1.33737,1.33757,1.33731,1.33731,2744299926.7578125
2012-02-24 00:01:00,1.33731,1.33731,1.337,1.33703,1747200012.2070312
2012-02-24 00:02:00,1.33707,1.33712,1.33684,1.33694,1846999969.4824219
2012-02-24 00:03:00,1.33698,1.33703,1.33688,1.33697,1307899932.8613281
2012-02-24 00:04:00,1.33697,1.33705,1.33676,1.33701,2037100067.1386719
2012-02-24 00:05:00,1.33702,1.33706,1.33684,1.33706,1248300018.3105469
2012-02-24 00:06:00,1.33708,1.33708,1.33671,1.33675,2211999969.482422
2012-02-24 00:07:00,1.33675,1.33675,1.33661,1.33671,1235100021.3623047
2012-02-24 00:08:00,1.33671,1.33692,1.33671,1.33686,1672700042.7246094
2012-02-24 00:09:00,1.33686,1.33688,1.3368,1.33682,1115699996.9482422
2012-02-24 00:10:00,1.33682,1.33684,1.33672,1.33683,852500000.0
2012-02-24 00:11:00,1.33683,1.33685,1.33673,1.33685,1086299972.5341797
2012-02-24 00:12:00,1.33685,1.33685,1.33669,1.33671,1277399978.6376953
2012-02-24 00:13:00,1.33672,1.33693,1.3367,1.33683,742300033.5693359
2012-02-24 00:14:00,1.33685,1.33697,1.33685,1.33695,1123399963.3789062
2012-02-24 00:15:00,1.33695,1.33699,1.33695,1.33697,504199981.6894531
2012-02-24 00:16:00,1.337,1.33705,1.33698,1.33703,537400016.784668
2012-02-24 00:17:00,1.33703,1.33713,1.337,1.33707,634399986.2670898
2012-02-24 00:18:00,1.33711,1.33712,1.3368,1.33712,1374100036.6210938
2012-02-24 00:19:00,1.33712,1.33716,1.3369,1.33692,1930099945.0683594
2012-02-24 00:20:00,1.33692,1.33702,1.33673,1.33676,1651600036.6210938
2012-02-24 00:21:00,1.33675,1.33679,1.33669,1.33679,1277099990.8447266
2012-02-24 00:22:00,1.33679,1.337,1.33679,1.33686,1960200042.7246094
2012-02-24 00:23:00,1.33688,1.33699,1.33683,1.33689,1270400009.1552734
2012-02-24 00:24:00,1.33689,1.33691,1.33677,1.33679,994199981.6894531
2012-02-24 00:25:00,1.33679,1.3369,1.33679,1.33687,795000000.0
2012-02-24 00:26:00,1.33685,1.33685,1.3367,1.33672,837099990.8447266
2012-02-24 00:27:00,1.33672,1.33672,1.33661,1.33664,699700012.2070312
2012-02-24 00:28:00,1.33664,1.33667,1.3365,1.33667,1046399993.8964844
2012-02-24 00:29:00,1.33667,1.33674,1.33664,1.33668,598300018.3105469
2012-02-24 00:30:00,1.33666,1.33682,1.33665,1.33665,1426000061.0351562
2012-02-24 00:31:00,1.33666,1.33679,1.33665,1.33677,710199966.4306641
2012-02-24 00:32:00,1.33677,1.3368,1.33666,1.33675,655899963.3789062
2012-02-24 00:33:00,1.33677,1.33685,1.33672,1.33682,933399963.3789062
2012-02-24 00:34:00,1.33682,1.33684,1.33661,1.33673,926600036.6210938
2012-02-24 00:35:00,1.33673,1.33681,1.33673,1.33681,592000007.6293945
2012-02-24 00:36:00,1.33681,1.33681,1.33672,1.33674,617299995.4223633
2012-02-24 00:37:00,1.33674,1.33684,1.33671,1.33677,1012399978.6376953
2012-02-24 00:38:00,1.33678,1.3368,1.33675,1.33678,297500000.0
2012-02-24 00:39:00,1.33681,1.33682,1.33679,1.33681,248600006.10351562
2012-02-24 00:40:00,1.33679,1.33688,1.33679,1.33683,681100006.1035156
2012-02-24 00:41:00,1.33682,1.33682,1.33671,1.33675,610200004.5776367
2012-02-24 00:42:00,1.33674,1.33679,1.33669,1.33674,520999984.74121094
2012-02-24 00:43:00,1.33677,1.33686,1.33674,1.33674,443899993.8964844
2012-02-24 00:44:00,1.33674,1.33687,1.33667,1.33683,1059899978.6376953
2012-02-24 00:45:00,1.33683,1.33685,1.3368,1.33684,487500000.0
2012-02-24 00:46:00,1.33684,1.33699,1.33684,1.33686,946999969.4824219
2012-02-24 00:47:00,1.33688,1.33697,1.33684,1.33695,952500000.0
2012-02-24 00:48:00,1.33695,1.33701,1.33684,1.33688,1481999969.4824219
2012-02-24 00:49:00,1.33688,1.33701,1.33688,1.33701,498300018.3105469
2012-02-24 00:50:00,1.33699,1.33699,1.33676,1.33685,1315700073.2421875
2012-02-24 00:51:00,1.33687,1.33693,1.33679,1.3369,712699966.4306641
2012-02-24 00:52:00,1.33689,1.33702,1.33689,1.33692,865400009.1552734
2012-02-24 00:53:00,1.33692,1.33696,1.33692,1.33696,629000015.2587891
2012-02-24 00:54:00,1.33696,1.33725,1.33696,1.33725,960400009.1552734
2012-02-24 00:55:00,1.33725,1.33725,1.33712,1.33713,1584700012.2070312
2012-02-24 00:56:00,1.33713,1.33715,1.33709,1.33713,735899963.3789062
2012-02-24 00:57:00,1.33713,1.33717,1.33695,1.33702,1327899932.8613281
2012-02-24 00:58:00,1.33704,1.33708,1.33697,1.33705,1223399963.3789062
2012-02-24 00:59:00,1.33706,1.33736,1.33703,1.33716,1979700012.2070312
2012-02-24 01:00:00,1.33717,1.33717,1.33703,1.3371,1764799957.2753906
2012-02-24 01:01:00,1.3371,1.33718,1.33701,1.33702,878700027.4658203
2012-02-24 01:02:00,1.33704,1.33745,1.33704,1.3374,1764400024.4140625
2012-02-24 01:03:00,1.33741,1.33749,1.33732,1.33736,2126399993.8964844
2012-02-24 01:04:00,1.33735,1.33735,1.33717,1.33717,1246500015.258789
2012-02-24 01:05:00,1.33717,1.33727,1.33711,1.33719,1250299987.7929688
2012-02-24 01:06:00,1.33719,1.33733,1.33712,1.33733,875500030.5175781
2012-02-24 01:07:00,1.33733,1.33743,1.33724,1.33741,1105999984.741211
2012-02-24 01:08:00,1.3374,1.3374,1.3373,1.3373,665100021.3623047
2012-02-24 01:09:00,1.33732,1.33743,1.33732,1.33742,897399978.6376953
2012-02-24 01:10:00,1.33745,1.33749,1.33727,1.33733,1540599975.5859375
2012-02-24 01:11:00,1.33734,1.3374,1.33725,1.33736,1128099975.5859375
2012-02-24 01:12:00,1.33736,1.33743,1.3373,1.33739,1153799972.5341797
2012-02-24 01:13:00,1.33739,1.33741,1.33732,1.33737,656500015.2587891
2012-02-24 01:14:00,1.33735,1.33739,1.3372,1.33721,612099990.8447266
2012-02-24 01:15:00,1.33721,1.33725,1.33699,1.33699,1119300003.0517578
2012-02-24 01:16:00,1.33699,1.33732,1.33699,1.33731,952699966.4306641
2012-02-24 01:17:00,1.33731,1.33741,1.33727,1.33738,357599983.21533203
2012-02-24 01:18:00,1.33738,1.33773,1.33738,1.33773,682399978.6376953
2012-02-24 01:19:00,1.33773,1.33778,1.33762,1.33774,1946399993.8964844
2012-02-24 01:20:00,1.33776,1.33783,1.33766,1.3378,1422799987.7929688
2012-02-24 01:21:00,1.3378,1.33791,1.33773,1.33783,1444400024.4140625
2012-02-24 01:22:00,1.33783,1.33783,1.33763,1.33777,1511499938.9648438
2012-02-24 01:23:00,1.33777,1.3379,1.33776,1.33776,1570599975.5859375
2012-02-24 01:24:00,1.33776,1.33777,1.33756,1.33757,701600036.6210938
2012-02-24 01:25:00,1.33757,1.33766,1.33749,1.33763,1141200027.4658203
2012-02-24 01:26:00,1.33762,1.33762,1.33749,1.33755,818700027.4658203
2012-02-24 01:27:00,1.33753,1.33757,1.33738,1.33742,1548699951.171875
2012-02-24 01:28:00,1.33743,1.33752,1.33719,1.3372,1808099975.5859375
2012-02-24 01:29:00,1.33719,1.33734,1.33718,1.33723,851800003.0517578
2012-02-24 01:30:00,1.33724,1.33725,1.33708,1.33714,1552100067.1386719
2012-02-24 01:31:00,1.33714,1.33715,1.33698,1.33704,757900009.1552734
2012-02-24 01:32:00,1.33704,1.33718,1.33699,1.33714,1453200073.2421875
2012-02-24 01:33:00,1.33713,1.33726,1.33709,1.33709,1093199996.9482422
2012-02-24 01:34:00,1.33709,1.33711,1.33695,1.33705,1446900024.4140625
2012-02-24 01:35:00,1.33705,1.33705,1.337,1.337,569000015.2587891
2012-02-24 01:36:00,1.337,1.33719,1.33698,1.33698,1181399993.8964844
2012-02-24 01:37:00,1.33696,1.337,1.33687,1.3369,813700027.4658203
2012-02-24 01:38:00,1.33691,1.33709,1.33669,1.33669,1327100067.1386719
2012-02-24 01:39:00,1.3367,1.33676,1.33668,1.33673,691699981.6894531
2012-02-24 01:40:00,1.33673,1.33673,1.3367,1.33672,487400016.78466797
2012-02-24 01:41:00,1.33672,1.33687,1.3367,1.33674,1272399978.6376953
2012-02-24 01:42:00,1.33674,1.33682,1.33663,1.33664,918899993.8964844
2012-02-24 01:43:00,1.33664,1.33674,1.33662,1.33671,1273799972.5341797
2012-02-24 01:44:00,1.33671,1.33692,1.33671,1.33692,1038899993.8964844
2012-02-24 01:45:00,1.33693,1.33697,1.33679,1.33679,717200012.2070312
2012-02-24 01:46:00,1.3368,1.3368,1.33667,1.33677,793199996.9482422
2012-02-24 01:47:00,1.33677,1.33677,1.33654,1.33673,1259199981.6894531
2012-02-24 01:48:00,1.33673,1.33688,1.33673,1.33688,1115500030.5175781
2012-02-24 01:49:00,1.33688,1.33708,1.33687,1.33708,699000015.2587891
2012-02-24 01:50:00,1.33708,1.33726,1.33699,1.33723,1182699966.430664
2012-02-24 01:51:00,1.33721,1.33721,1.33709,1.33711,521599998.4741211
2012-02-24 01:52:00,1.33711,1.33714,1.33689,1.33691,1034100036.6210938
2012-02-24 01:53:00,1.33688,1.33688,1.3367,1.3367,929000015.2587891
2012-02-24 01:54:00,1.3367,1.33681,1.33661,1.33673,699300003.0517578
2012-02-24 01:55:00,1.33673,1.33676,1.33664,1.33669,1073000030.5175781
2012-02-24 01:56:00,1.33669,1.33689,1.33669,1.3368,949599990.8447266
2012-02-24 01:57:00,1.3368,1.33692,1.33664,1.33692,957500000.0
2012-02-24 01:58:00,1.33692,1.33693,1.33688,1.33689,467200012.20703125
2012-02-24 01:59:00,1.33689,1.33703,1.33687,1.33703,780100021.3623047
2012-02-24 02:00:00,1.33705,1.33712,1.33705,1.33709,1451699981.6894531
2012-02-24 02:01:00,1.3371,1.3371,1.33694,1.33703,836699981.6894531
2012-02-24 02:02:00,1.33702,1.33718,1.33699,1.33699,1011600036.6210938
2012-02-24 02:03:00,1.33698,1.33698,1.33687,1.33697,341500015.25878906
2012-02-24 02:04:00,1.33697,1.33698,1.33691,1.33691,475699996.9482422
2012-02-24 02:05:00,1.33693,1.33702,1.33693,1.337,283199996.9482422
2012-02-24 02:06:00,1.337,1.33705,1.33694,1.33694,900100021.3623047
2012-02-24 02:07:00,1.33695,1.33696,1.3369,1.3369,470200004.5776367
2012-02-24 02:08:00,1.33691,1.33698,1.3369,1.33696,476399993.8964844
2012-02-24 02:09:00,1.33695,1.33732,1.33695,1.33732,966200027.4658203
2012-02-24 02:10:00,1.33729,1.33734,1.33723,1.33724,998899993.8964844
2012-02-24 02:11:00,1.33724,1.33733,1.33724,1.3373,955699996.9482422
2012-02-24 02:12:00,1.3373,1.33735,1.33725,1.33728,685699996.9482422
2012-02-24 02:13:00,1.33728,1.33756,1.33728,1.3374,1001900024.4140625
2012-02-24 02:14:00,1.3374,1.33752,1.33739,1.3375,494900016.78466797
2012-02-24 02:15:00,1.33752,1.33752,1.33719,1.3373,1281900024.4140625
2012-02-24 02:16:00,1.33732,1.33734,1.33718,1.33718,800100021.3623047
2012-02-24 02:17:00,1.33718,1.33723,1.33718,1.33722,326300010.68115234
2012-02-24 02:18:00,1.33722,1.33722,1.33715,1.33715,327999992.37060547
2012-02-24 02:19:00,1.33717,1.33733,1.33712,1.33723,462200012.20703125
2012-02-24 02:20:00,1.33723,1.33723,1.33716,1.33716,382700004.5776367
2012-02-24 02:21:00,1.33715,1.33716,1.3371,1.3371,1233700027.4658203
2012-02-24 02:22:00,1.3371,1.33713,1.33701,1.33705,884199981.6894531
2012-02-24 02:23:00,1.33703,1.33703,1.33675,1.33678,1128000030.5175781
2012-02-24 02:24:00,1.33678,1.33701,1.33677,1.33696,823399963.3789062
2012-02-24 02:25:00,1.33694,1.33708,1.33694,1.33696,737200012.2070312
2012-02-24 02:26:00,1.33698,1.33698,1.33681,1.33681,283400001.5258789
2012-02-24 02:27:00,1.33684,1.33688,1.33682,1.33688,220799999.23706055
2012-02-24 02:28:00,1.33688,1.33701,1.33688,1.33692,465900001.5258789
2012-02-24 02:29:00,1.33692,1.33693,1.33685,1.33693,207900009.15527344
2012-02-24 02:30:00,1.33691,1.33691,1.33683,1.33687,312399997.71118164
2012-02-24 02:31:00,1.33685,1.33691,1.33684,1.3369,337500000.0
2012-02-24 02:32:00,1.3369,1.33713,1.33687,1.33706,1201600036.6210938
2012-02-24 02:33:00,1.33704,1.33705,1.337,1.337,250799999.23706055
2012-02-24 02:34:00,1.33702,1.33724,1.33701,1.3372,741100006.1035156
2012-02-24 02:35:00,1.3372,1.33722,1.33714,1.33715,619799995.4223633
2012-02-24 02:36:00,1.33715,1.33715,1.33706,1.33713,661999969.4824219
2012-02-24 02:37:00,1.33712,1.33712,1.33695,1.33701,878099975.5859375
2012-02-24 02:38:00,1.33701,1.33702,1.337,1.33702,288600006.1035156
2012-02-24 02:39:00,1.33702,1.33705,1.33701,1.33701,223199996.9482422
2012-02-24 02:40:00,1.33701,1.33702,1.33698,1.33702,121700000.76293945
2012-02-24 02:41:00,1.33699,1.33705,1.33699,1.33705,318600006.1035156
2012-02-24 02:42:00,1.33702,1.33709,1.33689,1.3369,527700004.5776367
2012-02-24 02:43:00,1.3369,1.3369,1.33681,1.33689,532700004.5776367
2012-02-24 02:44:00,1.33687,1.33701,1.33686,1.33695,431599998.4741211
2012-02-24 02:45:00,1.33695,1.33695,1.33692,1.33693,169500007.62939453
2012-02-24 02:46:00,1.33693,1.33693,1.33684,1.33685,288600006.1035156
2012-02-24 02:47:00,1.33685,1.33701,1.33682,1.33701,843499984.7412109
2012-02-24 02:48:00,1.33701,1.33701,1.33686,1.33688,857399978.6376953
2012-02-24 02:49:00,1.3369,1.33691,1.33673,1.33691,1194700012.2070312
2012-02-24 02:50:00,1.33688,1.33688,1.33683,1.33684,490800018.3105469
2012-02-24 02:51:00,1.33684,1.33686,1.33672,1.3368,872200012.2070312
2012-02-24 02:52:00,1.33679,1.33679,1.33672,1.33672,384799995.4223633
2012-02-24 02:53:00,1.33672,1.33672,1.33668,1.3367,838799972.5341797
2012-02-24 02:54:00,1.33669,1.33675,1.33666,1.33666,697300033.5693359
2012-02-24 02:55:00,1.33666,1.33666,1.33665,1.33665,109499998.09265137
2012-02-24 02:56:00,1.33665,1.33672,1.33665,1.33672,592700004.5776367
2012-02-24 02:57:00,1.3367,1.33672,1.33668,1.33672,366599998.4741211
2012-02-24 02:58:00,1.33672,1.33673,1.33654,1.33657,655599975.5859375
2012-02-24 02:59:00,1.33657,1.3367,1.33657,1.33662,654700012.2070312
2012-02-24 03:00:00,1.33659,1.33713,1.33658,1.33687,2158500061.0351562
2012-02-24 03:01:00,1.33687,1.337,1.33687,1.33692,1263099975.5859375
2012-02-24 03:02:00,1.33692,1.33702,1.33692,1.33702,722600021.3623047
2012-02-24 03:03:00,1.33701,1.33704,1.33699,1.33704,279699993.1335449
2012-02-24 03:04:00,1.33704,1.33714,1.33704,1.33714,633199996.9482422
2012-02-24 03:05:00,1.33718,1.33738,1.33715,1.33734,808199996.9482422
2012-02-24 03:06:00,1.33732,1.33733,1.33727,1.33727,549599990.8447266
2012-02-24 03:07:00,1.33728,1.33731,1.33726,1.33729,751900024.4140625
2012-02-24 03:08:00,1.3373,1.3373,1.33728,1.33729,352400016.78466797
2012-02-24 03:09:00,1.33729,1.3373,1.33727,1.33728,632099990.8447266
2012-02-24 03:10:00,1.33728,1.33728,1.33713,1.33713,771999969.4824219
2012-02-24 03:11:00,1.33712,1.33713,1.3371,1.33711,542000007.6293945
2012-02-24 03:12:00,1.3371,1.33719,1.33709,1.33709,464199981.6894531
2012-02-24 03:13:00,1.33709,1.33711,1.33708,1.33711,304699993.1335449
2012-02-24 03:14:00,1.33711,1.33712,1.33708,1.33712,187999992.37060547
2012-02-24 03:15:00,1.33711,1.33712,1.33707,1.33707,321800003.0517578
2012-02-24 03:16:00,1.33707,1.33708,1.33707,1.33707,115200004.57763672
2012-02-24 03:17:00,1.33707,1.33707,1.33698,1.33698,520000000.0
2012-02-24 03:18:00,1.33698,1.33706,1.3369,1.33702,1177399978.6376953
2012-02-24 03:19:00,1.33701,1.33704,1.33692,1.33698,759000015.2587891
2012-02-24 03:20:00,1.33702,1.33702,1.33691,1.33693,683199996.9482422
2012-02-24 03:21:00,1.3369,1.33699,1.33684,1.33699,839000015.2587891
2012-02-24 03:22:00,1.33699,1.33701,1.33699,1.337,471800003.0517578
2012-02-24 03:23:00,1.337,1.33701,1.33698,1.33699,231900005.34057617
2012-02-24 03:24:00,1.33699,1.33701,1.33697,1.337,503699989.31884766
2012-02-24 03:25:00,1.337,1.33703,1.33691,1.33693,519900016.78466797
2012-02-24 03:26:00,1.33693,1.33693,1.33688,1.33689,295400009.15527344
2012-02-24 03:27:00,1.33689,1.33698,1.33688,1.33694,589099998.4741211
2012-02-24 03:28:00,1.33693,1.33693,1.33684,1.33686,724599990.8447266
2012-02-24 03:29:00,1.33686,1.33687,1.33672,1.33673,971399993.8964844
2012-02-24 03:30:00,1.33673,1.33683,1.33673,1.33683,864000015.2587891
2012-02-24 03:31:00,1.33683,1.33683,1.33677,1.3368,677900009.1552734
2012-02-24 03:32:00,1.33681,1.33688,1.3368,1.33688,380699996.9482422
2012-02-24 03:33:00,1.33687,1.33689,1.33679,1.33686,867200012.2070312
2012-02-24 03:34:00,1.33686,1.3369,1.33674,1.33678,834000015.2587891
2012-02-24 03:35:00,1.33676,1.33682,1.3367,1.33676,1164899978.6376953
2012-02-24 03:36:00,1.33676,1.33678,1.33672,1.33677,586800003.0517578
2012-02-24 03:37:00,1.33677,1.33692,1.33676,1.33682,828700027.4658203
2012-02-24 03:38:00,1.33681,1.33681,1.33673,1.33681,498499984.74121094
2012-02-24 03:39:00,1.33681,1.33691,1.33674,1.33679,442000007.62939453
2012-02-24 03:40:00,1.33681,1.33682,1.33679,1.3368,440000000.0
2012-02-24 03:41:00,1.3368,1.33693,1.33678,1.33693,439500007.62939453
2012-02-24 03:42:00,1.33693,1.33693,1.33683,1.33686,390000000.0
2012-02-24 03:43:00,1.33686,1.33688,1.33682,1.33685,429799995.4223633
2012-02-24 03:44:00,1.33685,1.3369,1.33684,1.3369,297900009.15527344
2012-02-24 03:45:00,1.3369,1.33691,1.33684,1.33689,267399997.71118164
2012-02-24 03:46:00,1.33691,1.33698,1.33687,1.33691,575999984.7412109
2012-02-24 03:47:00,1.33689,1.33701,1.33689,1.33699,863099975.5859375
2012-02-24 03:48:00,1.33699,1.33711,1.33696,1.33704,705899963.3789062
2012-02-24 03:49:00,1.33706,1.33711,1.33706,1.33707,463899993.8964844
2012-02-24 03:50:00,1.33707,1.33711,1.33702,1.33704,436500015.25878906
2012-02-24 03:51:00,1.33702,1.33704,1.33697,1.33697,511100006.1035156
2012-02-24 03:52:00,1.33696,1.3371,1.33694,1.33709,671500015.2587891
2012-02-24 03:53:00,1.33709,1.33711,1.33698,1.337,464799995.4223633
2012-02-24 03:54:00,1.337,1.33708,1.337,1.33706,419399986.26708984
2012-02-24 03:55:00,1.33706,1.33715,1.33706,1.33713,1102600021.3623047
2012-02-24 03:56:00,1.3371,1.3371,1.33705,1.33709,932799987.7929688
2012-02-24 03:57:00,1.33709,1.33709,1.33702,1.33707,422500000.0
2012-02-24 03:58:00,1.33707,1.33709,1.33695,1.337,831399993.8964844
2012-02-24 03:59:00,1.33702,1.33702,1.3367,1.33682,1496399993.8964844
2012-02-24 04:00:00,1.33682,1.33705,1.33677,1.33704,2042899932.8613281
2012-02-24 04:01:00,1.33704,1.33705,1.33692,1.33692,541199989.3188477
2012-02-24 04:02:00,1.3369,1.33696,1.3369,1.33696,682399978.6376953
2012-02-24 04:03:00,1.33695,1.33697,1.33694,1.33695,486500015.25878906
2012-02-24 04:04:00,1.33693,1.33714,1.33693,1.33712,835500030.5175781
2012-02-24 04:05:00,1.33714,1.33718,1.33703,1.33718,1001600036.6210938
2012-02-24 04:06:00,1.33718,1.33723,1.33716,1.33719,814599990.8447266
2012-02-24 04:07:00,1.33719,1.33724,1.33713,1.33716,695999984.7412109
2012-02-24 04:08:00,1.33716,1.33725,1.33711,1.3372,1260599975.5859375
2012-02-24 04:09:00,1.3372,1.33732,1.33714,1.33731,1313600006.1035156
2012-02-24 04:10:00,1.33729,1.33733,1.33724,1.33724,1061699981.6894531
2012-02-24 04:11:00,1.33725,1.33725,1.3371,1.33716,843399963.3789062
2012-02-24 04:12:00,1.33716,1.33716,1.3371,1.33712,945199966.4306641
2012-02-24 04:13:00,1.33711,1.3372,1.33711,1.3372,431800003.0517578
2012-02-24 04:14:00,1.33723,1.3373,1.33715,1.33718,751900024.4140625
2012-02-24 04:15:00,1.33718,1.33727,1.33716,1.33723,714700012.2070312
2012-02-24 04:16:00,1.33722,1.33727,1.33713,1.33715,953700027.4658203
2012-02-24 04:17:00,1.33716,1.33717,1.33709,1.3371,798000030.5175781
2012-02-24 04:18:00,1.33709,1.33712,1.33699,1.33704,614000015.2587891
2012-02-24 04:19:00,1.33704,1.33704,1.3369,1.33692,617299995.4223633
2012-02-24 04:20:00,1.33694,1.33697,1.33684,1.33697,954899978.6376953
2012-02-24 04:21:00,1.33697,1.33699,1.33675,1.33682,1098300018.3105469
2012-02-24 04:22:00,1.33682,1.33684,1.3368,1.33682,413699989.31884766
2012-02-24 04:23:00,1.33682,1.33682,1.33681,1.33681,117899999.61853027
2012-02-24 04:24:00,1.33684,1.33684,1.33673,1.33682,196700000.76293945
2012-02-24 04:25:00,1.33682,1.33682,1.3368,1.33681,216499996.18530273
2012-02-24 04:26:00,1.33681,1.33703,1.33681,1.33701,350499992.37060547
2012-02-24 04:27:00,1.33701,1.33711,1.33701,1.33709,1060100021.3623047
2012-02-24 04:28:00,1.33709,1.33709,1.33691,1.337,757699966.4306641
2012-02-24 04:29:00,1.337,1.33712,1.33697,1.3371,520800018.3105469
2012-02-24 04:30:00,1.3371,1.3371,1.33704,1.33704,195100002.28881836
2012-02-24 04:31:00,1.33704,1.33711,1.33695,1.33698,803899993.8964844
2012-02-24 04:32:00,1.337,1.33704,1.33694,1.33702,669700012.2070312
2012-02-24 04:33:00,1.33704,1.3371,1.33695,1.33708,774599990.8447266
2012-02-24 04:34:00,1.3371,1.33728,1.33701,1.33715,1353999938.9648438
2012-02-24 04:35:00,1.33716,1.33721,1.33707,1.33715,1633999938.9648438
2012-02-24 04:36:00,1.33715,1.3372,1.33713,1.33717,739899978.6376953
2012-02-24 04:37:00,1.33717,1.33725,1.33712,1.3372,792600021.3623047
2012-02-24 04:38:00,1.3372,1.33742,1.33719,1.33732,1211900024.4140625
2012-02-24 04:39:00,1.33734,1.33742,1.33729,1.33732,735599975.5859375
2012-02-24 04:40:00,1.33732,1.33734,1.3372,1.33725,770899963.3789062
2012-02-24 04:41:00,1.33725,1.33725,1.33702,1.3371,1251600036.6210938
2012-02-24 04:42:00,1.3371,1.3372,1.33708,1.33716,598400001.5258789
2012-02-24 04:43:00,1.33716,1.33728,1.33709,1.33726,1078600006.1035156
2012-02-24 04:44:00,1.33727,1.3373,1.3371,1.33715,1222500000.0
2012-02-24 04:45:00,1.33713,1.33731,1.33713,1.33731,1091200027.4658203
2012-02-24 04:46:00,1.33732,1.33732,1.3373,1.33731,257700004.57763672
2012-02-24 04:47:00,1.33731,1.33731,1.3373,1.3373,174899997.71118164
2012-02-24 04:48:00,1.33732,1.33736,1.33731,1.33734,543199996.9482422
2012-02-24 04:49:00,1.33734,1.33734,1.33725,1.3373,547799987.7929688
2012-02-24 04:50:00,1.3373,1.33731,1.33727,1.33727,135000000.0
2012-02-24 04:51:00,1.33727,1.33731,1.33723,1.33731,301200008.392334
2012-02-24 04:52:00,1.33731,1.33731,1.33729,1.33729,298199996.9482422
2012-02-24 04:53:00,1.33732,1.3375,1.3373,1.33738,1148700027.4658203
2012-02-24 04:54:00,1.33731,1.33748,1.33731,1.33743,1196699981.6894531
2012-02-24 04:55:00,1.33744,1.33745,1.33726,1.3373,1144899978.6376953
2012-02-24 04:56:00,1.33728,1.33752,1.33728,1.33742,1571900024.4140625
2012-02-24 04:57:00,1.33745,1.33747,1.33706,1.33711,1808600006.1035156
2012-02-24 04:58:00,1.33713,1.33716,1.337,1.33707,1756199951.171875
2012-02-24 04:59:00,1.33708,1.33709,1.33695,1.33695,1046600036.6210938
2012-02-24 05:00:00,1.33695,1.33707,1.33689,1.33702,1158099975.5859375
2012-02-24 05:01:00,1.33702,1.33702,1.33685,1.33686,780100021.3623047
2012-02-24 05:02:00,1.33686,1.337,1.33681,1.337,1102900009.1552734
2012-02-24 05:03:00,1.33696,1.33699,1.33692,1.33699,305499992.37060547
2012-02-24 05:04:00,1.33699,1.3372,1.33699,1.33718,841699981.6894531
2012-02-24 05:05:00,1.33718,1.33722,1.33716,1.33718,876100006.1035156
2012-02-24 05:06:00,1.33718,1.33731,1.33707,1.33725,986299972.5341797
2012-02-24 05:07:00,1.33729,1.33737,1.33723,1.33724,1259400024.4140625
2012-02-24 05:08:00,1.33725,1.33731,1.33722,1.33727,808600006.1035156
2012-02-24 05:09:00,1.33724,1.3373,1.33722,1.3373,474199981.6894531
2012-02-24 05:10:00,1.33729,1.33729,1.33722,1.33728,586899986.2670898
2012-02-24 05:11:00,1.33722,1.33737,1.33721,1.33731,525600013.73291016
2012-02-24 05:12:00,1.33731,1.33732,1.33719,1.33724,1026900024.4140625
2012-02-24 05:13:00,1.33724,1.33724,1.33707,1.33713,840599975.5859375
2012-02-24 05:14:00,1.33713,1.3372,1.33713,1.33717,580200004.5776367
2012-02-24 05:15:00,1.33717,1.33723,1.33711,1.33723,520200004.5776367
2012-02-24 05:16:00,1.33723,1.33728,1.33723,1.33724,711299972.5341797
2012-02-24 05:17:00,1.33726,1.33728,1.33711,1.33711,780599975.5859375
2012-02-24 05:18:00,1.33715,1.33733,1.33713,1.33731,639900016.784668
2012-02-24 05:19:00,1.33731,1.33731,1.33718,1.33722,442700004.5776367
2012-02-24 05:20:00,1.33721,1.33725,1.33718,1.33724,633100013.7329102
2012-02-24 05:21:00,1.33723,1.33729,1.33723,1.33724,388100013.73291016
2012-02-24 05:22:00,1.33726,1.33726,1.33724,1.33724,169500007.62939453
2012-02-24 05:23:00,1.33724,1.33725,1.33724,1.33725,291599998.4741211
2012-02-24 05:24:00,1.33726,1.33736,1.33724,1.33733,457099990.84472656
2012-02-24 05:25:00,1.33734,1.33744,1.33732,1.33738,902500000.0
2012-02-24 05:26:00,1.33738,1.33744,1.33729,1.33734,739499969.4824219
2012-02-24 05:27:00,1.33734,1.33741,1.33731,1.33731,882799987.7929688
2012-02-24 05:28:00,1.33726,1.33734,1.33726,1.33731,328199996.9482422
2012-02-24 05:29:00,1.33731,1.33731,1.33727,1.3373,134099998.4741211
2012-02-24 05:30:00,1.33729,1.3375,1.33729,1.3375,1042200012.2070312
2012-02-24 05:31:00,1.3375,1.33753,1.33736,1.33742,1020500030.5175781
2012-02-24 05:32:00,1.33739,1.33742,1.33736,1.33738,758799972.5341797
2012-02-24 05:33:00,1.33738,1.33742,1.33732,1.3374,1000199966.4306641
2012-02-24 05:34:00,1.33741,1.33741,1.33718,1.33722,1298800048.828125
2012-02-24 05:35:00,1.33717,1.33726,1.33712,1.33722,487700004.5776367
2012-02-24 05:36:00,1.33721,1.33722,1.33713,1.33717,742300033.5693359
2012-02-24 05:37:00,1.33718,1.33718,1.33709,1.33711,674599990.8447266
2012-02-24 05:38:00,1.33709,1.33712,1.33707,1.3371,510499992.37060547
2012-02-24 05:39:00,1.3371,1.33714,1.33708,1.3371,1155299987.7929688
2012-02-24 05:40:00,1.33709,1.33711,1.33699,1.33699,1277300033.569336
2012-02-24 05:41:00,1.33699,1.33699,1.33682,1.33683,1007200012.2070312
2012-02-24 05:42:00,1.33683,1.33696,1.33683,1.33691,643700027.4658203
2012-02-24 05:43:00,1.33691,1.33694,1.33689,1.33691,412200012.20703125
2012-02-24 05:44:00,1.3369,1.33693,1.33681,1.33687,739599990.8447266
2012-02-24 05:45:00,1.33687,1.33691,1.3368,1.33686,1108600006.1035156
2012-02-24 05:46:00,1.33686,1.33686,1.33671,1.33673,687399978.6376953
2012-02-24 05:47:00,1.33673,1.33705,1.33673,1.33699,1067799987.7929688
2012-02-24 05:48:00,1.33699,1.3371,1.3369,1.33691,982099990.8447266
2012-02-24 05:49:00,1.3369,1.33701,1.33689,1.33693,991999969.4824219
2012-02-24 05:50:00,1.33693,1.33693,1.3368,1.33681,558300018.3105469
2012-02-24 05:51:00,1.3368,1.33681,1.3367,1.3368,1633000030.5175781
2012-02-24 05:52:00,1.3368,1.33682,1.3365,1.33655,1330800018.3105469
2012-02-24 05:53:00,1.33655,1.33691,1.33653,1.33688,1378999938.9648438
2012-02-24 05:54:00,1.33686,1.33692,1.33684,1.33686,880400009.1552734
2012-02-24 05:55:00,1.33684,1.33684,1.33662,1.33664,829899978.6376953
2012-02-24 05:56:00,1.33664,1.33685,1.3366,1.3366,899199981.6894531
2012-02-24 05:57:00,1.3366,1.33695,1.3366,1.33676,1894100036.6210938
2012-02-24 05:58:00,1.33673,1.33676,1.3363,1.3364,2152700042.7246094
2012-02-24 05:59:00,1.33641,1.33669,1.33618,1.33654,1854199981.6894531
2012-02-24 06:00:00,1.33654,1.33656,1.3361,1.3361,1466499938.9648438
2012-02-24 06:01:00,1.33614,1.33615,1.33568,1.33583,2579500122.0703125
2012-02-24 06:02:00,1.33586,1.33586,1.33573,1.33581,1746399993.8964844
2012-02-24 06:03:00,1.33582,1.33602,1.33577,1.33599,1473899993.8964844
2012-02-24 06:04:00,1.33599,1.33601,1.33585,1.33592,2096699981.6894531
2012-02-24 06:05:00,1.33592,1.33608,1.3358,1.33598,1851000061.0351562
2012-02-24 06:06:00,1.33598,1.33612,1.33595,1.3361,1764900054.9316406
2012-02-24 06:07:00,1.33615,1.33635,1.33613,1.33623,2295000000.0
2012-02-24 06:08:00,1.33621,1.33624,1.33602,1.33611,2413899993.8964844
2012-02-24 06:09:00,1.33612,1.33622,1.33608,1.3362,1179199981.6894531
2012-02-24 06:10:00,1.3362,1.33643,1.3362,1.33635,1459400024.4140625
2012-02-24 06:11:00,1.33635,1.33639,1.336,1.336,1841399993.8964844
2012-02-24 06:12:00,1.33598,1.33609,1.33598,1.336,1510800018.3105469
2012-02-24 06:13:00,1.336,1.33619,1.336,1.33609,1544600067.1386719
2012-02-24 06:14:00,1.33609,1.3362,1.33606,1.33609,1179800033.569336
2012-02-24 06:15:00,1.33609,1.3363,1.33609,1.33617,1508800048.828125
2012-02-24 06:16:00,1.33617,1.33634,1.33617,1.33628,1189899978.6376953
2012-02-24 06:17:00,1.33632,1.33633,1.33621,1.33627,942399978.6376953
2012-02-24 06:18:00,1.33625,1.33626,1.33619,1.33625,885199966.4306641
2012-02-24 06:19:00,1.33623,1.33627,1.33612,1.33612,585099983.215332
2012-02-24 06:20:00,1.33614,1.33625,1.33611,1.33618,1422599945.0683594
2012-02-24 06:21:00,1.33618,1.33619,1.3359,1.33601,1355399932.8613281
2012-02-24 06:22:00,1.33598,1.33604,1.33589,1.33592,1179400024.4140625
2012-02-24 06:23:00,1.33594,1.33594,1.33578,1.33578,1515299987.7929688
2012-02-24 06:24:00,1.3358,1.33591,1.33578,1.33585,1408000030.5175781
2012-02-24 06:25:00,1.33587,1.33597,1.33586,1.33589,641500015.2587891
2012-02-24 06:26:00,1.3359,1.33598,1.33588,1.33595,843399963.3789062
2012-02-24 06:27:00,1.33594,1.33605,1.33591,1.33598,1403899993.8964844
2012-02-24 06:28:00,1.33598,1.33601,1.33593,1.33599,879899978.6376953
2012-02-24 06:29:00,1.336,1.33604,1.3358,1.33594,1343200073.2421875
2012-02-24 06:30:00,1.33594,1.336,1.33585,1.336,1119599990.8447266
2012-02-24 06:31:00,1.33598,1.3361,1.33598,1.33604,616500015.2587891
2012-02-24 06:32:00,1.33604,1.33627,1.33595,1.33627,998000030.5175781
2012-02-24 06:33:00,1.33624,1.3365,1.33623,1.33647,1761999969.4824219
2012-02-24 06:34:00,1.33647,1.33647,1.33634,1.33643,1220599975.5859375
2012-02-24 06:35:00,1.33643,1.33645,1.33637,1.33642,893499984.7412109
2012-02-24 06:36:00,1.33642,1.33642,1.33628,1.33639,1372100067.1386719
2012-02-24 06:37:00,1.33639,1.33639,1.33634,1.33639,842399978.6376953
2012-02-24 06:38:00,1.3364,1.33653,1.3364,1.3365,985599975.5859375
2012-02-24 06:39:00,1.33648,1.33659,1.33641,1.33646,1641499938.9648438
2012-02-24 06:40:00,1.33644,1.33658,1.33644,1.33654,1059300003.0517578
2012-02-24 06:41:00,1.33653,1.3366,1.33649,1.33656,1964700012.2070312
2012-02-24 06:42:00,1.33654,1.33659,1.3365,1.33658,963700027.4658203
2012-02-24 06:43:00,1.33657,1.33657,1.33644,1.33653,865000000.0
2012-02-24 06:44:00,1.33654,1.33654,1.33639,1.33645,1392500000.0
2012-02-24 06:45:00,1.33647,1.33654,1.33642,1.33652,1145000000.0
2012-02-24 06:46:00,1.33652,1.33653,1.3364,1.33645,838000030.5175781
2012-02-24 06:47:00,1.33645,1.33668,1.33643,1.3366,1312299957.2753906
2012-02-24 06:48:00,1.33659,1.33677,1.33658,1.33673,1391600036.6210938
2012-02-24 06:49:00,1.33673,1.3368,1.33667,1.33672,965100021.3623047
2012-02-24 06:50:00,1.33672,1.33672,1.3366,1.33663,1102399978.6376953
2012-02-24 06:51:00,1.33663,1.33673,1.33659,1.33669,1023199996.9482422
2012-02-24 06:52:00,1.33669,1.33673,1.33665,1.33665,1062900009.1552734
2012-02-24 06:53:00,1.33663,1.33679,1.33655,1.33677,1540800018.3105469
2012-02-24 06:54:00,1.33675,1.33692,1.33675,1.33692,1175699996.9482422
2012-02-24 06:55:00,1.33693,1.33726,1.33692,1.33723,2512100067.138672
2012-02-24 06:56:00,1.33723,1.33732,1.33717,1.3372,1798600006.1035156
2012-02-24 06:57:00,1.3372,1.33726,1.33713,1.33719,2250800018.310547
2012-02-24 06:58:00,1.33719,1.33727,1.33699,1.33717,1670800018.3105469
2012-02-24 06:59:00,1.33717,1.3372,1.33697,1.33705,2008300018.3105469
2012-02-24 07:00:00,1.33703,1.33712,1.3369,1.33696,1968800048.828125
2012-02-24 07:01:00,1.33695,1.33697,1.33679,1.3369,2151699981.689453
2012-02-24 07:02:00,1.33692,1.33697,1.33686,1.33686,1270999984.741211
2012-02-24 07:03:00,1.33685,1.33715,1.33678,1.33713,1750700073.2421875
2012-02-24 07:04:00,1.33713,1.33713,1.33692,1.33709,1535599975.5859375
2012-02-24 07:05:00,1.33707,1.3377,1.33707,1.33768,2792900085.4492188
2012-02-24 07:06:00,1.33768,1.33773,1.33757,1.3377,3293800048.828125
2012-02-24 07:07:00,1.3377,1.33834,1.3377,1.33827,2822300109.8632812
2012-02-24 07:08:00,1.33828,1.33831,1.33792,1.338,2255899963.3789062
2012-02-24 07:09:00,1.338,1.33809,1.33761,1.33763,2506199951.171875
2012-02-24 07:10:00,1.3376,1.33798,1.3376,1.33783,2554100036.6210938
2012-02-24 07:11:00,1.33784,1.33803,1.33778,1.33795,2151999969.482422
2012-02-24 07:12:00,1.33798,1.33822,1.33785,1.33788,2952500000.0
2012-02-24 07:13:00,1.33788,1.33788,1.33729,1.3373,2049199981.6894531
2012-02-24 07:14:00,1.33729,1.33738,1.33721,1.33722,2088600006.1035156
2012-02-24 07:15:00,1.33723,1.33749,1.3371,1.33749,2145599975.5859375
2012-02-24 07:16:00,1.33746,1.33758,1.3373,1.3373,1930200042.7246094
2012-02-24 07:17:00,1.3373,1.3374,1.3372,1.33734,1943300018.3105469
2012-02-24 07:18:00,1.33734,1.33762,1.33732,1.33762,1244000015.258789
2012-02-24 07:19:00,1.33762,1.33776,1.33754,1.33766,2087500000.0
2012-02-24 07:20:00,1.33766,1.33766,1.33748,1.33753,2151600036.6210938
2012-02-24 07:21:00,1.33752,1.33757,1.3372,1.33741,1736000061.0351562
2012-02-24 07:22:00,1.33739,1.33756,1.33736,1.33752,1452299957.2753906
2012-02-24 07:23:00,1.33749,1.33751,1.33723,1.33726,1828000030.5175781
2012-02-24 07:24:00,1.33726,1.33749,1.3372,1.33728,1674600067.1386719
2012-02-24 07:25:00,1.33728,1.3373,1.33705,1.33705,940500030.5175781
2012-02-24 07:26:00,1.3371,1.33727,1.337,1.33706,1684900054.9316406
2012-02-24 07:27:00,1.33706,1.33707,1.33672,1.33679,1674199981.6894531
2012-02-24 07:28:00,1.33677,1.33683,1.33664,1.33673,1686799926.7578125
2012-02-24 07:29:00,1.33674,1.33683,1.3365,1.33659,1755099945.0683594
2012-02-24 07:30:00,1.33657,1.33671,1.33654,1.33663,2492899932.861328
2012-02-24 07:31:00,1.33661,1.33683,1.33656,1.3367,2066399993.8964844
2012-02-24 07:32:00,1.3367,1.33689,1.33664,1.33675,2288200073.2421875
2012-02-24 07:33:00,1.33675,1.33691,1.33673,1.33687,2268300018.310547
2012-02-24 07:34:00,1.33688,1.33688,1.33666,1.33681,2119299926.7578125
2012-02-24 07:35:00,1.33681,1.33689,1.33672,1.3368,1573399963.3789062
2012-02-24 07:36:00,1.33679,1.33681,1.33665,1.33669,2045399932.8613281
2012-02-24 07:37:00,1.33668,1.33682,1.33648,1.33679,2700000000.0
2012-02-24 07:38:00,1.33679,1.33732,1.33679,1.3372,2173200073.2421875
2012-02-24 07:39:00,1.3372,1.33722,1.33707,1.33712,1245999984.741211
2012-02-24 07:40:00,1.33714,1.33747,1.3371,1.33747,2683999938.9648438
2012-02-24 07:41:00,1.33747,1.33748,1.33728,1.33738,2853399963.3789062
2012-02-24 07:42:00,1.33738,1.33795,1.33737,1.33792,3272399902.34375
2012-02-24 07:43:00,1.33792,1.33792,1.33765,1.33765,2156199951.171875
2012-02-24 07:44:00,1.33764,1.33765,1.33745,1.33761,2032100067.1386719
2012-02-24 07:45:00,1.33761,1.33765,1.3375,1.33759,1676600036.6210938
2012-02-24 07:46:00,1.33762,1.33762,1.33738,1.3374,1432700042.7246094
2012-02-24 07:47:00,1.3374,1.33753,1.3373,1.33753,1770299987.7929688
2012-02-24 07:48:00,1.33753,1.33761,1.33725,1.33729,1807200012.2070312
2012-02-24 07:49:00,1.33732,1.33755,1.33728,1.33753,1358000030.5175781
2012-02-24 07:50:00,1.33754,1.33758,1.33744,1.33744,996900024.4140625
2012-02-24 07:51:00,1.33743,1.33744,1.33735,1.33739,1428000030.5175781
2012-02-24 07:52:00,1.33739,1.33739,1.33701,1.33729,2221999969.482422
2012-02-24 07:53:00,1.33729,1.33729,1.33695,1.33698,2789100036.6210938
2012-02-24 07:54:00,1.33697,1.33697,1.33669,1.33691,2156100006.1035156
2012-02-24 07:55:00,1.33691,1.33698,1.33687,1.33688,2821499938.9648438
2012-02-24 07:56:00,1.33687,1.33687,1.33665,1.33669,1666600036.6210938
2012-02-24 07:57:00,1.33669,1.33681,1.33669,1.33678,2666499938.9648438
2012-02-24 07:58:00,1.33674,1.33691,1.3367,1.33691,2391300048.828125
2012-02-24 07:59:00,1.33691,1.33743,1.33691,1.33743,2105899963.3789062
2012-02-24 08:00:00,1.33743,1.33744,1.3372,1.33725,1699700012.2070312
2012-02-24 08:01:00,1.33728,1.33752,1.33723,1.33752,2488200073.2421875
2012-02-24 08:02:00,1.33752,1.33777,1.33747,1.33758,2684200134.2773438
2012-02-24 08:03:00,1.33756,1.33813,1.33747,1.33788,2842399902.34375
2012-02-24 08:04:00,1.33787,1.33825,1.33786,1.33812,2636000061.0351562
2012-02-24 08:05:00,1.33811,1.33817,1.33785,1.33805,3041300048.828125
2012-02-24 08:06:00,1.33804,1.3381,1.33768,1.33784,3477399902.34375
2012-02-24 08:07:00,1.33784,1.3379,1.33748,1.33757,2143200073.2421875
2012-02-24 08:08:00,1.33757,1.33759,1.33735,1.33747,1865399932.8613281
2012-02-24 08:09:00,1.33746,1.33782,1.33742,1.33779,2330599975.5859375
2012-02-24 08:10:00,1.33779,1.33779,1.33763,1.33778,3028399963.3789062
2012-02-24 08:11:00,1.33777,1.33782,1.33759,1.33764,2263800048.828125
2012-02-24 08:12:00,1.33764,1.33764,1.33748,1.33751,2255500030.517578
2012-02-24 08:13:00,1.33752,1.33802,1.33751,1.33762,3327500000.0
2012-02-24 08:14:00,1.3376,1.33774,1.3374,1.3375,2806300048.828125
2012-02-24 08:15:00,1.3375,1.3376,1.33719,1.3372,2457899932.861328
2012-02-24 08:16:00,1.3372,1.33732,1.33718,1.3373,1506199951.171875
2012-02-24 08:17:00,1.3373,1.33748,1.3373,1.33739,1802899932.8613281
2012-02-24 08:18:00,1.33738,1.3374,1.33718,1.33728,2069299926.7578125
2012-02-24 08:19:00,1.33728,1.33736,1.33711,1.33728,2620799865.7226562
2012-02-24 08:20:00,1.3373,1.3373,1.3369,1.3369,2443699951.171875
2012-02-24 08:21:00,1.33692,1.33709,1.33681,1.33702,2986300048.828125
2012-02-24 08:22:00,1.33703,1.33721,1.33702,1.3372,2941099853.515625
2012-02-24 08:23:00,1.3372,1.33723,1.33699,1.33712,2434900054.9316406
2012-02-24 08:24:00,1.33711,1.33722,1.33705,1.33719,1953999938.9648438
2012-02-24 08:25:00,1.33719,1.33763,1.33718,1.3374,2811900024.4140625
2012-02-24 08:26:00,1.3374,1.33746,1.33722,1.33732,2302899932.861328
2012-02-24 08:27:00,1.33732,1.33733,1.33698,1.3371,2162700042.7246094
2012-02-24 08:28:00,1.3371,1.33718,1.337,1.33718,1904900054.9316406
2012-02-24 08:29:00,1.33718,1.33732,1.3371,1.33724,2189299926.7578125
2012-02-24 08:30:00,1.33727,1.3373,1.33699,1.33712,2253899993.8964844
2012-02-24 08:31:00,1.33714,1.3372,1.3369,1.33705,3237300109.8632812
2012-02-24 08:32:00,1.33706,1.33706,1.33682,1.3369,1853899993.8964844
2012-02-24 08:33:00,1.33692,1.33701,1.33652,1.33678,2957799987.7929688
2012-02-24 08:34:00,1.33678,1.3368,1.33663,1.33678,1978200073.2421875
2012-02-24 08:35:00,1.33675,1.33682,1.33666,1.33675,1805700073.2421875
2012-02-24 08:36:00,1.33677,1.33705,1.33664,1.33699,1803999938.9648438
2012-02-24 08:37:00,1.33705,1.33742,1.337,1.33742,2074299926.7578125
2012-02-24 08:38:00,1.33743,1.33757,1.33733,1.33744,3186400146.484375
2012-02-24 08:39:00,1.33744,1.33775,1.33743,1.3377,3043500061.0351562
2012-02-24 08:40:00,1.33769,1.33809,1.33763,1.33786,3461199951.171875
2012-02-24 08:41:00,1.33787,1.33822,1.33781,1.33802,2904200134.2773438
2012-02-24 08:42:00,1.33803,1.33888,1.33803,1.3388,4979400024.4140625
2012-02-24 08:43:00,1.33877,1.33877,1.33839,1.3385,2923699951.171875
2012-02-24 08:44:00,1.33849,1.33863,1.33841,1.3386,2563599853.515625
2012-02-24 08:45:00,1.3386,1.3386,1.33829,1.3383,2514600067.138672
2012-02-24 08:46:00,1.33828,1.3384,1.33822,1.33839,2898999938.9648438
2012-02-24 08:47:00,1.33837,1.3385,1.33829,1.3384,2648399963.3789062
2012-02-24 08:48:00,1.33838,1.33849,1.33824,1.33829,2288099975.5859375
2012-02-24 08:49:00,1.33829,1.33856,1.33827,1.33855,2502400054.9316406
2012-02-24 08:50:00,1.33852,1.3388,1.33852,1.33879,2639800109.8632812
2012-02-24 08:51:00,1.33879,1.33884,1.3386,1.33881,2564400024.4140625
2012-02-24 08:52:00,1.33881,1.33903,1.33879,1.33898,2486199951.171875
2012-02-24 08:53:00,1.33897,1.33918,1.33895,1.3391,3881000061.0351562
2012-02-24 08:54:00,1.33911,1.33921,1.33891,1.33891,2562300109.8632812
2012-02-24 08:55:00,1.33889,1.3395,1.33889,1.33948,2700299987.7929688
2012-02-24 08:56:00,1.33948,1.33962,1.33937,1.33949,3310799865.7226562
2012-02-24 08:57:00,1.33948,1.33954,1.33938,1.33938,2951000061.0351562
2012-02-24 08:58:00,1.3394,1.33952,1.33932,1.33943,2881199951.171875
2012-02-24 08:59:00,1.33941,1.33949,1.33922,1.33948,2536699981.689453
2012-02-24 09:00:00,1.33949,1.3395,1.3392,1.33938,2151000061.0351562
2012-02-24 09:01:00,1.33938,1.3395,1.33928,1.33937,2135000000.0
2012-02-24 09:02:00,1.33937,1.33941,1.33889,1.33898,1964900054.9316406
2012-02-24 09:03:00,1.33893,1.33913,1.33881,1.33904,1988800048.828125
2012-02-24 09:04:00,1.33907,1.33926,1.33899,1.33923,1941399993.8964844
2012-02-24 09:05:00,1.33917,1.3394,1.33909,1.33935,2443899993.8964844
2012-02-24 09:06:00,1.33941,1.33951,1.33923,1.33951,1720700073.2421875
2012-02-24 09:07:00,1.33956,1.34002,1.33949,1.33985,3934800109.8632812
2012-02-24 09:08:00,1.33984,1.34019,1.3397,1.33992,3350100097.65625
2012-02-24 09:09:00,1.33991,1.33999,1.33973,1.33989,2841099853.515625
2012-02-24 09:10:00,1.3399,1.33992,1.33958,1.33975,2363500061.0351562
2012-02-24 09:11:00,1.33976,1.33991,1.33973,1.3399,2594800109.8632812
2012-02-24 09:12:00,1.3399,1.34009,1.33981,1.33998,2567000122.0703125
2012-02-24 09:13:00,1.33998,1.34001,1.33979,1.3398,2377899932.861328
2012-02-24 09:14:00,1.33982,1.33984,1.3395,1.33959,2943599853.515625
2012-02-24 09:15:00,1.33959,1.33963,1.33929,1.3394,3014899902.34375
2012-02-24 09:16:00,1.33943,1.3395,1.33925,1.33928,2523099975.5859375
2012-02-24 09:17:00,1.33929,1.33941,1.33905,1.33921,3075100097.65625
2012-02-24 09:18:00,1.33927,1.33937,1.339,1.33905,2569100036.6210938
2012-02-24 09:19:00,1.33904,1.33921,1.3389,1.33916,2946799926.7578125
2012-02-24 09:20:00,1.33914,1.33924,1.33892,1.33908,2564800109.8632812
2012-02-24 09:21:00,1.33908,1.33945,1.33908,1.33937,2961799926.7578125
2012-02-24 09:22:00,1.33935,1.33941,1.33917,1.33927,2121300048.828125
2012-02-24 09:23:00,1.33928,1.33938,1.33928,1.3393,1623600006.1035156
2012-02-24 09:24:00,1.33929,1.3395,1.33929,1.3395,2057799987.7929688
2012-02-24 09:25:00,1.33949,1.33976,1.33949,1.33968,2572300109.8632812
2012-02-24 09:26:00,1.33968,1.33969,1.33916,1.33918,2557400054.9316406
2012-02-24 09:27:00,1.33919,1.33919,1.3388,1.339,2506100006.1035156
2012-02-24 09:28:00,1.339,1.3393,1.33897,1.33928,1243700027.4658203
2012-02-24 09:29:00,1.33925,1.33929,1.3391,1.3391,2026499938.9648438
2012-02-24 09:30:00,1.3391,1.3391,1.33863,1.33867,3557399902.34375
2012-02-24 09:31:00,1.3387,1.33881,1.33855,1.33881,2126999969.4824219
2012-02-24 09:32:00,1.33881,1.33904,1.33879,1.33891,1801499938.9648438
2012-02-24 09:33:00,1.33889,1.33919,1.33886,1.33904,2537899932.861328
2012-02-24 09:34:00,1.33904,1.33932,1.33903,1.3391,1626300048.828125
2012-02-24 09:35:00,1.33912,1.33929,1.33901,1.33914,1752299957.2753906
2012-02-24 09:36:00,1.33914,1.33925,1.339,1.33901,2014499969.4824219
2012-02-24 09:37:00,1.33907,1.33911,1.33889,1.33889,1673600006.1035156
2012-02-24 09:38:00,1.33889,1.33909,1.33888,1.3389,1727200012.2070312
2012-02-24 09:39:00,1.3389,1.33904,1.33884,1.33885,1763000030.5175781
2012-02-24 09:40:00,1.33881,1.33918,1.33869,1.33907,2496600036.6210938
2012-02-24 09:41:00,1.33907,1.33915,1.33904,1.33906,1834799957.2753906
2012-02-24 09:42:00,1.33907,1.33907,1.33881,1.33895,2494900054.9316406
2012-02-24 09:43:00,1.33895,1.33895,1.33865,1.33872,1953300018.3105469
2012-02-24 09:44:00,1.33872,1.33881,1.33869,1.33875,1795200042.7246094
2012-02-24 09:45:00,1.33873,1.33897,1.33873,1.33896,2285299987.7929688
2012-02-24 09:46:00,1.33903,1.33903,1.3388,1.3389,1567400054.9316406
2012-02-24 09:47:00,1.33888,1.33892,1.3387,1.3387,1351900024.4140625
2012-02-24 09:48:00,1.33867,1.33886,1.33859,1.33886,2260700073.2421875
2012-02-24 09:49:00,1.33886,1.33888,1.33875,1.3388,911999969.4824219
2012-02-24 09:50:00,1.3388,1.33891,1.33878,1.33891,1040199966.4306641
2012-02-24 09:51:00,1.33891,1.3393,1.33887,1.3393,1749100036.6210938
2012-02-24 09:52:00,1.33929,1.33958,1.33924,1.3395,3196300048.828125
2012-02-24 09:53:00,1.33947,1.33967,1.3394,1.33964,2117200012.2070312
2012-02-24 09:54:00,1.33962,1.33964,1.33939,1.33949,2485399932.861328
2012-02-24 09:55:00,1.33949,1.33963,1.33939,1.33949,1835800018.3105469
2012-02-24 09:56:00,1.33948,1.33967,1.3394,1.33951,1780899963.3789062
2012-02-24 09:57:00,1.33951,1.33952,1.33932,1.33937,2074600067.1386719
2012-02-24 09:58:00,1.33936,1.33936,1.33911,1.33925,2254799957.2753906
2012-02-24 09:59:00,1.33925,1.3393,1.33911,1.33921,1962899932.8613281
2012-02-24 10:00:00,1.33919,1.33922,1.33909,1.33914,2467400054.9316406
2012-02-24 10:01:00,1.33914,1.33941,1.33914,1.33938,2511100006.1035156
2012-02-24 10:02:00,1.33937,1.33937,1.33902,1.33919,2171100006.1035156
2012-02-24 10:03:00,1.33922,1.33938,1.33918,1.33927,1657400054.9316406
2012-02-24 10:04:00,1.33927,1.33949,1.3392,1.33921,1856699981.6894531
2012-02-24 10:05:00,1.33921,1.33968,1.3392,1.33961,2297700042.7246094
2012-02-24 10:06:00,1.33961,1.34016,1.33954,1.34016,2714400024.4140625
2012-02-24 10:07:00,1.34017,1.34042,1.34,1.34,3525400085.4492188
2012-02-24 10:08:00,1.34003,1.34014,1.33977,1.33996,2651600036.6210938
2012-02-24 10:09:00,1.33996,1.34012,1.33959,1.33959,3443200073.2421875
2012-02-24 10:10:00,1.33959,1.3397,1.33949,1.33967,2469900054.9316406
2012-02-24 10:11:00,1.33967,1.33992,1.33964,1.33988,2092100067.1386719
2012-02-24 10:12:00,1.33988,1.33992,1.33962,1.3397,1861399993.8964844
2012-02-24 10:13:00,1.3397,1.33978,1.33948,1.33948,1860299987.7929688
2012-02-24 10:14:00,1.33948,1.33948,1.33911,1.33938,2712399902.34375
2012-02-24 10:15:00,1.33932,1.33932,1.33908,1.33913,2186100006.1035156
2012-02-24 10:16:00,1.3391,1.33918,1.33894,1.33899,1857200012.2070312
2012-02-24 10:17:00,1.33899,1.33902,1.33857,1.33859,2162299957.2753906
2012-02-24 10:18:00,1.33858,1.33873,1.33847,1.33863,1981100006.1035156
2012-02-24 10:19:00,1.33863,1.33889,1.33862,1.33889,2074100036.6210938
2012-02-24 10:20:00,1.33887,1.33905,1.3387,1.33903,2278999938.9648438
2012-02-24 10:21:00,1.33904,1.33904,1.33859,1.33859,2043699951.171875
2012-02-24 10:22:00,1.33859,1.33872,1.33851,1.3387,1885899963.3789062
2012-02-24 10:23:00,1.3387,1.33892,1.33862,1.33877,3255599975.5859375
2012-02-24 10:24:00,1.3388,1.33921,1.33878,1.33917,2731799926.7578125
2012-02-24 10:25:00,1.33917,1.33945,1.33917,1.33939,2536100006.1035156
2012-02-24 10:26:00,1.33939,1.33942,1.33922,1.33925,2246199951.171875
2012-02-24 10:27:00,1.33925,1.33932,1.33923,1.33929,1372700042.7246094
2012-02-24 10:28:00,1.3393,1.33937,1.33895,1.339,2417299957.2753906
2012-02-24 10:29:00,1.339,1.3391,1.33897,1.33898,1628999938.9648438
2012-02-24 10:30:00,1.33901,1.33911,1.33877,1.33881,1743399963.3789062
2012-02-24 10:31:00,1.33879,1.33902,1.33867,1.33892,2351000061.0351562
2012-02-24 10:32:00,1.33892,1.3391,1.33888,1.33901,1330000000.0
2012-02-24 10:33:00,1.33903,1.33907,1.33886,1.33901,1891900024.4140625
2012-02-24 10:34:00,1.33907,1.33911,1.33891,1.33906,1676499938.9648438
2012-02-24 10:35:00,1.33904,1.33943,1.33904,1.33927,1650399932.8613281
2012-02-24 10:36:00,1.33928,1.33934,1.33924,1.33929,1775299987.7929688
2012-02-24 10:37:00,1.33934,1.33939,1.33929,1.33937,1211500015.258789
2012-02-24 10:38:00,1.33937,1.33955,1.3393,1.33934,1659299926.7578125
2012-02-24 10:39:00,1.33937,1.33961,1.33925,1.33933,2729100036.6210938
2012-02-24 10:40:00,1.33938,1.33954,1.3393,1.33932,2411499938.9648438
2012-02-24 10:41:00,1.33935,1.33941,1.33901,1.33903,1761900024.4140625
2012-02-24 10:42:00,1.33903,1.33916,1.33882,1.33884,2028800048.828125
2012-02-24 10:43:00,1.33884,1.33885,1.33868,1.33869,1773699951.171875
2012-02-24 10:44:00,1.33869,1.33871,1.3384,1.33854,1157500000.0
2012-02-24 10:45:00,1.33853,1.3386,1.33839,1.33842,1931799926.7578125
2012-02-24 10:46:00,1.33844,1.33856,1.33841,1.33845,1645000000.0
2012-02-24 10:47:00,1.33848,1.33854,1.33842,1.33851,1475500030.5175781
2012-02-24 10:48:00,1.33851,1.3387,1.33848,1.33863,1248899993.8964844
2012-02-24 10:49:00,1.33863,1.33884,1.33853,1.33884,2741799926.7578125
2012-02-24 10:50:00,1.33884,1.33919,1.33863,1.33919,2509400024.4140625
2012-02-24 10:51:00,1.3392,1.33974,1.33912,1.33957,3291799926.7578125
2012-02-24 10:52:00,1.33957,1.33969,1.33931,1.33933,2502599945.0683594
2012-02-24 10:53:00,1.33934,1.3394,1.33906,1.3392,2352799987.7929688
2012-02-24 10:54:00,1.33923,1.33933,1.3391,1.33911,2225000000.0
2012-02-24 10:55:00,1.33912,1.33933,1.33912,1.33924,1743000030.5175781
2012-02-24 10:56:00,1.33924,1.33929,1.339,1.339,2198800048.828125
2012-02-24 10:57:00,1.339,1.33906,1.33877,1.33877,1878200073.2421875
2012-02-24 10:58:00,1.33882,1.33894,1.33873,1.33874,1481900024.4140625
2012-02-24 10:59:00,1.33873,1.33887,1.33872,1.33879,1947200012.2070312
2012-02-24 11:00:00,1.3388,1.3389,1.33865,1.3389,1734400024.4140625
2012-02-24 11:01:00,1.3389,1.3389,1.33855,1.3387,1500000000.0
2012-02-24 11:02:00,1.3387,1.33883,1.33863,1.33882,1238300018.3105469
2012-02-24 11:03:00,1.33883,1.33889,1.3388,1.33888,1209199981.6894531
2012-02-24 11:04:00,1.33888,1.33928,1.33885,1.3392,1865200042.7246094
2012-02-24 11:05:00,1.33921,1.33922,1.339,1.33904,1333099975.5859375
2012-02-24 11:06:00,1.33905,1.33932,1.33905,1.33931,1909100036.6210938
2012-02-24 11:07:00,1.33929,1.33936,1.33922,1.33932,1543800048.828125
2012-02-24 11:08:00,1.33932,1.33944,1.33921,1.33921,1582400054.9316406
2012-02-24 11:09:00,1.33918,1.33932,1.3391,1.33931,2066499938.9648438
2012-02-24 11:10:00,1.33929,1.33943,1.33919,1.33919,1610700073.2421875
2012-02-24 11:11:00,1.33919,1.33922,1.33905,1.33913,1395399932.8613281
2012-02-24 11:12:00,1.33915,1.33924,1.3391,1.33913,1823399963.3789062
2012-02-24 11:13:00,1.33913,1.33922,1.33906,1.3392,1283099975.5859375
2012-02-24 11:14:00,1.33918,1.3393,1.33909,1.3393,1017900009.1552734
2012-02-24 11:15:00,1.33938,1.33951,1.3393,1.33939,2564200134.2773438
2012-02-24 11:16:00,1.3394,1.33977,1.3394,1.33976,2218800048.828125
2012-02-24 11:17:00,1.33976,1.33981,1.33962,1.33966,1989199981.6894531
2012-02-24 11:18:00,1.33966,1.33972,1.3396,1.33968,2335899963.3789062
2012-02-24 11:19:00,1.33968,1.33974,1.33958,1.33973,2147299957.2753906
2012-02-24 11:20:00,1.33972,1.34002,1.33971,1.33993,2548099975.5859375
2012-02-24 11:21:00,1.33992,1.34012,1.33986,1.33992,2606300048.828125
2012-02-24 11:22:00,1.33997,1.34012,1.33989,1.34009,1635500030.5175781
2012-02-24 11:23:00,1.34008,1.34044,1.33999,1.34027,3050499877.9296875
2012-02-24 11:24:00,1.34029,1.34093,1.34025,1.34072,3432399902.34375
2012-02-24 11:25:00,1.34074,1.34113,1.34073,1.34097,3281799926.7578125
2012-02-24 11:26:00,1.34095,1.34112,1.34077,1.34097,3485799865.7226562
2012-02-24 11:27:00,1.34097,1.341,1.3408,1.34086,2298699951.171875
2012-02-24 11:28:00,1.34084,1.34088,1.3407,1.34075,1640800018.3105469
2012-02-24 11:29:00,1.34077,1.34077,1.34058,1.34065,2130000000.0
2012-02-24 11:30:00,1.34068,1.34068,1.34049,1.34058,2262799987.7929688
2012-02-24 11:31:00,1.34059,1.34103,1.34052,1.34102,2265500030.517578
2012-02-24 11:32:00,1.34102,1.34143,1.34101,1.34113,2820700073.2421875
2012-02-24 11:33:00,1.34113,1.3413,1.34098,1.34129,2435200042.7246094
2012-02-24 11:34:00,1.34127,1.34142,1.34117,1.34133,2365500030.517578
2012-02-24 11:35:00,1.34133,1.34184,1.34131,1.3418,2736499938.9648438
2012-02-24 11:36:00,1.34182,1.34182,1.34158,1.34168,4607799987.792969
2012-02-24 11:37:00,1.3417,1.3417,1.3414,1.34149,3641900024.4140625
2012-02-24 11:38:00,1.34147,1.34153,1.34117,1.34119,3027999877.9296875
2012-02-24 11:39:00,1.34119,1.34136,1.3409,1.34129,3424500122.0703125
2012-02-24 11:40:00,1.34129,1.34145,1.34122,1.34129,2554600067.138672
2012-02-24 11:41:00,1.34129,1.34151,1.34129,1.34142,2170800018.310547
2012-02-24 11:42:00,1.34142,1.34163,1.34137,1.34162,1702100067.1386719
2012-02-24 11:43:00,1.34161,1.34165,1.34141,1.34151,1488200073.2421875
2012-02-24 11:44:00,1.34152,1.34153,1.34126,1.34127,2796099853.515625
2012-02-24 11:45:00,1.34122,1.3413,1.34121,1.34123,2161600036.6210938
2012-02-24 11:46:00,1.34122,1.3414,1.34115,1.3413,2631499938.9648438
2012-02-24 11:47:00,1.34131,1.34159,1.34128,1.3414,2561600036.6210938
2012-02-24 11:48:00,1.3414,1.34159,1.34123,1.34131,2830899963.3789062
2012-02-24 11:49:00,1.34131,1.34176,1.34124,1.34167,2115700073.2421875
2012-02-24 11:50:00,1.34168,1.34173,1.3415,1.34161,1926600036.6210938
2012-02-24 11:51:00,1.34162,1.34165,1.34131,1.34133,2301600036.6210938
2012-02-24 11:52:00,1.34139,1.34149,1.34119,1.3413,3071799926.7578125
2012-02-24 11:53:00,1.3413,1.34137,1.34085,1.34096,2115099945.0683594
2012-02-24 11:54:00,1.34091,1.34108,1.34089,1.341,2765400085.4492188
2012-02-24 11:55:00,1.341,1.34128,1.341,1.34124,2654700012.2070312
2012-02-24 11:56:00,1.34124,1.34129,1.34114,1.34117,1782500000.0
2012-02-24 11:57:00,1.34118,1.34122,1.34099,1.34105,1730899963.3789062
2012-02-24 11:58:00,1.34105,1.34111,1.34095,1.34108,2463099975.5859375
2012-02-24 11:59:00,1.34108,1.34131,1.34108,1.34124,1602200012.2070312
2012-02-24 12:00:00,1.34126,1.34139,1.34119,1.34127,2040200042.7246094
2012-02-24 12:01:00,1.34127,1.34127,1.34111,1.34114,1832500000.0
2012-02-24 12:02:00,1.34114,1.34147,1.34114,1.34145,1719900054.9316406
2012-02-24 12:03:00,1.34143,1.34153,1.3413,1.3415,1873000030.5175781
2012-02-24 12:04:00,1.3415,1.34151,1.34109,1.34111,1698300018.3105469
2012-02-24 12:05:00,1.34111,1.34123,1.341,1.34102,2113999938.9648438
2012-02-24 12:06:00,1.34102,1.34113,1.34099,1.34101,2187299957.2753906
2012-02-24 12:07:00,1.34101,1.34109,1.341,1.34104,1626799926.7578125
2012-02-24 12:08:00,1.34107,1.3412,1.34086,1.34092,1913800048.828125
2012-02-24 12:09:00,1.34093,1.34123,1.34093,1.34116,2067700042.7246094
2012-02-24 12:10:00,1.34116,1.34134,1.34109,1.34119,2134600067.1386719
2012-02-24 12:11:00,1.34119,1.34162,1.34113,1.34147,2277899932.861328
2012-02-24 12:12:00,1.34146,1.34169,1.34135,1.34149,2086999969.4824219
2012-02-24 12:13:00,1.34152,1.34161,1.34146,1.34149,1827799987.7929688
2012-02-24 12:14:00,1.34149,1.34153,1.34133,1.34149,2258399963.3789062
2012-02-24 12:15:00,1.34148,1.34158,1.3414,1.34156,1396000061.0351562
2012-02-24 12:16:00,1.34153,1.3417,1.34138,1.34161,1455000000.0
2012-02-24 12:17:00,1.34169,1.3421,1.34166,1.34198,3250100097.65625
2012-02-24 12:18:00,1.34198,1.34243,1.34191,1.34242,3884299926.7578125
2012-02-24 12:19:00,1.34242,1.34248,1.34221,1.34226,3687799987.7929688
2012-02-24 12:20:00,1.34228,1.34232,1.3421,1.34231,2837600097.65625
2012-02-24 12:21:00,1.34231,1.34232,1.342,1.34213,2902900085.4492188
2012-02-24 12:22:00,1.34211,1.34213,1.3419,1.34202,3083500061.0351562
2012-02-24 12:23:00,1.34202,1.34242,1.34202,1.34239,4896099853.515625
2012-02-24 12:24:00,1.34239,1.34242,1.34222,1.34237,3202600097.65625
2012-02-24 12:25:00,1.34237,1.34249,1.34209,1.34209,2056100006.1035156
2012-02-24 12:26:00,1.34209,1.34209,1.34185,1.34189,2202299957.2753906
2012-02-24 12:27:00,1.3419,1.34207,1.3418,1.34187,2891099853.515625
2012-02-24 12:28:00,1.34187,1.34216,1.34187,1.34212,2030800018.3105469
2012-02-24 12:29:00,1.34208,1.34211,1.34195,1.34197,1943500061.0351562
2012-02-24 12:30:00,1.34199,1.34213,1.34192,1.34213,1982700042.7246094
2012-02-24 12:31:00,1.34213,1.34228,1.34203,1.34221,2278099975.5859375
2012-02-24 12:32:00,1.34224,1.34227,1.34209,1.34221,1695599975.5859375
2012-02-24 12:33:00,1.34223,1.34241,1.34214,1.34214,3595899963.3789062
2012-02-24 12:34:00,1.34214,1.34232,1.342,1.342,3551799926.7578125
2012-02-24 12:35:00,1.34201,1.34211,1.3417,1.3418,2652600097.65625
2012-02-24 12:36:00,1.34183,1.34183,1.3416,1.34165,2176100006.1035156
2012-02-24 12:37:00,1.34164,1.34165,1.34125,1.3413,2178000030.517578
2012-02-24 12:38:00,1.34133,1.3414,1.34128,1.3413,1229000015.258789
2012-02-24 12:39:00,1.3413,1.34141,1.3413,1.34141,1221100006.1035156
2012-02-24 12:40:00,1.34139,1.34143,1.34127,1.34137,1323099975.5859375
2012-02-24 12:41:00,1.34132,1.34138,1.34121,1.34123,1803099975.5859375
2012-02-24 12:42:00,1.34123,1.34129,1.34091,1.34099,2792699890.1367188
2012-02-24 12:43:00,1.34101,1.34103,1.34092,1.34101,1828600006.1035156
2012-02-24 12:44:00,1.34102,1.34112,1.34092,1.34111,1727899932.8613281
2012-02-24 12:45:00,1.3411,1.34122,1.34092,1.34116,2073699951.171875
2012-02-24 12:46:00,1.34116,1.34131,1.34112,1.34123,1945599975.5859375
2012-02-24 12:47:00,1.34123,1.34134,1.34117,1.34129,1388099975.5859375
2012-02-24 12:48:00,1.34132,1.34134,1.341,1.34101,1304900054.9316406
2012-02-24 12:49:00,1.34102,1.34136,1.341,1.34136,2483099975.5859375
2012-02-24 12:50:00,1.34136,1.3415,1.34131,1.34135,2762900085.4492188
2012-02-24 12:51:00,1.34133,1.34139,1.34124,1.34132,1647100067.1386719
2012-02-24 12:52:00,1.34132,1.34133,1.34107,1.34124,3062600097.65625
2012-02-24 12:53:00,1.34126,1.34131,1.34111,1.34124,1175199966.430664
2012-02-24 12:54:00,1.34123,1.34145,1.34123,1.34143,1735000000.0
2012-02-24 12:55:00,1.34145,1.34151,1.34133,1.34143,2353999938.9648438
2012-02-24 12:56:00,1.34143,1.34153,1.34129,1.34134,1807299957.2753906
2012-02-24 12:57:00,1.34134,1.34143,1.34131,1.34133,1152500000.0
2012-02-24 12:58:00,1.34133,1.34136,1.34123,1.34131,1053600006.1035156
2012-02-24 12:59:00,1.34128,1.34128,1.34098,1.34111,2539600067.138672
2012-02-24 13:00:00,1.34111,1.34117,1.34102,1.3411,1959900054.9316406
2012-02-24 13:01:00,1.3411,1.34117,1.34102,1.34117,1287700042.7246094
2012-02-24 13:02:00,1.34117,1.34153,1.34117,1.34153,1623999938.9648438
2012-02-24 13:03:00,1.34153,1.34155,1.34138,1.34138,1872700042.7246094
2012-02-24 13:04:00,1.34141,1.34153,1.34132,1.34132,1882799987.7929688
2012-02-24 13:05:00,1.34136,1.34151,1.34123,1.34151,1858800048.828125
2012-02-24 13:06:00,1.34151,1.34192,1.34144,1.34191,2332299957.2753906
2012-02-24 13:07:00,1.34191,1.34217,1.34179,1.34182,2273800048.828125
2012-02-24 13:08:00,1.34182,1.34182,1.34153,1.34172,1998300018.3105469
2012-02-24 13:09:00,1.34172,1.34179,1.3416,1.34165,2083899993.8964844
2012-02-24 13:10:00,1.34168,1.34183,1.34163,1.34169,1809299926.7578125
2012-02-24 13:11:00,1.34168,1.34191,1.34138,1.34142,2715700073.2421875
2012-02-24 13:12:00,1.34142,1.34157,1.3413,1.34144,1761799926.7578125
2012-02-24 13:13:00,1.34144,1.34178,1.34144,1.34145,2296199951.171875
2012-02-24 13:14:00,1.34144,1.34152,1.341,1.34112,3020799865.7226562
2012-02-24 13:15:00,1.34112,1.34121,1.3409,1.3409,2481900024.4140625
2012-02-24 13:16:00,1.34091,1.34095,1.3407,1.34074,2794800109.8632812
2012-02-24 13:17:00,1.34074,1.34086,1.34072,1.34083,1883399963.3789062
2012-02-24 13:18:00,1.34083,1.34102,1.34081,1.34095,2302599945.0683594
2012-02-24 13:19:00,1.34095,1.34101,1.34078,1.34101,2003699951.171875
2012-02-24 13:20:00,1.34107,1.34114,1.34081,1.34084,2463999938.9648438
2012-02-24 13:21:00,1.34084,1.34103,1.34084,1.34092,2174499969.482422
2012-02-24 13:22:00,1.34092,1.34102,1.34078,1.34097,1570099945.0683594
2012-02-24 13:23:00,1.34097,1.34101,1.34078,1.34083,1783300018.3105469
2012-02-24 13:24:00,1.34083,1.34085,1.34065,1.34081,915599975.5859375
2012-02-24 13:25:00,1.34079,1.34084,1.34046,1.34057,2166600036.6210938
2012-02-24 13:26:00,1.34056,1.34065,1.34048,1.34057,2518200073.2421875
2012-02-24 13:27:00,1.34059,1.3406,1.34048,1.34048,1831999969.4824219
2012-02-24 13:28:00,1.34052,1.34052,1.34036,1.34047,1601600036.6210938
2012-02-24 13:29:00,1.34049,1.34061,1.3404,1.3404,1602400054.9316406
2012-02-24 13:30:00,1.34042,1.34061,1.34041,1.34059,2290000000.0
2012-02-24 13:31:00,1.34059,1.34061,1.34049,1.34051,1238499984.741211
2012-02-24 13:32:00,1.34051,1.3407,1.3404,1.3407,1578500061.0351562
2012-02-24 13:33:00,1.34069,1.3409,1.34064,1.3409,1944499969.4824219
2012-02-24 13:34:00,1.34091,1.34111,1.34091,1.34111,2556600036.6210938
2012-02-24 13:35:00,1.3411,1.34113,1.3409,1.34101,1378000030.5175781
2012-02-24 13:36:00,1.341,1.34122,1.341,1.34112,1697299957.2753906
2012-02-24 13:37:00,1.34114,1.34123,1.341,1.34112,2019600067.1386719
2012-02-24 13:38:00,1.34112,1.34124,1.34102,1.34121,2246199951.171875
2012-02-24 13:39:00,1.3412,1.34123,1.34101,1.34111,1421499938.9648438
2012-02-24 13:40:00,1.34111,1.34131,1.3411,1.34127,2088999938.9648438
2012-02-24 13:41:00,1.34126,1.34127,1.34084,1.34099,2465700073.2421875
2012-02-24 13:42:00,1.341,1.34112,1.34081,1.34081,1978200073.2421875
2012-02-24 13:43:00,1.34076,1.34085,1.34065,1.34081,2189700012.2070312
2012-02-24 13:44:00,1.34081,1.34081,1.34049,1.34061,1954199981.6894531
2012-02-24 13:45:00,1.34061,1.34074,1.34057,1.3407,2464799957.2753906
2012-02-24 13:46:00,1.3407,1.34101,1.3407,1.34096,1923800048.828125
2012-02-24 13:47:00,1.34098,1.34115,1.34097,1.34102,2256499938.9648438
2012-02-24 13:48:00,1.34102,1.34153,1.34099,1.34153,1860200042.7246094
2012-02-24 13:49:00,1.34152,1.34161,1.3414,1.34152,1352500000.0
2012-02-24 13:50:00,1.34152,1.34152,1.34128,1.34142,2155399932.861328
2012-02-24 13:51:00,1.34142,1.34159,1.34129,1.34129,1582200012.2070312
2012-02-24 13:52:00,1.34131,1.34151,1.34129,1.34151,1361699981.6894531
2012-02-24 13:53:00,1.34151,1.34155,1.34097,1.34101,2386100006.1035156
2012-02-24 13:54:00,1.34101,1.34117,1.34087,1.34106,2876799926.7578125
2012-02-24 13:55:00,1.34106,1.34135,1.34104,1.34131,1972799987.7929688
2012-02-24 13:56:00,1.34131,1.34153,1.34131,1.34139,1255100021.3623047
2012-02-24 13:57:00,1.34139,1.34149,1.34102,1.34111,2156999969.482422
2012-02-24 13:58:00,1.3411,1.34113,1.34092,1.34092,1959900054.9316406
2012-02-24 13:59:00,1.34092,1.34104,1.34082,1.34099,1798500061.0351562
2012-02-24 14:00:00,1.34099,1.34101,1.3406,1.34078,3233200073.2421875
2012-02-24 14:01:00,1.34073,1.34074,1.34043,1.3405,2486699981.689453
2012-02-24 14:02:00,1.3405,1.34059,1.34046,1.34052,2287100067.138672
2012-02-24 14:03:00,1.34052,1.34061,1.3405,1.34055,1782400054.9316406
2012-02-24 14:04:00,1.34053,1.34072,1.34049,1.34069,1803899993.8964844
2012-02-24 14:05:00,1.34071,1.34091,1.3407,1.34091,1995299987.7929688
2012-02-24 14:06:00,1.34091,1.34093,1.34081,1.34082,1126900024.4140625
2012-02-24 14:07:00,1.34079,1.34079,1.34044,1.34044,2103899993.8964844
2012-02-24 14:08:00,1.34041,1.34056,1.34037,1.34041,2497200012.2070312
2012-02-24 14:09:00,1.3404,1.34074,1.3404,1.34068,2729599914.5507812
2012-02-24 14:10:00,1.34071,1.34071,1.34049,1.34051,1796900024.4140625
2012-02-24 14:11:00,1.34052,1.34084,1.34041,1.34067,2607600097.65625
2012-02-24 14:12:00,1.34065,1.3409,1.3406,1.34089,2789299926.7578125
2012-02-24 14:13:00,1.34089,1.34101,1.34073,1.34098,3042699890.1367188
2012-02-24 14:14:00,1.34092,1.34108,1.3408,1.34089,2459400024.4140625
2012-02-24 14:15:00,1.3409,1.34142,1.3409,1.34134,2498500061.0351562
2012-02-24 14:16:00,1.34134,1.34159,1.34117,1.34117,2696600036.6210938
2012-02-24 14:17:00,1.34118,1.34141,1.3411,1.34134,2674800109.8632812
2012-02-24 14:18:00,1.34133,1.34151,1.34126,1.34149,2639700012.2070312
2012-02-24 14:19:00,1.34151,1.34153,1.34117,1.34121,2164199981.689453
2012-02-24 14:20:00,1.3412,1.3413,1.3411,1.34129,1873500061.0351562
2012-02-24 14:21:00,1.3413,1.34136,1.34092,1.34094,2273699951.171875
2012-02-24 14:22:00,1.34092,1.34111,1.34091,1.3411,2344199981.689453
2012-02-24 14:23:00,1.3411,1.34119,1.341,1.3411,2811499938.9648438
2012-02-24 14:24:00,1.3411,1.34166,1.3411,1.34163,2121300048.828125
2012-02-24 14:25:00,1.34165,1.34214,1.34159,1.34189,2737900085.4492188
2012-02-24 14:26:00,1.34189,1.34204,1.34187,1.34196,2445000000.0
2012-02-24 14:27:00,1.34196,1.342,1.34179,1.34198,1526199951.171875
2012-02-24 14:28:00,1.34199,1.3423,1.34199,1.3421,2368300018.310547
2012-02-24 14:29:00,1.3421,1.34217,1.34203,1.3421,3144700012.2070312
2012-02-24 14:30:00,1.34209,1.34221,1.34189,1.34198,2842999877.9296875
2012-02-24 14:31:00,1.34198,1.3421,1.34181,1.3421,2641199951.171875
2012-02-24 14:32:00,1.34211,1.34281,1.34209,1.34278,2908800048.828125
2012-02-24 14:33:00,1.34277,1.34302,1.34248,1.34288,3864700012.2070312
2012-02-24 14:34:00,1.3429,1.34301,1.34254,1.34254,3236799926.7578125
2012-02-24 14:35:00,1.34254,1.34296,1.3425,1.34278,2687900085.4492188
2012-02-24 14:36:00,1.34278,1.34281,1.34241,1.34254,3407600097.65625
2012-02-24 14:37:00,1.34254,1.34257,1.34212,1.34222,2351999969.482422
2012-02-24 14:38:00,1.34222,1.34229,1.34209,1.34221,1751600036.6210938
2012-02-24 14:39:00,1.34222,1.34254,1.34222,1.34248,2375500030.517578
2012-02-24 14:40:00,1.3425,1.34255,1.34226,1.34239,2569899902.34375
2012-02-24 14:41:00,1.3424,1.34252,1.34209,1.34226,3065199890.1367188
2012-02-24 14:42:00,1.34224,1.34231,1.34212,1.34222,2785400085.4492188
2012-02-24 14:43:00,1.34222,1.34304,1.34222,1.34282,3259500122.0703125
2012-02-24 14:44:00,1.34285,1.3431,1.34267,1.34294,2295299987.7929688
2012-02-24 14:45:00,1.34293,1.34294,1.34255,1.34274,2952799987.7929688
2012-02-24 14:46:00,1.3428,1.34378,1.34275,1.3436,3687399902.34375
2012-02-24 14:47:00,1.34358,1.34416,1.34358,1.34388,3849899902.34375
2012-02-24 14:48:00,1.34388,1.34411,1.34388,1.34407,3783599853.515625
2012-02-24 14:49:00,1.34405,1.34411,1.34387,1.34402,3407900085.4492188
2012-02-24 14:50:00,1.34402,1.34443,1.34402,1.3444,3647399902.34375
2012-02-24 14:51:00,1.3444,1.34471,1.34437,1.34445,3208800048.828125
2012-02-24 14:52:00,1.34445,1.34497,1.34445,1.34473,4835499877.9296875
2012-02-24 14:53:00,1.34473,1.34527,1.34465,1.34527,4137500000.0
2012-02-24 14:54:00,1.34528,1.34555,1.34489,1.3449,2864200134.2773438
2012-02-24 14:55:00,1.3449,1.34508,1.3447,1.3448,3212699890.1367188
2012-02-24 14:56:00,1.3448,1.34494,1.3448,1.3449,2962799987.7929688
2012-02-24 14:57:00,1.34492,1.34496,1.34449,1.34463,3060499877.9296875
2012-02-24 14:58:00,1.34463,1.34474,1.34458,1.34458,2048000030.5175781
2012-02-24 14:59:00,1.34455,1.34525,1.34448,1.3452,3657500000.0
2012-02-24 15:00:00,1.34521,1.34535,1.34466,1.34467,3718200073.2421875
2012-02-24 15:01:00,1.34467,1.34478,1.34459,1.34478,1915500030.5175781
2012-02-24 15:02:00,1.34479,1.34509,1.34467,1.34483,2798699951.171875
2012-02-24 15:03:00,1.3448,1.34489,1.34446,1.34448,3020000000.0
2012-02-24 15:04:00,1.34446,1.3447,1.34446,1.34462,2877500000.0
2012-02-24 15:05:00,1.34461,1.34481,1.3446,1.34476,2362400054.9316406
2012-02-24 15:06:00,1.34477,1.34541,1.34477,1.34541,3201199951.171875
2012-02-24 15:07:00,1.34539,1.34558,1.34508,1.34558,3978399963.3789062
2012-02-24 15:08:00,1.34559,1.34623,1.34551,1.34609,4352399902.34375
2012-02-24 15:09:00,1.34607,1.34659,1.34594,1.34649,3169200134.2773438
2012-02-24 15:10:00,1.34649,1.34666,1.34626,1.34628,4008800048.828125
2012-02-24 15:11:00,1.34628,1.34666,1.3461,1.34664,3524299926.7578125
2012-02-24 15:12:00,1.34668,1.3472,1.34668,1.34717,4829299926.7578125
2012-02-24 15:13:00,1.34717,1.34721,1.34704,1.34715,2974899902.34375
2012-02-24 15:14:00,1.34717,1.34726,1.34699,1.34699,2909200134.2773438
2012-02-24 15:15:00,1.34699,1.34751,1.34699,1.34735,3502600097.65625
2012-02-24 15:16:00,1.34734,1.34743,1.34711,1.34712,3297600097.65625
2012-02-24 15:17:00,1.34712,1.34749,1.34712,1.34741,2114700012.2070312
2012-02-24 15:18:00,1.34741,1.34752,1.3471,1.34741,2777799987.7929688
2012-02-24 15:19:00,1.3474,1.3474,1.34703,1.34703,2501699981.689453
2012-02-24 15:20:00,1.34704,1.34708,1.34662,1.34674,2965700073.2421875
2012-02-24 15:21:00,1.34675,1.34678,1.34648,1.34659,2495899963.3789062
2012-02-24 15:22:00,1.34657,1.34663,1.34634,1.34646,3072900085.4492188
2012-02-24 15:23:00,1.34644,1.34645,1.34607,1.34616,2820299987.7929688
2012-02-24 15:24:00,1.34612,1.34619,1.34587,1.34587,2978599853.515625
2012-02-24 15:25:00,1.34587,1.34597,1.34577,1.34595,2522400054.9316406
2012-02-24 15:26:00,1.34593,1.34621,1.34588,1.34613,2260399932.861328
2012-02-24 15:27:00,1.34614,1.34616,1.34589,1.34615,2360099945.0683594
2012-02-24 15:28:00,1.34615,1.34655,1.34611,1.3465,2181900024.4140625
2012-02-24 15:29:00,1.34648,1.34655,1.34626,1.34634,2072799987.7929688
2012-02-24 15:30:00,1.34635,1.34653,1.34632,1.34653,2148300018.310547
2012-02-24 15:31:00,1.34653,1.34653,1.34633,1.34641,1822700042.7246094
2012-02-24 15:32:00,1.34643,1.34643,1.3463,1.34631,1781900024.4140625
2012-02-24 15:33:00,1.34631,1.34653,1.3463,1.34652,1897299957.2753906
2012-02-24 15:34:00,1.34652,1.34654,1.3461,1.34622,2602200012.2070312
2012-02-24 15:35:00,1.34622,1.34635,1.3462,1.3462,2061000061.0351562
2012-02-24 15:36:00,1.34619,1.34628,1.346,1.34611,2041499938.9648438
2012-02-24 15:37:00,1.34611,1.34619,1.34599,1.34617,1725099945.0683594
2012-02-24 15:38:00,1.34617,1.3462,1.34608,1.34608,2099600067.1386719
2012-02-24 15:39:00,1.34609,1.34614,1.34592,1.3461,1986000061.0351562
2012-02-24 15:40:00,1.34609,1.34611,1.34575,1.34589,2297299957.2753906
2012-02-24 15:41:00,1.34588,1.34607,1.34577,1.34602,2061199951.171875
2012-02-24 15:42:00,1.34602,1.3463,1.34602,1.34627,2452400054.9316406
2012-02-24 15:43:00,1.34625,1.34653,1.34617,1.34653,2411999969.482422
2012-02-24 15:44:00,1.34652,1.34663,1.34639,1.34658,2276799926.7578125
2012-02-24 15:45:00,1.34659,1.34672,1.34652,1.34672,2456499938.9648438
2012-02-24 15:46:00,1.34672,1.34672,1.3461,1.34622,1970399932.8613281
2012-02-24 15:47:00,1.34621,1.34655,1.34619,1.34654,2193300018.310547
2012-02-24 15:48:00,1.34655,1.34663,1.3464,1.34659,2618299865.7226562
2012-02-24 15:49:00,1.34659,1.34672,1.34643,1.34651,2249900054.9316406
2012-02-24 15:50:00,1.3465,1.34662,1.34649,1.34652,2142500000.0
2012-02-24 15:51:00,1.34651,1.34655,1.34621,1.34621,1968899993.8964844
2012-02-24 15:52:00,1.34621,1.34623,1.3459,1.34591,2264400024.4140625
2012-02-24 15:53:00,1.3459,1.34596,1.34561,1.34563,2551900024.4140625
2012-02-24 15:54:00,1.34563,1.34573,1.34554,1.34556,2952099914.5507812
2012-02-24 15:55:00,1.3455,1.3458,1.34544,1.3458,1976799926.7578125
2012-02-24 15:56:00,1.34582,1.34591,1.3457,1.34577,2360899963.3789062
2012-02-24 15:57:00,1.34579,1.34589,1.3457,1.34583,2556300048.828125
2012-02-24 15:58:00,1.34583,1.34603,1.34565,1.346,2483800048.828125
2012-02-24 15:59:00,1.346,1.3464,1.3459,1.34631,3789700012.2070312
2012-02-24 16:00:00,1.34635,1.34653,1.34628,1.34649,3462500000.0
2012-02-24 16:01:00,1.3465,1.34657,1.3464,1.34656,2526499938.9648438
2012-02-24 16:02:00,1.3466,1.34677,1.34654,1.3467,2795199890.1367188
2012-02-24 16:03:00,1.3467,1.3469,1.34667,1.34673,2386799926.7578125
2012-02-24 16:04:00,1.34672,1.34674,1.34654,1.34655,2415099945.0683594
2012-02-24 16:05:00,1.34655,1.34667,1.34647,1.34656,2091699981.6894531
2012-02-24 16:06:00,1.34654,1.34671,1.34651,1.34653,1802400054.9316406
2012-02-24 16:07:00,1.34653,1.34662,1.34649,1.34652,1906000061.0351562
2012-02-24 16:08:00,1.34652,1.34695,1.3465,1.34695,2016799926.7578125
2012-02-24 16:09:00,1.34695,1.34722,1.34682,1.34711,2927500000.0
2012-02-24 16:10:00,1.34711,1.34712,1.34691,1.34691,1772299957.2753906
2012-02-24 16:11:00,1.34685,1.34701,1.34679,1.347,2298600006.1035156
2012-02-24 16:12:00,1.347,1.34711,1.34688,1.34711,1713999938.9648438
2012-02-24 16:13:00,1.3471,1.3471,1.3468,1.34688,2250299987.7929688
2012-02-24 16:14:00,1.34688,1.3469,1.34662,1.34671,2431600036.6210938
2012-02-24 16:15:00,1.34677,1.34688,1.34653,1.34658,2855899963.3789062
2012-02-24 16:16:00,1.34658,1.34666,1.34627,1.34635,2937799987.7929688
2012-02-24 16:17:00,1.34635,1.34638,1.34616,1.34617,2015399932.8613281
2012-02-24 16:18:00,1.34615,1.34632,1.34608,1.3462,1858300018.3105469
2012-02-24 16:19:00,1.34619,1.34625,1.34607,1.34619,1567599945.0683594
2012-02-24 16:20:00,1.34619,1.3462,1.34575,1.34609,2347799987.7929688
2012-02-24 16:21:00,1.34608,1.34612,1.34597,1.34597,1423800048.828125
2012-02-24 16:22:00,1.34596,1.34613,1.34596,1.34608,1473800048.828125
2012-02-24 16:23:00,1.34607,1.34612,1.34605,1.34612,1928399963.3789062
2012-02-24 16:24:00,1.34612,1.34622,1.34609,1.34611,1586699981.6894531
2012-02-24 16:25:00,1.34611,1.34623,1.34606,1.34614,2269700012.2070312
2012-02-24 16:26:00,1.3461,1.34631,1.34609,1.3463,1245500030.5175781
2012-02-24 16:27:00,1.3463,1.34663,1.3463,1.34659,1800599975.5859375
2012-02-24 16:28:00,1.3466,1.34708,1.34648,1.34683,2549700012.2070312
2012-02-24 16:29:00,1.34684,1.34691,1.34675,1.34691,1817100067.1386719
2012-02-24 16:30:00,1.34691,1.34698,1.34687,1.3469,1265899963.3789062
2012-02-24 16:31:00,1.3469,1.34693,1.34669,1.34681,1758699951.171875
2012-02-24 16:32:00,1.34681,1.34684,1.34649,1.34649,2053300018.3105469
2012-02-24 16:33:00,1.34649,1.3466,1.34626,1.34626,2025299987.7929688
2012-02-24 16:34:00,1.34626,1.34632,1.34599,1.34601,1735299987.7929688
2012-02-24 16:35:00,1.346,1.34627,1.346,1.34619,2317200012.2070312
2012-02-24 16:36:00,1.34619,1.34629,1.34599,1.34607,1846000061.0351562
2012-02-24 16:37:00,1.34607,1.3463,1.34607,1.34628,1545399932.8613281
2012-02-24 16:38:00,1.34628,1.34682,1.34627,1.34679,2439799957.2753906
2012-02-24 16:39:00,1.34679,1.34691,1.34676,1.34676,1743300018.3105469
2012-02-24 16:40:00,1.34675,1.34675,1.34639,1.3464,1734499969.4824219
2012-02-24 16:41:00,1.34639,1.34665,1.3463,1.34638,2085299987.7929688
2012-02-24 16:42:00,1.34638,1.3464,1.34605,1.3461,1313500061.0351562
2012-02-24 16:43:00,1.34611,1.3463,1.34611,1.34612,1443699951.171875
2012-02-24 16:44:00,1.34612,1.34621,1.34602,1.34603,1225299987.7929688
2012-02-24 16:45:00,1.34605,1.34614,1.34595,1.34595,1561600036.6210938
2012-02-24 16:46:00,1.34595,1.34602,1.34582,1.34599,1444700012.2070312
2012-02-24 16:47:00,1.34599,1.34612,1.34578,1.34579,1952400054.9316406
2012-02-24 16:48:00,1.34579,1.34634,1.34579,1.34634,1624900054.9316406
2012-02-24 16:49:00,1.34637,1.34644,1.34619,1.34619,1823000030.5175781
2012-02-24 16:50:00,1.34622,1.34633,1.34619,1.34629,1692200012.2070312
2012-02-24 16:51:00,1.3463,1.34642,1.34619,1.34641,1488200073.2421875
2012-02-24 16:52:00,1.34641,1.34655,1.34631,1.34631,1420899963.3789062
2012-02-24 16:53:00,1.34631,1.34645,1.3463,1.34638,1603399963.3789062
2012-02-24 16:54:00,1.34638,1.34651,1.34632,1.34636,1650200042.7246094
2012-02-24 16:55:00,1.34629,1.34653,1.34629,1.34649,1495000000.0
2012-02-24 16:56:00,1.34651,1.34653,1.34628,1.34629,1188399963.3789062
2012-02-24 16:57:00,1.3463,1.34635,1.34621,1.34621,1158099975.5859375
2012-02-24 16:58:00,1.34628,1.34634,1.34619,1.34631,1259100036.6210938
2012-02-24 16:59:00,1.3463,1.34634,1.34621,1.34621,1381000061.0351562
2012-02-24 17:00:00,1.34621,1.34621,1.34599,1.34607,1701799926.7578125
2012-02-24 17:01:00,1.34606,1.34608,1.34596,1.34603,1858699951.171875
2012-02-24 17:02:00,1.34603,1.34612,1.34597,1.34612,981800003.0517578
2012-02-24 17:03:00,1.34611,1.34623,1.34609,1.34609,1365500030.5175781
2012-02-24 17:04:00,1.34609,1.34618,1.34602,1.34604,1249499969.4824219
2012-02-24 17:05:00,1.34604,1.34623,1.34601,1.34623,1691999969.4824219
2012-02-24 17:06:00,1.34623,1.34623,1.34613,1.34621,1595200042.7246094
2012-02-24 17:07:00,1.34622,1.34642,1.34621,1.3464,1451699981.6894531
2012-02-24 17:08:00,1.3464,1.3465,1.34638,1.34649,1245699996.9482422
2012-02-24 17:09:00,1.34649,1.3465,1.34629,1.3464,1691699981.6894531
2012-02-24 17:10:00,1.3464,1.34653,1.3464,1.34652,1368300018.3105469
2012-02-24 17:11:00,1.34651,1.34653,1.34641,1.34641,1045000000.0
2012-02-24 17:12:00,1.34641,1.34649,1.3464,1.34642,834000015.2587891
2012-02-24 17:13:00,1.34642,1.34643,1.34628,1.34629,1443099975.5859375
2012-02-24 17:14:00,1.34628,1.34631,1.34613,1.34628,1893500061.0351562
2012-02-24 17:15:00,1.3463,1.3463,1.34614,1.3462,1679299926.7578125
2012-02-24 17:16:00,1.3462,1.34632,1.34615,1.34632,1444100036.6210938
2012-02-24 17:17:00,1.34632,1.3465,1.34626,1.34626,1712400054.9316406
2012-02-24 17:18:00,1.34629,1.34639,1.34627,1.34637,1541900024.4140625
2012-02-24 17:19:00,1.34637,1.34649,1.34637,1.3464,1822899932.8613281
2012-02-24 17:20:00,1.34641,1.34652,1.34639,1.34648,1505099945.0683594
2012-02-24 17:21:00,1.3465,1.34672,1.34643,1.3467,1523800048.828125
2012-02-24 17:22:00,1.3467,1.34684,1.34661,1.3467,2057899932.8613281
2012-02-24 17:23:00,1.3467,1.34674,1.34663,1.34672,1110400009.1552734
2012-02-24 17:24:00,1.34672,1.34672,1.34659,1.34666,1859499969.4824219
2012-02-24 17:25:00,1.34666,1.34668,1.34665,1.34668,618600006.1035156
2012-02-24 17:26:00,1.34668,1.34672,1.34659,1.34659,1274400024.4140625
2012-02-24 17:27:00,1.3466,1.34665,1.3465,1.3465,1283600006.1035156
2012-02-24 17:28:00,1.3465,1.34677,1.34648,1.34669,1678999938.9648438
2012-02-24 17:29:00,1.34667,1.34671,1.34665,1.34669,1363800048.828125
2012-02-24 17:30:00,1.34669,1.3467,1.34641,1.34643,2096699981.6894531
2012-02-24 17:31:00,1.34643,1.34647,1.34611,1.34619,1559400024.4140625
2012-02-24 17:32:00,1.34618,1.3463,1.34612,1.34626,1412899932.8613281
2012-02-24 17:33:00,1.34626,1.3463,1.34619,1.34627,1450599975.5859375
2012-02-24 17:34:00,1.34627,1.34649,1.34626,1.34647,1345700073.2421875
2012-02-24 17:35:00,1.34646,1.34651,1.34635,1.34641,987799987.7929688
2012-02-24 17:36:00,1.34644,1.3465,1.34638,1.34638,1770200042.7246094
2012-02-24 17:37:00,1.34638,1.34651,1.34638,1.3465,1332799987.7929688
2012-02-24 17:38:00,1.3465,1.34663,1.34649,1.34659,1618699951.171875
2012-02-24 17:39:00,1.34658,1.34659,1.3465,1.34652,1926199951.171875
2012-02-24 17:40:00,1.34653,1.34658,1.34647,1.34656,1184199981.6894531
2012-02-24 17:41:00,1.34657,1.34659,1.34648,1.34659,1207799987.7929688
2012-02-24 17:42:00,1.34659,1.34662,1.34645,1.34662,1322799987.7929688
2012-02-24 17:43:00,1.34662,1.34673,1.34662,1.34672,840599975.5859375
2012-02-24 17:44:00,1.34671,1.34683,1.34671,1.34681,1668200073.2421875
2012-02-24 17:45:00,1.34682,1.34684,1.34672,1.34673,1168399963.3789062
2012-02-24 17:46:00,1.34673,1.34679,1.34671,1.34671,1387500000.0
2012-02-24 17:47:00,1.34671,1.34675,1.34667,1.34669,1192799987.7929688
2012-02-24 17:48:00,1.34669,1.3467,1.34659,1.34668,1152699966.430664
2012-02-24 17:49:00,1.34668,1.34672,1.34659,1.34663,974400024.4140625
2012-02-24 17:50:00,1.34664,1.34665,1.34659,1.34661,1327799987.7929688
2012-02-24 17:51:00,1.34661,1.34702,1.34661,1.34696,2126300048.828125
2012-02-24 17:52:00,1.34696,1.34699,1.3469,1.34691,1924900054.9316406
2012-02-24 17:53:00,1.34691,1.34691,1.34678,1.34678,1234300003.0517578
2012-02-24 17:54:00,1.34678,1.3468,1.34665,1.34673,1123099975.5859375
2012-02-24 17:55:00,1.34671,1.34672,1.34658,1.34659,1263700027.4658203
2012-02-24 17:56:00,1.34659,1.34665,1.34633,1.34638,2211000061.0351562
2012-02-24 17:57:00,1.34636,1.34656,1.34636,1.3465,1391199951.171875
2012-02-24 17:58:00,1.3465,1.34657,1.34638,1.34649,1963300018.3105469
2012-02-24 17:59:00,1.34649,1.34651,1.34619,1.3462,2661099853.515625
2012-02-24 18:00:00,1.34625,1.34663,1.3462,1.3466,1899499969.4824219
2012-02-24 18:01:00,1.3466,1.34715,1.3466,1.34713,1674700012.2070312
2012-02-24 18:02:00,1.34712,1.34832,1.34709,1.34819,3347399902.34375
2012-02-24 18:03:00,1.34819,1.34819,1.34782,1.34793,2793099975.5859375
2012-02-24 18:04:00,1.34789,1.34857,1.34787,1.34808,3498399963.3789062
2012-02-24 18:05:00,1.3481,1.34829,1.3478,1.3478,2537700042.7246094
2012-02-24 18:06:00,1.3478,1.34803,1.34779,1.34801,1489499969.4824219
2012-02-24 18:07:00,1.34799,1.34817,1.34771,1.34772,1967100067.1386719
2012-02-24 18:08:00,1.34772,1.34812,1.34772,1.34796,2170899963.3789062
2012-02-24 18:09:00,1.34795,1.34801,1.34782,1.34784,1726999969.4824219
2012-02-24 18:10:00,1.34782,1.34798,1.34775,1.34787,2284299926.7578125
2012-02-24 18:11:00,1.34787,1.34796,1.34787,1.34793,1628800048.828125
2012-02-24 18:12:00,1.34795,1.34802,1.34786,1.34786,1060800018.3105469
2012-02-24 18:13:00,1.34787,1.3479,1.3477,1.3478,2566700134.2773438
2012-02-24 18:14:00,1.34779,1.34787,1.34775,1.34786,1195199966.430664
2012-02-24 18:15:00,1.34785,1.3479,1.3477,1.3479,1515399932.8613281
2012-02-24 18:16:00,1.3479,1.34813,1.3479,1.34811,1918800048.828125
2012-02-24 18:17:00,1.34811,1.34822,1.34806,1.34806,1595899963.3789062
2012-02-24 18:18:00,1.34806,1.34815,1.3479,1.34801,1799499969.4824219
2012-02-24 18:19:00,1.34801,1.34806,1.34797,1.34797,1450200042.7246094
2012-02-24 18:20:00,1.34797,1.34806,1.34787,1.34795,1727799987.7929688
2012-02-24 18:21:00,1.34795,1.34801,1.34779,1.34785,1470200042.7246094
2012-02-24 18:22:00,1.34787,1.34789,1.3478,1.34788,856999969.4824219
2012-02-24 18:23:00,1.34789,1.34796,1.34779,1.34787,1420299987.7929688
2012-02-24 18:24:00,1.34789,1.3479,1.34777,1.34779,1441300048.828125
2012-02-24 18:25:00,1.3478,1.34783,1.34766,1.34769,1258899993.8964844
2012-02-24 18:26:00,1.34767,1.34771,1.34764,1.34767,1189899978.6376953
2012-02-24 18:27:00,1.34767,1.3477,1.34755,1.34766,1109499969.4824219
2012-02-24 18:28:00,1.34765,1.34766,1.34743,1.34744,1618500061.0351562
2012-02-24 18:29:00,1.34744,1.34747,1.3473,1.3473,1020500030.5175781
2012-02-24 18:30:00,1.34731,1.34759,1.34731,1.34759,1059300003.0517578
2012-02-24 18:31:00,1.34759,1.34768,1.34747,1.34747,1128199996.9482422
2012-02-24 18:32:00,1.34747,1.34767,1.34742,1.34766,1122900009.1552734
2012-02-24 18:33:00,1.34766,1.34766,1.34745,1.34752,1517400054.9316406
2012-02-24 18:34:00,1.34752,1.34759,1.34744,1.34756,1700899963.3789062
2012-02-24 18:35:00,1.34753,1.34753,1.34734,1.34737,1470399932.8613281
2012-02-24 18:36:00,1.34737,1.34741,1.34737,1.3474,502500000.0
2012-02-24 18:37:00,1.3474,1.34749,1.34738,1.34746,637400016.784668
2012-02-24 18:38:00,1.34746,1.34746,1.34715,1.3473,1462299957.2753906
2012-02-24 18:39:00,1.3473,1.34742,1.34727,1.34728,1107099990.8447266
2012-02-24 18:40:00,1.34728,1.34731,1.34717,1.34724,1078600006.1035156
2012-02-24 18:41:00,1.34726,1.34738,1.34723,1.34726,1790899963.3789062
2012-02-24 18:42:00,1.34726,1.34726,1.34725,1.34725,417099990.84472656
2012-02-24 18:43:00,1.34723,1.34724,1.34712,1.34715,1016399993.8964844
2012-02-24 18:44:00,1.34715,1.34718,1.347,1.347,1365099945.0683594
2012-02-24 18:45:00,1.34706,1.34706,1.34683,1.34683,1948699951.171875
2012-02-24 18:46:00,1.34681,1.34681,1.34665,1.34668,1256900024.4140625
2012-02-24 18:47:00,1.34668,1.34671,1.34662,1.34669,1164400024.4140625
2012-02-24 18:48:00,1.34669,1.34681,1.34665,1.34668,1392100067.1386719
2012-02-24 18:49:00,1.3466,1.34663,1.34635,1.34638,1640800018.3105469
2012-02-24 18:50:00,1.3464,1.34653,1.3464,1.34645,1468399963.3789062
2012-02-24 18:51:00,1.34644,1.34682,1.34643,1.34669,1654199981.6894531
2012-02-24 18:52:00,1.34669,1.34671,1.34644,1.34651,1045599975.5859375
2012-02-24 18:53:00,1.34649,1.34669,1.34637,1.34667,1758800048.828125
2012-02-24 18:54:00,1.34667,1.34667,1.34643,1.34643,652900009.1552734
2012-02-24 18:55:00,1.34643,1.34643,1.34605,1.3461,1772299957.2753906
2012-02-24 18:56:00,1.3461,1.34613,1.346,1.34604,1622700042.7246094
2012-02-24 18:57:00,1.34604,1.34616,1.34604,1.34612,1597700042.7246094
2012-02-24 18:58:00,1.34611,1.34627,1.3461,1.34623,1123099975.5859375
2012-02-24 18:59:00,1.34623,1.34643,1.34623,1.34643,1434299926.7578125
2012-02-24 19:00:00,1.34643,1.34656,1.34639,1.3464,1509299926.7578125
2012-02-24 19:01:00,1.3464,1.34663,1.3464,1.34653,930199966.4306641
2012-02-24 19:02:00,1.34651,1.34653,1.34642,1.34642,1280299987.7929688
2012-02-24 19:03:00,1.34641,1.34653,1.34639,1.34642,829599990.8447266
2012-02-24 19:04:00,1.34642,1.3465,1.34642,1.3465,1054599990.8447266
2012-02-24 19:05:00,1.3465,1.34653,1.3463,1.34635,1055699996.9482422
2012-02-24 19:06:00,1.34637,1.34637,1.34617,1.34617,1301399993.8964844
2012-02-24 19:07:00,1.34618,1.34621,1.34617,1.34617,1269000015.258789
2012-02-24 19:08:00,1.34618,1.34632,1.34608,1.34629,1480700073.2421875
2012-02-24 19:09:00,1.34629,1.34629,1.34623,1.34625,1148000030.5175781
2012-02-24 19:10:00,1.34627,1.34636,1.34625,1.34634,1035000000.0
2012-02-24 19:11:00,1.34634,1.34634,1.346,1.3461,1302700042.7246094
2012-02-24 19:12:00,1.3461,1.34631,1.3461,1.34624,1425899963.3789062
2012-02-24 19:13:00,1.34624,1.34624,1.34607,1.34608,757900009.1552734
2012-02-24 19:14:00,1.34608,1.34617,1.34608,1.34611,771999969.4824219
2012-02-24 19:15:00,1.34611,1.34627,1.34611,1.34621,1197799987.7929688
2012-02-24 19:16:00,1.3462,1.34629,1.3462,1.34621,1515299987.7929688
2012-02-24 19:17:00,1.34621,1.34623,1.34609,1.34609,913499984.7412109
2012-02-24 19:18:00,1.3461,1.34613,1.346,1.346,898099975.5859375
2012-02-24 19:19:00,1.34594,1.34599,1.34575,1.34579,1976799926.7578125
2012-02-24 19:20:00,1.34579,1.34583,1.34577,1.3458,979000015.2587891
2012-02-24 19:21:00,1.34578,1.34579,1.34548,1.34558,1790700073.2421875
2012-02-24 19:22:00,1.34553,1.34565,1.34552,1.34561,1827799987.7929688
2012-02-24 19:23:00,1.34561,1.34567,1.34551,1.3456,1270699996.9482422
2012-02-24 19:24:00,1.3456,1.34561,1.34515,1.3452,2096100006.1035156
2012-02-24 19:25:00,1.34522,1.34543,1.34519,1.34539,2000399932.8613281
2012-02-24 19:26:00,1.34543,1.3456,1.34532,1.34556,1025299987.7929688
2012-02-24 19:27:00,1.34556,1.34565,1.34545,1.34553,1491999969.4824219
2012-02-24 19:28:00,1.34551,1.34555,1.34539,1.34542,1426199951.171875
2012-02-24 19:29:00,1.34544,1.34546,1.3454,1.3454,883300018.3105469
2012-02-24 19:30:00,1.3454,1.34542,1.3451,1.3451,1921699981.6894531
2012-02-24 19:31:00,1.3451,1.34514,1.34478,1.34484,1355599975.5859375
2012-02-24 19:32:00,1.34484,1.34495,1.34481,1.34493,1466999969.4824219
2012-02-24 19:33:00,1.34493,1.34514,1.34491,1.34506,1207399978.6376953
2012-02-24 19:34:00,1.34508,1.34525,1.34503,1.34511,1473800048.828125
2012-02-24 19:35:00,1.3451,1.34512,1.34478,1.3449,1490599975.5859375
2012-02-24 19:36:00,1.3449,1.34492,1.34479,1.34488,1767899932.8613281
2012-02-24 19:37:00,1.34488,1.34513,1.34488,1.34507,1545399932.8613281
2012-02-24 19:38:00,1.34507,1.34533,1.34505,1.34531,1974100036.6210938
2012-02-24 19:39:00,1.3453,1.34564,1.3453,1.34554,2075800018.3105469
2012-02-24 19:40:00,1.34554,1.34561,1.34539,1.34539,1439499969.4824219
2012-02-24 19:41:00,1.34539,1.34539,1.3453,1.34539,1517299957.2753906
2012-02-24 19:42:00,1.34539,1.34545,1.34529,1.34545,1585500030.5175781
2012-02-24 19:43:00,1.34547,1.34547,1.34517,1.34519,1221500015.258789
2012-02-24 19:44:00,1.34519,1.34521,1.34517,1.34521,1189100036.6210938
2012-02-24 19:45:00,1.34521,1.34521,1.3451,1.34511,1478500061.0351562
2012-02-24 19:46:00,1.34511,1.34531,1.34509,1.34515,1296100006.1035156
2012-02-24 19:47:00,1.34512,1.34533,1.34508,1.34533,1133799972.5341797
2012-02-24 19:48:00,1.34533,1.3456,1.34531,1.34554,1424299926.7578125
2012-02-24 19:49:00,1.34554,1.34568,1.34554,1.3456,1102600021.3623047
2012-02-24 19:50:00,1.3456,1.3456,1.34543,1.34551,1436100006.1035156
2012-02-24 19:51:00,1.34554,1.34574,1.34551,1.3456,1835500030.5175781
2012-02-24 19:52:00,1.34564,1.34564,1.34549,1.3455,1313099975.5859375
2012-02-24 19:53:00,1.34552,1.34555,1.3455,1.34551,854400024.4140625
2012-02-24 19:54:00,1.34553,1.34553,1.34538,1.34539,1260599975.5859375
2012-02-24 19:55:00,1.34546,1.34548,1.34532,1.34536,1302599945.0683594
2012-02-24 19:56:00,1.34536,1.34542,1.34526,1.34541,1124499969.4824219
2012-02-24 19:57:00,1.34541,1.34545,1.34538,1.34538,1500700073.2421875
2012-02-24 19:58:00,1.34541,1.34548,1.3454,1.34548,1534400024.4140625
2012-02-24 19:59:00,1.34548,1.34605,1.34548,1.34581,2566799926.7578125
2012-02-24 20:00:00,1.34584,1.34592,1.34579,1.34589,1856300048.828125
2012-02-24 20:01:00,1.3459,1.3461,1.3458,1.3461,1800000000.0
2012-02-24 20:02:00,1.34608,1.34619,1.34599,1.34618,1780200042.7246094
2012-02-24 20:03:00,1.34618,1.34621,1.34609,1.3461,1205500030.5175781
2012-02-24 20:04:00,1.3461,1.34611,1.34601,1.34608,1023799972.5341797
2012-02-24 20:05:00,1.34609,1.34617,1.34595,1.34595,1183300018.3105469
2012-02-24 20:06:00,1.34594,1.34594,1.34587,1.34588,836299972.5341797
2012-02-24 20:07:00,1.34591,1.34621,1.34589,1.34621,1330800018.3105469
2012-02-24 20:08:00,1.34622,1.34641,1.34611,1.34637,1663699951.171875
2012-02-24 20:09:00,1.34637,1.3464,1.34618,1.34619,1270299987.7929688
2012-02-24 20:10:00,1.34619,1.34629,1.34616,1.34619,1315399932.8613281
2012-02-24 20:11:00,1.3462,1.3462,1.34615,1.34618,988899993.8964844
2012-02-24 20:12:00,1.34618,1.34618,1.3457,1.34572,1788200073.2421875
2012-02-24 20:13:00,1.34574,1.34589,1.34573,1.34577,1736399993.8964844
2012-02-24 20:14:00,1.34577,1.34582,1.34571,1.34578,1026500015.2587891
2012-02-24 20:15:00,1.34576,1.34589,1.34575,1.34582,1018099975.5859375
2012-02-24 20:16:00,1.34581,1.34596,1.3458,1.34589,982699966.4306641
2012-02-24 20:17:00,1.34589,1.34589,1.34587,1.34587,593899993.8964844
2012-02-24 20:18:00,1.34587,1.34589,1.34578,1.34586,1177600021.3623047
2012-02-24 20:19:00,1.34586,1.34589,1.34579,1.3458,867900009.1552734
2012-02-24 20:20:00,1.3458,1.34583,1.34578,1.34581,690000000.0
2012-02-24 20:21:00,1.3458,1.34592,1.34578,1.34592,1129100036.6210938
2012-02-24 20:22:00,1.3459,1.34593,1.34586,1.34591,1581100006.1035156
2012-02-24 20:23:00,1.34591,1.34591,1.34588,1.34588,425000000.0
2012-02-24 20:24:00,1.34588,1.346,1.34588,1.34599,1322500000.0
2012-02-24 20:25:00,1.34599,1.34608,1.34591,1.34594,1630299987.7929688
2012-02-24 20:26:00,1.34594,1.34595,1.34578,1.34579,1175400009.1552734
2012-02-24 20:27:00,1.34579,1.34579,1.34578,1.34578,267500000.0
2012-02-24 20:28:00,1.34578,1.34579,1.34562,1.34562,1325000000.0
2012-02-24 20:29:00,1.34561,1.34565,1.34557,1.3456,1039599990.8447266
2012-02-24 20:30:00,1.3456,1.34573,1.3456,1.34571,551300010.6811523
2012-02-24 20:31:00,1.34571,1.34571,1.34551,1.34554,976800003.0517578
2012-02-24 20:32:00,1.34554,1.34578,1.3455,1.34578,1333899993.8964844
2012-02-24 20:33:00,1.34579,1.3458,1.34573,1.34578,1217300033.569336
2012-02-24 20:34:00,1.34578,1.34593,1.34578,1.3459,794400024.4140625
2012-02-24 20:35:00,1.34591,1.34606,1.34591,1.34592,919199981.6894531
2012-02-24 20:36:00,1.34592,1.34612,1.34592,1.3461,906399993.8964844
2012-02-24 20:37:00,1.3461,1.3465,1.3461,1.3465,1477400054.9316406
2012-02-24 20:38:00,1.34647,1.34659,1.34641,1.34641,1714600067.1386719
2012-02-24 20:39:00,1.34641,1.3465,1.34638,1.34645,1155599975.5859375
2012-02-24 20:40:00,1.34644,1.34651,1.34642,1.34648,1256999969.4824219
2012-02-24 20:41:00,1.34649,1.34649,1.3464,1.34647,1225899963.3789062
2012-02-24 20:42:00,1.34647,1.34651,1.34624,1.34629,1766100006.1035156
2012-02-24 20:43:00,1.34627,1.34629,1.34609,1.3461,876100006.1035156
2012-02-24 20:44:00,1.34613,1.34638,1.34613,1.3463,1605800018.3105469
2012-02-24 20:45:00,1.3463,1.34662,1.34627,1.34632,1890200042.7246094
2012-02-24 20:46:00,1.34633,1.34638,1.34627,1.34627,811399993.8964844
2012-02-24 20:47:00,1.34624,1.34626,1.34614,1.3462,1317299957.2753906
2012-02-24 20:48:00,1.34618,1.34627,1.34617,1.34627,568699989.3188477
2012-02-24 20:49:00,1.34626,1.34629,1.34609,1.34621,1544700012.2070312
2012-02-24 20:50:00,1.34619,1.34625,1.34607,1.34619,1307400054.9316406
2012-02-24 20:51:00,1.34622,1.3463,1.34618,1.3462,1755000000.0
2012-02-24 20:52:00,1.34621,1.34626,1.34613,1.34613,1301600036.6210938
2012-02-24 20:53:00,1.34615,1.34623,1.34612,1.34612,986699981.6894531
2012-02-24 20:54:00,1.34612,1.34619,1.34608,1.34608,1362599945.0683594
2012-02-24 20:55:00,1.34607,1.34609,1.34597,1.34602,1375099945.0683594
2012-02-24 20:56:00,1.34607,1.34609,1.34601,1.34606,1475000000.0
2012-02-24 20:57:00,1.34605,1.34609,1.346,1.34606,1113300018.3105469
2012-02-24 20:58:00,1.34606,1.34626,1.34603,1.34615,1343899993.8964844
2012-02-24 20:59:00,1.34615,1.34654,1.34613,1.3465,909100036.6210938
2012-02-24 21:00:00,1.34652,1.34658,1.34609,1.34609,677099990.8447266
2012-02-24 21:01:00,1.34609,1.34613,1.34604,1.34604,1186800003.0517578
2012-02-24 21:02:00,1.34602,1.34606,1.34582,1.34583,726600036.6210938
2012-02-24 21:03:00,1.34582,1.34597,1.34582,1.34592,925999984.7412109
2012-02-24 21:04:00,1.34591,1.34591,1.3458,1.3458,570400009.1552734
2012-02-24 21:05:00,1.34577,1.34585,1.34568,1.34573,1316699981.6894531
2012-02-24 21:06:00,1.34573,1.34573,1.34557,1.34567,607700004.5776367
2012-02-24 21:07:00,1.34567,1.34573,1.34562,1.34562,1010199966.4306641
2012-02-24 21:08:00,1.34564,1.34564,1.34555,1.34559,755199966.4306641
2012-02-24 21:09:00,1.34558,1.3457,1.34555,1.34569,824800033.5693359
2012-02-24 21:10:00,1.34569,1.34572,1.34562,1.34569,1142500000.0
2012-02-24 21:11:00,1.34573,1.3458,1.34573,1.3458,894100036.6210938
2012-02-24 21:12:00,1.3458,1.34581,1.34577,1.34577,709000015.2587891
2012-02-24 21:13:00,1.34577,1.34579,1.34568,1.34571,760999984.7412109
2012-02-24 21:14:00,1.3457,1.34572,1.34568,1.34572,501199989.31884766
2012-02-24 21:15:00,1.34571,1.34581,1.34569,1.34572,509199981.6894531
2012-02-24 21:16:00,1.3457,1.34573,1.34559,1.34559,936699981.6894531
2012-02-24 21:17:00,1.34559,1.34565,1.34559,1.34565,287000007.62939453
2012-02-24 21:18:00,1.34564,1.34565,1.34563,1.34565,123800001.14440918
2012-02-24 21:19:00,1.34564,1.34565,1.34562,1.34562,168899993.89648438
2012-02-24 21:20:00,1.34562,1.34565,1.3456,1.34561,433499984.74121094
2012-02-24 21:21:00,1.3456,1.34574,1.3456,1.34574,716800003.0517578
2012-02-24 21:22:00,1.34574,1.34576,1.34573,1.34576,129399995.80383301
2012-02-24 21:23:00,1.34575,1.34577,1.34571,1.34571,246000003.81469727
2012-02-24 21:24:00,1.34572,1.34574,1.34568,1.34569,350900001.5258789
2012-02-24 21:25:00,1.34569,1.34585,1.34569,1.34571,843099975.5859375
2012-02-24 21:26:00,1.34571,1.34575,1.34562,1.34562,390000000.0
2012-02-24 21:27:00,1.34565,1.34566,1.34557,1.34564,756200027.4658203
2012-02-24 21:28:00,1.34564,1.34575,1.34564,1.34575,637500000.0
2012-02-24 21:29:00,1.34575,1.34576,1.34562,1.34566,600499992.3706055
2012-02-24 21:30:00,1.34566,1.34575,1.34566,1.34575,454000015.25878906
2012-02-24 21:31:00,1.34574,1.34577,1.34568,1.34571,581899986.2670898
2012-02-24 21:32:00,1.34571,1.34573,1.34565,1.34573,195400009.15527344
2012-02-24 21:33:00,1.34576,1.34578,1.34563,1.34565,646200027.4658203
2012-02-24 21:34:00,1.34568,1.34573,1.34567,1.34567,596300010.6811523
2012-02-24 21:35:00,1.34567,1.3458,1.34566,1.34568,465000000.0
2012-02-24 21:36:00,1.34568,1.34568,1.34556,1.34556,133500003.81469727
2012-02-24 21:37:00,1.34555,1.34557,1.34538,1.34548,309799995.4223633
2012-02-24 21:38:00,1.34548,1.34556,1.34527,1.34533,765299987.7929688
2012-02-24 21:39:00,1.34533,1.34534,1.34521,1.34521,806600036.6210938
2012-02-24 21:40:00,1.34521,1.34522,1.34507,1.34517,504300003.0517578
2012-02-24 21:41:00,1.34515,1.34523,1.34499,1.34499,331399993.8964844
2012-02-24 21:42:00,1.34499,1.34515,1.34499,1.34515,398800010.68115234
2012-02-24 21:43:00,1.34515,1.3452,1.34504,1.34508,529099998.4741211
2012-02-24 21:44:00,1.34512,1.34512,1.34491,1.34495,418499984.74121094
2012-02-24 21:45:00,1.34493,1.3453,1.34482,1.34528,1160999984.741211
2012-02-24 21:46:00,1.34528,1.34555,1.34524,1.34527,1104400024.4140625
2012-02-24 21:47:00,1.34533,1.34533,1.34471,1.34484,1476799926.7578125
2012-02-24 21:48:00,1.34484,1.34489,1.34473,1.34489,390000000.0
2012-02-24 21:49:00,1.34488,1.3451,1.34488,1.3451,322099990.84472656
2012-02-24 21:50:00,1.34504,1.34513,1.34495,1.34501,316399993.8964844
2012-02-24 21:51:00,1.34507,1.34522,1.34502,1.34502,786900024.4140625
2012-02-24 21:52:00,1.34502,1.34528,1.34493,1.34495,924000015.2587891
2012-02-24 21:53:00,1.34495,1.3453,1.34495,1.34515,656100006.1035156
2012-02-24 21:54:00,1.3451,1.34528,1.3451,1.3451,830800018.3105469
2012-02-24 21:55:00,1.3451,1.34511,1.34503,1.34511,165300006.86645508
2012-02-24 21:56:00,1.3451,1.34516,1.34496,1.34497,743600006.1035156
2012-02-24 21:57:00,1.34497,1.34505,1.3449,1.34495,641200027.4658203
2012-02-24 21:58:00,1.34495,1.3453,1.34495,1.34516,263199996.9482422
2012-02-24 21:59:00,1.34521,1.34521,1.34461,1.34461,280200004.5776367
2012-02-24 22:00:00,1.34461,1.34461,1.34461,1.34461,0.0
2012-02-24 22:01:00,1.34461,1.34461,1.34461,1.34461,0.0
2012-02-24 22:02:00,1.34461,1.34461,1.34461,1.34461,0.0
2012-02-24 22:03:00,1.34461,1.34461,1.34461,1.34461,0.0
2012-02-24 22:04:00,1.34461,1.34461,1.34461,1.34461,0.0
2012-02-24 22:05:00,1.34461,1.34461,1.34461,1.34461,0.0
2012-02-24 22:06:00,1.34461,1.34461,1.34461,1.34461,0.0
2012-02-24 22:07:00,1.34461,1.34461,1.34461,1.34461,0.0
2012-02-24 22:08:00,1.34461,1.34461,1.34461,1.34461,0.0
2012-02-24 22:09:00,1.34461,1.34461,1.34461,1.34461,0.0
2012-02-24 22:10:00,1.34461,1.34461,1.34461,1.34461,0.0
2012-02-24 22:11:00,1.34461,1.34461,1.34461,1.34461,0.0
2012-02-24 22:12:00,1.34461,1.34461,1.34461,1.34461,0.0
2012-02-24 22:13:00,1.34461,1.34461,1.34461,1.34461,0.0
2012-02-24 22:14:00,1.34461,1.34461,1.34461,1.34461,0.0
2012-02-24 22:15:00,1.34461,1.34461,1.34461,1.34461,0.0
2012-02-24 22:16:00,1.34461,1.34461,1.34461,1.34461,0.0
2012-02-24 22:17:00,1.34461,1.34461,1.34461,1.34461,0.0
2012-02-24 22:18:00,1.34461,1.34461,1.34461,1.34461,0.0
2012-02-24 22:19:00,1.34461,1.34461,1.34461,1.34461,0.0
2012-02-24 22:20:00,1.34461,1.34461,1.34461,1.34461,0.0
2012-02-24 22:21:00,1.34461,1.34461,1.34461,1.34461,0.0
2012-02-24 22:22:00,1.34461,1.34461,1.34461,1.34461,0.0
2012-02-24 22:23:00,1.34461,1.34461,1.34461,1.34461,0.0
2012-02-24 22:24:00,1.34461,1.34461,1.34461,1.34461,0.0
2012-02-24 22:25:00,1.34461,1.34461,1.34461,1.34461,0.0
2012-02-24 22:26:00,1.34461,1.34461,1.34461,1.34461,0.0
2012-02-24 22:27:00,1.34461,1.34461,1.34461,1.34461,0.0
2012-02-24 22:28:00,1.34461,1.34461,1.34461,1.34461,0.0
2012-02-24 22:29:00,1.34461,1.34461,1.34461,1.34461,0.0
2012-02-24 22:30:00,1.34461,1.34461,1.34461,1.34461,0.0
2012-02-24 22:31:00,1.34461,1.34461,1.34461,1.34461,0.0
2012-02-24 22:32:00,1.34461,1.34461,1.34461,1.34461,0.0
2012-02-24 22:33:00,1.34461,1.34461,1.34461,1.34461,0.0
2012-02-24 22:34:00,1.34461,1.34461,1.34461,1.34461,0.0
2012-02-24 22:35:00,1.34461,1.34461,1.34461,1.34461,0.0
2012-02-24 22:36:00,1.34461,1.34461,1.34461,1.34461,0.0
2012-02-24 22:37:00,1.34461,1.34461,1.34461,1.34461,0.0
2012-02-24 22:38:00,1.34461,1.34461,1.34461,1.34461,0.0
2012-02-24 22:39:00,1.34461,1.34461,1.34461,1.34461,0.0
2012-02-24 22:40:00,1.34461,1.34461,1.34461,1.34461,0.0
2012-02-24 22:41:00,1.34461,1.34461,1.34461,1.34461,0.0
2012-02-24 22:42:00,1.34461,1.34461,1.34461,1.34461,0.0
2012-02-24 22:43:00,1.34461,1.34461,1.34461,1.34461,0.0
2012-02-24 22:44:00,1.34461,1.34461,1.34461,1.34461,0.0
2012-02-24 22:45:00,1.34461,1.34461,1.34461,1.34461,0.0
2012-02-24 22:46:00,1.34461,1.34461,1.34461,1.34461,0.0
2012-02-24 22:47:00,1.34461,1.34461,1.34461,1.34461,0.0
2012-02-24 22:48:00,1.34461,1.34461,1.34461,1.34461,0.0
2012-02-24 22:49:00,1.34461,1.34461,1.34461,1.34461,0.0
2012-02-24 22:50:00,1.34461,1.34461,1.34461,1.34461,0.0
2012-02-24 22:51:00,1.34461,1.34461,1.34461,1.34461,0.0
2012-02-24 22:52:00,1.34461,1.34461,1.34461,1.34461,0.0
2012-02-24 22:53:00,1.34461,1.34461,1.34461,1.34461,0.0
2012-02-24 22:54:00,1.34461,1.34461,1.34461,1.34461,0.0
2012-02-24 22:55:00,1.34461,1.34461,1.34461,1.34461,0.0
2012-02-24 22:56:00,1.34461,1.34461,1.34461,1.34461,0.0
2012-02-24 22:57:00,1.34461,1.34461,1.34461,1.34461,0.0
2012-02-24 22:58:00,1.34461,1.34461,1.34461,1.34461,0.0
2012-02-24 22:59:00,1.34461,1.34461,1.34461,1.34461,0.0
2012-02-24 23:00:00,1.34461,1.34461,1.34461,1.34461,0.0
2012-02-24 23:01:00,1.34461,1.34461,1.34461,1.34461,0.0
2012-02-24 23:02:00,1.34461,1.34461,1.34461,1.34461,0.0
2012-02-24 23:03:00,1.34461,1.34461,1.34461,1.34461,0.0
2012-02-24 23:04:00,1.34461,1.34461,1.34461,1.34461,0.0
2012-02-24 23:05:00,1.34461,1.34461,1.34461,1.34461,0.0
2012-02-24 23:06:00,1.34461,1.34461,1.34461,1.34461,0.0
2012-02-24 23:07:00,1.34461,1.34461,1.34461,1.34461,0.0
2012-02-24 23:08:00,1.34461,1.34461,1.34461,1.34461,0.0
2012-02-24 23:09:00,1.34461,1.34461,1.34461,1.34461,0.0
2012-02-24 23:10:00,1.34461,1.34461,1.34461,1.34461,0.0
2012-02-24 23:11:00,1.34461,1.34461,1.34461,1.34461,0.0
2012-02-24 23:12:00,1.34461,1.34461,1.34461,1.34461,0.0
2012-02-24 23:13:00,1.34461,1.34461,1.34461,1.34461,0.0
2012-02-24 23:14:00,1.34461,1.34461,1.34461,1.34461,0.0
2012-02-24 23:15:00,1.34461,1.34461,1.34461,1.34461,0.0
2012-02-24 23:16:00,1.34461,1.34461,1.34461,1.34461,0.0
2012-02-24 23:17:00,1.34461,1.34461,1.34461,1.34461,0.0
2012-02-24 23:18:00,1.34461,1.34461,1.34461,1.34461,0.0
2012-02-24 23:19:00,1.34461,1.34461,1.34461,1.34461,0.0
2012-02-24 23:20:00,1.34461,1.34461,1.34461,1.34461,0.0
2012-02-24 23:21:00,1.34461,1.34461,1.34461,1.34461,0.0
2012-02-24 23:22:00,1.34461,1.34461,1.34461,1.34461,0.0
2012-02-24 23:23:00,1.34461,1.34461,1.34461,1.34461,0.0
2012-02-24 23:24:00,1.34461,1.34461,1.34461,1.34461,0.0
2012-02-24 23:25:00,1.34461,1.34461,1.34461,1.34461,0.0
2012-02-24 23:26:00,1.34461,1.34461,1.34461,1.34461,0.0
2012-02-24 23:27:00,1.34461,1.34461,1.34461,1.34461,0.0
2012-02-24 23:28:00,1.34461,1.34461,1.34461,1.34461,0.0
2012-02-24 23:29:00,1.34461,1.34461,1.34461,1.34461,0.0
2012-02-24 23:30:00,1.34461,1.34461,1.34461,1.34461,0.0
2012-02-24 23:31:00,1.34461,1.34461,1.34461,1.34461,0.0
2012-02-24 23:32:00,1.34461,1.34461,1.34461,1.34461,0.0
2012-02-24 23:33:00,1.34461,1.34461,1.34461,1.34461,0.0
2012-02-24 23:34:00,1.34461,1.34461,1.34461,1.34461,0.0
2012-02-24 23:35:00,1.34461,1.34461,1.34461,1.34461,0.0
2012-02-24 23:36:00,1.34461,1.34461,1.34461,1.34461,0.0
2012-02-24 23:37:00,1.34461,1.34461,1.34461,1.34461,0.0
2012-02-24 23:38:00,1.34461,1.34461,1.34461,1.34461,0.0
2012-02-24 23:39:00,1.34461,1.34461,1.34461,1.34461,0.0
2012-02-24 23:40:00,1.34461,1.34461,1.34461,1.34461,0.0
2012-02-24 23:41:00,1.34461,1.34461,1.34461,1.34461,0.0
2012-02-24 23:42:00,1.34461,1.34461,1.34461,1.34461,0.0
2012-02-24 23:43:00,1.34461,1.34461,1.34461,1.34461,0.0
2012-02-24 23:44:00,1.34461,1.34461,1.34461,1.34461,0.0
2012-02-24 23:45:00,1.34461,1.34461,1.34461,1.34461,0.0
2012-02-24 23:46:00,1.34461,1.34461,1.34461,1.34461,0.0
2012-02-24 23:47:00,1.34461,1.34461,1.34461,1.34461,0.0
2012-02-24 23:48:00,1.34461,1.34461,1.34461,1.34461,0.0
2012-02-24 23:49:00,1.34461,1.34461,1.34461,1.34461,0.0
2012-02-24 23:50:00,1.34461,1.34461,1.34461,1.34461,0.0
2012-02-24 23:51:00,1.34461,1.34461,1.34461,1.34461,0.0
2012-02-24 23:52:00,1.34461,1.34461,1.34461,1.34461,0.0
2012-02-24 23:53:00,1.34461,1.34461,1.34461,1.34461,0.0
2012-02-24 23:54:00,1.34461,1.34461,1.34461,1.34461,0.0
2012-02-24 23:55:00,1.34461,1.34461,1.34461,1.34461,0.0
2012-02-24 23:56:00,1.34461,1.34461,1.34461,1.34461,0.0
2012-02-24 23:57:00,1.34461,1.34461,1.34461,1.34461,0.0
2012-02-24 23:58:00,1.34461,1.34461,1.34461,1.34461,0.0
2012-02-24 23:59:00,1.34461,1.34461,1.34461,1.34461,0.0
2012-02-25 00:00:00,1.34445,1.34445,1.34445,1.34445,0.0
2012-02-25 00:01:00,1.34445,1.34445,1.34445,1.34445,0.0
2012-02-25 00:02:00,1.34445,1.34445,1.34445,1.34445,0.0
2012-02-25 00:03:00,1.34445,1.34445,1.34445,1.34445,0.0
2012-02-25 00:04:00,1.34445,1.34445,1.34445,1.34445,0.0
2012-02-25 00:05:00,1.34445,1.34445,1.34445,1.34445,0.0
2012-02-25 00:06:00,1.34445,1.34445,1.34445,1.34445,0.0
2012-02-25 00:07:00,1.34445,1.34445,1.34445,1.34445,0.0
2012-02-25 00:08:00,1.34445,1.34445,1.34445,1.34445,0.0
2012-02-25 00:09:00,1.34445,1.34445,1.34445,1.34445,0.0
2012-02-25 00:10:00,1.34445,1.34445,1.34445,1.34445,0.0
2012-02-25 00:11:00,1.34445,1.34445,1.34445,1.34445,0.0
2012-02-25 00:12:00,1.34445,1.34445,1.34445,1.34445,0.0
2012-02-25 00:13:00,1.34445,1.34445,1.34445,1.34445,0.0
2012-02-25 00:14:00,1.34445,1.34445,1.34445,1.34445,0.0
2012-02-25 00:15:00,1.34445,1.34445,1.34445,1.34445,0.0
2012-02-25 00:16:00,1.34445,1.34445,1.34445,1.34445,0.0
2012-02-25 00:17:00,1.34445,1.34445,1.34445,1.34445,0.0
2012-02-25 00:18:00,1.34445,1.34445,1.34445,1.34445,0.0
2012-02-25 00:19:00,1.34445,1.34445,1.34445,1.34445,0.0
2012-02-25 00:20:00,1.34445,1.34445,1.34445,1.34445,0.0
2012-02-25 00:21:00,1.34445,1.34445,1.34445,1.34445,0.0
2012-02-25 00:22:00,1.34445,1.34445,1.34445,1.34445,0.0
2012-02-25 00:23:00,1.34445,1.34445,1.34445,1.34445,0.0
2012-02-25 00:24:00,1.34445,1.34445,1.34445,1.34445,0.0
2012-02-25 00:25:00,1.34445,1.34445,1.34445,1.34445,0.0
2012-02-25 00:26:00,1.34445,1.34445,1.34445,1.34445,0.0
2012-02-25 00:27:00,1.34445,1.34445,1.34445,1.34445,0.0
2012-02-25 00:28:00,1.34445,1.34445,1.34445,1.34445,0.0
2012-02-25 00:29:00,1.34445,1.34445,1.34445,1.34445,0.0
2012-02-25 00:30:00,1.34445,1.34445,1.34445,1.34445,0.0
2012-02-25 00:31:00,1.34445,1.34445,1.34445,1.34445,0.0
2012-02-25 00:32:00,1.34445,1.34445,1.34445,1.34445,0.0
2012-02-25 00:33:00,1.34445,1.34445,1.34445,1.34445,0.0
2012-02-25 00:34:00,1.34445,1.34445,1.34445,1.34445,0.0
2012-02-25 00:35:00,1.34445,1.34445,1.34445,1.34445,0.0
2012-02-25 00:36:00,1.34445,1.34445,1.34445,1.34445,0.0
2012-02-25 00:37:00,1.34445,1.34445,1.34445,1.34445,0.0
2012-02-25 00:38:00,1.34445,1.34445,1.34445,1.34445,0.0
2012-02-25 00:39:00,1.34445,1.34445,1.34445,1.34445,0.0
2012-02-25 00:40:00,1.34445,1.34445,1.34445,1.34445,0.0
2012-02-25 00:41:00,1.34445,1.34445,1.34445,1.34445,0.0
2012-02-25 00:42:00,1.34445,1.34445,1.34445,1.34445,0.0
2012-02-25 00:43:00,1.34445,1.34445,1.34445,1.34445,0.0
2012-02-25 00:44:00,1.34445,1.34445,1.34445,1.34445,0.0
2012-02-25 00:45:00,1.34445,1.34445,1.34445,1.34445,0.0
2012-02-25 00:46:00,1.34445,1.34445,1.34445,1.34445,0.0
2012-02-25 00:47:00,1.34445,1.34445,1.34445,1.34445,0.0
2012-02-25 00:48:00,1.34445,1.34445,1.34445,1.34445,0.0
2012-02-25 00:49:00,1.34445,1.34445,1.34445,1.34445,0.0
2012-02-25 00:50:00,1.34445,1.34445,1.34445,1.34445,0.0
2012-02-25 00:51:00,1.34445,1.34445,1.34445,1.34445,0.0
2012-02-25 00:52:00,1.34445,1.34445,1.34445,1.34445,0.0
2012-02-25 00:53:00,1.34445,1.34445,1.34445,1.34445,0.0
2012-02-25 00:54:00,1.34445,1.34445,1.34445,1.34445,0.0
2012-02-25 00:55:00,1.34445,1.34445,1.34445,1.34445,0.0
2012-02-25 00:56:00,1.34445,1.34445,1.34445,1.34445,0.0
2012-02-25 00:57:00,1.34445,1.34445,1.34445,1.34445,0.0
2012-02-25 00:58:00,1.34445,1.34445,1.34445,1.34445,0.0
2012-02-25 00:59:00,1.34445,1.34445,1.34445,1.34445,0.0
2012-02-25 01:00:00,1.34445,1.34445,1.34445,1.34445,0.0
2012-02-25 01:01:00,1.34445,1.34445,1.34445,1.34445,0.0
2012-02-25 01:02:00,1.34445,1.34445,1.34445,1.34445,0.0
2012-02-25 01:03:00,1.34445,1.34445,1.34445,1.34445,0.0
2012-02-25 01:04:00,1.34445,1.34445,1.34445,1.34445,0.0
2012-02-25 01:05:00,1.34445,1.34445,1.34445,1.34445,0.0
2012-02-25 01:06:00,1.34445,1.34445,1.34445,1.34445,0.0
2012-02-25 01:07:00,1.34445,1.34445,1.34445,1.34445,0.0
2012-02-25 01:08:00,1.34445,1.34445,1.34445,1.34445,0.0
2012-02-25 01:09:00,1.34445,1.34445,1.34445,1.34445,0.0
2012-02-25 01:10:00,1.34445,1.34445,1.34445,1.34445,0.0
2012-02-25 01:11:00,1.34445,1.34445,1.34445,1.34445,0.0
2012-02-25 01:12:00,1.34445,1.34445,1.34445,1.34445,0.0
2012-02-25 01:13:00,1.34445,1.34445,1.34445,1.34445,0.0
2012-02-25 01:14:00,1.34445,1.34445,1.34445,1.34445,0.0
2012-02-25 01:15:00,1.34445,1.34445,1.34445,1.34445,0.0
2012-02-25 01:16:00,1.34445,1.34445,1.34445,1.34445,0.0
2012-02-25 01:17:00,1.34445,1.34445,1.34445,1.34445,0.0
2012-02-25 01:18:00,1.34445,1.34445,1.34445,1.34445,0.0
2012-02-25 01:19:00,1.34445,1.34445,1.34445,1.34445,0.0
2012-02-25 01:20:00,1.34445,1.34445,1.34445,1.34445,0.0
2012-02-25 01:21:00,1.34445,1.34445,1.34445,1.34445,0.0
2012-02-25 01:22:00,1.34445,1.34445,1.34445,1.34445,0.0
2012-02-25 01:23:00,1.34445,1.34445,1.34445,1.34445,0.0
2012-02-25 01:24:00,1.34445,1.34445,1.34445,1.34445,0.0
2012-02-25 01:25:00,1.34445,1.34445,1.34445,1.34445,0.0
2012-02-25 01:26:00,1.34445,1.34445,1.34445,1.34445,0.0
2012-02-25 01:27:00,1.34445,1.34445,1.34445,1.34445,0.0
2012-02-25 01:28:00,1.34445,1.34445,1.34445,1.34445,0.0
2012-02-25 01:29:00,1.34445,1.34445,1.34445,1.34445,0.0
2012-02-25 01:30:00,1.34445,1.34445,1.34445,1.34445,0.0
2012-02-25 01:31:00,1.34445,1.34445,1.34445,1.34445,0.0
2012-02-25 01:32:00,1.34445,1.34445,1.34445,1.34445,0.0
2012-02-25 01:33:00,1.34445,1.34445,1.34445,1.34445,0.0
2012-02-25 01:34:00,1.34445,1.34445,1.34445,1.34445,0.0
2012-02-25 01:35:00,1.34445,1.34445,1.34445,1.34445,0.0
2012-02-25 01:36:00,1.34445,1.34445,1.34445,1.34445,0.0
2012-02-25 01:37:00,1.34445,1.34445,1.34445,1.34445,0.0
2012-02-25 01:38:00,1.34445,1.34445,1.34445,1.34445,0.0
2012-02-25 01:39:00,1.34445,1.34445,1.34445,1.34445,0.0
2012-02-25 01:40:00,1.34445,1.34445,1.34445,1.34445,0.0
2012-02-25 01:41:00,1.34445,1.34445,1.34445,1.34445,0.0
2012-02-25 01:42:00,1.34445,1.34445,1.34445,1.34445,0.0
2012-02-25 01:43:00,1.34445,1.34445,1.34445,1.34445,0.0
2012-02-25 01:44:00,1.34445,1.34445,1.34445,1.34445,0.0
2012-02-25 01:45:00,1.34445,1.34445,1.34445,1.34445,0.0
2012-02-25 01:46:00,1.34445,1.34445,1.34445,1.34445,0.0
2012-02-25 01:47:00,1.34445,1.34445,1.34445,1.34445,0.0
2012-02-25 01:48:00,1.34445,1.34445,1.34445,1.34445,0.0
2012-02-25 01:49:00,1.34445,1.34445,1.34445,1.34445,0.0
2012-02-25 01:50:00,1.34445,1.34445,1.34445,1.34445,0.0
2012-02-25 01:51:00,1.34445,1.34445,1.34445,1.34445,0.0
2012-02-25 01:52:00,1.34445,1.34445,1.34445,1.34445,0.0
2012-02-25 01:53:00,1.34445,1.34445,1.34445,1.34445,0.0
2012-02-25 01:54:00,1.34445,1.34445,1.34445,1.34445,0.0
2012-02-25 01:55:00,1.34445,1.34445,1.34445,1.34445,0.0
2012-02-25 01:56:00,1.34445,1.34445,1.34445,1.34445,0.0
2012-02-25 01:57:00,1.34445,1.34445,1.34445,1.34445,0.0
2012-02-25 01:58:00,1.34445,1.34445,1.34445,1.34445,0.0
2012-02-25 01:59:00,1.34445,1.34445,1.34445,1.34445,0.0
2012-02-25 02:00:00,1.34445,1.34445,1.34445,1.34445,0.0
2012-02-25 02:01:00,1.34445,1.34445,1.34445,1.34445,0.0
2012-02-25 02:02:00,1.34445,1.34445,1.34445,1.34445,0.0
2012-02-25 02:03:00,1.34445,1.34445,1.34445,1.34445,0.0
2012-02-25 02:04:00,1.34445,1.34445,1.34445,1.34445,0.0
2012-02-25 02:05:00,1.34445,1.34445,1.34445,1.34445,0.0
2012-02-25 02:06:00,1.34445,1.34445,1.34445,1.34445,0.0
2012-02-25 02:07:00,1.34445,1.34445,1.34445,1.34445,0.0
2012-02-25 02:08:00,1.34445,1.34445,1.34445,1.34445,0.0
2012-02-25 02:09:00,1.34445,1.34445,1.34445,1.34445,0.0
2012-02-25 02:10:00,1.34445,1.34445,1.34445,1.34445,0.0
2012-02-25 02:11:00,1.34445,1.34445,1.34445,1.34445,0.0
2012-02-25 02:12:00,1.34445,1.34445,1.34445,1.34445,0.0
2012-02-25 02:13:00,1.34445,1.34445,1.34445,1.34445,0.0
2012-02-25 02:14:00,1.34445,1.34445,1.34445,1.34445,0.0
2012-02-25 02:15:00,1.34445,1.34445,1.34445,1.34445,0.0
2012-02-25 02:16:00,1.34445,1.34445,1.34445,1.34445,0.0
2012-02-25 02:17:00,1.34445,1.34445,1.34445,1.34445,0.0
2012-02-25 02:18:00,1.34445,1.34445,1.34445,1.34445,0.0
2012-02-25 02:19:00,1.34445,1.34445,1.34445,1.34445,0.0
2012-02-25 02:20:00,1.34445,1.34445,1.34445,1.34445,0.0
2012-02-25 02:21:00,1.34445,1.34445,1.34445,1.34445,0.0
2012-02-25 02:22:00,1.34445,1.34445,1.34445,1.34445,0.0
2012-02-25 02:23:00,1.34445,1.34445,1.34445,1.34445,0.0
2012-02-25 02:24:00,1.34445,1.34445,1.34445,1.34445,0.0
2012-02-25 02:25:00,1.34445,1.34445,1.34445,1.34445,0.0
2012-02-25 02:26:00,1.34445,1.34445,1.34445,1.34445,0.0
2012-02-25 02:27:00,1.34445,1.34445,1.34445,1.34445,0.0
2012-02-25 02:28:00,1.34445,1.34445,1.34445,1.34445,0.0
2012-02-25 02:29:00,1.34445,1.34445,1.34445,1.34445,0.0
2012-02-25 02:30:00,1.34445,1.34445,1.34445,1.34445,0.0
2012-02-25 02:31:00,1.34445,1.34445,1.34445,1.34445,0.0
2012-02-25 02:32:00,1.34445,1.34445,1.34445,1.34445,0.0
2012-02-25 02:33:00,1.34445,1.34445,1.34445,1.34445,0.0
2012-02-25 02:34:00,1.34445,1.34445,1.34445,1.34445,0.0
2012-02-25 02:35:00,1.34445,1.34445,1.34445,1.34445,0.0
2012-02-25 02:36:00,1.34445,1.34445,1.34445,1.34445,0.0
2012-02-25 02:37:00,1.34445,1.34445,1.34445,1.34445,0.0
2012-02-25 02:38:00,1.34445,1.34445,1.34445,1.34445,0.0
2012-02-25 02:39:00,1.34445,1.34445,1.34445,1.34445,0.0
2012-02-25 02:40:00,1.34445,1.34445,1.34445,1.34445,0.0
2012-02-25 02:41:00,1.34445,1.34445,1.34445,1.34445,0.0
2012-02-25 02:42:00,1.34445,1.34445,1.34445,1.34445,0.0
2012-02-25 02:43:00,1.34445,1.34445,1.34445,1.34445,0.0
2012-02-25 02:44:00,1.34445,1.34445,1.34445,1.34445,0.0
2012-02-25 02:45:00,1.34445,1.34445,1.34445,1.34445,0.0
2012-02-25 02:46:00,1.34445,1.34445,1.34445,1.34445,0.0
2012-02-25 02:47:00,1.34445,1.34445,1.34445,1.34445,0.0
2012-02-25 02:48:00,1.34445,1.34445,1.34445,1.34445,0.0
2012-02-25 02:49:00,1.34445,1.34445,1.34445,1.34445,0.0
2012-02-25 02:50:00,1.34445,1.34445,1.34445,1.34445,0.0
2012-02-25 02:51:00,1.34445,1.34445,1.34445,1.34445,0.0
2012-02-25 02:52:00,1.34445,1.34445,1.34445,1.34445,0.0
2012-02-25 02:53:00,1.34445,1.34445,1.34445,1.34445,0.0
2012-02-25 02:54:00,1.34445,1.34445,1.34445,1.34445,0.0
2012-02-25 02:55:00,1.34445,1.34445,1.34445,1.34445,0.0
2012-02-25 02:56:00,1.34445,1.34445,1.34445,1.34445,0.0
2012-02-25 02:57:00,1.34445,1.34445,1.34445,1.34445,0.0
2012-02-25 02:58:00,1.34445,1.34445,1.34445,1.34445,0.0
2012-02-25 02:59:00,1.34445,1.34445,1.34445,1.34445,0.0
2012-02-25 03:00:00,1.34445,1.34445,1.34445,1.34445,0.0
2012-02-25 03:01:00,1.34445,1.34445,1.34445,1.34445,0.0
2012-02-25 03:02:00,1.34445,1.34445,1.34445,1.34445,0.0
2012-02-25 03:03:00,1.34445,1.34445,1.34445,1.34445,0.0
2012-02-25 03:04:00,1.34445,1.34445,1.34445,1.34445,0.0
2012-02-25 03:05:00,1.34445,1.34445,1.34445,1.34445,0.0
2012-02-25 03:06:00,1.34445,1.34445,1.34445,1.34445,0.0
2012-02-25 03:07:00,1.34445,1.34445,1.34445,1.34445,0.0
2012-02-25 03:08:00,1.34445,1.34445,1.34445,1.34445,0.0
2012-02-25 03:09:00,1.34445,1.34445,1.34445,1.34445,0.0
2012-02-25 03:10:00,1.34445,1.34445,1.34445,1.34445,0.0
2012-02-25 03:11:00,1.34445,1.34445,1.34445,1.34445,0.0
2012-02-25 03:12:00,1.34445,1.34445,1.34445,1.34445,0.0
2012-02-25 03:13:00,1.34445,1.34445,1.34445,1.34445,0.0
2012-02-25 03:14:00,1.34445,1.34445,1.34445,1.34445,0.0
2012-02-25 03:15:00,1.34445,1.34445,1.34445,1.34445,0.0
2012-02-25 03:16:00,1.34445,1.34445,1.34445,1.34445,0.0
2012-02-25 03:17:00,1.34445,1.34445,1.34445,1.34445,0.0
2012-02-25 03:18:00,1.34445,1.34445,1.34445,1.34445,0.0
2012-02-25 03:19:00,1.34445,1.34445,1.34445,1.34445,0.0
2012-02-25 03:20:00,1.34445,1.34445,1.34445,1.34445,0.0
2012-02-25 03:21:00,1.34445,1.34445,1.34445,1.34445,0.0
2012-02-25 03:22:00,1.34445,1.34445,1.34445,1.34445,0.0
2012-02-25 03:23:00,1.34445,1.34445,1.34445,1.34445,0.0
2012-02-25 03:24:00,1.34445,1.34445,1.34445,1.34445,0.0
2012-02-25 03:25:00,1.34445,1.34445,1.34445,1.34445,0.0
2012-02-25 03:26:00,1.34445,1.34445,1.34445,1.34445,0.0
2012-02-25 03:27:00,1.34445,1.34445,1.34445,1.34445,0.0
2012-02-25 03:28:00,1.34445,1.34445,1.34445,1.34445,0.0
2012-02-25 03:29:00,1.34445,1.34445,1.34445,1.34445,0.0
2012-02-25 03:30:00,1.34445,1.34445,1.34445,1.34445,0.0
2012-02-25 03:31:00,1.34445,1.34445,1.34445,1.34445,0.0
2012-02-25 03:32:00,1.34445,1.34445,1.34445,1.34445,0.0
2012-02-25 03:33:00,1.34445,1.34445,1.34445,1.34445,0.0
2012-02-25 03:34:00,1.34445,1.34445,1.34445,1.34445,0.0
2012-02-25 03:35:00,1.34445,1.34445,1.34445,1.34445,0.0
2012-02-25 03:36:00,1.34445,1.34445,1.34445,1.34445,0.0
2012-02-25 03:37:00,1.34445,1.34445,1.34445,1.34445,0.0
2012-02-25 03:38:00,1.34445,1.34445,1.34445,1.34445,0.0
2012-02-25 03:39:00,1.34445,1.34445,1.34445,1.34445,0.0
2012-02-25 03:40:00,1.34445,1.34445,1.34445,1.34445,0.0
2012-02-25 03:41:00,1.34445,1.34445,1.34445,1.34445,0.0
2012-02-25 03:42:00,1.34445,1.34445,1.34445,1.34445,0.0
2012-02-25 03:43:00,1.34445,1.34445,1.34445,1.34445,0.0
2012-02-25 03:44:00,1.34445,1.34445,1.34445,1.34445,0.0
2012-02-25 03:45:00,1.34445,1.34445,1.34445,1.34445,0.0
2012-02-25 03:46:00,1.34445,1.34445,1.34445,1.34445,0.0
2012-02-25 03:47:00,1.34445,1.34445,1.34445,1.34445,0.0
2012-02-25 03:48:00,1.34445,1.34445,1.34445,1.34445,0.0
2012-02-25 03:49:00,1.34445,1.34445,1.34445,1.34445,0.0
2012-02-25 03:50:00,1.34445,1.34445,1.34445,1.34445,0.0
2012-02-25 03:51:00,1.34445,1.34445,1.34445,1.34445,0.0
2012-02-25 03:52:00,1.34445,1.34445,1.34445,1.34445,0.0
2012-02-25 03:53:00,1.34445,1.34445,1.34445,1.34445,0.0
2012-02-25 03:54:00,1.34445,1.34445,1.34445,1.34445,0.0
2012-02-25 03:55:00,1.34445,1.34445,1.34445,1.34445,0.0
2012-02-25 03:56:00,1.34445,1.34445,1.34445,1.34445,0.0
2012-02-25 03:57:00,1.34445,1.34445,1.34445,1.34445,0.0
2012-02-25 03:58:00,1.34445,1.34445,1.34445,1.34445,0.0
2012-02-25 03:59:00,1.34445,1.34445,1.34445,1.34445,0.0
2012-02-25 04:00:00,1.34445,1.34445,1.34445,1.34445,0.0
2012-02-25 04:01:00,1.34445,1.34445,1.34445,1.34445,0.0
2012-02-25 04:02:00,1.34445,1.34445,1.34445,1.34445,0.0
2012-02-25 04:03:00,1.34445,1.34445,1.34445,1.34445,0.0
2012-02-25 04:04:00,1.34445,1.34445,1.34445,1.34445,0.0
2012-02-25 04:05:00,1.34445,1.34445,1.34445,1.34445,0.0
2012-02-25 04:06:00,1.34445,1.34445,1.34445,1.34445,0.0
2012-02-25 04:07:00,1.34445,1.34445,1.34445,1.34445,0.0
2012-02-25 04:08:00,1.34445,1.34445,1.34445,1.34445,0.0
2012-02-25 04:09:00,1.34445,1.34445,1.34445,1.34445,0.0
2012-02-25 04:10:00,1.34445,1.34445,1.34445,1.34445,0.0
2012-02-25 04:11:00,1.34445,1.34445,1.34445,1.34445,0.0
2012-02-25 04:12:00,1.34445,1.34445,1.34445,1.34445,0.0
2012-02-25 04:13:00,1.34445,1.34445,1.34445,1.34445,0.0
2012-02-25 04:14:00,1.34445,1.34445,1.34445,1.34445,0.0
2012-02-25 04:15:00,1.34445,1.34445,1.34445,1.34445,0.0
2012-02-25 04:16:00,1.34445,1.34445,1.34445,1.34445,0.0
2012-02-25 04:17:00,1.34445,1.34445,1.34445,1.34445,0.0
2012-02-25 04:18:00,1.34445,1.34445,1.34445,1.34445,0.0
2012-02-25 04:19:00,1.34445,1.34445,1.34445,1.34445,0.0
2012-02-25 04:20:00,1.34445,1.34445,1.34445,1.34445,0.0
2012-02-25 04:21:00,1.34445,1.34445,1.34445,1.34445,0.0
2012-02-25 04:22:00,1.34445,1.34445,1.34445,1.34445,0.0
2012-02-25 04:23:00,1.34445,1.34445,1.34445,1.34445,0.0
2012-02-25 04:24:00,1.34445,1.34445,1.34445,1.34445,0.0
2012-02-25 04:25:00,1.34445,1.34445,1.34445,1.34445,0.0
2012-02-25 04:26:00,1.34445,1.34445,1.34445,1.34445,0.0
2012-02-25 04:27:00,1.34445,1.34445,1.34445,1.34445,0.0
2012-02-25 04:28:00,1.34445,1.34445,1.34445,1.34445,0.0
2012-02-25 04:29:00,1.34445,1.34445,1.34445,1.34445,0.0
2012-02-25 04:30:00,1.34445,1.34445,1.34445,1.34445,0.0
2012-02-25 04:31:00,1.34445,1.34445,1.34445,1.34445,0.0
2012-02-25 04:32:00,1.34445,1.34445,1.34445,1.34445,0.0
2012-02-25 04:33:00,1.34445,1.34445,1.34445,1.34445,0.0
2012-02-25 04:34:00,1.34445,1.34445,1.34445,1.34445,0.0
2012-02-25 04:35:00,1.34445,1.34445,1.34445,1.34445,0.0
2012-02-25 04:36:00,1.34445,1.34445,1.34445,1.34445,0.0
2012-02-25 04:37:00,1.34445,1.34445,1.34445,1.34445,0.0
2012-02-25 04:38:00,1.34445,1.34445,1.34445,1.34445,0.0
2012-02-25 04:39:00,1.34445,1.34445,1.34445,1.34445,0.0
2012-02-25 04:40:00,1.34445,1.34445,1.34445,1.34445,0.0
2012-02-25 04:41:00,1.34445,1.34445,1.34445,1.34445,0.0
2012-02-25 04:42:00,1.34445,1.34445,1.34445,1.34445,0.0
2012-02-25 04:43:00,1.34445,1.34445,1.34445,1.34445,0.0
2012-02-25 04:44:00,1.34445,1.34445,1.34445,1.34445,0.0
2012-02-25 04:45:00,1.34445,1.34445,1.34445,1.34445,0.0
2012-02-25 04:46:00,1.34445,1.34445,1.34445,1.34445,0.0
2012-02-25 04:47:00,1.34445,1.34445,1.34445,1.34445,0.0
2012-02-25 04:48:00,1.34445,1.34445,1.34445,1.34445,0.0
2012-02-25 04:49:00,1.34445,1.34445,1.34445,1.34445,0.0
2012-02-25 04:50:00,1.34445,1.34445,1.34445,1.34445,0.0
2012-02-25 04:51:00,1.34445,1.34445,1.34445,1.34445,0.0
2012-02-25 04:52:00,1.34445,1.34445,1.34445,1.34445,0.0
2012-02-25 04:53:00,1.34445,1.34445,1.34445,1.34445,0.0
2012-02-25 04:54:00,1.34445,1.34445,1.34445,1.34445,0.0
2012-02-25 04:55:00,1.34445,1.34445,1.34445,1.34445,0.0
2012-02-25 04:56:00,1.34445,1.34445,1.34445,1.34445,0.0
2012-02-25 04:57:00,1.34445,1.34445,1.34445,1.34445,0.0
2012-02-25 04:58:00,1.34445,1.34445,1.34445,1.34445,0.0
2012-02-25 04:59:00,1.34445,1.34445,1.34445,1.34445,0.0
2012-02-25 05:00:00,1.34445,1.34445,1.34445,1.34445,0.0
2012-02-25 05:01:00,1.34445,1.34445,1.34445,1.34445,0.0
2012-02-25 05:02:00,1.34445,1.34445,1.34445,1.34445,0.0
2012-02-25 05:03:00,1.34445,1.34445,1.34445,1.34445,0.0
2012-02-25 05:04:00,1.34445,1.34445,1.34445,1.34445,0.0
2012-02-25 05:05:00,1.34445,1.34445,1.34445,1.34445,0.0
2012-02-25 05:06:00,1.34445,1.34445,1.34445,1.34445,0.0
2012-02-25 05:07:00,1.34445,1.34445,1.34445,1.34445,0.0
2012-02-25 05:08:00,1.34445,1.34445,1.34445,1.34445,0.0
2012-02-25 05:09:00,1.34445,1.34445,1.34445,1.34445,0.0
2012-02-25 05:10:00,1.34445,1.34445,1.34445,1.34445,0.0
2012-02-25 05:11:00,1.34445,1.34445,1.34445,1.34445,0.0
2012-02-25 05:12:00,1.34445,1.34445,1.34445,1.34445,0.0
2012-02-25 05:13:00,1.34445,1.34445,1.34445,1.34445,0.0
2012-02-25 05:14:00,1.34445,1.34445,1.34445,1.34445,0.0
2012-02-25 05:15:00,1.34445,1.34445,1.34445,1.34445,0.0
2012-02-25 05:16:00,1.34445,1.34445,1.34445,1.34445,0.0
2012-02-25 05:17:00,1.34445,1.34445,1.34445,1.34445,0.0
2012-02-25 05:18:00,1.34445,1.34445,1.34445,1.34445,0.0
2012-02-25 05:19:00,1.34445,1.34445,1.34445,1.34445,0.0
2012-02-25 05:20:00,1.34445,1.34445,1.34445,1.34445,0.0
2012-02-25 05:21:00,1.34445,1.34445,1.34445,1.34445,0.0
2012-02-25 05:22:00,1.34445,1.34445,1.34445,1.34445,0.0
2012-02-25 05:23:00,1.34445,1.34445,1.34445,1.34445,0.0
2012-02-25 05:24:00,1.34445,1.34445,1.34445,1.34445,0.0
2012-02-25 05:25:00,1.34445,1.34445,1.34445,1.34445,0.0
2012-02-25 05:26:00,1.34445,1.34445,1.34445,1.34445,0.0
2012-02-25 05:27:00,1.34445,1.34445,1.34445,1.34445,0.0
2012-02-25 05:28:00,1.34445,1.34445,1.34445,1.34445,0.0
2012-02-25 05:29:00,1.34445,1.34445,1.34445,1.34445,0.0
2012-02-25 05:30:00,1.34445,1.34445,1.34445,1.34445,0.0
2012-02-25 05:31:00,1.34445,1.34445,1.34445,1.34445,0.0
2012-02-25 05:32:00,1.34445,1.34445,1.34445,1.34445,0.0
2012-02-25 05:33:00,1.34445,1.34445,1.34445,1.34445,0.0
2012-02-25 05:34:00,1.34445,1.34445,1.34445,1.34445,0.0
2012-02-25 05:35:00,1.34445,1.34445,1.34445,1.34445,0.0
2012-02-25 05:36:00,1.34445,1.34445,1.34445,1.34445,0.0
2012-02-25 05:37:00,1.34445,1.34445,1.34445,1.34445,0.0
2012-02-25 05:38:00,1.34445,1.34445,1.34445,1.34445,0.0
2012-02-25 05:39:00,1.34445,1.34445,1.34445,1.34445,0.0
2012-02-25 05:40:00,1.34445,1.34445,1.34445,1.34445,0.0
2012-02-25 05:41:00,1.34445,1.34445,1.34445,1.34445,0.0
2012-02-25 05:42:00,1.34445,1.34445,1.34445,1.34445,0.0
2012-02-25 05:43:00,1.34445,1.34445,1.34445,1.34445,0.0
2012-02-25 05:44:00,1.34445,1.34445,1.34445,1.34445,0.0
2012-02-25 05:45:00,1.34445,1.34445,1.34445,1.34445,0.0
2012-02-25 05:46:00,1.34445,1.34445,1.34445,1.34445,0.0
2012-02-25 05:47:00,1.34445,1.34445,1.34445,1.34445,0.0
2012-02-25 05:48:00,1.34445,1.34445,1.34445,1.34445,0.0
2012-02-25 05:49:00,1.34445,1.34445,1.34445,1.34445,0.0
2012-02-25 05:50:00,1.34445,1.34445,1.34445,1.34445,0.0
2012-02-25 05:51:00,1.34445,1.34445,1.34445,1.34445,0.0
2012-02-25 05:52:00,1.34445,1.34445,1.34445,1.34445,0.0
2012-02-25 05:53:00,1.34445,1.34445,1.34445,1.34445,0.0
2012-02-25 05:54:00,1.34445,1.34445,1.34445,1.34445,0.0
2012-02-25 05:55:00,1.34445,1.34445,1.34445,1.34445,0.0
2012-02-25 05:56:00,1.34445,1.34445,1.34445,1.34445,0.0
2012-02-25 05:57:00,1.34445,1.34445,1.34445,1.34445,0.0
2012-02-25 05:58:00,1.34445,1.34445,1.34445,1.34445,0.0
2012-02-25 05:59:00,1.34445,1.34445,1.34445,1.34445,0.0
2012-02-25 06:00:00,1.34445,1.34445,1.34445,1.34445,0.0
2012-02-25 06:01:00,1.34445,1.34445,1.34445,1.34445,0.0
2012-02-25 06:02:00,1.34445,1.34445,1.34445,1.34445,0.0
2012-02-25 06:03:00,1.34445,1.34445,1.34445,1.34445,0.0
2012-02-25 06:04:00,1.34445,1.34445,1.34445,1.34445,0.0
2012-02-25 06:05:00,1.34445,1.34445,1.34445,1.34445,0.0
2012-02-25 06:06:00,1.34445,1.34445,1.34445,1.34445,0.0
2012-02-25 06:07:00,1.34445,1.34445,1.34445,1.34445,0.0
2012-02-25 06:08:00,1.34445,1.34445,1.34445,1.34445,0.0
2012-02-25 06:09:00,1.34445,1.34445,1.34445,1.34445,0.0
2012-02-25 06:10:00,1.34445,1.34445,1.34445,1.34445,0.0
2012-02-25 06:11:00,1.34445,1.34445,1.34445,1.34445,0.0
2012-02-25 06:12:00,1.34445,1.34445,1.34445,1.34445,0.0
2012-02-25 06:13:00,1.34445,1.34445,1.34445,1.34445,0.0
2012-02-25 06:14:00,1.34445,1.34445,1.34445,1.34445,0.0
2012-02-25 06:15:00,1.34445,1.34445,1.34445,1.34445,0.0
2012-02-25 06:16:00,1.34445,1.34445,1.34445,1.34445,0.0
2012-02-25 06:17:00,1.34445,1.34445,1.34445,1.34445,0.0
2012-02-25 06:18:00,1.34445,1.34445,1.34445,1.34445,0.0
2012-02-25 06:19:00,1.34445,1.34445,1.34445,1.34445,0.0
2012-02-25 06:20:00,1.34445,1.34445,1.34445,1.34445,0.0
2012-02-25 06:21:00,1.34445,1.34445,1.34445,1.34445,0.0
2012-02-25 06:22:00,1.34445,1.34445,1.34445,1.34445,0.0
2012-02-25 06:23:00,1.34445,1.34445,1.34445,1.34445,0.0
2012-02-25 06:24:00,1.34445,1.34445,1.34445,1.34445,0.0
2012-02-25 06:25:00,1.34445,1.34445,1.34445,1.34445,0.0
2012-02-25 06:26:00,1.34445,1.34445,1.34445,1.34445,0.0
2012-02-25 06:27:00,1.34445,1.34445,1.34445,1.34445,0.0
2012-02-25 06:28:00,1.34445,1.34445,1.34445,1.34445,0.0
2012-02-25 06:29:00,1.34445,1.34445,1.34445,1.34445,0.0
2012-02-25 06:30:00,1.34445,1.34445,1.34445,1.34445,0.0
2012-02-25 06:31:00,1.34445,1.34445,1.34445,1.34445,0.0
2012-02-25 06:32:00,1.34445,1.34445,1.34445,1.34445,0.0
2012-02-25 06:33:00,1.34445,1.34445,1.34445,1.34445,0.0
2012-02-25 06:34:00,1.34445,1.34445,1.34445,1.34445,0.0
2012-02-25 06:35:00,1.34445,1.34445,1.34445,1.34445,0.0
2012-02-25 06:36:00,1.34445,1.34445,1.34445,1.34445,0.0
2012-02-25 06:37:00,1.34445,1.34445,1.34445,1.34445,0.0
2012-02-25 06:38:00,1.34445,1.34445,1.34445,1.34445,0.0
2012-02-25 06:39:00,1.34445,1.34445,1.34445,1.34445,0.0
2012-02-25 06:40:00,1.34445,1.34445,1.34445,1.34445,0.0
2012-02-25 06:41:00,1.34445,1.34445,1.34445,1.34445,0.0
2012-02-25 06:42:00,1.34445,1.34445,1.34445,1.34445,0.0
2012-02-25 06:43:00,1.34445,1.34445,1.34445,1.34445,0.0
2012-02-25 06:44:00,1.34445,1.34445,1.34445,1.34445,0.0
2012-02-25 06:45:00,1.34445,1.34445,1.34445,1.34445,0.0
2012-02-25 06:46:00,1.34445,1.34445,1.34445,1.34445,0.0
2012-02-25 06:47:00,1.34445,1.34445,1.34445,1.34445,0.0
2012-02-25 06:48:00,1.34445,1.34445,1.34445,1.34445,0.0
2012-02-25 06:49:00,1.34445,1.34445,1.34445,1.34445,0.0
2012-02-25 06:50:00,1.34445,1.34445,1.34445,1.34445,0.0
2012-02-25 06:51:00,1.34445,1.34445,1.34445,1.34445,0.0
2012-02-25 06:52:00,1.34445,1.34445,1.34445,1.34445,0.0
2012-02-25 06:53:00,1.34445,1.34445,1.34445,1.34445,0.0
2012-02-25 06:54:00,1.34445,1.34445,1.34445,1.34445,0.0
2012-02-25 06:55:00,1.34445,1.34445,1.34445,1.34445,0.0
2012-02-25 06:56:00,1.34445,1.34445,1.34445,1.34445,0.0
2012-02-25 06:57:00,1.34445,1.34445,1.34445,1.34445,0.0
2012-02-25 06:58:00,1.34445,1.34445,1.34445,1.34445,0.0
2012-02-25 06:59:00,1.34445,1.34445,1.34445,1.34445,0.0
2012-02-25 07:00:00,1.34445,1.34445,1.34445,1.34445,0.0
2012-02-25 07:01:00,1.34445,1.34445,1.34445,1.34445,0.0
2012-02-25 07:02:00,1.34445,1.34445,1.34445,1.34445,0.0
2012-02-25 07:03:00,1.34445,1.34445,1.34445,1.34445,0.0
2012-02-25 07:04:00,1.34445,1.34445,1.34445,1.34445,0.0
2012-02-25 07:05:00,1.34445,1.34445,1.34445,1.34445,0.0
2012-02-25 07:06:00,1.34445,1.34445,1.34445,1.34445,0.0
2012-02-25 07:07:00,1.34445,1.34445,1.34445,1.34445,0.0
2012-02-25 07:08:00,1.34445,1.34445,1.34445,1.34445,0.0
2012-02-25 07:09:00,1.34445,1.34445,1.34445,1.34445,0.0
2012-02-25 07:10:00,1.34445,1.34445,1.34445,1.34445,0.0
2012-02-25 07:11:00,1.34445,1.34445,1.34445,1.34445,0.0
2012-02-25 07:12:00,1.34445,1.34445,1.34445,1.34445,0.0
2012-02-25 07:13:00,1.34445,1.34445,1.34445,1.34445,0.0
2012-02-25 07:14:00,1.34445,1.34445,1.34445,1.34445,0.0
2012-02-25 07:15:00,1.34445,1.34445,1.34445,1.34445,0.0
2012-02-25 07:16:00,1.34445,1.34445,1.34445,1.34445,0.0
2012-02-25 07:17:00,1.34445,1.34445,1.34445,1.34445,0.0
2012-02-25 07:18:00,1.34445,1.34445,1.34445,1.34445,0.0
2012-02-25 07:19:00,1.34445,1.34445,1.34445,1.34445,0.0
2012-02-25 07:20:00,1.34445,1.34445,1.34445,1.34445,0.0
2012-02-25 07:21:00,1.34445,1.34445,1.34445,1.34445,0.0
2012-02-25 07:22:00,1.34445,1.34445,1.34445,1.34445,0.0
2012-02-25 07:23:00,1.34445,1.34445,1.34445,1.34445,0.0
2012-02-25 07:24:00,1.34445,1.34445,1.34445,1.34445,0.0
2012-02-25 07:25:00,1.34445,1.34445,1.34445,1.34445,0.0
2012-02-25 07:26:00,1.34445,1.34445,1.34445,1.34445,0.0
2012-02-25 07:27:00,1.34445,1.34445,1.34445,1.34445,0.0
2012-02-25 07:28:00,1.34445,1.34445,1.34445,1.34445,0.0
2012-02-25 07:29:00,1.34445,1.34445,1.34445,1.34445,0.0
2012-02-25 07:30:00,1.34445,1.34445,1.34445,1.34445,0.0
2012-02-25 07:31:00,1.34445,1.34445,1.34445,1.34445,0.0
2012-02-25 07:32:00,1.34445,1.34445,1.34445,1.34445,0.0
2012-02-25 07:33:00,1.34445,1.34445,1.34445,1.34445,0.0
2012-02-25 07:34:00,1.34445,1.34445,1.34445,1.34445,0.0
2012-02-25 07:35:00,1.34445,1.34445,1.34445,1.34445,0.0
2012-02-25 07:36:00,1.34445,1.34445,1.34445,1.34445,0.0
2012-02-25 07:37:00,1.34445,1.34445,1.34445,1.34445,0.0
2012-02-25 07:38:00,1.34445,1.34445,1.34445,1.34445,0.0
2012-02-25 07:39:00,1.34445,1.34445,1.34445,1.34445,0.0
2012-02-25 07:40:00,1.34445,1.34445,1.34445,1.34445,0.0
2012-02-25 07:41:00,1.34445,1.34445,1.34445,1.34445,0.0
2012-02-25 07:42:00,1.34445,1.34445,1.34445,1.34445,0.0
2012-02-25 07:43:00,1.34445,1.34445,1.34445,1.34445,0.0
2012-02-25 07:44:00,1.34445,1.34445,1.34445,1.34445,0.0
2012-02-25 07:45:00,1.34445,1.34445,1.34445,1.34445,0.0
2012-02-25 07:46:00,1.34445,1.34445,1.34445,1.34445,0.0
2012-02-25 07:47:00,1.34445,1.34445,1.34445,1.34445,0.0
2012-02-25 07:48:00,1.34445,1.34445,1.34445,1.34445,0.0
2012-02-25 07:49:00,1.34445,1.34445,1.34445,1.34445,0.0
2012-02-25 07:50:00,1.34445,1.34445,1.34445,1.34445,0.0
2012-02-25 07:51:00,1.34445,1.34445,1.34445,1.34445,0.0
2012-02-25 07:52:00,1.34445,1.34445,1.34445,1.34445,0.0
2012-02-25 07:53:00,1.34445,1.34445,1.34445,1.34445,0.0
2012-02-25 07:54:00,1.34445,1.34445,1.34445,1.34445,0.0
2012-02-25 07:55:00,1.34445,1.34445,1.34445,1.34445,0.0
2012-02-25 07:56:00,1.34445,1.34445,1.34445,1.34445,0.0
2012-02-25 07:57:00,1.34445,1.34445,1.34445,1.34445,0.0
2012-02-25 07:58:00,1.34445,1.34445,1.34445,1.34445,0.0
2012-02-25 07:59:00,1.34445,1.34445,1.34445,1.34445,0.0
2012-02-25 08:00:00,1.34445,1.34445,1.34445,1.34445,0.0
2012-02-25 08:01:00,1.34445,1.34445,1.34445,1.34445,0.0
2012-02-25 08:02:00,1.34445,1.34445,1.34445,1.34445,0.0
2012-02-25 08:03:00,1.34445,1.34445,1.34445,1.34445,0.0
2012-02-25 08:04:00,1.34445,1.34445,1.34445,1.34445,0.0
2012-02-25 08:05:00,1.34445,1.34445,1.34445,1.34445,0.0
2012-02-25 08:06:00,1.34445,1.34445,1.34445,1.34445,0.0
2012-02-25 08:07:00,1.34445,1.34445,1.34445,1.34445,0.0
2012-02-25 08:08:00,1.34445,1.34445,1.34445,1.34445,0.0
2012-02-25 08:09:00,1.34445,1.34445,1.34445,1.34445,0.0
2012-02-25 08:10:00,1.34445,1.34445,1.34445,1.34445,0.0
2012-02-25 08:11:00,1.34445,1.34445,1.34445,1.34445,0.0
2012-02-25 08:12:00,1.34445,1.34445,1.34445,1.34445,0.0
2012-02-25 08:13:00,1.34445,1.34445,1.34445,1.34445,0.0
2012-02-25 08:14:00,1.34445,1.34445,1.34445,1.34445,0.0
2012-02-25 08:15:00,1.34445,1.34445,1.34445,1.34445,0.0
2012-02-25 08:16:00,1.34445,1.34445,1.34445,1.34445,0.0
2012-02-25 08:17:00,1.34445,1.34445,1.34445,1.34445,0.0
2012-02-25 08:18:00,1.34445,1.34445,1.34445,1.34445,0.0
2012-02-25 08:19:00,1.34445,1.34445,1.34445,1.34445,0.0
2012-02-25 08:20:00,1.34445,1.34445,1.34445,1.34445,0.0
2012-02-25 08:21:00,1.34445,1.34445,1.34445,1.34445,0.0
2012-02-25 08:22:00,1.34445,1.34445,1.34445,1.34445,0.0
2012-02-25 08:23:00,1.34445,1.34445,1.34445,1.34445,0.0
2012-02-25 08:24:00,1.34445,1.34445,1.34445,1.34445,0.0
2012-02-25 08:25:00,1.34445,1.34445,1.34445,1.34445,0.0
2012-02-25 08:26:00,1.34445,1.34445,1.34445,1.34445,0.0
2012-02-25 08:27:00,1.34445,1.34445,1.34445,1.34445,0.0
2012-02-25 08:28:00,1.34445,1.34445,1.34445,1.34445,0.0
2012-02-25 08:29:00,1.34445,1.34445,1.34445,1.34445,0.0
2012-02-25 08:30:00,1.34445,1.34445,1.34445,1.34445,0.0
2012-02-25 08:31:00,1.34445,1.34445,1.34445,1.34445,0.0
2012-02-25 08:32:00,1.34445,1.34445,1.34445,1.34445,0.0
2012-02-25 08:33:00,1.34445,1.34445,1.34445,1.34445,0.0
2012-02-25 08:34:00,1.34445,1.34445,1.34445,1.34445,0.0
2012-02-25 08:35:00,1.34445,1.34445,1.34445,1.34445,0.0
2012-02-25 08:36:00,1.34445,1.34445,1.34445,1.34445,0.0
2012-02-25 08:37:00,1.34445,1.34445,1.34445,1.34445,0.0
2012-02-25 08:38:00,1.34445,1.34445,1.34445,1.34445,0.0
2012-02-25 08:39:00,1.34445,1.34445,1.34445,1.34445,0.0
2012-02-25 08:40:00,1.34445,1.34445,1.34445,1.34445,0.0
2012-02-25 08:41:00,1.34445,1.34445,1.34445,1.34445,0.0
2012-02-25 08:42:00,1.34445,1.34445,1.34445,1.34445,0.0
2012-02-25 08:43:00,1.34445,1.34445,1.34445,1.34445,0.0
2012-02-25 08:44:00,1.34445,1.34445,1.34445,1.34445,0.0
2012-02-25 08:45:00,1.34445,1.34445,1.34445,1.34445,0.0
2012-02-25 08:46:00,1.34445,1.34445,1.34445,1.34445,0.0
2012-02-25 08:47:00,1.34445,1.34445,1.34445,1.34445,0.0
2012-02-25 08:48:00,1.34445,1.34445,1.34445,1.34445,0.0
2012-02-25 08:49:00,1.34445,1.34445,1.34445,1.34445,0.0
2012-02-25 08:50:00,1.34445,1.34445,1.34445,1.34445,0.0
2012-02-25 08:51:00,1.34445,1.34445,1.34445,1.34445,0.0
2012-02-25 08:52:00,1.34445,1.34445,1.34445,1.34445,0.0
2012-02-25 08:53:00,1.34445,1.34445,1.34445,1.34445,0.0
2012-02-25 08:54:00,1.34445,1.34445,1.34445,1.34445,0.0
2012-02-25 08:55:00,1.34445,1.34445,1.34445,1.34445,0.0
2012-02-25 08:56:00,1.34445,1.34445,1.34445,1.34445,0.0
2012-02-25 08:57:00,1.34445,1.34445,1.34445,1.34445,0.0
2012-02-25 08:58:00,1.34445,1.34445,1.34445,1.34445,0.0
2012-02-25 08:59:00,1.34445,1.34445,1.34445,1.34445,0.0
2012-02-25 09:00:00,1.34445,1.34445,1.34445,1.34445,0.0
2012-02-25 09:01:00,1.34445,1.34445,1.34445,1.34445,0.0
2012-02-25 09:02:00,1.34445,1.34445,1.34445,1.34445,0.0
2012-02-25 09:03:00,1.34445,1.34445,1.34445,1.34445,0.0
2012-02-25 09:04:00,1.34445,1.34445,1.34445,1.34445,0.0
2012-02-25 09:05:00,1.34445,1.34445,1.34445,1.34445,0.0
2012-02-25 09:06:00,1.34445,1.34445,1.34445,1.34445,0.0
2012-02-25 09:07:00,1.34445,1.34445,1.34445,1.34445,0.0
2012-02-25 09:08:00,1.34445,1.34445,1.34445,1.34445,0.0
2012-02-25 09:09:00,1.34445,1.34445,1.34445,1.34445,0.0
2012-02-25 09:10:00,1.34445,1.34445,1.34445,1.34445,0.0
2012-02-25 09:11:00,1.34445,1.34445,1.34445,1.34445,0.0
2012-02-25 09:12:00,1.34445,1.34445,1.34445,1.34445,0.0
2012-02-25 09:13:00,1.34445,1.34445,1.34445,1.34445,0.0
2012-02-25 09:14:00,1.34445,1.34445,1.34445,1.34445,0.0
2012-02-25 09:15:00,1.34445,1.34445,1.34445,1.34445,0.0
2012-02-25 09:16:00,1.34445,1.34445,1.34445,1.34445,0.0
2012-02-25 09:17:00,1.34445,1.34445,1.34445,1.34445,0.0
2012-02-25 09:18:00,1.34445,1.34445,1.34445,1.34445,0.0
2012-02-25 09:19:00,1.34445,1.34445,1.34445,1.34445,0.0
2012-02-25 09:20:00,1.34445,1.34445,1.34445,1.34445,0.0
2012-02-25 09:21:00,1.34445,1.34445,1.34445,1.34445,0.0
2012-02-25 09:22:00,1.34445,1.34445,1.34445,1.34445,0.0
2012-02-25 09:23:00,1.34445,1.34445,1.34445,1.34445,0.0
2012-02-25 09:24:00,1.34445,1.34445,1.34445,1.34445,0.0
2012-02-25 09:25:00,1.34445,1.34445,1.34445,1.34445,0.0
2012-02-25 09:26:00,1.34445,1.34445,1.34445,1.34445,0.0
2012-02-25 09:27:00,1.34445,1.34445,1.34445,1.34445,0.0
2012-02-25 09:28:00,1.34445,1.34445,1.34445,1.34445,0.0
2012-02-25 09:29:00,1.34445,1.34445,1.34445,1.34445,0.0
2012-02-25 09:30:00,1.34445,1.34445,1.34445,1.34445,0.0
2012-02-25 09:31:00,1.34445,1.34445,1.34445,1.34445,0.0
2012-02-25 09:32:00,1.34445,1.34445,1.34445,1.34445,0.0
2012-02-25 09:33:00,1.34445,1.34445,1.34445,1.34445,0.0
2012-02-25 09:34:00,1.34445,1.34445,1.34445,1.34445,0.0
2012-02-25 09:35:00,1.34445,1.34445,1.34445,1.34445,0.0
2012-02-25 09:36:00,1.34445,1.34445,1.34445,1.34445,0.0
2012-02-25 09:37:00,1.34445,1.34445,1.34445,1.34445,0.0
2012-02-25 09:38:00,1.34445,1.34445,1.34445,1.34445,0.0
2012-02-25 09:39:00,1.34445,1.34445,1.34445,1.34445,0.0
2012-02-25 09:40:00,1.34445,1.34445,1.34445,1.34445,0.0
2012-02-25 09:41:00,1.34445,1.34445,1.34445,1.34445,0.0
2012-02-25 09:42:00,1.34445,1.34445,1.34445,1.34445,0.0
2012-02-25 09:43:00,1.34445,1.34445,1.34445,1.34445,0.0
2012-02-25 09:44:00,1.34445,1.34445,1.34445,1.34445,0.0
2012-02-25 09:45:00,1.34445,1.34445,1.34445,1.34445,0.0
2012-02-25 09:46:00,1.34445,1.34445,1.34445,1.34445,0.0
2012-02-25 09:47:00,1.34445,1.34445,1.34445,1.34445,0.0
2012-02-25 09:48:00,1.34445,1.34445,1.34445,1.34445,0.0
2012-02-25 09:49:00,1.34445,1.34445,1.34445,1.34445,0.0
2012-02-25 09:50:00,1.34445,1.34445,1.34445,1.34445,0.0
2012-02-25 09:51:00,1.34445,1.34445,1.34445,1.34445,0.0
2012-02-25 09:52:00,1.34445,1.34445,1.34445,1.34445,0.0
2012-02-25 09:53:00,1.34445,1.34445,1.34445,1.34445,0.0
2012-02-25 09:54:00,1.34445,1.34445,1.34445,1.34445,0.0
2012-02-25 09:55:00,1.34445,1.34445,1.34445,1.34445,0.0
2012-02-25 09:56:00,1.34445,1.34445,1.34445,1.34445,0.0
2012-02-25 09:57:00,1.34445,1.34445,1.34445,1.34445,0.0
2012-02-25 09:58:00,1.34445,1.34445,1.34445,1.34445,0.0
2012-02-25 09:59:00,1.34445,1.34445,1.34445,1.34445,0.0
2012-02-25 10:00:00,1.34445,1.34445,1.34445,1.34445,0.0
2012-02-25 10:01:00,1.34445,1.34445,1.34445,1.34445,0.0
2012-02-25 10:02:00,1.34445,1.34445,1.34445,1.34445,0.0
2012-02-25 10:03:00,1.34445,1.34445,1.34445,1.34445,0.0
2012-02-25 10:04:00,1.34445,1.34445,1.34445,1.34445,0.0
2012-02-25 10:05:00,1.34445,1.34445,1.34445,1.34445,0.0
2012-02-25 10:06:00,1.34445,1.34445,1.34445,1.34445,0.0
2012-02-25 10:07:00,1.34445,1.34445,1.34445,1.34445,0.0
2012-02-25 10:08:00,1.34445,1.34445,1.34445,1.34445,0.0
2012-02-25 10:09:00,1.34445,1.34445,1.34445,1.34445,0.0
2012-02-25 10:10:00,1.34445,1.34445,1.34445,1.34445,0.0
2012-02-25 10:11:00,1.34445,1.34445,1.34445,1.34445,0.0
2012-02-25 10:12:00,1.34445,1.34445,1.34445,1.34445,0.0
2012-02-25 10:13:00,1.34445,1.34445,1.34445,1.34445,0.0
2012-02-25 10:14:00,1.34445,1.34445,1.34445,1.34445,0.0
2012-02-25 10:15:00,1.34445,1.34445,1.34445,1.34445,0.0
2012-02-25 10:16:00,1.34445,1.34445,1.34445,1.34445,0.0
2012-02-25 10:17:00,1.34445,1.34445,1.34445,1.34445,0.0
2012-02-25 10:18:00,1.34445,1.34445,1.34445,1.34445,0.0
2012-02-25 10:19:00,1.34445,1.34445,1.34445,1.34445,0.0
2012-02-25 10:20:00,1.34445,1.34445,1.34445,1.34445,0.0
2012-02-25 10:21:00,1.34445,1.34445,1.34445,1.34445,0.0
2012-02-25 10:22:00,1.34445,1.34445,1.34445,1.34445,0.0
2012-02-25 10:23:00,1.34445,1.34445,1.34445,1.34445,0.0
2012-02-25 10:24:00,1.34445,1.34445,1.34445,1.34445,0.0
2012-02-25 10:25:00,1.34445,1.34445,1.34445,1.34445,0.0
2012-02-25 10:26:00,1.34445,1.34445,1.34445,1.34445,0.0
2012-02-25 10:27:00,1.34445,1.34445,1.34445,1.34445,0.0
2012-02-25 10:28:00,1.34445,1.34445,1.34445,1.34445,0.0
2012-02-25 10:29:00,1.34445,1.34445,1.34445,1.34445,0.0
2012-02-25 10:30:00,1.34445,1.34445,1.34445,1.34445,0.0
2012-02-25 10:31:00,1.34445,1.34445,1.34445,1.34445,0.0
2012-02-25 10:32:00,1.34445,1.34445,1.34445,1.34445,0.0
2012-02-25 10:33:00,1.34445,1.34445,1.34445,1.34445,0.0
2012-02-25 10:34:00,1.34445,1.34445,1.34445,1.34445,0.0
2012-02-25 10:35:00,1.34445,1.34445,1.34445,1.34445,0.0
2012-02-25 10:36:00,1.34445,1.34445,1.34445,1.34445,0.0
2012-02-25 10:37:00,1.34445,1.34445,1.34445,1.34445,0.0
2012-02-25 10:38:00,1.34445,1.34445,1.34445,1.34445,0.0
2012-02-25 10:39:00,1.34445,1.34445,1.34445,1.34445,0.0
2012-02-25 10:40:00,1.34445,1.34445,1.34445,1.34445,0.0
2012-02-25 10:41:00,1.34445,1.34445,1.34445,1.34445,0.0
2012-02-25 10:42:00,1.34445,1.34445,1.34445,1.34445,0.0
2012-02-25 10:43:00,1.34445,1.34445,1.34445,1.34445,0.0
2012-02-25 10:44:00,1.34445,1.34445,1.34445,1.34445,0.0
2012-02-25 10:45:00,1.34445,1.34445,1.34445,1.34445,0.0
2012-02-25 10:46:00,1.34445,1.34445,1.34445,1.34445,0.0
2012-02-25 10:47:00,1.34445,1.34445,1.34445,1.34445,0.0
2012-02-25 10:48:00,1.34445,1.34445,1.34445,1.34445,0.0
2012-02-25 10:49:00,1.34445,1.34445,1.34445,1.34445,0.0
2012-02-25 10:50:00,1.34445,1.34445,1.34445,1.34445,0.0
2012-02-25 10:51:00,1.34445,1.34445,1.34445,1.34445,0.0
2012-02-25 10:52:00,1.34445,1.34445,1.34445,1.34445,0.0
2012-02-25 10:53:00,1.34445,1.34445,1.34445,1.34445,0.0
2012-02-25 10:54:00,1.34445,1.34445,1.34445,1.34445,0.0
2012-02-25 10:55:00,1.34445,1.34445,1.34445,1.34445,0.0
2012-02-25 10:56:00,1.34445,1.34445,1.34445,1.34445,0.0
2012-02-25 10:57:00,1.34445,1.34445,1.34445,1.34445,0.0
2012-02-25 10:58:00,1.34445,1.34445,1.34445,1.34445,0.0
2012-02-25 10:59:00,1.34445,1.34445,1.34445,1.34445,0.0
2012-02-25 11:00:00,1.34445,1.34445,1.34445,1.34445,0.0
2012-02-25 11:01:00,1.34445,1.34445,1.34445,1.34445,0.0
2012-02-25 11:02:00,1.34445,1.34445,1.34445,1.34445,0.0
2012-02-25 11:03:00,1.34445,1.34445,1.34445,1.34445,0.0
2012-02-25 11:04:00,1.34445,1.34445,1.34445,1.34445,0.0
2012-02-25 11:05:00,1.34445,1.34445,1.34445,1.34445,0.0
2012-02-25 11:06:00,1.34445,1.34445,1.34445,1.34445,0.0
2012-02-25 11:07:00,1.34445,1.34445,1.34445,1.34445,0.0
2012-02-25 11:08:00,1.34445,1.34445,1.34445,1.34445,0.0
2012-02-25 11:09:00,1.34445,1.34445,1.34445,1.34445,0.0
2012-02-25 11:10:00,1.34445,1.34445,1.34445,1.34445,0.0
2012-02-25 11:11:00,1.34445,1.34445,1.34445,1.34445,0.0
2012-02-25 11:12:00,1.34445,1.34445,1.34445,1.34445,0.0
2012-02-25 11:13:00,1.34445,1.34445,1.34445,1.34445,0.0
2012-02-25 11:14:00,1.34445,1.34445,1.34445,1.34445,0.0
2012-02-25 11:15:00,1.34445,1.34445,1.34445,1.34445,0.0
2012-02-25 11:16:00,1.34445,1.34445,1.34445,1.34445,0.0
2012-02-25 11:17:00,1.34445,1.34445,1.34445,1.34445,0.0
2012-02-25 11:18:00,1.34445,1.34445,1.34445,1.34445,0.0
2012-02-25 11:19:00,1.34445,1.34445,1.34445,1.34445,0.0
2012-02-25 11:20:00,1.34445,1.34445,1.34445,1.34445,0.0
2012-02-25 11:21:00,1.34445,1.34445,1.34445,1.34445,0.0
2012-02-25 11:22:00,1.34445,1.34445,1.34445,1.34445,0.0
2012-02-25 11:23:00,1.34445,1.34445,1.34445,1.34445,0.0
2012-02-25 11:24:00,1.34445,1.34445,1.34445,1.34445,0.0
2012-02-25 11:25:00,1.34445,1.34445,1.34445,1.34445,0.0
2012-02-25 11:26:00,1.34445,1.34445,1.34445,1.34445,0.0
2012-02-25 11:27:00,1.34445,1.34445,1.34445,1.34445,0.0
2012-02-25 11:28:00,1.34445,1.34445,1.34445,1.34445,0.0
2012-02-25 11:29:00,1.34445,1.34445,1.34445,1.34445,0.0
2012-02-25 11:30:00,1.34445,1.34445,1.34445,1.34445,0.0
2012-02-25 11:31:00,1.34445,1.34445,1.34445,1.34445,0.0
2012-02-25 11:32:00,1.34445,1.34445,1.34445,1.34445,0.0
2012-02-25 11:33:00,1.34445,1.34445,1.34445,1.34445,0.0
2012-02-25 11:34:00,1.34445,1.34445,1.34445,1.34445,0.0
2012-02-25 11:35:00,1.34445,1.34445,1.34445,1.34445,0.0
2012-02-25 11:36:00,1.34445,1.34445,1.34445,1.34445,0.0
2012-02-25 11:37:00,1.34445,1.34445,1.34445,1.34445,0.0
2012-02-25 11:38:00,1.34445,1.34445,1.34445,1.34445,0.0
2012-02-25 11:39:00,1.34445,1.34445,1.34445,1.34445,0.0
2012-02-25 11:40:00,1.34445,1.34445,1.34445,1.34445,0.0
2012-02-25 11:41:00,1.34445,1.34445,1.34445,1.34445,0.0
2012-02-25 11:42:00,1.34445,1.34445,1.34445,1.34445,0.0
2012-02-25 11:43:00,1.34445,1.34445,1.34445,1.34445,0.0
2012-02-25 11:44:00,1.34445,1.34445,1.34445,1.34445,0.0
2012-02-25 11:45:00,1.34445,1.34445,1.34445,1.34445,0.0
2012-02-25 11:46:00,1.34445,1.34445,1.34445,1.34445,0.0
2012-02-25 11:47:00,1.34445,1.34445,1.34445,1.34445,0.0
2012-02-25 11:48:00,1.34445,1.34445,1.34445,1.34445,0.0
2012-02-25 11:49:00,1.34445,1.34445,1.34445,1.34445,0.0
2012-02-25 11:50:00,1.34445,1.34445,1.34445,1.34445,0.0
2012-02-25 11:51:00,1.34445,1.34445,1.34445,1.34445,0.0
2012-02-25 11:52:00,1.34445,1.34445,1.34445,1.34445,0.0
2012-02-25 11:53:00,1.34445,1.34445,1.34445,1.34445,0.0
2012-02-25 11:54:00,1.34445,1.34445,1.34445,1.34445,0.0
2012-02-25 11:55:00,1.34445,1.34445,1.34445,1.34445,0.0
2012-02-25 11:56:00,1.34445,1.34445,1.34445,1.34445,0.0
2012-02-25 11:57:00,1.34445,1.34445,1.34445,1.34445,0.0
2012-02-25 11:58:00,1.34445,1.34445,1.34445,1.34445,0.0
2012-02-25 11:59:00,1.34445,1.34445,1.34445,1.34445,0.0
2012-02-25 12:00:00,1.34445,1.34445,1.34445,1.34445,0.0
2012-02-25 12:01:00,1.34445,1.34445,1.34445,1.34445,0.0
2012-02-25 12:02:00,1.34445,1.34445,1.34445,1.34445,0.0
2012-02-25 12:03:00,1.34445,1.34445,1.34445,1.34445,0.0
2012-02-25 12:04:00,1.34445,1.34445,1.34445,1.34445,0.0
2012-02-25 12:05:00,1.34445,1.34445,1.34445,1.34445,0.0
2012-02-25 12:06:00,1.34445,1.34445,1.34445,1.34445,0.0
2012-02-25 12:07:00,1.34445,1.34445,1.34445,1.34445,0.0
2012-02-25 12:08:00,1.34445,1.34445,1.34445,1.34445,0.0
2012-02-25 12:09:00,1.34445,1.34445,1.34445,1.34445,0.0
2012-02-25 12:10:00,1.34445,1.34445,1.34445,1.34445,0.0
2012-02-25 12:11:00,1.34445,1.34445,1.34445,1.34445,0.0
2012-02-25 12:12:00,1.34445,1.34445,1.34445,1.34445,0.0
2012-02-25 12:13:00,1.34445,1.34445,1.34445,1.34445,0.0
2012-02-25 12:14:00,1.34445,1.34445,1.34445,1.34445,0.0
2012-02-25 12:15:00,1.34445,1.34445,1.34445,1.34445,0.0
2012-02-25 12:16:00,1.34445,1.34445,1.34445,1.34445,0.0
2012-02-25 12:17:00,1.34445,1.34445,1.34445,1.34445,0.0
2012-02-25 12:18:00,1.34445,1.34445,1.34445,1.34445,0.0
2012-02-25 12:19:00,1.34445,1.34445,1.34445,1.34445,0.0
2012-02-25 12:20:00,1.34445,1.34445,1.34445,1.34445,0.0
2012-02-25 12:21:00,1.34445,1.34445,1.34445,1.34445,0.0
2012-02-25 12:22:00,1.34445,1.34445,1.34445,1.34445,0.0
2012-02-25 12:23:00,1.34445,1.34445,1.34445,1.34445,0.0
2012-02-25 12:24:00,1.34445,1.34445,1.34445,1.34445,0.0
2012-02-25 12:25:00,1.34445,1.34445,1.34445,1.34445,0.0
2012-02-25 12:26:00,1.34445,1.34445,1.34445,1.34445,0.0
2012-02-25 12:27:00,1.34445,1.34445,1.34445,1.34445,0.0
2012-02-25 12:28:00,1.34445,1.34445,1.34445,1.34445,0.0
2012-02-25 12:29:00,1.34445,1.34445,1.34445,1.34445,0.0
2012-02-25 12:30:00,1.34445,1.34445,1.34445,1.34445,0.0
2012-02-25 12:31:00,1.34445,1.34445,1.34445,1.34445,0.0
2012-02-25 12:32:00,1.34445,1.34445,1.34445,1.34445,0.0
2012-02-25 12:33:00,1.34445,1.34445,1.34445,1.34445,0.0
2012-02-25 12:34:00,1.34445,1.34445,1.34445,1.34445,0.0
2012-02-25 12:35:00,1.34445,1.34445,1.34445,1.34445,0.0
2012-02-25 12:36:00,1.34445,1.34445,1.34445,1.34445,0.0
2012-02-25 12:37:00,1.34445,1.34445,1.34445,1.34445,0.0
2012-02-25 12:38:00,1.34445,1.34445,1.34445,1.34445,0.0
2012-02-25 12:39:00,1.34445,1.34445,1.34445,1.34445,0.0
2012-02-25 12:40:00,1.34445,1.34445,1.34445,1.34445,0.0
2012-02-25 12:41:00,1.34445,1.34445,1.34445,1.34445,0.0
2012-02-25 12:42:00,1.34445,1.34445,1.34445,1.34445,0.0
2012-02-25 12:43:00,1.34445,1.34445,1.34445,1.34445,0.0
2012-02-25 12:44:00,1.34445,1.34445,1.34445,1.34445,0.0
2012-02-25 12:45:00,1.34445,1.34445,1.34445,1.34445,0.0
2012-02-25 12:46:00,1.34445,1.34445,1.34445,1.34445,0.0
2012-02-25 12:47:00,1.34445,1.34445,1.34445,1.34445,0.0
2012-02-25 12:48:00,1.34445,1.34445,1.34445,1.34445,0.0
2012-02-25 12:49:00,1.34445,1.34445,1.34445,1.34445,0.0
2012-02-25 12:50:00,1.34445,1.34445,1.34445,1.34445,0.0
2012-02-25 12:51:00,1.34445,1.34445,1.34445,1.34445,0.0
2012-02-25 12:52:00,1.34445,1.34445,1.34445,1.34445,0.0
2012-02-25 12:53:00,1.34445,1.34445,1.34445,1.34445,0.0
2012-02-25 12:54:00,1.34445,1.34445,1.34445,1.34445,0.0
2012-02-25 12:55:00,1.34445,1.34445,1.34445,1.34445,0.0
2012-02-25 12:56:00,1.34445,1.34445,1.34445,1.34445,0.0
2012-02-25 12:57:00,1.34445,1.34445,1.34445,1.34445,0.0
2012-02-25 12:58:00,1.34445,1.34445,1.34445,1.34445,0.0
2012-02-25 12:59:00,1.34445,1.34445,1.34445,1.34445,0.0
2012-02-25 13:00:00,1.34445,1.34445,1.34445,1.34445,0.0
2012-02-25 13:01:00,1.34445,1.34445,1.34445,1.34445,0.0
2012-02-25 13:02:00,1.34445,1.34445,1.34445,1.34445,0.0
2012-02-25 13:03:00,1.34445,1.34445,1.34445,1.34445,0.0
2012-02-25 13:04:00,1.34445,1.34445,1.34445,1.34445,0.0
2012-02-25 13:05:00,1.34445,1.34445,1.34445,1.34445,0.0
2012-02-25 13:06:00,1.34445,1.34445,1.34445,1.34445,0.0
2012-02-25 13:07:00,1.34445,1.34445,1.34445,1.34445,0.0
2012-02-25 13:08:00,1.34445,1.34445,1.34445,1.34445,0.0
2012-02-25 13:09:00,1.34445,1.34445,1.34445,1.34445,0.0
2012-02-25 13:10:00,1.34445,1.34445,1.34445,1.34445,0.0
2012-02-25 13:11:00,1.34445,1.34445,1.34445,1.34445,0.0
2012-02-25 13:12:00,1.34445,1.34445,1.34445,1.34445,0.0
2012-02-25 13:13:00,1.34445,1.34445,1.34445,1.34445,0.0
2012-02-25 13:14:00,1.34445,1.34445,1.34445,1.34445,0.0
2012-02-25 13:15:00,1.34445,1.34445,1.34445,1.34445,0.0
2012-02-25 13:16:00,1.34445,1.34445,1.34445,1.34445,0.0
2012-02-25 13:17:00,1.34445,1.34445,1.34445,1.34445,0.0
2012-02-25 13:18:00,1.34445,1.34445,1.34445,1.34445,0.0
2012-02-25 13:19:00,1.34445,1.34445,1.34445,1.34445,0.0
2012-02-25 13:20:00,1.34445,1.34445,1.34445,1.34445,0.0
2012-02-25 13:21:00,1.34445,1.34445,1.34445,1.34445,0.0
2012-02-25 13:22:00,1.34445,1.34445,1.34445,1.34445,0.0
2012-02-25 13:23:00,1.34445,1.34445,1.34445,1.34445,0.0
2012-02-25 13:24:00,1.34445,1.34445,1.34445,1.34445,0.0
2012-02-25 13:25:00,1.34445,1.34445,1.34445,1.34445,0.0
2012-02-25 13:26:00,1.34445,1.34445,1.34445,1.34445,0.0
2012-02-25 13:27:00,1.34445,1.34445,1.34445,1.34445,0.0
2012-02-25 13:28:00,1.34445,1.34445,1.34445,1.34445,0.0
2012-02-25 13:29:00,1.34445,1.34445,1.34445,1.34445,0.0
2012-02-25 13:30:00,1.34445,1.34445,1.34445,1.34445,0.0
2012-02-25 13:31:00,1.34445,1.34445,1.34445,1.34445,0.0
2012-02-25 13:32:00,1.34445,1.34445,1.34445,1.34445,0.0
2012-02-25 13:33:00,1.34445,1.34445,1.34445,1.34445,0.0
2012-02-25 13:34:00,1.34445,1.34445,1.34445,1.34445,0.0
2012-02-25 13:35:00,1.34445,1.34445,1.34445,1.34445,0.0
2012-02-25 13:36:00,1.34445,1.34445,1.34445,1.34445,0.0
2012-02-25 13:37:00,1.34445,1.34445,1.34445,1.34445,0.0
2012-02-25 13:38:00,1.34445,1.34445,1.34445,1.34445,0.0
2012-02-25 13:39:00,1.34445,1.34445,1.34445,1.34445,0.0
2012-02-25 13:40:00,1.34445,1.34445,1.34445,1.34445,0.0
2012-02-25 13:41:00,1.34445,1.34445,1.34445,1.34445,0.0
2012-02-25 13:42:00,1.34445,1.34445,1.34445,1.34445,0.0
2012-02-25 13:43:00,1.34445,1.34445,1.34445,1.34445,0.0
2012-02-25 13:44:00,1.34445,1.34445,1.34445,1.34445,0.0
2012-02-25 13:45:00,1.34445,1.34445,1.34445,1.34445,0.0
2012-02-25 13:46:00,1.34445,1.34445,1.34445,1.34445,0.0
2012-02-25 13:47:00,1.34445,1.34445,1.34445,1.34445,0.0
2012-02-25 13:48:00,1.34445,1.34445,1.34445,1.34445,0.0
2012-02-25 13:49:00,1.34445,1.34445,1.34445,1.34445,0.0
2012-02-25 13:50:00,1.34445,1.34445,1.34445,1.34445,0.0
2012-02-25 13:51:00,1.34445,1.34445,1.34445,1.34445,0.0
2012-02-25 13:52:00,1.34445,1.34445,1.34445,1.34445,0.0
2012-02-25 13:53:00,1.34445,1.34445,1.34445,1.34445,0.0
2012-02-25 13:54:00,1.34445,1.34445,1.34445,1.34445,0.0
2012-02-25 13:55:00,1.34445,1.34445,1.34445,1.34445,0.0
2012-02-25 13:56:00,1.34445,1.34445,1.34445,1.34445,0.0
2012-02-25 13:57:00,1.34445,1.34445,1.34445,1.34445,0.0
2012-02-25 13:58:00,1.34445,1.34445,1.34445,1.34445,0.0
2012-02-25 13:59:00,1.34445,1.34445,1.34445,1.34445,0.0
2012-02-25 14:00:00,1.34445,1.34445,1.34445,1.34445,0.0
2012-02-25 14:01:00,1.34445,1.34445,1.34445,1.34445,0.0
2012-02-25 14:02:00,1.34445,1.34445,1.34445,1.34445,0.0
2012-02-25 14:03:00,1.34445,1.34445,1.34445,1.34445,0.0
2012-02-25 14:04:00,1.34445,1.34445,1.34445,1.34445,0.0
2012-02-25 14:05:00,1.34445,1.34445,1.34445,1.34445,0.0
2012-02-25 14:06:00,1.34445,1.34445,1.34445,1.34445,0.0
2012-02-25 14:07:00,1.34445,1.34445,1.34445,1.34445,0.0
2012-02-25 14:08:00,1.34445,1.34445,1.34445,1.34445,0.0
2012-02-25 14:09:00,1.34445,1.34445,1.34445,1.34445,0.0
2012-02-25 14:10:00,1.34445,1.34445,1.34445,1.34445,0.0
2012-02-25 14:11:00,1.34445,1.34445,1.34445,1.34445,0.0
2012-02-25 14:12:00,1.34445,1.34445,1.34445,1.34445,0.0
2012-02-25 14:13:00,1.34445,1.34445,1.34445,1.34445,0.0
2012-02-25 14:14:00,1.34445,1.34445,1.34445,1.34445,0.0
2012-02-25 14:15:00,1.34445,1.34445,1.34445,1.34445,0.0
2012-02-25 14:16:00,1.34445,1.34445,1.34445,1.34445,0.0
2012-02-25 14:17:00,1.34445,1.34445,1.34445,1.34445,0.0
2012-02-25 14:18:00,1.34445,1.34445,1.34445,1.34445,0.0
2012-02-25 14:19:00,1.34445,1.34445,1.34445,1.34445,0.0
2012-02-25 14:20:00,1.34445,1.34445,1.34445,1.34445,0.0
2012-02-25 14:21:00,1.34445,1.34445,1.34445,1.34445,0.0
2012-02-25 14:22:00,1.34445,1.34445,1.34445,1.34445,0.0
2012-02-25 14:23:00,1.34445,1.34445,1.34445,1.34445,0.0
2012-02-25 14:24:00,1.34445,1.34445,1.34445,1.34445,0.0
2012-02-25 14:25:00,1.34445,1.34445,1.34445,1.34445,0.0
2012-02-25 14:26:00,1.34445,1.34445,1.34445,1.34445,0.0
2012-02-25 14:27:00,1.34445,1.34445,1.34445,1.34445,0.0
2012-02-25 14:28:00,1.34445,1.34445,1.34445,1.34445,0.0
2012-02-25 14:29:00,1.34445,1.34445,1.34445,1.34445,0.0
2012-02-25 14:30:00,1.34445,1.34445,1.34445,1.34445,0.0
2012-02-25 14:31:00,1.34445,1.34445,1.34445,1.34445,0.0
2012-02-25 14:32:00,1.34445,1.34445,1.34445,1.34445,0.0
2012-02-25 14:33:00,1.34445,1.34445,1.34445,1.34445,0.0
2012-02-25 14:34:00,1.34445,1.34445,1.34445,1.34445,0.0
2012-02-25 14:35:00,1.34445,1.34445,1.34445,1.34445,0.0
2012-02-25 14:36:00,1.34445,1.34445,1.34445,1.34445,0.0
2012-02-25 14:37:00,1.34445,1.34445,1.34445,1.34445,0.0
2012-02-25 14:38:00,1.34445,1.34445,1.34445,1.34445,0.0
2012-02-25 14:39:00,1.34445,1.34445,1.34445,1.34445,0.0
2012-02-25 14:40:00,1.34445,1.34445,1.34445,1.34445,0.0
2012-02-25 14:41:00,1.34445,1.34445,1.34445,1.34445,0.0
2012-02-25 14:42:00,1.34445,1.34445,1.34445,1.34445,0.0
2012-02-25 14:43:00,1.34445,1.34445,1.34445,1.34445,0.0
2012-02-25 14:44:00,1.34445,1.34445,1.34445,1.34445,0.0
2012-02-25 14:45:00,1.34445,1.34445,1.34445,1.34445,0.0
2012-02-25 14:46:00,1.34445,1.34445,1.34445,1.34445,0.0
2012-02-25 14:47:00,1.34445,1.34445,1.34445,1.34445,0.0
2012-02-25 14:48:00,1.34445,1.34445,1.34445,1.34445,0.0
2012-02-25 14:49:00,1.34445,1.34445,1.34445,1.34445,0.0
2012-02-25 14:50:00,1.34445,1.34445,1.34445,1.34445,0.0
2012-02-25 14:51:00,1.34445,1.34445,1.34445,1.34445,0.0
2012-02-25 14:52:00,1.34445,1.34445,1.34445,1.34445,0.0
2012-02-25 14:53:00,1.34445,1.34445,1.34445,1.34445,0.0
2012-02-25 14:54:00,1.34445,1.34445,1.34445,1.34445,0.0
2012-02-25 14:55:00,1.34445,1.34445,1.34445,1.34445,0.0
2012-02-25 14:56:00,1.34445,1.34445,1.34445,1.34445,0.0
2012-02-25 14:57:00,1.34445,1.34445,1.34445,1.34445,0.0
2012-02-25 14:58:00,1.34445,1.34445,1.34445,1.34445,0.0
2012-02-25 14:59:00,1.34445,1.34445,1.34445,1.34445,0.0
2012-02-25 15:00:00,1.34445,1.34445,1.34445,1.34445,0.0
2012-02-25 15:01:00,1.34445,1.34445,1.34445,1.34445,0.0
2012-02-25 15:02:00,1.34445,1.34445,1.34445,1.34445,0.0
2012-02-25 15:03:00,1.34445,1.34445,1.34445,1.34445,0.0
2012-02-25 15:04:00,1.34445,1.34445,1.34445,1.34445,0.0
2012-02-25 15:05:00,1.34445,1.34445,1.34445,1.34445,0.0
2012-02-25 15:06:00,1.34445,1.34445,1.34445,1.34445,0.0
2012-02-25 15:07:00,1.34445,1.34445,1.34445,1.34445,0.0
2012-02-25 15:08:00,1.34445,1.34445,1.34445,1.34445,0.0
2012-02-25 15:09:00,1.34445,1.34445,1.34445,1.34445,0.0
2012-02-25 15:10:00,1.34445,1.34445,1.34445,1.34445,0.0
2012-02-25 15:11:00,1.34445,1.34445,1.34445,1.34445,0.0
2012-02-25 15:12:00,1.34445,1.34445,1.34445,1.34445,0.0
2012-02-25 15:13:00,1.34445,1.34445,1.34445,1.34445,0.0
2012-02-25 15:14:00,1.34445,1.34445,1.34445,1.34445,0.0
2012-02-25 15:15:00,1.34445,1.34445,1.34445,1.34445,0.0
2012-02-25 15:16:00,1.34445,1.34445,1.34445,1.34445,0.0
2012-02-25 15:17:00,1.34445,1.34445,1.34445,1.34445,0.0
2012-02-25 15:18:00,1.34445,1.34445,1.34445,1.34445,0.0
2012-02-25 15:19:00,1.34445,1.34445,1.34445,1.34445,0.0
2012-02-25 15:20:00,1.34445,1.34445,1.34445,1.34445,0.0
2012-02-25 15:21:00,1.34445,1.34445,1.34445,1.34445,0.0
2012-02-25 15:22:00,1.34445,1.34445,1.34445,1.34445,0.0
2012-02-25 15:23:00,1.34445,1.34445,1.34445,1.34445,0.0
2012-02-25 15:24:00,1.34445,1.34445,1.34445,1.34445,0.0
2012-02-25 15:25:00,1.34445,1.34445,1.34445,1.34445,0.0
2012-02-25 15:26:00,1.34445,1.34445,1.34445,1.34445,0.0
2012-02-25 15:27:00,1.34445,1.34445,1.34445,1.34445,0.0
2012-02-25 15:28:00,1.34445,1.34445,1.34445,1.34445,0.0
2012-02-25 15:29:00,1.34445,1.34445,1.34445,1.34445,0.0
2012-02-25 15:30:00,1.34445,1.34445,1.34445,1.34445,0.0
2012-02-25 15:31:00,1.34445,1.34445,1.34445,1.34445,0.0
2012-02-25 15:32:00,1.34445,1.34445,1.34445,1.34445,0.0
2012-02-25 15:33:00,1.34445,1.34445,1.34445,1.34445,0.0
2012-02-25 15:34:00,1.34445,1.34445,1.34445,1.34445,0.0
2012-02-25 15:35:00,1.34445,1.34445,1.34445,1.34445,0.0
2012-02-25 15:36:00,1.34445,1.34445,1.34445,1.34445,0.0
2012-02-25 15:37:00,1.34445,1.34445,1.34445,1.34445,0.0
2012-02-25 15:38:00,1.34445,1.34445,1.34445,1.34445,0.0
2012-02-25 15:39:00,1.34445,1.34445,1.34445,1.34445,0.0
2012-02-25 15:40:00,1.34445,1.34445,1.34445,1.34445,0.0
2012-02-25 15:41:00,1.34445,1.34445,1.34445,1.34445,0.0
2012-02-25 15:42:00,1.34445,1.34445,1.34445,1.34445,0.0
2012-02-25 15:43:00,1.34445,1.34445,1.34445,1.34445,0.0
2012-02-25 15:44:00,1.34445,1.34445,1.34445,1.34445,0.0
2012-02-25 15:45:00,1.34445,1.34445,1.34445,1.34445,0.0
2012-02-25 15:46:00,1.34445,1.34445,1.34445,1.34445,0.0
2012-02-25 15:47:00,1.34445,1.34445,1.34445,1.34445,0.0
2012-02-25 15:48:00,1.34445,1.34445,1.34445,1.34445,0.0
2012-02-25 15:49:00,1.34445,1.34445,1.34445,1.34445,0.0
2012-02-25 15:50:00,1.34445,1.34445,1.34445,1.34445,0.0
2012-02-25 15:51:00,1.34445,1.34445,1.34445,1.34445,0.0
2012-02-25 15:52:00,1.34445,1.34445,1.34445,1.34445,0.0
2012-02-25 15:53:00,1.34445,1.34445,1.34445,1.34445,0.0
2012-02-25 15:54:00,1.34445,1.34445,1.34445,1.34445,0.0
2012-02-25 15:55:00,1.34445,1.34445,1.34445,1.34445,0.0
2012-02-25 15:56:00,1.34445,1.34445,1.34445,1.34445,0.0
2012-02-25 15:57:00,1.34445,1.34445,1.34445,1.34445,0.0
2012-02-25 15:58:00,1.34445,1.34445,1.34445,1.34445,0.0
2012-02-25 15:59:00,1.34445,1.34445,1.34445,1.34445,0.0
2012-02-25 16:00:00,1.34445,1.34445,1.34445,1.34445,0.0
2012-02-25 16:01:00,1.34445,1.34445,1.34445,1.34445,0.0
2012-02-25 16:02:00,1.34445,1.34445,1.34445,1.34445,0.0
2012-02-25 16:03:00,1.34445,1.34445,1.34445,1.34445,0.0
2012-02-25 16:04:00,1.34445,1.34445,1.34445,1.34445,0.0
2012-02-25 16:05:00,1.34445,1.34445,1.34445,1.34445,0.0
2012-02-25 16:06:00,1.34445,1.34445,1.34445,1.34445,0.0
2012-02-25 16:07:00,1.34445,1.34445,1.34445,1.34445,0.0
2012-02-25 16:08:00,1.34445,1.34445,1.34445,1.34445,0.0
2012-02-25 16:09:00,1.34445,1.34445,1.34445,1.34445,0.0
2012-02-25 16:10:00,1.34445,1.34445,1.34445,1.34445,0.0
2012-02-25 16:11:00,1.34445,1.34445,1.34445,1.34445,0.0
2012-02-25 16:12:00,1.34445,1.34445,1.34445,1.34445,0.0
2012-02-25 16:13:00,1.34445,1.34445,1.34445,1.34445,0.0
2012-02-25 16:14:00,1.34445,1.34445,1.34445,1.34445,0.0
2012-02-25 16:15:00,1.34445,1.34445,1.34445,1.34445,0.0
2012-02-25 16:16:00,1.34445,1.34445,1.34445,1.34445,0.0
2012-02-25 16:17:00,1.34445,1.34445,1.34445,1.34445,0.0
2012-02-25 16:18:00,1.34445,1.34445,1.34445,1.34445,0.0
2012-02-25 16:19:00,1.34445,1.34445,1.34445,1.34445,0.0
2012-02-25 16:20:00,1.34445,1.34445,1.34445,1.34445,0.0
2012-02-25 16:21:00,1.34445,1.34445,1.34445,1.34445,0.0
2012-02-25 16:22:00,1.34445,1.34445,1.34445,1.34445,0.0
2012-02-25 16:23:00,1.34445,1.34445,1.34445,1.34445,0.0
2012-02-25 16:24:00,1.34445,1.34445,1.34445,1.34445,0.0
2012-02-25 16:25:00,1.34445,1.34445,1.34445,1.34445,0.0
2012-02-25 16:26:00,1.34445,1.34445,1.34445,1.34445,0.0
2012-02-25 16:27:00,1.34445,1.34445,1.34445,1.34445,0.0
2012-02-25 16:28:00,1.34445,1.34445,1.34445,1.34445,0.0
2012-02-25 16:29:00,1.34445,1.34445,1.34445,1.34445,0.0
2012-02-25 16:30:00,1.34445,1.34445,1.34445,1.34445,0.0
2012-02-25 16:31:00,1.34445,1.34445,1.34445,1.34445,0.0
2012-02-25 16:32:00,1.34445,1.34445,1.34445,1.34445,0.0
2012-02-25 16:33:00,1.34445,1.34445,1.34445,1.34445,0.0
2012-02-25 16:34:00,1.34445,1.34445,1.34445,1.34445,0.0
2012-02-25 16:35:00,1.34445,1.34445,1.34445,1.34445,0.0
2012-02-25 16:36:00,1.34445,1.34445,1.34445,1.34445,0.0
2012-02-25 16:37:00,1.34445,1.34445,1.34445,1.34445,0.0
2012-02-25 16:38:00,1.34445,1.34445,1.34445,1.34445,0.0
2012-02-25 16:39:00,1.34445,1.34445,1.34445,1.34445,0.0
2012-02-25 16:40:00,1.34445,1.34445,1.34445,1.34445,0.0
2012-02-25 16:41:00,1.34445,1.34445,1.34445,1.34445,0.0
2012-02-25 16:42:00,1.34445,1.34445,1.34445,1.34445,0.0
2012-02-25 16:43:00,1.34445,1.34445,1.34445,1.34445,0.0
2012-02-25 16:44:00,1.34445,1.34445,1.34445,1.34445,0.0
2012-02-25 16:45:00,1.34445,1.34445,1.34445,1.34445,0.0
2012-02-25 16:46:00,1.34445,1.34445,1.34445,1.34445,0.0
2012-02-25 16:47:00,1.34445,1.34445,1.34445,1.34445,0.0
2012-02-25 16:48:00,1.34445,1.34445,1.34445,1.34445,0.0
2012-02-25 16:49:00,1.34445,1.34445,1.34445,1.34445,0.0
2012-02-25 16:50:00,1.34445,1.34445,1.34445,1.34445,0.0
2012-02-25 16:51:00,1.34445,1.34445,1.34445,1.34445,0.0
2012-02-25 16:52:00,1.34445,1.34445,1.34445,1.34445,0.0
2012-02-25 16:53:00,1.34445,1.34445,1.34445,1.34445,0.0
2012-02-25 16:54:00,1.34445,1.34445,1.34445,1.34445,0.0
2012-02-25 16:55:00,1.34445,1.34445,1.34445,1.34445,0.0
2012-02-25 16:56:00,1.34445,1.34445,1.34445,1.34445,0.0
2012-02-25 16:57:00,1.34445,1.34445,1.34445,1.34445,0.0
2012-02-25 16:58:00,1.34445,1.34445,1.34445,1.34445,0.0
2012-02-25 16:59:00,1.34445,1.34445,1.34445,1.34445,0.0
2012-02-25 17:00:00,1.34445,1.34445,1.34445,1.34445,0.0
2012-02-25 17:01:00,1.34445,1.34445,1.34445,1.34445,0.0
2012-02-25 17:02:00,1.34445,1.34445,1.34445,1.34445,0.0
2012-02-25 17:03:00,1.34445,1.34445,1.34445,1.34445,0.0
2012-02-25 17:04:00,1.34445,1.34445,1.34445,1.34445,0.0
2012-02-25 17:05:00,1.34445,1.34445,1.34445,1.34445,0.0
2012-02-25 17:06:00,1.34445,1.34445,1.34445,1.34445,0.0
2012-02-25 17:07:00,1.34445,1.34445,1.34445,1.34445,0.0
2012-02-25 17:08:00,1.34445,1.34445,1.34445,1.34445,0.0
2012-02-25 17:09:00,1.34445,1.34445,1.34445,1.34445,0.0
2012-02-25 17:10:00,1.34445,1.34445,1.34445,1.34445,0.0
2012-02-25 17:11:00,1.34445,1.34445,1.34445,1.34445,0.0
2012-02-25 17:12:00,1.34445,1.34445,1.34445,1.34445,0.0
2012-02-25 17:13:00,1.34445,1.34445,1.34445,1.34445,0.0
2012-02-25 17:14:00,1.34445,1.34445,1.34445,1.34445,0.0
2012-02-25 17:15:00,1.34445,1.34445,1.34445,1.34445,0.0
2012-02-25 17:16:00,1.34445,1.34445,1.34445,1.34445,0.0
2012-02-25 17:17:00,1.34445,1.34445,1.34445,1.34445,0.0
2012-02-25 17:18:00,1.34445,1.34445,1.34445,1.34445,0.0
2012-02-25 17:19:00,1.34445,1.34445,1.34445,1.34445,0.0
2012-02-25 17:20:00,1.34445,1.34445,1.34445,1.34445,0.0
2012-02-25 17:21:00,1.34445,1.34445,1.34445,1.34445,0.0
2012-02-25 17:22:00,1.34445,1.34445,1.34445,1.34445,0.0
2012-02-25 17:23:00,1.34445,1.34445,1.34445,1.34445,0.0
2012-02-25 17:24:00,1.34445,1.34445,1.34445,1.34445,0.0
2012-02-25 17:25:00,1.34445,1.34445,1.34445,1.34445,0.0
2012-02-25 17:26:00,1.34445,1.34445,1.34445,1.34445,0.0
2012-02-25 17:27:00,1.34445,1.34445,1.34445,1.34445,0.0
2012-02-25 17:28:00,1.34445,1.34445,1.34445,1.34445,0.0
2012-02-25 17:29:00,1.34445,1.34445,1.34445,1.34445,0.0
2012-02-25 17:30:00,1.34445,1.34445,1.34445,1.34445,0.0
2012-02-25 17:31:00,1.34445,1.34445,1.34445,1.34445,0.0
2012-02-25 17:32:00,1.34445,1.34445,1.34445,1.34445,0.0
2012-02-25 17:33:00,1.34445,1.34445,1.34445,1.34445,0.0
2012-02-25 17:34:00,1.34445,1.34445,1.34445,1.34445,0.0
2012-02-25 17:35:00,1.34445,1.34445,1.34445,1.34445,0.0
2012-02-25 17:36:00,1.34445,1.34445,1.34445,1.34445,0.0
2012-02-25 17:37:00,1.34445,1.34445,1.34445,1.34445,0.0
2012-02-25 17:38:00,1.34445,1.34445,1.34445,1.34445,0.0
2012-02-25 17:39:00,1.34445,1.34445,1.34445,1.34445,0.0
2012-02-25 17:40:00,1.34445,1.34445,1.34445,1.34445,0.0
2012-02-25 17:41:00,1.34445,1.34445,1.34445,1.34445,0.0
2012-02-25 17:42:00,1.34445,1.34445,1.34445,1.34445,0.0
2012-02-25 17:43:00,1.34445,1.34445,1.34445,1.34445,0.0
2012-02-25 17:44:00,1.34445,1.34445,1.34445,1.34445,0.0
2012-02-25 17:45:00,1.34445,1.34445,1.34445,1.34445,0.0
2012-02-25 17:46:00,1.34445,1.34445,1.34445,1.34445,0.0
2012-02-25 17:47:00,1.34445,1.34445,1.34445,1.34445,0.0
2012-02-25 17:48:00,1.34445,1.34445,1.34445,1.34445,0.0
2012-02-25 17:49:00,1.34445,1.34445,1.34445,1.34445,0.0
2012-02-25 17:50:00,1.34445,1.34445,1.34445,1.34445,0.0
2012-02-25 17:51:00,1.34445,1.34445,1.34445,1.34445,0.0
2012-02-25 17:52:00,1.34445,1.34445,1.34445,1.34445,0.0
2012-02-25 17:53:00,1.34445,1.34445,1.34445,1.34445,0.0
2012-02-25 17:54:00,1.34445,1.34445,1.34445,1.34445,0.0
2012-02-25 17:55:00,1.34445,1.34445,1.34445,1.34445,0.0
2012-02-25 17:56:00,1.34445,1.34445,1.34445,1.34445,0.0
2012-02-25 17:57:00,1.34445,1.34445,1.34445,1.34445,0.0
2012-02-25 17:58:00,1.34445,1.34445,1.34445,1.34445,0.0
2012-02-25 17:59:00,1.34445,1.34445,1.34445,1.34445,0.0
2012-02-25 18:00:00,1.34445,1.34445,1.34445,1.34445,0.0
2012-02-25 18:01:00,1.34445,1.34445,1.34445,1.34445,0.0
2012-02-25 18:02:00,1.34445,1.34445,1.34445,1.34445,0.0
2012-02-25 18:03:00,1.34445,1.34445,1.34445,1.34445,0.0
2012-02-25 18:04:00,1.34445,1.34445,1.34445,1.34445,0.0
2012-02-25 18:05:00,1.34445,1.34445,1.34445,1.34445,0.0
2012-02-25 18:06:00,1.34445,1.34445,1.34445,1.34445,0.0
2012-02-25 18:07:00,1.34445,1.34445,1.34445,1.34445,0.0
2012-02-25 18:08:00,1.34445,1.34445,1.34445,1.34445,0.0
2012-02-25 18:09:00,1.34445,1.34445,1.34445,1.34445,0.0
2012-02-25 18:10:00,1.34445,1.34445,1.34445,1.34445,0.0
2012-02-25 18:11:00,1.34445,1.34445,1.34445,1.34445,0.0
2012-02-25 18:12:00,1.34445,1.34445,1.34445,1.34445,0.0
2012-02-25 18:13:00,1.34445,1.34445,1.34445,1.34445,0.0
2012-02-25 18:14:00,1.34445,1.34445,1.34445,1.34445,0.0
2012-02-25 18:15:00,1.34445,1.34445,1.34445,1.34445,0.0
2012-02-25 18:16:00,1.34445,1.34445,1.34445,1.34445,0.0
2012-02-25 18:17:00,1.34445,1.34445,1.34445,1.34445,0.0
2012-02-25 18:18:00,1.34445,1.34445,1.34445,1.34445,0.0
2012-02-25 18:19:00,1.34445,1.34445,1.34445,1.34445,0.0
2012-02-25 18:20:00,1.34445,1.34445,1.34445,1.34445,0.0
2012-02-25 18:21:00,1.34445,1.34445,1.34445,1.34445,0.0
2012-02-25 18:22:00,1.34445,1.34445,1.34445,1.34445,0.0
2012-02-25 18:23:00,1.34445,1.34445,1.34445,1.34445,0.0
2012-02-25 18:24:00,1.34445,1.34445,1.34445,1.34445,0.0
2012-02-25 18:25:00,1.34445,1.34445,1.34445,1.34445,0.0
2012-02-25 18:26:00,1.34445,1.34445,1.34445,1.34445,0.0
2012-02-25 18:27:00,1.34445,1.34445,1.34445,1.34445,0.0
2012-02-25 18:28:00,1.34445,1.34445,1.34445,1.34445,0.0
2012-02-25 18:29:00,1.34445,1.34445,1.34445,1.34445,0.0
2012-02-25 18:30:00,1.34445,1.34445,1.34445,1.34445,0.0
2012-02-25 18:31:00,1.34445,1.34445,1.34445,1.34445,0.0
2012-02-25 18:32:00,1.34445,1.34445,1.34445,1.34445,0.0
2012-02-25 18:33:00,1.34445,1.34445,1.34445,1.34445,0.0
2012-02-25 18:34:00,1.34445,1.34445,1.34445,1.34445,0.0
2012-02-25 18:35:00,1.34445,1.34445,1.34445,1.34445,0.0
2012-02-25 18:36:00,1.34445,1.34445,1.34445,1.34445,0.0
2012-02-25 18:37:00,1.34445,1.34445,1.34445,1.34445,0.0
2012-02-25 18:38:00,1.34445,1.34445,1.34445,1.34445,0.0
2012-02-25 18:39:00,1.34445,1.34445,1.34445,1.34445,0.0
2012-02-25 18:40:00,1.34445,1.34445,1.34445,1.34445,0.0
2012-02-25 18:41:00,1.34445,1.34445,1.34445,1.34445,0.0
2012-02-25 18:42:00,1.34445,1.34445,1.34445,1.34445,0.0
2012-02-25 18:43:00,1.34445,1.34445,1.34445,1.34445,0.0
2012-02-25 18:44:00,1.34445,1.34445,1.34445,1.34445,0.0
2012-02-25 18:45:00,1.34445,1.34445,1.34445,1.34445,0.0
2012-02-25 18:46:00,1.34445,1.34445,1.34445,1.34445,0.0
2012-02-25 18:47:00,1.34445,1.34445,1.34445,1.34445,0.0
2012-02-25 18:48:00,1.34445,1.34445,1.34445,1.34445,0.0
2012-02-25 18:49:00,1.34445,1.34445,1.34445,1.34445,0.0
2012-02-25 18:50:00,1.34445,1.34445,1.34445,1.34445,0.0
2012-02-25 18:51:00,1.34445,1.34445,1.34445,1.34445,0.0
2012-02-25 18:52:00,1.34445,1.34445,1.34445,1.34445,0.0
2012-02-25 18:53:00,1.34445,1.34445,1.34445,1.34445,0.0
2012-02-25 18:54:00,1.34445,1.34445,1.34445,1.34445,0.0
2012-02-25 18:55:00,1.34445,1.34445,1.34445,1.34445,0.0
2012-02-25 18:56:00,1.34445,1.34445,1.34445,1.34445,0.0
2012-02-25 18:57:00,1.34445,1.34445,1.34445,1.34445,0.0
2012-02-25 18:58:00,1.34445,1.34445,1.34445,1.34445,0.0
2012-02-25 18:59:00,1.34445,1.34445,1.34445,1.34445,0.0
2012-02-25 19:00:00,1.34445,1.34445,1.34445,1.34445,0.0
2012-02-25 19:01:00,1.34445,1.34445,1.34445,1.34445,0.0
2012-02-25 19:02:00,1.34445,1.34445,1.34445,1.34445,0.0
2012-02-25 19:03:00,1.34445,1.34445,1.34445,1.34445,0.0
2012-02-25 19:04:00,1.34445,1.34445,1.34445,1.34445,0.0
2012-02-25 19:05:00,1.34445,1.34445,1.34445,1.34445,0.0
2012-02-25 19:06:00,1.34445,1.34445,1.34445,1.34445,0.0
2012-02-25 19:07:00,1.34445,1.34445,1.34445,1.34445,0.0
2012-02-25 19:08:00,1.34445,1.34445,1.34445,1.34445,0.0
2012-02-25 19:09:00,1.34445,1.34445,1.34445,1.34445,0.0
2012-02-25 19:10:00,1.34445,1.34445,1.34445,1.34445,0.0
2012-02-25 19:11:00,1.34445,1.34445,1.34445,1.34445,0.0
2012-02-25 19:12:00,1.34445,1.34445,1.34445,1.34445,0.0
2012-02-25 19:13:00,1.34445,1.34445,1.34445,1.34445,0.0
2012-02-25 19:14:00,1.34445,1.34445,1.34445,1.34445,0.0
2012-02-25 19:15:00,1.34445,1.34445,1.34445,1.34445,0.0
2012-02-25 19:16:00,1.34445,1.34445,1.34445,1.34445,0.0
2012-02-25 19:17:00,1.34445,1.34445,1.34445,1.34445,0.0
2012-02-25 19:18:00,1.34445,1.34445,1.34445,1.34445,0.0
2012-02-25 19:19:00,1.34445,1.34445,1.34445,1.34445,0.0
2012-02-25 19:20:00,1.34445,1.34445,1.34445,1.34445,0.0
2012-02-25 19:21:00,1.34445,1.34445,1.34445,1.34445,0.0
2012-02-25 19:22:00,1.34445,1.34445,1.34445,1.34445,0.0
2012-02-25 19:23:00,1.34445,1.34445,1.34445,1.34445,0.0
2012-02-25 19:24:00,1.34445,1.34445,1.34445,1.34445,0.0
2012-02-25 19:25:00,1.34445,1.34445,1.34445,1.34445,0.0
2012-02-25 19:26:00,1.34445,1.34445,1.34445,1.34445,0.0
2012-02-25 19:27:00,1.34445,1.34445,1.34445,1.34445,0.0
2012-02-25 19:28:00,1.34445,1.34445,1.34445,1.34445,0.0
2012-02-25 19:29:00,1.34445,1.34445,1.34445,1.34445,0.0
2012-02-25 19:30:00,1.34445,1.34445,1.34445,1.34445,0.0
2012-02-25 19:31:00,1.34445,1.34445,1.34445,1.34445,0.0
2012-02-25 19:32:00,1.34445,1.34445,1.34445,1.34445,0.0
2012-02-25 19:33:00,1.34445,1.34445,1.34445,1.34445,0.0
2012-02-25 19:34:00,1.34445,1.34445,1.34445,1.34445,0.0
2012-02-25 19:35:00,1.34445,1.34445,1.34445,1.34445,0.0
2012-02-25 19:36:00,1.34445,1.34445,1.34445,1.34445,0.0
2012-02-25 19:37:00,1.34445,1.34445,1.34445,1.34445,0.0
2012-02-25 19:38:00,1.34445,1.34445,1.34445,1.34445,0.0
2012-02-25 19:39:00,1.34445,1.34445,1.34445,1.34445,0.0
2012-02-25 19:40:00,1.34445,1.34445,1.34445,1.34445,0.0
2012-02-25 19:41:00,1.34445,1.34445,1.34445,1.34445,0.0
2012-02-25 19:42:00,1.34445,1.34445,1.34445,1.34445,0.0
2012-02-25 19:43:00,1.34445,1.34445,1.34445,1.34445,0.0
2012-02-25 19:44:00,1.34445,1.34445,1.34445,1.34445,0.0
2012-02-25 19:45:00,1.34445,1.34445,1.34445,1.34445,0.0
2012-02-25 19:46:00,1.34445,1.34445,1.34445,1.34445,0.0
2012-02-25 19:47:00,1.34445,1.34445,1.34445,1.34445,0.0
2012-02-25 19:48:00,1.34445,1.34445,1.34445,1.34445,0.0
2012-02-25 19:49:00,1.34445,1.34445,1.34445,1.34445,0.0
2012-02-25 19:50:00,1.34445,1.34445,1.34445,1.34445,0.0
2012-02-25 19:51:00,1.34445,1.34445,1.34445,1.34445,0.0
2012-02-25 19:52:00,1.34445,1.34445,1.34445,1.34445,0.0
2012-02-25 19:53:00,1.34445,1.34445,1.34445,1.34445,0.0
2012-02-25 19:54:00,1.34445,1.34445,1.34445,1.34445,0.0
2012-02-25 19:55:00,1.34445,1.34445,1.34445,1.34445,0.0
2012-02-25 19:56:00,1.34445,1.34445,1.34445,1.34445,0.0
2012-02-25 19:57:00,1.34445,1.34445,1.34445,1.34445,0.0
2012-02-25 19:58:00,1.34445,1.34445,1.34445,1.34445,0.0
2012-02-25 19:59:00,1.34445,1.34445,1.34445,1.34445,0.0
2012-02-25 20:00:00,1.34445,1.34445,1.34445,1.34445,0.0
2012-02-25 20:01:00,1.34445,1.34445,1.34445,1.34445,0.0
2012-02-25 20:02:00,1.34445,1.34445,1.34445,1.34445,0.0
2012-02-25 20:03:00,1.34445,1.34445,1.34445,1.34445,0.0
2012-02-25 20:04:00,1.34445,1.34445,1.34445,1.34445,0.0
2012-02-25 20:05:00,1.34445,1.34445,1.34445,1.34445,0.0
2012-02-25 20:06:00,1.34445,1.34445,1.34445,1.34445,0.0
2012-02-25 20:07:00,1.34445,1.34445,1.34445,1.34445,0.0
2012-02-25 20:08:00,1.34445,1.34445,1.34445,1.34445,0.0
2012-02-25 20:09:00,1.34445,1.34445,1.34445,1.34445,0.0
2012-02-25 20:10:00,1.34445,1.34445,1.34445,1.34445,0.0
2012-02-25 20:11:00,1.34445,1.34445,1.34445,1.34445,0.0
2012-02-25 20:12:00,1.34445,1.34445,1.34445,1.34445,0.0
2012-02-25 20:13:00,1.34445,1.34445,1.34445,1.34445,0.0
2012-02-25 20:14:00,1.34445,1.34445,1.34445,1.34445,0.0
2012-02-25 20:15:00,1.34445,1.34445,1.34445,1.34445,0.0
2012-02-25 20:16:00,1.34445,1.34445,1.34445,1.34445,0.0
2012-02-25 20:17:00,1.34445,1.34445,1.34445,1.34445,0.0
2012-02-25 20:18:00,1.34445,1.34445,1.34445,1.34445,0.0
2012-02-25 20:19:00,1.34445,1.34445,1.34445,1.34445,0.0
2012-02-25 20:20:00,1.34445,1.34445,1.34445,1.34445,0.0
2012-02-25 20:21:00,1.34445,1.34445,1.34445,1.34445,0.0
2012-02-25 20:22:00,1.34445,1.34445,1.34445,1.34445,0.0
2012-02-25 20:23:00,1.34445,1.34445,1.34445,1.34445,0.0
2012-02-25 20:24:00,1.34445,1.34445,1.34445,1.34445,0.0
2012-02-25 20:25:00,1.34445,1.34445,1.34445,1.34445,0.0
2012-02-25 20:26:00,1.34445,1.34445,1.34445,1.34445,0.0
2012-02-25 20:27:00,1.34445,1.34445,1.34445,1.34445,0.0
2012-02-25 20:28:00,1.34445,1.34445,1.34445,1.34445,0.0
2012-02-25 20:29:00,1.34445,1.34445,1.34445,1.34445,0.0
2012-02-25 20:30:00,1.34445,1.34445,1.34445,1.34445,0.0
2012-02-25 20:31:00,1.34445,1.34445,1.34445,1.34445,0.0
2012-02-25 20:32:00,1.34445,1.34445,1.34445,1.34445,0.0
2012-02-25 20:33:00,1.34445,1.34445,1.34445,1.34445,0.0
2012-02-25 20:34:00,1.34445,1.34445,1.34445,1.34445,0.0
2012-02-25 20:35:00,1.34445,1.34445,1.34445,1.34445,0.0
2012-02-25 20:36:00,1.34445,1.34445,1.34445,1.34445,0.0
2012-02-25 20:37:00,1.34445,1.34445,1.34445,1.34445,0.0
2012-02-25 20:38:00,1.34445,1.34445,1.34445,1.34445,0.0
2012-02-25 20:39:00,1.34445,1.34445,1.34445,1.34445,0.0
2012-02-25 20:40:00,1.34445,1.34445,1.34445,1.34445,0.0
2012-02-25 20:41:00,1.34445,1.34445,1.34445,1.34445,0.0
2012-02-25 20:42:00,1.34445,1.34445,1.34445,1.34445,0.0
2012-02-25 20:43:00,1.34445,1.34445,1.34445,1.34445,0.0
2012-02-25 20:44:00,1.34445,1.34445,1.34445,1.34445,0.0
2012-02-25 20:45:00,1.34445,1.34445,1.34445,1.34445,0.0
2012-02-25 20:46:00,1.34445,1.34445,1.34445,1.34445,0.0
2012-02-25 20:47:00,1.34445,1.34445,1.34445,1.34445,0.0
2012-02-25 20:48:00,1.34445,1.34445,1.34445,1.34445,0.0
2012-02-25 20:49:00,1.34445,1.34445,1.34445,1.34445,0.0
2012-02-25 20:50:00,1.34445,1.34445,1.34445,1.34445,0.0
2012-02-25 20:51:00,1.34445,1.34445,1.34445,1.34445,0.0
2012-02-25 20:52:00,1.34445,1.34445,1.34445,1.34445,0.0
2012-02-25 20:53:00,1.34445,1.34445,1.34445,1.34445,0.0
2012-02-25 20:54:00,1.34445,1.34445,1.34445,1.34445,0.0
2012-02-25 20:55:00,1.34445,1.34445,1.34445,1.34445,0.0
2012-02-25 20:56:00,1.34445,1.34445,1.34445,1.34445,0.0
2012-02-25 20:57:00,1.34445,1.34445,1.34445,1.34445,0.0
2012-02-25 20:58:00,1.34445,1.34445,1.34445,1.34445,0.0
2012-02-25 20:59:00,1.34445,1.34445,1.34445,1.34445,0.0
2012-02-25 21:00:00,1.34445,1.34445,1.34445,1.34445,0.0
2012-02-25 21:01:00,1.34445,1.34445,1.34445,1.34445,0.0
2012-02-25 21:02:00,1.34445,1.34445,1.34445,1.34445,0.0
2012-02-25 21:03:00,1.34445,1.34445,1.34445,1.34445,0.0
2012-02-25 21:04:00,1.34445,1.34445,1.34445,1.34445,0.0
2012-02-25 21:05:00,1.34445,1.34445,1.34445,1.34445,0.0
2012-02-25 21:06:00,1.34445,1.34445,1.34445,1.34445,0.0
2012-02-25 21:07:00,1.34445,1.34445,1.34445,1.34445,0.0
2012-02-25 21:08:00,1.34445,1.34445,1.34445,1.34445,0.0
2012-02-25 21:09:00,1.34445,1.34445,1.34445,1.34445,0.0
2012-02-25 21:10:00,1.34445,1.34445,1.34445,1.34445,0.0
2012-02-25 21:11:00,1.34445,1.34445,1.34445,1.34445,0.0
2012-02-25 21:12:00,1.34445,1.34445,1.34445,1.34445,0.0
2012-02-25 21:13:00,1.34445,1.34445,1.34445,1.34445,0.0
2012-02-25 21:14:00,1.34445,1.34445,1.34445,1.34445,0.0
2012-02-25 21:15:00,1.34445,1.34445,1.34445,1.34445,0.0
2012-02-25 21:16:00,1.34445,1.34445,1.34445,1.34445,0.0
2012-02-25 21:17:00,1.34445,1.34445,1.34445,1.34445,0.0
2012-02-25 21:18:00,1.34445,1.34445,1.34445,1.34445,0.0
2012-02-25 21:19:00,1.34445,1.34445,1.34445,1.34445,0.0
2012-02-25 21:20:00,1.34445,1.34445,1.34445,1.34445,0.0
2012-02-25 21:21:00,1.34445,1.34445,1.34445,1.34445,0.0
2012-02-25 21:22:00,1.34445,1.34445,1.34445,1.34445,0.0
2012-02-25 21:23:00,1.34445,1.34445,1.34445,1.34445,0.0
2012-02-25 21:24:00,1.34445,1.34445,1.34445,1.34445,0.0
2012-02-25 21:25:00,1.34445,1.34445,1.34445,1.34445,0.0
2012-02-25 21:26:00,1.34445,1.34445,1.34445,1.34445,0.0
2012-02-25 21:27:00,1.34445,1.34445,1.34445,1.34445,0.0
2012-02-25 21:28:00,1.34445,1.34445,1.34445,1.34445,0.0
2012-02-25 21:29:00,1.34445,1.34445,1.34445,1.34445,0.0
2012-02-25 21:30:00,1.34445,1.34445,1.34445,1.34445,0.0
2012-02-25 21:31:00,1.34445,1.34445,1.34445,1.34445,0.0
2012-02-25 21:32:00,1.34445,1.34445,1.34445,1.34445,0.0
2012-02-25 21:33:00,1.34445,1.34445,1.34445,1.34445,0.0
2012-02-25 21:34:00,1.34445,1.34445,1.34445,1.34445,0.0
2012-02-25 21:35:00,1.34445,1.34445,1.34445,1.34445,0.0
2012-02-25 21:36:00,1.34445,1.34445,1.34445,1.34445,0.0
2012-02-25 21:37:00,1.34445,1.34445,1.34445,1.34445,0.0
2012-02-25 21:38:00,1.34445,1.34445,1.34445,1.34445,0.0
2012-02-25 21:39:00,1.34445,1.34445,1.34445,1.34445,0.0
2012-02-25 21:40:00,1.34445,1.34445,1.34445,1.34445,0.0
2012-02-25 21:41:00,1.34445,1.34445,1.34445,1.34445,0.0
2012-02-25 21:42:00,1.34445,1.34445,1.34445,1.34445,0.0
2012-02-25 21:43:00,1.34445,1.34445,1.34445,1.34445,0.0
2012-02-25 21:44:00,1.34445,1.34445,1.34445,1.34445,0.0
2012-02-25 21:45:00,1.34445,1.34445,1.34445,1.34445,0.0
2012-02-25 21:46:00,1.34445,1.34445,1.34445,1.34445,0.0
2012-02-25 21:47:00,1.34445,1.34445,1.34445,1.34445,0.0
2012-02-25 21:48:00,1.34445,1.34445,1.34445,1.34445,0.0
2012-02-25 21:49:00,1.34445,1.34445,1.34445,1.34445,0.0
2012-02-25 21:50:00,1.34445,1.34445,1.34445,1.34445,0.0
2012-02-25 21:51:00,1.34445,1.34445,1.34445,1.34445,0.0
2012-02-25 21:52:00,1.34445,1.34445,1.34445,1.34445,0.0
2012-02-25 21:53:00,1.34445,1.34445,1.34445,1.34445,0.0
2012-02-25 21:54:00,1.34445,1.34445,1.34445,1.34445,0.0
2012-02-25 21:55:00,1.34445,1.34445,1.34445,1.34445,0.0
2012-02-25 21:56:00,1.34445,1.34445,1.34445,1.34445,0.0
2012-02-25 21:57:00,1.34445,1.34445,1.34445,1.34445,0.0
2012-02-25 21:58:00,1.34445,1.34445,1.34445,1.34445,0.0
2012-02-25 21:59:00,1.34445,1.34445,1.34445,1.34445,0.0
2012-02-25 22:00:00,1.34445,1.34445,1.34445,1.34445,0.0
2012-02-25 22:01:00,1.34445,1.34445,1.34445,1.34445,0.0
2012-02-25 22:02:00,1.34445,1.34445,1.34445,1.34445,0.0
2012-02-25 22:03:00,1.34445,1.34445,1.34445,1.34445,0.0
2012-02-25 22:04:00,1.34445,1.34445,1.34445,1.34445,0.0
2012-02-25 22:05:00,1.34445,1.34445,1.34445,1.34445,0.0
2012-02-25 22:06:00,1.34445,1.34445,1.34445,1.34445,0.0
2012-02-25 22:07:00,1.34445,1.34445,1.34445,1.34445,0.0
2012-02-25 22:08:00,1.34445,1.34445,1.34445,1.34445,0.0
2012-02-25 22:09:00,1.34445,1.34445,1.34445,1.34445,0.0
2012-02-25 22:10:00,1.34445,1.34445,1.34445,1.34445,0.0
2012-02-25 22:11:00,1.34445,1.34445,1.34445,1.34445,0.0
2012-02-25 22:12:00,1.34445,1.34445,1.34445,1.34445,0.0
2012-02-25 22:13:00,1.34445,1.34445,1.34445,1.34445,0.0
2012-02-25 22:14:00,1.34445,1.34445,1.34445,1.34445,0.0
2012-02-25 22:15:00,1.34445,1.34445,1.34445,1.34445,0.0
2012-02-25 22:16:00,1.34445,1.34445,1.34445,1.34445,0.0
2012-02-25 22:17:00,1.34445,1.34445,1.34445,1.34445,0.0
2012-02-25 22:18:00,1.34445,1.34445,1.34445,1.34445,0.0
2012-02-25 22:19:00,1.34445,1.34445,1.34445,1.34445,0.0
2012-02-25 22:20:00,1.34445,1.34445,1.34445,1.34445,0.0
2012-02-25 22:21:00,1.34445,1.34445,1.34445,1.34445,0.0
2012-02-25 22:22:00,1.34445,1.34445,1.34445,1.34445,0.0
2012-02-25 22:23:00,1.34445,1.34445,1.34445,1.34445,0.0
2012-02-25 22:24:00,1.34445,1.34445,1.34445,1.34445,0.0
2012-02-25 22:25:00,1.34445,1.34445,1.34445,1.34445,0.0
2012-02-25 22:26:00,1.34445,1.34445,1.34445,1.34445,0.0
2012-02-25 22:27:00,1.34445,1.34445,1.34445,1.34445,0.0
2012-02-25 22:28:00,1.34445,1.34445,1.34445,1.34445,0.0
2012-02-25 22:29:00,1.34445,1.34445,1.34445,1.34445,0.0
2012-02-25 22:30:00,1.34445,1.34445,1.34445,1.34445,0.0
2012-02-25 22:31:00,1.34445,1.34445,1.34445,1.34445,0.0
2012-02-25 22:32:00,1.34445,1.34445,1.34445,1.34445,0.0
2012-02-25 22:33:00,1.34445,1.34445,1.34445,1.34445,0.0
2012-02-25 22:34:00,1.34445,1.34445,1.34445,1.34445,0.0
2012-02-25 22:35:00,1.34445,1.34445,1.34445,1.34445,0.0
2012-02-25 22:36:00,1.34445,1.34445,1.34445,1.34445,0.0
2012-02-25 22:37:00,1.34445,1.34445,1.34445,1.34445,0.0
2012-02-25 22:38:00,1.34445,1.34445,1.34445,1.34445,0.0
2012-02-25 22:39:00,1.34445,1.34445,1.34445,1.34445,0.0
2012-02-25 22:40:00,1.34445,1.34445,1.34445,1.34445,0.0
2012-02-25 22:41:00,1.34445,1.34445,1.34445,1.34445,0.0
2012-02-25 22:42:00,1.34445,1.34445,1.34445,1.34445,0.0
2012-02-25 22:43:00,1.34445,1.34445,1.34445,1.34445,0.0
2012-02-25 22:44:00,1.34445,1.34445,1.34445,1.34445,0.0
2012-02-25 22:45:00,1.34445,1.34445,1.34445,1.34445,0.0
2012-02-25 22:46:00,1.34445,1.34445,1.34445,1.34445,0.0
2012-02-25 22:47:00,1.34445,1.34445,1.34445,1.34445,0.0
2012-02-25 22:48:00,1.34445,1.34445,1.34445,1.34445,0.0
2012-02-25 22:49:00,1.34445,1.34445,1.34445,1.34445,0.0
2012-02-25 22:50:00,1.34445,1.34445,1.34445,1.34445,0.0
2012-02-25 22:51:00,1.34445,1.34445,1.34445,1.34445,0.0
2012-02-25 22:52:00,1.34445,1.34445,1.34445,1.34445,0.0
2012-02-25 22:53:00,1.34445,1.34445,1.34445,1.34445,0.0
2012-02-25 22:54:00,1.34445,1.34445,1.34445,1.34445,0.0
2012-02-25 22:55:00,1.34445,1.34445,1.34445,1.34445,0.0
2012-02-25 22:56:00,1.34445,1.34445,1.34445,1.34445,0.0
2012-02-25 22:57:00,1.34445,1.34445,1.34445,1.34445,0.0
2012-02-25 22:58:00,1.34445,1.34445,1.34445,1.34445,0.0
2012-02-25 22:59:00,1.34445,1.34445,1.34445,1.34445,0.0
2012-02-25 23:00:00,1.34445,1.34445,1.34445,1.34445,0.0
2012-02-25 23:01:00,1.34445,1.34445,1.34445,1.34445,0.0
2012-02-25 23:02:00,1.34445,1.34445,1.34445,1.34445,0.0
2012-02-25 23:03:00,1.34445,1.34445,1.34445,1.34445,0.0
2012-02-25 23:04:00,1.34445,1.34445,1.34445,1.34445,0.0
2012-02-25 23:05:00,1.34445,1.34445,1.34445,1.34445,0.0
2012-02-25 23:06:00,1.34445,1.34445,1.34445,1.34445,0.0
2012-02-25 23:07:00,1.34445,1.34445,1.34445,1.34445,0.0
2012-02-25 23:08:00,1.34445,1.34445,1.34445,1.34445,0.0
2012-02-25 23:09:00,1.34445,1.34445,1.34445,1.34445,0.0
2012-02-25 23:10:00,1.34445,1.34445,1.34445,1.34445,0.0
2012-02-25 23:11:00,1.34445,1.34445,1.34445,1.34445,0.0
2012-02-25 23:12:00,1.34445,1.34445,1.34445,1.34445,0.0
2012-02-25 23:13:00,1.34445,1.34445,1.34445,1.34445,0.0
2012-02-25 23:14:00,1.34445,1.34445,1.34445,1.34445,0.0
2012-02-25 23:15:00,1.34445,1.34445,1.34445,1.34445,0.0
2012-02-25 23:16:00,1.34445,1.34445,1.34445,1.34445,0.0
2012-02-25 23:17:00,1.34445,1.34445,1.34445,1.34445,0.0
2012-02-25 23:18:00,1.34445,1.34445,1.34445,1.34445,0.0
2012-02-25 23:19:00,1.34445,1.34445,1.34445,1.34445,0.0
2012-02-25 23:20:00,1.34445,1.34445,1.34445,1.34445,0.0
2012-02-25 23:21:00,1.34445,1.34445,1.34445,1.34445,0.0
2012-02-25 23:22:00,1.34445,1.34445,1.34445,1.34445,0.0
2012-02-25 23:23:00,1.34445,1.34445,1.34445,1.34445,0.0
2012-02-25 23:24:00,1.34445,1.34445,1.34445,1.34445,0.0
2012-02-25 23:25:00,1.34445,1.34445,1.34445,1.34445,0.0
2012-02-25 23:26:00,1.34445,1.34445,1.34445,1.34445,0.0
2012-02-25 23:27:00,1.34445,1.34445,1.34445,1.34445,0.0
2012-02-25 23:28:00,1.34445,1.34445,1.34445,1.34445,0.0
2012-02-25 23:29:00,1.34445,1.34445,1.34445,1.34445,0.0
2012-02-25 23:30:00,1.34445,1.34445,1.34445,1.34445,0.0
2012-02-25 23:31:00,1.34445,1.34445,1.34445,1.34445,0.0
2012-02-25 23:32:00,1.34445,1.34445,1.34445,1.34445,0.0
2012-02-25 23:33:00,1.34445,1.34445,1.34445,1.34445,0.0
2012-02-25 23:34:00,1.34445,1.34445,1.34445,1.34445,0.0
2012-02-25 23:35:00,1.34445,1.34445,1.34445,1.34445,0.0
2012-02-25 23:36:00,1.34445,1.34445,1.34445,1.34445,0.0
2012-02-25 23:37:00,1.34445,1.34445,1.34445,1.34445,0.0
2012-02-25 23:38:00,1.34445,1.34445,1.34445,1.34445,0.0
2012-02-25 23:39:00,1.34445,1.34445,1.34445,1.34445,0.0
2012-02-25 23:40:00,1.34445,1.34445,1.34445,1.34445,0.0
2012-02-25 23:41:00,1.34445,1.34445,1.34445,1.34445,0.0
2012-02-25 23:42:00,1.34445,1.34445,1.34445,1.34445,0.0
2012-02-25 23:43:00,1.34445,1.34445,1.34445,1.34445,0.0
2012-02-25 23:44:00,1.34445,1.34445,1.34445,1.34445,0.0
2012-02-25 23:45:00,1.34445,1.34445,1.34445,1.34445,0.0
2012-02-25 23:46:00,1.34445,1.34445,1.34445,1.34445,0.0
2012-02-25 23:47:00,1.34445,1.34445,1.34445,1.34445,0.0
2012-02-25 23:48:00,1.34445,1.34445,1.34445,1.34445,0.0
2012-02-25 23:49:00,1.34445,1.34445,1.34445,1.34445,0.0
2012-02-25 23:50:00,1.34445,1.34445,1.34445,1.34445,0.0
2012-02-25 23:51:00,1.34445,1.34445,1.34445,1.34445,0.0
2012-02-25 23:52:00,1.34445,1.34445,1.34445,1.34445,0.0
2012-02-25 23:53:00,1.34445,1.34445,1.34445,1.34445,0.0
2012-02-25 23:54:00,1.34445,1.34445,1.34445,1.34445,0.0
2012-02-25 23:55:00,1.34445,1.34445,1.34445,1.34445,0.0
2012-02-25 23:56:00,1.34445,1.34445,1.34445,1.34445,0.0
2012-02-25 23:57:00,1.34445,1.34445,1.34445,1.34445,0.0
2012-02-25 23:58:00,1.34445,1.34445,1.34445,1.34445,0.0
2012-02-25 23:59:00,1.34445,1.34445,1.34445,1.34445,0.0
2012-02-26 00:00:00,1.34445,1.34445,1.34445,1.34445,0.0
2012-02-26 00:01:00,1.34445,1.34445,1.34445,1.34445,0.0
2012-02-26 00:02:00,1.34445,1.34445,1.34445,1.34445,0.0
2012-02-26 00:03:00,1.34445,1.34445,1.34445,1.34445,0.0
2012-02-26 00:04:00,1.34445,1.34445,1.34445,1.34445,0.0
2012-02-26 00:05:00,1.34445,1.34445,1.34445,1.34445,0.0
2012-02-26 00:06:00,1.34445,1.34445,1.34445,1.34445,0.0
2012-02-26 00:07:00,1.34445,1.34445,1.34445,1.34445,0.0
2012-02-26 00:08:00,1.34445,1.34445,1.34445,1.34445,0.0
2012-02-26 00:09:00,1.34445,1.34445,1.34445,1.34445,0.0
2012-02-26 00:10:00,1.34445,1.34445,1.34445,1.34445,0.0
2012-02-26 00:11:00,1.34445,1.34445,1.34445,1.34445,0.0
2012-02-26 00:12:00,1.34445,1.34445,1.34445,1.34445,0.0
2012-02-26 00:13:00,1.34445,1.34445,1.34445,1.34445,0.0
2012-02-26 00:14:00,1.34445,1.34445,1.34445,1.34445,0.0
2012-02-26 00:15:00,1.34445,1.34445,1.34445,1.34445,0.0
2012-02-26 00:16:00,1.34445,1.34445,1.34445,1.34445,0.0
2012-02-26 00:17:00,1.34445,1.34445,1.34445,1.34445,0.0
2012-02-26 00:18:00,1.34445,1.34445,1.34445,1.34445,0.0
2012-02-26 00:19:00,1.34445,1.34445,1.34445,1.34445,0.0
2012-02-26 00:20:00,1.34445,1.34445,1.34445,1.34445,0.0
2012-02-26 00:21:00,1.34445,1.34445,1.34445,1.34445,0.0
2012-02-26 00:22:00,1.34445,1.34445,1.34445,1.34445,0.0
2012-02-26 00:23:00,1.34445,1.34445,1.34445,1.34445,0.0
2012-02-26 00:24:00,1.34445,1.34445,1.34445,1.34445,0.0
2012-02-26 00:25:00,1.34445,1.34445,1.34445,1.34445,0.0
2012-02-26 00:26:00,1.34445,1.34445,1.34445,1.34445,0.0
2012-02-26 00:27:00,1.34445,1.34445,1.34445,1.34445,0.0
2012-02-26 00:28:00,1.34445,1.34445,1.34445,1.34445,0.0
2012-02-26 00:29:00,1.34445,1.34445,1.34445,1.34445,0.0
2012-02-26 00:30:00,1.34445,1.34445,1.34445,1.34445,0.0
2012-02-26 00:31:00,1.34445,1.34445,1.34445,1.34445,0.0
2012-02-26 00:32:00,1.34445,1.34445,1.34445,1.34445,0.0
2012-02-26 00:33:00,1.34445,1.34445,1.34445,1.34445,0.0
2012-02-26 00:34:00,1.34445,1.34445,1.34445,1.34445,0.0
2012-02-26 00:35:00,1.34445,1.34445,1.34445,1.34445,0.0
2012-02-26 00:36:00,1.34445,1.34445,1.34445,1.34445,0.0
2012-02-26 00:37:00,1.34445,1.34445,1.34445,1.34445,0.0
2012-02-26 00:38:00,1.34445,1.34445,1.34445,1.34445,0.0
2012-02-26 00:39:00,1.34445,1.34445,1.34445,1.34445,0.0
2012-02-26 00:40:00,1.34445,1.34445,1.34445,1.34445,0.0
2012-02-26 00:41:00,1.34445,1.34445,1.34445,1.34445,0.0
2012-02-26 00:42:00,1.34445,1.34445,1.34445,1.34445,0.0
2012-02-26 00:43:00,1.34445,1.34445,1.34445,1.34445,0.0
2012-02-26 00:44:00,1.34445,1.34445,1.34445,1.34445,0.0
2012-02-26 00:45:00,1.34445,1.34445,1.34445,1.34445,0.0
2012-02-26 00:46:00,1.34445,1.34445,1.34445,1.34445,0.0
2012-02-26 00:47:00,1.34445,1.34445,1.34445,1.34445,0.0
2012-02-26 00:48:00,1.34445,1.34445,1.34445,1.34445,0.0
2012-02-26 00:49:00,1.34445,1.34445,1.34445,1.34445,0.0
2012-02-26 00:50:00,1.34445,1.34445,1.34445,1.34445,0.0
2012-02-26 00:51:00,1.34445,1.34445,1.34445,1.34445,0.0
2012-02-26 00:52:00,1.34445,1.34445,1.34445,1.34445,0.0
2012-02-26 00:53:00,1.34445,1.34445,1.34445,1.34445,0.0
2012-02-26 00:54:00,1.34445,1.34445,1.34445,1.34445,0.0
2012-02-26 00:55:00,1.34445,1.34445,1.34445,1.34445,0.0
2012-02-26 00:56:00,1.34445,1.34445,1.34445,1.34445,0.0
2012-02-26 00:57:00,1.34445,1.34445,1.34445,1.34445,0.0
2012-02-26 00:58:00,1.34445,1.34445,1.34445,1.34445,0.0
2012-02-26 00:59:00,1.34445,1.34445,1.34445,1.34445,0.0
2012-02-26 01:00:00,1.34445,1.34445,1.34445,1.34445,0.0
2012-02-26 01:01:00,1.34445,1.34445,1.34445,1.34445,0.0
2012-02-26 01:02:00,1.34445,1.34445,1.34445,1.34445,0.0
2012-02-26 01:03:00,1.34445,1.34445,1.34445,1.34445,0.0
2012-02-26 01:04:00,1.34445,1.34445,1.34445,1.34445,0.0
2012-02-26 01:05:00,1.34445,1.34445,1.34445,1.34445,0.0
2012-02-26 01:06:00,1.34445,1.34445,1.34445,1.34445,0.0
2012-02-26 01:07:00,1.34445,1.34445,1.34445,1.34445,0.0
2012-02-26 01:08:00,1.34445,1.34445,1.34445,1.34445,0.0
2012-02-26 01:09:00,1.34445,1.34445,1.34445,1.34445,0.0
2012-02-26 01:10:00,1.34445,1.34445,1.34445,1.34445,0.0
2012-02-26 01:11:00,1.34445,1.34445,1.34445,1.34445,0.0
2012-02-26 01:12:00,1.34445,1.34445,1.34445,1.34445,0.0
2012-02-26 01:13:00,1.34445,1.34445,1.34445,1.34445,0.0
2012-02-26 01:14:00,1.34445,1.34445,1.34445,1.34445,0.0
2012-02-26 01:15:00,1.34445,1.34445,1.34445,1.34445,0.0
2012-02-26 01:16:00,1.34445,1.34445,1.34445,1.34445,0.0
2012-02-26 01:17:00,1.34445,1.34445,1.34445,1.34445,0.0
2012-02-26 01:18:00,1.34445,1.34445,1.34445,1.34445,0.0
2012-02-26 01:19:00,1.34445,1.34445,1.34445,1.34445,0.0
2012-02-26 01:20:00,1.34445,1.34445,1.34445,1.34445,0.0
2012-02-26 01:21:00,1.34445,1.34445,1.34445,1.34445,0.0
2012-02-26 01:22:00,1.34445,1.34445,1.34445,1.34445,0.0
2012-02-26 01:23:00,1.34445,1.34445,1.34445,1.34445,0.0
2012-02-26 01:24:00,1.34445,1.34445,1.34445,1.34445,0.0
2012-02-26 01:25:00,1.34445,1.34445,1.34445,1.34445,0.0
2012-02-26 01:26:00,1.34445,1.34445,1.34445,1.34445,0.0
2012-02-26 01:27:00,1.34445,1.34445,1.34445,1.34445,0.0
2012-02-26 01:28:00,1.34445,1.34445,1.34445,1.34445,0.0
2012-02-26 01:29:00,1.34445,1.34445,1.34445,1.34445,0.0
2012-02-26 01:30:00,1.34445,1.34445,1.34445,1.34445,0.0
2012-02-26 01:31:00,1.34445,1.34445,1.34445,1.34445,0.0
2012-02-26 01:32:00,1.34445,1.34445,1.34445,1.34445,0.0
2012-02-26 01:33:00,1.34445,1.34445,1.34445,1.34445,0.0
2012-02-26 01:34:00,1.34445,1.34445,1.34445,1.34445,0.0
2012-02-26 01:35:00,1.34445,1.34445,1.34445,1.34445,0.0
2012-02-26 01:36:00,1.34445,1.34445,1.34445,1.34445,0.0
2012-02-26 01:37:00,1.34445,1.34445,1.34445,1.34445,0.0
2012-02-26 01:38:00,1.34445,1.34445,1.34445,1.34445,0.0
2012-02-26 01:39:00,1.34445,1.34445,1.34445,1.34445,0.0
2012-02-26 01:40:00,1.34445,1.34445,1.34445,1.34445,0.0
2012-02-26 01:41:00,1.34445,1.34445,1.34445,1.34445,0.0
2012-02-26 01:42:00,1.34445,1.34445,1.34445,1.34445,0.0
2012-02-26 01:43:00,1.34445,1.34445,1.34445,1.34445,0.0
2012-02-26 01:44:00,1.34445,1.34445,1.34445,1.34445,0.0
2012-02-26 01:45:00,1.34445,1.34445,1.34445,1.34445,0.0
2012-02-26 01:46:00,1.34445,1.34445,1.34445,1.34445,0.0
2012-02-26 01:47:00,1.34445,1.34445,1.34445,1.34445,0.0
2012-02-26 01:48:00,1.34445,1.34445,1.34445,1.34445,0.0
2012-02-26 01:49:00,1.34445,1.34445,1.34445,1.34445,0.0
2012-02-26 01:50:00,1.34445,1.34445,1.34445,1.34445,0.0
2012-02-26 01:51:00,1.34445,1.34445,1.34445,1.34445,0.0
2012-02-26 01:52:00,1.34445,1.34445,1.34445,1.34445,0.0
2012-02-26 01:53:00,1.34445,1.34445,1.34445,1.34445,0.0
2012-02-26 01:54:00,1.34445,1.34445,1.34445,1.34445,0.0
2012-02-26 01:55:00,1.34445,1.34445,1.34445,1.34445,0.0
2012-02-26 01:56:00,1.34445,1.34445,1.34445,1.34445,0.0
2012-02-26 01:57:00,1.34445,1.34445,1.34445,1.34445,0.0
2012-02-26 01:58:00,1.34445,1.34445,1.34445,1.34445,0.0
2012-02-26 01:59:00,1.34445,1.34445,1.34445,1.34445,0.0
2012-02-26 02:00:00,1.34445,1.34445,1.34445,1.34445,0.0
2012-02-26 02:01:00,1.34445,1.34445,1.34445,1.34445,0.0
2012-02-26 02:02:00,1.34445,1.34445,1.34445,1.34445,0.0
2012-02-26 02:03:00,1.34445,1.34445,1.34445,1.34445,0.0
2012-02-26 02:04:00,1.34445,1.34445,1.34445,1.34445,0.0
2012-02-26 02:05:00,1.34445,1.34445,1.34445,1.34445,0.0
2012-02-26 02:06:00,1.34445,1.34445,1.34445,1.34445,0.0
2012-02-26 02:07:00,1.34445,1.34445,1.34445,1.34445,0.0
2012-02-26 02:08:00,1.34445,1.34445,1.34445,1.34445,0.0
2012-02-26 02:09:00,1.34445,1.34445,1.34445,1.34445,0.0
2012-02-26 02:10:00,1.34445,1.34445,1.34445,1.34445,0.0
2012-02-26 02:11:00,1.34445,1.34445,1.34445,1.34445,0.0
2012-02-26 02:12:00,1.34445,1.34445,1.34445,1.34445,0.0
2012-02-26 02:13:00,1.34445,1.34445,1.34445,1.34445,0.0
2012-02-26 02:14:00,1.34445,1.34445,1.34445,1.34445,0.0
2012-02-26 02:15:00,1.34445,1.34445,1.34445,1.34445,0.0
2012-02-26 02:16:00,1.34445,1.34445,1.34445,1.34445,0.0
2012-02-26 02:17:00,1.34445,1.34445,1.34445,1.34445,0.0
2012-02-26 02:18:00,1.34445,1.34445,1.34445,1.34445,0.0
2012-02-26 02:19:00,1.34445,1.34445,1.34445,1.34445,0.0
2012-02-26 02:20:00,1.34445,1.34445,1.34445,1.34445,0.0
2012-02-26 02:21:00,1.34445,1.34445,1.34445,1.34445,0.0
2012-02-26 02:22:00,1.34445,1.34445,1.34445,1.34445,0.0
2012-02-26 02:23:00,1.34445,1.34445,1.34445,1.34445,0.0
2012-02-26 02:24:00,1.34445,1.34445,1.34445,1.34445,0.0
2012-02-26 02:25:00,1.34445,1.34445,1.34445,1.34445,0.0
2012-02-26 02:26:00,1.34445,1.34445,1.34445,1.34445,0.0
2012-02-26 02:27:00,1.34445,1.34445,1.34445,1.34445,0.0
2012-02-26 02:28:00,1.34445,1.34445,1.34445,1.34445,0.0
2012-02-26 02:29:00,1.34445,1.34445,1.34445,1.34445,0.0
2012-02-26 02:30:00,1.34445,1.34445,1.34445,1.34445,0.0
2012-02-26 02:31:00,1.34445,1.34445,1.34445,1.34445,0.0
2012-02-26 02:32:00,1.34445,1.34445,1.34445,1.34445,0.0
2012-02-26 02:33:00,1.34445,1.34445,1.34445,1.34445,0.0
2012-02-26 02:34:00,1.34445,1.34445,1.34445,1.34445,0.0
2012-02-26 02:35:00,1.34445,1.34445,1.34445,1.34445,0.0
2012-02-26 02:36:00,1.34445,1.34445,1.34445,1.34445,0.0
2012-02-26 02:37:00,1.34445,1.34445,1.34445,1.34445,0.0
2012-02-26 02:38:00,1.34445,1.34445,1.34445,1.34445,0.0
2012-02-26 02:39:00,1.34445,1.34445,1.34445,1.34445,0.0
2012-02-26 02:40:00,1.34445,1.34445,1.34445,1.34445,0.0
2012-02-26 02:41:00,1.34445,1.34445,1.34445,1.34445,0.0
2012-02-26 02:42:00,1.34445,1.34445,1.34445,1.34445,0.0
2012-02-26 02:43:00,1.34445,1.34445,1.34445,1.34445,0.0
2012-02-26 02:44:00,1.34445,1.34445,1.34445,1.34445,0.0
2012-02-26 02:45:00,1.34445,1.34445,1.34445,1.34445,0.0
2012-02-26 02:46:00,1.34445,1.34445,1.34445,1.34445,0.0
2012-02-26 02:47:00,1.34445,1.34445,1.34445,1.34445,0.0
2012-02-26 02:48:00,1.34445,1.34445,1.34445,1.34445,0.0
2012-02-26 02:49:00,1.34445,1.34445,1.34445,1.34445,0.0
2012-02-26 02:50:00,1.34445,1.34445,1.34445,1.34445,0.0
2012-02-26 02:51:00,1.34445,1.34445,1.34445,1.34445,0.0
2012-02-26 02:52:00,1.34445,1.34445,1.34445,1.34445,0.0
2012-02-26 02:53:00,1.34445,1.34445,1.34445,1.34445,0.0
2012-02-26 02:54:00,1.34445,1.34445,1.34445,1.34445,0.0
2012-02-26 02:55:00,1.34445,1.34445,1.34445,1.34445,0.0
2012-02-26 02:56:00,1.34445,1.34445,1.34445,1.34445,0.0
2012-02-26 02:57:00,1.34445,1.34445,1.34445,1.34445,0.0
2012-02-26 02:58:00,1.34445,1.34445,1.34445,1.34445,0.0
2012-02-26 02:59:00,1.34445,1.34445,1.34445,1.34445,0.0
2012-02-26 03:00:00,1.34445,1.34445,1.34445,1.34445,0.0
2012-02-26 03:01:00,1.34445,1.34445,1.34445,1.34445,0.0
2012-02-26 03:02:00,1.34445,1.34445,1.34445,1.34445,0.0
2012-02-26 03:03:00,1.34445,1.34445,1.34445,1.34445,0.0
2012-02-26 03:04:00,1.34445,1.34445,1.34445,1.34445,0.0
2012-02-26 03:05:00,1.34445,1.34445,1.34445,1.34445,0.0
2012-02-26 03:06:00,1.34445,1.34445,1.34445,1.34445,0.0
2012-02-26 03:07:00,1.34445,1.34445,1.34445,1.34445,0.0
2012-02-26 03:08:00,1.34445,1.34445,1.34445,1.34445,0.0
2012-02-26 03:09:00,1.34445,1.34445,1.34445,1.34445,0.0
2012-02-26 03:10:00,1.34445,1.34445,1.34445,1.34445,0.0
2012-02-26 03:11:00,1.34445,1.34445,1.34445,1.34445,0.0
2012-02-26 03:12:00,1.34445,1.34445,1.34445,1.34445,0.0
2012-02-26 03:13:00,1.34445,1.34445,1.34445,1.34445,0.0
2012-02-26 03:14:00,1.34445,1.34445,1.34445,1.34445,0.0
2012-02-26 03:15:00,1.34445,1.34445,1.34445,1.34445,0.0
2012-02-26 03:16:00,1.34445,1.34445,1.34445,1.34445,0.0
2012-02-26 03:17:00,1.34445,1.34445,1.34445,1.34445,0.0
2012-02-26 03:18:00,1.34445,1.34445,1.34445,1.34445,0.0
2012-02-26 03:19:00,1.34445,1.34445,1.34445,1.34445,0.0
2012-02-26 03:20:00,1.34445,1.34445,1.34445,1.34445,0.0
2012-02-26 03:21:00,1.34445,1.34445,1.34445,1.34445,0.0
2012-02-26 03:22:00,1.34445,1.34445,1.34445,1.34445,0.0
2012-02-26 03:23:00,1.34445,1.34445,1.34445,1.34445,0.0
2012-02-26 03:24:00,1.34445,1.34445,1.34445,1.34445,0.0
2012-02-26 03:25:00,1.34445,1.34445,1.34445,1.34445,0.0
2012-02-26 03:26:00,1.34445,1.34445,1.34445,1.34445,0.0
2012-02-26 03:27:00,1.34445,1.34445,1.34445,1.34445,0.0
2012-02-26 03:28:00,1.34445,1.34445,1.34445,1.34445,0.0
2012-02-26 03:29:00,1.34445,1.34445,1.34445,1.34445,0.0
2012-02-26 03:30:00,1.34445,1.34445,1.34445,1.34445,0.0
2012-02-26 03:31:00,1.34445,1.34445,1.34445,1.34445,0.0
2012-02-26 03:32:00,1.34445,1.34445,1.34445,1.34445,0.0
2012-02-26 03:33:00,1.34445,1.34445,1.34445,1.34445,0.0
2012-02-26 03:34:00,1.34445,1.34445,1.34445,1.34445,0.0
2012-02-26 03:35:00,1.34445,1.34445,1.34445,1.34445,0.0
2012-02-26 03:36:00,1.34445,1.34445,1.34445,1.34445,0.0
2012-02-26 03:37:00,1.34445,1.34445,1.34445,1.34445,0.0
2012-02-26 03:38:00,1.34445,1.34445,1.34445,1.34445,0.0
2012-02-26 03:39:00,1.34445,1.34445,1.34445,1.34445,0.0
2012-02-26 03:40:00,1.34445,1.34445,1.34445,1.34445,0.0
2012-02-26 03:41:00,1.34445,1.34445,1.34445,1.34445,0.0
2012-02-26 03:42:00,1.34445,1.34445,1.34445,1.34445,0.0
2012-02-26 03:43:00,1.34445,1.34445,1.34445,1.34445,0.0
2012-02-26 03:44:00,1.34445,1.34445,1.34445,1.34445,0.0
2012-02-26 03:45:00,1.34445,1.34445,1.34445,1.34445,0.0
2012-02-26 03:46:00,1.34445,1.34445,1.34445,1.34445,0.0
2012-02-26 03:47:00,1.34445,1.34445,1.34445,1.34445,0.0
2012-02-26 03:48:00,1.34445,1.34445,1.34445,1.34445,0.0
2012-02-26 03:49:00,1.34445,1.34445,1.34445,1.34445,0.0
2012-02-26 03:50:00,1.34445,1.34445,1.34445,1.34445,0.0
2012-02-26 03:51:00,1.34445,1.34445,1.34445,1.34445,0.0
2012-02-26 03:52:00,1.34445,1.34445,1.34445,1.34445,0.0
2012-02-26 03:53:00,1.34445,1.34445,1.34445,1.34445,0.0
2012-02-26 03:54:00,1.34445,1.34445,1.34445,1.34445,0.0
2012-02-26 03:55:00,1.34445,1.34445,1.34445,1.34445,0.0
2012-02-26 03:56:00,1.34445,1.34445,1.34445,1.34445,0.0
2012-02-26 03:57:00,1.34445,1.34445,1.34445,1.34445,0.0
2012-02-26 03:58:00,1.34445,1.34445,1.34445,1.34445,0.0
2012-02-26 03:59:00,1.34445,1.34445,1.34445,1.34445,0.0
2012-02-26 04:00:00,1.34445,1.34445,1.34445,1.34445,0.0
2012-02-26 04:01:00,1.34445,1.34445,1.34445,1.34445,0.0
2012-02-26 04:02:00,1.34445,1.34445,1.34445,1.34445,0.0
2012-02-26 04:03:00,1.34445,1.34445,1.34445,1.34445,0.0
2012-02-26 04:04:00,1.34445,1.34445,1.34445,1.34445,0.0
2012-02-26 04:05:00,1.34445,1.34445,1.34445,1.34445,0.0
2012-02-26 04:06:00,1.34445,1.34445,1.34445,1.34445,0.0
2012-02-26 04:07:00,1.34445,1.34445,1.34445,1.34445,0.0
2012-02-26 04:08:00,1.34445,1.34445,1.34445,1.34445,0.0
2012-02-26 04:09:00,1.34445,1.34445,1.34445,1.34445,0.0
2012-02-26 04:10:00,1.34445,1.34445,1.34445,1.34445,0.0
2012-02-26 04:11:00,1.34445,1.34445,1.34445,1.34445,0.0
2012-02-26 04:12:00,1.34445,1.34445,1.34445,1.34445,0.0
2012-02-26 04:13:00,1.34445,1.34445,1.34445,1.34445,0.0
2012-02-26 04:14:00,1.34445,1.34445,1.34445,1.34445,0.0
2012-02-26 04:15:00,1.34445,1.34445,1.34445,1.34445,0.0
2012-02-26 04:16:00,1.34445,1.34445,1.34445,1.34445,0.0
2012-02-26 04:17:00,1.34445,1.34445,1.34445,1.34445,0.0
2012-02-26 04:18:00,1.34445,1.34445,1.34445,1.34445,0.0
2012-02-26 04:19:00,1.34445,1.34445,1.34445,1.34445,0.0
2012-02-26 04:20:00,1.34445,1.34445,1.34445,1.34445,0.0
2012-02-26 04:21:00,1.34445,1.34445,1.34445,1.34445,0.0
2012-02-26 04:22:00,1.34445,1.34445,1.34445,1.34445,0.0
2012-02-26 04:23:00,1.34445,1.34445,1.34445,1.34445,0.0
2012-02-26 04:24:00,1.34445,1.34445,1.34445,1.34445,0.0
2012-02-26 04:25:00,1.34445,1.34445,1.34445,1.34445,0.0
2012-02-26 04:26:00,1.34445,1.34445,1.34445,1.34445,0.0
2012-02-26 04:27:00,1.34445,1.34445,1.34445,1.34445,0.0
2012-02-26 04:28:00,1.34445,1.34445,1.34445,1.34445,0.0
2012-02-26 04:29:00,1.34445,1.34445,1.34445,1.34445,0.0
2012-02-26 04:30:00,1.34445,1.34445,1.34445,1.34445,0.0
2012-02-26 04:31:00,1.34445,1.34445,1.34445,1.34445,0.0
2012-02-26 04:32:00,1.34445,1.34445,1.34445,1.34445,0.0
2012-02-26 04:33:00,1.34445,1.34445,1.34445,1.34445,0.0
2012-02-26 04:34:00,1.34445,1.34445,1.34445,1.34445,0.0
2012-02-26 04:35:00,1.34445,1.34445,1.34445,1.34445,0.0
2012-02-26 04:36:00,1.34445,1.34445,1.34445,1.34445,0.0
2012-02-26 04:37:00,1.34445,1.34445,1.34445,1.34445,0.0
2012-02-26 04:38:00,1.34445,1.34445,1.34445,1.34445,0.0
2012-02-26 04:39:00,1.34445,1.34445,1.34445,1.34445,0.0
2012-02-26 04:40:00,1.34445,1.34445,1.34445,1.34445,0.0
2012-02-26 04:41:00,1.34445,1.34445,1.34445,1.34445,0.0
2012-02-26 04:42:00,1.34445,1.34445,1.34445,1.34445,0.0
2012-02-26 04:43:00,1.34445,1.34445,1.34445,1.34445,0.0
2012-02-26 04:44:00,1.34445,1.34445,1.34445,1.34445,0.0
2012-02-26 04:45:00,1.34445,1.34445,1.34445,1.34445,0.0
2012-02-26 04:46:00,1.34445,1.34445,1.34445,1.34445,0.0
2012-02-26 04:47:00,1.34445,1.34445,1.34445,1.34445,0.0
2012-02-26 04:48:00,1.34445,1.34445,1.34445,1.34445,0.0
2012-02-26 04:49:00,1.34445,1.34445,1.34445,1.34445,0.0
2012-02-26 04:50:00,1.34445,1.34445,1.34445,1.34445,0.0
2012-02-26 04:51:00,1.34445,1.34445,1.34445,1.34445,0.0
2012-02-26 04:52:00,1.34445,1.34445,1.34445,1.34445,0.0
2012-02-26 04:53:00,1.34445,1.34445,1.34445,1.34445,0.0
2012-02-26 04:54:00,1.34445,1.34445,1.34445,1.34445,0.0
2012-02-26 04:55:00,1.34445,1.34445,1.34445,1.34445,0.0
2012-02-26 04:56:00,1.34445,1.34445,1.34445,1.34445,0.0
2012-02-26 04:57:00,1.34445,1.34445,1.34445,1.34445,0.0
2012-02-26 04:58:00,1.34445,1.34445,1.34445,1.34445,0.0
2012-02-26 04:59:00,1.34445,1.34445,1.34445,1.34445,0.0
2012-02-26 05:00:00,1.34445,1.34445,1.34445,1.34445,0.0
2012-02-26 05:01:00,1.34445,1.34445,1.34445,1.34445,0.0
2012-02-26 05:02:00,1.34445,1.34445,1.34445,1.34445,0.0
2012-02-26 05:03:00,1.34445,1.34445,1.34445,1.34445,0.0
2012-02-26 05:04:00,1.34445,1.34445,1.34445,1.34445,0.0
2012-02-26 05:05:00,1.34445,1.34445,1.34445,1.34445,0.0
2012-02-26 05:06:00,1.34445,1.34445,1.34445,1.34445,0.0
2012-02-26 05:07:00,1.34445,1.34445,1.34445,1.34445,0.0
2012-02-26 05:08:00,1.34445,1.34445,1.34445,1.34445,0.0
2012-02-26 05:09:00,1.34445,1.34445,1.34445,1.34445,0.0
2012-02-26 05:10:00,1.34445,1.34445,1.34445,1.34445,0.0
2012-02-26 05:11:00,1.34445,1.34445,1.34445,1.34445,0.0
2012-02-26 05:12:00,1.34445,1.34445,1.34445,1.34445,0.0
2012-02-26 05:13:00,1.34445,1.34445,1.34445,1.34445,0.0
2012-02-26 05:14:00,1.34445,1.34445,1.34445,1.34445,0.0
2012-02-26 05:15:00,1.34445,1.34445,1.34445,1.34445,0.0
2012-02-26 05:16:00,1.34445,1.34445,1.34445,1.34445,0.0
2012-02-26 05:17:00,1.34445,1.34445,1.34445,1.34445,0.0
2012-02-26 05:18:00,1.34445,1.34445,1.34445,1.34445,0.0
2012-02-26 05:19:00,1.34445,1.34445,1.34445,1.34445,0.0
2012-02-26 05:20:00,1.34445,1.34445,1.34445,1.34445,0.0
2012-02-26 05:21:00,1.34445,1.34445,1.34445,1.34445,0.0
2012-02-26 05:22:00,1.34445,1.34445,1.34445,1.34445,0.0
2012-02-26 05:23:00,1.34445,1.34445,1.34445,1.34445,0.0
2012-02-26 05:24:00,1.34445,1.34445,1.34445,1.34445,0.0
2012-02-26 05:25:00,1.34445,1.34445,1.34445,1.34445,0.0
2012-02-26 05:26:00,1.34445,1.34445,1.34445,1.34445,0.0
2012-02-26 05:27:00,1.34445,1.34445,1.34445,1.34445,0.0
2012-02-26 05:28:00,1.34445,1.34445,1.34445,1.34445,0.0
2012-02-26 05:29:00,1.34445,1.34445,1.34445,1.34445,0.0
2012-02-26 05:30:00,1.34445,1.34445,1.34445,1.34445,0.0
2012-02-26 05:31:00,1.34445,1.34445,1.34445,1.34445,0.0
2012-02-26 05:32:00,1.34445,1.34445,1.34445,1.34445,0.0
2012-02-26 05:33:00,1.34445,1.34445,1.34445,1.34445,0.0
2012-02-26 05:34:00,1.34445,1.34445,1.34445,1.34445,0.0
2012-02-26 05:35:00,1.34445,1.34445,1.34445,1.34445,0.0
2012-02-26 05:36:00,1.34445,1.34445,1.34445,1.34445,0.0
2012-02-26 05:37:00,1.34445,1.34445,1.34445,1.34445,0.0
2012-02-26 05:38:00,1.34445,1.34445,1.34445,1.34445,0.0
2012-02-26 05:39:00,1.34445,1.34445,1.34445,1.34445,0.0
2012-02-26 05:40:00,1.34445,1.34445,1.34445,1.34445,0.0
2012-02-26 05:41:00,1.34445,1.34445,1.34445,1.34445,0.0
2012-02-26 05:42:00,1.34445,1.34445,1.34445,1.34445,0.0
2012-02-26 05:43:00,1.34445,1.34445,1.34445,1.34445,0.0
2012-02-26 05:44:00,1.34445,1.34445,1.34445,1.34445,0.0
2012-02-26 05:45:00,1.34445,1.34445,1.34445,1.34445,0.0
2012-02-26 05:46:00,1.34445,1.34445,1.34445,1.34445,0.0
2012-02-26 05:47:00,1.34445,1.34445,1.34445,1.34445,0.0
2012-02-26 05:48:00,1.34445,1.34445,1.34445,1.34445,0.0
2012-02-26 05:49:00,1.34445,1.34445,1.34445,1.34445,0.0
2012-02-26 05:50:00,1.34445,1.34445,1.34445,1.34445,0.0
2012-02-26 05:51:00,1.34445,1.34445,1.34445,1.34445,0.0
2012-02-26 05:52:00,1.34445,1.34445,1.34445,1.34445,0.0
2012-02-26 05:53:00,1.34445,1.34445,1.34445,1.34445,0.0
2012-02-26 05:54:00,1.34445,1.34445,1.34445,1.34445,0.0
2012-02-26 05:55:00,1.34445,1.34445,1.34445,1.34445,0.0
2012-02-26 05:56:00,1.34445,1.34445,1.34445,1.34445,0.0
2012-02-26 05:57:00,1.34445,1.34445,1.34445,1.34445,0.0
2012-02-26 05:58:00,1.34445,1.34445,1.34445,1.34445,0.0
2012-02-26 05:59:00,1.34445,1.34445,1.34445,1.34445,0.0
2012-02-26 06:00:00,1.34445,1.34445,1.34445,1.34445,0.0
2012-02-26 06:01:00,1.34445,1.34445,1.34445,1.34445,0.0
2012-02-26 06:02:00,1.34445,1.34445,1.34445,1.34445,0.0
2012-02-26 06:03:00,1.34445,1.34445,1.34445,1.34445,0.0
2012-02-26 06:04:00,1.34445,1.34445,1.34445,1.34445,0.0
2012-02-26 06:05:00,1.34445,1.34445,1.34445,1.34445,0.0
2012-02-26 06:06:00,1.34445,1.34445,1.34445,1.34445,0.0
2012-02-26 06:07:00,1.34445,1.34445,1.34445,1.34445,0.0
2012-02-26 06:08:00,1.34445,1.34445,1.34445,1.34445,0.0
2012-02-26 06:09:00,1.34445,1.34445,1.34445,1.34445,0.0
2012-02-26 06:10:00,1.34445,1.34445,1.34445,1.34445,0.0
2012-02-26 06:11:00,1.34445,1.34445,1.34445,1.34445,0.0
2012-02-26 06:12:00,1.34445,1.34445,1.34445,1.34445,0.0
2012-02-26 06:13:00,1.34445,1.34445,1.34445,1.34445,0.0
2012-02-26 06:14:00,1.34445,1.34445,1.34445,1.34445,0.0
2012-02-26 06:15:00,1.34445,1.34445,1.34445,1.34445,0.0
2012-02-26 06:16:00,1.34445,1.34445,1.34445,1.34445,0.0
2012-02-26 06:17:00,1.34445,1.34445,1.34445,1.34445,0.0
2012-02-26 06:18:00,1.34445,1.34445,1.34445,1.34445,0.0
2012-02-26 06:19:00,1.34445,1.34445,1.34445,1.34445,0.0
2012-02-26 06:20:00,1.34445,1.34445,1.34445,1.34445,0.0
2012-02-26 06:21:00,1.34445,1.34445,1.34445,1.34445,0.0
2012-02-26 06:22:00,1.34445,1.34445,1.34445,1.34445,0.0
2012-02-26 06:23:00,1.34445,1.34445,1.34445,1.34445,0.0
2012-02-26 06:24:00,1.34445,1.34445,1.34445,1.34445,0.0
2012-02-26 06:25:00,1.34445,1.34445,1.34445,1.34445,0.0
2012-02-26 06:26:00,1.34445,1.34445,1.34445,1.34445,0.0
2012-02-26 06:27:00,1.34445,1.34445,1.34445,1.34445,0.0
2012-02-26 06:28:00,1.34445,1.34445,1.34445,1.34445,0.0
2012-02-26 06:29:00,1.34445,1.34445,1.34445,1.34445,0.0
2012-02-26 06:30:00,1.34445,1.34445,1.34445,1.34445,0.0
2012-02-26 06:31:00,1.34445,1.34445,1.34445,1.34445,0.0
2012-02-26 06:32:00,1.34445,1.34445,1.34445,1.34445,0.0
2012-02-26 06:33:00,1.34445,1.34445,1.34445,1.34445,0.0
2012-02-26 06:34:00,1.34445,1.34445,1.34445,1.34445,0.0
2012-02-26 06:35:00,1.34445,1.34445,1.34445,1.34445,0.0
2012-02-26 06:36:00,1.34445,1.34445,1.34445,1.34445,0.0
2012-02-26 06:37:00,1.34445,1.34445,1.34445,1.34445,0.0
2012-02-26 06:38:00,1.34445,1.34445,1.34445,1.34445,0.0
2012-02-26 06:39:00,1.34445,1.34445,1.34445,1.34445,0.0
2012-02-26 06:40:00,1.34445,1.34445,1.34445,1.34445,0.0
2012-02-26 06:41:00,1.34445,1.34445,1.34445,1.34445,0.0
2012-02-26 06:42:00,1.34445,1.34445,1.34445,1.34445,0.0
2012-02-26 06:43:00,1.34445,1.34445,1.34445,1.34445,0.0
2012-02-26 06:44:00,1.34445,1.34445,1.34445,1.34445,0.0
2012-02-26 06:45:00,1.34445,1.34445,1.34445,1.34445,0.0
2012-02-26 06:46:00,1.34445,1.34445,1.34445,1.34445,0.0
2012-02-26 06:47:00,1.34445,1.34445,1.34445,1.34445,0.0
2012-02-26 06:48:00,1.34445,1.34445,1.34445,1.34445,0.0
2012-02-26 06:49:00,1.34445,1.34445,1.34445,1.34445,0.0
2012-02-26 06:50:00,1.34445,1.34445,1.34445,1.34445,0.0
2012-02-26 06:51:00,1.34445,1.34445,1.34445,1.34445,0.0
2012-02-26 06:52:00,1.34445,1.34445,1.34445,1.34445,0.0
2012-02-26 06:53:00,1.34445,1.34445,1.34445,1.34445,0.0
2012-02-26 06:54:00,1.34445,1.34445,1.34445,1.34445,0.0
2012-02-26 06:55:00,1.34445,1.34445,1.34445,1.34445,0.0
2012-02-26 06:56:00,1.34445,1.34445,1.34445,1.34445,0.0
2012-02-26 06:57:00,1.34445,1.34445,1.34445,1.34445,0.0
2012-02-26 06:58:00,1.34445,1.34445,1.34445,1.34445,0.0
2012-02-26 06:59:00,1.34445,1.34445,1.34445,1.34445,0.0
2012-02-26 07:00:00,1.34445,1.34445,1.34445,1.34445,0.0
2012-02-26 07:01:00,1.34445,1.34445,1.34445,1.34445,0.0
2012-02-26 07:02:00,1.34445,1.34445,1.34445,1.34445,0.0
2012-02-26 07:03:00,1.34445,1.34445,1.34445,1.34445,0.0
2012-02-26 07:04:00,1.34445,1.34445,1.34445,1.34445,0.0
2012-02-26 07:05:00,1.34445,1.34445,1.34445,1.34445,0.0
2012-02-26 07:06:00,1.34445,1.34445,1.34445,1.34445,0.0
2012-02-26 07:07:00,1.34445,1.34445,1.34445,1.34445,0.0
2012-02-26 07:08:00,1.34445,1.34445,1.34445,1.34445,0.0
2012-02-26 07:09:00,1.34445,1.34445,1.34445,1.34445,0.0
2012-02-26 07:10:00,1.34445,1.34445,1.34445,1.34445,0.0
2012-02-26 07:11:00,1.34445,1.34445,1.34445,1.34445,0.0
2012-02-26 07:12:00,1.34445,1.34445,1.34445,1.34445,0.0
2012-02-26 07:13:00,1.34445,1.34445,1.34445,1.34445,0.0
2012-02-26 07:14:00,1.34445,1.34445,1.34445,1.34445,0.0
2012-02-26 07:15:00,1.34445,1.34445,1.34445,1.34445,0.0
2012-02-26 07:16:00,1.34445,1.34445,1.34445,1.34445,0.0
2012-02-26 07:17:00,1.34445,1.34445,1.34445,1.34445,0.0
2012-02-26 07:18:00,1.34445,1.34445,1.34445,1.34445,0.0
2012-02-26 07:19:00,1.34445,1.34445,1.34445,1.34445,0.0
2012-02-26 07:20:00,1.34445,1.34445,1.34445,1.34445,0.0
2012-02-26 07:21:00,1.34445,1.34445,1.34445,1.34445,0.0
2012-02-26 07:22:00,1.34445,1.34445,1.34445,1.34445,0.0
2012-02-26 07:23:00,1.34445,1.34445,1.34445,1.34445,0.0
2012-02-26 07:24:00,1.34445,1.34445,1.34445,1.34445,0.0
2012-02-26 07:25:00,1.34445,1.34445,1.34445,1.34445,0.0
2012-02-26 07:26:00,1.34445,1.34445,1.34445,1.34445,0.0
2012-02-26 07:27:00,1.34445,1.34445,1.34445,1.34445,0.0
2012-02-26 07:28:00,1.34445,1.34445,1.34445,1.34445,0.0
2012-02-26 07:29:00,1.34445,1.34445,1.34445,1.34445,0.0
2012-02-26 07:30:00,1.34445,1.34445,1.34445,1.34445,0.0
2012-02-26 07:31:00,1.34445,1.34445,1.34445,1.34445,0.0
2012-02-26 07:32:00,1.34445,1.34445,1.34445,1.34445,0.0
2012-02-26 07:33:00,1.34445,1.34445,1.34445,1.34445,0.0
2012-02-26 07:34:00,1.34445,1.34445,1.34445,1.34445,0.0
2012-02-26 07:35:00,1.34445,1.34445,1.34445,1.34445,0.0
2012-02-26 07:36:00,1.34445,1.34445,1.34445,1.34445,0.0
2012-02-26 07:37:00,1.34445,1.34445,1.34445,1.34445,0.0
2012-02-26 07:38:00,1.34445,1.34445,1.34445,1.34445,0.0
2012-02-26 07:39:00,1.34445,1.34445,1.34445,1.34445,0.0
2012-02-26 07:40:00,1.34445,1.34445,1.34445,1.34445,0.0
2012-02-26 07:41:00,1.34445,1.34445,1.34445,1.34445,0.0
2012-02-26 07:42:00,1.34445,1.34445,1.34445,1.34445,0.0
2012-02-26 07:43:00,1.34445,1.34445,1.34445,1.34445,0.0
2012-02-26 07:44:00,1.34445,1.34445,1.34445,1.34445,0.0
2012-02-26 07:45:00,1.34445,1.34445,1.34445,1.34445,0.0
2012-02-26 07:46:00,1.34445,1.34445,1.34445,1.34445,0.0
2012-02-26 07:47:00,1.34445,1.34445,1.34445,1.34445,0.0
2012-02-26 07:48:00,1.34445,1.34445,1.34445,1.34445,0.0
2012-02-26 07:49:00,1.34445,1.34445,1.34445,1.34445,0.0
2012-02-26 07:50:00,1.34445,1.34445,1.34445,1.34445,0.0
2012-02-26 07:51:00,1.34445,1.34445,1.34445,1.34445,0.0
2012-02-26 07:52:00,1.34445,1.34445,1.34445,1.34445,0.0
2012-02-26 07:53:00,1.34445,1.34445,1.34445,1.34445,0.0
2012-02-26 07:54:00,1.34445,1.34445,1.34445,1.34445,0.0
2012-02-26 07:55:00,1.34445,1.34445,1.34445,1.34445,0.0
2012-02-26 07:56:00,1.34445,1.34445,1.34445,1.34445,0.0
2012-02-26 07:57:00,1.34445,1.34445,1.34445,1.34445,0.0
2012-02-26 07:58:00,1.34445,1.34445,1.34445,1.34445,0.0
2012-02-26 07:59:00,1.34445,1.34445,1.34445,1.34445,0.0
2012-02-26 08:00:00,1.34445,1.34445,1.34445,1.34445,0.0
2012-02-26 08:01:00,1.34445,1.34445,1.34445,1.34445,0.0
2012-02-26 08:02:00,1.34445,1.34445,1.34445,1.34445,0.0
2012-02-26 08:03:00,1.34445,1.34445,1.34445,1.34445,0.0
2012-02-26 08:04:00,1.34445,1.34445,1.34445,1.34445,0.0
2012-02-26 08:05:00,1.34445,1.34445,1.34445,1.34445,0.0
2012-02-26 08:06:00,1.34445,1.34445,1.34445,1.34445,0.0
2012-02-26 08:07:00,1.34445,1.34445,1.34445,1.34445,0.0
2012-02-26 08:08:00,1.34445,1.34445,1.34445,1.34445,0.0
2012-02-26 08:09:00,1.34445,1.34445,1.34445,1.34445,0.0
2012-02-26 08:10:00,1.34445,1.34445,1.34445,1.34445,0.0
2012-02-26 08:11:00,1.34445,1.34445,1.34445,1.34445,0.0
2012-02-26 08:12:00,1.34445,1.34445,1.34445,1.34445,0.0
2012-02-26 08:13:00,1.34445,1.34445,1.34445,1.34445,0.0
2012-02-26 08:14:00,1.34445,1.34445,1.34445,1.34445,0.0
2012-02-26 08:15:00,1.34445,1.34445,1.34445,1.34445,0.0
2012-02-26 08:16:00,1.34445,1.34445,1.34445,1.34445,0.0
2012-02-26 08:17:00,1.34445,1.34445,1.34445,1.34445,0.0
2012-02-26 08:18:00,1.34445,1.34445,1.34445,1.34445,0.0
2012-02-26 08:19:00,1.34445,1.34445,1.34445,1.34445,0.0
2012-02-26 08:20:00,1.34445,1.34445,1.34445,1.34445,0.0
2012-02-26 08:21:00,1.34445,1.34445,1.34445,1.34445,0.0
2012-02-26 08:22:00,1.34445,1.34445,1.34445,1.34445,0.0
2012-02-26 08:23:00,1.34445,1.34445,1.34445,1.34445,0.0
2012-02-26 08:24:00,1.34445,1.34445,1.34445,1.34445,0.0
2012-02-26 08:25:00,1.34445,1.34445,1.34445,1.34445,0.0
2012-02-26 08:26:00,1.34445,1.34445,1.34445,1.34445,0.0
2012-02-26 08:27:00,1.34445,1.34445,1.34445,1.34445,0.0
2012-02-26 08:28:00,1.34445,1.34445,1.34445,1.34445,0.0
2012-02-26 08:29:00,1.34445,1.34445,1.34445,1.34445,0.0
2012-02-26 08:30:00,1.34445,1.34445,1.34445,1.34445,0.0
2012-02-26 08:31:00,1.34445,1.34445,1.34445,1.34445,0.0
2012-02-26 08:32:00,1.34445,1.34445,1.34445,1.34445,0.0
2012-02-26 08:33:00,1.34445,1.34445,1.34445,1.34445,0.0
2012-02-26 08:34:00,1.34445,1.34445,1.34445,1.34445,0.0
2012-02-26 08:35:00,1.34445,1.34445,1.34445,1.34445,0.0
2012-02-26 08:36:00,1.34445,1.34445,1.34445,1.34445,0.0
2012-02-26 08:37:00,1.34445,1.34445,1.34445,1.34445,0.0
2012-02-26 08:38:00,1.34445,1.34445,1.34445,1.34445,0.0
2012-02-26 08:39:00,1.34445,1.34445,1.34445,1.34445,0.0
2012-02-26 08:40:00,1.34445,1.34445,1.34445,1.34445,0.0
2012-02-26 08:41:00,1.34445,1.34445,1.34445,1.34445,0.0
2012-02-26 08:42:00,1.34445,1.34445,1.34445,1.34445,0.0
2012-02-26 08:43:00,1.34445,1.34445,1.34445,1.34445,0.0
2012-02-26 08:44:00,1.34445,1.34445,1.34445,1.34445,0.0
2012-02-26 08:45:00,1.34445,1.34445,1.34445,1.34445,0.0
2012-02-26 08:46:00,1.34445,1.34445,1.34445,1.34445,0.0
2012-02-26 08:47:00,1.34445,1.34445,1.34445,1.34445,0.0
2012-02-26 08:48:00,1.34445,1.34445,1.34445,1.34445,0.0
2012-02-26 08:49:00,1.34445,1.34445,1.34445,1.34445,0.0
2012-02-26 08:50:00,1.34445,1.34445,1.34445,1.34445,0.0
2012-02-26 08:51:00,1.34445,1.34445,1.34445,1.34445,0.0
2012-02-26 08:52:00,1.34445,1.34445,1.34445,1.34445,0.0
2012-02-26 08:53:00,1.34445,1.34445,1.34445,1.34445,0.0
2012-02-26 08:54:00,1.34445,1.34445,1.34445,1.34445,0.0
2012-02-26 08:55:00,1.34445,1.34445,1.34445,1.34445,0.0
2012-02-26 08:56:00,1.34445,1.34445,1.34445,1.34445,0.0
2012-02-26 08:57:00,1.34445,1.34445,1.34445,1.34445,0.0
2012-02-26 08:58:00,1.34445,1.34445,1.34445,1.34445,0.0
2012-02-26 08:59:00,1.34445,1.34445,1.34445,1.34445,0.0
2012-02-26 09:00:00,1.34445,1.34445,1.34445,1.34445,0.0
2012-02-26 09:01:00,1.34445,1.34445,1.34445,1.34445,0.0
2012-02-26 09:02:00,1.34445,1.34445,1.34445,1.34445,0.0
2012-02-26 09:03:00,1.34445,1.34445,1.34445,1.34445,0.0
2012-02-26 09:04:00,1.34445,1.34445,1.34445,1.34445,0.0
2012-02-26 09:05:00,1.34445,1.34445,1.34445,1.34445,0.0
2012-02-26 09:06:00,1.34445,1.34445,1.34445,1.34445,0.0
2012-02-26 09:07:00,1.34445,1.34445,1.34445,1.34445,0.0
2012-02-26 09:08:00,1.34445,1.34445,1.34445,1.34445,0.0
2012-02-26 09:09:00,1.34445,1.34445,1.34445,1.34445,0.0
2012-02-26 09:10:00,1.34445,1.34445,1.34445,1.34445,0.0
2012-02-26 09:11:00,1.34445,1.34445,1.34445,1.34445,0.0
2012-02-26 09:12:00,1.34445,1.34445,1.34445,1.34445,0.0
2012-02-26 09:13:00,1.34445,1.34445,1.34445,1.34445,0.0
2012-02-26 09:14:00,1.34445,1.34445,1.34445,1.34445,0.0
2012-02-26 09:15:00,1.34445,1.34445,1.34445,1.34445,0.0
2012-02-26 09:16:00,1.34445,1.34445,1.34445,1.34445,0.0
2012-02-26 09:17:00,1.34445,1.34445,1.34445,1.34445,0.0
2012-02-26 09:18:00,1.34445,1.34445,1.34445,1.34445,0.0
2012-02-26 09:19:00,1.34445,1.34445,1.34445,1.34445,0.0
2012-02-26 09:20:00,1.34445,1.34445,1.34445,1.34445,0.0
2012-02-26 09:21:00,1.34445,1.34445,1.34445,1.34445,0.0
2012-02-26 09:22:00,1.34445,1.34445,1.34445,1.34445,0.0
2012-02-26 09:23:00,1.34445,1.34445,1.34445,1.34445,0.0
2012-02-26 09:24:00,1.34445,1.34445,1.34445,1.34445,0.0
2012-02-26 09:25:00,1.34445,1.34445,1.34445,1.34445,0.0
2012-02-26 09:26:00,1.34445,1.34445,1.34445,1.34445,0.0
2012-02-26 09:27:00,1.34445,1.34445,1.34445,1.34445,0.0
2012-02-26 09:28:00,1.34445,1.34445,1.34445,1.34445,0.0
2012-02-26 09:29:00,1.34445,1.34445,1.34445,1.34445,0.0
2012-02-26 09:30:00,1.34445,1.34445,1.34445,1.34445,0.0
2012-02-26 09:31:00,1.34445,1.34445,1.34445,1.34445,0.0
2012-02-26 09:32:00,1.34445,1.34445,1.34445,1.34445,0.0
2012-02-26 09:33:00,1.34445,1.34445,1.34445,1.34445,0.0
2012-02-26 09:34:00,1.34445,1.34445,1.34445,1.34445,0.0
2012-02-26 09:35:00,1.34445,1.34445,1.34445,1.34445,0.0
2012-02-26 09:36:00,1.34445,1.34445,1.34445,1.34445,0.0
2012-02-26 09:37:00,1.34445,1.34445,1.34445,1.34445,0.0
2012-02-26 09:38:00,1.34445,1.34445,1.34445,1.34445,0.0
2012-02-26 09:39:00,1.34445,1.34445,1.34445,1.34445,0.0
2012-02-26 09:40:00,1.34445,1.34445,1.34445,1.34445,0.0
2012-02-26 09:41:00,1.34445,1.34445,1.34445,1.34445,0.0
2012-02-26 09:42:00,1.34445,1.34445,1.34445,1.34445,0.0
2012-02-26 09:43:00,1.34445,1.34445,1.34445,1.34445,0.0
2012-02-26 09:44:00,1.34445,1.34445,1.34445,1.34445,0.0
2012-02-26 09:45:00,1.34445,1.34445,1.34445,1.34445,0.0
2012-02-26 09:46:00,1.34445,1.34445,1.34445,1.34445,0.0
2012-02-26 09:47:00,1.34445,1.34445,1.34445,1.34445,0.0
2012-02-26 09:48:00,1.34445,1.34445,1.34445,1.34445,0.0
2012-02-26 09:49:00,1.34445,1.34445,1.34445,1.34445,0.0
2012-02-26 09:50:00,1.34445,1.34445,1.34445,1.34445,0.0
2012-02-26 09:51:00,1.34445,1.34445,1.34445,1.34445,0.0
2012-02-26 09:52:00,1.34445,1.34445,1.34445,1.34445,0.0
2012-02-26 09:53:00,1.34445,1.34445,1.34445,1.34445,0.0
2012-02-26 09:54:00,1.34445,1.34445,1.34445,1.34445,0.0
2012-02-26 09:55:00,1.34445,1.34445,1.34445,1.34445,0.0
2012-02-26 09:56:00,1.34445,1.34445,1.34445,1.34445,0.0
2012-02-26 09:57:00,1.34445,1.34445,1.34445,1.34445,0.0
2012-02-26 09:58:00,1.34445,1.34445,1.34445,1.34445,0.0
2012-02-26 09:59:00,1.34445,1.34445,1.34445,1.34445,0.0
2012-02-26 10:00:00,1.34445,1.34445,1.34445,1.34445,0.0
2012-02-26 10:01:00,1.34445,1.34445,1.34445,1.34445,0.0
2012-02-26 10:02:00,1.34445,1.34445,1.34445,1.34445,0.0
2012-02-26 10:03:00,1.34445,1.34445,1.34445,1.34445,0.0
2012-02-26 10:04:00,1.34445,1.34445,1.34445,1.34445,0.0
2012-02-26 10:05:00,1.34445,1.34445,1.34445,1.34445,0.0
2012-02-26 10:06:00,1.34445,1.34445,1.34445,1.34445,0.0
2012-02-26 10:07:00,1.34445,1.34445,1.34445,1.34445,0.0
2012-02-26 10:08:00,1.34445,1.34445,1.34445,1.34445,0.0
2012-02-26 10:09:00,1.34445,1.34445,1.34445,1.34445,0.0
2012-02-26 10:10:00,1.34445,1.34445,1.34445,1.34445,0.0
2012-02-26 10:11:00,1.34445,1.34445,1.34445,1.34445,0.0
2012-02-26 10:12:00,1.34445,1.34445,1.34445,1.34445,0.0
2012-02-26 10:13:00,1.34445,1.34445,1.34445,1.34445,0.0
2012-02-26 10:14:00,1.34445,1.34445,1.34445,1.34445,0.0
2012-02-26 10:15:00,1.34445,1.34445,1.34445,1.34445,0.0
2012-02-26 10:16:00,1.34445,1.34445,1.34445,1.34445,0.0
2012-02-26 10:17:00,1.34445,1.34445,1.34445,1.34445,0.0
2012-02-26 10:18:00,1.34445,1.34445,1.34445,1.34445,0.0
2012-02-26 10:19:00,1.34445,1.34445,1.34445,1.34445,0.0
2012-02-26 10:20:00,1.34445,1.34445,1.34445,1.34445,0.0
2012-02-26 10:21:00,1.34445,1.34445,1.34445,1.34445,0.0
2012-02-26 10:22:00,1.34445,1.34445,1.34445,1.34445,0.0
2012-02-26 10:23:00,1.34445,1.34445,1.34445,1.34445,0.0
2012-02-26 10:24:00,1.34445,1.34445,1.34445,1.34445,0.0
2012-02-26 10:25:00,1.34445,1.34445,1.34445,1.34445,0.0
2012-02-26 10:26:00,1.34445,1.34445,1.34445,1.34445,0.0
2012-02-26 10:27:00,1.34445,1.34445,1.34445,1.34445,0.0
2012-02-26 10:28:00,1.34445,1.34445,1.34445,1.34445,0.0
2012-02-26 10:29:00,1.34445,1.34445,1.34445,1.34445,0.0
2012-02-26 10:30:00,1.34445,1.34445,1.34445,1.34445,0.0
2012-02-26 10:31:00,1.34445,1.34445,1.34445,1.34445,0.0
2012-02-26 10:32:00,1.34445,1.34445,1.34445,1.34445,0.0
2012-02-26 10:33:00,1.34445,1.34445,1.34445,1.34445,0.0
2012-02-26 10:34:00,1.34445,1.34445,1.34445,1.34445,0.0
2012-02-26 10:35:00,1.34445,1.34445,1.34445,1.34445,0.0
2012-02-26 10:36:00,1.34445,1.34445,1.34445,1.34445,0.0
2012-02-26 10:37:00,1.34445,1.34445,1.34445,1.34445,0.0
2012-02-26 10:38:00,1.34445,1.34445,1.34445,1.34445,0.0
2012-02-26 10:39:00,1.34445,1.34445,1.34445,1.34445,0.0
2012-02-26 10:40:00,1.34445,1.34445,1.34445,1.34445,0.0
2012-02-26 10:41:00,1.34445,1.34445,1.34445,1.34445,0.0
2012-02-26 10:42:00,1.34445,1.34445,1.34445,1.34445,0.0
2012-02-26 10:43:00,1.34445,1.34445,1.34445,1.34445,0.0
2012-02-26 10:44:00,1.34445,1.34445,1.34445,1.34445,0.0
2012-02-26 10:45:00,1.34445,1.34445,1.34445,1.34445,0.0
2012-02-26 10:46:00,1.34445,1.34445,1.34445,1.34445,0.0
2012-02-26 10:47:00,1.34445,1.34445,1.34445,1.34445,0.0
2012-02-26 10:48:00,1.34445,1.34445,1.34445,1.34445,0.0
2012-02-26 10:49:00,1.34445,1.34445,1.34445,1.34445,0.0
2012-02-26 10:50:00,1.34445,1.34445,1.34445,1.34445,0.0
2012-02-26 10:51:00,1.34445,1.34445,1.34445,1.34445,0.0
2012-02-26 10:52:00,1.34445,1.34445,1.34445,1.34445,0.0
2012-02-26 10:53:00,1.34445,1.34445,1.34445,1.34445,0.0
2012-02-26 10:54:00,1.34445,1.34445,1.34445,1.34445,0.0
2012-02-26 10:55:00,1.34445,1.34445,1.34445,1.34445,0.0
2012-02-26 10:56:00,1.34445,1.34445,1.34445,1.34445,0.0
2012-02-26 10:57:00,1.34445,1.34445,1.34445,1.34445,0.0
2012-02-26 10:58:00,1.34445,1.34445,1.34445,1.34445,0.0
2012-02-26 10:59:00,1.34445,1.34445,1.34445,1.34445,0.0
2012-02-26 11:00:00,1.34445,1.34445,1.34445,1.34445,0.0
2012-02-26 11:01:00,1.34445,1.34445,1.34445,1.34445,0.0
2012-02-26 11:02:00,1.34445,1.34445,1.34445,1.34445,0.0
2012-02-26 11:03:00,1.34445,1.34445,1.34445,1.34445,0.0
2012-02-26 11:04:00,1.34445,1.34445,1.34445,1.34445,0.0
2012-02-26 11:05:00,1.34445,1.34445,1.34445,1.34445,0.0
2012-02-26 11:06:00,1.34445,1.34445,1.34445,1.34445,0.0
2012-02-26 11:07:00,1.34445,1.34445,1.34445,1.34445,0.0
2012-02-26 11:08:00,1.34445,1.34445,1.34445,1.34445,0.0
2012-02-26 11:09:00,1.34445,1.34445,1.34445,1.34445,0.0
2012-02-26 11:10:00,1.34445,1.34445,1.34445,1.34445,0.0
2012-02-26 11:11:00,1.34445,1.34445,1.34445,1.34445,0.0
2012-02-26 11:12:00,1.34445,1.34445,1.34445,1.34445,0.0
2012-02-26 11:13:00,1.34445,1.34445,1.34445,1.34445,0.0
2012-02-26 11:14:00,1.34445,1.34445,1.34445,1.34445,0.0
2012-02-26 11:15:00,1.34445,1.34445,1.34445,1.34445,0.0
2012-02-26 11:16:00,1.34445,1.34445,1.34445,1.34445,0.0
2012-02-26 11:17:00,1.34445,1.34445,1.34445,1.34445,0.0
2012-02-26 11:18:00,1.34445,1.34445,1.34445,1.34445,0.0
2012-02-26 11:19:00,1.34445,1.34445,1.34445,1.34445,0.0
2012-02-26 11:20:00,1.34445,1.34445,1.34445,1.34445,0.0
2012-02-26 11:21:00,1.34445,1.34445,1.34445,1.34445,0.0
2012-02-26 11:22:00,1.34445,1.34445,1.34445,1.34445,0.0
2012-02-26 11:23:00,1.34445,1.34445,1.34445,1.34445,0.0
2012-02-26 11:24:00,1.34445,1.34445,1.34445,1.34445,0.0
2012-02-26 11:25:00,1.34445,1.34445,1.34445,1.34445,0.0
2012-02-26 11:26:00,1.34445,1.34445,1.34445,1.34445,0.0
2012-02-26 11:27:00,1.34445,1.34445,1.34445,1.34445,0.0
2012-02-26 11:28:00,1.34445,1.34445,1.34445,1.34445,0.0
2012-02-26 11:29:00,1.34445,1.34445,1.34445,1.34445,0.0
2012-02-26 11:30:00,1.34445,1.34445,1.34445,1.34445,0.0
2012-02-26 11:31:00,1.34445,1.34445,1.34445,1.34445,0.0
2012-02-26 11:32:00,1.34445,1.34445,1.34445,1.34445,0.0
2012-02-26 11:33:00,1.34445,1.34445,1.34445,1.34445,0.0
2012-02-26 11:34:00,1.34445,1.34445,1.34445,1.34445,0.0
2012-02-26 11:35:00,1.34445,1.34445,1.34445,1.34445,0.0
2012-02-26 11:36:00,1.34445,1.34445,1.34445,1.34445,0.0
2012-02-26 11:37:00,1.34445,1.34445,1.34445,1.34445,0.0
2012-02-26 11:38:00,1.34445,1.34445,1.34445,1.34445,0.0
2012-02-26 11:39:00,1.34445,1.34445,1.34445,1.34445,0.0
2012-02-26 11:40:00,1.34445,1.34445,1.34445,1.34445,0.0
2012-02-26 11:41:00,1.34445,1.34445,1.34445,1.34445,0.0
2012-02-26 11:42:00,1.34445,1.34445,1.34445,1.34445,0.0
2012-02-26 11:43:00,1.34445,1.34445,1.34445,1.34445,0.0
2012-02-26 11:44:00,1.34445,1.34445,1.34445,1.34445,0.0
2012-02-26 11:45:00,1.34445,1.34445,1.34445,1.34445,0.0
2012-02-26 11:46:00,1.34445,1.34445,1.34445,1.34445,0.0
2012-02-26 11:47:00,1.34445,1.34445,1.34445,1.34445,0.0
2012-02-26 11:48:00,1.34445,1.34445,1.34445,1.34445,0.0
2012-02-26 11:49:00,1.34445,1.34445,1.34445,1.34445,0.0
2012-02-26 11:50:00,1.34445,1.34445,1.34445,1.34445,0.0
2012-02-26 11:51:00,1.34445,1.34445,1.34445,1.34445,0.0
2012-02-26 11:52:00,1.34445,1.34445,1.34445,1.34445,0.0
2012-02-26 11:53:00,1.34445,1.34445,1.34445,1.34445,0.0
2012-02-26 11:54:00,1.34445,1.34445,1.34445,1.34445,0.0
2012-02-26 11:55:00,1.34445,1.34445,1.34445,1.34445,0.0
2012-02-26 11:56:00,1.34445,1.34445,1.34445,1.34445,0.0
2012-02-26 11:57:00,1.34445,1.34445,1.34445,1.34445,0.0
2012-02-26 11:58:00,1.34445,1.34445,1.34445,1.34445,0.0
2012-02-26 11:59:00,1.34445,1.34445,1.34445,1.34445,0.0
2012-02-26 12:00:00,1.34445,1.34445,1.34445,1.34445,0.0
2012-02-26 12:01:00,1.34445,1.34445,1.34445,1.34445,0.0
2012-02-26 12:02:00,1.34445,1.34445,1.34445,1.34445,0.0
2012-02-26 12:03:00,1.34445,1.34445,1.34445,1.34445,0.0
2012-02-26 12:04:00,1.34445,1.34445,1.34445,1.34445,0.0
2012-02-26 12:05:00,1.34445,1.34445,1.34445,1.34445,0.0
2012-02-26 12:06:00,1.34445,1.34445,1.34445,1.34445,0.0
2012-02-26 12:07:00,1.34445,1.34445,1.34445,1.34445,0.0
2012-02-26 12:08:00,1.34445,1.34445,1.34445,1.34445,0.0
2012-02-26 12:09:00,1.34445,1.34445,1.34445,1.34445,0.0
2012-02-26 12:10:00,1.34445,1.34445,1.34445,1.34445,0.0
2012-02-26 12:11:00,1.34445,1.34445,1.34445,1.34445,0.0
2012-02-26 12:12:00,1.34445,1.34445,1.34445,1.34445,0.0
2012-02-26 12:13:00,1.34445,1.34445,1.34445,1.34445,0.0
2012-02-26 12:14:00,1.34445,1.34445,1.34445,1.34445,0.0
2012-02-26 12:15:00,1.34445,1.34445,1.34445,1.34445,0.0
2012-02-26 12:16:00,1.34445,1.34445,1.34445,1.34445,0.0
2012-02-26 12:17:00,1.34445,1.34445,1.34445,1.34445,0.0
2012-02-26 12:18:00,1.34445,1.34445,1.34445,1.34445,0.0
2012-02-26 12:19:00,1.34445,1.34445,1.34445,1.34445,0.0
2012-02-26 12:20:00,1.34445,1.34445,1.34445,1.34445,0.0
2012-02-26 12:21:00,1.34445,1.34445,1.34445,1.34445,0.0
2012-02-26 12:22:00,1.34445,1.34445,1.34445,1.34445,0.0
2012-02-26 12:23:00,1.34445,1.34445,1.34445,1.34445,0.0
2012-02-26 12:24:00,1.34445,1.34445,1.34445,1.34445,0.0
2012-02-26 12:25:00,1.34445,1.34445,1.34445,1.34445,0.0
2012-02-26 12:26:00,1.34445,1.34445,1.34445,1.34445,0.0
2012-02-26 12:27:00,1.34445,1.34445,1.34445,1.34445,0.0
2012-02-26 12:28:00,1.34445,1.34445,1.34445,1.34445,0.0
2012-02-26 12:29:00,1.34445,1.34445,1.34445,1.34445,0.0
2012-02-26 12:30:00,1.34445,1.34445,1.34445,1.34445,0.0
2012-02-26 12:31:00,1.34445,1.34445,1.34445,1.34445,0.0
2012-02-26 12:32:00,1.34445,1.34445,1.34445,1.34445,0.0
2012-02-26 12:33:00,1.34445,1.34445,1.34445,1.34445,0.0
2012-02-26 12:34:00,1.34445,1.34445,1.34445,1.34445,0.0
2012-02-26 12:35:00,1.34445,1.34445,1.34445,1.34445,0.0
2012-02-26 12:36:00,1.34445,1.34445,1.34445,1.34445,0.0
2012-02-26 12:37:00,1.34445,1.34445,1.34445,1.34445,0.0
2012-02-26 12:38:00,1.34445,1.34445,1.34445,1.34445,0.0
2012-02-26 12:39:00,1.34445,1.34445,1.34445,1.34445,0.0
2012-02-26 12:40:00,1.34445,1.34445,1.34445,1.34445,0.0
2012-02-26 12:41:00,1.34445,1.34445,1.34445,1.34445,0.0
2012-02-26 12:42:00,1.34445,1.34445,1.34445,1.34445,0.0
2012-02-26 12:43:00,1.34445,1.34445,1.34445,1.34445,0.0
2012-02-26 12:44:00,1.34445,1.34445,1.34445,1.34445,0.0
2012-02-26 12:45:00,1.34445,1.34445,1.34445,1.34445,0.0
2012-02-26 12:46:00,1.34445,1.34445,1.34445,1.34445,0.0
2012-02-26 12:47:00,1.34445,1.34445,1.34445,1.34445,0.0
2012-02-26 12:48:00,1.34445,1.34445,1.34445,1.34445,0.0
2012-02-26 12:49:00,1.34445,1.34445,1.34445,1.34445,0.0
2012-02-26 12:50:00,1.34445,1.34445,1.34445,1.34445,0.0
2012-02-26 12:51:00,1.34445,1.34445,1.34445,1.34445,0.0
2012-02-26 12:52:00,1.34445,1.34445,1.34445,1.34445,0.0
2012-02-26 12:53:00,1.34445,1.34445,1.34445,1.34445,0.0
2012-02-26 12:54:00,1.34445,1.34445,1.34445,1.34445,0.0
2012-02-26 12:55:00,1.34445,1.34445,1.34445,1.34445,0.0
2012-02-26 12:56:00,1.34445,1.34445,1.34445,1.34445,0.0
2012-02-26 12:57:00,1.34445,1.34445,1.34445,1.34445,0.0
2012-02-26 12:58:00,1.34445,1.34445,1.34445,1.34445,0.0
2012-02-26 12:59:00,1.34445,1.34445,1.34445,1.34445,0.0
2012-02-26 13:00:00,1.34445,1.34445,1.34445,1.34445,0.0
2012-02-26 13:01:00,1.34445,1.34445,1.34445,1.34445,0.0
2012-02-26 13:02:00,1.34445,1.34445,1.34445,1.34445,0.0
2012-02-26 13:03:00,1.34445,1.34445,1.34445,1.34445,0.0
2012-02-26 13:04:00,1.34445,1.34445,1.34445,1.34445,0.0
2012-02-26 13:05:00,1.34445,1.34445,1.34445,1.34445,0.0
2012-02-26 13:06:00,1.34445,1.34445,1.34445,1.34445,0.0
2012-02-26 13:07:00,1.34445,1.34445,1.34445,1.34445,0.0
2012-02-26 13:08:00,1.34445,1.34445,1.34445,1.34445,0.0
2012-02-26 13:09:00,1.34445,1.34445,1.34445,1.34445,0.0
2012-02-26 13:10:00,1.34445,1.34445,1.34445,1.34445,0.0
2012-02-26 13:11:00,1.34445,1.34445,1.34445,1.34445,0.0
2012-02-26 13:12:00,1.34445,1.34445,1.34445,1.34445,0.0
2012-02-26 13:13:00,1.34445,1.34445,1.34445,1.34445,0.0
2012-02-26 13:14:00,1.34445,1.34445,1.34445,1.34445,0.0
2012-02-26 13:15:00,1.34445,1.34445,1.34445,1.34445,0.0
2012-02-26 13:16:00,1.34445,1.34445,1.34445,1.34445,0.0
2012-02-26 13:17:00,1.34445,1.34445,1.34445,1.34445,0.0
2012-02-26 13:18:00,1.34445,1.34445,1.34445,1.34445,0.0
2012-02-26 13:19:00,1.34445,1.34445,1.34445,1.34445,0.0
2012-02-26 13:20:00,1.34445,1.34445,1.34445,1.34445,0.0
2012-02-26 13:21:00,1.34445,1.34445,1.34445,1.34445,0.0
2012-02-26 13:22:00,1.34445,1.34445,1.34445,1.34445,0.0
2012-02-26 13:23:00,1.34445,1.34445,1.34445,1.34445,0.0
2012-02-26 13:24:00,1.34445,1.34445,1.34445,1.34445,0.0
2012-02-26 13:25:00,1.34445,1.34445,1.34445,1.34445,0.0
2012-02-26 13:26:00,1.34445,1.34445,1.34445,1.34445,0.0
2012-02-26 13:27:00,1.34445,1.34445,1.34445,1.34445,0.0
2012-02-26 13:28:00,1.34445,1.34445,1.34445,1.34445,0.0
2012-02-26 13:29:00,1.34445,1.34445,1.34445,1.34445,0.0
2012-02-26 13:30:00,1.34445,1.34445,1.34445,1.34445,0.0
2012-02-26 13:31:00,1.34445,1.34445,1.34445,1.34445,0.0
2012-02-26 13:32:00,1.34445,1.34445,1.34445,1.34445,0.0
2012-02-26 13:33:00,1.34445,1.34445,1.34445,1.34445,0.0
2012-02-26 13:34:00,1.34445,1.34445,1.34445,1.34445,0.0
2012-02-26 13:35:00,1.34445,1.34445,1.34445,1.34445,0.0
2012-02-26 13:36:00,1.34445,1.34445,1.34445,1.34445,0.0
2012-02-26 13:37:00,1.34445,1.34445,1.34445,1.34445,0.0
2012-02-26 13:38:00,1.34445,1.34445,1.34445,1.34445,0.0
2012-02-26 13:39:00,1.34445,1.34445,1.34445,1.34445,0.0
2012-02-26 13:40:00,1.34445,1.34445,1.34445,1.34445,0.0
2012-02-26 13:41:00,1.34445,1.34445,1.34445,1.34445,0.0
2012-02-26 13:42:00,1.34445,1.34445,1.34445,1.34445,0.0
2012-02-26 13:43:00,1.34445,1.34445,1.34445,1.34445,0.0
2012-02-26 13:44:00,1.34445,1.34445,1.34445,1.34445,0.0
2012-02-26 13:45:00,1.34445,1.34445,1.34445,1.34445,0.0
2012-02-26 13:46:00,1.34445,1.34445,1.34445,1.34445,0.0
2012-02-26 13:47:00,1.34445,1.34445,1.34445,1.34445,0.0
2012-02-26 13:48:00,1.34445,1.34445,1.34445,1.34445,0.0
2012-02-26 13:49:00,1.34445,1.34445,1.34445,1.34445,0.0
2012-02-26 13:50:00,1.34445,1.34445,1.34445,1.34445,0.0
2012-02-26 13:51:00,1.34445,1.34445,1.34445,1.34445,0.0
2012-02-26 13:52:00,1.34445,1.34445,1.34445,1.34445,0.0
2012-02-26 13:53:00,1.34445,1.34445,1.34445,1.34445,0.0
2012-02-26 13:54:00,1.34445,1.34445,1.34445,1.34445,0.0
2012-02-26 13:55:00,1.34445,1.34445,1.34445,1.34445,0.0
2012-02-26 13:56:00,1.34445,1.34445,1.34445,1.34445,0.0
2012-02-26 13:57:00,1.34445,1.34445,1.34445,1.34445,0.0
2012-02-26 13:58:00,1.34445,1.34445,1.34445,1.34445,0.0
2012-02-26 13:59:00,1.34445,1.34445,1.34445,1.34445,0.0
2012-02-26 14:00:00,1.34445,1.34445,1.34445,1.34445,0.0
2012-02-26 14:01:00,1.34445,1.34445,1.34445,1.34445,0.0
2012-02-26 14:02:00,1.34445,1.34445,1.34445,1.34445,0.0
2012-02-26 14:03:00,1.34445,1.34445,1.34445,1.34445,0.0
2012-02-26 14:04:00,1.34445,1.34445,1.34445,1.34445,0.0
2012-02-26 14:05:00,1.34445,1.34445,1.34445,1.34445,0.0
2012-02-26 14:06:00,1.34445,1.34445,1.34445,1.34445,0.0
2012-02-26 14:07:00,1.34445,1.34445,1.34445,1.34445,0.0
2012-02-26 14:08:00,1.34445,1.34445,1.34445,1.34445,0.0
2012-02-26 14:09:00,1.34445,1.34445,1.34445,1.34445,0.0
2012-02-26 14:10:00,1.34445,1.34445,1.34445,1.34445,0.0
2012-02-26 14:11:00,1.34445,1.34445,1.34445,1.34445,0.0
2012-02-26 14:12:00,1.34445,1.34445,1.34445,1.34445,0.0
2012-02-26 14:13:00,1.34445,1.34445,1.34445,1.34445,0.0
2012-02-26 14:14:00,1.34445,1.34445,1.34445,1.34445,0.0
2012-02-26 14:15:00,1.34445,1.34445,1.34445,1.34445,0.0
2012-02-26 14:16:00,1.34445,1.34445,1.34445,1.34445,0.0
2012-02-26 14:17:00,1.34445,1.34445,1.34445,1.34445,0.0
2012-02-26 14:18:00,1.34445,1.34445,1.34445,1.34445,0.0
2012-02-26 14:19:00,1.34445,1.34445,1.34445,1.34445,0.0
2012-02-26 14:20:00,1.34445,1.34445,1.34445,1.34445,0.0
2012-02-26 14:21:00,1.34445,1.34445,1.34445,1.34445,0.0
2012-02-26 14:22:00,1.34445,1.34445,1.34445,1.34445,0.0
2012-02-26 14:23:00,1.34445,1.34445,1.34445,1.34445,0.0
2012-02-26 14:24:00,1.34445,1.34445,1.34445,1.34445,0.0
2012-02-26 14:25:00,1.34445,1.34445,1.34445,1.34445,0.0
2012-02-26 14:26:00,1.34445,1.34445,1.34445,1.34445,0.0
2012-02-26 14:27:00,1.34445,1.34445,1.34445,1.34445,0.0
2012-02-26 14:28:00,1.34445,1.34445,1.34445,1.34445,0.0
2012-02-26 14:29:00,1.34445,1.34445,1.34445,1.34445,0.0
2012-02-26 14:30:00,1.34445,1.34445,1.34445,1.34445,0.0
2012-02-26 14:31:00,1.34445,1.34445,1.34445,1.34445,0.0
2012-02-26 14:32:00,1.34445,1.34445,1.34445,1.34445,0.0
2012-02-26 14:33:00,1.34445,1.34445,1.34445,1.34445,0.0
2012-02-26 14:34:00,1.34445,1.34445,1.34445,1.34445,0.0
2012-02-26 14:35:00,1.34445,1.34445,1.34445,1.34445,0.0
2012-02-26 14:36:00,1.34445,1.34445,1.34445,1.34445,0.0
2012-02-26 14:37:00,1.34445,1.34445,1.34445,1.34445,0.0
2012-02-26 14:38:00,1.34445,1.34445,1.34445,1.34445,0.0
2012-02-26 14:39:00,1.34445,1.34445,1.34445,1.34445,0.0
2012-02-26 14:40:00,1.34445,1.34445,1.34445,1.34445,0.0
2012-02-26 14:41:00,1.34445,1.34445,1.34445,1.34445,0.0
2012-02-26 14:42:00,1.34445,1.34445,1.34445,1.34445,0.0
2012-02-26 14:43:00,1.34445,1.34445,1.34445,1.34445,0.0
2012-02-26 14:44:00,1.34445,1.34445,1.34445,1.34445,0.0
2012-02-26 14:45:00,1.34445,1.34445,1.34445,1.34445,0.0
2012-02-26 14:46:00,1.34445,1.34445,1.34445,1.34445,0.0
2012-02-26 14:47:00,1.34445,1.34445,1.34445,1.34445,0.0
2012-02-26 14:48:00,1.34445,1.34445,1.34445,1.34445,0.0
2012-02-26 14:49:00,1.34445,1.34445,1.34445,1.34445,0.0
2012-02-26 14:50:00,1.34445,1.34445,1.34445,1.34445,0.0
2012-02-26 14:51:00,1.34445,1.34445,1.34445,1.34445,0.0
2012-02-26 14:52:00,1.34445,1.34445,1.34445,1.34445,0.0
2012-02-26 14:53:00,1.34445,1.34445,1.34445,1.34445,0.0
2012-02-26 14:54:00,1.34445,1.34445,1.34445,1.34445,0.0
2012-02-26 14:55:00,1.34445,1.34445,1.34445,1.34445,0.0
2012-02-26 14:56:00,1.34445,1.34445,1.34445,1.34445,0.0
2012-02-26 14:57:00,1.34445,1.34445,1.34445,1.34445,0.0
2012-02-26 14:58:00,1.34445,1.34445,1.34445,1.34445,0.0
2012-02-26 14:59:00,1.34445,1.34445,1.34445,1.34445,0.0
2012-02-26 15:00:00,1.34445,1.34445,1.34445,1.34445,0.0
2012-02-26 15:01:00,1.34445,1.34445,1.34445,1.34445,0.0
2012-02-26 15:02:00,1.34445,1.34445,1.34445,1.34445,0.0
2012-02-26 15:03:00,1.34445,1.34445,1.34445,1.34445,0.0
2012-02-26 15:04:00,1.34445,1.34445,1.34445,1.34445,0.0
2012-02-26 15:05:00,1.34445,1.34445,1.34445,1.34445,0.0
2012-02-26 15:06:00,1.34445,1.34445,1.34445,1.34445,0.0
2012-02-26 15:07:00,1.34445,1.34445,1.34445,1.34445,0.0
2012-02-26 15:08:00,1.34445,1.34445,1.34445,1.34445,0.0
2012-02-26 15:09:00,1.34445,1.34445,1.34445,1.34445,0.0
2012-02-26 15:10:00,1.34445,1.34445,1.34445,1.34445,0.0
2012-02-26 15:11:00,1.34445,1.34445,1.34445,1.34445,0.0
2012-02-26 15:12:00,1.34445,1.34445,1.34445,1.34445,0.0
2012-02-26 15:13:00,1.34445,1.34445,1.34445,1.34445,0.0
2012-02-26 15:14:00,1.34445,1.34445,1.34445,1.34445,0.0
2012-02-26 15:15:00,1.34445,1.34445,1.34445,1.34445,0.0
2012-02-26 15:16:00,1.34445,1.34445,1.34445,1.34445,0.0
2012-02-26 15:17:00,1.34445,1.34445,1.34445,1.34445,0.0
2012-02-26 15:18:00,1.34445,1.34445,1.34445,1.34445,0.0
2012-02-26 15:19:00,1.34445,1.34445,1.34445,1.34445,0.0
2012-02-26 15:20:00,1.34445,1.34445,1.34445,1.34445,0.0
2012-02-26 15:21:00,1.34445,1.34445,1.34445,1.34445,0.0
2012-02-26 15:22:00,1.34445,1.34445,1.34445,1.34445,0.0
2012-02-26 15:23:00,1.34445,1.34445,1.34445,1.34445,0.0
2012-02-26 15:24:00,1.34445,1.34445,1.34445,1.34445,0.0
2012-02-26 15:25:00,1.34445,1.34445,1.34445,1.34445,0.0
2012-02-26 15:26:00,1.34445,1.34445,1.34445,1.34445,0.0
2012-02-26 15:27:00,1.34445,1.34445,1.34445,1.34445,0.0
2012-02-26 15:28:00,1.34445,1.34445,1.34445,1.34445,0.0
2012-02-26 15:29:00,1.34445,1.34445,1.34445,1.34445,0.0
2012-02-26 15:30:00,1.34445,1.34445,1.34445,1.34445,0.0
2012-02-26 15:31:00,1.34445,1.34445,1.34445,1.34445,0.0
2012-02-26 15:32:00,1.34445,1.34445,1.34445,1.34445,0.0
2012-02-26 15:33:00,1.34445,1.34445,1.34445,1.34445,0.0
2012-02-26 15:34:00,1.34445,1.34445,1.34445,1.34445,0.0
2012-02-26 15:35:00,1.34445,1.34445,1.34445,1.34445,0.0
2012-02-26 15:36:00,1.34445,1.34445,1.34445,1.34445,0.0
2012-02-26 15:37:00,1.34445,1.34445,1.34445,1.34445,0.0
2012-02-26 15:38:00,1.34445,1.34445,1.34445,1.34445,0.0
2012-02-26 15:39:00,1.34445,1.34445,1.34445,1.34445,0.0
2012-02-26 15:40:00,1.34445,1.34445,1.34445,1.34445,0.0
2012-02-26 15:41:00,1.34445,1.34445,1.34445,1.34445,0.0
2012-02-26 15:42:00,1.34445,1.34445,1.34445,1.34445,0.0
2012-02-26 15:43:00,1.34445,1.34445,1.34445,1.34445,0.0
2012-02-26 15:44:00,1.34445,1.34445,1.34445,1.34445,0.0
2012-02-26 15:45:00,1.34445,1.34445,1.34445,1.34445,0.0
2012-02-26 15:46:00,1.34445,1.34445,1.34445,1.34445,0.0
2012-02-26 15:47:00,1.34445,1.34445,1.34445,1.34445,0.0
2012-02-26 15:48:00,1.34445,1.34445,1.34445,1.34445,0.0
2012-02-26 15:49:00,1.34445,1.34445,1.34445,1.34445,0.0
2012-02-26 15:50:00,1.34445,1.34445,1.34445,1.34445,0.0
2012-02-26 15:51:00,1.34445,1.34445,1.34445,1.34445,0.0
2012-02-26 15:52:00,1.34445,1.34445,1.34445,1.34445,0.0
2012-02-26 15:53:00,1.34445,1.34445,1.34445,1.34445,0.0
2012-02-26 15:54:00,1.34445,1.34445,1.34445,1.34445,0.0
2012-02-26 15:55:00,1.34445,1.34445,1.34445,1.34445,0.0
2012-02-26 15:56:00,1.34445,1.34445,1.34445,1.34445,0.0
2012-02-26 15:57:00,1.34445,1.34445,1.34445,1.34445,0.0
2012-02-26 15:58:00,1.34445,1.34445,1.34445,1.34445,0.0
2012-02-26 15:59:00,1.34445,1.34445,1.34445,1.34445,0.0
2012-02-26 16:00:00,1.34445,1.34445,1.34445,1.34445,0.0
2012-02-26 16:01:00,1.34445,1.34445,1.34445,1.34445,0.0
2012-02-26 16:02:00,1.34445,1.34445,1.34445,1.34445,0.0
2012-02-26 16:03:00,1.34445,1.34445,1.34445,1.34445,0.0
2012-02-26 16:04:00,1.34445,1.34445,1.34445,1.34445,0.0
2012-02-26 16:05:00,1.34445,1.34445,1.34445,1.34445,0.0
2012-02-26 16:06:00,1.34445,1.34445,1.34445,1.34445,0.0
2012-02-26 16:07:00,1.34445,1.34445,1.34445,1.34445,0.0
2012-02-26 16:08:00,1.34445,1.34445,1.34445,1.34445,0.0
2012-02-26 16:09:00,1.34445,1.34445,1.34445,1.34445,0.0
2012-02-26 16:10:00,1.34445,1.34445,1.34445,1.34445,0.0
2012-02-26 16:11:00,1.34445,1.34445,1.34445,1.34445,0.0
2012-02-26 16:12:00,1.34445,1.34445,1.34445,1.34445,0.0
2012-02-26 16:13:00,1.34445,1.34445,1.34445,1.34445,0.0
2012-02-26 16:14:00,1.34445,1.34445,1.34445,1.34445,0.0
2012-02-26 16:15:00,1.34445,1.34445,1.34445,1.34445,0.0
2012-02-26 16:16:00,1.34445,1.34445,1.34445,1.34445,0.0
2012-02-26 16:17:00,1.34445,1.34445,1.34445,1.34445,0.0
2012-02-26 16:18:00,1.34445,1.34445,1.34445,1.34445,0.0
2012-02-26 16:19:00,1.34445,1.34445,1.34445,1.34445,0.0
2012-02-26 16:20:00,1.34445,1.34445,1.34445,1.34445,0.0
2012-02-26 16:21:00,1.34445,1.34445,1.34445,1.34445,0.0
2012-02-26 16:22:00,1.34445,1.34445,1.34445,1.34445,0.0
2012-02-26 16:23:00,1.34445,1.34445,1.34445,1.34445,0.0
2012-02-26 16:24:00,1.34445,1.34445,1.34445,1.34445,0.0
2012-02-26 16:25:00,1.34445,1.34445,1.34445,1.34445,0.0
2012-02-26 16:26:00,1.34445,1.34445,1.34445,1.34445,0.0
2012-02-26 16:27:00,1.34445,1.34445,1.34445,1.34445,0.0
2012-02-26 16:28:00,1.34445,1.34445,1.34445,1.34445,0.0
2012-02-26 16:29:00,1.34445,1.34445,1.34445,1.34445,0.0
2012-02-26 16:30:00,1.34445,1.34445,1.34445,1.34445,0.0
2012-02-26 16:31:00,1.34445,1.34445,1.34445,1.34445,0.0
2012-02-26 16:32:00,1.34445,1.34445,1.34445,1.34445,0.0
2012-02-26 16:33:00,1.34445,1.34445,1.34445,1.34445,0.0
2012-02-26 16:34:00,1.34445,1.34445,1.34445,1.34445,0.0
2012-02-26 16:35:00,1.34445,1.34445,1.34445,1.34445,0.0
2012-02-26 16:36:00,1.34445,1.34445,1.34445,1.34445,0.0
2012-02-26 16:37:00,1.34445,1.34445,1.34445,1.34445,0.0
2012-02-26 16:38:00,1.34445,1.34445,1.34445,1.34445,0.0
2012-02-26 16:39:00,1.34445,1.34445,1.34445,1.34445,0.0
2012-02-26 16:40:00,1.34445,1.34445,1.34445,1.34445,0.0
2012-02-26 16:41:00,1.34445,1.34445,1.34445,1.34445,0.0
2012-02-26 16:42:00,1.34445,1.34445,1.34445,1.34445,0.0
2012-02-26 16:43:00,1.34445,1.34445,1.34445,1.34445,0.0
2012-02-26 16:44:00,1.34445,1.34445,1.34445,1.34445,0.0
2012-02-26 16:45:00,1.34445,1.34445,1.34445,1.34445,0.0
2012-02-26 16:46:00,1.34445,1.34445,1.34445,1.34445,0.0
2012-02-26 16:47:00,1.34445,1.34445,1.34445,1.34445,0.0
2012-02-26 16:48:00,1.34445,1.34445,1.34445,1.34445,0.0
2012-02-26 16:49:00,1.34445,1.34445,1.34445,1.34445,0.0
2012-02-26 16:50:00,1.34445,1.34445,1.34445,1.34445,0.0
2012-02-26 16:51:00,1.34445,1.34445,1.34445,1.34445,0.0
2012-02-26 16:52:00,1.34445,1.34445,1.34445,1.34445,0.0
2012-02-26 16:53:00,1.34445,1.34445,1.34445,1.34445,0.0
2012-02-26 16:54:00,1.34445,1.34445,1.34445,1.34445,0.0
2012-02-26 16:55:00,1.34445,1.34445,1.34445,1.34445,0.0
2012-02-26 16:56:00,1.34445,1.34445,1.34445,1.34445,0.0
2012-02-26 16:57:00,1.34445,1.34445,1.34445,1.34445,0.0
2012-02-26 16:58:00,1.34445,1.34445,1.34445,1.34445,0.0
2012-02-26 16:59:00,1.34445,1.34445,1.34445,1.34445,0.0
2012-02-26 17:00:00,1.34445,1.34445,1.34445,1.34445,0.0
2012-02-26 17:01:00,1.34445,1.34445,1.34445,1.34445,0.0
2012-02-26 17:02:00,1.34445,1.34445,1.34445,1.34445,0.0
2012-02-26 17:03:00,1.34445,1.34445,1.34445,1.34445,0.0
2012-02-26 17:04:00,1.34445,1.34445,1.34445,1.34445,0.0
2012-02-26 17:05:00,1.34445,1.34445,1.34445,1.34445,0.0
2012-02-26 17:06:00,1.34445,1.34445,1.34445,1.34445,0.0
2012-02-26 17:07:00,1.34445,1.34445,1.34445,1.34445,0.0
2012-02-26 17:08:00,1.34445,1.34445,1.34445,1.34445,0.0
2012-02-26 17:09:00,1.34445,1.34445,1.34445,1.34445,0.0
2012-02-26 17:10:00,1.34445,1.34445,1.34445,1.34445,0.0
2012-02-26 17:11:00,1.34445,1.34445,1.34445,1.34445,0.0
2012-02-26 17:12:00,1.34445,1.34445,1.34445,1.34445,0.0
2012-02-26 17:13:00,1.34445,1.34445,1.34445,1.34445,0.0
2012-02-26 17:14:00,1.34445,1.34445,1.34445,1.34445,0.0
2012-02-26 17:15:00,1.34445,1.34445,1.34445,1.34445,0.0
2012-02-26 17:16:00,1.34445,1.34445,1.34445,1.34445,0.0
2012-02-26 17:17:00,1.34445,1.34445,1.34445,1.34445,0.0
2012-02-26 17:18:00,1.34445,1.34445,1.34445,1.34445,0.0
2012-02-26 17:19:00,1.34445,1.34445,1.34445,1.34445,0.0
2012-02-26 17:20:00,1.34445,1.34445,1.34445,1.34445,0.0
2012-02-26 17:21:00,1.34445,1.34445,1.34445,1.34445,0.0
2012-02-26 17:22:00,1.34445,1.34445,1.34445,1.34445,0.0
2012-02-26 17:23:00,1.34445,1.34445,1.34445,1.34445,0.0
2012-02-26 17:24:00,1.34445,1.34445,1.34445,1.34445,0.0
2012-02-26 17:25:00,1.34445,1.34445,1.34445,1.34445,0.0
2012-02-26 17:26:00,1.34445,1.34445,1.34445,1.34445,0.0
2012-02-26 17:27:00,1.34445,1.34445,1.34445,1.34445,0.0
2012-02-26 17:28:00,1.34445,1.34445,1.34445,1.34445,0.0
2012-02-26 17:29:00,1.34445,1.34445,1.34445,1.34445,0.0
2012-02-26 17:30:00,1.34445,1.34445,1.34445,1.34445,0.0
2012-02-26 17:31:00,1.34445,1.34445,1.34445,1.34445,0.0
2012-02-26 17:32:00,1.34445,1.34445,1.34445,1.34445,0.0
2012-02-26 17:33:00,1.34445,1.34445,1.34445,1.34445,0.0
2012-02-26 17:34:00,1.34445,1.34445,1.34445,1.34445,0.0
2012-02-26 17:35:00,1.34445,1.34445,1.34445,1.34445,0.0
2012-02-26 17:36:00,1.34445,1.34445,1.34445,1.34445,0.0
2012-02-26 17:37:00,1.34445,1.34445,1.34445,1.34445,0.0
2012-02-26 17:38:00,1.34445,1.34445,1.34445,1.34445,0.0
2012-02-26 17:39:00,1.34445,1.34445,1.34445,1.34445,0.0
2012-02-26 17:40:00,1.34445,1.34445,1.34445,1.34445,0.0
2012-02-26 17:41:00,1.34445,1.34445,1.34445,1.34445,0.0
2012-02-26 17:42:00,1.34445,1.34445,1.34445,1.34445,0.0
2012-02-26 17:43:00,1.34445,1.34445,1.34445,1.34445,0.0
2012-02-26 17:44:00,1.34445,1.34445,1.34445,1.34445,0.0
2012-02-26 17:45:00,1.34445,1.34445,1.34445,1.34445,0.0
2012-02-26 17:46:00,1.34445,1.34445,1.34445,1.34445,0.0
2012-02-26 17:47:00,1.34445,1.34445,1.34445,1.34445,0.0
2012-02-26 17:48:00,1.34445,1.34445,1.34445,1.34445,0.0
2012-02-26 17:49:00,1.34445,1.34445,1.34445,1.34445,0.0
2012-02-26 17:50:00,1.34445,1.34445,1.34445,1.34445,0.0
2012-02-26 17:51:00,1.34445,1.34445,1.34445,1.34445,0.0
2012-02-26 17:52:00,1.34445,1.34445,1.34445,1.34445,0.0
2012-02-26 17:53:00,1.34445,1.34445,1.34445,1.34445,0.0
2012-02-26 17:54:00,1.34445,1.34445,1.34445,1.34445,0.0
2012-02-26 17:55:00,1.34445,1.34445,1.34445,1.34445,0.0
2012-02-26 17:56:00,1.34445,1.34445,1.34445,1.34445,0.0
2012-02-26 17:57:00,1.34445,1.34445,1.34445,1.34445,0.0
2012-02-26 17:58:00,1.34445,1.34445,1.34445,1.34445,0.0
2012-02-26 17:59:00,1.34445,1.34445,1.34445,1.34445,0.0
2012-02-26 18:00:00,1.34445,1.34445,1.34445,1.34445,0.0
2012-02-26 18:01:00,1.34445,1.34445,1.34445,1.34445,0.0
2012-02-26 18:02:00,1.34445,1.34445,1.34445,1.34445,0.0
2012-02-26 18:03:00,1.34445,1.34445,1.34445,1.34445,0.0
2012-02-26 18:04:00,1.34445,1.34445,1.34445,1.34445,0.0
2012-02-26 18:05:00,1.34445,1.34445,1.34445,1.34445,0.0
2012-02-26 18:06:00,1.34445,1.34445,1.34445,1.34445,0.0
2012-02-26 18:07:00,1.34445,1.34445,1.34445,1.34445,0.0
2012-02-26 18:08:00,1.34445,1.34445,1.34445,1.34445,0.0
2012-02-26 18:09:00,1.34445,1.34445,1.34445,1.34445,0.0
2012-02-26 18:10:00,1.34445,1.34445,1.34445,1.34445,0.0
2012-02-26 18:11:00,1.34445,1.34445,1.34445,1.34445,0.0
2012-02-26 18:12:00,1.34445,1.34445,1.34445,1.34445,0.0
2012-02-26 18:13:00,1.34445,1.34445,1.34445,1.34445,0.0
2012-02-26 18:14:00,1.34445,1.34445,1.34445,1.34445,0.0
2012-02-26 18:15:00,1.34445,1.34445,1.34445,1.34445,0.0
2012-02-26 18:16:00,1.34445,1.34445,1.34445,1.34445,0.0
2012-02-26 18:17:00,1.34445,1.34445,1.34445,1.34445,0.0
2012-02-26 18:18:00,1.34445,1.34445,1.34445,1.34445,0.0
2012-02-26 18:19:00,1.34445,1.34445,1.34445,1.34445,0.0
2012-02-26 18:20:00,1.34445,1.34445,1.34445,1.34445,0.0
2012-02-26 18:21:00,1.34445,1.34445,1.34445,1.34445,0.0
2012-02-26 18:22:00,1.34445,1.34445,1.34445,1.34445,0.0
2012-02-26 18:23:00,1.34445,1.34445,1.34445,1.34445,0.0
2012-02-26 18:24:00,1.34445,1.34445,1.34445,1.34445,0.0
2012-02-26 18:25:00,1.34445,1.34445,1.34445,1.34445,0.0
2012-02-26 18:26:00,1.34445,1.34445,1.34445,1.34445,0.0
2012-02-26 18:27:00,1.34445,1.34445,1.34445,1.34445,0.0
2012-02-26 18:28:00,1.34445,1.34445,1.34445,1.34445,0.0
2012-02-26 18:29:00,1.34445,1.34445,1.34445,1.34445,0.0
2012-02-26 18:30:00,1.34445,1.34445,1.34445,1.34445,0.0
2012-02-26 18:31:00,1.34445,1.34445,1.34445,1.34445,0.0
2012-02-26 18:32:00,1.34445,1.34445,1.34445,1.34445,0.0
2012-02-26 18:33:00,1.34445,1.34445,1.34445,1.34445,0.0
2012-02-26 18:34:00,1.34445,1.34445,1.34445,1.34445,0.0
2012-02-26 18:35:00,1.34445,1.34445,1.34445,1.34445,0.0
2012-02-26 18:36:00,1.34445,1.34445,1.34445,1.34445,0.0
2012-02-26 18:37:00,1.34445,1.34445,1.34445,1.34445,0.0
2012-02-26 18:38:00,1.34445,1.34445,1.34445,1.34445,0.0
2012-02-26 18:39:00,1.34445,1.34445,1.34445,1.34445,0.0
2012-02-26 18:40:00,1.34445,1.34445,1.34445,1.34445,0.0
2012-02-26 18:41:00,1.34445,1.34445,1.34445,1.34445,0.0
2012-02-26 18:42:00,1.34445,1.34445,1.34445,1.34445,0.0
2012-02-26 18:43:00,1.34445,1.34445,1.34445,1.34445,0.0
2012-02-26 18:44:00,1.34445,1.34445,1.34445,1.34445,0.0
2012-02-26 18:45:00,1.34445,1.34445,1.34445,1.34445,0.0
2012-02-26 18:46:00,1.34445,1.34445,1.34445,1.34445,0.0
2012-02-26 18:47:00,1.34445,1.34445,1.34445,1.34445,0.0
2012-02-26 18:48:00,1.34445,1.34445,1.34445,1.34445,0.0
2012-02-26 18:49:00,1.34445,1.34445,1.34445,1.34445,0.0
2012-02-26 18:50:00,1.34445,1.34445,1.34445,1.34445,0.0
2012-02-26 18:51:00,1.34445,1.34445,1.34445,1.34445,0.0
2012-02-26 18:52:00,1.34445,1.34445,1.34445,1.34445,0.0
2012-02-26 18:53:00,1.34445,1.34445,1.34445,1.34445,0.0
2012-02-26 18:54:00,1.34445,1.34445,1.34445,1.34445,0.0
2012-02-26 18:55:00,1.34445,1.34445,1.34445,1.34445,0.0
2012-02-26 18:56:00,1.34445,1.34445,1.34445,1.34445,0.0
2012-02-26 18:57:00,1.34445,1.34445,1.34445,1.34445,0.0
2012-02-26 18:58:00,1.34445,1.34445,1.34445,1.34445,0.0
2012-02-26 18:59:00,1.34445,1.34445,1.34445,1.34445,0.0
2012-02-26 19:00:00,1.34445,1.34445,1.34445,1.34445,0.0
2012-02-26 19:01:00,1.34445,1.34445,1.34445,1.34445,0.0
2012-02-26 19:02:00,1.34445,1.34445,1.34445,1.34445,0.0
2012-02-26 19:03:00,1.34445,1.34445,1.34445,1.34445,0.0
2012-02-26 19:04:00,1.34445,1.34445,1.34445,1.34445,0.0
2012-02-26 19:05:00,1.34445,1.34445,1.34445,1.34445,0.0
2012-02-26 19:06:00,1.34445,1.34445,1.34445,1.34445,0.0
2012-02-26 19:07:00,1.34445,1.34445,1.34445,1.34445,0.0
2012-02-26 19:08:00,1.34445,1.34445,1.34445,1.34445,0.0
2012-02-26 19:09:00,1.34445,1.34445,1.34445,1.34445,0.0
2012-02-26 19:10:00,1.34445,1.34445,1.34445,1.34445,0.0
2012-02-26 19:11:00,1.34445,1.34445,1.34445,1.34445,0.0
2012-02-26 19:12:00,1.34445,1.34445,1.34445,1.34445,0.0
2012-02-26 19:13:00,1.34445,1.34445,1.34445,1.34445,0.0
2012-02-26 19:14:00,1.34445,1.34445,1.34445,1.34445,0.0
2012-02-26 19:15:00,1.34445,1.34445,1.34445,1.34445,0.0
2012-02-26 19:16:00,1.34445,1.34445,1.34445,1.34445,0.0
2012-02-26 19:17:00,1.34445,1.34445,1.34445,1.34445,0.0
2012-02-26 19:18:00,1.34445,1.34445,1.34445,1.34445,0.0
2012-02-26 19:19:00,1.34445,1.34445,1.34445,1.34445,0.0
2012-02-26 19:20:00,1.34445,1.34445,1.34445,1.34445,0.0
2012-02-26 19:21:00,1.34445,1.34445,1.34445,1.34445,0.0
2012-02-26 19:22:00,1.34445,1.34445,1.34445,1.34445,0.0
2012-02-26 19:23:00,1.34445,1.34445,1.34445,1.34445,0.0
2012-02-26 19:24:00,1.34445,1.34445,1.34445,1.34445,0.0
2012-02-26 19:25:00,1.34445,1.34445,1.34445,1.34445,0.0
2012-02-26 19:26:00,1.34445,1.34445,1.34445,1.34445,0.0
2012-02-26 19:27:00,1.34445,1.34445,1.34445,1.34445,0.0
2012-02-26 19:28:00,1.34445,1.34445,1.34445,1.34445,0.0
2012-02-26 19:29:00,1.34445,1.34445,1.34445,1.34445,0.0
2012-02-26 19:30:00,1.34445,1.34445,1.34445,1.34445,0.0
2012-02-26 19:31:00,1.34445,1.34445,1.34445,1.34445,0.0
2012-02-26 19:32:00,1.34445,1.34445,1.34445,1.34445,0.0
2012-02-26 19:33:00,1.34445,1.34445,1.34445,1.34445,0.0
2012-02-26 19:34:00,1.34445,1.34445,1.34445,1.34445,0.0
2012-02-26 19:35:00,1.34445,1.34445,1.34445,1.34445,0.0
2012-02-26 19:36:00,1.34445,1.34445,1.34445,1.34445,0.0
2012-02-26 19:37:00,1.34445,1.34445,1.34445,1.34445,0.0
2012-02-26 19:38:00,1.34445,1.34445,1.34445,1.34445,0.0
2012-02-26 19:39:00,1.34445,1.34445,1.34445,1.34445,0.0
2012-02-26 19:40:00,1.34445,1.34445,1.34445,1.34445,0.0
2012-02-26 19:41:00,1.34445,1.34445,1.34445,1.34445,0.0
2012-02-26 19:42:00,1.34445,1.34445,1.34445,1.34445,0.0
2012-02-26 19:43:00,1.34445,1.34445,1.34445,1.34445,0.0
2012-02-26 19:44:00,1.34445,1.34445,1.34445,1.34445,0.0
2012-02-26 19:45:00,1.34445,1.34445,1.34445,1.34445,0.0
2012-02-26 19:46:00,1.34445,1.34445,1.34445,1.34445,0.0
2012-02-26 19:47:00,1.34445,1.34445,1.34445,1.34445,0.0
2012-02-26 19:48:00,1.34445,1.34445,1.34445,1.34445,0.0
2012-02-26 19:49:00,1.34445,1.34445,1.34445,1.34445,0.0
2012-02-26 19:50:00,1.34445,1.34445,1.34445,1.34445,0.0
2012-02-26 19:51:00,1.34445,1.34445,1.34445,1.34445,0.0
2012-02-26 19:52:00,1.34445,1.34445,1.34445,1.34445,0.0
2012-02-26 19:53:00,1.34445,1.34445,1.34445,1.34445,0.0
2012-02-26 19:54:00,1.34445,1.34445,1.34445,1.34445,0.0
2012-02-26 19:55:00,1.34445,1.34445,1.34445,1.34445,0.0
2012-02-26 19:56:00,1.34445,1.34445,1.34445,1.34445,0.0
2012-02-26 19:57:00,1.34445,1.34445,1.34445,1.34445,0.0
2012-02-26 19:58:00,1.34445,1.34445,1.34445,1.34445,0.0
2012-02-26 19:59:00,1.34445,1.34445,1.34445,1.34445,0.0
2012-02-26 20:00:00,1.34445,1.34445,1.34445,1.34445,0.0
2012-02-26 20:01:00,1.34445,1.34445,1.34445,1.34445,0.0
2012-02-26 20:02:00,1.34445,1.34445,1.34445,1.34445,0.0
2012-02-26 20:03:00,1.34445,1.34445,1.34445,1.34445,0.0
2012-02-26 20:04:00,1.34445,1.34445,1.34445,1.34445,0.0
2012-02-26 20:05:00,1.34445,1.34445,1.34445,1.34445,0.0
2012-02-26 20:06:00,1.34445,1.34445,1.34445,1.34445,0.0
2012-02-26 20:07:00,1.34445,1.34445,1.34445,1.34445,0.0
2012-02-26 20:08:00,1.34445,1.34445,1.34445,1.34445,0.0
2012-02-26 20:09:00,1.34445,1.34445,1.34445,1.34445,0.0
2012-02-26 20:10:00,1.34445,1.34445,1.34445,1.34445,0.0
2012-02-26 20:11:00,1.34445,1.34445,1.34445,1.34445,0.0
2012-02-26 20:12:00,1.34445,1.34445,1.34445,1.34445,0.0
2012-02-26 20:13:00,1.34445,1.34445,1.34445,1.34445,0.0
2012-02-26 20:14:00,1.34445,1.34445,1.34445,1.34445,0.0
2012-02-26 20:15:00,1.34445,1.34445,1.34445,1.34445,0.0
2012-02-26 20:16:00,1.34445,1.34445,1.34445,1.34445,0.0
2012-02-26 20:17:00,1.34445,1.34445,1.34445,1.34445,0.0
2012-02-26 20:18:00,1.34445,1.34445,1.34445,1.34445,0.0
2012-02-26 20:19:00,1.34445,1.34445,1.34445,1.34445,0.0
2012-02-26 20:20:00,1.34445,1.34445,1.34445,1.34445,0.0
2012-02-26 20:21:00,1.34445,1.34445,1.34445,1.34445,0.0
2012-02-26 20:22:00,1.34445,1.34445,1.34445,1.34445,0.0
2012-02-26 20:23:00,1.34445,1.34445,1.34445,1.34445,0.0
2012-02-26 20:24:00,1.34445,1.34445,1.34445,1.34445,0.0
2012-02-26 20:25:00,1.34445,1.34445,1.34445,1.34445,0.0
2012-02-26 20:26:00,1.34445,1.34445,1.34445,1.34445,0.0
2012-02-26 20:27:00,1.34445,1.34445,1.34445,1.34445,0.0
2012-02-26 20:28:00,1.34445,1.34445,1.34445,1.34445,0.0
2012-02-26 20:29:00,1.34445,1.34445,1.34445,1.34445,0.0
2012-02-26 20:30:00,1.34445,1.34445,1.34445,1.34445,0.0
2012-02-26 20:31:00,1.34445,1.34445,1.34445,1.34445,0.0
2012-02-26 20:32:00,1.34445,1.34445,1.34445,1.34445,0.0
2012-02-26 20:33:00,1.34445,1.34445,1.34445,1.34445,0.0
2012-02-26 20:34:00,1.34445,1.34445,1.34445,1.34445,0.0
2012-02-26 20:35:00,1.34445,1.34445,1.34445,1.34445,0.0
2012-02-26 20:36:00,1.34445,1.34445,1.34445,1.34445,0.0
2012-02-26 20:37:00,1.34445,1.34445,1.34445,1.34445,0.0
2012-02-26 20:38:00,1.34445,1.34445,1.34445,1.34445,0.0
2012-02-26 20:39:00,1.34445,1.34445,1.34445,1.34445,0.0
2012-02-26 20:40:00,1.34445,1.34445,1.34445,1.34445,0.0
2012-02-26 20:41:00,1.34445,1.34445,1.34445,1.34445,0.0
2012-02-26 20:42:00,1.34445,1.34445,1.34445,1.34445,0.0
2012-02-26 20:43:00,1.34445,1.34445,1.34445,1.34445,0.0
2012-02-26 20:44:00,1.34445,1.34445,1.34445,1.34445,0.0
2012-02-26 20:45:00,1.34445,1.34445,1.34445,1.34445,0.0
2012-02-26 20:46:00,1.34445,1.34445,1.34445,1.34445,0.0
2012-02-26 20:47:00,1.34445,1.34445,1.34445,1.34445,0.0
2012-02-26 20:48:00,1.34445,1.34445,1.34445,1.34445,0.0
2012-02-26 20:49:00,1.34445,1.34445,1.34445,1.34445,0.0
2012-02-26 20:50:00,1.34445,1.34445,1.34445,1.34445,0.0
2012-02-26 20:51:00,1.34445,1.34445,1.34445,1.34445,0.0
2012-02-26 20:52:00,1.34445,1.34445,1.34445,1.34445,0.0
2012-02-26 20:53:00,1.34445,1.34445,1.34445,1.34445,0.0
2012-02-26 20:54:00,1.34445,1.34445,1.34445,1.34445,0.0
2012-02-26 20:55:00,1.34445,1.34445,1.34445,1.34445,0.0
2012-02-26 20:56:00,1.34445,1.34445,1.34445,1.34445,0.0
2012-02-26 20:57:00,1.34445,1.34445,1.34445,1.34445,0.0
2012-02-26 20:58:00,1.34445,1.34445,1.34445,1.34445,0.0
2012-02-26 20:59:00,1.34445,1.34445,1.34445,1.34445,0.0
2012-02-26 21:00:00,1.34445,1.34445,1.34445,1.34445,0.0
2012-02-26 21:01:00,1.34445,1.34445,1.34445,1.34445,0.0
2012-02-26 21:02:00,1.34445,1.34445,1.34445,1.34445,0.0
2012-02-26 21:03:00,1.34445,1.34445,1.34445,1.34445,0.0
2012-02-26 21:04:00,1.34445,1.34445,1.34445,1.34445,0.0
2012-02-26 21:05:00,1.34445,1.34445,1.34445,1.34445,0.0
2012-02-26 21:06:00,1.34445,1.34445,1.34445,1.34445,0.0
2012-02-26 21:07:00,1.34445,1.34445,1.34445,1.34445,0.0
2012-02-26 21:08:00,1.34445,1.34445,1.34445,1.34445,0.0
2012-02-26 21:09:00,1.34445,1.34445,1.34445,1.34445,0.0
2012-02-26 21:10:00,1.34445,1.34445,1.34445,1.34445,0.0
2012-02-26 21:11:00,1.34445,1.34445,1.34445,1.34445,0.0
2012-02-26 21:12:00,1.34445,1.34445,1.34445,1.34445,0.0
2012-02-26 21:13:00,1.34445,1.34445,1.34445,1.34445,0.0
2012-02-26 21:14:00,1.34445,1.34445,1.34445,1.34445,0.0
2012-02-26 21:15:00,1.34445,1.34445,1.34445,1.34445,0.0
2012-02-26 21:16:00,1.34445,1.34445,1.34445,1.34445,0.0
2012-02-26 21:17:00,1.34445,1.34445,1.34445,1.34445,0.0
2012-02-26 21:18:00,1.34445,1.34445,1.34445,1.34445,0.0
2012-02-26 21:19:00,1.34445,1.34445,1.34445,1.34445,0.0
2012-02-26 21:20:00,1.34445,1.34445,1.34445,1.34445,0.0
2012-02-26 21:21:00,1.34445,1.34445,1.34445,1.34445,0.0
2012-02-26 21:22:00,1.34445,1.34445,1.34445,1.34445,0.0
2012-02-26 21:23:00,1.34445,1.34445,1.34445,1.34445,0.0
2012-02-26 21:24:00,1.34445,1.34445,1.34445,1.34445,0.0
2012-02-26 21:25:00,1.34445,1.34445,1.34445,1.34445,0.0
2012-02-26 21:26:00,1.34445,1.34445,1.34445,1.34445,0.0
2012-02-26 21:27:00,1.34445,1.34445,1.34445,1.34445,0.0
2012-02-26 21:28:00,1.34445,1.34445,1.34445,1.34445,0.0
2012-02-26 21:29:00,1.34445,1.34445,1.34445,1.34445,0.0
2012-02-26 21:30:00,1.34445,1.34445,1.34445,1.34445,0.0
2012-02-26 21:31:00,1.34445,1.34445,1.34445,1.34445,0.0
2012-02-26 21:32:00,1.34445,1.34445,1.34445,1.34445,0.0
2012-02-26 21:33:00,1.34445,1.34445,1.34445,1.34445,0.0
2012-02-26 21:34:00,1.34445,1.34445,1.34445,1.34445,0.0
2012-02-26 21:35:00,1.34445,1.34445,1.34445,1.34445,0.0
2012-02-26 21:36:00,1.34445,1.34445,1.34445,1.34445,0.0
2012-02-26 21:37:00,1.34445,1.34445,1.34445,1.34445,0.0
2012-02-26 21:38:00,1.34445,1.34445,1.34445,1.34445,0.0
2012-02-26 21:39:00,1.34445,1.34445,1.34445,1.34445,0.0
2012-02-26 21:40:00,1.34445,1.34445,1.34445,1.34445,0.0
2012-02-26 21:41:00,1.34445,1.34445,1.34445,1.34445,0.0
2012-02-26 21:42:00,1.34445,1.34445,1.34445,1.34445,0.0
2012-02-26 21:43:00,1.34445,1.34445,1.34445,1.34445,0.0
2012-02-26 21:44:00,1.34445,1.34445,1.34445,1.34445,0.0
2012-02-26 21:45:00,1.34445,1.34445,1.34445,1.34445,0.0
2012-02-26 21:46:00,1.34445,1.34445,1.34445,1.34445,0.0
2012-02-26 21:47:00,1.34445,1.34445,1.34445,1.34445,0.0
2012-02-26 21:48:00,1.34445,1.34445,1.34445,1.34445,0.0
2012-02-26 21:49:00,1.34445,1.34445,1.34445,1.34445,0.0
2012-02-26 21:50:00,1.34445,1.34445,1.34445,1.34445,0.0
2012-02-26 21:51:00,1.34445,1.34445,1.34445,1.34445,0.0
2012-02-26 21:52:00,1.34445,1.34445,1.34445,1.34445,0.0
2012-02-26 21:53:00,1.34445,1.34445,1.34445,1.34445,0.0
2012-02-26 21:54:00,1.34445,1.34445,1.34445,1.34445,0.0
2012-02-26 21:55:00,1.34445,1.34445,1.34445,1.34445,0.0
2012-02-26 21:56:00,1.34445,1.34445,1.34445,1.34445,0.0
2012-02-26 21:57:00,1.34445,1.34445,1.34445,1.34445,0.0
2012-02-26 21:58:00,1.34445,1.34445,1.34445,1.34445,0.0
2012-02-26 21:59:00,1.34445,1.34445,1.34445,1.34445,0.0
2012-02-26 22:00:00,1.34612,1.34636,1.34612,1.34635,111099996.56677246
2012-02-26 22:01:00,1.34639,1.34641,1.34628,1.3463,211900005.34057617
2012-02-26 22:02:00,1.34629,1.34632,1.34601,1.34603,322500000.0
2012-02-26 22:03:00,1.34602,1.34602,1.34573,1.34574,240100002.28881836
2012-02-26 22:04:00,1.34575,1.34602,1.34575,1.34594,371699981.6894531
2012-02-26 22:05:00,1.34592,1.34602,1.3459,1.34593,150000000.0
2012-02-26 22:06:00,1.34593,1.3462,1.34593,1.3462,315000000.0
2012-02-26 22:07:00,1.34621,1.34648,1.3462,1.34645,246000003.81469727
2012-02-26 22:08:00,1.34646,1.34664,1.34637,1.34659,489500007.62939453
2012-02-26 22:09:00,1.34657,1.3471,1.34649,1.34688,1217399978.6376953
2012-02-26 22:10:00,1.34688,1.34726,1.34681,1.34701,830800018.3105469
2012-02-26 22:11:00,1.34704,1.34718,1.34702,1.34718,300000000.0
2012-02-26 22:12:00,1.34716,1.34725,1.34705,1.3471,577500000.0
2012-02-26 22:13:00,1.34712,1.34787,1.34712,1.3473,849800033.5693359
2012-02-26 22:14:00,1.34733,1.34736,1.34703,1.34705,429399986.26708984
2012-02-26 22:15:00,1.34705,1.34722,1.3469,1.34697,611300010.6811523
2012-02-26 22:16:00,1.34698,1.34715,1.34681,1.34709,829499969.4824219
2012-02-26 22:17:00,1.34709,1.34715,1.34683,1.34697,537299995.4223633
2012-02-26 22:18:00,1.34691,1.34701,1.34659,1.34659,346899986.26708984
2012-02-26 22:19:00,1.34658,1.3466,1.3464,1.34641,183799991.60766602
2012-02-26 22:20:00,1.34639,1.34661,1.34636,1.34661,292500000.0
2012-02-26 22:21:00,1.3466,1.34664,1.34613,1.34626,874800033.5693359
2012-02-26 22:22:00,1.34626,1.34659,1.34626,1.34658,322500000.0
2012-02-26 22:23:00,1.34659,1.34675,1.34659,1.34669,675000000.0
2012-02-26 22:24:00,1.34669,1.34725,1.34669,1.34705,720899963.3789062
2012-02-26 22:25:00,1.34702,1.3471,1.34694,1.34705,675000000.0
2012-02-26 22:26:00,1.34705,1.34714,1.34705,1.34714,165000000.0
2012-02-26 22:27:00,1.34718,1.34729,1.34703,1.34705,669400024.4140625
2012-02-26 22:28:00,1.34704,1.34728,1.34704,1.34723,525000000.0
2012-02-26 22:29:00,1.34723,1.34745,1.34718,1.34728,887300033.5693359
2012-02-26 22:30:00,1.34728,1.34745,1.34702,1.34702,941600036.6210938
2012-02-26 22:31:00,1.34702,1.34707,1.34697,1.347,330000000.0
2012-02-26 22:32:00,1.347,1.34717,1.34698,1.34705,1030899963.3789062
2012-02-26 22:33:00,1.34705,1.34712,1.347,1.34708,403199996.9482422
2012-02-26 22:34:00,1.34708,1.34715,1.34702,1.34704,1528099975.5859375
2012-02-26 22:35:00,1.34704,1.34707,1.34687,1.34699,1785700073.2421875
2012-02-26 22:36:00,1.34702,1.34727,1.34695,1.34712,1255699996.9482422
2012-02-26 22:37:00,1.3471,1.34745,1.3471,1.34725,1158000030.5175781
2012-02-26 22:38:00,1.34727,1.34748,1.34716,1.34748,947900009.1552734
2012-02-26 22:39:00,1.34745,1.34758,1.34716,1.34716,924700012.2070312
2012-02-26 22:40:00,1.34715,1.34715,1.34702,1.3471,683600006.1035156
2012-02-26 22:41:00,1.3471,1.34712,1.34708,1.34708,390000000.0
2012-02-26 22:42:00,1.34707,1.34719,1.34707,1.34708,388400001.5258789
2012-02-26 22:43:00,1.34707,1.34708,1.34694,1.34694,560800018.3105469
2012-02-26 22:44:00,1.34694,1.34701,1.34693,1.34693,622500000.0
2012-02-26 22:45:00,1.34693,1.34696,1.34667,1.34672,821299972.5341797
2012-02-26 22:46:00,1.34672,1.34677,1.34669,1.34669,517500000.0
2012-02-26 22:47:00,1.3467,1.34672,1.3466,1.34663,720000000.0
2012-02-26 22:48:00,1.34661,1.34661,1.34605,1.3465,2297700042.7246094
2012-02-26 22:49:00,1.34644,1.34659,1.34644,1.34655,474500007.62939453
2012-02-26 22:50:00,1.34655,1.34669,1.34639,1.34666,1614700012.2070312
2012-02-26 22:51:00,1.34663,1.34697,1.34656,1.34692,1215899963.3789062
2012-02-26 22:52:00,1.34696,1.34698,1.34677,1.34677,547500000.0
2012-02-26 22:53:00,1.34675,1.34678,1.34631,1.34652,2244100036.6210938
2012-02-26 22:54:00,1.34656,1.34691,1.34656,1.34674,1312500000.0
2012-02-26 22:55:00,1.34674,1.34693,1.34667,1.34678,1352299957.2753906
2012-02-26 22:56:00,1.34675,1.34686,1.34655,1.34665,1927500000.0
2012-02-26 22:57:00,1.34665,1.34691,1.34651,1.34677,2224499969.482422
2012-02-26 22:58:00,1.34683,1.34683,1.34656,1.34656,690800018.3105469
2012-02-26 22:59:00,1.34666,1.34683,1.34652,1.34658,1359499969.4824219
2012-02-26 23:00:00,1.3466,1.34662,1.34575,1.34599,2399900054.9316406
2012-02-26 23:01:00,1.346,1.34602,1.34557,1.34568,1496900024.4140625
2012-02-26 23:02:00,1.34566,1.34582,1.34564,1.34573,1068499984.7412109
2012-02-26 23:03:00,1.34573,1.34576,1.34558,1.34569,923099975.5859375
2012-02-26 23:04:00,1.3457,1.34586,1.34568,1.3458,945699996.9482422
2012-02-26 23:05:00,1.34579,1.34607,1.3457,1.34605,1025999984.7412109
2012-02-26 23:06:00,1.34605,1.34615,1.34603,1.34603,625900001.5258789
2012-02-26 23:07:00,1.34605,1.34613,1.34605,1.34605,861699981.6894531
2012-02-26 23:08:00,1.34605,1.34619,1.34603,1.3461,1239199981.6894531
2012-02-26 23:09:00,1.34609,1.34628,1.34609,1.34627,761999969.4824219
2012-02-26 23:10:00,1.34627,1.34627,1.34601,1.34606,1517599945.0683594
2012-02-26 23:11:00,1.34606,1.34629,1.34606,1.34607,1236200027.4658203
2012-02-26 23:12:00,1.34605,1.34619,1.34596,1.34618,1735200042.7246094
2012-02-26 23:13:00,1.34618,1.34629,1.34609,1.34629,559500007.6293945
2012-02-26 23:14:00,1.34628,1.34636,1.34609,1.34621,1243300018.3105469
2012-02-26 23:15:00,1.34619,1.34635,1.34619,1.34621,781800003.0517578
2012-02-26 23:16:00,1.34625,1.34629,1.3462,1.34623,495000000.0
2012-02-26 23:17:00,1.34625,1.34633,1.34625,1.34633,247500000.0
2012-02-26 23:18:00,1.34631,1.34648,1.34629,1.3463,1032699966.4306641
2012-02-26 23:19:00,1.3463,1.34632,1.34622,1.34625,907500000.0
2012-02-26 23:20:00,1.34625,1.34641,1.34625,1.34636,675599975.5859375
2012-02-26 23:21:00,1.34636,1.34643,1.34622,1.34622,828600006.1035156
2012-02-26 23:22:00,1.34621,1.34621,1.3461,1.34611,713300018.3105469
2012-02-26 23:23:00,1.34611,1.34637,1.34611,1.34634,1456799926.7578125
2012-02-26 23:24:00,1.34634,1.34642,1.34613,1.34615,1465500030.5175781
2012-02-26 23:25:00,1.34614,1.34626,1.3461,1.34621,873000030.5175781
2012-02-26 23:26:00,1.34621,1.34622,1.34604,1.34615,1113000030.5175781
2012-02-26 23:27:00,1.34614,1.34633,1.34613,1.34633,860299987.7929688
2012-02-26 23:28:00,1.34633,1.34633,1.34622,1.34624,838899993.8964844
2012-02-26 23:29:00,1.34624,1.34624,1.34616,1.34623,1145999984.741211
2012-02-26 23:30:00,1.34624,1.34641,1.34622,1.34627,731800003.0517578
2012-02-26 23:31:00,1.34626,1.34638,1.34621,1.34636,1016800003.0517578
2012-02-26 23:32:00,1.34637,1.34638,1.34621,1.34635,796600036.6210938
2012-02-26 23:33:00,1.34636,1.34636,1.3462,1.34627,1077600021.3623047
2012-02-26 23:34:00,1.34627,1.34627,1.34616,1.3462,1218399963.3789062
2012-02-26 23:35:00,1.3462,1.34629,1.34619,1.34627,623899993.8964844
2012-02-26 23:36:00,1.34628,1.34633,1.34628,1.34633,323400001.5258789
2012-02-26 23:37:00,1.34631,1.34671,1.34631,1.34671,1249800033.569336
2012-02-26 23:38:00,1.34671,1.34684,1.34659,1.34679,1064300003.0517578
2012-02-26 23:39:00,1.34679,1.34708,1.34677,1.34707,1035599975.5859375
2012-02-26 23:40:00,1.34707,1.34707,1.34692,1.34692,880100021.3623047
2012-02-26 23:41:00,1.34689,1.34702,1.34688,1.34692,761999969.4824219
2012-02-26 23:42:00,1.3469,1.347,1.34672,1.34672,724700012.2070312
2012-02-26 23:43:00,1.34672,1.34678,1.34649,1.34649,1097200012.2070312
2012-02-26 23:44:00,1.34649,1.34657,1.34648,1.3465,794499969.4824219
2012-02-26 23:45:00,1.3465,1.34653,1.3464,1.34651,369500007.62939453
2012-02-26 23:46:00,1.34651,1.34658,1.3465,1.34655,690500030.5175781
2012-02-26 23:47:00,1.34654,1.34654,1.34631,1.34634,809400024.4140625
2012-02-26 23:48:00,1.34635,1.34643,1.34631,1.34639,679899978.6376953
2012-02-26 23:49:00,1.34639,1.34649,1.34632,1.34636,1207099990.8447266
2012-02-26 23:50:00,1.34635,1.34665,1.34611,1.3464,2214400024.4140625
2012-02-26 23:51:00,1.34642,1.34687,1.34641,1.34685,565400009.1552734
2012-02-26 23:52:00,1.34686,1.34686,1.3467,1.3467,571899986.2670898
2012-02-26 23:53:00,1.34671,1.34692,1.34665,1.34692,645599975.5859375
2012-02-26 23:54:00,1.34692,1.34692,1.34689,1.3469,274099998.4741211
2012-02-26 23:55:00,1.34695,1.34695,1.34681,1.34681,523800010.68115234
2012-02-26 23:56:00,1.3468,1.34683,1.3467,1.34677,939599990.8447266
2012-02-26 23:57:00,1.34677,1.34679,1.34653,1.34676,1422500000.0
2012-02-26 23:58:00,1.34679,1.34685,1.34669,1.34684,700599975.5859375
2012-02-26 23:59:00,1.34684,1.34689,1.34671,1.34674,1077399978.6376953
2012-02-27 00:00:00,1.34669,1.34669,1.34656,1.34661,1036999969.4824219
2012-02-27 00:01:00,1.34663,1.34676,1.34634,1.34634,1836499938.9648438
2012-02-27 00:02:00,1.34635,1.34645,1.34595,1.34607,1836199951.171875
2012-02-27 00:03:00,1.34609,1.34609,1.34582,1.34596,2261699981.689453
2012-02-27 00:04:00,1.34596,1.34601,1.34585,1.34587,1524100036.6210938
2012-02-27 00:05:00,1.34586,1.34602,1.34578,1.34592,1269300003.0517578
2012-02-27 00:06:00,1.34592,1.34598,1.34589,1.34591,1231999969.4824219
2012-02-27 00:07:00,1.3459,1.34617,1.3459,1.34604,2095200042.7246094
2012-02-27 00:08:00,1.34603,1.34615,1.34587,1.34593,1258499984.741211
2012-02-27 00:09:00,1.34586,1.34592,1.34559,1.34583,2189700012.2070312
2012-02-27 00:10:00,1.34583,1.34586,1.34561,1.34574,1826100006.1035156
2012-02-27 00:11:00,1.34574,1.34581,1.34567,1.34579,1721699981.6894531
2012-02-27 00:12:00,1.34581,1.3461,1.34569,1.34589,1907500000.0
2012-02-27 00:13:00,1.34589,1.34594,1.3458,1.34588,1193899993.8964844
2012-02-27 00:14:00,1.34588,1.34594,1.34579,1.34582,1326300048.828125
2012-02-27 00:15:00,1.34582,1.34593,1.34579,1.34586,1062200012.2070312
2012-02-27 00:16:00,1.34589,1.34608,1.34589,1.34607,646299972.5341797
2012-02-27 00:17:00,1.34607,1.34607,1.34578,1.34589,1934299926.7578125
2012-02-27 00:18:00,1.34586,1.34596,1.34582,1.34587,1459299926.7578125
2012-02-27 00:19:00,1.34587,1.34588,1.34578,1.34581,1117799987.7929688
2012-02-27 00:20:00,1.34577,1.34577,1.34553,1.34558,1486100006.1035156
2012-02-27 00:21:00,1.34558,1.34562,1.34538,1.3454,1715899963.3789062
2012-02-27 00:22:00,1.34538,1.34552,1.34528,1.34545,2013399963.3789062
2012-02-27 00:23:00,1.34546,1.34576,1.34546,1.34558,1696100006.1035156
2012-02-27 00:24:00,1.34557,1.34569,1.34554,1.34568,1186900024.4140625
2012-02-27 00:25:00,1.34566,1.34569,1.34554,1.34562,1407700042.7246094
2012-02-27 00:26:00,1.34566,1.34586,1.3456,1.3456,1380700073.2421875
2012-02-27 00:27:00,1.3456,1.34573,1.34548,1.34551,1147600021.3623047
2012-02-27 00:28:00,1.34551,1.34552,1.34538,1.34544,1743200073.2421875
2012-02-27 00:29:00,1.34545,1.34546,1.34526,1.34533,1599400024.4140625
2012-02-27 00:30:00,1.34533,1.34548,1.34531,1.34533,1615099945.0683594
2012-02-27 00:31:00,1.34531,1.34543,1.34525,1.34527,2193200073.2421875
2012-02-27 00:32:00,1.34527,1.34527,1.34505,1.34511,2292100067.138672
2012-02-27 00:33:00,1.3451,1.3451,1.34478,1.34489,2728399963.3789062
2012-02-27 00:34:00,1.34489,1.34497,1.34456,1.34489,3431300048.828125
2012-02-27 00:35:00,1.3449,1.3451,1.3449,1.3451,1962799987.7929688
2012-02-27 00:36:00,1.34509,1.34547,1.34508,1.34534,2849500122.0703125
2012-02-27 00:37:00,1.34534,1.34565,1.34533,1.34539,1812299957.2753906
2012-02-27 00:38:00,1.34545,1.34546,1.3452,1.34537,2114600067.1386719
2012-02-27 00:39:00,1.34537,1.34557,1.34536,1.34557,692200012.2070312
2012-02-27 00:40:00,1.34557,1.34576,1.34552,1.34576,1836100006.1035156
2012-02-27 00:41:00,1.34576,1.34603,1.34576,1.34584,1892899932.8613281
2012-02-27 00:42:00,1.34583,1.34602,1.34564,1.34564,2029799957.2753906
2012-02-27 00:43:00,1.34564,1.34577,1.34562,1.34577,1590099945.0683594
2012-02-27 00:44:00,1.34576,1.34592,1.34575,1.34592,1346499938.9648438
2012-02-27 00:45:00,1.34591,1.34592,1.3458,1.34581,1215400009.1552734
2012-02-27 00:46:00,1.34582,1.34583,1.34572,1.34576,1376100006.1035156
2012-02-27 00:47:00,1.34576,1.34578,1.34571,1.34574,725800018.3105469
2012-02-27 00:48:00,1.34574,1.34579,1.3456,1.34579,1166399993.8964844
2012-02-27 00:49:00,1.34579,1.34588,1.34575,1.34587,1290599975.5859375
2012-02-27 00:50:00,1.34587,1.3459,1.3458,1.34586,1269899978.6376953
2012-02-27 00:51:00,1.34586,1.34594,1.34582,1.34586,1144000015.258789
2012-02-27 00:52:00,1.34583,1.34585,1.34574,1.34579,804300003.0517578
2012-02-27 00:53:00,1.34579,1.34595,1.34576,1.34592,941500015.2587891
2012-02-27 00:54:00,1.34594,1.34602,1.34589,1.34589,1372799987.7929688
2012-02-27 00:55:00,1.34586,1.34621,1.34586,1.34618,2376000061.0351562
2012-02-27 00:56:00,1.34617,1.34629,1.34608,1.34616,2085899963.3789062
2012-02-27 00:57:00,1.34617,1.34618,1.34593,1.346,1481199951.171875
2012-02-27 00:58:00,1.346,1.34607,1.34589,1.34594,2181300048.828125
2012-02-27 00:59:00,1.34597,1.34607,1.3459,1.3459,1451799926.7578125
2012-02-27 01:00:00,1.3459,1.34594,1.34584,1.34584,1151800003.0517578
2012-02-27 01:01:00,1.34584,1.34584,1.34573,1.34577,849800033.5693359
2012-02-27 01:02:00,1.34577,1.34577,1.34549,1.34576,2244799957.2753906
2012-02-27 01:03:00,1.34576,1.34584,1.3456,1.34561,1416300048.828125
2012-02-27 01:04:00,1.3456,1.34567,1.34541,1.34544,982300033.5693359
2012-02-27 01:05:00,1.34547,1.34547,1.34534,1.34539,1182099990.8447266
2012-02-27 01:06:00,1.34539,1.34543,1.34529,1.34529,811999969.4824219
2012-02-27 01:07:00,1.3453,1.34531,1.34518,1.3453,1443999938.9648438
2012-02-27 01:08:00,1.34528,1.34558,1.34528,1.34544,1512700042.7246094
2012-02-27 01:09:00,1.34544,1.3456,1.3454,1.34559,930999984.7412109
2012-02-27 01:10:00,1.34559,1.34571,1.34556,1.3456,940199966.4306641
2012-02-27 01:11:00,1.34563,1.34563,1.34544,1.34557,1024199981.6894531
2012-02-27 01:12:00,1.34557,1.34559,1.34549,1.34551,452000007.62939453
2012-02-27 01:13:00,1.34549,1.34551,1.34546,1.3455,450099983.21533203
2012-02-27 01:14:00,1.34554,1.34563,1.34545,1.34545,932300033.5693359
2012-02-27 01:15:00,1.34544,1.34549,1.3454,1.34543,714499969.4824219
2012-02-27 01:16:00,1.34543,1.34544,1.34537,1.34542,635699996.9482422
2012-02-27 01:17:00,1.34542,1.34562,1.34542,1.34561,849499969.4824219
2012-02-27 01:18:00,1.34562,1.34562,1.34549,1.34555,471500015.25878906
2012-02-27 01:19:00,1.34556,1.34582,1.34556,1.34582,585200004.5776367
2012-02-27 01:20:00,1.34582,1.34589,1.34574,1.34574,1377700042.7246094
2012-02-27 01:21:00,1.34574,1.34585,1.34573,1.34581,1136699981.6894531
2012-02-27 01:22:00,1.3458,1.34595,1.34571,1.34593,1300599975.5859375
2012-02-27 01:23:00,1.34593,1.34596,1.34586,1.3459,785999984.7412109
2012-02-27 01:24:00,1.3459,1.3459,1.34581,1.34583,824300003.0517578
2012-02-27 01:25:00,1.34584,1.34589,1.34578,1.34578,714499969.4824219
2012-02-27 01:26:00,1.34578,1.34593,1.34578,1.34584,1150599975.5859375
2012-02-27 01:27:00,1.34584,1.34591,1.34582,1.34588,748300018.3105469
2012-02-27 01:28:00,1.34585,1.34587,1.34577,1.34581,1145299987.7929688
2012-02-27 01:29:00,1.34581,1.34583,1.34571,1.34572,1148700027.4658203
2012-02-27 01:30:00,1.34572,1.34581,1.3457,1.34581,1112799987.7929688
2012-02-27 01:31:00,1.34581,1.34582,1.34577,1.34582,814100036.6210938
2012-02-27 01:32:00,1.34582,1.34582,1.34572,1.34574,647099990.8447266
2012-02-27 01:33:00,1.34574,1.34574,1.34563,1.34563,360000000.0
2012-02-27 01:34:00,1.34565,1.34581,1.34565,1.34576,468699989.31884766
2012-02-27 01:35:00,1.34576,1.34589,1.34576,1.34583,1333899993.8964844
2012-02-27 01:36:00,1.34583,1.3459,1.3458,1.34586,829899978.6376953
2012-02-27 01:37:00,1.34586,1.34593,1.3458,1.34588,1077099990.8447266
2012-02-27 01:38:00,1.34588,1.34593,1.34585,1.34586,802699966.4306641
2012-02-27 01:39:00,1.34586,1.34605,1.34586,1.34603,1168600006.1035156
2012-02-27 01:40:00,1.34601,1.34615,1.34596,1.34611,1132300033.569336
2012-02-27 01:41:00,1.34611,1.34611,1.34597,1.34605,700199966.4306641
2012-02-27 01:42:00,1.34605,1.34619,1.34605,1.34617,1291000061.0351562
2012-02-27 01:43:00,1.34617,1.34617,1.34595,1.34607,1301999969.4824219
2012-02-27 01:44:00,1.34607,1.34607,1.34593,1.34598,995800018.3105469
2012-02-27 01:45:00,1.34601,1.34616,1.34598,1.346,860699996.9482422
2012-02-27 01:46:00,1.34598,1.34605,1.34588,1.34595,879499969.4824219
2012-02-27 01:47:00,1.34593,1.34602,1.34585,1.34588,1199400024.4140625
2012-02-27 01:48:00,1.34588,1.34598,1.34579,1.3458,1506600036.6210938
2012-02-27 01:49:00,1.3458,1.34589,1.34579,1.34579,1084100036.6210938
2012-02-27 01:50:00,1.34581,1.34597,1.34581,1.34595,1363699951.171875
2012-02-27 01:51:00,1.34595,1.34599,1.34587,1.34587,825899963.3789062
2012-02-27 01:52:00,1.34587,1.34593,1.34583,1.34583,576899986.2670898
2012-02-27 01:53:00,1.34583,1.34594,1.34578,1.34578,894800033.5693359
2012-02-27 01:54:00,1.34579,1.34586,1.34568,1.34579,1368800048.828125
2012-02-27 01:55:00,1.3458,1.34585,1.34574,1.34578,681100006.1035156
2012-02-27 01:56:00,1.34576,1.34577,1.34558,1.3456,724300003.0517578
2012-02-27 01:57:00,1.3456,1.3456,1.34538,1.3454,1153099975.5859375
2012-02-27 01:58:00,1.3454,1.34567,1.3454,1.3455,1377599945.0683594
2012-02-27 01:59:00,1.34549,1.34572,1.34549,1.34561,948499984.7412109
2012-02-27 02:00:00,1.34561,1.34575,1.34561,1.34574,1248000030.5175781
2012-02-27 02:01:00,1.34574,1.34591,1.34572,1.34573,1802799987.7929688
2012-02-27 02:02:00,1.34574,1.3458,1.34545,1.3456,2665000000.0
2012-02-27 02:03:00,1.3456,1.34571,1.34552,1.34566,2025000000.0
2012-02-27 02:04:00,1.34566,1.34574,1.34564,1.34565,1423500061.0351562
2012-02-27 02:05:00,1.34566,1.34569,1.34557,1.3456,1068799972.5341797
2012-02-27 02:06:00,1.3456,1.34569,1.34555,1.34558,1148600006.1035156
2012-02-27 02:07:00,1.34558,1.34566,1.34555,1.34555,811900024.4140625
2012-02-27 02:08:00,1.34555,1.34558,1.34553,1.34556,935800018.3105469
2012-02-27 02:09:00,1.34557,1.34565,1.34553,1.34565,676900024.4140625
2012-02-27 02:10:00,1.34565,1.34568,1.34559,1.34561,1266600036.6210938
2012-02-27 02:11:00,1.3456,1.34571,1.3456,1.34571,821600036.6210938
2012-02-27 02:12:00,1.34572,1.34576,1.34569,1.3457,663899993.8964844
2012-02-27 02:13:00,1.3457,1.34574,1.34567,1.3457,856399993.8964844
2012-02-27 02:14:00,1.3457,1.34573,1.34557,1.34561,820299987.7929688
2012-02-27 02:15:00,1.34561,1.34569,1.34561,1.34566,643899993.8964844
2012-02-27 02:16:00,1.34566,1.34571,1.34566,1.34571,712699966.4306641
2012-02-27 02:17:00,1.34571,1.34571,1.34562,1.34563,543800010.6811523
2012-02-27 02:18:00,1.34562,1.34569,1.34562,1.34568,326300010.68115234
2012-02-27 02:19:00,1.34567,1.34568,1.34562,1.34568,675100021.3623047
2012-02-27 02:20:00,1.34568,1.34571,1.34553,1.34555,1292799987.7929688
2012-02-27 02:21:00,1.34556,1.34563,1.34551,1.34563,1088899993.8964844
2012-02-27 02:22:00,1.34562,1.34564,1.34549,1.34554,969800033.5693359
2012-02-27 02:23:00,1.34552,1.34554,1.3455,1.3455,126000003.81469727
2012-02-27 02:24:00,1.34549,1.3455,1.34538,1.3454,773499984.7412109
2012-02-27 02:25:00,1.34541,1.3456,1.34541,1.34553,1028099975.5859375
2012-02-27 02:26:00,1.34553,1.34558,1.34552,1.34552,429399986.26708984
2012-02-27 02:27:00,1.34552,1.34558,1.3455,1.34554,697500000.0
2012-02-27 02:28:00,1.34552,1.34552,1.34522,1.34522,1371600036.6210938
2012-02-27 02:29:00,1.34522,1.34526,1.34491,1.34491,1809499969.4824219
2012-02-27 02:30:00,1.34497,1.34515,1.34489,1.3451,1348500061.0351562
2012-02-27 02:31:00,1.34511,1.3452,1.34498,1.34515,1425800018.3105469
2012-02-27 02:32:00,1.34515,1.3452,1.34514,1.34519,422000007.62939453
2012-02-27 02:33:00,1.34519,1.34529,1.34519,1.34529,389700012.20703125
2012-02-27 02:34:00,1.34529,1.34555,1.34525,1.34541,1299400024.4140625
2012-02-27 02:35:00,1.34541,1.34545,1.34524,1.34524,808600006.1035156
2012-02-27 02:36:00,1.34523,1.34523,1.34508,1.34508,1095299987.7929688
2012-02-27 02:37:00,1.34508,1.34525,1.34508,1.34516,1011500015.2587891
2012-02-27 02:38:00,1.34515,1.34518,1.34506,1.34506,579700012.2070312
2012-02-27 02:39:00,1.34507,1.34513,1.34507,1.34512,654700012.2070312
2012-02-27 02:40:00,1.34512,1.34529,1.34512,1.34523,1051100006.1035156
2012-02-27 02:41:00,1.34523,1.34526,1.34499,1.34499,1866499938.9648438
2012-02-27 02:42:00,1.34498,1.34498,1.3448,1.34498,1160800018.3105469
2012-02-27 02:43:00,1.34498,1.34498,1.34479,1.3448,1264100036.6210938
2012-02-27 02:44:00,1.34479,1.3448,1.34447,1.34447,920800018.3105469
2012-02-27 02:45:00,1.34442,1.34463,1.34429,1.34447,1968600006.1035156
2012-02-27 02:46:00,1.34448,1.34473,1.34446,1.34468,1797500000.0
2012-02-27 02:47:00,1.34468,1.34481,1.34458,1.34472,2249400024.4140625
2012-02-27 02:48:00,1.34474,1.34481,1.34463,1.34481,1566199951.171875
2012-02-27 02:49:00,1.34481,1.34498,1.3448,1.34493,889199981.6894531
2012-02-27 02:50:00,1.34493,1.34517,1.34493,1.34517,1063399963.3789062
2012-02-27 02:51:00,1.34517,1.34523,1.34508,1.3452,1046800003.0517578
2012-02-27 02:52:00,1.3452,1.3452,1.34509,1.34518,1454100036.6210938
2012-02-27 02:53:00,1.34518,1.34518,1.3451,1.34513,870000000.0
2012-02-27 02:54:00,1.34512,1.34512,1.34492,1.34495,1531600036.6210938
2012-02-27 02:55:00,1.34495,1.34501,1.34488,1.34499,1265400009.1552734
2012-02-27 02:56:00,1.34499,1.34507,1.34493,1.34504,1490599975.5859375
2012-02-27 02:57:00,1.34503,1.34505,1.34494,1.34503,1588699951.171875
2012-02-27 02:58:00,1.34505,1.34508,1.34492,1.34495,2306999969.482422
2012-02-27 02:59:00,1.34495,1.345,1.34481,1.34499,1430299987.7929688
2012-02-27 03:00:00,1.345,1.34539,1.34494,1.34509,1925899963.3789062
2012-02-27 03:01:00,1.34511,1.34511,1.34506,1.34509,383199996.9482422
2012-02-27 03:02:00,1.34509,1.34513,1.34508,1.34512,863799972.5341797
2012-02-27 03:03:00,1.34513,1.34514,1.3451,1.3451,734899978.6376953
2012-02-27 03:04:00,1.3451,1.34513,1.3451,1.3451,614099998.4741211
2012-02-27 03:05:00,1.3451,1.34515,1.3451,1.34515,748199996.9482422
2012-02-27 03:06:00,1.34515,1.34515,1.34514,1.34514,405000000.0
2012-02-27 03:07:00,1.34514,1.34523,1.34511,1.34522,633899993.8964844
2012-02-27 03:08:00,1.34521,1.34532,1.34519,1.3453,755299987.7929688
2012-02-27 03:09:00,1.3453,1.34531,1.34515,1.34518,840999984.7412109
2012-02-27 03:10:00,1.34523,1.34525,1.34518,1.3452,854300003.0517578
2012-02-27 03:11:00,1.3452,1.3452,1.3452,1.3452,105000000.0
2012-02-27 03:12:00,1.34515,1.34519,1.34514,1.34519,370800018.3105469
2012-02-27 03:13:00,1.34518,1.34519,1.34514,1.34514,865500030.5175781
2012-02-27 03:14:00,1.34515,1.34519,1.34514,1.34514,716999969.4824219
2012-02-27 03:15:00,1.34514,1.34515,1.34501,1.34505,904300003.0517578
2012-02-27 03:16:00,1.34505,1.34505,1.34501,1.34501,870800018.3105469
2012-02-27 03:17:00,1.34501,1.34502,1.34501,1.34502,487599983.21533203
2012-02-27 03:18:00,1.34502,1.34505,1.34501,1.34502,358400001.5258789
2012-02-27 03:19:00,1.34502,1.3451,1.34502,1.34509,442700004.5776367
2012-02-27 03:20:00,1.34509,1.34509,1.34505,1.34506,278999996.18530273
2012-02-27 03:21:00,1.34506,1.34513,1.34503,1.34509,904599990.8447266
2012-02-27 03:22:00,1.34509,1.34513,1.345,1.34509,743000030.5175781
2012-02-27 03:23:00,1.34509,1.34512,1.34509,1.34512,562799987.7929688
2012-02-27 03:24:00,1.34512,1.34518,1.34508,1.34509,973399963.3789062
2012-02-27 03:25:00,1.34509,1.34512,1.34503,1.34509,615000000.0
2012-02-27 03:26:00,1.34509,1.34511,1.34507,1.34511,517500000.0
2012-02-27 03:27:00,1.3451,1.34519,1.3451,1.34513,750999984.7412109
2012-02-27 03:28:00,1.34509,1.34515,1.34502,1.34515,1327299957.2753906
2012-02-27 03:29:00,1.34517,1.34523,1.34513,1.34519,1300599975.5859375
2012-02-27 03:30:00,1.34518,1.34522,1.34502,1.34503,1353000030.5175781
2012-02-27 03:31:00,1.34503,1.34514,1.34501,1.34514,1084199981.6894531
2012-02-27 03:32:00,1.34512,1.34518,1.34502,1.34508,1522400054.9316406
2012-02-27 03:33:00,1.34508,1.34508,1.345,1.34501,675899963.3789062
2012-02-27 03:34:00,1.34499,1.34504,1.34499,1.34502,1087600021.3623047
2012-02-27 03:35:00,1.34502,1.34502,1.34501,1.34501,390000000.0
2012-02-27 03:36:00,1.34501,1.34505,1.34501,1.34505,774800033.5693359
2012-02-27 03:37:00,1.3451,1.3452,1.3451,1.34517,1327899932.8613281
2012-02-27 03:38:00,1.34517,1.34523,1.34514,1.34521,828899993.8964844
2012-02-27 03:39:00,1.34521,1.34522,1.34517,1.34517,108800001.14440918
2012-02-27 03:40:00,1.3452,1.3452,1.34514,1.34514,581500015.2587891
2012-02-27 03:41:00,1.34513,1.34523,1.34509,1.34522,709800033.5693359
2012-02-27 03:42:00,1.34522,1.34522,1.34518,1.34521,556899986.2670898
2012-02-27 03:43:00,1.34521,1.34521,1.3451,1.34515,630000000.0
2012-02-27 03:44:00,1.34517,1.3452,1.34511,1.34519,555099983.215332
2012-02-27 03:45:00,1.34519,1.34519,1.34512,1.34514,465800018.3105469
2012-02-27 03:46:00,1.34514,1.34514,1.34512,1.34513,241900005.34057617
2012-02-27 03:47:00,1.34512,1.34514,1.3451,1.34514,412500000.0
2012-02-27 03:48:00,1.34514,1.34514,1.34506,1.34511,975599975.5859375
2012-02-27 03:49:00,1.34511,1.34511,1.34497,1.34501,683600006.1035156
2012-02-27 03:50:00,1.34501,1.34501,1.3449,1.34498,1192200012.2070312
2012-02-27 03:51:00,1.34498,1.34515,1.34494,1.34511,845899963.3789062
2012-02-27 03:52:00,1.34515,1.34515,1.34499,1.34501,628400001.5258789
2012-02-27 03:53:00,1.34501,1.34506,1.34492,1.34506,900000000.0
2012-02-27 03:54:00,1.34506,1.34513,1.34501,1.34501,694000015.2587891
2012-02-27 03:55:00,1.34499,1.34501,1.34499,1.34501,666100006.1035156
2012-02-27 03:56:00,1.34499,1.34503,1.34499,1.34499,300000000.0
2012-02-27 03:57:00,1.34499,1.34503,1.34499,1.345,360800018.3105469
2012-02-27 03:58:00,1.345,1.345,1.34499,1.345,459399986.26708984
2012-02-27 03:59:00,1.34501,1.34501,1.34499,1.34499,444099998.4741211
2012-02-27 04:00:00,1.34499,1.34521,1.34497,1.34515,1449499969.4824219
2012-02-27 04:01:00,1.34516,1.34537,1.34512,1.34531,1443999938.9648438
2012-02-27 04:02:00,1.34529,1.34542,1.34526,1.34531,1063799972.5341797
2012-02-27 04:03:00,1.34531,1.34586,1.34531,1.34579,1858399963.3789062
2012-02-27 04:04:00,1.34579,1.34581,1.3455,1.34564,1382700042.7246094
2012-02-27 04:05:00,1.34564,1.34564,1.34554,1.34558,1116399993.8964844
2012-02-27 04:06:00,1.34559,1.34561,1.34558,1.34558,690000000.0
2012-02-27 04:07:00,1.34558,1.34559,1.34547,1.34555,1354700012.2070312
2012-02-27 04:08:00,1.34557,1.34566,1.34554,1.34554,1322500000.0
2012-02-27 04:09:00,1.34558,1.3457,1.34555,1.34569,1070800018.3105469
2012-02-27 04:10:00,1.34569,1.3457,1.34557,1.34559,761500015.2587891
2012-02-27 04:11:00,1.3456,1.34569,1.34557,1.34558,1288800048.828125
2012-02-27 04:12:00,1.34558,1.34561,1.34557,1.3456,879100036.6210938
2012-02-27 04:13:00,1.3456,1.34564,1.34557,1.34559,307500000.0
2012-02-27 04:14:00,1.34559,1.34579,1.34555,1.34578,695599975.5859375
2012-02-27 04:15:00,1.34578,1.34585,1.34574,1.34582,971200027.4658203
2012-02-27 04:16:00,1.34582,1.34582,1.34574,1.34574,749000015.2587891
2012-02-27 04:17:00,1.34574,1.34582,1.34574,1.34575,783799972.5341797
2012-02-27 04:18:00,1.34575,1.34579,1.34572,1.34576,564399986.2670898
2012-02-27 04:19:00,1.34576,1.34579,1.34574,1.34578,556899986.2670898
2012-02-27 04:20:00,1.34578,1.34579,1.3457,1.34575,823199996.9482422
2012-02-27 04:21:00,1.34575,1.34586,1.34563,1.34583,847600021.3623047
2012-02-27 04:22:00,1.34582,1.34583,1.34579,1.34582,376899986.26708984
2012-02-27 04:23:00,1.34581,1.34585,1.34572,1.34572,654100036.6210938
2012-02-27 04:24:00,1.34572,1.34577,1.3456,1.34574,1255100021.3623047
2012-02-27 04:25:00,1.34574,1.34577,1.34566,1.34572,1015400009.1552734
2012-02-27 04:26:00,1.34572,1.34576,1.34572,1.34573,622500000.0
2012-02-27 04:27:00,1.34571,1.34574,1.34561,1.34571,640199966.4306641
2012-02-27 04:28:00,1.34572,1.34572,1.34558,1.34558,709499969.4824219
2012-02-27 04:29:00,1.34557,1.34557,1.34525,1.34525,1211900024.4140625
2012-02-27 04:30:00,1.34525,1.34535,1.34516,1.34532,1369199981.6894531
2012-02-27 04:31:00,1.34533,1.34535,1.34519,1.3452,968199996.9482422
2012-02-27 04:32:00,1.34519,1.34519,1.34507,1.34509,787200012.2070312
2012-02-27 04:33:00,1.34509,1.34512,1.34505,1.34512,701699981.6894531
2012-02-27 04:34:00,1.34512,1.34517,1.34487,1.34487,1265500030.5175781
2012-02-27 04:35:00,1.34487,1.34495,1.34478,1.34484,1712599945.0683594
2012-02-27 04:36:00,1.34487,1.345,1.34486,1.34497,768499984.7412109
2012-02-27 04:37:00,1.34497,1.3451,1.34496,1.34508,808300018.3105469
2012-02-27 04:38:00,1.34506,1.34512,1.34499,1.34511,853600006.1035156
2012-02-27 04:39:00,1.34511,1.34521,1.345,1.34504,1312799987.7929688
2012-02-27 04:40:00,1.34504,1.34515,1.34499,1.34499,913199996.9482422
2012-02-27 04:41:00,1.34501,1.34505,1.345,1.34505,756200027.4658203
2012-02-27 04:42:00,1.34506,1.34526,1.34506,1.34515,822500000.0
2012-02-27 04:43:00,1.34516,1.34519,1.34516,1.34518,243999996.18530273
2012-02-27 04:44:00,1.34518,1.34521,1.34503,1.34503,297999992.37060547
2012-02-27 04:45:00,1.34503,1.34516,1.34503,1.3451,1003000030.5175781
2012-02-27 04:46:00,1.34512,1.34513,1.3451,1.34512,206299991.60766602
2012-02-27 04:47:00,1.3451,1.3451,1.34508,1.3451,123800001.14440918
2012-02-27 04:48:00,1.3451,1.34517,1.34508,1.34517,626599998.4741211
2012-02-27 04:49:00,1.34515,1.34527,1.34487,1.34487,1103399963.3789062
2012-02-27 04:50:00,1.34488,1.34508,1.34485,1.34505,803199996.9482422
2012-02-27 04:51:00,1.34505,1.34523,1.34505,1.34509,870299987.7929688
2012-02-27 04:52:00,1.34509,1.34515,1.34509,1.34512,281399993.8964844
2012-02-27 04:53:00,1.3451,1.34512,1.34509,1.34511,257099990.84472656
2012-02-27 04:54:00,1.34511,1.34511,1.34497,1.345,464099998.4741211
2012-02-27 04:55:00,1.345,1.34506,1.34495,1.34504,461300010.68115234
2012-02-27 04:56:00,1.34502,1.34502,1.34496,1.34501,307700004.5776367
2012-02-27 04:57:00,1.34501,1.34501,1.3449,1.34494,475499992.37060547
2012-02-27 04:58:00,1.34494,1.34496,1.34492,1.34495,472500000.0
2012-02-27 04:59:00,1.34495,1.34504,1.34494,1.34494,628400001.5258789
2012-02-27 05:00:00,1.34494,1.34495,1.34483,1.34483,519700012.20703125
2012-02-27 05:01:00,1.34489,1.3449,1.34482,1.34485,1037399978.6376953
2012-02-27 05:02:00,1.34487,1.34488,1.3448,1.34482,813499984.7412109
2012-02-27 05:03:00,1.34482,1.34488,1.34468,1.34473,956900024.4140625
2012-02-27 05:04:00,1.34473,1.34478,1.34466,1.34466,834100036.6210938
2012-02-27 05:05:00,1.34467,1.34467,1.34457,1.3446,589799995.4223633
2012-02-27 05:06:00,1.3446,1.34468,1.34458,1.3446,1104000015.258789
2012-02-27 05:07:00,1.3446,1.34464,1.34458,1.34458,464300003.0517578
2012-02-27 05:08:00,1.34458,1.34462,1.34457,1.3446,694700012.2070312
2012-02-27 05:09:00,1.3446,1.34492,1.3446,1.34489,1562500000.0
2012-02-27 05:10:00,1.34489,1.3449,1.34477,1.34478,1088000030.5175781
2012-02-27 05:11:00,1.34478,1.34485,1.34478,1.34484,744400024.4140625
2012-02-27 05:12:00,1.34484,1.34484,1.34479,1.3448,540299987.7929688
2012-02-27 05:13:00,1.3448,1.34481,1.34469,1.34478,982200012.2070312
2012-02-27 05:14:00,1.34479,1.34486,1.34472,1.34479,1068600006.1035156
2012-02-27 05:15:00,1.34479,1.34483,1.34463,1.34471,1473200073.2421875
2012-02-27 05:16:00,1.34468,1.34483,1.34457,1.34476,1542200012.2070312
2012-02-27 05:17:00,1.34476,1.34478,1.3446,1.34469,566300010.6811523
2012-02-27 05:18:00,1.34466,1.34469,1.34449,1.34449,1055899963.3789062
2012-02-27 05:19:00,1.34449,1.34454,1.3443,1.34454,922600021.3623047
2012-02-27 05:20:00,1.34452,1.34454,1.34442,1.34442,380699996.9482422
2012-02-27 05:21:00,1.34442,1.34452,1.34441,1.34449,770299987.7929688
2012-02-27 05:22:00,1.34449,1.3446,1.34436,1.34441,1389900054.9316406
2012-02-27 05:23:00,1.3444,1.34449,1.3444,1.3444,1133199996.9482422
2012-02-27 05:24:00,1.3444,1.34457,1.3444,1.34446,1448500061.0351562
2012-02-27 05:25:00,1.34443,1.34456,1.34443,1.34452,1640099945.0683594
2012-02-27 05:26:00,1.34452,1.34453,1.34449,1.3445,628499984.7412109
2012-02-27 05:27:00,1.34451,1.34462,1.34449,1.3446,1221699981.6894531
2012-02-27 05:28:00,1.3446,1.34473,1.34458,1.34469,2190700073.2421875
2012-02-27 05:29:00,1.3447,1.34485,1.3447,1.34481,776699981.6894531
2012-02-27 05:30:00,1.34481,1.3449,1.34478,1.34488,929499969.4824219
2012-02-27 05:31:00,1.34488,1.34488,1.34464,1.34476,1020000000.0
2012-02-27 05:32:00,1.34474,1.34478,1.34466,1.34478,715000000.0
2012-02-27 05:33:00,1.34478,1.34483,1.34478,1.34479,255000000.0
2012-02-27 05:34:00,1.34479,1.34479,1.34473,1.34478,341399993.8964844
2012-02-27 05:35:00,1.34478,1.34478,1.34461,1.34473,1123899993.8964844
2012-02-27 05:36:00,1.34473,1.34483,1.34473,1.34479,784300003.0517578
2012-02-27 05:37:00,1.34476,1.34505,1.34476,1.34502,1285700073.2421875
2012-02-27 05:38:00,1.34502,1.34504,1.34489,1.34489,626500015.2587891
2012-02-27 05:39:00,1.34488,1.34488,1.34478,1.34488,1297400054.9316406
2012-02-27 05:40:00,1.34492,1.34492,1.34483,1.34486,1031399993.8964844
2012-02-27 05:41:00,1.34486,1.34504,1.34479,1.34479,1102900009.1552734
2012-02-27 05:42:00,1.34481,1.34492,1.34476,1.34488,1119400024.4140625
2012-02-27 05:43:00,1.34486,1.34492,1.3448,1.34481,461100006.1035156
2012-02-27 05:44:00,1.34481,1.34486,1.34473,1.34473,856200027.4658203
2012-02-27 05:45:00,1.34473,1.34478,1.34467,1.34469,560600013.7329102
2012-02-27 05:46:00,1.34469,1.34473,1.34467,1.34473,337500000.0
2012-02-27 05:47:00,1.34473,1.34483,1.34471,1.34473,1151399993.8964844
2012-02-27 05:48:00,1.34473,1.34481,1.34473,1.34479,697900009.1552734
2012-02-27 05:49:00,1.34479,1.34484,1.34467,1.34471,644400024.4140625
2012-02-27 05:50:00,1.34473,1.34473,1.34453,1.34456,923199996.9482422
2012-02-27 05:51:00,1.34454,1.34454,1.34439,1.34444,1060599975.5859375
2012-02-27 05:52:00,1.34446,1.34452,1.3444,1.34443,984199981.6894531
2012-02-27 05:53:00,1.34443,1.34451,1.3444,1.34451,1315899963.3789062
2012-02-27 05:54:00,1.34454,1.34456,1.34443,1.34449,1361300048.828125
2012-02-27 05:55:00,1.34449,1.34451,1.34442,1.34448,715899963.3789062
2012-02-27 05:56:00,1.34446,1.34452,1.34443,1.34452,607200012.2070312
2012-02-27 05:57:00,1.34452,1.34452,1.34446,1.34446,1092300033.569336
2012-02-27 05:58:00,1.34446,1.34461,1.34444,1.34458,1399799957.2753906
2012-02-27 05:59:00,1.34456,1.34464,1.3445,1.34463,850699996.9482422
2012-02-27 06:00:00,1.34463,1.34471,1.34458,1.34467,1147099990.8447266
2012-02-27 06:01:00,1.34469,1.34469,1.3446,1.3446,707500000.0
2012-02-27 06:02:00,1.3446,1.34461,1.34457,1.34457,915999984.7412109
2012-02-27 06:03:00,1.34458,1.34458,1.34449,1.34453,767900009.1552734
2012-02-27 06:04:00,1.34453,1.34482,1.34451,1.34479,960400009.1552734
2012-02-27 06:05:00,1.34479,1.34479,1.34468,1.34477,584399986.2670898
2012-02-27 06:06:00,1.34474,1.3448,1.34472,1.34472,1080899963.3789062
2012-02-27 06:07:00,1.34472,1.34473,1.34469,1.34471,665400009.1552734
2012-02-27 06:08:00,1.3447,1.3447,1.34451,1.34451,1356399993.8964844
2012-02-27 06:09:00,1.34453,1.34459,1.3445,1.34452,807600021.3623047
2012-02-27 06:10:00,1.34452,1.34463,1.34452,1.34462,1012799987.7929688
2012-02-27 06:11:00,1.34462,1.34462,1.3445,1.34461,1081900024.4140625
2012-02-27 06:12:00,1.34461,1.34461,1.34451,1.34453,941299972.5341797
2012-02-27 06:13:00,1.34453,1.34453,1.34415,1.34415,2744500122.0703125
2012-02-27 06:14:00,1.34415,1.34416,1.34397,1.34408,1920200042.7246094
2012-02-27 06:15:00,1.34408,1.34415,1.344,1.344,1113199996.9482422
2012-02-27 06:16:00,1.34403,1.34415,1.34399,1.34412,943300018.3105469
2012-02-27 06:17:00,1.34413,1.34424,1.34409,1.3442,1234499969.4824219
2012-02-27 06:18:00,1.34418,1.3442,1.34401,1.34405,1502700042.7246094
2012-02-27 06:19:00,1.34406,1.34408,1.34398,1.344,1043700027.4658203
2012-02-27 06:20:00,1.34399,1.34434,1.34398,1.34416,1753200073.2421875
2012-02-27 06:21:00,1.34416,1.34428,1.34413,1.34416,1455000000.0
2012-02-27 06:22:00,1.34419,1.34432,1.34419,1.34428,1527799987.7929688
2012-02-27 06:23:00,1.34428,1.34433,1.34419,1.34428,1301699981.6894531
2012-02-27 06:24:00,1.34428,1.34429,1.34418,1.34428,1130400009.1552734
2012-02-27 06:25:00,1.34423,1.34431,1.3442,1.34423,555099983.215332
2012-02-27 06:26:00,1.34423,1.34429,1.34423,1.34426,412900009.15527344
2012-02-27 06:27:00,1.34424,1.34424,1.3441,1.34418,645000000.0
2012-02-27 06:28:00,1.3442,1.3442,1.34384,1.34394,1776100006.1035156
2012-02-27 06:29:00,1.34398,1.34402,1.34381,1.34386,1724100036.6210938
2012-02-27 06:30:00,1.34387,1.34388,1.34358,1.34368,2767999877.9296875
2012-02-27 06:31:00,1.3437,1.3437,1.34347,1.34348,1726000061.0351562
2012-02-27 06:32:00,1.34349,1.34351,1.34312,1.34335,2470000000.0
2012-02-27 06:33:00,1.34333,1.34337,1.34323,1.34332,2472200012.2070312
2012-02-27 06:34:00,1.34332,1.34346,1.34332,1.34343,1909199981.6894531
2012-02-27 06:35:00,1.34343,1.34374,1.34343,1.34373,1757899932.8613281
2012-02-27 06:36:00,1.34371,1.34378,1.34364,1.34368,1901699981.6894531
2012-02-27 06:37:00,1.34368,1.34373,1.34362,1.34362,1056399993.8964844
2012-02-27 06:38:00,1.34362,1.34368,1.3436,1.34361,930500030.5175781
2012-02-27 06:39:00,1.34361,1.34375,1.3436,1.34374,1905700073.2421875
2012-02-27 06:40:00,1.34374,1.34379,1.34367,1.34367,1487899932.8613281
2012-02-27 06:41:00,1.34367,1.34368,1.34359,1.34364,1291199951.171875
2012-02-27 06:42:00,1.34364,1.34368,1.34347,1.34359,1630299987.7929688
2012-02-27 06:43:00,1.34362,1.34383,1.34355,1.34378,2571000061.0351562
2012-02-27 06:44:00,1.34378,1.34383,1.34372,1.3438,1159199981.6894531
2012-02-27 06:45:00,1.34378,1.34404,1.34373,1.34404,1981600036.6210938
2012-02-27 06:46:00,1.34404,1.34418,1.34388,1.34401,2430000000.0
2012-02-27 06:47:00,1.34401,1.34411,1.34401,1.34404,1545200042.7246094
2012-02-27 06:48:00,1.34405,1.34412,1.34394,1.34399,2366600036.6210938
2012-02-27 06:49:00,1.34399,1.34403,1.34394,1.34403,839300003.0517578
2012-02-27 06:50:00,1.34403,1.34403,1.34387,1.34391,1174400024.4140625
2012-02-27 06:51:00,1.3439,1.34401,1.34388,1.34399,708799972.5341797
2012-02-27 06:52:00,1.34399,1.34399,1.34373,1.34378,1171900024.4140625
2012-02-27 06:53:00,1.34378,1.34385,1.34338,1.34339,2060800018.3105469
2012-02-27 06:54:00,1.34339,1.34367,1.34339,1.34351,1111100006.1035156
2012-02-27 06:55:00,1.3435,1.34393,1.3435,1.34391,1196900024.4140625
2012-02-27 06:56:00,1.34392,1.34398,1.34377,1.34377,877500000.0
2012-02-27 06:57:00,1.34377,1.34378,1.34351,1.34366,1327500000.0
2012-02-27 06:58:00,1.34363,1.3439,1.34362,1.3439,1673000030.5175781
2012-02-27 06:59:00,1.34391,1.34425,1.34391,1.34423,2916600036.6210938
2012-02-27 07:00:00,1.34422,1.34447,1.34419,1.34447,2826700134.2773438
2012-02-27 07:01:00,1.34447,1.34457,1.34442,1.34457,1674400024.4140625
2012-02-27 07:02:00,1.34458,1.34496,1.34455,1.3449,2557899932.861328
2012-02-27 07:03:00,1.3449,1.3449,1.3446,1.3446,1947599945.0683594
2012-02-27 07:04:00,1.34461,1.34464,1.34447,1.34447,1530000000.0
2012-02-27 07:05:00,1.34447,1.34447,1.34415,1.34422,1480200042.7246094
2012-02-27 07:06:00,1.34422,1.34424,1.3441,1.34415,975299987.7929688
2012-02-27 07:07:00,1.34415,1.34415,1.34393,1.34396,1374400024.4140625
2012-02-27 07:08:00,1.34403,1.34423,1.34393,1.34421,1332200012.2070312
2012-02-27 07:09:00,1.3442,1.34421,1.34416,1.34418,1479600067.1386719
2012-02-27 07:10:00,1.34418,1.34428,1.34395,1.3441,1446999969.4824219
2012-02-27 07:11:00,1.34408,1.3441,1.34399,1.34407,1691699981.6894531
2012-02-27 07:12:00,1.34407,1.34413,1.344,1.34409,864400024.4140625
2012-02-27 07:13:00,1.34409,1.3442,1.34406,1.34408,1200599975.5859375
2012-02-27 07:14:00,1.34408,1.34422,1.34408,1.34411,1029100036.6210938
2012-02-27 07:15:00,1.34412,1.3442,1.34408,1.34413,1354100036.6210938
2012-02-27 07:16:00,1.34413,1.34435,1.34412,1.34426,1193799972.5341797
2012-02-27 07:17:00,1.34426,1.34442,1.34425,1.34436,1313500061.0351562
2012-02-27 07:18:00,1.34436,1.34436,1.344,1.34409,2326600036.6210938
2012-02-27 07:19:00,1.34408,1.34436,1.34408,1.34436,1190500030.5175781
2012-02-27 07:20:00,1.34438,1.34468,1.34437,1.34468,862799987.7929688
2012-02-27 07:21:00,1.34468,1.34471,1.34449,1.34471,1504499969.4824219
2012-02-27 07:22:00,1.34471,1.34473,1.34467,1.34471,1270100021.3623047
2012-02-27 07:23:00,1.3447,1.34504,1.34469,1.34501,1736699981.6894531
2012-02-27 07:24:00,1.34501,1.34512,1.34474,1.34477,2740499877.9296875
2012-02-27 07:25:00,1.34474,1.34476,1.34443,1.3446,1540700073.2421875
2012-02-27 07:26:00,1.3446,1.34477,1.3445,1.34477,1509199981.6894531
2012-02-27 07:27:00,1.34483,1.3449,1.3447,1.34475,1521300048.828125
2012-02-27 07:28:00,1.34475,1.34495,1.34464,1.34495,1380800018.3105469
2012-02-27 07:29:00,1.34495,1.34508,1.34486,1.34488,1301799926.7578125
2012-02-27 07:30:00,1.34486,1.345,1.34468,1.34468,1827200012.2070312
2012-02-27 07:31:00,1.3447,1.34477,1.34455,1.34456,1468600006.1035156
2012-02-27 07:32:00,1.34459,1.34461,1.34444,1.34451,1801999969.4824219
2012-02-27 07:33:00,1.34455,1.34455,1.34439,1.34452,1269599990.8447266
2012-02-27 07:34:00,1.34452,1.34464,1.34448,1.34454,1558500061.0351562
2012-02-27 07:35:00,1.34454,1.34466,1.34435,1.34459,2423300018.310547
2012-02-27 07:36:00,1.34459,1.34459,1.34433,1.34443,1889299926.7578125
2012-02-27 07:37:00,1.34443,1.34461,1.34441,1.34446,1686199951.171875
2012-02-27 07:38:00,1.34446,1.34453,1.34423,1.34449,1726100006.1035156
2012-02-27 07:39:00,1.34448,1.34486,1.34448,1.34466,1751100006.1035156
2012-02-27 07:40:00,1.34466,1.34491,1.34466,1.34489,1830200042.7246094
2012-02-27 07:41:00,1.34489,1.34554,1.34489,1.34535,3812099914.5507812
2012-02-27 07:42:00,1.34534,1.34546,1.34525,1.34538,2657600097.65625
2012-02-27 07:43:00,1.34538,1.34542,1.34523,1.34523,1983600006.1035156
2012-02-27 07:44:00,1.34523,1.3454,1.34523,1.34533,2676300048.828125
2012-02-27 07:45:00,1.34533,1.34546,1.34528,1.34545,1372500000.0
2012-02-27 07:46:00,1.34545,1.34609,1.34544,1.34603,2209700012.2070312
2012-02-27 07:47:00,1.34604,1.34605,1.34573,1.34576,2727500000.0
2012-02-27 07:48:00,1.34577,1.34581,1.34564,1.34574,1828999938.9648438
2012-02-27 07:49:00,1.34574,1.34594,1.34572,1.34578,1708500061.0351562
2012-02-27 07:50:00,1.34579,1.34617,1.34575,1.34614,2423800048.828125
2012-02-27 07:51:00,1.34614,1.34629,1.346,1.34614,2586099853.515625
2012-02-27 07:52:00,1.34616,1.34626,1.34603,1.34624,2207799987.7929688
2012-02-27 07:53:00,1.34624,1.34624,1.34599,1.34615,2194400024.4140625
2012-02-27 07:54:00,1.34615,1.34636,1.3461,1.34624,1985800018.3105469
2012-02-27 07:55:00,1.34623,1.34642,1.34621,1.34629,2021999969.4824219
2012-02-27 07:56:00,1.34629,1.34635,1.34618,1.34618,3078599853.515625
2012-02-27 07:57:00,1.34618,1.34619,1.34594,1.34594,2014100036.6210938
2012-02-27 07:58:00,1.34594,1.34625,1.34589,1.34625,2749400024.4140625
2012-02-27 07:59:00,1.34623,1.34623,1.3456,1.34589,3393200073.2421875
2012-02-27 08:00:00,1.34591,1.34591,1.3456,1.34561,3057300109.8632812
2012-02-27 08:01:00,1.34563,1.34573,1.34532,1.34561,2797999877.9296875
2012-02-27 08:02:00,1.34561,1.34561,1.345,1.34513,3542999877.9296875
2012-02-27 08:03:00,1.3451,1.34542,1.34508,1.34541,1924799957.2753906
2012-02-27 08:04:00,1.34539,1.34551,1.34533,1.34549,1862799987.7929688
2012-02-27 08:05:00,1.3455,1.34583,1.3455,1.34583,2834599914.5507812
2012-02-27 08:06:00,1.34583,1.34609,1.34572,1.3458,3521700134.2773438
2012-02-27 08:07:00,1.34579,1.34581,1.34561,1.34569,2046900024.4140625
2012-02-27 08:08:00,1.34568,1.34585,1.34553,1.34554,2700499877.9296875
2012-02-27 08:09:00,1.34553,1.34553,1.34466,1.34492,3494800109.8632812
2012-02-27 08:10:00,1.34493,1.34525,1.34491,1.34513,3179500122.0703125
2012-02-27 08:11:00,1.34513,1.34536,1.34496,1.34527,3202399902.34375
2012-02-27 08:12:00,1.34531,1.34534,1.3447,1.34472,3235100097.65625
2012-02-27 08:13:00,1.34472,1.34491,1.34403,1.34408,3823299865.7226562
2012-02-27 08:14:00,1.34405,1.34417,1.34388,1.34415,3370700073.2421875
2012-02-27 08:15:00,1.34417,1.34439,1.34411,1.34411,3329700012.2070312
2012-02-27 08:16:00,1.34412,1.34446,1.34412,1.34443,2223699951.171875
2012-02-27 08:17:00,1.34443,1.34446,1.34426,1.34426,2254700012.2070312
2012-02-27 08:18:00,1.34426,1.34453,1.34398,1.34412,3727999877.9296875
2012-02-27 08:19:00,1.34413,1.3442,1.34345,1.34345,4383500061.035156
2012-02-27 08:20:00,1.34345,1.34391,1.3433,1.34383,3125700073.2421875
2012-02-27 08:21:00,1.34384,1.34389,1.34327,1.34327,2793599853.515625
2012-02-27 08:22:00,1.3432,1.34327,1.34289,1.34327,3264700012.2070312
2012-02-27 08:23:00,1.34327,1.34333,1.34309,1.34317,2478399963.3789062
2012-02-27 08:24:00,1.34317,1.34332,1.343,1.34331,2746300048.828125
2012-02-27 08:25:00,1.34332,1.34341,1.34313,1.34333,2612300109.8632812
2012-02-27 08:26:00,1.34333,1.34348,1.34332,1.34346,2741700134.2773438
2012-02-27 08:27:00,1.34343,1.3435,1.34317,1.34317,2389799957.2753906
2012-02-27 08:28:00,1.34317,1.34338,1.34302,1.34317,3071799926.7578125
2012-02-27 08:29:00,1.3432,1.34341,1.34309,1.34337,3359100036.6210938
2012-02-27 08:30:00,1.34336,1.34342,1.34291,1.34293,3385100097.65625
2012-02-27 08:31:00,1.34291,1.34293,1.34257,1.34262,3041099853.515625
2012-02-27 08:32:00,1.34264,1.34269,1.34246,1.34253,3362000122.0703125
2012-02-27 08:33:00,1.34254,1.34263,1.34225,1.34244,2739100036.6210938
2012-02-27 08:34:00,1.34244,1.34261,1.34235,1.34249,2712600097.65625
2012-02-27 08:35:00,1.34249,1.3425,1.3421,1.34236,3880199890.1367188
2012-02-27 08:36:00,1.34241,1.34273,1.34239,1.34267,3230199890.1367188
2012-02-27 08:37:00,1.34268,1.34303,1.34265,1.34303,2945100097.65625
2012-02-27 08:38:00,1.34302,1.34316,1.34291,1.34303,2230299987.7929688
2012-02-27 08:39:00,1.34304,1.34321,1.34291,1.34312,2697399902.34375
2012-02-27 08:40:00,1.34312,1.34315,1.34235,1.34262,3174100036.6210938
2012-02-27 08:41:00,1.34262,1.343,1.34259,1.34294,2013800048.828125
2012-02-27 08:42:00,1.34294,1.34301,1.34265,1.34268,2734100036.6210938
2012-02-27 08:43:00,1.34269,1.34313,1.34267,1.34308,2845700073.2421875
2012-02-27 08:44:00,1.34308,1.34356,1.34294,1.34353,2456799926.7578125
2012-02-27 08:45:00,1.34351,1.34356,1.34325,1.34329,2833399963.3789062
2012-02-27 08:46:00,1.34328,1.34333,1.34242,1.34242,3279599914.5507812
2012-02-27 08:47:00,1.3424,1.34244,1.342,1.34239,3329200134.2773438
2012-02-27 08:48:00,1.3424,1.34292,1.3424,1.34275,3296099853.515625
2012-02-27 08:49:00,1.34275,1.34291,1.34271,1.34281,2456699981.689453
2012-02-27 08:50:00,1.34281,1.34287,1.34231,1.34249,3185499877.9296875
2012-02-27 08:51:00,1.34249,1.34249,1.342,1.34245,3299800109.8632812
2012-02-27 08:52:00,1.34243,1.34252,1.34207,1.34244,2743099975.5859375
2012-02-27 08:53:00,1.34244,1.3425,1.34212,1.3422,2227599945.0683594
2012-02-27 08:54:00,1.34219,1.34232,1.342,1.34204,2269799957.2753906
2012-02-27 08:55:00,1.34204,1.34213,1.34169,1.34213,3181400146.484375
2012-02-27 08:56:00,1.34213,1.34245,1.34209,1.34245,2158999938.9648438
2012-02-27 08:57:00,1.34245,1.34265,1.3424,1.34263,2529299926.7578125
2012-02-27 08:58:00,1.34269,1.34271,1.34259,1.34259,2678399963.3789062
2012-02-27 08:59:00,1.34259,1.34265,1.34244,1.34254,2143099975.5859375
2012-02-27 09:00:00,1.34254,1.34271,1.34244,1.34271,2638800048.828125
2012-02-27 09:01:00,1.34265,1.34316,1.34265,1.34314,2462599945.0683594
2012-02-27 09:02:00,1.34312,1.3434,1.343,1.34339,3467699890.1367188
2012-02-27 09:03:00,1.3434,1.34384,1.34323,1.3436,2764400024.4140625
2012-02-27 09:04:00,1.34358,1.34371,1.34342,1.34354,2491100006.1035156
2012-02-27 09:05:00,1.34356,1.34359,1.34321,1.34327,2613800048.828125
2012-02-27 09:06:00,1.34326,1.3433,1.343,1.3431,2520399932.861328
2012-02-27 09:07:00,1.34306,1.34306,1.34271,1.34272,3496600036.6210938
2012-02-27 09:08:00,1.34271,1.34295,1.3427,1.34282,2532400054.9316406
2012-02-27 09:09:00,1.34283,1.34303,1.34271,1.34294,1922100067.1386719
2012-02-27 09:10:00,1.34295,1.3431,1.34289,1.34298,2560599975.5859375
2012-02-27 09:11:00,1.34297,1.34303,1.34256,1.34258,1820500030.5175781
2012-02-27 09:12:00,1.34257,1.34269,1.34257,1.34265,2098800048.828125
2012-02-27 09:13:00,1.34265,1.34269,1.34252,1.34253,2270899963.3789062
2012-02-27 09:14:00,1.34251,1.34253,1.34224,1.34253,2824400024.4140625
2012-02-27 09:15:00,1.34252,1.34269,1.34247,1.34269,3008999938.9648438
2012-02-27 09:16:00,1.34268,1.34282,1.34259,1.34276,2827399902.34375
2012-02-27 09:17:00,1.34276,1.34303,1.34276,1.34292,2473999938.9648438
2012-02-27 09:18:00,1.34291,1.343,1.34276,1.34279,1779700012.2070312
2012-02-27 09:19:00,1.34279,1.34292,1.34261,1.34262,3119500122.0703125
2012-02-27 09:20:00,1.34262,1.34264,1.34227,1.34235,3043299865.7226562
2012-02-27 09:21:00,1.34231,1.34278,1.34229,1.34277,2269199981.689453
2012-02-27 09:22:00,1.34275,1.34281,1.34271,1.34279,2368200073.2421875
2012-02-27 09:23:00,1.34279,1.34291,1.34264,1.34289,2278000030.517578
2012-02-27 09:24:00,1.34291,1.34314,1.34289,1.34312,1746799926.7578125
2012-02-27 09:25:00,1.34311,1.34313,1.34297,1.34305,1563200073.2421875
2012-02-27 09:26:00,1.34304,1.34325,1.34302,1.34319,1989199981.6894531
2012-02-27 09:27:00,1.34317,1.3432,1.34302,1.34314,2012299957.2753906
2012-02-27 09:28:00,1.34314,1.34333,1.34309,1.34332,2311399993.8964844
2012-02-27 09:29:00,1.34331,1.34361,1.34331,1.34348,2295000000.0
2012-02-27 09:30:00,1.34352,1.34352,1.34321,1.34322,2597399902.34375
2012-02-27 09:31:00,1.34322,1.34336,1.34318,1.3433,2435800018.310547
2012-02-27 09:32:00,1.3433,1.3433,1.34267,1.3427,3448699951.171875
2012-02-27 09:33:00,1.34268,1.34273,1.3424,1.34242,2529199981.689453
2012-02-27 09:34:00,1.34244,1.34287,1.34241,1.34275,2775799865.7226562
2012-02-27 09:35:00,1.34278,1.34294,1.34273,1.34283,2530099945.0683594
2012-02-27 09:36:00,1.34278,1.34292,1.34241,1.34243,3024100036.6210938
2012-02-27 09:37:00,1.34244,1.34251,1.34222,1.34242,2655899963.3789062
2012-02-27 09:38:00,1.34245,1.34301,1.34242,1.3428,3698999938.9648438
2012-02-27 09:39:00,1.34282,1.34288,1.34239,1.34243,3348900146.484375
2012-02-27 09:40:00,1.34243,1.34283,1.34237,1.34268,3472099914.5507812
2012-02-27 09:41:00,1.34266,1.34319,1.34257,1.34319,3848999938.9648438
2012-02-27 09:42:00,1.34319,1.34329,1.34301,1.34313,4000799865.7226562
2012-02-27 09:43:00,1.34313,1.34313,1.3429,1.34308,1875700073.2421875
2012-02-27 09:44:00,1.34307,1.34308,1.34267,1.34273,3054100036.6210938
2012-02-27 09:45:00,1.34276,1.3428,1.34258,1.34271,3183999938.9648438
2012-02-27 09:46:00,1.34271,1.34287,1.34249,1.34251,2458399963.3789062
2012-02-27 09:47:00,1.34253,1.34266,1.34243,1.34247,3008999938.9648438
2012-02-27 09:48:00,1.34247,1.34274,1.34243,1.34274,2309100036.6210938
2012-02-27 09:49:00,1.34273,1.34285,1.34269,1.3428,1422500000.0
2012-02-27 09:50:00,1.34282,1.343,1.34271,1.343,2181399993.8964844
2012-02-27 09:51:00,1.343,1.34321,1.34291,1.34317,2252599945.0683594
2012-02-27 09:52:00,1.34315,1.3432,1.34297,1.34305,2159299926.7578125
2012-02-27 09:53:00,1.34307,1.34307,1.34266,1.34282,2268500061.0351562
2012-02-27 09:54:00,1.34283,1.3429,1.34275,1.3428,2229400024.4140625
2012-02-27 09:55:00,1.3428,1.3428,1.3424,1.34251,2160099945.0683594
2012-02-27 09:56:00,1.34251,1.34261,1.34243,1.34251,1827500000.0
2012-02-27 09:57:00,1.34252,1.34262,1.34242,1.34244,1551600036.6210938
2012-02-27 09:58:00,1.34247,1.34247,1.34189,1.34194,3241700134.2773438
2012-02-27 09:59:00,1.34194,1.34264,1.34194,1.34263,2229499969.482422
2012-02-27 10:00:00,1.34262,1.34274,1.34249,1.34259,2316799926.7578125
2012-02-27 10:01:00,1.34259,1.3431,1.34258,1.34305,3031199951.171875
2012-02-27 10:02:00,1.34304,1.34338,1.34285,1.34291,3127200012.2070312
2012-02-27 10:03:00,1.34291,1.34306,1.34291,1.34291,1578000030.5175781
2012-02-27 10:04:00,1.34292,1.34302,1.3428,1.34287,1891199951.171875
2012-02-27 10:05:00,1.34289,1.34291,1.34279,1.34283,1795800018.3105469
2012-02-27 10:06:00,1.34283,1.34284,1.34228,1.34229,2671400146.484375
2012-02-27 10:07:00,1.34229,1.34229,1.34206,1.34213,2910400085.4492188
2012-02-27 10:08:00,1.34215,1.34217,1.34189,1.34193,2447200012.2070312
2012-02-27 10:09:00,1.34193,1.34208,1.3419,1.34196,1661699981.6894531
2012-02-27 10:10:00,1.34197,1.34248,1.34189,1.34248,2903500061.0351562
2012-02-27 10:11:00,1.34248,1.34272,1.34248,1.34253,3365899963.3789062
2012-02-27 10:12:00,1.34253,1.34253,1.34238,1.34251,2374600067.138672
2012-02-27 10:13:00,1.3425,1.34271,1.34245,1.3427,2522899932.861328
2012-02-27 10:14:00,1.34269,1.3427,1.3424,1.34241,1791600036.6210938
2012-02-27 10:15:00,1.34241,1.3425,1.34212,1.34212,1751199951.171875
2012-02-27 10:16:00,1.34212,1.34212,1.34142,1.34144,2855199890.1367188
2012-02-27 10:17:00,1.34142,1.34161,1.34129,1.34129,2662699890.1367188
2012-02-27 10:18:00,1.34135,1.34178,1.34135,1.34173,3041799926.7578125
2012-02-27 10:19:00,1.34174,1.34176,1.3416,1.3416,2628999938.9648438
2012-02-27 10:20:00,1.3416,1.3418,1.34152,1.3418,2171000061.0351562
2012-02-27 10:21:00,1.3418,1.34187,1.34171,1.34187,2087799987.7929688
2012-02-27 10:22:00,1.34188,1.342,1.34179,1.34186,2037200012.2070312
2012-02-27 10:23:00,1.34186,1.3419,1.34118,1.3412,2432899932.861328
2012-02-27 10:24:00,1.34119,1.34135,1.34108,1.34124,2969200134.2773438
2012-02-27 10:25:00,1.34124,1.34136,1.34112,1.34114,2476900024.4140625
2012-02-27 10:26:00,1.34114,1.34131,1.34105,1.34123,2504199981.689453
2012-02-27 10:27:00,1.34123,1.34127,1.34107,1.34121,1657299957.2753906
2012-02-27 10:28:00,1.34121,1.3413,1.34113,1.34122,1779600067.1386719
2012-02-27 10:29:00,1.34119,1.34135,1.34113,1.34132,1767500000.0
2012-02-27 10:30:00,1.34132,1.34136,1.34103,1.34105,2096300048.828125
2012-02-27 10:31:00,1.34104,1.34104,1.34066,1.34087,3199599914.5507812
2012-02-27 10:32:00,1.34088,1.34104,1.34083,1.34089,2252599945.0683594
2012-02-27 10:33:00,1.34088,1.34113,1.34046,1.34048,3328800048.828125
2012-02-27 10:34:00,1.3405,1.34084,1.34049,1.34073,3408800048.828125
2012-02-27 10:35:00,1.34072,1.34092,1.34067,1.34092,2447200012.2070312
2012-02-27 10:36:00,1.34092,1.34094,1.34058,1.34076,2353399963.3789062
2012-02-27 10:37:00,1.34076,1.34091,1.34057,1.34057,3029599914.5507812
2012-02-27 10:38:00,1.34053,1.34062,1.34018,1.34034,3057099914.5507812
2012-02-27 10:39:00,1.34034,1.34051,1.34,1.34023,3186499938.9648438
2012-02-27 10:40:00,1.34021,1.34025,1.3398,1.3401,3499500122.0703125
2012-02-27 10:41:00,1.3401,1.34039,1.34008,1.34035,2569400024.4140625
2012-02-27 10:42:00,1.34033,1.34067,1.34032,1.34057,2661900024.4140625
2012-02-27 10:43:00,1.34057,1.3409,1.34053,1.34083,2664299926.7578125
2012-02-27 10:44:00,1.34083,1.34112,1.34067,1.34111,3344400024.4140625
2012-02-27 10:45:00,1.34112,1.34112,1.34092,1.34095,2679700012.2070312
2012-02-27 10:46:00,1.34093,1.34104,1.3407,1.34075,2779700012.2070312
2012-02-27 10:47:00,1.34074,1.34079,1.34052,1.3407,2471600036.6210938
2012-02-27 10:48:00,1.34071,1.34074,1.34056,1.34068,3070100097.65625
2012-02-27 10:49:00,1.34067,1.34067,1.34039,1.34039,2500099945.0683594
2012-02-27 10:50:00,1.34038,1.34038,1.33964,1.33994,3951900024.4140625
2012-02-27 10:51:00,1.33992,1.33996,1.33955,1.3396,3106199951.171875
2012-02-27 10:52:00,1.3396,1.33983,1.3396,1.33972,2158800048.828125
2012-02-27 10:53:00,1.33975,1.33983,1.3395,1.3397,2726499938.9648438
2012-02-27 10:54:00,1.33971,1.33984,1.33966,1.33969,2551799926.7578125
2012-02-27 10:55:00,1.33969,1.33991,1.33969,1.33982,1804100036.6210938
2012-02-27 10:56:00,1.33982,1.33991,1.33974,1.33989,2166499938.9648438
2012-02-27 10:57:00,1.33989,1.33996,1.33977,1.33993,1681199951.171875
2012-02-27 10:58:00,1.33993,1.34009,1.33985,1.34004,1972700042.7246094
2012-02-27 10:59:00,1.34004,1.34029,1.33993,1.34027,2792600097.65625
2012-02-27 11:00:00,1.34029,1.34032,1.34014,1.34029,2307899932.861328
2012-02-27 11:01:00,1.34031,1.34053,1.34004,1.34004,3248200073.2421875
2012-02-27 11:02:00,1.34005,1.3403,1.34002,1.34015,1945700073.2421875
2012-02-27 11:03:00,1.34013,1.34013,1.34001,1.34006,1772599945.0683594
2012-02-27 11:04:00,1.34006,1.34028,1.33994,1.34026,1716100006.1035156
2012-02-27 11:05:00,1.34026,1.34037,1.34014,1.34032,2075500030.5175781
2012-02-27 11:06:00,1.34032,1.34054,1.3403,1.34044,2109799957.2753906
2012-02-27 11:07:00,1.34044,1.34045,1.34023,1.34023,1746799926.7578125
2012-02-27 11:08:00,1.34022,1.34035,1.34016,1.34035,2433000030.517578
2012-02-27 11:09:00,1.34034,1.34036,1.34018,1.34036,1571399993.8964844
2012-02-27 11:10:00,1.34036,1.3406,1.34036,1.34053,1994799957.2753906
2012-02-27 11:11:00,1.34055,1.34074,1.34041,1.34071,2759200134.2773438
2012-02-27 11:12:00,1.34071,1.34074,1.34047,1.34059,1897500000.0
2012-02-27 11:13:00,1.34057,1.34103,1.34056,1.3408,2475700073.2421875
2012-02-27 11:14:00,1.34079,1.34101,1.34079,1.3408,1783800048.828125
2012-02-27 11:15:00,1.3408,1.34131,1.3408,1.3413,2516000061.0351562
2012-02-27 11:16:00,1.3413,1.3413,1.3411,1.34128,2466199951.171875
2012-02-27 11:17:00,1.34129,1.34146,1.34128,1.34136,3339899902.34375
2012-02-27 11:18:00,1.34135,1.34135,1.34105,1.3411,2536399993.8964844
2012-02-27 11:19:00,1.3411,1.34129,1.34088,1.34089,2605199890.1367188
2012-02-27 11:20:00,1.34091,1.34111,1.34088,1.3411,1960099945.0683594
2012-02-27 11:21:00,1.34109,1.34119,1.34091,1.34094,2399799957.2753906
2012-02-27 11:22:00,1.34094,1.3411,1.34094,1.34103,1531100006.1035156
2012-02-27 11:23:00,1.34103,1.3411,1.34093,1.34097,1539900054.9316406
2012-02-27 11:24:00,1.34097,1.34103,1.3409,1.34091,2193500061.0351562
2012-02-27 11:25:00,1.34091,1.341,1.34079,1.34099,2353000030.517578
2012-02-27 11:26:00,1.341,1.34103,1.34069,1.3407,2306999969.482422
2012-02-27 11:27:00,1.34069,1.34073,1.34008,1.34022,2739200134.2773438
2012-02-27 11:28:00,1.34023,1.34032,1.3402,1.34025,2288099975.5859375
2012-02-27 11:29:00,1.3403,1.34038,1.34021,1.34023,1627899932.8613281
2012-02-27 11:30:00,1.34021,1.34021,1.34002,1.34007,1443200073.2421875
2012-02-27 11:31:00,1.34008,1.34028,1.34005,1.34005,2166799926.7578125
2012-02-27 11:32:00,1.34006,1.34009,1.33985,1.34008,2241799926.7578125
2012-02-27 11:33:00,1.34015,1.3406,1.34015,1.34058,2180399932.861328
2012-02-27 11:34:00,1.3406,1.34082,1.3406,1.34067,2336900024.4140625
2012-02-27 11:35:00,1.34067,1.34084,1.34056,1.34068,1748399963.3789062
2012-02-27 11:36:00,1.34065,1.34077,1.34064,1.34073,1242699966.430664
2012-02-27 11:37:00,1.34073,1.34091,1.34071,1.34083,1543200073.2421875
2012-02-27 11:38:00,1.34083,1.34103,1.34083,1.34094,2210399932.861328
2012-02-27 11:39:00,1.34094,1.34122,1.34086,1.34097,2581199951.171875
2012-02-27 11:40:00,1.34099,1.34106,1.34078,1.34097,2133999938.9648438
2012-02-27 11:41:00,1.34097,1.34138,1.34097,1.34128,2921799926.7578125
2012-02-27 11:42:00,1.34128,1.34129,1.34098,1.34109,2535299987.7929688
2012-02-27 11:43:00,1.34109,1.34137,1.34099,1.34137,1649700012.2070312
2012-02-27 11:44:00,1.34138,1.34144,1.34104,1.34114,2358399963.3789062
2012-02-27 11:45:00,1.34114,1.34123,1.34098,1.3411,1861100006.1035156
2012-02-27 11:46:00,1.3411,1.34117,1.34073,1.34073,3102099914.5507812
2012-02-27 11:47:00,1.34073,1.34094,1.34073,1.34094,1953800048.828125
2012-02-27 11:48:00,1.34092,1.34094,1.34068,1.34068,1524299926.7578125
2012-02-27 11:49:00,1.34068,1.34073,1.34059,1.34069,1226500015.258789
2012-02-27 11:50:00,1.34063,1.34063,1.34036,1.34046,1666199951.171875
2012-02-27 11:51:00,1.34047,1.34047,1.3403,1.34033,1262500000.0
2012-02-27 11:52:00,1.34035,1.34053,1.34023,1.34034,1761699981.6894531
2012-02-27 11:53:00,1.34034,1.34042,1.34015,1.34042,2184299926.7578125
2012-02-27 11:54:00,1.34043,1.34043,1.34012,1.34024,1882500000.0
2012-02-27 11:55:00,1.34026,1.34055,1.34014,1.34036,2563299865.7226562
2012-02-27 11:56:00,1.34036,1.34043,1.34032,1.34032,1329100036.6210938
2012-02-27 11:57:00,1.34032,1.34032,1.33982,1.33995,2452700042.7246094
2012-02-27 11:58:00,1.33995,1.34002,1.33948,1.33961,2662300109.8632812
2012-02-27 11:59:00,1.33962,1.34004,1.3396,1.33984,3483099975.5859375
2012-02-27 12:00:00,1.33983,1.34002,1.33966,1.34002,2999400024.4140625
2012-02-27 12:01:00,1.34002,1.34033,1.3399,1.34032,3016000061.0351562
2012-02-27 12:02:00,1.34032,1.34032,1.3401,1.34017,2828500061.0351562
2012-02-27 12:03:00,1.34018,1.34033,1.34012,1.34032,2017400054.9316406
2012-02-27 12:04:00,1.34034,1.34047,1.34017,1.34017,2734700012.2070312
2012-02-27 12:05:00,1.34016,1.34016,1.33953,1.33975,3281400146.484375
2012-02-27 12:06:00,1.33975,1.33975,1.33949,1.33953,2313699951.171875
2012-02-27 12:07:00,1.33955,1.33987,1.33948,1.33987,1973999938.9648438
2012-02-27 12:08:00,1.33991,1.33999,1.33971,1.33993,2420000000.0
2012-02-27 12:09:00,1.33993,1.34023,1.33991,1.34022,2040899963.3789062
2012-02-27 12:10:00,1.34022,1.34022,1.34008,1.34008,1453500061.0351562
2012-02-27 12:11:00,1.34008,1.34014,1.33997,1.34007,2572999877.9296875
2012-02-27 12:12:00,1.34007,1.3404,1.33998,1.3403,2357899932.861328
2012-02-27 12:13:00,1.3403,1.34035,1.34018,1.34033,2033600006.1035156
2012-02-27 12:14:00,1.34033,1.34036,1.33968,1.3397,2015099945.0683594
2012-02-27 12:15:00,1.3397,1.34002,1.33967,1.33986,2036900024.4140625
2012-02-27 12:16:00,1.33985,1.34018,1.33965,1.34005,2659400024.4140625
2012-02-27 12:17:00,1.34006,1.34017,1.34001,1.34012,2275299987.7929688
2012-02-27 12:18:00,1.34012,1.34012,1.33963,1.33972,2291900024.4140625
2012-02-27 12:19:00,1.33972,1.3399,1.33969,1.33982,1324799957.2753906
2012-02-27 12:20:00,1.33982,1.33986,1.33962,1.33962,2562200012.2070312
2012-02-27 12:21:00,1.33959,1.33959,1.33922,1.33942,3220700073.2421875
2012-02-27 12:22:00,1.33944,1.33958,1.33936,1.33958,2177500000.0
2012-02-27 12:23:00,1.33957,1.33962,1.3393,1.33931,2110599975.5859375
2012-02-27 12:24:00,1.3393,1.33956,1.33927,1.33955,2189499969.482422
2012-02-27 12:25:00,1.33955,1.33966,1.33935,1.33941,2635100097.65625
2012-02-27 12:26:00,1.33941,1.33954,1.3392,1.33938,2766300048.828125
2012-02-27 12:27:00,1.33935,1.33941,1.3391,1.33921,2289299926.7578125
2012-02-27 12:28:00,1.3392,1.33923,1.339,1.33903,2348500061.0351562
2012-02-27 12:29:00,1.33905,1.33923,1.33901,1.33912,3396499938.9648438
2012-02-27 12:30:00,1.3391,1.33932,1.33902,1.33929,2690799865.7226562
2012-02-27 12:31:00,1.33929,1.33955,1.33929,1.33955,3258299865.7226562
2012-02-27 12:32:00,1.33956,1.33958,1.33921,1.33932,2464900054.9316406
2012-02-27 12:33:00,1.33934,1.33965,1.33934,1.33965,2801799926.7578125
2012-02-27 12:34:00,1.33965,1.33965,1.3393,1.33945,2837999877.9296875
2012-02-27 12:35:00,1.33946,1.33955,1.33919,1.3392,2587600097.65625
2012-02-27 12:36:00,1.33923,1.33952,1.33923,1.33948,2133899993.8964844
2012-02-27 12:37:00,1.33947,1.33963,1.33942,1.33961,1968200073.2421875
2012-02-27 12:38:00,1.3396,1.3402,1.33958,1.3402,2649700012.2070312
2012-02-27 12:39:00,1.34021,1.34021,1.33992,1.33995,2581099853.515625
2012-02-27 12:40:00,1.33995,1.3402,1.33983,1.34011,2948099975.5859375
2012-02-27 12:41:00,1.34011,1.3403,1.33998,1.33999,2328600006.1035156
2012-02-27 12:42:00,1.34,1.34016,1.33992,1.34016,2566199951.171875
2012-02-27 12:43:00,1.34013,1.34017,1.33997,1.34,2425000000.0
2012-02-27 12:44:00,1.33997,1.34001,1.33954,1.33971,2681300048.828125
2012-02-27 12:45:00,1.33972,1.34028,1.33972,1.34012,2230599975.5859375
2012-02-27 12:46:00,1.34011,1.34025,1.34001,1.34021,1589900054.9316406
2012-02-27 12:47:00,1.34018,1.34027,1.34011,1.34013,1796799926.7578125
2012-02-27 12:48:00,1.34016,1.34037,1.34016,1.34026,2659500122.0703125
2012-02-27 12:49:00,1.34024,1.34025,1.33989,1.34001,2763900146.484375
2012-02-27 12:50:00,1.34001,1.34001,1.33948,1.33965,2137299957.2753906
2012-02-27 12:51:00,1.33963,1.33963,1.33921,1.33937,2716000061.0351562
2012-02-27 12:52:00,1.33937,1.33944,1.339,1.33905,2988599853.515625
2012-02-27 12:53:00,1.33905,1.33924,1.33893,1.33906,2793200073.2421875
2012-02-27 12:54:00,1.33909,1.33942,1.33909,1.3394,2264700012.2070312
2012-02-27 12:55:00,1.33938,1.33946,1.33931,1.33942,2050200042.7246094
2012-02-27 12:56:00,1.3394,1.33945,1.33922,1.33923,2001999969.4824219
2012-02-27 12:57:00,1.33923,1.33969,1.33923,1.33963,2277700042.7246094
2012-02-27 12:58:00,1.33963,1.33965,1.33932,1.33942,2198399963.3789062
2012-02-27 12:59:00,1.33943,1.33994,1.33942,1.33994,2186399993.8964844
2012-02-27 13:00:00,1.33993,1.34013,1.33991,1.33994,2959500122.0703125
2012-02-27 13:01:00,1.33994,1.34023,1.33994,1.34004,1757899932.8613281
2012-02-27 13:02:00,1.34004,1.34023,1.34004,1.34017,2405899963.3789062
2012-02-27 13:03:00,1.34018,1.34024,1.33954,1.33963,2423099975.5859375
2012-02-27 13:04:00,1.3396,1.33984,1.33952,1.3397,2798299865.7226562
2012-02-27 13:05:00,1.33967,1.33984,1.33946,1.33946,2086000061.0351562
2012-02-27 13:06:00,1.33945,1.33964,1.33942,1.33957,2378800048.828125
2012-02-27 13:07:00,1.33957,1.33963,1.33943,1.33952,2079400024.4140625
2012-02-27 13:08:00,1.3395,1.33962,1.33941,1.33962,2029100036.6210938
2012-02-27 13:09:00,1.3396,1.33973,1.33952,1.33959,1764100036.6210938
2012-02-27 13:10:00,1.33962,1.33962,1.33931,1.33936,2324299926.7578125
2012-02-27 13:11:00,1.33937,1.33938,1.33905,1.33905,2155399932.861328
2012-02-27 13:12:00,1.33903,1.33916,1.33899,1.33909,1764499969.4824219
2012-02-27 13:13:00,1.33909,1.33909,1.33885,1.33904,2807300109.8632812
2012-02-27 13:14:00,1.33905,1.33924,1.33863,1.33863,3503800048.828125
2012-02-27 13:15:00,1.33864,1.33887,1.33864,1.33881,3219700012.2070312
2012-02-27 13:16:00,1.33881,1.33892,1.33874,1.33889,1964600067.1386719
2012-02-27 13:17:00,1.33889,1.33914,1.33885,1.33909,2338699951.171875
2012-02-27 13:18:00,1.33906,1.33918,1.33904,1.33917,2105899963.3789062
2012-02-27 13:19:00,1.33918,1.33943,1.33916,1.33936,2631900024.4140625
2012-02-27 13:20:00,1.33936,1.33971,1.33925,1.33968,2937799987.7929688
2012-02-27 13:21:00,1.33968,1.33974,1.33954,1.33961,2477200012.2070312
2012-02-27 13:22:00,1.33962,1.33966,1.3394,1.33951,1933099975.5859375
2012-02-27 13:23:00,1.33954,1.33958,1.3393,1.33942,2115399932.8613281
2012-02-27 13:24:00,1.33942,1.33953,1.3392,1.33921,1718999938.9648438
2012-02-27 13:25:00,1.33921,1.33927,1.33905,1.33927,2199799957.2753906
2012-02-27 13:26:00,1.33928,1.3395,1.33928,1.33931,1386199951.171875
2012-02-27 13:27:00,1.33931,1.33936,1.33928,1.33936,787799987.7929688
2012-02-27 13:28:00,1.33933,1.33982,1.33923,1.33972,2043899993.8964844
2012-02-27 13:29:00,1.3397,1.3397,1.33942,1.33961,2792099914.5507812
2012-02-27 13:30:00,1.33961,1.33972,1.3393,1.3393,2985000000.0
2012-02-27 13:31:00,1.3393,1.33944,1.3392,1.33926,1970800018.3105469
2012-02-27 13:32:00,1.33925,1.33953,1.33925,1.33938,2182200012.2070312
2012-02-27 13:33:00,1.33939,1.33942,1.33919,1.33919,1705800018.3105469
2012-02-27 13:34:00,1.33919,1.33923,1.33913,1.3392,2265299987.7929688
2012-02-27 13:35:00,1.3392,1.3392,1.33861,1.33887,2810100097.65625
2012-02-27 13:36:00,1.33887,1.33887,1.33841,1.33857,3066700134.2773438
2012-02-27 13:37:00,1.33854,1.33883,1.33848,1.33878,2539400024.4140625
2012-02-27 13:38:00,1.33877,1.33895,1.33856,1.33891,3271099853.515625
2012-02-27 13:39:00,1.33891,1.33898,1.3387,1.3389,2827999877.9296875
2012-02-27 13:40:00,1.3389,1.33891,1.3387,1.3388,2368000030.517578
2012-02-27 13:41:00,1.3388,1.33881,1.33857,1.33858,1788000030.5175781
2012-02-27 13:42:00,1.33859,1.33884,1.33857,1.3387,2277100067.138672
2012-02-27 13:43:00,1.3387,1.33912,1.33863,1.3391,2897500000.0
2012-02-27 13:44:00,1.33906,1.33911,1.33853,1.33853,2462299957.2753906
2012-02-27 13:45:00,1.33852,1.33864,1.33835,1.33848,2821400146.484375
2012-02-27 13:46:00,1.33848,1.33857,1.33838,1.33841,2426300048.828125
2012-02-27 13:47:00,1.33841,1.33851,1.33831,1.33835,2735499877.9296875
2012-02-27 13:48:00,1.33834,1.33853,1.33824,1.33838,2136699981.6894531
2012-02-27 13:49:00,1.33837,1.33863,1.33833,1.33848,3209700012.2070312
2012-02-27 13:50:00,1.33849,1.33851,1.3381,1.33817,2665799865.7226562
2012-02-27 13:51:00,1.33818,1.33832,1.33812,1.33814,2467400054.9316406
2012-02-27 13:52:00,1.33814,1.33814,1.33788,1.33791,2653399963.3789062
2012-02-27 13:53:00,1.33793,1.33811,1.33777,1.33811,3615499877.9296875
2012-02-27 13:54:00,1.33813,1.33822,1.33798,1.33822,2432299957.2753906
2012-02-27 13:55:00,1.33824,1.3386,1.33824,1.33859,2702000122.0703125
2012-02-27 13:56:00,1.33856,1.33871,1.3385,1.33869,1983399963.3789062
2012-02-27 13:57:00,1.3387,1.33881,1.3386,1.3387,2117100067.1386719
2012-02-27 13:58:00,1.3387,1.33881,1.33865,1.3388,2183600006.1035156
2012-02-27 13:59:00,1.33879,1.33882,1.3387,1.33881,1836699981.6894531
2012-02-27 14:00:00,1.33881,1.33885,1.33872,1.33874,1916799926.7578125
2012-02-27 14:01:00,1.33874,1.33907,1.33872,1.33891,2277899932.861328
2012-02-27 14:02:00,1.33891,1.33895,1.3387,1.33884,1848999938.9648438
2012-02-27 14:03:00,1.33883,1.33892,1.33872,1.3388,2520000000.0
2012-02-27 14:04:00,1.33883,1.33883,1.3386,1.33873,2124199981.6894531
2012-02-27 14:05:00,1.33874,1.33882,1.33844,1.33861,2141600036.6210938
2012-02-27 14:06:00,1.3386,1.33871,1.33852,1.33871,2203200073.2421875
2012-02-27 14:07:00,1.33871,1.33875,1.33864,1.33871,1860000000.0
2012-02-27 14:08:00,1.33871,1.33871,1.33843,1.33844,2365000000.0
2012-02-27 14:09:00,1.33843,1.33848,1.33795,1.33814,2533899993.8964844
2012-02-27 14:10:00,1.33813,1.33834,1.33804,1.33804,2411699981.689453
2012-02-27 14:11:00,1.33803,1.33806,1.33717,1.3372,3439500122.0703125
2012-02-27 14:12:00,1.33722,1.33764,1.33721,1.33757,2477899932.861328
2012-02-27 14:13:00,1.33757,1.33774,1.33756,1.33768,2877500000.0
2012-02-27 14:14:00,1.33768,1.33803,1.33745,1.33799,2861000061.0351562
2012-02-27 14:15:00,1.33798,1.33802,1.3377,1.3377,4221300048.828125
2012-02-27 14:16:00,1.3377,1.33802,1.3376,1.33791,3116900024.4140625
2012-02-27 14:17:00,1.33794,1.33816,1.33794,1.33807,2836700134.2773438
2012-02-27 14:18:00,1.33809,1.33814,1.33784,1.33792,3599100036.6210938
2012-02-27 14:19:00,1.33791,1.33794,1.33767,1.33782,3435499877.9296875
2012-02-27 14:20:00,1.33781,1.33829,1.33781,1.33823,3204200134.2773438
2012-02-27 14:21:00,1.33823,1.33865,1.33814,1.3386,2944200134.2773438
2012-02-27 14:22:00,1.33861,1.33861,1.3384,1.33852,2507100067.138672
2012-02-27 14:23:00,1.33851,1.33863,1.33825,1.33862,4047699890.1367188
2012-02-27 14:24:00,1.33862,1.33877,1.33822,1.33842,4228099975.5859375
2012-02-27 14:25:00,1.33848,1.33852,1.33812,1.33814,3192099914.5507812
2012-02-27 14:26:00,1.33814,1.33814,1.33782,1.3379,2399400024.4140625
2012-02-27 14:27:00,1.3379,1.33808,1.33772,1.33808,1895800018.3105469
2012-02-27 14:28:00,1.33805,1.33805,1.33749,1.33756,2586400146.484375
2012-02-27 14:29:00,1.33755,1.33776,1.33693,1.33695,3259899902.34375
2012-02-27 14:30:00,1.33689,1.33739,1.33684,1.33732,4053900146.484375
2012-02-27 14:31:00,1.33732,1.33743,1.33691,1.33707,3236400146.484375
2012-02-27 14:32:00,1.33705,1.3373,1.33696,1.33722,3199400024.4140625
2012-02-27 14:33:00,1.33722,1.33722,1.33663,1.33669,3028500061.0351562
2012-02-27 14:34:00,1.33671,1.3373,1.33671,1.3373,3243500061.0351562
2012-02-27 14:35:00,1.33731,1.33734,1.33712,1.33728,2879299926.7578125
2012-02-27 14:36:00,1.33729,1.33754,1.33719,1.33741,2952099914.5507812
2012-02-27 14:37:00,1.33742,1.33772,1.33731,1.33758,2622300109.8632812
2012-02-27 14:38:00,1.33756,1.33763,1.33734,1.3374,2764299926.7578125
2012-02-27 14:39:00,1.3374,1.33746,1.33702,1.33731,3636199951.171875
2012-02-27 14:40:00,1.33724,1.33724,1.33658,1.33716,3885400085.4492188
2012-02-27 14:41:00,1.33719,1.33719,1.33667,1.33703,2856499938.9648438
2012-02-27 14:42:00,1.33705,1.33733,1.33684,1.33692,3716199951.171875
2012-02-27 14:43:00,1.33693,1.33718,1.33692,1.33713,2838200073.2421875
2012-02-27 14:44:00,1.33713,1.33742,1.3371,1.3372,3148699951.171875
2012-02-27 14:45:00,1.3372,1.33726,1.33694,1.33718,2826600036.6210938
2012-02-27 14:46:00,1.33717,1.33748,1.33711,1.33739,2740199890.1367188
2012-02-27 14:47:00,1.33745,1.33745,1.33712,1.33733,2931300048.828125
2012-02-27 14:48:00,1.3373,1.33743,1.33724,1.33736,2372700042.7246094
2012-02-27 14:49:00,1.33737,1.33737,1.33712,1.33721,2932500000.0
2012-02-27 14:50:00,1.33722,1.3376,1.33718,1.33751,3233500061.0351562
2012-02-27 14:51:00,1.33752,1.33757,1.33742,1.33756,2410800018.310547
2012-02-27 14:52:00,1.33755,1.33762,1.33728,1.33756,2871099853.515625
2012-02-27 14:53:00,1.33757,1.33826,1.33757,1.33826,2735199890.1367188
2012-02-27 14:54:00,1.33827,1.33827,1.33791,1.33806,2543099975.5859375
2012-02-27 14:55:00,1.33806,1.33832,1.33806,1.33818,2979400024.4140625
2012-02-27 14:56:00,1.33818,1.33861,1.33816,1.33859,3067799987.7929688
2012-02-27 14:57:00,1.33859,1.33875,1.3385,1.33858,3372399902.34375
2012-02-27 14:58:00,1.33858,1.33858,1.3383,1.3383,2496900024.4140625
2012-02-27 14:59:00,1.3383,1.33843,1.33823,1.33838,2543000030.517578
2012-02-27 15:00:00,1.33836,1.33879,1.33835,1.33876,3896799926.7578125
2012-02-27 15:01:00,1.33874,1.33875,1.33842,1.33855,3070000000.0
2012-02-27 15:02:00,1.33854,1.33869,1.33821,1.3383,2859100036.6210938
2012-02-27 15:03:00,1.33832,1.33853,1.33831,1.33852,3203900146.484375
2012-02-27 15:04:00,1.33852,1.33852,1.3382,1.33841,3414899902.34375
2012-02-27 15:05:00,1.3384,1.33885,1.33839,1.33864,3210299987.7929688
2012-02-27 15:06:00,1.33865,1.33881,1.33852,1.33862,2792200012.2070312
2012-02-27 15:07:00,1.33862,1.33876,1.33852,1.33872,3059200134.2773438
2012-02-27 15:08:00,1.33872,1.33887,1.33857,1.3387,2980700073.2421875
2012-02-27 15:09:00,1.33868,1.33923,1.33858,1.33923,3476099853.515625
2012-02-27 15:10:00,1.33921,1.33947,1.33916,1.33941,4017799987.7929688
2012-02-27 15:11:00,1.33941,1.33963,1.33933,1.33939,3672699890.1367188
2012-02-27 15:12:00,1.3394,1.3395,1.33909,1.33928,2858800048.828125
2012-02-27 15:13:00,1.33928,1.33958,1.33921,1.33954,2593500061.0351562
2012-02-27 15:14:00,1.33956,1.33956,1.33898,1.33901,3432099914.5507812
2012-02-27 15:15:00,1.33901,1.33924,1.3389,1.33923,2189400024.4140625
2012-02-27 15:16:00,1.33924,1.33924,1.33891,1.33904,2373200073.2421875
2012-02-27 15:17:00,1.33903,1.33917,1.33892,1.33914,2644500122.0703125
2012-02-27 15:18:00,1.3391,1.33921,1.33893,1.33912,3392600097.65625
2012-02-27 15:19:00,1.33912,1.3395,1.3391,1.33937,3159299926.7578125
2012-02-27 15:20:00,1.33937,1.34004,1.33937,1.34003,3145199890.1367188
2012-02-27 15:21:00,1.34003,1.34047,1.34003,1.3404,3764800109.8632812
2012-02-27 15:22:00,1.3404,1.34049,1.34004,1.34011,3249500122.0703125
2012-02-27 15:23:00,1.34013,1.34023,1.33995,1.34015,2590499877.9296875
2012-02-27 15:24:00,1.34022,1.34045,1.34003,1.34033,3665599975.5859375
2012-02-27 15:25:00,1.3403,1.34033,1.33991,1.34023,3323399963.3789062
2012-02-27 15:26:00,1.34023,1.34023,1.34002,1.34022,2987699890.1367188
2012-02-27 15:27:00,1.34022,1.34053,1.34022,1.3403,2651900024.4140625
2012-02-27 15:28:00,1.34029,1.34033,1.33997,1.33999,3077099914.5507812
2012-02-27 15:29:00,1.33999,1.34,1.33968,1.33968,2878599853.515625
2012-02-27 15:30:00,1.33968,1.33993,1.33956,1.3396,2966700134.2773438
2012-02-27 15:31:00,1.33959,1.33959,1.3392,1.33931,2801600036.6210938
2012-02-27 15:32:00,1.33931,1.33953,1.33931,1.33943,2972399902.34375
2012-02-27 15:33:00,1.33943,1.33974,1.33938,1.33973,3553999938.9648438
2012-02-27 15:34:00,1.33974,1.33981,1.33957,1.3397,2846199951.171875
2012-02-27 15:35:00,1.33963,1.33972,1.3395,1.3397,2775299987.7929688
2012-02-27 15:36:00,1.33973,1.33973,1.33938,1.3394,2358699951.171875
2012-02-27 15:37:00,1.33939,1.33947,1.33923,1.33935,3077999877.9296875
2012-02-27 15:38:00,1.33933,1.33959,1.33929,1.33955,2771400146.484375
2012-02-27 15:39:00,1.33957,1.33966,1.33925,1.33964,2324199981.689453
2012-02-27 15:40:00,1.33965,1.34034,1.33953,1.34031,2818299865.7226562
2012-02-27 15:41:00,1.34034,1.34058,1.3402,1.34058,3723800048.828125
2012-02-27 15:42:00,1.34059,1.34113,1.34059,1.341,2899299926.7578125
2012-02-27 15:43:00,1.34102,1.34115,1.34082,1.34115,2236100006.1035156
2012-02-27 15:44:00,1.34116,1.34125,1.34095,1.34116,3360899963.3789062
2012-02-27 15:45:00,1.34114,1.34172,1.34113,1.34159,3807500000.0
2012-02-27 15:46:00,1.34158,1.3417,1.34129,1.34134,3492699890.1367188
2012-02-27 15:47:00,1.34136,1.34144,1.34119,1.3414,3028900146.484375
2012-02-27 15:48:00,1.34141,1.34149,1.34126,1.34132,2838599853.515625
2012-02-27 15:49:00,1.34132,1.34141,1.34122,1.34128,2575499877.9296875
2012-02-27 15:50:00,1.34128,1.34147,1.34115,1.34144,2517799987.7929688
2012-02-27 15:51:00,1.34146,1.34154,1.34106,1.34107,3044899902.34375
2012-02-27 15:52:00,1.34109,1.34113,1.3408,1.34086,1816100006.1035156
2012-02-27 15:53:00,1.34087,1.34101,1.34073,1.34081,3124700012.2070312
2012-02-27 15:54:00,1.34081,1.34089,1.34057,1.34062,2516399993.8964844
2012-02-27 15:55:00,1.34062,1.34074,1.3404,1.34054,3268399963.3789062
2012-02-27 15:56:00,1.34054,1.34064,1.34042,1.34061,2454499969.482422
2012-02-27 15:57:00,1.34061,1.34066,1.33954,1.33979,4494400024.4140625
2012-02-27 15:58:00,1.33979,1.33988,1.33945,1.33953,2841799926.7578125
2012-02-27 15:59:00,1.33953,1.33968,1.33927,1.33942,3698299865.7226562
2012-02-27 16:00:00,1.33942,1.33977,1.33941,1.33974,3787099914.5507812
2012-02-27 16:01:00,1.33975,1.3402,1.33972,1.34001,3562500000.0
2012-02-27 16:02:00,1.34001,1.34029,1.34001,1.34018,3190799865.7226562
2012-02-27 16:03:00,1.34019,1.34036,1.34012,1.34012,2075599975.5859375
2012-02-27 16:04:00,1.34012,1.34029,1.3399,1.34002,3002900085.4492188
2012-02-27 16:05:00,1.34003,1.34021,1.3398,1.33998,2437500000.0
2012-02-27 16:06:00,1.33998,1.34034,1.33998,1.34024,2541999969.482422
2012-02-27 16:07:00,1.34024,1.34036,1.34022,1.34025,2681300048.828125
2012-02-27 16:08:00,1.34025,1.34025,1.33987,1.34023,2512899932.861328
2012-02-27 16:09:00,1.34024,1.34073,1.34022,1.34063,2279100036.6210938
2012-02-27 16:10:00,1.34063,1.34073,1.34061,1.34072,2487400054.9316406
2012-02-27 16:11:00,1.34072,1.34103,1.34072,1.34093,2197899932.861328
2012-02-27 16:12:00,1.34097,1.34117,1.34072,1.34084,3254100036.6210938
2012-02-27 16:13:00,1.34084,1.34101,1.34082,1.34089,2188800048.828125
2012-02-27 16:14:00,1.3409,1.34103,1.34087,1.34091,2331399993.8964844
2012-02-27 16:15:00,1.34089,1.34114,1.34081,1.34082,3391700134.2773438
2012-02-27 16:16:00,1.34083,1.34093,1.34069,1.34069,3529700012.2070312
2012-02-27 16:17:00,1.34069,1.34069,1.3403,1.3403,2995799865.7226562
2012-02-27 16:18:00,1.34028,1.34041,1.34022,1.34022,4038599853.515625
2012-02-27 16:19:00,1.3402,1.34023,1.33999,1.34008,2978500061.0351562
2012-02-27 16:20:00,1.34008,1.34013,1.33989,1.34002,2736900024.4140625
2012-02-27 16:21:00,1.34002,1.34046,1.33999,1.34034,2795899963.3789062
2012-02-27 16:22:00,1.34032,1.34035,1.34019,1.34024,2422899932.861328
2012-02-27 16:23:00,1.34026,1.3403,1.34011,1.34029,2253200073.2421875
2012-02-27 16:24:00,1.34033,1.34111,1.34021,1.34082,2979500122.0703125
2012-02-27 16:25:00,1.34082,1.34096,1.34062,1.34093,3197300109.8632812
2012-02-27 16:26:00,1.34092,1.34094,1.34043,1.34058,3028599853.515625
2012-02-27 16:27:00,1.34058,1.34064,1.34029,1.34033,2103399963.3789062
2012-02-27 16:28:00,1.3403,1.34035,1.34018,1.34025,2021699981.6894531
2012-02-27 16:29:00,1.34024,1.34062,1.3402,1.34023,2282799987.7929688
2012-02-27 16:30:00,1.34023,1.34056,1.34019,1.34045,2633699951.171875
2012-02-27 16:31:00,1.34042,1.34055,1.34028,1.34029,2711400146.484375
2012-02-27 16:32:00,1.34029,1.34035,1.3399,1.34033,2312700042.7246094
2012-02-27 16:33:00,1.34033,1.34062,1.34031,1.34051,2737600097.65625
2012-02-27 16:34:00,1.34051,1.34053,1.34018,1.34021,2776900024.4140625
2012-02-27 16:35:00,1.3402,1.34066,1.34019,1.34063,4305000000.0
2012-02-27 16:36:00,1.34063,1.34079,1.34061,1.34064,2173899993.8964844
2012-02-27 16:37:00,1.34061,1.34066,1.34053,1.34056,1829600067.1386719
2012-02-27 16:38:00,1.34056,1.34114,1.34049,1.34093,3205700073.2421875
2012-02-27 16:39:00,1.34093,1.34099,1.34067,1.34068,2555099945.0683594
2012-02-27 16:40:00,1.34068,1.34099,1.34058,1.3408,2435899963.3789062
2012-02-27 16:41:00,1.34079,1.34122,1.34079,1.34112,2338399963.3789062
2012-02-27 16:42:00,1.34112,1.34137,1.3411,1.34135,2393600006.1035156
2012-02-27 16:43:00,1.34134,1.34153,1.34125,1.34129,1810500030.5175781
2012-02-27 16:44:00,1.34129,1.34151,1.34108,1.3413,2637600097.65625
2012-02-27 16:45:00,1.3413,1.34145,1.3412,1.34141,2193099975.5859375
2012-02-27 16:46:00,1.34141,1.34153,1.34112,1.34121,1679600067.1386719
2012-02-27 16:47:00,1.34121,1.34134,1.34111,1.34131,2539299926.7578125
2012-02-27 16:48:00,1.34129,1.34129,1.34075,1.34086,2231699981.689453
2012-02-27 16:49:00,1.34086,1.34101,1.34081,1.34089,1921300048.828125
2012-02-27 16:50:00,1.34089,1.34106,1.34089,1.34104,1478099975.5859375
2012-02-27 16:51:00,1.34104,1.34128,1.34103,1.34113,1916499938.9648438
2012-02-27 16:52:00,1.34113,1.3414,1.34112,1.34123,1763600006.1035156
2012-02-27 16:53:00,1.34126,1.34139,1.34123,1.34125,1982100067.1386719
2012-02-27 16:54:00,1.34125,1.34137,1.34124,1.34134,1612899932.8613281
2012-02-27 16:55:00,1.34134,1.34146,1.34132,1.34143,1671300048.828125
2012-02-27 16:56:00,1.34142,1.34142,1.34112,1.34121,2015299987.7929688
2012-02-27 16:57:00,1.34121,1.34121,1.34107,1.34113,1828200073.2421875
2012-02-27 16:58:00,1.34115,1.3413,1.34112,1.34122,1265800018.3105469
2012-02-27 16:59:00,1.34124,1.34126,1.34091,1.34096,1653500061.0351562
2012-02-27 17:00:00,1.34096,1.34114,1.34092,1.34112,2077599945.0683594
2012-02-27 17:01:00,1.34115,1.34129,1.34115,1.34129,1784400024.4140625
2012-02-27 17:02:00,1.34128,1.34142,1.34122,1.34138,2036000061.0351562
2012-02-27 17:03:00,1.34147,1.34163,1.34143,1.3415,2562000122.0703125
2012-02-27 17:04:00,1.3415,1.34163,1.3415,1.34155,1773999938.9648438
2012-02-27 17:05:00,1.34155,1.34155,1.3412,1.34122,1480899963.3789062
2012-02-27 17:06:00,1.34121,1.34132,1.34119,1.34121,1221699981.6894531
2012-02-27 17:07:00,1.34121,1.3415,1.34121,1.3415,1187399978.6376953
2012-02-27 17:08:00,1.34148,1.34153,1.34142,1.34142,2184900054.9316406
2012-02-27 17:09:00,1.34143,1.34143,1.34113,1.34125,1963500061.0351562
2012-02-27 17:10:00,1.34125,1.34141,1.34119,1.34131,1506799926.7578125
2012-02-27 17:11:00,1.34131,1.34142,1.3413,1.34132,1183399963.3789062
2012-02-27 17:12:00,1.34132,1.34148,1.3413,1.34147,1821100006.1035156
2012-02-27 17:13:00,1.34147,1.34147,1.34124,1.34133,1357500000.0
2012-02-27 17:14:00,1.34132,1.34145,1.34112,1.34112,2448699951.171875
2012-02-27 17:15:00,1.34115,1.34139,1.34067,1.34071,3571600036.6210938
2012-02-27 17:16:00,1.34071,1.34084,1.34052,1.34056,2093099975.5859375
2012-02-27 17:17:00,1.34056,1.34066,1.34051,1.34061,2401199951.171875
2012-02-27 17:18:00,1.34063,1.34063,1.34039,1.3405,1726999969.4824219
2012-02-27 17:19:00,1.3405,1.3406,1.3403,1.34033,2333600006.1035156
2012-02-27 17:20:00,1.34034,1.34038,1.33953,1.33959,3256600036.6210938
2012-02-27 17:21:00,1.3396,1.33964,1.33905,1.33907,3234599914.5507812
2012-02-27 17:22:00,1.33904,1.33914,1.3388,1.33901,3611000061.0351562
2012-02-27 17:23:00,1.33903,1.33914,1.33858,1.33866,2433699951.171875
2012-02-27 17:24:00,1.33865,1.33867,1.3383,1.33843,2927600097.65625
2012-02-27 17:25:00,1.33844,1.33887,1.3384,1.33887,2578699951.171875
2012-02-27 17:26:00,1.33887,1.33912,1.33887,1.33912,2662000122.0703125
2012-02-27 17:27:00,1.33913,1.33925,1.33892,1.33899,2203000030.517578
2012-02-27 17:28:00,1.33899,1.33939,1.33897,1.33938,1825500030.5175781
2012-02-27 17:29:00,1.33938,1.33995,1.33935,1.33979,4381099853.515625
2012-02-27 17:30:00,1.33981,1.34015,1.33981,1.34014,2781600036.6210938
2012-02-27 17:31:00,1.34013,1.34025,1.33988,1.34013,2356399993.8964844
2012-02-27 17:32:00,1.34006,1.34007,1.33978,1.34005,2461300048.828125
2012-02-27 17:33:00,1.34005,1.34016,1.33983,1.33991,2091999969.4824219
2012-02-27 17:34:00,1.33992,1.34004,1.3398,1.33995,2850799865.7226562
2012-02-27 17:35:00,1.33995,1.34037,1.33987,1.34024,3315599975.5859375
2012-02-27 17:36:00,1.34026,1.34076,1.34025,1.3407,3304500122.0703125
2012-02-27 17:37:00,1.34069,1.3407,1.34048,1.34049,3554400024.4140625
2012-02-27 17:38:00,1.34048,1.34051,1.3403,1.34043,2979700012.2070312
2012-02-27 17:39:00,1.34044,1.34053,1.34023,1.34033,1987299957.2753906
2012-02-27 17:40:00,1.34031,1.34032,1.34012,1.34012,1707500000.0
2012-02-27 17:41:00,1.34011,1.34042,1.34011,1.34032,2336000061.0351562
2012-02-27 17:42:00,1.34032,1.34037,1.34021,1.34027,2884200134.2773438
2012-02-27 17:43:00,1.34027,1.34051,1.34027,1.34032,2392100067.138672
2012-02-27 17:44:00,1.34032,1.34032,1.34021,1.34023,2042500000.0
2012-02-27 17:45:00,1.34021,1.34023,1.34003,1.34012,2356900024.4140625
2012-02-27 17:46:00,1.34012,1.34018,1.33995,1.33995,1505200042.7246094
2012-02-27 17:47:00,1.33996,1.34015,1.3398,1.34015,2289900054.9316406
2012-02-27 17:48:00,1.34016,1.34036,1.34012,1.34033,3297200012.2070312
2012-02-27 17:49:00,1.34034,1.34036,1.34029,1.34036,2070800018.3105469
2012-02-27 17:50:00,1.34036,1.3405,1.34008,1.34039,2798299865.7226562
2012-02-27 17:51:00,1.3404,1.34075,1.3404,1.34073,2572600097.65625
2012-02-27 17:52:00,1.34072,1.34114,1.34062,1.34091,2980000000.0
2012-02-27 17:53:00,1.34092,1.34101,1.34083,1.34084,1493000030.5175781
2012-02-27 17:54:00,1.34084,1.34097,1.34084,1.34092,1784299926.7578125
2012-02-27 17:55:00,1.34092,1.34096,1.34087,1.34095,1694499969.4824219
2012-02-27 17:56:00,1.34094,1.34095,1.34083,1.34092,1504700012.2070312
2012-02-27 17:57:00,1.34092,1.34108,1.34092,1.34099,1761499938.9648438
2012-02-27 17:58:00,1.34098,1.34114,1.34094,1.34112,1244100036.6210938
2012-02-27 17:59:00,1.34112,1.34124,1.34102,1.34102,2486799926.7578125
2012-02-27 18:00:00,1.341,1.3412,1.34098,1.34113,2596000061.0351562
2012-02-27 18:01:00,1.34114,1.34114,1.34103,1.34103,1514100036.6210938
2012-02-27 18:02:00,1.34103,1.34117,1.34103,1.34115,2175599975.5859375
2012-02-27 18:03:00,1.34115,1.34115,1.34103,1.34104,1840899963.3789062
2012-02-27 18:04:00,1.34104,1.34108,1.3408,1.34085,1584199981.6894531
2012-02-27 18:05:00,1.34085,1.34085,1.34072,1.34076,2094499969.4824219
2012-02-27 18:06:00,1.34075,1.34077,1.34061,1.34073,1628099975.5859375
2012-02-27 18:07:00,1.34073,1.34074,1.34058,1.34058,1110100021.3623047
2012-02-27 18:08:00,1.3405,1.34063,1.34043,1.34046,2482500000.0
2012-02-27 18:09:00,1.34046,1.34071,1.34041,1.34071,1949499969.4824219
2012-02-27 18:10:00,1.3407,1.34073,1.34051,1.34053,1402899932.8613281
2012-02-27 18:11:00,1.34053,1.34067,1.34043,1.34067,1065000000.0
2012-02-27 18:12:00,1.34067,1.34067,1.34059,1.3406,570099983.215332
2012-02-27 18:13:00,1.3406,1.3406,1.34036,1.34041,2403399963.3789062
2012-02-27 18:14:00,1.34041,1.34041,1.34009,1.34021,1501399993.8964844
2012-02-27 18:15:00,1.34019,1.3402,1.34,1.34009,2121300048.828125
2012-02-27 18:16:00,1.34007,1.34014,1.34004,1.34012,1314299926.7578125
2012-02-27 18:17:00,1.34011,1.34025,1.34011,1.34014,1192799987.7929688
2012-02-27 18:18:00,1.34014,1.34014,1.34002,1.34003,1842100067.1386719
2012-02-27 18:19:00,1.34003,1.3401,1.34001,1.34003,2033699951.171875
2012-02-27 18:20:00,1.34001,1.34003,1.33999,1.34001,873799972.5341797
2012-02-27 18:21:00,1.34001,1.34013,1.33992,1.34011,1156600036.6210938
2012-02-27 18:22:00,1.34014,1.3402,1.34003,1.3402,1082699966.430664
2012-02-27 18:23:00,1.34022,1.3403,1.34021,1.34025,1479600067.1386719
2012-02-27 18:24:00,1.34025,1.34027,1.3402,1.34023,1038799972.5341797
2012-02-27 18:25:00,1.34024,1.34024,1.34022,1.34022,222900009.15527344
2012-02-27 18:26:00,1.34022,1.34023,1.34014,1.34016,1083199996.9482422
2012-02-27 18:27:00,1.34016,1.34023,1.34013,1.34013,884300003.0517578
2012-02-27 18:28:00,1.34011,1.34012,1.33963,1.33969,1865000000.0
2012-02-27 18:29:00,1.33969,1.33974,1.33952,1.33955,1177099990.8447266
2012-02-27 18:30:00,1.33952,1.33966,1.33942,1.33963,1722299957.2753906
2012-02-27 18:31:00,1.33963,1.33967,1.33941,1.33943,1612700042.7246094
2012-02-27 18:32:00,1.33943,1.33945,1.33931,1.33936,1303099975.5859375
2012-02-27 18:33:00,1.33936,1.33956,1.33935,1.33951,1651799926.7578125
2012-02-27 18:34:00,1.33951,1.33955,1.33943,1.33943,1235299987.7929688
2012-02-27 18:35:00,1.33943,1.33963,1.33942,1.33963,1697299957.2753906
2012-02-27 18:36:00,1.33963,1.33985,1.33946,1.33984,1990899963.3789062
2012-02-27 18:37:00,1.33984,1.33985,1.33971,1.33973,2328300018.310547
2012-02-27 18:38:00,1.33974,1.33983,1.33969,1.33979,2260399932.861328
2012-02-27 18:39:00,1.33979,1.33985,1.33979,1.33983,1121699981.6894531
2012-02-27 18:40:00,1.33983,1.33994,1.33981,1.33994,1237200012.2070312
2012-02-27 18:41:00,1.33995,1.33995,1.33972,1.33975,1333000030.5175781
2012-02-27 18:42:00,1.33975,1.33984,1.33941,1.33942,1655599975.5859375
2012-02-27 18:43:00,1.33941,1.33953,1.33941,1.33952,1291000061.0351562
2012-02-27 18:44:00,1.33952,1.33966,1.33946,1.33952,1651900024.4140625
2012-02-27 18:45:00,1.33952,1.33958,1.33942,1.33942,2135899963.3789062
2012-02-27 18:46:00,1.33942,1.33943,1.3389,1.33892,3288500061.0351562
2012-02-27 18:47:00,1.33892,1.33903,1.33891,1.33897,2248200073.2421875
2012-02-27 18:48:00,1.33899,1.33903,1.33874,1.33874,2047700042.7246094
2012-02-27 18:49:00,1.33873,1.33887,1.33865,1.33874,1163600006.1035156
2012-02-27 18:50:00,1.33874,1.33886,1.33863,1.33866,2047599945.0683594
2012-02-27 18:51:00,1.33866,1.33896,1.33866,1.33896,1057500000.0
2012-02-27 18:52:00,1.33901,1.33909,1.33882,1.33882,1216600036.6210938
2012-02-27 18:53:00,1.33881,1.33881,1.33843,1.33856,2448600006.1035156
2012-02-27 18:54:00,1.33854,1.33866,1.3384,1.3386,1731799926.7578125
2012-02-27 18:55:00,1.3386,1.33876,1.3385,1.33865,1827500000.0
2012-02-27 18:56:00,1.33865,1.33884,1.33861,1.33884,1446000061.0351562
2012-02-27 18:57:00,1.33886,1.33888,1.33879,1.33886,1601499938.9648438
2012-02-27 18:58:00,1.33887,1.33894,1.33885,1.33894,821600036.6210938
2012-02-27 18:59:00,1.33895,1.33905,1.3389,1.33903,1702899932.8613281
2012-02-27 19:00:00,1.33903,1.33936,1.33903,1.33934,1815700073.2421875
2012-02-27 19:01:00,1.33934,1.33958,1.33934,1.33956,1875200042.7246094
2012-02-27 19:02:00,1.33955,1.33973,1.33948,1.33967,1788399963.3789062
2012-02-27 19:03:00,1.33967,1.33967,1.33956,1.33957,1598699951.171875
2012-02-27 19:04:00,1.33957,1.33957,1.33933,1.33947,1852599945.0683594
2012-02-27 19:05:00,1.33946,1.33973,1.33946,1.33973,1288699951.171875
2012-02-27 19:06:00,1.33973,1.33978,1.33964,1.33976,1396999969.4824219
2012-02-27 19:07:00,1.33977,1.33985,1.33975,1.33976,1320899963.3789062
2012-02-27 19:08:00,1.33976,1.33982,1.33965,1.33981,1126600036.6210938
2012-02-27 19:09:00,1.3398,1.3398,1.33946,1.33955,1864600067.1386719
2012-02-27 19:10:00,1.33958,1.33963,1.33933,1.33935,2394299926.7578125
2012-02-27 19:11:00,1.33937,1.33943,1.33916,1.33924,2162200012.2070312
2012-02-27 19:12:00,1.33924,1.33932,1.33913,1.3392,1467599945.0683594
2012-02-27 19:13:00,1.3392,1.33933,1.33917,1.3393,1318500061.0351562
2012-02-27 19:14:00,1.33929,1.33934,1.33924,1.33926,1372200012.2070312
2012-02-27 19:15:00,1.33924,1.33926,1.33909,1.33911,1514400024.4140625
2012-02-27 19:16:00,1.33911,1.33911,1.33882,1.33893,1755200042.7246094
2012-02-27 19:17:00,1.33893,1.33896,1.33892,1.33893,1327500000.0
2012-02-27 19:18:00,1.33894,1.33907,1.33883,1.33904,1641600036.6210938
2012-02-27 19:19:00,1.33903,1.33903,1.33895,1.33903,1155100021.3623047
2012-02-27 19:20:00,1.33903,1.33914,1.33903,1.33908,1683999938.9648438
2012-02-27 19:21:00,1.33906,1.33919,1.33906,1.33918,967600021.3623047
2012-02-27 19:22:00,1.33918,1.33929,1.33918,1.33925,1480700073.2421875
2012-02-27 19:23:00,1.33925,1.33936,1.33922,1.33934,1603500061.0351562
2012-02-27 19:24:00,1.33934,1.33934,1.33919,1.33927,1407899932.8613281
2012-02-27 19:25:00,1.33928,1.33939,1.33916,1.33916,1303899993.8964844
2012-02-27 19:26:00,1.33916,1.33921,1.33914,1.33914,1713200073.2421875
2012-02-27 19:27:00,1.33915,1.33933,1.33915,1.33924,2043300018.3105469
2012-02-27 19:28:00,1.33924,1.33925,1.33924,1.33925,620600013.7329102
2012-02-27 19:29:00,1.33925,1.33934,1.33924,1.33924,1409299926.7578125
2012-02-27 19:30:00,1.33924,1.33934,1.33913,1.33913,1675399932.8613281
2012-02-27 19:31:00,1.33913,1.33925,1.33912,1.33915,1430800018.3105469
2012-02-27 19:32:00,1.33914,1.33915,1.33904,1.33905,1176299972.5341797
2012-02-27 19:33:00,1.33902,1.33906,1.33894,1.33905,783799972.5341797
2012-02-27 19:34:00,1.33903,1.33903,1.33892,1.33899,1218799972.5341797
2012-02-27 19:35:00,1.33899,1.33916,1.33894,1.3391,1417500000.0
2012-02-27 19:36:00,1.33908,1.33917,1.33894,1.33894,1479400024.4140625
2012-02-27 19:37:00,1.33894,1.33904,1.33888,1.33894,1053799972.5341797
2012-02-27 19:38:00,1.33891,1.33902,1.33888,1.339,1710800018.3105469
2012-02-27 19:39:00,1.33898,1.33908,1.33894,1.33907,1683899993.8964844
2012-02-27 19:40:00,1.33907,1.33908,1.33903,1.33904,630000000.0
2012-02-27 19:41:00,1.33904,1.33926,1.33904,1.33926,916800003.0517578
2012-02-27 19:42:00,1.33926,1.33936,1.33923,1.33927,2084400024.4140625
2012-02-27 19:43:00,1.33925,1.33944,1.33925,1.33939,1519199981.6894531
2012-02-27 19:44:00,1.33941,1.33966,1.33941,1.33966,837500000.0
2012-02-27 19:45:00,1.33964,1.33964,1.33945,1.33955,1734600067.1386719
2012-02-27 19:46:00,1.33955,1.33966,1.33945,1.33965,1719700012.2070312
2012-02-27 19:47:00,1.33965,1.33965,1.33944,1.33944,1593899993.8964844
2012-02-27 19:48:00,1.33944,1.33964,1.33944,1.33963,1018499984.7412109
2012-02-27 19:49:00,1.33963,1.33979,1.33957,1.33979,1243499984.741211
2012-02-27 19:50:00,1.33979,1.33979,1.33952,1.33961,1654700012.2070312
2012-02-27 19:51:00,1.33961,1.33968,1.33958,1.33963,780000000.0
2012-02-27 19:52:00,1.33962,1.33967,1.33961,1.33963,903799972.5341797
2012-02-27 19:53:00,1.33965,1.33969,1.33963,1.33966,1053099975.5859375
2012-02-27 19:54:00,1.33964,1.33976,1.33963,1.33973,1548200073.2421875
2012-02-27 19:55:00,1.33974,1.33995,1.33973,1.33995,1233899993.8964844
2012-02-27 19:56:00,1.33993,1.33993,1.33977,1.33987,1458300018.3105469
2012-02-27 19:57:00,1.33987,1.34006,1.33984,1.33989,2113099975.5859375
2012-02-27 19:58:00,1.33986,1.33995,1.33985,1.33994,1945700073.2421875
2012-02-27 19:59:00,1.33994,1.33994,1.33962,1.33965,1921900024.4140625
2012-02-27 20:00:00,1.33961,1.33995,1.33958,1.33985,2405299987.7929688
2012-02-27 20:01:00,1.33983,1.33994,1.33973,1.33992,1521199951.171875
2012-02-27 20:02:00,1.33992,1.34021,1.33984,1.34021,2240099945.0683594
2012-02-27 20:03:00,1.34022,1.34066,1.34022,1.34052,2318800048.828125
2012-02-27 20:04:00,1.34053,1.34115,1.34052,1.34104,3408099975.5859375
2012-02-27 20:05:00,1.34104,1.34107,1.34096,1.34099,2534700012.2070312
2012-02-27 20:06:00,1.34101,1.34127,1.34094,1.34123,2425700073.2421875
2012-02-27 20:07:00,1.34124,1.34126,1.34092,1.34097,3111700134.2773438
2012-02-27 20:08:00,1.34097,1.34097,1.34082,1.34093,2186799926.7578125
2012-02-27 20:09:00,1.34092,1.34104,1.34091,1.34091,1342799987.7929688
2012-02-27 20:10:00,1.34091,1.34093,1.34088,1.3409,1058099975.5859375
2012-02-27 20:11:00,1.34089,1.34102,1.34088,1.34091,1548600006.1035156
2012-02-27 20:12:00,1.34091,1.34095,1.34082,1.34092,1211100006.1035156
2012-02-27 20:13:00,1.34092,1.34094,1.34083,1.34083,945599975.5859375
2012-02-27 20:14:00,1.34082,1.34082,1.34039,1.3404,2498200073.2421875
2012-02-27 20:15:00,1.34038,1.34038,1.34009,1.34017,1363600006.1035156
2012-02-27 20:16:00,1.34018,1.34044,1.34018,1.34032,1638600006.1035156
2012-02-27 20:17:00,1.34032,1.34054,1.3402,1.34022,1990299987.7929688
2012-02-27 20:18:00,1.34022,1.34029,1.33986,1.34008,2675700073.2421875
2012-02-27 20:19:00,1.34015,1.34025,1.33999,1.34001,1952500000.0
2012-02-27 20:20:00,1.34001,1.34003,1.33979,1.33996,2043699951.171875
2012-02-27 20:21:00,1.33996,1.34024,1.33996,1.34018,1647700042.7246094
2012-02-27 20:22:00,1.34017,1.34017,1.33987,1.33992,1769900054.9316406
2012-02-27 20:23:00,1.33992,1.33999,1.33972,1.33978,1698300018.3105469
2012-02-27 20:24:00,1.33979,1.33993,1.33973,1.33973,1931999969.4824219
2012-02-27 20:25:00,1.33973,1.33993,1.33973,1.33993,1213899993.8964844
2012-02-27 20:26:00,1.33991,1.33996,1.33982,1.33996,1625399932.8613281
2012-02-27 20:27:00,1.33996,1.34001,1.33981,1.33992,1708699951.171875
2012-02-27 20:28:00,1.33992,1.33993,1.3398,1.3398,1709700012.2070312
2012-02-27 20:29:00,1.33982,1.33987,1.33971,1.33987,1381699981.6894531
2012-02-27 20:30:00,1.3399,1.34032,1.33989,1.34001,2966799926.7578125
2012-02-27 20:31:00,1.33999,1.34018,1.33999,1.3401,1853200073.2421875
2012-02-27 20:32:00,1.34011,1.34013,1.3399,1.33994,2005599975.5859375
2012-02-27 20:33:00,1.33993,1.34002,1.33985,1.33995,2210200042.7246094
2012-02-27 20:34:00,1.33995,1.34001,1.3399,1.34,1817500000.0
2012-02-27 20:35:00,1.33998,1.34012,1.33994,1.34012,2198500061.0351562
2012-02-27 20:36:00,1.3401,1.34011,1.33988,1.34003,1739700012.2070312
2012-02-27 20:37:00,1.34005,1.34045,1.34002,1.34045,2334199981.689453
2012-02-27 20:38:00,1.34045,1.34051,1.34023,1.34032,1603099975.5859375
2012-02-27 20:39:00,1.34031,1.34034,1.3401,1.34025,2086300048.828125
2012-02-27 20:40:00,1.3403,1.34063,1.3403,1.34061,1813600006.1035156
2012-02-27 20:41:00,1.34061,1.34064,1.34041,1.34043,1974900054.9316406
2012-02-27 20:42:00,1.34043,1.34055,1.3404,1.34055,1620500030.5175781
2012-02-27 20:43:00,1.34055,1.34066,1.34042,1.34043,1238199996.9482422
2012-02-27 20:44:00,1.34043,1.34045,1.34026,1.34033,1482700042.7246094
2012-02-27 20:45:00,1.34033,1.34044,1.33997,1.33997,2174600067.138672
2012-02-27 20:46:00,1.33997,1.34022,1.33997,1.34017,1708699951.171875
2012-02-27 20:47:00,1.34017,1.34041,1.34,1.34032,1967899932.8613281
2012-02-27 20:48:00,1.3403,1.34048,1.3403,1.34037,1731900024.4140625
2012-02-27 20:49:00,1.34035,1.34035,1.34017,1.3403,2414100036.6210938
2012-02-27 20:50:00,1.34031,1.34033,1.34021,1.34032,1471000061.0351562
2012-02-27 20:51:00,1.34032,1.34033,1.3402,1.34024,1274800033.569336
2012-02-27 20:52:00,1.34023,1.34029,1.34006,1.34029,1338200073.2421875
2012-02-27 20:53:00,1.34027,1.34027,1.34009,1.34009,786900024.4140625
2012-02-27 20:54:00,1.34009,1.3401,1.33999,1.33999,967200012.2070312
2012-02-27 20:55:00,1.33999,1.33999,1.33981,1.33985,1878999938.9648438
2012-02-27 20:56:00,1.33985,1.33991,1.33983,1.33987,1104499969.4824219
2012-02-27 20:57:00,1.33988,1.34,1.33985,1.33998,914700012.2070312
2012-02-27 20:58:00,1.33998,1.33998,1.33983,1.33985,1198700027.4658203
2012-02-27 20:59:00,1.33989,1.33992,1.33961,1.33962,1040199966.4306641
2012-02-27 21:00:00,1.33962,1.33972,1.33956,1.33959,1033199996.9482422
2012-02-27 21:01:00,1.33956,1.33957,1.33945,1.33957,954800033.5693359
2012-02-27 21:02:00,1.33957,1.33965,1.33956,1.33965,300000000.0
2012-02-27 21:03:00,1.33965,1.33978,1.33965,1.33977,1116800003.0517578
2012-02-27 21:04:00,1.33978,1.33979,1.33973,1.33976,505900001.5258789
2012-02-27 21:05:00,1.33978,1.33979,1.33976,1.33977,543800010.6811523
2012-02-27 21:06:00,1.33977,1.33979,1.33974,1.33976,942399978.6376953
2012-02-27 21:07:00,1.33978,1.33978,1.33966,1.33968,788899993.8964844
2012-02-27 21:08:00,1.33971,1.33975,1.33969,1.33971,346199989.31884766
2012-02-27 21:09:00,1.33973,1.33981,1.33973,1.33976,413100013.73291016
2012-02-27 21:10:00,1.33977,1.33991,1.33976,1.33989,1380299987.7929688
2012-02-27 21:11:00,1.33989,1.33998,1.33988,1.33993,872900009.1552734
2012-02-27 21:12:00,1.33992,1.33992,1.3399,1.33991,734000015.2587891
2012-02-27 21:13:00,1.33993,1.33994,1.33982,1.33982,779400024.4140625
2012-02-27 21:14:00,1.33982,1.33984,1.33981,1.33981,294300003.0517578
2012-02-27 21:15:00,1.33981,1.3399,1.33981,1.33989,1043700027.4658203
2012-02-27 21:16:00,1.33988,1.33993,1.33986,1.33989,1218099975.5859375
2012-02-27 21:17:00,1.33989,1.33993,1.33986,1.33986,1181200027.4658203
2012-02-27 21:18:00,1.33988,1.33989,1.3398,1.33987,2004900054.9316406
2012-02-27 21:19:00,1.33987,1.33989,1.33985,1.33989,305300006.8664551
2012-02-27 21:20:00,1.33989,1.33992,1.33989,1.3399,217800006.86645508
2012-02-27 21:21:00,1.3399,1.33992,1.33986,1.33987,373699989.31884766
2012-02-27 21:22:00,1.33987,1.33994,1.33985,1.33992,672600021.3623047
2012-02-27 21:23:00,1.33991,1.33994,1.33989,1.33992,190499992.37060547
2012-02-27 21:24:00,1.33993,1.34002,1.3397,1.3397,1253300018.3105469
2012-02-27 21:25:00,1.3397,1.3397,1.33942,1.33946,1751100006.1035156
2012-02-27 21:26:00,1.33947,1.3395,1.3394,1.33941,963799972.5341797
2012-02-27 21:27:00,1.33945,1.33959,1.33945,1.33956,436199989.31884766
2012-02-27 21:28:00,1.33956,1.33958,1.33948,1.33954,657300033.5693359
2012-02-27 21:29:00,1.33953,1.33953,1.3393,1.33948,1296600036.6210938
2012-02-27 21:30:00,1.33948,1.3395,1.33935,1.33941,1354400024.4140625
2012-02-27 21:31:00,1.33941,1.33951,1.3394,1.33947,1115699996.9482422
2012-02-27 21:32:00,1.33951,1.33951,1.33908,1.33912,1368000030.5175781
2012-02-27 21:33:00,1.3391,1.33924,1.33901,1.33916,1461000061.0351562
2012-02-27 21:34:00,1.33916,1.33919,1.33908,1.33908,634000015.2587891
2012-02-27 21:35:00,1.33908,1.33916,1.33908,1.33916,646500015.2587891
2012-02-27 21:36:00,1.33916,1.33919,1.33911,1.33917,610499992.3706055
2012-02-27 21:37:00,1.33917,1.33917,1.33896,1.33901,1240000000.0
2012-02-27 21:38:00,1.33902,1.33911,1.33893,1.33895,663399963.3789062
2012-02-27 21:39:00,1.33895,1.33904,1.33895,1.339,300000000.0
2012-02-27 21:40:00,1.33902,1.33912,1.33893,1.33902,814700012.2070312
2012-02-27 21:41:00,1.33902,1.3392,1.33902,1.3391,682600021.3623047
2012-02-27 21:42:00,1.33911,1.33927,1.33908,1.33912,946900024.4140625
2012-02-27 21:43:00,1.33913,1.33935,1.33913,1.33935,685999984.7412109
2012-02-27 21:44:00,1.33935,1.33937,1.3393,1.33934,651999969.4824219
2012-02-27 21:45:00,1.33934,1.33952,1.33934,1.33952,727300033.5693359
2012-02-27 21:46:00,1.33952,1.33971,1.3395,1.33969,846399993.8964844
2012-02-27 21:47:00,1.33966,1.33966,1.33961,1.33965,514900016.78466797
2012-02-27 21:48:00,1.33965,1.3397,1.33965,1.33969,287399997.71118164
2012-02-27 21:49:00,1.33969,1.33979,1.33964,1.33973,460000000.0
2012-02-27 21:50:00,1.33974,1.33979,1.33969,1.33978,639700012.2070312
2012-02-27 21:51:00,1.33978,1.33979,1.33975,1.33975,572700004.5776367
2012-02-27 21:52:00,1.33975,1.33977,1.33971,1.33972,372299995.4223633
2012-02-27 21:53:00,1.33968,1.33977,1.33967,1.33971,1068099975.5859375
2012-02-27 21:54:00,1.33975,1.33977,1.33975,1.33977,551399993.8964844
2012-02-27 21:55:00,1.33977,1.33978,1.33977,1.33977,330299987.79296875
2012-02-27 21:56:00,1.33979,1.33979,1.33971,1.33971,386300010.68115234
2012-02-27 21:57:00,1.3397,1.33973,1.33962,1.33973,795899963.3789062
2012-02-27 21:58:00,1.33973,1.33978,1.33973,1.33978,292500000.0
2012-02-27 21:59:00,1.33979,1.33979,1.33965,1.33966,1083899993.8964844
2012-02-27 22:00:00,1.33967,1.3397,1.3394,1.3394,263500003.81469727
2012-02-27 22:01:00,1.3394,1.33955,1.33916,1.33948,439799995.4223633
2012-02-27 22:02:00,1.33946,1.33962,1.33936,1.33942,739000015.2587891
2012-02-27 22:03:00,1.33943,1.33947,1.33939,1.33945,213999996.18530273
2012-02-27 22:04:00,1.33947,1.33957,1.33931,1.33949,248299999.23706055
2012-02-27 22:05:00,1.3395,1.33955,1.33943,1.33944,98400001.5258789
2012-02-27 22:06:00,1.33944,1.33953,1.33943,1.33953,37899999.61853027
2012-02-27 22:07:00,1.33953,1.33953,1.33941,1.33952,184899997.71118164
2012-02-27 22:08:00,1.3395,1.3395,1.33937,1.33949,309899997.71118164
2012-02-27 22:09:00,1.33949,1.33952,1.33949,1.33951,94799995.42236328
2012-02-27 22:10:00,1.33953,1.33953,1.33938,1.33949,322900009.15527344
2012-02-27 22:11:00,1.33949,1.33955,1.33948,1.33949,68299999.23706055
2012-02-27 22:12:00,1.33949,1.33964,1.33947,1.3395,315200004.5776367
2012-02-27 22:13:00,1.3395,1.33956,1.33949,1.3395,119799995.42236328
2012-02-27 22:14:00,1.33952,1.33952,1.3395,1.3395,24400000.57220459
2012-02-27 22:15:00,1.33951,1.33954,1.33944,1.33947,170200004.57763672
2012-02-27 22:16:00,1.33947,1.33947,1.33924,1.33925,273099994.6594238
2012-02-27 22:17:00,1.33922,1.33924,1.33918,1.33922,176900005.34057617
2012-02-27 22:18:00,1.33922,1.33922,1.33918,1.33922,86899995.80383301
2012-02-27 22:19:00,1.33919,1.33923,1.33915,1.33915,100399999.61853027
2012-02-27 22:20:00,1.33908,1.33921,1.33908,1.33917,621399993.8964844
2012-02-27 22:21:00,1.33915,1.33918,1.33908,1.33917,778099975.5859375
2012-02-27 22:22:00,1.33917,1.33931,1.33913,1.33925,1174899978.6376953
2012-02-27 22:23:00,1.33925,1.33929,1.3392,1.33923,392599983.21533203
2012-02-27 22:24:00,1.33923,1.33924,1.33921,1.33924,80100002.28881836
2012-02-27 22:25:00,1.33926,1.33929,1.33916,1.33925,965999984.7412109
2012-02-27 22:26:00,1.33923,1.33923,1.33915,1.33916,272999992.37060547
2012-02-27 22:27:00,1.33921,1.33936,1.33921,1.33923,464399986.26708984
2012-02-27 22:28:00,1.33922,1.33922,1.33918,1.33918,82600002.28881836
2012-02-27 22:29:00,1.33918,1.33925,1.33909,1.33909,744100036.6210938
2012-02-27 22:30:00,1.33912,1.33921,1.33909,1.33918,561500015.2587891
2012-02-27 22:31:00,1.33917,1.33917,1.33917,1.33917,20699999.33242798
2012-02-27 22:32:00,1.33917,1.33928,1.33917,1.33925,1556900024.4140625
2012-02-27 22:33:00,1.33925,1.33936,1.33924,1.33929,1107300033.569336
2012-02-27 22:34:00,1.33931,1.33945,1.33929,1.33937,1325299987.7929688
2012-02-27 22:35:00,1.33938,1.33948,1.33931,1.33937,969599990.8447266
2012-02-27 22:36:00,1.33937,1.33942,1.33918,1.33918,788700027.4658203
2012-02-27 22:37:00,1.33918,1.33943,1.33918,1.33934,643799972.5341797
2012-02-27 22:38:00,1.33934,1.33941,1.33934,1.3394,364399986.26708984
2012-02-27 22:39:00,1.33935,1.33936,1.33925,1.33927,315499992.37060547
2012-02-27 22:40:00,1.33935,1.33938,1.3393,1.33933,484900016.78466797
2012-02-27 22:41:00,1.33933,1.33934,1.33931,1.33931,146300001.14440918
2012-02-27 22:42:00,1.33931,1.33933,1.3392,1.33933,1008399963.3789062
2012-02-27 22:43:00,1.33933,1.33938,1.33907,1.33933,2539799957.2753906
2012-02-27 22:44:00,1.3393,1.33947,1.33922,1.33928,1420899963.3789062
2012-02-27 22:45:00,1.3393,1.33938,1.33918,1.33919,975199966.4306641
2012-02-27 22:46:00,1.33918,1.33923,1.3391,1.33914,671999969.4824219
2012-02-27 22:47:00,1.33913,1.33919,1.33909,1.33912,602000007.6293945
2012-02-27 22:48:00,1.33916,1.33924,1.33911,1.33922,638600006.1035156
2012-02-27 22:49:00,1.33922,1.33922,1.33922,1.33922,52500000.0
2012-02-27 22:50:00,1.33922,1.33934,1.3392,1.33932,818199996.9482422
2012-02-27 22:51:00,1.33936,1.33936,1.33928,1.33932,407500000.0
2012-02-27 22:52:00,1.33932,1.33934,1.33929,1.33933,155600004.196167
2012-02-27 22:53:00,1.33932,1.33933,1.33921,1.33924,379500007.62939453
2012-02-27 22:54:00,1.33924,1.33926,1.33923,1.33924,559900016.784668
2012-02-27 22:55:00,1.33925,1.33928,1.33924,1.33924,696900024.4140625
2012-02-27 22:56:00,1.33924,1.33928,1.33924,1.33927,217600002.28881836
2012-02-27 22:57:00,1.33927,1.33941,1.33927,1.33932,1203799972.5341797
2012-02-27 22:58:00,1.33932,1.33933,1.33929,1.3393,364799995.4223633
2012-02-27 22:59:00,1.33931,1.33943,1.33928,1.33939,937399978.6376953
2012-02-27 23:00:00,1.33939,1.3394,1.33935,1.33936,1172699966.430664
2012-02-27 23:01:00,1.33937,1.33956,1.33936,1.33948,881699981.6894531
2012-02-27 23:02:00,1.33948,1.33959,1.33946,1.33956,1050899963.3789062
2012-02-27 23:03:00,1.33958,1.33972,1.33957,1.33967,906200027.4658203
2012-02-27 23:04:00,1.33967,1.33978,1.3396,1.33974,865599975.5859375
2012-02-27 23:05:00,1.33973,1.33983,1.33963,1.33969,2984700012.2070312
2012-02-27 23:06:00,1.33968,1.33984,1.33961,1.3398,1501799926.7578125
2012-02-27 23:07:00,1.33979,1.33982,1.33974,1.33981,1810800018.3105469
2012-02-27 23:08:00,1.3398,1.34009,1.3398,1.33998,1631300048.828125
2012-02-27 23:09:00,1.34002,1.34014,1.3399,1.3399,3418500061.0351562
2012-02-27 23:10:00,1.33991,1.33999,1.33986,1.33986,2077100067.1386719
2012-02-27 23:11:00,1.33987,1.33996,1.33975,1.33978,2536699981.689453
2012-02-27 23:12:00,1.33979,1.33986,1.33977,1.33979,1148199996.9482422
2012-02-27 23:13:00,1.33982,1.33982,1.3398,1.3398,167099990.84472656
2012-02-27 23:14:00,1.3398,1.33991,1.33979,1.33991,854199981.6894531
2012-02-27 23:15:00,1.33991,1.34007,1.33988,1.34007,562500000.0
2012-02-27 23:16:00,1.34009,1.34019,1.33997,1.34014,1416399993.8964844
2012-02-27 23:17:00,1.34016,1.34033,1.34013,1.34032,1180599975.5859375
2012-02-27 23:18:00,1.34032,1.34034,1.34021,1.34027,1428399963.3789062
2012-02-27 23:19:00,1.34029,1.34038,1.34029,1.34037,591800003.0517578
2012-02-27 23:20:00,1.34041,1.34064,1.34037,1.34053,1278399963.3789062
2012-02-27 23:21:00,1.34051,1.34051,1.34034,1.3404,1494400024.4140625
2012-02-27 23:22:00,1.3404,1.34045,1.34033,1.34037,1667599945.0683594
2012-02-27 23:23:00,1.34037,1.34047,1.34037,1.34044,909300003.0517578
2012-02-27 23:24:00,1.34045,1.34047,1.34042,1.34045,653600006.1035156
2012-02-27 23:25:00,1.34046,1.34069,1.3404,1.34062,947300033.5693359
2012-02-27 23:26:00,1.34064,1.34064,1.3405,1.34052,1132200012.2070312
2012-02-27 23:27:00,1.34051,1.34067,1.34051,1.34063,1761499938.9648438
2012-02-27 23:28:00,1.34061,1.34069,1.34039,1.34052,1693899993.8964844
2012-02-27 23:29:00,1.34054,1.34058,1.34048,1.34051,1257200012.2070312
2012-02-27 23:30:00,1.34051,1.34056,1.34048,1.34054,387599983.21533203
2012-02-27 23:31:00,1.34054,1.34077,1.3405,1.34063,1052600021.3623047
2012-02-27 23:32:00,1.34063,1.34063,1.34056,1.34063,1040500030.5175781
2012-02-27 23:33:00,1.34063,1.34063,1.34056,1.34062,1110800018.3105469
2012-02-27 23:34:00,1.34062,1.34075,1.34057,1.34067,1036200027.4658203
2012-02-27 23:35:00,1.34067,1.34077,1.3406,1.34065,1878999938.9648438
2012-02-27 23:36:00,1.34067,1.34074,1.34065,1.34071,341399993.8964844
2012-02-27 23:37:00,1.34067,1.34075,1.34067,1.34071,569500007.6293945
2012-02-27 23:38:00,1.34071,1.34075,1.34068,1.34071,652300033.5693359
2012-02-27 23:39:00,1.34071,1.34072,1.34067,1.34072,1208499984.741211
2012-02-27 23:40:00,1.34074,1.34074,1.34066,1.34067,627299995.4223633
2012-02-27 23:41:00,1.34064,1.34068,1.3406,1.34063,2515000000.0
2012-02-27 23:42:00,1.34063,1.34073,1.3406,1.34071,2280899963.3789062
2012-02-27 23:43:00,1.34069,1.34072,1.3406,1.3406,1393899993.8964844
2012-02-27 23:44:00,1.3406,1.34062,1.34053,1.34058,928799972.5341797
2012-02-27 23:45:00,1.34058,1.34064,1.34049,1.34051,803000030.5175781
2012-02-27 23:46:00,1.3405,1.34065,1.34048,1.34064,422400016.78466797
2012-02-27 23:47:00,1.34064,1.34065,1.34056,1.34057,611500015.2587891
2012-02-27 23:48:00,1.34057,1.34062,1.34057,1.34062,298799991.607666
2012-02-27 23:49:00,1.34062,1.34062,1.34052,1.34058,607799987.7929688
2012-02-27 23:50:00,1.34057,1.34062,1.34053,1.34056,807399978.6376953
2012-02-27 23:51:00,1.34056,1.34065,1.34053,1.34053,520600013.73291016
2012-02-27 23:52:00,1.34054,1.34055,1.34045,1.34052,823899993.8964844
2012-02-27 23:53:00,1.3405,1.34058,1.3405,1.34057,438300018.3105469
2012-02-27 23:54:00,1.34058,1.34069,1.34058,1.3406,635999984.7412109
2012-02-27 23:55:00,1.34061,1.34066,1.34061,1.34061,265200004.57763672
2012-02-27 23:56:00,1.34061,1.34064,1.34058,1.3406,388600006.1035156
2012-02-27 23:57:00,1.3406,1.34065,1.34059,1.34059,269899997.71118164
2012-02-27 23:58:00,1.34063,1.34071,1.3406,1.34068,538300018.3105469
2012-02-27 23:59:00,1.34071,1.34073,1.34068,1.34073,268999996.18530273
2012-02-28 00:00:00,1.34073,1.34101,1.34073,1.341,1640099945.0683594
2012-02-28 00:01:00,1.34102,1.34108,1.34092,1.34101,1376600036.6210938
2012-02-28 00:02:00,1.34101,1.34118,1.34097,1.34118,2315000000.0
2012-02-28 00:03:00,1.34118,1.34118,1.34095,1.34104,1399400024.4140625
2012-02-28 00:04:00,1.34104,1.34115,1.34098,1.34101,1598800048.828125
2012-02-28 00:05:00,1.34101,1.34109,1.34089,1.34098,1665099945.0683594
2012-02-28 00:06:00,1.34098,1.34102,1.34089,1.34102,1651900024.4140625
2012-02-28 00:07:00,1.34102,1.34112,1.34095,1.34111,1598099975.5859375
2012-02-28 00:08:00,1.34112,1.34132,1.34112,1.34129,1291100006.1035156
2012-02-28 00:09:00,1.34129,1.34143,1.34126,1.3414,1121299972.5341797
2012-02-28 00:10:00,1.3414,1.34156,1.3414,1.34151,1618500061.0351562
2012-02-28 00:11:00,1.34151,1.34152,1.34146,1.34148,899700012.2070312
2012-02-28 00:12:00,1.34148,1.34148,1.34138,1.34147,1437599945.0683594
2012-02-28 00:13:00,1.34148,1.34158,1.34141,1.34158,1040500030.5175781
2012-02-28 00:14:00,1.34155,1.34155,1.34134,1.34134,666600036.6210938
2012-02-28 00:15:00,1.34134,1.34143,1.34134,1.34139,504799995.4223633
2012-02-28 00:16:00,1.34139,1.34141,1.34137,1.34139,668700027.4658203
2012-02-28 00:17:00,1.34139,1.34139,1.34125,1.34126,1200800018.3105469
2012-02-28 00:18:00,1.34126,1.34126,1.34104,1.34114,1701199951.171875
2012-02-28 00:19:00,1.34114,1.34121,1.34114,1.34119,944000015.2587891
2012-02-28 00:20:00,1.34119,1.34121,1.34105,1.3411,1417400054.9316406
2012-02-28 00:21:00,1.3411,1.34118,1.34104,1.34108,1613000030.5175781
2012-02-28 00:22:00,1.34113,1.34115,1.34097,1.34112,2000200042.7246094
2012-02-28 00:23:00,1.34113,1.34117,1.34106,1.34112,1226699981.6894531
2012-02-28 00:24:00,1.34112,1.34112,1.3409,1.34095,2011399993.8964844
2012-02-28 00:25:00,1.34095,1.34106,1.34089,1.34092,2266199951.171875
2012-02-28 00:26:00,1.34091,1.34103,1.34091,1.34096,619500007.6293945
2012-02-28 00:27:00,1.34097,1.34099,1.34092,1.34092,809700012.2070312
2012-02-28 00:28:00,1.34092,1.34098,1.34083,1.34094,974199981.6894531
2012-02-28 00:29:00,1.34094,1.34095,1.34081,1.34084,611399993.8964844
2012-02-28 00:30:00,1.34081,1.34081,1.34066,1.34074,1345000000.0
2012-02-28 00:31:00,1.34074,1.34078,1.34073,1.34075,1112300033.569336
2012-02-28 00:32:00,1.34075,1.34078,1.34068,1.34071,651600036.6210938
2012-02-28 00:33:00,1.34071,1.34072,1.34068,1.3407,539099998.4741211
2012-02-28 00:34:00,1.3407,1.3407,1.34058,1.34065,933700027.4658203
2012-02-28 00:35:00,1.34065,1.3407,1.3406,1.34062,843600006.1035156
2012-02-28 00:36:00,1.34062,1.34066,1.34058,1.34065,1137200012.2070312
2012-02-28 00:37:00,1.34065,1.34073,1.34036,1.34047,2027299957.2753906
2012-02-28 00:38:00,1.3405,1.34055,1.34043,1.34051,1394499969.4824219
2012-02-28 00:39:00,1.34051,1.34064,1.34038,1.34042,936900024.4140625
2012-02-28 00:40:00,1.34044,1.34053,1.34038,1.34053,1413399963.3789062
2012-02-28 00:41:00,1.34051,1.34058,1.3404,1.34041,678099975.5859375
2012-02-28 00:42:00,1.34037,1.34045,1.3403,1.34039,1395599975.5859375
2012-02-28 00:43:00,1.34039,1.34041,1.34031,1.34031,1167799987.7929688
2012-02-28 00:44:00,1.3403,1.34037,1.34027,1.3403,511399993.8964844
2012-02-28 00:45:00,1.3403,1.34066,1.3403,1.34066,1054199981.6894531
2012-02-28 00:46:00,1.34066,1.34066,1.34053,1.3406,1281999969.4824219
2012-02-28 00:47:00,1.34059,1.34066,1.34037,1.34039,1652599945.0683594
2012-02-28 00:48:00,1.34042,1.34064,1.34039,1.34061,1801499938.9648438
2012-02-28 00:49:00,1.34059,1.34061,1.34039,1.34048,1002699966.4306641
2012-02-28 00:50:00,1.34048,1.3406,1.34048,1.34057,825400009.1552734
2012-02-28 00:51:00,1.34057,1.34059,1.34045,1.3405,1246600036.6210938
2012-02-28 00:52:00,1.3405,1.3405,1.34037,1.34037,796500015.2587891
2012-02-28 00:53:00,1.34037,1.3404,1.34018,1.3402,1263099975.5859375
2012-02-28 00:54:00,1.3402,1.34023,1.34006,1.34007,1902799987.7929688
2012-02-28 00:55:00,1.34007,1.34025,1.34002,1.34008,1880299987.7929688
2012-02-28 00:56:00,1.34006,1.34014,1.33995,1.33995,1063399963.3789062
2012-02-28 00:57:00,1.33995,1.33995,1.33963,1.33981,2061399993.8964844
2012-02-28 00:58:00,1.33981,1.33994,1.33977,1.3399,1474900054.9316406
2012-02-28 00:59:00,1.3399,1.33998,1.33985,1.33991,1531100006.1035156
2012-02-28 01:00:00,1.33992,1.34009,1.3399,1.34005,2040899963.3789062
2012-02-28 01:01:00,1.34004,1.34013,1.34003,1.34013,1370299987.7929688
2012-02-28 01:02:00,1.34013,1.34025,1.34013,1.3402,1054199981.6894531
2012-02-28 01:03:00,1.34019,1.34023,1.34019,1.34022,780500030.5175781
2012-02-28 01:04:00,1.34022,1.34022,1.34004,1.34006,1021200027.4658203
2012-02-28 01:05:00,1.34006,1.34031,1.34006,1.34031,1407799987.7929688
2012-02-28 01:06:00,1.34031,1.34031,1.34011,1.34022,1191200027.4658203
2012-02-28 01:07:00,1.34022,1.34044,1.34022,1.34041,521500015.25878906
2012-02-28 01:08:00,1.34041,1.34054,1.34032,1.34032,1026999969.4824219
2012-02-28 01:09:00,1.34032,1.34032,1.34021,1.34026,1498699951.171875
2012-02-28 01:10:00,1.34023,1.34039,1.34002,1.34008,2010899963.3789062
2012-02-28 01:11:00,1.34008,1.34011,1.33998,1.34008,1206399993.8964844
2012-02-28 01:12:00,1.34008,1.34049,1.34008,1.34032,2066799926.7578125
2012-02-28 01:13:00,1.34032,1.34043,1.34027,1.34043,864400024.4140625
2012-02-28 01:14:00,1.34043,1.34049,1.34029,1.34049,1489499969.4824219
2012-02-28 01:15:00,1.34049,1.34054,1.34026,1.34028,1353099975.5859375
2012-02-28 01:16:00,1.34028,1.34032,1.34017,1.34024,1589700012.2070312
2012-02-28 01:17:00,1.34024,1.34024,1.34002,1.34004,1393600006.1035156
2012-02-28 01:18:00,1.34004,1.34019,1.34,1.34001,1317200012.2070312
2012-02-28 01:19:00,1.34001,1.34008,1.33988,1.34003,2235299987.7929688
2012-02-28 01:20:00,1.34003,1.34013,1.33987,1.3401,1514199981.6894531
2012-02-28 01:21:00,1.3401,1.34013,1.34008,1.34008,1175100021.3623047
2012-02-28 01:22:00,1.34008,1.34009,1.33999,1.34001,1828899993.8964844
2012-02-28 01:23:00,1.34007,1.34025,1.34004,1.34018,921100006.1035156
2012-02-28 01:24:00,1.34017,1.34035,1.34016,1.34035,1230999984.741211
2012-02-28 01:25:00,1.34032,1.34034,1.3403,1.3403,1049100036.6210938
2012-02-28 01:26:00,1.3403,1.34064,1.3403,1.34049,2237200012.2070312
2012-02-28 01:27:00,1.34049,1.34078,1.34049,1.3406,2997000122.0703125
2012-02-28 01:28:00,1.3406,1.3406,1.34053,1.34055,1191500015.258789
2012-02-28 01:29:00,1.34057,1.34062,1.34057,1.34058,526300010.68115234
2012-02-28 01:30:00,1.34058,1.34074,1.34047,1.34073,2176600036.6210938
2012-02-28 01:31:00,1.34076,1.34086,1.34076,1.34081,1262399978.6376953
2012-02-28 01:32:00,1.3408,1.34082,1.34066,1.34066,2370500030.517578
2012-02-28 01:33:00,1.34067,1.34082,1.34067,1.34079,1948000030.5175781
2012-02-28 01:34:00,1.34079,1.34081,1.34072,1.3408,1288099975.5859375
2012-02-28 01:35:00,1.34078,1.34087,1.34078,1.34085,1297400054.9316406
2012-02-28 01:36:00,1.34085,1.34094,1.34083,1.34094,1501300048.828125
2012-02-28 01:37:00,1.34094,1.34096,1.34082,1.34088,1766300048.828125
2012-02-28 01:38:00,1.3409,1.34091,1.34082,1.34088,1173000030.5175781
2012-02-28 01:39:00,1.34088,1.3409,1.34084,1.34088,556100006.1035156
2012-02-28 01:40:00,1.34088,1.34091,1.34082,1.34088,1776999969.4824219
2012-02-28 01:41:00,1.34089,1.34099,1.34085,1.34089,1512200012.2070312
2012-02-28 01:42:00,1.3409,1.34099,1.34089,1.34092,1201299972.5341797
2012-02-28 01:43:00,1.34092,1.34098,1.34083,1.34083,849599990.8447266
2012-02-28 01:44:00,1.34083,1.34096,1.34081,1.34096,670299987.7929688
2012-02-28 01:45:00,1.34096,1.34106,1.34094,1.341,1131900024.4140625
2012-02-28 01:46:00,1.341,1.34102,1.34098,1.34101,510800018.3105469
2012-02-28 01:47:00,1.34101,1.34103,1.341,1.341,745199966.4306641
2012-02-28 01:48:00,1.341,1.34101,1.34098,1.34101,1250400009.1552734
2012-02-28 01:49:00,1.34101,1.34109,1.341,1.34108,1071600036.6210938
2012-02-28 01:50:00,1.34107,1.34113,1.34107,1.34111,688000030.5175781
2012-02-28 01:51:00,1.34111,1.34111,1.34109,1.3411,363699989.31884766
2012-02-28 01:52:00,1.34108,1.34122,1.34108,1.34117,872099990.8447266
2012-02-28 01:53:00,1.34118,1.34119,1.34111,1.34115,370800018.3105469
2012-02-28 01:54:00,1.34115,1.34118,1.3411,1.34111,739000015.2587891
2012-02-28 01:55:00,1.34111,1.34118,1.34109,1.3411,907200012.2070312
2012-02-28 01:56:00,1.3411,1.34113,1.34107,1.34111,783700027.4658203
2012-02-28 01:57:00,1.34111,1.34116,1.34111,1.34111,621599998.4741211
2012-02-28 01:58:00,1.34112,1.3412,1.34108,1.34112,1118199996.9482422
2012-02-28 01:59:00,1.34112,1.34123,1.34112,1.34123,1070999984.7412109
2012-02-28 02:00:00,1.34123,1.34123,1.34107,1.3411,1199400024.4140625
2012-02-28 02:01:00,1.3411,1.34113,1.34109,1.34111,562299995.4223633
2012-02-28 02:02:00,1.34111,1.34113,1.34099,1.34101,1488800048.828125
2012-02-28 02:03:00,1.34101,1.34108,1.34097,1.34104,1129100036.6210938
2012-02-28 02:04:00,1.34104,1.34106,1.34101,1.34106,904499969.4824219
2012-02-28 02:05:00,1.34103,1.34113,1.3409,1.34092,2146799926.7578125
2012-02-28 02:06:00,1.34095,1.34111,1.34093,1.34106,761299972.5341797
2012-02-28 02:07:00,1.34106,1.34106,1.34095,1.34097,434900016.78466797
2012-02-28 02:08:00,1.341,1.34108,1.34098,1.34103,1718600006.1035156
2012-02-28 02:09:00,1.34103,1.34109,1.34103,1.34108,516500015.25878906
2012-02-28 02:10:00,1.34109,1.34109,1.34104,1.34107,849499969.4824219
2012-02-28 02:11:00,1.34105,1.34111,1.34103,1.34109,1092799987.7929688
2012-02-28 02:12:00,1.34107,1.34113,1.34106,1.34111,941100006.1035156
2012-02-28 02:13:00,1.34111,1.34111,1.34104,1.34107,937399978.6376953
2012-02-28 02:14:00,1.34107,1.34108,1.34107,1.34107,293299999.23706055
2012-02-28 02:15:00,1.34107,1.34121,1.34103,1.34111,945800018.3105469
2012-02-28 02:16:00,1.3411,1.3412,1.3411,1.34116,879000015.2587891
2012-02-28 02:17:00,1.34117,1.34121,1.34117,1.34119,234599990.84472656
2012-02-28 02:18:00,1.34119,1.34121,1.34116,1.34118,341399993.8964844
2012-02-28 02:19:00,1.34118,1.3412,1.34111,1.34112,701500015.2587891
2012-02-28 02:20:00,1.34112,1.34127,1.34112,1.34121,876699981.6894531
2012-02-28 02:21:00,1.34121,1.34132,1.34117,1.3413,901200027.4658203
2012-02-28 02:22:00,1.34132,1.34149,1.34128,1.34149,1392799987.7929688
2012-02-28 02:23:00,1.34146,1.34148,1.34138,1.34141,1253000030.5175781
2012-02-28 02:24:00,1.3414,1.34141,1.34139,1.34141,460800018.3105469
2012-02-28 02:25:00,1.34141,1.34145,1.34141,1.34144,517299995.4223633
2012-02-28 02:26:00,1.34144,1.34144,1.34122,1.34123,1579199981.6894531
2012-02-28 02:27:00,1.34123,1.34127,1.34112,1.34115,1351100006.1035156
2012-02-28 02:28:00,1.34118,1.34119,1.34113,1.34114,1159599990.8447266
2012-02-28 02:29:00,1.34115,1.34125,1.34109,1.34124,499799995.4223633
2012-02-28 02:30:00,1.34123,1.34125,1.34111,1.34119,817799987.7929688
2012-02-28 02:31:00,1.34116,1.34133,1.34109,1.34133,1269499969.4824219
2012-02-28 02:32:00,1.34133,1.34139,1.34121,1.34138,699100036.6210938
2012-02-28 02:33:00,1.34138,1.34141,1.34131,1.34138,1043399963.3789062
2012-02-28 02:34:00,1.34138,1.34138,1.34126,1.34127,585200004.5776367
2012-02-28 02:35:00,1.34127,1.34134,1.34126,1.3413,823300018.3105469
2012-02-28 02:36:00,1.3413,1.34141,1.3413,1.3414,505900001.5258789
2012-02-28 02:37:00,1.3414,1.34141,1.34135,1.34137,1013399963.3789062
2012-02-28 02:38:00,1.34136,1.34142,1.34136,1.34142,609199981.6894531
2012-02-28 02:39:00,1.3414,1.34152,1.34137,1.34152,685299987.7929688
2012-02-28 02:40:00,1.34149,1.34151,1.34132,1.34139,1825299987.7929688
2012-02-28 02:41:00,1.34138,1.34144,1.34137,1.34139,781699981.6894531
2012-02-28 02:42:00,1.3414,1.3414,1.34134,1.34134,484399986.26708984
2012-02-28 02:43:00,1.34134,1.34141,1.34129,1.34141,773499984.7412109
2012-02-28 02:44:00,1.34141,1.34141,1.34133,1.34133,431300010.68115234
2012-02-28 02:45:00,1.34133,1.34138,1.34125,1.34133,923499984.7412109
2012-02-28 02:46:00,1.34133,1.34155,1.34133,1.34149,811900024.4140625
2012-02-28 02:47:00,1.34148,1.34148,1.34137,1.34146,685699996.9482422
2012-02-28 02:48:00,1.34146,1.34146,1.34134,1.34135,782300033.5693359
2012-02-28 02:49:00,1.34135,1.34145,1.3413,1.34138,877699966.4306641
2012-02-28 02:50:00,1.34137,1.34137,1.34128,1.34136,1074599990.8447266
2012-02-28 02:51:00,1.34136,1.34137,1.34127,1.34129,935999984.7412109
2012-02-28 02:52:00,1.34129,1.34138,1.34128,1.34138,860500030.5175781
2012-02-28 02:53:00,1.34137,1.34138,1.34128,1.34128,417599983.21533203
2012-02-28 02:54:00,1.34128,1.34133,1.3412,1.34133,1237500000.0
2012-02-28 02:55:00,1.3413,1.3413,1.34123,1.34123,818700027.4658203
2012-02-28 02:56:00,1.34122,1.34125,1.3409,1.3409,1148000030.5175781
2012-02-28 02:57:00,1.34093,1.34103,1.3409,1.34102,882200012.2070312
2012-02-28 02:58:00,1.341,1.34105,1.34082,1.34091,1447299957.2753906
2012-02-28 02:59:00,1.34093,1.34103,1.34087,1.34088,921100006.1035156
2012-02-28 03:00:00,1.34091,1.341,1.34085,1.341,679800033.5693359
2012-02-28 03:01:00,1.34098,1.34099,1.34083,1.3409,1437599945.0683594
2012-02-28 03:02:00,1.3409,1.34109,1.3409,1.34098,789000015.2587891
2012-02-28 03:03:00,1.34098,1.341,1.34081,1.34091,527200012.20703125
2012-02-28 03:04:00,1.34091,1.34094,1.34087,1.34094,605600013.7329102
2012-02-28 03:05:00,1.34094,1.34095,1.34091,1.34095,387000007.62939453
2012-02-28 03:06:00,1.34095,1.34106,1.34093,1.34102,859400024.4140625
2012-02-28 03:07:00,1.34102,1.34102,1.34088,1.34094,412200012.20703125
2012-02-28 03:08:00,1.34091,1.34092,1.34082,1.34087,822300033.5693359
2012-02-28 03:09:00,1.34086,1.34098,1.34086,1.34094,596199989.3188477
2012-02-28 03:10:00,1.34095,1.34102,1.34089,1.34098,845100021.3623047
2012-02-28 03:11:00,1.34099,1.34124,1.34099,1.34123,1897400054.9316406
2012-02-28 03:12:00,1.34123,1.3414,1.34122,1.34135,937500000.0
2012-02-28 03:13:00,1.34134,1.34135,1.34134,1.34135,250499992.37060547
2012-02-28 03:14:00,1.34135,1.34135,1.34132,1.34132,380200004.5776367
2012-02-28 03:15:00,1.34135,1.34135,1.34132,1.34132,650999984.7412109
2012-02-28 03:16:00,1.34132,1.34133,1.34128,1.34132,889800033.5693359
2012-02-28 03:17:00,1.34132,1.34132,1.3413,1.34132,363899993.8964844
2012-02-28 03:18:00,1.34129,1.34129,1.34121,1.34123,519799995.4223633
2012-02-28 03:19:00,1.34123,1.34123,1.34122,1.34122,75900001.5258789
2012-02-28 03:20:00,1.34122,1.34126,1.34122,1.34126,175200004.57763672
2012-02-28 03:21:00,1.34126,1.34126,1.34124,1.34125,180599994.65942383
2012-02-28 03:22:00,1.34124,1.34146,1.34124,1.3414,628800010.6811523
2012-02-28 03:23:00,1.34142,1.34144,1.34142,1.34144,152700004.57763672
2012-02-28 03:24:00,1.34141,1.34152,1.34141,1.34147,416100006.1035156
2012-02-28 03:25:00,1.34147,1.34147,1.34139,1.3414,616899986.2670898
2012-02-28 03:26:00,1.34143,1.34143,1.34135,1.34135,500600013.73291016
2012-02-28 03:27:00,1.34133,1.34138,1.34128,1.34136,965100021.3623047
2012-02-28 03:28:00,1.34136,1.34141,1.34131,1.34133,966500015.2587891
2012-02-28 03:29:00,1.34133,1.34136,1.34127,1.34127,528899993.8964844
2012-02-28 03:30:00,1.34127,1.34152,1.34127,1.34145,1247399978.6376953
2012-02-28 03:31:00,1.34143,1.34172,1.34143,1.34172,1129400024.4140625
2012-02-28 03:32:00,1.34172,1.3418,1.34167,1.34171,1376100006.1035156
2012-02-28 03:33:00,1.34169,1.34169,1.34159,1.34166,946299972.5341797
2012-02-28 03:34:00,1.34167,1.34169,1.34164,1.34169,346100006.1035156
2012-02-28 03:35:00,1.3417,1.3418,1.34168,1.34172,763899993.8964844
2012-02-28 03:36:00,1.34173,1.34174,1.34162,1.34163,798300018.3105469
2012-02-28 03:37:00,1.34167,1.34178,1.34162,1.34178,924800033.5693359
2012-02-28 03:38:00,1.3418,1.34185,1.34166,1.34175,1262900009.1552734
2012-02-28 03:39:00,1.34175,1.34181,1.34169,1.34178,1187799987.7929688
2012-02-28 03:40:00,1.34181,1.34195,1.34179,1.34189,1038300018.3105469
2012-02-28 03:41:00,1.3419,1.34203,1.34179,1.34183,1108300018.3105469
2012-02-28 03:42:00,1.34183,1.34184,1.34168,1.34172,1596199951.171875
2012-02-28 03:43:00,1.34172,1.34181,1.3416,1.34164,1366199951.171875
2012-02-28 03:44:00,1.34165,1.34179,1.34165,1.34174,733099975.5859375
2012-02-28 03:45:00,1.34174,1.34184,1.34173,1.34184,981600036.6210938
2012-02-28 03:46:00,1.34184,1.34184,1.34181,1.34184,512000007.62939453
2012-02-28 03:47:00,1.34184,1.34199,1.34184,1.34198,1030999984.7412109
2012-02-28 03:48:00,1.34197,1.34198,1.34191,1.34192,821100006.1035156
2012-02-28 03:49:00,1.34192,1.34204,1.34191,1.34202,723600006.1035156
2012-02-28 03:50:00,1.34201,1.34217,1.342,1.34216,848499984.7412109
2012-02-28 03:51:00,1.34217,1.34224,1.34209,1.34221,1155800018.3105469
2012-02-28 03:52:00,1.34221,1.34244,1.34216,1.34243,1238300018.3105469
2012-02-28 03:53:00,1.3424,1.34254,1.34237,1.34247,1545700073.2421875
2012-02-28 03:54:00,1.34249,1.34263,1.3424,1.34252,2133899993.8964844
2012-02-28 03:55:00,1.34253,1.34255,1.3425,1.34254,1176800003.0517578
2012-02-28 03:56:00,1.34256,1.34277,1.34256,1.34273,1544199981.6894531
2012-02-28 03:57:00,1.34273,1.34273,1.34251,1.34256,1451699981.6894531
2012-02-28 03:58:00,1.34256,1.34273,1.34238,1.34253,2411799926.7578125
2012-02-28 03:59:00,1.34252,1.34269,1.34248,1.34268,1250800018.3105469
2012-02-28 04:00:00,1.34272,1.34272,1.34247,1.34258,1736199951.171875
2012-02-28 04:01:00,1.34257,1.34268,1.34256,1.34264,1056200027.4658203
2012-02-28 04:02:00,1.34265,1.34277,1.34261,1.34266,1437200012.2070312
2012-02-28 04:03:00,1.34266,1.34275,1.3426,1.34262,906800003.0517578
2012-02-28 04:04:00,1.3426,1.34263,1.34248,1.34249,965599975.5859375
2012-02-28 04:05:00,1.34251,1.34255,1.34251,1.34252,808899993.8964844
2012-02-28 04:06:00,1.3425,1.34252,1.34238,1.34238,669300003.0517578
2012-02-28 04:07:00,1.34238,1.34242,1.34235,1.3424,900000000.0
2012-02-28 04:08:00,1.3424,1.34273,1.3424,1.34265,1063000030.5175781
2012-02-28 04:09:00,1.34263,1.34277,1.34254,1.34277,1496999969.4824219
2012-02-28 04:10:00,1.34277,1.34303,1.34269,1.34299,2056000061.0351562
2012-02-28 04:11:00,1.34299,1.34299,1.34274,1.34276,1096800003.0517578
2012-02-28 04:12:00,1.34279,1.34279,1.34251,1.34254,906800003.0517578
2012-02-28 04:13:00,1.34252,1.34255,1.34246,1.34253,475200004.5776367
2012-02-28 04:14:00,1.34253,1.34255,1.34248,1.3425,307900009.15527344
2012-02-28 04:15:00,1.34248,1.34251,1.34239,1.34242,1278799972.5341797
2012-02-28 04:16:00,1.34242,1.34247,1.34228,1.34228,1152099990.8447266
2012-02-28 04:17:00,1.34227,1.34232,1.34226,1.34232,812099990.8447266
2012-02-28 04:18:00,1.34232,1.34252,1.3423,1.3423,1467200012.2070312
2012-02-28 04:19:00,1.34229,1.34232,1.34219,1.34227,1035000000.0
2012-02-28 04:20:00,1.34225,1.34231,1.34219,1.3422,1103099975.5859375
2012-02-28 04:21:00,1.34223,1.34223,1.34219,1.34221,389199981.6894531
2012-02-28 04:22:00,1.34221,1.34239,1.34221,1.34238,661600036.6210938
2012-02-28 04:23:00,1.34237,1.3425,1.34229,1.34245,1544499969.4824219
2012-02-28 04:24:00,1.34246,1.3425,1.34243,1.34243,413699989.31884766
2012-02-28 04:25:00,1.34242,1.34246,1.3424,1.34245,509199981.6894531
2012-02-28 04:26:00,1.34245,1.3426,1.34244,1.34258,986800003.0517578
2012-02-28 04:27:00,1.34258,1.34258,1.34251,1.34251,310499992.37060547
2012-02-28 04:28:00,1.34251,1.34264,1.34251,1.3426,602299995.4223633
2012-02-28 04:29:00,1.3426,1.3426,1.3424,1.34247,1535299987.7929688
2012-02-28 04:30:00,1.34248,1.34256,1.34248,1.34252,545600013.7329102
2012-02-28 04:31:00,1.34252,1.34262,1.34248,1.34262,849199981.6894531
2012-02-28 04:32:00,1.34263,1.34263,1.34261,1.34261,118400001.5258789
2012-02-28 04:33:00,1.34261,1.34264,1.34249,1.34261,989000015.2587891
2012-02-28 04:34:00,1.3426,1.34282,1.3426,1.3427,1241800003.0517578
2012-02-28 04:35:00,1.34271,1.34281,1.34262,1.3428,820899963.3789062
2012-02-28 04:36:00,1.34278,1.34279,1.34262,1.34273,2296300048.828125
2012-02-28 04:37:00,1.34273,1.34282,1.34264,1.34264,1381000061.0351562
2012-02-28 04:38:00,1.34266,1.34279,1.34261,1.3427,910000000.0
2012-02-28 04:39:00,1.34271,1.34277,1.3426,1.34272,1005999984.7412109
2012-02-28 04:40:00,1.34267,1.34287,1.34262,1.3428,796900024.4140625
2012-02-28 04:41:00,1.3428,1.343,1.34276,1.343,1275999984.741211
2012-02-28 04:42:00,1.34301,1.34352,1.343,1.34328,2489700012.2070312
2012-02-28 04:43:00,1.3433,1.34337,1.34318,1.34321,1664299926.7578125
2012-02-28 04:44:00,1.34321,1.34325,1.3432,1.34322,987799987.7929688
2012-02-28 04:45:00,1.34323,1.34323,1.34308,1.3431,1485000000.0
2012-02-28 04:46:00,1.34312,1.34339,1.34312,1.34339,1743999938.9648438
2012-02-28 04:47:00,1.34347,1.34347,1.34326,1.34335,1352500000.0
2012-02-28 04:48:00,1.34335,1.34349,1.34335,1.34343,1122399978.6376953
2012-02-28 04:49:00,1.34342,1.34374,1.34342,1.34362,1836100006.1035156
2012-02-28 04:50:00,1.34363,1.34379,1.34355,1.34359,2581799926.7578125
2012-02-28 04:51:00,1.3436,1.34363,1.34357,1.34357,840899963.3789062
2012-02-28 04:52:00,1.34357,1.34372,1.34355,1.34371,1138099975.5859375
2012-02-28 04:53:00,1.34371,1.34381,1.34357,1.34359,1778300018.3105469
2012-02-28 04:54:00,1.34359,1.34365,1.34355,1.34357,1309299926.7578125
2012-02-28 04:55:00,1.34359,1.3436,1.34357,1.34357,691200027.4658203
2012-02-28 04:56:00,1.34358,1.3436,1.34347,1.3436,1879100036.6210938
2012-02-28 04:57:00,1.3436,1.3436,1.34335,1.34345,2130700073.2421875
2012-02-28 04:58:00,1.34343,1.3436,1.34338,1.34356,1489799957.2753906
2012-02-28 04:59:00,1.34356,1.34361,1.34353,1.34357,895899963.3789062
2012-02-28 05:00:00,1.34357,1.34363,1.34339,1.34353,1767799987.7929688
2012-02-28 05:01:00,1.34353,1.34358,1.34337,1.34342,1351999969.4824219
2012-02-28 05:02:00,1.34342,1.34345,1.34321,1.34326,1633099975.5859375
2012-02-28 05:03:00,1.34329,1.34334,1.34312,1.34325,1361300048.828125
2012-02-28 05:04:00,1.34325,1.34334,1.34317,1.34317,1312200012.2070312
2012-02-28 05:05:00,1.34317,1.34328,1.34317,1.34327,939800033.5693359
2012-02-28 05:06:00,1.34328,1.34328,1.34323,1.34326,1108300018.3105469
2012-02-28 05:07:00,1.34325,1.34326,1.34314,1.34316,952600021.3623047
2012-02-28 05:08:00,1.34317,1.34323,1.34308,1.3431,1365800018.3105469
2012-02-28 05:09:00,1.3431,1.34334,1.34306,1.34324,2027700042.7246094
2012-02-28 05:10:00,1.34324,1.34333,1.34308,1.34309,1618000030.5175781
2012-02-28 05:11:00,1.34309,1.34331,1.34306,1.34312,1515800018.3105469
2012-02-28 05:12:00,1.34312,1.34314,1.34297,1.34314,1203199996.9482422
2012-02-28 05:13:00,1.34314,1.34314,1.34299,1.34299,1064599990.8447266
2012-02-28 05:14:00,1.34298,1.34331,1.34298,1.34306,1203600006.1035156
2012-02-28 05:15:00,1.34306,1.34329,1.34306,1.34329,834300003.0517578
2012-02-28 05:16:00,1.34329,1.34329,1.34327,1.34329,418100013.73291016
2012-02-28 05:17:00,1.34329,1.34345,1.34322,1.34326,744800033.5693359
2012-02-28 05:18:00,1.34326,1.34329,1.34302,1.34312,857399978.6376953
2012-02-28 05:19:00,1.34314,1.34319,1.34308,1.34317,975599975.5859375
2012-02-28 05:20:00,1.34317,1.34317,1.34299,1.34305,1237600021.3623047
2012-02-28 05:21:00,1.34304,1.34315,1.34304,1.34315,512700004.5776367
2012-02-28 05:22:00,1.34315,1.3432,1.34307,1.34307,853700027.4658203
2012-02-28 05:23:00,1.34307,1.34325,1.34306,1.34325,665100021.3623047
2012-02-28 05:24:00,1.34325,1.34327,1.34317,1.34324,940699996.9482422
2012-02-28 05:25:00,1.34322,1.34331,1.34309,1.34309,1006800003.0517578
2012-02-28 05:26:00,1.34309,1.34316,1.343,1.34302,1481000061.0351562
2012-02-28 05:27:00,1.34305,1.34313,1.34298,1.34303,1392799987.7929688
2012-02-28 05:28:00,1.34301,1.3431,1.34299,1.34302,641999969.4824219
2012-02-28 05:29:00,1.34302,1.3431,1.343,1.343,866900024.4140625
2012-02-28 05:30:00,1.34301,1.34313,1.34301,1.34309,870500030.5175781
2012-02-28 05:31:00,1.34309,1.3431,1.34301,1.34306,859800033.5693359
2012-02-28 05:32:00,1.34306,1.34314,1.34306,1.3431,623800010.6811523
2012-02-28 05:33:00,1.3431,1.34313,1.34307,1.34312,295499992.37060547
2012-02-28 05:34:00,1.34312,1.34312,1.34309,1.34312,436500015.25878906
2012-02-28 05:35:00,1.34309,1.34323,1.34309,1.34319,1041100006.1035156
2012-02-28 05:36:00,1.34319,1.34331,1.34314,1.34316,1180699996.9482422
2012-02-28 05:37:00,1.34318,1.34341,1.34318,1.34333,1316499938.9648438
2012-02-28 05:38:00,1.34332,1.34335,1.3432,1.34334,1952100067.1386719
2012-02-28 05:39:00,1.34334,1.34338,1.34326,1.34329,681600036.6210938
2012-02-28 05:40:00,1.34329,1.34343,1.34329,1.34342,454399986.26708984
2012-02-28 05:41:00,1.34342,1.34351,1.34339,1.34351,861299972.5341797
2012-02-28 05:42:00,1.34351,1.3436,1.34348,1.34349,1486600036.6210938
2012-02-28 05:43:00,1.34347,1.34351,1.3434,1.34351,1537200012.2070312
2012-02-28 05:44:00,1.34351,1.34355,1.34349,1.3435,514399986.26708984
2012-02-28 05:45:00,1.34352,1.34365,1.34351,1.34362,1172399978.6376953
2012-02-28 05:46:00,1.34362,1.34379,1.34362,1.34376,1135599975.5859375
2012-02-28 05:47:00,1.34375,1.34375,1.34357,1.34365,1150599975.5859375
2012-02-28 05:48:00,1.34365,1.3438,1.3436,1.34377,2225299987.7929688
2012-02-28 05:49:00,1.3437,1.34394,1.34367,1.34388,2324700012.2070312
2012-02-28 05:50:00,1.3439,1.34397,1.34381,1.34383,1270000000.0
2012-02-28 05:51:00,1.34382,1.34391,1.3438,1.34391,1540000000.0
2012-02-28 05:52:00,1.34389,1.34409,1.34389,1.34391,1915700073.2421875
2012-02-28 05:53:00,1.34391,1.34412,1.34391,1.34407,1399900054.9316406
2012-02-28 05:54:00,1.34404,1.34409,1.34389,1.34401,1976600036.6210938
2012-02-28 05:55:00,1.344,1.34426,1.34397,1.34426,2495200042.7246094
2012-02-28 05:56:00,1.34432,1.34435,1.34419,1.34423,2441600036.6210938
2012-02-28 05:57:00,1.34423,1.34429,1.34419,1.34428,1612700042.7246094
2012-02-28 05:58:00,1.34428,1.34429,1.3442,1.3442,589500007.6293945
2012-02-28 05:59:00,1.34422,1.34422,1.3441,1.34415,1390599975.5859375
2012-02-28 06:00:00,1.34412,1.34419,1.34405,1.34412,2413500061.0351562
2012-02-28 06:01:00,1.34415,1.34417,1.34386,1.34394,1963699951.171875
2012-02-28 06:02:00,1.34394,1.34394,1.3437,1.34393,1699600067.1386719
2012-02-28 06:03:00,1.34393,1.34402,1.34388,1.34394,787300033.5693359
2012-02-28 06:04:00,1.34398,1.344,1.34392,1.344,905800018.3105469
2012-02-28 06:05:00,1.34402,1.34416,1.34401,1.34414,1194800033.569336
2012-02-28 06:06:00,1.34411,1.3442,1.34407,1.3442,1835399932.8613281
2012-02-28 06:07:00,1.34421,1.3444,1.34421,1.34435,1705700073.2421875
2012-02-28 06:08:00,1.3444,1.3444,1.3442,1.34423,1164499969.4824219
2012-02-28 06:09:00,1.34422,1.34422,1.34409,1.34417,1102600021.3623047
2012-02-28 06:10:00,1.34417,1.34423,1.3441,1.34413,1078300018.3105469
2012-02-28 06:11:00,1.34411,1.34424,1.34408,1.34417,1626600036.6210938
2012-02-28 06:12:00,1.34417,1.34422,1.34412,1.34416,877699966.4306641
2012-02-28 06:13:00,1.34416,1.34418,1.34401,1.34401,1168499984.741211
2012-02-28 06:14:00,1.34403,1.34427,1.34401,1.34425,1487899932.8613281
2012-02-28 06:15:00,1.34425,1.34437,1.34423,1.34437,1403999938.9648438
2012-02-28 06:16:00,1.34437,1.34444,1.34433,1.34433,1287700042.7246094
2012-02-28 06:17:00,1.34436,1.34444,1.34432,1.34444,1200500030.5175781
2012-02-28 06:18:00,1.34443,1.34444,1.34423,1.3443,1978699951.171875
2012-02-28 06:19:00,1.34429,1.3444,1.34428,1.3443,1585200042.7246094
2012-02-28 06:20:00,1.3443,1.34451,1.34429,1.34449,2292799987.7929688
2012-02-28 06:21:00,1.34449,1.34508,1.34449,1.34487,2952600097.65625
2012-02-28 06:22:00,1.34491,1.34503,1.34482,1.34496,2925599975.5859375
2012-02-28 06:23:00,1.34496,1.345,1.34488,1.34491,1676600036.6210938
2012-02-28 06:24:00,1.34491,1.34491,1.34474,1.34475,1648999938.9648438
2012-02-28 06:25:00,1.34475,1.34482,1.34471,1.34479,1427899932.8613281
2012-02-28 06:26:00,1.34479,1.34484,1.34471,1.34479,1264899978.6376953
2012-02-28 06:27:00,1.34479,1.34481,1.34476,1.3448,760299987.7929688
2012-02-28 06:28:00,1.3448,1.3448,1.34476,1.34478,1088499984.741211
2012-02-28 06:29:00,1.34478,1.34479,1.34457,1.34459,1001800003.0517578
2012-02-28 06:30:00,1.34459,1.34463,1.34457,1.34459,889499969.4824219
2012-02-28 06:31:00,1.34459,1.34459,1.34443,1.34443,1819499969.4824219
2012-02-28 06:32:00,1.34443,1.34454,1.34428,1.34428,1955800018.3105469
2012-02-28 06:33:00,1.3443,1.3443,1.34407,1.3441,1256999969.4824219
2012-02-28 06:34:00,1.3441,1.34431,1.3441,1.34431,1072600021.3623047
2012-02-28 06:35:00,1.34431,1.34435,1.34426,1.3443,1134199981.6894531
2012-02-28 06:36:00,1.34428,1.34443,1.34428,1.34431,992900009.1552734
2012-02-28 06:37:00,1.34431,1.34434,1.3442,1.34422,923199996.9482422
2012-02-28 06:38:00,1.34424,1.34425,1.3441,1.34412,1164100036.6210938
2012-02-28 06:39:00,1.34412,1.34419,1.344,1.34404,1444600067.1386719
2012-02-28 06:40:00,1.34404,1.34411,1.34401,1.34401,1061600036.6210938
2012-02-28 06:41:00,1.34402,1.34402,1.34383,1.34383,1446199951.171875
2012-02-28 06:42:00,1.34377,1.344,1.34377,1.34394,1100699996.9482422
2012-02-28 06:43:00,1.34396,1.34396,1.34379,1.34388,1349299926.7578125
2012-02-28 06:44:00,1.34388,1.34402,1.34385,1.34385,1830899963.3789062
2012-02-28 06:45:00,1.34384,1.34389,1.34377,1.3438,1392400054.9316406
2012-02-28 06:46:00,1.3438,1.34389,1.34379,1.34383,1288600006.1035156
2012-02-28 06:47:00,1.34384,1.34397,1.3438,1.34391,1616600036.6210938
2012-02-28 06:48:00,1.34392,1.34397,1.34383,1.34391,1298000030.5175781
2012-02-28 06:49:00,1.34389,1.34399,1.34382,1.34394,2045200042.7246094
2012-02-28 06:50:00,1.34393,1.34423,1.34393,1.34414,2178699951.171875
2012-02-28 06:51:00,1.34415,1.34418,1.344,1.34404,2118699951.171875
2012-02-28 06:52:00,1.34403,1.34426,1.34403,1.34422,1335700073.2421875
2012-02-28 06:53:00,1.34422,1.34432,1.34419,1.3443,1707700042.7246094
2012-02-28 06:54:00,1.3443,1.34435,1.34424,1.34433,1897500000.0
2012-02-28 06:55:00,1.3443,1.34434,1.34422,1.34424,1222699966.430664
2012-02-28 06:56:00,1.34424,1.34424,1.34417,1.34418,1223300018.3105469
2012-02-28 06:57:00,1.34418,1.34438,1.34418,1.34426,1779400024.4140625
2012-02-28 06:58:00,1.3443,1.34437,1.34426,1.34432,1422100067.1386719
2012-02-28 06:59:00,1.3443,1.34442,1.34418,1.34418,2112599945.0683594
2012-02-28 07:00:00,1.34418,1.34418,1.34395,1.34402,2386799926.7578125
2012-02-28 07:01:00,1.34402,1.34411,1.34401,1.34411,1516199951.171875
2012-02-28 07:02:00,1.34411,1.34437,1.34411,1.3443,1455200042.7246094
2012-02-28 07:03:00,1.34429,1.34458,1.34429,1.34454,1495899963.3789062
2012-02-28 07:04:00,1.34454,1.34456,1.34439,1.34442,1680399932.8613281
2012-02-28 07:05:00,1.34441,1.34442,1.34431,1.34431,1021600036.6210938
2012-02-28 07:06:00,1.34431,1.34435,1.3441,1.34435,1518200073.2421875
2012-02-28 07:07:00,1.34435,1.34438,1.3439,1.34393,2098200073.2421875
2012-02-28 07:08:00,1.34391,1.344,1.34364,1.344,2432899932.861328
2012-02-28 07:09:00,1.344,1.344,1.34363,1.34365,1271200027.4658203
2012-02-28 07:10:00,1.34364,1.34367,1.34343,1.34351,2130700073.2421875
2012-02-28 07:11:00,1.34351,1.3436,1.34328,1.34328,2199100036.6210938
2012-02-28 07:12:00,1.34328,1.34357,1.34327,1.34342,1682599945.0683594
2012-02-28 07:13:00,1.34342,1.34362,1.34336,1.34352,2443899993.8964844
2012-02-28 07:14:00,1.34349,1.34353,1.34331,1.34351,2122400054.9316406
2012-02-28 07:15:00,1.34351,1.34387,1.34351,1.3437,1843500061.0351562
2012-02-28 07:16:00,1.34369,1.34381,1.34363,1.34378,1327599945.0683594
2012-02-28 07:17:00,1.34378,1.34384,1.3437,1.34383,1634299926.7578125
2012-02-28 07:18:00,1.34383,1.34404,1.34381,1.34403,1799400024.4140625
2012-02-28 07:19:00,1.34403,1.34403,1.3437,1.3437,2286999969.482422
2012-02-28 07:20:00,1.3437,1.34379,1.34349,1.34349,2537500000.0
2012-02-28 07:21:00,1.34349,1.34385,1.34346,1.34348,1799299926.7578125
2012-02-28 07:22:00,1.3434,1.3434,1.343,1.34315,2257599945.0683594
2012-02-28 07:23:00,1.34315,1.34319,1.34295,1.34306,3005499877.9296875
2012-02-28 07:24:00,1.34304,1.34336,1.34303,1.3433,2258600006.1035156
2012-02-28 07:25:00,1.34332,1.34342,1.3433,1.3434,1972700042.7246094
2012-02-28 07:26:00,1.34343,1.34352,1.34336,1.34352,2227799987.7929688
2012-02-28 07:27:00,1.34354,1.3437,1.3434,1.34367,3134400024.4140625
2012-02-28 07:28:00,1.34365,1.34391,1.34365,1.3437,2391999969.482422
2012-02-28 07:29:00,1.34369,1.3438,1.34347,1.34362,2165500030.517578
2012-02-28 07:30:00,1.34362,1.34362,1.3433,1.34345,2047400054.9316406
2012-02-28 07:31:00,1.34342,1.34345,1.34229,1.3425,4419599914.550781
2012-02-28 07:32:00,1.34249,1.3425,1.342,1.34226,3696799926.7578125
2012-02-28 07:33:00,1.34228,1.34298,1.34228,1.34288,4322900085.449219
2012-02-28 07:34:00,1.34288,1.34288,1.3422,1.34247,3531000061.0351562
2012-02-28 07:35:00,1.34248,1.34295,1.34248,1.34291,2864100036.6210938
2012-02-28 07:36:00,1.3429,1.34302,1.34267,1.34299,2201199951.171875
2012-02-28 07:37:00,1.34298,1.34303,1.34247,1.34247,2389900054.9316406
2012-02-28 07:38:00,1.34252,1.34259,1.34233,1.34247,2299299926.7578125
2012-02-28 07:39:00,1.34247,1.34285,1.34234,1.34285,2524700012.2070312
2012-02-28 07:40:00,1.34283,1.34291,1.3427,1.34276,2838099975.5859375
2012-02-28 07:41:00,1.34277,1.34286,1.34244,1.34259,2940799865.7226562
2012-02-28 07:42:00,1.34259,1.34259,1.34226,1.34228,2356900024.4140625
2012-02-28 07:43:00,1.34229,1.34251,1.34221,1.34233,3029599914.5507812
2012-02-28 07:44:00,1.34233,1.34257,1.34225,1.34243,2071499938.9648438
2012-02-28 07:45:00,1.34245,1.34272,1.34245,1.34267,2674500122.0703125
2012-02-28 07:46:00,1.34267,1.3429,1.34264,1.34285,2095500030.5175781
2012-02-28 07:47:00,1.34285,1.34286,1.34268,1.34278,1803600006.1035156
2012-02-28 07:48:00,1.34276,1.3433,1.34276,1.3432,2705400085.4492188
2012-02-28 07:49:00,1.3432,1.34333,1.34319,1.34333,2122100067.1386719
2012-02-28 07:50:00,1.34333,1.34346,1.34329,1.34345,2151399993.8964844
2012-02-28 07:51:00,1.34345,1.34379,1.34332,1.34366,3006600036.6210938
2012-02-28 07:52:00,1.34366,1.34405,1.34366,1.34403,2962799987.7929688
2012-02-28 07:53:00,1.34402,1.3441,1.34382,1.3439,2988500061.0351562
2012-02-28 07:54:00,1.34391,1.34406,1.34384,1.34386,2245200042.7246094
2012-02-28 07:55:00,1.34384,1.34389,1.34366,1.34367,1941399993.8964844
2012-02-28 07:56:00,1.34367,1.34376,1.34348,1.34352,2869800109.8632812
2012-02-28 07:57:00,1.34352,1.34405,1.34349,1.3439,3104599914.5507812
2012-02-28 07:58:00,1.3439,1.34403,1.34382,1.34397,2348300018.310547
2012-02-28 07:59:00,1.34395,1.34451,1.34387,1.34445,3227500000.0
2012-02-28 08:00:00,1.3444,1.34467,1.3443,1.34467,3458500061.0351562
2012-02-28 08:01:00,1.34464,1.34464,1.34407,1.3441,2929200134.2773438
2012-02-28 08:02:00,1.34413,1.34476,1.34413,1.34471,2932699890.1367188
2012-02-28 08:03:00,1.34471,1.34507,1.34462,1.34506,3577600097.65625
2012-02-28 08:04:00,1.34508,1.34566,1.34507,1.34527,5567299804.6875
2012-02-28 08:05:00,1.34527,1.34527,1.34469,1.34486,3547900085.4492188
2012-02-28 08:06:00,1.34488,1.3449,1.34447,1.34451,3116799926.7578125
2012-02-28 08:07:00,1.34451,1.34472,1.34441,1.34455,3216799926.7578125
2012-02-28 08:08:00,1.34455,1.34455,1.34429,1.34442,2475299987.7929688
2012-02-28 08:09:00,1.3444,1.3445,1.3441,1.34432,3105000000.0
2012-02-28 08:10:00,1.34433,1.34473,1.34427,1.3447,2795599975.5859375
2012-02-28 08:11:00,1.3447,1.34475,1.3445,1.34466,1967599945.0683594
2012-02-28 08:12:00,1.34468,1.34511,1.34467,1.34509,3812500000.0
2012-02-28 08:13:00,1.34509,1.34525,1.34463,1.34465,3658900146.484375
2012-02-28 08:14:00,1.34465,1.34482,1.34448,1.34451,2868500061.0351562
2012-02-28 08:15:00,1.34453,1.34466,1.3443,1.34457,2843500061.0351562
2012-02-28 08:16:00,1.34457,1.345,1.34457,1.34488,2391999969.482422
2012-02-28 08:17:00,1.34488,1.34519,1.34487,1.34519,2983800048.828125
2012-02-28 08:18:00,1.34523,1.34529,1.345,1.34502,2375099945.0683594
2012-02-28 08:19:00,1.34502,1.34534,1.34497,1.34534,3252600097.65625
2012-02-28 08:20:00,1.34534,1.34534,1.3451,1.34523,2606199951.171875
2012-02-28 08:21:00,1.34529,1.34531,1.34503,1.34504,2985499877.9296875
2012-02-28 08:22:00,1.34504,1.34527,1.34475,1.34527,3745799865.7226562
2012-02-28 08:23:00,1.34527,1.34593,1.3452,1.34579,4226400146.484375
2012-02-28 08:24:00,1.34579,1.34579,1.34555,1.34563,3033999938.9648438
2012-02-28 08:25:00,1.34561,1.34576,1.34548,1.34572,2973099975.5859375
2012-02-28 08:26:00,1.34574,1.34574,1.34538,1.34543,2561700134.2773438
2012-02-28 08:27:00,1.34541,1.34542,1.34512,1.34516,2819599914.5507812
2012-02-28 08:28:00,1.34516,1.34546,1.34516,1.34544,2423899993.8964844
2012-02-28 08:29:00,1.34546,1.34563,1.34533,1.34542,2830700073.2421875
2012-02-28 08:30:00,1.34542,1.34551,1.34521,1.3454,2805000000.0
2012-02-28 08:31:00,1.34538,1.34549,1.3453,1.34537,2695599975.5859375
2012-02-28 08:32:00,1.34537,1.34572,1.34533,1.34571,2454600067.138672
2012-02-28 08:33:00,1.34572,1.34574,1.34546,1.34558,3026700134.2773438
2012-02-28 08:34:00,1.34558,1.34568,1.34545,1.34561,3302000122.0703125
2012-02-28 08:35:00,1.34565,1.34621,1.34563,1.34621,3660499877.9296875
2012-02-28 08:36:00,1.34619,1.34619,1.34569,1.34571,3109899902.34375
2012-02-28 08:37:00,1.34573,1.34589,1.34572,1.3458,2639599914.5507812
2012-02-28 08:38:00,1.3458,1.34593,1.34564,1.34565,2619700012.2070312
2012-02-28 08:39:00,1.34567,1.34567,1.34532,1.34534,3200199890.1367188
2012-02-28 08:40:00,1.34536,1.34549,1.34534,1.3454,2060299987.7929688
2012-02-28 08:41:00,1.3454,1.34541,1.34495,1.345,2713699951.171875
2012-02-28 08:42:00,1.34501,1.34514,1.34485,1.34494,2404700012.2070312
2012-02-28 08:43:00,1.34495,1.34495,1.3447,1.34479,1883600006.1035156
2012-02-28 08:44:00,1.34481,1.345,1.34478,1.34488,2475299987.7929688
2012-02-28 08:45:00,1.34486,1.34505,1.34479,1.345,2707799987.7929688
2012-02-28 08:46:00,1.345,1.34516,1.34492,1.34503,2985199890.1367188
2012-02-28 08:47:00,1.34503,1.34523,1.34502,1.3452,2288999938.9648438
2012-02-28 08:48:00,1.34522,1.34531,1.34493,1.34497,3214500122.0703125
2012-02-28 08:49:00,1.34497,1.345,1.34473,1.34486,2910400085.4492188
2012-02-28 08:50:00,1.34487,1.34502,1.34441,1.34442,3263399963.3789062
2012-02-28 08:51:00,1.34442,1.34455,1.34441,1.34451,1795599975.5859375
2012-02-28 08:52:00,1.34446,1.34466,1.34444,1.34456,2295599975.5859375
2012-02-28 08:53:00,1.34454,1.34468,1.34415,1.34428,3480700073.2421875
2012-02-28 08:54:00,1.34423,1.34446,1.34423,1.34446,2734100036.6210938
2012-02-28 08:55:00,1.34449,1.3445,1.344,1.34409,3045000000.0
2012-02-28 08:56:00,1.34409,1.34443,1.34396,1.34438,2773099975.5859375
2012-02-28 08:57:00,1.34436,1.34447,1.34418,1.34445,2511100006.1035156
2012-02-28 08:58:00,1.34447,1.34465,1.34445,1.34465,904499969.4824219
2012-02-28 08:59:00,1.34462,1.34466,1.34452,1.34453,1049300003.0517578
2012-02-28 09:00:00,1.34453,1.34473,1.34453,1.34473,2712900085.4492188
2012-02-28 09:01:00,1.34472,1.34491,1.34469,1.34472,2306699981.689453
2012-02-28 09:02:00,1.34472,1.34482,1.3445,1.34454,3027999877.9296875
2012-02-28 09:03:00,1.34454,1.34473,1.34442,1.34468,2321399993.8964844
2012-02-28 09:04:00,1.34467,1.34473,1.3444,1.34469,2784299926.7578125
2012-02-28 09:05:00,1.34469,1.34469,1.34452,1.34462,1130199966.430664
2012-02-28 09:06:00,1.34462,1.34462,1.34369,1.3439,4357999877.9296875
2012-02-28 09:07:00,1.34389,1.34391,1.34335,1.34343,3724500122.0703125
2012-02-28 09:08:00,1.34342,1.34357,1.34332,1.34346,3076199951.171875
2012-02-28 09:09:00,1.34347,1.34366,1.34341,1.34353,2621099853.515625
2012-02-28 09:10:00,1.34351,1.34355,1.34336,1.34349,2496999969.482422
2012-02-28 09:11:00,1.34349,1.34367,1.34348,1.34362,2018500061.0351562
2012-02-28 09:12:00,1.34362,1.3437,1.34341,1.34349,3003800048.828125
2012-02-28 09:13:00,1.34349,1.34353,1.34323,1.34339,2138200073.2421875
2012-02-28 09:14:00,1.34338,1.34364,1.34325,1.34355,2451499938.9648438
2012-02-28 09:15:00,1.34355,1.34363,1.3432,1.34335,2616600036.6210938
2012-02-28 09:16:00,1.34333,1.34342,1.34313,1.34316,2714599914.5507812
2012-02-28 09:17:00,1.34316,1.34348,1.34312,1.34335,3141499938.9648438
2012-02-28 09:18:00,1.34335,1.34351,1.34332,1.34348,2267299957.2753906
2012-02-28 09:19:00,1.34348,1.34365,1.34343,1.34353,2582099914.5507812
2012-02-28 09:20:00,1.34351,1.34373,1.34346,1.34368,1977899932.8613281
2012-02-28 09:21:00,1.34368,1.34391,1.34366,1.34391,2228699951.171875
2012-02-28 09:22:00,1.34389,1.344,1.3438,1.34399,2117599945.0683594
2012-02-28 09:23:00,1.34399,1.34413,1.34399,1.34411,2030899963.3789062
2012-02-28 09:24:00,1.3441,1.3441,1.34389,1.34395,1816300048.828125
2012-02-28 09:25:00,1.34395,1.34395,1.34338,1.34341,2876700134.2773438
2012-02-28 09:26:00,1.34342,1.34353,1.3432,1.34328,2771400146.484375
2012-02-28 09:27:00,1.34331,1.34352,1.34328,1.34332,2125599975.5859375
2012-02-28 09:28:00,1.34333,1.34334,1.3427,1.3427,3125299987.7929688
2012-02-28 09:29:00,1.3427,1.3431,1.34269,1.34305,3356900024.4140625
2012-02-28 09:30:00,1.34305,1.34323,1.34291,1.34304,2946000061.0351562
2012-02-28 09:31:00,1.34301,1.34334,1.34297,1.34328,2473200073.2421875
2012-02-28 09:32:00,1.34328,1.34341,1.34322,1.34341,2193099975.5859375
2012-02-28 09:33:00,1.34339,1.34379,1.34332,1.34373,2610700073.2421875
2012-02-28 09:34:00,1.34373,1.34396,1.34361,1.34385,2407700042.7246094
2012-02-28 09:35:00,1.34387,1.34393,1.34367,1.34367,1723600006.1035156
2012-02-28 09:36:00,1.34367,1.34382,1.34364,1.34372,1712799987.7929688
2012-02-28 09:37:00,1.34372,1.34372,1.3434,1.34342,2617999877.9296875
2012-02-28 09:38:00,1.34342,1.34354,1.34328,1.34328,2512899932.861328
2012-02-28 09:39:00,1.34327,1.34373,1.34312,1.34373,2605899963.3789062
2012-02-28 09:40:00,1.34376,1.34386,1.34364,1.34376,1973899993.8964844
2012-02-28 09:41:00,1.34376,1.34377,1.34361,1.34363,1826600036.6210938
2012-02-28 09:42:00,1.34364,1.34414,1.34364,1.34414,1611799926.7578125
2012-02-28 09:43:00,1.34412,1.34428,1.34402,1.34428,2708800048.828125
2012-02-28 09:44:00,1.3443,1.34444,1.34421,1.34429,2632799987.7929688
2012-02-28 09:45:00,1.34429,1.34431,1.34404,1.34423,2931700134.2773438
2012-02-28 09:46:00,1.34424,1.34425,1.34406,1.34408,2027400054.9316406
2012-02-28 09:47:00,1.3441,1.3441,1.34385,1.3439,1706499938.9648438
2012-02-28 09:48:00,1.3439,1.34412,1.34389,1.34411,1614900054.9316406
2012-02-28 09:49:00,1.34411,1.34411,1.34383,1.34392,2105299987.7929688
2012-02-28 09:50:00,1.34392,1.34407,1.34382,1.34385,2483000030.517578
2012-02-28 09:51:00,1.34385,1.3439,1.34382,1.34385,1891900024.4140625
2012-02-28 09:52:00,1.34385,1.34417,1.34376,1.34416,2225000000.0
2012-02-28 09:53:00,1.34415,1.34424,1.34404,1.34423,2729299926.7578125
2012-02-28 09:54:00,1.34423,1.34432,1.34421,1.34432,2406799926.7578125
2012-02-28 09:55:00,1.34431,1.34432,1.34367,1.34368,2426600036.6210938
2012-02-28 09:56:00,1.34361,1.34384,1.34345,1.34363,3472799987.7929688
2012-02-28 09:57:00,1.34362,1.34385,1.34358,1.34384,2853800048.828125
2012-02-28 09:58:00,1.34383,1.34392,1.34373,1.34378,1455299987.7929688
2012-02-28 09:59:00,1.34378,1.34392,1.34378,1.34378,1510200042.7246094
2012-02-28 10:00:00,1.34376,1.34406,1.34369,1.34406,2450700073.2421875
2012-02-28 10:01:00,1.34406,1.3442,1.34392,1.34408,2957300109.8632812
2012-02-28 10:02:00,1.34408,1.34408,1.34331,1.34332,2922600097.65625
2012-02-28 10:03:00,1.34332,1.34337,1.34311,1.34325,3190799865.7226562
2012-02-28 10:04:00,1.34326,1.34337,1.34312,1.34336,2487500000.0
2012-02-28 10:05:00,1.34335,1.34345,1.3432,1.3434,2678099975.5859375
2012-02-28 10:06:00,1.3434,1.34354,1.34336,1.34337,2335599975.5859375
2012-02-28 10:07:00,1.34338,1.34354,1.34334,1.34346,2260200042.7246094
2012-02-28 10:08:00,1.34347,1.34354,1.34325,1.34346,2497400054.9316406
2012-02-28 10:09:00,1.34343,1.34361,1.34326,1.34357,2873099975.5859375
2012-02-28 10:10:00,1.34359,1.34429,1.34359,1.34415,3151300048.828125
2012-02-28 10:11:00,1.34415,1.34424,1.34403,1.34408,2616700134.2773438
2012-02-28 10:12:00,1.34409,1.34419,1.34401,1.34415,2520700073.2421875
2012-02-28 10:13:00,1.34415,1.34415,1.3438,1.34398,2246499938.9648438
2012-02-28 10:14:00,1.34399,1.34408,1.34393,1.34393,2312700042.7246094
2012-02-28 10:15:00,1.34391,1.34395,1.34372,1.34377,2132400054.9316406
2012-02-28 10:16:00,1.34376,1.34394,1.34372,1.34388,2633099975.5859375
2012-02-28 10:17:00,1.34388,1.3439,1.3435,1.34369,2798299865.7226562
2012-02-28 10:18:00,1.34369,1.34398,1.34366,1.34393,2520700073.2421875
2012-02-28 10:19:00,1.34393,1.344,1.34385,1.34398,1695299987.7929688
2012-02-28 10:20:00,1.34398,1.34398,1.34374,1.34374,3149500122.0703125
2012-02-28 10:21:00,1.34374,1.34403,1.34367,1.34402,2852999877.9296875
2012-02-28 10:22:00,1.34404,1.34407,1.3438,1.3438,2431000061.0351562
2012-02-28 10:23:00,1.34383,1.34398,1.34335,1.34336,4063800048.828125
2012-02-28 10:24:00,1.34335,1.34346,1.3432,1.3433,3204899902.34375
2012-02-28 10:25:00,1.3433,1.34335,1.34305,1.34332,3965100097.65625
2012-02-28 10:26:00,1.34332,1.34339,1.34322,1.34337,2221999969.482422
2012-02-28 10:27:00,1.34337,1.34354,1.3432,1.34327,2276600036.6210938
2012-02-28 10:28:00,1.34327,1.34352,1.34313,1.34317,2646799926.7578125
2012-02-28 10:29:00,1.34316,1.34332,1.34296,1.34302,2543999938.9648438
2012-02-28 10:30:00,1.34303,1.34306,1.34285,1.34297,2338800048.828125
2012-02-28 10:31:00,1.34299,1.3432,1.34278,1.34285,2663699951.171875
2012-02-28 10:32:00,1.34285,1.34304,1.34281,1.34298,2729299926.7578125
2012-02-28 10:33:00,1.34297,1.34306,1.34267,1.34282,3166499938.9648438
2012-02-28 10:34:00,1.3428,1.34286,1.3427,1.34271,2011699981.6894531
2012-02-28 10:35:00,1.34271,1.34281,1.34249,1.3428,2061699981.6894531
2012-02-28 10:36:00,1.34278,1.34294,1.34267,1.34288,2735400085.4492188
2012-02-28 10:37:00,1.34287,1.34322,1.34287,1.34321,3122000122.0703125
2012-02-28 10:38:00,1.34323,1.34323,1.34296,1.34304,1816100006.1035156
2012-02-28 10:39:00,1.34304,1.34332,1.34299,1.34327,1641999969.4824219
2012-02-28 10:40:00,1.34328,1.34357,1.3432,1.34353,2621600036.6210938
2012-02-28 10:41:00,1.34354,1.34355,1.34338,1.34339,2347200012.2070312
2012-02-28 10:42:00,1.34339,1.34356,1.34339,1.34344,2942399902.34375
2012-02-28 10:43:00,1.34344,1.34357,1.34343,1.34356,1853600006.1035156
2012-02-28 10:44:00,1.34354,1.34364,1.34346,1.3436,2176499938.9648438
2012-02-28 10:45:00,1.3436,1.3436,1.34337,1.34354,1772500000.0
2012-02-28 10:46:00,1.34354,1.34354,1.34333,1.34335,2093099975.5859375
2012-02-28 10:47:00,1.34333,1.34353,1.34324,1.34333,2828399963.3789062
2012-02-28 10:48:00,1.34333,1.34396,1.34323,1.34382,2398999938.9648438
2012-02-28 10:49:00,1.34382,1.34383,1.34356,1.34369,2591300048.828125
2012-02-28 10:50:00,1.34375,1.34375,1.34352,1.34356,2234600067.138672
2012-02-28 10:51:00,1.34364,1.34365,1.34345,1.34348,2219299926.7578125
2012-02-28 10:52:00,1.34348,1.34356,1.34342,1.34355,2066399993.8964844
2012-02-28 10:53:00,1.34357,1.34366,1.34352,1.3436,2258399963.3789062
2012-02-28 10:54:00,1.3436,1.34367,1.34353,1.34363,1778300018.3105469
2012-02-28 10:55:00,1.34363,1.34385,1.34355,1.34375,2030599975.5859375
2012-02-28 10:56:00,1.34376,1.34397,1.34376,1.34392,2866300048.828125
2012-02-28 10:57:00,1.34391,1.34427,1.34385,1.34426,2568699951.171875
2012-02-28 10:58:00,1.34426,1.34496,1.34426,1.34488,3017399902.34375
2012-02-28 10:59:00,1.34487,1.34497,1.3445,1.34465,2853299865.7226562
2012-02-28 11:00:00,1.34465,1.34465,1.34437,1.3444,2950100097.65625
2012-02-28 11:01:00,1.34439,1.3444,1.34419,1.34419,3082600097.65625
2012-02-28 11:02:00,1.34417,1.34453,1.34402,1.34435,2883699951.171875
2012-02-28 11:03:00,1.34432,1.34442,1.34423,1.34424,2024799957.2753906
2012-02-28 11:04:00,1.34424,1.34428,1.34393,1.34393,2354100036.6210938
2012-02-28 11:05:00,1.3439,1.34406,1.34383,1.34403,2179900054.9316406
2012-02-28 11:06:00,1.34403,1.34404,1.34383,1.34394,2605899963.3789062
2012-02-28 11:07:00,1.34395,1.344,1.34364,1.34376,1921199951.171875
2012-02-28 11:08:00,1.34374,1.34376,1.3435,1.34364,1627200012.2070312
2012-02-28 11:09:00,1.34362,1.34375,1.34361,1.34366,1476699981.6894531
2012-02-28 11:10:00,1.34365,1.34369,1.34354,1.34356,1969100036.6210938
2012-02-28 11:11:00,1.34354,1.34363,1.34354,1.34361,1501900024.4140625
2012-02-28 11:12:00,1.34361,1.34366,1.34349,1.34363,1818800048.828125
2012-02-28 11:13:00,1.34361,1.34378,1.3436,1.34374,1391900024.4140625
2012-02-28 11:14:00,1.34372,1.34386,1.3436,1.34375,1816900024.4140625
2012-02-28 11:15:00,1.34375,1.34387,1.34373,1.34385,1125999984.741211
2012-02-28 11:16:00,1.34385,1.34416,1.34382,1.34413,1369700012.2070312
2012-02-28 11:17:00,1.34414,1.34436,1.3441,1.34424,2552899932.861328
2012-02-28 11:18:00,1.34424,1.34424,1.34389,1.34407,2273000030.517578
2012-02-28 11:19:00,1.34408,1.34412,1.34382,1.34398,2523999938.9648438
2012-02-28 11:20:00,1.34399,1.34415,1.34397,1.34401,2071300048.828125
2012-02-28 11:21:00,1.34401,1.34401,1.34375,1.34377,1615599975.5859375
2012-02-28 11:22:00,1.34379,1.34387,1.34372,1.34386,2031499938.9648438
2012-02-28 11:23:00,1.34387,1.34393,1.34379,1.34388,2004700012.2070312
2012-02-28 11:24:00,1.34387,1.34396,1.34382,1.34388,1645800018.3105469
2012-02-28 11:25:00,1.34388,1.34398,1.34387,1.34396,719499969.4824219
2012-02-28 11:26:00,1.34396,1.34425,1.34396,1.34406,2215700073.2421875
2012-02-28 11:27:00,1.34406,1.34436,1.34406,1.34436,1923300018.3105469
2012-02-28 11:28:00,1.34436,1.34436,1.34414,1.3442,1266600036.6210938
2012-02-28 11:29:00,1.34419,1.34425,1.34413,1.34418,1484100036.6210938
2012-02-28 11:30:00,1.34417,1.34444,1.34412,1.34444,2283300018.310547
2012-02-28 11:31:00,1.34444,1.34444,1.34391,1.34392,2305099945.0683594
2012-02-28 11:32:00,1.34392,1.34408,1.34392,1.34399,1593899993.8964844
2012-02-28 11:33:00,1.34399,1.34405,1.34383,1.34385,1895200042.7246094
2012-02-28 11:34:00,1.34385,1.34398,1.34375,1.34396,1485000000.0
2012-02-28 11:35:00,1.34395,1.34395,1.34368,1.34378,1904700012.2070312
2012-02-28 11:36:00,1.34377,1.34383,1.3435,1.34362,1804600067.1386719
2012-02-28 11:37:00,1.34362,1.34378,1.3436,1.34374,1995299987.7929688
2012-02-28 11:38:00,1.34374,1.34378,1.34363,1.34367,2083099975.5859375
2012-02-28 11:39:00,1.34367,1.3439,1.34364,1.34383,1608899993.8964844
2012-02-28 11:40:00,1.34383,1.34411,1.34381,1.34406,1432100067.1386719
2012-02-28 11:41:00,1.34407,1.34417,1.34403,1.34413,1947599945.0683594
2012-02-28 11:42:00,1.34411,1.34426,1.34407,1.34419,1695800018.3105469
2012-02-28 11:43:00,1.34417,1.34424,1.34407,1.34409,2255399932.861328
2012-02-28 11:44:00,1.34408,1.3442,1.34399,1.34404,2755000000.0
2012-02-28 11:45:00,1.34406,1.34406,1.34357,1.34376,2430399932.861328
2012-02-28 11:46:00,1.34376,1.34397,1.34369,1.34378,1945000000.0
2012-02-28 11:47:00,1.3438,1.34385,1.34358,1.34361,1878200073.2421875
2012-02-28 11:48:00,1.34361,1.34379,1.34358,1.34363,1691399993.8964844
2012-02-28 11:49:00,1.34361,1.34373,1.34357,1.34361,2338600006.1035156
2012-02-28 11:50:00,1.3436,1.3438,1.34358,1.34368,1564400024.4140625
2012-02-28 11:51:00,1.34367,1.3442,1.34366,1.34418,2648999938.9648438
2012-02-28 11:52:00,1.34419,1.34457,1.34414,1.34447,3402699890.1367188
2012-02-28 11:53:00,1.34452,1.34465,1.34448,1.34465,3351300048.828125
2012-02-28 11:54:00,1.34465,1.34474,1.34449,1.34449,2888800048.828125
2012-02-28 11:55:00,1.34449,1.34465,1.34444,1.34451,1393399963.3789062
2012-02-28 11:56:00,1.3445,1.3445,1.34413,1.34418,2303500061.0351562
2012-02-28 11:57:00,1.34418,1.34443,1.34418,1.34429,1957200012.2070312
2012-02-28 11:58:00,1.34427,1.34427,1.344,1.344,1751900024.4140625
2012-02-28 11:59:00,1.34407,1.34418,1.34384,1.34391,2771499938.9648438
2012-02-28 12:00:00,1.34392,1.34398,1.34383,1.34394,2620799865.7226562
2012-02-28 12:01:00,1.34396,1.34396,1.34383,1.34384,1901199951.171875
2012-02-28 12:02:00,1.34386,1.34396,1.34382,1.34393,2052899932.8613281
2012-02-28 12:03:00,1.34393,1.34396,1.34384,1.34392,1903699951.171875
2012-02-28 12:04:00,1.34392,1.34416,1.34392,1.34416,2341300048.828125
2012-02-28 12:05:00,1.34416,1.34416,1.344,1.34415,2095200042.7246094
2012-02-28 12:06:00,1.34416,1.34443,1.34416,1.34431,2369799957.2753906
2012-02-28 12:07:00,1.34431,1.34442,1.34422,1.34428,2126999969.4824219
2012-02-28 12:08:00,1.34428,1.34445,1.34425,1.34444,1547899932.8613281
2012-02-28 12:09:00,1.34443,1.34456,1.34443,1.34455,1100699996.9482422
2012-02-28 12:10:00,1.34455,1.34462,1.34451,1.34458,2382700042.7246094
2012-02-28 12:11:00,1.34457,1.34463,1.34434,1.34434,2136799926.7578125
2012-02-28 12:12:00,1.34436,1.34443,1.3443,1.34431,1735000000.0
2012-02-28 12:13:00,1.34432,1.34471,1.34431,1.34463,2340000000.0
2012-02-28 12:14:00,1.34461,1.34477,1.3445,1.34477,2209100036.6210938
2012-02-28 12:15:00,1.34474,1.34485,1.34471,1.34478,1728399963.3789062
2012-02-28 12:16:00,1.34478,1.34493,1.34475,1.34484,1984199981.6894531
2012-02-28 12:17:00,1.34484,1.34493,1.3447,1.34474,1757400054.9316406
2012-02-28 12:18:00,1.34473,1.34492,1.34473,1.34491,2047599945.0683594
2012-02-28 12:19:00,1.3449,1.34504,1.34484,1.34494,2395000000.0
2012-02-28 12:20:00,1.34493,1.34493,1.34473,1.34482,1819100036.6210938
2012-02-28 12:21:00,1.34482,1.34483,1.34456,1.34466,2978500061.0351562
2012-02-28 12:22:00,1.34468,1.34479,1.34465,1.3447,1718899993.8964844
2012-02-28 12:23:00,1.34472,1.34478,1.34458,1.34466,2181799926.7578125
2012-02-28 12:24:00,1.34468,1.34484,1.34458,1.34477,2426399993.8964844
2012-02-28 12:25:00,1.34474,1.34477,1.34469,1.34472,1610899963.3789062
2012-02-28 12:26:00,1.34473,1.34492,1.34471,1.34489,2623999938.9648438
2012-02-28 12:27:00,1.34489,1.34491,1.34473,1.34482,1357899932.8613281
2012-02-28 12:28:00,1.34482,1.34494,1.34472,1.3448,2546999969.482422
2012-02-28 12:29:00,1.3448,1.34487,1.34473,1.34476,2027799987.7929688
2012-02-28 12:30:00,1.34477,1.345,1.34477,1.34495,2027200012.2070312
2012-02-28 12:31:00,1.34495,1.34514,1.34494,1.34512,1434400024.4140625
2012-02-28 12:32:00,1.34513,1.34561,1.34512,1.34558,3492099914.5507812
2012-02-28 12:33:00,1.34558,1.34563,1.34531,1.34531,2823099975.5859375
2012-02-28 12:34:00,1.34534,1.34553,1.34533,1.34544,2336399993.8964844
2012-02-28 12:35:00,1.34544,1.34553,1.34535,1.34551,2812399902.34375
2012-02-28 12:36:00,1.34552,1.34554,1.34542,1.34543,1893000030.5175781
2012-02-28 12:37:00,1.34544,1.3455,1.34528,1.34534,1738600006.1035156
2012-02-28 12:38:00,1.34536,1.34557,1.34536,1.34551,1908099975.5859375
2012-02-28 12:39:00,1.3455,1.34552,1.34521,1.34534,1723899993.8964844
2012-02-28 12:40:00,1.34534,1.34534,1.3451,1.34512,1251699981.6894531
2012-02-28 12:41:00,1.34515,1.34515,1.34492,1.34503,2656099853.515625
2012-02-28 12:42:00,1.34503,1.34507,1.34494,1.34505,1731199951.171875
2012-02-28 12:43:00,1.34503,1.34507,1.34475,1.34478,1221900024.4140625
2012-02-28 12:44:00,1.34478,1.34497,1.3446,1.34464,1810800018.3105469
2012-02-28 12:45:00,1.34464,1.34474,1.34448,1.34462,1424600067.1386719
2012-02-28 12:46:00,1.34462,1.34477,1.34457,1.34464,1441600036.6210938
2012-02-28 12:47:00,1.34463,1.34517,1.34463,1.34512,1903099975.5859375
2012-02-28 12:48:00,1.34512,1.34531,1.345,1.34531,1361900024.4140625
2012-02-28 12:49:00,1.34532,1.34542,1.34511,1.34542,3208900146.484375
2012-02-28 12:50:00,1.3454,1.34543,1.34531,1.34533,1779499969.4824219
2012-02-28 12:51:00,1.34533,1.34557,1.34531,1.3455,1838999938.9648438
2012-02-28 12:52:00,1.34552,1.34552,1.34506,1.34508,2762900085.4492188
2012-02-28 12:53:00,1.34511,1.34536,1.34511,1.34527,2019199981.6894531
2012-02-28 12:54:00,1.34528,1.34537,1.34518,1.34518,951600036.6210938
2012-02-28 12:55:00,1.34519,1.34555,1.34519,1.34541,1600099945.0683594
2012-02-28 12:56:00,1.34541,1.34543,1.34521,1.34523,1269899978.6376953
2012-02-28 12:57:00,1.34521,1.34576,1.34521,1.34561,2415000000.0
2012-02-28 12:58:00,1.34561,1.34561,1.34511,1.34533,1946699981.6894531
2012-02-28 12:59:00,1.34528,1.34537,1.34511,1.34511,2353899993.8964844
2012-02-28 13:00:00,1.3451,1.34533,1.34506,1.34521,2728500061.0351562
2012-02-28 13:01:00,1.34518,1.34524,1.34504,1.34504,1497400054.9316406
2012-02-28 13:02:00,1.34504,1.34524,1.34495,1.345,2428899993.8964844
2012-02-28 13:03:00,1.34503,1.34516,1.34499,1.34504,2191000061.0351562
2012-02-28 13:04:00,1.34504,1.34504,1.34481,1.34487,1871699981.6894531
2012-02-28 13:05:00,1.34487,1.34503,1.34483,1.34489,1781399993.8964844
2012-02-28 13:06:00,1.34489,1.34503,1.34483,1.34499,1653899993.8964844
2012-02-28 13:07:00,1.34499,1.34553,1.34489,1.34553,1390599975.5859375
2012-02-28 13:08:00,1.34554,1.34557,1.34542,1.3455,1948300018.3105469
2012-02-28 13:09:00,1.3455,1.34564,1.34522,1.34533,2213500061.0351562
2012-02-28 13:10:00,1.34533,1.34537,1.34511,1.34531,1716900024.4140625
2012-02-28 13:11:00,1.34531,1.3454,1.34505,1.34511,1876000061.0351562
2012-02-28 13:12:00,1.34511,1.34522,1.34504,1.34518,1198399963.3789062
2012-02-28 13:13:00,1.34518,1.34533,1.34514,1.34532,1331799926.7578125
2012-02-28 13:14:00,1.34533,1.34565,1.34518,1.34542,3321400146.484375
2012-02-28 13:15:00,1.34544,1.34549,1.34519,1.3452,2915100097.65625
2012-02-28 13:16:00,1.34519,1.34526,1.3451,1.34521,1776900024.4140625
2012-02-28 13:17:00,1.34521,1.34527,1.34513,1.34524,1350800018.3105469
2012-02-28 13:18:00,1.34522,1.34537,1.34521,1.34529,2012599945.0683594
2012-02-28 13:19:00,1.34531,1.34559,1.3453,1.34559,2144799957.2753906
2012-02-28 13:20:00,1.34559,1.34559,1.3453,1.34535,2104700012.2070312
2012-02-28 13:21:00,1.34536,1.34554,1.34531,1.34532,1577299957.2753906
2012-02-28 13:22:00,1.34532,1.34551,1.34529,1.34551,1365399932.8613281
2012-02-28 13:23:00,1.34552,1.34569,1.34542,1.34542,2199100036.6210938
2012-02-28 13:24:00,1.34543,1.34562,1.34511,1.34513,2073000030.5175781
2012-02-28 13:25:00,1.34513,1.34516,1.34492,1.34492,2641700134.2773438
2012-02-28 13:26:00,1.34495,1.34495,1.3445,1.34455,2311699981.689453
2012-02-28 13:27:00,1.34457,1.34473,1.3444,1.34465,1418600006.1035156
2012-02-28 13:28:00,1.34465,1.34469,1.34459,1.34469,696999969.4824219
2012-02-28 13:29:00,1.3447,1.34502,1.3447,1.34483,1621000061.0351562
2012-02-28 13:30:00,1.34474,1.34494,1.3436,1.34371,3321400146.484375
2012-02-28 13:31:00,1.34377,1.34422,1.34368,1.34384,3687099914.5507812
2012-02-28 13:32:00,1.3438,1.34442,1.34373,1.34433,3358299865.7226562
2012-02-28 13:33:00,1.34432,1.34517,1.34428,1.3451,4551099853.515625
2012-02-28 13:34:00,1.3451,1.34554,1.34499,1.34522,4843800048.828125
2012-02-28 13:35:00,1.34522,1.34555,1.34522,1.34547,3432099914.5507812
2012-02-28 13:36:00,1.34547,1.34549,1.34483,1.34485,3261400146.484375
2012-02-28 13:37:00,1.34485,1.34496,1.34476,1.34481,2570100097.65625
2012-02-28 13:38:00,1.34484,1.34494,1.34474,1.34492,1769100036.6210938
2012-02-28 13:39:00,1.34492,1.34494,1.34473,1.34479,1804700012.2070312
2012-02-28 13:40:00,1.34481,1.34515,1.34481,1.34504,2468099975.5859375
2012-02-28 13:41:00,1.34503,1.34504,1.34442,1.34442,3554800109.8632812
2012-02-28 13:42:00,1.3444,1.3449,1.3444,1.34474,3981900024.4140625
2012-02-28 13:43:00,1.34475,1.34485,1.34461,1.34465,2530800018.310547
2012-02-28 13:44:00,1.34465,1.34486,1.34423,1.34434,3602399902.34375
2012-02-28 13:45:00,1.34434,1.34435,1.34379,1.34379,3439100036.6210938
2012-02-28 13:46:00,1.34383,1.34396,1.34355,1.3436,4099400024.4140625
2012-02-28 13:47:00,1.34361,1.34406,1.34357,1.34396,2741600036.6210938
2012-02-28 13:48:00,1.34396,1.34415,1.34382,1.34389,3346300048.828125
2012-02-28 13:49:00,1.3439,1.34413,1.34385,1.3441,2989299926.7578125
2012-02-28 13:50:00,1.3441,1.34476,1.34404,1.34453,3452500000.0
2012-02-28 13:51:00,1.34453,1.34466,1.34442,1.34462,2488099975.5859375
2012-02-28 13:52:00,1.34462,1.34465,1.34442,1.34453,2864800109.8632812
2012-02-28 13:53:00,1.34453,1.34475,1.34444,1.34475,2355700073.2421875
2012-02-28 13:54:00,1.34476,1.34506,1.34473,1.34484,3001199951.171875
2012-02-28 13:55:00,1.34482,1.34509,1.34474,1.34501,2199700012.2070312
2012-02-28 13:56:00,1.34501,1.34501,1.34469,1.34469,2252100067.138672
2012-02-28 13:57:00,1.34472,1.34472,1.34408,1.34424,3251900024.4140625
2012-02-28 13:58:00,1.34424,1.34424,1.34396,1.34399,2058200073.2421875
2012-02-28 13:59:00,1.34397,1.344,1.34359,1.34372,3428699951.171875
2012-02-28 14:00:00,1.34372,1.34374,1.34297,1.34297,3782099914.5507812
2012-02-28 14:01:00,1.34298,1.34299,1.34251,1.34283,4007200012.2070312
2012-02-28 14:02:00,1.34282,1.34305,1.34274,1.34287,2643299865.7226562
2012-02-28 14:03:00,1.3429,1.34315,1.34274,1.34315,3136900024.4140625
2012-02-28 14:04:00,1.34316,1.34333,1.34292,1.34317,3225499877.9296875
2012-02-28 14:05:00,1.34318,1.34361,1.34318,1.34354,3416000061.0351562
2012-02-28 14:06:00,1.34351,1.34372,1.34345,1.34358,2775199890.1367188
2012-02-28 14:07:00,1.34358,1.34365,1.34341,1.34355,2400000000.0
2012-02-28 14:08:00,1.34355,1.34362,1.34327,1.3435,3236400146.484375
2012-02-28 14:09:00,1.3435,1.34385,1.34347,1.34382,3589899902.34375
2012-02-28 14:10:00,1.34383,1.34403,1.34378,1.34403,2693200073.2421875
2012-02-28 14:11:00,1.34404,1.34437,1.34398,1.34425,2530700073.2421875
2012-02-28 14:12:00,1.34425,1.34428,1.344,1.34405,2093399963.3789062
2012-02-28 14:13:00,1.34405,1.34431,1.34405,1.34413,2586700134.2773438
2012-02-28 14:14:00,1.3441,1.34414,1.34374,1.34381,2498099975.5859375
2012-02-28 14:15:00,1.34381,1.34381,1.34347,1.34359,2637099914.5507812
2012-02-28 14:16:00,1.3436,1.34385,1.34359,1.34382,2154499969.482422
2012-02-28 14:17:00,1.34383,1.34436,1.34381,1.34415,2858200073.2421875
2012-02-28 14:18:00,1.34415,1.34417,1.34394,1.34399,2286999969.482422
2012-02-28 14:19:00,1.34401,1.34413,1.34356,1.34359,2380899963.3789062
2012-02-28 14:20:00,1.34359,1.34374,1.34344,1.34374,2181600036.6210938
2012-02-28 14:21:00,1.34374,1.34386,1.34374,1.34385,1865200042.7246094
2012-02-28 14:22:00,1.34386,1.34386,1.34347,1.34347,1748000030.5175781
2012-02-28 14:23:00,1.34347,1.34353,1.34334,1.34346,2010299987.7929688
2012-02-28 14:24:00,1.34346,1.34393,1.34346,1.34393,1298800048.828125
2012-02-28 14:25:00,1.34393,1.34394,1.34376,1.34383,2032599945.0683594
2012-02-28 14:26:00,1.34383,1.34405,1.34381,1.34403,1773699951.171875
2012-02-28 14:27:00,1.34403,1.34407,1.34399,1.34405,1484199981.6894531
2012-02-28 14:28:00,1.34403,1.34404,1.34359,1.34367,1780800018.3105469
2012-02-28 14:29:00,1.34366,1.34366,1.34345,1.34355,2446100006.1035156
2012-02-28 14:30:00,1.34355,1.34376,1.34348,1.3435,3076199951.171875
2012-02-28 14:31:00,1.34349,1.34367,1.34347,1.34359,2176399993.8964844
2012-02-28 14:32:00,1.34359,1.34363,1.34325,1.34329,3381199951.171875
2012-02-28 14:33:00,1.34329,1.34329,1.34282,1.34289,3159200134.2773438
2012-02-28 14:34:00,1.34289,1.34312,1.34285,1.34303,2935400085.4492188
2012-02-28 14:35:00,1.34308,1.34314,1.343,1.34307,3430499877.9296875
2012-02-28 14:36:00,1.34304,1.34329,1.34296,1.34328,2834700012.2070312
2012-02-28 14:37:00,1.34328,1.34333,1.34312,1.34326,2577000122.0703125
2012-02-28 14:38:00,1.34326,1.34347,1.34325,1.34343,2603999938.9648438
2012-02-28 14:39:00,1.34343,1.34354,1.34299,1.34304,2837699890.1367188
2012-02-28 14:40:00,1.34309,1.34328,1.34303,1.34313,2893699951.171875
2012-02-28 14:41:00,1.34313,1.34324,1.34283,1.34286,2531300048.828125
2012-02-28 14:42:00,1.34286,1.34288,1.34245,1.34245,3420299987.7929688
2012-02-28 14:43:00,1.34245,1.3426,1.3421,1.3422,3761900024.4140625
2012-02-28 14:44:00,1.34221,1.34221,1.3417,1.34195,4180499877.9296875
2012-02-28 14:45:00,1.34194,1.34218,1.34181,1.34214,3183999938.9648438
2012-02-28 14:46:00,1.34213,1.34233,1.34212,1.34219,2397899932.861328
2012-02-28 14:47:00,1.3422,1.34244,1.3422,1.34225,2658699951.171875
2012-02-28 14:48:00,1.34229,1.34282,1.34223,1.34282,2981000061.0351562
2012-02-28 14:49:00,1.34282,1.34288,1.34251,1.34262,3183500061.0351562
2012-02-28 14:50:00,1.34265,1.3427,1.34232,1.34253,3632399902.34375
2012-02-28 14:51:00,1.34253,1.34265,1.34223,1.34263,3369700012.2070312
2012-02-28 14:52:00,1.34263,1.34271,1.34252,1.34268,2335399932.861328
2012-02-28 14:53:00,1.3427,1.34274,1.34241,1.34243,2862600097.65625
2012-02-28 14:54:00,1.34244,1.34244,1.34218,1.34224,2397500000.0
2012-02-28 14:55:00,1.34222,1.34224,1.34199,1.34201,2706900024.4140625
2012-02-28 14:56:00,1.34201,1.34216,1.34193,1.34211,2668099975.5859375
2012-02-28 14:57:00,1.34205,1.34275,1.34202,1.34271,3014400024.4140625
2012-02-28 14:58:00,1.34273,1.34317,1.34273,1.34304,2807300109.8632812
2012-02-28 14:59:00,1.34306,1.34319,1.34299,1.34303,2381000061.0351562
2012-02-28 15:00:00,1.34303,1.34361,1.34302,1.34347,4006900024.4140625
2012-02-28 15:01:00,1.34347,1.34347,1.34323,1.34323,3507200012.2070312
2012-02-28 15:02:00,1.34322,1.34323,1.34274,1.34284,2998999938.9648438
2012-02-28 15:03:00,1.34285,1.34358,1.34285,1.34293,3292999877.9296875
2012-02-28 15:04:00,1.34289,1.34307,1.34252,1.34252,3728500061.0351562
2012-02-28 15:05:00,1.3425,1.34266,1.3424,1.34245,3099800109.8632812
2012-02-28 15:06:00,1.34243,1.34247,1.34119,1.34125,4029500122.0703125
2012-02-28 15:07:00,1.34123,1.34153,1.34045,1.34048,4277699890.1367188
2012-02-28 15:08:00,1.3405,1.34057,1.33995,1.34025,4137799987.7929688
2012-02-28 15:09:00,1.34024,1.34024,1.33947,1.3397,3732799987.7929688
2012-02-28 15:10:00,1.33972,1.34038,1.33971,1.34031,3949800109.8632812
2012-02-28 15:11:00,1.34034,1.34064,1.34006,1.3401,3923200073.2421875
2012-02-28 15:12:00,1.34005,1.34005,1.33933,1.33974,4075100097.65625
2012-02-28 15:13:00,1.33974,1.34028,1.33974,1.3401,3610100097.65625
2012-02-28 15:14:00,1.34006,1.34006,1.33944,1.33947,3793900146.484375
2012-02-28 15:15:00,1.33953,1.33968,1.33901,1.33913,3867000122.0703125
2012-02-28 15:16:00,1.33914,1.33978,1.33914,1.33931,4348500061.035156
2012-02-28 15:17:00,1.33931,1.34006,1.33928,1.33999,3966900024.4140625
2012-02-28 15:18:00,1.33999,1.34033,1.33983,1.34025,4183999938.9648438
2012-02-28 15:19:00,1.34024,1.34042,1.33994,1.34003,3028500061.0351562
2012-02-28 15:20:00,1.33997,1.33997,1.3394,1.33955,3855700073.2421875
2012-02-28 15:21:00,1.33959,1.34014,1.3395,1.34012,3426900024.4140625
2012-02-28 15:22:00,1.34011,1.34029,1.33988,1.34026,3180100097.65625
2012-02-28 15:23:00,1.34028,1.34053,1.34015,1.34044,3081199951.171875
2012-02-28 15:24:00,1.34045,1.34066,1.34005,1.34005,3608699951.171875
2012-02-28 15:25:00,1.34004,1.3405,1.33985,1.34035,3205199890.1367188
2012-02-28 15:26:00,1.34034,1.34047,1.33986,1.33999,3245899963.3789062
2012-02-28 15:27:00,1.33998,1.3402,1.33962,1.33975,3678800048.828125
2012-02-28 15:28:00,1.33974,1.33986,1.33936,1.33936,2979899902.34375
2012-02-28 15:29:00,1.33936,1.33996,1.33927,1.3399,3110299987.7929688
2012-02-28 15:30:00,1.33988,1.34075,1.33988,1.34075,3807999877.9296875
2012-02-28 15:31:00,1.34075,1.34092,1.34067,1.34084,3387900085.4492188
2012-02-28 15:32:00,1.34084,1.34158,1.34082,1.34149,4989500122.0703125
2012-02-28 15:33:00,1.34148,1.34151,1.34123,1.34124,4173699951.171875
2012-02-28 15:34:00,1.3413,1.34179,1.34121,1.34152,4195899963.3789062
2012-02-28 15:35:00,1.34155,1.3418,1.3414,1.34143,3428999938.9648438
2012-02-28 15:36:00,1.34142,1.3416,1.34127,1.3416,3040499877.9296875
2012-02-28 15:37:00,1.34163,1.34163,1.34131,1.34135,3258299865.7226562
2012-02-28 15:38:00,1.34134,1.34137,1.34111,1.34118,3352799987.7929688
2012-02-28 15:39:00,1.34118,1.34167,1.34113,1.3416,3367999877.9296875
2012-02-28 15:40:00,1.34159,1.34162,1.34139,1.34142,2821199951.171875
2012-02-28 15:41:00,1.34141,1.3415,1.34108,1.34113,2994899902.34375
2012-02-28 15:42:00,1.34113,1.34134,1.34112,1.34128,2726099853.515625
2012-02-28 15:43:00,1.34125,1.34167,1.34107,1.34167,3075899963.3789062
2012-02-28 15:44:00,1.34171,1.34191,1.34163,1.34174,3253599853.515625
2012-02-28 15:45:00,1.34174,1.34174,1.34133,1.34146,2562399902.34375
2012-02-28 15:46:00,1.34146,1.34158,1.3412,1.34123,2355299987.7929688
2012-02-28 15:47:00,1.34124,1.34138,1.34113,1.34135,3132200012.2070312
2012-02-28 15:48:00,1.34134,1.34147,1.34123,1.34141,3222000122.0703125
2012-02-28 15:49:00,1.34144,1.34147,1.34082,1.34086,3826700134.2773438
2012-02-28 15:50:00,1.3409,1.34112,1.34087,1.34112,3049200134.2773438
2012-02-28 15:51:00,1.34115,1.3413,1.34103,1.34112,2600899963.3789062
2012-02-28 15:52:00,1.34114,1.34117,1.34074,1.34094,3335400085.4492188
2012-02-28 15:53:00,1.34093,1.34108,1.34084,1.34095,2732399902.34375
2012-02-28 15:54:00,1.34095,1.34142,1.34094,1.34142,3057999877.9296875
2012-02-28 15:55:00,1.34142,1.34146,1.34103,1.34105,2636499938.9648438
2012-02-28 15:56:00,1.34107,1.34166,1.34107,1.34161,3292999877.9296875
2012-02-28 15:57:00,1.34162,1.34177,1.34144,1.34155,2327700042.7246094
2012-02-28 15:58:00,1.34154,1.34176,1.34153,1.34164,3013299865.7226562
2012-02-28 15:59:00,1.34165,1.34243,1.34147,1.34231,3914500122.0703125
2012-02-28 16:00:00,1.34233,1.34258,1.34214,1.34228,4040799865.7226562
2012-02-28 16:01:00,1.34226,1.34251,1.34217,1.34228,3438800048.828125
2012-02-28 16:02:00,1.34228,1.34263,1.34224,1.34244,3555199890.1367188
2012-02-28 16:03:00,1.34244,1.34274,1.34242,1.34265,2995899963.3789062
2012-02-28 16:04:00,1.34263,1.34265,1.34222,1.34237,2878399963.3789062
2012-02-28 16:05:00,1.34234,1.34234,1.34205,1.34214,2622500000.0
2012-02-28 16:06:00,1.34215,1.34225,1.34205,1.34218,2490599975.5859375
2012-02-28 16:07:00,1.34218,1.34339,1.34218,1.34339,4322699890.136719
2012-02-28 16:08:00,1.3434,1.34392,1.3434,1.34366,4446799926.7578125
2012-02-28 16:09:00,1.34366,1.34431,1.34339,1.34425,4723200073.2421875
2012-02-28 16:10:00,1.34419,1.34462,1.34413,1.34432,3997699890.1367188
2012-02-28 16:11:00,1.3443,1.34464,1.3442,1.34453,3999899902.34375
2012-02-28 16:12:00,1.34453,1.34484,1.34451,1.34452,3386000061.0351562
2012-02-28 16:13:00,1.34446,1.34456,1.34429,1.34448,3463999938.9648438
2012-02-28 16:14:00,1.34448,1.34453,1.34432,1.34435,3004899902.34375
2012-02-28 16:15:00,1.34437,1.34453,1.34415,1.34415,3257399902.34375
2012-02-28 16:16:00,1.34415,1.34435,1.34409,1.34422,3498900146.484375
2012-02-28 16:17:00,1.3442,1.34444,1.34403,1.34444,2675899963.3789062
2012-02-28 16:18:00,1.34442,1.34442,1.34416,1.34422,2502299957.2753906
2012-02-28 16:19:00,1.34421,1.34462,1.34421,1.34455,3395499877.9296875
2012-02-28 16:20:00,1.34456,1.34548,1.34452,1.34524,3635499877.9296875
2012-02-28 16:21:00,1.34525,1.34535,1.34498,1.34514,2823099975.5859375
2012-02-28 16:22:00,1.34514,1.34537,1.34495,1.34535,3439700012.2070312
2012-02-28 16:23:00,1.34535,1.34555,1.34523,1.34525,4048900146.484375
2012-02-28 16:24:00,1.34522,1.34616,1.3452,1.34616,3281199951.171875
2012-02-28 16:25:00,1.34616,1.34665,1.34609,1.34609,4817300109.863281
2012-02-28 16:26:00,1.34612,1.34624,1.34583,1.346,3243500061.0351562
2012-02-28 16:27:00,1.346,1.346,1.34555,1.3456,3083099975.5859375
2012-02-28 16:28:00,1.34559,1.34591,1.34556,1.34575,2923399963.3789062
2012-02-28 16:29:00,1.34574,1.34658,1.34574,1.34654,3601099853.515625
2012-02-28 16:30:00,1.34654,1.34657,1.34631,1.34656,2546600036.6210938
2012-02-28 16:31:00,1.34656,1.34657,1.34613,1.34622,3202000122.0703125
2012-02-28 16:32:00,1.34621,1.34623,1.346,1.34619,2351799926.7578125
2012-02-28 16:33:00,1.34619,1.34623,1.34603,1.34608,1937799987.7929688
2012-02-28 16:34:00,1.34611,1.34654,1.34611,1.34653,2522500000.0
2012-02-28 16:35:00,1.34655,1.34683,1.34654,1.34677,1527700042.7246094
2012-02-28 16:36:00,1.34676,1.34684,1.34653,1.34659,2804899902.34375
2012-02-28 16:37:00,1.34659,1.34664,1.34635,1.34636,2216699981.689453
2012-02-28 16:38:00,1.34635,1.34641,1.34605,1.34611,2521699981.689453
2012-02-28 16:39:00,1.34612,1.34641,1.34609,1.34636,2069499969.4824219
2012-02-28 16:40:00,1.34636,1.3465,1.34607,1.34607,1917500000.0
2012-02-28 16:41:00,1.34606,1.34619,1.34602,1.34612,1571499938.9648438
2012-02-28 16:42:00,1.34612,1.34612,1.34588,1.34604,2349799957.2753906
2012-02-28 16:43:00,1.34604,1.34604,1.34562,1.3457,1979499969.4824219
2012-02-28 16:44:00,1.3457,1.34576,1.34542,1.34569,2619100036.6210938
2012-02-28 16:45:00,1.34568,1.34582,1.34565,1.3457,1847799987.7929688
2012-02-28 16:46:00,1.34571,1.34588,1.34569,1.34575,1982799987.7929688
2012-02-28 16:47:00,1.34577,1.34582,1.34569,1.3457,2263699951.171875
2012-02-28 16:48:00,1.3457,1.3457,1.34543,1.34547,1686999969.4824219
2012-02-28 16:49:00,1.34547,1.34571,1.34545,1.34549,2025899963.3789062
2012-02-28 16:50:00,1.34551,1.3456,1.34539,1.34548,1964600067.1386719
2012-02-28 16:51:00,1.34548,1.34548,1.34518,1.34532,2867000122.0703125
2012-02-28 16:52:00,1.34534,1.34556,1.34532,1.34555,2083999938.9648438
2012-02-28 16:53:00,1.34555,1.34566,1.34543,1.34552,2463099975.5859375
2012-02-28 16:54:00,1.34551,1.34567,1.34545,1.34563,1491399993.8964844
2012-02-28 16:55:00,1.34563,1.3458,1.34556,1.34577,2023200073.2421875
2012-02-28 16:56:00,1.34577,1.34622,1.34577,1.34593,2394600067.138672
2012-02-28 16:57:00,1.34592,1.34616,1.34589,1.34604,1706900024.4140625
2012-02-28 16:58:00,1.34605,1.34605,1.34522,1.34522,3089500122.0703125
2012-02-28 16:59:00,1.34515,1.34525,1.345,1.34513,2816600036.6210938
2012-02-28 17:00:00,1.34515,1.34524,1.34505,1.34523,2087100067.1386719
2012-02-28 17:01:00,1.34525,1.34525,1.3449,1.34504,2078300018.3105469
2012-02-28 17:02:00,1.34504,1.34524,1.34502,1.3452,1834799957.2753906
2012-02-28 17:03:00,1.3452,1.34523,1.34499,1.34519,1997299957.2753906
2012-02-28 17:04:00,1.3452,1.3452,1.34501,1.34507,1504400024.4140625
2012-02-28 17:05:00,1.34506,1.34509,1.34476,1.34479,1511699981.6894531
2012-02-28 17:06:00,1.3448,1.34483,1.34443,1.34444,2497100067.138672
2012-02-28 17:07:00,1.34446,1.34464,1.34445,1.34464,1891399993.8964844
2012-02-28 17:08:00,1.34462,1.34496,1.34455,1.34494,1889400024.4140625
2012-02-28 17:09:00,1.34493,1.34495,1.34476,1.34479,1911600036.6210938
2012-02-28 17:10:00,1.34479,1.34486,1.34475,1.34485,1523699951.171875
2012-02-28 17:11:00,1.34484,1.34506,1.34477,1.34496,1844600067.1386719
2012-02-28 17:12:00,1.34496,1.34516,1.34496,1.34515,2089299926.7578125
2012-02-28 17:13:00,1.34515,1.34533,1.34515,1.34531,1493300018.3105469
2012-02-28 17:14:00,1.34532,1.34533,1.34523,1.34525,1155699996.9482422
2012-02-28 17:15:00,1.34525,1.34525,1.34519,1.3452,967399978.6376953
2012-02-28 17:16:00,1.34518,1.34526,1.345,1.34512,3035199890.1367188
2012-02-28 17:17:00,1.34512,1.34548,1.34504,1.34542,2187799987.7929688
2012-02-28 17:18:00,1.34542,1.34557,1.34542,1.34553,1623500061.0351562
2012-02-28 17:19:00,1.34554,1.34556,1.34537,1.34537,2021399993.8964844
2012-02-28 17:20:00,1.34536,1.34539,1.34524,1.34534,1615099945.0683594
2012-02-28 17:21:00,1.34535,1.34537,1.34529,1.34537,849400024.4140625
2012-02-28 17:22:00,1.34538,1.34547,1.34538,1.34543,983399963.3789062
2012-02-28 17:23:00,1.34543,1.34543,1.34511,1.34516,2223999938.9648438
2012-02-28 17:24:00,1.34516,1.34537,1.34514,1.34521,1494199981.6894531
2012-02-28 17:25:00,1.3452,1.3452,1.34509,1.34515,1495299987.7929688
2012-02-28 17:26:00,1.34515,1.34526,1.34512,1.34514,2005500030.5175781
2012-02-28 17:27:00,1.34514,1.34529,1.34513,1.3452,1283600006.1035156
2012-02-28 17:28:00,1.34519,1.34524,1.34513,1.34516,2151399993.8964844
2012-02-28 17:29:00,1.34516,1.34517,1.34501,1.3451,1427200012.2070312
2012-02-28 17:30:00,1.34509,1.3452,1.34506,1.3452,1742200012.2070312
2012-02-28 17:31:00,1.3452,1.34534,1.34515,1.3452,2177299957.2753906
2012-02-28 17:32:00,1.3452,1.34525,1.3451,1.34516,1671100006.1035156
2012-02-28 17:33:00,1.34516,1.34526,1.34516,1.34522,1057399978.6376953
2012-02-28 17:34:00,1.34522,1.34522,1.34511,1.34511,526800003.0517578
2012-02-28 17:35:00,1.34512,1.34523,1.34512,1.34516,840699996.9482422
2012-02-28 17:36:00,1.34515,1.34527,1.34514,1.34517,1487500000.0
2012-02-28 17:37:00,1.34517,1.34527,1.34514,1.34515,1087799987.7929688
2012-02-28 17:38:00,1.34515,1.34519,1.34514,1.34516,572099990.8447266
2012-02-28 17:39:00,1.34514,1.34535,1.34514,1.34533,1275299987.7929688
2012-02-28 17:40:00,1.34534,1.34534,1.3451,1.34514,1488000030.5175781
2012-02-28 17:41:00,1.34515,1.34525,1.34515,1.34523,1144000015.258789
2012-02-28 17:42:00,1.34523,1.34536,1.34521,1.34534,1060899963.3789062
2012-02-28 17:43:00,1.34531,1.34537,1.34526,1.34534,1114400024.4140625
2012-02-28 17:44:00,1.34534,1.34535,1.3452,1.34525,1071900024.4140625
2012-02-28 17:45:00,1.34525,1.34536,1.34523,1.34533,1016299972.5341797
2012-02-28 17:46:00,1.34531,1.34531,1.34515,1.34521,1187200012.2070312
2012-02-28 17:47:00,1.34522,1.3453,1.34515,1.34525,1829400024.4140625
2012-02-28 17:48:00,1.34525,1.34535,1.34523,1.34528,1679400024.4140625
2012-02-28 17:49:00,1.34533,1.34533,1.34513,1.34513,1758099975.5859375
2012-02-28 17:50:00,1.34513,1.34525,1.34513,1.34524,1619299926.7578125
2012-02-28 17:51:00,1.34522,1.34526,1.34519,1.34519,1817700042.7246094
2012-02-28 17:52:00,1.34519,1.3453,1.34514,1.34529,1923899993.8964844
2012-02-28 17:53:00,1.34528,1.34533,1.34522,1.34528,1483500061.0351562
2012-02-28 17:54:00,1.34528,1.34535,1.34528,1.34531,1235899963.3789062
2012-02-28 17:55:00,1.34532,1.34532,1.34521,1.34522,1005199966.4306641
2012-02-28 17:56:00,1.34522,1.34524,1.3451,1.34511,958899993.8964844
2012-02-28 17:57:00,1.34511,1.34513,1.34495,1.34507,2279799957.2753906
2012-02-28 17:58:00,1.34507,1.34517,1.34505,1.34517,1632899932.8613281
2012-02-28 17:59:00,1.34514,1.3452,1.34506,1.34519,1669700012.2070312
2012-02-28 18:00:00,1.34523,1.34547,1.34522,1.34544,2266100006.1035156
2012-02-28 18:01:00,1.34543,1.34574,1.34543,1.34566,2949400024.4140625
2012-02-28 18:02:00,1.34574,1.34578,1.3455,1.3455,2322899932.861328
2012-02-28 18:03:00,1.34551,1.34553,1.34529,1.3454,1621000061.0351562
2012-02-28 18:04:00,1.3454,1.34556,1.3454,1.34552,1377200012.2070312
2012-02-28 18:05:00,1.34552,1.34585,1.34552,1.34578,2273600006.1035156
2012-02-28 18:06:00,1.34578,1.34578,1.34561,1.34575,1393999938.9648438
2012-02-28 18:07:00,1.34574,1.34587,1.34574,1.34583,1332700042.7246094
2012-02-28 18:08:00,1.34585,1.34588,1.34572,1.34574,1455299987.7929688
2012-02-28 18:09:00,1.34573,1.34575,1.3456,1.34561,1264400024.4140625
2012-02-28 18:10:00,1.34561,1.34561,1.34537,1.34547,1676699981.6894531
2012-02-28 18:11:00,1.34547,1.34577,1.34547,1.34574,2233999938.9648438
2012-02-28 18:12:00,1.34573,1.34585,1.34562,1.34568,1402899932.8613281
2012-02-28 18:13:00,1.34568,1.34576,1.34568,1.34576,1227600021.3623047
2012-02-28 18:14:00,1.34575,1.34584,1.34573,1.34573,880800018.3105469
2012-02-28 18:15:00,1.34573,1.34584,1.34561,1.34576,1495399932.8613281
2012-02-28 18:16:00,1.34576,1.34583,1.34564,1.34567,2028999938.9648438
2012-02-28 18:17:00,1.34572,1.34579,1.34557,1.34574,2540700073.2421875
2012-02-28 18:18:00,1.34574,1.34585,1.34574,1.34583,1841799926.7578125
2012-02-28 18:19:00,1.34583,1.34586,1.3455,1.34564,1131200027.4658203
2012-02-28 18:20:00,1.34562,1.34607,1.34562,1.34607,1931699981.6894531
2012-02-28 18:21:00,1.34608,1.34636,1.34608,1.34631,2716600036.6210938
2012-02-28 18:22:00,1.34631,1.34633,1.34614,1.34614,2020500030.5175781
2012-02-28 18:23:00,1.34612,1.34625,1.34603,1.34612,2071699981.6894531
2012-02-28 18:24:00,1.34612,1.34612,1.34584,1.34595,1608899993.8964844
2012-02-28 18:25:00,1.34591,1.34615,1.34591,1.34605,1103499984.741211
2012-02-28 18:26:00,1.34606,1.34606,1.34587,1.34588,733499984.7412109
2012-02-28 18:27:00,1.34593,1.34599,1.34591,1.34598,1646699981.6894531
2012-02-28 18:28:00,1.34598,1.34607,1.34583,1.34583,1356699981.6894531
2012-02-28 18:29:00,1.34583,1.3459,1.3456,1.34562,2352799987.7929688
2012-02-28 18:30:00,1.3456,1.34561,1.34525,1.34533,2833500061.0351562
2012-02-28 18:31:00,1.34533,1.34547,1.34523,1.34533,1741600036.6210938
2012-02-28 18:32:00,1.34534,1.34571,1.34534,1.34565,1132600021.3623047
2012-02-28 18:33:00,1.34565,1.34568,1.34562,1.34565,963199996.9482422
2012-02-28 18:34:00,1.34565,1.34567,1.34554,1.34563,1218199996.9482422
2012-02-28 18:35:00,1.34561,1.34578,1.34553,1.34573,1871499938.9648438
2012-02-28 18:36:00,1.34573,1.34575,1.34563,1.34569,951200027.4658203
2012-02-28 18:37:00,1.34569,1.34571,1.34552,1.34566,2230399932.861328
2012-02-28 18:38:00,1.34564,1.34567,1.34562,1.34562,949899978.6376953
2012-02-28 18:39:00,1.34562,1.34566,1.34551,1.34562,1982700042.7246094
2012-02-28 18:40:00,1.3456,1.3456,1.3454,1.3454,1597200012.2070312
2012-02-28 18:41:00,1.34542,1.34547,1.34532,1.34542,2715299987.7929688
2012-02-28 18:42:00,1.34542,1.34555,1.34536,1.34555,1683699951.171875
2012-02-28 18:43:00,1.34555,1.34563,1.34544,1.34554,1437299957.2753906
2012-02-28 18:44:00,1.34554,1.34554,1.34537,1.34544,1913800048.828125
2012-02-28 18:45:00,1.34543,1.34546,1.34539,1.34543,2204900054.9316406
2012-02-28 18:46:00,1.34543,1.34557,1.34536,1.34557,1472200012.2070312
2012-02-28 18:47:00,1.34555,1.34556,1.3454,1.34543,2021999969.4824219
2012-02-28 18:48:00,1.34543,1.34545,1.34528,1.34529,2157700042.7246094
2012-02-28 18:49:00,1.34524,1.34525,1.34495,1.34495,2483800048.828125
2012-02-28 18:50:00,1.34495,1.34495,1.34447,1.34458,3477799987.7929688
2012-02-28 18:51:00,1.34462,1.34477,1.34456,1.34477,1896100006.1035156
2012-02-28 18:52:00,1.34476,1.34477,1.34466,1.3447,1791499938.9648438
2012-02-28 18:53:00,1.34471,1.34497,1.34471,1.34489,1948600006.1035156
2012-02-28 18:54:00,1.34487,1.34495,1.34425,1.34425,2592699890.1367188
2012-02-28 18:55:00,1.34426,1.34466,1.34424,1.34462,2425099945.0683594
2012-02-28 18:56:00,1.3446,1.34491,1.34457,1.34486,2752900085.4492188
2012-02-28 18:57:00,1.34487,1.34513,1.34484,1.34511,2760299987.7929688
2012-02-28 18:58:00,1.34511,1.34515,1.34494,1.34505,2229100036.6210938
2012-02-28 18:59:00,1.34506,1.34514,1.34495,1.34501,2076300048.828125
2012-02-28 19:00:00,1.34502,1.34506,1.34494,1.34505,1510200042.7246094
2012-02-28 19:01:00,1.34503,1.34518,1.34494,1.34515,2373800048.828125
2012-02-28 19:02:00,1.34514,1.34527,1.34514,1.34524,1885000000.0
2012-02-28 19:03:00,1.34524,1.34525,1.34498,1.34513,1797200012.2070312
2012-02-28 19:04:00,1.34513,1.34515,1.34512,1.34514,953000030.5175781
2012-02-28 19:05:00,1.34514,1.34528,1.34511,1.34518,1556199951.171875
2012-02-28 19:06:00,1.34516,1.34516,1.34493,1.34495,1398399963.3789062
2012-02-28 19:07:00,1.34495,1.34518,1.34494,1.34508,1323800048.828125
2012-02-28 19:08:00,1.34507,1.34512,1.34505,1.34506,790800018.3105469
2012-02-28 19:09:00,1.34506,1.3451,1.34496,1.34505,646299972.5341797
2012-02-28 19:10:00,1.34505,1.34525,1.34496,1.34506,2259600067.138672
2012-02-28 19:11:00,1.34505,1.34554,1.34505,1.34533,2576400146.484375
2012-02-28 19:12:00,1.34533,1.34543,1.3453,1.34533,1769799957.2753906
2012-02-28 19:13:00,1.34531,1.34536,1.34524,1.34525,1208799972.5341797
2012-02-28 19:14:00,1.34525,1.34533,1.34524,1.34527,1683899993.8964844
2012-02-28 19:15:00,1.34526,1.34544,1.34521,1.34536,1663800048.828125
2012-02-28 19:16:00,1.34536,1.34546,1.34513,1.34516,1857200012.2070312
2012-02-28 19:17:00,1.34516,1.34527,1.34506,1.34516,1951999969.4824219
2012-02-28 19:18:00,1.34513,1.34526,1.34492,1.34506,2161199951.171875
2012-02-28 19:19:00,1.34506,1.34521,1.34503,1.34515,2254499969.482422
2012-02-28 19:20:00,1.34515,1.34527,1.34512,1.34527,1704100036.6210938
2012-02-28 19:21:00,1.34524,1.34527,1.3452,1.34523,1040500030.5175781
2012-02-28 19:22:00,1.34523,1.34526,1.34508,1.34509,988799972.5341797
2012-02-28 19:23:00,1.3451,1.34518,1.34505,1.3451,1313899993.8964844
2012-02-28 19:24:00,1.3451,1.34516,1.34502,1.34504,1615200042.7246094
2012-02-28 19:25:00,1.34504,1.34515,1.34501,1.3451,1256299972.5341797
2012-02-28 19:26:00,1.34509,1.34511,1.34482,1.34484,1361100006.1035156
2012-02-28 19:27:00,1.34484,1.34484,1.34445,1.34464,2450299987.7929688
2012-02-28 19:28:00,1.34464,1.34482,1.34464,1.34473,1283999938.9648438
2012-02-28 19:29:00,1.34473,1.34476,1.34468,1.34474,1027799987.7929688
2012-02-28 19:30:00,1.34473,1.34485,1.34464,1.34479,1507700042.7246094
2012-02-28 19:31:00,1.34479,1.34493,1.34472,1.34493,2094799957.2753906
2012-02-28 19:32:00,1.34496,1.34496,1.34463,1.34471,1787700042.7246094
2012-02-28 19:33:00,1.34471,1.34512,1.34468,1.34512,1989299926.7578125
2012-02-28 19:34:00,1.34512,1.34542,1.34512,1.34532,2271199951.171875
2012-02-28 19:35:00,1.34532,1.34535,1.34514,1.34519,2137400054.9316406
2012-02-28 19:36:00,1.34519,1.34527,1.34511,1.34518,1594900054.9316406
2012-02-28 19:37:00,1.34522,1.34525,1.34512,1.34512,692799987.7929688
2012-02-28 19:38:00,1.34512,1.34533,1.34512,1.34524,1243799972.5341797
2012-02-28 19:39:00,1.34528,1.34528,1.34507,1.34512,1651399993.8964844
2012-02-28 19:40:00,1.34515,1.34515,1.345,1.34502,1458099975.5859375
2012-02-28 19:41:00,1.34502,1.34507,1.34497,1.34505,1325200042.7246094
2012-02-28 19:42:00,1.34505,1.34526,1.34505,1.34524,1473200073.2421875
2012-02-28 19:43:00,1.34526,1.34538,1.34525,1.34526,1559400024.4140625
2012-02-28 19:44:00,1.34528,1.34547,1.34528,1.34534,1182699966.430664
2012-02-28 19:45:00,1.34534,1.34547,1.34532,1.34542,1567400054.9316406
2012-02-28 19:46:00,1.34543,1.34548,1.34526,1.34548,1332799987.7929688
2012-02-28 19:47:00,1.34548,1.3455,1.34541,1.34543,719400024.4140625
2012-02-28 19:48:00,1.34543,1.34545,1.34532,1.34541,1178300018.3105469
2012-02-28 19:49:00,1.3454,1.34556,1.3454,1.34554,1101800003.0517578
2012-02-28 19:50:00,1.34557,1.34564,1.34554,1.34562,1289400024.4140625
2012-02-28 19:51:00,1.34561,1.34561,1.34543,1.34555,2462599945.0683594
2012-02-28 19:52:00,1.34555,1.34555,1.34535,1.34552,1550599975.5859375
2012-02-28 19:53:00,1.34552,1.34556,1.34542,1.34543,1201800003.0517578
2012-02-28 19:54:00,1.34544,1.34546,1.34531,1.34532,568800010.6811523
2012-02-28 19:55:00,1.34534,1.34553,1.34534,1.34553,1204000015.258789
2012-02-28 19:56:00,1.34552,1.34555,1.34551,1.34553,1031100006.1035156
2012-02-28 19:57:00,1.34553,1.34573,1.34551,1.34567,1197200012.2070312
2012-02-28 19:58:00,1.34565,1.34576,1.34563,1.34566,1578899993.8964844
2012-02-28 19:59:00,1.34564,1.34585,1.34555,1.34585,2726499938.9648438
2012-02-28 20:00:00,1.34584,1.34602,1.34577,1.34581,1944299926.7578125
2012-02-28 20:01:00,1.34581,1.34589,1.34581,1.34587,958899993.8964844
2012-02-28 20:02:00,1.34586,1.34604,1.34586,1.34604,987399978.6376953
2012-02-28 20:03:00,1.34603,1.34607,1.34593,1.34595,2488899993.8964844
2012-02-28 20:04:00,1.34595,1.34595,1.3458,1.3458,1009800033.5693359
2012-02-28 20:05:00,1.34578,1.34581,1.34569,1.34575,1014499969.4824219
2012-02-28 20:06:00,1.34575,1.34582,1.34571,1.34579,1244300003.0517578
2012-02-28 20:07:00,1.3458,1.3458,1.34562,1.34573,1371799926.7578125
2012-02-28 20:08:00,1.34572,1.34588,1.34572,1.34583,1540599975.5859375
2012-02-28 20:09:00,1.34583,1.34595,1.34582,1.34593,1592700042.7246094
2012-02-28 20:10:00,1.34593,1.34593,1.34591,1.34592,578100013.7329102
2012-02-28 20:11:00,1.34592,1.34606,1.34592,1.34596,1461900024.4140625
2012-02-28 20:12:00,1.34593,1.34607,1.34592,1.34603,1941399993.8964844
2012-02-28 20:13:00,1.34602,1.34605,1.34602,1.34605,402799987.79296875
2012-02-28 20:14:00,1.34602,1.34625,1.34602,1.34613,2262400054.9316406
2012-02-28 20:15:00,1.34614,1.34635,1.34614,1.34632,1892400054.9316406
2012-02-28 20:16:00,1.34631,1.34655,1.34629,1.34649,1958200073.2421875
2012-02-28 20:17:00,1.34649,1.34656,1.34637,1.34655,2596499938.9648438
2012-02-28 20:18:00,1.34655,1.34656,1.34622,1.34635,1834799957.2753906
2012-02-28 20:19:00,1.34637,1.34673,1.34631,1.34673,1321600036.6210938
2012-02-28 20:20:00,1.34673,1.34675,1.3466,1.34663,1985599975.5859375
2012-02-28 20:21:00,1.34667,1.34687,1.34667,1.34682,1764499969.4824219
2012-02-28 20:22:00,1.34682,1.34705,1.34662,1.34662,2535599975.5859375
2012-02-28 20:23:00,1.34661,1.34664,1.34649,1.3465,1516900024.4140625
2012-02-28 20:24:00,1.3465,1.3465,1.34622,1.34633,1708300018.3105469
2012-02-28 20:25:00,1.34634,1.34636,1.34609,1.34623,2613699951.171875
2012-02-28 20:26:00,1.34623,1.34625,1.34616,1.34625,772500000.0
2012-02-28 20:27:00,1.34625,1.34634,1.3461,1.34612,953300018.3105469
2012-02-28 20:28:00,1.34611,1.34624,1.346,1.34602,1793500061.0351562
2012-02-28 20:29:00,1.34602,1.34604,1.3459,1.3459,1018099975.5859375
2012-02-28 20:30:00,1.34592,1.34594,1.34572,1.34587,1622799987.7929688
2012-02-28 20:31:00,1.34587,1.34599,1.34583,1.34599,1686799926.7578125
2012-02-28 20:32:00,1.34599,1.34603,1.34582,1.34592,2066999969.4824219
2012-02-28 20:33:00,1.3459,1.3459,1.34581,1.34583,1413800048.828125
2012-02-28 20:34:00,1.34583,1.34588,1.34583,1.34587,690000000.0
2012-02-28 20:35:00,1.34587,1.34596,1.34584,1.34592,1019599990.8447266
2012-02-28 20:36:00,1.34592,1.34594,1.34587,1.3459,978700027.4658203
2012-02-28 20:37:00,1.34592,1.34608,1.34592,1.34597,1486699981.6894531
2012-02-28 20:38:00,1.34598,1.34617,1.34598,1.34606,1451600036.6210938
2012-02-28 20:39:00,1.34606,1.34628,1.34602,1.34628,1612400054.9316406
2012-02-28 20:40:00,1.34627,1.34628,1.34612,1.34613,1189199981.6894531
2012-02-28 20:41:00,1.34613,1.34627,1.34606,1.34627,819000015.2587891
2012-02-28 20:42:00,1.3463,1.34633,1.3462,1.34623,1204400024.4140625
2012-02-28 20:43:00,1.34623,1.34635,1.34622,1.34635,1131299972.5341797
2012-02-28 20:44:00,1.34639,1.34657,1.34635,1.34638,1869400024.4140625
2012-02-28 20:45:00,1.34638,1.34648,1.34625,1.34629,1626699981.6894531
2012-02-28 20:46:00,1.34627,1.34627,1.34611,1.34623,2402700042.7246094
2012-02-28 20:47:00,1.34623,1.34645,1.34611,1.34638,1866499938.9648438
2012-02-28 20:48:00,1.34635,1.34636,1.34622,1.34624,1348000030.5175781
2012-02-28 20:49:00,1.34624,1.34626,1.34602,1.34611,2261999969.482422
2012-02-28 20:50:00,1.34611,1.34621,1.346,1.346,1845200042.7246094
2012-02-28 20:51:00,1.346,1.34613,1.346,1.34613,1191100006.1035156
2012-02-28 20:52:00,1.34613,1.34613,1.34589,1.34595,1744700012.2070312
2012-02-28 20:53:00,1.34595,1.34638,1.34595,1.34635,2795799865.7226562
2012-02-28 20:54:00,1.34635,1.34645,1.34626,1.34643,2070099945.0683594
2012-02-28 20:55:00,1.34645,1.34658,1.34643,1.34658,1242099990.8447266
2012-02-28 20:56:00,1.34658,1.34658,1.34633,1.34635,1030899963.3789062
2012-02-28 20:57:00,1.34633,1.34635,1.34592,1.34598,1386199951.171875
2012-02-28 20:58:00,1.34599,1.34607,1.34596,1.34606,1031900024.4140625
2012-02-28 20:59:00,1.34607,1.34632,1.34603,1.34632,1096299972.5341797
2012-02-28 21:00:00,1.34631,1.3464,1.3462,1.34638,1218399963.3789062
2012-02-28 21:01:00,1.34639,1.34642,1.34637,1.34638,678300018.3105469
2012-02-28 21:02:00,1.34638,1.34642,1.34637,1.34641,789400024.4140625
2012-02-28 21:03:00,1.34641,1.34648,1.3464,1.34646,499199981.6894531
2012-02-28 21:04:00,1.34646,1.3466,1.34646,1.3466,1545899963.3789062
2012-02-28 21:05:00,1.34658,1.34658,1.34646,1.34648,1517899932.8613281
2012-02-28 21:06:00,1.34648,1.34667,1.34648,1.34665,1610399932.8613281
2012-02-28 21:07:00,1.34666,1.34671,1.34662,1.34665,1053399963.3789062
2012-02-28 21:08:00,1.34665,1.34679,1.34662,1.34673,1923099975.5859375
2012-02-28 21:09:00,1.34673,1.34673,1.34652,1.34653,1484199981.6894531
2012-02-28 21:10:00,1.34653,1.34661,1.34651,1.34657,584000015.2587891
2012-02-28 21:11:00,1.34657,1.34686,1.34657,1.3468,1180500030.5175781
2012-02-28 21:12:00,1.3468,1.34683,1.34677,1.3468,1032300033.5693359
2012-02-28 21:13:00,1.3468,1.34699,1.3468,1.34689,1260800018.3105469
2012-02-28 21:14:00,1.34689,1.34708,1.34688,1.3469,1716199951.171875
2012-02-28 21:15:00,1.3469,1.34693,1.34674,1.34684,2214199981.689453
2012-02-28 21:16:00,1.34684,1.34692,1.34683,1.34689,635400009.1552734
2012-02-28 21:17:00,1.34689,1.34689,1.34683,1.34686,646500015.2587891
2012-02-28 21:18:00,1.34686,1.34688,1.34679,1.34679,881100006.1035156
2012-02-28 21:19:00,1.34679,1.34684,1.34672,1.34684,826200027.4658203
2012-02-28 21:20:00,1.34685,1.34691,1.34684,1.34688,397500000.0
2012-02-28 21:21:00,1.34688,1.34691,1.34685,1.34691,881399993.8964844
2012-02-28 21:22:00,1.34691,1.34691,1.34685,1.34685,528699989.31884766
2012-02-28 21:23:00,1.34683,1.34686,1.34672,1.34674,1173899993.8964844
2012-02-28 21:24:00,1.34681,1.34686,1.34673,1.34682,1343200073.2421875
2012-02-28 21:25:00,1.34682,1.3469,1.34674,1.34678,1501000061.0351562
2012-02-28 21:26:00,1.3468,1.34684,1.3467,1.3467,1393899993.8964844
2012-02-28 21:27:00,1.34671,1.34679,1.34668,1.34671,604599990.8447266
2012-02-28 21:28:00,1.34672,1.34675,1.34667,1.34668,1146399993.8964844
2012-02-28 21:29:00,1.34665,1.34667,1.34661,1.34666,320999984.74121094
2012-02-28 21:30:00,1.34664,1.34669,1.34658,1.34662,1069100036.6210938
2012-02-28 21:31:00,1.34661,1.34663,1.34647,1.34647,1490700073.2421875
2012-02-28 21:32:00,1.34647,1.34659,1.34644,1.3465,1677100067.1386719
2012-02-28 21:33:00,1.3465,1.34653,1.34648,1.34653,748799972.5341797
2012-02-28 21:34:00,1.34655,1.3466,1.34651,1.34657,320999984.74121094
2012-02-28 21:35:00,1.34658,1.34664,1.34657,1.34663,431100006.1035156
2012-02-28 21:36:00,1.34663,1.3467,1.3466,1.34669,1171600036.6210938
2012-02-28 21:37:00,1.34672,1.34673,1.34666,1.34666,511300010.68115234
2012-02-28 21:38:00,1.34667,1.34667,1.34661,1.34662,251299991.60766602
2012-02-28 21:39:00,1.34662,1.34662,1.34651,1.34655,369500007.62939453
2012-02-28 21:40:00,1.34653,1.34656,1.3465,1.34652,607400016.784668
2012-02-28 21:41:00,1.34652,1.34656,1.34644,1.34649,1211200027.4658203
2012-02-28 21:42:00,1.34653,1.34668,1.34653,1.34655,959800033.5693359
2012-02-28 21:43:00,1.34655,1.34662,1.34646,1.34652,841299972.5341797
2012-02-28 21:44:00,1.34652,1.34661,1.34649,1.34661,975599975.5859375
2012-02-28 21:45:00,1.34661,1.34669,1.34654,1.34662,1419499969.4824219
2012-02-28 21:46:00,1.3466,1.34671,1.34659,1.34665,979000015.2587891
2012-02-28 21:47:00,1.34665,1.34669,1.34661,1.34668,596699981.6894531
2012-02-28 21:48:00,1.34667,1.34669,1.34648,1.34649,904800033.5693359
2012-02-28 21:49:00,1.34648,1.34662,1.34647,1.34656,904199981.6894531
2012-02-28 21:50:00,1.34655,1.34658,1.34648,1.3465,833000030.5175781
2012-02-28 21:51:00,1.3465,1.34653,1.34649,1.3465,373499984.74121094
2012-02-28 21:52:00,1.34649,1.34649,1.3464,1.34645,432500000.0
2012-02-28 21:53:00,1.34645,1.34645,1.34641,1.34642,534000015.25878906
2012-02-28 21:54:00,1.34642,1.34643,1.34636,1.34639,793399963.3789062
2012-02-28 21:55:00,1.34637,1.34646,1.34637,1.34642,936600036.6210938
2012-02-28 21:56:00,1.34644,1.34647,1.3464,1.34643,787200012.2070312
2012-02-28 21:57:00,1.34643,1.34647,1.3464,1.34641,748499984.7412109
2012-02-28 21:58:00,1.3464,1.34642,1.34623,1.34639,1956699981.6894531
2012-02-28 21:59:00,1.34639,1.34648,1.34606,1.34606,762099990.8447266
2012-02-28 22:00:00,1.34606,1.34606,1.34554,1.34566,507400016.78466797
2012-02-28 22:01:00,1.34564,1.34571,1.34551,1.34555,276200008.392334
2012-02-28 22:02:00,1.34555,1.34565,1.34545,1.34554,450900001.5258789
2012-02-28 22:03:00,1.34556,1.34566,1.34549,1.34563,520600013.73291016
2012-02-28 22:04:00,1.34565,1.34569,1.34564,1.34564,174899997.71118164
2012-02-28 22:05:00,1.34565,1.34569,1.34548,1.34555,429799995.4223633
2012-02-28 22:06:00,1.34555,1.34555,1.34539,1.34551,283600006.1035156
2012-02-28 22:07:00,1.34551,1.34552,1.34547,1.3455,106199998.85559082
2012-02-28 22:08:00,1.3455,1.3459,1.3455,1.34566,640800018.3105469
2012-02-28 22:09:00,1.34566,1.34584,1.34565,1.3457,200599994.65942383
2012-02-28 22:10:00,1.34575,1.34579,1.34571,1.34579,77300000.19073486
2012-02-28 22:11:00,1.34578,1.34578,1.34569,1.34577,239400005.34057617
2012-02-28 22:12:00,1.34577,1.34594,1.34569,1.34591,331699981.6894531
2012-02-28 22:13:00,1.34596,1.34604,1.34589,1.34597,312600002.28881836
2012-02-28 22:14:00,1.34597,1.34598,1.34577,1.34577,346599998.4741211
2012-02-28 22:15:00,1.34577,1.34582,1.34569,1.34582,536899986.2670898
2012-02-28 22:16:00,1.34582,1.34582,1.34567,1.34574,439300003.0517578
2012-02-28 22:17:00,1.34574,1.3458,1.34566,1.34571,270000000.0
2012-02-28 22:18:00,1.34571,1.34581,1.34568,1.3458,459300003.0517578
2012-02-28 22:19:00,1.34581,1.34588,1.34576,1.34578,317600002.28881836
2012-02-28 22:20:00,1.34576,1.34585,1.34576,1.34578,387200012.20703125
2012-02-28 22:21:00,1.34579,1.34579,1.34571,1.34578,501599998.4741211
2012-02-28 22:22:00,1.34579,1.34586,1.34579,1.34579,240599994.65942383
2012-02-28 22:23:00,1.3458,1.34584,1.3458,1.34584,165400009.15527344
2012-02-28 22:24:00,1.34584,1.34588,1.34584,1.34587,165499992.37060547
2012-02-28 22:25:00,1.34587,1.34587,1.34587,1.34587,11299999.952316284
2012-02-28 22:26:00,1.34585,1.34585,1.34581,1.34583,245799999.23706055
2012-02-28 22:27:00,1.34584,1.34585,1.34584,1.34585,33800001.14440918
2012-02-28 22:28:00,1.34586,1.34596,1.34584,1.34589,548899993.8964844
2012-02-28 22:29:00,1.34587,1.34593,1.34583,1.34593,557099990.8447266
2012-02-28 22:30:00,1.34594,1.34594,1.34587,1.34594,1152799987.7929688
2012-02-28 22:31:00,1.34596,1.346,1.34589,1.34599,205000000.0
2012-02-28 22:32:00,1.346,1.346,1.34589,1.34595,825100021.3623047
2012-02-28 22:33:00,1.34596,1.34602,1.34596,1.34602,282000007.62939453
2012-02-28 22:34:00,1.34603,1.34608,1.34599,1.34599,660599975.5859375
2012-02-28 22:35:00,1.34599,1.34608,1.34599,1.34608,879199981.6894531
2012-02-28 22:36:00,1.34608,1.34609,1.34607,1.34609,250100002.28881836
2012-02-28 22:37:00,1.34607,1.34614,1.34604,1.34604,1819900054.9316406
2012-02-28 22:38:00,1.34604,1.34614,1.34604,1.3461,1289499969.4824219
2012-02-28 22:39:00,1.3461,1.34621,1.34602,1.34612,1187699966.430664
2012-02-28 22:40:00,1.34611,1.34624,1.3461,1.34618,1103899993.8964844
2012-02-28 22:41:00,1.34618,1.34618,1.34616,1.34616,84399995.80383301
2012-02-28 22:42:00,1.34614,1.34619,1.34614,1.34619,72399997.71118164
2012-02-28 22:43:00,1.34618,1.34619,1.34618,1.34619,75000000.0
2012-02-28 22:44:00,1.34618,1.34619,1.34618,1.34619,187800006.86645508
2012-02-28 22:45:00,1.34619,1.34638,1.34619,1.34636,628300018.3105469
2012-02-28 22:46:00,1.34636,1.34638,1.34622,1.34631,1080400009.1552734
2012-02-28 22:47:00,1.34631,1.34631,1.34629,1.34629,71399998.66485596
2012-02-28 22:48:00,1.34631,1.34633,1.34629,1.34633,717699966.4306641
2012-02-28 22:49:00,1.34633,1.34641,1.34631,1.34636,459900016.78466797
2012-02-28 22:50:00,1.34636,1.3465,1.34625,1.34629,776399993.8964844
2012-02-28 22:51:00,1.34632,1.34636,1.34629,1.34636,213999996.18530273
2012-02-28 22:52:00,1.34636,1.34636,1.34636,1.34636,15000000.0
2012-02-28 22:53:00,1.34635,1.34638,1.34617,1.34636,859599990.8447266
2012-02-28 22:54:00,1.34635,1.34635,1.34618,1.34618,547599983.215332
2012-02-28 22:55:00,1.34618,1.34633,1.34617,1.34625,1104100036.6210938
2012-02-28 22:56:00,1.34624,1.3463,1.34623,1.34625,339599990.84472656
2012-02-28 22:57:00,1.34625,1.34628,1.34616,1.3462,617500000.0
2012-02-28 22:58:00,1.34618,1.3462,1.34565,1.34565,1011600036.6210938
2012-02-28 22:59:00,1.34565,1.34589,1.34564,1.34584,1441199951.171875
2012-02-28 23:00:00,1.34584,1.34611,1.34577,1.34595,1756199951.171875
2012-02-28 23:01:00,1.34596,1.34613,1.34591,1.34606,763499984.7412109
2012-02-28 23:02:00,1.34606,1.34609,1.34589,1.34594,1254700012.2070312
2012-02-28 23:03:00,1.34594,1.34605,1.34593,1.34605,866100006.1035156
2012-02-28 23:04:00,1.34605,1.34617,1.34587,1.34601,1818300018.3105469
2012-02-28 23:05:00,1.34601,1.34604,1.34591,1.34598,1849799957.2753906
2012-02-28 23:06:00,1.34598,1.34615,1.34595,1.34611,2109799957.2753906
2012-02-28 23:07:00,1.34613,1.34613,1.34604,1.34605,1671000061.0351562
2012-02-28 23:08:00,1.34605,1.34608,1.34596,1.346,2127400054.9316406
2012-02-28 23:09:00,1.34599,1.34602,1.34594,1.34601,1649900054.9316406
2012-02-28 23:10:00,1.34597,1.346,1.34592,1.34596,2104499969.4824219
2012-02-28 23:11:00,1.34596,1.34608,1.34594,1.34608,2316399993.8964844
2012-02-28 23:12:00,1.34608,1.34618,1.34598,1.34609,1917899932.8613281
2012-02-28 23:13:00,1.34609,1.3462,1.34609,1.34615,797500000.0
2012-02-28 23:14:00,1.34615,1.34626,1.34607,1.34607,1205000000.0
2012-02-28 23:15:00,1.34605,1.34609,1.34605,1.34607,558899993.8964844
2012-02-28 23:16:00,1.34607,1.34607,1.34587,1.34592,895500030.5175781
2012-02-28 23:17:00,1.34592,1.34593,1.3459,1.3459,504199981.6894531
2012-02-28 23:18:00,1.34591,1.34605,1.34589,1.34591,745800018.3105469
2012-02-28 23:19:00,1.34589,1.34602,1.34589,1.34594,402599983.21533203
2012-02-28 23:20:00,1.34594,1.34595,1.34582,1.34583,1303200073.2421875
2012-02-28 23:21:00,1.34583,1.34593,1.34582,1.34592,1670700073.2421875
2012-02-28 23:22:00,1.34592,1.34603,1.34589,1.34599,931100006.1035156
2012-02-28 23:23:00,1.34599,1.346,1.34598,1.346,131300001.14440918
2012-02-28 23:24:00,1.34602,1.34609,1.34592,1.34608,2024600067.1386719
2012-02-28 23:25:00,1.34608,1.34628,1.34606,1.34616,1731300048.828125
2012-02-28 23:26:00,1.34618,1.3462,1.34608,1.34619,1779499969.4824219
2012-02-28 23:27:00,1.34619,1.34629,1.34614,1.34621,1355700073.2421875
2012-02-28 23:28:00,1.34621,1.34628,1.34614,1.34618,1233000030.5175781
2012-02-28 23:29:00,1.34616,1.34655,1.34615,1.34655,1906399993.8964844
2012-02-28 23:30:00,1.34655,1.34683,1.34655,1.34673,3004200134.2773438
2012-02-28 23:31:00,1.34671,1.34671,1.34653,1.34657,1205999984.741211
2012-02-28 23:32:00,1.34657,1.34668,1.34657,1.34663,559799995.4223633
2012-02-28 23:33:00,1.34666,1.34669,1.3465,1.34665,1165699996.9482422
2012-02-28 23:34:00,1.34666,1.34671,1.34662,1.34668,476300010.68115234
2012-02-28 23:35:00,1.34668,1.34668,1.34657,1.34657,405099983.21533203
2012-02-28 23:36:00,1.34658,1.34665,1.34655,1.34665,642300033.5693359
2012-02-28 23:37:00,1.34665,1.34681,1.34665,1.3468,782200012.2070312
2012-02-28 23:38:00,1.3468,1.34691,1.34668,1.34691,1613999938.9648438
2012-02-28 23:39:00,1.34691,1.34712,1.3469,1.34704,2355599975.5859375
2012-02-28 23:40:00,1.34704,1.34749,1.34697,1.34739,2146699981.6894531
2012-02-28 23:41:00,1.3474,1.34741,1.34718,1.3473,1280500030.5175781
2012-02-28 23:42:00,1.3473,1.34744,1.3473,1.34739,1239000015.258789
2012-02-28 23:43:00,1.34742,1.34742,1.3472,1.34722,1074499969.4824219
2012-02-28 23:44:00,1.34722,1.34727,1.34689,1.34689,1050199966.4306641
2012-02-28 23:45:00,1.34688,1.34689,1.34684,1.34686,513800010.68115234
2012-02-28 23:46:00,1.34686,1.34691,1.34683,1.34691,757699966.4306641
2012-02-28 23:47:00,1.34691,1.34691,1.34682,1.34687,799199981.6894531
2012-02-28 23:48:00,1.3469,1.3469,1.34678,1.34681,1656000061.0351562
2012-02-28 23:49:00,1.34681,1.34685,1.34677,1.34681,1356999969.4824219
2012-02-28 23:50:00,1.34682,1.34686,1.34677,1.34685,745899963.3789062
2012-02-28 23:51:00,1.34685,1.34694,1.34682,1.34682,914599990.8447266
2012-02-28 23:52:00,1.34682,1.34705,1.34682,1.34703,1282500000.0
2012-02-28 23:53:00,1.34701,1.34706,1.34701,1.34706,435900001.5258789
2012-02-28 23:54:00,1.34706,1.34725,1.34702,1.34725,923000030.5175781
2012-02-28 23:55:00,1.34725,1.34757,1.34725,1.34752,2601799926.7578125
2012-02-28 23:56:00,1.34752,1.34775,1.34737,1.34775,1667100067.1386719
2012-02-28 23:57:00,1.34774,1.34779,1.34766,1.34776,1883500061.0351562
2012-02-28 23:58:00,1.34776,1.34778,1.34773,1.34775,1351900024.4140625
2012-02-28 23:59:00,1.34773,1.34795,1.34773,1.34781,1557100067.1386719
2012-02-29 00:00:00,1.34785,1.34785,1.34769,1.34779,2541699981.689453
2012-02-29 00:01:00,1.34778,1.34779,1.34753,1.34759,2050599975.5859375
2012-02-29 00:02:00,1.34757,1.34781,1.34757,1.34779,1551100006.1035156
2012-02-29 00:03:00,1.34781,1.34781,1.34757,1.3476,1098199996.9482422
2012-02-29 00:04:00,1.3476,1.34767,1.34751,1.34754,1930200042.7246094
2012-02-29 00:05:00,1.34753,1.34756,1.34742,1.34743,1125899963.3789062
2012-02-29 00:06:00,1.34743,1.34751,1.34734,1.34741,1866699981.6894531
2012-02-29 00:07:00,1.3474,1.34754,1.34735,1.34754,663700027.4658203
2012-02-29 00:08:00,1.34753,1.34754,1.34721,1.34754,1853899993.8964844
2012-02-29 00:09:00,1.34756,1.34756,1.34722,1.3473,1937100067.1386719
2012-02-29 00:10:00,1.3473,1.34742,1.34726,1.34737,1196600036.6210938
2012-02-29 00:11:00,1.34739,1.34754,1.34738,1.34742,1717299957.2753906
2012-02-29 00:12:00,1.34742,1.34749,1.34738,1.34742,1378600006.1035156
2012-02-29 00:13:00,1.34743,1.34753,1.34743,1.34753,856699981.6894531
2012-02-29 00:14:00,1.34753,1.34753,1.3474,1.3474,719499969.4824219
2012-02-29 00:15:00,1.34744,1.34746,1.3474,1.34743,577299995.4223633
2012-02-29 00:16:00,1.34742,1.34748,1.3473,1.34731,1481799926.7578125
2012-02-29 00:17:00,1.3473,1.34743,1.34729,1.34743,1058600006.1035156
2012-02-29 00:18:00,1.34744,1.34763,1.34744,1.34753,1869199981.6894531
2012-02-29 00:19:00,1.34752,1.34754,1.34747,1.34754,846800003.0517578
2012-02-29 00:20:00,1.34752,1.34759,1.34748,1.34753,1540800018.3105469
2012-02-29 00:21:00,1.34753,1.34757,1.34751,1.34757,933300018.3105469
2012-02-29 00:22:00,1.34757,1.34764,1.34757,1.34762,369799995.4223633
2012-02-29 00:23:00,1.34761,1.34761,1.34747,1.34751,939199981.6894531
2012-02-29 00:24:00,1.34751,1.34751,1.34731,1.34736,1369100036.6210938
2012-02-29 00:25:00,1.34736,1.34737,1.34729,1.3473,1194800033.569336
2012-02-29 00:26:00,1.34731,1.34739,1.34727,1.34737,1203499984.741211
2012-02-29 00:27:00,1.34738,1.34748,1.34737,1.34739,912300033.5693359
2012-02-29 00:28:00,1.34739,1.34744,1.34718,1.3472,1106100006.1035156
2012-02-29 00:29:00,1.34716,1.34734,1.34713,1.34716,2224400024.4140625
2012-02-29 00:30:00,1.34717,1.34742,1.34706,1.34742,1949100036.6210938
2012-02-29 00:31:00,1.34742,1.34748,1.34722,1.34722,860299987.7929688
2012-02-29 00:32:00,1.34722,1.34772,1.3472,1.34772,2042100067.1386719
2012-02-29 00:33:00,1.34775,1.34789,1.34757,1.34768,2256000061.0351562
2012-02-29 00:34:00,1.34769,1.34771,1.34755,1.34769,1334600067.1386719
2012-02-29 00:35:00,1.34772,1.34772,1.34748,1.3477,1008099975.5859375
2012-02-29 00:36:00,1.34772,1.34775,1.34765,1.34768,1059300003.0517578
2012-02-29 00:37:00,1.34768,1.34769,1.34755,1.34755,1374799957.2753906
2012-02-29 00:38:00,1.34756,1.34761,1.34743,1.34754,1515500030.5175781
2012-02-29 00:39:00,1.34754,1.34754,1.34742,1.34744,731100006.1035156
2012-02-29 00:40:00,1.34744,1.34745,1.34715,1.34715,1308099975.5859375
2012-02-29 00:41:00,1.34719,1.34719,1.34691,1.34709,2024299926.7578125
2012-02-29 00:42:00,1.34708,1.34708,1.34699,1.34705,371800003.0517578
2012-02-29 00:43:00,1.34705,1.34713,1.34697,1.34709,1356699981.6894531
2012-02-29 00:44:00,1.34709,1.34721,1.34709,1.34719,962300033.5693359
2012-02-29 00:45:00,1.34718,1.34721,1.34694,1.34698,959599990.8447266
2012-02-29 00:46:00,1.34698,1.34699,1.34685,1.34694,952300033.5693359
2012-02-29 00:47:00,1.34694,1.34719,1.34694,1.34717,693099975.5859375
2012-02-29 00:48:00,1.3472,1.3474,1.34715,1.3473,1637799987.7929688
2012-02-29 00:49:00,1.3473,1.3474,1.34722,1.34729,1458099975.5859375
2012-02-29 00:50:00,1.34734,1.34749,1.3473,1.34749,1953899993.8964844
2012-02-29 00:51:00,1.34749,1.34768,1.34746,1.34746,1886100006.1035156
2012-02-29 00:52:00,1.34744,1.34747,1.34739,1.34744,1344499969.4824219
2012-02-29 00:53:00,1.34744,1.34747,1.34737,1.3474,1786799926.7578125
2012-02-29 00:54:00,1.3474,1.34744,1.34682,1.34682,3488099975.5859375
2012-02-29 00:55:00,1.34688,1.34729,1.34676,1.34724,2361499938.9648438
2012-02-29 00:56:00,1.34724,1.34736,1.34717,1.34717,2586400146.484375
2012-02-29 00:57:00,1.3472,1.34723,1.34699,1.34705,1771699981.6894531
2012-02-29 00:58:00,1.34705,1.3472,1.34705,1.34718,1202099990.8447266
2012-02-29 00:59:00,1.34718,1.34726,1.34714,1.34719,1302200012.2070312
2012-02-29 01:00:00,1.34719,1.34725,1.34696,1.34698,1223799972.5341797
2012-02-29 01:01:00,1.34697,1.34711,1.34697,1.34701,996600036.6210938
2012-02-29 01:02:00,1.34701,1.34713,1.34698,1.34699,1293699951.171875
2012-02-29 01:03:00,1.34701,1.34705,1.34695,1.347,1349900054.9316406
2012-02-29 01:04:00,1.347,1.34706,1.34688,1.34702,904899978.6376953
2012-02-29 01:05:00,1.34702,1.34702,1.34688,1.34698,1179899978.6376953
2012-02-29 01:06:00,1.34701,1.34705,1.34694,1.34696,548400001.5258789
2012-02-29 01:07:00,1.34698,1.34705,1.34698,1.34701,912799987.7929688
2012-02-29 01:08:00,1.34701,1.34701,1.34688,1.34688,1348999938.9648438
2012-02-29 01:09:00,1.34686,1.3469,1.34664,1.34664,1310599975.5859375
2012-02-29 01:10:00,1.34667,1.34688,1.34667,1.34678,1457100067.1386719
2012-02-29 01:11:00,1.3468,1.34684,1.34666,1.34677,815000000.0
2012-02-29 01:12:00,1.34677,1.34683,1.3467,1.34675,1639499969.4824219
2012-02-29 01:13:00,1.34674,1.34702,1.34674,1.34693,1197099990.8447266
2012-02-29 01:14:00,1.34693,1.34699,1.34688,1.34693,1024800033.5693359
2012-02-29 01:15:00,1.34693,1.34707,1.3467,1.34686,1846000061.0351562
2012-02-29 01:16:00,1.34686,1.34686,1.3467,1.34674,1409499969.4824219
2012-02-29 01:17:00,1.34674,1.34687,1.34672,1.34684,840299987.7929688
2012-02-29 01:18:00,1.34684,1.347,1.34684,1.34693,607999992.3706055
2012-02-29 01:19:00,1.34693,1.34697,1.34679,1.34681,1434400024.4140625
2012-02-29 01:20:00,1.34684,1.34686,1.3468,1.34684,933799972.5341797
2012-02-29 01:21:00,1.34684,1.34691,1.34675,1.3469,726600036.6210938
2012-02-29 01:22:00,1.3469,1.347,1.3469,1.34699,597000007.6293945
2012-02-29 01:23:00,1.34699,1.34702,1.34696,1.34699,503400001.5258789
2012-02-29 01:24:00,1.347,1.34703,1.34698,1.34699,423699989.31884766
2012-02-29 01:25:00,1.347,1.34702,1.34694,1.347,822399978.6376953
2012-02-29 01:26:00,1.347,1.34703,1.34698,1.34699,990800018.3105469
2012-02-29 01:27:00,1.347,1.34702,1.34696,1.34698,766200027.4658203
2012-02-29 01:28:00,1.34698,1.34698,1.34694,1.34694,943300018.3105469
2012-02-29 01:29:00,1.34694,1.34695,1.34684,1.34688,1298099975.5859375
2012-02-29 01:30:00,1.34689,1.34697,1.34689,1.34695,774899978.6376953
2012-02-29 01:31:00,1.34696,1.34697,1.34693,1.34697,838300018.3105469
2012-02-29 01:32:00,1.34697,1.34697,1.34686,1.34686,1103199996.9482422
2012-02-29 01:33:00,1.34687,1.3469,1.34685,1.34685,772099990.8447266
2012-02-29 01:34:00,1.34685,1.34692,1.34684,1.34692,971800003.0517578
2012-02-29 01:35:00,1.34694,1.34708,1.34694,1.34705,1164100036.6210938
2012-02-29 01:36:00,1.34705,1.34731,1.34702,1.34726,2267899932.861328
2012-02-29 01:37:00,1.34726,1.34738,1.34716,1.34734,2070000000.0
2012-02-29 01:38:00,1.34734,1.34737,1.34722,1.34728,1253399963.3789062
2012-02-29 01:39:00,1.34728,1.34736,1.34722,1.34722,1054899978.6376953
2012-02-29 01:40:00,1.34723,1.34735,1.34723,1.3473,979899978.6376953
2012-02-29 01:41:00,1.34729,1.3473,1.34728,1.34728,476500015.25878906
2012-02-29 01:42:00,1.34729,1.34729,1.34708,1.34708,1065500030.5175781
2012-02-29 01:43:00,1.34708,1.34716,1.34705,1.34715,738099975.5859375
2012-02-29 01:44:00,1.34714,1.3472,1.34705,1.34709,1141299972.5341797
2012-02-29 01:45:00,1.34713,1.34719,1.34704,1.34716,1376499938.9648438
2012-02-29 01:46:00,1.34713,1.34713,1.3469,1.34692,1308399963.3789062
2012-02-29 01:47:00,1.34692,1.34705,1.34689,1.34693,752799987.7929688
2012-02-29 01:48:00,1.34694,1.34721,1.3469,1.34716,1375099945.0683594
2012-02-29 01:49:00,1.34718,1.34723,1.34711,1.34715,1069700012.2070312
2012-02-29 01:50:00,1.34717,1.34722,1.3471,1.34721,1474499969.4824219
2012-02-29 01:51:00,1.34726,1.34728,1.34714,1.34728,1117900009.1552734
2012-02-29 01:52:00,1.34728,1.34735,1.34728,1.34728,937099990.8447266
2012-02-29 01:53:00,1.34723,1.34731,1.34722,1.34722,641800003.0517578
2012-02-29 01:54:00,1.34724,1.34729,1.34724,1.34727,174799995.42236328
2012-02-29 01:55:00,1.34728,1.34732,1.34726,1.34732,285900001.5258789
2012-02-29 01:56:00,1.34732,1.34732,1.34723,1.34724,1058199996.9482422
2012-02-29 01:57:00,1.34724,1.34737,1.34723,1.34735,1406600036.6210938
2012-02-29 01:58:00,1.34737,1.34738,1.34733,1.34735,423100013.73291016
2012-02-29 01:59:00,1.34737,1.34739,1.34733,1.34737,661100006.1035156
2012-02-29 02:00:00,1.34738,1.3476,1.34736,1.3476,1407299957.2753906
2012-02-29 02:01:00,1.34758,1.34769,1.34757,1.34765,1188099975.5859375
2012-02-29 02:02:00,1.34762,1.34766,1.3476,1.34765,694300003.0517578
2012-02-29 02:03:00,1.34765,1.34766,1.34754,1.34756,1004800033.5693359
2012-02-29 02:04:00,1.34756,1.34767,1.34756,1.34763,1161600036.6210938
2012-02-29 02:05:00,1.34764,1.34774,1.34764,1.34764,897300033.5693359
2012-02-29 02:06:00,1.34764,1.3477,1.34756,1.34768,1390800018.3105469
2012-02-29 02:07:00,1.34768,1.34768,1.34762,1.34763,488300018.3105469
2012-02-29 02:08:00,1.34763,1.3477,1.34761,1.3477,1076399993.8964844
2012-02-29 02:09:00,1.34767,1.34773,1.34764,1.34771,975800018.3105469
2012-02-29 02:10:00,1.34771,1.34776,1.34762,1.34769,1168700027.4658203
2012-02-29 02:11:00,1.3477,1.34773,1.34751,1.34751,1231200027.4658203
2012-02-29 02:12:00,1.34752,1.34762,1.34747,1.34753,1408399963.3789062
2012-02-29 02:13:00,1.34753,1.34757,1.34748,1.34755,787099990.8447266
2012-02-29 02:14:00,1.34754,1.34756,1.34748,1.34749,2034299926.7578125
2012-02-29 02:15:00,1.3475,1.3476,1.3475,1.34755,853000030.5175781
2012-02-29 02:16:00,1.34755,1.34768,1.34752,1.34766,561800003.0517578
2012-02-29 02:17:00,1.34766,1.34775,1.34742,1.34747,1669299926.7578125
2012-02-29 02:18:00,1.34747,1.3476,1.34744,1.34751,1191800003.0517578
2012-02-29 02:19:00,1.34751,1.34765,1.3475,1.34764,884300003.0517578
2012-02-29 02:20:00,1.34766,1.34768,1.34759,1.34764,1214300003.0517578
2012-02-29 02:21:00,1.34764,1.34765,1.34754,1.34761,712699966.4306641
2012-02-29 02:22:00,1.34761,1.34765,1.34758,1.34763,985299987.7929688
2012-02-29 02:23:00,1.34763,1.34763,1.34753,1.34756,1016999969.4824219
2012-02-29 02:24:00,1.34757,1.34763,1.34754,1.34759,750899963.3789062
2012-02-29 02:25:00,1.34758,1.34766,1.34755,1.34763,783399963.3789062
2012-02-29 02:26:00,1.34763,1.34766,1.3476,1.34764,964000015.2587891
2012-02-29 02:27:00,1.34764,1.34766,1.34757,1.3476,588199996.9482422
2012-02-29 02:28:00,1.3476,1.34766,1.34756,1.34766,901699981.6894531
2012-02-29 02:29:00,1.34768,1.34768,1.34759,1.34763,774499969.4824219
2012-02-29 02:30:00,1.34763,1.34771,1.3476,1.3477,1046999969.4824219
2012-02-29 02:31:00,1.3477,1.34775,1.34767,1.34772,745899963.3789062
2012-02-29 02:32:00,1.3477,1.34775,1.3477,1.3477,451199989.31884766
2012-02-29 02:33:00,1.3477,1.34779,1.34767,1.34776,1479499969.4824219
2012-02-29 02:34:00,1.34776,1.3478,1.34775,1.34777,685800018.3105469
2012-02-29 02:35:00,1.34776,1.34779,1.3477,1.34771,985800018.3105469
2012-02-29 02:36:00,1.34771,1.34774,1.34762,1.3477,838300018.3105469
2012-02-29 02:37:00,1.3477,1.34775,1.34762,1.34762,907099990.8447266
2012-02-29 02:38:00,1.34761,1.34764,1.34758,1.34764,1016600036.6210938
2012-02-29 02:39:00,1.34765,1.34767,1.34758,1.34764,1046500015.2587891
2012-02-29 02:40:00,1.34763,1.3477,1.34761,1.3477,564099998.4741211
2012-02-29 02:41:00,1.34773,1.34838,1.34773,1.3483,2628599853.515625
2012-02-29 02:42:00,1.34833,1.34843,1.3481,1.3481,2280899963.3789062
2012-02-29 02:43:00,1.3481,1.34834,1.3481,1.34823,2185700073.2421875
2012-02-29 02:44:00,1.34822,1.34823,1.34814,1.3482,1199100036.6210938
2012-02-29 02:45:00,1.34818,1.34826,1.34815,1.34824,1471000061.0351562
2012-02-29 02:46:00,1.34821,1.34834,1.34814,1.3483,672699966.4306641
2012-02-29 02:47:00,1.3483,1.3483,1.34819,1.3482,390600013.73291016
2012-02-29 02:48:00,1.3482,1.34822,1.3481,1.34816,1315200042.7246094
2012-02-29 02:49:00,1.34816,1.34819,1.348,1.34818,1481999969.4824219
2012-02-29 02:50:00,1.34818,1.34828,1.34801,1.34813,2415700073.2421875
2012-02-29 02:51:00,1.34811,1.34811,1.3479,1.34798,2093399963.3789062
2012-02-29 02:52:00,1.34799,1.34801,1.3479,1.34801,1538699951.171875
2012-02-29 02:53:00,1.34801,1.34812,1.34801,1.34812,1574100036.6210938
2012-02-29 02:54:00,1.34812,1.34816,1.34809,1.34816,1499400024.4140625
2012-02-29 02:55:00,1.34816,1.34816,1.34804,1.34809,2551300048.828125
2012-02-29 02:56:00,1.34809,1.34823,1.34801,1.34819,1864299926.7578125
2012-02-29 02:57:00,1.34819,1.34819,1.34809,1.3481,1023899993.8964844
2012-02-29 02:58:00,1.3481,1.34811,1.34799,1.34806,1283500061.0351562
2012-02-29 02:59:00,1.34805,1.34817,1.34805,1.34817,1006399993.8964844
2012-02-29 03:00:00,1.34818,1.3482,1.34802,1.34803,1771100006.1035156
2012-02-29 03:01:00,1.34803,1.34805,1.34795,1.34798,1459799957.2753906
2012-02-29 03:02:00,1.34798,1.34805,1.34791,1.34793,763899993.8964844
2012-02-29 03:03:00,1.34793,1.34793,1.34769,1.34774,1090800018.3105469
2012-02-29 03:04:00,1.34774,1.34779,1.3477,1.34773,1231299972.5341797
2012-02-29 03:05:00,1.34773,1.34784,1.34773,1.34783,1287100067.1386719
2012-02-29 03:06:00,1.34781,1.34783,1.34773,1.34773,703799972.5341797
2012-02-29 03:07:00,1.34773,1.3478,1.34769,1.34772,988799972.5341797
2012-02-29 03:08:00,1.34771,1.34781,1.3477,1.34772,1331199951.171875
2012-02-29 03:09:00,1.3477,1.34782,1.34768,1.34778,977399978.6376953
2012-02-29 03:10:00,1.3478,1.34784,1.34768,1.34778,920699996.9482422
2012-02-29 03:11:00,1.34779,1.34793,1.34778,1.3478,971900024.4140625
2012-02-29 03:12:00,1.34783,1.34783,1.34775,1.34778,918199996.9482422
2012-02-29 03:13:00,1.34778,1.34778,1.34763,1.34763,554000015.2587891
2012-02-29 03:14:00,1.34765,1.34773,1.34758,1.34765,1117799987.7929688
2012-02-29 03:15:00,1.34765,1.34765,1.34748,1.34761,1205400009.1552734
2012-02-29 03:16:00,1.34761,1.34761,1.34758,1.34758,539599990.8447266
2012-02-29 03:17:00,1.34758,1.34758,1.34737,1.34749,1225500030.5175781
2012-02-29 03:18:00,1.34749,1.34759,1.34732,1.34751,1138499984.741211
2012-02-29 03:19:00,1.34752,1.34762,1.34751,1.34757,809100036.6210938
2012-02-29 03:20:00,1.34757,1.3476,1.34744,1.3475,943399963.3789062
2012-02-29 03:21:00,1.3475,1.34761,1.34745,1.34752,1031800003.0517578
2012-02-29 03:22:00,1.34752,1.34763,1.34748,1.34763,485400009.15527344
2012-02-29 03:23:00,1.34763,1.34763,1.34751,1.34755,653300018.3105469
2012-02-29 03:24:00,1.34755,1.34759,1.34752,1.34759,552700004.5776367
2012-02-29 03:25:00,1.34759,1.34761,1.34752,1.34761,342700004.5776367
2012-02-29 03:26:00,1.34762,1.34774,1.34758,1.3476,754199981.6894531
2012-02-29 03:27:00,1.34763,1.34763,1.34741,1.34753,1163700027.4658203
2012-02-29 03:28:00,1.34754,1.34765,1.34753,1.34765,659599990.8447266
2012-02-29 03:29:00,1.34765,1.34789,1.34765,1.34782,1124000015.258789
2012-02-29 03:30:00,1.34786,1.34805,1.34786,1.34798,1450500030.5175781
2012-02-29 03:31:00,1.34798,1.34803,1.34789,1.3479,1235199966.430664
2012-02-29 03:32:00,1.3479,1.34799,1.34782,1.34799,800699996.9482422
2012-02-29 03:33:00,1.34799,1.34824,1.34799,1.34817,1344299926.7578125
2012-02-29 03:34:00,1.34814,1.34816,1.34803,1.34815,1096699981.6894531
2012-02-29 03:35:00,1.34815,1.34821,1.34815,1.34821,372299995.4223633
2012-02-29 03:36:00,1.34823,1.34823,1.34807,1.3481,1281900024.4140625
2012-02-29 03:37:00,1.34812,1.3482,1.34805,1.34817,1668699951.171875
2012-02-29 03:38:00,1.3482,1.34821,1.34813,1.34816,1236299972.5341797
2012-02-29 03:39:00,1.34815,1.34821,1.34811,1.34814,1344400024.4140625
2012-02-29 03:40:00,1.34814,1.34814,1.34801,1.34801,799499969.4824219
2012-02-29 03:41:00,1.34801,1.34808,1.34799,1.34799,1349400024.4140625
2012-02-29 03:42:00,1.348,1.34806,1.34785,1.34799,1571300048.828125
2012-02-29 03:43:00,1.34799,1.34799,1.34778,1.34778,1594499969.4824219
2012-02-29 03:44:00,1.34778,1.34787,1.34769,1.34786,1375700073.2421875
2012-02-29 03:45:00,1.34787,1.3479,1.34777,1.34786,858799972.5341797
2012-02-29 03:46:00,1.34785,1.34797,1.34785,1.34796,791200027.4658203
2012-02-29 03:47:00,1.34797,1.34797,1.34781,1.34781,542599983.215332
2012-02-29 03:48:00,1.3478,1.34783,1.34771,1.34776,1390500030.5175781
2012-02-29 03:49:00,1.34777,1.34792,1.34776,1.34786,1144100036.6210938
2012-02-29 03:50:00,1.34786,1.34793,1.34786,1.34787,997600021.3623047
2012-02-29 03:51:00,1.34787,1.34787,1.34774,1.3478,748499984.7412109
2012-02-29 03:52:00,1.3478,1.34788,1.34773,1.34782,545000000.0
2012-02-29 03:53:00,1.34777,1.34782,1.34774,1.34777,635499992.3706055
2012-02-29 03:54:00,1.34775,1.34798,1.34771,1.34797,1184100036.6210938
2012-02-29 03:55:00,1.34797,1.34797,1.34789,1.3479,787500000.0
2012-02-29 03:56:00,1.3479,1.34792,1.34781,1.34789,1116399993.8964844
2012-02-29 03:57:00,1.34787,1.34788,1.3478,1.34787,589700012.2070312
2012-02-29 03:58:00,1.34784,1.34791,1.34779,1.34779,1269100036.6210938
2012-02-29 03:59:00,1.3478,1.3479,1.34775,1.34777,1030400009.1552734
2012-02-29 04:00:00,1.34777,1.3478,1.3477,1.3477,1084800033.569336
2012-02-29 04:01:00,1.34772,1.34774,1.3477,1.3477,290200004.5776367
2012-02-29 04:02:00,1.3477,1.34772,1.34766,1.34771,669700012.2070312
2012-02-29 04:03:00,1.34771,1.34781,1.34766,1.34769,1633200073.2421875
2012-02-29 04:04:00,1.34768,1.34776,1.34768,1.34769,1297200012.2070312
2012-02-29 04:05:00,1.34769,1.34778,1.34766,1.34773,1240400009.1552734
2012-02-29 04:06:00,1.34773,1.34776,1.34771,1.34775,456399993.8964844
2012-02-29 04:07:00,1.34775,1.34784,1.34775,1.34783,587099990.8447266
2012-02-29 04:08:00,1.34781,1.34781,1.34768,1.34778,1260899963.3789062
2012-02-29 04:09:00,1.34778,1.34782,1.34777,1.3478,357299995.4223633
2012-02-29 04:10:00,1.3478,1.34783,1.34779,1.3478,539199981.6894531
2012-02-29 04:11:00,1.3478,1.34782,1.34778,1.34778,323699989.31884766
2012-02-29 04:12:00,1.34779,1.34784,1.34773,1.34773,564300003.0517578
2012-02-29 04:13:00,1.34773,1.34773,1.34751,1.34751,1438600006.1035156
2012-02-29 04:14:00,1.34752,1.34764,1.34752,1.34764,980500030.5175781
2012-02-29 04:15:00,1.34763,1.34767,1.34752,1.34765,760299987.7929688
2012-02-29 04:16:00,1.34765,1.34769,1.3476,1.34766,730800018.3105469
2012-02-29 04:17:00,1.34766,1.34769,1.34763,1.34764,733799972.5341797
2012-02-29 04:18:00,1.34764,1.34768,1.34764,1.34765,487299995.4223633
2012-02-29 04:19:00,1.34767,1.34772,1.34762,1.34763,828499984.7412109
2012-02-29 04:20:00,1.34762,1.34768,1.3476,1.34762,303199996.9482422
2012-02-29 04:21:00,1.34762,1.34764,1.34762,1.34764,114499998.09265137
2012-02-29 04:22:00,1.34762,1.34777,1.34761,1.34772,1073899993.8964844
2012-02-29 04:23:00,1.34772,1.34774,1.34759,1.3476,867200012.2070312
2012-02-29 04:24:00,1.3476,1.3477,1.34752,1.3477,1039800033.5693359
2012-02-29 04:25:00,1.34772,1.34777,1.3477,1.34777,614099998.4741211
2012-02-29 04:26:00,1.34777,1.34781,1.34773,1.34774,665599975.5859375
2012-02-29 04:27:00,1.34778,1.34787,1.34775,1.34785,1104499969.4824219
2012-02-29 04:28:00,1.34786,1.34803,1.3478,1.34803,1320099945.0683594
2012-02-29 04:29:00,1.348,1.34809,1.34793,1.34793,1194199981.6894531
2012-02-29 04:30:00,1.34793,1.34806,1.34792,1.34792,825899963.3789062
2012-02-29 04:31:00,1.34792,1.34804,1.34789,1.34802,745800018.3105469
2012-02-29 04:32:00,1.34802,1.34812,1.34799,1.34811,784700012.2070312
2012-02-29 04:33:00,1.3481,1.34812,1.34799,1.34799,394099998.4741211
2012-02-29 04:34:00,1.348,1.34808,1.34797,1.34802,867600021.3623047
2012-02-29 04:35:00,1.348,1.348,1.34788,1.348,1483500061.0351562
2012-02-29 04:36:00,1.348,1.34804,1.34796,1.34803,794000015.2587891
2012-02-29 04:37:00,1.34802,1.34812,1.34788,1.34789,1010699996.9482422
2012-02-29 04:38:00,1.34793,1.34805,1.34793,1.34798,982200012.2070312
2012-02-29 04:39:00,1.34798,1.3481,1.34791,1.34794,1410899963.3789062
2012-02-29 04:40:00,1.34794,1.348,1.34793,1.348,472999992.37060547
2012-02-29 04:41:00,1.34802,1.34813,1.348,1.34813,957900009.1552734
2012-02-29 04:42:00,1.34813,1.34814,1.348,1.34802,868499984.7412109
2012-02-29 04:43:00,1.34802,1.34806,1.34799,1.34799,978899993.8964844
2012-02-29 04:44:00,1.348,1.34806,1.34795,1.34802,835299987.7929688
2012-02-29 04:45:00,1.34799,1.34817,1.34798,1.34812,1174100036.6210938
2012-02-29 04:46:00,1.34809,1.3482,1.34809,1.34814,993700027.4658203
2012-02-29 04:47:00,1.34814,1.34817,1.34813,1.34816,329000015.25878906
2012-02-29 04:48:00,1.34816,1.34822,1.34814,1.34819,759400024.4140625
2012-02-29 04:49:00,1.34819,1.34826,1.34812,1.34818,1143300018.3105469
2012-02-29 04:50:00,1.34818,1.34823,1.34817,1.34818,457599983.21533203
2012-02-29 04:51:00,1.34821,1.34826,1.34819,1.34819,320499992.37060547
2012-02-29 04:52:00,1.3482,1.34822,1.34818,1.34819,486699981.6894531
2012-02-29 04:53:00,1.34819,1.34839,1.34819,1.34839,830599975.5859375
2012-02-29 04:54:00,1.3484,1.34846,1.34837,1.34845,1538500061.0351562
2012-02-29 04:55:00,1.34843,1.3485,1.34842,1.34846,1643500061.0351562
2012-02-29 04:56:00,1.34846,1.34849,1.34842,1.34844,1593500061.0351562
2012-02-29 04:57:00,1.34844,1.34852,1.3484,1.3484,1257399978.6376953
2012-02-29 04:58:00,1.3484,1.34842,1.34834,1.34837,725999984.7412109
2012-02-29 04:59:00,1.34837,1.34839,1.34833,1.34837,486599998.4741211
2012-02-29 05:00:00,1.34837,1.34837,1.34819,1.34827,1111299972.5341797
2012-02-29 05:01:00,1.34828,1.34842,1.34823,1.34841,1937100067.1386719
2012-02-29 05:02:00,1.34841,1.34841,1.34822,1.34824,1958699951.171875
2012-02-29 05:03:00,1.34826,1.34835,1.34814,1.34835,1911499938.9648438
2012-02-29 05:04:00,1.34831,1.34841,1.34825,1.34841,1235000000.0
2012-02-29 05:05:00,1.34841,1.34846,1.34834,1.34843,1204499969.4824219
2012-02-29 05:06:00,1.34843,1.34846,1.34838,1.34839,1067799987.7929688
2012-02-29 05:07:00,1.34837,1.34838,1.34819,1.34828,1605099945.0683594
2012-02-29 05:08:00,1.34828,1.34837,1.34822,1.34822,2048099975.5859375
2012-02-29 05:09:00,1.34822,1.34841,1.34822,1.34827,1606300048.828125
2012-02-29 05:10:00,1.34826,1.34846,1.34826,1.34836,1500299987.7929688
2012-02-29 05:11:00,1.34836,1.34839,1.34822,1.34825,1351699981.6894531
2012-02-29 05:12:00,1.34825,1.3483,1.34819,1.34827,1526999969.4824219
2012-02-29 05:13:00,1.34827,1.34827,1.34817,1.34822,1082799987.7929688
2012-02-29 05:14:00,1.34822,1.34828,1.34815,1.34819,980699996.9482422
2012-02-29 05:15:00,1.34819,1.34832,1.34816,1.3483,775999984.7412109
2012-02-29 05:16:00,1.3483,1.34838,1.34826,1.34829,966100006.1035156
2012-02-29 05:17:00,1.34829,1.34833,1.34825,1.34832,473800010.68115234
2012-02-29 05:18:00,1.34832,1.34837,1.34829,1.34836,464500007.62939453
2012-02-29 05:19:00,1.34836,1.34853,1.34831,1.34833,1255899963.3789062
2012-02-29 05:20:00,1.34833,1.34836,1.34819,1.3482,1112699966.430664
2012-02-29 05:21:00,1.3482,1.34821,1.348,1.34803,1107200012.2070312
2012-02-29 05:22:00,1.34803,1.3482,1.348,1.34817,1265699996.9482422
2012-02-29 05:23:00,1.34817,1.34817,1.34805,1.34812,1082699966.430664
2012-02-29 05:24:00,1.34809,1.34812,1.3479,1.34807,1851600036.6210938
2012-02-29 05:25:00,1.34807,1.34814,1.34802,1.34803,724100036.6210938
2012-02-29 05:26:00,1.34802,1.34812,1.34802,1.34807,972399978.6376953
2012-02-29 05:27:00,1.34808,1.34808,1.34802,1.34803,1057799987.7929688
2012-02-29 05:28:00,1.34803,1.34809,1.34803,1.34809,440800018.3105469
2012-02-29 05:29:00,1.34809,1.3481,1.34801,1.34801,1154899978.6376953
2012-02-29 05:30:00,1.34801,1.34819,1.34801,1.34813,1434100036.6210938
2012-02-29 05:31:00,1.34811,1.34817,1.34803,1.34815,1544799957.2753906
2012-02-29 05:32:00,1.34815,1.34816,1.34804,1.34814,796100006.1035156
2012-02-29 05:33:00,1.34813,1.34818,1.34809,1.34815,881600036.6210938
2012-02-29 05:34:00,1.34815,1.34818,1.34807,1.34807,557500000.0
2012-02-29 05:35:00,1.34807,1.34815,1.34804,1.34804,984800033.5693359
2012-02-29 05:36:00,1.34804,1.34804,1.34781,1.34783,1237600021.3623047
2012-02-29 05:37:00,1.34783,1.34795,1.34757,1.3476,1840899963.3789062
2012-02-29 05:38:00,1.3476,1.3476,1.34742,1.34745,1855599975.5859375
2012-02-29 05:39:00,1.34745,1.34761,1.34745,1.34753,1781999969.4824219
2012-02-29 05:40:00,1.34755,1.34756,1.34741,1.34744,1306000061.0351562
2012-02-29 05:41:00,1.34744,1.34744,1.3472,1.34726,1325599975.5859375
2012-02-29 05:42:00,1.34726,1.34737,1.34725,1.34737,1719400024.4140625
2012-02-29 05:43:00,1.34739,1.34746,1.34736,1.34746,565900001.5258789
2012-02-29 05:44:00,1.34744,1.34744,1.34729,1.34735,765100021.3623047
2012-02-29 05:45:00,1.34735,1.34744,1.3473,1.34731,1615800018.3105469
2012-02-29 05:46:00,1.34731,1.34734,1.3473,1.34731,1093000030.5175781
2012-02-29 05:47:00,1.34731,1.34731,1.34726,1.34731,857200012.2070312
2012-02-29 05:48:00,1.34731,1.34731,1.34721,1.34728,865000000.0
2012-02-29 05:49:00,1.34728,1.34728,1.34704,1.34704,1685099945.0683594
2012-02-29 05:50:00,1.34702,1.3471,1.3469,1.34709,1620099945.0683594
2012-02-29 05:51:00,1.3471,1.34712,1.34708,1.34708,493899993.8964844
2012-02-29 05:52:00,1.34708,1.34708,1.34692,1.347,2057599945.0683594
2012-02-29 05:53:00,1.34698,1.347,1.34669,1.34671,1947899932.8613281
2012-02-29 05:54:00,1.34672,1.34683,1.34671,1.34679,1923200073.2421875
2012-02-29 05:55:00,1.34679,1.34704,1.34678,1.34702,1316199951.171875
2012-02-29 05:56:00,1.347,1.34713,1.34697,1.34709,1499100036.6210938
2012-02-29 05:57:00,1.34709,1.34714,1.34696,1.347,2429499969.482422
2012-02-29 05:58:00,1.34699,1.34699,1.34666,1.34672,1993500061.0351562
2012-02-29 05:59:00,1.34672,1.34685,1.34671,1.34682,1455500030.5175781
2012-02-29 06:00:00,1.34682,1.34703,1.34678,1.34697,2270000000.0
2012-02-29 06:01:00,1.34694,1.34699,1.34674,1.34676,1294299926.7578125
2012-02-29 06:02:00,1.34673,1.34689,1.3467,1.34678,2045200042.7246094
2012-02-29 06:03:00,1.3468,1.34686,1.34675,1.34675,1349499969.4824219
2012-02-29 06:04:00,1.34674,1.34684,1.34667,1.34673,1567400054.9316406
2012-02-29 06:05:00,1.34673,1.34683,1.34673,1.34683,1328500061.0351562
2012-02-29 06:06:00,1.34683,1.34689,1.34681,1.34682,1436499938.9648438
2012-02-29 06:07:00,1.34682,1.34689,1.34672,1.34689,1178099975.5859375
2012-02-29 06:08:00,1.34687,1.34688,1.3468,1.34686,997200012.2070312
2012-02-29 06:09:00,1.34686,1.34712,1.34683,1.347,1109899978.6376953
2012-02-29 06:10:00,1.347,1.34714,1.34688,1.34712,1838500061.0351562
2012-02-29 06:11:00,1.34712,1.34718,1.34708,1.3471,1398999938.9648438
2012-02-29 06:12:00,1.3471,1.34714,1.34685,1.34698,1604100036.6210938
2012-02-29 06:13:00,1.34697,1.34701,1.34684,1.3469,1176399993.8964844
2012-02-29 06:14:00,1.34689,1.34697,1.34689,1.34692,1064400024.4140625
2012-02-29 06:15:00,1.34692,1.34705,1.3469,1.34705,1079700012.2070312
2012-02-29 06:16:00,1.34705,1.34705,1.34699,1.34704,704800033.5693359
2012-02-29 06:17:00,1.34704,1.34722,1.34704,1.34713,1245299987.7929688
2012-02-29 06:18:00,1.34713,1.34727,1.34711,1.34727,1105299987.7929688
2012-02-29 06:19:00,1.34727,1.34727,1.34709,1.34715,1563399963.3789062
2012-02-29 06:20:00,1.34713,1.34731,1.34713,1.34728,1793800048.828125
2012-02-29 06:21:00,1.34729,1.34732,1.34719,1.34723,1085699996.9482422
2012-02-29 06:22:00,1.34722,1.34734,1.34722,1.3473,941200027.4658203
2012-02-29 06:23:00,1.3473,1.34741,1.3473,1.34736,1050999984.7412109
2012-02-29 06:24:00,1.34735,1.34746,1.34726,1.34737,1356199951.171875
2012-02-29 06:25:00,1.34737,1.34742,1.34731,1.34736,1205999984.741211
2012-02-29 06:26:00,1.34733,1.34744,1.34732,1.3474,1023499984.7412109
2012-02-29 06:27:00,1.3474,1.34748,1.34738,1.34744,1024899978.6376953
2012-02-29 06:28:00,1.34744,1.34744,1.34725,1.34726,926100006.1035156
2012-02-29 06:29:00,1.34726,1.34729,1.3467,1.34671,2034700012.2070312
2012-02-29 06:30:00,1.3467,1.34698,1.3467,1.34698,1611300048.828125
2012-02-29 06:31:00,1.34698,1.34714,1.34695,1.3471,1322899932.8613281
2012-02-29 06:32:00,1.3471,1.34714,1.34695,1.347,963799972.5341797
2012-02-29 06:33:00,1.347,1.3471,1.34692,1.34703,749899978.6376953
2012-02-29 06:34:00,1.34703,1.34708,1.34696,1.34701,712699966.4306641
2012-02-29 06:35:00,1.34701,1.34713,1.34701,1.34711,1153600006.1035156
2012-02-29 06:36:00,1.3471,1.3474,1.3471,1.34729,2058600006.1035156
2012-02-29 06:37:00,1.34731,1.34752,1.34729,1.34745,2343999938.9648438
2012-02-29 06:38:00,1.34746,1.34748,1.3473,1.34732,1359199981.6894531
2012-02-29 06:39:00,1.34731,1.3474,1.34728,1.34739,777399978.6376953
2012-02-29 06:40:00,1.34739,1.34741,1.34725,1.34729,1589700012.2070312
2012-02-29 06:41:00,1.34729,1.34729,1.34717,1.34725,1455399932.8613281
2012-02-29 06:42:00,1.34725,1.34731,1.34717,1.34723,1618099975.5859375
2012-02-29 06:43:00,1.34721,1.34721,1.34699,1.34713,2290500030.517578
2012-02-29 06:44:00,1.34716,1.34724,1.34704,1.34705,1288999938.9648438
2012-02-29 06:45:00,1.34705,1.34721,1.34699,1.34721,1416199951.171875
2012-02-29 06:46:00,1.34721,1.34721,1.3471,1.34714,1009499969.4824219
2012-02-29 06:47:00,1.34714,1.34736,1.34714,1.34736,427700004.5776367
2012-02-29 06:48:00,1.34736,1.34737,1.34724,1.34731,1193000030.5175781
2012-02-29 06:49:00,1.34731,1.34734,1.34727,1.34734,733899993.8964844
2012-02-29 06:50:00,1.34732,1.34734,1.34724,1.3473,642399978.6376953
2012-02-29 06:51:00,1.3473,1.34735,1.34723,1.34733,796100006.1035156
2012-02-29 06:52:00,1.34733,1.34742,1.34733,1.34742,968099975.5859375
2012-02-29 06:53:00,1.34745,1.34748,1.34732,1.34734,1014700012.2070312
2012-02-29 06:54:00,1.34734,1.34741,1.34731,1.34734,1261100006.1035156
2012-02-29 06:55:00,1.34735,1.34739,1.34726,1.34728,871699981.6894531
2012-02-29 06:56:00,1.34728,1.34731,1.34724,1.34731,811399993.8964844
2012-02-29 06:57:00,1.34731,1.34734,1.34727,1.34732,690400009.1552734
2012-02-29 06:58:00,1.34731,1.34731,1.34697,1.34711,1732500000.0
2012-02-29 06:59:00,1.3471,1.34741,1.34709,1.34732,1730099945.0683594
2012-02-29 07:00:00,1.34734,1.34748,1.34734,1.34735,1657700042.7246094
2012-02-29 07:01:00,1.34736,1.34775,1.34735,1.34772,2215000000.0
2012-02-29 07:02:00,1.34773,1.34785,1.34765,1.34784,2367100067.138672
2012-02-29 07:03:00,1.34782,1.34785,1.34768,1.34768,1428800048.828125
2012-02-29 07:04:00,1.34768,1.34771,1.34733,1.34739,1799199981.6894531
2012-02-29 07:05:00,1.34736,1.34762,1.34733,1.34738,1525200042.7246094
2012-02-29 07:06:00,1.34738,1.34756,1.34738,1.34745,1563399963.3789062
2012-02-29 07:07:00,1.34743,1.34743,1.34725,1.34737,2103399963.3789062
2012-02-29 07:08:00,1.34738,1.34738,1.34728,1.34728,592099990.8447266
2012-02-29 07:09:00,1.34729,1.34729,1.34716,1.34719,1271699981.6894531
2012-02-29 07:10:00,1.34719,1.34719,1.34669,1.3468,2190299987.7929688
2012-02-29 07:11:00,1.3468,1.34683,1.34638,1.34651,2745499877.9296875
2012-02-29 07:12:00,1.34651,1.34698,1.3465,1.34685,2122200012.2070312
2012-02-29 07:13:00,1.34685,1.34685,1.34658,1.3468,1893600006.1035156
2012-02-29 07:14:00,1.3468,1.34695,1.34666,1.34677,1893300018.3105469
2012-02-29 07:15:00,1.34677,1.34691,1.34663,1.34671,1794700012.2070312
2012-02-29 07:16:00,1.34671,1.34671,1.34658,1.34659,1709600067.1386719
2012-02-29 07:17:00,1.34658,1.34673,1.3464,1.3467,1587599945.0683594
2012-02-29 07:18:00,1.3467,1.34694,1.3467,1.34673,1211999969.4824219
2012-02-29 07:19:00,1.34672,1.34673,1.34633,1.34642,1841999969.4824219
2012-02-29 07:20:00,1.34642,1.34694,1.34642,1.34692,2218500061.0351562
2012-02-29 07:21:00,1.34692,1.34692,1.34659,1.34678,1906199951.171875
2012-02-29 07:22:00,1.34678,1.3468,1.3467,1.3468,1051600036.6210938
2012-02-29 07:23:00,1.34683,1.34683,1.34642,1.34642,1166699981.6894531
2012-02-29 07:24:00,1.34642,1.34655,1.34641,1.3465,2208200073.2421875
2012-02-29 07:25:00,1.34653,1.34676,1.34648,1.34665,1782599945.0683594
2012-02-29 07:26:00,1.34669,1.34676,1.34656,1.34665,1715299987.7929688
2012-02-29 07:27:00,1.34664,1.3467,1.34654,1.34669,1419299926.7578125
2012-02-29 07:28:00,1.34669,1.34671,1.34657,1.34666,1163099975.5859375
2012-02-29 07:29:00,1.34666,1.347,1.34665,1.34693,2470899963.3789062
2012-02-29 07:30:00,1.34691,1.34714,1.34691,1.34714,2237500000.0
2012-02-29 07:31:00,1.34714,1.34786,1.34714,1.34781,3267799987.7929688
2012-02-29 07:32:00,1.34782,1.34799,1.34769,1.34777,3237000122.0703125
2012-02-29 07:33:00,1.34777,1.34781,1.34764,1.34776,2507200012.2070312
2012-02-29 07:34:00,1.34776,1.34789,1.34765,1.34782,2414100036.6210938
2012-02-29 07:35:00,1.34778,1.34779,1.34743,1.34744,2510399932.861328
2012-02-29 07:36:00,1.34743,1.34745,1.3472,1.3472,2078300018.3105469
2012-02-29 07:37:00,1.3472,1.34728,1.34719,1.34719,1800899963.3789062
2012-02-29 07:38:00,1.34719,1.34726,1.34711,1.34715,1850800018.3105469
2012-02-29 07:39:00,1.34717,1.34743,1.34717,1.34728,1916399993.8964844
2012-02-29 07:40:00,1.34728,1.34732,1.34711,1.34711,2574800109.8632812
2012-02-29 07:41:00,1.34711,1.34743,1.3471,1.34741,1416999969.4824219
2012-02-29 07:42:00,1.3474,1.34744,1.34721,1.34722,1623999938.9648438
2012-02-29 07:43:00,1.34722,1.34726,1.3469,1.34695,1999199981.6894531
2012-02-29 07:44:00,1.34694,1.34698,1.34685,1.34686,920899963.3789062
2012-02-29 07:45:00,1.34688,1.34691,1.34632,1.34632,2582900085.4492188
2012-02-29 07:46:00,1.34631,1.34631,1.34587,1.34619,2658900146.484375
2012-02-29 07:47:00,1.34619,1.34634,1.34613,1.3463,1790599975.5859375
2012-02-29 07:48:00,1.3463,1.34662,1.3463,1.34653,1760700073.2421875
2012-02-29 07:49:00,1.34653,1.34653,1.34613,1.34638,1455700073.2421875
2012-02-29 07:50:00,1.34638,1.34649,1.34621,1.34647,2049199981.6894531
2012-02-29 07:51:00,1.34647,1.34647,1.34612,1.34629,2156999969.482422
2012-02-29 07:52:00,1.34629,1.34672,1.34626,1.34668,2348500061.0351562
2012-02-29 07:53:00,1.34668,1.34668,1.3464,1.34662,1590299987.7929688
2012-02-29 07:54:00,1.34662,1.34662,1.34646,1.34646,1170999984.741211
2012-02-29 07:55:00,1.34646,1.34646,1.34631,1.34637,1475399932.8613281
2012-02-29 07:56:00,1.34638,1.34638,1.34589,1.34594,2112700042.7246094
2012-02-29 07:57:00,1.34595,1.34623,1.34574,1.34621,1845899963.3789062
2012-02-29 07:58:00,1.34621,1.34624,1.34602,1.34613,1669400024.4140625
2012-02-29 07:59:00,1.34614,1.34637,1.34595,1.34601,2301100006.1035156
2012-02-29 08:00:00,1.34601,1.34615,1.34589,1.34604,3082699890.1367188
2012-02-29 08:01:00,1.34604,1.34613,1.3459,1.34594,2746099853.515625
2012-02-29 08:02:00,1.34593,1.34608,1.34591,1.34593,2375399932.861328
2012-02-29 08:03:00,1.34594,1.34598,1.34577,1.34582,2141199951.171875
2012-02-29 08:04:00,1.34582,1.34601,1.34579,1.34584,2526199951.171875
2012-02-29 08:05:00,1.34588,1.34615,1.34585,1.34602,1693000030.5175781
2012-02-29 08:06:00,1.34603,1.34631,1.34596,1.3462,2636199951.171875
2012-02-29 08:07:00,1.34619,1.34638,1.34582,1.34582,3068699951.171875
2012-02-29 08:08:00,1.34581,1.34592,1.34565,1.3459,2263000030.517578
2012-02-29 08:09:00,1.34588,1.34603,1.3458,1.34591,2077100067.1386719
2012-02-29 08:10:00,1.34591,1.34596,1.34548,1.34548,2360599975.5859375
2012-02-29 08:11:00,1.34547,1.34553,1.34521,1.34544,3030000000.0
2012-02-29 08:12:00,1.34545,1.34553,1.34515,1.3455,2255399932.861328
2012-02-29 08:13:00,1.3455,1.34561,1.34533,1.34544,2899299926.7578125
2012-02-29 08:14:00,1.34544,1.34575,1.34535,1.34573,1995599975.5859375
2012-02-29 08:15:00,1.34572,1.34614,1.34555,1.34614,3300700073.2421875
2012-02-29 08:16:00,1.34613,1.34623,1.34591,1.34605,2452599945.0683594
2012-02-29 08:17:00,1.34606,1.34613,1.34577,1.34588,2591099853.515625
2012-02-29 08:18:00,1.34588,1.34604,1.34576,1.34604,1626100006.1035156
2012-02-29 08:19:00,1.34609,1.34623,1.34607,1.34612,2085599975.5859375
2012-02-29 08:20:00,1.34612,1.34634,1.34607,1.34629,2484100036.6210938
2012-02-29 08:21:00,1.34629,1.34654,1.34628,1.34633,3203099975.5859375
2012-02-29 08:22:00,1.34632,1.34656,1.3463,1.34638,2551499938.9648438
2012-02-29 08:23:00,1.34638,1.34676,1.34624,1.34658,3595599975.5859375
2012-02-29 08:24:00,1.34658,1.34673,1.34647,1.34661,3347200012.2070312
2012-02-29 08:25:00,1.34661,1.34662,1.34647,1.34651,3149100036.6210938
2012-02-29 08:26:00,1.34654,1.34665,1.34647,1.34655,3522900085.4492188
2012-02-29 08:27:00,1.34655,1.34656,1.3464,1.34648,3206499938.9648438
2012-02-29 08:28:00,1.34648,1.34666,1.34646,1.34646,3307399902.34375
2012-02-29 08:29:00,1.34646,1.34646,1.34618,1.34623,2782000122.0703125
2012-02-29 08:30:00,1.34623,1.34647,1.34619,1.34647,2507700042.7246094
2012-02-29 08:31:00,1.34651,1.3466,1.34622,1.34645,2692000122.0703125
2012-02-29 08:32:00,1.34645,1.34658,1.34639,1.34647,2169900054.9316406
2012-02-29 08:33:00,1.34647,1.34659,1.3464,1.34655,2553600006.1035156
2012-02-29 08:34:00,1.34655,1.34664,1.3465,1.3466,2228699951.171875
2012-02-29 08:35:00,1.34661,1.34663,1.34648,1.34656,2457400054.9316406
2012-02-29 08:36:00,1.34656,1.34658,1.3464,1.3465,2177299957.2753906
2012-02-29 08:37:00,1.34652,1.34656,1.34643,1.34652,2396799926.7578125
2012-02-29 08:38:00,1.34652,1.34666,1.34649,1.34662,1752299957.2753906
2012-02-29 08:39:00,1.34662,1.34675,1.34662,1.34671,2491999969.482422
2012-02-29 08:40:00,1.34669,1.34672,1.34659,1.34661,2201699981.689453
2012-02-29 08:41:00,1.34664,1.34664,1.34639,1.34652,2412100067.138672
2012-02-29 08:42:00,1.34652,1.34652,1.34612,1.34612,2679800109.8632812
2012-02-29 08:43:00,1.34612,1.34618,1.34598,1.34613,2166699981.689453
2012-02-29 08:44:00,1.34613,1.34615,1.34589,1.34589,1776499938.9648438
2012-02-29 08:45:00,1.34589,1.34589,1.3456,1.34575,2628500061.0351562
2012-02-29 08:46:00,1.34575,1.34617,1.34574,1.34595,2668599853.515625
2012-02-29 08:47:00,1.34595,1.34616,1.34591,1.34616,2300299987.7929688
2012-02-29 08:48:00,1.34616,1.34616,1.346,1.34613,1908000030.5175781
2012-02-29 08:49:00,1.34613,1.34634,1.34613,1.34629,1626000061.0351562
2012-02-29 08:50:00,1.34623,1.34647,1.34621,1.34629,2666000061.0351562
2012-02-29 08:51:00,1.3463,1.34642,1.34609,1.34614,2567500000.0
2012-02-29 08:52:00,1.34612,1.34624,1.3459,1.34605,2482799987.7929688
2012-02-29 08:53:00,1.34603,1.34608,1.34576,1.34576,1727500000.0
2012-02-29 08:54:00,1.34575,1.34583,1.34568,1.34575,1876100006.1035156
2012-02-29 08:55:00,1.34575,1.34587,1.34571,1.34577,1612299957.2753906
2012-02-29 08:56:00,1.34576,1.34586,1.34561,1.34566,2176399993.8964844
2012-02-29 08:57:00,1.34566,1.34569,1.34551,1.34565,1469100036.6210938
2012-02-29 08:58:00,1.34565,1.34567,1.34485,1.34505,3886900024.4140625
2012-02-29 08:59:00,1.34505,1.34556,1.34502,1.34551,3247099914.5507812
2012-02-29 09:00:00,1.3455,1.34571,1.3455,1.34557,2345399932.861328
2012-02-29 09:01:00,1.34554,1.34577,1.34554,1.34575,1607700042.7246094
2012-02-29 09:02:00,1.34575,1.34578,1.34562,1.34562,1594400024.4140625
2012-02-29 09:03:00,1.34562,1.34567,1.34545,1.34555,2642000122.0703125
2012-02-29 09:04:00,1.34558,1.34575,1.34555,1.34564,2139499969.4824219
2012-02-29 09:05:00,1.34564,1.34604,1.34564,1.34601,1897799987.7929688
2012-02-29 09:06:00,1.34601,1.34606,1.34545,1.34572,3548599853.515625
2012-02-29 09:07:00,1.34571,1.34604,1.34567,1.34604,1846300048.828125
2012-02-29 09:08:00,1.34602,1.34608,1.34593,1.34594,1965099945.0683594
2012-02-29 09:09:00,1.34596,1.34605,1.34582,1.34603,1647400054.9316406
2012-02-29 09:10:00,1.34604,1.34614,1.34602,1.34613,1942100067.1386719
2012-02-29 09:11:00,1.34613,1.34613,1.34584,1.3459,1852100067.1386719
2012-02-29 09:12:00,1.34594,1.34596,1.34588,1.34592,1118000030.5175781
2012-02-29 09:13:00,1.34592,1.34596,1.34576,1.34584,1678000030.5175781
2012-02-29 09:14:00,1.34583,1.346,1.34569,1.34596,1966900024.4140625
2012-02-29 09:15:00,1.34594,1.34605,1.34578,1.34592,1687700042.7246094
2012-02-29 09:16:00,1.3459,1.34596,1.34574,1.34585,2183200073.2421875
2012-02-29 09:17:00,1.34583,1.34583,1.34551,1.34559,2268399963.3789062
2012-02-29 09:18:00,1.3456,1.34563,1.34552,1.34554,1446900024.4140625
2012-02-29 09:19:00,1.34554,1.34565,1.34552,1.34563,982600021.3623047
2012-02-29 09:20:00,1.34564,1.34575,1.34557,1.34565,1778800048.828125
2012-02-29 09:21:00,1.34565,1.34565,1.34554,1.34559,2406199951.171875
2012-02-29 09:22:00,1.34558,1.34567,1.34546,1.34554,1667299957.2753906
2012-02-29 09:23:00,1.34556,1.34563,1.34543,1.34548,2065700073.2421875
2012-02-29 09:24:00,1.34549,1.34561,1.34548,1.34551,1975399932.8613281
2012-02-29 09:25:00,1.34549,1.34561,1.34544,1.3455,2122899932.8613281
2012-02-29 09:26:00,1.34552,1.34596,1.34551,1.34589,2198399963.3789062
2012-02-29 09:27:00,1.34589,1.34607,1.34589,1.34591,1863899993.8964844
2012-02-29 09:28:00,1.34593,1.34618,1.34589,1.34615,2273399963.3789062
2012-02-29 09:29:00,1.34615,1.34617,1.3456,1.34567,1847700042.7246094
2012-02-29 09:30:00,1.34567,1.34575,1.34563,1.34574,1255000000.0
2012-02-29 09:31:00,1.34574,1.34591,1.34569,1.34579,1651600036.6210938
2012-02-29 09:32:00,1.3458,1.34602,1.34576,1.34596,2615299987.7929688
2012-02-29 09:33:00,1.34594,1.34596,1.34576,1.34576,1527400054.9316406
2012-02-29 09:34:00,1.34578,1.34591,1.34566,1.34581,1858399963.3789062
2012-02-29 09:35:00,1.3458,1.34588,1.34567,1.34576,1562500000.0
2012-02-29 09:36:00,1.34574,1.34602,1.34568,1.34572,1828300018.3105469
2012-02-29 09:37:00,1.34571,1.34583,1.34566,1.34576,2347700042.7246094
2012-02-29 09:38:00,1.34576,1.34583,1.34568,1.34578,1875000000.0
2012-02-29 09:39:00,1.34578,1.34583,1.34567,1.34568,1426000061.0351562
2012-02-29 09:40:00,1.34567,1.34567,1.34546,1.34561,2102799987.7929688
2012-02-29 09:41:00,1.34559,1.34559,1.34542,1.34548,2113600006.1035156
2012-02-29 09:42:00,1.34548,1.34557,1.34547,1.34552,1573899993.8964844
2012-02-29 09:43:00,1.34552,1.34553,1.34537,1.34546,1738600006.1035156
2012-02-29 09:44:00,1.34548,1.34557,1.3453,1.34534,2168899993.8964844
2012-02-29 09:45:00,1.34536,1.34549,1.34534,1.34546,1449600067.1386719
2012-02-29 09:46:00,1.34552,1.34566,1.34544,1.34563,1750000000.0
2012-02-29 09:47:00,1.34561,1.3457,1.34549,1.34563,2192299957.2753906
2012-02-29 09:48:00,1.34563,1.34565,1.34553,1.34559,1422100067.1386719
2012-02-29 09:49:00,1.34559,1.34585,1.34558,1.34584,1612100067.1386719
2012-02-29 09:50:00,1.34583,1.34601,1.34572,1.34599,2670499877.9296875
2012-02-29 09:51:00,1.346,1.34614,1.34593,1.34605,2372299957.2753906
2012-02-29 09:52:00,1.34605,1.34613,1.34597,1.34612,2126799926.7578125
2012-02-29 09:53:00,1.34614,1.34625,1.34604,1.34612,2452899932.861328
2012-02-29 09:54:00,1.34612,1.34612,1.34581,1.34594,1631900024.4140625
2012-02-29 09:55:00,1.34594,1.34612,1.34593,1.34604,1892400054.9316406
2012-02-29 09:56:00,1.34606,1.34613,1.34572,1.34573,2136199951.171875
2012-02-29 09:57:00,1.34573,1.34611,1.3457,1.34589,2587799987.7929688
2012-02-29 09:58:00,1.34585,1.34614,1.34579,1.34612,2506399993.8964844
2012-02-29 09:59:00,1.34613,1.34627,1.34607,1.34614,1860000000.0
2012-02-29 10:00:00,1.3461,1.34624,1.34608,1.34621,2149499969.482422
2012-02-29 10:01:00,1.34618,1.34624,1.34604,1.34621,2936300048.828125
2012-02-29 10:02:00,1.34623,1.34626,1.3461,1.3462,2191699981.689453
2012-02-29 10:03:00,1.34618,1.34618,1.34579,1.34587,2371100006.1035156
2012-02-29 10:04:00,1.34585,1.34593,1.3458,1.34586,1854100036.6210938
2012-02-29 10:05:00,1.34586,1.34605,1.34574,1.34598,2793599853.515625
2012-02-29 10:06:00,1.34599,1.34614,1.34591,1.34611,2749700012.2070312
2012-02-29 10:07:00,1.34612,1.34635,1.34609,1.34631,2115800018.3105469
2012-02-29 10:08:00,1.3463,1.34637,1.3462,1.34624,2710100097.65625
2012-02-29 10:09:00,1.34624,1.34634,1.34617,1.3462,2361900024.4140625
2012-02-29 10:10:00,1.3462,1.34646,1.3462,1.34644,2207899932.861328
2012-02-29 10:11:00,1.34646,1.34665,1.34639,1.34646,2147200012.2070312
2012-02-29 10:12:00,1.34644,1.34671,1.34638,1.34671,2495899963.3789062
2012-02-29 10:13:00,1.3467,1.34673,1.34632,1.34642,2379499969.482422
2012-02-29 10:14:00,1.34647,1.34656,1.3464,1.34651,1860299987.7929688
2012-02-29 10:15:00,1.34651,1.34656,1.34645,1.34655,2171000061.0351562
2012-02-29 10:16:00,1.34655,1.34689,1.3464,1.34673,2646900024.4140625
2012-02-29 10:17:00,1.34674,1.34732,1.34663,1.34721,2852399902.34375
2012-02-29 10:18:00,1.3472,1.3472,1.34701,1.34716,2956700134.2773438
2012-02-29 10:19:00,1.34716,1.34724,1.34641,1.34676,3524800109.8632812
2012-02-29 10:20:00,1.34674,1.34678,1.34641,1.34646,3194500122.0703125
2012-02-29 10:21:00,1.34647,1.34666,1.34633,1.34633,2669700012.2070312
2012-02-29 10:22:00,1.3463,1.34673,1.34624,1.34671,3324700012.2070312
2012-02-29 10:23:00,1.34672,1.34711,1.34658,1.34698,2768399963.3789062
2012-02-29 10:24:00,1.34699,1.3472,1.34695,1.34702,2605100097.65625
2012-02-29 10:25:00,1.34702,1.34707,1.34628,1.3463,2712999877.9296875
2012-02-29 10:26:00,1.34632,1.34633,1.34456,1.34465,4275299987.7929688
2012-02-29 10:27:00,1.34465,1.34592,1.34464,1.34591,5934600219.7265625
2012-02-29 10:28:00,1.34594,1.34647,1.34573,1.34573,4886900024.4140625
2012-02-29 10:29:00,1.34571,1.34653,1.34527,1.34633,4926099853.515625
2012-02-29 10:30:00,1.34634,1.34701,1.34621,1.34634,4394100036.621094
2012-02-29 10:31:00,1.34635,1.34668,1.3462,1.34654,3616199951.171875
2012-02-29 10:32:00,1.34655,1.34705,1.34639,1.34701,4720499877.9296875
2012-02-29 10:33:00,1.34697,1.34697,1.34538,1.34538,4063699951.171875
2012-02-29 10:34:00,1.34537,1.34538,1.34444,1.34464,3003599853.515625
2012-02-29 10:35:00,1.34458,1.34503,1.34424,1.34433,3703699951.171875
2012-02-29 10:36:00,1.3443,1.34461,1.34385,1.34442,3522600097.65625
2012-02-29 10:37:00,1.34441,1.34457,1.34387,1.34388,4703200073.2421875
2012-02-29 10:38:00,1.34387,1.34408,1.34348,1.34368,3977799987.7929688
2012-02-29 10:39:00,1.3437,1.34462,1.3437,1.34433,3271099853.515625
2012-02-29 10:40:00,1.34433,1.34434,1.34369,1.34387,4123200073.2421875
2012-02-29 10:41:00,1.34388,1.34424,1.343,1.34302,4174100036.6210938
2012-02-29 10:42:00,1.343,1.34358,1.34291,1.34348,4112300109.8632812
2012-02-29 10:43:00,1.34348,1.34353,1.34252,1.34258,4269200134.2773438
2012-02-29 10:44:00,1.3426,1.34334,1.34259,1.34322,4231300048.828125
2012-02-29 10:45:00,1.34327,1.34341,1.34291,1.34327,4095700073.2421875
2012-02-29 10:46:00,1.34331,1.34331,1.34265,1.34293,3644500122.0703125
2012-02-29 10:47:00,1.34295,1.3433,1.34282,1.34293,3419200134.2773438
2012-02-29 10:48:00,1.34294,1.34385,1.34294,1.34365,3000199890.1367188
2012-02-29 10:49:00,1.34368,1.34396,1.34353,1.34385,3824500122.0703125
2012-02-29 10:50:00,1.34385,1.34408,1.3436,1.34397,3496799926.7578125
2012-02-29 10:51:00,1.34398,1.34406,1.34376,1.34395,2742600097.65625
2012-02-29 10:52:00,1.34395,1.34429,1.34373,1.34403,3327600097.65625
2012-02-29 10:53:00,1.34405,1.34446,1.34393,1.34437,2948900146.484375
2012-02-29 10:54:00,1.34437,1.34447,1.34415,1.34429,3336199951.171875
2012-02-29 10:55:00,1.34426,1.34426,1.34373,1.34385,3401900024.4140625
2012-02-29 10:56:00,1.34385,1.34397,1.34356,1.34359,1987599945.0683594
2012-02-29 10:57:00,1.34359,1.34359,1.34338,1.34341,2711300048.828125
2012-02-29 10:58:00,1.34341,1.34408,1.34339,1.34408,2859500122.0703125
2012-02-29 10:59:00,1.34409,1.34423,1.34385,1.34423,3225199890.1367188
2012-02-29 11:00:00,1.34423,1.34427,1.34406,1.34417,2718999938.9648438
2012-02-29 11:01:00,1.34414,1.34447,1.34404,1.34434,3299899902.34375
2012-02-29 11:02:00,1.34433,1.34448,1.34424,1.34437,2373999938.9648438
2012-02-29 11:03:00,1.34437,1.34437,1.34385,1.34413,3001400146.484375
2012-02-29 11:04:00,1.34414,1.34414,1.34356,1.34356,2806300048.828125
2012-02-29 11:05:00,1.34356,1.34356,1.34301,1.34306,3238099975.5859375
2012-02-29 11:06:00,1.34305,1.34339,1.34279,1.34335,2809500122.0703125
2012-02-29 11:07:00,1.34334,1.34352,1.34323,1.34332,3013599853.515625
2012-02-29 11:08:00,1.34333,1.34337,1.34299,1.34314,3060899963.3789062
2012-02-29 11:09:00,1.34314,1.34365,1.34314,1.34364,2086900024.4140625
2012-02-29 11:10:00,1.34366,1.34378,1.34343,1.34351,2336699981.689453
2012-02-29 11:11:00,1.34351,1.34354,1.34313,1.34313,2540500030.517578
2012-02-29 11:12:00,1.34311,1.3432,1.34292,1.34318,2031999969.4824219
2012-02-29 11:13:00,1.34319,1.34395,1.34319,1.34395,2361999969.482422
2012-02-29 11:14:00,1.34388,1.34397,1.34376,1.34386,2234299926.7578125
2012-02-29 11:15:00,1.34388,1.34426,1.34386,1.34415,2449199981.689453
2012-02-29 11:16:00,1.34415,1.34415,1.3436,1.34361,2968900146.484375
2012-02-29 11:17:00,1.34361,1.34364,1.34335,1.34351,2884700012.2070312
2012-02-29 11:18:00,1.34351,1.34358,1.34341,1.34354,1941199951.171875
2012-02-29 11:19:00,1.34354,1.34359,1.34345,1.34355,2093000030.5175781
2012-02-29 11:20:00,1.34355,1.34357,1.34328,1.34333,3360799865.7226562
2012-02-29 11:21:00,1.34336,1.34336,1.34303,1.34322,2216300048.828125
2012-02-29 11:22:00,1.34319,1.34329,1.34305,1.34325,2339299926.7578125
2012-02-29 11:23:00,1.34329,1.34348,1.34314,1.34343,2280000000.0
2012-02-29 11:24:00,1.34343,1.34355,1.34332,1.34351,2555200042.7246094
2012-02-29 11:25:00,1.34351,1.34377,1.34341,1.34362,2408999938.9648438
2012-02-29 11:26:00,1.34363,1.34383,1.34363,1.34378,2435099945.0683594
2012-02-29 11:27:00,1.3438,1.3438,1.34335,1.34343,2160099945.0683594
2012-02-29 11:28:00,1.34345,1.34374,1.3434,1.34372,2299900054.9316406
2012-02-29 11:29:00,1.34372,1.34396,1.34363,1.3437,3537799987.7929688
2012-02-29 11:30:00,1.3437,1.34377,1.34361,1.34373,1861300048.828125
2012-02-29 11:31:00,1.34373,1.34377,1.34353,1.34371,2141699981.6894531
2012-02-29 11:32:00,1.3437,1.3437,1.34351,1.34355,1430599975.5859375
2012-02-29 11:33:00,1.34355,1.34356,1.34326,1.34334,2500299987.7929688
2012-02-29 11:34:00,1.34334,1.34348,1.34322,1.34337,2062500000.0
2012-02-29 11:35:00,1.34337,1.34348,1.34335,1.34342,1430200042.7246094
2012-02-29 11:36:00,1.34342,1.34344,1.34322,1.34322,2031199951.171875
2012-02-29 11:37:00,1.34322,1.34341,1.34319,1.34321,1632100067.1386719
2012-02-29 11:38:00,1.34321,1.34325,1.3428,1.34304,2524499969.482422
2012-02-29 11:39:00,1.3431,1.34314,1.34257,1.3426,2842900085.4492188
2012-02-29 11:40:00,1.3426,1.34267,1.34215,1.34267,4044899902.34375
2012-02-29 11:41:00,1.34268,1.34334,1.34268,1.34333,3299800109.8632812
2012-02-29 11:42:00,1.34333,1.34333,1.34312,1.34331,2830100097.65625
2012-02-29 11:43:00,1.34331,1.34353,1.34324,1.34348,3130599975.5859375
2012-02-29 11:44:00,1.34349,1.34392,1.34349,1.34388,2056900024.4140625
2012-02-29 11:45:00,1.34386,1.34401,1.3436,1.34376,2497100067.138672
2012-02-29 11:46:00,1.34376,1.34402,1.34371,1.34386,2264900054.9316406
2012-02-29 11:47:00,1.34386,1.34386,1.3436,1.34371,1703500061.0351562
2012-02-29 11:48:00,1.34371,1.34371,1.34361,1.34361,721600036.6210938
2012-02-29 11:49:00,1.34361,1.34361,1.34316,1.34341,2444499969.482422
2012-02-29 11:50:00,1.3434,1.34346,1.34332,1.3434,1530299987.7929688
2012-02-29 11:51:00,1.3434,1.34399,1.34339,1.34393,2632500000.0
2012-02-29 11:52:00,1.34393,1.34411,1.34383,1.34384,2194799957.2753906
2012-02-29 11:53:00,1.34384,1.34385,1.3436,1.34382,2161399993.8964844
2012-02-29 11:54:00,1.34382,1.34385,1.34375,1.34383,1314900054.9316406
2012-02-29 11:55:00,1.34383,1.3441,1.34373,1.34373,2209299926.7578125
2012-02-29 11:56:00,1.34373,1.34383,1.34369,1.34379,1640200042.7246094
2012-02-29 11:57:00,1.34379,1.34392,1.3436,1.34386,2048600006.1035156
2012-02-29 11:58:00,1.34384,1.34406,1.34384,1.34403,2527400054.9316406
2012-02-29 11:59:00,1.34401,1.34418,1.34379,1.34418,2113899993.8964844
2012-02-29 12:00:00,1.3442,1.34486,1.34417,1.34486,3610499877.9296875
2012-02-29 12:01:00,1.34484,1.3452,1.34479,1.34519,3396099853.515625
2012-02-29 12:02:00,1.34521,1.34556,1.34511,1.34551,4164800109.8632812
2012-02-29 12:03:00,1.34549,1.34563,1.34512,1.34514,2702099914.5507812
2012-02-29 12:04:00,1.34514,1.34525,1.34508,1.34522,1993000030.5175781
2012-02-29 12:05:00,1.34522,1.3454,1.34518,1.34531,2574700012.2070312
2012-02-29 12:06:00,1.34531,1.34531,1.34509,1.3452,2018999938.9648438
2012-02-29 12:07:00,1.34521,1.34544,1.34521,1.34528,2594599914.5507812
2012-02-29 12:08:00,1.34528,1.34528,1.34449,1.34449,3331700134.2773438
2012-02-29 12:09:00,1.34449,1.34463,1.3444,1.34462,2951700134.2773438
2012-02-29 12:10:00,1.34462,1.34486,1.34459,1.34484,1031200027.4658203
2012-02-29 12:11:00,1.34486,1.34489,1.34472,1.34472,1028499984.7412109
2012-02-29 12:12:00,1.34471,1.34471,1.3445,1.34453,2294600067.138672
2012-02-29 12:13:00,1.34452,1.3446,1.34425,1.34447,2395299987.7929688
2012-02-29 12:14:00,1.34442,1.34467,1.34433,1.34463,2096699981.6894531
2012-02-29 12:15:00,1.34467,1.34474,1.34466,1.34466,1339700012.2070312
2012-02-29 12:16:00,1.34469,1.34501,1.34464,1.34501,1829100036.6210938
2012-02-29 12:17:00,1.34498,1.34504,1.34476,1.34482,1375099945.0683594
2012-02-29 12:18:00,1.34482,1.34499,1.34478,1.34495,1344900054.9316406
2012-02-29 12:19:00,1.34496,1.34497,1.34462,1.34474,1123000030.5175781
2012-02-29 12:20:00,1.34473,1.34473,1.34462,1.34464,1514600067.1386719
2012-02-29 12:21:00,1.34465,1.34499,1.34457,1.34478,1990000000.0
2012-02-29 12:22:00,1.34475,1.34477,1.34462,1.34472,1562599945.0683594
2012-02-29 12:23:00,1.34471,1.34502,1.34468,1.34495,1654600067.1386719
2012-02-29 12:24:00,1.34495,1.34503,1.34461,1.34464,1987599945.0683594
2012-02-29 12:25:00,1.34464,1.34475,1.34453,1.34467,2365800018.310547
2012-02-29 12:26:00,1.34467,1.34513,1.34463,1.34505,1532500000.0
2012-02-29 12:27:00,1.34505,1.34549,1.34504,1.34547,2563500061.0351562
2012-02-29 12:28:00,1.34548,1.34554,1.3452,1.3452,3225499877.9296875
2012-02-29 12:29:00,1.3452,1.34543,1.34504,1.34513,2690000000.0
2012-02-29 12:30:00,1.34514,1.34514,1.34477,1.34477,2476000061.0351562
2012-02-29 12:31:00,1.34477,1.34487,1.3447,1.34472,1814700012.2070312
2012-02-29 12:32:00,1.34471,1.34473,1.34461,1.34462,1388699951.171875
2012-02-29 12:33:00,1.34463,1.34482,1.34453,1.34455,1695099945.0683594
2012-02-29 12:34:00,1.34453,1.34458,1.34418,1.34423,1662400054.9316406
2012-02-29 12:35:00,1.34426,1.34449,1.34407,1.34445,2582699890.1367188
2012-02-29 12:36:00,1.34444,1.34472,1.34443,1.34464,1643300018.3105469
2012-02-29 12:37:00,1.34463,1.34466,1.34447,1.34459,2148000030.517578
2012-02-29 12:38:00,1.34458,1.34463,1.34446,1.34455,1575099945.0683594
2012-02-29 12:39:00,1.34455,1.34462,1.34443,1.34461,1067900009.1552734
2012-02-29 12:40:00,1.34461,1.34515,1.34461,1.34508,2321999969.482422
2012-02-29 12:41:00,1.34508,1.34523,1.34498,1.34516,1489199981.6894531
2012-02-29 12:42:00,1.34519,1.34526,1.34513,1.34524,1267799987.7929688
2012-02-29 12:43:00,1.34522,1.34556,1.34522,1.34532,1483899993.8964844
2012-02-29 12:44:00,1.34535,1.34552,1.34533,1.3455,2263600006.1035156
2012-02-29 12:45:00,1.3455,1.3455,1.34539,1.34543,1425700073.2421875
2012-02-29 12:46:00,1.34543,1.34547,1.34514,1.34531,1987100067.1386719
2012-02-29 12:47:00,1.34531,1.34531,1.34506,1.34516,2460099945.0683594
2012-02-29 12:48:00,1.34517,1.34521,1.34478,1.34483,2709400024.4140625
2012-02-29 12:49:00,1.34483,1.34507,1.34478,1.34497,1911399993.8964844
2012-02-29 12:50:00,1.34498,1.34499,1.34452,1.34455,2541600036.6210938
2012-02-29 12:51:00,1.34455,1.34482,1.34445,1.34477,2367799987.7929688
2012-02-29 12:52:00,1.34477,1.34504,1.34477,1.3449,1875399932.8613281
2012-02-29 12:53:00,1.34489,1.34506,1.34489,1.34495,1155699996.9482422
2012-02-29 12:54:00,1.34493,1.34497,1.34476,1.34494,1357799987.7929688
2012-02-29 12:55:00,1.34493,1.34493,1.34462,1.34463,1667100067.1386719
2012-02-29 12:56:00,1.34462,1.34464,1.3444,1.34442,1436999969.4824219
2012-02-29 12:57:00,1.34442,1.34446,1.34395,1.34409,2185899963.3789062
2012-02-29 12:58:00,1.34409,1.34429,1.34405,1.34408,2382799987.7929688
2012-02-29 12:59:00,1.34411,1.34412,1.34355,1.34355,2562399902.34375
2012-02-29 13:00:00,1.34362,1.34367,1.34345,1.34362,2364299926.7578125
2012-02-29 13:01:00,1.34362,1.34377,1.34361,1.34365,2605299987.7929688
2012-02-29 13:02:00,1.34365,1.344,1.34365,1.3439,2731000061.0351562
2012-02-29 13:03:00,1.34389,1.34413,1.34387,1.34411,1583999938.9648438
2012-02-29 13:04:00,1.34411,1.34434,1.34405,1.34423,2767399902.34375
2012-02-29 13:05:00,1.34423,1.34434,1.34401,1.3443,2291999969.482422
2012-02-29 13:06:00,1.34429,1.34458,1.34425,1.34458,2445200042.7246094
2012-02-29 13:07:00,1.34458,1.34464,1.34433,1.34448,2894700012.2070312
2012-02-29 13:08:00,1.34448,1.34448,1.34404,1.34407,2283600006.1035156
2012-02-29 13:09:00,1.34407,1.34443,1.34404,1.34436,3146000061.0351562
2012-02-29 13:10:00,1.34437,1.34467,1.34437,1.34463,2801700134.2773438
2012-02-29 13:11:00,1.34463,1.34463,1.34426,1.34442,2605400085.4492188
2012-02-29 13:12:00,1.34439,1.34439,1.34413,1.34415,1863899993.8964844
2012-02-29 13:13:00,1.34416,1.34449,1.34415,1.34449,2078699951.171875
2012-02-29 13:14:00,1.34449,1.34449,1.344,1.34421,2485599975.5859375
2012-02-29 13:15:00,1.34421,1.34442,1.34413,1.34429,2815799865.7226562
2012-02-29 13:16:00,1.34428,1.34439,1.34417,1.34436,2018399963.3789062
2012-02-29 13:17:00,1.34436,1.34463,1.34423,1.34452,2054299926.7578125
2012-02-29 13:18:00,1.34452,1.34465,1.34437,1.34455,2411199951.171875
2012-02-29 13:19:00,1.34454,1.34481,1.3445,1.34476,1741199951.171875
2012-02-29 13:20:00,1.34478,1.34484,1.34451,1.34456,1978800048.828125
2012-02-29 13:21:00,1.34456,1.34504,1.34452,1.34491,2226799926.7578125
2012-02-29 13:22:00,1.3449,1.34503,1.34481,1.34486,2090399932.8613281
2012-02-29 13:23:00,1.34485,1.34501,1.34483,1.34501,2109400024.4140625
2012-02-29 13:24:00,1.34499,1.34499,1.34471,1.34491,1968500061.0351562
2012-02-29 13:25:00,1.34491,1.34503,1.34477,1.34484,1473600006.1035156
2012-02-29 13:26:00,1.3448,1.34484,1.34471,1.34472,953099975.5859375
2012-02-29 13:27:00,1.34471,1.34471,1.34408,1.34409,2410399932.861328
2012-02-29 13:28:00,1.34409,1.34454,1.34409,1.34451,2023200073.2421875
2012-02-29 13:29:00,1.34451,1.34466,1.34444,1.34446,2533399963.3789062
2012-02-29 13:30:00,1.34456,1.34504,1.3445,1.34495,3155400085.4492188
2012-02-29 13:31:00,1.34492,1.34505,1.3447,1.3447,2949400024.4140625
2012-02-29 13:32:00,1.34469,1.34469,1.34416,1.34416,2639100036.6210938
2012-02-29 13:33:00,1.34415,1.34415,1.34374,1.34404,3348099975.5859375
2012-02-29 13:34:00,1.34404,1.34437,1.34394,1.34435,2093300018.3105469
2012-02-29 13:35:00,1.34434,1.34434,1.34372,1.34382,2542299957.2753906
2012-02-29 13:36:00,1.34377,1.34384,1.34364,1.34367,2150099945.0683594
2012-02-29 13:37:00,1.34367,1.34387,1.34367,1.34384,2320899963.3789062
2012-02-29 13:38:00,1.34383,1.34386,1.34373,1.3438,1284600067.1386719
2012-02-29 13:39:00,1.3438,1.34409,1.3438,1.34385,2500700073.2421875
2012-02-29 13:40:00,1.34382,1.34422,1.3438,1.34384,2670499877.9296875
2012-02-29 13:41:00,1.34385,1.34401,1.34366,1.34401,2112700042.7246094
2012-02-29 13:42:00,1.34401,1.34424,1.3438,1.34393,2673699951.171875
2012-02-29 13:43:00,1.34393,1.34404,1.34393,1.34401,1626600036.6210938
2012-02-29 13:44:00,1.34399,1.34455,1.3438,1.34447,3171900024.4140625
2012-02-29 13:45:00,1.34446,1.34447,1.34423,1.34433,1842400054.9316406
2012-02-29 13:46:00,1.34431,1.34436,1.34422,1.34436,1573800048.828125
2012-02-29 13:47:00,1.34434,1.34455,1.34433,1.34455,1594199981.6894531
2012-02-29 13:48:00,1.34455,1.34473,1.34441,1.34464,1714100036.6210938
2012-02-29 13:49:00,1.34463,1.34472,1.34443,1.34443,1680599975.5859375
2012-02-29 13:50:00,1.34443,1.34443,1.34411,1.34423,2587099914.5507812
2012-02-29 13:51:00,1.34423,1.34427,1.34416,1.34424,2031199951.171875
2012-02-29 13:52:00,1.34424,1.34464,1.34423,1.34452,2529799957.2753906
2012-02-29 13:53:00,1.34451,1.34466,1.34441,1.34454,2318500061.0351562
2012-02-29 13:54:00,1.34454,1.34465,1.34442,1.34454,1800899963.3789062
2012-02-29 13:55:00,1.34454,1.34454,1.34423,1.34432,2699500122.0703125
2012-02-29 13:56:00,1.34433,1.34434,1.34423,1.34423,932500000.0
2012-02-29 13:57:00,1.34422,1.34442,1.34412,1.34439,1922299957.2753906
2012-02-29 13:58:00,1.34444,1.34444,1.34424,1.34424,2308200073.2421875
2012-02-29 13:59:00,1.34424,1.34429,1.34406,1.34406,2169199981.689453
2012-02-29 14:00:00,1.34406,1.34415,1.344,1.34412,2533699951.171875
2012-02-29 14:01:00,1.34413,1.34424,1.34408,1.34413,1742599945.0683594
2012-02-29 14:02:00,1.34418,1.34456,1.34418,1.34427,2349700012.2070312
2012-02-29 14:03:00,1.34429,1.34439,1.34422,1.34423,1834600067.1386719
2012-02-29 14:04:00,1.34423,1.34443,1.3441,1.34443,2434299926.7578125
2012-02-29 14:05:00,1.34443,1.34459,1.34425,1.34436,1961999969.4824219
2012-02-29 14:06:00,1.34438,1.34443,1.3442,1.34426,1458200073.2421875
2012-02-29 14:07:00,1.34426,1.34458,1.34425,1.34446,1854700012.2070312
2012-02-29 14:08:00,1.34446,1.34467,1.3444,1.34462,1863600006.1035156
2012-02-29 14:09:00,1.34461,1.34472,1.3444,1.34444,1716300048.828125
2012-02-29 14:10:00,1.34444,1.34466,1.3444,1.34463,1816699981.6894531
2012-02-29 14:11:00,1.34463,1.34463,1.34447,1.34459,2414400024.4140625
2012-02-29 14:12:00,1.34459,1.34477,1.34439,1.34439,2087500000.0
2012-02-29 14:13:00,1.34435,1.34448,1.34432,1.34437,1031100006.1035156
2012-02-29 14:14:00,1.34437,1.34445,1.34415,1.34433,2507400054.9316406
2012-02-29 14:15:00,1.34434,1.34475,1.34434,1.34475,2390899963.3789062
2012-02-29 14:16:00,1.34475,1.34478,1.34452,1.34464,1649900054.9316406
2012-02-29 14:17:00,1.34464,1.34473,1.34444,1.34457,2352500000.0
2012-02-29 14:18:00,1.34458,1.34458,1.34434,1.34444,2023300018.3105469
2012-02-29 14:19:00,1.34441,1.34445,1.34433,1.34445,854499969.4824219
2012-02-29 14:20:00,1.34445,1.34461,1.34444,1.34453,1418999938.9648438
2012-02-29 14:21:00,1.34453,1.34467,1.34444,1.34458,1528200073.2421875
2012-02-29 14:22:00,1.34458,1.34465,1.34439,1.34441,1265599975.5859375
2012-02-29 14:23:00,1.34444,1.34456,1.34433,1.34448,1680399932.8613281
2012-02-29 14:24:00,1.34449,1.34457,1.34432,1.34444,1811499938.9648438
2012-02-29 14:25:00,1.34444,1.34444,1.34421,1.34422,1658500061.0351562
2012-02-29 14:26:00,1.34425,1.34465,1.34423,1.34449,2778399963.3789062
2012-02-29 14:27:00,1.34448,1.34485,1.34445,1.34481,1971699981.6894531
2012-02-29 14:28:00,1.3448,1.34486,1.34465,1.3447,1598600006.1035156
2012-02-29 14:29:00,1.3447,1.34486,1.34458,1.3447,2148800048.828125
2012-02-29 14:30:00,1.34471,1.34536,1.34471,1.3452,3033299865.7226562
2012-02-29 14:31:00,1.3452,1.34537,1.34499,1.34537,2508099975.5859375
2012-02-29 14:32:00,1.34538,1.34556,1.34523,1.34535,3250899963.3789062
2012-02-29 14:33:00,1.34535,1.34535,1.34514,1.34518,2187200012.2070312
2012-02-29 14:34:00,1.34518,1.34525,1.34508,1.3452,2373600006.1035156
2012-02-29 14:35:00,1.34521,1.34563,1.34518,1.34552,3208699951.171875
2012-02-29 14:36:00,1.34552,1.34554,1.34522,1.34522,3241400146.484375
2012-02-29 14:37:00,1.34522,1.34524,1.34499,1.34502,2692000122.0703125
2012-02-29 14:38:00,1.345,1.34527,1.34475,1.34504,2945799865.7226562
2012-02-29 14:39:00,1.34504,1.34512,1.34473,1.34478,2822699890.1367188
2012-02-29 14:40:00,1.34477,1.34484,1.34471,1.34474,1930899963.3789062
2012-02-29 14:41:00,1.34474,1.34489,1.34464,1.34485,2450099945.0683594
2012-02-29 14:42:00,1.34485,1.3451,1.34485,1.34502,3288599853.515625
2012-02-29 14:43:00,1.34504,1.34532,1.345,1.34509,2280899963.3789062
2012-02-29 14:44:00,1.34508,1.3452,1.34482,1.34513,3135299987.7929688
2012-02-29 14:45:00,1.34516,1.34556,1.34488,1.34553,3889100036.6210938
2012-02-29 14:46:00,1.34554,1.34554,1.34513,1.34516,2767999877.9296875
2012-02-29 14:47:00,1.34514,1.34538,1.34504,1.34535,2824400024.4140625
2012-02-29 14:48:00,1.34537,1.34551,1.34519,1.34546,3773900146.484375
2012-02-29 14:49:00,1.34549,1.34666,1.34544,1.34659,4058900146.484375
2012-02-29 14:50:00,1.34661,1.34666,1.34632,1.34641,3058999938.9648438
2012-02-29 14:51:00,1.34638,1.34649,1.34611,1.34613,3438800048.828125
2012-02-29 14:52:00,1.34613,1.34644,1.34613,1.34639,3290700073.2421875
2012-02-29 14:53:00,1.3464,1.34659,1.34611,1.34611,3139899902.34375
2012-02-29 14:54:00,1.34607,1.34614,1.34562,1.34571,3722699890.1367188
2012-02-29 14:55:00,1.34566,1.34593,1.34562,1.34593,2782900085.4492188
2012-02-29 14:56:00,1.34593,1.34645,1.34582,1.34642,3520799865.7226562
2012-02-29 14:57:00,1.34636,1.34666,1.34622,1.34624,3418900146.484375
2012-02-29 14:58:00,1.34625,1.34627,1.34582,1.34585,2779899902.34375
2012-02-29 14:59:00,1.34585,1.34592,1.3454,1.34543,2533000030.517578
2012-02-29 15:00:00,1.34543,1.34592,1.34534,1.34569,3853900146.484375
2012-02-29 15:01:00,1.34574,1.34575,1.34501,1.34501,3376000061.0351562
2012-02-29 15:02:00,1.34499,1.34516,1.3444,1.34458,4070000000.0
2012-02-29 15:03:00,1.34457,1.34475,1.34443,1.3445,3932099914.5507812
2012-02-29 15:04:00,1.34448,1.34448,1.34379,1.34404,3952999877.9296875
2012-02-29 15:05:00,1.34403,1.34403,1.34363,1.34363,3629700012.2070312
2012-02-29 15:06:00,1.34364,1.34364,1.34186,1.34186,4841099853.515625
2012-02-29 15:07:00,1.34184,1.34184,1.34,1.34,5081099853.515625
2012-02-29 15:08:00,1.33999,1.34075,1.33938,1.34075,5141500244.140625
2012-02-29 15:09:00,1.34074,1.34127,1.34068,1.34107,4227500000.0
2012-02-29 15:10:00,1.34113,1.34114,1.34043,1.34075,4061600036.6210938
2012-02-29 15:11:00,1.34075,1.34132,1.34073,1.34075,3912699890.1367188
2012-02-29 15:12:00,1.34074,1.34115,1.34055,1.34055,4076099853.515625
2012-02-29 15:13:00,1.34051,1.34065,1.33994,1.34065,4827200012.207031
2012-02-29 15:14:00,1.3407,1.34108,1.34047,1.34106,4071700134.2773438
2012-02-29 15:15:00,1.34104,1.34125,1.34019,1.34019,4510199890.136719
2012-02-29 15:16:00,1.34021,1.34059,1.34018,1.34019,3479800109.8632812
2012-02-29 15:17:00,1.34017,1.34017,1.33934,1.33955,4604100036.621094
2012-02-29 15:18:00,1.33956,1.34034,1.33934,1.33998,3814400024.4140625
2012-02-29 15:19:00,1.34003,1.34006,1.33964,1.33978,3180000000.0
2012-02-29 15:20:00,1.33978,1.34024,1.33976,1.33987,3377500000.0
2012-02-29 15:21:00,1.33985,1.34,1.33966,1.33993,2728200073.2421875
2012-02-29 15:22:00,1.33994,1.34024,1.33991,1.34004,2488099975.5859375
2012-02-29 15:23:00,1.34004,1.34036,1.33973,1.34036,3028999938.9648438
2012-02-29 15:24:00,1.34037,1.34072,1.34021,1.34061,3215000000.0
2012-02-29 15:25:00,1.34061,1.34098,1.34044,1.34097,3286400146.484375
2012-02-29 15:26:00,1.34096,1.34096,1.3401,1.34035,2997099914.5507812
2012-02-29 15:27:00,1.3403,1.3403,1.33994,1.34005,2769800109.8632812
2012-02-29 15:28:00,1.34004,1.34004,1.33915,1.33954,3752999877.9296875
2012-02-29 15:29:00,1.33954,1.34002,1.33952,1.33995,3632099914.5507812
2012-02-29 15:30:00,1.33997,1.33997,1.33903,1.33908,4613500061.035156
2012-02-29 15:31:00,1.33908,1.33917,1.33846,1.33885,4058399963.3789062
2012-02-29 15:32:00,1.33885,1.33933,1.33866,1.33912,3955000000.0
2012-02-29 15:33:00,1.33912,1.33935,1.33887,1.33919,3318500061.0351562
2012-02-29 15:34:00,1.33919,1.33923,1.33894,1.33913,3346700134.2773438
2012-02-29 15:35:00,1.33915,1.33943,1.33905,1.33927,2925499877.9296875
2012-02-29 15:36:00,1.33927,1.33933,1.33885,1.33899,2758699951.171875
2012-02-29 15:37:00,1.33899,1.33905,1.33853,1.33873,3080700073.2421875
2012-02-29 15:38:00,1.33875,1.33884,1.33807,1.33842,3747300109.8632812
2012-02-29 15:39:00,1.33843,1.33899,1.33842,1.3387,3366000061.0351562
2012-02-29 15:40:00,1.33873,1.33897,1.33829,1.33832,3291300048.828125
2012-02-29 15:41:00,1.33829,1.33838,1.33744,1.33748,3644599914.5507812
2012-02-29 15:42:00,1.33745,1.33812,1.33745,1.33806,3619500122.0703125
2012-02-29 15:43:00,1.33806,1.33814,1.33795,1.33796,3288699951.171875
2012-02-29 15:44:00,1.33796,1.33847,1.33796,1.33841,3150599975.5859375
2012-02-29 15:45:00,1.33841,1.33841,1.33685,1.33691,4103999938.9648438
2012-02-29 15:46:00,1.33691,1.33732,1.33691,1.33732,3939299926.7578125
2012-02-29 15:47:00,1.33731,1.33741,1.33696,1.33718,3469599914.5507812
2012-02-29 15:48:00,1.33719,1.33726,1.33617,1.33621,4381499938.964844
2012-02-29 15:49:00,1.33621,1.33659,1.33572,1.33591,3890000000.0
2012-02-29 15:50:00,1.33592,1.33605,1.33554,1.33566,4175599975.5859375
2012-02-29 15:51:00,1.3357,1.33583,1.33493,1.33493,3965700073.2421875
2012-02-29 15:52:00,1.33491,1.33555,1.33487,1.33551,3254200134.2773438
2012-02-29 15:53:00,1.33551,1.33631,1.3353,1.33625,4227300109.8632812
2012-02-29 15:54:00,1.33625,1.33657,1.33607,1.33638,3872600097.65625
2012-02-29 15:55:00,1.33638,1.33656,1.33615,1.33641,3085799865.7226562
2012-02-29 15:56:00,1.33643,1.33675,1.33643,1.33664,3272600097.65625
2012-02-29 15:57:00,1.33665,1.33746,1.33659,1.33746,4122000122.0703125
2012-02-29 15:58:00,1.33748,1.33757,1.33723,1.33734,3687699890.1367188
2012-02-29 15:59:00,1.33734,1.33771,1.33734,1.33757,2719200134.2773438
2012-02-29 16:00:00,1.33757,1.33777,1.33748,1.33759,4136000061.0351562
2012-02-29 16:01:00,1.33759,1.33759,1.33727,1.33755,3638599853.515625
2012-02-29 16:02:00,1.33755,1.3376,1.33667,1.33685,3434500122.0703125
2012-02-29 16:03:00,1.33685,1.33775,1.33675,1.3377,3906900024.4140625
2012-02-29 16:04:00,1.33772,1.33844,1.33772,1.3384,4132900085.4492188
2012-02-29 16:05:00,1.33841,1.33847,1.33789,1.33812,4417000122.0703125
2012-02-29 16:06:00,1.33811,1.33811,1.33761,1.33768,2842500000.0
2012-02-29 16:07:00,1.33768,1.33852,1.33767,1.33852,3269400024.4140625
2012-02-29 16:08:00,1.33853,1.33905,1.33845,1.33905,4445499877.9296875
2012-02-29 16:09:00,1.33901,1.33901,1.33856,1.33877,3932699890.1367188
2012-02-29 16:10:00,1.33877,1.33913,1.33877,1.33881,2863200073.2421875
2012-02-29 16:11:00,1.33881,1.33885,1.33826,1.33836,3462699890.1367188
2012-02-29 16:12:00,1.33836,1.33864,1.33822,1.33843,3032999877.9296875
2012-02-29 16:13:00,1.33841,1.33841,1.33793,1.33793,3017699890.1367188
2012-02-29 16:14:00,1.33789,1.33793,1.33767,1.33775,2169299926.7578125
2012-02-29 16:15:00,1.33774,1.33793,1.33766,1.33786,3244599914.5507812
2012-02-29 16:16:00,1.33786,1.3384,1.33777,1.33783,3070899963.3789062
2012-02-29 16:17:00,1.33782,1.33785,1.33741,1.33759,2584400024.4140625
2012-02-29 16:18:00,1.33759,1.33759,1.337,1.33706,2645799865.7226562
2012-02-29 16:19:00,1.33706,1.33716,1.3367,1.3369,2746300048.828125
2012-02-29 16:20:00,1.33691,1.33692,1.336,1.33612,2577300109.8632812
2012-02-29 16:21:00,1.33617,1.33634,1.33595,1.3363,3548900146.484375
2012-02-29 16:22:00,1.33628,1.33644,1.33546,1.33577,3619400024.4140625
2012-02-29 16:23:00,1.33579,1.33579,1.33454,1.33471,4489800109.863281
2012-02-29 16:24:00,1.33472,1.33544,1.33472,1.33543,3962399902.34375
2012-02-29 16:25:00,1.33543,1.33599,1.33536,1.33589,3335799865.7226562
2012-02-29 16:26:00,1.33591,1.33632,1.33585,1.33628,2921000061.0351562
2012-02-29 16:27:00,1.33629,1.33637,1.33556,1.33556,2696099853.515625
2012-02-29 16:28:00,1.33555,1.33584,1.33535,1.33555,3707099914.5507812
2012-02-29 16:29:00,1.33555,1.33588,1.33524,1.33524,3584400024.4140625
2012-02-29 16:30:00,1.33519,1.33519,1.3346,1.33475,4550700073.2421875
2012-02-29 16:31:00,1.33476,1.33526,1.33465,1.33513,3728999938.9648438
2012-02-29 16:32:00,1.33515,1.33515,1.33469,1.33495,3958500061.0351562
2012-02-29 16:33:00,1.33495,1.33553,1.33479,1.33551,3264899902.34375
2012-02-29 16:34:00,1.33551,1.33605,1.33548,1.33594,3033299865.7226562
2012-02-29 16:35:00,1.33591,1.33597,1.33553,1.33592,2675100097.65625
2012-02-29 16:36:00,1.33591,1.33592,1.33556,1.33574,2623900146.484375
2012-02-29 16:37:00,1.33575,1.33591,1.33503,1.33513,2997999877.9296875
2012-02-29 16:38:00,1.33511,1.33534,1.33493,1.33533,2558600006.1035156
2012-02-29 16:39:00,1.33536,1.33564,1.3352,1.33557,2923500061.0351562
2012-02-29 16:40:00,1.33557,1.33585,1.33538,1.33548,3256900024.4140625
2012-02-29 16:41:00,1.33548,1.33566,1.33539,1.33561,2555700073.2421875
2012-02-29 16:42:00,1.33561,1.33569,1.33509,1.33519,2826700134.2773438
2012-02-29 16:43:00,1.33519,1.33524,1.33495,1.33512,2493399963.3789062
2012-02-29 16:44:00,1.33512,1.33533,1.33466,1.33486,3012300109.8632812
2012-02-29 16:45:00,1.33486,1.33522,1.33475,1.33519,2676300048.828125
2012-02-29 16:46:00,1.33519,1.33557,1.33509,1.33554,2307299957.2753906
2012-02-29 16:47:00,1.33554,1.33655,1.33554,1.33639,3498900146.484375
2012-02-29 16:48:00,1.33639,1.33652,1.33611,1.33611,2972900085.4492188
2012-02-29 16:49:00,1.33606,1.33623,1.33604,1.33618,1921999969.4824219
2012-02-29 16:50:00,1.33618,1.33627,1.33612,1.33618,2038399963.3789062
2012-02-29 16:51:00,1.33619,1.33646,1.33619,1.33627,2469900054.9316406
2012-02-29 16:52:00,1.33626,1.33632,1.33617,1.33618,2327100067.138672
2012-02-29 16:53:00,1.33619,1.33665,1.33616,1.33655,2906499938.9648438
2012-02-29 16:54:00,1.33654,1.33666,1.33645,1.33649,2354499969.482422
2012-02-29 16:55:00,1.33652,1.33665,1.3365,1.33659,2527299957.2753906
2012-02-29 16:56:00,1.33654,1.33654,1.33605,1.3362,2643699951.171875
2012-02-29 16:57:00,1.33623,1.33632,1.336,1.33602,2040500030.5175781
2012-02-29 16:58:00,1.33602,1.33612,1.33592,1.33592,1928099975.5859375
2012-02-29 16:59:00,1.3359,1.33605,1.33568,1.33575,3207099914.5507812
2012-02-29 17:00:00,1.33577,1.33632,1.33574,1.33629,2155099945.0683594
2012-02-29 17:01:00,1.33629,1.33665,1.33619,1.33658,2991099853.515625
2012-02-29 17:02:00,1.33657,1.33658,1.33636,1.33641,2793999938.9648438
2012-02-29 17:03:00,1.33641,1.33681,1.33639,1.3368,1950099945.0683594
2012-02-29 17:04:00,1.33682,1.33687,1.33662,1.3368,2167899932.861328
2012-02-29 17:05:00,1.33687,1.33701,1.33666,1.3369,2977699890.1367188
2012-02-29 17:06:00,1.33692,1.33698,1.3367,1.33671,2035800018.3105469
2012-02-29 17:07:00,1.33669,1.33669,1.3363,1.33644,2884800109.8632812
2012-02-29 17:08:00,1.33644,1.33656,1.33639,1.33654,2247299957.2753906
2012-02-29 17:09:00,1.33657,1.33659,1.33622,1.33629,2788999938.9648438
2012-02-29 17:10:00,1.33629,1.33631,1.33605,1.33617,2257899932.861328
2012-02-29 17:11:00,1.33617,1.33659,1.33617,1.33656,2429400024.4140625
2012-02-29 17:12:00,1.33656,1.33668,1.33651,1.33663,1838899993.8964844
2012-02-29 17:13:00,1.33663,1.33666,1.33657,1.33661,1484600067.1386719
2012-02-29 17:14:00,1.3366,1.33706,1.3366,1.33705,2353500061.0351562
2012-02-29 17:15:00,1.33705,1.33712,1.33693,1.33701,2751099853.515625
2012-02-29 17:16:00,1.33701,1.33723,1.33695,1.33722,2542799987.7929688
2012-02-29 17:17:00,1.33722,1.33725,1.33685,1.33685,2313800048.828125
2012-02-29 17:18:00,1.33683,1.33693,1.33672,1.33677,2341499938.9648438
2012-02-29 17:19:00,1.33675,1.33687,1.33673,1.3368,2493999938.9648438
2012-02-29 17:20:00,1.33683,1.33686,1.33649,1.33654,1887100067.1386719
2012-02-29 17:21:00,1.33654,1.33695,1.33652,1.33695,2004499969.4824219
2012-02-29 17:22:00,1.33695,1.33702,1.33673,1.33679,1539400024.4140625
2012-02-29 17:23:00,1.33686,1.33686,1.33653,1.33661,2168999938.9648438
2012-02-29 17:24:00,1.3366,1.3366,1.33627,1.33633,1731900024.4140625
2012-02-29 17:25:00,1.33633,1.33655,1.33623,1.33634,1802799987.7929688
2012-02-29 17:26:00,1.33634,1.33657,1.33625,1.33655,1513800048.828125
2012-02-29 17:27:00,1.33655,1.33655,1.33634,1.33647,1808000030.5175781
2012-02-29 17:28:00,1.33647,1.33664,1.33642,1.33661,1767799987.7929688
2012-02-29 17:29:00,1.33659,1.33663,1.3365,1.33656,1966900024.4140625
2012-02-29 17:30:00,1.33656,1.33674,1.33656,1.33669,1523000030.5175781
2012-02-29 17:31:00,1.33669,1.3368,1.33657,1.33658,1651999969.4824219
2012-02-29 17:32:00,1.33657,1.33657,1.33633,1.33641,2034199981.6894531
2012-02-29 17:33:00,1.33639,1.3364,1.33599,1.33608,1887299957.2753906
2012-02-29 17:34:00,1.33609,1.33616,1.33608,1.3361,1447100067.1386719
2012-02-29 17:35:00,1.3361,1.33615,1.33602,1.33608,1576300048.828125
2012-02-29 17:36:00,1.33612,1.33622,1.33611,1.33622,1509799957.2753906
2012-02-29 17:37:00,1.33624,1.33635,1.33605,1.33619,2243200073.2421875
2012-02-29 17:38:00,1.3362,1.33636,1.33607,1.33607,2119799957.2753906
2012-02-29 17:39:00,1.33606,1.33606,1.3354,1.3355,2158500061.0351562
2012-02-29 17:40:00,1.33545,1.3356,1.33534,1.33559,1953899993.8964844
2012-02-29 17:41:00,1.33561,1.33563,1.33546,1.3355,1599700012.2070312
2012-02-29 17:42:00,1.3355,1.33555,1.33523,1.3353,1495200042.7246094
2012-02-29 17:43:00,1.33528,1.33536,1.33524,1.33525,1490000000.0
2012-02-29 17:44:00,1.33525,1.33552,1.33525,1.33535,2032100067.1386719
2012-02-29 17:45:00,1.33535,1.33535,1.33518,1.33534,1809199981.6894531
2012-02-29 17:46:00,1.33534,1.33536,1.33523,1.33527,1329499969.4824219
2012-02-29 17:47:00,1.33527,1.33533,1.33519,1.33523,1378699951.171875
2012-02-29 17:48:00,1.33524,1.33526,1.33476,1.33504,2303000030.517578
2012-02-29 17:49:00,1.33504,1.33509,1.33474,1.33477,1866900024.4140625
2012-02-29 17:50:00,1.33479,1.33499,1.33478,1.33495,2516499938.9648438
2012-02-29 17:51:00,1.33496,1.33524,1.33495,1.33524,2159700012.2070312
2012-02-29 17:52:00,1.33524,1.33545,1.33522,1.33527,2076100006.1035156
2012-02-29 17:53:00,1.33528,1.3355,1.33527,1.3355,2341699981.689453
2012-02-29 17:54:00,1.3355,1.33571,1.3355,1.33553,2480500030.517578
2012-02-29 17:55:00,1.33553,1.33553,1.33515,1.33521,2088399963.3789062
2012-02-29 17:56:00,1.33521,1.33553,1.33515,1.3354,2433399963.3789062
2012-02-29 17:57:00,1.33539,1.33552,1.33533,1.33548,1680800018.3105469
2012-02-29 17:58:00,1.33546,1.33557,1.33544,1.33552,1934299926.7578125
2012-02-29 17:59:00,1.33553,1.33571,1.33536,1.33539,2078500061.0351562
2012-02-29 18:00:00,1.33541,1.33572,1.33541,1.33567,2318899993.8964844
2012-02-29 18:01:00,1.33567,1.33598,1.33567,1.33596,2040899963.3789062
2012-02-29 18:02:00,1.33595,1.33596,1.3358,1.33585,2165000000.0
2012-02-29 18:03:00,1.33584,1.33585,1.33579,1.33582,759700012.2070312
2012-02-29 18:04:00,1.33582,1.33586,1.3356,1.33576,1876300048.828125
2012-02-29 18:05:00,1.33575,1.33597,1.33569,1.33596,1577400054.9316406
2012-02-29 18:06:00,1.33596,1.3361,1.33572,1.33582,2201100006.1035156
2012-02-29 18:07:00,1.33582,1.33597,1.33579,1.33595,1813300018.3105469
2012-02-29 18:08:00,1.33596,1.33604,1.33588,1.33595,2008500061.0351562
2012-02-29 18:09:00,1.33595,1.3362,1.33588,1.33615,1601000061.0351562
2012-02-29 18:10:00,1.33613,1.33617,1.33595,1.33605,2031399993.8964844
2012-02-29 18:11:00,1.33605,1.33607,1.33566,1.33566,1784799957.2753906
2012-02-29 18:12:00,1.33566,1.33575,1.33564,1.3357,1328200073.2421875
2012-02-29 18:13:00,1.3357,1.33576,1.33563,1.33573,1725399932.8613281
2012-02-29 18:14:00,1.3357,1.33574,1.3355,1.33553,1623999938.9648438
2012-02-29 18:15:00,1.33552,1.33553,1.33512,1.33516,2315500030.517578
2012-02-29 18:16:00,1.33522,1.33566,1.33516,1.33563,1851000061.0351562
2012-02-29 18:17:00,1.33563,1.33563,1.33502,1.33504,2361900024.4140625
2012-02-29 18:18:00,1.33503,1.33503,1.33445,1.33451,2760199890.1367188
2012-02-29 18:19:00,1.33451,1.33468,1.3344,1.33443,2028999938.9648438
2012-02-29 18:20:00,1.33441,1.33441,1.33377,1.33424,3567399902.34375
2012-02-29 18:21:00,1.33424,1.33489,1.33424,1.33462,2711400146.484375
2012-02-29 18:22:00,1.33462,1.33463,1.33429,1.33433,2457599945.0683594
2012-02-29 18:23:00,1.33431,1.33435,1.33413,1.33413,2091199951.171875
2012-02-29 18:24:00,1.33413,1.33417,1.33393,1.33409,2307799987.7929688
2012-02-29 18:25:00,1.33408,1.33417,1.33391,1.33415,2224299926.7578125
2012-02-29 18:26:00,1.33413,1.33427,1.33388,1.33405,2862900085.4492188
2012-02-29 18:27:00,1.3341,1.33432,1.33408,1.33424,1886399993.8964844
2012-02-29 18:28:00,1.33424,1.33428,1.33421,1.33424,1318600006.1035156
2012-02-29 18:29:00,1.33422,1.33422,1.33385,1.33389,2771799926.7578125
2012-02-29 18:30:00,1.3339,1.33438,1.33376,1.33407,3062900085.4492188
2012-02-29 18:31:00,1.33407,1.33407,1.3334,1.33384,3191199951.171875
2012-02-29 18:32:00,1.33382,1.33435,1.33377,1.33431,3078599853.515625
2012-02-29 18:33:00,1.33431,1.33432,1.33365,1.33386,3269100036.6210938
2012-02-29 18:34:00,1.33384,1.33408,1.33361,1.33392,2771799926.7578125
2012-02-29 18:35:00,1.33392,1.33436,1.33383,1.33432,2627000122.0703125
2012-02-29 18:36:00,1.33432,1.33433,1.33384,1.33388,1839299926.7578125
2012-02-29 18:37:00,1.33388,1.33404,1.33369,1.33401,2646799926.7578125
2012-02-29 18:38:00,1.334,1.33417,1.33393,1.33393,2192599945.0683594
2012-02-29 18:39:00,1.33393,1.3341,1.33382,1.33387,2283200073.2421875
2012-02-29 18:40:00,1.33389,1.33398,1.33378,1.33391,2531100006.1035156
2012-02-29 18:41:00,1.33391,1.33428,1.33384,1.3342,1543300018.3105469
2012-02-29 18:42:00,1.3342,1.33445,1.3342,1.33445,2357100067.138672
2012-02-29 18:43:00,1.33445,1.33466,1.33399,1.33399,2170899963.3789062
2012-02-29 18:44:00,1.33398,1.33443,1.3339,1.33443,1725099945.0683594
2012-02-29 18:45:00,1.33443,1.33456,1.3341,1.3341,1933099975.5859375
2012-02-29 18:46:00,1.33411,1.33438,1.33393,1.33433,2602300109.8632812
2012-02-29 18:47:00,1.33433,1.33439,1.33424,1.33434,1212099990.8447266
2012-02-29 18:48:00,1.33434,1.33444,1.33403,1.33407,1867200012.2070312
2012-02-29 18:49:00,1.33407,1.33446,1.33401,1.33446,2101799926.7578125
2012-02-29 18:50:00,1.33445,1.33453,1.33422,1.33436,2169700012.2070312
2012-02-29 18:51:00,1.33437,1.33476,1.33423,1.33463,2109299926.7578125
2012-02-29 18:52:00,1.33463,1.33468,1.33431,1.33435,1795200042.7246094
2012-02-29 18:53:00,1.33436,1.33444,1.33414,1.33425,2788699951.171875
2012-02-29 18:54:00,1.33425,1.33455,1.33424,1.33454,1653699951.171875
2012-02-29 18:55:00,1.33455,1.33467,1.33441,1.33464,2448500061.0351562
2012-02-29 18:56:00,1.33464,1.33477,1.33462,1.33472,1875200042.7246094
2012-02-29 18:57:00,1.33472,1.33498,1.33465,1.33473,3104800109.8632812
2012-02-29 18:58:00,1.33473,1.33487,1.33451,1.33451,2451799926.7578125
2012-02-29 18:59:00,1.33451,1.33463,1.33447,1.33458,2207500000.0
2012-02-29 19:00:00,1.33458,1.33475,1.33453,1.33457,2221699981.689453
2012-02-29 19:01:00,1.33457,1.33459,1.33433,1.33445,2287700042.7246094
2012-02-29 19:02:00,1.33443,1.33463,1.33439,1.33441,2367700042.7246094
2012-02-29 19:03:00,1.33441,1.33444,1.33432,1.33437,1894600067.1386719
2012-02-29 19:04:00,1.33439,1.33445,1.33431,1.33439,1481600036.6210938
2012-02-29 19:05:00,1.33439,1.33453,1.33432,1.33434,2237799987.7929688
2012-02-29 19:06:00,1.33434,1.33444,1.33411,1.33413,1515000000.0
2012-02-29 19:07:00,1.33413,1.33426,1.33409,1.33424,1486199951.171875
2012-02-29 19:08:00,1.33424,1.33428,1.33413,1.33426,1352700042.7246094
2012-02-29 19:09:00,1.33426,1.33427,1.33414,1.33423,1690000000.0
2012-02-29 19:10:00,1.33423,1.33449,1.33418,1.33449,1545800018.3105469
2012-02-29 19:11:00,1.3345,1.33458,1.33442,1.33458,1718099975.5859375
2012-02-29 19:12:00,1.33458,1.33464,1.33444,1.33454,2018200073.2421875
2012-02-29 19:13:00,1.33453,1.33455,1.3344,1.3344,1827500000.0
2012-02-29 19:14:00,1.33438,1.33441,1.3342,1.33427,1596199951.171875
2012-02-29 19:15:00,1.33428,1.33434,1.33412,1.33412,1391799926.7578125
2012-02-29 19:16:00,1.33413,1.33426,1.33397,1.33425,2291699981.689453
2012-02-29 19:17:00,1.33424,1.33425,1.33401,1.33424,1731699981.6894531
2012-02-29 19:18:00,1.33423,1.33435,1.33418,1.33418,1236999969.4824219
2012-02-29 19:19:00,1.33418,1.33425,1.33411,1.33423,1291900024.4140625
2012-02-29 19:20:00,1.33427,1.33454,1.33427,1.33445,1781699981.6894531
2012-02-29 19:21:00,1.33446,1.33447,1.33433,1.33433,1088099975.5859375
2012-02-29 19:22:00,1.33433,1.33437,1.33422,1.33423,1603800048.828125
2012-02-29 19:23:00,1.33423,1.33427,1.33413,1.33426,1368000030.5175781
2012-02-29 19:24:00,1.33426,1.33449,1.33426,1.33443,2089499969.4824219
2012-02-29 19:25:00,1.33443,1.33457,1.3344,1.33457,2071399993.8964844
2012-02-29 19:26:00,1.33459,1.33486,1.33458,1.33477,1859600067.1386719
2012-02-29 19:27:00,1.3348,1.33508,1.33478,1.33508,1559900054.9316406
2012-02-29 19:28:00,1.33508,1.33515,1.33481,1.33484,2138699951.171875
2012-02-29 19:29:00,1.33489,1.33491,1.33482,1.33488,1062200012.2070312
2012-02-29 19:30:00,1.33487,1.33487,1.33463,1.33463,1797200012.2070312
2012-02-29 19:31:00,1.33463,1.33469,1.3346,1.33462,1337500000.0
2012-02-29 19:32:00,1.33462,1.33462,1.33442,1.33451,1755800018.3105469
2012-02-29 19:33:00,1.33452,1.33465,1.3345,1.33456,1592299957.2753906
2012-02-29 19:34:00,1.33454,1.33454,1.33423,1.33424,1673699951.171875
2012-02-29 19:35:00,1.33422,1.33438,1.33403,1.33414,2138500061.0351562
2012-02-29 19:36:00,1.33414,1.33431,1.33402,1.33426,1823500061.0351562
2012-02-29 19:37:00,1.33425,1.33441,1.33423,1.33424,1303800048.828125
2012-02-29 19:38:00,1.33424,1.3344,1.33407,1.33416,1756799926.7578125
2012-02-29 19:39:00,1.33417,1.33422,1.33397,1.33404,2280399932.861328
2012-02-29 19:40:00,1.33405,1.33414,1.33401,1.33406,1359900054.9316406
2012-02-29 19:41:00,1.33406,1.33406,1.33394,1.33401,1801799926.7578125
2012-02-29 19:42:00,1.33404,1.3341,1.33394,1.33395,1861100006.1035156
2012-02-29 19:43:00,1.33397,1.33397,1.33374,1.33387,2378699951.171875
2012-02-29 19:44:00,1.33387,1.33428,1.33376,1.33392,2477100067.138672
2012-02-29 19:45:00,1.33394,1.33399,1.33363,1.33384,2164199981.689453
2012-02-29 19:46:00,1.33384,1.334,1.33381,1.33398,1524199981.6894531
2012-02-29 19:47:00,1.33397,1.33416,1.33397,1.33415,1398999938.9648438
2012-02-29 19:48:00,1.33415,1.33429,1.3341,1.33414,2139799957.2753906
2012-02-29 19:49:00,1.33414,1.33414,1.33401,1.33402,1699100036.6210938
2012-02-29 19:50:00,1.33402,1.33417,1.334,1.33413,2516100006.1035156
2012-02-29 19:51:00,1.33415,1.33415,1.33406,1.33407,1904400024.4140625
2012-02-29 19:52:00,1.33409,1.33413,1.33401,1.33413,970800018.3105469
2012-02-29 19:53:00,1.3341,1.33411,1.33403,1.33404,1401000061.0351562
2012-02-29 19:54:00,1.33404,1.3341,1.334,1.33405,1351000061.0351562
2012-02-29 19:55:00,1.33405,1.33414,1.33404,1.33407,1169700012.2070312
2012-02-29 19:56:00,1.33408,1.33409,1.3338,1.33383,2098300018.3105469
2012-02-29 19:57:00,1.33384,1.33384,1.33353,1.33354,1899700012.2070312
2012-02-29 19:58:00,1.33354,1.33377,1.33351,1.33377,2194400024.4140625
2012-02-29 19:59:00,1.33377,1.33396,1.33357,1.3339,3469800109.8632812
2012-02-29 20:00:00,1.33387,1.33394,1.33375,1.33375,2737099914.5507812
2012-02-29 20:01:00,1.33375,1.33375,1.33347,1.33348,2376399993.8964844
2012-02-29 20:02:00,1.3335,1.33369,1.33337,1.33352,2407799987.7929688
2012-02-29 20:03:00,1.33353,1.33367,1.33345,1.33352,2294600067.138672
2012-02-29 20:04:00,1.33352,1.33365,1.33346,1.33353,1845700073.2421875
2012-02-29 20:05:00,1.33353,1.33368,1.33353,1.33364,1139000015.258789
2012-02-29 20:06:00,1.33362,1.33369,1.33352,1.33361,2228200073.2421875
2012-02-29 20:07:00,1.33361,1.33372,1.33357,1.33362,1817400054.9316406
2012-02-29 20:08:00,1.33362,1.33366,1.33343,1.33343,1616600036.6210938
2012-02-29 20:09:00,1.33343,1.33343,1.3333,1.3334,2014499969.4824219
2012-02-29 20:10:00,1.33344,1.33344,1.33334,1.33341,1717299957.2753906
2012-02-29 20:11:00,1.33343,1.33372,1.33342,1.33365,1584600067.1386719
2012-02-29 20:12:00,1.33366,1.3341,1.33366,1.33374,2896400146.484375
2012-02-29 20:13:00,1.33372,1.33395,1.33366,1.33391,1439299926.7578125
2012-02-29 20:14:00,1.33391,1.33391,1.33353,1.33372,2812300109.8632812
2012-02-29 20:15:00,1.33371,1.33376,1.33366,1.33372,1311000061.0351562
2012-02-29 20:16:00,1.33372,1.3339,1.33371,1.33386,1573099975.5859375
2012-02-29 20:17:00,1.33386,1.33386,1.33339,1.33339,1295200042.7246094
2012-02-29 20:18:00,1.3334,1.33346,1.33319,1.33334,1921399993.8964844
2012-02-29 20:19:00,1.33336,1.33367,1.33334,1.33351,2050099945.0683594
2012-02-29 20:20:00,1.33352,1.33352,1.33319,1.33323,1811000061.0351562
2012-02-29 20:21:00,1.33325,1.33326,1.33312,1.3332,2129799957.2753906
2012-02-29 20:22:00,1.33318,1.3333,1.33317,1.33323,1606000061.0351562
2012-02-29 20:23:00,1.33321,1.33336,1.33321,1.33327,2430000000.0
2012-02-29 20:24:00,1.33327,1.33336,1.33306,1.33313,2246799926.7578125
2012-02-29 20:25:00,1.33313,1.33331,1.33298,1.33317,2711900024.4140625
2012-02-29 20:26:00,1.33317,1.33317,1.33271,1.33278,2675799865.7226562
2012-02-29 20:27:00,1.33277,1.3328,1.33263,1.33276,2295500030.517578
2012-02-29 20:28:00,1.33276,1.33301,1.33255,1.33287,2738699951.171875
2012-02-29 20:29:00,1.33286,1.33296,1.33274,1.33274,2375500030.517578
2012-02-29 20:30:00,1.33273,1.33284,1.33259,1.33268,2505700073.2421875
2012-02-29 20:31:00,1.33267,1.33267,1.3323,1.3324,3022200012.2070312
2012-02-29 20:32:00,1.33239,1.33253,1.33233,1.33244,2691000061.0351562
2012-02-29 20:33:00,1.33243,1.33245,1.33221,1.33221,2787600097.65625
2012-02-29 20:34:00,1.3322,1.33277,1.3322,1.33267,2832799987.7929688
2012-02-29 20:35:00,1.33267,1.33267,1.33212,1.33215,2789599914.5507812
2012-02-29 20:36:00,1.33215,1.33234,1.33204,1.33218,2936199951.171875
2012-02-29 20:37:00,1.3322,1.3322,1.3317,1.3318,2890000000.0
2012-02-29 20:38:00,1.33179,1.33197,1.33168,1.3317,2714800109.8632812
2012-02-29 20:39:00,1.33178,1.33204,1.3316,1.33196,3108299865.7226562
2012-02-29 20:40:00,1.33196,1.33197,1.33158,1.33165,2541199951.171875
2012-02-29 20:41:00,1.33165,1.33207,1.33147,1.33205,2874599914.5507812
2012-02-29 20:42:00,1.33205,1.3323,1.33203,1.33217,2473699951.171875
2012-02-29 20:43:00,1.33217,1.3325,1.33217,1.33243,2306699981.689453
2012-02-29 20:44:00,1.33244,1.33304,1.33237,1.33274,3780700073.2421875
2012-02-29 20:45:00,1.33275,1.33276,1.33184,1.33201,3266600036.6210938
2012-02-29 20:46:00,1.33201,1.33254,1.33186,1.33247,2448899993.8964844
2012-02-29 20:47:00,1.33248,1.33282,1.33246,1.33282,2248699951.171875
2012-02-29 20:48:00,1.33282,1.33304,1.33278,1.33284,2101999969.4824219
2012-02-29 20:49:00,1.33283,1.33294,1.33273,1.33278,1884600067.1386719
2012-02-29 20:50:00,1.33277,1.33293,1.33277,1.33279,2001999969.4824219
2012-02-29 20:51:00,1.33279,1.33292,1.33277,1.33285,1518200073.2421875
2012-02-29 20:52:00,1.33285,1.33291,1.33269,1.33276,1766499938.9648438
2012-02-29 20:53:00,1.33277,1.3329,1.33259,1.33259,2361399993.8964844
2012-02-29 20:54:00,1.33257,1.33276,1.33239,1.33244,2464499969.482422
2012-02-29 20:55:00,1.33245,1.33256,1.33229,1.3323,1940399932.8613281
2012-02-29 20:56:00,1.33233,1.33273,1.33231,1.33268,2046100006.1035156
2012-02-29 20:57:00,1.33267,1.33277,1.33252,1.33252,1465700073.2421875
2012-02-29 20:58:00,1.3325,1.33256,1.33233,1.33256,2024199981.6894531
2012-02-29 20:59:00,1.33256,1.33257,1.33222,1.33222,1551600036.6210938
2012-02-29 21:00:00,1.33221,1.33232,1.33213,1.33214,1825899963.3789062
2012-02-29 21:01:00,1.33214,1.33215,1.33199,1.33205,2663999938.9648438
2012-02-29 21:02:00,1.33206,1.3321,1.33177,1.332,2273500061.0351562
2012-02-29 21:03:00,1.33197,1.33227,1.33197,1.33224,2015200042.7246094
2012-02-29 21:04:00,1.33224,1.33229,1.33211,1.33212,2369400024.4140625
2012-02-29 21:05:00,1.33212,1.33221,1.33201,1.33209,1756199951.171875
2012-02-29 21:06:00,1.3321,1.33219,1.33209,1.3321,974599990.8447266
2012-02-29 21:07:00,1.3321,1.33217,1.33207,1.3321,1062500000.0
2012-02-29 21:08:00,1.33213,1.33218,1.33185,1.33185,1096299972.5341797
2012-02-29 21:09:00,1.33185,1.33203,1.33185,1.33194,1451300048.828125
2012-02-29 21:10:00,1.33194,1.33224,1.33188,1.33217,1284900054.9316406
2012-02-29 21:11:00,1.3322,1.33245,1.3322,1.33238,1688099975.5859375
2012-02-29 21:12:00,1.33238,1.33243,1.33235,1.33238,787399978.6376953
2012-02-29 21:13:00,1.3324,1.33256,1.33237,1.33243,1089800033.569336
2012-02-29 21:14:00,1.33244,1.3325,1.33241,1.33245,824100036.6210938
2012-02-29 21:15:00,1.33245,1.33254,1.33244,1.33253,840500030.5175781
2012-02-29 21:16:00,1.33256,1.33261,1.33254,1.33258,1034499969.4824219
2012-02-29 21:17:00,1.33257,1.33272,1.33257,1.33263,1215699996.9482422
2012-02-29 21:18:00,1.33265,1.33274,1.33264,1.33269,1068399963.3789062
2012-02-29 21:19:00,1.3327,1.33279,1.3327,1.33274,1048099975.5859375
2012-02-29 21:20:00,1.33274,1.33278,1.33268,1.33273,871399993.8964844
2012-02-29 21:21:00,1.33273,1.33273,1.33265,1.33265,523100013.73291016
2012-02-29 21:22:00,1.33263,1.33264,1.33246,1.33251,1001100006.1035156
2012-02-29 21:23:00,1.33251,1.33257,1.33249,1.33252,598300018.3105469
2012-02-29 21:24:00,1.33249,1.33256,1.33247,1.33256,639700012.2070312
2012-02-29 21:25:00,1.33254,1.33254,1.33244,1.33247,571800003.0517578
2012-02-29 21:26:00,1.33247,1.33255,1.33247,1.33251,306700000.76293945
2012-02-29 21:27:00,1.33251,1.33265,1.33245,1.3326,662500000.0
2012-02-29 21:28:00,1.33262,1.33264,1.3326,1.33262,309400005.3405762
2012-02-29 21:29:00,1.33264,1.33268,1.33264,1.33265,633699989.3188477
2012-02-29 21:30:00,1.33265,1.33278,1.33265,1.33274,756999969.4824219
2012-02-29 21:31:00,1.33269,1.33276,1.33269,1.33271,557099990.8447266
2012-02-29 21:32:00,1.33273,1.33282,1.3327,1.33282,352000007.62939453
2012-02-29 21:33:00,1.33285,1.33301,1.33276,1.3328,2154600067.138672
2012-02-29 21:34:00,1.33276,1.33288,1.33274,1.33282,2192799987.7929688
2012-02-29 21:35:00,1.33282,1.33282,1.33271,1.33273,1059000015.2587891
2012-02-29 21:36:00,1.33273,1.33275,1.33267,1.33268,836800003.0517578
2012-02-29 21:37:00,1.33269,1.33269,1.33266,1.33267,176399993.89648438
2012-02-29 21:38:00,1.33269,1.33269,1.33267,1.33268,112100000.38146973
2012-02-29 21:39:00,1.33268,1.3327,1.33265,1.33265,332599983.21533203
2012-02-29 21:40:00,1.33265,1.33268,1.33257,1.33261,957099990.8447266
2012-02-29 21:41:00,1.33261,1.33268,1.33254,1.33264,678399963.3789062
2012-02-29 21:42:00,1.33266,1.33269,1.33259,1.33268,688099975.5859375
2012-02-29 21:43:00,1.3327,1.33277,1.33268,1.33275,575499992.3706055
2012-02-29 21:44:00,1.33276,1.33278,1.33271,1.33271,442500000.0
2012-02-29 21:45:00,1.33271,1.33272,1.33269,1.3327,291700000.76293945
2012-02-29 21:46:00,1.3327,1.33279,1.33268,1.3327,1348300018.3105469
2012-02-29 21:47:00,1.3327,1.33275,1.3326,1.33261,614700012.2070312
2012-02-29 21:48:00,1.33261,1.33261,1.33256,1.33257,237999992.37060547
2012-02-29 21:49:00,1.33257,1.33257,1.3325,1.33257,604199981.6894531
2012-02-29 21:50:00,1.33257,1.33257,1.33241,1.33241,344500007.62939453
2012-02-29 21:51:00,1.33241,1.33245,1.3324,1.33241,744000015.2587891
2012-02-29 21:52:00,1.33241,1.33249,1.33237,1.33249,970999984.7412109
2012-02-29 21:53:00,1.33249,1.33249,1.33249,1.33249,176000003.81469727
2012-02-29 21:54:00,1.33249,1.33249,1.3324,1.33241,192600002.28881836
2012-02-29 21:55:00,1.33241,1.33251,1.33241,1.3325,621899986.2670898
2012-02-29 21:56:00,1.33247,1.33257,1.33242,1.33248,983199996.9482422
2012-02-29 21:57:00,1.33249,1.33258,1.33245,1.33257,579399986.2670898
2012-02-29 21:58:00,1.33257,1.33257,1.3324,1.3324,246399993.89648438
2012-02-29 21:59:00,1.33241,1.33241,1.3323,1.33238,195699996.9482422
2012-02-29 22:00:00,1.33237,1.33244,1.332,1.33244,509900016.78466797
2012-02-29 22:01:00,1.33244,1.33244,1.33233,1.33234,173199996.9482422
2012-02-29 22:02:00,1.33231,1.33233,1.33195,1.33195,390499992.37060547
2012-02-29 22:03:00,1.33197,1.33228,1.33197,1.33228,316399993.8964844
2012-02-29 22:04:00,1.3323,1.33278,1.33228,1.33276,679400024.4140625
2012-02-29 22:05:00,1.33277,1.33289,1.33229,1.33239,493600006.1035156
2012-02-29 22:06:00,1.3324,1.3325,1.33237,1.33241,876900024.4140625
2012-02-29 22:07:00,1.33241,1.33262,1.33241,1.33261,336399993.8964844
2012-02-29 22:08:00,1.33264,1.33303,1.33261,1.33268,575000000.0
2012-02-29 22:09:00,1.33273,1.33298,1.33267,1.33278,583600006.1035156
2012-02-29 22:10:00,1.33278,1.33302,1.33278,1.33292,276599998.4741211
2012-02-29 22:11:00,1.3329,1.33311,1.33285,1.33306,253899993.89648438
2012-02-29 22:12:00,1.33311,1.33311,1.33277,1.33301,320900001.5258789
2012-02-29 22:13:00,1.33299,1.33301,1.33283,1.33291,444399986.26708984
2012-02-29 22:14:00,1.33286,1.33288,1.33279,1.33286,229699993.13354492
2012-02-29 22:15:00,1.33283,1.33296,1.33283,1.33296,169500007.62939453
2012-02-29 22:16:00,1.33296,1.3331,1.33296,1.33297,299099998.4741211
2012-02-29 22:17:00,1.33295,1.33316,1.33295,1.33306,407099990.84472656
2012-02-29 22:18:00,1.33306,1.33306,1.33301,1.33301,120699996.94824219
2012-02-29 22:19:00,1.33301,1.33303,1.33295,1.33295,166599998.4741211
2012-02-29 22:20:00,1.33295,1.33295,1.33287,1.33288,445699996.9482422
2012-02-29 22:21:00,1.33288,1.33289,1.33285,1.33288,590099983.215332
2012-02-29 22:22:00,1.33288,1.33288,1.33286,1.33286,268899993.8964844
2012-02-29 22:23:00,1.33285,1.33286,1.33283,1.33284,1154300003.0517578
2012-02-29 22:24:00,1.33286,1.33303,1.33283,1.33287,1130100021.3623047
2012-02-29 22:25:00,1.33289,1.33296,1.3328,1.33295,1107300033.569336
2012-02-29 22:26:00,1.33295,1.33296,1.33291,1.33294,411599998.4741211
2012-02-29 22:27:00,1.33292,1.33292,1.33285,1.33285,235599994.65942383
2012-02-29 22:28:00,1.33286,1.33288,1.33278,1.33279,367299995.4223633
2012-02-29 22:29:00,1.33279,1.33282,1.33265,1.33271,998899993.8964844
2012-02-29 22:30:00,1.3327,1.33275,1.33268,1.3327,543199996.9482422
2012-02-29 22:31:00,1.3327,1.3327,1.3326,1.33263,318500003.81469727
2012-02-29 22:32:00,1.33259,1.33273,1.33258,1.33264,504300003.0517578
2012-02-29 22:33:00,1.33265,1.3328,1.3326,1.33269,634599990.8447266
2012-02-29 22:34:00,1.33267,1.33267,1.3323,1.33248,1766100006.1035156
2012-02-29 22:35:00,1.33258,1.33258,1.33248,1.33251,139099998.4741211
2012-02-29 22:36:00,1.33246,1.33254,1.33246,1.33252,1212500000.0
2012-02-29 22:37:00,1.33252,1.33262,1.33251,1.33259,967900009.1552734
2012-02-29 22:38:00,1.33259,1.33271,1.33254,1.33271,839800033.5693359
2012-02-29 22:39:00,1.33271,1.33279,1.33269,1.33277,462799987.79296875
2012-02-29 22:40:00,1.33277,1.33279,1.33271,1.33279,708199996.9482422
2012-02-29 22:41:00,1.33274,1.33277,1.33272,1.33277,413499984.74121094
2012-02-29 22:42:00,1.33277,1.33278,1.33271,1.33273,544300003.0517578
2012-02-29 22:43:00,1.33272,1.33281,1.3327,1.3328,436300010.68115234
2012-02-29 22:44:00,1.3328,1.33282,1.33278,1.33281,617500000.0
2012-02-29 22:45:00,1.33281,1.33285,1.33278,1.3328,1049499969.4824219
2012-02-29 22:46:00,1.33281,1.33295,1.33281,1.33293,1188899993.8964844
2012-02-29 22:47:00,1.33292,1.33292,1.33271,1.33273,1357599945.0683594
2012-02-29 22:48:00,1.33274,1.33274,1.33241,1.33257,1459100036.6210938
2012-02-29 22:49:00,1.33257,1.33266,1.33257,1.33262,335800018.3105469
2012-02-29 22:50:00,1.33262,1.33276,1.33246,1.33263,1354799957.2753906
2012-02-29 22:51:00,1.33263,1.33263,1.33247,1.33253,1401699981.6894531
2012-02-29 22:52:00,1.33255,1.33265,1.33255,1.33258,310400009.15527344
2012-02-29 22:53:00,1.33258,1.33269,1.33248,1.33251,2624800109.8632812
2012-02-29 22:54:00,1.3325,1.33258,1.33234,1.33237,1642200012.2070312
2012-02-29 22:55:00,1.33248,1.33249,1.3322,1.33236,2298300018.310547
2012-02-29 22:56:00,1.33237,1.33252,1.33227,1.33227,1847899932.8613281
2012-02-29 22:57:00,1.33227,1.33237,1.33194,1.33218,1923800048.828125
2012-02-29 22:58:00,1.3322,1.33255,1.33212,1.33225,1483999938.9648438
2012-02-29 22:59:00,1.33215,1.33251,1.33205,1.33244,1893500061.0351562
2012-02-29 23:00:00,1.33243,1.33259,1.33221,1.33232,1458899993.8964844
2012-02-29 23:01:00,1.33229,1.33261,1.33229,1.3325,1809299926.7578125
2012-02-29 23:02:00,1.33254,1.3326,1.33235,1.33235,783300018.3105469
2012-02-29 23:03:00,1.3324,1.33267,1.3324,1.33265,998099975.5859375
2012-02-29 23:04:00,1.33264,1.33271,1.33239,1.33254,1534700012.2070312
2012-02-29 23:05:00,1.33255,1.33262,1.33239,1.33241,1298300018.3105469
2012-02-29 23:06:00,1.3324,1.3325,1.33233,1.3325,689199981.6894531
2012-02-29 23:07:00,1.33246,1.33264,1.33236,1.33264,1735599975.5859375
2012-02-29 23:08:00,1.33264,1.3328,1.33256,1.33265,2089600067.1386719
2012-02-29 23:09:00,1.33264,1.33279,1.33262,1.33273,1456600036.6210938
2012-02-29 23:10:00,1.33264,1.33285,1.33261,1.33269,1877799987.7929688
2012-02-29 23:11:00,1.33269,1.33278,1.33264,1.33275,1953600006.1035156
2012-02-29 23:12:00,1.33273,1.33278,1.33268,1.33278,1514700012.2070312
2012-02-29 23:13:00,1.33278,1.33278,1.33268,1.33277,1837500000.0
2012-02-29 23:14:00,1.33277,1.33282,1.33273,1.3328,1282500000.0
2012-02-29 23:15:00,1.3328,1.33283,1.33267,1.3327,1397799987.7929688
2012-02-29 23:16:00,1.3327,1.33281,1.33267,1.33277,2667000122.0703125
2012-02-29 23:17:00,1.33277,1.3328,1.33253,1.33253,1678800048.828125
2012-02-29 23:18:00,1.33253,1.33263,1.33252,1.33258,1867899932.8613281
2012-02-29 23:19:00,1.33256,1.33266,1.33252,1.3326,2225399932.861328
2012-02-29 23:20:00,1.33262,1.33262,1.33256,1.33259,1860299987.7929688
2012-02-29 23:21:00,1.33258,1.33269,1.33252,1.3326,1638500061.0351562
2012-02-29 23:22:00,1.33261,1.33264,1.33255,1.33255,1112300033.569336
2012-02-29 23:23:00,1.33255,1.33268,1.33253,1.33259,1286600036.6210938
2012-02-29 23:24:00,1.33259,1.33265,1.33256,1.33265,417599983.21533203
2012-02-29 23:25:00,1.33265,1.33266,1.33262,1.33265,630000000.0
2012-02-29 23:26:00,1.33265,1.3327,1.33261,1.33264,1035000000.0
2012-02-29 23:27:00,1.33264,1.33267,1.33259,1.33262,1522500000.0
2012-02-29 23:28:00,1.33262,1.33276,1.3326,1.33269,2131000061.0351562
2012-02-29 23:29:00,1.33272,1.33276,1.33251,1.33251,2311600036.6210938
2012-02-29 23:30:00,1.33251,1.33266,1.33251,1.33258,1996900024.4140625
2012-02-29 23:31:00,1.33257,1.33282,1.33257,1.3328,1492299957.2753906
2012-02-29 23:32:00,1.33282,1.33282,1.33262,1.33271,1576600036.6210938
2012-02-29 23:33:00,1.33271,1.33273,1.33256,1.33268,2210700073.2421875
2012-02-29 23:34:00,1.33267,1.33273,1.3326,1.33264,3108200073.2421875
2012-02-29 23:35:00,1.33267,1.33272,1.33258,1.33271,2287299957.2753906
2012-02-29 23:36:00,1.33271,1.33275,1.33263,1.33273,2954200134.2773438
2012-02-29 23:37:00,1.33275,1.33276,1.33259,1.33265,1863999938.9648438
2012-02-29 23:38:00,1.33265,1.33268,1.33262,1.33266,2530500030.517578
2012-02-29 23:39:00,1.33266,1.33281,1.33262,1.33281,2354700012.2070312
2012-02-29 23:40:00,1.33281,1.33283,1.33274,1.33281,1354799957.2753906
2012-02-29 23:41:00,1.33282,1.33282,1.33276,1.33282,750100021.3623047
2012-02-29 23:42:00,1.33283,1.3329,1.3328,1.33283,768099975.5859375
2012-02-29 23:43:00,1.33283,1.33288,1.33273,1.33275,1746100006.1035156
2012-02-29 23:44:00,1.33277,1.33288,1.33275,1.33288,1109800033.569336
2012-02-29 23:45:00,1.33288,1.33289,1.33287,1.33289,303199996.9482422
2012-02-29 23:46:00,1.33288,1.33288,1.33279,1.33283,948600006.1035156
2012-02-29 23:47:00,1.33283,1.33286,1.33281,1.33283,599900016.784668
2012-02-29 23:48:00,1.33282,1.33284,1.3328,1.3328,912300033.5693359
2012-02-29 23:49:00,1.33281,1.33286,1.33272,1.33277,903199996.9482422
2012-02-29 23:50:00,1.33276,1.33278,1.3325,1.33259,1228099975.5859375
2012-02-29 23:51:00,1.33258,1.33258,1.33231,1.33239,2207200012.2070312
2012-02-29 23:52:00,1.33241,1.33241,1.33209,1.33222,1825800018.3105469
2012-02-29 23:53:00,1.33222,1.33225,1.33183,1.33199,2468899993.8964844
2012-02-29 23:54:00,1.33195,1.33203,1.33184,1.332,2211900024.4140625
2012-02-29 23:55:00,1.33199,1.33223,1.33197,1.3321,1576699981.6894531
2012-02-29 23:56:00,1.3321,1.33243,1.33208,1.33236,1645599975.5859375
2012-02-29 23:57:00,1.33232,1.33241,1.33228,1.33238,1134700012.2070312
2012-02-29 23:58:00,1.33238,1.33253,1.33236,1.33245,1108399963.3789062
2012-02-29 23:59:00,1.33242,1.33243,1.33236,1.33238,1383899993.8964844
